timestamp|ID|direction|type|DLC|data
0.000000|4f8|Rx|d|8|94C0000000000000
0.000000|6fb|Rx|d|8|0F03FF00FF0000FF
0.000000|3b7|Rx|d|6|00007FC000C0
0.032759|646|Rx|d|8|000000000000000C
0.032759|5ce|Rx|d|3|FEFF00
0.096676|4f8|Rx|d|8|54C0000000000000
0.144921|3b7|Rx|d|6|00007FC000C0
0.144921|350|Rx|d|8|C32F3AF01470A405
0.144921|211|Rx|d|8|8200FFFFA90000A4
0.144921|214|Rx|d|2|FBFE
0.144921|218|Rx|d|1|98
0.144921|4fa|Rx|d|2|0800
0.144921|671|Rx|d|2|0200
0.177659|211|Rx|d|8|8200FFFFA90000B3
0.177659|214|Rx|d|2|FBFE
0.177659|211|Rx|d|8|8200FFFFA90000BD
0.177659|4f8|Rx|d|8|54C0000000000000
0.177659|214|Rx|d|2|FBFE
0.177659|350|Rx|d|8|C22F3AF01470A405
0.177659|1b0|Rx|d|4|FF00FFC0
0.177659|4de|Rx|d|3|C00000
0.177659|55d|Rx|d|8|F8FC00C090800000
0.228035|211|Rx|d|8|8200FFFFA90000C4
0.228035|3b7|Rx|d|6|00007FC000C0
0.228035|214|Rx|d|2|FBFE
0.228035|1b0|Rx|d|4|FF00FFC0
0.228035|55d|Rx|d|8|00FC50C090800000
0.228035|5de|Rx|d|8|0000000000000000
0.228035|5df|Rx|d|3|001400
0.229421|211|Rx|d|8|8200FFFFA90000C8
0.229421|214|Rx|d|2|FBFE
0.229421|218|Rx|d|1|98
0.229421|4fa|Rx|d|2|0800
0.229421|671|Rx|d|2|0200
0.229421|350|Rx|d|8|C22F3AF01410A405
0.229421|1b0|Rx|d|4|FF00FFC0
0.229421|392|Rx|d|5|FF00FFF000
0.229421|657|Rx|d|2|C0CC
0.229421|668|Rx|d|2|0000
0.229421|699|Rx|d|8|000003003F000000
0.229421|69f|Rx|d|4|0650859F
0.229421|4ac|Rx|d|5|83742A0080
0.229421|45c|Rx|d|6|00000000FFE0
0.263614|12e|Rx|d|8|FFFFFFFFF0FFFF00
0.263614|90|Rx|d|5|FF0000FF00
0.263614|c6|Rx|d|8|FFFFFFFFFFFF40C5
0.263614|29a|Rx|d|8|FFFFFFFFFFFF0005
0.263614|2b7|Rx|d|5|00E0FFFE00
0.263614|211|Rx|d|8|8200FFFFA90000CA
0.263614|214|Rx|d|2|FBFE
0.263614|1b0|Rx|d|4|FF00FFC0
0.263614|12e|Rx|d|8|FFFFFFFFF0FFFF00
0.263614|90|Rx|d|5|FF0001B300
0.263614|c6|Rx|d|8|FFFFFFFFFFFF42C3
0.263614|242|Rx|d|8|0000FFEFFE000D00
0.263614|29c|Rx|d|8|FFFFFFFFFFFFFFFF
0.263614|352|Rx|d|4|5C0000FF
0.263614|699|Rx|d|8|000002003F000000
0.263614|12e|Rx|d|8|FFFFFFFFF0FFFF00
0.263614|90|Rx|d|5|FF00026700
0.263614|c6|Rx|d|8|FFFFFFFFFFFF44C1
0.263614|29a|Rx|d|8|FFFFFFFFFFFF0104
0.263614|2b7|Rx|d|5|00E0FFFE00
0.263614|5d7|Rx|d|7|FFFF08125200C0
0.263614|211|Rx|d|8|8200FFFFA90000CC
0.263614|214|Rx|d|2|FBFE
0.263614|1b0|Rx|d|4|FF00FFC0
0.263614|392|Rx|d|5|FF00FFF000
0.263614|12e|Rx|d|8|FFFFFFFFF0FFFF00
0.263614|90|Rx|d|5|FF00032B00
0.289434|c6|Rx|d|8|FFFFFFFFFFFF46BF
0.289434|242|Rx|d|8|0000FFEFFE000D00
0.289434|29c|Rx|d|8|FFFFFFFFFFFFFFFF
0.289434|354|Rx|d|8|FFFF000000000000
0.289434|12e|Rx|d|8|FFFFFFFFF0FFFF00
0.289434|90|Rx|d|5|FF0004D200
0.289434|c6|Rx|d|8|FFFFFFFFFFFF48BD
0.289434|29a|Rx|d|8|FFFFFFFFFFFF0203
0.289434|2b7|Rx|d|5|00E0FFFE00
0.289434|666|Rx|d|4|34800008
0.289434|211|Rx|d|8|8200FFFFA90000CD
0.289434|4f8|Rx|d|8|54C0000000000000
0.289434|214|Rx|d|2|FBFE
0.289434|350|Rx|d|8|C22F3AF01410A405
0.289434|1b0|Rx|d|4|FF00FFC0
0.289434|4de|Rx|d|3|C00000
0.289434|55d|Rx|d|8|00FC50C090800000
0.289434|12e|Rx|d|8|FFFFFFFFF0FFFF00
0.289434|90|Rx|d|5|FF00059E00
0.289434|c6|Rx|d|8|FFFFFFFFFFFF4ABB
0.289434|242|Rx|d|8|0000FFEFFE000D00
0.289434|29c|Rx|d|8|FFFFFFFFFFFF0000
0.289434|352|Rx|d|4|5C0000FF
0.297438|12e|Rx|d|8|FFFFFFFFF0FFFF00
0.297438|90|Rx|d|5|FF00064A00
0.297438|c6|Rx|d|8|FFFFFFFFFFFF4CB9
0.297438|29a|Rx|d|8|00000000000003FC
0.297438|2b7|Rx|d|5|00E0FFFE00
0.299426|3b7|Rx|d|6|00007FC000C0
0.299426|211|Rx|d|8|8200FFFFA90000CE
0.299426|214|Rx|d|2|FBFE
0.299426|1b0|Rx|d|4|FF00FFC0
0.299426|5de|Rx|d|8|0000000000000000
0.307422|12e|Rx|d|8|FFFFFFFFF0FFFF00
0.307422|90|Rx|d|5|FF00070600
0.307422|c6|Rx|d|8|FFFFFFFFFFFF4EB7
0.307422|242|Rx|d|8|0000FFEFFE000D00
0.307422|29c|Rx|d|8|00000000FFFF0000
0.307422|354|Rx|d|8|0000000000000000
0.311419|5df|Rx|d|3|001400
0.317418|392|Rx|d|5|FF00FFF000
0.317418|668|Rx|d|2|0000
0.317418|12e|Rx|d|8|FFFFFFFFF0FFFF00
0.317418|90|Rx|d|5|FF0008A500
0.317418|c6|Rx|d|8|FFFFFFFFFFFF50B5
0.317418|29a|Rx|d|8|00000000000004FB
0.317418|2b7|Rx|d|5|00E0FFFE00
0.317418|211|Rx|d|8|8200FFFFA90000CE
0.317418|214|Rx|d|2|FBFE
0.317418|218|Rx|d|1|98
0.317418|4fa|Rx|d|2|0800
0.317418|1b0|Rx|d|4|FF00FFC0
0.317418|671|Rx|d|2|0200
0.317418|657|Rx|d|2|C0CC
0.327411|12e|Rx|d|8|FFFFFFFFF0FFFF00
0.327411|90|Rx|d|5|FF0009E900
0.327411|c6|Rx|d|8|803D80007FE3B2AE
0.327411|242|Rx|d|8|0000FFEFFE000D00
0.327411|29c|Rx|d|8|00000000FFFF0000
0.327411|352|Rx|d|4|5C0000FF
0.331407|4ac|Rx|d|5|83742A0080
0.331407|45c|Rx|d|6|00000000FFE0
0.337405|12e|Rx|d|8|FFFFFFFFF0FFFF00
0.337405|90|Rx|d|5|FF000A3D00
0.337405|c6|Rx|d|8|803D80007FE3B4AC
0.337405|29a|Rx|d|8|00000000000005FA
0.337405|2b7|Rx|d|5|00E0FFFE00
0.337405|211|Rx|d|8|8200FFFFA90000CE
0.337405|214|Rx|d|2|FBFE
0.337405|1b0|Rx|d|4|FF00FFC0
0.371891|12e|Rx|d|8|FFFFFFFFF0FFFF00
0.371891|90|Rx|d|5|FF000B7100
0.371891|c6|Rx|d|8|803D80007FE3B6AA
0.371891|242|Rx|d|8|0000FFEFFE000D00
0.371891|29c|Rx|d|8|00000000FFFF0000
0.371891|354|Rx|d|8|0000000000000000
0.371891|12e|Rx|d|8|FFFFFFFFF0FFFF00
0.371891|90|Rx|d|5|FF000C8800
0.371891|c6|Rx|d|8|803D80007FE3B8A8
0.371891|29a|Rx|d|8|00000000000006F9
0.371891|2b7|Rx|d|5|00E0FFFE00
0.371891|5d7|Rx|d|7|000008125200C0
0.371891|211|Rx|d|8|8200FFFFA90000CF
0.371891|214|Rx|d|2|FBFE
0.371891|1b0|Rx|d|4|FF00FFC0
0.371891|392|Rx|d|5|FF00FFF000
0.371891|12e|Rx|d|8|FFFFFFFFF0FFFF00
0.371891|90|Rx|d|5|FF000DC400
0.371891|c6|Rx|d|8|803D80007FE3BAA6
0.371891|242|Rx|d|8|0000FFEFFE000D00
0.371891|29c|Rx|d|8|00000000FFFF0000
0.371891|352|Rx|d|4|5C0000FF
0.411733|12e|Rx|d|8|FFFFFFFFF0FFFF00
0.411733|90|Rx|d|5|FF000E1000
0.411733|c6|Rx|d|8|803D80007FE3BCA4
0.411733|29a|Rx|d|8|00000000000007F8
0.411733|2b7|Rx|d|5|00E0FFFE00
0.411733|666|Rx|d|4|34800008
0.411733|211|Rx|d|8|8200FFFFA90000CF
0.411733|4f8|Rx|d|8|54C0000000000000
0.411733|214|Rx|d|2|FBFE
0.411733|350|Rx|d|8|C22F3AF01410A405
0.411733|1b0|Rx|d|4|FF00FFC0
0.411733|4de|Rx|d|3|C00000
0.411733|55d|Rx|d|8|00FC50C090800000
0.411733|12e|Rx|d|8|FFFFFFFFF0FFFF00
0.411733|90|Rx|d|5|FF000F5C00
0.411733|c6|Rx|d|8|803D80007FE3BEA2
0.411733|242|Rx|d|8|0000FFEFFE000D00
0.411733|29c|Rx|d|8|00000000FFFF0000
0.411733|354|Rx|d|8|0000000000000000
0.411733|12e|Rx|d|8|FFFFFFFFF0FFFF00
0.411733|90|Rx|d|5|FF0000FF00
0.411733|c6|Rx|d|8|803D80007FE3A0C0
0.411733|29a|Rx|d|8|00000000000008F7
0.411733|2b7|Rx|d|5|00E0FFFE00
0.411733|211|Rx|d|8|8200FFFFA90000CF
0.411733|3b7|Rx|d|6|00007FC000C0
0.411733|214|Rx|d|2|FBFE
0.411733|1b0|Rx|d|4|FF00FFC0
0.411733|5de|Rx|d|8|0000000000000000
0.411733|12e|Rx|d|8|FFFFFFFFF0FFFF00
0.411733|90|Rx|d|5|FF0001B300
0.411733|c6|Rx|d|8|803D80007FE3A2BE
0.411733|242|Rx|d|8|0000FFEFFE000D00
0.411733|29c|Rx|d|8|00000000FFFF0000
0.411733|352|Rx|d|4|5C0000FF
0.411733|5df|Rx|d|3|001500
0.447388|392|Rx|d|5|FF00FFF000
0.447388|668|Rx|d|2|0000
0.447388|12e|Rx|d|8|FFFFFFFFF0FFFF00
0.447388|90|Rx|d|5|FF00026700
0.447388|c6|Rx|d|8|803D80007FE3A4BC
0.447388|29a|Rx|d|8|00000000000009F6
0.447388|2b7|Rx|d|5|00E0FFFE00
0.447388|211|Rx|d|8|8200FFFFA90000CF
0.447388|214|Rx|d|2|0000
0.447388|218|Rx|d|1|98
0.447388|4fa|Rx|d|2|0800
0.447388|1b0|Rx|d|4|FF00FFC0
0.447388|657|Rx|d|2|C0CC
0.447388|671|Rx|d|2|0200
0.447388|12e|Rx|d|8|FFFFFFFFF0FFFF00
0.447388|90|Rx|d|5|FF00032B00
0.447388|c6|Rx|d|8|803D80007FE3A6BA
0.447388|242|Rx|d|8|0000FFEFFE000D00
0.447388|29c|Rx|d|8|00000000FFFF0000
0.447388|354|Rx|d|8|0000000000000000
0.447388|4ac|Rx|d|5|83742A0080
0.447388|45c|Rx|d|6|00000000FFE0
0.447388|12e|Rx|d|8|FFFFFFFFF0FFFF00
0.447388|90|Rx|d|5|FF0004D200
0.447388|c6|Rx|d|8|803D80007FE3A8B8
0.447388|29a|Rx|d|8|0000000000000AF5
0.447388|2b7|Rx|d|5|00E0FFFE00
0.447388|211|Rx|d|8|8200FFFFA90000CF
0.447388|214|Rx|d|2|0000
0.447388|1b0|Rx|d|4|FF00FFC0
0.447388|12e|Rx|d|8|FFFFFFFFF0FFFF00
0.447388|90|Rx|d|5|FF00059E00
0.447388|c6|Rx|d|8|803D80007FE3AAB6
0.447388|242|Rx|d|8|0000FFEFFE000D00
0.447388|29c|Rx|d|8|00000000FFFF0000
0.447388|352|Rx|d|4|5C0000FF
0.457460|12e|Rx|d|8|FFFFFFFFF0FFFF00
0.457460|90|Rx|d|5|FF00064A00
0.457460|c6|Rx|d|8|803D80007FE3ACB4
0.457460|29a|Rx|d|8|0000000000000BF4
0.457460|2b7|Rx|d|5|00E0FFFE00
0.457460|5d7|Rx|d|7|000008125200C0
0.457460|211|Rx|d|8|8200FFFFA90000CF
0.457460|214|Rx|d|2|0000
0.457460|1b0|Rx|d|4|FF00FFC0
0.465456|392|Rx|d|5|FF00FFF000
0.465456|12e|Rx|d|8|CB80007FF0FFFF00
0.465456|90|Rx|d|5|FF00070600
0.465456|c6|Rx|d|8|803D80007FE3AEB2
0.465456|242|Rx|d|8|0000FFEFFE000D00
0.465456|29c|Rx|d|8|00000000FFFF0000
0.465456|354|Rx|d|8|0000000000000000
0.471451|350|Rx|d|8|C32F3AF01410A485
0.477450|12e|Rx|d|8|CB80007FF0FFFF00
0.477450|90|Rx|d|5|FF0008A500
0.477450|c6|Rx|d|8|803D80007FE3B0B0
0.477450|29a|Rx|d|8|0000000000000CF3
0.477450|2b7|Rx|d|5|00E0FFFE00
0.477450|666|Rx|d|4|34800008
0.479447|211|Rx|d|8|8200FFFFA90000CF
0.479447|4f8|Rx|d|8|54C0000000000000
0.479447|214|Rx|d|2|0000
0.479447|350|Rx|d|8|C32F3AF01410A485
0.479447|1b0|Rx|d|4|FF00FFC0
0.479447|4de|Rx|d|3|C00000
0.479447|55d|Rx|d|8|00FC50C090800000
0.487441|12e|Rx|d|8|CA80007FF0FFFF00
0.487441|90|Rx|d|5|FF0009E900
0.487441|c6|Rx|d|8|803D80007FE3B2AE
0.487441|242|Rx|d|8|0000FFEFFE000D00
0.487441|29c|Rx|d|8|00000000FFFF0000
0.487441|352|Rx|d|4|5C0000FF
0.497858|12e|Rx|d|8|CA80007FF0FFFF00
0.497858|90|Rx|d|5|FF000A3D00
0.497858|c6|Rx|d|8|803D80007FE3B4AC
0.497858|29a|Rx|d|8|0000000000000DF2
0.497858|2b7|Rx|d|5|00E0FFFE00
0.497858|211|Rx|d|8|8200FFFFA90000CF
0.497858|3b7|Rx|d|6|00007FC000C0
0.497858|214|Rx|d|2|0000
0.497858|1b0|Rx|d|4|FF00FFC0
0.497858|5de|Rx|d|8|0000000000000002
0.508006|12e|Rx|d|8|CA80007FF0FFFF00
0.508006|90|Rx|d|5|FF000B7100
0.508006|c6|Rx|d|8|803D80007FE3B6AA
0.508006|242|Rx|d|8|0000FFEFFE000D00
0.508006|29c|Rx|d|8|00000000FFFF0000
0.508006|354|Rx|d|8|0000000000000000
0.508006|646|Rx|d|8|000000020000000C
0.508006|5df|Rx|d|3|009500
0.516001|392|Rx|d|5|FF00FFF000
0.516001|668|Rx|d|2|0000
0.516001|12e|Rx|d|8|CA80007FF0FFFF00
0.516001|90|Rx|d|5|FF000C8800
0.516001|c6|Rx|d|8|803D80007FE3B8A8
0.516001|29a|Rx|d|8|0000000000000EF1
0.516001|2b7|Rx|d|5|00E0FFFE00
0.519999|211|Rx|d|8|8200FFFFA90000CF
0.519999|214|Rx|d|2|0000
0.519999|218|Rx|d|1|98
0.519999|1b0|Rx|d|4|FF00FFC0
0.519999|4fa|Rx|d|2|0800
0.519999|657|Rx|d|2|C0CC
0.519999|671|Rx|d|2|0200
0.525996|12e|Rx|d|8|CA80017FF0FFFF00
0.525996|90|Rx|d|5|FF000DC400
0.525996|c6|Rx|d|8|803D80007FE3BAA6
0.525996|242|Rx|d|8|0000FFEFFE000D00
0.525996|29c|Rx|d|8|00000000FFFF0000
0.525996|352|Rx|d|4|5C0000FF
0.531992|4ac|Rx|d|5|83742A0080
0.531992|45c|Rx|d|6|00000000FFE0
0.535990|12e|Rx|d|8|CA80017FF0FFFF00
0.535990|90|Rx|d|5|FF000E1000
0.535990|c6|Rx|d|8|803D80007FE3BCA4
0.535990|29a|Rx|d|8|0000000000000FF0
0.537987|2b7|Rx|d|5|00E0FFFE00
0.537987|211|Rx|d|8|8200FFFFA90000CF
0.537987|214|Rx|d|2|0000
0.537987|1b0|Rx|d|4|FF00FFC0
0.545984|12e|Rx|d|8|CA80007FF0FFFF00
0.545984|90|Rx|d|5|FF000F5C00
0.545984|c6|Rx|d|8|803D80007FE3BEA2
0.545984|242|Rx|d|8|0000FFEFFE000D00
0.545984|29c|Rx|d|8|00000000FFFF0000
0.545984|354|Rx|d|8|0000000000000000
0.593299|12e|Rx|d|8|CA80007FF0FFFF00
0.593299|90|Rx|d|5|FF0000FF00
0.593299|c6|Rx|d|8|803D80007FE3A0C0
0.593299|29a|Rx|d|8|00000000000000FF
0.593299|2b7|Rx|d|5|00E0FFFE00
0.593299|5d7|Rx|d|7|000008125200C0
0.593299|211|Rx|d|8|8200FFFFA90000CF
0.593299|214|Rx|d|2|0000
0.593299|1b0|Rx|d|4|FF00FFC0
0.593299|392|Rx|d|5|FF00FFF000
0.593299|12e|Rx|d|8|CA80007FF0FFFF00
0.593299|90|Rx|d|5|FF0001B300
0.593299|c6|Rx|d|8|803D80007FE3A2BE
0.593299|242|Rx|d|8|0000FFEFFE000D00
0.593299|29c|Rx|d|8|00000000FFFF0000
0.593299|352|Rx|d|4|5C0000FF
0.593299|12e|Rx|d|8|CA80007FF0FFFF00
0.593299|90|Rx|d|5|FF00026700
0.593299|c6|Rx|d|8|803D80007FE3A4BC
0.593299|29a|Rx|d|8|00000000000001FE
0.593299|2b7|Rx|d|5|00E0FFFE00
0.593299|666|Rx|d|4|34800008
0.593299|211|Rx|d|8|8200FFFFA90000CF
0.593299|4f8|Rx|d|8|54C0000000000000
0.593299|214|Rx|d|2|0000
0.593299|350|Rx|d|8|C32F3AF01410A485
0.593299|1b0|Rx|d|4|FF00FFC0
0.593299|4de|Rx|d|3|C00000
0.593299|55d|Rx|d|8|00FC50C090800000
0.593299|12e|Rx|d|8|CA80007FF0FFFF00
0.593299|90|Rx|d|5|FF00032B00
0.593299|c6|Rx|d|8|803D80007FE3A6BA
0.593299|242|Rx|d|8|0000FFEFFE000D00
0.593299|29c|Rx|d|8|00000000FFFF0000
0.593299|354|Rx|d|8|0000000000000000
0.626721|12e|Rx|d|8|CA80007FF0FFFF00
0.626721|90|Rx|d|5|FF0004D200
0.626721|c6|Rx|d|8|803D80007FE3A8B8
0.626721|29a|Rx|d|8|00000000000002FD
0.626721|2b7|Rx|d|5|00E0FFFE00
0.626721|211|Rx|d|8|8200FFFFA90000CF
0.626721|3b7|Rx|d|6|00007FC000C0
0.626721|214|Rx|d|2|0000
0.626721|1b0|Rx|d|4|FF00FFC0
0.626721|5de|Rx|d|8|0000000000000002
0.626721|12e|Rx|d|8|CA80007FF0FFFF00
0.626721|90|Rx|d|5|FF00059E00
0.626721|c6|Rx|d|8|803D80007FE3AAB6
0.626721|242|Rx|d|8|0000FFEFFE000D00
0.626721|29c|Rx|d|8|00000000FFFF0000
0.626721|352|Rx|d|4|5C0000FF
0.626721|5df|Rx|d|3|009500
0.626721|392|Rx|d|5|FF00FFF000
0.626721|668|Rx|d|2|0000
0.626721|12e|Rx|d|8|CA80007FF0FFFF00
0.626721|90|Rx|d|5|FF00064A00
0.626721|c6|Rx|d|8|803D80007FE3ACB4
0.626721|29a|Rx|d|8|00000000000003FC
0.626721|2b7|Rx|d|5|00E0FFFE00
0.626721|211|Rx|d|8|8200FFFFA90000CF
0.626721|214|Rx|d|2|0000
0.626721|1b0|Rx|d|4|FF00FFC0
0.626721|218|Rx|d|1|98
0.626721|657|Rx|d|2|C0CC
0.626721|4fa|Rx|d|2|0800
0.626721|671|Rx|d|2|0200
0.626721|12e|Rx|d|8|CA80017FF0FFFF00
0.626721|90|Rx|d|5|FF00070600
0.626721|c6|Rx|d|8|803D80007FE3AEB2
0.626721|242|Rx|d|8|0000FFEFFE000D00
0.626721|29c|Rx|d|8|00000000FFFF0000
0.626721|354|Rx|d|8|0000000000000000
0.661299|4ac|Rx|d|5|83742A0080
0.661299|45c|Rx|d|6|00000000FFE0
0.661299|12e|Rx|d|8|CA80017FF0FFFF00
0.661299|90|Rx|d|5|FF0008A500
0.661299|c6|Rx|d|8|803D80007FE3B0B0
0.661299|29a|Rx|d|8|00000000000004FB
0.661299|2b7|Rx|d|5|00E0FFFE00
0.661299|211|Rx|d|8|8200FFFFA90000CF
0.661299|214|Rx|d|2|0000
0.661299|1b0|Rx|d|4|FF00FFC0
0.661299|12e|Rx|d|8|CA80007FF0FFFF00
0.661299|90|Rx|d|5|FF0009E900
0.661299|c6|Rx|d|8|803D80007FE3B2AE
0.661299|242|Rx|d|8|0000FFEFFE000D00
0.661299|29c|Rx|d|8|00000000FFFF0000
0.661299|352|Rx|d|4|5C0000FF
0.661299|12e|Rx|d|8|CA80007FF0FFFF00
0.661299|90|Rx|d|5|FF000A3D00
0.661299|c6|Rx|d|8|803D80007FE3B4AC
0.661299|29a|Rx|d|8|00000000000005FA
0.661299|2b7|Rx|d|5|00E0FFFE00
0.661299|5d7|Rx|d|7|000008125200C0
0.661299|211|Rx|d|8|8200FFFFA90000CF
0.661299|214|Rx|d|2|0000
0.661299|1b0|Rx|d|4|FF00FFC0
0.699094|392|Rx|d|5|FF00FFF000
0.699094|12e|Rx|d|8|CA80007FF0FFFF00
0.699094|90|Rx|d|5|FF000B7100
0.699094|c6|Rx|d|8|803D80007FE3B6AA
0.699094|242|Rx|d|8|0000FFEFFE000D00
0.699094|29c|Rx|d|8|00000000FFFF0000
0.699094|354|Rx|d|8|0000000000000000
0.699094|699|Rx|d|8|00000200BF000000
0.699094|12e|Rx|d|8|CA80007FF0FFFF00
0.699094|90|Rx|d|5|FF000C8800
0.699094|c6|Rx|d|8|803D80007FE3B8A8
0.699094|29a|Rx|d|8|00000000000006F9
0.699094|2b7|Rx|d|5|00E0FFFE00
0.699094|666|Rx|d|4|34800008
0.699094|211|Rx|d|8|8200FFFFA90000CF
0.699094|4f8|Rx|d|8|54C0000000000000
0.699094|214|Rx|d|2|0000
0.699094|350|Rx|d|8|C32F3AF01410A485
0.699094|1b0|Rx|d|4|FF00FFC0
0.699094|4de|Rx|d|3|C00000
0.699094|55d|Rx|d|8|00FC50C090800000
0.699094|12e|Rx|d|8|CA80007FF0FFFF00
0.699094|90|Rx|d|5|FF000DC400
0.699094|c6|Rx|d|8|803D80007FE3BAA6
0.699094|242|Rx|d|8|0000FFEFFE000D00
0.699094|29c|Rx|d|8|00000000FFFF0000
0.699094|352|Rx|d|4|5C0000FF
0.699094|12e|Rx|d|8|CA80007FF0FFFF00
0.699094|90|Rx|d|5|FF000E1000
0.699094|c6|Rx|d|8|803D80007FE3BCA4
0.699094|29a|Rx|d|8|00000000000007F8
0.699094|2b7|Rx|d|5|00E0FFFE00
0.699094|211|Rx|d|8|8200FFFFA90000CF
0.699094|3b7|Rx|d|6|00007FC000C0
0.699094|214|Rx|d|2|0000
0.699094|1b0|Rx|d|4|FF00FFC0
0.699094|5de|Rx|d|8|0000000000000002
0.706351|12e|Rx|d|8|CA80007FF0FFFF00
0.706351|90|Rx|d|5|FF000F5C00
0.706351|c6|Rx|d|8|803D80007FE3BEA2
0.706351|242|Rx|d|8|0000FFEFFE000D00
0.706351|29c|Rx|d|8|00000000FFFF0000
0.706351|354|Rx|d|8|0000000000000000
0.710347|5df|Rx|d|3|009500
0.716346|392|Rx|d|5|00000F0000
0.716346|668|Rx|d|2|8000
0.716346|12e|Rx|d|8|CA80007FF0FFFF00
0.716346|90|Rx|d|5|FF0000FF00
0.716346|c6|Rx|d|8|803D80007FE3A0C0
0.716346|29a|Rx|d|8|00000000000008F7
0.716346|2b7|Rx|d|5|00E0FFFE00
0.720343|211|Rx|d|8|8200FFFFA90000CF
0.720343|214|Rx|d|2|0000
0.720343|218|Rx|d|1|98
0.720343|1b0|Rx|d|4|FF00FFC0
0.720343|4fa|Rx|d|2|0800
0.720343|657|Rx|d|2|C0CC
0.720343|671|Rx|d|2|0200
0.726339|12e|Rx|d|8|CA80007FF0FFFF00
0.726339|90|Rx|d|5|FF0001B300
0.726339|c6|Rx|d|8|803D80007FE3A2BE
0.726339|242|Rx|d|8|0000FFEFFE000D00
0.726339|29c|Rx|d|8|00000000FFFF0000
0.726339|352|Rx|d|4|5C0000FF
0.730335|4ac|Rx|d|5|83732A0080
0.730335|45c|Rx|d|6|00000000FFE0
0.736331|12e|Rx|d|8|CA80007FF0FFFF00
0.736331|90|Rx|d|5|FF00026700
0.736331|c6|Rx|d|8|803D80007FE3A4BC
0.736331|29a|Rx|d|8|00000000000009F6
0.736331|2b7|Rx|d|5|00E0FFFE00
0.740329|211|Rx|d|8|8200FFFFA90000CF
0.740329|214|Rx|d|2|0000
0.740329|1b0|Rx|d|4|FF00FFC0
0.746325|12e|Rx|d|8|CB80007FF0FFFF00
0.746325|90|Rx|d|5|FF00032B00
0.746325|c6|Rx|d|8|803D80007FE3A6BA
0.746325|242|Rx|d|8|0000FFEFFE000D00
0.746325|29c|Rx|d|8|00000000FFFF0000
0.746325|354|Rx|d|8|0000000000000000
0.781401|12e|Rx|d|8|CB80007FF0FFFF00
0.781401|90|Rx|d|5|FF0004D200
0.781401|c6|Rx|d|8|803D80007FE3A8B8
0.781401|29a|Rx|d|8|0000000000000AF5
0.781401|2b7|Rx|d|5|00E0FFFE00
0.781401|5d7|Rx|d|7|000008125200C0
0.781401|211|Rx|d|8|8200FFFFA90000CF
0.781401|214|Rx|d|2|0000
0.781401|1b0|Rx|d|4|FF00FFC0
0.781401|392|Rx|d|5|0000000000
0.781401|12e|Rx|d|8|CA80007FF0FFFF00
0.781401|90|Rx|d|5|FF00059E00
0.781401|c6|Rx|d|8|803D80007FE3AAB6
0.781401|242|Rx|d|8|0000FFEFFE000D00
0.781401|29c|Rx|d|8|00000000FFFF0000
0.781401|352|Rx|d|4|5C0000FF
0.797019|12e|Rx|d|8|CA80007FF0FFFF00
0.797019|90|Rx|d|5|FF00064A00
0.797019|c6|Rx|d|8|803D80007FE3ACB4
0.797019|29a|Rx|d|8|0000000000000BF4
0.797019|2b7|Rx|d|5|00E0FFFE00
0.797019|666|Rx|d|4|34800008
0.797019|211|Rx|d|8|8200FFFFA90000CF
0.797019|214|Rx|d|2|0000
0.797019|4f8|Rx|d|8|54C0000000000000
0.797019|350|Rx|d|8|C32F3AF01410A485
0.797019|1b0|Rx|d|4|FF00FFC0
0.797019|4de|Rx|d|3|C00000
0.797019|55d|Rx|d|8|00FC50C090800000
0.797019|12e|Rx|d|8|CA80007FF0FFFF00
0.797019|90|Rx|d|5|FF00070600
0.797019|c6|Rx|d|8|803D80007FE3AEB2
0.797019|242|Rx|d|8|0000FFEFFE000D00
0.797019|29c|Rx|d|8|00000000FFFF0000
0.797019|354|Rx|d|8|0000000000000000
0.797019|12e|Rx|d|8|CA80007FF0FFFF00
0.797019|90|Rx|d|5|FF0008A500
0.797019|c6|Rx|d|8|803D80007FE3B0B0
0.797019|29a|Rx|d|8|0000000000000CF3
0.797019|2b7|Rx|d|5|00E0FFFE00
0.797019|211|Rx|d|8|8200FFFFA90000CF
0.797019|214|Rx|d|2|0000
0.797019|3b7|Rx|d|6|00007FC000C0
0.797019|1b0|Rx|d|4|FF00FFC0
0.797019|5de|Rx|d|8|0000000000000002
0.830470|12e|Rx|d|8|CA80007FF0FFFF00
0.830470|90|Rx|d|5|FF0009E900
0.830470|c6|Rx|d|8|803D80007FE3B2AE
0.830470|242|Rx|d|8|0000FFEFFE000D00
0.830470|29c|Rx|d|8|00000000FFFF0000
0.830470|352|Rx|d|4|5C0000FF
0.830470|5df|Rx|d|3|009500
0.830470|392|Rx|d|5|0000000000
0.830470|668|Rx|d|2|8000
0.830470|90|Rx|d|5|FF000A3D00
0.830470|c6|Rx|d|8|803D80007FE3B4AC
0.830470|12e|Rx|d|8|CA80007FF0FFFF00
0.830470|29a|Rx|d|8|0000000000000DF2
0.830470|2b7|Rx|d|5|00E0FFFE00
0.830470|211|Rx|d|8|8200FFFFA90000CF
0.830470|214|Rx|d|2|0000
0.830470|218|Rx|d|1|98
0.830470|4fa|Rx|d|2|0800
0.830470|1b0|Rx|d|4|FF00FFC0
0.830470|671|Rx|d|2|0200
0.830470|657|Rx|d|2|C0CC
0.830470|12e|Rx|d|8|CA80007FF0FFFF00
0.830470|90|Rx|d|5|FF000B7100
0.830470|c6|Rx|d|8|803D80007FE3B6AA
0.830470|242|Rx|d|8|0000FFEFFE000D00
0.830470|29c|Rx|d|8|00000000FFFF0000
0.830470|354|Rx|d|8|0000000000000000
0.830470|4ac|Rx|d|5|83732A0080
0.830470|45c|Rx|d|6|00000000FFE0
0.863229|12e|Rx|d|8|CA80007FF0FFFF00
0.863229|90|Rx|d|5|FF000C8800
0.863229|c6|Rx|d|8|803D80007FE3B8A8
0.863229|29a|Rx|d|8|0000000000000EF1
0.863229|2b7|Rx|d|5|00E0FFFE00
0.863229|211|Rx|d|8|8200FFFFA90000CF
0.863229|214|Rx|d|2|0000
0.863229|1b0|Rx|d|4|FF00FFC0
0.863229|12e|Rx|d|8|CA80007FF0FFFF00
0.863229|90|Rx|d|5|FF000DC400
0.863229|c6|Rx|d|8|803D80007FE3BAA6
0.863229|242|Rx|d|8|0000FFEFFE000D00
0.863229|29c|Rx|d|8|00000000FFFF0000
0.863229|352|Rx|d|4|5C0000FF
0.863229|12e|Rx|d|8|CA80007FF0FFFF00
0.863229|90|Rx|d|5|FF000E1000
0.863229|c6|Rx|d|8|803D80007FE3BCA4
0.863229|29a|Rx|d|8|0000000000000FF0
0.863229|2b7|Rx|d|5|00E0FFFE00
0.863229|5d7|Rx|d|7|000008125200C0
0.863229|211|Rx|d|8|8200FFFFA90000CF
0.863229|214|Rx|d|2|0000
0.863229|1b0|Rx|d|4|FF00FFC0
0.863229|392|Rx|d|5|0000000000
0.897159|12e|Rx|d|8|CA80007FF0FFFF00
0.897159|90|Rx|d|5|FF000F5C00
0.897159|c6|Rx|d|8|803D80007FE3BEA2
0.897159|242|Rx|d|8|0000FFEFFE000D00
0.897159|29c|Rx|d|8|00000000FFFF0000
0.897159|354|Rx|d|8|0000000000000000
0.897159|12e|Rx|d|8|CA80007FF0FFFF00
0.897159|90|Rx|d|5|FF0000FF00
0.897159|c6|Rx|d|8|803D80007FE3A0C0
0.897159|29a|Rx|d|8|00000000000000FF
0.897159|2b7|Rx|d|5|00E0FFFE00
0.897159|666|Rx|d|4|34800008
0.897159|211|Rx|d|8|8200FFFFA90000CF
0.897159|4f8|Rx|d|8|54C0000000000000
0.897159|214|Rx|d|2|0000
0.897159|350|Rx|d|8|C32F3AF01410A485
0.897159|1b0|Rx|d|4|FF00FFC0
0.897159|4de|Rx|d|3|C00000
0.897159|55d|Rx|d|8|00FC50C090800000
0.897159|12e|Rx|d|8|CA80007FF0FFFF00
0.897159|90|Rx|d|5|FF0001B300
0.897159|c6|Rx|d|8|803D80007FE3A2BE
0.897159|242|Rx|d|8|0000FFEFFE000D00
0.897159|29c|Rx|d|8|00000000FFFF0000
0.897159|352|Rx|d|4|5C0000FF
0.897159|12e|Rx|d|8|CA80007FF0FFFF00
0.897159|90|Rx|d|5|FF00026700
0.897159|c6|Rx|d|8|803D80007FE3A4BC
0.897159|29a|Rx|d|8|00000000000001FE
0.897159|2b7|Rx|d|5|00E0FFFE00
0.897159|211|Rx|d|8|8200FFFFA90000CF
0.897159|3b7|Rx|d|6|00007FC000C0
0.897159|214|Rx|d|2|0000
0.897159|1b0|Rx|d|4|FF00FFC0
0.897159|5de|Rx|d|8|0000000000000002
0.906672|12e|Rx|d|8|CA80007FF0FFFF00
0.906672|90|Rx|d|5|FF00032B00
0.906672|c6|Rx|d|8|803D80007FE3A6BA
0.906672|242|Rx|d|8|0000FFEFFE000D00
0.906672|29c|Rx|d|8|00000000FFFF0000
0.906672|354|Rx|d|8|0000000000000000
0.910670|5df|Rx|d|3|009500
0.914666|392|Rx|d|5|0000000000
0.914666|12e|Rx|d|8|CA80007FF0FFFF00
0.914666|90|Rx|d|5|FF0004D200
0.914666|c6|Rx|d|8|803D80007FE3A8B8
0.914666|29a|Rx|d|8|00000000000002FD
0.914666|2b7|Rx|d|5|00E0FFFE00
0.914666|668|Rx|d|2|8000
0.920663|211|Rx|d|8|8200FFFFA90000CF
0.920663|214|Rx|d|2|0000
0.920663|218|Rx|d|1|98
0.920663|4fa|Rx|d|2|0800
0.920663|1b0|Rx|d|4|FF00FFC0
0.920663|671|Rx|d|2|0200
0.920663|657|Rx|d|2|C0CC
0.926659|12e|Rx|d|8|CB80007FF0FFFF00
0.926659|90|Rx|d|5|FF00059E00
0.926659|c6|Rx|d|8|803D80007FE3AAB6
0.926659|242|Rx|d|8|0000FFEFFE000D00
0.926659|29c|Rx|d|8|00000000FFFF0000
0.926659|352|Rx|d|4|5C0000FF
0.930656|4ac|Rx|d|5|83732A0080
0.930656|45c|Rx|d|6|00000000FFE0
0.936652|12e|Rx|d|8|CB80007FF0FFFF00
0.936652|90|Rx|d|5|FF00064A00
0.936652|c6|Rx|d|8|803D80007FE3ACB4
0.936652|29a|Rx|d|8|00000000000003FC
0.936652|2b7|Rx|d|5|00E0FFFE00
0.940651|211|Rx|d|8|8200FFFFA90000CF
0.940651|214|Rx|d|2|0000
0.940651|1b0|Rx|d|4|FF00FFC0
0.946646|12e|Rx|d|8|CA80007FF0FFFF00
0.946646|90|Rx|d|5|FF00070600
0.946646|c6|Rx|d|8|803D80007FE3AEB2
0.946646|242|Rx|d|8|0000FFEFFE000D00
0.946646|29c|Rx|d|8|00000000FFFF0000
0.946646|354|Rx|d|8|0000000000000000
0.978274|12e|Rx|d|8|CA80007FF0FFFF00
0.978274|90|Rx|d|5|FF0008A500
0.978274|c6|Rx|d|8|803D80007FE3B0B0
0.978274|29a|Rx|d|8|00000000000004FB
0.978274|2b7|Rx|d|5|00E0FFFE00
0.978274|5d7|Rx|d|7|000008125200C0
0.978274|211|Rx|d|8|8200FFFFA90000CF
0.978274|214|Rx|d|2|0000
0.978274|1b0|Rx|d|4|FF00FFC0
0.978274|392|Rx|d|5|0000000000
0.993898|12e|Rx|d|8|CA80007FF0FFFF00
0.993898|90|Rx|d|5|FF0009E900
0.993898|c6|Rx|d|8|803D80007FE3B2AE
0.993898|242|Rx|d|8|0000FFEFFE000D00
0.993898|29c|Rx|d|8|00000000FFFF0000
0.993898|352|Rx|d|4|5C0000FF
0.993898|12e|Rx|d|8|CA80007FF0FFFF00
0.993898|90|Rx|d|5|FF000A3D00
0.993898|c6|Rx|d|8|803D80007FE3B4AC
0.993898|29a|Rx|d|8|00000000000005FA
0.993898|2b7|Rx|d|5|00E0FFFE00
0.993898|666|Rx|d|4|34800008
0.993898|211|Rx|d|8|8200FFFFA90000CF
0.993898|214|Rx|d|2|0000
0.993898|4f8|Rx|d|8|54C0000000000000
0.993898|350|Rx|d|8|C32F3AF01410A485
0.993898|1b0|Rx|d|4|FF00FFC0
0.993898|4de|Rx|d|3|C00000
0.993898|55d|Rx|d|8|00FC50C090800000
0.993898|12e|Rx|d|8|CA80007FF0FFFF00
0.993898|90|Rx|d|5|FF000B7100
0.993898|c6|Rx|d|8|803D80007FE3B6AA
0.993898|242|Rx|d|8|0000FFEFFE000D00
0.993898|29c|Rx|d|8|00000000FFFF0000
0.993898|354|Rx|d|8|0000000000000000
0.993898|12e|Rx|d|8|CA80007FF0FFFF00
0.993898|90|Rx|d|5|FF000C8800
1.028384|c6|Rx|d|8|803D80007FE3B8A8
1.028384|29a|Rx|d|8|00000000000006F9
1.028384|2b7|Rx|d|5|00E0FFFE00
1.028384|211|Rx|d|8|8200FFFFA90000CF
1.028384|214|Rx|d|2|0000
1.028384|3b7|Rx|d|6|00007FC000C0
1.028384|1b0|Rx|d|4|FF00FFC0
1.028384|5de|Rx|d|8|0000000000000002
1.028384|12e|Rx|d|8|CA80007FF0FFFF00
1.028384|90|Rx|d|5|FF000DC400
1.028384|c6|Rx|d|8|803D80007FE3BAA6
1.028384|242|Rx|d|8|0000FFEFFE000D00
1.028384|29c|Rx|d|8|00000000FFFF0000
1.028384|352|Rx|d|4|5C0000FF
1.028384|646|Rx|d|8|000000020000000C
1.028384|5df|Rx|d|3|009500
1.028384|392|Rx|d|5|0000000000
1.028384|12e|Rx|d|8|CA80007FF0FFFF00
1.028384|90|Rx|d|5|FF000E1000
1.028384|c6|Rx|d|8|803D80007FE3BCA4
1.028384|29a|Rx|d|8|00000000000007F8
1.028384|2b7|Rx|d|5|00E0FFFE00
1.028384|668|Rx|d|2|8000
1.028384|211|Rx|d|8|8200FFFFA90000CF
1.028384|214|Rx|d|2|0000
1.028384|218|Rx|d|1|98
1.028384|4fa|Rx|d|2|0800
1.028384|671|Rx|d|2|0200
1.028384|1b0|Rx|d|4|FF00FFC0
1.028384|657|Rx|d|2|C0CC
1.028384|12e|Rx|d|8|CA80007FF0FFFF00
1.028384|90|Rx|d|5|FF000F5C00
1.028384|c6|Rx|d|8|803D80007FE3BEA2
1.028384|242|Rx|d|8|0000FFEFFE000D00
1.028384|29c|Rx|d|8|00000000FFFF0000
1.028384|354|Rx|d|8|0000000000000000
1.028384|4ac|Rx|d|5|83732A0080
1.028384|45c|Rx|d|6|00000000FFE0
1.063286|12e|Rx|d|8|CA80007FF0FFFF00
1.063286|90|Rx|d|5|FF0000FF00
1.063286|c6|Rx|d|8|803D80007FE3A0C0
1.063286|29a|Rx|d|8|00000000000008F7
1.063286|2b7|Rx|d|5|00E0FFFE00
1.063286|211|Rx|d|8|8200FFFFA90000CF
1.063286|214|Rx|d|2|0000
1.063286|1b0|Rx|d|4|FF00FFC0
1.063286|12e|Rx|d|8|CA80007FF0FFFF00
1.063286|90|Rx|d|5|FF0001B300
1.063286|c6|Rx|d|8|803D80007FE3A2BE
1.063286|242|Rx|d|8|0000FFEFFE000D00
1.063286|29c|Rx|d|8|00000000FFFF0000
1.063286|352|Rx|d|4|5C0000FF
1.078911|12e|Rx|d|8|CA80007FF0FFFF00
1.078911|90|Rx|d|5|FF00026700
1.078911|c6|Rx|d|8|803D80007FE3A4BC
1.078911|29a|Rx|d|8|00000000000009F6
1.078911|2b7|Rx|d|5|00E0FFFE00
1.078911|5d7|Rx|d|7|000008125200C0
1.078911|211|Rx|d|8|8200FFFFA90000CF
1.078911|214|Rx|d|2|0000
1.078911|1b0|Rx|d|4|FF00FFC0
1.078911|392|Rx|d|5|0000000000
1.078911|90|Rx|d|5|FF00032B00
1.078911|c6|Rx|d|8|803D80007FE3A6BA
1.078911|12e|Rx|d|8|CB80007FF0FFFF00
1.078911|242|Rx|d|8|0000FFEFFE000D00
1.078911|29c|Rx|d|8|00000000FFFF0000
1.078911|354|Rx|d|8|0000000000000000
1.078911|12e|Rx|d|8|CB80007FF0FFFF00
1.078911|90|Rx|d|5|FF0004D200
1.078911|c6|Rx|d|8|803D80007FE3A8B8
1.078911|29a|Rx|d|8|0000000000000AF5
1.078911|2b7|Rx|d|5|00E0FFFE00
1.078911|666|Rx|d|4|34800008
1.078911|211|Rx|d|8|8200FFFFA90000CF
1.078911|4f8|Rx|d|8|54C0000000000000
1.078911|214|Rx|d|2|0000
1.078911|350|Rx|d|8|C32F3AF01410A485
1.078911|1b0|Rx|d|4|FF00FFC0
1.078911|4de|Rx|d|3|C00000
1.078911|55d|Rx|d|8|00FC50C090800000
1.126891|12e|Rx|d|8|CA7FFF7FF0FFFF00
1.126891|90|Rx|d|5|FF00059E00
1.126891|c6|Rx|d|8|803D80007FE3AAB6
1.126891|242|Rx|d|8|0000FFEFFE000D00
1.126891|29c|Rx|d|8|00000000FFFF0000
1.126891|352|Rx|d|4|5C0000FF
1.126891|12e|Rx|d|8|CA7FFF7FF0FFFF00
1.126891|90|Rx|d|5|FF00064A00
1.126891|c6|Rx|d|8|803D80007FE3ACB4
1.126891|29a|Rx|d|8|0000000000000BF4
1.126891|2b7|Rx|d|5|00E0FFFE00
1.126891|211|Rx|d|8|8200FFFFA90000CF
1.126891|3b7|Rx|d|6|00007FC000C0
1.126891|214|Rx|d|2|0000
1.126891|1b0|Rx|d|4|FF00FFC0
1.126891|5de|Rx|d|8|0000000000000002
1.126891|12e|Rx|d|8|CA80007FF0FFFF00
1.126891|90|Rx|d|5|FF00070600
1.126891|c6|Rx|d|8|803D80007FE3AEB2
1.126891|242|Rx|d|8|0000FFEFFE000D00
1.126891|29c|Rx|d|8|00000000FFFF0000
1.126891|354|Rx|d|8|0000000000000000
1.126891|5df|Rx|d|3|009500
1.126891|392|Rx|d|5|0000000000
1.126891|90|Rx|d|5|FF0008A500
1.126891|c6|Rx|d|8|803D80007FE3B0B0
1.126891|12e|Rx|d|8|CA80007FF0FFFF00
1.126891|29a|Rx|d|8|0000000000000CF3
1.126891|2b7|Rx|d|5|00E0FFFE00
1.126891|668|Rx|d|2|8000
1.126891|211|Rx|d|8|8200FFFFA90000CF
1.126891|214|Rx|d|2|0000
1.126891|218|Rx|d|1|98
1.126891|1b0|Rx|d|4|FF00FFC0
1.126891|4fa|Rx|d|2|0800
1.126891|657|Rx|d|2|C0CC
1.126891|671|Rx|d|2|0200
1.126891|12e|Rx|d|8|CA80007FF0FFFF00
1.126891|90|Rx|d|5|FF0009E900
1.126891|c6|Rx|d|8|803D80007FE3B2AE
1.126891|242|Rx|d|8|0000FFEFFE000D00
1.126891|29c|Rx|d|8|00000000FFFF0000
1.126891|352|Rx|d|4|5C0000FF
1.126891|4ac|Rx|d|5|83732A0080
1.162425|45c|Rx|d|6|00000000FFE0
1.162425|12e|Rx|d|8|CA80007FF0FFFF00
1.162425|90|Rx|d|5|FF000A3D00
1.162425|c6|Rx|d|8|803D80007FE3B4AC
1.162425|29a|Rx|d|8|0000000000000DF2
1.162425|2b7|Rx|d|5|00E0FFFE00
1.162425|211|Rx|d|8|8200FFFFA90000CF
1.162425|214|Rx|d|2|0000
1.162425|1b0|Rx|d|4|FF00FFC0
1.162425|12e|Rx|d|8|CA80017FF0FFFF00
1.162425|90|Rx|d|5|FF000B7100
1.162425|c6|Rx|d|8|803D80007FE3B6AA
1.162425|242|Rx|d|8|0000FFEFFE000D00
1.162425|29c|Rx|d|8|00000000FFFF0000
1.162425|354|Rx|d|8|0000000000000000
1.162425|12e|Rx|d|8|CA80017FF0FFFF00
1.162425|90|Rx|d|5|FF000C8800
1.162425|c6|Rx|d|8|803D80007FE3B8A8
1.162425|29a|Rx|d|8|0000000000000EF1
1.162425|2b7|Rx|d|5|00E0FFFE00
1.162425|5d7|Rx|d|7|000008125200C0
1.162425|211|Rx|d|8|8200FFFFA90000CF
1.162425|214|Rx|d|2|0000
1.162425|1b0|Rx|d|4|FF00FFC0
1.198765|392|Rx|d|5|0000000000
1.198765|90|Rx|d|5|FF000DC400
1.198765|c6|Rx|d|8|803D80007FE3BAA6
1.198765|12e|Rx|d|8|CA80007FF0FFFF00
1.198765|242|Rx|d|8|0000FFEFFE000D00
1.198765|29c|Rx|d|8|00000000FFFF0000
1.198765|352|Rx|d|4|5C0000FF
1.198765|12e|Rx|d|8|CA80007FF0FFFF00
1.198765|90|Rx|d|5|FF000E1000
1.198765|c6|Rx|d|8|803D80007FE3BCA4
1.198765|29a|Rx|d|8|0000000000000FF0
1.198765|2b7|Rx|d|5|00E0FFFE00
1.198765|666|Rx|d|4|34800008
1.198765|211|Rx|d|8|8200FFFFA90000CF
1.198765|4f8|Rx|d|8|54C0000000000000
1.198765|214|Rx|d|2|0000
1.198765|350|Rx|d|8|C32F3AF01410A485
1.198765|1b0|Rx|d|4|FF00FFC0
1.198765|4de|Rx|d|3|C00000
1.198765|55d|Rx|d|8|00FC50C090800000
1.198765|12e|Rx|d|8|CA80007FF0FFFF00
1.198765|90|Rx|d|5|FF000F5C00
1.198765|c6|Rx|d|8|803D80007FE3BEA2
1.198765|242|Rx|d|8|0000FFEFFE000D00
1.198765|29c|Rx|d|8|00000000FFFF0000
1.198765|354|Rx|d|8|0000000000000000
1.198765|12e|Rx|d|8|CA80007FF0FFFF00
1.198765|90|Rx|d|5|FF0000FF00
1.198765|c6|Rx|d|8|803D80007FE3A0C0
1.198765|29a|Rx|d|8|00000000000000FF
1.198765|2b7|Rx|d|5|00E0FFFE00
1.198765|211|Rx|d|8|8200FFFFA90000CE
1.198765|3b7|Rx|d|6|00007FC000C0
1.198765|214|Rx|d|2|0000
1.198765|1b0|Rx|d|4|FF00FFC0
1.198765|5de|Rx|d|8|0000000000000002
1.206836|12e|Rx|d|8|CA80007FF0FFFF00
1.206836|90|Rx|d|5|FF0001B300
1.206836|c6|Rx|d|8|803D80007FE3A2BE
1.206836|242|Rx|d|8|0000FFEFFE000D00
1.206836|29c|Rx|d|8|00000000FFFF0000
1.206836|352|Rx|d|4|5C0000FF
1.206836|5df|Rx|d|3|009500
1.216829|392|Rx|d|5|0000000000
1.216829|90|Rx|d|5|FF00026700
1.216829|c6|Rx|d|8|803D80007FE3A4BC
1.216829|12e|Rx|d|8|CA80007FF0FFFF00
1.216829|29a|Rx|d|8|00000000000001FE
1.216829|2b7|Rx|d|5|00E0FFFE00
1.216829|668|Rx|d|2|8000
1.216829|699|Rx|d|8|00000200BF000000
1.218827|211|Rx|d|8|8200FFFFA90000CE
1.218827|214|Rx|d|2|0000
1.220827|218|Rx|d|1|98
1.220827|4fa|Rx|d|2|0800
1.220827|1b0|Rx|d|4|FF00FFC0
1.220827|657|Rx|d|2|C0CC
1.220827|671|Rx|d|2|0200
1.220827|69f|Rx|d|4|0650859F
1.226824|12e|Rx|d|8|CA80007FF0FFFF00
1.226824|90|Rx|d|5|FF00032B00
1.226824|c6|Rx|d|8|803D80007FE3A6BA
1.226824|242|Rx|d|8|0000FFEFFE000D00
1.226824|29c|Rx|d|8|00000000FFFF0000
1.226824|354|Rx|d|8|0000000000000000
1.228821|4ac|Rx|d|5|83732A0080
1.230821|45c|Rx|d|6|00000000FFE0
1.236816|12e|Rx|d|8|CA80007FF0FFFF00
1.236816|90|Rx|d|5|FF0004D200
1.236816|c6|Rx|d|8|803D80007FE3A8B8
1.236816|29a|Rx|d|8|00000000000002FD
1.236816|2b7|Rx|d|5|00E0FFFE00
1.238816|211|Rx|d|8|8200FFFFA90000CE
1.238816|214|Rx|d|2|0000
1.238816|1b0|Rx|d|4|FF00FFC0
1.246811|12e|Rx|d|8|CA80017FF0FFFF00
1.246811|90|Rx|d|5|FF00059E00
1.246811|c6|Rx|d|8|803D80007FE3AAB6
1.246811|242|Rx|d|8|0000FFFFFFFFFD00
1.246811|29c|Rx|d|8|00000000FFFF0000
1.246811|352|Rx|d|4|5C0000FF
1.281592|12e|Rx|d|8|CA80017FF0FFFF00
1.281592|90|Rx|d|5|FF00064A00
1.281592|c6|Rx|d|8|803D80007FE3ACB4
1.281592|29a|Rx|d|8|00000000000003FC
1.281592|2b7|Rx|d|5|00E0FFFE00
1.281592|5d7|Rx|d|7|000008125200C0
1.281592|211|Rx|d|8|8200FFFFA90000CE
1.281592|214|Rx|d|2|0000
1.281592|1b0|Rx|d|4|FF00FFC0
1.281592|12e|Rx|d|8|CB80007FF0FFFF00
1.281592|90|Rx|d|5|FF00070600
1.281592|c6|Rx|d|8|803D80007FE3AEB2
1.281592|242|Rx|d|8|1280FFFFFFFFFD00
1.281592|29c|Rx|d|8|00000000FFFF0000
1.281592|354|Rx|d|8|0000000000000000
1.281592|392|Rx|d|5|0000000000
1.297216|350|Rx|d|8|C22F3AF01410A485
1.297216|12e|Rx|d|8|CB80007FF0FFFF00
1.297216|90|Rx|d|5|FF0008A500
1.297216|c6|Rx|d|8|803D80007FE3B0B0
1.297216|29a|Rx|d|8|00000000000004FB
1.297216|2b7|Rx|d|5|00E0FFFE00
1.297216|666|Rx|d|4|34800008
1.297216|211|Rx|d|8|8200FFFFA90000CE
1.297216|4f8|Rx|d|8|54C0000000000000
1.297216|214|Rx|d|2|0000
1.297216|350|Rx|d|8|C22F3AF01410A485
1.297216|1b0|Rx|d|4|FF00FFC0
1.297216|4de|Rx|d|3|C00000
1.297216|55d|Rx|d|8|00FC50C090800000
1.297216|12e|Rx|d|8|CB80007FF0FFFF00
1.297216|90|Rx|d|5|FF0009E900
1.297216|c6|Rx|d|8|803D80007FE3B2AE
1.297216|242|Rx|d|8|1280FFFFFFFFFD00
1.297216|29c|Rx|d|8|00000000FFFF0000
1.297216|352|Rx|d|4|5C0000FF
1.297216|12e|Rx|d|8|CB80007FF0FFFF00
1.297216|90|Rx|d|5|FF000A3D00
1.297216|c6|Rx|d|8|803D80007FE3B4AC
1.297216|29a|Rx|d|8|00000000000005FA
1.297216|2b7|Rx|d|5|00E0FFFE00
1.297216|211|Rx|d|8|8200FFFFA90000CE
1.297216|3b7|Rx|d|6|00007FC000C0
1.297216|214|Rx|d|2|0000
1.297216|1b0|Rx|d|4|FF00FFC0
1.297216|5de|Rx|d|8|0000000000000002
1.345792|12e|Rx|d|8|CA80007FF0FFFF00
1.345792|90|Rx|d|5|FF000B7100
1.345792|c6|Rx|d|8|803D80007FE3B6AA
1.345792|242|Rx|d|8|1280FFFFFFFFFD00
1.345792|29c|Rx|d|8|00000000FFFF0000
1.345792|354|Rx|d|8|0000000000000000
1.345792|5df|Rx|d|3|009500
1.345792|12e|Rx|d|8|CA80007FF0FFFF00
1.345792|90|Rx|d|5|FF000C8800
1.345792|c6|Rx|d|8|803D80007FE3B8A8
1.345792|29a|Rx|d|8|00000000000006F9
1.345792|2b7|Rx|d|5|00E0FFFE00
1.345792|392|Rx|d|5|0000000000
1.345792|668|Rx|d|2|8000
1.345792|211|Rx|d|8|8200FFFFA90000CE
1.345792|214|Rx|d|2|0000
1.345792|218|Rx|d|1|98
1.345792|1b0|Rx|d|4|FF00FFC0
1.345792|657|Rx|d|2|C0CC
1.345792|4fa|Rx|d|2|0800
1.345792|671|Rx|d|2|0200
1.345792|12e|Rx|d|8|C980007FF0FFFF00
1.345792|90|Rx|d|5|FF000DC400
1.345792|c6|Rx|d|8|803D80007FE3BAA6
1.345792|242|Rx|d|8|1280FFFFFFFFFD00
1.345792|29c|Rx|d|8|00000000FFFF0000
1.345792|352|Rx|d|4|5C0000FF
1.345792|4ac|Rx|d|5|83732A0080
1.345792|45c|Rx|d|6|00000000FFE0
1.345792|12e|Rx|d|8|C980007FF0FFFF00
1.345792|90|Rx|d|5|FF000E1000
1.345792|c6|Rx|d|8|803D80007FE3BCA4
1.345792|29a|Rx|d|8|00000000000007F8
1.345792|2b7|Rx|d|5|00E0FFFE00
1.345792|211|Rx|d|8|8200FFFFA90000CE
1.345792|214|Rx|d|2|0000
1.345792|1b0|Rx|d|4|FF00FFC0
1.345792|12e|Rx|d|8|CA80007FF0FFFF00
1.345792|90|Rx|d|5|FF000F5C00
1.345792|c6|Rx|d|8|803D80007FE3BEA2
1.345792|242|Rx|d|8|1280FFFFFFFFFD00
1.345792|29c|Rx|d|8|00000000FFFF0000
1.345792|354|Rx|d|8|0000000000000000
1.384579|12e|Rx|d|8|CA80007FF0FFFF00
1.384579|90|Rx|d|5|FF0000FF00
1.384579|c6|Rx|d|8|803D80007FE3A0C0
1.384579|29a|Rx|d|8|00000000000008F7
1.384579|2b7|Rx|d|5|00E0FFFE00
1.384579|5d7|Rx|d|7|000008125200C0
1.384579|211|Rx|d|8|8200FFFFA90000CE
1.384579|214|Rx|d|2|0000
1.384579|1b0|Rx|d|4|FF00FFC0
1.384579|12e|Rx|d|8|CA80007FF0FFFF00
1.384579|90|Rx|d|5|FF0001B300
1.384579|c6|Rx|d|8|803D80007FE3A2BE
1.384579|242|Rx|d|8|1280FFFFFFFFFD00
1.384579|29c|Rx|d|8|00000000FFFF0000
1.384579|352|Rx|d|4|5C0000FF
1.384579|392|Rx|d|5|0000000000
1.384579|12e|Rx|d|8|CA80007FF0FFFF00
1.384579|90|Rx|d|5|FF00026700
1.384579|c6|Rx|d|8|803D80007FE3A4BC
1.384579|29a|Rx|d|8|00000000000009F6
1.384579|2b7|Rx|d|5|00E0FFFE00
1.384579|666|Rx|d|4|34800008
1.384579|211|Rx|d|8|8200FFFFA90000CE
1.384579|4f8|Rx|d|8|54C0000000000000
1.384579|214|Rx|d|2|0000
1.384579|350|Rx|d|8|C22F3AF01410A485
1.384579|1b0|Rx|d|4|FF00FFC0
1.384579|4de|Rx|d|3|C00000
1.384579|55d|Rx|d|8|00FC50C090800000
1.384579|12e|Rx|d|8|CB80007FF0FFFF00
1.384579|90|Rx|d|5|FF00032B00
1.384579|c6|Rx|d|8|803D80007FE3A6BA
1.384579|242|Rx|d|8|1280FFFFFFFFFD00
1.384579|29c|Rx|d|8|00000000FFFF0000
1.384579|354|Rx|d|8|0000000000000000
1.433136|12e|Rx|d|8|CB80007FF0FFFF00
1.433136|90|Rx|d|5|FF0004D200
1.433136|c6|Rx|d|8|803D80007FE3A8B8
1.433136|29a|Rx|d|8|0000000000000AF5
1.433136|2b7|Rx|d|5|00E0FFFE00
1.433136|211|Rx|d|8|8200FFFFA90000CE
1.433136|3b7|Rx|d|6|00007FC000C0
1.433136|214|Rx|d|2|0000
1.433136|1b0|Rx|d|4|FF00FFC0
1.433136|5de|Rx|d|8|0000000000000002
1.433136|12e|Rx|d|8|CB80007FF0FFFF00
1.433136|90|Rx|d|5|FF00059E00
1.433136|c6|Rx|d|8|803D80007FE3AAB6
1.433136|242|Rx|d|8|1280FFFFFFFFFD00
1.433136|29c|Rx|d|8|00000000FFFF0000
1.433136|352|Rx|d|4|5C0000FF
1.433136|5df|Rx|d|3|009500
1.433136|12e|Rx|d|8|CB80007FF0FFFF00
1.433136|90|Rx|d|5|FF00064A00
1.433136|c6|Rx|d|8|803D80007FE3ACB4
1.433136|29a|Rx|d|8|0000000000000BF4
1.433136|2b7|Rx|d|5|00E0FFFE00
1.433136|392|Rx|d|5|0000000000
1.433136|668|Rx|d|2|8000
1.433136|211|Rx|d|8|8200FFFFA90000CE
1.433136|214|Rx|d|2|0000
1.433136|1b0|Rx|d|4|FF00FFC0
1.433136|657|Rx|d|2|C0CC
1.433136|218|Rx|d|1|98
1.433136|4fa|Rx|d|2|0800
1.433136|671|Rx|d|2|0200
1.433136|12e|Rx|d|8|CA80007FF0FFFF00
1.433136|90|Rx|d|5|FF00070600
1.433136|c6|Rx|d|8|803D80007FE3AEB2
1.433136|242|Rx|d|8|1280FFFFFFFFFD00
1.433136|29c|Rx|d|8|00000000FFFF0000
1.433136|354|Rx|d|8|0000000000000000
1.433136|4ac|Rx|d|5|83732A0080
1.433136|45c|Rx|d|6|00000000FFE0
1.466940|12e|Rx|d|8|CA80007FF0FFFF00
1.466940|90|Rx|d|5|FF0008A500
1.466940|c6|Rx|d|8|803D80007FE3B0B0
1.466940|29a|Rx|d|8|0000000000000CF3
1.466940|2b7|Rx|d|5|00E0FFFE00
1.466940|211|Rx|d|8|8200FFFFA90000CE
1.466940|214|Rx|d|2|0000
1.466940|1b0|Rx|d|4|FF00FFC0
1.466940|12e|Rx|d|8|CA80017FF0FFFF00
1.466940|90|Rx|d|5|FF0009E900
1.466940|c6|Rx|d|8|803D80007FE3B2AE
1.466940|242|Rx|d|8|1280FFFFFFFFFD00
1.466940|29c|Rx|d|8|00000000FFFF0000
1.466940|352|Rx|d|4|5C0000FF
1.466940|12e|Rx|d|8|CA80017FF0FFFF00
1.466940|90|Rx|d|5|FF000A3D00
1.466940|c6|Rx|d|8|803D80007FE3B4AC
1.466940|29a|Rx|d|8|0000000000000DF2
1.466940|2b7|Rx|d|5|00E0FFFE00
1.466940|5d7|Rx|d|7|000008125200C0
1.466940|211|Rx|d|8|8200FFFFA90000CE
1.466940|214|Rx|d|2|0000
1.466940|1b0|Rx|d|4|FF00FFC0
1.466940|12e|Rx|d|8|CA80027FF0FFFF00
1.466940|90|Rx|d|5|FF000B7100
1.466940|c6|Rx|d|8|803D80007FE3B6AA
1.466940|242|Rx|d|8|1280FFFFFFFFFD00
1.466940|29c|Rx|d|8|00000000FFFF0000
1.466940|354|Rx|d|8|0000000000000000
1.466940|392|Rx|d|5|0000000000
1.514901|12e|Rx|d|8|CA80027FF0FFFF00
1.514901|90|Rx|d|5|FF000C8800
1.514901|c6|Rx|d|8|803D80007FE3B8A8
1.514901|29a|Rx|d|8|0000000000000EF1
1.514901|2b7|Rx|d|5|00E0FFFE00
1.514901|666|Rx|d|4|34800008
1.514901|211|Rx|d|8|8200FFFFA90000CE
1.514901|214|Rx|d|2|0000
1.514901|4f8|Rx|d|8|54C0000000000000
1.514901|350|Rx|d|8|C22F3AF01410A485
1.514901|1b0|Rx|d|4|FF00FFC0
1.514901|4de|Rx|d|3|C00000
1.514901|55d|Rx|d|8|00FC50C090800000
1.514901|12e|Rx|d|8|CA80007FF0FFFF00
1.514901|90|Rx|d|5|FF000DC400
1.514901|c6|Rx|d|8|803D80007FE3BAA6
1.514901|242|Rx|d|8|1280FFFFFFFFFD00
1.514901|29c|Rx|d|8|00000000FFFF0000
1.514901|352|Rx|d|4|5C0000FF
1.514901|12e|Rx|d|8|CA80007FF0FFFF00
1.514901|90|Rx|d|5|FF000E1000
1.514901|c6|Rx|d|8|803D80007FE3BCA4
1.514901|29a|Rx|d|8|0000000000000FF0
1.514901|2b7|Rx|d|5|00E0FFFE00
1.514901|211|Rx|d|8|8200FFFFA90000CE
1.514901|214|Rx|d|2|0000
1.514901|3b7|Rx|d|6|00007FC000C0
1.514901|1b0|Rx|d|4|FF00FFC0
1.514901|5de|Rx|d|8|0000000000000002
1.514901|12e|Rx|d|8|CA80007FF0FFFF00
1.514901|90|Rx|d|5|FF000F5C00
1.514901|c6|Rx|d|8|803D80007FE3BEA2
1.514901|242|Rx|d|8|1280FFFFFFFFFD00
1.514901|29c|Rx|d|8|00000000FFFF0000
1.514901|354|Rx|d|8|0000000000000000
1.514901|646|Rx|d|8|000000020000000C
1.514901|5df|Rx|d|3|009500
1.514901|12e|Rx|d|8|CA80007FF0FFFF00
1.514901|90|Rx|d|5|FF0000FF00
1.514901|c6|Rx|d|8|803D80007FE3A0C0
1.514901|29a|Rx|d|8|00000000000000FF
1.514901|2b7|Rx|d|5|00E0FFFE00
1.514901|392|Rx|d|5|0004000000
1.514901|668|Rx|d|2|8000
1.548828|211|Rx|d|8|8200FFFFA90000CE
1.548828|214|Rx|d|2|0000
1.548828|1b0|Rx|d|4|FF00FFC0
1.548828|218|Rx|d|1|98
1.548828|657|Rx|d|2|C0CC
1.548828|4fa|Rx|d|2|0800
1.548828|671|Rx|d|2|0200
1.548828|12e|Rx|d|8|CA80007FF0FFFF00
1.548828|90|Rx|d|5|FF0001B300
1.548828|c6|Rx|d|8|803D80007FE3A2BE
1.548828|242|Rx|d|8|1280FFFFFFFFFD00
1.548828|29c|Rx|d|8|00000000FFFF0000
1.548828|352|Rx|d|4|5C0000FF
1.548828|4ac|Rx|d|5|83732A0080
1.548828|45c|Rx|d|6|00000000FFE0
1.548828|12e|Rx|d|8|CA80007FF0FFFF00
1.548828|90|Rx|d|5|FF00026700
1.548828|c6|Rx|d|8|803D80007FE3A4BC
1.548828|29a|Rx|d|8|00000000000001FE
1.548828|2b7|Rx|d|5|00E0FFFE00
1.548828|211|Rx|d|8|8200FFFFA90000CE
1.548828|214|Rx|d|2|0000
1.548828|1b0|Rx|d|4|FF00FFC0
1.548828|12e|Rx|d|8|CA80007FF0FFFF00
1.548828|90|Rx|d|5|FF00032B00
1.548828|c6|Rx|d|8|803D80007FE3A6BA
1.548828|242|Rx|d|8|1280FFFFFFFFFD00
1.548828|29c|Rx|d|8|00000000FFFF0000
1.548828|354|Rx|d|8|0000000000000000
1.556998|12e|Rx|d|8|CA80007FF0FFFF00
1.556998|90|Rx|d|5|FF0004D200
1.556998|c6|Rx|d|8|803D80007FE3A8B8
1.556998|29a|Rx|d|8|00000000000002FD
1.556998|2b7|Rx|d|5|00E0FFFE00
1.556998|5d7|Rx|d|7|000008125200C0
1.558992|211|Rx|d|8|8200FFFFA90000CE
1.558992|214|Rx|d|2|0000
1.558992|1b0|Rx|d|4|FF00FFC0
1.566989|12e|Rx|d|8|CA80007FF0FFFF00
1.566989|90|Rx|d|5|FF00059E00
1.566989|c6|Rx|d|8|803D80007FE3AAB6
1.566989|242|Rx|d|8|1280FFFFFFFFFD00
1.566989|29c|Rx|d|8|00000000FFFF0000
1.566989|352|Rx|d|4|5C0000FF
1.566989|392|Rx|d|5|0004000000
1.576982|12e|Rx|d|8|CA80007FF0FFFF00
1.576982|90|Rx|d|5|FF00064A00
1.576982|c6|Rx|d|8|803D80007FE3ACB4
1.576982|29a|Rx|d|8|00000000000003FC
1.576982|2b7|Rx|d|5|00E0FFFE00
1.576982|666|Rx|d|4|34800008
1.576982|211|Rx|d|8|8200FFFFA90000CE
1.576982|214|Rx|d|2|0000
1.578981|4f8|Rx|d|8|54C0000000000000
1.578981|350|Rx|d|8|C22F3AF01410A485
1.580979|1b0|Rx|d|4|FF00FFC0
1.580979|4de|Rx|d|3|C00000
1.580979|55d|Rx|d|8|00FC50C090800000
1.586975|12e|Rx|d|8|CA80007FF0FFFF00
1.586975|90|Rx|d|5|FF00070600
1.586975|c6|Rx|d|8|803D80007FE3AEB2
1.586975|242|Rx|d|8|1280FFFFFFFFFD00
1.586975|29c|Rx|d|8|00000000FFFF0000
1.586975|354|Rx|d|8|0000000000000000
1.596969|12e|Rx|d|8|CA80007FF0FFFF00
1.596969|90|Rx|d|5|FF0008A500
1.596969|c6|Rx|d|8|803D80007FE3B0B0
1.596969|29a|Rx|d|8|00000000000004FB
1.596969|2b7|Rx|d|5|00E0FFFE00
1.596969|211|Rx|d|8|8200FFFFA90000CE
1.596969|214|Rx|d|2|0000
1.596969|3b7|Rx|d|6|00007FC000C0
1.596969|1b0|Rx|d|4|FF00FFC0
1.629134|5de|Rx|d|8|0000000000000002
1.629134|12e|Rx|d|8|CA80007FF0FFFF00
1.629134|90|Rx|d|5|FF0009E900
1.629134|c6|Rx|d|8|803D80007FE3B2AE
1.629134|242|Rx|d|8|1280FFFFFFFFFD00
1.629134|29c|Rx|d|8|00000000FFFF0000
1.629134|352|Rx|d|4|5C0000FF
1.629134|5df|Rx|d|3|009500
1.629134|12e|Rx|d|8|CA80007FF0FFFF00
1.629134|90|Rx|d|5|FF000A3D00
1.629134|c6|Rx|d|8|803D80007FE3B4AC
1.629134|29a|Rx|d|8|00000000000005FA
1.629134|2b7|Rx|d|5|00E0FFFE00
1.629134|392|Rx|d|5|0004000000
1.629134|668|Rx|d|2|8000
1.629134|211|Rx|d|8|8200FFFFA90000CE
1.629134|214|Rx|d|2|0000
1.629134|218|Rx|d|1|98
1.629134|1b0|Rx|d|4|FF00FFC0
1.629134|4fa|Rx|d|2|0800
1.629134|657|Rx|d|2|C0CC
1.629134|671|Rx|d|2|0200
1.629134|12e|Rx|d|8|CA80007FF0FFFF00
1.629134|90|Rx|d|5|FF000B7100
1.629134|c6|Rx|d|8|803D80007FE3B6AA
1.629134|242|Rx|d|8|1280FFFFFFFFFD00
1.629134|29c|Rx|d|8|00000000FFFF0000
1.629134|354|Rx|d|8|0000000000000000
1.629134|4ac|Rx|d|5|83732A0080
1.629134|45c|Rx|d|6|00000000FFE0
1.677375|12e|Rx|d|8|CA80007FF0FFFF00
1.677375|90|Rx|d|5|FF000C8800
1.677375|c6|Rx|d|8|803D80007FE3B8A8
1.677375|29a|Rx|d|8|00000000000006F9
1.677375|2b7|Rx|d|5|00E0FFFE00
1.677375|211|Rx|d|8|8200FFFFA90000CE
1.677375|214|Rx|d|2|0000
1.677375|1b0|Rx|d|4|FF00FFC0
1.677375|12e|Rx|d|8|CA80007FF0FFFF00
1.677375|90|Rx|d|5|FF000DC400
1.677375|c6|Rx|d|8|803D80007FE3BAA6
1.677375|242|Rx|d|8|1280FFFFFFFFFD00
1.677375|29c|Rx|d|8|00000000FFFF0000
1.677375|352|Rx|d|4|5C0000FF
1.677375|12e|Rx|d|8|CA80007FF0FFFF00
1.677375|90|Rx|d|5|FF000E1000
1.677375|c6|Rx|d|8|803D80007FE3BCA4
1.677375|29a|Rx|d|8|00000000000007F8
1.677375|2b7|Rx|d|5|00E0FFFE00
1.677375|5d7|Rx|d|7|000008125200C0
1.677375|211|Rx|d|8|8200FFFFA90000CE
1.677375|214|Rx|d|2|0000
1.677375|1b0|Rx|d|4|FF00FFC0
1.677375|12e|Rx|d|8|CA80007FF0FFFF00
1.677375|90|Rx|d|5|FF000F5C00
1.677375|c6|Rx|d|8|803D80007FE3BEA2
1.677375|242|Rx|d|8|1280FFFFFFFFFD00
1.677375|29c|Rx|d|8|00000000FFFF0000
1.677375|354|Rx|d|8|0000000000000000
1.677375|392|Rx|d|5|0004000000
1.677375|12e|Rx|d|8|CA80007FF0FFFF00
1.677375|90|Rx|d|5|FF0000FF00
1.677375|c6|Rx|d|8|803D80007FE3A0C0
1.677375|29a|Rx|d|8|00000000000008F7
1.677375|2b7|Rx|d|5|00E0FFFE00
1.677375|666|Rx|d|4|34800008
1.677375|211|Rx|d|8|8200FFFFA90000CE
1.677375|4f8|Rx|d|8|54C0000000000000
1.677375|214|Rx|d|2|0000
1.677375|350|Rx|d|8|C22F3AF01410A485
1.677375|1b0|Rx|d|4|FF00FFC0
1.677375|4de|Rx|d|3|C00000
1.677375|55d|Rx|d|8|00FC50C090800000
1.715357|12e|Rx|d|8|CA80007FF0FFFF00
1.715357|90|Rx|d|5|FF0001B300
1.715357|c6|Rx|d|8|803D80007FE3A2BE
1.715357|242|Rx|d|8|1280FFFFFFFFFD00
1.715357|29c|Rx|d|8|00000000FFFF0000
1.715357|352|Rx|d|4|5C0000FF
1.715357|12e|Rx|d|8|CA80007FF0FFFF00
1.715357|90|Rx|d|5|FF00026700
1.715357|c6|Rx|d|8|803D80007FE3A4BC
1.715357|29a|Rx|d|8|00000000000009F6
1.715357|2b7|Rx|d|5|00E0FFFE00
1.715357|211|Rx|d|8|8200FFFFA90000CE
1.715357|214|Rx|d|2|0000
1.715357|3b7|Rx|d|6|00007FC000C0
1.715357|1b0|Rx|d|4|FF00FFC0
1.715357|5de|Rx|d|8|0000000000000002
1.715357|12e|Rx|d|8|CB80007FF0FFFF00
1.715357|90|Rx|d|5|FF00032B00
1.715357|c6|Rx|d|8|803D80007FE3A6BA
1.715357|242|Rx|d|8|1280FFFFFFFFFD00
1.715357|29c|Rx|d|8|00000000FFFF0000
1.715357|354|Rx|d|8|0000000000000000
1.715357|5df|Rx|d|3|009500
1.715357|12e|Rx|d|8|CB80007FF0FFFF00
1.715357|90|Rx|d|5|FF0004D200
1.715357|c6|Rx|d|8|803D80007FE3A8B8
1.715357|29a|Rx|d|8|0000000000000AF5
1.715357|2b7|Rx|d|5|00E0FFFE00
1.715357|392|Rx|d|5|0004000000
1.715357|668|Rx|d|2|8000
1.748817|211|Rx|d|8|8200FFFFA90000CE
1.748817|214|Rx|d|2|0000
1.748817|1b0|Rx|d|4|FF00FFC0
1.748817|218|Rx|d|1|98
1.748817|657|Rx|d|2|C0CC
1.748817|4fa|Rx|d|2|0800
1.748817|671|Rx|d|2|0200
1.748817|12e|Rx|d|8|CA80007FF0FFFF00
1.748817|90|Rx|d|5|FF00059E00
1.748817|c6|Rx|d|8|803D80007FE3AAB6
1.748817|242|Rx|d|8|1280FFFFFFFFFD00
1.748817|29c|Rx|d|8|00000000FFFF0000
1.748817|352|Rx|d|4|5C0000FF
1.748817|4ac|Rx|d|5|83732A0080
1.748817|45c|Rx|d|6|00000000FFE0
1.748817|12e|Rx|d|8|CA80007FF0FFFF00
1.748817|90|Rx|d|5|FF00064A00
1.748817|c6|Rx|d|8|803D80007FE3ACB4
1.748817|29a|Rx|d|8|0000000000000BF4
1.748817|2b7|Rx|d|5|00E0FFFE00
1.748817|211|Rx|d|8|8200FFFFA90000CE
1.748817|214|Rx|d|2|0000
1.748817|1b0|Rx|d|4|FF00FFC0
1.748817|12e|Rx|d|8|CA80007FF0FFFF00
1.748817|90|Rx|d|5|FF00070600
1.748817|c6|Rx|d|8|803D80007FE3AEB2
1.748817|242|Rx|d|8|1280FFFFFFFFFD00
1.748817|29c|Rx|d|8|00000000FFFF0000
1.748817|354|Rx|d|8|0000000000000000
1.756986|12e|Rx|d|8|CA80007FF0FFFF00
1.756986|90|Rx|d|5|FF0008A500
1.756986|c6|Rx|d|8|803D80007FE3B0B0
1.756986|29a|Rx|d|8|0000000000000CF3
1.756986|2b7|Rx|d|5|00E0FFFE00
1.756986|5d7|Rx|d|7|000008125200C0
1.758987|211|Rx|d|8|8200FFFFA90000CE
1.758987|214|Rx|d|2|0000
1.758987|1b0|Rx|d|4|FF00FFC0
1.766983|12e|Rx|d|8|CA80027FF0FFFF00
1.766983|90|Rx|d|5|FF0009E900
1.766983|c6|Rx|d|8|803D80007FE3B2AE
1.766983|242|Rx|d|8|1280FFFFFFFFFD00
1.766983|29c|Rx|d|8|00000000FFFF0000
1.766983|352|Rx|d|4|5C0000FF
1.766983|392|Rx|d|5|0004000000
1.776975|12e|Rx|d|8|CA80027FF0FFFF00
1.776975|90|Rx|d|5|FF000A3D00
1.776975|c6|Rx|d|8|803D80007FE3B4AC
1.776975|29a|Rx|d|8|0000000000000DF2
1.776975|2b7|Rx|d|5|00E0FFFE00
1.776975|666|Rx|d|4|34800008
1.776975|211|Rx|d|8|8200FFFFA90000CE
1.776975|214|Rx|d|2|0000
1.776975|4f8|Rx|d|8|54C0000000000000
1.776975|350|Rx|d|8|C22F3AF01410A485
1.782972|1b0|Rx|d|4|FF00FFC0
1.782972|4de|Rx|d|3|C00000
1.782972|55d|Rx|d|8|00FC50C090800000
1.786968|12e|Rx|d|8|CB80007FF0FFFF00
1.786968|90|Rx|d|5|FF000B7100
1.786968|c6|Rx|d|8|803D80007FE3B6AA
1.786968|242|Rx|d|8|1280FFFFFFFFFD00
1.786968|29c|Rx|d|8|00000000FFFF0000
1.786968|354|Rx|d|8|0000000000000000
1.796962|12e|Rx|d|8|CB80007FF0FFFF00
1.796962|90|Rx|d|5|FF000C8800
1.796962|c6|Rx|d|8|803D80007FE3B8A8
1.796962|29a|Rx|d|8|0000000000000EF1
1.796962|2b7|Rx|d|5|00E0FFFE00
1.796962|211|Rx|d|8|8200FFFFA90000CE
1.796962|214|Rx|d|2|0000
1.829655|3b7|Rx|d|6|00007FC000C0
1.829655|1b0|Rx|d|4|FF00FFC0
1.829655|5de|Rx|d|8|0000000000000002
1.829655|12e|Rx|d|8|CA80007FF0FFFF00
1.829655|90|Rx|d|5|FF000DC400
1.829655|c6|Rx|d|8|803D80007FE3BAA6
1.829655|242|Rx|d|8|1280FFFFFFFFFD00
1.829655|29c|Rx|d|8|00000000FFFF0000
1.829655|352|Rx|d|4|5C0000FF
1.829655|5df|Rx|d|3|009500
1.829655|12e|Rx|d|8|CA80007FF0FFFF00
1.829655|90|Rx|d|5|FF000E1000
1.829655|c6|Rx|d|8|803D80007FE3BCA4
1.829655|29a|Rx|d|8|0000000000000FF0
1.829655|2b7|Rx|d|5|00E0FFFE00
1.829655|392|Rx|d|5|0004000000
1.829655|668|Rx|d|2|8000
1.829655|211|Rx|d|8|8200FFFFA90000CE
1.829655|214|Rx|d|2|0000
1.829655|1b0|Rx|d|4|FF00FFC0
1.829655|218|Rx|d|1|98
1.829655|657|Rx|d|2|C0CC
1.829655|4fa|Rx|d|2|0800
1.829655|671|Rx|d|2|0200
1.829655|12e|Rx|d|8|CA80007FF0FFFF00
1.829655|90|Rx|d|5|FF000F5C00
1.829655|c6|Rx|d|8|803D80007FE3BEA2
1.829655|242|Rx|d|8|1280FFFFFFFFFD00
1.829655|29c|Rx|d|8|00000000FFFF0000
1.829655|354|Rx|d|8|0000000000000000
1.829655|4ac|Rx|d|5|83732A0080
1.829655|45c|Rx|d|6|00000000FFE0
1.878132|12e|Rx|d|8|CA80007FF0FFFF00
1.878132|90|Rx|d|5|FF0000FF00
1.878132|c6|Rx|d|8|803D80007FE3A0C0
1.878132|29a|Rx|d|8|00000000000000FF
1.878132|2b7|Rx|d|5|00E0FFFE00
1.878132|211|Rx|d|8|8200FFFFA90000CE
1.878132|214|Rx|d|2|0000
1.878132|1b0|Rx|d|4|FF00FFC0
1.878132|12e|Rx|d|8|CA80007FF0FFFF00
1.878132|90|Rx|d|5|FF0001B300
1.878132|c6|Rx|d|8|803D80007FE3A2BE
1.878132|242|Rx|d|8|1280FFFFFFFFFD00
1.878132|29c|Rx|d|8|00000000FFFF0000
1.878132|352|Rx|d|4|5C0000FF
1.878132|12e|Rx|d|8|CA80007FF0FFFF00
1.878132|90|Rx|d|5|FF00026700
1.878132|c6|Rx|d|8|803D80007FE3A4BC
1.878132|29a|Rx|d|8|00000000000001FE
1.878132|2b7|Rx|d|5|00E0FFFE00
1.878132|5d7|Rx|d|7|000008125200C0
1.878132|211|Rx|d|8|8200FFFFA90000CE
1.878132|214|Rx|d|2|0000
1.878132|1b0|Rx|d|4|FF00FFC0
1.878132|12e|Rx|d|8|CA80007FF0FFFF00
1.878132|90|Rx|d|5|FF00032B00
1.878132|c6|Rx|d|8|803D80007FE3A6BA
1.878132|242|Rx|d|8|1280FFFFFFFFFD00
1.878132|29c|Rx|d|8|00000000FFFF0000
1.878132|354|Rx|d|8|0000000000000000
1.878132|392|Rx|d|5|0004000000
1.878132|12e|Rx|d|8|CA80007FF0FFFF00
1.878132|90|Rx|d|5|FF0004D200
1.878132|c6|Rx|d|8|803D80007FE3A8B8
1.878132|29a|Rx|d|8|00000000000002FD
1.878132|2b7|Rx|d|5|00E0FFFE00
1.878132|666|Rx|d|4|34800008
1.878132|211|Rx|d|8|8200FFFFA90000CE
1.878132|4f8|Rx|d|8|54C0000000000000
1.878132|214|Rx|d|2|0000
1.878132|350|Rx|d|8|C22F3AF01410A485
1.878132|1b0|Rx|d|4|FF00FFC0
1.878132|4de|Rx|d|3|C00000
1.878132|55d|Rx|d|8|00FC50C090800000
1.911731|12e|Rx|d|8|CA80007FF0FFFF00
1.911731|90|Rx|d|5|FF00059E00
1.911731|c6|Rx|d|8|803D80007FE3AAB6
1.911731|242|Rx|d|8|1280FFFFFFFFFD00
1.911731|29c|Rx|d|8|00000000FFFF0000
1.911731|352|Rx|d|4|5C0000FF
1.911731|12e|Rx|d|8|CA80007FF0FFFF00
1.911731|90|Rx|d|5|FF00064A00
1.911731|c6|Rx|d|8|803D80007FE3ACB4
1.911731|29a|Rx|d|8|00000000000003FC
1.911731|2b7|Rx|d|5|00E0FFFE00
1.911731|211|Rx|d|8|8200FFFFA90000CE
1.911731|3b7|Rx|d|6|00007FC000C0
1.911731|1b0|Rx|d|4|FF00FFC0
1.911731|214|Rx|d|2|0000
1.911731|5de|Rx|d|8|0000000000000002
1.911731|12e|Rx|d|8|CA80007FF0FFFF00
1.911731|90|Rx|d|5|FF00070600
1.911731|c6|Rx|d|8|803D80007FE3AEB2
1.911731|242|Rx|d|8|1280FFFFFFFFFD00
1.911731|29c|Rx|d|8|00000000FFFF0000
1.911731|354|Rx|d|8|0000000000000000
1.911731|5df|Rx|d|3|009500
1.944950|12e|Rx|d|8|CA80007FF0FFFF00
1.944950|90|Rx|d|5|FF0008A500
1.944950|c6|Rx|d|8|803D80007FE3B0B0
1.944950|29a|Rx|d|8|00000000000004FB
1.944950|2b7|Rx|d|5|00E0FFFE00
1.944950|392|Rx|d|5|0004000000
1.944950|668|Rx|d|2|8000
1.944950|211|Rx|d|8|8200FFFFA90000CE
1.944950|214|Rx|d|2|0000
1.944950|1b0|Rx|d|4|FF00FFC0
1.944950|218|Rx|d|1|98
1.944950|657|Rx|d|2|C0CC
1.944950|4fa|Rx|d|2|0800
1.944950|671|Rx|d|2|0200
1.944950|12e|Rx|d|8|CA7FFF7FF0FFFF00
1.944950|90|Rx|d|5|FF0009E900
1.944950|c6|Rx|d|8|803D80007FE3B2AE
1.944950|242|Rx|d|8|1280FFFFFFFFFD00
1.944950|29c|Rx|d|8|00000000FFFF0000
1.944950|352|Rx|d|4|5C0000FF
1.944950|4ac|Rx|d|5|83732A0080
1.944950|45c|Rx|d|6|00000000FFE0
1.944950|12e|Rx|d|8|CA7FFF7FF0FFFF00
1.944950|90|Rx|d|5|FF000A3D00
1.944950|c6|Rx|d|8|803D80007FE3B4AC
1.944950|29a|Rx|d|8|00000000000005FA
1.944950|2b7|Rx|d|5|00E0FFFE00
1.944950|211|Rx|d|8|8200FFFFA90000CE
1.944950|214|Rx|d|2|0000
1.944950|1b0|Rx|d|4|FF00FFC0
1.944950|12e|Rx|d|8|CA80007FF0FFFF00
1.944950|90|Rx|d|5|FF000B7100
1.944950|c6|Rx|d|8|803D80007FE3B6AA
1.944950|242|Rx|d|8|1280FFFFFFFFFD00
1.944950|29c|Rx|d|8|00000000FFFF0000
1.944950|354|Rx|d|8|0000000000000000
1.956984|12e|Rx|d|8|CA80007FF0FFFF00
1.956984|90|Rx|d|5|FF000C8800
1.956984|c6|Rx|d|8|803D80007FE3B8A8
1.956984|29a|Rx|d|8|00000000000006F9
1.956984|2b7|Rx|d|5|00E0FFFE00
1.956984|5d7|Rx|d|7|000008125200C0
1.956984|211|Rx|d|8|8200FFFFA90000CE
1.956984|214|Rx|d|2|0000
1.956984|1b0|Rx|d|4|FF00FFC0
1.966979|12e|Rx|d|8|CA80007FF0FFFF00
1.966979|90|Rx|d|5|FF000DC400
1.966979|c6|Rx|d|8|803D80007FE3BAA6
1.966979|242|Rx|d|8|1280FFFFFFFFFD00
1.966979|29c|Rx|d|8|00000000FFFF0000
1.966979|352|Rx|d|4|5C0000FF
1.966979|392|Rx|d|5|0004000000
1.976972|12e|Rx|d|8|CA80007FF0FFFF00
1.976972|90|Rx|d|5|FF000E1000
1.976972|c6|Rx|d|8|803D80007FE3BCA4
1.976972|29a|Rx|d|8|00000000000007F8
1.976972|2b7|Rx|d|5|00E0FFFE00
1.976972|666|Rx|d|4|34800008
1.978971|211|Rx|d|8|8200FFFFA90000CE
1.978971|214|Rx|d|2|0000
1.978971|350|Rx|d|8|C22F3AF01410A485
1.978971|4f8|Rx|d|8|54C0000000000000
1.978971|1b0|Rx|d|4|FF00FFC0
1.978971|4de|Rx|d|3|C00000
1.978971|55d|Rx|d|8|00FC50C090800000
1.986967|12e|Rx|d|8|CA80007FF0FFFF00
1.986967|90|Rx|d|5|FF000F5C00
1.986967|c6|Rx|d|8|803D80007FE3BEA2
1.986967|242|Rx|d|8|1280FFFFFFFFFD00
1.986967|29c|Rx|d|8|00000000FFFF0000
1.986967|354|Rx|d|8|0000000000000000
2.011645|12e|Rx|d|8|CA80007FF0FFFF00
2.011645|90|Rx|d|5|FF0000FF00
2.011645|c6|Rx|d|8|803D80007FE3A0C0
2.011645|29a|Rx|d|8|00000000000008F7
2.011645|2b7|Rx|d|5|00E0FFFE00
2.027268|211|Rx|d|8|8200FFFFA90000CE
2.027268|214|Rx|d|2|0000
2.027268|1b0|Rx|d|4|FF00FFC0
2.027268|3b7|Rx|d|6|00007FC000C0
2.027268|5de|Rx|d|8|0000000000000002
2.027268|12e|Rx|d|8|CB80007FF0FFFF00
2.027268|90|Rx|d|5|FF0001B300
2.027268|c6|Rx|d|8|803D80007FE3A2BE
2.027268|242|Rx|d|8|1280FFFFFFFFFD00
2.027268|29c|Rx|d|8|00000000FFFF0000
2.027268|352|Rx|d|4|5C0000FF
2.027268|646|Rx|d|8|000000020000000C
2.027268|5df|Rx|d|3|009500
2.027268|12e|Rx|d|8|CB80007FF0FFFF00
2.027268|90|Rx|d|5|FF00026700
2.027268|c6|Rx|d|8|803D80007FE3A4BC
2.027268|29a|Rx|d|8|00000000000009F6
2.027268|2b7|Rx|d|5|00E0FFFE00
2.027268|392|Rx|d|5|0004000000
2.027268|668|Rx|d|2|8000
2.027268|211|Rx|d|8|8200FFFFA90000CE
2.027268|214|Rx|d|2|0000
2.027268|1b0|Rx|d|4|FF00FFC0
2.027268|218|Rx|d|1|98
2.027268|657|Rx|d|2|C0CC
2.027268|4fa|Rx|d|2|0800
2.027268|671|Rx|d|2|0200
2.027268|12e|Rx|d|8|CA80007FF0FFFF00
2.027268|90|Rx|d|5|FF00032B00
2.027268|c6|Rx|d|8|803D80007FE3A6BA
2.027268|242|Rx|d|8|1280FFFFFFFFFD00
2.027268|29c|Rx|d|8|00000000FFFF0000
2.027268|354|Rx|d|8|0000000000000000
2.027268|4ac|Rx|d|5|83732A0080
2.027268|45c|Rx|d|6|00000000FFE0
2.075371|12e|Rx|d|8|CA80007FF0FFFF00
2.075371|90|Rx|d|5|FF0004D200
2.075371|c6|Rx|d|8|803D80007FE3A8B8
2.075371|29a|Rx|d|8|0000000000000AF5
2.075371|2b7|Rx|d|5|00E0FFFE00
2.075371|211|Rx|d|8|8200FFFFA90000CE
2.075371|214|Rx|d|2|0000
2.075371|1b0|Rx|d|4|FF00FFC0
2.075371|12e|Rx|d|8|CA80007FF0FFFF00
2.075371|90|Rx|d|5|FF00059E00
2.075371|c6|Rx|d|8|803D80007FE3AAB6
2.075371|242|Rx|d|8|1280FFFFFFFFFD00
2.075371|29c|Rx|d|8|00000000FFFF0000
2.075371|352|Rx|d|4|5C0000FF
2.075371|12e|Rx|d|8|CA80007FF0FFFF00
2.075371|90|Rx|d|5|FF00064A00
2.075371|c6|Rx|d|8|803D80007FE3ACB4
2.075371|29a|Rx|d|8|0000000000000BF4
2.075371|2b7|Rx|d|5|00E0FFFE00
2.075371|5d7|Rx|d|7|000008125200C0
2.075371|211|Rx|d|8|8200FFFFA90000CE
2.075371|214|Rx|d|2|0000
2.075371|1b0|Rx|d|4|FF00FFC0
2.075371|12e|Rx|d|8|CA80007FF0FFFF00
2.075371|90|Rx|d|5|FF00070600
2.075371|c6|Rx|d|8|803D80007FE3AEB2
2.075371|242|Rx|d|8|1280FFFFFFFFFD00
2.075371|29c|Rx|d|8|00000000FFFF0000
2.075371|354|Rx|d|8|0000000000000000
2.075371|392|Rx|d|5|0004000000
2.075371|12e|Rx|d|8|CA80007FF0FFFF00
2.075371|90|Rx|d|5|FF0008A500
2.075371|c6|Rx|d|8|803D80007FE3B0B0
2.075371|29a|Rx|d|8|0000000000000CF3
2.075371|2b7|Rx|d|5|00E0FFFE00
2.075371|666|Rx|d|4|34800008
2.108520|211|Rx|d|8|8200FFFFA90000CE
2.108520|4f8|Rx|d|8|54C0000000000000
2.108520|214|Rx|d|2|0000
2.108520|350|Rx|d|8|C22F3AF01410A485
2.108520|1b0|Rx|d|4|FF00FFC0
2.108520|4de|Rx|d|3|C00000
2.108520|55d|Rx|d|8|00FC50C090800000
2.108520|12e|Rx|d|8|CA80007FF0FFFF00
2.108520|90|Rx|d|5|FF0009E900
2.108520|c6|Rx|d|8|803D80007FE3B2AE
2.108520|242|Rx|d|8|1280FFFFFFFFFD00
2.108520|29c|Rx|d|8|00000000FFFF0000
2.108520|352|Rx|d|4|5C0000FF
2.108520|12e|Rx|d|8|CA80007FF0FFFF00
2.108520|90|Rx|d|5|FF000A3D00
2.108520|c6|Rx|d|8|803D80087FE3B4A4
2.108520|29a|Rx|d|8|0000000000000DF2
2.108520|2b7|Rx|d|5|00E0FFFE00
2.108520|211|Rx|d|8|8200FFFFA90000CE
2.108520|3b7|Rx|d|6|00007FC000C0
2.108520|1b0|Rx|d|4|FF00FFC0
2.108520|214|Rx|d|2|0000
2.108520|5de|Rx|d|8|0000000000000002
2.108520|12e|Rx|d|8|CA7FFF7FF0FFFF00
2.108520|90|Rx|d|5|FF000B7100
2.108520|c6|Rx|d|8|803D7FF87FE3B6B3
2.108520|242|Rx|d|8|1280FFFFFFFFFD00
2.108520|29c|Rx|d|8|00000000FFFF0000
2.108520|354|Rx|d|8|0000000000000000
2.108520|5df|Rx|d|3|009500
2.142212|12e|Rx|d|8|CA7FFF7FF0FFFF00
2.142212|90|Rx|d|5|FF000C8800
2.142212|c6|Rx|d|8|803D80007FE3B8A8
2.142212|29a|Rx|d|8|0000000000000EF1
2.142212|2b7|Rx|d|5|00E0FFFE00
2.142212|392|Rx|d|5|0004000000
2.142212|668|Rx|d|2|8000
2.142212|211|Rx|d|8|8200FFFFA90000CE
2.142212|214|Rx|d|2|0000
2.142212|1b0|Rx|d|4|FF00FFC0
2.142212|218|Rx|d|1|98
2.142212|657|Rx|d|2|C0CC
2.142212|4fa|Rx|d|2|0800
2.142212|671|Rx|d|2|0200
2.142212|12e|Rx|d|8|CA80007FF0FFFF00
2.142212|90|Rx|d|5|FF000DC400
2.142212|c6|Rx|d|8|803D80007FE3BAA6
2.142212|242|Rx|d|8|1280FFFFFFFFFD00
2.142212|29c|Rx|d|8|00000000FFFF0000
2.142212|352|Rx|d|4|5C0000FF
2.142212|4ac|Rx|d|5|83732A0080
2.142212|45c|Rx|d|6|00000000FFE0
2.142212|12e|Rx|d|8|CA80007FF0FFFF00
2.142212|90|Rx|d|5|FF000E1000
2.142212|c6|Rx|d|8|803D80007FE3BCA4
2.142212|29a|Rx|d|8|0000000000000FF0
2.142212|2b7|Rx|d|5|00E0FFFE00
2.142212|211|Rx|d|8|8200FFFFA90000CE
2.142212|214|Rx|d|2|0000
2.142212|1b0|Rx|d|4|FF00FFC0
2.147301|12e|Rx|d|8|CA80007FF0FFFF00
2.147301|90|Rx|d|5|FF000F5C00
2.147301|c6|Rx|d|8|803D80007FE3BEA2
2.147301|242|Rx|d|8|1280FFFFFFFFFD00
2.147301|29c|Rx|d|8|00000000FFFF0000
2.147301|354|Rx|d|8|0000000000000000
2.157295|12e|Rx|d|8|CA80007FF0FFFF00
2.157295|90|Rx|d|5|FF0000FF00
2.157295|c6|Rx|d|8|803D80007FE3A0C0
2.157295|29a|Rx|d|8|00000000000000FF
2.157295|2b7|Rx|d|5|00E0FFFE00
2.157295|5d7|Rx|d|7|000008125200C0
2.157295|211|Rx|d|8|8200FFFFA90000CE
2.157295|214|Rx|d|2|0000
2.157295|1b0|Rx|d|4|FF00FFC0
2.167289|12e|Rx|d|8|CA80007FF0FFFF00
2.167289|90|Rx|d|5|FF0001B300
2.167289|c6|Rx|d|8|803D80007FE3A2BE
2.167289|242|Rx|d|8|1280FFFFFFFFFD00
2.167289|29c|Rx|d|8|00000000FFFF0000
2.167289|352|Rx|d|4|5C0000FF
2.167289|392|Rx|d|5|0004000000
2.177283|12e|Rx|d|8|CA80007FF0FFFF00
2.177283|90|Rx|d|5|FF00026700
2.177283|c6|Rx|d|8|803D80007FE3A4BC
2.177283|29a|Rx|d|8|00000000000001FE
2.177283|2b7|Rx|d|5|00E0FFFE00
2.177283|666|Rx|d|4|34800008
2.179282|211|Rx|d|8|8200FFFFA90000CE
2.179282|214|Rx|d|2|0000
2.179282|350|Rx|d|8|C22F3AF01414A485
2.179282|4f8|Rx|d|8|54C0000000000000
2.179282|1b0|Rx|d|4|FF00FFC0
2.179282|4de|Rx|d|3|C00000
2.179282|55d|Rx|d|8|00FC50C090800000
2.187278|12e|Rx|d|8|CB80017FF0FFFF00
2.187278|90|Rx|d|5|FF00032B00
2.187278|c6|Rx|d|8|803D80007FE3A6BA
2.187278|242|Rx|d|8|1280FFFFFFFFFD00
2.187278|29c|Rx|d|8|00000000FFFF0000
2.187278|354|Rx|d|8|0000000000000000
2.222415|12e|Rx|d|8|CB80017FF0FFFF00
2.222415|90|Rx|d|5|FF0004D200
2.222415|c6|Rx|d|8|803D80007FE3A8B8
2.222415|29a|Rx|d|8|00000000000002FD
2.222415|2b7|Rx|d|5|00E0FFFE00
2.222415|211|Rx|d|8|8200FFFFA90000CE
2.222415|214|Rx|d|2|0000
2.222415|1b0|Rx|d|4|FF00FFC0
2.222415|3b7|Rx|d|6|00007FC000C0
2.222415|5de|Rx|d|8|0000000000000002
2.222415|12e|Rx|d|8|CA80017FF0FFFF00
2.222415|90|Rx|d|5|FF00059E00
2.222415|c6|Rx|d|8|803D80007FE3AAB6
2.222415|242|Rx|d|8|1280FFFFFFFFFD00
2.222415|29c|Rx|d|8|00000000FFFF0000
2.222415|352|Rx|d|4|5C0000FF
2.222415|5df|Rx|d|3|009500
2.238040|12e|Rx|d|8|CA80017FF0FFFF00
2.238040|90|Rx|d|5|FF00064A00
2.238040|c6|Rx|d|8|803D80007FE3ACB4
2.238040|29a|Rx|d|8|00000000000003FC
2.238040|2b7|Rx|d|5|00E0FFFE00
2.238040|392|Rx|d|5|0004000000
2.238040|668|Rx|d|2|8000
2.238040|699|Rx|d|8|00000200BF000000
2.238040|211|Rx|d|8|8200FFFFA90000CE
2.238040|214|Rx|d|2|0000
2.238040|1b0|Rx|d|4|FF00FFC0
2.238040|657|Rx|d|2|C0CC
2.238040|218|Rx|d|1|98
2.238040|69f|Rx|d|4|0650859F
2.238040|4fa|Rx|d|2|0800
2.238040|671|Rx|d|2|0200
2.238040|12e|Rx|d|8|CA80007FF0FFFF00
2.238040|90|Rx|d|5|FF00070600
2.238040|c6|Rx|d|8|803D80007FE3AEB2
2.238040|242|Rx|d|8|1280FFFFFFFFFD00
2.238040|29c|Rx|d|8|00000000FFFF0000
2.238040|354|Rx|d|8|0000000000000000
2.238040|4ac|Rx|d|5|83732A0080
2.238040|45c|Rx|d|6|00000000FFE0
2.238040|12e|Rx|d|8|CA80007FF0FFFF00
2.238040|90|Rx|d|5|FF0008A500
2.238040|c6|Rx|d|8|803D80007FE3B0B0
2.238040|29a|Rx|d|8|00000000000004FB
2.238040|2b7|Rx|d|5|00E0FFFE00
2.238040|211|Rx|d|8|8200FFFFA90000CE
2.238040|214|Rx|d|2|0000
2.238040|1b0|Rx|d|4|FF00FFC0
2.275646|12e|Rx|d|8|CA80007FF0FFFF00
2.275646|90|Rx|d|5|FF0009E900
2.275646|c6|Rx|d|8|803D80007FE3B2AE
2.275646|242|Rx|d|8|1280FFFFFFFFFD00
2.275646|29c|Rx|d|8|00000000FFFF0000
2.275646|352|Rx|d|4|5C0000FF
2.275646|12e|Rx|d|8|CA80007FF0FFFF00
2.275646|90|Rx|d|5|FF000A3D00
2.275646|c6|Rx|d|8|803D80007FE3B4AC
2.275646|29a|Rx|d|8|00000000000005FA
2.275646|2b7|Rx|d|5|00E0FFFE00
2.275646|5d7|Rx|d|7|000008125200C0
2.275646|211|Rx|d|8|8200FFFFA90000CE
2.275646|214|Rx|d|2|0000
2.275646|1b0|Rx|d|4|FF00FFC0
2.275646|12e|Rx|d|8|CA80007FF0FFFF00
2.275646|90|Rx|d|5|FF000B7100
2.275646|c6|Rx|d|8|803D80007FE3B6AA
2.275646|242|Rx|d|8|1280FFFFFFFFFD00
2.275646|29c|Rx|d|8|00000000FFFF0000
2.275646|354|Rx|d|8|0000000000000000
2.275646|392|Rx|d|5|0004000000
2.275646|12e|Rx|d|8|CA80007FF0FFFF00
2.275646|90|Rx|d|5|FF000C8800
2.275646|c6|Rx|d|8|803D80007FE3B8A8
2.275646|29a|Rx|d|8|00000000000006F9
2.275646|2b7|Rx|d|5|00E0FFFE00
2.275646|666|Rx|d|4|34000008
2.309275|211|Rx|d|8|8200FFFFA90000CE
2.309275|214|Rx|d|2|0000
2.309275|350|Rx|d|8|C22F3AF01414A485
2.309275|4f8|Rx|d|8|54C0000000000000
2.309275|1b0|Rx|d|4|FF00FFC0
2.309275|4de|Rx|d|3|C00000
2.309275|55d|Rx|d|8|00FC50C090800000
2.309275|12e|Rx|d|8|CB80007FF0FFFF00
2.309275|90|Rx|d|5|FF000DC400
2.309275|c6|Rx|d|8|803D80007FE3BAA6
2.309275|242|Rx|d|8|1280FFFFFFFFFD00
2.309275|29c|Rx|d|8|00000000FFFF0000
2.309275|352|Rx|d|4|5C0000FF
2.309275|12e|Rx|d|8|CB80007FF0FFFF00
2.309275|90|Rx|d|5|FF000E1000
2.309275|c6|Rx|d|8|803D80007FE3BCA4
2.309275|29a|Rx|d|8|00000000000007F8
2.309275|2b7|Rx|d|5|00E0FFFE00
2.309275|211|Rx|d|8|8200FFFFA90000CE
2.309275|214|Rx|d|2|0000
2.309275|1b0|Rx|d|4|FF00FFC0
2.309275|3b7|Rx|d|6|00007FC000C0
2.309275|5de|Rx|d|8|0000000000000002
2.309275|12e|Rx|d|8|CA80007FF0FFFF00
2.309275|90|Rx|d|5|FF000F5C00
2.309275|c6|Rx|d|8|803D80007FE3BEA2
2.309275|242|Rx|d|8|1280FFFFFFFFFD00
2.309275|29c|Rx|d|8|00000000FFFF0000
2.309275|354|Rx|d|8|0000000000000000
2.309275|5df|Rx|d|3|009500
2.343662|12e|Rx|d|8|CA80007FF0FFFF00
2.343662|90|Rx|d|5|FF0000FF00
2.343662|c6|Rx|d|8|803D80007FE3A0C0
2.343662|29a|Rx|d|8|00000000000008F7
2.343662|2b7|Rx|d|5|00E0FFFE00
2.343662|392|Rx|d|5|0004000000
2.343662|668|Rx|d|2|8000
2.343662|211|Rx|d|8|8200FFFFA90000CE
2.343662|214|Rx|d|2|0000
2.343662|1b0|Rx|d|4|FF00FFC0
2.343662|657|Rx|d|2|C0CC
2.343662|218|Rx|d|1|98
2.343662|4fa|Rx|d|2|0800
2.343662|671|Rx|d|2|0200
2.343662|12e|Rx|d|8|CA80007FF0FFFF00
2.343662|90|Rx|d|5|FF0001B300
2.343662|c6|Rx|d|8|803D80007FE3A2BE
2.343662|242|Rx|d|8|1280FFFFFFFFFD00
2.343662|29c|Rx|d|8|00000000FFFF0000
2.343662|352|Rx|d|4|5C0000FF
2.343662|4ac|Rx|d|5|83732A0080
2.343662|45c|Rx|d|6|00000000FFE0
2.343662|12e|Rx|d|8|CA80007FF0FFFF00
2.343662|90|Rx|d|5|FF00026700
2.343662|c6|Rx|d|8|803D80007FE3A4BC
2.343662|29a|Rx|d|8|00000000000009F6
2.343662|2b7|Rx|d|5|00E0FFFE00
2.343662|211|Rx|d|8|8200FFFFA90000CE
2.343662|214|Rx|d|2|0000
2.343662|1b0|Rx|d|4|FF00FFC0
2.347843|12e|Rx|d|8|CA80007FF0FFFF00
2.347843|90|Rx|d|5|FF00032B00
2.347843|c6|Rx|d|8|803D80007FE3A6BA
2.347843|242|Rx|d|8|1280FFFFFFFFFD00
2.347843|29c|Rx|d|8|00000000FFFF0000
2.347843|354|Rx|d|8|0000000000000000
2.355839|12e|Rx|d|8|CA80007FF0FFFF00
2.355839|90|Rx|d|5|FF0004D200
2.357837|c6|Rx|d|8|803D80007FE3A8B8
2.357837|29a|Rx|d|8|0000000000000AF5
2.357837|2b7|Rx|d|5|00E0FFFE00
2.357837|5d7|Rx|d|7|000008125200C0
2.357837|211|Rx|d|8|8200FFFFA90000CE
2.357837|214|Rx|d|2|0000
2.357837|1b0|Rx|d|4|FF00FFC0
2.365833|12e|Rx|d|8|CA7FFF7FF0FFFF00
2.365833|90|Rx|d|5|FF00059E00
2.365833|c6|Rx|d|8|803D80007FE3AAB6
2.365833|242|Rx|d|8|1280FFFFFFFFFD00
2.365833|29c|Rx|d|8|00000000FFFF0000
2.365833|352|Rx|d|4|5C0000FF
2.365833|392|Rx|d|5|0004000000
2.375826|12e|Rx|d|8|CA7FFF7FF0FFFF00
2.375826|90|Rx|d|5|FF00064A00
2.377825|c6|Rx|d|8|803D80007FE3ACB4
2.377825|29a|Rx|d|8|0000000000000BF4
2.377825|2b7|Rx|d|5|00E0FFFE00
2.377825|666|Rx|d|4|34000008
2.377825|211|Rx|d|8|8200FFFFA90000CE
2.377825|214|Rx|d|2|0000
2.377825|350|Rx|d|8|C22F3AF01414A485
2.377825|4f8|Rx|d|8|54C0000000000000
2.377825|1b0|Rx|d|4|FF00FFC0
2.377825|4de|Rx|d|3|C00000
2.377825|55d|Rx|d|8|00FC50C090800000
2.387818|12e|Rx|d|8|CA80007FF0FFFF00
2.387818|90|Rx|d|5|FF00070600
2.387818|c6|Rx|d|8|803D80007FE3AEB2
2.387818|242|Rx|d|8|1280FFFFFFFFFD00
2.387818|29c|Rx|d|8|00000000FFFF0000
2.387818|354|Rx|d|8|0000000000000000
2.423973|12e|Rx|d|8|CA80007FF0FFFF00
2.423973|90|Rx|d|5|FF0008A500
2.423973|c6|Rx|d|8|803D80007FE3B0B0
2.423973|29a|Rx|d|8|0000000000000CF3
2.423973|2b7|Rx|d|5|00E0FFFE00
2.423973|211|Rx|d|8|8200FFFFA90000CE
2.423973|214|Rx|d|2|0000
2.423973|1b0|Rx|d|4|FF00FFC0
2.423973|3b7|Rx|d|6|00007FC000C0
2.423973|5de|Rx|d|8|0000000000000002
2.423973|12e|Rx|d|8|CA80007FF0FFFF00
2.423973|90|Rx|d|5|FF0009E900
2.423973|c6|Rx|d|8|803D80007FE3B2AE
2.423973|242|Rx|d|8|1280FFFFFFFFFD00
2.423973|29c|Rx|d|8|00000000FFFF0000
2.423973|352|Rx|d|4|5C0000FF
2.423973|5df|Rx|d|3|009500
2.439598|12e|Rx|d|8|CA80007FF0FFFF00
2.439598|90|Rx|d|5|FF000A3D00
2.439598|c6|Rx|d|8|803D80007FE3B4AC
2.439598|29a|Rx|d|8|0000000000000DF2
2.439598|2b7|Rx|d|5|00E0FFFE00
2.439598|392|Rx|d|5|0004000000
2.439598|668|Rx|d|2|8000
2.439598|211|Rx|d|8|8200FFFFA90000CE
2.439598|1b0|Rx|d|4|FF00FFC0
2.439598|214|Rx|d|2|0000
2.439598|657|Rx|d|2|C0CC
2.439598|218|Rx|d|1|98
2.439598|4fa|Rx|d|2|0800
2.439598|671|Rx|d|2|0200
2.439598|12e|Rx|d|8|CB80007FF0FFFF00
2.439598|90|Rx|d|5|FF000B7100
2.439598|c6|Rx|d|8|803D80007FE3B6AA
2.439598|242|Rx|d|8|1280FFFFFFFFFD00
2.443241|29c|Rx|d|8|00000000FFFF0000
2.443241|354|Rx|d|8|0000000000000000
2.443241|4ac|Rx|d|5|83732A0080
2.443241|45c|Rx|d|6|00000000FFE0
2.443241|12e|Rx|d|8|CB80007FF0FFFF00
2.443241|90|Rx|d|5|FF000C8800
2.443241|c6|Rx|d|8|803D80007FE3B8A8
2.443241|29a|Rx|d|8|0000000000000EF1
2.443241|2b7|Rx|d|5|00E0FFFE00
2.443241|211|Rx|d|8|8200FFFFA90000CE
2.443241|1b0|Rx|d|4|FF00FFC0
2.443241|214|Rx|d|2|0000
2.446462|12e|Rx|d|8|CA80007FF0FFFF00
2.446462|90|Rx|d|5|FF000DC400
2.446462|c6|Rx|d|8|803D80007FE3BAA6
2.446462|242|Rx|d|8|1280FFFFFFFFFD00
2.446462|29c|Rx|d|8|00000000FFFF0000
2.446462|352|Rx|d|4|5C0000FF
2.456456|12e|Rx|d|8|CA80007FF0FFFF00
2.456456|90|Rx|d|5|FF000E1000
2.456456|c6|Rx|d|8|803D80007FE3BCA4
2.456456|29a|Rx|d|8|0000000000000FF0
2.456456|2b7|Rx|d|5|00E0FFFE00
2.456456|5d7|Rx|d|7|000008125200C0
2.460453|211|Rx|d|8|8200FFFFA90000CE
2.460453|1b0|Rx|d|4|FF00FFC0
2.460453|214|Rx|d|2|0000
2.466451|12e|Rx|d|8|CA80007FF0FFFF00
2.466451|90|Rx|d|5|FF000F5C00
2.466451|c6|Rx|d|8|803D80007FE3BEA2
2.466451|242|Rx|d|8|1280FFFFFFFFFD00
2.466451|29c|Rx|d|8|00000000FFFF0000
2.466451|354|Rx|d|8|0000000000000000
2.466451|392|Rx|d|5|0004000000
2.476443|12e|Rx|d|8|CA80007FF0FFFF00
2.476443|90|Rx|d|5|FF0000FF00
2.476443|c6|Rx|d|8|803D80007FE3A0C0
2.476443|29a|Rx|d|8|00000000000000FF
2.476443|2b7|Rx|d|5|00E0FFFE00
2.476443|666|Rx|d|4|34000008
2.480441|211|Rx|d|8|8200FFFFA90000CE
2.480441|214|Rx|d|2|0000
2.480441|350|Rx|d|8|C22F3AF01414A485
2.480441|4f8|Rx|d|8|54C0000000000000
2.480441|1b0|Rx|d|4|FF00FFC0
2.480441|4de|Rx|d|3|C00000
2.480441|55d|Rx|d|8|00FC50C090800000
2.486437|12e|Rx|d|8|CA80007FF0FFFF00
2.486437|90|Rx|d|5|FF0001B300
2.486437|c6|Rx|d|8|803D80007FE3A2BE
2.486437|242|Rx|d|8|1280FFFFFFFFFD00
2.486437|29c|Rx|d|8|00000000FFFF0000
2.486437|352|Rx|d|4|5C0000FF
2.524436|12e|Rx|d|8|CA80007FF0FFFF00
2.524436|90|Rx|d|5|FF00026700
2.524436|c6|Rx|d|8|803D80007FE3A4BC
2.524436|29a|Rx|d|8|00000000000001FE
2.524436|2b7|Rx|d|5|00E0FFFE00
2.524436|211|Rx|d|8|8200FFFFA90000CE
2.524436|214|Rx|d|2|0000
2.524436|1b0|Rx|d|4|FF00FFC0
2.524436|3b7|Rx|d|6|00007FC000C0
2.524436|5de|Rx|d|8|0000000000000002
2.524436|12e|Rx|d|8|CA80007FF0FFFF00
2.524436|90|Rx|d|5|FF00032B00
2.524436|c6|Rx|d|8|803D80007FE3A6BA
2.524436|242|Rx|d|8|1280FFFFFFFFFD00
2.524436|29c|Rx|d|8|00000000FFFF0000
2.524436|354|Rx|d|8|0000000000000000
2.524436|5df|Rx|d|3|009500
2.524436|646|Rx|d|8|000000020000000C
2.540060|12e|Rx|d|8|CA80007FF0FFFF00
2.540060|90|Rx|d|5|FF0004D200
2.540060|c6|Rx|d|8|803D80007FE3A8B8
2.540060|29a|Rx|d|8|00000000000002FD
2.540060|2b7|Rx|d|5|00E0FFFE00
2.540060|392|Rx|d|5|0004000000
2.540060|668|Rx|d|2|8000
2.540060|211|Rx|d|8|8200FFFFA90000CE
2.540060|214|Rx|d|2|0000
2.540060|1b0|Rx|d|4|FF00FFC0
2.540060|218|Rx|d|1|98
2.540060|657|Rx|d|2|C0CC
2.540060|4fa|Rx|d|2|0800
2.540060|671|Rx|d|2|0200
2.540060|12e|Rx|d|8|CA80007FF0FFFF00
2.540060|90|Rx|d|5|FF00059E00
2.540060|c6|Rx|d|8|803D80007FE3AAB6
2.540060|242|Rx|d|8|1280FFFFFFFFFD00
2.540060|29c|Rx|d|8|00000000FFFF0000
2.540060|352|Rx|d|4|5C0000FF
2.540060|4ac|Rx|d|5|83732A0080
2.540060|45c|Rx|d|6|00000000FFE0
2.540060|12e|Rx|d|8|CA80007FF0FFFF00
2.540060|90|Rx|d|5|FF00064A00
2.540060|c6|Rx|d|8|803D80007FE3ACB4
2.540060|29a|Rx|d|8|00000000000003FC
2.540060|2b7|Rx|d|5|00E0FFFE00
2.540060|211|Rx|d|8|8200FFFFA90000CE
2.540060|214|Rx|d|2|0000
2.540060|1b0|Rx|d|4|FF00FFC0
2.574911|12e|Rx|d|8|CA80007FF0FFFF00
2.574911|90|Rx|d|5|FF00070600
2.574911|c6|Rx|d|8|803D80007FE3AEB2
2.574911|242|Rx|d|8|1280FFFFFFFFFD00
2.574911|29c|Rx|d|8|00000000FFFF0000
2.574911|354|Rx|d|8|0000000000000000
2.574911|12e|Rx|d|8|CA80007FF0FFFF00
2.574911|90|Rx|d|5|FF0008A500
2.574911|c6|Rx|d|8|803D80007FE3B0B0
2.574911|29a|Rx|d|8|00000000000004FB
2.574911|2b7|Rx|d|5|00E0FFFE00
2.574911|5d7|Rx|d|7|000008125200C0
2.574911|211|Rx|d|8|8200FFFFA90000CE
2.574911|214|Rx|d|2|0000
2.574911|1b0|Rx|d|4|FF00FFC0
2.574911|12e|Rx|d|8|CA80007FF0FFFF00
2.574911|90|Rx|d|5|FF0009E900
2.574911|c6|Rx|d|8|803D80007FE3B2AE
2.574911|242|Rx|d|8|1280FFFFFFFFFD00
2.574911|29c|Rx|d|8|00000000FFFF0000
2.574911|352|Rx|d|4|5C0000FF
2.574911|392|Rx|d|5|0004000000
2.574911|12e|Rx|d|8|CA80007FF0FFFF00
2.574911|90|Rx|d|5|FF000A3D00
2.574911|c6|Rx|d|8|803D80087FE3B4A4
2.574911|29a|Rx|d|8|00000000000005FA
2.574911|2b7|Rx|d|5|00E0FFFE00
2.574911|666|Rx|d|4|34000008
2.608670|211|Rx|d|8|8200FFFFA90000CE
2.608670|214|Rx|d|2|0000
2.608670|350|Rx|d|8|C22F3AF01414A485
2.608670|4f8|Rx|d|8|54C0000000000000
2.608670|1b0|Rx|d|4|FF00FFC0
2.608670|4de|Rx|d|3|C00000
2.608670|55d|Rx|d|8|00FC50C090800000
2.608670|12e|Rx|d|8|C980007FF0FFFF00
2.608670|90|Rx|d|5|FF000B7100
2.608670|c6|Rx|d|8|803D7FF87FE3B6B3
2.608670|242|Rx|d|8|1280FFFFFFFFFD00
2.608670|29c|Rx|d|8|00000000FFFF0000
2.608670|354|Rx|d|8|0000000000000000
2.608670|12e|Rx|d|8|C980007FF0FFFF00
2.608670|90|Rx|d|5|FF000C8800
2.608670|c6|Rx|d|8|803D80007FE3B8A8
2.608670|29a|Rx|d|8|00000000000006F9
2.608670|2b7|Rx|d|5|00E0FFFE00
2.608670|211|Rx|d|8|8200FFFFA90000CE
2.608670|1b0|Rx|d|4|FF00FFC0
2.608670|214|Rx|d|2|0000
2.608670|3b7|Rx|d|6|00007FC000C0
2.608670|5de|Rx|d|8|0000000000000002
2.608670|12e|Rx|d|8|CA80007FF0FFFF00
2.608670|90|Rx|d|5|FF000DC400
2.608670|c6|Rx|d|8|803D80007FE3BAA6
2.608670|242|Rx|d|8|1280FFFFFFFFFD00
2.608670|29c|Rx|d|8|00000000FFFF0000
2.608670|352|Rx|d|4|5C0000FF
2.608670|5df|Rx|d|3|009500
2.642102|12e|Rx|d|8|CA80007FF0FFFF00
2.642102|90|Rx|d|5|FF000E1000
2.642102|c6|Rx|d|8|803D80007FE3BCA4
2.642102|29a|Rx|d|8|00000000000007F8
2.642102|2b7|Rx|d|5|00E0FFFE00
2.642102|392|Rx|d|5|0004000000
2.642102|668|Rx|d|2|8000
2.642102|211|Rx|d|8|8200FFFFA90000CE
2.642102|1b0|Rx|d|4|FF00FFC0
2.642102|214|Rx|d|2|0000
2.642102|657|Rx|d|2|C0CC
2.642102|218|Rx|d|1|98
2.642102|4fa|Rx|d|2|0800
2.642102|671|Rx|d|2|0200
2.642102|12e|Rx|d|8|CB80007FF0FFFF00
2.642102|90|Rx|d|5|FF000F5C00
2.642102|c6|Rx|d|8|803D80007FE3BEA2
2.642102|242|Rx|d|8|1280FFFFFFFFFD00
2.642102|29c|Rx|d|8|00000000FFFF0000
2.642102|354|Rx|d|8|0000000000000000
2.642102|4ac|Rx|d|5|83732A0080
2.642102|45c|Rx|d|6|00000000FFE0
2.642102|12e|Rx|d|8|CB80007FF0FFFF00
2.642102|90|Rx|d|5|FF0000FF00
2.642102|c6|Rx|d|8|803D80007FE3A0C0
2.642102|29a|Rx|d|8|00000000000008F7
2.642102|2b7|Rx|d|5|00E0FFFE00
2.642102|211|Rx|d|8|8200FFFFA90000CE
2.642102|1b0|Rx|d|4|FF00FFC0
2.642102|214|Rx|d|2|0000
2.646174|12e|Rx|d|8|CA80007FF0FFFF00
2.646174|90|Rx|d|5|FF0001B300
2.646174|c6|Rx|d|8|803D80007FE3A2BE
2.646174|242|Rx|d|8|1280FFFFFFFFFD00
2.646174|29c|Rx|d|8|00000000FFFF0000
2.646174|352|Rx|d|4|5C0000FF
2.656169|12e|Rx|d|8|CA80007FF0FFFF00
2.656169|90|Rx|d|5|FF00026700
2.656169|c6|Rx|d|8|803D80007FE3A4BC
2.656169|29a|Rx|d|8|00000000000009F6
2.656169|2b7|Rx|d|5|00E0FFFE00
2.656169|5d7|Rx|d|7|000008125200C0
2.660167|211|Rx|d|8|8200FFFFA90000CE
2.660167|1b0|Rx|d|4|FF00FFC0
2.660167|214|Rx|d|2|0000
2.666161|12e|Rx|d|8|CA80007FF0FFFF00
2.666161|90|Rx|d|5|FF00032B00
2.666161|c6|Rx|d|8|803D80007FE3A6BA
2.666161|242|Rx|d|8|1280FFFFFFFFFD00
2.666161|29c|Rx|d|8|00000000FFFF0000
2.666161|354|Rx|d|8|0000000000000000
2.666161|392|Rx|d|5|0004000000
2.676156|12e|Rx|d|8|CA80007FF0FFFF00
2.676156|90|Rx|d|5|FF0004D200
2.676156|c6|Rx|d|8|803D80007FE3A8B8
2.676156|29a|Rx|d|8|0000000000000AF5
2.676156|2b7|Rx|d|5|00E0FFFE00
2.676156|666|Rx|d|4|34000008
2.680154|211|Rx|d|8|8200FFFFA90000CE
2.680154|350|Rx|d|8|C22F3AF01414A485
2.680154|214|Rx|d|2|0000
2.680154|1b0|Rx|d|4|FF00FFC0
2.680154|4f8|Rx|d|8|54C0000000000000
2.680154|4de|Rx|d|3|C00000
2.680154|55d|Rx|d|8|00FC50C090800000
2.686150|12e|Rx|d|8|CA80007FF0FFFF00
2.686150|90|Rx|d|5|FF00059E00
2.686150|c6|Rx|d|8|803D80007FE3AAB6
2.686150|242|Rx|d|8|1280FFFFFFFFFD00
2.686150|29c|Rx|d|8|00000000FFFF0000
2.686150|352|Rx|d|4|5C0000FF
2.721766|12e|Rx|d|8|CA80007FF0FFFF00
2.721766|90|Rx|d|5|FF00064A00
2.721766|c6|Rx|d|8|803D80007FE3ACB4
2.721766|29a|Rx|d|8|0000000000000BF4
2.721766|2b7|Rx|d|5|00E0FFFE00
2.721766|211|Rx|d|8|8200FFFFA90000CE
2.721766|1b0|Rx|d|4|FF00FFC0
2.721766|214|Rx|d|2|0000
2.721766|3b7|Rx|d|6|00007FC000C0
2.721766|5de|Rx|d|8|0000000000000002
2.721766|12e|Rx|d|8|CA80007FF0FFFF00
2.721766|90|Rx|d|5|FF00070600
2.721766|c6|Rx|d|8|803D80007FE3AEB2
2.721766|242|Rx|d|8|1280FFFFFFFFFD00
2.721766|29c|Rx|d|8|00000000FFFF0000
2.721766|354|Rx|d|8|0000000000000000
2.737391|5df|Rx|d|3|009500
2.737391|12e|Rx|d|8|CA80007FF0FFFF00
2.737391|90|Rx|d|5|FF0008A500
2.737391|c6|Rx|d|8|803D80007FE3B0B0
2.737391|29a|Rx|d|8|0000000000000CF3
2.737391|2b7|Rx|d|5|00E0FFFE00
2.737391|392|Rx|d|5|0004000000
2.737391|668|Rx|d|2|8000
2.737391|211|Rx|d|8|8200FFFFA90000CE
2.737391|1b0|Rx|d|4|FF00FFC0
2.737391|214|Rx|d|2|0000
2.737391|657|Rx|d|2|C0CC
2.737391|218|Rx|d|1|98
2.737391|4fa|Rx|d|2|0800
2.737391|671|Rx|d|2|0200
2.737391|12e|Rx|d|8|CB80007FF0FFFF00
2.737391|90|Rx|d|5|FF0009E900
2.737391|c6|Rx|d|8|803D80007FE3B2AE
2.737391|242|Rx|d|8|1280FFFFFFFFFD00
2.737391|29c|Rx|d|8|00000000FFFF0000
2.737391|352|Rx|d|4|5C0000FF
2.737391|4ac|Rx|d|5|83732A0080
2.737391|45c|Rx|d|6|00000000FFE0
2.737391|12e|Rx|d|8|CB80007FF0FFFF00
2.737391|90|Rx|d|5|FF000A3D00
2.737391|c6|Rx|d|8|803D80007FE3B4AC
2.737391|29a|Rx|d|8|0000000000000DF2
2.737391|2b7|Rx|d|5|00E0FFFE00
2.737391|211|Rx|d|8|8200FFFFA90000CE
2.737391|1b0|Rx|d|4|FF00FFC0
2.737391|214|Rx|d|2|0000
2.772723|12e|Rx|d|8|CB80007FF0FFFF00
2.772723|90|Rx|d|5|FF000B7100
2.772723|c6|Rx|d|8|803D80007FE3B6AA
2.772723|242|Rx|d|8|1280FFFFFFFFFD00
2.772723|29c|Rx|d|8|00000000FFFF0000
2.772723|354|Rx|d|8|0000000000000000
2.772723|12e|Rx|d|8|CB80007FF0FFFF00
2.772723|90|Rx|d|5|FF000C8800
2.772723|c6|Rx|d|8|803D80007FE3B8A8
2.772723|29a|Rx|d|8|0000000000000EF1
2.772723|2b7|Rx|d|5|00E0FFFE00
2.772723|5d7|Rx|d|7|000008125200C0
2.772723|211|Rx|d|8|8200FFFFA90000CE
2.772723|1b0|Rx|d|4|FF00FFC0
2.772723|214|Rx|d|2|0000
2.772723|12e|Rx|d|8|CA7FFF7FF0FFFF00
2.772723|90|Rx|d|5|FF000DC400
2.772723|c6|Rx|d|8|803D80007FE3BAA6
2.772723|242|Rx|d|8|1280FFFFFFFFFD00
2.772723|29c|Rx|d|8|00000000FFFF0000
2.772723|352|Rx|d|4|5C0000FF
2.772723|392|Rx|d|5|0004000000
2.806405|12e|Rx|d|8|CA7FFF7FF0FFFF00
2.806405|90|Rx|d|5|FF000E1000
2.806405|c6|Rx|d|8|803D80007FE3BCA4
2.806405|29a|Rx|d|8|0000000000000FF0
2.806405|2b7|Rx|d|5|00E0FFFE00
2.806405|666|Rx|d|4|34000008
2.806405|211|Rx|d|8|8200FFFFA90000CE
2.806405|350|Rx|d|8|C22F3AF01414A485
2.806405|214|Rx|d|2|0000
2.806405|1b0|Rx|d|4|FF00FFC0
2.806405|4f8|Rx|d|8|54C0000000000000
2.806405|4de|Rx|d|3|C00000
2.806405|55d|Rx|d|8|00FC50C090800000
2.806405|12e|Rx|d|8|CA7FFF7FF0FFFF00
2.806405|90|Rx|d|5|FF000F5C00
2.806405|c6|Rx|d|8|803D80007FE3BEA2
2.806405|242|Rx|d|8|1280FFFFFFFFFD00
2.806405|29c|Rx|d|8|00000000FFFF0000
2.806405|354|Rx|d|8|0000000000000000
2.806405|12e|Rx|d|8|CA7FFF7FF0FFFF00
2.806405|90|Rx|d|5|FF0000FF00
2.806405|c6|Rx|d|8|803D80007FE3A0C0
2.806405|29a|Rx|d|8|00000000000000FF
2.806405|2b7|Rx|d|5|00E0FFFE00
2.806405|211|Rx|d|8|8200FFFFA90000CE
2.806405|1b0|Rx|d|4|FF00FFC0
2.806405|214|Rx|d|2|0000
2.806405|3b7|Rx|d|6|00007FC000C0
2.806405|5de|Rx|d|8|0000000000000002
2.806405|12e|Rx|d|8|CB80007FF0FFFF00
2.806405|90|Rx|d|5|FF0001B300
2.806405|c6|Rx|d|8|803D80007FE3A2BE
2.806405|242|Rx|d|8|1280FFFFFFFFFD00
2.806405|29c|Rx|d|8|00000000FFFF0000
2.806405|352|Rx|d|4|5C0000FF
2.822031|5df|Rx|d|3|009500
2.837655|12e|Rx|d|8|CB80007FF0FFFF00
2.837655|90|Rx|d|5|FF00026700
2.837655|c6|Rx|d|8|803D80007FE3A4BC
2.837655|29a|Rx|d|8|00000000000001FE
2.837655|2b7|Rx|d|5|00E0FFFE00
2.837655|392|Rx|d|5|0004000000
2.837655|668|Rx|d|2|8000
2.837655|211|Rx|d|8|8200FFFFA90000CE
2.837655|1b0|Rx|d|4|FF00FFC0
2.837655|214|Rx|d|2|0000
2.837655|657|Rx|d|2|C0CC
2.837655|218|Rx|d|1|98
2.837655|4fa|Rx|d|2|0800
2.837655|671|Rx|d|2|0200
2.837655|12e|Rx|d|8|CA80007FF0FFFF00
2.837655|90|Rx|d|5|FF00032B00
2.837655|c6|Rx|d|8|803D80007FE3A6BA
2.837655|242|Rx|d|8|1280FFFFFFFFFD00
2.837655|29c|Rx|d|8|00000000FFFF0000
2.837655|354|Rx|d|8|0000000000000000
2.837655|4ac|Rx|d|5|83732A0080
2.837655|45c|Rx|d|6|00000000FFE0
2.837655|12e|Rx|d|8|CA80007FF0FFFF00
2.837655|90|Rx|d|5|FF0004D200
2.837655|c6|Rx|d|8|803D80007FE3A8B8
2.837655|29a|Rx|d|8|00000000000002FD
2.837655|2b7|Rx|d|5|00E0FFFE00
2.837655|211|Rx|d|8|8200FFFFA90000CE
2.837655|1b0|Rx|d|4|FF00FFC0
2.837655|214|Rx|d|2|0000
2.871571|12e|Rx|d|8|CA80007FF0FFFF00
2.871571|90|Rx|d|5|FF00059E00
2.871571|c6|Rx|d|8|803D80007FE3AAB6
2.871571|242|Rx|d|8|1280FFFFFFFFFD00
2.871571|29c|Rx|d|8|00000000FFFF0000
2.871571|352|Rx|d|4|5C0000FF
2.871571|12e|Rx|d|8|CA80007FF0FFFF00
2.871571|90|Rx|d|5|FF00064A00
2.871571|c6|Rx|d|8|803D80007FE3ACB4
2.871571|29a|Rx|d|8|00000000000003FC
2.871571|2b7|Rx|d|5|00E0FFFE00
2.871571|5d7|Rx|d|7|000008125200C0
2.871571|211|Rx|d|8|8200FFFFA90000CE
2.871571|1b0|Rx|d|4|FF00FFC0
2.871571|214|Rx|d|2|0000
2.871571|12e|Rx|d|8|CA80007FF0FFFF00
2.871571|90|Rx|d|5|FF00070600
2.871571|c6|Rx|d|8|803D80007FE3AEB2
2.871571|242|Rx|d|8|1280FFFFFFFFFD00
2.871571|29c|Rx|d|8|00000000FFFF0000
2.871571|354|Rx|d|8|0000000000000000
2.871571|392|Rx|d|5|0004000000
2.905893|12e|Rx|d|8|CA80007FF0FFFF00
2.905893|90|Rx|d|5|FF0008A500
2.905893|c6|Rx|d|8|803D80007FE3B0B0
2.905893|29a|Rx|d|8|00000000000004FB
2.905893|2b7|Rx|d|5|00E0FFFE00
2.905893|666|Rx|d|4|34000008
2.905893|211|Rx|d|8|8200FFFFA90000CE
2.905893|350|Rx|d|8|C22F3AF01414A485
2.905893|214|Rx|d|2|0000
2.905893|1b0|Rx|d|4|FF00FFC0
2.905893|4f8|Rx|d|8|54C0000000000000
2.905893|4de|Rx|d|3|C00000
2.905893|55d|Rx|d|8|00FC50C090800000
2.905893|12e|Rx|d|8|CA80007FF0FFFF00
2.905893|90|Rx|d|5|FF0009E900
2.905893|c6|Rx|d|8|803D80007FE3B2AE
2.905893|242|Rx|d|8|1280FFFFFFFFFD00
2.905893|29c|Rx|d|8|00000000FFFF0000
2.905893|352|Rx|d|4|5C0000FF
2.905893|12e|Rx|d|8|CA80007FF0FFFF00
2.905893|90|Rx|d|5|FF000A3D00
2.905893|c6|Rx|d|8|803D80007FE3B4AC
2.905893|29a|Rx|d|8|00000000000005FA
2.905893|2b7|Rx|d|5|00E0FFFE00
2.905893|211|Rx|d|8|8200FFFFA90000CE
2.905893|1b0|Rx|d|4|FF00FFC0
2.905893|214|Rx|d|2|0000
2.905893|3b7|Rx|d|6|00007FC000C0
2.905893|5de|Rx|d|8|0000000000000002
2.905893|12e|Rx|d|8|CA80007FF0FFFF00
2.905893|90|Rx|d|5|FF000B7100
2.905893|c6|Rx|d|8|803D80007FE3B6AA
2.905893|242|Rx|d|8|1280FFFFFFFFFD00
2.905893|29c|Rx|d|8|00000000FFFF0000
2.905893|354|Rx|d|8|0000000000000000
2.940793|5df|Rx|d|3|009500
2.940793|12e|Rx|d|8|CA80007FF0FFFF00
2.940793|90|Rx|d|5|FF000C8800
2.940793|c6|Rx|d|8|803D80007FE3B8A8
2.940793|29a|Rx|d|8|00000000000006F9
2.940793|2b7|Rx|d|5|00E0FFFE00
2.940793|392|Rx|d|5|0004000000
2.940793|668|Rx|d|2|8000
2.940793|211|Rx|d|8|8200FFFFA90000CE
2.940793|1b0|Rx|d|4|FF00FFC0
2.940793|214|Rx|d|2|0000
2.940793|657|Rx|d|2|C0CC
2.940793|218|Rx|d|1|98
2.940793|4fa|Rx|d|2|0800
2.940793|671|Rx|d|2|0200
2.940793|12e|Rx|d|8|CA80007FF0FFFF00
2.940793|90|Rx|d|5|FF000DC400
2.940793|c6|Rx|d|8|803D80007FE3BAA6
2.940793|242|Rx|d|8|1280FFFFFFFFFD00
2.940793|29c|Rx|d|8|00000000FFFF0000
2.940793|352|Rx|d|4|5C0000FF
2.940793|4ac|Rx|d|5|83732A0080
2.940793|45c|Rx|d|6|00000000FFE0
2.940793|12e|Rx|d|8|CA80007FF0FFFF00
2.940793|90|Rx|d|5|FF000E1000
2.940793|c6|Rx|d|8|803D80007FE3BCA4
2.940793|29a|Rx|d|8|00000000000007F8
2.940793|2b7|Rx|d|5|00E0FFFE00
2.940793|211|Rx|d|8|8200FFFFA90000CE
2.940793|1b0|Rx|d|4|FF00FFC0
2.940793|214|Rx|d|2|0000
2.946935|12e|Rx|d|8|CA80007FF0FFFF00
2.946935|90|Rx|d|5|FF000F5C00
2.946935|c6|Rx|d|8|803D80087FE3BE9A
2.946935|242|Rx|d|8|1280FFFFFFFFFD00
2.946935|29c|Rx|d|8|00000000FFFF0000
2.946935|354|Rx|d|8|0000000000000000
2.956929|12e|Rx|d|8|CA80007FF0FFFF00
2.956929|90|Rx|d|5|FF0000FF00
2.956929|c6|Rx|d|8|803D7FF87FE3A0C9
2.956929|29a|Rx|d|8|00000000000008F7
2.956929|2b7|Rx|d|5|00E0FFFE00
2.956929|5d7|Rx|d|7|000008125200C0
2.956929|211|Rx|d|8|8200FFFFA90000CE
2.956929|1b0|Rx|d|4|FF00FFC0
2.956929|214|Rx|d|2|0000
2.966923|12e|Rx|d|8|CA80007FF0FFFF00
2.966923|90|Rx|d|5|FF0001B300
2.966923|c6|Rx|d|8|803D80007FE3A2BE
2.966923|242|Rx|d|8|1280FFFFFFFFFD00
2.966923|29c|Rx|d|8|00000000FFFF0000
2.966923|352|Rx|d|4|5C0000FF
2.966923|392|Rx|d|5|0004000000
2.976917|12e|Rx|d|8|CA80007FF0FFFF00
2.976917|90|Rx|d|5|FF00026700
2.976917|c6|Rx|d|8|803D80007FE3A4BC
2.976917|29a|Rx|d|8|00000000000009F6
2.976917|2b7|Rx|d|5|00E0FFFE00
2.976917|666|Rx|d|4|34000008
2.978915|211|Rx|d|8|8200FFFFA90000CE
2.978915|350|Rx|d|8|C22F3AF01414A485
2.978915|214|Rx|d|2|0000
2.978915|1b0|Rx|d|4|FF00FFC0
2.978915|4f8|Rx|d|8|54C0000000000000
2.978915|4de|Rx|d|3|C00000
2.978915|55d|Rx|d|8|00FC50C090800000
2.986910|12e|Rx|d|8|CA80007FF0FFFF00
2.986910|90|Rx|d|5|FF00032B00
2.986910|c6|Rx|d|8|803D80007FE3A6BA
2.986910|242|Rx|d|8|1280FFFFFFFFFD00
2.986910|29c|Rx|d|8|00000000FFFF0000
2.986910|354|Rx|d|8|0000000000000000
2.986910|6fb|Rx|d|8|0F03FF00FF0000FF
3.022229|12e|Rx|d|8|CA80007FF0FFFF00
3.022229|90|Rx|d|5|FF0004D200
3.022229|c6|Rx|d|8|803D80007FE3A8B8
3.022229|29a|Rx|d|8|0000000000000AF5
3.022229|2b7|Rx|d|5|00E0FFFE00
3.022229|211|Rx|d|8|8200FFFFA90000CE
3.022229|1b0|Rx|d|4|FF00FFC0
3.022229|214|Rx|d|2|0000
3.022229|3b7|Rx|d|6|00007FC000C0
3.022229|5de|Rx|d|8|0000000000000002
3.022229|12e|Rx|d|8|CA80007FF0FFFF00
3.022229|90|Rx|d|5|FF00059E00
3.022229|c6|Rx|d|8|803D80007FE3AAB6
3.022229|242|Rx|d|8|1280FFFFFFFFFD00
3.022229|29c|Rx|d|8|00000000FFFF0000
3.022229|352|Rx|d|4|5C0000FF
3.022229|5df|Rx|d|3|009500
3.022229|646|Rx|d|8|000000020000000C
3.037851|12e|Rx|d|8|CA80007FF0FFFF00
3.037851|90|Rx|d|5|FF00064A00
3.037851|c6|Rx|d|8|803D80007FE3ACB4
3.037851|29a|Rx|d|8|0000000000000BF4
3.037851|2b7|Rx|d|5|00E0FFFE00
3.037851|392|Rx|d|5|0004000000
3.037851|668|Rx|d|2|8000
3.037851|211|Rx|d|8|8200FFFFA90000CE
3.037851|214|Rx|d|2|0000
3.037851|1b0|Rx|d|4|FF00FFC0
3.037851|5ce|Rx|d|3|FEFF00
3.037851|657|Rx|d|2|C0CC
3.037851|218|Rx|d|1|98
3.037851|4fa|Rx|d|2|0800
3.037851|671|Rx|d|2|0200
3.037851|12e|Rx|d|8|CA80007FF0FFFF00
3.037851|90|Rx|d|5|FF00070600
3.037851|c6|Rx|d|8|803D80007FE3AEB2
3.037851|242|Rx|d|8|1280FFFFFFFFFD00
3.037851|29c|Rx|d|8|00000000FFFF0000
3.037851|354|Rx|d|8|0000000000000000
3.037851|4ac|Rx|d|5|83732A0080
3.037851|45c|Rx|d|6|00000000FFE0
3.037851|12e|Rx|d|8|CA80007FF0FFFF00
3.037851|90|Rx|d|5|FF0008A500
3.037851|c6|Rx|d|8|803D80007FE3B0B0
3.037851|29a|Rx|d|8|0000000000000CF3
3.037851|2b7|Rx|d|5|00E0FFFE00
3.037851|211|Rx|d|8|8200FFFFA90000CE
3.037851|1b0|Rx|d|4|FF00FFC0
3.037851|214|Rx|d|2|0000
3.070680|12e|Rx|d|8|CA80017FF0FFFF00
3.070680|90|Rx|d|5|FF0009E900
3.070680|c6|Rx|d|8|803D80007FE3B2AE
3.070680|242|Rx|d|8|1280FFFFFFFFFD00
3.070680|29c|Rx|d|8|00000000FFFF0000
3.070680|352|Rx|d|4|5C0000FF
3.070680|12e|Rx|d|8|CA80017FF0FFFF00
3.070680|90|Rx|d|5|FF000A3D00
3.070680|c6|Rx|d|8|803D80007FE3B4AC
3.070680|29a|Rx|d|8|0000000000000DF2
3.070680|2b7|Rx|d|5|00E0FFFE00
3.070680|5d7|Rx|d|7|000008125200C0
3.070680|211|Rx|d|8|8200FFFFA90000CE
3.070680|214|Rx|d|2|0000
3.070680|1b0|Rx|d|4|FF00FFC0
3.070680|12e|Rx|d|8|CA80007FF0FFFF00
3.070680|90|Rx|d|5|FF000B7100
3.070680|c6|Rx|d|8|803D80007FE3B6AA
3.070680|242|Rx|d|8|1280FFFFFFFFFD00
3.070680|29c|Rx|d|8|00000000FFFF0000
3.070680|354|Rx|d|8|0000000000000000
3.070680|392|Rx|d|5|0004000000
3.119414|12e|Rx|d|8|CA80007FF0FFFF00
3.119414|90|Rx|d|5|FF000C8800
3.119414|c6|Rx|d|8|803D80007FE3B8A8
3.119414|29a|Rx|d|8|0000000000000EF1
3.119414|2b7|Rx|d|5|00E0FFFE00
3.119414|666|Rx|d|4|34000008
3.119414|211|Rx|d|8|8200FFFFA90000CE
3.119414|214|Rx|d|2|0000
3.119414|350|Rx|d|8|C22F3AF01414A485
3.119414|4f8|Rx|d|8|54C0000000000000
3.119414|1b0|Rx|d|4|FF00FFC0
3.119414|4de|Rx|d|3|C00000
3.119414|55d|Rx|d|8|00FC50C090800000
3.119414|12e|Rx|d|8|CB80007FF0FFFF00
3.119414|90|Rx|d|5|FF000DC400
3.119414|c6|Rx|d|8|803D80007FE3BAA6
3.119414|242|Rx|d|8|1280FFFFFFFFFD00
3.119414|29c|Rx|d|8|00000000FFFF0000
3.119414|352|Rx|d|4|5C0000FF
3.119414|12e|Rx|d|8|CB80007FF0FFFF00
3.119414|90|Rx|d|5|FF000E1000
3.119414|c6|Rx|d|8|803D80007FE3BCA4
3.119414|29a|Rx|d|8|0000000000000FF0
3.119414|2b7|Rx|d|5|00E0FFFE00
3.119414|211|Rx|d|8|8200FFFFA90000CE
3.119414|214|Rx|d|2|0000
3.119414|1b0|Rx|d|4|FF00FFC0
3.119414|3b7|Rx|d|6|00007FC000C0
3.119414|5de|Rx|d|8|0000000000000002
3.119414|12e|Rx|d|8|CB80007FF0FFFF00
3.119414|90|Rx|d|5|FF000F5C00
3.119414|c6|Rx|d|8|803D80007FE3BEA2
3.119414|242|Rx|d|8|1280FFFFFFFFFD00
3.119414|29c|Rx|d|8|00000000FFFF0000
3.119414|354|Rx|d|8|0000000000000000
3.119414|5df|Rx|d|3|009500
3.119414|12e|Rx|d|8|CB80007FF0FFFF00
3.119414|90|Rx|d|5|FF0000FF00
3.119414|c6|Rx|d|8|803D80007FE3A0C0
3.119414|29a|Rx|d|8|00000000000000FF
3.119414|2b7|Rx|d|5|00E0FFFE00
3.119414|392|Rx|d|5|0004000000
3.119414|668|Rx|d|2|8000
3.119414|211|Rx|d|8|8200FFFFA90000CE
3.119414|214|Rx|d|2|0000
3.119414|1b0|Rx|d|4|FF00FFC0
3.119414|657|Rx|d|2|C0CC
3.119414|218|Rx|d|1|98
3.119414|4fa|Rx|d|2|0800
3.119414|671|Rx|d|2|0200
3.154571|12e|Rx|d|8|CA80007FF0FFFF00
3.154571|90|Rx|d|5|FF0001B300
3.154571|c6|Rx|d|8|803D80007FE3A2BE
3.154571|242|Rx|d|8|1280FFFFFFFFFD00
3.154571|29c|Rx|d|8|00000000FFFF0000
3.154571|352|Rx|d|4|5C0000FF
3.154571|4ac|Rx|d|5|83722A0080
3.154571|45c|Rx|d|6|00000000FFE0
3.154571|12e|Rx|d|8|CA80007FF0FFFF00
3.154571|90|Rx|d|5|FF00026700
3.154571|c6|Rx|d|8|803D80007FE3A4BC
3.154571|29a|Rx|d|8|00000000000001FE
3.154571|2b7|Rx|d|5|00E0FFFE00
3.154571|211|Rx|d|8|8200FFFFA90000CE
3.154571|214|Rx|d|2|0000
3.154571|1b0|Rx|d|4|FF00FFC0
3.154571|12e|Rx|d|8|CA80007FF0FFFF00
3.154571|90|Rx|d|5|FF00032B00
3.154571|c6|Rx|d|8|803D80007FE3A6BA
3.154571|242|Rx|d|8|1280FFFFFFFFFD00
3.154571|29c|Rx|d|8|00000000FFFF0000
3.154571|354|Rx|d|8|0000000000000000
3.154571|12e|Rx|d|8|CA80007FF0FFFF00
3.154571|90|Rx|d|5|FF0004D200
3.154571|c6|Rx|d|8|803D80007FE3A8B8
3.154571|29a|Rx|d|8|00000000000002FD
3.154571|2b7|Rx|d|5|00E0FFFE00
3.154571|5d7|Rx|d|7|000008125200C0
3.188881|211|Rx|d|8|8200FFFFA90000CE
3.188881|214|Rx|d|2|0000
3.188881|1b0|Rx|d|4|FF00FFC0
3.188881|12e|Rx|d|8|CA80007FF0FFFF00
3.188881|90|Rx|d|5|FF00059E00
3.188881|c6|Rx|d|8|803D80007FE3AAB6
3.188881|242|Rx|d|8|1280FFFFFFFFFD00
3.188881|29c|Rx|d|8|00000000FFFF0000
3.188881|352|Rx|d|4|5C0000FF
3.188881|392|Rx|d|5|0004000000
3.188881|12e|Rx|d|8|CA80007FF0FFFF00
3.188881|90|Rx|d|5|FF00064A00
3.188881|c6|Rx|d|8|803D80007FE3ACB4
3.188881|29a|Rx|d|8|00000000000003FC
3.188881|2b7|Rx|d|5|00E0FFFE00
3.188881|666|Rx|d|4|34000008
3.188881|211|Rx|d|8|8200FFFFA90000CE
3.188881|214|Rx|d|2|0000
3.188881|350|Rx|d|8|C22F3AF01414A485
3.188881|4f8|Rx|d|8|54C0000000000000
3.188881|1b0|Rx|d|4|FF00FFC0
3.188881|4de|Rx|d|3|C00000
3.188881|55d|Rx|d|8|00FC50C090800000
3.188881|12e|Rx|d|8|CB80007FF0FFFF00
3.188881|90|Rx|d|5|FF00070600
3.188881|c6|Rx|d|8|803D80007FE3AEB2
3.188881|242|Rx|d|8|1280FFFFFFFFFD00
3.188881|29c|Rx|d|8|00000000FFFF0000
3.188881|354|Rx|d|8|0000000000000000
3.196911|12e|Rx|d|8|CB80007FF0FFFF00
3.196911|90|Rx|d|5|FF0008A500
3.196911|c6|Rx|d|8|803D80007FE3B0B0
3.196911|29a|Rx|d|8|00000000000004FB
3.196911|2b7|Rx|d|5|00E0FFFE00
3.196911|211|Rx|d|8|8200FFFFA90000CE
3.196911|1b0|Rx|d|4|FF00FFC0
3.196911|5de|Rx|d|8|0000000000000002
3.196911|214|Rx|d|2|0000
3.198911|3b7|Rx|d|6|00007FC000C0
3.206907|12e|Rx|d|8|CB80007FF0FFFF00
3.206907|90|Rx|d|5|FF0009E900
3.206907|c6|Rx|d|8|803D80007FE3B2AE
3.206907|242|Rx|d|8|1280FFFFFFFFFD00
3.206907|29c|Rx|d|8|00000000FFFF0000
3.206907|352|Rx|d|4|5C0000FF
3.208905|5df|Rx|d|3|009500
3.216900|12e|Rx|d|8|CB80007FF0FFFF00
3.216900|90|Rx|d|5|FF000A3D00
3.216900|c6|Rx|d|8|803D80007FE3B4AC
3.216900|29a|Rx|d|8|00000000000005FA
3.216900|2b7|Rx|d|5|00E0FFFE00
3.216900|392|Rx|d|5|0004000000
3.216900|668|Rx|d|2|8000
3.216900|699|Rx|d|8|00000200BF000000
3.216900|211|Rx|d|8|8200FFFFA90000CE
3.216900|1b0|Rx|d|4|FF00FFC0
3.218898|657|Rx|d|2|C0CC
3.218898|214|Rx|d|2|0000
3.220897|69f|Rx|d|4|0650859F
3.220897|218|Rx|d|1|98
3.220897|4fa|Rx|d|2|0800
3.220897|671|Rx|d|2|0200
3.226893|12e|Rx|d|8|CA80007FF0FFFF00
3.226893|90|Rx|d|5|FF000B7100
3.226893|c6|Rx|d|8|803D80007FE3B6AA
3.226893|242|Rx|d|8|1280FFFFFFFFFD00
3.226893|29c|Rx|d|8|00000000FFFF0000
3.226893|354|Rx|d|8|0000000000000000
3.228891|4ac|Rx|d|5|83722A0080
3.228891|45c|Rx|d|6|00000000FFE0
3.236886|12e|Rx|d|8|CA80007FF0FFFF00
3.236886|90|Rx|d|5|FF000C8800
3.236886|c6|Rx|d|8|803D80007FE3B8A8
3.236886|29a|Rx|d|8|00000000000006F9
3.236886|2b7|Rx|d|5|00E0FFFE00
3.238888|211|Rx|d|8|8200FFFFA90000CE
3.238888|1b0|Rx|d|4|FF00FFC0
3.238888|214|Rx|d|2|0000
3.270736|12e|Rx|d|8|CA80007FF0FFFF00
3.270736|90|Rx|d|5|FF000DC400
3.270736|c6|Rx|d|8|803D80007FE3BAA6
3.270736|242|Rx|d|8|1280FFFFFFFFFD00
3.270736|29c|Rx|d|8|00000000FFFF0000
3.270736|352|Rx|d|4|5C0000FF
3.270736|12e|Rx|d|8|CA80007FF0FFFF00
3.270736|90|Rx|d|5|FF000E1000
3.270736|c6|Rx|d|8|803D80007FE3BCA4
3.270736|29a|Rx|d|8|00000000000007F8
3.270736|2b7|Rx|d|5|00E0FFFE00
3.270736|5d7|Rx|d|7|000008125200C0
3.286360|211|Rx|d|8|8200FFFFA90000CE
3.286360|1b0|Rx|d|4|FF00FFC0
3.286360|214|Rx|d|2|0000
3.286360|12e|Rx|d|8|CA80007FF0FFFF00
3.286360|90|Rx|d|5|FF000F5C00
3.286360|c6|Rx|d|8|803D80007FE3BEA2
3.286360|242|Rx|d|8|1280FFFFFFFFFD00
3.286360|29c|Rx|d|8|00000000FFFF0000
3.286360|354|Rx|d|8|0000000000000000
3.286360|392|Rx|d|5|0004000000
3.286360|12e|Rx|d|8|CA80007FF0FFFF00
3.286360|90|Rx|d|5|FF0000FF00
3.286360|c6|Rx|d|8|803D80007FE3A0C0
3.286360|29a|Rx|d|8|00000000000008F7
3.286360|2b7|Rx|d|5|00E0FFFE00
3.286360|666|Rx|d|4|34000008
3.286360|211|Rx|d|8|8200FFFFA90000CE
3.286360|350|Rx|d|8|C22F3AF01414A485
3.286360|214|Rx|d|2|0000
3.286360|1b0|Rx|d|4|FF00FFC0
3.286360|4f8|Rx|d|8|54C0000000000000
3.286360|4de|Rx|d|3|C00000
3.286360|55d|Rx|d|8|00FC50C090800000
3.286360|12e|Rx|d|8|CA80007FF0FFFF00
3.286360|90|Rx|d|5|FF0001B300
3.286360|c6|Rx|d|8|803D80007FE3A2BE
3.286360|242|Rx|d|8|1280FFFFFFFFFD00
3.286360|29c|Rx|d|8|00000000FFFF0000
3.286360|352|Rx|d|4|5C0000FF
3.321797|12e|Rx|d|8|CA80007FF0FFFF00
3.321797|90|Rx|d|5|FF00026700
3.321797|c6|Rx|d|8|803D80007FE3A4BC
3.321797|29a|Rx|d|8|00000000000009F6
3.321797|2b7|Rx|d|5|00E0FFFE00
3.321797|211|Rx|d|8|8200FFFFA90000CE
3.321797|1b0|Rx|d|4|FF00FFC0
3.321797|214|Rx|d|2|0000
3.321797|5de|Rx|d|8|0000000000000002
3.321797|3b7|Rx|d|6|00007FC000C0
3.321797|12e|Rx|d|8|CA80007FF0FFFF00
3.321797|90|Rx|d|5|FF00032B00
3.321797|c6|Rx|d|8|803D80007FE3A6BA
3.321797|242|Rx|d|8|1280FFFFFFFFFD00
3.321797|29c|Rx|d|8|00000000FFFF0000
3.321797|354|Rx|d|8|0000000000000000
3.321797|5df|Rx|d|3|009500
3.321797|12e|Rx|d|8|CA80007FF0FFFF00
3.321797|90|Rx|d|5|FF0004D200
3.321797|c6|Rx|d|8|803D80007FE3A8B8
3.321797|29a|Rx|d|8|0000000000000AF5
3.321797|2b7|Rx|d|5|00E0FFFE00
3.321797|392|Rx|d|5|0004000000
3.321797|668|Rx|d|2|8000
3.321797|211|Rx|d|8|8200FFFFA90000CE
3.321797|1b0|Rx|d|4|FF00FFC0
3.321797|214|Rx|d|2|0000
3.321797|657|Rx|d|2|C0CC
3.321797|218|Rx|d|1|98
3.321797|4fa|Rx|d|2|0800
3.321797|671|Rx|d|2|0200
3.354844|12e|Rx|d|8|CA80007FF0FFFF00
3.354844|90|Rx|d|5|FF00059E00
3.354844|c6|Rx|d|8|803D80007FE3AAB6
3.354844|242|Rx|d|8|1280FFFFFFFFFD00
3.354844|29c|Rx|d|8|00000000FFFF0000
3.354844|352|Rx|d|4|5C0000FF
3.354844|4ac|Rx|d|5|83722A0080
3.354844|45c|Rx|d|6|00000000FFE0
3.354844|12e|Rx|d|8|CA80007FF0FFFF00
3.354844|90|Rx|d|5|FF00064A00
3.354844|c6|Rx|d|8|803D80007FE3ACB4
3.354844|29a|Rx|d|8|0000000000000BF4
3.354844|2b7|Rx|d|5|00E0FFFE00
3.354844|211|Rx|d|8|8200FFFFA90000CE
3.354844|1b0|Rx|d|4|FF00FFC0
3.354844|214|Rx|d|2|0000
3.354844|12e|Rx|d|8|CA80007FF0FFFF00
3.354844|90|Rx|d|5|FF00070600
3.354844|c6|Rx|d|8|803D80007FE3AEB2
3.354844|242|Rx|d|8|1280FFFFFFFFFD00
3.354844|29c|Rx|d|8|00000000FFFF0000
3.354844|354|Rx|d|8|0000000000000000
3.354844|12e|Rx|d|8|CA80007FF0FFFF00
3.354844|90|Rx|d|5|FF0008A500
3.354844|c6|Rx|d|8|803D80007FE3B0B0
3.354844|29a|Rx|d|8|0000000000000CF3
3.354844|2b7|Rx|d|5|00E0FFFE00
3.354844|5d7|Rx|d|7|000008125200C0
3.388141|1b0|Rx|d|4|FF00FFC0
3.388141|211|Rx|d|8|8200FFFFA90000CE
3.388141|214|Rx|d|2|0000
3.388141|12e|Rx|d|8|CB80007FF0FFFF00
3.388141|90|Rx|d|5|FF0009E900
3.388141|c6|Rx|d|8|803D80007FE3B2AE
3.388141|242|Rx|d|8|1280FFFFFFFFFD00
3.388141|29c|Rx|d|8|00000000FFFF0000
3.388141|352|Rx|d|4|5C0000FF
3.388141|392|Rx|d|5|0004000000
3.388141|12e|Rx|d|8|CB80007FF0FFFF00
3.388141|90|Rx|d|5|FF000A3D00
3.388141|c6|Rx|d|8|803D80007FE3B4AC
3.388141|29a|Rx|d|8|0000000000000DF2
3.388141|2b7|Rx|d|5|00E0FFFE00
3.388141|666|Rx|d|4|34000008
3.388141|350|Rx|d|8|C22F3AF01414A485
3.388141|211|Rx|d|8|8200FFFFA90000CE
3.388141|1b0|Rx|d|4|FF00FFC0
3.388141|214|Rx|d|2|0000
3.388141|4de|Rx|d|3|C00000
3.388141|4f8|Rx|d|8|54C0000000000000
3.388141|55d|Rx|d|8|00FC50C090800000
3.388141|12e|Rx|d|8|CA80007FF0FFFF00
3.388141|90|Rx|d|5|FF000B7100
3.388141|c6|Rx|d|8|803D80007FE3B6AA
3.388141|242|Rx|d|8|1280FFFFFFFFFD00
3.388141|29c|Rx|d|8|00000000FFFF0000
3.388141|354|Rx|d|8|0000000000000000
3.397188|12e|Rx|d|8|CA80007FF0FFFF00
3.397188|90|Rx|d|5|FF000C8800
3.397188|c6|Rx|d|8|803D80007FE3B8A8
3.397188|29a|Rx|d|8|0000000000000EF1
3.397188|2b7|Rx|d|5|00E0FFFE00
3.399186|1b0|Rx|d|4|FF00FFC0
3.399186|211|Rx|d|8|8200FFFFA90000CE
3.399186|5de|Rx|d|8|0000000000000002
3.399186|214|Rx|d|2|0000
3.399186|3b7|Rx|d|6|00007FC000C0
3.407183|12e|Rx|d|8|CA80007FF0FFFF00
3.407183|90|Rx|d|5|FF000DC400
3.407183|c6|Rx|d|8|803D80007FE3BAA6
3.407183|242|Rx|d|8|1280FFFFFFFFFD00
3.407183|29c|Rx|d|8|00000000FFFF0000
3.407183|352|Rx|d|4|5C0000FF
3.409180|5df|Rx|d|3|009500
3.416177|12e|Rx|d|8|CA80007FF0FFFF00
3.416177|90|Rx|d|5|FF000E1000
3.416177|c6|Rx|d|8|803D80007FE3BCA4
3.416177|29a|Rx|d|8|0000000000000FF0
3.416177|2b7|Rx|d|5|00E0FFFE00
3.418176|392|Rx|d|5|0004000000
3.418176|668|Rx|d|2|8000
3.418176|1b0|Rx|d|4|FF00FFC0
3.418176|211|Rx|d|8|8200FFFFA90000CE
3.418176|657|Rx|d|2|C0CC
3.418176|214|Rx|d|2|0000
3.418176|218|Rx|d|1|98
3.418176|4fa|Rx|d|2|0800
3.418176|671|Rx|d|2|0200
3.426171|12e|Rx|d|8|CA80007FF0FFFF00
3.426171|90|Rx|d|5|FF000F5C00
3.426171|c6|Rx|d|8|803D80007FE3BEA2
3.426171|242|Rx|d|8|1280FFFFFFFFFD00
3.426171|29c|Rx|d|8|00000000FFFF0000
3.426171|354|Rx|d|8|0000000000000000
3.430167|4ac|Rx|d|5|83722A0080
3.430167|45c|Rx|d|6|00000000FFE0
3.436164|12e|Rx|d|8|CA80007FF0FFFF00
3.436164|90|Rx|d|5|FF0000FF00
3.436164|c6|Rx|d|8|803D80007FE3A0C0
3.436164|29a|Rx|d|8|00000000000000FF
3.436164|2b7|Rx|d|5|00E0FFFE00
3.453964|1b0|Rx|d|4|FF00FFC0
3.453964|211|Rx|d|8|8200FFFFA90000CE
3.453964|214|Rx|d|2|0000
3.469590|12e|Rx|d|8|CA80007FF0FFFF00
3.469590|90|Rx|d|5|FF0001B300
3.469590|c6|Rx|d|8|803D80007FE3A2BE
3.469590|242|Rx|d|8|1280FFFFFFFFFD00
3.469590|29c|Rx|d|8|00000000FFFF0000
3.469590|352|Rx|d|4|5C0000FF
3.469590|12e|Rx|d|8|CA80007FF0FFFF00
3.469590|90|Rx|d|5|FF00026700
3.469590|c6|Rx|d|8|803D80007FE3A4BC
3.469590|29a|Rx|d|8|00000000000001FE
3.469590|2b7|Rx|d|5|00E0FFFE00
3.469590|5d7|Rx|d|7|000008125200C0
3.469590|1b0|Rx|d|4|FF00FFC0
3.469590|211|Rx|d|8|8200FFFFA90000CE
3.469590|214|Rx|d|2|0000
3.469590|12e|Rx|d|8|CA80007FF0FFFF00
3.469590|90|Rx|d|5|FF00032B00
3.469590|c6|Rx|d|8|803D80007FE3A6BA
3.469590|242|Rx|d|8|1280FFFFFFFFFD00
3.469590|29c|Rx|d|8|00000000FFFF0000
3.469590|354|Rx|d|8|0000000000000000
3.469590|392|Rx|d|5|0004000000
3.504685|12e|Rx|d|8|CA80007FF0FFFF00
3.504685|90|Rx|d|5|FF0004D200
3.504685|c6|Rx|d|8|803D80007FE3A8B8
3.504685|29a|Rx|d|8|00000000000002FD
3.504685|2b7|Rx|d|5|00E0FFFE00
3.504685|666|Rx|d|4|34000008
3.504685|350|Rx|d|8|C22F3AF01414A485
3.504685|211|Rx|d|8|8200FFFFA90000CE
3.504685|1b0|Rx|d|4|FF00FFC0
3.504685|214|Rx|d|2|0000
3.504685|4de|Rx|d|3|C00000
3.504685|4f8|Rx|d|8|54C0000000000000
3.504685|55d|Rx|d|8|00FC50C090800000
3.504685|12e|Rx|d|8|CB80007FF0FFFF00
3.504685|90|Rx|d|5|FF00059E00
3.504685|c6|Rx|d|8|803D80007FE3AAB6
3.504685|242|Rx|d|8|1280FFFFFFFFFD00
3.504685|29c|Rx|d|8|00000000FFFF0000
3.504685|352|Rx|d|4|5C0000FF
3.504685|12e|Rx|d|8|CB80007FF0FFFF00
3.504685|90|Rx|d|5|FF00064A00
3.504685|c6|Rx|d|8|803D80007FE3ACB4
3.504685|29a|Rx|d|8|00000000000003FC
3.504685|2b7|Rx|d|5|00E0FFFE00
3.504685|1b0|Rx|d|4|FF00FFC0
3.504685|211|Rx|d|8|8200FFFFA90000CE
3.504685|3b7|Rx|d|6|00007FC000C0
3.504685|214|Rx|d|2|0000
3.504685|5de|Rx|d|8|0000000000000002
3.504685|12e|Rx|d|8|CA80007FF0FFFF00
3.504685|90|Rx|d|5|FF00070600
3.504685|c6|Rx|d|8|803D80007FE3AEB2
3.504685|242|Rx|d|8|1280FFFFFFFFFD00
3.504685|29c|Rx|d|8|00000000FFFF0000
3.504685|354|Rx|d|8|0000000000000000
3.539701|5df|Rx|d|3|009500
3.539701|646|Rx|d|8|000000020000000C
3.539701|12e|Rx|d|8|CA80007FF0FFFF00
3.539701|90|Rx|d|5|FF0008A500
3.539701|c6|Rx|d|8|803D80007FE3B0B0
3.539701|29a|Rx|d|8|00000000000004FB
3.539701|2b7|Rx|d|5|00E0FFFE00
3.539701|392|Rx|d|5|0004000000
3.539701|668|Rx|d|2|8000
3.539701|1b0|Rx|d|4|FF00FFC0
3.539701|211|Rx|d|8|8200FFFFA90000CE
3.539701|657|Rx|d|2|C0CC
3.539701|214|Rx|d|2|0000
3.539701|218|Rx|d|1|98
3.539701|4fa|Rx|d|2|0800
3.539701|671|Rx|d|2|0200
3.539701|12e|Rx|d|8|CA80007FF0FFFF00
3.539701|90|Rx|d|5|FF0009E900
3.539701|c6|Rx|d|8|803D80007FE3B2AE
3.539701|242|Rx|d|8|1280FFFFFFFFFD00
3.539701|29c|Rx|d|8|00000000FFFF0000
3.539701|352|Rx|d|4|5C0000FF
3.539701|4ac|Rx|d|5|83722A0080
3.539701|45c|Rx|d|6|00000000FFE0
3.539701|12e|Rx|d|8|CA80007FF0FFFF00
3.539701|90|Rx|d|5|FF000A3D00
3.539701|c6|Rx|d|8|803D80007FE3B4AC
3.539701|29a|Rx|d|8|00000000000005FA
3.539701|2b7|Rx|d|5|00E0FFFE00
3.539701|1b0|Rx|d|4|FF00FFC0
3.539701|211|Rx|d|8|8200FFFFA90000CE
3.539701|214|Rx|d|2|0000
3.545793|12e|Rx|d|8|CA80007FF0FFFF00
3.545793|90|Rx|d|5|FF000B7100
3.545793|c6|Rx|d|8|803D80007FE3B6AA
3.545793|242|Rx|d|8|1280FFFFFFFFFD00
3.545793|29c|Rx|d|8|00000000FFFF0000
3.545793|354|Rx|d|8|0000000000000000
3.557784|12e|Rx|d|8|CA80007FF0FFFF00
3.557784|90|Rx|d|5|FF000C8800
3.557784|c6|Rx|d|8|803D80007FE3B8A8
3.557784|29a|Rx|d|8|00000000000006F9
3.557784|2b7|Rx|d|5|00E0FFFE00
3.557784|5d7|Rx|d|7|000008125200C0
3.557784|1b0|Rx|d|4|FF00FFC0
3.557784|211|Rx|d|8|8200FFFFA90000CE
3.557784|214|Rx|d|2|0000
3.567787|12e|Rx|d|8|CA80007FF0FFFF00
3.567787|90|Rx|d|5|FF000DC400
3.567787|c6|Rx|d|8|803D80007FE3BAA6
3.567787|242|Rx|d|8|1280FFFFFFFFFD00
3.567787|29c|Rx|d|8|00000000FFFF0000
3.567787|352|Rx|d|4|5C0000FF
3.567787|392|Rx|d|5|0004000000
3.577771|12e|Rx|d|8|CA80007FF0FFFF00
3.577771|90|Rx|d|5|FF000E1000
3.577771|c6|Rx|d|8|803D80007FE3BCA4
3.577771|29a|Rx|d|8|00000000000007F8
3.577771|2b7|Rx|d|5|00E0FFFE00
3.577771|666|Rx|d|4|34000008
3.577771|350|Rx|d|8|C22F3AF01414A485
3.577771|211|Rx|d|8|8200FFFFA90000CE
3.577771|1b0|Rx|d|4|FF00FFC0
3.577771|214|Rx|d|2|0000
3.577771|4de|Rx|d|3|C00000
3.577771|4f8|Rx|d|8|54C0000000000000
3.577771|55d|Rx|d|8|00FC50C090800000
3.585767|12e|Rx|d|8|CA80007FF0FFFF00
3.585767|90|Rx|d|5|FF000F5C00
3.585767|c6|Rx|d|8|803D80007FE3BEA2
3.585767|242|Rx|d|8|1280FFFFFFFFFD00
3.585767|29c|Rx|d|8|00000000FFFF0000
3.585767|354|Rx|d|8|0000000000000000
3.621391|12e|Rx|d|8|CA80007FF0FFFF00
3.621391|90|Rx|d|5|FF0000FF00
3.621391|c6|Rx|d|8|803D80007FE3A0C0
3.621391|29a|Rx|d|8|00000000000008F7
3.621391|2b7|Rx|d|5|00E0FFFE00
3.621391|1b0|Rx|d|4|FF00FFC0
3.621391|211|Rx|d|8|8200FFFFA90000CE
3.621391|5de|Rx|d|8|0000000000000002
3.621391|214|Rx|d|2|0000
3.621391|3b7|Rx|d|6|00007FC000C0
3.621391|12e|Rx|d|8|CA80007FF0FFFF00
3.621391|90|Rx|d|5|FF0001B300
3.621391|c6|Rx|d|8|803D80007FE3A2BE
3.621391|242|Rx|d|8|1280FFFFFFFFFD00
3.621391|29c|Rx|d|8|00000000FFFF0000
3.621391|352|Rx|d|4|5C0000FF
3.621391|5df|Rx|d|3|009500
3.621391|12e|Rx|d|8|CA80007FF0FFFF00
3.621391|90|Rx|d|5|FF00026700
3.621391|c6|Rx|d|8|803D80007FE3A4BC
3.621391|29a|Rx|d|8|00000000000009F6
3.621391|2b7|Rx|d|5|00E0FFFE00
3.621391|392|Rx|d|5|0004000000
3.621391|668|Rx|d|2|8000
3.621391|1b0|Rx|d|4|FF00FFC0
3.621391|211|Rx|d|8|8200FFFFA90000CE
3.621391|657|Rx|d|2|C0CC
3.621391|214|Rx|d|2|0000
3.621391|218|Rx|d|1|98
3.621391|4fa|Rx|d|2|0800
3.621391|671|Rx|d|2|0200
3.654619|12e|Rx|d|8|CA80007FF0FFFF00
3.654619|90|Rx|d|5|FF00032B00
3.654619|c6|Rx|d|8|803D80007FE3A6BA
3.654619|242|Rx|d|8|1280FFFFFFFFFD00
3.654619|29c|Rx|d|8|00000000FFFF0000
3.654619|354|Rx|d|8|0000000000000000
3.654619|4ac|Rx|d|5|83722A0080
3.654619|45c|Rx|d|6|00000000FFE0
3.654619|12e|Rx|d|8|CA80007FF0FFFF00
3.654619|90|Rx|d|5|FF0004D200
3.654619|c6|Rx|d|8|803D80007FE3A8B8
3.654619|29a|Rx|d|8|0000000000000AF5
3.654619|2b7|Rx|d|5|00E0FFFE00
3.654619|1b0|Rx|d|4|FF00FFC0
3.654619|211|Rx|d|8|8200FFFFA90000CE
3.654619|214|Rx|d|2|0000
3.670243|12e|Rx|d|8|CB80007FF0FFFF00
3.670243|90|Rx|d|5|FF00059E00
3.670243|c6|Rx|d|8|803D80007FE3AAB6
3.670243|242|Rx|d|8|1280FFFFFFFFFD00
3.670243|29c|Rx|d|8|00000000FFFF0000
3.670243|352|Rx|d|4|5C0000FF
3.670243|12e|Rx|d|8|CB80007FF0FFFF00
3.670243|90|Rx|d|5|FF00064A00
3.670243|c6|Rx|d|8|803D80007FE3ACB4
3.670243|29a|Rx|d|8|0000000000000BF4
3.670243|2b7|Rx|d|5|00E0FFFE00
3.670243|5d7|Rx|d|7|000008125200C0
3.670243|1b0|Rx|d|4|FF00FFC0
3.670243|211|Rx|d|8|8200FFFFA90000CE
3.670243|214|Rx|d|2|0000
3.670243|12e|Rx|d|8|CA80007FF0FFFF00
3.670243|90|Rx|d|5|FF00070600
3.670243|c6|Rx|d|8|803D80007FE3AEB2
3.670243|242|Rx|d|8|1280FFFFFFFFFD00
3.670243|29c|Rx|d|8|00000000FFFF0000
3.670243|354|Rx|d|8|0000000000000000
3.670243|392|Rx|d|5|0004000000
3.718196|6af|Rx|d|5|0000000000
3.718196|12e|Rx|d|8|CA80007FF0FFFF00
3.718196|90|Rx|d|5|FF0008A500
3.718196|c6|Rx|d|8|803D80007FE3B0B0
3.718196|29a|Rx|d|8|0000000000000CF3
3.718196|2b7|Rx|d|5|00E0FFFE00
3.718196|666|Rx|d|4|34000008
3.718196|350|Rx|d|8|C22F3AF01414A485
3.718196|211|Rx|d|8|8200FFFFA90000CE
3.718196|1b0|Rx|d|4|FF00FFC0
3.718196|214|Rx|d|2|0000
3.718196|4de|Rx|d|3|C00000
3.718196|4f8|Rx|d|8|54C0000000000000
3.718196|55d|Rx|d|8|00FC50C090800000
3.718196|12e|Rx|d|8|CA80007FF0FFFF00
3.718196|90|Rx|d|5|FF0009E900
3.718196|c6|Rx|d|8|803D80007FE3B2AE
3.718196|242|Rx|d|8|1280FFFFFFFFFD00
3.718196|29c|Rx|d|8|00000000FFFF0000
3.718196|352|Rx|d|4|5C0000FF
3.718196|12e|Rx|d|8|CA80007FF0FFFF00
3.718196|90|Rx|d|5|FF000A3D00
3.718196|c6|Rx|d|8|803D80007FE3B4AC
3.718196|29a|Rx|d|8|0000000000000DF2
3.718196|2b7|Rx|d|5|00E0FFFE00
3.718196|1b0|Rx|d|4|FF00FFC0
3.718196|211|Rx|d|8|8200FFFFA90000CE
3.718196|5de|Rx|d|8|0000000000000002
3.718196|214|Rx|d|2|0000
3.718196|3b7|Rx|d|6|00007FC000C0
3.718196|12e|Rx|d|8|CA80007FF0FFFF00
3.718196|90|Rx|d|5|FF000B7100
3.718196|c6|Rx|d|8|803D80007FE3B6AA
3.718196|242|Rx|d|8|1280FFFFFFFFFD00
3.718196|29c|Rx|d|8|00000000FFFF0000
3.718196|354|Rx|d|8|0000000000000000
3.718196|5df|Rx|d|3|009500
3.718196|12e|Rx|d|8|CA80007FF0FFFF00
3.718196|90|Rx|d|5|FF000C8800
3.718196|c6|Rx|d|8|803D80007FE3B8A8
3.718196|29a|Rx|d|8|0000000000000EF1
3.718196|2b7|Rx|d|5|00E0FFFE00
3.718196|392|Rx|d|5|0004000000
3.718196|668|Rx|d|2|8000
3.718196|1b0|Rx|d|4|FF00FFC0
3.718196|211|Rx|d|8|8200FFFFA90000CE
3.718196|657|Rx|d|2|C0CC
3.718196|214|Rx|d|2|0000
3.718196|218|Rx|d|1|98
3.718196|4fa|Rx|d|2|0800
3.718196|671|Rx|d|2|0200
3.751346|12e|Rx|d|8|CA80007FF0FFFF00
3.751346|90|Rx|d|5|FF000DC400
3.751346|c6|Rx|d|8|803D80007FE3BAA6
3.751346|242|Rx|d|8|1280FFFFFFFFFD00
3.751346|29c|Rx|d|8|00000000FFFF0000
3.751346|352|Rx|d|4|5C0000FF
3.751346|4ac|Rx|d|5|83722A0080
3.751346|45c|Rx|d|6|00000000FFE0
3.751346|12e|Rx|d|8|CA80007FF0FFFF00
3.751346|90|Rx|d|5|FF000E1000
3.751346|c6|Rx|d|8|803D80007FE3BCA4
3.751346|29a|Rx|d|8|0000000000000FF0
3.751346|2b7|Rx|d|5|00E0FFFE00
3.751346|1b0|Rx|d|4|FF00FFC0
3.751346|211|Rx|d|8|8200FFFFA90000CE
3.751346|214|Rx|d|2|0000
3.751346|12e|Rx|d|8|CA80007FF0FFFF00
3.751346|90|Rx|d|5|FF000F5C00
3.751346|c6|Rx|d|8|803D80007FE3BEA2
3.751346|242|Rx|d|8|1280FFFFFFFFFD00
3.751346|29c|Rx|d|8|00000000FFFF0000
3.751346|354|Rx|d|8|0000000000000000
3.788681|12e|Rx|d|8|CA80007FF0FFFF00
3.788681|90|Rx|d|5|FF0000FF00
3.788681|c6|Rx|d|8|803D80007FE3A0C0
3.788681|29a|Rx|d|8|00000000000000FF
3.788681|2b7|Rx|d|5|00E0FFFE00
3.788681|5d7|Rx|d|7|000008125200C0
3.788681|1b0|Rx|d|4|FF00FFC0
3.788681|211|Rx|d|8|8200FFFFA90000CE
3.788681|214|Rx|d|2|0000
3.788681|12e|Rx|d|8|CA80007FF0FFFF00
3.788681|90|Rx|d|5|FF0001B300
3.788681|c6|Rx|d|8|803D80007FE3A2BE
3.788681|242|Rx|d|8|1280FFFFFFFFFD00
3.788681|29c|Rx|d|8|00000000FFFF0000
3.788681|352|Rx|d|4|5C0000FF
3.788681|392|Rx|d|5|0004000000
3.788681|6af|Rx|d|5|0000000000
3.788681|12e|Rx|d|8|CA80007FF0FFFF00
3.788681|90|Rx|d|5|FF00026700
3.788681|c6|Rx|d|8|803D80007FE3A4BC
3.788681|29a|Rx|d|8|00000000000001FE
3.788681|2b7|Rx|d|5|00E0FFFE00
3.788681|666|Rx|d|4|34000008
3.788681|350|Rx|d|8|C22F3AF01414A485
3.788681|211|Rx|d|8|8200FFFFA90000CE
3.788681|1b0|Rx|d|4|FF00FFC0
3.788681|4f8|Rx|d|8|54C0000000000000
3.788681|214|Rx|d|2|0000
3.788681|4de|Rx|d|3|C00000
3.788681|55d|Rx|d|8|00FC50C090800000
3.788681|12e|Rx|d|8|CB80007FF0FFFF00
3.788681|90|Rx|d|5|FF00032B00
3.788681|c6|Rx|d|8|803D80007FE3A6BA
3.788681|242|Rx|d|8|1280FFFFFFFFFD00
3.788681|29c|Rx|d|8|00000000FFFF0000
3.788681|354|Rx|d|8|0000000000000000
3.797125|12e|Rx|d|8|CB80007FF0FFFF00
3.797125|90|Rx|d|5|FF0004D200
3.797125|c6|Rx|d|8|803D80007FE3A8B8
3.797125|29a|Rx|d|8|00000000000002FD
3.797125|2b7|Rx|d|5|00E0FFFE00
3.797125|211|Rx|d|8|8200FFFFA90000CE
3.797125|1b0|Rx|d|4|FF00FFC0
3.797125|214|Rx|d|2|0000
3.797125|3b7|Rx|d|6|00007FC000C0
3.797125|5de|Rx|d|8|0000000000000002
3.807119|12e|Rx|d|8|CB80017FF0FFFF00
3.807119|90|Rx|d|5|FF00059E00
3.807119|c6|Rx|d|8|803D80007FE3AAB6
3.807119|242|Rx|d|8|1280FFFFFFFFFD00
3.807119|29c|Rx|d|8|00000000FFFF0000
3.807119|352|Rx|d|4|5C0000FF
3.809118|5df|Rx|d|3|009500
3.817113|12e|Rx|d|8|CB80017FF0FFFF00
3.817113|90|Rx|d|5|FF00064A00
3.817113|c6|Rx|d|8|803D80007FE3ACB4
3.817113|29a|Rx|d|8|00000000000003FC
3.817113|2b7|Rx|d|5|00E0FFFE00
3.819112|392|Rx|d|5|0004000000
3.819112|668|Rx|d|2|8000
3.819112|1b0|Rx|d|4|FF00FFC0
3.819112|211|Rx|d|8|8200FFFFA90000CE
3.819112|657|Rx|d|2|C0CC
3.819112|214|Rx|d|2|0000
3.819112|218|Rx|d|1|98
3.819112|4fa|Rx|d|2|0800
3.819112|671|Rx|d|2|0200
3.827108|12e|Rx|d|8|CA80007FF0FFFF00
3.827108|90|Rx|d|5|FF00070600
3.827108|c6|Rx|d|8|803D80007FE3AEB2
3.827108|242|Rx|d|8|1280FFFFFFFFFD00
3.827108|29c|Rx|d|8|00000000FFFF0000
3.827108|354|Rx|d|8|0000000000000000
3.829106|4ac|Rx|d|5|83722A0080
3.829106|45c|Rx|d|6|00000000FFE0
3.837102|12e|Rx|d|8|CA80007FF0FFFF00
3.837102|90|Rx|d|5|FF0008A500
3.837102|c6|Rx|d|8|803D80007FE3B0B0
3.837102|29a|Rx|d|8|00000000000004FB
3.837102|2b7|Rx|d|5|00E0FFFE00
3.839100|211|Rx|d|8|8200FFFFA90000CE
3.839100|1b0|Rx|d|4|FF00FFC0
3.839100|214|Rx|d|2|0000
3.870871|12e|Rx|d|8|CA80007FF0FFFF00
3.870871|90|Rx|d|5|FF0009E900
3.870871|c6|Rx|d|8|803D80007FE3B2AE
3.870871|242|Rx|d|8|1280FFFFFFFFFD00
3.870871|29c|Rx|d|8|00000000FFFF0000
3.870871|352|Rx|d|4|5C0000FF
3.870871|12e|Rx|d|8|CA80007FF0FFFF00
3.870871|90|Rx|d|5|FF000A3D00
3.870871|c6|Rx|d|8|803D80007FE3B4AC
3.870871|29a|Rx|d|8|00000000000005FA
3.870871|2b7|Rx|d|5|00E0FFFE00
3.870871|5d7|Rx|d|7|000008125200C0
3.886495|211|Rx|d|8|8200FFFFA90000CE
3.886495|1b0|Rx|d|4|FF00FFC0
3.886495|214|Rx|d|2|0000
3.886495|12e|Rx|d|8|CB80007FF0FFFF00
3.886495|90|Rx|d|5|FF000B7100
3.886495|c6|Rx|d|8|803D80007FE3B6AA
3.886495|242|Rx|d|8|1280FFFFFFFFFD00
3.886495|29c|Rx|d|8|00000000FFFF0000
3.886495|354|Rx|d|8|0000000000000000
3.886495|392|Rx|d|5|0004000000
3.886495|6af|Rx|d|5|0000000000
3.886495|12e|Rx|d|8|CB80007FF0FFFF00
3.886495|90|Rx|d|5|FF000C8800
3.886495|c6|Rx|d|8|803D80007FE3B8A8
3.886495|29a|Rx|d|8|00000000000006F9
3.886495|2b7|Rx|d|5|00E0FFFE00
3.886495|666|Rx|d|4|34000008
3.886495|211|Rx|d|8|8200FFFFA90000CE
3.886495|350|Rx|d|8|C22F3AF01414A485
3.886495|214|Rx|d|2|0000
3.886495|1b0|Rx|d|4|FF00FFC0
3.886495|4f8|Rx|d|8|54C0000000000000
3.886495|4de|Rx|d|3|C00000
3.886495|55d|Rx|d|8|00FC50C090800000
3.886495|12e|Rx|d|8|CA80007FF0FFFF00
3.886495|90|Rx|d|5|FF000DC400
3.886495|c6|Rx|d|8|803D80007FE3BAA6
3.886495|242|Rx|d|8|1280FFFFFFFFFD00
3.886495|29c|Rx|d|8|00000000FFFF0000
3.886495|352|Rx|d|4|5C0000FF
3.921488|12e|Rx|d|8|CA80007FF0FFFF00
3.921488|90|Rx|d|5|FF000E1000
3.921488|c6|Rx|d|8|803D80007FE3BCA4
3.921488|29a|Rx|d|8|00000000000007F8
3.921488|2b7|Rx|d|5|00E0FFFE00
3.921488|211|Rx|d|8|8200FFFFA90000CE
3.921488|1b0|Rx|d|4|FF00FFC0
3.921488|214|Rx|d|2|0000
3.921488|5de|Rx|d|8|0000000000000002
3.921488|3b7|Rx|d|6|00007FC000C0
3.921488|12e|Rx|d|8|CA80007FF0FFFF00
3.921488|90|Rx|d|5|FF000F5C00
3.921488|c6|Rx|d|8|803D80007FE3BEA2
3.921488|242|Rx|d|8|1280FFFFFFFFFD00
3.921488|29c|Rx|d|8|00000000FFFF0000
3.921488|354|Rx|d|8|0000000000000000
3.921488|5df|Rx|d|3|009500
3.921488|12e|Rx|d|8|CA80007FF0FFFF00
3.921488|90|Rx|d|5|FF0000FF00
3.921488|c6|Rx|d|8|803D80007FE3A0C0
3.921488|29a|Rx|d|8|00000000000008F7
3.921488|2b7|Rx|d|5|00E0FFFE00
3.921488|392|Rx|d|5|0004000000
3.921488|668|Rx|d|2|8000
3.921488|211|Rx|d|8|8200FFFFA90000CE
3.921488|1b0|Rx|d|4|FF00FFC0
3.921488|214|Rx|d|2|0000
3.921488|657|Rx|d|2|C0CC
3.921488|218|Rx|d|1|98
3.921488|4fa|Rx|d|2|0800
3.921488|671|Rx|d|2|0200
3.955658|12e|Rx|d|8|CA80007FF0FFFF00
3.955658|90|Rx|d|5|FF0001B300
3.955658|c6|Rx|d|8|803D80007FE3A2BE
3.955658|242|Rx|d|8|1280FFFFFFFFFD00
3.955658|29c|Rx|d|8|00000000FFFF0000
3.955658|352|Rx|d|4|5C0000FF
3.955658|4ac|Rx|d|5|83722A0080
3.955658|45c|Rx|d|6|00000000FFE0
3.955658|12e|Rx|d|8|CA80007FF0FFFF00
3.955658|90|Rx|d|5|FF00026700
3.955658|c6|Rx|d|8|803D80007FE3A4BC
3.955658|29a|Rx|d|8|00000000000009F6
3.955658|2b7|Rx|d|5|00E0FFFE00
3.955658|211|Rx|d|8|8200FFFFA90000CE
3.955658|1b0|Rx|d|4|FF00FFC0
3.955658|214|Rx|d|2|0000
3.955658|12e|Rx|d|8|CA80007FF0FFFF00
3.955658|90|Rx|d|5|FF00032B00
3.955658|c6|Rx|d|8|803D80007FE3A6BA
3.955658|242|Rx|d|8|1280FFFFFFFFFD00
3.955658|29c|Rx|d|8|00000000FFFF0000
3.955658|354|Rx|d|8|0000000000000000
3.955658|12e|Rx|d|8|CA80007FF0FFFF00
3.955658|90|Rx|d|5|FF0004D200
3.955658|c6|Rx|d|8|803D80007FE3A8B8
3.955658|29a|Rx|d|8|0000000000000AF5
3.955658|2b7|Rx|d|5|00E0FFFE00
3.955658|5d7|Rx|d|7|000008125200C0
3.993748|211|Rx|d|8|8200FFFFA90000CE
3.993748|1b0|Rx|d|4|FF00FFC0
3.993748|214|Rx|d|2|0000
3.993748|12e|Rx|d|8|CA80007FF0FFFF00
3.993748|90|Rx|d|5|FF00059E00
3.993748|c6|Rx|d|8|803D80007FE3AAB6
3.993748|242|Rx|d|8|1280FFFFFFFFFD00
3.993748|29c|Rx|d|8|00000000FFFF0000
3.993748|352|Rx|d|4|5C0000FF
3.993748|392|Rx|d|5|0004000000
3.993748|6af|Rx|d|5|0000000000
3.993748|12e|Rx|d|8|CA80007FF0FFFF00
3.993748|90|Rx|d|5|FF00064A00
3.993748|c6|Rx|d|8|803D80007FE3ACB4
3.993748|29a|Rx|d|8|0000000000000BF4
3.993748|2b7|Rx|d|5|00E0FFFE00
3.993748|666|Rx|d|4|34000008
3.993748|211|Rx|d|8|8200FFFFA90000CE
3.993748|350|Rx|d|8|C22F3AF01414A485
3.993748|1b0|Rx|d|4|FF00FFC0
3.993748|214|Rx|d|2|0000
3.993748|4de|Rx|d|3|C00000
3.993748|4f8|Rx|d|8|54C0000000000000
3.993748|55d|Rx|d|8|00FC50C090800000
3.993748|12e|Rx|d|8|CA80007FF0FFFF00
3.993748|90|Rx|d|5|FF00070600
3.993748|c6|Rx|d|8|803D80007FE3AEB2
3.993748|242|Rx|d|8|1280FFFFFFFFFD00
3.993748|29c|Rx|d|8|00000000FFFF0000
3.993748|354|Rx|d|8|0000000000000000
3.996118|12e|Rx|d|8|CA80007FF0FFFF00
3.996118|90|Rx|d|5|FF0008A500
3.998114|c6|Rx|d|8|803D80007FE3B0B0
3.998114|29a|Rx|d|8|0000000000000CF3
3.998114|2b7|Rx|d|5|00E0FFFE00
3.998114|211|Rx|d|8|8200FFFFA90000CE
3.998114|1b0|Rx|d|4|FF00FFC0
3.998114|5de|Rx|d|8|0000000000000002
3.998114|214|Rx|d|2|0000
3.998114|3b7|Rx|d|6|00007FC000C0
4.006110|12e|Rx|d|8|CA80007FF0FFFF00
4.006110|90|Rx|d|5|FF0009E900
4.006110|c6|Rx|d|8|803D80007FE3B2AE
4.006110|242|Rx|d|8|1280FFFFFFFFFD00
4.006110|29c|Rx|d|8|00000000FFFF0000
4.006110|352|Rx|d|4|5C0000FF
4.010107|5df|Rx|d|3|009500
4.010107|646|Rx|d|8|000000020000000C
4.016104|12e|Rx|d|8|CA80007FF0FFFF00
4.016104|90|Rx|d|5|FF000A3D00
4.016104|c6|Rx|d|8|803D80007FE3B4AC
4.016104|29a|Rx|d|8|0000000000000DF2
4.016104|2b7|Rx|d|5|00E0FFFE00
4.018102|392|Rx|d|5|0004000000
4.018102|668|Rx|d|2|8000
4.018102|211|Rx|d|8|8200FFFFA90000CE
4.018102|1b0|Rx|d|4|FF00FFC0
4.018102|214|Rx|d|2|0000
4.018102|657|Rx|d|2|C0CC
4.018102|218|Rx|d|1|98
4.020100|4fa|Rx|d|2|0800
4.020100|671|Rx|d|2|0200
4.026098|12e|Rx|d|8|CA80007FF0FFFF00
4.026098|90|Rx|d|5|FF000B7100
4.026098|c6|Rx|d|8|803D80007FE3B6AA
4.026098|242|Rx|d|8|1280FFFFFFFFFD00
4.026098|29c|Rx|d|8|00000000FFFF0000
4.026098|354|Rx|d|8|0000000000000000
4.030096|4ac|Rx|d|5|83722A0080
4.030096|45c|Rx|d|6|00000000FFE0
4.036090|12e|Rx|d|8|CA80007FF0FFFF00
4.036090|90|Rx|d|5|FF000C8800
4.036090|c6|Rx|d|8|803D80007FE3B8A8
4.036090|29a|Rx|d|8|0000000000000EF1
4.038090|2b7|Rx|d|5|00E0FFFE00
4.040089|211|Rx|d|8|8200FFFFA90000CE
4.040089|1b0|Rx|d|4|FF00FFC0
4.040089|214|Rx|d|2|0000
4.073745|12e|Rx|d|8|CA80007FF0FFFF00
4.073745|90|Rx|d|5|FF000DC400
4.073745|c6|Rx|d|8|803D80007FE3BAA6
4.073745|242|Rx|d|8|1280FFFFFFFFFD00
4.073745|29c|Rx|d|8|00000000FFFF0000
4.073745|352|Rx|d|4|5C0000FF
4.073745|12e|Rx|d|8|CA80007FF0FFFF00
4.073745|90|Rx|d|5|FF000E1000
4.073745|c6|Rx|d|8|803D80007FE3BCA4
4.073745|29a|Rx|d|8|0000000000000FF0
4.073745|2b7|Rx|d|5|00E0FFFE00
4.073745|5d7|Rx|d|7|000008125200C0
4.073745|211|Rx|d|8|8200FFFFA90000CE
4.073745|1b0|Rx|d|4|FF00FFC0
4.073745|214|Rx|d|2|0000
4.089368|12e|Rx|d|8|CA80007FF0FFFF00
4.089368|90|Rx|d|5|FF000F5C00
4.089368|c6|Rx|d|8|803D80007FE3BEA2
4.089368|242|Rx|d|8|1280FFFFFFFFFD00
4.089368|29c|Rx|d|8|00000000FFFF0000
4.089368|354|Rx|d|8|0000000000000000
4.089368|392|Rx|d|5|0004000000
4.089368|6af|Rx|d|5|0000000000
4.089368|12e|Rx|d|8|CA80007FF0FFFF00
4.089368|90|Rx|d|5|FF0000FF00
4.092470|c6|Rx|d|8|803D80007FE3A0C0
4.092470|29a|Rx|d|8|00000000000000FF
4.092470|2b7|Rx|d|5|00E0FFFE00
4.092470|666|Rx|d|4|34000008
4.092470|211|Rx|d|8|8200FFFFA90000CE
4.092470|350|Rx|d|8|C22F3AF01414A485
4.092470|214|Rx|d|2|0000
4.092470|1b0|Rx|d|4|FF00FFC0
4.092470|4f8|Rx|d|8|54C0000000000000
4.092470|4de|Rx|d|3|C00000
4.092470|55d|Rx|d|8|00FC50C090800000
4.092470|12e|Rx|d|8|CA80007FF0FFFF00
4.092470|90|Rx|d|5|FF0001B300
4.092470|c6|Rx|d|8|803D80007FE3A2BE
4.092470|242|Rx|d|8|1280FFFFFFFFFD00
4.092470|29c|Rx|d|8|00000000FFFF0000
4.092470|352|Rx|d|4|5C0000FF
4.096582|12e|Rx|d|8|CA80007FF0FFFF00
4.096582|90|Rx|d|5|FF00026700
4.096582|c6|Rx|d|8|803D80007FE3A4BC
4.096582|29a|Rx|d|8|00000000000001FE
4.096582|2b7|Rx|d|5|00E0FFFE00
4.098580|211|Rx|d|8|8200FFFFA90000CE
4.098580|1b0|Rx|d|4|FF00FFC0
4.098580|214|Rx|d|2|0000
4.098580|5de|Rx|d|8|0000000000000002
4.098580|3b7|Rx|d|6|00007FC000C0
4.106575|12e|Rx|d|8|CA80007FF0FFFF00
4.106575|90|Rx|d|5|FF00032B00
4.106575|c6|Rx|d|8|803D80007FE3A6BA
4.106575|242|Rx|d|8|1280FFFFFFFFFD00
4.106575|29c|Rx|d|8|00000000FFFF0000
4.106575|354|Rx|d|8|0000000000000000
4.106575|5df|Rx|d|3|009500
4.116569|12e|Rx|d|8|CA80007FF0FFFF00
4.116569|90|Rx|d|5|FF0004D200
4.116569|c6|Rx|d|8|803D80007FE3A8B8
4.116569|29a|Rx|d|8|00000000000002FD
4.116569|2b7|Rx|d|5|00E0FFFE00
4.116569|392|Rx|d|5|0004000000
4.116569|668|Rx|d|2|8000
4.116569|1b0|Rx|d|4|FF00FFC0
4.116569|657|Rx|d|2|C0CC
4.116569|211|Rx|d|8|8200FFFFA90000CE
4.116569|214|Rx|d|2|0000
4.116569|218|Rx|d|1|98
4.116569|4fa|Rx|d|2|0800
4.116569|671|Rx|d|2|0200
4.126563|12e|Rx|d|8|CA80007FF0FFFF00
4.126563|90|Rx|d|5|FF00059E00
4.126563|c6|Rx|d|8|803D80007FE3AAB6
4.126563|242|Rx|d|8|1280FFFFFFFFFD00
4.126563|29c|Rx|d|8|00000000FFFF0000
4.126563|352|Rx|d|4|5C0000FF
4.126563|4ac|Rx|d|5|83722A0080
4.126563|45c|Rx|d|6|00000000FFE0
4.136559|12e|Rx|d|8|CA80007FF0FFFF00
4.136559|90|Rx|d|5|FF00064A00
4.136559|c6|Rx|d|8|803D80007FE3ACB4
4.136559|29a|Rx|d|8|00000000000003FC
4.136559|2b7|Rx|d|5|00E0FFFE00
4.136559|1b0|Rx|d|4|FF00FFC0
4.136559|211|Rx|d|8|8200FFFFA90000CE
4.136559|214|Rx|d|2|0000
4.172677|12e|Rx|d|8|CA80007FF0FFFF00
4.172677|90|Rx|d|5|FF00070600
4.172677|c6|Rx|d|8|803D80007FE3AEB2
4.172677|242|Rx|d|8|1280FFFFFFFFFD00
4.172677|29c|Rx|d|8|00000000FFFF0000
4.172677|354|Rx|d|8|0000000000000000
4.172677|12e|Rx|d|8|CA80007FF0FFFF00
4.172677|90|Rx|d|5|FF0008A500
4.172677|c6|Rx|d|8|803D80007FE3B0B0
4.172677|29a|Rx|d|8|00000000000004FB
4.172677|2b7|Rx|d|5|00E0FFFE00
4.172677|5d7|Rx|d|7|000008125200C0
4.172677|1b0|Rx|d|4|FF00FFC0
4.172677|211|Rx|d|8|8200FFFFA90000CE
4.172677|214|Rx|d|2|0000
4.172677|12e|Rx|d|8|CA80007FF0FFFF00
4.172677|90|Rx|d|5|FF0009E900
4.172677|c6|Rx|d|8|803D80007FE3B2AE
4.172677|242|Rx|d|8|1280FFFFFFFFFD00
4.172677|29c|Rx|d|8|00000000FFFF0000
4.172677|352|Rx|d|4|5C0000FF
4.172677|392|Rx|d|5|0004000000
4.172677|6af|Rx|d|5|0000000000
4.206710|12e|Rx|d|8|CA80007FF0FFFF00
4.206710|90|Rx|d|5|FF000A3D00
4.206710|c6|Rx|d|8|803D80007FE3B4AC
4.206710|29a|Rx|d|8|00000000000005FA
4.206710|2b7|Rx|d|5|00E0FFFE00
4.206710|666|Rx|d|4|34000008
4.206710|350|Rx|d|8|C22F3AF01414A485
4.206710|211|Rx|d|8|8200FFFFA90000CE
4.206710|1b0|Rx|d|4|FF00FFC0
4.206710|214|Rx|d|2|0000
4.206710|4de|Rx|d|3|C00000
4.206710|4f8|Rx|d|8|54C0000000000000
4.206710|55d|Rx|d|8|00FC50C090800000
4.206710|12e|Rx|d|8|CA80007FF0FFFF00
4.206710|90|Rx|d|5|FF000B7100
4.206710|c6|Rx|d|8|803D80007FE3B6AA
4.206710|242|Rx|d|8|1280FFFFFFFFFD00
4.206710|29c|Rx|d|8|00000000FFFF0000
4.206710|354|Rx|d|8|0000000000000000
4.206710|12e|Rx|d|8|CA80007FF0FFFF00
4.206710|90|Rx|d|5|FF000C8800
4.206710|c6|Rx|d|8|803D80007FE3B8A8
4.206710|29a|Rx|d|8|00000000000006F9
4.206710|2b7|Rx|d|5|00E0FFFE00
4.206710|1b0|Rx|d|4|FF00FFC0
4.206710|5de|Rx|d|8|0000000000000002
4.206710|211|Rx|d|8|8200FFFFA90000CE
4.206710|214|Rx|d|2|0000
4.206710|3b7|Rx|d|6|00007FC000C0
4.206710|12e|Rx|d|8|CB80007FF0FFFF00
4.206710|90|Rx|d|5|FF000DC400
4.206710|c6|Rx|d|8|803D80007FE3BAA6
4.206710|242|Rx|d|8|1280FFFFFFFFFD00
4.206710|29c|Rx|d|8|00000000FFFF0000
4.206710|352|Rx|d|4|5C0000FF
4.206710|5df|Rx|d|3|009500
4.239349|12e|Rx|d|8|CB80007FF0FFFF00
4.239349|90|Rx|d|5|FF000E1000
4.239349|c6|Rx|d|8|803D80007FE3BCA4
4.239349|29a|Rx|d|8|00000000000007F8
4.239349|2b7|Rx|d|5|00E0FFFE00
4.239349|392|Rx|d|5|0004000000
4.239349|668|Rx|d|2|8000
4.239349|699|Rx|d|8|00000200BF000000
4.239349|1b0|Rx|d|4|FF00FFC0
4.239349|211|Rx|d|8|8200FFFFA90000CE
4.239349|657|Rx|d|2|C0CC
4.239349|214|Rx|d|2|0000
4.239349|69f|Rx|d|4|0650859F
4.239349|218|Rx|d|1|98
4.239349|4fa|Rx|d|2|0800
4.239349|671|Rx|d|2|0200
4.239349|12e|Rx|d|8|CA80007FF0FFFF00
4.239349|90|Rx|d|5|FF000F5C00
4.239349|c6|Rx|d|8|803D80007FE3BEA2
4.239349|242|Rx|d|8|1280FFFFFFFFFD00
4.239349|29c|Rx|d|8|00000000FFFF0000
4.239349|354|Rx|d|8|0000000000000000
4.239349|4ac|Rx|d|5|83722A0080
4.239349|45c|Rx|d|6|00000000FFE0
4.239349|12e|Rx|d|8|CA80007FF0FFFF00
4.239349|90|Rx|d|5|FF0000FF00
4.239349|c6|Rx|d|8|803D80007FE3A0C0
4.239349|29a|Rx|d|8|00000000000008F7
4.239349|2b7|Rx|d|5|00E0FFFE00
4.239349|1b0|Rx|d|4|FF00FFC0
4.239349|211|Rx|d|8|8200FFFFA90000CE
4.239349|214|Rx|d|2|0000
4.245681|12e|Rx|d|8|CA80007FF0FFFF00
4.245681|90|Rx|d|5|FF0001B300
4.247679|c6|Rx|d|8|803D80007FE3A2BE
4.247679|242|Rx|d|8|1280FFFFFFFFFD00
4.247679|29c|Rx|d|8|00000000FFFF0000
4.247679|352|Rx|d|4|5C0000FF
4.257673|12e|Rx|d|8|CA80007FF0FFFF00
4.257673|90|Rx|d|5|FF00026700
4.257673|c6|Rx|d|8|803D80007FE3A4BC
4.257673|29a|Rx|d|8|00000000000009F6
4.257673|2b7|Rx|d|5|00E0FFFE00
4.257673|5d7|Rx|d|7|000008125200C0
4.257673|1b0|Rx|d|4|FF00FFC0
4.259674|211|Rx|d|8|8200FFFFA90000CE
4.259674|214|Rx|d|2|0000
4.265669|12e|Rx|d|8|CA80007FF0FFFF00
4.265669|90|Rx|d|5|FF00032B00
4.267669|c6|Rx|d|8|803D80007FE3A6BA
4.267669|242|Rx|d|8|1280FFFFFFFFFD00
4.267669|29c|Rx|d|8|00000000FFFF0000
4.267669|354|Rx|d|8|0000000000000000
4.267669|392|Rx|d|5|0004000000
4.275663|6af|Rx|d|5|0000000000
4.277662|12e|Rx|d|8|CA80007FF0FFFF00
4.277662|90|Rx|d|5|FF0004D200
4.277662|c6|Rx|d|8|803D80007FE3A8B8
4.277662|29a|Rx|d|8|0000000000000AF5
4.277662|2b7|Rx|d|5|00E0FFFE00
4.277662|666|Rx|d|4|34000008
4.277662|350|Rx|d|8|C22F3AF01414A485
4.277662|211|Rx|d|8|8200FFFFA90000CE
4.277662|1b0|Rx|d|4|FF00FFC0
4.277662|214|Rx|d|2|0000
4.277662|4de|Rx|d|3|C00000
4.277662|4f8|Rx|d|8|54C0000000000000
4.277662|55d|Rx|d|8|00FC50C090800000
4.285656|12e|Rx|d|8|CA80017FF0FFFF00
4.285656|90|Rx|d|5|FF00059E00
4.285656|c6|Rx|d|8|803D80007FE3AAB6
4.285656|242|Rx|d|8|1280FFFFFFFFFD00
4.285656|29c|Rx|d|8|00000000FFFF0000
4.285656|352|Rx|d|4|5C0000FF
4.321498|12e|Rx|d|8|CA80017FF0FFFF00
4.321498|90|Rx|d|5|FF00064A00
4.321498|c6|Rx|d|8|803D80007FE3ACB4
4.321498|29a|Rx|d|8|0000000000000BF4
4.321498|2b7|Rx|d|5|00E0FFFE00
4.321498|1b0|Rx|d|4|FF00FFC0
4.321498|5de|Rx|d|8|0000000000000002
4.321498|211|Rx|d|8|8200FFFFA90000CE
4.321498|214|Rx|d|2|0000
4.321498|3b7|Rx|d|6|00007FC000C0
4.321498|12e|Rx|d|8|CA80007FF0FFFF00
4.321498|90|Rx|d|5|FF00070600
4.321498|c6|Rx|d|8|803D80007FE3AEB2
4.321498|242|Rx|d|8|1280FFFFFFFFFD00
4.321498|29c|Rx|d|8|00000000FFFF0000
4.321498|354|Rx|d|8|0000000000000000
4.321498|5df|Rx|d|3|009500
4.337122|12e|Rx|d|8|CA80007FF0FFFF00
4.337122|90|Rx|d|5|FF0008A500
4.337122|c6|Rx|d|8|803D80007FE3B0B0
4.337122|29a|Rx|d|8|0000000000000CF3
4.337122|2b7|Rx|d|5|00E0FFFE00
4.337122|392|Rx|d|5|0004000000
4.337122|668|Rx|d|2|8000
4.337122|1b0|Rx|d|4|FF00FFC0
4.337122|657|Rx|d|2|C0CC
4.337122|211|Rx|d|8|8200FFFFA90000CE
4.337122|214|Rx|d|2|0000
4.337122|218|Rx|d|1|98
4.337122|4fa|Rx|d|2|0800
4.337122|671|Rx|d|2|0200
4.337122|12e|Rx|d|8|CA80007FF0FFFF00
4.337122|90|Rx|d|5|FF0009E900
4.337122|c6|Rx|d|8|803D80007FE3B2AE
4.337122|242|Rx|d|8|1280FFFFFFFFFD00
4.337122|29c|Rx|d|8|00000000FFFF0000
4.337122|352|Rx|d|4|5C0000FF
4.337122|4ac|Rx|d|5|83722A0080
4.337122|45c|Rx|d|6|00000000FFE0
4.337122|12e|Rx|d|8|CA80007FF0FFFF00
4.337122|90|Rx|d|5|FF000A3D00
4.337122|c6|Rx|d|8|803D80007FE3B4AC
4.337122|29a|Rx|d|8|0000000000000DF2
4.337122|2b7|Rx|d|5|00E0FFFE00
4.337122|1b0|Rx|d|4|FF00FFC0
4.337122|211|Rx|d|8|8200FFFFA90000CE
4.337122|214|Rx|d|2|0000
4.372097|12e|Rx|d|8|CA80007FF0FFFF00
4.372097|90|Rx|d|5|FF000B7100
4.372097|c6|Rx|d|8|803D80087FE3B6A2
4.372097|242|Rx|d|8|1280FFFFFFFFFD00
4.372097|29c|Rx|d|8|00000000FFFF0000
4.372097|354|Rx|d|8|0000000000000000
4.372097|12e|Rx|d|8|CA80007FF0FFFF00
4.372097|90|Rx|d|5|FF000C8800
4.372097|c6|Rx|d|8|803D7FF87FE3B8B1
4.372097|29a|Rx|d|8|0000000000000EF1
4.372097|2b7|Rx|d|5|00E0FFFE00
4.372097|5d7|Rx|d|7|000008125200C0
4.372097|1b0|Rx|d|4|FF00FFC0
4.372097|211|Rx|d|8|8200FFFFA90000CE
4.372097|214|Rx|d|2|0000
4.372097|12e|Rx|d|8|CA80007FF0FFFF00
4.372097|90|Rx|d|5|FF000DC400
4.372097|c6|Rx|d|8|803D80007FE3BAA6
4.372097|242|Rx|d|8|1280FFFFFFFFFD00
4.372097|29c|Rx|d|8|00000000FFFF0000
4.372097|352|Rx|d|4|5C0000FF
4.372097|392|Rx|d|5|0004000000
4.420348|6af|Rx|d|5|0000000000
4.420348|12e|Rx|d|8|CA80007FF0FFFF00
4.420348|90|Rx|d|5|FF000E1000
4.420348|c6|Rx|d|8|803D80007FE3BCA4
4.420348|29a|Rx|d|8|0000000000000FF0
4.420348|2b7|Rx|d|5|00E0FFFE00
4.420348|666|Rx|d|4|34000008
4.420348|350|Rx|d|8|C22F3AF01414A485
4.420348|1b0|Rx|d|4|FF00FFC0
4.420348|211|Rx|d|8|8200FFFFA90000CE
4.420348|4de|Rx|d|3|C00000
4.420348|214|Rx|d|2|0000
4.420348|4f8|Rx|d|8|54C0000000000000
4.420348|55d|Rx|d|8|00FC50C090800000
4.420348|12e|Rx|d|8|CA80007FF0FFFF00
4.420348|90|Rx|d|5|FF000F5C00
4.420348|c6|Rx|d|8|803D80007FE3BEA2
4.420348|242|Rx|d|8|1280FFFFFFFFFD00
4.420348|29c|Rx|d|8|00000000FFFF0000
4.420348|354|Rx|d|8|0000000000000000
4.420348|12e|Rx|d|8|CA80007FF0FFFF00
4.420348|90|Rx|d|5|FF0000FF00
4.420348|c6|Rx|d|8|803D80007FE3A0C0
4.420348|29a|Rx|d|8|00000000000000FF
4.420348|2b7|Rx|d|5|00E0FFFE00
4.420348|1b0|Rx|d|4|FF00FFC0
4.420348|5de|Rx|d|8|0000000000000002
4.420348|211|Rx|d|8|8200FFFFA90000CE
4.420348|214|Rx|d|2|0000
4.420348|3b7|Rx|d|6|00007FC000C0
4.420348|12e|Rx|d|8|CB80007FF0FFFF00
4.420348|90|Rx|d|5|FF0001B300
4.420348|c6|Rx|d|8|803D80007FE3A2BE
4.420348|242|Rx|d|8|1280FFFFFFFFFD00
4.420348|29c|Rx|d|8|00000000FFFF0000
4.420348|352|Rx|d|4|5C0000FF
4.420348|5df|Rx|d|3|009500
4.420348|12e|Rx|d|8|CB80007FF0FFFF00
4.420348|90|Rx|d|5|FF00026700
4.420348|c6|Rx|d|8|803D80007FE3A4BC
4.420348|29a|Rx|d|8|00000000000001FE
4.420348|2b7|Rx|d|5|00E0FFFE00
4.420348|392|Rx|d|5|0004000000
4.420348|1b0|Rx|d|4|FF00FFC0
4.420348|668|Rx|d|2|8000
4.420348|657|Rx|d|2|C0CC
4.420348|211|Rx|d|8|8200FFFFA90000CE
4.420348|214|Rx|d|2|0000
4.420348|218|Rx|d|1|98
4.420348|4fa|Rx|d|2|0800
4.420348|671|Rx|d|2|0200
4.454499|12e|Rx|d|8|CB80007FF0FFFF00
4.454499|90|Rx|d|5|FF00032B00
4.454499|c6|Rx|d|8|803D80007FE3A6BA
4.454499|242|Rx|d|8|1280FFFFFFFFFD00
4.454499|29c|Rx|d|8|00000000FFFF0000
4.454499|354|Rx|d|8|0000000000000000
4.454499|4ac|Rx|d|5|83722A0080
4.454499|45c|Rx|d|6|00000000FFE0
4.454499|12e|Rx|d|8|CB80007FF0FFFF00
4.454499|90|Rx|d|5|FF0004D200
4.454499|c6|Rx|d|8|803D80007FE3A8B8
4.454499|29a|Rx|d|8|00000000000002FD
4.454499|2b7|Rx|d|5|00E0FFFE00
4.454499|1b0|Rx|d|4|FF00FFC0
4.454499|211|Rx|d|8|8200FFFFA90000CE
4.454499|214|Rx|d|2|0000
4.454499|12e|Rx|d|8|CA80007FF0FFFF00
4.454499|90|Rx|d|5|FF00059E00
4.454499|c6|Rx|d|8|803D80007FE3AAB6
4.454499|242|Rx|d|8|1280FFFFFFFFFD00
4.454499|29c|Rx|d|8|00000000FFFF0000
4.454499|352|Rx|d|4|5C0000FF
4.454499|12e|Rx|d|8|CA80007FF0FFFF00
4.454499|90|Rx|d|5|FF00064A00
4.454499|c6|Rx|d|8|803D80007FE3ACB4
4.454499|29a|Rx|d|8|00000000000003FC
4.454499|2b7|Rx|d|5|00E0FFFE00
4.454499|5d7|Rx|d|7|000008125200C0
4.502696|1b0|Rx|d|4|FF00FFC0
4.502696|211|Rx|d|8|8200FFFFA90000CE
4.502696|214|Rx|d|2|0000
4.502696|12e|Rx|d|8|CB80007FF0FFFF00
4.502696|90|Rx|d|5|FF00070600
4.502696|c6|Rx|d|8|803D80007FE3AEB2
4.502696|242|Rx|d|8|1280FFFFFFFFFD00
4.502696|29c|Rx|d|8|00000000FFFF0000
4.502696|354|Rx|d|8|0000000000000000
4.502696|392|Rx|d|5|0004000000
4.502696|6af|Rx|d|5|0000000000
4.502696|12e|Rx|d|8|CB80007FF0FFFF00
4.502696|90|Rx|d|5|FF0008A500
4.502696|c6|Rx|d|8|803D80007FE3B0B0
4.502696|29a|Rx|d|8|00000000000004FB
4.502696|2b7|Rx|d|5|00E0FFFE00
4.502696|666|Rx|d|4|34000008
4.502696|350|Rx|d|8|C22F3AF01414A485
4.502696|1b0|Rx|d|4|FF00FFC0
4.502696|211|Rx|d|8|8200FFFFA90000CE
4.502696|4de|Rx|d|3|C00000
4.502696|214|Rx|d|2|0000
4.502696|4f8|Rx|d|8|54C0000000000000
4.502696|55d|Rx|d|8|00FC50C090800000
4.502696|12e|Rx|d|8|CB80007FF0FFFF00
4.502696|90|Rx|d|5|FF0009E900
4.502696|c6|Rx|d|8|803D80007FE3B2AE
4.502696|242|Rx|d|8|1280FFFFFFFFFD00
4.502696|29c|Rx|d|8|00000000FFFF0000
4.502696|352|Rx|d|4|5C0000FF
4.502696|12e|Rx|d|8|CB80007FF0FFFF00
4.502696|90|Rx|d|5|FF000A3D00
4.502696|c6|Rx|d|8|803D80087FE3B4A4
4.502696|29a|Rx|d|8|00000000000005FA
4.502696|2b7|Rx|d|5|00E0FFFE00
4.502696|1b0|Rx|d|4|FF00FFC0
4.502696|5de|Rx|d|8|0000000000000002
4.502696|211|Rx|d|8|8200FFFFA90000CE
4.502696|3b7|Rx|d|6|00007FC000C0
4.502696|214|Rx|d|2|0000
4.536409|12e|Rx|d|8|CB80007FF0FFFF00
4.536409|90|Rx|d|5|FF000B7100
4.536409|c6|Rx|d|8|803D80007FE3B6AA
4.536409|242|Rx|d|8|1280FFFFFFFFFD00
4.536409|29c|Rx|d|8|00000000FFFF0000
4.536409|354|Rx|d|8|0000000000000000
4.536409|5df|Rx|d|3|009500
4.536409|646|Rx|d|8|000000020000000C
4.536409|12e|Rx|d|8|CB80007FF0FFFF00
4.536409|90|Rx|d|5|FF000C8800
4.536409|c6|Rx|d|8|803D7FF87FE3B8B1
4.536409|29a|Rx|d|8|00000000000006F9
4.536409|2b7|Rx|d|5|00E0FFFE00
4.536409|392|Rx|d|5|0004000000
4.536409|1b0|Rx|d|4|FF00FFC0
4.536409|668|Rx|d|2|8000
4.536409|211|Rx|d|8|8200FFFFA90000CE
4.536409|657|Rx|d|2|C0CC
4.536409|214|Rx|d|2|0000
4.536409|218|Rx|d|1|98
4.536409|4fa|Rx|d|2|0800
4.536409|671|Rx|d|2|0200
4.536409|12e|Rx|d|8|CA80007FF0FFFF00
4.536409|90|Rx|d|5|FF000DC400
4.536409|c6|Rx|d|8|803D80087FE3BA9E
4.536409|242|Rx|d|8|1280FFFFFFFFFD00
4.536409|29c|Rx|d|8|00000000FFFF0000
4.536409|352|Rx|d|4|5C0000FF
4.536409|4ac|Rx|d|5|83722A0080
4.536409|45c|Rx|d|6|00000000FFE0
4.536409|12e|Rx|d|8|CA80007FF0FFFF00
4.536409|90|Rx|d|5|FF000E1000
4.536409|c6|Rx|d|8|803D7FF87FE3BCAD
4.536409|29a|Rx|d|8|00000000000007F8
4.536409|2b7|Rx|d|5|00E0FFFE00
4.536409|1b0|Rx|d|4|FF00FFC0
4.536409|211|Rx|d|8|8200FFFFA90000CE
4.536409|214|Rx|d|2|0000
4.546698|12e|Rx|d|8|CA80007FF0FFFF00
4.546698|90|Rx|d|5|FF000F5C00
4.546698|c6|Rx|d|8|803D80007FE3BEA2
4.546698|242|Rx|d|8|1280FFFFFFFFFD00
4.546698|29c|Rx|d|8|00000000FFFF0000
4.546698|354|Rx|d|8|0000000000000000
4.556694|12e|Rx|d|8|CA80007FF0FFFF00
4.556694|90|Rx|d|5|FF0000FF00
4.556694|c6|Rx|d|8|803D80007FE3A0C0
4.556694|29a|Rx|d|8|00000000000008F7
4.556694|2b7|Rx|d|5|00E0FFFE00
4.556694|5d7|Rx|d|7|000008125200C0
4.558691|1b0|Rx|d|4|FF00FFC0
4.558691|211|Rx|d|8|8200FFFFA90000CE
4.558691|214|Rx|d|2|0000
4.566686|12e|Rx|d|8|CA80007FF0FFFF00
4.566686|90|Rx|d|5|FF0001B300
4.566686|c6|Rx|d|8|803D80007FE3A2BE
4.566686|242|Rx|d|8|1280FFFFFFFFFD00
4.566686|29c|Rx|d|8|00000000FFFF0000
4.566686|352|Rx|d|4|5C0000FF
4.568686|392|Rx|d|5|0004000000
4.574682|6af|Rx|d|5|0000000000
4.576681|12e|Rx|d|8|CA80007FF0FFFF00
4.576681|90|Rx|d|5|FF00026700
4.576681|c6|Rx|d|8|803D80007FE3A4BC
4.576681|29a|Rx|d|8|00000000000009F6
4.576681|2b7|Rx|d|5|00E0FFFE00
4.576681|666|Rx|d|4|34000008
4.576681|350|Rx|d|8|C22F3AF01414A485
4.576681|211|Rx|d|8|8200FFFFA90000CE
4.576681|1b0|Rx|d|4|FF00FFC0
4.576681|214|Rx|d|2|0000
4.576681|4de|Rx|d|3|C00000
4.576681|4f8|Rx|d|8|54C0000000000000
4.576681|55d|Rx|d|8|00FC50C090800000
4.601387|12e|Rx|d|8|CB80007FF0FFFF00
4.601387|90|Rx|d|5|FF00032B00
4.601387|c6|Rx|d|8|803D80007FE3A6BA
4.601387|242|Rx|d|8|1280FFFFFFFFFD00
4.601387|29c|Rx|d|8|00000000FFFF0000
4.601387|354|Rx|d|8|0000000000000000
4.601387|12e|Rx|d|8|CB80007FF0FFFF00
4.601387|90|Rx|d|5|FF0004D200
4.601387|c6|Rx|d|8|803D80007FE3A8B8
4.601387|29a|Rx|d|8|0000000000000AF5
4.601387|2b7|Rx|d|5|00E0FFFE00
4.601387|1b0|Rx|d|4|FF00FFC0
4.601387|211|Rx|d|8|8200FFFFA90000CE
4.601387|5de|Rx|d|8|0000000000000002
4.601387|214|Rx|d|2|0000
4.601387|3b7|Rx|d|6|00007FC000C0
4.634917|12e|Rx|d|8|CB80007FF0FFFF00
4.634917|90|Rx|d|5|FF00059E00
4.634917|c6|Rx|d|8|803D80007FE3AAB6
4.634917|242|Rx|d|8|1280FFFFFFFFFD00
4.634917|29c|Rx|d|8|00000000FFFF0000
4.634917|352|Rx|d|4|5C0000FF
4.634917|5df|Rx|d|3|009500
4.634917|12e|Rx|d|8|CB80007FF0FFFF00
4.634917|90|Rx|d|5|FF00064A00
4.634917|c6|Rx|d|8|803D80007FE3ACB4
4.634917|29a|Rx|d|8|0000000000000BF4
4.634917|2b7|Rx|d|5|00E0FFFE00
4.634917|1b0|Rx|d|4|FF00FFC0
4.634917|211|Rx|d|8|8200FFFFA90000CE
4.634917|392|Rx|d|5|0004000000
4.634917|214|Rx|d|2|0000
4.634917|657|Rx|d|2|C0CC
4.634917|668|Rx|d|2|8000
4.634917|218|Rx|d|1|98
4.634917|4fa|Rx|d|2|0800
4.634917|671|Rx|d|2|0200
4.634917|12e|Rx|d|8|CA80007FF0FFFF00
4.634917|90|Rx|d|5|FF00070600
4.634917|c6|Rx|d|8|803D80007FE3AEB2
4.634917|242|Rx|d|8|1280FFFFFFFFFD00
4.634917|29c|Rx|d|8|00000000FFFF0000
4.634917|354|Rx|d|8|0000000000000000
4.634917|4ac|Rx|d|5|83722A0080
4.634917|45c|Rx|d|6|00000000FFE0
4.634917|12e|Rx|d|8|CA80007FF0FFFF00
4.634917|90|Rx|d|5|FF0008A500
4.634917|c6|Rx|d|8|803D80007FE3B0B0
4.634917|29a|Rx|d|8|0000000000000CF3
4.634917|2b7|Rx|d|5|00E0FFFE00
4.640304|1b0|Rx|d|4|FF00FFC0
4.640304|211|Rx|d|8|8200FFFFA90000CE
4.640304|214|Rx|d|2|0000
4.646302|12e|Rx|d|8|CA80007FF0FFFF00
4.646302|90|Rx|d|5|FF0009E900
4.646302|c6|Rx|d|8|803D80007FE3B2AE
4.646302|242|Rx|d|8|1280FFFFFFFFFD00
4.646302|29c|Rx|d|8|00000000FFFF0000
4.646302|352|Rx|d|4|5C0000FF
4.656298|12e|Rx|d|8|CA80007FF0FFFF00
4.656298|90|Rx|d|5|FF000A3D00
4.656298|c6|Rx|d|8|803D80007FE3B4AC
4.656298|29a|Rx|d|8|0000000000000DF2
4.656298|2b7|Rx|d|5|00E0FFFE00
4.656298|5d7|Rx|d|7|000008125200C0
4.656298|1b0|Rx|d|4|FF00FFC0
4.656298|211|Rx|d|8|8200FFFFA90000CE
4.658293|214|Rx|d|2|0000
4.666288|12e|Rx|d|8|CA80007FF0FFFF00
4.666288|90|Rx|d|5|FF000B7100
4.666288|c6|Rx|d|8|803D80007FE3B6AA
4.666288|242|Rx|d|8|1280FFFFFFFFFD00
4.666288|29c|Rx|d|8|00000000FFFF0000
4.666288|354|Rx|d|8|0000000000000000
4.666288|392|Rx|d|5|0004000000
4.676283|6af|Rx|d|5|0000000000
4.676283|12e|Rx|d|8|CA80007FF0FFFF00
4.676283|90|Rx|d|5|FF000C8800
4.676283|c6|Rx|d|8|803D80007FE3B8A8
4.676283|29a|Rx|d|8|0000000000000EF1
4.676283|2b7|Rx|d|5|00E0FFFE00
4.676283|666|Rx|d|4|34000008
4.676283|350|Rx|d|8|C22F3AF01414A485
4.682279|211|Rx|d|8|8200FFFFA90000CE
4.682279|1b0|Rx|d|4|FF00FFC0
4.682279|4de|Rx|d|3|C00000
4.682279|214|Rx|d|2|0000
4.682279|4f8|Rx|d|8|54C0000000000000
4.682279|55d|Rx|d|8|00FC50C090800000
4.714747|12e|Rx|d|8|CA80007FF0FFFF00
4.714747|90|Rx|d|5|FF000DC400
4.714747|c6|Rx|d|8|803D80007FE3BAA6
4.714747|242|Rx|d|8|1280FFFFFFFFFD00
4.714747|29c|Rx|d|8|00000000FFFF0000
4.714747|352|Rx|d|4|5C0000FF
4.714747|12e|Rx|d|8|CA80007FF0FFFF00
4.714747|90|Rx|d|5|FF000E1000
4.714747|c6|Rx|d|8|803D80007FE3BCA4
4.714747|29a|Rx|d|8|0000000000000FF0
4.714747|2b7|Rx|d|5|00E0FFFE00
4.714747|1b0|Rx|d|4|FF00FFC0
4.714747|211|Rx|d|8|8200FFFFA90000CE
4.714747|5de|Rx|d|8|0000000000000002
4.714747|214|Rx|d|2|0000
4.714747|3b7|Rx|d|6|00007FC000C0
4.730371|12e|Rx|d|8|CA7FFF7FF0FFFF00
4.730371|90|Rx|d|5|FF000F5C00
4.730371|c6|Rx|d|8|803D80007FE3BEA2
4.730371|242|Rx|d|8|1280FFFFFFFFFD00
4.730371|29c|Rx|d|8|00000000FFFF0000
4.730371|354|Rx|d|8|0000000000000000
4.730371|5df|Rx|d|3|009500
4.730371|12e|Rx|d|8|CA7FFF7FF0FFFF00
4.730371|90|Rx|d|5|FF0000FF00
4.730371|c6|Rx|d|8|803D80007FE3A0C0
4.730371|29a|Rx|d|8|00000000000000FF
4.730371|2b7|Rx|d|5|00E0FFFE00
4.730371|1b0|Rx|d|4|FF00FFC0
4.730371|211|Rx|d|8|8200FFFFA90000CE
4.730371|392|Rx|d|5|0004000000
4.730371|657|Rx|d|2|C0CC
4.730371|668|Rx|d|2|8000
4.730371|214|Rx|d|2|0000
4.730371|218|Rx|d|1|98
4.730371|4fa|Rx|d|2|0800
4.730371|671|Rx|d|2|0200
4.730371|12e|Rx|d|8|CB7FFF7FF0FFFF00
4.730371|90|Rx|d|5|FF0001B300
4.730371|c6|Rx|d|8|803D80007FE3A2BE
4.730371|242|Rx|d|8|1280FFFFFFFFFD00
4.730371|29c|Rx|d|8|00000000FFFF0000
4.730371|352|Rx|d|4|5C0000FF
4.730371|4ac|Rx|d|5|83722A0080
4.730371|45c|Rx|d|6|00000000FFE0
4.764719|12e|Rx|d|8|CB7FFF7FF0FFFF00
4.764719|90|Rx|d|5|FF00026700
4.764719|c6|Rx|d|8|803D80007FE3A4BC
4.764719|29a|Rx|d|8|00000000000001FE
4.764719|2b7|Rx|d|5|00E0FFFE00
4.764719|1b0|Rx|d|4|FF00FFC0
4.764719|211|Rx|d|8|8200FFFFA90000CD
4.764719|214|Rx|d|2|0000
4.764719|12e|Rx|d|8|CA80007FF0FFFF00
4.764719|90|Rx|d|5|FF00032B00
4.764719|c6|Rx|d|8|803D80007FE3A6BA
4.764719|242|Rx|d|8|1280FFFFFFFFFD00
4.764719|29c|Rx|d|8|00000000FFFF0000
4.764719|354|Rx|d|8|0000000000000000
4.764719|12e|Rx|d|8|CA80007FF0FFFF00
4.764719|90|Rx|d|5|FF0004D200
4.764719|c6|Rx|d|8|803D80007FE3A8B8
4.764719|29a|Rx|d|8|00000000000002FD
4.764719|2b7|Rx|d|5|00E0FFFE00
4.764719|5d7|Rx|d|7|000008125200C0
4.764719|1b0|Rx|d|4|FF00FFC0
4.764719|211|Rx|d|8|8200FFFFA90000CD
4.764719|214|Rx|d|2|0000
4.764719|12e|Rx|d|8|CB80027FF0FFFF00
4.764719|90|Rx|d|5|FF00059E00
4.764719|c6|Rx|d|8|803D80007FE3AAB6
4.764719|242|Rx|d|8|1280FFFFFFFFFD00
4.764719|29c|Rx|d|8|00000000FFFF0000
4.764719|352|Rx|d|4|5C0000FF
4.797913|392|Rx|d|5|0004000000
4.797913|6af|Rx|d|5|0000000000
4.797913|12e|Rx|d|8|CB80027FF0FFFF00
4.797913|90|Rx|d|5|FF00064A00
4.797913|c6|Rx|d|8|803D80007FE3ACB4
4.797913|29a|Rx|d|8|00000000000003FC
4.797913|2b7|Rx|d|5|00E0FFFE00
4.797913|666|Rx|d|4|34000008
4.797913|350|Rx|d|8|C22F3AF01414A485
4.797913|211|Rx|d|8|8200FFFFA90000CD
4.797913|1b0|Rx|d|4|FF00FFC0
4.797913|4de|Rx|d|3|C00000
4.797913|214|Rx|d|2|0000
4.797913|4f8|Rx|d|8|54C0000000000000
4.797913|55d|Rx|d|8|00FC50C090800000
4.797913|12e|Rx|d|8|CB80007FF0FFFF00
4.797913|90|Rx|d|5|FF00070600
4.797913|c6|Rx|d|8|803D80007FE3AEB2
4.797913|242|Rx|d|8|1280FFFFFFFFFD00
4.797913|29c|Rx|d|8|00000000FFFF0000
4.797913|354|Rx|d|8|0000000000000000
4.797913|12e|Rx|d|8|CB80007FF0FFFF00
4.797913|90|Rx|d|5|FF0008A500
4.797913|c6|Rx|d|8|803D80007FE3B0B0
4.797913|29a|Rx|d|8|00000000000004FB
4.797913|2b7|Rx|d|5|00E0FFFE00
4.797913|1b0|Rx|d|4|FF00FFC0
4.797913|211|Rx|d|8|8200FFFFA90000CD
4.797913|5de|Rx|d|8|0000000000000002
4.797913|214|Rx|d|2|0000
4.797913|3b7|Rx|d|6|00007FC000C0
4.833126|12e|Rx|d|8|CA80007FF0FFFF00
4.833126|90|Rx|d|5|FF0009E900
4.833126|c6|Rx|d|8|803D80007FE3B2AE
4.833126|242|Rx|d|8|1280FFFFFFFFFD00
4.833126|29c|Rx|d|8|00000000FFFF0000
4.833126|352|Rx|d|4|5C0000FF
4.833126|5df|Rx|d|3|009500
4.833126|12e|Rx|d|8|CA80007FF0FFFF00
4.833126|90|Rx|d|5|FF000A3D00
4.833126|c6|Rx|d|8|803D80007FE3B4AC
4.833126|29a|Rx|d|8|00000000000005FA
4.833126|2b7|Rx|d|5|00E0FFFE00
4.833126|1b0|Rx|d|4|FF00FFC0
4.833126|211|Rx|d|8|8200FFFFA90000CE
4.833126|392|Rx|d|5|0004000000
4.833126|214|Rx|d|2|0000
4.833126|657|Rx|d|2|C0CC
4.833126|218|Rx|d|1|98
4.833126|668|Rx|d|2|8000
4.833126|4fa|Rx|d|2|0800
4.833126|671|Rx|d|2|0200
4.833126|12e|Rx|d|8|CA80007FF0FFFF00
4.833126|90|Rx|d|5|FF000B7100
4.833126|c6|Rx|d|8|803D80007FE3B6AA
4.833126|242|Rx|d|8|1280FFFFFFFFFD00
4.833126|29c|Rx|d|8|00000000FFFF0000
4.833126|354|Rx|d|8|0000000000000000
4.833126|4ac|Rx|d|5|83722A0080
4.833126|45c|Rx|d|6|00000000FFE0
4.836604|12e|Rx|d|8|CA80007FF0FFFF00
4.836604|90|Rx|d|5|FF000C8800
4.836604|c6|Rx|d|8|803D80007FE3B8A8
4.836604|29a|Rx|d|8|00000000000006F9
4.836604|2b7|Rx|d|5|00E0FFFE00
4.838602|1b0|Rx|d|4|FF00FFC0
4.838602|211|Rx|d|8|8200FFFFA90000CE
4.838602|214|Rx|d|2|0000
4.846595|12e|Rx|d|8|CA80007FF0FFFF00
4.846595|90|Rx|d|5|FF000DC400
4.846595|c6|Rx|d|8|803D80007FE3BAA6
4.846595|242|Rx|d|8|1280FFFFFFFFFD00
4.846595|29c|Rx|d|8|00000000FFFF0000
4.846595|352|Rx|d|4|5C0000FF
4.856589|12e|Rx|d|8|CA80007FF0FFFF00
4.856589|90|Rx|d|5|FF000E1000
4.856589|c6|Rx|d|8|803D80007FE3BCA4
4.856589|29a|Rx|d|8|00000000000007F8
4.856589|2b7|Rx|d|5|00E0FFFE00
4.856589|5d7|Rx|d|7|000008125200C0
4.856589|1b0|Rx|d|4|FF00FFC0
4.856589|211|Rx|d|8|8200FFFFA90000CE
4.856589|214|Rx|d|2|0000
4.866585|12e|Rx|d|8|CB7FFF7FF0FFFF00
4.866585|90|Rx|d|5|FF000F5C00
4.866585|c6|Rx|d|8|803D80007FE3BEA2
4.866585|242|Rx|d|8|1280FFFFFFFFFD00
4.866585|29c|Rx|d|8|00000000FFFF0000
4.866585|354|Rx|d|8|0000000000000000
4.866585|392|Rx|d|5|0004000000
4.874578|6af|Rx|d|5|0000000000
4.874578|12e|Rx|d|8|CB7FFF7FF0FFFF00
4.874578|90|Rx|d|5|FF0000FF00
4.874578|c6|Rx|d|8|803D80007FE3A0C0
4.874578|29a|Rx|d|8|00000000000008F7
4.874578|2b7|Rx|d|5|00E0FFFE00
4.874578|666|Rx|d|4|34000008
4.880574|350|Rx|d|8|C22F3AF01414A485
4.880574|211|Rx|d|8|8200FFFFA90000CE
4.880574|1b0|Rx|d|4|FF00FFC0
4.880574|214|Rx|d|2|0000
4.880574|4de|Rx|d|3|C00000
4.880574|4f8|Rx|d|8|54C0000000000000
4.880574|55d|Rx|d|8|00FC50C090800000
4.900273|12e|Rx|d|8|CB7FFF7FF0FFFF00
4.900273|90|Rx|d|5|FF0001B300
4.900273|c6|Rx|d|8|803D80007FE3A2BE
4.900273|242|Rx|d|8|1280FFFFFFFFFD00
4.900273|29c|Rx|d|8|00000000FFFF0000
4.900273|352|Rx|d|4|5C0000FF
4.915896|12e|Rx|d|8|CB7FFF7FF0FFFF00
4.915896|90|Rx|d|5|FF00026700
4.915896|c6|Rx|d|8|803D80007FE3A4BC
4.915896|29a|Rx|d|8|00000000000009F6
4.915896|2b7|Rx|d|5|00E0FFFE00
4.915896|1b0|Rx|d|4|FF00FFC0
4.915896|211|Rx|d|8|8200FFFFA90000CE
4.915896|5de|Rx|d|8|0000000000000002
4.915896|214|Rx|d|2|0000
4.915896|3b7|Rx|d|6|00007FC000C0
4.915896|12e|Rx|d|8|CA80007FF0FFFF00
4.915896|90|Rx|d|5|FF00032B00
4.915896|c6|Rx|d|8|803D80007FE3A6BA
4.915896|242|Rx|d|8|1280FFFFFFFFFD00
4.915896|29c|Rx|d|8|00000000FFFF0000
4.915896|354|Rx|d|8|0000000000000000
4.915896|5df|Rx|d|3|009500
4.915896|12e|Rx|d|8|CA80007FF0FFFF00
4.915896|90|Rx|d|5|FF0004D200
4.915896|c6|Rx|d|8|803D80007FE3A8B8
4.915896|29a|Rx|d|8|0000000000000AF5
4.915896|2b7|Rx|d|5|00E0FFFE00
4.915896|1b0|Rx|d|4|FF00FFC0
4.915896|657|Rx|d|2|C0CC
4.915896|392|Rx|d|5|0004000000
4.915896|211|Rx|d|8|8200FFFFA90000CD
4.915896|668|Rx|d|2|8000
4.915896|214|Rx|d|2|0000
4.963941|218|Rx|d|1|98
4.963941|4fa|Rx|d|2|0800
4.963941|671|Rx|d|2|0200
4.963941|12e|Rx|d|8|C980017FF0FFFF00
4.963941|90|Rx|d|5|FF00059E00
4.963941|c6|Rx|d|8|803D80007FE3AAB6
4.963941|242|Rx|d|8|1280FFFFFFFFFD00
4.963941|29c|Rx|d|8|00000000FFFF0000
4.963941|352|Rx|d|4|5C0000FF
4.963941|4ac|Rx|d|5|83722A0080
4.963941|45c|Rx|d|6|00000000FFE0
4.963941|12e|Rx|d|8|C980017FF0FFFF00
4.963941|90|Rx|d|5|FF00064A00
4.963941|c6|Rx|d|8|803D80007FE3ACB4
4.963941|29a|Rx|d|8|0000000000000BF4
4.963941|2b7|Rx|d|5|00E0FFFE00
4.963941|1b0|Rx|d|4|FF00FFC0
4.963941|211|Rx|d|8|8200FFFFA90000CD
4.963941|214|Rx|d|2|0000
4.963941|12e|Rx|d|8|CA80007FF0FFFF00
4.963941|90|Rx|d|5|FF00070600
4.963941|c6|Rx|d|8|803D80007FE3AEB2
4.963941|242|Rx|d|8|1280FFFFFFFFFD00
4.963941|29c|Rx|d|8|00000000FFFF0000
4.963941|354|Rx|d|8|0000000000000000
4.963941|12e|Rx|d|8|CA80007FF0FFFF00
4.963941|90|Rx|d|5|FF0008A500
4.963941|c6|Rx|d|8|803D80007FE3B0B0
4.963941|29a|Rx|d|8|0000000000000CF3
4.963941|2b7|Rx|d|5|00E0FFFE00
4.963941|5d7|Rx|d|7|000008125200C0
4.963941|1b0|Rx|d|4|FF00FFC0
4.963941|211|Rx|d|8|8200FFFFA90000CD
4.963941|214|Rx|d|2|0000
4.963941|12e|Rx|d|8|CA80007FF0FFFF00
4.963941|90|Rx|d|5|FF0009E900
4.963941|c6|Rx|d|8|803D80007FE3B2AE
4.963941|242|Rx|d|8|1280FFFFFFFFFD00
4.963941|29c|Rx|d|8|00000000FFFF0000
4.963941|352|Rx|d|4|5C0000FF
4.998076|392|Rx|d|5|0004000000
4.998076|6af|Rx|d|5|0000000000
4.998076|12e|Rx|d|8|CA80007FF0FFFF00
4.998076|90|Rx|d|5|FF000A3D00
4.998076|c6|Rx|d|8|803D80007FE3B4AC
4.998076|29a|Rx|d|8|0000000000000DF2
4.998076|2b7|Rx|d|5|00E0FFFE00
4.998076|666|Rx|d|4|34000008
4.998076|350|Rx|d|8|C22F3AF01414A485
4.998076|1b0|Rx|d|4|FF00FFC0
4.998076|4de|Rx|d|3|C00000
4.998076|211|Rx|d|8|8200FFFFA90000CD
4.998076|55d|Rx|d|8|00FC50C090800000
4.998076|214|Rx|d|2|0000
4.998076|4f8|Rx|d|8|54C0000000000000
4.998076|12e|Rx|d|8|CA80007FF0FFFF00
4.998076|90|Rx|d|5|FF000B7100
4.998076|c6|Rx|d|8|803D80007FE3B6AA
4.998076|242|Rx|d|8|1280FFFFFFFFFD00
4.998076|29c|Rx|d|8|00000000FFFF0000
4.998076|354|Rx|d|8|0000000000000000
4.998076|12e|Rx|d|8|CA80007FF0FFFF00
4.998076|90|Rx|d|5|FF000C8800
4.998076|c6|Rx|d|8|803D80007FE3B8A8
4.998076|29a|Rx|d|8|0000000000000EF1
4.998076|2b7|Rx|d|5|00E0FFFE00
4.998076|1b0|Rx|d|4|FF00FFC0
4.998076|5de|Rx|d|8|0000000000000002
4.998076|211|Rx|d|8|8200FFFFA90000CD
4.998076|214|Rx|d|2|0000
4.998076|3b7|Rx|d|6|00007FC000C0
5.031435|12e|Rx|d|8|CA80017FF0FFFF00
5.031435|90|Rx|d|5|FF000DC400
5.031435|c6|Rx|d|8|803D80007FE3BAA6
5.031435|242|Rx|d|8|1280FFFFFFFFFD00
5.031435|29c|Rx|d|8|00000000FFFF0000
5.031435|352|Rx|d|4|5C0000FF
5.031435|5df|Rx|d|3|009500
5.031435|646|Rx|d|8|000000020000000C
5.031435|12e|Rx|d|8|CA80017FF0FFFF00
5.031435|90|Rx|d|5|FF000E1000
5.031435|c6|Rx|d|8|803D80007FE3BCA4
5.031435|29a|Rx|d|8|0000000000000FF0
5.031435|2b7|Rx|d|5|00E0FFFE00
5.031435|1b0|Rx|d|4|FF00FFC0
5.031435|657|Rx|d|2|C0CC
5.031435|211|Rx|d|8|8200FFFFA90000CD
5.031435|392|Rx|d|5|0004000000
5.031435|214|Rx|d|2|0000
5.031435|668|Rx|d|2|8000
5.031435|218|Rx|d|1|98
5.031435|4fa|Rx|d|2|0800
5.031435|671|Rx|d|2|0200
5.031435|12e|Rx|d|8|CA80007FF0FFFF00
5.031435|90|Rx|d|5|FF000F5C00
5.031435|c6|Rx|d|8|803D80007FE3BEA2
5.031435|242|Rx|d|8|1280FFFFFFFFFD00
5.031435|29c|Rx|d|8|00000000FFFF0000
5.031435|354|Rx|d|8|0000000000000000
5.031435|4ac|Rx|d|5|83722A0080
5.031435|45c|Rx|d|6|00000000FFE0
5.037582|12e|Rx|d|8|CA80007FF0FFFF00
5.037582|90|Rx|d|5|FF0000FF00
5.037582|c6|Rx|d|8|803D80007FE3A0C0
5.037582|29a|Rx|d|8|00000000000000FF
5.037582|2b7|Rx|d|5|00E0FFFE00
5.037582|1b0|Rx|d|4|FF00FFC0
5.039580|211|Rx|d|8|8200FFFFA90000CD
5.039580|214|Rx|d|2|0000
5.045577|12e|Rx|d|8|CA80007FF0FFFF00
5.045577|90|Rx|d|5|FF0001B300
5.047577|c6|Rx|d|8|803D80007FE3A2BE
5.047577|242|Rx|d|8|1280FFFFFFFFFD00
5.047577|29c|Rx|d|8|00000000FFFF0000
5.047577|352|Rx|d|4|5C0000FF
5.055573|12e|Rx|d|8|CA80007FF0FFFF00
5.055573|90|Rx|d|5|FF00026700
5.057571|c6|Rx|d|8|803D80007FE3A4BC
5.057571|29a|Rx|d|8|00000000000001FE
5.057571|2b7|Rx|d|5|00E0FFFE00
5.057571|5d7|Rx|d|7|000008125200C0
5.057571|1b0|Rx|d|4|FF00FFC0
5.057571|211|Rx|d|8|8200FFFFA90000CD
5.057571|214|Rx|d|2|0000
5.065565|12e|Rx|d|8|CA80007FF0FFFF00
5.065565|90|Rx|d|5|FF00032B00
5.065565|c6|Rx|d|8|803D80007FE3A6BA
5.065565|242|Rx|d|8|1280FFFFFFFFFD00
5.065565|29c|Rx|d|8|00000000FFFF0000
5.065565|354|Rx|d|8|0000000000000000
5.071562|392|Rx|d|5|0004000000
5.075561|6af|Rx|d|5|0000000000
5.075561|12e|Rx|d|8|CA80007FF0FFFF00
5.075561|90|Rx|d|5|FF0004D200
5.077558|c6|Rx|d|8|803D80007FE3A8B8
5.077558|29a|Rx|d|8|00000000000002FD
5.077558|2b7|Rx|d|5|00E0FFFE00
5.077558|666|Rx|d|4|34000008
5.077558|350|Rx|d|8|C22F3AF01414A485
5.077558|1b0|Rx|d|4|FF00FFC0
5.077558|4de|Rx|d|3|C00000
5.077558|211|Rx|d|8|8200FFFFA90000CD
5.077558|55d|Rx|d|8|00FC50C090800000
5.077558|214|Rx|d|2|0000
5.077558|4f8|Rx|d|8|54C0000000000000
5.113053|12e|Rx|d|8|CA80007FF0FFFF00
5.113053|90|Rx|d|5|FF00059E00
5.113053|c6|Rx|d|8|803D80007FE3AAB6
5.113053|242|Rx|d|8|1280FFFFFFFFFD00
5.113053|29c|Rx|d|8|00000000FFFF0000
5.113053|352|Rx|d|4|5C0000FF
5.113053|12e|Rx|d|8|CA80007FF0FFFF00
5.113053|90|Rx|d|5|FF00064A00
5.113053|c6|Rx|d|8|803D80007FE3ACB4
5.113053|29a|Rx|d|8|00000000000003FC
5.113053|2b7|Rx|d|5|00E0FFFE00
5.113053|1b0|Rx|d|4|FF00FFC0
5.113053|5de|Rx|d|8|0000000000000002
5.113053|211|Rx|d|8|8200FFFFA90000CD
5.113053|214|Rx|d|2|0000
5.113053|3b7|Rx|d|6|00007FC000C0
5.113053|12e|Rx|d|8|CA80007FF0FFFF00
5.113053|90|Rx|d|5|FF00070600
5.113053|c6|Rx|d|8|803D80007FE3AEB2
5.113053|242|Rx|d|8|1280FFFFFFFFFD00
5.113053|29c|Rx|d|8|00000000FFFF0000
5.113053|354|Rx|d|8|0000000000000000
5.113053|5df|Rx|d|3|009500
5.146369|12e|Rx|d|8|CA80007FF0FFFF00
5.146369|90|Rx|d|5|FF0008A500
5.146369|c6|Rx|d|8|803D80007FE3B0B0
5.146369|29a|Rx|d|8|00000000000004FB
5.146369|2b7|Rx|d|5|00E0FFFE00
5.146369|1b0|Rx|d|4|FF00FFC0
5.146369|657|Rx|d|2|C0CC
5.146369|211|Rx|d|8|8200FFFFA90000CD
5.146369|392|Rx|d|5|0004000000
5.146369|214|Rx|d|2|0000
5.146369|668|Rx|d|2|8000
5.146369|218|Rx|d|1|98
5.146369|4fa|Rx|d|2|0800
5.146369|671|Rx|d|2|0200
5.146369|12e|Rx|d|8|CA7FFF7FF0FFFF00
5.146369|90|Rx|d|5|FF0009E900
5.146369|c6|Rx|d|8|803D80007FE3B2AE
5.146369|242|Rx|d|8|1280FFFFFFFFFD00
5.146369|29c|Rx|d|8|00000000FFFF0000
5.146369|352|Rx|d|4|5C0000FF
5.146369|4ac|Rx|d|5|83722A0080
5.146369|45c|Rx|d|6|00000000FFE0
5.146369|12e|Rx|d|8|CA7FFF7FF0FFFF00
5.146369|90|Rx|d|5|FF000A3D00
5.146369|c6|Rx|d|8|803D80007FE3B4AC
5.146369|29a|Rx|d|8|00000000000005FA
5.146369|2b7|Rx|d|5|00E0FFFE00
5.146369|1b0|Rx|d|4|FF00FFC0
5.146369|211|Rx|d|8|8200FFFFA90000CD
5.146369|214|Rx|d|2|0000
5.146369|12e|Rx|d|8|CA80007FF0FFFF00
5.146369|90|Rx|d|5|FF000B7100
5.146369|c6|Rx|d|8|803D80087FE3B6A2
5.146369|242|Rx|d|8|1280FFFFFFFFFD00
5.146369|29c|Rx|d|8|00000000FFFF0000
5.146369|354|Rx|d|8|0000000000000000
5.181263|12e|Rx|d|8|CA80007FF0FFFF00
5.181263|90|Rx|d|5|FF000C8800
5.181263|c6|Rx|d|8|803D7FF87FE3B8B1
5.181263|29a|Rx|d|8|00000000000006F9
5.181263|2b7|Rx|d|5|00E0FFFE00
5.181263|5d7|Rx|d|7|000008125200C0
5.181263|1b0|Rx|d|4|FF00FFC0
5.181263|211|Rx|d|8|8200FFFFA90000CD
5.181263|214|Rx|d|2|0000
5.181263|12e|Rx|d|8|CB80007FF0FFFF00
5.181263|90|Rx|d|5|FF000DC400
5.181263|c6|Rx|d|8|803D80007FE3BAA6
5.181263|242|Rx|d|8|1280FFFFFFFFFD00
5.181263|29c|Rx|d|8|00000000FFFF0000
5.181263|352|Rx|d|4|5C0000FF
5.181263|392|Rx|d|5|0004000000
5.181263|6af|Rx|d|5|0000000000
5.181263|12e|Rx|d|8|CB80007FF0FFFF00
5.181263|90|Rx|d|5|FF000E1000
5.181263|c6|Rx|d|8|803D80007FE3BCA4
5.181263|29a|Rx|d|8|00000000000007F8
5.181263|2b7|Rx|d|5|00E0FFFE00
5.181263|666|Rx|d|4|34000008
5.181263|350|Rx|d|8|C22F3AF01414A485
5.181263|1b0|Rx|d|4|FF00FFC0
5.181263|4de|Rx|d|3|C00000
5.181263|211|Rx|d|8|8200FFFFA90000CD
5.181263|55d|Rx|d|8|00FC50C090800000
5.181263|214|Rx|d|2|0000
5.181263|4f8|Rx|d|8|54C0000000000000
5.186562|12e|Rx|d|8|CB80007FF0FFFF00
5.186562|90|Rx|d|5|FF000F5C00
5.186562|c6|Rx|d|8|803D80007FE3BEA2
5.186562|242|Rx|d|8|1280FFFFFFFFFD00
5.186562|29c|Rx|d|8|00000000FFFF0000
5.186562|354|Rx|d|8|0000000000000000
5.196553|12e|Rx|d|8|CB80007FF0FFFF00
5.196553|90|Rx|d|5|FF0000FF00
5.196553|c6|Rx|d|8|803D80007FE3A0C0
5.196553|29a|Rx|d|8|00000000000008F7
5.196553|2b7|Rx|d|5|00E0FFFE00
5.196553|1b0|Rx|d|4|FF00FFC0
5.196553|5de|Rx|d|8|0000000000000002
5.196553|211|Rx|d|8|8200FFFFA90000CD
5.196553|214|Rx|d|2|0000
5.196553|3b7|Rx|d|6|00007FC000C0
5.206547|12e|Rx|d|8|CA80007FF0FFFF00
5.206547|90|Rx|d|5|FF0001B300
5.206547|c6|Rx|d|8|803D80007FE3A2BE
5.206547|242|Rx|d|8|1280FFFFFFFFFD00
5.206547|29c|Rx|d|8|00000000FFFF0000
5.206547|352|Rx|d|4|5C0000FF
5.206547|5df|Rx|d|3|009500
5.216541|12e|Rx|d|8|CA80007FF0FFFF00
5.216541|90|Rx|d|5|FF00026700
5.216541|c6|Rx|d|8|803D80007FE3A4BC
5.216541|29a|Rx|d|8|00000000000009F6
5.216541|2b7|Rx|d|5|00E0FFFE00
5.216541|1b0|Rx|d|4|FF00FFC0
5.216541|657|Rx|d|2|C0CC
5.216541|69f|Rx|d|4|0650859F
5.216541|211|Rx|d|8|8200FFFFA90000CD
5.216541|392|Rx|d|5|0004000000
5.216541|214|Rx|d|2|0000
5.216541|668|Rx|d|2|8000
5.216541|699|Rx|d|8|00000200BF000000
5.216541|218|Rx|d|1|98
5.218542|4fa|Rx|d|2|0800
5.220540|671|Rx|d|2|0200
5.226535|12e|Rx|d|8|CA80007FF0FFFF00
5.226535|90|Rx|d|5|FF00032B00
5.226535|c6|Rx|d|8|803D80007FE3A6BA
5.226535|242|Rx|d|8|1280FFFFFFFFFD00
5.226535|29c|Rx|d|8|00000000FFFF0000
5.226535|354|Rx|d|8|0000000000000000
5.228534|4ac|Rx|d|5|83722A0080
5.228534|45c|Rx|d|6|00000000FFE0
5.262114|12e|Rx|d|8|CA80007FF0FFFF00
5.262114|90|Rx|d|5|FF0004D200
5.262114|c6|Rx|d|8|803D80007FE3A8B8
5.262114|29a|Rx|d|8|0000000000000AF5
5.262114|2b7|Rx|d|5|00E0FFFE00
5.262114|1b0|Rx|d|4|FF00FFC0
5.262114|211|Rx|d|8|8200FFFFA90000CD
5.262114|214|Rx|d|2|0000
5.262114|12e|Rx|d|8|CA80007FF0FFFF00
5.262114|90|Rx|d|5|FF00059E00
5.262114|c6|Rx|d|8|803D80007FE3AAB6
5.262114|242|Rx|d|8|1280FFFFFFFFFD00
5.262114|29c|Rx|d|8|00000000FFFF0000
5.262114|352|Rx|d|4|5C0000FF
5.277737|12e|Rx|d|8|CA80007FF0FFFF00
5.277737|90|Rx|d|5|FF00064A00
5.277737|c6|Rx|d|8|803D80007FE3ACB4
5.277737|29a|Rx|d|8|0000000000000BF4
5.277737|2b7|Rx|d|5|00E0FFFE00
5.277737|5d7|Rx|d|7|000008125200C0
5.277737|1b0|Rx|d|4|FF00FFC0
5.277737|211|Rx|d|8|8200FFFFA90000CD
5.277737|214|Rx|d|2|0000
5.277737|12e|Rx|d|8|CA80017FF0FFFF00
5.277737|90|Rx|d|5|FF00070600
5.277737|c6|Rx|d|8|803D80007FE3AEB2
5.277737|242|Rx|d|8|1280FFFFFFFFFD00
5.277737|29c|Rx|d|8|00000000FFFF0000
5.277737|354|Rx|d|8|0000000000000000
5.277737|392|Rx|d|5|0004000000
5.277737|6af|Rx|d|5|0000000000
5.277737|12e|Rx|d|8|CA80017FF0FFFF00
5.277737|90|Rx|d|5|FF0008A500
5.277737|c6|Rx|d|8|803D80007FE3B0B0
5.277737|29a|Rx|d|8|0000000000000CF3
5.277737|2b7|Rx|d|5|00E0FFFE00
5.277737|666|Rx|d|4|34000008
5.277737|350|Rx|d|8|C22F3AF01414A485
5.277737|1b0|Rx|d|4|FF00FFC0
5.277737|4de|Rx|d|3|C00000
5.277737|211|Rx|d|8|8200FFFFA90000CD
5.277737|55d|Rx|d|8|00FC50C090800000
5.277737|214|Rx|d|2|0000
5.277737|4f8|Rx|d|8|94C0000000000000
5.311314|12e|Rx|d|8|CA80007FF0FFFF00
5.311314|90|Rx|d|5|FF0009E900
5.311314|c6|Rx|d|8|803D80007FE3B2AE
5.311314|242|Rx|d|8|1280FFFFFFFFFD00
5.311314|29c|Rx|d|8|00000000FFFF0000
5.311314|352|Rx|d|4|5C0000FF
5.311314|12e|Rx|d|8|CA80007FF0FFFF00
5.311314|90|Rx|d|5|FF000A3D00
5.311314|c6|Rx|d|8|803D80007FE3B4AC
5.311314|29a|Rx|d|8|0000000000000DF2
5.311314|2b7|Rx|d|5|00E0FFFE00
5.311314|1b0|Rx|d|4|FF00FFC0
5.311314|5de|Rx|d|8|0000000000000002
5.311314|211|Rx|d|8|8200FFFFA90000CD
5.311314|214|Rx|d|2|0000
5.311314|3b7|Rx|d|6|00007FC000C0
5.311314|12e|Rx|d|8|CA80007FF0FFFF00
5.311314|90|Rx|d|5|FF000B7100
5.311314|c6|Rx|d|8|803D80007FE3B6AA
5.311314|242|Rx|d|8|1280FFFFFFFFFD00
5.311314|29c|Rx|d|8|00000000FFFF0000
5.311314|354|Rx|d|8|0000000000000000
5.311314|5df|Rx|d|3|009500
5.344516|12e|Rx|d|8|CA80007FF0FFFF00
5.344516|90|Rx|d|5|FF000C8800
5.344516|c6|Rx|d|8|803D80007FE3B8A8
5.344516|29a|Rx|d|8|0000000000000EF1
5.344516|2b7|Rx|d|5|00E0FFFE00
5.344516|1b0|Rx|d|4|FF00FFC0
5.344516|657|Rx|d|2|C0CC
5.344516|211|Rx|d|8|8200FFFFA90000CD
5.344516|214|Rx|d|2|0000
5.344516|392|Rx|d|5|0004000000
5.344516|668|Rx|d|2|8000
5.344516|218|Rx|d|1|98
5.344516|4fa|Rx|d|2|0800
5.344516|671|Rx|d|2|0200
5.344516|12e|Rx|d|8|CA80007FF0FFFF00
5.344516|90|Rx|d|5|FF000DC400
5.344516|c6|Rx|d|8|803D80007FE3BAA6
5.344516|242|Rx|d|8|1280FFFFFFFFFD00
5.344516|29c|Rx|d|8|00000000FFFF0000
5.344516|352|Rx|d|4|5C0000FF
5.344516|4ac|Rx|d|5|83722A0080
5.344516|45c|Rx|d|6|00000000FFE0
5.344516|12e|Rx|d|8|CA80007FF0FFFF00
5.344516|90|Rx|d|5|FF000E1000
5.344516|c6|Rx|d|8|803D80007FE3BCA4
5.344516|29a|Rx|d|8|0000000000000FF0
5.344516|2b7|Rx|d|5|00E0FFFE00
5.344516|1b0|Rx|d|4|FF00FFC0
5.344516|211|Rx|d|8|8200FFFFA90000CD
5.344516|214|Rx|d|2|0000
5.344516|12e|Rx|d|8|CA7FFF7FF0FFFF00
5.344516|90|Rx|d|5|FF000F5C00
5.344516|c6|Rx|d|8|803D80007FE3BEA2
5.344516|242|Rx|d|8|1280FFFFFFFFFD00
5.344516|29c|Rx|d|8|00000000FFFF0000
5.344516|354|Rx|d|8|0000000000000000
5.380288|12e|Rx|d|8|CA7FFF7FF0FFFF00
5.380288|90|Rx|d|5|FF0000FF00
5.380288|c6|Rx|d|8|803D80007FE3A0C0
5.380288|29a|Rx|d|8|00000000000000FF
5.380288|2b7|Rx|d|5|00E0FFFE00
5.380288|5d7|Rx|d|7|000008125200C0
5.380288|1b0|Rx|d|4|FF00FFC0
5.380288|211|Rx|d|8|8200FFFFA90000CD
5.380288|214|Rx|d|2|0000
5.380288|12e|Rx|d|8|CB80007FF0FFFF00
5.380288|90|Rx|d|5|FF0001B300
5.380288|c6|Rx|d|8|803D80007FE3A2BE
5.380288|242|Rx|d|8|1280FFFFFFFFFD00
5.380288|29c|Rx|d|8|00000000FFFF0000
5.380288|352|Rx|d|4|5C0000FF
5.380288|392|Rx|d|5|0004000000
5.380288|6af|Rx|d|5|0000000000
5.380288|90|Rx|d|5|FF00026700
5.380288|c6|Rx|d|8|803D80007FE3A4BC
5.380288|12e|Rx|d|8|CB80007FF0FFFF00
5.380288|29a|Rx|d|8|00000000000001FE
5.380288|2b7|Rx|d|5|00E0FFFE00
5.380288|666|Rx|d|4|34000008
5.380288|350|Rx|d|8|C22F3AF01414A485
5.380288|1b0|Rx|d|4|FF00FFC0
5.380288|211|Rx|d|8|8200FFFFA90000CD
5.380288|4de|Rx|d|3|C00000
5.380288|214|Rx|d|2|0000
5.380288|55d|Rx|d|8|00FC50C090800000
5.380288|4f8|Rx|d|8|94C0000000000000
5.386576|12e|Rx|d|8|CA80017FF0FFFF00
5.386576|90|Rx|d|5|FF00032B00
5.386576|c6|Rx|d|8|803D80007FE3A6BA
5.386576|242|Rx|d|8|1280FFFFFFFFFD00
5.386576|29c|Rx|d|8|00000000FFFF0000
5.386576|354|Rx|d|8|0000000000000000
5.396570|12e|Rx|d|8|CA80017FF0FFFF00
5.396570|90|Rx|d|5|FF0004D200
5.396570|c6|Rx|d|8|803D80007FE3A8B8
5.396570|29a|Rx|d|8|00000000000002FD
5.396570|2b7|Rx|d|5|00E0FFFE00
5.398569|1b0|Rx|d|4|FF00FFC0
5.398569|5de|Rx|d|8|0000000000000002
5.398569|211|Rx|d|8|8200FFFFA90000CD
5.398569|214|Rx|d|2|0000
5.398569|3b7|Rx|d|6|00007FC000C0
5.406569|12e|Rx|d|8|CA80007FF0FFFF00
5.406569|90|Rx|d|5|FF00059E00
5.406569|c6|Rx|d|8|803D80007FE3AAB6
5.406569|242|Rx|d|8|1280FFFFFFFFFD00
5.406569|29c|Rx|d|8|00000000FFFF0000
5.406569|352|Rx|d|4|5C0000FF
5.408566|5df|Rx|d|3|009500
5.416558|12e|Rx|d|8|CA80007FF0FFFF00
5.416558|90|Rx|d|5|FF00064A00
5.416558|c6|Rx|d|8|803D80007FE3ACB4
5.416558|29a|Rx|d|8|00000000000003FC
5.416558|2b7|Rx|d|5|00E0FFFE00
5.418556|1b0|Rx|d|4|FF00FFC0
5.418556|657|Rx|d|2|C0CC
5.418556|211|Rx|d|8|8200FFFFA90000CD
5.418556|214|Rx|d|2|0000
5.418556|218|Rx|d|1|98
5.418556|392|Rx|d|5|0004000000
5.418556|4fa|Rx|d|2|0800
5.418556|668|Rx|d|2|8000
5.418556|671|Rx|d|2|0200
5.426553|12e|Rx|d|8|CA7FFF7FF0FFFF00
5.426553|90|Rx|d|5|FF00070600
5.426553|c6|Rx|d|8|803D80007FE3AEB2
5.426553|242|Rx|d|8|1280FFFFFFFFFD00
5.426553|29c|Rx|d|8|00000000FFFF0000
5.426553|354|Rx|d|8|0000000000000000
5.428553|4ac|Rx|d|5|83722A0080
5.428788|45c|Rx|d|6|00000000FFE0
5.460039|12e|Rx|d|8|CA7FFF7FF0FFFF00
5.460039|90|Rx|d|5|FF0008A500
5.460039|c6|Rx|d|8|803D80087FE3B0A8
5.460039|29a|Rx|d|8|00000000000004FB
5.460039|2b7|Rx|d|5|00E0FFFE00
5.460039|1b0|Rx|d|4|FF00FFC0
5.460039|211|Rx|d|8|8200FFFFA90000CD
5.460039|214|Rx|d|2|0000
5.460039|12e|Rx|d|8|CB7FFF7FF0FFFF00
5.460039|90|Rx|d|5|FF0009E900
5.460039|c6|Rx|d|8|803D7FF87FE3B2B7
5.460039|242|Rx|d|8|1280FFFFFFFFFD00
5.460039|29c|Rx|d|8|00000000FFFF0000
5.460039|352|Rx|d|4|5C0000FF
5.475662|12e|Rx|d|8|CB7FFF7FF0FFFF00
5.475662|90|Rx|d|5|FF000A3D00
5.475662|c6|Rx|d|8|803D80007FE3B4AC
5.475662|29a|Rx|d|8|00000000000005FA
5.475662|2b7|Rx|d|5|00E0FFFE00
5.475662|5d7|Rx|d|7|000008125200C0
5.475662|1b0|Rx|d|4|FF00FFC0
5.475662|211|Rx|d|8|8200FFFFA90000CD
5.475662|214|Rx|d|2|0000
5.477574|12e|Rx|d|8|CB80007FF0FFFF00
5.477574|90|Rx|d|5|FF000B7100
5.477574|c6|Rx|d|8|803D80007FE3B6AA
5.477574|242|Rx|d|8|1280FFFFFFFFFD00
5.477574|29c|Rx|d|8|00000000FFFF0000
5.477574|354|Rx|d|8|0000000000000000
5.477574|392|Rx|d|5|0004000000
5.477574|6af|Rx|d|5|0000000000
5.477574|90|Rx|d|5|FF000C8800
5.477574|c6|Rx|d|8|803D80007FE3B8A8
5.477574|12e|Rx|d|8|CB80007FF0FFFF00
5.477574|29a|Rx|d|8|00000000000006F9
5.477574|2b7|Rx|d|5|00E0FFFE00
5.477574|666|Rx|d|4|34000008
5.477574|350|Rx|d|8|C22F3AF01414A485
5.477574|1b0|Rx|d|4|FF00FFC0
5.493201|211|Rx|d|8|8200FFFFA90000CD
5.493201|4de|Rx|d|3|C00000
5.493201|214|Rx|d|2|0000
5.493201|55d|Rx|d|8|00FC50C090800000
5.493201|4f8|Rx|d|8|94C0000000000000
5.493201|12e|Rx|d|8|CB80007FF0FFFF00
5.493201|90|Rx|d|5|FF000DC400
5.493201|c6|Rx|d|8|803D80007FE3BAA6
5.493201|242|Rx|d|8|1280FFFFFFFFFD00
5.493201|29c|Rx|d|8|00000000FFFF0000
5.493201|352|Rx|d|4|5C0000FF
5.527911|12e|Rx|d|8|CB80007FF0FFFF00
5.527911|90|Rx|d|5|FF000E1000
5.527911|c6|Rx|d|8|803D80007FE3BCA4
5.527911|29a|Rx|d|8|00000000000007F8
5.527911|2b7|Rx|d|5|00E0FFFE00
5.527911|1b0|Rx|d|4|FF00FFC0
5.527911|5de|Rx|d|8|0000000000000002
5.527911|211|Rx|d|8|8200FFFFA90000CD
5.527911|214|Rx|d|2|0000
5.527911|3b7|Rx|d|6|00007FC000C0
5.527911|12e|Rx|d|8|CA80007FF0FFFF00
5.527911|90|Rx|d|5|FF000F5C00
5.527911|c6|Rx|d|8|803D80007FE3BEA2
5.527911|242|Rx|d|8|1280FFFFFFFFFD00
5.527911|29c|Rx|d|8|00000000FFFF0000
5.527911|354|Rx|d|8|0000000000000000
5.527911|5df|Rx|d|3|009500
5.527911|646|Rx|d|8|000000020000000C
5.527911|12e|Rx|d|8|CA80007FF0FFFF00
5.527911|90|Rx|d|5|FF0000FF00
5.527911|c6|Rx|d|8|803D80007FE3A0C0
5.527911|29a|Rx|d|8|00000000000008F7
5.527911|2b7|Rx|d|5|00E0FFFE00
5.527911|1b0|Rx|d|4|FF00FFC0
5.527911|657|Rx|d|2|C0CC
5.527911|211|Rx|d|8|8200FFFFA90000CD
5.527911|214|Rx|d|2|0000
5.527911|218|Rx|d|1|98
5.527911|4fa|Rx|d|2|0800
5.527911|392|Rx|d|5|0004000000
5.527911|668|Rx|d|2|8000
5.527911|671|Rx|d|2|0200
5.527911|12e|Rx|d|8|CA7FFF7FF0FFFF00
5.527911|90|Rx|d|5|FF0001B300
5.527911|c6|Rx|d|8|803D80007FE3A2BE
5.527911|242|Rx|d|8|1280FFFFFFFFFD00
5.527911|29c|Rx|d|8|00000000FFFF0000
5.527911|352|Rx|d|4|5C0000FF
5.529984|4ac|Rx|d|5|83722A0080
5.529984|45c|Rx|d|6|00000000FFE0
5.535979|12e|Rx|d|8|CA7FFF7FF0FFFF00
5.535979|90|Rx|d|5|FF00026700
5.535979|c6|Rx|d|8|803D80007FE3A4BC
5.535979|29a|Rx|d|8|00000000000009F6
5.535979|2b7|Rx|d|5|00E0FFFE00
5.537979|1b0|Rx|d|4|FF00FFC0
5.537979|211|Rx|d|8|8200FFFFA90000CD
5.539977|214|Rx|d|2|0000
5.545975|12e|Rx|d|8|CA80007FF0FFFF00
5.545975|90|Rx|d|5|FF00032B00
5.545975|c6|Rx|d|8|803D80007FE3A6BA
5.545975|242|Rx|d|8|1280FFFFFFFFFD00
5.545975|29c|Rx|d|8|00000000FFFF0000
5.545975|354|Rx|d|8|0000000000000000
5.555972|12e|Rx|d|8|CA80007FF0FFFF00
5.555972|90|Rx|d|5|FF0004D200
5.555972|c6|Rx|d|8|803D80007FE3A8B8
5.555972|29a|Rx|d|8|0000000000000AF5
5.555972|2b7|Rx|d|5|00E0FFFE00
5.555972|5d7|Rx|d|7|000008125200C0
5.557968|1b0|Rx|d|4|FF00FFC0
5.557968|211|Rx|d|8|8200FFFFA90000CD
5.557968|214|Rx|d|2|0000
5.565961|12e|Rx|d|8|CA80017FF0FFFF00
5.565961|90|Rx|d|5|FF00059E00
5.565961|c6|Rx|d|8|803D80007FE3AAB6
5.565961|242|Rx|d|8|1280FFFFFFFFFD00
5.565961|29c|Rx|d|8|00000000FFFF0000
5.565961|352|Rx|d|4|5C0000FF
5.569960|392|Rx|d|5|0004000000
5.575957|12e|Rx|d|8|CA80017FF0FFFF00
5.575957|90|Rx|d|5|FF00064A00
5.575957|c6|Rx|d|8|803D80007FE3ACB4
5.575957|29a|Rx|d|8|0000000000000BF4
5.575957|2b7|Rx|d|5|00E0FFFE00
5.575957|666|Rx|d|4|34000008
5.575957|6af|Rx|d|5|0000000000
5.592221|350|Rx|d|8|C22F3AF01414A485
5.592221|1b0|Rx|d|4|FF00FFC0
5.592221|211|Rx|d|8|8200FFFFA90000CD
5.592221|4de|Rx|d|3|C00000
5.592221|214|Rx|d|2|0000
5.592221|55d|Rx|d|8|00FC50C090800000
5.607847|4f8|Rx|d|8|94C0000000000000
5.607847|12e|Rx|d|8|CB80007FF0FFFF00
5.607847|90|Rx|d|5|FF00070600
5.607847|c6|Rx|d|8|803D80007FE3AEB2
5.607847|242|Rx|d|8|1280FFFFFFFFFD00
5.607847|29c|Rx|d|8|00000000FFFF0000
5.607847|354|Rx|d|8|0000000000000000
5.607847|12e|Rx|d|8|CB80007FF0FFFF00
5.607847|90|Rx|d|5|FF0008A500
5.607847|c6|Rx|d|8|803D80007FE3B0B0
5.607847|29a|Rx|d|8|0000000000000CF3
5.607847|2b7|Rx|d|5|00E0FFFE00
5.607847|1b0|Rx|d|4|FF00FFC0
5.607847|5de|Rx|d|8|0000000000000002
5.607847|211|Rx|d|8|8200FFFFA90000CD
5.607847|214|Rx|d|2|0000
5.607847|3b7|Rx|d|6|00007FC000C0
5.607847|12e|Rx|d|8|CB80007FF0FFFF00
5.607847|90|Rx|d|5|FF0009E900
5.607847|c6|Rx|d|8|803D80007FE3B2AE
5.607847|242|Rx|d|8|1280FFFFFFFFFD00
5.607847|29c|Rx|d|8|00000000FFFF0000
5.607847|352|Rx|d|4|5C0000FF
5.607847|5df|Rx|d|3|009500
5.642430|12e|Rx|d|8|CB80007FF0FFFF00
5.642430|90|Rx|d|5|FF000A3D00
5.642430|c6|Rx|d|8|803D80007FE3B4AC
5.642430|29a|Rx|d|8|0000000000000DF2
5.642430|2b7|Rx|d|5|00E0FFFE00
5.642430|1b0|Rx|d|4|FF00FFC0
5.642430|657|Rx|d|2|C0CC
5.642430|211|Rx|d|8|8200FFFFA90000CD
5.642430|214|Rx|d|2|0000
5.642430|218|Rx|d|1|98
5.642430|4fa|Rx|d|2|0800
5.642430|671|Rx|d|2|0200
5.642430|392|Rx|d|5|0004000000
5.642430|668|Rx|d|2|8000
5.642430|12e|Rx|d|8|CA80007FF0FFFF00
5.642430|90|Rx|d|5|FF000B7100
5.642430|c6|Rx|d|8|803D80007FE3B6AA
5.642430|242|Rx|d|8|1280FFFFFFFFFD00
5.642430|29c|Rx|d|8|00000000FFFF0000
5.642430|354|Rx|d|8|0000000000000000
5.642430|4ac|Rx|d|5|83722A0080
5.642430|45c|Rx|d|6|00000000FFE0
5.642430|12e|Rx|d|8|CA80007FF0FFFF00
5.642430|90|Rx|d|5|FF000C8800
5.642430|c6|Rx|d|8|803D80007FE3B8A8
5.642430|29a|Rx|d|8|0000000000000EF1
5.642430|2b7|Rx|d|5|00E0FFFE00
5.642430|1b0|Rx|d|4|FF00FFC0
5.642430|211|Rx|d|8|8200FFFFA90000CD
5.642430|214|Rx|d|2|0000
5.675680|12e|Rx|d|8|CA7FFF7FF0FFFF00
5.675680|90|Rx|d|5|FF000DC400
5.675680|c6|Rx|d|8|803D80007FE3BAA6
5.675680|242|Rx|d|8|1280FFFFFFFFFD00
5.675680|29c|Rx|d|8|00000000FFFF0000
5.675680|352|Rx|d|4|5C0000FF
5.675680|12e|Rx|d|8|CA7FFF7FF0FFFF00
5.675680|90|Rx|d|5|FF000E1000
5.675680|c6|Rx|d|8|803D80007FE3BCA4
5.675680|29a|Rx|d|8|0000000000000FF0
5.675680|2b7|Rx|d|5|00E0FFFE00
5.675680|5d7|Rx|d|7|000008125200C0
5.675680|1b0|Rx|d|4|FF00FFC0
5.675680|211|Rx|d|8|8200FFFFA90000CD
5.675680|214|Rx|d|2|0000
5.675680|12e|Rx|d|8|CA80007FF0FFFF00
5.675680|90|Rx|d|5|FF000F5C00
5.675680|c6|Rx|d|8|803D80007FE3BEA2
5.675680|242|Rx|d|8|1280FFFFFFFFFD00
5.675680|29c|Rx|d|8|00000000FFFF0000
5.675680|354|Rx|d|8|0000000000000000
5.675680|392|Rx|d|5|0004000000
5.675680|12e|Rx|d|8|CA80007FF0FFFF00
5.675680|90|Rx|d|5|FF0000FF00
5.675680|c6|Rx|d|8|803D80007FE3A0C0
5.675680|29a|Rx|d|8|00000000000000FF
5.675680|2b7|Rx|d|5|00E0FFFE00
5.675680|666|Rx|d|4|34000008
5.675680|6af|Rx|d|5|0000000000
5.675680|350|Rx|d|8|C22F3AF01414A485
5.675680|1b0|Rx|d|4|FF00FFC0
5.677928|4de|Rx|d|3|C00000
5.677928|55d|Rx|d|8|00FC50C090800000
5.679928|211|Rx|d|8|8200FFFFA90000CD
5.679928|214|Rx|d|2|0000
5.679928|4f8|Rx|d|8|94C0000000000000
5.685924|12e|Rx|d|8|CB80007FF0FFFF00
5.685924|90|Rx|d|5|FF0001B300
5.685924|c6|Rx|d|8|803D80007FE3A2BE
5.685924|242|Rx|d|8|1280FFFFFFFFFD00
5.687923|29c|Rx|d|8|00000000FFFF0000
5.687923|352|Rx|d|4|5C0000FF
5.695916|12e|Rx|d|8|CB80007FF0FFFF00
5.695916|90|Rx|d|5|FF00026700
5.695916|c6|Rx|d|8|803D80007FE3A4BC
5.695916|29a|Rx|d|8|00000000000001FE
5.695916|2b7|Rx|d|5|00E0FFFE00
5.695916|1b0|Rx|d|4|FF00FFC0
5.695916|5de|Rx|d|8|0000000000000002
5.695916|211|Rx|d|8|8200FFFFA90000CD
5.695916|214|Rx|d|2|0000
5.697917|3b7|Rx|d|6|00007FC000C0
5.705912|12e|Rx|d|8|CB7FFF7FF0FFFF00
5.705912|90|Rx|d|5|FF00032B00
5.705912|c6|Rx|d|8|803D80007FE3A6BA
5.705912|242|Rx|d|8|1280FFFFFFFFFD00
5.705912|29c|Rx|d|8|00000000FFFF0000
5.705912|354|Rx|d|8|0000000000000000
5.707911|5df|Rx|d|3|009500
5.715905|12e|Rx|d|8|CB7FFF7FF0FFFF00
5.715905|90|Rx|d|5|FF0004D200
5.715905|c6|Rx|d|8|803D80007FE3A8B8
5.715905|29a|Rx|d|8|00000000000002FD
5.715905|2b7|Rx|d|5|00E0FFFE00
5.717903|1b0|Rx|d|4|FF00FFC0
5.717903|657|Rx|d|2|C0CC
5.717903|211|Rx|d|8|8200FFFFA90000CD
5.717903|214|Rx|d|2|0000
5.717903|218|Rx|d|1|98
5.717903|4fa|Rx|d|2|0800
5.717903|392|Rx|d|5|0004000000
5.717903|668|Rx|d|2|8000
5.717903|671|Rx|d|2|0200
5.725381|12e|Rx|d|8|CA7FFF7FF0FFFF00
5.725381|90|Rx|d|5|FF00059E00
5.725381|c6|Rx|d|8|803D80007FE3AAB6
5.725381|242|Rx|d|8|1280FFFFFFFFFD00
5.725381|29c|Rx|d|8|00000000FFFF0000
5.725381|352|Rx|d|4|5C0000FF
5.725381|4ac|Rx|d|5|83722A0080
5.725381|45c|Rx|d|6|00000000FFE0
5.735555|12e|Rx|d|8|CA7FFF7FF0FFFF00
5.735555|90|Rx|d|5|FF00064A00
5.735555|c6|Rx|d|8|803D80007FE3ACB4
5.735555|29a|Rx|d|8|00000000000003FC
5.735555|2b7|Rx|d|5|00E0FFFE00
5.735555|1b0|Rx|d|4|FF00FFC0
5.735555|211|Rx|d|8|8200FFFFA90000CD
5.739553|214|Rx|d|2|0000
5.745550|12e|Rx|d|8|CA80007FF0FFFF00
5.745550|90|Rx|d|5|FF00070600
5.747548|c6|Rx|d|8|803D80007FE3AEB2
5.747548|242|Rx|d|8|1280FFFFFFFFFD00
5.747548|29c|Rx|d|8|00000000FFFF0000
5.747548|354|Rx|d|8|0000000000000000
5.757542|12e|Rx|d|8|CA80007FF0FFFF00
5.757542|90|Rx|d|5|FF0008A500
5.757542|c6|Rx|d|8|803D80007FE3B0B0
5.757542|29a|Rx|d|8|00000000000004FB
5.757542|2b7|Rx|d|5|00E0FFFE00
5.757542|5d7|Rx|d|7|000008125200C0
5.757542|1b0|Rx|d|4|FF00FFC0
5.757542|211|Rx|d|8|8200FFFFA90000CD
5.759542|214|Rx|d|2|0000
5.765537|12e|Rx|d|8|CA80007FF0FFFF00
5.765537|90|Rx|d|5|FF0009E900
5.767536|c6|Rx|d|8|803D80007FE3B2AE
5.767536|242|Rx|d|8|1280FFFFFFFFFD00
5.767536|29c|Rx|d|8|00000000FFFF0000
5.767536|352|Rx|d|4|5C0000FF
5.769535|392|Rx|d|5|0004000000
5.775531|12e|Rx|d|8|CA80007FF0FFFF00
5.775531|90|Rx|d|5|FF000A3D00
5.775531|c6|Rx|d|8|803D80007FE3B4AC
5.775531|29a|Rx|d|8|00000000000005FA
5.775531|2b7|Rx|d|5|00E0FFFE00
5.775531|666|Rx|d|4|34000008
5.775531|6af|Rx|d|5|0000000000
5.775531|350|Rx|d|8|C22F3AF01414A485
5.775531|1b0|Rx|d|4|FF00FFC0
5.807099|4de|Rx|d|3|C00000
5.807099|55d|Rx|d|8|00FC50C090800000
5.822724|211|Rx|d|8|8200FFFFA90000CD
5.822724|214|Rx|d|2|0000
5.822724|4f8|Rx|d|8|94C0000000000000
5.822724|12e|Rx|d|8|CA80007FF0FFFF00
5.822724|90|Rx|d|5|FF000B7100
5.822724|c6|Rx|d|8|803D80007FE3B6AA
5.822724|242|Rx|d|8|1280FFFFFFFFFD00
5.822724|29c|Rx|d|8|00000000FFFF0000
5.822724|354|Rx|d|8|0000000000000000
5.822724|12e|Rx|d|8|CA80007FF0FFFF00
5.822724|90|Rx|d|5|FF000C8800
5.822724|c6|Rx|d|8|803D80007FE3B8A8
5.822724|29a|Rx|d|8|00000000000006F9
5.822724|2b7|Rx|d|5|00E0FFFE00
5.822724|1b0|Rx|d|4|FF00FFC0
5.822724|5de|Rx|d|8|0000000000000002
5.822724|211|Rx|d|8|8200FFFFA90000CD
5.822724|214|Rx|d|2|0000
5.822724|3b7|Rx|d|6|00007FC000C0
5.822724|12e|Rx|d|8|CA80007FF0FFFF00
5.822724|90|Rx|d|5|FF000DC400
5.822724|c6|Rx|d|8|803D80007FE3BAA6
5.822724|242|Rx|d|8|1280FFFFFFFFFD00
5.822724|29c|Rx|d|8|00000000FFFF0000
5.822724|352|Rx|d|4|5C0000FF
5.822724|5df|Rx|d|3|009500
5.822724|12e|Rx|d|8|CA80007FF0FFFF00
5.822724|90|Rx|d|5|FF000E1000
5.822724|c6|Rx|d|8|803D80007FE3BCA4
5.822724|29a|Rx|d|8|00000000000007F8
5.822724|2b7|Rx|d|5|00E0FFFE00
5.822724|1b0|Rx|d|4|FF00FFC0
5.822724|657|Rx|d|2|C0CC
5.822724|211|Rx|d|8|8200FFFFA90000CD
5.822724|214|Rx|d|2|0000
5.822724|218|Rx|d|1|98
5.822724|4fa|Rx|d|2|0800
5.822724|671|Rx|d|2|0200
5.822724|392|Rx|d|5|0004000000
5.822724|668|Rx|d|2|8000
5.855700|12e|Rx|d|8|CB80007FF0FFFF00
5.855700|90|Rx|d|5|FF000F5C00
5.855700|c6|Rx|d|8|803D80007FE3BEA2
5.855700|242|Rx|d|8|1280FFFFFFFFFD00
5.855700|29c|Rx|d|8|00000000FFFF0000
5.855700|354|Rx|d|8|0000000000000000
5.855700|4ac|Rx|d|5|83722A0080
5.855700|45c|Rx|d|6|00000000FFE0
5.855700|12e|Rx|d|8|CB80007FF0FFFF00
5.855700|90|Rx|d|5|FF0000FF00
5.855700|c6|Rx|d|8|803D80007FE3A0C0
5.855700|29a|Rx|d|8|00000000000008F7
5.855700|2b7|Rx|d|5|00E0FFFE00
5.855700|1b0|Rx|d|4|FF00FFC0
5.855700|211|Rx|d|8|8200FFFFA90000CD
5.855700|214|Rx|d|2|0000
5.871327|12e|Rx|d|8|CB80007FF0FFFF00
5.871327|90|Rx|d|5|FF0001B300
5.871327|c6|Rx|d|8|803D80007FE3A2BE
5.871327|242|Rx|d|8|1280FFFFFFFFFD00
5.871327|29c|Rx|d|8|00000000FFFF0000
5.871327|352|Rx|d|4|5C0000FF
5.871327|12e|Rx|d|8|CB80007FF0FFFF00
5.871327|90|Rx|d|5|FF00026700
5.871327|c6|Rx|d|8|803D80007FE3A4BC
5.871327|29a|Rx|d|8|00000000000009F6
5.871748|2b7|Rx|d|5|00E0FFFE00
5.871748|5d7|Rx|d|7|000008125200C0
5.871748|1b0|Rx|d|4|FF00FFC0
5.871748|211|Rx|d|8|8200FFFFA90000CD
5.871748|214|Rx|d|2|0000
5.871748|12e|Rx|d|8|CB80007FF0FFFF00
5.871748|90|Rx|d|5|FF00032B00
5.871748|c6|Rx|d|8|803D80007FE3A6BA
5.871748|242|Rx|d|8|1280FFFFFFFFFD00
5.871748|29c|Rx|d|8|00000000FFFF0000
5.871748|354|Rx|d|8|0000000000000000
5.871748|392|Rx|d|5|0004000000
5.919716|12e|Rx|d|8|CB80007FF0FFFF00
5.919716|90|Rx|d|5|FF0004D200
5.919716|c6|Rx|d|8|803D80007FE3A8B8
5.919716|29a|Rx|d|8|0000000000000AF5
5.919716|2b7|Rx|d|5|00E0FFFE00
5.919716|666|Rx|d|4|34000008
5.919716|6af|Rx|d|5|0000000000
5.919716|350|Rx|d|8|C22F3AF01414A485
5.919716|1b0|Rx|d|4|FF00FFC0
5.919716|4de|Rx|d|3|C00000
5.919716|55d|Rx|d|8|00FC50C090800000
5.919716|211|Rx|d|8|8200FFFFA90000CD
5.919716|214|Rx|d|2|0000
5.919716|4f8|Rx|d|8|94C0000000000000
5.919716|12e|Rx|d|8|CA80007FF0FFFF00
5.919716|90|Rx|d|5|FF00059E00
5.919716|c6|Rx|d|8|803D80007FE3AAB6
5.919716|242|Rx|d|8|1280FFFFFFFFFD00
5.919716|29c|Rx|d|8|00000000FFFF0000
5.919716|352|Rx|d|4|5C0000FF
5.919716|12e|Rx|d|8|CA80007FF0FFFF00
5.919716|90|Rx|d|5|FF00064A00
5.919716|c6|Rx|d|8|803D80007FE3ACB4
5.919716|29a|Rx|d|8|0000000000000BF4
5.919716|2b7|Rx|d|5|00E0FFFE00
5.919716|1b0|Rx|d|4|FF00FFC0
5.919716|5de|Rx|d|8|0000000000000002
5.919716|211|Rx|d|8|8200FFFFA90000CD
5.919716|214|Rx|d|2|0000
5.919716|3b7|Rx|d|6|00007FC000C0
5.919716|12e|Rx|d|8|CA7FFF7FF0FFFF00
5.919716|90|Rx|d|5|FF00070600
5.919716|c6|Rx|d|8|803D80007FE3AEB2
5.919716|242|Rx|d|8|1280FFFFFFFFFD00
5.919716|29c|Rx|d|8|00000000FFFF0000
5.919716|354|Rx|d|8|0000000000000000
5.919716|5df|Rx|d|3|009500
5.919716|12e|Rx|d|8|CA7FFF7FF0FFFF00
5.919716|90|Rx|d|5|FF0008A500
5.919716|c6|Rx|d|8|803D80007FE3B0B0
5.919716|29a|Rx|d|8|0000000000000CF3
5.919716|2b7|Rx|d|5|00E0FFFE00
5.919716|1b0|Rx|d|4|FF00FFC0
5.919716|657|Rx|d|2|C0CC
5.919716|211|Rx|d|8|8200FFFFA90000CD
5.919716|214|Rx|d|2|0000
5.919716|218|Rx|d|1|98
5.919716|4fa|Rx|d|2|0800
5.919716|392|Rx|d|5|0004000000
5.919716|668|Rx|d|2|8000
5.919716|671|Rx|d|2|0200
5.954485|12e|Rx|d|8|CA80007FF0FFFF00
5.954485|90|Rx|d|5|FF0009E900
5.954485|c6|Rx|d|8|803D80007FE3B2AE
5.954485|242|Rx|d|8|1280FFFFFFFFFD00
5.954485|29c|Rx|d|8|00000000FFFF0000
5.954485|352|Rx|d|4|5C0000FF
5.954485|4ac|Rx|d|5|83722A0080
5.954485|45c|Rx|d|6|00000000FFE0
5.954485|12e|Rx|d|8|CA80007FF0FFFF00
5.954485|90|Rx|d|5|FF000A3D00
5.954485|c6|Rx|d|8|803D80007FE3B4AC
5.954485|29a|Rx|d|8|0000000000000DF2
5.954485|2b7|Rx|d|5|00E0FFFE00
5.954485|1b0|Rx|d|4|FF00FFC0
5.954485|211|Rx|d|8|8200FFFFA90000CD
5.954485|214|Rx|d|2|0000
5.954485|12e|Rx|d|8|CB80007FF0FFFF00
5.954485|90|Rx|d|5|FF000B7100
5.954485|c6|Rx|d|8|803D80087FE3B6A2
5.954485|242|Rx|d|8|1280FFFFFFFFFD00
5.954485|29c|Rx|d|8|00000000FFFF0000
5.954485|354|Rx|d|8|0000000000000000
5.954485|12e|Rx|d|8|CB80007FF0FFFF00
5.954485|90|Rx|d|5|FF000C8800
5.954485|c6|Rx|d|8|803D7FF87FE3B8B1
5.954485|29a|Rx|d|8|0000000000000EF1
5.954485|2b7|Rx|d|5|00E0FFFE00
5.954485|5d7|Rx|d|7|000008125200C0
5.988433|1b0|Rx|d|4|FF00FFC0
5.988433|211|Rx|d|8|8200FFFFA90000CD
5.988433|214|Rx|d|2|0000
5.988433|12e|Rx|d|8|CB80007FF0FFFF00
5.988433|90|Rx|d|5|FF000DC400
5.988433|c6|Rx|d|8|803D80007FE3BAA6
5.988433|242|Rx|d|8|1280FFFFFFFFFD00
5.988433|29c|Rx|d|8|00000000FFFF0000
5.988433|352|Rx|d|4|5C0000FF
5.988433|392|Rx|d|5|0004000000
5.988433|12e|Rx|d|8|CB80007FF0FFFF00
5.988433|90|Rx|d|5|FF000E1000
5.988433|c6|Rx|d|8|803D80007FE3BCA4
5.988433|29a|Rx|d|8|0000000000000FF0
5.988433|2b7|Rx|d|5|00E0FFFE00
5.988433|666|Rx|d|4|34000008
5.988433|6af|Rx|d|5|0000000000
5.988433|350|Rx|d|8|C22F3AF01414A485
5.988433|1b0|Rx|d|4|FF00FFC0
5.988433|4de|Rx|d|3|C00000
5.988433|55d|Rx|d|8|00FC50C090800000
5.988433|211|Rx|d|8|8200FFFFA90000CD
5.988433|214|Rx|d|2|0000
5.988433|4f8|Rx|d|8|94C0000000000000
5.988433|12e|Rx|d|8|CB7FFF7FF0FFFF00
5.988433|90|Rx|d|5|FF000F5C00
5.988433|c6|Rx|d|8|803D80007FE3BEA2
5.988433|242|Rx|d|8|1280FFFFFFFFFD00
5.988433|29c|Rx|d|8|00000000FFFF0000
5.988433|354|Rx|d|8|0000000000000000
5.988433|6fb|Rx|d|8|0F03FF00FF0000FF
6.021340|12e|Rx|d|8|CB7FFF7FF0FFFF00
6.021340|90|Rx|d|5|FF0000FF00
6.021340|c6|Rx|d|8|803D80007FE3A0C0
6.021340|29a|Rx|d|8|00000000000000FF
6.021340|2b7|Rx|d|5|00E0FFFE00
6.021340|1b0|Rx|d|4|FF00FFC0
6.021340|5de|Rx|d|8|0000000000000002
6.021340|211|Rx|d|8|8200FFFFA90000CD
6.021340|214|Rx|d|2|0000
6.021340|3b7|Rx|d|6|00007FC000C0
6.021340|12e|Rx|d|8|CA80007FF0FFFF00
6.021340|90|Rx|d|5|FF0001B300
6.021340|c6|Rx|d|8|803D80007FE3A2BE
6.021340|242|Rx|d|8|1280FFFFFFFFFD00
6.021340|29c|Rx|d|8|00000000FFFF0000
6.021340|352|Rx|d|4|5C0000FF
6.021340|5df|Rx|d|3|009500
6.021340|646|Rx|d|8|000000020000000C
6.021340|12e|Rx|d|8|CA80007FF0FFFF00
6.021340|90|Rx|d|5|FF00026700
6.021340|c6|Rx|d|8|803D80007FE3A4BC
6.021340|29a|Rx|d|8|00000000000001FE
6.021340|2b7|Rx|d|5|00E0FFFE00
6.021340|1b0|Rx|d|4|FF00FFC0
6.021340|657|Rx|d|2|C0CC
6.021340|211|Rx|d|8|8200FFFFA90000CD
6.021340|214|Rx|d|2|0000
6.021340|218|Rx|d|1|98
6.021340|5ce|Rx|d|3|FEFF00
6.021340|4fa|Rx|d|2|0800
6.021340|392|Rx|d|5|0004000000
6.021340|668|Rx|d|2|8000
6.021340|671|Rx|d|2|0200
6.027451|12e|Rx|d|8|CA80007FF0FFFF00
6.027451|90|Rx|d|5|FF00032B00
6.027451|c6|Rx|d|8|803D80007FE3A6BA
6.027451|242|Rx|d|8|1280FFFFFFFFFD00
6.027451|29c|Rx|d|8|00000000FFFF0000
6.027451|354|Rx|d|8|0000000000000000
6.027451|4ac|Rx|d|5|83722A0080
6.027451|45c|Rx|d|6|00000000FFE0
6.037444|12e|Rx|d|8|CA80007FF0FFFF00
6.037444|90|Rx|d|5|FF0004D200
6.037444|c6|Rx|d|8|803D80087FE3A8B0
6.037444|29a|Rx|d|8|00000000000002FD
6.037444|2b7|Rx|d|5|00E0FFFE00
6.037444|1b0|Rx|d|4|FF00FFC0
6.037444|211|Rx|d|8|8200FFFFA90000CD
6.037444|214|Rx|d|2|0000
6.047439|12e|Rx|d|8|CA80007FF0FFFF00
6.047439|90|Rx|d|5|FF00059E00
6.047439|c6|Rx|d|8|803D7FF87FE3AABF
6.047439|242|Rx|d|8|1280FFFFFFFFFD00
6.047439|29c|Rx|d|8|00000000FFFF0000
6.047439|352|Rx|d|4|5C0000FF
6.057430|12e|Rx|d|8|CA80007FF0FFFF00
6.057430|90|Rx|d|5|FF00064A00
6.057430|c6|Rx|d|8|803D80007FE3ACB4
6.057430|29a|Rx|d|8|00000000000003FC
6.057430|2b7|Rx|d|5|00E0FFFE00
6.057430|5d7|Rx|d|7|000008125200C0
6.057430|1b0|Rx|d|4|FF00FFC0
6.057430|211|Rx|d|8|8200FFFFA90000CD
6.059432|214|Rx|d|2|0000
6.067427|12e|Rx|d|8|CA80007FF0FFFF00
6.067427|90|Rx|d|5|FF00070600
6.067427|c6|Rx|d|8|803D80007FE3AEB2
6.067427|242|Rx|d|8|1280FFFFFFFFFD00
6.067427|29c|Rx|d|8|00000000FFFF0000
6.067427|354|Rx|d|8|0000000000000000
6.069425|392|Rx|d|5|0004000000
6.102668|12e|Rx|d|8|CA80007FF0FFFF00
6.102668|90|Rx|d|5|FF0008A500
6.102668|c6|Rx|d|8|803D80007FE3B0B0
6.102668|29a|Rx|d|8|00000000000004FB
6.102668|2b7|Rx|d|5|00E0FFFE00
6.102668|666|Rx|d|4|34000008
6.102668|6af|Rx|d|5|0000000000
6.102668|350|Rx|d|8|C22F3AF01414A485
6.102668|1b0|Rx|d|4|FF00FFC0
6.102668|4de|Rx|d|3|C00000
6.102668|211|Rx|d|8|8200FFFFA90000CD
6.102668|55d|Rx|d|8|00FC50C090800000
6.102668|214|Rx|d|2|0000
6.102668|4f8|Rx|d|8|94C0000000000000
6.102668|12e|Rx|d|8|CA80007FF0FFFF00
6.102668|90|Rx|d|5|FF0009E900
6.102668|c6|Rx|d|8|803D80007FE3B2AE
6.102668|242|Rx|d|8|1280FFFFFFFFFD00
6.102668|29c|Rx|d|8|00000000FFFF0000
6.102668|352|Rx|d|4|5C0000FF
6.118294|12e|Rx|d|8|CA80007FF0FFFF00
6.118294|90|Rx|d|5|FF000A3D00
6.118294|c6|Rx|d|8|803D80007FE3B4AC
6.118294|29a|Rx|d|8|00000000000005FA
6.118294|2b7|Rx|d|5|00E0FFFE00
6.118294|1b0|Rx|d|4|FF00FFC0
6.118294|5de|Rx|d|8|0000000000000002
6.118294|211|Rx|d|8|8200FFFFA90000CD
6.118294|214|Rx|d|2|0000
6.118294|3b7|Rx|d|6|00007FC000C0
6.118294|12e|Rx|d|8|CA80007FF0FFFF00
6.118294|90|Rx|d|5|FF000B7100
6.118294|c6|Rx|d|8|803D80007FE3B6AA
6.118294|242|Rx|d|8|1280FFFFFFFFFD00
6.118294|29c|Rx|d|8|00000000FFFF0000
6.118294|354|Rx|d|8|0000000000000000
6.118294|5df|Rx|d|3|009500
6.118294|12e|Rx|d|8|CA80007FF0FFFF00
6.118294|90|Rx|d|5|FF000C8800
6.118294|c6|Rx|d|8|803D80007FE3B8A8
6.118294|29a|Rx|d|8|00000000000006F9
6.118294|2b7|Rx|d|5|00E0FFFE00
6.118294|1b0|Rx|d|4|FF00FFC0
6.118294|657|Rx|d|2|C0CC
6.118294|211|Rx|d|8|8200FFFFA90000CD
6.118294|214|Rx|d|2|0000
6.118294|218|Rx|d|1|98
6.118294|4fa|Rx|d|2|0800
6.118294|671|Rx|d|2|0200
6.118294|392|Rx|d|5|0004000000
6.118294|668|Rx|d|2|8000
6.151652|12e|Rx|d|8|CA80007FF0FFFF00
6.151652|90|Rx|d|5|FF000DC400
6.151652|c6|Rx|d|8|803D80007FE3BAA6
6.151652|242|Rx|d|8|1280FFFFFFFFFD00
6.151652|29c|Rx|d|8|00000000FFFF0000
6.151652|352|Rx|d|4|5C0000FF
6.151652|4ac|Rx|d|5|83722A0080
6.151652|45c|Rx|d|6|00000000FFE0
6.151652|12e|Rx|d|8|CA80007FF0FFFF00
6.151652|90|Rx|d|5|FF000E1000
6.151652|c6|Rx|d|8|803D80007FE3BCA4
6.151652|29a|Rx|d|8|00000000000007F8
6.151652|2b7|Rx|d|5|00E0FFFE00
6.151652|1b0|Rx|d|4|FF00FFC0
6.151652|211|Rx|d|8|8200FFFFA90000CD
6.151652|214|Rx|d|2|0000
6.167276|12e|Rx|d|8|CA80007FF0FFFF00
6.167276|90|Rx|d|5|FF000F5C00
6.167276|c6|Rx|d|8|803D80007FE3BEA2
6.167276|242|Rx|d|8|1280FFFFFFFFFD00
6.167276|29c|Rx|d|8|00000000FFFF0000
6.167276|354|Rx|d|8|0000000000000000
6.167276|12e|Rx|d|8|CA80007FF0FFFF00
6.167276|90|Rx|d|5|FF0000FF00
6.167276|c6|Rx|d|8|803D80007FE3A0C0
6.167276|29a|Rx|d|8|00000000000008F7
6.167276|2b7|Rx|d|5|00E0FFFE00
6.167276|5d7|Rx|d|7|000008125200C0
6.167276|1b0|Rx|d|4|FF00FFC0
6.167276|211|Rx|d|8|8200FFFFA90000CD
6.167276|214|Rx|d|2|0000
6.167276|12e|Rx|d|8|CB80017FF0FFFF00
6.167276|90|Rx|d|5|FF0001B300
6.167276|c6|Rx|d|8|803D80007FE3A2BE
6.167276|242|Rx|d|8|1280FFFFFFFFFD00
6.167276|29c|Rx|d|8|00000000FFFF0000
6.167276|352|Rx|d|4|5C0000FF
6.167276|392|Rx|d|5|0004000000
6.201839|12e|Rx|d|8|CB80017FF0FFFF00
6.201839|90|Rx|d|5|FF00026700
6.201839|c6|Rx|d|8|803D80007FE3A4BC
6.201839|29a|Rx|d|8|00000000000009F6
6.201839|2b7|Rx|d|5|00E0FFFE00
6.201839|666|Rx|d|4|34000008
6.201839|350|Rx|d|8|C22F3AF01414A485
6.201839|1b0|Rx|d|4|FF00FFC0
6.201839|4de|Rx|d|3|C00000
6.201839|211|Rx|d|8|8200FFFFA90000CD
6.201839|55d|Rx|d|8|00FC50C090800000
6.201839|214|Rx|d|2|0000
6.201839|4f8|Rx|d|8|94C0000000000000
6.201839|12e|Rx|d|8|CB80007FF0FFFF00
6.201839|90|Rx|d|5|FF00032B00
6.201839|c6|Rx|d|8|803D80007FE3A6BA
6.201839|242|Rx|d|8|1280FFFFFFFFFD00
6.201839|29c|Rx|d|8|00000000FFFF0000
6.201839|354|Rx|d|8|0000000000000000
6.201839|12e|Rx|d|8|CB80007FF0FFFF00
6.201839|90|Rx|d|5|FF0004D200
6.201839|c6|Rx|d|8|803D80007FE3A8B8
6.201839|29a|Rx|d|8|0000000000000AF5
6.201839|2b7|Rx|d|5|00E0FFFE00
6.201839|1b0|Rx|d|4|FF00FFC0
6.201839|5de|Rx|d|8|0000000000000002
6.201839|211|Rx|d|8|8200FFFFA90000CD
6.201839|214|Rx|d|2|0000
6.201839|3b7|Rx|d|6|00007FC000C0
6.250060|12e|Rx|d|8|CA7FFF7FF0FFFF00
6.250060|90|Rx|d|5|FF00059E00
6.250060|c6|Rx|d|8|803D80007FE3AAB6
6.250060|242|Rx|d|8|1280FFFFFFFFFD00
6.250060|29c|Rx|d|8|00000000FFFF0000
6.250060|352|Rx|d|4|5C0000FF
6.250060|5df|Rx|d|3|009500
6.250060|12e|Rx|d|8|CA7FFF7FF0FFFF00
6.250060|90|Rx|d|5|FF00064A00
6.250060|c6|Rx|d|8|803D80007FE3ACB4
6.250060|29a|Rx|d|8|0000000000000BF4
6.250060|2b7|Rx|d|5|00E0FFFE00
6.250060|1b0|Rx|d|4|FF00FFC0
6.250060|657|Rx|d|2|C0CC
6.250060|69f|Rx|d|4|0650859F
6.250060|211|Rx|d|8|8200FFFFA90000CD
6.250060|214|Rx|d|2|0000
6.250060|218|Rx|d|1|98
6.250060|4fa|Rx|d|2|0800
6.250060|671|Rx|d|2|0200
6.250060|392|Rx|d|5|0004000000
6.250060|668|Rx|d|2|8000
6.250060|699|Rx|d|8|00000200BF000000
6.250060|12e|Rx|d|8|CA80007FF0FFFF00
6.250060|90|Rx|d|5|FF00070600
6.250060|c6|Rx|d|8|803D80007FE3AEB2
6.250060|242|Rx|d|8|1280FFFFFFFFFD00
6.250060|29c|Rx|d|8|00000000FFFF0000
6.250060|354|Rx|d|8|0000000000000000
6.250060|4ac|Rx|d|5|83722A0080
6.250060|45c|Rx|d|6|00000000FFE0
6.250060|6af|Rx|d|5|0000000000
6.250060|12e|Rx|d|8|CA80007FF0FFFF00
6.250060|90|Rx|d|5|FF0008A500
6.250060|c6|Rx|d|8|803D80007FE3B0B0
6.250060|29a|Rx|d|8|0000000000000CF3
6.250060|2b7|Rx|d|5|00E0FFFE00
6.250060|1b0|Rx|d|4|FF00FFC0
6.250060|211|Rx|d|8|8200FFFFA90000CD
6.250060|214|Rx|d|2|0000
6.250060|12e|Rx|d|8|CA80007FF0FFFF00
6.250060|90|Rx|d|5|FF0009E900
6.250060|c6|Rx|d|8|803D80007FE3B2AE
6.250060|242|Rx|d|8|1280FFFFFFFFFD00
6.250060|29c|Rx|d|8|00000000FFFF0000
6.250060|352|Rx|d|4|5C0000FF
6.283892|12e|Rx|d|8|CA80007FF0FFFF00
6.283892|90|Rx|d|5|FF000A3D00
6.283892|c6|Rx|d|8|803D80007FE3B4AC
6.283892|29a|Rx|d|8|0000000000000DF2
6.283892|2b7|Rx|d|5|00E0FFFE00
6.283892|5d7|Rx|d|7|000008125200C0
6.283892|1b0|Rx|d|4|FF00FFC0
6.283892|211|Rx|d|8|8200FFFFA90000CD
6.283892|214|Rx|d|2|0000
6.283892|12e|Rx|d|8|CA80007FF0FFFF00
6.283892|90|Rx|d|5|FF000B7100
6.283892|c6|Rx|d|8|803D80007FE3B6AA
6.283892|242|Rx|d|8|1280FFFFFFFFFD00
6.283892|29c|Rx|d|8|00000000FFFF0000
6.283892|354|Rx|d|8|0000000000000000
6.283892|392|Rx|d|5|0004000000
6.283892|12e|Rx|d|8|CA80007FF0FFFF00
6.283892|90|Rx|d|5|FF000C8800
6.283892|c6|Rx|d|8|803D80007FE3B8A8
6.283892|29a|Rx|d|8|0000000000000EF1
6.283892|2b7|Rx|d|5|00E0FFFE00
6.283892|666|Rx|d|4|34000008
6.283892|350|Rx|d|8|C22F3AF01414A485
6.283892|1b0|Rx|d|4|FF00FFC0
6.283892|4de|Rx|d|3|C00000
6.283892|211|Rx|d|8|8200FFFFA90000CD
6.283892|55d|Rx|d|8|00FC50C090800000
6.283892|214|Rx|d|2|0000
6.283892|4f8|Rx|d|8|94C0000000000000
6.283892|12e|Rx|d|8|CA7FFF7FF0FFFF00
6.283892|90|Rx|d|5|FF000DC400
6.283892|c6|Rx|d|8|803D80007FE3BAA6
6.283892|242|Rx|d|8|1280FFFFFFFFFD00
6.283892|29c|Rx|d|8|00000000FFFF0000
6.283892|352|Rx|d|4|5C0000FF
6.317071|12e|Rx|d|8|CA7FFF7FF0FFFF00
6.317071|90|Rx|d|5|FF000E1000
6.317071|c6|Rx|d|8|803D80007FE3BCA4
6.317071|29a|Rx|d|8|0000000000000FF0
6.317071|2b7|Rx|d|5|00E0FFFE00
6.317071|1b0|Rx|d|4|FF00FFC0
6.317071|5de|Rx|d|8|0000000000000002
6.317071|211|Rx|d|8|8200FFFFA90000CD
6.317071|214|Rx|d|2|0000
6.317071|3b7|Rx|d|6|00007FC000C0
6.317071|12e|Rx|d|8|CA80007FF0FFFF00
6.317071|90|Rx|d|5|FF000F5C00
6.317071|c6|Rx|d|8|803D80007FE3BEA2
6.317071|242|Rx|d|8|1280FFFFFFFFFD00
6.317071|29c|Rx|d|8|00000000FFFF0000
6.317071|354|Rx|d|8|0000000000000000
6.317071|5df|Rx|d|3|009500
6.317071|12e|Rx|d|8|CA80007FF0FFFF00
6.317071|90|Rx|d|5|FF0000FF00
6.317071|c6|Rx|d|8|803D80007FE3A0C0
6.317071|29a|Rx|d|8|00000000000000FF
6.317071|2b7|Rx|d|5|00E0FFFE00
6.317071|1b0|Rx|d|4|FF00FFC0
6.317071|657|Rx|d|2|C0CC
6.317071|211|Rx|d|8|8200FFFFA90000CD
6.317071|214|Rx|d|2|0000
6.317071|218|Rx|d|1|98
6.317071|4fa|Rx|d|2|0800
6.317071|671|Rx|d|2|0200
6.322385|392|Rx|d|5|0004000000
6.322385|668|Rx|d|2|8000
6.326380|12e|Rx|d|8|CA80007FF0FFFF00
6.326380|90|Rx|d|5|FF0001B300
6.326380|c6|Rx|d|8|803D80007FE3A2BE
6.326380|242|Rx|d|8|1280FFFFFFFFFD00
6.326380|29c|Rx|d|8|00000000FFFF0000
6.326380|352|Rx|d|4|5C0000FF
6.328378|4ac|Rx|d|5|83722A0080
6.328378|45c|Rx|d|6|00000000FFE0
6.336372|12e|Rx|d|8|CA80007FF0FFFF00
6.336372|90|Rx|d|5|FF00026700
6.336372|c6|Rx|d|8|803D80007FE3A4BC
6.336372|29a|Rx|d|8|00000000000001FE
6.336372|2b7|Rx|d|5|00E0FFFE00
6.338372|1b0|Rx|d|4|FF00FFC0
6.338372|211|Rx|d|8|8200FFFFA90000CD
6.338372|214|Rx|d|2|0000
6.346366|12e|Rx|d|8|C980007FF0FFFF00
6.346366|90|Rx|d|5|FF00032B00
6.346366|c6|Rx|d|8|803D80007FE3A6BA
6.346366|242|Rx|d|8|1280FFFFFFFFFD00
6.346366|29c|Rx|d|8|00000000FFFF0000
6.346366|354|Rx|d|8|0000000000000000
6.356360|12e|Rx|d|8|C980007FF0FFFF00
6.356360|90|Rx|d|5|FF0004D200
6.356360|c6|Rx|d|8|803D80007FE3A8B8
6.356360|29a|Rx|d|8|00000000000002FD
6.356360|2b7|Rx|d|5|00E0FFFE00
6.356360|5d7|Rx|d|7|000008125200C0
6.356360|1b0|Rx|d|4|FF00FFC0
6.356360|211|Rx|d|8|8200FFFFA90000CD
6.356360|214|Rx|d|2|0000
6.366355|12e|Rx|d|8|CA80007FF0FFFF00
6.366355|90|Rx|d|5|FF00059E00
6.366355|c6|Rx|d|8|803D80007FE3AAB6
6.366355|242|Rx|d|8|1280FFFFFFFFFD00
6.366355|29c|Rx|d|8|00000000FFFF0000
6.366355|352|Rx|d|4|5C0000FF
6.398766|392|Rx|d|5|0004000000
6.398766|12e|Rx|d|8|CA80007FF0FFFF00
6.398766|90|Rx|d|5|FF00064A00
6.398766|c6|Rx|d|8|803D80007FE3ACB4
6.398766|29a|Rx|d|8|00000000000003FC
6.398766|2b7|Rx|d|5|00E0FFFE00
6.398766|666|Rx|d|4|34000008
6.398766|350|Rx|d|8|C22F3AF01414A485
6.398766|1b0|Rx|d|4|FF00FFC0
6.398766|4de|Rx|d|3|C00000
6.398766|211|Rx|d|8|8200FFFFA90000CD
6.398766|55d|Rx|d|8|00FC50C090800000
6.398766|214|Rx|d|2|0000
6.398766|4f8|Rx|d|8|94C0000000000000
6.414393|12e|Rx|d|8|CB80007FF0FFFF00
6.414393|90|Rx|d|5|FF00070600
6.414393|c6|Rx|d|8|803D80007FE3AEB2
6.414393|242|Rx|d|8|1280FFFFFFFFFD00
6.414393|29c|Rx|d|8|00000000FFFF0000
6.414393|354|Rx|d|8|0000000000000000
6.414393|12e|Rx|d|8|CB80007FF0FFFF00
6.414393|90|Rx|d|5|FF0008A500
6.414393|c6|Rx|d|8|803D80007FE3B0B0
6.414393|29a|Rx|d|8|00000000000004FB
6.414393|2b7|Rx|d|5|00E0FFFE00
6.414393|1b0|Rx|d|4|FF00FFC0
6.414393|5de|Rx|d|8|0000000000000002
6.414393|211|Rx|d|8|8200FFFFA90000CD
6.414393|214|Rx|d|2|0000
6.414393|3b7|Rx|d|6|00007FC000C0
6.414393|12e|Rx|d|8|C980007FF0FFFF00
6.414393|90|Rx|d|5|FF0009E900
6.414393|c6|Rx|d|8|803D80087FE3B2A6
6.414393|242|Rx|d|8|1280FFFFFFFFFD00
6.414393|29c|Rx|d|8|00000000FFFF0000
6.414393|352|Rx|d|4|5C0000FF
6.414393|5df|Rx|d|3|009500
6.414393|12e|Rx|d|8|C980007FF0FFFF00
6.414393|90|Rx|d|5|FF000A3D00
6.414393|c6|Rx|d|8|803D7FF87FE3B4B5
6.414393|29a|Rx|d|8|00000000000005FA
6.414393|2b7|Rx|d|5|00E0FFFE00
6.448139|1b0|Rx|d|4|FF00FFC0
6.448139|657|Rx|d|2|C0CC
6.448139|211|Rx|d|8|8200FFFFA90000CD
6.448139|214|Rx|d|2|0000
6.448139|218|Rx|d|1|98
6.448139|4fa|Rx|d|2|0800
6.448139|671|Rx|d|2|0200
6.448139|392|Rx|d|5|0004000000
6.448139|668|Rx|d|2|8000
6.448139|12e|Rx|d|8|CA80007FF0FFFF00
6.448139|90|Rx|d|5|FF000B7100
6.448139|c6|Rx|d|8|803D80007FE3B6AA
6.448139|242|Rx|d|8|1280FFFFFFFFFD00
6.448139|29c|Rx|d|8|00000000FFFF0000
6.448139|354|Rx|d|8|0000000000000000
6.448139|4ac|Rx|d|5|83722A0080
6.448139|45c|Rx|d|6|00000000FFE0
6.448139|12e|Rx|d|8|CA80007FF0FFFF00
6.448139|90|Rx|d|5|FF000C8800
6.448139|c6|Rx|d|8|803D80007FE3B8A8
6.448139|29a|Rx|d|8|00000000000006F9
6.448139|2b7|Rx|d|5|00E0FFFE00
6.448139|1b0|Rx|d|4|FF00FFC0
6.448139|211|Rx|d|8|8200FFFFA90000CD
6.448139|214|Rx|d|2|0000
6.448139|12e|Rx|d|8|CA80007FF0FFFF00
6.448139|90|Rx|d|5|FF000DC400
6.448139|c6|Rx|d|8|803D80007FE3BAA6
6.448139|242|Rx|d|8|1280FFFFFFFFFD00
6.448139|29c|Rx|d|8|00000000FFFF0000
6.448139|352|Rx|d|4|5C0000FF
6.481006|12e|Rx|d|8|CA80007FF0FFFF00
6.481006|90|Rx|d|5|FF000E1000
6.481006|c6|Rx|d|8|803D80007FE3BCA4
6.481006|29a|Rx|d|8|00000000000007F8
6.481006|2b7|Rx|d|5|00E0FFFE00
6.481006|5d7|Rx|d|7|000008125200C0
6.481006|1b0|Rx|d|4|FF00FFC0
6.481006|211|Rx|d|8|8200FFFFA90000CD
6.481006|214|Rx|d|2|0000
6.481006|12e|Rx|d|8|CA80007FF0FFFF00
6.481006|90|Rx|d|5|FF000F5C00
6.481006|c6|Rx|d|8|803D80007FE3BEA2
6.481006|242|Rx|d|8|1280FFFFFFFFFD00
6.481006|29c|Rx|d|8|00000000FFFF0000
6.481006|354|Rx|d|8|0000000000000000
6.481006|392|Rx|d|5|0004000000
6.481006|12e|Rx|d|8|CA80007FF0FFFF00
6.481006|90|Rx|d|5|FF0000FF00
6.481006|c6|Rx|d|8|803D80007FE3A0C0
6.481006|29a|Rx|d|8|00000000000008F7
6.481006|2b7|Rx|d|5|00E0FFFE00
6.481006|666|Rx|d|4|34000008
6.481006|350|Rx|d|8|C22F3AF01414A485
6.481006|1b0|Rx|d|4|FF00FFC0
6.481006|4de|Rx|d|3|C00000
6.481006|55d|Rx|d|8|00FC50C090800000
6.481006|211|Rx|d|8|8200FFFFA90000CD
6.481006|214|Rx|d|2|0000
6.481006|4f8|Rx|d|8|94C0000000000000
6.515271|12e|Rx|d|8|CA80007FF0FFFF00
6.515271|90|Rx|d|5|FF0001B300
6.515271|c6|Rx|d|8|803D80007FE3A2BE
6.515271|242|Rx|d|8|1280FFFFFFFFFD00
6.515271|29c|Rx|d|8|00000000FFFF0000
6.515271|352|Rx|d|4|5C0000FF
6.515271|12e|Rx|d|8|CA80007FF0FFFF00
6.515271|90|Rx|d|5|FF00026700
6.515271|c6|Rx|d|8|803D80007FE3A4BC
6.515271|29a|Rx|d|8|00000000000009F6
6.515271|2b7|Rx|d|5|00E0FFFE00
6.515271|1b0|Rx|d|4|FF00FFC0
6.515271|5de|Rx|d|8|0000000000000002
6.515271|211|Rx|d|8|8200FFFFA90000CD
6.515271|214|Rx|d|2|0000
6.515271|3b7|Rx|d|6|00007FC000C0
6.515271|12e|Rx|d|8|CA80007FF0FFFF00
6.515271|90|Rx|d|5|FF00032B00
6.515271|c6|Rx|d|8|803D80007FE3A6BA
6.515271|242|Rx|d|8|1280FFFFFFFFFD00
6.515271|29c|Rx|d|8|00000000FFFF0000
6.515271|354|Rx|d|8|0000000000000000
6.515271|5df|Rx|d|3|009500
6.515271|646|Rx|d|8|000000020000000C
6.515271|12e|Rx|d|8|CA80007FF0FFFF00
6.515271|90|Rx|d|5|FF0004D200
6.515271|c6|Rx|d|8|803D80007FE3A8B8
6.515271|29a|Rx|d|8|0000000000000AF5
6.515271|2b7|Rx|d|5|00E0FFFE00
6.515271|1b0|Rx|d|4|FF00FFC0
6.515271|657|Rx|d|2|C0CC
6.521549|211|Rx|d|8|8200FFFFA90000CD
6.521549|214|Rx|d|2|0000
6.521549|218|Rx|d|1|98
6.521549|4fa|Rx|d|2|0800
6.521549|392|Rx|d|5|0004000000
6.521549|668|Rx|d|2|8000
6.521549|671|Rx|d|2|0200
6.525546|12e|Rx|d|8|CA80007FF0FFFF00
6.525546|90|Rx|d|5|FF00059E00
6.527545|c6|Rx|d|8|803D80007FE3AAB6
6.527545|242|Rx|d|8|1280FFFFFFFFFD00
6.527545|29c|Rx|d|8|00000000FFFF0000
6.527545|352|Rx|d|4|5C0000FF
6.527545|4ac|Rx|d|5|83722A0080
6.527545|45c|Rx|d|6|00000000FFE0
6.535539|12e|Rx|d|8|CA80007FF0FFFF00
6.535539|90|Rx|d|5|FF00064A00
6.537547|c6|Rx|d|8|803D80007FE3ACB4
6.537547|29a|Rx|d|8|0000000000000BF4
6.537547|2b7|Rx|d|5|00E0FFFE00
6.537547|1b0|Rx|d|4|FF00FFC0
6.537547|211|Rx|d|8|8200FFFFA90000CD
6.537547|214|Rx|d|2|0000
6.545534|12e|Rx|d|8|CA80007FF0FFFF00
6.545534|90|Rx|d|5|FF00070600
6.547531|c6|Rx|d|8|803D80007FE3AEB2
6.547531|242|Rx|d|8|1280FFFFFFFFFD00
6.547531|29c|Rx|d|8|00000000FFFF0000
6.547531|354|Rx|d|8|0000000000000000
6.555528|12e|Rx|d|8|CA80007FF0FFFF00
6.555528|90|Rx|d|5|FF0008A500
6.557525|c6|Rx|d|8|803D80007FE3B0B0
6.557525|29a|Rx|d|8|0000000000000CF3
6.557525|2b7|Rx|d|5|00E0FFFE00
6.557525|5d7|Rx|d|7|000008125200C0
6.557525|1b0|Rx|d|4|FF00FFC0
6.557525|211|Rx|d|8|8200FFFFA90000CD
6.557525|214|Rx|d|2|0000
6.565190|12e|Rx|d|8|CA80007FF0FFFF00
6.565190|90|Rx|d|5|FF0009E900
6.565190|c6|Rx|d|8|803D80007FE3B2AE
6.565190|242|Rx|d|8|1280FFFFFFFFFD00
6.565190|29c|Rx|d|8|00000000FFFF0000
6.565190|352|Rx|d|4|5C0000FF
6.571350|392|Rx|d|5|0004000000
6.575348|6af|Rx|d|5|0000000000
6.575348|12e|Rx|d|8|CA80007FF0FFFF00
6.575348|90|Rx|d|5|FF000A3D00
6.577346|c6|Rx|d|8|803D80007FE3B4AC
6.577346|29a|Rx|d|8|0000000000000DF2
6.577346|2b7|Rx|d|5|00E0FFFE00
6.577346|666|Rx|d|4|34000008
6.577346|350|Rx|d|8|C22F3AF01414A485
6.577346|1b0|Rx|d|4|FF00FFC0
6.577346|4de|Rx|d|3|C00000
6.577346|55d|Rx|d|8|00FC50C090800000
6.577346|211|Rx|d|8|8200FFFFA90000CD
6.577346|214|Rx|d|2|0000
6.577346|4f8|Rx|d|8|94C0000000000000
6.587341|12e|Rx|d|8|CA80007FF0FFFF00
6.587341|90|Rx|d|5|FF000B7100
6.587341|c6|Rx|d|8|803D80007FE3B6AA
6.587341|242|Rx|d|8|1280FFFFFFFFFD00
6.587341|29c|Rx|d|8|00000000FFFF0000
6.587341|354|Rx|d|8|0000000000000000
6.597333|12e|Rx|d|8|CA80007FF0FFFF00
6.597333|90|Rx|d|5|FF000C8800
6.597333|c6|Rx|d|8|803D80007FE3B8A8
6.597333|29a|Rx|d|8|0000000000000EF1
6.597333|2b7|Rx|d|5|00E0FFFE00
6.597333|1b0|Rx|d|4|FF00FFC0
6.597333|5de|Rx|d|8|0000000000000002
6.599332|211|Rx|d|8|8200FFFFA90000CD
6.599332|214|Rx|d|2|0000
6.599332|3b7|Rx|d|6|00007FC000C0
6.607329|12e|Rx|d|8|CA80007FF0FFFF00
6.607329|90|Rx|d|5|FF000DC400
6.607329|c6|Rx|d|8|803D80007FE3BAA6
6.607329|242|Rx|d|8|1280FFFFFFFFFD00
6.607329|29c|Rx|d|8|00000000FFFF0000
6.607329|352|Rx|d|4|5C0000FF
6.607329|5df|Rx|d|3|009500
6.632380|12e|Rx|d|8|CA80007FF0FFFF00
6.632380|90|Rx|d|5|FF000E1000
6.632380|c6|Rx|d|8|803D80007FE3BCA4
6.632380|29a|Rx|d|8|0000000000000FF0
6.632380|2b7|Rx|d|5|00E0FFFE00
6.632380|1b0|Rx|d|4|FF00FFC0
6.632380|657|Rx|d|2|C0CC
6.632380|211|Rx|d|8|8200FFFFA90000CD
6.632380|214|Rx|d|2|0000
6.632380|218|Rx|d|1|98
6.632380|4fa|Rx|d|2|0800
6.632380|671|Rx|d|2|0200
6.632380|392|Rx|d|5|0004000000
6.632380|668|Rx|d|2|8000
6.632380|12e|Rx|d|8|CA80007FF0FFFF00
6.632380|90|Rx|d|5|FF000F5C00
6.632380|c6|Rx|d|8|803D80007FE3BEA2
6.632380|242|Rx|d|8|1280FFFFFFFFFD00
6.632380|29c|Rx|d|8|00000000FFFF0000
6.632380|354|Rx|d|8|0000000000000000
6.632380|4ac|Rx|d|5|83722A0080
6.632380|45c|Rx|d|6|00000000FFE0
6.680384|12e|Rx|d|8|CA80007FF0FFFF00
6.680384|90|Rx|d|5|FF0000FF00
6.680384|c6|Rx|d|8|803D80007FE3A0C0
6.680384|29a|Rx|d|8|00000000000000FF
6.680384|2b7|Rx|d|5|00E0FFFE00
6.680384|1b0|Rx|d|4|FF00FFC0
6.680384|211|Rx|d|8|8200FFFFA90000CD
6.680384|214|Rx|d|2|0000
6.680384|12e|Rx|d|8|CA80007FF0FFFF00
6.680384|90|Rx|d|5|FF0001B300
6.680384|c6|Rx|d|8|803D80007FE3A2BE
6.680384|242|Rx|d|8|1280FFFFFFFFFD00
6.680384|29c|Rx|d|8|00000000FFFF0000
6.680384|352|Rx|d|4|5C0000FF
6.680384|12e|Rx|d|8|CA80007FF0FFFF00
6.680384|90|Rx|d|5|FF00026700
6.680384|c6|Rx|d|8|803D80007FE3A4BC
6.680384|29a|Rx|d|8|00000000000001FE
6.680384|2b7|Rx|d|5|00E0FFFE00
6.680384|5d7|Rx|d|7|000008125200C0
6.680384|1b0|Rx|d|4|FF00FFC0
6.680384|211|Rx|d|8|8200FFFFA90000CD
6.680384|214|Rx|d|2|0000
6.680384|12e|Rx|d|8|CA80007FF0FFFF00
6.680384|90|Rx|d|5|FF00032B00
6.680384|c6|Rx|d|8|803D80007FE3A6BA
6.680384|242|Rx|d|8|1280FFFFFFFFFD00
6.680384|29c|Rx|d|8|00000000FFFF0000
6.680384|354|Rx|d|8|0000000000000000
6.680384|392|Rx|d|5|0004000000
6.680384|12e|Rx|d|8|CA80007FF0FFFF00
6.680384|90|Rx|d|5|FF0004D200
6.680384|c6|Rx|d|8|803D80007FE3A8B8
6.680384|29a|Rx|d|8|00000000000002FD
6.680384|2b7|Rx|d|5|00E0FFFE00
6.680384|666|Rx|d|4|34000008
6.680384|350|Rx|d|8|C22F3AF01414A485
6.680384|1b0|Rx|d|4|FF00FFC0
6.680384|4de|Rx|d|3|C00000
6.680384|55d|Rx|d|8|00FC50C090800000
6.680384|211|Rx|d|8|8200FFFFA90000CD
6.680384|214|Rx|d|2|0000
6.680384|4f8|Rx|d|8|94C0000000000000
6.713788|12e|Rx|d|8|CA80007FF0FFFF00
6.713788|90|Rx|d|5|FF00059E00
6.713788|c6|Rx|d|8|803D80007FE3AAB6
6.713788|242|Rx|d|8|1280FFFFFFFFFD00
6.713788|29c|Rx|d|8|00000000FFFF0000
6.713788|352|Rx|d|4|5C0000FF
6.713788|12e|Rx|d|8|CA80007FF0FFFF00
6.713788|90|Rx|d|5|FF00064A00
6.713788|c6|Rx|d|8|803D80007FE3ACB4
6.713788|29a|Rx|d|8|00000000000003FC
6.713788|2b7|Rx|d|5|00E0FFFE00
6.713788|1b0|Rx|d|4|FF00FFC0
6.713788|5de|Rx|d|8|0000000000000002
6.713788|211|Rx|d|8|8200FFFFA90000CD
6.713788|214|Rx|d|2|0000
6.713788|3b7|Rx|d|6|00007FC000C0
6.713788|12e|Rx|d|8|CA80007FF0FFFF00
6.713788|90|Rx|d|5|FF00070600
6.713788|c6|Rx|d|8|803D80007FE3AEB2
6.713788|242|Rx|d|8|1280FFFFFFFFFD00
6.713788|29c|Rx|d|8|00000000FFFF0000
6.713788|354|Rx|d|8|0000000000000000
6.713788|5df|Rx|d|3|009500
6.713788|12e|Rx|d|8|CA80007FF0FFFF00
6.713788|90|Rx|d|5|FF0008A500
6.713788|c6|Rx|d|8|803D80007FE3B0B0
6.713788|29a|Rx|d|8|00000000000004FB
6.713788|2b7|Rx|d|5|00E0FFFE00
6.719917|1b0|Rx|d|4|FF00FFC0
6.719917|657|Rx|d|2|C0CC
6.719917|211|Rx|d|8|8200FFFFA90000CD
6.719917|214|Rx|d|2|0000
6.719917|218|Rx|d|1|98
6.719917|4fa|Rx|d|2|0800
6.719917|671|Rx|d|2|0200
6.719917|392|Rx|d|5|0004000000
6.719917|668|Rx|d|2|8000
6.725914|12e|Rx|d|8|CA80007FF0FFFF00
6.725914|90|Rx|d|5|FF0009E900
6.725914|c6|Rx|d|8|803D80007FE3B2AE
6.725914|242|Rx|d|8|1280FFFFFFFFFD00
6.725914|29c|Rx|d|8|00000000FFFF0000
6.725914|352|Rx|d|4|5C0000FF
6.727912|4ac|Rx|d|5|83722A0080
6.727912|45c|Rx|d|6|00000000FFE0
6.735907|12e|Rx|d|8|CA80007FF0FFFF00
6.735907|90|Rx|d|5|FF000A3D00
6.735907|c6|Rx|d|8|803D80007FE3B4AC
6.735907|29a|Rx|d|8|00000000000005FA
6.735907|2b7|Rx|d|5|00E0FFFE00
6.737914|1b0|Rx|d|4|FF00FFC0
6.737914|211|Rx|d|8|8200FFFFA90000CD
6.737914|214|Rx|d|2|0000
6.745900|12e|Rx|d|8|CA7FFF7FF0FFFF00
6.745900|90|Rx|d|5|FF000B7100
6.745900|c6|Rx|d|8|803D80007FE3B6AA
6.745900|242|Rx|d|8|1280FFFFFFFFFD00
6.745900|29c|Rx|d|8|00000000FFFF0000
6.745900|354|Rx|d|8|0000000000000000
6.755895|12e|Rx|d|8|CA7FFF7FF0FFFF00
6.755895|90|Rx|d|5|FF000C8800
6.755895|c6|Rx|d|8|803D80007FE3B8A8
6.755895|29a|Rx|d|8|00000000000006F9
6.755895|2b7|Rx|d|5|00E0FFFE00
6.755895|5d7|Rx|d|7|000008125200C0
6.757894|1b0|Rx|d|4|FF00FFC0
6.757894|211|Rx|d|8|8200FFFFA90000CD
6.757894|214|Rx|d|2|0000
6.794479|12e|Rx|d|8|C97FFF7FF0FFFF00
6.794479|90|Rx|d|5|FF000DC400
6.794479|c6|Rx|d|8|803D80007FE3BAA6
6.794479|242|Rx|d|8|1280FFFFFFFFFD00
6.794479|29c|Rx|d|8|00000000FFFF0000
6.794479|352|Rx|d|4|5C0000FF
6.794479|392|Rx|d|5|0004000000
6.794479|12e|Rx|d|8|C97FFF7FF0FFFF00
6.794479|90|Rx|d|5|FF000E1000
6.794479|c6|Rx|d|8|803D80007FE3BCA4
6.794479|29a|Rx|d|8|00000000000007F8
6.794479|2b7|Rx|d|5|00E0FFFE00
6.794479|666|Rx|d|4|34000008
6.794479|350|Rx|d|8|C22F3AF01414A485
6.794479|1b0|Rx|d|4|FF00FFC0
6.794479|4de|Rx|d|3|C00000
6.794479|55d|Rx|d|8|00FC50C090800000
6.794479|211|Rx|d|8|8200FFFFA90000CD
6.794479|4f8|Rx|d|8|94C0000000000000
6.794479|214|Rx|d|2|0000
6.794479|12e|Rx|d|8|C980007FF0FFFF00
6.794479|90|Rx|d|5|FF000F5C00
6.794479|c6|Rx|d|8|803D80007FE3BEA2
6.794479|242|Rx|d|8|1280FFFFFFFFFD00
6.794479|29c|Rx|d|8|00000000FFFF0000
6.794479|354|Rx|d|8|0000000000000000
6.794479|12e|Rx|d|8|C980007FF0FFFF00
6.794479|90|Rx|d|5|FF0000FF00
6.794479|c6|Rx|d|8|803D80007FE3A0C0
6.794479|29a|Rx|d|8|00000000000008F7
6.794479|2b7|Rx|d|5|00E0FFFE00
6.828362|1b0|Rx|d|4|FF00FFC0
6.828362|5de|Rx|d|8|0000000000000002
6.828362|211|Rx|d|8|8200FFFFA90000CD
6.828362|214|Rx|d|2|0000
6.828362|3b7|Rx|d|6|00007FC000C0
6.828362|12e|Rx|d|8|CA80007FF0FFFF00
6.828362|90|Rx|d|5|FF0001B300
6.828362|c6|Rx|d|8|803D80007FE3A2BE
6.828362|242|Rx|d|8|1280FFFFFFFFFD00
6.828362|29c|Rx|d|8|00000000FFFF0000
6.828362|352|Rx|d|4|5C0000FF
6.828362|5df|Rx|d|3|009500
6.828362|12e|Rx|d|8|CA80007FF0FFFF00
6.828362|90|Rx|d|5|FF00026700
6.828362|c6|Rx|d|8|803D80007FE3A4BC
6.828362|29a|Rx|d|8|00000000000009F6
6.828362|2b7|Rx|d|5|00E0FFFE00
6.828362|1b0|Rx|d|4|FF00FFC0
6.828362|657|Rx|d|2|C0CC
6.828362|211|Rx|d|8|8200FFFFA90000CD
6.828362|214|Rx|d|2|0000
6.828362|218|Rx|d|1|98
6.828362|4fa|Rx|d|2|0800
6.828362|671|Rx|d|2|0200
6.828362|392|Rx|d|5|0004000000
6.828362|668|Rx|d|2|8000
6.828362|12e|Rx|d|8|CB80007FF0FFFF00
6.828362|90|Rx|d|5|FF00032B00
6.828362|c6|Rx|d|8|803D80007FE3A6BA
6.828362|242|Rx|d|8|1280FFFFFFFFFD00
6.828362|29c|Rx|d|8|00000000FFFF0000
6.828362|354|Rx|d|8|0000000000000000
6.828362|4ac|Rx|d|5|83722A0080
6.828362|45c|Rx|d|6|00000000FFE0
6.876396|12e|Rx|d|8|CB80007FF0FFFF00
6.876396|90|Rx|d|5|FF0004D200
6.876396|c6|Rx|d|8|803D80007FE3A8B8
6.876396|29a|Rx|d|8|0000000000000AF5
6.876396|2b7|Rx|d|5|00E0FFFE00
6.876396|1b0|Rx|d|4|FF00FFC0
6.876396|211|Rx|d|8|8200FFFFA90000CD
6.876396|214|Rx|d|2|0000
6.876396|12e|Rx|d|8|CA80007FF0FFFF00
6.876396|90|Rx|d|5|FF00059E00
6.876396|c6|Rx|d|8|803D80007FE3AAB6
6.876396|242|Rx|d|8|1280FFFFFFFFFD00
6.876396|29c|Rx|d|8|00000000FFFF0000
6.876396|352|Rx|d|4|5C0000FF
6.876396|6af|Rx|d|5|0000000000
6.876396|12e|Rx|d|8|CA80007FF0FFFF00
6.876396|90|Rx|d|5|FF00064A00
6.876396|c6|Rx|d|8|803D80007FE3ACB4
6.876396|29a|Rx|d|8|0000000000000BF4
6.876396|2b7|Rx|d|5|00E0FFFE00
6.876396|5d7|Rx|d|7|000008125200C0
6.876396|1b0|Rx|d|4|FF00FFC0
6.876396|211|Rx|d|8|8200FFFFA90000CD
6.876396|214|Rx|d|2|0000
6.892021|12e|Rx|d|8|CA80007FF0FFFF00
6.892021|90|Rx|d|5|FF00070600
6.892021|c6|Rx|d|8|803D80007FE3AEB2
6.892021|242|Rx|d|8|1280FFFFFFFFFD00
6.892021|29c|Rx|d|8|00000000FFFF0000
6.892021|354|Rx|d|8|0000000000000000
6.892021|392|Rx|d|5|0004000000
6.892021|12e|Rx|d|8|CA80007FF0FFFF00
6.892021|90|Rx|d|5|FF0008A500
6.892021|c6|Rx|d|8|803D80007FE3B0B0
6.892021|29a|Rx|d|8|0000000000000CF3
6.892021|2b7|Rx|d|5|00E0FFFE00
6.892021|666|Rx|d|4|34000008
6.892021|350|Rx|d|8|C22F3AF01414A485
6.892021|1b0|Rx|d|4|FF00FFC0
6.892021|4de|Rx|d|3|C00000
6.892021|55d|Rx|d|8|00FC50C090800000
6.892021|211|Rx|d|8|8200FFFFA90000CD
6.892021|214|Rx|d|2|0000
6.892021|4f8|Rx|d|8|94C0000000000000
6.892021|12e|Rx|d|8|CA80007FF0FFFF00
6.892021|90|Rx|d|5|FF0009E900
6.892021|c6|Rx|d|8|803D80007FE3B2AE
6.892021|242|Rx|d|8|1280FFFFFFFFFD00
6.892021|29c|Rx|d|8|00000000FFFF0000
6.892021|352|Rx|d|4|5C0000FF
6.926459|12e|Rx|d|8|CA80007FF0FFFF00
6.926459|90|Rx|d|5|FF000A3D00
6.926459|c6|Rx|d|8|803D80007FE3B4AC
6.926459|29a|Rx|d|8|0000000000000DF2
6.926459|2b7|Rx|d|5|00E0FFFE00
6.926459|1b0|Rx|d|4|FF00FFC0
6.926459|5de|Rx|d|8|0000000000000002
6.926459|211|Rx|d|8|8200FFFFA90000CD
6.926459|214|Rx|d|2|0000
6.926459|3b7|Rx|d|6|00007FC000C0
6.926459|12e|Rx|d|8|CA80017FF0FFFF00
6.926459|90|Rx|d|5|FF000B7100
6.926459|c6|Rx|d|8|803D80007FE3B6AA
6.926459|242|Rx|d|8|1280FFFFFFFFFD00
6.926459|29c|Rx|d|8|00000000FFFF0000
6.926459|354|Rx|d|8|0000000000000000
6.926459|5df|Rx|d|3|009500
6.926459|12e|Rx|d|8|CA80017FF0FFFF00
6.926459|90|Rx|d|5|FF000C8800
6.926459|c6|Rx|d|8|803D80007FE3B8A8
6.926459|29a|Rx|d|8|0000000000000EF1
6.926459|2b7|Rx|d|5|00E0FFFE00
6.926459|1b0|Rx|d|4|FF00FFC0
6.926459|657|Rx|d|2|C0CC
6.926459|211|Rx|d|8|8200FFFFA90000CD
6.926459|214|Rx|d|2|0000
6.926459|218|Rx|d|1|98
6.926459|4fa|Rx|d|2|0800
6.926459|671|Rx|d|2|0200
6.926459|392|Rx|d|5|0004000000
6.926459|668|Rx|d|2|8000
6.926459|12e|Rx|d|8|CA80007FF0FFFF00
6.926459|90|Rx|d|5|FF000DC400
6.926459|c6|Rx|d|8|803D80007FE3BAA6
6.926459|242|Rx|d|8|1280FFFFFFFFFD00
6.926459|29c|Rx|d|8|00000000FFFF0000
6.926459|352|Rx|d|4|5C0000FF
6.926459|4ac|Rx|d|5|83722A0080
6.926459|45c|Rx|d|6|00000000FFE0
6.962393|12e|Rx|d|8|CA80007FF0FFFF00
6.962393|90|Rx|d|5|FF000E1000
6.962393|c6|Rx|d|8|803D80007FE3BCA4
6.962393|29a|Rx|d|8|0000000000000FF0
6.962393|2b7|Rx|d|5|00E0FFFE00
6.962393|1b0|Rx|d|4|FF00FFC0
6.962393|211|Rx|d|8|8200FFFFA90000CD
6.962393|214|Rx|d|2|0000
6.962393|12e|Rx|d|8|CA80007FF0FFFF00
6.962393|90|Rx|d|5|FF000F5C00
6.962393|c6|Rx|d|8|803D80007FE3BEA2
6.962393|242|Rx|d|8|1280FFFFFFFFFD00
6.962393|29c|Rx|d|8|00000000FFFF0000
6.962393|354|Rx|d|8|0000000000000000
6.962393|12e|Rx|d|8|CA80007FF0FFFF00
6.962393|90|Rx|d|5|FF0000FF00
6.962393|c6|Rx|d|8|803D80007FE3A0C0
6.962393|29a|Rx|d|8|00000000000000FF
6.962393|2b7|Rx|d|5|00E0FFFE00
6.962393|5d7|Rx|d|7|000008125200C0
6.962393|1b0|Rx|d|4|FF00FFC0
6.962393|211|Rx|d|8|8200FFFFA90000CD
6.962393|214|Rx|d|2|0000
6.966768|12e|Rx|d|8|CA80007FF0FFFF00
6.966768|90|Rx|d|5|FF0001B300
6.966768|c6|Rx|d|8|803D80007FE3A2BE
6.966768|242|Rx|d|8|1280FFFFFFFFFD00
6.966768|29c|Rx|d|8|00000000FFFF0000
6.966768|352|Rx|d|4|5C0000FF
6.970764|392|Rx|d|5|0004000000
6.976761|12e|Rx|d|8|CA80007FF0FFFF00
6.976761|90|Rx|d|5|FF00026700
6.976761|c6|Rx|d|8|803D80007FE3A4BC
6.976761|29a|Rx|d|8|00000000000001FE
6.976761|2b7|Rx|d|5|00E0FFFE00
6.976761|666|Rx|d|4|34000008
6.978759|350|Rx|d|8|C22F3AF01414A485
6.978759|1b0|Rx|d|4|FF00FFC0
6.978759|4de|Rx|d|3|C00000
6.978759|55d|Rx|d|8|00FC50C090800000
6.978759|211|Rx|d|8|8200FFFFA90000CD
6.978759|214|Rx|d|2|0000
6.978759|4f8|Rx|d|8|94C0000000000000
6.986754|12e|Rx|d|8|CA80007FF0FFFF00
6.986754|90|Rx|d|5|FF00032B00
6.986754|c6|Rx|d|8|803D80007FE3A6BA
6.986754|242|Rx|d|8|1280FFFFFFFFFD00
6.986754|29c|Rx|d|8|00000000FFFF0000
6.986754|354|Rx|d|8|0000000000000000
6.996748|12e|Rx|d|8|CA80007FF0FFFF00
6.996748|90|Rx|d|5|FF0004D200
6.996748|c6|Rx|d|8|803D80007FE3A8B8
6.996748|29a|Rx|d|8|00000000000002FD
6.996748|2b7|Rx|d|5|00E0FFFE00
6.996748|1b0|Rx|d|4|FF00FFC0
6.996748|5de|Rx|d|8|0000000000000002
6.996748|211|Rx|d|8|8200FFFFA90000CD
6.996748|214|Rx|d|2|0000
6.996748|3b7|Rx|d|6|00007FC000C0
7.006746|12e|Rx|d|8|CA80007FF0FFFF00
7.006746|90|Rx|d|5|FF00059E00
7.006746|c6|Rx|d|8|803D80007FE3AAB6
7.006746|242|Rx|d|8|1280FFFFFFFFFD00
7.006746|29c|Rx|d|8|00000000FFFF0000
7.006746|352|Rx|d|4|5C0000FF
7.006746|5df|Rx|d|3|009500
7.006746|646|Rx|d|8|000000020000000C
7.044886|12e|Rx|d|8|CA80007FF0FFFF00
7.044886|90|Rx|d|5|FF00064A00
7.044886|c6|Rx|d|8|803D80007FE3ACB4
7.044886|29a|Rx|d|8|00000000000003FC
7.044886|2b7|Rx|d|5|00E0FFFE00
7.044886|1b0|Rx|d|4|FF00FFC0
7.044886|657|Rx|d|2|C0CC
7.044886|211|Rx|d|8|8200FFFFA90000CD
7.044886|214|Rx|d|2|0000
7.044886|218|Rx|d|1|98
7.044886|4fa|Rx|d|2|0800
7.044886|671|Rx|d|2|0200
7.044886|392|Rx|d|5|0005000000
7.044886|668|Rx|d|2|8000
7.044886|12e|Rx|d|8|CA80007FF0FFFF00
7.044886|90|Rx|d|5|FF00070600
7.044886|c6|Rx|d|8|803D80007FE3AEB2
7.044886|242|Rx|d|8|1280FFFFFFFFFD00
7.044886|29c|Rx|d|8|00000000FFFF0000
7.044886|354|Rx|d|8|0000000000000000
7.044886|4ac|Rx|d|5|83722A0080
7.044886|45c|Rx|d|6|00000000FFE0
7.044886|12e|Rx|d|8|CA80007FF0FFFF00
7.044886|90|Rx|d|5|FF0008A500
7.044886|c6|Rx|d|8|803D80007FE3B0B0
7.044886|29a|Rx|d|8|00000000000004FB
7.044886|2b7|Rx|d|5|00E0FFFE00
7.044886|1b0|Rx|d|4|FF00FFC0
7.044886|211|Rx|d|8|8200FFFFA90000CD
7.044886|214|Rx|d|2|0000
7.044886|12e|Rx|d|8|CA7FFF7FF0FFFF00
7.044886|90|Rx|d|5|FF0009E900
7.044886|c6|Rx|d|8|803D80007FE3B2AE
7.044886|242|Rx|d|8|1280FFFFFFFFFD00
7.044886|29c|Rx|d|8|00000000FFFF0000
7.044886|352|Rx|d|4|5C0000FF
7.078108|12e|Rx|d|8|CA7FFF7FF0FFFF00
7.078108|90|Rx|d|5|FF000A3D00
7.078108|c6|Rx|d|8|803D80007FE3B4AC
7.078108|29a|Rx|d|8|00000000000005FA
7.078108|2b7|Rx|d|5|00E0FFFE00
7.078108|5d7|Rx|d|7|000008125200C0
7.078108|1b0|Rx|d|4|FF00FFC0
7.078108|211|Rx|d|8|8200FFFFA90000CD
7.078108|214|Rx|d|2|0000
7.078108|12e|Rx|d|8|CA7FFF7FF0FFFF00
7.078108|90|Rx|d|5|FF000B7100
7.078108|c6|Rx|d|8|803D80007FE3B6AA
7.078108|242|Rx|d|8|1280FFFFFFFFFD00
7.078108|29c|Rx|d|8|00000000FFFF0000
7.078108|354|Rx|d|8|0000000000000000
7.078108|392|Rx|d|5|0005000000
7.078108|12e|Rx|d|8|CA7FFF7FF0FFFF00
7.078108|90|Rx|d|5|FF000C8800
7.078108|c6|Rx|d|8|803D80007FE3B8A8
7.078108|29a|Rx|d|8|00000000000006F9
7.078108|2b7|Rx|d|5|00E0FFFE00
7.078108|666|Rx|d|4|34000008
7.078108|350|Rx|d|8|C22F3AF01414A485
7.078108|1b0|Rx|d|4|FF00FFC0
7.078108|4de|Rx|d|3|C00000
7.078108|55d|Rx|d|8|00FC50C090800000
7.078108|211|Rx|d|8|8200FFFFA90000CD
7.078108|214|Rx|d|2|0000
7.078108|4f8|Rx|d|8|94C0000000000000
7.126510|12e|Rx|d|8|CA7FFF7FF0FFFF00
7.126510|90|Rx|d|5|FF000DC400
7.126510|c6|Rx|d|8|803D80007FE3BAA6
7.126510|242|Rx|d|8|1280FFFFFFFFFD00
7.126510|29c|Rx|d|8|00000000FFFF0000
7.126510|352|Rx|d|4|5C0000FF
7.126510|12e|Rx|d|8|CA7FFF7FF0FFFF00
7.126510|90|Rx|d|5|FF000E1000
7.126510|c6|Rx|d|8|803D80007FE3BCA4
7.126510|29a|Rx|d|8|00000000000007F8
7.126510|2b7|Rx|d|5|00E0FFFE00
7.126510|1b0|Rx|d|4|FF00FFC0
7.126510|5de|Rx|d|8|0000000000000002
7.126510|211|Rx|d|8|8200FFFFA90000CD
7.126510|214|Rx|d|2|0000
7.126510|3b7|Rx|d|6|00007FC000C0
7.126510|12e|Rx|d|8|CA7FFF7FF0FFFF00
7.126510|90|Rx|d|5|FF000F5C00
7.126510|c6|Rx|d|8|803D80007FE3BEA2
7.126510|242|Rx|d|8|1280FFFFFFFFFD00
7.126510|29c|Rx|d|8|00000000FFFF0000
7.126510|354|Rx|d|8|0000000000000000
7.126510|5df|Rx|d|3|009500
7.126510|12e|Rx|d|8|CA7FFF7FF0FFFF00
7.126510|90|Rx|d|5|FF0000FF00
7.126510|c6|Rx|d|8|803D80007FE3A0C0
7.126510|29a|Rx|d|8|00000000000008F7
7.126510|2b7|Rx|d|5|00E0FFFE00
7.126510|1b0|Rx|d|4|FF00FFC0
7.126510|657|Rx|d|2|C0CC
7.126510|211|Rx|d|8|8200FFFFA90000CD
7.126510|214|Rx|d|2|0000
7.126510|218|Rx|d|1|98
7.126510|4fa|Rx|d|2|0800
7.126510|671|Rx|d|2|0200
7.126510|392|Rx|d|5|0005000000
7.126510|668|Rx|d|2|8000
7.126510|12e|Rx|d|8|CA80007FF0FFFF00
7.126510|90|Rx|d|5|FF0001B300
7.126510|c6|Rx|d|8|803D80007FE3A2BE
7.126510|242|Rx|d|8|1280FFFFFFFFFD00
7.126510|29c|Rx|d|8|00000000FFFF0000
7.126510|352|Rx|d|4|5C0000FF
7.126510|4ac|Rx|d|5|83722A0080
7.126510|45c|Rx|d|6|00000000FFE0
7.160890|12e|Rx|d|8|CA80007FF0FFFF00
7.160890|90|Rx|d|5|FF00026700
7.160890|c6|Rx|d|8|803D80007FE3A4BC
7.160890|29a|Rx|d|8|00000000000009F6
7.160890|2b7|Rx|d|5|00E0FFFE00
7.160890|1b0|Rx|d|4|FF00FFC0
7.160890|211|Rx|d|8|8200FFFFA90000CD
7.160890|214|Rx|d|2|0000
7.160890|12e|Rx|d|8|CA80007FF0FFFF00
7.160890|90|Rx|d|5|FF00032B00
7.160890|c6|Rx|d|8|803D80007FE3A6BA
7.160890|242|Rx|d|8|1280FFFFFFFFFD00
7.160890|29c|Rx|d|8|00000000FFFF0000
7.160890|354|Rx|d|8|0000000000000000
7.160890|12e|Rx|d|8|CA80007FF0FFFF00
7.160890|90|Rx|d|5|FF0004D200
7.160890|c6|Rx|d|8|803D80007FE3A8B8
7.160890|29a|Rx|d|8|0000000000000AF5
7.160890|2b7|Rx|d|5|00E0FFFE00
7.160890|5d7|Rx|d|7|000008125200C0
7.160890|1b0|Rx|d|4|FF00FFC0
7.160890|211|Rx|d|8|8200FFFFA90000CD
7.160890|214|Rx|d|2|0000
7.167019|12e|Rx|d|8|CA80007FF0FFFF00
7.167019|90|Rx|d|5|FF00059E00
7.167019|c6|Rx|d|8|803D80007FE3AAB6
7.167019|242|Rx|d|8|1280FFFFFFFFFD00
7.167019|29c|Rx|d|8|00000000FFFF0000
7.167019|352|Rx|d|4|5C0000FF
7.171017|6af|Rx|d|5|0000000000
7.171017|392|Rx|d|5|0005000000
7.177012|12e|Rx|d|8|CA80007FF0FFFF00
7.177012|90|Rx|d|5|FF00064A00
7.177012|c6|Rx|d|8|803D80007FE3ACB4
7.177012|29a|Rx|d|8|0000000000000BF4
7.177012|2b7|Rx|d|5|00E0FFFE00
7.177012|666|Rx|d|4|34000008
7.179013|350|Rx|d|8|C22F3AF01414A485
7.179013|1b0|Rx|d|4|FF00FFC0
7.179013|4de|Rx|d|3|C00000
7.179013|55d|Rx|d|8|00FC50C090800000
7.179013|211|Rx|d|8|8200FFFFA90000CD
7.179013|214|Rx|d|2|0000
7.179013|4f8|Rx|d|8|94C0000000000000
7.187008|12e|Rx|d|8|CB80007FF0FFFF00
7.187008|90|Rx|d|5|FF00070600
7.187008|c6|Rx|d|8|803D80007FE3AEB2
7.187008|242|Rx|d|8|1280FFFFFFFFFD00
7.187008|29c|Rx|d|8|00000000FFFF0000
7.187008|354|Rx|d|8|0000000000000000
7.197001|12e|Rx|d|8|CB80007FF0FFFF00
7.197001|90|Rx|d|5|FF0008A500
7.197001|c6|Rx|d|8|803D80007FE3B0B0
7.197001|29a|Rx|d|8|0000000000000CF3
7.197001|2b7|Rx|d|5|00E0FFFE00
7.197001|1b0|Rx|d|4|FF00FFC0
7.197001|5de|Rx|d|8|0000000000000002
7.197001|211|Rx|d|8|8200FFFFA90000CD
7.197001|214|Rx|d|2|0000
7.197001|3b7|Rx|d|6|00007FC000C0
7.206995|12e|Rx|d|8|CA80017FF0FFFF00
7.206995|90|Rx|d|5|FF0009E900
7.206995|c6|Rx|d|8|803D80007FE3B2AE
7.206995|242|Rx|d|8|1280FFFFFFFFFD00
7.206995|29c|Rx|d|8|00000000FFFF0000
7.206995|352|Rx|d|4|5C0000FF
7.206995|5df|Rx|d|3|009500
7.241599|12e|Rx|d|8|CA80017FF0FFFF00
7.241599|90|Rx|d|5|FF000A3D00
7.241599|c6|Rx|d|8|803D80007FE3B4AC
7.241599|29a|Rx|d|8|0000000000000DF2
7.241599|2b7|Rx|d|5|00E0FFFE00
7.241599|1b0|Rx|d|4|FF00FFC0
7.241599|657|Rx|d|2|C0CC
7.241599|69f|Rx|d|4|0650859F
7.241599|211|Rx|d|8|8200FFFFA90000CD
7.241599|214|Rx|d|2|0000
7.241599|218|Rx|d|1|98
7.241599|4fa|Rx|d|2|0800
7.241599|671|Rx|d|2|0200
7.241599|392|Rx|d|5|0005000000
7.241599|668|Rx|d|2|8000
7.241599|699|Rx|d|8|00000200BF000000
7.241599|12e|Rx|d|8|CA80017FF0FFFF00
7.241599|90|Rx|d|5|FF000B7100
7.241599|c6|Rx|d|8|803D80007FE3B6AA
7.241599|242|Rx|d|8|1280FFFFFFFFFD00
7.241599|29c|Rx|d|8|00000000FFFF0000
7.241599|354|Rx|d|8|0000000000000000
7.241599|4ac|Rx|d|5|83722A0080
7.241599|45c|Rx|d|6|00000000FFE0
7.241599|12e|Rx|d|8|CA80017FF0FFFF00
7.241599|90|Rx|d|5|FF000C8800
7.241599|c6|Rx|d|8|803D80007FE3B8A8
7.241599|29a|Rx|d|8|0000000000000EF1
7.241599|2b7|Rx|d|5|00E0FFFE00
7.241599|1b0|Rx|d|4|FF00FFC0
7.241599|211|Rx|d|8|8200FFFFA90000CD
7.241599|214|Rx|d|2|0000
7.276053|12e|Rx|d|8|CA80007FF0FFFF00
7.276053|90|Rx|d|5|FF000DC400
7.276053|c6|Rx|d|8|803D80007FE3BAA6
7.276053|242|Rx|d|8|1280FFFFFFFFFD00
7.276053|29c|Rx|d|8|00000000FFFF0000
7.276053|352|Rx|d|4|5C0000FF
7.276053|12e|Rx|d|8|CA80007FF0FFFF00
7.276053|90|Rx|d|5|FF000E1000
7.276053|c6|Rx|d|8|803D80007FE3BCA4
7.276053|29a|Rx|d|8|0000000000000FF0
7.276053|2b7|Rx|d|5|00E0FFFE00
7.276053|5d7|Rx|d|7|000008125200C0
7.276053|1b0|Rx|d|4|FF00FFC0
7.276053|211|Rx|d|8|8200FFFFA90000CD
7.276053|214|Rx|d|2|0000
7.276053|12e|Rx|d|8|CA80007FF0FFFF00
7.276053|90|Rx|d|5|FF000F5C00
7.276053|c6|Rx|d|8|803D80007FE3BEA2
7.276053|242|Rx|d|8|1280FFFFFFFFFD00
7.276053|29c|Rx|d|8|00000000FFFF0000
7.276053|354|Rx|d|8|0000000000000000
7.276053|392|Rx|d|5|0006000000
7.276053|12e|Rx|d|8|CA80007FF0FFFF00
7.276053|90|Rx|d|5|FF0000FF00
7.276053|c6|Rx|d|8|803D80007FE3A0C0
7.276053|29a|Rx|d|8|00000000000000FF
7.276053|2b7|Rx|d|5|00E0FFFE00
7.276053|666|Rx|d|4|34000008
7.276053|350|Rx|d|8|C22F3AF01414A485
7.276053|1b0|Rx|d|4|FF00FFC0
7.276053|4de|Rx|d|3|C00000
7.276053|55d|Rx|d|8|00FC50C090800000
7.276053|211|Rx|d|8|8200FFFFA90000CD
7.276053|214|Rx|d|2|0000
7.276053|4f8|Rx|d|8|94C0000000000000
7.309326|12e|Rx|d|8|CA80007FF0FFFF00
7.309326|90|Rx|d|5|FF0001B300
7.309326|c6|Rx|d|8|803D80007FE3A2BE
7.309326|242|Rx|d|8|1280FFFFFFFFFD00
7.309326|29c|Rx|d|8|00000000FFFF0000
7.309326|352|Rx|d|4|5C0000FF
7.309326|12e|Rx|d|8|CA80007FF0FFFF00
7.309326|90|Rx|d|5|FF00026700
7.309326|c6|Rx|d|8|803D80087FE3A4B4
7.309326|29a|Rx|d|8|00000000000001FE
7.309326|2b7|Rx|d|5|00E0FFFE00
7.309326|1b0|Rx|d|4|FF00FFC0
7.309326|5de|Rx|d|8|0000000000000002
7.309326|211|Rx|d|8|8200FFFFA90000CD
7.309326|214|Rx|d|2|0000
7.309326|3b7|Rx|d|6|00007FC000C0
7.309326|12e|Rx|d|8|CA80007FF0FFFF00
7.309326|90|Rx|d|5|FF00032B00
7.309326|c6|Rx|d|8|803D7FF87FE3A6C3
7.309326|242|Rx|d|8|1280FFFFFFFFFD00
7.309326|29c|Rx|d|8|00000000FFFF0000
7.309326|354|Rx|d|8|0000000000000000
7.309326|5df|Rx|d|3|009500
7.315418|12e|Rx|d|8|CA80007FF0FFFF00
7.315418|90|Rx|d|5|FF0004D200
7.317417|c6|Rx|d|8|803D80007FE3A8B8
7.317417|29a|Rx|d|8|00000000000002FD
7.317417|2b7|Rx|d|5|00E0FFFE00
7.317417|1b0|Rx|d|4|FF00FFC0
7.317417|657|Rx|d|2|C0CC
7.317417|211|Rx|d|8|8200FFFFA90000CD
7.317417|214|Rx|d|2|0000
7.317417|218|Rx|d|1|98
7.317417|4fa|Rx|d|2|0800
7.317417|671|Rx|d|2|0200
7.323413|392|Rx|d|5|0006000000
7.323413|668|Rx|d|2|8000
7.323413|12e|Rx|d|8|CA80007FF0FFFF00
7.323413|90|Rx|d|5|FF00059E00
7.329410|c6|Rx|d|8|803D80007FE3AAB6
7.329410|242|Rx|d|8|1280FFFFFFFFFD00
7.329410|29c|Rx|d|8|00000000FFFF0000
7.329410|352|Rx|d|4|5C0000FF
7.329410|4ac|Rx|d|5|83722A0080
7.329410|45c|Rx|d|6|00000000FFE0
7.335405|12e|Rx|d|8|CA80007FF0FFFF00
7.335405|90|Rx|d|5|FF00064A00
7.337404|c6|Rx|d|8|803D80007FE3ACB4
7.337404|29a|Rx|d|8|00000000000003FC
7.337404|2b7|Rx|d|5|00E0FFFE00
7.337404|1b0|Rx|d|4|FF00FFC0
7.337404|211|Rx|d|8|8200FFFFA90000CD
7.337404|214|Rx|d|2|0000
7.345399|12e|Rx|d|8|C980007FF0FFFF00
7.345399|90|Rx|d|5|FF00070600
7.345399|c6|Rx|d|8|803D80007FE3AEB2
7.345399|242|Rx|d|8|1280FFFFFFFFFD00
7.345399|29c|Rx|d|8|00000000FFFF0000
7.345399|354|Rx|d|8|0000000000000000
7.355395|12e|Rx|d|8|C980007FF0FFFF00
7.355395|90|Rx|d|5|FF0008A500
7.355395|c6|Rx|d|8|803D80007FE3B0B0
7.355395|29a|Rx|d|8|00000000000004FB
7.355395|2b7|Rx|d|5|00E0FFFE00
7.355395|5d7|Rx|d|7|000008125200C0
7.355395|1b0|Rx|d|4|FF00FFC0
7.375671|211|Rx|d|8|8200FFFFA90000CD
7.375671|214|Rx|d|2|0000
7.375671|12e|Rx|d|8|CA80007FF0FFFF00
7.375671|90|Rx|d|5|FF0009E900
7.375671|c6|Rx|d|8|803D80007FE3B2AE
7.375671|242|Rx|d|8|1280FFFFFFFFFD00
7.375671|29c|Rx|d|8|00000000FFFF0000
7.375671|352|Rx|d|4|5C0000FF
7.375671|392|Rx|d|5|0006000000
7.375671|12e|Rx|d|8|CA80007FF0FFFF00
7.375671|90|Rx|d|5|FF000A3D00
7.375671|c6|Rx|d|8|803D80087FE3B4A4
7.375671|29a|Rx|d|8|00000000000005FA
7.375671|2b7|Rx|d|5|00E0FFFE00
7.375671|666|Rx|d|4|34000008
7.375671|350|Rx|d|8|C22F3AF01414A485
7.375671|1b0|Rx|d|4|FF00FFC0
7.375671|4de|Rx|d|3|C00000
7.375671|55d|Rx|d|8|00FC50C090800000
7.375671|211|Rx|d|8|8200FFFFA90000CD
7.375671|214|Rx|d|2|0000
7.408469|4f8|Rx|d|8|94C0000000000000
7.408469|12e|Rx|d|8|CA80017FF0FFFF00
7.408469|90|Rx|d|5|FF000B7100
7.408469|c6|Rx|d|8|803D7FF87FE3B6B3
7.408469|242|Rx|d|8|1280FFFFFFFFFD00
7.408469|29c|Rx|d|8|00000000FFFF0000
7.408469|354|Rx|d|8|0000000000000000
7.408469|12e|Rx|d|8|CA80017FF0FFFF00
7.408469|90|Rx|d|5|FF000C8800
7.408469|c6|Rx|d|8|803D80087FE3B8A0
7.408469|29a|Rx|d|8|00000000000006F9
7.408469|2b7|Rx|d|5|00E0FFFE00
7.408469|1b0|Rx|d|4|FF00FFC0
7.408469|5de|Rx|d|8|0000000000000002
7.408469|211|Rx|d|8|8200FFFFA90000CD
7.408469|214|Rx|d|2|0000
7.408469|3b7|Rx|d|6|00007FC000C0
7.408469|12e|Rx|d|8|CA80027FF0FFFF00
7.408469|90|Rx|d|5|FF000DC400
7.408469|c6|Rx|d|8|803D7FF87FE3BAAF
7.408469|242|Rx|d|8|1280FFFFFFFFFD00
7.408469|29c|Rx|d|8|00000000FFFF0000
7.408469|352|Rx|d|4|5C0000FF
7.408469|5df|Rx|d|3|009500
7.416534|12e|Rx|d|8|CA80027FF0FFFF00
7.416534|90|Rx|d|5|FF000E1000
7.416534|c6|Rx|d|8|803D80007FE3BCA4
7.416534|29a|Rx|d|8|00000000000007F8
7.416534|2b7|Rx|d|5|00E0FFFE00
7.416534|1b0|Rx|d|4|FF00FFC0
7.416534|657|Rx|d|2|C0CC
7.418533|211|Rx|d|8|8200FFFFA90000CD
7.418533|214|Rx|d|2|0000
7.418533|218|Rx|d|1|98
7.418533|4fa|Rx|d|2|0800
7.420532|671|Rx|d|2|0200
7.420532|392|Rx|d|5|0006000000
7.420532|668|Rx|d|2|8000
7.426528|12e|Rx|d|8|CA80017FF0FFFF00
7.426528|90|Rx|d|5|FF000F5C00
7.426528|c6|Rx|d|8|803D80007FE3BEA2
7.426528|242|Rx|d|8|1280FFFFFFFFFD00
7.426528|29c|Rx|d|8|00000000FFFF0000
7.426528|354|Rx|d|8|0000000000000000
7.426528|4ac|Rx|d|5|83722A0080
7.426528|45c|Rx|d|6|00000000FFE0
7.436524|12e|Rx|d|8|CA80017FF0FFFF00
7.436524|90|Rx|d|5|FF0000FF00
7.436524|c6|Rx|d|8|803D80007FE3A0C0
7.436524|29a|Rx|d|8|00000000000008F7
7.436524|2b7|Rx|d|5|00E0FFFE00
7.436524|1b0|Rx|d|4|FF00FFC0
7.436524|211|Rx|d|8|8200FFFFA90000CD
7.436524|214|Rx|d|2|0000
7.446516|12e|Rx|d|8|CA80017FF0FFFF00
7.446516|90|Rx|d|5|FF0001B300
7.446516|c6|Rx|d|8|803D80007FE3A2BE
7.446516|242|Rx|d|8|1280FFFFFFFFFD00
7.446516|29c|Rx|d|8|00000000FFFF0000
7.446516|352|Rx|d|4|5C0000FF
7.456510|12e|Rx|d|8|CA80017FF0FFFF00
7.456510|90|Rx|d|5|FF00026700
7.456510|c6|Rx|d|8|803D80007FE3A4BC
7.456510|29a|Rx|d|8|00000000000009F6
7.456510|2b7|Rx|d|5|00E0FFFE00
7.456510|5d7|Rx|d|7|000008125200C0
7.456510|1b0|Rx|d|4|FF00FFC0
7.458508|211|Rx|d|8|8200FFFFA90000CD
7.458508|214|Rx|d|2|0000
7.464180|6af|Rx|d|5|0000000000
7.466681|12e|Rx|d|8|CA80007FF0FFFF00
7.466681|90|Rx|d|5|FF00032B00
7.466681|c6|Rx|d|8|803D80007FE3A6BA
7.466681|242|Rx|d|8|1280FFFFFFFFFD00
7.466681|29c|Rx|d|8|00000000FFFF0000
7.466681|354|Rx|d|8|0000000000000000
7.470677|392|Rx|d|5|0006000000
7.476673|12e|Rx|d|8|CA80007FF0FFFF00
7.476673|90|Rx|d|5|FF0004D200
7.476673|c6|Rx|d|8|803D80007FE3A8B8
7.476673|29a|Rx|d|8|0000000000000AF5
7.476673|2b7|Rx|d|5|00E0FFFE00
7.476673|666|Rx|d|4|34000008
7.476673|350|Rx|d|8|C22F3AF01414A485
7.476673|1b0|Rx|d|4|FF00FFC0
7.476673|4de|Rx|d|3|C00000
7.476673|55d|Rx|d|8|00FC50C090800000
7.476673|211|Rx|d|8|8200FFFFA90000CD
7.476673|214|Rx|d|2|0000
7.476673|4f8|Rx|d|8|94C0000000000000
7.486667|12e|Rx|d|8|CA80007FF0FFFF00
7.486667|90|Rx|d|5|FF00059E00
7.486667|c6|Rx|d|8|803D80007FE3AAB6
7.486667|242|Rx|d|8|1280FFFFFFFFFD00
7.486667|29c|Rx|d|8|00000000FFFF0000
7.486667|352|Rx|d|4|5C0000FF
7.496662|12e|Rx|d|8|CA80007FF0FFFF00
7.496662|90|Rx|d|5|FF00064A00
7.496662|c6|Rx|d|8|803D80087FE3ACAC
7.496662|29a|Rx|d|8|0000000000000BF4
7.496662|2b7|Rx|d|5|00E0FFFE00
7.496662|1b0|Rx|d|4|FF00FFC0
7.498659|5de|Rx|d|8|0000000000000002
7.498659|211|Rx|d|8|8200FFFFA90000CD
7.498659|214|Rx|d|2|0000
7.498659|3b7|Rx|d|6|00007FC000C0
7.506654|12e|Rx|d|8|CA7FFF7FF0FFFF00
7.506654|90|Rx|d|5|FF00070600
7.506654|c6|Rx|d|8|803D7FF87FE3AEBB
7.506654|242|Rx|d|8|1280FFFFFFFFFD00
7.506654|29c|Rx|d|8|00000000FFFF0000
7.506654|354|Rx|d|8|0000000000000000
7.506654|5df|Rx|d|3|009500
7.508653|646|Rx|d|8|000000020000000C
7.530326|12e|Rx|d|8|CA7FFF7FF0FFFF00
7.530326|90|Rx|d|5|FF0008A500
7.530326|c6|Rx|d|8|803D80007FE3B0B0
7.530326|29a|Rx|d|8|0000000000000CF3
7.530326|2b7|Rx|d|5|00E0FFFE00
7.530326|1b0|Rx|d|4|FF00FFC0
7.530326|657|Rx|d|2|C0CC
7.545951|211|Rx|d|8|8200FFFFA90000CD
7.545951|214|Rx|d|2|0000
7.545951|218|Rx|d|1|98
7.545951|4fa|Rx|d|2|0800
7.545951|671|Rx|d|2|0200
7.545951|392|Rx|d|5|0006000000
7.545951|668|Rx|d|2|8000
7.545951|12e|Rx|d|8|CA7FFF7FF0FFFF00
7.545951|90|Rx|d|5|FF0009E900
7.545951|c6|Rx|d|8|803D80007FE3B2AE
7.545951|242|Rx|d|8|1280FFFFFFFFFD00
7.545951|29c|Rx|d|8|00000000FFFF0000
7.545951|352|Rx|d|4|5C0000FF
7.545951|4ac|Rx|d|5|83722A0080
7.545951|45c|Rx|d|6|00000000FFE0
7.545951|12e|Rx|d|8|CA7FFF7FF0FFFF00
7.545951|90|Rx|d|5|FF000A3D00
7.545951|c6|Rx|d|8|803D80007FE3B4AC
7.545951|29a|Rx|d|8|0000000000000DF2
7.545951|2b7|Rx|d|5|00E0FFFE00
7.545951|1b0|Rx|d|4|FF00FFC0
7.545951|211|Rx|d|8|8200FFFFA90000CD
7.545951|214|Rx|d|2|0000
7.545951|12e|Rx|d|8|CA80007FF0FFFF00
7.545951|90|Rx|d|5|FF000B7100
7.545951|c6|Rx|d|8|803D80007FE3B6AA
7.545951|242|Rx|d|8|1280FFFFFFFFFD00
7.545951|29c|Rx|d|8|00000000FFFF0000
7.545951|354|Rx|d|8|0000000000000000
7.580333|12e|Rx|d|8|CA80007FF0FFFF00
7.580333|90|Rx|d|5|FF000C8800
7.580333|c6|Rx|d|8|803D80007FE3B8A8
7.580333|29a|Rx|d|8|0000000000000EF1
7.580333|2b7|Rx|d|5|00E0FFFE00
7.580333|5d7|Rx|d|7|000008125200C0
7.580333|1b0|Rx|d|4|FF00FFC0
7.580333|211|Rx|d|8|8200FFFFA90000CD
7.580333|214|Rx|d|2|0000
7.580333|12e|Rx|d|8|CA80007FF0FFFF00
7.580333|90|Rx|d|5|FF000DC400
7.580333|c6|Rx|d|8|803D80007FE3BAA6
7.580333|242|Rx|d|8|1280FFFFFFFFFD00
7.580333|29c|Rx|d|8|00000000FFFF0000
7.580333|352|Rx|d|4|5C0000FF
7.595958|392|Rx|d|5|0006000000
7.595958|12e|Rx|d|8|CA80007FF0FFFF00
7.595958|90|Rx|d|5|FF000E1000
7.595958|c6|Rx|d|8|803D80007FE3BCA4
7.595958|29a|Rx|d|8|0000000000000FF0
7.595958|2b7|Rx|d|5|00E0FFFE00
7.595958|666|Rx|d|4|34000008
7.595958|350|Rx|d|8|C22F3AF01414A485
7.595958|1b0|Rx|d|4|FF00FFC0
7.595958|4de|Rx|d|3|C00000
7.595958|55d|Rx|d|8|00FC50C090800000
7.595958|211|Rx|d|8|8200FFFFA90000CD
7.595958|214|Rx|d|2|0000
7.595958|4f8|Rx|d|8|94C0000000000000
7.595958|12e|Rx|d|8|CA80007FF0FFFF00
7.595958|90|Rx|d|5|FF000F5C00
7.595958|c6|Rx|d|8|803D80007FE3BEA2
7.595958|242|Rx|d|8|1280FFFFFFFFFD00
7.595958|29c|Rx|d|8|00000000FFFF0000
7.595958|354|Rx|d|8|0000000000000000
7.595958|12e|Rx|d|8|CA80007FF0FFFF00
7.595958|90|Rx|d|5|FF0000FF00
7.595958|c6|Rx|d|8|803D80007FE3A0C0
7.595958|29a|Rx|d|8|00000000000000FF
7.595958|2b7|Rx|d|5|00E0FFFE00
7.595958|1b0|Rx|d|4|FF00FFC0
7.595958|5de|Rx|d|8|0000000000000002
7.595958|211|Rx|d|8|8200FFFFA90000CD
7.595958|214|Rx|d|2|0000
7.628724|3b7|Rx|d|6|00007FC000C0
7.644349|12e|Rx|d|8|CA80007FF0FFFF00
7.644349|90|Rx|d|5|FF0001B300
7.644349|c6|Rx|d|8|803D80007FE3A2BE
7.644349|242|Rx|d|8|1280FFFFFFFFFD00
7.644349|29c|Rx|d|8|00000000FFFF0000
7.644349|352|Rx|d|4|5C0000FF
7.644349|5df|Rx|d|3|009500
7.644349|12e|Rx|d|8|CA80007FF0FFFF00
7.644349|90|Rx|d|5|FF00026700
7.644349|c6|Rx|d|8|803D80007FE3A4BC
7.644349|29a|Rx|d|8|00000000000001FE
7.644349|2b7|Rx|d|5|00E0FFFE00
7.644349|1b0|Rx|d|4|FF00FFC0
7.644349|657|Rx|d|2|C0CC
7.644349|211|Rx|d|8|8200FFFFA90000CD
7.644349|214|Rx|d|2|0000
7.644349|218|Rx|d|1|98
7.644349|4fa|Rx|d|2|0800
7.644349|671|Rx|d|2|0200
7.644349|392|Rx|d|5|0006000000
7.644349|668|Rx|d|2|8000
7.644349|12e|Rx|d|8|CA80007FF0FFFF00
7.644349|90|Rx|d|5|FF00032B00
7.644349|c6|Rx|d|8|803D80007FE3A6BA
7.644349|242|Rx|d|8|1280FFFFFFFFFD00
7.644349|29c|Rx|d|8|00000000FFFF0000
7.644349|354|Rx|d|8|0000000000000000
7.644349|4ac|Rx|d|5|83722A0080
7.644349|45c|Rx|d|6|00000000FFE0
7.644349|12e|Rx|d|8|CA80007FF0FFFF00
7.644349|90|Rx|d|5|FF0004D200
7.644349|c6|Rx|d|8|803D80007FE3A8B8
7.644349|29a|Rx|d|8|00000000000002FD
7.644349|2b7|Rx|d|5|00E0FFFE00
7.644349|1b0|Rx|d|4|FF00FFC0
7.644349|211|Rx|d|8|8200FFFFA90000CD
7.644349|214|Rx|d|2|0000
7.644349|12e|Rx|d|8|C980007FF0FFFF00
7.644349|90|Rx|d|5|FF00059E00
7.644349|c6|Rx|d|8|803D80007FE3AAB6
7.644349|242|Rx|d|8|1280FFFFFFFFFD00
7.644349|29c|Rx|d|8|00000000FFFF0000
7.644349|352|Rx|d|4|5C0000FF
7.677259|12e|Rx|d|8|C980007FF0FFFF00
7.677259|90|Rx|d|5|FF00064A00
7.677259|c6|Rx|d|8|803D80007FE3ACB4
7.677259|29a|Rx|d|8|00000000000003FC
7.677259|2b7|Rx|d|5|00E0FFFE00
7.677259|5d7|Rx|d|7|000008125200C0
7.677259|1b0|Rx|d|4|FF00FFC0
7.677259|211|Rx|d|8|8200FFFFA90000CD
7.677259|214|Rx|d|2|0000
7.692884|12e|Rx|d|8|C980007FF0FFFF00
7.692884|90|Rx|d|5|FF00070600
7.692884|c6|Rx|d|8|803D80007FE3AEB2
7.692884|242|Rx|d|8|1280FFFFFFFFFD00
7.692884|29c|Rx|d|8|00000000FFFF0000
7.692884|354|Rx|d|8|0000000000000000
7.692884|392|Rx|d|5|0006000000
7.692884|12e|Rx|d|8|C980007FF0FFFF00
7.692884|90|Rx|d|5|FF0008A500
7.692884|c6|Rx|d|8|803D80007FE3B0B0
7.692884|29a|Rx|d|8|00000000000004FB
7.692884|2b7|Rx|d|5|00E0FFFE00
7.692884|666|Rx|d|4|34000008
7.692884|350|Rx|d|8|C22F3AF01414A485
7.692884|1b0|Rx|d|4|FF00FFC0
7.692884|4de|Rx|d|3|C00000
7.692884|55d|Rx|d|8|00FC50C090800000
7.692884|211|Rx|d|8|8200FFFFA90000CD
7.692884|214|Rx|d|2|0000
7.692884|4f8|Rx|d|8|94C0000000000000
7.692884|12e|Rx|d|8|C980007FF0FFFF00
7.692884|90|Rx|d|5|FF0009E900
7.692884|c6|Rx|d|8|803D80007FE3B2AE
7.692884|242|Rx|d|8|1280FFFFFFFFFD00
7.692884|29c|Rx|d|8|00000000FFFF0000
7.692884|352|Rx|d|4|5C0000FF
7.727115|12e|Rx|d|8|C980007FF0FFFF00
7.727115|90|Rx|d|5|FF000A3D00
7.727115|c6|Rx|d|8|803D80007FE3B4AC
7.727115|29a|Rx|d|8|00000000000005FA
7.727115|2b7|Rx|d|5|00E0FFFE00
7.727115|1b0|Rx|d|4|FF00FFC0
7.727115|5de|Rx|d|8|0000000000000002
7.727115|211|Rx|d|8|8200FFFFA90000CD
7.727115|214|Rx|d|2|0000
7.727115|3b7|Rx|d|6|00007FC000C0
7.727115|12e|Rx|d|8|CA80007FF0FFFF00
7.727115|90|Rx|d|5|FF000B7100
7.727115|c6|Rx|d|8|803D80007FE3B6AA
7.727115|242|Rx|d|8|1280FFFFFFFFFD00
7.727115|29c|Rx|d|8|00000000FFFF0000
7.727115|354|Rx|d|8|0000000000000000
7.727115|5df|Rx|d|3|009500
7.727115|12e|Rx|d|8|CA80007FF0FFFF00
7.727115|90|Rx|d|5|FF000C8800
7.727115|c6|Rx|d|8|803D80007FE3B8A8
7.727115|29a|Rx|d|8|00000000000006F9
7.727115|2b7|Rx|d|5|00E0FFFE00
7.727115|1b0|Rx|d|4|FF00FFC0
7.727115|657|Rx|d|2|C0CC
7.727115|211|Rx|d|8|8200FFFFA90000CD
7.727115|214|Rx|d|2|0000
7.727115|218|Rx|d|1|98
7.727115|4fa|Rx|d|2|0800
7.727115|671|Rx|d|2|0200
7.727115|392|Rx|d|5|0006000000
7.727115|668|Rx|d|2|8000
7.727115|12e|Rx|d|8|CA80007FF0FFFF00
7.727115|90|Rx|d|5|FF000DC400
7.727115|c6|Rx|d|8|803D80007FE3BAA6
7.727115|242|Rx|d|8|1280FFFFFFFFFD00
7.727115|29c|Rx|d|8|00000000FFFF0000
7.727115|352|Rx|d|4|5C0000FF
7.727115|4ac|Rx|d|5|83722A0080
7.727115|45c|Rx|d|6|00000000FFE0
7.775304|12e|Rx|d|8|CA80007FF0FFFF00
7.775304|90|Rx|d|5|FF000E1000
7.775304|c6|Rx|d|8|803D80007FE3BCA4
7.775304|29a|Rx|d|8|00000000000007F8
7.775304|2b7|Rx|d|5|00E0FFFE00
7.775304|1b0|Rx|d|4|FF00FFC0
7.775304|211|Rx|d|8|8200FFFFA90000CD
7.775304|214|Rx|d|2|0000
7.775304|12e|Rx|d|8|CA80007FF0FFFF00
7.775304|90|Rx|d|5|FF000F5C00
7.775304|c6|Rx|d|8|803D80007FE3BEA2
7.775304|242|Rx|d|8|1280FFFFFFFFFD00
7.775304|29c|Rx|d|8|00000000FFFF0000
7.775304|354|Rx|d|8|0000000000000000
7.775304|12e|Rx|d|8|CA80007FF0FFFF00
7.775304|90|Rx|d|5|FF0000FF00
7.775304|c6|Rx|d|8|803D80007FE3A0C0
7.775304|29a|Rx|d|8|00000000000008F7
7.775304|2b7|Rx|d|5|00E0FFFE00
7.775304|5d7|Rx|d|7|000008125200C0
7.775304|1b0|Rx|d|4|FF00FFC0
7.775304|211|Rx|d|8|8200FFFFA90000CD
7.775304|214|Rx|d|2|0000
7.775304|6af|Rx|d|5|0000000000
7.775304|12e|Rx|d|8|CA80007FF0FFFF00
7.775304|90|Rx|d|5|FF0001B300
7.775304|c6|Rx|d|8|803D80007FE3A2BE
7.775304|242|Rx|d|8|1280FFFFFFFFFD00
7.775304|29c|Rx|d|8|00000000FFFF0000
7.775304|352|Rx|d|4|5C0000FF
7.775304|392|Rx|d|5|0006000000
7.775304|12e|Rx|d|8|CA80007FF0FFFF00
7.775304|90|Rx|d|5|FF00026700
7.775304|c6|Rx|d|8|803D80007FE3A4BC
7.775304|29a|Rx|d|8|00000000000009F6
7.775304|2b7|Rx|d|5|00E0FFFE00
7.775304|666|Rx|d|4|34000008
7.775304|350|Rx|d|8|C22F3AF01414A485
7.775304|1b0|Rx|d|4|FF00FFC0
7.775304|4de|Rx|d|3|C00000
7.775304|55d|Rx|d|8|00FC50C090800000
7.775304|211|Rx|d|8|8200FFFFA90000CD
7.810347|214|Rx|d|2|0000
7.810347|4f8|Rx|d|8|94C0000000000000
7.810347|12e|Rx|d|8|CA80007FF0FFFF00
7.810347|90|Rx|d|5|FF00032B00
7.810347|c6|Rx|d|8|803D80007FE3A6BA
7.810347|242|Rx|d|8|1280FFFFFFFFFD00
7.810347|29c|Rx|d|8|00000000FFFF0000
7.810347|354|Rx|d|8|0000000000000000
7.810347|12e|Rx|d|8|CA80007FF0FFFF00
7.810347|90|Rx|d|5|FF0004D200
7.810347|c6|Rx|d|8|803D80007FE3A8B8
7.810347|29a|Rx|d|8|0000000000000AF5
7.810347|2b7|Rx|d|5|00E0FFFE00
7.810347|1b0|Rx|d|4|FF00FFC0
7.810347|5de|Rx|d|8|0000000000000002
7.810347|211|Rx|d|8|8200FFFFA90000CD
7.810347|214|Rx|d|2|0000
7.810347|3b7|Rx|d|6|00007FC000C0
7.810347|12e|Rx|d|8|CA7FFF7FF0FFFF00
7.810347|90|Rx|d|5|FF00059E00
7.810347|c6|Rx|d|8|803D80007FE3AAB6
7.810347|242|Rx|d|8|1280FFFFFFFFFD00
7.810347|29c|Rx|d|8|00000000FFFF0000
7.810347|352|Rx|d|4|5C0000FF
7.810347|5df|Rx|d|3|009500
7.816508|12e|Rx|d|8|CA7FFF7FF0FFFF00
7.816508|90|Rx|d|5|FF00064A00
7.816508|c6|Rx|d|8|803D80007FE3ACB4
7.816508|29a|Rx|d|8|0000000000000BF4
7.816508|2b7|Rx|d|5|00E0FFFE00
7.816508|1b0|Rx|d|4|FF00FFC0
7.816508|657|Rx|d|2|C0CC
7.818507|211|Rx|d|8|8200FFFFA90000CD
7.818507|214|Rx|d|2|0000
7.818507|218|Rx|d|1|98
7.818507|4fa|Rx|d|2|0800
7.818507|671|Rx|d|2|0200
7.818507|392|Rx|d|5|0006000000
7.818507|668|Rx|d|2|8000
7.826504|12e|Rx|d|8|CA80007FF0FFFF00
7.826504|90|Rx|d|5|FF00070600
7.826504|c6|Rx|d|8|803D80007FE3AEB2
7.826504|242|Rx|d|8|1280FFFFFFFFFD00
7.826504|29c|Rx|d|8|00000000FFFF0000
7.826504|354|Rx|d|8|0000000000000000
7.826504|4ac|Rx|d|5|83722A0080
7.826504|45c|Rx|d|6|00000000FFE0
7.836498|12e|Rx|d|8|CA80007FF0FFFF00
7.836498|90|Rx|d|5|FF0008A500
7.836498|c6|Rx|d|8|803D80007FE3B0B0
7.836498|29a|Rx|d|8|0000000000000CF3
7.836498|2b7|Rx|d|5|00E0FFFE00
7.836498|1b0|Rx|d|4|FF00FFC0
7.836498|211|Rx|d|8|8200FFFFA90000CD
7.836498|214|Rx|d|2|0000
7.846492|12e|Rx|d|8|CA80007FF0FFFF00
7.846492|90|Rx|d|5|FF0009E900
7.846492|c6|Rx|d|8|803D80007FE3B2AE
7.846492|242|Rx|d|8|1280FFFFFFFFFD00
7.846492|29c|Rx|d|8|00000000FFFF0000
7.846492|352|Rx|d|4|5C0000FF
7.856486|12e|Rx|d|8|CA80007FF0FFFF00
7.856486|90|Rx|d|5|FF000A3D00
7.856486|c6|Rx|d|8|803D80007FE3B4AC
7.856486|29a|Rx|d|8|0000000000000DF2
7.856486|2b7|Rx|d|5|00E0FFFE00
7.856486|5d7|Rx|d|7|000008125200C0
7.856486|1b0|Rx|d|4|FF00FFC0
7.858484|211|Rx|d|8|8200FFFFA90000CD
7.858784|214|Rx|d|2|0000
7.890035|12e|Rx|d|8|CA80007FF0FFFF00
7.890035|90|Rx|d|5|FF000B7100
7.890035|c6|Rx|d|8|803D80007FE3B6AA
7.890035|242|Rx|d|8|1280FFFFFFFFFD00
7.890035|29c|Rx|d|8|00000000FFFF0000
7.890035|354|Rx|d|8|0000000000000000
7.890035|392|Rx|d|5|0006000000
7.890035|12e|Rx|d|8|CA80007FF0FFFF00
7.890035|90|Rx|d|5|FF000C8800
7.890035|c6|Rx|d|8|803D80007FE3B8A8
7.890035|29a|Rx|d|8|0000000000000EF1
7.890035|2b7|Rx|d|5|00E0FFFE00
7.890035|666|Rx|d|4|34000008
7.890035|350|Rx|d|8|C22F3AF01414A485
7.890035|1b0|Rx|d|4|FF00FFC0
7.890035|4de|Rx|d|3|C00000
7.905657|55d|Rx|d|8|00FC50C090800000
7.905657|211|Rx|d|8|8200FFFFA90000CD
7.905657|214|Rx|d|2|0000
7.905657|4f8|Rx|d|8|94C0000000000000
7.905657|12e|Rx|d|8|CA80007FF0FFFF00
7.905657|90|Rx|d|5|FF000DC400
7.905657|c6|Rx|d|8|803D80007FE3BAA6
7.905657|242|Rx|d|8|1280FFFFFFFFFD00
7.905657|29c|Rx|d|8|00000000FFFF0000
7.905657|352|Rx|d|4|5C0000FF
7.905657|12e|Rx|d|8|CA80007FF0FFFF00
7.905657|90|Rx|d|5|FF000E1000
7.905657|c6|Rx|d|8|803D80007FE3BCA4
7.905657|29a|Rx|d|8|0000000000000FF0
7.905657|2b7|Rx|d|5|00E0FFFE00
7.905657|1b0|Rx|d|4|FF00FFC0
7.905657|5de|Rx|d|8|0000000000000002
7.905657|211|Rx|d|8|8200FFFFA90000CD
7.905657|214|Rx|d|2|0000
7.905657|3b7|Rx|d|6|00007FC000C0
7.905657|12e|Rx|d|8|CA80017FF0FFFF00
7.905657|90|Rx|d|5|FF000F5C00
7.905657|c6|Rx|d|8|803D80007FE3BEA2
7.905657|242|Rx|d|8|1280FFFFFFFFFD00
7.905657|29c|Rx|d|8|00000000FFFF0000
7.905657|354|Rx|d|8|0000000000000000
7.905657|5df|Rx|d|3|009500
7.941195|12e|Rx|d|8|CA80017FF0FFFF00
7.941195|90|Rx|d|5|FF0000FF00
7.941195|c6|Rx|d|8|803D80007FE3A0C0
7.941195|29a|Rx|d|8|00000000000000FF
7.941195|2b7|Rx|d|5|00E0FFFE00
7.941195|1b0|Rx|d|4|FF00FFC0
7.941195|657|Rx|d|2|C0CC
7.941195|211|Rx|d|8|8200FFFFA90000CD
7.941195|214|Rx|d|2|0000
7.941195|218|Rx|d|1|98
7.941195|4fa|Rx|d|2|0800
7.941195|671|Rx|d|2|0200
7.941195|392|Rx|d|5|0006000000
7.941195|668|Rx|d|2|8000
7.941195|12e|Rx|d|8|CA80007FF0FFFF00
7.941195|90|Rx|d|5|FF0001B300
7.941195|c6|Rx|d|8|803D80007FE3A2BE
7.941195|242|Rx|d|8|1280FFFFFFFFFD00
7.941195|29c|Rx|d|8|00000000FFFF0000
7.941195|352|Rx|d|4|5C0000FF
7.941195|4ac|Rx|d|5|83722A0080
7.941195|45c|Rx|d|6|00000000FFE0
7.941195|12e|Rx|d|8|CA80007FF0FFFF00
7.941195|90|Rx|d|5|FF00026700
7.941195|c6|Rx|d|8|803D80007FE3A4BC
7.941195|29a|Rx|d|8|00000000000001FE
7.941195|2b7|Rx|d|5|00E0FFFE00
7.941195|1b0|Rx|d|4|FF00FFC0
7.941195|211|Rx|d|8|8200FFFFA90000CD
7.941195|214|Rx|d|2|0000
7.974283|12e|Rx|d|8|CA80007FF0FFFF00
7.974283|90|Rx|d|5|FF00032B00
7.974283|c6|Rx|d|8|803D80007FE3A6BA
7.974283|242|Rx|d|8|1280FFFFFFFFFD00
7.974283|29c|Rx|d|8|00000000FFFF0000
7.974283|354|Rx|d|8|0000000000000000
7.974283|12e|Rx|d|8|CA80007FF0FFFF00
7.974283|90|Rx|d|5|FF0004D200
7.974283|c6|Rx|d|8|803D80007FE3A8B8
7.974283|29a|Rx|d|8|00000000000002FD
7.974283|2b7|Rx|d|5|00E0FFFE00
7.974283|5d7|Rx|d|7|000008125200C0
7.974283|1b0|Rx|d|4|FF00FFC0
7.974283|211|Rx|d|8|8200FFFFA90000CD
7.974283|214|Rx|d|2|0000
7.974283|12e|Rx|d|8|CA80007FF0FFFF00
7.974283|90|Rx|d|5|FF00059E00
7.974283|c6|Rx|d|8|803D80007FE3AAB6
7.974283|242|Rx|d|8|1280FFFFFFFFFD00
7.974283|29c|Rx|d|8|00000000FFFF0000
7.974283|352|Rx|d|4|5C0000FF
7.974283|392|Rx|d|5|0006000000
7.974283|12e|Rx|d|8|CA80007FF0FFFF00
7.974283|90|Rx|d|5|FF00064A00
7.974283|c6|Rx|d|8|803D80007FE3ACB4
7.974283|29a|Rx|d|8|00000000000003FC
7.974283|2b7|Rx|d|5|00E0FFFE00
7.974283|666|Rx|d|4|34000008
7.974283|350|Rx|d|8|C22F3AF01414A485
7.974283|1b0|Rx|d|4|FF00FFC0
7.974283|4de|Rx|d|3|C00000
8.012262|55d|Rx|d|8|00FC50C090800000
8.012262|211|Rx|d|8|8200FFFFA90000CD
8.012262|214|Rx|d|2|0000
8.012262|4f8|Rx|d|8|94C0000000000000
8.012262|12e|Rx|d|8|CA80007FF0FFFF00
8.012262|90|Rx|d|5|FF00070600
8.012262|c6|Rx|d|8|803D80007FE3AEB2
8.012262|242|Rx|d|8|1280FFFFFFFFFD00
8.012262|29c|Rx|d|8|00000000FFFF0000
8.012262|354|Rx|d|8|0000000000000000
8.012262|12e|Rx|d|8|CA80007FF0FFFF00
8.012262|90|Rx|d|5|FF0008A500
8.012262|c6|Rx|d|8|803D80007FE3B0B0
8.012262|29a|Rx|d|8|00000000000004FB
8.012262|2b7|Rx|d|5|00E0FFFE00
8.012262|1b0|Rx|d|4|FF00FFC0
8.012262|5de|Rx|d|8|0000000000000002
8.012262|211|Rx|d|8|8200FFFFA90000CD
8.012262|214|Rx|d|2|0000
8.012262|3b7|Rx|d|6|00007FC000C0
8.012262|12e|Rx|d|8|CA7FFF7FF0FFFF00
8.012262|90|Rx|d|5|FF0009E900
8.012262|c6|Rx|d|8|803D80007FE3B2AE
8.012262|242|Rx|d|8|1280FFFFFFFFFD00
8.012262|29c|Rx|d|8|00000000FFFF0000
8.012262|352|Rx|d|4|5C0000FF
8.012262|5df|Rx|d|3|009500
8.012262|646|Rx|d|8|000000020000000C
8.018548|12e|Rx|d|8|CA7FFF7FF0FFFF00
8.018548|90|Rx|d|5|FF000A3D00
8.018548|c6|Rx|d|8|803D80007FE3B4AC
8.018548|29a|Rx|d|8|00000000000005FA
8.018548|2b7|Rx|d|5|00E0FFFE00
8.018548|1b0|Rx|d|4|FF00FFC0
8.018548|657|Rx|d|2|C0CC
8.018548|211|Rx|d|8|8200FFFFA90000CD
8.018548|214|Rx|d|2|0000
8.018548|218|Rx|d|1|98
8.018548|4fa|Rx|d|2|0800
8.018548|671|Rx|d|2|0200
8.018548|392|Rx|d|5|0006000000
8.018548|668|Rx|d|2|8000
8.026545|12e|Rx|d|8|CA80007FF0FFFF00
8.026545|90|Rx|d|5|FF000B7100
8.026545|c6|Rx|d|8|803D80087FE3B6A2
8.026545|242|Rx|d|8|1280FFFFFFFFFD00
8.026545|29c|Rx|d|8|00000000FFFF0000
8.026545|354|Rx|d|8|0000000000000000
8.026545|4ac|Rx|d|5|83722A0080
8.026545|45c|Rx|d|6|00000000FFE0
8.036539|12e|Rx|d|8|CA80007FF0FFFF00
8.036539|90|Rx|d|5|FF000C8800
8.036539|c6|Rx|d|8|803D7FF87FE3B8B1
8.036539|29a|Rx|d|8|00000000000006F9
8.036539|2b7|Rx|d|5|00E0FFFE00
8.036539|1b0|Rx|d|4|FF00FFC0
8.036539|211|Rx|d|8|8200FFFFA90000CD
8.036539|214|Rx|d|2|0000
8.046531|12e|Rx|d|8|CA80007FF0FFFF00
8.046531|90|Rx|d|5|FF000DC400
8.046531|c6|Rx|d|8|803D80007FE3BAA6
8.046531|242|Rx|d|8|1280FFFFFFFFFD00
8.046531|29c|Rx|d|8|00000000FFFF0000
8.046531|352|Rx|d|4|5C0000FF
8.056525|12e|Rx|d|8|CA80007FF0FFFF00
8.056525|90|Rx|d|5|FF000E1000
8.056525|c6|Rx|d|8|803D80007FE3BCA4
8.056525|29a|Rx|d|8|00000000000007F8
8.056525|2b7|Rx|d|5|00E0FFFE00
8.056525|5d7|Rx|d|7|000008125200C0
8.056525|1b0|Rx|d|4|FF00FFC0
8.058523|211|Rx|d|8|8200FFFFA90000CD
8.058523|214|Rx|d|2|0000
8.058523|6af|Rx|d|5|0000000000
8.093075|12e|Rx|d|8|CB80007FF0FFFF00
8.093075|90|Rx|d|5|FF000F5C00
8.093075|c6|Rx|d|8|803D80007FE3BEA2
8.093075|242|Rx|d|8|1280FFFFFFFFFD00
8.093075|29c|Rx|d|8|00000000FFFF0000
8.093075|354|Rx|d|8|0000000000000000
8.093075|392|Rx|d|5|0006000000
8.093075|12e|Rx|d|8|CB80007FF0FFFF00
8.093075|90|Rx|d|5|FF0000FF00
8.093075|c6|Rx|d|8|803D80007FE3A0C0
8.093075|29a|Rx|d|8|00000000000008F7
8.093075|2b7|Rx|d|5|00E0FFFE00
8.093075|666|Rx|d|4|34000008
8.093075|350|Rx|d|8|C22F3AF01414A485
8.093075|1b0|Rx|d|4|FF00FFC0
8.093075|4de|Rx|d|3|C00000
8.093075|55d|Rx|d|8|00FC50C090800000
8.093075|211|Rx|d|8|8200FFFFA90000CD
8.093075|214|Rx|d|2|0000
8.093075|4f8|Rx|d|8|94C0000000000000
8.108699|12e|Rx|d|8|CA80007FF0FFFF00
8.108699|90|Rx|d|5|FF0001B300
8.108699|c6|Rx|d|8|803D80007FE3A2BE
8.108699|242|Rx|d|8|1280FFFFFFFFFD00
8.108699|29c|Rx|d|8|00000000FFFF0000
8.108699|352|Rx|d|4|5C0000FF
8.108699|12e|Rx|d|8|CA80007FF0FFFF00
8.108699|90|Rx|d|5|FF00026700
8.108699|c6|Rx|d|8|803D80007FE3A4BC
8.108699|29a|Rx|d|8|00000000000009F6
8.108699|2b7|Rx|d|5|00E0FFFE00
8.108699|1b0|Rx|d|4|FF00FFC0
8.108699|5de|Rx|d|8|0000000000000002
8.108699|211|Rx|d|8|8200FFFFA90000CD
8.108699|214|Rx|d|2|0000
8.108699|3b7|Rx|d|6|00007FC000C0
8.108699|12e|Rx|d|8|CA80007FF0FFFF00
8.108699|90|Rx|d|5|FF00032B00
8.108699|c6|Rx|d|8|803D80007FE3A6BA
8.108699|242|Rx|d|8|1280FFFFFFFFFD00
8.108699|29c|Rx|d|8|00000000FFFF0000
8.108699|354|Rx|d|8|0000000000000000
8.108699|5df|Rx|d|3|009500
8.141936|12e|Rx|d|8|CA80007FF0FFFF00
8.141936|90|Rx|d|5|FF0004D200
8.141936|c6|Rx|d|8|803D80007FE3A8B8
8.141936|29a|Rx|d|8|0000000000000AF5
8.141936|2b7|Rx|d|5|00E0FFFE00
8.141936|1b0|Rx|d|4|FF00FFC0
8.141936|657|Rx|d|2|C0CC
8.141936|211|Rx|d|8|8200FFFFA90000CD
8.141936|214|Rx|d|2|0000
8.141936|218|Rx|d|1|98
8.141936|4fa|Rx|d|2|0800
8.141936|671|Rx|d|2|0200
8.141936|392|Rx|d|5|0006000000
8.141936|668|Rx|d|2|8000
8.141936|12e|Rx|d|8|CA7FFF7FF0FFFF00
8.141936|90|Rx|d|5|FF00059E00
8.141936|c6|Rx|d|8|803D80007FE3AAB6
8.141936|242|Rx|d|8|1280FFFFFFFFFD00
8.141936|29c|Rx|d|8|00000000FFFF0000
8.141936|352|Rx|d|4|5C0000FF
8.141936|4ac|Rx|d|5|83722A0080
8.141936|45c|Rx|d|6|00000000FFE0
8.141936|12e|Rx|d|8|CA7FFF7FF0FFFF00
8.141936|90|Rx|d|5|FF00064A00
8.141936|c6|Rx|d|8|803D80007FE3ACB4
8.141936|29a|Rx|d|8|0000000000000BF4
8.141936|2b7|Rx|d|5|00E0FFFE00
8.141936|1b0|Rx|d|4|FF00FFC0
8.141936|211|Rx|d|8|8200FFFFA90000CD
8.141936|214|Rx|d|2|0000
8.190289|12e|Rx|d|8|CA7FFF7FF0FFFF00
8.190289|90|Rx|d|5|FF00070600
8.190289|c6|Rx|d|8|803D80007FE3AEB2
8.190289|242|Rx|d|8|1280FFFFFFFFFD00
8.190289|29c|Rx|d|8|00000000FFFF0000
8.190289|354|Rx|d|8|0000000000000000
8.190289|12e|Rx|d|8|CA7FFF7FF0FFFF00
8.190289|90|Rx|d|5|FF0008A500
8.190289|c6|Rx|d|8|803D80007FE3B0B0
8.190289|29a|Rx|d|8|0000000000000CF3
8.190289|2b7|Rx|d|5|00E0FFFE00
8.190289|5d7|Rx|d|7|000008125200C0
8.190289|1b0|Rx|d|4|FF00FFC0
8.190289|211|Rx|d|8|8200FFFFA90000CD
8.190289|214|Rx|d|2|0000
8.190289|12e|Rx|d|8|CA80007FF0FFFF00
8.190289|90|Rx|d|5|FF0009E900
8.190289|c6|Rx|d|8|803D80007FE3B2AE
8.190289|242|Rx|d|8|1280FFFFFFFFFD00
8.190289|29c|Rx|d|8|00000000FFFF0000
8.190289|352|Rx|d|4|5C0000FF
8.190289|392|Rx|d|5|0006000000
8.190289|12e|Rx|d|8|CA80007FF0FFFF00
8.190289|90|Rx|d|5|FF000A3D00
8.190289|c6|Rx|d|8|803D80007FE3B4AC
8.190289|29a|Rx|d|8|0000000000000DF2
8.190289|2b7|Rx|d|5|00E0FFFE00
8.190289|666|Rx|d|4|34000008
8.190289|350|Rx|d|8|C22F3AF01414A485
8.190289|1b0|Rx|d|4|FF00FFC0
8.190289|4de|Rx|d|3|C00000
8.190289|55d|Rx|d|8|00FC50C090800000
8.190289|211|Rx|d|8|8200FFFFA90000CD
8.190289|214|Rx|d|2|0000
8.190289|4f8|Rx|d|8|94C0000000000000
8.190289|12e|Rx|d|8|CA80007FF0FFFF00
8.190289|90|Rx|d|5|FF000B7100
8.190289|c6|Rx|d|8|803D80007FE3B6AA
8.190289|242|Rx|d|8|1280FFFFFFFFFD00
8.190289|29c|Rx|d|8|00000000FFFF0000
8.190289|354|Rx|d|8|0000000000000000
8.222937|12e|Rx|d|8|CA80007FF0FFFF00
8.222937|90|Rx|d|5|FF000C8800
8.222937|c6|Rx|d|8|803D80007FE3B8A8
8.222937|29a|Rx|d|8|0000000000000EF1
8.222937|2b7|Rx|d|5|00E0FFFE00
8.222937|1b0|Rx|d|4|FF00FFC0
8.222937|5de|Rx|d|8|0000000000000002
8.222937|211|Rx|d|8|8200FFFFA90000CD
8.222937|214|Rx|d|2|0000
8.222937|3b7|Rx|d|6|00007FC000C0
8.222937|12e|Rx|d|8|CA80017FF0FFFF00
8.222937|90|Rx|d|5|FF000DC400
8.222937|c6|Rx|d|8|803D80007FE3BAA6
8.222937|242|Rx|d|8|1280FFFFFFFFFD00
8.222937|29c|Rx|d|8|00000000FFFF0000
8.222937|352|Rx|d|4|5C0000FF
8.222937|5df|Rx|d|3|009500
8.222937|12e|Rx|d|8|CA80017FF0FFFF00
8.222937|90|Rx|d|5|FF000E1000
8.222937|c6|Rx|d|8|803D80007FE3BCA4
8.222937|29a|Rx|d|8|0000000000000FF0
8.222937|2b7|Rx|d|5|00E0FFFE00
8.222937|1b0|Rx|d|4|FF00FFC0
8.222937|657|Rx|d|2|C0CC
8.222937|69f|Rx|d|4|0650859F
8.222937|211|Rx|d|8|8200FFFFA90000CD
8.222937|214|Rx|d|2|0000
8.222937|218|Rx|d|1|98
8.222937|4fa|Rx|d|2|0800
8.222937|671|Rx|d|2|0200
8.222937|392|Rx|d|5|0006000000
8.222937|668|Rx|d|2|8000
8.222937|699|Rx|d|8|00000200BF000000
8.256990|12e|Rx|d|8|CA80007FF0FFFF00
8.256990|90|Rx|d|5|FF000F5C00
8.256990|c6|Rx|d|8|803D80007FE3BEA2
8.256990|242|Rx|d|8|1280FFFFFFFFFD00
8.256990|29c|Rx|d|8|00000000FFFF0000
8.256990|354|Rx|d|8|0000000000000000
8.256990|4ac|Rx|d|5|83722A0080
8.256990|45c|Rx|d|6|00000000FFE0
8.256990|6af|Rx|d|5|0000000000
8.256990|12e|Rx|d|8|CA80007FF0FFFF00
8.256990|90|Rx|d|5|FF0000FF00
8.256990|c6|Rx|d|8|803D80007FE3A0C0
8.256990|29a|Rx|d|8|00000000000000FF
8.256990|2b7|Rx|d|5|00E0FFFE00
8.256990|1b0|Rx|d|4|FF00FFC0
8.256990|211|Rx|d|8|8200FFFFA90000CD
8.256990|214|Rx|d|2|0000
8.256990|12e|Rx|d|8|C980007FF0FFFF00
8.256990|90|Rx|d|5|FF0001B300
8.256990|c6|Rx|d|8|803D80007FE3A2BE
8.256990|242|Rx|d|8|1280FFFFFFFFFD00
8.256990|29c|Rx|d|8|00000000FFFF0000
8.256990|352|Rx|d|4|5C0000FF
8.256990|12e|Rx|d|8|C980007FF0FFFF00
8.256990|90|Rx|d|5|FF00026700
8.256990|c6|Rx|d|8|803D80007FE3A4BC
8.256990|29a|Rx|d|8|00000000000001FE
8.256990|2b7|Rx|d|5|00E0FFFE00
8.256990|5d7|Rx|d|7|000008125200C0
8.256990|1b0|Rx|d|4|FF00FFC0
8.256990|211|Rx|d|8|8200FFFFA90000CD
8.256990|214|Rx|d|2|0000
8.267144|12e|Rx|d|8|CA80007FF0FFFF00
8.267144|90|Rx|d|5|FF00032B00
8.267144|c6|Rx|d|8|803D80007FE3A6BA
8.267144|242|Rx|d|8|1280FFFFFFFFFD00
8.267144|29c|Rx|d|8|00000000FFFF0000
8.267144|354|Rx|d|8|0000000000000000
8.271141|392|Rx|d|5|0006000000
8.277135|12e|Rx|d|8|CA80007FF0FFFF00
8.277135|90|Rx|d|5|FF0004D200
8.277135|c6|Rx|d|8|803D80007FE3A8B8
8.277135|29a|Rx|d|8|00000000000002FD
8.277135|2b7|Rx|d|5|00E0FFFE00
8.277135|666|Rx|d|4|34000008
8.277135|350|Rx|d|8|C22F3AF01414A485
8.277135|1b0|Rx|d|4|FF00FFC0
8.277135|4de|Rx|d|3|C00000
8.277135|55d|Rx|d|8|00FC50C090800000
8.277135|211|Rx|d|8|8200FFFFA90000CD
8.277135|214|Rx|d|2|0000
8.277135|4f8|Rx|d|8|94C0000000000000
8.287129|12e|Rx|d|8|CA7FFF7FF0FFFF00
8.287129|90|Rx|d|5|FF00059E00
8.287129|c6|Rx|d|8|803D80007FE3AAB6
8.287129|242|Rx|d|8|1280FFFFFFFFFD00
8.287129|29c|Rx|d|8|00000000FFFF0000
8.287129|352|Rx|d|4|5C0000FF
8.297129|12e|Rx|d|8|CA7FFF7FF0FFFF00
8.297129|90|Rx|d|5|FF00064A00
8.297129|c6|Rx|d|8|803D80007FE3ACB4
8.297129|29a|Rx|d|8|00000000000003FC
8.297129|2b7|Rx|d|5|00E0FFFE00
8.297129|1b0|Rx|d|4|FF00FFC0
8.299126|5de|Rx|d|8|0000000000000002
8.299126|211|Rx|d|8|8200FFFFA90000CD
8.299126|214|Rx|d|2|0000
8.299126|3b7|Rx|d|6|00007FC000C0
8.321523|12e|Rx|d|8|CA80007FF0FFFF00
8.321523|90|Rx|d|5|FF00070600
8.321523|c6|Rx|d|8|803D80007FE3AEB2
8.321523|242|Rx|d|8|1280FFFFFFFFFD00
8.321523|29c|Rx|d|8|00000000FFFF0000
8.321523|354|Rx|d|8|0000000000000000
8.321523|5df|Rx|d|3|009500
8.337148|12e|Rx|d|8|CA80007FF0FFFF00
8.337148|90|Rx|d|5|FF0008A500
8.337148|c6|Rx|d|8|803D80007FE3B0B0
8.337148|29a|Rx|d|8|00000000000004FB
8.337148|2b7|Rx|d|5|00E0FFFE00
8.337148|1b0|Rx|d|4|FF00FFC0
8.337148|657|Rx|d|2|C0CC
8.337148|211|Rx|d|8|8200FFFFA90000CD
8.337148|214|Rx|d|2|0000
8.337148|218|Rx|d|1|98
8.337148|4fa|Rx|d|2|0800
8.337148|671|Rx|d|2|0200
8.337148|392|Rx|d|5|0006000000
8.337148|668|Rx|d|2|8000
8.337148|12e|Rx|d|8|CA80007FF0FFFF00
8.337148|90|Rx|d|5|FF0009E900
8.337148|c6|Rx|d|8|803D80007FE3B2AE
8.337148|242|Rx|d|8|1280FFFFFFFFFD00
8.337148|29c|Rx|d|8|00000000FFFF0000
8.337148|352|Rx|d|4|5C0000FF
8.337148|4ac|Rx|d|5|83722A0080
8.337148|45c|Rx|d|6|00000000FFE0
8.337148|6af|Rx|d|5|0000000000
8.337148|12e|Rx|d|8|CA80007FF0FFFF00
8.337148|90|Rx|d|5|FF000A3D00
8.337148|c6|Rx|d|8|803D80007FE3B4AC
8.337148|29a|Rx|d|8|00000000000005FA
8.337148|2b7|Rx|d|5|00E0FFFE00
8.337148|1b0|Rx|d|4|FF00FFC0
8.337148|211|Rx|d|8|8200FFFFA90000CD
8.337148|214|Rx|d|2|0000
8.372268|12e|Rx|d|8|CA80007FF0FFFF00
8.372268|90|Rx|d|5|FF000B7100
8.372268|c6|Rx|d|8|803D80007FE3B6AA
8.372268|242|Rx|d|8|1280FFFFFFFFFD00
8.372268|29c|Rx|d|8|00000000FFFF0000
8.372268|354|Rx|d|8|0000000000000000
8.372268|12e|Rx|d|8|CA80007FF0FFFF00
8.372268|90|Rx|d|5|FF000C8800
8.372268|c6|Rx|d|8|803D80007FE3B8A8
8.372268|29a|Rx|d|8|00000000000006F9
8.372268|2b7|Rx|d|5|00E0FFFE00
8.372268|5d7|Rx|d|7|000008125200C0
8.372268|1b0|Rx|d|4|FF00FFC0
8.372268|211|Rx|d|8|8200FFFFA90000CD
8.372268|214|Rx|d|2|0000
8.372268|12e|Rx|d|8|CA80007FF0FFFF00
8.372268|90|Rx|d|5|FF000DC400
8.372268|c6|Rx|d|8|803D80007FE3BAA6
8.372268|242|Rx|d|8|1280FFFFFFFFFD00
8.372268|29c|Rx|d|8|00000000FFFF0000
8.372268|352|Rx|d|4|5C0000FF
8.372268|392|Rx|d|5|0006000000
8.420468|12e|Rx|d|8|CA80007FF0FFFF00
8.420468|90|Rx|d|5|FF000E1000
8.420468|c6|Rx|d|8|803D80007FE3BCA4
8.420468|29a|Rx|d|8|00000000000007F8
8.420468|2b7|Rx|d|5|00E0FFFE00
8.420468|666|Rx|d|4|34000008
8.420468|350|Rx|d|8|C22F3AF01414A485
8.420468|1b0|Rx|d|4|FF00FFC0
8.420468|4de|Rx|d|3|C00000
8.420468|55d|Rx|d|8|00FC50C090800000
8.420468|211|Rx|d|8|8200FFFFA90000CD
8.420468|214|Rx|d|2|0000
8.420468|4f8|Rx|d|8|94C0000000000000
8.420468|12e|Rx|d|8|CA80007FF0FFFF00
8.420468|90|Rx|d|5|FF000F5C00
8.420468|c6|Rx|d|8|803D80007FE3BEA2
8.420468|242|Rx|d|8|1280FFFFFFFFFD00
8.420468|29c|Rx|d|8|00000000FFFF0000
8.420468|354|Rx|d|8|0000000000000000
8.420468|12e|Rx|d|8|CA80007FF0FFFF00
8.420468|90|Rx|d|5|FF0000FF00
8.420468|c6|Rx|d|8|803D80007FE3A0C0
8.420468|29a|Rx|d|8|00000000000008F7
8.420468|2b7|Rx|d|5|00E0FFFE00
8.420468|1b0|Rx|d|4|FF00FFC0
8.420468|5de|Rx|d|8|0000000000000002
8.420468|211|Rx|d|8|8200FFFFA90000CD
8.420468|214|Rx|d|2|0000
8.420468|3b7|Rx|d|6|00007FC000C0
8.420468|12e|Rx|d|8|CA7FFF7FF0FFFF00
8.420468|90|Rx|d|5|FF0001B300
8.420468|c6|Rx|d|8|803D80007FE3A2BE
8.420468|242|Rx|d|8|1280FFFFFFFFFD00
8.436094|29c|Rx|d|8|00000000FFFF0000
8.436094|352|Rx|d|4|5C0000FF
8.436094|5df|Rx|d|3|009500
8.436094|12e|Rx|d|8|CA7FFF7FF0FFFF00
8.436094|90|Rx|d|5|FF00026700
8.436094|c6|Rx|d|8|803D80007FE3A4BC
8.436094|29a|Rx|d|8|00000000000009F6
8.436094|2b7|Rx|d|5|00E0FFFE00
8.436094|1b0|Rx|d|4|FF00FFC0
8.436094|657|Rx|d|2|C0CC
8.436094|211|Rx|d|8|8200FFFFA90000CD
8.436094|214|Rx|d|2|0000
8.436094|218|Rx|d|1|98
8.436094|4fa|Rx|d|2|0800
8.436094|671|Rx|d|2|0200
8.436094|392|Rx|d|5|0006000000
8.436094|668|Rx|d|2|8000
8.436094|12e|Rx|d|8|CA80007FF0FFFF00
8.436094|90|Rx|d|5|FF00032B00
8.436094|c6|Rx|d|8|803D80007FE3A6BA
8.436094|242|Rx|d|8|1280FFFFFFFFFD00
8.436094|29c|Rx|d|8|00000000FFFF0000
8.436094|354|Rx|d|8|0000000000000000
8.436094|4ac|Rx|d|5|83722A0080
8.436094|45c|Rx|d|6|00000000FFE0
8.436094|6af|Rx|d|5|0000000000
8.436094|12e|Rx|d|8|CA80007FF0FFFF00
8.436094|90|Rx|d|5|FF0004D200
8.436094|c6|Rx|d|8|803D80007FE3A8B8
8.436094|29a|Rx|d|8|0000000000000AF5
8.436094|2b7|Rx|d|5|00E0FFFE00
8.436094|1b0|Rx|d|4|FF00FFC0
8.436094|211|Rx|d|8|8200FFFFA90000CD
8.436094|214|Rx|d|2|0000
8.470273|12e|Rx|d|8|C980007FF0FFFF00
8.470273|90|Rx|d|5|FF00059E00
8.470273|c6|Rx|d|8|803D80007FE3AAB6
8.470273|242|Rx|d|8|1280FFFFFFFFFD00
8.470273|29c|Rx|d|8|00000000FFFF0000
8.470273|352|Rx|d|4|5C0000FF
8.470273|12e|Rx|d|8|C980007FF0FFFF00
8.470273|90|Rx|d|5|FF00064A00
8.470273|c6|Rx|d|8|803D80087FE3ACAC
8.470273|29a|Rx|d|8|0000000000000BF4
8.470273|2b7|Rx|d|5|00E0FFFE00
8.470273|5d7|Rx|d|7|000008125200C0
8.470273|1b0|Rx|d|4|FF00FFC0
8.470273|211|Rx|d|8|8200FFFFA90000CD
8.470273|214|Rx|d|2|0000
8.470273|12e|Rx|d|8|CA80007FF0FFFF00
8.470273|90|Rx|d|5|FF00070600
8.470273|c6|Rx|d|8|803D7FF87FE3AEBB
8.470273|242|Rx|d|8|1280FFFFFFFFFD00
8.470273|29c|Rx|d|8|00000000FFFF0000
8.470273|354|Rx|d|8|0000000000000000
8.470273|392|Rx|d|5|0006000000
8.503446|12e|Rx|d|8|CA80007FF0FFFF00
8.503446|90|Rx|d|5|FF0008A500
8.503446|c6|Rx|d|8|803D80007FE3B0B0
8.503446|29a|Rx|d|8|0000000000000CF3
8.503446|2b7|Rx|d|5|00E0FFFE00
8.503446|666|Rx|d|4|34000008
8.503446|350|Rx|d|8|C22F3AF01414A485
8.503446|1b0|Rx|d|4|FF00FFC0
8.503446|4de|Rx|d|3|C00000
8.503446|55d|Rx|d|8|00FC50C090800000
8.503446|211|Rx|d|8|8200FFFFA90000CD
8.503446|214|Rx|d|2|0000
8.503446|4f8|Rx|d|8|94C0000000000000
8.503446|12e|Rx|d|8|CA80007FF0FFFF00
8.503446|90|Rx|d|5|FF0009E900
8.503446|c6|Rx|d|8|803D80007FE3B2AE
8.503446|242|Rx|d|8|1280FFFFFFFFFD00
8.503446|29c|Rx|d|8|00000000FFFF0000
8.503446|352|Rx|d|4|5C0000FF
8.503446|12e|Rx|d|8|CA80007FF0FFFF00
8.503446|90|Rx|d|5|FF000A3D00
8.503446|c6|Rx|d|8|803D80007FE3B4AC
8.503446|29a|Rx|d|8|0000000000000DF2
8.503446|2b7|Rx|d|5|00E0FFFE00
8.503446|1b0|Rx|d|4|FF00FFC0
8.503446|5de|Rx|d|8|0000000000000002
8.503446|211|Rx|d|8|8200FFFFA90000CD
8.503446|214|Rx|d|2|0000
8.503446|3b7|Rx|d|6|00007FC000C0
8.503446|12e|Rx|d|8|CA80007FF0FFFF00
8.503446|90|Rx|d|5|FF000B7100
8.503446|c6|Rx|d|8|803D80087FE3B6A2
8.503446|242|Rx|d|8|1280FFFFFFFFFD00
8.509923|29c|Rx|d|8|00000000FFFF0000
8.509923|354|Rx|d|8|0000000000000000
8.509923|5df|Rx|d|3|009500
8.509923|646|Rx|d|8|000000020000000C
8.515918|12e|Rx|d|8|CA80007FF0FFFF00
8.515918|90|Rx|d|5|FF000C8800
8.515918|c6|Rx|d|8|803D7FF87FE3B8B1
8.515918|29a|Rx|d|8|0000000000000EF1
8.515918|2b7|Rx|d|5|00E0FFFE00
8.515918|1b0|Rx|d|4|FF00FFC0
8.515918|657|Rx|d|2|C0CC
8.517916|211|Rx|d|8|8200FFFFA90000CD
8.517916|214|Rx|d|2|0000
8.517916|218|Rx|d|1|98
8.517916|4fa|Rx|d|2|0800
8.517916|671|Rx|d|2|0200
8.523913|392|Rx|d|5|0006000000
8.523913|668|Rx|d|2|8000
8.523913|12e|Rx|d|8|CB80007FF0FFFF00
8.523913|90|Rx|d|5|FF000DC400
8.523913|c6|Rx|d|8|803D80007FE3BAA6
8.523913|242|Rx|d|8|1280FFFFFFFFFD00
8.523913|29c|Rx|d|8|00000000FFFF0000
8.523913|352|Rx|d|4|5C0000FF
8.523913|4ac|Rx|d|5|83722A0080
8.527910|45c|Rx|d|6|00000000FFE0
8.527910|6af|Rx|d|5|0000000000
8.535905|12e|Rx|d|8|CB80007FF0FFFF00
8.535905|90|Rx|d|5|FF000E1000
8.535905|c6|Rx|d|8|803D80007FE3BCA4
8.535905|29a|Rx|d|8|0000000000000FF0
8.535905|2b7|Rx|d|5|00E0FFFE00
8.535905|1b0|Rx|d|4|FF00FFC0
8.535905|211|Rx|d|8|8200FFFFA90000CD
8.535905|214|Rx|d|2|0000
8.545899|12e|Rx|d|8|CA80007FF0FFFF00
8.545899|90|Rx|d|5|FF000F5C00
8.545899|c6|Rx|d|8|803D80007FE3BEA2
8.545899|242|Rx|d|8|1280FFFFFFFFFD00
8.545899|29c|Rx|d|8|00000000FFFF0000
8.545899|354|Rx|d|8|0000000000000000
8.555894|12e|Rx|d|8|CA80007FF0FFFF00
8.555894|90|Rx|d|5|FF0000FF00
8.555894|c6|Rx|d|8|803D80007FE3A0C0
8.555894|29a|Rx|d|8|00000000000000FF
8.555894|2b7|Rx|d|5|00E0FFFE00
8.555894|5d7|Rx|d|7|000008125200C0
8.555894|1b0|Rx|d|4|FF00FFC0
8.555894|211|Rx|d|8|8200FFFFA90000CD
8.555894|214|Rx|d|2|0000
8.588599|12e|Rx|d|8|CA80007FF0FFFF00
8.588599|90|Rx|d|5|FF0001B300
8.588599|c6|Rx|d|8|803D80007FE3A2BE
8.588599|242|Rx|d|8|1280FFFFFFFFFD00
8.588599|29c|Rx|d|8|00000000FFFF0000
8.588599|352|Rx|d|4|5C0000FF
8.588599|392|Rx|d|5|0006000000
8.588599|12e|Rx|d|8|CA80007FF0FFFF00
8.588599|90|Rx|d|5|FF00026700
8.588599|c6|Rx|d|8|803D80007FE3A4BC
8.588599|29a|Rx|d|8|00000000000001FE
8.588599|2b7|Rx|d|5|00E0FFFE00
8.588599|666|Rx|d|4|34000008
8.588599|350|Rx|d|8|C22F3AF01414A485
8.588599|1b0|Rx|d|4|FF00FFC0
8.588599|4de|Rx|d|3|C00000
8.588599|55d|Rx|d|8|00FC50C090800000
8.588599|211|Rx|d|8|8200FFFFA90000CD
8.588599|214|Rx|d|2|0000
8.588599|4f8|Rx|d|8|94C0000000000000
8.588599|12e|Rx|d|8|CA80007FF0FFFF00
8.588599|90|Rx|d|5|FF00032B00
8.588599|c6|Rx|d|8|803D80007FE3A6BA
8.588599|242|Rx|d|8|1280FFFFFFFFFD00
8.588599|29c|Rx|d|8|00000000FFFF0000
8.588599|354|Rx|d|8|0000000000000000
8.636613|12e|Rx|d|8|CA80007FF0FFFF00
8.636613|90|Rx|d|5|FF0004D200
8.636613|c6|Rx|d|8|803D80007FE3A8B8
8.636613|29a|Rx|d|8|00000000000002FD
8.636613|2b7|Rx|d|5|00E0FFFE00
8.636613|1b0|Rx|d|4|FF00FFC0
8.636613|5de|Rx|d|8|0000000000000002
8.636613|211|Rx|d|8|8200FFFFA90000CD
8.636613|214|Rx|d|2|0000
8.636613|3b7|Rx|d|6|00007FC000C0
8.636613|12e|Rx|d|8|CA7FFF7FF0FFFF00
8.636613|90|Rx|d|5|FF00059E00
8.636613|c6|Rx|d|8|803D80007FE3AAB6
8.636613|242|Rx|d|8|1280FFFFFFFFFD00
8.636613|29c|Rx|d|8|00000000FFFF0000
8.636613|352|Rx|d|4|5C0000FF
8.636613|5df|Rx|d|3|009500
8.636613|12e|Rx|d|8|CA7FFF7FF0FFFF00
8.636613|90|Rx|d|5|FF00064A00
8.636613|c6|Rx|d|8|803D80007FE3ACB4
8.636613|29a|Rx|d|8|00000000000003FC
8.636613|2b7|Rx|d|5|00E0FFFE00
8.636613|1b0|Rx|d|4|FF00FFC0
8.636613|657|Rx|d|2|C0CC
8.636613|211|Rx|d|8|8200FFFFA90000CD
8.636613|214|Rx|d|2|0000
8.636613|218|Rx|d|1|98
8.636613|4fa|Rx|d|2|0800
8.636613|671|Rx|d|2|0200
8.636613|392|Rx|d|5|0006000000
8.636613|668|Rx|d|2|8000
8.652236|12e|Rx|d|8|CA80007FF0FFFF00
8.652236|90|Rx|d|5|FF00070600
8.652236|c6|Rx|d|8|803D80007FE3AEB2
8.652236|242|Rx|d|8|1280FFFFFFFFFD00
8.652236|29c|Rx|d|8|00000000FFFF0000
8.652236|354|Rx|d|8|0000000000000000
8.652236|4ac|Rx|d|5|83722A0080
8.652236|45c|Rx|d|6|00000000FFE0
8.652236|6af|Rx|d|5|0000000000
8.652236|12e|Rx|d|8|CA80007FF0FFFF00
8.652236|90|Rx|d|5|FF0008A500
8.652236|c6|Rx|d|8|803D80007FE3B0B0
8.652236|29a|Rx|d|8|00000000000004FB
8.652236|2b7|Rx|d|5|00E0FFFE00
8.652236|1b0|Rx|d|4|FF00FFC0
8.652236|211|Rx|d|8|8200FFFFA90000CD
8.652236|214|Rx|d|2|0000
8.654759|12e|Rx|d|8|CA80007FF0FFFF00
8.654759|90|Rx|d|5|FF0009E900
8.654759|c6|Rx|d|8|803D80007FE3B2AE
8.654759|242|Rx|d|8|1280FFFFFFFFFD00
8.654759|29c|Rx|d|8|00000000FFFF0000
8.654759|352|Rx|d|4|5C0000FF
8.654759|12e|Rx|d|8|CA80007FF0FFFF00
8.654759|90|Rx|d|5|FF000A3D00
8.654759|c6|Rx|d|8|803D80087FE3B4A4
8.654759|29a|Rx|d|8|00000000000005FA
8.654759|2b7|Rx|d|5|00E0FFFE00
8.654759|5d7|Rx|d|7|000008125200C0
8.654759|1b0|Rx|d|4|FF00FFC0
8.661866|211|Rx|d|8|8200FFFFA90000CD
8.661866|214|Rx|d|2|0000
8.665864|12e|Rx|d|8|CA80007FF0FFFF00
8.665864|90|Rx|d|5|FF000B7100
8.665864|c6|Rx|d|8|803D7FF87FE3B6B3
8.665864|242|Rx|d|8|1280FFFFFFFFFD00
8.665864|29c|Rx|d|8|00000000FFFF0000
8.665864|354|Rx|d|8|0000000000000000
8.671862|392|Rx|d|5|0006000000
8.677859|12e|Rx|d|8|CA80007FF0FFFF00
8.677859|90|Rx|d|5|FF000C8800
8.677859|c6|Rx|d|8|803D80007FE3B8A8
8.677859|29a|Rx|d|8|00000000000006F9
8.677859|2b7|Rx|d|5|00E0FFFE00
8.677859|666|Rx|d|4|34000008
8.677859|350|Rx|d|8|C22F3AF01414A485
8.679858|1b0|Rx|d|4|FF00FFC0
8.679858|4de|Rx|d|3|C00000
8.679858|55d|Rx|d|8|00FC50C090800000
8.679858|211|Rx|d|8|8200FFFFA90000CD
8.679858|214|Rx|d|2|0000
8.679858|4f8|Rx|d|8|94C0000000000000
8.685851|12e|Rx|d|8|CA80007FF0FFFF00
8.685851|90|Rx|d|5|FF000DC400
8.685851|c6|Rx|d|8|803D80007FE3BAA6
8.685851|242|Rx|d|8|1280FFFFFFFFFD00
8.685851|29c|Rx|d|8|00000000FFFF0000
8.685851|352|Rx|d|4|5C0000FF
8.695845|12e|Rx|d|8|CA80007FF0FFFF00
8.695845|90|Rx|d|5|FF000E1000
8.695845|c6|Rx|d|8|803D80007FE3BCA4
8.695845|29a|Rx|d|8|00000000000007F8
8.695845|2b7|Rx|d|5|00E0FFFE00
8.695845|1b0|Rx|d|4|FF00FFC0
8.697844|5de|Rx|d|8|0000000000000002
8.697844|211|Rx|d|8|8200FFFFA90000CD
8.697844|214|Rx|d|2|0000
8.699843|3b7|Rx|d|6|00007FC000C0
8.705839|12e|Rx|d|8|CA7FFF7FF0FFFF00
8.705839|90|Rx|d|5|FF000F5C00
8.705839|c6|Rx|d|8|803D80007FE3BEA2
8.705839|242|Rx|d|8|1280FFFFFFFFFD00
8.705839|29c|Rx|d|8|00000000FFFF0000
8.705839|354|Rx|d|8|0000000000000000
8.722251|5df|Rx|d|3|009500
8.722251|12e|Rx|d|8|CA7FFF7FF0FFFF00
8.722251|90|Rx|d|5|FF0000FF00
8.722251|c6|Rx|d|8|803D80007FE3A0C0
8.722251|29a|Rx|d|8|00000000000008F7
8.722251|2b7|Rx|d|5|00E0FFFE00
8.722251|1b0|Rx|d|4|FF00FFC0
8.722251|657|Rx|d|2|C0CC
8.722251|211|Rx|d|8|8200FFFFA90000CD
8.722251|214|Rx|d|2|0000
8.722251|218|Rx|d|1|98
8.722251|4fa|Rx|d|2|0800
8.722251|671|Rx|d|2|0200
8.722251|392|Rx|d|5|0006000000
8.722251|668|Rx|d|2|8000
8.755289|12e|Rx|d|8|C980007FF0FFFF00
8.755289|90|Rx|d|5|FF0001B300
8.755289|c6|Rx|d|8|803D80007FE3A2BE
8.755289|242|Rx|d|8|1280FFFFFFFFFD00
8.755289|29c|Rx|d|8|00000000FFFF0000
8.755289|352|Rx|d|4|5C0000FF
8.755289|4ac|Rx|d|5|83722A0080
8.755289|45c|Rx|d|6|00000000FFE0
8.755289|6af|Rx|d|5|0000000000
8.755289|12e|Rx|d|8|C980007FF0FFFF00
8.755289|90|Rx|d|5|FF00026700
8.755289|c6|Rx|d|8|803D80007FE3A4BC
8.755289|29a|Rx|d|8|00000000000009F6
8.755289|2b7|Rx|d|5|00E0FFFE00
8.755289|1b0|Rx|d|4|FF00FFC0
8.755289|211|Rx|d|8|8200FFFFA90000CD
8.755289|214|Rx|d|2|0000
8.755289|12e|Rx|d|8|C980007FF0FFFF00
8.755289|90|Rx|d|5|FF00032B00
8.755289|c6|Rx|d|8|803D80007FE3A6BA
8.755289|242|Rx|d|8|1280FFFFFFFFFD00
8.755289|29c|Rx|d|8|00000000FFFF0000
8.755289|354|Rx|d|8|0000000000000000
8.755289|12e|Rx|d|8|C980007FF0FFFF00
8.755289|90|Rx|d|5|FF0004D200
8.755289|c6|Rx|d|8|803D80007FE3A8B8
8.755289|29a|Rx|d|8|0000000000000AF5
8.755289|2b7|Rx|d|5|00E0FFFE00
8.755289|5d7|Rx|d|7|000008125200C0
8.755289|1b0|Rx|d|4|FF00FFC0
8.755289|211|Rx|d|8|8200FFFFA90000CD
8.755289|214|Rx|d|2|0000
8.765647|12e|Rx|d|8|CA80007FF0FFFF00
8.765647|90|Rx|d|5|FF00059E00
8.765647|c6|Rx|d|8|803D80007FE3AAB6
8.765647|242|Rx|d|8|1280FFFFFFFFFD00
8.765647|29c|Rx|d|8|00000000FFFF0000
8.765647|352|Rx|d|4|5C0000FF
8.771642|392|Rx|d|5|0006000000
8.775639|12e|Rx|d|8|CA80007FF0FFFF00
8.775639|90|Rx|d|5|FF00064A00
8.775639|c6|Rx|d|8|803D80007FE3ACB4
8.775639|29a|Rx|d|8|0000000000000BF4
8.775639|2b7|Rx|d|5|00E0FFFE00
8.775639|666|Rx|d|4|34000008
8.775639|350|Rx|d|8|C22F3AF01414A485
8.775639|1b0|Rx|d|4|FF00FFC0
8.775639|4de|Rx|d|3|C00000
8.775639|55d|Rx|d|8|00FC50C090800000
8.775639|211|Rx|d|8|8200FFFFA90000CD
8.775639|214|Rx|d|2|0000
8.781637|4f8|Rx|d|8|94C0000000000000
8.785633|12e|Rx|d|8|CA80007FF0FFFF00
8.785633|90|Rx|d|5|FF00070600
8.785633|c6|Rx|d|8|803D80007FE3AEB2
8.785633|242|Rx|d|8|1280FFFFFFFFFD00
8.785633|29c|Rx|d|8|00000000FFFF0000
8.787633|354|Rx|d|8|0000000000000000
8.795628|12e|Rx|d|8|CA80007FF0FFFF00
8.795628|90|Rx|d|5|FF0008A500
8.795628|c6|Rx|d|8|803D80007FE3B0B0
8.795628|29a|Rx|d|8|0000000000000CF3
8.797628|2b7|Rx|d|5|00E0FFFE00
8.797628|1b0|Rx|d|4|FF00FFC0
8.797628|5de|Rx|d|8|0000000000000002
8.797628|211|Rx|d|8|8200FFFFA90000CD
8.797628|214|Rx|d|2|0000
8.797628|3b7|Rx|d|6|00007FC000C0
8.805622|12e|Rx|d|8|CA7FFF7FF0FFFF00
8.805622|90|Rx|d|5|FF0009E900
8.805622|c6|Rx|d|8|803D80007FE3B2AE
8.805622|242|Rx|d|8|1280FFFFFFFFFD00
8.805622|29c|Rx|d|8|00000000FFFF0000
8.822762|352|Rx|d|4|5C0000FF
8.822762|5df|Rx|d|3|009500
8.838385|12e|Rx|d|8|CA7FFF7FF0FFFF00
8.838385|90|Rx|d|5|FF000A3D00
8.838385|c6|Rx|d|8|803D80007FE3B4AC
8.838385|29a|Rx|d|8|0000000000000DF2
8.838385|2b7|Rx|d|5|00E0FFFE00
8.838385|1b0|Rx|d|4|FF00FFC0
8.838385|657|Rx|d|2|C0CC
8.838385|211|Rx|d|8|8200FFFFA90000CD
8.838385|214|Rx|d|2|0000
8.838385|218|Rx|d|1|98
8.838385|4fa|Rx|d|2|0800
8.838385|671|Rx|d|2|0200
8.838385|392|Rx|d|5|0006000000
8.838385|668|Rx|d|2|8000
8.838385|12e|Rx|d|8|CA7FFF7FF0FFFF00
8.838385|90|Rx|d|5|FF000B7100
8.838385|c6|Rx|d|8|803D80007FE3B6AA
8.838385|242|Rx|d|8|1280FFFFFFFFFD00
8.838385|29c|Rx|d|8|00000000FFFF0000
8.838385|354|Rx|d|8|0000000000000000
8.838385|4ac|Rx|d|5|83722A0080
8.838385|45c|Rx|d|6|00000000FFE0
8.838385|6af|Rx|d|5|0000000000
8.838385|12e|Rx|d|8|CA7FFF7FF0FFFF00
8.838385|90|Rx|d|5|FF000C8800
8.838385|c6|Rx|d|8|803D80007FE3B8A8
8.838385|29a|Rx|d|8|0000000000000EF1
8.838385|2b7|Rx|d|5|00E0FFFE00
8.838385|1b0|Rx|d|4|FF00FFC0
8.838385|211|Rx|d|8|8200FFFFA90000CD
8.838385|214|Rx|d|2|0000
8.871021|12e|Rx|d|8|CA80007FF0FFFF00
8.871021|90|Rx|d|5|FF000DC400
8.871021|c6|Rx|d|8|803D80007FE3BAA6
8.871021|242|Rx|d|8|1280FFFFFFFFFD00
8.871021|29c|Rx|d|8|00000000FFFF0000
8.871021|352|Rx|d|4|5C0000FF
8.871021|12e|Rx|d|8|CA80007FF0FFFF00
8.871021|90|Rx|d|5|FF000E1000
8.871021|c6|Rx|d|8|803D80087FE3BC9C
8.871021|29a|Rx|d|8|0000000000000FF0
8.871021|2b7|Rx|d|5|00E0FFFE00
8.871021|5d7|Rx|d|7|000008125200C0
8.871021|1b0|Rx|d|4|FF00FFC0
8.871021|211|Rx|d|8|8200FFFFA90000CD
8.871021|214|Rx|d|2|0000
8.871021|12e|Rx|d|8|CA80007FF0FFFF00
8.871021|90|Rx|d|5|FF000F5C00
8.871021|c6|Rx|d|8|803D7FF87FE3BEAB
8.871021|242|Rx|d|8|1280FFFFFFFFFD00
8.871021|29c|Rx|d|8|00000000FFFF0000
8.871021|354|Rx|d|8|0000000000000000
8.871021|392|Rx|d|5|0006000000
8.905939|12e|Rx|d|8|CA80007FF0FFFF00
8.905939|90|Rx|d|5|FF0000FF00
8.905939|c6|Rx|d|8|803D80007FE3A0C0
8.905939|29a|Rx|d|8|00000000000000FF
8.905939|2b7|Rx|d|5|00E0FFFE00
8.905939|350|Rx|d|8|C22F3AF01414A485
8.905939|666|Rx|d|4|34000008
8.905939|1b0|Rx|d|4|FF00FFC0
8.905939|4de|Rx|d|3|C00000
8.905939|55d|Rx|d|8|00FC50C090800000
8.905939|211|Rx|d|8|8200FFFFA90000CD
8.905939|214|Rx|d|2|0000
8.905939|4f8|Rx|d|8|94C0000000000000
8.905939|12e|Rx|d|8|CA80007FF0FFFF00
8.905939|90|Rx|d|5|FF0001B300
8.905939|c6|Rx|d|8|803D80007FE3A2BE
8.905939|242|Rx|d|8|1280FFFFFFFFFD00
8.905939|29c|Rx|d|8|00000000FFFF0000
8.905939|352|Rx|d|4|5C0000FF
8.905939|12e|Rx|d|8|CA80007FF0FFFF00
8.905939|90|Rx|d|5|FF00026700
8.905939|c6|Rx|d|8|803D80007FE3A4BC
8.905939|29a|Rx|d|8|00000000000001FE
8.905939|2b7|Rx|d|5|00E0FFFE00
8.905939|1b0|Rx|d|4|FF00FFC0
8.905939|5de|Rx|d|8|0000000000000002
8.905939|211|Rx|d|8|8200FFFFA90000CD
8.905939|214|Rx|d|2|0000
8.905939|3b7|Rx|d|6|00007FC000C0
8.921566|12e|Rx|d|8|CA80007FF0FFFF00
8.921566|90|Rx|d|5|FF00032B00
8.921566|c6|Rx|d|8|803D80007FE3A6BA
8.921566|242|Rx|d|8|1280FFFFFFFFFD00
8.921566|29c|Rx|d|8|00000000FFFF0000
8.921566|354|Rx|d|8|0000000000000000
8.921566|5df|Rx|d|3|009500
8.921566|12e|Rx|d|8|CA80007FF0FFFF00
8.921566|90|Rx|d|5|FF0004D200
8.921566|c6|Rx|d|8|803D80007FE3A8B8
8.921566|29a|Rx|d|8|00000000000002FD
8.921566|2b7|Rx|d|5|00E0FFFE00
8.921566|1b0|Rx|d|4|FF00FFC0
8.921566|657|Rx|d|2|C0CC
8.921566|211|Rx|d|8|8200FFFFA90000CD
8.921566|214|Rx|d|2|0000
8.921566|218|Rx|d|1|98
8.921566|4fa|Rx|d|2|0800
8.921566|671|Rx|d|2|0200
8.921566|392|Rx|d|5|0006000000
8.921566|668|Rx|d|2|8000
8.957159|12e|Rx|d|8|CA7FFF7FF0FFFF00
8.957159|90|Rx|d|5|FF00059E00
8.957159|c6|Rx|d|8|803D80007FE3AAB6
8.957159|242|Rx|d|8|1280FFFFFFFFFD00
8.957159|29c|Rx|d|8|00000000FFFF0000
8.957159|352|Rx|d|4|5C0000FF
8.957159|4ac|Rx|d|5|83722A0080
8.957159|45c|Rx|d|6|00000000FFE0
8.957159|6af|Rx|d|5|0000000000
8.957159|12e|Rx|d|8|CA7FFF7FF0FFFF00
8.957159|90|Rx|d|5|FF00064A00
8.957159|c6|Rx|d|8|803D80007FE3ACB4
8.957159|29a|Rx|d|8|00000000000003FC
8.957159|2b7|Rx|d|5|00E0FFFE00
8.957159|1b0|Rx|d|4|FF00FFC0
8.957159|211|Rx|d|8|8200FFFFA90000CD
8.957159|214|Rx|d|2|0000
8.957159|12e|Rx|d|8|CA80007FF0FFFF00
8.957159|90|Rx|d|5|FF00070600
8.957159|c6|Rx|d|8|803D80007FE3AEB2
8.957159|242|Rx|d|8|1280FFFFFFFFFD00
8.957159|29c|Rx|d|8|00000000FFFF0000
8.957159|354|Rx|d|8|0000000000000000
8.957159|12e|Rx|d|8|CA80007FF0FFFF00
8.957159|90|Rx|d|5|FF0008A500
8.957159|c6|Rx|d|8|803D80007FE3B0B0
8.957159|29a|Rx|d|8|00000000000004FB
8.957159|2b7|Rx|d|5|00E0FFFE00
8.957159|5d7|Rx|d|7|000008125200C0
8.957159|1b0|Rx|d|4|FF00FFC0
8.957159|211|Rx|d|8|8200FFFFA90000CD
8.957159|214|Rx|d|2|0000
8.966448|12e|Rx|d|8|CA80007FF0FFFF00
8.966448|90|Rx|d|5|FF0009E900
8.966448|c6|Rx|d|8|803D80007FE3B2AE
8.966448|242|Rx|d|8|1280FFFFFFFFFD00
8.966448|29c|Rx|d|8|00000000FFFF0000
8.966448|352|Rx|d|4|5C0000FF
8.972446|392|Rx|d|5|0006000000
8.978441|12e|Rx|d|8|CA80007FF0FFFF00
8.978441|90|Rx|d|5|FF000A3D00
8.978441|c6|Rx|d|8|803D80007FE3B4AC
8.978441|29a|Rx|d|8|00000000000005FA
8.978441|2b7|Rx|d|5|00E0FFFE00
8.978441|350|Rx|d|8|C22F3AF01414A485
8.978441|666|Rx|d|4|34000008
8.978441|1b0|Rx|d|4|FF00FFC0
8.978441|4de|Rx|d|3|C00000
8.978441|55d|Rx|d|8|00FC50C090800000
8.978441|211|Rx|d|8|8200FFFFA90000CD
8.978441|214|Rx|d|2|0000
8.978441|4f8|Rx|d|8|94C0000000000000
8.986435|12e|Rx|d|8|CA80007FF0FFFF00
8.986435|90|Rx|d|5|FF000B7100
8.986435|c6|Rx|d|8|803D80007FE3B6AA
8.986435|242|Rx|d|8|1280FFFFFFFFFD00
8.986435|29c|Rx|d|8|00000000FFFF0000
8.986435|354|Rx|d|8|0000000000000000
8.986435|6fb|Rx|d|8|0F03FF00FF0000FF
8.996428|12e|Rx|d|8|CA80007FF0FFFF00
8.996428|90|Rx|d|5|FF000C8800
8.996428|c6|Rx|d|8|803D80087FE3B8A0
8.996428|29a|Rx|d|8|00000000000006F9
8.996428|2b7|Rx|d|5|00E0FFFE00
8.996428|1b0|Rx|d|4|FF00FFC0
8.996428|5de|Rx|d|8|0000000000000002
8.996428|211|Rx|d|8|8200FFFFA90000CD
8.996428|214|Rx|d|2|0000
8.996428|3b7|Rx|d|6|00007FC000C0
9.006422|12e|Rx|d|8|CA80007FF0FFFF00
9.006422|90|Rx|d|5|FF000DC400
9.006422|c6|Rx|d|8|803D7FF87FE3BAAF
9.006422|242|Rx|d|8|1280FFFFFFFFFD00
9.006422|29c|Rx|d|8|00000000FFFF0000
9.006422|352|Rx|d|4|5C0000FF
9.006422|5df|Rx|d|3|009500
9.006422|646|Rx|d|8|000000020000000C
9.054542|12e|Rx|d|8|CA80007FF0FFFF00
9.054542|90|Rx|d|5|FF000E1000
9.054542|c6|Rx|d|8|803D80087FE3BC9C
9.054542|29a|Rx|d|8|00000000000007F8
9.054542|2b7|Rx|d|5|00E0FFFE00
9.054542|1b0|Rx|d|4|FF00FFC0
9.054542|657|Rx|d|2|C0CC
9.054542|211|Rx|d|8|8200FFFFA90000CD
9.054542|214|Rx|d|2|0000
9.054542|218|Rx|d|1|98
9.054542|5ce|Rx|d|3|FEFF00
9.054542|4fa|Rx|d|2|0800
9.054542|671|Rx|d|2|0200
9.054542|392|Rx|d|5|0006000000
9.054542|668|Rx|d|2|8000
9.054542|12e|Rx|d|8|CA80007FF0FFFF00
9.054542|90|Rx|d|5|FF000F5C00
9.054542|c6|Rx|d|8|803D7FF87FE3BEAB
9.054542|242|Rx|d|8|1280FFFFFFFFFD00
9.054542|29c|Rx|d|8|00000000FFFF0000
9.054542|354|Rx|d|8|0000000000000000
9.054542|4ac|Rx|d|5|83722A0080
9.054542|45c|Rx|d|6|00000000FFE0
9.054542|6af|Rx|d|5|0000000000
9.054542|12e|Rx|d|8|CA80007FF0FFFF00
9.054542|90|Rx|d|5|FF0000FF00
9.054542|c6|Rx|d|8|803D80087FE3A0B8
9.054542|29a|Rx|d|8|00000000000008F7
9.054542|2b7|Rx|d|5|00E0FFFE00
9.054542|1b0|Rx|d|4|FF00FFC0
9.054542|211|Rx|d|8|8200FFFFA90000CD
9.054542|214|Rx|d|2|0000
9.054542|12e|Rx|d|8|CA80007FF0FFFF00
9.054542|90|Rx|d|5|FF0001B300
9.054542|c6|Rx|d|8|803D7FF87FE3A2C7
9.054542|242|Rx|d|8|1280FFFFFFFFFD00
9.054542|29c|Rx|d|8|00000000FFFF0000
9.054542|352|Rx|d|4|5C0000FF
9.054542|12e|Rx|d|8|CA80007FF0FFFF00
9.054542|90|Rx|d|5|FF00026700
9.054542|c6|Rx|d|8|803D80007FE3A4BC
9.054542|29a|Rx|d|8|00000000000009F6
9.054542|2b7|Rx|d|5|00E0FFFE00
9.054542|1b0|Rx|d|4|FF00FFC0
9.054542|5d7|Rx|d|7|000008125200C0
9.088681|211|Rx|d|8|8200FFFFA90000CD
9.088681|214|Rx|d|2|0000
9.088681|12e|Rx|d|8|C980007FF0FFFF00
9.088681|90|Rx|d|5|FF00032B00
9.088681|c6|Rx|d|8|803D80007FE3A6BA
9.088681|242|Rx|d|8|1280FFFFFFFFFD00
9.088681|29c|Rx|d|8|00000000FFFF0000
9.088681|354|Rx|d|8|0000000000000000
9.088681|392|Rx|d|5|0006000000
9.088681|12e|Rx|d|8|C980007FF0FFFF00
9.088681|90|Rx|d|5|FF0004D200
9.088681|c6|Rx|d|8|803D80007FE3A8B8
9.088681|29a|Rx|d|8|0000000000000AF5
9.088681|2b7|Rx|d|5|00E0FFFE00
9.088681|350|Rx|d|8|C22F3AF01414A485
9.088681|666|Rx|d|4|34000008
9.088681|1b0|Rx|d|4|FF00FFC0
9.088681|4de|Rx|d|3|C00000
9.088681|55d|Rx|d|8|00FC50C090800000
9.088681|211|Rx|d|8|8200FFFFA90000CD
9.088681|214|Rx|d|2|0000
9.088681|4f8|Rx|d|8|94C0000000000000
9.088681|12e|Rx|d|8|CA7FFF7FF0FFFF00
9.088681|90|Rx|d|5|FF00059E00
9.088681|c6|Rx|d|8|803D80007FE3AAB6
9.088681|242|Rx|d|8|1280FFFFFFFFFD00
9.088681|29c|Rx|d|8|00000000FFFF0000
9.088681|352|Rx|d|4|5C0000FF
9.123843|12e|Rx|d|8|CA7FFF7FF0FFFF00
9.123843|90|Rx|d|5|FF00064A00
9.123843|c6|Rx|d|8|803D80007FE3ACB4
9.123843|29a|Rx|d|8|0000000000000BF4
9.123843|2b7|Rx|d|5|00E0FFFE00
9.123843|1b0|Rx|d|4|FF00FFC0
9.123843|5de|Rx|d|8|0000000000000002
9.123843|211|Rx|d|8|8200FFFFA90000CD
9.123843|214|Rx|d|2|0000
9.123843|3b7|Rx|d|6|00007FC000C0
9.123843|12e|Rx|d|8|CA7FFF7FF0FFFF00
9.123843|90|Rx|d|5|FF00070600
9.123843|c6|Rx|d|8|803D80007FE3AEB2
9.123843|242|Rx|d|8|1280FFFFFFFFFD00
9.123843|29c|Rx|d|8|00000000FFFF0000
9.123843|354|Rx|d|8|0000000000000000
9.123843|5df|Rx|d|3|009500
9.123843|12e|Rx|d|8|CA7FFF7FF0FFFF00
9.123843|90|Rx|d|5|FF0008A500
9.123843|c6|Rx|d|8|803D80007FE3B0B0
9.123843|29a|Rx|d|8|0000000000000CF3
9.123843|2b7|Rx|d|5|00E0FFFE00
9.123843|1b0|Rx|d|4|FF00FFC0
9.123843|657|Rx|d|2|C0CC
9.123843|211|Rx|d|8|8200FFFFA90000CD
9.123843|214|Rx|d|2|0000
9.123843|218|Rx|d|1|98
9.123843|4fa|Rx|d|2|0800
9.123843|671|Rx|d|2|0200
9.123843|392|Rx|d|5|0006000000
9.123843|668|Rx|d|2|8000
9.123843|12e|Rx|d|8|CB80007FF0FFFF00
9.123843|90|Rx|d|5|FF0009E900
9.123843|c6|Rx|d|8|803D80007FE3B2AE
9.123843|242|Rx|d|8|1280FFFFFFFFFD00
9.123843|29c|Rx|d|8|00000000FFFF0000
9.123843|352|Rx|d|4|5C0000FF
9.123843|4ac|Rx|d|5|83722A0080
9.155092|45c|Rx|d|6|00000000FFE0
9.155092|6af|Rx|d|5|0000000000
9.155092|12e|Rx|d|8|CB80007FF0FFFF00
9.155092|90|Rx|d|5|FF000A3D00
9.155092|c6|Rx|d|8|803D80007FE3B4AC
9.155092|29a|Rx|d|8|0000000000000DF2
9.155092|2b7|Rx|d|5|00E0FFFE00
9.155092|1b0|Rx|d|4|FF00FFC0
9.155092|211|Rx|d|8|8200FFFFA90000CD
9.155092|214|Rx|d|2|0000
9.155092|12e|Rx|d|8|CA80007FF0FFFF00
9.155092|90|Rx|d|5|FF000B7100
9.155092|c6|Rx|d|8|803D80007FE3B6AA
9.155092|242|Rx|d|8|1280FFFFFFFFFD00
9.155092|29c|Rx|d|8|00000000FFFF0000
9.155092|354|Rx|d|8|0000000000000000
9.155092|12e|Rx|d|8|CA80007FF0FFFF00
9.155092|90|Rx|d|5|FF000C8800
9.155092|c6|Rx|d|8|803D80007FE3B8A8
9.155092|29a|Rx|d|8|0000000000000EF1
9.155092|2b7|Rx|d|5|00E0FFFE00
9.155092|1b0|Rx|d|4|FF00FFC0
9.155092|5d7|Rx|d|7|000008125200C0
9.155092|211|Rx|d|8|8200FFFFA90000CD
9.155092|214|Rx|d|2|0000
9.188313|12e|Rx|d|8|C980007FF0FFFF00
9.188313|90|Rx|d|5|FF000DC400
9.188313|c6|Rx|d|8|803D80007FE3BAA6
9.188313|242|Rx|d|8|1280FFFFFFFFFD00
9.188313|29c|Rx|d|8|00000000FFFF0000
9.188313|352|Rx|d|4|5C0000FF
9.188313|392|Rx|d|5|0006000000
9.188313|12e|Rx|d|8|C980007FF0FFFF00
9.188313|90|Rx|d|5|FF000E1000
9.188313|c6|Rx|d|8|803D80087FE3BC9C
9.188313|29a|Rx|d|8|0000000000000FF0
9.188313|2b7|Rx|d|5|00E0FFFE00
9.188313|350|Rx|d|8|C22F3AF01414A485
9.188313|666|Rx|d|4|34000008
9.188313|1b0|Rx|d|4|FF00FFC0
9.188313|4de|Rx|d|3|C00000
9.188313|55d|Rx|d|8|00FC50C090800000
9.188313|211|Rx|d|8|8200FFFFA90000CD
9.188313|214|Rx|d|2|0000
9.188313|4f8|Rx|d|8|94C0000000000000
9.188313|12e|Rx|d|8|C980007FF0FFFF00
9.188313|90|Rx|d|5|FF000F5C00
9.188313|c6|Rx|d|8|803D7FF87FE3BEAB
9.188313|242|Rx|d|8|1280FFFFFFFFFD00
9.188313|29c|Rx|d|8|00000000FFFF0000
9.188313|354|Rx|d|8|0000000000000000
9.222259|12e|Rx|d|8|C980007FF0FFFF00
9.222259|90|Rx|d|5|FF0000FF00
9.222259|c6|Rx|d|8|803D80087FE3A0B8
9.222259|29a|Rx|d|8|00000000000000FF
9.222259|2b7|Rx|d|5|00E0FFFE00
9.222259|1b0|Rx|d|4|FF00FFC0
9.222259|5de|Rx|d|8|0000000000000002
9.222259|211|Rx|d|8|8200FFFFA90000CD
9.222259|214|Rx|d|2|0000
9.222259|3b7|Rx|d|6|00007FC000C0
9.222259|12e|Rx|d|8|CA80007FF0FFFF00
9.222259|90|Rx|d|5|FF0001B300
9.222259|c6|Rx|d|8|803D7FF87FE3A2C7
9.222259|242|Rx|d|8|1280FFFFFFFFFD00
9.222259|29c|Rx|d|8|00000000FFFF0000
9.222259|352|Rx|d|4|5C0000FF
9.222259|5df|Rx|d|3|009500
9.222259|12e|Rx|d|8|CA80007FF0FFFF00
9.222259|90|Rx|d|5|FF00026700
9.222259|c6|Rx|d|8|803D80007FE3A4BC
9.222259|29a|Rx|d|8|00000000000001FE
9.222259|2b7|Rx|d|5|00E0FFFE00
9.222259|1b0|Rx|d|4|FF00FFC0
9.222259|657|Rx|d|2|C0CC
9.222259|69f|Rx|d|4|0650859F
9.222259|211|Rx|d|8|8200FFFFA90000CD
9.222259|214|Rx|d|2|0000
9.222259|218|Rx|d|1|98
9.222259|4fa|Rx|d|2|0800
9.222259|671|Rx|d|2|0200
9.222259|392|Rx|d|5|0006000000
9.222259|668|Rx|d|2|8000
9.222259|699|Rx|d|8|00000200BF000000
9.270750|12e|Rx|d|8|CA80007FF0FFFF00
9.270750|90|Rx|d|5|FF00032B00
9.270750|c6|Rx|d|8|803D80007FE3A6BA
9.270750|242|Rx|d|8|1280FFFFFFFFFD00
9.270750|29c|Rx|d|8|00000000FFFF0000
9.270750|354|Rx|d|8|0000000000000000
9.270750|4ac|Rx|d|5|83722A0080
9.270750|45c|Rx|d|6|00000000FFE0
9.270750|6af|Rx|d|5|0000000000
9.270750|12e|Rx|d|8|CA80007FF0FFFF00
9.270750|90|Rx|d|5|FF0004D200
9.270750|c6|Rx|d|8|803D80007FE3A8B8
9.270750|29a|Rx|d|8|00000000000002FD
9.270750|2b7|Rx|d|5|00E0FFFE00
9.270750|1b0|Rx|d|4|FF00FFC0
9.270750|211|Rx|d|8|8200FFFFA90000CD
9.270750|214|Rx|d|2|0000
9.270750|12e|Rx|d|8|CA80007FF0FFFF00
9.270750|90|Rx|d|5|FF00059E00
9.270750|c6|Rx|d|8|803D80007FE3AAB6
9.270750|242|Rx|d|8|1280FFFFFFFFFD00
9.270750|29c|Rx|d|8|00000000FFFF0000
9.270750|352|Rx|d|4|5C0000FF
9.270750|12e|Rx|d|8|CA80007FF0FFFF00
9.270750|90|Rx|d|5|FF00064A00
9.270750|c6|Rx|d|8|803D80087FE3ACAC
9.270750|29a|Rx|d|8|00000000000003FC
9.270750|2b7|Rx|d|5|00E0FFFE00
9.286374|1b0|Rx|d|4|FF00FFC0
9.286374|5d7|Rx|d|7|000008125200C0
9.286374|211|Rx|d|8|8200FFFFA90000CD
9.286374|214|Rx|d|2|0000
9.286374|12e|Rx|d|8|CA80007FF0FFFF00
9.286374|90|Rx|d|5|FF00070600
9.286374|c6|Rx|d|8|803D7FF87FE3AEBB
9.286374|242|Rx|d|8|1280FFFFFFFFFD00
9.286374|29c|Rx|d|8|00000000FFFF0000
9.286374|354|Rx|d|8|0000000000000000
9.286374|392|Rx|d|5|0006000000
9.286374|12e|Rx|d|8|CA80007FF0FFFF00
9.286374|90|Rx|d|5|FF0008A500
9.286374|c6|Rx|d|8|803D80007FE3B0B0
9.286374|29a|Rx|d|8|00000000000004FB
9.286374|2b7|Rx|d|5|00E0FFFE00
9.286374|350|Rx|d|8|C22F3AF01414A485
9.286374|666|Rx|d|4|34000008
9.286374|1b0|Rx|d|4|FF00FFC0
9.286374|4de|Rx|d|3|C00000
9.286374|55d|Rx|d|8|00FC50C090800000
9.286374|211|Rx|d|8|8200FFFFA90000CD
9.286374|214|Rx|d|2|0000
9.286374|4f8|Rx|d|8|94C0000000000000
9.286374|12e|Rx|d|8|CA80007FF0FFFF00
9.286374|90|Rx|d|5|FF0009E900
9.286374|c6|Rx|d|8|803D80007FE3B2AE
9.286374|242|Rx|d|8|1280FFFFFFFFFD00
9.286374|29c|Rx|d|8|00000000FFFF0000
9.286374|352|Rx|d|4|5C0000FF
9.319757|12e|Rx|d|8|CA80007FF0FFFF00
9.319757|90|Rx|d|5|FF000A3D00
9.319757|c6|Rx|d|8|803D80007FE3B4AC
9.319757|29a|Rx|d|8|00000000000005FA
9.319757|2b7|Rx|d|5|00E0FFFE00
9.319757|1b0|Rx|d|4|FF00FFC0
9.319757|5de|Rx|d|8|0000000000000002
9.319757|211|Rx|d|8|8200FFFFA90000CD
9.319757|214|Rx|d|2|0000
9.319757|3b7|Rx|d|6|00007FC000C0
9.319757|12e|Rx|d|8|CA80007FF0FFFF00
9.319757|90|Rx|d|5|FF000B7100
9.319757|c6|Rx|d|8|803D80007FE3B6AA
9.319757|242|Rx|d|8|1280FFFFFFFFFD00
9.319757|29c|Rx|d|8|00000000FFFF0000
9.319757|354|Rx|d|8|0000000000000000
9.319757|5df|Rx|d|3|009500
9.319757|12e|Rx|d|8|CA80007FF0FFFF00
9.319757|90|Rx|d|5|FF000C8800
9.319757|c6|Rx|d|8|803D80007FE3B8A8
9.319757|29a|Rx|d|8|00000000000006F9
9.319757|2b7|Rx|d|5|00E0FFFE00
9.319757|1b0|Rx|d|4|FF00FFC0
9.319757|657|Rx|d|2|C0CC
9.319757|211|Rx|d|8|8200FFFFA90000CD
9.319757|214|Rx|d|2|0000
9.319757|218|Rx|d|1|98
9.319757|4fa|Rx|d|2|0800
9.319757|671|Rx|d|2|0200
9.319757|392|Rx|d|5|0006000000
9.319757|668|Rx|d|2|8000
9.353030|12e|Rx|d|8|CA80007FF0FFFF00
9.353030|90|Rx|d|5|FF000DC400
9.353030|c6|Rx|d|8|803D80007FE3BAA6
9.353030|242|Rx|d|8|1280FFFFFFFFFD00
9.353030|29c|Rx|d|8|00000000FFFF0000
9.353030|352|Rx|d|4|5C0000FF
9.353030|4ac|Rx|d|5|83722A0080
9.353030|45c|Rx|d|6|00000000FFE0
9.353030|6af|Rx|d|5|0000000000
9.353030|12e|Rx|d|8|CA80007FF0FFFF00
9.353030|90|Rx|d|5|FF000E1000
9.353030|c6|Rx|d|8|803D80007FE3BCA4
9.353030|29a|Rx|d|8|00000000000007F8
9.353030|2b7|Rx|d|5|00E0FFFE00
9.353030|1b0|Rx|d|4|FF00FFC0
9.353030|211|Rx|d|8|8200FFFFA90000CD
9.353030|214|Rx|d|2|0000
9.353030|12e|Rx|d|8|CA80007FF0FFFF00
9.353030|90|Rx|d|5|FF000F5C00
9.353030|c6|Rx|d|8|803D80007FE3BEA2
9.353030|242|Rx|d|8|1280FFFFFFFFFD00
9.353030|29c|Rx|d|8|00000000FFFF0000
9.353030|354|Rx|d|8|0000000000000000
9.356346|12e|Rx|d|8|CA80007FF0FFFF00
9.356346|90|Rx|d|5|FF0000FF00
9.356346|c6|Rx|d|8|803D80007FE3A0C0
9.356346|29a|Rx|d|8|00000000000008F7
9.356346|2b7|Rx|d|5|00E0FFFE00
9.356346|1b0|Rx|d|4|FF00FFC0
9.356346|5d7|Rx|d|7|000008125200C0
9.358346|211|Rx|d|8|8200FFFFA90000CD
9.358346|214|Rx|d|2|0000
9.366341|12e|Rx|d|8|CA80007FF0FFFF00
9.366341|90|Rx|d|5|FF0001B300
9.366341|c6|Rx|d|8|803D80007FE3A2BE
9.366341|242|Rx|d|8|1280FFFFFFFFFD00
9.366341|29c|Rx|d|8|00000000FFFF0000
9.366341|352|Rx|d|4|5C0000FF
9.372338|392|Rx|d|5|0006000000
9.378333|12e|Rx|d|8|CA80007FF0FFFF00
9.378333|90|Rx|d|5|FF00026700
9.378333|c6|Rx|d|8|803D80007FE3A4BC
9.378333|29a|Rx|d|8|00000000000009F6
9.378333|2b7|Rx|d|5|00E0FFFE00
9.378333|350|Rx|d|8|C22F3AF01414A485
9.378333|666|Rx|d|4|34000008
9.378333|1b0|Rx|d|4|FF00FFC0
9.378333|4de|Rx|d|3|C00000
9.380332|55d|Rx|d|8|00FC50C090800000
9.380332|211|Rx|d|8|8200FFFFA90000CD
9.380332|214|Rx|d|2|0000
9.380332|4f8|Rx|d|8|94C0000000000000
9.386327|12e|Rx|d|8|CA80007FF0FFFF00
9.386327|90|Rx|d|5|FF00032B00
9.386327|c6|Rx|d|8|803D80007FE3A6BA
9.386327|242|Rx|d|8|1280FFFFFFFFFD00
9.386327|29c|Rx|d|8|00000000FFFF0000
9.386327|354|Rx|d|8|0000000000000000
9.396322|12e|Rx|d|8|CA80007FF0FFFF00
9.396322|90|Rx|d|5|FF0004D200
9.396322|c6|Rx|d|8|803D80007FE3A8B8
9.396322|29a|Rx|d|8|0000000000000AF5
9.396322|2b7|Rx|d|5|00E0FFFE00
9.396322|1b0|Rx|d|4|FF00FFC0
9.396322|5de|Rx|d|8|0000000000000002
9.396322|211|Rx|d|8|8200FFFFA90000CD
9.396322|214|Rx|d|2|0000
9.396322|3b7|Rx|d|6|00007FC000C0
9.432438|12e|Rx|d|8|CA80007FF0FFFF00
9.432438|90|Rx|d|5|FF00059E00
9.432438|c6|Rx|d|8|803D80007FE3AAB6
9.432438|242|Rx|d|8|1280FFFFFFFFFD00
9.432438|29c|Rx|d|8|00000000FFFF0000
9.432438|352|Rx|d|4|5C0000FF
9.432438|5df|Rx|d|3|009500
9.432438|12e|Rx|d|8|CA80007FF0FFFF00
9.432438|90|Rx|d|5|FF00064A00
9.432438|c6|Rx|d|8|803D80007FE3ACB4
9.432438|29a|Rx|d|8|0000000000000BF4
9.432438|2b7|Rx|d|5|00E0FFFE00
9.432438|1b0|Rx|d|4|FF00FFC0
9.432438|657|Rx|d|2|C0CC
9.432438|211|Rx|d|8|8200FFFFA90000CD
9.432438|214|Rx|d|2|0000
9.432438|218|Rx|d|1|98
9.432438|4fa|Rx|d|2|0800
9.432438|671|Rx|d|2|0200
9.432438|392|Rx|d|5|0006000000
9.432438|668|Rx|d|2|8000
9.432438|12e|Rx|d|8|CA80007FF0FFFF00
9.432438|90|Rx|d|5|FF00070600
9.432438|c6|Rx|d|8|803D80007FE3AEB2
9.432438|242|Rx|d|8|1280FFFFFFFFFD00
9.432438|29c|Rx|d|8|00000000FFFF0000
9.432438|354|Rx|d|8|0000000000000000
9.432438|4ac|Rx|d|5|83722A0080
9.432438|45c|Rx|d|6|00000000FFE0
9.432438|6af|Rx|d|5|0000000000
9.466155|12e|Rx|d|8|CA80007FF0FFFF00
9.466155|90|Rx|d|5|FF0008A500
9.466155|c6|Rx|d|8|803D80007FE3B0B0
9.466155|29a|Rx|d|8|0000000000000CF3
9.466155|2b7|Rx|d|5|00E0FFFE00
9.466155|1b0|Rx|d|4|FF00FFC0
9.466155|211|Rx|d|8|8200FFFFA90000CD
9.466155|214|Rx|d|2|0000
9.466155|12e|Rx|d|8|CA80007FF0FFFF00
9.466155|90|Rx|d|5|FF0009E900
9.466155|c6|Rx|d|8|803D80007FE3B2AE
9.466155|242|Rx|d|8|1280FFFFFFFFFD00
9.466155|29c|Rx|d|8|00000000FFFF0000
9.466155|352|Rx|d|4|5C0000FF
9.466155|12e|Rx|d|8|CA80007FF0FFFF00
9.466155|90|Rx|d|5|FF000A3D00
9.466155|c6|Rx|d|8|803D80007FE3B4AC
9.466155|29a|Rx|d|8|0000000000000DF2
9.466155|1b0|Rx|d|4|FF00FFC0
9.466155|2b7|Rx|d|5|00E0FFFE00
9.466155|5d7|Rx|d|7|000008125200C0
9.466155|211|Rx|d|8|8200FFFFA90000CD
9.466155|214|Rx|d|2|0000
9.466155|12e|Rx|d|8|CA80007FF0FFFF00
9.466155|90|Rx|d|5|FF000B7100
9.466155|c6|Rx|d|8|803D80087FE3B6A2
9.466155|242|Rx|d|8|1280FFFFFFFFFD00
9.466155|29c|Rx|d|8|00000000FFFF0000
9.466155|354|Rx|d|8|0000000000000000
9.514788|392|Rx|d|5|0006000000
9.514788|12e|Rx|d|8|CA80007FF0FFFF00
9.514788|90|Rx|d|5|FF000C8800
9.514788|c6|Rx|d|8|803D7FF87FE3B8B1
9.514788|29a|Rx|d|8|0000000000000EF1
9.514788|2b7|Rx|d|5|00E0FFFE00
9.514788|350|Rx|d|8|C22F3AF01414A485
9.514788|666|Rx|d|4|34000008
9.514788|1b0|Rx|d|4|FF00FFC0
9.514788|4de|Rx|d|3|C00000
9.514788|55d|Rx|d|8|00FC50C090800000
9.514788|211|Rx|d|8|8200FFFFA90000CD
9.514788|214|Rx|d|2|0000
9.514788|4f8|Rx|d|8|94C0000000000000
9.514788|12e|Rx|d|8|CA80007FF0FFFF00
9.514788|90|Rx|d|5|FF000DC400
9.514788|c6|Rx|d|8|803D80007FE3BAA6
9.514788|242|Rx|d|8|1280FFFFFFFFFD00
9.514788|29c|Rx|d|8|00000000FFFF0000
9.514788|352|Rx|d|4|5C0000FF
9.514788|12e|Rx|d|8|CA80007FF0FFFF00
9.514788|90|Rx|d|5|FF000E1000
9.514788|c6|Rx|d|8|803D80007FE3BCA4
9.514788|29a|Rx|d|8|0000000000000FF0
9.514788|2b7|Rx|d|5|00E0FFFE00
9.514788|1b0|Rx|d|4|FF00FFC0
9.514788|5de|Rx|d|8|0000000000000002
9.514788|211|Rx|d|8|8200FFFFA90000CD
9.514788|214|Rx|d|2|0000
9.514788|3b7|Rx|d|6|00007FC000C0
9.514788|12e|Rx|d|8|CA80007FF0FFFF00
9.514788|90|Rx|d|5|FF000F5C00
9.514788|c6|Rx|d|8|803D80007FE3BEA2
9.514788|242|Rx|d|8|1280FFFFFFFFFD00
9.514788|29c|Rx|d|8|00000000FFFF0000
9.514788|354|Rx|d|8|0000000000000000
9.514788|5df|Rx|d|3|009500
9.514788|646|Rx|d|8|000000020000000C
9.514788|12e|Rx|d|8|CA80007FF0FFFF00
9.514788|90|Rx|d|5|FF0000FF00
9.514788|c6|Rx|d|8|803D80007FE3A0C0
9.514788|29a|Rx|d|8|00000000000000FF
9.514788|2b7|Rx|d|5|00E0FFFE00
9.514788|1b0|Rx|d|4|FF00FFC0
9.514788|657|Rx|d|2|C0CC
9.548607|211|Rx|d|8|8200FFFFA90000CD
9.548607|214|Rx|d|2|0000
9.548607|218|Rx|d|1|98
9.548607|4fa|Rx|d|2|0800
9.548607|671|Rx|d|2|0200
9.548607|392|Rx|d|5|0006000000
9.548607|668|Rx|d|2|8000
9.548607|12e|Rx|d|8|CA80007FF0FFFF00
9.548607|90|Rx|d|5|FF0001B300
9.548607|c6|Rx|d|8|803D80007FE3A2BE
9.548607|242|Rx|d|8|1280FFFFFFFFFD00
9.548607|29c|Rx|d|8|00000000FFFF0000
9.548607|352|Rx|d|4|5C0000FF
9.548607|4ac|Rx|d|5|83722A0080
9.548607|45c|Rx|d|6|00000000FFE0
9.548607|6af|Rx|d|5|0000000000
9.548607|12e|Rx|d|8|CA80007FF0FFFF00
9.548607|90|Rx|d|5|FF00026700
9.548607|c6|Rx|d|8|803D80007FE3A4BC
9.548607|29a|Rx|d|8|00000000000001FE
9.548607|1b0|Rx|d|4|FF00FFC0
9.548607|2b7|Rx|d|5|00E0FFFE00
9.548607|211|Rx|d|8|8200FFFFA90000CD
9.548607|214|Rx|d|2|0000
9.548607|12e|Rx|d|8|CA80007FF0FFFF00
9.548607|90|Rx|d|5|FF00032B00
9.548607|c6|Rx|d|8|803D80007FE3A6BA
9.548607|242|Rx|d|8|1280FFFFFFFFFD00
9.548607|29c|Rx|d|8|00000000FFFF0000
9.548607|354|Rx|d|8|0000000000000000
9.555074|12e|Rx|d|8|CA80007FF0FFFF00
9.555074|90|Rx|d|5|FF0004D200
9.557079|c6|Rx|d|8|803D80007FE3A8B8
9.557079|29a|Rx|d|8|00000000000002FD
9.557079|2b7|Rx|d|5|00E0FFFE00
9.557079|1b0|Rx|d|4|FF00FFC0
9.557079|5d7|Rx|d|7|000008125200C0
9.557079|211|Rx|d|8|8200FFFFA90000CD
9.557079|214|Rx|d|2|0000
9.567065|12e|Rx|d|8|CA80007FF0FFFF00
9.567065|90|Rx|d|5|FF00059E00
9.567065|c6|Rx|d|8|803D80007FE3AAB6
9.567065|242|Rx|d|8|1280FFFFFFFFFD00
9.567065|29c|Rx|d|8|00000000FFFF0000
9.567065|352|Rx|d|4|5C0000FF
9.571063|392|Rx|d|5|0006000000
9.575061|12e|Rx|d|8|CA80007FF0FFFF00
9.575061|90|Rx|d|5|FF00064A00
9.577060|c6|Rx|d|8|803D80007FE3ACB4
9.577060|29a|Rx|d|8|00000000000003FC
9.577060|2b7|Rx|d|5|00E0FFFE00
9.577060|350|Rx|d|8|C22F3AF01414A485
9.577060|666|Rx|d|4|34000008
9.577060|1b0|Rx|d|4|FF00FFC0
9.577060|4de|Rx|d|3|C00000
9.577060|55d|Rx|d|8|00FC50C090800000
9.577060|211|Rx|d|8|8200FFFFA90000CD
9.577060|214|Rx|d|2|0000
9.577060|4f8|Rx|d|8|94C0000000000000
9.587054|12e|Rx|d|8|CA80017FF0FFFF00
9.587054|90|Rx|d|5|FF00070600
9.587054|c6|Rx|d|8|803D80007FE3AEB2
9.587054|242|Rx|d|8|1280FFFFFFFFFD00
9.587054|29c|Rx|d|8|00000000FFFF0000
9.587054|354|Rx|d|8|0000000000000000
9.597048|12e|Rx|d|8|CA80017FF0FFFF00
9.597048|90|Rx|d|5|FF0008A500
9.597048|c6|Rx|d|8|803D80007FE3B0B0
9.597048|29a|Rx|d|8|00000000000004FB
9.597048|1b0|Rx|d|4|FF00FFC0
9.597048|2b7|Rx|d|5|00E0FFFE00
9.597048|5de|Rx|d|8|0000000000000002
9.599045|211|Rx|d|8|8200FFFFA90000CD
9.599045|214|Rx|d|2|0000
9.599045|3b7|Rx|d|6|00007FC000C0
9.630838|12e|Rx|d|8|CA80007FF0FFFF00
9.630838|90|Rx|d|5|FF0009E900
9.630838|c6|Rx|d|8|803D80007FE3B2AE
9.630838|242|Rx|d|8|1280FFFFFFFFFD00
9.630838|29c|Rx|d|8|00000000FFFF0000
9.630838|352|Rx|d|4|5C0000FF
9.630838|5df|Rx|d|3|009500
9.630838|12e|Rx|d|8|CA80007FF0FFFF00
9.630838|90|Rx|d|5|FF000A3D00
9.630838|c6|Rx|d|8|803D80007FE3B4AC
9.630838|29a|Rx|d|8|00000000000005FA
9.630838|1b0|Rx|d|4|FF00FFC0
9.630838|2b7|Rx|d|5|00E0FFFE00
9.630838|657|Rx|d|2|C0CC
9.646461|211|Rx|d|8|8200FFFFA90000CD
9.646461|214|Rx|d|2|0000
9.646461|218|Rx|d|1|98
9.646461|4fa|Rx|d|2|0800
9.646461|671|Rx|d|2|0200
9.646461|392|Rx|d|5|0006000000
9.646461|668|Rx|d|2|8000
9.646461|12e|Rx|d|8|CA7FFF7FF0FFFF00
9.646461|90|Rx|d|5|FF000B7100
9.646461|c6|Rx|d|8|803D80007FE3B6AA
9.646461|242|Rx|d|8|1280FFFFFFFFFD00
9.646461|29c|Rx|d|8|00000000FFFF0000
9.646461|354|Rx|d|8|0000000000000000
9.646461|4ac|Rx|d|5|83722A0080
9.646461|45c|Rx|d|6|00000000FFE0
9.646461|6af|Rx|d|5|0000000000
9.646461|12e|Rx|d|8|CA7FFF7FF0FFFF00
9.646461|90|Rx|d|5|FF000C8800
9.646461|c6|Rx|d|8|803D80007FE3B8A8
9.646461|29a|Rx|d|8|00000000000006F9
9.646461|1b0|Rx|d|4|FF00FFC0
9.646461|2b7|Rx|d|5|00E0FFFE00
9.646461|211|Rx|d|8|8200FFFFA90000CD
9.646461|214|Rx|d|2|0000
9.646461|12e|Rx|d|8|CA7FFF7FF0FFFF00
9.646461|90|Rx|d|5|FF000DC400
9.646461|c6|Rx|d|8|803D80007FE3BAA6
9.646461|242|Rx|d|8|1280FFFFFFFFFD00
9.646461|29c|Rx|d|8|00000000FFFF0000
9.646461|352|Rx|d|4|5C0000FF
9.680570|12e|Rx|d|8|CA7FFF7FF0FFFF00
9.680570|90|Rx|d|5|FF000E1000
9.680570|c6|Rx|d|8|803D80007FE3BCA4
9.680570|29a|Rx|d|8|00000000000007F8
9.680570|1b0|Rx|d|4|FF00FFC0
9.680570|2b7|Rx|d|5|00E0FFFE00
9.680570|5d7|Rx|d|7|000008125200C0
9.680570|211|Rx|d|8|8200FFFFA90000CD
9.680570|214|Rx|d|2|0000
9.680570|12e|Rx|d|8|CA80007FF0FFFF00
9.680570|90|Rx|d|5|FF000F5C00
9.680570|c6|Rx|d|8|803D80007FE3BEA2
9.680570|242|Rx|d|8|1280FFFFFFFFFD00
9.680570|29c|Rx|d|8|00000000FFFF0000
9.680570|354|Rx|d|8|0000000000000000
9.696193|392|Rx|d|5|0006000000
9.696193|12e|Rx|d|8|CA80007FF0FFFF00
9.696193|90|Rx|d|5|FF0000FF00
9.696193|c6|Rx|d|8|803D80007FE3A0C0
9.696193|29a|Rx|d|8|00000000000008F7
9.696193|2b7|Rx|d|5|00E0FFFE00
9.696193|350|Rx|d|8|C22F3AF01414A485
9.696193|666|Rx|d|4|34000008
9.696193|1b0|Rx|d|4|FF00FFC0
9.696193|4de|Rx|d|3|C00000
9.696193|55d|Rx|d|8|00FC50C090800000
9.696193|211|Rx|d|8|8200FFFFA90000CD
9.696193|214|Rx|d|2|0000
9.696193|4f8|Rx|d|8|94C0000000000000
9.696193|12e|Rx|d|8|C980007FF0FFFF00
9.696193|90|Rx|d|5|FF0001B300
9.696193|c6|Rx|d|8|803D80007FE3A2BE
9.696193|242|Rx|d|8|1280FFFFFFFFFD00
9.696193|29c|Rx|d|8|00000000FFFF0000
9.696193|352|Rx|d|4|5C0000FF
9.696193|12e|Rx|d|8|C980007FF0FFFF00
9.696193|90|Rx|d|5|FF00026700
9.696193|c6|Rx|d|8|803D80007FE3A4BC
9.696193|29a|Rx|d|8|00000000000009F6
9.696193|1b0|Rx|d|4|FF00FFC0
9.696193|2b7|Rx|d|5|00E0FFFE00
9.696193|5de|Rx|d|8|0000000000000002
9.696193|211|Rx|d|8|8200FFFFA90000CD
9.696193|214|Rx|d|2|0000
9.696193|3b7|Rx|d|6|00007FC000C0
9.744933|12e|Rx|d|8|CA80007FF0FFFF00
9.744933|90|Rx|d|5|FF00032B00
9.744933|c6|Rx|d|8|803D80007FE3A6BA
9.744933|242|Rx|d|8|1280FFFFFFFFFD00
9.744933|29c|Rx|d|8|00000000FFFF0000
9.744933|354|Rx|d|8|0000000000000000
9.744933|5df|Rx|d|3|009500
9.744933|12e|Rx|d|8|CA80007FF0FFFF00
9.744933|90|Rx|d|5|FF0004D200
9.744933|c6|Rx|d|8|803D80007FE3A8B8
9.744933|29a|Rx|d|8|0000000000000AF5
9.744933|1b0|Rx|d|4|FF00FFC0
9.744933|2b7|Rx|d|5|00E0FFFE00
9.744933|657|Rx|d|2|C0CC
9.744933|211|Rx|d|8|8200FFFFA90000CD
9.744933|214|Rx|d|2|0000
9.744933|218|Rx|d|1|98
9.744933|4fa|Rx|d|2|0800
9.744933|671|Rx|d|2|0200
9.744933|392|Rx|d|5|0006000000
9.744933|668|Rx|d|2|8000
9.744933|12e|Rx|d|8|CA80007FF0FFFF00
9.744933|90|Rx|d|5|FF00059E00
9.744933|c6|Rx|d|8|803D80007FE3AAB6
9.744933|242|Rx|d|8|1280FFFFFFFFFD00
9.744933|29c|Rx|d|8|00000000FFFF0000
9.744933|352|Rx|d|4|5C0000FF
9.744933|4ac|Rx|d|5|83722A0080
9.744933|45c|Rx|d|6|00000000FFE0
9.744933|6af|Rx|d|5|0000000000
9.746436|12e|Rx|d|8|CA80007FF0FFFF00
9.746436|90|Rx|d|5|FF00064A00
9.746436|c6|Rx|d|8|803D80007FE3ACB4
9.746436|29a|Rx|d|8|0000000000000BF4
9.746436|1b0|Rx|d|4|FF00FFC0
9.746436|2b7|Rx|d|5|00E0FFFE00
9.746436|211|Rx|d|8|8200FFFFA90000CD
9.746436|214|Rx|d|2|0000
9.746436|12e|Rx|d|8|CA80007FF0FFFF00
9.746436|90|Rx|d|5|FF00070600
9.746436|c6|Rx|d|8|803D80007FE3AEB2
9.746436|242|Rx|d|8|1280FFFFFFFFFD00
9.746436|29c|Rx|d|8|00000000FFFF0000
9.746436|354|Rx|d|8|0000000000000000
9.756601|12e|Rx|d|8|CA80007FF0FFFF00
9.756601|90|Rx|d|5|FF0008A500
9.756601|c6|Rx|d|8|803D80007FE3B0B0
9.756601|29a|Rx|d|8|0000000000000CF3
9.756601|1b0|Rx|d|4|FF00FFC0
9.756601|2b7|Rx|d|5|00E0FFFE00
9.756601|5d7|Rx|d|7|000008125200C0
9.758600|211|Rx|d|8|8200FFFFA90000CD
9.758600|214|Rx|d|2|0000
9.766596|12e|Rx|d|8|C980017FF0FFFF00
9.766596|90|Rx|d|5|FF0009E900
9.766596|c6|Rx|d|8|803D80007FE3B2AE
9.766596|242|Rx|d|8|1280FFFFFFFFFD00
9.766596|29c|Rx|d|8|00000000FFFF0000
9.766596|352|Rx|d|4|5C0000FF
9.772591|392|Rx|d|5|0006000000
9.778588|12e|Rx|d|8|C980017FF0FFFF00
9.778588|90|Rx|d|5|FF000A3D00
9.778588|c6|Rx|d|8|803D80007FE3B4AC
9.778588|29a|Rx|d|8|0000000000000DF2
9.778588|2b7|Rx|d|5|00E0FFFE00
9.778588|350|Rx|d|8|C22F3AF01414A485
9.778588|666|Rx|d|4|34000008
9.778588|1b0|Rx|d|4|FF00FFC0
9.778588|4de|Rx|d|3|C00000
9.780587|55d|Rx|d|8|00FC50C090800000
9.780587|211|Rx|d|8|8200FFFFA90000CD
9.780587|214|Rx|d|2|0000
9.780587|4f8|Rx|d|8|94C0000000000000
9.786584|12e|Rx|d|8|CA80007FF0FFFF00
9.786584|90|Rx|d|5|FF000B7100
9.786584|c6|Rx|d|8|803D80007FE3B6AA
9.786584|242|Rx|d|8|1280FFFFFFFFFD00
9.786584|29c|Rx|d|8|00000000FFFF0000
9.786584|354|Rx|d|8|0000000000000000
9.796238|12e|Rx|d|8|CA80007FF0FFFF00
9.796238|90|Rx|d|5|FF000C8800
9.796238|c6|Rx|d|8|803D80007FE3B8A8
9.796238|29a|Rx|d|8|0000000000000EF1
9.796238|1b0|Rx|d|4|FF00FFC0
9.796238|2b7|Rx|d|5|00E0FFFE00
9.796238|5de|Rx|d|8|0000000000000002
9.796238|211|Rx|d|8|8200FFFFA90000CD
9.796238|214|Rx|d|2|0000
9.796238|3b7|Rx|d|6|00007FC000C0
9.806441|12e|Rx|d|8|CB80007FF0FFFF00
9.806441|90|Rx|d|5|FF000DC400
9.806441|c6|Rx|d|8|803D80007FE3BAA6
9.806441|242|Rx|d|8|1280FFFFFFFFFD00
9.806441|29c|Rx|d|8|00000000FFFF0000
9.806441|352|Rx|d|4|5C0000FF
9.806441|5df|Rx|d|3|009500
9.816434|12e|Rx|d|8|CB80007FF0FFFF00
9.816434|90|Rx|d|5|FF000E1000
9.816434|c6|Rx|d|8|803D80007FE3BCA4
9.816434|29a|Rx|d|8|0000000000000FF0
9.816434|1b0|Rx|d|4|FF00FFC0
9.816434|2b7|Rx|d|5|00E0FFFE00
9.816434|657|Rx|d|2|C0CC
9.818435|211|Rx|d|8|8200FFFFA90000CD
9.818435|214|Rx|d|2|0000
9.818435|218|Rx|d|1|98
9.818435|4fa|Rx|d|2|0800
9.818435|671|Rx|d|2|0200
9.822430|392|Rx|d|5|0006000000
9.822430|668|Rx|d|2|8000
9.826427|12e|Rx|d|8|CA80007FF0FFFF00
9.826427|90|Rx|d|5|FF000F5C00
9.826427|c6|Rx|d|8|803D80007FE3BEA2
9.826427|242|Rx|d|8|1280FFFFFFFFFD00
9.826427|29c|Rx|d|8|00000000FFFF0000
9.826427|354|Rx|d|8|0000000000000000
9.826427|4ac|Rx|d|5|83722A0080
9.826427|45c|Rx|d|6|00000000FFE0
9.830424|6af|Rx|d|5|0000000000
9.836423|12e|Rx|d|8|CA80007FF0FFFF00
9.836423|90|Rx|d|5|FF0000FF00
9.836423|c6|Rx|d|8|803D80007FE3A0C0
9.836423|29a|Rx|d|8|00000000000000FF
9.836423|1b0|Rx|d|4|FF00FFC0
9.836423|2b7|Rx|d|5|00E0FFFE00
9.836423|211|Rx|d|8|8200FFFFA90000CD
9.836423|214|Rx|d|2|0000
9.860653|12e|Rx|d|8|C980007FF0FFFF00
9.860653|90|Rx|d|5|FF0001B300
9.860653|c6|Rx|d|8|803D80007FE3A2BE
9.860653|242|Rx|d|8|1280FFFFFFFFFD00
9.860653|29c|Rx|d|8|00000000FFFF0000
9.860653|352|Rx|d|4|5C0000FF
9.860653|12e|Rx|d|8|C980007FF0FFFF00
9.860653|90|Rx|d|5|FF00026700
9.860653|c6|Rx|d|8|803D80007FE3A4BC
9.860653|29a|Rx|d|8|00000000000001FE
9.860653|1b0|Rx|d|4|FF00FFC0
9.860653|2b7|Rx|d|5|00E0FFFE00
9.860653|5d7|Rx|d|7|000008125200C0
9.860653|211|Rx|d|8|8200FFFFA90000CD
9.860653|214|Rx|d|2|0000
9.894804|12e|Rx|d|8|CA80007FF0FFFF00
9.894804|90|Rx|d|5|FF00032B00
9.894804|c6|Rx|d|8|803D80007FE3A6BA
9.894804|242|Rx|d|8|1280FFFFFFFFFD00
9.894804|29c|Rx|d|8|00000000FFFF0000
9.894804|354|Rx|d|8|0000000000000000
9.894804|392|Rx|d|5|0006000000
9.894804|12e|Rx|d|8|CA80007FF0FFFF00
9.894804|90|Rx|d|5|FF0004D200
9.894804|c6|Rx|d|8|803D80007FE3A8B8
9.894804|29a|Rx|d|8|00000000000002FD
9.894804|2b7|Rx|d|5|00E0FFFE00
9.894804|350|Rx|d|8|C22F3AF01414A485
9.894804|666|Rx|d|4|34000008
9.894804|1b0|Rx|d|4|FF00FFC0
9.894804|4de|Rx|d|3|C00000
9.894804|55d|Rx|d|8|00FC50C090800000
9.894804|211|Rx|d|8|8200FFFFA90000CD
9.894804|214|Rx|d|2|0000
9.894804|4f8|Rx|d|8|94C0000000000000
9.894804|12e|Rx|d|8|CA80007FF0FFFF00
9.894804|90|Rx|d|5|FF00059E00
9.894804|c6|Rx|d|8|803D80007FE3AAB6
9.894804|242|Rx|d|8|1280FFFFFFFFFD00
9.894804|29c|Rx|d|8|00000000FFFF0000
9.894804|352|Rx|d|4|5C0000FF
9.894804|12e|Rx|d|8|CA80007FF0FFFF00
9.894804|90|Rx|d|5|FF00064A00
9.894804|c6|Rx|d|8|803D80007FE3ACB4
9.894804|29a|Rx|d|8|00000000000003FC
9.894804|1b0|Rx|d|4|FF00FFC0
9.894804|2b7|Rx|d|5|00E0FFFE00
9.894804|5de|Rx|d|8|0000000000000002
9.898905|211|Rx|d|8|8200FFFFA90000CD
9.898905|214|Rx|d|2|0000
9.898905|3b7|Rx|d|6|00007FC000C0
9.906899|12e|Rx|d|8|CA80007FF0FFFF00
9.906899|90|Rx|d|5|FF00070600
9.906899|c6|Rx|d|8|803D80007FE3AEB2
9.906899|242|Rx|d|8|1280FFFFFFFFFD00
9.906899|29c|Rx|d|8|00000000FFFF0000
9.906899|354|Rx|d|8|0000000000000000
9.906899|5df|Rx|d|3|009500
9.916893|12e|Rx|d|8|CA80007FF0FFFF00
9.916893|90|Rx|d|5|FF0008A500
9.916893|c6|Rx|d|8|803D80007FE3B0B0
9.916893|29a|Rx|d|8|00000000000004FB
9.916893|1b0|Rx|d|4|FF00FFC0
9.916893|2b7|Rx|d|5|00E0FFFE00
9.916893|657|Rx|d|2|C0CC
9.918892|211|Rx|d|8|8200FFFFA90000CD
9.918892|214|Rx|d|2|0000
9.918892|218|Rx|d|1|98
9.918892|4fa|Rx|d|2|0800
9.918892|671|Rx|d|2|0200
9.922891|392|Rx|d|5|0006000000
9.922891|668|Rx|d|2|8000
9.926887|12e|Rx|d|8|CA80007FF0FFFF00
9.926887|90|Rx|d|5|FF0009E900
9.926887|c6|Rx|d|8|803D80007FE3B2AE
9.926887|242|Rx|d|8|1280FFFFFFFFFD00
9.926887|29c|Rx|d|8|00000000FFFF0000
9.926887|352|Rx|d|4|5C0000FF
9.926887|4ac|Rx|d|5|83722A0080
9.926887|45c|Rx|d|6|00000000FFE0
9.930886|6af|Rx|d|5|0000000000
9.936881|12e|Rx|d|8|CA80007FF0FFFF00
9.936881|90|Rx|d|5|FF000A3D00
9.936881|c6|Rx|d|8|803D80007FE3B4AC
9.936881|29a|Rx|d|8|00000000000005FA
9.936881|1b0|Rx|d|4|FF00FFC0
9.936881|2b7|Rx|d|5|00E0FFFE00
9.936881|211|Rx|d|8|8200FFFFA90000CD
9.936881|214|Rx|d|2|0000
9.974459|12e|Rx|d|8|CA80007FF0FFFF00
9.974459|90|Rx|d|5|FF000B7100
9.974459|c6|Rx|d|8|803D80007FE3B6AA
9.974459|242|Rx|d|8|1280FFFFFFFFFD00
9.974459|29c|Rx|d|8|00000000FFFF0000
9.974459|354|Rx|d|8|0000000000000000
9.974459|12e|Rx|d|8|CA80007FF0FFFF00
9.974459|90|Rx|d|5|FF000C8800
9.974459|c6|Rx|d|8|803D80007FE3B8A8
9.974459|29a|Rx|d|8|00000000000006F9
9.974459|1b0|Rx|d|4|FF00FFC0
9.974459|2b7|Rx|d|5|00E0FFFE00
9.974459|5d7|Rx|d|7|000008125200C0
9.974459|211|Rx|d|8|8200FFFFA90000CD
9.974459|214|Rx|d|2|0000
9.974459|12e|Rx|d|8|CA80007FF0FFFF00
9.974459|90|Rx|d|5|FF000DC400
9.974459|c6|Rx|d|8|803D80007FE3BAA6
9.974459|242|Rx|d|8|1280FFFFFFFFFD00
9.974459|29c|Rx|d|8|00000000FFFF0000
9.974459|352|Rx|d|4|5C0000FF
9.974459|392|Rx|d|5|0006000000
9.974459|12e|Rx|d|8|CA80007FF0FFFF00
9.974459|90|Rx|d|5|FF000E1000
9.974459|c6|Rx|d|8|803D80007FE3BCA4
9.974459|29a|Rx|d|8|00000000000007F8
9.974459|2b7|Rx|d|5|00E0FFFE00
9.974459|350|Rx|d|8|C22F3AF01414A485
9.974459|666|Rx|d|4|34000008
9.974459|1b0|Rx|d|4|FF00FFC0
9.974459|4de|Rx|d|3|C00000
10.009094|55d|Rx|d|8|00FC50C090800000
10.009094|211|Rx|d|8|8200FFFFA90000CD
10.009094|214|Rx|d|2|0000
10.009094|4f8|Rx|d|8|94C0000000000000
10.009094|12e|Rx|d|8|CA80007FF0FFFF00
10.009094|90|Rx|d|5|FF000F5C00
10.009094|c6|Rx|d|8|803D80007FE3BEA2
10.009094|242|Rx|d|8|1280FFFFFFFFFD00
10.009094|29c|Rx|d|8|00000000FFFF0000
10.009094|354|Rx|d|8|0000000000000000
10.009094|12e|Rx|d|8|CA80007FF0FFFF00
10.009094|90|Rx|d|5|FF0000FF00
10.009094|c6|Rx|d|8|803D80007FE3A0C0
10.009094|29a|Rx|d|8|00000000000008F7
10.009094|1b0|Rx|d|4|FF00FFC0
10.009094|2b7|Rx|d|5|00E0FFFE00
10.009094|5de|Rx|d|8|0000000000000002
10.009094|211|Rx|d|8|8200FFFFA90000CD
10.009094|214|Rx|d|2|0000
10.009094|3b7|Rx|d|6|00007FC000C0
10.009094|12e|Rx|d|8|CA80007FF0FFFF00
10.009094|90|Rx|d|5|FF0001B300
10.009094|c6|Rx|d|8|803D80007FE3A2BE
10.009094|242|Rx|d|8|1280FFFFFFFFFD00
10.009094|29c|Rx|d|8|00000000FFFF0000
10.009094|352|Rx|d|4|5C0000FF
10.009094|5df|Rx|d|3|009500
10.009094|646|Rx|d|8|000000020000000C
10.057084|12e|Rx|d|8|CA80007FF0FFFF00
10.057084|90|Rx|d|5|FF00026700
10.057084|c6|Rx|d|8|803D80007FE3A4BC
10.057084|29a|Rx|d|8|00000000000009F6
10.057084|1b0|Rx|d|4|FF00FFC0
10.057084|2b7|Rx|d|5|00E0FFFE00
10.057084|657|Rx|d|2|C0CC
10.057084|211|Rx|d|8|8200FFFFA90000CD
10.057084|214|Rx|d|2|0000
10.057084|218|Rx|d|1|98
10.057084|4fa|Rx|d|2|0800
10.057084|671|Rx|d|2|0200
10.057084|392|Rx|d|5|0006000000
10.057084|668|Rx|d|2|8000
10.057084|12e|Rx|d|8|CA80007FF0FFFF00
10.057084|90|Rx|d|5|FF00032B00
10.057084|c6|Rx|d|8|803D80007FE3A6BA
10.057084|242|Rx|d|8|1280FFFFFFFFFD00
10.057084|29c|Rx|d|8|00000000FFFF0000
10.057084|354|Rx|d|8|0000000000000000
10.057084|4ac|Rx|d|5|83722A0080
10.057084|45c|Rx|d|6|00000000FFE0
10.057084|6af|Rx|d|5|0000000000
10.057084|12e|Rx|d|8|CA80007FF0FFFF00
10.057084|90|Rx|d|5|FF0004D200
10.057084|c6|Rx|d|8|803D80007FE3A8B8
10.057084|29a|Rx|d|8|0000000000000AF5
10.057084|1b0|Rx|d|4|FF00FFC0
10.057084|2b7|Rx|d|5|00E0FFFE00
10.057084|211|Rx|d|8|8200FFFFA90000CD
10.057084|214|Rx|d|2|0000
10.057084|12e|Rx|d|8|CA80007FF0FFFF00
10.057084|90|Rx|d|5|FF00059E00
10.057084|c6|Rx|d|8|803D80007FE3AAB6
10.057084|242|Rx|d|8|1280FFFFFFFFFD00
10.057084|29c|Rx|d|8|00000000FFFF0000
10.057084|352|Rx|d|4|5C0000FF
10.057084|12e|Rx|d|8|CA80007FF0FFFF00
10.057084|90|Rx|d|5|FF00064A00
10.057084|c6|Rx|d|8|803D80007FE3ACB4
10.057084|29a|Rx|d|8|0000000000000BF4
10.057084|1b0|Rx|d|4|FF00FFC0
10.057084|2b7|Rx|d|5|00E0FFFE00
10.057084|5d7|Rx|d|7|000008125200C0
10.057084|211|Rx|d|8|8200FFFFA90000CD
10.057084|214|Rx|d|2|0000
10.094881|12e|Rx|d|8|CA80007FF0FFFF00
10.094881|90|Rx|d|5|FF00070600
10.094881|c6|Rx|d|8|803D80007FE3AEB2
10.094881|242|Rx|d|8|1280FFFFFFFFFD00
10.094881|29c|Rx|d|8|00000000FFFF0000
10.094881|354|Rx|d|8|0000000000000000
10.094881|392|Rx|d|5|0006000000
10.094881|12e|Rx|d|8|CA80007FF0FFFF00
10.094881|90|Rx|d|5|FF0008A500
10.094881|c6|Rx|d|8|803D80007FE3B0B0
10.094881|29a|Rx|d|8|0000000000000CF3
10.094881|2b7|Rx|d|5|00E0FFFE00
10.094881|350|Rx|d|8|C22F3AF01414A485
10.094881|666|Rx|d|4|34000008
10.094881|1b0|Rx|d|4|FF00FFC0
10.094881|4de|Rx|d|3|C00000
10.094881|55d|Rx|d|8|00FC50C090800000
10.094881|211|Rx|d|8|8200FFFFA90000CD
10.094881|214|Rx|d|2|0000
10.094881|4f8|Rx|d|8|94C0000000000000
10.094881|12e|Rx|d|8|CA80007FF0FFFF00
10.094881|90|Rx|d|5|FF0009E900
10.094881|c6|Rx|d|8|803D80007FE3B2AE
10.094881|242|Rx|d|8|1280FFFFFFFFFD00
10.094881|29c|Rx|d|8|00000000FFFF0000
10.094881|352|Rx|d|4|5C0000FF
10.097051|12e|Rx|d|8|CA80007FF0FFFF00
10.097051|90|Rx|d|5|FF000A3D00
10.097051|c6|Rx|d|8|803D80007FE3B4AC
10.097051|29a|Rx|d|8|0000000000000DF2
10.097051|1b0|Rx|d|4|FF00FFC0
10.097051|2b7|Rx|d|5|00E0FFFE00
10.097051|5de|Rx|d|8|0000000000000002
10.097051|211|Rx|d|8|8200FFFFA90000CD
10.097051|214|Rx|d|2|0000
10.097051|3b7|Rx|d|6|00007FC000C0
10.107044|12e|Rx|d|8|CA80007FF0FFFF00
10.107044|90|Rx|d|5|FF000B7100
10.107044|c6|Rx|d|8|803D80007FE3B6AA
10.107044|242|Rx|d|8|1280FFFFFFFFFD00
10.107044|29c|Rx|d|8|00000000FFFF0000
10.107044|354|Rx|d|8|0000000000000000
10.107044|5df|Rx|d|3|009500
10.117040|12e|Rx|d|8|CA80007FF0FFFF00
10.117040|90|Rx|d|5|FF000C8800
10.117040|c6|Rx|d|8|803D80007FE3B8A8
10.117040|29a|Rx|d|8|0000000000000EF1
10.117040|1b0|Rx|d|4|FF00FFC0
10.117040|2b7|Rx|d|5|00E0FFFE00
10.117040|657|Rx|d|2|C0CC
10.119039|211|Rx|d|8|8200FFFFA90000CD
10.119039|214|Rx|d|2|0000
10.119039|218|Rx|d|1|98
10.119039|4fa|Rx|d|2|0800
10.119039|671|Rx|d|2|0200
10.123036|392|Rx|d|5|0006000000
10.123036|668|Rx|d|2|8000
10.127031|12e|Rx|d|8|CA80007FF0FFFF00
10.127031|90|Rx|d|5|FF000DC400
10.127031|c6|Rx|d|8|803D80007FE3BAA6
10.127031|242|Rx|d|8|1280FFFFFFFFFD00
10.127031|29c|Rx|d|8|00000000FFFF0000
10.127031|352|Rx|d|4|5C0000FF
10.127031|4ac|Rx|d|5|83722A0080
10.127031|45c|Rx|d|6|00000000FFE0
10.133028|6af|Rx|d|5|0000000000
10.135026|12e|Rx|d|8|CA80007FF0FFFF00
10.135026|90|Rx|d|5|FF000E1000
10.137025|c6|Rx|d|8|803D80007FE3BCA4
10.137025|29a|Rx|d|8|0000000000000FF0
10.137025|1b0|Rx|d|4|FF00FFC0
10.137025|2b7|Rx|d|5|00E0FFFE00
10.137025|211|Rx|d|8|8200FFFFA90000CD
10.139024|214|Rx|d|2|0000
10.160666|12e|Rx|d|8|CA80007FF0FFFF00
10.160666|90|Rx|d|5|FF000F5C00
10.160666|c6|Rx|d|8|803D80007FE3BEA2
10.160666|242|Rx|d|8|1280FFFFFFFFFD00
10.160666|29c|Rx|d|8|00000000FFFF0000
10.160666|354|Rx|d|8|0000000000000000
10.176293|12e|Rx|d|8|CA80007FF0FFFF00
10.176293|90|Rx|d|5|FF0000FF00
10.176293|c6|Rx|d|8|803D80007FE3A0C0
10.176293|29a|Rx|d|8|00000000000000FF
10.176293|1b0|Rx|d|4|FF00FFC0
10.176293|2b7|Rx|d|5|00E0FFFE00
10.176293|5d7|Rx|d|7|000008125200C0
10.176293|211|Rx|d|8|8200FFFFA90000CD
10.176293|214|Rx|d|2|0000
10.176293|12e|Rx|d|8|C980007FF0FFFF00
10.176293|90|Rx|d|5|FF0001B300
10.176293|c6|Rx|d|8|803D80007FE3A2BE
10.176293|242|Rx|d|8|1280FFFFFFFFFD00
10.176293|29c|Rx|d|8|00000000FFFF0000
10.176293|352|Rx|d|4|5C0000FF
10.176293|392|Rx|d|5|0006000000
10.176293|12e|Rx|d|8|C980007FF0FFFF00
10.176293|90|Rx|d|5|FF00026700
10.176293|c6|Rx|d|8|803D80007FE3A4BC
10.176293|29a|Rx|d|8|00000000000001FE
10.176293|2b7|Rx|d|5|00E0FFFE00
10.176293|350|Rx|d|8|C22F3AF01414A485
10.176293|666|Rx|d|4|34000008
10.176293|1b0|Rx|d|4|FF00FFC0
10.176293|4de|Rx|d|3|C00000
10.176293|55d|Rx|d|8|00FC50C090800000
10.176293|211|Rx|d|8|8200FFFFA90000CD
10.176293|214|Rx|d|2|0000
10.176293|4f8|Rx|d|8|94C0000000000000
10.210520|12e|Rx|d|8|CA7FFF7FF0FFFF00
10.210520|90|Rx|d|5|FF00032B00
10.210520|c6|Rx|d|8|803D80007FE3A6BA
10.210520|242|Rx|d|8|1280FFFFFFFFFD00
10.210520|29c|Rx|d|8|00000000FFFF0000
10.210520|354|Rx|d|8|0000000000000000
10.210520|12e|Rx|d|8|CA7FFF7FF0FFFF00
10.210520|90|Rx|d|5|FF0004D200
10.210520|c6|Rx|d|8|803D80007FE3A8B8
10.210520|29a|Rx|d|8|00000000000002FD
10.210520|1b0|Rx|d|4|FF00FFC0
10.210520|2b7|Rx|d|5|00E0FFFE00
10.210520|5de|Rx|d|8|0000000000000002
10.210520|211|Rx|d|8|8200FFFFA90000CD
10.210520|214|Rx|d|2|0000
10.210520|3b7|Rx|d|6|00007FC000C0
10.210520|12e|Rx|d|8|CA80007FF0FFFF00
10.210520|90|Rx|d|5|FF00059E00
10.210520|c6|Rx|d|8|803D80007FE3AAB6
10.210520|242|Rx|d|8|1280FFFFFFFFFD00
10.210520|29c|Rx|d|8|00000000FFFF0000
10.210520|352|Rx|d|4|5C0000FF
10.210520|5df|Rx|d|3|009500
10.243720|12e|Rx|d|8|CA80007FF0FFFF00
10.243720|90|Rx|d|5|FF00064A00
10.243720|c6|Rx|d|8|803D80007FE3ACB4
10.243720|29a|Rx|d|8|00000000000003FC
10.243720|1b0|Rx|d|4|FF00FFC0
10.243720|2b7|Rx|d|5|00E0FFFE00
10.243720|657|Rx|d|2|C0CC
10.243720|69f|Rx|d|4|0650859F
10.243720|211|Rx|d|8|8200FFFFA90000CD
10.243720|214|Rx|d|2|0000
10.243720|218|Rx|d|1|98
10.243720|4fa|Rx|d|2|0800
10.243720|671|Rx|d|2|0200
10.243720|392|Rx|d|5|0006000000
10.243720|668|Rx|d|2|8000
10.243720|699|Rx|d|8|00000200BF000000
10.243720|12e|Rx|d|8|CA80007FF0FFFF00
10.243720|90|Rx|d|5|FF00070600
10.243720|c6|Rx|d|8|803D80007FE3AEB2
10.243720|242|Rx|d|8|1280FFFFFFFFFD00
10.243720|29c|Rx|d|8|00000000FFFF0000
10.243720|354|Rx|d|8|0000000000000000
10.243720|4ac|Rx|d|5|83722A0080
10.243720|45c|Rx|d|6|00000000FFE0
10.243720|6af|Rx|d|5|0000000000
10.243720|12e|Rx|d|8|CA80007FF0FFFF00
10.243720|90|Rx|d|5|FF0008A500
10.243720|c6|Rx|d|8|803D80007FE3B0B0
10.243720|1b0|Rx|d|4|FF00FFC0
10.243720|29a|Rx|d|8|00000000000004FB
10.243720|2b7|Rx|d|5|00E0FFFE00
10.243720|211|Rx|d|8|8200FFFFA90000CD
10.243720|214|Rx|d|2|0000
10.243720|12e|Rx|d|8|CA80007FF0FFFF00
10.243720|90|Rx|d|5|FF0009E900
10.243720|c6|Rx|d|8|803D80007FE3B2AE
10.243720|242|Rx|d|8|1280FFFFFFFFFD00
10.243720|29c|Rx|d|8|00000000FFFF0000
10.243720|352|Rx|d|4|5C0000FF
10.255992|12e|Rx|d|8|CA80007FF0FFFF00
10.255992|90|Rx|d|5|FF000A3D00
10.255992|c6|Rx|d|8|803D80007FE3B4AC
10.255992|1b0|Rx|d|4|FF00FFC0
10.255992|29a|Rx|d|8|00000000000005FA
10.255992|2b7|Rx|d|5|00E0FFFE00
10.255992|5d7|Rx|d|7|000008125200C0
10.255992|211|Rx|d|8|8200FFFFA90000CD
10.255992|214|Rx|d|2|0000
10.265987|12e|Rx|d|8|CA80007FF0FFFF00
10.265987|90|Rx|d|5|FF000B7100
10.265987|c6|Rx|d|8|803D80007FE3B6AA
10.265987|242|Rx|d|8|1280FFFFFFFFFD00
10.265987|29c|Rx|d|8|00000000FFFF0000
10.265987|354|Rx|d|8|0000000000000000
10.271982|392|Rx|d|5|0006000000
10.277979|12e|Rx|d|8|CA80007FF0FFFF00
10.277979|90|Rx|d|5|FF000C8800
10.277979|c6|Rx|d|8|803D80007FE3B8A8
10.277979|29a|Rx|d|8|00000000000006F9
10.277979|2b7|Rx|d|5|00E0FFFE00
10.277979|350|Rx|d|8|C22F3AF01414A485
10.277979|666|Rx|d|4|34000008
10.277979|1b0|Rx|d|4|FF00FFC0
10.277979|4de|Rx|d|3|C00000
10.277979|55d|Rx|d|8|00FC50C090800000
10.277979|211|Rx|d|8|8200FFFFA90000CD
10.277979|214|Rx|d|2|0000
10.277979|4f8|Rx|d|8|94C0000000000000
10.285973|12e|Rx|d|8|CA80007FF0FFFF00
10.285973|90|Rx|d|5|FF000DC400
10.285973|c6|Rx|d|8|803D80087FE3BA9E
10.285973|242|Rx|d|8|1280FFFFFFFFFD00
10.285973|29c|Rx|d|8|00000000FFFF0000
10.285973|352|Rx|d|4|5C0000FF
10.324231|12e|Rx|d|8|CA80007FF0FFFF00
10.324231|90|Rx|d|5|FF000E1000
10.324231|c6|Rx|d|8|803D7FF87FE3BCAD
10.324231|1b0|Rx|d|4|FF00FFC0
10.324231|29a|Rx|d|8|00000000000007F8
10.324231|2b7|Rx|d|5|00E0FFFE00
10.324231|5de|Rx|d|8|0000000000000002
10.324231|211|Rx|d|8|8200FFFFA90000CD
10.324231|214|Rx|d|2|0000
10.324231|3b7|Rx|d|6|00007FC000C0
10.324231|12e|Rx|d|8|C980007FF0FFFF00
10.324231|90|Rx|d|5|FF000F5C00
10.324231|c6|Rx|d|8|803D80007FE3BEA2
10.324231|242|Rx|d|8|1280FFFFFFFFFD00
10.324231|29c|Rx|d|8|00000000FFFF0000
10.324231|354|Rx|d|8|0000000000000000
10.324231|5df|Rx|d|3|009500
10.339856|12e|Rx|d|8|C980007FF0FFFF00
10.339856|90|Rx|d|5|FF0000FF00
10.339856|c6|Rx|d|8|803D80007FE3A0C0
10.339856|1b0|Rx|d|4|FF00FFC0
10.339856|29a|Rx|d|8|00000000000008F7
10.339856|2b7|Rx|d|5|00E0FFFE00
10.339856|657|Rx|d|2|C0CC
10.339856|211|Rx|d|8|8200FFFFA90000CD
10.339856|214|Rx|d|2|0000
10.339856|218|Rx|d|1|98
10.339856|4fa|Rx|d|2|0800
10.339856|671|Rx|d|2|0200
10.339856|392|Rx|d|5|0006000000
10.339856|668|Rx|d|2|8000
10.339856|12e|Rx|d|8|C980007FF0FFFF00
10.339856|90|Rx|d|5|FF0001B300
10.339856|c6|Rx|d|8|803D80007FE3A2BE
10.339856|242|Rx|d|8|1280FFFFFFFFFD00
10.339856|29c|Rx|d|8|00000000FFFF0000
10.339856|352|Rx|d|4|5C0000FF
10.339856|4ac|Rx|d|5|83722A0080
10.339856|45c|Rx|d|6|00000000FFE0
10.339856|6af|Rx|d|5|0000000000
10.339856|12e|Rx|d|8|C980007FF0FFFF00
10.339856|90|Rx|d|5|FF00026700
10.339856|c6|Rx|d|8|803D80007FE3A4BC
10.339856|29a|Rx|d|8|00000000000009F6
10.339856|1b0|Rx|d|4|FF00FFC0
10.339856|2b7|Rx|d|5|00E0FFFE00
10.339856|211|Rx|d|8|8200FFFFA90000CD
10.339856|214|Rx|d|2|0000
10.373931|12e|Rx|d|8|CA80007FF0FFFF00
10.373931|90|Rx|d|5|FF00032B00
10.373931|c6|Rx|d|8|803D80007FE3A6BA
10.373931|242|Rx|d|8|1280FFFFFFFFFD00
10.373931|29c|Rx|d|8|00000000FFFF0000
10.373931|354|Rx|d|8|0000000000000000
10.373931|12e|Rx|d|8|CA80007FF0FFFF00
10.373931|90|Rx|d|5|FF0004D200
10.373931|c6|Rx|d|8|803D80007FE3A8B8
10.373931|1b0|Rx|d|4|FF00FFC0
10.373931|29a|Rx|d|8|0000000000000AF5
10.373931|2b7|Rx|d|5|00E0FFFE00
10.373931|5d7|Rx|d|7|000008125200C0
10.373931|211|Rx|d|8|8200FFFFA90000CD
10.373931|214|Rx|d|2|0000
10.389558|12e|Rx|d|8|CA80007FF0FFFF00
10.389558|90|Rx|d|5|FF00059E00
10.389558|c6|Rx|d|8|803D80007FE3AAB6
10.389558|242|Rx|d|8|1280FFFFFFFFFD00
10.389558|29c|Rx|d|8|00000000FFFF0000
10.389558|352|Rx|d|4|5C0000FF
10.389558|392|Rx|d|5|0006000000
10.389558|12e|Rx|d|8|CA80007FF0FFFF00
10.389558|90|Rx|d|5|FF00064A00
10.389558|c6|Rx|d|8|803D80007FE3ACB4
10.389558|29a|Rx|d|8|0000000000000BF4
10.389558|2b7|Rx|d|5|00E0FFFE00
10.389558|350|Rx|d|8|C22F3AF01414A485
10.389558|666|Rx|d|4|34000008
10.389558|1b0|Rx|d|4|FF00FFC0
10.392065|4de|Rx|d|3|C00000
10.392065|55d|Rx|d|8|00FC50C090800000
10.392065|211|Rx|d|8|8200FFFFA90000CD
10.392065|214|Rx|d|2|0000
10.392065|4f8|Rx|d|8|94C0000000000000
10.392065|12e|Rx|d|8|CB80007FF0FFFF00
10.392065|90|Rx|d|5|FF00070600
10.392065|c6|Rx|d|8|803D80087FE3AEAA
10.392065|242|Rx|d|8|1280FFFFFFFFFD00
10.392065|29c|Rx|d|8|00000000FFFF0000
10.392065|354|Rx|d|8|0000000000000000
10.395501|12e|Rx|d|8|CB80007FF0FFFF00
10.395501|90|Rx|d|5|FF0008A500
10.395501|c6|Rx|d|8|803D7FF87FE3B0B9
10.395501|1b0|Rx|d|4|FF00FFC0
10.395501|29a|Rx|d|8|0000000000000CF3
10.397500|2b7|Rx|d|5|00E0FFFE00
10.397500|5de|Rx|d|8|0000000000000002
10.397500|211|Rx|d|8|8200FFFFA90000CD
10.397500|214|Rx|d|2|0000
10.397500|3b7|Rx|d|6|00007FC000C0
10.405497|12e|Rx|d|8|CB80007FF0FFFF00
10.405497|90|Rx|d|5|FF0009E900
10.405497|c6|Rx|d|8|803D80007FE3B2AE
10.405497|242|Rx|d|8|1280FFFFFFFFFD00
10.405497|29c|Rx|d|8|00000000FFFF0000
10.405497|352|Rx|d|4|5C0000FF
10.405497|5df|Rx|d|3|009500
10.415488|12e|Rx|d|8|CB80007FF0FFFF00
10.415488|90|Rx|d|5|FF000A3D00
10.415488|c6|Rx|d|8|803D80007FE3B4AC
10.415488|1b0|Rx|d|4|FF00FFC0
10.415488|29a|Rx|d|8|0000000000000DF2
10.415488|2b7|Rx|d|5|00E0FFFE00
10.415488|657|Rx|d|2|C0CC
10.415488|211|Rx|d|8|8200FFFFA90000CD
10.415488|214|Rx|d|2|0000
10.415488|218|Rx|d|1|98
10.415488|4fa|Rx|d|2|0800
10.419486|671|Rx|d|2|0200
10.425488|392|Rx|d|5|0006000000
10.425488|668|Rx|d|2|8000
10.425488|12e|Rx|d|8|CA80007FF0FFFF00
10.425488|90|Rx|d|5|FF000B7100
10.425488|c6|Rx|d|8|803D80007FE3B6AA
10.425488|242|Rx|d|8|1280FFFFFFFFFD00
10.425488|29c|Rx|d|8|00000000FFFF0000
10.425488|354|Rx|d|8|0000000000000000
10.425488|4ac|Rx|d|5|83712A0080
10.425488|45c|Rx|d|6|00000000FFE0
10.431479|6af|Rx|d|5|0000000000
10.435478|12e|Rx|d|8|CA80007FF0FFFF00
10.435478|90|Rx|d|5|FF000C8800
10.435478|c6|Rx|d|8|803D80007FE3B8A8
10.435478|1b0|Rx|d|4|FF00FFC0
10.435478|29a|Rx|d|8|0000000000000EF1
10.437476|2b7|Rx|d|5|00E0FFFE00
10.437476|211|Rx|d|8|8200FFFFA90000CD
10.437476|214|Rx|d|2|0000
10.473849|12e|Rx|d|8|CA80007FF0FFFF00
10.473849|90|Rx|d|5|FF000DC400
10.473849|c6|Rx|d|8|803D80007FE3BAA6
10.473849|242|Rx|d|8|1280FFFFFFFFFD00
10.473849|29c|Rx|d|8|00000000FFFF0000
10.473849|352|Rx|d|4|5C0000FF
10.473849|12e|Rx|d|8|CA80007FF0FFFF00
10.473849|90|Rx|d|5|FF000E1000
10.473849|c6|Rx|d|8|803D80007FE3BCA4
10.473849|1b0|Rx|d|4|FF00FFC0
10.473849|29a|Rx|d|8|0000000000000FF0
10.473849|2b7|Rx|d|5|00E0FFFE00
10.473849|211|Rx|d|8|8200FFFFA90000CD
10.473849|214|Rx|d|2|0000
10.489472|392|Rx|d|5|0006000000
10.489472|350|Rx|d|8|C22F3AF01414A485
10.489472|1b0|Rx|d|4|FF00FFC0
10.489472|4de|Rx|d|3|C00000
10.489472|55d|Rx|d|8|00FC50C090800000
10.522530|1b0|Rx|d|4|FF00FFC0
10.522530|5de|Rx|d|8|0000000000000002
10.522530|5df|Rx|d|3|009500
10.522530|392|Rx|d|5|0006000000
10.522530|668|Rx|d|2|8000
