timestamp|ID|direction|type|DLC|data
0.000000|4f8|Rx|d|8|94C0000000000000
0.000000|6fb|Rx|d|8|0F03FF00FF0000FF
0.000000|3b7|Rx|d|6|00007FC000C0
0.048242|646|Rx|d|8|000000000000000C
0.048242|5ce|Rx|d|3|FEFF00
0.096497|4f8|Rx|d|8|54C0000000000000
0.129322|3b7|Rx|d|6|00007FC000C0
0.177527|350|Rx|d|8|C32F3AF01470A405
0.177527|211|Rx|d|8|8200FFFFA90000B3
0.177527|214|Rx|d|2|FBFE
0.177527|218|Rx|d|1|98
0.177527|4fa|Rx|d|2|0800
0.177527|671|Rx|d|2|0200
0.177527|211|Rx|d|8|8200FFFFA90000BD
0.177527|214|Rx|d|2|FBFE
0.210538|4f8|Rx|d|8|54C0000000000000
0.210538|350|Rx|d|8|C22F3AF01470A405
0.210538|1b0|Rx|d|4|FF00FFC0
0.210538|4de|Rx|d|3|C00000
0.210538|55d|Rx|d|8|F8FC00C090800000
0.210538|211|Rx|d|8|8200FFFFA90000C3
0.210538|214|Rx|d|2|FBFE
0.210538|3b7|Rx|d|6|00007FC000C0
0.210538|1b0|Rx|d|4|FF00FFC0
0.210538|55d|Rx|d|8|00FC50C090800000
0.210538|5de|Rx|d|8|0000000000000000
0.210538|211|Rx|d|8|8200FFFFA90000C7
0.210538|214|Rx|d|2|FBFE
0.210538|5df|Rx|d|3|001400
0.243161|350|Rx|d|8|C22F3AF01410A405
0.243161|392|Rx|d|5|FF00FFF000
0.243161|1b0|Rx|d|4|FF00FFC0
0.243161|668|Rx|d|2|0000
0.243161|657|Rx|d|2|C0CC
0.243161|211|Rx|d|8|8200FFFFA90000CA
0.243161|699|Rx|d|8|000003003F000000
0.243161|69f|Rx|d|4|0650859F
0.243161|214|Rx|d|2|FBFE
0.243161|218|Rx|d|1|98
0.243161|4fa|Rx|d|2|0800
0.243161|671|Rx|d|2|0200
0.243161|4ac|Rx|d|5|83732A0080
0.243161|45c|Rx|d|6|00000000FFE0
0.243161|12e|Rx|d|8|FFFFFFFFF0FFFF00
0.243161|90|Rx|d|5|FF0000FF00
0.243161|c6|Rx|d|8|FFFFFFFFFFFF40C5
0.243161|29a|Rx|d|8|FFFFFFFFFFFF0005
0.243161|2b7|Rx|d|5|00E0FFFE00
0.243161|1b0|Rx|d|4|FF00FFC0
0.243161|211|Rx|d|8|8200FFFFA90000CC
0.243161|214|Rx|d|2|FBFE
0.286221|12e|Rx|d|8|FFFFFFFFF0FFFF00
0.286221|90|Rx|d|5|FF0001B300
0.286221|c6|Rx|d|8|FFFFFFFFFFFF42C3
0.286221|242|Rx|d|8|0000FFEFFE000D00
0.286221|29c|Rx|d|8|FFFFFFFFFFFFFFFF
0.286221|352|Rx|d|4|5C0000FF
0.286221|699|Rx|d|8|000002003F000000
0.286221|12e|Rx|d|8|FFFFFFFFF0FFFF00
0.286221|90|Rx|d|5|FF00026700
0.286221|c6|Rx|d|8|FFFFFFFFFFFF44C1
0.286221|29a|Rx|d|8|FFFFFFFFFFFF0104
0.286221|2b7|Rx|d|5|00E0FFFE00
0.286221|5d7|Rx|d|7|FFFF08125200C0
0.286221|1b0|Rx|d|4|FF00FFC0
0.286221|211|Rx|d|8|8200FFFFA90000CD
0.286221|214|Rx|d|2|FBFE
0.286221|392|Rx|d|5|FF00FFF000
0.286221|12e|Rx|d|8|FFFFFFFFF0FFFF00
0.286221|90|Rx|d|5|FF00032B00
0.286221|c6|Rx|d|8|FFFFFFFFFFFF46BF
0.286221|242|Rx|d|8|0000FFEFFE000D00
0.286221|29c|Rx|d|8|FFFFFFFFFFFFFFFF
0.286221|354|Rx|d|8|FFFF000000000000
0.286221|12e|Rx|d|8|FFFFFFFFF0FFFF00
0.286221|90|Rx|d|5|FF0004D200
0.286221|c6|Rx|d|8|FFFFFFFFFFFF48BD
0.286221|29a|Rx|d|8|FFFFFFFFFFFF0203
0.286221|2b7|Rx|d|5|00E0FFFE00
0.286221|666|Rx|d|4|34800008
0.286221|4f8|Rx|d|8|54C0000000000000
0.286221|350|Rx|d|8|C22F3AF01410A405
0.286221|1b0|Rx|d|4|FF00FFC0
0.286221|4de|Rx|d|3|C00000
0.286221|55d|Rx|d|8|00FC50C090800000
0.286221|211|Rx|d|8|8200FFFFA90000CD
0.286221|214|Rx|d|2|FBFE
0.286221|12e|Rx|d|8|FFFFFFFFF0FFFF00
0.286221|90|Rx|d|5|FF00059E00
0.286221|c6|Rx|d|8|FFFFFFFFFFFF4ABB
0.286221|242|Rx|d|8|0000FFEFFE000D00
0.327552|29c|Rx|d|8|FFFFFFFFFFFF0000
0.327552|352|Rx|d|4|5C0000FF
0.327552|12e|Rx|d|8|FFFFFFFFF0FFFF00
0.327552|90|Rx|d|5|FF00064A00
0.327552|c6|Rx|d|8|FFFFFFFFFFFF4CB9
0.327552|29a|Rx|d|8|00000000000003FC
0.327552|2b7|Rx|d|5|00E0FFFE00
0.327552|3b7|Rx|d|6|00007FC000C0
0.327552|1b0|Rx|d|4|FF00FFC0
0.327552|5de|Rx|d|8|0000000000000000
0.327552|211|Rx|d|8|8200FFFFA90000CE
0.327552|214|Rx|d|2|FBFE
0.327552|12e|Rx|d|8|FFFFFFFFF0FFFF00
0.327552|90|Rx|d|5|FF00070600
0.327552|c6|Rx|d|8|FFFFFFFFFFFF4EB7
0.327552|242|Rx|d|8|0000FFEFFE000D00
0.327552|29c|Rx|d|8|00000000FFFF0000
0.327552|354|Rx|d|8|0000000000000000
0.327552|5df|Rx|d|3|001400
0.327552|392|Rx|d|5|FF00FFF000
0.327552|668|Rx|d|2|0000
0.327552|12e|Rx|d|8|FFFFFFFFF0FFFF00
0.327552|90|Rx|d|5|FF0008A500
0.327552|c6|Rx|d|8|FFFFFFFFFFFF50B5
0.327552|29a|Rx|d|8|00000000000004FB
0.327552|2b7|Rx|d|5|00E0FFFE00
0.327552|1b0|Rx|d|4|FF00FFC0
0.327552|657|Rx|d|2|C0CC
0.327552|211|Rx|d|8|8200FFFFA90000CE
0.327552|214|Rx|d|2|FBFE
0.327552|218|Rx|d|1|98
0.327552|4fa|Rx|d|2|0800
0.327552|671|Rx|d|2|0200
0.327552|12e|Rx|d|8|FFFFFFFFF0FFFF00
0.327552|90|Rx|d|5|FF0009E900
0.327552|c6|Rx|d|8|803D7FF87FE3B2B7
0.327552|242|Rx|d|8|0000FFEFFE000D00
0.327552|29c|Rx|d|8|00000000FFFF0000
0.327552|352|Rx|d|4|5C0000FF
0.372820|4ac|Rx|d|5|83732A0080
0.372820|45c|Rx|d|6|00000000FFE0
0.372820|12e|Rx|d|8|FFFFFFFFF0FFFF00
0.372820|90|Rx|d|5|FF000A3D00
0.372820|c6|Rx|d|8|803D80007FE3B4AC
0.372820|29a|Rx|d|8|00000000000005FA
0.372820|2b7|Rx|d|5|00E0FFFE00
0.372820|1b0|Rx|d|4|FF00FFC0
0.372820|211|Rx|d|8|8200FFFFA90000CE
0.372820|214|Rx|d|2|FBFE
0.372820|12e|Rx|d|8|FFFFFFFFF0FFFF00
0.372820|90|Rx|d|5|FF000B7100
0.372820|c6|Rx|d|8|803D80007FE3B6AA
0.372820|242|Rx|d|8|0000FFEFFE000D00
0.372820|29c|Rx|d|8|00000000FFFF0000
0.372820|354|Rx|d|8|0000000000000000
0.372820|12e|Rx|d|8|FFFFFFFFF0FFFF00
0.372820|90|Rx|d|5|FF000C8800
0.372820|c6|Rx|d|8|803D80007FE3B8A8
0.372820|29a|Rx|d|8|00000000000006F9
0.372820|2b7|Rx|d|5|00E0FFFE00
0.372820|5d7|Rx|d|7|000008125200C0
0.372820|1b0|Rx|d|4|FF00FFC0
0.372820|211|Rx|d|8|8200FFFFA90000CE
0.372820|214|Rx|d|2|FBFE
0.372820|392|Rx|d|5|FF00FFF000
0.372820|12e|Rx|d|8|FFFFFFFFF0FFFF00
0.372820|90|Rx|d|5|FF000DC400
0.372820|c6|Rx|d|8|803D80007FE3BAA6
0.372820|242|Rx|d|8|0000FFEFFE000D00
0.372820|29c|Rx|d|8|00000000FFFF0000
0.372820|352|Rx|d|4|5C0000FF
0.378145|12e|Rx|d|8|FFFFFFFFF0FFFF00
0.378145|90|Rx|d|5|FF000E1000
0.378145|c6|Rx|d|8|803D80007FE3BCA4
0.378145|29a|Rx|d|8|00000000000007F8
0.378145|2b7|Rx|d|5|00E0FFFE00
0.378145|666|Rx|d|4|34800008
0.382142|4f8|Rx|d|8|54C0000000000000
0.382142|350|Rx|d|8|C22F3AF01410A405
0.382142|1b0|Rx|d|4|FF00FFC0
0.382142|4de|Rx|d|3|C00000
0.382142|55d|Rx|d|8|00FC50C090800000
0.382142|211|Rx|d|8|8200FFFFA90000CE
0.384139|214|Rx|d|2|FBFE
0.388141|12e|Rx|d|8|FFFFFFFFF0FFFF00
0.388141|90|Rx|d|5|FF000F5C00
0.388141|c6|Rx|d|8|803D80007FE3BEA2
0.388141|242|Rx|d|8|0000FFEFFE000D00
0.390138|29c|Rx|d|8|00000000FFFF0000
0.390138|354|Rx|d|8|0000000000000000
0.398138|12e|Rx|d|8|FFFFFFFFF0FFFF00
0.398138|90|Rx|d|5|FF0000FF00
0.398138|c6|Rx|d|8|803D80007FE3A0C0
0.398138|29a|Rx|d|8|00000000000008F7
0.398138|2b7|Rx|d|5|00E0FFFE00
0.402128|3b7|Rx|d|6|00007FC000C0
0.402128|1b0|Rx|d|4|FF00FFC0
0.402128|5de|Rx|d|8|0000000000000000
0.402128|211|Rx|d|8|8200FFFFA90000CE
0.402128|214|Rx|d|2|FBFE
0.408126|12e|Rx|d|8|FFFFFFFFF0FFFF00
0.408126|90|Rx|d|5|FF0001B300
0.408126|c6|Rx|d|8|803D80007FE3A2BE
0.408126|242|Rx|d|8|0000FFEFFE000D00
0.408126|29c|Rx|d|8|00000000FFFF0000
0.408126|352|Rx|d|4|5C0000FF
0.412123|5df|Rx|d|3|001500
0.418118|392|Rx|d|5|FF00FFF000
0.418118|668|Rx|d|2|0000
0.418118|12e|Rx|d|8|FFFFFFFFF0FFFF00
0.418118|90|Rx|d|5|FF00026700
0.418118|c6|Rx|d|8|803D80007FE3A4BC
0.418118|29a|Rx|d|8|00000000000009F6
0.418118|2b7|Rx|d|5|00E0FFFE00
0.422116|1b0|Rx|d|4|FF00FFC0
0.422116|657|Rx|d|2|C0CC
0.424114|211|Rx|d|8|8200FFFFA90000CE
0.424114|214|Rx|d|2|0000
0.424114|218|Rx|d|1|98
0.424114|4fa|Rx|d|2|0800
0.424114|671|Rx|d|2|0200
0.455989|12e|Rx|d|8|FFFFFFFFF0FFFF00
0.455989|90|Rx|d|5|FF00032B00
0.455989|c6|Rx|d|8|803D80007FE3A6BA
0.455989|242|Rx|d|8|0000FFEFFE000D00
0.455989|29c|Rx|d|8|00000000FFFF0000
0.455989|354|Rx|d|8|0000000000000000
0.455989|4ac|Rx|d|5|83732A0080
0.455989|45c|Rx|d|6|00000000FFE0
0.455989|12e|Rx|d|8|FFFFFFFFF0FFFF00
0.455989|90|Rx|d|5|FF0004D200
0.455989|c6|Rx|d|8|803D80007FE3A8B8
0.455989|29a|Rx|d|8|0000000000000AF5
0.455989|2b7|Rx|d|5|00E0FFFE00
0.455989|1b0|Rx|d|4|FF00FFC0
0.455989|211|Rx|d|8|8200FFFFA90000CE
0.455989|214|Rx|d|2|0000
0.455989|12e|Rx|d|8|FFFFFFFFF0FFFF00
0.455989|90|Rx|d|5|FF00059E00
0.455989|c6|Rx|d|8|803D80007FE3AAB6
0.455989|242|Rx|d|8|0000FFEFFE000D00
0.455989|29c|Rx|d|8|00000000FFFF0000
0.455989|352|Rx|d|4|5C0000FF
0.455989|12e|Rx|d|8|FFFFFFFFF0FFFF00
0.455989|90|Rx|d|5|FF00064A00
0.455989|c6|Rx|d|8|803D80007FE3ACB4
0.455989|29a|Rx|d|8|0000000000000BF4
0.455989|2b7|Rx|d|5|00E0FFFE00
0.471613|5d7|Rx|d|7|000008125200C0
0.474394|1b0|Rx|d|4|FF00FFC0
0.474394|211|Rx|d|8|8200FFFFA90000CE
0.474394|214|Rx|d|2|0000
0.474394|392|Rx|d|5|FF00FFF000
0.474394|12e|Rx|d|8|CA80007FF0FFFF00
0.474394|90|Rx|d|5|FF00070600
0.474394|c6|Rx|d|8|803D80007FE3AEB2
0.474394|242|Rx|d|8|0000FFEFFE000D00
0.474394|29c|Rx|d|8|00000000FFFF0000
0.474394|354|Rx|d|8|0000000000000000
0.474394|350|Rx|d|8|C32F3AF01410A485
0.478611|12e|Rx|d|8|CA80007FF0FFFF00
0.478611|90|Rx|d|5|FF0008A500
0.478611|c6|Rx|d|8|803D80007FE3B0B0
0.478611|29a|Rx|d|8|0000000000000CF3
0.478611|2b7|Rx|d|5|00E0FFFE00
0.478611|666|Rx|d|4|34800008
0.480608|4f8|Rx|d|8|54C0000000000000
0.480608|350|Rx|d|8|C32F3AF01410A485
0.480608|1b0|Rx|d|4|FF00FFC0
0.480608|4de|Rx|d|3|C00000
0.480608|55d|Rx|d|8|00FC50C090800000
0.480608|211|Rx|d|8|8200FFFFA90000CE
0.480608|214|Rx|d|2|0000
0.488603|12e|Rx|d|8|CA7FFF7FF0FFFF00
0.488603|90|Rx|d|5|FF0009E900
0.488603|c6|Rx|d|8|803D80007FE3B2AE
0.488603|242|Rx|d|8|0000FFEFFE000D00
0.488603|29c|Rx|d|8|00000000FFFF0000
0.488603|352|Rx|d|4|5C0000FF
0.498600|12e|Rx|d|8|CA7FFF7FF0FFFF00
0.498600|90|Rx|d|5|FF000A3D00
0.498600|c6|Rx|d|8|803D80007FE3B4AC
0.498600|29a|Rx|d|8|0000000000000DF2
0.498600|2b7|Rx|d|5|00E0FFFE00
0.498600|3b7|Rx|d|6|00007FC000C0
0.504593|1b0|Rx|d|4|FF00FFC0
0.504593|5de|Rx|d|8|0000000000000002
0.504593|211|Rx|d|8|8200FFFFA90000CE
0.504593|214|Rx|d|2|0000
0.508591|12e|Rx|d|8|CA80007FF0FFFF00
0.508591|90|Rx|d|5|FF000B7100
0.508591|c6|Rx|d|8|803D80007FE3B6AA
0.508591|242|Rx|d|8|0000FFEFFE000D00
0.508591|29c|Rx|d|8|00000000FFFF0000
0.508591|354|Rx|d|8|0000000000000000
0.510590|646|Rx|d|8|000000020000000C
0.512587|5df|Rx|d|3|009500
0.516587|392|Rx|d|5|FF00FFF000
0.518584|668|Rx|d|2|0000
0.518584|12e|Rx|d|8|CA80007FF0FFFF00
0.518584|90|Rx|d|5|FF000C8800
0.518584|c6|Rx|d|8|803D80007FE3B8A8
0.518584|29a|Rx|d|8|0000000000000EF1
0.518584|2b7|Rx|d|5|00E0FFFE00
0.522582|1b0|Rx|d|4|FF00FFC0
0.522582|657|Rx|d|2|C0CC
0.522582|211|Rx|d|8|8200FFFFA90000CE
0.522582|214|Rx|d|2|0000
0.524581|218|Rx|d|1|98
0.524581|4fa|Rx|d|2|0800
0.524581|671|Rx|d|2|0200
0.542272|12e|Rx|d|8|CA80017FF0FFFF00
0.542272|90|Rx|d|5|FF000DC400
0.542272|c6|Rx|d|8|803D80007FE3BAA6
0.542272|242|Rx|d|8|0000FFEFFE000D00
0.542272|29c|Rx|d|8|00000000FFFF0000
0.542272|352|Rx|d|4|5C0000FF
0.557898|4ac|Rx|d|5|83732A0080
0.557898|45c|Rx|d|6|00000000FFE0
0.557898|12e|Rx|d|8|CA80017FF0FFFF00
0.557898|90|Rx|d|5|FF000E1000
0.557898|c6|Rx|d|8|803D80007FE3BCA4
0.557898|29a|Rx|d|8|0000000000000FF0
0.557898|2b7|Rx|d|5|00E0FFFE00
0.557898|1b0|Rx|d|4|FF00FFC0
0.557898|211|Rx|d|8|8200FFFFA90000CE
0.557898|214|Rx|d|2|0000
0.573520|12e|Rx|d|8|CB80017FF0FFFF00
0.573520|90|Rx|d|5|FF000F5C00
0.573520|c6|Rx|d|8|803D80007FE3BEA2
0.573520|242|Rx|d|8|0000FFEFFE000D00
0.573520|29c|Rx|d|8|00000000FFFF0000
0.573520|354|Rx|d|8|0000000000000000
0.573520|12e|Rx|d|8|CB80017FF0FFFF00
0.573520|90|Rx|d|5|FF0000FF00
0.573520|c6|Rx|d|8|803D80007FE3A0C0
0.573520|29a|Rx|d|8|00000000000000FF
0.573520|2b7|Rx|d|5|00E0FFFE00
0.573520|5d7|Rx|d|7|000008125200C0
0.573520|1b0|Rx|d|4|FF00FFC0
0.573520|211|Rx|d|8|8200FFFFA90000CE
0.573520|214|Rx|d|2|0000
0.573520|392|Rx|d|5|FF00FFF000
0.573520|12e|Rx|d|8|CB80027FF0FFFF00
0.573520|90|Rx|d|5|FF0001B300
0.573520|c6|Rx|d|8|803D80007FE3A2BE
0.573520|242|Rx|d|8|0000FFEFFE000D00
0.573520|29c|Rx|d|8|00000000FFFF0000
0.573520|352|Rx|d|4|5C0000FF
0.606900|12e|Rx|d|8|CB80027FF0FFFF00
0.606900|90|Rx|d|5|FF00026700
0.606900|c6|Rx|d|8|803D80007FE3A4BC
0.606900|29a|Rx|d|8|00000000000001FE
0.606900|2b7|Rx|d|5|00E0FFFE00
0.606900|666|Rx|d|4|34800008
0.606900|4f8|Rx|d|8|54C0000000000000
0.606900|350|Rx|d|8|C32F3AF01410A485
0.606900|1b0|Rx|d|4|FF00FFC0
0.606900|4de|Rx|d|3|C00000
0.606900|55d|Rx|d|8|00FC50C090800000
0.606900|211|Rx|d|8|8200FFFFA90000CE
0.606900|214|Rx|d|2|0000
0.606900|12e|Rx|d|8|CA80017FF0FFFF00
0.606900|90|Rx|d|5|FF00032B00
0.606900|c6|Rx|d|8|803D80007FE3A6BA
0.606900|242|Rx|d|8|0000FFEFFE000D00
0.606900|29c|Rx|d|8|00000000FFFF0000
0.606900|354|Rx|d|8|0000000000000000
0.606900|12e|Rx|d|8|CA80017FF0FFFF00
0.606900|90|Rx|d|5|FF0004D200
0.606900|c6|Rx|d|8|803D80007FE3A8B8
0.606900|29a|Rx|d|8|00000000000002FD
0.606900|2b7|Rx|d|5|00E0FFFE00
0.606900|3b7|Rx|d|6|00007FC000C0
0.606900|1b0|Rx|d|4|FF00FFC0
0.606900|5de|Rx|d|8|0000000000000002
0.606900|211|Rx|d|8|8200FFFFA90000CE
0.606900|214|Rx|d|2|0000
0.606900|12e|Rx|d|8|CA80017FF0FFFF00
0.606900|90|Rx|d|5|FF00059E00
0.606900|c6|Rx|d|8|803D80007FE3AAB6
0.606900|242|Rx|d|8|0000FFEFFE000D00
0.606900|29c|Rx|d|8|00000000FFFF0000
0.606900|352|Rx|d|4|5C0000FF
0.643653|5df|Rx|d|3|009500
0.643653|392|Rx|d|5|FF00FFF000
0.643653|668|Rx|d|2|0000
0.643653|12e|Rx|d|8|CA80017FF0FFFF00
0.643653|90|Rx|d|5|FF00064A00
0.643653|c6|Rx|d|8|803D80007FE3ACB4
0.643653|29a|Rx|d|8|00000000000003FC
0.643653|2b7|Rx|d|5|00E0FFFE00
0.643653|1b0|Rx|d|4|FF00FFC0
0.643653|657|Rx|d|2|C0CC
0.643653|211|Rx|d|8|8200FFFFA90000CE
0.643653|214|Rx|d|2|0000
0.643653|218|Rx|d|1|98
0.643653|4fa|Rx|d|2|0800
0.643653|671|Rx|d|2|0200
0.643653|12e|Rx|d|8|CB80027FF0FFFF00
0.643653|90|Rx|d|5|FF00070600
0.643653|c6|Rx|d|8|803D80007FE3AEB2
0.643653|242|Rx|d|8|0000FFEFFE000D00
0.643653|29c|Rx|d|8|00000000FFFF0000
0.643653|354|Rx|d|8|0000000000000000
0.643653|4ac|Rx|d|5|83732A0080
0.643653|45c|Rx|d|6|00000000FFE0
0.643653|12e|Rx|d|8|CB80027FF0FFFF00
0.643653|90|Rx|d|5|FF0008A500
0.643653|c6|Rx|d|8|803D80007FE3B0B0
0.643653|29a|Rx|d|8|00000000000004FB
0.643653|2b7|Rx|d|5|00E0FFFE00
0.643653|1b0|Rx|d|4|FF00FFC0
0.643653|211|Rx|d|8|8200FFFFA90000CE
0.643653|214|Rx|d|2|0000
0.676904|12e|Rx|d|8|CB80007FF0FFFF00
0.676904|90|Rx|d|5|FF0009E900
0.676904|c6|Rx|d|8|803D80007FE3B2AE
0.676904|242|Rx|d|8|0000FFEFFE000D00
0.676904|29c|Rx|d|8|00000000FFFF0000
0.676904|352|Rx|d|4|5C0000FF
0.676904|12e|Rx|d|8|CB80007FF0FFFF00
0.676904|90|Rx|d|5|FF000A3D00
0.676904|c6|Rx|d|8|803D80007FE3B4AC
0.676904|29a|Rx|d|8|00000000000005FA
0.676904|2b7|Rx|d|5|00E0FFFE00
0.676904|5d7|Rx|d|7|000008125200C0
0.676904|1b0|Rx|d|4|FF00FFC0
0.676904|211|Rx|d|8|8200FFFFA90000CE
0.676904|214|Rx|d|2|0000
0.676904|392|Rx|d|5|FF00FFF000
0.676904|12e|Rx|d|8|CA80007FF0FFFF00
0.676904|90|Rx|d|5|FF000B7100
0.676904|c6|Rx|d|8|803D80007FE3B6AA
0.676904|242|Rx|d|8|0000FFEFFE000D00
0.676904|29c|Rx|d|8|00000000FFFF0000
0.676904|354|Rx|d|8|0000000000000000
0.676904|699|Rx|d|8|00000200BF000000
0.679089|12e|Rx|d|8|CA80007FF0FFFF00
0.679089|90|Rx|d|5|FF000C8800
0.679089|c6|Rx|d|8|803D80007FE3B8A8
0.679089|29a|Rx|d|8|00000000000006F9
0.679089|2b7|Rx|d|5|00E0FFFE00
0.679089|666|Rx|d|4|34800008
0.681086|4f8|Rx|d|8|54C0000000000000
0.683086|350|Rx|d|8|C32F3AF01410A485
0.683086|1b0|Rx|d|4|FF00FFC0
0.683086|4de|Rx|d|3|C00000
0.683086|55d|Rx|d|8|00FC50C090800000
0.683086|211|Rx|d|8|8200FFFFA90000CE
0.683086|214|Rx|d|2|0000
0.689080|12e|Rx|d|8|CB80007FF0FFFF00
0.689080|90|Rx|d|5|FF000DC400
0.689080|c6|Rx|d|8|803D80007FE3BAA6
0.689080|242|Rx|d|8|0000FFEFFE000D00
0.689080|29c|Rx|d|8|00000000FFFF0000
0.689080|352|Rx|d|4|5C0000FF
0.699075|12e|Rx|d|8|CB80007FF0FFFF00
0.699075|90|Rx|d|5|FF000E1000
0.699075|c6|Rx|d|8|803D80007FE3BCA4
0.699075|29a|Rx|d|8|00000000000007F8
0.699075|2b7|Rx|d|5|00E0FFFE00
0.701073|3b7|Rx|d|6|00007FC000C0
0.701073|1b0|Rx|d|4|FF00FFC0
0.701073|5de|Rx|d|8|0000000000000002
0.701073|211|Rx|d|8|8200FFFFA90000CE
0.701073|214|Rx|d|2|0000
0.709068|12e|Rx|d|8|CA80007FF0FFFF00
0.709068|90|Rx|d|5|FF000F5C00
0.709068|c6|Rx|d|8|803D80007FE3BEA2
0.709068|242|Rx|d|8|0000FFEFFE000D00
0.709068|29c|Rx|d|8|00000000FFFF0000
0.709068|354|Rx|d|8|0000000000000000
0.713065|5df|Rx|d|3|009500
0.719062|392|Rx|d|5|00000F0000
0.719062|668|Rx|d|2|8000
0.719062|12e|Rx|d|8|CA80007FF0FFFF00
0.719062|90|Rx|d|5|FF0000FF00
0.719062|c6|Rx|d|8|803D80007FE3A0C0
0.719062|29a|Rx|d|8|00000000000008F7
0.719062|2b7|Rx|d|5|00E0FFFE00
0.723065|1b0|Rx|d|4|FF00FFC0
0.723065|657|Rx|d|2|C0CC
0.723065|211|Rx|d|8|8200FFFFA90000CE
0.723065|214|Rx|d|2|0000
0.723065|218|Rx|d|1|98
0.723065|4fa|Rx|d|2|0800
0.725058|671|Rx|d|2|0200
0.743513|12e|Rx|d|8|CA80007FF0FFFF00
0.743513|90|Rx|d|5|FF0001B300
0.743513|c6|Rx|d|8|803D80007FE3A2BE
0.743513|242|Rx|d|8|0000FFEFFE000D00
0.743513|29c|Rx|d|8|00000000FFFF0000
0.743513|352|Rx|d|4|5C0000FF
0.759136|4ac|Rx|d|5|83722A0080
0.759136|45c|Rx|d|6|00000000FFE0
0.759136|12e|Rx|d|8|CA80007FF0FFFF00
0.759136|90|Rx|d|5|FF00026700
0.759136|c6|Rx|d|8|803D80007FE3A4BC
0.759136|29a|Rx|d|8|00000000000009F6
0.759136|2b7|Rx|d|5|00E0FFFE00
0.759136|1b0|Rx|d|4|FF00FFC0
0.759136|211|Rx|d|8|8200FFFFA90000CE
0.759136|214|Rx|d|2|0000
0.759136|12e|Rx|d|8|CB80007FF0FFFF00
0.759136|90|Rx|d|5|FF00032B00
0.759136|c6|Rx|d|8|803D80007FE3A6BA
0.759136|242|Rx|d|8|0000FFEFFE000D00
0.759136|29c|Rx|d|8|00000000FFFF0000
0.759136|354|Rx|d|8|0000000000000000
0.759136|12e|Rx|d|8|CB80007FF0FFFF00
0.759136|90|Rx|d|5|FF0004D200
0.759136|c6|Rx|d|8|803D80007FE3A8B8
0.759136|29a|Rx|d|8|0000000000000AF5
0.759136|2b7|Rx|d|5|00E0FFFE00
0.759136|5d7|Rx|d|7|000008125200C0
0.791981|1b0|Rx|d|4|FF00FFC0
0.791981|211|Rx|d|8|8200FFFFA90000CE
0.791981|214|Rx|d|2|0000
0.791981|392|Rx|d|5|0000000000
0.791981|12e|Rx|d|8|CA80007FF0FFFF00
0.791981|90|Rx|d|5|FF00059E00
0.791981|c6|Rx|d|8|803D80007FE3AAB6
0.791981|242|Rx|d|8|0000FFEFFE000D00
0.791981|29c|Rx|d|8|00000000FFFF0000
0.791981|352|Rx|d|4|5C0000FF
0.791981|12e|Rx|d|8|CA80007FF0FFFF00
0.791981|90|Rx|d|5|FF00064A00
0.791981|c6|Rx|d|8|803D80007FE3ACB4
0.791981|29a|Rx|d|8|0000000000000BF4
0.791981|2b7|Rx|d|5|00E0FFFE00
0.791981|666|Rx|d|4|34800008
0.791981|4f8|Rx|d|8|54C0000000000000
0.791981|350|Rx|d|8|C32F3AF01410A485
0.791981|1b0|Rx|d|4|FF00FFC0
0.791981|4de|Rx|d|3|C00000
0.791981|55d|Rx|d|8|00FC50C090800000
0.791981|211|Rx|d|8|8200FFFFA90000CE
0.791981|214|Rx|d|2|0000
0.791981|12e|Rx|d|8|CB80007FF0FFFF00
0.791981|90|Rx|d|5|FF00070600
0.791981|c6|Rx|d|8|803D80007FE3AEB2
0.791981|242|Rx|d|8|0000FFEFFE000D00
0.791981|29c|Rx|d|8|00000000FFFF0000
0.791981|354|Rx|d|8|0000000000000000
0.828430|12e|Rx|d|8|CB80007FF0FFFF00
0.828430|90|Rx|d|5|FF0008A500
0.828430|c6|Rx|d|8|803D80007FE3B0B0
0.828430|29a|Rx|d|8|0000000000000CF3
0.828430|2b7|Rx|d|5|00E0FFFE00
0.828430|3b7|Rx|d|6|00007FC000C0
0.828430|1b0|Rx|d|4|FF00FFC0
0.828430|5de|Rx|d|8|0000000000000002
0.828430|211|Rx|d|8|8200FFFFA90000CE
0.828430|214|Rx|d|2|0000
0.828430|12e|Rx|d|8|CB80007FF0FFFF00
0.828430|90|Rx|d|5|FF0009E900
0.828430|c6|Rx|d|8|803D80007FE3B2AE
0.828430|242|Rx|d|8|0000FFEFFE000D00
0.828430|29c|Rx|d|8|00000000FFFF0000
0.828430|352|Rx|d|4|5C0000FF
0.828430|5df|Rx|d|3|009500
0.828430|392|Rx|d|5|0000000000
0.828430|668|Rx|d|2|8000
0.828430|12e|Rx|d|8|CB80007FF0FFFF00
0.828430|90|Rx|d|5|FF000A3D00
0.828430|c6|Rx|d|8|803D80007FE3B4AC
0.828430|29a|Rx|d|8|0000000000000DF2
0.828430|2b7|Rx|d|5|00E0FFFE00
0.828430|1b0|Rx|d|4|FF00FFC0
0.828430|657|Rx|d|2|C0CC
0.828430|211|Rx|d|8|8200FFFFA90000CE
0.828430|214|Rx|d|2|0000
0.828430|218|Rx|d|1|98
0.828430|4fa|Rx|d|2|0800
0.828430|671|Rx|d|2|0200
0.830626|12e|Rx|d|8|CB80007FF0FFFF00
0.830626|90|Rx|d|5|FF000B7100
0.830626|c6|Rx|d|8|803D80007FE3B6AA
0.830626|242|Rx|d|8|0000FFEFFE000D00
0.830626|29c|Rx|d|8|00000000FFFF0000
0.830626|354|Rx|d|8|0000000000000000
0.832624|4ac|Rx|d|5|83722A0080
0.832624|45c|Rx|d|6|00000000FFE0
0.838620|12e|Rx|d|8|CB80007FF0FFFF00
0.838620|90|Rx|d|5|FF000C8800
0.838620|c6|Rx|d|8|803D80007FE3B8A8
0.838620|29a|Rx|d|8|0000000000000EF1
0.838620|2b7|Rx|d|5|00E0FFFE00
0.842618|1b0|Rx|d|4|FF00FFC0
0.842618|211|Rx|d|8|8200FFFFA90000CE
0.842618|214|Rx|d|2|0000
0.848621|12e|Rx|d|8|CB80007FF0FFFF00
0.848621|90|Rx|d|5|FF000DC400
0.848621|c6|Rx|d|8|803D80007FE3BAA6
0.848621|242|Rx|d|8|0000FFEFFE000D00
0.848621|29c|Rx|d|8|00000000FFFF0000
0.848621|352|Rx|d|4|5C0000FF
0.858607|12e|Rx|d|8|CB80007FF0FFFF00
0.858607|90|Rx|d|5|FF000E1000
0.858607|c6|Rx|d|8|803D80007FE3BCA4
0.858607|29a|Rx|d|8|0000000000000FF0
0.858607|2b7|Rx|d|5|00E0FFFE00
0.858607|5d7|Rx|d|7|000008125200C0
0.862607|1b0|Rx|d|4|FF00FFC0
0.862607|211|Rx|d|8|8200FFFFA90000CE
0.862607|214|Rx|d|2|0000
0.868603|392|Rx|d|5|0000000000
0.868603|12e|Rx|d|8|CA80007FF0FFFF00
0.868603|90|Rx|d|5|FF000F5C00
0.868603|c6|Rx|d|8|803D80007FE3BEA2
0.868603|242|Rx|d|8|0000FFEFFE000D00
0.868603|29c|Rx|d|8|00000000FFFF0000
0.868603|354|Rx|d|8|0000000000000000
0.878597|12e|Rx|d|8|CA80007FF0FFFF00
0.878597|90|Rx|d|5|FF0000FF00
0.878597|c6|Rx|d|8|803D80007FE3A0C0
0.878597|29a|Rx|d|8|00000000000000FF
0.878597|2b7|Rx|d|5|00E0FFFE00
0.878597|666|Rx|d|4|34800008
0.878597|4f8|Rx|d|8|54C0000000000000
0.913091|350|Rx|d|8|C32F3AF01410A485
0.913091|1b0|Rx|d|4|FF00FFC0
0.913091|4de|Rx|d|3|C00000
0.913091|55d|Rx|d|8|00FC50C090800000
0.913091|211|Rx|d|8|8200FFFFA90000CE
0.913091|214|Rx|d|2|0000
0.913091|12e|Rx|d|8|CA80017FF0FFFF00
0.913091|90|Rx|d|5|FF0001B300
0.913091|c6|Rx|d|8|803D80007FE3A2BE
0.913091|242|Rx|d|8|0000FFEFFE000D00
0.913091|29c|Rx|d|8|00000000FFFF0000
0.913091|352|Rx|d|4|5C0000FF
0.913091|12e|Rx|d|8|CA80017FF0FFFF00
0.913091|90|Rx|d|5|FF00026700
0.913091|c6|Rx|d|8|803D80007FE3A4BC
0.913091|29a|Rx|d|8|00000000000001FE
0.913091|2b7|Rx|d|5|00E0FFFE00
0.928712|3b7|Rx|d|6|00007FC000C0
0.928712|1b0|Rx|d|4|FF00FFC0
0.928712|5de|Rx|d|8|0000000000000002
0.928712|211|Rx|d|8|8200FFFFA90000CE
0.928712|214|Rx|d|2|0000
0.928712|12e|Rx|d|8|CA80027FF0FFFF00
0.928712|90|Rx|d|5|FF00032B00
0.928712|c6|Rx|d|8|803D80007FE3A6BA
0.928712|242|Rx|d|8|0000FFEFFE000D00
0.928712|29c|Rx|d|8|00000000FFFF0000
0.928712|354|Rx|d|8|0000000000000000
0.928712|5df|Rx|d|3|009500
0.928712|392|Rx|d|5|0000000000
0.928712|668|Rx|d|2|8000
0.928712|90|Rx|d|5|FF0004D200
0.928712|c6|Rx|d|8|803D80007FE3A8B8
0.928712|12e|Rx|d|8|CA80027FF0FFFF00
0.928712|29a|Rx|d|8|00000000000002FD
0.928712|2b7|Rx|d|5|00E0FFFE00
0.928712|1b0|Rx|d|4|FF00FFC0
0.928712|657|Rx|d|2|C0CC
0.928712|211|Rx|d|8|8200FFFFA90000CE
0.928712|214|Rx|d|2|0000
0.928712|218|Rx|d|1|98
0.928712|4fa|Rx|d|2|0800
0.928712|671|Rx|d|2|0200
0.928712|12e|Rx|d|8|CB80017FF0FFFF00
0.928712|90|Rx|d|5|FF00059E00
0.928712|c6|Rx|d|8|803D80007FE3AAB6
0.928712|242|Rx|d|8|0000FFEFFE000D00
0.928712|29c|Rx|d|8|00000000FFFF0000
0.928712|352|Rx|d|4|5C0000FF
0.961992|4ac|Rx|d|5|83722A0080
0.961992|45c|Rx|d|6|00000000FFE0
0.961992|12e|Rx|d|8|CB80017FF0FFFF00
0.961992|90|Rx|d|5|FF00064A00
0.961992|c6|Rx|d|8|803D80007FE3ACB4
0.961992|29a|Rx|d|8|00000000000003FC
0.961992|2b7|Rx|d|5|00E0FFFE00
0.961992|1b0|Rx|d|4|FF00FFC0
0.961992|211|Rx|d|8|8200FFFFA90000CE
0.961992|214|Rx|d|2|0000
0.961992|12e|Rx|d|8|CA80007FF0FFFF00
0.961992|90|Rx|d|5|FF00070600
0.961992|c6|Rx|d|8|803D80007FE3AEB2
0.961992|242|Rx|d|8|0000FFEFFE000D00
0.961992|29c|Rx|d|8|00000000FFFF0000
0.961992|354|Rx|d|8|0000000000000000
0.977619|12e|Rx|d|8|CA80007FF0FFFF00
0.977619|90|Rx|d|5|FF0008A500
0.977619|c6|Rx|d|8|803D80007FE3B0B0
0.977619|29a|Rx|d|8|00000000000004FB
0.977619|2b7|Rx|d|5|00E0FFFE00
0.977619|5d7|Rx|d|7|000008125200C0
0.977619|1b0|Rx|d|4|FF00FFC0
0.977619|211|Rx|d|8|8200FFFFA90000CE
0.977619|214|Rx|d|2|0000
0.977619|392|Rx|d|5|0000000000
0.977619|12e|Rx|d|8|CA80007FF0FFFF00
0.977619|90|Rx|d|5|FF0009E900
0.977619|c6|Rx|d|8|803D80007FE3B2AE
0.977619|242|Rx|d|8|0000FFEFFE000D00
0.977619|29c|Rx|d|8|00000000FFFF0000
0.977619|352|Rx|d|4|5C0000FF
0.977619|12e|Rx|d|8|CA80007FF0FFFF00
0.977619|90|Rx|d|5|FF000A3D00
0.977619|c6|Rx|d|8|803D80007FE3B4AC
0.977619|29a|Rx|d|8|00000000000005FA
0.977619|2b7|Rx|d|5|00E0FFFE00
0.977619|666|Rx|d|4|34800008
1.013494|4f8|Rx|d|8|54C0000000000000
1.013494|350|Rx|d|8|C32F3AF01410A485
1.013494|1b0|Rx|d|4|FF00FFC0
1.013494|4de|Rx|d|3|C00000
1.013494|55d|Rx|d|8|00FC50C090800000
1.013494|211|Rx|d|8|8200FFFFA90000CE
1.013494|214|Rx|d|2|0000
1.013494|12e|Rx|d|8|CA80007FF0FFFF00
1.013494|90|Rx|d|5|FF000B7100
1.013494|c6|Rx|d|8|803D80007FE3B6AA
1.013494|242|Rx|d|8|0000FFEFFE000D00
1.013494|29c|Rx|d|8|00000000FFFF0000
1.013494|354|Rx|d|8|0000000000000000
1.013494|12e|Rx|d|8|CA80007FF0FFFF00
1.013494|90|Rx|d|5|FF000C8800
1.013494|c6|Rx|d|8|803D80007FE3B8A8
1.013494|29a|Rx|d|8|00000000000006F9
1.013494|2b7|Rx|d|5|00E0FFFE00
1.013494|3b7|Rx|d|6|00007FC000C0
1.013494|1b0|Rx|d|4|FF00FFC0
1.013494|5de|Rx|d|8|0000000000000002
1.013494|211|Rx|d|8|8200FFFFA90000CE
1.013494|214|Rx|d|2|0000
1.013494|12e|Rx|d|8|CB80007FF0FFFF00
1.013494|90|Rx|d|5|FF000DC400
1.013494|c6|Rx|d|8|803D80007FE3BAA6
1.013494|242|Rx|d|8|0000FFEFFE000D00
1.013494|29c|Rx|d|8|00000000FFFF0000
1.013494|352|Rx|d|4|5C0000FF
1.013494|646|Rx|d|8|000000020000000C
1.013494|5df|Rx|d|3|009500
1.048332|392|Rx|d|5|0000000000
1.048332|12e|Rx|d|8|CB80007FF0FFFF00
1.048332|90|Rx|d|5|FF000E1000
1.048332|c6|Rx|d|8|803D80007FE3BCA4
1.048332|29a|Rx|d|8|00000000000007F8
1.048332|2b7|Rx|d|5|00E0FFFE00
1.048332|668|Rx|d|2|8000
1.048332|1b0|Rx|d|4|FF00FFC0
1.048332|657|Rx|d|2|C0CC
1.048332|211|Rx|d|8|8200FFFFA90000CE
1.048332|214|Rx|d|2|0000
1.048332|218|Rx|d|1|98
1.048332|4fa|Rx|d|2|0800
1.048332|671|Rx|d|2|0200
1.048332|12e|Rx|d|8|CB80007FF0FFFF00
1.048332|90|Rx|d|5|FF000F5C00
1.048332|c6|Rx|d|8|803D80007FE3BEA2
1.048332|242|Rx|d|8|0000FFEFFE000D00
1.048332|29c|Rx|d|8|00000000FFFF0000
1.048332|354|Rx|d|8|0000000000000000
1.048332|4ac|Rx|d|5|83722A0080
1.048332|45c|Rx|d|6|00000000FFE0
1.048332|12e|Rx|d|8|CB80007FF0FFFF00
1.048332|90|Rx|d|5|FF0000FF00
1.048332|c6|Rx|d|8|803D80007FE3A0C0
1.048332|29a|Rx|d|8|00000000000008F7
1.048332|2b7|Rx|d|5|00E0FFFE00
1.048332|1b0|Rx|d|4|FF00FFC0
1.048332|211|Rx|d|8|8200FFFFA90000CE
1.048332|214|Rx|d|2|0000
1.048332|12e|Rx|d|8|CA80007FF0FFFF00
1.048332|90|Rx|d|5|FF0001B300
1.048332|c6|Rx|d|8|803D80007FE3A2BE
1.048332|242|Rx|d|8|0000FFEFFE000D00
1.048332|29c|Rx|d|8|00000000FFFF0000
1.048332|352|Rx|d|4|5C0000FF
1.083014|12e|Rx|d|8|CA80007FF0FFFF00
1.083014|90|Rx|d|5|FF00026700
1.083014|c6|Rx|d|8|803D80007FE3A4BC
1.083014|29a|Rx|d|8|00000000000009F6
1.083014|2b7|Rx|d|5|00E0FFFE00
1.083014|5d7|Rx|d|7|000008125200C0
1.083014|1b0|Rx|d|4|FF00FFC0
1.083014|211|Rx|d|8|8200FFFFA90000CE
1.083014|214|Rx|d|2|0000
1.083014|392|Rx|d|5|0000000000
1.083014|90|Rx|d|5|FF00032B00
1.083014|c6|Rx|d|8|803D80007FE3A6BA
1.083014|12e|Rx|d|8|CA80007FF0FFFF00
1.083014|242|Rx|d|8|0000FFEFFE000D00
1.083014|29c|Rx|d|8|00000000FFFF0000
1.083014|354|Rx|d|8|0000000000000000
1.083014|12e|Rx|d|8|CA80007FF0FFFF00
1.083014|90|Rx|d|5|FF0004D200
1.083014|c6|Rx|d|8|803D80007FE3A8B8
1.083014|29a|Rx|d|8|0000000000000AF5
1.083014|2b7|Rx|d|5|00E0FFFE00
1.083014|666|Rx|d|4|34800008
1.083014|4f8|Rx|d|8|54C0000000000000
1.083014|350|Rx|d|8|C32F3AF01410A485
1.083014|1b0|Rx|d|4|FF00FFC0
1.083014|4de|Rx|d|3|C00000
1.083014|55d|Rx|d|8|00FC50C090800000
1.083014|211|Rx|d|8|8200FFFFA90000CE
1.083014|214|Rx|d|2|0000
1.089204|12e|Rx|d|8|CB80007FF0FFFF00
1.089204|90|Rx|d|5|FF00059E00
1.089204|c6|Rx|d|8|803D80007FE3AAB6
1.089204|242|Rx|d|8|0000FFEFFE000D00
1.089204|29c|Rx|d|8|00000000FFFF0000
1.089204|352|Rx|d|4|5C0000FF
1.099211|12e|Rx|d|8|CB80007FF0FFFF00
1.099211|90|Rx|d|5|FF00064A00
1.099211|c6|Rx|d|8|803D80007FE3ACB4
1.099211|29a|Rx|d|8|0000000000000BF4
1.099211|2b7|Rx|d|5|00E0FFFE00
1.101198|3b7|Rx|d|6|00007FC000C0
1.101198|1b0|Rx|d|4|FF00FFC0
1.101198|5de|Rx|d|8|0000000000000002
1.101198|211|Rx|d|8|8200FFFFA90000CE
1.101198|214|Rx|d|2|0000
1.109192|12e|Rx|d|8|CB80007FF0FFFF00
1.109192|90|Rx|d|5|FF00070600
1.109192|c6|Rx|d|8|803D80007FE3AEB2
1.109192|242|Rx|d|8|0000FFEFFE000D00
1.109192|29c|Rx|d|8|00000000FFFF0000
1.109192|354|Rx|d|8|0000000000000000
1.113190|5df|Rx|d|3|009500
1.119185|392|Rx|d|5|0000000000
1.119185|90|Rx|d|5|FF0008A500
1.119185|c6|Rx|d|8|803D80007FE3B0B0
1.119185|12e|Rx|d|8|CB80007FF0FFFF00
1.119185|29a|Rx|d|8|0000000000000CF3
1.119185|2b7|Rx|d|5|00E0FFFE00
1.119185|668|Rx|d|2|8000
1.123183|1b0|Rx|d|4|FF00FFC0
1.123183|657|Rx|d|2|C0CC
1.123183|211|Rx|d|8|8200FFFFA90000CE
1.123183|214|Rx|d|2|0000
1.123183|218|Rx|d|1|98
1.123183|4fa|Rx|d|2|0800
1.123183|671|Rx|d|2|0200
1.129180|12e|Rx|d|8|CB80007FF0FFFF00
1.129180|90|Rx|d|5|FF0009E900
1.129180|c6|Rx|d|8|803D80007FE3B2AE
1.129180|242|Rx|d|8|0000FFEFFE000D00
1.129180|29c|Rx|d|8|00000000FFFF0000
1.129180|352|Rx|d|4|5C0000FF
1.163860|4ac|Rx|d|5|83722A0080
1.163860|45c|Rx|d|6|00000000FFE0
1.163860|12e|Rx|d|8|CB80007FF0FFFF00
1.163860|90|Rx|d|5|FF000A3D00
1.163860|c6|Rx|d|8|803D80007FE3B4AC
1.163860|29a|Rx|d|8|0000000000000DF2
1.163860|2b7|Rx|d|5|00E0FFFE00
1.163860|1b0|Rx|d|4|FF00FFC0
1.163860|211|Rx|d|8|8200FFFFA90000CE
1.163860|214|Rx|d|2|0000
1.163860|12e|Rx|d|8|CB80007FF0FFFF00
1.163860|90|Rx|d|5|FF000B7100
1.163860|c6|Rx|d|8|803D80007FE3B6AA
1.163860|242|Rx|d|8|0000FFEFFE000D00
1.163860|29c|Rx|d|8|00000000FFFF0000
1.163860|354|Rx|d|8|0000000000000000
1.179485|12e|Rx|d|8|CB80007FF0FFFF00
1.179485|90|Rx|d|5|FF000C8800
1.179485|c6|Rx|d|8|803D80007FE3B8A8
1.179485|29a|Rx|d|8|0000000000000EF1
1.179485|2b7|Rx|d|5|00E0FFFE00
1.179485|5d7|Rx|d|7|000008125200C0
1.179485|1b0|Rx|d|4|FF00FFC0
1.179485|211|Rx|d|8|8200FFFFA90000CE
1.179485|214|Rx|d|2|0000
1.179485|392|Rx|d|5|0000000000
1.179485|90|Rx|d|5|FF000DC400
1.179485|c6|Rx|d|8|803D80007FE3BAA6
1.179485|12e|Rx|d|8|CA80007FF0FFFF00
1.179485|242|Rx|d|8|0000FFEFFE000D00
1.179485|29c|Rx|d|8|00000000FFFF0000
1.179485|352|Rx|d|4|5C0000FF
1.179485|12e|Rx|d|8|CA80007FF0FFFF00
1.179485|90|Rx|d|5|FF000E1000
1.179485|c6|Rx|d|8|803D80007FE3BCA4
1.179485|29a|Rx|d|8|0000000000000FF0
1.179485|2b7|Rx|d|5|00E0FFFE00
1.179485|666|Rx|d|4|34800008
1.179485|4f8|Rx|d|8|54C0000000000000
1.179485|350|Rx|d|8|C32F3AF01410A485
1.179485|1b0|Rx|d|4|FF00FFC0
1.214478|4de|Rx|d|3|C00000
1.214478|55d|Rx|d|8|00FC50C090800000
1.214478|211|Rx|d|8|8200FFFFA90000CE
1.214478|214|Rx|d|2|0000
1.214478|12e|Rx|d|8|CA80007FF0FFFF00
1.214478|90|Rx|d|5|FF000F5C00
1.214478|c6|Rx|d|8|803D80007FE3BEA2
1.214478|242|Rx|d|8|0000FFEFFE000D00
1.214478|29c|Rx|d|8|00000000FFFF0000
1.214478|354|Rx|d|8|0000000000000000
1.214478|12e|Rx|d|8|CA80007FF0FFFF00
1.214478|90|Rx|d|5|FF0000FF00
1.214478|c6|Rx|d|8|803D80007FE3A0C0
1.214478|29a|Rx|d|8|00000000000000FF
1.214478|2b7|Rx|d|5|00E0FFFE00
1.214478|3b7|Rx|d|6|00007FC000C0
1.230105|1b0|Rx|d|4|FF00FFC0
1.230105|5de|Rx|d|8|0000000000000002
1.230105|211|Rx|d|8|8200FFFFA90000CE
1.230105|214|Rx|d|2|0000
1.230105|12e|Rx|d|8|CB80007FF0FFFF00
1.230105|90|Rx|d|5|FF0001B300
1.230105|c6|Rx|d|8|803D80007FE3A2BE
1.230105|242|Rx|d|8|0000FFEFFE000D00
1.230105|29c|Rx|d|8|00000000FFFF0000
1.230105|352|Rx|d|4|5C0000FF
1.230105|5df|Rx|d|3|009500
1.230105|392|Rx|d|5|0000000000
1.230105|90|Rx|d|5|FF00026700
1.230105|c6|Rx|d|8|803D80007FE3A4BC
1.230105|12e|Rx|d|8|CB80007FF0FFFF00
1.230105|29a|Rx|d|8|00000000000001FE
1.230105|2b7|Rx|d|5|00E0FFFE00
1.230105|668|Rx|d|2|8000
1.230105|699|Rx|d|8|00000200BF000000
1.230105|1b0|Rx|d|4|FF00FFC0
1.230105|657|Rx|d|2|C0CC
1.230105|69f|Rx|d|4|0650859F
1.230105|211|Rx|d|8|8200FFFFA90000CE
1.230105|214|Rx|d|2|0000
1.230105|218|Rx|d|1|98
1.230105|4fa|Rx|d|2|0800
1.230105|671|Rx|d|2|0200
1.230105|12e|Rx|d|8|CB80007FF0FFFF00
1.230105|90|Rx|d|5|FF00032B00
1.230105|c6|Rx|d|8|803D80007FE3A6BA
1.230105|242|Rx|d|8|0000FFEFFE000D00
1.230105|29c|Rx|d|8|00000000FFFF0000
1.230105|354|Rx|d|8|0000000000000000
1.230105|4ac|Rx|d|5|83722A0080
1.230105|45c|Rx|d|6|00000000FFE0
1.263842|12e|Rx|d|8|CB80007FF0FFFF00
1.263842|90|Rx|d|5|FF0004D200
1.263842|c6|Rx|d|8|803D80007FE3A8B8
1.263842|29a|Rx|d|8|00000000000002FD
1.263842|2b7|Rx|d|5|00E0FFFE00
1.263842|1b0|Rx|d|4|FF00FFC0
1.263842|211|Rx|d|8|8200FFFFA90000CE
1.263842|214|Rx|d|2|0000
1.263842|12e|Rx|d|8|C980007FF0FFFF00
1.263842|90|Rx|d|5|FF00059E00
1.263842|c6|Rx|d|8|803D80007FE3AAB6
1.263842|242|Rx|d|8|0000FFFFFFFFFD00
1.263842|29c|Rx|d|8|00000000FFFF0000
1.263842|352|Rx|d|4|5C0000FF
1.263842|12e|Rx|d|8|C980007FF0FFFF00
1.263842|90|Rx|d|5|FF00064A00
1.263842|c6|Rx|d|8|803D80007FE3ACB4
1.263842|29a|Rx|d|8|00000000000003FC
1.263842|2b7|Rx|d|5|00E0FFFE00
1.263842|5d7|Rx|d|7|000008125200C0
1.263842|1b0|Rx|d|4|FF00FFC0
1.263842|211|Rx|d|8|8200FFFFA90000CE
1.263842|214|Rx|d|2|0000
1.298168|12e|Rx|d|8|C980007FF0FFFF00
1.298168|90|Rx|d|5|FF00070600
1.298168|c6|Rx|d|8|803D80007FE3AEB2
1.298168|242|Rx|d|8|1280FFFFFFFFFD00
1.298168|29c|Rx|d|8|00000000FFFF0000
1.298168|354|Rx|d|8|0000000000000000
1.298168|392|Rx|d|5|0000000000
1.298168|12e|Rx|d|8|C980007FF0FFFF00
1.298168|90|Rx|d|5|FF0008A500
1.298168|c6|Rx|d|8|803D80007FE3B0B0
1.298168|29a|Rx|d|8|00000000000004FB
1.298168|2b7|Rx|d|5|00E0FFFE00
1.298168|666|Rx|d|4|34800008
1.298168|4f8|Rx|d|8|54C0000000000000
1.298168|350|Rx|d|8|C32F3AF01410A485
1.298168|1b0|Rx|d|4|FF00FFC0
1.298168|4de|Rx|d|3|C00000
1.298168|55d|Rx|d|8|00FC50C090800000
1.298168|211|Rx|d|8|8200FFFFA90000CE
1.298168|214|Rx|d|2|0000
1.298168|12e|Rx|d|8|CA80007FF0FFFF00
1.298168|90|Rx|d|5|FF0009E900
1.298168|c6|Rx|d|8|803D80007FE3B2AE
1.298168|242|Rx|d|8|1280FFFFFFFFFD00
1.298168|29c|Rx|d|8|00000000FFFF0000
1.298168|352|Rx|d|4|5C0000FF
1.298168|12e|Rx|d|8|CA80007FF0FFFF00
1.298168|90|Rx|d|5|FF000A3D00
1.298168|c6|Rx|d|8|803D80007FE3B4AC
1.298168|29a|Rx|d|8|00000000000005FA
1.298168|2b7|Rx|d|5|00E0FFFE00
1.329416|3b7|Rx|d|6|00007FC000C0
1.332592|1b0|Rx|d|4|FF00FFC0
1.332592|5de|Rx|d|8|0000000000000002
1.332592|211|Rx|d|8|8200FFFFA90000CE
1.332592|214|Rx|d|2|0000
1.332592|12e|Rx|d|8|CA80007FF0FFFF00
1.332592|90|Rx|d|5|FF000B7100
1.332592|c6|Rx|d|8|803D80007FE3B6AA
1.332592|242|Rx|d|8|1280FFFFFFFFFD00
1.332592|29c|Rx|d|8|00000000FFFF0000
1.332592|354|Rx|d|8|0000000000000000
1.332592|5df|Rx|d|3|009500
1.332592|12e|Rx|d|8|CA80007FF0FFFF00
1.332592|90|Rx|d|5|FF000C8800
1.332592|c6|Rx|d|8|803D80007FE3B8A8
1.332592|29a|Rx|d|8|00000000000006F9
1.332592|2b7|Rx|d|5|00E0FFFE00
1.332592|392|Rx|d|5|0000000000
1.332592|668|Rx|d|2|8000
1.332592|1b0|Rx|d|4|FF00FFC0
1.332592|657|Rx|d|2|C0CC
1.332592|211|Rx|d|8|8200FFFFA90000CE
1.332592|214|Rx|d|2|0000
1.332592|218|Rx|d|1|98
1.332592|4fa|Rx|d|2|0800
1.332592|671|Rx|d|2|0200
1.332592|12e|Rx|d|8|CA80007FF0FFFF00
1.332592|90|Rx|d|5|FF000DC400
1.332592|c6|Rx|d|8|803D80007FE3BAA6
1.332592|242|Rx|d|8|1280FFFFFFFFFD00
1.332592|29c|Rx|d|8|00000000FFFF0000
1.332592|352|Rx|d|4|5C0000FF
1.332592|4ac|Rx|d|5|83722A0080
1.332592|45c|Rx|d|6|00000000FFE0
1.338830|12e|Rx|d|8|CA80007FF0FFFF00
1.338830|90|Rx|d|5|FF000E1000
1.338830|c6|Rx|d|8|803D80007FE3BCA4
1.338830|29a|Rx|d|8|00000000000007F8
1.338830|2b7|Rx|d|5|00E0FFFE00
1.342827|1b0|Rx|d|4|FF00FFC0
1.342827|211|Rx|d|8|8200FFFFA90000CE
1.342827|214|Rx|d|2|0000
1.348829|12e|Rx|d|8|CB80007FF0FFFF00
1.348829|90|Rx|d|5|FF000F5C00
1.348829|c6|Rx|d|8|803D80007FE3BEA2
1.348829|242|Rx|d|8|1280FFFFFFFFFD00
1.348829|29c|Rx|d|8|00000000FFFF0000
1.348829|354|Rx|d|8|0000000000000000
1.358819|12e|Rx|d|8|CB80007FF0FFFF00
1.358819|90|Rx|d|5|FF0000FF00
1.358819|c6|Rx|d|8|803D80007FE3A0C0
1.358819|29a|Rx|d|8|00000000000008F7
1.358819|2b7|Rx|d|5|00E0FFFE00
1.358819|5d7|Rx|d|7|000008125200C0
1.362817|1b0|Rx|d|4|FF00FFC0
1.362817|211|Rx|d|8|8200FFFFA90000CE
1.362817|214|Rx|d|2|0000
1.368814|12e|Rx|d|8|CB80007FF0FFFF00
1.368814|90|Rx|d|5|FF0001B300
1.368814|c6|Rx|d|8|803D80007FE3A2BE
1.368814|242|Rx|d|8|1280FFFFFFFFFD00
1.368814|29c|Rx|d|8|00000000FFFF0000
1.368814|352|Rx|d|4|5C0000FF
1.368814|392|Rx|d|5|0000000000
1.372809|350|Rx|d|8|C22F3AF01410A485
1.378805|12e|Rx|d|8|CB80007FF0FFFF00
1.378805|90|Rx|d|5|FF00026700
1.378805|c6|Rx|d|8|803D80007FE3A4BC
1.378805|29a|Rx|d|8|00000000000009F6
1.378805|2b7|Rx|d|5|00E0FFFE00
1.378805|666|Rx|d|4|34800008
1.380803|4f8|Rx|d|8|54C0000000000000
1.380803|350|Rx|d|8|C22F3AF01410A485
1.380803|1b0|Rx|d|4|FF00FFC0
1.380803|4de|Rx|d|3|C00000
1.380803|55d|Rx|d|8|00FC50C090800000
1.380803|211|Rx|d|8|8200FFFFA90000CE
1.380803|214|Rx|d|2|0000
1.415427|12e|Rx|d|8|CB80007FF0FFFF00
1.415427|90|Rx|d|5|FF00032B00
1.415427|c6|Rx|d|8|803D80007FE3A6BA
1.415427|242|Rx|d|8|1280FFFFFFFFFD00
1.415427|29c|Rx|d|8|00000000FFFF0000
1.415427|354|Rx|d|8|0000000000000000
1.415427|12e|Rx|d|8|CB80007FF0FFFF00
1.415427|90|Rx|d|5|FF0004D200
1.415427|c6|Rx|d|8|803D80007FE3A8B8
1.415427|29a|Rx|d|8|0000000000000AF5
1.415427|2b7|Rx|d|5|00E0FFFE00
1.415427|3b7|Rx|d|6|00007FC000C0
1.415427|1b0|Rx|d|4|FF00FFC0
1.415427|5de|Rx|d|8|0000000000000002
1.415427|211|Rx|d|8|8200FFFFA90000CD
1.415427|214|Rx|d|2|0000
1.415427|12e|Rx|d|8|CA80027FF0FFFF00
1.415427|90|Rx|d|5|FF00059E00
1.415427|c6|Rx|d|8|803D80007FE3AAB6
1.415427|242|Rx|d|8|1280FFFFFFFFFD00
1.415427|29c|Rx|d|8|00000000FFFF0000
1.415427|352|Rx|d|4|5C0000FF
1.415427|5df|Rx|d|3|009500
1.415427|12e|Rx|d|8|CA80027FF0FFFF00
1.415427|90|Rx|d|5|FF00064A00
1.449507|c6|Rx|d|8|803D80007FE3ACB4
1.449507|29a|Rx|d|8|0000000000000BF4
1.449507|2b7|Rx|d|5|00E0FFFE00
1.449507|392|Rx|d|5|0000000000
1.449507|668|Rx|d|2|8000
1.449507|1b0|Rx|d|4|FF00FFC0
1.449507|657|Rx|d|2|C0CC
1.449507|211|Rx|d|8|8200FFFFA90000CD
1.449507|214|Rx|d|2|0000
1.449507|218|Rx|d|1|98
1.449507|4fa|Rx|d|2|0800
1.449507|671|Rx|d|2|0200
1.449507|12e|Rx|d|8|CA80017FF0FFFF00
1.449507|90|Rx|d|5|FF00070600
1.449507|c6|Rx|d|8|803D80007FE3AEB2
1.449507|242|Rx|d|8|1280FFFFFFFFFD00
1.449507|29c|Rx|d|8|00000000FFFF0000
1.449507|354|Rx|d|8|0000000000000000
1.449507|4ac|Rx|d|5|83722A0080
1.449507|45c|Rx|d|6|00000000FFE0
1.465132|12e|Rx|d|8|CA80017FF0FFFF00
1.465132|90|Rx|d|5|FF0008A500
1.465132|c6|Rx|d|8|803D80007FE3B0B0
1.465132|29a|Rx|d|8|0000000000000CF3
1.465132|2b7|Rx|d|5|00E0FFFE00
1.465132|1b0|Rx|d|4|FF00FFC0
1.465132|211|Rx|d|8|8200FFFFA90000CD
1.465132|214|Rx|d|2|0000
1.465132|12e|Rx|d|8|CA80007FF0FFFF00
1.465132|90|Rx|d|5|FF0009E900
1.465132|c6|Rx|d|8|803D80007FE3B2AE
1.465132|242|Rx|d|8|1280FFFFFFFFFD00
1.465132|29c|Rx|d|8|00000000FFFF0000
1.465132|352|Rx|d|4|5C0000FF
1.465132|12e|Rx|d|8|CA80007FF0FFFF00
1.465132|90|Rx|d|5|FF000A3D00
1.465132|c6|Rx|d|8|803D80007FE3B4AC
1.465132|29a|Rx|d|8|0000000000000DF2
1.465132|2b7|Rx|d|5|00E0FFFE00
1.465132|5d7|Rx|d|7|000008125200C0
1.465132|1b0|Rx|d|4|FF00FFC0
1.465132|211|Rx|d|8|8200FFFFA90000CD
1.465132|214|Rx|d|2|0000
1.483154|12e|Rx|d|8|CA80017FF0FFFF00
1.483154|90|Rx|d|5|FF000B7100
1.485298|c6|Rx|d|8|803D80007FE3B6AA
1.485298|242|Rx|d|8|1280FFFFFFFFFD00
1.485298|29c|Rx|d|8|00000000FFFF0000
1.485298|354|Rx|d|8|0000000000000000
1.485298|392|Rx|d|5|0000000000
1.485298|12e|Rx|d|8|CA80017FF0FFFF00
1.485298|90|Rx|d|5|FF000C8800
1.485298|c6|Rx|d|8|803D80007FE3B8A8
1.485298|29a|Rx|d|8|0000000000000EF1
1.485298|2b7|Rx|d|5|00E0FFFE00
1.485298|666|Rx|d|4|34800008
1.485298|4f8|Rx|d|8|54C0000000000000
1.485298|350|Rx|d|8|C22F3AF01410A485
1.485298|1b0|Rx|d|4|FF00FFC0
1.485298|4de|Rx|d|3|C00000
1.485298|55d|Rx|d|8|00FC50C090800000
1.485298|211|Rx|d|8|8200FFFFA90000CD
1.485298|214|Rx|d|2|0000
1.489296|12e|Rx|d|8|CA80007FF0FFFF00
1.489296|90|Rx|d|5|FF000DC400
1.489296|c6|Rx|d|8|803D80007FE3BAA6
1.489296|242|Rx|d|8|1280FFFFFFFFFD00
1.489296|29c|Rx|d|8|00000000FFFF0000
1.489296|352|Rx|d|4|5C0000FF
1.499290|12e|Rx|d|8|CA80007FF0FFFF00
1.499290|90|Rx|d|5|FF000E1000
1.499290|c6|Rx|d|8|803D80007FE3BCA4
1.499290|29a|Rx|d|8|0000000000000FF0
1.499290|2b7|Rx|d|5|00E0FFFE00
1.499290|3b7|Rx|d|6|00007FC000C0
1.499290|1b0|Rx|d|4|FF00FFC0
1.499290|5de|Rx|d|8|0000000000000002
1.505286|211|Rx|d|8|8200FFFFA90000CD
1.505286|214|Rx|d|2|0000
1.507285|12e|Rx|d|8|CA80007FF0FFFF00
1.507285|90|Rx|d|5|FF000F5C00
1.507285|c6|Rx|d|8|803D80007FE3BEA2
1.507285|242|Rx|d|8|1280FFFFFFFFFD00
1.507285|29c|Rx|d|8|00000000FFFF0000
1.507285|354|Rx|d|8|0000000000000000
1.513280|646|Rx|d|8|000000020000000C
1.513280|5df|Rx|d|3|009500
1.519277|12e|Rx|d|8|CA80007FF0FFFF00
1.519277|90|Rx|d|5|FF0000FF00
1.519277|c6|Rx|d|8|803D80007FE3A0C0
1.519277|29a|Rx|d|8|00000000000000FF
1.519277|2b7|Rx|d|5|00E0FFFE00
1.519277|392|Rx|d|5|0004000000
1.519277|668|Rx|d|2|8000
1.521277|1b0|Rx|d|4|FF00FFC0
1.521277|657|Rx|d|2|C0CC
1.521277|211|Rx|d|8|8200FFFFA90000CD
1.521277|214|Rx|d|2|0000
1.521277|218|Rx|d|1|98
1.521277|4fa|Rx|d|2|0800
1.521277|671|Rx|d|2|0200
1.529272|12e|Rx|d|8|CA80007FF0FFFF00
1.529272|90|Rx|d|5|FF0001B300
1.529272|c6|Rx|d|8|803D80007FE3A2BE
1.529272|242|Rx|d|8|1280FFFFFFFFFD00
1.529272|29c|Rx|d|8|00000000FFFF0000
1.529272|352|Rx|d|4|5C0000FF
1.533268|4ac|Rx|d|5|83722A0080
1.533268|45c|Rx|d|6|00000000FFE0
1.552581|12e|Rx|d|8|CA80007FF0FFFF00
1.552581|90|Rx|d|5|FF00026700
1.552581|c6|Rx|d|8|803D80007FE3A4BC
1.552581|29a|Rx|d|8|00000000000001FE
1.552581|2b7|Rx|d|5|00E0FFFE00
1.552581|1b0|Rx|d|4|FF00FFC0
1.552581|211|Rx|d|8|8200FFFFA90000CD
1.552581|214|Rx|d|2|0000
1.552581|12e|Rx|d|8|CA80007FF0FFFF00
1.552581|90|Rx|d|5|FF00032B00
1.552581|c6|Rx|d|8|803D80007FE3A6BA
1.552581|242|Rx|d|8|1280FFFFFFFFFD00
1.552581|29c|Rx|d|8|00000000FFFF0000
1.552581|354|Rx|d|8|0000000000000000
1.585871|12e|Rx|d|8|CA80007FF0FFFF00
1.585871|90|Rx|d|5|FF0004D200
1.585871|c6|Rx|d|8|803D80007FE3A8B8
1.585871|29a|Rx|d|8|00000000000002FD
1.585871|2b7|Rx|d|5|00E0FFFE00
1.585871|5d7|Rx|d|7|000008125200C0
1.585871|1b0|Rx|d|4|FF00FFC0
1.585871|211|Rx|d|8|8200FFFFA90000CD
1.585871|214|Rx|d|2|0000
1.585871|12e|Rx|d|8|CA80007FF0FFFF00
1.585871|90|Rx|d|5|FF00059E00
1.585871|c6|Rx|d|8|803D80007FE3AAB6
1.585871|242|Rx|d|8|1280FFFFFFFFFD00
1.585871|29c|Rx|d|8|00000000FFFF0000
1.585871|352|Rx|d|4|5C0000FF
1.585871|392|Rx|d|5|0004000000
1.585871|12e|Rx|d|8|CA80007FF0FFFF00
1.585871|90|Rx|d|5|FF00064A00
1.585871|c6|Rx|d|8|803D80007FE3ACB4
1.585871|29a|Rx|d|8|00000000000003FC
1.585871|2b7|Rx|d|5|00E0FFFE00
1.585871|666|Rx|d|4|34800008
1.585871|4f8|Rx|d|8|54C0000000000000
1.585871|350|Rx|d|8|C22F3AF01410A485
1.585871|1b0|Rx|d|4|FF00FFC0
1.585871|4de|Rx|d|3|C00000
1.585871|55d|Rx|d|8|00FC50C090800000
1.585871|211|Rx|d|8|8200FFFFA90000CD
1.585871|214|Rx|d|2|0000
1.587060|12e|Rx|d|8|CB80007FF0FFFF00
1.587060|90|Rx|d|5|FF00070600
1.587060|c6|Rx|d|8|803D80007FE3AEB2
1.587060|242|Rx|d|8|1280FFFFFFFFFD00
1.589058|29c|Rx|d|8|00000000FFFF0000
1.589058|354|Rx|d|8|0000000000000000
1.599059|12e|Rx|d|8|CB80007FF0FFFF00
1.599059|90|Rx|d|5|FF0008A500
1.599059|c6|Rx|d|8|803D80007FE3B0B0
1.599059|29a|Rx|d|8|00000000000004FB
1.599059|2b7|Rx|d|5|00E0FFFE00
1.599059|3b7|Rx|d|6|00007FC000C0
1.601051|1b0|Rx|d|4|FF00FFC0
1.601051|5de|Rx|d|8|0000000000000002
1.603051|211|Rx|d|8|8200FFFFA90000CD
1.603051|214|Rx|d|2|0000
1.609048|12e|Rx|d|8|CB80007FF0FFFF00
1.609048|90|Rx|d|5|FF0009E900
1.609048|c6|Rx|d|8|803D80007FE3B2AE
1.609048|242|Rx|d|8|1280FFFFFFFFFD00
1.609048|29c|Rx|d|8|00000000FFFF0000
1.609048|352|Rx|d|4|5C0000FF
1.613046|5df|Rx|d|3|009500
1.619041|12e|Rx|d|8|CB80007FF0FFFF00
1.619041|90|Rx|d|5|FF000A3D00
1.619041|c6|Rx|d|8|803D80007FE3B4AC
1.619041|29a|Rx|d|8|00000000000005FA
1.619041|2b7|Rx|d|5|00E0FFFE00
1.619041|392|Rx|d|5|0004000000
1.619041|668|Rx|d|2|8000
1.623039|1b0|Rx|d|4|FF00FFC0
1.623039|657|Rx|d|2|C0CC
1.623039|211|Rx|d|8|8200FFFFA90000CD
1.623039|214|Rx|d|2|0000
1.623039|218|Rx|d|1|98
1.623039|4fa|Rx|d|2|0800
1.623039|671|Rx|d|2|0200
1.629035|12e|Rx|d|8|CB80007FF0FFFF00
1.629035|90|Rx|d|5|FF000B7100
1.629035|c6|Rx|d|8|803D80007FE3B6AA
1.629035|242|Rx|d|8|1280FFFFFFFFFD00
1.629035|29c|Rx|d|8|00000000FFFF0000
1.629035|354|Rx|d|8|0000000000000000
1.633031|4ac|Rx|d|5|83722A0080
1.633031|45c|Rx|d|6|00000000FFE0
1.652799|12e|Rx|d|8|CB80007FF0FFFF00
1.652799|90|Rx|d|5|FF000C8800
1.652799|c6|Rx|d|8|803D80007FE3B8A8
1.652799|29a|Rx|d|8|00000000000006F9
1.652799|2b7|Rx|d|5|00E0FFFE00
1.652799|1b0|Rx|d|4|FF00FFC0
1.652799|211|Rx|d|8|8200FFFFA90000CD
1.652799|214|Rx|d|2|0000
1.652799|12e|Rx|d|8|CB80017FF0FFFF00
1.652799|90|Rx|d|5|FF000DC400
1.652799|c6|Rx|d|8|803D80007FE3BAA6
1.652799|242|Rx|d|8|1280FFFFFFFFFD00
1.652799|29c|Rx|d|8|00000000FFFF0000
1.652799|352|Rx|d|4|5C0000FF
1.700811|12e|Rx|d|8|CB80017FF0FFFF00
1.700811|90|Rx|d|5|FF000E1000
1.700811|c6|Rx|d|8|803D80007FE3BCA4
1.700811|29a|Rx|d|8|00000000000007F8
1.700811|2b7|Rx|d|5|00E0FFFE00
1.700811|5d7|Rx|d|7|000008125200C0
1.700811|1b0|Rx|d|4|FF00FFC0
1.700811|211|Rx|d|8|8200FFFFA90000CD
1.700811|214|Rx|d|2|0000
1.700811|12e|Rx|d|8|CA80007FF0FFFF00
1.700811|90|Rx|d|5|FF000F5C00
1.700811|c6|Rx|d|8|803D80007FE3BEA2
1.700811|242|Rx|d|8|1280FFFFFFFFFD00
1.700811|29c|Rx|d|8|00000000FFFF0000
1.700811|354|Rx|d|8|0000000000000000
1.700811|392|Rx|d|5|0004000000
1.700811|12e|Rx|d|8|CA80007FF0FFFF00
1.700811|90|Rx|d|5|FF0000FF00
1.700811|c6|Rx|d|8|803D80007FE3A0C0
1.700811|29a|Rx|d|8|00000000000008F7
1.700811|2b7|Rx|d|5|00E0FFFE00
1.700811|666|Rx|d|4|34800008
1.700811|4f8|Rx|d|8|54C0000000000000
1.700811|350|Rx|d|8|C22F3AF01410A485
1.700811|1b0|Rx|d|4|FF00FFC0
1.700811|4de|Rx|d|3|C00000
1.700811|55d|Rx|d|8|00FC50C090800000
1.700811|211|Rx|d|8|8200FFFFA90000CD
1.700811|214|Rx|d|2|0000
1.700811|12e|Rx|d|8|CA80007FF0FFFF00
1.700811|90|Rx|d|5|FF0001B300
1.700811|c6|Rx|d|8|803D80007FE3A2BE
1.700811|242|Rx|d|8|1280FFFFFFFFFD00
1.700811|29c|Rx|d|8|00000000FFFF0000
1.700811|352|Rx|d|4|5C0000FF
1.700811|12e|Rx|d|8|CA80007FF0FFFF00
1.700811|90|Rx|d|5|FF00026700
1.700811|c6|Rx|d|8|803D80007FE3A4BC
1.700811|29a|Rx|d|8|00000000000009F6
1.700811|2b7|Rx|d|5|00E0FFFE00
1.700811|3b7|Rx|d|6|00007FC000C0
1.700811|1b0|Rx|d|4|FF00FFC0
1.700811|5de|Rx|d|8|0000000000000002
1.700811|211|Rx|d|8|8200FFFFA90000CD
1.700811|214|Rx|d|2|0000
1.735931|12e|Rx|d|8|CA80007FF0FFFF00
1.735931|90|Rx|d|5|FF00032B00
1.735931|c6|Rx|d|8|803D80007FE3A6BA
1.735931|242|Rx|d|8|1280FFFFFFFFFD00
1.735931|29c|Rx|d|8|00000000FFFF0000
1.735931|354|Rx|d|8|0000000000000000
1.735931|5df|Rx|d|3|009500
1.735931|12e|Rx|d|8|CA80007FF0FFFF00
1.735931|90|Rx|d|5|FF0004D200
1.735931|c6|Rx|d|8|803D80007FE3A8B8
1.735931|29a|Rx|d|8|0000000000000AF5
1.735931|2b7|Rx|d|5|00E0FFFE00
1.735931|392|Rx|d|5|0004000000
1.735931|668|Rx|d|2|8000
1.735931|1b0|Rx|d|4|FF00FFC0
1.735931|657|Rx|d|2|C0CC
1.735931|211|Rx|d|8|8200FFFFA90000CD
1.735931|214|Rx|d|2|0000
1.735931|218|Rx|d|1|98
1.735931|4fa|Rx|d|2|0800
1.735931|671|Rx|d|2|0200
1.735931|12e|Rx|d|8|CA80007FF0FFFF00
1.735931|90|Rx|d|5|FF00059E00
1.735931|c6|Rx|d|8|803D80007FE3AAB6
1.735931|242|Rx|d|8|1280FFFFFFFFFD00
1.735931|29c|Rx|d|8|00000000FFFF0000
1.735931|352|Rx|d|4|5C0000FF
1.735931|4ac|Rx|d|5|83722A0080
1.735931|45c|Rx|d|6|00000000FFE0
1.737022|12e|Rx|d|8|CA80007FF0FFFF00
1.737022|90|Rx|d|5|FF00064A00
1.737022|c6|Rx|d|8|803D80007FE3ACB4
1.737022|29a|Rx|d|8|0000000000000BF4
1.737022|2b7|Rx|d|5|00E0FFFE00
1.743018|1b0|Rx|d|4|FF00FFC0
1.743018|211|Rx|d|8|8200FFFFA90000CD
1.743018|214|Rx|d|2|0000
1.749020|12e|Rx|d|8|CA80007FF0FFFF00
1.749020|90|Rx|d|5|FF00070600
1.749020|c6|Rx|d|8|803D80007FE3AEB2
1.749020|242|Rx|d|8|1280FFFFFFFFFD00
1.749020|29c|Rx|d|8|00000000FFFF0000
1.749020|354|Rx|d|8|0000000000000000
1.759009|12e|Rx|d|8|CA80007FF0FFFF00
1.759009|90|Rx|d|5|FF0008A500
1.759009|c6|Rx|d|8|803D80007FE3B0B0
1.759009|29a|Rx|d|8|0000000000000CF3
1.759009|2b7|Rx|d|5|00E0FFFE00
1.759009|5d7|Rx|d|7|000008125200C0
1.763007|1b0|Rx|d|4|FF00FFC0
1.763007|211|Rx|d|8|8200FFFFA90000CD
1.763007|214|Rx|d|2|0000
1.769003|12e|Rx|d|8|CA80007FF0FFFF00
1.769003|90|Rx|d|5|FF0009E900
1.769003|c6|Rx|d|8|803D80007FE3B2AE
1.769003|242|Rx|d|8|1280FFFFFFFFFD00
1.769003|29c|Rx|d|8|00000000FFFF0000
1.769003|352|Rx|d|4|5C0000FF
1.769003|392|Rx|d|5|0004000000
1.778996|12e|Rx|d|8|CA80007FF0FFFF00
1.778996|90|Rx|d|5|FF000A3D00
1.778996|c6|Rx|d|8|803D80087FE3B4A4
1.778996|29a|Rx|d|8|0000000000000DF2
1.778996|2b7|Rx|d|5|00E0FFFE00
1.778996|666|Rx|d|4|34800008
1.780994|4f8|Rx|d|8|54C0000000000000
1.780994|350|Rx|d|8|C22F3AF01410A485
1.780994|1b0|Rx|d|4|FF00FFC0
1.780994|4de|Rx|d|3|C00000
1.780994|55d|Rx|d|8|00FC50C090800000
1.780994|211|Rx|d|8|8200FFFFA90000CD
1.780994|214|Rx|d|2|0000
1.816789|12e|Rx|d|8|CA80007FF0FFFF00
1.816789|90|Rx|d|5|FF000B7100
1.816789|c6|Rx|d|8|803D7FF87FE3B6B3
1.816789|242|Rx|d|8|1280FFFFFFFFFD00
1.816789|29c|Rx|d|8|00000000FFFF0000
1.816789|354|Rx|d|8|0000000000000000
1.816789|12e|Rx|d|8|CA80007FF0FFFF00
1.816789|90|Rx|d|5|FF000C8800
1.816789|c6|Rx|d|8|803D80007FE3B8A8
1.816789|29a|Rx|d|8|0000000000000EF1
1.816789|2b7|Rx|d|5|00E0FFFE00
1.816789|3b7|Rx|d|6|00007FC000C0
1.816789|1b0|Rx|d|4|FF00FFC0
1.816789|5de|Rx|d|8|0000000000000002
1.816789|211|Rx|d|8|8200FFFFA90000CD
1.816789|214|Rx|d|2|0000
1.816789|12e|Rx|d|8|CA80007FF0FFFF00
1.816789|90|Rx|d|5|FF000DC400
1.816789|c6|Rx|d|8|803D80007FE3BAA6
1.816789|242|Rx|d|8|1280FFFFFFFFFD00
1.816789|29c|Rx|d|8|00000000FFFF0000
1.816789|352|Rx|d|4|5C0000FF
1.816789|5df|Rx|d|3|009500
1.816789|12e|Rx|d|8|CA80007FF0FFFF00
1.816789|90|Rx|d|5|FF000E1000
1.816789|c6|Rx|d|8|803D80007FE3BCA4
1.816789|29a|Rx|d|8|0000000000000FF0
1.816789|2b7|Rx|d|5|00E0FFFE00
1.816789|392|Rx|d|5|0004000000
1.816789|668|Rx|d|2|8000
1.852335|1b0|Rx|d|4|FF00FFC0
1.852335|657|Rx|d|2|C0CC
1.852335|211|Rx|d|8|8200FFFFA90000CD
1.852335|214|Rx|d|2|0000
1.852335|218|Rx|d|1|98
1.852335|4fa|Rx|d|2|0800
1.852335|671|Rx|d|2|0200
1.852335|12e|Rx|d|8|CA80007FF0FFFF00
1.852335|90|Rx|d|5|FF000F5C00
1.852335|c6|Rx|d|8|803D80007FE3BEA2
1.852335|242|Rx|d|8|1280FFFFFFFFFD00
1.852335|29c|Rx|d|8|00000000FFFF0000
1.852335|354|Rx|d|8|0000000000000000
1.852335|4ac|Rx|d|5|83722A0080
1.852335|45c|Rx|d|6|00000000FFE0
1.852335|12e|Rx|d|8|CA80007FF0FFFF00
1.852335|90|Rx|d|5|FF0000FF00
1.852335|c6|Rx|d|8|803D80007FE3A0C0
1.852335|29a|Rx|d|8|00000000000000FF
1.852335|2b7|Rx|d|5|00E0FFFE00
1.867959|1b0|Rx|d|4|FF00FFC0
1.867959|211|Rx|d|8|8200FFFFA90000CD
1.867959|214|Rx|d|2|0000
1.867959|12e|Rx|d|8|CA80007FF0FFFF00
1.867959|90|Rx|d|5|FF0001B300
1.867959|c6|Rx|d|8|803D80007FE3A2BE
1.867959|242|Rx|d|8|1280FFFFFFFFFD00
1.867959|29c|Rx|d|8|00000000FFFF0000
1.867959|352|Rx|d|4|5C0000FF
1.867959|12e|Rx|d|8|CA80007FF0FFFF00
1.867959|90|Rx|d|5|FF00026700
1.867959|c6|Rx|d|8|803D80007FE3A4BC
1.867959|29a|Rx|d|8|00000000000001FE
1.867959|2b7|Rx|d|5|00E0FFFE00
1.867959|5d7|Rx|d|7|000008125200C0
1.867959|1b0|Rx|d|4|FF00FFC0
1.867959|211|Rx|d|8|8200FFFFA90000CD
1.867959|214|Rx|d|2|0000
1.867959|12e|Rx|d|8|CB80007FF0FFFF00
1.867959|90|Rx|d|5|FF00032B00
1.867959|c6|Rx|d|8|803D80007FE3A6BA
1.867959|242|Rx|d|8|1280FFFFFFFFFD00
1.867959|29c|Rx|d|8|00000000FFFF0000
1.867959|354|Rx|d|8|0000000000000000
1.867959|392|Rx|d|5|0004000000
1.900810|12e|Rx|d|8|CB80007FF0FFFF00
1.900810|90|Rx|d|5|FF0004D200
1.900810|c6|Rx|d|8|803D80007FE3A8B8
1.900810|29a|Rx|d|8|00000000000002FD
1.900810|2b7|Rx|d|5|00E0FFFE00
1.900810|666|Rx|d|4|34800008
1.900810|4f8|Rx|d|8|54C0000000000000
1.900810|350|Rx|d|8|C22F3AF01410A485
1.900810|1b0|Rx|d|4|FF00FFC0
1.900810|4de|Rx|d|3|C00000
1.900810|55d|Rx|d|8|00FC50C090800000
1.900810|211|Rx|d|8|8200FFFFA90000CD
1.900810|214|Rx|d|2|0000
1.900810|12e|Rx|d|8|CA80007FF0FFFF00
1.900810|90|Rx|d|5|FF00059E00
1.900810|c6|Rx|d|8|803D80007FE3AAB6
1.900810|242|Rx|d|8|1280FFFFFFFFFD00
1.900810|29c|Rx|d|8|00000000FFFF0000
1.900810|352|Rx|d|4|5C0000FF
1.900810|12e|Rx|d|8|CA80007FF0FFFF00
1.900810|90|Rx|d|5|FF00064A00
1.900810|c6|Rx|d|8|803D80007FE3ACB4
1.900810|29a|Rx|d|8|00000000000003FC
1.900810|2b7|Rx|d|5|00E0FFFE00
1.900810|3b7|Rx|d|6|00007FC000C0
1.900810|1b0|Rx|d|4|FF00FFC0
1.900810|5de|Rx|d|8|0000000000000002
1.900810|211|Rx|d|8|8200FFFFA90000CD
1.900810|214|Rx|d|2|0000
1.935459|12e|Rx|d|8|CA80007FF0FFFF00
1.935459|90|Rx|d|5|FF00070600
1.935459|c6|Rx|d|8|803D80007FE3AEB2
1.935459|242|Rx|d|8|1280FFFFFFFFFD00
1.935459|29c|Rx|d|8|00000000FFFF0000
1.935459|354|Rx|d|8|0000000000000000
1.935459|5df|Rx|d|3|009500
1.935459|12e|Rx|d|8|CA80007FF0FFFF00
1.935459|90|Rx|d|5|FF0008A500
1.935459|c6|Rx|d|8|803D80007FE3B0B0
1.935459|29a|Rx|d|8|00000000000004FB
1.935459|2b7|Rx|d|5|00E0FFFE00
1.935459|392|Rx|d|5|0004000000
1.935459|668|Rx|d|2|8000
1.935459|1b0|Rx|d|4|FF00FFC0
1.935459|657|Rx|d|2|C0CC
1.935459|211|Rx|d|8|8200FFFFA90000CD
1.935459|214|Rx|d|2|0000
1.935459|218|Rx|d|1|98
1.935459|4fa|Rx|d|2|0800
1.935459|671|Rx|d|2|0200
1.935459|12e|Rx|d|8|CA80007FF0FFFF00
1.935459|90|Rx|d|5|FF0009E900
1.935459|c6|Rx|d|8|803D80007FE3B2AE
1.935459|242|Rx|d|8|1280FFFFFFFFFD00
1.935459|29c|Rx|d|8|00000000FFFF0000
1.935459|352|Rx|d|4|5C0000FF
1.935459|4ac|Rx|d|5|83722A0080
1.935459|45c|Rx|d|6|00000000FFE0
1.937692|12e|Rx|d|8|CA80007FF0FFFF00
1.937692|90|Rx|d|5|FF000A3D00
1.939689|c6|Rx|d|8|803D80007FE3B4AC
1.939689|29a|Rx|d|8|00000000000005FA
1.939689|2b7|Rx|d|5|00E0FFFE00
1.939689|1b0|Rx|d|4|FF00FFC0
1.945685|211|Rx|d|8|8200FFFFA90000CD
1.945685|214|Rx|d|2|0000
1.945685|12e|Rx|d|8|CA80007FF0FFFF00
1.945685|90|Rx|d|5|FF000B7100
1.945685|c6|Rx|d|8|803D80007FE3B6AA
1.945685|242|Rx|d|8|1280FFFFFFFFFD00
1.951681|29c|Rx|d|8|00000000FFFF0000
1.951681|354|Rx|d|8|0000000000000000
1.957678|12e|Rx|d|8|CA80007FF0FFFF00
1.957678|90|Rx|d|5|FF000C8800
1.957678|c6|Rx|d|8|803D80007FE3B8A8
1.959678|29a|Rx|d|8|00000000000006F9
1.959678|2b7|Rx|d|5|00E0FFFE00
1.959678|5d7|Rx|d|7|000008125200C0
1.961676|1b0|Rx|d|4|FF00FFC0
1.963675|211|Rx|d|8|8200FFFFA90000CD
1.963675|214|Rx|d|2|0000
1.969672|12e|Rx|d|8|CA80007FF0FFFF00
1.969672|90|Rx|d|5|FF000DC400
1.969672|c6|Rx|d|8|803D80007FE3BAA6
1.969672|242|Rx|d|8|1280FFFFFFFFFD00
1.969672|29c|Rx|d|8|00000000FFFF0000
1.969672|352|Rx|d|4|5C0000FF
1.969672|392|Rx|d|5|0004000000
1.977668|12e|Rx|d|8|CA80007FF0FFFF00
1.977668|90|Rx|d|5|FF000E1000
1.977668|c6|Rx|d|8|803D80007FE3BCA4
1.979664|29a|Rx|d|8|00000000000007F8
1.979664|2b7|Rx|d|5|00E0FFFE00
1.979664|666|Rx|d|4|34800008
1.979664|4f8|Rx|d|8|54C0000000000000
1.979664|350|Rx|d|8|C22F3AF01410A485
1.979664|1b0|Rx|d|4|FF00FFC0
1.979664|4de|Rx|d|3|C00000
1.979664|55d|Rx|d|8|00FC50C090800000
1.979664|211|Rx|d|8|8200FFFFA90000CD
2.000439|214|Rx|d|2|0000
2.016063|12e|Rx|d|8|CA80007FF0FFFF00
2.016063|90|Rx|d|5|FF000F5C00
2.016063|c6|Rx|d|8|803D80007FE3BEA2
2.016063|242|Rx|d|8|1280FFFFFFFFFD00
2.016063|29c|Rx|d|8|00000000FFFF0000
2.016063|354|Rx|d|8|0000000000000000
2.016063|12e|Rx|d|8|CA80007FF0FFFF00
2.016063|90|Rx|d|5|FF0000FF00
2.016063|c6|Rx|d|8|803D80007FE3A0C0
2.016063|29a|Rx|d|8|00000000000008F7
2.016063|2b7|Rx|d|5|00E0FFFE00
2.016063|3b7|Rx|d|6|00007FC000C0
2.016063|1b0|Rx|d|4|FF00FFC0
2.016063|5de|Rx|d|8|0000000000000002
2.016063|211|Rx|d|8|8200FFFFA90000CD
2.016063|214|Rx|d|2|0000
2.016063|12e|Rx|d|8|CB80007FF0FFFF00
2.016063|90|Rx|d|5|FF0001B300
2.016063|c6|Rx|d|8|803D80007FE3A2BE
2.016063|242|Rx|d|8|1280FFFFFFFFFD00
2.016063|29c|Rx|d|8|00000000FFFF0000
2.016063|352|Rx|d|4|5C0000FF
2.016063|646|Rx|d|8|000000020000000C
2.016063|5df|Rx|d|3|009500
2.016063|12e|Rx|d|8|CB80007FF0FFFF00
2.016063|90|Rx|d|5|FF00026700
2.016063|c6|Rx|d|8|803D80007FE3A4BC
2.016063|29a|Rx|d|8|00000000000009F6
2.016063|2b7|Rx|d|5|00E0FFFE00
2.016063|392|Rx|d|5|0004000000
2.052907|668|Rx|d|2|8000
2.052907|1b0|Rx|d|4|FF00FFC0
2.052907|657|Rx|d|2|C0CC
2.052907|211|Rx|d|8|8200FFFFA90000CD
2.052907|214|Rx|d|2|0000
2.052907|218|Rx|d|1|98
2.052907|4fa|Rx|d|2|0800
2.052907|671|Rx|d|2|0200
2.052907|12e|Rx|d|8|CA80007FF0FFFF00
2.052907|90|Rx|d|5|FF00032B00
2.052907|c6|Rx|d|8|803D80007FE3A6BA
2.052907|242|Rx|d|8|1280FFFFFFFFFD00
2.052907|29c|Rx|d|8|00000000FFFF0000
2.052907|354|Rx|d|8|0000000000000000
2.052907|4ac|Rx|d|5|83722A0080
2.052907|45c|Rx|d|6|00000000FFE0
2.052907|12e|Rx|d|8|CA80007FF0FFFF00
2.052907|90|Rx|d|5|FF0004D200
2.052907|c6|Rx|d|8|803D80007FE3A8B8
2.052907|29a|Rx|d|8|0000000000000AF5
2.052907|2b7|Rx|d|5|00E0FFFE00
2.052907|1b0|Rx|d|4|FF00FFC0
2.052907|211|Rx|d|8|8200FFFFA90000CD
2.052907|214|Rx|d|2|0000
2.052907|12e|Rx|d|8|CA80007FF0FFFF00
2.052907|90|Rx|d|5|FF00059E00
2.052907|c6|Rx|d|8|803D80007FE3AAB6
2.052907|242|Rx|d|8|1280FFFFFFFFFD00
2.052907|29c|Rx|d|8|00000000FFFF0000
2.052907|352|Rx|d|4|5C0000FF
2.088222|12e|Rx|d|8|CA80007FF0FFFF00
2.088222|90|Rx|d|5|FF00064A00
2.088222|c6|Rx|d|8|803D80007FE3ACB4
2.088222|29a|Rx|d|8|0000000000000BF4
2.088222|2b7|Rx|d|5|00E0FFFE00
2.088222|5d7|Rx|d|7|000008125200C0
2.088222|1b0|Rx|d|4|FF00FFC0
2.088222|211|Rx|d|8|8200FFFFA90000CD
2.088222|214|Rx|d|2|0000
2.088222|12e|Rx|d|8|CB80007FF0FFFF00
2.088222|90|Rx|d|5|FF00070600
2.088222|c6|Rx|d|8|803D80007FE3AEB2
2.088222|242|Rx|d|8|1280FFFFFFFFFD00
2.088222|29c|Rx|d|8|00000000FFFF0000
2.088222|354|Rx|d|8|0000000000000000
2.088222|392|Rx|d|5|0004000000
2.088222|12e|Rx|d|8|CB80007FF0FFFF00
2.088222|90|Rx|d|5|FF0008A500
2.088222|c6|Rx|d|8|803D80007FE3B0B0
2.088222|29a|Rx|d|8|0000000000000CF3
2.088222|2b7|Rx|d|5|00E0FFFE00
2.088222|666|Rx|d|4|34800008
2.088222|4f8|Rx|d|8|54C0000000000000
2.088222|350|Rx|d|8|C22F3AF01410A485
2.088222|1b0|Rx|d|4|FF00FFC0
2.088222|4de|Rx|d|3|C00000
2.088222|55d|Rx|d|8|00FC50C090800000
2.088222|211|Rx|d|8|8200FFFFA90000CD
2.088222|214|Rx|d|2|0000
2.090360|12e|Rx|d|8|CA80007FF0FFFF00
2.090360|90|Rx|d|5|FF0009E900
2.090360|c6|Rx|d|8|803D80007FE3B2AE
2.090360|242|Rx|d|8|1280FFFFFFFFFD00
2.090360|29c|Rx|d|8|00000000FFFF0000
2.090360|352|Rx|d|4|5C0000FF
2.098353|12e|Rx|d|8|CA80007FF0FFFF00
2.098353|90|Rx|d|5|FF000A3D00
2.098353|c6|Rx|d|8|803D80007FE3B4AC
2.098353|29a|Rx|d|8|0000000000000DF2
2.098353|2b7|Rx|d|5|00E0FFFE00
2.098353|3b7|Rx|d|6|00007FC000C0
2.104352|1b0|Rx|d|4|FF00FFC0
2.104352|5de|Rx|d|8|0000000000000002
2.104352|211|Rx|d|8|8200FFFFA90000CD
2.104352|214|Rx|d|2|0000
2.108348|12e|Rx|d|8|CA80007FF0FFFF00
2.108348|90|Rx|d|5|FF000B7100
2.108348|c6|Rx|d|8|803D80007FE3B6AA
2.108348|242|Rx|d|8|1280FFFFFFFFFD00
2.108348|29c|Rx|d|8|00000000FFFF0000
2.108348|354|Rx|d|8|0000000000000000
2.114344|5df|Rx|d|3|009500
2.118342|12e|Rx|d|8|CA80007FF0FFFF00
2.118342|90|Rx|d|5|FF000C8800
2.118342|c6|Rx|d|8|803D80007FE3B8A8
2.118342|29a|Rx|d|8|0000000000000EF1
2.118342|2b7|Rx|d|5|00E0FFFE00
2.118342|392|Rx|d|5|0004000000
2.118342|668|Rx|d|2|8000
2.122339|1b0|Rx|d|4|FF00FFC0
2.122339|657|Rx|d|2|C0CC
2.122339|211|Rx|d|8|8200FFFFA90000CD
2.122339|214|Rx|d|2|0000
2.122339|218|Rx|d|1|98
2.122339|4fa|Rx|d|2|0800
2.122339|671|Rx|d|2|0200
2.128336|12e|Rx|d|8|CA80017FF0FFFF00
2.128336|90|Rx|d|5|FF000DC400
2.128336|c6|Rx|d|8|803D80007FE3BAA6
2.128336|242|Rx|d|8|1280FFFFFFFFFD00
2.128336|29c|Rx|d|8|00000000FFFF0000
2.128336|352|Rx|d|4|5C0000FF
2.132332|4ac|Rx|d|5|83722A0080
2.132332|45c|Rx|d|6|00000000FFE0
2.153425|12e|Rx|d|8|CA80017FF0FFFF00
2.153425|90|Rx|d|5|FF000E1000
2.153425|c6|Rx|d|8|803D80007FE3BCA4
2.153425|29a|Rx|d|8|0000000000000FF0
2.153425|2b7|Rx|d|5|00E0FFFE00
2.153425|1b0|Rx|d|4|FF00FFC0
2.153425|211|Rx|d|8|8200FFFFA90000CD
2.153425|214|Rx|d|2|0000
2.153425|12e|Rx|d|8|CA80017FF0FFFF00
2.153425|90|Rx|d|5|FF000F5C00
2.153425|c6|Rx|d|8|803D80007FE3BEA2
2.153425|242|Rx|d|8|1280FFFFFFFFFD00
2.153425|29c|Rx|d|8|00000000FFFF0000
2.153425|354|Rx|d|8|0000000000000000
2.188946|12e|Rx|d|8|CA80017FF0FFFF00
2.188946|90|Rx|d|5|FF0000FF00
2.188946|c6|Rx|d|8|803D80007FE3A0C0
2.188946|29a|Rx|d|8|00000000000000FF
2.188946|2b7|Rx|d|5|00E0FFFE00
2.188946|5d7|Rx|d|7|000008125200C0
2.188946|1b0|Rx|d|4|FF00FFC0
2.188946|211|Rx|d|8|8200FFFFA90000CD
2.188946|214|Rx|d|2|0000
2.188946|12e|Rx|d|8|CA80007FF0FFFF00
2.188946|90|Rx|d|5|FF0001B300
2.188946|c6|Rx|d|8|803D80007FE3A2BE
2.188946|242|Rx|d|8|1280FFFFFFFFFD00
2.188946|29c|Rx|d|8|00000000FFFF0000
2.188946|352|Rx|d|4|5C0000FF
2.188946|392|Rx|d|5|0004000000
2.188946|12e|Rx|d|8|CA80007FF0FFFF00
2.188946|90|Rx|d|5|FF00026700
2.188946|c6|Rx|d|8|803D80007FE3A4BC
2.188946|29a|Rx|d|8|00000000000001FE
2.188946|2b7|Rx|d|5|00E0FFFE00
2.188946|666|Rx|d|4|34800008
2.188946|4f8|Rx|d|8|54C0000000000000
2.188946|350|Rx|d|8|C22F3AF01414A485
2.188946|1b0|Rx|d|4|FF00FFC0
2.188946|4de|Rx|d|3|C00000
2.188946|55d|Rx|d|8|00FC50C090800000
2.188946|211|Rx|d|8|8200FFFFA90000CD
2.188946|214|Rx|d|2|0000
2.191023|12e|Rx|d|8|CA80007FF0FFFF00
2.191023|90|Rx|d|5|FF00032B00
2.191023|c6|Rx|d|8|803D80007FE3A6BA
2.191023|242|Rx|d|8|1280FFFFFFFFFD00
2.191023|29c|Rx|d|8|00000000FFFF0000
2.191023|354|Rx|d|8|0000000000000000
2.199017|12e|Rx|d|8|CA80007FF0FFFF00
2.199017|90|Rx|d|5|FF0004D200
2.199017|c6|Rx|d|8|803D80007FE3A8B8
2.199017|29a|Rx|d|8|00000000000002FD
2.199017|2b7|Rx|d|5|00E0FFFE00
2.199017|3b7|Rx|d|6|00007FC000C0
2.199017|1b0|Rx|d|4|FF00FFC0
2.205013|5de|Rx|d|8|0000000000000002
2.205013|211|Rx|d|8|8200FFFFA90000CD
2.205013|214|Rx|d|2|0000
2.209011|12e|Rx|d|8|CA80027FF0FFFF00
2.209011|90|Rx|d|5|FF00059E00
2.209011|c6|Rx|d|8|803D80007FE3AAB6
2.209011|242|Rx|d|8|1280FFFFFFFFFD00
2.209011|29c|Rx|d|8|00000000FFFF0000
2.209011|352|Rx|d|4|5C0000FF
2.213008|5df|Rx|d|3|009500
2.219005|12e|Rx|d|8|CA80027FF0FFFF00
2.219005|90|Rx|d|5|FF00064A00
2.219005|c6|Rx|d|8|803D80007FE3ACB4
2.219005|29a|Rx|d|8|00000000000003FC
2.219005|2b7|Rx|d|5|00E0FFFE00
2.219005|392|Rx|d|5|0004000000
2.219005|668|Rx|d|2|8000
2.219005|699|Rx|d|8|00000200BF000000
2.225001|1b0|Rx|d|4|FF00FFC0
2.225001|657|Rx|d|2|C0CC
2.225001|69f|Rx|d|4|0650859F
2.225001|211|Rx|d|8|8200FFFFA90000CD
2.225001|214|Rx|d|2|0000
2.225001|218|Rx|d|1|98
2.225001|4fa|Rx|d|2|0800
2.225001|671|Rx|d|2|0200
2.228998|12e|Rx|d|8|CB80027FF0FFFF00
2.228998|90|Rx|d|5|FF00070600
2.228998|c6|Rx|d|8|803D80007FE3AEB2
2.228998|242|Rx|d|8|1280FFFFFFFFFD00
2.228998|29c|Rx|d|8|00000000FFFF0000
2.228998|354|Rx|d|8|0000000000000000
2.232997|4ac|Rx|d|5|83722A0080
2.232997|45c|Rx|d|6|00000000FFE0
2.253073|12e|Rx|d|8|CB80027FF0FFFF00
2.253073|90|Rx|d|5|FF0008A500
2.253073|c6|Rx|d|8|803D80007FE3B0B0
2.253073|29a|Rx|d|8|00000000000004FB
2.253073|2b7|Rx|d|5|00E0FFFE00
2.268697|1b0|Rx|d|4|FF00FFC0
2.268697|211|Rx|d|8|8200FFFFA90000CD
2.268697|214|Rx|d|2|0000
2.268697|12e|Rx|d|8|CB80007FF0FFFF00
2.268697|90|Rx|d|5|FF0009E900
2.268697|c6|Rx|d|8|803D80007FE3B2AE
2.268697|242|Rx|d|8|1280FFFFFFFFFD00
2.268697|29c|Rx|d|8|00000000FFFF0000
2.268697|352|Rx|d|4|5C0000FF
2.268697|12e|Rx|d|8|CB80007FF0FFFF00
2.268697|90|Rx|d|5|FF000A3D00
2.268697|c6|Rx|d|8|803D80007FE3B4AC
2.268697|29a|Rx|d|8|00000000000005FA
2.268697|2b7|Rx|d|5|00E0FFFE00
2.268697|5d7|Rx|d|7|000008125200C0
2.268697|1b0|Rx|d|4|FF00FFC0
2.268697|211|Rx|d|8|8200FFFFA90000CD
2.268697|214|Rx|d|2|0000
2.268697|12e|Rx|d|8|CA80007FF0FFFF00
2.268697|90|Rx|d|5|FF000B7100
2.268697|c6|Rx|d|8|803D80007FE3B6AA
2.268697|242|Rx|d|8|1280FFFFFFFFFD00
2.268697|29c|Rx|d|8|00000000FFFF0000
2.268697|354|Rx|d|8|0000000000000000
2.268697|392|Rx|d|5|0004000000
2.304075|12e|Rx|d|8|CA80007FF0FFFF00
2.304075|90|Rx|d|5|FF000C8800
2.304075|c6|Rx|d|8|803D80007FE3B8A8
2.304075|29a|Rx|d|8|00000000000006F9
2.304075|2b7|Rx|d|5|00E0FFFE00
2.304075|666|Rx|d|4|34000008
2.304075|4f8|Rx|d|8|54C0000000000000
2.304075|350|Rx|d|8|C22F3AF01414A485
2.304075|1b0|Rx|d|4|FF00FFC0
2.304075|4de|Rx|d|3|C00000
2.304075|55d|Rx|d|8|00FC50C090800000
2.304075|211|Rx|d|8|8200FFFFA90000CD
2.304075|214|Rx|d|2|0000
2.304075|12e|Rx|d|8|CA80007FF0FFFF00
2.304075|90|Rx|d|5|FF000DC400
2.304075|c6|Rx|d|8|803D80007FE3BAA6
2.304075|242|Rx|d|8|1280FFFFFFFFFD00
2.304075|29c|Rx|d|8|00000000FFFF0000
2.304075|352|Rx|d|4|5C0000FF
2.319701|12e|Rx|d|8|CA80007FF0FFFF00
2.319701|90|Rx|d|5|FF000E1000
2.319701|c6|Rx|d|8|803D80007FE3BCA4
2.319701|29a|Rx|d|8|00000000000007F8
2.319701|2b7|Rx|d|5|00E0FFFE00
2.319701|3b7|Rx|d|6|00007FC000C0
2.319701|1b0|Rx|d|4|FF00FFC0
2.319701|5de|Rx|d|8|0000000000000002
2.319701|211|Rx|d|8|8200FFFFA90000CD
2.319701|214|Rx|d|2|0000
2.319701|12e|Rx|d|8|CA80007FF0FFFF00
2.319701|90|Rx|d|5|FF000F5C00
2.319701|c6|Rx|d|8|803D80007FE3BEA2
2.319701|242|Rx|d|8|1280FFFFFFFFFD00
2.319701|29c|Rx|d|8|00000000FFFF0000
2.319701|354|Rx|d|8|0000000000000000
2.319701|5df|Rx|d|3|009500
2.319701|12e|Rx|d|8|CA80007FF0FFFF00
2.319701|90|Rx|d|5|FF0000FF00
2.319701|c6|Rx|d|8|803D80007FE3A0C0
2.319701|29a|Rx|d|8|00000000000008F7
2.319701|2b7|Rx|d|5|00E0FFFE00
2.319701|392|Rx|d|5|0004000000
2.319701|668|Rx|d|2|8000
2.319701|1b0|Rx|d|4|FF00FFC0
2.319701|657|Rx|d|2|C0CC
2.353563|211|Rx|d|8|8200FFFFA90000CD
2.353563|214|Rx|d|2|0000
2.353563|218|Rx|d|1|98
2.353563|4fa|Rx|d|2|0800
2.353563|671|Rx|d|2|0200
2.353563|12e|Rx|d|8|CA80007FF0FFFF00
2.353563|90|Rx|d|5|FF0001B300
2.353563|c6|Rx|d|8|803D80007FE3A2BE
2.353563|242|Rx|d|8|1280FFFFFFFFFD00
2.353563|29c|Rx|d|8|00000000FFFF0000
2.353563|352|Rx|d|4|5C0000FF
2.353563|4ac|Rx|d|5|83722A0080
2.353563|45c|Rx|d|6|00000000FFE0
2.353563|12e|Rx|d|8|CA80007FF0FFFF00
2.353563|90|Rx|d|5|FF00026700
2.353563|c6|Rx|d|8|803D80007FE3A4BC
2.353563|29a|Rx|d|8|00000000000009F6
2.353563|2b7|Rx|d|5|00E0FFFE00
2.353563|1b0|Rx|d|4|FF00FFC0
2.353563|211|Rx|d|8|8200FFFFA90000CD
2.353563|214|Rx|d|2|0000
2.353563|12e|Rx|d|8|CA80007FF0FFFF00
2.353563|90|Rx|d|5|FF00032B00
2.353563|c6|Rx|d|8|803D80007FE3A6BA
2.353563|242|Rx|d|8|1280FFFFFFFFFD00
2.353563|29c|Rx|d|8|00000000FFFF0000
2.353563|354|Rx|d|8|0000000000000000
2.388914|12e|Rx|d|8|CA80007FF0FFFF00
2.388914|90|Rx|d|5|FF0004D200
2.388914|c6|Rx|d|8|803D80007FE3A8B8
2.388914|29a|Rx|d|8|0000000000000AF5
2.388914|2b7|Rx|d|5|00E0FFFE00
2.388914|5d7|Rx|d|7|000008125200C0
2.388914|1b0|Rx|d|4|FF00FFC0
2.388914|211|Rx|d|8|8200FFFFA90000CD
2.388914|214|Rx|d|2|0000
2.388914|12e|Rx|d|8|CA80007FF0FFFF00
2.388914|90|Rx|d|5|FF00059E00
2.388914|c6|Rx|d|8|803D80007FE3AAB6
2.388914|242|Rx|d|8|1280FFFFFFFFFD00
2.388914|29c|Rx|d|8|00000000FFFF0000
2.388914|352|Rx|d|4|5C0000FF
2.388914|392|Rx|d|5|0004000000
2.388914|12e|Rx|d|8|CA80007FF0FFFF00
2.388914|90|Rx|d|5|FF00064A00
2.388914|c6|Rx|d|8|803D80007FE3ACB4
2.388914|29a|Rx|d|8|0000000000000BF4
2.388914|2b7|Rx|d|5|00E0FFFE00
2.388914|666|Rx|d|4|34000008
2.388914|4f8|Rx|d|8|54C0000000000000
2.388914|350|Rx|d|8|C22F3AF01414A485
2.388914|1b0|Rx|d|4|FF00FFC0
2.388914|4de|Rx|d|3|C00000
2.388914|55d|Rx|d|8|00FC50C090800000
2.388914|211|Rx|d|8|8200FFFFA90000CD
2.388914|214|Rx|d|2|0000
2.391011|12e|Rx|d|8|CA80007FF0FFFF00
2.391011|90|Rx|d|5|FF00070600
2.391011|c6|Rx|d|8|803D80007FE3AEB2
2.391011|242|Rx|d|8|1280FFFFFFFFFD00
2.391011|29c|Rx|d|8|00000000FFFF0000
2.391011|354|Rx|d|8|0000000000000000
2.399004|12e|Rx|d|8|CA80007FF0FFFF00
2.399004|90|Rx|d|5|FF0008A500
2.399004|c6|Rx|d|8|803D80007FE3B0B0
2.399004|29a|Rx|d|8|0000000000000CF3
2.399004|2b7|Rx|d|5|00E0FFFE00
2.401003|3b7|Rx|d|6|00007FC000C0
2.401003|1b0|Rx|d|4|FF00FFC0
2.401003|5de|Rx|d|8|0000000000000002
2.401003|211|Rx|d|8|8200FFFFA90000CD
2.401003|214|Rx|d|2|0000
2.408998|12e|Rx|d|8|CA80007FF0FFFF00
2.408998|90|Rx|d|5|FF0009E900
2.408998|c6|Rx|d|8|803D80007FE3B2AE
2.408998|242|Rx|d|8|1280FFFFFFFFFD00
2.408998|29c|Rx|d|8|00000000FFFF0000
2.408998|352|Rx|d|4|5C0000FF
2.412995|5df|Rx|d|3|009500
2.418992|12e|Rx|d|8|CA80007FF0FFFF00
2.418992|90|Rx|d|5|FF000A3D00
2.418992|c6|Rx|d|8|803D80007FE3B4AC
2.418992|29a|Rx|d|8|0000000000000DF2
2.418992|2b7|Rx|d|5|00E0FFFE00
2.418992|392|Rx|d|5|0004000000
2.418992|668|Rx|d|2|8000
2.422989|1b0|Rx|d|4|FF00FFC0
2.422989|657|Rx|d|2|C0CC
2.422989|211|Rx|d|8|8200FFFFA90000CD
2.422989|214|Rx|d|2|0000
2.422989|218|Rx|d|1|98
2.422989|4fa|Rx|d|2|0800
2.422989|671|Rx|d|2|0200
2.428986|12e|Rx|d|8|CA80007FF0FFFF00
2.428986|90|Rx|d|5|FF000B7100
2.428986|c6|Rx|d|8|803D80007FE3B6AA
2.428986|242|Rx|d|8|1280FFFFFFFFFD00
2.428986|29c|Rx|d|8|00000000FFFF0000
2.428986|354|Rx|d|8|0000000000000000
2.432984|4ac|Rx|d|5|83722A0080
2.432984|45c|Rx|d|6|00000000FFE0
2.454144|12e|Rx|d|8|CA80007FF0FFFF00
2.454144|90|Rx|d|5|FF000C8800
2.454144|c6|Rx|d|8|803D80007FE3B8A8
2.454144|29a|Rx|d|8|0000000000000EF1
2.454144|2b7|Rx|d|5|00E0FFFE00
2.454144|1b0|Rx|d|4|FF00FFC0
2.454144|211|Rx|d|8|8200FFFFA90000CD
2.454144|214|Rx|d|2|0000
2.454144|12e|Rx|d|8|CB80007FF0FFFF00
2.454144|90|Rx|d|5|FF000DC400
2.454144|c6|Rx|d|8|803D80007FE3BAA6
2.454144|242|Rx|d|8|1280FFFFFFFFFD00
2.454144|29c|Rx|d|8|00000000FFFF0000
2.454144|352|Rx|d|4|5C0000FF
2.488679|12e|Rx|d|8|CB80007FF0FFFF00
2.488679|90|Rx|d|5|FF000E1000
2.488679|c6|Rx|d|8|803D80007FE3BCA4
2.488679|29a|Rx|d|8|0000000000000FF0
2.488679|2b7|Rx|d|5|00E0FFFE00
2.488679|5d7|Rx|d|7|000008125200C0
2.488679|1b0|Rx|d|4|FF00FFC0
2.488679|211|Rx|d|8|8200FFFFA90000CD
2.488679|214|Rx|d|2|0000
2.488679|12e|Rx|d|8|CB80007FF0FFFF00
2.488679|90|Rx|d|5|FF000F5C00
2.488679|c6|Rx|d|8|803D80007FE3BEA2
2.488679|242|Rx|d|8|1280FFFFFFFFFD00
2.488679|29c|Rx|d|8|00000000FFFF0000
2.488679|354|Rx|d|8|0000000000000000
2.488679|392|Rx|d|5|0004000000
2.488679|12e|Rx|d|8|CB80007FF0FFFF00
2.488679|90|Rx|d|5|FF0000FF00
2.488679|c6|Rx|d|8|803D80007FE3A0C0
2.488679|29a|Rx|d|8|00000000000000FF
2.488679|2b7|Rx|d|5|00E0FFFE00
2.488679|666|Rx|d|4|34000008
2.488679|4f8|Rx|d|8|54C0000000000000
2.488679|350|Rx|d|8|C22F3AF01414A485
2.488679|1b0|Rx|d|4|FF00FFC0
2.488679|4de|Rx|d|3|C00000
2.488679|55d|Rx|d|8|00FC50C090800000
2.488679|211|Rx|d|8|8200FFFFA90000CD
2.488679|214|Rx|d|2|0000
2.488679|12e|Rx|d|8|CA80007FF0FFFF00
2.488679|90|Rx|d|5|FF0001B300
2.490748|c6|Rx|d|8|803D80007FE3A2BE
2.490748|242|Rx|d|8|1280FFFFFFFFFD00
2.490748|29c|Rx|d|8|00000000FFFF0000
2.490748|352|Rx|d|4|5C0000FF
2.498743|12e|Rx|d|8|CA80007FF0FFFF00
2.498743|90|Rx|d|5|FF00026700
2.498743|c6|Rx|d|8|803D80007FE3A4BC
2.498743|29a|Rx|d|8|00000000000001FE
2.498743|2b7|Rx|d|5|00E0FFFE00
2.500742|3b7|Rx|d|6|00007FC000C0
2.500742|1b0|Rx|d|4|FF00FFC0
2.500742|5de|Rx|d|8|0000000000000002
2.500742|211|Rx|d|8|8200FFFFA90000CD
2.500742|214|Rx|d|2|0000
2.508738|12e|Rx|d|8|CA80007FF0FFFF00
2.508738|90|Rx|d|5|FF00032B00
2.508738|c6|Rx|d|8|803D80007FE3A6BA
2.508738|242|Rx|d|8|1280FFFFFFFFFD00
2.508738|29c|Rx|d|8|00000000FFFF0000
2.508738|354|Rx|d|8|0000000000000000
2.510736|646|Rx|d|8|000000020000000C
2.510736|5df|Rx|d|3|009500
2.518731|12e|Rx|d|8|CA80007FF0FFFF00
2.518731|90|Rx|d|5|FF0004D200
2.518731|c6|Rx|d|8|803D80007FE3A8B8
2.518731|29a|Rx|d|8|00000000000002FD
2.518731|2b7|Rx|d|5|00E0FFFE00
2.518731|392|Rx|d|5|0004000000
2.518731|668|Rx|d|2|8000
2.522728|1b0|Rx|d|4|FF00FFC0
2.522728|657|Rx|d|2|C0CC
2.522728|211|Rx|d|8|8200FFFFA90000CD
2.522728|214|Rx|d|2|0000
2.522728|218|Rx|d|1|98
2.522728|4fa|Rx|d|2|0800
2.522728|671|Rx|d|2|0200
2.528724|12e|Rx|d|8|CA80007FF0FFFF00
2.528724|90|Rx|d|5|FF00059E00
2.528724|c6|Rx|d|8|803D80007FE3AAB6
2.528724|242|Rx|d|8|1280FFFFFFFFFD00
2.528724|29c|Rx|d|8|00000000FFFF0000
2.528724|352|Rx|d|4|5C0000FF
2.532721|4ac|Rx|d|5|83722A0080
2.532721|45c|Rx|d|6|00000000FFE0
2.538722|12e|Rx|d|8|CA80007FF0FFFF00
2.538722|90|Rx|d|5|FF00064A00
2.538722|c6|Rx|d|8|803D80007FE3ACB4
2.538722|29a|Rx|d|8|00000000000003FC
2.538722|2b7|Rx|d|5|00E0FFFE00
2.556397|1b0|Rx|d|4|FF00FFC0
2.556397|211|Rx|d|8|8200FFFFA90000CD
2.556397|214|Rx|d|2|0000
2.556397|12e|Rx|d|8|CA80007FF0FFFF00
2.556397|90|Rx|d|5|FF00070600
2.556397|c6|Rx|d|8|803D80007FE3AEB2
2.556397|242|Rx|d|8|1280FFFFFFFFFD00
2.556397|29c|Rx|d|8|00000000FFFF0000
2.556397|354|Rx|d|8|0000000000000000
2.556397|12e|Rx|d|8|CA80007FF0FFFF00
2.556397|90|Rx|d|5|FF0008A500
2.556397|c6|Rx|d|8|803D80007FE3B0B0
2.556397|29a|Rx|d|8|00000000000004FB
2.556397|2b7|Rx|d|5|00E0FFFE00
2.556397|5d7|Rx|d|7|000008125200C0
2.591714|1b0|Rx|d|4|FF00FFC0
2.591714|211|Rx|d|8|8200FFFFA90000CD
2.591714|214|Rx|d|2|0000
2.591714|12e|Rx|d|8|CA80007FF0FFFF00
2.591714|90|Rx|d|5|FF0009E900
2.591714|c6|Rx|d|8|803D80007FE3B2AE
2.591714|242|Rx|d|8|1280FFFFFFFFFD00
2.591714|29c|Rx|d|8|00000000FFFF0000
2.591714|352|Rx|d|4|5C0000FF
2.591714|392|Rx|d|5|0004000000
2.591714|12e|Rx|d|8|CA80007FF0FFFF00
2.591714|90|Rx|d|5|FF000A3D00
2.591714|c6|Rx|d|8|803D80007FE3B4AC
2.591714|29a|Rx|d|8|00000000000005FA
2.591714|2b7|Rx|d|5|00E0FFFE00
2.591714|666|Rx|d|4|34000008
2.591714|4f8|Rx|d|8|54C0000000000000
2.591714|350|Rx|d|8|C22F3AF01414A485
2.591714|1b0|Rx|d|4|FF00FFC0
2.591714|4de|Rx|d|3|C00000
2.591714|55d|Rx|d|8|00FC50C090800000
2.591714|211|Rx|d|8|8200FFFFA90000CD
2.591714|214|Rx|d|2|0000
2.591714|12e|Rx|d|8|CB80007FF0FFFF00
2.591714|90|Rx|d|5|FF000B7100
2.591714|c6|Rx|d|8|803D80007FE3B6AA
2.591714|242|Rx|d|8|1280FFFFFFFFFD00
2.591714|29c|Rx|d|8|00000000FFFF0000
2.591714|354|Rx|d|8|0000000000000000
2.597797|12e|Rx|d|8|CB80007FF0FFFF00
2.597797|90|Rx|d|5|FF000C8800
2.597797|c6|Rx|d|8|803D80007FE3B8A8
2.599799|29a|Rx|d|8|00000000000006F9
2.599799|2b7|Rx|d|5|00E0FFFE00
2.601794|3b7|Rx|d|6|00007FC000C0
2.601794|1b0|Rx|d|4|FF00FFC0
2.601794|5de|Rx|d|8|0000000000000002
2.603793|211|Rx|d|8|8200FFFFA90000CD
2.603793|214|Rx|d|2|0000
2.607791|12e|Rx|d|8|CA80017FF0FFFF00
2.607791|90|Rx|d|5|FF000DC400
2.607791|c6|Rx|d|8|803D80007FE3BAA6
2.607791|242|Rx|d|8|1280FFFFFFFFFD00
2.609789|29c|Rx|d|8|00000000FFFF0000
2.609789|352|Rx|d|4|5C0000FF
2.611789|5df|Rx|d|3|009500
2.617786|12e|Rx|d|8|CA80017FF0FFFF00
2.617786|90|Rx|d|5|FF000E1000
2.617786|c6|Rx|d|8|803D80007FE3BCA4
2.617786|29a|Rx|d|8|00000000000007F8
2.617786|2b7|Rx|d|5|00E0FFFE00
2.617786|392|Rx|d|5|0004000000
2.617786|668|Rx|d|2|8000
2.623780|1b0|Rx|d|4|FF00FFC0
2.623780|657|Rx|d|2|C0CC
2.623780|211|Rx|d|8|8200FFFFA90000CD
2.623780|214|Rx|d|2|0000
2.623780|218|Rx|d|1|98
2.623780|4fa|Rx|d|2|0800
2.623780|671|Rx|d|2|0200
2.627778|12e|Rx|d|8|CA80007FF0FFFF00
2.627778|90|Rx|d|5|FF000F5C00
2.627778|c6|Rx|d|8|803D80007FE3BEA2
2.627778|242|Rx|d|8|1280FFFFFFFFFD00
2.629777|29c|Rx|d|8|00000000FFFF0000
2.629777|354|Rx|d|8|0000000000000000
2.629777|4ac|Rx|d|5|83722A0080
2.629777|45c|Rx|d|6|00000000FFE0
2.637772|12e|Rx|d|8|CA80007FF0FFFF00
2.637772|90|Rx|d|5|FF0000FF00
2.637772|c6|Rx|d|8|803D80007FE3A0C0
2.637772|29a|Rx|d|8|00000000000008F7
2.639771|2b7|Rx|d|5|00E0FFFE00
2.641770|1b0|Rx|d|4|FF00FFC0
2.658393|211|Rx|d|8|8200FFFFA90000CD
2.658393|214|Rx|d|2|0000
2.674017|12e|Rx|d|8|CA80007FF0FFFF00
2.674017|90|Rx|d|5|FF0001B300
2.674017|c6|Rx|d|8|803D80007FE3A2BE
2.674017|242|Rx|d|8|1280FFFFFFFFFD00
2.674017|29c|Rx|d|8|00000000FFFF0000
2.674017|352|Rx|d|4|5C0000FF
2.674017|12e|Rx|d|8|CA80007FF0FFFF00
2.674017|90|Rx|d|5|FF00026700
2.674017|c6|Rx|d|8|803D80007FE3A4BC
2.674017|29a|Rx|d|8|00000000000009F6
2.674017|2b7|Rx|d|5|00E0FFFE00
2.674017|5d7|Rx|d|7|000008125200C0
2.674017|1b0|Rx|d|4|FF00FFC0
2.674017|211|Rx|d|8|8200FFFFA90000CD
2.674017|214|Rx|d|2|0000
2.674017|12e|Rx|d|8|CA80007FF0FFFF00
2.674017|90|Rx|d|5|FF00032B00
2.674017|c6|Rx|d|8|803D80007FE3A6BA
2.674017|242|Rx|d|8|1280FFFFFFFFFD00
2.674017|29c|Rx|d|8|00000000FFFF0000
2.674017|354|Rx|d|8|0000000000000000
2.674017|392|Rx|d|5|0004000000
2.708097|12e|Rx|d|8|CA80007FF0FFFF00
2.708097|90|Rx|d|5|FF0004D200
2.708097|c6|Rx|d|8|803D80007FE3A8B8
2.708097|29a|Rx|d|8|0000000000000AF5
2.708097|2b7|Rx|d|5|00E0FFFE00
2.708097|666|Rx|d|4|34000008
2.708097|4f8|Rx|d|8|54C0000000000000
2.708097|350|Rx|d|8|C22F3AF01414A485
2.708097|1b0|Rx|d|4|FF00FFC0
2.708097|4de|Rx|d|3|C00000
2.708097|55d|Rx|d|8|00FC50C090800000
2.708097|211|Rx|d|8|8200FFFFA90000CD
2.708097|214|Rx|d|2|0000
2.708097|12e|Rx|d|8|CA80007FF0FFFF00
2.708097|90|Rx|d|5|FF00059E00
2.708097|c6|Rx|d|8|803D80007FE3AAB6
2.708097|242|Rx|d|8|1280FFFFFFFFFD00
2.708097|29c|Rx|d|8|00000000FFFF0000
2.708097|352|Rx|d|4|5C0000FF
2.708097|12e|Rx|d|8|CA80007FF0FFFF00
2.708097|90|Rx|d|5|FF00064A00
2.708097|c6|Rx|d|8|803D80007FE3ACB4
2.708097|29a|Rx|d|8|0000000000000BF4
2.708097|2b7|Rx|d|5|00E0FFFE00
2.708097|3b7|Rx|d|6|00007FC000C0
2.708097|1b0|Rx|d|4|FF00FFC0
2.708097|5de|Rx|d|8|0000000000000002
2.708097|211|Rx|d|8|8200FFFFA90000CD
2.708097|214|Rx|d|2|0000
2.708097|12e|Rx|d|8|CB80007FF0FFFF00
2.708097|90|Rx|d|5|FF00070600
2.708097|c6|Rx|d|8|803D80007FE3AEB2
2.708097|242|Rx|d|8|1280FFFFFFFFFD00
2.708097|29c|Rx|d|8|00000000FFFF0000
2.708097|354|Rx|d|8|0000000000000000
2.708097|5df|Rx|d|3|009500
2.743071|12e|Rx|d|8|CB80007FF0FFFF00
2.743071|90|Rx|d|5|FF0008A500
2.743071|c6|Rx|d|8|803D80007FE3B0B0
2.743071|29a|Rx|d|8|0000000000000CF3
2.743071|2b7|Rx|d|5|00E0FFFE00
2.743071|392|Rx|d|5|0004000000
2.743071|668|Rx|d|2|8000
2.743071|1b0|Rx|d|4|FF00FFC0
2.743071|657|Rx|d|2|C0CC
2.743071|211|Rx|d|8|8200FFFFA90000CD
2.743071|214|Rx|d|2|0000
2.743071|218|Rx|d|1|98
2.743071|4fa|Rx|d|2|0800
2.743071|671|Rx|d|2|0200
2.743071|12e|Rx|d|8|CB7FFF7FF0FFFF00
2.743071|90|Rx|d|5|FF0009E900
2.743071|c6|Rx|d|8|803D80007FE3B2AE
2.743071|242|Rx|d|8|1280FFFFFFFFFD00
2.743071|29c|Rx|d|8|00000000FFFF0000
2.743071|352|Rx|d|4|5C0000FF
2.743071|4ac|Rx|d|5|83722A0080
2.743071|45c|Rx|d|6|00000000FFE0
2.743071|12e|Rx|d|8|CB7FFF7FF0FFFF00
2.743071|90|Rx|d|5|FF000A3D00
2.743071|c6|Rx|d|8|803D80007FE3B4AC
2.743071|29a|Rx|d|8|0000000000000DF2
2.743071|2b7|Rx|d|5|00E0FFFE00
2.743071|1b0|Rx|d|4|FF00FFC0
2.743071|211|Rx|d|8|8200FFFFA90000CD
2.743071|214|Rx|d|2|0000
2.749468|12e|Rx|d|8|CB80007FF0FFFF00
2.749468|90|Rx|d|5|FF000B7100
2.749468|c6|Rx|d|8|803D80007FE3B6AA
2.749468|242|Rx|d|8|1280FFFFFFFFFD00
2.749468|29c|Rx|d|8|00000000FFFF0000
2.749468|354|Rx|d|8|0000000000000000
2.757463|12e|Rx|d|8|CB80007FF0FFFF00
2.757463|90|Rx|d|5|FF000C8800
2.757463|c6|Rx|d|8|803D80007FE3B8A8
2.759461|29a|Rx|d|8|0000000000000EF1
2.759461|2b7|Rx|d|5|00E0FFFE00
2.759461|5d7|Rx|d|7|000008125200C0
2.759461|1b0|Rx|d|4|FF00FFC0
2.765457|211|Rx|d|8|8200FFFFA90000CD
2.765457|214|Rx|d|2|0000
2.767463|12e|Rx|d|8|CA80007FF0FFFF00
2.767463|90|Rx|d|5|FF000DC400
2.767463|c6|Rx|d|8|803D80007FE3BAA6
2.769455|242|Rx|d|8|1280FFFFFFFFFD00
2.769455|29c|Rx|d|8|00000000FFFF0000
2.769455|352|Rx|d|4|5C0000FF
2.769455|392|Rx|d|5|0004000000
2.777452|12e|Rx|d|8|CA80007FF0FFFF00
2.777452|90|Rx|d|5|FF000E1000
2.777452|c6|Rx|d|8|803D80007FE3BCA4
2.779450|29a|Rx|d|8|0000000000000FF0
2.779450|2b7|Rx|d|5|00E0FFFE00
2.779450|666|Rx|d|4|34000008
2.781448|4f8|Rx|d|8|54C0000000000000
2.781448|350|Rx|d|8|C22F3AF01414A485
2.781448|1b0|Rx|d|4|FF00FFC0
2.781448|4de|Rx|d|3|C00000
2.781448|55d|Rx|d|8|00FC50C090800000
2.783448|211|Rx|d|8|8200FFFFA90000CD
2.783448|214|Rx|d|2|0000
2.787444|12e|Rx|d|8|CA80007FF0FFFF00
2.787444|90|Rx|d|5|FF000F5C00
2.787444|c6|Rx|d|8|803D80007FE3BEA2
2.789445|242|Rx|d|8|1280FFFFFFFFFD00
2.789445|29c|Rx|d|8|00000000FFFF0000
2.789445|354|Rx|d|8|0000000000000000
2.824971|12e|Rx|d|8|CA80007FF0FFFF00
2.824971|90|Rx|d|5|FF0000FF00
2.824971|c6|Rx|d|8|803D80007FE3A0C0
2.824971|29a|Rx|d|8|00000000000000FF
2.824971|2b7|Rx|d|5|00E0FFFE00
2.824971|3b7|Rx|d|6|00007FC000C0
2.824971|1b0|Rx|d|4|FF00FFC0
2.824971|5de|Rx|d|8|0000000000000002
2.824971|211|Rx|d|8|8200FFFFA90000CD
2.824971|214|Rx|d|2|0000
2.824971|12e|Rx|d|8|CB7FFF7FF0FFFF00
2.824971|90|Rx|d|5|FF0001B300
2.824971|c6|Rx|d|8|803D80007FE3A2BE
2.824971|242|Rx|d|8|1280FFFFFFFFFD00
2.824971|29c|Rx|d|8|00000000FFFF0000
2.824971|352|Rx|d|4|5C0000FF
2.824971|5df|Rx|d|3|009500
2.840595|12e|Rx|d|8|CB7FFF7FF0FFFF00
2.840595|90|Rx|d|5|FF00026700
2.840595|c6|Rx|d|8|803D80007FE3A4BC
2.840595|29a|Rx|d|8|00000000000001FE
2.840595|2b7|Rx|d|5|00E0FFFE00
2.840595|392|Rx|d|5|0004000000
2.840595|668|Rx|d|2|8000
2.840595|1b0|Rx|d|4|FF00FFC0
2.840595|657|Rx|d|2|C0CC
2.840595|211|Rx|d|8|8200FFFFA90000CD
2.840595|214|Rx|d|2|0000
2.840595|218|Rx|d|1|98
2.840595|4fa|Rx|d|2|0800
2.840595|671|Rx|d|2|0200
2.840595|12e|Rx|d|8|CB7FFF7FF0FFFF00
2.840595|90|Rx|d|5|FF00032B00
2.840595|c6|Rx|d|8|803D80007FE3A6BA
2.840595|242|Rx|d|8|1280FFFFFFFFFD00
2.840595|29c|Rx|d|8|00000000FFFF0000
2.840595|354|Rx|d|8|0000000000000000
2.840595|4ac|Rx|d|5|83722A0080
2.840595|45c|Rx|d|6|00000000FFE0
2.840595|12e|Rx|d|8|CB7FFF7FF0FFFF00
2.840595|90|Rx|d|5|FF0004D200
2.840595|c6|Rx|d|8|803D80007FE3A8B8
2.840595|29a|Rx|d|8|00000000000002FD
2.840595|2b7|Rx|d|5|00E0FFFE00
2.840595|1b0|Rx|d|4|FF00FFC0
2.840595|211|Rx|d|8|8200FFFFA90000CD
2.840595|214|Rx|d|2|0000
2.875439|12e|Rx|d|8|CA80007FF0FFFF00
2.875439|90|Rx|d|5|FF00059E00
2.875439|c6|Rx|d|8|803D80007FE3AAB6
2.875439|242|Rx|d|8|1280FFFFFFFFFD00
2.875439|29c|Rx|d|8|00000000FFFF0000
2.875439|352|Rx|d|4|5C0000FF
2.875439|12e|Rx|d|8|CA80007FF0FFFF00
2.875439|90|Rx|d|5|FF00064A00
2.875439|c6|Rx|d|8|803D80007FE3ACB4
2.875439|29a|Rx|d|8|00000000000003FC
2.875439|2b7|Rx|d|5|00E0FFFE00
2.875439|5d7|Rx|d|7|000008125200C0
2.875439|1b0|Rx|d|4|FF00FFC0
2.875439|211|Rx|d|8|8200FFFFA90000CD
2.875439|214|Rx|d|2|0000
2.875439|12e|Rx|d|8|C980007FF0FFFF00
2.875439|90|Rx|d|5|FF00070600
2.875439|c6|Rx|d|8|803D80007FE3AEB2
2.875439|242|Rx|d|8|1280FFFFFFFFFD00
2.875439|29c|Rx|d|8|00000000FFFF0000
2.875439|354|Rx|d|8|0000000000000000
2.875439|392|Rx|d|5|0004000000
2.875439|12e|Rx|d|8|C980007FF0FFFF00
2.875439|90|Rx|d|5|FF0008A500
2.875439|c6|Rx|d|8|803D80007FE3B0B0
2.893581|29a|Rx|d|8|00000000000004FB
2.895669|2b7|Rx|d|5|00E0FFFE00
2.895669|666|Rx|d|4|34000008
2.895669|4f8|Rx|d|8|54C0000000000000
2.895669|350|Rx|d|8|C22F3AF01414A485
2.895669|1b0|Rx|d|4|FF00FFC0
2.895669|4de|Rx|d|3|C00000
2.895669|55d|Rx|d|8|00FC50C090800000
2.895669|211|Rx|d|8|8200FFFFA90000CD
2.895669|214|Rx|d|2|0000
2.895669|12e|Rx|d|8|C980007FF0FFFF00
2.895669|90|Rx|d|5|FF0009E900
2.895669|c6|Rx|d|8|803D80007FE3B2AE
2.895669|242|Rx|d|8|1280FFFFFFFFFD00
2.895669|29c|Rx|d|8|00000000FFFF0000
2.895669|352|Rx|d|4|5C0000FF
2.897670|12e|Rx|d|8|C980007FF0FFFF00
2.897670|90|Rx|d|5|FF000A3D00
2.897670|c6|Rx|d|8|803D80007FE3B4AC
2.897670|29a|Rx|d|8|00000000000005FA
2.897670|2b7|Rx|d|5|00E0FFFE00
2.901666|3b7|Rx|d|6|00007FC000C0
2.901666|1b0|Rx|d|4|FF00FFC0
2.901666|5de|Rx|d|8|0000000000000002
2.901666|211|Rx|d|8|8200FFFFA90000CD
2.901666|214|Rx|d|2|0000
2.907663|12e|Rx|d|8|CA80007FF0FFFF00
2.907663|90|Rx|d|5|FF000B7100
2.907663|c6|Rx|d|8|803D80007FE3B6AA
2.907663|242|Rx|d|8|1280FFFFFFFFFD00
2.909661|29c|Rx|d|8|00000000FFFF0000
2.909661|354|Rx|d|8|0000000000000000
2.911659|5df|Rx|d|3|009500
2.917663|12e|Rx|d|8|CA80007FF0FFFF00
2.917663|90|Rx|d|5|FF000C8800
2.917663|c6|Rx|d|8|803D80007FE3B8A8
2.917663|29a|Rx|d|8|00000000000006F9
2.919654|2b7|Rx|d|5|00E0FFFE00
2.919654|392|Rx|d|5|0004000000
2.919654|668|Rx|d|2|8000
2.921653|1b0|Rx|d|4|FF00FFC0
2.921653|657|Rx|d|2|C0CC
2.923653|211|Rx|d|8|8200FFFFA90000CD
2.923653|214|Rx|d|2|0000
2.923653|218|Rx|d|1|98
2.923653|4fa|Rx|d|2|0800
2.923653|671|Rx|d|2|0200
2.927649|12e|Rx|d|8|CA80007FF0FFFF00
2.927649|90|Rx|d|5|FF000DC400
2.927649|c6|Rx|d|8|803D80007FE3BAA6
2.927649|242|Rx|d|8|1280FFFFFFFFFD00
2.929648|29c|Rx|d|8|00000000FFFF0000
2.929648|352|Rx|d|4|5C0000FF
2.931647|4ac|Rx|d|5|83722A0080
2.931647|45c|Rx|d|6|00000000FFE0
2.937643|12e|Rx|d|8|CA80007FF0FFFF00
2.937643|90|Rx|d|5|FF000E1000
2.937643|c6|Rx|d|8|803D80007FE3BCA4
2.939642|29a|Rx|d|8|00000000000007F8
2.939642|2b7|Rx|d|5|00E0FFFE00
2.941641|1b0|Rx|d|4|FF00FFC0
2.943643|211|Rx|d|8|8200FFFFA90000CD
2.943643|214|Rx|d|2|0000
2.976079|12e|Rx|d|8|CA7FFF7FF0FFFF00
2.976079|90|Rx|d|5|FF000F5C00
2.976079|c6|Rx|d|8|803D80087FE3BE9A
2.976079|242|Rx|d|8|1280FFFFFFFFFD00
2.976079|29c|Rx|d|8|00000000FFFF0000
2.976079|354|Rx|d|8|0000000000000000
2.976079|12e|Rx|d|8|CA7FFF7FF0FFFF00
2.976079|90|Rx|d|5|FF0000FF00
2.976079|c6|Rx|d|8|803D7FF87FE3A0C9
2.976079|29a|Rx|d|8|00000000000008F7
2.976079|2b7|Rx|d|5|00E0FFFE00
2.976079|5d7|Rx|d|7|000008125200C0
2.976079|1b0|Rx|d|4|FF00FFC0
2.976079|211|Rx|d|8|8200FFFFA90000CD
2.976079|214|Rx|d|2|0000
2.991703|12e|Rx|d|8|CA7FFF7FF0FFFF00
2.991703|90|Rx|d|5|FF0001B300
2.991703|c6|Rx|d|8|803D80087FE3A2B6
2.991703|242|Rx|d|8|1280FFFFFFFFFD00
2.991703|29c|Rx|d|8|00000000FFFF0000
2.991703|352|Rx|d|4|5C0000FF
2.991703|392|Rx|d|5|0004000000
2.991703|12e|Rx|d|8|CA7FFF7FF0FFFF00
2.991703|90|Rx|d|5|FF00026700
2.991703|c6|Rx|d|8|803D7FF87FE3A4C5
2.991703|29a|Rx|d|8|00000000000009F6
2.991703|2b7|Rx|d|5|00E0FFFE00
2.991703|666|Rx|d|4|34000008
2.991703|4f8|Rx|d|8|54C0000000000000
2.991703|350|Rx|d|8|C22F3AF01414A485
2.991703|1b0|Rx|d|4|FF00FFC0
2.991703|4de|Rx|d|3|C00000
2.991703|55d|Rx|d|8|00FC50C090800000
2.991703|211|Rx|d|8|8200FFFFA90000CD
2.991703|214|Rx|d|2|0000
2.991703|12e|Rx|d|8|CA7FFF7FF0FFFF00
2.991703|90|Rx|d|5|FF00032B00
2.991703|c6|Rx|d|8|803D80087FE3A6B2
2.991703|242|Rx|d|8|1280FFFFFFFFFD00
2.991703|29c|Rx|d|8|00000000FFFF0000
2.991703|354|Rx|d|8|0000000000000000
2.991703|6fb|Rx|d|8|0F03FF00FF0000FF
3.024953|12e|Rx|d|8|CA7FFF7FF0FFFF00
3.024953|90|Rx|d|5|FF0004D200
3.024953|c6|Rx|d|8|803D7FF87FE3A8C1
3.024953|29a|Rx|d|8|0000000000000AF5
3.024953|2b7|Rx|d|5|00E0FFFE00
3.024953|3b7|Rx|d|6|00007FC000C0
3.024953|1b0|Rx|d|4|FF00FFC0
3.024953|5de|Rx|d|8|0000000000000002
3.024953|211|Rx|d|8|8200FFFFA90000CD
3.024953|214|Rx|d|2|0000
3.024953|12e|Rx|d|8|CA80007FF0FFFF00
3.024953|90|Rx|d|5|FF00059E00
3.024953|c6|Rx|d|8|803D80007FE3AAB6
3.024953|242|Rx|d|8|1280FFFFFFFFFD00
3.024953|29c|Rx|d|8|00000000FFFF0000
3.024953|352|Rx|d|4|5C0000FF
3.024953|646|Rx|d|8|000000020000000C
3.024953|5df|Rx|d|3|009500
3.024953|12e|Rx|d|8|CA80007FF0FFFF00
3.024953|90|Rx|d|5|FF00064A00
3.024953|c6|Rx|d|8|803D80007FE3ACB4
3.024953|29a|Rx|d|8|0000000000000BF4
3.024953|2b7|Rx|d|5|00E0FFFE00
3.024953|392|Rx|d|5|0004000000
3.024953|668|Rx|d|2|8000
3.024953|5ce|Rx|d|3|FEFF00
3.024953|1b0|Rx|d|4|FF00FFC0
3.024953|657|Rx|d|2|C0CC
3.024953|211|Rx|d|8|8200FFFFA90000CD
3.024953|214|Rx|d|2|0000
3.024953|218|Rx|d|1|98
3.024953|4fa|Rx|d|2|0800
3.024953|671|Rx|d|2|0200
3.044288|12e|Rx|d|8|CA80007FF0FFFF00
3.044288|90|Rx|d|5|FF00070600
3.046573|c6|Rx|d|8|803D80007FE3AEB2
3.046573|242|Rx|d|8|1280FFFFFFFFFD00
3.046573|29c|Rx|d|8|00000000FFFF0000
3.046573|354|Rx|d|8|0000000000000000
3.046573|4ac|Rx|d|5|83722A0080
3.046573|45c|Rx|d|6|00000000FFE0
3.046573|12e|Rx|d|8|CA80007FF0FFFF00
3.046573|90|Rx|d|5|FF0008A500
3.046573|c6|Rx|d|8|803D80007FE3B0B0
3.046573|29a|Rx|d|8|0000000000000CF3
3.046573|2b7|Rx|d|5|00E0FFFE00
3.046573|1b0|Rx|d|4|FF00FFC0
3.046573|211|Rx|d|8|8200FFFFA90000CD
3.046573|214|Rx|d|2|0000
3.048567|12e|Rx|d|8|CA80007FF0FFFF00
3.048567|90|Rx|d|5|FF0009E900
3.048567|c6|Rx|d|8|803D80007FE3B2AE
3.048567|242|Rx|d|8|1280FFFFFFFFFD00
3.048567|29c|Rx|d|8|00000000FFFF0000
3.048567|352|Rx|d|4|5C0000FF
3.058562|12e|Rx|d|8|CA80007FF0FFFF00
3.058562|90|Rx|d|5|FF000A3D00
3.058562|c6|Rx|d|8|803D80007FE3B4AC
3.058562|29a|Rx|d|8|0000000000000DF2
3.058562|2b7|Rx|d|5|00E0FFFE00
3.058562|5d7|Rx|d|7|000008125200C0
3.060561|1b0|Rx|d|4|FF00FFC0
3.060561|211|Rx|d|8|8200FFFFA90000CD
3.060561|214|Rx|d|2|0000
3.068557|12e|Rx|d|8|CA80007FF0FFFF00
3.068557|90|Rx|d|5|FF000B7100
3.068557|c6|Rx|d|8|803D80007FE3B6AA
3.068557|242|Rx|d|8|1280FFFFFFFFFD00
3.068557|29c|Rx|d|8|00000000FFFF0000
3.068557|354|Rx|d|8|0000000000000000
3.068557|392|Rx|d|5|0004000000
3.078549|12e|Rx|d|8|CA80007FF0FFFF00
3.078549|90|Rx|d|5|FF000C8800
3.078549|c6|Rx|d|8|803D80007FE3B8A8
3.078549|29a|Rx|d|8|0000000000000EF1
3.078549|2b7|Rx|d|5|00E0FFFE00
3.078549|666|Rx|d|4|34000008
3.080548|4f8|Rx|d|8|54C0000000000000
3.080548|350|Rx|d|8|C22F3AF01414A485
3.080548|1b0|Rx|d|4|FF00FFC0
3.080548|4de|Rx|d|3|C00000
3.080548|55d|Rx|d|8|00FC50C090800000
3.080548|211|Rx|d|8|8200FFFFA90000CD
3.080548|214|Rx|d|2|0000
3.088543|12e|Rx|d|8|C980007FF0FFFF00
3.088543|90|Rx|d|5|FF000DC400
3.088543|c6|Rx|d|8|803D80007FE3BAA6
3.088543|242|Rx|d|8|1280FFFFFFFFFD00
3.088543|29c|Rx|d|8|00000000FFFF0000
3.088543|352|Rx|d|4|5C0000FF
3.112496|12e|Rx|d|8|C980007FF0FFFF00
3.112496|90|Rx|d|5|FF000E1000
3.112496|c6|Rx|d|8|803D80007FE3BCA4
3.112496|29a|Rx|d|8|0000000000000FF0
3.112496|2b7|Rx|d|5|00E0FFFE00
3.128119|3b7|Rx|d|6|00007FC000C0
3.128119|1b0|Rx|d|4|FF00FFC0
3.128119|5de|Rx|d|8|0000000000000002
3.128119|211|Rx|d|8|8200FFFFA90000CD
3.128119|214|Rx|d|2|0000
3.128119|12e|Rx|d|8|CA80007FF0FFFF00
3.128119|90|Rx|d|5|FF000F5C00
3.128119|c6|Rx|d|8|803D80007FE3BEA2
3.128119|242|Rx|d|8|1280FFFFFFFFFD00
3.128119|29c|Rx|d|8|00000000FFFF0000
3.128119|354|Rx|d|8|0000000000000000
3.128119|5df|Rx|d|3|009500
3.143743|12e|Rx|d|8|CA80007FF0FFFF00
3.143743|90|Rx|d|5|FF0000FF00
3.143743|c6|Rx|d|8|803D80007FE3A0C0
3.143743|29a|Rx|d|8|00000000000000FF
3.143743|2b7|Rx|d|5|00E0FFFE00
3.143743|392|Rx|d|5|0004000000
3.143743|668|Rx|d|2|8000
3.143743|1b0|Rx|d|4|FF00FFC0
3.143743|657|Rx|d|2|C0CC
3.143743|211|Rx|d|8|8200FFFFA90000CD
3.143743|214|Rx|d|2|0000
3.143743|218|Rx|d|1|98
3.143743|4fa|Rx|d|2|0800
3.143743|671|Rx|d|2|0200
3.143743|12e|Rx|d|8|CB80007FF0FFFF00
3.143743|90|Rx|d|5|FF0001B300
3.143743|c6|Rx|d|8|803D80007FE3A2BE
3.143743|242|Rx|d|8|1280FFFFFFFFFD00
3.143743|29c|Rx|d|8|00000000FFFF0000
3.143743|352|Rx|d|4|5C0000FF
3.143743|4ac|Rx|d|5|83722A0080
3.143743|45c|Rx|d|6|00000000FFE0
3.143743|12e|Rx|d|8|CB80007FF0FFFF00
3.143743|90|Rx|d|5|FF00026700
3.143743|c6|Rx|d|8|803D80007FE3A4BC
3.143743|29a|Rx|d|8|00000000000001FE
3.143743|2b7|Rx|d|5|00E0FFFE00
3.143743|1b0|Rx|d|4|FF00FFC0
3.143743|211|Rx|d|8|8200FFFFA90000CD
3.143743|214|Rx|d|2|0000
3.179269|12e|Rx|d|8|CB80007FF0FFFF00
3.179269|90|Rx|d|5|FF00032B00
3.179269|c6|Rx|d|8|803D80007FE3A6BA
3.179269|242|Rx|d|8|1280FFFFFFFFFD00
3.179269|29c|Rx|d|8|00000000FFFF0000
3.179269|354|Rx|d|8|0000000000000000
3.179269|12e|Rx|d|8|CB80007FF0FFFF00
3.179269|90|Rx|d|5|FF0004D200
3.179269|c6|Rx|d|8|803D80007FE3A8B8
3.179269|29a|Rx|d|8|00000000000002FD
3.179269|2b7|Rx|d|5|00E0FFFE00
3.179269|5d7|Rx|d|7|000008125200C0
3.179269|1b0|Rx|d|4|FF00FFC0
3.179269|211|Rx|d|8|8200FFFFA90000CD
3.179269|214|Rx|d|2|0000
3.179269|12e|Rx|d|8|CB80007FF0FFFF00
3.179269|90|Rx|d|5|FF00059E00
3.179269|c6|Rx|d|8|803D80007FE3AAB6
3.179269|242|Rx|d|8|1280FFFFFFFFFD00
3.179269|29c|Rx|d|8|00000000FFFF0000
3.179269|352|Rx|d|4|5C0000FF
3.179269|392|Rx|d|5|0004000000
3.179269|12e|Rx|d|8|CB80007FF0FFFF00
3.179269|90|Rx|d|5|FF00064A00
3.179269|c6|Rx|d|8|803D80007FE3ACB4
3.179269|29a|Rx|d|8|00000000000003FC
3.179269|2b7|Rx|d|5|00E0FFFE00
3.179269|666|Rx|d|4|34000008
3.179269|350|Rx|d|8|C22F3AF01414A485
3.179269|4f8|Rx|d|8|54C0000000000000
3.179269|1b0|Rx|d|4|FF00FFC0
3.179269|4de|Rx|d|3|C00000
3.179269|55d|Rx|d|8|00FC50C090800000
3.227898|211|Rx|d|8|8200FFFFA90000CD
3.227898|214|Rx|d|2|0000
3.227898|12e|Rx|d|8|CA80017FF0FFFF00
3.227898|90|Rx|d|5|FF00070600
3.227898|c6|Rx|d|8|803D80007FE3AEB2
3.227898|242|Rx|d|8|1280FFFFFFFFFD00
3.227898|29c|Rx|d|8|00000000FFFF0000
3.227898|354|Rx|d|8|0000000000000000
3.227898|12e|Rx|d|8|CA80017FF0FFFF00
3.227898|90|Rx|d|5|FF0008A500
3.227898|c6|Rx|d|8|803D80007FE3B0B0
3.227898|29a|Rx|d|8|00000000000004FB
3.227898|2b7|Rx|d|5|00E0FFFE00
3.227898|1b0|Rx|d|4|FF00FFC0
3.227898|3b7|Rx|d|6|00007FC000C0
3.227898|5de|Rx|d|8|0000000000000002
3.227898|211|Rx|d|8|8200FFFFA90000CD
3.227898|214|Rx|d|2|0000
3.227898|12e|Rx|d|8|CB80007FF0FFFF00
3.227898|90|Rx|d|5|FF0009E900
3.227898|c6|Rx|d|8|803D80007FE3B2AE
3.227898|242|Rx|d|8|1280FFFFFFFFFD00
3.227898|29c|Rx|d|8|00000000FFFF0000
3.227898|352|Rx|d|4|5C0000FF
3.227898|5df|Rx|d|3|009500
3.227898|12e|Rx|d|8|CB80007FF0FFFF00
3.227898|90|Rx|d|5|FF000A3D00
3.227898|c6|Rx|d|8|803D80007FE3B4AC
3.227898|29a|Rx|d|8|00000000000005FA
3.227898|2b7|Rx|d|5|00E0FFFE00
3.227898|392|Rx|d|5|0004000000
3.227898|668|Rx|d|2|8000
3.227898|699|Rx|d|8|00000200BF000000
3.227898|1b0|Rx|d|4|FF00FFC0
3.227898|657|Rx|d|2|C0CC
3.227898|69f|Rx|d|4|0650859F
3.227898|211|Rx|d|8|8200FFFFA90000CD
3.227898|214|Rx|d|2|0000
3.227898|218|Rx|d|1|98
3.227898|4fa|Rx|d|2|0800
3.227898|671|Rx|d|2|0200
3.227898|12e|Rx|d|8|CA80007FF0FFFF00
3.227898|90|Rx|d|5|FF000B7100
3.227898|c6|Rx|d|8|803D80007FE3B6AA
3.227898|242|Rx|d|8|1280FFFFFFFFFD00
3.227898|29c|Rx|d|8|00000000FFFF0000
3.227898|354|Rx|d|8|0000000000000000
3.247805|4ac|Rx|d|5|83722A0080
3.247805|45c|Rx|d|6|00000000FFE0
3.247805|12e|Rx|d|8|CA80007FF0FFFF00
3.247805|90|Rx|d|5|FF000C8800
3.247805|c6|Rx|d|8|803D80007FE3B8A8
3.247805|29a|Rx|d|8|00000000000006F9
3.247805|2b7|Rx|d|5|00E0FFFE00
3.247805|1b0|Rx|d|4|FF00FFC0
3.247805|211|Rx|d|8|8200FFFFA90000CD
3.247805|214|Rx|d|2|0000
3.247805|12e|Rx|d|8|CA80017FF0FFFF00
3.247805|90|Rx|d|5|FF000DC400
3.247805|c6|Rx|d|8|803D80007FE3BAA6
3.247805|242|Rx|d|8|1280FFFFFFFFFD00
3.247805|29c|Rx|d|8|00000000FFFF0000
3.247805|352|Rx|d|4|5C0000FF
3.258926|12e|Rx|d|8|CA80017FF0FFFF00
3.258926|90|Rx|d|5|FF000E1000
3.258926|c6|Rx|d|8|803D80007FE3BCA4
3.258926|29a|Rx|d|8|00000000000007F8
3.258926|2b7|Rx|d|5|00E0FFFE00
3.258926|5d7|Rx|d|7|000008125200C0
3.258926|1b0|Rx|d|4|FF00FFC0
3.264924|211|Rx|d|8|8200FFFFA90000CD
3.264924|214|Rx|d|2|0000
3.268920|12e|Rx|d|8|CB80007FF0FFFF00
3.268920|90|Rx|d|5|FF000F5C00
3.268920|c6|Rx|d|8|803D80007FE3BEA2
3.268920|242|Rx|d|8|1280FFFFFFFFFD00
3.268920|29c|Rx|d|8|00000000FFFF0000
3.268920|354|Rx|d|8|0000000000000000
3.268920|392|Rx|d|5|0004000000
3.278915|12e|Rx|d|8|CB80007FF0FFFF00
3.278915|90|Rx|d|5|FF0000FF00
3.278915|c6|Rx|d|8|803D80007FE3A0C0
3.278915|29a|Rx|d|8|00000000000008F7
3.278915|2b7|Rx|d|5|00E0FFFE00
3.278915|666|Rx|d|4|34000008
3.280914|350|Rx|d|8|C22F3AF01414A485
3.280914|4f8|Rx|d|8|54C0000000000000
3.280914|1b0|Rx|d|4|FF00FFC0
3.280914|4de|Rx|d|3|C00000
3.280914|55d|Rx|d|8|00FC50C090800000
3.280914|211|Rx|d|8|8200FFFFA90000CD
3.280914|214|Rx|d|2|0000
3.288908|12e|Rx|d|8|CB80007FF0FFFF00
3.288908|90|Rx|d|5|FF0001B300
3.288908|c6|Rx|d|8|803D80007FE3A2BE
3.288908|242|Rx|d|8|1280FFFFFFFFFD00
3.288908|29c|Rx|d|8|00000000FFFF0000
3.288908|352|Rx|d|4|5C0000FF
3.312957|12e|Rx|d|8|CB80007FF0FFFF00
3.312957|90|Rx|d|5|FF00026700
3.312957|c6|Rx|d|8|803D80007FE3A4BC
3.312957|29a|Rx|d|8|00000000000009F6
3.312957|2b7|Rx|d|5|00E0FFFE00
3.312957|1b0|Rx|d|4|FF00FFC0
3.312957|3b7|Rx|d|6|00007FC000C0
3.312957|5de|Rx|d|8|0000000000000002
3.312957|211|Rx|d|8|8200FFFFA90000CD
3.312957|214|Rx|d|2|0000
3.312957|12e|Rx|d|8|CB80007FF0FFFF00
3.312957|90|Rx|d|5|FF00032B00
3.312957|c6|Rx|d|8|803D80007FE3A6BA
3.312957|242|Rx|d|8|1280FFFFFFFFFD00
3.312957|29c|Rx|d|8|00000000FFFF0000
3.312957|354|Rx|d|8|0000000000000000
3.312957|5df|Rx|d|3|009500
3.347030|12e|Rx|d|8|CB80007FF0FFFF00
3.347030|90|Rx|d|5|FF0004D200
3.347030|c6|Rx|d|8|803D80007FE3A8B8
3.347030|29a|Rx|d|8|0000000000000AF5
3.347030|2b7|Rx|d|5|00E0FFFE00
3.347030|392|Rx|d|5|0004000000
3.347030|668|Rx|d|2|8000
3.347030|1b0|Rx|d|4|FF00FFC0
3.347030|657|Rx|d|2|C0CC
3.347030|211|Rx|d|8|8200FFFFA90000CD
3.347030|214|Rx|d|2|0000
3.347030|218|Rx|d|1|98
3.347030|4fa|Rx|d|2|0800
3.347030|671|Rx|d|2|0200
3.347030|12e|Rx|d|8|CB80007FF0FFFF00
3.347030|90|Rx|d|5|FF00059E00
3.347030|c6|Rx|d|8|803D80007FE3AAB6
3.347030|242|Rx|d|8|1280FFFFFFFFFD00
3.347030|29c|Rx|d|8|00000000FFFF0000
3.347030|352|Rx|d|4|5C0000FF
3.347030|4ac|Rx|d|5|83722A0080
3.347030|45c|Rx|d|6|00000000FFE0
3.347030|12e|Rx|d|8|CB80007FF0FFFF00
3.347030|90|Rx|d|5|FF00064A00
3.347030|c6|Rx|d|8|803D80007FE3ACB4
3.347030|29a|Rx|d|8|0000000000000BF4
3.347030|2b7|Rx|d|5|00E0FFFE00
3.347030|1b0|Rx|d|4|FF00FFC0
3.347030|211|Rx|d|8|8200FFFFA90000CD
3.347030|214|Rx|d|2|0000
3.349670|12e|Rx|d|8|CB80007FF0FFFF00
3.349670|90|Rx|d|5|FF00070600
3.349670|c6|Rx|d|8|803D80007FE3AEB2
3.349670|242|Rx|d|8|1280FFFFFFFFFD00
3.349670|29c|Rx|d|8|00000000FFFF0000
3.349670|354|Rx|d|8|0000000000000000
3.357664|12e|Rx|d|8|CB80007FF0FFFF00
3.357664|90|Rx|d|5|FF0008A500
3.357664|c6|Rx|d|8|803D80007FE3B0B0
3.357664|29a|Rx|d|8|0000000000000CF3
3.357664|2b7|Rx|d|5|00E0FFFE00
3.357664|5d7|Rx|d|7|000008125200C0
3.363660|1b0|Rx|d|4|FF00FFC0
3.363660|211|Rx|d|8|8200FFFFA90000CD
3.363660|214|Rx|d|2|0000
3.367659|12e|Rx|d|8|CB80007FF0FFFF00
3.367659|90|Rx|d|5|FF0009E900
3.367659|c6|Rx|d|8|803D80007FE3B2AE
3.369656|242|Rx|d|8|1280FFFFFFFFFD00
3.369656|29c|Rx|d|8|00000000FFFF0000
3.369656|352|Rx|d|4|5C0000FF
3.369656|392|Rx|d|5|0004000000
3.377652|12e|Rx|d|8|CB80007FF0FFFF00
3.377652|90|Rx|d|5|FF000A3D00
3.377652|c6|Rx|d|8|803D80007FE3B4AC
3.379650|29a|Rx|d|8|0000000000000DF2
3.379650|2b7|Rx|d|5|00E0FFFE00
3.379650|666|Rx|d|4|34000008
3.379650|350|Rx|d|8|C22F3AF01414A485
3.379650|4f8|Rx|d|8|54C0000000000000
3.379650|1b0|Rx|d|4|FF00FFC0
3.379650|4de|Rx|d|3|C00000
3.379650|55d|Rx|d|8|00FC50C090800000
3.385648|211|Rx|d|8|8200FFFFA90000CD
3.385648|214|Rx|d|2|0000
3.385648|12e|Rx|d|8|CA80007FF0FFFF00
3.385648|90|Rx|d|5|FF000B7100
3.385648|c6|Rx|d|8|803D80087FE3B6A2
3.391643|242|Rx|d|8|1280FFFFFFFFFD00
3.391643|29c|Rx|d|8|00000000FFFF0000
3.391643|354|Rx|d|8|0000000000000000
3.397641|12e|Rx|d|8|CA80007FF0FFFF00
3.397641|90|Rx|d|5|FF000C8800
3.397641|c6|Rx|d|8|803D7FF87FE3B8B1
3.397641|29a|Rx|d|8|0000000000000EF1
3.413751|2b7|Rx|d|5|00E0FFFE00
3.413751|1b0|Rx|d|4|FF00FFC0
3.413751|3b7|Rx|d|6|00007FC000C0
3.413751|5de|Rx|d|8|0000000000000002
3.413751|211|Rx|d|8|8200FFFFA90000CD
3.413751|214|Rx|d|2|0000
3.413751|12e|Rx|d|8|CA80007FF0FFFF00
3.413751|90|Rx|d|5|FF000DC400
3.413751|c6|Rx|d|8|803D80007FE3BAA6
3.413751|242|Rx|d|8|1280FFFFFFFFFD00
3.413751|29c|Rx|d|8|00000000FFFF0000
3.413751|352|Rx|d|4|5C0000FF
3.413751|5df|Rx|d|3|009500
3.447714|12e|Rx|d|8|CA80007FF0FFFF00
3.447714|90|Rx|d|5|FF000E1000
3.447714|c6|Rx|d|8|803D80007FE3BCA4
3.447714|29a|Rx|d|8|0000000000000FF0
3.447714|2b7|Rx|d|5|00E0FFFE00
3.447714|392|Rx|d|5|0004000000
3.447714|668|Rx|d|2|8000
3.447714|1b0|Rx|d|4|FF00FFC0
3.447714|657|Rx|d|2|C0CC
3.447714|211|Rx|d|8|8200FFFFA90000CD
3.447714|214|Rx|d|2|0000
3.447714|218|Rx|d|1|98
3.447714|4fa|Rx|d|2|0800
3.447714|671|Rx|d|2|0200
3.447714|12e|Rx|d|8|CA80007FF0FFFF00
3.447714|90|Rx|d|5|FF000F5C00
3.447714|c6|Rx|d|8|803D80007FE3BEA2
3.447714|242|Rx|d|8|1280FFFFFFFFFD00
3.447714|29c|Rx|d|8|00000000FFFF0000
3.447714|354|Rx|d|8|0000000000000000
3.447714|4ac|Rx|d|5|83722A0080
3.447714|45c|Rx|d|6|00000000FFE0
3.447714|12e|Rx|d|8|CA80007FF0FFFF00
3.447714|90|Rx|d|5|FF0000FF00
3.447714|c6|Rx|d|8|803D80007FE3A0C0
3.447714|29a|Rx|d|8|00000000000000FF
3.447714|2b7|Rx|d|5|00E0FFFE00
3.447714|1b0|Rx|d|4|FF00FFC0
3.447714|211|Rx|d|8|8200FFFFA90000CD
3.447714|214|Rx|d|2|0000
3.449804|12e|Rx|d|8|CA80007FF0FFFF00
3.449804|90|Rx|d|5|FF0001B300
3.449804|c6|Rx|d|8|803D80007FE3A2BE
3.449804|242|Rx|d|8|1280FFFFFFFFFD00
3.449804|29c|Rx|d|8|00000000FFFF0000
3.449804|352|Rx|d|4|5C0000FF
3.457798|12e|Rx|d|8|CA80007FF0FFFF00
3.457798|90|Rx|d|5|FF00026700
3.457798|c6|Rx|d|8|803D80007FE3A4BC
3.457798|29a|Rx|d|8|00000000000001FE
3.457798|2b7|Rx|d|5|00E0FFFE00
3.457798|5d7|Rx|d|7|000008125200C0
3.463795|1b0|Rx|d|4|FF00FFC0
3.463795|211|Rx|d|8|8200FFFFA90000CD
3.463795|214|Rx|d|2|0000
3.467792|12e|Rx|d|8|CA7FFF7FF0FFFF00
3.467792|90|Rx|d|5|FF00032B00
3.467792|c6|Rx|d|8|803D80007FE3A6BA
3.467792|242|Rx|d|8|1280FFFFFFFFFD00
3.469791|29c|Rx|d|8|00000000FFFF0000
3.469791|354|Rx|d|8|0000000000000000
3.469791|392|Rx|d|5|0004000000
3.477785|12e|Rx|d|8|CA7FFF7FF0FFFF00
3.477785|90|Rx|d|5|FF0004D200
3.477785|c6|Rx|d|8|803D80007FE3A8B8
3.477785|29a|Rx|d|8|00000000000002FD
3.477785|2b7|Rx|d|5|00E0FFFE00
3.479784|666|Rx|d|4|34000008
3.481783|350|Rx|d|8|C22F3AF01414A485
3.481783|4f8|Rx|d|8|54C0000000000000
3.481783|1b0|Rx|d|4|FF00FFC0
3.481783|4de|Rx|d|3|C00000
3.481783|55d|Rx|d|8|00FC50C090800000
3.483782|211|Rx|d|8|8200FFFFA90000CD
3.483782|214|Rx|d|2|0000
3.487781|12e|Rx|d|8|CA7FFF7FF0FFFF00
3.487781|90|Rx|d|5|FF00059E00
3.487781|c6|Rx|d|8|803D80007FE3AAB6
3.487781|242|Rx|d|8|1280FFFFFFFFFD00
3.487781|29c|Rx|d|8|00000000FFFF0000
3.487781|352|Rx|d|4|5C0000FF
3.497774|12e|Rx|d|8|CA7FFF7FF0FFFF00
3.497774|90|Rx|d|5|FF00064A00
3.497774|c6|Rx|d|8|803D80007FE3ACB4
3.497774|29a|Rx|d|8|00000000000003FC
3.497774|2b7|Rx|d|5|00E0FFFE00
3.514778|1b0|Rx|d|4|FF00FFC0
3.514778|3b7|Rx|d|6|00007FC000C0
3.514778|5de|Rx|d|8|0000000000000002
3.530404|211|Rx|d|8|8200FFFFA90000CD
3.530404|214|Rx|d|2|0000
3.530404|12e|Rx|d|8|CA80007FF0FFFF00
3.530404|90|Rx|d|5|FF00070600
3.530404|c6|Rx|d|8|803D80007FE3AEB2
3.530404|242|Rx|d|8|1280FFFFFFFFFD00
3.530404|29c|Rx|d|8|00000000FFFF0000
3.530404|354|Rx|d|8|0000000000000000
3.530404|5df|Rx|d|3|009500
3.530404|646|Rx|d|8|000000020000000C
3.546026|12e|Rx|d|8|CA80007FF0FFFF00
3.546026|90|Rx|d|5|FF0008A500
3.546026|c6|Rx|d|8|803D80007FE3B0B0
3.546026|29a|Rx|d|8|00000000000004FB
3.546026|2b7|Rx|d|5|00E0FFFE00
3.546026|392|Rx|d|5|0004000000
3.546026|668|Rx|d|2|8000
3.546026|1b0|Rx|d|4|FF00FFC0
3.546026|657|Rx|d|2|C0CC
3.546026|211|Rx|d|8|8200FFFFA90000CD
3.546026|214|Rx|d|2|0000
3.546026|218|Rx|d|1|98
3.546026|4fa|Rx|d|2|0800
3.546026|671|Rx|d|2|0200
3.546026|12e|Rx|d|8|CA80007FF0FFFF00
3.546026|90|Rx|d|5|FF0009E900
3.546026|c6|Rx|d|8|803D80007FE3B2AE
3.546026|242|Rx|d|8|1280FFFFFFFFFD00
3.546026|29c|Rx|d|8|00000000FFFF0000
3.546026|352|Rx|d|4|5C0000FF
3.546026|4ac|Rx|d|5|83722A0080
3.546026|45c|Rx|d|6|00000000FFE0
3.548546|12e|Rx|d|8|CA80007FF0FFFF00
3.548546|90|Rx|d|5|FF000A3D00
3.548546|c6|Rx|d|8|803D80007FE3B4AC
3.548546|29a|Rx|d|8|00000000000005FA
3.548546|2b7|Rx|d|5|00E0FFFE00
3.548546|1b0|Rx|d|4|FF00FFC0
3.548546|211|Rx|d|8|8200FFFFA90000CD
3.548546|214|Rx|d|2|0000
3.548546|12e|Rx|d|8|CA80007FF0FFFF00
3.548546|90|Rx|d|5|FF000B7100
3.548546|c6|Rx|d|8|803D80007FE3B6AA
3.548546|242|Rx|d|8|1280FFFFFFFFFD00
3.550684|29c|Rx|d|8|00000000FFFF0000
3.550684|354|Rx|d|8|0000000000000000
3.558677|12e|Rx|d|8|CA80007FF0FFFF00
3.558677|90|Rx|d|5|FF000C8800
3.558677|c6|Rx|d|8|803D80007FE3B8A8
3.558677|29a|Rx|d|8|00000000000006F9
3.558677|2b7|Rx|d|5|00E0FFFE00
3.558677|5d7|Rx|d|7|000008125200C0
3.558677|1b0|Rx|d|4|FF00FFC0
3.564674|211|Rx|d|8|8200FFFFA90000CD
3.564674|214|Rx|d|2|0000
3.568673|12e|Rx|d|8|CB80007FF0FFFF00
3.568673|90|Rx|d|5|FF000DC400
3.568673|c6|Rx|d|8|803D80007FE3BAA6
3.568673|242|Rx|d|8|1280FFFFFFFFFD00
3.568673|29c|Rx|d|8|00000000FFFF0000
3.568673|352|Rx|d|4|5C0000FF
3.568673|392|Rx|d|5|0004000000
3.578666|12e|Rx|d|8|CB80007FF0FFFF00
3.578666|90|Rx|d|5|FF000E1000
3.578666|c6|Rx|d|8|803D80007FE3BCA4
3.578666|29a|Rx|d|8|00000000000007F8
3.578666|2b7|Rx|d|5|00E0FFFE00
3.578666|666|Rx|d|4|34000008
3.578666|350|Rx|d|8|C22F3AF01414A485
3.578666|4f8|Rx|d|8|54C0000000000000
3.578666|1b0|Rx|d|4|FF00FFC0
3.578666|4de|Rx|d|3|C00000
3.584665|55d|Rx|d|8|00FC50C090800000
3.584665|211|Rx|d|8|8200FFFFA90000CD
3.584665|214|Rx|d|2|0000
3.588660|12e|Rx|d|8|CB80007FF0FFFF00
3.588660|90|Rx|d|5|FF000F5C00
3.588660|c6|Rx|d|8|803D80007FE3BEA2
3.588660|242|Rx|d|8|1280FFFFFFFFFD00
3.588660|29c|Rx|d|8|00000000FFFF0000
3.588660|354|Rx|d|8|0000000000000000
3.598652|12e|Rx|d|8|CB80007FF0FFFF00
3.598652|90|Rx|d|5|FF0000FF00
3.598652|c6|Rx|d|8|803D80007FE3A0C0
3.598652|29a|Rx|d|8|00000000000008F7
3.598652|2b7|Rx|d|5|00E0FFFE00
3.598652|1b0|Rx|d|4|FF00FFC0
3.598652|5de|Rx|d|8|0000000000000002
3.598652|3b7|Rx|d|6|00007FC000C0
3.617922|211|Rx|d|8|8200FFFFA90000CD
3.617922|214|Rx|d|2|0000
3.617922|12e|Rx|d|8|CA80007FF0FFFF00
3.617922|90|Rx|d|5|FF0001B300
3.617922|c6|Rx|d|8|803D80007FE3A2BE
3.617922|242|Rx|d|8|1280FFFFFFFFFD00
3.617922|29c|Rx|d|8|00000000FFFF0000
3.617922|352|Rx|d|4|5C0000FF
3.617922|5df|Rx|d|3|009500
3.617922|12e|Rx|d|8|CA80007FF0FFFF00
3.617922|90|Rx|d|5|FF00026700
3.617922|c6|Rx|d|8|803D80007FE3A4BC
3.617922|29a|Rx|d|8|00000000000009F6
3.617922|2b7|Rx|d|5|00E0FFFE00
3.617922|392|Rx|d|5|0004000000
3.617922|668|Rx|d|2|8000
3.617922|1b0|Rx|d|4|FF00FFC0
3.617922|657|Rx|d|2|C0CC
3.651371|211|Rx|d|8|8200FFFFA90000CD
3.651371|214|Rx|d|2|0000
3.651371|218|Rx|d|1|98
3.651371|4fa|Rx|d|2|0800
3.651371|671|Rx|d|2|0200
3.651371|12e|Rx|d|8|CA80007FF0FFFF00
3.651371|90|Rx|d|5|FF00032B00
3.651371|c6|Rx|d|8|803D80007FE3A6BA
3.651371|242|Rx|d|8|1280FFFFFFFFFD00
3.651371|29c|Rx|d|8|00000000FFFF0000
3.651371|354|Rx|d|8|0000000000000000
3.651371|4ac|Rx|d|5|83722A0080
3.651371|45c|Rx|d|6|00000000FFE0
3.651371|12e|Rx|d|8|CA80007FF0FFFF00
3.651371|90|Rx|d|5|FF0004D200
3.651371|c6|Rx|d|8|803D80007FE3A8B8
3.651371|29a|Rx|d|8|0000000000000AF5
3.651371|2b7|Rx|d|5|00E0FFFE00
3.651371|1b0|Rx|d|4|FF00FFC0
3.651371|211|Rx|d|8|8200FFFFA90000CD
3.651371|214|Rx|d|2|0000
3.651371|12e|Rx|d|8|CB80007FF0FFFF00
3.651371|90|Rx|d|5|FF00059E00
3.651371|c6|Rx|d|8|803D80007FE3AAB6
3.651371|242|Rx|d|8|1280FFFFFFFFFD00
3.651371|29c|Rx|d|8|00000000FFFF0000
3.651371|352|Rx|d|4|5C0000FF
3.657711|12e|Rx|d|8|CB80007FF0FFFF00
3.657711|90|Rx|d|5|FF00064A00
3.657711|c6|Rx|d|8|803D80007FE3ACB4
3.659709|29a|Rx|d|8|0000000000000BF4
3.659709|2b7|Rx|d|5|00E0FFFE00
3.659709|5d7|Rx|d|7|000008125200C0
3.661710|1b0|Rx|d|4|FF00FFC0
3.663706|211|Rx|d|8|8200FFFFA90000CD
3.663706|214|Rx|d|2|0000
3.667704|12e|Rx|d|8|CA7FFF7FF0FFFF00
3.667704|90|Rx|d|5|FF00070600
3.667704|c6|Rx|d|8|803D80007FE3AEB2
3.667704|242|Rx|d|8|1280FFFFFFFFFD00
3.669703|29c|Rx|d|8|00000000FFFF0000
3.669703|354|Rx|d|8|0000000000000000
3.669703|392|Rx|d|5|0004000000
3.675699|6af|Rx|d|5|0000000000
3.677699|12e|Rx|d|8|CA7FFF7FF0FFFF00
3.677699|90|Rx|d|5|FF0008A500
3.677699|c6|Rx|d|8|803D80007FE3B0B0
3.677699|29a|Rx|d|8|0000000000000CF3
3.677699|2b7|Rx|d|5|00E0FFFE00
3.677699|666|Rx|d|4|34000008
3.683696|350|Rx|d|8|C22F3AF01414A485
3.683696|4f8|Rx|d|8|54C0000000000000
3.683696|1b0|Rx|d|4|FF00FFC0
3.683696|4de|Rx|d|3|C00000
3.683696|55d|Rx|d|8|00FC50C090800000
3.683696|211|Rx|d|8|8200FFFFA90000CD
3.683696|214|Rx|d|2|0000
3.687693|12e|Rx|d|8|CB7FFF7FF0FFFF00
3.687693|90|Rx|d|5|FF0009E900
3.687693|c6|Rx|d|8|803D80007FE3B2AE
3.687693|242|Rx|d|8|1280FFFFFFFFFD00
3.689692|29c|Rx|d|8|00000000FFFF0000
3.689692|352|Rx|d|4|5C0000FF
3.697687|12e|Rx|d|8|CB7FFF7FF0FFFF00
3.697687|90|Rx|d|5|FF000A3D00
3.697687|c6|Rx|d|8|803D80007FE3B4AC
3.697687|29a|Rx|d|8|0000000000000DF2
3.697687|2b7|Rx|d|5|00E0FFFE00
3.701683|1b0|Rx|d|4|FF00FFC0
3.701683|3b7|Rx|d|6|00007FC000C0
3.701683|5de|Rx|d|8|0000000000000002
3.701683|211|Rx|d|8|8200FFFFA90000CD
3.701683|214|Rx|d|2|0000
3.749414|12e|Rx|d|8|CA7FFF7FF0FFFF00
3.749414|90|Rx|d|5|FF000B7100
3.749414|c6|Rx|d|8|803D80007FE3B6AA
3.749414|242|Rx|d|8|1280FFFFFFFFFD00
3.749414|29c|Rx|d|8|00000000FFFF0000
3.749414|354|Rx|d|8|0000000000000000
3.749414|5df|Rx|d|3|009500
3.749414|12e|Rx|d|8|CA7FFF7FF0FFFF00
3.749414|90|Rx|d|5|FF000C8800
3.749414|c6|Rx|d|8|803D80007FE3B8A8
3.749414|29a|Rx|d|8|0000000000000EF1
3.749414|2b7|Rx|d|5|00E0FFFE00
3.749414|392|Rx|d|5|0004000000
3.749414|668|Rx|d|2|8000
3.749414|1b0|Rx|d|4|FF00FFC0
3.749414|657|Rx|d|2|C0CC
3.749414|211|Rx|d|8|8200FFFFA90000CD
3.749414|214|Rx|d|2|0000
3.749414|218|Rx|d|1|98
3.749414|4fa|Rx|d|2|0800
3.749414|671|Rx|d|2|0200
3.749414|12e|Rx|d|8|CA7FFF7FF0FFFF00
3.749414|90|Rx|d|5|FF000DC400
3.749414|c6|Rx|d|8|803D80007FE3BAA6
3.749414|242|Rx|d|8|1280FFFFFFFFFD00
3.749414|29c|Rx|d|8|00000000FFFF0000
3.749414|352|Rx|d|4|5C0000FF
3.749414|4ac|Rx|d|5|83722A0080
3.749414|45c|Rx|d|6|00000000FFE0
3.755135|12e|Rx|d|8|CA7FFF7FF0FFFF00
3.755135|90|Rx|d|5|FF000E1000
3.755135|c6|Rx|d|8|803D80007FE3BCA4
3.755135|29a|Rx|d|8|0000000000000FF0
3.755135|2b7|Rx|d|5|00E0FFFE00
3.755135|1b0|Rx|d|4|FF00FFC0
3.755135|211|Rx|d|8|8200FFFFA90000CD
3.755135|214|Rx|d|2|0000
3.755135|12e|Rx|d|8|CA80007FF0FFFF00
3.755135|90|Rx|d|5|FF000F5C00
3.755135|c6|Rx|d|8|803D80007FE3BEA2
3.755135|242|Rx|d|8|1280FFFFFFFFFD00
3.755135|29c|Rx|d|8|00000000FFFF0000
3.755135|354|Rx|d|8|0000000000000000
3.759410|12e|Rx|d|8|CA80007FF0FFFF00
3.759410|90|Rx|d|5|FF0000FF00
3.759410|c6|Rx|d|8|803D80007FE3A0C0
3.759410|29a|Rx|d|8|00000000000000FF
3.759410|2b7|Rx|d|5|00E0FFFE00
3.759410|5d7|Rx|d|7|000008125200C0
3.761408|1b0|Rx|d|4|FF00FFC0
3.763407|211|Rx|d|8|8200FFFFA90000CD
3.763407|214|Rx|d|2|0000
3.767406|12e|Rx|d|8|CB80007FF0FFFF00
3.767406|90|Rx|d|5|FF0001B300
3.767406|c6|Rx|d|8|803D80007FE3A2BE
3.769404|242|Rx|d|8|1280FFFFFFFFFD00
3.769404|29c|Rx|d|8|00000000FFFF0000
3.769404|352|Rx|d|4|5C0000FF
3.769404|392|Rx|d|5|0004000000
3.775399|6af|Rx|d|5|0000000000
3.777398|12e|Rx|d|8|CB80007FF0FFFF00
3.777398|90|Rx|d|5|FF00026700
3.777398|c6|Rx|d|8|803D80007FE3A4BC
3.779399|29a|Rx|d|8|00000000000001FE
3.779399|2b7|Rx|d|5|00E0FFFE00
3.779399|666|Rx|d|4|34000008
3.781396|350|Rx|d|8|C22F3AF01414A485
3.781396|1b0|Rx|d|4|FF00FFC0
3.781396|4f8|Rx|d|8|54C0000000000000
3.781396|4de|Rx|d|3|C00000
3.781396|55d|Rx|d|8|00FC50C090800000
3.781396|211|Rx|d|8|8200FFFFA90000CD
3.781396|214|Rx|d|2|0000
3.787394|12e|Rx|d|8|CA80007FF0FFFF00
3.787394|90|Rx|d|5|FF00032B00
3.787394|c6|Rx|d|8|803D80007FE3A6BA
3.787394|242|Rx|d|8|1280FFFFFFFFFD00
3.787394|29c|Rx|d|8|00000000FFFF0000
3.787394|354|Rx|d|8|0000000000000000
3.797388|12e|Rx|d|8|CA80007FF0FFFF00
3.797388|90|Rx|d|5|FF0004D200
3.797388|c6|Rx|d|8|803D80007FE3A8B8
3.799388|29a|Rx|d|8|00000000000002FD
3.799388|2b7|Rx|d|5|00E0FFFE00
3.801384|1b0|Rx|d|4|FF00FFC0
3.801384|5de|Rx|d|8|0000000000000002
3.801384|3b7|Rx|d|6|00007FC000C0
3.803384|211|Rx|d|8|8200FFFFA90000CD
3.803384|214|Rx|d|2|0000
3.822096|12e|Rx|d|8|CA80007FF0FFFF00
3.822096|90|Rx|d|5|FF00059E00
3.822096|c6|Rx|d|8|803D80007FE3AAB6
3.822096|242|Rx|d|8|1280FFFFFFFFFD00
3.822096|29c|Rx|d|8|00000000FFFF0000
3.822096|352|Rx|d|4|5C0000FF
3.822096|5df|Rx|d|3|009500
3.822096|12e|Rx|d|8|CA80007FF0FFFF00
3.822096|90|Rx|d|5|FF00064A00
3.822096|c6|Rx|d|8|803D80007FE3ACB4
3.822096|29a|Rx|d|8|00000000000003FC
3.822096|2b7|Rx|d|5|00E0FFFE00
3.822096|392|Rx|d|5|0004000000
3.822096|668|Rx|d|2|8000
3.822096|1b0|Rx|d|4|FF00FFC0
3.822096|657|Rx|d|2|C0CC
3.822096|211|Rx|d|8|8200FFFFA90000CD
3.822096|214|Rx|d|2|0000
3.822096|218|Rx|d|1|98
3.822096|4fa|Rx|d|2|0800
3.822096|671|Rx|d|2|0200
3.870239|12e|Rx|d|8|CA80007FF0FFFF00
3.870239|90|Rx|d|5|FF00070600
3.870239|c6|Rx|d|8|803D80007FE3AEB2
3.870239|242|Rx|d|8|1280FFFFFFFFFD00
3.870239|29c|Rx|d|8|00000000FFFF0000
3.870239|354|Rx|d|8|0000000000000000
3.870239|4ac|Rx|d|5|83722A0080
3.870239|45c|Rx|d|6|00000000FFE0
3.870239|12e|Rx|d|8|CA80007FF0FFFF00
3.870239|90|Rx|d|5|FF0008A500
3.870239|c6|Rx|d|8|803D80007FE3B0B0
3.870239|29a|Rx|d|8|00000000000004FB
3.870239|2b7|Rx|d|5|00E0FFFE00
3.870239|1b0|Rx|d|4|FF00FFC0
3.870239|211|Rx|d|8|8200FFFFA90000CD
3.870239|214|Rx|d|2|0000
3.870239|12e|Rx|d|8|CA80007FF0FFFF00
3.870239|90|Rx|d|5|FF0009E900
3.870239|c6|Rx|d|8|803D80007FE3B2AE
3.870239|242|Rx|d|8|1280FFFFFFFFFD00
3.870239|29c|Rx|d|8|00000000FFFF0000
3.870239|352|Rx|d|4|5C0000FF
3.870239|12e|Rx|d|8|CA80007FF0FFFF00
3.870239|90|Rx|d|5|FF000A3D00
3.870239|c6|Rx|d|8|803D80007FE3B4AC
3.870239|29a|Rx|d|8|00000000000005FA
3.870239|2b7|Rx|d|5|00E0FFFE00
3.870239|5d7|Rx|d|7|000008125200C0
3.870239|1b0|Rx|d|4|FF00FFC0
3.870239|211|Rx|d|8|8200FFFFA90000CD
3.870239|214|Rx|d|2|0000
3.870239|12e|Rx|d|8|CA80017FF0FFFF00
3.870239|90|Rx|d|5|FF000B7100
3.870239|c6|Rx|d|8|803D80007FE3B6AA
3.870239|242|Rx|d|8|1280FFFFFFFFFD00
3.870239|29c|Rx|d|8|00000000FFFF0000
3.870239|354|Rx|d|8|0000000000000000
3.870239|392|Rx|d|5|0004000000
3.905271|6af|Rx|d|5|0000000000
3.905271|12e|Rx|d|8|CA80017FF0FFFF00
3.905271|90|Rx|d|5|FF000C8800
3.905271|c6|Rx|d|8|803D80007FE3B8A8
3.905271|29a|Rx|d|8|00000000000006F9
3.905271|2b7|Rx|d|5|00E0FFFE00
3.905271|666|Rx|d|4|34000008
3.905271|350|Rx|d|8|C22F3AF01414A485
3.905271|1b0|Rx|d|4|FF00FFC0
3.905271|4f8|Rx|d|8|54C0000000000000
3.905271|4de|Rx|d|3|C00000
3.905271|55d|Rx|d|8|00FC50C090800000
3.905271|211|Rx|d|8|8200FFFFA90000CD
3.905271|214|Rx|d|2|0000
3.905271|12e|Rx|d|8|CA80007FF0FFFF00
3.905271|90|Rx|d|5|FF000DC400
3.905271|c6|Rx|d|8|803D80007FE3BAA6
3.905271|242|Rx|d|8|1280FFFFFFFFFD00
3.905271|29c|Rx|d|8|00000000FFFF0000
3.905271|352|Rx|d|4|5C0000FF
3.905271|12e|Rx|d|8|CA80007FF0FFFF00
3.905271|90|Rx|d|5|FF000E1000
3.905271|c6|Rx|d|8|803D80007FE3BCA4
3.905271|29a|Rx|d|8|00000000000007F8
3.905271|2b7|Rx|d|5|00E0FFFE00
3.905271|1b0|Rx|d|4|FF00FFC0
3.905271|5de|Rx|d|8|0000000000000002
3.905271|3b7|Rx|d|6|00007FC000C0
3.905271|211|Rx|d|8|8200FFFFA90000CD
3.905271|214|Rx|d|2|0000
3.905271|12e|Rx|d|8|CB80007FF0FFFF00
3.905271|90|Rx|d|5|FF000F5C00
3.909560|c6|Rx|d|8|803D80007FE3BEA2
3.911557|242|Rx|d|8|1280FFFFFFFFFD00
3.911557|29c|Rx|d|8|00000000FFFF0000
3.911557|354|Rx|d|8|0000000000000000
3.911557|5df|Rx|d|3|009500
3.917553|12e|Rx|d|8|CB80007FF0FFFF00
3.917553|90|Rx|d|5|FF0000FF00
3.917553|c6|Rx|d|8|803D80007FE3A0C0
3.917553|29a|Rx|d|8|00000000000008F7
3.917553|2b7|Rx|d|5|00E0FFFE00
3.917553|392|Rx|d|5|0004000000
3.917553|668|Rx|d|2|8000
3.923550|1b0|Rx|d|4|FF00FFC0
3.923550|657|Rx|d|2|C0CC
3.923550|211|Rx|d|8|8200FFFFA90000CD
3.923550|214|Rx|d|2|0000
3.923550|218|Rx|d|1|98
3.923550|4fa|Rx|d|2|0800
3.923550|671|Rx|d|2|0200
3.929546|12e|Rx|d|8|CB80007FF0FFFF00
3.929546|90|Rx|d|5|FF0001B300
3.929546|c6|Rx|d|8|803D80007FE3A2BE
3.929546|242|Rx|d|8|1280FFFFFFFFFD00
3.929546|29c|Rx|d|8|00000000FFFF0000
3.929546|352|Rx|d|4|5C0000FF
3.931545|4ac|Rx|d|5|83712A0080
3.931545|45c|Rx|d|6|00000000FFE0
3.937541|12e|Rx|d|8|CB80007FF0FFFF00
3.937541|90|Rx|d|5|FF00026700
3.937541|c6|Rx|d|8|803D80007FE3A4BC
3.937541|29a|Rx|d|8|00000000000009F6
3.937541|2b7|Rx|d|5|00E0FFFE00
3.943538|1b0|Rx|d|4|FF00FFC0
3.943538|211|Rx|d|8|8200FFFFA90000CD
3.943538|214|Rx|d|2|0000
3.949533|12e|Rx|d|8|CB80007FF0FFFF00
3.949533|90|Rx|d|5|FF00032B00
3.949533|c6|Rx|d|8|803D80007FE3A6BA
3.949533|242|Rx|d|8|1280FFFFFFFFFD00
3.949533|29c|Rx|d|8|00000000FFFF0000
3.949533|354|Rx|d|8|0000000000000000
3.970813|12e|Rx|d|8|CB80007FF0FFFF00
3.970813|90|Rx|d|5|FF0004D200
3.986438|c6|Rx|d|8|803D80007FE3A8B8
3.986438|29a|Rx|d|8|0000000000000AF5
3.986438|2b7|Rx|d|5|00E0FFFE00
3.986438|5d7|Rx|d|7|000008125200C0
3.986438|1b0|Rx|d|4|FF00FFC0
3.986438|211|Rx|d|8|8200FFFFA90000CD
3.986438|214|Rx|d|2|0000
3.986438|12e|Rx|d|8|CA80007FF0FFFF00
3.986438|90|Rx|d|5|FF00059E00
3.986438|c6|Rx|d|8|803D80007FE3AAB6
3.986438|242|Rx|d|8|1280FFFFFFFFFD00
3.986438|29c|Rx|d|8|00000000FFFF0000
3.986438|352|Rx|d|4|5C0000FF
3.986438|392|Rx|d|5|0004000000
3.986438|6af|Rx|d|5|0000000000
3.986438|12e|Rx|d|8|CA80007FF0FFFF00
3.986438|90|Rx|d|5|FF00064A00
3.986438|c6|Rx|d|8|803D80007FE3ACB4
3.986438|29a|Rx|d|8|0000000000000BF4
3.986438|2b7|Rx|d|5|00E0FFFE00
3.986438|666|Rx|d|4|34000008
3.986438|350|Rx|d|8|C22F3AF01414A485
3.986438|1b0|Rx|d|4|FF00FFC0
3.986438|4f8|Rx|d|8|54C0000000000000
3.986438|4de|Rx|d|3|C00000
3.986438|55d|Rx|d|8|00FC50C090800000
3.986438|211|Rx|d|8|8200FFFFA90000CD
3.986438|214|Rx|d|2|0000
3.986438|12e|Rx|d|8|CA80007FF0FFFF00
3.986438|90|Rx|d|5|FF00070600
3.986438|c6|Rx|d|8|803D80007FE3AEB2
3.986438|242|Rx|d|8|1280FFFFFFFFFD00
3.986438|29c|Rx|d|8|00000000FFFF0000
4.020463|354|Rx|d|8|0000000000000000
4.020463|12e|Rx|d|8|CA80007FF0FFFF00
4.020463|90|Rx|d|5|FF0008A500
4.020463|c6|Rx|d|8|803D80007FE3B0B0
4.020463|29a|Rx|d|8|0000000000000CF3
4.020463|2b7|Rx|d|5|00E0FFFE00
4.020463|1b0|Rx|d|4|FF00FFC0
4.020463|5de|Rx|d|8|0000000000000002
4.020463|3b7|Rx|d|6|00007FC000C0
4.020463|211|Rx|d|8|8200FFFFA90000CD
4.020463|214|Rx|d|2|0000
4.020463|12e|Rx|d|8|CA80007FF0FFFF00
4.020463|90|Rx|d|5|FF0009E900
4.020463|c6|Rx|d|8|803D80007FE3B2AE
4.020463|242|Rx|d|8|1280FFFFFFFFFD00
4.020463|29c|Rx|d|8|00000000FFFF0000
4.020463|352|Rx|d|4|5C0000FF
4.020463|5df|Rx|d|3|009500
4.020463|646|Rx|d|8|000000020000000C
4.020463|12e|Rx|d|8|CA80007FF0FFFF00
4.020463|90|Rx|d|5|FF000A3D00
4.020463|c6|Rx|d|8|803D80007FE3B4AC
4.020463|29a|Rx|d|8|0000000000000DF2
4.020463|2b7|Rx|d|5|00E0FFFE00
4.020463|392|Rx|d|5|0004000000
4.020463|668|Rx|d|2|8000
4.020463|1b0|Rx|d|4|FF00FFC0
4.020463|657|Rx|d|2|C0CC
4.020463|211|Rx|d|8|8200FFFFA90000CD
4.020463|214|Rx|d|2|0000
4.020463|218|Rx|d|1|98
4.020463|4fa|Rx|d|2|0800
4.055236|671|Rx|d|2|0200
4.055236|12e|Rx|d|8|CA80007FF0FFFF00
4.055236|90|Rx|d|5|FF000B7100
4.055236|c6|Rx|d|8|803D80007FE3B6AA
4.055236|242|Rx|d|8|1280FFFFFFFFFD00
4.055236|29c|Rx|d|8|00000000FFFF0000
4.055236|354|Rx|d|8|0000000000000000
4.055236|4ac|Rx|d|5|83722A0080
4.055236|45c|Rx|d|6|00000000FFE0
4.055236|12e|Rx|d|8|CA80007FF0FFFF00
4.055236|90|Rx|d|5|FF000C8800
4.055236|c6|Rx|d|8|803D80007FE3B8A8
4.055236|29a|Rx|d|8|0000000000000EF1
4.055236|2b7|Rx|d|5|00E0FFFE00
4.055236|1b0|Rx|d|4|FF00FFC0
4.055236|211|Rx|d|8|8200FFFFA90000CD
4.055236|214|Rx|d|2|0000
4.055236|12e|Rx|d|8|CA80007FF0FFFF00
4.055236|90|Rx|d|5|FF000DC400
4.055236|c6|Rx|d|8|803D80007FE3BAA6
4.055236|242|Rx|d|8|1280FFFFFFFFFD00
4.055236|29c|Rx|d|8|00000000FFFF0000
4.055236|352|Rx|d|4|5C0000FF
4.057542|12e|Rx|d|8|CA80007FF0FFFF00
4.057542|90|Rx|d|5|FF000E1000
4.059541|c6|Rx|d|8|803D80007FE3BCA4
4.059541|29a|Rx|d|8|0000000000000FF0
4.059541|2b7|Rx|d|5|00E0FFFE00
4.059541|5d7|Rx|d|7|000008125200C0
4.061540|1b0|Rx|d|4|FF00FFC0
4.063539|211|Rx|d|8|8200FFFFA90000CD
4.063539|214|Rx|d|2|0000
4.067536|12e|Rx|d|8|CA80007FF0FFFF00
4.067536|90|Rx|d|5|FF000F5C00
4.067536|c6|Rx|d|8|803D80007FE3BEA2
4.069535|242|Rx|d|8|1280FFFFFFFFFD00
4.069535|29c|Rx|d|8|00000000FFFF0000
4.069535|354|Rx|d|8|0000000000000000
4.069535|392|Rx|d|5|0004000000
4.077529|6af|Rx|d|5|0000000000
4.077529|12e|Rx|d|8|CA80007FF0FFFF00
4.077529|90|Rx|d|5|FF0000FF00
4.077529|c6|Rx|d|8|803D80007FE3A0C0
4.079528|29a|Rx|d|8|00000000000000FF
4.079528|2b7|Rx|d|5|00E0FFFE00
4.079528|666|Rx|d|4|34000008
4.081528|350|Rx|d|8|C22F3AF01414A485
4.081528|1b0|Rx|d|4|FF00FFC0
4.081528|4f8|Rx|d|8|54C0000000000000
4.081528|4de|Rx|d|3|C00000
4.081528|55d|Rx|d|8|00FC50C090800000
4.083526|211|Rx|d|8|8200FFFFA90000CD
4.083526|214|Rx|d|2|0000
4.087524|12e|Rx|d|8|CA80007FF0FFFF00
4.087524|90|Rx|d|5|FF0001B300
4.087524|c6|Rx|d|8|803D80007FE3A2BE
4.087524|242|Rx|d|8|1280FFFFFFFFFD00
4.087524|29c|Rx|d|8|00000000FFFF0000
4.087524|352|Rx|d|4|5C0000FF
4.097517|12e|Rx|d|8|CA80007FF0FFFF00
4.097517|90|Rx|d|5|FF00026700
4.097517|c6|Rx|d|8|803D80007FE3A4BC
4.099518|29a|Rx|d|8|00000000000001FE
4.099518|2b7|Rx|d|5|00E0FFFE00
4.099518|1b0|Rx|d|4|FF00FFC0
4.099518|5de|Rx|d|8|0000000000000002
4.099518|3b7|Rx|d|6|00007FC000C0
4.105897|211|Rx|d|8|8200FFFFA90000CD
4.105897|214|Rx|d|2|0000
4.105897|12e|Rx|d|8|CA7FFF7FF0FFFF00
4.105897|90|Rx|d|5|FF00032B00
4.105897|c6|Rx|d|8|803D80007FE3A6BA
4.111385|242|Rx|d|8|1280FFFFFFFFFD00
4.111385|29c|Rx|d|8|00000000FFFF0000
4.111385|354|Rx|d|8|0000000000000000
4.111385|5df|Rx|d|3|009500
4.117380|12e|Rx|d|8|CA7FFF7FF0FFFF00
4.117380|90|Rx|d|5|FF0004D200
4.117380|c6|Rx|d|8|803D80007FE3A8B8
4.119379|29a|Rx|d|8|00000000000002FD
4.119379|2b7|Rx|d|5|00E0FFFE00
4.119379|392|Rx|d|5|0004000000
4.119379|668|Rx|d|2|8000
4.119379|1b0|Rx|d|4|FF00FFC0
4.119379|657|Rx|d|2|C0CC
4.125375|211|Rx|d|8|8200FFFFA90000CD
4.125375|214|Rx|d|2|0000
4.125375|218|Rx|d|1|98
4.125375|4fa|Rx|d|2|0800
4.125375|671|Rx|d|2|0200
4.127375|12e|Rx|d|8|CA80007FF0FFFF00
4.127375|90|Rx|d|5|FF00059E00
4.127375|c6|Rx|d|8|803D80007FE3AAB6
4.127375|242|Rx|d|8|1280FFFFFFFFFD00
4.127375|29c|Rx|d|8|00000000FFFF0000
4.127375|352|Rx|d|4|5C0000FF
4.133371|4ac|Rx|d|5|83712A0080
4.133371|45c|Rx|d|6|00000000FFE0
4.137369|12e|Rx|d|8|CA80007FF0FFFF00
4.137369|90|Rx|d|5|FF00064A00
4.137369|c6|Rx|d|8|803D80007FE3ACB4
4.139367|29a|Rx|d|8|00000000000003FC
4.139367|2b7|Rx|d|5|00E0FFFE00
4.139367|1b0|Rx|d|4|FF00FFC0
4.145362|211|Rx|d|8|8200FFFFA90000CD
4.145362|214|Rx|d|2|0000
4.147362|12e|Rx|d|8|CA80007FF0FFFF00
4.147362|90|Rx|d|5|FF00070600
4.147362|c6|Rx|d|8|803D80007FE3AEB2
4.149360|242|Rx|d|8|1280FFFFFFFFFD00
4.149360|29c|Rx|d|8|00000000FFFF0000
4.149360|354|Rx|d|8|0000000000000000
4.157355|12e|Rx|d|8|CA80007FF0FFFF00
4.157355|90|Rx|d|5|FF0008A500
4.157355|c6|Rx|d|8|803D80007FE3B0B0
4.173813|29a|Rx|d|8|00000000000004FB
4.173813|2b7|Rx|d|5|00E0FFFE00
4.173813|5d7|Rx|d|7|000008125200C0
4.173813|1b0|Rx|d|4|FF00FFC0
4.173813|211|Rx|d|8|8200FFFFA90000CD
4.173813|214|Rx|d|2|0000
4.173813|12e|Rx|d|8|CA7FFF7FF0FFFF00
4.173813|90|Rx|d|5|FF0009E900
4.173813|c6|Rx|d|8|803D80007FE3B2AE
4.173813|242|Rx|d|8|1280FFFFFFFFFD00
4.173813|29c|Rx|d|8|00000000FFFF0000
4.173813|352|Rx|d|4|5C0000FF
4.173813|392|Rx|d|5|0004000000
4.222357|6af|Rx|d|5|0000000000
4.222357|12e|Rx|d|8|CA7FFF7FF0FFFF00
4.222357|90|Rx|d|5|FF000A3D00
4.222357|c6|Rx|d|8|803D80087FE3B4A4
4.222357|29a|Rx|d|8|00000000000005FA
4.222357|2b7|Rx|d|5|00E0FFFE00
4.222357|666|Rx|d|4|34000008
4.222357|350|Rx|d|8|C22F3AF01414A485
4.222357|1b0|Rx|d|4|FF00FFC0
4.222357|4f8|Rx|d|8|54C0000000000000
4.222357|4de|Rx|d|3|C00000
4.222357|55d|Rx|d|8|00FC50C090800000
4.222357|211|Rx|d|8|8200FFFFA90000CD
4.222357|214|Rx|d|2|0000
4.222357|12e|Rx|d|8|CA80007FF0FFFF00
4.222357|90|Rx|d|5|FF000B7100
4.222357|c6|Rx|d|8|803D7FF87FE3B6B3
4.222357|242|Rx|d|8|1280FFFFFFFFFD00
4.222357|29c|Rx|d|8|00000000FFFF0000
4.222357|354|Rx|d|8|0000000000000000
4.222357|12e|Rx|d|8|CA80007FF0FFFF00
4.222357|90|Rx|d|5|FF000C8800
4.222357|c6|Rx|d|8|803D80007FE3B8A8
4.222357|29a|Rx|d|8|00000000000006F9
4.222357|2b7|Rx|d|5|00E0FFFE00
4.222357|1b0|Rx|d|4|FF00FFC0
4.222357|5de|Rx|d|8|0000000000000002
4.222357|3b7|Rx|d|6|00007FC000C0
4.222357|211|Rx|d|8|8200FFFFA90000CD
4.222357|214|Rx|d|2|0000
4.222357|12e|Rx|d|8|CA80007FF0FFFF00
4.222357|90|Rx|d|5|FF000DC400
4.222357|c6|Rx|d|8|803D80007FE3BAA6
4.222357|242|Rx|d|8|1280FFFFFFFFFD00
4.222357|29c|Rx|d|8|00000000FFFF0000
4.222357|352|Rx|d|4|5C0000FF
4.222357|5df|Rx|d|3|009500
4.222357|12e|Rx|d|8|CA80007FF0FFFF00
4.222357|90|Rx|d|5|FF000E1000
4.222357|c6|Rx|d|8|803D80007FE3BCA4
4.222357|29a|Rx|d|8|00000000000007F8
4.222357|2b7|Rx|d|5|00E0FFFE00
4.222357|392|Rx|d|5|0004000000
4.222357|668|Rx|d|2|8000
4.222357|699|Rx|d|8|00000200BF000000
4.222357|1b0|Rx|d|4|FF00FFC0
4.222357|657|Rx|d|2|C0CC
4.222357|69f|Rx|d|4|0650859F
4.222357|211|Rx|d|8|8200FFFFA90000CD
4.222357|214|Rx|d|2|0000
4.222357|218|Rx|d|1|98
4.222357|4fa|Rx|d|2|0800
4.222357|671|Rx|d|2|0200
4.258252|12e|Rx|d|8|CA80007FF0FFFF00
4.258252|90|Rx|d|5|FF000F5C00
4.258252|c6|Rx|d|8|803D80007FE3BEA2
4.258252|242|Rx|d|8|1280FFFFFFFFFD00
4.258252|29c|Rx|d|8|00000000FFFF0000
4.258252|354|Rx|d|8|0000000000000000
4.258252|4ac|Rx|d|5|83712A0080
4.258252|45c|Rx|d|6|00000000FFE0
4.258252|12e|Rx|d|8|CA80007FF0FFFF00
4.258252|90|Rx|d|5|FF0000FF00
4.258252|c6|Rx|d|8|803D80007FE3A0C0
4.258252|29a|Rx|d|8|00000000000008F7
4.258252|2b7|Rx|d|5|00E0FFFE00
4.258252|1b0|Rx|d|4|FF00FFC0
4.258252|211|Rx|d|8|8200FFFFA90000CD
4.258252|214|Rx|d|2|0000
4.258252|12e|Rx|d|8|CA80007FF0FFFF00
4.258252|90|Rx|d|5|FF0001B300
4.258252|c6|Rx|d|8|803D80007FE3A2BE
4.258252|242|Rx|d|8|1280FFFFFFFFFD00
4.258252|29c|Rx|d|8|00000000FFFF0000
4.258252|352|Rx|d|4|5C0000FF
4.273878|12e|Rx|d|8|CA80007FF0FFFF00
4.273878|90|Rx|d|5|FF00026700
4.273878|c6|Rx|d|8|803D80007FE3A4BC
4.273878|29a|Rx|d|8|00000000000009F6
4.273878|2b7|Rx|d|5|00E0FFFE00
4.273878|5d7|Rx|d|7|000008125200C0
4.273878|1b0|Rx|d|4|FF00FFC0
4.277544|211|Rx|d|8|8200FFFFA90000CD
4.277544|214|Rx|d|2|0000
4.277544|12e|Rx|d|8|CA80007FF0FFFF00
4.277544|90|Rx|d|5|FF00032B00
4.277544|c6|Rx|d|8|803D80007FE3A6BA
4.277544|242|Rx|d|8|1280FFFFFFFFFD00
4.277544|29c|Rx|d|8|00000000FFFF0000
4.277544|354|Rx|d|8|0000000000000000
4.277544|392|Rx|d|5|0004000000
4.277544|6af|Rx|d|5|0000000000
4.277544|12e|Rx|d|8|CA80007FF0FFFF00
4.277544|90|Rx|d|5|FF0004D200
4.277544|c6|Rx|d|8|803D80007FE3A8B8
4.277544|29a|Rx|d|8|0000000000000AF5
4.277544|2b7|Rx|d|5|00E0FFFE00
4.277544|666|Rx|d|4|34000008
4.298193|350|Rx|d|8|C22F3AF01414A485
4.298193|1b0|Rx|d|4|FF00FFC0
4.298193|4f8|Rx|d|8|54C0000000000000
4.298193|4de|Rx|d|3|C00000
4.298193|55d|Rx|d|8|00FC50C090800000
4.298193|211|Rx|d|8|8200FFFFA90000CD
4.298193|214|Rx|d|2|0000
4.310116|12e|Rx|d|8|CA80007FF0FFFF00
4.310116|90|Rx|d|5|FF00059E00
4.310116|c6|Rx|d|8|803D80007FE3AAB6
4.310116|242|Rx|d|8|1280FFFFFFFFFD00
4.310116|29c|Rx|d|8|00000000FFFF0000
4.310116|352|Rx|d|4|5C0000FF
4.310116|12e|Rx|d|8|CA80007FF0FFFF00
4.310116|90|Rx|d|5|FF00064A00
4.310116|c6|Rx|d|8|803D80007FE3ACB4
4.310116|29a|Rx|d|8|0000000000000BF4
4.310116|2b7|Rx|d|5|00E0FFFE00
4.310116|1b0|Rx|d|4|FF00FFC0
4.310116|5de|Rx|d|8|0000000000000002
4.312319|3b7|Rx|d|6|00007FC000C0
4.312319|211|Rx|d|8|8200FFFFA90000CD
4.312319|214|Rx|d|2|0000
4.312319|12e|Rx|d|8|CA80007FF0FFFF00
4.312319|90|Rx|d|5|FF00070600
4.312319|c6|Rx|d|8|803D80007FE3AEB2
4.312319|242|Rx|d|8|1280FFFFFFFFFD00
4.312319|29c|Rx|d|8|00000000FFFF0000
4.312319|354|Rx|d|8|0000000000000000
4.312319|5df|Rx|d|3|009500
4.318314|12e|Rx|d|8|CA80007FF0FFFF00
4.318314|90|Rx|d|5|FF0008A500
4.318314|c6|Rx|d|8|803D80007FE3B0B0
4.318314|29a|Rx|d|8|0000000000000CF3
4.318314|2b7|Rx|d|5|00E0FFFE00
4.318314|392|Rx|d|5|0004000000
4.318314|668|Rx|d|2|8000
4.318314|1b0|Rx|d|4|FF00FFC0
4.318314|657|Rx|d|2|C0CC
4.324310|211|Rx|d|8|8200FFFFA90000CD
4.324310|214|Rx|d|2|0000
4.324310|218|Rx|d|1|98
4.324310|4fa|Rx|d|2|0800
4.324310|671|Rx|d|2|0200
4.328308|12e|Rx|d|8|CA80007FF0FFFF00
4.328308|90|Rx|d|5|FF0009E900
4.328308|c6|Rx|d|8|803D80007FE3B2AE
4.328308|242|Rx|d|8|1280FFFFFFFFFD00
4.328308|29c|Rx|d|8|00000000FFFF0000
4.328308|352|Rx|d|4|5C0000FF
4.330309|4ac|Rx|d|5|83712A0080
4.330309|45c|Rx|d|6|00000000FFE0
4.338305|12e|Rx|d|8|CA80007FF0FFFF00
4.338305|90|Rx|d|5|FF000A3D00
4.338305|c6|Rx|d|8|803D80007FE3B4AC
4.338305|29a|Rx|d|8|0000000000000DF2
4.338305|2b7|Rx|d|5|00E0FFFE00
4.340303|1b0|Rx|d|4|FF00FFC0
4.342302|211|Rx|d|8|8200FFFFA90000CD
4.342302|214|Rx|d|2|0000
4.348298|12e|Rx|d|8|CA80007FF0FFFF00
4.348298|90|Rx|d|5|FF000B7100
4.348298|c6|Rx|d|8|803D80007FE3B6AA
4.348298|242|Rx|d|8|1280FFFFFFFFFD00
4.348298|29c|Rx|d|8|00000000FFFF0000
4.350297|354|Rx|d|8|0000000000000000
4.358290|12e|Rx|d|8|CA80007FF0FFFF00
4.358290|90|Rx|d|5|FF000C8800
4.358290|c6|Rx|d|8|803D80007FE3B8A8
4.358290|29a|Rx|d|8|0000000000000EF1
4.358290|2b7|Rx|d|5|00E0FFFE00
4.358290|5d7|Rx|d|7|000008125200C0
4.358290|1b0|Rx|d|4|FF00FFC0
4.391751|211|Rx|d|8|8200FFFFA90000CD
4.391751|214|Rx|d|2|0000
4.391751|12e|Rx|d|8|CA80007FF0FFFF00
4.391751|90|Rx|d|5|FF000DC400
4.391751|c6|Rx|d|8|803D80007FE3BAA6
4.391751|242|Rx|d|8|1280FFFFFFFFFD00
4.391751|29c|Rx|d|8|00000000FFFF0000
4.391751|352|Rx|d|4|5C0000FF
4.391751|392|Rx|d|5|0004000000
4.391751|6af|Rx|d|5|0000000000
4.391751|12e|Rx|d|8|CA80007FF0FFFF00
4.391751|90|Rx|d|5|FF000E1000
4.391751|c6|Rx|d|8|803D80007FE3BCA4
4.391751|29a|Rx|d|8|0000000000000FF0
4.391751|2b7|Rx|d|5|00E0FFFE00
4.391751|666|Rx|d|4|34000008
4.391751|350|Rx|d|8|C22F3AF01414A485
4.391751|1b0|Rx|d|4|FF00FFC0
4.391751|4de|Rx|d|3|C00000
4.391751|4f8|Rx|d|8|54C0000000000000
4.391751|55d|Rx|d|8|00FC50C090800000
4.391751|211|Rx|d|8|8200FFFFA90000CD
4.391751|214|Rx|d|2|0000
4.391751|12e|Rx|d|8|CA80007FF0FFFF00
4.391751|90|Rx|d|5|FF000F5C00
4.391751|c6|Rx|d|8|803D80007FE3BEA2
4.391751|242|Rx|d|8|1280FFFFFFFFFD00
4.391751|29c|Rx|d|8|00000000FFFF0000
4.391751|354|Rx|d|8|0000000000000000
4.425430|12e|Rx|d|8|CA80007FF0FFFF00
4.425430|90|Rx|d|5|FF0000FF00
4.425430|c6|Rx|d|8|803D80007FE3A0C0
4.425430|29a|Rx|d|8|00000000000000FF
4.425430|2b7|Rx|d|5|00E0FFFE00
4.425430|1b0|Rx|d|4|FF00FFC0
4.425430|5de|Rx|d|8|0000000000000002
4.425430|3b7|Rx|d|6|00007FC000C0
4.425430|211|Rx|d|8|8200FFFFA90000CD
4.425430|214|Rx|d|2|0000
4.425430|12e|Rx|d|8|CA80007FF0FFFF00
4.425430|90|Rx|d|5|FF0001B300
4.425430|c6|Rx|d|8|803D80007FE3A2BE
4.425430|242|Rx|d|8|1280FFFFFFFFFD00
4.425430|29c|Rx|d|8|00000000FFFF0000
4.425430|352|Rx|d|4|5C0000FF
4.425430|5df|Rx|d|3|009500
4.425430|12e|Rx|d|8|CA80007FF0FFFF00
4.425430|90|Rx|d|5|FF00026700
4.425430|c6|Rx|d|8|803D80007FE3A4BC
4.425430|29a|Rx|d|8|00000000000001FE
4.425430|2b7|Rx|d|5|00E0FFFE00
4.425430|392|Rx|d|5|0004000000
4.425430|668|Rx|d|2|8000
4.425430|1b0|Rx|d|4|FF00FFC0
4.425430|657|Rx|d|2|C0CC
4.425430|211|Rx|d|8|8200FFFFA90000CD
4.425430|214|Rx|d|2|0000
4.425430|218|Rx|d|1|98
4.425430|4fa|Rx|d|2|0800
4.425430|671|Rx|d|2|0200
4.425430|12e|Rx|d|8|CA80007FF0FFFF00
4.425430|90|Rx|d|5|FF00032B00
4.425430|c6|Rx|d|8|803D80007FE3A6BA
4.425430|242|Rx|d|8|1280FFFFFFFFFD00
4.460171|29c|Rx|d|8|00000000FFFF0000
4.460171|354|Rx|d|8|0000000000000000
4.460171|4ac|Rx|d|5|83712A0080
4.460171|45c|Rx|d|6|00000000FFE0
4.460171|12e|Rx|d|8|CA80007FF0FFFF00
4.460171|90|Rx|d|5|FF0004D200
4.460171|c6|Rx|d|8|803D80007FE3A8B8
4.460171|29a|Rx|d|8|00000000000002FD
4.460171|2b7|Rx|d|5|00E0FFFE00
4.460171|1b0|Rx|d|4|FF00FFC0
4.460171|211|Rx|d|8|8200FFFFA90000CD
4.460171|214|Rx|d|2|0000
4.460171|12e|Rx|d|8|CA80007FF0FFFF00
4.460171|90|Rx|d|5|FF00059E00
4.460171|c6|Rx|d|8|803D80007FE3AAB6
4.460171|242|Rx|d|8|1280FFFFFFFFFD00
4.460171|29c|Rx|d|8|00000000FFFF0000
4.460171|352|Rx|d|4|5C0000FF
4.460171|12e|Rx|d|8|CA80007FF0FFFF00
4.460171|90|Rx|d|5|FF00064A00
4.460171|c6|Rx|d|8|803D80007FE3ACB4
4.460171|29a|Rx|d|8|00000000000003FC
4.460171|2b7|Rx|d|5|00E0FFFE00
4.460171|5d7|Rx|d|7|000008125200C0
4.462299|1b0|Rx|d|4|FF00FFC0
4.462299|211|Rx|d|8|8200FFFFA90000CD
4.462299|214|Rx|d|2|0000
4.468294|12e|Rx|d|8|CA80007FF0FFFF00
4.468294|90|Rx|d|5|FF00070600
4.468294|c6|Rx|d|8|803D80007FE3AEB2
4.468294|242|Rx|d|8|1280FFFFFFFFFD00
4.468294|29c|Rx|d|8|00000000FFFF0000
4.468294|354|Rx|d|8|0000000000000000
4.470292|392|Rx|d|5|0004000000
4.476289|6af|Rx|d|5|0000000000
4.476289|12e|Rx|d|8|CA80007FF0FFFF00
4.476289|90|Rx|d|5|FF0008A500
4.476289|c6|Rx|d|8|803D80007FE3B0B0
4.476289|29a|Rx|d|8|00000000000004FB
4.476289|2b7|Rx|d|5|00E0FFFE00
4.476289|666|Rx|d|4|34000008
4.482286|350|Rx|d|8|C22F3AF01414A485
4.482286|1b0|Rx|d|4|FF00FFC0
4.482286|4de|Rx|d|3|C00000
4.482286|4f8|Rx|d|8|54C0000000000000
4.482286|55d|Rx|d|8|00FC50C090800000
4.482286|211|Rx|d|8|8200FFFFA90000CD
4.482286|214|Rx|d|2|0000
4.488283|12e|Rx|d|8|CA7FFF7FF0FFFF00
4.488283|90|Rx|d|5|FF0009E900
4.488283|c6|Rx|d|8|803D80007FE3B2AE
4.488283|242|Rx|d|8|1280FFFFFFFFFD00
4.490279|29c|Rx|d|8|00000000FFFF0000
4.490279|352|Rx|d|4|5C0000FF
4.498275|12e|Rx|d|8|CA7FFF7FF0FFFF00
4.498275|90|Rx|d|5|FF000A3D00
4.498275|c6|Rx|d|8|803D80007FE3B4AC
4.498275|29a|Rx|d|8|00000000000005FA
4.498275|2b7|Rx|d|5|00E0FFFE00
4.500273|1b0|Rx|d|4|FF00FFC0
4.500273|5de|Rx|d|8|0000000000000002
4.500273|3b7|Rx|d|6|00007FC000C0
4.500273|211|Rx|d|8|8200FFFFA90000CD
4.500273|214|Rx|d|2|0000
4.508270|12e|Rx|d|8|CA7FFF7FF0FFFF00
4.508270|90|Rx|d|5|FF000B7100
4.508270|c6|Rx|d|8|803D80007FE3B6AA
4.508270|242|Rx|d|8|1280FFFFFFFFFD00
4.508270|29c|Rx|d|8|00000000FFFF0000
4.508270|354|Rx|d|8|0000000000000000
4.508270|5df|Rx|d|3|009500
4.508270|646|Rx|d|8|000000020000000C
4.556603|12e|Rx|d|8|CA7FFF7FF0FFFF00
4.556603|90|Rx|d|5|FF000C8800
4.556603|c6|Rx|d|8|803D80007FE3B8A8
4.556603|29a|Rx|d|8|00000000000006F9
4.556603|2b7|Rx|d|5|00E0FFFE00
4.556603|392|Rx|d|5|0004000000
4.556603|668|Rx|d|2|8000
4.556603|1b0|Rx|d|4|FF00FFC0
4.556603|657|Rx|d|2|C0CC
4.556603|211|Rx|d|8|8200FFFFA90000CD
4.556603|214|Rx|d|2|0000
4.556603|218|Rx|d|1|98
4.556603|4fa|Rx|d|2|0800
4.556603|671|Rx|d|2|0200
4.556603|12e|Rx|d|8|CA80007FF0FFFF00
4.556603|90|Rx|d|5|FF000DC400
4.556603|c6|Rx|d|8|803D80007FE3BAA6
4.556603|242|Rx|d|8|1280FFFFFFFFFD00
4.556603|29c|Rx|d|8|00000000FFFF0000
4.556603|352|Rx|d|4|5C0000FF
4.556603|4ac|Rx|d|5|83712A0080
4.556603|45c|Rx|d|6|00000000FFE0
4.556603|12e|Rx|d|8|CA80007FF0FFFF00
4.556603|90|Rx|d|5|FF000E1000
4.556603|c6|Rx|d|8|803D80087FE3BC9C
4.556603|29a|Rx|d|8|00000000000007F8
4.556603|2b7|Rx|d|5|00E0FFFE00
4.556603|1b0|Rx|d|4|FF00FFC0
4.556603|211|Rx|d|8|8200FFFFA90000CD
4.556603|214|Rx|d|2|0000
4.556603|12e|Rx|d|8|CA80007FF0FFFF00
4.556603|90|Rx|d|5|FF000F5C00
4.556603|c6|Rx|d|8|803D7FF87FE3BEAB
4.556603|242|Rx|d|8|1280FFFFFFFFFD00
4.556603|29c|Rx|d|8|00000000FFFF0000
4.556603|354|Rx|d|8|0000000000000000
4.556603|12e|Rx|d|8|CA80007FF0FFFF00
4.556603|90|Rx|d|5|FF0000FF00
4.556603|c6|Rx|d|8|803D80087FE3A0B8
4.556603|29a|Rx|d|8|00000000000008F7
4.556603|2b7|Rx|d|5|00E0FFFE00
4.556603|5d7|Rx|d|7|000008125200C0
4.591007|1b0|Rx|d|4|FF00FFC0
4.591007|211|Rx|d|8|8200FFFFA90000CD
4.591007|214|Rx|d|2|0000
4.591007|12e|Rx|d|8|CA80007FF0FFFF00
4.591007|90|Rx|d|5|FF0001B300
4.591007|c6|Rx|d|8|803D7FF87FE3A2C7
4.591007|242|Rx|d|8|1280FFFFFFFFFD00
4.591007|29c|Rx|d|8|00000000FFFF0000
4.591007|352|Rx|d|4|5C0000FF
4.591007|392|Rx|d|5|0004000000
4.591007|6af|Rx|d|5|0000000000
4.591007|12e|Rx|d|8|CA80007FF0FFFF00
4.591007|90|Rx|d|5|FF00026700
4.606630|c6|Rx|d|8|803D80007FE3A4BC
4.606630|29a|Rx|d|8|00000000000009F6
4.606630|2b7|Rx|d|5|00E0FFFE00
4.606630|666|Rx|d|4|34000008
4.606630|350|Rx|d|8|C22F3AF01414A485
4.606630|1b0|Rx|d|4|FF00FFC0
4.606630|4de|Rx|d|3|C00000
4.606630|4f8|Rx|d|8|54C0000000000000
4.606630|55d|Rx|d|8|00FC50C090800000
4.606630|211|Rx|d|8|8200FFFFA90000CD
4.606630|214|Rx|d|2|0000
4.606630|12e|Rx|d|8|CA7FFF7FF0FFFF00
4.606630|90|Rx|d|5|FF00032B00
4.606630|c6|Rx|d|8|803D80007FE3A6BA
4.606630|242|Rx|d|8|1280FFFFFFFFFD00
4.606630|29c|Rx|d|8|00000000FFFF0000
4.606630|354|Rx|d|8|0000000000000000
4.606630|12e|Rx|d|8|CA7FFF7FF0FFFF00
4.606630|90|Rx|d|5|FF0004D200
4.606630|c6|Rx|d|8|803D80007FE3A8B8
4.606630|29a|Rx|d|8|0000000000000AF5
4.606630|2b7|Rx|d|5|00E0FFFE00
4.606630|1b0|Rx|d|4|FF00FFC0
4.606630|5de|Rx|d|8|0000000000000002
4.606630|3b7|Rx|d|6|00007FC000C0
4.606630|211|Rx|d|8|8200FFFFA90000CD
4.606630|214|Rx|d|2|0000
4.606630|12e|Rx|d|8|CB80007FF0FFFF00
4.606630|90|Rx|d|5|FF00059E00
4.606630|c6|Rx|d|8|803D80007FE3AAB6
4.606630|242|Rx|d|8|1280FFFFFFFFFD00
4.606630|29c|Rx|d|8|00000000FFFF0000
4.606630|352|Rx|d|4|5C0000FF
4.639747|5df|Rx|d|3|009500
4.639747|12e|Rx|d|8|CB80007FF0FFFF00
4.639747|90|Rx|d|5|FF00064A00
4.639747|c6|Rx|d|8|803D80007FE3ACB4
4.639747|29a|Rx|d|8|0000000000000BF4
4.639747|2b7|Rx|d|5|00E0FFFE00
4.639747|392|Rx|d|5|0004000000
4.639747|1b0|Rx|d|4|FF00FFC0
4.639747|668|Rx|d|2|8000
4.639747|657|Rx|d|2|C0CC
4.639747|211|Rx|d|8|8200FFFFA90000CD
4.639747|214|Rx|d|2|0000
4.639747|218|Rx|d|1|98
4.639747|4fa|Rx|d|2|0800
4.639747|671|Rx|d|2|0200
4.639747|12e|Rx|d|8|CA80007FF0FFFF00
4.639747|90|Rx|d|5|FF00070600
4.639747|c6|Rx|d|8|803D80007FE3AEB2
4.639747|242|Rx|d|8|1280FFFFFFFFFD00
4.639747|29c|Rx|d|8|00000000FFFF0000
4.639747|354|Rx|d|8|0000000000000000
4.639747|4ac|Rx|d|5|83712A0080
4.639747|45c|Rx|d|6|00000000FFE0
4.639747|12e|Rx|d|8|CA80007FF0FFFF00
4.639747|90|Rx|d|5|FF0008A500
4.639747|c6|Rx|d|8|803D80007FE3B0B0
4.639747|29a|Rx|d|8|0000000000000CF3
4.639747|2b7|Rx|d|5|00E0FFFE00
4.639747|1b0|Rx|d|4|FF00FFC0
4.674312|211|Rx|d|8|8200FFFFA90000CD
4.674312|214|Rx|d|2|0000
4.674312|12e|Rx|d|8|CA80007FF0FFFF00
4.674312|90|Rx|d|5|FF0009E900
4.674312|c6|Rx|d|8|803D80007FE3B2AE
4.674312|242|Rx|d|8|1280FFFFFFFFFD00
4.674312|29c|Rx|d|8|00000000FFFF0000
4.674312|352|Rx|d|4|5C0000FF
4.674312|12e|Rx|d|8|CA80007FF0FFFF00
4.674312|90|Rx|d|5|FF000A3D00
4.674312|c6|Rx|d|8|803D80007FE3B4AC
4.674312|29a|Rx|d|8|0000000000000DF2
4.674312|2b7|Rx|d|5|00E0FFFE00
4.674312|5d7|Rx|d|7|000008125200C0
4.674312|1b0|Rx|d|4|FF00FFC0
4.674312|211|Rx|d|8|8200FFFFA90000CD
4.674312|214|Rx|d|2|0000
4.674312|12e|Rx|d|8|CB80007FF0FFFF00
4.674312|90|Rx|d|5|FF000B7100
4.674312|c6|Rx|d|8|803D80007FE3B6AA
4.674312|242|Rx|d|8|1280FFFFFFFFFD00
4.674312|29c|Rx|d|8|00000000FFFF0000
4.674312|354|Rx|d|8|0000000000000000
4.674312|392|Rx|d|5|0004000000
4.674312|6af|Rx|d|5|0000000000
4.709424|12e|Rx|d|8|CB80007FF0FFFF00
4.709424|90|Rx|d|5|FF000C8800
4.709424|c6|Rx|d|8|803D80007FE3B8A8
4.709424|29a|Rx|d|8|0000000000000EF1
4.709424|2b7|Rx|d|5|00E0FFFE00
4.709424|666|Rx|d|4|34000008
4.709424|350|Rx|d|8|C22F3AF01414A485
4.709424|1b0|Rx|d|4|FF00FFC0
4.709424|4de|Rx|d|3|C00000
4.709424|4f8|Rx|d|8|54C0000000000000
4.709424|55d|Rx|d|8|00FC50C090800000
4.709424|211|Rx|d|8|8200FFFFA90000CD
4.709424|214|Rx|d|2|0000
4.709424|12e|Rx|d|8|CB80007FF0FFFF00
4.709424|90|Rx|d|5|FF000DC400
4.709424|c6|Rx|d|8|803D80007FE3BAA6
4.709424|242|Rx|d|8|1280FFFFFFFFFD00
4.709424|29c|Rx|d|8|00000000FFFF0000
4.709424|352|Rx|d|4|5C0000FF
4.709424|12e|Rx|d|8|CB80007FF0FFFF00
4.709424|90|Rx|d|5|FF000E1000
4.709424|c6|Rx|d|8|803D80007FE3BCA4
4.709424|29a|Rx|d|8|0000000000000FF0
4.709424|2b7|Rx|d|5|00E0FFFE00
4.709424|1b0|Rx|d|4|FF00FFC0
4.709424|5de|Rx|d|8|0000000000000002
4.709424|3b7|Rx|d|6|00007FC000C0
4.709424|211|Rx|d|8|8200FFFFA90000CD
4.709424|214|Rx|d|2|0000
4.709424|12e|Rx|d|8|CA80007FF0FFFF00
4.709424|90|Rx|d|5|FF000F5C00
4.709424|c6|Rx|d|8|803D80007FE3BEA2
4.711578|242|Rx|d|8|1280FFFFFFFFFD00
4.711578|29c|Rx|d|8|00000000FFFF0000
4.711578|354|Rx|d|8|0000000000000000
4.711578|5df|Rx|d|3|009500
4.717573|12e|Rx|d|8|CA80007FF0FFFF00
4.717573|90|Rx|d|5|FF0000FF00
4.717573|c6|Rx|d|8|803D80007FE3A0C0
4.717573|29a|Rx|d|8|00000000000000FF
4.717573|2b7|Rx|d|5|00E0FFFE00
4.723570|392|Rx|d|5|0004000000
4.723570|1b0|Rx|d|4|FF00FFC0
4.723570|668|Rx|d|2|8000
4.723570|657|Rx|d|2|C0CC
4.723570|211|Rx|d|8|8200FFFFA90000CD
4.723570|214|Rx|d|2|0000
4.723570|218|Rx|d|1|98
4.723570|4fa|Rx|d|2|0800
4.723570|671|Rx|d|2|0200
4.727568|12e|Rx|d|8|CA80017FF0FFFF00
4.727568|90|Rx|d|5|FF0001B300
4.727568|c6|Rx|d|8|803D80007FE3A2BE
4.727568|242|Rx|d|8|1280FFFFFFFFFD00
4.729565|29c|Rx|d|8|00000000FFFF0000
4.729565|352|Rx|d|4|5C0000FF
4.729565|4ac|Rx|d|5|83712A0080
4.729565|45c|Rx|d|6|00000000FFE0
4.737560|12e|Rx|d|8|CA80017FF0FFFF00
4.737560|90|Rx|d|5|FF00026700
4.737560|c6|Rx|d|8|803D80007FE3A4BC
4.737560|29a|Rx|d|8|00000000000001FE
4.737560|2b7|Rx|d|5|00E0FFFE00
4.743559|1b0|Rx|d|4|FF00FFC0
4.743559|211|Rx|d|8|8200FFFFA90000CD
4.743559|214|Rx|d|2|0000
4.747556|12e|Rx|d|8|CA80007FF0FFFF00
4.747556|90|Rx|d|5|FF00032B00
4.747556|c6|Rx|d|8|803D80007FE3A6BA
4.747556|242|Rx|d|8|1280FFFFFFFFFD00
4.749554|29c|Rx|d|8|00000000FFFF0000
4.749554|354|Rx|d|8|0000000000000000
4.757547|12e|Rx|d|8|CA80007FF0FFFF00
4.757547|90|Rx|d|5|FF0004D200
4.757547|c6|Rx|d|8|803D80007FE3A8B8
4.757547|29a|Rx|d|8|00000000000002FD
4.759546|2b7|Rx|d|5|00E0FFFE00
4.759546|5d7|Rx|d|7|000008125200C0
4.759546|1b0|Rx|d|4|FF00FFC0
4.793219|211|Rx|d|8|8200FFFFA90000CD
4.793219|214|Rx|d|2|0000
4.793219|12e|Rx|d|8|CA80007FF0FFFF00
4.793219|90|Rx|d|5|FF00059E00
4.793219|c6|Rx|d|8|803D80007FE3AAB6
4.793219|242|Rx|d|8|1280FFFFFFFFFD00
4.793219|29c|Rx|d|8|00000000FFFF0000
4.793219|352|Rx|d|4|5C0000FF
4.793219|392|Rx|d|5|0004000000
4.793219|6af|Rx|d|5|0000000000
4.793219|12e|Rx|d|8|CA80007FF0FFFF00
4.793219|90|Rx|d|5|FF00064A00
4.793219|c6|Rx|d|8|803D80007FE3ACB4
4.793219|29a|Rx|d|8|00000000000003FC
4.793219|2b7|Rx|d|5|00E0FFFE00
4.793219|666|Rx|d|4|34000008
4.793219|350|Rx|d|8|C22F3AF01414A485
4.793219|1b0|Rx|d|4|FF00FFC0
4.793219|4de|Rx|d|3|C00000
4.793219|4f8|Rx|d|8|54C0000000000000
4.793219|55d|Rx|d|8|00FC50C090800000
4.793219|211|Rx|d|8|8200FFFFA90000CD
4.793219|214|Rx|d|2|0000
4.793219|12e|Rx|d|8|CB80007FF0FFFF00
4.793219|90|Rx|d|5|FF00070600
4.793219|c6|Rx|d|8|803D80007FE3AEB2
4.793219|242|Rx|d|8|1280FFFFFFFFFD00
4.793219|29c|Rx|d|8|00000000FFFF0000
4.793219|354|Rx|d|8|0000000000000000
4.828055|12e|Rx|d|8|CB80007FF0FFFF00
4.828055|90|Rx|d|5|FF0008A500
4.828055|c6|Rx|d|8|803D80007FE3B0B0
4.828055|29a|Rx|d|8|00000000000004FB
4.828055|2b7|Rx|d|5|00E0FFFE00
4.828055|1b0|Rx|d|4|FF00FFC0
4.828055|5de|Rx|d|8|0000000000000002
4.828055|3b7|Rx|d|6|00007FC000C0
4.828055|211|Rx|d|8|8200FFFFA90000CD
4.828055|214|Rx|d|2|0000
4.828055|12e|Rx|d|8|CB80007FF0FFFF00
4.828055|90|Rx|d|5|FF0009E900
4.828055|c6|Rx|d|8|803D80007FE3B2AE
4.828055|242|Rx|d|8|1280FFFFFFFFFD00
4.828055|29c|Rx|d|8|00000000FFFF0000
4.828055|352|Rx|d|4|5C0000FF
4.828055|5df|Rx|d|3|009500
4.828055|12e|Rx|d|8|CB80007FF0FFFF00
4.828055|90|Rx|d|5|FF000A3D00
4.828055|c6|Rx|d|8|803D80007FE3B4AC
4.828055|29a|Rx|d|8|00000000000005FA
4.828055|2b7|Rx|d|5|00E0FFFE00
4.828055|1b0|Rx|d|4|FF00FFC0
4.828055|392|Rx|d|5|0004000000
4.828055|657|Rx|d|2|C0CC
4.828055|668|Rx|d|2|8000
4.828055|211|Rx|d|8|8200FFFFA90000CD
4.828055|214|Rx|d|2|0000
4.828055|218|Rx|d|1|98
4.828055|4fa|Rx|d|2|0800
4.828055|671|Rx|d|2|0200
4.828055|12e|Rx|d|8|CA80007FF0FFFF00
4.828055|90|Rx|d|5|FF000B7100
4.828055|c6|Rx|d|8|803D80007FE3B6AA
4.828055|242|Rx|d|8|1280FFFFFFFFFD00
4.828055|29c|Rx|d|8|00000000FFFF0000
4.828055|354|Rx|d|8|0000000000000000
4.828055|4ac|Rx|d|5|83722A0080
4.828055|45c|Rx|d|6|00000000FFE0
4.861314|12e|Rx|d|8|CA80007FF0FFFF00
4.861314|90|Rx|d|5|FF000C8800
4.861314|c6|Rx|d|8|803D80007FE3B8A8
4.861314|29a|Rx|d|8|00000000000006F9
4.861314|2b7|Rx|d|5|00E0FFFE00
4.861314|1b0|Rx|d|4|FF00FFC0
4.861314|211|Rx|d|8|8200FFFFA90000CD
4.861314|214|Rx|d|2|0000
4.861314|12e|Rx|d|8|CA80017FF0FFFF00
4.861314|90|Rx|d|5|FF000DC400
4.861314|c6|Rx|d|8|803D80007FE3BAA6
4.861314|242|Rx|d|8|1280FFFFFFFFFD00
4.861314|29c|Rx|d|8|00000000FFFF0000
4.861314|352|Rx|d|4|5C0000FF
4.861314|12e|Rx|d|8|CA80017FF0FFFF00
4.861314|90|Rx|d|5|FF000E1000
4.861314|c6|Rx|d|8|803D80007FE3BCA4
4.861314|29a|Rx|d|8|00000000000007F8
4.861314|2b7|Rx|d|5|00E0FFFE00
4.861314|5d7|Rx|d|7|000008125200C0
4.861314|1b0|Rx|d|4|FF00FFC0
4.863518|211|Rx|d|8|8200FFFFA90000CD
4.863518|214|Rx|d|2|0000
4.867516|12e|Rx|d|8|CA80017FF0FFFF00
4.867516|90|Rx|d|5|FF000F5C00
4.867516|c6|Rx|d|8|803D80007FE3BEA2
4.869515|242|Rx|d|8|1280FFFFFFFFFD00
4.869515|29c|Rx|d|8|00000000FFFF0000
4.869515|354|Rx|d|8|0000000000000000
4.869515|392|Rx|d|5|0004000000
4.877508|6af|Rx|d|5|0000000000
4.877508|12e|Rx|d|8|CA80017FF0FFFF00
4.877508|90|Rx|d|5|FF0000FF00
4.877508|c6|Rx|d|8|803D80007FE3A0C0
4.877508|29a|Rx|d|8|00000000000008F7
4.877508|2b7|Rx|d|5|00E0FFFE00
4.877508|666|Rx|d|4|34000008
4.883506|350|Rx|d|8|C22F3AF01414A485
4.883506|1b0|Rx|d|4|FF00FFC0
4.883506|4de|Rx|d|3|C00000
4.883506|55d|Rx|d|8|00FC50C090800000
4.883506|4f8|Rx|d|8|54C0000000000000
4.883506|211|Rx|d|8|8200FFFFA90000CD
4.883506|214|Rx|d|2|0000
4.887502|12e|Rx|d|8|CB80007FF0FFFF00
4.887502|90|Rx|d|5|FF0001B300
4.889501|c6|Rx|d|8|803D80007FE3A2BE
4.889501|242|Rx|d|8|1280FFFFFFFFFD00
4.889501|29c|Rx|d|8|00000000FFFF0000
4.889501|352|Rx|d|4|5C0000FF
4.897497|12e|Rx|d|8|CB80007FF0FFFF00
4.897497|90|Rx|d|5|FF00026700
4.897497|c6|Rx|d|8|803D80007FE3A4BC
4.897497|29a|Rx|d|8|00000000000009F6
4.899495|2b7|Rx|d|5|00E0FFFE00
4.899495|1b0|Rx|d|4|FF00FFC0
4.899495|5de|Rx|d|8|0000000000000002
4.899495|3b7|Rx|d|6|00007FC000C0
4.905492|211|Rx|d|8|8200FFFFA90000CD
4.905492|214|Rx|d|2|0000
4.907492|12e|Rx|d|8|CB80007FF0FFFF00
4.907492|90|Rx|d|5|FF00032B00
4.907492|c6|Rx|d|8|803D80007FE3A6BA
4.909489|242|Rx|d|8|1280FFFFFFFFFD00
4.909489|29c|Rx|d|8|00000000FFFF0000
4.909489|354|Rx|d|8|0000000000000000
4.911489|5df|Rx|d|3|009500
4.944132|12e|Rx|d|8|CB80007FF0FFFF00
4.944132|90|Rx|d|5|FF0004D200
4.944132|c6|Rx|d|8|803D80007FE3A8B8
4.944132|29a|Rx|d|8|0000000000000AF5
4.944132|2b7|Rx|d|5|00E0FFFE00
4.944132|1b0|Rx|d|4|FF00FFC0
4.944132|657|Rx|d|2|C0CC
4.944132|392|Rx|d|5|0004000000
4.944132|668|Rx|d|2|8000
4.944132|211|Rx|d|8|8200FFFFA90000CD
4.944132|214|Rx|d|2|0000
4.944132|218|Rx|d|1|98
4.944132|4fa|Rx|d|2|0800
4.944132|671|Rx|d|2|0200
4.944132|12e|Rx|d|8|CA80007FF0FFFF00
4.944132|90|Rx|d|5|FF00059E00
4.944132|c6|Rx|d|8|803D80007FE3AAB6
4.944132|242|Rx|d|8|1280FFFFFFFFFD00
4.944132|29c|Rx|d|8|00000000FFFF0000
4.944132|352|Rx|d|4|5C0000FF
4.944132|4ac|Rx|d|5|83712A0080
4.944132|45c|Rx|d|6|00000000FFE0
4.959756|12e|Rx|d|8|CA80007FF0FFFF00
4.959756|90|Rx|d|5|FF00064A00
4.959756|c6|Rx|d|8|803D80007FE3ACB4
4.959756|29a|Rx|d|8|0000000000000BF4
4.959756|2b7|Rx|d|5|00E0FFFE00
4.959756|1b0|Rx|d|4|FF00FFC0
4.959756|211|Rx|d|8|8200FFFFA90000CD
4.959756|214|Rx|d|2|0000
4.959756|12e|Rx|d|8|CA80007FF0FFFF00
4.959756|90|Rx|d|5|FF00070600
4.959756|c6|Rx|d|8|803D80007FE3AEB2
4.959756|242|Rx|d|8|1280FFFFFFFFFD00
4.959756|29c|Rx|d|8|00000000FFFF0000
4.959756|354|Rx|d|8|0000000000000000
4.959756|12e|Rx|d|8|CA80007FF0FFFF00
4.959756|90|Rx|d|5|FF0008A500
4.959756|c6|Rx|d|8|803D80007FE3B0B0
4.959756|29a|Rx|d|8|0000000000000CF3
4.959756|2b7|Rx|d|5|00E0FFFE00
4.959756|5d7|Rx|d|7|000008125200C0
4.959756|1b0|Rx|d|4|FF00FFC0
4.992502|211|Rx|d|8|8200FFFFA90000CD
4.992502|214|Rx|d|2|0000
4.992502|12e|Rx|d|8|CB80007FF0FFFF00
4.992502|90|Rx|d|5|FF0009E900
4.992502|c6|Rx|d|8|803D80007FE3B2AE
4.992502|242|Rx|d|8|1280FFFFFFFFFD00
4.992502|29c|Rx|d|8|00000000FFFF0000
4.992502|352|Rx|d|4|5C0000FF
4.992502|392|Rx|d|5|0004000000
4.992502|6af|Rx|d|5|0000000000
4.992502|12e|Rx|d|8|CB80007FF0FFFF00
4.992502|90|Rx|d|5|FF000A3D00
4.992502|c6|Rx|d|8|803D80007FE3B4AC
4.992502|29a|Rx|d|8|0000000000000DF2
4.992502|2b7|Rx|d|5|00E0FFFE00
4.992502|666|Rx|d|4|34000008
4.992502|350|Rx|d|8|C22F3AF01414A485
4.992502|1b0|Rx|d|4|FF00FFC0
4.992502|4de|Rx|d|3|C00000
4.992502|4f8|Rx|d|8|54C0000000000000
4.992502|55d|Rx|d|8|00FC50C090800000
4.992502|211|Rx|d|8|8200FFFFA90000CD
4.992502|214|Rx|d|2|0000
4.992502|12e|Rx|d|8|CB80007FF0FFFF00
4.992502|90|Rx|d|5|FF000B7100
4.992502|c6|Rx|d|8|803D80007FE3B6AA
4.992502|242|Rx|d|8|1280FFFFFFFFFD00
4.992502|29c|Rx|d|8|00000000FFFF0000
4.992502|354|Rx|d|8|0000000000000000
5.027534|12e|Rx|d|8|CB80007FF0FFFF00
5.027534|90|Rx|d|5|FF000C8800
5.027534|c6|Rx|d|8|803D80007FE3B8A8
5.027534|29a|Rx|d|8|0000000000000EF1
5.027534|2b7|Rx|d|5|00E0FFFE00
5.027534|1b0|Rx|d|4|FF00FFC0
5.027534|5de|Rx|d|8|0000000000000002
5.027534|3b7|Rx|d|6|00007FC000C0
5.027534|211|Rx|d|8|8200FFFFA90000CD
5.027534|214|Rx|d|2|0000
5.027534|12e|Rx|d|8|CA80007FF0FFFF00
5.027534|90|Rx|d|5|FF000DC400
5.027534|c6|Rx|d|8|803D80007FE3BAA6
5.027534|242|Rx|d|8|1280FFFFFFFFFD00
5.027534|29c|Rx|d|8|00000000FFFF0000
5.027534|352|Rx|d|4|5C0000FF
5.027534|5df|Rx|d|3|009500
5.027534|646|Rx|d|8|000000020000000C
5.043159|12e|Rx|d|8|CA80007FF0FFFF00
5.043159|90|Rx|d|5|FF000E1000
5.043159|c6|Rx|d|8|803D80007FE3BCA4
5.043159|29a|Rx|d|8|0000000000000FF0
5.043159|2b7|Rx|d|5|00E0FFFE00
5.043159|1b0|Rx|d|4|FF00FFC0
5.043159|657|Rx|d|2|C0CC
5.043159|392|Rx|d|5|0004000000
5.043159|668|Rx|d|2|8000
5.043159|211|Rx|d|8|8200FFFFA90000CD
5.043159|214|Rx|d|2|0000
5.043159|218|Rx|d|1|98
5.043159|4fa|Rx|d|2|0800
5.043159|671|Rx|d|2|0200
5.043159|12e|Rx|d|8|CA80007FF0FFFF00
5.043159|90|Rx|d|5|FF000F5C00
5.043159|c6|Rx|d|8|803D80007FE3BEA2
5.043159|242|Rx|d|8|1280FFFFFFFFFD00
5.043159|29c|Rx|d|8|00000000FFFF0000
5.043159|354|Rx|d|8|0000000000000000
5.043159|4ac|Rx|d|5|83712A0080
5.043159|45c|Rx|d|6|00000000FFE0
5.043159|12e|Rx|d|8|CA80007FF0FFFF00
5.043159|90|Rx|d|5|FF0000FF00
5.043159|c6|Rx|d|8|803D80007FE3A0C0
5.043159|29a|Rx|d|8|00000000000000FF
5.043159|2b7|Rx|d|5|00E0FFFE00
5.043159|1b0|Rx|d|4|FF00FFC0
5.043159|211|Rx|d|8|8200FFFFA90000CD
5.043159|214|Rx|d|2|0000
5.076418|12e|Rx|d|8|CA80007FF0FFFF00
5.076418|90|Rx|d|5|FF0001B300
5.076418|c6|Rx|d|8|803D80007FE3A2BE
5.076418|242|Rx|d|8|1280FFFFFFFFFD00
5.076418|29c|Rx|d|8|00000000FFFF0000
5.076418|352|Rx|d|4|5C0000FF
5.076418|12e|Rx|d|8|CA80007FF0FFFF00
5.076418|90|Rx|d|5|FF00026700
5.076418|c6|Rx|d|8|803D80007FE3A4BC
5.076418|29a|Rx|d|8|00000000000001FE
5.076418|2b7|Rx|d|5|00E0FFFE00
5.076418|5d7|Rx|d|7|000008125200C0
5.076418|1b0|Rx|d|4|FF00FFC0
5.076418|211|Rx|d|8|8200FFFFA90000CD
5.076418|214|Rx|d|2|0000
5.076418|12e|Rx|d|8|CA80007FF0FFFF00
5.076418|90|Rx|d|5|FF00032B00
5.076418|c6|Rx|d|8|803D80007FE3A6BA
5.076418|242|Rx|d|8|1280FFFFFFFFFD00
5.076418|29c|Rx|d|8|00000000FFFF0000
5.076418|354|Rx|d|8|0000000000000000
5.076418|392|Rx|d|5|0004000000
5.076418|6af|Rx|d|5|0000000000
5.076418|12e|Rx|d|8|CA80007FF0FFFF00
5.076418|90|Rx|d|5|FF0004D200
5.076418|c6|Rx|d|8|803D80007FE3A8B8
5.076418|29a|Rx|d|8|00000000000002FD
5.076418|2b7|Rx|d|5|00E0FFFE00
5.076418|666|Rx|d|4|34000008
5.111779|350|Rx|d|8|C22F3AF01414A485
5.111779|1b0|Rx|d|4|FF00FFC0
5.111779|4de|Rx|d|3|C00000
5.111779|55d|Rx|d|8|00FC50C090800000
5.111779|4f8|Rx|d|8|54C0000000000000
5.111779|211|Rx|d|8|8200FFFFA90000CD
5.111779|214|Rx|d|2|0000
5.111779|12e|Rx|d|8|CA80007FF0FFFF00
5.111779|90|Rx|d|5|FF00059E00
5.111779|c6|Rx|d|8|803D80007FE3AAB6
5.111779|242|Rx|d|8|1280FFFFFFFFFD00
5.111779|29c|Rx|d|8|00000000FFFF0000
5.111779|352|Rx|d|4|5C0000FF
5.111779|12e|Rx|d|8|CA80007FF0FFFF00
5.111779|90|Rx|d|5|FF00064A00
5.111779|c6|Rx|d|8|803D80007FE3ACB4
5.111779|29a|Rx|d|8|00000000000003FC
5.111779|2b7|Rx|d|5|00E0FFFE00
5.111779|1b0|Rx|d|4|FF00FFC0
5.111779|5de|Rx|d|8|0000000000000002
5.111779|3b7|Rx|d|6|00007FC000C0
5.111779|211|Rx|d|8|8200FFFFA90000CD
5.111779|214|Rx|d|2|0000
5.111779|12e|Rx|d|8|CA7FFF7FF0FFFF00
5.111779|90|Rx|d|5|FF00070600
5.111779|c6|Rx|d|8|803D80007FE3AEB2
5.111779|242|Rx|d|8|1280FFFFFFFFFD00
5.111779|29c|Rx|d|8|00000000FFFF0000
5.111779|354|Rx|d|8|0000000000000000
5.112919|5df|Rx|d|3|009500
5.118915|12e|Rx|d|8|CA7FFF7FF0FFFF00
5.118915|90|Rx|d|5|FF0008A500
5.118915|c6|Rx|d|8|803D80007FE3B0B0
5.118915|29a|Rx|d|8|00000000000004FB
5.118915|2b7|Rx|d|5|00E0FFFE00
5.118915|1b0|Rx|d|4|FF00FFC0
5.118915|657|Rx|d|2|C0CC
5.118915|392|Rx|d|5|0004000000
5.118915|668|Rx|d|2|8000
5.124911|211|Rx|d|8|8200FFFFA90000CD
5.124911|214|Rx|d|2|0000
5.124911|218|Rx|d|1|98
5.124911|4fa|Rx|d|2|0800
5.124911|671|Rx|d|2|0200
5.130907|12e|Rx|d|8|CA80007FF0FFFF00
5.130907|90|Rx|d|5|FF0009E900
5.130907|c6|Rx|d|8|803D80007FE3B2AE
5.130907|242|Rx|d|8|1280FFFFFFFFFD00
5.130907|29c|Rx|d|8|00000000FFFF0000
5.130907|352|Rx|d|4|5C0000FF
5.130907|4ac|Rx|d|5|83712A0080
5.130907|45c|Rx|d|6|00000000FFE0
5.138903|12e|Rx|d|8|CA80007FF0FFFF00
5.138903|90|Rx|d|5|FF000A3D00
5.138903|c6|Rx|d|8|803D80007FE3B4AC
5.138903|29a|Rx|d|8|00000000000005FA
5.138903|2b7|Rx|d|5|00E0FFFE00
5.140901|1b0|Rx|d|4|FF00FFC0
5.142900|211|Rx|d|8|8200FFFFA90000CD
5.142900|214|Rx|d|2|0000
5.148898|12e|Rx|d|8|CA80007FF0FFFF00
5.148898|90|Rx|d|5|FF000B7100
5.148898|c6|Rx|d|8|803D80007FE3B6AA
5.148898|242|Rx|d|8|1280FFFFFFFFFD00
5.148898|29c|Rx|d|8|00000000FFFF0000
5.148898|354|Rx|d|8|0000000000000000
5.158890|12e|Rx|d|8|CA80007FF0FFFF00
5.158890|90|Rx|d|5|FF000C8800
5.158890|c6|Rx|d|8|803D80007FE3B8A8
5.158890|29a|Rx|d|8|00000000000006F9
5.158890|2b7|Rx|d|5|00E0FFFE00
5.158890|5d7|Rx|d|7|000008125200C0
5.160890|1b0|Rx|d|4|FF00FFC0
5.160890|211|Rx|d|8|8200FFFFA90000CD
5.160890|214|Rx|d|2|0000
5.194595|12e|Rx|d|8|CA80017FF0FFFF00
5.194595|90|Rx|d|5|FF000DC400
5.194595|c6|Rx|d|8|803D80007FE3BAA6
5.194595|242|Rx|d|8|1280FFFFFFFFFD00
5.194595|29c|Rx|d|8|00000000FFFF0000
5.194595|352|Rx|d|4|5C0000FF
5.194595|392|Rx|d|5|0004000000
5.194595|6af|Rx|d|5|0000000000
5.194595|12e|Rx|d|8|CA80017FF0FFFF00
5.194595|90|Rx|d|5|FF000E1000
5.194595|c6|Rx|d|8|803D80007FE3BCA4
5.194595|29a|Rx|d|8|00000000000007F8
5.194595|2b7|Rx|d|5|00E0FFFE00
5.194595|666|Rx|d|4|34000008
5.194595|350|Rx|d|8|C22F3AF01414A485
5.194595|1b0|Rx|d|4|FF00FFC0
5.194595|4de|Rx|d|3|C00000
5.194595|55d|Rx|d|8|00FC50C090800000
5.194595|4f8|Rx|d|8|54C0000000000000
5.194595|211|Rx|d|8|8200FFFFA90000CD
5.194595|214|Rx|d|2|0000
5.194595|12e|Rx|d|8|CA80007FF0FFFF00
5.194595|90|Rx|d|5|FF000F5C00
5.194595|c6|Rx|d|8|803D80007FE3BEA2
5.194595|242|Rx|d|8|1280FFFFFFFFFD00
5.194595|29c|Rx|d|8|00000000FFFF0000
5.194595|354|Rx|d|8|0000000000000000
5.230831|12e|Rx|d|8|CA80007FF0FFFF00
5.230831|90|Rx|d|5|FF0000FF00
5.230831|c6|Rx|d|8|803D80007FE3A0C0
5.230831|29a|Rx|d|8|00000000000008F7
5.230831|2b7|Rx|d|5|00E0FFFE00
5.230831|1b0|Rx|d|4|FF00FFC0
5.230831|5de|Rx|d|8|0000000000000002
5.230831|3b7|Rx|d|6|00007FC000C0
5.230831|211|Rx|d|8|8200FFFFA90000CD
5.230831|214|Rx|d|2|0000
5.230831|12e|Rx|d|8|C980007FF0FFFF00
5.230831|90|Rx|d|5|FF0001B300
5.230831|c6|Rx|d|8|803D80007FE3A2BE
5.230831|242|Rx|d|8|1280FFFFFFFFFD00
5.230831|29c|Rx|d|8|00000000FFFF0000
5.230831|352|Rx|d|4|5C0000FF
5.230831|5df|Rx|d|3|009500
5.230831|12e|Rx|d|8|C980007FF0FFFF00
5.230831|90|Rx|d|5|FF00026700
5.230831|c6|Rx|d|8|803D80007FE3A4BC
5.230831|29a|Rx|d|8|00000000000009F6
5.230831|2b7|Rx|d|5|00E0FFFE00
5.230831|1b0|Rx|d|4|FF00FFC0
5.230831|657|Rx|d|2|C0CC
5.230831|69f|Rx|d|4|0650859F
5.230831|392|Rx|d|5|0004000000
5.230831|668|Rx|d|2|8000
5.230831|699|Rx|d|8|00000200BF000000
5.230831|211|Rx|d|8|8200FFFFA90000CD
5.230831|214|Rx|d|2|0000
5.230831|218|Rx|d|1|98
5.230831|4fa|Rx|d|2|0800
5.230831|671|Rx|d|2|0200
5.230831|12e|Rx|d|8|C980007FF0FFFF00
5.230831|90|Rx|d|5|FF00032B00
5.230831|c6|Rx|d|8|803D80007FE3A6BA
5.230831|242|Rx|d|8|1280FFFFFFFFFD00
5.230831|29c|Rx|d|8|00000000FFFF0000
5.230831|354|Rx|d|8|0000000000000000
5.230831|4ac|Rx|d|5|83712A0080
5.230831|45c|Rx|d|6|00000000FFE0
5.264356|12e|Rx|d|8|C980007FF0FFFF00
5.264356|90|Rx|d|5|FF0004D200
5.264356|c6|Rx|d|8|803D80007FE3A8B8
5.264356|29a|Rx|d|8|0000000000000AF5
5.264356|2b7|Rx|d|5|00E0FFFE00
5.264356|1b0|Rx|d|4|FF00FFC0
5.264356|211|Rx|d|8|8200FFFFA90000CD
5.264356|214|Rx|d|2|0000
5.264356|12e|Rx|d|8|CA80007FF0FFFF00
5.264356|90|Rx|d|5|FF00059E00
5.264356|c6|Rx|d|8|803D80007FE3AAB6
5.264356|242|Rx|d|8|1280FFFFFFFFFD00
5.264356|29c|Rx|d|8|00000000FFFF0000
5.264356|352|Rx|d|4|5C0000FF
5.264356|12e|Rx|d|8|CA80007FF0FFFF00
5.264356|90|Rx|d|5|FF00064A00
5.264356|c6|Rx|d|8|803D80007FE3ACB4
5.264356|29a|Rx|d|8|0000000000000BF4
5.264356|2b7|Rx|d|5|00E0FFFE00
5.264356|5d7|Rx|d|7|000008125200C0
5.264356|1b0|Rx|d|4|FF00FFC0
5.264356|211|Rx|d|8|8200FFFFA90000CD
5.264356|214|Rx|d|2|0000
5.268606|12e|Rx|d|8|CA80007FF0FFFF00
5.268606|90|Rx|d|5|FF00070600
5.268606|c6|Rx|d|8|803D80007FE3AEB2
5.268606|242|Rx|d|8|1280FFFFFFFFFD00
5.268606|29c|Rx|d|8|00000000FFFF0000
5.268606|354|Rx|d|8|0000000000000000
5.270605|392|Rx|d|5|0004000000
5.278602|6af|Rx|d|5|0000000000
5.278602|12e|Rx|d|8|CA80007FF0FFFF00
5.278602|90|Rx|d|5|FF0008A500
5.278602|c6|Rx|d|8|803D80007FE3B0B0
5.278602|29a|Rx|d|8|0000000000000CF3
5.278602|2b7|Rx|d|5|00E0FFFE00
5.278602|666|Rx|d|4|34000008
5.280598|350|Rx|d|8|C22F3AF01414A485
5.280598|1b0|Rx|d|4|FF00FFC0
5.280598|4de|Rx|d|3|C00000
5.280598|55d|Rx|d|8|00FC50C090800000
5.280598|4f8|Rx|d|8|94C0000000000000
5.280598|211|Rx|d|8|8200FFFFA90000CD
5.280598|214|Rx|d|2|0000
5.288595|12e|Rx|d|8|CA80007FF0FFFF00
5.288595|90|Rx|d|5|FF0009E900
5.288595|c6|Rx|d|8|803D80007FE3B2AE
5.288595|242|Rx|d|8|1280FFFFFFFFFD00
5.288595|29c|Rx|d|8|00000000FFFF0000
5.288595|352|Rx|d|4|5C0000FF
5.298589|12e|Rx|d|8|CA80007FF0FFFF00
5.298589|90|Rx|d|5|FF000A3D00
5.298589|c6|Rx|d|8|803D80007FE3B4AC
5.298589|29a|Rx|d|8|0000000000000DF2
5.298589|2b7|Rx|d|5|00E0FFFE00
5.300586|1b0|Rx|d|4|FF00FFC0
5.300586|5de|Rx|d|8|0000000000000002
5.300586|3b7|Rx|d|6|00007FC000C0
5.300586|211|Rx|d|8|8200FFFFA90000CD
5.300586|214|Rx|d|2|0000
5.308581|12e|Rx|d|8|CB80007FF0FFFF00
5.308581|90|Rx|d|5|FF000B7100
5.308581|c6|Rx|d|8|803D80007FE3B6AA
5.308581|242|Rx|d|8|1280FFFFFFFFFD00
5.308581|29c|Rx|d|8|00000000FFFF0000
5.308581|354|Rx|d|8|0000000000000000
5.308581|5df|Rx|d|3|009500
5.345253|12e|Rx|d|8|CB80007FF0FFFF00
5.345253|90|Rx|d|5|FF000C8800
5.345253|c6|Rx|d|8|803D80007FE3B8A8
5.345253|29a|Rx|d|8|0000000000000EF1
5.345253|2b7|Rx|d|5|00E0FFFE00
5.345253|1b0|Rx|d|4|FF00FFC0
5.345253|657|Rx|d|2|C0CC
5.345253|392|Rx|d|5|0004000000
5.345253|668|Rx|d|2|8000
5.345253|211|Rx|d|8|8200FFFFA90000CD
5.345253|214|Rx|d|2|0000
5.345253|218|Rx|d|1|98
5.345253|4fa|Rx|d|2|0800
5.345253|671|Rx|d|2|0200
5.345253|12e|Rx|d|8|CA80007FF0FFFF00
5.345253|90|Rx|d|5|FF000DC400
5.345253|c6|Rx|d|8|803D80007FE3BAA6
5.345253|242|Rx|d|8|1280FFFFFFFFFD00
5.345253|29c|Rx|d|8|00000000FFFF0000
5.345253|352|Rx|d|4|5C0000FF
5.345253|4ac|Rx|d|5|83712A0080
5.345253|45c|Rx|d|6|00000000FFE0
5.345253|12e|Rx|d|8|CA80007FF0FFFF00
5.345253|90|Rx|d|5|FF000E1000
5.345253|c6|Rx|d|8|803D80007FE3BCA4
5.345253|29a|Rx|d|8|0000000000000FF0
5.345253|2b7|Rx|d|5|00E0FFFE00
5.345253|1b0|Rx|d|4|FF00FFC0
5.345253|211|Rx|d|8|8200FFFFA90000CD
5.345253|214|Rx|d|2|0000
5.345253|12e|Rx|d|8|CA80007FF0FFFF00
5.345253|90|Rx|d|5|FF000F5C00
5.380493|c6|Rx|d|8|803D80007FE3BEA2
5.380493|242|Rx|d|8|1280FFFFFFFFFD00
5.380493|29c|Rx|d|8|00000000FFFF0000
5.380493|354|Rx|d|8|0000000000000000
5.380493|12e|Rx|d|8|CA80007FF0FFFF00
5.380493|90|Rx|d|5|FF0000FF00
5.380493|c6|Rx|d|8|803D80007FE3A0C0
5.380493|29a|Rx|d|8|00000000000000FF
5.380493|2b7|Rx|d|5|00E0FFFE00
5.380493|5d7|Rx|d|7|000008125200C0
5.380493|1b0|Rx|d|4|FF00FFC0
5.380493|211|Rx|d|8|8200FFFFA90000CD
5.380493|214|Rx|d|2|0000
5.380493|12e|Rx|d|8|CA80007FF0FFFF00
5.380493|90|Rx|d|5|FF0001B300
5.380493|c6|Rx|d|8|803D80007FE3A2BE
5.380493|242|Rx|d|8|1280FFFFFFFFFD00
5.380493|29c|Rx|d|8|00000000FFFF0000
5.380493|352|Rx|d|4|5C0000FF
5.380493|392|Rx|d|5|0004000000
5.380493|6af|Rx|d|5|0000000000
5.380493|12e|Rx|d|8|CA80007FF0FFFF00
5.380493|90|Rx|d|5|FF00026700
5.380493|c6|Rx|d|8|803D80007FE3A4BC
5.380493|29a|Rx|d|8|00000000000001FE
5.380493|2b7|Rx|d|5|00E0FFFE00
5.380493|666|Rx|d|4|34000008
5.380493|350|Rx|d|8|C22F3AF01414A485
5.380493|1b0|Rx|d|4|FF00FFC0
5.380493|4de|Rx|d|3|C00000
5.380493|55d|Rx|d|8|00FC50C090800000
5.380493|4f8|Rx|d|8|94C0000000000000
5.380493|211|Rx|d|8|8200FFFFA90000CD
5.380493|214|Rx|d|2|0000
5.413578|12e|Rx|d|8|CA80007FF0FFFF00
5.413578|90|Rx|d|5|FF00032B00
5.413578|c6|Rx|d|8|803D80007FE3A6BA
5.413578|242|Rx|d|8|1280FFFFFFFFFD00
5.413578|29c|Rx|d|8|00000000FFFF0000
5.413578|354|Rx|d|8|0000000000000000
5.413578|12e|Rx|d|8|CA80007FF0FFFF00
5.413578|90|Rx|d|5|FF0004D200
5.413578|c6|Rx|d|8|803D80007FE3A8B8
5.413578|29a|Rx|d|8|00000000000002FD
5.413578|2b7|Rx|d|5|00E0FFFE00
5.413578|1b0|Rx|d|4|FF00FFC0
5.413578|5de|Rx|d|8|0000000000000002
5.413578|3b7|Rx|d|6|00007FC000C0
5.413578|211|Rx|d|8|8200FFFFA90000CD
5.413578|214|Rx|d|2|0000
5.413578|12e|Rx|d|8|CA7FFF7FF0FFFF00
5.413578|90|Rx|d|5|FF00059E00
5.413578|c6|Rx|d|8|803D80007FE3AAB6
5.413578|242|Rx|d|8|1280FFFFFFFFFD00
5.413578|29c|Rx|d|8|00000000FFFF0000
5.413578|352|Rx|d|4|5C0000FF
5.413578|5df|Rx|d|3|009500
5.418914|12e|Rx|d|8|CA7FFF7FF0FFFF00
5.418914|90|Rx|d|5|FF00064A00
5.418914|c6|Rx|d|8|803D80007FE3ACB4
5.418914|29a|Rx|d|8|00000000000003FC
5.418914|2b7|Rx|d|5|00E0FFFE00
5.420913|1b0|Rx|d|4|FF00FFC0
5.420913|657|Rx|d|2|C0CC
5.420913|392|Rx|d|5|0004000000
5.420913|668|Rx|d|2|8000
5.420913|211|Rx|d|8|8200FFFFA90000CD
5.420913|214|Rx|d|2|0000
5.420913|218|Rx|d|1|98
5.420913|4fa|Rx|d|2|0800
5.420913|671|Rx|d|2|0200
5.428909|12e|Rx|d|8|CA80007FF0FFFF00
5.428909|90|Rx|d|5|FF00070600
5.428909|c6|Rx|d|8|803D80007FE3AEB2
5.428909|242|Rx|d|8|1280FFFFFFFFFD00
5.428909|29c|Rx|d|8|00000000FFFF0000
5.428909|354|Rx|d|8|0000000000000000
5.428909|4ac|Rx|d|5|83712A0080
5.428909|45c|Rx|d|6|00000000FFE0
5.438902|12e|Rx|d|8|CA80007FF0FFFF00
5.438902|90|Rx|d|5|FF0008A500
5.438902|c6|Rx|d|8|803D80007FE3B0B0
5.438902|29a|Rx|d|8|00000000000004FB
5.438902|2b7|Rx|d|5|00E0FFFE00
5.438902|1b0|Rx|d|4|FF00FFC0
5.444897|211|Rx|d|8|8200FFFFA90000CD
5.444897|214|Rx|d|2|0000
5.450894|12e|Rx|d|8|C980007FF0FFFF00
5.450894|90|Rx|d|5|FF0009E900
5.450894|c6|Rx|d|8|803D80007FE3B2AE
5.450894|242|Rx|d|8|1280FFFFFFFFFD00
5.450894|29c|Rx|d|8|00000000FFFF0000
5.450894|352|Rx|d|4|5C0000FF
5.458889|12e|Rx|d|8|C980007FF0FFFF00
5.458889|90|Rx|d|5|FF000A3D00
5.458889|c6|Rx|d|8|803D80007FE3B4AC
5.458889|29a|Rx|d|8|00000000000005FA
5.458889|2b7|Rx|d|5|00E0FFFE00
5.458889|5d7|Rx|d|7|000008125200C0
5.460890|1b0|Rx|d|4|FF00FFC0
5.460890|211|Rx|d|8|8200FFFFA90000CD
5.460890|214|Rx|d|2|0000
5.496429|12e|Rx|d|8|C97FFF7FF0FFFF00
5.496429|90|Rx|d|5|FF000B7100
5.496429|c6|Rx|d|8|803D80007FE3B6AA
5.496429|242|Rx|d|8|1280FFFFFFFFFD00
5.496429|29c|Rx|d|8|00000000FFFF0000
5.496429|354|Rx|d|8|0000000000000000
5.496429|392|Rx|d|5|0004000000
5.496429|6af|Rx|d|5|0000000000
5.496429|12e|Rx|d|8|C97FFF7FF0FFFF00
5.496429|90|Rx|d|5|FF000C8800
5.496429|c6|Rx|d|8|803D80007FE3B8A8
5.496429|29a|Rx|d|8|00000000000006F9
5.496429|2b7|Rx|d|5|00E0FFFE00
5.496429|666|Rx|d|4|34000008
5.496429|350|Rx|d|8|C22F3AF01414A485
5.496429|1b0|Rx|d|4|FF00FFC0
5.496429|4de|Rx|d|3|C00000
5.496429|55d|Rx|d|8|00FC50C090800000
5.496429|4f8|Rx|d|8|94C0000000000000
5.496429|211|Rx|d|8|8200FFFFA90000CD
5.496429|214|Rx|d|2|0000
5.512053|12e|Rx|d|8|CA80007FF0FFFF00
5.512053|90|Rx|d|5|FF000DC400
5.512053|c6|Rx|d|8|803D80007FE3BAA6
5.512053|242|Rx|d|8|1280FFFFFFFFFD00
5.512053|29c|Rx|d|8|00000000FFFF0000
5.512053|352|Rx|d|4|5C0000FF
5.512053|12e|Rx|d|8|CA80007FF0FFFF00
5.512053|90|Rx|d|5|FF000E1000
5.512053|c6|Rx|d|8|803D80007FE3BCA4
5.512053|29a|Rx|d|8|00000000000007F8
5.512053|2b7|Rx|d|5|00E0FFFE00
5.514576|1b0|Rx|d|4|FF00FFC0
5.514576|5de|Rx|d|8|0000000000000002
5.514576|3b7|Rx|d|6|00007FC000C0
5.514576|211|Rx|d|8|8200FFFFA90000CD
5.514576|214|Rx|d|2|0000
5.514576|12e|Rx|d|8|CA80007FF0FFFF00
5.514576|90|Rx|d|5|FF000F5C00
5.514576|c6|Rx|d|8|803D80007FE3BEA2
5.514576|242|Rx|d|8|1280FFFFFFFFFD00
5.514576|29c|Rx|d|8|00000000FFFF0000
5.514576|354|Rx|d|8|0000000000000000
5.514576|5df|Rx|d|3|009500
5.514576|646|Rx|d|8|000000020000000C
5.517990|12e|Rx|d|8|CA80007FF0FFFF00
5.517990|90|Rx|d|5|FF0000FF00
5.517990|c6|Rx|d|8|803D80007FE3A0C0
5.517990|29a|Rx|d|8|00000000000008F7
5.517990|2b7|Rx|d|5|00E0FFFE00
5.521987|1b0|Rx|d|4|FF00FFC0
5.521987|657|Rx|d|2|C0CC
5.521987|392|Rx|d|5|0004000000
5.521987|668|Rx|d|2|8000
5.521987|211|Rx|d|8|8200FFFFA90000CD
5.521987|214|Rx|d|2|0000
5.521987|218|Rx|d|1|98
5.521987|4fa|Rx|d|2|0800
5.521987|671|Rx|d|2|0200
5.527984|12e|Rx|d|8|CA80007FF0FFFF00
5.527984|90|Rx|d|5|FF0001B300
5.529982|c6|Rx|d|8|803D80007FE3A2BE
5.529982|242|Rx|d|8|1280FFFFFFFFFD00
5.529982|29c|Rx|d|8|00000000FFFF0000
5.529982|352|Rx|d|4|5C0000FF
5.529982|4ac|Rx|d|5|83712A0080
5.529982|45c|Rx|d|6|00000000FFE0
5.537978|12e|Rx|d|8|CA80007FF0FFFF00
5.537978|90|Rx|d|5|FF00026700
5.539976|c6|Rx|d|8|803D80007FE3A4BC
5.539976|29a|Rx|d|8|00000000000009F6
5.539976|2b7|Rx|d|5|00E0FFFE00
5.539976|1b0|Rx|d|4|FF00FFC0
5.539976|211|Rx|d|8|8200FFFFA90000CD
5.539976|214|Rx|d|2|0000
5.547971|12e|Rx|d|8|C980017FF0FFFF00
5.547971|90|Rx|d|5|FF00032B00
5.549970|c6|Rx|d|8|803D80007FE3A6BA
5.549970|242|Rx|d|8|1280FFFFFFFFFD00
5.549970|29c|Rx|d|8|00000000FFFF0000
5.549970|354|Rx|d|8|0000000000000000
5.557965|12e|Rx|d|8|C980017FF0FFFF00
5.557965|90|Rx|d|5|FF0004D200
5.559964|c6|Rx|d|8|803D80007FE3A8B8
5.559964|29a|Rx|d|8|0000000000000AF5
5.559964|2b7|Rx|d|5|00E0FFFE00
5.559964|5d7|Rx|d|7|000008125200C0
5.559964|1b0|Rx|d|4|FF00FFC0
5.559964|211|Rx|d|8|8200FFFFA90000CD
5.559964|214|Rx|d|2|0000
5.581841|12e|Rx|d|8|CA80007FF0FFFF00
5.581841|90|Rx|d|5|FF00059E00
5.581841|c6|Rx|d|8|803D80007FE3AAB6
5.581841|242|Rx|d|8|1280FFFFFFFFFD00
5.581841|29c|Rx|d|8|00000000FFFF0000
5.581841|352|Rx|d|4|5C0000FF
5.581841|392|Rx|d|5|0004000000
5.581841|6af|Rx|d|5|0000000000
5.581841|90|Rx|d|5|FF00064A00
5.581841|c6|Rx|d|8|803D80007FE3ACB4
5.581841|12e|Rx|d|8|CA80007FF0FFFF00
5.581841|29a|Rx|d|8|0000000000000BF4
5.581841|2b7|Rx|d|5|00E0FFFE00
5.581841|666|Rx|d|4|34000008
5.581841|350|Rx|d|8|C22F3AF01414A485
5.581841|1b0|Rx|d|4|FF00FFC0
5.581841|4de|Rx|d|3|C00000
5.581841|55d|Rx|d|8|00FC50C090800000
5.581841|4f8|Rx|d|8|94C0000000000000
5.581841|211|Rx|d|8|8200FFFFA90000CD
5.581841|214|Rx|d|2|0000
5.615702|12e|Rx|d|8|CA80007FF0FFFF00
5.615702|90|Rx|d|5|FF00070600
5.615702|c6|Rx|d|8|803D80007FE3AEB2
5.615702|242|Rx|d|8|1280FFFFFFFFFD00
5.615702|29c|Rx|d|8|00000000FFFF0000
5.615702|354|Rx|d|8|0000000000000000
5.615702|12e|Rx|d|8|CA80007FF0FFFF00
5.615702|90|Rx|d|5|FF0008A500
5.615702|c6|Rx|d|8|803D80007FE3B0B0
5.615702|29a|Rx|d|8|0000000000000CF3
5.615702|2b7|Rx|d|5|00E0FFFE00
5.615702|1b0|Rx|d|4|FF00FFC0
5.615702|5de|Rx|d|8|0000000000000002
5.615702|3b7|Rx|d|6|00007FC000C0
5.615702|211|Rx|d|8|8200FFFFA90000CD
5.615702|214|Rx|d|2|0000
5.615702|12e|Rx|d|8|CA80017FF0FFFF00
5.615702|90|Rx|d|5|FF0009E900
5.615702|c6|Rx|d|8|803D80007FE3B2AE
5.615702|242|Rx|d|8|1280FFFFFFFFFD00
5.615702|29c|Rx|d|8|00000000FFFF0000
5.615702|352|Rx|d|4|5C0000FF
5.615702|5df|Rx|d|3|009500
5.615702|12e|Rx|d|8|CA80017FF0FFFF00
5.615702|90|Rx|d|5|FF000A3D00
5.621063|c6|Rx|d|8|803D80007FE3B4AC
5.621063|29a|Rx|d|8|0000000000000DF2
5.621063|2b7|Rx|d|5|00E0FFFE00
5.621063|1b0|Rx|d|4|FF00FFC0
5.621063|657|Rx|d|2|C0CC
5.621063|392|Rx|d|5|0004000000
5.621063|668|Rx|d|2|8000
5.621063|211|Rx|d|8|8200FFFFA90000CD
5.621063|214|Rx|d|2|0000
5.621063|218|Rx|d|1|98
5.621063|4fa|Rx|d|2|0800
5.621063|671|Rx|d|2|0200
5.627059|12e|Rx|d|8|CA80007FF0FFFF00
5.627059|90|Rx|d|5|FF000B7100
5.629058|c6|Rx|d|8|803D80007FE3B6AA
5.629058|242|Rx|d|8|1280FFFFFFFFFD00
5.629058|29c|Rx|d|8|00000000FFFF0000
5.629058|354|Rx|d|8|0000000000000000
5.629058|4ac|Rx|d|5|83712A0080
5.629058|45c|Rx|d|6|00000000FFE0
5.639051|12e|Rx|d|8|CA80007FF0FFFF00
5.639051|90|Rx|d|5|FF000C8800
5.639051|c6|Rx|d|8|803D80007FE3B8A8
5.639051|29a|Rx|d|8|0000000000000EF1
5.639051|2b7|Rx|d|5|00E0FFFE00
5.641049|1b0|Rx|d|4|FF00FFC0
5.643048|211|Rx|d|8|8200FFFFA90000CD
5.643048|214|Rx|d|2|0000
5.647046|12e|Rx|d|8|CA80007FF0FFFF00
5.647046|90|Rx|d|5|FF000DC400
5.649045|c6|Rx|d|8|803D80007FE3BAA6
5.649045|242|Rx|d|8|1280FFFFFFFFFD00
5.649045|29c|Rx|d|8|00000000FFFF0000
5.649045|352|Rx|d|4|5C0000FF
5.659039|12e|Rx|d|8|CA80007FF0FFFF00
5.659039|90|Rx|d|5|FF000E1000
5.659039|c6|Rx|d|8|803D80007FE3BCA4
5.659039|29a|Rx|d|8|0000000000000FF0
5.659039|2b7|Rx|d|5|00E0FFFE00
5.659039|5d7|Rx|d|7|000008125200C0
5.661038|1b0|Rx|d|4|FF00FFC0
5.661038|211|Rx|d|8|8200FFFFA90000CD
5.661038|214|Rx|d|2|0000
5.684230|12e|Rx|d|8|CA80007FF0FFFF00
5.684230|90|Rx|d|5|FF000F5C00
5.684230|c6|Rx|d|8|803D80007FE3BEA2
5.684230|242|Rx|d|8|1280FFFFFFFFFD00
5.684230|29c|Rx|d|8|00000000FFFF0000
5.684230|354|Rx|d|8|0000000000000000
5.699854|392|Rx|d|5|0004000000
5.699854|12e|Rx|d|8|CA80007FF0FFFF00
5.699854|90|Rx|d|5|FF0000FF00
5.699854|c6|Rx|d|8|803D80007FE3A0C0
5.699854|29a|Rx|d|8|00000000000000FF
5.699854|2b7|Rx|d|5|00E0FFFE00
5.699854|666|Rx|d|4|34000008
5.699854|6af|Rx|d|5|0000000000
5.699854|350|Rx|d|8|C22F3AF01414A485
5.699854|1b0|Rx|d|4|FF00FFC0
5.699854|4de|Rx|d|3|C00000
5.699854|55d|Rx|d|8|00FC50C090800000
5.699854|4f8|Rx|d|8|94C0000000000000
5.699854|211|Rx|d|8|8200FFFFA90000CD
5.699854|214|Rx|d|2|0000
5.715480|12e|Rx|d|8|CA80007FF0FFFF00
5.715480|90|Rx|d|5|FF0001B300
5.715480|c6|Rx|d|8|803D80007FE3A2BE
5.715480|242|Rx|d|8|1280FFFFFFFFFD00
5.715480|29c|Rx|d|8|00000000FFFF0000
5.715480|352|Rx|d|4|5C0000FF
5.715480|12e|Rx|d|8|CA80007FF0FFFF00
5.715480|90|Rx|d|5|FF00026700
5.715480|c6|Rx|d|8|803D80107FE3A4AC
5.715480|29a|Rx|d|8|00000000000001FE
5.715480|2b7|Rx|d|5|00E0FFFE00
5.715480|1b0|Rx|d|4|FF00FFC0
5.715480|5de|Rx|d|8|0000000000000002
5.715480|3b7|Rx|d|6|00007FC000C0
5.718200|211|Rx|d|8|8200FFFFA90000CD
5.718200|214|Rx|d|2|0000
5.718200|12e|Rx|d|8|CA80007FF0FFFF00
5.718200|90|Rx|d|5|FF00032B00
5.718200|c6|Rx|d|8|803D7FF07FE3A6CB
5.718200|242|Rx|d|8|1280FFFFFFFFFD00
5.718200|29c|Rx|d|8|00000000FFFF0000
5.718200|354|Rx|d|8|0000000000000000
5.718200|5df|Rx|d|3|009500
5.718200|12e|Rx|d|8|CA80007FF0FFFF00
5.718200|90|Rx|d|5|FF0004D200
5.718200|c6|Rx|d|8|803D80087FE3A8B0
5.718200|29a|Rx|d|8|00000000000002FD
5.718200|2b7|Rx|d|5|00E0FFFE00
5.718200|1b0|Rx|d|4|FF00FFC0
5.718200|657|Rx|d|2|C0CC
5.718200|392|Rx|d|5|0004000000
5.722731|668|Rx|d|2|8000
5.722731|211|Rx|d|8|8200FFFFA90000CD
5.722731|214|Rx|d|2|0000
5.722731|218|Rx|d|1|98
5.722731|4fa|Rx|d|2|0800
5.722731|671|Rx|d|2|0200
5.728727|12e|Rx|d|8|CA80007FF0FFFF00
5.728727|90|Rx|d|5|FF00059E00
5.728727|c6|Rx|d|8|803D7FF87FE3AABF
5.728727|242|Rx|d|8|1280FFFFFFFFFD00
5.728727|29c|Rx|d|8|00000000FFFF0000
5.728727|352|Rx|d|4|5C0000FF
5.730727|4ac|Rx|d|5|83712A0080
5.730727|45c|Rx|d|6|00000000FFE0
5.738723|12e|Rx|d|8|CA80007FF0FFFF00
5.738723|90|Rx|d|5|FF00064A00
5.738723|c6|Rx|d|8|803D80087FE3ACAC
5.738723|29a|Rx|d|8|00000000000003FC
5.738723|2b7|Rx|d|5|00E0FFFE00
5.740720|1b0|Rx|d|4|FF00FFC0
5.740720|211|Rx|d|8|8200FFFFA90000CD
5.740720|214|Rx|d|2|0000
5.748717|12e|Rx|d|8|CA80007FF0FFFF00
5.748717|90|Rx|d|5|FF00070600
5.748717|c6|Rx|d|8|803D7FF87FE3AEBB
5.748717|242|Rx|d|8|1280FFFFFFFFFD00
5.748717|29c|Rx|d|8|00000000FFFF0000
5.748717|354|Rx|d|8|0000000000000000
5.758710|12e|Rx|d|8|CA80007FF0FFFF00
5.758710|90|Rx|d|5|FF0008A500
5.758710|c6|Rx|d|8|803D80007FE3B0B0
5.758710|29a|Rx|d|8|00000000000004FB
5.758710|2b7|Rx|d|5|00E0FFFE00
5.758710|5d7|Rx|d|7|000008125200C0
5.760708|1b0|Rx|d|4|FF00FFC0
5.762707|211|Rx|d|8|8200FFFFA90000CD
5.762707|214|Rx|d|2|0000
5.768703|12e|Rx|d|8|CA7FFF7FF0FFFF00
5.768703|90|Rx|d|5|FF0009E900
5.768703|c6|Rx|d|8|803D80007FE3B2AE
5.768703|242|Rx|d|8|1280FFFFFFFFFD00
5.768703|29c|Rx|d|8|00000000FFFF0000
5.768703|352|Rx|d|4|5C0000FF
5.786147|392|Rx|d|5|0004000000
5.801769|12e|Rx|d|8|CA7FFF7FF0FFFF00
5.801769|90|Rx|d|5|FF000A3D00
5.801769|c6|Rx|d|8|803D80007FE3B4AC
5.801769|29a|Rx|d|8|00000000000005FA
5.801769|2b7|Rx|d|5|00E0FFFE00
5.801769|666|Rx|d|4|34000008
5.801769|6af|Rx|d|5|0000000000
5.801769|350|Rx|d|8|C22F3AF01414A485
5.801769|1b0|Rx|d|4|FF00FFC0
5.801769|4de|Rx|d|3|C00000
5.801769|55d|Rx|d|8|00FC50C090800000
5.801769|4f8|Rx|d|8|94C0000000000000
5.801769|211|Rx|d|8|8200FFFFA90000CD
5.801769|214|Rx|d|2|0000
5.801769|12e|Rx|d|8|CA80007FF0FFFF00
5.801769|90|Rx|d|5|FF000B7100
5.801769|c6|Rx|d|8|803D80007FE3B6AA
5.801769|242|Rx|d|8|1280FFFFFFFFFD00
5.801769|29c|Rx|d|8|00000000FFFF0000
5.801769|354|Rx|d|8|0000000000000000
5.801769|12e|Rx|d|8|CA80007FF0FFFF00
5.801769|90|Rx|d|5|FF000C8800
5.801769|c6|Rx|d|8|803D80007FE3B8A8
5.801769|29a|Rx|d|8|00000000000006F9
5.801769|2b7|Rx|d|5|00E0FFFE00
5.801769|1b0|Rx|d|4|FF00FFC0
5.801769|5de|Rx|d|8|0000000000000002
5.801769|3b7|Rx|d|6|00007FC000C0
5.801769|211|Rx|d|8|8200FFFFA90000CD
5.801769|214|Rx|d|2|0000
5.834701|12e|Rx|d|8|CA80007FF0FFFF00
5.834701|90|Rx|d|5|FF000DC400
5.834701|c6|Rx|d|8|803D80007FE3BAA6
5.834701|242|Rx|d|8|1280FFFFFFFFFD00
5.834701|29c|Rx|d|8|00000000FFFF0000
5.834701|352|Rx|d|4|5C0000FF
5.834701|5df|Rx|d|3|009500
5.834701|12e|Rx|d|8|CA80007FF0FFFF00
5.834701|90|Rx|d|5|FF000E1000
5.834701|c6|Rx|d|8|803D80007FE3BCA4
5.834701|29a|Rx|d|8|00000000000007F8
5.834701|2b7|Rx|d|5|00E0FFFE00
5.834701|1b0|Rx|d|4|FF00FFC0
5.834701|657|Rx|d|2|C0CC
5.834701|392|Rx|d|5|0004000000
5.834701|668|Rx|d|2|8000
5.834701|211|Rx|d|8|8200FFFFA90000CD
5.834701|214|Rx|d|2|0000
5.834701|218|Rx|d|1|98
5.834701|4fa|Rx|d|2|0800
5.834701|671|Rx|d|2|0200
5.834701|12e|Rx|d|8|CA80007FF0FFFF00
5.834701|90|Rx|d|5|FF000F5C00
5.834701|c6|Rx|d|8|803D80007FE3BEA2
5.834701|242|Rx|d|8|1280FFFFFFFFFD00
5.834701|29c|Rx|d|8|00000000FFFF0000
5.834701|354|Rx|d|8|0000000000000000
5.834701|4ac|Rx|d|5|83712A0080
5.834701|45c|Rx|d|6|00000000FFE0
5.868796|12e|Rx|d|8|CA80007FF0FFFF00
5.868796|90|Rx|d|5|FF0000FF00
5.868796|c6|Rx|d|8|803D80007FE3A0C0
5.868796|29a|Rx|d|8|00000000000008F7
5.868796|2b7|Rx|d|5|00E0FFFE00
5.868796|1b0|Rx|d|4|FF00FFC0
5.868796|211|Rx|d|8|8200FFFFA90000CD
5.868796|214|Rx|d|2|0000
5.868796|12e|Rx|d|8|CA7FFF7FF0FFFF00
5.868796|90|Rx|d|5|FF0001B300
5.868796|c6|Rx|d|8|803D80007FE3A2BE
5.868796|242|Rx|d|8|1280FFFFFFFFFD00
5.868796|29c|Rx|d|8|00000000FFFF0000
5.868796|352|Rx|d|4|5C0000FF
5.868796|12e|Rx|d|8|CA7FFF7FF0FFFF00
5.868796|90|Rx|d|5|FF00026700
5.868796|c6|Rx|d|8|803D80007FE3A4BC
5.868796|29a|Rx|d|8|00000000000009F6
5.868796|2b7|Rx|d|5|00E0FFFE00
5.868796|5d7|Rx|d|7|000008125200C0
5.868796|1b0|Rx|d|4|FF00FFC0
5.868796|211|Rx|d|8|8200FFFFA90000CD
5.868796|214|Rx|d|2|0000
5.868796|12e|Rx|d|8|C980007FF0FFFF00
5.868796|90|Rx|d|5|FF00032B00
5.870017|c6|Rx|d|8|803D80007FE3A6BA
5.870017|242|Rx|d|8|1280FFFFFFFFFD00
5.870017|29c|Rx|d|8|00000000FFFF0000
5.870017|354|Rx|d|8|0000000000000000
5.872015|392|Rx|d|5|0004000000
5.878011|12e|Rx|d|8|C980007FF0FFFF00
5.878011|90|Rx|d|5|FF0004D200
5.880010|c6|Rx|d|8|803D80007FE3A8B8
5.880010|29a|Rx|d|8|0000000000000AF5
5.880010|2b7|Rx|d|5|00E0FFFE00
5.880010|666|Rx|d|4|34000008
5.880010|6af|Rx|d|5|0000000000
5.882008|350|Rx|d|8|C22F3AF01414A485
5.882008|1b0|Rx|d|4|FF00FFC0
5.882008|4de|Rx|d|3|C00000
5.882008|55d|Rx|d|8|00FC50C090800000
5.882008|4f8|Rx|d|8|94C0000000000000
5.882008|211|Rx|d|8|8200FFFFA90000CD
5.882008|214|Rx|d|2|0000
5.888006|12e|Rx|d|8|CA80027FF0FFFF00
5.888006|90|Rx|d|5|FF00059E00
5.888006|c6|Rx|d|8|803D80007FE3AAB6
5.890004|242|Rx|d|8|1280FFFFFFFFFD00
5.890004|29c|Rx|d|8|00000000FFFF0000
5.890004|352|Rx|d|4|5C0000FF
5.898000|12e|Rx|d|8|CA80027FF0FFFF00
5.898000|90|Rx|d|5|FF00064A00
5.899998|c6|Rx|d|8|803D80007FE3ACB4
5.899998|29a|Rx|d|8|0000000000000BF4
5.899998|2b7|Rx|d|5|00E0FFFE00
5.899998|1b0|Rx|d|4|FF00FFC0
5.899998|5de|Rx|d|8|0000000000000002
5.899998|3b7|Rx|d|6|00007FC000C0
5.899998|211|Rx|d|8|8200FFFFA90000CD
5.899998|214|Rx|d|2|0000
5.907992|12e|Rx|d|8|CA80007FF0FFFF00
5.907992|90|Rx|d|5|FF00070600
5.907992|c6|Rx|d|8|803D80007FE3AEB2
5.907992|242|Rx|d|8|1280FFFFFFFFFD00
5.907992|29c|Rx|d|8|00000000FFFF0000
5.907992|354|Rx|d|8|0000000000000000
5.907992|5df|Rx|d|3|009500
5.917987|12e|Rx|d|8|CA80007FF0FFFF00
5.917987|90|Rx|d|5|FF0008A500
5.917987|c6|Rx|d|8|803D80007FE3B0B0
5.917987|29a|Rx|d|8|0000000000000CF3
5.917987|2b7|Rx|d|5|00E0FFFE00
5.917987|1b0|Rx|d|4|FF00FFC0
5.917987|657|Rx|d|2|C0CC
5.965735|392|Rx|d|5|0004000000
5.965735|668|Rx|d|2|8000
5.965735|211|Rx|d|8|8200FFFFA90000CD
5.965735|214|Rx|d|2|0000
5.965735|218|Rx|d|1|98
5.965735|4fa|Rx|d|2|0800
5.965735|671|Rx|d|2|0200
5.965735|12e|Rx|d|8|CA80007FF0FFFF00
5.965735|90|Rx|d|5|FF0009E900
5.965735|c6|Rx|d|8|803D80007FE3B2AE
5.965735|242|Rx|d|8|1280FFFFFFFFFD00
5.965735|29c|Rx|d|8|00000000FFFF0000
5.965735|352|Rx|d|4|5C0000FF
5.965735|4ac|Rx|d|5|83712A0080
5.965735|45c|Rx|d|6|00000000FFE0
5.965735|12e|Rx|d|8|CA80007FF0FFFF00
5.965735|90|Rx|d|5|FF000A3D00
5.965735|c6|Rx|d|8|803D80007FE3B4AC
5.965735|29a|Rx|d|8|0000000000000DF2
5.965735|2b7|Rx|d|5|00E0FFFE00
5.965735|1b0|Rx|d|4|FF00FFC0
5.965735|211|Rx|d|8|8200FFFFA90000CD
5.965735|214|Rx|d|2|0000
5.965735|12e|Rx|d|8|CA7FFF7FF0FFFF00
5.965735|90|Rx|d|5|FF000B7100
5.965735|c6|Rx|d|8|803D80007FE3B6AA
5.965735|242|Rx|d|8|1280FFFFFFFFFD00
5.965735|29c|Rx|d|8|00000000FFFF0000
5.965735|354|Rx|d|8|0000000000000000
5.965735|12e|Rx|d|8|CA7FFF7FF0FFFF00
5.965735|90|Rx|d|5|FF000C8800
5.965735|c6|Rx|d|8|803D80087FE3B8A0
5.965735|29a|Rx|d|8|0000000000000EF1
5.965735|2b7|Rx|d|5|00E0FFFE00
5.965735|5d7|Rx|d|7|000008125200C0
5.965735|1b0|Rx|d|4|FF00FFC0
5.965735|211|Rx|d|8|8200FFFFA90000CD
5.965735|214|Rx|d|2|0000
5.965735|12e|Rx|d|8|C980007FF0FFFF00
5.965735|90|Rx|d|5|FF000DC400
5.965735|c6|Rx|d|8|803D7FF87FE3BAAF
5.998569|242|Rx|d|8|1280FFFFFFFFFD00
5.998569|29c|Rx|d|8|00000000FFFF0000
5.998569|352|Rx|d|4|5C0000FF
5.998569|392|Rx|d|5|0004000000
5.998569|12e|Rx|d|8|C980007FF0FFFF00
5.998569|90|Rx|d|5|FF000E1000
5.998569|c6|Rx|d|8|803D80007FE3BCA4
5.998569|29a|Rx|d|8|0000000000000FF0
5.998569|2b7|Rx|d|5|00E0FFFE00
5.998569|666|Rx|d|4|34000008
5.998569|6af|Rx|d|5|0000000000
5.998569|350|Rx|d|8|C22F3AF01414A485
5.998569|1b0|Rx|d|4|FF00FFC0
5.998569|4de|Rx|d|3|C00000
5.998569|55d|Rx|d|8|00FC50C090800000
5.998569|4f8|Rx|d|8|94C0000000000000
5.998569|211|Rx|d|8|8200FFFFA90000CD
5.998569|214|Rx|d|2|0000
5.998569|12e|Rx|d|8|CA80007FF0FFFF00
5.998569|90|Rx|d|5|FF000F5C00
5.998569|c6|Rx|d|8|803D80007FE3BEA2
5.998569|242|Rx|d|8|1280FFFFFFFFFD00
5.998569|29c|Rx|d|8|00000000FFFF0000
5.998569|354|Rx|d|8|0000000000000000
5.998569|6fb|Rx|d|8|0F03FF00FF0000FF
5.998569|12e|Rx|d|8|CA80007FF0FFFF00
5.998569|90|Rx|d|5|FF0000FF00
5.998569|c6|Rx|d|8|803D80007FE3A0C0
5.998569|29a|Rx|d|8|00000000000000FF
5.998569|2b7|Rx|d|5|00E0FFFE00
5.998569|1b0|Rx|d|4|FF00FFC0
5.998569|5de|Rx|d|8|0000000000000002
5.998569|3b7|Rx|d|6|00007FC000C0
6.032887|211|Rx|d|8|8200FFFFA90000CD
6.032887|214|Rx|d|2|0000
6.032887|12e|Rx|d|8|CA80007FF0FFFF00
6.032887|90|Rx|d|5|FF0001B300
6.032887|c6|Rx|d|8|803D80007FE3A2BE
6.032887|242|Rx|d|8|1280FFFFFFFFFD00
6.032887|29c|Rx|d|8|00000000FFFF0000
6.032887|352|Rx|d|4|5C0000FF
6.032887|5df|Rx|d|3|009500
6.032887|646|Rx|d|8|000000020000000C
6.032887|12e|Rx|d|8|CA80007FF0FFFF00
6.032887|90|Rx|d|5|FF00026700
6.032887|c6|Rx|d|8|803D80007FE3A4BC
6.032887|29a|Rx|d|8|00000000000001FE
6.032887|2b7|Rx|d|5|00E0FFFE00
6.032887|1b0|Rx|d|4|FF00FFC0
6.032887|657|Rx|d|2|C0CC
6.032887|5ce|Rx|d|3|FEFF00
6.032887|392|Rx|d|5|0004000000
6.032887|668|Rx|d|2|8000
6.032887|211|Rx|d|8|8200FFFFA90000CD
6.032887|214|Rx|d|2|0000
6.032887|218|Rx|d|1|98
6.032887|4fa|Rx|d|2|0800
6.032887|671|Rx|d|2|0200
6.032887|12e|Rx|d|8|CA80007FF0FFFF00
6.032887|90|Rx|d|5|FF00032B00
6.032887|c6|Rx|d|8|803D80007FE3A6BA
6.032887|242|Rx|d|8|1280FFFFFFFFFD00
6.032887|29c|Rx|d|8|00000000FFFF0000
6.032887|354|Rx|d|8|0000000000000000
6.032887|4ac|Rx|d|5|83712A0080
6.032887|45c|Rx|d|6|00000000FFE0
6.081402|12e|Rx|d|8|CA80007FF0FFFF00
6.081402|90|Rx|d|5|FF0004D200
6.081402|c6|Rx|d|8|803D80007FE3A8B8
6.081402|29a|Rx|d|8|00000000000002FD
6.081402|2b7|Rx|d|5|00E0FFFE00
6.081402|1b0|Rx|d|4|FF00FFC0
6.081402|211|Rx|d|8|8200FFFFA90000CD
6.081402|214|Rx|d|2|0000
6.081402|12e|Rx|d|8|CA80007FF0FFFF00
6.081402|90|Rx|d|5|FF00059E00
6.081402|c6|Rx|d|8|803D80007FE3AAB6
6.081402|242|Rx|d|8|1280FFFFFFFFFD00
6.081402|29c|Rx|d|8|00000000FFFF0000
6.081402|352|Rx|d|4|5C0000FF
6.081402|12e|Rx|d|8|CA80007FF0FFFF00
6.081402|90|Rx|d|5|FF00064A00
6.081402|c6|Rx|d|8|803D80007FE3ACB4
6.081402|29a|Rx|d|8|00000000000003FC
6.081402|2b7|Rx|d|5|00E0FFFE00
6.081402|5d7|Rx|d|7|000008125200C0
6.081402|1b0|Rx|d|4|FF00FFC0
6.081402|211|Rx|d|8|8200FFFFA90000CD
6.081402|214|Rx|d|2|0000
6.081402|12e|Rx|d|8|CA80007FF0FFFF00
6.081402|90|Rx|d|5|FF00070600
6.081402|c6|Rx|d|8|803D80007FE3AEB2
6.081402|242|Rx|d|8|1280FFFFFFFFFD00
6.081402|29c|Rx|d|8|00000000FFFF0000
6.081402|354|Rx|d|8|0000000000000000
6.081402|392|Rx|d|5|0004000000
6.081402|12e|Rx|d|8|CA80007FF0FFFF00
6.081402|90|Rx|d|5|FF0008A500
6.081402|c6|Rx|d|8|803D80007FE3B0B0
6.081402|29a|Rx|d|8|00000000000004FB
6.081402|2b7|Rx|d|5|00E0FFFE00
6.081402|666|Rx|d|4|34000008
6.081402|6af|Rx|d|5|0000000000
6.081402|350|Rx|d|8|C22F3AF01414A485
6.081402|1b0|Rx|d|4|FF00FFC0
6.081402|4de|Rx|d|3|C00000
6.081402|55d|Rx|d|8|00FC50C090800000
6.081402|4f8|Rx|d|8|94C0000000000000
6.081402|211|Rx|d|8|8200FFFFA90000CD
6.081402|214|Rx|d|2|0000
6.119558|12e|Rx|d|8|CA7FFF7FF0FFFF00
6.119558|90|Rx|d|5|FF0009E900
6.119558|c6|Rx|d|8|803D80007FE3B2AE
6.119558|242|Rx|d|8|1280FFFFFFFFFD00
6.119558|29c|Rx|d|8|00000000FFFF0000
6.119558|352|Rx|d|4|5C0000FF
6.119558|12e|Rx|d|8|CA7FFF7FF0FFFF00
6.119558|90|Rx|d|5|FF000A3D00
6.119558|c6|Rx|d|8|803D80007FE3B4AC
6.119558|29a|Rx|d|8|00000000000005FA
6.119558|2b7|Rx|d|5|00E0FFFE00
6.119558|1b0|Rx|d|4|FF00FFC0
6.119558|5de|Rx|d|8|0000000000000002
6.119558|3b7|Rx|d|6|00007FC000C0
6.119558|211|Rx|d|8|8200FFFFA90000CD
6.119558|214|Rx|d|2|0000
6.119558|12e|Rx|d|8|CA80007FF0FFFF00
6.119558|90|Rx|d|5|FF000B7100
6.119558|c6|Rx|d|8|803D80007FE3B6AA
6.119558|242|Rx|d|8|1280FFFFFFFFFD00
6.119558|29c|Rx|d|8|00000000FFFF0000
6.119558|354|Rx|d|8|0000000000000000
6.119558|5df|Rx|d|3|009500
6.119558|12e|Rx|d|8|CA80007FF0FFFF00
6.119558|90|Rx|d|5|FF000C8800
6.119558|c6|Rx|d|8|803D80007FE3B8A8
6.119558|29a|Rx|d|8|00000000000006F9
6.119558|2b7|Rx|d|5|00E0FFFE00
6.119558|1b0|Rx|d|4|FF00FFC0
6.119558|657|Rx|d|2|C0CC
6.119558|392|Rx|d|5|0004000000
6.119558|668|Rx|d|2|8000
6.125232|211|Rx|d|8|8200FFFFA90000CD
6.125232|214|Rx|d|2|0000
6.125232|218|Rx|d|1|98
6.125232|4fa|Rx|d|2|0800
6.125232|671|Rx|d|2|0200
6.125232|12e|Rx|d|8|CA80007FF0FFFF00
6.125232|90|Rx|d|5|FF000DC400
6.131228|c6|Rx|d|8|803D80007FE3BAA6
6.131228|242|Rx|d|8|1280FFFFFFFFFD00
6.131228|29c|Rx|d|8|00000000FFFF0000
6.131228|352|Rx|d|4|5C0000FF
6.131228|4ac|Rx|d|5|83712A0080
6.131228|45c|Rx|d|6|00000000FFE0
6.137226|12e|Rx|d|8|CA80007FF0FFFF00
6.137226|90|Rx|d|5|FF000E1000
6.137226|c6|Rx|d|8|803D80007FE3BCA4
6.137226|29a|Rx|d|8|00000000000007F8
6.137226|2b7|Rx|d|5|00E0FFFE00
6.137226|1b0|Rx|d|4|FF00FFC0
6.143222|211|Rx|d|8|8200FFFFA90000CD
6.143222|214|Rx|d|2|0000
6.147218|12e|Rx|d|8|C980007FF0FFFF00
6.147218|90|Rx|d|5|FF000F5C00
6.149218|c6|Rx|d|8|803D80007FE3BEA2
6.149218|242|Rx|d|8|1280FFFFFFFFFD00
6.149218|29c|Rx|d|8|00000000FFFF0000
6.149218|354|Rx|d|8|0000000000000000
6.157215|12e|Rx|d|8|C980007FF0FFFF00
6.157215|90|Rx|d|5|FF0000FF00
6.159214|c6|Rx|d|8|803D80007FE3A0C0
6.159214|29a|Rx|d|8|00000000000008F7
6.159214|2b7|Rx|d|5|00E0FFFE00
6.159214|5d7|Rx|d|7|000008125200C0
6.159214|1b0|Rx|d|4|FF00FFC0
6.163211|211|Rx|d|8|8200FFFFA90000CD
6.163211|214|Rx|d|2|0000
6.167209|12e|Rx|d|8|CA80007FF0FFFF00
6.167209|90|Rx|d|5|FF0001B300
6.184119|c6|Rx|d|8|803D80007FE3A2BE
6.184119|242|Rx|d|8|1280FFFFFFFFFD00
6.184119|29c|Rx|d|8|00000000FFFF0000
6.184119|352|Rx|d|4|5C0000FF
6.184119|392|Rx|d|5|0004000000
6.184119|12e|Rx|d|8|CA80007FF0FFFF00
6.184119|90|Rx|d|5|FF00026700
6.184119|c6|Rx|d|8|803D80007FE3A4BC
6.184119|29a|Rx|d|8|00000000000009F6
6.184119|2b7|Rx|d|5|00E0FFFE00
6.184119|666|Rx|d|4|34000008
6.184119|350|Rx|d|8|C22F3AF01414A485
6.184119|1b0|Rx|d|4|FF00FFC0
6.184119|4de|Rx|d|3|C00000
6.184119|55d|Rx|d|8|00FC50C090800000
6.184119|4f8|Rx|d|8|94C0000000000000
6.184119|211|Rx|d|8|8200FFFFA90000CD
6.184119|214|Rx|d|2|0000
6.222622|12e|Rx|d|8|CA80007FF0FFFF00
6.222622|90|Rx|d|5|FF00032B00
6.222622|c6|Rx|d|8|803D80007FE3A6BA
6.222622|242|Rx|d|8|1280FFFFFFFFFD00
6.222622|29c|Rx|d|8|00000000FFFF0000
6.222622|354|Rx|d|8|0000000000000000
6.222622|12e|Rx|d|8|CA80007FF0FFFF00
6.222622|90|Rx|d|5|FF0004D200
6.222622|c6|Rx|d|8|803D80007FE3A8B8
6.222622|29a|Rx|d|8|0000000000000AF5
6.222622|2b7|Rx|d|5|00E0FFFE00
6.222622|1b0|Rx|d|4|FF00FFC0
6.222622|5de|Rx|d|8|0000000000000002
6.222622|3b7|Rx|d|6|00007FC000C0
6.222622|211|Rx|d|8|8200FFFFA90000CD
6.222622|214|Rx|d|2|0000
6.222622|12e|Rx|d|8|CA80007FF0FFFF00
6.222622|90|Rx|d|5|FF00059E00
6.222622|c6|Rx|d|8|803D80007FE3AAB6
6.222622|242|Rx|d|8|1280FFFFFFFFFD00
6.222622|29c|Rx|d|8|00000000FFFF0000
6.222622|352|Rx|d|4|5C0000FF
6.222622|5df|Rx|d|3|009500
6.222622|12e|Rx|d|8|CA80007FF0FFFF00
6.222622|90|Rx|d|5|FF00064A00
6.224772|c6|Rx|d|8|803D80007FE3ACB4
6.224772|29a|Rx|d|8|0000000000000BF4
6.224772|2b7|Rx|d|5|00E0FFFE00
6.224772|1b0|Rx|d|4|FF00FFC0
6.224772|657|Rx|d|2|C0CC
6.224772|69f|Rx|d|4|0650859F
6.224772|392|Rx|d|5|0004000000
6.224772|668|Rx|d|2|8000
6.224772|699|Rx|d|8|00000200BF000000
6.224772|211|Rx|d|8|8200FFFFA90000CD
6.224772|214|Rx|d|2|0000
6.224772|218|Rx|d|1|98
6.224772|4fa|Rx|d|2|0800
6.224772|671|Rx|d|2|0200
6.228768|12e|Rx|d|8|CA80007FF0FFFF00
6.228768|90|Rx|d|5|FF00070600
6.228768|c6|Rx|d|8|803D80007FE3AEB2
6.228768|242|Rx|d|8|1280FFFFFFFFFD00
6.228768|29c|Rx|d|8|00000000FFFF0000
6.228768|354|Rx|d|8|0000000000000000
6.228768|4ac|Rx|d|5|83712A0080
6.228768|45c|Rx|d|6|00000000FFE0
6.234764|6af|Rx|d|5|0000000000
6.238762|12e|Rx|d|8|CA80007FF0FFFF00
6.238762|90|Rx|d|5|FF0008A500
6.238762|c6|Rx|d|8|803D80007FE3B0B0
6.238762|29a|Rx|d|8|0000000000000CF3
6.238762|2b7|Rx|d|5|00E0FFFE00
6.240761|1b0|Rx|d|4|FF00FFC0
6.242759|211|Rx|d|8|8200FFFFA90000CD
6.242759|214|Rx|d|2|0000
6.248757|12e|Rx|d|8|CA80007FF0FFFF00
6.248757|90|Rx|d|5|FF0009E900
6.248757|c6|Rx|d|8|803D80007FE3B2AE
6.248757|242|Rx|d|8|1280FFFFFFFFFD00
6.248757|29c|Rx|d|8|00000000FFFF0000
6.248757|352|Rx|d|4|5C0000FF
6.258750|12e|Rx|d|8|CA80007FF0FFFF00
6.258750|90|Rx|d|5|FF000A3D00
6.258750|c6|Rx|d|8|803D80007FE3B4AC
6.258750|29a|Rx|d|8|0000000000000DF2
6.258750|2b7|Rx|d|5|00E0FFFE00
6.258750|5d7|Rx|d|7|000008125200C0
6.258750|1b0|Rx|d|4|FF00FFC0
6.264747|211|Rx|d|8|8200FFFFA90000CD
6.264747|214|Rx|d|2|0000
6.268744|12e|Rx|d|8|CA80017FF0FFFF00
6.268744|90|Rx|d|5|FF000B7100
6.268744|c6|Rx|d|8|803D80007FE3B6AA
6.268744|242|Rx|d|8|1280FFFFFFFFFD00
6.268744|29c|Rx|d|8|00000000FFFF0000
6.268744|354|Rx|d|8|0000000000000000
6.271928|392|Rx|d|5|0004000000
6.278188|12e|Rx|d|8|CA80017FF0FFFF00
6.278188|90|Rx|d|5|FF000C8800
6.278188|c6|Rx|d|8|803D80007FE3B8A8
6.278188|29a|Rx|d|8|0000000000000EF1
6.280186|2b7|Rx|d|5|00E0FFFE00
6.280186|666|Rx|d|4|34000008
6.280186|350|Rx|d|8|C22F3AF01414A485
6.280186|1b0|Rx|d|4|FF00FFC0
6.280186|4de|Rx|d|3|C00000
6.280186|55d|Rx|d|8|00FC50C090800000
6.280186|4f8|Rx|d|8|94C0000000000000
6.280186|211|Rx|d|8|8200FFFFA90000CD
6.280186|214|Rx|d|2|0000
6.288181|12e|Rx|d|8|CA80007FF0FFFF00
6.288181|90|Rx|d|5|FF000DC400
6.288181|c6|Rx|d|8|803D80007FE3BAA6
6.288181|242|Rx|d|8|1280FFFFFFFFFD00
6.288181|29c|Rx|d|8|00000000FFFF0000
6.288181|352|Rx|d|4|5C0000FF
6.298175|12e|Rx|d|8|CA80007FF0FFFF00
6.298175|90|Rx|d|5|FF000E1000
6.298175|c6|Rx|d|8|803D80007FE3BCA4
6.298175|29a|Rx|d|8|0000000000000FF0
6.300174|2b7|Rx|d|5|00E0FFFE00
6.300174|1b0|Rx|d|4|FF00FFC0
6.300174|5de|Rx|d|8|0000000000000002
6.300174|3b7|Rx|d|6|00007FC000C0
6.300174|211|Rx|d|8|8200FFFFA90000CD
6.300174|214|Rx|d|2|0000
6.308169|12e|Rx|d|8|CA80007FF0FFFF00
6.308169|90|Rx|d|5|FF000F5C00
6.308169|c6|Rx|d|8|803D80007FE3BEA2
6.308169|242|Rx|d|8|1280FFFFFFFFFD00
6.310169|29c|Rx|d|8|00000000FFFF0000
6.310169|354|Rx|d|8|0000000000000000
6.310169|5df|Rx|d|3|009500
6.318163|12e|Rx|d|8|CA80007FF0FFFF00
6.318163|90|Rx|d|5|FF0000FF00
6.318163|c6|Rx|d|8|803D80007FE3A0C0
6.318163|29a|Rx|d|8|00000000000000FF
6.318163|2b7|Rx|d|5|00E0FFFE00
6.320162|1b0|Rx|d|4|FF00FFC0
6.320162|657|Rx|d|2|C0CC
6.320162|392|Rx|d|5|0004000000
6.320162|668|Rx|d|2|8000
6.320162|211|Rx|d|8|8200FFFFA90000CD
6.320162|214|Rx|d|2|0000
6.339047|218|Rx|d|1|98
6.339047|4fa|Rx|d|2|0800
6.339047|671|Rx|d|2|0200
6.339047|12e|Rx|d|8|CA80007FF0FFFF00
6.339047|90|Rx|d|5|FF0001B300
6.339047|c6|Rx|d|8|803D80007FE3A2BE
6.339047|242|Rx|d|8|1280FFFFFFFFFD00
6.339047|29c|Rx|d|8|00000000FFFF0000
6.339047|352|Rx|d|4|5C0000FF
6.339047|4ac|Rx|d|5|83712A0080
6.339047|45c|Rx|d|6|00000000FFE0
6.339047|12e|Rx|d|8|CA80007FF0FFFF00
6.339047|90|Rx|d|5|FF00026700
6.339047|c6|Rx|d|8|803D80007FE3A4BC
6.339047|29a|Rx|d|8|00000000000001FE
6.339047|2b7|Rx|d|5|00E0FFFE00
6.339047|1b0|Rx|d|4|FF00FFC0
6.372037|211|Rx|d|8|8200FFFFA90000CD
6.372037|214|Rx|d|2|0000
6.372037|12e|Rx|d|8|CA80007FF0FFFF00
6.372037|90|Rx|d|5|FF00032B00
6.372037|c6|Rx|d|8|803D80007FE3A6BA
6.372037|242|Rx|d|8|1280FFFFFFFFFD00
6.372037|29c|Rx|d|8|00000000FFFF0000
6.372037|354|Rx|d|8|0000000000000000
6.372037|12e|Rx|d|8|CA80007FF0FFFF00
6.372037|90|Rx|d|5|FF0004D200
6.372037|c6|Rx|d|8|803D80007FE3A8B8
6.372037|29a|Rx|d|8|00000000000002FD
6.372037|2b7|Rx|d|5|00E0FFFE00
6.372037|5d7|Rx|d|7|000008125200C0
6.372037|1b0|Rx|d|4|FF00FFC0
6.372037|211|Rx|d|8|8200FFFFA90000CD
6.372037|214|Rx|d|2|0000
6.372037|12e|Rx|d|8|CA80007FF0FFFF00
6.372037|90|Rx|d|5|FF00059E00
6.372037|c6|Rx|d|8|803D80007FE3AAB6
6.372037|242|Rx|d|8|1280FFFFFFFFFD00
6.372037|29c|Rx|d|8|00000000FFFF0000
6.372037|352|Rx|d|4|5C0000FF
6.372037|392|Rx|d|5|0004000000
6.378173|12e|Rx|d|8|CA80007FF0FFFF00
6.378173|90|Rx|d|5|FF00064A00
6.378173|c6|Rx|d|8|803D80007FE3ACB4
6.378173|29a|Rx|d|8|00000000000003FC
6.378173|2b7|Rx|d|5|00E0FFFE00
6.378173|666|Rx|d|4|34000008
6.380172|350|Rx|d|8|C22F3AF01414A485
6.380172|1b0|Rx|d|4|FF00FFC0
6.380172|4de|Rx|d|3|C00000
6.380172|55d|Rx|d|8|00FC50C090800000
6.380172|4f8|Rx|d|8|94C0000000000000
6.380172|211|Rx|d|8|8200FFFFA90000CD
6.380172|214|Rx|d|2|0000
6.388167|12e|Rx|d|8|CA7FFF7FF0FFFF00
6.388167|90|Rx|d|5|FF00070600
6.388167|c6|Rx|d|8|803D80007FE3AEB2
6.388167|242|Rx|d|8|1280FFFFFFFFFD00
6.390165|29c|Rx|d|8|00000000FFFF0000
6.390165|354|Rx|d|8|0000000000000000
6.398162|12e|Rx|d|8|CA7FFF7FF0FFFF00
6.398162|90|Rx|d|5|FF0008A500
6.398162|c6|Rx|d|8|803D80007FE3B0B0
6.398162|29a|Rx|d|8|00000000000004FB
6.398162|2b7|Rx|d|5|00E0FFFE00
6.400159|1b0|Rx|d|4|FF00FFC0
6.400159|5de|Rx|d|8|0000000000000002
6.400159|3b7|Rx|d|6|00007FC000C0
6.400159|211|Rx|d|8|8200FFFFA90000CD
6.400159|214|Rx|d|2|0000
6.408155|12e|Rx|d|8|CA80007FF0FFFF00
6.408155|90|Rx|d|5|FF0009E900
6.408155|c6|Rx|d|8|803D80007FE3B2AE
6.408155|242|Rx|d|8|1280FFFFFFFFFD00
6.408155|29c|Rx|d|8|00000000FFFF0000
6.408155|352|Rx|d|4|5C0000FF
6.408155|5df|Rx|d|3|009500
6.418150|12e|Rx|d|8|CA80007FF0FFFF00
6.418150|90|Rx|d|5|FF000A3D00
6.418150|c6|Rx|d|8|803D80007FE3B4AC
6.418150|29a|Rx|d|8|00000000000005FA
6.418150|2b7|Rx|d|5|00E0FFFE00
6.418150|1b0|Rx|d|4|FF00FFC0
6.418150|657|Rx|d|2|C0CC
6.439293|392|Rx|d|5|0004000000
6.439293|668|Rx|d|2|8000
6.439293|211|Rx|d|8|8200FFFFA90000CD
6.439293|214|Rx|d|2|0000
6.439293|218|Rx|d|1|98
6.439293|4fa|Rx|d|2|0800
6.439293|671|Rx|d|2|0200
6.439293|12e|Rx|d|8|CA80007FF0FFFF00
6.439293|90|Rx|d|5|FF000B7100
6.439293|c6|Rx|d|8|803D80007FE3B6AA
6.439293|242|Rx|d|8|1280FFFFFFFFFD00
6.439293|29c|Rx|d|8|00000000FFFF0000
6.439293|354|Rx|d|8|0000000000000000
6.439293|4ac|Rx|d|5|83712A0080
6.439293|45c|Rx|d|6|00000000FFE0
6.439293|12e|Rx|d|8|CA80007FF0FFFF00
6.439293|90|Rx|d|5|FF000C8800
6.439293|c6|Rx|d|8|803D80007FE3B8A8
6.439293|29a|Rx|d|8|00000000000006F9
6.439293|2b7|Rx|d|5|00E0FFFE00
6.439293|1b0|Rx|d|4|FF00FFC0
6.472923|211|Rx|d|8|8200FFFFA90000CD
6.472923|214|Rx|d|2|0000
6.472923|12e|Rx|d|8|C980007FF0FFFF00
6.472923|90|Rx|d|5|FF000DC400
6.472923|c6|Rx|d|8|803D80007FE3BAA6
6.472923|242|Rx|d|8|1280FFFFFFFFFD00
6.472923|29c|Rx|d|8|00000000FFFF0000
6.472923|352|Rx|d|4|5C0000FF
6.472923|12e|Rx|d|8|C980007FF0FFFF00
6.472923|90|Rx|d|5|FF000E1000
6.472923|c6|Rx|d|8|803D80007FE3BCA4
6.472923|29a|Rx|d|8|00000000000007F8
6.472923|2b7|Rx|d|5|00E0FFFE00
6.472923|5d7|Rx|d|7|000008125200C0
6.472923|1b0|Rx|d|4|FF00FFC0
6.472923|211|Rx|d|8|8200FFFFA90000CD
6.472923|214|Rx|d|2|0000
6.472923|12e|Rx|d|8|C97FFF7FF0FFFF00
6.472923|90|Rx|d|5|FF000F5C00
6.472923|c6|Rx|d|8|803D80007FE3BEA2
6.472923|242|Rx|d|8|1280FFFFFFFFFD00
6.472923|29c|Rx|d|8|00000000FFFF0000
6.472923|354|Rx|d|8|0000000000000000
6.472923|392|Rx|d|5|0004000000
6.479079|12e|Rx|d|8|C97FFF7FF0FFFF00
6.479079|90|Rx|d|5|FF0000FF00
6.479079|c6|Rx|d|8|803D80007FE3A0C0
6.479079|29a|Rx|d|8|00000000000008F7
6.479079|2b7|Rx|d|5|00E0FFFE00
6.479079|666|Rx|d|4|34000008
6.479079|350|Rx|d|8|C22F3AF01414A485
6.479079|1b0|Rx|d|4|FF00FFC0
6.479079|4de|Rx|d|3|C00000
6.479079|55d|Rx|d|8|00FC50C090800000
6.479079|4f8|Rx|d|8|94C0000000000000
6.485075|211|Rx|d|8|8200FFFFA90000CD
6.485075|214|Rx|d|2|0000
6.487082|12e|Rx|d|8|CA80007FF0FFFF00
6.487082|90|Rx|d|5|FF0001B300
6.489073|c6|Rx|d|8|803D80007FE3A2BE
6.489073|242|Rx|d|8|1280FFFFFFFFFD00
6.489073|29c|Rx|d|8|00000000FFFF0000
6.489073|352|Rx|d|4|5C0000FF
6.497068|12e|Rx|d|8|CA80007FF0FFFF00
6.497068|90|Rx|d|5|FF00026700
6.497068|c6|Rx|d|8|803D80007FE3A4BC
6.497068|29a|Rx|d|8|00000000000009F6
6.497068|2b7|Rx|d|5|00E0FFFE00
6.497068|1b0|Rx|d|4|FF00FFC0
6.497068|5de|Rx|d|8|0000000000000002
6.503064|3b7|Rx|d|6|00007FC000C0
6.503064|211|Rx|d|8|8200FFFFA90000CD
6.503064|214|Rx|d|2|0000
6.507062|12e|Rx|d|8|CA80007FF0FFFF00
6.507062|90|Rx|d|5|FF00032B00
6.509060|c6|Rx|d|8|803D80007FE3A6BA
6.509060|242|Rx|d|8|1280FFFFFFFFFD00
6.509060|29c|Rx|d|8|00000000FFFF0000
6.509060|354|Rx|d|8|0000000000000000
6.509060|5df|Rx|d|3|009500
6.509060|646|Rx|d|8|000000020000000C
6.517055|12e|Rx|d|8|CA80007FF0FFFF00
6.517055|90|Rx|d|5|FF0004D200
6.517055|c6|Rx|d|8|803D80007FE3A8B8
6.517055|29a|Rx|d|8|0000000000000AF5
6.517055|2b7|Rx|d|5|00E0FFFE00
6.517055|1b0|Rx|d|4|FF00FFC0
6.517055|657|Rx|d|2|C0CC
6.538069|392|Rx|d|5|0004000000
6.538069|211|Rx|d|8|8200FFFFA90000CD
6.538069|668|Rx|d|2|8000
6.538069|214|Rx|d|2|0000
6.538069|218|Rx|d|1|98
6.538069|4fa|Rx|d|2|0800
6.538069|671|Rx|d|2|0200
6.538069|12e|Rx|d|8|CA7FFF7FF0FFFF00
6.538069|90|Rx|d|5|FF00059E00
6.538069|c6|Rx|d|8|803D80007FE3AAB6
6.538069|242|Rx|d|8|1280FFFFFFFFFD00
6.538069|29c|Rx|d|8|00000000FFFF0000
6.538069|352|Rx|d|4|5C0000FF
6.538069|4ac|Rx|d|5|83712A0080
6.538069|45c|Rx|d|6|00000000FFE0
6.538069|12e|Rx|d|8|CA7FFF7FF0FFFF00
6.538069|90|Rx|d|5|FF00064A00
6.538069|c6|Rx|d|8|803D80007FE3ACB4
6.538069|29a|Rx|d|8|0000000000000BF4
6.538069|2b7|Rx|d|5|00E0FFFE00
6.538069|1b0|Rx|d|4|FF00FFC0
6.572909|211|Rx|d|8|8200FFFFA90000CD
6.572909|214|Rx|d|2|0000
6.572909|12e|Rx|d|8|CA80007FF0FFFF00
6.572909|90|Rx|d|5|FF00070600
6.572909|c6|Rx|d|8|803D80007FE3AEB2
6.572909|242|Rx|d|8|1280FFFFFFFFFD00
6.572909|29c|Rx|d|8|00000000FFFF0000
6.572909|354|Rx|d|8|0000000000000000
6.572909|12e|Rx|d|8|CA80007FF0FFFF00
6.572909|90|Rx|d|5|FF0008A500
6.572909|c6|Rx|d|8|803D80007FE3B0B0
6.572909|29a|Rx|d|8|0000000000000CF3
6.572909|2b7|Rx|d|5|00E0FFFE00
6.572909|5d7|Rx|d|7|000008125200C0
6.572909|1b0|Rx|d|4|FF00FFC0
6.572909|211|Rx|d|8|8200FFFFA90000CD
6.572909|214|Rx|d|2|0000
6.572909|12e|Rx|d|8|CA80007FF0FFFF00
6.572909|90|Rx|d|5|FF0009E900
6.572909|c6|Rx|d|8|803D80007FE3B2AE
6.572909|242|Rx|d|8|1280FFFFFFFFFD00
6.572909|29c|Rx|d|8|00000000FFFF0000
6.572909|352|Rx|d|4|5C0000FF
6.572909|392|Rx|d|5|0004000000
6.577055|6af|Rx|d|5|0000000000
6.577055|12e|Rx|d|8|CA80007FF0FFFF00
6.577055|90|Rx|d|5|FF000A3D00
6.579054|c6|Rx|d|8|803D80007FE3B4AC
6.579054|29a|Rx|d|8|0000000000000DF2
6.579054|2b7|Rx|d|5|00E0FFFE00
6.579054|666|Rx|d|4|34000008
6.579054|350|Rx|d|8|C22F3AF01414A485
6.579054|1b0|Rx|d|4|FF00FFC0
6.579054|4de|Rx|d|3|C00000
6.581055|55d|Rx|d|8|00FC50C090800000
6.581055|4f8|Rx|d|8|94C0000000000000
6.581055|211|Rx|d|8|8200FFFFA90000CD
6.583051|214|Rx|d|2|0000
6.587050|12e|Rx|d|8|CA80007FF0FFFF00
6.587050|90|Rx|d|5|FF000B7100
6.589048|c6|Rx|d|8|803D80007FE3B6AA
6.589048|242|Rx|d|8|1280FFFFFFFFFD00
6.589048|29c|Rx|d|8|00000000FFFF0000
6.589048|354|Rx|d|8|0000000000000000
6.597042|12e|Rx|d|8|CA80007FF0FFFF00
6.597042|90|Rx|d|5|FF000C8800
6.597042|c6|Rx|d|8|803D80007FE3B8A8
6.597042|29a|Rx|d|8|0000000000000EF1
6.597042|2b7|Rx|d|5|00E0FFFE00
6.597042|1b0|Rx|d|4|FF00FFC0
6.597042|5de|Rx|d|8|0000000000000002
6.603039|3b7|Rx|d|6|00007FC000C0
6.603039|211|Rx|d|8|8200FFFFA90000CD
6.603039|214|Rx|d|2|0000
6.607036|12e|Rx|d|8|CA80007FF0FFFF00
6.607036|90|Rx|d|5|FF000DC400
6.609034|c6|Rx|d|8|803D80007FE3BAA6
6.609034|242|Rx|d|8|1280FFFFFFFFFD00
6.609034|29c|Rx|d|8|00000000FFFF0000
6.609034|352|Rx|d|4|5C0000FF
6.609034|5df|Rx|d|3|009500
6.617030|12e|Rx|d|8|CA80007FF0FFFF00
6.617030|90|Rx|d|5|FF000E1000
6.619029|c6|Rx|d|8|803D80007FE3BCA4
6.619029|29a|Rx|d|8|0000000000000FF0
6.619029|2b7|Rx|d|5|00E0FFFE00
6.619029|1b0|Rx|d|4|FF00FFC0
6.619029|657|Rx|d|2|C0CC
6.619029|392|Rx|d|5|0004000000
6.619029|211|Rx|d|8|8200FFFFA90000CD
6.653921|668|Rx|d|2|8000
6.653921|214|Rx|d|2|0000
6.653921|218|Rx|d|1|98
6.653921|4fa|Rx|d|2|0800
6.653921|671|Rx|d|2|0200
6.653921|12e|Rx|d|8|CB80007FF0FFFF00
6.653921|90|Rx|d|5|FF000F5C00
6.653921|c6|Rx|d|8|803D80007FE3BEA2
6.653921|242|Rx|d|8|1280FFFFFFFFFD00
6.653921|29c|Rx|d|8|00000000FFFF0000
6.653921|354|Rx|d|8|0000000000000000
6.653921|4ac|Rx|d|5|83712A0080
6.653921|45c|Rx|d|6|00000000FFE0
6.653921|12e|Rx|d|8|CB80007FF0FFFF00
6.653921|90|Rx|d|5|FF0000FF00
6.653921|c6|Rx|d|8|803D80007FE3A0C0
6.653921|29a|Rx|d|8|00000000000000FF
6.653921|2b7|Rx|d|5|00E0FFFE00
6.653921|1b0|Rx|d|4|FF00FFC0
6.653921|211|Rx|d|8|8200FFFFA90000CD
6.653921|214|Rx|d|2|0000
6.653921|12e|Rx|d|8|CA80007FF0FFFF00
6.653921|90|Rx|d|5|FF0001B300
6.653921|c6|Rx|d|8|803D80007FE3A2BE
6.653921|242|Rx|d|8|1280FFFFFFFFFD00
6.653921|29c|Rx|d|8|00000000FFFF0000
6.653921|352|Rx|d|4|5C0000FF
6.689212|12e|Rx|d|8|CA80007FF0FFFF00
6.689212|90|Rx|d|5|FF00026700
6.689212|c6|Rx|d|8|803D80007FE3A4BC
6.689212|29a|Rx|d|8|00000000000001FE
6.689212|2b7|Rx|d|5|00E0FFFE00
6.689212|5d7|Rx|d|7|000008125200C0
6.689212|1b0|Rx|d|4|FF00FFC0
6.689212|211|Rx|d|8|8200FFFFA90000CD
6.689212|214|Rx|d|2|0000
6.689212|12e|Rx|d|8|CA80007FF0FFFF00
6.689212|90|Rx|d|5|FF00032B00
6.689212|c6|Rx|d|8|803D80007FE3A6BA
6.689212|242|Rx|d|8|1280FFFFFFFFFD00
6.689212|29c|Rx|d|8|00000000FFFF0000
6.689212|354|Rx|d|8|0000000000000000
6.689212|392|Rx|d|5|0004000000
6.689212|12e|Rx|d|8|CA80007FF0FFFF00
6.689212|90|Rx|d|5|FF0004D200
6.689212|c6|Rx|d|8|803D80007FE3A8B8
6.689212|29a|Rx|d|8|00000000000002FD
6.689212|2b7|Rx|d|5|00E0FFFE00
6.689212|666|Rx|d|4|34000008
6.689212|350|Rx|d|8|C22F3AF01414A485
6.689212|1b0|Rx|d|4|FF00FFC0
6.689212|4de|Rx|d|3|C00000
6.689212|55d|Rx|d|8|00FC50C090800000
6.689212|4f8|Rx|d|8|94C0000000000000
6.689212|211|Rx|d|8|8200FFFFA90000CD
6.689212|214|Rx|d|2|0000
6.689212|12e|Rx|d|8|CA80007FF0FFFF00
6.689212|90|Rx|d|5|FF00059E00
6.689212|c6|Rx|d|8|803D80007FE3AAB6
6.689212|242|Rx|d|8|1280FFFFFFFFFD00
6.689212|29c|Rx|d|8|00000000FFFF0000
6.689212|352|Rx|d|4|5C0000FF
6.724918|12e|Rx|d|8|CA80007FF0FFFF00
6.724918|90|Rx|d|5|FF00064A00
6.724918|c6|Rx|d|8|803D80007FE3ACB4
6.724918|29a|Rx|d|8|00000000000003FC
6.724918|2b7|Rx|d|5|00E0FFFE00
6.724918|1b0|Rx|d|4|FF00FFC0
6.724918|5de|Rx|d|8|0000000000000002
6.724918|3b7|Rx|d|6|00007FC000C0
6.724918|211|Rx|d|8|8200FFFFA90000CD
6.724918|214|Rx|d|2|0000
6.724918|12e|Rx|d|8|CA80007FF0FFFF00
6.724918|90|Rx|d|5|FF00070600
6.724918|c6|Rx|d|8|803D80007FE3AEB2
6.724918|242|Rx|d|8|1280FFFFFFFFFD00
6.724918|29c|Rx|d|8|00000000FFFF0000
6.724918|354|Rx|d|8|0000000000000000
6.724918|5df|Rx|d|3|009500
6.724918|12e|Rx|d|8|CA80007FF0FFFF00
6.724918|90|Rx|d|5|FF0008A500
6.724918|c6|Rx|d|8|803D80007FE3B0B0
6.724918|29a|Rx|d|8|00000000000004FB
6.724918|2b7|Rx|d|5|00E0FFFE00
6.724918|1b0|Rx|d|4|FF00FFC0
6.724918|657|Rx|d|2|C0CC
6.724918|211|Rx|d|8|8200FFFFA90000CD
6.724918|392|Rx|d|5|0004000000
6.724918|214|Rx|d|2|0000
6.724918|668|Rx|d|2|8000
6.724918|218|Rx|d|1|98
6.724918|4fa|Rx|d|2|0800
6.724918|671|Rx|d|2|0200
6.726249|12e|Rx|d|8|CA80007FF0FFFF00
6.728248|90|Rx|d|5|FF0009E900
6.728248|c6|Rx|d|8|803D80007FE3B2AE
6.728248|242|Rx|d|8|1280FFFFFFFFFD00
6.728248|29c|Rx|d|8|00000000FFFF0000
6.728248|352|Rx|d|4|5C0000FF
6.730246|4ac|Rx|d|5|83712A0080
6.730246|45c|Rx|d|6|00000000FFE0
6.738243|12e|Rx|d|8|CA80007FF0FFFF00
6.738243|90|Rx|d|5|FF000A3D00
6.738243|c6|Rx|d|8|803D80007FE3B4AC
6.738243|29a|Rx|d|8|00000000000005FA
6.738243|2b7|Rx|d|5|00E0FFFE00
6.740240|1b0|Rx|d|4|FF00FFC0
6.740240|211|Rx|d|8|8200FFFFA90000CD
6.740240|214|Rx|d|2|0000
6.748235|12e|Rx|d|8|CA80007FF0FFFF00
6.748235|90|Rx|d|5|FF000B7100
6.748235|c6|Rx|d|8|803D80007FE3B6AA
6.748235|242|Rx|d|8|1280FFFFFFFFFD00
6.748235|29c|Rx|d|8|00000000FFFF0000
6.748235|354|Rx|d|8|0000000000000000
6.758229|12e|Rx|d|8|CA80007FF0FFFF00
6.758229|90|Rx|d|5|FF000C8800
6.758229|c6|Rx|d|8|803D80007FE3B8A8
6.758229|29a|Rx|d|8|00000000000006F9
6.758229|2b7|Rx|d|5|00E0FFFE00
6.758229|5d7|Rx|d|7|000008125200C0
6.758229|1b0|Rx|d|4|FF00FFC0
6.764225|211|Rx|d|8|8200FFFFA90000CD
6.764225|214|Rx|d|2|0000
6.768223|12e|Rx|d|8|CA80007FF0FFFF00
6.768223|90|Rx|d|5|FF000DC400
6.768223|c6|Rx|d|8|803D80007FE3BAA6
6.768223|242|Rx|d|8|1280FFFFFFFFFD00
6.770223|29c|Rx|d|8|00000000FFFF0000
6.770223|352|Rx|d|4|5C0000FF
6.772221|392|Rx|d|5|0004000000
6.806622|12e|Rx|d|8|CA80007FF0FFFF00
6.806622|90|Rx|d|5|FF000E1000
6.806622|c6|Rx|d|8|803D80007FE3BCA4
6.806622|29a|Rx|d|8|00000000000007F8
6.806622|2b7|Rx|d|5|00E0FFFE00
6.806622|666|Rx|d|4|34000008
6.806622|350|Rx|d|8|C22F3AF01414A485
6.806622|1b0|Rx|d|4|FF00FFC0
6.806622|4de|Rx|d|3|C00000
6.806622|55d|Rx|d|8|00FC50C090800000
6.806622|4f8|Rx|d|8|94C0000000000000
6.806622|211|Rx|d|8|8200FFFFA90000CD
6.806622|214|Rx|d|2|0000
6.806622|12e|Rx|d|8|CA80007FF0FFFF00
6.806622|90|Rx|d|5|FF000F5C00
6.806622|c6|Rx|d|8|803D80007FE3BEA2
6.806622|242|Rx|d|8|1280FFFFFFFFFD00
6.806622|29c|Rx|d|8|00000000FFFF0000
6.806622|354|Rx|d|8|0000000000000000
6.822248|12e|Rx|d|8|CA80007FF0FFFF00
6.822248|90|Rx|d|5|FF0000FF00
6.822248|c6|Rx|d|8|803D80007FE3A0C0
6.822248|29a|Rx|d|8|00000000000008F7
6.822248|2b7|Rx|d|5|00E0FFFE00
6.822248|1b0|Rx|d|4|FF00FFC0
6.822248|5de|Rx|d|8|0000000000000002
6.822248|3b7|Rx|d|6|00007FC000C0
6.822248|211|Rx|d|8|8200FFFFA90000CD
6.822248|214|Rx|d|2|0000
6.822248|12e|Rx|d|8|CA80007FF0FFFF00
6.822248|90|Rx|d|5|FF0001B300
6.822248|c6|Rx|d|8|803D80007FE3A2BE
6.822248|242|Rx|d|8|1280FFFFFFFFFD00
6.822248|29c|Rx|d|8|00000000FFFF0000
6.822248|352|Rx|d|4|5C0000FF
6.822248|5df|Rx|d|3|009500
6.822248|12e|Rx|d|8|CA80007FF0FFFF00
6.822248|90|Rx|d|5|FF00026700
6.822248|c6|Rx|d|8|803D80007FE3A4BC
6.822248|29a|Rx|d|8|00000000000009F6
6.822248|2b7|Rx|d|5|00E0FFFE00
6.822248|1b0|Rx|d|4|FF00FFC0
6.822248|657|Rx|d|2|C0CC
6.822248|392|Rx|d|5|0004000000
6.822248|668|Rx|d|2|8000
6.822248|211|Rx|d|8|8200FFFFA90000CD
6.822248|214|Rx|d|2|0000
6.822248|218|Rx|d|1|98
6.822248|4fa|Rx|d|2|0800
6.822248|671|Rx|d|2|0200
6.870677|12e|Rx|d|8|CA80007FF0FFFF00
6.870677|90|Rx|d|5|FF00032B00
6.870677|c6|Rx|d|8|803D80007FE3A6BA
6.870677|242|Rx|d|8|1280FFFFFFFFFD00
6.870677|29c|Rx|d|8|00000000FFFF0000
6.870677|354|Rx|d|8|0000000000000000
6.870677|4ac|Rx|d|5|83712A0080
6.870677|45c|Rx|d|6|00000000FFE0
6.870677|12e|Rx|d|8|CA80007FF0FFFF00
6.870677|90|Rx|d|5|FF0004D200
6.870677|c6|Rx|d|8|803D80007FE3A8B8
6.870677|29a|Rx|d|8|0000000000000AF5
6.870677|2b7|Rx|d|5|00E0FFFE00
6.870677|1b0|Rx|d|4|FF00FFC0
6.870677|211|Rx|d|8|8200FFFFA90000CD
6.870677|214|Rx|d|2|0000
6.870677|12e|Rx|d|8|CA80007FF0FFFF00
6.870677|90|Rx|d|5|FF00059E00
6.870677|c6|Rx|d|8|803D80007FE3AAB6
6.870677|242|Rx|d|8|1280FFFFFFFFFD00
6.870677|29c|Rx|d|8|00000000FFFF0000
6.870677|352|Rx|d|4|5C0000FF
6.870677|6af|Rx|d|5|0000000000
6.870677|12e|Rx|d|8|CA80007FF0FFFF00
6.870677|90|Rx|d|5|FF00064A00
6.870677|c6|Rx|d|8|803D80007FE3ACB4
6.870677|29a|Rx|d|8|0000000000000BF4
6.870677|2b7|Rx|d|5|00E0FFFE00
6.870677|5d7|Rx|d|7|000008125200C0
6.870677|1b0|Rx|d|4|FF00FFC0
6.870677|211|Rx|d|8|8200FFFFA90000CD
6.870677|214|Rx|d|2|0000
6.870677|12e|Rx|d|8|CA80007FF0FFFF00
6.870677|90|Rx|d|5|FF00070600
6.870677|c6|Rx|d|8|803D80007FE3AEB2
6.870677|242|Rx|d|8|1280FFFFFFFFFD00
6.870677|29c|Rx|d|8|00000000FFFF0000
6.870677|354|Rx|d|8|0000000000000000
6.870677|392|Rx|d|5|0004000000
6.904500|12e|Rx|d|8|CA80007FF0FFFF00
6.904500|90|Rx|d|5|FF0008A500
6.904500|c6|Rx|d|8|803D80007FE3B0B0
6.904500|29a|Rx|d|8|0000000000000CF3
6.904500|2b7|Rx|d|5|00E0FFFE00
6.904500|666|Rx|d|4|34000008
6.904500|350|Rx|d|8|C22F3AF01414A485
6.904500|1b0|Rx|d|4|FF00FFC0
6.904500|4de|Rx|d|3|C00000
6.904500|55d|Rx|d|8|00FC50C090800000
6.904500|4f8|Rx|d|8|94C0000000000000
6.904500|211|Rx|d|8|8200FFFFA90000CD
6.904500|214|Rx|d|2|0000
6.904500|12e|Rx|d|8|CA80007FF0FFFF00
6.904500|90|Rx|d|5|FF0009E900
6.904500|c6|Rx|d|8|803D80007FE3B2AE
6.904500|242|Rx|d|8|1280FFFFFFFFFD00
6.904500|29c|Rx|d|8|00000000FFFF0000
6.904500|352|Rx|d|4|5C0000FF
6.904500|12e|Rx|d|8|CA80007FF0FFFF00
6.904500|90|Rx|d|5|FF000A3D00
6.904500|c6|Rx|d|8|803D80007FE3B4AC
6.904500|29a|Rx|d|8|0000000000000DF2
6.904500|2b7|Rx|d|5|00E0FFFE00
6.904500|1b0|Rx|d|4|FF00FFC0
6.904500|5de|Rx|d|8|0000000000000002
6.904500|3b7|Rx|d|6|00007FC000C0
6.904500|211|Rx|d|8|8200FFFFA90000CD
6.904500|214|Rx|d|2|0000
6.952958|12e|Rx|d|8|CA80007FF0FFFF00
6.952958|90|Rx|d|5|FF000B7100
6.952958|c6|Rx|d|8|803D80007FE3B6AA
6.952958|242|Rx|d|8|1280FFFFFFFFFD00
6.952958|29c|Rx|d|8|00000000FFFF0000
6.952958|354|Rx|d|8|0000000000000000
6.952958|5df|Rx|d|3|009500
6.952958|12e|Rx|d|8|CA80007FF0FFFF00
6.952958|90|Rx|d|5|FF000C8800
6.952958|c6|Rx|d|8|803D80007FE3B8A8
6.952958|29a|Rx|d|8|0000000000000EF1
6.952958|2b7|Rx|d|5|00E0FFFE00
6.952958|1b0|Rx|d|4|FF00FFC0
6.952958|657|Rx|d|2|C0CC
6.952958|392|Rx|d|5|0004000000
6.952958|211|Rx|d|8|8200FFFFA90000CD
6.952958|668|Rx|d|2|8000
6.952958|214|Rx|d|2|0000
6.952958|218|Rx|d|1|98
6.952958|4fa|Rx|d|2|0800
6.952958|671|Rx|d|2|0200
6.952958|12e|Rx|d|8|CA80017FF0FFFF00
6.952958|90|Rx|d|5|FF000DC400
6.952958|c6|Rx|d|8|803D80007FE3BAA6
6.952958|242|Rx|d|8|1280FFFFFFFFFD00
6.952958|29c|Rx|d|8|00000000FFFF0000
6.952958|352|Rx|d|4|5C0000FF
6.952958|4ac|Rx|d|5|83712A0080
6.952958|45c|Rx|d|6|00000000FFE0
6.952958|12e|Rx|d|8|CA80017FF0FFFF00
6.952958|90|Rx|d|5|FF000E1000
6.952958|c6|Rx|d|8|803D80007FE3BCA4
6.952958|29a|Rx|d|8|0000000000000FF0
6.952958|2b7|Rx|d|5|00E0FFFE00
6.952958|1b0|Rx|d|4|FF00FFC0
6.952958|211|Rx|d|8|8200FFFFA90000CD
6.952958|214|Rx|d|2|0000
6.952958|12e|Rx|d|8|CA80017FF0FFFF00
6.952958|90|Rx|d|5|FF000F5C00
6.952958|c6|Rx|d|8|803D80087FE3BE9A
6.952958|242|Rx|d|8|1280FFFFFFFFFD00
6.952958|29c|Rx|d|8|00000000FFFF0000
6.952958|354|Rx|d|8|0000000000000000
6.986740|12e|Rx|d|8|CA80017FF0FFFF00
6.986740|90|Rx|d|5|FF0000FF00
6.986740|c6|Rx|d|8|803D7FF87FE3A0C9
6.986740|29a|Rx|d|8|00000000000000FF
6.986740|2b7|Rx|d|5|00E0FFFE00
6.986740|5d7|Rx|d|7|000008125200C0
6.986740|1b0|Rx|d|4|FF00FFC0
6.986740|211|Rx|d|8|8200FFFFA90000CD
6.986740|214|Rx|d|2|0000
6.986740|12e|Rx|d|8|CA80027FF0FFFF00
6.986740|90|Rx|d|5|FF0001B300
6.986740|c6|Rx|d|8|803D80007FE3A2BE
6.986740|242|Rx|d|8|1280FFFFFFFFFD00
6.986740|29c|Rx|d|8|00000000FFFF0000
6.986740|352|Rx|d|4|5C0000FF
6.986740|392|Rx|d|5|0004000000
6.986740|12e|Rx|d|8|CA80027FF0FFFF00
6.986740|90|Rx|d|5|FF00026700
6.986740|c6|Rx|d|8|803D80007FE3A4BC
6.986740|29a|Rx|d|8|00000000000001FE
6.986740|2b7|Rx|d|5|00E0FFFE00
6.986740|666|Rx|d|4|34000008
6.986740|350|Rx|d|8|C22F3AF01414A485
6.986740|1b0|Rx|d|4|FF00FFC0
6.986740|4de|Rx|d|3|C00000
6.986740|55d|Rx|d|8|00FC50C090800000
6.986740|4f8|Rx|d|8|94C0000000000000
6.986740|211|Rx|d|8|8200FFFFA90000CD
6.986740|214|Rx|d|2|0000
6.986740|12e|Rx|d|8|CA80007FF0FFFF00
6.986740|90|Rx|d|5|FF00032B00
6.986740|c6|Rx|d|8|803D80007FE3A6BA
6.986740|242|Rx|d|8|1280FFFFFFFFFD00
6.986740|29c|Rx|d|8|00000000FFFF0000
6.986740|354|Rx|d|8|0000000000000000
7.020446|12e|Rx|d|8|CA80007FF0FFFF00
7.020446|90|Rx|d|5|FF0004D200
7.020446|c6|Rx|d|8|803D80007FE3A8B8
7.020446|29a|Rx|d|8|00000000000002FD
7.020446|2b7|Rx|d|5|00E0FFFE00
7.020446|1b0|Rx|d|4|FF00FFC0
7.020446|5de|Rx|d|8|0000000000000002
7.020446|3b7|Rx|d|6|00007FC000C0
7.020446|211|Rx|d|8|8200FFFFA90000CD
7.020446|214|Rx|d|2|0000
7.020446|12e|Rx|d|8|CA80007FF0FFFF00
7.020446|90|Rx|d|5|FF00059E00
7.020446|c6|Rx|d|8|803D80007FE3AAB6
7.020446|242|Rx|d|8|1280FFFFFFFFFD00
7.020446|29c|Rx|d|8|00000000FFFF0000
7.020446|352|Rx|d|4|5C0000FF
7.020446|5df|Rx|d|3|009500
7.020446|646|Rx|d|8|000000020000000C
7.020446|12e|Rx|d|8|CA80007FF0FFFF00
7.020446|90|Rx|d|5|FF00064A00
7.020446|c6|Rx|d|8|803D80007FE3ACB4
7.020446|29a|Rx|d|8|00000000000003FC
7.020446|2b7|Rx|d|5|00E0FFFE00
7.020446|1b0|Rx|d|4|FF00FFC0
7.020446|657|Rx|d|2|C0CC
7.020446|211|Rx|d|8|8200FFFFA90000CD
7.020446|392|Rx|d|5|0005000000
7.020446|214|Rx|d|2|0000
7.020446|668|Rx|d|2|8000
7.020446|218|Rx|d|1|98
7.020446|4fa|Rx|d|2|0800
7.024097|671|Rx|d|2|0200
7.028094|12e|Rx|d|8|CA80007FF0FFFF00
7.028094|90|Rx|d|5|FF00070600
7.028094|c6|Rx|d|8|803D80007FE3AEB2
7.028094|242|Rx|d|8|1280FFFFFFFFFD00
7.030093|29c|Rx|d|8|00000000FFFF0000
7.030093|354|Rx|d|8|0000000000000000
7.030093|4ac|Rx|d|5|83712A0080
7.030093|45c|Rx|d|6|00000000FFE0
7.038090|12e|Rx|d|8|CA80007FF0FFFF00
7.038090|90|Rx|d|5|FF0008A500
7.038090|c6|Rx|d|8|803D80007FE3B0B0
7.038090|29a|Rx|d|8|00000000000004FB
7.038090|2b7|Rx|d|5|00E0FFFE00
7.038090|1b0|Rx|d|4|FF00FFC0
7.044084|211|Rx|d|8|8200FFFFA90000CD
7.044084|214|Rx|d|2|0000
7.048082|12e|Rx|d|8|CA80007FF0FFFF00
7.048082|90|Rx|d|5|FF0009E900
7.048082|c6|Rx|d|8|803D80007FE3B2AE
7.048082|242|Rx|d|8|1280FFFFFFFFFD00
7.048082|29c|Rx|d|8|00000000FFFF0000
7.048082|352|Rx|d|4|5C0000FF
7.058076|12e|Rx|d|8|CA80007FF0FFFF00
7.058076|90|Rx|d|5|FF000A3D00
7.058076|c6|Rx|d|8|803D80007FE3B4AC
7.058076|29a|Rx|d|8|00000000000005FA
7.058076|2b7|Rx|d|5|00E0FFFE00
7.058076|5d7|Rx|d|7|000008125200C0
7.058076|1b0|Rx|d|4|FF00FFC0
7.064072|211|Rx|d|8|8200FFFFA90000CD
7.064072|214|Rx|d|2|0000
7.068070|12e|Rx|d|8|C980007FF0FFFF00
7.068070|90|Rx|d|5|FF000B7100
7.068070|c6|Rx|d|8|803D80007FE3B6AA
7.068070|242|Rx|d|8|1280FFFFFFFFFD00
7.068070|29c|Rx|d|8|00000000FFFF0000
7.068070|354|Rx|d|8|0000000000000000
7.086834|392|Rx|d|5|0005000000
7.086834|12e|Rx|d|8|C980007FF0FFFF00
7.086834|90|Rx|d|5|FF000C8800
7.086834|c6|Rx|d|8|803D80007FE3B8A8
7.086834|29a|Rx|d|8|00000000000006F9
7.086834|2b7|Rx|d|5|00E0FFFE00
7.086834|666|Rx|d|4|34000008
7.086834|350|Rx|d|8|C22F3AF01414A485
7.086834|1b0|Rx|d|4|FF00FFC0
7.086834|4de|Rx|d|3|C00000
7.086834|55d|Rx|d|8|00FC50C090800000
7.086834|4f8|Rx|d|8|94C0000000000000
7.086834|211|Rx|d|8|8200FFFFA90000CD
7.086834|214|Rx|d|2|0000
7.086834|12e|Rx|d|8|C980007FF0FFFF00
7.086834|90|Rx|d|5|FF000DC400
7.086834|c6|Rx|d|8|803D80007FE3BAA6
7.086834|242|Rx|d|8|1280FFFFFFFFFD00
7.086834|29c|Rx|d|8|00000000FFFF0000
7.086834|352|Rx|d|4|5C0000FF
7.135397|12e|Rx|d|8|C980007FF0FFFF00
7.135397|90|Rx|d|5|FF000E1000
7.135397|c6|Rx|d|8|803D80007FE3BCA4
7.135397|29a|Rx|d|8|00000000000007F8
7.135397|2b7|Rx|d|5|00E0FFFE00
7.135397|1b0|Rx|d|4|FF00FFC0
7.135397|5de|Rx|d|8|0000000000000002
7.135397|3b7|Rx|d|6|00007FC000C0
7.135397|211|Rx|d|8|8200FFFFA90000CD
7.135397|214|Rx|d|2|0000
7.135397|12e|Rx|d|8|CA80017FF0FFFF00
7.135397|90|Rx|d|5|FF000F5C00
7.135397|c6|Rx|d|8|803D80007FE3BEA2
7.135397|242|Rx|d|8|1280FFFFFFFFFD00
7.135397|29c|Rx|d|8|00000000FFFF0000
7.135397|354|Rx|d|8|0000000000000000
7.135397|5df|Rx|d|3|009500
7.135397|12e|Rx|d|8|CA80017FF0FFFF00
7.135397|90|Rx|d|5|FF0000FF00
7.135397|c6|Rx|d|8|803D80007FE3A0C0
7.135397|29a|Rx|d|8|00000000000008F7
7.135397|2b7|Rx|d|5|00E0FFFE00
7.135397|1b0|Rx|d|4|FF00FFC0
7.135397|657|Rx|d|2|C0CC
7.135397|211|Rx|d|8|8200FFFFA90000CD
7.135397|392|Rx|d|5|0005000000
7.135397|214|Rx|d|2|0000
7.135397|668|Rx|d|2|8000
7.135397|218|Rx|d|1|98
7.135397|4fa|Rx|d|2|0800
7.135397|671|Rx|d|2|0200
7.135397|12e|Rx|d|8|CA80007FF0FFFF00
7.135397|90|Rx|d|5|FF0001B300
7.135397|c6|Rx|d|8|803D80007FE3A2BE
7.135397|242|Rx|d|8|1280FFFFFFFFFD00
7.135397|29c|Rx|d|8|00000000FFFF0000
7.135397|352|Rx|d|4|5C0000FF
7.135397|4ac|Rx|d|5|83712A0080
7.135397|45c|Rx|d|6|00000000FFE0
7.135397|12e|Rx|d|8|CA80007FF0FFFF00
7.135397|90|Rx|d|5|FF00026700
7.135397|c6|Rx|d|8|803D80007FE3A4BC
7.168624|29a|Rx|d|8|00000000000009F6
7.168624|2b7|Rx|d|5|00E0FFFE00
7.168624|1b0|Rx|d|4|FF00FFC0
7.168624|211|Rx|d|8|8200FFFFA90000CD
7.168624|214|Rx|d|2|0000
7.168624|12e|Rx|d|8|CA80007FF0FFFF00
7.168624|90|Rx|d|5|FF00032B00
7.168624|c6|Rx|d|8|803D80007FE3A6BA
7.168624|242|Rx|d|8|1280FFFFFFFFFD00
7.168624|29c|Rx|d|8|00000000FFFF0000
7.168624|354|Rx|d|8|0000000000000000
7.168624|12e|Rx|d|8|CA80007FF0FFFF00
7.168624|90|Rx|d|5|FF0004D200
7.168624|c6|Rx|d|8|803D80007FE3A8B8
7.168624|29a|Rx|d|8|0000000000000AF5
7.168624|2b7|Rx|d|5|00E0FFFE00
7.168624|5d7|Rx|d|7|000008125200C0
7.168624|1b0|Rx|d|4|FF00FFC0
7.168624|211|Rx|d|8|8200FFFFA90000CD
7.168624|214|Rx|d|2|0000
7.168624|12e|Rx|d|8|CA80007FF0FFFF00
7.168624|90|Rx|d|5|FF00059E00
7.168624|c6|Rx|d|8|803D80007FE3AAB6
7.168624|242|Rx|d|8|1280FFFFFFFFFD00
7.168624|29c|Rx|d|8|00000000FFFF0000
7.168624|352|Rx|d|4|5C0000FF
7.171902|6af|Rx|d|5|0000000000
7.171902|392|Rx|d|5|0005000000
7.177892|12e|Rx|d|8|CA80007FF0FFFF00
7.177892|90|Rx|d|5|FF00064A00
7.177892|c6|Rx|d|8|803D80087FE3ACAC
7.177892|29a|Rx|d|8|0000000000000BF4
7.177892|2b7|Rx|d|5|00E0FFFE00
7.177892|666|Rx|d|4|34000008
7.177892|350|Rx|d|8|C22F3AF01414A485
7.177892|1b0|Rx|d|4|FF00FFC0
7.177892|4de|Rx|d|3|C00000
7.177892|55d|Rx|d|8|00FC50C090800000
7.177892|4f8|Rx|d|8|94C0000000000000
7.183886|211|Rx|d|8|8200FFFFA90000CD
7.183886|214|Rx|d|2|0000
7.187884|12e|Rx|d|8|CA80007FF0FFFF00
7.187884|90|Rx|d|5|FF00070600
7.189883|c6|Rx|d|8|803D7FF87FE3AEBB
7.189883|242|Rx|d|8|1280FFFFFFFFFD00
7.189883|29c|Rx|d|8|00000000FFFF0000
7.189883|354|Rx|d|8|0000000000000000
7.197878|12e|Rx|d|8|CA80007FF0FFFF00
7.197878|90|Rx|d|5|FF0008A500
7.199876|c6|Rx|d|8|803D80007FE3B0B0
7.199876|29a|Rx|d|8|0000000000000CF3
7.199876|2b7|Rx|d|5|00E0FFFE00
7.199876|1b0|Rx|d|4|FF00FFC0
7.199876|5de|Rx|d|8|0000000000000002
7.199876|3b7|Rx|d|6|00007FC000C0
7.199876|211|Rx|d|8|8200FFFFA90000CD
7.199876|214|Rx|d|2|0000
7.207873|12e|Rx|d|8|CA80007FF0FFFF00
7.207873|90|Rx|d|5|FF0009E900
7.207873|c6|Rx|d|8|803D80007FE3B2AE
7.207873|242|Rx|d|8|1280FFFFFFFFFD00
7.207873|29c|Rx|d|8|00000000FFFF0000
7.207873|352|Rx|d|4|5C0000FF
7.207873|5df|Rx|d|3|009500
7.217865|12e|Rx|d|8|CA80007FF0FFFF00
7.217865|90|Rx|d|5|FF000A3D00
7.217865|c6|Rx|d|8|803D80007FE3B4AC
7.217865|29a|Rx|d|8|0000000000000DF2
7.217865|2b7|Rx|d|5|00E0FFFE00
7.217865|1b0|Rx|d|4|FF00FFC0
7.217865|657|Rx|d|2|C0CC
7.217865|69f|Rx|d|4|0650859F
7.251183|211|Rx|d|8|8200FFFFA90000CD
7.251183|214|Rx|d|2|0000
7.251183|392|Rx|d|5|0005000000
7.251183|668|Rx|d|2|8000
7.251183|218|Rx|d|1|98
7.251183|699|Rx|d|8|00000200BF000000
7.251183|4fa|Rx|d|2|0800
7.251183|671|Rx|d|2|0200
7.251183|12e|Rx|d|8|CA80007FF0FFFF00
7.251183|90|Rx|d|5|FF000B7100
7.251183|c6|Rx|d|8|803D80007FE3B6AA
7.251183|242|Rx|d|8|1280FFFFFFFFFD00
7.251183|29c|Rx|d|8|00000000FFFF0000
7.251183|354|Rx|d|8|0000000000000000
7.251183|4ac|Rx|d|5|83712A0080
7.251183|45c|Rx|d|6|00000000FFE0
7.251183|12e|Rx|d|8|CA80007FF0FFFF00
7.251183|90|Rx|d|5|FF000C8800
7.251183|c6|Rx|d|8|803D80007FE3B8A8
7.251183|29a|Rx|d|8|0000000000000EF1
7.251183|2b7|Rx|d|5|00E0FFFE00
7.251183|1b0|Rx|d|4|FF00FFC0
7.251183|211|Rx|d|8|8200FFFFA90000CD
7.251183|214|Rx|d|2|0000
7.251183|12e|Rx|d|8|CA80007FF0FFFF00
7.251183|90|Rx|d|5|FF000DC400
7.251183|c6|Rx|d|8|803D80007FE3BAA6
7.251183|242|Rx|d|8|1280FFFFFFFFFD00
7.251183|29c|Rx|d|8|00000000FFFF0000
7.251183|352|Rx|d|4|5C0000FF
7.288408|12e|Rx|d|8|CA80007FF0FFFF00
7.288408|90|Rx|d|5|FF000E1000
7.288408|c6|Rx|d|8|803D80007FE3BCA4
7.288408|29a|Rx|d|8|0000000000000FF0
7.288408|2b7|Rx|d|5|00E0FFFE00
7.288408|5d7|Rx|d|7|000008125200C0
7.288408|1b0|Rx|d|4|FF00FFC0
7.288408|211|Rx|d|8|8200FFFFA90000CD
7.288408|214|Rx|d|2|0000
7.288408|12e|Rx|d|8|CA80007FF0FFFF00
7.288408|90|Rx|d|5|FF000F5C00
7.288408|c6|Rx|d|8|803D80007FE3BEA2
7.288408|242|Rx|d|8|1280FFFFFFFFFD00
7.288408|29c|Rx|d|8|00000000FFFF0000
7.288408|354|Rx|d|8|0000000000000000
7.288408|392|Rx|d|5|0006000000
7.304026|12e|Rx|d|8|CA80007FF0FFFF00
7.304026|90|Rx|d|5|FF0000FF00
7.304026|c6|Rx|d|8|803D80007FE3A0C0
7.304026|29a|Rx|d|8|00000000000000FF
7.304026|2b7|Rx|d|5|00E0FFFE00
7.304026|666|Rx|d|4|34000008
7.304026|350|Rx|d|8|C22F3AF01414A485
7.304026|1b0|Rx|d|4|FF00FFC0
7.304026|4de|Rx|d|3|C00000
7.304026|55d|Rx|d|8|00FC50C090800000
7.304026|4f8|Rx|d|8|94C0000000000000
7.304026|211|Rx|d|8|8200FFFFA90000CD
7.304026|214|Rx|d|2|0000
7.304026|12e|Rx|d|8|CA80007FF0FFFF00
7.304026|90|Rx|d|5|FF0001B300
7.304026|c6|Rx|d|8|803D80007FE3A2BE
7.304026|242|Rx|d|8|1280FFFFFFFFFD00
7.304026|29c|Rx|d|8|00000000FFFF0000
7.304026|352|Rx|d|4|5C0000FF
7.304026|12e|Rx|d|8|CA80007FF0FFFF00
7.304026|90|Rx|d|5|FF00026700
7.304026|c6|Rx|d|8|803D80007FE3A4BC
7.304026|29a|Rx|d|8|00000000000001FE
7.304026|2b7|Rx|d|5|00E0FFFE00
7.304026|1b0|Rx|d|4|FF00FFC0
7.304026|5de|Rx|d|8|0000000000000002
7.304026|3b7|Rx|d|6|00007FC000C0
7.304026|211|Rx|d|8|8200FFFFA90000CD
7.304026|214|Rx|d|2|0000
7.338555|12e|Rx|d|8|CA80007FF0FFFF00
7.338555|90|Rx|d|5|FF00032B00
7.338555|c6|Rx|d|8|803D80007FE3A6BA
7.338555|242|Rx|d|8|1280FFFFFFFFFD00
7.338555|29c|Rx|d|8|00000000FFFF0000
7.338555|354|Rx|d|8|0000000000000000
7.338555|5df|Rx|d|3|009500
7.338555|12e|Rx|d|8|CA80007FF0FFFF00
7.338555|90|Rx|d|5|FF0004D200
7.338555|c6|Rx|d|8|803D80007FE3A8B8
7.338555|29a|Rx|d|8|00000000000002FD
7.338555|2b7|Rx|d|5|00E0FFFE00
7.338555|1b0|Rx|d|4|FF00FFC0
7.338555|657|Rx|d|2|C0CC
7.338555|211|Rx|d|8|8200FFFFA90000CD
7.338555|214|Rx|d|2|0000
7.338555|392|Rx|d|5|0006000000
7.338555|218|Rx|d|1|98
7.338555|668|Rx|d|2|8000
7.338555|4fa|Rx|d|2|0800
7.338555|671|Rx|d|2|0200
7.338555|12e|Rx|d|8|CA80007FF0FFFF00
7.338555|90|Rx|d|5|FF00059E00
7.338555|c6|Rx|d|8|803D80007FE3AAB6
7.338555|242|Rx|d|8|1280FFFFFFFFFD00
7.338555|29c|Rx|d|8|00000000FFFF0000
7.338555|352|Rx|d|4|5C0000FF
7.338555|4ac|Rx|d|5|83712A0080
7.338555|45c|Rx|d|6|00000000FFE0
7.338555|12e|Rx|d|8|CA80007FF0FFFF00
7.338555|90|Rx|d|5|FF00064A00
7.338555|c6|Rx|d|8|803D80007FE3ACB4
7.338555|29a|Rx|d|8|00000000000003FC
7.338555|2b7|Rx|d|5|00E0FFFE00
7.338555|1b0|Rx|d|4|FF00FFC0
7.369803|211|Rx|d|8|8200FFFFA90000CD
7.369803|214|Rx|d|2|0000
7.369803|12e|Rx|d|8|CA80007FF0FFFF00
7.369803|90|Rx|d|5|FF00070600
7.369803|c6|Rx|d|8|803D80007FE3AEB2
7.369803|242|Rx|d|8|1280FFFFFFFFFD00
7.369803|29c|Rx|d|8|00000000FFFF0000
7.369803|354|Rx|d|8|0000000000000000
7.369803|12e|Rx|d|8|CA80007FF0FFFF00
7.369803|90|Rx|d|5|FF0008A500
7.369803|c6|Rx|d|8|803D80007FE3B0B0
7.369803|29a|Rx|d|8|00000000000004FB
7.369803|2b7|Rx|d|5|00E0FFFE00
7.369803|5d7|Rx|d|7|000008125200C0
7.369803|1b0|Rx|d|4|FF00FFC0
7.369803|211|Rx|d|8|8200FFFFA90000CD
7.369803|214|Rx|d|2|0000
7.369803|12e|Rx|d|8|CA80007FF0FFFF00
7.369803|90|Rx|d|5|FF0009E900
7.369803|c6|Rx|d|8|803D80007FE3B2AE
7.369803|242|Rx|d|8|1280FFFFFFFFFD00
7.369803|29c|Rx|d|8|00000000FFFF0000
7.369803|352|Rx|d|4|5C0000FF
7.369803|392|Rx|d|5|0006000000
7.403398|12e|Rx|d|8|CA80007FF0FFFF00
7.403398|90|Rx|d|5|FF000A3D00
7.403398|c6|Rx|d|8|803D80007FE3B4AC
7.403398|29a|Rx|d|8|00000000000005FA
7.403398|2b7|Rx|d|5|00E0FFFE00
7.403398|666|Rx|d|4|34000008
7.403398|350|Rx|d|8|C22F3AF01414A485
7.403398|1b0|Rx|d|4|FF00FFC0
7.403398|4de|Rx|d|3|C00000
7.403398|55d|Rx|d|8|00FC50C090800000
7.403398|4f8|Rx|d|8|94C0000000000000
7.403398|211|Rx|d|8|8200FFFFA90000CD
7.403398|214|Rx|d|2|0000
7.403398|12e|Rx|d|8|CA80007FF0FFFF00
7.403398|90|Rx|d|5|FF000B7100
7.403398|c6|Rx|d|8|803D80007FE3B6AA
7.403398|242|Rx|d|8|1280FFFFFFFFFD00
7.403398|29c|Rx|d|8|00000000FFFF0000
7.403398|354|Rx|d|8|0000000000000000
7.403398|12e|Rx|d|8|CA80007FF0FFFF00
7.403398|90|Rx|d|5|FF000C8800
7.403398|c6|Rx|d|8|803D80007FE3B8A8
7.403398|29a|Rx|d|8|00000000000006F9
7.403398|2b7|Rx|d|5|00E0FFFE00
7.403398|1b0|Rx|d|4|FF00FFC0
7.403398|5de|Rx|d|8|0000000000000002
7.403398|3b7|Rx|d|6|00007FC000C0
7.403398|211|Rx|d|8|8200FFFFA90000CD
7.403398|214|Rx|d|2|0000
7.437884|12e|Rx|d|8|CA7FFF7FF0FFFF00
7.437884|90|Rx|d|5|FF000DC400
7.437884|c6|Rx|d|8|803D80007FE3BAA6
7.437884|242|Rx|d|8|1280FFFFFFFFFD00
7.437884|29c|Rx|d|8|00000000FFFF0000
7.437884|352|Rx|d|4|5C0000FF
7.437884|5df|Rx|d|3|009500
7.437884|12e|Rx|d|8|CA7FFF7FF0FFFF00
7.437884|90|Rx|d|5|FF000E1000
7.437884|c6|Rx|d|8|803D80007FE3BCA4
7.437884|29a|Rx|d|8|00000000000007F8
7.437884|2b7|Rx|d|5|00E0FFFE00
7.437884|1b0|Rx|d|4|FF00FFC0
7.437884|657|Rx|d|2|C0CC
7.437884|211|Rx|d|8|8200FFFFA90000CD
7.437884|214|Rx|d|2|0000
7.437884|392|Rx|d|5|0006000000
7.437884|218|Rx|d|1|98
7.437884|668|Rx|d|2|8000
7.437884|4fa|Rx|d|2|0800
7.437884|671|Rx|d|2|0200
7.453510|12e|Rx|d|8|CA7FFF7FF0FFFF00
7.453510|90|Rx|d|5|FF000F5C00
7.453510|c6|Rx|d|8|803D80007FE3BEA2
7.453510|242|Rx|d|8|1280FFFFFFFFFD00
7.453510|29c|Rx|d|8|00000000FFFF0000
7.453510|354|Rx|d|8|0000000000000000
7.453510|4ac|Rx|d|5|83712A0080
7.453510|45c|Rx|d|6|00000000FFE0
7.453510|12e|Rx|d|8|CA7FFF7FF0FFFF00
7.453510|90|Rx|d|5|FF0000FF00
7.453510|c6|Rx|d|8|803D80007FE3A0C0
7.453510|29a|Rx|d|8|00000000000008F7
7.453510|2b7|Rx|d|5|00E0FFFE00
7.453510|1b0|Rx|d|4|FF00FFC0
7.453510|211|Rx|d|8|8200FFFFA90000CD
7.453510|214|Rx|d|2|0000
7.453510|12e|Rx|d|8|CA80007FF0FFFF00
7.453510|90|Rx|d|5|FF0001B300
7.453510|c6|Rx|d|8|803D80007FE3A2BE
7.453510|242|Rx|d|8|1280FFFFFFFFFD00
7.453510|29c|Rx|d|8|00000000FFFF0000
7.453510|352|Rx|d|4|5C0000FF
7.486772|12e|Rx|d|8|CA80007FF0FFFF00
7.486772|90|Rx|d|5|FF00026700
7.486772|c6|Rx|d|8|803D80007FE3A4BC
7.486772|29a|Rx|d|8|00000000000009F6
7.486772|2b7|Rx|d|5|00E0FFFE00
7.486772|5d7|Rx|d|7|000008125200C0
7.486772|1b0|Rx|d|4|FF00FFC0
7.486772|211|Rx|d|8|8200FFFFA90000CD
7.486772|214|Rx|d|2|0000
7.486772|6af|Rx|d|5|0000000000
7.486772|12e|Rx|d|8|CA80007FF0FFFF00
7.486772|90|Rx|d|5|FF00032B00
7.486772|c6|Rx|d|8|803D80007FE3A6BA
7.486772|242|Rx|d|8|1280FFFFFFFFFD00
7.486772|29c|Rx|d|8|00000000FFFF0000
7.486772|354|Rx|d|8|0000000000000000
7.486772|392|Rx|d|5|0006000000
7.502397|12e|Rx|d|8|CA80007FF0FFFF00
7.502397|90|Rx|d|5|FF0004D200
7.502397|c6|Rx|d|8|803D80007FE3A8B8
7.502397|29a|Rx|d|8|0000000000000AF5
7.502397|2b7|Rx|d|5|00E0FFFE00
7.502397|666|Rx|d|4|34000008
7.502397|350|Rx|d|8|C22F3AF01414A485
7.502397|1b0|Rx|d|4|FF00FFC0
7.502397|4de|Rx|d|3|C00000
7.502397|55d|Rx|d|8|00FC50C090800000
7.502397|4f8|Rx|d|8|94C0000000000000
7.502397|211|Rx|d|8|8200FFFFA90000CD
7.502397|214|Rx|d|2|0000
7.502397|12e|Rx|d|8|CA80007FF0FFFF00
7.502397|90|Rx|d|5|FF00059E00
7.502397|c6|Rx|d|8|803D80007FE3AAB6
7.502397|242|Rx|d|8|1280FFFFFFFFFD00
7.502397|29c|Rx|d|8|00000000FFFF0000
7.502397|352|Rx|d|4|5C0000FF
7.502397|12e|Rx|d|8|CA80007FF0FFFF00
7.502397|90|Rx|d|5|FF00064A00
7.502397|c6|Rx|d|8|803D80007FE3ACB4
7.502397|29a|Rx|d|8|0000000000000BF4
7.502397|2b7|Rx|d|5|00E0FFFE00
7.502397|1b0|Rx|d|4|FF00FFC0
7.502397|5de|Rx|d|8|0000000000000002
7.502397|3b7|Rx|d|6|00007FC000C0
7.502397|211|Rx|d|8|8200FFFFA90000CD
7.502397|214|Rx|d|2|0000
7.537103|12e|Rx|d|8|CA80007FF0FFFF00
7.537103|90|Rx|d|5|FF00070600
7.537103|c6|Rx|d|8|803D80007FE3AEB2
7.537103|242|Rx|d|8|1280FFFFFFFFFD00
7.537103|29c|Rx|d|8|00000000FFFF0000
7.537103|354|Rx|d|8|0000000000000000
7.537103|5df|Rx|d|3|009500
7.537103|646|Rx|d|8|000000020000000C
7.537103|12e|Rx|d|8|CA80007FF0FFFF00
7.537103|90|Rx|d|5|FF0008A500
7.537103|c6|Rx|d|8|803D80007FE3B0B0
7.537103|29a|Rx|d|8|0000000000000CF3
7.537103|2b7|Rx|d|5|00E0FFFE00
7.537103|1b0|Rx|d|4|FF00FFC0
7.537103|657|Rx|d|2|C0CC
7.537103|211|Rx|d|8|8200FFFFA90000CD
7.537103|214|Rx|d|2|0000
7.537103|218|Rx|d|1|98
7.537103|392|Rx|d|5|0006000000
7.537103|4fa|Rx|d|2|0800
7.537103|668|Rx|d|2|8000
7.537103|671|Rx|d|2|0200
7.537103|12e|Rx|d|8|CA80007FF0FFFF00
7.537103|90|Rx|d|5|FF0009E900
7.537103|c6|Rx|d|8|803D80007FE3B2AE
7.537103|242|Rx|d|8|1280FFFFFFFFFD00
7.537103|29c|Rx|d|8|00000000FFFF0000
7.537103|352|Rx|d|4|5C0000FF
7.537103|4ac|Rx|d|5|83712A0080
7.537103|45c|Rx|d|6|00000000FFE0
7.537103|12e|Rx|d|8|CA80007FF0FFFF00
7.537103|90|Rx|d|5|FF000A3D00
7.537103|c6|Rx|d|8|803D80007FE3B4AC
7.537103|29a|Rx|d|8|0000000000000DF2
7.537103|2b7|Rx|d|5|00E0FFFE00
7.537103|1b0|Rx|d|4|FF00FFC0
7.570004|211|Rx|d|8|8200FFFFA90000CD
7.570004|214|Rx|d|2|0000
7.570004|12e|Rx|d|8|CA80007FF0FFFF00
7.570004|90|Rx|d|5|FF000B7100
7.570004|c6|Rx|d|8|803D80087FE3B6A2
7.570004|242|Rx|d|8|1280FFFFFFFFFD00
7.570004|29c|Rx|d|8|00000000FFFF0000
7.570004|354|Rx|d|8|0000000000000000
7.570004|12e|Rx|d|8|CA80007FF0FFFF00
7.570004|90|Rx|d|5|FF000C8800
7.570004|c6|Rx|d|8|803D7FF87FE3B8B1
7.570004|29a|Rx|d|8|0000000000000EF1
7.570004|2b7|Rx|d|5|00E0FFFE00
7.570004|5d7|Rx|d|7|000008125200C0
7.570004|1b0|Rx|d|4|FF00FFC0
7.570004|211|Rx|d|8|8200FFFFA90000CD
7.570004|214|Rx|d|2|0000
7.570004|12e|Rx|d|8|CB80007FF0FFFF00
7.570004|90|Rx|d|5|FF000DC400
7.570004|c6|Rx|d|8|803D80007FE3BAA6
7.570004|242|Rx|d|8|1280FFFFFFFFFD00
7.570004|29c|Rx|d|8|00000000FFFF0000
7.570004|352|Rx|d|4|5C0000FF
7.570004|392|Rx|d|5|0006000000
7.578228|12e|Rx|d|8|CB80007FF0FFFF00
7.578228|90|Rx|d|5|FF000E1000
7.578228|c6|Rx|d|8|803D80007FE3BCA4
7.578228|29a|Rx|d|8|0000000000000FF0
7.578228|2b7|Rx|d|5|00E0FFFE00
7.578228|666|Rx|d|4|34000008
7.578228|350|Rx|d|8|C22F3AF01414A485
7.578228|1b0|Rx|d|4|FF00FFC0
7.578228|4de|Rx|d|3|C00000
7.578228|55d|Rx|d|8|00FC50C090800000
7.578228|4f8|Rx|d|8|94C0000000000000
7.584223|211|Rx|d|8|8200FFFFA90000CD
7.584223|214|Rx|d|2|0000
7.588221|12e|Rx|d|8|CA80007FF0FFFF00
7.588221|90|Rx|d|5|FF000F5C00
7.588221|c6|Rx|d|8|803D80007FE3BEA2
7.588221|242|Rx|d|8|1280FFFFFFFFFD00
7.588221|29c|Rx|d|8|00000000FFFF0000
7.588221|354|Rx|d|8|0000000000000000
7.598217|12e|Rx|d|8|CA80007FF0FFFF00
7.598217|90|Rx|d|5|FF0000FF00
7.598217|c6|Rx|d|8|803D80007FE3A0C0
7.598217|29a|Rx|d|8|00000000000000FF
7.598217|2b7|Rx|d|5|00E0FFFE00
7.600216|1b0|Rx|d|4|FF00FFC0
7.600216|5de|Rx|d|8|0000000000000002
7.600216|3b7|Rx|d|6|00007FC000C0
7.600216|211|Rx|d|8|8200FFFFA90000CD
7.600216|214|Rx|d|2|0000
7.608208|12e|Rx|d|8|CA80007FF0FFFF00
7.608208|90|Rx|d|5|FF0001B300
7.608208|c6|Rx|d|8|803D80007FE3A2BE
7.608208|242|Rx|d|8|1280FFFFFFFFFD00
7.608208|29c|Rx|d|8|00000000FFFF0000
7.608208|352|Rx|d|4|5C0000FF
7.608208|5df|Rx|d|3|009500
7.618204|12e|Rx|d|8|CA80007FF0FFFF00
7.618204|90|Rx|d|5|FF00026700
7.618204|c6|Rx|d|8|803D80007FE3A4BC
7.618204|29a|Rx|d|8|00000000000001FE
7.618204|2b7|Rx|d|5|00E0FFFE00
7.618204|1b0|Rx|d|4|FF00FFC0
7.618204|657|Rx|d|2|C0CC
7.637558|211|Rx|d|8|8200FFFFA90000CD
7.637558|214|Rx|d|2|0000
7.637558|218|Rx|d|1|98
7.637558|392|Rx|d|5|0006000000
7.637558|4fa|Rx|d|2|0800
7.637558|668|Rx|d|2|8000
7.637558|671|Rx|d|2|0200
7.637558|12e|Rx|d|8|CA80007FF0FFFF00
7.637558|90|Rx|d|5|FF00032B00
7.637558|c6|Rx|d|8|803D80007FE3A6BA
7.637558|242|Rx|d|8|1280FFFFFFFFFD00
7.637558|29c|Rx|d|8|00000000FFFF0000
7.637558|354|Rx|d|8|0000000000000000
7.637558|4ac|Rx|d|5|83712A0080
7.637558|45c|Rx|d|6|00000000FFE0
7.637558|12e|Rx|d|8|CA80007FF0FFFF00
7.637558|90|Rx|d|5|FF0004D200
7.637558|c6|Rx|d|8|803D80007FE3A8B8
7.637558|29a|Rx|d|8|00000000000002FD
7.637558|2b7|Rx|d|5|00E0FFFE00
7.637558|1b0|Rx|d|4|FF00FFC0
7.671699|211|Rx|d|8|8200FFFFA90000CD
7.671699|214|Rx|d|2|0000
7.671699|12e|Rx|d|8|CA80007FF0FFFF00
7.671699|90|Rx|d|5|FF00059E00
7.671699|c6|Rx|d|8|803D80007FE3AAB6
7.671699|242|Rx|d|8|1280FFFFFFFFFD00
7.671699|29c|Rx|d|8|00000000FFFF0000
7.671699|352|Rx|d|4|5C0000FF
7.671699|12e|Rx|d|8|CA80007FF0FFFF00
7.671699|90|Rx|d|5|FF00064A00
7.671699|c6|Rx|d|8|803D80007FE3ACB4
7.671699|29a|Rx|d|8|00000000000003FC
7.671699|2b7|Rx|d|5|00E0FFFE00
7.671699|5d7|Rx|d|7|000008125200C0
7.671699|1b0|Rx|d|4|FF00FFC0
7.671699|211|Rx|d|8|8200FFFFA90000CD
7.671699|214|Rx|d|2|0000
7.671699|12e|Rx|d|8|CA80007FF0FFFF00
7.671699|90|Rx|d|5|FF00070600
7.671699|c6|Rx|d|8|803D80007FE3AEB2
7.671699|242|Rx|d|8|1280FFFFFFFFFD00
7.671699|29c|Rx|d|8|00000000FFFF0000
7.671699|354|Rx|d|8|0000000000000000
7.671699|392|Rx|d|5|0006000000
7.677308|12e|Rx|d|8|CA80007FF0FFFF00
7.677308|90|Rx|d|5|FF0008A500
7.677308|c6|Rx|d|8|803D80007FE3B0B0
7.677308|29a|Rx|d|8|00000000000004FB
7.677308|2b7|Rx|d|5|00E0FFFE00
7.677308|666|Rx|d|4|34000008
7.677308|350|Rx|d|8|C22F3AF01414A485
7.677308|1b0|Rx|d|4|FF00FFC0
7.677308|4de|Rx|d|3|C00000
7.677308|55d|Rx|d|8|00FC50C090800000
7.683306|4f8|Rx|d|8|94C0000000000000
7.683306|211|Rx|d|8|8200FFFFA90000CD
7.683306|214|Rx|d|2|0000
7.687304|12e|Rx|d|8|CA7FFF7FF0FFFF00
7.687304|90|Rx|d|5|FF0009E900
7.689312|c6|Rx|d|8|803D80007FE3B2AE
7.689312|242|Rx|d|8|1280FFFFFFFFFD00
7.689312|29c|Rx|d|8|00000000FFFF0000
7.689312|352|Rx|d|4|5C0000FF
7.697298|12e|Rx|d|8|CA7FFF7FF0FFFF00
7.697298|90|Rx|d|5|FF000A3D00
7.697298|c6|Rx|d|8|803D80007FE3B4AC
7.699297|29a|Rx|d|8|00000000000005FA
7.699297|2b7|Rx|d|5|00E0FFFE00
7.699297|1b0|Rx|d|4|FF00FFC0
7.699297|5de|Rx|d|8|0000000000000002
7.701294|3b7|Rx|d|6|00007FC000C0
7.703292|211|Rx|d|8|8200FFFFA90000CD
7.703292|214|Rx|d|2|0000
7.707292|12e|Rx|d|8|CA7FFF7FF0FFFF00
7.707292|90|Rx|d|5|FF000B7100
7.707292|c6|Rx|d|8|803D80087FE3B6A2
7.709291|242|Rx|d|8|1280FFFFFFFFFD00
7.709291|29c|Rx|d|8|00000000FFFF0000
7.709291|354|Rx|d|8|0000000000000000
7.709291|5df|Rx|d|3|009500
7.717284|12e|Rx|d|8|CA7FFF7FF0FFFF00
7.717284|90|Rx|d|5|FF000C8800
7.717284|c6|Rx|d|8|803D7FF87FE3B8B1
7.719283|29a|Rx|d|8|00000000000006F9
7.719283|2b7|Rx|d|5|00E0FFFE00
7.719283|1b0|Rx|d|4|FF00FFC0
7.719283|657|Rx|d|2|C0CC
7.737655|211|Rx|d|8|8200FFFFA90000CD
7.737655|214|Rx|d|2|0000
7.737655|218|Rx|d|1|98
7.737655|4fa|Rx|d|2|0800
7.737655|392|Rx|d|5|0006000000
7.737655|668|Rx|d|2|8000
7.737655|671|Rx|d|2|0200
7.753279|12e|Rx|d|8|CA80007FF0FFFF00
7.753279|90|Rx|d|5|FF000DC400
7.753279|c6|Rx|d|8|803D80007FE3BAA6
7.753279|242|Rx|d|8|1280FFFFFFFFFD00
7.753279|29c|Rx|d|8|00000000FFFF0000
7.753279|352|Rx|d|4|5C0000FF
7.753279|4ac|Rx|d|5|83712A0080
7.753279|45c|Rx|d|6|00000000FFE0
7.753279|12e|Rx|d|8|CA80007FF0FFFF00
7.753279|90|Rx|d|5|FF000E1000
7.753279|c6|Rx|d|8|803D80007FE3BCA4
7.753279|29a|Rx|d|8|00000000000007F8
7.753279|2b7|Rx|d|5|00E0FFFE00
7.753279|1b0|Rx|d|4|FF00FFC0
7.753279|211|Rx|d|8|8200FFFFA90000CD
7.753279|214|Rx|d|2|0000
7.753279|12e|Rx|d|8|CA80007FF0FFFF00
7.753279|90|Rx|d|5|FF000F5C00
7.753279|c6|Rx|d|8|803D80007FE3BEA2
7.753279|242|Rx|d|8|1280FFFFFFFFFD00
7.753279|29c|Rx|d|8|00000000FFFF0000
7.753279|354|Rx|d|8|0000000000000000
7.791026|12e|Rx|d|8|CA80007FF0FFFF00
7.791026|90|Rx|d|5|FF0000FF00
7.791026|c6|Rx|d|8|803D80087FE3A0B8
7.791026|29a|Rx|d|8|00000000000008F7
7.791026|2b7|Rx|d|5|00E0FFFE00
7.791026|5d7|Rx|d|7|000008125200C0
7.791026|1b0|Rx|d|4|FF00FFC0
7.791026|211|Rx|d|8|8200FFFFA90000CD
7.791026|214|Rx|d|2|0000
7.791026|6af|Rx|d|5|0000000000
7.791026|12e|Rx|d|8|CA80007FF0FFFF00
7.791026|90|Rx|d|5|FF0001B300
7.791026|c6|Rx|d|8|803D7FF87FE3A2C7
7.791026|242|Rx|d|8|1280FFFFFFFFFD00
7.791026|29c|Rx|d|8|00000000FFFF0000
7.791026|352|Rx|d|4|5C0000FF
7.791026|392|Rx|d|5|0006000000
7.791026|12e|Rx|d|8|CA80007FF0FFFF00
7.791026|90|Rx|d|5|FF00026700
7.791026|c6|Rx|d|8|803D80007FE3A4BC
7.791026|29a|Rx|d|8|00000000000009F6
7.791026|2b7|Rx|d|5|00E0FFFE00
7.791026|666|Rx|d|4|34000008
7.791026|350|Rx|d|8|C22F3AF01414A485
7.791026|1b0|Rx|d|4|FF00FFC0
7.791026|4de|Rx|d|3|C00000
7.791026|55d|Rx|d|8|00FC50C090800000
7.791026|4f8|Rx|d|8|94C0000000000000
7.791026|211|Rx|d|8|8200FFFFA90000CD
7.791026|214|Rx|d|2|0000
7.791026|12e|Rx|d|8|CA80007FF0FFFF00
7.791026|90|Rx|d|5|FF00032B00
7.791026|c6|Rx|d|8|803D80087FE3A6B2
7.791026|242|Rx|d|8|1280FFFFFFFFFD00
7.791026|29c|Rx|d|8|00000000FFFF0000
7.791026|354|Rx|d|8|0000000000000000
7.824211|12e|Rx|d|8|CA80007FF0FFFF00
7.824211|90|Rx|d|5|FF0004D200
7.824211|c6|Rx|d|8|803D7FF87FE3A8C1
7.824211|29a|Rx|d|8|0000000000000AF5
7.824211|2b7|Rx|d|5|00E0FFFE00
7.824211|1b0|Rx|d|4|FF00FFC0
7.824211|5de|Rx|d|8|0000000000000002
7.824211|3b7|Rx|d|6|00007FC000C0
7.824211|211|Rx|d|8|8200FFFFA90000CD
7.824211|214|Rx|d|2|0000
7.824211|12e|Rx|d|8|CA7FFF7FF0FFFF00
7.824211|90|Rx|d|5|FF00059E00
7.824211|c6|Rx|d|8|803D80087FE3AAAE
7.824211|242|Rx|d|8|1280FFFFFFFFFD00
7.824211|29c|Rx|d|8|00000000FFFF0000
7.824211|352|Rx|d|4|5C0000FF
7.824211|5df|Rx|d|3|009500
7.824211|12e|Rx|d|8|CA7FFF7FF0FFFF00
7.824211|90|Rx|d|5|FF00064A00
7.824211|c6|Rx|d|8|803D7FF87FE3ACBD
7.824211|29a|Rx|d|8|0000000000000BF4
7.824211|2b7|Rx|d|5|00E0FFFE00
7.824211|1b0|Rx|d|4|FF00FFC0
7.824211|657|Rx|d|2|C0CC
7.824211|211|Rx|d|8|8200FFFFA90000CD
7.824211|214|Rx|d|2|0000
7.824211|218|Rx|d|1|98
7.824211|392|Rx|d|5|0006000000
7.824211|4fa|Rx|d|2|0800
7.824211|668|Rx|d|2|8000
7.824211|671|Rx|d|2|0200
7.828577|12e|Rx|d|8|CB80007FF0FFFF00
7.828577|90|Rx|d|5|FF00070600
7.828577|c6|Rx|d|8|803D80007FE3AEB2
7.828577|242|Rx|d|8|1280FFFFFFFFFD00
7.828577|29c|Rx|d|8|00000000FFFF0000
7.828577|354|Rx|d|8|0000000000000000
7.828577|4ac|Rx|d|5|83712A0080
7.828577|45c|Rx|d|6|00000000FFE0
7.838571|12e|Rx|d|8|CB80007FF0FFFF00
7.838571|90|Rx|d|5|FF0008A500
7.838571|c6|Rx|d|8|803D80007FE3B0B0
7.838571|29a|Rx|d|8|0000000000000CF3
7.838571|2b7|Rx|d|5|00E0FFFE00
7.838571|1b0|Rx|d|4|FF00FFC0
7.844567|211|Rx|d|8|8200FFFFA90000CD
7.844567|214|Rx|d|2|0000
7.848565|12e|Rx|d|8|CA80007FF0FFFF00
7.848565|90|Rx|d|5|FF0009E900
7.848565|c6|Rx|d|8|803D80007FE3B2AE
7.848565|242|Rx|d|8|1280FFFFFFFFFD00
7.848565|29c|Rx|d|8|00000000FFFF0000
7.848565|352|Rx|d|4|5C0000FF
7.858559|12e|Rx|d|8|CA80007FF0FFFF00
7.858559|90|Rx|d|5|FF000A3D00
7.858559|c6|Rx|d|8|803D80007FE3B4AC
7.858559|29a|Rx|d|8|0000000000000DF2
7.858559|2b7|Rx|d|5|00E0FFFE00
7.858559|5d7|Rx|d|7|000008125200C0
7.858559|1b0|Rx|d|4|FF00FFC0
7.862556|211|Rx|d|8|8200FFFFA90000CD
7.862556|214|Rx|d|2|0000
7.868552|12e|Rx|d|8|CA80007FF0FFFF00
7.868552|90|Rx|d|5|FF000B7100
7.868552|c6|Rx|d|8|803D80007FE3B6AA
7.868552|242|Rx|d|8|1280FFFFFFFFFD00
7.868552|29c|Rx|d|8|00000000FFFF0000
7.868552|354|Rx|d|8|0000000000000000
7.872554|392|Rx|d|5|0006000000
7.905474|12e|Rx|d|8|CA80007FF0FFFF00
7.905474|90|Rx|d|5|FF000C8800
7.905474|c6|Rx|d|8|803D80007FE3B8A8
7.905474|29a|Rx|d|8|0000000000000EF1
7.905474|2b7|Rx|d|5|00E0FFFE00
7.905474|666|Rx|d|4|34000008
7.905474|350|Rx|d|8|C22F3AF01414A485
7.905474|1b0|Rx|d|4|FF00FFC0
7.905474|4de|Rx|d|3|C00000
7.905474|55d|Rx|d|8|00FC50C090800000
7.905474|4f8|Rx|d|8|94C0000000000000
7.905474|211|Rx|d|8|8200FFFFA90000CD
7.905474|214|Rx|d|2|0000
7.905474|12e|Rx|d|8|CB80007FF0FFFF00
7.905474|90|Rx|d|5|FF000DC400
7.905474|c6|Rx|d|8|803D80007FE3BAA6
7.905474|242|Rx|d|8|1280FFFFFFFFFD00
7.905474|29c|Rx|d|8|00000000FFFF0000
7.905474|352|Rx|d|4|5C0000FF
7.905474|12e|Rx|d|8|CB80007FF0FFFF00
7.905474|90|Rx|d|5|FF000E1000
7.905474|c6|Rx|d|8|803D80087FE3BC9C
7.905474|29a|Rx|d|8|0000000000000FF0
7.905474|2b7|Rx|d|5|00E0FFFE00
7.905474|1b0|Rx|d|4|FF00FFC0
7.905474|5de|Rx|d|8|0000000000000002
7.905474|3b7|Rx|d|6|00007FC000C0
7.905474|211|Rx|d|8|8200FFFFA90000CD
7.905474|214|Rx|d|2|0000
7.905474|12e|Rx|d|8|CB7FFF7FF0FFFF00
7.905474|90|Rx|d|5|FF000F5C00
7.905474|c6|Rx|d|8|803D7FF87FE3BEAB
7.939176|242|Rx|d|8|1280FFFFFFFFFD00
7.939176|29c|Rx|d|8|00000000FFFF0000
7.939176|354|Rx|d|8|0000000000000000
7.939176|5df|Rx|d|3|009500
7.939176|12e|Rx|d|8|CB7FFF7FF0FFFF00
7.939176|90|Rx|d|5|FF0000FF00
7.939176|c6|Rx|d|8|803D80007FE3A0C0
7.939176|29a|Rx|d|8|00000000000000FF
7.939176|2b7|Rx|d|5|00E0FFFE00
7.939176|1b0|Rx|d|4|FF00FFC0
7.939176|657|Rx|d|2|C0CC
7.939176|211|Rx|d|8|8200FFFFA90000CC
7.939176|214|Rx|d|2|0000
7.939176|218|Rx|d|1|98
7.939176|4fa|Rx|d|2|0800
7.939176|392|Rx|d|5|0006000000
7.939176|668|Rx|d|2|8000
7.939176|671|Rx|d|2|0200
7.939176|12e|Rx|d|8|CA7FFF7FF0FFFF00
7.939176|90|Rx|d|5|FF0001B300
7.939176|c6|Rx|d|8|803D80007FE3A2BE
7.939176|242|Rx|d|8|1280FFFFFFFFFD00
7.939176|29c|Rx|d|8|00000000FFFF0000
7.939176|352|Rx|d|4|5C0000FF
7.939176|4ac|Rx|d|5|83712A0080
7.939176|45c|Rx|d|6|00000000FFE0
7.939176|12e|Rx|d|8|CA7FFF7FF0FFFF00
7.939176|90|Rx|d|5|FF00026700
7.939176|c6|Rx|d|8|803D80007FE3A4BC
7.939176|29a|Rx|d|8|00000000000001FE
7.939176|2b7|Rx|d|5|00E0FFFE00
7.939176|1b0|Rx|d|4|FF00FFC0
7.973758|211|Rx|d|8|8200FFFFA90000CC
7.973758|214|Rx|d|2|0000
7.973758|12e|Rx|d|8|CA80007FF0FFFF00
7.973758|90|Rx|d|5|FF00032B00
7.973758|c6|Rx|d|8|803D80007FE3A6BA
7.973758|242|Rx|d|8|1280FFFFFFFFFD00
7.973758|29c|Rx|d|8|00000000FFFF0000
7.973758|354|Rx|d|8|0000000000000000
7.973758|12e|Rx|d|8|CA80007FF0FFFF00
7.973758|90|Rx|d|5|FF0004D200
7.973758|c6|Rx|d|8|803D80007FE3A8B8
7.973758|29a|Rx|d|8|00000000000002FD
7.973758|2b7|Rx|d|5|00E0FFFE00
7.973758|5d7|Rx|d|7|000008125200C0
7.973758|1b0|Rx|d|4|FF00FFC0
7.973758|211|Rx|d|8|8200FFFFA90000CD
7.973758|214|Rx|d|2|0000
7.973758|12e|Rx|d|8|CA80007FF0FFFF00
7.973758|90|Rx|d|5|FF00059E00
7.973758|c6|Rx|d|8|803D80007FE3AAB6
7.973758|242|Rx|d|8|1280FFFFFFFFFD00
7.973758|29c|Rx|d|8|00000000FFFF0000
7.973758|352|Rx|d|4|5C0000FF
7.973758|392|Rx|d|5|0006000000
7.977236|12e|Rx|d|8|CA80007FF0FFFF00
7.977236|90|Rx|d|5|FF00064A00
7.979236|c6|Rx|d|8|803D80007FE3ACB4
7.979236|29a|Rx|d|8|00000000000003FC
7.979236|2b7|Rx|d|5|00E0FFFE00
7.979236|666|Rx|d|4|34000008
7.979236|350|Rx|d|8|C22F3AF01414A485
7.979236|1b0|Rx|d|4|FF00FFC0
7.979236|4de|Rx|d|3|C00000
7.981232|55d|Rx|d|8|00FC50C090800000
7.981232|4f8|Rx|d|8|94C0000000000000
7.983232|211|Rx|d|8|8200FFFFA90000CD
7.983232|214|Rx|d|2|0000
7.987230|12e|Rx|d|8|C980007FF0FFFF00
7.987230|90|Rx|d|5|FF00070600
7.989228|c6|Rx|d|8|803D80007FE3AEB2
7.989228|242|Rx|d|8|1280FFFFFFFFFD00
7.989228|29c|Rx|d|8|00000000FFFF0000
7.989228|354|Rx|d|8|0000000000000000
7.997223|12e|Rx|d|8|C980007FF0FFFF00
7.997223|90|Rx|d|5|FF0008A500
7.997223|c6|Rx|d|8|803D80007FE3B0B0
7.997223|29a|Rx|d|8|00000000000004FB
7.997223|2b7|Rx|d|5|00E0FFFE00
7.997223|1b0|Rx|d|4|FF00FFC0
7.997223|5de|Rx|d|8|0000000000000002
8.003219|3b7|Rx|d|6|00007FC000C0
8.003219|211|Rx|d|8|8200FFFFA90000CC
8.003219|214|Rx|d|2|0000
8.007218|12e|Rx|d|8|C980007FF0FFFF00
8.007218|90|Rx|d|5|FF0009E900
8.007218|c6|Rx|d|8|803D80007FE3B2AE
8.009215|242|Rx|d|8|1280FFFFFFFFFD00
8.009215|29c|Rx|d|8|00000000FFFF0000
8.009215|352|Rx|d|4|5C0000FF
8.009215|5df|Rx|d|3|009500
8.011213|646|Rx|d|8|000000020000000C
8.017210|12e|Rx|d|8|C980007FF0FFFF00
8.017210|90|Rx|d|5|FF000A3D00
8.019209|c6|Rx|d|8|803D80007FE3B4AC
8.019209|29a|Rx|d|8|00000000000005FA
8.019209|2b7|Rx|d|5|00E0FFFE00
8.019209|1b0|Rx|d|4|FF00FFC0
8.019209|657|Rx|d|2|C0CC
8.019209|211|Rx|d|8|8200FFFFA90000CC
8.019209|214|Rx|d|2|0000
8.039395|218|Rx|d|1|98
8.039395|4fa|Rx|d|2|0800
8.039395|671|Rx|d|2|0200
8.039395|392|Rx|d|5|0006000000
8.039395|668|Rx|d|2|8000
8.039395|12e|Rx|d|8|CA80007FF0FFFF00
8.039395|90|Rx|d|5|FF000B7100
8.039395|c6|Rx|d|8|803D80007FE3B6AA
8.039395|242|Rx|d|8|1280FFFFFFFFFD00
8.039395|29c|Rx|d|8|00000000FFFF0000
8.039395|354|Rx|d|8|0000000000000000
8.039395|4ac|Rx|d|5|83712A0080
8.039395|45c|Rx|d|6|00000000FFE0
8.039395|12e|Rx|d|8|CA80007FF0FFFF00
8.039395|90|Rx|d|5|FF000C8800
8.039395|c6|Rx|d|8|803D80007FE3B8A8
8.039395|29a|Rx|d|8|00000000000006F9
8.039395|2b7|Rx|d|5|00E0FFFE00
8.039395|1b0|Rx|d|4|FF00FFC0
8.039395|211|Rx|d|8|8200FFFFA90000CC
8.039395|214|Rx|d|2|0000
8.074223|12e|Rx|d|8|CA80007FF0FFFF00
8.074223|90|Rx|d|5|FF000DC400
8.074223|c6|Rx|d|8|803D80007FE3BAA6
8.074223|242|Rx|d|8|1280FFFFFFFFFD00
8.074223|29c|Rx|d|8|00000000FFFF0000
8.074223|352|Rx|d|4|5C0000FF
8.074223|12e|Rx|d|8|CA80007FF0FFFF00
8.074223|90|Rx|d|5|FF000E1000
8.074223|c6|Rx|d|8|803D80007FE3BCA4
8.074223|29a|Rx|d|8|00000000000007F8
8.074223|2b7|Rx|d|5|00E0FFFE00
8.074223|5d7|Rx|d|7|000008125200C0
8.074223|1b0|Rx|d|4|FF00FFC0
8.074223|6af|Rx|d|5|0000000000
8.074223|211|Rx|d|8|8200FFFFA90000CC
8.074223|214|Rx|d|2|0000
8.074223|12e|Rx|d|8|CA80007FF0FFFF00
8.074223|90|Rx|d|5|FF000F5C00
8.074223|c6|Rx|d|8|803D80007FE3BEA2
8.074223|242|Rx|d|8|1280FFFFFFFFFD00
8.074223|29c|Rx|d|8|00000000FFFF0000
8.074223|354|Rx|d|8|0000000000000000
8.074223|392|Rx|d|5|0006000000
8.078693|12e|Rx|d|8|CA80007FF0FFFF00
8.078693|90|Rx|d|5|FF0000FF00
8.078693|c6|Rx|d|8|803D80007FE3A0C0
8.078693|29a|Rx|d|8|00000000000008F7
8.078693|2b7|Rx|d|5|00E0FFFE00
8.078693|666|Rx|d|4|34000008
8.078693|350|Rx|d|8|C22F3AF01414A485
8.078693|1b0|Rx|d|4|FF00FFC0
8.078693|4de|Rx|d|3|C00000
8.078693|55d|Rx|d|8|00FC50C090800000
8.082690|4f8|Rx|d|8|94C0000000000000
8.082690|211|Rx|d|8|8200FFFFA90000CC
8.082690|214|Rx|d|2|0000
8.088685|12e|Rx|d|8|CA80007FF0FFFF00
8.088685|90|Rx|d|5|FF0001B300
8.088685|c6|Rx|d|8|803D80007FE3A2BE
8.088685|242|Rx|d|8|1280FFFFFFFFFD00
8.088685|29c|Rx|d|8|00000000FFFF0000
8.088685|352|Rx|d|4|5C0000FF
8.096681|12e|Rx|d|8|CA80007FF0FFFF00
8.098679|90|Rx|d|5|FF00026700
8.098679|c6|Rx|d|8|803D80007FE3A4BC
8.098679|29a|Rx|d|8|00000000000009F6
8.098679|2b7|Rx|d|5|00E0FFFE00
8.098679|1b0|Rx|d|4|FF00FFC0
8.098679|5de|Rx|d|8|0000000000000002
8.102677|3b7|Rx|d|6|00007FC000C0
8.102677|211|Rx|d|8|8200FFFFA90000CC
8.102677|214|Rx|d|2|0000
8.106679|12e|Rx|d|8|CA80007FF0FFFF00
8.108673|90|Rx|d|5|FF00032B00
8.108673|c6|Rx|d|8|803D80007FE3A6BA
8.108673|242|Rx|d|8|1280FFFFFFFFFD00
8.108673|29c|Rx|d|8|00000000FFFF0000
8.108673|354|Rx|d|8|0000000000000000
8.108673|5df|Rx|d|3|009500
8.118667|12e|Rx|d|8|CA80007FF0FFFF00
8.118667|90|Rx|d|5|FF0004D200
8.118667|c6|Rx|d|8|803D80007FE3A8B8
8.118667|29a|Rx|d|8|0000000000000AF5
8.118667|2b7|Rx|d|5|00E0FFFE00
8.120666|1b0|Rx|d|4|FF00FFC0
8.120666|657|Rx|d|2|C0CC
8.120666|211|Rx|d|8|8200FFFFA90000CC
8.120666|214|Rx|d|2|0000
8.120666|218|Rx|d|1|98
8.120666|4fa|Rx|d|2|0800
8.120666|671|Rx|d|2|0200
8.120666|392|Rx|d|5|0006000000
8.120666|668|Rx|d|2|8000
8.155845|12e|Rx|d|8|CA80007FF0FFFF00
8.155845|90|Rx|d|5|FF00059E00
8.155845|c6|Rx|d|8|803D80007FE3AAB6
8.155845|242|Rx|d|8|1280FFFFFFFFFD00
8.155845|29c|Rx|d|8|00000000FFFF0000
8.155845|352|Rx|d|4|5C0000FF
8.155845|4ac|Rx|d|5|83712A0080
8.155845|45c|Rx|d|6|00000000FFE0
8.155845|12e|Rx|d|8|CA80007FF0FFFF00
8.155845|90|Rx|d|5|FF00064A00
8.155845|c6|Rx|d|8|803D80007FE3ACB4
8.155845|29a|Rx|d|8|0000000000000BF4
8.155845|2b7|Rx|d|5|00E0FFFE00
8.155845|1b0|Rx|d|4|FF00FFC0
8.155845|211|Rx|d|8|8200FFFFA90000CC
8.155845|214|Rx|d|2|0000
8.171470|12e|Rx|d|8|CA80007FF0FFFF00
8.171470|90|Rx|d|5|FF00070600
8.171470|c6|Rx|d|8|803D80007FE3AEB2
8.171470|242|Rx|d|8|1280FFFFFFFFFD00
8.171470|29c|Rx|d|8|00000000FFFF0000
8.171470|354|Rx|d|8|0000000000000000
8.171470|12e|Rx|d|8|CA80007FF0FFFF00
8.171470|90|Rx|d|5|FF0008A500
8.171470|c6|Rx|d|8|803D80087FE3B0A8
8.171470|29a|Rx|d|8|0000000000000CF3
8.171470|2b7|Rx|d|5|00E0FFFE00
8.171470|5d7|Rx|d|7|000008125200C0
8.171470|1b0|Rx|d|4|FF00FFC0
8.171470|211|Rx|d|8|8200FFFFA90000CC
8.171470|214|Rx|d|2|0000
8.171470|12e|Rx|d|8|CA80007FF0FFFF00
8.171470|90|Rx|d|5|FF0009E900
8.171470|c6|Rx|d|8|803D7FF87FE3B2B7
8.171470|242|Rx|d|8|1280FFFFFFFFFD00
8.171470|29c|Rx|d|8|00000000FFFF0000
8.171470|352|Rx|d|4|5C0000FF
8.171470|392|Rx|d|5|0006000000
8.206833|12e|Rx|d|8|CA80007FF0FFFF00
8.206833|90|Rx|d|5|FF000A3D00
8.206833|c6|Rx|d|8|803D80007FE3B4AC
8.206833|29a|Rx|d|8|0000000000000DF2
8.206833|2b7|Rx|d|5|00E0FFFE00
8.206833|666|Rx|d|4|34000008
8.206833|350|Rx|d|8|C22F3AF01414A485
8.206833|1b0|Rx|d|4|FF00FFC0
8.206833|4de|Rx|d|3|C00000
8.206833|55d|Rx|d|8|00FC50C090800000
8.206833|4f8|Rx|d|8|94C0000000000000
8.206833|211|Rx|d|8|8200FFFFA90000CC
8.206833|214|Rx|d|2|0000
8.206833|12e|Rx|d|8|CA80007FF0FFFF00
8.206833|90|Rx|d|5|FF000B7100
8.206833|c6|Rx|d|8|803D80007FE3B6AA
8.206833|242|Rx|d|8|1280FFFFFFFFFD00
8.206833|29c|Rx|d|8|00000000FFFF0000
8.206833|354|Rx|d|8|0000000000000000
8.206833|12e|Rx|d|8|CA80007FF0FFFF00
8.206833|90|Rx|d|5|FF000C8800
8.206833|c6|Rx|d|8|803D80007FE3B8A8
8.206833|29a|Rx|d|8|0000000000000EF1
8.206833|2b7|Rx|d|5|00E0FFFE00
8.206833|1b0|Rx|d|4|FF00FFC0
8.206833|5de|Rx|d|8|0000000000000002
8.206833|3b7|Rx|d|6|00007FC000C0
8.206833|211|Rx|d|8|8200FFFFA90000CC
8.206833|214|Rx|d|2|0000
8.206833|12e|Rx|d|8|CA80007FF0FFFF00
8.206833|90|Rx|d|5|FF000DC400
8.206833|c6|Rx|d|8|803D80007FE3BAA6
8.206833|242|Rx|d|8|1280FFFFFFFFFD00
8.206833|29c|Rx|d|8|00000000FFFF0000
8.206833|352|Rx|d|4|5C0000FF
8.206833|5df|Rx|d|3|009500
8.240632|12e|Rx|d|8|CA80007FF0FFFF00
8.240632|90|Rx|d|5|FF000E1000
8.240632|c6|Rx|d|8|803D80007FE3BCA4
8.240632|29a|Rx|d|8|0000000000000FF0
8.240632|2b7|Rx|d|5|00E0FFFE00
8.240632|1b0|Rx|d|4|FF00FFC0
8.240632|657|Rx|d|2|C0CC
8.240632|69f|Rx|d|4|0650859F
8.240632|211|Rx|d|8|8200FFFFA90000CC
8.240632|214|Rx|d|2|0000
8.240632|218|Rx|d|1|98
8.240632|4fa|Rx|d|2|0800
8.240632|671|Rx|d|2|0200
8.240632|392|Rx|d|5|0006000000
8.240632|668|Rx|d|2|8000
8.240632|699|Rx|d|8|00000200BF000000
8.240632|12e|Rx|d|8|CA80007FF0FFFF00
8.240632|90|Rx|d|5|FF000F5C00
8.240632|c6|Rx|d|8|803D80007FE3BEA2
8.240632|242|Rx|d|8|1280FFFFFFFFFD00
8.240632|29c|Rx|d|8|00000000FFFF0000
8.240632|354|Rx|d|8|0000000000000000
8.240632|4ac|Rx|d|5|83712A0080
8.240632|45c|Rx|d|6|00000000FFE0
8.240632|6af|Rx|d|5|0000000000
8.240632|12e|Rx|d|8|CA80007FF0FFFF00
8.240632|90|Rx|d|5|FF0000FF00
8.240632|c6|Rx|d|8|803D80007FE3A0C0
8.240632|29a|Rx|d|8|00000000000000FF
8.240632|2b7|Rx|d|5|00E0FFFE00
8.240632|1b0|Rx|d|4|FF00FFC0
8.240632|211|Rx|d|8|8200FFFFA90000CC
8.240632|214|Rx|d|2|0000
8.275572|12e|Rx|d|8|CA80007FF0FFFF00
8.275572|90|Rx|d|5|FF0001B300
8.275572|c6|Rx|d|8|803D80087FE3A2B6
8.275572|242|Rx|d|8|1280FFFFFFFFFD00
8.275572|29c|Rx|d|8|00000000FFFF0000
8.275572|352|Rx|d|4|5C0000FF
8.275572|12e|Rx|d|8|CA80007FF0FFFF00
8.275572|90|Rx|d|5|FF00026700
8.275572|c6|Rx|d|8|803D80007FE3A4BC
8.275572|29a|Rx|d|8|00000000000001FE
8.275572|2b7|Rx|d|5|00E0FFFE00
8.275572|5d7|Rx|d|7|000008125200C0
8.275572|1b0|Rx|d|4|FF00FFC0
8.275572|211|Rx|d|8|8200FFFFA90000CC
8.275572|214|Rx|d|2|0000
8.275572|12e|Rx|d|8|CB80007FF0FFFF00
8.275572|90|Rx|d|5|FF00032B00
8.275572|c6|Rx|d|8|803D7FF87FE3A6C3
8.275572|242|Rx|d|8|1280FFFFFFFFFD00
8.275572|29c|Rx|d|8|00000000FFFF0000
8.275572|354|Rx|d|8|0000000000000000
8.275572|392|Rx|d|5|0006000000
8.279136|12e|Rx|d|8|CB80007FF0FFFF00
8.279136|90|Rx|d|5|FF0004D200
8.279136|c6|Rx|d|8|803D80007FE3A8B8
8.279136|29a|Rx|d|8|00000000000002FD
8.279136|2b7|Rx|d|5|00E0FFFE00
8.279136|666|Rx|d|4|34000008
8.279136|350|Rx|d|8|C22F3AF01414A485
8.279136|1b0|Rx|d|4|FF00FFC0
8.279136|4de|Rx|d|3|C00000
8.279136|55d|Rx|d|8|00FC50C090800000
8.281134|4f8|Rx|d|8|94C0000000000000
8.281134|211|Rx|d|8|8200FFFFA90000CC
8.281134|214|Rx|d|2|0000
8.289130|12e|Rx|d|8|CA80007FF0FFFF00
8.289130|90|Rx|d|5|FF00059E00
8.289130|c6|Rx|d|8|803D80087FE3AAAE
8.289130|242|Rx|d|8|1280FFFFFFFFFD00
8.289130|29c|Rx|d|8|00000000FFFF0000
8.289130|352|Rx|d|4|5C0000FF
8.297124|12e|Rx|d|8|CA80007FF0FFFF00
8.297124|90|Rx|d|5|FF00064A00
8.297124|c6|Rx|d|8|803D7FF87FE3ACBD
8.297124|29a|Rx|d|8|00000000000003FC
8.297124|2b7|Rx|d|5|00E0FFFE00
8.297124|1b0|Rx|d|4|FF00FFC0
8.297124|5de|Rx|d|8|0000000000000002
8.303121|3b7|Rx|d|6|00007FC000C0
8.303121|211|Rx|d|8|8200FFFFA90000CC
8.303121|214|Rx|d|2|0000
8.309118|12e|Rx|d|8|CA80007FF0FFFF00
8.309118|90|Rx|d|5|FF00070600
8.309118|c6|Rx|d|8|803D80007FE3AEB2
8.309118|242|Rx|d|8|1280FFFFFFFFFD00
8.309118|29c|Rx|d|8|00000000FFFF0000
8.309118|354|Rx|d|8|0000000000000000
8.309118|5df|Rx|d|3|009500
8.317113|12e|Rx|d|8|CA80007FF0FFFF00
8.317113|90|Rx|d|5|FF0008A500
8.319110|c6|Rx|d|8|803D80007FE3B0B0
8.319110|29a|Rx|d|8|00000000000004FB
8.319110|2b7|Rx|d|5|00E0FFFE00
8.319110|1b0|Rx|d|4|FF00FFC0
8.319110|657|Rx|d|2|C0CC
8.323107|211|Rx|d|8|8200FFFFA90000CC
8.323107|214|Rx|d|2|0000
8.323107|218|Rx|d|1|98
8.323107|4fa|Rx|d|2|0800
8.323107|671|Rx|d|2|0200
8.323107|392|Rx|d|5|0006000000
8.323107|668|Rx|d|2|8000
8.327106|12e|Rx|d|8|CA80007FF0FFFF00
8.327106|90|Rx|d|5|FF0009E900
8.327106|c6|Rx|d|8|803D80007FE3B2AE
8.327106|242|Rx|d|8|1280FFFFFFFFFD00
8.327106|29c|Rx|d|8|00000000FFFF0000
8.327106|352|Rx|d|4|5C0000FF
8.327106|4ac|Rx|d|5|83712A0080
8.327106|45c|Rx|d|6|00000000FFE0
8.374368|6af|Rx|d|5|0000000000
8.374368|12e|Rx|d|8|CA80007FF0FFFF00
8.374368|90|Rx|d|5|FF000A3D00
8.374368|c6|Rx|d|8|803D80007FE3B4AC
8.374368|29a|Rx|d|8|00000000000005FA
8.374368|2b7|Rx|d|5|00E0FFFE00
8.374368|1b0|Rx|d|4|FF00FFC0
8.374368|211|Rx|d|8|8200FFFFA90000CC
8.374368|214|Rx|d|2|0000
8.374368|12e|Rx|d|8|CA80007FF0FFFF00
8.374368|90|Rx|d|5|FF000B7100
8.374368|c6|Rx|d|8|803D80007FE3B6AA
8.374368|242|Rx|d|8|1280FFFFFFFFFD00
8.374368|29c|Rx|d|8|00000000FFFF0000
8.374368|354|Rx|d|8|0000000000000000
8.374368|12e|Rx|d|8|CA80007FF0FFFF00
8.374368|90|Rx|d|5|FF000C8800
8.374368|c6|Rx|d|8|803D80007FE3B8A8
8.374368|29a|Rx|d|8|00000000000006F9
8.374368|2b7|Rx|d|5|00E0FFFE00
8.374368|5d7|Rx|d|7|000008125200C0
8.374368|1b0|Rx|d|4|FF00FFC0
8.374368|211|Rx|d|8|8200FFFFA90000CC
8.374368|214|Rx|d|2|0000
8.374368|12e|Rx|d|8|CA80007FF0FFFF00
8.374368|90|Rx|d|5|FF000DC400
8.374368|c6|Rx|d|8|803D80007FE3BAA6
8.374368|242|Rx|d|8|1280FFFFFFFFFD00
8.374368|29c|Rx|d|8|00000000FFFF0000
8.374368|352|Rx|d|4|5C0000FF
8.374368|392|Rx|d|5|0006000000
8.422524|12e|Rx|d|8|CA80007FF0FFFF00
8.422524|90|Rx|d|5|FF000E1000
8.422524|c6|Rx|d|8|803D80007FE3BCA4
8.422524|29a|Rx|d|8|00000000000007F8
8.422524|2b7|Rx|d|5|00E0FFFE00
8.422524|666|Rx|d|4|34000008
8.422524|350|Rx|d|8|C22F3AF01414A485
8.422524|1b0|Rx|d|4|FF00FFC0
8.422524|4de|Rx|d|3|C00000
8.422524|55d|Rx|d|8|00FC50C090800000
8.422524|4f8|Rx|d|8|94C0000000000000
8.422524|211|Rx|d|8|8200FFFFA90000CC
8.422524|214|Rx|d|2|0000
8.422524|12e|Rx|d|8|CA80007FF0FFFF00
8.422524|90|Rx|d|5|FF000F5C00
8.422524|c6|Rx|d|8|803D80007FE3BEA2
8.422524|242|Rx|d|8|1280FFFFFFFFFD00
8.422524|29c|Rx|d|8|00000000FFFF0000
8.422524|354|Rx|d|8|0000000000000000
8.422524|12e|Rx|d|8|CA80007FF0FFFF00
8.422524|90|Rx|d|5|FF0000FF00
8.422524|c6|Rx|d|8|803D80007FE3A0C0
8.422524|29a|Rx|d|8|00000000000008F7
8.422524|2b7|Rx|d|5|00E0FFFE00
8.422524|1b0|Rx|d|4|FF00FFC0
8.422524|5de|Rx|d|8|0000000000000002
8.422524|3b7|Rx|d|6|00007FC000C0
8.422524|211|Rx|d|8|8200FFFFA90000CD
8.422524|214|Rx|d|2|0000
8.422524|12e|Rx|d|8|CA80007FF0FFFF00
8.422524|90|Rx|d|5|FF0001B300
8.422524|c6|Rx|d|8|803D80007FE3A2BE
8.422524|242|Rx|d|8|1280FFFFFFFFFD00
8.422524|29c|Rx|d|8|00000000FFFF0000
8.422524|352|Rx|d|4|5C0000FF
8.422524|5df|Rx|d|3|009500
8.422524|12e|Rx|d|8|CA80007FF0FFFF00
8.422524|90|Rx|d|5|FF00026700
8.422524|c6|Rx|d|8|803D80007FE3A4BC
8.422524|29a|Rx|d|8|00000000000009F6
8.422524|2b7|Rx|d|5|00E0FFFE00
8.422524|1b0|Rx|d|4|FF00FFC0
8.422524|657|Rx|d|2|C0CC
8.422524|211|Rx|d|8|8200FFFFA90000CD
8.422524|214|Rx|d|2|0000
8.422524|218|Rx|d|1|98
8.422524|4fa|Rx|d|2|0800
8.422524|671|Rx|d|2|0200
8.422524|392|Rx|d|5|0006000000
8.422524|668|Rx|d|2|8000
8.457904|12e|Rx|d|8|CA80007FF0FFFF00
8.457904|90|Rx|d|5|FF00032B00
8.457904|c6|Rx|d|8|803D80007FE3A6BA
8.457904|242|Rx|d|8|1280FFFFFFFFFD00
8.457904|29c|Rx|d|8|00000000FFFF0000
8.457904|354|Rx|d|8|0000000000000000
8.457904|4ac|Rx|d|5|83712A0080
8.457904|45c|Rx|d|6|00000000FFE0
8.457904|6af|Rx|d|5|0000000000
8.457904|12e|Rx|d|8|CA80007FF0FFFF00
8.457904|90|Rx|d|5|FF0004D200
8.457904|c6|Rx|d|8|803D80007FE3A8B8
8.457904|29a|Rx|d|8|0000000000000AF5
8.457904|2b7|Rx|d|5|00E0FFFE00
8.457904|1b0|Rx|d|4|FF00FFC0
8.457904|211|Rx|d|8|8200FFFFA90000CC
8.457904|214|Rx|d|2|0000
8.457904|12e|Rx|d|8|CA80007FF0FFFF00
8.457904|90|Rx|d|5|FF00059E00
8.457904|c6|Rx|d|8|803D80007FE3AAB6
8.457904|242|Rx|d|8|1280FFFFFFFFFD00
8.457904|29c|Rx|d|8|00000000FFFF0000
8.457904|352|Rx|d|4|5C0000FF
8.457904|12e|Rx|d|8|CA80007FF0FFFF00
8.457904|90|Rx|d|5|FF00064A00
8.457904|c6|Rx|d|8|803D80007FE3ACB4
8.457904|29a|Rx|d|8|0000000000000BF4
8.457904|2b7|Rx|d|5|00E0FFFE00
8.457904|5d7|Rx|d|7|000008125200C0
8.457904|1b0|Rx|d|4|FF00FFC0
8.491260|211|Rx|d|8|8200FFFFA90000CC
8.491260|214|Rx|d|2|0000
8.491260|12e|Rx|d|8|CA80007FF0FFFF00
8.491260|90|Rx|d|5|FF00070600
8.491260|c6|Rx|d|8|803D80007FE3AEB2
8.491260|242|Rx|d|8|1280FFFFFFFFFD00
8.491260|29c|Rx|d|8|00000000FFFF0000
8.491260|354|Rx|d|8|0000000000000000
8.491260|392|Rx|d|5|0006000000
8.491260|12e|Rx|d|8|CA80007FF0FFFF00
8.491260|90|Rx|d|5|FF0008A500
8.506892|c6|Rx|d|8|803D80007FE3B0B0
8.506892|29a|Rx|d|8|0000000000000CF3
8.506892|2b7|Rx|d|5|00E0FFFE00
8.506892|666|Rx|d|4|34000008
8.506892|350|Rx|d|8|C22F3AF01414A485
8.506892|1b0|Rx|d|4|FF00FFC0
8.506892|4de|Rx|d|3|C00000
8.506892|55d|Rx|d|8|00FC50C090800000
8.506892|4f8|Rx|d|8|94C0000000000000
8.506892|211|Rx|d|8|8200FFFFA90000CC
8.506892|214|Rx|d|2|0000
8.506892|12e|Rx|d|8|CA80007FF0FFFF00
8.506892|90|Rx|d|5|FF0009E900
8.506892|c6|Rx|d|8|803D80007FE3B2AE
8.506892|242|Rx|d|8|1280FFFFFFFFFD00
8.506892|29c|Rx|d|8|00000000FFFF0000
8.506892|352|Rx|d|4|5C0000FF
8.522508|12e|Rx|d|8|CA80007FF0FFFF00
8.522508|90|Rx|d|5|FF000A3D00
8.522508|c6|Rx|d|8|803D80087FE3B4A4
8.522508|29a|Rx|d|8|0000000000000DF2
8.522508|2b7|Rx|d|5|00E0FFFE00
8.522508|1b0|Rx|d|4|FF00FFC0
8.522508|5de|Rx|d|8|0000000000000002
8.522508|3b7|Rx|d|6|00007FC000C0
8.522508|211|Rx|d|8|8200FFFFA90000CC
8.522508|214|Rx|d|2|0000
8.522508|12e|Rx|d|8|CA80007FF0FFFF00
8.522508|90|Rx|d|5|FF000B7100
8.522508|c6|Rx|d|8|803D7FF87FE3B6B3
8.522508|242|Rx|d|8|1280FFFFFFFFFD00
8.522508|29c|Rx|d|8|00000000FFFF0000
8.522508|354|Rx|d|8|0000000000000000
8.522508|5df|Rx|d|3|009500
8.526026|646|Rx|d|8|000000020000000C
8.526026|12e|Rx|d|8|CA80007FF0FFFF00
8.526026|90|Rx|d|5|FF000C8800
8.526026|c6|Rx|d|8|803D80007FE3B8A8
8.526026|29a|Rx|d|8|0000000000000EF1
8.526026|2b7|Rx|d|5|00E0FFFE00
8.526026|1b0|Rx|d|4|FF00FFC0
8.526026|657|Rx|d|2|C0CC
8.526026|211|Rx|d|8|8200FFFFA90000CC
8.526026|214|Rx|d|2|0000
8.526026|218|Rx|d|1|98
8.526026|4fa|Rx|d|2|0800
8.526026|671|Rx|d|2|0200
8.526026|392|Rx|d|5|0006000000
8.526026|668|Rx|d|2|8000
8.528299|12e|Rx|d|8|CA80007FF0FFFF00
8.528299|90|Rx|d|5|FF000DC400
8.528299|c6|Rx|d|8|803D80007FE3BAA6
8.528299|242|Rx|d|8|1280FFFFFFFFFD00
8.528299|29c|Rx|d|8|00000000FFFF0000
8.528299|352|Rx|d|4|5C0000FF
8.530297|4ac|Rx|d|5|83712A0080
8.530297|45c|Rx|d|6|00000000FFE0
8.530297|6af|Rx|d|5|0000000000
8.538292|12e|Rx|d|8|CA80007FF0FFFF00
8.538292|90|Rx|d|5|FF000E1000
8.538292|c6|Rx|d|8|803D80007FE3BCA4
8.538292|29a|Rx|d|8|0000000000000FF0
8.538292|2b7|Rx|d|5|00E0FFFE00
8.538292|1b0|Rx|d|4|FF00FFC0
8.544289|211|Rx|d|8|8200FFFFA90000CC
8.544289|214|Rx|d|2|0000
8.548286|12e|Rx|d|8|CA7FFF7FF0FFFF00
8.548286|90|Rx|d|5|FF000F5C00
8.548286|c6|Rx|d|8|803D80007FE3BEA2
8.548286|242|Rx|d|8|1280FFFFFFFFFD00
8.548286|29c|Rx|d|8|00000000FFFF0000
8.548286|354|Rx|d|8|0000000000000000
8.558281|12e|Rx|d|8|CA7FFF7FF0FFFF00
8.558281|90|Rx|d|5|FF0000FF00
8.558281|c6|Rx|d|8|803D80007FE3A0C0
8.558281|29a|Rx|d|8|00000000000000FF
8.558281|2b7|Rx|d|5|00E0FFFE00
8.558281|5d7|Rx|d|7|000008125200C0
8.558281|1b0|Rx|d|4|FF00FFC0
8.562278|211|Rx|d|8|8200FFFFA90000CC
8.562278|214|Rx|d|2|0000
8.568274|12e|Rx|d|8|CA7FFF7FF0FFFF00
8.568274|90|Rx|d|5|FF0001B300
8.568274|c6|Rx|d|8|803D80007FE3A2BE
8.568274|242|Rx|d|8|1280FFFFFFFFFD00
8.568274|29c|Rx|d|8|00000000FFFF0000
8.568274|352|Rx|d|4|5C0000FF
8.574270|392|Rx|d|5|0006000000
8.622698|12e|Rx|d|8|CA7FFF7FF0FFFF00
8.622698|90|Rx|d|5|FF00026700
8.622698|c6|Rx|d|8|803D80007FE3A4BC
8.622698|29a|Rx|d|8|00000000000001FE
8.622698|2b7|Rx|d|5|00E0FFFE00
8.622698|666|Rx|d|4|34000008
8.622698|350|Rx|d|8|C22F3AF01414A485
8.622698|1b0|Rx|d|4|FF00FFC0
8.622698|4de|Rx|d|3|C00000
8.622698|55d|Rx|d|8|00FC50C090800000
8.622698|4f8|Rx|d|8|94C0000000000000
8.622698|211|Rx|d|8|8200FFFFA90000CC
8.622698|214|Rx|d|2|0000
8.622698|12e|Rx|d|8|CA80007FF0FFFF00
8.622698|90|Rx|d|5|FF00032B00
8.622698|c6|Rx|d|8|803D80007FE3A6BA
8.622698|242|Rx|d|8|1280FFFFFFFFFD00
8.622698|29c|Rx|d|8|00000000FFFF0000
8.622698|354|Rx|d|8|0000000000000000
8.622698|12e|Rx|d|8|CA80007FF0FFFF00
8.622698|90|Rx|d|5|FF0004D200
8.622698|c6|Rx|d|8|803D80007FE3A8B8
8.622698|29a|Rx|d|8|00000000000002FD
8.622698|2b7|Rx|d|5|00E0FFFE00
8.622698|1b0|Rx|d|4|FF00FFC0
8.622698|5de|Rx|d|8|0000000000000002
8.622698|3b7|Rx|d|6|00007FC000C0
8.622698|211|Rx|d|8|8200FFFFA90000CC
8.622698|214|Rx|d|2|0000
8.622698|12e|Rx|d|8|CB80017FF0FFFF00
8.622698|90|Rx|d|5|FF00059E00
8.622698|c6|Rx|d|8|803D80007FE3AAB6
8.622698|242|Rx|d|8|1280FFFFFFFFFD00
8.622698|29c|Rx|d|8|00000000FFFF0000
8.622698|352|Rx|d|4|5C0000FF
8.622698|5df|Rx|d|3|009500
8.622698|12e|Rx|d|8|CB80017FF0FFFF00
8.622698|90|Rx|d|5|FF00064A00
8.622698|c6|Rx|d|8|803D80007FE3ACB4
8.622698|29a|Rx|d|8|00000000000003FC
8.622698|2b7|Rx|d|5|00E0FFFE00
8.622698|1b0|Rx|d|4|FF00FFC0
8.622698|657|Rx|d|2|C0CC
8.622698|211|Rx|d|8|8200FFFFA90000CC
8.622698|214|Rx|d|2|0000
8.622698|218|Rx|d|1|98
8.622698|4fa|Rx|d|2|0800
8.622698|671|Rx|d|2|0200
8.622698|392|Rx|d|5|0006000000
8.622698|668|Rx|d|2|8000
8.658410|12e|Rx|d|8|CB80007FF0FFFF00
8.658410|90|Rx|d|5|FF00070600
8.658410|c6|Rx|d|8|803D80007FE3AEB2
8.658410|242|Rx|d|8|1280FFFFFFFFFD00
8.658410|29c|Rx|d|8|00000000FFFF0000
8.658410|354|Rx|d|8|0000000000000000
8.658410|4ac|Rx|d|5|83712A0080
8.658410|45c|Rx|d|6|00000000FFE0
8.658410|6af|Rx|d|5|0000000000
8.658410|12e|Rx|d|8|CB80007FF0FFFF00
8.658410|90|Rx|d|5|FF0008A500
8.658410|c6|Rx|d|8|803D80007FE3B0B0
8.658410|29a|Rx|d|8|00000000000004FB
8.658410|2b7|Rx|d|5|00E0FFFE00
8.658410|1b0|Rx|d|4|FF00FFC0
8.658410|211|Rx|d|8|8200FFFFA90000CC
8.658410|214|Rx|d|2|0000
8.658410|12e|Rx|d|8|CA80007FF0FFFF00
8.658410|90|Rx|d|5|FF0009E900
8.658410|c6|Rx|d|8|803D80007FE3B2AE
8.658410|242|Rx|d|8|1280FFFFFFFFFD00
8.658410|29c|Rx|d|8|00000000FFFF0000
8.658410|352|Rx|d|4|5C0000FF
8.658410|12e|Rx|d|8|CA80007FF0FFFF00
8.658410|90|Rx|d|5|FF000A3D00
8.658410|c6|Rx|d|8|803D80007FE3B4AC
8.658410|29a|Rx|d|8|00000000000005FA
8.658410|2b7|Rx|d|5|00E0FFFE00
8.658410|5d7|Rx|d|7|000008125200C0
8.658410|1b0|Rx|d|4|FF00FFC0
8.691761|211|Rx|d|8|8200FFFFA90000CC
8.691761|214|Rx|d|2|0000
8.691761|12e|Rx|d|8|CB80007FF0FFFF00
8.691761|90|Rx|d|5|FF000B7100
8.691761|c6|Rx|d|8|803D80007FE3B6AA
8.691761|242|Rx|d|8|1280FFFFFFFFFD00
8.691761|29c|Rx|d|8|00000000FFFF0000
8.691761|354|Rx|d|8|0000000000000000
8.691761|392|Rx|d|5|0006000000
8.691761|12e|Rx|d|8|CB80007FF0FFFF00
8.691761|90|Rx|d|5|FF000C8800
8.691761|c6|Rx|d|8|803D80007FE3B8A8
8.691761|29a|Rx|d|8|00000000000006F9
8.691761|2b7|Rx|d|5|00E0FFFE00
8.691761|666|Rx|d|4|34000008
8.691761|350|Rx|d|8|C22F3AF01414A485
8.691761|1b0|Rx|d|4|FF00FFC0
8.691761|4de|Rx|d|3|C00000
8.691761|55d|Rx|d|8|00FC50C090800000
8.691761|4f8|Rx|d|8|94C0000000000000
8.691761|211|Rx|d|8|8200FFFFA90000CC
8.691761|214|Rx|d|2|0000
8.691761|12e|Rx|d|8|CA7FFF7FF0FFFF00
8.691761|90|Rx|d|5|FF000DC400
8.691761|c6|Rx|d|8|803D80007FE3BAA6
8.691761|242|Rx|d|8|1280FFFFFFFFFD00
8.691761|29c|Rx|d|8|00000000FFFF0000
8.691761|352|Rx|d|4|5C0000FF
8.726430|12e|Rx|d|8|CA7FFF7FF0FFFF00
8.726430|90|Rx|d|5|FF000E1000
8.726430|c6|Rx|d|8|803D80007FE3BCA4
8.726430|29a|Rx|d|8|00000000000007F8
8.726430|2b7|Rx|d|5|00E0FFFE00
8.726430|1b0|Rx|d|4|FF00FFC0
8.726430|5de|Rx|d|8|0000000000000002
8.726430|3b7|Rx|d|6|00007FC000C0
8.726430|211|Rx|d|8|8200FFFFA90000CC
8.726430|214|Rx|d|2|0000
8.726430|12e|Rx|d|8|C980007FF0FFFF00
8.726430|90|Rx|d|5|FF000F5C00
8.726430|c6|Rx|d|8|803D80007FE3BEA2
8.726430|242|Rx|d|8|1280FFFFFFFFFD00
8.726430|29c|Rx|d|8|00000000FFFF0000
8.726430|354|Rx|d|8|0000000000000000
8.726430|5df|Rx|d|3|009500
8.726430|12e|Rx|d|8|C980007FF0FFFF00
8.726430|90|Rx|d|5|FF0000FF00
8.726430|c6|Rx|d|8|803D80007FE3A0C0
8.726430|29a|Rx|d|8|00000000000008F7
8.726430|2b7|Rx|d|5|00E0FFFE00
8.726430|1b0|Rx|d|4|FF00FFC0
8.726430|657|Rx|d|2|C0CC
8.726430|211|Rx|d|8|8200FFFFA90000CC
8.726430|214|Rx|d|2|0000
8.726430|218|Rx|d|1|98
8.726430|4fa|Rx|d|2|0800
8.726430|671|Rx|d|2|0200
8.726430|392|Rx|d|5|0006000000
8.726430|668|Rx|d|2|8000
8.726430|12e|Rx|d|8|C980007FF0FFFF00
8.726430|90|Rx|d|5|FF0001B300
8.726430|c6|Rx|d|8|803D80007FE3A2BE
8.726430|242|Rx|d|8|1280FFFFFFFFFD00
8.726430|29c|Rx|d|8|00000000FFFF0000
8.726430|352|Rx|d|4|5C0000FF
8.726430|4ac|Rx|d|5|83712A0080
8.726430|45c|Rx|d|6|00000000FFE0
8.773304|6af|Rx|d|5|0000000000
8.773304|12e|Rx|d|8|C980007FF0FFFF00
8.773304|90|Rx|d|5|FF00026700
8.773304|c6|Rx|d|8|803D80007FE3A4BC
8.773304|29a|Rx|d|8|00000000000009F6
8.773304|2b7|Rx|d|5|00E0FFFE00
8.773304|1b0|Rx|d|4|FF00FFC0
8.773304|211|Rx|d|8|8200FFFFA90000CC
8.773304|214|Rx|d|2|0000
8.773304|12e|Rx|d|8|C980007FF0FFFF00
8.773304|90|Rx|d|5|FF00032B00
8.773304|c6|Rx|d|8|803D80007FE3A6BA
8.773304|242|Rx|d|8|1280FFFFFFFFFD00
8.773304|29c|Rx|d|8|00000000FFFF0000
8.773304|354|Rx|d|8|0000000000000000
8.773304|12e|Rx|d|8|C980007FF0FFFF00
8.773304|90|Rx|d|5|FF0004D200
8.773304|c6|Rx|d|8|803D80007FE3A8B8
8.773304|29a|Rx|d|8|0000000000000AF5
8.773304|2b7|Rx|d|5|00E0FFFE00
8.773304|5d7|Rx|d|7|000008125200C0
8.773304|1b0|Rx|d|4|FF00FFC0
8.773304|211|Rx|d|8|8200FFFFA90000CC
8.773304|214|Rx|d|2|0000
8.773304|12e|Rx|d|8|CA80007FF0FFFF00
8.773304|90|Rx|d|5|FF00059E00
8.773304|c6|Rx|d|8|803D80007FE3AAB6
8.773304|242|Rx|d|8|1280FFFFFFFFFD00
8.773304|29c|Rx|d|8|00000000FFFF0000
8.773304|352|Rx|d|4|5C0000FF
8.773304|392|Rx|d|5|0006000000
8.821498|12e|Rx|d|8|CA80007FF0FFFF00
8.821498|90|Rx|d|5|FF00064A00
8.821498|c6|Rx|d|8|803D80007FE3ACB4
8.821498|29a|Rx|d|8|0000000000000BF4
8.821498|2b7|Rx|d|5|00E0FFFE00
8.821498|666|Rx|d|4|34000008
8.821498|350|Rx|d|8|C22F3AF01414A485
8.821498|1b0|Rx|d|4|FF00FFC0
8.821498|4de|Rx|d|3|C00000
8.821498|55d|Rx|d|8|00FC50C090800000
8.821498|4f8|Rx|d|8|94C0000000000000
8.821498|211|Rx|d|8|8200FFFFA90000CC
8.821498|214|Rx|d|2|0000
8.821498|12e|Rx|d|8|CA80007FF0FFFF00
8.821498|90|Rx|d|5|FF00070600
8.821498|c6|Rx|d|8|803D80007FE3AEB2
8.821498|242|Rx|d|8|1280FFFFFFFFFD00
8.821498|29c|Rx|d|8|00000000FFFF0000
8.821498|354|Rx|d|8|0000000000000000
8.821498|12e|Rx|d|8|CA80007FF0FFFF00
8.821498|90|Rx|d|5|FF0008A500
8.821498|c6|Rx|d|8|803D80007FE3B0B0
8.821498|29a|Rx|d|8|0000000000000CF3
8.821498|2b7|Rx|d|5|00E0FFFE00
8.821498|1b0|Rx|d|4|FF00FFC0
8.821498|5de|Rx|d|8|0000000000000002
8.821498|3b7|Rx|d|6|00007FC000C0
8.821498|211|Rx|d|8|8200FFFFA90000CC
8.821498|214|Rx|d|2|0000
8.821498|12e|Rx|d|8|CA80007FF0FFFF00
8.821498|90|Rx|d|5|FF0009E900
8.821498|c6|Rx|d|8|803D80007FE3B2AE
8.821498|242|Rx|d|8|1280FFFFFFFFFD00
8.827963|29c|Rx|d|8|00000000FFFF0000
8.827963|352|Rx|d|4|5C0000FF
8.827963|5df|Rx|d|3|009500
8.827963|12e|Rx|d|8|CA80007FF0FFFF00
8.827963|90|Rx|d|5|FF000A3D00
8.827963|c6|Rx|d|8|803D80007FE3B4AC
8.827963|29a|Rx|d|8|0000000000000DF2
8.827963|2b7|Rx|d|5|00E0FFFE00
8.827963|1b0|Rx|d|4|FF00FFC0
8.827963|657|Rx|d|2|C0CC
8.827963|211|Rx|d|8|8200FFFFA90000CC
8.827963|214|Rx|d|2|0000
8.827963|218|Rx|d|1|98
8.827963|4fa|Rx|d|2|0800
8.827963|671|Rx|d|2|0200
8.827963|392|Rx|d|5|0006000000
8.827963|668|Rx|d|2|8000
8.830156|12e|Rx|d|8|CA7FFF7FF0FFFF00
8.830156|90|Rx|d|5|FF000B7100
8.830156|c6|Rx|d|8|803D80007FE3B6AA
8.830156|242|Rx|d|8|1280FFFFFFFFFD00
8.830156|29c|Rx|d|8|00000000FFFF0000
8.830156|354|Rx|d|8|0000000000000000
8.830156|4ac|Rx|d|5|83712A0080
8.830156|45c|Rx|d|6|00000000FFE0
8.832155|6af|Rx|d|5|0000000000
8.838152|12e|Rx|d|8|CA7FFF7FF0FFFF00
8.838152|90|Rx|d|5|FF000C8800
8.838152|c6|Rx|d|8|803D80007FE3B8A8
8.838152|29a|Rx|d|8|0000000000000EF1
8.838152|2b7|Rx|d|5|00E0FFFE00
8.838152|1b0|Rx|d|4|FF00FFC0
8.844146|211|Rx|d|8|8200FFFFA90000CC
8.844146|214|Rx|d|2|0000
8.848144|12e|Rx|d|8|CA80007FF0FFFF00
8.848144|90|Rx|d|5|FF000DC400
8.848144|c6|Rx|d|8|803D80007FE3BAA6
8.848144|242|Rx|d|8|1280FFFFFFFFFD00
8.848144|29c|Rx|d|8|00000000FFFF0000
8.848144|352|Rx|d|4|5C0000FF
8.858139|12e|Rx|d|8|CA80007FF0FFFF00
8.858139|90|Rx|d|5|FF000E1000
8.858139|c6|Rx|d|8|803D80007FE3BCA4
8.858139|29a|Rx|d|8|0000000000000FF0
8.858139|2b7|Rx|d|5|00E0FFFE00
8.858139|5d7|Rx|d|7|000008125200C0
8.858139|1b0|Rx|d|4|FF00FFC0
8.864135|211|Rx|d|8|8200FFFFA90000CC
8.864135|214|Rx|d|2|0000
8.868133|12e|Rx|d|8|CA80007FF0FFFF00
8.868133|90|Rx|d|5|FF000F5C00
8.868133|c6|Rx|d|8|803D80007FE3BEA2
8.868133|242|Rx|d|8|1280FFFFFFFFFD00
8.868133|29c|Rx|d|8|00000000FFFF0000
8.868133|354|Rx|d|8|0000000000000000
8.874129|392|Rx|d|5|0006000000
8.893242|12e|Rx|d|8|CA80007FF0FFFF00
8.893242|90|Rx|d|5|FF0000FF00
8.893242|c6|Rx|d|8|803D80007FE3A0C0
8.893242|29a|Rx|d|8|00000000000000FF
8.893242|2b7|Rx|d|5|00E0FFFE00
8.893242|666|Rx|d|4|34000008
8.908867|350|Rx|d|8|C22F3AF01414A485
8.908867|1b0|Rx|d|4|FF00FFC0
8.908867|4de|Rx|d|3|C00000
8.908867|55d|Rx|d|8|00FC50C090800000
8.908867|4f8|Rx|d|8|94C0000000000000
8.908867|211|Rx|d|8|8200FFFFA90000CC
8.908867|214|Rx|d|2|0000
8.908867|12e|Rx|d|8|CA80007FF0FFFF00
8.908867|90|Rx|d|5|FF0001B300
8.908867|c6|Rx|d|8|803D80007FE3A2BE
8.908867|242|Rx|d|8|1280FFFFFFFFFD00
8.908867|29c|Rx|d|8|00000000FFFF0000
8.908867|352|Rx|d|4|5C0000FF
8.908867|12e|Rx|d|8|CA80007FF0FFFF00
8.908867|90|Rx|d|5|FF00026700
8.908867|c6|Rx|d|8|803D80007FE3A4BC
8.908867|29a|Rx|d|8|00000000000001FE
8.908867|2b7|Rx|d|5|00E0FFFE00
8.908867|1b0|Rx|d|4|FF00FFC0
8.908867|5de|Rx|d|8|0000000000000002
8.908867|3b7|Rx|d|6|00007FC000C0
8.908867|211|Rx|d|8|8200FFFFA90000CC
8.908867|214|Rx|d|2|0000
8.908867|12e|Rx|d|8|CA80007FF0FFFF00
8.908867|90|Rx|d|5|FF00032B00
8.908867|c6|Rx|d|8|803D80007FE3A6BA
8.908867|242|Rx|d|8|1280FFFFFFFFFD00
8.908867|29c|Rx|d|8|00000000FFFF0000
8.908867|354|Rx|d|8|0000000000000000
8.908867|5df|Rx|d|3|009500
8.941754|12e|Rx|d|8|CA80007FF0FFFF00
8.941754|90|Rx|d|5|FF0004D200
8.941754|c6|Rx|d|8|803D80007FE3A8B8
8.941754|29a|Rx|d|8|00000000000002FD
8.941754|2b7|Rx|d|5|00E0FFFE00
8.941754|1b0|Rx|d|4|FF00FFC0
8.941754|657|Rx|d|2|C0CC
8.941754|211|Rx|d|8|8200FFFFA90000CC
8.941754|214|Rx|d|2|0000
8.941754|218|Rx|d|1|98
8.941754|4fa|Rx|d|2|0800
8.941754|671|Rx|d|2|0200
8.941754|392|Rx|d|5|0006000000
8.941754|668|Rx|d|2|8000
8.941754|12e|Rx|d|8|CA80007FF0FFFF00
8.941754|90|Rx|d|5|FF00059E00
8.941754|c6|Rx|d|8|803D80007FE3AAB6
8.941754|242|Rx|d|8|1280FFFFFFFFFD00
8.941754|29c|Rx|d|8|00000000FFFF0000
8.941754|352|Rx|d|4|5C0000FF
8.957391|4ac|Rx|d|5|83712A0080
8.957391|45c|Rx|d|6|00000000FFE0
8.957391|6af|Rx|d|5|0000000000
8.957391|12e|Rx|d|8|CA80007FF0FFFF00
8.957391|90|Rx|d|5|FF00064A00
8.957391|c6|Rx|d|8|803D80007FE3ACB4
8.957391|29a|Rx|d|8|00000000000003FC
8.957391|2b7|Rx|d|5|00E0FFFE00
8.957391|1b0|Rx|d|4|FF00FFC0
8.957391|211|Rx|d|8|8200FFFFA90000CC
8.957391|214|Rx|d|2|0000
8.957391|12e|Rx|d|8|CA80007FF0FFFF00
8.957391|90|Rx|d|5|FF00070600
8.957391|c6|Rx|d|8|803D80007FE3AEB2
8.957391|242|Rx|d|8|1280FFFFFFFFFD00
8.957391|29c|Rx|d|8|00000000FFFF0000
8.957391|354|Rx|d|8|0000000000000000
8.957391|12e|Rx|d|8|CA80007FF0FFFF00
8.957391|90|Rx|d|5|FF0008A500
8.957391|c6|Rx|d|8|803D80007FE3B0B0
8.957391|29a|Rx|d|8|00000000000004FB
8.957391|2b7|Rx|d|5|00E0FFFE00
8.957391|5d7|Rx|d|7|000008125200C0
8.957391|1b0|Rx|d|4|FF00FFC0
8.992421|211|Rx|d|8|8200FFFFA90000CC
8.992421|214|Rx|d|2|0000
8.992421|12e|Rx|d|8|CB80007FF0FFFF00
8.992421|90|Rx|d|5|FF0009E900
8.992421|c6|Rx|d|8|803D80007FE3B2AE
8.992421|242|Rx|d|8|1280FFFFFFFFFD00
8.992421|29c|Rx|d|8|00000000FFFF0000
8.992421|352|Rx|d|4|5C0000FF
8.992421|392|Rx|d|5|0006000000
8.992421|12e|Rx|d|8|CB80007FF0FFFF00
8.992421|90|Rx|d|5|FF000A3D00
8.992421|c6|Rx|d|8|803D80007FE3B4AC
8.992421|29a|Rx|d|8|00000000000005FA
8.992421|2b7|Rx|d|5|00E0FFFE00
8.992421|350|Rx|d|8|C22F3AF01414A485
8.992421|666|Rx|d|4|34000008
8.992421|1b0|Rx|d|4|FF00FFC0
8.992421|4de|Rx|d|3|C00000
8.992421|55d|Rx|d|8|00FC50C090800000
8.992421|4f8|Rx|d|8|94C0000000000000
8.992421|211|Rx|d|8|8200FFFFA90000CC
8.992421|214|Rx|d|2|0000
8.992421|12e|Rx|d|8|CB7FFF7FF0FFFF00
8.992421|90|Rx|d|5|FF000B7100
8.992421|c6|Rx|d|8|803D80007FE3B6AA
8.992421|242|Rx|d|8|1280FFFFFFFFFD00
8.992421|29c|Rx|d|8|00000000FFFF0000
8.992421|354|Rx|d|8|0000000000000000
8.992421|6fb|Rx|d|8|0F03FF00FF0000FF
9.025675|12e|Rx|d|8|CB7FFF7FF0FFFF00
9.025675|90|Rx|d|5|FF000C8800
9.025675|c6|Rx|d|8|803D80007FE3B8A8
9.025675|29a|Rx|d|8|00000000000006F9
9.025675|2b7|Rx|d|5|00E0FFFE00
9.025675|1b0|Rx|d|4|FF00FFC0
9.025675|5de|Rx|d|8|0000000000000002
9.025675|3b7|Rx|d|6|00007FC000C0
9.025675|211|Rx|d|8|8200FFFFA90000CC
9.025675|214|Rx|d|2|0000
9.025675|12e|Rx|d|8|CA80007FF0FFFF00
9.025675|90|Rx|d|5|FF000DC400
9.025675|c6|Rx|d|8|803D80007FE3BAA6
9.025675|242|Rx|d|8|1280FFFFFFFFFD00
9.025675|29c|Rx|d|8|00000000FFFF0000
9.025675|352|Rx|d|4|5C0000FF
9.025675|5df|Rx|d|3|009500
9.025675|646|Rx|d|8|000000020000000C
9.025675|12e|Rx|d|8|CA80007FF0FFFF00
9.025675|90|Rx|d|5|FF000E1000
9.025675|c6|Rx|d|8|803D80007FE3BCA4
9.025675|29a|Rx|d|8|00000000000007F8
9.025675|2b7|Rx|d|5|00E0FFFE00
9.025675|1b0|Rx|d|4|FF00FFC0
9.025675|657|Rx|d|2|C0CC
9.025675|5ce|Rx|d|3|FEFF00
9.025675|211|Rx|d|8|8200FFFFA90000CC
9.025675|214|Rx|d|2|0000
9.025675|218|Rx|d|1|98
9.025675|4fa|Rx|d|2|0800
9.025675|671|Rx|d|2|0200
9.025675|392|Rx|d|5|0006000000
9.025675|668|Rx|d|2|8000
9.025675|12e|Rx|d|8|C97FFF7FF0FFFF00
9.025675|90|Rx|d|5|FF000F5C00
9.031037|c6|Rx|d|8|803D80007FE3BEA2
9.031037|242|Rx|d|8|1280FFFFFFFFFD00
9.031037|29c|Rx|d|8|00000000FFFF0000
9.031037|354|Rx|d|8|0000000000000000
9.031037|4ac|Rx|d|5|83712A0080
9.031037|45c|Rx|d|6|00000000FFE0
9.031037|6af|Rx|d|5|0000000000
9.037032|12e|Rx|d|8|C97FFF7FF0FFFF00
9.037032|90|Rx|d|5|FF0000FF00
9.039031|c6|Rx|d|8|803D80007FE3A0C0
9.039031|29a|Rx|d|8|00000000000008F7
9.039031|2b7|Rx|d|5|00E0FFFE00
9.039031|1b0|Rx|d|4|FF00FFC0
9.039031|211|Rx|d|8|8200FFFFA90000CC
9.039031|214|Rx|d|2|0000
9.049024|12e|Rx|d|8|CA80007FF0FFFF00
9.049024|90|Rx|d|5|FF0001B300
9.049024|c6|Rx|d|8|803D80007FE3A2BE
9.049024|242|Rx|d|8|1280FFFFFFFFFD00
9.049024|29c|Rx|d|8|00000000FFFF0000
9.049024|352|Rx|d|4|5C0000FF
9.059019|12e|Rx|d|8|CA80007FF0FFFF00
9.059019|90|Rx|d|5|FF00026700
9.059019|c6|Rx|d|8|803D80007FE3A4BC
9.059019|29a|Rx|d|8|00000000000009F6
9.059019|2b7|Rx|d|5|00E0FFFE00
9.059019|5d7|Rx|d|7|000008125200C0
9.059019|1b0|Rx|d|4|FF00FFC0
9.061017|211|Rx|d|8|8200FFFFA90000CC
9.061017|214|Rx|d|2|0000
9.067015|12e|Rx|d|8|CA80007FF0FFFF00
9.067015|90|Rx|d|5|FF00032B00
9.069013|c6|Rx|d|8|803D80007FE3A6BA
9.069013|242|Rx|d|8|1280FFFFFFFFFD00
9.069013|29c|Rx|d|8|00000000FFFF0000
9.069013|354|Rx|d|8|0000000000000000
9.073010|392|Rx|d|5|0006000000
9.076846|12e|Rx|d|8|CA80007FF0FFFF00
9.076846|90|Rx|d|5|FF0004D200
9.079086|c6|Rx|d|8|803D80007FE3A8B8
9.079086|29a|Rx|d|8|0000000000000AF5
9.079086|2b7|Rx|d|5|00E0FFFE00
9.079086|666|Rx|d|4|34000008
9.079086|350|Rx|d|8|C22F3AF01414A485
9.079086|1b0|Rx|d|4|FF00FFC0
9.079086|4de|Rx|d|3|C00000
9.079086|55d|Rx|d|8|00FC50C090800000
9.081082|4f8|Rx|d|8|94C0000000000000
9.081082|211|Rx|d|8|8200FFFFA90000CC
9.081082|214|Rx|d|2|0000
9.089077|12e|Rx|d|8|CA80007FF0FFFF00
9.089077|90|Rx|d|5|FF00059E00
9.089077|c6|Rx|d|8|803D80007FE3AAB6
9.089077|242|Rx|d|8|1280FFFFFFFFFD00
9.089077|29c|Rx|d|8|00000000FFFF0000
9.089077|352|Rx|d|4|5C0000FF
9.097072|12e|Rx|d|8|CA80007FF0FFFF00
9.097072|90|Rx|d|5|FF00064A00
9.097072|c6|Rx|d|8|803D80007FE3ACB4
9.097072|29a|Rx|d|8|0000000000000BF4
9.097072|2b7|Rx|d|5|00E0FFFE00
9.097072|1b0|Rx|d|4|FF00FFC0
9.097072|5de|Rx|d|8|0000000000000002
9.103068|3b7|Rx|d|6|00007FC000C0
9.103068|211|Rx|d|8|8200FFFFA90000CC
9.103068|214|Rx|d|2|0000
9.107066|12e|Rx|d|8|CA80007FF0FFFF00
9.107066|90|Rx|d|5|FF00070600
9.109066|c6|Rx|d|8|803D80007FE3AEB2
9.109066|242|Rx|d|8|1280FFFFFFFFFD00
9.109066|29c|Rx|d|8|00000000FFFF0000
9.109066|354|Rx|d|8|0000000000000000
9.109066|5df|Rx|d|3|009500
9.117059|12e|Rx|d|8|CA80007FF0FFFF00
9.117059|90|Rx|d|5|FF0008A500
9.119060|c6|Rx|d|8|803D80007FE3B0B0
9.119060|29a|Rx|d|8|0000000000000CF3
9.119060|2b7|Rx|d|5|00E0FFFE00
9.119060|1b0|Rx|d|4|FF00FFC0
9.119060|657|Rx|d|2|C0CC
9.123057|211|Rx|d|8|8200FFFFA90000CC
9.123057|214|Rx|d|2|0000
9.123057|218|Rx|d|1|98
9.123057|4fa|Rx|d|2|0800
9.123057|671|Rx|d|2|0200
9.123057|392|Rx|d|5|0006000000
9.123057|668|Rx|d|2|8000
9.157989|12e|Rx|d|8|CA80007FF0FFFF00
9.157989|90|Rx|d|5|FF0009E900
9.157989|c6|Rx|d|8|803D80007FE3B2AE
9.157989|242|Rx|d|8|1280FFFFFFFFFD00
9.157989|29c|Rx|d|8|00000000FFFF0000
9.157989|352|Rx|d|4|5C0000FF
9.157989|4ac|Rx|d|5|83712A0080
9.157989|45c|Rx|d|6|00000000FFE0
9.157989|6af|Rx|d|5|0000000000
9.157989|12e|Rx|d|8|CA80007FF0FFFF00
9.157989|90|Rx|d|5|FF000A3D00
9.157989|c6|Rx|d|8|803D80087FE3B4A4
9.157989|29a|Rx|d|8|0000000000000DF2
9.157989|2b7|Rx|d|5|00E0FFFE00
9.157989|1b0|Rx|d|4|FF00FFC0
9.157989|211|Rx|d|8|8200FFFFA90000CC
9.157989|214|Rx|d|2|0000
9.157989|12e|Rx|d|8|CA80007FF0FFFF00
9.157989|90|Rx|d|5|FF000B7100
9.157989|c6|Rx|d|8|803D7FF87FE3B6B3
9.157989|242|Rx|d|8|1280FFFFFFFFFD00
9.157989|29c|Rx|d|8|00000000FFFF0000
9.157989|354|Rx|d|8|0000000000000000
9.157989|12e|Rx|d|8|CA80007FF0FFFF00
9.157989|90|Rx|d|5|FF000C8800
9.157989|c6|Rx|d|8|803D80007FE3B8A8
9.157989|29a|Rx|d|8|0000000000000EF1
9.157989|2b7|Rx|d|5|00E0FFFE00
9.157989|5d7|Rx|d|7|000008125200C0
9.157989|1b0|Rx|d|4|FF00FFC0
9.192628|211|Rx|d|8|8200FFFFA90000CC
9.192628|214|Rx|d|2|0000
9.192628|12e|Rx|d|8|CA80007FF0FFFF00
9.192628|90|Rx|d|5|FF000DC400
9.192628|c6|Rx|d|8|803D80007FE3BAA6
9.192628|242|Rx|d|8|1280FFFFFFFFFD00
9.192628|29c|Rx|d|8|00000000FFFF0000
9.192628|352|Rx|d|4|5C0000FF
9.192628|392|Rx|d|5|0006000000
9.192628|12e|Rx|d|8|CA80007FF0FFFF00
9.192628|90|Rx|d|5|FF000E1000
9.192628|c6|Rx|d|8|803D80007FE3BCA4
9.192628|29a|Rx|d|8|0000000000000FF0
9.192628|2b7|Rx|d|5|00E0FFFE00
9.192628|350|Rx|d|8|C22F3AF01414A485
9.192628|666|Rx|d|4|34000008
9.192628|1b0|Rx|d|4|FF00FFC0
9.192628|4de|Rx|d|3|C00000
9.192628|55d|Rx|d|8|00FC50C090800000
9.192628|4f8|Rx|d|8|94C0000000000000
9.192628|211|Rx|d|8|8200FFFFA90000CC
9.192628|214|Rx|d|2|0000
9.192628|12e|Rx|d|8|CA80007FF0FFFF00
9.192628|90|Rx|d|5|FF000F5C00
9.192628|c6|Rx|d|8|803D80007FE3BEA2
9.192628|242|Rx|d|8|1280FFFFFFFFFD00
9.192628|29c|Rx|d|8|00000000FFFF0000
9.192628|354|Rx|d|8|0000000000000000
9.225991|12e|Rx|d|8|CA80007FF0FFFF00
9.225991|90|Rx|d|5|FF0000FF00
9.225991|c6|Rx|d|8|803D80007FE3A0C0
9.225991|29a|Rx|d|8|00000000000000FF
9.225991|2b7|Rx|d|5|00E0FFFE00
9.225991|1b0|Rx|d|4|FF00FFC0
9.225991|5de|Rx|d|8|0000000000000002
9.225991|3b7|Rx|d|6|00007FC000C0
9.225991|211|Rx|d|8|8200FFFFA90000CC
9.225991|214|Rx|d|2|0000
9.225991|12e|Rx|d|8|CA80007FF0FFFF00
9.225991|90|Rx|d|5|FF0001B300
9.225991|c6|Rx|d|8|803D80007FE3A2BE
9.225991|242|Rx|d|8|1280FFFFFFFFFD00
9.225991|29c|Rx|d|8|00000000FFFF0000
9.225991|352|Rx|d|4|5C0000FF
9.225991|5df|Rx|d|3|009500
9.225991|12e|Rx|d|8|CA80007FF0FFFF00
9.225991|90|Rx|d|5|FF00026700
9.225991|c6|Rx|d|8|803D80007FE3A4BC
9.225991|29a|Rx|d|8|00000000000001FE
9.225991|2b7|Rx|d|5|00E0FFFE00
9.225991|1b0|Rx|d|4|FF00FFC0
9.225991|657|Rx|d|2|C0CC
9.225991|69f|Rx|d|4|0650859F
9.225991|211|Rx|d|8|8200FFFFA90000CC
9.225991|214|Rx|d|2|0000
9.225991|218|Rx|d|1|98
9.225991|4fa|Rx|d|2|0800
9.225991|671|Rx|d|2|0200
9.225991|392|Rx|d|5|0006000000
9.225991|668|Rx|d|2|8000
9.225991|699|Rx|d|8|00000200BF000000
9.228285|12e|Rx|d|8|CB80007FF0FFFF00
9.228285|90|Rx|d|5|FF00032B00
9.228285|c6|Rx|d|8|803D80007FE3A6BA
9.228285|242|Rx|d|8|1280FFFFFFFFFD00
9.228285|29c|Rx|d|8|00000000FFFF0000
9.228285|354|Rx|d|8|0000000000000000
9.228285|4ac|Rx|d|5|83712A0080
9.228285|45c|Rx|d|6|00000000FFE0
9.234282|6af|Rx|d|5|0000000000
9.240278|12e|Rx|d|8|CB80007FF0FFFF00
9.240278|90|Rx|d|5|FF0004D200
9.240278|c6|Rx|d|8|803D80007FE3A8B8
9.240278|29a|Rx|d|8|00000000000002FD
9.240278|2b7|Rx|d|5|00E0FFFE00
9.240278|1b0|Rx|d|4|FF00FFC0
9.242276|211|Rx|d|8|8200FFFFA90000CC
9.242276|214|Rx|d|2|0000
9.248272|12e|Rx|d|8|CA80007FF0FFFF00
9.248272|90|Rx|d|5|FF00059E00
9.248272|c6|Rx|d|8|803D80007FE3AAB6
9.248272|242|Rx|d|8|1280FFFFFFFFFD00
9.248272|29c|Rx|d|8|00000000FFFF0000
9.248272|352|Rx|d|4|5C0000FF
9.258268|12e|Rx|d|8|CA80007FF0FFFF00
9.258268|90|Rx|d|5|FF00064A00
9.258268|c6|Rx|d|8|803D80007FE3ACB4
9.258268|29a|Rx|d|8|00000000000003FC
9.260264|2b7|Rx|d|5|00E0FFFE00
9.260264|1b0|Rx|d|4|FF00FFC0
9.260264|5d7|Rx|d|7|000008125200C0
9.260264|211|Rx|d|8|8200FFFFA90000CC
9.260264|214|Rx|d|2|0000
9.268259|12e|Rx|d|8|CA80007FF0FFFF00
9.268259|90|Rx|d|5|FF00070600
9.268259|c6|Rx|d|8|803D80007FE3AEB2
9.268259|242|Rx|d|8|1280FFFFFFFFFD00
9.268259|29c|Rx|d|8|00000000FFFF0000
9.268259|354|Rx|d|8|0000000000000000
9.274256|392|Rx|d|5|0006000000
9.308276|12e|Rx|d|8|CA80007FF0FFFF00
9.308276|90|Rx|d|5|FF0008A500
9.308276|c6|Rx|d|8|803D80007FE3B0B0
9.308276|29a|Rx|d|8|00000000000004FB
9.308276|2b7|Rx|d|5|00E0FFFE00
9.308276|350|Rx|d|8|C22F3AF01414A485
9.308276|666|Rx|d|4|34000008
9.308276|1b0|Rx|d|4|FF00FFC0
9.308276|4de|Rx|d|3|C00000
9.308276|55d|Rx|d|8|00FC50C090800000
9.308276|4f8|Rx|d|8|94C0000000000000
9.308276|211|Rx|d|8|8200FFFFA90000CC
9.308276|214|Rx|d|2|0000
9.308276|12e|Rx|d|8|CA80007FF0FFFF00
9.308276|90|Rx|d|5|FF0009E900
9.308276|c6|Rx|d|8|803D80007FE3B2AE
9.308276|242|Rx|d|8|1280FFFFFFFFFD00
9.308276|29c|Rx|d|8|00000000FFFF0000
9.308276|352|Rx|d|4|5C0000FF
9.308276|12e|Rx|d|8|CA80007FF0FFFF00
9.308276|90|Rx|d|5|FF000A3D00
9.308276|c6|Rx|d|8|803D80087FE3B4A4
9.308276|29a|Rx|d|8|00000000000005FA
9.308276|2b7|Rx|d|5|00E0FFFE00
9.308276|1b0|Rx|d|4|FF00FFC0
9.308276|5de|Rx|d|8|0000000000000002
9.308276|3b7|Rx|d|6|00007FC000C0
9.308276|211|Rx|d|8|8200FFFFA90000CC
9.308276|214|Rx|d|2|0000
9.308276|12e|Rx|d|8|CA80007FF0FFFF00
9.308276|90|Rx|d|5|FF000B7100
9.308276|c6|Rx|d|8|803D7FF87FE3B6B3
9.308276|242|Rx|d|8|1280FFFFFFFFFD00
9.308276|29c|Rx|d|8|00000000FFFF0000
9.308276|354|Rx|d|8|0000000000000000
9.308276|5df|Rx|d|3|009500
9.344670|12e|Rx|d|8|CA80007FF0FFFF00
9.344670|90|Rx|d|5|FF000C8800
9.344670|c6|Rx|d|8|803D80007FE3B8A8
9.344670|29a|Rx|d|8|00000000000006F9
9.344670|2b7|Rx|d|5|00E0FFFE00
9.344670|1b0|Rx|d|4|FF00FFC0
9.344670|657|Rx|d|2|C0CC
9.344670|211|Rx|d|8|8200FFFFA90000CC
9.344670|214|Rx|d|2|0000
9.344670|218|Rx|d|1|98
9.344670|4fa|Rx|d|2|0800
9.344670|671|Rx|d|2|0200
9.344670|392|Rx|d|5|0006000000
9.344670|668|Rx|d|2|8000
9.344670|12e|Rx|d|8|CB80007FF0FFFF00
9.344670|90|Rx|d|5|FF000DC400
9.344670|c6|Rx|d|8|803D80007FE3BAA6
9.344670|242|Rx|d|8|1280FFFFFFFFFD00
9.344670|29c|Rx|d|8|00000000FFFF0000
9.344670|352|Rx|d|4|5C0000FF
9.344670|4ac|Rx|d|5|83712A0080
9.344670|45c|Rx|d|6|00000000FFE0
9.344670|6af|Rx|d|5|0000000000
9.344670|12e|Rx|d|8|CB80007FF0FFFF00
9.344670|90|Rx|d|5|FF000E1000
9.344670|c6|Rx|d|8|803D80007FE3BCA4
9.344670|29a|Rx|d|8|00000000000007F8
9.344670|2b7|Rx|d|5|00E0FFFE00
9.344670|1b0|Rx|d|4|FF00FFC0
9.344670|211|Rx|d|8|8200FFFFA90000CC
9.344670|214|Rx|d|2|0000
9.344670|12e|Rx|d|8|CA80007FF0FFFF00
9.379499|90|Rx|d|5|FF000F5C00
9.379499|c6|Rx|d|8|803D80007FE3BEA2
9.379499|242|Rx|d|8|1280FFFFFFFFFD00
9.379499|29c|Rx|d|8|00000000FFFF0000
9.379499|354|Rx|d|8|0000000000000000
9.379499|12e|Rx|d|8|CA80007FF0FFFF00
9.379499|90|Rx|d|5|FF0000FF00
9.379499|c6|Rx|d|8|803D80007FE3A0C0
9.379499|29a|Rx|d|8|00000000000008F7
9.379499|2b7|Rx|d|5|00E0FFFE00
9.379499|1b0|Rx|d|4|FF00FFC0
9.379499|5d7|Rx|d|7|000008125200C0
9.379499|211|Rx|d|8|8200FFFFA90000CC
9.379499|214|Rx|d|2|0000
9.379499|12e|Rx|d|8|CA80007FF0FFFF00
9.379499|90|Rx|d|5|FF0001B300
9.379499|c6|Rx|d|8|803D80007FE3A2BE
9.379499|242|Rx|d|8|1280FFFFFFFFFD00
9.379499|29c|Rx|d|8|00000000FFFF0000
9.379499|352|Rx|d|4|5C0000FF
9.379499|392|Rx|d|5|0006000000
9.381705|12e|Rx|d|8|CA80007FF0FFFF00
9.381705|90|Rx|d|5|FF00026700
9.381705|c6|Rx|d|8|803D80007FE3A4BC
9.381705|29a|Rx|d|8|00000000000009F6
9.381705|2b7|Rx|d|5|00E0FFFE00
9.381705|350|Rx|d|8|C22F3AF01414A485
9.381705|666|Rx|d|4|34000008
9.381705|1b0|Rx|d|4|FF00FFC0
9.381705|4de|Rx|d|3|C00000
9.381705|55d|Rx|d|8|00FC50C090800000
9.381705|4f8|Rx|d|8|94C0000000000000
9.381705|211|Rx|d|8|8200FFFFA90000CC
9.381705|214|Rx|d|2|0000
9.389701|12e|Rx|d|8|CB80007FF0FFFF00
9.389701|90|Rx|d|5|FF00032B00
9.389701|c6|Rx|d|8|803D80007FE3A6BA
9.389701|242|Rx|d|8|1280FFFFFFFFFD00
9.389701|29c|Rx|d|8|00000000FFFF0000
9.389701|354|Rx|d|8|0000000000000000
9.397693|12e|Rx|d|8|CB80007FF0FFFF00
9.397693|90|Rx|d|5|FF0004D200
9.399692|c6|Rx|d|8|803D80007FE3A8B8
9.399692|29a|Rx|d|8|0000000000000AF5
9.399692|2b7|Rx|d|5|00E0FFFE00
9.399692|1b0|Rx|d|4|FF00FFC0
9.399692|5de|Rx|d|8|0000000000000002
9.399692|3b7|Rx|d|6|00007FC000C0
9.399692|211|Rx|d|8|8200FFFFA90000CC
9.399692|214|Rx|d|2|0000
9.409685|12e|Rx|d|8|CB80007FF0FFFF00
9.409685|90|Rx|d|5|FF00059E00
9.409685|c6|Rx|d|8|803D80007FE3AAB6
9.409685|242|Rx|d|8|1280FFFFFFFFFD00
9.409685|29c|Rx|d|8|00000000FFFF0000
9.409685|352|Rx|d|4|5C0000FF
9.409685|5df|Rx|d|3|009500
9.417680|12e|Rx|d|8|CB80007FF0FFFF00
9.417680|90|Rx|d|5|FF00064A00
9.419681|c6|Rx|d|8|803D80007FE3ACB4
9.419681|29a|Rx|d|8|0000000000000BF4
9.419681|2b7|Rx|d|5|00E0FFFE00
9.419681|1b0|Rx|d|4|FF00FFC0
9.419681|657|Rx|d|2|C0CC
9.423677|211|Rx|d|8|8200FFFFA90000CC
9.423677|214|Rx|d|2|0000
9.423677|218|Rx|d|1|98
9.423677|4fa|Rx|d|2|0800
9.423677|671|Rx|d|2|0200
9.423677|392|Rx|d|5|0006000000
9.423677|668|Rx|d|2|8000
9.427674|12e|Rx|d|8|CA80007FF0FFFF00
9.427674|90|Rx|d|5|FF00070600
9.427674|c6|Rx|d|8|803D80007FE3AEB2
9.427674|242|Rx|d|8|1280FFFFFFFFFD00
9.427674|29c|Rx|d|8|00000000FFFF0000
9.427674|354|Rx|d|8|0000000000000000
9.427674|4ac|Rx|d|5|83712A0080
9.427674|45c|Rx|d|6|00000000FFE0
9.460250|6af|Rx|d|5|0000000000
9.460250|12e|Rx|d|8|CA80007FF0FFFF00
9.460250|90|Rx|d|5|FF0008A500
9.460250|c6|Rx|d|8|803D80007FE3B0B0
9.460250|29a|Rx|d|8|0000000000000CF3
9.460250|2b7|Rx|d|5|00E0FFFE00
9.460250|1b0|Rx|d|4|FF00FFC0
9.460250|211|Rx|d|8|8200FFFFA90000CC
9.460250|214|Rx|d|2|0000
9.460250|12e|Rx|d|8|CA80007FF0FFFF00
9.460250|90|Rx|d|5|FF0009E900
9.460250|c6|Rx|d|8|803D80007FE3B2AE
9.460250|242|Rx|d|8|1280FFFFFFFFFD00
9.460250|29c|Rx|d|8|00000000FFFF0000
9.460250|352|Rx|d|4|5C0000FF
9.460250|12e|Rx|d|8|CA80007FF0FFFF00
9.460250|90|Rx|d|5|FF000A3D00
9.460250|c6|Rx|d|8|803D80007FE3B4AC
9.460250|29a|Rx|d|8|0000000000000DF2
9.460250|2b7|Rx|d|5|00E0FFFE00
9.460250|1b0|Rx|d|4|FF00FFC0
9.460250|5d7|Rx|d|7|000008125200C0
9.460250|211|Rx|d|8|8200FFFFA90000CC
9.460250|214|Rx|d|2|0000
9.495587|12e|Rx|d|8|CA80007FF0FFFF00
9.495587|90|Rx|d|5|FF000B7100
9.495587|c6|Rx|d|8|803D80007FE3B6AA
9.495587|242|Rx|d|8|1280FFFFFFFFFD00
9.495587|29c|Rx|d|8|00000000FFFF0000
9.495587|354|Rx|d|8|0000000000000000
9.495587|392|Rx|d|5|0006000000
9.495587|12e|Rx|d|8|CA80007FF0FFFF00
9.495587|90|Rx|d|5|FF000C8800
9.495587|c6|Rx|d|8|803D80007FE3B8A8
9.495587|29a|Rx|d|8|0000000000000EF1
9.495587|2b7|Rx|d|5|00E0FFFE00
9.495587|350|Rx|d|8|C22F3AF01414A485
9.495587|666|Rx|d|4|34000008
9.495587|1b0|Rx|d|4|FF00FFC0
9.495587|4de|Rx|d|3|C00000
9.495587|55d|Rx|d|8|00FC50C090800000
9.495587|4f8|Rx|d|8|94C0000000000000
9.495587|211|Rx|d|8|8200FFFFA90000CC
9.495587|214|Rx|d|2|0000
9.511214|12e|Rx|d|8|CA80017FF0FFFF00
9.511214|90|Rx|d|5|FF000DC400
9.511214|c6|Rx|d|8|803D80007FE3BAA6
9.511214|242|Rx|d|8|1280FFFFFFFFFD00
9.511214|29c|Rx|d|8|00000000FFFF0000
9.511214|352|Rx|d|4|5C0000FF
9.511214|12e|Rx|d|8|CA80017FF0FFFF00
9.511214|90|Rx|d|5|FF000E1000
9.511214|c6|Rx|d|8|803D80087FE3BC9C
9.511214|29a|Rx|d|8|0000000000000FF0
9.511214|2b7|Rx|d|5|00E0FFFE00
9.511214|1b0|Rx|d|4|FF00FFC0
9.511214|5de|Rx|d|8|0000000000000002
9.511214|3b7|Rx|d|6|00007FC000C0
9.511214|211|Rx|d|8|8200FFFFA90000CC
9.511214|214|Rx|d|2|0000
9.511214|12e|Rx|d|8|CA80007FF0FFFF00
9.511214|90|Rx|d|5|FF000F5C00
9.511214|c6|Rx|d|8|803D80007FE3BEA2
9.511214|242|Rx|d|8|1280FFFFFFFFFD00
9.511214|29c|Rx|d|8|00000000FFFF0000
9.511214|354|Rx|d|8|0000000000000000
9.511214|5df|Rx|d|3|009500
9.511214|646|Rx|d|8|000000020000000C
9.544113|12e|Rx|d|8|CA80007FF0FFFF00
9.544113|90|Rx|d|5|FF0000FF00
9.544113|c6|Rx|d|8|803D7FF87FE3A0C9
9.544113|29a|Rx|d|8|00000000000000FF
9.544113|2b7|Rx|d|5|00E0FFFE00
9.544113|1b0|Rx|d|4|FF00FFC0
9.544113|657|Rx|d|2|C0CC
9.544113|211|Rx|d|8|8200FFFFA90000CC
9.544113|214|Rx|d|2|0000
9.544113|218|Rx|d|1|98
9.544113|4fa|Rx|d|2|0800
9.544113|671|Rx|d|2|0200
9.544113|392|Rx|d|5|0006000000
9.544113|668|Rx|d|2|8000
9.544113|12e|Rx|d|8|CA80007FF0FFFF00
9.544113|90|Rx|d|5|FF0001B300
9.544113|c6|Rx|d|8|803D80087FE3A2B6
9.544113|242|Rx|d|8|1280FFFFFFFFFD00
9.544113|29c|Rx|d|8|00000000FFFF0000
9.544113|352|Rx|d|4|5C0000FF
9.544113|4ac|Rx|d|5|83712A0080
9.544113|45c|Rx|d|6|00000000FFE0
9.559736|6af|Rx|d|5|0000000000
9.559736|12e|Rx|d|8|CA80007FF0FFFF00
9.559736|90|Rx|d|5|FF00026700
9.559736|c6|Rx|d|8|803D7FF87FE3A4C5
9.559736|29a|Rx|d|8|00000000000001FE
9.559736|2b7|Rx|d|5|00E0FFFE00
9.559736|1b0|Rx|d|4|FF00FFC0
9.559736|211|Rx|d|8|8200FFFFA90000CC
9.559736|214|Rx|d|2|0000
9.559736|12e|Rx|d|8|CA7FFF7FF0FFFF00
9.559736|90|Rx|d|5|FF00032B00
9.559736|c6|Rx|d|8|803D80087FE3A6B2
9.559736|242|Rx|d|8|1280FFFFFFFFFD00
9.559736|29c|Rx|d|8|00000000FFFF0000
9.559736|354|Rx|d|8|0000000000000000
9.559736|12e|Rx|d|8|CA7FFF7FF0FFFF00
9.559736|90|Rx|d|5|FF0004D200
9.559736|c6|Rx|d|8|803D7FF87FE3A8C1
9.559736|29a|Rx|d|8|00000000000002FD
9.559736|2b7|Rx|d|5|00E0FFFE00
9.559736|1b0|Rx|d|4|FF00FFC0
9.559736|5d7|Rx|d|7|000008125200C0
9.559736|211|Rx|d|8|8200FFFFA90000CC
9.559736|214|Rx|d|2|0000
9.592980|12e|Rx|d|8|CA80007FF0FFFF00
9.592980|90|Rx|d|5|FF00059E00
9.592980|c6|Rx|d|8|803D80087FE3AAAE
9.592980|242|Rx|d|8|1280FFFFFFFFFD00
9.592980|29c|Rx|d|8|00000000FFFF0000
9.592980|352|Rx|d|4|5C0000FF
9.592980|392|Rx|d|5|0006000000
9.592980|12e|Rx|d|8|CA80007FF0FFFF00
9.592980|90|Rx|d|5|FF00064A00
9.592980|c6|Rx|d|8|803D7FF87FE3ACBD
9.592980|29a|Rx|d|8|00000000000003FC
9.592980|2b7|Rx|d|5|00E0FFFE00
9.592980|350|Rx|d|8|C22F3AF01414A485
9.592980|666|Rx|d|4|34000008
9.592980|1b0|Rx|d|4|FF00FFC0
9.592980|4de|Rx|d|3|C00000
9.592980|55d|Rx|d|8|00FC50C090800000
9.608603|4f8|Rx|d|8|94C0000000000000
9.608603|211|Rx|d|8|8200FFFFA90000CC
9.608603|214|Rx|d|2|0000
9.608603|12e|Rx|d|8|C980007FF0FFFF00
9.608603|90|Rx|d|5|FF00070600
9.608603|c6|Rx|d|8|803D80087FE3AEAA
9.608603|242|Rx|d|8|1280FFFFFFFFFD00
9.608603|29c|Rx|d|8|00000000FFFF0000
9.608603|354|Rx|d|8|0000000000000000
9.608603|12e|Rx|d|8|C980007FF0FFFF00
9.608603|90|Rx|d|5|FF0008A500
9.608603|c6|Rx|d|8|803D7FF87FE3B0B9
9.608603|29a|Rx|d|8|00000000000004FB
9.608603|2b7|Rx|d|5|00E0FFFE00
9.608603|1b0|Rx|d|4|FF00FFC0
9.608603|5de|Rx|d|8|0000000000000002
9.608603|3b7|Rx|d|6|00007FC000C0
9.608603|211|Rx|d|8|8200FFFFA90000CC
9.608603|214|Rx|d|2|0000
9.608603|12e|Rx|d|8|CA80007FF0FFFF00
9.608603|90|Rx|d|5|FF0009E900
9.608603|c6|Rx|d|8|803D80007FE3B2AE
9.608603|242|Rx|d|8|1280FFFFFFFFFD00
9.608603|29c|Rx|d|8|00000000FFFF0000
9.608603|352|Rx|d|4|5C0000FF
9.608603|5df|Rx|d|3|009500
9.642675|12e|Rx|d|8|CA80007FF0FFFF00
9.642675|90|Rx|d|5|FF000A3D00
9.642675|c6|Rx|d|8|803D80007FE3B4AC
9.642675|29a|Rx|d|8|00000000000005FA
9.642675|2b7|Rx|d|5|00E0FFFE00
9.642675|1b0|Rx|d|4|FF00FFC0
9.642675|657|Rx|d|2|C0CC
9.642675|211|Rx|d|8|8200FFFFA90000CC
9.642675|214|Rx|d|2|0000
9.642675|218|Rx|d|1|98
9.642675|4fa|Rx|d|2|0800
9.642675|671|Rx|d|2|0200
9.642675|392|Rx|d|5|0006000000
9.642675|668|Rx|d|2|8000
9.642675|12e|Rx|d|8|CA80007FF0FFFF00
9.642675|90|Rx|d|5|FF000B7100
9.642675|c6|Rx|d|8|803D80007FE3B6AA
9.642675|242|Rx|d|8|1280FFFFFFFFFD00
9.642675|29c|Rx|d|8|00000000FFFF0000
9.642675|354|Rx|d|8|0000000000000000
9.642675|4ac|Rx|d|5|83712A0080
9.642675|45c|Rx|d|6|00000000FFE0
9.642675|6af|Rx|d|5|0000000000
9.642675|12e|Rx|d|8|CA80007FF0FFFF00
9.642675|90|Rx|d|5|FF000C8800
9.642675|c6|Rx|d|8|803D80007FE3B8A8
9.642675|29a|Rx|d|8|00000000000006F9
9.642675|2b7|Rx|d|5|00E0FFFE00
9.642675|1b0|Rx|d|4|FF00FFC0
9.642675|211|Rx|d|8|8200FFFFA90000CC
9.642675|214|Rx|d|2|0000
9.676162|12e|Rx|d|8|C980007FF0FFFF00
9.676162|90|Rx|d|5|FF000DC400
9.676162|c6|Rx|d|8|803D80007FE3BAA6
9.676162|242|Rx|d|8|1280FFFFFFFFFD00
9.676162|29c|Rx|d|8|00000000FFFF0000
9.676162|352|Rx|d|4|5C0000FF
9.676162|12e|Rx|d|8|C980007FF0FFFF00
9.676162|90|Rx|d|5|FF000E1000
9.676162|c6|Rx|d|8|803D80007FE3BCA4
9.676162|29a|Rx|d|8|00000000000007F8
9.676162|2b7|Rx|d|5|00E0FFFE00
9.676162|1b0|Rx|d|4|FF00FFC0
9.676162|5d7|Rx|d|7|000008125200C0
9.676162|211|Rx|d|8|8200FFFFA90000CC
9.676162|214|Rx|d|2|0000
9.676162|12e|Rx|d|8|C980007FF0FFFF00
9.676162|90|Rx|d|5|FF000F5C00
9.676162|c6|Rx|d|8|803D80007FE3BEA2
9.676162|242|Rx|d|8|1280FFFFFFFFFD00
9.676162|29c|Rx|d|8|00000000FFFF0000
9.676162|354|Rx|d|8|0000000000000000
9.676162|392|Rx|d|5|0006000000
9.678541|12e|Rx|d|8|C980007FF0FFFF00
9.678541|90|Rx|d|5|FF0000FF00
9.678541|c6|Rx|d|8|803D80007FE3A0C0
9.678541|29a|Rx|d|8|00000000000008F7
9.678541|2b7|Rx|d|5|00E0FFFE00
9.678541|350|Rx|d|8|C22F3AF01414A485
9.678541|666|Rx|d|4|34000008
9.678541|1b0|Rx|d|4|FF00FFC0
9.678541|4de|Rx|d|3|C00000
9.678541|55d|Rx|d|8|00FC50C090800000
9.682538|4f8|Rx|d|8|94C0000000000000
9.682538|211|Rx|d|8|8200FFFFA90000CC
9.684537|214|Rx|d|2|0000
9.690533|12e|Rx|d|8|CA7FFF7FF0FFFF00
9.690533|90|Rx|d|5|FF0001B300
9.690533|c6|Rx|d|8|803D80007FE3A2BE
9.690533|242|Rx|d|8|1280FFFFFFFFFD00
9.690533|29c|Rx|d|8|00000000FFFF0000
9.690533|352|Rx|d|4|5C0000FF
9.698528|12e|Rx|d|8|CA7FFF7FF0FFFF00
9.698528|90|Rx|d|5|FF00026700
9.698528|c6|Rx|d|8|803D80007FE3A4BC
9.698528|29a|Rx|d|8|00000000000009F6
9.698528|2b7|Rx|d|5|00E0FFFE00
9.698528|1b0|Rx|d|4|FF00FFC0
9.698528|5de|Rx|d|8|0000000000000002
9.702527|3b7|Rx|d|6|00007FC000C0
9.702527|211|Rx|d|8|8200FFFFA90000CC
9.702527|214|Rx|d|2|0000
9.708522|12e|Rx|d|8|CA80007FF0FFFF00
9.708522|90|Rx|d|5|FF00032B00
9.708522|c6|Rx|d|8|803D80007FE3A6BA
9.708522|242|Rx|d|8|1280FFFFFFFFFD00
9.708522|29c|Rx|d|8|00000000FFFF0000
9.708522|354|Rx|d|8|0000000000000000
9.708522|5df|Rx|d|3|009500
9.718516|12e|Rx|d|8|CA80007FF0FFFF00
9.718516|90|Rx|d|5|FF0004D200
9.718516|c6|Rx|d|8|803D80007FE3A8B8
9.718516|29a|Rx|d|8|0000000000000AF5
9.718516|2b7|Rx|d|5|00E0FFFE00
9.718516|1b0|Rx|d|4|FF00FFC0
9.718516|657|Rx|d|2|C0CC
9.720515|211|Rx|d|8|8200FFFFA90000CC
9.720515|214|Rx|d|2|0000
9.720515|218|Rx|d|1|98
9.720515|4fa|Rx|d|2|0800
9.720515|671|Rx|d|2|0200
9.726511|392|Rx|d|5|0006000000
9.726511|668|Rx|d|2|8000
9.728012|12e|Rx|d|8|CA80007FF0FFFF00
9.728012|90|Rx|d|5|FF00059E00
9.728012|c6|Rx|d|8|803D80007FE3AAB6
9.728012|242|Rx|d|8|1280FFFFFFFFFD00
9.728012|29c|Rx|d|8|00000000FFFF0000
9.728012|352|Rx|d|4|5C0000FF
9.728012|4ac|Rx|d|5|83712A0080
9.728012|45c|Rx|d|6|00000000FFE0
9.732250|6af|Rx|d|5|0000000000
9.738244|12e|Rx|d|8|CA80007FF0FFFF00
9.738244|90|Rx|d|5|FF00064A00
9.738244|c6|Rx|d|8|803D80007FE3ACB4
9.738244|29a|Rx|d|8|0000000000000BF4
9.738244|2b7|Rx|d|5|00E0FFFE00
9.738244|1b0|Rx|d|4|FF00FFC0
9.742242|211|Rx|d|8|8200FFFFA90000CC
9.742242|214|Rx|d|2|0000
9.748237|12e|Rx|d|8|CA80007FF0FFFF00
9.748237|90|Rx|d|5|FF00070600
9.748237|c6|Rx|d|8|803D80007FE3AEB2
9.748237|242|Rx|d|8|1280FFFFFFFFFD00
9.748237|29c|Rx|d|8|00000000FFFF0000
9.748237|354|Rx|d|8|0000000000000000
9.758239|12e|Rx|d|8|CA80007FF0FFFF00
9.758239|90|Rx|d|5|FF0008A500
9.758239|c6|Rx|d|8|803D80007FE3B0B0
9.758239|29a|Rx|d|8|0000000000000CF3
9.760232|1b0|Rx|d|4|FF00FFC0
9.760232|2b7|Rx|d|5|00E0FFFE00
9.760232|5d7|Rx|d|7|000008125200C0
9.760232|211|Rx|d|8|8200FFFFA90000CC
9.760232|214|Rx|d|2|0000
9.768226|12e|Rx|d|8|CA80007FF0FFFF00
9.768226|90|Rx|d|5|FF0009E900
9.768226|c6|Rx|d|8|803D80007FE3B2AE
9.768226|242|Rx|d|8|1280FFFFFFFFFD00
9.768226|29c|Rx|d|8|00000000FFFF0000
9.768226|352|Rx|d|4|5C0000FF
9.774223|392|Rx|d|5|0006000000
9.777946|12e|Rx|d|8|CA80007FF0FFFF00
9.777946|90|Rx|d|5|FF000A3D00
9.777946|c6|Rx|d|8|803D80007FE3B4AC
9.777946|29a|Rx|d|8|0000000000000DF2
9.780221|2b7|Rx|d|5|00E0FFFE00
9.780221|350|Rx|d|8|C22F3AF01414A485
9.780221|666|Rx|d|4|34000008
9.780221|1b0|Rx|d|4|FF00FFC0
9.780221|4de|Rx|d|3|C00000
9.780221|55d|Rx|d|8|00FC50C090800000
9.780221|4f8|Rx|d|8|94C0000000000000
9.780221|211|Rx|d|8|8200FFFFA90000CC
9.780221|214|Rx|d|2|0000
9.788217|12e|Rx|d|8|CA80007FF0FFFF00
9.788217|90|Rx|d|5|FF000B7100
9.788217|c6|Rx|d|8|803D80007FE3B6AA
9.788217|242|Rx|d|8|1280FFFFFFFFFD00
9.790213|29c|Rx|d|8|00000000FFFF0000
9.790213|354|Rx|d|8|0000000000000000
9.798210|12e|Rx|d|8|CA80007FF0FFFF00
9.798210|90|Rx|d|5|FF000C8800
9.798210|c6|Rx|d|8|803D80007FE3B8A8
9.798210|29a|Rx|d|8|0000000000000EF1
9.798210|2b7|Rx|d|5|00E0FFFE00
9.798210|1b0|Rx|d|4|FF00FFC0
9.798210|5de|Rx|d|8|0000000000000002
9.802205|3b7|Rx|d|6|00007FC000C0
9.802205|211|Rx|d|8|8200FFFFA90000CC
9.802205|214|Rx|d|2|0000
9.808212|12e|Rx|d|8|CA7FFF7FF0FFFF00
9.808212|90|Rx|d|5|FF000DC400
9.808212|c6|Rx|d|8|803D80007FE3BAA6
9.808212|242|Rx|d|8|1280FFFFFFFFFD00
9.808212|29c|Rx|d|8|00000000FFFF0000
9.808212|352|Rx|d|4|5C0000FF
9.808212|5df|Rx|d|3|009500
9.818196|12e|Rx|d|8|CA7FFF7FF0FFFF00
9.818196|90|Rx|d|5|FF000E1000
9.818196|c6|Rx|d|8|803D80007FE3BCA4
9.818196|29a|Rx|d|8|0000000000000FF0
9.818196|1b0|Rx|d|4|FF00FFC0
9.818196|2b7|Rx|d|5|00E0FFFE00
9.818196|657|Rx|d|2|C0CC
9.824193|211|Rx|d|8|8200FFFFA90000CC
9.824193|214|Rx|d|2|0000
9.824193|218|Rx|d|1|98
9.824193|4fa|Rx|d|2|0800
9.824193|671|Rx|d|2|0200
9.824193|392|Rx|d|5|0006000000
9.824193|668|Rx|d|2|8000
9.828190|12e|Rx|d|8|CA80007FF0FFFF00
9.828190|90|Rx|d|5|FF000F5C00
9.828190|c6|Rx|d|8|803D80007FE3BEA2
9.828190|242|Rx|d|8|1280FFFFFFFFFD00
9.844085|29c|Rx|d|8|00000000FFFF0000
9.844085|354|Rx|d|8|0000000000000000
9.844085|4ac|Rx|d|5|83712A0080
9.844085|45c|Rx|d|6|00000000FFE0
9.844085|6af|Rx|d|5|0000000000
9.844085|12e|Rx|d|8|CA80007FF0FFFF00
9.844085|90|Rx|d|5|FF0000FF00
9.844085|c6|Rx|d|8|803D80007FE3A0C0
9.844085|29a|Rx|d|8|00000000000000FF
9.844085|1b0|Rx|d|4|FF00FFC0
9.844085|2b7|Rx|d|5|00E0FFFE00
9.844085|211|Rx|d|8|8200FFFFA90000CC
9.844085|214|Rx|d|2|0000
9.879694|12e|Rx|d|8|CA80007FF0FFFF00
9.879694|90|Rx|d|5|FF0001B300
9.879694|c6|Rx|d|8|803D80007FE3A2BE
9.879694|242|Rx|d|8|1280FFFFFFFFFD00
9.879694|29c|Rx|d|8|00000000FFFF0000
9.879694|352|Rx|d|4|5C0000FF
9.879694|12e|Rx|d|8|CA80007FF0FFFF00
9.879694|90|Rx|d|5|FF00026700
9.879694|c6|Rx|d|8|803D80087FE3A4B4
9.879694|29a|Rx|d|8|00000000000001FE
9.879694|1b0|Rx|d|4|FF00FFC0
9.879694|2b7|Rx|d|5|00E0FFFE00
9.879694|5d7|Rx|d|7|000008125200C0
9.879694|211|Rx|d|8|8200FFFFA90000CC
9.879694|214|Rx|d|2|0000
9.879694|12e|Rx|d|8|CA7FFF7FF0FFFF00
9.879694|90|Rx|d|5|FF00032B00
9.879694|c6|Rx|d|8|803D7FF87FE3A6C3
9.879694|242|Rx|d|8|1280FFFFFFFFFD00
9.879694|29c|Rx|d|8|00000000FFFF0000
9.879694|354|Rx|d|8|0000000000000000
9.879694|392|Rx|d|5|0006000000
9.881833|12e|Rx|d|8|CA7FFF7FF0FFFF00
9.881833|90|Rx|d|5|FF0004D200
9.881833|c6|Rx|d|8|803D80007FE3A8B8
9.881833|29a|Rx|d|8|00000000000002FD
9.881833|2b7|Rx|d|5|00E0FFFE00
9.881833|350|Rx|d|8|C22F3AF01414A485
9.881833|666|Rx|d|4|34000008
9.881833|1b0|Rx|d|4|FF00FFC0
9.881833|4de|Rx|d|3|C00000
9.881833|55d|Rx|d|8|00FC50C090800000
9.881833|4f8|Rx|d|8|94C0000000000000
9.881833|211|Rx|d|8|8200FFFFA90000CC
9.881833|214|Rx|d|2|0000
9.889827|12e|Rx|d|8|CA80007FF0FFFF00
9.889827|90|Rx|d|5|FF00059E00
9.889827|c6|Rx|d|8|803D80007FE3AAB6
9.889827|242|Rx|d|8|1280FFFFFFFFFD00
9.889827|29c|Rx|d|8|00000000FFFF0000
9.889827|352|Rx|d|4|5C0000FF
9.899822|12e|Rx|d|8|CA80007FF0FFFF00
9.899822|90|Rx|d|5|FF00064A00
9.899822|c6|Rx|d|8|803D80007FE3ACB4
9.899822|29a|Rx|d|8|00000000000003FC
9.899822|1b0|Rx|d|4|FF00FFC0
9.899822|2b7|Rx|d|5|00E0FFFE00
9.899822|5de|Rx|d|8|0000000000000002
9.901821|3b7|Rx|d|6|00007FC000C0
9.901821|211|Rx|d|8|8200FFFFA90000CC
9.901821|214|Rx|d|2|0000
9.909816|12e|Rx|d|8|CA80007FF0FFFF00
9.909816|90|Rx|d|5|FF00070600
9.909816|c6|Rx|d|8|803D80087FE3AEAA
9.909816|242|Rx|d|8|1280FFFFFFFFFD00
9.909816|29c|Rx|d|8|00000000FFFF0000
9.909816|354|Rx|d|8|0000000000000000
9.909816|5df|Rx|d|3|009500
9.917809|12e|Rx|d|8|CA80007FF0FFFF00
9.917809|90|Rx|d|5|FF0008A500
9.917809|c6|Rx|d|8|803D7FF87FE3B0B9
9.917809|29a|Rx|d|8|00000000000004FB
9.917809|2b7|Rx|d|5|00E0FFFE00
9.917809|1b0|Rx|d|4|FF00FFC0
9.917809|657|Rx|d|2|C0CC
9.923806|211|Rx|d|8|8200FFFFA90000CC
9.923806|214|Rx|d|2|0000
9.923806|218|Rx|d|1|98
9.923806|4fa|Rx|d|2|0800
9.923806|671|Rx|d|2|0200
9.923806|392|Rx|d|5|0006000000
9.923806|668|Rx|d|2|8000
9.929802|12e|Rx|d|8|CA80007FF0FFFF00
9.929802|90|Rx|d|5|FF0009E900
9.929802|c6|Rx|d|8|803D80087FE3B2A6
9.929802|242|Rx|d|8|1280FFFFFFFFFD00
9.929802|29c|Rx|d|8|00000000FFFF0000
9.929802|352|Rx|d|4|5C0000FF
9.929802|4ac|Rx|d|5|83712A0080
9.929802|45c|Rx|d|6|00000000FFE0
9.946263|6af|Rx|d|5|0000000000
9.946263|12e|Rx|d|8|CA80007FF0FFFF00
9.946263|90|Rx|d|5|FF000A3D00
9.946263|c6|Rx|d|8|803D7FF87FE3B4B5
9.946263|29a|Rx|d|8|00000000000005FA
9.946263|1b0|Rx|d|4|FF00FFC0
9.946263|2b7|Rx|d|5|00E0FFFE00
9.946263|211|Rx|d|8|8200FFFFA90000CC
9.946263|214|Rx|d|2|0000
9.946263|12e|Rx|d|8|CA80007FF0FFFF00
9.946263|90|Rx|d|5|FF000B7100
9.946263|c6|Rx|d|8|803D80007FE3B6AA
9.946263|242|Rx|d|8|1280FFFFFFFFFD00
9.946263|29c|Rx|d|8|00000000FFFF0000
9.946263|354|Rx|d|8|0000000000000000
9.979912|12e|Rx|d|8|CA80007FF0FFFF00
9.979912|90|Rx|d|5|FF000C8800
9.979912|c6|Rx|d|8|803D80087FE3B8A0
9.979912|29a|Rx|d|8|00000000000006F9
9.979912|1b0|Rx|d|4|FF00FFC0
9.979912|2b7|Rx|d|5|00E0FFFE00
9.979912|5d7|Rx|d|7|000008125200C0
9.979912|211|Rx|d|8|8200FFFFA90000CC
9.979912|214|Rx|d|2|0000
9.979912|12e|Rx|d|8|CA80007FF0FFFF00
9.979912|90|Rx|d|5|FF000DC400
9.979912|c6|Rx|d|8|803D7FF87FE3BAAF
9.979912|242|Rx|d|8|1280FFFFFFFFFD00
9.979912|29c|Rx|d|8|00000000FFFF0000
9.979912|352|Rx|d|4|5C0000FF
9.979912|392|Rx|d|5|0006000000
9.979912|12e|Rx|d|8|CA80007FF0FFFF00
9.979912|90|Rx|d|5|FF000E1000
9.979912|c6|Rx|d|8|803D80007FE3BCA4
9.979912|29a|Rx|d|8|00000000000007F8
9.979912|2b7|Rx|d|5|00E0FFFE00
9.979912|350|Rx|d|8|C22F3AF01414A485
9.979912|666|Rx|d|4|34000008
9.979912|1b0|Rx|d|4|FF00FFC0
9.979912|4de|Rx|d|3|C00000
9.979912|55d|Rx|d|8|00FC50C090800000
9.982059|4f8|Rx|d|8|94C0000000000000
9.982059|211|Rx|d|8|8200FFFFA90000CC
9.982059|214|Rx|d|2|0000
9.988055|12e|Rx|d|8|CA80007FF0FFFF00
9.988055|90|Rx|d|5|FF000F5C00
9.988055|c6|Rx|d|8|803D80007FE3BEA2
9.988055|242|Rx|d|8|1280FFFFFFFFFD00
9.988055|29c|Rx|d|8|00000000FFFF0000
9.988055|354|Rx|d|8|0000000000000000
9.998049|12e|Rx|d|8|CA80007FF0FFFF00
9.998049|90|Rx|d|5|FF0000FF00
9.998049|c6|Rx|d|8|803D80007FE3A0C0
9.998049|29a|Rx|d|8|00000000000008F7
9.998049|1b0|Rx|d|4|FF00FFC0
9.998049|2b7|Rx|d|5|00E0FFFE00
9.998049|5de|Rx|d|8|0000000000000002
10.002046|3b7|Rx|d|6|00007FC000C0
10.002046|211|Rx|d|8|8200FFFFA90000CC
10.002046|214|Rx|d|2|0000
10.008043|12e|Rx|d|8|CA80017FF0FFFF00
10.008043|90|Rx|d|5|FF0001B300
10.008043|c6|Rx|d|8|803D80007FE3A2BE
10.008043|242|Rx|d|8|1280FFFFFFFFFD00
10.010043|29c|Rx|d|8|00000000FFFF0000
10.010043|352|Rx|d|4|5C0000FF
10.010043|5df|Rx|d|3|009500
10.012040|646|Rx|d|8|000000020000000C
10.018036|12e|Rx|d|8|CA80017FF0FFFF00
10.018036|90|Rx|d|5|FF00026700
10.018036|c6|Rx|d|8|803D80007FE3A4BC
10.018036|29a|Rx|d|8|00000000000009F6
10.018036|1b0|Rx|d|4|FF00FFC0
10.018036|2b7|Rx|d|5|00E0FFFE00
10.018036|657|Rx|d|2|C0CC
10.024032|211|Rx|d|8|8200FFFFA90000CC
10.024032|214|Rx|d|2|0000
10.024032|218|Rx|d|1|98
10.024032|4fa|Rx|d|2|0800
10.024032|671|Rx|d|2|0200
10.024032|392|Rx|d|5|0006000000
10.024032|668|Rx|d|2|8000
10.028030|12e|Rx|d|8|CA80007FF0FFFF00
10.028030|90|Rx|d|5|FF00032B00
10.028030|c6|Rx|d|8|803D80007FE3A6BA
10.028030|242|Rx|d|8|1280FFFFFFFFFD00
10.030028|29c|Rx|d|8|00000000FFFF0000
10.030028|354|Rx|d|8|0000000000000000
10.030028|4ac|Rx|d|5|83712A0080
10.030028|45c|Rx|d|6|00000000FFE0
10.030028|6af|Rx|d|5|0000000000
10.077738|12e|Rx|d|8|CA80007FF0FFFF00
10.077738|90|Rx|d|5|FF0004D200
10.077738|c6|Rx|d|8|803D80007FE3A8B8
10.077738|29a|Rx|d|8|0000000000000AF5
10.077738|1b0|Rx|d|4|FF00FFC0
10.077738|2b7|Rx|d|5|00E0FFFE00
10.077738|211|Rx|d|8|8200FFFFA90000CC
10.077738|214|Rx|d|2|0000
10.077738|12e|Rx|d|8|CA80007FF0FFFF00
10.077738|90|Rx|d|5|FF00059E00
10.077738|c6|Rx|d|8|803D80007FE3AAB6
10.077738|242|Rx|d|8|1280FFFFFFFFFD00
10.077738|29c|Rx|d|8|00000000FFFF0000
10.077738|352|Rx|d|4|5C0000FF
10.077738|12e|Rx|d|8|CA80007FF0FFFF00
10.077738|90|Rx|d|5|FF00064A00
10.077738|c6|Rx|d|8|803D80007FE3ACB4
10.077738|29a|Rx|d|8|0000000000000BF4
10.077738|1b0|Rx|d|4|FF00FFC0
10.077738|2b7|Rx|d|5|00E0FFFE00
10.077738|5d7|Rx|d|7|000008125200C0
10.077738|211|Rx|d|8|8200FFFFA90000CC
10.077738|214|Rx|d|2|0000
10.077738|12e|Rx|d|8|CA7FFF7FF0FFFF00
10.077738|90|Rx|d|5|FF00070600
10.077738|c6|Rx|d|8|803D80007FE3AEB2
10.077738|242|Rx|d|8|1280FFFFFFFFFD00
10.077738|29c|Rx|d|8|00000000FFFF0000
10.077738|354|Rx|d|8|0000000000000000
10.077738|392|Rx|d|5|0006000000
10.077738|12e|Rx|d|8|CA7FFF7FF0FFFF00
10.077738|90|Rx|d|5|FF0008A500
10.077738|c6|Rx|d|8|803D80007FE3B0B0
10.077738|29a|Rx|d|8|0000000000000CF3
10.077738|2b7|Rx|d|5|00E0FFFE00
10.077738|350|Rx|d|8|C22F3AF01414A485
10.077738|666|Rx|d|4|34000008
10.077738|1b0|Rx|d|4|FF00FFC0
10.077738|4de|Rx|d|3|C00000
10.077738|55d|Rx|d|8|00FC50C090800000
10.110964|4f8|Rx|d|8|94C0000000000000
10.110964|211|Rx|d|8|8200FFFFA90000CC
10.110964|214|Rx|d|2|0000
10.110964|12e|Rx|d|8|CA80007FF0FFFF00
10.110964|90|Rx|d|5|FF0009E900
10.110964|c6|Rx|d|8|803D80087FE3B2A6
10.110964|242|Rx|d|8|1280FFFFFFFFFD00
10.110964|29c|Rx|d|8|00000000FFFF0000
10.110964|352|Rx|d|4|5C0000FF
10.110964|12e|Rx|d|8|CA80007FF0FFFF00
10.110964|90|Rx|d|5|FF000A3D00
10.110964|c6|Rx|d|8|803D7FF87FE3B4B5
10.110964|29a|Rx|d|8|0000000000000DF2
10.110964|1b0|Rx|d|4|FF00FFC0
10.110964|2b7|Rx|d|5|00E0FFFE00
10.110964|5de|Rx|d|8|0000000000000002
10.110964|3b7|Rx|d|6|00007FC000C0
10.110964|211|Rx|d|8|8200FFFFA90000CC
10.110964|214|Rx|d|2|0000
10.110964|12e|Rx|d|8|CA80007FF0FFFF00
10.110964|90|Rx|d|5|FF000B7100
10.110964|c6|Rx|d|8|803D80007FE3B6AA
10.110964|242|Rx|d|8|1280FFFFFFFFFD00
10.110964|29c|Rx|d|8|00000000FFFF0000
10.110964|354|Rx|d|8|0000000000000000
10.110964|5df|Rx|d|3|009500
10.144476|12e|Rx|d|8|CA80007FF0FFFF00
10.144476|90|Rx|d|5|FF000C8800
10.144476|c6|Rx|d|8|803D80007FE3B8A8
10.144476|29a|Rx|d|8|0000000000000EF1
10.144476|1b0|Rx|d|4|FF00FFC0
10.144476|2b7|Rx|d|5|00E0FFFE00
10.144476|657|Rx|d|2|C0CC
10.144476|211|Rx|d|8|8200FFFFA90000CC
10.144476|214|Rx|d|2|0000
10.144476|218|Rx|d|1|98
10.144476|4fa|Rx|d|2|0800
10.144476|671|Rx|d|2|0200
10.144476|392|Rx|d|5|0006000000
10.144476|668|Rx|d|2|8000
10.144476|12e|Rx|d|8|CA80007FF0FFFF00
10.144476|90|Rx|d|5|FF000DC400
10.144476|c6|Rx|d|8|803D80007FE3BAA6
10.144476|242|Rx|d|8|1280FFFFFFFFFD00
10.144476|29c|Rx|d|8|00000000FFFF0000
10.144476|352|Rx|d|4|5C0000FF
10.144476|4ac|Rx|d|5|83712A0080
10.144476|45c|Rx|d|6|00000000FFE0
10.144476|6af|Rx|d|5|0000000000
10.144476|12e|Rx|d|8|CA80007FF0FFFF00
10.144476|90|Rx|d|5|FF000E1000
10.144476|c6|Rx|d|8|803D80007FE3BCA4
10.144476|29a|Rx|d|8|0000000000000FF0
10.144476|1b0|Rx|d|4|FF00FFC0
10.144476|2b7|Rx|d|5|00E0FFFE00
10.144476|211|Rx|d|8|8200FFFFA90000CC
10.144476|214|Rx|d|2|0000
10.144476|12e|Rx|d|8|CA80007FF0FFFF00
10.179365|90|Rx|d|5|FF000F5C00
10.179365|c6|Rx|d|8|803D80087FE3BE9A
10.179365|242|Rx|d|8|1280FFFFFFFFFD00
10.179365|29c|Rx|d|8|00000000FFFF0000
10.179365|354|Rx|d|8|0000000000000000
10.179365|12e|Rx|d|8|CA80007FF0FFFF00
10.179365|90|Rx|d|5|FF0000FF00
10.179365|c6|Rx|d|8|803D7FF87FE3A0C9
10.179365|29a|Rx|d|8|00000000000000FF
10.179365|1b0|Rx|d|4|FF00FFC0
10.179365|2b7|Rx|d|5|00E0FFFE00
10.179365|5d7|Rx|d|7|000008125200C0
10.179365|211|Rx|d|8|8200FFFFA90000CC
10.179365|214|Rx|d|2|0000
10.179365|12e|Rx|d|8|CA80007FF0FFFF00
10.179365|90|Rx|d|5|FF0001B300
10.179365|c6|Rx|d|8|803D80007FE3A2BE
10.179365|242|Rx|d|8|1280FFFFFFFFFD00
10.179365|29c|Rx|d|8|00000000FFFF0000
10.179365|352|Rx|d|4|5C0000FF
10.179365|392|Rx|d|5|0006000000
10.181547|12e|Rx|d|8|CA80007FF0FFFF00
10.181547|90|Rx|d|5|FF00026700
10.181547|c6|Rx|d|8|803D80007FE3A4BC
10.181547|29a|Rx|d|8|00000000000001FE
10.181547|2b7|Rx|d|5|00E0FFFE00
10.181547|350|Rx|d|8|C22F3AF01414A485
10.181547|666|Rx|d|4|34000008
10.181547|1b0|Rx|d|4|FF00FFC0
10.181547|4de|Rx|d|3|C00000
10.181547|55d|Rx|d|8|00FC50C090800000
10.181547|4f8|Rx|d|8|94C0000000000000
10.181547|211|Rx|d|8|8200FFFFA90000CC
10.181547|214|Rx|d|2|0000
10.189542|12e|Rx|d|8|CA80007FF0FFFF00
10.189542|90|Rx|d|5|FF00032B00
10.189542|c6|Rx|d|8|803D80007FE3A6BA
10.189542|242|Rx|d|8|1280FFFFFFFFFD00
10.189542|29c|Rx|d|8|00000000FFFF0000
10.189542|354|Rx|d|8|0000000000000000
10.197538|12e|Rx|d|8|CA80007FF0FFFF00
10.197538|90|Rx|d|5|FF0004D200
10.199537|c6|Rx|d|8|803D80007FE3A8B8
10.199537|29a|Rx|d|8|00000000000002FD
10.199537|1b0|Rx|d|4|FF00FFC0
10.199537|2b7|Rx|d|5|00E0FFFE00
10.199537|5de|Rx|d|8|0000000000000002
10.201534|3b7|Rx|d|6|00007FC000C0
10.201534|211|Rx|d|8|8200FFFFA90000CC
10.201534|214|Rx|d|2|0000
10.209531|12e|Rx|d|8|CA80007FF0FFFF00
10.209531|90|Rx|d|5|FF00059E00
10.209531|c6|Rx|d|8|803D80007FE3AAB6
10.209531|242|Rx|d|8|1280FFFFFFFFFD00
10.209531|29c|Rx|d|8|00000000FFFF0000
10.209531|352|Rx|d|4|5C0000FF
10.209531|5df|Rx|d|3|009500
10.219523|12e|Rx|d|8|CA80007FF0FFFF00
10.219523|90|Rx|d|5|FF00064A00
10.219523|c6|Rx|d|8|803D80007FE3ACB4
10.219523|29a|Rx|d|8|00000000000003FC
10.219523|1b0|Rx|d|4|FF00FFC0
10.219523|2b7|Rx|d|5|00E0FFFE00
10.219523|657|Rx|d|2|C0CC
10.219523|69f|Rx|d|4|0650859F
10.221522|211|Rx|d|8|8200FFFFA90000CC
10.221522|214|Rx|d|2|0000
10.223521|218|Rx|d|1|98
10.223521|4fa|Rx|d|2|0800
10.223521|671|Rx|d|2|0200
10.225521|392|Rx|d|5|0006000000
10.225521|668|Rx|d|2|8000
10.225521|699|Rx|d|8|00000200BF000000
10.229229|12e|Rx|d|8|CA80007FF0FFFF00
10.229229|90|Rx|d|5|FF00070600
10.229229|c6|Rx|d|8|803D80007FE3AEB2
10.229229|242|Rx|d|8|1280FFFFFFFFFD00
10.229229|29c|Rx|d|8|00000000FFFF0000
10.229229|354|Rx|d|8|0000000000000000
10.229229|4ac|Rx|d|5|83712A0080
10.229229|45c|Rx|d|6|00000000FFE0
10.235566|6af|Rx|d|5|0000000000
10.239564|12e|Rx|d|8|CA80007FF0FFFF00
10.239564|90|Rx|d|5|FF0008A500
10.239564|c6|Rx|d|8|803D80007FE3B0B0
10.239564|29a|Rx|d|8|00000000000004FB
10.239564|1b0|Rx|d|4|FF00FFC0
10.239564|2b7|Rx|d|5|00E0FFFE00
10.241567|211|Rx|d|8|8200FFFFA90000CC
10.241567|214|Rx|d|2|0000
10.249558|12e|Rx|d|8|CA80007FF0FFFF00
10.249558|90|Rx|d|5|FF0009E900
10.249558|c6|Rx|d|8|803D80007FE3B2AE
10.249558|242|Rx|d|8|1280FFFFFFFFFD00
10.249558|29c|Rx|d|8|00000000FFFF0000
10.249558|352|Rx|d|4|5C0000FF
10.259551|12e|Rx|d|8|CA80007FF0FFFF00
10.259551|90|Rx|d|5|FF000A3D00
10.259551|c6|Rx|d|8|803D80007FE3B4AC
10.259551|29a|Rx|d|8|00000000000005FA
10.259551|1b0|Rx|d|4|FF00FFC0
10.259551|2b7|Rx|d|5|00E0FFFE00
10.259551|5d7|Rx|d|7|000008125200C0
10.259551|211|Rx|d|8|8200FFFFA90000CC
10.259551|214|Rx|d|2|0000
10.269545|12e|Rx|d|8|CA80007FF0FFFF00
10.269545|90|Rx|d|5|FF000B7100
10.269545|c6|Rx|d|8|803D80007FE3B6AA
10.269545|242|Rx|d|8|1280FFFFFFFFFD00
10.269545|29c|Rx|d|8|00000000FFFF0000
10.269545|354|Rx|d|8|0000000000000000
10.273542|392|Rx|d|5|0006000000
10.279539|12e|Rx|d|8|CA80007FF0FFFF00
10.279539|90|Rx|d|5|FF000C8800
10.279539|c6|Rx|d|8|803D80007FE3B8A8
10.279539|29a|Rx|d|8|00000000000006F9
10.279539|2b7|Rx|d|5|00E0FFFE00
10.279539|350|Rx|d|8|C22F3AF01414A485
10.279539|666|Rx|d|4|34000008
10.279539|1b0|Rx|d|4|FF00FFC0
10.279539|4de|Rx|d|3|C00000
10.279539|55d|Rx|d|8|00FC50C090800000
10.295483|4f8|Rx|d|8|94C0000000000000
10.295483|211|Rx|d|8|8200FFFFA90000CC
10.295483|214|Rx|d|2|0000
10.295483|12e|Rx|d|8|CB80007FF0FFFF00
10.295483|90|Rx|d|5|FF000DC400
10.295483|c6|Rx|d|8|803D80007FE3BAA6
10.295483|242|Rx|d|8|1280FFFFFFFFFD00
10.295483|29c|Rx|d|8|00000000FFFF0000
10.295483|352|Rx|d|4|5C0000FF
10.328649|12e|Rx|d|8|CB80007FF0FFFF00
10.328649|90|Rx|d|5|FF000E1000
10.328649|c6|Rx|d|8|803D80007FE3BCA4
10.328649|29a|Rx|d|8|00000000000007F8
10.328649|1b0|Rx|d|4|FF00FFC0
10.328649|2b7|Rx|d|5|00E0FFFE00
10.328649|5de|Rx|d|8|0000000000000002
10.328649|3b7|Rx|d|6|00007FC000C0
10.328649|211|Rx|d|8|8200FFFFA90000CC
10.328649|214|Rx|d|2|0000
10.328649|12e|Rx|d|8|CA80007FF0FFFF00
10.328649|90|Rx|d|5|FF000F5C00
10.328649|c6|Rx|d|8|803D80007FE3BEA2
10.328649|242|Rx|d|8|1280FFFFFFFFFD00
10.328649|29c|Rx|d|8|00000000FFFF0000
10.328649|354|Rx|d|8|0000000000000000
10.328649|5df|Rx|d|3|009500
10.328649|12e|Rx|d|8|CA80007FF0FFFF00
10.328649|90|Rx|d|5|FF0000FF00
10.328649|c6|Rx|d|8|803D80007FE3A0C0
10.328649|29a|Rx|d|8|00000000000008F7
10.328649|1b0|Rx|d|4|FF00FFC0
10.328649|2b7|Rx|d|5|00E0FFFE00
10.328649|657|Rx|d|2|C0CC
10.328649|211|Rx|d|8|8200FFFFA90000CC
10.328649|214|Rx|d|2|0000
10.328649|218|Rx|d|1|98
10.328649|4fa|Rx|d|2|0800
10.328649|671|Rx|d|2|0200
10.328649|392|Rx|d|5|0006000000
10.328649|668|Rx|d|2|8000
10.328649|12e|Rx|d|8|CA80007FF0FFFF00
10.328649|90|Rx|d|5|FF0001B300
10.328649|c6|Rx|d|8|803D80087FE3A2B6
10.328649|242|Rx|d|8|1280FFFFFFFFFD00
10.328649|29c|Rx|d|8|00000000FFFF0000
10.328649|352|Rx|d|4|5C0000FF
10.328649|4ac|Rx|d|5|83712A0080
10.328649|45c|Rx|d|6|00000000FFE0
10.331845|6af|Rx|d|5|0000000000
10.338839|12e|Rx|d|8|CA80007FF0FFFF00
10.338839|90|Rx|d|5|FF00026700
10.338839|c6|Rx|d|8|803D7FF87FE3A4C5
10.338839|29a|Rx|d|8|00000000000009F6
10.338839|1b0|Rx|d|4|FF00FFC0
10.338839|2b7|Rx|d|5|00E0FFFE00
10.340837|211|Rx|d|8|8200FFFFA90000CC
10.340837|214|Rx|d|2|0000
10.348833|12e|Rx|d|8|CA80017FF0FFFF00
10.348833|90|Rx|d|5|FF00032B00
10.348833|c6|Rx|d|8|803D80007FE3A6BA
10.348833|242|Rx|d|8|1280FFFFFFFFFD00
10.348833|29c|Rx|d|8|00000000FFFF0000
10.348833|354|Rx|d|8|0000000000000000
10.358832|12e|Rx|d|8|CA80017FF0FFFF00
10.358832|90|Rx|d|5|FF0004D200
10.358832|c6|Rx|d|8|803D80007FE3A8B8
10.358832|29a|Rx|d|8|0000000000000AF5
10.358832|1b0|Rx|d|4|FF00FFC0
10.358832|2b7|Rx|d|5|00E0FFFE00
10.358832|5d7|Rx|d|7|000008125200C0
10.358832|211|Rx|d|8|8200FFFFA90000CC
10.358832|214|Rx|d|2|0000
10.368822|12e|Rx|d|8|CA80007FF0FFFF00
10.368822|90|Rx|d|5|FF00059E00
10.368822|c6|Rx|d|8|803D80007FE3AAB6
10.368822|242|Rx|d|8|1280FFFFFFFFFD00
10.368822|29c|Rx|d|8|00000000FFFF0000
10.368822|352|Rx|d|4|5C0000FF
10.374817|392|Rx|d|5|0006000000
10.380814|12e|Rx|d|8|CA80007FF0FFFF00
10.380814|90|Rx|d|5|FF00064A00
10.380814|c6|Rx|d|8|803D80087FE3ACAC
10.380814|29a|Rx|d|8|0000000000000BF4
10.380814|2b7|Rx|d|5|00E0FFFE00
10.380814|350|Rx|d|8|C22F3AF01414A485
10.380814|666|Rx|d|4|34000008
10.380814|1b0|Rx|d|4|FF00FFC0
10.380814|4de|Rx|d|3|C00000
10.380814|55d|Rx|d|8|00FC50C090800000
10.382844|4f8|Rx|d|8|94C0000000000000
10.382844|211|Rx|d|8|8200FFFFA90000CC
10.382844|214|Rx|d|2|0000
10.388098|12e|Rx|d|8|CA80007FF0FFFF00
10.388098|90|Rx|d|5|FF00070600
10.390097|c6|Rx|d|8|803D7FF87FE3AEBB
10.390097|242|Rx|d|8|1280FFFFFFFFFD00
10.390097|29c|Rx|d|8|00000000FFFF0000
10.390097|354|Rx|d|8|0000000000000000
10.398094|12e|Rx|d|8|CA80007FF0FFFF00
10.398094|90|Rx|d|5|FF0008A500
10.400094|c6|Rx|d|8|803D80087FE3B0A8
10.400094|29a|Rx|d|8|0000000000000CF3
10.400094|1b0|Rx|d|4|FF00FFC0
10.400094|2b7|Rx|d|5|00E0FFFE00
10.400094|5de|Rx|d|8|0000000000000002
10.402089|3b7|Rx|d|6|00007FC000C0
10.402089|211|Rx|d|8|8200FFFFA90000CC
10.402089|214|Rx|d|2|0000
10.408086|12e|Rx|d|8|CA80007FF0FFFF00
10.408086|90|Rx|d|5|FF0009E900
10.408086|c6|Rx|d|8|803D7FF87FE3B2B7
10.408086|242|Rx|d|8|1280FFFFFFFFFD00
10.408086|29c|Rx|d|8|00000000FFFF0000
10.408086|352|Rx|d|4|5C0000FF
10.408086|5df|Rx|d|3|009500
10.418079|12e|Rx|d|8|CA80007FF0FFFF00
10.418079|90|Rx|d|5|FF000A3D00
10.420078|c6|Rx|d|8|803D80007FE3B4AC
10.420078|29a|Rx|d|8|0000000000000DF2
10.420078|1b0|Rx|d|4|FF00FFC0
10.420078|2b7|Rx|d|5|00E0FFFE00
10.420078|657|Rx|d|2|C0CC
10.422077|211|Rx|d|8|8200FFFFA90000CC
10.422077|214|Rx|d|2|0000
10.422077|218|Rx|d|1|98
10.422077|4fa|Rx|d|2|0800
10.422077|671|Rx|d|2|0200
10.426074|392|Rx|d|5|0006000000
10.426074|668|Rx|d|2|8000
10.428075|12e|Rx|d|8|CA80007FF0FFFF00
10.428075|90|Rx|d|5|FF000B7100
10.428075|c6|Rx|d|8|803D80007FE3B6AA
10.428075|242|Rx|d|8|1280FFFFFFFFFD00
10.428075|29c|Rx|d|8|00000000FFFF0000
10.428075|354|Rx|d|8|0000000000000000
10.428075|4ac|Rx|d|5|83712A0080
10.428075|45c|Rx|d|6|00000000FFE0
10.448639|6af|Rx|d|5|0000000000
10.464266|12e|Rx|d|8|CA80007FF0FFFF00
10.464266|90|Rx|d|5|FF000C8800
10.464266|c6|Rx|d|8|803D80007FE3B8A8
10.464266|29a|Rx|d|8|0000000000000EF1
10.464266|1b0|Rx|d|4|FF00FFC0
10.464266|2b7|Rx|d|5|00E0FFFE00
10.464266|211|Rx|d|8|8200FFFFA90000CC
10.464266|214|Rx|d|2|0000
10.464266|12e|Rx|d|8|CA80007FF0FFFF00
10.464266|90|Rx|d|5|FF000DC400
10.464266|c6|Rx|d|8|803D80007FE3BAA6
10.464266|242|Rx|d|8|1280FFFFFFFFFD00
10.464266|29c|Rx|d|8|00000000FFFF0000
10.464266|352|Rx|d|4|5C0000FF
10.464266|12e|Rx|d|8|CA80007FF0FFFF00
10.464266|90|Rx|d|5|FF000E1000
10.464266|c6|Rx|d|8|803D80007FE3BCA4
10.464266|1b0|Rx|d|4|FF00FFC0
10.464266|29a|Rx|d|8|0000000000000FF0
10.464266|2b7|Rx|d|5|00E0FFFE00
10.464266|5d7|Rx|d|7|000008125200C0
10.464266|211|Rx|d|8|8200FFFFA90000CC
10.464266|214|Rx|d|2|0000
10.498692|12e|Rx|d|8|CA80007FF0FFFF00
10.498692|90|Rx|d|5|FF000F5C00
10.498692|c6|Rx|d|8|803D80007FE3BEA2
10.498692|242|Rx|d|8|1280FFFFFFFFFD00
10.498692|29c|Rx|d|8|00000000FFFF0000
10.498692|354|Rx|d|8|0000000000000000
10.498692|392|Rx|d|5|0006000000
10.498692|12e|Rx|d|8|CA80007FF0FFFF00
10.498692|90|Rx|d|5|FF0000FF00
10.498692|c6|Rx|d|8|803D80007FE3A0C0
10.498692|29a|Rx|d|8|00000000000000FF
10.498692|2b7|Rx|d|5|00E0FFFE00
10.498692|350|Rx|d|8|C22F3AF01414A485
10.498692|666|Rx|d|4|34000008
10.498692|1b0|Rx|d|4|FF00FFC0
10.498692|4de|Rx|d|3|C00000
10.498692|55d|Rx|d|8|00FC50C090800000
10.498692|4f8|Rx|d|8|94C0000000000000
10.498692|211|Rx|d|8|8200FFFFA90000CC
10.498692|214|Rx|d|2|0000
10.498692|12e|Rx|d|8|CA80007FF0FFFF00
10.498692|90|Rx|d|5|FF0001B300
10.498692|c6|Rx|d|8|803D80007FE3A2BE
10.498692|242|Rx|d|8|1280FFFFFFFFFD00
10.498692|29c|Rx|d|8|00000000FFFF0000
10.498692|352|Rx|d|4|5C0000FF
10.498692|12e|Rx|d|8|CA80007FF0FFFF00
10.498692|90|Rx|d|5|FF00026700
10.498692|c6|Rx|d|8|803D80007FE3A4BC
10.498692|29a|Rx|d|8|00000000000001FE
10.498692|1b0|Rx|d|4|FF00FFC0
10.498692|2b7|Rx|d|5|00E0FFFE00
10.498692|5de|Rx|d|8|0000000000000002
10.498692|3b7|Rx|d|6|00007FC000C0
10.498692|211|Rx|d|8|8200FFFFA90000CC
10.498692|214|Rx|d|2|0000
10.547147|12e|Rx|d|8|CA80007FF0FFFF00
10.547147|90|Rx|d|5|FF00032B00
10.547147|c6|Rx|d|8|803D80007FE3A6BA
10.547147|242|Rx|d|8|1280FFFFFFFFFD00
10.547147|29c|Rx|d|8|00000000FFFF0000
10.547147|354|Rx|d|8|0000000000000000
10.547147|5df|Rx|d|3|009500
10.547147|646|Rx|d|8|000000020000000C
10.547147|12e|Rx|d|8|CA80007FF0FFFF00
10.547147|90|Rx|d|5|FF0004D200
10.547147|c6|Rx|d|8|803D80087FE3A8B0
10.547147|29a|Rx|d|8|00000000000002FD
10.547147|1b0|Rx|d|4|FF00FFC0
10.547147|2b7|Rx|d|5|00E0FFFE00
10.547147|657|Rx|d|2|C0CC
10.547147|211|Rx|d|8|8200FFFFA90000CC
10.547147|214|Rx|d|2|0000
10.547147|218|Rx|d|1|98
10.547147|4fa|Rx|d|2|0800
10.547147|671|Rx|d|2|0200
10.547147|392|Rx|d|5|0006000000
10.547147|668|Rx|d|2|8000
10.547147|12e|Rx|d|8|CA80007FF0FFFF00
10.547147|90|Rx|d|5|FF00059E00
10.547147|c6|Rx|d|8|803D7FF87FE3AABF
10.547147|242|Rx|d|8|1280FFFFFFFFFD00
10.547147|29c|Rx|d|8|00000000FFFF0000
10.547147|352|Rx|d|4|5C0000FF
10.547147|4ac|Rx|d|5|83712A0080
10.547147|45c|Rx|d|6|00000000FFE0
10.547147|6af|Rx|d|5|0000000000
10.547147|12e|Rx|d|8|CA80007FF0FFFF00
10.547147|90|Rx|d|5|FF00064A00
10.547147|c6|Rx|d|8|803D80007FE3ACB4
10.547147|1b0|Rx|d|4|FF00FFC0
10.547147|29a|Rx|d|8|00000000000003FC
10.547147|2b7|Rx|d|5|00E0FFFE00
10.547147|211|Rx|d|8|8200FFFFA90000CC
10.547147|214|Rx|d|2|0000
10.547147|12e|Rx|d|8|CA7FFF7FF0FFFF00
10.547147|90|Rx|d|5|FF00070600
10.547147|c6|Rx|d|8|803D80007FE3AEB2
10.547147|242|Rx|d|8|1280FFFFFFFFFD00
10.547147|29c|Rx|d|8|00000000FFFF0000
10.547147|354|Rx|d|8|0000000000000000
10.580923|12e|Rx|d|8|CA7FFF7FF0FFFF00
10.580923|90|Rx|d|5|FF0008A500
10.580923|c6|Rx|d|8|803D80007FE3B0B0
10.580923|1b0|Rx|d|4|FF00FFC0
10.580923|29a|Rx|d|8|00000000000004FB
10.580923|2b7|Rx|d|5|00E0FFFE00
10.580923|5d7|Rx|d|7|000008125200C0
10.580923|211|Rx|d|8|8200FFFFA90000CC
10.580923|214|Rx|d|2|0000
10.580923|12e|Rx|d|8|CB80007FF0FFFF00
10.580923|90|Rx|d|5|FF0009E900
10.580923|c6|Rx|d|8|803D80007FE3B2AE
10.580923|242|Rx|d|8|1280FFFFFFFFFD00
10.580923|29c|Rx|d|8|00000000FFFF0000
10.580923|352|Rx|d|4|5C0000FF
10.580923|392|Rx|d|5|0006000000
10.580923|12e|Rx|d|8|CB80007FF0FFFF00
10.580923|90|Rx|d|5|FF000A3D00
10.580923|c6|Rx|d|8|803D80007FE3B4AC
10.580923|29a|Rx|d|8|00000000000005FA
10.580923|2b7|Rx|d|5|00E0FFFE00
10.580923|350|Rx|d|8|C22F3AF01414A485
10.580923|666|Rx|d|4|34000008
10.580923|1b0|Rx|d|4|FF00FFC0
10.580923|4de|Rx|d|3|C00000
10.580923|55d|Rx|d|8|00FC50C090800000
10.580923|4f8|Rx|d|8|94C0000000000000
10.580923|211|Rx|d|8|8200FFFFA90000CC
10.580923|214|Rx|d|2|0000
10.589370|12e|Rx|d|8|CA80007FF0FFFF00
10.589370|90|Rx|d|5|FF000B7100
10.589370|c6|Rx|d|8|803D80007FE3B6AA
10.589370|242|Rx|d|8|1280FFFFFFFFFD00
10.589370|29c|Rx|d|8|00000000FFFF0000
10.589370|354|Rx|d|8|0000000000000000
10.599366|12e|Rx|d|8|CA80007FF0FFFF00
10.599366|90|Rx|d|5|FF000C8800
10.599366|c6|Rx|d|8|803D80007FE3B8A8
10.599366|1b0|Rx|d|4|FF00FFC0
10.599366|29a|Rx|d|8|00000000000006F9
10.599366|2b7|Rx|d|5|00E0FFFE00
10.599366|5de|Rx|d|8|0000000000000002
10.601365|3b7|Rx|d|6|00007FC000C0
10.601365|211|Rx|d|8|8200FFFFA90000CC
10.601365|214|Rx|d|2|0000
10.609364|12e|Rx|d|8|CA80007FF0FFFF00
10.609364|90|Rx|d|5|FF000DC400
10.609364|c6|Rx|d|8|803D80007FE3BAA6
10.609364|242|Rx|d|8|1280FFFFFFFFFD00
10.609364|29c|Rx|d|8|00000000FFFF0000
10.609364|352|Rx|d|4|5C0000FF
10.609364|5df|Rx|d|3|009500
10.619352|12e|Rx|d|8|CA80007FF0FFFF00
10.619352|90|Rx|d|5|FF000E1000
10.619352|c6|Rx|d|8|803D80007FE3BCA4
10.619352|1b0|Rx|d|4|FF00FFC0
10.619352|29a|Rx|d|8|00000000000007F8
10.619352|2b7|Rx|d|5|00E0FFFE00
10.619352|657|Rx|d|2|C0CC
10.619352|211|Rx|d|8|8200FFFFA90000CC
10.619352|214|Rx|d|2|0000
10.619352|218|Rx|d|1|98
10.619352|4fa|Rx|d|2|0800
10.619352|671|Rx|d|2|0200
10.625350|392|Rx|d|5|0006000000
10.625350|668|Rx|d|2|8000
10.629346|12e|Rx|d|8|CA80007FF0FFFF00
10.629346|90|Rx|d|5|FF000F5C00
10.629346|c6|Rx|d|8|803D80007FE3BEA2
10.629346|242|Rx|d|8|1280FFFFFFFFFD00
10.629346|29c|Rx|d|8|00000000FFFF0000
10.629346|354|Rx|d|8|0000000000000000
10.629346|4ac|Rx|d|5|83712A0080
10.629346|45c|Rx|d|6|00000000FFE0
10.646804|6af|Rx|d|5|0000000000
10.662429|12e|Rx|d|8|CA80007FF0FFFF00
10.662429|90|Rx|d|5|FF0000FF00
10.662429|c6|Rx|d|8|803D80007FE3A0C0
10.662429|1b0|Rx|d|4|FF00FFC0
10.662429|29a|Rx|d|8|00000000000008F7
10.662429|2b7|Rx|d|5|00E0FFFE00
10.662429|211|Rx|d|8|8200FFFFA90000CC
10.662429|214|Rx|d|2|0000
10.662429|12e|Rx|d|8|CA7FFF7FF0FFFF00
10.662429|90|Rx|d|5|FF0001B300
10.662429|c6|Rx|d|8|803D80007FE3A2BE
10.662429|242|Rx|d|8|1280FFFFFFFFFD00
10.662429|29c|Rx|d|8|00000000FFFF0000
10.662429|352|Rx|d|4|5C0000FF
10.662429|12e|Rx|d|8|CA7FFF7FF0FFFF00
10.662429|90|Rx|d|5|FF00026700
10.662429|c6|Rx|d|8|803D80007FE3A4BC
10.662429|1b0|Rx|d|4|FF00FFC0
10.662429|29a|Rx|d|8|00000000000009F6
10.662429|2b7|Rx|d|5|00E0FFFE00
10.662429|5d7|Rx|d|7|000008125200C0
10.662429|211|Rx|d|8|8200FFFFA90000CC
10.662429|214|Rx|d|2|0000
10.697037|12e|Rx|d|8|CA80007FF0FFFF00
10.697037|90|Rx|d|5|FF00032B00
10.697037|c6|Rx|d|8|803D80007FE3A6BA
10.697037|242|Rx|d|8|1280FFFFFFFFFD00
10.697037|29c|Rx|d|8|00000000FFFF0000
10.697037|354|Rx|d|8|0000000000000000
10.697037|392|Rx|d|5|0006000000
10.697037|12e|Rx|d|8|CA80007FF0FFFF00
10.697037|90|Rx|d|5|FF0004D200
10.697037|c6|Rx|d|8|803D80007FE3A8B8
10.697037|29a|Rx|d|8|0000000000000AF5
10.697037|2b7|Rx|d|5|00E0FFFE00
10.697037|350|Rx|d|8|C22F3AF01414A485
10.697037|666|Rx|d|4|34000008
10.697037|1b0|Rx|d|4|FF00FFC0
10.697037|4de|Rx|d|3|C00000
10.697037|55d|Rx|d|8|00FC50C090800000
10.697037|4f8|Rx|d|8|94C0000000000000
10.697037|211|Rx|d|8|8200FFFFA90000CC
10.697037|214|Rx|d|2|0000
10.697037|12e|Rx|d|8|CA80007FF0FFFF00
10.697037|90|Rx|d|5|FF00059E00
10.697037|c6|Rx|d|8|803D80007FE3AAB6
10.697037|242|Rx|d|8|1280FFFFFFFFFD00
10.697037|29c|Rx|d|8|00000000FFFF0000
10.697037|352|Rx|d|4|5C0000FF
10.697037|12e|Rx|d|8|CA80007FF0FFFF00
10.697037|90|Rx|d|5|FF00064A00
10.697037|c6|Rx|d|8|803D80007FE3ACB4
10.697037|1b0|Rx|d|4|FF00FFC0
10.697037|29a|Rx|d|8|0000000000000BF4
10.697037|2b7|Rx|d|5|00E0FFFE00
10.697037|5de|Rx|d|8|0000000000000002
10.730711|3b7|Rx|d|6|00007FC000C0
10.730711|211|Rx|d|8|8200FFFFA90000CC
10.730711|214|Rx|d|2|0000
10.730711|12e|Rx|d|8|CA80007FF0FFFF00
10.730711|90|Rx|d|5|FF00070600
10.730711|c6|Rx|d|8|803D80007FE3AEB2
10.730711|242|Rx|d|8|1280FFFFFFFFFD00
10.730711|29c|Rx|d|8|00000000FFFF0000
10.730711|354|Rx|d|8|0000000000000000
10.730711|5df|Rx|d|3|009500
10.730711|12e|Rx|d|8|CA80007FF0FFFF00
10.730711|90|Rx|d|5|FF0008A500
10.730711|c6|Rx|d|8|803D80087FE3B0A8
10.730711|1b0|Rx|d|4|FF00FFC0
10.730711|29a|Rx|d|8|0000000000000CF3
10.730711|2b7|Rx|d|5|00E0FFFE00
10.730711|657|Rx|d|2|C0CC
10.730711|211|Rx|d|8|8200FFFFA90000CC
10.730711|214|Rx|d|2|0000
10.730711|218|Rx|d|1|98
10.730711|4fa|Rx|d|2|0800
10.730711|671|Rx|d|2|0200
10.730711|392|Rx|d|5|0006000000
10.730711|668|Rx|d|2|8000
10.730711|12e|Rx|d|8|CA80007FF0FFFF00
10.730711|90|Rx|d|5|FF0009E900
10.730711|c6|Rx|d|8|803D7FF87FE3B2B7
10.730711|242|Rx|d|8|1280FFFFFFFFFD00
10.730711|29c|Rx|d|8|00000000FFFF0000
10.730711|352|Rx|d|4|5C0000FF
10.730711|4ac|Rx|d|5|83712A0080
10.730711|45c|Rx|d|6|00000000FFE0
10.731885|6af|Rx|d|5|0000000000
10.737882|12e|Rx|d|8|CA80007FF0FFFF00
10.737882|90|Rx|d|5|FF000A3D00
10.737882|c6|Rx|d|8|803D80087FE3B4A4
10.737882|1b0|Rx|d|4|FF00FFC0
10.739879|29a|Rx|d|8|0000000000000DF2
10.739879|2b7|Rx|d|5|00E0FFFE00
10.739879|211|Rx|d|8|8200FFFFA90000CC
10.739879|214|Rx|d|2|0000
10.747876|12e|Rx|d|8|CA80007FF0FFFF00
10.747876|90|Rx|d|5|FF000B7100
10.747876|c6|Rx|d|8|803D7FF87FE3B6B3
10.747876|242|Rx|d|8|1280FFFFFFFFFD00
10.747876|29c|Rx|d|8|00000000FFFF0000
10.747876|354|Rx|d|8|0000000000000000
10.759869|12e|Rx|d|8|CA80007FF0FFFF00
10.759869|90|Rx|d|5|FF000C8800
10.759869|c6|Rx|d|8|803D80007FE3B8A8
10.759869|1b0|Rx|d|4|FF00FFC0
10.759869|29a|Rx|d|8|0000000000000EF1
10.759869|2b7|Rx|d|5|00E0FFFE00
10.759869|5d7|Rx|d|7|000008125200C0
10.759869|211|Rx|d|8|8200FFFFA90000CC
10.759869|214|Rx|d|2|0000
10.767862|12e|Rx|d|8|C97FFF7FF0FFFF00
10.767862|90|Rx|d|5|FF000DC400
10.767862|c6|Rx|d|8|803D80007FE3BAA6
10.767862|242|Rx|d|8|1280FFFFFFFFFD00
10.767862|29c|Rx|d|8|00000000FFFF0000
10.767862|352|Rx|d|4|5C0000FF
10.775857|392|Rx|d|5|0006000000
10.777858|12e|Rx|d|8|C97FFF7FF0FFFF00
10.777858|90|Rx|d|5|FF000E1000
10.779855|c6|Rx|d|8|803D80007FE3BCA4
10.779855|29a|Rx|d|8|0000000000000FF0
10.779855|2b7|Rx|d|5|00E0FFFE00
10.779855|350|Rx|d|8|C22F3AF01414A485
10.779855|666|Rx|d|4|34000008
10.779855|1b0|Rx|d|4|FF00FFC0
10.779855|4de|Rx|d|3|C00000
10.779855|55d|Rx|d|8|00FC50C090800000
10.796136|4f8|Rx|d|8|94C0000000000000
10.796136|211|Rx|d|8|8200FFFFA90000CC
10.796136|214|Rx|d|2|0000
10.811760|12e|Rx|d|8|C980007FF0FFFF00
10.811760|90|Rx|d|5|FF000F5C00
10.811760|c6|Rx|d|8|803D80007FE3BEA2
10.811760|242|Rx|d|8|1280FFFFFFFFFD00
10.811760|29c|Rx|d|8|00000000FFFF0000
10.811760|354|Rx|d|8|0000000000000000
10.811760|12e|Rx|d|8|C980007FF0FFFF00
10.811760|90|Rx|d|5|FF0000FF00
10.811760|c6|Rx|d|8|803D80007FE3A0C0
10.811760|1b0|Rx|d|4|FF00FFC0
10.827384|29a|Rx|d|8|00000000000000FF
10.827384|2b7|Rx|d|5|00E0FFFE00
10.827384|5de|Rx|d|8|0000000000000002
10.827384|3b7|Rx|d|6|00007FC000C0
10.827384|211|Rx|d|8|8200FFFFA90000CC
10.827384|214|Rx|d|2|0000
10.827384|12e|Rx|d|8|C980007FF0FFFF00
10.827384|90|Rx|d|5|FF0001B300
10.827384|c6|Rx|d|8|803D80007FE3A2BE
10.827384|242|Rx|d|8|1280FFFFFFFFFD00
10.827384|29c|Rx|d|8|00000000FFFF0000
10.827384|352|Rx|d|4|5C0000FF
10.827384|5df|Rx|d|3|009500
10.827384|12e|Rx|d|8|C980007FF0FFFF00
10.827384|90|Rx|d|5|FF00026700
10.827384|c6|Rx|d|8|803D80007FE3A4BC
10.827384|1b0|Rx|d|4|FF00FFC0
10.827384|29a|Rx|d|8|00000000000001FE
10.827384|2b7|Rx|d|5|00E0FFFE00
10.827384|657|Rx|d|2|C0CC
10.827384|211|Rx|d|8|8200FFFFA90000CC
10.827384|214|Rx|d|2|0000
10.827384|218|Rx|d|1|98
10.827384|4fa|Rx|d|2|0800
10.827384|671|Rx|d|2|0200
10.827384|392|Rx|d|5|0006000000
10.827384|668|Rx|d|2|8000
10.827384|12e|Rx|d|8|CA80007FF0FFFF00
10.827384|90|Rx|d|5|FF00032B00
10.827384|c6|Rx|d|8|803D80007FE3A6BA
10.827384|242|Rx|d|8|1280FFFFFFFFFD00
10.827384|29c|Rx|d|8|00000000FFFF0000
10.827384|354|Rx|d|8|0000000000000000
10.827384|4ac|Rx|d|5|83712A0080
10.827384|45c|Rx|d|6|00000000FFE0
10.861786|6af|Rx|d|5|0000000000
10.861786|12e|Rx|d|8|CA80007FF0FFFF00
10.861786|90|Rx|d|5|FF0004D200
10.861786|c6|Rx|d|8|803D80007FE3A8B8
10.861786|1b0|Rx|d|4|FF00FFC0
10.861786|29a|Rx|d|8|00000000000002FD
10.861786|2b7|Rx|d|5|00E0FFFE00
10.861786|211|Rx|d|8|8200FFFFA90000CC
10.861786|214|Rx|d|2|0000
10.861786|12e|Rx|d|8|CA80007FF0FFFF00
10.861786|90|Rx|d|5|FF00059E00
10.861786|c6|Rx|d|8|803D80007FE3AAB6
10.861786|242|Rx|d|8|1280FFFFFFFFFD00
10.861786|29c|Rx|d|8|00000000FFFF0000
10.861786|352|Rx|d|4|5C0000FF
10.861786|12e|Rx|d|8|CA80007FF0FFFF00
10.861786|90|Rx|d|5|FF00064A00
10.861786|c6|Rx|d|8|803D80087FE3ACAC
10.861786|1b0|Rx|d|4|FF00FFC0
10.861786|29a|Rx|d|8|00000000000003FC
10.861786|2b7|Rx|d|5|00E0FFFE00
10.861786|5d7|Rx|d|7|000008125200C0
10.861786|211|Rx|d|8|8200FFFFA90000CC
10.861786|214|Rx|d|2|0000
10.895526|12e|Rx|d|8|CA80007FF0FFFF00
10.895526|90|Rx|d|5|FF00070600
10.895526|c6|Rx|d|8|803D7FF87FE3AEBB
10.895526|242|Rx|d|8|1280FFFFFFFFFD00
10.895526|29c|Rx|d|8|00000000FFFF0000
10.895526|354|Rx|d|8|0000000000000000
10.895526|392|Rx|d|5|0006000000
10.895526|12e|Rx|d|8|CA80007FF0FFFF00
10.895526|90|Rx|d|5|FF0008A500
10.895526|c6|Rx|d|8|803D80007FE3B0B0
10.895526|29a|Rx|d|8|00000000000004FB
10.895526|2b7|Rx|d|5|00E0FFFE00
10.895526|350|Rx|d|8|C22F3AF01414A485
10.895526|666|Rx|d|4|34000008
10.895526|1b0|Rx|d|4|FF00FFC0
10.895526|4de|Rx|d|3|C00000
10.895526|55d|Rx|d|8|00FC50C090800000
10.895526|4f8|Rx|d|8|94C0000000000000
10.895526|211|Rx|d|8|8200FFFFA90000CC
10.895526|214|Rx|d|2|0000
10.895526|12e|Rx|d|8|CA80007FF0FFFF00
10.895526|90|Rx|d|5|FF0009E900
10.895526|c6|Rx|d|8|803D80007FE3B2AE
10.895526|242|Rx|d|8|1280FFFFFFFFFD00
10.895526|29c|Rx|d|8|00000000FFFF0000
10.895526|352|Rx|d|4|5C0000FF
10.930745|12e|Rx|d|8|CA80007FF0FFFF00
10.930745|90|Rx|d|5|FF000A3D00
10.930745|c6|Rx|d|8|803D80007FE3B4AC
10.930745|1b0|Rx|d|4|FF00FFC0
10.930745|29a|Rx|d|8|00000000000005FA
10.930745|2b7|Rx|d|5|00E0FFFE00
10.930745|5de|Rx|d|8|0000000000000002
10.930745|3b7|Rx|d|6|00007FC000C0
10.930745|211|Rx|d|8|8200FFFFA90000CC
10.930745|214|Rx|d|2|0000
10.930745|12e|Rx|d|8|CA80007FF0FFFF00
10.930745|90|Rx|d|5|FF000B7100
10.930745|c6|Rx|d|8|803D80007FE3B6AA
10.930745|242|Rx|d|8|1280FFFFFFFFFD00
10.930745|29c|Rx|d|8|00000000FFFF0000
10.930745|354|Rx|d|8|0000000000000000
10.930745|5df|Rx|d|3|009500
10.930745|12e|Rx|d|8|CA80007FF0FFFF00
10.930745|90|Rx|d|5|FF000C8800
10.930745|c6|Rx|d|8|803D80007FE3B8A8
10.930745|1b0|Rx|d|4|FF00FFC0
10.930745|29a|Rx|d|8|00000000000006F9
10.930745|2b7|Rx|d|5|00E0FFFE00
10.930745|657|Rx|d|2|C0CC
10.930745|211|Rx|d|8|8200FFFFA90000CC
10.930745|214|Rx|d|2|0000
10.930745|218|Rx|d|1|98
10.930745|4fa|Rx|d|2|0800
10.930745|671|Rx|d|2|0200
10.930745|392|Rx|d|5|0006000000
10.930745|668|Rx|d|2|8000
10.930745|12e|Rx|d|8|CA80007FF0FFFF00
10.930745|90|Rx|d|5|FF000DC400
10.930745|c6|Rx|d|8|803D80007FE3BAA6
10.930745|242|Rx|d|8|1280FFFFFFFFFD00
10.930745|29c|Rx|d|8|00000000FFFF0000
10.930745|352|Rx|d|4|5C0000FF
10.930745|4ac|Rx|d|5|83712A0080
10.930745|45c|Rx|d|6|00000000FFE0
10.930745|6af|Rx|d|5|0000000000
10.937891|12e|Rx|d|8|CA80007FF0FFFF00
10.937891|90|Rx|d|5|FF000E1000
10.937891|c6|Rx|d|8|803D80007FE3BCA4
10.937891|1b0|Rx|d|4|FF00FFC0
10.937891|29a|Rx|d|8|00000000000007F8
10.937891|2b7|Rx|d|5|00E0FFFE00
10.943889|211|Rx|d|8|8200FFFFA90000CC
10.943889|214|Rx|d|2|0000
10.947884|12e|Rx|d|8|CA80007FF0FFFF00
10.947884|90|Rx|d|5|FF000F5C00
10.947884|c6|Rx|d|8|803D80007FE3BEA2
10.947884|242|Rx|d|8|1280FFFFFFFFFD00
10.947884|29c|Rx|d|8|00000000FFFF0000
10.947884|354|Rx|d|8|0000000000000000
10.957878|12e|Rx|d|8|CA80007FF0FFFF00
10.957878|90|Rx|d|5|FF0000FF00
10.957878|c6|Rx|d|8|803D80007FE3A0C0
10.957878|1b0|Rx|d|4|FF00FFC0
10.957878|29a|Rx|d|8|00000000000008F7
10.957878|2b7|Rx|d|5|00E0FFFE00
10.957878|5d7|Rx|d|7|000008125200C0
10.963876|211|Rx|d|8|8200FFFFA90000CC
10.963876|214|Rx|d|2|0000
10.967874|12e|Rx|d|8|CA80007FF0FFFF00
10.967874|90|Rx|d|5|FF0001B300
10.969873|c6|Rx|d|8|803D80007FE3A2BE
10.969873|242|Rx|d|8|1280FFFFFFFFFD00
10.969873|29c|Rx|d|8|00000000FFFF0000
10.969873|352|Rx|d|4|5C0000FF
10.975871|392|Rx|d|5|0006000000
10.979867|12e|Rx|d|8|CA80007FF0FFFF00
10.979867|90|Rx|d|5|FF00026700
10.979867|c6|Rx|d|8|803D80007FE3A4BC
10.979867|29a|Rx|d|8|00000000000009F6
10.979867|2b7|Rx|d|5|00E0FFFE00
10.979867|350|Rx|d|8|C22F3AF01414A485
10.979867|666|Rx|d|4|34000008
10.979867|1b0|Rx|d|4|FF00FFC0
10.979867|4de|Rx|d|3|C00000
10.979867|55d|Rx|d|8|00FC50C090800000
10.979867|4f8|Rx|d|8|94C0000000000000
10.979867|211|Rx|d|8|8200FFFFA90000CC
10.979867|214|Rx|d|2|0000
11.027420|12e|Rx|d|8|CA80007FF0FFFF00
11.027420|90|Rx|d|5|FF00032B00
11.027420|c6|Rx|d|8|803D80007FE3A6BA
11.027420|242|Rx|d|8|1280FFFFFFFFFD00
11.027420|29c|Rx|d|8|00000000FFFF0000
11.027420|354|Rx|d|8|0000000000000000
11.027420|12e|Rx|d|8|CA80007FF0FFFF00
11.027420|90|Rx|d|5|FF0004D200
11.027420|c6|Rx|d|8|803D80007FE3A8B8
11.027420|1b0|Rx|d|4|FF00FFC0
11.027420|29a|Rx|d|8|0000000000000AF5
11.027420|2b7|Rx|d|5|00E0FFFE00
11.027420|5de|Rx|d|8|0000000000000002
11.027420|3b7|Rx|d|6|00007FC000C0
11.027420|211|Rx|d|8|8200FFFFA90000CC
11.027420|214|Rx|d|2|0000
11.027420|12e|Rx|d|8|CA80007FF0FFFF00
11.027420|90|Rx|d|5|FF00059E00
11.027420|c6|Rx|d|8|803D80007FE3AAB6
11.027420|242|Rx|d|8|1280FFFFFFFFFD00
11.027420|29c|Rx|d|8|00000000FFFF0000
11.027420|352|Rx|d|4|5C0000FF
11.027420|5df|Rx|d|3|009500
11.027420|646|Rx|d|8|000000020000000C
11.027420|12e|Rx|d|8|CA80007FF0FFFF00
11.027420|90|Rx|d|5|FF00064A00
11.027420|c6|Rx|d|8|803D80007FE3ACB4
11.027420|1b0|Rx|d|4|FF00FFC0
11.027420|29a|Rx|d|8|0000000000000BF4
11.027420|2b7|Rx|d|5|00E0FFFE00
11.027420|657|Rx|d|2|C0CC
11.027420|211|Rx|d|8|8200FFFFA90000CC
11.027420|214|Rx|d|2|0000
11.027420|218|Rx|d|1|98
11.027420|4fa|Rx|d|2|0800
11.027420|671|Rx|d|2|0200
11.027420|392|Rx|d|5|0006000000
11.027420|668|Rx|d|2|8000
11.027420|12e|Rx|d|8|CA80007FF0FFFF00
11.027420|90|Rx|d|5|FF00070600
11.027420|c6|Rx|d|8|803D80007FE3AEB2
11.027420|242|Rx|d|8|1280FFFFFFFFFD00
11.027420|29c|Rx|d|8|00000000FFFF0000
11.027420|354|Rx|d|8|0000000000000000
11.027420|4ac|Rx|d|5|83712A0080
11.027420|45c|Rx|d|6|00000000FFE0
11.062021|6af|Rx|d|5|0000000000
11.062021|12e|Rx|d|8|CA80007FF0FFFF00
11.062021|90|Rx|d|5|FF0008A500
11.062021|c6|Rx|d|8|803D80007FE3B0B0
11.062021|1b0|Rx|d|4|FF00FFC0
11.062021|29a|Rx|d|8|0000000000000CF3
11.062021|2b7|Rx|d|5|00E0FFFE00
11.062021|211|Rx|d|8|8200FFFFA90000CC
11.062021|214|Rx|d|2|0000
11.062021|12e|Rx|d|8|CA80007FF0FFFF00
11.062021|90|Rx|d|5|FF0009E900
11.062021|c6|Rx|d|8|803D80007FE3B2AE
11.062021|242|Rx|d|8|1280FFFFFFFFFD00
11.062021|29c|Rx|d|8|00000000FFFF0000
11.062021|352|Rx|d|4|5C0000FF
11.062021|12e|Rx|d|8|CA80007FF0FFFF00
11.062021|90|Rx|d|5|FF000A3D00
11.062021|c6|Rx|d|8|803D80007FE3B4AC
11.062021|1b0|Rx|d|4|FF00FFC0
11.062021|29a|Rx|d|8|0000000000000DF2
11.062021|2b7|Rx|d|5|00E0FFFE00
11.062021|5d7|Rx|d|7|000008125200C0
11.062021|211|Rx|d|8|8200FFFFA90000CC
11.062021|214|Rx|d|2|0000
11.094905|12e|Rx|d|8|CA80007FF0FFFF00
11.094905|90|Rx|d|5|FF000B7100
11.094905|c6|Rx|d|8|803D80007FE3B6AA
11.094905|242|Rx|d|8|1280FFFFFFFFFD00
11.094905|29c|Rx|d|8|00000000FFFF0000
11.094905|354|Rx|d|8|0000000000000000
11.094905|392|Rx|d|5|0006000000
11.094905|12e|Rx|d|8|CA80007FF0FFFF00
11.094905|90|Rx|d|5|FF000C8800
11.094905|c6|Rx|d|8|803D80007FE3B8A8
11.094905|29a|Rx|d|8|0000000000000EF1
11.094905|2b7|Rx|d|5|00E0FFFE00
11.094905|350|Rx|d|8|C22F3AF01414A485
11.094905|666|Rx|d|4|34000008
11.094905|1b0|Rx|d|4|FF00FFC0
11.094905|4de|Rx|d|3|C00000
11.094905|55d|Rx|d|8|00FC50C090800000
11.094905|4f8|Rx|d|8|94C0000000000000
11.094905|211|Rx|d|8|8200FFFFA90000CC
11.094905|214|Rx|d|2|0000
11.094905|12e|Rx|d|8|CA80007FF0FFFF00
11.094905|90|Rx|d|5|FF000DC400
11.094905|c6|Rx|d|8|803D80007FE3BAA6
11.094905|242|Rx|d|8|1280FFFFFFFFFD00
11.094905|29c|Rx|d|8|00000000FFFF0000
11.094905|352|Rx|d|4|5C0000FF
11.130079|12e|Rx|d|8|CA80007FF0FFFF00
11.130079|90|Rx|d|5|FF000E1000
11.130079|c6|Rx|d|8|803D80007FE3BCA4
11.130079|1b0|Rx|d|4|FF00FFC0
11.130079|29a|Rx|d|8|0000000000000FF0
11.130079|2b7|Rx|d|5|00E0FFFE00
11.130079|5de|Rx|d|8|0000000000000002
11.130079|3b7|Rx|d|6|00007FC000C0
11.130079|211|Rx|d|8|8200FFFFA90000CC
11.130079|214|Rx|d|2|0000
11.130079|12e|Rx|d|8|CA80007FF0FFFF00
11.130079|90|Rx|d|5|FF000F5C00
11.130079|c6|Rx|d|8|803D80007FE3BEA2
11.130079|242|Rx|d|8|1280FFFFFFFFFD00
11.130079|29c|Rx|d|8|00000000FFFF0000
11.130079|354|Rx|d|8|0000000000000000
11.130079|5df|Rx|d|3|009500
11.130079|12e|Rx|d|8|CA80007FF0FFFF00
11.130079|90|Rx|d|5|FF0000FF00
11.130079|c6|Rx|d|8|803D80007FE3A0C0
11.130079|1b0|Rx|d|4|FF00FFC0
11.130079|29a|Rx|d|8|00000000000000FF
11.130079|2b7|Rx|d|5|00E0FFFE00
11.130079|657|Rx|d|2|C0CC
11.130079|211|Rx|d|8|8200FFFFA90000CC
11.130079|214|Rx|d|2|0000
11.130079|218|Rx|d|1|98
11.130079|4fa|Rx|d|2|0800
11.130079|671|Rx|d|2|0200
11.130079|392|Rx|d|5|0006000000
11.130079|668|Rx|d|2|8000
11.130079|12e|Rx|d|8|CA80007FF0FFFF00
11.130079|90|Rx|d|5|FF0001B300
11.130079|c6|Rx|d|8|803D80007FE3A2BE
11.130079|242|Rx|d|8|1280FFFFFFFFFD00
11.132337|29c|Rx|d|8|00000000FFFF0000
11.132337|352|Rx|d|4|5C0000FF
11.132337|4ac|Rx|d|5|83712A0080
11.132337|45c|Rx|d|6|00000000FFE0
11.134333|6af|Rx|d|5|0000000000
11.138335|12e|Rx|d|8|CA80007FF0FFFF00
11.138335|90|Rx|d|5|FF00026700
11.138335|c6|Rx|d|8|803D80007FE3A4BC
11.138335|1b0|Rx|d|4|FF00FFC0
11.138335|29a|Rx|d|8|00000000000001FE
11.138335|2b7|Rx|d|5|00E0FFFE00
11.144328|211|Rx|d|8|8200FFFFA90000CC
11.144328|214|Rx|d|2|0000
11.148324|12e|Rx|d|8|CA80007FF0FFFF00
11.148324|90|Rx|d|5|FF00032B00
11.148324|c6|Rx|d|8|803D80007FE3A6BA
11.148324|242|Rx|d|8|1280FFFFFFFFFD00
11.148324|29c|Rx|d|8|00000000FFFF0000
11.148324|354|Rx|d|8|0000000000000000
11.158319|12e|Rx|d|8|CA80007FF0FFFF00
11.158319|90|Rx|d|5|FF0004D200
11.158319|c6|Rx|d|8|803D80007FE3A8B8
11.158319|1b0|Rx|d|4|FF00FFC0
11.158319|29a|Rx|d|8|00000000000002FD
11.158319|2b7|Rx|d|5|00E0FFFE00
11.158319|5d7|Rx|d|7|000008125200C0
11.164315|211|Rx|d|8|8200FFFFA90000CC
11.164315|214|Rx|d|2|0000
11.168312|12e|Rx|d|8|CA80007FF0FFFF00
11.168312|90|Rx|d|5|FF00059E00
11.168312|c6|Rx|d|8|803D80087FE3AAAE
11.168312|242|Rx|d|8|1280FFFFFFFFFD00
11.168312|29c|Rx|d|8|00000000FFFF0000
11.168312|352|Rx|d|4|5C0000FF
11.176308|392|Rx|d|5|0006000000
11.178307|12e|Rx|d|8|CA80007FF0FFFF00
11.178307|90|Rx|d|5|FF00064A00
11.178307|c6|Rx|d|8|803D7FF87FE3ACBD
11.178307|29a|Rx|d|8|00000000000003FC
11.178307|2b7|Rx|d|5|00E0FFFE00
11.178307|350|Rx|d|8|C22F3AF01414A485
11.178307|666|Rx|d|4|34000008
11.178307|1b0|Rx|d|4|FF00FFC0
11.195177|4de|Rx|d|3|C00000
11.195177|55d|Rx|d|8|00FC50C090800000
11.195177|4f8|Rx|d|8|94C0000000000000
11.195177|211|Rx|d|8|8200FFFFA90000CC
11.195177|214|Rx|d|2|0000
11.195177|12e|Rx|d|8|CA80007FF0FFFF00
11.195177|90|Rx|d|5|FF00070600
11.195177|c6|Rx|d|8|803D80087FE3AEAA
11.195177|242|Rx|d|8|1280FFFFFFFFFD00
11.195177|29c|Rx|d|8|00000000FFFF0000
11.195177|354|Rx|d|8|0000000000000000
11.228906|12e|Rx|d|8|CA80007FF0FFFF00
11.228906|90|Rx|d|5|FF0008A500
11.228906|c6|Rx|d|8|803D7FF87FE3B0B9
11.228906|1b0|Rx|d|4|FF00FFC0
11.228906|29a|Rx|d|8|00000000000004FB
11.228906|2b7|Rx|d|5|00E0FFFE00
11.228906|5de|Rx|d|8|0000000000000002
11.228906|3b7|Rx|d|6|00007FC000C0
11.228906|211|Rx|d|8|8200FFFFA90000CC
11.228906|214|Rx|d|2|0000
11.228906|12e|Rx|d|8|CA80007FF0FFFF00
11.228906|90|Rx|d|5|FF0009E900
11.228906|c6|Rx|d|8|803D80087FE3B2A6
11.228906|242|Rx|d|8|1280FFFFFFFFFD00
11.228906|29c|Rx|d|8|00000000FFFF0000
11.228906|352|Rx|d|4|5C0000FF
11.228906|5df|Rx|d|3|009500
11.228906|12e|Rx|d|8|CA80007FF0FFFF00
11.228906|90|Rx|d|5|FF000A3D00
11.228906|c6|Rx|d|8|803D7FF87FE3B4B5
11.228906|1b0|Rx|d|4|FF00FFC0
11.228906|29a|Rx|d|8|00000000000005FA
11.228906|2b7|Rx|d|5|00E0FFFE00
11.228906|657|Rx|d|2|C0CC
11.228906|69f|Rx|d|4|0650859F
11.228906|211|Rx|d|8|8200FFFFA90000CC
11.228906|214|Rx|d|2|0000
11.228906|218|Rx|d|1|98
11.228906|4fa|Rx|d|2|0800
11.228906|671|Rx|d|2|0200
11.228906|392|Rx|d|5|0006000000
11.228906|668|Rx|d|2|8000
11.228906|699|Rx|d|8|00000200BF000000
11.228906|12e|Rx|d|8|CA80007FF0FFFF00
11.228906|90|Rx|d|5|FF000B7100
11.228906|c6|Rx|d|8|803D80007FE3B6AA
11.228906|242|Rx|d|8|1280FFFFFFFFFD00
11.228906|29c|Rx|d|8|00000000FFFF0000
11.228906|354|Rx|d|8|0000000000000000
11.228906|4ac|Rx|d|5|83712A0080
11.228906|45c|Rx|d|6|00000000FFE0
11.234017|6af|Rx|d|5|0000000000
11.240014|12e|Rx|d|8|CA80007FF0FFFF00
11.240014|90|Rx|d|5|FF000C8800
11.240014|c6|Rx|d|8|803D80007FE3B8A8
11.240014|1b0|Rx|d|4|FF00FFC0
11.240014|29a|Rx|d|8|00000000000006F9
11.240014|2b7|Rx|d|5|00E0FFFE00
11.240014|211|Rx|d|8|8200FFFFA90000CC
11.240014|214|Rx|d|2|0000
11.248008|12e|Rx|d|8|CA80007FF0FFFF00
11.248008|90|Rx|d|5|FF000DC400
11.248008|c6|Rx|d|8|803D80007FE3BAA6
11.248008|242|Rx|d|8|1280FFFFFFFFFD00
11.248008|29c|Rx|d|8|00000000FFFF0000
11.248008|352|Rx|d|4|5C0000FF
11.258003|12e|Rx|d|8|CA80007FF0FFFF00
11.258003|90|Rx|d|5|FF000E1000
11.258003|c6|Rx|d|8|803D80007FE3BCA4
11.258003|1b0|Rx|d|4|FF00FFC0
11.258003|29a|Rx|d|8|00000000000007F8
11.258003|2b7|Rx|d|5|00E0FFFE00
11.258003|5d7|Rx|d|7|000008125200C0
11.263999|211|Rx|d|8|8200FFFFA90000CC
11.263999|214|Rx|d|2|0000
11.267996|12e|Rx|d|8|CA80017FF0FFFF00
11.267996|90|Rx|d|5|FF000F5C00
11.267996|c6|Rx|d|8|803D80007FE3BEA2
11.267996|242|Rx|d|8|1280FFFFFFFFFD00
11.269997|29c|Rx|d|8|00000000FFFF0000
11.269997|354|Rx|d|8|0000000000000000
11.275992|392|Rx|d|5|0006000000
11.277992|12e|Rx|d|8|CA80017FF0FFFF00
11.277992|90|Rx|d|5|FF0000FF00
11.277992|c6|Rx|d|8|803D80007FE3A0C0
11.277992|29a|Rx|d|8|00000000000008F7
11.277992|2b7|Rx|d|5|00E0FFFE00
11.277992|350|Rx|d|8|C22F3AF01414A485
11.277992|666|Rx|d|4|34000008
11.277992|1b0|Rx|d|4|FF00FFC0
11.277992|4de|Rx|d|3|C00000
11.277992|55d|Rx|d|8|00FC50C090800000
11.325191|4f8|Rx|d|8|94C0000000000000
11.325191|211|Rx|d|8|8200FFFFA90000CC
11.325191|214|Rx|d|2|0000
11.325191|12e|Rx|d|8|CA80007FF0FFFF00
11.325191|90|Rx|d|5|FF0001B300
11.325191|c6|Rx|d|8|803D80007FE3A2BE
11.325191|242|Rx|d|8|1280FFFFFFFFFD00
11.325191|29c|Rx|d|8|00000000FFFF0000
11.325191|352|Rx|d|4|5C0000FF
11.325191|12e|Rx|d|8|CA80007FF0FFFF00
11.325191|90|Rx|d|5|FF00026700
11.325191|c6|Rx|d|8|803D80007FE3A4BC
11.325191|1b0|Rx|d|4|FF00FFC0
11.325191|29a|Rx|d|8|00000000000009F6
11.325191|2b7|Rx|d|5|00E0FFFE00
11.325191|5de|Rx|d|8|0000000000000002
11.325191|3b7|Rx|d|6|00007FC000C0
11.325191|211|Rx|d|8|8200FFFFA90000CC
11.325191|214|Rx|d|2|0000
11.325191|12e|Rx|d|8|CA80007FF0FFFF00
11.325191|90|Rx|d|5|FF00032B00
11.325191|c6|Rx|d|8|803D80007FE3A6BA
11.325191|242|Rx|d|8|1280FFFFFFFFFD00
11.325191|29c|Rx|d|8|00000000FFFF0000
11.325191|354|Rx|d|8|0000000000000000
11.325191|5df|Rx|d|3|009500
11.325191|12e|Rx|d|8|CA80007FF0FFFF00
11.325191|90|Rx|d|5|FF0004D200
11.325191|c6|Rx|d|8|803D80007FE3A8B8
11.325191|1b0|Rx|d|4|FF00FFC0
11.325191|29a|Rx|d|8|0000000000000AF5
11.325191|2b7|Rx|d|5|00E0FFFE00
11.325191|657|Rx|d|2|C0CC
11.325191|211|Rx|d|8|8200FFFFA90000CC
11.325191|214|Rx|d|2|0000
11.325191|218|Rx|d|1|98
11.325191|4fa|Rx|d|2|0800
11.325191|671|Rx|d|2|0200
11.325191|392|Rx|d|5|0006000000
11.325191|668|Rx|d|2|8000
11.358764|12e|Rx|d|8|CA80007FF0FFFF00
11.358764|90|Rx|d|5|FF00059E00
11.358764|c6|Rx|d|8|803D80007FE3AAB6
11.358764|242|Rx|d|8|1280FFFFFFFFFD00
11.358764|29c|Rx|d|8|00000000FFFF0000
11.358764|352|Rx|d|4|5C0000FF
11.358764|4ac|Rx|d|5|83712A0080
11.358764|45c|Rx|d|6|00000000FFE0
11.358764|6af|Rx|d|5|0000000000
11.358764|12e|Rx|d|8|CA80007FF0FFFF00
11.358764|90|Rx|d|5|FF00064A00
11.358764|c6|Rx|d|8|803D80007FE3ACB4
11.358764|1b0|Rx|d|4|FF00FFC0
11.358764|29a|Rx|d|8|0000000000000BF4
11.358764|2b7|Rx|d|5|00E0FFFE00
11.358764|211|Rx|d|8|8200FFFFA90000CC
11.358764|214|Rx|d|2|0000
11.358764|12e|Rx|d|8|CA80007FF0FFFF00
11.358764|90|Rx|d|5|FF00070600
11.358764|c6|Rx|d|8|803D80007FE3AEB2
11.358764|242|Rx|d|8|1280FFFFFFFFFD00
11.358764|29c|Rx|d|8|00000000FFFF0000
11.358764|354|Rx|d|8|0000000000000000
11.358764|12e|Rx|d|8|CA80007FF0FFFF00
11.358764|90|Rx|d|5|FF0008A500
11.358764|c6|Rx|d|8|803D80007FE3B0B0
11.358764|1b0|Rx|d|4|FF00FFC0
11.358764|29a|Rx|d|8|0000000000000CF3
11.358764|2b7|Rx|d|5|00E0FFFE00
11.358764|5d7|Rx|d|7|000008125200C0
11.358764|211|Rx|d|8|8200FFFFA90000CC
11.358764|214|Rx|d|2|0000
11.393337|12e|Rx|d|8|CA7FFF7FF0FFFF00
11.393337|90|Rx|d|5|FF0009E900
11.393337|c6|Rx|d|8|803D80007FE3B2AE
11.393337|242|Rx|d|8|1280FFFFFFFFFD00
11.393337|29c|Rx|d|8|00000000FFFF0000
11.393337|352|Rx|d|4|5C0000FF
11.393337|392|Rx|d|5|0006000000
11.393337|12e|Rx|d|8|CA7FFF7FF0FFFF00
11.393337|90|Rx|d|5|FF000A3D00
11.393337|c6|Rx|d|8|803D80007FE3B4AC
11.393337|29a|Rx|d|8|0000000000000DF2
11.393337|2b7|Rx|d|5|00E0FFFE00
11.393337|350|Rx|d|8|C22F3AF01414A485
11.393337|666|Rx|d|4|34000008
11.393337|1b0|Rx|d|4|FF00FFC0
11.393337|4de|Rx|d|3|C00000
11.393337|55d|Rx|d|8|00FC50C090800000
11.408961|4f8|Rx|d|8|94C0000000000000
11.408961|211|Rx|d|8|8200FFFFA90000CC
11.408961|214|Rx|d|2|0000
11.408961|12e|Rx|d|8|CB80007FF0FFFF00
11.408961|90|Rx|d|5|FF000B7100
11.408961|c6|Rx|d|8|803D80087FE3B6A2
11.408961|242|Rx|d|8|1280FFFFFFFFFD00
11.408961|29c|Rx|d|8|00000000FFFF0000
11.408961|354|Rx|d|8|0000000000000000
11.408961|12e|Rx|d|8|CB80007FF0FFFF00
11.408961|90|Rx|d|5|FF000C8800
11.408961|c6|Rx|d|8|803D7FF87FE3B8B1
11.408961|1b0|Rx|d|4|FF00FFC0
11.408961|29a|Rx|d|8|0000000000000EF1
11.408961|2b7|Rx|d|5|00E0FFFE00
11.408961|5de|Rx|d|8|0000000000000002
11.408961|3b7|Rx|d|6|00007FC000C0
11.408961|211|Rx|d|8|8200FFFFA90000CC
11.408961|214|Rx|d|2|0000
11.408961|12e|Rx|d|8|CA80017FF0FFFF00
11.408961|90|Rx|d|5|FF000DC400
11.408961|c6|Rx|d|8|803D80087FE3BA9E
11.408961|242|Rx|d|8|1280FFFFFFFFFD00
11.408961|29c|Rx|d|8|00000000FFFF0000
11.408961|352|Rx|d|4|5C0000FF
11.408961|5df|Rx|d|3|009500
11.444278|12e|Rx|d|8|CA80017FF0FFFF00
11.444278|90|Rx|d|5|FF000E1000
11.444278|c6|Rx|d|8|803D7FF87FE3BCAD
11.444278|1b0|Rx|d|4|FF00FFC0
11.444278|29a|Rx|d|8|0000000000000FF0
11.444278|2b7|Rx|d|5|00E0FFFE00
11.444278|657|Rx|d|2|C0CC
11.444278|211|Rx|d|8|8200FFFFA90000CC
11.444278|214|Rx|d|2|0000
11.444278|218|Rx|d|1|98
11.444278|4fa|Rx|d|2|0800
11.444278|671|Rx|d|2|0200
11.444278|392|Rx|d|5|0006000000
11.444278|668|Rx|d|2|8000
11.444278|12e|Rx|d|8|CA80007FF0FFFF00
11.444278|90|Rx|d|5|FF000F5C00
11.444278|c6|Rx|d|8|803D80007FE3BEA2
11.444278|242|Rx|d|8|1280FFFFFFFFFD00
11.444278|29c|Rx|d|8|00000000FFFF0000
11.444278|354|Rx|d|8|0000000000000000
11.444278|4ac|Rx|d|5|83712A0080
11.444278|45c|Rx|d|6|00000000FFE0
11.444278|6af|Rx|d|5|0000000000
11.444278|12e|Rx|d|8|CA80007FF0FFFF00
11.444278|90|Rx|d|5|FF0000FF00
11.444278|c6|Rx|d|8|803D80007FE3A0C0
11.444278|1b0|Rx|d|4|FF00FFC0
11.444278|29a|Rx|d|8|00000000000000FF
11.444278|2b7|Rx|d|5|00E0FFFE00
11.444278|211|Rx|d|8|8200FFFFA90000CC
11.444278|214|Rx|d|2|0000
11.477805|12e|Rx|d|8|CA80007FF0FFFF00
11.477805|90|Rx|d|5|FF0001B300
11.477805|c6|Rx|d|8|803D80007FE3A2BE
11.477805|242|Rx|d|8|1280FFFFFFFFFD00
11.477805|29c|Rx|d|8|00000000FFFF0000
11.477805|352|Rx|d|4|5C0000FF
11.477805|12e|Rx|d|8|CA80007FF0FFFF00
11.477805|90|Rx|d|5|FF00026700
11.477805|c6|Rx|d|8|803D80007FE3A4BC
11.477805|1b0|Rx|d|4|FF00FFC0
11.477805|29a|Rx|d|8|00000000000001FE
11.477805|2b7|Rx|d|5|00E0FFFE00
11.477805|5d7|Rx|d|7|000008125200C0
11.477805|211|Rx|d|8|8200FFFFA90000CC
11.477805|214|Rx|d|2|0000
11.477805|12e|Rx|d|8|C980007FF0FFFF00
11.477805|90|Rx|d|5|FF00032B00
11.477805|c6|Rx|d|8|803D80007FE3A6BA
11.477805|242|Rx|d|8|1280FFFFFFFFFD00
11.477805|29c|Rx|d|8|00000000FFFF0000
11.477805|354|Rx|d|8|0000000000000000
11.477805|392|Rx|d|5|0006000000
11.477805|12e|Rx|d|8|C980007FF0FFFF00
11.477805|90|Rx|d|5|FF0004D200
11.477805|c6|Rx|d|8|803D80007FE3A8B8
11.477805|29a|Rx|d|8|00000000000002FD
11.477805|2b7|Rx|d|5|00E0FFFE00
11.477805|350|Rx|d|8|C22F3AF01414A485
11.477805|666|Rx|d|4|34000008
11.477805|1b0|Rx|d|4|FF00FFC0
11.477805|4de|Rx|d|3|C00000
11.477805|55d|Rx|d|8|00FC50C090800000
11.483101|4f8|Rx|d|8|94C0000000000000
11.483101|211|Rx|d|8|8200FFFFA90000CC
11.483101|214|Rx|d|2|0000
11.489098|12e|Rx|d|8|CA80007FF0FFFF00
11.489098|90|Rx|d|5|FF00059E00
11.489098|c6|Rx|d|8|803D80007FE3AAB6
11.489098|242|Rx|d|8|1280FFFFFFFFFD00
11.489098|29c|Rx|d|8|00000000FFFF0000
11.489098|352|Rx|d|4|5C0000FF
11.499091|12e|Rx|d|8|CA80007FF0FFFF00
11.499091|90|Rx|d|5|FF00064A00
11.499091|c6|Rx|d|8|803D80007FE3ACB4
11.499091|1b0|Rx|d|4|FF00FFC0
11.499091|29a|Rx|d|8|00000000000003FC
11.499091|2b7|Rx|d|5|00E0FFFE00
11.499091|5de|Rx|d|8|0000000000000002
11.499091|3b7|Rx|d|6|00007FC000C0
11.499091|211|Rx|d|8|8200FFFFA90000CC
11.499091|214|Rx|d|2|0000
11.509085|12e|Rx|d|8|CB80007FF0FFFF00
11.509085|90|Rx|d|5|FF00070600
11.509085|c6|Rx|d|8|803D80007FE3AEB2
11.509085|242|Rx|d|8|1280FFFFFFFFFD00
11.509085|29c|Rx|d|8|00000000FFFF0000
11.509085|354|Rx|d|8|0000000000000000
11.509085|5df|Rx|d|3|009500
11.509085|646|Rx|d|8|000000020000000C
11.519081|12e|Rx|d|8|CB80007FF0FFFF00
11.519081|90|Rx|d|5|FF0008A500
11.519081|c6|Rx|d|8|803D80007FE3B0B0
11.519081|1b0|Rx|d|4|FF00FFC0
11.519081|29a|Rx|d|8|00000000000004FB
11.519081|2b7|Rx|d|5|00E0FFFE00
11.519081|657|Rx|d|2|C0CC
11.523077|211|Rx|d|8|8200FFFFA90000CC
11.523077|214|Rx|d|2|0000
11.523077|218|Rx|d|1|98
11.523077|4fa|Rx|d|2|0800
11.523077|671|Rx|d|2|0200
11.525075|392|Rx|d|5|0006000000
11.525075|668|Rx|d|2|8000
11.543360|12e|Rx|d|8|CA80007FF0FFFF00
11.543360|90|Rx|d|5|FF0009E900
11.543360|c6|Rx|d|8|803D80007FE3B2AE
11.543360|242|Rx|d|8|1280FFFFFFFFFD00
11.543360|29c|Rx|d|8|00000000FFFF0000
11.543360|352|Rx|d|4|5C0000FF
11.543360|4ac|Rx|d|5|83712A0080
11.543360|45c|Rx|d|6|00000000FFE0
11.558986|6af|Rx|d|5|0000000000
11.558986|12e|Rx|d|8|CA80007FF0FFFF00
11.558986|90|Rx|d|5|FF000A3D00
11.558986|c6|Rx|d|8|803D80007FE3B4AC
11.558986|1b0|Rx|d|4|FF00FFC0
11.558986|29a|Rx|d|8|00000000000005FA
11.558986|2b7|Rx|d|5|00E0FFFE00
11.558986|211|Rx|d|8|8200FFFFA90000CC
11.558986|214|Rx|d|2|0000
11.574609|12e|Rx|d|8|CA80007FF0FFFF00
11.574609|90|Rx|d|5|FF000B7100
11.574609|c6|Rx|d|8|803D80007FE3B6AA
11.574609|242|Rx|d|8|1280FFFFFFFFFD00
11.574609|29c|Rx|d|8|00000000FFFF0000
11.574609|354|Rx|d|8|0000000000000000
11.574609|12e|Rx|d|8|CA80007FF0FFFF00
11.574609|90|Rx|d|5|FF000C8800
11.574609|c6|Rx|d|8|803D80087FE3B8A0
11.574609|1b0|Rx|d|4|FF00FFC0
11.574609|29a|Rx|d|8|00000000000006F9
11.574609|2b7|Rx|d|5|00E0FFFE00
11.574609|5d7|Rx|d|7|000008125200C0
11.574609|211|Rx|d|8|8200FFFFA90000CC
11.574609|214|Rx|d|2|0000
11.574609|12e|Rx|d|8|CA80007FF0FFFF00
11.574609|90|Rx|d|5|FF000DC400
11.574609|c6|Rx|d|8|803D7FF87FE3BAAF
11.574609|242|Rx|d|8|1280FFFFFFFFFD00
11.574609|29c|Rx|d|8|00000000FFFF0000
11.574609|352|Rx|d|4|5C0000FF
11.574609|392|Rx|d|5|0006000000
11.609070|12e|Rx|d|8|CA80007FF0FFFF00
11.609070|90|Rx|d|5|FF000E1000
11.609070|c6|Rx|d|8|803D80007FE3BCA4
11.609070|29a|Rx|d|8|00000000000007F8
11.609070|2b7|Rx|d|5|00E0FFFE00
11.609070|350|Rx|d|8|C22F3AF01414A485
11.609070|666|Rx|d|4|34000008
11.609070|1b0|Rx|d|4|FF00FFC0
11.609070|4de|Rx|d|3|C00000
11.609070|55d|Rx|d|8|00FC50C090800000
11.609070|4f8|Rx|d|8|94C0000000000000
11.609070|211|Rx|d|8|8200FFFFA90000CC
11.609070|214|Rx|d|2|0000
11.609070|12e|Rx|d|8|CA80007FF0FFFF00
11.609070|90|Rx|d|5|FF000F5C00
11.609070|c6|Rx|d|8|803D80007FE3BEA2
11.609070|242|Rx|d|8|1280FFFFFFFFFD00
11.609070|29c|Rx|d|8|00000000FFFF0000
11.609070|354|Rx|d|8|0000000000000000
11.609070|12e|Rx|d|8|CA80007FF0FFFF00
11.609070|90|Rx|d|5|FF0000FF00
11.609070|c6|Rx|d|8|803D80007FE3A0C0
11.609070|1b0|Rx|d|4|FF00FFC0
11.609070|29a|Rx|d|8|00000000000008F7
11.609070|2b7|Rx|d|5|00E0FFFE00
11.609070|5de|Rx|d|8|0000000000000002
11.609070|3b7|Rx|d|6|00007FC000C0
11.609070|211|Rx|d|8|8200FFFFA90000CC
11.609070|214|Rx|d|2|0000
11.609070|12e|Rx|d|8|CA80007FF0FFFF00
11.609070|90|Rx|d|5|FF0001B300
11.609070|c6|Rx|d|8|803D80007FE3A2BE
11.609070|242|Rx|d|8|1280FFFFFFFFFD00
11.609070|29c|Rx|d|8|00000000FFFF0000
11.609070|352|Rx|d|4|5C0000FF
11.609070|5df|Rx|d|3|009500
11.642698|12e|Rx|d|8|CA80007FF0FFFF00
11.642698|90|Rx|d|5|FF00026700
11.642698|c6|Rx|d|8|803D80007FE3A4BC
11.642698|1b0|Rx|d|4|FF00FFC0
11.642698|29a|Rx|d|8|00000000000009F6
11.642698|2b7|Rx|d|5|00E0FFFE00
11.642698|657|Rx|d|2|C0CC
11.642698|211|Rx|d|8|8200FFFFA90000CC
11.642698|214|Rx|d|2|0000
11.642698|218|Rx|d|1|98
11.642698|4fa|Rx|d|2|0800
11.642698|671|Rx|d|2|0200
11.642698|392|Rx|d|5|0006000000
11.642698|668|Rx|d|2|8000
11.642698|12e|Rx|d|8|CA80007FF0FFFF00
11.642698|90|Rx|d|5|FF00032B00
11.642698|c6|Rx|d|8|803D80007FE3A6BA
11.642698|242|Rx|d|8|1280FFFFFFFFFD00
11.642698|29c|Rx|d|8|00000000FFFF0000
11.642698|354|Rx|d|8|0000000000000000
11.642698|4ac|Rx|d|5|83712A0080
11.642698|45c|Rx|d|6|00000000FFE0
11.642698|6af|Rx|d|5|0000000000
11.642698|12e|Rx|d|8|CA80007FF0FFFF00
11.642698|90|Rx|d|5|FF0004D200
11.642698|c6|Rx|d|8|803D80007FE3A8B8
11.642698|1b0|Rx|d|4|FF00FFC0
11.642698|29a|Rx|d|8|0000000000000AF5
11.642698|2b7|Rx|d|5|00E0FFFE00
11.642698|211|Rx|d|8|8200FFFFA90000CC
11.642698|214|Rx|d|2|0000
11.676280|12e|Rx|d|8|C980007FF0FFFF00
11.676280|90|Rx|d|5|FF00059E00
11.676280|c6|Rx|d|8|803D80007FE3AAB6
11.676280|242|Rx|d|8|1280FFFFFFFFFD00
11.676280|29c|Rx|d|8|00000000FFFF0000
11.676280|352|Rx|d|4|5C0000FF
11.676280|12e|Rx|d|8|C980007FF0FFFF00
11.676280|90|Rx|d|5|FF00064A00
11.676280|c6|Rx|d|8|803D80087FE3ACAC
11.676280|1b0|Rx|d|4|FF00FFC0
11.676280|29a|Rx|d|8|0000000000000BF4
11.676280|2b7|Rx|d|5|00E0FFFE00
11.676280|5d7|Rx|d|7|000008125200C0
11.676280|211|Rx|d|8|8200FFFFA90000CC
11.676280|214|Rx|d|2|0000
11.676280|12e|Rx|d|8|CA7FFF7FF0FFFF00
11.676280|90|Rx|d|5|FF00070600
11.676280|c6|Rx|d|8|803D7FF87FE3AEBB
11.676280|242|Rx|d|8|1280FFFFFFFFFD00
11.676280|29c|Rx|d|8|00000000FFFF0000
11.676280|354|Rx|d|8|0000000000000000
11.676280|392|Rx|d|5|0006000000
11.678814|12e|Rx|d|8|CA7FFF7FF0FFFF00
11.678814|90|Rx|d|5|FF0008A500
11.678814|c6|Rx|d|8|803D80007FE3B0B0
11.678814|29a|Rx|d|8|0000000000000CF3
11.678814|2b7|Rx|d|5|00E0FFFE00
11.678814|350|Rx|d|8|C22F3AF01414A485
11.680814|666|Rx|d|4|34000008
11.680814|1b0|Rx|d|4|FF00FFC0
11.680814|4de|Rx|d|3|C00000
11.680814|55d|Rx|d|8|00FC50C090800000
11.680814|4f8|Rx|d|8|94C0000000000000
11.680814|211|Rx|d|8|8200FFFFA90000CC
11.680814|214|Rx|d|2|0000
11.688809|12e|Rx|d|8|CA7FFF7FF0FFFF00
11.688809|90|Rx|d|5|FF0009E900
11.688809|c6|Rx|d|8|803D80007FE3B2AE
11.688809|242|Rx|d|8|1280FFFFFFFFFD00
11.688809|29c|Rx|d|8|00000000FFFF0000
11.688809|352|Rx|d|4|5C0000FF
11.698801|12e|Rx|d|8|CA7FFF7FF0FFFF00
11.698801|90|Rx|d|5|FF000A3D00
11.698801|c6|Rx|d|8|803D80007FE3B4AC
11.698801|1b0|Rx|d|4|FF00FFC0
11.698801|29a|Rx|d|8|0000000000000DF2
11.698801|2b7|Rx|d|5|00E0FFFE00
11.698801|5de|Rx|d|8|0000000000000002
11.698801|3b7|Rx|d|6|00007FC000C0
11.698801|211|Rx|d|8|8200FFFFA90000CC
11.698801|214|Rx|d|2|0000
11.708795|12e|Rx|d|8|CA80007FF0FFFF00
11.708795|90|Rx|d|5|FF000B7100
11.708795|c6|Rx|d|8|803D80007FE3B6AA
11.708795|242|Rx|d|8|1280FFFFFFFFFD00
11.708795|29c|Rx|d|8|00000000FFFF0000
11.708795|354|Rx|d|8|0000000000000000
11.708795|5df|Rx|d|3|009500
11.718791|12e|Rx|d|8|CA80007FF0FFFF00
11.718791|90|Rx|d|5|FF000C8800
11.718791|c6|Rx|d|8|803D80007FE3B8A8
11.718791|1b0|Rx|d|4|FF00FFC0
11.718791|29a|Rx|d|8|0000000000000EF1
11.718791|2b7|Rx|d|5|00E0FFFE00
11.718791|657|Rx|d|2|C0CC
11.724785|211|Rx|d|8|8200FFFFA90000CC
11.724785|214|Rx|d|2|0000
11.724785|218|Rx|d|1|98
11.724785|4fa|Rx|d|2|0800
11.724785|671|Rx|d|2|0200
11.726478|392|Rx|d|5|0006000000
11.726478|668|Rx|d|2|8000
11.727955|12e|Rx|d|8|CA80007FF0FFFF00
11.727955|90|Rx|d|5|FF000DC400
11.727955|c6|Rx|d|8|803D80007FE3BAA6
11.727955|242|Rx|d|8|1280FFFFFFFFFD00
11.727955|29c|Rx|d|8|00000000FFFF0000
11.727955|352|Rx|d|4|5C0000FF
11.727955|4ac|Rx|d|5|83712A0080
11.727955|45c|Rx|d|6|00000000FFE0
11.733951|6af|Rx|d|5|0000000000
11.739947|12e|Rx|d|8|CA80007FF0FFFF00
11.739947|90|Rx|d|5|FF000E1000
11.739947|c6|Rx|d|8|803D80007FE3BCA4
11.739947|1b0|Rx|d|4|FF00FFC0
11.739947|29a|Rx|d|8|0000000000000FF0
11.739947|2b7|Rx|d|5|00E0FFFE00
11.739947|211|Rx|d|8|8200FFFFA90000CC
11.739947|214|Rx|d|2|0000
11.747941|12e|Rx|d|8|CA80007FF0FFFF00
11.747941|90|Rx|d|5|FF000F5C00
11.747941|c6|Rx|d|8|803D80007FE3BEA2
11.747941|242|Rx|d|8|1280FFFFFFFFFD00
11.747941|29c|Rx|d|8|00000000FFFF0000
11.747941|354|Rx|d|8|0000000000000000
11.757937|12e|Rx|d|8|CA80007FF0FFFF00
11.757937|90|Rx|d|5|FF0000FF00
11.757937|c6|Rx|d|8|803D80087FE3A0B8
11.757937|1b0|Rx|d|4|FF00FFC0
11.759935|29a|Rx|d|8|00000000000000FF
11.759935|2b7|Rx|d|5|00E0FFFE00
11.759935|5d7|Rx|d|7|000008125200C0
11.759935|211|Rx|d|8|8200FFFFA90000CC
11.759935|214|Rx|d|2|0000
11.767930|12e|Rx|d|8|CB80007FF0FFFF00
11.767930|90|Rx|d|5|FF0001B300
11.767930|c6|Rx|d|8|803D7FF87FE3A2C7
11.767930|242|Rx|d|8|1280FFFFFFFFFD00
11.767930|29c|Rx|d|8|00000000FFFF0000
11.767930|352|Rx|d|4|5C0000FF
11.775927|392|Rx|d|5|0006000000
11.775927|12e|Rx|d|8|CB80007FF0FFFF00
11.775927|90|Rx|d|5|FF00026700
11.808969|c6|Rx|d|8|803D80107FE3A4AC
11.808969|29a|Rx|d|8|00000000000001FE
11.824593|2b7|Rx|d|5|00E0FFFE00
11.824593|350|Rx|d|8|C22F3AF01414A485
11.824593|666|Rx|d|4|34000008
11.824593|1b0|Rx|d|4|FF00FFC0
11.824593|4de|Rx|d|3|C00000
11.824593|55d|Rx|d|8|00FC50C090800000
11.824593|4f8|Rx|d|8|94C0000000000000
11.824593|211|Rx|d|8|8200FFFFA90000CC
11.824593|214|Rx|d|2|0000
11.824593|12e|Rx|d|8|CA80007FF0FFFF00
11.824593|90|Rx|d|5|FF00032B00
11.824593|c6|Rx|d|8|803D7FF07FE3A6CB
11.824593|242|Rx|d|8|1280FFFFFFFFFD00
11.824593|29c|Rx|d|8|00000000FFFF0000
11.824593|354|Rx|d|8|0000000000000000
11.824593|12e|Rx|d|8|CA80007FF0FFFF00
11.824593|90|Rx|d|5|FF0004D200
11.824593|c6|Rx|d|8|803D80007FE3A8B8
11.824593|1b0|Rx|d|4|FF00FFC0
11.824593|29a|Rx|d|8|00000000000002FD
11.824593|2b7|Rx|d|5|00E0FFFE00
11.824593|5de|Rx|d|8|0000000000000002
11.824593|3b7|Rx|d|6|00007FC000C0
11.824593|211|Rx|d|8|8200FFFFA90000CC
11.824593|214|Rx|d|2|0000
11.824593|12e|Rx|d|8|CA80007FF0FFFF00
11.824593|90|Rx|d|5|FF00059E00
11.824593|c6|Rx|d|8|803D80007FE3AAB6
11.824593|242|Rx|d|8|1280FFFFFFFFFD00
11.824593|29c|Rx|d|8|00000000FFFF0000
11.824593|352|Rx|d|4|5C0000FF
11.824593|5df|Rx|d|3|009500
11.824593|12e|Rx|d|8|CA80007FF0FFFF00
11.824593|90|Rx|d|5|FF00064A00
11.824593|c6|Rx|d|8|803D80007FE3ACB4
11.824593|1b0|Rx|d|4|FF00FFC0
11.824593|29a|Rx|d|8|00000000000003FC
11.824593|2b7|Rx|d|5|00E0FFFE00
11.824593|657|Rx|d|2|C0CC
11.824593|211|Rx|d|8|8200FFFFA90000CC
11.824593|214|Rx|d|2|0000
11.824593|218|Rx|d|1|98
11.824593|4fa|Rx|d|2|0800
11.824593|671|Rx|d|2|0200
11.824593|392|Rx|d|5|0006000000
11.824593|668|Rx|d|2|8000
11.857276|12e|Rx|d|8|CA80007FF0FFFF00
11.857276|90|Rx|d|5|FF00070600
11.857276|c6|Rx|d|8|803D80007FE3AEB2
11.857276|242|Rx|d|8|1280FFFFFFFFFD00
11.857276|29c|Rx|d|8|00000000FFFF0000
11.857276|354|Rx|d|8|0000000000000000
11.857276|4ac|Rx|d|5|83712A0080
11.857276|45c|Rx|d|6|00000000FFE0
11.857276|6af|Rx|d|5|0000000000
11.857276|12e|Rx|d|8|CA80007FF0FFFF00
11.857276|90|Rx|d|5|FF0008A500
11.857276|c6|Rx|d|8|803D80007FE3B0B0
11.857276|1b0|Rx|d|4|FF00FFC0
11.857276|29a|Rx|d|8|00000000000004FB
11.857276|2b7|Rx|d|5|00E0FFFE00
11.857276|211|Rx|d|8|8200FFFFA90000CC
11.857276|214|Rx|d|2|0000
11.857276|12e|Rx|d|8|CA80007FF0FFFF00
11.857276|90|Rx|d|5|FF0009E900
11.857276|c6|Rx|d|8|803D80007FE3B2AE
11.857276|242|Rx|d|8|1280FFFFFFFFFD00
11.857276|29c|Rx|d|8|00000000FFFF0000
11.857276|352|Rx|d|4|5C0000FF
11.857276|12e|Rx|d|8|CA80007FF0FFFF00
11.857276|90|Rx|d|5|FF000A3D00
11.857276|c6|Rx|d|8|803D80007FE3B4AC
11.857276|1b0|Rx|d|4|FF00FFC0
11.857276|29a|Rx|d|8|00000000000005FA
11.857276|2b7|Rx|d|5|00E0FFFE00
11.857276|5d7|Rx|d|7|000008125200C0
11.905811|211|Rx|d|8|8200FFFFA90000CC
11.905811|214|Rx|d|2|0000
11.905811|12e|Rx|d|8|CA7FFF7FF0FFFF00
11.905811|90|Rx|d|5|FF000B7100
11.905811|c6|Rx|d|8|803D80007FE3B6AA
11.905811|242|Rx|d|8|1280FFFFFFFFFD00
11.905811|29c|Rx|d|8|00000000FFFF0000
11.905811|354|Rx|d|8|0000000000000000
11.905811|392|Rx|d|5|0006000000
11.905811|12e|Rx|d|8|CA7FFF7FF0FFFF00
11.905811|90|Rx|d|5|FF000C8800
11.905811|c6|Rx|d|8|803D80007FE3B8A8
11.905811|29a|Rx|d|8|00000000000006F9
11.905811|2b7|Rx|d|5|00E0FFFE00
11.905811|350|Rx|d|8|C22F3AF01414A485
11.905811|666|Rx|d|4|34000008
11.905811|1b0|Rx|d|4|FF00FFC0
11.905811|4de|Rx|d|3|C00000
11.905811|55d|Rx|d|8|00FC50C090800000
11.905811|4f8|Rx|d|8|94C0000000000000
11.905811|211|Rx|d|8|8200FFFFA90000CC
11.905811|214|Rx|d|2|0000
11.905811|12e|Rx|d|8|CA7FFF7FF0FFFF00
11.905811|90|Rx|d|5|FF000DC400
11.905811|c6|Rx|d|8|803D80007FE3BAA6
11.905811|242|Rx|d|8|1280FFFFFFFFFD00
11.905811|29c|Rx|d|8|00000000FFFF0000
11.905811|352|Rx|d|4|5C0000FF
11.921436|12e|Rx|d|8|CA7FFF7FF0FFFF00
11.921436|90|Rx|d|5|FF000E1000
11.921436|c6|Rx|d|8|803D80007FE3BCA4
11.921436|1b0|Rx|d|4|FF00FFC0
11.921436|29a|Rx|d|8|00000000000007F8
11.921436|2b7|Rx|d|5|00E0FFFE00
11.921436|5de|Rx|d|8|0000000000000002
11.921436|3b7|Rx|d|6|00007FC000C0
11.921436|211|Rx|d|8|8200FFFFA90000CC
11.921436|214|Rx|d|2|0000
11.921436|12e|Rx|d|8|C97FFF7FF0FFFF00
11.921436|90|Rx|d|5|FF000F5C00
11.921436|c6|Rx|d|8|803D80007FE3BEA2
11.921436|242|Rx|d|8|1280FFFFFFFFFD00
11.921436|29c|Rx|d|8|00000000FFFF0000
11.921436|354|Rx|d|8|0000000000000000
11.921436|5df|Rx|d|3|009500
11.921436|12e|Rx|d|8|C97FFF7FF0FFFF00
11.921436|90|Rx|d|5|FF0000FF00
11.921436|c6|Rx|d|8|803D80007FE3A0C0
11.921436|1b0|Rx|d|4|FF00FFC0
11.921436|29a|Rx|d|8|00000000000008F7
11.921436|2b7|Rx|d|5|00E0FFFE00
11.921436|657|Rx|d|2|C0CC
11.921436|211|Rx|d|8|8200FFFFA90000CC
11.921436|214|Rx|d|2|0000
11.921436|218|Rx|d|1|98
11.921436|4fa|Rx|d|2|0800
11.921436|671|Rx|d|2|0200
11.959623|392|Rx|d|5|0006000000
11.959623|668|Rx|d|2|8000
11.959623|12e|Rx|d|8|CA7FFF7FF0FFFF00
11.959623|90|Rx|d|5|FF0001B300
11.959623|c6|Rx|d|8|803D80007FE3A2BE
11.959623|242|Rx|d|8|1280FFFFFFFFFD00
11.959623|29c|Rx|d|8|00000000FFFF0000
11.959623|352|Rx|d|4|5C0000FF
11.959623|4ac|Rx|d|5|83712A0080
11.959623|45c|Rx|d|6|00000000FFE0
11.959623|6af|Rx|d|5|0000000000
11.959623|12e|Rx|d|8|CA7FFF7FF0FFFF00
11.959623|90|Rx|d|5|FF00026700
11.959623|c6|Rx|d|8|803D80007FE3A4BC
11.959623|1b0|Rx|d|4|FF00FFC0
11.959623|29a|Rx|d|8|00000000000009F6
11.959623|2b7|Rx|d|5|00E0FFFE00
11.959623|211|Rx|d|8|8200FFFFA90000CC
11.959623|214|Rx|d|2|0000
11.975250|12e|Rx|d|8|CA7FFF7FF0FFFF00
11.975250|90|Rx|d|5|FF00032B00
11.975250|c6|Rx|d|8|803D80007FE3A6BA
11.975250|242|Rx|d|8|1280FFFFFFFFFD00
11.975250|29c|Rx|d|8|00000000FFFF0000
11.975250|354|Rx|d|8|0000000000000000
11.975250|12e|Rx|d|8|CA7FFF7FF0FFFF00
11.975250|90|Rx|d|5|FF0004D200
11.975250|c6|Rx|d|8|803D80007FE3A8B8
11.975250|1b0|Rx|d|4|FF00FFC0
11.975250|29a|Rx|d|8|0000000000000AF5
11.975250|2b7|Rx|d|5|00E0FFFE00
11.975250|5d7|Rx|d|7|000008125200C0
11.975250|211|Rx|d|8|8200FFFFA90000CC
11.975250|214|Rx|d|2|0000
11.975250|12e|Rx|d|8|CA80007FF0FFFF00
11.975250|90|Rx|d|5|FF00059E00
11.975250|c6|Rx|d|8|803D80087FE3AAAE
11.975250|242|Rx|d|8|1280FFFFFFFFFD00
11.975250|29c|Rx|d|8|00000000FFFF0000
11.975250|352|Rx|d|4|5C0000FF
11.975250|392|Rx|d|5|0006000000
12.023615|12e|Rx|d|8|CA80007FF0FFFF00
12.023615|90|Rx|d|5|FF00064A00
12.023615|c6|Rx|d|8|803D7FF87FE3ACBD
12.023615|29a|Rx|d|8|0000000000000BF4
12.023615|2b7|Rx|d|5|00E0FFFE00
12.023615|350|Rx|d|8|C22F3AF01414A485
12.023615|666|Rx|d|4|34000008
12.023615|1b0|Rx|d|4|FF00FFC0
12.023615|4de|Rx|d|3|C00000
12.023615|55d|Rx|d|8|00FC50C090800000
12.023615|4f8|Rx|d|8|94C0000000000000
12.023615|211|Rx|d|8|8200FFFFA90000CC
12.023615|214|Rx|d|2|0000
12.023615|12e|Rx|d|8|CA80007FF0FFFF00
12.023615|90|Rx|d|5|FF00070600
12.023615|c6|Rx|d|8|803D80087FE3AEAA
12.023615|242|Rx|d|8|1280FFFFFFFFFD00
12.023615|29c|Rx|d|8|00000000FFFF0000
12.023615|354|Rx|d|8|0000000000000000
12.023615|6fb|Rx|d|8|0F03FF00FF0000FF
12.023615|12e|Rx|d|8|CA80007FF0FFFF00
12.023615|90|Rx|d|5|FF0008A500
12.023615|c6|Rx|d|8|803D7FF87FE3B0B9
12.023615|1b0|Rx|d|4|FF00FFC0
12.023615|29a|Rx|d|8|0000000000000CF3
12.023615|2b7|Rx|d|5|00E0FFFE00
12.023615|5de|Rx|d|8|0000000000000002
12.023615|3b7|Rx|d|6|00007FC000C0
12.023615|211|Rx|d|8|8200FFFFA90000CC
12.023615|214|Rx|d|2|0000
12.023615|12e|Rx|d|8|CA80007FF0FFFF00
12.023615|90|Rx|d|5|FF0009E900
12.023615|c6|Rx|d|8|803D80007FE3B2AE
12.023615|242|Rx|d|8|1280FFFFFFFFFD00
12.023615|29c|Rx|d|8|00000000FFFF0000
12.023615|352|Rx|d|4|5C0000FF
12.023615|5df|Rx|d|3|009500
12.023615|646|Rx|d|8|000000020000000C
12.023615|12e|Rx|d|8|CA80007FF0FFFF00
12.023615|90|Rx|d|5|FF000A3D00
12.023615|c6|Rx|d|8|803D80087FE3B4A4
12.023615|1b0|Rx|d|4|FF00FFC0
12.023615|29a|Rx|d|8|0000000000000DF2
12.023615|2b7|Rx|d|5|00E0FFFE00
12.023615|657|Rx|d|2|C0CC
12.023615|5ce|Rx|d|3|FEFF00
12.023615|211|Rx|d|8|8200FFFFA90000CC
12.023615|214|Rx|d|2|0000
12.023615|218|Rx|d|1|98
12.023615|4fa|Rx|d|2|0800
12.023615|671|Rx|d|2|0200
12.023615|392|Rx|d|5|0006000000
12.023615|668|Rx|d|2|8000
12.058843|12e|Rx|d|8|CA80007FF0FFFF00
12.058843|90|Rx|d|5|FF000B7100
12.058843|c6|Rx|d|8|803D7FF87FE3B6B3
12.058843|242|Rx|d|8|1280FFFFFFFFFD00
12.058843|29c|Rx|d|8|00000000FFFF0000
12.058843|354|Rx|d|8|0000000000000000
12.058843|4ac|Rx|d|5|83712A0080
12.058843|45c|Rx|d|6|00000000FFE0
12.058843|6af|Rx|d|5|0000000000
12.058843|12e|Rx|d|8|CA80007FF0FFFF00
12.058843|90|Rx|d|5|FF000C8800
12.058843|c6|Rx|d|8|803D80007FE3B8A8
12.058843|1b0|Rx|d|4|FF00FFC0
12.058843|29a|Rx|d|8|0000000000000EF1
12.058843|2b7|Rx|d|5|00E0FFFE00
12.058843|211|Rx|d|8|8200FFFFA90000CC
12.058843|214|Rx|d|2|0000
12.058843|12e|Rx|d|8|CA80007FF0FFFF00
12.058843|90|Rx|d|5|FF000DC400
12.058843|c6|Rx|d|8|803D80007FE3BAA6
12.058843|242|Rx|d|8|1280FFFFFFFFFD00
12.058843|29c|Rx|d|8|00000000FFFF0000
12.058843|352|Rx|d|4|5C0000FF
12.058843|12e|Rx|d|8|CA80007FF0FFFF00
12.058843|90|Rx|d|5|FF000E1000
12.058843|c6|Rx|d|8|803D80007FE3BCA4
12.058843|1b0|Rx|d|4|FF00FFC0
12.058843|211|Rx|d|8|8200FFFFA90000CC
12.058843|214|Rx|d|2|0000
12.091477|392|Rx|d|5|0006000000
12.091477|350|Rx|d|8|C22F3AF01414A485
12.091477|1b0|Rx|d|4|FF00FFC0
12.091477|4de|Rx|d|3|C00000
12.091477|55d|Rx|d|8|00FC50C090800000
12.091477|4f8|Rx|d|8|94C0000000000000
12.125219|1b0|Rx|d|4|FF00FFC0
12.125219|5de|Rx|d|8|0000000000000002
12.125219|5df|Rx|d|3|009500
12.125219|1b0|Rx|d|4|FF00FFC0
12.127342|392|Rx|d|5|0006000000
12.127342|668|Rx|d|2|8000
