LogID,LogEntryDate,LogEntryTime,LogEntrySeconds,LogNotes,Напряжение батареи ( В),Температура охлаждающей жидкости ( °С),Обороты  двигателя ( об/мин),Скорость автомобиля ( км/час),Угол опережения зажигания ( °ПКВ),Длительность импульса впрыска ( мс),Положение дроссельной заслонки ( %),Положение педали газа ( %),Относительное заполнение воздухом ( %),Желаемое значение коэффициента лямбда (-),Напряжение датчика кислорода 1 ( В),Период сигнала датчика кислорода 1 ( с),Напряжение датчика кислорода 2 ( В),Текущий коэффициент коррекции длительности впрыска топлива (-),Фактор высотной коррекции (-),Адаптированное отклонение расхода воздуха во впускном колекторе мимо дросселя ( кг),Мультипликативная составляющая коррекции смеси самообучением (-),I-часть регулирования по датчику кислорода 2 (-),Фактор старения нейтрализатора (-),Расход топлива ( л/час),Температура впускного воздуха ( °С),Коэффициент продувки адсорбера ( %),Концентрация топлива в адсорбере (-),Величина отскока УОЗ при детонации ( °ПКВ),Желаемые обороты холостого хода ( об/мин),Разница крутящего момента от адаптированного крутящего момента ( %),Нормальная утечка воздуха через дроссель (-),Потребность в моменте для регулирования ХХ: I-часть ( %),Потребность в моменте для регулирования ХХ: PD-часть ( %),Температура охлаждающей жидкости при пуске ( °С),Проверка нейтрализатора завершена (-),Проверка системы улавливания паров бензина завершена (-),Проверка первого датчика кислорода завершена (-),Проверка второго датчика кислорода завершена (-),Контроллер обучен (-),Контроллер заблокирован (-),Запуск с обходом возможен (-),Пароль обхода запрограммирован (-),Ошибка связи с иммобилизатором (-),Быстрый старт разрешен (-),Реле бензонасоса (-),Флаг нажатия педали тормоза 2 (-),Флаг нажатия педали сцепления (-),Запрос на включение кондиционера (-),Реле кондиционера включено (-),Флаг высокого давления в системе кондиционера (-),Реле вентилятора охлаждения 1 (-),Реле вентилятора охлаждения 2 (-),Холостой ход (-),Признак обогащения по мощности  (-),Продувка адсорбера активирована (-),Готовность датчика кислорода 1 (-),Флаг обратной связи по датчику кислорода 1 (-),Готовность датчика кислорода 2 (-),Обратная связь по датчику кислорода 2 (-),Признак разрешения адаптации топливоподачи (-),Отсечка топливоподачи (-),Контроль детонации активен (-),Динамический счетчик не равен нулю (-),Обнаружение пропусков зажигания приостановлено (-),Признак обнаружения неровной дороги (-),Флаг нажатия педали тормоза 1 (-),Регистрация активна (-),Лампа индикации неисправностей (-),Время работы (-),Контрольная сумма ПЗУ (-),АБС присутствует (-),ESP присутствует (-),АКПП присутствует (-),ЦБКЭ присутствует (-),Круиз-контроль присутствует (-),Датчик скорости автомобиля присутствует (-),Окончание обучения электронных устройств (-),Клапан управления длиной каналов системы впуска (-),Доп. реле стартера (-),Цикловое наполнение по датчику абсолютного давления во впускном коллекторе ( мг/ц),Измеренное давление во впускном коллекторе ( мБар),Параметр адаптации демпфера в диапазоне 1  ( °),Параметр адаптации демпфера в диапазоне 2 ( °),Параметр адаптации демпфера в диапазоне 3 ( °),Параметр адаптации демпфера в диапазоне 4 ( °),Счетчик пропусков воспламенения для цилиндра 1. влияющих на токсичность (-),Счетчик пропусков воспламенения для цилиндра 3. влияющих на токсичность (-),Счетчик пропусков воспламенения для цилиндра 4. влияющих на токсичность (-),Счетчик пропусков воспламенения для цилиндра 2. влияющих на токсичность (-),Суммарный счетчик пропусков воспламенения. влияющих на работу нейтрализатора (-),Запрет распознавания. обороты меньше минимальных (-),Запрет распознавания. обороты больше максимальных (-),Запрет распознавания. изменение нагрузки (-),Запрет распознавания. изменение динамики двигателя (-),Запрет распознавания. нагрузка меньше порога (-),Условия отключения топливоподачи (-),Распознавание пропусков воспламенения приостановлено (-),Обучение в диапазоне 1 завершено (-),Обучение в диапазоне 2 завершено (-),Обучение в диапазоне 3 завершено (-),Обучение в диапазоне 4 завершено (-),Счетчик пропусков в цилиндре 1 за текущую поездку (-),Счетчик пропусков в цилиндре 3 за текущую поездку (-),Счетчик пропусков в цилиндре 4 за текущую поездку (-),Счетчик пропусков в цилиндре 2 за текущую поездку (-),Относительный уровень регулировки по детонации в цилиндре 1 (В),Относительный уровень регулировки по детонации в цилиндре 3 (В),Относительный уровень регулировки по детонации в цилиндре 4 (В),Относительный уровень регулировки по детонации в цилиндре 2 (В),Отскок угла опережения зажигания при детонации для цилиндра 1 ( °),Отскок угла опережения зажигания при детонации для цилиндра 3 ( °),Отскок угла опережения зажигания при детонации для цилиндра 4 ( °),Отскок угла опережения зажигания при детонации для цилиндра 2 ( °),Базовый угол опережения зажигания ( °),Максимальная задержка УОЗ ( °),АЦП Бортовое напряжение (В),АЦП Датчик температуры охлаждающей жидкости (В),АЦП Датчик температуры воздуха во впускном коллекторе (В),АЦП Напряжение датчика абсолютного давления во впускном коллекторе (В),АЦП Датчик положения дроссельной заслонки 1 (В),АЦП Датчик положения дроссельной заслонки 2 (В),АЦП Датчик положения педали газа 1 (В),АЦП Датчик положения педали газа 2 (В),АЦП Датчик кислорода 1 (В),АЦП Сопротивление датчика кислорода 1 (Ом),АЦП Датчик кислорода 2 (В),АЦП Сопротивление датчика кислорода 2 (Ом),АЦП Датчик детонации (В),АЦП Напряжение средней точки вентиляторов охлаждения (В),DFM Сигнал с генератора (-),Сигнал LT генератора (-),Сигнал с датчика давления масла (-),Круиз-конторль/ограничитель скорости разрешен (-),Круиз-конторль/ограничитель скорости активен (-),Круиз-конторль/ограничитель скорости вход 1 (-),Круиз-конторль/ограничитель скорости вход 2 (-),температура генератора ( °C),обороты генератора ( об/мин),
0,,,1,831,,12.30,7.50,0,0.0,-5.250,0.000,6.54,0.000,98.41,1.00,0.52,-0.88,0.52,1.000,1.02,0.00,1.051,0.00,0.90,0.000,8.3,0.000,0.496,0.000,1120,8.00,4.8,0.00,0.00,7.5,1,1,0,0,1,1,0,0,0,0,0,0,0,0,0,0,0,0,1,0,0,0,0,0,0,0,0,0,0,1,0,0,1,1,5154.8,0C,1,1,0,1,1,0,1,0,1,600.00,1016.19,,,,,,,,,,,,,,,,,,,,,,,,,,,,,,,,,,,,,,,,,,,,,,,,,,,,,,,,,,
1,,,2,232,,12.30,7.50,0,0.0,-5.250,0.000,6.54,0.000,98.41,1.00,0.51,-0.88,0.52,1.000,1.02,0.00,1.051,0.00,0.90,0.000,8.3,0.000,0.496,0.000,1120,8.00,4.8,0.00,0.00,7.5,1,1,0,0,1,1,0,0,0,0,0,0,0,0,0,0,0,0,1,0,0,0,0,0,0,0,0,0,0,1,0,0,1,1,5154.8,0C,1,1,0,1,1,0,1,0,1,600.00,1016.13,,,,,,,,,,,,,,,,,,,,,,,,,,,,,,,,,,,,,,,,,,,,,,,,,,,,,,,,,,
2,,,2,620,,12.30,7.50,0,0.0,-5.250,0.000,6.54,0.000,98.41,1.00,0.51,-0.88,0.51,1.000,1.02,0.00,1.051,0.00,0.90,0.000,8.3,0.000,0.496,0.000,1120,8.00,4.8,0.00,0.00,7.5,1,1,0,0,1,1,0,0,0,0,0,0,0,0,0,0,0,0,1,0,0,0,0,0,0,0,0,0,0,1,0,0,1,1,5154.8,0C,1,1,0,1,1,0,1,0,1,600.00,1016.13,,,,,,,,,,,,,,,,,,,,,,,,,,,,,,,,,,,,,,,,,,,,,,,,,,,,,,,,,,
3,,,3,004,,12.30,7.50,0,0.0,-5.250,0.000,6.54,0.000,98.41,1.00,0.51,-0.88,0.52,1.000,1.02,0.00,1.051,0.00,0.90,0.000,8.3,0.000,0.496,0.000,1120,8.00,4.8,0.00,0.00,7.5,1,1,0,0,1,1,0,0,0,0,0,0,0,0,0,0,0,0,1,0,0,0,0,0,0,0,0,0,0,1,0,0,1,1,5154.8,0C,1,1,0,1,1,0,1,0,1,600.00,1016.19,,,,,,,,,,,,,,,,,,,,,,,,,,,,,,,,,,,,,,,,,,,,,,,,,,,,,,,,,,
4,,,3,387,,12.30,-47.25,768,0.0,12.000,168.755,406.25,0.204,828.00,0.94,0.05,-0.63,0.00,0.375,0.02,-5.69,1.633,0.01,0.61,0.61,0.61,0.61,0.61,0.61,0.61,0.61,0.61,0.61,0.61,0.61,0.61,0.61,0.61,0.61,0.61,0.61,0.61,0.61,0.61,0.61,0.61,0.61,0.61,0.61,0.61,0.61,0.61,0.61,0.61,0.61,0.61,0.61,0.61,0.61,0.61,0.61,0.61,0.61,0.61,0.61,0.61,0.61,0.61,0.61,0.61,,,,,,,,,,,,,,,,,,,,,,,,,,,,,,,,,,,,,,,,,,,,,,,,,,,,,,,,,,,,,,,,,,,,,,
5,,,3,781,,12.30,7.50,0,0.0,-5.250,0.000,6.54,0.000,98.39,1.00,0.51,-0.88,0.52,1.000,1.02,0.00,1.051,0.00,0.90,0.000,8.3,0.000,0.496,0.000,1120,8.00,4.8,0.00,0.00,7.5,1,1,0,0,1,1,0,0,0,0,0,0,0,0,0,0,0,0,1,0,0,0,0,0,0,0,0,0,0,1,0,0,1,1,5154.8,0C,1,1,0,1,1,0,1,0,1,600.00,1016.19,,,,,,,,,,,,,,,,,,,,,,,,,,,,,,,,,,,,,,,,,,,,,,,,,,,,,,,,,,
6,,,4,174,,12.30,7.50,0,0.0,-5.250,0.000,6.54,0.000,98.39,1.00,0.51,-0.88,0.51,1.000,1.02,0.00,1.051,0.00,0.90,0.000,8.3,0.000,0.496,0.000,1120,8.00,4.8,0.00,0.00,7.5,1,1,0,0,1,1,0,0,0,0,0,0,0,0,0,0,0,0,1,0,0,0,0,0,0,0,0,0,0,1,0,0,1,1,5154.8,0C,1,1,0,1,1,0,1,0,1,600.00,1016.13,,,,,,,,,,,,,,,,,,,,,,,,,,,,,,,,,,,,,,,,,,,,,,,,,,,,,,,,,,
7,,,4,563,,12.30,7.50,0,0.0,-5.250,0.000,6.54,0.000,98.39,1.00,0.51,-0.88,0.52,1.000,1.02,0.00,1.051,0.00,0.90,0.000,8.3,0.000,0.496,0.000,1120,8.00,4.8,0.00,0.00,7.5,1,1,0,0,1,1,0,0,0,0,0,0,0,0,0,0,0,0,1,0,0,0,0,0,0,0,0,0,0,1,0,0,1,1,5154.8,0C,1,1,0,1,1,0,1,0,1,600.00,1016.00,,,,,,,,,,,,,,,,,,,,,,,,,,,,,,,,,,,,,,,,,,,,,,,,,,,,,,,,,,
8,,,4,952,,12.30,7.50,0,0.0,-5.250,0.000,6.54,0.000,98.39,1.00,0.51,-0.88,0.52,1.000,1.02,0.00,1.051,0.00,0.90,0.000,8.3,0.000,0.496,0.000,1120,8.00,4.8,0.00,0.00,7.5,1,1,0,0,1,1,0,0,0,0,0,0,0,0,0,0,0,0,1,0,0,0,0,0,0,0,0,0,0,1,0,0,1,1,5154.8,0C,1,1,0,1,1,0,1,0,1,600.00,1016.25,,,,,,,,,,,,,,,,,,,,,,,,,,,,,,,,,,,,,,,,,,,,,,,,,,,,,,,,,,
9,,,5,343,,12.30,7.50,0,0.0,-5.250,0.000,6.54,0.000,98.39,1.00,0.51,-0.88,0.52,1.000,1.02,0.00,1.051,0.00,0.90,0.000,8.3,0.000,0.496,0.000,1120,8.00,4.8,0.00,0.00,7.5,1,1,0,0,1,1,0,0,0,0,0,0,0,0,0,0,0,0,1,0,0,0,0,0,0,0,0,0,0,1,0,0,1,1,5154.8,0C,1,1,0,1,1,0,1,0,1,600.00,1016.00,,,,,,,,,,,,,,,,,,,,,,,,,,,,,,,,,,,,,,,,,,,,,,,,,,,,,,,,,,
10,,,5,734,,12.30,7.50,0,0.0,-5.250,0.000,6.54,0.000,98.41,1.00,0.51,-0.88,0.52,1.000,1.02,0.00,1.051,0.00,0.90,0.000,8.3,0.000,0.496,0.000,1120,8.00,4.8,0.00,0.00,7.5,1,1,0,0,1,1,0,0,0,0,0,0,0,0,0,0,0,0,1,0,0,0,0,0,0,0,0,0,0,1,0,0,1,1,5154.8,0C,1,1,0,1,1,0,1,0,1,600.00,1015.94,,,,,,,,,,,,,,,,,,,,,,,,,,,,,,,,,,,,,,,,,,,,,,,,,,,,,,,,,,
11,,,6,142,,12.30,7.50,0,0.0,-5.250,0.000,6.54,0.000,98.41,1.00,0.51,-0.88,0.52,1.000,1.02,0.00,1.051,0.00,0.90,0.000,8.3,0.000,0.496,0.000,1120,8.00,4.8,0.00,0.00,7.5,1,1,0,0,1,1,0,0,0,0,0,0,0,0,0,0,0,0,1,0,0,0,0,0,0,0,0,0,0,1,0,0,1,1,5154.8,0C,1,1,0,1,1,0,1,0,1,600.00,1016.00,,,,,,,,,,,,,,,,,,,,,,,,,,,,,,,,,,,,,,,,,,,,,,,,,,,,,,,,,,
12,,,6,535,,12.30,7.50,0,0.0,-5.250,0.000,6.54,0.000,98.41,1.00,0.51,-0.88,0.52,1.000,1.02,0.00,1.051,0.00,0.90,0.000,8.3,0.000,0.496,0.000,1120,8.00,4.8,0.00,0.00,7.5,1,1,0,0,1,1,0,0,0,0,0,0,0,0,0,0,0,0,1,0,0,0,0,0,0,0,0,0,0,1,0,0,1,1,5154.8,0C,1,1,0,1,1,0,1,0,1,600.00,1016.13,,,,,,,,,,,,,,,,,,,,,,,,,,,,,,,,,,,,,,,,,,,,,,,,,,,,,,,,,,
13,,,6,941,,9.70,7.50,139,0.0,-5.250,0.000,8.50,0.000,98.41,1.00,0.52,-0.88,0.52,1.000,1.02,0.00,1.051,0.00,0.90,0.000,8.3,0.000,0.496,0.000,1120,8.00,4.8,0.00,0.00,7.5,1,1,0,0,1,1,0,0,0,0,1,0,0,0,0,0,0,0,1,0,0,0,0,0,0,0,0,0,0,1,0,0,1,1,5154.8,0C,1,1,0,1,1,0,1,0,1,600.00,984.56,,,,,,,,,,,,,,,,,,,,,,,,,,,,,,,,,,,,,,,,,,,,,,,,,,,,,,,,,,
14,,,7,356,,10.70,7.50,151,0.0,-5.250,65.242,8.37,0.000,84.00,0.50,0.00,-1.34,0.69,0.007,0.00,0.03,0.000,0.01,0.75,0.241,-40.5,24.610,0.750,0.000,0,0.23,128.3,0.78,-43.38,108.8,0,1,0,0,0,1,0,1,1,1,1,1,0,1,1,0,0,1,0,0,1,0,0,0,0,0,1,1,1,1,1,0,0,0,7690.3,24,0,1,0,1,0,1,1,1,1,1,1,,,,,,,,,,,,,,,,,,,,,,,,,,,,,,,,,,,,,,,,,,,,,,,,,,,,,,,,,,
15,,,7,780,,11.10,7.50,410,0.0,3.750,19.917,8.37,0.000,69.63,1.00,0.51,-0.88,0.51,1.000,1.02,0.00,1.051,0.00,0.90,0.000,8.3,0.000,0.496,0.000,1120,8.00,4.8,0.00,0.00,7.5,1,1,0,0,1,1,0,0,0,0,1,0,0,0,0,0,0,0,1,0,0,0,0,0,0,0,0,0,0,1,0,0,1,1,5154.8,0C,1,1,0,1,1,0,1,0,1,362.75,790.94,,,,,,,,,,,,,,,,,,,,,,,,,,,,,,,,,,,,,,,,,,,,,,,,,,,,,,,,,,
16,,,8,183,,12.10,7.50,1434,0.0,14.250,10.662,7.10,0.000,37.78,1.00,0.52,-0.88,0.52,1.000,1.02,0.00,1.074,0.00,0.90,7.138,8.3,0.000,0.496,0.000,1120,8.00,4.8,0.00,-0.53,7.5,1,1,0,0,1,1,0,0,0,0,1,0,0,0,0,0,0,0,1,0,0,0,0,0,0,0,0,0,0,0,0,0,1,1,5154.8,0C,1,1,0,1,1,0,1,0,1,232.75,520.69,,,,,,,,,,,,,,,,,,,,,,,,,,,,,,,,,,,,,,,,,,,,,,,,,,,,,,,,,,
17,,,8,568,,12.40,-47.25,1792,0.0,3.750,149.101,203.13,40.369,620.98,0.50,0.00,-1.33,1.10,0.007,0.19,-0.79,0.000,0.01,0.75,0.241,-40.5,23.438,0.750,39.000,2550,-31.02,128.3,0.78,-48.07,108.8,0,1,0,0,0,1,0,1,1,1,1,1,0,1,1,0,0,1,0,0,0,0,0,0,0,0,0,0,1,1,0,0,0,0,3461.0,5F,0,1,0,1,0,1,1,1,1,1,1,,,,,,,,,,,,,,,,,,,,,,,,,,,,,,,,,,,,,,,,,,,,,,,,,,,,,,,,,,
18,,,8,972,,13.30,7.50,1249,0.0,13.500,8.608,6.86,0.000,32.41,1.00,0.52,-0.88,0.52,1.000,1.02,0.00,1.046,0.00,0.90,5.427,7.5,0.000,0.496,0.000,1120,7.99,4.8,0.65,-0.19,7.5,1,1,0,0,1,1,0,0,0,0,1,0,0,0,0,0,0,0,1,0,0,0,0,0,0,0,0,1,0,0,0,0,1,1,5154.8,0C,1,1,0,1,1,0,1,0,0,198.19,484.00,,,,,,,,,,,,,,,,,,,,,,,,,,,,,,,,,,,,,,,,,,,,,,,,,,,,,,,,,,
19,,,9,374,,14.00,7.50,1254,0.0,6.750,8.595,6.79,0.000,32.39,1.00,0.52,-0.88,0.52,1.000,1.02,0.00,1.046,0.00,0.90,5.427,7.5,0.000,0.496,0.000,1120,7.99,4.8,0.85,-0.24,7.5,1,1,0,0,1,1,0,0,0,0,1,0,0,0,0,0,0,0,1,0,0,0,0,0,0,0,0,1,0,0,0,0,1,1,5154.8,0C,1,1,0,1,1,0,1,0,0,197.56,480.19,,,,,,,,,,,,,,,,,,,,,,,,,,,,,,,,,,,,,,,,,,,,,,,,,,,,,,,,,,
20,,,9,760,,14.00,7.50,1243,0.0,8.250,8.109,6.79,0.000,31.80,1.00,0.51,-0.88,0.52,1.000,1.02,0.00,1.046,0.00,0.90,5.358,7.5,0.000,0.496,0.000,1120,7.99,4.8,0.81,-0.16,7.5,1,1,0,0,1,1,0,0,0,0,1,0,0,0,0,0,0,0,1,0,0,0,0,0,0,0,0,1,0,0,0,0,1,1,5154.8,0C,1,1,0,1,1,0,1,0,0,194.00,479.19,,,,,,,,,,,,,,,,,,,,,,,,,,,,,,,,,,,,,,,,,,,,,,,,,,,,,,,,,,
21,,,10,153,,14.00,7.50,1226,0.0,6.750,8.422,6.69,0.000,31.88,1.00,0.51,-0.88,0.52,1.000,1.02,0.00,1.046,0.00,0.90,5.358,7.5,0.000,0.496,0.000,1120,7.99,4.8,0.76,-0.13,7.5,1,1,0,0,1,1,0,0,0,0,1,0,0,0,0,0,0,0,1,0,0,0,0,0,0,0,0,1,0,0,0,0,1,1,5154.8,0C,1,1,0,1,1,0,1,0,0,193.88,481.56,,,,,,,,,,,,,,,,,,,,,,,,,,,,,,,,,,,,,,,,,,,,,,,,,,,,,,,,,,
22,,,10,540,,14.00,7.50,1192,0.0,9.000,8.614,6.49,0.000,31.90,1.00,0.51,-0.88,0.52,1.000,1.02,0.00,1.045,0.00,0.90,5.358,7.5,0.000,0.496,0.000,1120,7.99,4.8,0.70,-0.05,7.5,1,1,0,0,1,1,0,0,0,0,1,0,0,0,0,0,0,0,1,0,0,0,0,0,0,0,0,1,0,0,0,0,1,1,5154.8,0C,1,1,0,1,1,0,1,0,0,193.94,487.31,,,,,,,,,,,,,,,,,,,,,,,,,,,,,,,,,,,,,,,,,,,,,,,,,,,,,,,,,,
23,,,10,936,,14.00,7.50,1184,0.0,8.250,8.448,6.37,0.000,31.64,1.00,0.53,-0.88,0.52,1.000,1.02,0.00,1.045,0.00,0.90,4.990,7.5,0.000,0.496,0.000,1120,7.98,4.8,0.62,-0.04,7.5,1,1,0,0,1,1,0,0,0,0,1,0,0,0,0,0,0,0,1,0,0,0,0,0,0,0,0,1,0,0,0,0,1,1,5154.8,0C,1,1,0,1,1,0,1,0,0,192.56,484.56,,,,,,,,,,,,,,,,,,,,,,,,,,,,,,,,,,,,,,,,,,,,,,,,,,,,,,,,,,
24,,,11,341,,14.00,7.50,1154,0.0,10.500,8.467,6.08,0.000,31.59,1.00,0.52,-0.88,0.52,1.000,1.02,0.00,1.044,0.00,0.90,4.990,7.5,0.000,0.496,0.000,1120,7.98,4.8,0.61,0.00,7.5,1,1,0,0,1,1,0,0,0,0,1,0,0,0,0,0,0,0,1,0,0,0,0,0,0,0,0,1,0,0,0,0,1,1,5154.8,0C,1,1,0,1,1,0,1,0,0,191.88,484.56,,,,,,,,,,,,,,,,,,,,,,,,,,,,,,,,,,,,,,,,,,,,,,,,,,,,,,,,,,
25,,,11,720,,14.00,7.50,1135,0.0,12.750,8.000,6.08,0.000,31.05,1.00,0.52,-0.88,0.52,1.000,1.02,0.00,1.042,0.00,0.90,4.990,7.5,0.000,0.496,0.000,1120,7.98,4.8,0.64,0.00,7.5,1,1,0,0,1,1,0,0,0,0,1,0,0,0,0,0,0,0,1,0,0,0,0,0,0,0,0,1,0,0,0,0,1,1,5154.8,0C,1,1,0,1,1,0,1,0,0,189.19,480.25,,,,,,,,,,,,,,,,,,,,,,,,,,,,,,,,,,,,,,,,,,,,,,,,,,,,,,,,,,
26,,,12,103,,14.00,7.50,1123,0.0,14.250,7.763,6.01,0.000,30.87,1.00,0.52,-0.88,0.52,1.000,1.02,0.00,1.042,0.00,0.90,4.601,7.5,0.000,0.496,0.000,1120,7.98,4.8,0.72,0.00,7.5,1,1,0,0,1,1,0,0,0,0,1,0,0,0,0,0,0,0,1,0,0,0,0,0,0,0,0,1,0,0,0,0,1,1,5154.8,0C,1,1,0,1,1,0,1,0,0,188.19,478.50,,,,,,,,,,,,,,,,,,,,,,,,,,,,,,,,,,,,,,,,,,,,,,,,,,,,,,,,,,
27,,,12,518,,14.00,7.50,1112,0.0,15.000,7.942,6.01,0.000,30.89,0.50,0.00,-1.33,0.29,0.007,0.13,9.45,0.000,0.01,0.75,0.241,-40.5,21.875,0.750,0.750,0,26.79,128.3,0.78,-48.07,108.8,0,1,0,0,0,1,0,1,1,1,1,1,0,1,1,0,0,1,0,0,0,0,0,0,0,0,1,1,0,1,0,0,0,0,9562.3,2E,0,1,0,1,0,1,1,1,1,1,1,,,,,,,,,,,,,,,,,,,,,,,,,,,,,,,,,,,,,,,,,,,,,,,,,,,,,,,,,,
28,,,12,901,,14.00,7.50,1114,0.0,13.500,7.757,5.93,0.000,31.01,1.00,0.51,-0.88,0.52,1.000,1.02,0.00,1.042,0.00,0.90,4.332,7.5,0.000,0.496,0.000,1120,7.98,4.8,0.88,0.00,7.5,1,1,0,0,1,1,0,0,0,0,1,0,0,0,0,0,0,0,1,0,0,0,0,0,0,0,0,1,0,0,0,0,1,1,5154.8,0C,1,1,0,1,1,0,1,0,0,188.50,481.31,,,,,,,,,,,,,,,,,,,,,,,,,,,,,,,,,,,,,,,,,,,,,,,,,,,,,,,,,,
29,,,13,304,,14.00,7.50,1124,0.0,14.250,7.514,5.93,0.000,30.66,1.00,0.52,-0.88,0.52,1.000,1.02,0.00,1.042,0.00,0.90,4.332,7.5,0.000,0.496,0.000,1120,7.98,4.8,0.90,0.00,7.5,1,1,0,0,1,1,0,0,0,0,1,0,0,0,0,0,0,0,1,0,0,0,0,0,0,0,0,1,0,0,0,0,1,1,5154.8,0C,1,1,0,1,1,0,1,0,0,186.38,477.75,,,,,,,,,,,,,,,,,,,,,,,,,,,,,,,,,,,,,,,,,,,,,,,,,,,,,,,,,,
30,,,13,753,,14.00,7.50,1128,0.0,12.000,7.187,5.93,0.000,30.35,1.00,0.52,-0.88,0.52,1.000,1.02,0.00,1.041,0.00,0.90,4.332,7.5,0.000,0.496,0.000,1120,7.98,4.8,0.90,0.00,7.5,1,1,0,0,1,1,0,0,0,0,1,0,0,0,0,0,0,0,1,0,0,0,0,0,0,0,0,1,0,0,0,0,1,1,5154.8,0C,1,1,0,1,1,0,1,0,0,185.13,476.06,,,,,,,,,,,,,,,,,,,,,,,,,,,,,,,,,,,,,,,,,,,,,,,,,,,,,,,,,,
31,,,14,141,,14.00,7.50,1137,0.0,12.000,6.976,5.93,0.000,29.88,1.00,0.51,-0.88,0.52,1.000,1.02,0.00,1.039,0.00,0.90,4.061,7.5,0.000,0.496,0.000,1120,7.98,4.8,0.85,0.00,7.5,1,1,0,0,1,1,0,0,0,0,1,0,0,0,0,0,0,0,1,0,0,0,0,0,0,0,0,1,0,0,0,0,1,1,5154.8,0C,1,1,0,1,1,0,1,0,0,182.50,471.63,,,,,,,,,,,,,,,,,,,,,,,,,,,,,,,,,,,,,,,,,,,,,,,,,,,,,,,,,,
32,,,14,533,,14.00,7.50,1106,0.0,17.250,7.040,5.47,0.000,29.98,1.00,0.52,-0.88,0.52,1.000,1.02,0.00,1.039,0.00,0.90,4.061,7.5,0.000,0.496,0.000,1120,7.98,4.8,0.91,0.00,7.5,1,1,0,0,1,1,0,0,0,0,1,0,0,0,0,0,0,0,1,0,0,0,0,0,0,0,0,1,0,0,0,0,1,1,5154.8,0C,1,1,0,1,1,0,1,0,0,180.31,467.81,,,,,,,,,,,,,,,,,,,,,,,,,,,,,,,,,,,,,,,,,,,,,,,,,,,,,,,,,,
33,,,14,940,,14.00,7.50,1131,0.0,24.750,5.568,5.47,0.000,28.20,1.00,0.52,-0.88,0.52,1.000,1.02,0.00,1.038,0.00,0.90,3.388,7.5,0.000,0.496,0.000,1120,7.98,4.8,0.94,0.00,7.5,1,1,0,0,1,1,0,0,0,0,1,0,0,0,0,0,0,0,1,0,0,0,0,0,0,0,0,0,0,0,0,0,1,1,5154.8,0C,1,1,0,1,1,0,1,0,0,169.25,447.25,,,,,,,,,,,,,,,,,,,,,,,,,,,,,,,,,,,,,,,,,,,,,,,,,,,,,,,,,,
34,,,15,340,,14.00,7.50,1194,0.0,24.000,4.806,5.47,0.000,26.32,1.00,0.51,-0.88,0.52,1.000,1.02,0.00,1.039,0.00,0.90,3.388,7.5,0.000,0.496,0.000,1120,7.98,4.8,0.50,-0.10,7.5,1,1,0,0,1,1,0,0,0,0,1,0,0,0,0,0,0,0,1,0,0,0,0,0,0,0,0,0,0,0,0,0,1,1,5154.8,0C,1,1,0,1,1,0,1,0,0,159.63,425.69,,,,,,,,,,,,,,,,,,,,,,,,,,,,,,,,,,,,,,,,,,,,,,,,,,,,,,,,,,
35,,,15,796,,14.00,7.50,1231,0.0,18.000,5.011,5.64,0.000,25.66,1.00,0.51,-0.88,0.52,1.000,1.02,0.00,1.040,0.00,0.90,3.388,7.5,0.000,0.496,0.000,1120,7.98,4.8,-0.22,-0.16,7.5,1,1,0,0,1,1,0,0,0,0,1,0,0,0,0,0,0,0,1,0,0,0,0,0,0,0,0,0,0,0,0,0,1,1,5154.8,0C,1,1,0,1,1,0,1,0,0,154.94,418.88,,,,,,,,,,,,,,,,,,,,,,,,,,,,,,,,,,,,,,,,,,,,,,,,,,,,,,,,,,
36,,,16,204,,14.00,7.50,1169,0.0,15.750,6.182,5.64,0.000,26.55,1.00,0.51,-0.88,0.52,1.000,1.02,0.00,1.033,0.00,0.90,2.935,7.5,0.000,0.496,0.000,1120,7.98,4.8,-0.76,0.00,7.5,1,1,0,0,1,1,0,0,0,0,1,0,0,0,0,0,0,0,1,0,0,0,0,0,0,0,0,0,0,0,0,0,1,1,5154.8,0C,1,1,0,1,1,0,1,0,0,163.38,439.19,,,,,,,,,,,,,,,,,,,,,,,,,,,,,,,,,,,,,,,,,,,,,,,,,,,,,,,,,,
37,,,16,677,,14.00,7.50,1105,0.0,17.250,7.187,5.64,0.000,28.41,1.00,0.51,-0.88,0.52,1.000,1.02,0.00,1.034,0.00,0.90,2.935,7.5,0.000,0.496,0.000,1120,7.98,4.8,-0.71,0.16,7.5,1,1,0,0,1,1,0,0,0,0,1,0,0,0,0,0,0,0,1,0,0,0,0,0,0,0,0,0,0,0,0,0,1,1,5154.8,0C,1,1,0,1,1,0,1,0,0,174.94,460.56,,,,,,,,,,,,,,,,,,,,,,,,,,,,,,,,,,,,,,,,,,,,,,,,,,,,,,,,,,
38,,,17,124,,14.00,7.50,1094,0.0,15.000,6.899,5.64,0.000,29.39,1.00,0.52,-0.88,0.52,1.000,1.02,0.00,1.038,0.00,0.90,3.913,7.5,0.000,0.496,0.000,1120,7.98,4.8,-0.53,0.00,7.5,1,1,0,0,1,1,0,0,0,0,1,0,0,0,0,0,0,0,1,0,0,0,0,0,0,0,0,0,0,0,0,0,1,1,5154.8,0C,1,1,0,1,1,0,1,0,0,179.31,470.19,,,,,,,,,,,,,,,,,,,,,,,,,,,,,,,,,,,,,,,,,,,,,,,,,,,,,,,,,,
39,,,17,560,,14.00,7.50,1121,0.0,12.750,6.125,5.64,0.000,28.95,1.00,0.52,-0.88,0.52,1.000,1.02,0.00,1.038,0.00,0.90,3.913,7.5,0.000,0.496,0.000,1120,7.98,4.8,-0.50,0.00,7.5,1,1,0,0,1,1,0,0,0,0,1,0,0,0,0,0,0,0,1,0,0,0,0,0,0,0,0,0,0,0,0,0,1,1,5154.8,0C,1,1,0,1,1,0,1,0,0,175.31,462.56,,,,,,,,,,,,,,,,,,,,,,,,,,,,,,,,,,,,,,,,,,,,,,,,,,,,,,,,,,
40,,,18,000,,14.00,7.50,1140,0.0,9.750,5.971,5.64,0.000,28.31,1.00,0.51,-0.88,0.52,1.000,1.02,0.00,1.037,0.00,0.90,3.384,7.5,0.000,0.496,0.000,1120,7.98,4.8,-0.50,0.00,7.5,1,1,0,0,1,1,0,0,0,0,1,0,0,0,0,0,0,0,1,0,0,0,0,0,0,0,0,0,0,0,0,0,1,1,5154.8,0C,1,1,0,1,1,0,1,0,0,173.19,458.69,,,,,,,,,,,,,,,,,,,,,,,,,,,,,,,,,,,,,,,,,,,,,,,,,,,,,,,,,,
41,,,18,401,,14.00,7.50,1113,0.0,11.250,6.368,5.64,0.000,28.83,1.00,0.51,-0.88,0.52,1.000,1.02,0.00,1.036,0.00,0.90,3.384,7.5,0.000,0.496,0.000,1120,7.98,4.8,-0.46,0.00,7.5,1,1,0,0,1,1,0,0,0,0,1,0,0,0,0,0,0,0,1,0,0,0,0,0,0,0,0,0,0,0,0,0,1,1,5154.8,0C,1,1,0,1,1,0,1,0,0,175.94,464.75,,,,,,,,,,,,,,,,,,,,,,,,,,,,,,,,,,,,,,,,,,,,,,,,,,,,,,,,,,
42,,,18,792,,14.00,7.50,1105,0.0,12.750,6.432,5.64,0.000,29.16,1.00,0.51,-0.88,0.52,1.000,1.02,0.00,1.037,0.00,0.90,3.522,7.5,0.000,0.496,0.000,1120,7.98,4.8,-0.40,0.00,7.5,1,1,0,0,1,1,0,0,0,0,1,0,0,0,0,0,0,0,1,0,0,0,0,0,0,0,0,0,0,0,0,0,1,1,5154.8,0C,1,1,0,1,1,0,1,0,0,177.69,468.63,,,,,,,,,,,,,,,,,,,,,,,,,,,,,,,,,,,,,,,,,,,,,,,,,,,,,,,,,,
43,,,19,193,,14.00,7.50,1108,0.0,12.000,6.266,5.64,0.000,28.99,1.00,0.51,-0.88,0.52,1.000,1.02,0.00,1.037,0.00,0.90,3.522,7.5,0.000,0.496,0.000,1120,7.98,4.8,-0.35,0.00,7.5,1,1,0,0,1,1,0,0,0,0,1,0,0,0,0,0,0,0,1,0,0,0,0,0,0,0,0,0,0,0,0,0,1,1,5154.8,0C,1,1,0,1,1,0,1,0,0,176.75,467.31,,,,,,,,,,,,,,,,,,,,,,,,,,,,,,,,,,,,,,,,,,,,,,,,,,,,,,,,,,
44,,,19,584,,14.00,7.50,1110,0.0,12.000,6.138,5.64,0.000,28.83,1.00,0.52,-0.88,0.52,1.000,1.02,0.00,1.036,0.00,0.90,3.522,7.5,0.000,0.496,0.000,1120,7.98,4.8,-0.31,0.00,7.5,1,1,0,0,1,1,0,0,0,0,1,0,0,0,0,0,0,0,1,0,0,0,0,0,0,0,0,0,0,0,0,0,1,1,5154.8,0C,1,1,0,1,1,0,1,0,0,176.06,467.19,,,,,,,,,,,,,,,,,,,,,,,,,,,,,,,,,,,,,,,,,,,,,,,,,,,,,,,,,,
45,,,19,973,,14.00,7.50,1113,0.0,11.250,6.035,5.64,0.000,28.80,1.00,0.51,-0.88,0.52,1.000,1.02,0.00,1.037,0.00,0.90,3.384,7.5,0.000,0.496,0.000,1120,7.99,4.8,-0.28,0.00,7.5,1,1,0,0,1,1,0,0,0,0,1,0,0,0,0,0,0,0,1,0,0,0,0,0,0,0,0,0,0,0,0,0,1,1,5154.8,0C,1,1,0,1,1,0,1,0,0,175.63,466.56,,,,,,,,,,,,,,,,,,,,,,,,,,,,,,,,,,,,,,,,,,,,,,,,,,,,,,,,,,
46,,,20,392,,14.00,7.50,1124,0.0,10.500,5.933,5.59,0.000,28.52,1.00,0.52,-0.88,0.52,1.000,1.02,0.00,1.037,0.00,0.90,3.384,7.5,0.000,0.496,0.000,1120,7.99,4.8,-0.27,0.00,7.5,1,1,0,0,1,1,0,0,0,0,1,0,0,0,0,0,0,0,1,0,0,0,0,0,0,0,0,0,0,0,0,0,1,1,5154.8,0C,1,1,0,1,1,0,1,0,0,174.00,463.63,,,,,,,,,,,,,,,,,,,,,,,,,,,,,,,,,,,,,,,,,,,,,,,,,,,,,,,,,,
47,,,20,796,,14.00,7.50,1112,0.0,10.500,6.112,5.59,0.000,28.66,1.00,0.51,-0.88,0.52,1.000,1.02,0.00,1.036,0.00,0.90,3.130,7.5,0.000,0.496,0.000,1120,7.99,4.8,-0.23,0.00,7.5,1,1,0,0,1,1,0,0,0,0,1,0,0,0,0,0,0,0,1,0,0,0,0,0,0,0,0,0,0,0,0,0,1,1,5154.8,0C,1,1,0,1,1,0,1,0,0,174.75,465.63,,,,,,,,,,,,,,,,,,,,,,,,,,,,,,,,,,,,,,,,,,,,,,,,,,,,,,,,,,
48,,,21,220,,14.00,7.50,1112,0.0,11.250,6.125,5.59,0.000,28.57,1.00,0.51,-0.88,0.52,1.000,1.02,0.00,1.036,0.00,0.90,3.130,7.5,0.000,0.496,0.000,1120,7.99,4.8,-0.21,0.00,7.5,1,1,0,0,1,1,0,0,0,0,1,0,0,0,0,0,0,0,1,0,0,0,0,0,0,0,0,0,0,0,0,0,1,1,5154.8,0C,1,1,0,1,1,0,1,0,0,174.50,465.63,,,,,,,,,,,,,,,,,,,,,,,,,,,,,,,,,,,,,,,,,,,,,,,,,,,,,,,,,,
49,,,21,600,,14.00,7.50,1110,0.0,12.000,6.048,5.52,0.000,28.64,1.00,0.52,-0.88,0.52,1.000,1.02,0.00,1.036,0.00,0.90,3.130,7.5,0.000,0.496,0.000,1120,7.99,4.8,-0.18,0.00,7.5,1,1,0,0,1,1,0,0,0,0,1,0,0,0,0,0,0,0,1,0,0,0,0,0,0,0,0,0,0,0,0,0,1,1,5154.8,0C,1,1,0,1,1,0,1,0,0,174.56,466.19,,,,,,,,,,,,,,,,,,,,,,,,,,,,,,,,,,,,,,,,,,,,,,,,,,,,,,,,,,
50,,,22,012,,14.00,7.50,1098,0.0,13.500,6.182,5.59,0.000,28.73,1.00,0.51,-0.88,0.52,1.000,1.02,0.00,1.035,0.00,0.90,3.259,7.5,0.000,0.496,0.000,1120,7.99,4.8,-0.10,0.01,7.5,1,1,0,0,1,1,0,0,0,0,1,0,0,0,0,0,0,0,1,0,0,0,0,0,0,0,0,0,0,0,0,0,1,1,5154.8,0C,1,1,0,1,1,0,1,0,0,175.69,469.00,,,,,,,,,,,,,,,,,,,,,,,,,,,,,,,,,,,,,,,,,,,,,,,,,,,,,,,,,,
51,,,22,402,,14.00,7.50,1099,0.0,14.250,6.227,5.59,0.000,28.97,1.00,0.52,-0.88,0.52,1.000,1.02,0.00,1.037,0.00,0.90,3.259,7.5,0.000,0.496,0.000,1120,7.99,4.8,-0.02,0.00,7.5,1,1,0,0,1,1,0,0,0,0,1,0,0,0,0,0,0,0,1,0,0,0,0,0,0,0,0,0,0,0,0,0,1,1,5154.8,0C,1,1,0,1,1,0,1,0,0,176.56,470.94,,,,,,,,,,,,,,,,,,,,,,,,,,,,,,,,,,,,,,,,,,,,,,,,,,,,,,,,,,
52,,,22,813,,14.00,7.50,1116,0.0,10.500,5.875,5.59,0.000,28.71,1.00,0.52,-0.88,0.52,1.000,1.02,-1.44,1.038,0.00,0.90,3.247,7.5,0.000,0.496,0.000,1120,7.99,4.8,0.00,0.00,7.5,1,1,0,0,1,1,0,0,0,0,1,0,0,0,0,0,0,0,1,0,0,0,0,0,0,0,0,0,0,0,0,0,1,1,5154.8,0C,1,1,0,1,1,0,1,0,0,174.31,467.19,,,,,,,,,,,,,,,,,,,,,,,,,,,,,,,,,,,,,,,,,,,,,,,,,,,,,,,,,,
53,,,23,219,,14.00,7.50,1115,0.0,13.500,6.093,5.59,0.000,28.55,1.00,0.51,-0.88,0.52,1.000,1.02,-1.44,1.036,0.00,0.90,3.247,7.5,0.000,0.496,0.000,1120,7.99,4.8,0.00,0.00,7.5,1,1,0,0,1,1,0,0,0,0,1,0,0,0,0,0,0,0,1,0,0,0,0,0,0,0,0,0,0,0,0,0,1,1,5154.8,0C,1,1,0,1,1,0,1,0,0,173.88,466.56,,,,,,,,,,,,,,,,,,,,,,,,,,,,,,,,,,,,,,,,,,,,,,,,,,,,,,,,,,
54,,,23,602,,14.00,8.25,1115,0.0,11.250,5.920,5.59,0.000,28.50,1.00,0.51,-0.88,0.52,1.000,1.02,-1.44,1.036,0.00,0.90,3.247,7.5,0.000,0.496,0.000,1110,7.99,4.8,0.02,0.00,7.5,1,1,0,0,1,1,0,0,0,0,1,0,0,0,0,0,0,0,1,0,0,0,0,0,0,0,0,0,0,0,0,0,1,1,5154.8,0C,1,1,0,1,1,0,1,0,0,174.75,468.75,,,,,,,,,,,,,,,,,,,,,,,,,,,,,,,,,,,,,,,,,,,,,,,,,,,,,,,,,,
55,,,23,993,,14.00,8.25,1103,0.0,12.750,6.048,5.59,0.000,28.97,1.00,0.51,-0.88,0.52,1.000,1.02,-1.44,1.037,0.00,0.90,3.130,7.5,0.000,0.496,0.000,1110,7.99,4.8,0.09,0.00,7.5,1,1,0,0,1,1,0,0,0,0,1,0,0,0,0,0,0,0,1,0,0,0,0,0,0,0,0,0,0,0,0,0,1,1,5154.8,0C,1,1,0,1,1,0,1,0,0,176.19,472.56,,,,,,,,,,,,,,,,,,,,,,,,,,,,,,,,,,,,,,,,,,,,,,,,,,,,,,,,,,
56,,,24,374,,14.00,8.25,1107,0.0,12.000,5.997,5.64,0.000,28.78,1.00,0.52,-0.88,0.52,1.000,1.02,-1.44,1.036,0.00,0.90,3.130,7.5,0.000,0.496,0.000,1110,7.99,4.8,0.13,0.00,7.5,1,1,0,0,1,1,0,0,0,0,1,0,0,0,0,0,0,0,1,0,0,0,0,0,0,0,0,0,0,0,0,0,1,1,5154.8,0C,1,1,0,1,1,0,1,0,0,175.56,471.50,,,,,,,,,,,,,,,,,,,,,,,,,,,,,,,,,,,,,,,,,,,,,,,,,,,,,,,,,,
57,,,24,766,,14.00,8.25,1106,0.0,12.000,6.067,5.59,0.000,28.83,1.00,0.52,-0.88,0.52,1.000,1.02,-1.44,1.036,0.00,0.90,3.115,7.5,0.000,0.496,0.000,1110,7.99,4.8,0.16,0.00,7.5,1,1,0,0,1,1,0,0,0,0,1,0,0,0,0,0,0,0,1,0,0,0,0,0,0,0,0,0,0,0,0,0,1,1,5154.8,0C,1,1,0,1,1,0,1,0,0,175.81,472.31,,,,,,,,,,,,,,,,,,,,,,,,,,,,,,,,,,,,,,,,,,,,,,,,,,,,,,,,,,
58,,,25,142,,14.00,8.25,1106,0.0,12.000,5.907,5.59,0.000,28.78,1.00,0.52,-0.88,0.52,1.000,1.02,-1.44,1.036,0.00,0.90,3.115,7.5,0.000,0.496,0.000,1110,7.99,4.8,0.19,0.00,7.5,1,1,0,0,1,1,0,0,0,0,1,0,0,0,0,0,0,0,1,0,0,0,0,0,0,0,0,0,0,0,0,0,1,1,5154.8,0C,1,1,0,1,1,0,1,0,0,175.50,472.00,,,,,,,,,,,,,,,,,,,,,,,,,,,,,,,,,,,,,,,,,,,,,,,,,,,,,,,,,,
59,,,27,831,,14.00,8.25,1116,0.0,9.000,6.182,5.88,0.000,29.81,1.00,0.51,-0.88,0.52,1.000,1.02,-1.44,1.039,0.00,0.90,3.130,7.5,0.000,0.496,0.000,1110,7.99,4.8,0.46,0.00,7.5,1,1,0,0,1,1,0,0,0,0,1,0,0,0,0,0,0,0,1,0,0,0,0,0,0,0,0,0,0,0,0,0,1,1,5154.8,0C,1,1,0,1,1,0,1,0,0,182.94,490.00,,,,,,,,,,,,,,,,,,,,,,,,,,,,,,,,,,,,,,,,,,,,,,,,,,,,,,,,,,
60,,,28,246,,14.00,8.25,1118,0.0,9.750,6.022,5.83,0.000,29.81,1.00,0.51,-0.88,0.52,1.000,1.02,-1.44,1.039,0.00,0.90,3.130,7.5,0.000,0.496,0.000,1110,8.00,4.8,0.45,0.00,7.5,1,1,0,0,1,1,0,0,0,0,1,0,0,0,0,0,0,0,1,0,0,0,0,0,0,0,0,0,0,0,0,0,1,1,5154.8,0C,1,1,0,1,1,0,1,0,0,180.88,486.50,,,,,,,,,,,,,,,,,,,,,,,,,,,,,,,,,,,,,,,,,,,,,,,,,,,,,,,,,,
61,,,28,651,,14.00,8.25,1107,0.0,9.000,6.067,5.76,0.000,29.65,1.00,0.51,-0.88,0.52,1.000,1.02,-1.44,1.038,0.00,0.90,3.130,7.5,0.000,0.496,0.000,1110,8.00,4.8,0.46,0.00,7.5,1,1,0,0,1,1,0,0,0,0,1,0,0,0,0,0,0,0,1,0,0,0,0,0,0,0,0,0,0,0,0,0,1,1,5154.8,0C,1,1,0,1,1,0,1,0,0,181.13,487.31,,,,,,,,,,,,,,,,,,,,,,,,,,,,,,,,,,,,,,,,,,,,,,,,,,,,,,,,,,
62,,,29,080,,14.00,8.25,1099,0.0,9.750,6.035,5.64,0.000,29.53,1.00,0.51,-0.88,0.51,1.000,1.02,-1.44,1.037,0.00,0.90,3.130,7.5,0.000,0.496,0.000,1110,8.00,4.8,0.49,0.00,7.5,1,1,0,0,1,1,0,0,0,0,1,0,0,0,0,0,0,0,1,0,0,0,0,0,0,0,0,0,0,0,0,0,1,1,5154.8,0C,1,1,0,1,1,0,1,0,0,180.56,486.50,,,,,,,,,,,,,,,,,,,,,,,,,,,,,,,,,,,,,,,,,,,,,,,,,,,,,,,,,,
63,,,29,464,,14.00,9.00,1093,0.0,11.250,6.016,5.64,0.000,29.74,1.00,0.52,-0.88,0.52,1.000,1.02,-1.44,1.039,0.00,0.90,3.130,7.5,0.000,0.496,0.000,1110,8.00,4.8,0.58,0.00,7.5,1,1,0,0,1,1,0,0,0,0,1,0,0,0,0,0,0,0,1,0,0,0,0,0,0,0,0,0,0,0,0,0,1,1,5154.8,0C,1,1,0,1,1,0,1,0,0,181.50,488.56,,,,,,,,,,,,,,,,,,,,,,,,,,,,,,,,,,,,,,,,,,,,,,,,,,,,,,,,,,
64,,,29,860,,14.00,9.00,1102,0.0,11.250,5.792,5.71,0.000,29.34,1.00,0.51,-0.88,0.52,1.000,1.02,-1.44,1.037,0.00,0.90,0.239,-40.5,23.438,0.750,-42.000,0,0.23,128.3,0.78,-49.63,108.8,0,1,0,0,0,1,0,1,1,1,1,1,0,1,1,0,0,1,0,0,0,0,0,0,0,0,1,1,0,1,0,0,0,0,2309.0,49,0,1,0,1,0,1,1,1,1,1,1,,,,,,,,,,,,,,,,,,,,,,,,,,,,,,,,,,,,,,,,,,,,,,,,,,,,,,,,,,
65,,,30,253,,14.00,-48.00,14976,0.0,3.000,393.216,1503.13,40.369,620.98,1.44,1.22,-1.32,1.18,0.007,0.08,-8.88,0.000,0.01,0.75,0.237,-40.5,23.438,0.750,-33.000,0,0.23,128.3,0.78,-49.63,108.8,0,1,0,0,0,1,0,1,1,1,1,1,0,1,1,0,0,1,0,0,0,0,0,0,0,0,1,1,0,1,0,0,0,0,1925.0,38,0,1,0,1,0,1,1,1,1,1,1,,,,,,,,,,,,,,,,,,,,,,,,,,,,,,,,,,,,,,,,,,,,,,,,,,,,,,,,,,
66,,,30,653,,14.00,9.00,1110,0.0,9.750,5.901,5.71,0.000,29.44,1.00,0.51,-0.88,0.52,1.000,1.02,-1.44,1.039,0.00,0.90,3.115,7.5,0.000,0.496,0.000,1100,8.00,4.8,0.64,0.00,7.5,1,1,0,0,1,1,0,0,0,0,1,0,0,0,0,0,0,0,1,0,0,0,0,0,0,0,0,0,0,0,0,0,1,1,5154.8,0C,1,1,0,1,1,0,1,0,0,178.50,483.06,,,,,,,,,,,,,,,,,,,,,,,,,,,,,,,,,,,,,,,,,,,,,,,,,,,,,,,,,,
67,,,31,030,,14.00,9.00,1115,0.0,8.250,5.734,5.64,0.000,29.20,1.00,0.51,-0.88,0.52,1.000,1.02,-1.44,1.038,0.00,0.90,2.978,7.5,0.000,0.496,0.000,1100,8.00,4.8,0.62,0.00,7.5,1,1,0,0,1,1,0,0,0,0,1,0,0,0,0,0,0,0,1,0,0,0,0,0,0,0,0,0,0,0,0,0,1,1,5154.8,0C,1,1,0,1,1,0,1,0,0,177.13,480.69,,,,,,,,,,,,,,,,,,,,,,,,,,,,,,,,,,,,,,,,,,,,,,,,,,,,,,,,,,
68,,,31,420,,14.00,9.00,1101,0.0,11.250,5.946,5.59,0.000,29.06,1.00,0.51,-0.88,0.52,1.000,1.02,-1.44,1.036,0.00,0.90,2.978,7.5,0.000,0.496,0.000,1100,8.00,4.8,0.62,0.00,7.5,1,1,0,0,1,1,0,0,0,0,1,0,0,0,0,0,0,0,1,0,0,0,0,0,0,0,0,0,0,0,0,0,1,1,5154.8,0C,1,1,0,1,1,0,1,0,0,178.44,483.56,,,,,,,,,,,,,,,,,,,,,,,,,,,,,,,,,,,,,,,,,,,,,,,,,,,,,,,,,,
69,,,31,834,,14.00,9.00,1099,0.0,10.500,5.933,5.71,0.000,29.34,1.00,0.52,-0.88,0.52,1.000,1.02,-1.44,1.038,0.00,0.90,3.115,7.5,0.000,0.496,0.000,1100,8.00,4.8,0.66,0.00,7.5,1,1,0,0,1,1,0,0,0,0,1,0,0,0,0,0,0,0,1,0,0,0,0,0,0,0,0,0,0,0,0,0,1,1,5154.8,0C,1,1,0,1,1,0,1,0,0,178.63,484.88,,,,,,,,,,,,,,,,,,,,,,,,,,,,,,,,,,,,,,,,,,,,,,,,,,,,,,,,,,
70,,,32,231,,14.00,9.00,1094,0.0,11.250,5.946,5.59,0.000,29.27,1.00,0.51,-0.88,0.52,1.000,1.02,-1.44,1.037,0.00,0.90,3.115,7.5,0.000,0.496,0.000,1100,8.00,4.8,0.69,0.00,7.5,1,1,0,0,1,1,0,0,0,0,1,0,0,0,0,0,0,0,1,0,0,0,0,0,0,0,0,0,0,0,0,0,1,1,5154.8,0C,1,1,0,1,1,0,1,0,0,179.00,485.88,,,,,,,,,,,,,,,,,,,,,,,,,,,,,,,,,,,,,,,,,,,,,,,,,,,,,,,,,,
71,,,32,652,,14.00,9.00,1074,0.0,12.000,6.317,5.59,0.000,29.81,1.00,0.52,-0.88,0.52,1.000,1.02,-1.44,1.036,0.00,0.90,3.115,7.5,0.000,0.496,0.000,1100,8.00,4.8,0.81,0.20,7.5,1,1,0,0,1,1,0,0,0,0,1,0,0,0,0,0,0,0,1,0,0,0,0,0,0,0,0,0,0,0,0,0,1,1,5154.8,0C,1,1,0,1,1,0,1,0,0,184.50,497.56,,,,,,,,,,,,,,,,,,,,,,,,,,,,,,,,,,,,,,,,,,,,,,,,,,,,,,,,,,
72,,,33,046,,14.00,9.00,1059,0.0,12.000,6.554,5.64,0.000,30.66,1.00,0.52,-0.88,0.52,1.000,1.02,-1.44,1.040,0.00,0.90,3.268,7.5,0.000,0.496,0.000,1100,8.00,4.8,1.05,0.13,7.5,1,1,0,0,1,1,0,0,0,0,1,0,0,0,0,0,0,0,0,0,0,0,0,0,0,0,1,1,0,1,0,0,0,0,7301.2,67,0,1,0,1,0,1,1,1,1,1,1,,,,,,,,,,,,,,,,,,,,,,,,,,,,,,,,,,,,,,,,,,,,,,,,,,,,,,,,,,
73,,,33,417,,14.00,9.00,1074,0.0,11.250,6.061,5.59,0.000,30.38,1.00,0.51,-0.88,0.52,1.000,1.02,-1.44,1.040,0.00,0.90,3.268,7.5,0.000,0.496,0.000,1100,8.00,4.8,1.21,0.00,7.5,1,1,0,0,1,1,0,0,0,0,1,0,0,0,0,0,0,0,1,0,0,0,0,0,0,0,0,0,0,0,0,0,1,1,5154.8,0C,1,1,0,1,1,0,1,1,1,1,1,,,,,,,,,,,,,,,,,,,,,,,,,,,,,,,,,,,,,,,,,,,,,,,,,,,,,,,,,,
74,,,33,810,,14.00,9.00,1106,0.0,9.000,5.747,5.64,0.000,29.51,1.00,0.51,-0.88,0.52,1.000,1.02,-1.44,1.039,0.00,0.90,2.868,7.5,0.000,0.496,0.000,1100,8.00,4.8,1.19,0.00,7.5,1,1,0,0,1,1,0,0,0,0,1,0,0,0,0,0,0,0,1,0,0,0,0,0,0,0,0,0,0,0,0,0,1,1,5154.8,0C,1,1,0,1,1,0,1,0,0,179.13,486.81,,,,,,,,,,,,,,,,,,,,,,,,,,,,,,,,,,,,,,,,,,,,,,,,,,,,,,,,,,
75,,,34,201,,14.00,9.75,1090,0.0,12.000,6.067,5.64,0.000,29.51,1.00,0.52,-0.88,0.52,1.000,1.02,-1.44,1.038,0.00,0.90,2.868,7.5,0.000,0.496,0.000,1100,8.00,4.8,1.23,0.00,7.5,1,1,0,0,1,1,0,0,0,0,1,0,0,0,0,0,0,0,1,0,0,0,0,0,0,0,0,0,0,0,0,0,1,1,5154.8,0C,1,1,0,1,1,0,1,0,0,179.56,488.19,,,,,,,,,,,,,,,,,,,,,,,,,,,,,,,,,,,,,,,,,,,,,,,,,,,,,,,,,,
76,,,36,609,,14.00,9.75,1098,0.0,11.250,5.830,5.71,0.000,29.37,1.00,0.51,-0.88,0.51,1.000,1.02,-1.44,1.037,0.00,0.90,3.141,7.5,0.000,0.496,0.000,1090,8.01,4.8,1.58,0.00,7.5,1,1,0,0,1,1,0,0,0,0,1,0,0,0,0,0,0,0,1,0,0,0,0,0,0,0,0,0,0,0,0,0,1,1,5154.8,0C,1,1,0,1,1,0,1,1,1,1,1,,,,,,,,,,,,,,,,,,,,,,,,,,,,,,,,,,,,,,,,,,,,,,,,,,,,,,,,,,
77,,,37,012,,14.00,9.75,1106,0.0,11.250,5.690,5.71,0.000,29.11,1.00,0.51,-0.88,0.52,1.000,1.02,-1.44,1.036,0.00,0.90,2.997,7.5,0.000,0.496,0.000,1090,8.01,4.8,1.55,0.00,7.5,1,1,0,0,1,1,0,0,0,0,1,0,0,0,0,0,0,0,1,0,0,0,0,0,0,0,0,0,0,0,0,0,1,1,5154.8,0C,1,1,0,1,1,0,1,0,0,177.56,486.44,,,,,,,,,,,,,,,,,,,,,,,,,,,,,,,,,,,,,,,,,,,,,,,,,,,,,,,,,,
78,,,39,493,,14.00,10.50,1068,0.0,9.750,6.112,5.71,0.000,30.61,1.00,0.51,-0.88,0.52,1.000,1.02,-1.44,1.040,0.00,0.90,3.141,7.5,0.000,0.496,0.000,1090,8.01,4.8,1.99,0.00,7.5,1,1,0,0,1,1,0,0,0,0,1,0,0,0,0,0,0,0,1,0,0,0,0,0,0,0,0,0,0,0,0,0,1,1,5154.8,0C,1,1,0,1,1,0,1,0,0,187.19,507.81,,,,,,,,,,,,,,,,,,,,,,,,,,,,,,,,,,,,,,,,,,,,,,,,,,,,,,,,,,
79,,,39,870,,14.00,10.50,1068,0.0,11.250,6.099,5.64,0.000,30.49,1.00,0.51,-0.88,0.52,1.000,1.02,-1.44,1.039,0.00,0.90,3.141,7.5,0.000,0.496,0.000,1090,8.01,4.8,2.10,0.00,7.5,1,1,0,0,1,1,0,0,0,0,1,0,0,0,0,0,0,0,1,0,0,0,0,0,0,0,0,0,0,0,0,0,1,1,5154.8,0C,1,1,0,1,1,0,1,0,0,185.94,505.81,,,,,,,,,,,,,,,,,,,,,,,,,,,,,,,,,,,,,,,,,,,,,,,,,,,,,,,,,,
80,,,40,280,,14.00,10.50,1085,0.0,10.500,5.862,5.71,0.000,30.21,1.00,0.52,-0.88,0.52,1.000,1.02,-1.44,1.040,0.00,0.90,3.141,7.5,0.000,0.496,0.000,1090,8.01,4.8,2.15,0.00,7.5,1,1,0,0,1,1,0,0,0,0,1,0,0,0,0,0,0,0,1,0,0,0,0,0,0,0,0,0,0,0,0,0,1,1,5154.8,0C,1,1,0,1,1,0,1,0,0,184.38,502.31,,,,,,,,,,,,,,,,,,,,,,,,,,,,,,,,,,,,,,,,,,,,,,,,,,,,,,,,,,
81,,,40,672,,14.00,10.50,1103,0.0,11.250,5.658,5.71,0.000,29.34,1.00,0.52,-0.88,0.52,1.000,1.02,-1.44,1.037,0.00,0.90,3.141,7.5,0.000,0.496,0.000,1090,8.01,4.8,2.09,0.00,7.5,1,1,0,0,1,1,0,0,0,0,1,0,0,0,0,0,0,0,1,0,0,0,0,0,0,0,0,0,0,0,0,0,1,1,5154.8,0C,1,1,0,1,1,0,1,0,0,179.38,492.06,,,,,,,,,,,,,,,,,,,,,,,,,,,,,,,,,,,,,,,,,,,,,,,,,,,,,,,,,,
82,,,41,061,,14.00,10.50,1099,0.0,11.250,5.792,5.71,0.000,29.39,1.00,0.51,-0.88,0.52,1.000,1.02,-1.44,1.036,0.00,0.90,2.868,7.5,0.000,0.496,0.000,1080,8.01,4.8,2.06,0.00,7.5,1,1,0,0,1,1,0,0,0,0,1,0,0,0,0,0,0,0,1,0,0,0,0,0,0,0,0,0,0,0,0,0,1,1,5154.8,0C,1,1,0,1,1,0,1,0,0,179.25,491.75,,,,,,,,,,,,,,,,,,,,,,,,,,,,,,,,,,,,,,,,,,,,,,,,,,,,,,,,,,
83,,,41,468,,14.00,10.50,1116,0.0,9.750,5.581,5.71,0.000,29.27,1.00,0.51,-0.88,0.52,1.000,1.02,-1.44,1.039,0.00,0.90,2.868,7.5,0.000,0.496,0.000,1080,8.01,4.8,1.97,-0.02,7.5,1,1,0,0,1,1,0,0,0,0,1,0,0,0,0,0,0,0,1,0,0,0,0,0,0,0,0,0,0,0,0,0,1,1,5154.8,0C,1,1,0,1,1,0,1,0,0,177.13,487.81,,,,,,,,,,,,,,,,,,,,,,,,,,,,,,,,,,,,,,,,,,,,,,,,,,,,,,,,,,
84,,,41,870,,14.00,10.50,1113,0.0,9.750,5.677,5.71,0.000,28.97,1.00,0.51,-0.88,0.52,1.000,1.02,-1.44,1.037,0.00,0.90,2.978,7.5,0.000,0.496,0.000,1080,8.02,4.8,1.79,0.00,7.5,1,1,0,0,1,1,0,0,0,0,1,0,0,0,0,0,0,0,1,0,0,0,0,0,0,0,0,0,0,0,0,0,1,1,5154.8,0C,1,1,0,1,1,0,1,0,0,177.50,488.50,,,,,,,,,,,,,,,,,,,,,,,,,,,,,,,,,,,,,,,,,,,,,,,,,,,,,,,,,,
85,,,42,271,,14.00,11.25,1068,0.0,10.500,6.368,5.64,0.000,30.05,1.00,0.51,-0.88,0.52,1.000,1.02,-1.44,1.037,0.00,0.90,2.978,7.5,0.000,0.496,0.000,1080,8.02,4.8,1.83,0.00,7.5,1,1,0,0,1,1,0,0,0,0,1,0,0,0,0,0,0,0,1,0,0,0,0,0,0,0,0,0,0,0,0,0,1,1,5154.8,0C,1,1,0,1,1,0,1,0,0,183.25,502.63,,,,,,,,,,,,,,,,,,,,,,,,,,,,,,,,,,,,,,,,,,,,,,,,,,,,,,,,,,
86,,,42,650,,14.00,11.25,1057,0.0,9.750,6.387,5.71,0.000,30.63,1.00,0.52,-0.88,0.52,1.000,1.02,-1.44,1.039,0.00,0.90,2.978,7.5,0.000,0.496,0.000,1080,8.02,4.8,1.93,0.14,7.5,1,1,0,0,1,1,0,0,0,0,1,0,0,0,0,0,0,0,1,0,0,0,0,0,0,0,0,0,0,0,0,0,1,1,5154.8,0C,1,1,0,1,1,0,1,0,0,188.13,511.44,,,,,,,,,,,,,,,,,,,,,,,,,,,,,,,,,,,,,,,,,,,,,,,,,,,,,,,,,,
87,,,43,031,,14.00,11.25,1049,0.0,9.750,6.349,5.64,0.000,30.89,1.00,0.52,-0.88,0.52,1.000,1.02,-1.44,1.039,0.00,0.90,3.141,7.5,0.000,0.496,0.000,1080,8.02,4.8,2.06,0.27,7.5,1,1,0,0,1,1,0,0,0,0,1,0,0,0,0,0,0,0,1,0,0,0,0,0,0,0,0,0,0,0,0,0,1,1,5154.8,0C,1,1,0,1,1,0,1,0,0,189.00,514.06,,,,,,,,,,,,,,,,,,,,,,,,,,,,,,,,,,,,,,,,,,,,,,,,,,,,,,,,,,
88,,,43,412,,14.00,11.25,1071,0.0,9.750,5.990,5.59,0.000,30.73,1.00,0.51,-0.88,0.52,1.000,1.02,-1.44,1.041,0.00,0.90,3.141,7.5,0.000,0.496,0.000,1080,8.02,4.8,2.16,0.00,7.5,1,1,0,0,1,1,0,0,0,0,1,0,0,0,0,0,0,0,1,0,0,0,0,0,0,0,0,0,0,0,0,0,1,1,5154.8,0C,1,1,0,1,1,0,1,0,0,185.63,509.06,,,,,,,,,,,,,,,,,,,,,,,,,,,,,,,,,,,,,,,,,,,,,,,,,,,,,,,,,,
89,,,43,811,,14.00,11.25,1100,0.0,9.000,5.594,5.71,0.000,29.55,1.00,0.52,-0.88,0.52,1.000,1.02,-1.44,1.038,0.00,0.90,2.978,7.5,0.000,0.496,0.000,1080,8.02,4.8,2.11,0.00,7.5,1,1,0,0,1,1,0,0,0,0,1,0,0,0,0,0,0,0,1,0,0,0,0,0,0,0,0,0,0,0,0,0,1,1,5154.8,0C,1,1,0,1,1,0,1,0,0,178.94,493.19,,,,,,,,,,,,,,,,,,,,,,,,,,,,,,,,,,,,,,,,,,,,,,,,,,,,,,,,,,
90,,,44,201,,14.00,11.25,1116,0.0,9.750,5.472,5.71,0.000,28.85,1.00,0.52,-0.88,0.52,1.000,1.02,-1.44,1.036,0.00,0.90,2.978,7.5,0.000,0.496,0.000,1080,8.02,4.8,1.92,0.00,7.5,1,1,0,0,1,1,0,0,0,0,1,0,0,0,0,0,0,0,1,0,0,0,0,0,0,0,0,0,0,0,0,0,1,1,5154.8,0C,1,1,0,1,1,0,1,0,0,176.00,486.69,,,,,,,,,,,,,,,,,,,,,,,,,,,,,,,,,,,,,,,,,,,,,,,,,,,,,,,,,,
91,,,46,642,,14.00,12.00,1061,0.0,10.500,6.003,5.59,0.000,30.12,1.00,0.51,-0.88,0.52,1.000,1.02,-1.44,1.038,0.00,0.90,3.016,7.5,0.000,0.496,0.000,1070,8.02,4.8,2.20,0.00,7.5,1,1,0,0,1,1,0,0,0,0,1,0,0,0,0,0,0,0,1,0,0,0,0,0,0,0,0,0,0,0,0,0,1,1,5154.8,0C,1,1,0,1,1,0,1,0,0,183.00,502.56,,,,,,,,,,,,,,,,,,,,,,,,,,,,,,,,,,,,,,,,,,,,,,,,,,,,,,,,,,
92,,,47,033,,14.00,12.00,1096,0.0,9.000,5.325,5.59,0.000,29.09,1.00,0.52,-0.88,0.52,1.000,1.02,-1.44,1.036,0.00,0.90,2.892,7.5,0.000,0.496,0.000,1070,8.02,4.8,2.14,0.00,7.5,1,1,0,0,1,1,0,0,0,0,1,0,0,0,0,0,0,0,1,0,0,0,0,0,0,0,0,0,0,0,0,0,1,1,5154.8,0C,1,1,0,1,1,0,1,0,0,176.50,488.94,,,,,,,,,,,,,,,,,,,,,,,,,,,,,,,,,,,,,,,,,,,,,,,,,,,,,,,,,,
93,,,49,616,,14.00,12.00,1031,0.0,10.500,6.048,5.40,0.000,30.14,1.00,0.51,-0.88,0.52,1.000,1.02,-1.44,1.037,0.00,0.90,3.016,7.5,0.000,0.496,0.000,1070,8.03,4.8,2.01,0.31,7.5,1,1,0,0,1,1,0,0,0,0,1,0,0,0,0,0,0,0,1,0,0,0,0,0,0,0,0,0,0,0,0,0,1,1,5154.8,0C,1,1,0,1,1,0,1,0,0,182.88,503.06,,,,,,,,,,,,,,,,,,,,,,,,,,,,,,,,,,,,,,,,,,,,,,,,,,,,,,,,,,
94,,,50,016,,14.00,12.75,1040,0.0,12.000,5.805,5.35,0.000,30.05,1.00,0.51,-0.88,0.52,1.000,1.02,-1.44,1.038,0.00,0.90,2.892,7.5,0.000,0.496,0.000,1070,8.03,4.8,2.16,0.00,7.5,1,1,0,0,1,1,0,0,0,0,1,0,0,0,0,0,0,0,1,0,0,0,0,0,0,0,0,0,0,0,0,0,1,1,5154.8,0C,1,1,0,1,1,0,1,0,0,182.44,502.88,,,,,,,,,,,,,,,,,,,,,,,,,,,,,,,,,,,,,,,,,,,,,,,,,,,,,,,,,,
95,,,50,401,,14.00,12.75,1064,0.0,10.500,5.523,5.40,0.000,29.20,1.00,0.51,-0.88,0.52,1.000,1.02,-1.44,1.036,0.00,0.90,2.892,7.5,0.000,0.496,0.000,1070,8.03,4.8,2.20,0.00,7.5,1,1,0,0,1,1,0,0,0,0,1,0,0,0,0,0,0,0,1,0,0,0,0,0,0,0,0,0,0,0,0,0,1,1,5154.8,0C,1,1,0,1,1,0,1,0,0,176.75,490.81,,,,,,,,,,,,,,,,,,,,,,,,,,,,,,,,,,,,,,,,,,,,,,,,,,,,,,,,,,
96,,,50,784,,14.00,12.75,1090,0.0,11.250,5.050,5.40,0.000,28.24,1.00,0.52,-0.88,0.52,1.000,1.02,-1.44,1.033,0.00,0.90,2.606,7.5,0.000,0.496,0.000,1070,8.03,4.8,2.13,0.00,7.5,1,1,0,0,1,1,0,0,0,0,1,0,0,0,0,0,0,0,1,0,0,0,0,0,0,0,0,0,0,0,0,0,1,1,5154.8,0C,1,1,0,1,1,0,1,0,0,172.69,482.06,,,,,,,,,,,,,,,,,,,,,,,,,,,,,,,,,,,,,,,,,,,,,,,,,,,,,,,,,,
97,,,51,192,,14.00,12.75,1123,0.0,11.250,4.864,5.40,0.000,27.42,1.00,0.52,-0.88,0.52,1.000,1.02,-1.44,1.035,0.00,0.90,2.606,7.5,0.000,0.496,0.000,1070,8.04,4.8,1.81,-0.08,7.5,1,1,0,0,1,1,0,0,0,0,1,0,0,0,0,0,0,0,1,0,0,0,0,0,0,0,0,0,0,0,0,0,1,1,5154.8,0C,1,1,0,1,1,0,1,0,0,165.75,467.25,,,,,,,,,,,,,,,,,,,,,,,,,,,,,,,,,,,,,,,,,,,,,,,,,,,,,,,,,,
98,,,51,609,,14.00,12.75,1107,0.0,11.250,5.088,5.40,0.000,27.26,1.00,0.52,-0.88,0.52,1.000,1.02,-1.44,1.033,0.00,0.90,2.606,7.5,0.000,0.496,0.000,1060,8.04,4.8,1.55,-0.01,7.5,1,1,0,0,1,1,0,0,0,0,1,0,0,0,0,0,0,0,1,0,0,0,0,0,0,0,0,0,0,0,0,0,1,1,5154.8,0C,1,1,0,1,1,0,1,0,0,166.94,469.69,,,,,,,,,,,,,,,,,,,,,,,,,,,,,,,,,,,,,,,,,,,,,,,,,,,,,,,,,,
99,,,52,012,,14.00,12.75,1080,0.0,10.500,5.453,5.40,0.000,27.80,1.00,0.52,-0.88,0.52,1.000,1.02,-1.44,1.030,0.00,0.90,2.606,7.5,0.000,0.496,0.000,1060,8.04,4.8,1.45,0.00,7.5,1,1,0,0,1,1,0,0,0,0,1,0,0,0,0,0,0,0,1,0,0,0,0,0,0,0,0,0,0,0,0,0,1,1,5154.8,0C,1,1,0,1,1,0,1,0,0,172.13,480.94,,,,,,,,,,,,,,,,,,,,,,,,,,,,,,,,,,,,,,,,,,,,,,,,,,,,,,,,,,
100,,,52,392,,14.00,12.75,1035,0.0,9.750,6.080,5.40,0.000,29.41,1.00,0.52,-0.88,0.52,1.000,1.02,-1.44,1.034,0.00,0.90,2.606,7.5,0.000,0.496,0.000,1060,8.04,4.8,1.59,0.22,7.5,1,1,0,0,1,1,0,0,0,0,1,0,0,0,0,0,0,0,1,0,0,0,0,0,0,0,0,0,0,0,0,0,1,1,5154.8,0C,1,1,0,1,1,0,1,0,0,179.88,497.63,,,,,,,,,,,,,,,,,,,,,,,,,,,,,,,,,,,,,,,,,,,,,,,,,,,,,,,,,,
101,,,52,782,,14.00,12.75,999,0.0,12.000,6.221,5.35,0.000,30.54,1.00,0.52,-0.88,0.52,1.000,1.02,-1.44,1.037,0.00,0.90,3.051,7.5,0.000,0.496,0.000,1060,8.04,4.8,2.00,0.30,7.5,1,1,0,0,1,1,0,0,0,0,1,0,0,0,0,0,0,0,1,0,0,0,0,0,0,0,0,0,0,0,0,0,1,1,5154.8,0C,1,1,0,1,1,0,1,0,0,185.69,512.88,,,,,,,,,,,,,,,,,,,,,,,,,,,,,,,,,,,,,,,,,,,,,,,,,,,,,,,,,,
102,,,53,163,,14.00,12.75,1034,0.0,9.750,5.843,5.35,0.000,29.98,1.00,0.51,-0.88,0.52,1.000,1.02,-1.44,1.037,0.00,0.90,3.051,7.5,0.000,0.496,0.000,1060,8.04,4.8,2.17,0.00,7.5,1,1,0,0,1,1,0,0,0,0,1,0,0,0,0,0,0,0,1,0,0,0,0,0,0,0,0,0,0,0,0,0,1,1,5154.8,0C,1,1,0,1,1,0,1,0,0,182.81,504.25,,,,,,,,,,,,,,,,,,,,,,,,,,,,,,,,,,,,,,,,,,,,,,,,,,,,,,,,,,
103,,,53,543,,14.00,12.75,1042,0.0,9.750,5.587,5.40,0.000,29.51,1.00,0.51,-0.88,0.52,1.000,1.02,-1.44,1.035,0.00,0.90,3.051,7.5,0.000,0.496,0.000,1060,8.04,4.8,2.22,0.00,7.5,1,1,0,0,1,1,0,0,0,0,1,0,0,0,0,0,0,0,1,0,0,0,0,0,0,0,0,0,0,0,0,0,1,1,5154.8,0C,1,1,0,1,1,0,1,0,0,179.81,498.00,,,,,,,,,,,,,,,,,,,,,,,,,,,,,,,,,,,,,,,,,,,,,,,,,,,,,,,,,,
104,,,53,942,,14.00,13.50,1048,0.0,11.250,5.696,5.40,0.000,29.44,1.00,0.51,-0.88,0.52,1.000,1.02,-1.44,1.036,0.00,0.90,2.767,7.5,0.000,0.496,0.000,1060,8.04,4.8,2.30,0.00,7.5,1,1,0,0,1,1,0,0,0,0,1,0,0,0,0,0,0,0,1,0,0,0,0,0,0,0,0,0,0,0,0,0,1,1,5154.8,0C,1,1,0,1,1,0,1,0,0,178.19,494.69,,,,,,,,,,,,,,,,,,,,,,,,,,,,,,,,,,,,,,,,,,,,,,,,,,,,,,,,,,
105,,,54,355,,14.00,13.50,1052,0.0,11.250,5.491,5.40,0.000,28.97,1.00,0.52,-0.88,0.52,1.000,1.02,-1.44,1.033,0.00,0.90,2.767,7.5,0.000,0.496,0.000,1060,8.04,4.8,2.32,0.00,7.5,1,1,0,0,1,1,0,0,0,0,1,0,0,0,0,0,0,0,1,0,0,0,0,0,0,0,0,0,0,0,0,0,1,1,5154.8,0C,1,1,0,1,1,0,1,0,0,178.63,495.69,,,,,,,,,,,,,,,,,,,,,,,,,,,,,,,,,,,,,,,,,,,,,,,,,,,,,,,,,,
106,,,54,753,,14.10,13.50,1066,0.0,10.500,5.293,5.40,0.000,28.88,1.00,0.52,-0.88,0.52,1.000,1.02,-1.44,1.036,0.00,0.90,2.767,7.5,0.000,0.496,0.000,1060,8.04,4.8,2.35,0.00,7.5,1,1,0,0,1,1,0,0,0,0,1,0,0,0,0,0,0,0,1,0,0,0,0,0,0,0,0,0,0,0,0,0,1,1,5154.8,0C,1,1,0,1,1,0,1,0,0,174.19,486.69,,,,,,,,,,,,,,,,,,,,,,,,,,,,,,,,,,,,,,,,,,,,,,,,,,,,,,,,,,
107,,,55,175,,14.00,13.50,1106,0.0,11.250,4.864,5.40,0.000,27.45,1.00,0.51,-0.88,0.52,1.000,1.02,-1.44,1.033,0.00,0.90,2.606,7.5,0.000,0.496,0.000,1060,8.04,4.8,2.04,-0.03,7.5,1,1,0,0,1,1,0,0,0,0,1,0,0,0,0,0,0,0,1,0,0,0,0,0,0,0,0,0,0,0,0,0,1,1,5154.8,0C,1,1,0,1,1,0,1,0,0,166.69,470.63,,,,,,,,,,,,,,,,,,,,,,,,,,,,,,,,,,,,,,,,,,,,,,,,,,,,,,,,,,
108,,,55,584,,14.00,13.50,1095,0.0,10.500,5.171,5.40,0.000,27.54,1.00,0.51,-0.88,0.52,1.000,1.02,-1.44,1.032,0.00,0.90,2.606,7.5,0.000,0.496,0.000,1060,8.04,4.8,1.74,-0.01,7.5,1,1,0,0,1,1,0,0,0,0,1,0,0,0,0,0,0,0,1,0,0,0,0,0,0,0,0,0,0,0,0,0,1,1,5154.8,0C,1,1,0,1,1,0,1,0,0,167.44,472.25,,,,,,,,,,,,,,,,,,,,,,,,,,,,,,,,,,,,,,,,,,,,,,,,,,,,,,,,,,
109,,,56,040,,14.00,13.50,1057,0.0,10.500,5.587,5.40,0.000,28.36,1.00,0.52,-0.88,0.52,1.000,1.02,-1.44,1.032,0.00,0.90,2.606,7.5,0.000,0.496,0.000,1060,8.04,4.8,1.74,0.00,7.5,1,1,0,0,1,1,0,0,0,0,1,0,0,0,0,0,0,0,1,0,0,0,0,0,0,0,0,0,0,0,0,0,1,1,5154.8,0C,1,1,0,1,1,0,1,0,0,174.94,487.94,,,,,,,,,,,,,,,,,,,,,,,,,,,,,,,,,,,,,,,,,,,,,,,,,,,,,,,,,,
110,,,56,433,,14.00,13.50,1028,0.0,9.750,5.856,5.35,0.000,29.51,1.00,0.52,-0.88,0.52,1.000,1.02,-1.44,1.035,0.00,0.90,2.606,7.5,0.000,0.496,0.000,1060,8.04,4.8,1.86,0.11,7.5,1,1,0,0,1,1,0,0,0,0,1,0,0,0,0,0,0,0,1,0,0,0,0,0,0,0,0,0,0,0,0,0,1,1,5154.8,0C,1,1,0,1,1,0,1,0,0,181.50,502.69,,,,,,,,,,,,,,,,,,,,,,,,,,,,,,,,,,,,,,,,,,,,,,,,,,,,,,,,,,
111,,,56,814,,14.00,13.50,1010,0.0,10.500,5.894,5.35,0.000,30.19,1.00,0.51,-0.88,0.52,1.000,1.02,-1.44,1.037,0.00,0.90,2.911,7.5,0.000,0.496,0.000,1050,8.04,4.8,2.18,0.27,7.5,1,1,0,0,1,1,0,0,0,0,1,0,0,0,0,0,0,0,1,0,0,0,0,0,0,0,0,0,0,0,0,0,1,1,5154.8,0C,1,1,0,1,1,0,1,0,0,184.88,509.75,,,,,,,,,,,,,,,,,,,,,,,,,,,,,,,,,,,,,,,,,,,,,,,,,,,,,,,,,,
112,,,57,190,,14.00,13.50,1063,0.0,7.500,5.325,5.35,0.000,29.23,1.00,0.51,-0.88,0.51,1.000,1.02,-1.44,1.037,0.00,0.90,2.911,7.5,0.000,0.496,0.000,1050,8.04,4.8,2.21,0.00,7.5,1,1,0,0,1,1,0,0,0,0,1,0,0,0,0,0,0,0,1,0,0,0,0,0,0,0,0,0,0,0,0,0,1,1,5154.8,0C,1,1,0,1,1,0,1,0,0,176.13,491.19,,,,,,,,,,,,,,,,,,,,,,,,,,,,,,,,,,,,,,,,,,,,,,,,,,,,,,,,,,
113,,,61,652,,14.00,15.00,1041,0.0,9.750,5.472,5.35,0.000,29.23,1.00,0.39,-0.88,0.52,1.000,1.02,-1.44,1.034,0.00,0.90,2.668,8.3,0.000,0.496,0.000,1040,8.05,4.8,2.61,0.00,7.5,1,1,0,0,1,1,0,0,0,0,1,0,0,0,0,0,0,0,1,0,0,0,0,0,0,0,0,0,0,0,0,0,1,1,5154.8,0C,1,1,0,1,1,0,1,0,0,177.38,494.88,,,,,,,,,,,,,,,,,,,,,,,,,,,,,,,,,,,,,,,,,,,,,,,,,,,,,,,,,,
114,,,62,034,,14.00,15.00,1043,0.0,10.500,5.485,5.35,0.000,29.16,1.00,0.29,-0.88,0.52,1.000,1.02,-1.44,1.035,0.00,0.90,2.640,8.3,0.000,0.496,0.000,1040,8.05,4.8,2.63,0.00,7.5,1,1,0,0,1,1,0,0,0,0,1,0,0,0,0,0,0,0,1,0,0,0,0,0,0,0,0,0,0,0,0,0,1,1,5154.8,0C,1,1,0,1,1,0,1,0,0,176.88,493.63,,,,,,,,,,,,,,,,,,,,,,,,,,,,,,,,,,,,,,,,,,,,,,,,,,,,,,,,,,
115,,,62,420,,14.00,15.00,1067,0.0,9.750,5.043,5.35,0.000,28.34,1.00,0.20,-0.88,0.52,1.000,1.02,-1.44,1.032,0.00,0.90,2.640,8.3,0.000,0.496,0.000,1040,8.05,4.8,2.57,0.00,7.5,1,1,0,0,1,1,0,0,0,0,1,0,0,0,0,0,0,0,1,0,0,0,0,0,0,0,0,0,0,0,0,0,1,1,5154.8,0C,1,1,0,1,1,0,1,0,0,173.13,485.38,,,,,,,,,,,,,,,,,,,,,,,,,,,,,,,,,,,,,,,,,,,,,,,,,,,,,,,,,,
116,,,62,835,,14.00,15.00,1076,0.0,10.500,5.062,5.35,0.000,27.91,1.00,0.11,-0.88,0.52,1.000,1.02,-1.44,1.032,0.00,0.90,2.477,8.3,0.000,0.496,0.000,1040,8.06,4.8,2.40,0.00,7.5,1,1,0,0,1,1,0,0,0,0,1,0,0,0,0,0,0,0,1,0,0,0,0,0,0,0,0,0,0,0,0,0,1,1,5154.8,0C,1,1,0,1,1,0,1,0,0,170.19,479.94,,,,,,,,,,,,,,,,,,,,,,,,,,,,,,,,,,,,,,,,,,,,,,,,,,,,,,,,,,
117,,,63,251,,14.00,15.00,1061,0.0,10.500,5.197,5.35,0.000,28.03,1.00,0.04,-0.88,0.52,1.000,1.02,-1.44,1.030,0.00,0.90,0.224,-40.5,31.250,0.750,-3.750,0,0.23,128.3,0.78,-49.63,108.8,0,1,0,0,0,1,0,1,1,1,1,1,0,1,1,0,0,1,0,0,0,0,0,0,0,0,0,1,0,1,0,0,0,0,8751.7,5B,0,1,0,1,0,1,1,1,1,1,1,,,,,,,,,,,,,,,,,,,,,,,,,,,,,,,,,,,,,,,,,,,,,,,,,,,,,,,,,,
118,,,63,651,,14.00,15.00,1051,0.0,9.000,5.504,5.35,0.000,28.76,1.00,1.27,-0.88,0.52,1.000,1.02,-1.44,1.033,0.00,0.90,2.477,8.3,0.000,0.496,0.000,1040,8.06,4.8,2.30,0.00,7.5,1,1,0,0,1,1,0,0,0,0,1,0,0,0,0,0,0,0,1,0,0,0,0,0,0,0,0,0,0,0,0,0,1,1,5154.8,0C,1,1,0,1,1,0,1,0,0,176.13,491.81,,,,,,,,,,,,,,,,,,,,,,,,,,,,,,,,,,,,,,,,,,,,,,,,,,,,,,,,,,
119,,,64,033,,13.90,15.00,981,0.0,12.000,7.232,7.10,0.000,31.20,1.00,1.24,-0.88,0.51,1.000,1.02,-1.44,1.040,0.00,0.90,2.640,8.3,0.000,0.496,0.000,1040,8.06,4.8,2.58,0.90,7.5,1,1,0,0,1,1,0,0,0,0,1,0,0,0,0,0,0,0,1,0,0,0,0,0,0,0,0,0,0,0,0,0,1,1,5154.8,0C,1,1,0,1,1,0,1,0,0,206.94,574.38,,,,,,,,,,,,,,,,,,,,,,,,,,,,,,,,,,,,,,,,,,,,,,,,,,,,,,,,,,
120,,,64,420,,13.60,15.00,895,0.0,6.750,10.630,9.67,0.000,38.34,1.00,1.22,-0.88,0.52,1.000,1.02,-1.44,1.049,0.00,0.90,2.640,8.3,0.000,0.496,0.000,1040,8.06,4.8,3.71,2.15,7.5,1,1,0,0,1,1,0,0,0,0,1,0,0,0,0,0,0,0,1,0,0,0,0,0,0,0,0,1,0,0,0,0,1,1,5154.8,0C,1,1,0,1,1,0,1,0,0,283.31,732.81,,,,,,,,,,,,,,,,,,,,,,,,,,,,,,,,,,,,,,,,,,,,,,,,,,,,,,,,,,
121,,,64,815,,13.90,15.00,863,0.0,-3.000,12.563,9.30,0.000,45.45,1.00,1.20,-0.88,0.52,1.000,1.02,-1.44,1.051,0.00,0.90,3.947,8.3,0.000,0.496,0.000,1040,8.06,4.8,5.34,1.78,7.5,1,1,0,0,1,1,0,0,0,0,1,0,0,0,0,0,0,0,1,0,0,0,0,0,0,0,0,1,0,0,0,0,1,1,5154.8,0C,1,1,0,1,1,0,1,0,0,286.50,758.56,,,,,,,,,,,,,,,,,,,,,,,,,,,,,,,,,,,,,,,,,,,,,,,,,,,,,,,,,,
122,,,65,213,,13.90,15.75,779,0.0,-9.750,16.429,11.43,0.000,56.74,1.00,1.17,-0.88,0.52,1.000,1.02,-1.44,1.051,0.00,0.90,3.947,8.3,0.000,0.496,0.000,1040,8.06,4.8,7.99,2.57,7.5,1,1,0,0,1,1,0,0,0,0,1,0,0,0,0,0,0,0,1,0,0,0,0,0,0,0,0,1,0,0,0,0,1,1,5154.8,0C,1,1,0,1,1,0,1,0,0,350.00,877.69,,,,,,,,,,,,,,,,,,,,,,,,,,,,,,,,,,,,,,,,,,,,,,,,,,,,,,,,,,
123,,,65,593,,13.70,-46.50,9472,0.0,7.500,293.280,359.38,89.979,620.98,1.44,1.21,-1.34,0.69,0.007,0.11,4.54,0.000,0.01,0.75,0.224,-40.5,32.032,0.751,-75.750,40,97.88,128.3,0.78,-41.82,108.8,0,1,0,0,0,1,0,1,1,1,1,1,0,1,1,0,0,1,0,0,0,0,0,0,0,0,1,0,0,1,1,0,0,0,1076.7,51,0,1,0,1,0,1,1,1,1,1,1,,,,,,,,,,,,,,,,,,,,,,,,,,,,,,,,,,,,,,,,,,,,,,,,,,,,,,,,,,
124,,,66,001,,14.00,15.75,920,0.0,-6.750,6.662,5.22,0.000,46.10,1.00,1.11,-0.88,0.52,1.000,1.02,-1.44,1.051,0.00,0.90,6.370,8.3,0.000,0.496,0.000,1040,8.07,4.8,9.85,0.50,7.5,1,1,0,0,1,1,0,0,0,0,1,0,0,0,0,0,0,0,1,0,0,0,0,0,0,0,0,1,0,1,0,0,1,1,5154.8,0C,1,1,0,1,1,0,1,0,0,283.69,731.00,,,,,,,,,,,,,,,,,,,,,,,,,,,,,,,,,,,,,,,,,,,,,,,,,,,,,,,,,,
125,,,66,391,,13.80,15.75,914,0.0,-2.250,10.170,278.13,84.901,620.98,1.07,0.38,0.00,0.00,0.248,0.00,10.65,0.648,0.01,0.05,85.865,58.5,28.914,0.047,0.750,1940,94.39,313.0,-78.91,14.42,-12.8,1,1,0,1,0,1,0,1,0,1,0,1,0,1,0,1,0,1,1,1,1,1,1,1,1,1,1,1,1,1,1,1,1,1,1,,,,,,,,,,,,,,,,,,,,,,,,,,,,,,,,,,,,,,,,,,,,,,,,,,,,,,,,,,,,,,,,,,,,,,
126,,,66,772,,13.80,15.75,913,0.0,-0.750,10.566,8.98,0.000,49.10,1.00,1.08,-0.88,0.52,1.000,1.02,-1.44,1.051,0.00,0.90,3.421,8.3,0.000,0.496,0.000,1040,8.07,4.8,9.85,1.04,7.5,1,1,0,0,1,1,0,0,0,0,1,0,0,0,0,0,0,0,1,0,0,0,0,0,0,0,0,1,0,0,0,0,1,1,5154.8,0C,1,1,0,1,1,0,1,0,0,295.56,757.38,,,,,,,,,,,,,,,,,,,,,,,,,,,,,,,,,,,,,,,,,,,,,,,,,,,,,,,,,,
127,,,67,173,,13.90,15.75,951,0.0,0.000,10.131,7.15,0.000,47.48,1.00,1.06,-0.88,0.52,1.000,1.02,-1.44,1.055,0.00,0.90,3.421,8.3,0.000,0.496,0.000,1030,8.07,4.8,9.85,0.37,7.5,1,1,0,0,1,1,0,0,0,0,1,0,0,0,0,0,0,0,1,0,0,0,0,0,0,0,0,1,0,0,0,0,1,1,5154.8,0C,1,1,0,1,1,0,1,0,0,290.13,741.00,,,,,,,,,,,,,,,,,,,,,,,,,,,,,,,,,,,,,,,,,,,,,,,,,,,,,,,,,,
128,,,67,563,,14.00,15.75,1011,0.0,0.000,7.706,5.71,0.000,41.67,1.00,1.06,-0.88,0.52,1.000,1.02,-1.44,1.058,0.00,0.90,3.421,8.3,0.000,0.496,0.000,1030,8.07,4.8,9.81,-0.02,7.5,1,1,0,0,1,1,0,0,0,0,1,0,0,0,0,0,0,0,1,0,0,0,0,0,0,0,0,1,0,0,0,0,1,1,5154.8,0C,1,1,0,1,1,0,1,0,0,255.69,676.56,,,,,,,,,,,,,,,,,,,,,,,,,,,,,,,,,,,,,,,,,,,,,,,,,,,,,,,,,,
129,,,67,943,,13.90,-48.00,16064,0.0,4.500,347.347,340.63,81.386,620.98,1.44,1.21,-1.34,1.20,0.007,0.08,4.02,0.000,0.01,0.75,0.221,-40.5,32.422,0.751,-87.000,0,0.23,128.3,0.78,-48.07,108.8,0,1,0,0,0,1,0,1,1,1,1,1,0,1,1,0,0,1,0,0,0,0,0,0,0,0,1,1,1,1,0,0,0,0,2652.0,BE,0,1,0,1,0,1,1,1,1,1,1,,,,,,,,,,,,,,,,,,,,,,,,,,,,,,,,,,,,,,,,,,,,,,,,,,,,,,,,,,
130,,,68,331,,14.00,15.75,999,0.0,0.750,7.763,7.06,0.000,42.02,1.00,1.05,-0.88,0.52,1.000,1.02,-1.44,1.052,0.00,0.90,2.836,8.3,0.000,0.496,0.000,1030,8.07,4.8,9.85,0.03,7.5,1,1,0,0,1,1,0,0,0,0,1,0,0,0,0,0,0,0,1,0,0,0,0,0,0,0,0,1,0,0,0,0,1,1,5154.8,0C,1,1,0,1,1,0,1,0,0,253.94,675.31,,,,,,,,,,,,,,,,,,,,,,,,,,,,,,,,,,,,,,,,,,,,,,,,,,,,,,,,,,
131,,,68,740,,14.00,15.75,1013,0.0,1.500,7.661,7.47,0.000,41.37,1.00,1.05,-0.88,0.52,1.000,1.02,-1.44,1.057,0.00,0.90,2.836,8.3,0.000,0.496,0.000,1030,8.07,4.8,9.84,0.00,7.5,1,1,0,0,1,1,0,0,0,0,1,0,0,0,0,0,0,0,1,0,0,0,0,0,0,0,0,1,0,0,0,0,1,1,5154.8,0C,1,1,0,1,1,0,1,0,0,251.75,670.06,,,,,,,,,,,,,,,,,,,,,,,,,,,,,,,,,,,,,,,,,,,,,,,,,,,,,,,,,,
132,,,69,143,,14.00,15.75,977,0.0,1.500,9.178,7.15,0.000,44.27,1.00,1.06,-0.88,0.52,1.000,1.02,-1.44,1.051,0.00,0.90,3.642,8.3,0.000,0.496,0.000,1030,8.07,4.8,9.85,0.11,7.5,1,1,0,0,1,1,0,0,0,0,1,0,0,0,0,0,0,0,1,0,0,0,0,0,0,0,0,1,0,0,0,0,1,1,5154.8,0C,1,1,0,1,1,0,1,0,0,265.94,697.13,,,,,,,,,,,,,,,,,,,,,,,,,,,,,,,,,,,,,,,,,,,,,,,,,,,,,,,,,,
133,,,69,531,,13.90,16.50,972,0.0,1.500,9.792,7.59,0.000,45.63,1.00,1.04,-0.88,0.52,1.000,1.02,-1.44,1.052,0.00,0.90,3.642,8.3,0.000,0.496,0.000,1030,8.07,4.8,9.85,0.26,7.5,1,1,0,0,1,1,0,0,0,0,1,0,0,0,0,0,0,0,0,0,0,0,0,0,0,0,0,0,0,0,1,0,0,0,10759.3,47,0,1,0,1,0,1,1,1,1,1,1,,,,,,,,,,,,,,,,,,,,,,,,,,,,,,,,,,,,,,,,,,,,,,,,,,,,,,,,,,
134,,,69,927,,13.90,16.50,966,0.0,-2.250,7.904,7.52,0.000,44.81,1.00,1.05,-0.88,0.52,1.000,1.02,-1.44,1.051,0.00,0.90,4.141,8.3,0.000,0.496,0.000,1030,8.07,4.8,9.85,0.24,7.5,1,1,0,0,1,1,0,0,0,0,1,0,0,0,0,0,0,0,1,0,0,0,0,0,0,0,0,1,0,0,0,0,1,1,5154.8,0C,1,1,0,1,1,0,1,0,0,268.19,710.19,,,,,,,,,,,,,,,,,,,,,,,,,,,,,,,,,,,,,,,,,,,,,,,,,,,,,,,,,,
135,,,70,323,,14.00,16.50,987,0.0,-0.750,7.462,6.25,0.000,44.27,1.00,1.05,-0.88,0.52,1.000,1.02,-1.44,1.056,0.00,0.90,4.141,8.3,0.000,0.496,0.000,1030,8.07,4.8,9.84,0.00,7.5,1,1,0,0,1,1,0,0,0,0,1,0,0,0,0,0,0,0,1,0,0,0,0,0,0,0,0,1,0,0,0,0,1,1,5154.8,0C,1,1,0,1,1,0,1,0,0,257.06,688.31,,,,,,,,,,,,,,,,,,,,,,,,,,,,,,,,,,,,,,,,,,,,,,,,,,,,,,,,,,
136,,,70,704,,14.00,16.50,1031,0.0,2.250,7.507,7.40,0.000,40.90,1.00,1.05,-0.88,0.52,1.000,1.02,-1.44,1.056,0.00,0.90,4.141,8.3,0.000,0.496,0.000,1030,8.07,4.8,9.75,0.00,7.5,1,1,0,0,1,1,0,0,0,0,1,0,0,0,0,0,0,0,1,0,0,0,0,0,0,0,0,1,0,0,0,0,1,1,5154.8,0C,1,1,0,1,1,0,1,0,0,247.31,663.06,,,,,,,,,,,,,,,,,,,,,,,,,,,,,,,,,,,,,,,,,,,,,,,,,,,,,,,,,,
137,,,71,090,,14.00,16.50,1062,0.0,2.250,6.733,7.15,0.000,38.98,1.00,1.04,-0.88,0.51,1.000,1.02,-1.44,1.053,0.00,0.90,3.646,8.3,0.000,0.496,0.000,1030,8.07,4.8,9.59,0.00,7.5,1,1,0,0,1,1,0,0,0,0,1,0,0,0,0,0,0,0,1,0,0,0,0,0,0,0,0,1,0,0,0,0,1,1,5154.8,0C,1,1,0,1,1,0,1,0,0,236.75,638.69,,,,,,,,,,,,,,,,,,,,,,,,,,,,,,,,,,,,,,,,,,,,,,,,,,,,,,,,,,
138,,,73,523,,14.00,17.25,1013,0.0,0.750,7.789,7.23,0.000,42.70,1.00,1.07,-0.88,0.52,1.000,1.02,-1.44,1.053,0.00,0.90,4.128,8.3,0.000,0.496,0.000,1020,8.07,4.8,9.84,0.00,7.5,1,1,0,0,1,1,0,0,0,0,1,0,0,0,0,0,0,0,1,0,0,0,0,0,0,0,0,1,0,0,0,0,1,1,5154.8,0C,1,1,0,1,1,0,1,0,0,255.63,682.13,,,,,,,,,,,,,,,,,,,,,,,,,,,,,,,,,,,,,,,,,,,,,,,,,,,,,,,,,,
139,,,73,915,,14.00,17.25,1022,0.0,2.250,7.878,7.59,0.000,41.53,1.00,1.07,-0.88,0.52,1.000,1.02,-1.44,1.055,0.00,0.90,4.272,8.3,0.000,0.496,0.000,1020,8.07,4.8,9.81,0.00,7.5,1,1,0,0,1,1,0,0,0,0,1,0,0,0,0,0,0,0,1,0,0,0,0,0,0,0,0,1,0,0,0,0,1,1,5154.8,0C,1,1,0,1,1,0,1,0,0,252.75,675.63,,,,,,,,,,,,,,,,,,,,,,,,,,,,,,,,,,,,,,,,,,,,,,,,,,,,,,,,,,
140,,,74,305,,14.00,17.25,1041,0.0,0.750,7.149,7.06,0.000,40.76,1.00,1.08,-0.88,0.52,1.000,1.02,-1.44,1.056,0.00,0.90,4.272,8.3,0.000,0.496,0.000,1020,8.07,4.8,9.74,0.00,7.5,1,1,0,0,1,1,0,0,0,0,1,0,0,0,0,0,0,0,1,0,0,0,0,0,0,0,0,1,0,0,0,0,1,1,5154.8,0C,1,1,0,1,1,0,1,0,0,245.94,660.50,,,,,,,,,,,,,,,,,,,,,,,,,,,,,,,,,,,,,,,,,,,,,,,,,,,,,,,,,,
141,,,74,700,,14.00,17.25,1032,0.0,2.250,7.712,7.52,0.000,40.95,1.00,1.09,-0.88,0.52,1.000,1.02,-1.44,1.057,0.00,0.90,4.272,8.3,0.000,0.496,0.000,1020,8.07,4.8,9.68,0.00,7.5,1,1,0,0,1,1,0,0,0,0,1,0,0,0,0,0,0,0,1,0,0,0,0,0,0,0,0,1,0,0,0,0,1,1,5154.8,0C,1,1,0,1,1,0,1,0,0,249.06,667.56,,,,,,,,,,,,,,,,,,,,,,,,,,,,,,,,,,,,,,,,,,,,,,,,,,,,,,,,,,
142,,,75,091,,14.00,17.25,1017,0.0,2.250,7.462,7.47,0.000,40.38,1.00,1.08,-0.88,0.52,1.000,1.02,-1.44,1.051,0.00,0.90,3.771,8.3,0.000,0.496,0.000,1020,8.07,4.8,9.66,0.25,7.5,1,1,0,0,1,1,0,0,0,0,1,0,0,0,0,0,0,0,1,0,0,0,0,0,0,0,0,1,0,0,0,0,1,1,5154.8,0C,1,1,0,1,1,0,1,0,0,249.13,673.88,,,,,,,,,,,,,,,,,,,,,,,,,,,,,,,,,,,,,,,,,,,,,,,,,,,,,,,,,,
143,,,75,473,,14.00,17.25,1002,0.0,3.000,7.827,8.20,0.000,41.53,1.00,1.08,-0.88,0.52,1.000,1.02,-1.44,1.051,0.00,0.90,3.771,8.3,0.000,0.496,0.000,1020,8.07,4.8,9.74,0.25,7.5,1,1,0,0,1,1,0,0,0,0,1,0,0,0,0,0,0,0,1,0,0,0,0,0,0,0,0,1,0,0,0,0,1,1,5154.8,0C,1,1,0,1,1,0,1,0,0,253.19,677.75,,,,,,,,,,,,,,,,,,,,,,,,,,,,,,,,,,,,,,,,,,,,,,,,,,,,,,,,,,
144,,,75,879,,14.00,17.25,1007,0.0,2.250,8.000,7.71,0.000,42.12,1.00,1.09,-0.88,0.52,1.000,1.02,-1.44,1.054,0.00,0.90,4.008,8.3,0.000,0.496,0.000,1020,8.08,4.8,9.81,0.00,7.5,1,1,0,0,1,1,0,0,0,0,1,0,0,0,0,0,0,0,1,0,0,0,0,0,0,0,0,1,0,0,0,0,1,1,5154.8,0C,1,1,0,1,1,0,1,0,0,256.69,682.13,,,,,,,,,,,,,,,,,,,,,,,,,,,,,,,,,,,,,,,,,,,,,,,,,,,,,,,,,,
145,,,76,266,,14.00,17.25,1025,0.0,0.750,7.731,7.10,0.000,41.65,1.00,1.09,-0.88,0.52,1.000,1.02,-1.44,1.056,0.00,0.90,4.008,8.3,0.000,0.496,0.000,1020,8.08,4.8,9.83,0.00,7.5,1,1,0,0,1,1,0,0,0,0,1,0,0,0,0,0,0,0,1,0,0,0,0,0,0,0,0,1,0,0,0,0,1,1,5154.8,0C,1,1,0,1,1,0,1,0,0,251.75,673.13,,,,,,,,,,,,,,,,,,,,,,,,,,,,,,,,,,,,,,,,,,,,,,,,,,,,,,,,,,
146,,,76,654,,14.00,17.25,1014,0.0,2.250,7.795,7.47,0.000,41.60,1.00,1.13,-0.88,0.52,1.000,1.02,-1.44,1.054,0.00,0.90,4.008,8.3,0.000,0.496,0.000,1020,8.08,4.8,9.86,0.00,7.5,1,1,0,0,1,1,0,0,0,0,1,0,0,0,0,0,0,0,1,0,0,0,0,0,0,0,0,1,0,0,0,0,1,1,5154.8,0C,1,1,0,1,1,0,1,0,0,253.00,675.19,,,,,,,,,,,,,,,,,,,,,,,,,,,,,,,,,,,,,,,,,,,,,,,,,,,,,,,,,,
147,,,77,210,,14.00,17.25,1010,0.0,1.500,7.750,7.59,0.000,41.06,1.00,1.09,-0.88,0.52,1.000,1.02,-1.44,1.051,0.00,0.90,3.765,8.3,0.000,0.496,0.000,1020,8.08,4.8,9.86,0.04,7.5,1,1,0,0,1,1,0,0,0,0,1,0,0,0,0,0,0,0,1,0,0,0,0,0,0,0,0,1,0,0,0,0,1,1,5154.8,0C,1,1,0,1,1,0,1,0,0,253.38,683.63,,,,,,,,,,,,,,,,,,,,,,,,,,,,,,,,,,,,,,,,,,,,,,,,,,,,,,,,,,
148,,,77,601,,14.00,18.00,1002,0.0,3.000,8.224,7.06,0.000,43.15,1.00,1.09,-0.88,0.52,1.000,1.02,-1.44,1.057,0.00,0.90,3.765,8.3,0.000,0.496,0.000,1020,8.08,4.8,9.86,0.00,7.5,1,1,0,0,1,1,0,0,0,0,1,0,0,0,0,0,0,0,1,0,0,0,0,0,0,0,0,1,0,0,0,0,1,1,5154.8,0C,1,1,0,1,1,0,1,0,0,256.06,683.56,,,,,,,,,,,,,,,,,,,,,,,,,,,,,,,,,,,,,,,,,,,,,,,,,,,,,,,,,,
149,,,78,004,,14.00,18.00,1069,0.0,3.750,6.330,6.37,0.000,37.52,1.00,1.10,-0.88,0.52,1.000,1.02,-1.44,1.053,0.00,0.90,3.388,8.3,0.000,0.496,0.000,1010,8.08,4.8,9.48,-0.10,7.5,1,1,0,0,1,1,0,0,0,0,1,0,0,0,0,0,0,0,1,0,0,0,0,0,0,0,0,1,0,0,0,0,1,1,5154.8,0C,1,1,0,1,1,0,1,0,0,231.94,630.69,,,,,,,,,,,,,,,,,,,,,,,,,,,,,,,,,,,,,,,,,,,,,,,,,,,,,,,,,,
150,,,78,391,,14.00,18.00,1062,0.0,5.250,7.002,7.06,0.000,37.85,1.00,1.10,-0.88,0.52,1.000,1.02,-1.44,1.055,0.00,0.90,3.388,8.3,0.000,0.496,0.000,1010,8.08,4.8,9.18,-0.08,7.5,1,1,0,0,1,1,0,0,0,0,1,0,0,0,0,0,0,0,1,0,0,0,0,0,0,0,0,1,0,0,0,0,1,1,5154.8,0C,1,1,0,1,1,0,1,0,0,226.81,620.50,,,,,,,,,,,,,,,,,,,,,,,,,,,,,,,,,,,,,,,,,,,,,,,,,,,,,,,,,,
151,,,78,780,,14.00,18.00,1040,0.0,4.500,7.002,7.15,0.000,37.66,1.00,1.11,-0.88,0.52,1.000,1.02,-1.44,1.053,0.00,0.90,3.032,8.3,0.000,0.496,0.000,1010,8.08,4.8,8.96,0.00,7.5,1,1,0,0,1,1,0,0,0,0,1,0,0,0,0,0,0,0,1,0,0,0,0,0,0,0,0,1,0,0,0,0,1,1,5154.8,0C,1,1,0,1,1,0,1,0,0,229.75,625.19,,,,,,,,,,,,,,,,,,,,,,,,,,,,,,,,,,,,,,,,,,,,,,,,,,,,,,,,,,
152,,,79,192,,14.00,18.00,1036,0.0,6.000,6.477,6.98,0.000,36.59,1.00,1.10,-0.88,0.52,1.000,1.02,-1.44,1.049,0.00,0.90,3.032,8.3,0.000,0.496,0.000,1010,8.08,4.8,8.69,0.00,7.5,1,1,0,0,1,1,0,0,0,0,1,0,0,0,0,0,0,0,1,0,0,0,0,0,0,0,0,1,0,0,0,0,1,1,5154.8,0C,1,1,0,1,1,0,1,0,0,224.69,610.13,,,,,,,,,,,,,,,,,,,,,,,,,,,,,,,,,,,,,,,,,,,,,,,,,,,,,,,,,,
153,,,79,591,,14.00,18.00,1019,0.0,5.250,6.733,7.06,0.000,37.17,1.00,1.10,-0.88,0.52,1.000,1.02,-1.44,1.049,0.00,0.90,3.032,8.3,0.000,0.496,0.000,1010,8.08,4.8,8.65,0.05,7.5,1,1,0,0,1,1,0,0,0,0,1,0,0,0,0,0,0,0,1,0,0,0,0,0,0,0,0,1,0,0,0,0,1,1,5154.8,0C,1,1,0,1,1,0,1,0,0,227.13,624.13,,,,,,,,,,,,,,,,,,,,,,,,,,,,,,,,,,,,,,,,,,,,,,,,,,,,,,,,,,
154,,,79,980,,14.00,18.00,1034,0.0,3.750,6.451,6.45,0.000,36.73,1.00,1.10,-0.88,0.52,1.000,1.02,-1.44,1.050,0.00,0.90,3.397,8.3,0.000,0.496,0.000,1010,8.08,4.8,8.57,0.00,7.5,1,1,0,0,1,1,0,0,0,0,1,0,0,0,0,0,0,0,1,0,0,0,0,0,0,0,0,1,0,0,0,0,1,1,5154.8,0C,1,1,0,1,1,0,1,0,0,224.25,610.25,,,,,,,,,,,,,,,,,,,,,,,,,,,,,,,,,,,,,,,,,,,,,,,,,,,,,,,,,,
155,,,80,380,,14.00,18.00,1027,0.0,3.000,6.355,5.93,0.000,37.24,1.00,1.11,-0.88,0.52,1.000,1.02,-1.44,1.053,0.00,0.90,3.397,8.3,0.000,0.496,0.000,1010,8.08,4.8,8.59,-0.05,7.5,1,1,0,0,1,1,0,0,0,0,1,0,0,0,0,0,0,0,1,0,0,0,0,0,0,0,0,1,0,0,0,0,1,1,5154.8,0C,1,1,0,1,1,0,1,0,0,227.44,620.44,,,,,,,,,,,,,,,,,,,,,,,,,,,,,,,,,,,,,,,,,,,,,,,,,,,,,,,,,,
156,,,80,790,,14.00,18.00,1048,0.0,5.250,6.387,6.54,0.000,35.55,1.00,1.12,-0.88,0.52,1.000,1.02,-1.44,1.050,0.00,0.90,2.911,8.3,0.000,0.496,0.000,1010,8.09,4.8,8.36,-0.05,7.5,1,1,0,0,1,1,0,0,0,0,1,0,0,0,0,0,0,0,1,0,0,0,0,0,0,0,0,1,0,0,0,0,1,1,5154.8,0C,1,1,0,1,1,0,1,0,0,216.13,594.06,,,,,,,,,,,,,,,,,,,,,,,,,,,,,,,,,,,,,,,,,,,,,,,,,,,,,,,,,,
157,,,81,205,,14.00,18.75,999,0.0,6.750,7.264,7.10,0.000,37.13,1.00,1.11,-0.88,0.51,1.000,1.02,-1.44,1.049,0.00,0.90,2.911,8.3,0.000,0.496,0.000,1010,8.09,4.8,8.38,0.00,7.5,1,1,0,0,1,1,0,0,0,0,1,0,0,0,0,0,0,0,1,0,0,0,0,0,0,0,0,1,0,0,0,0,1,1,5154.8,0C,1,1,0,1,1,0,1,0,0,230.38,625.13,,,,,,,,,,,,,,,,,,,,,,,,,,,,,,,,,,,,,,,,,,,,,,,,,,,,,,,,,,
158,,,81,605,,14.00,18.75,996,0.0,5.250,7.098,6.79,0.000,37.27,1.00,1.11,-0.88,0.52,1.000,1.02,-1.44,1.049,0.00,0.90,2.911,8.3,0.000,0.496,0.000,1010,8.09,4.8,8.39,0.00,7.5,1,1,0,0,1,1,0,0,0,0,1,0,0,0,0,0,0,0,1,0,0,0,0,0,0,0,0,1,0,0,0,0,1,1,5154.8,0C,1,1,0,1,1,0,1,0,0,226.13,620.44,,,,,,,,,,,,,,,,,,,,,,,,,,,,,,,,,,,,,,,,,,,,,,,,,,,,,,,,,,
159,,,81,995,,14.00,18.75,999,0.0,3.750,6.298,6.69,0.000,36.52,1.00,1.12,-0.88,0.52,1.000,1.02,-1.44,1.049,0.00,0.90,3.522,8.3,0.000,0.496,0.000,1010,8.09,4.8,8.41,0.05,7.5,1,1,0,0,1,1,0,0,0,0,1,0,0,0,0,0,0,0,1,0,0,0,0,0,0,0,0,1,0,0,0,0,1,1,5154.8,0C,1,1,0,1,1,0,1,0,0,227.00,618.00,,,,,,,,,,,,,,,,,,,,,,,,,,,,,,,,,,,,,,,,,,,,,,,,,,,,,,,,,,
160,,,82,383,,14.00,18.75,1033,0.0,5.250,6.138,6.13,0.000,35.18,1.00,1.12,-0.88,0.52,1.000,1.02,-1.44,1.049,0.00,0.90,3.522,8.3,0.000,0.496,0.000,1010,8.09,4.8,8.25,0.00,7.5,1,1,0,0,1,1,0,0,0,0,1,0,0,0,0,0,0,0,1,0,0,0,0,0,0,0,0,1,0,0,0,0,1,1,5154.8,0C,1,1,0,1,1,0,1,0,0,213.38,586.00,,,,,,,,,,,,,,,,,,,,,,,,,,,,,,,,,,,,,,,,,,,,,,,,,,,,,,,,,,
161,,,82,792,,14.00,18.75,1007,0.0,6.000,6.515,6.54,0.000,36.21,1.00,1.14,-0.88,0.52,1.000,1.02,-1.44,1.049,0.00,0.90,2.817,8.3,0.000,0.496,0.000,1000,8.09,4.8,8.24,0.00,7.5,1,1,0,0,1,1,0,0,0,0,1,0,0,0,0,0,0,0,1,0,0,0,0,0,0,0,0,1,0,0,0,0,1,1,5154.8,0C,1,1,0,1,1,0,1,0,0,221.69,605.50,,,,,,,,,,,,,,,,,,,,,,,,,,,,,,,,,,,,,,,,,,,,,,,,,,,,,,,,,,
162,,,83,183,,14.00,18.75,1033,0.0,7.500,6.035,6.25,0.000,34.29,1.00,1.11,-0.88,0.52,1.000,1.02,-1.43,1.048,0.00,0.90,2.817,8.3,0.000,0.496,0.000,1000,8.09,4.8,8.07,-0.01,7.5,1,1,0,0,1,1,0,0,0,0,1,0,0,0,0,0,0,0,1,0,0,0,0,0,0,0,0,1,0,0,0,0,1,1,5154.8,0C,1,1,0,1,1,0,1,0,0,208.19,574.75,,,,,,,,,,,,,,,,,,,,,,,,,,,,,,,,,,,,,,,,,,,,,,,,,,,,,,,,,,
163,,,83,590,,14.00,18.75,1023,0.0,7.500,5.971,6.37,0.000,33.75,1.00,1.11,-0.88,0.52,1.000,1.02,-1.43,1.047,0.00,0.90,2.817,8.3,0.000,0.496,0.000,1000,8.09,4.8,7.93,0.00,7.5,1,1,0,0,1,1,0,0,0,0,1,0,0,0,0,0,0,0,1,0,0,0,0,0,0,0,0,1,0,0,0,0,1,1,5154.8,0C,1,1,0,1,1,0,1,0,0,206.69,569.38,,,,,,,,,,,,,,,,,,,,,,,,,,,,,,,,,,,,,,,,,,,,,,,,,,,,,,,,,,
164,,,85,972,,14.00,19.50,1005,0.0,6.750,6.067,6.01,0.000,33.75,1.00,1.12,-0.88,0.52,1.000,1.02,-1.43,1.047,0.00,0.90,2.668,8.3,0.000,0.496,0.000,1000,8.10,4.8,7.72,0.00,7.5,1,1,0,0,1,1,0,0,0,0,1,0,0,0,0,0,0,0,1,0,0,0,0,0,0,0,0,1,0,0,0,0,1,1,5154.8,0C,1,1,0,1,1,0,1,0,0,207.69,571.56,,,,,,,,,,,,,,,,,,,,,,,,,,,,,,,,,,,,,,,,,,,,,,,,,,,,,,,,,,
165,,,86,355,,14.00,19.50,997,0.0,6.750,5.990,6.54,0.000,34.05,1.00,1.17,-0.88,0.52,1.000,1.02,-1.43,1.047,0.00,0.90,2.668,8.3,0.000,0.496,0.000,1000,8.10,4.8,7.72,0.00,7.5,1,1,0,0,1,1,0,0,0,0,1,0,0,0,0,0,0,0,1,0,0,0,0,0,0,0,0,1,0,0,0,0,1,1,5154.8,0C,1,1,0,1,1,0,1,0,0,212.81,584.94,,,,,,,,,,,,,,,,,,,,,,,,,,,,,,,,,,,,,,,,,,,,,,,,,,,,,,,,,,
166,,,86,744,,14.00,19.50,1026,0.0,4.500,5.594,5.83,0.000,33.16,1.00,1.12,-0.88,0.52,1.000,1.02,-1.43,1.047,0.00,0.90,2.668,8.3,0.000,0.496,0.000,1000,8.10,4.8,7.58,-0.02,7.5,1,1,0,0,1,1,0,0,0,0,1,0,0,0,0,0,0,0,1,0,0,0,0,0,0,0,0,1,0,0,0,0,1,1,5154.8,0C,1,1,0,1,1,0,1,0,0,201.13,557.81,,,,,,,,,,,,,,,,,,,,,,,,,,,,,,,,,,,,,,,,,,,,,,,,,,,,,,,,,,
167,,,87,130,,14.00,19.50,1044,0.0,6.000,5.606,5.83,0.000,32.74,1.00,1.12,-0.88,0.52,1.000,1.02,-1.43,1.046,0.00,0.90,2.640,8.3,0.000,0.496,0.000,1000,8.10,4.8,7.33,-0.05,7.5,1,1,0,0,1,1,0,0,0,0,1,0,0,0,0,0,0,0,1,0,0,0,0,0,0,0,0,1,0,0,0,0,1,1,5154.8,0C,1,1,0,1,1,0,1,0,0,198.50,551.88,,,,,,,,,,,,,,,,,,,,,,,,,,,,,,,,,,,,,,,,,,,,,,,,,,,,,,,,,,
168,,,87,537,,14.00,19.50,1027,0.0,6.000,5.702,5.83,0.000,32.77,1.00,1.12,-0.88,0.52,1.000,1.02,-1.43,1.046,0.00,0.90,2.640,8.3,0.000,0.496,0.000,1000,8.10,4.8,7.18,0.00,7.5,1,1,0,0,1,1,0,0,0,0,1,0,0,0,0,0,0,0,1,0,0,0,0,0,0,0,0,1,0,0,0,0,1,1,5154.8,0C,1,1,0,1,1,0,1,0,0,201.19,557.50,,,,,,,,,,,,,,,,,,,,,,,,,,,,,,,,,,,,,,,,,,,,,,,,,,,,,,,,,,
169,,,87,935,,14.00,19.50,990,0.0,4.500,5.741,6.01,0.000,33.00,1.00,1.13,-0.88,0.52,1.000,1.02,-1.43,1.047,0.00,0.90,2.789,8.3,0.000,0.496,0.000,990,8.10,4.8,7.17,0.19,7.5,1,1,0,0,1,1,0,0,0,0,1,0,0,0,0,0,0,0,1,0,0,0,0,0,0,0,0,1,0,0,0,0,1,1,5154.8,0C,1,1,0,1,1,0,1,0,0,204.56,572.06,,,,,,,,,,,,,,,,,,,,,,,,,,,,,,,,,,,,,,,,,,,,,,,,,,,,,,,,,,
170,,,88,336,,14.00,19.50,991,0.0,5.250,5.504,5.93,0.000,33.28,1.00,1.12,-0.88,0.52,1.000,1.02,-1.43,1.047,0.00,0.90,2.789,8.3,0.000,0.496,0.000,990,8.10,4.8,7.21,0.08,7.5,1,1,0,0,1,1,0,0,0,0,1,0,0,0,0,0,0,0,1,0,0,0,0,0,0,0,0,1,0,0,0,0,1,1,5154.8,0C,1,1,0,1,1,0,1,0,0,208.06,574.13,,,,,,,,,,,,,,,,,,,,,,,,,,,,,,,,,,,,,,,,,,,,,,,,,,,,,,,,,,
171,,,88,724,,14.00,19.50,1002,0.0,5.250,5.798,5.88,0.000,33.73,1.00,1.12,-0.88,0.52,1.000,1.02,-1.43,1.047,0.00,0.90,2.789,8.3,0.000,0.496,0.000,990,8.10,4.8,7.21,0.00,7.5,1,1,0,0,1,1,0,0,0,0,1,0,0,0,0,0,0,0,1,0,0,0,0,0,0,0,0,1,0,0,0,0,1,1,5154.8,0C,1,1,0,1,1,0,1,0,0,204.81,569.19,,,,,,,,,,,,,,,,,,,,,,,,,,,,,,,,,,,,,,,,,,,,,,,,,,,,,,,,,,
172,,,89,141,,14.00,20.25,1004,0.0,3.000,5.811,5.83,0.000,33.96,1.00,1.13,-0.88,0.52,1.000,1.02,-1.43,1.047,0.00,0.90,2.700,8.3,0.000,0.496,0.000,990,8.10,4.8,7.23,0.00,7.5,1,1,0,0,1,1,0,0,0,0,1,0,0,0,0,0,0,0,1,0,0,0,0,0,0,0,0,1,0,0,0,0,1,1,5154.8,0C,1,1,0,1,1,0,1,0,0,205.13,567.44,,,,,,,,,,,,,,,,,,,,,,,,,,,,,,,,,,,,,,,,,,,,,,,,,,,,,,,,,,
173,,,89,533,,14.00,20.25,1022,0.0,3.750,5.709,5.83,0.000,33.19,1.00,1.13,-0.88,0.52,1.000,1.02,-1.43,1.047,0.00,0.90,2.700,8.3,0.000,0.496,0.000,990,8.11,4.8,7.15,-0.03,7.5,1,1,0,0,1,1,0,0,0,0,1,0,0,0,0,0,0,0,1,0,0,0,0,0,0,0,0,1,0,0,0,0,1,1,5154.8,0C,1,1,0,1,1,0,1,0,0,201.81,559.06,,,,,,,,,,,,,,,,,,,,,,,,,,,,,,,,,,,,,,,,,,,,,,,,,,,,,,,,,,
174,,,89,931,,14.10,20.25,1014,0.0,4.500,5.850,5.88,0.000,33.30,1.00,1.14,-0.88,0.52,1.000,1.02,-1.43,1.047,0.00,0.90,2.789,8.3,0.000,0.496,0.000,990,8.11,4.8,7.09,0.00,7.5,1,1,0,0,1,1,0,0,0,0,1,0,0,0,0,0,0,0,1,0,0,0,0,0,0,0,0,1,0,0,0,0,1,1,5154.8,0C,1,1,0,1,1,0,1,0,0,201.38,558.63,,,,,,,,,,,,,,,,,,,,,,,,,,,,,,,,,,,,,,,,,,,,,,,,,,,,,,,,,,
175,,,90,320,,14.00,20.25,1010,0.0,5.250,5.882,5.83,0.000,33.38,1.00,1.13,-0.88,0.52,1.000,1.02,-1.43,1.047,0.00,0.90,2.789,8.3,0.000,0.496,0.000,990,8.11,4.8,7.02,0.00,7.5,1,1,0,0,1,1,0,0,0,0,1,0,0,0,0,0,0,0,1,0,0,0,0,0,0,0,0,1,0,0,0,0,1,1,5154.8,0C,1,1,0,1,1,0,1,0,0,202.19,561.31,,,,,,,,,,,,,,,,,,,,,,,,,,,,,,,,,,,,,,,,,,,,,,,,,,,,,,,,,,
176,,,90,712,,14.00,20.25,1004,0.0,5.250,5.818,5.83,0.000,33.35,1.00,1.13,-0.88,0.52,1.000,1.02,-1.43,1.047,0.00,0.90,2.789,8.3,0.000,0.496,0.000,990,8.11,4.8,6.98,0.00,7.5,1,1,0,0,1,1,0,0,0,0,1,0,0,0,0,0,0,0,1,0,0,0,0,0,0,0,0,1,0,0,0,0,1,1,5154.8,0C,1,1,0,1,1,0,1,0,0,204.06,565.06,,,,,,,,,,,,,,,,,,,,,,,,,,,,,,,,,,,,,,,,,,,,,,,,,,,,,,,,,,
177,,,91,110,,14.10,20.25,1025,0.0,3.750,5.587,5.76,0.000,32.86,1.00,1.13,-0.88,0.51,1.000,1.02,-1.43,1.047,0.00,0.90,2.700,8.3,0.000,0.496,0.000,990,8.11,4.8,6.83,-0.03,7.5,1,1,0,0,1,1,0,0,0,0,1,0,0,0,0,0,0,0,1,0,0,0,0,0,0,0,0,1,0,0,0,0,1,1,5154.8,0C,1,1,0,1,1,0,1,0,0,199.44,553.75,,,,,,,,,,,,,,,,,,,,,,,,,,,,,,,,,,,,,,,,,,,,,,,,,,,,,,,,,,
178,,,91,504,,14.00,20.25,1013,0.0,4.500,5.818,5.76,0.000,32.98,1.00,1.13,-0.88,0.52,1.000,1.02,-1.43,1.047,0.00,0.90,2.700,8.3,0.000,0.496,0.000,990,8.11,4.8,6.72,0.00,7.5,1,1,0,0,1,1,0,0,0,0,1,0,0,0,0,0,0,0,1,0,0,0,0,0,0,0,0,1,0,0,0,0,1,1,5154.8,0C,1,1,0,1,1,0,1,0,0,201.06,557.19,,,,,,,,,,,,,,,,,,,,,,,,,,,,,,,,,,,,,,,,,,,,,,,,,,,,,,,,,,
179,,,91,890,,14.00,20.25,1012,0.0,3.750,5.715,5.71,0.000,32.81,1.00,1.15,-0.88,0.52,1.000,1.02,-1.43,1.047,0.00,0.90,2.548,8.3,0.000,0.496,0.000,990,8.11,4.8,6.65,0.00,7.5,1,1,0,0,1,1,0,0,0,0,1,0,0,0,0,0,0,0,1,0,0,0,0,0,0,0,0,1,0,0,0,0,1,1,5154.8,0C,1,1,0,1,1,0,1,0,0,200.69,556.19,,,,,,,,,,,,,,,,,,,,,,,,,,,,,,,,,,,,,,,,,,,,,,,,,,,,,,,,,,
180,,,92,300,,14.00,20.25,994,0.0,5.250,5.773,5.71,0.000,32.95,1.00,1.13,-0.88,0.52,1.000,1.02,-1.43,1.047,0.00,0.90,2.548,8.3,0.000,0.496,0.000,990,8.11,4.8,6.62,0.00,7.5,1,1,0,0,1,1,0,0,0,0,1,0,0,0,0,0,0,0,1,0,0,0,0,0,0,0,0,1,0,0,0,0,1,1,5154.8,0C,1,1,0,1,1,0,1,0,0,201.56,559.63,,,,,,,,,,,,,,,,,,,,,,,,,,,,,,,,,,,,,,,,,,,,,,,,,,,,,,,,,,
181,,,92,681,,14.10,21.00,988,0.0,4.500,5.894,5.76,0.000,33.35,1.00,1.13,-0.88,0.52,1.000,1.02,-1.43,1.047,0.00,0.90,2.548,8.3,0.000,0.496,0.000,990,8.11,4.8,6.65,0.00,7.5,1,1,0,0,1,1,0,0,0,0,1,0,0,0,0,0,0,0,1,0,0,0,0,0,0,0,0,1,0,0,0,0,1,1,5154.8,0C,1,1,0,1,1,0,1,0,0,202.81,561.13,,,,,,,,,,,,,,,,,,,,,,,,,,,,,,,,,,,,,,,,,,,,,,,,,,,,,,,,,,
182,,,93,065,,14.00,-48.00,14784,0.0,3.750,198.246,1509.38,88.417,620.98,1.45,0.01,-1.33,1.23,0.007,0.08,1.77,0.000,0.01,0.75,0.213,-40.5,37.891,0.750,87.750,0,0.23,128.3,0.78,-48.07,108.8,0,1,0,0,0,1,0,1,1,1,1,1,0,1,1,0,0,1,0,0,0,0,0,0,0,0,0,0,1,1,0,0,0,0,5808.3,BC,0,1,0,1,0,1,1,1,1,1,1,,,,,,,,,,,,,,,,,,,,,,,,,,,,,,,,,,,,,,,,,,,,,,,,,,,,,,,,,,
183,,,93,465,,14.00,21.00,987,0.0,5.250,5.875,5.71,0.000,33.12,1.00,1.14,-0.88,0.52,1.000,1.02,-1.43,1.047,0.00,0.90,2.789,8.3,0.000,0.496,0.000,990,8.11,4.8,6.63,0.00,7.5,1,1,0,0,1,1,0,0,0,0,1,0,0,0,0,0,0,0,1,0,0,0,0,0,0,0,0,1,0,0,0,0,1,1,5154.8,0C,1,1,0,1,1,0,1,0,0,202.88,561.06,,,,,,,,,,,,,,,,,,,,,,,,,,,,,,,,,,,,,,,,,,,,,,,,,,,,,,,,,,
184,,,93,855,,14.00,21.00,1029,0.0,5.250,5.408,5.71,0.000,31.99,1.00,1.17,-0.88,0.52,1.000,1.02,-1.43,1.043,0.00,0.90,2.511,8.3,0.000,0.496,0.000,990,8.11,4.8,6.34,-0.01,7.5,1,1,0,0,1,1,0,0,0,0,1,0,0,0,0,0,0,0,1,0,0,0,0,0,0,0,0,1,0,0,0,0,1,1,5154.8,0C,1,1,0,1,1,0,1,0,0,195.44,544.44,,,,,,,,,,,,,,,,,,,,,,,,,,,,,,,,,,,,,,,,,,,,,,,,,,,,,,,,,,
185,,,94,263,,14.00,21.00,1017,0.0,5.250,5.536,5.71,0.000,32.27,1.00,1.13,-0.88,0.52,1.000,1.02,-1.43,1.044,0.00,0.90,2.511,8.3,0.000,0.496,0.000,990,8.11,4.8,6.24,0.00,7.5,1,1,0,0,1,1,0,0,0,0,1,0,0,0,0,0,0,0,1,0,0,0,0,0,0,0,0,1,0,0,0,0,1,1,5154.8,0C,1,1,0,1,1,0,1,0,0,197.56,549.06,,,,,,,,,,,,,,,,,,,,,,,,,,,,,,,,,,,,,,,,,,,,,,,,,,,,,,,,,,
186,,,94,672,,14.00,21.00,987,0.0,5.250,5.856,5.71,0.000,32.84,1.00,1.13,-0.88,0.52,1.000,1.02,-1.43,1.047,0.00,0.90,2.511,8.3,0.000,0.496,0.000,990,8.11,4.8,6.26,0.00,7.5,1,1,0,0,1,1,0,0,0,0,1,0,0,0,0,0,0,0,1,0,0,0,0,0,0,0,0,1,0,0,0,0,1,1,5154.8,0C,1,1,0,1,1,0,1,0,0,199.44,554.44,,,,,,,,,,,,,,,,,,,,,,,,,,,,,,,,,,,,,,,,,,,,,,,,,,,,,,,,,,
187,,,95,063,,14.00,21.00,1000,0.0,5.250,5.754,5.76,0.000,32.58,1.00,1.13,-0.88,0.52,1.000,1.02,-1.43,1.045,0.00,0.90,2.767,8.3,0.000,0.496,0.000,990,8.11,4.8,6.05,0.00,7.5,1,1,0,0,1,1,0,0,0,0,1,0,0,0,0,0,0,0,1,0,0,0,0,0,0,0,0,1,0,0,0,0,1,1,5154.8,0C,1,1,0,1,1,0,1,0,0,198.56,552.56,,,,,,,,,,,,,,,,,,,,,,,,,,,,,,,,,,,,,,,,,,,,,,,,,,,,,,,,,,
188,,,95,465,,14.00,21.00,1021,0.0,3.750,5.466,5.59,0.000,32.27,1.00,1.12,-0.88,0.52,1.000,1.02,-1.43,1.045,0.00,0.90,2.767,8.3,0.000,0.496,0.000,980,8.11,4.8,5.94,-0.02,7.5,1,1,0,0,1,1,0,0,0,0,1,0,0,0,0,0,0,0,1,0,0,0,0,0,0,0,0,1,0,0,0,0,1,1,5154.8,0C,1,1,0,1,1,0,1,0,0,196.25,546.81,,,,,,,,,,,,,,,,,,,,,,,,,,,,,,,,,,,,,,,,,,,,,,,,,,,,,,,,,,
189,,,95,850,,14.00,21.00,1009,0.0,5.250,5.638,5.64,0.000,32.34,1.00,1.13,-0.88,0.52,1.000,1.02,-1.43,1.045,0.00,0.90,2.548,8.3,0.000,0.496,0.000,980,8.12,4.8,5.82,0.00,7.5,1,1,0,0,1,1,0,0,0,0,1,0,0,0,0,0,0,0,1,0,0,0,0,0,0,0,0,1,0,0,0,0,1,1,5154.8,0C,1,1,0,1,1,0,1,0,0,197.25,548.31,,,,,,,,,,,,,,,,,,,,,,,,,,,,,,,,,,,,,,,,,,,,,,,,,,,,,,,,,,
190,,,96,243,,14.10,21.00,991,0.0,5.250,5.626,5.64,0.000,32.41,1.00,1.13,-0.88,0.52,1.000,1.02,-1.43,1.045,0.00,0.90,2.548,8.3,0.000,0.496,0.000,980,8.12,4.8,5.82,0.00,7.5,1,1,0,0,1,1,0,0,0,0,1,0,0,0,0,0,0,0,1,0,0,0,0,0,0,0,0,1,0,0,0,0,1,1,5154.8,0C,1,1,0,1,1,0,1,0,0,198.81,551.88,,,,,,,,,,,,,,,,,,,,,,,,,,,,,,,,,,,,,,,,,,,,,,,,,,,,,,,,,,
191,,,96,643,,14.00,21.75,1005,0.0,3.750,5.594,5.59,0.000,32.44,1.00,1.13,-0.88,0.52,1.000,1.02,-1.43,1.045,0.00,0.90,2.548,8.3,0.000,0.496,0.000,980,8.12,4.8,5.76,0.00,7.5,1,1,0,0,1,1,0,0,0,0,1,0,0,0,0,0,0,0,1,0,0,0,0,0,0,0,0,1,0,0,0,0,1,1,5154.8,0C,1,1,0,1,1,0,1,0,0,197.00,547.94,,,,,,,,,,,,,,,,,,,,,,,,,,,,,,,,,,,,,,,,,,,,,,,,,,,,,,,,,,
192,,,97,023,,14.10,21.75,1013,0.0,3.750,5.485,5.59,0.000,32.04,1.00,1.14,-0.88,0.52,1.000,1.02,-1.43,1.044,0.00,0.90,2.548,8.3,0.000,0.496,0.000,980,8.12,4.8,5.66,-0.02,7.5,1,1,0,0,1,1,0,0,0,0,1,0,0,0,0,0,0,0,1,0,0,0,0,0,0,0,0,1,0,0,0,0,1,1,5154.8,0C,1,1,0,1,1,0,1,0,0,194.69,542.81,,,,,,,,,,,,,,,,,,,,,,,,,,,,,,,,,,,,,,,,,,,,,,,,,,,,,,,,,,
193,,,97,427,,14.00,21.75,1019,0.0,4.500,5.331,5.52,0.000,31.85,1.00,1.12,-0.88,0.52,1.000,1.02,-1.43,1.043,0.00,0.90,2.548,8.3,0.000,0.496,0.000,980,8.12,4.8,5.53,-0.05,7.5,1,1,0,0,1,1,0,0,0,0,1,0,0,0,0,0,0,0,1,0,0,0,0,0,0,0,0,1,0,0,0,0,1,1,5154.8,0C,1,1,0,1,1,0,1,0,0,192.50,538.13,,,,,,,,,,,,,,,,,,,,,,,,,,,,,,,,,,,,,,,,,,,,,,,,,,,,,,,,,,
194,,,97,830,,14.00,21.75,1023,0.0,4.500,5.216,5.47,0.000,31.08,1.00,1.12,-0.88,0.52,1.000,1.02,-1.43,1.040,0.00,0.90,2.387,8.3,0.000,0.496,0.000,980,8.12,4.8,5.28,-0.01,7.5,1,1,0,0,1,1,0,0,0,0,1,0,0,0,0,0,0,0,1,0,0,0,0,0,0,0,0,1,0,0,0,0,1,1,5154.8,0C,1,1,0,1,1,0,1,0,0,189.50,531.06,,,,,,,,,,,,,,,,,,,,,,,,,,,,,,,,,,,,,,,,,,,,,,,,,,,,,,,,,,
195,,,98,221,,14.00,21.75,1005,0.0,4.500,5.331,5.47,0.000,31.38,1.00,1.12,-0.88,0.52,1.000,1.02,-1.43,1.041,0.00,0.90,2.387,8.3,0.000,0.496,0.000,980,8.12,4.8,5.20,0.00,7.5,1,1,0,0,1,1,0,0,0,0,1,0,0,0,0,0,0,0,1,0,0,0,0,0,0,0,0,1,0,0,0,0,1,1,5154.8,0C,1,1,0,1,1,0,1,0,0,191.63,536.06,,,,,,,,,,,,,,,,,,,,,,,,,,,,,,,,,,,,,,,,,,,,,,,,,,,,,,,,,,
196,,,98,612,,14.10,21.75,1012,0.0,5.250,5.293,5.47,0.000,31.29,1.00,1.12,-0.88,0.52,1.000,1.02,-1.43,1.041,0.00,0.90,2.387,8.3,0.000,0.496,0.000,980,8.12,4.8,5.11,-0.02,7.5,1,1,0,0,1,1,0,0,0,0,1,0,0,0,0,0,0,0,1,0,0,0,0,0,0,0,0,1,0,0,0,0,1,1,5154.8,0C,1,1,0,1,1,0,1,0,0,190.00,532.13,,,,,,,,,,,,,,,,,,,,,,,,,,,,,,,,,,,,,,,,,,,,,,,,,,,,,,,,,,
197,,,98,994,,14.00,21.75,1002,0.0,5.250,5.338,5.47,0.000,31.34,1.00,1.14,-0.88,0.52,1.000,1.02,-1.43,1.041,0.00,0.90,2.348,8.3,0.000,0.496,0.000,980,8.12,4.8,5.04,0.00,7.5,1,1,0,0,1,1,0,0,0,0,1,0,0,0,0,0,0,0,1,0,0,0,0,0,0,0,0,1,0,0,0,0,1,1,5154.8,0C,1,1,0,1,1,0,1,0,0,191.00,535.31,,,,,,,,,,,,,,,,,,,,,,,,,,,,,,,,,,,,,,,,,,,,,,,,,,,,,,,,,,
198,,,99,394,,14.10,21.75,1004,0.0,4.500,5.325,5.40,0.000,31.36,1.00,1.12,-0.88,0.52,1.000,1.02,-1.43,1.041,0.00,0.90,2.348,8.3,0.000,0.496,0.000,980,8.12,4.8,4.98,-0.02,7.5,1,1,0,0,1,1,0,0,0,0,1,0,0,0,0,0,0,0,1,0,0,0,0,0,0,0,0,1,0,0,0,0,1,1,5154.8,0C,1,1,0,1,1,0,1,0,0,191.19,535.00,,,,,,,,,,,,,,,,,,,,,,,,,,,,,,,,,,,,,,,,,,,,,,,,,,,,,,,,,,
199,,,101,811,,14.00,22.50,996,0.0,4.500,5.222,5.35,0.000,30.84,1.00,1.12,-0.88,0.51,1.000,1.02,-1.43,1.039,0.00,0.90,2.464,8.3,0.000,0.496,0.000,980,8.13,4.8,4.50,0.00,7.5,1,1,0,0,1,1,0,0,0,0,1,0,0,0,0,0,0,0,1,0,0,0,0,0,0,0,0,1,0,0,0,0,1,1,5154.8,0C,1,1,0,1,1,0,1,0,0,188.19,528.75,,,,,,,,,,,,,,,,,,,,,,,,,,,,,,,,,,,,,,,,,,,,,,,,,,,,,,,,,,
200,,,102,233,,14.00,22.50,998,0.0,6.000,5.254,5.35,0.000,30.94,1.00,1.12,-0.88,0.52,1.000,1.02,-1.43,1.039,0.00,0.90,2.464,8.3,0.000,0.496,0.000,980,8.13,4.8,4.43,0.00,7.5,1,1,0,0,1,1,0,0,0,0,1,0,0,0,0,0,0,0,1,0,0,0,0,0,0,0,0,1,0,0,0,0,1,1,5154.8,0C,1,1,0,1,1,0,1,0,0,188.19,528.31,,,,,,,,,,,,,,,,,,,,,,,,,,,,,,,,,,,,,,,,,,,,,,,,,,,,,,,,,,
201,,,102,652,,14.00,22.50,994,0.0,5.250,5.254,5.35,0.000,30.87,1.00,1.12,-0.88,0.52,1.000,1.02,-1.43,1.039,0.00,0.90,2.464,8.3,0.000,0.496,0.000,980,8.13,4.8,4.38,0.00,7.5,1,1,0,0,1,1,0,0,0,0,1,0,0,0,0,0,0,0,1,0,0,0,0,0,0,0,0,1,0,0,0,0,1,1,5154.8,0C,1,1,0,1,1,0,1,0,0,188.38,532.00,,,,,,,,,,,,,,,,,,,,,,,,,,,,,,,,,,,,,,,,,,,,,,,,,,,,,,,,,,
202,,,103,061,,14.10,22.50,1008,0.0,5.250,5.146,5.35,0.000,30.54,1.00,1.12,-0.88,0.52,1.000,1.02,-1.43,1.037,0.00,0.90,2.464,8.3,0.000,0.496,0.000,970,8.13,4.8,4.17,0.00,7.5,1,1,0,0,1,1,0,0,0,0,1,0,0,0,0,0,0,0,1,0,0,0,0,0,0,0,0,1,0,0,0,0,1,1,5154.8,0C,1,1,0,1,1,0,1,0,0,185.75,524.06,,,,,,,,,,,,,,,,,,,,,,,,,,,,,,,,,,,,,,,,,,,,,,,,,,,,,,,,,,
203,,,103,459,,14.10,22.50,985,0.0,6.000,5.306,5.35,0.000,30.87,1.00,1.11,-0.88,0.52,1.000,1.02,-1.43,1.039,0.00,0.90,2.464,8.3,0.000,0.496,0.000,970,8.13,4.8,4.16,0.00,7.5,1,1,0,0,1,1,0,0,0,0,1,0,0,0,0,0,0,0,1,0,0,0,0,0,0,0,0,1,0,0,0,0,1,1,5154.8,0C,1,1,0,1,1,0,1,0,0,188.88,529.63,,,,,,,,,,,,,,,,,,,,,,,,,,,,,,,,,,,,,,,,,,,,,,,,,,,,,,,,,,
204,,,103,920,,14.10,22.50,1017,0.0,4.500,5.005,5.27,0.000,30.33,1.00,1.11,-0.88,0.52,1.000,1.02,-1.43,1.037,0.00,0.90,2.305,8.3,0.000,0.496,0.000,970,8.13,4.8,3.90,-0.03,7.5,1,1,0,0,1,1,0,0,0,0,1,0,0,0,0,0,0,0,1,0,0,0,0,0,0,0,0,1,0,0,0,0,1,1,5154.8,0C,1,1,0,1,1,0,1,0,0,185.50,522.63,,,,,,,,,,,,,,,,,,,,,,,,,,,,,,,,,,,,,,,,,,,,,,,,,,,,,,,,,,
205,,,104,394,,14.00,22.50,993,0.0,5.250,5.178,5.35,0.000,30.49,1.00,1.11,-0.88,0.52,1.000,1.02,-1.43,1.037,0.00,0.90,2.305,8.3,0.000,0.496,0.000,970,8.13,4.8,3.82,0.00,7.5,1,1,0,0,1,1,0,0,0,0,1,0,0,0,0,0,0,0,1,0,0,0,0,0,0,0,0,1,0,0,0,0,1,1,5154.8,0C,1,1,0,1,1,0,1,0,0,186.50,526.25,,,,,,,,,,,,,,,,,,,,,,,,,,,,,,,,,,,,,,,,,,,,,,,,,,,,,,,,,,
206,,,104,885,,14.10,23.25,995,0.0,4.500,5.178,5.27,0.000,30.63,1.00,1.11,-0.88,0.52,1.000,1.02,-1.43,1.038,0.00,0.90,2.348,8.3,0.000,0.496,0.000,970,8.13,4.8,3.74,0.00,7.5,1,1,0,0,1,1,0,0,0,0,1,0,0,0,0,0,0,0,1,0,0,0,0,0,0,0,0,1,0,0,0,0,1,1,5154.8,0C,1,1,0,1,1,0,1,0,0,186.81,526.06,,,,,,,,,,,,,,,,,,,,,,,,,,,,,,,,,,,,,,,,,,,,,,,,,,,,,,,,,,
207,,,105,398,,14.00,23.25,992,0.0,4.500,5.158,1384.38,86.854,620.98,0.50,0.00,-0.74,0.03,0.023,0.02,-6.30,1.633,0.01,0.61,0.61,0.61,0.61,0.61,0.61,0.61,0.61,0.61,0.61,0.61,0.61,0.61,0.61,0.61,0.61,0.61,0.61,0.61,0.61,0.61,0.61,0.61,0.61,0.61,0.61,0.61,0.61,0.61,0.61,0.61,0.61,0.61,0.61,0.61,0.61,0.61,0.61,0.61,0.61,0.61,0.61,0.61,0.61,0.61,0.61,0.61,,,,,,,,,,,,,,,,,,,,,,,,,,,,,,,,,,,,,,,,,,,,,,,,,,,,,,,,,,,,,,,,,,,,,,
208,,,105,840,,14.00,23.25,992,0.0,5.250,5.152,5.22,0.000,30.47,1.00,1.11,-0.88,0.52,1.000,1.02,-1.43,1.037,0.00,0.90,2.348,8.3,0.000,0.496,0.000,970,8.13,4.8,3.58,0.00,7.5,1,1,0,0,1,1,0,0,0,0,1,0,0,0,0,0,0,0,1,0,0,0,0,0,0,0,0,1,0,0,0,0,1,1,5154.8,0C,1,1,0,1,1,0,1,0,0,185.38,523.13,,,,,,,,,,,,,,,,,,,,,,,,,,,,,,,,,,,,,,,,,,,,,,,,,,,,,,,,,,
209,,,106,342,,14.10,23.25,1000,0.0,3.750,5.075,5.22,0.000,30.33,1.00,1.11,-0.88,0.52,1.000,1.02,-1.43,1.037,0.00,0.90,2.348,8.3,0.000,0.496,0.000,970,8.13,4.8,3.50,-0.02,7.5,1,1,0,0,1,1,0,0,0,0,1,0,0,0,0,0,0,0,1,0,0,0,0,0,0,0,0,1,0,0,0,0,1,1,5154.8,0C,1,1,0,1,1,0,1,0,0,185.06,521.31,,,,,,,,,,,,,,,,,,,,,,,,,,,,,,,,,,,,,,,,,,,,,,,,,,,,,,,,,,
210,,,106,765,,14.10,23.25,996,0.0,4.500,5.030,5.22,0.000,30.16,1.00,1.11,-0.88,0.52,1.000,1.02,-1.43,1.036,0.00,0.90,2.348,9.0,0.000,0.496,0.000,970,8.14,4.8,3.38,0.00,7.5,1,1,0,0,1,1,0,0,0,0,1,0,0,0,0,0,0,0,1,0,0,0,0,0,0,0,0,1,0,0,0,0,1,1,5154.8,0C,1,1,0,1,1,0,1,0,0,184.25,519.88,,,,,,,,,,,,,,,,,,,,,,,,,,,,,,,,,,,,,,,,,,,,,,,,,,,,,,,,,,
211,,,107,202,,14.00,23.25,994,0.0,3.750,5.030,5.15,0.000,30.07,1.00,1.11,-0.88,0.52,1.000,1.02,-1.43,1.036,0.00,0.90,2.348,9.0,0.000,0.496,0.000,970,8.14,4.8,3.27,0.00,7.5,1,1,0,0,1,1,0,0,0,0,1,0,0,0,0,0,0,0,1,0,0,0,0,0,0,0,0,1,0,0,0,0,1,1,5154.8,0C,1,1,0,1,1,0,1,0,0,182.75,521.63,,,,,,,,,,,,,,,,,,,,,,,,,,,,,,,,,,,,,,,,,,,,,,,,,,,,,,,,,,
212,,,107,655,,14.10,23.25,988,0.0,3.750,5.030,5.10,0.000,30.23,1.00,1.12,-0.88,0.52,1.000,1.02,-1.43,1.036,0.00,0.90,2.348,9.0,0.000,0.496,0.000,970,8.14,4.8,3.26,0.00,7.5,1,1,0,0,1,1,0,0,0,0,1,0,0,0,0,0,0,0,1,0,0,0,0,0,0,0,0,1,0,0,0,0,1,1,5154.8,0C,1,1,0,1,1,0,1,0,0,183.75,518.81,,,,,,,,,,,,,,,,,,,,,,,,,,,,,,,,,,,,,,,,,,,,,,,,,,,,,,,,,,
213,,,108,050,,14.10,23.25,993,0.0,3.000,5.107,5.15,0.000,30.09,1.00,1.11,-0.88,0.52,1.000,1.02,-1.43,1.036,0.00,0.90,2.230,9.0,0.000,0.496,0.000,970,8.14,4.8,3.19,0.00,7.5,1,1,0,0,1,1,0,0,0,0,1,0,0,0,0,0,0,0,1,0,0,0,0,0,0,0,0,1,0,0,0,0,1,1,5154.8,0C,1,1,0,1,1,0,1,0,0,182.63,516.19,,,,,,,,,,,,,,,,,,,,,,,,,,,,,,,,,,,,,,,,,,,,,,,,,,,,,,,,,,
214,,,108,433,,14.10,23.25,971,0.0,6.000,5.114,5.15,0.000,29.91,1.00,1.11,-0.88,0.52,1.000,1.02,-1.43,1.035,0.00,0.90,2.230,9.0,0.000,0.496,0.000,970,8.14,4.8,3.13,0.00,7.5,1,1,0,0,1,1,0,0,0,0,1,0,0,0,0,0,0,0,1,0,0,0,0,0,0,0,0,1,0,0,0,0,1,1,5154.8,0C,1,1,0,1,1,0,1,0,0,183.06,520.19,,,,,,,,,,,,,,,,,,,,,,,,,,,,,,,,,,,,,,,,,,,,,,,,,,,,,,,,,,
215,,,108,880,,14.10,24.00,996,0.0,4.500,4.883,5.10,0.000,29.77,1.00,1.11,-0.88,0.52,1.000,1.02,-1.43,1.035,0.00,0.90,2.305,9.0,0.000,0.496,0.000,970,8.14,4.8,3.04,-0.01,7.5,1,1,0,0,1,1,0,0,0,0,1,0,0,0,0,0,0,0,1,0,0,0,0,0,0,0,0,1,0,0,0,0,1,1,5154.8,0C,1,1,0,1,1,0,1,0,0,180.50,511.19,,,,,,,,,,,,,,,,,,,,,,,,,,,,,,,,,,,,,,,,,,,,,,,,,,,,,,,,,,
216,,,109,281,,14.10,24.00,982,0.0,6.000,4.979,5.10,0.000,29.63,1.00,1.11,-0.88,0.52,1.000,1.02,-1.43,1.034,0.00,0.90,2.305,9.0,0.000,0.496,0.000,970,8.14,4.8,2.94,0.00,7.5,1,1,0,0,1,1,0,0,0,0,1,0,0,0,0,0,0,0,1,0,0,0,0,0,0,0,0,1,0,0,0,0,1,1,5154.8,0C,1,1,0,1,1,0,1,0,0,181.06,513.44,,,,,,,,,,,,,,,,,,,,,,,,,,,,,,,,,,,,,,,,,,,,,,,,,,,,,,,,,,
217,,,111,994,,14.10,24.00,975,0.0,6.000,4.890,4.91,0.000,29.25,1.00,1.10,-0.88,0.52,1.000,1.02,-1.43,1.032,0.00,0.90,2.230,9.0,0.000,0.496,0.000,960,8.15,4.8,2.44,0.00,7.5,1,1,0,0,1,1,0,0,0,0,1,0,0,0,0,0,0,0,1,0,0,0,0,0,0,0,0,1,0,0,0,0,1,1,5154.8,0C,1,1,0,1,1,0,1,0,0,177.94,507.31,,,,,,,,,,,,,,,,,,,,,,,,,,,,,,,,,,,,,,,,,,,,,,,,,,,,,,,,,,
218,,,112,382,,14.10,24.00,980,0.0,4.500,4.806,4.91,0.000,29.13,1.00,1.10,-0.88,0.52,1.000,1.02,-1.43,1.032,0.00,0.90,2.230,9.0,0.000,0.496,0.000,960,8.15,4.8,2.41,0.00,7.5,1,1,0,0,1,1,0,0,0,0,1,0,0,0,0,0,0,0,1,0,0,0,0,0,0,0,0,1,0,0,0,0,1,1,5154.8,0C,1,1,0,1,1,0,1,0,0,176.94,505.06,,,,,,,,,,,,,,,,,,,,,,,,,,,,,,,,,,,,,,,,,,,,,,,,,,,,,,,,,,
219,,,112,783,,14.10,24.75,980,0.0,5.250,4.806,4.91,0.000,28.99,1.00,1.10,-0.88,0.52,1.000,1.02,-1.43,1.031,0.00,0.90,2.230,9.0,0.000,0.496,0.000,960,8.15,4.8,2.37,0.00,7.5,1,1,0,0,1,1,0,0,0,0,1,0,0,0,0,0,0,0,1,0,0,0,0,0,0,0,0,1,0,0,0,0,1,1,5154.8,0C,1,1,0,1,1,0,1,0,0,176.81,504.31,,,,,,,,,,,,,,,,,,,,,,,,,,,,,,,,,,,,,,,,,,,,,,,,,,,,,,,,,,
220,,,113,160,,14.00,24.75,990,0.0,5.250,4.704,4.91,0.000,28.73,1.00,1.10,-0.88,0.52,1.000,1.02,-1.43,1.030,0.00,0.90,2.230,9.0,0.000,0.496,0.000,960,8.15,4.8,2.23,-0.02,7.5,1,1,0,0,1,1,0,0,0,0,1,0,0,0,0,0,0,0,1,0,0,0,0,0,0,0,0,0,0,0,0,0,1,1,5154.8,0C,1,1,0,1,1,0,1,0,0,174.69,500.19,,,,,,,,,,,,,,,,,,,,,,,,,,,,,,,,,,,,,,,,,,,,,,,,,,,,,,,,,,
221,,,113,550,,14.10,24.75,986,0.0,5.250,4.774,4.91,0.000,28.76,1.00,1.09,-0.88,0.52,1.000,1.02,-1.43,1.030,0.00,0.90,2.230,9.0,0.000,0.496,0.000,960,8.15,4.8,2.19,0.00,7.5,1,1,0,0,1,1,0,0,0,0,1,0,0,0,0,0,0,0,1,0,0,0,0,0,0,0,0,0,0,0,0,0,1,1,5154.8,0C,1,1,0,1,1,0,1,0,0,174.69,500.75,,,,,,,,,,,,,,,,,,,,,,,,,,,,,,,,,,,,,,,,,,,,,,,,,,,,,,,,,,
222,,,113,952,,14.10,24.75,994,0.0,5.250,4.614,4.91,0.000,28.45,1.00,1.09,-0.88,0.52,1.000,1.02,-1.43,1.029,0.00,0.90,2.182,9.0,0.000,0.496,0.000,960,8.15,4.8,2.06,0.00,7.5,1,1,0,0,1,1,0,0,0,0,1,0,0,0,0,0,0,0,1,0,0,0,0,0,0,0,0,0,0,0,0,0,1,1,5154.8,0C,1,1,0,1,1,0,1,0,0,173.44,496.69,,,,,,,,,,,,,,,,,,,,,,,,,,,,,,,,,,,,,,,,,,,,,,,,,,,,,,,,,,
223,,,114,358,,14.00,24.75,982,0.0,6.000,4.819,4.86,0.000,28.83,1.00,1.10,-0.88,0.51,1.000,1.02,-1.43,1.031,0.00,0.90,2.182,9.0,0.000,0.496,0.000,960,8.15,4.8,2.01,0.00,7.5,1,1,0,0,1,1,0,0,0,0,1,0,0,0,0,0,0,0,1,0,0,0,0,0,0,0,0,0,0,0,0,0,1,1,5154.8,0C,1,1,0,1,1,0,1,0,0,174.81,500.06,,,,,,,,,,,,,,,,,,,,,,,,,,,,,,,,,,,,,,,,,,,,,,,,,,,,,,,,,,
224,,,114,751,,14.10,24.75,977,0.0,6.000,4.736,4.86,0.000,28.57,1.00,1.10,-0.88,0.52,1.000,1.02,-1.43,1.030,0.00,0.90,2.182,9.0,0.000,0.496,0.000,960,8.15,4.8,1.94,0.00,7.5,1,1,0,0,1,1,0,0,0,0,1,0,0,0,0,0,0,0,1,0,0,0,0,0,0,0,0,0,0,0,0,0,1,1,5154.8,0C,1,1,0,1,1,0,1,0,0,175.06,502.13,,,,,,,,,,,,,,,,,,,,,,,,,,,,,,,,,,,,,,,,,,,,,,,,,,,,,,,,,,
225,,,115,152,,14.10,24.75,985,0.0,4.500,4.691,4.86,0.000,28.57,1.00,1.09,-0.88,0.52,1.000,1.02,-1.43,1.030,0.00,0.90,2.113,9.0,0.000,0.496,0.000,960,8.15,4.8,1.87,-0.01,7.5,1,1,0,0,1,1,0,0,0,0,1,0,0,0,0,0,0,0,1,0,0,0,0,0,0,0,0,0,0,0,0,0,1,1,5154.8,0C,1,1,0,1,1,0,1,0,0,173.06,496.31,,,,,,,,,,,,,,,,,,,,,,,,,,,,,,,,,,,,,,,,,,,,,,,,,,,,,,,,,,
226,,,115,562,,14.00,24.75,978,0.0,6.000,4.678,4.86,0.000,28.34,1.00,1.09,-0.88,0.52,1.000,1.02,-1.43,1.029,0.00,0.90,2.113,9.0,0.000,0.496,0.000,960,8.15,4.8,1.80,0.00,7.5,1,1,0,0,1,1,0,0,0,0,1,0,0,0,0,0,0,0,1,0,0,0,0,0,0,0,0,0,0,0,0,0,1,1,5154.8,0C,1,1,0,1,1,0,1,0,0,172.94,496.38,,,,,,,,,,,,,,,,,,,,,,,,,,,,,,,,,,,,,,,,,,,,,,,,,,,,,,,,,,
227,,,115,952,,14.10,24.75,971,0.0,6.750,4.634,4.79,0.000,27.98,1.00,1.09,-0.88,0.52,1.000,1.02,-1.43,1.027,0.00,0.90,1.995,9.0,0.000,0.496,0.000,960,8.15,4.8,1.69,0.00,7.5,1,1,0,0,1,1,0,0,0,0,1,0,0,0,0,0,0,0,1,0,0,0,0,0,0,0,0,0,0,0,0,0,1,1,5154.8,0C,1,1,0,1,1,0,1,0,0,171.25,495.13,,,,,,,,,,,,,,,,,,,,,,,,,,,,,,,,,,,,,,,,,,,,,,,,,,,,,,,,,,
228,,,116,351,,14.10,24.75,982,0.0,6.000,4.544,4.74,0.000,28.03,1.00,1.09,-0.88,0.52,1.000,1.02,-1.43,1.028,0.00,0.90,1.995,9.0,0.000,0.496,0.000,960,8.15,4.8,1.64,-0.02,7.5,1,1,0,0,1,1,0,0,0,0,1,0,0,0,0,0,0,0,1,0,0,0,0,0,0,0,0,0,0,0,0,0,1,1,5154.8,0C,1,1,0,1,1,0,1,0,0,169.81,489.56,,,,,,,,,,,,,,,,,,,,,,,,,,,,,,,,,,,,,,,,,,,,,,,,,,,,,,,,,,
229,,,116,756,,14.00,24.75,974,0.0,6.750,4.595,4.79,0.000,27.77,1.00,1.11,-0.88,0.52,1.000,1.02,-1.43,1.027,0.00,0.90,1.995,9.0,0.000,0.496,0.000,960,8.16,4.8,1.56,0.00,7.5,1,1,0,0,1,1,0,0,0,0,1,0,0,0,0,0,0,0,1,0,0,0,0,0,0,0,0,0,0,0,0,0,1,1,5154.8,0C,1,1,0,1,1,0,1,0,0,170.19,492.38,,,,,,,,,,,,,,,,,,,,,,,,,,,,,,,,,,,,,,,,,,,,,,,,,,,,,,,,,,
230,,,117,155,,14.10,25.50,971,0.0,6.000,4.582,4.74,0.000,27.94,1.00,1.09,-0.88,0.52,1.000,1.02,-1.43,1.027,0.00,0.90,2.043,9.0,0.000,0.496,0.000,960,8.16,4.8,1.53,0.00,7.5,1,1,0,0,1,1,0,0,0,0,1,0,0,0,0,0,0,0,1,0,0,0,0,0,0,0,0,0,0,0,0,0,1,1,5154.8,0C,1,1,0,1,1,0,1,0,0,170.25,491.38,,,,,,,,,,,,,,,,,,,,,,,,,,,,,,,,,,,,,,,,,,,,,,,,,,,,,,,,,,
231,,,119,646,,14.10,25.50,975,0.0,6.000,4.454,4.61,0.000,27.42,1.00,1.09,-0.88,0.52,1.000,1.02,-1.43,1.025,0.00,0.90,2.043,9.0,0.000,0.496,0.000,950,8.16,4.8,1.18,0.00,7.5,1,1,0,0,1,1,0,0,0,0,1,0,0,0,0,0,0,0,1,0,0,0,0,0,0,0,0,0,0,0,0,0,1,1,5154.8,0C,1,1,0,1,1,0,1,0,0,167.13,485.63,,,,,,,,,,,,,,,,,,,,,,,,,,,,,,,,,,,,,,,,,,,,,,,,,,,,,,,,,,
232,,,120,050,,14.10,25.50,971,0.0,6.750,4.454,4.66,0.000,27.30,1.00,1.09,-0.88,0.52,1.000,1.02,-1.43,1.025,0.00,0.90,1.995,9.0,0.000,0.496,0.000,950,8.16,4.8,1.13,0.00,7.5,1,1,0,0,1,1,0,0,0,0,1,0,0,0,0,0,0,0,1,0,0,0,0,0,0,0,0,0,0,0,0,0,1,1,5154.8,0C,1,1,0,1,1,0,1,0,0,166.56,484.44,,,,,,,,,,,,,,,,,,,,,,,,,,,,,,,,,,,,,,,,,,,,,,,,,,,,,,,,,,
233,,,120,461,,14.10,25.50,967,0.0,6.000,4.499,4.61,0.000,27.45,1.00,1.09,-0.88,0.52,1.000,1.02,-1.43,1.025,0.00,0.90,1.995,9.0,0.000,0.496,0.000,950,8.16,4.8,1.09,0.00,7.5,1,1,0,0,1,1,0,0,0,0,1,0,0,0,0,0,0,0,1,0,0,0,0,0,0,0,0,0,0,0,0,0,1,1,5154.8,0C,1,1,0,1,1,0,1,0,0,167.44,486.44,,,,,,,,,,,,,,,,,,,,,,,,,,,,,,,,,,,,,,,,,,,,,,,,,,,,,,,,,,
234,,,120,850,,14.00,25.50,976,0.0,6.000,4.422,4.61,0.000,27.28,1.00,1.09,-0.88,0.52,1.000,1.02,-1.43,1.025,0.00,0.90,1.995,9.0,0.000,0.496,0.000,950,8.16,4.8,1.03,0.00,7.5,1,1,0,0,1,1,0,0,0,0,1,0,0,0,0,0,0,0,1,0,0,0,0,0,0,0,0,0,0,0,0,0,1,1,5154.8,0C,1,1,0,1,1,0,1,0,0,165.50,483.44,,,,,,,,,,,,,,,,,,,,,,,,,,,,,,,,,,,,,,,,,,,,,,,,,,,,,,,,,,
235,,,121,234,,14.10,25.50,972,0.0,6.000,4.422,4.61,0.000,27.21,1.00,1.08,-0.88,0.51,1.000,1.02,-1.43,1.024,0.00,0.90,1.995,9.0,0.000,0.496,0.000,950,8.16,4.8,0.98,0.00,7.5,1,1,0,0,1,1,0,0,0,0,1,0,0,0,0,0,0,0,1,0,0,0,0,0,0,0,0,0,0,0,0,0,1,1,5154.8,0C,1,1,0,1,1,0,1,0,0,165.94,483.38,,,,,,,,,,,,,,,,,,,,,,,,,,,,,,,,,,,,,,,,,,,,,,,,,,,,,,,,,,
236,,,121,621,,14.10,26.25,971,0.0,6.750,4.416,4.61,0.000,27.02,1.00,1.08,-0.88,0.52,1.000,1.02,-1.43,1.024,0.00,0.90,1.995,9.0,0.000,0.496,0.000,950,8.17,4.8,0.90,0.00,7.5,1,1,0,0,1,1,0,0,0,0,1,0,0,0,0,0,0,0,1,0,0,0,0,0,0,0,0,0,0,0,0,0,1,1,5154.8,0C,1,1,0,1,1,0,1,0,0,164.88,482.13,,,,,,,,,,,,,,,,,,,,,,,,,,,,,,,,,,,,,,,,,,,,,,,,,,,,,,,,,,
237,,,122,005,,14.10,26.25,966,0.0,6.000,4.442,4.61,0.000,27.12,1.00,1.08,-0.88,0.52,1.000,1.02,-1.43,1.024,0.00,0.90,1.995,9.0,0.000,0.496,0.000,950,8.17,4.8,0.87,0.00,7.5,1,1,0,0,1,1,0,0,0,0,1,0,0,0,0,0,0,0,1,0,0,0,0,0,0,0,0,0,0,0,0,0,1,1,5154.8,0C,1,1,0,1,1,0,1,0,0,165.25,482.06,,,,,,,,,,,,,,,,,,,,,,,,,,,,,,,,,,,,,,,,,,,,,,,,,,,,,,,,,,
238,,,122,400,,14.10,26.25,966,0.0,6.750,4.422,4.61,0.000,27.07,1.00,1.09,-0.88,0.52,1.000,1.02,-1.43,1.024,0.00,0.90,1.995,9.0,0.000,0.496,0.000,950,8.17,4.8,0.83,0.00,7.5,1,1,0,0,1,1,0,0,0,0,1,0,0,0,0,0,0,0,1,0,0,0,0,0,0,0,0,0,0,0,0,0,1,1,5154.8,0C,1,1,0,1,1,0,1,0,0,165.00,481.56,,,,,,,,,,,,,,,,,,,,,,,,,,,,,,,,,,,,,,,,,,,,,,,,,,,,,,,,,,
239,,,122,800,,14.10,26.25,969,0.0,9.000,4.256,4.42,0.000,26.65,1.00,1.09,-0.88,0.52,1.000,1.02,-1.43,1.022,0.00,0.90,1.877,9.0,0.000,0.496,0.000,950,8.17,4.8,0.78,0.00,7.5,1,1,0,0,1,1,0,0,0,0,1,0,0,0,0,0,0,0,1,0,0,0,0,0,0,0,0,0,0,0,0,0,1,1,5154.8,0C,1,1,0,1,1,0,1,0,0,161.69,474.88,,,,,,,,,,,,,,,,,,,,,,,,,,,,,,,,,,,,,,,,,,,,,,,,,,,,,,,,,,
240,,,123,193,,14.10,26.25,962,0.0,9.750,4.256,4.49,0.000,26.37,1.00,1.08,-0.88,0.52,1.000,1.02,-1.43,1.021,0.00,0.90,1.877,9.0,0.000,0.496,0.000,950,8.17,4.8,0.75,0.00,7.5,1,1,0,0,1,1,0,0,0,0,1,0,0,0,0,0,0,0,1,0,0,0,0,0,0,0,0,0,0,0,0,0,1,1,5154.8,0C,1,1,0,1,1,0,1,0,0,160.81,473.19,,,,,,,,,,,,,,,,,,,,,,,,,,,,,,,,,,,,,,,,,,,,,,,,,,,,,,,,,,
241,,,123,586,,14.10,26.25,972,0.0,8.250,4.198,4.49,0.000,26.23,1.00,1.09,-0.88,0.52,1.000,1.02,-1.43,1.021,0.00,0.90,0.204,-40.5,45.704,0.750,-25.500,0,0.23,128.3,0.78,-49.63,108.8,0,1,0,0,0,1,0,1,1,1,1,1,0,1,1,0,0,1,0,0,0,0,0,0,0,0,0,1,0,1,0,0,0,0,132.8,7C,0,1,0,1,0,1,1,1,1,1,1,,,,,,,,,,,,,,,,,,,,,,,,,,,,,,,,,,,,,,,,,,,,,,,,,,,,,,,,,,
242,,,123,994,,14.10,26.25,974,0.0,8.250,4.205,4.49,0.000,26.06,1.00,1.08,-0.88,0.52,1.000,1.02,-1.43,1.020,0.00,0.90,1.877,9.0,0.000,0.496,0.000,950,8.17,4.8,0.59,0.00,7.5,1,1,0,0,1,1,0,0,0,0,1,0,0,0,0,0,0,0,1,0,0,0,0,0,0,0,0,0,0,0,0,0,1,1,5154.8,0C,1,1,0,1,1,0,1,0,0,159.00,469.56,,,,,,,,,,,,,,,,,,,,,,,,,,,,,,,,,,,,,,,,,,,,,,,,,,,,,,,,,,
243,,,124,401,,14.10,26.25,960,0.0,9.000,4.307,4.49,0.000,26.32,1.00,1.08,-0.88,0.52,1.000,1.02,-1.43,1.021,0.00,0.90,1.877,9.0,0.000,0.496,0.000,950,8.17,4.8,0.55,0.00,7.5,1,1,0,0,1,1,0,0,0,0,1,0,0,0,0,0,0,0,1,0,0,0,0,0,0,0,0,0,0,0,0,0,1,1,5154.8,0C,1,1,0,1,1,0,1,0,0,160.63,472.81,,,,,,,,,,,,,,,,,,,,,,,,,,,,,,,,,,,,,,,,,,,,,,,,,,,,,,,,,,
244,,,124,781,,14.10,26.25,967,0.0,8.250,4.301,4.49,0.000,26.32,1.00,1.09,-0.88,0.52,1.000,1.02,-1.43,1.021,0.00,0.90,1.929,9.0,0.000,0.496,0.000,950,8.17,4.8,0.50,0.00,7.5,1,1,0,0,1,1,0,0,0,0,1,0,0,0,0,0,0,0,1,0,0,0,0,0,0,0,0,0,0,0,0,0,1,1,5154.8,0C,1,1,0,1,1,0,1,0,0,160.50,472.44,,,,,,,,,,,,,,,,,,,,,,,,,,,,,,,,,,,,,,,,,,,,,,,,,,,,,,,,,,
245,,,125,192,,14.10,26.25,974,0.0,7.500,4.224,4.49,0.000,26.20,1.00,1.07,-0.88,0.52,1.000,1.02,-1.43,1.021,0.00,0.90,1.929,9.0,0.000,0.496,0.000,950,8.17,4.8,0.40,0.00,7.5,1,1,0,0,1,1,0,0,0,0,1,0,0,0,0,0,0,0,1,0,0,0,0,0,0,0,0,0,0,0,0,0,1,1,5154.8,0C,1,1,0,1,1,0,1,0,0,159.88,471.13,,,,,,,,,,,,,,,,,,,,,,,,,,,,,,,,,,,,,,,,,,,,,,,,,,,,,,,,,,
246,,,125,572,,14.00,26.25,957,0.0,9.000,4.403,4.49,0.000,26.44,1.00,1.08,-0.88,0.52,1.000,1.02,-1.43,1.021,0.00,0.90,1.929,9.0,0.000,0.496,0.000,950,8.17,4.8,0.37,0.00,7.5,1,1,0,0,1,1,0,0,0,0,1,0,0,0,0,0,0,0,1,0,0,0,0,0,0,0,0,0,0,0,0,0,1,1,5154.8,0C,1,1,0,1,1,0,1,0,0,161.69,475.88,,,,,,,,,,,,,,,,,,,,,,,,,,,,,,,,,,,,,,,,,,,,,,,,,,,,,,,,,,
247,,,125,953,,14.10,27.00,978,0.0,6.750,4.211,4.42,0.000,26.46,1.00,1.08,-0.88,0.51,1.000,1.02,-1.43,1.022,0.00,0.90,1.995,9.0,0.000,0.496,0.000,950,8.18,4.8,0.26,-0.05,7.5,1,1,0,0,1,1,0,0,0,0,1,0,0,0,0,0,0,0,1,0,0,0,0,0,0,0,0,0,0,0,0,0,1,1,5154.8,0C,1,1,0,1,1,0,1,0,0,160.44,470.44,,,,,,,,,,,,,,,,,,,,,,,,,0.000,0.083,0.000,0.000,0.00,0.00,0.00,0.00,28.50,180.00,,,,,,,,,,,,,,,,,,,,,,,,
248,,,126,621,,,,,,,,,,,,,,,,,,,,,,,,,,,,,,,,,,,,,,,,,,,,,,,,,,,,,,,,,,,,,,,,,,,,,,,,,,,,,,,,,,,,,,,,,,,,,,,,,,,,,,,0.000,0.141,0.000,0.042,0.00,0.00,0.00,0.00,28.50,180.00,,,,,,,,,,,,,,,,,,,,,,,,
249,,,126,955,,,,,,,,,,,,,,,,,,,,,,,,,,,,,,,,,,,,,,,,,,,,,,,,,,,,,,,,,,,,,,,,,,,,,,,,,,,,,,,,,,,,,,,,,,,,,,,,,,,,,,,0.042,0.083,0.000,0.042,0.00,0.00,0.00,0.00,28.50,180.00,,,,,,,,,,,,,,,,,,,,,,,,
250,,,127,326,,,,,,,,,,,,,,,,,,,,,,,,,,,,,,,,,,,,,,,,,,,,,,,,,,,,,,,,,,,,,,,,,,,,,,,,,,,,,,,801.9238,803.4179,805.6591,805.6591,0,0,0,0,0,0,0,0,0,0,0,1,1,1,1,1,0,0,0,0,,,,,,,,,,,,,,,,,,,,,,,,,,,,,,,,,,
251,,,127,701,,,,,,,,,,,,,,,,,,,,,,,,,,,,,,,,,,,,,,,,,,,,,,,,,,,,,,,,,,,,,,,,,,,,,,,,,,,,,,,801.9238,803.4179,805.6591,805.6591,0,0,0,0,0,0,0,0,0,0,0,1,1,1,1,1,0,0,0,0,,,,,,,,,,,,,,,,,,,,,,,,,,,,,,,,,,
252,,,128,064,,,,,,,,,,,,,,,,,,,,,,,,,,,,,,,,,,,,,,,,,,,,,,,,,,,,,,,,,,,,,,,,,,,,,,,,,,,,,,,801.9238,803.4179,805.6591,805.6591,0,0,0,0,0,0,0,0,0,0,0,1,1,1,1,1,0,0,0,0,,,,,,,,,,,,,,,,,,,,,,,,,,,,,,,,,,
253,,,128,427,,,,,,,,,,,,,,,,,,,,,,,,,,,,,,,,,,,,,,,,,,,,,,,,,,,,,,,,,,,,,,,,,,,,,,,,,,,,,,,801.9238,803.4179,805.6591,805.6591,0,0,0,0,0,0,0,0,0,0,0,1,1,1,1,1,0,0,0,0,,,,,,,,,,,,,,,,,,,,,,,,,,,,,,,,,,
254,,,128,813,,,,,,,,,,,,,,,,,,,,,,,,,,,,,,,,,,,,,,,,,,,,,,,,,,,,,,,,,,,,,,,,,,,,,,,,,,,,,,,801.9238,803.4179,805.6591,805.6591,0,0,0,0,0,0,0,0,0,0,0,1,1,1,1,1,0,0,0,0,,,,,,,,,,,,,,,,,,,,,,,,,,,,,,,,,,
255,,,129,185,,,,,,,,,,,,,,,,,,,,,,,,,,,,,,,,,,,,,,,,,,,,,,,,,,,,,,,,,,,,,,,,,,,,,,,,,,,,,,,801.9238,803.4179,805.6591,805.6591,0,0,0,0,0,0,0,0,0,0,0,1,1,1,1,1,0,0,0,0,,,,,,,,,,,,,,,,,,,,,,,,,,,,,,,,,,
256,,,129,563,,,,,,,,,,,,,,,,,,,,,,,,,,,,,,,,,,,,,,,,,,,,,,,,,,,,,,,,,,,,,,,,,,,,,,,,,,,,,,,801.9238,803.4179,805.6591,805.6591,0,0,0,0,0,0,0,0,0,0,0,1,1,1,1,1,0,0,0,0,,,,,,,,,,,,,,,,,,,,,,,,,,,,,,,,,,
257,,,129,928,,,,,,,,,,,,,,,,,,,,,,,,,,,,,,,,,,,,,,,,,,,,,,,,,,,,,,,,,,,,,,,,,,,,,,,,,,,,,,,801.9238,803.4179,805.6591,805.6591,0,0,0,0,0,0,0,0,0,0,0,1,1,1,1,1,0,0,0,0,,,,,,,,,,,,,,,,,,,,,,,,,,,,,,,,,,
258,,,130,292,,,,,,,,,,,,,,,,,,,,,,,,,,,,,,,,,,,,,,,,,,,,,,,,,,,,,,,,,,,,,,,,,,,,,,,,,,,,,,,801.9238,803.4179,805.6591,805.6591,0,0,0,0,0,0,0,0,0,0,0,1,1,1,1,1,0,0,0,0,,,,,,,,,,,,,,,,,,,,,,,,,,,,,,,,,,
259,,,130,670,,,,,,,,,,,,,,,,,,,,,,,,,,,,,,,,,,,,,,,,,,,,,,,,,,,,,,,,,,,,,,,,,,,,,,,,,,,,,,,801.9238,803.4179,805.6591,805.6591,0,0,0,0,0,0,0,0,0,0,0,1,1,1,1,1,0,0,0,0,,,,,,,,,,,,,,,,,,,,,,,,,,,,,,,,,,
260,,,131,038,,,,,,,,,,,,,,,,,,,,,,,,,,,,,,,,,,,,,,,,,,,,,,,,,,,,,,,,,,,,,,,,,,,,,,,,,,,,,,,801.9238,803.4179,805.6591,805.6591,0,0,0,0,0,0,0,0,0,0,0,1,1,1,1,1,0,0,0,0,,,,,,,,,,,,,,,,,,,,,,,,,,,,,,,,,,
261,,,131,395,,,,,,,,,,,,,,,,,,,,,,,,,,,,,,,,,,,,,,,,,,,,,,,,,,,,,,,,,,,,,,,,,,,,,,,,,,,,,,,801.9238,803.4179,805.6591,805.6591,0,0,0,0,0,0,0,0,0,0,0,1,1,1,1,1,0,0,0,0,,,,,,,,,,,,,,,,,,,,,,,,,,,,,,,,,,
262,,,131,760,,,,,,,,,,,,,,,,,,,,,,,,,,,,,,,,,,,,,,,,,,,,,,,,,,,,,,,,,,,,,,,,,,,,,,,,,,,,,,,801.9238,803.4179,805.6591,805.6591,0,0,0,0,0,0,0,0,0,0,0,1,1,1,1,1,0,0,0,0,,,,,,,,,,,,,,,,,,,,,,,,,,,,,,,,,,
263,,,132,131,,,,,,,,,,,,,,,,,,,,,,,,,,,,,,,,,,,,,,,,,,,,,,,,,,,,,,,,,,,,,,,,,,,,,,,,,,,,,,,801.9238,803.4179,805.6591,805.6591,0,0,0,0,0,0,0,0,0,0,0,1,1,1,1,1,0,0,0,0,,,,,,,,,,,,,,,,,,,,,,,,,,,,,,,,,,
264,,,132,503,,,,,,,,,,,,,,,,,,,,,,,,,,,,,,,,,,,,,,,,,,,,,,,,,,,,,,,,,,,,,,,,,,,,,,,,,,,,,,,801.9238,803.4179,805.6591,805.6591,0,0,0,0,0,0,0,0,0,0,0,1,1,1,1,1,0,0,0,0,,,,,,,,,,,,,,,,,,,,,,,,,,,,,,,,,,
265,,,132,885,,,,,,,,,,,,,,,,,,,,,,,,,,,,,,,,,,,,,,,,,,,,,,,,,,,,,,,,,,,,,,,,,,,,,,,,,,,,,,,801.9238,803.4179,805.6591,805.6591,0,0,0,0,0,0,0,0,0,0,0,1,1,1,1,1,0,0,0,0,,,,,,,,,,,,,,,,,,,,,,,,,,,,,,,,,,
266,,,133,252,,,,,,,,,,,,,,,,,,,,,,,,,,,,,,,,,,,,,,,,,,,,,,,,,,,,,,,,,,,,,,,,,,,,,,,,,,,,,,,801.9238,803.4179,805.6591,805.6591,0,0,0,0,0,0,0,0,0,0,0,1,1,1,1,1,0,0,0,0,,,,,,,,,,,,,,,,,,,,,,,,,,,,,,,,,,
267,,,133,621,,,,,,,,,,,,,,,,,,,,,,,,,,,,,,,,,,,,,,,,,,,,,,,,,,,,,,,,,,,,,,,,,,,,,,,,,,,,,,,801.9238,803.4179,805.6591,805.6591,0,0,0,0,0,0,0,0,0,0,0,1,1,1,1,1,0,0,0,0,,,,,,,,,,,,,,,,,,,,,,,,,,,,,,,,,,
268,,,134,015,,,,,,,,,,,,,,,,,,,,,,,,,,,,,,,,,,,,,,,,,,,,,,,,,,,,,,,,,,,,,,,,,,,,,,,,,,,,,,,801.9238,803.4179,805.6591,805.6591,0,0,0,0,0,0,0,0,0,0,0,1,1,1,1,1,0,0,0,0,,,,,,,,,,,,,,,,,,,,,,,,,,,,,,,,,,
269,,,134,385,,,,,,,,,,,,,,,,,,,,,,,,,,,,,,,,,,,,,,,,,,,,,,,,,,,,,,,,,,,,,,,,,,,,,,,,,,,,,,,801.9238,803.4179,805.6591,805.6591,0,0,0,0,0,0,0,0,0,0,0,1,1,1,1,1,0,0,0,0,,,,,,,,,,,,,,,,,,,,,,,,,,,,,,,,,,
270,,,134,758,,,,,,,,,,,,,,,,,,,,,,,,,,,,,,,,,,,,,,,,,,,,,,,,,,,,,,,,,,,,,,,,,,,,,,,,,,,,,,,801.9238,803.4179,805.6591,805.6591,0,0,0,0,0,0,0,0,0,0,0,1,1,1,1,1,0,0,0,0,,,,,,,,,,,,,,,,,,,,,,,,,,,,,,,,,,
271,,,137,179,,,,,,,,,,,,,,,,,,,,,,,,,,,,,,,,,,,,,,,,,,,,,,,,,,,,,,,,,,,,,,,,,,,,,,,,,,,,,,,801.9238,803.4179,805.6591,805.6591,0,0,0,0,0,0,0,0,0,0,0,1,1,1,1,1,0,0,0,0,,,,,,,,,,,,,,,,,,,,,,,,,,,,,,,,,,
272,,,137,552,,,,,,,,,,,,,,,,,,,,,,,,,,,,,,,,,,,,,,,,,,,,,,,,,,,,,,,,,,,,,,,,,,,,,,,,,,,,,,,801.9238,803.4179,805.6591,805.6591,0,0,0,0,0,0,0,0,0,0,0,1,1,1,1,1,0,0,0,0,,,,,,,,,,,,,,,,,,,,,,,,,,,,,,,,,,
273,,,137,942,,,,,,,,,,,,,,,,,,,,,,,,,,,,,,,,,,,,,,,,,,,,,,,,,,,,,,,,,,,,,,,,,,,,,,,,,,,,,,,801.9238,803.4179,805.6591,805.6591,0,0,0,0,0,0,0,0,0,0,0,1,1,1,1,1,0,0,0,0,,,,,,,,,,,,,,,,,,,,,,,,,,,,,,,,,,
274,,,138,307,,,,,,,,,,,,,,,,,,,,,,,,,,,,,,,,,,,,,,,,,,,,,,,,,,,,,,,,,,,,,,,,,,,,,,,,,,,,,,,801.9238,803.4179,805.6591,805.6591,0,0,0,0,0,0,0,0,0,0,0,1,1,1,1,1,0,0,0,0,,,,,,,,,,,,,,,,,,,,,,,,,,,,,,,,,,
275,,,138,676,,,,,,,,,,,,,,,,,,,,,,,,,,,,,,,,,,,,,,,,,,,,,,,,,,,,,,,,,,,,,,,,,,,,,,,,,,,,,,,801.9238,803.4179,805.6591,805.6591,0,0,0,0,0,0,0,0,0,0,0,1,1,1,1,1,0,0,0,0,,,,,,,,,,,,,,,,,,,,,,,,,,,,,,,,,,
276,,,139,040,,,,,,,,,,,,,,,,,,,,,,,,,,,,,,,,,,,,,,,,,,,,,,,,,,,,,,,,,,,,,,,,,,,,,,,,,,,,,,,801.9238,803.4179,805.6591,805.6591,0,0,0,0,0,0,0,0,0,0,0,1,1,1,1,1,0,0,0,0,,,,,,,,,,,,,,,,,,,,,,,,,,,,,,,,,,
277,,,139,408,,,,,,,,,,,,,,,,,,,,,,,,,,,,,,,,,,,,,,,,,,,,,,,,,,,,,,,,,,,,,,,,,,,,,,,,,,,,,,,801.9238,803.4179,805.6591,805.6591,0,0,0,0,0,0,0,0,0,0,0,1,1,1,1,1,0,0,0,0,,,,,,,,,,,,,,,,,,,,,,,,,,,,,,,,,,
278,,,139,774,,,,,,,,,,,,,,,,,,,,,,,,,,,,,,,,,,,,,,,,,,,,,,,,,,,,,,,,,,,,,,,,,,,,,,,,,,,,,,,801.9238,803.4179,805.6591,805.6591,0,0,0,0,0,0,0,0,0,0,0,1,1,1,1,1,0,0,0,0,,,,,,,,,,,,,,,,,,,,,,,,,,,,,,,,,,
279,,,140,151,,,,,,,,,,,,,,,,,,,,,,,,,,,,,,,,,,,,,,,,,,,,,,,,,,,,,,,,,,,,,,,,,,,,,,,,,,,,,,,801.9238,803.4179,805.6591,805.6591,0,0,0,0,0,0,0,0,0,0,0,1,1,1,1,1,0,0,0,0,,,,,,,,,,,,,,,,,,,,,,,,,,,,,,,,,,
280,,,140,534,,,,,,,,,,,,,,,,,,,,,,,,,,,,,,,,,,,,,,,,,,,,,,,,,,,,,,,,,,,,,,,,,,,,,,,,,,,,,,,801.9238,803.4179,805.6591,805.6591,0,0,0,0,0,0,0,0,0,0,0,1,1,1,1,1,0,0,0,0,,,,,,,,,,,,,,,,,,,,,,,,,,,,,,,,,,
281,,,140,908,,,,,,,,,,,,,,,,,,,,,,,,,,,,,,,,,,,,,,,,,,,,,,,,,,,,,,,,,,,,,,,,,,,,,,,,,,,,,,,801.9238,803.4179,805.6591,805.6591,0,0,0,0,0,0,0,0,0,0,0,1,1,1,1,1,0,0,0,0,,,,,,,,,,,,,,,,,,,,,,,,,,,,,,,,,,
282,,,141,278,,,,,,,,,,,,,,,,,,,,,,,,,,,,,,,,,,,,,,,,,,,,,,,,,,,,,,,,,,,,,,,,,,,,,,,,,,,,,,,0.3456,0.3456,-2.8125,717.5061,0,0,0,0,0,0,0,0,0,0,0,0,0,0,0,0,0,0,0,0,,,,,,,,,,,,,,,,,,,,,,,,,,,,,,,,,,
283,,,141,624,,,,,,,,,,,,,,,,,,,,,,,,,,,,,,,,,,,,,,,,,,,,,,,,,,,,,,,,,,,,,,,,,,,,,,,,,,,,,,,801.9238,803.4179,805.6591,805.6591,0,0,0,0,0,0,0,0,0,0,0,1,1,1,1,1,0,0,0,0,,,,,,,,,,,,,,,,,,,,,,,,,,,,,,,,,,
284,,,141,987,,,,,,,,,,,,,,,,,,,,,,,,,,,,,,,,,,,,,,,,,,,,,,,,,,,,,,,,,,,,,,,,,,,,,,,,,,,,,,,804.7083,0.3456,-2.8125,-2.8125,0,0,0,0,0,0,0,0,0,0,0,0,0,0,0,0,0,0,0,0,,,,,,,,,,,,,,,,,,,,,,,,,,,,,,,,,,
285,,,142,345,,,,,,,,,,,,,,,,,,,,,,,,,,,,,,,,,,,,,,,,,,,,,,,,,,,,,,,,,,,,,,,,,,,,,,,,,,,,,,,801.9238,803.4179,805.6591,805.6591,0,0,0,0,0,0,0,0,0,0,0,1,1,1,1,1,0,0,0,0,,,,,,,,,,,,,,,,,,,,,,,,,,,,,,,,,,
286,,,142,719,,,,,,,,,,,,,,,,,,,,,,,,,,,,,,,,,,,,,,,,,,,,,,,,,,,,,,,,,,,,,,,,,,,,,,,,,,,,,,,0.3456,0.3456,-2.8125,-2.8125,0,0,0,0,0,0,0,0,0,0,0,0,0,0,0,0,0,0,0,0,,,,,,,,,,,,,,,,,,,,,,,,,,,,,,,,,,
287,,,143,086,,,,,,,,,,,,,,,,,,,,,,,,,,,,,,,,,,,,,,,,,,,,,,,,,,,,,,,,,,,,,,,,,,,,,,,,,,,,,,,801.9238,803.4179,805.6591,805.6591,0,0,0,0,0,0,0,0,0,0,0,1,1,1,1,1,0,0,0,0,,,,,,,,,,,,,,,,,,,,,,,,,,,,,,,,,,
288,,,143,477,,,,,,,,,,,,,,,,,,,,,,,,,,,,,,,,,,,,,,,,,,,,,,,,,,,,,,,,,,,,,,,,,,,,,,,,,,,,,,,801.9238,803.4179,805.6591,805.6591,0,0,0,0,0,0,0,0,0,0,0,1,1,1,1,1,0,0,0,0,,,,,,,,,,,,,,,,,,,,,,,,,,,,,,,,,,
289,,,143,833,,,,,,,,,,,,,,,,,,,,,,,,,,,,,,,,,,,,,,,,,,,,,,,,,,,,,,,,,,,,,,,,,,,,,,,,,,,,,,,801.9238,803.4179,805.6591,805.6591,0,0,0,0,0,0,0,0,0,0,0,0,0,0,0,0,0,0,0,0,,,,,,,,,,,,,,,,,,,,,,,,,,,,,,,,,,
290,,,144,201,,,,,,,,,,,,,,,,,,,,,,,,,,,,,,,,,,,,,,,,,,,,,,,,,,,,,,,,,,,,,,,,,,,,,,,,,,,,,,,-2.8125,-2.8125,8.4506,-2.8125,-2.8125,-2.8125,-2.8125,-2.8125,-2.8125,-2.8125,-2.8125,-2.8125,-2.8125,-2.8125,-2.8125,-2.8125,-2.8125,-2.8125,-2.8125,-2.8125,-2.8125,-2.8125,-2.8125,-2.8125,,,,,,,,,,,,,,,,,,,,,,,,,,,,,,,,,,
291,,,144,566,,,,,,,,,,,,,,,,,,,,,,,,,,,,,,,,,,,,,,,,,,,,,,,,,,,,,,,,,,,,,,,,,,,,,,,,,,,,,,,-2.8125,-2.8125,8.4506,-2.8125,-2.8125,-2.8125,-2.8125,-2.8125,-2.8125,-2.8125,-2.8125,-2.8125,-2.8125,-2.8125,-2.8125,-2.8125,-2.8125,-2.8125,-2.8125,-2.8125,-2.8125,-2.8125,-2.8125,-2.8125,,,,,,,,,,,,,,,,,,,,,,,,,,,,,,,,,,
292,,,144,928,,,,,,,,,,,,,,,,,,,,,,,,,,,,,,,,,,,,,,,,,,,,,,,,,,,,,,,,,,,,,,,,,,,,,,,,,,,,,,,-2.8125,-2.8125,-2.8125,717.5061,0,0,0,0,0,0,0,0,0,0,0,0,0,0,0,0,0,0,0,0,,,,,,,,,,,,,,,,,,,,,,,,,,,,,,,,,,
293,,,145,283,,,,,,,,,,,,,,,,,,,,,,,,,,,,,,,,,,,,,,,,,,,,,,,,,,,,,,,,,,,,,,,,,,,,,,,,,,,,,,,801.9238,803.4179,805.6591,805.6591,0,0,0,0,0,0,0,0,0,0,0,1,1,1,1,1,0,0,0,0,,,,,,,,,,,,,,,,,,,,,,,,,,,,,,,,,,
294,,,145,658,,,,,,,,,,,,,,,,,,,,,,,,,,,,,,,,,,,,,,,,,,,,,,,,,,,,,,,,,,,,,,,,,,,,,,,,,,,,,,,801.9238,803.4179,805.6591,805.6591,0,0,0,0,0,0,0,0,0,0,0,1,1,1,1,1,0,0,0,0,,,,,,,,,,,,,,,,,,,,,,,,,,,,,,,,,,
295,,,146,037,,,,,,,,,,,,,,,,,,,,,,,,,,,,,,,,,,,,,,,,,,,,,,,,,,,,,,,,,,,,,,,,,,,,,,,,,,,,,,,801.9238,803.4179,805.6591,805.6591,0,0,0,0,0,0,0,0,0,0,0,1,1,1,1,1,0,0,0,0,,,,,,,,,,,,,,,,,,,,,,,,,,,,,,,,,,
296,,,146,403,,,,,,,,,,,,,,,,,,,,,,,,,,,,,,,,,,,,,,,,,,,,,,,,,,,,,,,,,,,,,,,,,,,,,,,,,,,,,,,801.9238,803.4179,805.6591,805.6591,0,0,0,0,0,0,0,0,0,0,0,1,1,1,1,1,0,0,0,0,,,,,,,,,,,,,,,,,,,,,,,,,,,,,,,,,,
297,,,146,779,,,,,,,,,,,,,,,,,,,,,,,,,,,,,,,,,,,,,,,,,,,,,,,,,,,,,,,,,,,,,,,,,,,,,,,,,,,,,,,801.9238,803.4179,805.6591,805.6591,0,0,0,0,0,0,0,0,0,0,0,1,1,1,1,1,0,0,0,0,,,,,,,,,,,,,,,,,,,,,,,,,,,,,,,,,,
298,,,147,147,,,,,,,,,,,,,,,,,,,,,,,,,,,,,,,,,,,,,,,,,,,,,,,,,,,,,,,,,,,,,,,,,,,,,,,,,,,,,,,801.9238,803.4179,805.6591,805.6591,0,0,0,0,0,0,0,0,0,0,0,1,1,1,1,1,0,0,0,0,,,,,,,,,,,,,,,,,,,,,,,,,,,,,,,,,,
299,,,147,516,,,,,,,,,,,,,,,,,,,,,,,,,,,,,,,,,,,,,,,,,,,,,,,,,,,,,,,,,,,,,,,,,,,,,,,,,,,,,,,801.9238,803.4179,805.6591,805.6591,0,0,0,0,0,0,0,0,0,0,0,0,0,0,0,0,0,0,0,0,,,,,,,,,,,,,,,,,,,,,,,,,,,,,,,,,,
300,,,147,878,,,,,,,,,,,,,,,,,,,,,,,,,,,,,,,,,,,,,,,,,,,,,,,,,,,,,,,,,,,,,,,,,,,,,,,,,,,,,,,801.9238,803.4179,805.6591,805.6591,0,0,0,0,0,0,0,0,0,0,0,1,1,1,1,1,0,0,0,0,,,,,,,,,,,,,,,,,,,,,,,,,,,,,,,,,,
301,,,148,250,,,,,,,,,,,,,,,,,,,,,,,,,,,,,,,,,,,,,,,,,,,,,,,,,,,,,,,,,,,,,,,,,,,,,,,,,,,,,,,801.9238,803.4179,805.6591,805.6591,0,0,0,0,0,0,0,0,0,0,0,1,1,1,1,1,0,0,0,0,,,,,,,,,,,,,,,,,,,,,,,,,,,,,,,,,,
302,,,148,604,,,,,,,,,,,,,,,,,,,,,,,,,,,,,,,,,,,,,,,,,,,,,,,,,,,,,,,,,,,,,,,,,,,,,,,,,,,,,,,801.9238,803.4179,805.6591,805.6591,0,0,0,0,0,0,0,0,0,0,0,1,1,1,1,1,0,0,0,0,,,,,,,,,,,,,,,,,,,,,,,,,,,,,,,,,,
303,,,148,980,,,,,,,,,,,,,,,,,,,,,,,,,,,,,,,,,,,,,,,,,,,,,,,,,,,,,,,,,,,,,,,,,,,,,,,,,,,,,,,801.9238,803.4179,805.6591,805.6591,0,0,0,0,0,0,0,1,0,0,0,0,1,1,1,1,0,0,0,0,,,,,,,,,,,,,,,,,,,,,,,,,,,,,,,,,,
304,,,149,339,,,,,,,,,,,,,,,,,,,,,,,,,,,,,,,,,,,,,,,,,,,,,,,,,,,,,,,,,,,,,,,,,,,,,,,,,,,,,,,801.9238,803.4179,805.6591,805.6591,0,0,0,0,0,0,0,0,0,0,0,1,1,1,1,1,0,0,0,0,,,,,,,,,,,,,,,,,,,,,,,,,,,,,,,,,,
305,,,149,713,,,,,,,,,,,,,,,,,,,,,,,,,,,,,,,,,,,,,,,,,,,,,,,,,,,,,,,,,,,,,,,,,,,,,,,,,,,,,,,801.9238,803.4179,805.6591,805.6591,0,0,0,0,0,0,0,0,0,0,0,1,1,1,1,1,0,0,0,0,,,,,,,,,,,,,,,,,,,,,,,,,,,,,,,,,,
306,,,150,080,,,,,,,,,,,,,,,,,,,,,,,,,,,,,,,,,,,,,,,,,,,,,,,,,,,,,,,,,,,,,,,,,,,,,,,,,,,,,,,801.9238,803.4179,805.6591,805.6591,0,0,0,0,0,0,0,0,0,0,0,1,1,1,1,1,0,0,0,0,,,,,,,,,,,,,,,,,,,,,,,,,,,,,,,,,,
307,,,150,449,,,,,,,,,,,,,,,,,,,,,,,,,,,,,,,,,,,,,,,,,,,,,,,,,,,,,,,,,,,,,,,,,,,,,,,,,,,,,,,801.9238,803.4179,805.6591,805.6591,0,0,0,0,0,0,0,0,0,0,0,1,1,1,1,1,0,0,0,0,,,,,,,,,,,,,,,,,,,,,,,,,,,,,,,,,,
308,,,150,803,,,,,,,,,,,,,,,,,,,,,,,,,,,,,,,,,,,,,,,,,,,,,,,,,,,,,,,,,,,,,,,,,,,,,,,,,,,,,,,801.9238,803.4179,-2.8125,-2.8125,0,0,0,0,0,0,0,0,0,0,0,0,0,0,0,0,0,0,0,0,,,,,,,,,,,,,,,,,,,,,,,,,,,,,,,,,,
309,,,151,175,,,,,,,,,,,,,,,,,,,,,,,,,,,,,,,,,,,,,,,,,,,,,,,,,,,,,,,,,,,,,,,,,,,,,,,,,,,,,,,801.9238,803.4179,805.6591,805.6591,0,0,0,0,0,0,0,0,0,0,0,1,1,1,1,1,0,0,0,0,,,,,,,,,,,,,,,,,,,,,,,,,,,,,,,,,,
310,,,151,573,,,,,,,,,,,,,,,,,,,,,,,,,,,,,,,,,,,,,,,,,,,,,,,,,,,,,,,,,,,,,,,,,,,,,,,,,,,,,,,801.9238,803.4179,805.6591,805.6591,0,0,0,0,0,0,0,0,0,0,0,1,1,1,1,1,0,0,0,0,,,,,,,,,,,,,,,,,,,,,,,,,,,,,,,,,,
311,,,151,935,,,,,,,,,,,,,,,,,,,,,,,,,,,,,,,,,,,,,,,,,,,,,,,,,,,,,,,,,,,,,,,,,,,,,,,,,,,,,,,801.9238,803.4179,805.6591,805.6591,0,0,0,0,0,0,0,0,0,0,0,1,1,1,1,1,0,0,0,0,,,,,,,,,,,,,,,,,,,,,,,,,,,,,,,,,,
312,,,152,297,,,,,,,,,,,,,,,,,,,,,,,,,,,,,,,,,,,,,,,,,,,,,,,,,,,,,,,,,,,,,,,,,,,,,,,,,,,,,,,801.9238,803.4179,805.6591,805.6591,0,0,0,0,0,0,0,0,0,0,0,1,1,1,1,1,0,0,0,0,,,,,,,,,,,,,,,,,,,,,,,,,,,,,,,,,,
313,,,152,658,,,,,,,,,,,,,,,,,,,,,,,,,,,,,,,,,,,,,,,,,,,,,,,,,,,,,,,,,,,,,,,,,,,,,,,,,,,,,,,801.9238,803.4179,805.6591,805.6591,0,0,0,0,0,0,0,0,0,0,0,1,1,1,1,1,0,0,0,0,,,,,,,,,,,,,,,,,,,,,,,,,,,,,,,,,,
314,,,153,034,,,,,,,,,,,,,,,,,,,,,,,,,,,,,,,,,,,,,,,,,,,,,,,,,,,,,,,,,,,,,,,,,,,,,,,,,,,,,,,801.9238,803.4179,805.6591,805.6591,0,0,0,0,0,0,0,0,0,0,0,1,1,1,1,1,0,0,0,0,,,,,,,,,,,,,,,,,,,,,,,,,,,,,,,,,,
315,,,153,417,,,,,,,,,,,,,,,,,,,,,,,,,,,,,,,,,,,,,,,,,,,,,,,,,,,,,,,,,,,,,,,,,,,,,,,,,,,,,,,801.9238,803.4179,805.6591,805.6591,0,0,0,0,0,0,0,0,0,0,0,1,1,1,1,1,0,0,0,0,,,,,,,,,,,,,,,,,,,,,,,,,,,,,,,,,,
316,,,153,775,,,,,,,,,,,,,,,,,,,,,,,,,,,,,,,,,,,,,,,,,,,,,,,,,,,,,,,,,,,,,,,,,,,,,,,,,,,,,,,801.9238,803.4179,805.6591,805.6591,0,0,0,0,0,0,0,0,0,0,0,1,1,1,1,1,0,0,0,0,,,,,,,,,,,,,,,,,,,,,,,,,,,,,,,,,,
317,,,154,142,,,,,,,,,,,,,,,,,,,,,,,,,,,,,,,,,,,,,,,,,,,,,,,,,,,,,,,,,,,,,,,,,,,,,,,,,,,,,,,801.9238,803.4179,805.6591,805.6591,0,0,0,0,0,0,0,0,0,0,0,1,1,1,1,1,0,0,0,0,,,,,,,,,,,,,,,,,,,,,,,,,,,,,,,,,,
318,,,154,524,,,,,,,,,,,,,,,,,,,,,,,,,,,,,,,,,,,,,,,,,,,,,,,,,,,,,,,,,,,,,,,,,,,,,,,,,,,,,,,801.9238,803.4179,805.6591,805.6591,0,0,0,0,0,0,0,0,0,0,0,1,1,1,1,1,0,0,0,0,,,,,,,,,,,,,,,,,,,,,,,,,,,,,,,,,,
319,,,154,897,,,,,,,,,,,,,,,,,,,,,,,,,,,,,,,,,,,,,,,,,,,,,,,,,,,,,,,,,,,,,,,,,,,,,,,,,,,,,,,801.9238,803.4179,805.6591,805.6591,0,0,0,0,0,0,0,0,0,0,0,1,1,1,1,1,0,0,0,0,,,,,,,,,,,,,,,,,,,,,,,,,,,,,,,,,,
320,,,155,258,,,,,,,,,,,,,,,,,,,,,,,,,,,,,,,,,,,,,,,,,,,,,,,,,,,,,,,,,,,,,,,,,,,,,,,,,,,,,,,801.9238,803.4179,805.6591,805.6591,0,0,0,0,0,0,0,0,0,0,0,1,1,1,1,1,0,0,0,0,,,,,,,,,,,,,,,,,,,,,,,,,,,,,,,,,,
321,,,155,617,,,,,,,,,,,,,,,,,,,,,,,,,,,,,,,,,,,,,,,,,,,,,,,,,,,,,,,,,,,,,,,,,,,,,,,,,,,,,,,0.3456,0.3456,-2.8125,-2.8125,0,0,0,0,0,0,0,0,0,0,0,0,0,0,0,0,0,0,0,0,,,,,,,,,,,,,,,,,,,,,,,,,,,,,,,,,,
322,,,155,986,,,,,,,,,,,,,,,,,,,,,,,,,,,,,,,,,,,,,,,,,,,,,,,,,,,,,,,,,,,,,,,,,,,,,,,,,,,,,,,801.9238,803.4179,805.6591,805.6591,0,0,0,0,0,0,0,0,0,0,0,1,1,1,1,1,0,0,0,0,,,,,,,,,,,,,,,,,,,,,,,,,,,,,,,,,,
323,,,156,345,,,,,,,,,,,,,,,,,,,,,,,,,,,,,,,,,,,,,,,,,,,,,,,,,,,,,,,,,,,,,,,,,,,,,,,,,,,,,,,801.9238,803.4179,805.6591,805.6591,0,0,0,0,0,0,0,1,0,0,0,0,1,1,1,1,0,0,0,0,,,,,,,,,,,,,,,,,,,,,,,,,,,,,,,,,,
324,,,156,709,,,,,,,,,,,,,,,,,,,,,,,,,,,,,,,,,,,,,,,,,,,,,,,,,,,,,,,,,,,,,,,,,,,,,,,,,,,,,,,801.9238,803.4179,805.6591,805.6591,0,0,0,0,0,0,0,0,0,0,0,1,1,1,1,1,0,0,0,0,,,,,,,,,,,,,,,,,,,,,,,,,,,,,,,,,,
325,,,157,067,,,,,,,,,,,,,,,,,,,,,,,,,,,,,,,,,,,,,,,,,,,,,,,,,,,,,,,,,,,,,,,,,,,,,,,,,,,,,,,801.9238,803.4179,805.6591,805.6591,0,0,0,0,0,0,0,0,0,0,0,1,1,1,1,1,0,0,0,0,,,,,,,,,,,,,,,,,,,,,,,,,,,,,,,,,,
326,,,157,436,,,,,,,,,,,,,,,,,,,,,,,,,,,,,,,,,,,,,,,,,,,,,,,,,,,,,,,,,,,,,,,,,,,,,,,,,,,,,,,801.9238,803.4179,805.6591,805.6591,0,0,0,0,0,0,0,0,0,0,0,1,1,1,1,1,0,0,0,0,,,,,,,,,,,,,,,,,,,,,,,,,,,,,,,,,,
327,,,157,819,,,,,,,,,,,,,,,,,,,,,,,,,,,,,,,,,,,,,,,,,,,,,,,,,,,,,,,,,,,,,,,,,,,,,,,,,,,,,,,801.9238,803.4179,805.6591,805.6591,0,0,0,0,0,0,0,0,0,0,0,1,1,1,1,1,0,0,0,0,,,,,,,,,,,,,,,,,,,,,,,,,,,,,,,,,,
328,,,158,174,,,,,,,,,,,,,,,,,,,,,,,,,,,,,,,,,,,,,,,,,,,,,,,,,,,,,,,,,,,,,,,,,,,,,,,,,,,,,,,801.9238,803.4179,805.6591,805.6591,0,0,0,0,0,0,0,0,0,0,0,1,1,1,1,1,0,0,0,0,,,,,,,,,,,,,,,,,,,,,,,,,,,,,,,,,,
329,,,160,572,,,,,,,,,,,,,,,,,,,,,,,,,,,,,,,,,,,,,,,,,,,,,,,,,,,,,,,,,,,,,,,,,,,,,,,,,,,,,,,804.7083,0.3456,-2.8125,2.8125,0,0,0,0,0,1,0,0,0,0,0,0,0,0,0,0,0,0,0,0,,,,,,,,,,,,,,,,,,,,,,,,,,,,,,,,,,
330,,,160,929,,,,,,,,,,,,,,,,,,,,,,,,,,,,,,,,,,,,,,,,,,,,,,,,,,,,,,,,,,,,,,,,,,,,,,,,,,,,,,,801.9238,803.4179,805.6591,805.6591,0,0,0,0,0,0,0,0,0,0,0,1,1,1,1,1,0,0,0,0,,,,,,,,,,,,,,,,,,,,,,,,,,,,,,,,,,
331,,,161,301,,,,,,,,,,,,,,,,,,,,,,,,,,,,,,,,,,,,,,,,,,,,,,,,,,,,,,,,,,,,,,,,,,,,,,,,,,,,,,,801.9238,803.4179,805.6591,805.6591,0,0,0,0,0,0,0,0,0,0,0,1,1,1,1,1,0,0,0,0,,,,,,,,,,,,,,,,,,,,,,,,,,,,,,,,,,
332,,,161,672,,,,,,,,,,,,,,,,,,,,,,,,,,,,,,,,,,,,,,,,,,,,,,,,,,,,,,,,,,,,,,,,,,,,,,,,,,,,,,,801.9238,803.4179,805.6591,805.6591,0,0,0,0,0,0,0,0,0,0,0,1,1,1,1,1,0,0,0,0,,,,,,,,,,,,,,,,,,,,,,,,,,,,,,,,,,
333,,,162,035,,,,,,,,,,,,,,,,,,,,,,,,,,,,,,,,,,,,,,,,,,,,,,,,,,,,,,,,,,,,,,,,,,,,,,,,,,,,,,,801.9238,803.4179,805.6591,805.6591,0,0,0,0,0,0,0,0,0,0,0,1,1,1,1,1,0,0,0,0,,,,,,,,,,,,,,,,,,,,,,,,,,,,,,,,,,
334,,,162,405,,,,,,,,,,,,,,,,,,,,,,,,,,,,,,,,,,,,,,,,,,,,,,,,,,,,,,,,,,,,,,,,,,,,,,,,,,,,,,,801.9238,803.4179,805.6591,805.6591,0,0,0,0,0,0,0,0,0,0,0,1,1,1,1,1,0,0,0,0,,,,,,,,,,,,,,,,,,,,,,,,,,,,,,,,,,
335,,,162,769,,,,,,,,,,,,,,,,,,,,,,,,,,,,,,,,,,,,,,,,,,,,,,,,,,,,,,,,,,,,,,,,,,,,,,,,,,,,,,,801.9238,803.4179,805.6591,805.6591,0,0,0,0,0,0,0,0,0,0,0,1,1,1,1,1,0,0,0,0,,,,,,,,,,,,,,,,,,,,,,,,,,,,,,,,,,
336,,,163,138,,,,,,,,,,,,,,,,,,,,,,,,,,,,,,,,,,,,,,,,,,,,,,,,,,,,,,,,,,,,,,,,,,,,,,,,,,,,,,,801.9238,803.4179,805.6591,805.6591,0,0,0,0,0,0,0,0,0,0,0,1,1,1,1,1,0,0,0,0,,,,,,,,,,,,,,,,,,,,,,,,,,,,,,,,,,
337,,,163,514,,,,,,,,,,,,,,,,,,,,,,,,,,,,,,,,,,,,,,,,,,,,,,,,,,,,,,,,,,,,,,,,,,,,,,,,,,,,,,,801.9238,803.4179,805.6591,805.6591,0,0,0,0,0,0,0,0,0,0,0,1,1,1,1,1,0,0,0,0,,,,,,,,,,,,,,,,,,,,,,,,,,,,,,,,,,
338,,,163,877,,,,,,,,,,,,,,,,,,,,,,,,,,,,,,,,,,,,,,,,,,,,,,,,,,,,,,,,,,,,,,,,,,,,,,,,,,,,,,,801.9238,803.4179,805.6591,805.6591,0,0,0,0,0,0,0,0,0,0,0,1,1,1,1,1,0,0,0,0,,,,,,,,,,,,,,,,,,,,,,,,,,,,,,,,,,
339,,,164,237,,,,,,,,,,,,,,,,,,,,,,,,,,,,,,,,,,,,,,,,,,,,,,,,,,,,,,,,,,,,,,,,,,,,,,,,,,,,,,,801.9238,803.4179,805.6591,805.6591,0,0,0,0,0,0,0,0,0,0,0,1,1,1,1,1,0,0,0,0,,,,,,,,,,,,,,,,,,,,,,,,,,,,,,,,,,
340,,,164,596,,,,,,,,,,,,,,,,,,,,,,,,,,,,,,,,,,,,,,,,,,,,,,,,,,,,,,,,,,,,,,,,,,,,,,,,,,,,,,,801.9238,803.4179,805.6591,805.6591,0,0,0,0,0,0,0,0,0,0,0,1,1,1,1,1,0,0,0,0,,,,,,,,,,,,,,,,,,,,,,,,,,,,,,,,,,
341,,,164,969,,,,,,,,,,,,,,,,,,,,,,,,,,,,,,,,,,,,,,,,,,,,,,,,,,,,,,,,,,,,,,,,,,,,,,,,,,,,,,,801.9238,803.4179,805.6591,805.6591,0,0,0,0,0,0,0,0,0,0,0,1,1,1,1,1,0,0,0,0,,,,,,,,,,,,,,,,,,,,,,,,,,,,,,,,,,
342,,,165,328,,,,,,,,,,,,,,,,,,,,,,,,,,,,,,,,,,,,,,,,,,,,,,,,,,,,,,,,,,,,,,,,,,,,,,,,,,,,,,,801.9238,803.4179,805.6591,805.6591,0,0,0,0,0,0,0,0,0,0,0,1,1,1,1,1,0,0,0,0,,,,,,,,,,,,,,,,,,,,,,,,,,,,,,,,,,
343,,,165,687,,,,,,,,,,,,,,,,,,,,,,,,,,,,,,,,,,,,,,,,,,,,,,,,,,,,,,,,,,,,,,,,,,,,,,,,,,,,,,,801.9238,803.4179,805.6591,805.6591,0,0,0,0,0,0,0,0,0,0,0,1,1,1,1,1,0,0,0,0,,,,,,,,,,,,,,,,,,,,,,,,,,,,,,,,,,
344,,,166,055,,,,,,,,,,,,,,,,,,,,,,,,,,,,,,,,,,,,,,,,,,,,,,,,,,,,,,,,,,,,,,,,,,,,,,,,,,,,,,,801.9238,803.4179,805.6591,805.6591,0,0,0,0,0,0,0,0,0,0,0,1,1,1,1,1,0,0,0,0,,,,,,,,,,,,,,,,,,,,,,,,,,,,,,,,,,
345,,,166,417,,,,,,,,,,,,,,,,,,,,,,,,,,,,,,,,,,,,,,,,,,,,,,,,,,,,,,,,,,,,,,,,,,,,,,,,,,,,,,,801.9238,803.4179,805.6591,805.6591,0,0,0,0,0,0,0,0,0,0,0,1,1,1,1,1,0,0,0,0,,,,,,,,,,,,,,,,,,,,,,,,,,,,,,,,,,
346,,,166,791,,,,,,,,,,,,,,,,,,,,,,,,,,,,,,,,,,,,,,,,,,,,,,,,,,,,,,,,,,,,,,,,,,,,,,,,,,,,,,,801.9238,803.4179,805.6591,805.6591,0,0,0,0,0,0,0,0,0,0,0,1,1,1,1,1,0,0,0,0,,,,,,,,,,,,,,,,,,,,,,,,,,,,,,,,,,
347,,,167,149,,,,,,,,,,,,,,,,,,,,,,,,,,,,,,,,,,,,,,,,,,,,,,,,,,,,,,,,,,,,,,,,,,,,,,,,,,,,,,,801.9238,803.4179,805.6591,805.6591,0,0,0,0,0,0,0,0,0,0,0,1,1,1,1,1,0,0,0,0,,,,,,,,,,,,,,,,,,,,,,,,,,,,,,,,,,
348,,,167,574,,,,,,,,,,,,,,,,,,,,,,,,,,,,,,,,,,,,,,,,,,,,,,,,,,,,,,,,,,,,,,,,,,,,,,,,,,,,,,,801.9238,803.4179,805.6591,805.6591,0,0,0,0,0,0,0,0,0,0,0,1,1,1,1,1,0,0,0,0,,,,,,,,,,,,,,,,,,,,,,,,,,,,,,,,,,
349,,,167,936,,,,,,,,,,,,,,,,,,,,,,,,,,,,,,,,,,,,,,,,,,,,,,,,,,,,,,,,,,,,,,,,,,,,,,,,,,,,,,,801.9238,803.4179,805.6591,805.6591,0,0,0,0,0,0,0,0,0,0,0,1,1,1,1,1,0,0,0,0,,,,,,,,,,,,,,,,,,,,,,,,,,,,,,,,,,
350,,,168,293,,,,,,,,,,,,,,,,,,,,,,,,,,,,,,,,,,,,,,,,,,,,,,,,,,,,,,,,,,,,,,,,,,,,,,,,,,,,,,,801.9238,803.4179,805.6591,805.6591,0,0,0,0,0,0,0,0,0,0,0,1,1,1,1,1,0,0,0,0,,,,,,,,,,,,,,,,,,,,,,,,,,,,,,,,,,
351,,,168,665,,,,,,,,,,,,,,,,,,,,,,,,,,,,,,,,,,,,,,,,,,,,,,,,,,,,,,,,,,,,,,,,,,,,,,,,,,,,,,,801.9238,803.4179,805.6591,805.6591,0,0,0,0,0,0,0,0,0,0,0,1,1,1,1,1,0,0,0,0,,,,,,,,,,,,,,,,,,,,,,,,,,,,,,,,,,
352,,,169,029,,,,,,,,,,,,,,,,,,,,,,,,,,,,,,,,,,,,,,,,,,,,,,,,,,,,,,,,,,,,,,,,,,,,,,,,,,,,,,,801.9238,803.4179,805.6591,805.6591,0,0,0,0,0,0,0,0,0,0,0,1,1,1,1,1,0,0,0,0,,,,,,,,,,,,,,,,,,,,,,,,,,,,,,,,,,
353,,,169,393,,,,,,,,,,,,,,,,,,,,,,,,,,,,,,,,,,,,,,,,,,,,,,,,,,,,,,,,,,,,,,,,,,,,,,,,,,,,,,,801.9238,803.4179,805.6591,805.6591,0,0,0,0,0,0,0,0,0,0,0,1,1,1,1,1,0,0,0,0,,,,,,,,,,,,,,,,,,,,,,,,,,,,,,,,,,
354,,,169,765,,,,,,,,,,,,,,,,,,,,,,,,,,,,,,,,,,,,,,,,,,,,,,,,,,,,,,,,,,,,,,,,,,,,,,,,,,,,,,,801.9238,803.4179,805.6591,805.6591,0,0,0,0,0,0,0,0,0,0,0,1,1,1,1,1,0,0,0,0,,,,,,,,,,,,,,,,,,,,,,,,,,,,,,,,,,
355,,,170,129,,,,,,,,,,,,,,,,,,,,,,,,,,,,,,,,,,,,,,,,,,,,,,,,,,,,,,,,,,,,,,,,,,,,,,,,,,,,,,,801.9238,803.4179,805.6591,805.6591,0,0,0,0,0,0,0,0,0,0,0,1,1,1,1,1,0,0,0,0,,,,,,,,,,,,,,,,,,,,,,,,,,,,,,,,,,
356,,,170,493,,,,,,,,,,,,,,,,,,,,,,,,,,,,,,,,,,,,,,,,,,,,,,,,,,,,,,,,,,,,,,,,,,,,,,,,,,,,,,,801.9238,803.4179,805.6591,805.6591,0,0,0,0,0,0,0,0,0,0,0,1,1,1,1,1,0,0,0,0,,,,,,,,,,,,,,,,,,,,,,,,,,,,,,,,,,
357,,,170,853,,,,,,,,,,,,,,,,,,,,,,,,,,,,,,,,,,,,,,,,,,,,,,,,,,,,,,,,,,,,,,,,,,,,,,,,,,,,,,,801.9238,803.4179,805.6591,805.6591,0,0,0,0,0,0,0,0,0,0,0,1,1,1,1,1,0,0,0,0,,,,,,,,,,,,,,,,,,,,,,,,,,,,,,,,,,
358,,,171,226,,,,,,,,,,,,,,,,,,,,,,,,,,,,,,,,,,,,,,,,,,,,,,,,,,,,,,,,,,,,,,,,,,,,,,,,,,,,,,,801.9238,803.4179,805.6591,805.6591,0,0,0,0,0,0,0,0,0,0,0,1,1,1,1,1,0,0,0,0,,,,,,,,,,,,,,,,,,,,,,,,,,,,,,,,,,
359,,,171,583,,,,,,,,,,,,,,,,,,,,,,,,,,,,,,,,,,,,,,,,,,,,,,,,,,,,,,,,,,,,,,,,,,,,,,,,,,,,,,,801.9238,803.4179,805.6591,805.6591,0,0,0,0,0,0,0,0,0,0,0,1,1,1,1,1,0,0,0,0,,,,,,,,,,,,,,,,,,,,,,,,,,,,,,,,,,
360,,,171,993,,,,,,,,,,,,,,,,,,,,,,,,,,,,,,,,,,,,,,,,,,,,,,,,,,,,,,,,,,,,,,,,,,,,,,,,,,,,,,,801.9238,803.4179,805.6591,805.6591,0,0,0,0,0,0,0,0,0,0,0,1,1,1,1,1,0,0,0,0,,,,,,,,,,,,,,,,,,,,,,,,,,,,,,,,,,
361,,,172,353,,,,,,,,,,,,,,,,,,,,,,,,,,,,,,,,,,,,,,,,,,,,,,,,,,,,,,,,,,,,,,,,,,,,,,,,,,,,,,,801.9238,803.4179,805.6591,805.6591,0,0,0,0,0,0,0,0,0,0,0,1,1,1,1,1,0,0,0,0,,,,,,,,,,,,,,,,,,,,,,,,,,,,,,,,,,
362,,,172,734,,,,,,,,,,,,,,,,,,,,,,,,,,,,,,,,,,,,,,,,,,,,,,,,,,,,,,,,,,,,,,,,,,,,,,,,,,,,,,,801.9238,803.4179,805.6591,805.6591,0,0,0,0,0,0,0,0,0,0,0,1,1,1,1,1,0,0,0,0,,,,,,,,,,,,,,,,,,,,,,,,,,,,,,,,,,
363,,,175,179,,,,,,,,,,,,,,,,,,,,,,,,,,,,,,,,,,,,,,,,,,,,,,,,,,,,,,,,,,,,,,,,,,,,,,,,,,,,,,,801.9238,803.4179,805.6591,805.6591,0,0,0,0,0,0,0,0,0,0,0,1,1,1,1,1,0,0,0,0,,,,,,,,,,,,,,,,,,,,,,,,,,,,,,,,,,
364,,,175,531,,,,,,,,,,,,,,,,,,,,,,,,,,,,,,,,,,,,,,,,,,,,,,,,,,,,,,,,,,,,,,,,,,,,,,,,,,,,,,,801.9238,803.4179,805.6591,805.6591,0,0,0,0,0,0,0,0,0,0,0,1,1,1,1,1,0,0,0,0,,,,,,,,,,,,,,,,,,,,,,,,,,,,,,,,,,
365,,,175,909,,,,,,,,,,,,,,,,,,,,,,,,,,,,,,,,,,,,,,,,,,,,,,,,,,,,,,,,,,,,,,,,,,,,,,,,,,,,,,,801.9238,803.4179,805.6591,805.6591,0,0,0,0,0,0,0,0,0,0,0,1,1,1,1,1,0,0,0,0,,,,,,,,,,,,,,,,,,,,,,,,,,,,,,,,,,
366,,,176,267,,,,,,,,,,,,,,,,,,,,,,,,,,,,,,,,,,,,,,,,,,,,,,,,,,,,,,,,,,,,,,,,,,,,,,,,,,,,,,,801.9238,803.4179,805.6591,805.6591,0,0,0,0,0,0,0,0,0,0,0,1,1,1,1,1,0,0,0,0,,,,,,,,,,,,,,,,,,,,,,,,,,,,,,,,,,
367,,,178,899,,,,,,,,,,,,,,,,,,,,,,,,,,,,,,,,,,,,,,,,,,,,,,,,,,,,,,,,,,,,,,,,,,,,,,,,,,,,,,,0.3456,0.3456,-2.8125,2.8125,0,0,0,0,0,0,0,0,0,0,0,0,0,0,0,0,0,0,0,0,,,,,,,,,,,,,,,,,,,,,,,,,,,,,,,,,,
368,,,179,258,,,,,,,,,,,,,,,,,,,,,,,,,,,,,,,,,,,,,,,,,,,,,,,,,,,,,,,,,,,,,,,,,,,,,,,,,,,,,,,801.9238,803.4179,805.6591,805.6591,0,0,0,0,0,0,0,0,0,0,0,1,1,1,1,1,0,0,0,0,,,,,,,,,,,,,,,,,,,,,,,,,,,,,,,,,,
369,,,179,618,,,,,,,,,,,,,,,,,,,,,,,,,,,,,,,,,,,,,,,,,,,,,,,,,,,,,,,,,,,,,,,,,,,,,,,,,,,,,,,801.9238,803.4179,805.6591,805.6591,0,0,0,0,0,0,0,0,0,0,0,1,1,1,1,1,0,0,0,0,,,,,,,,,,,,,,,,,,,,,,,,,,,,,,,,,,
370,,,179,976,,,,,,,,,,,,,,,,,,,,,,,,,,,,,,,,,,,,,,,,,,,,,,,,,,,,,,,,,,,,,,,,,,,,,,,,,,,,,,,801.9238,803.4179,805.6591,805.6591,0,0,0,0,0,0,0,0,0,0,0,1,1,1,1,1,0,0,0,0,,,,,,,,,,,,,,,,,,,,,,,,,,,,,,,,,,
371,,,180,341,,,,,,,,,,,,,,,,,,,,,,,,,,,,,,,,,,,,,,,,,,,,,,,,,,,,,,,,,,,,,,,,,,,,,,,,,,,,,,,801.9238,803.4179,805.6591,805.6591,0,0,0,0,0,0,0,0,0,0,0,1,1,1,1,1,0,0,0,0,,,,,,,,,,,,,,,,,,,,,,,,,,,,,,,,,,
372,,,180,691,,,,,,,,,,,,,,,,,,,,,,,,,,,,,,,,,,,,,,,,,,,,,,,,,,,,,,,,,,,,,,,,,,,,,,,,,,,,,,,801.9238,803.4179,805.6591,805.6591,0,0,0,0,0,0,0,0,0,0,0,1,1,1,1,1,0,0,0,0,,,,,,,,,,,,,,,,,,,,,,,,,,,,,,,,,,
373,,,181,054,,,,,,,,,,,,,,,,,,,,,,,,,,,,,,,,,,,,,,,,,,,,,,,,,,,,,,,,,,,,,,,,,,,,,,,,,,,,,,,801.9238,803.4179,805.6591,805.6591,0,0,0,0,0,0,0,0,0,0,0,1,1,1,1,1,0,0,0,0,,,,,,,,,,,,,,,,,,,,,,,,,,,,,,,,,,
374,,,181,427,,,,,,,,,,,,,,,,,,,,,,,,,,,,,,,,,,,,,,,,,,,,,,,,,,,,,,,,,,,,,,,,,,,,,,,,,,,,,,,801.9238,803.4179,805.6591,805.6591,0,0,0,0,0,0,0,0,0,0,0,1,1,1,1,1,0,0,0,0,,,,,,,,,,,,,,,,,,,,,,,,,,,,,,,,,,
375,,,184,064,,,,,,,,,,,,,,,,,,,,,,,,,,,,,,,,,,,,,,,,,,,,,,,,,,,,,,,,,,,,,,,,,,,,,,,,,,,,,,,801.9238,803.4179,805.6591,805.6591,0,0,0,0,0,0,0,0,0,0,0,1,1,1,1,1,0,0,0,0,,,,,,,,,,,,,,,,,,,,,,,,,,,,,,,,,,
376,,,184,455,,,,,,,,,,,,,,,,,,,,,,,,,,,,,,,,,,,,,,,,,,,,,,,,,,,,,,,,,,,,,,,,,,,,,,,,,,,,,,,0.3456,0.3456,-2.8125,-2.8125,0,0,0,0,0,1,0,0,0,0,0,0,0,0,0,0,0,0,0,0,,,,,,,,,,,,,,,,,,,,,,,,,,,,,,,,,,
377,,,184,827,,,,,,,,,,,,,,,,,,,,,,,,,,,,,,,,,,,,,,,,,,,,,,,,,,,,,,,,,,,,,,,,,,,,,,,,,,,,,,,801.9238,803.4179,805.6591,805.6591,0,0,0,0,0,0,0,0,0,0,0,1,1,1,1,1,0,0,0,0,,,,,,,,,,,,,,,,,,,,,,,,,,,,,,,,,,
378,,,185,189,,,,,,,,,,,,,,,,,,,,,,,,,,,,,,,,,,,,,,,,,,,,,,,,,,,,,,,,,,,,,,,,,,,,,,,,,,,,,,,801.9238,803.4179,805.6591,805.6591,0,0,0,0,0,1,0,0,0,0,0,0,0,0,0,0,0,0,0,0,,,,,,,,,,,,,,,,,,,,,,,,,,,,,,,,,,
379,,,185,546,,,,,,,,,,,,,,,,,,,,,,,,,,,,,,,,,,,,,,,,,,,,,,,,,,,,,,,,,,,,,,,,,,,,,,,,,,,,,,,801.9238,803.4179,805.6591,805.6591,0,0,0,0,0,0,0,0,0,0,0,1,1,1,1,1,0,0,0,0,,,,,,,,,,,,,,,,,,,,,,,,,,,,,,,,,,
380,,,185,921,,,,,,,,,,,,,,,,,,,,,,,,,,,,,,,,,,,,,,,,,,,,,,,,,,,,,,,,,,,,,,,,,,,,,,,,,,,,,,,801.9238,803.4179,805.6591,805.6591,0,0,0,0,0,0,0,0,0,0,0,1,1,1,1,1,0,0,0,0,,,,,,,,,,,,,,,,,,,,,,,,,,,,,,,,,,
381,,,186,288,,,,,,,,,,,,,,,,,,,,,,,,,,,,,,,,,,,,,,,,,,,,,,,,,,,,,,,,,,,,,,,,,,,,,,,,,,,,,,,801.9238,803.4179,805.6591,805.6591,0,0,0,0,0,0,0,0,0,0,0,1,1,1,1,1,0,0,0,0,,,,,,,,,,,,,,,,,,,,,,,,,,,,,,,,,,
382,,,186,652,,,,,,,,,,,,,,,,,,,,,,,,,,,,,,,,,,,,,,,,,,,,,,,,,,,,,,,,,,,,,,,,,,,,,,,,,,,,,,,801.9238,803.4179,805.6591,805.6591,0,0,0,0,0,0,0,0,0,0,0,1,1,1,1,1,0,0,0,0,,,,,,,,,,,,,,,,,,,,,,,,,,,,,,,,,,
383,,,187,029,,,,,,,,,,,,,,,,,,,,,,,,,,,,,,,,,,,,,,,,,,,,,,,,,,,,,,,,,,,,,,,,,,,,,,,,,,,,,,,801.9238,803.4179,805.6591,805.6591,0,0,0,0,0,0,0,0,0,0,0,1,1,1,1,1,0,0,0,0,,,,,,,,,,,,,,,,,,,,,,,,,,,,,,,,,,
384,,,187,385,,,,,,,,,,,,,,,,,,,,,,,,,,,,,,,,,,,,,,,,,,,,,,,,,,,,,,,,,,,,,,,,,,,,,,,,,,,,,,,801.9238,803.4179,805.6591,805.6591,0,0,0,0,0,0,0,0,0,0,0,1,1,1,1,1,0,0,0,0,,,,,,,,,,,,,,,,,,,,,,,,,,,,,,,,,,
385,,,187,757,,,,,,,,,,,,,,,,,,,,,,,,,,,,,,,,,,,,,,,,,,,,,,,,,,,,,,,,,,,,,,,,,,,,,,,,,,,,,,,801.9238,803.4179,805.6591,805.6591,0,0,0,0,0,0,0,0,0,0,0,1,1,1,1,1,0,0,0,0,,,,,,,,,,,,,,,,,,,,,,,,,,,,,,,,,,
386,,,188,117,,,,,,,,,,,,,,,,,,,,,,,,,,,,,,,,,,,,,,,,,,,,,,,,,,,,,,,,,,,,,,,,,,,,,,,,,,,,,,,801.9238,803.4179,805.6591,805.6591,0,0,0,0,0,0,0,0,0,0,0,1,1,1,1,1,0,0,0,0,,,,,,,,,,,,,,,,,,,,,,,,,,,,,,,,,,
387,,,188,489,,,,,,,,,,,,,,,,,,,,,,,,,,,,,,,,,,,,,,,,,,,,,,,,,,,,,,,,,,,,,,,,,,,,,,,,,,,,,,,801.9238,803.4179,805.6591,805.6591,0,0,0,0,0,0,0,0,0,0,0,0,1,1,1,1,0,0,0,0,,,,,,,,,,,,,,,,,,,,,,,,,,,,,,,,,,
388,,,188,874,,,,,,,,,,,,,,,,,,,,,,,,,,,,,,,,,,,,,,,,,,,,,,,,,,,,,,,,,,,,,,,,,,,,,,,,,,,,,,,801.9238,803.4179,805.6591,805.6591,0,0,0,0,0,0,0,0,0,0,0,0,1,1,1,1,0,0,0,0,,,,,,,,,,,,,,,,,,,,,,,,,,,,,,,,,,
389,,,189,265,,,,,,,,,,,,,,,,,,,,,,,,,,,,,,,,,,,,,,,,,,,,,,,,,,,,,,,,,,,,,,,,,,,,,,,,,,,,,,,801.9238,803.4179,805.6591,805.6591,0,0,0,0,0,0,0,0,0,0,0,0,1,1,1,1,0,0,0,0,,,,,,,,,,,,,,,,,,,,,,,,,,,,,,,,,,
390,,,189,664,,,,,,,,,,,,,,,,,,,,,,,,,,,,,,,,,,,,,,,,,,,,,,,,,,,,,,,,,,,,,,,,,,,,,,,,,,,,,,,801.9238,803.4179,805.6591,805.6591,0,0,0,0,0,0,0,0,0,0,0,0,1,1,1,1,0,0,0,0,,,,,,,,,,,,,,,,,,,,,,,,,,,,,,,,,,
391,,,190,031,,,,,,,,,,,,,,,,,,,,,,,,,,,,,,,,,,,,,,,,,,,,,,,,,,,,,,,,,,,,,,,,,,,,,,,,,,,,,,,801.9238,803.4179,805.6591,805.6591,0,0,0,0,0,0,0,0,0,0,0,0,1,1,1,1,0,0,0,0,,,,,,,,,,,,,,,,,,,,,,,,,,,,,,,,,,
392,,,190,410,,,,,,,,,,,,,,,,,,,,,,,,,,,,,,,,,,,,,,,,,,,,,,,,,,,,,,,,,,,,,,,,,,,,,,,,,,,,,,,801.9238,803.4179,805.6591,805.6591,0,0,0,0,0,0,0,0,0,0,0,0,1,1,1,1,0,0,0,0,,,,,,,,,,,,,,,,,,,,,,,,,,,,,,,,,,
393,,,190,772,,,,,,,,,,,,,,,,,,,,,,,,,,,,,,,,,,,,,,,,,,,,,,,,,,,,,,,,,,,,,,,,,,,,,,,,,,,,,,,801.9238,803.4179,805.6591,805.6591,0,0,0,0,0,0,0,0,0,0,0,0,1,1,1,1,0,0,0,0,,,,,,,,,,,,,,,,,,,,,,,,,,,,,,,,,,
394,,,191,133,,,,,,,,,,,,,,,,,,,,,,,,,,,,,,,,,,,,,,,,,,,,,,,,,,,,,,,,,,,,,,,,,,,,,,,,,,,,,,,801.9238,803.4179,805.6591,805.6591,0,0,0,0,0,0,0,0,0,0,0,0,1,1,1,1,0,0,0,0,,,,,,,,,,,,,,,,,,,,,,,,,,,,,,,,,,
395,,,191,513,,,,,,,,,,,,,,,,,,,,,,,,,,,,,,,,,,,,,,,,,,,,,,,,,,,,,,,,,,,,,,,,,,,,,,,,,,,,,,,801.9238,803.4179,805.6591,805.6591,0,0,0,0,0,0,0,0,0,0,0,1,1,1,1,1,0,0,0,0,,,,,,,,,,,,,,,,,,,,,,,,,,,,,,,,,,
396,,,191,891,,,,,,,,,,,,,,,,,,,,,,,,,,,,,,,,,,,,,,,,,,,,,,,,,,,,,,,,,,,,,,,,,,,,,,,,,,,,,,,801.9238,803.4179,805.6591,805.6591,0,0,0,0,0,0,0,0,0,0,0,1,1,1,1,1,0,0,0,0,,,,,,,,,,,,,,,,,,,,,,,,,,,,,,,,,,
397,,,192,260,,,,,,,,,,,,,,,,,,,,,,,,,,,,,,,,,,,,,,,,,,,,,,,,,,,,,,,,,,,,,,,,,,,,,,,,,,,,,,,801.9238,803.4179,805.6591,805.6591,0,0,0,0,0,0,0,0,0,0,0,1,1,1,1,1,0,0,0,0,,,,,,,,,,,,,,,,,,,,,,,,,,,,,,,,,,
398,,,192,607,,,,,,,,,,,,,,,,,,,,,,,,,,,,,,,,,,,,,,,,,,,,,,,,,,,,,,,,,,,,,,,,,,,,,,,,,,,,,,,801.9238,803.4179,805.6591,805.6591,0,0,0,0,0,0,0,0,0,0,0,0,1,1,1,1,0,0,0,0,,,,,,,,,,,,,,,,,,,,,,,,,,,,,,,,,,
399,,,192,968,,,,,,,,,,,,,,,,,,,,,,,,,,,,,,,,,,,,,,,,,,,,,,,,,,,,,,,,,,,,,,,,,,,,,,,,,,,,,,,801.9238,803.4179,805.6591,805.6591,0,0,0,0,0,0,0,0,0,0,0,0,1,1,1,1,0,0,0,0,,,,,,,,,,,,,,,,,,,,,,,,,,,,,,,,,,
400,,,195,430,,,,,,,,,,,,,,,,,,,,,,,,,,,,,,,,,,,,,,,,,,,,,,,,,,,,,,,,,,,,,,,,,,,,,,,,,,,,,,,801.9238,803.4179,805.6591,805.6591,0,0,0,0,0,0,0,0,0,0,0,0,1,1,1,1,0,0,0,0,,,,,,,,,,,,,,,,,,,,,,,,,,,,,,,,,,
401,,,195,888,,,,,,,,,,,,,,,,,,,,,,,,,,,,,,,,,,,,,,,,,,,,,,,,,,,,,,,,,,,,,,,,,,,,,,,,,,,,,,,801.9238,803.4179,805.6591,805.6591,0,0,0,0,0,0,0,0,0,0,0,1,1,1,1,1,0,0,0,0,,,,,,,,,,,,,,,,,,,,,,,,,,,,,,,,,,
402,,,196,275,,,,,,,,,,,,,,,,,,,,,,,,,,,,,,,,,,,,,,,,,,,,,,,,,,,,,,,,,,,,,,,,,,,,,,,,,,,,,,,801.9238,803.4179,805.6591,805.6591,0,0,0,0,0,0,0,0,0,0,0,1,1,1,1,1,0,0,0,0,,,,,,,,,,,,,,,,,,,,,,,,,,,,,,,,,,
403,,,196,663,,,,,,,,,,,,,,,,,,,,,,,,,,,,,,,,,,,,,,,,,,,,,,,,,,,,,,,,,,,,,,,,,,,,,,,,,,,,,,,801.9238,803.4179,805.6591,805.6591,0,0,0,0,0,0,0,0,0,0,0,1,1,1,1,1,0,0,0,0,,,,,,,,,,,,,,,,,,,,,,,,,,,,,,,,,,
404,,,197,078,,,,,,,,,,,,,,,,,,,,,,,,,,,,,,,,,,,,,,,,,,,,,,,,,,,,,,,,,,,,,,,,,,,,,,,,,,,,,,,801.9238,803.4179,805.6591,805.6591,0,0,0,0,0,0,0,0,0,0,0,1,1,1,1,1,0,0,0,0,,,,,,,,,,,,,,,,,,,,,,,,,,,,,,,,,,
405,,,197,431,,,,,,,,,,,,,,,,,,,,,,,,,,,,,,,,,,,,,,,,,,,,,,,,,,,,,,,,,,,,,,,,,,,,,,,,,,,,,,,801.9238,803.4179,805.6591,805.6591,0,0,0,0,0,0,0,0,0,0,0,1,1,1,1,1,0,0,0,0,,,,,,,,,,,,,,,,,,,,,,,,,,,,,,,,,,
406,,,197,784,,,,,,,,,,,,,,,,,,,,,,,,,,,,,,,,,,,,,,,,,,,,,,,,,,,,,,,,,,,,,,,,,,,,,,,,,,,,,,,801.9238,803.4179,805.6591,805.6591,0,0,0,0,0,0,0,0,0,0,0,0,1,1,1,1,0,0,0,0,,,,,,,,,,,,,,,,,,,,,,,,,,,,,,,,,,
407,,,198,167,,,,,,,,,,,,,,,,,,,,,,,,,,,,,,,,,,,,,,,,,,,,,,,,,,,,,,,,,,,,,,,,,,,,,,,,,,,,,,,801.9238,803.4179,805.6591,805.6591,0,0,0,0,0,0,0,0,0,0,0,0,1,1,1,1,0,0,0,0,,,,,,,,,,,,,,,,,,,,,,,,,,,,,,,,,,
408,,,198,565,,,,,,,,,,,,,,,,,,,,,,,,,,,,,,,,,,,,,,,,,,,,,,,,,,,,,,,,,,,,,,,,,,,,,,,,,,,,,,,801.9238,803.4179,805.6591,805.6591,0,0,0,0,0,0,0,0,0,0,0,0,1,1,1,1,0,0,0,0,,,,,,,,,,,,,,,,,,,,,,,,,,,,,,,,,,
409,,,198,935,,,,,,,,,,,,,,,,,,,,,,,,,,,,,,,,,,,,,,,,,,,,,,,,,,,,,,,,,,,,,,,,,,,,,,,,,,,,,,,801.9238,803.4179,805.6591,805.6591,0,0,0,0,0,0,0,0,0,0,0,0,1,1,1,1,0,0,0,0,,,,,,,,,,,,,,,,,,,,,,,,,,,,,,,,,,
410,,,199,308,,,,,,,,,,,,,,,,,,,,,,,,,,,,,,,,,,,,,,,,,,,,,,,,,,,,,,,,,,,,,,,,,,,,,,,,,,,,,,,801.9238,803.4179,805.6591,805.6591,0,0,0,0,0,0,0,0,0,0,0,0,1,1,1,1,0,0,0,0,,,,,,,,,,,,,,,,,,,,,,,,,,,,,,,,,,
411,,,199,668,,,,,,,,,,,,,,,,,,,,,,,,,,,,,,,,,,,,,,,,,,,,,,,,,,,,,,,,,,,,,,,,,,,,,,,,,,,,,,,801.9238,803.4179,805.6591,805.6591,0,0,0,0,0,0,0,0,0,0,0,0,1,1,1,1,0,0,0,0,,,,,,,,,,,,,,,,,,,,,,,,,,,,,,,,,,
412,,,200,037,,,,,,,,,,,,,,,,,,,,,,,,,,,,,,,,,,,,,,,,,,,,,,,,,,,,,,,,,,,,,,,,,,,,,,,,,,,,,,,801.9238,803.4179,805.6591,805.6591,0,0,0,0,0,0,0,0,0,0,0,0,1,1,1,1,0,0,0,0,,,,,,,,,,,,,,,,,,,,,,,,,,,,,,,,,,
413,,,200,413,,,,,,,,,,,,,,,,,,,,,,,,,,,,,,,,,,,,,,,,,,,,,,,,,,,,,,,,,,,,,,,,,,,,,,,,,,,,,,,801.9238,803.4179,805.6591,805.6591,0,0,0,0,0,0,0,0,0,0,0,0,1,1,1,1,0,0,0,0,,,,,,,,,,,,,,,,,,,,,,,,,,,,,,,,,,
414,,,200,809,,,,,,,,,,,,,,,,,,,,,,,,,,,,,,,,,,,,,,,,,,,,,,,,,,,,,,,,,,,,,,,,,,,,,,,,,,,,,,,801.9238,803.4179,805.6591,805.6591,0,0,0,0,0,0,0,0,0,0,0,0,1,1,1,1,0,0,0,0,,,,,,,,,,,,,,,,,,,,,,,,,,,,,,,,,,
415,,,201,183,,,,,,,,,,,,,,,,,,,,,,,,,,,,,,,,,,,,,,,,,,,,,,,,,,,,,,,,,,,,,,,,,,,,,,,,,,,,,,,801.9238,803.4179,805.6591,805.6591,0,0,0,0,0,0,0,0,0,0,0,1,1,1,1,1,0,0,0,0,,,,,,,,,,,,,,,,,,,,,,,,,,,,,,,,,,
416,,,201,555,,,,,,,,,,,,,,,,,,,,,,,,,,,,,,,,,,,,,,,,,,,,,,,,,,,,,,,,,,,,,,,,,,,,,,,,,,,,,,,801.9238,803.4179,805.6591,805.6591,0,0,0,0,0,0,0,0,0,0,0,1,1,1,1,1,0,0,0,0,,,,,,,,,,,,,,,,,,,,,,,,,,,,,,,,,,
417,,,201,922,,,,,,,,,,,,,,,,,,,,,,,,,,,,,,,,,,,,,,,,,,,,,,,,,,,,,,,,,,,,,,,,,,,,,,,,,,,,,,,801.9238,803.4179,805.6591,805.6591,0,0,0,0,0,0,0,0,0,0,0,1,1,1,1,1,0,0,0,0,,,,,,,,,,,,,,,,,,,,,,,,,,,,,,,,,,
418,,,202,280,,,,,,,,,,,,,,,,,,,,,,,,,,,,,,,,,,,,,,,,,,,,,,,,,,,,,,,,,,,,,,,,,,,,,,,,,,,,,,,801.9238,803.4179,805.6591,805.6591,0,0,0,0,0,0,0,0,0,0,0,1,1,1,1,1,0,0,0,0,,,,,,,,,,,,,,,,,,,,,,,,,,,,,,,,,,
419,,,202,646,,,,,,,,,,,,,,,,,,,,,,,,,,,,,,,,,,,,,,,,,,,,,,,,,,,,,,,,,,,,,,,,,,,,,,,,,,,,,,,801.9238,803.4179,805.6591,805.6591,0,0,0,0,0,0,0,0,0,0,0,1,1,1,1,1,0,0,0,0,,,,,,,,,,,,,,,,,,,,,,,,,,,,,,,,,,
420,,,203,005,,,,,,,,,,,,,,,,,,,,,,,,,,,,,,,,,,,,,,,,,,,,,,,,,,,,,,,,,,,,,,,,,,,,,,,,,,,,,,,801.9238,803.4179,805.6591,805.6591,0,0,0,0,0,0,0,0,0,0,0,1,1,1,1,1,0,0,0,0,,,,,,,,,,,,,,,,,,,,,,,,,,,,,,,,,,
421,,,203,370,,,,,,,,,,,,,,,,,,,,,,,,,,,,,,,,,,,,,,,,,,,,,,,,,,,,,,,,,,,,,,,,,,,,,,,,,,,,,,,801.9238,803.4179,805.6591,805.6591,0,0,0,0,0,0,0,0,0,0,0,1,1,1,1,1,0,0,0,0,,,,,,,,,,,,,,,,,,,,,,,,,,,,,,,,,,
422,,,203,724,,,,,,,,,,,,,,,,,,,,,,,,,,,,,,,,,,,,,,,,,,,,,,,,,,,,,,,,,,,,,,,,,,,,,,,,,,,,,,,801.9238,803.4179,805.6591,805.6591,0,0,0,0,0,0,0,0,0,0,0,1,1,1,1,1,0,0,0,0,,,,,,,,,,,,,,,,,,,,,,,,,,,,,,,,,,
423,,,204,092,,,,,,,,,,,,,,,,,,,,,,,,,,,,,,,,,,,,,,,,,,,,,,,,,,,,,,,,,,,,,,,,,,,,,,,,,,,,,,,801.9238,803.4179,805.6591,805.6591,0,0,0,0,0,0,0,0,0,0,0,1,1,1,1,1,0,0,0,0,,,,,,,,,,,,,,,,,,,,,,,,,,,,,,,,,,
424,,,204,454,,,,,,,,,,,,,,,,,,,,,,,,,,,,,,,,,,,,,,,,,,,,,,,,,,,,,,,,,,,,,,,,,,,,,,,,,,,,,,,801.9238,803.4179,805.6591,805.6591,0,0,0,0,0,0,0,0,0,0,0,1,1,1,1,1,0,0,0,0,,,,,,,,,,,,,,,,,,,,,,,,,,,,,,,,,,
425,,,204,822,,,,,,,,,,,,,,,,,,,,,,,,,,,,,,,,,,,,,,,,,,,,,,,,,,,,,,,,,,,,,,,,,,,,,,,,,,,,,,,801.9238,803.4179,805.6591,805.6591,0,0,0,0,0,0,0,0,0,0,0,1,1,1,1,1,0,0,0,0,,,,,,,,,,,,,,,,,,,,,,,,,,,,,,,,,,
426,,,205,180,,,,,,,,,,,,,,,,,,,,,,,,,,,,,,,,,,,,,,,,,,,,,,,,,,,,,,,,,,,,,,,,,,,,,,,,,,,,,,,801.9238,803.4179,805.6591,805.6591,0,0,0,0,0,0,0,0,0,0,0,0,1,1,1,1,0,0,0,0,,,,,,,,,,,,,,,,,,,,,,,,,,,,,,,,,,
427,,,205,545,,,,,,,,,,,,,,,,,,,,,,,,,,,,,,,,,,,,,,,,,,,,,,,,,,,,,,,,,,,,,,,,,,,,,,,,,,,,,,,801.9238,803.4179,805.6591,805.6591,0,0,0,0,0,0,0,0,0,0,0,0,1,1,1,1,0,0,0,0,,,,,,,,,,,,,,,,,,,,,,,,,,,,,,,,,,
428,,,207,914,,,,,,,,,,,,,,,,,,,,,,,,,,,,,,,,,,,,,,,,,,,,,,,,,,,,,,,,,,,,,,,,,,,,,,,,,,,,,,,801.9238,803.4179,805.6591,805.6591,0,0,0,0,0,0,0,0,0,0,0,0,1,1,1,1,0,0,0,0,,,,,,,,,,,,,,,,,,,,,,,,,,,,,,,,,,
429,,,208,292,,,,,,,,,,,,,,,,,,,,,,,,,,,,,,,,,,,,,,,,,,,,,,,,,,,,,,,,,,,,,,,,,,,,,,,,,,,,,,,801.9238,803.4179,805.6591,805.6591,0,0,0,0,0,0,0,0,0,0,0,0,1,1,1,1,0,0,0,0,,,,,,,,,,,,,,,,,,,,,,,,,,,,,,,,,,
430,,,208,655,,,,,,,,,,,,,,,,,,,,,,,,,,,,,,,,,,,,,,,,,,,,,,,,,,,,,,,,,,,,,,,,,,,,,,,,,,,,,,,801.9238,803.4179,805.6591,805.6591,0,0,0,0,0,0,0,0,0,0,0,1,1,1,1,1,0,0,0,0,,,,,,,,,,,,,,,,,,,,,,,,,,,,,,,,,,
431,,,209,020,,,,,,,,,,,,,,,,,,,,,,,,,,,,,,,,,,,,,,,,,,,,,,,,,,,,,,,,,,,,,,,,,,,,,,,,,,,,,,,801.9238,803.4179,805.6591,805.6591,0,0,0,0,0,0,0,0,0,0,0,1,1,1,1,1,0,0,0,0,,,,,,,,,,,,,,,,,,,,,,,,,,,,,,,,,,
432,,,209,381,,,,,,,,,,,,,,,,,,,,,,,,,,,,,,,,,,,,,,,,,,,,,,,,,,,,,,,,,,,,,,,,,,,,,,,,,,,,,,,801.9238,803.4179,805.6591,805.6591,0,0,0,0,0,0,0,0,0,0,0,1,1,1,1,1,0,0,0,0,,,,,,,,,,,,,,,,,,,,,,,,,,,,,,,,,,
433,,,209,746,,,,,,,,,,,,,,,,,,,,,,,,,,,,,,,,,,,,,,,,,,,,,,,,,,,,,,,,,,,,,,,,,,,,,,,,,,,,,,,801.9238,803.4179,805.6591,805.6591,0,0,0,0,0,0,0,0,0,0,0,1,1,1,1,1,0,0,0,0,,,,,,,,,,,,,,,,,,,,,,,,,,,,,,,,,,
434,,,210,109,,,,,,,,,,,,,,,,,,,,,,,,,,,,,,,,,,,,,,,,,,,,,,,,,,,,,,,,,,,,,,,,,,,,,,,,,,,,,,,801.9238,803.4179,805.6591,805.6591,0,0,0,0,0,0,0,0,0,0,0,1,1,1,1,1,0,0,0,0,,,,,,,,,,,,,,,,,,,,,,,,,,,,,,,,,,
435,,,210,492,,,,,,,,,,,,,,,,,,,,,,,,,,,,,,,,,,,,,,,,,,,,,,,,,,,,,,,,,,,,,,,,,,,,,,,,,,,,,,,801.9238,803.4179,805.6591,805.6591,0,0,0,0,0,0,0,0,0,0,0,1,1,1,1,1,0,0,0,0,,,,,,,,,,,,,,,,,,,,,,,,,,,,,,,,,,
436,,,210,856,,,,,,,,,,,,,,,,,,,,,,,,,,,,,,,,,,,,,,,,,,,,,,,,,,,,,,,,,,,,,,,,,,,,,,,,,,,,,,,801.9238,803.4179,805.6591,805.6591,0,0,0,0,0,0,0,0,0,0,0,0,1,1,1,1,0,0,0,0,,,,,,,,,,,,,,,,,,,,,,,,,,,,,,,,,,
437,,,211,215,,,,,,,,,,,,,,,,,,,,,,,,,,,,,,,,,,,,,,,,,,,,,,,,,,,,,,,,,,,,,,,,,,,,,,,,,,,,,,,801.9238,803.4179,805.6591,805.6591,0,0,0,0,0,0,0,0,0,0,0,0,1,1,1,1,0,0,0,0,,,,,,,,,,,,,,,,,,,,,,,,,,,,,,,,,,
438,,,211,581,,,,,,,,,,,,,,,,,,,,,,,,,,,,,,,,,,,,,,,,,,,,,,,,,,,,,,,,,,,,,,,,,,,,,,,,,,,,,,,801.9238,803.4179,805.6591,805.6591,0,0,0,0,0,0,0,0,0,0,0,0,1,1,1,1,0,0,0,0,,,,,,,,,,,,,,,,,,,,,,,,,,,,,,,,,,
439,,,211,942,,,,,,,,,,,,,,,,,,,,,,,,,,,,,,,,,,,,,,,,,,,,,,,,,,,,,,,,,,,,,,,,,,,,,,,,,,,,,,,801.9238,803.4179,805.6591,805.6591,0,0,0,0,0,0,0,0,0,0,0,0,1,1,1,1,0,0,0,0,,,,,,,,,,,,,,,,,,,,,,,,,,,,,,,,,,
440,,,212,306,,,,,,,,,,,,,,,,,,,,,,,,,,,,,,,,,,,,,,,,,,,,,,,,,,,,,,,,,,,,,,,,,,,,,,,,,,,,,,,801.9238,803.4179,805.6591,805.6591,0,0,0,0,0,0,0,0,0,0,0,0,1,1,1,1,0,0,0,0,,,,,,,,,,,,,,,,,,,,,,,,,,,,,,,,,,
441,,,212,678,,,,,,,,,,,,,,,,,,,,,,,,,,,,,,,,,,,,,,,,,,,,,,,,,,,,,,,,,,,,,,,,,,,,,,,,,,,,,,,801.9238,803.4179,805.6591,805.6591,0,0,0,0,0,0,0,0,0,0,0,0,1,1,1,1,0,0,0,0,,,,,,,,,,,,,,,,,,,,,,,,,,,,,,,,,,
442,,,213,052,,,,,,,,,,,,,,,,,,,,,,,,,,,,,,,,,,,,,,,,,,,,,,,,,,,,,,,,,,,,,,,,,,,,,,,,,,,,,,,801.9238,803.4179,805.6591,805.6591,0,0,0,0,0,0,0,0,0,0,0,1,1,1,1,1,0,0,0,0,,,,,,,,,,,,,,,,,,,,,,,,,,,,,,,,,,
443,,,213,411,,,,,,,,,,,,,,,,,,,,,,,,,,,,,,,,,,,,,,,,,,,,,,,,,,,,,,,,,,,,,,,,,,,,,,,,,,,,,,,801.9238,803.4179,805.6591,805.6591,0,0,0,0,0,0,0,0,0,0,0,1,1,1,1,1,0,0,0,0,,,,,,,,,,,,,,,,,,,,,,,,,,,,,,,,,,
444,,,213,786,,,,,,,,,,,,,,,,,,,,,,,,,,,,,,,,,,,,,,,,,,,,,,,,,,,,,,,,,,,,,,,,,,,,,,,,,,,,,,,801.9238,803.4179,805.6591,805.6591,0,0,0,0,0,0,0,0,0,0,0,1,1,1,1,1,0,0,0,0,,,,,,,,,,,,,,,,,,,,,,,,,,,,,,,,,,
445,,,214,147,,,,,,,,,,,,,,,,,,,,,,,,,,,,,,,,,,,,,,,,,,,,,,,,,,,,,,,,,,,,,,,,,,,,,,,,,,,,,,,801.9238,803.4179,805.6591,805.6591,0,0,0,0,0,0,0,0,0,0,0,1,1,1,1,1,0,0,0,0,,,,,,,,,,,,,,,,,,,,,,,,,,,,,,,,,,
446,,,214,518,,,,,,,,,,,,,,,,,,,,,,,,,,,,,,,,,,,,,,,,,,,,,,,,,,,,,,,,,,,,,,,,,,,,,,,,,,,,,,,801.9238,803.4179,805.6591,805.6591,0,0,0,0,0,0,0,0,0,0,0,1,1,1,1,1,0,0,0,0,,,,,,,,,,,,,,,,,,,,,,,,,,,,,,,,,,
447,,,214,891,,,,,,,,,,,,,,,,,,,,,,,,,,,,,,,,,,,,,,,,,,,,,,,,,,,,,,,,,,,,,,,,,,,,,,,,,,,,,,,801.9238,803.4179,805.6591,805.6591,0,0,0,0,0,0,0,0,0,0,0,1,1,1,1,1,0,0,0,0,,,,,,,,,,,,,,,,,,,,,,,,,,,,,,,,,,
448,,,215,257,,,,,,,,,,,,,,,,,,,,,,,,,,,,,,,,,,,,,,,,,,,,,,,,,,,,,,,,,,,,,,,,,,,,,,,,,,,,,,,801.9238,803.4179,805.6591,805.6591,0,0,0,0,0,0,0,0,0,0,0,1,1,1,1,1,0,0,0,0,,,,,,,,,,,,,,,,,,,,,,,,,,,,,,,,,,
449,,,215,627,,,,,,,,,,,,,,,,,,,,,,,,,,,,,,,,,,,,,,,,,,,,,,,,,,,,,,,,,,,,,,,,,,,,,,,,,,,,,,,801.9238,803.4179,805.6591,805.6591,0,0,0,0,0,0,0,0,0,0,0,1,1,1,1,1,0,0,0,0,,,,,,,,,,,,,,,,,,,,,,,,,,,,,,,,,,
450,,,215,998,,,,,,,,,,,,,,,,,,,,,,,,,,,,,,,,,,,,,,,,,,,,,,,,,,,,,,,,,,,,,,,,,,,,,,,,,,,,,,,801.9238,803.4179,805.6591,805.6591,0,0,0,0,0,0,0,0,0,0,0,1,1,1,1,1,0,0,0,0,,,,,,,,,,,,,,,,,,,,,,,,,,,,,,,,,,
451,,,216,362,,,,,,,,,,,,,,,,,,,,,,,,,,,,,,,,,,,,,,,,,,,,,,,,,,,,,,,,,,,,,,,,,,,,,,,,,,,,,,,801.9238,803.4179,805.6591,805.6591,0,0,0,0,0,0,0,0,0,0,0,0,1,1,1,1,0,0,0,0,,,,,,,,,,,,,,,,,,,,,,,,,,,,,,,,,,
452,,,216,723,,,,,,,,,,,,,,,,,,,,,,,,,,,,,,,,,,,,,,,,,,,,,,,,,,,,,,,,,,,,,,,,,,,,,,,,,,,,,,,801.9238,803.4179,805.6591,805.6591,0,0,0,0,0,0,0,0,0,0,0,0,1,1,1,1,0,0,0,0,,,,,,,,,,,,,,,,,,,,,,,,,,,,,,,,,,
453,,,217,103,,,,,,,,,,,,,,,,,,,,,,,,,,,,,,,,,,,,,,,,,,,,,,,,,,,,,,,,,,,,,,,,,,,,,,,,,,,,,,,801.9238,803.4179,805.6591,805.6591,0,0,0,0,0,0,0,0,0,0,0,0,1,1,1,1,0,0,0,0,,,,,,,,,,,,,,,,,,,,,,,,,,,,,,,,,,
454,,,217,468,,,,,,,,,,,,,,,,,,,,,,,,,,,,,,,,,,,,,,,,,,,,,,,,,,,,,,,,,,,,,,,,,,,,,,,,,,,,,,,801.9238,803.4179,805.6591,805.6591,0,0,0,0,0,0,0,0,0,0,0,0,1,1,1,1,0,0,0,0,,,,,,,,,,,,,,,,,,,,,,,,,,,,,,,,,,
455,,,217,827,,,,,,,,,,,,,,,,,,,,,,,,,,,,,,,,,,,,,,,,,,,,,,,,,,,,,,,,,,,,,,,,,,,,,,,,,,,,,,,801.9238,803.4179,-2.8125,8.4373,0,0,0,0,0,1,0,0,0,0,0,0,0,0,0,0,0,0,0,0,,,,,,,,,,,,,,,,,,,,,,,,,,,,,,,,,,
456,,,218,189,,,,,,,,,,,,,,,,,,,,,,,,,,,,,,,,,,,,,,,,,,,,,,,,,,,,,,,,,,,,,,,,,,,,,,,,,,,,,,,801.9238,803.4179,805.6591,805.6591,0,0,0,0,0,1,0,0,0,0,0,0,0,0,0,0,0,0,0,0,,,,,,,,,,,,,,,,,,,,,,,,,,,,,,,,,,
457,,,218,545,,,,,,,,,,,,,,,,,,,,,,,,,,,,,,,,,,,,,,,,,,,,,,,,,,,,,,,,,,,,,,,,,,,,,,,,,,,,,,,801.9238,803.4179,805.6591,805.6591,0,0,0,0,0,0,0,0,0,0,0,0,1,1,1,1,0,0,0,0,,,,,,,,,,,,,,,,,,,,,,,,,,,,,,,,,,
458,,,218,914,,,,,,,,,,,,,,,,,,,,,,,,,,,,,,,,,,,,,,,,,,,,,,,,,,,,,,,,,,,,,,,,,,,,,,,,,,,,,,,801.9238,803.4179,805.6591,805.6591,0,0,0,0,0,0,0,0,0,0,0,0,1,1,1,1,0,0,0,0,,,,,,,,,,,,,,,,,,,,,,,,,,,,,,,,,,
459,,,219,281,,,,,,,,,,,,,,,,,,,,,,,,,,,,,,,,,,,,,,,,,,,,,,,,,,,,,,,,,,,,,,,,,,,,,,,,,,,,,,,801.9238,803.4179,805.6591,805.6591,0,0,0,0,0,0,0,0,0,0,0,1,1,1,1,1,0,0,0,0,,,,,,,,,,,,,,,,,,,,,,,,,,,,,,,,,,
460,,,219,646,,,,,,,,,,,,,,,,,,,,,,,,,,,,,,,,,,,,,,,,,,,,,,,,,,,,,,,,,,,,,,,,,,,,,,,,,,,,,,,801.9238,803.4179,805.6591,805.6591,0,0,0,0,0,0,0,0,0,0,0,1,1,1,1,1,0,0,0,0,,,,,,,,,,,,,,,,,,,,,,,,,,,,,,,,,,
461,,,220,011,,,,,,,,,,,,,,,,,,,,,,,,,,,,,,,,,,,,,,,,,,,,,,,,,,,,,,,,,,,,,,,,,,,,,,,,,,,,,,,801.9238,803.4179,805.6591,805.6591,0,0,0,0,0,0,0,0,0,0,0,1,1,1,1,1,0,0,0,0,,,,,,,,,,,,,,,,,,,,,,,,,,,,,,,,,,
462,,,220,394,,,,,,,,,,,,,,,,,,,,,,,,,,,,,,,,,,,,,,,,,,,,,,,,,,,,,,,,,,,,,,,,,,,,,,,,,,,,,,,801.9238,803.4179,805.6591,805.6591,0,0,0,0,0,0,0,0,0,0,0,1,1,1,1,1,0,0,0,0,,,,,,,,,,,,,,,,,,,,,,,,,,,,,,,,,,
463,,,220,763,,,,,,,,,,,,,,,,,,,,,,,,,,,,,,,,,,,,,,,,,,,,,,,,,,,,,,,,,,,,,,,,,,,,,,,,,,,,,,,801.9238,803.4179,805.6591,805.6591,0,0,0,0,0,0,0,0,0,0,0,1,1,1,1,1,0,0,0,0,,,,,,,,,,,,,,,,,,,,,,,,,,,,,,,,,,
464,,,221,124,,,,,,,,,,,,,,,,,,,,,,,,,,,,,,,,,,,,,,,,,,,,,,,,,,,,,,,,,,,,,,,,,,,,,,,,,,,,,,,801.9238,803.4179,805.6591,805.6591,0,0,0,0,0,0,0,0,0,0,0,1,1,1,1,1,0,0,0,0,,,,,,,,,,,,,,,,,,,,,,,,,,,,,,,,,,
465,,,221,504,,,,,,,,,,,,,,,,,,,,,,,,,,,,,,,,,,,,,,,,,,,,,,,,,,,,,,,,,,,,,,,,,,,,,,,,,,,,,,,801.9238,803.4179,805.6591,805.6591,0,0,0,0,0,0,0,0,0,0,0,1,1,1,1,1,0,0,0,0,,,,,,,,,,,,,,,,,,,,,,,,,,,,,,,,,,
466,,,221,874,,,,,,,,,,,,,,,,,,,,,,,,,,,,,,,,,,,,,,,,,,,,,,,,,,,,,,,,,,,,,,,,,,,,,,,,,,,,,,,801.9238,803.4179,805.6591,805.6591,0,0,0,0,0,0,0,0,0,0,0,1,1,1,1,1,0,0,0,0,,,,,,,,,,,,,,,,,,,,,,,,,,,,,,,,,,
467,,,222,250,,,,,,,,,,,,,,,,,,,,,,,,,,,,,,,,,,,,,,,,,,,,,,,,,,,,,,,,,,,,,,,,,,,,,,,,,,,,,,,801.9238,803.4179,805.6591,805.6591,0,0,0,0,0,0,0,0,0,0,0,0,1,1,1,1,0,0,0,0,,,,,,,,,,,,,,,,,,,,,,,,,,,,,,,,,,
468,,,222,623,,,,,,,,,,,,,,,,,,,,,,,,,,,,,,,,,,,,,,,,,,,,,,,,,,,,,,,,,,,,,,,,,,,,,,,,,,,,,,,801.9238,803.4179,805.6591,805.6591,0,0,0,0,0,1,0,0,0,0,0,0,0,0,0,0,0,0,0,0,,,,,,,,,,,,,,,,,,,,,,,,,,,,,,,,,,
469,,,222,981,,,,,,,,,,,,,,,,,,,,,,,,,,,,,,,,,,,,,,,,,,,,,,,,,,,,,,,,,,,,,,,,,,,,,,,,,,,,,,,0.3456,0.3456,-2.8125,8.4373,0,0,0,0,0,1,0,0,0,0,0,0,0,0,0,0,0,0,0,0,,,,,,,,,,,,,,,,,,,,,,,,,,,,,,,,,,
470,,,223,352,,,,,,,,,,,,,,,,,,,,,,,,,,,,,,,,,,,,,,,,,,,,,,,,,,,,,,,,,,,,,,,,,,,,,,,,,,,,,,,801.9238,803.4179,805.6591,805.6591,0,0,0,0,0,0,0,0,0,0,0,0,1,1,1,1,0,0,0,0,,,,,,,,,,,,,,,,,,,,,,,,,,,,,,,,,,
471,,,223,724,,,,,,,,,,,,,,,,,,,,,,,,,,,,,,,,,,,,,,,,,,,,,,,,,,,,,,,,,,,,,,,,,,,,,,,,,,,,,,,801.9238,803.4179,805.6591,805.6591,0,0,0,0,0,0,0,0,0,0,0,1,1,1,1,1,0,0,0,0,,,,,,,,,,,,,,,,,,,,,,,,,,,,,,,,,,
472,,,224,117,,,,,,,,,,,,,,,,,,,,,,,,,,,,,,,,,,,,,,,,,,,,,,,,,,,,,,,,,,,,,,,,,,,,,,,,,,,,,,,801.9238,803.4179,805.6591,805.6591,0,0,0,0,0,0,0,0,0,0,0,0,1,1,1,1,0,0,0,0,,,,,,,,,,,,,,,,,,,,,,,,,,,,,,,,,,
473,,,224,481,,,,,,,,,,,,,,,,,,,,,,,,,,,,,,,,,,,,,,,,,,,,,,,,,,,,,,,,,,,,,,,,,,,,,,,,,,,,,,,804.7083,0.3456,-2.8125,8.4373,0,0,0,0,0,1,0,0,0,0,0,0,0,0,0,0,0,0,0,0,,,,,,,,,,,,,,,,,,,,,,,,,,,,,,,,,,
474,,,224,834,,,,,,,,,,,,,,,,,,,,,,,,,,,,,,,,,,,,,,,,,,,,,,,,,,,,,,,,,,,,,,,,,,,,,,,,,,,,,,,801.9238,803.4179,805.6591,805.6591,0,0,0,0,0,0,0,0,0,0,0,0,1,1,1,1,0,0,0,0,,,,,,,,,,,,,,,,,,,,,,,,,,,,,,,,,,
475,,,225,206,,,,,,,,,,,,,,,,,,,,,,,,,,,,,,,,,,,,,,,,,,,,,,,,,,,,,,,,,,,,,,,,,,,,,,,,,,,,,,,801.9238,803.4179,805.6591,805.6591,0,0,0,0,0,0,0,0,0,0,0,0,1,1,1,1,0,0,0,0,,,,,,,,,,,,,,,,,,,,,,,,,,,,,,,,,,
476,,,225,573,,,,,,,,,,,,,,,,,,,,,,,,,,,,,,,,,,,,,,,,,,,,,,,,,,,,,,,,,,,,,,,,,,,,,,,,,,,,,,,801.9238,803.4179,805.6591,805.6591,0,0,0,0,0,0,0,0,0,0,0,0,1,1,1,1,0,0,0,0,,,,,,,,,,,,,,,,,,,,,,,,,,,,,,,,,,
477,,,225,941,,,,,,,,,,,,,,,,,,,,,,,,,,,,,,,,,,,,,,,,,,,,,,,,,,,,,,,,,,,,,,,,,,,,,,,,,,,,,,,801.9238,803.4179,805.6591,805.6591,0,0,0,0,0,0,0,0,0,0,0,0,1,1,1,1,0,0,0,0,,,,,,,,,,,,,,,,,,,,,,,,,,,,,,,,,,
478,,,226,310,,,,,,,,,,,,,,,,,,,,,,,,,,,,,,,,,,,,,,,,,,,,,,,,,,,,,,,,,,,,,,,,,,,,,,,,,,,,,,,801.9238,803.4179,805.6591,805.6591,0,0,0,0,0,0,0,0,0,0,0,0,1,1,1,1,0,0,0,0,,,,,,,,,,,,,,,,,,,,,,,,,,,,,,,,,,
479,,,226,689,,,,,,,,,,,,,,,,,,,,,,,,,,,,,,,,,,,,,,,,,,,,,,,,,,,,,,,,,,,,,,,,,,,,,,,,,,,,,,,801.9238,803.4179,805.6591,805.6591,0,0,0,0,0,0,0,0,0,0,0,0,1,1,1,1,0,0,0,0,,,,,,,,,,,,,,,,,,,,,,,,,,,,,,,,,,
480,,,227,053,,,,,,,,,,,,,,,,,,,,,,,,,,,,,,,,,,,,,,,,,,,,,,,,,,,,,,,,,,,,,,,,,,,,,,,,,,,,,,,801.9238,803.4179,805.6591,805.6591,0,0,0,0,0,0,0,0,0,0,0,1,1,1,1,1,0,0,0,0,,,,,,,,,,,,,,,,,,,,,,,,,,,,,,,,,,
481,,,227,414,,,,,,,,,,,,,,,,,,,,,,,,,,,,,,,,,,,,,,,,,,,,,,,,,,,,,,,,,,,,,,,,,,,,,,,,,,,,,,,801.9238,803.4179,805.6591,805.6591,0,0,0,0,0,0,0,0,0,0,0,1,1,1,1,1,0,0,0,0,,,,,,,,,,,,,,,,,,,,,,,,,,,,,,,,,,
482,,,227,782,,,,,,,,,,,,,,,,,,,,,,,,,,,,,,,,,,,,,,,,,,,,,,,,,,,,,,,,,,,,,,,,,,,,,,,,,,,,,,,801.9238,803.4179,805.6591,805.6591,0,0,0,0,0,0,0,0,0,0,0,1,1,1,1,1,0,0,0,0,,,,,,,,,,,,,,,,,,,,,,,,,,,,,,,,,,
483,,,228,158,,,,,,,,,,,,,,,,,,,,,,,,,,,,,,,,,,,,,,,,,,,,,,,,,,,,,,,,,,,,,,,,,,,,,,,,,,,,,,,801.9238,803.4179,805.6591,805.6591,0,0,0,0,0,0,0,0,0,0,0,0,1,1,1,1,0,0,0,0,,,,,,,,,,,,,,,,,,,,,,,,,,,,,,,,,,
484,,,228,517,,,,,,,,,,,,,,,,,,,,,,,,,,,,,,,,,,,,,,,,,,,,,,,,,,,,,,,,,,,,,,,,,,,,,,,,,,,,,,,801.9238,803.4179,805.6591,805.6591,0,0,0,0,0,0,0,0,0,0,0,0,1,1,1,1,0,0,0,0,,,,,,,,,,,,,,,,,,,,,,,,,,,,,,,,,,
485,,,228,890,,,,,,,,,,,,,,,,,,,,,,,,,,,,,,,,,,,,,,,,,,,,,,,,,,,,,,,,,,,,,,,,,,,,,,,,,,,,,,,801.9238,803.4179,805.6591,805.6591,0,0,0,0,0,0,0,0,0,0,0,1,1,1,1,1,0,0,0,0,,,,,,,,,,,,,,,,,,,,,,,,,,,,,,,,,,
486,,,229,258,,,,,,,,,,,,,,,,,,,,,,,,,,,,,,,,,,,,,,,,,,,,,,,,,,,,,,,,,,,,,,,,,,,,,,,,,,,,,,,801.9238,803.4179,805.6591,805.6591,0,0,0,0,0,0,0,0,0,0,0,1,1,1,1,1,0,0,0,0,,,,,,,,,,,,,,,,,,,,,,,,,,,,,,,,,,
487,,,229,622,,,,,,,,,,,,,,,,,,,,,,,,,,,,,,,,,,,,,,,,,,,,,,,,,,,,,,,,,,,,,,,,,,,,,,,,,,,,,,,801.9238,803.4179,805.6591,805.6591,0,0,0,0,0,0,0,0,0,0,0,1,1,1,1,1,0,0,0,0,,,,,,,,,,,,,,,,,,,,,,,,,,,,,,,,,,
488,,,229,980,,,,,,,,,,,,,,,,,,,,,,,,,,,,,,,,,,,,,,,,,,,,,,,,,,,,,,,,,,,,,,,,,,,,,,,,,,,,,,,801.9238,803.4179,805.6591,805.6591,0,0,0,0,0,0,0,0,0,0,0,1,1,1,1,1,0,0,0,0,,,,,,,,,,,,,,,,,,,,,,,,,,,,,,,,,,
489,,,230,341,,,,,,,,,,,,,,,,,,,,,,,,,,,,,,,,,,,,,,,,,,,,,,,,,,,,,,,,,,,,,,,,,,,,,,,,,,,,,,,801.9238,803.4179,805.6591,805.6591,0,0,0,0,0,0,0,0,0,0,0,1,1,1,1,1,0,0,0,0,,,,,,,,,,,,,,,,,,,,,,,,,,,,,,,,,,
490,,,230,693,,,,,,,,,,,,,,,,,,,,,,,,,,,,,,,,,,,,,,,,,,,,,,,,,,,,,,,,,,,,,,,,,,,,,,,,,,,,,,,801.9238,803.4179,805.6591,805.6591,0,0,0,0,0,0,0,0,0,0,0,1,1,1,1,1,0,0,0,0,,,,,,,,,,,,,,,,,,,,,,,,,,,,,,,,,,
491,,,231,051,,,,,,,,,,,,,,,,,,,,,,,,,,,,,,,,,,,,,,,,,,,,,,,,,,,,,,,,,,,,,,,,,,,,,,,,,,,,,,,801.9238,803.4179,805.6591,805.6591,0,0,0,0,0,0,0,0,0,0,0,1,1,1,1,1,0,0,0,0,,,,,,,,,,,,,,,,,,,,,,,,,,,,,,,,,,
492,,,231,415,,,,,,,,,,,,,,,,,,,,,,,,,,,,,,,,,,,,,,,,,,,,,,,,,,,,,,,,,,,,,,,,,,,,,,,,,,,,,,,801.9238,803.4179,805.6591,805.6591,0,0,0,0,0,0,0,0,0,0,0,1,1,1,1,1,0,0,0,0,,,,,,,,,,,,,,,,,,,,,,,,,,,,,,,,,,
493,,,231,794,,,,,,,,,,,,,,,,,,,,,,,,,,,,,,,,,,,,,,,,,,,,,,,,,,,,,,,,,,,,,,,,,,,,,,,,,,,,,,,801.9238,803.4179,805.6591,805.6591,0,0,0,0,0,0,0,0,0,0,0,1,1,1,1,1,0,0,0,0,,,,,,,,,,,,,,,,,,,,,,,,,,,,,,,,,,
494,,,232,154,,,,,,,,,,,,,,,,,,,,,,,,,,,,,,,,,,,,,,,,,,,,,,,,,,,,,,,,,,,,,,,,,,,,,,,,,,,,,,,801.9238,803.4179,805.6591,805.6591,0,0,0,0,0,0,0,0,0,0,0,1,1,1,1,1,0,0,0,0,,,,,,,,,,,,,,,,,,,,,,,,,,,,,,,,,,
495,,,232,511,,,,,,,,,,,,,,,,,,,,,,,,,,,,,,,,,,,,,,,,,,,,,,,,,,,,,,,,,,,,,,,,,,,,,,,,,,,,,,,801.9238,803.4179,805.6591,805.6591,0,0,0,0,0,0,0,0,0,0,0,1,1,1,1,1,0,0,0,0,,,,,,,,,,,,,,,,,,,,,,,,,,,,,,,,,,
496,,,232,894,,,,,,,,,,,,,,,,,,,,,,,,,,,,,,,,,,,,,,,,,,,,,,,,,,,,,,,,,,,,,,,,,,,,,,,,,,,,,,,801.9238,803.4179,805.6591,805.6591,0,0,0,0,0,0,0,0,0,0,0,1,1,1,1,1,0,0,0,0,,,,,,,,,,,,,,,,,,,,,,,,,,,,,,,,,,
497,,,233,262,,,,,,,,,,,,,,,,,,,,,,,,,,,,,,,,,,,,,,,,,,,,,,,,,,,,,,,,,,,,,,,,,,,,,,,,,,,,,,,801.9238,803.4179,805.6591,805.6591,0,0,0,0,0,0,0,0,0,0,0,1,1,1,1,1,0,0,0,0,,,,,,,,,,,,,,,,,,,,,,,,,,,,,,,,,,
498,,,233,628,,,,,,,,,,,,,,,,,,,,,,,,,,,,,,,,,,,,,,,,,,,,,,,,,,,,,,,,,,,,,,,,,,,,,,,,,,,,,,,801.9238,803.4179,805.6591,805.6591,0,0,0,0,0,0,0,0,0,0,0,1,1,1,1,1,0,0,0,0,,,,,,,,,,,,,,,,,,,,,,,,,,,,,,,,,,
499,,,233,984,,,,,,,,,,,,,,,,,,,,,,,,,,,,,,,,,,,,,,,,,,,,,,,,,,,,,,,,,,,,,,,,,,,,,,,,,,,,,,,801.9238,803.4179,805.6591,805.6591,0,0,0,0,0,0,0,0,0,0,0,0,1,1,1,1,0,0,0,0,,,,,,,,,,,,,,,,,,,,,,,,,,,,,,,,,,
500,,,234,347,,,,,,,,,,,,,,,,,,,,,,,,,,,,,,,,,,,,,,,,,,,,,,,,,,,,,,,,,,,,,,,,,,,,,,,,,,,,,,,801.9238,803.4179,805.6591,805.6591,0,0,0,0,0,0,0,0,0,0,0,0,1,1,1,1,0,0,0,0,,,,,,,,,,,,,,,,,,,,,,,,,,,,,,,,,,
501,,,234,720,,,,,,,,,,,,,,,,,,,,,,,,,,,,,,,,,,,,,,,,,,,,,,,,,,,,,,,,,,,,,,,,,,,,,,,,,,,,,,,801.9238,803.4179,805.6591,805.6591,0,0,0,0,0,0,0,0,0,0,0,0,1,1,1,1,0,0,0,0,,,,,,,,,,,,,,,,,,,,,,,,,,,,,,,,,,
502,,,235,085,,,,,,,,,,,,,,,,,,,,,,,,,,,,,,,,,,,,,,,,,,,,,,,,,,,,,,,,,,,,,,,,,,,,,,,,,,,,,,,801.9238,803.4179,805.6591,805.6591,0,0,0,0,0,0,0,0,0,0,0,0,1,1,1,1,0,0,0,0,,,,,,,,,,,,,,,,,,,,,,,,,,,,,,,,,,
503,,,235,453,,,,,,,,,,,,,,,,,,,,,,,,,,,,,,,,,,,,,,,,,,,,,,,,,,,,,,,,,,,,,,,,,,,,,,,,,,,,,,,801.9238,803.4179,805.6591,805.6591,0,0,0,0,0,0,0,0,0,0,0,0,1,1,1,1,0,0,0,0,,,,,,,,,,,,,,,,,,,,,,,,,,,,,,,,,,
504,,,235,814,,,,,,,,,,,,,,,,,,,,,,,,,,,,,,,,,,,,,,,,,,,,,,,,,,,,,,,,,,,,,,,,,,,,,,,,,,,,,,,801.9238,803.4179,805.6591,805.6591,0,0,0,0,0,0,0,0,0,0,0,1,1,1,1,1,0,0,0,0,,,,,,,,,,,,,,,,,,,,,,,,,,,,,,,,,,
505,,,236,172,,,,,,,,,,,,,,,,,,,,,,,,,,,,,,,,,,,,,,,,,,,,,,,,,,,,,,,,,,,,,,,,,,,,,,,,,,,,,,,801.9238,803.4179,805.6591,805.6591,0,0,0,0,0,0,0,0,0,0,0,1,1,1,1,1,0,0,0,0,,,,,,,,,,,,,,,,,,,,,,,,,,,,,,,,,,
506,,,236,540,,,,,,,,,,,,,,,,,,,,,,,,,,,,,,,,,,,,,,,,,,,,,,,,,,,,,,,,,,,,,,,,,,,,,,,,,,,,,,,801.9238,803.4179,805.6591,805.6591,0,0,0,0,0,0,0,0,0,0,0,1,1,1,1,1,0,0,0,0,,,,,,,,,,,,,,,,,,,,,,,,,,,,,,,,,,
507,,,236,918,,,,,,,,,,,,,,,,,,,,,,,,,,,,,,,,,,,,,,,,,,,,,,,,,,,,,,,,,,,,,,,,,,,,,,,,,,,,,,,801.9238,803.4179,805.6591,805.6591,0,0,0,0,0,0,0,0,0,0,0,1,1,1,1,1,0,0,0,0,,,,,,,,,,,,,,,,,,,,,,,,,,,,,,,,,,
508,,,237,284,,,,,,,,,,,,,,,,,,,,,,,,,,,,,,,,,,,,,,,,,,,,,,,,,,,,,,,,,,,,,,,,,,,,,,,,,,,,,,,801.9238,803.4179,805.6591,805.6591,0,0,0,0,0,0,0,0,0,0,0,1,1,1,1,1,0,0,0,0,,,,,,,,,,,,,,,,,,,,,,,,,,,,,,,,,,
509,,,237,654,,,,,,,,,,,,,,,,,,,,,,,,,,,,,,,,,,,,,,,,,,,,,,,,,,,,,,,,,,,,,,,,,,,,,,,,,,,,,,,0.3456,0.3456,-2.8124,8.4373,0,0,0,0,0,1,0,0,0,0,0,0,0,0,0,0,0,0,0,0,,,,,,,,,,,,,,,,,,,,,,,,,,,,,,,,,,
510,,,238,023,,,,,,,,,,,,,,,,,,,,,,,,,,,,,,,,,,,,,,,,,,,,,,,,,,,,,,,,,,,,,,,,,,,,,,,,,,,,,,,801.9238,803.4179,805.6591,805.6591,0,0,0,0,0,0,0,0,0,0,0,1,1,1,1,1,0,0,0,0,,,,,,,,,,,,,,,,,,,,,,,,,,,,,,,,,,
511,,,238,383,,,,,,,,,,,,,,,,,,,,,,,,,,,,,,,,,,,,,,,,,,,,,,,,,,,,,,,,,,,,,,,,,,,,,,,,,,,,,,,801.9238,803.4179,805.6591,805.6591,0,0,0,0,0,0,0,0,0,0,0,1,1,1,1,1,0,0,0,0,,,,,,,,,,,,,,,,,,,,,,,,,,,,,,,,,,
512,,,238,752,,,,,,,,,,,,,,,,,,,,,,,,,,,,,,,,,,,,,,,,,,,,,,,,,,,,,,,,,,,,,,,,,,,,,,,,,,,,,,,801.9238,803.4179,805.6591,805.6591,0,0,0,0,0,0,0,0,0,0,0,1,1,1,1,1,0,0,0,0,,,,,,,,,,,,,,,,,,,,,,,,,,,,,,,,,,
513,,,239,118,,,,,,,,,,,,,,,,,,,,,,,,,,,,,,,,,,,,,,,,,,,,,,,,,,,,,,,,,,,,,,,,,,,,,,,,,,,,,,,801.9238,803.4179,805.6591,805.6591,0,0,0,0,0,0,0,0,0,0,0,1,1,1,1,1,0,0,0,0,,,,,,,,,,,,,,,,,,,,,,,,,,,,,,,,,,
514,,,239,474,,,,,,,,,,,,,,,,,,,,,,,,,,,,,,,,,,,,,,,,,,,,,,,,,,,,,,,,,,,,,,,,,,,,,,,,,,,,,,,801.9238,803.4179,805.6591,805.6591,0,0,0,0,0,0,0,0,0,0,0,1,1,1,1,1,0,0,0,0,,,,,,,,,,,,,,,,,,,,,,,,,,,,,,,,,,
515,,,239,835,,,,,,,,,,,,,,,,,,,,,,,,,,,,,,,,,,,,,,,,,,,,,,,,,,,,,,,,,,,,,,,,,,,,,,,,,,,,,,,801.9238,803.4179,805.6591,805.6591,0,0,0,0,0,0,0,0,0,0,0,1,1,1,1,1,0,0,0,0,,,,,,,,,,,,,,,,,,,,,,,,,,,,,,,,,,
516,,,240,229,,,,,,,,,,,,,,,,,,,,,,,,,,,,,,,,,,,,,,,,,,,,,,,,,,,,,,,,,,,,,,,,,,,,,,,,,,,,,,,801.9238,803.4179,805.6591,805.6591,0,0,0,0,0,0,0,0,0,0,0,1,1,1,1,1,0,0,0,0,,,,,,,,,,,,,,,,,,,,,,,,,,,,,,,,,,
517,,,240,600,,,,,,,,,,,,,,,,,,,,,,,,,,,,,,,,,,,,,,,,,,,,,,,,,,,,,,,,,,,,,,,,,,,,,,,,,,,,,,,801.9238,803.4179,805.6591,805.6591,0,0,0,0,0,0,0,0,0,0,0,0,1,1,1,1,0,0,0,0,,,,,,,,,,,,,,,,,,,,,,,,,,,,,,,,,,
518,,,240,995,,,,,,,,,,,,,,,,,,,,,,,,,,,,,,,,,,,,,,,,,,,,,,,,,,,,,,,,,,,,,,,,,,,,,,,,,,,,,,,801.9238,803.4179,805.6591,805.6591,0,0,0,0,0,0,0,0,0,0,0,0,1,1,1,1,0,0,0,0,,,,,,,,,,,,,,,,,,,,,,,,,,,,,,,,,,
519,,,241,339,,,,,,,,,,,,,,,,,,,,,,,,,,,,,,,,,,,,,,,,,,,,,,,,,,,,,,,,,,,,,,,,,,,,,,,,,,,,,,,801.9238,803.4179,805.6591,805.6591,0,0,0,0,0,0,0,0,0,0,0,0,0,0,0,0,0,0,0,0,,,,,,,,,,,,,,,,,,,,,,,,,,,,,,,,,,
520,,,241,704,,,,,,,,,,,,,,,,,,,,,,,,,,,,,,,,,,,,,,,,,,,,,,,,,,,,,,,,,,,,,,,,,,,,,,,,,,,,,,,801.9238,803.4179,805.6591,805.6591,0,0,0,0,0,0,0,0,0,0,0,0,1,1,1,1,0,0,0,0,,,,,,,,,,,,,,,,,,,,,,,,,,,,,,,,,,
521,,,242,072,,,,,,,,,,,,,,,,,,,,,,,,,,,,,,,,,,,,,,,,,,,,,,,,,,,,,,,,,,,,,,,,,,,,,,,,,,,,,,,801.9238,803.4179,-2.8124,8.4373,0,0,0,0,0,1,0,0,0,0,0,0,0,0,0,0,0,0,0,0,,,,,,,,,,,,,,,,,,,,,,,,,,,,,,,,,,
522,,,242,447,,,,,,,,,,,,,,,,,,,,,,,,,,,,,,,,,,,,,,,,,,,,,,,,,,,,,,,,,,,,,,,,,,,,,,,,,,,,,,,801.9238,803.4179,805.6591,805.6591,0,0,0,0,0,0,0,0,0,0,0,1,1,1,1,1,0,0,0,0,,,,,,,,,,,,,,,,,,,,,,,,,,,,,,,,,,
523,,,242,807,,,,,,,,,,,,,,,,,,,,,,,,,,,,,,,,,,,,,,,,,,,,,,,,,,,,,,,,,,,,,,,,,,,,,,,,,,,,,,,801.9238,803.4179,805.6591,805.6591,0,0,0,0,0,0,0,0,0,0,0,1,1,1,1,1,0,0,0,0,,,,,,,,,,,,,,,,,,,,,,,,,,,,,,,,,,
524,,,243,173,,,,,,,,,,,,,,,,,,,,,,,,,,,,,,,,,,,,,,,,,,,,,,,,,,,,,,,,,,,,,,,,,,,,,,,,,,,,,,,801.9238,803.4179,805.6591,805.6591,0,0,0,0,0,0,0,1,0,0,0,0,1,1,1,1,0,0,0,0,,,,,,,,,,,,,,,,,,,,,,,,,,,,,,,,,,
525,,,243,538,,,,,,,,,,,,,,,,,,,,,,,,,,,,,,,,,,,,,,,,,,,,,,,,,,,,,,,,,,,,,,,,,,,,,,,,,,,,,,,801.9238,803.4179,805.6591,805.6591,0,0,0,0,0,0,0,0,0,0,0,1,1,1,1,1,0,0,0,0,,,,,,,,,,,,,,,,,,,,,,,,,,,,,,,,,,
526,,,243,894,,,,,,,,,,,,,,,,,,,,,,,,,,,,,,,,,,,,,,,,,,,,,,,,,,,,,,,,,,,,,,,,,,,,,,,,,,,,,,,801.9238,803.4179,805.6591,805.6591,0,0,0,0,0,0,0,0,0,0,0,0,1,1,1,1,0,0,0,0,,,,,,,,,,,,,,,,,,,,,,,,,,,,,,,,,,
527,,,244,253,,,,,,,,,,,,,,,,,,,,,,,,,,,,,,,,,,,,,,,,,,,,,,,,,,,,,,,,,,,,,,,,,,,,,,,,,,,,,,,801.9238,803.4179,805.6591,805.6591,0,0,0,0,0,0,0,0,0,0,0,0,1,1,1,1,0,0,0,0,,,,,,,,,,,,,,,,,,,,,,,,,,,,,,,,,,
528,,,244,619,,,,,,,,,,,,,,,,,,,,,,,,,,,,,,,,,,,,,,,,,,,,,,,,,,,,,,,,,,,,,,,,,,,,,,,,,,,,,,,801.9238,803.4179,805.6591,805.6591,0,0,0,0,0,0,0,0,0,0,0,0,1,1,1,1,0,0,0,0,,,,,,,,,,,,,,,,,,,,,,,,,,,,,,,,,,
529,,,244,984,,,,,,,,,,,,,,,,,,,,,,,,,,,,,,,,,,,,,,,,,,,,,,,,,,,,,,,,,,,,,,,,,,,,,,,,,,,,,,,801.9238,803.4179,805.6591,805.6591,0,0,0,0,0,0,0,0,0,0,0,0,1,1,1,1,0,0,0,0,,,,,,,,,,,,,,,,,,,,,,,,,,,,,,,,,,
530,,,245,353,,,,,,,,,,,,,,,,,,,,,,,,,,,,,,,,,,,,,,,,,,,,,,,,,,,,,,,,,,,,,,,,,,,,,,,,,,,,,,,801.9238,803.4179,805.6591,805.6591,0,0,0,0,0,0,0,0,0,0,0,0,1,1,1,1,0,0,0,0,,,,,,,,,,,,,,,,,,,,,,,,,,,,,,,,,,
531,,,245,729,,,,,,,,,,,,,,,,,,,,,,,,,,,,,,,,,,,,,,,,,,,,,,,,,,,,,,,,,,,,,,,,,,,,,,,,,,,,,,,801.9238,803.4179,805.6591,805.6591,0,0,0,0,0,0,0,0,0,0,0,0,1,1,1,1,0,0,0,0,,,,,,,,,,,,,,,,,,,,,,,,,,,,,,,,,,
532,,,246,087,,,,,,,,,,,,,,,,,,,,,,,,,,,,,,,,,,,,,,,,,,,,,,,,,,,,,,,,,,,,,,,,,,,,,,,,,,,,,,,801.9238,803.4179,805.6591,805.6591,0,0,0,0,0,0,0,0,0,0,0,1,1,1,1,1,0,0,0,0,,,,,,,,,,,,,,,,,,,,,,,,,,,,,,,,,,
533,,,246,451,,,,,,,,,,,,,,,,,,,,,,,,,,,,,,,,,,,,,,,,,,,,,,,,,,,,,,,,,,,,,,,,,,,,,,,,,,,,,,,801.9238,803.4179,805.6591,805.6591,0,0,0,0,0,0,0,0,0,0,0,1,1,1,1,1,0,0,0,0,,,,,,,,,,,,,,,,,,,,,,,,,,,,,,,,,,
534,,,246,821,,,,,,,,,,,,,,,,,,,,,,,,,,,,,,,,,,,,,,,,,,,,,,,,,,,,,,,,,,,,,,,,,,,,,,,,,,,,,,,801.9238,803.4179,805.6591,805.6591,0,0,0,0,0,0,0,0,0,0,0,1,1,1,1,1,0,0,0,0,,,,,,,,,,,,,,,,,,,,,,,,,,,,,,,,,,
535,,,247,190,,,,,,,,,,,,,,,,,,,,,,,,,,,,,,,,,,,,,,,,,,,,,,,,,,,,,,,,,,,,,,,,,,,,,,,,,,,,,,,0.3456,0.3456,-2.8124,8.4373,0,0,0,0,0,0,0,0,0,0,0,0,0,0,0,0,0,0,0,0,,,,,,,,,,,,,,,,,,,,,,,,,,,,,,,,,,
536,,,247,557,,,,,,,,,,,,,,,,,,,,,,,,,,,,,,,,,,,,,,,,,,,,,,,,,,,,,,,,,,,,,,,,,,,,,,,,,,,,,,,801.9238,803.4179,805.6591,805.6591,0,0,0,0,0,0,0,0,0,0,0,1,1,1,1,1,0,0,0,0,,,,,,,,,,,,,,,,,,,,,,,,,,,,,,,,,,
537,,,247,917,,,,,,,,,,,,,,,,,,,,,,,,,,,,,,,,,,,,,,,,,,,,,,,,,,,,,,,,,,,,,,,,,,,,,,,,,,,,,,,801.9238,803.4179,805.6591,805.6591,0,0,0,0,0,0,0,0,0,0,0,1,1,1,1,1,0,0,0,0,,,,,,,,,,,,,,,,,,,,,,,,,,,,,,,,,,
538,,,248,288,,,,,,,,,,,,,,,,,,,,,,,,,,,,,,,,,,,,,,,,,,,,,,,,,,,,,,,,,,,,,,,,,,,,,,,,,,,,,,,801.9238,803.4179,805.6591,805.6591,0,0,0,0,0,0,0,0,0,0,0,1,1,1,1,1,0,0,0,0,,,,,,,,,,,,,,,,,,,,,,,,,,,,,,,,,,
539,,,248,644,,,,,,,,,,,,,,,,,,,,,,,,,,,,,,,,,,,,,,,,,,,,,,,,,,,,,,,,,,,,,,,,,,,,,,,,,,,,,,,801.9238,803.4179,-2.8124,8.4373,0,0,0,0,0,1,0,0,0,0,0,0,0,0,0,0,0,0,0,0,,,,,,,,,,,,,,,,,,,,,,,,,,,,,,,,,,
540,,,249,003,,,,,,,,,,,,,,,,,,,,,,,,,,,,,,,,,,,,,,,,,,,,,,,,,,,,,,,,,,,,,,,,,,,,,,,,,,,,,,,801.9238,803.4179,805.6591,805.6591,0,0,0,0,0,0,0,0,0,0,0,1,1,1,1,1,0,0,0,0,,,,,,,,,,,,,,,,,,,,,,,,,,,,,,,,,,
541,,,249,373,,,,,,,,,,,,,,,,,,,,,,,,,,,,,,,,,,,,,,,,,,,,,,,,,,,,,,,,,,,,,,,,,,,,,,,,,,,,,,,801.9238,803.4179,805.6591,805.6591,0,0,0,0,0,0,0,0,0,0,0,1,1,1,1,1,0,0,0,0,,,,,,,,,,,,,,,,,,,,,,,,,,,,,,,,,,
542,,,249,728,,,,,,,,,,,,,,,,,,,,,,,,,,,,,,,,,,,,,,,,,,,,,,,,,,,,,,,,,,,,,,,,,,,,,,,,,,,,,,,0.3456,0.3456,-2.8125,-2.8125,0,0,0,0,0,1,0,0,0,0,0,0,0,0,0,0,0,0,0,0,,,,,,,,,,,,,,,,,,,,,,,,,,,,,,,,,,
543,,,250,087,,,,,,,,,,,,,,,,,,,,,,,,,,,,,,,,,,,,,,,,,,,,,,,,,,,,,,,,,,,,,,,,,,,,,,,,,,,,,,,801.9238,803.4179,805.6591,805.6591,0,0,0,0,0,0,0,0,0,0,0,1,1,1,1,1,0,0,0,0,,,,,,,,,,,,,,,,,,,,,,,,,,,,,,,,,,
544,,,250,459,,,,,,,,,,,,,,,,,,,,,,,,,,,,,,,,,,,,,,,,,,,,,,,,,,,,,,,,,,,,,,,,,,,,,,,,,,,,,,,801.9238,803.4179,805.6591,805.6591,0,0,0,0,0,1,0,0,0,0,0,0,0,0,0,0,0,0,0,0,,,,,,,,,,,,,,,,,,,,,,,,,,,,,,,,,,
545,,,250,815,,,,,,,,,,,,,,,,,,,,,,,,,,,,,,,,,,,,,,,,,,,,,,,,,,,,,,,,,,,,,,,,,,,,,,,,,,,,,,,801.9238,803.4179,805.6591,805.6591,0,0,0,0,0,0,0,0,0,0,0,1,1,1,1,1,0,0,0,0,,,,,,,,,,,,,,,,,,,,,,,,,,,,,,,,,,
546,,,251,178,,,,,,,,,,,,,,,,,,,,,,,,,,,,,,,,,,,,,,,,,,,,,,,,,,,,,,,,,,,,,,,,,,,,,,,,,,,,,,,801.9238,803.4179,805.6591,805.6591,0,0,0,0,0,0,0,0,0,0,0,1,1,1,1,1,0,0,0,0,,,,,,,,,,,,,,,,,,,,,,,,,,,,,,,,,,
547,,,251,542,,,,,,,,,,,,,,,,,,,,,,,,,,,,,,,,,,,,,,,,,,,,,,,,,,,,,,,,,,,,,,,,,,,,,,,,,,,,,,,801.9238,803.4179,805.6591,805.6591,0,0,0,0,0,0,0,0,0,0,0,1,1,1,1,1,0,0,0,0,,,,,,,,,,,,,,,,,,,,,,,,,,,,,,,,,,
548,,,251,914,,,,,,,,,,,,,,,,,,,,,,,,,,,,,,,,,,,,,,,,,,,,,,,,,,,,,,,,,,,,,,,,,,,,,,,,,,,,,,,801.9238,803.4179,805.6591,805.6591,0,0,0,0,0,0,0,0,0,0,0,1,1,1,1,1,0,0,0,0,,,,,,,,,,,,,,,,,,,,,,,,,,,,,,,,,,
549,,,252,275,,,,,,,,,,,,,,,,,,,,,,,,,,,,,,,,,,,,,,,,,,,,,,,,,,,,,,,,,,,,,,,,,,,,,,,,,,,,,,,801.9238,803.4179,805.6591,805.6591,0,0,0,0,0,0,0,0,0,0,0,1,1,1,1,1,0,0,0,0,,,,,,,,,,,,,,,,,,,,,,,,,,,,,,,,,,
550,,,252,637,,,,,,,,,,,,,,,,,,,,,,,,,,,,,,,,,,,,,,,,,,,,,,,,,,,,,,,,,,,,,,,,,,,,,,,,,,,,,,,801.9238,803.4179,805.6591,805.6591,0,0,0,0,0,0,0,0,0,0,0,1,1,1,1,1,0,0,0,0,,,,,,,,,,,,,,,,,,,,,,,,,,,,,,,,,,
551,,,253,004,,,,,,,,,,,,,,,,,,,,,,,,,,,,,,,,,,,,,,,,,,,,,,,,,,,,,,,,,,,,,,,,,,,,,,,,,,,,,,,801.9238,803.4179,805.6591,805.6591,0,0,0,0,0,0,0,0,0,0,0,1,1,1,1,1,0,0,0,0,,,,,,,,,,,,,,,,,,,,,,,,,,,,,,,,,,
552,,,253,377,,,,,,,,,,,,,,,,,,,,,,,,,,,,,,,,,,,,,,,,,,,,,,,,,,,,,,,,,,,,,,,,,,,,,,,,,,,,,,,801.9238,803.4179,805.6591,805.6591,0,0,0,0,0,0,0,0,0,0,0,0,1,1,1,1,0,0,0,0,,,,,,,,,,,,,,,,,,,,,,,,,,,,,,,,,,
553,,,253,750,,,,,,,,,,,,,,,,,,,,,,,,,,,,,,,,,,,,,,,,,,,,,,,,,,,,,,,,,,,,,,,,,,,,,,,,,,,,,,,801.9238,803.4179,805.6591,805.6591,0,0,0,0,0,0,0,0,0,0,0,0,1,1,1,1,0,0,0,0,,,,,,,,,,,,,,,,,,,,,,,,,,,,,,,,,,
554,,,254,113,,,,,,,,,,,,,,,,,,,,,,,,,,,,,,,,,,,,,,,,,,,,,,,,,,,,,,,,,,,,,,,,,,,,,,,,,,,,,,,801.9238,803.4179,805.6591,805.6591,0,0,0,0,0,0,0,0,0,0,0,0,1,1,1,1,0,0,0,0,,,,,,,,,,,,,,,,,,,,,,,,,,,,,,,,,,
555,,,254,471,,,,,,,,,,,,,,,,,,,,,,,,,,,,,,,,,,,,,,,,,,,,,,,,,,,,,,,,,,,,,,,,,,,,,,,,,,,,,,,801.9238,803.4179,805.6591,805.6591,0,0,0,0,0,0,0,0,0,0,0,0,1,1,1,1,0,0,0,0,,,,,,,,,,,,,,,,,,,,,,,,,,,,,,,,,,
556,,,254,834,,,,,,,,,,,,,,,,,,,,,,,,,,,,,,,,,,,,,,,,,,,,,,,,,,,,,,,,,,,,,,,,,,,,,,,,,,,,,,,801.9238,803.4179,805.6591,805.6591,0,0,0,0,0,0,0,0,0,0,0,0,1,1,1,1,0,0,0,0,,,,,,,,,,,,,,,,,,,,,,,,,,,,,,,,,,
557,,,255,201,,,,,,,,,,,,,,,,,,,,,,,,,,,,,,,,,,,,,,,,,,,,,,,,,,,,,,,,,,,,,,,,,,,,,,,,,,,,,,,801.9238,803.4179,805.6591,805.6591,0,0,0,0,0,1,0,0,0,0,0,0,0,0,0,0,0,0,0,0,,,,,,,,,,,,,,,,,,,,,,,,,,,,,,,,,,
558,,,255,555,,,,,,,,,,,,,,,,,,,,,,,,,,,,,,,,,,,,,,,,,,,,,,,,,,,,,,,,,,,,,,,,,,,,,,,,,,,,,,,801.9238,803.4179,805.6591,805.6591,0,0,0,0,0,0,0,0,0,0,0,1,1,1,1,1,0,0,0,0,,,,,,,,,,,,,,,,,,,,,,,,,,,,,,,,,,
559,,,255,912,,,,,,,,,,,,,,,,,,,,,,,,,,,,,,,,,,,,,,,,,,,,,,,,,,,,,,,,,,,,,,,,,,,,,,,,,,,,,,,801.9238,803.4179,805.6591,805.6591,0,0,0,0,0,0,0,0,0,0,0,1,1,1,1,1,0,0,0,0,,,,,,,,,,,,,,,,,,,,,,,,,,,,,,,,,,
560,,,256,275,,,,,,,,,,,,,,,,,,,,,,,,,,,,,,,,,,,,,,,,,,,,,,,,,,,,,,,,,,,,,,,,,,,,,,,,,,,,,,,801.9238,803.4179,805.6591,805.6591,0,0,0,0,0,0,0,0,0,0,0,1,1,1,1,1,0,0,0,0,,,,,,,,,,,,,,,,,,,,,,,,,,,,,,,,,,
561,,,256,631,,,,,,,,,,,,,,,,,,,,,,,,,,,,,,,,,,,,,,,,,,,,,,,,,,,,,,,,,,,,,,,,,,,,,,,,,,,,,,,801.9238,803.4179,805.6591,805.6591,0,0,0,0,0,0,0,0,0,0,0,0,1,1,1,1,0,0,0,0,,,,,,,,,,,,,,,,,,,,,,,,,,,,,,,,,,
562,,,257,003,,,,,,,,,,,,,,,,,,,,,,,,,,,,,,,,,,,,,,,,,,,,,,,,,,,,,,,,,,,,,,,,,,,,,,,,,,,,,,,801.9238,803.4179,805.6591,805.6591,0,0,0,0,0,1,0,0,0,0,0,0,0,0,0,0,0,0,0,0,,,,,,,,,,,,,,,,,,,,,,,,,,,,,,,,,,
563,,,257,398,,,,,,,,,,,,,,,,,,,,,,,,,,,,,,,,,,,,,,,,,,,,,,,,,,,,,,,,,,,,,,,,,,,,,,,,,,,,,,,801.9238,803.4179,805.6591,805.6591,0,0,0,0,0,1,0,0,0,0,0,0,0,0,0,0,0,0,0,0,,,,,,,,,,,,,,,,,,,,,,,,,,,,,,,,,,
564,,,257,769,,,,,,,,,,,,,,,,,,,,,,,,,,,,,,,,,,,,,,,,,,,,,,,,,,,,,,,,,,,,,,,,,,,,,,,,,,,,,,,801.9238,803.4179,805.6591,805.6591,0,0,0,0,0,0,0,0,0,0,0,0,1,1,1,1,0,0,0,0,,,,,,,,,,,,,,,,,,,,,,,,,,,,,,,,,,
565,,,258,123,,,,,,,,,,,,,,,,,,,,,,,,,,,,,,,,,,,,,,,,,,,,,,,,,,,,,,,,,,,,,,,,,,,,,,,,,,,,,,,801.9238,803.4179,805.6591,805.6591,0,0,0,0,0,0,0,0,0,0,0,0,1,1,1,1,0,0,0,0,,,,,,,,,,,,,,,,,,,,,,,,,,,,,,,,,,
566,,,258,482,,,,,,,,,,,,,,,,,,,,,,,,,,,,,,,,,,,,,,,,,,,,,,,,,,,,,,,,,,,,,,,,,,,,,,,,,,,,,,,801.9238,803.4179,805.6591,805.6591,0,0,0,0,0,0,0,0,0,0,0,0,1,1,1,1,0,0,0,0,,,,,,,,,,,,,,,,,,,,,,,,,,,,,,,,,,
567,,,258,850,,,,,,,,,,,,,,,,,,,,,,,,,,,,,,,,,,,,,,,,,,,,,,,,,,,,,,,,,,,,,,,,,,,,,,,,,,,,,,,801.9238,803.4179,805.6591,805.6591,0,0,0,0,0,0,0,0,0,0,0,0,1,1,1,1,0,0,0,0,,,,,,,,,,,,,,,,,,,,,,,,,,,,,,,,,,
568,,,259,220,,,,,,,,,,,,,,,,,,,,,,,,,,,,,,,,,,,,,,,,,,,,,,,,,,,,,,,,,,,,,,,,,,,,,,,,,,,,,,,801.9238,803.4179,805.6591,805.6591,0,0,0,0,0,0,0,0,0,0,0,0,1,1,1,1,0,0,0,0,,,,,,,,,,,,,,,,,,,,,,,,,,,,,,,,,,
569,,,259,580,,,,,,,,,,,,,,,,,,,,,,,,,,,,,,,,,,,,,,,,,,,,,,,,,,,,,,,,,,,,,,,,,,,,,,,,,,,,,,,801.9238,803.4179,805.6591,805.6591,0,0,0,0,0,0,0,0,0,0,0,1,1,1,1,1,0,0,0,0,,,,,,,,,,,,,,,,,,,,,,,,,,,,,,,,,,
570,,,259,955,,,,,,,,,,,,,,,,,,,,,,,,,,,,,,,,,,,,,,,,,,,,,,,,,,,,,,,,,,,,,,,,,,,,,,,,,,,,,,,801.9238,803.4179,805.6591,805.6591,0,0,0,0,0,0,0,0,0,0,0,1,1,1,1,1,0,0,0,0,,,,,,,,,,,,,,,,,,,,,,,,,,,,,,,,,,
571,,,260,319,,,,,,,,,,,,,,,,,,,,,,,,,,,,,,,,,,,,,,,,,,,,,,,,,,,,,,,,,,,,,,,,,,,,,,,,,,,,,,,801.9238,803.4179,805.6591,805.6591,0,0,0,0,0,0,0,0,0,0,0,1,1,1,1,1,0,0,0,0,,,,,,,,,,,,,,,,,,,,,,,,,,,,,,,,,,
572,,,260,681,,,,,,,,,,,,,,,,,,,,,,,,,,,,,,,,,,,,,,,,,,,,,,,,,,,,,,,,,,,,,,,,,,,,,,,,,,,,,,,801.9238,803.4179,805.6591,805.6591,0,0,0,0,0,0,0,0,0,0,0,1,1,1,1,1,0,0,0,0,,,,,,,,,,,,,,,,,,,,,,,,,,,,,,,,,,
573,,,261,044,,,,,,,,,,,,,,,,,,,,,,,,,,,,,,,,,,,,,,,,,,,,,,,,,,,,,,,,,,,,,,,,,,,,,,,,,,,,,,,804.7083,0.3456,-2.8125,-2.8125,0,0,0,0,0,1,0,0,0,0,0,0,0,0,0,0,0,0,0,0,,,,,,,,,,,,,,,,,,,,,,,,,,,,,,,,,,
574,,,261,410,,,,,,,,,,,,,,,,,,,,,,,,,,,,,,,,,,,,,,,,,,,,,,,,,,,,,,,,,,,,,,,,,,,,,,,,,,,,,,,801.9238,803.4179,805.6591,805.6591,0,0,0,0,0,0,0,0,0,0,0,0,1,1,1,1,0,0,0,0,,,,,,,,,,,,,,,,,,,,,,,,,,,,,,,,,,
575,,,261,771,,,,,,,,,,,,,,,,,,,,,,,,,,,,,,,,,,,,,,,,,,,,,,,,,,,,,,,,,,,,,,,,,,,,,,,,,,,,,,,801.9238,803.4179,805.6591,805.6591,0,0,0,0,0,0,0,0,0,0,0,0,1,1,1,1,0,0,0,0,,,,,,,,,,,,,,,,,,,,,,,,,,,,,,,,,,
576,,,262,155,,,,,,,,,,,,,,,,,,,,,,,,,,,,,,,,,,,,,,,,,,,,,,,,,,,,,,,,,,,,,,,,,,,,,,,,,,,,,,,801.9238,803.4179,805.6591,805.6591,0,0,0,0,0,0,0,0,0,0,0,0,1,1,1,1,0,0,0,0,,,,,,,,,,,,,,,,,,,,,,,,,,,,,,,,,,
577,,,262,521,,,,,,,,,,,,,,,,,,,,,,,,,,,,,,,,,,,,,,,,,,,,,,,,,,,,,,,,,,,,,,,,,,,,,,,,,,,,,,,0.3456,0.3456,-2.8125,-2.8125,0,0,0,0,0,1,0,0,0,0,0,0,0,0,0,0,0,0,0,0,,,,,,,,,,,,,,,,,,,,,,,,,,,,,,,,,,
578,,,262,871,,,,,,,,,,,,,,,,,,,,,,,,,,,,,,,,,,,,,,,,,,,,,,,,,,,,,,,,,,,,,,,,,,,,,,,,,,,,,,,801.9238,803.4179,805.6591,805.6591,0,0,0,0,0,0,0,0,0,0,0,0,1,1,1,1,0,0,0,0,,,,,,,,,,,,,,,,,,,,,,,,,,,,,,,,,,
579,,,263,238,,,,,,,,,,,,,,,,,,,,,,,,,,,,,,,,,,,,,,,,,,,,,,,,,,,,,,,,,,,,,,,,,,,,,,,,,,,,,,,801.9238,803.4179,805.6591,805.6591,0,0,0,0,0,0,0,0,0,0,0,1,1,1,1,1,0,0,0,0,,,,,,,,,,,,,,,,,,,,,,,,,,,,,,,,,,
580,,,263,594,,,,,,,,,,,,,,,,,,,,,,,,,,,,,,,,,,,,,,,,,,,,,,,,,,,,,,,,,,,,,,,,,,,,,,,,,,,,,,,801.9238,803.4179,805.6591,805.6591,0,0,0,0,0,0,0,0,0,0,0,1,1,1,1,1,0,0,0,0,,,,,,,,,,,,,,,,,,,,,,,,,,,,,,,,,,
581,,,263,970,,,,,,,,,,,,,,,,,,,,,,,,,,,,,,,,,,,,,,,,,,,,,,,,,,,,,,,,,,,,,,,,,,,,,,,,,,,,,,,801.9238,803.4179,805.6591,805.6591,0,0,0,0,0,0,0,0,0,0,0,1,1,1,1,1,0,0,0,0,,,,,,,,,,,,,,,,,,,,,,,,,,,,,,,,,,
582,,,264,350,,,,,,,,,,,,,,,,,,,,,,,,,,,,,,,,,,,,,,,,,,,,,,,,,,,,,,,,,,,,,,,,,,,,,,,,,,,,,,,801.9238,803.4179,805.6591,805.6591,0,0,0,0,0,0,0,0,0,0,0,0,1,1,1,1,0,0,0,0,,,,,,,,,,,,,,,,,,,,,,,,,,,,,,,,,,
583,,,264,719,,,,,,,,,,,,,,,,,,,,,,,,,,,,,,,,,,,,,,,,,,,,,,,,,,,,,,,,,,,,,,,,,,,,,,,,,,,,,,,801.9238,803.4179,805.6591,805.6591,0,0,0,0,0,0,0,0,0,0,0,0,1,1,1,1,0,0,0,0,,,,,,,,,,,,,,,,,,,,,,,,,,,,,,,,,,
584,,,265,081,,,,,,,,,,,,,,,,,,,,,,,,,,,,,,,,,,,,,,,,,,,,,,,,,,,,,,,,,,,,,,,,,,,,,,,,,,,,,,,801.9238,803.4179,805.6591,805.6591,0,0,0,0,0,0,0,0,0,0,0,0,1,1,1,1,0,0,0,0,,,,,,,,,,,,,,,,,,,,,,,,,,,,,,,,,,
585,,,265,444,,,,,,,,,,,,,,,,,,,,,,,,,,,,,,,,,,,,,,,,,,,,,,,,,,,,,,,,,,,,,,,,,,,,,,,,,,,,,,,801.9238,803.4179,805.6591,805.6591,0,0,0,0,0,0,0,0,0,0,0,0,1,1,1,1,0,0,0,0,,,,,,,,,,,,,,,,,,,,,,,,,,,,,,,,,,
586,,,265,812,,,,,,,,,,,,,,,,,,,,,,,,,,,,,,,,,,,,,,,,,,,,,,,,,,,,,,,,,,,,,,,,,,,,,,,,,,,,,,,801.9238,803.4179,805.6591,805.6591,0,0,0,0,0,0,0,0,0,0,0,0,1,1,1,1,0,0,0,0,,,,,,,,,,,,,,,,,,,,,,,,,,,,,,,,,,
587,,,266,184,,,,,,,,,,,,,,,,,,,,,,,,,,,,,,,,,,,,,,,,,,,,,,,,,,,,,,,,,,,,,,,,,,,,,,,,,,,,,,,801.9238,803.4179,805.6591,805.6591,0,0,0,0,0,0,0,0,0,0,0,0,1,1,1,1,0,0,0,0,,,,,,,,,,,,,,,,,,,,,,,,,,,,,,,,,,
588,,,266,554,,,,,,,,,,,,,,,,,,,,,,,,,,,,,,,,,,,,,,,,,,,,,,,,,,,,,,,,,,,,,,,,,,,,,,,,,,,,,,,801.9238,803.4179,805.6591,805.6591,0,0,0,0,0,0,0,0,0,0,0,0,1,1,1,1,0,0,0,0,,,,,,,,,,,,,,,,,,,,,,,,,,,,,,,,,,
589,,,266,930,,,,,,,,,,,,,,,,,,,,,,,,,,,,,,,,,,,,,,,,,,,,,,,,,,,,,,,,,,,,,,,,,,,,,,,,,,,,,,,801.9238,803.4179,805.6591,805.6591,0,0,0,0,0,0,0,0,0,0,0,0,1,1,1,1,0,0,0,0,,,,,,,,,,,,,,,,,,,,,,,,,,,,,,,,,,
590,,,267,282,,,,,,,,,,,,,,,,,,,,,,,,,,,,,,,,,,,,,,,,,,,,,,,,,,,,,,,,,,,,,,,,,,,,,,,,,,,,,,,801.9238,803.4179,805.6591,805.6591,0,0,0,0,0,0,0,0,0,0,0,0,1,1,1,1,0,0,0,0,,,,,,,,,,,,,,,,,,,,,,,,,,,,,,,,,,
591,,,267,647,,,,,,,,,,,,,,,,,,,,,,,,,,,,,,,,,,,,,,,,,,,,,,,,,,,,,,,,,,,,,,,,,,,,,,,,,,,,,,,801.9238,803.4179,805.6591,805.6591,0,0,0,0,0,0,0,0,0,0,0,0,1,1,1,1,0,0,0,0,,,,,,,,,,,,,,,,,,,,,,,,,,,,,,,,,,
592,,,268,003,,,,,,,,,,,,,,,,,,,,,,,,,,,,,,,,,,,,,,,,,,,,,,,,,,,,,,,,,,,,,,,,,,,,,,,,,,,,,,,801.9238,803.4179,805.6591,805.6591,0,0,0,0,0,0,0,0,0,0,0,0,1,1,1,1,0,0,0,0,,,,,,,,,,,,,,,,,,,,,,,,,,,,,,,,,,
593,,,268,366,,,,,,,,,,,,,,,,,,,,,,,,,,,,,,,,,,,,,,,,,,,,,,,,,,,,,,,,,,,,,,,,,,,,,,,,,,,,,,,801.9238,803.4179,805.6591,805.6591,0,0,0,0,0,0,0,0,0,0,0,1,1,1,1,1,0,0,0,0,,,,,,,,,,,,,,,,,,,,,,,,,,,,,,,,,,
594,,,268,748,,,,,,,,,,,,,,,,,,,,,,,,,,,,,,,,,,,,,,,,,,,,,,,,,,,,,,,,,,,,,,,,,,,,,,,,,,,,,,,801.9238,803.4179,805.6591,805.6591,0,0,0,0,0,0,0,0,0,0,0,1,1,1,1,1,0,0,0,0,,,,,,,,,,,,,,,,,,,,,,,,,,,,,,,,,,
595,,,269,118,,,,,,,,,,,,,,,,,,,,,,,,,,,,,,,,,,,,,,,,,,,,,,,,,,,,,,,,,,,,,,,,,,,,,,,,,,,,,,,801.9238,803.4179,805.6591,805.6591,0,0,0,0,0,0,0,0,0,0,0,1,1,1,1,1,0,0,0,0,,,,,,,,,,,,,,,,,,,,,,,,,,,,,,,,,,
596,,,269,482,,,,,,,,,,,,,,,,,,,,,,,,,,,,,,,,,,,,,,,,,,,,,,,,,,,,,,,,,,,,,,,,,,,,,,,,,,,,,,,801.9238,803.4179,805.6591,805.6591,0,0,0,0,0,0,0,0,0,0,0,1,1,1,1,1,0,0,0,0,,,,,,,,,,,,,,,,,,,,,,,,,,,,,,,,,,
597,,,269,849,,,,,,,,,,,,,,,,,,,,,,,,,,,,,,,,,,,,,,,,,,,,,,,,,,,,,,,,,,,,,,,,,,,,,,,,,,,,,,,801.9238,803.4179,805.6591,805.6591,0,0,0,0,0,0,0,0,0,0,0,1,1,1,1,1,0,0,0,0,,,,,,,,,,,,,,,,,,,,,,,,,,,,,,,,,,
598,,,270,218,,,,,,,,,,,,,,,,,,,,,,,,,,,,,,,,,,,,,,,,,,,,,,,,,,,,,,,,,,,,,,,,,,,,,,,,,,,,,,,801.9238,803.4179,805.6591,805.6591,0,0,0,0,0,0,0,0,0,0,0,1,1,1,1,1,0,0,0,0,,,,,,,,,,,,,,,,,,,,,,,,,,,,,,,,,,
599,,,270,585,,,,,,,,,,,,,,,,,,,,,,,,,,,,,,,,,,,,,,,,,,,,,,,,,,,,,,,,,,,,,,,,,,,,,,,,,,,,,,,801.9238,803.4179,805.6591,805.6591,0,0,0,0,0,0,0,0,0,0,0,1,1,1,1,1,0,0,0,0,,,,,,,,,,,,,,,,,,,,,,,,,,,,,,,,,,
600,,,270,945,,,,,,,,,,,,,,,,,,,,,,,,,,,,,,,,,,,,,,,,,,,,,,,,,,,,,,,,,,,,,,,,,,,,,,,,,,,,,,,801.9238,803.4179,805.6591,805.6591,0,0,0,0,0,0,0,0,0,0,0,1,1,1,1,1,0,0,0,0,,,,,,,,,,,,,,,,,,,,,,,,,,,,,,,,,,
601,,,271,314,,,,,,,,,,,,,,,,,,,,,,,,,,,,,,,,,,,,,,,,,,,,,,,,,,,,,,,,,,,,,,,,,,,,,,,,,,,,,,,801.9238,803.4179,805.6591,805.6591,0,0,0,0,0,1,0,0,0,0,0,0,0,0,0,0,0,0,0,0,,,,,,,,,,,,,,,,,,,,,,,,,,,,,,,,,,
602,,,271,681,,,,,,,,,,,,,,,,,,,,,,,,,,,,,,,,,,,,,,,,,,,,,,,,,,,,,,,,,,,,,,,,,,,,,,,,,,,,,,,801.9238,803.4179,805.6591,805.6591,0,0,0,0,0,0,0,0,0,0,0,1,1,1,1,1,0,0,0,0,,,,,,,,,,,,,,,,,,,,,,,,,,,,,,,,,,
603,,,272,054,,,,,,,,,,,,,,,,,,,,,,,,,,,,,,,,,,,,,,,,,,,,,,,,,,,,,,,,,,,,,,,,,,,,,,,,,,,,,,,801.9238,803.4179,805.6591,805.6591,0,0,0,0,0,1,0,0,0,0,0,0,0,0,0,0,0,0,0,0,,,,,,,,,,,,,,,,,,,,,,,,,,,,,,,,,,
604,,,272,423,,,,,,,,,,,,,,,,,,,,,,,,,,,,,,,,,,,,,,,,,,,,,,,,,,,,,,,,,,,,,,,,,,,,,,,,,,,,,,,801.9238,803.4179,805.6591,805.6591,0,0,0,0,0,0,0,0,0,0,0,0,1,1,1,1,0,0,0,0,,,,,,,,,,,,,,,,,,,,,,,,,,,,,,,,,,
605,,,272,789,,,,,,,,,,,,,,,,,,,,,,,,,,,,,,,,,,,,,,,,,,,,,,,,,,,,,,,,,,,,,,,,,,,,,,,,,,,,,,,801.9238,803.4179,805.6591,805.6591,0,0,0,0,0,0,0,0,0,0,0,1,1,1,1,1,0,0,0,0,,,,,,,,,,,,,,,,,,,,,,,,,,,,,,,,,,
606,,,273,168,,,,,,,,,,,,,,,,,,,,,,,,,,,,,,,,,,,,,,,,,,,,,,,,,,,,,,,,,,,,,,,,,,,,,,,,,,,,,,,801.9238,803.4179,805.6591,805.6591,0,0,0,0,0,0,0,0,0,0,0,1,1,1,1,1,0,0,0,0,,,,,,,,,,,,,,,,,,,,,,,,,,,,,,,,,,
607,,,273,544,,,,,,,,,,,,,,,,,,,,,,,,,,,,,,,,,,,,,,,,,,,,,,,,,,,,,,,,,,,,,,,,,,,,,,,,,,,,,,,801.9238,803.4179,805.6591,805.6591,0,0,0,0,0,0,0,0,0,0,0,1,1,1,1,1,0,0,0,0,,,,,,,,,,,,,,,,,,,,,,,,,,,,,,,,,,
608,,,273,911,,,,,,,,,,,,,,,,,,,,,,,,,,,,,,,,,,,,,,,,,,,,,,,,,,,,,,,,,,,,,,,,,,,,,,,,,,,,,,,801.9238,803.4179,805.6591,805.6591,0,0,0,0,0,0,0,0,0,0,0,1,1,1,1,1,0,0,0,0,,,,,,,,,,,,,,,,,,,,,,,,,,,,,,,,,,
609,,,274,281,,,,,,,,,,,,,,,,,,,,,,,,,,,,,,,,,,,,,,,,,,,,,,,,,,,,,,,,,,,,,,,,,,,,,,,,,,,,,,,801.9238,803.4179,805.6591,805.6591,0,0,0,0,0,0,0,0,0,0,0,1,1,1,1,1,0,0,0,0,,,,,,,,,,,,,,,,,,,,,,,,,,,,,,,,,,
610,,,274,647,,,,,,,,,,,,,,,,,,,,,,,,,,,,,,,,,,,,,,,,,,,,,,,,,,,,,,,,,,,,,,,,,,,,,,,,,,,,,,,801.9238,803.4179,805.6591,805.6591,0,0,0,0,0,0,0,0,0,0,0,1,1,1,1,1,0,0,0,0,,,,,,,,,,,,,,,,,,,,,,,,,,,,,,,,,,
611,,,275,027,,,,,,,,,,,,,,,,,,,,,,,,,,,,,,,,,,,,,,,,,,,,,,,,,,,,,,,,,,,,,,,,,,,,,,,,,,,,,,,801.9238,803.4179,805.6591,805.6591,0,0,0,0,0,0,0,0,0,0,0,1,1,1,1,1,0,0,0,0,,,,,,,,,,,,,,,,,,,,,,,,,,,,,,,,,,
612,,,275,381,,,,,,,,,,,,,,,,,,,,,,,,,,,,,,,,,,,,,,,,,,,,,,,,,,,,,,,,,,,,,,,,,,,,,,,,,,,,,,,801.9238,803.4179,805.6591,805.6591,0,0,0,0,0,0,0,0,0,0,0,1,1,1,1,1,0,0,0,0,,,,,,,,,,,,,,,,,,,,,,,,,,,,,,,,,,
613,,,275,748,,,,,,,,,,,,,,,,,,,,,,,,,,,,,,,,,,,,,,,,,,,,,,,,,,,,,,,,,,,,,,,,,,,,,,,,,,,,,,,801.9238,803.4179,805.6591,805.6591,0,0,0,0,0,0,0,0,0,0,0,1,1,1,1,1,0,0,0,0,,,,,,,,,,,,,,,,,,,,,,,,,,,,,,,,,,
614,,,276,107,,,,,,,,,,,,,,,,,,,,,,,,,,,,,,,,,,,,,,,,,,,,,,,,,,,,,,,,,,,,,,,,,,,,,,,,,,,,,,,801.9238,803.4179,805.6591,805.6591,0,0,0,0,0,0,0,0,0,0,0,1,1,1,1,1,0,0,0,0,,,,,,,,,,,,,,,,,,,,,,,,,,,,,,,,,,
615,,,276,464,,,,,,,,,,,,,,,,,,,,,,,,,,,,,,,,,,,,,,,,,,,,,,,,,,,,,,,,,,,,,,,,,,,,,,,,,,,,,,,801.9238,803.4179,805.6591,805.6591,0,0,0,0,0,0,0,0,0,0,0,1,1,1,1,1,0,0,0,0,,,,,,,,,,,,,,,,,,,,,,,,,,,,,,,,,,
616,,,276,830,,,,,,,,,,,,,,,,,,,,,,,,,,,,,,,,,,,,,,,,,,,,,,,,,,,,,,,,,,,,,,,,,,,,,,,,,,,,,,,801.9238,803.4179,805.6591,805.6591,0,0,0,0,0,0,0,0,0,0,0,1,1,1,1,1,0,0,0,0,,,,,,,,,,,,,,,,,,,,,,,,,,,,,,,,,,
617,,,277,202,,,,,,,,,,,,,,,,,,,,,,,,,,,,,,,,,,,,,,,,,,,,,,,,,,,,,,,,,,,,,,,,,,,,,,,,,,,,,,,801.9238,803.4179,805.6591,805.6591,0,0,0,0,0,0,0,0,0,0,0,1,1,1,1,1,0,0,0,0,,,,,,,,,,,,,,,,,,,,,,,,,,,,,,,,,,
618,,,277,584,,,,,,,,,,,,,,,,,,,,,,,,,,,,,,,,,,,,,,,,,,,,,,,,,,,,,,,,,,,,,,,,,,,,,,,,,,,,,,,801.9238,803.4179,-2.7905,-2.4829,0,0,0,0,0,0,0,0,0,0,0,0,0,0,0,0,0,0,0,0,,,,,,,,,,,,,,,,,,,,,,,,,,,,,,,,,,
619,,,277,941,,,,,,,,,,,,,,,,,,,,,,,,,,,,,,,,,,,,,,,,,,,,,,,,,,,,,,,,,,,,,,,,,,,,,,,,,,,,,,,801.9238,803.4179,805.6591,805.6591,0,0,0,0,0,0,0,0,0,0,0,0,1,1,1,1,0,0,0,0,,,,,,,,,,,,,,,,,,,,,,,,,,,,,,,,,,
620,,,278,309,,,,,,,,,,,,,,,,,,,,,,,,,,,,,,,,,,,,,,,,,,,,,,,,,,,,,,,,,,,,,,,,,,,,,,,,,,,,,,,801.9238,803.4179,805.6591,805.6591,0,0,0,0,0,0,0,0,0,0,0,0,1,1,1,1,0,0,0,0,,,,,,,,,,,,,,,,,,,,,,,,,,,,,,,,,,
621,,,278,663,,,,,,,,,,,,,,,,,,,,,,,,,,,,,,,,,,,,,,,,,,,,,,,,,,,,,,,,,,,,,,,,,,,,,,,,,,,,,,,801.9238,803.4179,805.6591,805.6591,0,0,0,0,0,0,0,0,0,0,0,0,1,1,1,1,0,0,0,0,,,,,,,,,,,,,,,,,,,,,,,,,,,,,,,,,,
622,,,279,036,,,,,,,,,,,,,,,,,,,,,,,,,,,,,,,,,,,,,,,,,,,,,,,,,,,,,,,,,,,,,,,,,,,,,,,,,,,,,,,801.9238,803.4179,805.6591,805.6591,0,0,0,0,0,1,0,0,0,0,0,0,0,0,0,0,0,0,0,0,,,,,,,,,,,,,,,,,,,,,,,,,,,,,,,,,,
623,,,279,403,,,,,,,,,,,,,,,,,,,,,,,,,,,,,,,,,,,,,,,,,,,,,,,,,,,,,,,,,,,,,,,,,,,,,,,,,,,,,,,801.9238,803.4179,805.6591,805.6591,0,0,0,0,0,0,0,0,0,0,0,1,1,1,1,1,0,0,0,0,,,,,,,,,,,,,,,,,,,,,,,,,,,,,,,,,,
624,,,279,759,,,,,,,,,,,,,,,,,,,,,,,,,,,,,,,,,,,,,,,,,,,,,,,,,,,,,,,,,,,,,,,,,,,,,,,,,,,,,,,801.9238,803.4179,805.6591,805.6591,0,0,0,0,0,0,0,0,0,0,0,1,1,1,1,1,0,0,0,0,,,,,,,,,,,,,,,,,,,,,,,,,,,,,,,,,,
625,,,280,146,,,,,,,,,,,,,,,,,,,,,,,,,,,,,,,,,,,,,,,,,,,,,,,,,,,,,,,,,,,,,,,,,,,,,,,,,,,,,,,801.9238,803.4179,805.6591,805.6591,0,0,0,0,0,0,0,0,0,0,0,1,1,1,1,1,0,0,0,0,,,,,,,,,,,,,,,,,,,,,,,,,,,,,,,,,,
626,,,280,513,,,,,,,,,,,,,,,,,,,,,,,,,,,,,,,,,,,,,,,,,,,,,,,,,,,,,,,,,,,,,,,,,,,,,,,,,,,,,,,801.9238,803.4179,805.6591,805.6591,0,0,0,0,0,0,0,0,0,0,0,1,1,1,1,1,0,0,0,0,,,,,,,,,,,,,,,,,,,,,,,,,,,,,,,,,,
627,,,280,888,,,,,,,,,,,,,,,,,,,,,,,,,,,,,,,,,,,,,,,,,,,,,,,,,,,,,,,,,,,,,,,,,,,,,,,,,,,,,,,801.9238,803.4179,805.6591,805.6591,0,0,0,0,0,0,0,0,0,0,0,1,1,1,1,1,0,0,0,0,,,,,,,,,,,,,,,,,,,,,,,,,,,,,,,,,,
628,,,281,257,,,,,,,,,,,,,,,,,,,,,,,,,,,,,,,,,,,,,,,,,,,,,,,,,,,,,,,,,,,,,,,,,,,,,,,,,,,,,,,801.9238,803.4179,805.6591,805.6591,0,0,0,0,0,0,0,0,0,0,0,1,1,1,1,1,0,0,0,0,,,,,,,,,,,,,,,,,,,,,,,,,,,,,,,,,,
629,,,281,627,,,,,,,,,,,,,,,,,,,,,,,,,,,,,,,,,,,,,,,,,,,,,,,,,,,,,,,,,,,,,,,,,,,,,,,,,,,,,,,801.9238,803.4179,805.6591,805.6591,0,0,0,0,0,0,0,0,0,0,0,1,1,1,1,1,0,0,0,0,,,,,,,,,,,,,,,,,,,,,,,,,,,,,,,,,,
630,,,281,995,,,,,,,,,,,,,,,,,,,,,,,,,,,,,,,,,,,,,,,,,,,,,,,,,,,,,,,,,,,,,,,,,,,,,,,,,,,,,,,801.9238,803.4179,805.6591,805.6591,0,0,0,0,0,0,0,0,0,0,0,1,1,1,1,1,0,0,0,0,,,,,,,,,,,,,,,,,,,,,,,,,,,,,,,,,,
631,,,282,350,,,,,,,,,,,,,,,,,,,,,,,,,,,,,,,,,,,,,,,,,,,,,,,,,,,,,,,,,,,,,,,,,,,,,,,,,,,,,,,801.9238,803.4179,805.6591,805.6591,0,0,0,0,0,0,0,0,0,0,0,1,1,1,1,1,0,0,0,0,,,,,,,,,,,,,,,,,,,,,,,,,,,,,,,,,,
632,,,282,731,,,,,,,,,,,,,,,,,,,,,,,,,,,,,,,,,,,,,,,,,,,,,,,,,,,,,,,,,,,,,,,,,,,,,,,,,,,,,,,801.9238,803.4179,805.6591,805.6591,0,0,0,0,0,0,0,0,0,0,0,1,1,1,1,1,0,0,0,0,,,,,,,,,,,,,,,,,,,,,,,,,,,,,,,,,,
633,,,283,113,,,,,,,,,,,,,,,,,,,,,,,,,,,,,,,,,,,,,,,,,,,,,,,,,,,,,,,,,,,,,,,,,,,,,,,,,,,,,,,801.9238,803.4179,805.6591,805.6591,0,0,0,0,0,0,0,0,0,0,0,1,1,1,1,1,0,0,0,0,,,,,,,,,,,,,,,,,,,,,,,,,,,,,,,,,,
634,,,283,491,,,,,,,,,,,,,,,,,,,,,,,,,,,,,,,,,,,,,,,,,,,,,,,,,,,,,,,,,,,,,,,,,,,,,,,,,,,,,,,0.3456,0.3456,-2.8125,-2.8125,0,0,0,0,0,1,0,0,0,0,0,0,0,0,0,0,0,0,0,0,,,,,,,,,,,,,,,,,,,,,,,,,,,,,,,,,,
635,,,283,851,,,,,,,,,,,,,,,,,,,,,,,,,,,,,,,,,,,,,,,,,,,,,,,,,,,,,,,,,,,,,,,,,,,,,,,,,,,,,,,801.9238,803.4179,805.6591,805.6591,0,0,0,0,0,0,0,0,0,0,0,0,1,1,1,1,0,0,0,0,,,,,,,,,,,,,,,,,,,,,,,,,,,,,,,,,,
636,,,284,213,,,,,,,,,,,,,,,,,,,,,,,,,,,,,,,,,,,,,,,,,,,,,,,,,,,,,,,,,,,,,,,,,,,,,,,,,,,,,,,801.9238,803.4179,805.6591,805.6591,0,0,0,0,0,0,0,0,0,0,0,0,1,1,1,1,0,0,0,0,,,,,,,,,,,,,,,,,,,,,,,,,,,,,,,,,,
637,,,284,588,,,,,,,,,,,,,,,,,,,,,,,,,,,,,,,,,,,,,,,,,,,,,,,,,,,,,,,,,,,,,,,,,,,,,,,,,,,,,,,0.3456,0.3456,-2.8125,-2.8125,0,0,0,0,0,1,0,0,0,0,0,0,0,0,0,0,0,0,0,0,,,,,,,,,,,,,,,,,,,,,,,,,,,,,,,,,,
638,,,284,950,,,,,,,,,,,,,,,,,,,,,,,,,,,,,,,,,,,,,,,,,,,,,,,,,,,,,,,,,,,,,,,,,,,,,,,,,,,,,,,801.9238,803.4179,805.6591,805.6591,0,0,0,0,0,0,0,0,0,0,0,0,1,1,1,1,0,0,0,0,,,,,,,,,,,,,,,,,,,,,,,,,,,,,,,,,,
639,,,285,309,,,,,,,,,,,,,,,,,,,,,,,,,,,,,,,,,,,,,,,,,,,,,,,,,,,,,,,,,,,,,,,,,,,,,,,,,,,,,,,801.9238,803.4179,805.6591,805.6591,0,0,0,0,0,0,0,0,0,0,0,0,1,1,1,1,0,0,0,0,,,,,,,,,,,,,,,,,,,,,,,,,,,,,,,,,,
640,,,285,674,,,,,,,,,,,,,,,,,,,,,,,,,,,,,,,,,,,,,,,,,,,,,,,,,,,,,,,,,,,,,,,,,,,,,,,,,,,,,,,801.9238,803.4179,805.6591,805.6591,0,0,0,0,0,0,0,0,0,0,0,0,1,1,1,1,0,0,0,0,,,,,,,,,,,,,,,,,,,,,,,,,,,,,,,,,,
641,,,286,042,,,,,,,,,,,,,,,,,,,,,,,,,,,,,,,,,,,,,,,,,,,,,,,,,,,,,,,,,,,,,,,,,,,,,,,,,,,,,,,801.9238,803.4179,805.6591,805.6591,0,0,0,0,0,0,0,0,0,0,0,0,1,1,1,1,0,0,0,0,,,,,,,,,,,,,,,,,,,,,,,,,,,,,,,,,,
642,,,286,413,,,,,,,,,,,,,,,,,,,,,,,,,,,,,,,,,,,,,,,,,,,,,,,,,,,,,,,,,,,,,,,,,,,,,,,,,,,,,,,801.9238,803.4179,-2.8125,-2.8125,0,0,0,0,0,1,0,0,0,0,0,0,0,0,0,0,0,0,0,0,,,,,,,,,,,,,,,,,,,,,,,,,,,,,,,,,,
643,,,286,782,,,,,,,,,,,,,,,,,,,,,,,,,,,,,,,,,,,,,,,,,,,,,,,,,,,,,,,,,,,,,,,,,,,,,,,,,,,,,,,801.9238,803.4179,805.6591,805.6591,0,0,0,0,0,0,0,0,0,0,0,0,1,1,1,1,0,0,0,0,,,,,,,,,,,,,,,,,,,,,,,,,,,,,,,,,,
644,,,287,157,,,,,,,,,,,,,,,,,,,,,,,,,,,,,,,,,,,,,,,,,,,,,,,,,,,,,,,,,,,,,,,,,,,,,,,,,,,,,,,801.9238,803.4179,805.6591,805.6591,0,0,0,0,0,0,0,0,0,0,0,1,1,1,1,1,0,0,0,0,,,,,,,,,,,,,,,,,,,,,,,,,,,,,,,,,,
645,,,287,511,,,,,,,,,,,,,,,,,,,,,,,,,,,,,,,,,,,,,,,,,,,,,,,,,,,,,,,,,,,,,,,,,,,,,,,,,,,,,,,804.7083,0.3456,-2.8125,-2.8125,0,0,0,0,0,0,0,0,0,0,0,0,0,0,0,0,0,0,0,0,,,,,,,,,,,,,,,,,,,,,,,,,,,,,,,,,,
646,,,287,874,,,,,,,,,,,,,,,,,,,,,,,,,,,,,,,,,,,,,,,,,,,,,,,,,,,,,,,,,,,,,,,,,,,,,,,,,,,,,,,801.9238,803.4179,805.6591,805.6591,0,0,0,0,0,0,0,0,0,0,0,1,1,1,1,1,0,0,0,0,,,,,,,,,,,,,,,,,,,,,,,,,,,,,,,,,,
647,,,288,239,,,,,,,,,,,,,,,,,,,,,,,,,,,,,,,,,,,,,,,,,,,,,,,,,,,,,,,,,,,,,,,,,,,,,,,,,,,,,,,801.9238,803.4179,805.6591,805.6591,0,0,0,0,0,0,0,0,0,0,0,1,1,1,1,1,0,0,0,0,,,,,,,,,,,,,,,,,,,,,,,,,,,,,,,,,,
648,,,288,602,,,,,,,,,,,,,,,,,,,,,,,,,,,,,,,,,,,,,,,,,,,,,,,,,,,,,,,,,,,,,,,,,,,,,,,,,,,,,,,801.9238,803.4179,805.6591,805.6591,0,0,0,0,0,1,0,0,0,0,0,0,0,0,0,0,0,0,0,0,,,,,,,,,,,,,,,,,,,,,,,,,,,,,,,,,,
649,,,288,970,,,,,,,,,,,,,,,,,,,,,,,,,,,,,,,,,,,,,,,,,,,,,,,,,,,,,,,,,,,,,,,,,,,,,,,,,,,,,,,801.9238,803.4179,805.6591,805.6591,0,0,0,0,0,0,0,0,0,0,0,1,1,1,1,1,0,0,0,0,,,,,,,,,,,,,,,,,,,,,,,,,,,,,,,,,,
650,,,289,333,,,,,,,,,,,,,,,,,,,,,,,,,,,,,,,,,,,,,,,,,,,,,,,,,,,,,,,,,,,,,,,,,,,,,,,,,,,,,,,801.9238,803.4179,805.6591,805.6591,0,0,0,0,0,0,0,0,0,0,0,1,1,1,1,1,0,0,0,0,,,,,,,,,,,,,,,,,,,,,,,,,,,,,,,,,,
651,,,289,704,,,,,,,,,,,,,,,,,,,,,,,,,,,,,,,,,,,,,,,,,,,,,,,,,,,,,,,,,,,,,,,,,,,,,,,,,,,,,,,801.9238,803.4179,805.6591,805.6591,0,0,0,0,0,0,0,0,0,0,0,1,1,1,1,1,0,0,0,0,,,,,,,,,,,,,,,,,,,,,,,,,,,,,,,,,,
652,,,290,062,,,,,,,,,,,,,,,,,,,,,,,,,,,,,,,,,,,,,,,,,,,,,,,,,,,,,,,,,,,,,,,,,,,,,,,,,,,,,,,0.3456,0.3456,-2.8125,-2.8125,0,0,0,0,0,1,0,0,0,0,0,0,0,0,0,0,0,0,0,0,,,,,,,,,,,,,,,,,,,,,,,,,,,,,,,,,,
653,,,290,428,,,,,,,,,,,,,,,,,,,,,,,,,,,,,,,,,,,,,,,,,,,,,,,,,,,,,,,,,,,,,,,,,,,,,,,,,,,,,,,801.9238,803.4179,805.6591,805.6591,0,0,0,0,0,0,0,0,0,0,0,1,1,1,1,1,0,0,0,0,,,,,,,,,,,,,,,,,,,,,,,,,,,,,,,,,,
654,,,290,786,,,,,,,,,,,,,,,,,,,,,,,,,,,,,,,,,,,,,,,,,,,,,,,,,,,,,,,,,,,,,,,,,,,,,,,,,,,,,,,801.9238,803.4179,805.6591,805.6591,0,0,0,0,0,0,0,0,0,0,0,1,1,1,1,1,0,0,0,0,,,,,,,,,,,,,,,,,,,,,,,,,,,,,,,,,,
655,,,293,165,,,,,,,,,,,,,,,,,,,,,,,,,,,,,,,,,,,,,,,,,,,,,,,,,,,,,,,,,,,,,,,,,,,,,,,,,,,,,,,801.9238,803.4179,805.6591,805.6591,0,0,0,0,0,0,0,0,0,0,0,0,1,1,1,1,0,0,0,0,,,,,,,,,,,,,,,,,,,,,,,,,,,,,,,,,,
656,,,293,530,,,,,,,,,,,,,,,,,,,,,,,,,,,,,,,,,,,,,,,,,,,,,,,,,,,,,,,,,,,,,,,,,,,,,,,,,,,,,,,801.9238,803.4179,805.6591,805.6591,0,0,0,0,0,0,0,0,0,0,0,0,1,1,1,1,0,0,0,0,,,,,,,,,,,,,,,,,,,,,,,,,,,,,,,,,,
657,,,293,904,,,,,,,,,,,,,,,,,,,,,,,,,,,,,,,,,,,,,,,,,,,,,,,,,,,,,,,,,,,,,,,,,,,,,,,,,,,,,,,801.9238,803.4179,805.6591,805.6591,0,0,0,0,0,0,0,0,0,0,0,0,1,1,1,1,0,0,0,0,,,,,,,,,,,,,,,,,,,,,,,,,,,,,,,,,,
658,,,294,270,,,,,,,,,,,,,,,,,,,,,,,,,,,,,,,,,,,,,,,,,,,,,,,,,,,,,,,,,,,,,,,,,,,,,,,,,,,,,,,801.9238,803.4179,805.6591,805.6591,0,0,0,0,0,0,0,0,0,0,0,1,1,1,1,1,0,0,0,0,,,,,,,,,,,,,,,,,,,,,,,,,,,,,,,,,,
659,,,294,645,,,,,,,,,,,,,,,,,,,,,,,,,,,,,,,,,,,,,,,,,,,,,,,,,,,,,,,,,,,,,,,,,,,,,,,,,,,,,,,801.9238,803.4179,805.6591,805.6591,0,0,0,0,0,0,0,0,0,0,0,1,1,1,1,1,0,0,0,0,,,,,,,,,,,,,,,,,,,,,,,,,,,,,,,,,,
660,,,295,021,,,,,,,,,,,,,,,,,,,,,,,,,,,,,,,,,,,,,,,,,,,,,,,,,,,,,,,,,,,,,,,,,,,,,,,,,,,,,,,801.9238,803.4179,805.6591,805.6591,0,0,0,0,0,0,0,0,0,0,0,1,1,1,1,1,0,0,0,0,,,,,,,,,,,,,,,,,,,,,,,,,,,,,,,,,,
661,,,295,397,,,,,,,,,,,,,,,,,,,,,,,,,,,,,,,,,,,,,,,,,,,,,,,,,,,,,,,,,,,,,,,,,,,,,,,,,,,,,,,801.9238,803.4179,805.6591,805.6591,0,0,0,0,0,0,0,0,0,0,0,1,1,1,1,1,0,0,0,0,,,,,,,,,,,,,,,,,,,,,,,,,,,,,,,,,,
662,,,295,757,,,,,,,,,,,,,,,,,,,,,,,,,,,,,,,,,,,,,,,,,,,,,,,,,,,,,,,,,,,,,,,,,,,,,,,,,,,,,,,801.9238,803.4179,805.6591,805.6591,0,0,0,0,0,0,0,1,0,0,0,0,1,1,1,1,0,0,0,0,,,,,,,,,,,,,,,,,,,,,,,,,,,,,,,,,,
663,,,296,122,,,,,,,,,,,,,,,,,,,,,,,,,,,,,,,,,,,,,,,,,,,,,,,,,,,,,,,,,,,,,,,,,,,,,,,,,,,,,,,801.9238,803.4179,805.6591,805.6591,0,0,0,0,0,0,0,1,0,0,0,0,1,1,1,1,0,0,0,0,,,,,,,,,,,,,,,,,,,,,,,,,,,,,,,,,,
664,,,296,487,,,,,,,,,,,,,,,,,,,,,,,,,,,,,,,,,,,,,,,,,,,,,,,,,,,,,,,,,,,,,,,,,,,,,,,,,,,,,,,801.9238,803.4179,805.6591,805.6591,0,0,0,0,0,0,0,1,0,0,0,0,1,1,1,1,0,0,0,0,,,,,,,,,,,,,,,,,,,,,,,,,,,,,,,,,,
665,,,296,872,,,,,,,,,,,,,,,,,,,,,,,,,,,,,,,,,,,,,,,,,,,,,,,,,,,,,,,,,,,,,,,,,,,,,,,,,,,,,,,801.9238,803.4179,805.6591,805.6591,0,0,0,0,0,0,0,0,0,0,0,0,1,1,1,1,0,0,0,0,,,,,,,,,,,,,,,,,,,,,,,,,,,,,,,,,,
666,,,297,248,,,,,,,,,,,,,,,,,,,,,,,,,,,,,,,,,,,,,,,,,,,,,,,,,,,,,,,,,,,,,,,,,,,,,,,,,,,,,,,801.9238,803.4179,805.6591,805.6591,0,0,0,0,0,0,0,0,0,0,0,0,1,1,1,1,0,0,0,0,,,,,,,,,,,,,,,,,,,,,,,,,,,,,,,,,,
667,,,297,632,,,,,,,,,,,,,,,,,,,,,,,,,,,,,,,,,,,,,,,,,,,,,,,,,,,,,,,,,,,,,,,,,,,,,,,,,,,,,,,801.9238,803.4179,805.6591,805.6591,0,0,0,0,0,0,0,0,0,0,0,1,1,1,1,1,0,0,0,0,,,,,,,,,,,,,,,,,,,,,,,,,,,,,,,,,,
668,,,298,008,,,,,,,,,,,,,,,,,,,,,,,,,,,,,,,,,,,,,,,,,,,,,,,,,,,,,,,,,,,,,,,,,,,,,,,,,,,,,,,801.9238,803.4179,805.6591,805.6591,0,0,0,0,0,0,0,0,0,0,0,1,1,1,1,1,0,0,0,0,,,,,,,,,,,,,,,,,,,,,,,,,,,,,,,,,,
669,,,298,381,,,,,,,,,,,,,,,,,,,,,,,,,,,,,,,,,,,,,,,,,,,,,,,,,,,,,,,,,,,,,,,,,,,,,,,,,,,,,,,801.9238,803.4179,805.6591,805.6591,0,0,0,0,0,0,0,0,0,0,0,1,1,1,1,1,0,0,0,0,,,,,,,,,,,,,,,,,,,,,,,,,,,,,,,,,,
670,,,298,742,,,,,,,,,,,,,,,,,,,,,,,,,,,,,,,,,,,,,,,,,,,,,,,,,,,,,,,,,,,,,,,,,,,,,,,,,,,,,,,801.9238,803.4179,805.6591,805.6591,0,0,0,0,0,0,0,0,0,0,0,1,1,1,1,1,0,0,0,0,,,,,,,,,,,,,,,,,,,,,,,,,,,,,,,,,,
671,,,299,111,,,,,,,,,,,,,,,,,,,,,,,,,,,,,,,,,,,,,,,,,,,,,,,,,,,,,,,,,,,,,,,,,,,,,,,,,,,,,,,801.9238,803.4179,805.6591,805.6591,0,0,0,0,0,1,0,0,0,0,0,0,0,0,0,0,0,0,0,0,,,,,,,,,,,,,,,,,,,,,,,,,,,,,,,,,,
672,,,299,477,,,,,,,,,,,,,,,,,,,,,,,,,,,,,,,,,,,,,,,,,,,,,,,,,,,,,,,,,,,,,,,,,,,,,,,,,,,,,,,801.9238,803.4179,805.6591,805.6591,0,0,0,0,0,0,0,0,0,0,0,1,1,1,1,1,0,0,0,0,,,,,,,,,,,,,,,,,,,,,,,,,,,,,,,,,,
673,,,299,837,,,,,,,,,,,,,,,,,,,,,,,,,,,,,,,,,,,,,,,,,,,,,,,,,,,,,,,,,,,,,,,,,,,,,,,,,,,,,,,801.9238,803.4179,805.6591,805.6591,0,0,0,0,0,0,0,0,0,0,0,1,1,1,1,1,0,0,0,0,,,,,,,,,,,,,,,,,,,,,,,,,,,,,,,,,,
674,,,300,207,,,,,,,,,,,,,,,,,,,,,,,,,,,,,,,,,,,,,,,,,,,,,,,,,,,,,,,,,,,,,,,,,,,,,,,,,,,,,,,801.9238,803.4179,805.6591,805.6591,0,0,0,0,0,0,0,0,0,0,0,0,1,1,1,1,0,0,0,0,,,,,,,,,,,,,,,,,,,,,,,,,,,,,,,,,,
675,,,300,565,,,,,,,,,,,,,,,,,,,,,,,,,,,,,,,,,,,,,,,,,,,,,,,,,,,,,,,,,,,,,,,,,,,,,,,,,,,,,,,801.9238,803.4179,805.6591,805.6591,0,0,0,0,0,0,0,0,0,0,0,0,1,1,1,1,0,0,0,0,,,,,,,,,,,,,,,,,,,,,,,,,,,,,,,,,,
676,,,300,931,,,,,,,,,,,,,,,,,,,,,,,,,,,,,,,,,,,,,,,,,,,,,,,,,,,,,,,,,,,,,,,,,,,,,,,,,,,,,,,801.9238,803.4179,805.6591,805.6591,0,0,0,0,0,1,0,0,0,0,0,0,0,0,0,0,0,0,0,0,,,,,,,,,,,,,,,,,,,,,,,,,,,,,,,,,,
677,,,301,303,,,,,,,,,,,,,,,,,,,,,,,,,,,,,,,,,,,,,,,,,,,,,,,,,,,,,,,,,,,,,,,,,,,,,,,,,,,,,,,801.9238,803.4179,805.6591,805.6591,0,0,0,0,0,0,0,0,0,0,0,1,1,1,1,1,0,0,0,0,,,,,,,,,,,,,,,,,,,,,,,,,,,,,,,,,,
678,,,301,662,,,,,,,,,,,,,,,,,,,,,,,,,,,,,,,,,,,,,,,,,,,,,,,,,,,,,,,,,,,,,,,,,,,,,,,,,,,,,,,801.9238,803.4179,805.6591,805.6591,0,0,0,0,0,0,0,0,0,0,0,1,1,1,1,1,0,0,0,0,,,,,,,,,,,,,,,,,,,,,,,,,,,,,,,,,,
679,,,302,025,,,,,,,,,,,,,,,,,,,,,,,,,,,,,,,,,,,,,,,,,,,,,,,,,,,,,,,,,,,,,,,,,,,,,,,,,,,,,,,801.9238,803.4179,805.6591,805.6591,0,0,0,0,0,0,0,0,0,0,0,1,1,1,1,1,0,0,0,0,,,,,,,,,,,,,,,,,,,,,,,,,,,,,,,,,,
680,,,302,399,,,,,,,,,,,,,,,,,,,,,,,,,,,,,,,,,,,,,,,,,,,,,,,,,,,,,,,,,,,,,,,,,,,,,,,,,,,,,,,801.9238,803.4179,805.6591,805.6591,0,0,0,0,0,0,0,0,0,0,0,1,1,1,1,1,0,0,0,0,,,,,,,,,,,,,,,,,,,,,,,,,,,,,,,,,,
681,,,302,761,,,,,,,,,,,,,,,,,,,,,,,,,,,,,,,,,,,,,,,,,,,,,,,,,,,,,,,,,,,,,,,,,,,,,,,,,,,,,,,801.9238,803.4179,805.6591,805.6591,0,0,0,0,0,0,0,0,0,0,0,1,1,1,1,1,0,0,0,0,,,,,,,,,,,,,,,,,,,,,,,,,,,,,,,,,,
682,,,303,120,,,,,,,,,,,,,,,,,,,,,,,,,,,,,,,,,,,,,,,,,,,,,,,,,,,,,,,,,,,,,,,,,,,,,,,,,,,,,,,0.3456,0.3456,-2.8125,-2.8125,0,0,0,0,0,1,0,0,0,0,0,0,0,0,0,0,0,0,0,0,,,,,,,,,,,,,,,,,,,,,,,,,,,,,,,,,,
683,,,303,489,,,,,,,,,,,,,,,,,,,,,,,,,,,,,,,,,,,,,,,,,,,,,,,,,,,,,,,,,,,,,,,,,,,,,,,,,,,,,,,801.9238,803.4179,805.6591,805.6591,0,0,0,0,0,0,0,0,0,0,0,1,1,1,1,1,0,0,0,0,,,,,,,,,,,,,,,,,,,,,,,,,,,,,,,,,,
684,,,303,842,,,,,,,,,,,,,,,,,,,,,,,,,,,,,,,,,,,,,,,,,,,,,,,,,,,,,,,,,,,,,,,,,,,,,,,,,,,,,,,801.9238,803.4179,805.6591,805.6591,0,0,0,0,0,0,0,0,0,0,0,1,1,1,1,1,0,0,0,0,,,,,,,,,,,,,,,,,,,,,,,,,,,,,,,,,,
685,,,304,214,,,,,,,,,,,,,,,,,,,,,,,,,,,,,,,,,,,,,,,,,,,,,,,,,,,,,,,,,,,,,,,,,,,,,,,,,,,,,,,801.9238,803.4179,805.6591,805.6591,0,0,0,0,0,0,0,0,0,0,0,1,1,1,1,1,0,0,0,0,,,,,,,,,,,,,,,,,,,,,,,,,,,,,,,,,,
686,,,304,595,,,,,,,,,,,,,,,,,,,,,,,,,,,,,,,,,,,,,,,,,,,,,,,,,,,,,,,,,,,,,,,,,,,,,,,,,,,,,,,804.7083,0.3456,-2.8125,-2.8125,0,0,0,0,0,1,0,0,0,0,0,0,0,0,0,0,0,0,0,0,,,,,,,,,,,,,,,,,,,,,,,,,,,,,,,,,,
687,,,304,960,,,,,,,,,,,,,,,,,,,,,,,,,,,,,,,,,,,,,,,,,,,,,,,,,,,,,,,,,,,,,,,,,,,,,,,,,,,,,,,801.9238,803.4179,805.6591,805.6591,0,0,0,0,0,0,0,0,0,0,0,1,1,1,1,1,0,0,0,0,,,,,,,,,,,,,,,,,,,,,,,,,,,,,,,,,,
688,,,305,322,,,,,,,,,,,,,,,,,,,,,,,,,,,,,,,,,,,,,,,,,,,,,,,,,,,,,,,,,,,,,,,,,,,,,,,,,,,,,,,801.9238,803.4179,805.6591,805.6591,0,0,0,0,0,0,0,0,0,0,0,1,1,1,1,1,0,0,0,0,,,,,,,,,,,,,,,,,,,,,,,,,,,,,,,,,,
689,,,305,700,,,,,,,,,,,,,,,,,,,,,,,,,,,,,,,,,,,,,,,,,,,,,,,,,,,,,,,,,,,,,,,,,,,,,,,,,,,,,,,801.9238,803.4179,805.6591,805.6591,0,0,0,0,0,0,0,0,0,0,0,1,1,1,1,1,0,0,0,0,,,,,,,,,,,,,,,,,,,,,,,,,,,,,,,,,,
690,,,306,064,,,,,,,,,,,,,,,,,,,,,,,,,,,,,,,,,,,,,,,,,,,,,,,,,,,,,,,,,,,,,,,,,,,,,,,,,,,,,,,801.9238,803.4179,805.6591,805.6591,0,0,0,0,0,1,0,0,0,0,0,0,0,0,0,0,0,0,0,0,,,,,,,,,,,,,,,,,,,,,,,,,,,,,,,,,,
691,,,306,441,,,,,,,,,,,,,,,,,,,,,,,,,,,,,,,,,,,,,,,,,,,,,,,,,,,,,,,,,,,,,,,,,,,,,,,,,,,,,,,801.9238,803.4179,805.6591,805.6591,0,0,0,0,0,0,0,0,0,0,0,1,1,1,1,1,0,0,0,0,,,,,,,,,,,,,,,,,,,,,,,,,,,,,,,,,,
692,,,306,791,,,,,,,,,,,,,,,,,,,,,,,,,,,,,,,,,,,,,,,,,,,,,,,,,,,,,,,,,,,,,,,,,,,,,,,,,,,,,,,801.9238,803.4179,805.6591,805.6591,0,0,0,0,0,0,0,0,0,0,0,1,1,1,1,1,0,0,0,0,,,,,,,,,,,,,,,,,,,,,,,,,,,,,,,,,,
693,,,307,161,,,,,,,,,,,,,,,,,,,,,,,,,,,,,,,,,,,,,,,,,,,,,,,,,,,,,,,,,,,,,,,,,,,,,,,,,,,,,,,801.9238,803.4179,805.6591,805.6591,0,0,0,0,0,0,0,0,0,0,0,1,1,1,1,1,0,0,0,0,,,,,,,,,,,,,,,,,,,,,,,,,,,,,,,,,,
694,,,307,518,,,,,,,,,,,,,,,,,,,,,,,,,,,,,,,,,,,,,,,,,,,,,,,,,,,,,,,,,,,,,,,,,,,,,,,,,,,,,,,801.9238,803.4179,805.6591,805.6591,0,0,0,0,0,0,0,0,0,0,0,1,1,1,1,1,0,0,0,0,,,,,,,,,,,,,,,,,,,,,,,,,,,,,,,,,,
695,,,307,895,,,,,,,,,,,,,,,,,,,,,,,,,,,,,,,,,,,,,,,,,,,,,,,,,,,,,,,,,,,,,,,,,,,,,,,,,,,,,,,801.9238,803.4179,805.6591,805.6591,0,0,0,0,0,0,0,0,0,0,0,1,1,1,1,1,0,0,0,0,,,,,,,,,,,,,,,,,,,,,,,,,,,,,,,,,,
696,,,308,268,,,,,,,,,,,,,,,,,,,,,,,,,,,,,,,,,,,,,,,,,,,,,,,,,,,,,,,,,,,,,,,,,,,,,,,,,,,,,,,801.9238,803.4179,805.6591,805.6591,0,0,0,0,0,0,0,0,0,0,0,1,1,1,1,1,0,0,0,0,,,,,,,,,,,,,,,,,,,,,,,,,,,,,,,,,,
697,,,310,639,,,,,,,,,,,,,,,,,,,,,,,,,,,,,,,,,,,,,,,,,,,,,,,,,,,,,,,,,,,,,,,,,,,,,,,,,,,,,,,801.9238,803.4179,805.6591,805.6591,0,0,0,0,0,0,0,0,0,0,0,1,1,1,1,1,0,0,0,0,,,,,,,,,,,,,,,,,,,,,,,,,,,,,,,,,,
698,,,310,998,,,,,,,,,,,,,,,,,,,,,,,,,,,,,,,,,,,,,,,,,,,,,,,,,,,,,,,,,,,,,,,,,,,,,,,,,,,,,,,801.9238,803.4179,805.6591,805.6591,0,0,0,0,0,0,0,0,0,0,0,1,1,1,1,1,0,0,0,0,,,,,,,,,,,,,,,,,,,,,,,,,,,,,,,,,,
699,,,311,361,,,,,,,,,,,,,,,,,,,,,,,,,,,,,,,,,,,,,,,,,,,,,,,,,,,,,,,,,,,,,,,,,,,,,,,,,,,,,,,801.9238,803.4179,805.6591,805.6591,0,0,0,0,0,1,0,0,0,0,0,0,0,0,0,0,0,0,0,0,,,,,,,,,,,,,,,,,,,,,,,,,,,,,,,,,,
700,,,311,742,,,,,,,,,,,,,,,,,,,,,,,,,,,,,,,,,,,,,,,,,,,,,,,,,,,,,,,,,,,,,,,,,,,,,,,,,,,,,,,801.9238,803.4179,805.6591,805.6591,0,0,0,0,0,0,0,1,0,0,0,0,1,1,1,1,0,0,0,0,,,,,,,,,,,,,,,,,,,,,,,,,,,,,,,,,,
701,,,312,143,,,,,,,,,,,,,,,,,,,,,,,,,,,,,,,,,,,,,,,,,,,,,,,,,,,,,,,,,,,,,,,,,,,,,,,,,,,,,,,801.9238,803.4179,805.6591,805.6591,0,0,0,0,0,0,0,0,0,0,0,1,1,1,1,1,0,0,0,0,,,,,,,,,,,,,,,,,,,,,,,,,,,,,,,,,,
702,,,312,564,,,,,,,,,,,,,,,,,,,,,,,,,,,,,,,,,,,,,,,,,,,,,,,,,,,,,,,,,,,,,,,,,,,,,,,,,,,,,,,801.9238,803.4179,805.6591,805.6591,0,0,0,0,0,0,0,0,0,0,0,1,1,1,1,1,0,0,0,0,,,,,,,,,,,,,,,,,,,,,,,,,,,,,,,,,,
703,,,312,938,,,,,,,,,,,,,,,,,,,,,,,,,,,,,,,,,,,,,,,,,,,,,,,,,,,,,,,,,,,,,,,,,,,,,,,,,,,,,,,801.9238,803.4179,805.6591,805.6591,0,0,0,0,0,0,0,1,0,0,0,0,1,1,1,1,0,0,0,0,,,,,,,,,,,,,,,,,,,,,,,,,,,,,,,,,,
704,,,313,294,,,,,,,,,,,,,,,,,,,,,,,,,,,,,,,,,,,,,,,,,,,,,,,,,,,,,,,,,,,,,,,,,,,,,,,,,,,,,,,801.9238,803.4179,805.6591,805.6591,0,0,0,0,0,0,0,1,0,0,0,0,1,1,1,1,0,0,0,0,,,,,,,,,,,,,,,,,,,,,,,,,,,,,,,,,,
705,,,313,662,,,,,,,,,,,,,,,,,,,,,,,,,,,,,,,,,,,,,,,,,,,,,,,,,,,,,,,,,,,,,,,,,,,,,,,,,,,,,,,801.9238,803.4179,805.6591,805.6591,0,0,0,0,0,0,0,0,0,0,0,1,1,1,1,1,0,0,0,0,,,,,,,,,,,,,,,,,,,,,,,,,,,,,,,,,,
706,,,314,031,,,,,,,,,,,,,,,,,,,,,,,,,,,,,,,,,,,,,,,,,,,,,,,,,,,,,,,,,,,,,,,,,,,,,,,,,,,,,,,801.9238,803.4179,805.6591,805.6591,0,0,0,0,0,0,0,0,0,0,0,1,1,1,1,1,0,0,0,0,,,,,,,,,,,,,,,,,,,,,,,,,,,,,,,,,,
707,,,314,399,,,,,,,,,,,,,,,,,,,,,,,,,,,,,,,,,,,,,,,,,,,,,,,,,,,,,,,,,,,,,,,,,,,,,,,,,,,,,,,801.9238,803.4179,805.6591,805.6591,0,0,0,0,0,0,0,0,0,0,0,1,1,1,1,1,0,0,0,0,,,,,,,,,,,,,,,,,,,,,,,,,,,,,,,,,,
708,,,314,777,,,,,,,,,,,,,,,,,,,,,,,,,,,,,,,,,,,,,,,,,,,,,,,,,,,,,,,,,,,,,,,,,,,,,,,,,,,,,,,801.9238,803.4179,805.6591,805.6591,0,0,0,0,0,0,0,0,0,0,0,1,1,1,1,1,0,0,0,0,,,,,,,,,,,,,,,,,,,,,,,,,,,,,,,,,,
709,,,315,151,,,,,,,,,,,,,,,,,,,,,,,,,,,,,,,,,,,,,,,,,,,,,,,,,,,,,,,,,,,,,,,,,,,,,,,,,,,,,,,801.9238,803.4179,805.6591,805.6591,0,0,0,0,0,0,0,0,0,0,0,1,1,1,1,1,0,0,0,0,,,,,,,,,,,,,,,,,,,,,,,,,,,,,,,,,,
710,,,315,520,,,,,,,,,,,,,,,,,,,,,,,,,,,,,,,,,,,,,,,,,,,,,,,,,,,,,,,,,,,,,,,,,,,,,,,,,,,,,,,801.9238,803.4179,805.6591,805.6591,0,0,0,0,0,0,0,0,0,0,0,1,1,1,1,1,0,0,0,0,,,,,,,,,,,,,,,,,,,,,,,,,,,,,,,,,,
711,,,315,889,,,,,,,,,,,,,,,,,,,,,,,,,,,,,,,,,,,,,,,,,,,,,,,,,,,,,,,,,,,,,,,,,,,,,,,,,,,,,,,801.9238,803.4179,805.6591,805.6591,0,0,0,0,0,0,0,0,0,0,0,1,1,1,1,1,0,0,0,0,,,,,,,,,,,,,,,,,,,,,,,,,,,,,,,,,,
712,,,316,294,,,,,,,,,,,,,,,,,,,,,,,,,,,,,,,,,,,,,,,,,,,,,,,,,,,,,,,,,,,,,,,,,,,,,,,,,,,,,,,801.9238,803.4179,805.6591,805.6591,0,0,0,0,0,0,0,0,0,0,0,1,1,1,1,1,0,0,0,0,,,,,,,,,,,,,,,,,,,,,,,,,,,,,,,,,,
713,,,316,661,,,,,,,,,,,,,,,,,,,,,,,,,,,,,,,,,,,,,,,,,,,,,,,,,,,,,,,,,,,,,,,,,,,,,,,,,,,,,,,801.9238,803.4179,805.6591,805.6591,0,0,0,0,0,0,0,0,0,0,0,1,1,1,1,1,0,0,0,0,,,,,,,,,,,,,,,,,,,,,,,,,,,,,,,,,,
714,,,317,027,,,,,,,,,,,,,,,,,,,,,,,,,,,,,,,,,,,,,,,,,,,,,,,,,,,,,,,,,,,,,,,,,,,,,,,,,,,,,,,801.9238,803.4179,805.6591,805.6591,0,0,0,0,0,0,0,0,0,0,0,0,1,1,1,1,0,0,0,0,,,,,,,,,,,,,,,,,,,,,,,,,,,,,,,,,,
715,,,317,393,,,,,,,,,,,,,,,,,,,,,,,,,,,,,,,,,,,,,,,,,,,,,,,,,,,,,,,,,,,,,,,,,,,,,,,,,,,,,,,801.9238,803.4179,805.6591,805.6591,0,0,0,0,0,0,0,0,0,0,0,0,1,1,1,1,0,0,0,0,,,,,,,,,,,,,,,,,,,,,,,,,,,,,,,,,,
716,,,317,752,,,,,,,,,,,,,,,,,,,,,,,,,,,,,,,,,,,,,,,,,,,,,,,,,,,,,,,,,,,,,,,,,,,,,,,,,,,,,,,801.9238,803.4179,805.6591,805.6591,0,0,0,0,0,0,0,0,0,0,0,0,1,1,1,1,0,0,0,0,,,,,,,,,,,,,,,,,,,,,,,,,,,,,,,,,,
717,,,318,123,,,,,,,,,,,,,,,,,,,,,,,,,,,,,,,,,,,,,,,,,,,,,,,,,,,,,,,,,,,,,,,,,,,,,,,,,,,,,,,801.9238,803.4179,805.6591,805.6591,0,0,0,0,0,0,0,0,0,0,0,0,1,1,1,1,0,0,0,0,,,,,,,,,,,,,,,,,,,,,,,,,,,,,,,,,,
718,,,318,484,,,,,,,,,,,,,,,,,,,,,,,,,,,,,,,,,,,,,,,,,,,,,,,,,,,,,,,,,,,,,,,,,,,,,,,,,,,,,,,801.9238,803.4179,805.6591,805.6591,0,0,0,0,0,0,0,0,0,0,0,1,1,1,1,1,0,0,0,0,,,,,,,,,,,,,,,,,,,,,,,,,,,,,,,,,,
719,,,318,852,,,,,,,,,,,,,,,,,,,,,,,,,,,,,,,,,,,,,,,,,,,,,,,,,,,,,,,,,,,,,,,,,,,,,,,,,,,,,,,801.9238,803.4179,805.6591,805.6591,0,0,0,0,0,0,0,0,0,0,0,1,1,1,1,1,0,0,0,0,,,,,,,,,,,,,,,,,,,,,,,,,,,,,,,,,,
720,,,319,214,,,,,,,,,,,,,,,,,,,,,,,,,,,,,,,,,,,,,,,,,,,,,,,,,,,,,,,,,,,,,,,,,,,,,,,,,,,,,,,801.9238,803.4179,805.6591,805.6591,0,0,0,0,0,0,0,0,0,0,0,1,1,1,1,1,0,0,0,0,,,,,,,,,,,,,,,,,,,,,,,,,,,,,,,,,,
721,,,319,584,,,,,,,,,,,,,,,,,,,,,,,,,,,,,,,,,,,,,,,,,,,,,,,,,,,,,,,,,,,,,,,,,,,,,,,,,,,,,,,801.9238,803.4179,805.6591,805.6591,0,0,0,0,0,0,0,0,0,0,0,1,1,1,1,1,0,0,0,0,,,,,,,,,,,,,,,,,,,,,,,,,,,,,,,,,,
722,,,321,980,,,,,,,,,,,,,,,,,,,,,,,,,,,,,,,,,,,,,,,,,,,,,,,,,,,,,,,,,,,,,,,,,,,,,,,,,,,,,,,801.9238,803.4179,805.6591,805.6591,0,0,0,0,0,0,0,0,0,0,0,1,1,1,1,1,0,0,0,0,,,,,,,,,,,,,,,,,,,,,,,,,,,,,,,,,,
723,,,322,347,,,,,,,,,,,,,,,,,,,,,,,,,,,,,,,,,,,,,,,,,,,,,,,,,,,,,,,,,,,,,,,,,,,,,,,,,,,,,,,801.9238,803.4179,805.6591,805.6591,0,0,0,0,0,0,0,0,0,0,0,1,1,1,1,1,0,0,0,0,,,,,,,,,,,,,,,,,,,,,,,,,,,,,,,,,,
724,,,322,707,,,,,,,,,,,,,,,,,,,,,,,,,,,,,,,,,,,,,,,,,,,,,,,,,,,,,,,,,,,,,,,,,,,,,,,,,,,,,,,801.9238,803.4179,805.6591,805.6591,0,0,0,0,0,0,0,0,0,0,0,0,1,1,1,1,0,0,0,0,,,,,,,,,,,,,,,,,,,,,,,,,,,,,,,,,,
725,,,323,067,,,,,,,,,,,,,,,,,,,,,,,,,,,,,,,,,,,,,,,,,,,,,,,,,,,,,,,,,,,,,,,,,,,,,,,,,,,,,,,801.9238,803.4179,805.6591,805.6591,0,0,0,0,0,0,0,0,0,0,0,0,1,1,1,1,0,0,0,0,,,,,,,,,,,,,,,,,,,,,,,,,,,,,,,,,,
726,,,325,448,,,,,,,,,,,,,,,,,,,,,,,,,,,,,,,,,,,,,,,,,,,,,,,,,,,,,,,,,,,,,,,,,,,,,,,,,,,,,,,801.9238,803.4179,805.6591,805.6591,0,0,0,0,0,0,0,0,0,0,0,1,1,1,1,1,0,0,0,0,,,,,,,,,,,,,,,,,,,,,,,,,,,,,,,,,,
727,,,328,079,,,,,,,,,,,,,,,,,,,,,,,,,,,,,,,,,,,,,,,,,,,,,,,,,,,,,,,,,,,,,,,,,,,,,,,,,,,,,,,801.9238,803.4179,805.6591,805.6591,0,0,0,0,0,0,0,0,0,0,0,1,1,1,1,1,0,0,0,0,,,,,,,,,,,,,,,,,,,,,,,,,,,,,,,,,,
728,,,328,439,,,,,,,,,,,,,,,,,,,,,,,,,,,,,,,,,,,,,,,,,,,,,,,,,,,,,,,,,,,,,,,,,,,,,,,,,,,,,,,801.9238,803.4179,805.6591,805.6591,0,0,0,0,0,0,0,0,0,0,0,1,1,1,1,1,0,0,0,0,,,,,,,,,,,,,,,,,,,,,,,,,,,,,,,,,,
729,,,328,807,,,,,,,,,,,,,,,,,,,,,,,,,,,,,,,,,,,,,,,,,,,,,,,,,,,,,,,,,,,,,,,,,,,,,,,,,,,,,,,801.9238,803.4179,805.6591,805.6591,0,0,0,0,0,0,0,0,0,0,0,1,1,1,1,1,0,0,0,0,,,,,,,,,,,,,,,,,,,,,,,,,,,,,,,,,,
730,,,329,161,,,,,,,,,,,,,,,,,,,,,,,,,,,,,,,,,,,,,,,,,,,,,,,,,,,,,,,,,,,,,,,,,,,,,,,,,,,,,,,801.9238,803.4179,805.6591,805.6591,0,0,0,0,0,0,0,0,0,0,0,1,1,1,1,1,0,0,0,0,,,,,,,,,,,,,,,,,,,,,,,,,,,,,,,,,,
731,,,329,535,,,,,,,,,,,,,,,,,,,,,,,,,,,,,,,,,,,,,,,,,,,,,,,,,,,,,,,,,,,,,,,,,,,,,,,,,,,,,,,801.9238,803.4179,805.6591,805.6591,0,0,0,0,0,0,0,0,0,0,0,1,1,1,1,1,0,0,0,0,,,,,,,,,,,,,,,,,,,,,,,,,,,,,,,,,,
732,,,329,901,,,,,,,,,,,,,,,,,,,,,,,,,,,,,,,,,,,,,,,,,,,,,,,,,,,,,,,,,,,,,,,,,,,,,,,,,,,,,,,801.9238,803.4179,805.6591,805.6591,0,0,0,0,0,0,0,0,0,0,0,1,1,1,1,1,0,0,0,0,,,,,,,,,,,,,,,,,,,,,,,,,,,,,,,,,,
733,,,330,264,,,,,,,,,,,,,,,,,,,,,,,,,,,,,,,,,,,,,,,,,,,,,,,,,,,,,,,,,,,,,,,,,,,,,,,,,,,,,,,801.9238,803.4179,805.6591,805.6591,0,0,0,0,0,0,0,0,0,0,0,0,1,1,1,1,0,0,0,0,,,,,,,,,,,,,,,,,,,,,,,,,,,,,,,,,,
734,,,330,639,,,,,,,,,,,,,,,,,,,,,,,,,,,,,,,,,,,,,,,,,,,,,,,,,,,,,,,,,,,,,,,,,,,,,,,,,,,,,,,801.9238,803.4179,805.6591,805.6591,0,0,0,0,0,0,0,0,0,0,0,0,1,1,1,1,0,0,0,0,,,,,,,,,,,,,,,,,,,,,,,,,,,,,,,,,,
735,,,331,000,,,,,,,,,,,,,,,,,,,,,,,,,,,,,,,,,,,,,,,,,,,,,,,,,,,,,,,,,,,,,,,,,,,,,,,,,,,,,,,801.9238,803.4179,805.6591,805.6591,0,0,0,0,0,0,0,0,0,0,0,0,1,1,1,1,0,0,0,0,,,,,,,,,,,,,,,,,,,,,,,,,,,,,,,,,,
736,,,331,367,,,,,,,,,,,,,,,,,,,,,,,,,,,,,,,,,,,,,,,,,,,,,,,,,,,,,,,,,,,,,,,,,,,,,,,,,,,,,,,801.9238,803.4179,805.6591,805.6591,0,0,0,0,0,0,0,0,0,0,0,0,1,1,1,1,0,0,0,0,,,,,,,,,,,,,,,,,,,,,,,,,,,,,,,,,,
737,,,331,727,,,,,,,,,,,,,,,,,,,,,,,,,,,,,,,,,,,,,,,,,,,,,,,,,,,,,,,,,,,,,,,,,,,,,,,,,,,,,,,801.9238,803.4179,805.6591,805.6591,0,0,0,0,0,0,0,0,0,0,0,0,1,1,1,1,0,0,0,0,,,,,,,,,,,,,,,,,,,,,,,,,,,,,,,,,,
738,,,332,090,,,,,,,,,,,,,,,,,,,,,,,,,,,,,,,,,,,,,,,,,,,,,,,,,,,,,,,,,,,,,,,,,,,,,,,,,,,,,,,801.9238,803.4179,805.6591,805.6591,0,0,0,0,0,0,0,0,0,0,0,1,1,1,1,1,0,0,0,0,,,,,,,,,,,,,,,,,,,,,,,,,,,,,,,,,,
739,,,332,464,,,,,,,,,,,,,,,,,,,,,,,,,,,,,,,,,,,,,,,,,,,,,,,,,,,,,,,,,,,,,,,,,,,,,,,,,,,,,,,801.9238,803.4179,805.6591,805.6591,0,0,0,0,0,0,0,0,0,0,0,1,1,1,1,1,0,0,0,0,,,,,,,,,,,,,,,,,,,,,,,,,,,,,,,,,,
740,,,332,821,,,,,,,,,,,,,,,,,,,,,,,,,,,,,,,,,,,,,,,,,,,,,,,,,,,,,,,,,,,,,,,,,,,,,,,,,,,,,,,801.9238,803.4179,805.6591,805.6591,0,0,0,0,0,0,0,0,0,0,0,1,1,1,1,1,0,0,0,0,,,,,,,,,,,,,,,,,,,,,,,,,,,,,,,,,,
741,,,333,194,,,,,,,,,,,,,,,,,,,,,,,,,,,,,,,,,,,,,,,,,,,,,,,,,,,,,,,,,,,,,,,,,,,,,,,,,,,,,,,801.9238,803.4179,805.6591,805.6591,0,0,0,0,0,0,0,0,0,0,0,1,1,1,1,1,0,0,0,0,,,,,,,,,,,,,,,,,,,,,,,,,,,,,,,,,,
742,,,333,551,,,,,,,,,,,,,,,,,,,,,,,,,,,,,,,,,,,,,,,,,,,,,,,,,,,,,,,,,,,,,,,,,,,,,,,,,,,,,,,801.9238,803.4179,805.6591,805.6591,0,0,0,0,0,0,0,0,0,0,0,1,1,1,1,1,0,0,0,0,,,,,,,,,,,,,,,,,,,,,,,,,,,,,,,,,,
743,,,333,931,,,,,,,,,,,,,,,,,,,,,,,,,,,,,,,,,,,,,,,,,,,,,,,,,,,,,,,,,,,,,,,,,,,,,,,,,,,,,,,801.9238,803.4179,805.6591,805.6591,0,0,0,0,0,0,0,0,0,0,0,1,1,1,1,1,0,0,0,0,,,,,,,,,,,,,,,,,,,,,,,,,,,,,,,,,,
744,,,334,300,,,,,,,,,,,,,,,,,,,,,,,,,,,,,,,,,,,,,,,,,,,,,,,,,,,,,,,,,,,,,,,,,,,,,,,,,,,,,,,801.9238,803.4179,805.6591,805.6591,0,0,0,0,0,0,0,0,0,0,0,1,1,1,1,1,0,0,0,0,,,,,,,,,,,,,,,,,,,,,,,,,,,,,,,,,,
745,,,334,664,,,,,,,,,,,,,,,,,,,,,,,,,,,,,,,,,,,,,,,,,,,,,,,,,,,,,,,,,,,,,,,,,,,,,,,,,,,,,,,801.9238,803.4179,805.6591,805.6591,0,0,0,0,0,0,0,0,0,0,0,1,1,1,1,1,0,0,0,0,,,,,,,,,,,,,,,,,,,,,,,,,,,,,,,,,,
746,,,335,023,,,,,,,,,,,,,,,,,,,,,,,,,,,,,,,,,,,,,,,,,,,,,,,,,,,,,,,,,,,,,,,,,,,,,,,,,,,,,,,801.9238,803.4179,805.6591,805.6591,0,0,0,0,0,0,0,0,0,0,0,1,1,1,1,1,0,0,0,0,,,,,,,,,,,,,,,,,,,,,,,,,,,,,,,,,,
747,,,335,391,,,,,,,,,,,,,,,,,,,,,,,,,,,,,,,,,,,,,,,,,,,,,,,,,,,,,,,,,,,,,,,,,,,,,,,,,,,,,,,801.9238,803.4179,805.6591,805.6591,0,0,0,0,0,0,0,0,0,0,0,1,1,1,1,1,0,0,0,0,,,,,,,,,,,,,,,,,,,,,,,,,,,,,,,,,,
748,,,335,748,,,,,,,,,,,,,,,,,,,,,,,,,,,,,,,,,,,,,,,,,,,,,,,,,,,,,,,,,,,,,,,,,,,,,,,,,,,,,,,-2.8125,-2.8125,-2.8125,717.5061,0,0,0,0,0,0,0,0,0,0,0,0,0,0,0,0,0,0,0,0,,,,,,,,,,,,,,,,,,,,,,,,,,,,,,,,,,
749,,,336,102,,,,,,,,,,,,,,,,,,,,,,,,,,,,,,,,,,,,,,,,,,,,,,,,,,,,,,,,,,,,,,,,,,,,,,,,,,,,,,,801.9238,803.4179,805.6591,805.6591,0,0,0,0,0,0,0,0,0,0,0,1,1,1,1,1,0,0,0,0,,,,,,,,,,,,,,,,,,,,,,,,,,,,,,,,,,
750,,,336,466,,,,,,,,,,,,,,,,,,,,,,,,,,,,,,,,,,,,,,,,,,,,,,,,,,,,,,,,,,,,,,,,,,,,,,,,,,,,,,,801.9238,803.4179,805.6591,805.6591,0,0,0,0,0,1,0,0,0,0,0,0,0,0,0,0,0,0,0,0,,,,,,,,,,,,,,,,,,,,,,,,,,,,,,,,,,
751,,,336,825,,,,,,,,,,,,,,,,,,,,,,,,,,,,,,,,,,,,,,,,,,,,,,,,,,,,,,,,,,,,,,,,,,,,,,,,,,,,,,,801.9238,803.4179,805.6591,805.6591,0,0,0,0,0,0,0,0,0,0,0,1,1,1,1,1,0,0,0,0,,,,,,,,,,,,,,,,,,,,,,,,,,,,,,,,,,
752,,,337,193,,,,,,,,,,,,,,,,,,,,,,,,,,,,,,,,,,,,,,,,,,,,,,,,,,,,,,,,,,,,,,,,,,,,,,,,,,,,,,,801.9238,803.4179,805.6591,805.6591,0,0,0,0,0,0,0,0,0,0,0,1,1,1,1,1,0,0,0,0,,,,,,,,,,,,,,,,,,,,,,,,,,,,,,,,,,
753,,,337,567,,,,,,,,,,,,,,,,,,,,,,,,,,,,,,,,,,,,,,,,,,,,,,,,,,,,,,,,,,,,,,,,,,,,,,,,,,,,,,,801.9238,803.4179,805.6591,805.6591,0,0,0,0,0,0,0,0,0,0,0,1,1,1,1,1,0,0,0,0,,,,,,,,,,,,,,,,,,,,,,,,,,,,,,,,,,
754,,,337,941,,,,,,,,,,,,,,,,,,,,,,,,,,,,,,,,,,,,,,,,,,,,,,,,,,,,,,,,,,,,,,,,,,,,,,,,,,,,,,,801.9238,803.4179,805.6591,805.6591,0,0,0,0,0,0,0,0,0,0,0,1,1,1,1,1,0,0,0,0,,,,,,,,,,,,,,,,,,,,,,,,,,,,,,,,,,
755,,,338,303,,,,,,,,,,,,,,,,,,,,,,,,,,,,,,,,,,,,,,,,,,,,,,,,,,,,,,,,,,,,,,,,,,,,,,,,,,,,,,,801.9238,803.4179,805.6591,805.6591,0,0,0,0,0,0,0,0,0,0,0,1,1,1,1,1,0,0,0,0,,,,,,,,,,,,,,,,,,,,,,,,,,,,,,,,,,
756,,,338,673,,,,,,,,,,,,,,,,,,,,,,,,,,,,,,,,,,,,,,,,,,,,,,,,,,,,,,,,,,,,,,,,,,,,,,,,,,,,,,,801.9238,803.4179,805.6591,805.6591,0,0,0,0,0,0,0,0,0,0,0,1,1,1,1,1,0,0,0,0,,,,,,,,,,,,,,,,,,,,,,,,,,,,,,,,,,
757,,,339,038,,,,,,,,,,,,,,,,,,,,,,,,,,,,,,,,,,,,,,,,,,,,,,,,,,,,,,,,,,,,,,,,,,,,,,,,,,,,,,,801.9238,803.4179,805.6591,805.6591,0,0,0,0,0,0,0,0,0,0,0,1,1,1,1,1,0,0,0,0,,,,,,,,,,,,,,,,,,,,,,,,,,,,,,,,,,
758,,,339,405,,,,,,,,,,,,,,,,,,,,,,,,,,,,,,,,,,,,,,,,,,,,,,,,,,,,,,,,,,,,,,,,,,,,,,,,,,,,,,,0.3456,0.3456,-2.8124,-2.8125,0,0,0,0,0,1,0,0,0,0,0,0,0,0,0,0,0,0,0,0,,,,,,,,,,,,,,,,,,,,,,,,,,,,,,,,,,
759,,,339,770,,,,,,,,,,,,,,,,,,,,,,,,,,,,,,,,,,,,,,,,,,,,,,,,,,,,,,,,,,,,,,,,,,,,,,,,,,,,,,,801.9238,803.4179,805.6591,805.6591,0,0,0,0,0,0,0,0,0,0,0,1,1,1,1,1,0,0,0,0,,,,,,,,,,,,,,,,,,,,,,,,,,,,,,,,,,
760,,,340,144,,,,,,,,,,,,,,,,,,,,,,,,,,,,,,,,,,,,,,,,,,,,,,,,,,,,,,,,,,,,,,,,,,,,,,,,,,,,,,,801.9238,803.4179,805.6591,805.6591,0,0,0,0,0,0,0,0,0,0,0,1,1,1,1,1,0,0,0,0,,,,,,,,,,,,,,,,,,,,,,,,,,,,,,,,,,
761,,,340,515,,,,,,,,,,,,,,,,,,,,,,,,,,,,,,,,,,,,,,,,,,,,,,,,,,,,,,,,,,,,,,,,,,,,,,,,,,,,,,,801.9238,803.4179,805.6591,805.6591,0,0,0,0,0,0,0,0,0,0,0,1,1,1,1,1,0,0,0,0,,,,,,,,,,,,,,,,,,,,,,,,,,,,,,,,,,
762,,,340,887,,,,,,,,,,,,,,,,,,,,,,,,,,,,,,,,,,,,,,,,,,,,,,,,,,,,,,,,,,,,,,,,,,,,,,,,,,,,,,,801.9238,803.4179,805.6591,805.6591,0,0,0,0,0,0,0,0,0,0,0,1,1,1,1,1,0,0,0,0,,,,,,,,,,,,,,,,,,,,,,,,,,,,,,,,,,
763,,,341,269,,,,,,,,,,,,,,,,,,,,,,,,,,,,,,,,,,,,,,,,,,,,,,,,,,,,,,,,,,,,,,,,,,,,,,,,,,,,,,,801.9238,803.4179,805.6591,805.6591,0,0,0,0,0,0,0,0,0,0,0,1,1,1,1,1,0,0,0,0,,,,,,,,,,,,,,,,,,,,,,,,,,,,,,,,,,
764,,,343,690,,,,,,,,,,,,,,,,,,,,,,,,,,,,,,,,,,,,,,,,,,,,,,,,,,,,,,,,,,,,,,,,,,,,,,,,,,,,,,,801.9238,803.4179,805.6591,805.6591,0,0,0,0,0,0,0,0,0,0,0,0,1,1,1,1,0,0,0,0,,,,,,,,,,,,,,,,,,,,,,,,,,,,,,,,,,
765,,,344,068,,,,,,,,,,,,,,,,,,,,,,,,,,,,,,,,,,,,,,,,,,,,,,,,,,,,,,,,,,,,,,,,,,,,,,,,,,,,,,,801.9238,803.4179,805.6591,805.6591,0,0,0,0,0,0,0,0,0,0,0,0,1,1,1,1,0,0,0,0,,,,,,,,,,,,,,,,,,,,,,,,,,,,,,,,,,
766,,,344,438,,,,,,,,,,,,,,,,,,,,,,,,,,,,,,,,,,,,,,,,,,,,,,,,,,,,,,,,,,,,,,,,,,,,,,,,,,,,,,,801.9238,803.4179,805.6591,805.6591,0,0,0,0,0,0,0,0,0,0,0,0,1,1,1,1,0,0,0,0,,,,,,,,,,,,,,,,,,,,,,,,,,,,,,,,,,
767,,,344,812,,,,,,,,,,,,,,,,,,,,,,,,,,,,,,,,,,,,,,,,,,,,,,,,,,,,,,,,,,,,,,,,,,,,,,,,,,,,,,,801.9238,803.4179,805.6591,805.6591,0,0,0,0,0,0,0,0,0,0,0,0,1,1,1,1,0,0,0,0,,,,,,,,,,,,,,,,,,,,,,,,,,,,,,,,,,
768,,,345,172,,,,,,,,,,,,,,,,,,,,,,,,,,,,,,,,,,,,,,,,,,,,,,,,,,,,,,,,,,,,,,,,,,,,,,,,,,,,,,,801.9238,803.4179,805.6591,805.6591,0,0,0,0,0,1,0,0,0,0,0,0,0,0,0,0,0,0,0,0,,,,,,,,,,,,,,,,,,,,,,,,,,,,,,,,,,
769,,,345,532,,,,,,,,,,,,,,,,,,,,,,,,,,,,,,,,,,,,,,,,,,,,,,,,,,,,,,,,,,,,,,,,,,,,,,,,,,,,,,,801.9238,803.4179,805.6591,805.6591,0,0,0,0,0,0,0,0,0,1,0,0,1,1,1,1,0,0,0,0,,,,,,,,,,,,,,,,,,,,,,,,,,,,,,,,,,
770,,,345,897,,,,,,,,,,,,,,,,,,,,,,,,,,,,,,,,,,,,,,,,,,,,,,,,,,,,,,,,,,,,,,,,,,,,,,,,,,,,,,,801.9238,803.4179,805.6591,805.6591,0,0,0,0,0,0,0,0,0,1,0,0,1,1,1,1,0,0,0,0,,,,,,,,,,,,,,,,,,,,,,,,,,,,,,,,,,
771,,,346,273,,,,,,,,,,,,,,,,,,,,,,,,,,,,,,,,,,,,,,,,,,,,,,,,,,,,,,,,,,,,,,,,,,,,,,,,,,,,,,,801.9238,803.4179,805.6591,805.6591,0,0,0,0,0,0,0,0,0,1,0,0,1,1,1,1,0,0,0,0,,,,,,,,,,,,,,,,,,,,,,,,,,,,,,,,,,
772,,,346,649,,,,,,,,,,,,,,,,,,,,,,,,,,,,,,,,,,,,,,,,,,,,,,,,,,,,,,,,,,,,,,,,,,,,,,,,,,,,,,,801.9238,803.4179,805.6591,805.6591,0,0,0,0,0,0,0,0,0,0,0,0,1,1,1,1,0,0,0,0,,,,,,,,,,,,,,,,,,,,,,,,,,,,,,,,,,
773,,,347,025,,,,,,,,,,,,,,,,,,,,,,,,,,,,,,,,,,,,,,,,,,,,,,,,,,,,,,,,,,,,,,,,,,,,,,,,,,,,,,,801.9238,803.4179,805.6591,805.6591,0,0,0,0,0,0,0,0,0,0,0,1,1,1,1,1,0,0,0,0,,,,,,,,,,,,,,,,,,,,,,,,,,,,,,,,,,
774,,,347,400,,,,,,,,,,,,,,,,,,,,,,,,,,,,,,,,,,,,,,,,,,,,,,,,,,,,,,,,,,,,,,,,,,,,,,,,,,,,,,,801.9238,803.4179,805.6591,805.6591,0,0,0,0,0,0,0,0,0,0,0,1,1,1,1,1,0,0,0,0,,,,,,,,,,,,,,,,,,,,,,,,,,,,,,,,,,
775,,,347,760,,,,,,,,,,,,,,,,,,,,,,,,,,,,,,,,,,,,,,,,,,,,,,,,,,,,,,,,,,,,,,,,,,,,,,,,,,,,,,,801.9238,803.4179,805.6591,805.6591,0,0,0,0,0,0,0,0,0,0,0,1,1,1,1,1,0,0,0,0,,,,,,,,,,,,,,,,,,,,,,,,,,,,,,,,,,
776,,,348,138,,,,,,,,,,,,,,,,,,,,,,,,,,,,,,,,,,,,,,,,,,,,,,,,,,,,,,,,,,,,,,,,,,,,,,,,,,,,,,,801.9238,803.4179,805.6591,805.6591,0,0,0,0,0,0,0,0,0,0,0,1,1,1,1,1,0,0,0,0,,,,,,,,,,,,,,,,,,,,,,,,,,,,,,,,,,
777,,,350,542,,,,,,,,,,,,,,,,,,,,,,,,,,,,,,,,,,,,,,,,,,,,,,,,,,,,,,,,,,,,,,,,,,,,,,,,,,,,,,,801.9238,803.4179,805.6591,805.6591,0,0,0,0,0,0,0,0,0,0,0,1,1,1,1,1,0,0,0,0,,,,,,,,,,,,,,,,,,,,,,,,,,,,,,,,,,
778,,,353,173,,,,,,,,,,,,,,,,,,,,,,,,,,,,,,,,,,,,,,,,,,,,,,,,,,,,,,,,,,,,,,,,,,,,,,,,,,,,,,,801.9238,803.4179,805.6591,805.6591,0,0,0,0,0,0,0,0,0,0,0,1,1,1,1,1,0,0,0,0,,,,,,,,,,,,,,,,,,,,,,,,,,,,,,,,,,
779,,,353,543,,,,,,,,,,,,,,,,,,,,,,,,,,,,,,,,,,,,,,,,,,,,,,,,,,,,,,,,,,,,,,,,,,,,,,,,,,,,,,,801.9238,803.4179,805.6591,805.6591,0,0,0,0,0,0,0,0,0,0,0,1,1,1,1,1,0,0,0,0,,,,,,,,,,,,,,,,,,,,,,,,,,,,,,,,,,
780,,,353,920,,,,,,,,,,,,,,,,,,,,,,,,,,,,,,,,,,,,,,,,,,,,,,,,,,,,,,,,,,,,,,,,,,,,,,,,,,,,,,,801.9238,803.4179,805.6591,805.6591,0,0,0,0,0,0,0,0,0,0,0,1,1,1,1,1,0,0,0,0,,,,,,,,,,,,,,,,,,,,,,,,,,,,,,,,,,
781,,,354,284,,,,,,,,,,,,,,,,,,,,,,,,,,,,,,,,,,,,,,,,,,,,,,,,,,,,,,,,,,,,,,,,,,,,,,,,,,,,,,,801.9238,803.4179,805.6591,805.6591,0,0,0,0,0,0,0,0,0,0,0,1,1,1,1,1,0,0,0,0,,,,,,,,,,,,,,,,,,,,,,,,,,,,,,,,,,
782,,,354,680,,,,,,,,,,,,,,,,,,,,,,,,,,,,,,,,,,,,,,,,,,,,,,,,,,,,,,,,,,,,,,,,,,,,,,,,,,,,,,,801.9238,803.4179,805.6591,805.6591,0,0,0,0,0,0,0,0,0,0,0,1,1,1,1,1,0,0,0,0,,,,,,,,,,,,,,,,,,,,,,,,,,,,,,,,,,
783,,,355,030,,,,,,,,,,,,,,,,,,,,,,,,,,,,,,,,,,,,,,,,,,,,,,,,,,,,,,,,,,,,,,,,,,,,,,,,,,,,,,,801.9238,803.4179,-2.8125,-2.8125,0,0,0,0,0,1,0,0,0,0,0,0,0,0,0,0,0,0,0,0,,,,,,,,,,,,,,,,,,,,,,,,,,,,,,,,,,
784,,,355,401,,,,,,,,,,,,,,,,,,,,,,,,,,,,,,,,,,,,,,,,,,,,,,,,,,,,,,,,,,,,,,,,,,,,,,,,,,,,,,,801.9238,803.4179,805.6591,805.6591,0,0,0,0,0,1,0,0,0,0,0,0,0,0,0,0,0,0,0,0,,,,,,,,,,,,,,,,,,,,,,,,,,,,,,,,,,
785,,,355,769,,,,,,,,,,,,,,,,,,,,,,,,,,,,,,,,,,,,,,,,,,,,,,,,,,,,,,,,,,,,,,,,,,,,,,,,,,,,,,,801.9238,803.4179,805.6591,805.6591,0,0,0,0,0,0,0,0,0,0,0,1,1,1,1,1,0,0,0,0,,,,,,,,,,,,,,,,,,,,,,,,,,,,,,,,,,
786,,,356,132,,,,,,,,,,,,,,,,,,,,,,,,,,,,,,,,,,,,,,,,,,,,,,,,,,,,,,,,,,,,,,,,,,,,,,,,,,,,,,,801.9238,803.4179,805.6591,805.6591,0,0,0,0,0,0,0,0,0,0,0,1,1,1,1,1,0,0,0,0,,,,,,,,,,,,,,,,,,,,,,,,,,,,,,,,,,
787,,,356,507,,,,,,,,,,,,,,,,,,,,,,,,,,,,,,,,,,,,,,,,,,,,,,,,,,,,,,,,,,,,,,,,,,,,,,,,,,,,,,,801.9238,803.4179,805.6591,805.6591,0,0,0,0,0,0,0,0,0,0,0,1,1,1,1,1,0,0,0,0,,,,,,,,,,,,,,,,,,,,,,,,,,,,,,,,,,
788,,,356,860,,,,,,,,,,,,,,,,,,,,,,,,,,,,,,,,,,,,,,,,,,,,,,,,,,,,,,,,,,,,,,,,,,,,,,,,,,,,,,,0.3456,0.3456,-2.8125,-2.8125,0,0,0,0,0,1,0,0,0,0,0,0,0,0,0,0,0,0,0,0,,,,,,,,,,,,,,,,,,,,,,,,,,,,,,,,,,
789,,,357,239,,,,,,,,,,,,,,,,,,,,,,,,,,,,,,,,,,,,,,,,,,,,,,,,,,,,,,,,,,,,,,,,,,,,,,,,,,,,,,,801.9238,803.4179,805.6591,805.6591,0,0,0,0,0,0,0,0,0,0,0,1,1,1,1,1,0,0,0,0,,,,,,,,,,,,,,,,,,,,,,,,,,,,,,,,,,
790,,,357,604,,,,,,,,,,,,,,,,,,,,,,,,,,,,,,,,,,,,,,,,,,,,,,,,,,,,,,,,,,,,,,,,,,,,,,,,,,,,,,,801.9238,803.4179,805.6591,805.6591,0,0,0,0,0,0,0,0,0,0,0,1,1,1,1,1,0,0,0,0,,,,,,,,,,,,,,,,,,,,,,,,,,,,,,,,,,
791,,,357,983,,,,,,,,,,,,,,,,,,,,,,,,,,,,,,,,,,,,,,,,,,,,,,,,,,,,,,,,,,,,,,,,,,,,,,,,,,,,,,,801.9238,803.4179,805.6591,805.6591,0,0,0,0,0,0,0,0,0,0,0,1,1,1,1,1,0,0,0,0,,,,,,,,,,,,,,,,,,,,,,,,,,,,,,,,,,
792,,,358,359,,,,,,,,,,,,,,,,,,,,,,,,,,,,,,,,,,,,,,,,,,,,,,,,,,,,,,,,,,,,,,,,,,,,,,,,,,,,,,,801.9238,803.4179,805.6591,805.6591,0,0,0,0,0,0,0,0,0,0,0,1,1,1,1,1,0,0,0,0,,,,,,,,,,,,,,,,,,,,,,,,,,,,,,,,,,
793,,,358,723,,,,,,,,,,,,,,,,,,,,,,,,,,,,,,,,,,,,,,,,,,,,,,,,,,,,,,,,,,,,,,,,,,,,,,,,,,,,,,,801.9238,803.4179,805.6591,805.6591,0,0,0,0,0,0,0,0,0,0,0,1,1,1,1,1,0,0,0,0,,,,,,,,,,,,,,,,,,,,,,,,,,,,,,,,,,
794,,,359,084,,,,,,,,,,,,,,,,,,,,,,,,,,,,,,,,,,,,,,,,,,,,,,,,,,,,,,,,,,,,,,,,,,,,,,,,,,,,,,,0.3456,0.3456,-2.8125,717.5061,0,0,0,0,0,0,0,0,0,0,0,0,0,0,0,0,0,0,0,0,,,,,,,,,,,,,,,,,,,,,,,,,,,,,,,,,,
795,,,359,438,,,,,,,,,,,,,,,,,,,,,,,,,,,,,,,,,,,,,,,,,,,,,,,,,,,,,,,,,,,,,,,,,,,,,,,,,,,,,,,801.9238,803.4179,-2.8125,-2.8125,0,0,0,0,0,1,0,0,0,0,0,0,0,0,0,0,0,0,0,0,,,,,,,,,,,,,,,,,,,,,,,,,,,,,,,,,,
796,,,359,805,,,,,,,,,,,,,,,,,,,,,,,,,,,,,,,,,,,,,,,,,,,,,,,,,,,,,,,,,,,,,,,,,,,,,,,,,,,,,,,801.9238,803.4179,805.6591,805.6591,0,0,0,0,0,0,0,0,0,0,0,1,1,1,1,1,0,0,0,0,,,,,,,,,,,,,,,,,,,,,,,,,,,,,,,,,,
797,,,360,161,,,,,,,,,,,,,,,,,,,,,,,,,,,,,,,,,,,,,,,,,,,,,,,,,,,,,,,,,,,,,,,,,,,,,,,,,,,,,,,801.9238,803.4179,805.6591,805.6591,0,0,0,0,0,1,0,0,0,0,0,0,0,0,0,0,0,0,0,0,,,,,,,,,,,,,,,,,,,,,,,,,,,,,,,,,,
798,,,360,563,,,,,,,,,,,,,,,,,,,,,,,,,,,,,,,,,,,,,,,,,,,,,,,,,,,,,,,,,,,,,,,,,,,,,,,,,,,,,,,804.7083,0.3456,-2.8125,-2.8125,0,0,0,0,0,1,0,0,0,0,0,0,0,0,0,0,0,0,0,0,,,,,,,,,,,,,,,,,,,,,,,,,,,,,,,,,,
799,,,360,925,,,,,,,,,,,,,,,,,,,,,,,,,,,,,,,,,,,,,,,,,,,,,,,,,,,,,,,,,,,,,,,,,,,,,,,,,,,,,,,801.9238,803.4179,805.6591,805.6591,0,0,0,0,0,0,0,0,0,0,0,1,1,1,1,1,0,0,0,0,,,,,,,,,,,,,,,,,,,,,,,,,,,,,,,,,,
800,,,361,302,,,,,,,,,,,,,,,,,,,,,,,,,,,,,,,,,,,,,,,,,,,,,,,,,,,,,,,,,,,,,,,,,,,,,,,,,,,,,,,0.3456,0.3456,-2.8125,-2.8125,0,0,0,0,0,1,0,0,0,0,0,0,0,0,0,0,0,0,0,0,,,,,,,,,,,,,,,,,,,,,,,,,,,,,,,,,,
801,,,361,683,,,,,,,,,,,,,,,,,,,,,,,,,,,,,,,,,,,,,,,,,,,,,,,,,,,,,,,,,,,,,,,,,,,,,,,,,,,,,,,801.9238,803.4179,805.6591,805.6591,0,0,0,0,0,0,0,0,0,0,0,1,1,1,1,1,0,0,0,0,,,,,,,,,,,,,,,,,,,,,,,,,,,,,,,,,,
802,,,362,067,,,,,,,,,,,,,,,,,,,,,,,,,,,,,,,,,,,,,,,,,,,,,,,,,,,,,,,,,,,,,,,,,,,,,,,,,,,,,,,801.9238,803.4179,805.6591,805.6591,0,0,0,0,0,0,0,0,0,0,0,1,1,1,1,1,0,0,0,0,,,,,,,,,,,,,,,,,,,,,,,,,,,,,,,,,,
803,,,362,427,,,,,,,,,,,,,,,,,,,,,,,,,,,,,,,,,,,,,,,,,,,,,,,,,,,,,,,,,,,,,,,,,,,,,,,,,,,,,,,0.3456,0.3456,-2.8125,-2.8125,0,0,0,0,0,1,0,0,0,0,0,0,0,0,0,0,0,0,0,0,,,,,,,,,,,,,,,,,,,,,,,,,,,,,,,,,,
804,,,362,782,,,,,,,,,,,,,,,,,,,,,,,,,,,,,,,,,,,,,,,,,,,,,,,,,,,,,,,,,,,,,,,,,,,,,,,,,,,,,,,801.9238,803.4179,805.6591,805.6591,0,0,0,0,0,0,0,0,0,0,0,1,1,1,1,1,0,0,0,0,,,,,,,,,,,,,,,,,,,,,,,,,,,,,,,,,,
805,,,363,141,,,,,,,,,,,,,,,,,,,,,,,,,,,,,,,,,,,,,,,,,,,,,,,,,,,,,,,,,,,,,,,,,,,,,,,,,,,,,,,801.9238,803.4179,805.6591,805.6591,0,0,0,0,0,0,0,0,0,0,0,1,1,1,1,1,0,0,0,0,,,,,,,,,,,,,,,,,,,,,,,,,,,,,,,,,,
806,,,363,501,,,,,,,,,,,,,,,,,,,,,,,,,,,,,,,,,,,,,,,,,,,,,,,,,,,,,,,,,,,,,,,,,,,,,,,,,,,,,,,0.3456,0.3456,-2.8125,-2.8125,0,0,0,0,0,1,0,0,0,0,0,0,0,0,0,0,0,0,0,0,,,,,,,,,,,,,,,,,,,,,,,,,,,,,,,,,,
807,,,363,883,,,,,,,,,,,,,,,,,,,,,,,,,,,,,,,,,,,,,,,,,,,,,,,,,,,,,,,,,,,,,,,,,,,,,,,,,,,,,,,801.9238,803.4179,805.6591,805.6591,0,0,0,0,0,0,0,0,0,0,0,1,1,1,1,1,0,0,0,0,,,,,,,,,,,,,,,,,,,,,,,,,,,,,,,,,,
808,,,364,240,,,,,,,,,,,,,,,,,,,,,,,,,,,,,,,,,,,,,,,,,,,,,,,,,,,,,,,,,,,,,,,,,,,,,,,,,,,,,,,801.9238,803.4179,805.6591,805.6591,0,0,0,0,0,1,0,0,0,0,0,0,0,0,0,0,0,0,0,0,,,,,,,,,,,,,,,,,,,,,,,,,,,,,,,,,,
809,,,364,629,,,,,,,,,,,,,,,,,,,,,,,,,,,,,,,,,,,,,,,,,,,,,,,,,,,,,,,,,,,,,,,,,,,,,,,,,,,,,,,801.9238,803.4179,805.6591,805.6591,0,0,0,0,0,0,0,0,0,0,0,1,1,1,1,1,0,0,0,0,,,,,,,,,,,,,,,,,,,,,,,,,,,,,,,,,,
810,,,364,995,,,,,,,,,,,,,,,,,,,,,,,,,,,,,,,,,,,,,,,,,,,,,,,,,,,,,,,,,,,,,,,,,,,,,,,,,,,,,,,801.9238,803.4179,805.6591,805.6591,0,0,0,0,0,0,0,0,0,0,0,0,1,1,1,1,0,0,0,0,,,,,,,,,,,,,,,,,,,,,,,,,,,,,,,,,,
811,,,365,355,,,,,,,,,,,,,,,,,,,,,,,,,,,,,,,,,,,,,,,,,,,,,,,,,,,,,,,,,,,,,,,,,,,,,,,,,,,,,,,0.3456,0.3456,-2.8125,-2.8125,0,0,0,0,0,1,0,0,0,0,0,0,0,0,0,0,0,0,0,0,,,,,,,,,,,,,,,,,,,,,,,,,,,,,,,,,,
812,,,365,721,,,,,,,,,,,,,,,,,,,,,,,,,,,,,,,,,,,,,,,,,,,,,,,,,,,,,,,,,,,,,,,,,,,,,,,,,,,,,,,801.9238,803.4179,805.6591,805.6591,0,0,0,0,0,0,0,0,0,0,0,0,1,1,1,1,0,0,0,0,,,,,,,,,,,,,,,,,,,,,,,,,,,,,,,,,,
813,,,366,096,,,,,,,,,,,,,,,,,,,,,,,,,,,,,,,,,,,,,,,,,,,,,,,,,,,,,,,,,,,,,,,,,,,,,,,,,,,,,,,801.9238,803.4179,805.6591,805.6591,0,0,0,0,0,0,0,0,0,0,0,0,1,1,1,1,0,0,0,0,,,,,,,,,,,,,,,,,,,,,,,,,,,,,,,,,,
814,,,366,453,,,,,,,,,,,,,,,,,,,,,,,,,,,,,,,,,,,,,,,,,,,,,,,,,,,,,,,,,,,,,,,,,,,,,,,,,,,,,,,801.9238,803.4179,805.6591,805.6591,0,0,0,0,0,0,0,0,0,0,0,0,1,1,1,1,0,0,0,0,,,,,,,,,,,,,,,,,,,,,,,,,,,,,,,,,,
815,,,366,818,,,,,,,,,,,,,,,,,,,,,,,,,,,,,,,,,,,,,,,,,,,,,,,,,,,,,,,,,,,,,,,,,,,,,,,,,,,,,,,801.9238,803.4179,805.6591,805.6591,0,0,0,0,0,0,0,0,0,1,0,0,1,1,1,1,0,0,0,0,,,,,,,,,,,,,,,,,,,,,,,,,,,,,,,,,,
816,,,367,186,,,,,,,,,,,,,,,,,,,,,,,,,,,,,,,,,,,,,,,,,,,,,,,,,,,,,,,,,,,,,,,,,,,,,,,,,,,,,,,801.9238,803.4179,805.6591,805.6591,0,0,0,0,0,0,0,0,0,1,0,0,1,1,1,1,0,0,0,0,,,,,,,,,,,,,,,,,,,,,,,,,,,,,,,,,,
817,,,367,563,,,,,,,,,,,,,,,,,,,,,,,,,,,,,,,,,,,,,,,,,,,,,,,,,,,,,,,,,,,,,,,,,,,,,,,,,,,,,,,802.6708,803.4179,805.6591,805.6591,0,0,0,0,0,0,0,0,0,1,0,0,1,1,1,1,0,0,0,0,,,,,,,,,,,,,,,,,,,,,,,,,,,,,,,,,,
818,,,367,920,,,,,,,,,,,,,,,,,,,,,,,,,,,,,,,,,,,,,,,,,,,,,,,,,,,,,,,,,,,,,,,,,,,,,,,,,,,,,,,803.4179,803.4179,805.6591,805.6591,0,0,0,0,0,0,0,0,0,1,0,0,1,1,1,1,0,0,0,0,,,,,,,,,,,,,,,,,,,,,,,,,,,,,,,,,,
819,,,368,294,,,,,,,,,,,,,,,,,,,,,,,,,,,,,,,,,,,,,,,,,,,,,,,,,,,,,,,,,,,,,,,,,,,,,,,,,,,,,,,803.4179,803.4179,805.6591,805.6591,0,0,0,0,0,0,0,0,0,0,0,0,1,1,1,1,0,0,0,0,,,,,,,,,,,,,,,,,,,,,,,,,,,,,,,,,,
820,,,368,669,,,,,,,,,,,,,,,,,,,,,,,,,,,,,,,,,,,,,,,,,,,,,,,,,,,,,,,,,,,,,,,,,,,,,,,,,,,,,,,803.4179,803.4179,805.6591,805.6591,0,0,0,0,0,0,0,0,0,0,0,1,1,1,1,1,0,0,0,0,,,,,,,,,,,,,,,,,,,,,,,,,,,,,,,,,,
821,,,369,032,,,,,,,,,,,,,,,,,,,,,,,,,,,,,,,,,,,,,,,,,,,,,,,,,,,,,,,,,,,,,,,,,,,,,,,,,,,,,,,803.4179,803.4179,805.6591,805.6591,0,0,0,0,0,0,0,0,0,0,0,0,1,1,1,1,0,0,0,0,,,,,,,,,,,,,,,,,,,,,,,,,,,,,,,,,,
822,,,369,399,,,,,,,,,,,,,,,,,,,,,,,,,,,,,,,,,,,,,,,,,,,,,,,,,,,,,,,,,,,,,,,,,,,,,,,,,,,,,,,803.4179,803.4179,805.6591,805.6591,0,0,0,0,0,0,0,0,0,0,0,0,1,1,1,1,0,0,0,0,,,,,,,,,,,,,,,,,,,,,,,,,,,,,,,,,,
823,,,369,763,,,,,,,,,,,,,,,,,,,,,,,,,,,,,,,,,,,,,,,,,,,,,,,,,,,,,,,,,,,,,,,,,,,,,,,,,,,,,,,803.4179,803.4179,805.6591,805.6591,0,0,0,0,0,0,0,0,0,0,0,0,1,1,1,1,0,0,0,0,,,,,,,,,,,,,,,,,,,,,,,,,,,,,,,,,,
824,,,370,137,,,,,,,,,,,,,,,,,,,,,,,,,,,,,,,,,,,,,,,,,,,,,,,,,,,,,,,,,,,,,,,,,,,,,,,,,,,,,,,803.4179,803.4179,805.6591,805.6591,0,0,0,0,0,0,0,0,0,0,0,0,1,1,1,1,0,0,0,0,,,,,,,,,,,,,,,,,,,,,,,,,,,,,,,,,,
825,,,370,511,,,,,,,,,,,,,,,,,,,,,,,,,,,,,,,,,,,,,,,,,,,,,,,,,,,,,,,,,,,,,,,,,,,,,,,,,,,,,,,803.4179,803.4179,805.6591,805.6591,0,0,0,0,0,0,0,0,0,0,0,0,1,1,1,1,0,0,0,0,,,,,,,,,,,,,,,,,,,,,,,,,,,,,,,,,,
826,,,370,883,,,,,,,,,,,,,,,,,,,,,,,,,,,,,,,,,,,,,,,,,,,,,,,,,,,,,,,,,,,,,,,,,,,,,,,,,,,,,,,803.4179,803.4179,805.6591,805.6591,0,0,0,0,0,0,0,0,0,0,0,0,1,1,1,1,0,0,0,0,,,,,,,,,,,,,,,,,,,,,,,,,,,,,,,,,,
827,,,373,513,,,,,,,,,,,,,,,,,,,,,,,,,,,,,,,,,,,,,,,,,,,,,,,,,,,,,,,,,,,,,,,,,,,,,,,,,,,,,,,805.6591,803.4179,805.6591,805.6591,0,0,0,0,0,0,0,0,0,0,0,0,1,1,1,1,0,0,0,0,,,,,,,,,,,,,,,,,,,,,,,,,,,,,,,,,,
828,,,373,886,,,,,,,,,,,,,,,,,,,,,,,,,,,,,,,,,,,,,,,,,,,,,,,,,,,,,,,,,,,,,,,,,,,,,,,,,,,,,,,805.6591,803.4179,805.6591,805.6591,0,0,0,0,0,0,0,0,0,0,0,0,1,1,1,1,0,0,0,0,,,,,,,,,,,,,,,,,,,,,,,,,,,,,,,,,,
829,,,374,267,,,,,,,,,,,,,,,,,,,,,,,,,,,,,,,,,,,,,,,,,,,,,,,,,,,,,,,,,,,,,,,,,,,,,,,,,,,,,,,805.6591,803.4179,805.6591,805.6591,0,0,0,0,0,0,0,0,0,0,0,1,1,1,1,1,0,0,0,0,,,,,,,,,,,,,,,,,,,,,,,,,,,,,,,,,,
830,,,374,635,,,,,,,,,,,,,,,,,,,,,,,,,,,,,,,,,,,,,,,,,,,,,,,,,,,,,,,,,,,,,,,,,,,,,,,,,,,,,,,805.6591,803.4179,805.6591,805.6591,0,0,0,0,0,0,0,0,0,0,0,1,1,1,1,1,0,0,0,0,,,,,,,,,,,,,,,,,,,,,,,,,,,,,,,,,,
831,,,374,998,,,,,,,,,,,,,,,,,,,,,,,,,,,,,,,,,,,,,,,,,,,,,,,,,,,,,,,,,,,,,,,,,,,,,,,,,,,,,,,805.6591,803.4179,805.6591,805.6591,0,0,0,0,0,0,0,0,0,0,0,1,1,1,1,1,0,0,0,0,,,,,,,,,,,,,,,,,,,,,,,,,,,,,,,,,,
832,,,375,368,,,,,,,,,,,,,,,,,,,,,,,,,,,,,,,,,,,,,,,,,,,,,,,,,,,,,,,,,,,,,,,,,,,,,,,,,,,,,,,805.6591,803.4179,805.6591,805.6591,0,0,0,0,0,0,0,0,0,0,0,1,1,1,1,1,0,0,0,0,,,,,,,,,,,,,,,,,,,,,,,,,,,,,,,,,,
833,,,375,734,,,,,,,,,,,,,,,,,,,,,,,,,,,,,,,,,,,,,,,,,,,,,,,,,,,,,,,,,,,,,,,,,,,,,,,,,,,,,,,805.6591,803.4179,805.6591,805.6591,0,0,0,0,0,0,0,0,0,0,0,1,1,1,1,1,0,0,0,0,,,,,,,,,,,,,,,,,,,,,,,,,,,,,,,,,,
834,,,376,089,,,,,,,,,,,,,,,,,,,,,,,,,,,,,,,,,,,,,,,,,,,,,,,,,,,,,,,,,,,,,,,,,,,,,,,,,,,,,,,805.6591,803.4179,805.6591,805.6591,0,0,0,0,0,0,0,0,0,0,0,1,1,1,1,1,0,0,0,0,,,,,,,,,,,,,,,,,,,,,,,,,,,,,,,,,,
835,,,376,453,,,,,,,,,,,,,,,,,,,,,,,,,,,,,,,,,,,,,,,,,,,,,,,,,,,,,,,,,,,,,,,,,,,,,,,,,,,,,,,805.6591,803.4179,805.6591,805.6591,0,0,0,0,0,0,0,0,0,0,0,1,1,1,1,1,0,0,0,0,,,,,,,,,,,,,,,,,,,,,,,,,,,,,,,,,,
836,,,376,818,,,,,,,,,,,,,,,,,,,,,,,,,,,,,,,,,,,,,,,,,,,,,,,,,,,,,,,,,,,,,,,,,,,,,,,,,,,,,,,805.6591,803.4179,805.6591,805.6591,0,0,0,0,0,0,0,0,0,0,0,1,1,1,1,1,0,0,0,0,,,,,,,,,,,,,,,,,,,,,,,,,,,,,,,,,,
837,,,377,187,,,,,,,,,,,,,,,,,,,,,,,,,,,,,,,,,,,,,,,,,,,,,,,,,,,,,,,,,,,,,,,,,,,,,,,,,,,,,,,805.6591,803.4179,805.6591,805.6591,0,0,0,0,0,0,0,0,0,0,0,1,1,1,1,1,0,0,0,0,,,,,,,,,,,,,,,,,,,,,,,,,,,,,,,,,,
838,,,377,554,,,,,,,,,,,,,,,,,,,,,,,,,,,,,,,,,,,,,,,,,,,,,,,,,,,,,,,,,,,,,,,,,,,,,,,,,,,,,,,805.6591,803.4179,805.6591,805.6591,0,0,0,0,0,0,0,0,0,0,0,1,1,1,1,1,0,0,0,0,,,,,,,,,,,,,,,,,,,,,,,,,,,,,,,,,,
839,,,377,919,,,,,,,,,,,,,,,,,,,,,,,,,,,,,,,,,,,,,,,,,,,,,,,,,,,,,,,,,,,,,,,,,,,,,,,,,,,,,,,805.6591,803.4179,805.6591,805.6591,0,0,0,0,0,0,0,0,0,0,0,1,1,1,1,1,0,0,0,0,,,,,,,,,,,,,,,,,,,,,,,,,,,,,,,,,,
840,,,380,560,,,,,,,,,,,,,,,,,,,,,,,,,,,,,,,,,,,,,,,,,,,,,,,,,,,,,,,,,,,,,,,,,,,,,,,,,,,,,,,805.6591,803.4179,805.6591,805.6591,0,0,0,0,0,0,0,0,0,0,0,1,1,1,1,1,0,0,0,0,,,,,,,,,,,,,,,,,,,,,,,,,,,,,,,,,,
841,,,383,181,,,,,,,,,,,,,,,,,,,,,,,,,,,,,,,,,,,,,,,,,,,,,,,,,,,,,,,,,,,,,,,,,,,,,,,,,,,,,,,805.6591,803.4179,805.6591,805.6591,0,0,0,0,0,0,0,0,0,0,0,1,1,1,1,1,0,0,0,0,,,,,,,,,,,,,,,,,,,,,,,,,,,,,,,,,,
842,,,383,559,,,,,,,,,,,,,,,,,,,,,,,,,,,,,,,,,,,,,,,,,,,,,,,,,,,,,,,,,,,,,,,,,,,,,,,,,,,,,,,805.6591,803.4179,805.6591,805.6591,0,0,0,0,0,0,0,0,0,0,0,1,1,1,1,1,0,0,0,0,,,,,,,,,,,,,,,,,,,,,,,,,,,,,,,,,,
843,,,383,922,,,,,,,,,,,,,,,,,,,,,,,,,,,,,,,,,,,,,,,,,,,,,,,,,,,,,,,,,,,,,,,,,,,,,,,,,,,,,,,805.6591,803.4179,805.6591,805.6591,0,0,0,0,0,0,0,0,0,0,0,1,1,1,1,1,0,0,0,0,,,,,,,,,,,,,,,,,,,,,,,,,,,,,,,,,,
844,,,384,292,,,,,,,,,,,,,,,,,,,,,,,,,,,,,,,,,,,,,,,,,,,,,,,,,,,,,,,,,,,,,,,,,,,,,,,,,,,,,,,805.6591,803.4179,805.6591,805.6591,0,0,0,0,0,0,0,0,0,0,0,1,1,1,1,1,0,0,0,0,,,,,,,,,,,,,,,,,,,,,,,,,,,,,,,,,,
845,,,384,716,,,,,,,,,,,,,,,,,,,,,,,,,,,,,,,,,,,,,,,,,,,,,,,,,,,,,,,,,,,,,,,,,,,,,,,,,,,,,,,805.6591,803.4179,805.6591,805.6591,0,0,0,0,0,0,0,0,0,0,0,1,1,1,1,1,0,0,0,0,,,,,,,,,,,,,,,,,,,,,,,,,,,,,,,,,,
846,,,385,108,,,,,,,,,,,,,,,,,,,,,,,,,,,,,,,,,,,,,,,,,,,,,,,,,,,,,,,,,,,,,,,,,,,,,,,,,,,,,,,805.6591,803.4179,805.6591,805.6591,0,0,0,0,0,0,0,0,0,0,0,1,1,1,1,1,0,0,0,0,,,,,,,,,,,,,,,,,,,,,,,,,,,,,,,,,,
847,,,385,502,,,,,,,,,,,,,,,,,,,,,,,,,,,,,,,,,,,,,,,,,,,,,,,,,,,,,,,,,,,,,,,,,,,,,,,,,,,,,,,805.6591,803.4179,805.6591,805.6591,0,0,0,0,0,0,0,0,0,0,0,1,1,1,1,1,0,0,0,0,,,,,,,,,,,,,,,,,,,,,,,,,,,,,,,,,,
848,,,385,880,,,,,,,,,,,,,,,,,,,,,,,,,,,,,,,,,,,,,,,,,,,,,,,,,,,,,,,,,,,,,,,,,,,,,,,,,,,,,,,805.6591,803.4179,805.6591,805.6591,0,0,0,0,0,0,0,0,0,0,0,1,1,1,1,1,0,0,0,0,,,,,,,,,,,,,,,,,,,,,,,,,,,,,,,,,,
849,,,386,265,,,,,,,,,,,,,,,,,,,,,,,,,,,,,,,,,,,,,,,,,,,,,,,,,,,,,,,,,,,,,,,,,,,,,,,,,,,,,,,805.6591,803.4179,805.6591,805.6591,0,0,0,0,0,0,0,0,0,0,0,1,1,1,1,1,0,0,0,0,,,,,,,,,,,,,,,,,,,,,,,,,,,,,,,,,,
850,,,386,650,,,,,,,,,,,,,,,,,,,,,,,,,,,,,,,,,,,,,,,,,,,,,,,,,,,,,,,,,,,,,,,,,,,,,,,,,,,,,,,805.6591,803.4179,805.6591,805.6591,0,0,0,0,0,1,0,0,0,0,0,0,0,0,0,0,0,0,0,0,,,,,,,,,,,,,,,,,,,,,,,,,,,,,,,,,,
851,,,387,028,,,,,,,,,,,,,,,,,,,,,,,,,,,,,,,,,,,,,,,,,,,,,,,,,,,,,,,,,,,,,,,,,,,,,,,,,,,,,,,805.6591,803.4179,805.6591,805.6591,0,0,0,0,0,0,0,0,0,0,0,1,1,1,1,1,0,0,0,0,,,,,,,,,,,,,,,,,,,,,,,,,,,,,,,,,,
852,,,387,388,,,,,,,,,,,,,,,,,,,,,,,,,,,,,,,,,,,,,,,,,,,,,,,,,,,,,,,,,,,,,,,,,,,,,,,,,,,,,,,805.6591,803.4179,805.6591,805.6591,0,0,0,0,0,0,0,0,0,0,0,1,1,1,1,1,0,0,0,0,,,,,,,,,,,,,,,,,,,,,,,,,,,,,,,,,,
853,,,387,774,,,,,,,,,,,,,,,,,,,,,,,,,,,,,,,,,,,,,,,,,,,,,,,,,,,,,,,,,,,,,,,,,,,,,,,,,,,,,,,805.6591,803.4179,805.6591,805.6591,0,0,0,0,0,0,0,0,0,0,0,1,1,1,1,1,0,0,0,0,,,,,,,,,,,,,,,,,,,,,,,,,,,,,,,,,,
854,,,388,149,,,,,,,,,,,,,,,,,,,,,,,,,,,,,,,,,,,,,,,,,,,,,,,,,,,,,,,,,,,,,,,,,,,,,,,,,,,,,,,805.6591,803.4179,805.6591,805.6591,0,0,0,0,0,0,0,0,0,0,0,1,1,1,1,1,0,0,0,0,,,,,,,,,,,,,,,,,,,,,,,,,,,,,,,,,,
855,,,388,511,,,,,,,,,,,,,,,,,,,,,,,,,,,,,,,,,,,,,,,,,,,,,,,,,,,,,,,,,,,,,,,,,,,,,,,,,,,,,,,0.3456,0.3456,-2.8125,-2.8125,0,0,0,0,0,1,0,0,0,0,0,0,0,0,0,0,0,0,0,0,,,,,,,,,,,,,,,,,,,,,,,,,,,,,,,,,,
856,,,388,891,,,,,,,,,,,,,,,,,,,,,,,,,,,,,,,,,,,,,,,,,,,,,,,,,,,,,,,,,,,,,,,,,,,,,,,,,,,,,,,805.6591,803.4179,805.6591,805.6591,0,0,0,0,0,0,0,0,0,0,0,1,1,1,1,1,0,0,0,0,,,,,,,,,,,,,,,,,,,,,,,,,,,,,,,,,,
857,,,389,255,,,,,,,,,,,,,,,,,,,,,,,,,,,,,,,,,,,,,,,,,,,,,,,,,,,,,,,,,,,,,,,,,,,,,,,,,,,,,,,805.6591,803.4179,805.6591,805.6591,0,0,0,0,0,0,0,0,0,0,0,1,1,1,1,1,0,0,0,0,,,,,,,,,,,,,,,,,,,,,,,,,,,,,,,,,,
858,,,389,610,,,,,,,,,,,,,,,,,,,,,,,,,,,,,,,,,,,,,,,,,,,,,,,,,,,,,,,,,,,,,,,,,,,,,,,,,,,,,,,805.6591,803.4179,805.6591,805.6591,0,0,0,0,0,0,0,0,0,0,0,1,1,1,1,1,0,0,0,0,,,,,,,,,,,,,,,,,,,,,,,,,,,,,,,,,,
859,,,389,983,,,,,,,,,,,,,,,,,,,,,,,,,,,,,,,,,,,,,,,,,,,,,,,,,,,,,,,,,,,,,,,,,,,,,,,,,,,,,,,805.6591,803.4179,805.6591,805.6591,0,0,0,0,0,0,0,0,0,0,0,1,1,1,1,1,0,0,0,0,,,,,,,,,,,,,,,,,,,,,,,,,,,,,,,,,,
860,,,390,345,,,,,,,,,,,,,,,,,,,,,,,,,,,,,,,,,,,,,,,,,,,,,,,,,,,,,,,,,,,,,,,,,,,,,,,,,,,,,,,805.6591,803.4179,805.6591,805.6591,0,0,0,0,0,1,0,0,0,0,0,0,0,0,0,0,0,0,0,0,,,,,,,,,,,,,,,,,,,,,,,,,,,,,,,,,,
861,,,390,733,,,,,,,,,,,,,,,,,,,,,,,,,,,,,,,,,,,,,,,,,,,,,,,,,,,,,,,,,,,,,,,,,,,,,,,,,,,,,,,805.6591,803.4179,805.6591,805.6591,0,0,0,0,0,0,0,0,0,0,0,1,1,1,1,1,0,0,0,0,,,,,,,,,,,,,,,,,,,,,,,,,,,,,,,,,,
862,,,391,091,,,,,,,,,,,,,,,,,,,,,,,,,,,,,,,,,,,,,,,,,,,,,,,,,,,,,,,,,,,,,,,,,,,,,,,,,,,,,,,805.6591,803.4179,805.6591,805.6591,0,0,0,0,0,0,0,0,0,0,0,1,1,1,1,1,0,0,0,0,,,,,,,,,,,,,,,,,,,,,,,,,,,,,,,,,,
863,,,391,496,,,,,,,,,,,,,,,,,,,,,,,,,,,,,,,,,,,,,,,,,,,,,,,,,,,,,,,,,,,,,,,,,,,,,,,,,,,,,,,805.6591,803.4179,805.6591,805.6591,0,0,0,0,0,0,0,0,0,0,0,1,1,1,1,1,0,0,0,0,,,,,,,,,,,,,,,,,,,,,,,,,,,,,,,,,,
864,,,391,849,,,,,,,,,,,,,,,,,,,,,,,,,,,,,,,,,,,,,,,,,,,,,,,,,,,,,,,,,,,,,,,,,,,,,,,,,,,,,,,805.6591,803.4179,805.6591,805.6591,0,0,0,0,0,1,0,0,0,0,0,0,0,0,0,0,0,0,0,0,,,,,,,,,,,,,,,,,,,,,,,,,,,,,,,,,,
865,,,392,216,,,,,,,,,,,,,,,,,,,,,,,,,,,,,,,,,,,,,,,,,,,,,,,,,,,,,,,,,,,,,,,,,,,,,,,,,,,,,,,805.6591,803.4179,805.6591,805.6591,0,0,0,0,0,0,0,0,0,0,0,1,1,1,1,1,0,0,0,0,,,,,,,,,,,,,,,,,,,,,,,,,,,,,,,,,,
866,,,392,585,,,,,,,,,,,,,,,,,,,,,,,,,,,,,,,,,,,,,,,,,,,,,,,,,,,,,,,,,,,,,,,,,,,,,,,,,,,,,,,805.6591,803.4179,805.6591,805.6591,0,0,0,0,0,0,0,0,0,0,0,1,1,1,1,1,0,0,0,0,,,,,,,,,,,,,,,,,,,,,,,,,,,,,,,,,,
867,,,394,994,,,,,,,,,,,,,,,,,,,,,,,,,,,,,,,,,,,,,,,,,,,,,,,,,,,,,,,,,,,,,,,,,,,,,,,,,,,,,,,805.6591,803.4179,805.6591,805.6591,0,0,0,0,0,0,0,0,0,0,0,1,1,1,1,1,0,0,0,0,,,,,,,,,,,,,,,,,,,,,,,,,,,,,,,,,,
868,,,395,363,,,,,,,,,,,,,,,,,,,,,,,,,,,,,,,,,,,,,,,,,,,,,,,,,,,,,,,,,,,,,,,,,,,,,,,,,,,,,,,0.3456,0.3456,-2.8125,717.5061,0,0,0,0,0,0,0,0,0,0,0,0,0,0,0,0,0,0,0,0,,,,,,,,,,,,,,,,,,,,,,,,,,,,,,,,,,
869,,,395,718,,,,,,,,,,,,,,,,,,,,,,,,,,,,,,,,,,,,,,,,,,,,,,,,,,,,,,,,,,,,,,,,,,,,,,,,,,,,,,,805.6591,803.4179,805.6591,805.6591,0,0,0,0,0,0,0,0,0,0,0,1,1,1,1,1,0,0,0,0,,,,,,,,,,,,,,,,,,,,,,,,,,,,,,,,,,
870,,,396,082,,,,,,,,,,,,,,,,,,,,,,,,,,,,,,,,,,,,,,,,,,,,,,,,,,,,,,,,,,,,,,,,,,,,,,,,,,,,,,,805.6591,803.4179,805.6591,805.6591,0,0,0,0,0,0,0,0,0,0,0,1,1,1,1,1,0,0,0,0,,,,,,,,,,,,,,,,,,,,,,,,,,,,,,,,,,
871,,,396,445,,,,,,,,,,,,,,,,,,,,,,,,,,,,,,,,,,,,,,,,,,,,,,,,,,,,,,,,,,,,,,,,,,,,,,,,,,,,,,,805.6591,803.4179,805.6591,805.6591,0,0,0,0,0,0,0,0,0,0,0,1,1,1,1,1,0,0,0,0,,,,,,,,,,,,,,,,,,,,,,,,,,,,,,,,,,
872,,,396,816,,,,,,,,,,,,,,,,,,,,,,,,,,,,,,,,,,,,,,,,,,,,,,,,,,,,,,,,,,,,,,,,,,,,,,,,,,,,,,,805.6591,803.4179,805.6591,805.6591,0,0,0,0,0,0,0,0,0,0,0,1,1,1,1,1,0,0,0,0,,,,,,,,,,,,,,,,,,,,,,,,,,,,,,,,,,
873,,,397,198,,,,,,,,,,,,,,,,,,,,,,,,,,,,,,,,,,,,,,,,,,,,,,,,,,,,,,,,,,,,,,,,,,,,,,,,,,,,,,,805.6591,803.4179,805.6591,805.6591,0,0,0,0,0,0,0,0,0,0,0,1,1,1,1,1,0,0,0,0,,,,,,,,,,,,,,,,,,,,,,,,,,,,,,,,,,
874,,,397,591,,,,,,,,,,,,,,,,,,,,,,,,,,,,,,,,,,,,,,,,,,,,,,,,,,,,,,,,,,,,,,,,,,,,,,,,,,,,,,,805.6591,803.4179,805.6591,805.6591,0,0,0,0,0,0,0,0,0,0,0,1,1,1,1,1,0,0,0,0,,,,,,,,,,,,,,,,,,,,,,,,,,,,,,,,,,
875,,,397,979,,,,,,,,,,,,,,,,,,,,,,,,,,,,,,,,,,,,,,,,,,,,,,,,,,,,,,,,,,,,,,,,,,,,,,,,,,,,,,,805.6591,803.4179,805.6591,805.6591,0,0,0,0,0,1,0,0,0,0,0,0,0,0,0,0,0,0,0,0,,,,,,,,,,,,,,,,,,,,,,,,,,,,,,,,,,
876,,,398,303,,,,,,,,,,,,,,,,,,,,,,,,,,,,,,,,,,,,,,,,,,,,,,,,,,,,,,,,,,,,,,,,,,,,,,,,,,,,,,,804.7083,0.3456,0.3456,0.3456,0.3456,0.3456,0.3456,0.3456,0.3456,0.3456,0.3456,0.3456,0.3456,0.3456,0.3456,0.3456,0.3456,0.3456,0.3456,0.3456,0.3456,0.3456,0.3456,0.3456,,,,,,,,,,,,,,,,,,,,,,,,,,,,,,,,,,
877,,,398,687,,,,,,,,,,,,,,,,,,,,,,,,,,,,,,,,,,,,,,,,,,,,,,,,,,,,,,,,,,,,,,,,,,,,,,,,,,,,,,,805.6591,803.4179,805.6591,805.6591,0,0,0,0,0,0,0,0,0,0,0,1,1,1,1,1,0,0,0,0,,,,,,,,,,,,,,,,,,,,,,,,,,,,,,,,,,
878,,,399,063,,,,,,,,,,,,,,,,,,,,,,,,,,,,,,,,,,,,,,,,,,,,,,,,,,,,,,,,,,,,,,,,,,,,,,,,,,,,,,,805.6591,803.4179,805.6591,805.6591,0,0,0,0,0,0,0,0,0,0,0,1,1,1,1,1,0,0,0,0,,,,,,,,,,,,,,,,,,,,,,,,,,,,,,,,,,
879,,,399,432,,,,,,,,,,,,,,,,,,,,,,,,,,,,,,,,,,,,,,,,,,,,,,,,,,,,,,,,,,,,,,,,,,,,,,,,,,,,,,,805.6591,803.4179,805.6591,805.6591,0,0,0,0,0,0,0,0,0,0,0,1,1,1,1,1,0,0,0,0,,,,,,,,,,,,,,,,,,,,,,,,,,,,,,,,,,
880,,,399,812,,,,,,,,,,,,,,,,,,,,,,,,,,,,,,,,,,,,,,,,,,,,,,,,,,,,,,,,,,,,,,,,,,,,,,,,,,,,,,,805.6591,803.4179,805.6591,805.6591,0,0,0,0,0,0,0,0,0,0,0,1,1,1,1,1,0,0,0,0,,,,,,,,,,,,,,,,,,,,,,,,,,,,,,,,,,
881,,,400,188,,,,,,,,,,,,,,,,,,,,,,,,,,,,,,,,,,,,,,,,,,,,,,,,,,,,,,,,,,,,,,,,,,,,,,,,,,,,,,,805.6591,803.4179,805.6591,805.6591,0,0,0,0,0,0,0,0,0,0,0,1,1,1,1,1,0,0,0,0,,,,,,,,,,,,,,,,,,,,,,,,,,,,,,,,,,
882,,,400,557,,,,,,,,,,,,,,,,,,,,,,,,,,,,,,,,,,,,,,,,,,,,,,,,,,,,,,,,,,,,,,,,,,,,,,,,,,,,,,,805.6591,803.4179,805.6591,805.6591,0,0,0,0,0,0,0,0,0,0,0,1,1,1,1,1,0,0,0,0,,,,,,,,,,,,,,,,,,,,,,,,,,,,,,,,,,
883,,,400,911,,,,,,,,,,,,,,,,,,,,,,,,,,,,,,,,,,,,,,,,,,,,,,,,,,,,,,,,,,,,,,,,,,,,,,,,,,,,,,,805.6591,803.4179,805.6591,805.6591,0,0,0,0,0,0,0,0,0,0,0,1,1,1,1,1,0,0,0,0,,,,,,,,,,,,,,,,,,,,,,,,,,,,,,,,,,
884,,,401,281,,,,,,,,,,,,,,,,,,,,,,,,,,,,,,,,,,,,,,,,,,,,,,,,,,,,,,,,,,,,,,,,,,,,,,,,,,,,,,,805.6591,803.4179,805.6591,805.6591,0,0,0,0,0,0,0,0,0,0,0,1,1,1,1,1,0,0,0,0,,,,,,,,,,,,,,,,,,,,,,,,,,,,,,,,,,
885,,,401,655,,,,,,,,,,,,,,,,,,,,,,,,,,,,,,,,,,,,,,,,,,,,,,,,,,,,,,,,,,,,,,,,,,,,,,,,,,,,,,,805.6591,803.4179,805.6591,805.6591,0,0,0,0,0,0,0,0,0,0,0,1,1,1,1,1,0,0,0,0,,,,,,,,,,,,,,,,,,,,,,,,,,,,,,,,,,
886,,,402,021,,,,,,,,,,,,,,,,,,,,,,,,,,,,,,,,,,,,,,,,,,,,,,,,,,,,,,,,,,,,,,,,,,,,,,,,,,,,,,,805.6591,803.4179,805.6591,805.6591,0,0,0,0,0,0,0,0,0,0,0,1,1,1,1,1,0,0,0,0,,,,,,,,,,,,,,,,,,,,,,,,,,,,,,,,,,
887,,,402,381,,,,,,,,,,,,,,,,,,,,,,,,,,,,,,,,,,,,,,,,,,,,,,,,,,,,,,,,,,,,,,,,,,,,,,,,,,,,,,,0.3456,0.3456,-2.8125,-2.8125,0,0,0,0,0,1,0,0,0,0,0,0,0,0,0,0,0,0,0,0,,,,,,,,,,,,,,,,,,,,,,,,,,,,,,,,,,
888,,,402,743,,,,,,,,,,,,,,,,,,,,,,,,,,,,,,,,,,,,,,,,,,,,,,,,,,,,,,,,,,,,,,,,,,,,,,,,,,,,,,,805.6591,803.4179,805.6591,805.6591,0,0,0,0,0,0,0,0,0,0,0,1,1,1,1,1,0,0,0,0,,,,,,,,,,,,,,,,,,,,,,,,,,,,,,,,,,
889,,,403,112,,,,,,,,,,,,,,,,,,,,,,,,,,,,,,,,,,,,,,,,,,,,,,,,,,,,,,,,,,,,,,,,,,,,,,,,,,,,,,,805.6591,803.4179,805.6591,805.6591,0,0,0,0,0,0,0,0,0,0,0,1,1,1,1,1,0,0,0,0,,,,,,,,,,,,,,,,,,,,,,,,,,,,,,,,,,
890,,,403,479,,,,,,,,,,,,,,,,,,,,,,,,,,,,,,,,,,,,,,,,,,,,,,,,,,,,,,,,,,,,,,,,,,,,,,,,,,,,,,,805.6591,803.4179,805.6591,805.6591,0,0,0,0,0,0,0,0,0,0,0,1,1,1,1,1,0,0,0,0,,,,,,,,,,,,,,,,,,,,,,,,,,,,,,,,,,
891,,,403,840,,,,,,,,,,,,,,,,,,,,,,,,,,,,,,,,,,,,,,,,,,,,,,,,,,,,,,,,,,,,,,,,,,,,,,,,,,,,,,,805.6591,803.4179,805.6591,805.6591,0,0,0,0,0,0,0,0,0,0,0,1,1,1,1,1,0,0,0,0,,,,,,,,,,,,,,,,,,,,,,,,,,,,,,,,,,
892,,,404,179,,,,,,,,,,,,,,,,,,,,,,,,,,,,,,,,,,,,,,,,,,,,,,,,,,,,,,,,,,,,,,,,,,,,,,,,,,,,,,,805.6591,803.4179,805.6591,805.6591,0,0,0,0,0,0,0,0,0,0,0,1,1,1,1,1,0,0,0,0,,,,,,,,,,,,,,,,,,,,,,,,,,,,,,,,,,
893,,,404,531,,,,,,,,,,,,,,,,,,,,,,,,,,,,,,,,,,,,,,,,,,,,,,,,,,,,,,,,,,,,,,,,,,,,,,,,,,,,,,,805.6591,803.4179,805.6591,805.6591,0,0,0,0,0,0,0,0,0,0,0,1,1,1,1,1,0,0,0,0,,,,,,,,,,,,,,,,,,,,,,,,,,,,,,,,,,
894,,,404,923,,,,,,,,,,,,,,,,,,,,,,,,,,,,,,,,,,,,,,,,,,,,,,,,,,,,,,,,,,,,,,,,,,,,,,,,,,,,,,,0.3456,0.3456,-2.8125,-2.8125,0,0,0,0,0,1,0,0,0,0,0,0,0,0,0,0,0,0,0,0,,,,,,,,,,,,,,,,,,,,,,,,,,,,,,,,,,
895,,,405,309,,,,,,,,,,,,,,,,,,,,,,,,,,,,,,,,,,,,,,,,,,,,,,,,,,,,,,,,,,,,,,,,,,,,,,,,,,,,,,,805.6591,803.4179,805.6591,805.6591,0,0,0,0,0,0,0,0,0,0,0,1,1,1,1,1,0,0,0,0,,,,,,,,,,,,,,,,,,,,,,,,,,,,,,,,,,
896,,,405,729,,,,,,,,,,,,,,,,,,,,,,,,,,,,,,,,,,,,,,,,,,,,,,,,,,,,,,,,,,,,,,,,,,,,,,,,,,,,,,,805.6591,803.4179,805.6591,805.6591,0,0,0,0,0,0,0,0,0,0,0,1,1,1,1,1,0,0,0,0,,,,,,,,,,,,,,,,,,,,,,,,,,,,,,,,,,
897,,,406,107,,,,,,,,,,,,,,,,,,,,,,,,,,,,,,,,,,,,,,,,,,,,,,,,,,,,,,,,,,,,,,,,,,,,,,,,,,,,,,,805.6591,803.4179,805.6591,805.6591,0,0,0,0,0,0,0,0,0,0,0,1,1,1,1,1,0,0,0,0,,,,,,,,,,,,,,,,,,,,,,,,,,,,,,,,,,
898,,,406,492,,,,,,,,,,,,,,,,,,,,,,,,,,,,,,,,,,,,,,,,,,,,,,,,,,,,,,,,,,,,,,,,,,,,,,,,,,,,,,,805.6591,803.4179,805.6591,805.6591,0,0,0,0,0,0,0,0,0,0,0,1,1,1,1,1,0,0,0,0,,,,,,,,,,,,,,,,,,,,,,,,,,,,,,,,,,
899,,,406,868,,,,,,,,,,,,,,,,,,,,,,,,,,,,,,,,,,,,,,,,,,,,,,,,,,,,,,,,,,,,,,,,,,,,,,,,,,,,,,,805.6591,803.4179,805.6591,805.6591,0,0,0,0,0,0,0,0,0,0,0,1,1,1,1,1,0,0,0,0,,,,,,,,,,,,,,,,,,,,,,,,,,,,,,,,,,
900,,,407,235,,,,,,,,,,,,,,,,,,,,,,,,,,,,,,,,,,,,,,,,,,,,,,,,,,,,,,,,,,,,,,,,,,,,,,,,,,,,,,,805.6591,803.4179,805.6591,805.6591,0,0,0,0,0,0,0,0,0,0,0,1,1,1,1,1,0,0,0,0,,,,,,,,,,,,,,,,,,,,,,,,,,,,,,,,,,
901,,,407,599,,,,,,,,,,,,,,,,,,,,,,,,,,,,,,,,,,,,,,,,,,,,,,,,,,,,,,,,,,,,,,,,,,,,,,,,,,,,,,,805.6591,803.4179,805.6591,805.6591,0,0,0,0,0,0,0,0,0,0,0,1,1,1,1,1,0,0,0,0,,,,,,,,,,,,,,,,,,,,,,,,,,,,,,,,,,
902,,,407,951,,,,,,,,,,,,,,,,,,,,,,,,,,,,,,,,,,,,,,,,,,,,,,,,,,,,,,,,,,,,,,,,,,,,,,,,,,,,,,,805.6591,803.4179,805.6591,805.6591,0,0,0,0,0,0,0,0,0,0,0,1,1,1,1,1,0,0,0,0,,,,,,,,,,,,,,,,,,,,,,,,,,,,,,,,,,
903,,,408,315,,,,,,,,,,,,,,,,,,,,,,,,,,,,,,,,,,,,,,,,,,,,,,,,,,,,,,,,,,,,,,,,,,,,,,,,,,,,,,,805.6591,803.4179,805.6591,805.6591,0,0,0,0,0,0,0,0,0,0,0,1,1,1,1,1,0,0,0,0,,,,,,,,,,,,,,,,,,,,,,,,,,,,,,,,,,
904,,,408,675,,,,,,,,,,,,,,,,,,,,,,,,,,,,,,,,,,,,,,,,,,,,,,,,,,,,,,,,,,,,,,,,,,,,,,,,,,,,,,,805.6591,803.4179,805.6591,805.6591,0,0,0,0,0,0,0,0,0,0,0,1,1,1,1,1,0,0,0,0,,,,,,,,,,,,,,,,,,,,,,,,,,,,,,,,,,
905,,,409,053,,,,,,,,,,,,,,,,,,,,,,,,,,,,,,,,,,,,,,,,,,,,,,,,,,,,,,,,,,,,,,,,,,,,,,,,,,,,,,,805.6591,803.4179,805.6591,805.6591,0,0,0,0,0,0,0,0,0,0,0,1,1,1,1,1,0,0,0,0,,,,,,,,,,,,,,,,,,,,,,,,,,,,,,,,,,
906,,,409,426,,,,,,,,,,,,,,,,,,,,,,,,,,,,,,,,,,,,,,,,,,,,,,,,,,,,,,,,,,,,,,,,,,,,,,,,,,,,,,,805.6591,803.4179,805.6591,805.6591,0,0,0,0,0,0,0,0,0,0,0,1,1,1,1,1,0,0,0,0,,,,,,,,,,,,,,,,,,,,,,,,,,,,,,,,,,
907,,,409,814,,,,,,,,,,,,,,,,,,,,,,,,,,,,,,,,,,,,,,,,,,,,,,,,,,,,,,,,,,,,,,,,,,,,,,,,,,,,,,,805.6591,803.4179,805.6591,805.6591,0,0,0,0,0,0,0,0,0,0,0,1,1,1,1,1,0,0,0,0,,,,,,,,,,,,,,,,,,,,,,,,,,,,,,,,,,
908,,,410,188,,,,,,,,,,,,,,,,,,,,,,,,,,,,,,,,,,,,,,,,,,,,,,,,,,,,,,,,,,,,,,,,,,,,,,,,,,,,,,,805.6591,803.4179,805.6591,805.6591,0,0,0,0,0,0,0,0,0,0,0,1,1,1,1,1,0,0,0,0,,,,,,,,,,,,,,,,,,,,,,,,,,,,,,,,,,
909,,,410,549,,,,,,,,,,,,,,,,,,,,,,,,,,,,,,,,,,,,,,,,,,,,,,,,,,,,,,,,,,,,,,,,,,,,,,,,,,,,,,,805.6591,803.4179,805.6591,805.6591,0,0,0,0,0,0,0,0,0,0,0,1,1,1,1,1,0,0,0,0,,,,,,,,,,,,,,,,,,,,,,,,,,,,,,,,,,
910,,,410,943,,,,,,,,,,,,,,,,,,,,,,,,,,,,,,,,,,,,,,,,,,,,,,,,,,,,,,,,,,,,,,,,,,,,,,,,,,,,,,,805.6591,803.4179,805.6591,805.6591,0,0,0,0,0,0,0,0,0,0,0,1,1,1,1,1,0,0,0,0,,,,,,,,,,,,,,,,,,,,,,,,,,,,,,,,,,
911,,,411,302,,,,,,,,,,,,,,,,,,,,,,,,,,,,,,,,,,,,,,,,,,,,,,,,,,,,,,,,,,,,,,,,,,,,,,,,,,,,,,,805.6591,803.4179,805.6591,805.6591,0,0,0,0,0,0,0,0,0,0,0,1,1,1,1,1,0,0,0,0,,,,,,,,,,,,,,,,,,,,,,,,,,,,,,,,,,
912,,,411,676,,,,,,,,,,,,,,,,,,,,,,,,,,,,,,,,,,,,,,,,,,,,,,,,,,,,,,,,,,,,,,,,,,,,,,,,,,,,,,,805.6591,803.4179,805.6591,805.6591,0,0,0,0,0,0,0,0,0,0,0,1,1,1,1,1,0,0,0,0,,,,,,,,,,,,,,,,,,,,,,,,,,,,,,,,,,
913,,,412,039,,,,,,,,,,,,,,,,,,,,,,,,,,,,,,,,,,,,,,,,,,,,,,,,,,,,,,,,,,,,,,,,,,,,,,,,,,,,,,,805.6591,803.4179,805.6591,805.6591,0,0,0,0,0,0,0,0,0,0,0,1,1,1,1,1,0,0,0,0,,,,,,,,,,,,,,,,,,,,,,,,,,,,,,,,,,
914,,,412,398,,,,,,,,,,,,,,,,,,,,,,,,,,,,,,,,,,,,,,,,,,,,,,,,,,,,,,,,,,,,,,,,,,,,,,,,,,,,,,,805.6591,803.4179,805.6591,805.6591,0,0,0,0,0,0,0,0,0,0,0,1,1,1,1,1,0,0,0,0,,,,,,,,,,,,,,,,,,,,,,,,,,,,,,,,,,
915,,,412,786,,,,,,,,,,,,,,,,,,,,,,,,,,,,,,,,,,,,,,,,,,,,,,,,,,,,,,,,,,,,,,,,,,,,,,,,,,,,,,,805.6591,803.4179,805.6591,805.6591,0,0,0,0,0,0,0,0,0,0,0,1,1,1,1,1,0,0,0,0,,,,,,,,,,,,,,,,,,,,,,,,,,,,,,,,,,
916,,,413,146,,,,,,,,,,,,,,,,,,,,,,,,,,,,,,,,,,,,,,,,,,,,,,,,,,,,,,,,,,,,,,,,,,,,,,,,,,,,,,,805.6591,803.4179,805.6591,805.6591,0,0,0,0,0,0,0,0,0,0,0,1,1,1,1,1,0,0,0,0,,,,,,,,,,,,,,,,,,,,,,,,,,,,,,,,,,
917,,,413,507,,,,,,,,,,,,,,,,,,,,,,,,,,,,,,,,,,,,,,,,,,,,,,,,,,,,,,,,,,,,,,,,,,,,,,,,,,,,,,,805.6591,803.4179,805.6591,805.6591,0,0,0,0,0,0,0,0,0,0,0,1,1,1,1,1,0,0,0,0,,,,,,,,,,,,,,,,,,,,,,,,,,,,,,,,,,
918,,,413,864,,,,,,,,,,,,,,,,,,,,,,,,,,,,,,,,,,,,,,,,,,,,,,,,,,,,,,,,,,,,,,,,,,,,,,,,,,,,,,,805.6591,803.4179,805.6591,805.6591,0,0,0,0,0,0,0,0,0,0,0,1,1,1,1,1,0,0,0,0,,,,,,,,,,,,,,,,,,,,,,,,,,,,,,,,,,
919,,,414,231,,,,,,,,,,,,,,,,,,,,,,,,,,,,,,,,,,,,,,,,,,,,,,,,,,,,,,,,,,,,,,,,,,,,,,,,,,,,,,,805.6591,803.4179,805.6591,805.6591,0,0,0,0,0,0,0,0,0,0,0,1,1,1,1,1,0,0,0,0,,,,,,,,,,,,,,,,,,,,,,,,,,,,,,,,,,
920,,,414,592,,,,,,,,,,,,,,,,,,,,,,,,,,,,,,,,,,,,,,,,,,,,,,,,,,,,,,,,,,,,,,,,,,,,,,,,,,,,,,,805.6591,803.4179,805.6591,805.6591,0,0,0,0,0,0,0,0,0,0,0,1,1,1,1,1,0,0,0,0,,,,,,,,,,,,,,,,,,,,,,,,,,,,,,,,,,
921,,,414,954,,,,,,,,,,,,,,,,,,,,,,,,,,,,,,,,,,,,,,,,,,,,,,,,,,,,,,,,,,,,,,,,,,,,,,,,,,,,,,,805.6591,803.4179,805.6591,805.6591,0,0,0,0,0,0,0,0,0,0,0,1,1,1,1,1,0,0,0,0,,,,,,,,,,,,,,,,,,,,,,,,,,,,,,,,,,
922,,,415,312,,,,,,,,,,,,,,,,,,,,,,,,,,,,,,,,,,,,,,,,,,,,,,,,,,,,,,,,,,,,,,,,,,,,,,,,,,,,,,,805.6591,803.4179,805.6591,805.6591,0,0,0,0,0,0,0,0,0,0,0,1,1,1,1,1,0,0,0,0,,,,,,,,,,,,,,,,,,,,,,,,,,,,,,,,,,
923,,,415,684,,,,,,,,,,,,,,,,,,,,,,,,,,,,,,,,,,,,,,,,,,,,,,,,,,,,,,,,,,,,,,,,,,,,,,,,,,,,,,,805.6591,803.4179,805.6591,805.6591,0,0,0,0,0,0,0,0,0,0,0,1,1,1,1,1,0,0,0,0,,,,,,,,,,,,,,,,,,,,,,,,,,,,,,,,,,
924,,,416,044,,,,,,,,,,,,,,,,,,,,,,,,,,,,,,,,,,,,,,,,,,,,,,,,,,,,,,,,,,,,,,,,,,,,,,,,,,,,,,,805.6591,803.4179,805.6591,805.6591,0,0,0,0,0,0,0,0,0,0,0,1,1,1,1,1,0,0,0,0,,,,,,,,,,,,,,,,,,,,,,,,,,,,,,,,,,
925,,,416,414,,,,,,,,,,,,,,,,,,,,,,,,,,,,,,,,,,,,,,,,,,,,,,,,,,,,,,,,,,,,,,,,,,,,,,,,,,,,,,,805.6591,803.4179,805.6591,805.6591,0,0,0,0,0,0,0,0,0,0,0,1,1,1,1,1,0,0,0,0,,,,,,,,,,,,,,,,,,,,,,,,,,,,,,,,,,
926,,,416,779,,,,,,,,,,,,,,,,,,,,,,,,,,,,,,,,,,,,,,,,,,,,,,,,,,,,,,,,,,,,,,,,,,,,,,,,,,,,,,,805.6591,803.4179,805.6591,805.6591,0,0,0,0,0,0,0,0,0,0,0,1,1,1,1,1,0,0,0,0,,,,,,,,,,,,,,,,,,,,,,,,,,,,,,,,,,
927,,,417,131,,,,,,,,,,,,,,,,,,,,,,,,,,,,,,,,,,,,,,,,,,,,,,,,,,,,,,,,,,,,,,,,,,,,,,,,,,,,,,,805.6591,803.4179,805.6591,805.6591,0,0,0,0,0,0,0,0,0,0,0,1,1,1,1,1,0,0,0,0,,,,,,,,,,,,,,,,,,,,,,,,,,,,,,,,,,
928,,,420,338,,,,,,,,,,,,,,,,,,,,,,,,,,,,,,,,,,,,,,,,,,,,,,,,,,,,,,,,,,,,,,,,,,,,,,,,,,,,,,,805.6591,803.4179,805.6591,805.6591,0,0,0,0,0,0,0,0,0,0,0,1,1,1,1,1,0,0,0,0,,,,,,,,,,,,,,,,,,,,,,,,,,,,,,,,,,
929,,,420,705,,,,,,,,,,,,,,,,,,,,,,,,,,,,,,,,,,,,,,,,,,,,,,,,,,,,,,,,,,,,,,,,,,,,,,,,,,,,,,,805.6591,803.4179,805.6591,805.6591,0,0,0,0,0,0,0,0,0,0,0,1,1,1,1,1,0,0,0,0,,,,,,,,,,,,,,,,,,,,,,,,,,,,,,,,,,
930,,,421,076,,,,,,,,,,,,,,,,,,,,,,,,,,,,,,,,,,,,,,,,,,,,,,,,,,,,,,,,,,,,,,,,,,,,,,,,,,,,,,,805.6591,803.4179,805.6591,805.6591,0,0,0,0,0,0,0,0,0,0,0,1,1,1,1,1,0,0,0,0,,,,,,,,,,,,,,,,,,,,,,,,,,,,,,,,,,
931,,,421,451,,,,,,,,,,,,,,,,,,,,,,,,,,,,,,,,,,,,,,,,,,,,,,,,,,,,,,,,,,,,,,,,,,,,,,,,,,,,,,,805.6591,803.4179,805.6591,805.6591,0,0,0,0,0,0,0,0,0,0,0,1,1,1,1,1,0,0,0,0,,,,,,,,,,,,,,,,,,,,,,,,,,,,,,,,,,
932,,,421,812,,,,,,,,,,,,,,,,,,,,,,,,,,,,,,,,,,,,,,,,,,,,,,,,,,,,,,,,,,,,,,,,,,,,,,,,,,,,,,,805.6591,803.4179,805.6591,805.6591,0,0,0,0,0,0,0,0,0,0,0,1,1,1,1,1,0,0,0,0,,,,,,,,,,,,,,,,,,,,,,,,,,,,,,,,,,
933,,,422,175,,,,,,,,,,,,,,,,,,,,,,,,,,,,,,,,,,,,,,,,,,,,,,,,,,,,,,,,,,,,,,,,,,,,,,,,,,,,,,,805.6591,803.4179,805.6591,805.6591,0,0,0,0,0,0,0,0,0,0,0,1,1,1,1,1,0,0,0,0,,,,,,,,,,,,,,,,,,,,,,,,,,,,,,,,,,
934,,,422,569,,,,,,,,,,,,,,,,,,,,,,,,,,,,,,,,,,,,,,,,,,,,,,,,,,,,,,,,,,,,,,,,,,,,,,,,,,,,,,,805.6591,803.4179,805.6591,805.6591,0,0,0,0,0,0,0,0,0,0,0,1,1,1,1,1,0,0,0,0,,,,,,,,,,,,,,,,,,,,,,,,,,,,,,,,,,
935,,,422,930,,,,,,,,,,,,,,,,,,,,,,,,,,,,,,,,,,,,,,,,,,,,,,,,,,,,,,,,,,,,,,,,,,,,,,,,,,,,,,,805.6591,803.4179,805.6591,805.6591,0,0,0,0,0,0,0,0,0,0,0,1,1,1,1,1,0,0,0,0,,,,,,,,,,,,,,,,,,,,,,,,,,,,,,,,,,
936,,,423,315,,14.00,61.50,790,0.0,6.000,3.264,3.15,0.000,23.32,1.00,0.26,-0.88,0.22,0.965,1.02,-1.43,1.024,0.00,0.90,1.045,15.0,20.928,0.496,0.000,800,8.48,4.8,-0.38,0.00,7.5,1,1,0,0,1,1,0,0,0,0,1,0,0,0,0,0,0,0,1,0,1,1,1,1,1,0,0,0,0,0,0,0,1,1,5155.0,0C,1,1,0,1,1,0,1,0,0,141.56,483.63,,,,,,,,,,,,,,,,,,,,,,,,,,,,,,,,,,,,,,,,,,,,,,,,,,,,,,,,,,
937,,,423,697,,14.10,61.50,783,0.0,6.750,3.443,3.15,0.000,23.72,1.00,0.21,-0.88,0.20,0.980,1.02,-1.43,1.021,0.00,0.90,1.045,15.0,20.928,0.496,0.000,800,8.48,4.8,-0.31,0.00,7.5,1,1,0,0,1,1,0,0,0,0,1,0,0,0,0,0,0,0,1,0,1,1,1,1,1,0,0,0,0,0,0,0,1,1,5155.0,0C,1,1,0,1,1,0,1,0,0,144.88,488.81,,,,,,,,,,,,,,,,,,,,,,,,,,,,,,,,,,,,,,,,,,,,,,,,,,,,,,,,,,
938,,,424,107,,14.10,61.50,809,0.0,3.750,3.424,3.15,0.000,23.65,1.00,0.24,-0.88,0.23,0.997,1.02,-1.43,1.022,0.00,0.90,1.112,15.0,20.928,0.496,0.000,800,8.48,4.8,-0.35,0.00,7.5,1,1,0,0,1,1,0,0,0,0,1,0,0,0,0,0,0,0,1,0,1,1,1,1,1,0,0,0,0,0,0,0,1,1,5155.0,0C,1,1,0,1,1,0,1,0,0,143.75,478.94,,,,,,,,,,,,,,,,,,,,,,,,,,,,,,,,,,,,,,,,,,,,,,,,,,,,,,,,,,
939,,,424,497,,14.10,61.50,806,0.0,4.500,3.277,3.15,0.000,23.16,1.00,0.86,-0.88,0.85,0.968,1.02,-1.43,1.026,0.00,0.90,1.112,15.0,20.928,0.496,0.000,800,8.48,4.8,-0.38,0.00,7.5,1,1,0,0,1,1,0,0,0,0,1,0,0,0,0,0,0,0,1,0,1,1,1,1,1,0,0,0,0,0,0,0,1,1,5155.0,0C,1,1,0,1,1,0,1,0,0,141.25,479.13,,,,,,,,,,,,,,,,,,,,,,,,,,,,,,,,,,,,,,,,,,,,,,,,,,,,,,,,,,
940,,,424,888,,14.10,61.50,802,0.0,6.000,3.341,3.15,0.000,23.51,1.00,0.87,-0.88,0.80,0.952,1.02,-1.43,1.023,0.00,0.90,1.045,15.0,20.928,0.496,0.000,800,8.48,4.8,-0.38,0.00,7.5,1,1,0,0,1,1,0,0,0,0,1,0,0,0,0,0,0,0,1,0,1,1,1,1,1,0,0,0,0,0,0,0,1,1,5155.0,0C,1,1,0,1,1,0,1,0,0,143.38,480.88,,,,,,,,,,,,,,,,,,,,,,,,,,,,,,,,,,,,,,,,,,,,,,,,,,,,,,,,,,
941,,,425,317,,14.00,61.50,784,0.0,12.000,3.155,3.15,0.000,22.88,1.00,0.81,-0.88,0.33,0.937,1.02,-1.43,1.028,0.00,0.90,1.045,15.0,20.577,0.496,0.000,800,8.49,4.8,-0.34,0.19,7.5,1,1,0,0,1,1,0,0,0,0,1,0,0,0,0,0,0,0,1,0,1,1,1,1,1,0,0,0,0,0,0,0,1,1,5155.0,0C,1,1,0,1,1,0,1,0,0,139.38,485.44,,,,,,,,,,,,,,,,,,,,,,,,,,,,,,,,,,,,,,,,,,,,,,,,,,,,,,,,,,
942,,,425,737,,14.10,61.50,798,0.0,6.750,3.507,3.20,0.000,24.21,1.00,0.21,-0.88,0.20,0.973,1.02,-1.43,1.018,0.00,0.90,1.045,15.0,21.271,0.496,0.000,800,8.49,4.8,-0.31,0.00,7.5,1,1,0,0,1,1,0,0,0,0,1,0,0,0,0,0,0,0,1,0,1,1,1,1,1,0,0,0,0,0,0,0,1,1,5155.0,0C,1,1,0,1,1,0,1,0,0,146.06,482.75,,,,,,,,,,,,,,,,,,,,,,,,,,,,,,,,,,,,,,,,,,,,,,,,,,,,,,,,,,
943,,,426,137,,14.10,61.50,804,0.0,5.250,3.437,3.15,0.000,23.63,1.00,0.28,-0.88,0.29,0.988,1.02,-1.43,1.022,0.00,0.90,1.174,15.0,20.928,0.496,0.000,800,8.49,4.8,-0.34,0.00,7.5,1,1,0,0,1,1,0,0,0,0,1,0,0,0,0,0,0,0,1,0,1,1,1,1,1,0,0,0,0,0,0,0,1,1,5155.0,0C,1,1,0,1,1,0,1,0,0,142.50,480.63,,,,,,,,,,,,,,,,,,,,,,,,,,,,,,,,,,,,,,,,,,,,,,,,,,,,,,,,,,
944,,,426,518,,14.10,61.50,799,0.0,6.750,3.264,3.20,0.000,23.25,1.00,0.82,-0.88,0.80,0.954,1.02,-1.43,1.025,0.00,0.90,1.174,15.0,20.928,0.496,0.000,800,8.49,4.8,-0.35,0.00,7.5,1,1,0,0,1,1,0,0,0,0,1,0,0,0,0,0,0,0,1,0,1,1,1,1,1,0,0,0,0,0,0,0,1,1,5155.0,0C,1,1,0,1,1,0,1,0,0,145.06,482.50,,,,,,,,,,,,,,,,,,,,,,,,,,,,,,,,,,,,,,,,,,,,,,,,,,,,,,,,,,
945,,,426,924,,14.10,61.50,793,0.0,6.750,3.309,3.20,0.000,23.53,1.00,0.64,-0.88,0.28,0.938,1.02,-1.43,1.023,0.00,0.90,1.017,15.0,20.928,0.496,0.000,800,8.49,4.8,-0.32,0.00,7.5,1,1,0,0,1,1,0,0,0,0,1,0,0,0,0,0,0,0,1,0,1,1,1,1,1,0,0,0,0,0,0,0,1,1,5155.0,0C,1,1,0,1,1,0,1,0,0,144.88,484.81,,,,,,,,,,,,,,,,,,,,,,,,,,,,,,,,,,,,,,,,,,,,,,,,,,,,,,,,,,
946,,,427,345,,14.10,61.50,794,0.0,6.750,3.475,3.20,0.000,23.93,1.00,0.22,-0.88,0.20,0.976,1.02,-1.43,1.020,0.00,0.90,1.017,15.0,20.928,0.496,0.000,800,8.49,4.8,-0.31,0.00,7.5,1,1,0,0,1,1,0,0,0,0,1,0,0,0,0,0,0,0,1,0,1,1,1,1,1,0,0,0,0,0,0,0,1,1,5155.0,0C,1,1,0,1,1,0,1,0,0,145.25,485.19,,,,,,,,,,,,,,,,,,,,,,,,,,,,,,,,,,,,,,,,,,,,,,,,,,,,,,,,,,
947,,,427,754,,14.10,61.50,799,0.0,6.750,3.398,3.20,0.000,23.48,1.00,0.27,-0.88,0.39,0.993,1.02,-1.43,1.023,0.00,0.90,1.017,15.0,20.928,0.496,0.000,800,8.49,4.8,-0.32,0.00,7.5,1,1,0,0,1,1,0,0,0,0,1,0,0,0,0,0,0,0,1,0,1,1,1,1,1,0,0,0,0,0,0,0,1,1,5155.0,0C,1,1,0,1,1,0,1,0,0,144.19,485.19,,,,,,,,,,,,,,,,,,,,,,,,,,,,,,,,,,,,,,,,,,,,,,,,,,,,,,,,,,
948,,,428,178,,14.10,61.50,789,0.0,6.750,3.488,3.15,0.000,24.00,1.00,0.84,-0.88,0.82,0.963,1.02,-1.43,1.019,0.00,0.90,1.137,15.0,20.928,0.496,0.000,800,8.49,4.8,-0.27,0.00,7.5,1,1,0,0,1,1,0,0,0,0,1,0,0,0,0,0,0,0,1,0,1,1,1,1,1,0,0,0,0,0,0,0,1,1,5155.0,0C,1,1,0,1,1,0,1,0,0,144.56,488.94,,,,,,,,,,,,,,,,,,,,,,,,,,,,,,,,,,,,,,,,,,,,,,,,,,,,,,,,,,
949,,,428,582,,14.10,61.50,796,0.0,5.250,3.373,3.20,0.000,23.95,1.00,0.38,-0.88,0.25,0.945,1.02,-1.43,1.020,0.00,0.90,1.137,15.0,20.928,0.496,0.000,800,8.49,4.8,-0.24,0.00,7.5,1,1,0,0,1,1,0,0,0,0,1,0,0,0,0,0,0,0,1,0,1,1,1,1,1,0,0,0,0,0,0,0,1,1,5155.0,0C,1,1,0,1,1,0,1,0,0,144.56,486.31,,,,,,,,,,,,,,,,,,,,,,,,,,,,,,,,,,,,,,,,,,,,,,,,,,,,,,,,,,
950,,,429,034,,14.10,61.50,794,0.0,6.750,3.501,3.20,0.000,24.07,1.00,0.24,-0.88,0.24,0.986,1.02,-1.43,1.019,0.00,0.90,1.017,15.0,21.614,0.496,0.000,900,8.49,4.8,-0.20,0.00,7.5,1,1,0,0,1,1,0,0,0,0,1,0,1,0,0,0,0,0,1,0,1,1,1,1,1,0,0,0,0,0,0,0,1,1,5155.0,0C,1,1,0,1,1,0,1,0,0,147.31,486.25,,,,,,,,,,,,,,,,,,,,,,,,,,,,,,,,,,,,,,,,,,,,,,,,,,,,,,,,,,
951,,,429,426,,14.10,61.50,867,0.0,-2.250,3.936,3.39,0.000,26.81,1.00,0.76,-0.88,0.77,0.976,1.02,-1.43,1.023,0.00,0.90,1.017,15.0,23.346,0.496,0.000,900,8.49,4.8,-0.47,0.00,7.5,1,1,0,0,1,1,0,0,0,0,1,0,1,0,0,0,0,0,1,0,1,1,1,1,1,0,0,1,0,0,0,0,1,1,5155.0,0C,1,1,0,1,1,0,1,0,0,162.88,503.56,,,,,,,,,,,,,,,,,,,,,,,,,,,,,,,,,,,,,,,,,,,,,,,,,,,,,,,,,,
952,,,429,825,,14.10,61.50,887,0.0,1.500,3.603,3.52,0.000,25.34,1.00,0.95,-0.88,0.92,0.958,1.02,-1.43,1.017,0.00,0.90,1.385,15.0,23.003,0.496,0.000,900,8.49,4.8,-0.49,0.00,7.5,1,1,0,0,1,1,0,0,0,0,1,0,1,0,0,0,0,0,1,0,1,1,1,1,1,0,0,0,0,0,0,0,1,1,5155.0,0C,1,1,0,1,1,0,1,0,0,153.88,482.63,,,,,,,,,,,,,,,,,,,,,,,,,,,,,,,,,,,,,,,,,,,,,,,,,,,,,,,,,,
953,,,430,223,,14.10,61.50,892,0.0,3.750,3.373,3.56,3.648,24.30,1.00,0.98,-0.88,0.93,0.939,1.02,-1.43,1.017,0.00,0.90,1.385,15.0,23.346,0.496,0.000,1000,8.49,4.8,-0.49,0.00,7.5,1,1,0,0,1,1,0,0,0,0,1,0,1,0,0,0,0,0,0,0,1,1,1,1,1,0,0,0,0,0,0,0,1,1,5155.0,0C,1,1,0,1,1,0,1,0,0,164.13,509.13,,,,,,,,,,,,,,,,,,,,,,,,,,,,,,,,,,,,,,,,,,,,,,,,,,,,,,,,,,
954,,,430,626,,14.10,61.50,986,0.0,-5.250,8.998,14.04,11.850,54.16,1.00,0.95,-0.88,0.87,0.916,1.02,-1.43,1.064,0.00,0.90,1.385,15.0,70.695,0.496,0.000,1400,8.49,4.8,-0.49,2.17,7.5,1,1,0,0,1,1,0,0,0,0,1,0,1,0,0,0,0,0,0,0,1,1,1,1,1,0,0,1,0,1,0,0,1,1,5155.0,0C,1,1,0,1,1,0,1,0,0,333.56,865.06,,,,,,,,,,,,,,,,,,,,,,,,,,,,,,,,,,,,,,,,,,,,,,,,,,,,,,,,,,
955,,,431,027,,14.10,61.50,1542,0.0,-0.750,6.323,12.40,11.850,50.41,1.00,0.94,-0.88,0.87,0.879,1.02,-1.43,1.117,0.00,0.90,4.696,15.0,97.658,0.496,0.000,1500,8.47,4.8,-0.49,-0.62,7.5,1,1,0,0,1,1,0,0,0,0,1,0,1,0,0,0,0,0,0,0,1,1,1,1,1,0,0,1,0,0,0,0,1,1,5155.0,0C,1,1,0,1,1,0,1,0,0,307.25,768.75,,,,,,,,,,,,,,,,,,,,,,,,,,,,,,,,,,,,,,,,,,,,,,,,,,,,,,,,,,
956,,,431,414,,14.10,61.50,1533,1.3,3.750,6.086,11.67,11.366,46.59,1.00,0.28,-0.88,0.22,0.899,1.02,-1.43,1.105,0.00,0.90,4.696,15.0,75.883,0.496,0.000,1500,8.49,4.8,-0.49,0.00,7.5,1,1,0,0,1,1,0,0,0,0,1,0,1,0,0,0,0,0,0,0,1,1,1,1,1,0,0,1,0,0,0,0,1,1,5155.0,0C,1,1,0,1,1,0,1,0,0,283.06,720.69,,,,,,,,,,,,,,,,,,,,,,,,,,,,,,,,,,,,,,,,,,,,,,,,,,,,,,,,,,
957,,,431,818,,14.10,61.50,1488,3.8,4.500,6.266,11.67,11.366,46.48,1.00,0.21,-0.88,0.19,0.935,1.02,-1.43,1.101,0.00,0.90,3.874,15.0,76.913,0.496,0.000,1500,8.49,4.8,-0.49,0.00,7.5,1,1,0,0,1,1,0,0,0,0,1,0,1,0,0,0,0,0,0,0,1,1,1,1,1,0,0,1,0,0,0,0,1,1,5155.0,0C,1,1,0,1,1,0,1,0,0,283.06,720.69,,,,,,,,,,,,,,,,,,,,,,,,,,,,,,,,,,,,,,,,,,,,,,,,,,,,,,,,,,
958,,,432,217,,14.10,61.50,1540,5.0,5.250,6.170,11.30,11.366,45.16,1.00,0.23,-0.88,0.21,0.973,1.02,-1.43,1.101,0.00,0.90,3.874,15.0,74.846,0.496,0.000,1500,8.49,4.8,-0.49,-0.19,7.5,1,1,0,0,1,1,0,0,0,0,1,0,1,0,0,0,0,0,0,0,1,1,1,1,1,0,0,1,0,0,0,0,1,1,5155.0,0C,1,1,0,1,1,0,1,0,0,276.00,703.63,,,,,,,,,,,,,,,,,,,,,,,,,,,,,,,,,,,,,,,,,,,,,,,,,,,,,,,,,,
959,,,432,607,,14.10,61.50,1612,7.5,6.750,5.504,10.40,11.366,41.37,1.00,0.85,-0.88,0.85,0.959,1.02,-1.43,1.092,0.00,0.90,3.874,15.0,66.896,0.496,0.000,1500,8.46,4.8,-0.49,-0.62,7.5,1,1,0,0,1,1,0,0,0,0,1,0,1,0,0,0,0,0,0,0,1,1,1,1,1,0,0,1,0,0,0,0,1,1,5155.0,0C,1,1,0,1,1,0,1,0,0,252.13,652.94,,,,,,,,,,,,,,,,,,,,,,,,,,,,,,,,,,,,,,,,,,,,,,,,,,,,,,,,,,
960,,,432,999,,14.10,61.50,1500,8.8,7.500,5.920,11.43,11.038,43.99,1.00,0.84,-0.88,0.65,0.923,1.02,-1.43,1.091,0.00,0.90,3.913,15.0,68.971,0.496,0.000,1500,8.48,4.8,-0.49,0.00,7.5,1,1,0,0,1,1,0,0,0,0,1,0,1,0,0,0,0,0,0,0,1,1,1,1,1,0,0,1,0,0,0,0,1,1,5155.0,0C,1,1,0,1,1,0,1,0,0,269.31,691.19,,,,,,,,,,,,,,,,,,,,,,,,,,,,,,,,,,,,,,,,,,,,,,,,,,,,,,,,,,
961,,,433,377,,14.10,61.50,1492,11.3,3.750,6.131,10.82,10.874,45.12,1.00,0.72,-0.88,0.64,0.947,1.02,-1.43,1.101,0.00,0.90,3.913,15.0,74.495,0.496,0.000,1500,8.48,4.8,-0.49,0.00,7.5,1,1,0,0,1,1,0,0,0,0,1,0,1,0,0,0,0,0,0,0,1,1,1,1,1,0,0,1,0,0,0,0,1,1,5155.0,0C,1,1,0,1,1,0,1,0,0,274.88,700.88,,,,,,,,,,,,,,,,,,,,,,,,,,,,,,,,,,,,,,,,,,,,,,,,,,,,,,,,,,
962,,,433,767,,14.10,61.50,1646,12.5,9.000,4.550,9.35,10.874,36.77,1.00,0.34,-0.88,0.23,0.963,1.02,-1.43,1.099,0.00,0.90,3.717,14.3,62.745,0.496,0.000,1500,8.42,4.8,-0.49,-0.84,7.5,1,1,0,0,1,1,0,0,0,0,1,0,1,0,0,0,0,0,0,0,1,1,1,1,1,0,0,1,0,0,0,0,1,1,5155.0,0C,1,1,0,1,1,0,1,0,0,223.88,616.50,,,,,,,,,,,,,,,,,,,,,,,,,,,,,,,,,,,,,,,,,,,,,,,,,,,,,,,,,,
963,,,434,169,,14.10,61.50,1743,12.5,18.750,4.352,9.72,10.874,32.91,1.00,0.19,-0.88,0.17,0.989,1.02,-1.43,1.106,0.00,0.90,3.717,14.3,58.602,0.496,0.000,1500,8.34,4.8,-0.49,-1.10,7.5,1,1,0,0,1,1,0,0,0,0,1,0,1,0,0,0,0,0,0,0,1,1,1,1,1,0,0,1,0,0,0,0,1,1,5155.0,0C,1,1,0,1,1,0,1,0,0,193.63,527.63,,,,,,,,,,,,,,,,,,,,,,,,,,,,,,,,,,,,,,,,,,,,,,,,,,,,,,,,,,
964,,,434,567,,14.10,61.50,1966,13.8,29.250,4.659,9.84,10.874,31.69,1.00,0.24,-0.88,0.39,1.035,1.02,-1.43,1.127,0.00,0.90,3.717,14.3,58.602,0.496,0.000,1500,8.15,4.8,-0.47,-1.92,7.5,1,1,0,0,1,1,0,0,0,0,1,0,0,0,0,0,0,0,0,0,1,1,1,1,1,0,0,1,0,0,0,0,1,1,5155.0,0C,1,1,0,1,1,0,1,0,0,193.31,490.56,,,,,,,,,,,,,,,,,,,,,,,,,,,,,,,,,,,,,,,,,,,,,,,,,,,,,,,,,,
965,,,434,970,,14.10,61.50,2138,15.0,30.000,4.621,9.96,10.874,32.46,1.00,0.98,-0.88,0.95,0.982,1.02,-1.43,1.143,0.00,0.90,4.023,14.3,62.402,0.496,0.000,1500,8.03,4.8,-0.47,-2.45,7.5,1,1,0,0,1,1,0,0,0,0,1,0,0,0,0,0,0,0,0,0,1,1,1,1,1,0,0,1,0,0,0,0,1,1,5155.0,0C,1,1,0,1,1,0,1,0,0,197.81,486.06,,,,,,,,,,,,,,,,,,,,,,,,,,,,,,,,,,,,,,,,,,,,,,,,,,,,,,,,,,
966,,,435,357,,14.10,61.50,2288,16.3,31.500,3.846,9.35,9.335,29.32,1.00,0.99,-0.88,0.95,0.938,1.02,-1.43,1.156,0.00,0.90,4.023,14.3,61.707,0.496,0.000,1500,7.92,4.8,-0.46,-2.42,7.5,1,1,0,0,1,1,0,0,0,0,1,0,0,0,0,0,0,0,0,0,1,1,1,1,1,0,0,0,0,0,0,0,1,1,5155.0,0C,1,1,0,1,1,0,1,0,0,178.88,445.44,,,,,,,,,,,,,,,,,,,,,,,,,,,,,,,,,,,,,,,,,,,,,,,,,,,,,,,,,,
967,,,435,749,,14.10,61.50,2384,17.5,32.250,3.085,9.23,8.281,25.10,1.00,0.96,-0.88,0.88,0.907,1.02,-1.43,1.158,0.00,0.90,4.023,14.3,59.632,0.496,0.000,1500,7.85,4.8,-0.45,-2.40,7.5,1,1,0,0,1,1,0,0,0,0,1,0,0,0,0,0,0,0,0,0,1,1,1,1,1,0,0,0,0,0,0,0,1,1,5155.0,0C,1,1,0,1,1,0,1,0,0,149.56,396.06,,,,,,,,,,,,,,,,,,,,,,,,,,,,,,,,,,,,,,,,,,,,,,,,,,,,,,,,,,
968,,,436,157,,14.10,61.50,2469,17.5,33.000,3.219,10.28,8.444,24.23,1.00,0.20,-0.88,0.17,0.941,1.02,-1.43,1.159,0.00,0.90,3.227,14.3,61.707,0.496,0.000,1500,7.79,4.8,-0.45,-2.38,7.5,1,1,0,0,1,1,0,0,0,0,1,0,0,0,0,0,0,0,0,0,1,1,1,1,1,0,0,0,0,0,0,0,1,1,5155.0,0C,1,1,0,1,1,0,1,0,0,151.31,411.06,,,,,,,,,,,,,,,,,,,,,,,,,,,,,,,,,,,,,,,,,,,,,,,,,,,,,,,,,,
969,,,436,548,,14.10,61.50,2535,18.8,33.750,3.315,10.45,4.953,24.07,1.00,0.19,-0.88,0.16,0.982,1.02,-1.43,1.160,0.00,0.90,3.227,14.3,58.251,0.496,0.000,1500,7.75,4.8,-0.45,-2.37,7.5,1,1,0,0,1,1,0,0,0,0,1,0,0,0,0,0,0,0,0,0,1,1,1,1,1,0,0,0,0,0,0,0,1,1,5155.0,0C,1,1,0,1,1,0,1,0,0,138.56,391.69,,,,,,,,,,,,,,,,,,,,,,,,,,,,,,,,,,,,,,,,,,,,,,,,,,,,,,,,,,
970,,,436,936,,14.10,61.50,2584,18.8,35.250,2.816,9.30,0.000,19.57,1.00,0.19,-0.88,0.16,1.019,1.02,-1.43,1.155,0.00,0.90,3.201,14.3,51.682,0.496,0.000,1100,7.71,4.8,-0.45,-4.16,7.5,1,1,0,0,1,1,0,0,0,0,1,0,0,0,0,0,0,0,1,0,1,1,1,1,1,0,0,0,0,1,0,0,1,1,5155.0,0C,1,1,0,1,1,0,1,0,0,116.19,348.69,,,,,,,,,,,,,,,,,,,,,,,,,,,,,,,,,,,,,,,,,,,,,,,,,,,,,,,,,,
971,,,437,337,,14.10,61.50,2614,18.8,36.000,2.669,8.45,0.000,17.16,1.00,0.19,-0.88,0.17,1.057,1.02,-1.43,1.157,0.00,0.90,3.201,14.3,46.502,0.496,0.000,900,7.70,4.8,-0.45,-4.35,7.5,1,1,0,0,1,1,0,0,0,0,1,0,0,0,0,0,0,0,1,0,1,1,1,1,1,0,0,0,0,1,0,0,1,1,5155.0,0C,1,1,0,1,1,0,1,0,0,102.63,319.19,,,,,,,,,,,,,,,,,,,,,,,,,,,,,,,,,,,,,,,,,,,,,,,,,,,,,,,,,,
972,,,437,717,,14.10,62.25,2627,18.8,37.500,2.458,7.47,1.132,14.81,1.00,0.21,-0.88,0.18,1.091,1.02,-1.43,1.159,0.00,0.90,3.201,14.3,41.665,0.496,0.000,900,7.69,4.8,-0.45,-4.35,7.5,1,1,0,0,1,1,0,0,0,0,1,0,0,0,0,0,0,0,1,0,1,1,1,1,1,0,0,0,0,1,0,0,1,1,5155.0,0C,1,1,0,1,1,0,1,0,0,88.69,282.38,,,,,,,,,,,,,,,,,,,,,,,,,,,,,,,,,,,,,,,,,,,,,,,,,,,,,,,,,,
973,,,438,095,,14.10,62.25,2604,18.8,37.500,2.509,8.69,3.890,14.67,1.00,0.72,-0.88,0.75,1.095,1.02,-1.43,1.157,0.00,0.90,2.559,14.3,45.464,0.496,0.000,900,7.71,4.8,-0.45,-2.35,7.5,1,1,0,0,1,1,0,0,0,0,1,0,0,0,0,0,0,0,0,0,1,1,1,1,1,0,0,0,0,1,0,0,1,1,5155.0,0C,1,1,0,1,1,0,1,0,0,93.44,296.50,,,,,,,,,,,,,,,,,,,,,,,,,,,,,,,,,,,,,,,,,,,,,,,,,,,,,,,,,,
974,,,438,478,,14.10,62.25,2616,18.8,36.000,3.091,9.42,3.890,18.19,1.00,0.22,-0.88,0.20,1.127,1.02,-1.43,1.158,0.00,0.90,2.559,14.3,51.339,0.496,0.000,900,7.70,4.8,-0.45,-2.35,7.5,1,1,0,0,1,1,0,0,0,0,1,0,0,0,0,0,0,0,0,0,1,1,1,1,1,0,0,0,0,0,0,0,1,1,5155.0,0C,1,1,0,1,1,0,1,0,0,111.19,337.38,,,,,,,,,,,,,,,,,,,,,,,,,,,,,,,,,,,,,,,,,,,,,,,,,,,,,,,,,,
975,,,438,883,,14.10,62.25,2649,20.0,36.000,2.957,8.74,0.000,17.30,1.00,0.75,-0.88,0.78,1.133,1.02,-1.43,1.161,0.00,0.90,3.522,14.3,48.226,0.496,0.000,900,7.67,4.8,-0.45,-4.36,7.5,1,1,0,0,1,1,0,0,0,0,1,0,0,0,0,0,0,0,1,0,1,1,1,1,1,0,0,0,0,1,0,0,1,1,5155.0,0C,1,1,0,1,1,0,1,0,0,103.75,321.63,,,,,,,,,,,,,,,,,,,,,,,,,,,,,,,,,,,,,,,,,,,,,,,,,,,,,,,,,,
976,,,439,279,,14.10,62.25,2667,20.0,37.500,2.547,7.76,0.000,14.65,1.00,0.31,-0.88,0.21,1.137,1.02,-1.43,1.163,0.00,0.90,3.522,14.3,43.046,0.496,0.000,900,7.66,4.8,-0.45,-4.36,7.5,1,1,0,0,1,1,0,0,0,0,1,0,0,0,0,0,0,0,1,0,1,1,1,1,1,0,0,0,0,1,0,0,1,1,5155.0,0C,1,1,0,1,1,0,1,0,0,87.81,284.81,,,,,,,,,,,,,,,,,,,,,,,,,,,,,,,,,,,,,,,,,,,,,,,,,,,,,,,,,,
977,,,439,678,,14.10,62.25,2649,20.0,38.250,2.298,6.86,0.000,12.91,1.00,0.80,-0.88,0.83,1.135,1.02,-1.43,1.161,0.00,0.90,3.522,14.3,37.858,0.496,0.000,900,7.68,4.8,-0.45,-4.36,7.5,1,1,0,0,1,1,0,0,0,0,1,0,0,0,0,0,0,0,1,0,1,1,1,1,1,0,0,0,0,1,0,0,1,1,5155.0,0C,1,1,0,1,1,0,1,0,0,79.13,261.50,,,,,,,,,,,,,,,,,,,,,,,,,,,,,,,,,,,,,,,,,,,,,,,,,,,,,,,,,,
978,,,440,074,,14.10,62.25,2586,18.8,39.000,1.978,5.27,0.000,11.16,1.00,0.95,-0.88,0.89,1.104,1.02,-1.43,1.152,0.00,0.90,2.238,14.3,31.640,0.496,0.000,900,7.73,4.8,-0.45,-4.35,7.5,1,1,0,0,1,1,0,0,0,0,1,0,0,0,0,0,0,0,1,0,1,1,1,1,1,0,0,0,0,1,0,0,1,1,5155.0,0C,1,1,0,1,1,0,1,0,0,67.88,224.88,,,,,,,,,,,,,,,,,,,,,,,,,,,,,,,,,,,,,,,,,,,,,,,,,,,,,,,,,,
979,,,440,466,,14.10,62.25,2542,18.8,27.000,1.862,5.27,0.000,10.64,1.00,1.00,-0.88,0.94,1.076,1.02,-1.43,1.149,0.00,0.90,2.238,14.3,31.296,0.496,0.000,900,7.75,4.8,-0.45,-4.34,7.5,1,1,0,0,1,1,0,0,0,0,1,0,0,0,0,0,0,0,1,0,1,1,1,1,1,0,0,0,0,1,0,0,1,1,5155.0,0C,1,1,0,1,1,0,1,0,0,65.06,215.75,,,,,,,,,,,,,,,,,,,,,,,,,,,,,,,,,,,,,,,,,,,,,,,,,,,,,,,,,,
980,,,440,862,,14.10,-48.00,13376,0.0,1.500,27.853,1346.88,77.870,1101.16,1.45,0.00,-1.45,0.08,0.007,0.05,5.26,0.591,0.01,0.75,0.194,-40.5,8.594,0.766,79.500,2500,97.10,128.3,0.78,3.67,-37.5,1,0,0,0,0,1,0,1,0,1,0,1,0,1,0,1,0,1,1,1,1,1,1,1,1,1,1,1,1,1,1,1,1,1,1,,,,,,,,,,,,,,,,,,,,,,,,,,,,,,,,,,,,,,,,,,,,,,,,,,,,,,,,,,,,,,,,,,,,,,
981,,,441,247,,14.10,62.25,2219,16.3,-3.750,2.336,4.66,0.000,13.92,1.00,1.02,-0.88,0.96,1.030,1.02,-1.43,1.120,0.00,0.90,1.761,14.3,27.489,0.496,0.000,900,8.01,4.8,-0.46,-4.27,7.5,1,1,0,0,1,1,0,0,0,0,1,0,0,0,0,0,0,0,1,0,1,1,1,1,1,0,0,0,0,1,0,0,1,1,5155.0,0C,1,1,0,1,1,0,1,0,0,85.75,238.63,,,,,,,,,,,,,,,,,,,,,,,,,,,,,,,,,,,,,,,,,,,,,,,,,,,,,,,,,,
982,,,441,634,,14.10,62.25,2052,15.0,-9.000,2.144,3.88,0.000,13.50,1.00,1.02,-0.88,0.89,1.005,1.02,-1.43,1.113,0.00,0.90,1.761,14.3,25.765,0.496,0.000,900,8.14,4.8,-0.47,-4.07,7.5,1,1,0,0,1,1,0,0,0,0,1,0,0,0,0,0,0,0,1,0,1,1,1,1,1,0,0,0,0,1,0,0,1,1,5155.0,0C,1,1,0,1,1,0,1,0,0,78.13,228.19,,,,,,,,,,,,,,,,,,,,,,,,,,,,,,,,,,,,,,,,,,,,,,,,,,,,,,,,,,
983,,,442,017,,14.10,62.25,1887,13.8,-12.000,0.000,3.69,0.000,10.55,1.00,0.99,-0.88,0.71,1.000,1.02,-1.43,1.116,0.00,0.90,1.408,15.0,0.000,0.496,0.000,900,8.27,4.8,-0.48,-3.66,7.5,1,1,0,0,1,1,0,0,0,0,1,0,0,0,0,0,0,0,1,0,0,1,0,1,0,0,1,0,0,1,0,0,1,1,5155.0,0C,1,1,0,1,1,0,1,0,0,61.25,226.63,,,,,,,,,,,,,,,,,,,,,,,,,,,,,,,,,,,,,,,,,,,,,,,,,,,,,,,,,,
984,,,442,409,,14.10,62.25,1713,12.5,-12.000,2.176,3.76,3.078,11.25,1.00,0.16,-0.88,0.13,1.000,1.02,-1.43,1.114,0.00,0.90,1.408,15.0,8.995,0.496,0.000,900,8.41,4.8,-0.49,-2.57,7.5,1,1,0,0,1,1,0,0,0,0,1,0,0,0,0,0,0,0,0,0,1,1,0,1,0,0,0,0,0,1,0,0,1,1,5155.0,0C,1,1,0,1,1,0,1,0,0,72.50,253.56,,,,,,,,,,,,,,,,,,,,,,,,,,,,,,,,,,,,,,,,,,,,,,,,,,,,,,,,,,
985,,,442,808,,14.10,62.25,1543,11.3,0.000,2.336,3.76,8.116,13.43,0.97,0.16,-0.88,0.14,1.004,1.02,-1.43,1.103,0.00,0.90,1.479,15.0,8.995,0.496,0.000,900,8.48,4.8,-0.49,-2.59,7.5,1,1,0,1,1,1,0,0,0,0,1,0,0,0,0,0,0,0,0,0,1,1,1,1,0,0,0,0,0,1,0,0,1,1,5155.0,0C,1,1,0,1,1,0,1,0,0,83.44,274.19,,,,,,,,,,,,,,,,,,,,,,,,,,,,,,,,,,,,,,,,,,,,,,,,,,,,,,,,,,
986,,,443,204,,14.10,62.25,1460,10.0,33.000,2.829,5.10,11.687,16.88,0.97,0.85,-0.88,0.89,0.991,1.02,-1.43,1.080,0.00,0.90,1.479,15.0,9.522,0.496,0.000,900,8.49,4.8,-0.49,-2.35,7.5,1,1,0,1,1,1,0,0,0,0,1,0,0,0,0,0,0,0,0,0,1,1,1,1,1,0,0,0,0,1,0,0,1,1,5155.0,0C,1,1,0,1,1,0,1,0,0,102.63,317.00,,,,,,,,,,,,,,,,,,,,,,,,,,,,,,,,,,,,,,,,,,,,,,,,,,,,,,,,,,
987,,,443,586,,14.10,62.25,1444,10.0,9.750,4.512,8.20,12.499,26.58,0.96,0.99,-0.88,0.94,0.970,1.02,-1.43,1.066,0.00,0.90,1.479,15.0,9.865,0.496,0.000,900,8.49,4.8,-0.49,-2.22,7.5,1,1,0,1,1,1,0,0,0,0,1,0,0,0,0,0,0,0,0,0,1,1,1,1,1,0,0,0,0,0,0,0,1,1,5155.0,0C,1,1,0,1,1,0,1,0,0,165.44,457.56,,,,,,,,,,,,,,,,,,,,,,,,,,,,,,,,,,,,,,,,,,,,,,,,,,,,,,,,,,
988,,,443,996,,14.10,62.25,1553,11.3,11.250,5.914,10.69,12.499,35.23,0.97,1.00,-0.88,0.94,0.940,1.02,-1.43,1.086,0.00,0.90,2.993,15.0,10.559,0.496,0.000,900,8.49,4.8,-0.49,-2.59,7.5,1,1,0,1,1,1,0,0,0,0,1,0,0,0,0,0,0,0,0,0,1,1,1,1,1,0,0,1,0,0,0,0,1,1,5155.0,0C,1,1,0,1,1,0,1,0,0,216.06,575.31,,,,,,,,,,,,,,,,,,,,,,,,,,,,,,,,,,,,,,,,,,,,,,,,,,,,,,,,,,
989,,,444,387,,14.10,62.25,1683,12.5,6.750,4.390,8.62,6.734,31.73,0.98,1.00,-0.88,0.93,0.905,1.02,-1.43,1.099,0.00,0.90,2.993,15.8,11.246,0.496,0.000,900,8.41,4.8,-0.49,-2.57,7.5,1,1,0,1,1,1,0,0,0,0,1,0,0,0,0,0,0,0,0,0,1,1,1,1,1,0,0,1,0,0,0,0,1,1,5155.0,0C,1,1,0,1,1,0,1,0,0,193.25,530.13,,,,,,,,,,,,,,,,,,,,,,,,,,,,,,,,,,,,,,,,,,,,,,,,,,,,,,,,,,
990,,,444,787,,14.10,62.25,1703,12.5,13.500,3.072,6.74,0.000,23.79,1.00,0.21,-0.88,0.17,0.913,1.02,-1.43,1.099,0.00,0.90,2.277,15.8,11.597,0.496,0.000,900,8.41,4.8,-0.49,-3.23,7.5,1,1,0,1,1,1,0,0,0,0,1,0,0,0,0,0,0,0,1,0,1,1,1,1,1,0,0,0,0,1,0,0,1,1,5155.0,0C,1,1,0,1,1,0,1,0,0,141.44,410.88,,,,,,,,,,,,,,,,,,,,,,,,,,,,,,,,,,,,,,,,,,,,,,,,,,,,,,,,,,
991,,,445,197,,14.10,62.25,1719,12.5,17.250,3.059,6.93,3.812,21.54,1.00,0.19,-0.88,0.17,0.939,1.02,-1.43,1.095,0.00,0.90,2.277,15.0,12.284,0.496,0.000,900,8.41,4.8,-0.49,-2.57,7.5,1,1,0,1,1,1,0,0,0,0,1,0,0,0,0,0,0,0,0,0,1,1,1,1,1,0,0,0,0,1,0,0,1,1,5155.0,0C,1,1,0,1,1,0,1,0,0,134.13,389.69,,,,,,,,,,,,,,,,,,,,,,,,,,,,,,,,,,,,,,,,,,,,,,,,,,,,,,,,,,
992,,,445,589,,14.10,62.25,1713,12.5,9.750,3.469,8.25,7.546,23.63,1.00,0.23,-0.88,0.22,0.965,1.02,-1.43,1.103,0.00,0.90,2.277,15.0,12.634,0.496,0.000,900,8.38,4.8,-0.49,-2.56,7.5,1,1,0,1,1,1,0,0,0,0,1,0,0,0,0,0,0,0,0,0,1,1,1,1,1,0,0,0,0,0,0,0,1,1,5155.0,0C,1,1,0,1,1,0,1,0,0,145.94,424.25,,,,,,,,,,,,,,,,,,,,,,,,,,,,,,,,,,,,,,,,,,,,,,,,,,,,,,,,,,
993,,,445,988,,14.10,62.25,1695,12.5,9.000,4.269,7.64,6.491,27.54,1.00,0.21,-0.88,0.20,0.996,1.02,-1.43,1.095,0.00,0.90,2.860,15.0,13.321,0.496,0.000,900,8.44,4.8,-0.49,-2.58,7.5,1,1,0,1,1,1,0,0,0,0,1,0,0,0,0,0,0,0,0,0,1,1,1,1,1,0,0,0,0,0,0,0,1,1,5155.0,0C,1,1,0,1,1,0,1,0,0,166.63,462.94,,,,,,,,,,,,,,,,,,,,,,,,,,,,,,,,,,,,,,,,,,,,,,,,,,,,,,,,,,
994,,,446,389,,14.10,62.25,1856,12.5,18.000,3.136,7.71,0.000,22.27,1.00,0.86,-0.88,0.79,0.957,1.02,-1.43,1.110,0.00,0.90,2.860,15.0,14.015,0.496,0.000,900,8.29,4.8,-0.48,-3.65,7.5,1,1,0,1,1,1,0,0,0,0,1,0,0,0,0,0,0,0,1,0,1,1,1,1,1,0,0,0,0,1,0,0,1,1,5155.0,0C,1,1,0,1,1,0,1,0,0,132.75,393.63,,,,,,,,,,,,,,,,,,,,,,,,,,,,,,,,,,,,,,,,,,,,,,,,,,,,,,,,,,
995,,,446,792,,14.10,62.25,1764,12.5,7.500,2.989,6.86,0.000,20.79,1.00,0.22,-0.88,0.20,0.981,1.02,-1.43,1.108,0.00,0.90,2.277,15.0,14.702,0.496,0.000,900,8.34,4.8,-0.49,-3.44,7.5,1,1,0,1,1,1,0,0,0,0,1,0,0,0,0,0,0,0,1,0,1,1,1,1,1,0,0,0,0,1,0,0,1,1,5155.0,0C,1,1,0,1,1,0,1,0,0,127.19,374.56,,,,,,,,,,,,,,,,,,,,,,,,,,,,,,,,,,,,,,,,,,,,,,,,,,,,,,,,,,
996,,,447,189,,14.10,62.25,1796,12.5,20.250,2.989,6.86,0.000,19.78,1.00,0.23,-0.88,0.24,1.008,1.02,-1.43,1.098,0.00,0.90,2.277,15.0,15.740,0.496,0.000,900,8.34,4.8,-0.49,-3.41,7.5,1,1,0,1,1,1,0,0,0,0,1,0,0,0,0,0,0,0,1,0,1,1,1,1,1,0,0,0,0,1,0,0,1,1,5155.0,0C,1,1,0,1,1,0,1,0,0,123.31,367.31,,,,,,,,,,,,,,,,,,,,,,,,,,,,,,,,,,,,,,,,,,,,,,,,,,,,,,,,,,
997,,,447,588,,14.10,62.25,1785,12.5,33.750,2.470,5.40,0.000,16.88,1.00,0.86,-0.88,0.87,1.000,1.02,-1.43,1.091,0.00,0.90,2.277,15.0,16.777,0.496,0.000,900,8.31,4.8,-0.48,-3.54,7.5,1,1,0,1,1,1,0,0,0,0,1,0,0,0,0,0,0,0,1,0,1,1,1,1,1,0,0,0,0,1,0,0,1,1,5155.0,0C,1,1,0,1,1,0,1,0,0,101.44,313.38,,,,,,,,,,,,,,,,,,,,,,,,,,,,,,,,,,,,,,,,,,,,,,,,,,,,,,,,,,
998,,,447,997,,13.70,62.25,1609,12.5,8.250,2.368,3.56,0.000,14.98,1.00,0.21,-0.88,0.18,1.014,1.02,-1.43,1.092,0.00,0.90,1.761,15.0,18.158,0.496,0.000,900,8.49,4.8,-0.49,-2.75,7.5,1,1,0,1,1,1,0,0,0,0,1,1,1,0,0,0,0,0,1,0,1,1,1,1,1,0,0,0,0,1,0,1,1,1,5155.0,0C,1,1,0,1,1,0,1,0,0,90.69,290.56,,,,,,,,,,,,,,,,,,,,,,,,,,,,,,,,,,,,,,,,,,,,,,,,,,,,,,,,,,
999,,,448,387,,13.20,62.25,1330,11.3,24.000,0.000,3.20,0.000,13.99,1.00,0.22,-0.88,0.71,1.000,1.02,-1.43,1.081,0.00,0.90,1.761,15.0,0.000,0.496,0.000,900,8.48,4.8,-0.49,-1.54,7.5,1,1,0,1,1,1,0,0,0,0,1,1,1,0,0,0,0,0,1,0,0,1,0,1,0,0,1,0,0,1,0,1,1,1,5155.0,0C,1,1,0,1,1,0,1,0,0,87.56,307.81,,,,,,,,,,,,,,,,,,,,,,,,,,,,,,,,,,,,,,,,,,,,,,,,,,,,,,,,,,
1000,,,448,787,,13.10,62.25,1089,8.8,10.500,3.898,4.86,0.000,21.61,0.97,0.18,-0.88,0.16,1.000,1.02,-1.43,1.039,0.00,0.90,1.761,15.0,8.995,0.496,0.000,900,8.49,4.8,0.12,-0.35,7.5,1,1,0,1,1,1,0,0,0,0,1,1,1,0,0,0,0,0,1,0,1,1,0,1,0,0,0,0,0,1,0,1,1,1,5155.0,0C,1,1,0,1,1,0,1,0,0,135.13,436.44,,,,,,,,,,,,,,,,,,,,,,,,,,,,,,,,,,,,,,,,,,,,,,,,,,,,,,,,,,
1001,,,449,230,,13.50,62.25,1065,7.5,3.750,3.878,4.74,0.000,24.07,0.97,0.93,-0.88,0.92,0.988,1.02,-1.43,1.023,0.00,0.90,1.761,15.0,9.064,0.496,0.000,900,8.49,4.8,0.23,0.62,7.5,1,1,0,1,1,1,0,0,0,0,1,1,0,0,0,0,0,0,1,0,1,1,1,1,0,0,0,0,0,1,0,1,1,1,5155.0,0C,1,1,0,1,1,0,1,0,0,148.00,463.38,,,,,,,,,,,,,,,,,,,,,,,,,,,,,,,,,,,,,,,,,,,,,,,,,,,,,,,,,,
1002,,,449,610,,14.00,-48.00,10944,0.0,3.000,40.960,1146.63,77.089,1124.88,1.45,0.00,-1.30,0.13,0.007,0.05,5.26,0.183,0.01,0.75,0.194,-40.5,86.329,0.750,55.500,10,29.91,1766.7,2.73,-24.63,109.5,0,1,0,0,0,1,0,1,1,1,1,1,0,1,1,0,0,1,0,0,0,0,0,0,0,0,1,0,0,1,0,0,0,0,2948.7,FD,0,1,0,1,0,1,1,1,1,1,1,,,,,,,,,,,,,,,,,,,,,,,,,,,,,,,,,,,,,,,,,,,,,,,,,,,,,,,,,,
1003,,,449,999,,14.00,62.25,1010,6.3,4.500,3.302,3.93,0.000,23.30,0.97,1.00,-0.88,0.94,0.949,1.02,-1.43,1.025,0.00,0.90,1.576,15.0,9.178,0.496,0.000,900,8.49,4.8,0.23,1.03,7.5,1,1,0,1,1,1,0,0,0,0,1,1,0,0,0,0,0,0,1,0,1,1,1,1,1,0,0,0,0,0,0,1,1,1,5155.0,0C,1,1,0,1,1,0,1,0,0,141.06,449.06,,,,,,,,,,,,,,,,,,,,,,,,,,,,,,,,,,,,,,,,,,,,,,,,,,,,,,,,,,
1004,,,450,396,,14.00,62.25,962,5.0,7.500,3.302,4.00,0.000,23.30,0.98,0.98,-0.88,0.91,0.932,1.02,-1.43,1.025,0.00,0.90,1.576,15.0,9.178,0.496,0.000,900,8.49,4.8,0.23,1.46,7.5,1,1,0,1,1,1,0,0,0,0,1,1,0,0,0,0,0,0,1,0,1,1,1,1,1,0,0,0,0,0,0,1,1,1,5155.0,0C,1,1,0,1,1,0,1,0,0,143.00,455.56,,,,,,,,,,,,,,,,,,,,,,,,,,,,,,,,,,,,,,,,,,,,,,,,,,,,,,,,,,
1005,,,450,776,,14.00,62.25,942,5.0,7.500,3.341,4.00,0.000,24.02,0.99,0.96,-0.88,0.87,0.914,1.02,-1.43,1.019,0.00,0.90,1.361,15.8,9.178,0.496,0.000,900,8.49,4.8,0.23,1.50,7.5,1,1,0,1,1,1,0,0,0,0,1,1,0,0,0,0,0,0,1,0,1,1,1,1,1,0,0,0,0,0,0,1,1,1,5155.0,0C,1,1,0,1,1,0,1,0,0,146.38,463.69,,,,,,,,,,,,,,,,,,,,,,,,,,,,,,,,,,,,,,,,,,,,,,,,,,,,,,,,,,
1006,,,451,174,,14.00,62.25,935,3.8,6.750,3.296,4.00,0.000,24.28,0.99,0.93,-0.88,0.82,0.895,1.02,-1.43,1.017,0.00,0.90,1.361,15.8,9.178,0.496,0.000,900,8.49,4.8,0.23,1.53,7.5,1,1,0,1,1,1,0,0,0,0,1,1,0,0,0,0,0,0,1,0,1,1,1,1,1,0,0,0,0,0,0,1,1,1,5155.0,0C,1,1,0,1,1,0,1,0,0,148.19,467.19,,,,,,,,,,,,,,,,,,,,,,,,,,,,,,,,,,,,,,,,,,,,,,,,,,,,,,,,,,
1007,,,451,560,,14.00,62.25,911,3.8,9.750,3.034,3.32,0.000,23.34,1.00,0.85,-0.88,0.52,0.878,1.02,-1.43,1.024,0.00,0.90,1.361,15.8,9.522,0.496,0.000,900,8.50,4.8,0.30,0.00,7.5,1,1,0,1,1,1,0,0,0,0,1,1,0,0,0,0,0,0,1,0,1,1,1,1,1,0,0,0,0,0,0,1,1,1,5155.0,0C,1,1,0,1,1,0,1,0,0,141.63,455.13,,,,,,,,,,,,,,,,,,,,,,,,,,,,,,,,,,,,,,,,,,,,,,,,,,,,,,,,,,
1008,,,451,946,,14.00,62.25,890,2.5,12.750,2.995,3.39,0.000,22.69,1.00,0.39,-0.88,0.22,0.902,1.02,-1.43,1.029,0.00,0.90,1.174,15.8,9.522,0.496,0.000,900,8.50,4.8,0.39,0.00,7.5,1,1,0,1,1,1,0,0,0,0,1,1,0,0,0,0,0,0,1,0,1,1,1,1,1,0,0,0,0,0,0,1,1,1,5155.0,0C,1,1,0,1,1,0,1,0,0,139.13,452.25,,,,,,,,,,,,,,,,,,,,,,,,,,,,,,,,,,,,,,,,,,,,,,,,,,,,,,,,,,
1009,,,452,336,,14.00,62.25,903,2.5,9.750,3.174,3.52,0.000,22.90,1.00,0.21,-0.88,0.20,0.918,1.02,-1.43,1.028,0.00,0.90,1.174,15.8,9.522,0.496,0.000,900,8.50,4.8,0.46,0.00,7.5,1,1,0,1,1,1,0,0,0,0,1,1,0,0,0,0,0,0,1,0,1,1,1,1,1,0,0,0,0,0,0,1,1,1,5155.0,0C,1,1,0,1,1,0,1,0,0,138.56,449.06,,,,,,,,,,,,,,,,,,,,,,,,,,,,,,,,,,,,,,,,,,,,,,,,,,,,,,,,,,
1010,,,452,719,,14.00,62.25,878,1.3,9.750,3.027,3.52,0.000,22.59,1.00,0.24,-0.88,0.24,0.934,1.02,-1.43,1.030,0.00,0.90,1.174,15.8,9.522,0.496,0.000,800,8.50,4.8,0.55,-0.05,7.5,1,1,0,1,1,1,0,0,0,0,1,1,0,0,0,0,0,0,1,0,1,1,1,1,1,0,0,0,0,0,0,1,1,1,5155.0,0C,1,1,0,1,1,0,1,0,0,136.75,463.63,,,,,,,,,,,,,,,,,,,,,,,,,,,,,,,,,,,,,,,,,,,,,,,,,,,,,,,,,,
1011,,,453,115,,14.00,62.25,844,0.0,9.750,3.232,3.56,0.000,23.48,1.00,0.21,-0.88,0.20,0.950,1.02,-1.43,1.023,0.00,0.90,1.103,15.8,9.865,0.496,0.000,800,8.50,4.8,0.70,-0.03,7.5,1,1,0,1,1,1,0,0,0,0,1,1,0,0,0,0,0,0,1,0,1,1,1,1,1,0,0,0,0,0,0,1,1,1,5155.0,0C,1,1,0,1,1,0,1,0,0,142.13,475.88,,,,,,,,,,,,,,,,,,,,,,,,,,,,,,,,,,,,,,,,,,,,,,,,,,,,,,,,,,
1012,,,453,499,,14.00,62.25,837,0.0,6.750,3.405,3.56,0.000,24.19,1.00,0.20,-0.88,0.19,0.966,1.02,-1.43,1.018,0.00,0.90,1.103,15.8,9.865,0.496,0.000,800,8.50,4.8,0.77,-0.05,7.5,1,1,0,1,1,1,0,0,0,0,1,1,0,0,0,0,0,0,1,0,1,1,1,1,1,0,0,0,0,0,0,1,1,1,5155.0,0C,1,1,0,1,1,0,1,0,0,146.44,482.31,,,,,,,,,,,,,,,,,,,,,,,,,,,,,,,,,,,,,,,,,,,,,,,,,,,,,,,,,,
1013,,,453,878,,14.00,62.25,821,0.0,6.750,3.354,3.64,0.000,24.12,1.45,0.00,-1.30,0.44,0.007,0.03,9.86,0.197,0.01,0.75,0.172,-40.5,87.892,0.750,0.750,0,0.23,1766.7,2.73,-24.63,109.5,0,1,0,0,0,1,0,1,1,1,1,1,0,1,1,0,0,1,0,0,0,0,0,0,0,0,1,0,0,1,0,0,0,0,3887.7,9C,0,1,0,1,0,1,1,1,1,1,1,,,,,,,,,,,,,,,,,,,,,,,,,,,,,,,,,,,,,,,,,,,,,,,,,,,,,,,,,,
1014,,,454,263,,14.00,62.25,820,0.0,3.750,3.546,3.56,0.000,24.98,1.00,0.22,-0.88,0.20,1.000,1.02,-1.43,1.016,0.00,0.90,1.307,15.8,10.208,0.496,0.000,800,8.50,4.8,0.79,0.00,7.5,1,1,0,1,1,1,0,0,0,0,1,1,0,0,0,0,0,0,1,0,1,1,1,1,1,0,0,0,0,0,0,1,1,1,5155.0,0C,1,1,0,1,1,0,1,0,0,151.38,492.63,,,,,,,,,,,,,,,,,,,,,,,,,,,,,,,,,,,,,,,,,,,,,,,,,,,,,,,,,,
1015,,,454,656,,14.00,62.25,823,0.0,5.250,3.571,3.64,0.000,24.91,1.00,0.25,-0.88,0.25,1.017,1.02,-1.43,1.016,0.00,0.90,1.307,15.8,10.208,0.496,0.000,800,8.50,4.8,0.71,0.00,7.5,1,1,0,1,1,1,0,0,0,0,1,1,0,0,0,0,0,0,1,0,1,1,1,1,1,0,0,0,0,0,0,1,1,1,5155.0,0C,1,1,0,1,1,0,1,0,0,151.25,492.88,,,,,,,,,,,,,,,,,,,,,,,,,,,,,,,,,,,,,,,,,,,,,,,,,,,,,,,,,,
1016,,,455,044,,14.00,62.25,813,0.0,3.750,3.642,3.64,0.000,25.38,1.00,0.78,-0.88,0.76,0.993,1.02,-1.43,1.018,0.00,0.90,1.370,15.8,10.208,0.496,0.000,800,8.50,4.8,0.71,0.00,7.5,1,1,0,1,1,1,0,0,0,0,1,1,0,0,0,0,0,0,1,0,1,1,1,1,1,0,0,0,0,0,0,1,1,1,5155.0,0C,1,1,0,1,1,0,1,0,0,153.50,498.38,,,,,,,,,,,,,,,,,,,,,,,,,,,,,,,,,,,,,,,,,,,,,,,,,,,,,,,,,,
1017,,,455,427,,14.00,62.25,816,0.0,2.250,3.469,3.56,0.000,25.05,1.00,0.82,-0.88,0.77,0.975,1.02,-1.43,1.016,0.00,0.90,1.370,15.8,10.559,0.496,0.000,800,8.50,4.8,0.67,0.00,7.5,1,1,0,1,1,1,0,0,0,0,1,1,0,0,0,0,0,0,1,0,1,1,1,1,1,0,0,0,0,0,0,1,1,1,5155.0,0C,1,1,0,1,1,0,1,0,0,151.50,497.38,,,,,,,,,,,,,,,,,,,,,,,,,,,,,,,,,,,,,,,,,,,,,,,,,,,,,,,,,,
1018,,,455,821,,14.00,62.25,808,0.0,3.000,3.443,3.64,0.000,24.89,1.00,0.26,-0.88,0.21,0.992,1.02,-1.43,1.016,0.00,0.90,1.271,15.8,10.559,0.496,0.000,800,8.51,4.8,0.65,0.00,7.5,1,1,0,1,1,1,0,0,0,0,1,1,0,0,0,0,0,0,1,0,1,1,1,1,1,0,0,0,0,0,0,1,1,1,5155.0,0C,1,1,0,1,1,0,1,0,0,151.44,500.88,,,,,,,,,,,,,,,,,,,,,,,,,,,,,,,,,,,,,,,,,,,,,,,,,,,,,,,,,,
1019,,,456,211,,14.00,62.25,786,0.0,3.000,3.686,3.56,0.000,25.57,1.00,0.22,-0.88,0.20,1.009,1.02,-1.43,1.018,0.00,0.90,1.271,15.8,10.903,0.496,0.000,800,8.51,4.8,0.73,0.00,7.5,1,1,0,1,1,1,0,0,0,0,1,1,0,0,0,0,0,0,1,0,1,1,1,1,1,0,0,0,0,0,0,1,1,1,5155.0,0C,1,1,0,1,1,0,1,0,0,155.81,509.88,,,,,,,,,,,,,,,,,,,,,,,,,,,,,,,,,,,,,,,,,,,,,,,,,,,,,,,,,,
1020,,,456,609,,14.00,62.25,798,0.0,2.250,3.763,3.56,0.000,25.90,1.00,0.24,-0.88,0.34,1.026,1.02,-1.43,1.019,0.00,0.90,1.271,15.8,10.903,0.496,0.000,800,8.51,4.8,0.74,0.00,7.5,1,1,0,1,1,1,0,0,0,0,1,1,0,0,0,0,0,0,1,0,1,1,1,1,1,0,0,0,0,0,0,1,1,1,5155.0,0C,1,1,0,1,1,0,1,0,0,157.75,505.44,,,,,,,,,,,,,,,,,,,,,,,,,,,,,,,,,,,,,,,,,,,,,,,,,,,,,,,,,,
1021,,,456,985,,14.00,62.25,812,0.0,3.000,3.437,3.56,0.000,24.91,1.00,0.88,-0.88,0.86,0.994,1.02,-1.43,1.016,0.00,0.90,1.370,15.8,11.246,0.496,0.000,800,8.51,4.8,0.67,0.00,7.5,1,1,0,1,1,1,0,0,0,0,1,1,0,0,0,0,0,0,1,0,1,1,1,1,1,0,0,0,0,0,0,1,1,1,5155.0,0C,1,1,0,1,1,0,1,0,0,153.38,499.06,,,,,,,,,,,,,,,,,,,,,,,,,,,,,,,,,,,,,,,,,,,,,,,,,,,,,,,,,,
1022,,,457,380,,14.00,62.25,805,0.0,3.750,3.488,3.44,0.000,25.17,1.00,0.89,-0.88,0.82,0.977,1.02,-1.43,1.017,0.00,0.90,1.370,15.8,11.246,0.496,0.000,800,8.51,4.8,0.65,0.00,7.5,1,1,0,1,1,1,0,0,0,0,1,1,0,0,0,0,0,0,1,0,1,1,1,1,1,0,0,0,0,0,0,1,1,1,5155.0,0C,1,1,0,1,1,0,1,0,0,152.44,498.56,,,,,,,,,,,,,,,,,,,,,,,,,,,,,,,,,,,,,,,,,,,,,,,,,,,,,,,,,,
1023,,,457,767,,14.00,63.00,780,0.0,6.750,3.456,3.52,0.000,24.66,1.00,0.27,-0.88,0.22,0.998,1.02,-1.43,1.015,0.00,0.90,1.200,15.8,11.597,0.496,0.000,800,8.51,4.8,0.73,0.09,7.5,1,1,0,1,1,1,0,0,0,0,1,1,0,0,0,0,0,0,1,0,1,1,1,1,1,0,0,0,0,0,0,1,1,1,5155.0,0C,1,1,0,1,1,0,1,0,0,151.69,506.06,,,,,,,,,,,,,,,,,,,,,,,,,,,,,,,,,,,,,,,,,,,,,,,,,,,,,,,,,,
1024,,,458,157,,14.00,63.00,787,0.0,3.750,3.616,3.44,0.000,25.29,1.00,0.22,-0.88,0.21,1.014,1.02,-1.43,1.017,0.00,0.90,1.200,15.8,11.597,0.496,0.000,800,8.51,4.8,0.78,0.00,7.5,1,1,0,1,1,1,0,0,0,0,1,1,0,0,0,0,0,0,1,0,1,1,1,1,1,0,0,0,0,0,0,1,1,1,5155.0,0C,1,1,0,1,1,0,1,0,0,154.25,503.94,,,,,,,,,,,,,,,,,,,,,,,,,,,,,,,,,,,,,,,,,,,,,,,,,,,,,,,,,,
1025,,,458,546,,14.00,63.00,809,0.0,3.000,3.520,3.32,0.000,24.73,1.00,0.27,-0.88,0.25,1.027,1.02,-1.43,1.015,0.00,0.90,1.200,15.8,11.940,0.496,0.000,800,8.51,4.8,0.73,0.00,7.5,1,1,0,1,1,1,0,0,0,0,1,1,0,0,0,0,0,0,1,0,1,1,1,1,1,0,0,0,0,0,0,1,1,1,5155.0,0C,1,1,0,1,1,0,1,0,0,148.50,488.81,,,,,,,,,,,,,,,,,,,,,,,,,,,,,,,,,,,,,,,,,,,,,,,,,,,,,,,,,,
1026,,,458,937,,14.00,63.00,815,0.0,6.000,3.296,3.39,0.000,23.77,1.00,0.88,-0.88,0.85,0.995,1.02,-1.43,1.021,0.00,0.90,1.271,16.5,11.940,0.496,0.000,800,8.51,4.8,0.66,0.00,7.5,1,1,0,1,1,1,0,0,0,0,1,1,0,0,0,0,0,0,1,0,1,1,1,1,1,0,0,0,0,0,0,1,1,1,5155.0,0C,1,1,0,1,1,0,1,0,0,144.88,484.50,,,,,,,,,,,,,,,,,,,,,,,,,,,,,,,,,,,,,,,,,,,,,,,,,,,,,,,,,,
1027,,,459,348,,14.00,63.00,803,0.0,6.750,3.315,3.32,0.000,23.79,1.00,0.86,-0.88,0.79,0.978,1.02,-1.43,1.021,0.00,0.90,1.271,16.5,12.284,0.496,0.000,800,8.51,4.8,0.64,0.00,7.5,1,1,0,1,1,1,0,0,0,0,1,1,0,0,0,0,0,0,1,0,1,1,1,1,1,0,0,0,0,0,0,1,1,1,5155.0,0C,1,1,0,1,1,0,1,0,0,144.81,485.00,,,,,,,,,,,,,,,,,,,,,,,,,,,,,,,,,,,,,,,,,,,,,,,,,,,,,,,,,,
1028,,,459,749,,14.00,63.00,796,0.0,8.250,3.424,3.32,0.000,24.02,1.00,0.22,-0.88,0.21,0.999,1.02,-1.43,1.019,0.00,0.90,1.271,16.5,12.284,0.496,0.000,800,8.51,4.8,0.67,0.00,7.5,1,1,0,1,1,1,0,0,0,0,1,1,0,0,0,0,0,0,1,0,1,1,1,1,1,0,0,0,0,0,0,1,1,1,5155.0,0C,1,1,0,1,1,0,1,0,0,146.88,486.63,,,,,,,,,,,,,,,,,,,,,,,,,,,,,,,,,,,,,,,,,,,,,,,,,,,,,,,,,,
1029,,,460,159,,14.00,63.00,814,0.0,6.750,3.398,3.39,0.000,23.79,1.00,0.22,-0.88,0.20,1.014,1.02,-1.43,1.021,0.00,0.90,1.236,16.5,12.634,0.496,0.000,800,8.51,4.8,0.60,0.00,7.5,1,1,0,1,1,1,0,0,0,0,1,1,0,0,0,0,0,0,1,0,1,1,1,1,1,0,0,0,0,0,0,1,1,1,5155.0,0C,1,1,0,1,1,0,1,0,0,144.81,481.81,,,,,,,,,,,,,,,,,,,,,,,,,,,,,,,,,,,,,,,,,,,,,,,,,,,,,,,,,,
1030,,,460,547,,14.00,63.00,815,0.0,6.750,3.354,3.39,0.000,23.74,1.00,0.78,-0.88,0.78,0.999,1.02,-1.43,1.021,0.00,0.90,1.236,16.5,12.634,0.496,0.000,800,8.51,4.8,0.54,0.00,7.5,1,1,0,1,1,1,0,0,0,0,1,1,0,0,0,0,0,0,1,0,1,1,1,1,1,0,0,0,0,0,0,1,1,1,5155.0,0C,1,1,0,1,1,0,1,0,0,143.56,479.94,,,,,,,,,,,,,,,,,,,,,,,,,,,,,,,,,,,,,,,,,,,,,,,,,,,,,,,,,,
1031,,,460,947,,14.00,63.00,797,0.0,8.250,3.277,3.39,0.000,23.39,1.00,0.84,-0.88,0.77,0.983,1.02,-1.43,1.024,0.00,0.90,1.137,16.5,12.978,0.496,0.000,800,8.51,4.8,0.53,0.00,7.5,1,1,0,1,1,1,0,0,0,0,1,1,0,0,0,0,0,0,1,0,1,1,1,1,1,0,0,0,0,0,0,1,1,1,5155.0,0C,1,1,0,1,1,0,1,0,0,143.44,487.81,,,,,,,,,,,,,,,,,,,,,,,,,,,,,,,,,,,,,,,,,,,,,,,,,,,,,,,,,,
1032,,,461,358,,14.00,63.00,796,0.0,6.000,3.443,3.32,0.000,24.12,1.00,0.26,-0.88,0.22,1.000,1.02,-1.43,1.018,0.00,0.90,1.137,16.5,13.321,0.496,0.000,800,8.51,4.8,0.56,0.00,7.5,1,1,0,1,1,1,0,0,0,0,1,1,0,0,0,0,0,0,1,0,1,1,1,1,1,0,0,0,0,0,0,1,1,1,5155.0,0C,1,1,0,1,1,0,1,0,0,148.19,490.44,,,,,,,,,,,,,,,,,,,,,,,,,,,,,,,,,,,,,,,,,,,,,,,,,,,,,,,,,,
1033,,,461,737,,14.00,63.00,818,0.0,6.000,3.475,3.32,0.000,24.19,1.00,0.24,-0.88,0.23,1.016,1.02,-1.43,1.018,0.00,0.90,1.137,16.5,13.321,0.496,0.000,800,8.51,4.8,0.48,-0.02,7.5,1,1,0,1,1,1,0,0,0,0,1,1,0,0,0,0,0,0,1,0,1,1,1,1,1,0,0,0,0,0,0,1,1,1,5155.0,0C,1,1,0,1,1,0,1,0,0,144.25,483.38,,,,,,,,,,,,,,,,,,,,,,,,,,,,,,,,,,,,,,,,,,,,,,,,,,,,,,,,,,
1034,,,462,127,,14.00,63.00,812,0.0,4.500,3.379,3.39,0.000,23.88,1.00,0.83,-0.88,0.82,0.989,1.02,-1.43,1.020,0.00,0.90,1.307,16.5,13.664,0.496,0.000,800,8.51,4.8,0.43,0.00,7.5,1,1,0,1,1,1,0,0,0,0,1,1,0,0,0,0,0,0,1,0,1,1,1,1,1,0,0,0,0,0,0,1,1,1,5155.0,0C,1,1,0,1,1,0,1,0,0,145.25,484.31,,,,,,,,,,,,,,,,,,,,,,,,,,,,,,,,,,,,,,,,,,,,,,,,,,,,,,,,,,
1035,,,462,509,,14.00,63.00,814,0.0,6.000,3.251,3.39,0.000,23.55,1.00,0.84,-0.88,0.76,0.973,1.02,-1.43,1.023,0.00,0.90,1.307,16.5,14.015,0.496,0.000,800,8.51,4.8,0.37,0.00,7.5,1,1,0,1,1,1,0,0,0,0,1,1,0,0,0,0,0,0,1,0,1,1,1,1,1,0,0,0,0,0,0,1,1,1,5155.0,0C,1,1,0,1,1,0,1,0,0,145.25,483.19,,,,,,,,,,,,,,,,,,,,,,,,,,,,,,,,,,,,,,,,,,,,,,,,,,,,,,,,,,
1036,,,462,906,,14.00,63.00,801,0.0,7.500,3.270,3.39,0.000,23.65,1.00,0.49,-0.88,0.24,0.959,1.02,-1.43,1.022,0.00,0.90,1.137,16.5,14.359,0.496,0.000,800,8.51,4.8,0.36,0.00,7.5,1,1,0,1,1,1,0,0,0,0,1,1,0,0,0,0,0,0,1,0,1,1,1,1,1,0,0,0,0,0,0,1,1,1,5155.0,0C,1,1,0,1,1,0,1,0,0,144.44,487.94,,,,,,,,,,,,,,,,,,,,,,,,,,,,,,,,,,,,,,,,,,,,,,,,,,,,,,,,,,
1037,,,463,296,,14.00,63.00,797,0.0,6.000,3.501,3.32,0.000,24.33,1.00,0.21,-0.88,0.20,0.999,1.02,-1.43,1.017,0.00,0.90,1.137,16.5,14.702,0.496,0.000,800,8.51,4.8,0.37,0.00,7.5,1,1,0,1,1,1,0,0,0,0,1,1,0,0,0,0,0,0,1,0,1,1,1,1,1,0,0,0,0,0,0,1,1,1,5155.0,0C,1,1,0,1,1,0,1,0,0,148.00,490.31,,,,,,,,,,,,,,,,,,,,,,,,,,,,,,,,,,,,,,,,,,,,,,,,,,,,,,,,,,
1038,,,463,675,,14.00,63.00,806,0.0,6.000,3.482,3.32,0.000,24.09,1.00,0.71,-0.88,0.69,0.989,1.02,-1.44,1.018,0.00,0.90,1.137,16.5,14.702,0.496,0.000,800,8.51,4.8,0.33,0.00,7.5,1,1,0,1,1,1,0,0,0,0,1,1,0,0,0,0,0,0,1,0,1,1,1,1,1,0,0,0,0,0,0,1,1,1,5155.0,0C,1,1,0,1,1,0,1,0,0,147.81,487.94,,,,,,,,,,,,,,,,,,,,,,,,,,,,,,,,,,,,,,,,,,,,,,,,,,,,,,,,,,
1039,,,464,064,,14.00,63.00,804,0.0,6.750,3.334,3.39,0.000,23.86,1.00,0.86,-0.88,0.82,0.973,1.02,-1.44,1.020,0.00,0.90,1.271,16.5,15.053,0.496,0.000,800,8.51,4.8,0.29,0.00,7.5,1,1,0,1,1,1,0,0,0,0,1,1,0,0,0,0,0,0,1,0,1,1,1,1,1,0,0,0,0,0,0,1,1,1,5155.0,0C,1,1,0,1,1,0,1,0,0,143.50,487.88,,,,,,,,,,,,,,,,,,,,,,,,,,,,,,,,,,,,,,,,,,,,,,,,,,,,,,,,,,
1040,,,464,468,,14.00,63.75,777,0.0,9.000,3.462,3.32,0.000,24.49,1.00,0.44,-0.88,0.25,0.959,1.02,-1.44,1.016,0.00,0.90,1.271,16.5,15.396,0.496,0.000,800,8.52,4.8,0.40,0.06,7.5,1,1,0,1,1,1,0,0,0,0,1,1,0,0,0,0,0,0,1,0,1,1,1,1,1,0,0,0,0,0,0,1,1,1,5155.0,0C,1,1,0,1,1,0,1,0,0,149.13,501.88,,,,,,,,,,,,,,,,,,,,,,,,,,,,,,,,,,,,,,,,,,,,,,,,,,,,,,,,,,
1041,,,464,859,,14.00,63.75,800,0.0,1.500,3.590,3.32,0.000,25.17,1.00,0.22,-0.88,0.20,0.998,1.02,-1.44,1.017,0.00,0.90,1.236,16.5,15.740,0.496,0.000,800,8.52,4.8,0.43,0.00,7.5,1,1,0,1,1,1,0,0,0,0,1,1,0,0,0,0,0,0,1,0,1,1,1,1,1,0,0,0,0,0,0,1,1,1,5155.0,0C,1,1,0,1,1,0,1,0,0,152.81,495.94,,,,,,,,,,,,,,,,,,,,,,,,,,,,,,,,,,,,,,,,,,,,,,,,,,,,,,,,,,
1042,,,465,238,,14.00,63.75,799,0.0,4.500,3.462,3.39,0.000,24.52,1.00,0.75,-0.88,0.79,0.983,1.02,-1.44,1.015,0.00,0.90,1.236,16.5,15.740,0.496,0.000,800,8.52,4.8,0.41,0.00,7.5,1,1,0,1,1,1,0,0,0,0,1,1,0,0,0,0,0,0,1,0,1,1,1,1,1,0,0,0,0,0,0,1,1,1,5155.0,0C,1,1,0,1,1,0,1,0,0,148.56,495.75,,,,,,,,,,,,,,,,,,,,,,,,,,,,,,,,,,,,,,,,,,,,,,,,,,,,,,,,,,
1043,,,465,642,,14.00,63.75,794,0.0,5.250,3.430,3.39,0.000,24.66,1.00,0.86,-0.88,0.81,0.967,1.02,-1.44,1.015,0.00,0.90,1.236,16.5,16.091,0.496,0.000,800,8.52,4.8,0.43,0.00,7.5,1,1,0,1,1,1,0,0,0,0,1,1,0,0,0,0,0,0,1,0,1,1,1,1,1,0,0,0,0,0,0,1,1,1,5155.0,0C,1,1,0,1,1,0,1,0,0,148.44,496.44,,,,,,,,,,,,,,,,,,,,,,,,,,,,,,,,,,,,,,,,,,,,,,,,,,,,,,,,,,
1044,,,466,039,,14.00,63.75,784,0.0,6.000,3.366,3.39,0.000,24.42,1.00,0.83,-0.88,0.72,0.950,1.02,-1.44,1.016,0.00,0.90,1.112,16.5,16.777,0.496,0.000,800,8.52,4.8,0.49,0.00,7.5,1,1,0,1,1,1,0,0,0,0,1,1,0,0,0,0,0,0,1,0,1,1,1,1,1,0,0,0,0,0,0,1,1,1,5155.0,0C,1,1,0,1,1,0,1,0,0,151.00,498.38,,,,,,,,,,,,,,,,,,,,,,,,,,,,,,,,,,,,,,,,,,,,,,,,,,,,,,,,,,
1045,,,466,418,,14.00,63.75,786,0.0,4.500,3.571,3.27,0.000,24.98,1.00,0.22,-0.88,0.20,0.978,1.02,-1.44,1.016,0.00,0.90,1.112,16.5,17.121,0.496,0.000,800,8.52,4.8,0.54,0.00,7.5,1,1,0,1,1,1,0,0,0,0,1,1,0,0,0,0,0,0,1,0,1,1,1,1,1,0,0,0,0,0,0,1,1,1,5155.0,0C,1,1,0,1,1,0,1,0,0,151.75,499.56,,,,,,,,,,,,,,,,,,,,,,,,,,,,,,,,,,,,,,,,,,,,,,,,,,,,,,,,,,
1046,,,466,808,,14.00,63.75,807,0.0,4.500,3.501,3.27,0.000,24.63,1.00,0.23,-0.88,0.22,0.996,1.02,-1.44,1.015,0.00,0.90,1.236,16.5,17.472,0.496,0.000,800,8.52,4.8,0.51,0.00,7.5,1,1,0,1,1,1,0,0,0,0,1,1,0,0,0,0,0,0,1,0,1,1,1,1,1,0,0,0,0,0,0,1,1,1,5155.0,0C,1,1,0,1,1,0,1,0,0,149.44,490.06,,,,,,,,,,,,,,,,,,,,,,,,,,,,,,,,,,,,,,,,,,,,,,,,,,,,,,,,,,
1047,,,467,209,,14.00,63.75,811,0.0,5.250,3.309,3.39,0.000,23.91,1.00,0.81,-0.88,0.79,0.969,1.02,-1.44,1.020,0.00,0.90,1.236,16.5,17.815,0.496,0.000,800,8.52,4.8,0.45,0.00,7.5,1,1,0,1,1,1,0,0,0,0,1,1,0,0,0,0,0,0,1,0,1,1,1,1,1,0,0,0,0,0,0,1,1,1,5155.0,0C,1,1,0,1,1,0,1,0,0,146.31,487.06,,,,,,,,,,,,,,,,,,,,,,,,,,,,,,,,,,,,,,,,,,,,,,,,,,,,,,,,,,
1048,,,467,596,,14.00,63.75,810,0.0,5.250,3.366,3.27,0.000,24.05,1.00,0.84,-0.88,0.62,0.952,1.02,-1.44,1.019,0.00,0.90,1.236,16.5,18.158,0.496,0.000,800,8.52,4.8,0.41,0.00,7.5,1,1,0,1,1,1,0,0,0,0,1,1,0,0,0,0,0,0,1,0,1,1,1,1,1,0,0,0,0,0,0,1,1,1,5155.0,0C,1,1,0,1,1,0,1,0,0,144.50,488.44,,,,,,,,,,,,,,,,,,,,,,,,,,,,,,,,,,,,,,,,,,,,,,,,,,,,,,,,,,
1049,,,467,985,,14.00,63.75,792,0.0,7.500,3.386,3.32,0.000,24.05,1.00,0.23,-0.88,0.22,0.976,1.02,-1.44,1.019,0.00,0.90,1.045,16.5,18.509,0.496,0.000,800,8.52,4.8,0.45,0.00,7.5,1,1,0,1,1,1,0,0,0,0,1,1,0,0,0,0,0,0,1,0,1,1,1,1,1,0,0,0,0,0,0,1,1,1,5155.0,0C,1,1,0,1,1,0,1,0,0,148.25,494.31,,,,,,,,,,,,,,,,,,,,,,,,,,,,,,,,,,,,,,,,,,,,,,,,,,,,,,,,,,
1050,,,468,376,,14.00,63.75,798,0.0,4.500,3.482,3.32,0.000,24.40,1.00,0.22,-0.88,0.21,0.993,1.02,-1.44,1.016,0.00,0.90,1.045,16.5,18.853,0.496,0.000,800,8.52,4.8,0.45,0.00,7.5,1,1,0,1,1,1,0,0,0,0,1,1,0,0,0,0,0,0,1,0,1,1,1,1,1,0,0,0,0,0,0,1,1,1,5155.0,0C,1,1,0,1,1,0,1,0,0,149.50,493.88,,,,,,,,,,,,,,,,,,,,,,,,,,,,,,,,,,,,,,,,,,,,,,,,,,,,,,,,,,
1051,,,468,758,,14.00,63.75,817,0.0,2.250,3.430,3.27,0.000,24.26,1.00,0.82,-0.88,0.81,0.972,0.03,3.52,0.391,0.01,0.75,0.172,-40.5,90.626,0.750,93.750,0,0.23,1766.7,2.73,-24.63,109.5,0,1,0,0,0,1,0,1,1,1,1,1,0,1,1,0,0,1,0,0,0,0,0,0,0,0,1,0,0,1,0,0,0,0,1839.7,66,0,1,0,1,0,1,1,1,1,1,1,,,,,,,,,,,,,,,,,,,,,,,,,,,,,,,,,,,,,,,,,,,,,,,,,,,,,,,,,,
1052,,,469,146,,14.00,63.75,795,0.0,7.500,3.360,3.27,0.000,23.81,1.00,0.87,-0.88,0.83,0.959,1.02,-1.44,1.021,0.00,0.90,1.174,16.5,19.890,0.496,0.000,800,8.52,4.8,0.40,0.00,7.5,1,1,0,1,1,1,0,0,0,0,1,1,0,0,0,0,0,0,1,0,1,1,1,1,1,0,0,0,0,0,0,1,1,1,5155.0,0C,1,1,0,1,1,0,1,0,0,148.44,493.19,,,,,,,,,,,,,,,,,,,,,,,,,,,,,,,,,,,,,,,,,,,,,,,,,,,,,,,,,,
1053,,,469,537,,14.00,63.75,795,0.0,4.500,3.501,3.27,0.000,24.77,1.00,0.42,-0.88,0.23,0.945,1.02,-1.44,1.015,0.00,0.90,1.174,16.5,20.233,0.496,0.000,800,8.52,4.8,0.43,0.00,7.5,1,1,0,1,1,1,0,0,0,0,1,1,0,0,0,0,0,0,1,0,1,1,1,1,1,0,0,0,0,0,0,1,1,1,5155.0,0C,1,1,0,1,1,0,1,0,0,149.56,493.94,,,,,,,,,,,,,,,,,,,,,,,,,,,,,,,,,,,,,,,,,,,,,,,,,,,,,,,,,,
1054,,,469,926,,14.00,63.75,804,0.0,5.250,3.456,3.27,0.000,24.16,1.00,0.24,-0.88,0.25,0.986,1.02,-1.44,1.018,0.00,0.90,1.174,16.5,20.577,0.496,0.000,800,8.52,4.8,0.40,0.00,7.5,1,1,0,1,1,1,0,0,0,0,1,1,0,0,0,0,0,0,1,0,1,1,1,1,1,0,0,0,0,0,0,1,1,1,5155.0,0C,1,1,0,1,1,0,1,0,0,147.94,488.06,,,,,,,,,,,,,,,,,,,,,,,,,,,,,,,,,,,,,,,,,,,,,,,,,,,,,,,,,,
1055,,,470,307,,14.00,63.75,808,0.0,6.000,3.309,3.27,0.000,23.70,1.00,0.83,-0.88,0.80,0.952,1.02,-1.44,1.021,0.00,0.90,1.174,17.3,20.928,0.496,0.000,800,8.52,4.8,0.35,0.00,7.5,1,1,0,1,1,1,0,0,0,0,1,1,0,0,0,0,0,0,1,0,1,1,1,1,1,0,0,0,0,0,0,1,1,1,5155.0,0C,1,1,0,1,1,0,1,0,0,143.19,487.38,,,,,,,,,,,,,,,,,,,,,,,,,,,,,,,,,,,,,,,,,,,,,,,,,,,,,,,,,,
1056,,,470,713,,14.00,63.75,783,0.0,8.250,3.405,3.27,0.000,24.19,1.00,0.80,-0.88,0.28,0.936,1.02,-1.44,1.018,0.00,0.90,1.174,17.3,21.271,0.496,0.000,800,8.52,4.8,0.42,0.00,7.5,1,1,0,1,1,1,0,0,0,0,1,1,0,0,0,0,0,0,1,0,1,1,1,1,1,0,0,0,0,0,0,1,1,1,5155.0,0C,1,1,0,1,1,0,1,0,0,147.94,496.56,,,,,,,,,,,,,,,,,,,,,,,,,,,,,,,,,,,,,,,,,,,,,,,,,,,,,,,,,,
1057,,,471,131,,14.00,63.75,799,0.0,6.000,3.514,3.20,0.000,24.54,1.00,0.22,-0.88,0.21,0.972,1.02,-1.44,1.015,0.00,0.90,1.112,17.3,21.614,0.496,0.000,800,8.52,4.8,0.44,0.00,7.5,1,1,0,1,1,1,0,0,0,0,1,1,0,0,0,0,0,0,1,0,1,1,1,1,1,0,0,0,0,0,0,1,1,1,5155.0,0C,1,1,0,1,1,0,1,0,0,149.38,489.69,,,,,,,,,,,,,,,,,,,,,,,,,,,,,,,,,,,,,,,,,,,,,,,,,,,,,,,,,,
1058,,,471,516,,14.00,63.75,805,0.0,6.750,3.347,3.20,0.000,23.84,1.00,0.76,-0.88,0.78,0.961,1.02,-1.44,1.021,0.00,0.90,1.112,17.3,21.271,0.496,0.000,800,8.52,4.8,0.40,0.00,7.5,1,1,0,1,1,1,0,0,0,0,1,1,0,0,0,0,0,0,1,0,1,1,1,1,1,0,0,0,0,0,0,1,1,1,5155.0,0C,1,1,0,1,1,0,1,0,0,146.63,486.25,,,,,,,,,,,,,,,,,,,,,,,,,,,,,,,,,,,,,,,,,,,,,,,,,,,,,,,,,,
1059,,,471,937,,14.00,63.75,799,0.0,6.750,3.302,3.20,0.000,23.60,1.00,0.85,-0.88,0.81,0.944,1.02,-1.44,1.022,0.00,0.90,1.045,17.3,21.271,0.496,0.000,800,8.52,4.8,0.39,0.00,7.5,1,1,0,1,1,1,0,0,0,0,1,1,0,0,0,0,0,0,1,0,1,1,1,1,1,0,0,0,0,0,0,1,1,1,5155.0,0C,1,1,0,1,1,0,1,0,0,143.50,488.50,,,,,,,,,,,,,,,,,,,,,,,,,,,,,,,,,,,,,,,,,,,,,,,,,,,,,,,,,,
1060,,,472,324,,14.00,63.75,795,0.0,6.750,3.251,3.20,0.000,23.74,1.00,0.43,-0.88,0.24,0.931,1.02,-1.44,1.021,0.00,0.90,1.045,17.3,20.928,0.496,0.000,800,8.53,4.8,0.41,0.00,7.5,1,1,0,1,1,1,0,0,0,0,1,1,0,0,0,0,0,0,1,0,1,1,1,1,1,0,0,0,0,0,0,1,1,1,5155.0,0C,1,1,0,1,1,0,1,0,0,143.94,489.88,,,,,,,,,,,,,,,,,,,,,,,,,,,,,,,,,,,,,,,,,,,,,,,,,,,,,,,,,,
1061,,,472,731,,14.00,63.75,794,0.0,6.750,3.475,3.20,0.000,24.26,1.00,0.22,-0.88,0.20,0.970,1.02,-1.44,1.017,0.00,0.90,1.045,17.3,21.271,0.496,0.000,800,8.53,4.8,0.45,0.00,7.5,1,1,0,1,1,1,0,0,0,0,1,1,0,0,0,0,0,0,1,0,1,1,1,1,1,0,0,0,0,0,0,1,1,1,5155.0,0C,1,1,0,1,1,0,1,0,0,148.94,490.69,,,,,,,,,,,,,,,,,,,,,,,,,,,,,,,,,,,,,,,,,,,,,,,,,,,,,,,,,,
1062,,,473,137,,14.00,64.50,800,0.0,6.750,3.437,3.20,0.000,23.88,1.00,0.63,-0.88,0.58,0.986,1.02,-1.44,1.020,0.00,0.90,1.174,17.3,21.271,0.496,0.000,800,8.53,4.8,0.42,0.00,7.5,1,1,0,1,1,1,0,0,0,0,1,1,0,0,0,0,0,0,1,0,1,1,1,1,1,0,0,0,0,0,0,1,1,1,5155.0,0C,1,1,0,1,1,0,1,0,0,145.94,487.13,,,,,,,,,,,,,,,,,,,,,,,,,,,,,,,,,,,,,,,,,,,,,,,,,,,,,,,,,,
1063,,,475,602,,14.00,64.50,790,0.0,9.000,3.296,3.20,0.000,23.58,1.00,0.82,-0.88,0.46,0.938,1.02,-1.44,1.022,0.00,0.90,1.174,17.3,20.928,0.496,0.000,800,8.53,4.8,0.42,0.00,7.5,1,1,0,1,1,1,0,0,0,0,1,1,0,0,0,0,0,0,1,0,1,1,1,1,1,0,0,0,0,0,0,1,1,1,5155.0,0C,1,1,0,1,1,0,1,0,0,143.19,491.44,,,,,,,,,,,,,,,,,,,,,,,,,,,,,,,,,,,,,,,,,,,,,,,,,,,,,,,,,,
1064,,,475,998,,14.00,64.50,804,0.0,4.500,3.469,928.13,17.322,248.88,1.44,1.25,-1.30,0.30,0.007,0.02,-3.96,0.432,0.01,0.75,0.172,-40.5,92.189,0.750,-88.500,0,0.23,1766.7,2.73,-24.63,109.5,0,1,0,0,0,1,0,1,1,1,1,1,0,1,1,0,0,1,0,0,0,0,0,0,0,0,1,0,0,1,0,0,0,0,2906.3,6A,0,1,0,1,0,1,1,1,1,1,1,,,,,,,,,,,,,,,,,,,,,,,,,,,,,,,,,,,,,,,,,,,,,,,,,,,,,,,,,,
1065,,,476,388,,14.00,64.50,814,0.0,6.000,3.360,3.27,0.000,23.46,1.00,0.50,-0.88,0.54,0.984,1.02,-1.44,1.024,0.00,0.90,1.017,17.3,21.271,0.496,0.000,800,8.53,4.8,0.33,0.00,7.5,1,1,0,1,1,1,0,0,0,0,1,1,0,0,0,0,0,0,1,0,1,1,1,1,1,0,0,0,0,0,0,1,1,1,5155.0,0C,1,1,0,1,1,0,1,0,0,143.69,481.25,,,,,,,,,,,,,,,,,,,,,,,,,,,,,,,,,,,,,,,,,,,,,,,,,,,,,,,,,,
1066,,,476,772,,14.00,64.50,798,0.0,7.500,3.270,3.27,0.000,23.30,1.00,0.84,-0.88,0.80,0.945,1.02,-1.44,1.025,0.00,0.90,1.045,17.3,20.928,0.496,0.000,800,8.53,4.8,0.32,0.00,7.5,1,1,0,1,1,1,0,0,0,0,1,1,0,0,0,0,0,0,1,0,1,1,1,1,1,0,0,0,0,0,0,1,1,1,5155.0,0C,1,1,0,1,1,0,1,0,0,140.69,486.50,,,,,,,,,,,,,,,,,,,,,,,,,,,,,,,,,,,,,,,,,,,,,,,,,,,,,,,,,,
1067,,,477,167,,14.00,64.50,778,0.0,10.500,3.251,3.27,0.000,23.65,1.00,0.32,-0.88,0.21,0.933,1.02,-1.44,1.022,0.00,0.90,1.045,17.3,20.928,0.496,0.000,800,8.53,4.8,0.42,0.06,7.5,1,1,0,1,1,1,0,0,0,0,1,1,0,0,0,0,0,0,1,0,1,1,1,1,1,0,0,0,0,0,0,1,1,1,5155.0,0C,1,1,0,1,1,0,1,0,0,146.19,495.81,,,,,,,,,,,,,,,,,,,,,,,,,,,,,,,,,,,,,,,,,,,,,,,,,,,,,,,,,,
1068,,,477,533,,14.00,64.50,789,0.0,6.000,3.571,3.27,0.000,24.70,1.00,0.21,-0.88,0.20,0.973,1.02,-1.44,1.015,0.00,0.90,1.045,17.3,21.271,0.496,0.000,800,8.53,4.8,0.00,0.00,0.00,0.00,0.00,0.00,0.00,0.00,0.00,0.00,0.00,0.00,0.00,0.00,0.00,0.00,0.00,0.00,0.00,0.00,0.00,0.00,0.00,0.00,0.00,0.00,0.00,0.00,0.00,0.00,0.00,0.00,0.00,0.00,0.00,0.00,0.00,0.00,,,,,,,,,,,,,,,,,,,,,,,,,,,,,,,,,,,,,,,,,,,,,,,,,,,,,,,,,,,,,,,,,,,,,,
1069,,,477,925,,14.00,64.50,795,0.0,6.000,3.507,3.27,0.000,24.38,1.00,0.49,-0.88,0.64,0.985,1.02,-1.44,1.016,0.00,0.90,1.137,17.3,21.271,0.496,0.000,800,8.53,4.8,0.46,0.00,7.5,1,1,0,1,1,1,0,0,0,0,1,1,0,0,0,0,0,0,1,0,1,1,1,1,1,0,0,0,0,0,0,1,1,1,5155.0,0C,1,1,0,1,1,0,1,0,0,148.31,493.81,,,,,,,,,,,,,,,,,,,,,,,,,,,,,,,,,,,,,,,,,,,,,,,,,,,,,,,,,,
1070,,,478,344,,14.00,64.50,794,0.0,6.000,3.398,3.27,0.000,24.28,1.00,0.85,-0.88,0.82,0.946,1.02,-1.44,1.017,0.00,0.90,1.137,17.3,21.271,0.496,0.000,800,8.54,4.8,0.47,0.00,7.5,1,1,0,1,1,1,0,0,0,0,1,1,0,0,0,0,0,0,1,0,1,1,1,1,1,0,0,0,0,0,0,1,1,1,5155.0,0C,1,1,0,1,1,0,1,0,0,147.31,494.31,,,,,,,,,,,,,,,,,,,,,,,,,,,,,,,,,,,,,,,,,,,,,,,,,,,,,,,,,,
1071,,,478,766,,14.10,64.50,818,0.0,0.000,4.026,4.00,0.000,29.11,1.00,0.71,-0.88,0.26,0.928,1.02,-1.44,1.032,0.00,0.90,1.137,17.3,24.727,0.496,0.000,900,8.54,4.8,0.42,0.27,7.5,1,1,0,1,1,1,0,0,0,0,1,1,1,0,0,0,0,0,1,0,1,1,1,1,1,0,0,1,0,0,0,1,1,1,5155.0,0C,1,1,0,1,1,0,1,0,0,178.63,555.00,,,,,,,,,,,,,,,,,,,,,,,,,,,,,,,,,,,,,,,,,,,,,,,,,,,,,,,,,,
1072,,,479,161,,14.10,64.50,874,0.0,2.250,3.635,1071.88,68.495,1034.79,1.44,1.24,-1.30,0.86,0.007,0.03,-9.69,0.467,0.01,0.75,0.194,-40.5,92.580,0.750,-82.500,0,0.23,1766.7,4.29,-48.07,109.5,0,1,0,0,0,1,0,1,1,1,1,1,0,1,1,0,0,1,0,0,0,0,0,0,0,0,0,1,0,1,0,0,0,0,175.8,98,0,1,0,1,0,1,1,1,1,1,1,,,,,,,,,,,,,,,,,,,,,,,,,,,,,,,,,,,,,,,,,,,,,,,,,,,,,,,,,,
1073,,,479,538,,14.10,64.50,907,0.0,3.000,7.379,19.51,14.289,41.70,1.00,0.93,-0.88,0.90,0.918,1.02,-1.44,1.051,0.00,0.90,1.447,17.3,36.477,0.496,0.000,1200,8.54,4.8,0.45,1.30,7.5,1,1,0,1,1,1,0,0,0,0,1,0,1,0,0,0,0,0,0,0,1,1,1,1,1,0,0,1,0,0,0,0,1,1,5155.0,0C,1,1,0,1,1,0,1,0,0,321.13,845.44,,,,,,,,,,,,,,,,,,,,,,,,,,,,,,,,,,,,,,,,,,,,,,,,,,,,,,,,,,
1074,,,479,938,,14.10,64.50,1222,0.0,-7.500,11.898,27.37,14.937,73.08,1.00,0.94,-0.88,0.89,0.886,1.02,-1.44,1.085,0.00,0.90,4.468,17.3,97.658,0.496,0.000,1500,8.54,4.8,0.45,1.63,7.5,1,1,0,1,1,1,0,0,0,0,1,0,1,0,0,0,0,0,0,0,1,1,1,1,0,0,0,1,0,0,0,0,1,1,5155.0,0C,1,1,0,1,1,0,1,0,0,488.75,992.81,,,,,,,,,,,,,,,,,,,,,,,,,,,,,,,,,,,,,,,,,,,,,,,,,,,,,,,,,,
1075,,,480,318,,14.10,64.50,1397,2.5,-6.750,8.205,19.58,14.937,64.20,1.00,0.97,-0.88,0.93,0.849,1.02,-1.44,1.118,0.00,0.90,4.468,17.3,97.658,0.496,0.000,1500,8.54,4.8,0.45,0.40,7.5,1,1,0,1,1,1,0,0,0,0,1,0,1,0,0,0,0,0,0,0,1,1,1,1,0,0,0,1,0,0,0,0,1,1,5155.0,0C,1,1,0,1,1,0,1,0,0,383.31,916.69,,,,,,,,,,,,,,,,,,,,,,,,,,,,,,,,,,,,,,,,,,,,,,,,,,,,,,,,,,
1076,,,480,713,,13.80,64.50,1320,5.0,-6.000,10.259,27.61,14.937,72.77,1.00,0.25,-0.88,0.20,0.841,1.02,-1.44,1.072,0.00,0.90,4.468,17.3,97.658,0.496,0.000,1500,8.53,4.8,0.45,2.33,7.5,1,1,0,1,1,1,0,0,0,0,1,0,1,0,0,0,0,0,0,0,1,1,1,1,0,0,0,1,0,0,0,0,1,1,5155.0,0C,1,1,0,1,1,0,1,0,0,434.44,987.06,,,,,,,,,,,,,,,,,,,,,,,,,,,,,,,,,,,,,,,,,,,,,,,,,,,,,,,,,,
1077,,,481,123,,13.40,64.50,1130,7.5,-0.750,9.376,23.83,15.100,68.98,1.00,0.91,-0.88,0.88,0.813,1.02,-1.44,1.071,0.00,0.90,5.212,17.3,97.658,0.496,0.000,1500,8.53,4.8,0.45,3.78,7.5,1,1,0,1,1,1,0,0,0,0,1,0,1,0,0,0,0,0,0,0,1,1,1,1,0,0,0,1,0,0,0,0,1,1,5155.0,0C,1,1,0,1,1,0,1,0,0,426.00,979.25,,,,,,,,,,,,,,,,,,,,,,,,,,,,,,,,,,,,,,,,,,,,,,,,,,,,,,,,,,
1078,,,481,514,,14.00,64.50,1382,10.0,-9.750,9.472,26.71,15.586,75.49,1.00,0.24,-0.88,0.23,0.813,1.02,-1.44,1.108,0.00,0.90,5.212,16.5,97.658,0.496,0.000,1500,8.52,4.8,0.45,0.62,7.5,1,1,0,1,1,1,0,0,0,0,1,0,1,0,0,0,0,0,0,0,1,1,1,1,0,0,0,1,0,0,0,0,1,1,5155.0,0C,1,1,0,1,1,0,1,0,0,453.88,966.69,,,,,,,,,,,,,,,,,,,,,,,,,,,,,,,,,,,,,,,,,,,,,,,,,,,,,,,,,,
1079,,,481,899,,14.10,64.50,1645,11.3,3.750,6.810,15.75,15.586,55.83,1.00,0.23,-0.88,0.21,0.854,1.02,-1.44,1.119,0.00,0.90,5.283,16.5,97.658,0.496,0.000,1500,8.46,4.8,0.44,-0.85,7.5,1,1,0,1,1,1,0,0,0,0,1,0,1,0,0,0,0,0,0,0,1,1,1,1,0,0,0,1,0,0,0,0,1,1,5155.0,0C,1,1,0,1,1,0,1,0,0,339.69,839.94,,,,,,,,,,,,,,,,,,,,,,,,,,,,,,,,,,,,,,,,,,,,,,,,,,,,,,,,,,
1080,,,482,281,,14.10,-46.50,2763,140.0,5.250,186.790,828.13,13.806,182.67,1.44,1.24,-1.43,1.11,0.007,0.14,-10.51,1.898,0.01,0.75,0.323,-40.5,54.688,0.750,-86.250,2530,-27.90,1766.7,4.28,-48.07,109.5,0,1,0,0,0,1,0,1,1,1,1,1,0,1,1,0,0,1,0,0,0,0,0,0,0,0,1,0,0,0,1,0,0,0,604.3,57,0,1,0,1,0,1,1,1,1,1,1,,,,,,,,,,,,,,,,,,,,,,,,,,,,,,,,,,,,,,,,,,,,,,,,,,,,,,,,,,
1081,,,482,675,,14.10,64.50,2165,15.0,25.500,5.862,14.36,18.100,45.33,1.00,0.21,-0.88,0.18,0.944,0.14,-10.51,1.953,0.01,0.75,0.323,-40.5,27.735,0.750,-88.500,2520,-27.12,1766.7,1.16,-48.07,109.5,0,1,0,0,0,1,0,1,1,1,1,1,0,1,1,0,0,1,0,0,0,0,0,0,0,0,1,0,0,0,1,0,0,0,3676.0,96,0,1,0,1,0,1,1,1,1,1,1,,,,,,,,,,,,,,,,,,,,,,,,,,,,,,,,,,,,,,,,,,,,,,,,,,,,,,,,,,
1082,,,483,069,,14.10,64.50,2470,17.5,27.000,5.408,15.75,18.187,41.34,1.00,0.43,-0.88,0.28,0.947,1.02,-1.44,1.174,0.00,0.90,5.960,15.8,97.658,0.496,0.000,1500,7.81,4.8,0.41,-2.38,7.5,1,1,0,1,1,1,0,0,0,0,1,0,0,0,0,0,0,0,0,0,0,0,0,0,0,0,1,1,1,1,0,0,0,0,6406.5,A4,0,1,0,1,0,1,1,1,1,1,1,,,,,,,,,,,,,,,,,,,,,,,,,,,,,,,,,,,,,,,,,,,,,,,,,,,,,,,,,,
1083,,,483,447,,14.10,64.50,2687,20.0,27.000,5.760,18.04,18.187,41.48,1.00,0.19,-0.88,0.16,0.988,1.02,-1.44,1.184,0.00,0.90,5.960,15.8,97.658,0.496,0.000,1500,7.67,4.8,0.40,-2.34,7.5,1,1,0,1,1,1,0,0,0,0,1,0,0,0,0,0,0,0,0,0,1,1,1,1,1,0,0,1,0,0,0,0,1,1,5155.0,0C,1,1,0,1,1,0,1,0,0,259.81,662.69,,,,,,,,,,,,,,,,,,,,,,,,,,,,,,,,,,,,,,,,,,,,,,,,,,,,,,,,,,
1084,,,483,837,,14.10,64.50,2959,21.3,21.000,4.787,13.99,0.000,34.55,1.00,0.19,-0.88,0.16,1.046,1.02,-1.44,1.173,0.00,0.90,7.749,15.8,91.775,0.496,0.000,1400,7.67,4.8,0.40,-4.19,7.5,1,1,0,1,1,1,0,0,0,0,1,0,0,0,0,0,0,0,1,0,1,1,1,1,1,0,0,1,0,1,0,0,1,1,5155.0,0C,1,1,0,1,1,0,1,0,0,189.50,509.63,,,,,,,,,,,,,,,,,,,,,,,,,,,,,,,,,,,,,,,,,,,,,,,,,,,,,,,,,,
1085,,,484,219,,14.10,64.50,2881,22.5,39.000,1.594,1415.63,14.978,189.26,1.44,1.24,-1.49,0.32,0.007,0.22,2.08,0.695,0.01,0.75,72.640,33.0,29.012,0.047,93.750,2000,94.39,313.0,-78.91,3.08,-37.5,0,1,0,1,0,1,0,1,0,1,0,1,0,1,0,1,0,1,1,1,1,1,1,1,1,1,1,1,1,1,1,1,1,1,1,,,,,,,,,,,,,,,,,,,,,,,,,,,,,,,,,,,,,,,,,,,,,,,,,,,,,,,,,,,,,,,,,,,,,,
1086,,,484,597,,14.10,64.50,2634,22.5,39.000,1.939,5.52,0.000,11.02,1.00,0.20,-0.88,0.18,1.119,1.02,-1.44,1.156,0.00,0.90,7.749,15.0,31.983,0.496,0.000,900,7.71,4.8,0.40,-4.36,7.5,1,1,0,1,1,1,0,0,0,0,1,0,1,0,0,0,0,0,1,0,1,1,1,1,1,0,0,0,0,1,0,0,1,1,5155.0,0C,1,1,0,1,1,0,1,0,0,67.38,226.94,,,,,,,,,,,,,,,,,,,,,,,,,,,,,,,,,,,,,,,,,,,,,,,,,,,,,,,,,,
1087,,,484,977,,14.10,65.25,2252,21.3,35.250,2.829,9.30,4.703,15.94,0.97,0.18,-0.88,0.16,1.000,1.02,-1.44,1.113,0.00,0.90,1.918,15.0,29.564,0.496,0.000,900,8.01,4.8,0.42,-2.44,7.5,1,1,0,1,1,1,0,0,0,0,1,0,1,0,0,0,0,0,0,0,1,1,1,1,0,0,0,0,0,1,0,0,1,1,5155.0,0C,1,1,0,1,1,0,1,0,0,104.94,282.38,,,,,,,,,,,,,,,,,,,,,,,,,,,,,,,,,,,,,,,,,,,,,,,,,,,,,,,,,,
1088,,,485,379,,14.10,65.25,2001,21.3,31.500,3.610,7.91,6.491,24.02,0.98,1.00,-0.88,0.98,0.968,1.02,-1.44,1.122,0.00,0.90,1.918,15.0,31.296,0.496,0.000,900,8.18,4.8,0.43,-2.50,7.5,1,1,0,1,1,1,0,0,0,0,1,0,1,0,0,0,0,0,0,0,1,1,1,1,0,0,0,0,0,0,0,0,1,1,5155.0,0C,1,1,0,1,1,0,1,0,0,144.75,389.81,,,,,,,,,,,,,,,,,,,,,,,,,,,,,,,,,,,,,,,,,,,,,,,,,,,,,,,,,,
1089,,,485,767,,14.10,65.25,1667,22.5,30.750,3.443,6.20,4.546,23.27,0.96,0.98,-0.88,0.87,0.940,1.02,-1.44,1.093,0.00,0.90,2.348,15.0,33.715,0.496,0.000,900,8.47,4.8,0.44,-2.58,7.5,1,1,0,1,1,1,0,0,0,0,1,0,1,0,0,0,0,0,0,0,1,1,1,1,1,0,0,0,0,0,0,0,1,1,5155.0,0C,1,1,0,1,1,0,1,0,0,139.56,406.06,,,,,,,,,,,,,,,,,,,,,,,,,,,,,,,,,,,,,,,,,,,,,,,,,,,,,,,,,,
1090,,,486,150,,14.10,65.25,1531,22.5,34.500,1.824,2.78,0.000,12.77,1.00,0.69,-0.88,0.19,0.921,1.02,-1.44,1.106,0.00,0.90,2.348,15.0,23.003,0.496,0.000,900,8.49,4.8,0.45,-2.54,7.5,1,1,0,1,1,1,0,0,0,0,1,0,1,0,0,0,0,0,1,0,1,1,1,1,1,0,0,0,0,1,0,0,1,1,5155.0,0C,1,1,0,1,1,0,1,0,0,78.19,264.06,,,,,,,,,,,,,,,,,,,,,,,,,,,,,,,,,,,,,,,,,,,,,,,,,,,,,,,,,,
1091,,,486,556,,14.10,65.25,1354,21.3,34.500,1.837,2.83,0.000,12.33,1.00,0.23,-0.88,0.22,0.951,1.02,-1.44,1.084,0.00,0.90,2.348,15.0,21.614,0.496,0.000,900,8.49,4.8,0.45,-1.61,7.5,1,1,0,1,1,1,0,0,0,0,1,0,1,0,0,0,0,0,1,0,1,1,1,1,1,0,0,0,0,1,0,0,1,1,5155.0,0C,1,1,0,1,1,0,1,0,0,75.81,280.56,,,,,,,,,,,,,,,,,,,,,,,,,,,,,,,,,,,,,,,,,,,,,,,,,,,,,,,,,,
1092,,,488,951,,14.10,65.25,1819,23.8,27.750,4.653,12.45,16.562,35.02,1.00,0.19,-0.88,0.17,0.941,1.02,-1.44,1.109,0.00,0.90,3.313,15.8,70.001,0.496,0.000,900,8.30,4.8,0.51,-2.53,7.5,1,1,0,1,1,1,0,0,0,0,1,0,1,0,0,0,0,0,0,0,1,1,1,1,1,0,0,1,0,0,0,0,1,1,5155.0,0C,1,1,0,1,1,0,1,0,0,240.25,645.63,,,,,,,,,,,,,,,,,,,,,,,,,,,,,,,,,,,,,,,,,,,,,,,,,,,,,,,,,,
1093,,,489,338,,14.10,65.25,1802,25.0,23.250,6.451,14.45,18.671,44.93,1.00,0.19,-0.88,0.17,0.981,1.02,-1.44,1.111,0.00,0.90,3.313,15.8,89.357,0.496,0.000,900,8.35,4.8,0.52,-2.55,7.5,1,1,0,1,1,1,0,0,0,0,1,0,1,0,0,0,0,0,0,0,1,1,1,1,1,0,0,1,0,0,0,0,1,1,5155.0,0C,1,1,0,1,1,0,1,0,0,283.13,714.06,,,,,,,,,,,,,,,,,,,,,,,,,,,,,,,,,,,,,,,,,,,,,,,,,,,,,,,,,,
1094,,,489,721,,14.10,65.25,1940,26.3,23.250,6.765,14.40,19.164,46.45,1.00,0.20,-0.88,0.17,1.023,1.02,-1.44,1.126,0.00,0.90,3.313,15.8,94.194,0.496,0.000,900,8.21,4.8,0.51,-2.51,7.5,1,1,0,1,1,1,0,0,0,0,1,0,1,0,0,0,0,0,0,0,1,1,1,1,1,0,0,1,0,0,0,0,1,1,5155.0,0C,1,1,0,1,1,0,1,0,0,284.31,699.94,,,,,,,,,,,,,,,,,,,,,,,,,,,,,,,,,,,,,,,,,,,,,,,,,,,,,,,,,,
1095,,,490,117,,14.10,65.25,2033,27.5,24.000,6.285,13.38,17.211,45.38,1.00,0.89,-0.88,0.88,1.000,1.02,-1.44,1.130,0.00,0.90,0.194,-40.5,43.360,0.750,-68.250,2520,-36.49,1766.7,1.16,-48.07,109.5,0,1,0,0,0,1,0,1,1,1,1,1,0,1,1,0,0,1,0,0,0,0,0,0,0,0,1,0,0,0,1,0,0,0,1670.8,2D,0,1,0,1,0,1,1,1,1,1,1,,,,,,,,,,,,,,,,,,,,,,,,,,,,,,,,,,,,,,,,,,,,,,,,,,,,,,,,,,
1096,,,490,508,,14.10,65.25,2107,28.8,29.250,3.834,8.08,2.921,30.68,1.00,0.98,-0.88,0.93,0.954,1.02,-1.44,1.138,0.00,0.90,6.289,15.8,54.795,0.496,0.000,900,8.09,4.8,0.50,-2.47,7.5,1,1,0,1,1,1,0,0,0,0,1,0,0,0,0,0,0,0,0,0,1,1,1,1,1,0,0,1,0,0,0,0,1,1,5155.0,0C,1,1,0,1,1,0,1,0,0,181.44,455.44,,,,,,,,,,,,,,,,,,,,,,,,,,,,,,,,,,,,,,,,,,,,,,,,,,,,,,,,,,
1097,,,490,886,,14.10,65.25,2122,28.8,32.250,2.925,7.30,10.390,23.51,1.00,1.01,-0.88,0.94,0.919,1.02,-1.44,1.135,0.00,0.90,2.767,15.8,49.264,0.496,0.000,900,8.07,4.8,0.50,-2.47,7.5,1,1,0,1,1,1,0,0,0,0,1,0,0,0,0,0,0,0,0,0,1,1,1,1,1,0,0,0,0,0,0,0,1,1,5155.0,0C,1,1,0,1,1,0,1,0,0,143.38,368.13,,,,,,,,,,,,,,,,,,,,,,,,,,,,,,,,,,,,,,,,,,,,,,,,,,,,,,,,,,
1098,,,491,267,,14.10,65.25,2133,28.8,29.250,4.883,11.84,14.772,35.60,1.00,1.00,-0.88,0.94,0.879,1.02,-1.44,1.139,0.00,0.90,2.767,15.8,73.114,0.496,0.000,900,8.07,4.8,0.50,-2.46,7.5,1,1,0,1,1,1,0,0,0,0,1,0,0,0,0,0,0,0,0,0,1,1,1,1,1,0,0,1,0,0,0,0,1,1,5155.0,0C,1,1,0,1,1,0,1,0,0,220.00,538.25,,,,,,,,,,,,,,,,,,,,,,,,,,,,,,,,,,,,,,,,,,,,,,,,,,,,,,,,,,
1099,,,491,673,,14.10,65.25,2171,28.8,27.750,4.678,11.55,14.452,37.55,1.00,0.93,-0.88,0.81,0.833,1.02,-1.44,1.144,0.00,0.90,2.767,15.8,74.495,0.496,0.000,900,8.04,4.8,0.50,-2.45,7.5,1,1,0,1,1,1,0,0,0,0,1,0,0,0,0,0,0,0,0,0,1,1,1,1,1,0,0,1,0,0,0,0,1,1,5155.0,0C,1,1,0,1,1,0,1,0,0,228.69,555.19,,,,,,,,,,,,,,,,,,,,,,,,,,,,,,,,,,,,,,,,,,,,,,,,,,,,,,,,,,
1100,,,492,066,,14.10,65.25,2204,30.0,28.500,4.486,11.06,13.960,35.58,1.00,0.26,-0.88,0.24,0.864,1.02,-1.44,1.146,0.00,0.90,4.332,15.8,73.114,0.496,0.000,900,8.01,4.8,0.49,-2.44,7.5,1,1,0,1,1,1,0,0,0,0,1,0,0,0,0,0,0,0,0,0,1,1,1,1,1,0,0,1,0,0,0,0,1,1,5155.0,0C,1,1,0,1,1,0,1,0,0,217.25,530.75,,,,,,,,,,,,,,,,,,,,,,,,,,,,,,,,,,,,,,,,,,,,,,,,,,,,,,,,,,
1101,,,492,448,,14.10,65.25,2230,30.0,27.750,4.838,12.40,15.914,38.34,1.00,0.83,-0.88,0.81,0.847,1.02,-1.44,1.148,0.00,0.90,4.332,15.8,81.064,0.496,0.000,900,8.00,4.8,0.49,-2.44,7.5,1,1,0,1,1,1,0,0,0,0,1,0,0,0,0,0,0,0,0,0,1,1,1,1,1,0,0,1,0,0,0,0,1,1,5155.0,0C,1,1,0,1,1,0,1,0,0,236.88,570.25,,,,,,,,,,,,,,,,,,,,,,,,,,,,,,,,,,,,,,,,,,,,,,,,,,,,,,,,,,
1102,,,492,838,,14.10,65.25,2262,30.0,27.750,5.094,12.40,15.749,39.14,1.00,0.33,-0.88,0.40,0.894,1.02,-1.44,1.152,0.00,0.90,4.876,15.0,82.795,0.496,0.000,900,7.97,4.8,0.49,-2.43,7.5,1,1,0,1,1,1,0,0,0,0,1,0,0,0,0,0,0,0,0,0,1,1,1,1,1,0,0,1,0,0,0,0,1,1,5155.0,0C,1,1,0,1,1,0,1,0,0,237.06,569.50,,,,,,,,,,,,,,,,,,,,,,,,,,,,,,,,,,,,,,,,,,,,,,,,,,,,,,,,,,
1103,,,493,218,,14.10,65.25,2296,31.3,27.750,4.864,12.52,15.749,38.95,1.00,0.84,-0.88,0.79,0.847,1.02,-1.44,1.156,0.00,0.90,4.876,15.0,83.139,0.496,0.000,900,7.94,4.8,0.49,-2.42,7.5,1,1,0,1,1,1,0,0,0,0,1,0,0,0,0,0,0,0,0,0,1,1,1,1,1,0,0,1,0,0,0,0,1,1,5155.0,0C,1,1,0,1,1,0,1,0,0,239.00,573.50,,,,,,,,,,,,,,,,,,,,,,,,,,,,,,,,,,,,,,,,,,,,,,,,,,,,,,,,,,
1104,,,493,615,,14.10,65.25,2335,31.3,26.250,5.600,14.11,18.022,43.01,1.44,1.24,-1.48,0.28,0.007,0.13,-3.65,1.953,0.01,0.75,0.194,-40.5,13.281,0.750,-72.000,2520,-18.52,1766.7,1.16,-48.07,109.5,0,1,0,0,0,1,0,1,1,1,1,1,0,1,1,0,0,1,0,0,0,0,0,0,0,0,0,0,0,0,1,0,0,0,4358.5,32,0,1,0,1,0,1,1,1,1,1,1,,,,,,,,,,,,,,,,,,,,,,,,,,,,,,,,,,,,,,,,,,,,,,,,,,,,,,,,,,
1105,,,494,016,,14.10,65.25,2387,32.5,26.250,5.786,14.84,18.187,43.71,1.00,0.78,-0.88,0.79,0.915,1.02,-1.44,1.161,0.00,0.90,6.164,15.0,97.658,0.496,0.000,900,7.88,4.8,0.49,-2.40,7.5,1,1,0,1,1,1,0,0,0,0,1,0,0,0,0,0,0,0,0,0,1,1,1,1,1,0,0,1,0,0,0,0,1,1,5155.0,0C,1,1,0,1,1,0,1,0,0,266.13,643.25,,,,,,,,,,,,,,,,,,,,,,,,,,,,,,,,,,,,,,,,,,,,,,,,,,,,,,,,,,
1106,,,494,398,,14.10,65.25,2440,32.5,27.000,5.990,15.67,18.671,43.50,1.00,0.23,-0.88,0.22,0.968,1.02,-1.44,1.164,0.00,0.90,6.164,15.0,97.658,0.496,0.000,900,7.83,4.8,0.49,-2.39,7.5,1,1,0,1,1,1,0,0,0,0,1,0,0,0,0,0,0,0,0,0,1,1,1,1,1,0,0,1,0,0,0,0,1,1,5155.0,0C,1,1,0,1,1,0,1,0,0,265.38,651.88,,,,,,,,,,,,,,,,,,,,,,,,,,,,,,,,,,,,,,,,,,,,,,,,,,,,,,,,,,
1107,,,494,780,,14.10,65.25,2505,33.8,27.000,6.304,16.11,17.859,43.34,1.00,0.29,-0.88,0.36,1.020,1.02,-1.44,1.169,0.00,0.90,6.751,15.0,97.658,0.496,0.000,900,7.79,4.8,0.48,-2.38,7.5,1,1,0,1,1,1,0,0,0,0,1,0,0,0,0,0,0,0,0,0,1,1,1,1,1,0,0,1,0,0,0,0,1,1,5155.0,0C,1,1,0,1,1,0,1,0,0,264.63,659.44,,,,,,,,,,,,,,,,,,,,,,,,,,,,,,,,,,,,,,,,,,,,,,,,,,,,,,,,,,
1108,,,495,187,,14.10,65.25,2547,35.0,27.750,5.741,15.45,16.803,39.49,1.00,0.26,-0.88,0.21,1.042,1.02,-1.44,1.177,0.00,0.90,6.751,15.0,97.658,0.496,0.000,900,7.76,4.8,0.48,-2.37,7.5,1,1,0,1,1,1,0,0,0,0,1,0,0,0,0,0,0,0,0,0,1,1,1,1,1,0,0,1,0,0,0,0,1,1,5155.0,0C,1,1,0,1,1,0,1,0,0,240.00,617.63,,,,,,,,,,,,,,,,,,,,,,,,,,,,,,,,,,,,,,,,,,,,,,,,,,,,,,,,,,
1109,,,495,588,,14.10,65.25,2608,35.0,27.750,6.355,16.48,16.725,40.45,1.00,0.26,-0.88,0.22,1.095,1.02,-1.44,1.182,0.00,0.90,6.751,15.0,97.658,0.496,0.000,900,7.71,4.8,0.48,-2.35,7.5,1,1,0,1,1,1,0,0,0,0,1,0,0,0,0,0,0,0,0,0,1,1,1,1,1,0,0,1,0,0,0,0,1,1,5155.0,0C,1,1,0,1,1,0,1,0,0,247.38,639.63,,,,,,,,,,,,,,,,,,,,,,,,,,,,,,,,,,,,,,,,,,,,,,,,,,,,,,,,,,
1110,,,495,977,,14.10,65.25,2662,36.3,27.750,6.470,17.02,16.562,40.83,1.00,0.33,-0.88,0.22,1.098,1.02,-1.44,1.186,0.00,0.90,7.682,15.0,97.658,0.496,0.000,900,7.68,4.8,0.48,-2.34,7.5,1,1,0,1,1,1,0,0,0,0,1,0,0,0,0,0,0,0,0,0,1,1,1,1,1,0,0,1,0,0,0,0,1,1,5155.0,0C,1,1,0,1,1,0,1,0,0,249.06,643.44,,,,,,,,,,,,,,,,,,,,,,,,,,,,,,,,,,,,,,,,,,,,,,,,,,,,,,,,,,
1111,,,496,369,,14.10,65.25,2695,36.3,33.000,4.122,12.52,10.390,27.75,1.00,0.76,-0.88,0.64,1.112,1.02,-1.44,1.175,0.00,0.90,7.682,14.3,73.114,0.496,0.000,900,7.65,4.8,0.47,-2.33,7.5,1,1,0,1,1,1,0,0,0,0,1,0,0,0,0,0,0,0,0,0,1,1,1,1,1,0,0,0,0,0,0,0,1,1,5155.0,0C,1,1,0,1,1,0,1,0,0,168.75,474.81,,,,,,,,,,,,,,,,,,,,,,,,,,,,,,,,,,,,,,,,,,,,,,,,,,,,,,,,,,
1112,,,496,777,,14.10,65.25,2723,37.5,29.250,6.080,16.24,14.452,36.96,1.00,0.81,-0.88,0.81,1.121,1.02,-1.44,1.187,0.00,0.90,7.749,14.3,93.164,0.496,0.000,900,7.65,4.8,0.47,-2.33,7.5,1,1,0,1,1,1,0,0,0,0,1,0,0,0,0,0,0,0,0,0,1,1,1,1,1,0,0,1,0,0,0,0,1,1,5155.0,0C,1,1,0,1,1,0,1,0,0,224.31,589.56,,,,,,,,,,,,,,,,,,,,,,,,,,,,,,,,,,,,,,,,,,,,,,,,,,,,,,,,,,
1113,,,497,170,,14.10,65.25,2797,37.5,28.500,6.285,16.48,14.772,37.43,1.00,0.65,-0.88,0.71,1.161,1.02,-1.44,1.181,0.00,0.90,7.749,14.3,97.658,0.496,0.000,900,7.64,4.8,0.47,-2.33,7.5,1,1,0,1,1,1,0,0,0,0,1,0,0,0,0,0,0,0,0,0,1,1,1,1,1,0,0,1,0,0,0,0,1,1,5155.0,0C,1,1,0,1,1,0,1,0,0,226.44,591.56,,,,,,,,,,,,,,,,,,,,,,,,,,,,,,,,,,,,,,,,,,,,,,,,,,,,,,,,,,
1114,,,497,551,,14.10,65.25,2835,38.8,29.250,5.894,16.36,14.452,36.61,1.00,0.79,-0.88,0.78,1.127,1.02,-1.44,1.180,0.00,0.90,85.856,-45.0,29.012,0.047,93.000,1940,94.39,313.0,-78.91,10.94,-21.0,1,1,0,0,0,1,0,1,0,1,0,1,0,1,0,1,0,1,1,1,1,1,1,1,1,1,1,1,1,1,1,1,1,1,1,,,,,,,,,,,,,,,,,,,,,,,,,,,,,,,,,,,,,,,,,,,,,,,,,,,,,,,,,,,,,,,,,,,,,,
1115,,,497,957,,14.10,65.25,2876,38.8,29.250,6.259,16.48,13.960,36.77,1.00,0.71,-0.88,0.72,1.173,1.02,-1.44,1.177,0.00,0.90,7.749,14.3,97.658,0.496,0.000,900,7.64,4.8,0.47,-2.33,7.5,1,1,0,1,1,1,0,0,0,0,1,0,0,0,0,0,0,0,0,0,1,1,1,1,1,0,0,1,0,0,0,0,1,1,5155.0,0C,1,1,0,1,1,0,1,0,0,218.44,572.13,,,,,,,,,,,,,,,,,,,,,,,,,,,,,,,,,,,,,,,,,,,,,,,,,,,,,,,,,,
1116,,,498,359,,14.10,65.25,2909,40.0,32.250,4.845,13.75,11.038,29.27,1.00,0.71,-0.88,0.69,1.172,1.02,-1.44,1.179,0.00,0.90,7.749,14.3,80.720,0.496,0.000,900,7.64,4.8,0.47,-2.33,7.5,1,1,0,1,1,1,0,0,0,0,1,0,0,0,0,0,0,0,0,0,1,1,1,1,1,0,0,0,0,0,0,0,1,1,5155.0,0C,1,1,0,1,1,0,1,0,0,175.63,480.56,,,,,,,,,,,,,,,,,,,,,,,,,,,,,,,,,,,,,,,,,,,,,,,,,,,,,,,,,,
1117,,,498,740,,14.10,66.00,2928,40.0,33.000,4.378,12.16,3.328,26.37,1.00,0.26,-0.88,0.23,1.172,1.02,-1.44,1.181,0.00,0.90,7.749,14.3,71.733,0.496,0.000,900,7.64,4.8,0.47,-2.33,7.5,1,1,0,1,1,1,0,0,0,0,1,0,0,0,0,0,0,0,0,0,1,1,1,1,1,0,0,0,0,0,0,0,1,1,5155.0,0C,1,1,0,1,1,0,1,0,0,149.44,424.88,,,,,,,,,,,,,,,,,,,,,,,,,,,,,,,,,,,,,,,,,,,,,,,,,,,,,,,,,,
1118,,,499,147,,14.10,66.00,2898,40.0,35.250,3.437,10.45,0.000,20.46,1.00,0.31,-0.88,0.21,1.165,1.02,-1.44,1.165,0.00,0.90,5.635,14.3,58.251,0.496,0.000,900,7.64,4.8,0.47,-4.48,7.5,1,1,0,1,1,1,0,0,0,0,1,0,0,0,0,0,0,0,1,0,1,1,1,1,1,0,0,0,0,1,0,0,1,1,5155.0,0C,1,1,0,1,1,0,1,0,0,120.63,357.50,,,,,,,,,,,,,,,,,,,,,,,,,,,,,,,,,,,,,,,,,,,,,,,,,,,,,,,,,,
1119,,,499,527,,14.10,66.00,2867,38.8,36.000,2.752,8.98,5.272,16.08,1.00,0.87,-0.88,0.82,1.142,1.02,-1.44,1.166,0.00,0.90,5.635,14.3,50.652,0.496,0.000,900,7.64,4.8,0.47,-2.33,7.5,1,1,0,1,1,1,0,0,0,0,1,0,0,0,0,0,0,0,0,0,1,1,1,1,1,0,0,0,0,1,0,0,1,1,5155.0,0C,1,1,0,1,1,0,1,0,0,101.25,317.25,,,,,,,,,,,,,,,,,,,,,,,,,,,,,,,,,,,,,,,,,,,,,,,,,,,,,,,,,,
1120,,,499,904,,14.10,66.00,2835,38.8,34.500,4.083,13.01,9.248,23.11,1.00,0.22,-0.88,0.19,1.171,1.02,-1.44,1.171,0.00,0.90,3.874,14.3,70.695,0.496,0.000,900,7.64,4.8,0.47,-2.33,7.5,1,1,0,1,1,1,0,0,0,0,1,0,0,0,0,0,0,0,0,0,1,1,1,1,1,0,0,0,0,0,0,0,1,1,5155.0,0C,1,1,0,1,1,0,1,0,0,148.38,423.69,,,,,,,,,,,,,,,,,,,,,,,,,,,,,,,,,,,,,,,,,,,,,,,,,,,,,,,,,,
1121,,,500,314,,14.10,66.00,2820,38.8,33.000,4.819,13.50,10.874,27.75,1.00,0.89,-0.88,0.87,1.165,1.02,-1.44,1.177,0.00,0.90,3.874,14.3,77.951,0.496,0.000,900,7.64,4.8,0.47,-2.33,7.5,1,1,0,1,1,1,0,0,0,0,1,0,0,0,0,0,0,0,0,0,1,1,1,1,1,0,0,0,0,0,0,0,1,1,5155.0,0C,1,1,0,1,1,0,1,0,0,169.44,469.94,,,,,,,,,,,,,,,,,,,,,,,,,,,,,,,,,,,,,,,,,,,,,,,,,,,,,,,,,,
1122,,,502,980,,14.10,66.00,3011,41.3,30.000,5.709,15.63,13.147,34.45,1.00,0.27,-0.88,0.33,1.151,1.02,-1.44,1.171,0.00,0.90,7.043,14.3,93.851,0.496,0.000,900,7.64,4.8,0.47,-2.33,7.5,1,1,0,1,1,1,0,0,0,0,1,0,0,0,0,0,0,0,0,0,1,1,1,1,1,0,0,1,0,0,0,0,1,1,5155.0,0C,1,1,0,1,1,0,1,0,0,209.56,545.81,,,,,,,,,,,,,,,,,,,,,,,,,,,,,,,,,,,,,,,,,,,,,,,,,,,,,,,,,,
1123,,,503,367,,14.10,66.00,3044,41.3,30.000,5.331,15.63,13.147,34.48,1.00,0.77,-0.88,0.55,1.087,1.02,-1.44,1.170,0.00,0.90,7.043,14.3,94.194,0.496,0.000,900,7.64,4.8,0.47,-2.33,7.5,1,1,0,1,1,1,0,0,0,0,1,0,0,0,0,0,0,0,0,0,1,1,1,1,1,0,0,1,0,0,0,0,1,1,5155.0,0C,1,1,0,1,1,0,1,0,0,210.06,541.31,,,,,,,,,,,,,,,,,,,,,,,,,,,,,,,,,,,,,,,,,,,,,,,,,,,,,,,,,,
1124,,,503,758,,14.10,66.00,3077,41.3,30.000,5.485,15.75,13.475,35.20,1.00,0.88,-0.88,0.85,1.095,1.02,-1.44,1.166,0.00,0.90,7.826,14.3,97.658,0.496,0.000,900,7.64,4.8,0.47,-2.33,7.5,1,1,0,1,1,1,0,0,0,0,1,0,0,0,0,0,0,0,0,0,1,1,1,1,1,0,0,1,0,0,0,0,1,1,5155.0,0C,1,1,0,1,1,0,1,0,0,214.88,544.25,,,,,,,,,,,,,,,,,,,,,,,,,,,,,,,,,,,,,,,,,,,,,,,,,,,,,,,,,,
1125,,,504,153,,14.10,66.00,3102,42.5,30.000,5.389,15.63,13.475,35.18,1.00,0.48,-0.88,0.24,1.085,1.02,-1.44,1.165,0.00,0.90,7.826,13.5,97.658,0.496,0.000,900,7.64,4.8,0.47,-2.33,7.5,1,1,0,1,1,1,0,0,0,0,1,0,0,0,0,0,0,0,0,0,1,1,1,1,1,0,0,1,0,0,0,0,1,1,5155.0,0C,1,1,0,1,1,0,1,1,1,1,1,,,,,,,,,,,,,,,,,,,,,,,,,,,,,,,,,,,,,,,,,,,,,,,,,,,,,,,,,,
1126,,,504,559,,14.10,66.00,3139,42.5,30.750,5.210,15.58,13.475,35.23,1.00,0.87,-0.88,0.82,1.052,1.02,-1.44,1.163,0.00,0.90,7.826,13.5,97.658,0.496,-0.750,900,7.63,4.8,0.47,-2.33,7.5,1,1,0,1,1,1,0,0,0,0,1,0,0,0,0,0,0,0,0,0,1,1,1,1,1,0,0,1,0,0,0,0,1,1,5155.0,0C,1,1,0,1,1,0,1,0,0,214.69,533.81,,,,,,,,,,,,,,,,,,,,,,,,,,,,,,,,,,,,,,,,,,,,,,,,,,,,,,,,,,
1127,,,504,946,,14.10,66.00,3179,42.5,30.750,5.210,15.38,13.475,35.34,1.00,0.80,-0.88,0.77,1.046,1.02,-1.44,1.161,0.00,0.90,7.435,13.5,97.658,0.496,-0.750,900,7.63,4.8,0.47,-2.33,7.5,1,1,0,1,1,1,0,0,0,0,1,0,0,0,0,0,0,0,0,0,1,1,1,1,1,0,0,1,0,0,0,0,1,1,5155.0,0C,1,1,0,1,1,0,1,0,0,214.56,526.94,,,,,,,,,,,,,,,,,,,,,,,,,,,,,,,,,,,,,,,,,,,,,,,,,,,,,,,,,,
1128,,,505,341,,14.10,66.00,3187,43.8,18.000,3.757,11.79,0.000,28.10,1.00,0.40,-0.88,0.24,1.027,1.02,-1.44,1.185,0.00,0.90,7.435,13.5,75.532,0.496,0.000,900,7.63,4.8,0.38,-43.38,109.5,0,1,0,0,0,1,0,1,1,1,1,1,0,1,1,0,0,1,0,0,0,0,0,0,0,0,1,0,0,1,0,0,0,0,8196.2,6F,0,1,0,1,0,1,1,1,1,1,1,,,,,,,,,,,,,,,,,,,,,,,,,,,,,,,,,,,,,,,,,,,,,,,,,,,,,,,,,,
1129,,,505,746,,14.10,66.00,3100,43.8,39.750,1.690,6.49,0.000,11.53,1.00,0.93,-0.88,0.88,0.998,1.02,-1.44,1.166,0.00,0.90,7.435,13.5,39.246,0.496,0.000,900,7.63,4.8,0.47,-4.59,7.5,1,1,0,1,1,1,0,0,0,0,1,0,1,0,0,0,0,0,1,0,1,1,1,1,1,0,0,0,0,1,0,0,1,1,5155.0,0C,1,1,0,1,1,0,1,0,0,67.19,231.00,,,,,,,,,,,,,,,,,,,,,,,,,,,,,,,,,,,,,,,,,,,,,,,,,,,,,,,,,,
1130,,,506,149,,14.10,66.75,2809,42.5,39.750,0.000,6.45,0.000,10.05,1.00,0.21,-0.88,0.16,1.000,1.02,-1.44,1.166,0.00,0.90,1.957,13.5,34.401,0.496,0.000,900,7.63,4.8,0.47,-4.42,7.5,1,1,0,1,1,1,0,0,0,0,1,0,1,0,0,0,0,0,1,0,1,1,0,1,0,0,1,0,0,1,0,0,1,1,5155.0,0C,1,1,0,1,1,0,1,0,0,59.56,217.75,,,,,,,,,,,,,,,,,,,,,,,,,,,,,,,,,,,,,,,,,,,,,,,,,,,,,,,,,,
1131,,,506,546,,14.10,66.75,2252,42.5,5.250,2.547,4.79,1.375,13.99,1.00,0.17,-0.88,0.12,1.000,1.02,-1.44,1.119,0.00,0.90,1.957,13.5,8.995,0.496,0.000,900,7.99,4.8,0.49,-2.44,7.5,1,1,0,1,1,1,0,0,0,0,1,0,1,0,0,0,0,0,0,0,1,1,1,1,0,0,0,0,0,1,0,0,1,1,5155.0,0C,1,1,0,1,1,0,1,0,0,86.94,242.25,,,,,,,,,,,,,,,,,,,,,,,,,,,,,,,,,,,,,,,,,,,,,,,,,,,,,,,,,,
1132,,,506,935,,14.10,66.75,1976,41.3,30.750,4.384,9.42,8.765,26.58,0.97,0.99,-0.88,0.98,0.977,1.02,-1.44,1.122,0.00,0.90,3.287,13.5,9.178,0.496,0.000,900,8.16,4.8,0.50,-2.49,7.5,1,1,0,1,1,1,0,0,0,0,1,0,1,0,0,0,0,0,0,0,1,1,1,1,0,0,0,0,0,1,0,0,1,1,5155.0,0C,1,1,0,1,1,0,1,0,0,170.38,446.31,,,,,,,,,,,,,,,,,,,,,,,,,,,,,,,,,,,,,,,,,,,,,,,,,,,,,,,,,,
1133,,,507,336,,14.10,66.75,1966,41.3,29.250,5.363,11.18,12.178,31.97,0.96,1.03,-0.88,0.97,0.942,1.02,-1.44,1.124,0.00,0.90,3.287,14.3,9.865,0.496,0.000,900,8.17,4.8,0.51,-2.49,7.5,1,1,0,1,1,1,0,0,0,0,1,0,1,0,0,0,0,0,0,0,1,1,1,1,1,0,0,0,0,0,0,0,1,1,5155.0,0C,1,1,0,1,1,0,1,0,0,202.00,517.25,,,,,,,,,,,,,,,,,,,,,,,,,,,,,,,,,,,,,,,,,,,,,,,,,,,,,,,,,,
1134,,,507,740,,14.10,66.75,1987,41.3,26.250,5.958,12.65,15.343,38.81,0.96,1.03,-0.88,0.96,0.900,1.02,-1.44,1.126,0.00,0.90,3.287,14.3,10.559,0.496,0.000,900,8.15,4.8,0.50,-2.49,7.5,1,1,0,1,1,1,0,0,0,0,1,0,1,0,0,0,0,0,0,0,1,1,1,1,1,0,0,1,0,0,0,0,1,1,5155.0,0C,1,1,0,1,1,0,1,0,0,236.06,605.19,,,,,,,,,,,,,,,,,,,,,,,,,,,,,,,,,,,,,,,,,,,,,,,,,,,,,,,,,,
1135,,,508,136,,14.10,66.75,2006,42.5,26.250,5.645,12.40,15.421,39.45,0.98,1.02,-0.88,0.91,0.857,1.02,-1.44,1.127,0.00,0.90,5.283,14.3,11.246,0.496,0.000,900,8.14,4.8,0.50,-2.48,7.5,1,1,0,1,1,1,0,0,0,0,1,0,0,0,0,0,0,0,0,0,1,1,1,1,1,0,0,1,0,0,0,0,1,1,5155.0,0C,1,1,0,1,1,0,1,0,0,241.19,603.63,,,,,,,,,,,,,,,,,,,,,,,,,,,,,,,,,,,,,,,,,,,,,,,,,,,,,,,,,,
1136,,,508,547,,14.10,66.75,2029,42.5,27.750,4.621,10.45,12.827,35.02,0.98,0.99,-0.88,0.89,0.814,1.02,-1.44,1.131,0.00,0.90,5.283,14.3,11.597,0.496,0.000,900,8.12,4.8,0.50,-2.48,7.5,1,1,0,1,1,1,0,0,0,0,1,0,0,0,0,0,0,0,0,0,1,1,1,1,1,0,0,1,0,0,0,0,1,1,5155.0,0C,1,1,0,1,1,0,1,0,0,208.69,525.56,,,,,,,,,,,,,,,,,,,,,,,,,,,,,,,,,,,,,,,,,,,,,,,,,,,,,,,,,,
1137,,,508,936,,14.10,66.75,2040,42.5,28.500,4.326,10.45,12.499,33.75,0.99,0.97,-0.88,0.84,0.773,1.02,-1.44,1.130,0.00,0.90,3.771,14.3,11.940,0.496,0.000,900,8.12,4.8,0.50,-2.48,7.5,1,1,0,1,1,1,0,0,0,0,1,0,0,0,0,0,0,0,0,0,1,1,1,1,1,0,0,1,0,0,0,0,1,1,5155.0,0C,1,1,0,1,1,0,1,0,0,204.44,514.69,,,,,,,,,,,,,,,,,,,,,,,,,,,,,,,,,,,,,,,,,,,,,,,,,,,,,,,,,,
1138,,,509,328,,14.10,66.75,2041,42.5,28.500,4.070,10.33,12.335,33.00,1.00,0.80,-0.88,0.22,0.757,1.02,-1.44,1.130,0.00,0.90,3.771,14.3,12.634,0.496,0.000,900,8.12,4.8,0.50,-2.48,7.5,1,1,0,1,1,1,0,0,0,0,1,0,0,0,0,0,0,0,0,0,1,1,1,1,1,0,0,1,0,0,0,0,1,1,5155.0,0C,1,1,0,1,1,0,1,0,0,201.50,506.94,,,,,,,,,,,,,,,,,,,,,,,,,,,,,,,,,,,,,,,,,,,,,,,,,,,,,,,,,,
1139,,,509,716,,14.10,66.75,2041,42.5,31.500,3.277,7.64,7.140,27.12,1.00,0.25,-0.88,0.23,0.797,1.02,-1.44,1.130,0.00,0.90,3.771,14.3,12.978,0.496,0.000,900,8.12,4.8,0.50,-2.48,7.5,1,1,0,1,1,1,0,0,0,0,1,0,0,0,0,0,0,0,0,0,1,1,1,1,1,0,0,0,0,0,0,0,1,1,5155.0,0C,1,1,0,1,1,0,1,0,0,162.19,417.63,,,,,,,,,,,,,,,,,,,,,,,,,,,,,,,,,,,,,,,,,,,,,,,,,,,,,,,,,,
1140,,,510,110,,14.10,66.75,2030,42.5,32.250,2.835,7.15,5.194,22.52,1.00,0.30,-0.88,0.34,0.830,1.02,-1.44,1.124,0.00,0.90,2.767,14.3,13.664,0.496,0.000,900,8.13,4.8,0.50,-2.48,7.5,1,1,0,1,1,1,0,0,0,0,1,0,0,0,0,0,0,0,0,0,1,1,1,1,1,0,0,0,0,0,0,0,1,1,5155.0,0C,1,1,0,1,1,0,1,0,0,136.63,356.06,,,,,,,,,,,,,,,,,,,,,,,,,,,,,,,,,,,,,,,,,,,,,,,,,,,,,,,,,,
1141,,,510,536,,14.10,66.75,2019,42.5,32.250,3.309,9.11,8.602,24.59,1.00,0.85,-0.88,0.79,0.790,1.02,-1.44,1.128,0.00,0.90,2.767,14.3,14.359,0.496,0.000,900,8.14,4.8,0.50,-2.48,7.5,1,1,0,1,1,1,0,0,0,0,1,0,0,0,0,0,0,0,0,0,1,1,1,1,1,0,0,0,0,0,0,0,1,1,5155.0,0C,1,1,0,1,1,0,1,0,0,153.50,398.19,,,,,,,,,,,,,,,,,,,,,,,,,,,,,,,,,,,,,,,,,,,,,,,,,,,,,,,,,,
1142,,,510,926,,14.10,66.75,2020,42.5,31.500,4.058,10.57,12.663,29.55,1.00,0.87,-0.88,0.77,0.755,1.02,-1.44,1.129,0.00,0.90,3.016,14.3,14.702,0.496,0.000,900,8.14,4.8,0.50,-2.48,7.5,1,1,0,1,1,1,0,0,0,0,1,0,0,0,0,0,0,0,0,0,1,1,1,1,1,0,0,0,0,0,0,0,1,1,5155.0,0C,1,1,0,1,1,0,1,0,0,189.19,482.38,,,,,,,,,,,,,,,,,,,,,,,,,,,,,,,,,,,,,,,,,,,,,,,,,,,,,,,,,,
1143,,,511,307,,14.10,66.75,2014,42.5,30.750,3.866,9.47,9.906,30.19,1.00,0.42,-0.88,0.23,0.750,1.02,-1.44,1.128,0.00,0.90,3.016,14.3,15.396,0.496,0.000,900,8.14,4.8,0.50,-2.48,7.5,1,1,0,1,1,1,0,0,0,0,1,0,0,0,0,0,0,0,0,0,1,1,1,1,1,0,0,0,0,0,0,0,1,1,5155.0,0C,1,1,0,1,1,0,1,0,0,181.81,467.81,,,,,,,,,,,,,,,,,,,,,,,,,,,,,,,,,,,,,,,,,,,,,,,,,,,,,,,,,,
1144,,,511,706,,14.10,67.50,2021,42.5,30.000,3.955,9.59,10.555,30.28,1.00,0.27,-0.88,0.31,0.810,1.02,-1.44,1.127,0.00,0.90,3.016,14.3,15.740,0.496,0.000,900,8.14,4.8,0.50,-2.48,7.5,1,1,0,1,1,1,0,0,0,0,1,0,0,0,0,0,0,0,0,0,1,1,1,1,1,0,0,0,0,0,0,0,1,1,5155.0,0C,1,1,0,1,1,0,1,0,0,184.44,473.56,,,,,,,,,,,,,,,,,,,,,,,,,,,,,,,,,,,,,,,,,,,,,,,,,,,,,,,,,,
1145,,,512,096,,14.10,67.50,2033,42.5,30.000,3.878,9.79,11.366,30.82,1.00,0.84,-0.88,0.76,0.761,1.02,-1.44,1.129,0.00,0.90,3.522,14.3,16.434,0.496,0.000,900,8.13,4.8,0.50,-2.48,7.5,1,1,0,1,1,1,0,0,0,0,1,0,0,0,0,0,0,0,0,0,1,1,1,1,1,0,0,0,0,0,0,0,1,1,5155.0,0C,1,1,0,1,1,0,1,0,0,189.50,478.88,,,,,,,,,,,,,,,,,,,,,,,,,,,,,,,,,,,,,,,,,,,,,,,,,,,,,,,,,,
1146,,,512,487,,14.10,67.50,2053,43.8,29.250,4.237,10.28,12.093,32.60,1.00,0.78,-0.88,0.80,0.773,1.02,-1.44,1.132,0.00,0.90,3.522,15.0,17.121,0.496,0.000,900,8.11,4.8,0.50,-2.47,7.5,1,1,0,1,1,1,0,0,0,0,1,0,0,0,0,0,0,0,0,0,1,1,1,1,1,0,0,0,0,0,0,0,1,1,5155.0,0C,1,1,0,1,1,0,1,0,0,199.56,499.81,,,,,,,,,,,,,,,,,,,,,,,,,,,,,,,,,,,,,,,,,,,,,,,,,,,,,,,,,,
1147,,,512,868,,14.10,67.50,2079,43.8,28.500,4.461,11.06,13.312,34.92,1.00,0.85,-0.88,0.80,0.731,1.02,-1.44,1.134,0.00,0.90,3.522,15.0,17.472,0.496,0.000,900,8.09,4.8,0.50,-2.47,7.5,1,1,0,1,1,1,0,0,0,0,1,0,0,0,0,0,0,0,0,0,1,1,1,1,1,0,0,1,0,0,0,0,1,1,5155.0,0C,1,1,0,1,1,0,1,0,0,212.94,527.06,,,,,,,,,,,,,,,,,,,,,,,,,,,,,,,,,,,,,,,,,,,,,,,,,,,,,,,,,,
1148,,,513,268,,14.10,67.50,2106,43.8,26.250,4.813,11.18,13.234,37.92,1.00,0.35,-0.88,0.27,0.743,1.02,-1.44,1.136,0.00,0.90,3.522,15.0,18.158,0.496,0.000,900,8.07,4.8,0.50,-2.46,7.5,1,1,0,1,1,1,0,0,0,0,1,0,0,0,0,0,0,0,0,0,1,1,1,1,1,0,0,1,0,0,0,0,1,1,5155.0,0C,1,1,0,1,1,0,1,0,0,221.00,541.38,,,,,,,,,,,,,,,,,,,,,,,,,,,,,,,,,,,,,,,,,,,,,,,,,,,,,,,,,,
1149,,,513,649,,14.10,-47.25,15498,165.0,4.500,117.978,412.13,96.707,1236.00,0.85,0.05,-0.79,0.00,0.375,2.55,-0.32,0.580,0.00,0.00,68.667,42.0,82.051,0.916,0.000,140,55.57,5034.6,-199.48,-199.48,-199.48,-199.48,-199.48,-199.48,-199.48,-199.48,-199.48,-199.48,-199.48,-199.48,-199.48,-199.48,-199.48,-199.48,-199.48,-199.48,-199.48,-199.48,-199.48,-199.48,-199.48,-199.48,-199.48,-199.48,-199.48,-199.48,-199.48,-199.48,-199.48,-199.48,-199.48,-199.48,-199.48,-199.48,-199.48,-199.48,,,,,,,,,,,,,,,,,,,,,,,,,,,,,,,,,,,,,,,,,,,,,,,,,,,,,,,,,,,,,,,,,,,,,,
1150,,,514,040,,14.10,67.50,2151,45.0,27.750,4.819,11.96,15.265,38.02,1.00,0.29,-0.88,0.22,0.752,1.02,-1.44,1.141,0.00,0.90,4.023,15.0,19.196,0.496,0.000,900,8.04,4.8,0.50,-2.45,7.5,1,1,0,1,1,1,0,0,0,0,1,0,0,0,0,0,0,0,0,0,1,1,1,1,1,0,0,1,0,0,0,0,1,1,5155.0,0C,1,1,0,1,1,0,1,0,0,233.50,565.63,,,,,,,,,,,,,,,,,,,,,,,,,,,,,,,,,,,,,,,,,,,,,,,,,,,,,,,,,,
1151,,,514,414,,14.10,67.50,2182,46.3,27.750,4.749,12.04,15.265,38.06,1.00,0.82,-0.88,0.80,0.729,1.02,-1.44,1.144,0.00,0.90,4.023,14.3,19.890,0.496,0.000,900,8.02,4.8,0.49,-2.45,7.5,1,1,0,1,1,1,0,0,0,0,1,0,0,0,0,0,0,0,0,0,1,1,1,1,1,0,0,1,0,0,0,0,1,1,5155.0,0C,1,1,0,1,1,0,1,1,1,1,1,,,,,,,,,,,,,,,,,,,,,,,,,,,,,,,,,,,,,,,,,,,,,,,,,,,,,,,,,,
1152,,,514,805,,14.10,67.50,2220,46.3,27.750,4.896,12.21,15.100,38.04,1.00,0.38,-0.88,0.51,0.770,1.02,-1.44,1.148,0.00,0.90,4.332,14.3,20.233,0.496,0.000,900,7.99,4.8,0.49,-2.44,7.5,1,1,0,1,1,1,0,0,0,0,1,0,0,0,0,0,0,0,0,0,1,1,1,1,1,0,0,1,0,0,0,0,1,1,5155.0,0C,1,1,0,1,1,0,1,0,0,232.19,560.94,,,,,,,,,,,,,,,,,,,,,,,,,,,,,,,,,,,,,,,,,,,,,,,,,,,,,,,,,,
1153,,,515,207,,14.10,67.50,2258,47.5,28.500,4.832,12.21,14.937,37.78,1.00,0.32,-0.88,0.23,0.759,1.02,-1.44,1.153,0.00,0.90,4.332,14.3,20.928,0.496,0.000,900,7.96,4.8,0.49,-2.43,7.5,1,1,0,1,1,1,0,0,0,0,1,0,0,0,0,0,0,0,0,0,1,1,1,1,1,0,0,1,0,0,0,0,1,1,5155.0,0C,1,1,0,1,1,0,1,0,0,229.38,554.50,,,,,,,,,,,,,,,,,,,,,,,,,,,,,,,,,,,,,,,,,,,,,,,,,,,,,,,,,,
1154,,,515,608,,14.10,67.50,2293,48.8,28.500,4.691,12.45,14.937,37.59,1.00,0.83,-0.88,0.79,0.723,1.02,-1.44,1.155,0.00,0.90,4.332,14.3,21.271,0.496,0.000,900,7.93,4.8,0.49,-2.42,7.5,1,1,0,1,1,1,0,0,0,0,1,0,0,0,0,0,0,0,0,0,1,1,1,1,1,0,0,1,0,0,0,0,1,1,5155.0,0C,1,1,0,1,1,0,1,0,0,229.06,553.19,,,,,,,,,,,,,,,,,,,,,,,,,,,,,,,,,,,,,,,,,,,,,,,,,,,,,,,,,,
1155,,,516,006,,14.10,67.50,2328,48.8,28.500,4.806,12.45,14.694,37.24,1.00,0.25,-0.88,0.25,0.766,1.02,-1.44,1.158,0.00,0.90,4.696,14.3,21.965,0.496,0.000,900,7.90,4.8,0.49,-2.41,7.5,1,1,0,1,1,1,0,0,0,0,1,0,0,0,0,0,0,0,0,0,1,1,1,1,1,0,0,1,0,0,0,0,1,1,5155.0,0C,1,1,0,1,1,0,1,0,0,226.19,550.38,,,,,,,,,,,,,,,,,,,,,,,,,,,,,,,,,,,,,,,,,,,,,,,,,,,,,,,,,,
1156,,,516,387,,14.10,67.50,2365,50.0,29.250,4.794,12.77,14.772,37.08,1.00,0.35,-0.88,0.25,0.765,1.02,-1.44,1.162,0.00,0.90,4.696,14.3,22.652,0.496,-0.750,900,7.87,4.8,0.49,-2.40,7.5,1,1,0,1,1,1,0,0,0,0,1,0,0,0,0,0,0,0,0,0,1,1,1,1,1,0,0,1,0,0,0,0,1,1,5155.0,0C,1,1,0,1,1,0,1,0,0,225.75,552.06,,,,,,,,,,,,,,,,,,,,,,,,,,,,,,,,,,,,,,,,,,,,,,,,,,,,,,,,,,
1157,,,516,784,,14.10,68.25,2415,51.3,30.000,4.966,13.26,14.772,36.87,1.00,0.34,-0.88,0.26,0.813,1.02,-1.44,1.165,0.00,0.90,4.696,14.3,23.346,0.496,-0.750,900,7.84,4.8,0.49,-2.39,7.5,1,1,0,1,1,1,0,0,0,0,1,0,0,0,0,0,0,0,0,0,1,1,1,1,1,0,0,1,0,0,0,0,1,1,5155.0,0C,1,1,0,1,1,0,1,0,0,223.94,554.13,,,,,,,,,,,,,,,,,,,,,,,,,,,,,,,,,,,,,,,,,,,,,,,,,,,,,,,,,,
1158,,,517,166,,14.10,68.25,2448,51.3,30.000,5.107,13.50,14.772,36.38,1.00,0.37,-0.88,0.48,0.864,1.02,-1.44,1.168,0.00,0.90,4.696,14.3,24.033,0.496,-0.750,900,7.81,4.8,0.48,-2.38,7.5,1,1,0,1,1,1,0,0,0,0,1,0,0,0,0,0,0,0,0,0,1,1,1,1,1,0,0,1,0,0,0,0,1,1,5155.0,0C,1,1,0,1,1,0,1,0,0,220.63,555.31,,,,,,,,,,,,,,,,,,,,,,,,,,,,,,,,,,,,,,,,,,,,,,,,,,,,,,,,,,
1159,,,517,559,,14.10,68.25,2473,52.5,30.000,5.050,13.99,14.772,36.84,1.00,0.75,-0.88,0.57,0.828,1.02,-1.44,1.170,0.00,0.90,140.546,-41.3,97.658,0.750,-73.500,2520,-9.15,1766.7,1.16,-48.07,109.5,0,1,0,0,0,1,0,1,1,1,1,1,0,1,1,0,0,1,0,0,0,0,0,0,0,0,0,1,1,1,0,0,0,0,731.2,8B,0,1,0,1,0,1,1,1,1,1,1,,,,,,,,,,,,,,,,,,,,,,,,,,,,,,,,,,,,,,,,,,,,,,,,,,,,,,,,,,
1160,,,517,946,,14.10,68.25,2503,52.5,30.000,5.440,14.40,14.211,37.17,1.00,0.27,-0.88,0.36,0.902,1.02,-1.44,1.172,0.00,0.90,5.283,14.3,25.071,0.496,-0.750,900,7.78,4.8,0.48,-2.37,7.5,1,1,0,1,1,1,0,0,0,0,1,0,0,0,0,0,0,0,0,0,1,1,1,1,1,0,0,1,0,0,0,0,1,1,5155.0,0C,1,1,0,1,1,0,1,0,0,225.25,575.31,,,,,,,,,,,,,,,,,,,,,,,,,,,,,,,,,,,,,,,,,,,,,,,,,,,,,,,,,,
1161,,,518,325,,14.10,68.25,2526,53.8,32.250,4.154,11.67,10.555,30.19,1.00,0.27,-0.88,0.20,0.915,1.02,-1.44,1.170,0.00,0.90,5.283,14.3,25.765,0.496,0.000,900,7.76,4.8,0.48,-2.37,7.5,1,1,0,1,1,1,0,0,0,0,1,0,0,0,0,0,0,0,0,0,1,1,1,1,1,0,0,1,0,0,0,0,1,1,5155.0,0C,1,1,0,1,1,0,1,0,0,174.06,472.63,,,,,,,,,,,,,,,,,,,,,,,,,,,,,,,,,,,,,,,,,,,,,,,,,,,,,,,,,,
1162,,,518,721,,14.10,68.25,2561,53.8,33.750,3.110,9.55,5.437,22.88,1.00,0.21,-0.88,0.17,0.959,1.02,-1.44,1.158,0.00,0.90,5.283,14.3,26.459,0.496,0.000,900,7.73,4.8,0.48,-2.36,7.5,1,1,0,1,1,1,0,0,0,0,1,0,0,0,0,0,0,0,0,0,1,1,1,1,1,0,0,0,0,0,0,0,1,1,5155.0,0C,1,1,0,1,1,0,1,0,0,134.06,386.75,,,,,,,,,,,,,,,,,,,,,,,,,,,,,,,,,,,,,,,,,,,,,,,,,,,,,,,,,,
1163,,,519,108,,14.10,68.25,2578,55.0,35.250,2.739,8.74,0.000,18.56,1.00,0.21,-0.88,0.17,0.997,1.02,-1.44,1.154,0.00,0.90,3.201,14.3,27.840,0.496,0.000,900,7.72,4.8,0.48,-4.35,7.5,1,1,0,1,1,1,0,0,0,0,1,0,0,0,0,0,0,0,1,0,1,1,1,1,1,0,0,0,0,1,0,0,1,1,5155.0,0C,1,1,0,1,1,0,1,0,0,107.63,332.81,,,,,,,,,,,,,,,,,,,,,,,,,,,,,,,,,,,,,,,,,,,,,,,,,,,,,,,,,,
1164,,,519,523,,14.10,68.25,2601,55.0,36.750,2.355,7.52,0.000,15.02,1.00,0.22,-0.88,0.18,1.030,1.02,-1.44,1.157,0.00,0.90,3.201,13.5,29.564,0.496,0.000,900,7.70,4.8,0.48,-4.34,7.5,1,1,0,1,1,1,0,0,0,0,1,0,0,0,0,0,0,0,1,0,1,1,1,1,1,0,0,0,0,1,0,0,1,1,5155.0,0C,1,1,0,1,1,0,1,0,0,89.88,288.25,,,,,,,,,,,,,,,,,,,,,,,,,,,,,,,,,,,,,,,,,,,,,,,,,,,,,,,,,,
1165,,,519,917,,14.10,68.25,2628,55.0,39.000,2.112,7.35,3.812,12.61,1.00,0.28,-0.88,0.41,1.061,1.02,-1.44,1.159,0.00,0.90,2.238,13.5,31.640,0.496,0.000,900,7.68,4.8,0.48,-2.34,7.5,1,1,0,1,1,1,0,0,0,0,1,0,0,0,0,0,0,0,0,0,1,1,1,1,1,0,0,0,0,1,0,0,1,1,5155.0,0C,1,1,0,1,1,0,1,0,0,78.50,258.69,,,,,,,,,,,,,,,,,,,,,,,,,,,,,,,,,,,,,,,,,,,,,,,,,,,,,,,,,,
1166,,,520,308,,14.10,68.25,2675,56.3,33.750,4.550,13.31,9.906,25.57,1.00,0.22,-0.88,0.19,1.068,1.02,-1.44,1.166,0.00,0.90,2.238,13.5,33.371,0.496,0.000,900,7.65,4.8,0.47,-2.33,7.5,1,1,0,1,1,1,0,0,0,0,1,0,0,0,0,0,0,0,0,0,1,1,1,1,1,0,0,0,0,0,0,0,1,1,5155.0,0C,1,1,0,1,1,0,1,0,0,162.81,458.25,,,,,,,,,,,,,,,,,,,,,,,,,,,,,,,,,,,,,,,,,,,,,,,,,,,,,,,,,,
1167,,,520,696,,14.10,68.25,2690,56.3,33.000,4.858,13.38,10.632,28.62,1.00,0.37,-0.88,0.24,1.077,1.02,-1.44,1.176,0.00,0.90,2.238,14.3,34.401,0.496,0.000,900,7.64,4.8,0.47,-2.33,7.5,1,1,0,1,1,1,0,0,0,0,1,0,0,0,0,0,0,0,0,0,1,1,1,1,1,0,0,0,0,0,0,0,1,1,5155.0,0C,1,1,0,1,1,0,1,0,0,175.13,487.13,,,,,,,,,,,,,,,,,,,,,,,,,,,,,,,,,,,,,,,,,,,,,,,,,,,,,,,,,,
1168,,,521,106,,14.10,68.25,2732,57.5,34.500,3.488,10.28,0.000,21.80,1.00,0.29,-0.88,0.20,1.090,1.02,-1.44,1.166,0.00,0.90,5.440,14.3,35.790,0.496,0.000,900,7.64,4.8,0.47,-4.39,7.5,1,1,0,1,1,1,0,0,0,0,1,0,0,0,0,0,0,0,1,0,1,1,1,1,1,0,0,0,0,1,0,0,1,1,5155.0,0C,1,1,0,1,1,0,1,0,0,127.31,376.19,,,,,,,,,,,,,,,,,,,,,,,,,,,,,,,,,,,,,,,,,,,,,,,,,,,,,,,,,,
1169,,,521,508,,14.10,68.25,2767,58.8,36.000,2.829,8.81,0.000,16.52,1.00,0.22,-0.88,0.19,1.129,1.02,-1.44,1.166,0.00,0.90,5.440,14.3,37.514,0.496,0.000,900,7.64,4.8,0.47,-4.41,7.5,1,1,0,1,1,1,0,0,0,0,1,0,0,0,0,0,0,0,1,0,1,1,1,1,1,0,0,0,0,1,0,0,1,1,5155.0,0C,1,1,0,1,1,0,1,0,0,97.69,310.75,,,,,,,,,,,,,,,,,,,,,,,,,,,,,,,,,,,,,,,,,,,,,,,,,,,,,,,,,,
1170,,,521,908,,14.10,68.25,2778,58.8,38.250,2.304,7.06,0.000,12.61,1.00,0.27,-0.88,0.27,1.163,1.02,-1.44,1.166,0.00,0.90,2.817,14.3,39.933,0.496,0.000,900,7.64,4.8,0.47,-4.42,7.5,1,1,0,1,1,1,0,0,0,0,1,0,0,0,0,0,0,0,1,0,1,1,1,1,1,0,0,0,0,1,0,0,1,1,5155.0,0C,1,1,0,1,1,0,1,0,0,73.75,256.50,,,,,,,,,,,,,,,,,,,,,,,,,,,,,,,,,,,,,,,,,,,,,,,,,,,,,,,,,,
1171,,,522,296,,14.10,69.00,2795,58.8,39.750,1.670,6.20,0.000,8.72,1.00,0.87,-0.88,0.82,1.129,1.02,-1.44,1.166,0.00,0.90,2.817,14.3,34.058,0.496,0.000,900,7.64,4.8,0.47,-4.42,7.5,1,1,0,1,1,1,0,0,0,0,1,0,0,0,0,0,0,0,1,0,1,1,1,1,0,0,0,0,0,1,0,0,1,1,5155.0,0C,1,1,0,1,1,0,1,0,0,55.06,210.50,,,,,,,,,,,,,,,,,,,,,,,,,,,,,,,,,,,,,,,,,,,,,,,,,,,,,,,,,,
1172,,,522,686,,14.10,69.00,2779,58.8,-9.750,0.000,6.25,0.000,9.75,1.00,0.21,-0.88,0.18,1.000,1.02,-1.44,1.166,0.00,0.90,2.817,14.3,0.000,0.496,0.000,900,7.64,4.8,0.47,-4.42,7.5,1,1,0,1,1,1,0,0,0,0,1,0,0,0,0,0,0,0,1,0,0,1,0,1,0,0,1,0,0,1,0,0,1,1,5155.0,0C,1,1,0,1,1,0,1,0,0,59.94,222.38,,,,,,,,,,,,,,,,,,,,,,,,,,,,,,,,,,,,,,,,,,,,,,,,,,,,,,,,,,
1173,,,523,074,,14.10,69.00,2770,58.8,-10.500,0.000,6.45,0.000,10.48,1.00,0.16,-0.88,0.12,1.000,1.02,-1.44,1.166,0.00,0.90,0.000,14.3,0.000,0.496,0.000,900,7.64,4.8,0.47,-4.41,7.5,1,1,0,1,1,1,0,0,0,0,1,0,0,0,0,0,0,0,1,0,0,1,0,1,0,0,1,0,0,1,0,0,1,1,5155.0,0C,1,1,0,1,1,0,1,0,0,64.13,232.81,,,,,,,,,,,,,,,,,,,,,,,,,,,,,,,,,,,,,,,,,,,,,,,,,,,,,,,,,,
1174,,,523,459,,14.10,69.00,2767,58.8,-11.250,0.000,6.45,0.000,10.57,1.00,0.16,-0.88,0.11,1.000,1.02,-1.44,1.166,0.00,0.90,0.000,14.3,0.000,0.496,0.000,900,7.64,4.8,0.47,-4.41,7.5,1,1,0,1,1,1,0,0,0,0,1,0,0,0,0,0,0,0,1,0,0,1,0,1,0,0,1,0,0,1,0,0,1,1,5155.0,0C,1,1,0,1,1,0,1,0,0,64.56,233.75,,,,,,,,,,,,,,,,,,,,,,,,,,,,,,,,,,,,,,,,,,,,,,,,,,,,,,,,,,
1175,,,523,856,,14.10,69.00,2755,58.8,-9.750,0.000,6.45,1.210,9.75,1.00,0.15,-0.88,0.11,1.000,1.02,-1.44,1.166,0.00,0.90,0.000,14.3,0.000,0.496,0.000,900,7.64,4.8,0.47,-4.40,7.5,1,1,0,1,1,1,0,0,0,0,1,0,0,0,0,0,0,0,1,0,0,1,0,1,0,0,1,0,0,1,0,0,1,1,5155.0,0C,1,1,0,1,1,0,1,0,0,64.00,235.69,,,,,,,,,,,,,,,,,,,,,,,,,,,,,,,,,,,,,,,,,,,,,,,,,,,,,,,,,,
1176,,,524,249,,14.10,69.00,2756,57.5,39.750,1.958,7.91,4.382,10.08,0.97,0.18,-0.88,0.16,1.007,1.02,-1.44,1.166,0.00,0.90,0.000,14.3,8.995,0.496,0.000,900,7.64,4.8,0.47,-2.33,7.5,1,1,0,1,1,1,0,0,0,0,1,0,0,0,0,0,0,0,0,0,1,1,1,1,0,0,0,0,0,1,0,0,1,1,5155.0,0C,1,1,0,1,1,0,1,0,0,69.75,246.56,,,,,,,,,,,,,,,,,,,,,,,,,,,,,,,,,,,,,,,,,,,,,,,,,,,,,,,,,,
1177,,,524,635,,14.10,69.00,2806,58.8,36.000,3.360,11.30,6.491,18.61,0.97,0.22,-0.88,0.19,1.042,1.02,-1.44,1.165,0.00,0.90,0.000,15.0,9.522,0.496,0.000,900,7.65,4.8,0.47,-2.33,7.5,1,1,0,1,1,1,0,0,0,0,1,0,0,0,0,0,0,0,0,0,1,1,1,1,0,0,0,0,0,0,0,0,1,1,5155.0,0C,1,1,0,1,1,0,1,0,0,122.56,364.19,,,,,,,,,,,,,,,,,,,,,,,,,,,,,,,,,,,,,,,,,,,,,,,,,,,,,,,,,,
1178,,,525,028,,14.10,69.00,2771,58.8,34.500,3.648,11.30,6.656,20.98,0.96,0.80,-0.88,0.71,1.029,1.02,-1.44,1.165,0.00,0.90,4.577,15.0,9.865,0.496,0.000,900,7.65,4.8,0.47,-2.33,7.5,1,1,0,1,1,1,0,0,0,0,1,0,0,0,0,0,0,0,0,0,1,1,1,1,1,0,0,0,0,0,0,0,1,1,5155.0,0C,1,1,0,1,1,0,1,0,0,126.94,372.69,,,,,,,,,,,,,,,,,,,,,,,,,,,,,,,,,,,,,,,,,,,,,,,,,,,,,,,,,,
1179,,,525,419,,14.10,69.00,2806,58.8,34.500,3.744,11.30,6.656,20.79,0.97,0.71,-0.88,0.75,1.063,1.02,-1.44,1.165,0.00,0.90,4.577,15.0,10.559,0.496,0.000,900,7.65,4.8,0.47,-2.33,7.5,1,1,0,1,1,1,0,0,0,0,1,0,0,0,0,0,0,0,0,0,1,1,1,1,1,0,0,0,0,0,0,0,1,1,5155.0,0C,1,1,0,1,1,0,1,0,0,126.44,371.00,,,,,,,,,,,,,,,,,,,,,,,,,,,,,,,,,,,,,,,,,,,,,,,,,,,,,,,,,,
1180,,,525,817,,14.10,69.00,2835,60.0,34.500,3.635,11.11,6.491,20.53,0.98,0.24,-0.88,0.22,1.086,1.02,-1.44,1.164,0.00,0.90,4.227,15.0,10.903,0.496,0.000,900,7.65,4.8,0.47,-2.33,7.5,1,1,0,1,1,1,0,0,0,0,1,0,0,0,0,0,0,0,0,0,1,1,1,1,1,0,0,0,0,0,0,0,1,1,5155.0,0C,1,1,0,1,1,0,1,0,0,124.94,367.31,,,,,,,,,,,,,,,,,,,,,,,,,,,,,,,,,,,,,,,,,,,,,,,,,,,,,,,,,,
1181,,,526,219,,14.10,69.00,2854,60.0,35.250,3.456,10.82,0.000,20.09,1.00,0.47,-0.88,0.24,1.079,1.02,-1.44,1.165,0.00,0.90,4.227,15.0,11.597,0.496,0.000,900,7.65,4.8,0.47,-4.47,7.5,1,1,0,1,1,1,0,0,0,0,1,0,0,0,0,0,0,0,1,0,1,1,1,1,1,0,0,0,0,1,0,0,1,1,5155.0,0C,1,1,0,1,1,0,1,0,0,119.88,355.38,,,,,,,,,,,,,,,,,,,,,,,,,,,,,,,,,,,,,,,,,,,,,,,,,,,,,,,,,,
1182,,,526,611,,14.10,69.00,2865,60.0,36.750,2.669,8.74,0.000,15.54,1.00,0.86,-0.88,0.86,1.072,1.02,-1.44,1.166,0.00,0.90,4.227,15.0,11.940,0.496,0.000,900,7.65,4.8,0.47,-4.47,7.5,1,1,0,1,1,1,0,0,0,0,1,0,0,0,0,0,0,0,1,0,1,1,1,1,1,0,0,0,0,1,0,0,1,1,5155.0,0C,1,1,0,1,1,0,1,0,0,90.63,292.88,,,,,,,,,,,,,,,,,,,,,,,,,,,,,,,,,,,,,,,,,,,,,,,,,,,,,,,,,,
1183,,,527,009,,14.10,69.00,2857,60.0,39.000,1.971,6.25,0.000,10.78,1.00,0.22,-0.88,0.20,1.096,1.02,-1.44,1.166,0.00,0.90,2.817,14.3,12.634,0.496,0.000,900,7.65,4.8,0.47,-4.46,7.5,1,1,0,1,1,1,0,0,0,0,1,0,0,0,0,0,0,0,1,0,1,1,1,1,1,0,0,0,0,1,0,0,1,1,5155.0,0C,1,1,0,1,1,0,1,0,0,61.13,224.38,,,,,,,,,,,,,,,,,,,,,,,,,,,,,,,,,,,,,,,,,,,,,,,,,,,,,,,,,,
1184,,,527,396,,14.10,69.00,2852,60.0,-0.750,1.907,6.54,0.000,9.68,1.00,0.20,-0.88,0.18,1.128,1.02,-1.44,1.166,0.00,0.90,2.817,14.3,13.321,0.496,0.000,900,7.65,4.8,0.47,-4.46,7.5,1,1,0,1,1,1,0,0,0,0,1,0,0,0,0,0,0,0,1,0,1,1,1,1,0,0,0,0,0,1,0,0,1,1,5155.0,0C,1,1,0,1,1,0,1,0,0,59.44,219.69,,,,,,,,,,,,,,,,,,,,,,,,,,,,,,,,,,,,,,,,,,,,,,,,,,,,,,,,,,
1185,,,527,777,,14.10,69.00,2822,60.0,-10.500,0.000,6.62,0.000,10.27,1.00,0.17,-0.88,0.13,1.000,1.02,-1.44,1.166,0.00,0.90,0.000,14.3,0.000,0.496,0.000,900,7.65,4.8,0.47,-4.44,7.5,1,1,0,1,1,1,0,0,0,0,1,0,0,0,0,0,0,0,1,0,0,1,0,1,0,0,1,0,0,1,0,0,1,1,5155.0,0C,1,1,0,1,1,0,1,0,0,63.31,229.38,,,,,,,,,,,,,,,,,,,,,,,,,,,,,,,,,,,,,,,,,,,,,,,,,,,,,,,,,,
1186,,,528,155,,14.10,69.00,2795,58.8,-11.250,0.000,6.54,0.000,10.59,1.00,0.15,-0.88,0.12,1.000,1.02,-1.44,1.166,0.00,0.90,0.000,14.3,0.000,0.496,0.000,900,7.65,4.8,0.47,-4.43,7.5,1,1,0,1,1,1,0,0,0,0,1,0,0,0,0,0,0,0,1,0,0,1,0,1,0,0,1,0,0,1,0,0,1,1,5155.0,0C,1,1,0,1,1,0,1,0,0,64.69,233.25,,,,,,,,,,,,,,,,,,,,,,,,,,,,,,,,,,,,,,,,,,,,,,,,,,,,,,,,,,
1187,,,528,563,,14.10,69.00,2773,58.8,-11.250,2.317,6.49,3.000,10.71,1.00,0.15,-0.88,0.11,1.000,1.02,-1.44,1.166,0.00,0.90,0.000,14.3,0.000,0.496,0.000,900,7.65,4.8,0.47,-2.33,7.5,1,1,0,1,1,1,0,0,0,0,1,0,0,0,0,0,0,0,0,0,0,1,0,1,0,0,0,0,0,1,0,0,1,1,5155.0,0C,1,1,0,1,1,0,1,0,0,65.44,235.25,,,,,,,,,,,,,,,,,,,,,,,,,,,,,,,,,,,,,,,,,,,,,,,,,,,,,,,,,,
1188,,,528,948,,14.10,69.00,2757,58.8,10.500,2.234,8.62,7.468,11.67,0.97,0.19,-0.88,0.18,1.016,1.02,-1.44,1.166,0.00,0.90,2.113,14.3,9.133,0.496,0.000,900,7.65,4.8,0.47,-2.33,7.5,1,1,0,1,1,1,0,0,0,0,1,0,0,0,0,0,0,0,0,0,1,1,1,1,0,0,0,0,0,1,0,0,1,1,5155.0,0C,1,1,0,1,1,0,1,0,0,82.44,275.44,,,,,,,,,,,,,,,,,,,,,,,,,,,,,,,,,,,,,,,,,,,,,,,,,,,,,,,,,,
1189,,,529,355,,14.10,69.00,2749,57.5,34.500,4.051,12.16,7.710,22.10,0.97,0.22,-0.88,0.19,1.053,1.02,-1.44,1.166,0.00,0.90,2.113,15.0,9.522,0.496,0.000,900,7.65,4.8,0.47,-2.33,7.5,1,1,0,1,1,1,0,0,0,0,1,0,0,0,0,0,0,0,0,0,1,1,1,1,0,0,0,0,0,0,0,0,1,1,5155.0,0C,1,1,0,1,1,0,1,0,0,139.69,402.50,,,,,,,,,,,,,,,,,,,,,,,,,,,,,,,,,,,,,,,,,,,,,,,,,,,,,,,,,,
1190,,,529,754,,14.10,69.00,2771,58.8,33.750,4.032,12.08,7.788,23.30,0.96,0.83,-0.88,0.67,1.028,1.02,-1.44,1.169,0.00,0.90,2.113,15.0,10.208,0.496,0.000,900,7.65,4.8,0.47,-2.33,7.5,1,1,0,1,1,1,0,0,0,0,1,0,0,0,0,0,0,0,0,0,1,1,1,1,1,0,0,0,0,0,0,0,1,1,5155.0,0C,1,1,0,1,1,0,1,0,0,142.19,408.44,,,,,,,,,,,,,,,,,,,,,,,,,,,,,,,,,,,,,,,,,,,,,,,,,,,,,,,,,,
1191,,,530,135,,14.10,69.75,2789,58.8,33.750,3.955,11.72,7.062,22.97,0.97,0.78,-0.88,0.78,1.050,1.02,-1.44,1.169,0.00,0.90,4.930,15.0,10.559,0.496,0.000,900,7.65,4.8,0.47,-2.33,7.5,1,1,0,1,1,1,0,0,0,0,1,0,0,0,0,0,0,0,0,0,1,1,1,1,1,0,0,0,0,0,0,0,1,1,5155.0,0C,1,1,0,1,1,0,1,0,0,136.63,394.56,,,,,,,,,,,,,,,,,,,,,,,,,,,,,,,,,,,,,,,,,,,,,,,,,,,,,,,,,,
1192,,,530,527,,14.10,69.75,2805,58.8,35.250,3.462,10.57,0.078,20.11,1.00,0.47,-0.88,0.73,1.089,1.02,-1.44,1.165,0.00,0.90,4.930,15.0,11.246,0.496,0.000,900,7.65,4.8,0.47,-4.44,7.5,1,1,0,1,1,1,0,0,0,0,1,0,0,0,0,0,0,0,1,0,1,1,1,1,1,0,0,0,0,1,0,0,1,1,5155.0,0C,1,1,0,1,1,0,1,0,0,118.38,352.31,,,,,,,,,,,,,,,,,,,,,,,,,,,,,,,,,,,,,,,,,,,,,,,,,,,,,,,,,,
1193,,,530,906,,14.10,69.75,2817,60.0,36.750,2.675,8.69,0.000,15.33,1.00,0.22,-0.88,0.19,1.089,1.02,-1.44,1.166,0.00,0.90,3.522,15.0,11.597,0.496,0.000,900,7.65,4.8,0.47,-4.44,7.5,1,1,0,1,1,1,0,0,0,0,1,0,0,0,0,0,0,0,1,0,1,1,1,1,1,0,0,0,0,1,0,0,1,1,5155.0,0C,1,1,0,1,1,0,1,0,0,89.63,290.94,,,,,,,,,,,,,,,,,,,,,,,,,,,,,,,,,,,,,,,,,,,,,,,,,,,,,,,,,,
1194,,,531,296,,14.10,69.75,2803,58.8,39.000,2.048,6.20,0.000,10.95,1.00,0.25,-0.88,0.29,1.122,1.02,-1.44,1.166,0.00,0.90,3.522,14.3,12.284,0.496,0.000,900,7.65,4.8,0.47,-4.44,7.5,1,1,0,1,1,1,0,0,0,0,1,0,0,0,0,0,0,0,1,0,1,1,1,1,1,0,0,0,0,1,0,0,1,1,5155.0,0C,1,1,0,1,1,0,1,0,0,63.31,229.75,,,,,,,,,,,,,,,,,,,,,,,,,,,,,,,,,,,,,,,,,,,,,,,,,,,,,,,,,,
1195,,,531,686,,14.10,69.75,2776,58.8,4.500,1.837,6.37,0.000,9.33,1.00,0.20,-0.88,0.18,1.118,1.02,-1.44,1.166,0.00,0.90,3.522,14.3,12.978,0.496,0.000,900,7.65,4.8,0.47,-4.42,7.5,1,1,0,1,1,1,0,0,0,0,1,0,0,0,0,0,0,0,1,0,1,1,1,1,0,0,0,0,0,1,0,0,1,1,5155.0,0C,1,1,0,1,1,0,1,0,0,58.63,218.25,,,,,,,,,,,,,,,,,,,,,,,,,,,,,,,,,,,,,,,,,,,,,,,,,,,,,,,,,,
1196,,,532,086,,14.10,69.75,2750,58.8,-9.750,0.000,6.42,0.000,9.84,1.00,0.18,-0.88,0.14,1.000,1.02,-1.44,1.166,0.00,0.90,1.761,14.3,0.000,0.496,0.000,900,7.65,4.8,0.47,-4.40,7.5,1,1,0,1,1,1,0,0,0,0,1,0,0,0,0,0,0,0,1,0,0,1,0,1,0,0,1,0,0,1,0,0,1,1,5155.0,0C,1,1,0,1,1,0,1,0,0,60.88,224.38,,,,,,,,,,,,,,,,,,,,,,,,,,,,,,,,,,,,,,,,,,,,,,,,,,,,,,,,,,
1197,,,532,479,,14.10,69.75,2719,57.5,-11.250,0.000,6.32,0.000,10.57,1.00,0.14,-0.88,0.12,1.000,1.02,-1.44,1.166,0.00,0.90,1.761,14.3,0.000,0.496,0.000,900,7.65,4.8,0.47,-4.39,7.5,1,1,0,1,1,1,0,0,0,0,1,0,0,0,0,0,0,0,1,0,0,1,0,1,0,0,1,0,0,1,0,0,1,1,5155.0,0C,1,1,0,1,1,0,1,0,0,65.00,234.69,,,,,,,,,,,,,,,,,,,,,,,,,,,,,,,,,,,,,,,,,,,,,,,,,,,,,,,,,,
1198,,,532,856,,14.10,69.75,2685,56.3,-12.000,0.000,6.32,0.000,10.59,1.00,0.14,-0.88,0.11,1.000,1.02,-1.44,1.164,0.00,0.90,0.000,15.0,0.000,0.496,0.000,900,7.66,4.8,0.47,-4.37,7.5,1,1,0,1,1,1,0,0,0,0,1,0,0,0,0,0,0,0,1,0,0,1,0,1,0,0,1,0,0,1,0,0,1,1,5155.0,0C,1,1,0,1,1,0,1,0,0,63.56,237.88,,,,,,,,,,,,,,,,,,,,,,,,,,,,,,,,,,,,,,,,,,,,,,,,,,,,,,,,,,
1199,,,533,257,,14.10,69.75,2657,56.3,-11.250,0.000,6.32,0.000,10.64,1.00,0.14,-0.88,0.11,1.000,1.02,-1.44,1.161,0.00,0.90,0.000,15.0,0.000,0.496,0.000,900,7.68,4.8,0.13,-42.60,109.5,0,1,0,0,0,1,0,1,1,1,1,1,0,1,1,0,0,1,0,0,0,0,0,0,0,0,0,0,1,0,0,0,0,0,1410.3,FE,0,1,0,1,0,1,1,1,1,1,1,,,,,,,,,,,,,,,,,,,,,,,,,,,,,,,,,,,,,,,,,,,,,,,,,,,,,,,,,,
1200,,,533,636,,14.10,69.75,2615,55.0,-14.250,0.000,6.01,0.000,11.91,1.00,0.15,-0.88,0.11,1.000,1.02,-1.44,1.157,0.00,0.90,0.000,15.0,0.000,0.496,0.000,900,7.71,4.8,0.48,-4.35,7.5,1,1,0,1,1,1,0,0,0,0,1,0,0,0,0,0,0,0,1,0,0,1,0,1,0,0,1,0,0,1,0,0,1,1,5155.0,0C,1,1,0,1,1,0,1,0,0,78.06,251.31,,,,,,,,,,,,,,,,,,,,,,,,,,,,,,,,,,,,,,,,,,,,,,,,,,,,,,,,,,
1201,,,534,029,,14.10,69.75,2570,53.8,-14.250,0.000,5.22,0.000,11.67,1.00,0.14,-0.88,0.11,1.000,1.02,-1.44,1.153,0.00,0.90,0.000,15.0,0.000,0.496,0.000,900,7.75,4.8,0.48,-4.35,7.5,1,1,0,1,1,1,0,0,0,0,1,0,0,0,0,0,0,0,1,0,0,1,0,1,0,0,1,0,0,1,0,0,1,1,5155.0,0C,1,1,0,1,1,0,1,0,0,71.19,241.25,,,,,,,,,,,,,,,,,,,,,,,,,,,,,,,,,,,,,,,,,,,,,,,,,,,,,,,,,,
1202,,,534,416,,14.10,69.75,2528,53.8,-12.000,0.000,5.27,0.000,11.30,1.00,0.15,-0.88,0.11,1.000,1.02,-1.44,1.148,0.00,0.90,0.000,15.0,0.000,0.496,0.000,900,7.78,4.8,0.48,-4.35,7.5,1,1,0,1,1,1,0,0,0,0,1,0,0,0,0,0,0,0,1,0,0,1,0,1,0,0,1,0,0,1,0,0,1,1,5155.0,0C,1,1,0,1,1,0,1,0,0,68.75,223.13,,,,,,,,,,,,,,,,,,,,,,,,,,,,,,,,,,,,,,,,,,,,,,,,,,,,,,,,,,
1203,,,534,802,,14.00,69.75,2487,52.5,-13.500,0.000,5.35,0.000,11.88,1.44,1.24,-1.46,0.59,0.007,0.00,0.03,0.000,0.01,0.75,0.194,-41.3,98.830,0.750,-73.500,2500,90.85,1766.7,0.91,-17.60,109.5,0,1,0,0,0,1,0,1,1,1,1,1,0,1,1,0,0,1,0,0,0,0,0,0,0,0,0,0,1,0,0,0,0,0,6701.0,57,0,1,0,1,0,1,1,1,1,1,1,,,,,,,,,,,,,,,,,,,,,,,,,,,,,,,,,,,,,,,,,,,,,,,,,,,,,,,,,,
1204,,,535,197,,14.10,69.75,2390,50.0,-14.250,0.000,5.35,0.000,13.05,1.00,0.15,-0.88,0.11,1.000,1.02,-1.44,1.133,0.00,0.90,0.000,15.0,0.000,0.496,0.000,900,7.88,4.8,0.49,-4.32,7.5,1,1,0,1,1,1,0,0,0,0,1,1,0,0,0,0,0,0,1,0,0,1,0,1,0,0,1,0,0,1,0,1,1,1,5155.0,0C,1,1,0,1,1,0,1,0,0,80.56,236.06,,,,,,,,,,,,,,,,,,,,,,,,,,,,,,,,,,,,,,,,,,,,,,,,,,,,,,,,,,
1205,,,535,579,,14.00,69.75,2266,47.5,-14.250,0.000,5.10,0.000,13.95,1.00,0.15,-0.88,0.11,1.000,1.02,-1.44,1.124,0.00,0.90,0.000,15.0,0.000,0.496,0.000,900,7.97,4.8,0.49,-4.29,7.5,1,1,0,1,1,1,0,0,0,0,1,1,1,0,0,0,0,0,1,0,0,1,0,1,0,0,1,0,0,1,0,1,1,1,5155.0,0C,1,1,0,1,1,0,1,0,0,85.69,241.88,,,,,,,,,,,,,,,,,,,,,,,,,,,,,,,,,,,,,,,,,,,,,,,,,,,,,,,,,,
1206,,,535,956,,14.00,69.75,1960,45.0,-13.500,0.000,4.17,0.000,12.54,1.00,0.15,-0.88,0.11,1.000,1.02,-1.44,1.114,0.00,0.90,0.000,15.0,0.000,0.496,0.000,900,8.26,4.8,0.51,-3.75,7.5,1,1,0,1,1,1,0,0,0,0,1,1,1,0,0,0,0,0,1,0,0,1,0,1,0,0,1,0,0,1,0,1,1,1,5155.0,0C,1,1,0,1,1,0,1,0,0,71.44,250.50,,,,,,,,,,,,,,,,,,,,,,,,,,,,,,,,,,,,,,,,,,,,,,,,,,,,,,,,,,
1207,,,536,347,,14.00,69.75,1536,43.8,-15.000,0.000,3.93,0.000,15.05,1.00,0.15,-0.88,0.11,1.000,1.02,-1.44,1.085,0.00,0.90,0.000,15.0,0.000,0.496,0.000,900,8.49,4.8,0.52,-2.33,7.5,1,1,0,1,1,1,0,0,0,0,1,1,1,0,0,0,0,0,1,0,0,1,0,1,0,0,1,0,0,1,0,1,1,1,5155.0,0C,1,1,0,1,1,0,1,0,0,83.56,306.13,,,,,,,,,,,,,,,,,,,,,,,,,,,,,,,,,,,,,,,,,,,,,,,,,,,,,,,,,,
1208,,,536,735,,13.60,69.75,1100,41.3,31.500,4.627,4.54,0.000,23.84,0.97,0.15,-0.88,0.11,1.000,1.02,-1.44,1.024,0.00,0.90,0.000,15.0,8.995,0.496,0.000,900,8.49,4.8,1.13,-0.28,7.5,1,1,0,1,1,1,0,0,0,0,1,1,1,0,0,0,0,0,1,0,1,1,1,1,0,0,0,1,0,1,0,1,1,1,5155.0,0C,1,1,0,1,1,0,1,0,0,138.75,446.13,,,,,,,,,,,,,,,,,,,,,,,,,,,,,,,,,,,,,,,,,,,,,,,,,,,,,,,,,,
1209,,,537,116,,14.00,69.75,1118,40.0,3.750,3.322,4.00,0.000,20.51,0.97,0.66,-0.88,0.79,1.015,1.02,-1.44,1.047,0.00,0.90,2.262,15.8,9.064,0.496,0.000,900,8.49,4.8,0.93,-0.63,7.5,1,1,0,1,1,1,0,0,0,0,1,1,1,0,0,0,0,0,1,0,1,1,1,1,0,0,0,0,0,1,0,1,1,1,5155.0,0C,1,1,0,1,1,0,1,0,0,123.38,411.56,,,,,,,,,,,,,,,,,,,,,,,,,,,,,,,,,,,,,,,,,,,,,,,,,,,,,,,,,,
1210,,,537,506,,14.00,69.75,1127,36.3,5.250,3.014,3.93,0.000,19.50,0.96,0.98,-0.88,0.93,0.974,1.02,-1.44,1.051,0.00,0.90,2.262,15.8,9.155,0.496,0.000,900,8.50,4.8,-0.01,-0.66,7.5,1,1,0,1,1,1,0,0,0,0,1,1,0,0,0,0,0,0,1,0,1,1,1,1,1,0,0,0,0,0,0,1,1,1,5155.0,0C,1,1,0,1,1,0,1,0,0,118.31,399.69,,,,,,,,,,,,,,,,,,,,,,,,,,,,,,,,,,,,,,,,,,,,,,,,,,,,,,,,,,
1211,,,537,908,,14.00,69.75,1079,33.8,4.500,2.976,3.93,0.000,19.66,0.97,0.98,-0.88,0.91,0.959,1.02,-1.44,1.048,0.00,0.90,1.432,15.8,9.178,0.496,0.000,900,8.50,4.8,-1.01,-0.33,7.5,1,1,0,1,1,1,0,0,0,0,1,1,0,0,0,0,0,0,1,0,1,1,1,1,1,0,0,0,0,0,0,1,1,1,5155.0,0C,1,1,0,1,1,0,1,0,0,121.13,408.94,,,,,,,,,,,,,,,,,,,,,,,,,,,,,,,,,,,,,,,,,,,,,,,,,,,,,,,,,,
1212,,,538,289,,13.70,69.75,974,31.3,4.500,3.226,3.88,0.000,21.35,0.98,0.96,-0.88,0.87,0.943,1.02,-1.44,1.040,0.00,0.90,1.432,15.8,9.178,0.496,0.000,900,8.50,4.8,-1.41,0.00,7.5,1,1,0,1,1,1,0,0,0,0,1,1,0,0,0,0,0,0,1,0,1,1,1,1,1,0,0,0,0,0,0,1,1,1,5155.0,0C,1,1,0,1,1,0,1,0,0,133.19,439.56,,,,,,,,,,,,,,,,,,,,,,,,,,,,,,,,,,,,,,,,,,,,,,,,,,,,,,,,,,
1213,,,538,705,,14.00,69.75,915,27.5,4.500,3.328,3.44,0.000,23.09,0.99,0.95,-0.88,0.87,0.928,1.02,-1.44,1.026,0.00,0.90,1.432,15.8,9.178,0.496,0.000,900,8.50,4.8,-1.38,0.00,7.5,1,1,0,1,1,1,0,0,0,0,1,1,0,0,0,0,0,0,1,0,1,1,1,1,1,0,0,0,0,0,0,1,1,1,5155.0,0C,1,1,0,1,1,0,1,0,0,140.13,454.00,,,,,,,,,,,,,,,,,,,,,,,,,,,,,,,,,,,,,,,,,,,,,,,,,,,,,,,,,,
1214,,,539,109,,14.10,69.75,938,25.0,4.500,3.373,3.81,0.000,24.59,1.00,0.97,-0.88,0.89,0.909,1.02,-1.44,1.015,0.00,0.90,1.279,15.8,9.178,0.496,0.000,900,8.50,4.8,-1.36,3.32,7.5,1,1,0,1,1,1,0,0,0,0,1,1,0,0,0,0,0,0,1,0,1,1,1,1,1,0,0,0,0,0,0,1,1,1,5155.0,0C,1,1,0,1,1,0,1,0,0,148.06,466.31,,,,,,,,,,,,,,,,,,,,,,,,,,,,,,,,,,,,,,,,,,,,,,,,,,,,,,,,,,
1215,,,539,500,,13.70,69.75,918,22.5,10.500,2.656,2.78,0.000,19.88,1.00,0.96,-0.88,0.54,0.894,1.02,-1.44,1.047,0.00,0.90,1.279,15.8,9.522,0.496,0.000,900,8.50,4.8,-1.52,0.00,7.5,1,1,0,1,1,1,0,0,0,0,1,1,0,0,0,0,0,0,1,0,1,1,1,1,1,0,0,0,0,0,0,1,1,1,5155.0,0C,1,1,0,1,1,0,1,0,0,120.06,414.81,,,,,,,,,,,,,,,,,,,,,,,,,,,,,,,,,,,,,,,,,,,,,,,,,,,,,,,,,,
1216,,,539,887,,14.00,69.75,890,20.0,21.000,2.586,2.91,0.000,19.08,1.00,0.22,-0.88,0.19,0.920,1.02,-1.44,1.048,0.00,0.90,0.959,15.8,9.522,0.496,0.000,900,8.50,4.8,-1.49,0.02,7.5,1,1,0,1,1,1,0,0,0,0,1,1,0,0,0,0,0,0,1,0,1,1,1,1,1,0,0,0,0,0,0,1,1,1,5155.0,0C,1,1,0,1,1,0,1,0,0,118.81,419.44,,,,,,,,,,,,,,,,,,,,,,,,,,,,,,,,,,,,,,,,,,,,,,,,,,,,,,,,,,
1217,,,540,294,,14.00,69.75,933,16.3,0.750,3.731,4.37,0.000,25.52,1.00,0.21,-0.88,0.21,0.937,1.02,-1.44,1.018,0.00,0.90,0.959,15.8,9.522,0.496,0.000,900,8.50,4.8,-1.49,3.02,7.5,1,1,0,1,1,1,0,0,0,0,1,1,0,0,0,0,0,0,1,0,1,1,1,1,1,0,0,0,0,0,0,1,1,1,5155.0,0C,1,1,0,1,1,0,1,0,0,157.44,489.69,,,,,,,,,,,,,,,,,,,,,,,,,,,,,,,,,,,,,,,,,,,,,,,,,,,,,,,,,,
1218,,,540,680,,13.90,69.75,905,13.8,7.500,2.822,2.91,0.000,21.89,1.00,0.87,-0.88,0.87,0.913,1.02,-1.44,1.036,0.00,0.90,0.959,15.8,9.865,0.496,0.000,900,8.50,4.8,-1.58,0.15,7.5,1,1,0,1,1,1,0,0,0,0,1,1,0,0,0,0,0,0,1,0,1,1,1,1,1,0,0,0,0,0,0,1,1,1,5155.0,0C,1,1,0,1,1,0,1,0,0,130.44,442.94,,,,,,,,,,,,,,,,,,,,,,,,,,,,,,,,,,,,,,,,,,,,,,,,,,,,,,,,,,
1219,,,541,056,,13.50,69.75,862,12.5,17.250,2.842,3.44,0.000,21.35,1.00,0.89,-0.88,0.82,0.898,1.02,-1.44,1.040,0.00,0.90,1.032,15.8,9.865,0.496,0.000,900,8.50,4.8,-1.42,0.44,7.5,1,1,0,1,1,1,0,0,0,0,1,1,0,0,0,0,0,0,1,0,1,1,1,1,1,0,0,0,0,0,0,1,1,1,5155.0,0C,1,1,0,1,1,0,1,0,0,126.69,446.19,,,,,,,,,,,,,,,,,,,,,,,,,,,,,,,,,,,,,,,,,,,,,,,,,,,,,,,,,,
1220,,,541,445,,13.90,69.75,853,12.5,8.250,3.405,4.17,0.000,24.26,1.00,0.22,-0.88,0.19,0.917,1.02,-1.44,1.017,0.00,0.90,1.032,15.8,9.865,0.496,0.000,900,8.50,4.8,-1.17,2.79,7.5,1,1,0,1,1,1,0,0,0,0,1,1,0,0,0,0,0,0,1,0,1,1,1,1,1,0,0,0,0,0,0,1,1,1,5155.0,0C,1,1,0,1,1,0,1,0,0,158.38,498.69,,,,,,,,,,,,,,,,,,,,,,,,,,,,,,,,,,,,,,,,,,,,,,,,,,,,,,,,,,
1221,,,541,846,,14.00,69.75,912,11.3,-0.750,3.904,4.17,0.000,27.28,1.00,0.21,-0.88,0.21,0.936,1.02,-1.44,1.025,0.00,0.90,1.647,15.8,9.865,0.496,0.000,900,8.50,4.8,-1.17,2.56,7.5,1,1,0,1,1,1,0,0,0,0,1,1,0,0,0,0,0,0,1,0,1,1,1,1,1,0,0,0,0,0,0,1,1,1,5155.0,0C,1,1,0,1,1,0,1,0,0,164.63,507.00,,,,,,,,,,,,,,,,,,,,,,,,,,,,,,,,,,,,,,,,,,,,,,,,,,,,,,,,,,
1222,,,542,249,,14.00,69.75,938,11.3,0.750,3.520,4.00,0.000,26.06,1.00,0.90,-0.88,0.88,0.904,1.02,-1.44,1.020,0.00,0.90,1.647,15.8,10.208,0.496,0.000,900,8.50,4.8,-1.17,2.51,7.5,1,1,0,1,1,1,0,0,0,0,1,1,0,0,0,0,0,0,1,0,1,1,1,1,1,0,0,0,0,0,0,1,1,1,5155.0,0C,1,1,0,1,1,0,1,0,0,156.81,489.63,,,,,,,,,,,,,,,,,,,,,,,,,,,,,,,,,,,,,,,,,,,,,,,,,,,,,,,,,,
1223,,,542,636,,14.00,69.75,909,11.3,3.000,3.469,4.00,0.000,25.85,1.00,0.90,-0.88,0.82,0.886,1.02,-1.44,1.019,0.00,0.90,1.647,15.8,10.208,0.496,0.000,900,8.50,4.8,-1.17,2.59,7.5,1,1,0,1,1,1,0,0,0,0,1,1,0,0,0,0,0,0,1,0,1,1,1,1,1,0,0,0,0,0,0,1,1,1,5155.0,0C,1,1,0,1,1,0,1,0,0,157.19,492.94,,,,,,,,,,,,,,,,,,,,,,,,,,,,,,,,,,,,,,,,,,,,,,,,,,,,,,,,,,
1224,,,543,016,,14.00,69.75,897,10.0,3.000,3.379,4.00,0.000,25.83,1.00,0.78,-0.88,0.26,0.867,1.02,-1.44,1.019,0.00,0.90,1.279,15.8,10.208,0.496,0.000,900,8.50,4.8,-1.17,2.59,7.5,1,1,0,1,1,1,0,0,0,0,1,1,0,0,0,0,0,0,1,0,1,1,1,1,1,0,0,0,0,0,0,1,1,1,5155.0,0C,1,1,0,1,1,0,1,0,0,157.50,495.25,,,,,,,,,,,,,,,,,,,,,,,,,,,,,,,,,,,,,,,,,,,,,,,,,,,,,,,,,,
1225,,,543,397,,14.00,69.75,895,10.0,4.500,3.488,3.88,0.000,25.80,1.00,0.22,-0.88,0.20,0.907,1.02,-1.44,1.019,0.00,0.90,1.279,15.8,10.208,0.496,0.000,900,8.50,4.8,-1.17,2.59,7.5,1,1,0,1,1,1,0,0,0,0,1,1,0,0,0,0,0,0,1,0,1,1,1,1,1,0,0,0,0,0,0,1,1,1,5155.0,0C,1,1,0,1,1,0,1,0,0,156.56,491.63,,,,,,,,,,,,,,,,,,,,,,,,,,,,,,,,,,,,,,,,,,,,,,,,,,,,,,,,,,
1226,,,543,819,,14.10,69.75,910,8.8,4.500,4.096,5.03,50.101,27.84,1.00,0.74,-0.88,0.76,0.900,1.02,-1.44,1.027,0.00,0.90,1.428,15.8,10.903,0.496,0.000,900,8.50,4.8,-1.17,0.00,7.5,1,1,0,1,1,1,0,0,0,0,1,0,0,0,0,0,0,0,0,0,1,1,1,1,1,0,0,1,0,0,0,0,1,1,5155.0,0C,1,1,0,1,1,0,1,0,0,164.00,507.81,,,,,,,,,,,,,,,,,,,,,,,,,,,,,,,,,,,,,,,,,,,,,,,,,,,,,,,,,,
1227,,,544,207,,14.10,69.75,1122,8.8,-18.000,3.597,0.59,0.000,36.73,1.00,0.88,-0.88,0.81,0.875,1.02,-1.44,1.060,0.00,0.90,1.428,15.8,12.978,0.496,0.000,900,8.50,4.8,-1.17,1.00,7.5,1,1,0,1,1,1,0,0,0,0,1,0,0,0,0,0,0,0,1,0,1,1,1,1,0,0,0,1,0,1,0,0,1,1,5155.0,0C,1,1,0,1,1,0,1,0,0,206.88,610.06,,,,,,,,,,,,,,,,,,,,,,,,,,,,,,,,,,,,,,,,,,,,,,,,,,,,,,,,,,
1228,,,544,606,,14.00,69.75,1125,8.8,-1.500,2.675,2.95,0.000,22.27,1.00,0.76,-0.88,0.21,0.851,1.02,-1.44,1.037,0.00,0.90,1.428,15.8,11.246,0.496,0.000,900,8.50,4.8,-1.17,-0.48,7.5,1,1,0,1,1,1,0,0,0,0,1,0,1,0,0,0,0,0,1,0,1,1,1,1,0,0,0,0,0,1,0,0,1,1,5155.0,0C,1,1,0,1,1,0,1,0,0,127.44,422.69,,,,,,,,,,,,,,,,,,,,,,,,,,,,,,,,,,,,,,,,,,,,,,,,,,,,,,,,,,
1229,,,544,987,,13.70,69.75,987,7.5,16.500,2.483,3.03,0.000,19.01,1.00,0.19,-0.88,0.17,0.887,1.02,-1.44,1.048,0.00,0.90,1.004,15.8,11.597,0.496,0.000,900,8.50,4.8,-0.88,-0.05,7.5,1,1,0,1,1,1,0,0,0,0,1,0,1,0,0,0,0,0,1,0,1,1,1,1,1,0,0,0,0,0,0,0,1,1,5155.0,0C,1,1,0,1,1,0,1,0,0,115.94,405.56,,,,,,,,,,,,,,,,,,,,,,,,,,,,,,,,,,,,,,,,,,,,,,,,,,,,,,,,,,
1230,,,545,376,,14.00,69.75,939,7.5,17.250,2.714,3.39,0.000,19.85,1.00,0.18,-0.88,0.17,0.900,1.02,-1.44,1.047,0.00,0.90,1.004,15.8,11.940,0.496,0.000,900,8.50,4.8,-0.68,-0.03,7.5,1,1,0,1,1,1,0,0,0,0,1,0,1,0,0,0,0,0,1,0,1,1,1,1,1,0,0,0,0,0,0,0,1,1,5155.0,0C,1,1,0,1,1,0,1,0,0,121.81,417.19,,,,,,,,,,,,,,,,,,,,,,,,,,,,,,,,,,,,,,,,,,,,,,,,,,,,,,,,,,
1231,,,545,769,,14.00,69.75,937,7.5,12.000,4.218,8.81,5.921,26.53,1.00,0.19,-0.88,0.18,0.915,1.02,-1.44,1.022,0.00,0.90,1.099,15.8,12.284,0.496,0.000,900,8.50,4.8,-0.61,0.00,7.5,1,1,0,1,1,1,0,0,0,0,1,0,1,0,0,0,0,0,0,0,1,1,1,1,1,0,0,1,0,0,0,0,1,1,5155.0,0C,1,1,0,1,1,0,1,0,0,196.75,600.69,,,,,,,,,,,,,,,,,,,,,,,,,,,,,,,,,,,,,,,,,,,,,,,,,,,,,,,,,,
1232,,,546,166,,14.10,69.75,1058,7.5,1.500,4.486,5.35,7.140,32.02,1.00,0.86,-0.88,0.87,0.906,1.02,-1.44,1.045,0.00,0.90,1.099,15.8,13.321,0.496,0.000,900,8.50,4.8,-0.61,0.00,7.5,1,1,0,1,1,1,0,0,0,0,1,0,1,0,0,0,0,0,0,0,1,1,1,1,1,0,0,1,0,0,0,0,1,1,5155.0,0C,1,1,0,1,1,0,1,0,0,191.63,574.81,,,,,,,,,,,,,,,,,,,,,,,,,,,,,,,,,,,,,,,,,,,,,,,,,,,,,,,,,,
1233,,,546,546,,14.00,69.75,1084,7.5,6.000,3.802,5.27,6.656,28.52,1.00,0.86,-0.88,0.40,0.882,1.02,-1.44,1.032,0.00,0.90,1.099,15.8,14.015,0.496,0.000,900,8.50,4.8,-0.61,-0.76,7.5,1,1,0,1,1,1,0,0,0,0,1,0,1,0,0,0,0,0,0,0,1,1,1,1,1,0,0,0,0,0,0,0,1,1,5155.0,0C,1,1,0,1,1,0,1,0,0,174.88,527.88,,,,,,,,,,,,,,,,,,,,,,,,,,,,,,,,,,,,,,,,,,,,,,,,,,,,,,,,,,
1234,,,546,940,,14.10,69.75,1113,7.5,8.250,3.603,5.10,6.491,27.35,1.00,0.22,-0.88,0.21,0.920,1.02,-1.44,1.036,0.00,0.90,1.761,15.8,14.702,0.496,0.000,900,8.50,4.8,-0.61,-1.09,7.5,1,1,0,1,1,1,0,0,0,0,1,0,1,0,0,0,0,0,0,0,1,1,1,1,1,0,0,0,0,0,0,0,1,1,5155.0,0C,1,1,0,1,1,0,1,0,0,162.25,498.00,,,,,,,,,,,,,,,,,,,,,,,,,,,,,,,,,,,,,,,,,,,,,,,,,,,,,,,,,,
1235,,,547,330,,14.10,69.75,1139,7.5,12.750,3.283,5.15,6.491,25.99,1.00,0.23,-0.88,0.21,0.892,1.02,-1.44,1.038,0.00,0.90,1.761,15.8,15.740,0.496,0.000,900,8.50,4.8,-0.61,-1.16,7.5,1,1,0,1,1,1,0,0,0,0,1,0,1,0,0,0,0,0,0,0,1,1,1,1,1,0,0,0,0,0,0,0,1,1,5155.0,0C,1,1,0,1,1,0,1,0,0,154.56,481.81,,,,,,,,,,,,,,,,,,,,,,,,,,,,,,,,,,,,,,,,,,,,,,,,,,,,,,,,,,
1236,,,547,738,,14.10,69.75,1188,8.8,15.000,3.258,5.15,6.328,24.89,1.00,0.20,-0.88,0.18,0.934,1.02,-1.44,1.039,0.00,0.90,1.761,15.8,16.777,0.496,0.000,900,8.50,4.8,-0.61,-1.28,7.5,1,1,0,1,1,1,0,0,0,0,1,0,1,0,0,0,0,0,0,0,1,1,1,1,1,0,0,0,0,0,0,0,1,1,5155.0,0C,1,1,0,1,1,0,1,0,0,150.69,468.25,,,,,,,,,,,,,,,,,,,,,,,,,,,,,,,,,,,,,,,,,,,,,,,,,,,,,,,,,,
1237,,,548,120,,14.10,69.75,1232,8.8,15.750,3.373,5.35,6.656,24.84,1.00,0.20,-0.88,0.18,0.956,1.02,-1.44,1.041,0.00,0.90,1.761,15.8,18.158,0.496,0.000,900,8.50,4.8,-0.61,-1.39,7.5,1,1,0,1,1,1,0,0,0,0,1,0,1,0,0,0,0,0,0,0,1,1,1,1,1,0,0,0,0,0,0,0,1,1,5155.0,0C,1,1,0,1,1,0,1,0,0,151.50,462.38,,,,,,,,,,,,,,,,,,,,,,,,,,,,,,,,,,,,,,,,,,,,,,,,,,,,,,,,,,
1238,,,548,508,,14.10,69.75,1249,8.8,7.500,4.090,6.54,7.468,28.66,1.00,0.23,-0.88,0.25,0.979,1.02,-1.44,1.043,0.00,0.90,1.761,15.8,19.547,0.496,0.000,900,8.50,4.8,-0.61,-1.37,7.5,1,1,0,1,1,1,0,0,0,0,1,0,1,0,0,0,0,0,0,0,1,1,1,1,1,0,0,0,0,0,0,0,1,1,5155.0,0C,1,1,0,1,1,0,1,0,0,179.63,527.25,,,,,,,,,,,,,,,,,,,,,,,,,,,,,,,,,,,,,,,,,,,,,,,,,,,,,,,,,,
1239,,,548,889,,14.10,69.75,1279,8.8,9.750,3.501,7.23,7.062,26.46,1.00,0.90,-0.88,0.87,0.938,1.02,-1.44,1.046,0.00,0.90,2.077,15.8,20.928,0.496,0.000,900,8.50,4.8,-0.61,-1.48,7.5,1,1,0,1,1,1,0,0,0,0,1,0,1,0,0,0,0,0,0,0,1,1,1,1,1,0,0,0,0,0,0,0,1,1,5155.0,0C,1,1,0,1,1,0,1,0,0,162.44,475.13,,,,,,,,,,,,,,,,,,,,,,,,,,,,,,,,,,,,,,,,,,,,,,,,,,,,,,,,,,
1240,,,549,266,,14.10,69.75,1301,10.0,12.000,3.885,7.23,8.038,28.03,1.00,0.26,-0.88,0.22,0.951,1.02,-1.44,1.046,0.00,0.90,2.077,15.8,22.309,0.496,0.000,900,8.50,4.8,-0.61,-1.51,7.5,1,1,0,1,1,1,0,0,0,0,1,0,1,0,0,0,0,0,0,0,1,1,1,1,1,0,0,0,0,0,0,0,1,1,5155.0,0C,1,1,0,1,1,0,1,0,0,174.19,503.19,,,,,,,,,,,,,,,,,,,,,,,,,,,,,,,,,,,,,,,,,,,,,,,,,,,,,,,,,,
1241,,,549,666,,14.10,69.75,1332,10.0,6.750,3.494,5.35,3.812,26.88,1.00,0.85,-0.88,0.87,0.941,1.02,-1.44,1.049,0.00,0.90,2.077,15.8,24.033,0.496,0.000,900,8.50,4.8,-0.61,-1.65,7.5,1,1,0,1,1,1,0,0,0,0,1,0,0,0,0,0,0,0,0,0,1,1,1,1,1,0,0,0,0,0,0,0,1,1,5155.0,0C,1,1,0,1,1,0,1,0,0,167.38,485.38,,,,,,,,,,,,,,,,,,,,,,,,,,,,,,,,,,,,,,,,,,,,,,,,,,,,,,,,,,
1242,,,550,057,,14.10,69.75,1402,10.0,9.750,3.104,5.35,0.241,23.60,1.00,0.84,-0.88,0.72,0.917,1.02,-1.44,1.060,0.00,0.90,2.077,15.8,26.108,0.496,0.000,900,8.50,4.8,-0.61,-2.17,7.5,1,1,0,1,1,1,0,0,0,0,1,0,0,0,0,0,0,0,1,0,1,1,1,1,1,0,0,0,0,1,0,0,1,1,5155.0,0C,1,1,0,1,1,0,1,0,0,144.00,414.50,,,,,,,,,,,,,,,,,,,,,,,,,,,,,,,,,,,,,,,,,,,,,,,,,,,,,,,,,,
1243,,,550,446,,14.10,69.75,1332,10.0,3.000,3.034,5.22,0.319,22.62,1.00,0.22,-0.88,0.18,0.934,1.02,-1.44,1.047,0.00,0.90,2.077,15.8,27.489,0.496,0.000,900,8.50,4.8,-0.61,-1.66,7.5,1,1,0,1,1,1,0,0,0,0,1,0,0,0,0,0,0,0,1,0,1,1,1,1,1,0,0,0,0,1,0,0,1,1,5155.0,0C,1,1,0,1,1,0,1,0,0,137.63,422.06,,,,,,,,,,,,,,,,,,,,,,,,,,,,,,,,,,,,,,,,,,,,,,,,,,,,,,,,,,
1244,,,550,828,,14.10,69.75,1327,8.8,6.750,3.136,5.03,0.804,22.80,1.00,0.19,-0.88,0.18,0.954,1.02,-1.44,1.052,0.00,0.90,1.761,15.8,28.878,0.496,0.000,900,8.49,4.8,-0.61,-1.72,7.5,1,1,0,1,1,1,0,0,0,0,1,0,0,0,0,0,0,0,1,0,1,1,1,1,1,0,0,0,0,1,0,0,1,1,5155.0,0C,1,1,0,1,1,0,1,0,0,136.94,413.94,,,,,,,,,,,,,,,,,,,,,,,,,,,,,,,,,,,,,,,,,,,,,,,,,,,,,,,,,,
1245,,,551,219,,14.10,69.75,1285,8.8,6.750,2.880,4.79,1.781,21.35,1.00,0.75,-0.88,0.73,0.946,1.02,-1.44,1.045,0.00,0.90,1.761,15.8,27.146,0.496,0.000,900,8.49,4.8,-0.61,-1.46,7.5,1,1,0,1,1,1,0,0,0,0,1,0,0,0,0,0,0,0,0,0,1,1,1,1,1,0,0,0,0,1,0,0,1,1,5155.0,0C,1,1,0,1,1,0,1,0,0,131.69,418.63,,,,,,,,,,,,,,,,,,,,,,,,,,,,,,,,,,,,,,,,,,,,,,,,,,,,,,,,,,
1246,,,551,609,,14.10,69.75,1192,8.8,6.000,2.720,3.93,2.515,19.59,1.00,0.24,-0.88,0.21,0.933,1.02,-1.44,1.051,0.00,0.90,1.761,15.8,23.690,0.496,0.000,900,8.49,4.8,-0.61,-0.19,7.5,1,1,0,1,1,1,0,0,0,0,1,0,0,0,0,0,0,0,0,0,1,1,1,1,1,0,0,0,0,1,0,0,1,1,5155.0,0C,1,1,0,1,1,0,1,0,0,117.75,397.88,,,,,,,,,,,,,,,,,,,,,,,,,,,,,,,,,,,,,,,,,,,,,,,,,,,,,,,,,,
1247,,,552,017,,14.10,69.75,1186,7.5,6.000,2.989,4.91,4.218,20.79,1.00,0.21,-0.88,0.19,0.975,1.02,-1.44,1.046,0.00,0.90,1.318,15.8,28.183,0.496,0.000,900,8.49,4.8,-0.61,0.00,7.5,1,1,0,1,1,1,0,0,0,0,1,0,0,0,0,0,0,0,0,0,1,1,1,1,1,0,0,0,0,0,0,0,1,1,5155.0,0C,1,1,0,1,1,0,1,0,0,128.94,424.94,,,,,,,,,,,,,,,,,,,,,,,,,,,,,,,,,,,,,,,,,,,,,,,,,,,,,,,,,,
1248,,,552,407,,14.10,69.75,1171,8.8,15.750,3.507,5.35,6.976,23.48,1.00,0.24,-0.88,0.22,0.994,1.02,-1.44,1.035,0.00,0.90,1.318,15.8,29.915,0.496,0.000,900,8.50,4.8,-0.61,0.00,7.5,1,1,0,1,1,1,0,0,0,0,1,0,0,0,0,0,0,0,0,0,1,1,1,1,1,0,0,0,0,0,0,0,1,1,5155.0,0C,1,1,0,1,1,0,1,0,0,146.88,466.25,,,,,,,,,,,,,,,,,,,,,,,,,,,,,,,,,,,,,,,,,,,,,,,,,,,,,,,,,,
1249,,,552,814,,14.10,69.75,1214,8.8,6.750,3.584,5.10,2.593,25.52,1.00,0.83,-0.88,0.83,0.970,1.02,-1.44,1.038,0.00,0.90,1.905,15.8,29.915,0.496,0.000,900,8.50,4.8,-0.61,0.00,7.5,1,1,0,1,1,1,0,0,0,0,1,0,0,0,0,0,0,0,0,0,1,1,1,1,1,0,0,0,0,0,0,0,1,1,5155.0,0C,1,1,0,1,1,0,1,0,0,152.75,479.06,,,,,,,,,,,,,,,,,,,,,,,,,,,,,,,,,,,,,,,,,,,,,,,,,,,,,,,,,,
1250,,,553,215,,14.10,69.75,1279,8.8,6.750,3.443,5.15,1.295,25.10,1.00,0.87,-0.88,0.79,0.947,1.02,-1.44,1.048,0.00,0.90,1.905,15.8,31.296,0.496,0.000,900,8.50,4.8,-0.40,-43.38,109.5,0,1,0,0,0,1,0,1,1,1,1,1,0,1,1,0,0,1,0,0,0,0,0,0,0,0,1,0,0,1,0,0,0,0,2607.3,17,0,1,0,1,0,1,1,1,1,1,1,,,,,,,,,,,,,,,,,,,,,,,,,,,,,,,,,,,,,,,,,,,,,,,,,,,,,,,,,,
1251,,,553,606,,14.10,69.75,1220,8.8,9.750,3.104,5.03,0.000,23.20,1.00,0.64,-0.88,0.29,0.926,1.02,-1.44,1.040,0.00,0.90,1.905,15.8,29.564,0.496,0.000,900,8.50,4.8,-0.61,0.89,7.5,1,1,0,1,1,1,0,0,0,0,1,0,0,0,0,0,0,0,1,0,1,1,1,1,1,0,0,0,0,1,0,0,1,1,5155.0,0C,1,1,0,1,1,0,1,0,0,146.31,454.25,,,,,,,,,,,,,,,,,,,,,,,,,,,,,,,,,,,,,,,,,,,,,,,,,,,,,,,,,,
1252,,,553,992,,14.10,69.75,1262,8.8,1.500,3.213,4.86,0.000,23.25,1.00,0.21,-0.88,0.21,0.968,1.02,-1.44,1.043,0.00,0.90,1.834,15.8,26.802,0.496,0.000,900,8.50,4.8,-0.61,0.72,7.5,1,1,0,1,1,1,0,0,0,0,1,0,0,0,0,0,0,0,0,0,0,0,0,0,0,0,0,0,0,1,0,0,0,0,6617.8,6E,0,1,0,1,0,1,1,1,1,1,1,,,,,,,,,,,,,,,,,,,,,,,,,,,,,,,,,,,,,,,,,,,,,,,,,,,,,,,,,,
1253,,,554,397,,14.00,70.50,1133,8.8,3.000,3.130,4.25,0.000,21.77,1.00,0.80,-0.88,0.77,0.946,1.02,-1.44,1.040,0.00,0.90,1.834,15.8,24.384,0.496,0.000,900,8.50,4.8,-0.61,1.19,7.5,1,1,0,1,1,1,0,0,0,0,1,0,0,0,0,0,0,0,1,0,1,1,1,1,1,0,0,0,0,0,0,0,1,1,5155.0,0C,1,1,0,1,1,0,1,0,0,132.56,433.88,,,,,,,,,,,,,,,,,,,,,,,,,,,,,,,,,,,,,,,,,,,,,,,,,,,,,,,,,,
1254,,,554,780,,14.10,70.50,1122,7.5,0.000,3.046,4.05,2.921,21.26,1.00,0.63,-0.88,0.23,0.929,1.02,-1.44,1.042,0.00,0.90,1.217,15.8,24.384,0.496,0.000,900,8.50,4.8,-0.61,0.00,7.5,1,1,0,1,1,1,0,0,0,0,1,0,0,0,0,0,0,0,0,0,1,1,1,1,1,0,0,0,0,0,0,0,1,1,5155.0,0C,1,1,0,1,1,0,1,0,0,131.63,432.00,,,,,,,,,,,,,,,,,,,,,,,,,,,,,,,,,,,,,,,,,,,,,,,,,,,,,,,,,,
1255,,,555,176,,14.00,70.50,1002,7.5,1.500,4.192,4.98,5.679,26.98,1.00,0.22,-0.88,0.25,0.969,1.02,-1.44,1.024,0.00,0.90,1.217,15.8,25.765,0.496,0.000,900,8.50,4.8,-0.61,0.00,7.5,1,1,0,1,1,1,0,0,0,0,1,0,0,0,0,0,0,0,0,0,1,1,1,1,1,0,0,0,0,1,0,0,1,1,5155.0,0C,1,1,0,1,1,0,1,0,0,161.81,499.25,,,,,,,,,,,,,,,,,,,,,,,,,,,,,,,,,,,,,,,,,,,,,,,,,,,,,,,,,,
1256,,,555,560,,14.10,70.50,1016,7.5,4.500,4.051,5.03,4.703,28.41,1.00,0.95,-0.88,0.93,0.932,1.02,-1.44,1.030,0.00,0.90,1.217,15.8,28.878,0.496,0.000,900,8.50,4.8,-0.61,0.00,7.5,1,1,0,1,1,1,0,0,0,0,1,0,0,0,0,0,0,0,0,0,1,1,1,1,1,0,0,0,0,0,0,0,1,1,5155.0,0C,1,1,0,1,1,0,1,0,0,174.88,528.50,,,,,,,,,,,,,,,,,,,,,,,,,,,,,,,,,,,,,,,,,,,,,,,,,,,,,,,,,,
1257,,,555,956,,14.00,70.50,978,7.5,1.500,4.243,4.79,5.194,29.77,1.00,0.97,-0.88,0.92,0.915,1.02,-1.44,1.034,0.00,0.90,1.589,15.8,28.527,0.496,0.000,900,8.50,4.8,-0.61,0.00,7.5,1,1,0,1,1,1,0,0,0,0,1,0,0,0,0,0,0,0,0,0,1,1,1,1,1,0,0,0,0,0,0,0,1,1,5155.0,0C,1,1,0,1,1,0,1,0,0,179.81,541.31,,,,,,,,,,,,,,,,,,,,,,,,,,,,,,,,,,,,,,,,,,,,,,,,,,,,,,,,,,
1258,,,556,338,,13.80,70.50,966,7.5,3.750,3.968,4.86,4.382,28.78,1.00,0.96,-0.88,0.91,0.892,1.02,-1.44,1.030,0.00,0.90,1.589,15.8,27.146,0.496,0.000,900,8.50,4.8,-0.61,0.00,7.5,1,1,0,1,1,1,0,0,0,0,1,0,0,0,0,0,0,0,0,0,1,1,1,1,1,0,0,0,0,0,0,0,1,1,5155.0,0C,1,1,0,1,1,0,1,0,0,180.69,553.31,,,,,,,,,,,,,,,,,,,,,,,,,,,,,,,,,,,,,,,,,,,,,,,,,,,,,,,,,,
1259,,,556,726,,14.00,70.50,972,6.3,3.000,3.872,4.79,6.163,29.25,1.00,0.94,-0.88,0.87,0.871,1.02,-1.44,1.032,0.00,0.90,1.589,15.8,28.878,0.496,0.000,900,8.50,4.8,-0.61,0.00,7.5,1,1,0,1,1,1,0,0,0,0,1,0,0,0,0,0,0,0,0,0,1,1,1,1,1,0,0,0,0,0,0,0,1,1,5155.0,0C,1,1,0,1,1,0,1,0,0,176.75,542.63,,,,,,,,,,,,,,,,,,,,,,,,,,,,,,,,,,,,,,,,,,,,,,,,,,,,,,,,,,
1260,,,557,107,,14.10,70.50,946,6.3,3.000,3.923,4.66,9.093,29.70,1.00,0.90,-0.88,0.81,0.849,1.02,-1.44,1.034,0.00,0.90,1.524,15.8,28.878,0.496,0.000,900,8.50,4.8,-0.61,-0.14,7.5,1,1,0,1,1,1,0,0,0,0,1,0,0,0,0,0,0,0,0,0,1,1,1,1,1,0,0,0,0,0,0,0,1,1,5155.0,0C,1,1,0,1,1,0,1,0,0,181.44,547.19,,,,,,,,,,,,,,,,,,,,,,,,,,,,,,,,,,,,,,,,,,,,,,,,,,,,,,,,,,
1261,,,557,508,,13.90,70.50,962,6.3,8.250,3.942,5.27,7.788,29.58,1.00,0.26,-0.88,0.20,0.857,1.02,-1.44,1.034,0.00,0.90,1.524,15.8,29.564,0.496,0.000,900,8.50,4.8,-0.61,-0.09,7.5,1,1,0,1,1,1,0,0,0,0,1,0,0,0,0,0,0,0,0,0,1,1,1,1,1,0,0,0,0,0,0,0,1,1,5155.0,0C,1,1,0,1,1,0,1,0,0,185.13,566.38,,,,,,,,,,,,,,,,,,,,,,,,,,,,,,,,,,,,,,,,,,,,,,,,,,,,,,,,,,
1262,,,557,917,,14.10,70.50,980,6.3,7.500,4.288,5.27,8.765,31.69,1.00,0.22,-0.88,0.21,0.881,1.02,-1.44,1.042,0.00,0.90,1.643,15.8,31.983,0.496,0.000,900,8.50,4.8,-0.61,-0.40,7.5,1,1,0,1,1,1,0,0,0,0,1,0,0,0,0,0,0,0,0,0,1,1,1,1,1,0,0,0,0,0,0,0,1,1,5155.0,0C,1,1,0,1,1,0,1,0,0,192.88,576.06,,,,,,,,,,,,,,,,,,,,,,,,,,,,,,,,,,,,,,,,,,,,,,,,,,,,,,,,,,
1263,,,558,318,,14.10,70.50,1013,7.5,4.500,4.224,5.15,9.248,32.48,1.00,0.78,-0.88,0.79,0.871,1.02,-1.44,1.045,0.00,0.90,1.643,15.8,34.401,0.496,0.000,900,8.51,4.8,-0.61,-0.69,7.5,1,1,0,1,1,1,0,0,0,0,1,0,0,0,0,0,0,0,0,0,1,1,1,1,1,0,0,1,0,0,0,0,1,1,5155.0,0C,1,1,0,1,1,0,1,0,0,193.63,578.19,,,,,,,,,,,,,,,,,,,,,,,,,,,,,,,,,,,,,,,,,,,,,,,,,,,,,,,,,,
1264,,,558,708,,14.10,70.50,1028,7.5,5.250,4.179,5.22,8.930,32.02,1.00,0.81,-0.88,0.48,0.847,1.02,-1.44,1.044,0.00,0.90,1.643,15.8,33.715,0.496,0.000,900,8.51,4.8,-0.61,-0.68,7.5,1,1,0,1,1,1,0,0,0,0,1,0,0,0,0,0,0,0,0,0,1,1,1,1,1,0,0,1,0,0,0,0,1,1,5155.0,0C,1,1,0,1,1,0,1,0,0,190.88,567.81,,,,,,,,,,,,,,,,,,,,,,,,,,,,,,,,,,,,,,,,,,,,,,,,,,,,,,,,,,
1265,,,559,105,,14.10,70.50,1092,7.5,12.750,3.885,5.35,8.765,29.30,1.00,0.21,-0.88,0.19,0.888,1.02,-1.44,1.037,0.00,0.90,1.823,15.8,33.715,0.496,0.000,900,8.51,4.8,-0.61,-0.92,7.5,1,1,0,1,1,1,0,0,0,0,1,0,0,0,0,0,0,0,0,0,1,1,1,1,1,0,0,1,0,0,0,0,1,1,5155.0,0C,1,1,0,1,1,0,1,0,0,177.31,537.38,,,,,,,,,,,,,,,,,,,,,,,,,,,,,,,,,,,,,,,,,,,,,,,,,,,,,,,,,,
1266,,,559,488,,14.00,70.50,1182,8.8,14.250,3.558,5.35,7.468,27.68,1.00,0.20,-0.88,0.19,0.911,1.02,-1.44,1.036,0.00,0.90,1.823,15.8,33.371,0.496,0.000,900,8.51,4.8,-0.61,-1.19,7.5,1,1,0,1,1,1,0,0,0,0,1,0,0,0,0,0,0,0,0,0,1,1,1,1,1,0,0,0,0,0,0,0,1,1,5155.0,0C,1,1,0,1,1,0,1,0,0,172.56,524.75,,,,,,,,,,,,,,,,,,,,,,,,,,,,,,,,,,,,,,,,,,,,,,,,,,,,,,,,,,
1267,,,559,894,,14.10,70.50,1255,8.8,11.250,3.456,5.22,8.116,26.51,1.00,0.20,-0.88,0.18,0.935,1.02,-1.44,1.049,0.00,0.90,1.761,15.8,34.058,0.496,0.000,900,8.51,4.8,-0.61,-1.50,7.5,1,1,0,1,1,1,0,0,0,0,1,0,0,0,0,0,0,0,0,0,1,1,1,1,1,0,0,0,0,0,0,0,1,1,5155.0,0C,1,1,0,1,1,0,1,0,0,160.63,471.13,,,,,,,,,,,,,,,,,,,,,,,,,,,,,,,,,,,,,,,,,,,,,,,,,,,,,,,,,,
1268,,,560,288,,14.10,70.50,1280,8.8,10.500,4.141,6.37,7.953,29.16,1.00,0.21,-0.88,0.19,0.959,1.02,-1.44,1.051,0.00,0.90,1.761,15.8,36.828,0.496,0.000,900,8.51,4.8,-0.61,-1.51,7.5,1,1,0,1,1,1,0,0,0,0,1,0,0,0,0,0,0,0,0,0,1,1,1,1,1,0,0,0,0,0,0,0,1,1,5155.0,0C,1,1,0,1,1,0,1,0,0,180.13,508.06,,,,,,,,,,,,,,,,,,,,,,,,,,,,,,,,,,,,,,,,,,,,,,,,,,,,,,,,,,
1269,,,560,688,,14.10,70.50,1321,10.0,9.750,3.456,5.71,7.304,26.41,1.00,0.86,-0.88,0.87,0.941,1.02,-1.44,1.046,0.00,0.90,1.761,15.8,34.401,0.496,0.000,900,8.50,4.8,-0.61,-1.59,7.5,1,1,0,1,1,1,0,0,0,0,1,0,0,0,0,0,0,0,0,0,1,1,1,1,1,0,0,0,0,0,0,0,1,1,5155.0,0C,1,1,0,1,1,0,1,0,0,161.63,476.88,,,,,,,,,,,,,,,,,,,,,,,,,,,,,,,,,,,,,,,,,,,,,,,,,,,,,,,,,,
1270,,,561,087,,14.10,70.50,1403,10.0,12.000,3.322,5.47,6.491,25.01,1.00,0.85,-0.88,0.79,0.917,1.02,-1.44,1.058,0.00,0.90,1.834,15.8,34.752,0.496,0.000,900,8.50,4.8,-0.61,-2.09,7.5,1,1,0,1,1,1,0,0,0,0,1,0,0,0,0,0,0,0,0,0,1,1,1,1,1,0,0,0,0,0,0,0,1,1,5155.0,0C,1,1,0,1,1,0,1,0,0,150.25,436.13,,,,,,,,,,,,,,,,,,,,,,,,,,,,,,,,,,,,,,,,,,,,,,,,,,,,,,,,,,
1271,,,561,477,,14.10,70.50,1446,10.0,15.750,3.386,6.25,5.600,25.01,1.00,0.22,-0.88,0.21,0.942,1.02,-1.44,1.074,0.00,0.90,1.834,15.8,36.828,0.496,0.000,900,8.50,4.8,-0.61,-2.42,7.5,1,1,0,1,1,1,0,0,0,0,1,0,0,0,0,0,0,0,0,0,1,1,1,1,1,0,0,0,0,0,0,0,1,1,5155.0,0C,1,1,0,1,1,0,1,0,0,153.63,436.31,,,,,,,,,,,,,,,,,,,,,,,,,,,,,,,,,,,,,,,,,,,,,,,,,,,,,,,,,,
1272,,,561,870,,14.10,70.50,1442,10.0,16.500,3.405,6.69,7.382,24.56,1.00,0.71,-0.88,0.74,0.940,1.02,-1.44,1.073,0.00,0.90,2.010,15.8,36.477,0.496,0.000,900,8.50,4.8,-0.61,-2.34,7.5,1,1,0,1,1,1,0,0,0,0,1,0,0,0,0,0,0,0,0,0,1,1,1,1,1,0,0,0,0,0,0,0,1,1,5155.0,0C,1,1,0,1,1,0,1,0,0,151.19,430.75,,,,,,,,,,,,,,,,,,,,,,,,,,,,,,,,,,,,,,,,,,,,,,,,,,,,,,,,,,
1273,,,562,276,,14.10,70.50,1452,10.0,12.000,3.392,6.32,6.491,25.48,1.00,0.80,-0.88,0.74,0.916,1.02,-1.44,1.079,0.00,0.90,2.010,15.8,37.171,0.496,0.000,900,8.50,4.8,-0.61,-2.42,7.5,1,1,0,1,1,1,0,0,0,0,1,0,0,0,0,0,0,0,0,0,1,1,1,1,1,0,0,0,0,0,0,0,1,1,5155.0,0C,1,1,0,1,1,0,1,0,0,154.69,438.13,,,,,,,,,,,,,,,,,,,,,,,,,,,,,,,,,,,,,,,,,,,,,,,,,,,,,,,,,,
1274,,,562,678,,14.10,70.50,1474,10.0,13.500,3.789,7.06,7.140,27.00,1.00,0.21,-0.88,0.19,0.940,1.02,-1.44,1.078,0.00,0.90,2.010,15.8,38.552,0.496,0.000,900,8.50,4.8,-0.61,-2.47,7.5,1,1,0,1,1,1,0,0,0,0,1,0,0,0,0,0,0,0,0,0,1,1,1,1,1,0,0,0,0,0,0,0,1,1,5155.0,0C,1,1,0,1,1,0,1,0,0,165.44,462.00,,,,,,,,,,,,,,,,,,,,,,,,,,,,,,,,,,,,,,,,,,,,,,,,,,,,,,,,,,
1275,,,563,078,,14.10,70.50,1506,11.3,9.750,3.354,6.32,6.656,25.17,1.00,0.77,-0.88,0.80,0.938,1.02,-1.44,1.085,0.00,0.90,2.288,15.8,37.514,0.496,0.000,900,8.50,4.8,-0.61,-2.59,7.5,1,1,0,1,1,1,0,0,0,0,1,0,0,0,0,0,0,0,0,0,1,1,1,1,1,0,0,0,0,0,0,0,1,1,5155.0,0C,1,1,0,1,1,0,1,0,0,154.13,436.38,,,,,,,,,,,,,,,,,,,,,,,,,,,,,,,,,,,,,,,,,,,,,,,,,,,,,,,,,,
1276,,,563,458,,14.10,70.50,1518,11.3,12.000,3.443,6.69,6.819,25.76,1.00,0.81,-0.88,0.43,0.913,1.02,-1.44,1.082,0.00,0.90,2.288,15.8,38.209,0.496,0.000,900,8.50,4.8,-0.61,-2.59,7.5,1,1,0,1,1,1,0,0,0,0,1,0,0,0,0,0,0,0,0,0,1,1,1,1,1,0,0,0,0,0,0,0,1,1,5155.0,0C,1,1,0,1,1,0,1,0,0,157.38,443.94,,,,,,,,,,,,,,,,,,,,,,,,,,,,,,,,,,,,,,,,,,,,,,,,,,,,,,,,,,
1277,,,563,852,,14.10,70.50,1577,11.3,13.500,3.565,6.86,6.819,26.02,1.00,0.21,-0.88,0.21,0.939,1.02,-1.44,1.085,0.00,0.90,2.348,15.8,38.895,0.496,0.000,900,8.50,4.8,-0.61,-2.59,7.5,1,1,0,1,1,1,0,0,0,0,1,0,0,0,0,0,0,0,0,0,1,1,1,1,1,0,0,0,0,0,0,0,1,1,5155.0,0C,1,1,0,1,1,0,1,0,0,160.06,448.94,,,,,,,,,,,,,,,,,,,,,,,,,,,,,,,,,,,,,,,,,,,,,,,,,,,,,,,,,,
1278,,,564,239,,14.10,70.50,1610,11.3,14.250,3.226,6.25,4.218,24.05,1.00,0.81,-0.88,0.83,0.933,1.02,-1.44,1.091,0.00,0.90,2.348,15.8,37.858,0.496,0.000,900,8.49,4.8,-0.61,-2.59,7.5,1,1,0,1,1,1,0,0,0,0,1,0,0,0,0,0,0,0,0,0,1,1,1,1,1,0,0,0,0,0,0,0,1,1,5155.0,0C,1,1,0,1,1,0,1,0,0,144.13,415.25,,,,,,,,,,,,,,,,,,,,,,,,,,,,,,,,,,,,,,,,,,,,,,,,,,,,,,,,,,
1279,,,564,638,,14.10,70.50,1610,11.3,12.750,3.091,5.93,1.866,23.18,1.00,0.84,-0.88,0.55,0.906,1.02,-1.44,1.090,0.00,0.90,2.348,15.8,35.790,0.496,0.000,900,8.50,4.8,-0.61,-2.59,7.5,1,1,0,1,1,1,0,0,0,0,1,0,0,0,0,0,0,0,0,0,1,1,1,1,1,0,0,0,0,0,0,0,1,1,5155.0,0C,1,1,0,1,1,0,1,0,0,139.56,403.75,,,,,,,,,,,,,,,,,,,,,,,,,,,,,,,,,,,,,,,,,,,,,,,,,,,,,,,,,,
1280,,,565,018,,14.10,70.50,1622,11.3,15.000,2.867,5.59,1.295,20.98,1.00,0.75,-0.88,0.49,0.934,1.02,-1.44,1.091,0.00,0.90,1.957,15.8,34.401,0.496,0.000,900,8.48,4.8,-0.60,-2.59,7.5,1,1,0,1,1,1,0,0,0,0,1,0,0,0,0,0,0,0,0,0,1,1,1,1,1,0,0,0,0,1,0,0,1,1,5155.0,0C,1,1,0,1,1,0,1,0,0,127.75,375.69,,,,,,,,,,,,,,,,,,,,,,,,,,,,,,,,,,,,,,,,,,,,,,,,,,,,,,,,,,
1281,,,565,408,,14.10,70.50,1577,11.3,12.750,2.720,5.15,1.295,20.27,1.00,0.83,-0.88,0.78,0.887,1.02,-1.44,1.087,0.00,0.90,1.957,15.8,31.640,0.496,0.000,900,8.50,4.8,-0.61,-2.59,7.5,1,1,0,1,1,1,0,0,0,0,1,0,0,0,0,0,0,0,0,0,1,1,1,1,1,0,0,0,0,1,0,0,1,1,5155.0,0C,1,1,0,1,1,0,1,0,0,123.13,365.50,,,,,,,,,,,,,,,,,,,,,,,,,,,,,,,,,,,,,,,,,,,,,,,,,,,,,,,,,,
1282,,,565,809,,14.10,70.50,1531,11.3,9.750,2.643,5.10,1.538,19.66,1.00,0.83,-0.88,0.60,0.865,1.02,-1.44,1.081,0.00,0.90,1.666,15.8,28.878,0.496,0.000,900,8.50,4.8,-0.61,-2.59,7.5,1,1,0,1,1,1,0,0,0,0,1,0,0,0,0,0,0,0,0,0,1,1,1,1,1,0,0,0,0,1,0,0,1,1,5155.0,0C,1,1,0,1,1,0,1,0,0,119.94,359.69,,,,,,,,,,,,,,,,,,,,,,,,,,,,,,,,,,,,,,,,,,,,,,,,,,,,,,,,,,
1283,,,566,216,,14.10,70.50,1508,10.0,21.000,2.714,5.27,10.062,19.80,1.00,0.21,-0.88,0.19,0.894,1.02,-1.44,1.083,0.00,0.90,1.666,15.8,33.021,0.496,0.000,900,8.50,4.8,-0.61,-2.59,7.5,1,1,0,1,1,1,0,0,0,0,1,0,0,0,0,0,0,0,0,0,1,1,1,1,1,0,0,0,0,1,0,0,1,1,5155.0,0C,1,1,0,1,1,0,1,0,0,121.81,362.94,,,,,,,,,,,,,,,,,,,,,,,,,,,,,,,,,,,,,,,,,,,,,,,,,,,,,,,,,,
1284,,,566,591,,14.10,70.50,1438,11.3,4.500,3.565,6.32,4.460,25.52,1.00,0.21,-0.88,0.21,0.918,1.02,-1.44,1.063,0.00,0.90,1.666,15.8,34.401,0.496,0.000,900,8.50,4.8,-0.61,-2.13,7.5,1,1,0,1,1,1,0,0,0,0,1,0,0,0,0,0,0,0,0,0,1,1,1,1,1,0,0,0,0,0,0,0,1,1,5155.0,0C,1,1,0,1,1,0,1,1,1,1,1,,,,,,,,,,,,,,,,,,,,,,,,,,,,,,,,,,,,,,,,,,,,,,,,,,,,,,,,,,
1285,,,566,990,,14.10,70.50,1518,11.3,12.000,3.264,6.45,5.515,24.42,1.00,0.75,-0.88,0.33,0.906,1.02,-1.44,1.079,0.00,0.90,2.113,15.8,36.477,0.496,0.000,900,8.50,4.8,-0.61,-2.59,7.5,1,1,0,1,1,1,0,0,0,0,1,0,0,0,0,0,0,0,0,0,1,1,1,1,1,0,0,0,0,0,0,0,1,1,5155.0,0C,1,1,0,1,1,0,1,0,0,150.94,430.25,,,,,,,,,,,,,,,,,,,,,,,,,,,,,,,,,,,,,,,,,,,,,,,,,,,,,,,,,,
1286,,,567,401,,14.10,70.50,1486,10.0,14.250,3.270,5.76,4.546,24.33,1.00,0.22,-0.88,0.21,0.932,1.02,-1.44,1.084,0.00,0.90,2.113,15.8,36.828,0.496,0.000,900,8.50,4.8,-0.61,-2.59,7.5,1,1,0,1,1,1,0,0,0,0,1,0,0,0,0,0,0,0,0,0,1,1,1,1,1,0,0,0,0,0,0,0,1,1,5155.0,0C,1,1,0,1,1,0,1,0,0,146.69,419.81,,,,,,,,,,,,,,,,,,,,,,,,,,,,,,,,,,,,,,,,,,,,,,,,,,,,,,,,,,
1287,,,567,800,,14.10,70.50,1438,11.3,15.750,3.174,5.27,4.295,23.02,1.00,0.41,-0.88,0.75,0.956,1.02,-1.44,1.075,0.00,0.90,1.843,15.8,34.752,0.496,0.000,900,8.50,4.8,-0.61,-2.27,7.5,1,1,0,1,1,1,0,0,0,0,1,0,0,0,0,0,0,0,0,0,1,1,1,1,1,0,0,0,0,0,0,0,1,1,5155.0,0C,1,1,0,1,1,0,1,0,0,137.81,400.88,,,,,,,,,,,,,,,,,,,,,,,,,,,,,,,,,,,,,,,,,,,,,,,,,,,,,,,,,,
1288,,,568,196,,14.00,70.50,1473,11.3,12.750,3.386,6.37,4.218,24.47,1.00,0.82,-0.88,0.44,0.911,1.02,-1.44,1.063,0.00,0.90,1.843,15.8,34.752,0.496,0.000,900,8.50,4.8,-0.61,-2.27,7.5,1,1,0,1,1,1,0,0,0,0,1,0,0,0,0,0,0,0,0,0,1,1,1,1,1,0,0,0,0,0,0,0,1,1,5155.0,0C,1,1,0,1,1,0,1,0,0,151.81,432.88,,,,,,,,,,,,,,,,,,,,,,,,,,,,,,,,,,,,,,,,,,,,,,,,,,,,,,,,,,
1289,,,568,590,,14.10,70.50,1561,11.3,15.750,3.226,6.45,6.007,23.67,1.00,0.22,-0.88,0.20,0.937,1.02,-1.44,1.088,0.00,0.90,1.843,15.8,37.514,0.496,0.000,900,8.50,4.8,-0.61,-2.59,7.5,1,1,0,1,1,1,0,0,0,0,1,0,0,0,0,0,0,0,0,0,1,1,1,1,1,0,0,0,0,0,0,0,1,1,5155.0,0C,1,1,0,1,1,0,1,0,0,145.38,416.63,,,,,,,,,,,,,,,,,,,,,,,,,,,,,,,,,,,,,,,,,,,,,,,,,,,,,,,,,,
1290,,,568,987,,14.10,70.50,1525,11.3,12.000,3.360,6.20,6.007,24.89,1.00,0.75,-0.88,0.76,0.934,1.02,-1.44,1.088,0.00,0.90,2.223,15.8,37.514,0.496,0.000,900,8.50,4.8,-0.61,-2.59,7.5,1,1,0,1,1,1,0,0,0,0,1,0,0,0,0,0,0,0,0,0,1,1,1,1,1,0,0,0,0,0,0,0,1,1,5155.0,0C,1,1,0,1,1,0,1,0,0,150.50,427.81,,,,,,,,,,,,,,,,,,,,,,,,,,,,,,,,,,,,,,,,,,,,,,,,,,,,,,,,,,
1291,,,569,390,,14.10,70.50,1566,11.3,11.250,3.373,6.49,6.007,25.22,1.00,0.81,-0.88,0.45,0.907,1.02,-1.44,1.088,0.00,0.90,2.223,15.8,37.514,0.496,0.000,900,8.50,4.8,-0.61,-2.59,7.5,1,1,0,1,1,1,0,0,0,0,1,0,0,0,0,0,0,0,0,0,1,1,1,1,1,0,0,0,0,0,0,0,1,1,5155.0,0C,1,1,0,1,1,0,1,0,0,154.25,435.94,,,,,,,,,,,,,,,,,,,,,,,,,,,,,,,,,,,,,,,,,,,,,,,,,,,,,,,,,,
1292,,,569,776,,14.10,70.50,1600,11.3,11.250,3.354,6.49,6.007,24.91,1.00,0.23,-0.88,0.21,0.918,1.02,-1.44,1.090,0.00,0.90,2.152,15.8,37.858,0.496,0.000,900,8.50,4.8,-0.61,-2.59,7.5,1,1,0,1,1,1,0,0,0,0,1,0,0,0,0,0,0,0,0,0,1,1,1,1,1,0,0,0,0,0,0,0,1,1,5155.0,0C,1,1,0,1,1,0,1,0,0,151.31,430.25,,,,,,,,,,,,,,,,,,,,,,,,,,,,,,,,,,,,,,,,,,,,,,,,,,,,,,,,,,
1293,,,570,167,,14.10,70.50,1625,12.5,14.250,3.341,6.62,6.328,24.23,1.00,0.26,-0.88,0.22,0.945,1.02,-1.44,1.092,0.00,0.90,2.152,15.8,38.552,0.496,0.000,900,8.49,4.8,-0.61,-2.59,7.5,1,1,0,1,1,1,0,0,0,0,1,0,0,0,0,0,0,0,0,0,1,1,1,1,1,0,0,0,0,0,0,0,1,1,5155.0,0C,1,1,0,1,1,0,1,0,0,147.25,422.38,,,,,,,,,,,,,,,,,,,,,,,,,,,,,,,,,,,,,,,,,,,,,,,,,,,,,,,,,,
1294,,,570,558,,14.10,70.50,1654,12.5,14.250,3.552,6.98,6.328,24.89,1.00,0.24,-0.88,0.22,0.973,1.02,-1.44,1.094,0.00,0.90,2.152,15.8,39.246,0.496,0.000,900,8.47,4.8,-0.60,-2.58,7.5,1,1,0,1,1,1,0,0,0,0,1,0,0,0,0,0,0,0,0,0,1,1,1,1,1,0,0,0,0,0,0,0,1,1,5155.0,0C,1,1,0,1,1,0,1,0,0,152.00,433.88,,,,,,,,,,,,,,,,,,,,,,,,,,,,,,,,,,,,,,,,,,,,,,,,,,,,,,,,,,
1295,,,570,945,,14.10,70.50,1737,12.5,17.250,3.155,7.10,5.031,22.99,1.00,0.80,-0.88,0.80,0.953,1.02,-1.44,1.103,0.00,0.90,2.483,15.8,39.933,0.496,0.000,900,8.37,4.8,-0.60,-2.56,7.5,1,1,0,1,1,1,0,0,0,0,1,0,0,0,0,0,0,0,0,0,1,1,1,1,1,0,0,0,0,0,0,0,1,1,5155.0,0C,1,1,0,1,1,0,1,0,0,142.38,415.56,,,,,,,,,,,,,,,,,,,,,,,,,,,,,,,,,,,,,,,,,,,,,,,,,,,,,,,,,,
1296,,,571,340,,14.10,70.50,1755,12.5,15.750,3.226,7.30,4.546,22.85,1.00,0.22,-0.88,0.25,0.988,1.02,-1.44,1.108,0.00,0.90,2.483,15.8,40.627,0.496,0.000,900,8.35,4.8,-0.60,-2.55,7.5,1,1,0,1,1,1,0,0,0,0,1,0,0,0,0,0,0,0,0,0,1,1,1,1,1,0,0,0,0,0,0,0,1,1,5155.0,0C,1,1,0,1,1,0,1,0,0,137.44,407.81,,,,,,,,,,,,,,,,,,,,,,,,,,,,,,,,,,,,,,,,,,,,,,,,,,,,,,,,,,
1297,,,571,728,,14.10,70.50,1755,12.5,12.750,3.373,7.52,4.546,23.09,1.00,0.20,-0.88,0.20,1.016,1.02,-1.44,1.106,0.00,0.90,2.483,15.8,39.590,0.496,0.000,900,8.37,4.8,-0.60,-2.56,7.5,1,1,0,1,1,1,0,0,0,0,1,0,0,0,0,0,0,0,0,0,1,1,1,1,1,0,0,0,0,0,0,0,1,1,5155.0,0C,1,1,0,1,1,0,1,0,0,141.31,410.88,,,,,,,,,,,,,,,,,,,,,,,,,,,,,,,,,,,,,,,,,,,,,,,,,,,,,,,,,,
1298,,,572,109,,14.10,70.50,1795,13.8,15.750,3.424,7.59,3.484,23.04,1.00,0.73,-0.88,0.75,1.016,1.02,-1.44,1.105,0.00,0.90,2.640,15.8,39.246,0.496,0.000,900,8.36,4.8,-0.60,-2.55,7.5,1,1,0,1,1,1,0,0,0,0,1,0,0,0,0,0,0,0,0,0,1,1,1,1,1,0,0,0,0,0,0,0,1,1,5155.0,0C,1,1,0,1,1,0,1,0,0,136.56,404.00,,,,,,,,,,,,,,,,,,,,,,,,,,,,,,,,,,,,,,,,,,,,,,,,,,,,,,,,,,
1299,,,572,498,,14.10,70.50,1895,13.8,24.750,3.187,7.10,1.295,21.42,1.00,0.81,-0.88,0.82,1.017,1.02,-1.44,1.112,0.00,0.90,2.640,15.8,37.858,0.496,0.000,900,8.28,4.8,-0.59,-3.73,7.5,1,1,0,1,1,1,0,0,0,0,1,0,0,0,0,0,0,0,1,0,1,1,1,1,1,0,0,0,0,1,0,0,1,1,5155.0,0C,1,1,0,1,1,0,1,0,0,128.19,381.69,,,,,,,,,,,,,,,,,,,,,,,,,,,,,,,,,,,,,,,,,,,,,,,,,,,,,,,,,,
1300,,,572,873,,14.10,70.50,1885,13.8,17.250,3.040,6.54,5.765,20.46,1.00,0.29,-0.88,0.21,1.022,1.02,-1.44,1.117,0.00,0.90,2.199,15.8,36.477,0.496,0.000,900,8.26,4.8,-0.59,-2.52,7.5,1,1,0,1,1,1,0,0,0,0,1,0,0,0,0,0,0,0,0,0,1,1,1,1,1,0,0,0,0,1,0,0,1,1,5155.0,0C,1,1,0,1,1,0,1,1,1,1,1,,,,,,,,,,,,,,,,,,,,,,,,,,,,,,,,,,,,,,,,,,,,,,,,,,,,,,,,,,
1301,,,573,278,,14.10,71.25,1869,13.8,18.750,2.880,6.74,0.000,19.64,1.00,0.93,-0.88,0.91,0.995,1.02,-1.44,1.106,0.00,0.90,2.199,15.8,36.477,0.496,0.000,900,8.30,4.8,-0.59,-3.63,7.5,1,1,0,1,1,1,0,0,0,0,1,0,0,0,0,0,0,0,1,0,1,1,1,1,1,0,0,0,0,1,0,0,1,1,5155.0,0C,1,1,0,1,1,0,1,0,0,119.81,360.31,,,,,,,,,,,,,,,,,,,,,,,,,,,,,,,,,,,,,,,,,,,,,,,,,,,,,,,,,,
1302,,,573,661,,14.10,71.25,1997,13.8,26.250,3.462,7.52,0.078,23.32,1.44,1.24,-1.43,1.06,0.007,0.05,-0.07,0.826,0.01,0.75,0.194,-40.5,45.704,0.766,48.750,2500,-37.27,1766.7,1.16,-43.38,109.5,0,1,0,0,0,1,0,1,1,1,1,1,0,1,1,0,0,1,0,0,0,0,0,0,0,0,0,0,0,1,0,0,0,0,8451.8,66,0,1,0,1,0,1,1,1,1,1,1,,,,,,,,,,,,,,,,,,,,,,,,,,,,,,,,,,,,,,,,,,,,,,,,,,,,,,,,,,
1303,,,574,047,,14.10,71.25,1906,13.8,21.750,2.957,6.54,0.000,20.86,1.00,0.93,-0.88,0.89,0.973,1.02,-1.44,1.117,0.00,0.90,3.016,15.8,37.858,0.496,0.000,900,8.25,4.8,-0.59,-3.78,7.5,1,1,0,1,1,1,0,0,0,0,1,0,0,0,0,0,0,0,1,0,1,1,1,1,1,0,0,0,0,1,0,0,1,1,5155.0,0C,1,1,0,1,1,0,1,0,0,128.38,345.38,,,,,,,,,,,,,,,,,,,,,,,,,,,,,,,,,,,,,,,,,,,,,,,,,,,,,,,,,,
1304,,,574,438,,14.10,71.25,1972,13.8,21.000,2.579,5.76,0.000,18.94,1.00,0.94,-0.88,0.90,0.942,1.02,-1.44,1.108,0.00,0.90,3.016,15.8,35.439,0.496,0.000,900,8.21,4.8,-0.59,-3.91,7.5,1,1,0,1,1,1,0,0,0,0,1,0,0,0,0,0,0,0,1,0,1,1,1,1,1,0,0,0,0,1,0,0,1,1,5155.0,0C,1,1,0,1,1,0,1,0,0,108.00,309.38,,,,,,,,,,,,,,,,,,,,,,,,,,,,,,,,,,,,,,,,,,,,,,,,,,,,,,,,,,
1305,,,574,838,,14.10,71.25,1987,15.0,33.750,2.304,5.22,0.000,16.78,1.00,0.94,-0.88,0.85,0.917,1.02,-1.44,1.098,0.00,0.90,2.010,15.8,33.021,0.496,0.000,900,8.20,4.8,-0.59,-3.98,7.5,1,1,0,1,1,1,0,0,0,0,1,0,0,0,0,0,0,0,1,0,1,1,1,1,1,0,0,0,0,1,0,0,1,1,5155.0,0C,1,1,0,1,1,0,1,0,0,99.00,286.63,,,,,,,,,,,,,,,,,,,,,,,,,,,,,,,,,,,,,,,,,,,,,,,,,,,,,,,,,,
1306,,,575,241,,14.10,71.25,1958,13.8,34.500,2.144,4.86,0.000,15.54,1.00,0.93,-0.88,0.86,0.892,1.02,-1.44,1.099,0.00,0.90,2.010,15.8,30.602,0.496,0.000,900,8.22,4.8,-0.59,-3.90,7.5,1,1,0,1,1,1,0,0,0,0,1,0,0,0,0,0,0,0,1,0,1,1,1,1,1,0,0,0,0,1,0,0,1,1,5155.0,0C,1,1,0,1,1,0,1,0,0,92.06,272.94,,,,,,,,,,,,,,,,,,,,,,,,,,,,,,,,,,,,,,,,,,,,,,,,,,,,,,,,,,
1307,,,575,628,,14.10,71.25,1900,13.8,36.000,1.882,4.49,0.804,13.52,1.00,0.81,-0.88,0.33,0.870,1.02,-1.44,1.108,0.00,0.90,2.010,15.8,27.489,0.496,0.000,900,8.26,4.8,-0.59,-3.74,7.5,1,1,0,1,1,1,0,0,0,0,1,0,0,0,0,0,0,0,1,0,1,1,1,1,1,0,0,0,0,1,0,0,1,1,5155.0,0C,1,1,0,1,1,0,1,0,0,79.50,259.06,,,,,,,,,,,,,,,,,,,,,,,,,,,,,,,,,,,,,,,,,,,,,,,,,,,,,,,,,,
1308,,,576,007,,14.10,70.50,1767,13.8,19.500,1.779,4.00,4.866,11.84,1.00,0.17,-0.88,0.16,0.904,1.02,-1.44,1.116,0.00,0.90,1.099,15.8,25.422,0.496,0.000,900,8.37,4.8,-0.60,-2.55,7.5,1,1,0,1,1,1,0,0,0,0,1,0,0,0,0,0,0,0,0,0,1,1,1,1,1,0,0,0,0,1,0,0,1,1,5155.0,0C,1,1,0,1,1,0,1,0,0,72.75,256.38,,,,,,,,,,,,,,,,,,,,,,,,,,,,,,,,,,,,,,,,,,,,,,,,,,,,,,,,,,
1309,,,576,408,,14.10,71.25,1673,12.5,12.000,2.355,5.03,4.703,15.40,1.00,0.17,-0.88,0.16,0.924,1.02,-1.44,1.091,0.00,0.90,1.099,15.8,29.915,0.496,0.000,900,8.46,4.8,-0.60,-2.58,7.5,1,1,0,1,1,1,0,0,0,0,1,0,0,0,0,0,0,0,0,0,1,1,1,1,1,0,0,0,0,0,0,0,1,1,5155.0,0C,1,1,0,1,1,0,1,0,0,96.81,309.13,,,,,,,,,,,,,,,,,,,,,,,,,,,,,,,,,,,,,,,,,,,,,,,,,,,,,,,,,,
1310,,,576,799,,14.10,71.25,1725,12.5,32.250,2.957,7.23,4.382,19.95,1.00,0.21,-0.88,0.20,0.945,1.02,-1.44,1.101,0.00,0.90,1.862,15.8,37.514,0.496,0.000,900,8.39,4.8,-0.60,-2.56,7.5,1,1,0,1,1,1,0,0,0,0,1,0,0,0,0,0,0,0,0,0,1,1,1,1,1,0,0,0,0,0,0,0,1,1,5155.0,0C,1,1,0,1,1,0,1,0,0,127.56,382.75,,,,,,,,,,,,,,,,,,,,,,,,,,,,,,,,,,,,,,,,,,,,,,,,,,,,,,,,,,
1311,,,577,208,,14.10,71.25,1747,12.5,33.000,2.848,6.45,1.781,20.23,1.00,0.24,-0.88,0.40,0.972,1.02,-1.44,1.107,0.00,0.90,1.862,15.8,36.477,0.496,0.000,900,8.36,4.8,-0.60,-2.55,7.5,1,1,0,1,1,1,0,0,0,0,1,0,0,0,0,0,0,0,0,0,1,1,1,1,1,0,0,0,0,0,0,0,1,1,5155.0,0C,1,1,0,1,1,0,1,0,0,122.56,371.31,,,,,,,,,,,,,,,,,,,,,,,,,,,,,,,,,,,,,,,,,,,,,,,,,,,,,,,,,,
1312,,,577,589,,14.10,71.25,1770,12.5,33.000,2.662,5.88,0.000,18.75,1.00,0.19,-0.88,0.18,0.967,1.02,-1.44,1.099,0.00,0.90,1.862,15.8,34.058,0.496,0.000,900,8.36,4.8,-0.60,-3.45,7.5,1,1,0,1,1,1,0,0,0,0,1,0,0,0,0,0,0,0,1,0,1,1,1,1,1,0,0,0,0,1,0,0,1,1,5155.0,0C,1,1,0,1,1,0,1,0,0,114.38,346.69,,,,,,,,,,,,,,,,,,,,,,,,,,,,,,,,,,,,,,,,,,,,,,,,,,,,,,,,,,
1313,,,577,990,,14.10,70.50,1810,13.8,19.500,2.547,5.35,0.000,16.85,1.00,0.21,-0.88,0.20,0.990,1.02,-1.44,1.089,0.00,0.90,2.113,15.8,31.296,0.496,0.000,900,8.35,4.8,-0.60,-3.49,7.5,1,1,0,1,1,1,0,0,0,0,1,0,0,0,0,0,0,0,1,0,1,1,1,1,1,0,0,0,0,1,0,0,1,1,5155.0,0C,1,1,0,1,1,0,1,0,0,101.75,325.19,,,,,,,,,,,,,,,,,,,,,,,,,,,,,,,,,,,,,,,,,,,,,,,,,,,,,,,,,,
1314,,,578,395,,14.10,71.25,1820,12.5,34.500,2.349,5.22,0.000,15.19,1.00,0.21,-0.88,0.19,1.012,1.02,-1.44,1.096,0.00,0.90,2.113,15.8,30.259,0.496,0.000,900,8.31,4.8,-0.59,-3.59,7.5,1,1,0,1,1,1,0,0,0,0,1,0,0,0,0,0,0,0,1,0,1,1,1,1,1,0,0,0,0,1,0,0,1,1,5155.0,0C,1,1,0,1,1,0,1,0,0,93.75,296.44,,,,,,,,,,,,,,,,,,,,,,,,,,,,,,,,,,,,,,,,,,,,,,,,,,,,,,,,,,
1315,,,578,789,,14.10,70.50,1777,13.8,12.750,2.387,4.98,0.000,14.58,1.00,0.66,-0.88,0.73,1.033,1.02,-1.44,1.099,0.00,0.90,1.447,15.8,26.802,0.496,0.000,900,8.39,4.8,-0.60,-3.36,7.5,1,1,0,1,1,1,0,0,0,0,1,0,0,0,0,0,0,0,1,0,1,1,1,1,1,0,0,0,0,1,0,0,1,1,5155.0,0C,1,1,0,1,1,0,1,0,0,90.31,297.19,,,,,,,,,,,,,,,,,,,,,,,,,,,,,,,,,,,,,,,,,,,,,,,,,,,,,,,,,,
1316,,,579,188,,14.10,70.50,1813,12.5,35.250,2.118,4.54,0.000,13.66,1.00,0.84,-0.88,0.82,0.988,1.02,-1.44,1.106,0.00,0.90,1.447,15.8,26.108,0.496,0.000,900,8.32,4.8,-0.60,-3.59,7.5,1,1,0,1,1,1,0,0,0,0,1,0,0,0,0,0,0,0,1,0,1,1,1,1,1,0,0,0,0,1,0,0,1,1,5155.0,0C,1,1,0,1,1,0,1,0,0,81.38,272.69,,,,,,,,,,,,,,,,,,,,,,,,,,,,,,,,,,,,,,,,,,,,,,,,,,,,,,,,,,
1317,,,579,578,,14.10,71.25,1646,12.5,21.750,2.214,3.88,0.804,13.43,1.00,0.23,-0.88,0.21,1.000,1.02,-1.44,1.105,0.00,0.90,1.447,15.8,23.003,0.496,0.000,900,8.50,4.8,-0.61,-2.94,7.5,1,1,0,1,1,1,0,0,0,0,1,0,0,0,0,0,0,0,1,0,1,1,1,1,1,0,0,0,0,1,0,0,1,1,5155.0,0C,1,1,0,1,1,0,1,0,0,82.69,277.31,,,,,,,,,,,,,,,,,,,,,,,,,,,,,,,,,,,,,,,,,,,,,,,,,,,,,,,,,,
1318,,,579,970,,14.10,70.50,1692,11.3,36.000,1.990,3.76,2.515,12.23,1.00,0.89,-0.88,0.87,0.978,1.02,-1.44,1.114,0.00,0.90,1.370,16.5,25.071,0.496,0.000,900,8.43,4.8,-0.60,-2.57,7.5,1,1,0,1,1,1,0,0,0,0,1,0,0,0,0,0,0,0,0,0,1,1,1,1,1,0,0,0,0,1,0,0,1,1,5155.0,0C,1,1,0,1,1,0,1,0,0,75.81,262.88,,,,,,,,,,,,,,,,,,,,,,,,,,,,,,,,,,,,,,,,,,,,,,,,,,,,,,,,,,
1319,,,580,369,,14.10,70.50,1500,11.3,11.250,2.285,3.93,5.359,14.74,1.00,0.95,-0.88,0.87,0.961,1.02,-1.44,1.093,0.00,0.90,1.370,16.5,25.071,0.496,0.000,900,8.51,4.8,-0.61,-2.50,7.5,1,1,0,1,1,1,0,0,0,0,1,0,0,0,0,0,0,0,0,0,1,1,1,1,1,0,0,0,0,1,0,0,1,1,5155.0,0C,1,1,0,1,1,0,1,0,0,89.75,290.81,,,,,,,,,,,,,,,,,,,,,,,,,,,,,,,,,,,,,,,,,,,,,,,,,,,,,,,,,,
1320,,,580,769,,14.10,70.50,1537,11.3,24.750,2.957,5.27,4.054,19.59,1.00,0.96,-0.88,0.91,0.941,1.02,-1.44,1.081,0.00,0.90,1.666,16.5,32.334,0.496,0.000,900,8.51,4.8,-0.61,-2.60,7.5,1,1,0,1,1,1,0,0,0,0,1,0,0,0,0,0,0,0,0,0,1,1,1,1,1,0,0,0,0,0,0,0,1,1,5155.0,0C,1,1,0,1,1,0,1,0,0,117.63,353.13,,,,,,,,,,,,,,,,,,,,,,,,,,,,,,,,,,,,,,,,,,,,,,,,,,,,,,,,,,
1321,,,581,158,,14.10,70.50,1521,11.3,15.750,3.373,6.79,3.734,23.74,1.00,0.95,-0.88,0.87,0.919,1.02,-1.44,1.084,0.00,0.90,1.666,16.5,36.477,0.496,0.000,900,8.51,4.8,-0.61,-2.60,7.5,1,1,0,1,1,1,0,0,0,0,1,0,0,0,0,0,0,0,0,0,1,1,1,1,1,0,0,0,0,0,0,0,1,1,5155.0,0C,1,1,0,1,1,0,1,0,0,146.50,419.00,,,,,,,,,,,,,,,,,,,,,,,,,,,,,,,,,,,,,,,,,,,,,,,,,,,,,,,,,,
1322,,,581,537,,14.10,70.50,1489,11.3,9.750,3.238,5.76,2.757,24.19,1.00,0.89,-0.88,0.79,0.900,1.02,-1.44,1.079,0.00,0.90,1.666,16.5,34.058,0.496,0.000,900,8.51,4.8,-0.61,-2.50,7.5,1,1,0,1,1,1,0,0,0,0,1,0,0,0,0,0,0,0,0,0,1,1,1,1,1,0,0,0,0,0,0,0,1,1,5155.0,0C,1,1,0,1,1,0,1,0,0,143.19,412.25,,,,,,,,,,,,,,,,,,,,,,,,,,,,,,,,,,,,,,,,,,,,,,,,,,,,,,,,,,
1323,,,581,927,,14.10,70.50,1532,11.3,14.250,2.848,5.27,1.295,21.56,1.00,0.80,-0.88,0.21,0.876,1.02,-1.44,1.082,0.00,0.90,1.851,16.5,33.021,0.496,0.000,900,8.51,4.8,-0.61,-2.60,7.5,1,1,0,1,1,1,0,0,0,0,1,0,0,0,0,0,0,0,0,0,1,1,1,1,1,0,0,0,0,1,0,0,1,1,5155.0,0C,1,1,0,1,1,0,1,0,0,129.94,381.81,,,,,,,,,,,,,,,,,,,,,,,,,,,,,,,,,,,,,,,,,,,,,,,,,,,,,,,,,,
1324,,,582,318,,14.10,70.50,1482,11.3,10.500,2.867,5.15,0.804,20.84,1.00,0.22,-0.88,0.21,0.914,1.02,-1.44,1.078,0.00,0.90,1.851,16.5,30.602,0.496,0.000,900,8.51,4.8,-0.61,-2.52,7.5,1,1,0,1,1,1,0,0,0,0,1,0,0,0,0,0,0,0,1,0,1,1,1,1,1,0,0,0,0,1,0,0,1,1,5155.0,0C,1,1,0,1,1,0,1,0,0,126.31,373.63,,,,,,,,,,,,,,,,,,,,,,,,,,,,,,,,,,,,,,,,,,,,,,,,,,,,,,,,,,
1325,,,582,711,,14.10,70.50,1491,11.3,9.000,2.778,4.98,0.726,20.02,1.00,0.73,-0.88,0.72,0.908,1.02,-1.44,1.078,0.00,0.90,1.851,16.5,29.221,0.496,0.000,900,8.51,4.8,-0.61,-2.55,7.5,1,1,0,1,1,1,0,0,0,0,1,0,0,0,0,0,0,0,1,0,1,1,1,1,1,0,0,0,0,1,0,0,1,1,5155.0,0C,1,1,0,1,1,0,1,0,0,121.56,362.38,,,,,,,,,,,,,,,,,,,,,,,,,,,,,,,,,,,,,,,,,,,,,,,,,,,,,,,,,,
1326,,,583,095,,14.10,70.50,1483,10.0,15.000,2.720,5.10,0.000,19.90,1.00,0.84,-0.88,0.75,0.888,1.02,-1.44,1.078,0.00,0.90,1.585,16.5,30.602,0.496,0.000,900,8.51,4.8,-0.61,-2.52,7.5,1,1,0,1,1,1,0,0,0,0,1,0,0,0,0,0,0,0,1,0,1,1,1,1,1,0,0,0,0,1,0,0,1,1,5155.0,0C,1,1,0,1,1,0,1,0,0,121.56,363.06,,,,,,,,,,,,,,,,,,,,,,,,,,,,,,,,,,,,,,,,,,,,,,,,,,,,,,,,,,
1327,,,583,511,,14.10,70.50,1347,10.0,3.000,2.925,4.79,2.351,20.74,1.00,0.22,-0.88,0.20,0.912,1.02,-1.44,1.055,0.00,0.90,1.585,16.5,27.146,0.496,0.000,900,8.51,4.8,-0.61,-1.70,7.5,1,1,0,1,1,1,0,0,0,0,1,0,0,0,0,0,0,0,0,0,1,1,1,1,1,0,0,0,0,1,0,0,1,1,5155.0,0C,1,1,0,1,1,0,1,0,0,127.25,384.31,,,,,,,,,,,,,,,,,,,,,,,,,,,,,,,,,,,,,,,,,,,,,,,,,,,,,,,,,,
1328,,,583,901,,14.10,70.50,1400,10.0,18.000,2.822,5.22,3.812,20.48,1.00,0.23,-0.88,0.23,0.933,1.02,-1.44,1.048,0.00,0.90,1.585,16.5,30.602,0.496,0.000,900,8.51,4.8,-0.61,-2.01,7.5,1,1,0,1,1,1,0,0,0,0,1,0,0,0,0,0,0,0,0,0,1,1,1,1,1,0,0,0,0,1,0,0,1,1,5155.0,0C,1,1,0,1,1,0,1,0,0,120.56,393.06,,,,,,,,,,,,,,,,,,,,,,,,,,,,,,,,,,,,,,,,,,,,,,,,,,,,,,,,,,
1329,,,584,298,,14.00,70.50,1331,10.0,9.000,3.418,5.03,6.163,23.53,1.00,0.20,-0.88,0.18,0.952,1.02,-1.44,1.065,0.00,0.90,1.585,16.5,32.334,0.496,0.000,900,8.51,4.8,-0.61,0.00,7.5,1,1,0,1,1,1,0,0,0,0,1,0,0,0,0,0,0,0,0,0,1,1,1,1,1,0,0,0,0,1,0,0,1,1,5155.0,0C,1,1,0,1,1,0,1,0,0,140.50,407.00,,,,,,,,,,,,,,,,,,,,,,,,,,,,,,,,,,,,,,,,,,,,,,,,,,,,,,,,,,
1330,,,584,678,,14.00,70.50,1329,10.0,0.750,3.744,5.52,3.734,26.39,1.00,0.83,-0.88,0.82,0.932,1.02,-1.44,1.045,0.00,0.90,1.585,16.5,33.021,0.496,0.000,900,8.51,4.8,-0.61,0.00,7.5,1,1,0,1,1,1,0,0,0,0,1,0,0,0,0,0,0,0,0,0,1,1,1,1,1,0,0,0,0,0,0,0,1,1,5155.0,0C,1,1,0,1,1,0,1,0,0,157.56,475.31,,,,,,,,,,,,,,,,,,,,,,,,,,,,,,,,,,,,,,,,,,,,,,,,,,,,,,,,,,
1331,,,585,077,,14.10,70.50,1414,10.0,11.250,3.373,5.59,3.734,24.70,1.00,0.85,-0.88,0.83,0.956,1.02,-1.44,1.074,0.00,0.90,1.987,16.5,35.790,0.496,0.000,900,8.51,4.8,-0.61,0.00,7.5,1,1,0,1,1,1,0,0,0,0,1,0,0,0,0,0,0,0,0,0,1,1,1,1,1,0,0,0,0,0,0,0,1,1,5155.0,0C,1,1,0,1,1,0,1,0,0,149.81,427.50,,,,,,,,,,,,,,,,,,,,,,,,,,,,,,,,,,,,,,,,,,,,,,,,,,,,,,,,,,
1332,,,585,457,,14.10,70.50,1338,10.0,11.250,3.264,5.22,3.078,24.12,1.00,0.84,-0.88,0.28,0.913,1.02,-1.44,1.053,0.00,0.90,1.987,16.5,31.983,0.496,0.000,900,8.51,4.8,-0.61,0.00,7.5,1,1,0,1,1,1,0,0,0,0,1,0,0,0,0,0,0,0,0,0,1,1,1,1,1,0,0,0,0,0,0,0,1,1,5155.0,0C,1,1,0,1,1,0,1,0,0,146.88,435.06,,,,,,,,,,,,,,,,,,,,,,,,,,,,,,,,,,,,,,,,,,,,,,,,,,,,,,,,,,
1333,,,585,840,,14.10,70.50,1430,10.0,16.500,3.130,5.27,3.406,22.99,1.00,0.25,-0.88,0.35,0.946,1.02,-1.44,1.079,0.00,0.90,1.843,16.5,35.439,0.496,0.000,900,8.51,4.8,-0.61,0.00,7.5,1,1,0,1,1,1,0,0,0,0,1,0,0,0,0,0,0,0,0,0,1,1,1,1,1,0,0,0,0,0,0,0,1,1,5155.0,0C,1,1,0,1,1,0,1,0,0,137.56,400.31,,,,,,,,,,,,,,,,,,,,,,,,,,,,,,,,,,,,,,,,,,,,,,,,,,,,,,,,,,
1334,,,586,228,,14.10,70.50,1392,10.0,12.000,3.232,5.52,2.272,23.84,1.00,0.78,-0.88,0.26,0.908,1.02,-1.44,1.067,0.00,0.90,1.843,16.5,33.021,0.496,0.000,900,8.51,4.8,-0.61,-2.06,7.5,1,1,0,1,1,1,0,0,0,0,1,0,0,0,0,0,0,0,0,0,1,1,1,1,1,0,0,0,0,0,0,0,1,1,5155.0,0C,1,1,0,1,1,0,1,0,0,143.31,413.06,,,,,,,,,,,,,,,,,,,,,,,,,,,,,,,,,,,,,,,,,,,,,,,,,,,,,,,,,,
1335,,,586,631,,14.10,70.50,1417,10.0,11.250,3.059,5.35,1.295,22.52,1.00,0.79,-0.88,0.77,0.913,1.02,-1.44,1.064,0.00,0.90,1.843,16.5,31.296,0.496,0.000,900,8.51,4.8,-0.61,-2.09,7.5,1,1,0,1,1,1,0,0,0,0,1,0,0,0,0,0,0,0,0,0,1,1,1,1,1,0,0,0,0,1,0,0,1,1,5155.0,0C,1,1,0,1,1,0,1,0,0,137.38,400.25,,,,,,,,,,,,,,,,,,,,,,,,,,,,,,,,,,,,,,,,,,,,,,,,,,,,,,,,,,
1336,,,587,009,,14.10,70.50,1439,10.0,9.750,2.886,5.22,1.616,21.52,1.00,0.82,-0.88,0.60,0.892,1.02,-1.44,1.067,0.00,0.90,1.675,16.5,30.259,0.496,0.000,900,8.51,4.8,-0.61,-2.28,7.5,1,1,0,1,1,1,0,0,0,0,1,0,0,0,0,0,0,0,0,0,1,1,1,1,1,0,0,0,0,1,0,0,1,1,5155.0,0C,1,1,0,1,1,0,1,0,0,130.69,385.75,,,,,,,,,,,,,,,,,,,,,,,,,,,,,,,,,,,,,,,,,,,,,,,,,,,,,,,,,,
1337,,,587,399,,14.10,70.50,1395,10.0,14.250,3.027,5.27,3.078,21.91,1.00,0.21,-0.88,0.20,0.921,1.02,-1.44,1.066,0.00,0.90,1.675,16.5,31.983,0.496,0.000,900,8.51,4.8,-0.61,-2.05,7.5,1,1,0,1,1,1,0,0,0,0,1,0,0,0,0,0,0,0,0,0,1,1,1,1,1,0,0,0,0,1,0,0,1,1,5155.0,0C,1,1,0,1,1,0,1,0,0,133.44,390.75,,,,,,,,,,,,,,,,,,,,,,,,,,,,,,,,,,,,,,,,,,,,,,,,,,,,,,,,,,
1338,,,587,770,,14.10,70.50,1414,10.0,17.250,3.334,6.13,3.078,23.37,1.00,0.26,-0.88,0.30,0.942,1.02,-1.44,1.061,0.00,0.90,1.675,16.5,33.371,0.496,0.000,900,8.51,4.8,-0.61,-2.05,7.5,1,1,0,1,1,1,0,0,0,0,1,0,0,0,0,0,0,0,0,0,1,1,1,1,1,0,0,0,0,0,0,0,1,1,5155.0,0C,1,1,0,1,1,0,1,1,1,1,1,,,,,,,,,,,,,,,,,,,,,,,,,,,,,,,,,,,,,,,,,,,,,,,,,,,,,,,,,,
1339,,,588,178,,14.10,70.50,1430,10.0,12.750,3.059,5.35,3.241,22.90,1.00,0.84,-0.88,0.83,0.904,1.02,-1.44,1.073,0.00,0.90,1.675,16.5,33.371,0.496,0.000,900,8.51,4.8,-0.61,-2.27,7.5,1,1,0,1,1,1,0,0,0,0,1,0,0,0,0,0,0,0,0,0,1,1,1,1,1,0,0,0,0,0,0,0,1,1,5155.0,0C,1,1,0,1,1,0,1,0,0,138.63,402.50,,,,,,,,,,,,,,,,,,,,,,,,,,,,,,,,,,,,,,,,,,,,,,,,,,,,,,,,,,
1340,,,588,557,,14.10,70.50,1454,10.0,17.250,2.976,5.47,3.241,21.80,1.00,0.24,-0.88,0.21,0.918,1.02,-1.44,1.069,0.00,0.90,1.675,16.5,33.371,0.496,0.000,900,8.51,4.8,-0.61,-2.33,7.5,1,1,0,1,1,1,0,0,0,0,1,0,0,0,0,0,0,0,0,0,1,1,1,1,1,0,0,0,0,0,0,0,1,1,5155.0,0C,1,1,0,1,1,0,1,0,0,133.25,390.63,,,,,,,,,,,,,,,,,,,,,,,,,,,,,,,,,,,,,,,,,,,,,,,,,,,,,,,,,,
1341,,,588,946,,14.10,70.50,1453,10.0,17.250,3.110,6.13,6.819,22.52,1.00,0.22,-0.88,0.21,0.934,1.02,-1.44,1.079,0.00,0.90,1.675,16.5,34.752,0.496,0.000,900,8.51,4.8,-0.61,-2.41,7.5,1,1,0,1,1,1,0,0,0,0,1,0,0,0,0,0,0,0,0,0,1,1,1,1,1,0,0,0,0,0,0,0,1,1,5155.0,0C,1,1,0,1,1,0,1,0,0,142.81,411.69,,,,,,,,,,,,,,,,,,,,,,,,,,,,,,,,,,,,,,,,,,,,,,,,,,,,,,,,,,
1342,,,589,339,,14.10,70.50,1462,11.3,10.500,3.398,5.83,3.406,24.14,1.00,0.48,-0.88,0.69,0.958,1.02,-1.44,1.077,0.00,0.90,1.675,16.5,34.401,0.496,0.000,900,8.51,4.8,-0.61,-2.40,7.5,1,1,0,1,1,1,0,0,0,0,1,0,0,0,0,0,0,0,0,0,1,1,1,1,1,0,0,0,0,0,0,0,1,1,5155.0,0C,1,1,0,1,1,0,1,0,0,145.88,418.13,,,,,,,,,,,,,,,,,,,,,,,,,,,,,,,,,,,,,,,,,,,,,,,,,,,,,,,,,,
1343,,,589,720,,14.10,70.50,1505,11.3,10.500,3.309,5.76,3.406,24.73,1.00,0.83,-0.88,0.73,0.911,1.02,-1.44,1.082,0.00,0.90,1.675,16.5,35.439,0.496,0.000,900,8.51,4.8,-0.61,-2.60,7.5,1,1,0,1,1,1,0,0,0,0,1,0,0,0,0,0,0,0,0,0,1,1,1,1,1,0,0,0,0,0,0,0,1,1,5155.0,0C,1,1,0,1,1,0,1,0,0,146.44,419.56,,,,,,,,,,,,,,,,,,,,,,,,,,,,,,,,,,,,,,,,,,,,,,,,,,,,,,,,,,
1344,,,590,117,,14.10,70.50,1517,11.3,12.000,3.302,5.88,4.054,24.09,1.00,0.22,-0.88,0.20,0.944,1.02,-1.44,1.083,0.00,0.90,2.038,16.5,35.439,0.496,0.000,900,8.51,4.8,-0.61,-2.60,7.5,1,1,0,1,1,1,0,0,0,0,1,0,0,0,0,0,0,0,0,0,1,1,1,1,1,0,0,0,0,0,0,0,1,1,5155.0,0C,1,1,0,1,1,0,1,0,0,147.44,421.75,,,,,,,,,,,,,,,,,,,,,,,,,,,,,,,,,,,,,,,,,,,,,,,,,,,,,,,,,,
1345,,,590,498,,14.10,71.25,1495,11.3,10.500,3.270,5.88,3.078,24.30,1.00,0.79,-0.88,0.81,0.924,1.02,-1.44,1.078,0.00,0.90,2.038,16.5,34.752,0.496,0.000,900,8.51,4.8,-0.61,-2.54,7.5,1,1,0,1,1,1,0,0,0,0,1,0,0,0,0,0,0,0,0,0,1,1,1,1,1,0,0,0,0,0,0,0,1,1,5155.0,0C,1,1,0,1,1,0,1,0,0,147.00,420.75,,,,,,,,,,,,,,,,,,,,,,,,,,,,,,,,,,,,,,,,,,,,,,,,,,,,,,,,,,
1346,,,590,881,,14.10,71.25,1470,11.3,0.750,3.130,5.71,1.944,23.32,1.00,0.63,-0.88,0.23,0.900,1.02,-1.44,1.069,0.00,0.90,2.038,16.5,32.334,0.496,0.000,900,8.51,4.8,-0.61,-2.34,7.5,1,1,0,1,1,1,0,0,0,0,1,0,0,0,0,0,0,0,0,0,1,1,1,1,1,0,0,0,0,1,0,0,1,1,5155.0,0C,1,1,0,1,1,0,1,0,0,142.44,411.63,,,,,,,,,,,,,,,,,,,,,,,,,,,,,,,,,,,,,,,,,,,,,,,,,,,,,,,,,,
1347,,,591,277,,14.10,71.25,1476,10.0,6.000,3.027,6.25,3.569,21.87,1.00,0.26,-0.88,0.44,0.944,1.02,-1.44,1.081,0.00,0.90,2.038,16.5,35.096,0.496,0.000,900,8.51,4.8,-0.61,-2.58,7.5,1,1,0,1,1,1,0,0,0,0,1,0,0,0,0,0,0,0,0,0,1,1,1,1,1,0,0,0,0,1,0,0,1,1,5155.0,0C,1,1,0,1,1,0,1,0,0,135.88,395.63,,,,,,,,,,,,,,,,,,,,,,,,,,,,,,,,,,,,,,,,,,,,,,,,,,,,,,,,,,
1348,,,591,676,,14.10,71.25,1428,11.3,10.500,3.232,5.76,0.000,23.70,1.00,0.78,-0.88,0.29,0.905,1.02,-1.44,1.063,0.00,0.90,2.038,16.5,31.983,0.496,0.000,900,8.51,4.8,-0.61,-2.05,7.5,1,1,0,1,1,1,0,0,0,0,1,0,0,0,0,0,0,0,1,0,1,1,1,1,1,0,0,0,0,1,0,0,1,1,5155.0,0C,1,1,0,1,1,0,1,0,0,145.06,420.31,,,,,,,,,,,,,,,,,,,,,,,,,,,,,,,,,,,,,,,,,,,,,,,,,,,,,,,,,,
1349,,,592,069,,14.10,71.25,1453,10.0,7.500,3.046,5.27,0.804,21.96,1.00,0.65,-0.88,0.67,0.941,1.02,-1.44,1.075,0.00,0.90,1.843,16.5,31.640,0.496,0.000,900,8.51,4.8,-0.61,-2.43,7.5,1,1,0,1,1,1,0,0,0,0,1,0,0,0,0,0,0,0,1,0,1,1,1,1,1,0,0,0,0,1,0,0,1,1,5155.0,0C,1,1,0,1,1,0,1,0,0,133.44,390.38,,,,,,,,,,,,,,,,,,,,,,,,,,,,,,,,,,,,,,,,,,,,,,,,,,,,,,,,,,
1350,,,592,478,,14.10,71.25,1365,10.0,5.250,2.797,5.22,0.647,21.12,1.00,0.81,-0.88,0.58,0.896,1.02,-1.44,1.047,0.00,0.90,1.843,16.5,27.840,0.496,0.000,900,8.51,4.8,-0.61,-1.72,7.5,1,1,0,1,1,1,0,0,0,0,1,0,0,0,0,0,0,0,1,0,1,1,1,1,1,0,0,0,0,1,0,0,1,1,5155.0,0C,1,1,0,1,1,0,1,0,0,128.88,402.44,,,,,,,,,,,,,,,,,,,,,,,,,,,,,,,,,,,,,,,,,,,,,,,,,,,,,,,,,,
1351,,,592,859,,14.10,71.25,1423,8.8,5.250,2.912,4.86,1.944,21.02,1.00,0.20,-0.88,0.21,0.932,1.02,-1.44,1.066,0.00,0.90,1.675,16.5,28.183,0.496,0.000,900,8.51,4.8,-0.61,-2.34,7.5,1,1,0,1,1,1,0,0,0,0,1,0,0,0,0,0,0,0,0,0,1,1,1,1,1,0,0,0,0,1,0,0,1,1,5155.0,0C,1,1,0,1,1,0,1,0,0,128.06,378.88,,,,,,,,,,,,,,,,,,,,,,,,,,,,,,,,,,,,,,,,,,,,,,,,,,,,,,,,,,
1352,,,593,245,,13.60,71.25,1236,10.0,9.000,2.656,3.88,0.804,19.24,1.00,0.80,-0.88,0.78,0.909,1.02,-1.44,1.053,0.00,0.90,0.194,-40.5,89.064,0.766,42.750,2550,-63.84,1766.7,1.16,-43.38,109.5,0,1,0,0,0,1,0,1,1,1,1,1,0,1,1,0,0,1,0,0,0,0,0,0,0,0,1,1,1,0,0,0,0,0,5849.3,C8,0,1,0,1,0,1,1,1,1,1,1,,,,,,,,,,,,,,,,,,,,,,,,,,,,,,,,,,,,,,,,,,,,,,,,,,,,,,,,,,
1353,,,593,628,,14.00,71.25,1227,8.8,2.250,2.522,3.93,1.538,17.98,1.00,0.19,-0.88,0.17,0.932,1.02,-1.44,1.059,0.00,0.90,1.675,16.5,23.003,0.496,0.000,900,8.51,4.8,-0.61,-0.29,7.5,1,1,0,1,1,1,0,0,0,0,1,0,0,0,0,0,0,0,0,0,1,1,1,1,1,0,0,0,0,1,0,0,1,1,5155.0,0C,1,1,0,1,1,0,1,0,0,111.25,385.50,,,,,,,,,,,,,,,,,,,,,,,,,,,,,,,,,,,,,,,,,,,,,,,,,,,,,,,,,,
1354,,,594,030,,14.10,71.25,1154,7.5,11.250,2.822,4.30,2.921,19.73,1.00,0.20,-0.88,0.19,0.947,1.02,-1.44,1.050,0.00,0.90,1.041,16.5,25.765,0.496,0.000,900,8.51,4.8,-0.61,0.00,7.5,1,1,0,1,1,1,0,0,0,0,1,0,0,0,0,0,0,0,0,0,1,1,1,1,1,0,0,0,0,0,0,0,1,1,5155.0,0C,1,1,0,1,1,0,1,0,0,119.81,403.88,,,,,,,,,,,,,,,,,,,,,,,,,,,,,,,,,,,,,,,,,,,,,,,,,,,,,,,,,,
1355,,,594,426,,14.00,71.25,1096,7.5,12.750,4.122,5.93,3.734,25.83,1.00,0.22,-0.88,0.20,0.965,1.02,-1.44,1.024,0.00,0.90,1.041,16.5,28.183,0.496,0.000,900,8.51,4.8,-0.61,0.00,7.5,1,1,0,1,1,1,0,0,0,0,1,0,0,0,0,0,0,0,0,0,1,1,1,1,1,0,0,0,0,0,0,0,1,1,5155.0,0C,1,1,0,1,1,0,1,0,0,162.19,499.06,,,,,,,,,,,,,,,,,,,,,,,,,,,,,,,,,,,,,,,,,,,,,,,,,,,,,,,,,,
1356,,,594,820,,14.10,71.25,1121,7.5,0.750,3.808,5.15,4.703,27.66,1.00,0.92,-0.88,0.92,0.941,1.02,-1.44,1.038,0.00,0.90,1.894,16.5,31.296,0.496,0.000,900,8.51,4.8,-0.61,0.00,7.5,1,1,0,1,1,1,0,0,0,0,1,0,0,0,0,0,0,0,0,0,1,1,1,1,1,0,0,0,0,0,0,0,1,1,5155.0,0C,1,1,0,1,1,0,1,0,0,165.63,506.44,,,,,,,,,,,,,,,,,,,,,,,,,,,,,,,,,,,,,,,,,,,,,,,,,,,,,,,,,,
1357,,,595,218,,14.00,71.25,1063,7.5,-2.250,4.090,5.15,5.437,28.36,1.00,0.94,-0.88,0.87,0.918,1.02,-1.44,1.032,0.00,0.90,1.894,16.5,29.221,0.496,0.000,900,8.51,4.8,-0.61,0.00,7.5,1,1,0,1,1,1,0,0,0,0,1,0,0,0,0,0,0,0,0,0,1,1,1,1,1,0,0,0,0,0,0,0,1,1,5155.0,0C,1,1,0,1,1,0,1,0,0,172.56,524.06,,,,,,,,,,,,,,,,,,,,,,,,,,,,,,,,,,,,,,,,,,,,,,,,,,,,,,,,,,
1358,,,595,600,,14.10,71.25,1128,7.5,9.000,3.514,5.10,4.218,26.44,1.00,0.95,-0.88,0.89,0.894,1.02,-1.44,1.032,0.00,0.90,1.894,16.5,30.602,0.496,0.000,900,8.51,4.8,-0.61,0.00,7.5,1,1,0,1,1,1,0,0,0,0,1,0,0,0,0,0,0,0,0,0,1,1,1,1,1,0,0,0,0,0,0,0,1,1,5155.0,0C,1,1,0,1,1,0,1,0,0,160.44,495.81,,,,,,,,,,,,,,,,,,,,,,,,,,,,,,,,,,,,,,,,,,,,,,,,,,,,,,,,,,
1359,,,595,998,,14.10,71.25,1101,7.5,7.500,3.584,4.98,4.382,27.09,1.00,0.27,-0.88,0.21,0.878,1.02,-1.44,1.034,0.00,0.90,1.565,16.5,30.602,0.496,0.000,900,8.51,4.8,-0.61,-0.99,7.5,1,1,0,1,1,1,0,0,0,0,1,0,0,0,0,0,0,0,0,0,1,1,1,1,1,0,0,0,0,0,0,0,1,1,5155.0,0C,1,1,0,1,1,0,1,0,0,163.13,501.63,,,,,,,,,,,,,,,,,,,,,,,,,,,,,,,,,,,,,,,,,,,,,,,,,,,,,,,,,,
1360,,,596,389,,14.00,71.25,1109,7.5,8.250,3.744,5.03,10.147,26.37,1.00,0.22,-0.88,0.20,0.924,1.02,-1.44,1.028,0.00,0.90,1.565,16.5,29.221,0.496,0.000,900,8.51,4.8,-0.61,-0.92,7.5,1,1,0,1,1,1,0,0,0,0,1,0,0,0,0,0,0,0,0,0,1,1,1,1,1,0,0,0,0,0,0,0,1,1,5155.0,0C,1,1,0,1,1,0,1,0,0,162.00,498.94,,,,,,,,,,,,,,,,,,,,,,,,,,,,,,,,,,,,,,,,,,,,,,,,,,,,,,,,,,
1361,,,596,781,,14.00,71.25,1141,8.8,12.000,3.571,1296.88,59.510,854.72,1.44,1.24,-1.31,0.71,0.007,0.05,1.88,0.591,0.01,0.75,0.194,-40.5,89.845,0.766,42.750,0,0.23,1766.7,1.16,-43.38,109.5,0,1,0,0,0,1,0,1,1,1,1,1,0,1,1,0,0,1,0,0,0,0,0,0,0,0,1,0,0,1,0,0,0,0,10629.0,DD,0,1,0,1,0,1,1,1,1,1,1,,,,,,,,,,,,,,,,,,,,,,,,,,,,,,,,,,,,,,,,,,,,,,,,,,,,,,,,,,
1362,,,597,168,,14.10,-48.00,13379,255.0,3.000,68.813,1346.88,18.103,260.79,1.44,1.24,-1.32,0.43,0.007,0.05,1.88,0.619,0.01,0.75,0.194,-40.5,89.845,0.766,42.750,0,0.23,1766.7,1.16,-43.38,109.5,0,1,0,0,0,1,0,1,1,1,1,1,0,1,1,0,0,1,0,0,0,0,0,0,0,0,1,0,0,1,0,0,0,0,6106.3,05,0,1,0,1,0,1,1,1,1,1,1,,,,,,,,,,,,,,,,,,,,,,,,,,,,,,,,,,,,,,,,,,,,,,,,,,,,,,,,,,
1363,,,597,574,,14.10,71.25,1188,8.8,10.500,3.494,5.15,3.890,25.90,1.00,0.23,-0.88,0.32,0.957,1.02,-1.44,1.043,0.00,0.90,1.690,16.5,32.334,0.496,0.000,900,8.51,4.8,-0.61,0.00,7.5,1,1,0,1,1,1,0,0,0,0,1,0,0,0,0,0,0,0,0,0,1,1,1,1,1,0,0,0,0,0,0,0,1,1,5155.0,0C,1,1,0,1,1,0,1,0,0,158.63,479.13,,,,,,,,,,,,,,,,,,,,,,,,,,,,,,,,,,,,,,,,,,,,,,,,,,,,,,,,,,
1364,,,597,974,,14.10,71.25,1165,8.8,9.000,3.392,5.15,3.890,24.96,1.00,0.71,-0.88,0.33,0.919,1.02,-1.44,1.034,0.00,0.90,1.761,16.5,29.915,0.496,0.000,900,8.51,4.8,-0.61,0.00,7.5,1,1,0,1,1,1,0,0,0,0,1,0,0,0,0,0,0,0,0,0,1,1,1,1,1,0,0,0,0,0,0,0,1,1,5155.0,0C,1,1,0,1,1,0,1,0,0,151.44,477.69,,,,,,,,,,,,,,,,,,,,,,,,,,,,,,,,,,,,,,,,,,,,,,,,,,,,,,,,,,
1365,,,598,370,,14.00,71.25,1177,8.8,12.000,3.482,5.10,3.241,24.73,1.00,0.21,-0.88,0.19,0.962,1.02,-1.44,1.031,0.00,0.90,1.761,16.5,29.915,0.496,0.000,900,8.51,4.8,-0.61,0.00,7.5,1,1,0,1,1,1,0,0,0,0,1,0,0,0,0,0,0,0,0,0,1,1,1,1,1,0,0,0,0,0,0,0,1,1,5155.0,0C,1,1,0,1,1,0,1,0,0,151.25,477.06,,,,,,,,,,,,,,,,,,,,,,,,,,,,,,,,,,,,,,,,,,,,,,,,,,,,,,,,,,
1366,,,598,770,,14.10,71.25,1231,8.8,9.000,3.341,5.15,3.241,24.23,1.00,0.23,-0.88,0.21,0.984,1.02,-1.44,1.039,0.00,0.90,1.761,16.5,30.259,0.496,0.000,900,8.51,4.8,-0.61,0.00,7.5,1,1,0,1,1,1,0,0,0,0,1,0,0,0,0,0,0,0,0,0,1,1,1,1,1,0,0,0,0,0,0,0,1,1,5155.0,0C,1,1,0,1,1,0,1,0,0,148.63,465.94,,,,,,,,,,,,,,,,,,,,,,,,,,,,,,,,,,,,,,,,,,,,,,,,,,,,,,,,,,
1367,,,599,168,,14.10,71.25,1230,8.8,9.750,3.270,5.10,3.241,24.16,1.00,0.84,-0.88,0.80,0.956,1.02,-1.44,1.041,0.00,0.90,1.761,16.5,30.259,0.496,0.000,900,8.51,4.8,-0.61,-1.35,7.5,1,1,0,1,1,1,0,0,0,0,1,0,0,0,0,0,0,0,0,0,1,1,1,1,1,0,0,0,0,0,0,0,1,1,5155.0,0C,1,1,0,1,1,0,1,0,0,147.69,461.25,,,,,,,,,,,,,,,,,,,,,,,,,,,,,,,,,,,,,,,,,,,,,,,,,,,,,,,,,,
1368,,,599,550,,14.10,71.25,1246,8.8,13.500,3.322,5.15,2.429,24.63,1.00,0.80,-0.88,0.29,0.939,1.02,-1.44,1.042,0.00,0.90,1.761,16.5,31.983,0.496,0.000,900,8.51,4.8,-0.61,-1.43,7.5,1,1,0,1,1,1,0,0,0,0,1,0,0,0,0,0,0,0,0,0,1,1,1,1,1,0,0,0,0,0,0,0,1,1,5155.0,0C,1,1,0,1,1,0,1,0,0,147.19,460.94,,,,,,,,,,,,,,,,,,,,,,,,,,,,,,,,,,,,,,,,,,,,,,,,,,,,,,,,,,
1369,,,599,950,,14.10,71.25,1288,8.8,13.500,3.424,5.27,5.843,24.56,1.00,0.22,-0.88,0.21,0.976,1.02,-1.44,1.047,0.00,0.90,1.834,16.5,33.021,0.496,0.000,900,8.51,4.8,-0.61,-1.59,7.5,1,1,0,1,1,1,0,0,0,0,1,0,0,0,0,0,0,0,0,0,1,1,1,1,1,0,0,0,0,0,0,0,1,1,5155.0,0C,1,1,0,1,1,0,1,0,0,145.69,450.13,,,,,,,,,,,,,,,,,,,,,,,,,,,,,,,,,,,,,,,,,,,,,,,,,,,,,,,,,,
1370,,,600,348,,14.10,71.25,1307,10.0,12.000,3.398,5.22,5.679,24.70,1.00,0.87,-0.88,0.85,0.950,1.02,-1.44,1.054,0.00,0.90,1.834,16.5,33.371,0.496,0.000,900,8.51,4.8,-0.61,-1.67,7.5,1,1,0,1,1,1,0,0,0,0,1,0,0,0,0,0,0,0,0,0,1,1,1,1,1,0,0,0,0,0,0,0,1,1,5155.0,0C,1,1,0,1,1,0,1,0,0,148.38,434.44,,,,,,,,,,,,,,,,,,,,,,,,,,,,,,,,,,,,,,,,,,,,,,,,,,,,,,,,,,
1371,,,600,745,,14.10,71.25,1349,10.0,14.250,3.245,5.27,5.194,23.93,1.00,0.90,-0.88,0.83,0.927,1.02,-1.44,1.059,0.00,0.90,1.834,16.5,34.058,0.496,0.000,900,8.51,4.8,-0.61,-1.88,7.5,1,1,0,1,1,1,0,0,0,0,1,0,0,0,0,0,0,0,0,0,1,1,1,1,1,0,0,0,0,0,0,0,1,1,5155.0,0C,1,1,0,1,1,0,1,0,0,145.06,422.75,,,,,,,,,,,,,,,,,,,,,,,,,,,,,,,,,,,,,,,,,,,,,,,,,,,,,,,,,,
1372,,,601,148,,14.10,71.25,1381,10.0,14.250,3.309,5.71,4.788,24.30,1.00,0.85,-0.88,0.54,0.905,1.02,-1.44,1.064,0.00,0.90,1.843,16.5,34.401,0.496,0.000,900,8.51,4.8,-0.61,-2.01,7.5,1,1,0,1,1,1,0,0,0,0,1,0,0,0,0,0,0,0,0,0,1,1,1,1,1,0,0,0,0,0,0,0,1,1,5155.0,0C,1,1,0,1,1,0,1,0,0,147.00,422.00,,,,,,,,,,,,,,,,,,,,,,,,,,,,,,,,,,,,,,,,,,,,,,,,,,,,,,,,,,
1373,,,601,548,,14.10,71.25,1417,10.0,12.750,3.341,5.88,5.031,24.45,1.00,0.22,-0.88,0.20,0.934,1.02,-1.44,1.071,0.00,0.90,1.843,16.5,34.752,0.496,0.000,900,8.51,4.8,-0.61,-2.19,7.5,1,1,0,1,1,1,0,0,0,0,1,0,0,0,0,0,0,0,0,0,1,1,1,1,1,0,0,0,0,0,0,0,1,1,5155.0,0C,1,1,0,1,1,0,1,0,0,148.00,424.25,,,,,,,,,,,,,,,,,,,,,,,,,,,,,,,,,,,,,,,,,,,,,,,,,,,,,,,,,,
1374,,,601,939,,14.10,71.25,1459,10.0,12.750,3.392,6.01,4.054,24.38,1.00,0.63,-0.88,0.33,0.958,1.02,-1.44,1.078,0.00,0.90,1.937,16.5,35.439,0.496,0.000,900,8.51,4.8,-0.61,-2.41,7.5,1,1,0,1,1,1,0,0,0,0,1,0,0,0,0,0,0,0,0,0,1,1,1,1,1,0,0,0,0,0,0,0,1,1,5155.0,0C,1,1,0,1,1,0,1,0,0,148.44,424.75,,,,,,,,,,,,,,,,,,,,,,,,,,,,,,,,,,,,,,,,,,,,,,,,,,,,,,,,,,
1375,,,602,342,,14.10,71.25,1488,11.3,12.000,3.251,6.13,3.812,24.40,1.00,0.81,-0.88,0.42,0.910,1.02,-1.44,1.081,0.00,0.90,1.937,16.5,35.790,0.496,0.000,900,8.51,4.8,-0.61,-2.59,7.5,1,1,0,1,1,1,0,0,0,0,1,0,0,0,0,0,0,0,0,0,1,1,1,1,1,0,0,0,0,0,0,0,1,1,5155.0,0C,1,1,0,1,1,0,1,0,0,147.56,422.69,,,,,,,,,,,,,,,,,,,,,,,,,,,,,,,,,,,,,,,,,,,,,,,,,,,,,,,,,,
1376,,,602,738,,14.10,71.25,1504,11.3,9.000,3.238,5.76,1.781,23.44,1.00,0.23,-0.88,0.23,0.949,1.02,-1.44,1.081,0.00,0.90,1.937,16.5,33.371,0.496,0.000,900,8.51,4.8,-0.61,-2.60,7.5,1,1,0,1,1,1,0,0,0,0,1,0,0,0,0,0,0,0,0,0,1,1,1,1,1,0,0,0,0,0,0,0,1,1,5155.0,0C,1,1,0,1,1,0,1,0,0,141.44,409.44,,,,,,,,,,,,,,,,,,,,,,,,,,,,,,,,,,,,,,,,,,,,,,,,,,,,,,,,,,
1377,,,603,119,,14.10,71.25,1514,11.3,10.500,3.085,5.76,2.921,22.71,1.00,0.85,-0.88,0.83,0.921,1.02,-1.44,1.081,0.00,0.90,2.038,16.5,33.371,0.496,0.000,900,8.51,4.8,-0.61,-2.60,7.5,1,1,0,1,1,1,0,0,0,0,1,0,0,0,0,0,0,0,0,0,1,1,1,1,1,0,0,0,0,1,0,0,1,1,5155.0,0C,1,1,0,1,1,0,1,0,0,138.38,402.31,,,,,,,,,,,,,,,,,,,,,,,,,,,,,,,,,,,,,,,,,,,,,,,,,,,,,,,,,,
1378,,,603,497,,14.10,71.25,1506,11.3,15.750,3.027,6.25,4.703,22.73,1.00,0.82,-0.88,0.61,0.897,1.02,-1.44,1.083,0.00,0.90,2.038,16.5,35.439,0.496,0.000,900,8.51,4.8,-0.61,-2.60,7.5,1,1,0,1,1,1,0,0,0,0,1,0,0,0,0,0,0,0,0,0,1,1,1,1,1,0,0,0,0,0,0,0,1,1,5155.0,0C,1,1,0,1,1,0,1,0,0,140.69,407.13,,,,,,,,,,,,,,,,,,,,,,,,,,,,,,,,,,,,,,,,,,,,,,,,,,,,,,,,,,
1379,,,603,887,,14.10,71.25,1491,11.3,9.750,3.482,6.37,4.866,25.20,1.00,0.21,-0.88,0.20,0.931,1.02,-1.44,1.081,0.00,0.90,1.937,16.5,35.790,0.496,0.000,900,8.51,4.8,-0.61,-2.54,7.5,1,1,0,1,1,1,0,0,0,0,1,0,0,0,0,0,0,0,0,0,1,1,1,1,1,0,0,0,0,0,0,0,1,1,5155.0,0C,1,1,0,1,1,0,1,0,0,153.31,435.19,,,,,,,,,,,,,,,,,,,,,,,,,,,,,,,,,,,,,,,,,,,,,,,,,,,,,,,,,,
1380,,,604,306,,14.10,71.25,1499,11.3,10.500,3.379,6.25,5.272,24.84,1.00,0.74,-0.88,0.74,0.927,1.02,-1.44,1.081,0.00,0.90,1.937,16.5,35.790,0.496,0.000,900,8.51,4.8,-0.61,-2.56,7.5,1,1,0,1,1,1,0,0,0,0,1,0,0,0,0,0,0,0,0,0,1,1,1,1,1,0,0,0,0,0,0,0,1,1,5155.0,0C,1,1,0,1,1,0,1,0,0,150.88,430.00,,,,,,,,,,,,,,,,,,,,,,,,,,,,,,,,,,,,,,,,,,,,,,,,,,,,,,,,,,
1381,,,604,709,,14.10,71.25,1523,11.3,12.000,3.258,6.20,4.953,24.52,1.00,0.73,-0.88,0.28,0.902,1.02,-1.44,1.081,0.00,0.90,1.937,16.5,36.133,0.496,0.000,900,8.51,4.8,-0.61,-2.60,7.5,1,1,0,1,1,1,0,0,0,0,1,0,0,0,0,0,0,0,0,0,1,1,1,1,1,0,0,0,0,0,0,0,1,1,5155.0,0C,1,1,0,1,1,0,1,0,0,149.13,426.31,,,,,,,,,,,,,,,,,,,,,,,,,,,,,,,,,,,,,,,,,,,,,,,,,,,,,,,,,,
1382,,,605,107,,14.10,71.25,1574,11.3,12.750,3.347,6.25,4.382,24.23,1.00,0.22,-0.88,0.21,0.945,1.02,-1.44,1.088,0.00,0.90,2.038,16.5,36.828,0.496,0.000,900,8.51,4.8,-0.61,-2.60,7.5,1,1,0,1,1,1,0,0,0,0,1,0,0,0,0,0,0,0,0,0,1,1,1,1,1,0,0,0,0,0,0,0,1,1,5155.0,0C,1,1,0,1,1,0,1,0,0,147.63,422.00,,,,,,,,,,,,,,,,,,,,,,,,,,,,,,,,,,,,,,,,,,,,,,,,,,,,,,,,,,
1383,,,605,485,,14.10,71.25,1603,11.3,12.750,3.194,6.32,5.843,24.07,1.00,0.87,-0.88,0.84,0.917,1.02,-1.44,1.091,0.00,0.90,2.038,16.5,37.514,0.496,0.000,900,8.50,4.8,-0.61,-2.59,7.5,1,1,0,1,1,1,0,0,0,0,1,0,0,0,0,0,0,0,0,0,1,1,1,1,1,0,0,0,0,0,0,0,1,1,5155.0,0C,1,1,0,1,1,0,1,0,0,146.19,419.50,,,,,,,,,,,,,,,,,,,,,,,,,,,,,,,,,,,,,,,,,,,,,,,,,,,,,,,,,,
1384,,,605,892,,14.10,71.25,1629,11.3,15.000,3.014,6.37,4.218,23.18,1.00,0.84,-0.88,0.69,0.890,1.02,-1.44,1.094,0.00,0.90,2.152,16.5,37.858,0.496,0.000,900,8.48,4.8,-0.60,-2.59,7.5,1,1,0,1,1,1,0,0,0,0,1,0,0,0,0,0,0,0,0,0,1,1,1,1,1,0,0,0,0,0,0,0,1,1,5155.0,0C,1,1,0,1,1,0,1,0,0,141.56,410.69,,,,,,,,,,,,,,,,,,,,,,,,,,,,,,,,,,,,,,,,,,,,,,,,,,,,,,,,,,
1385,,,606,288,,14.10,71.25,1644,11.3,14.250,3.168,6.49,4.382,23.55,1.00,0.22,-0.88,0.20,0.921,1.02,-1.44,1.095,0.00,0.90,2.152,16.5,38.209,0.496,0.000,900,8.47,4.8,-0.60,-2.58,7.5,1,1,0,1,1,1,0,0,0,0,1,0,0,0,0,0,0,0,0,0,1,1,1,1,1,0,0,0,0,0,0,0,1,1,5155.0,0C,1,1,0,1,1,0,1,0,0,142.50,414.00,,,,,,,,,,,,,,,,,,,,,,,,,,,,,,,,,,,,,,,,,,,,,,,,,,,,,,,,,,
1386,,,606,680,,14.10,71.25,1668,12.5,14.250,3.181,6.62,4.382,23.23,1.00,0.25,-0.88,0.43,0.947,1.02,-1.44,1.098,0.00,0.90,2.152,16.5,38.552,0.496,0.000,900,8.44,4.8,-0.60,-2.58,7.5,1,1,0,1,1,1,0,0,0,0,1,0,0,0,0,0,0,0,0,0,1,1,1,1,1,0,0,0,0,0,0,0,1,1,5155.0,0C,1,1,0,1,1,0,1,0,0,140.69,411.81,,,,,,,,,,,,,,,,,,,,,,,,,,,,,,,,,,,,,,,,,,,,,,,,,,,,,,,,,,
1387,,,607,069,,14.10,71.25,1671,12.5,13.500,3.290,6.86,4.054,23.74,1.00,0.22,-0.88,0.20,0.943,1.02,-1.44,1.097,0.00,0.90,2.277,16.5,38.209,0.496,0.000,900,8.45,4.8,-0.60,-2.58,7.5,1,1,0,1,1,1,0,0,0,0,1,0,0,0,0,0,0,0,0,0,1,1,1,1,1,0,0,0,0,0,0,0,1,1,5155.0,0C,1,1,0,1,1,0,1,0,0,145.25,421.56,,,,,,,,,,,,,,,,,,,,,,,,,,,,,,,,,,,,,,,,,,,,,,,,,,,,,,,,,,
1388,,,607,477,,14.10,71.25,1680,12.5,11.250,3.366,6.74,3.328,23.74,1.00,0.22,-0.88,0.21,0.970,1.02,-1.44,1.097,0.00,0.90,2.277,16.5,37.171,0.496,0.000,900,8.45,4.8,-0.60,-2.58,7.5,1,1,0,1,1,1,0,0,0,0,1,0,0,0,0,0,0,0,0,0,1,1,1,1,1,0,0,0,0,0,0,0,1,1,5155.0,0C,1,1,0,1,1,0,1,0,0,143.81,418.75,,,,,,,,,,,,,,,,,,,,,,,,,,,,,,,,,,,,,,,,,,,,,,,,,,,,,,,,,,
1389,,,607,857,,14.10,71.25,1696,12.5,11.250,3.309,6.62,1.944,23.72,1.00,0.25,-0.88,0.21,0.966,1.02,-1.44,1.097,0.00,0.90,2.277,16.5,36.477,0.496,0.000,900,8.44,4.8,-0.60,-2.58,7.5,1,1,0,1,1,1,0,0,0,0,1,0,0,0,0,0,0,0,0,0,1,1,1,1,1,0,0,0,0,0,0,0,1,1,5155.0,0C,1,1,0,1,1,0,1,0,0,143.25,416.81,,,,,,,,,,,,,,,,,,,,,,,,,,,,,,,,,,,,,,,,,,,,,,,,,,,,,,,,,,
1390,,,608,245,,14.10,71.25,1747,12.5,15.750,2.950,6.49,0.562,20.81,1.00,0.53,-0.88,0.69,0.985,1.02,-1.44,1.104,0.00,0.90,2.277,16.5,36.133,0.496,0.000,900,8.38,4.8,-0.60,-3.39,7.5,1,1,0,1,1,1,0,0,0,0,1,0,0,0,0,0,0,0,1,0,1,1,1,1,1,0,0,0,0,1,0,0,1,1,5155.0,0C,1,1,0,1,1,0,1,0,0,127.44,381.31,,,,,,,,,,,,,,,,,,,,,,,,,,,,,,,,,,,,,,,,,,,,,,,,,,,,,,,,,,
1391,,,608,656,,14.10,71.25,1667,12.5,9.000,2.893,5.88,2.757,20.04,1.00,0.74,-0.88,0.79,0.983,1.02,-1.44,1.094,0.00,0.90,2.277,16.5,33.715,0.496,0.000,900,8.46,4.8,-0.60,-2.58,7.5,1,1,0,1,1,1,0,0,0,0,1,0,0,0,0,0,0,0,0,0,1,1,1,1,1,0,0,0,0,1,0,0,1,1,5155.0,0C,1,1,0,1,1,0,1,0,0,122.75,367.88,,,,,,,,,,,,,,,,,,,,,,,,,,,,,,,,,,,,,,,,,,,,,,,,,,,,,,,,,,
1392,,,609,048,,14.10,71.25,1710,12.5,24.000,2.829,6.54,2.757,19.78,1.00,0.92,-0.88,0.87,0.960,1.02,-1.44,1.099,0.00,0.90,2.070,16.5,35.790,0.496,0.000,900,8.41,4.8,-0.60,-2.57,7.5,1,1,0,1,1,1,0,0,0,0,1,0,0,0,0,0,0,0,0,0,1,1,1,1,1,0,0,0,0,0,0,0,1,1,5155.0,0C,1,1,0,1,1,0,1,0,0,123.00,372.19,,,,,,,,,,,,,,,,,,,,,,,,,,,,,,,,,,,,,,,,,,,,,,,,,,,,,,,,,,
1393,,,609,451,,14.10,71.25,1585,12.5,-0.750,3.162,5.47,2.921,21.77,1.00,0.23,-0.88,0.39,0.981,1.02,-1.44,1.088,0.00,0.90,2.070,16.5,32.677,0.496,0.000,900,8.51,4.8,-0.61,-2.60,7.5,1,1,0,1,1,1,0,0,0,0,1,0,0,0,0,0,0,0,0,0,1,1,1,1,1,0,0,0,0,0,0,0,1,1,5155.0,0C,1,1,0,1,1,0,1,0,0,128.81,380.38,,,,,,,,,,,,,,,,,,,,,,,,,,,,,,,,,,,,,,,,,,,,,,,,,,,,,,,,,,
1394,,,609,850,,14.10,71.25,1679,11.3,17.250,3.104,6.69,2.429,21.63,1.00,0.91,-0.88,0.76,0.937,1.02,-1.44,1.091,0.00,0.90,2.070,16.5,35.439,0.496,0.000,900,8.46,4.8,-0.60,-2.58,7.5,1,1,0,1,1,1,0,0,0,0,1,0,0,0,0,0,0,0,0,0,1,1,1,1,1,0,0,0,0,0,0,0,1,1,5155.0,0C,1,1,0,1,1,0,1,0,0,140.81,407.63,,,,,,,,,,,,,,,,,,,,,,,,,,,,,,,,,,,,,,,,,,,,,,,,,,,,,,,,,,
1395,,,610,248,,14.10,71.25,1582,11.3,6.750,2.957,5.27,2.272,21.28,1.00,0.84,-0.88,0.86,0.938,1.02,-1.44,1.091,0.00,0.90,2.070,16.5,33.021,0.496,0.000,900,8.51,4.8,-0.61,-2.60,7.5,1,1,0,1,1,1,0,0,0,0,1,0,0,0,0,0,0,0,0,0,1,1,1,1,1,0,0,0,0,1,0,0,1,1,5155.0,0C,1,1,0,1,1,0,1,0,0,125.00,371.88,,,,,,,,,,,,,,,,,,,,,,,,,,,,,,,,,,,,,,,,,,,,,,,,,,,,,,,,,,
1396,,,610,648,,14.10,71.25,1579,11.3,14.250,2.803,5.27,2.429,20.04,1.00,0.92,-0.88,0.87,0.915,1.02,-1.44,1.083,0.00,0.90,2.070,16.5,31.640,0.496,0.000,900,8.51,4.8,-0.61,-2.60,7.5,1,1,0,1,1,1,0,0,0,0,1,0,0,0,0,0,0,0,0,0,1,1,1,1,1,0,0,0,0,0,0,0,1,1,5155.0,0C,1,1,0,1,1,0,1,0,0,123.13,366.44,,,,,,,,,,,,,,,,,,,,,,,,,,,,,,,,,,,,,,,,,,,,,,,,,,,,,,,,,,
1397,,,611,041,,14.10,71.25,1564,11.3,16.500,2.758,5.35,3.406,20.23,1.00,0.90,-0.88,0.83,0.894,1.02,-1.44,1.087,0.00,0.90,1.666,16.5,33.371,0.496,0.000,900,8.51,4.8,-0.61,-2.60,7.5,1,1,0,1,1,1,0,0,0,0,1,0,0,0,0,0,0,0,0,0,1,1,1,1,1,0,0,0,0,0,0,0,1,1,5155.0,0C,1,1,0,1,1,0,1,0,0,123.38,366.25,,,,,,,,,,,,,,,,,,,,,,,,,,,,,,,,,,,,,,,,,,,,,,,,,,,,,,,,,,
1398,,,611,448,,14.10,71.25,1555,11.3,13.500,3.021,5.76,2.593,22.41,1.00,0.84,-0.88,0.23,0.871,1.02,-1.44,1.083,0.00,0.90,1.666,16.5,33.715,0.496,0.000,900,8.51,4.8,-0.61,-2.60,7.5,1,1,0,1,1,1,0,0,0,0,1,0,0,0,0,0,0,0,0,0,1,1,1,1,1,0,0,0,0,0,0,0,1,1,5155.0,0C,1,1,0,1,1,0,1,0,0,136.63,397.44,,,,,,,,,,,,,,,,,,,,,,,,,,,,,,,,,,,,,,,,,,,,,,,,,,,,,,,,,,
1399,,,611,836,,14.10,71.25,1618,11.3,17.250,2.918,5.83,3.241,21.49,1.00,0.22,-0.88,0.21,0.907,1.02,-1.44,1.091,0.00,0.90,1.957,16.5,35.790,0.496,0.000,900,8.49,4.8,-0.61,-2.59,7.5,1,1,0,1,1,1,0,0,0,0,1,0,0,0,0,0,0,0,0,0,1,1,1,1,1,0,0,0,0,0,0,0,1,1,5155.0,0C,1,1,0,1,1,0,1,0,0,133.81,390.56,,,,,,,,,,,,,,,,,,,,,,,,,,,,,,,,,,,,,,,,,,,,,,,,,,,,,,,,,,
1400,,,612,226,,14.10,71.25,1569,11.3,11.250,2.906,5.40,1.866,21.52,1.00,0.79,-0.88,0.81,0.896,1.02,-1.44,1.089,0.00,0.90,1.957,16.5,33.021,0.496,0.000,900,8.51,4.8,-0.61,-2.60,7.5,1,1,0,1,1,1,0,0,0,0,1,0,0,0,0,0,0,0,0,0,1,1,1,1,1,0,0,0,0,0,0,0,1,1,5155.0,0C,1,1,0,1,1,0,1,0,0,129.00,378.94,,,,,,,,,,,,,,,,,,,,,,,,,,,,,,,,,,,,,,,,,,,,,,,,,,,,,,,,,,
1401,,,612,643,,14.10,71.25,1562,11.3,15.000,2.765,5.40,2.593,20.63,1.00,0.86,-0.88,0.80,0.873,1.02,-1.44,1.084,0.00,0.90,1.957,16.5,33.021,0.496,0.000,900,8.51,4.8,-0.61,-2.60,7.5,1,1,0,1,1,1,0,0,0,0,1,0,0,0,0,0,0,0,0,0,1,1,1,1,1,0,0,0,0,0,0,0,1,1,5155.0,0C,1,1,0,1,1,0,1,0,0,126.56,374.19,,,,,,,,,,,,,,,,,,,,,,,,,,,,,,,,,,,,,,,,,,,,,,,,,,,,,,,,,,
1402,,,613,037,,14.10,71.25,1552,11.3,14.250,2.797,5.35,2.429,20.77,1.00,0.27,-0.88,0.21,0.882,1.02,-1.44,1.086,0.00,0.90,1.666,16.5,33.021,0.496,42.750,2520,-65.40,1766.7,1.16,-49.63,109.5,0,1,0,0,0,1,0,1,1,1,1,1,0,1,1,0,0,1,0,0,0,0,0,0,0,0,1,1,1,0,0,0,0,0,9945.2,64,0,1,0,1,0,1,1,1,1,1,1,,,,,,,,,,,,,,,,,,,,,,,,,,,,,,,,,,,,,,,,,,,,,,,,,,,,,,,,,,
1403,,,613,419,,14.10,72.00,1483,11.3,9.000,2.861,1396.88,19.275,284.70,1.44,1.24,-1.37,0.90,0.007,0.05,0.75,0.598,0.01,0.75,0.194,-40.5,89.845,0.766,42.750,2520,-34.15,1766.7,1.16,-43.38,109.5,0,1,0,0,0,1,0,1,1,1,1,1,0,1,1,0,0,1,0,0,0,0,0,0,0,0,1,1,1,0,0,0,0,0,10073.2,7A,0,1,0,1,0,1,1,1,1,1,1,,,,,,,,,,,,,,,,,,,,,,,,,,,,,,,,,,,,,,,,,,,,,,,,,,,,,,,,,,
1404,,,613,807,,14.10,72.00,1517,10.0,21.000,2.982,6.13,3.569,21.56,1.00,0.73,-0.88,0.67,0.896,1.02,-1.44,1.085,0.00,0.90,1.666,16.5,35.439,0.496,0.000,900,8.51,4.8,-0.61,-2.60,7.5,1,1,0,1,1,1,0,0,0,0,1,0,0,0,0,0,0,0,0,0,1,1,1,1,1,0,0,0,0,1,0,0,1,1,5155.0,0C,1,1,0,1,1,0,1,0,0,135.75,395.75,,,,,,,,,,,,,,,,,,,,,,,,,,,,,,,,,,,,,,,,,,,,,,,,,,,,,,,,,,
1405,,,614,226,,14.10,72.00,1407,11.3,0.000,3.194,1521.88,18.103,260.72,1.44,1.24,-1.36,0.71,0.007,0.05,0.75,0.626,0.01,0.75,0.194,-40.5,90.236,0.766,42.750,2530,78.35,1766.7,1.16,-43.38,109.5,0,1,0,0,0,1,0,1,1,1,1,1,0,1,1,0,0,1,0,0,0,0,0,0,0,0,0,0,0,1,0,0,0,0,7940.2,5B,0,1,0,1,0,1,1,1,1,1,1,,,,,,,,,,,,,,,,,,,,,,,,,,,,,,,,,,,,,,,,,,,,,,,,,,,,,,,,,,
1406,,,614,607,,14.10,72.00,1495,10.0,12.750,3.386,6.37,1.210,23.98,1.00,0.23,-0.88,0.21,0.935,1.02,-1.44,1.067,0.00,0.90,1.666,16.5,34.401,0.496,0.000,900,8.52,4.8,-0.61,-2.46,7.5,1,1,0,1,1,1,0,0,0,0,1,0,0,0,0,0,0,0,0,0,1,1,1,1,1,0,0,0,0,0,0,0,1,1,5155.0,0C,1,1,0,1,1,0,1,0,0,148.69,434.88,,,,,,,,,,,,,,,,,,,,,,,,,,,,,,,,,,,,,,,,,,,,,,,,,,,,,,,,,,
1407,,,615,007,,14.10,72.00,1424,10.0,0.750,3.155,5.35,3.890,23.53,1.00,0.78,-0.88,0.79,0.928,1.02,-1.44,1.078,0.00,0.90,1.918,16.5,34.058,0.496,0.000,900,8.52,4.8,-0.61,-2.33,7.5,1,1,0,1,1,1,0,0,0,0,1,0,0,0,0,0,0,0,0,0,1,1,1,1,1,0,0,0,0,1,0,0,1,1,5155.0,0C,1,1,0,1,1,0,1,0,0,140.50,407.31,,,,,,,,,,,,,,,,,,,,,,,,,,,,,,,,,,,,,,,,,,,,,,,,,,,,,,,,,,
1408,,,615,406,,14.00,72.00,1401,10.0,15.000,2.867,5.35,0.804,21.61,1.00,0.87,-0.88,0.80,0.906,1.02,-1.44,1.051,0.00,0.90,1.918,16.5,30.602,0.496,0.000,900,8.52,4.8,-0.61,-1.84,7.5,1,1,0,1,1,1,0,0,0,0,1,0,0,0,0,0,0,0,1,0,1,1,1,1,1,0,0,0,0,1,0,0,1,1,5155.0,0C,1,1,0,1,1,0,1,0,0,133.81,410.75,,,,,,,,,,,,,,,,,,,,,,,,,,,,,,,,,,,,,,,,,,,,,,,,,,,,,,,,,,
1409,,,615,807,,14.10,72.00,1419,10.0,9.750,3.072,5.22,3.977,22.38,1.00,0.22,-0.88,0.20,0.930,1.02,-1.44,1.074,0.00,0.90,1.843,16.5,31.640,0.496,0.000,900,8.52,4.8,-0.61,-2.31,7.5,1,1,0,1,1,1,0,0,0,0,1,0,0,0,0,0,0,0,0,0,1,1,1,1,1,0,0,0,0,1,0,0,1,1,5155.0,0C,1,1,0,1,1,0,1,0,0,134.88,394.63,,,,,,,,,,,,,,,,,,,,,,,,,,,,,,,,,,,,,,,,,,,,,,,,,,,,,,,,,,
1410,,,616,210,,14.10,72.00,1344,10.0,14.250,2.906,5.22,0.156,21.80,1.00,0.82,-0.88,0.79,0.905,1.02,-1.44,1.046,0.00,0.90,1.843,16.5,29.564,0.496,0.000,900,8.52,4.8,-0.61,-1.62,7.5,1,1,0,1,1,1,0,0,0,0,1,0,0,0,0,0,0,0,1,0,1,1,1,1,1,0,0,0,0,1,0,0,1,1,5155.0,0C,1,1,0,1,1,0,1,0,0,132.06,419.13,,,,,,,,,,,,,,,,,,,,,,,,,,,,,,,,,,,,,,,,,,,,,,,,,,,,,,,,,,
1411,,,616,598,,14.10,72.00,1409,8.8,1.500,3.078,5.22,1.781,22.38,1.00,0.20,-0.88,0.20,0.935,1.02,-1.44,1.072,0.00,0.90,1.843,16.5,32.334,0.496,0.000,900,8.52,4.8,-0.61,-2.27,7.5,1,1,0,1,1,1,0,0,0,0,1,0,0,0,0,0,0,0,0,0,1,1,1,1,1,0,0,0,0,1,0,0,1,1,5155.0,0C,1,1,0,1,1,0,1,0,0,135.25,395.81,,,,,,,,,,,,,,,,,,,,,,,,,,,,,,,,,,,,,,,,,,,,,,,,,,,,,,,,,,
1412,,,616,987,,13.90,72.00,1268,10.0,9.000,3.002,5.03,0.000,22.24,1.00,0.44,-0.88,0.25,0.914,0.05,1.16,0.550,0.01,0.75,0.194,-40.5,90.236,0.766,42.750,2550,46.32,1766.7,1.16,-43.38,109.5,0,1,0,0,0,1,0,1,1,1,1,1,0,1,1,0,0,1,0,0,0,0,0,0,0,0,0,0,0,1,0,0,0,0,7855.2,0D,0,1,0,1,0,1,1,1,1,1,1,,,,,,,,,,,,,,,,,,,,,,,,,,,,,,,,,,,,,,,,,,,,,,,,,,,,,,,,,,
1413,,,617,376,,14.10,72.00,1333,8.8,0.000,2.765,4.13,0.000,20.51,1.44,1.24,-1.33,1.23,0.007,0.05,1.16,0.495,0.01,0.75,0.194,-40.5,90.236,0.766,42.750,2540,-52.90,1766.7,1.16,-49.63,109.5,0,1,0,0,0,1,0,1,1,1,1,1,0,1,1,0,0,1,0,0,0,0,0,0,0,0,1,1,1,0,0,0,0,0,7684.0,AF,0,1,0,1,0,1,1,1,1,1,1,,,,,,,,,,,,,,,,,,,,,,,,,,,,,,,,,,,,,,,,,,,,,,,,,,,,,,,,,,
1414,,,617,781,,14.00,72.00,1216,8.8,0.750,2.374,3.27,0.000,17.44,1.00,0.72,-0.88,0.27,0.913,1.02,-1.44,1.070,0.00,0.90,1.127,16.5,22.309,0.496,0.000,900,8.52,4.8,-0.61,-0.54,7.5,1,1,0,1,1,1,0,0,0,0,1,0,0,0,0,0,0,0,1,0,1,1,1,1,1,0,0,0,0,0,0,0,1,1,5155.0,0C,1,1,0,1,1,0,1,0,0,109.19,363.13,,,,,,,,,,,,,,,,,,,,,,,,,,,,,,,,,,,,,,,,,,,,,,,,,,,,,,,,,,
1415,,,618,167,,13.90,72.00,1091,7.5,9.000,2.522,3.15,0.000,16.80,1.00,0.19,-0.88,0.18,0.946,1.02,-1.44,1.052,0.00,0.90,1.127,16.5,19.890,0.496,0.000,900,8.52,4.8,-0.61,0.70,7.5,1,1,0,1,1,1,0,0,0,0,1,0,0,0,0,0,0,0,1,0,1,1,1,1,1,0,0,0,0,0,0,0,1,1,5155.0,0C,1,1,0,1,1,0,1,0,0,100.94,364.50,,,,,,,,,,,,,,,,,,,,,,,,,,,,,,,,,,,,,,,,,,,,,,,,,,,,,,,,,,
1416,,,618,561,,14.10,72.00,1075,7.5,9.000,3.123,4.13,6.163,20.39,1.00,0.27,-0.88,0.49,0.960,1.02,-1.44,1.047,0.00,0.90,1.127,16.5,22.309,0.496,0.000,900,8.52,4.8,-0.40,-49.63,109.5,0,1,0,0,0,1,0,1,1,1,1,1,0,1,1,0,0,1,0,0,0,0,0,0,0,0,1,1,1,0,0,0,0,0,8665.7,1F,0,1,0,1,0,1,1,1,1,1,1,,,,,,,,,,,,,,,,,,,,,,,,,,,,,,,,,,,,,,,,,,,,,,,,,,,,,,,,,,
1417,,,618,958,,13.90,72.00,986,7.5,-0.750,4.134,5.22,5.843,26.74,1.00,0.92,-0.88,0.90,0.921,1.02,-1.44,1.023,0.00,0.90,1.256,16.5,25.071,0.496,0.000,900,8.52,4.8,-0.61,0.00,7.5,1,1,0,1,1,1,0,0,0,0,1,0,0,0,0,0,0,0,0,0,1,1,1,1,1,0,0,0,0,0,0,0,1,1,5155.0,0C,1,1,0,1,1,0,1,0,0,161.75,504.25,,,,,,,,,,,,,,,,,,,,,,,,,,,,,,,,,,,,,,,,,,,,,,,,,,,,,,,,,,
1418,,,619,358,,14.10,72.00,1008,6.3,3.000,4.198,5.03,6.007,28.92,1.00,0.96,-0.88,0.91,0.905,1.02,-1.44,1.035,0.00,0.90,1.256,17.3,26.802,0.496,0.000,900,8.52,4.8,-0.61,0.00,7.5,1,1,0,1,1,1,0,0,0,0,1,0,0,0,0,0,0,0,0,0,1,1,1,1,1,0,0,0,0,0,0,0,1,1,5155.0,0C,1,1,0,1,1,0,1,0,0,174.00,528.69,,,,,,,,,,,,,,,,,,,,,,,,,,,,,,,,,,,,,,,,,,,,,,,,,,,,,,,,,,
1419,,,619,738,,14.10,72.00,1015,7.5,3.000,4.045,5.03,6.656,29.48,1.00,0.96,-0.88,0.90,0.882,1.02,-1.44,1.034,0.00,0.90,1.256,17.3,28.878,0.496,0.000,900,8.52,4.8,-0.61,0.00,7.5,1,1,0,1,1,1,0,0,0,0,1,0,0,0,0,0,0,0,0,0,1,1,1,1,1,0,0,0,0,0,0,0,1,1,5155.0,0C,1,1,0,1,1,0,1,0,0,178.88,541.13,,,,,,,,,,,,,,,,,,,,,,,,,,,,,,,,,,,,,,,,,,,,,,,,,,,,,,,,,,
1420,,,620,120,,14.00,72.00,1044,7.5,6.750,3.770,5.03,6.491,28.64,1.00,0.94,-0.88,0.87,0.858,1.02,-1.44,1.031,0.00,0.90,1.699,17.3,29.915,0.496,0.000,900,8.53,4.8,-0.61,0.00,7.5,1,1,0,1,1,1,0,0,0,0,1,0,0,0,0,0,0,0,0,0,1,1,1,1,1,0,0,0,0,0,0,0,1,1,5155.0,0C,1,1,0,1,1,0,1,0,0,177.00,535.69,,,,,,,,,,,,,,,,,,,,,,,,,,,,,,,,,,,,,,,,,,,,,,,,,,,,,,,,,,
1421,,,620,518,,14.10,72.00,1068,7.5,6.750,3.584,4.86,6.328,27.98,1.00,0.83,-0.88,0.27,0.836,1.02,-1.44,1.033,0.00,0.90,1.699,17.3,30.602,0.496,0.000,900,8.53,4.8,-0.61,-0.90,7.5,1,1,0,1,1,1,0,0,0,0,1,0,0,0,0,0,0,0,0,0,1,1,1,1,1,0,0,0,0,0,0,0,1,1,5155.0,0C,1,1,0,1,1,0,1,0,0,167.50,512.25,,,,,,,,,,,,,,,,,,,,,,,,,,,,,,,,,,,,,,,,,,,,,,,,,,,,,,,,,,
1422,,,623,194,,14.10,72.00,1322,10.0,12.750,3.142,5.22,0.000,23.72,1.00,0.84,-0.88,0.78,0.923,1.02,-1.44,1.049,0.00,0.90,1.681,17.3,32.334,0.496,0.000,900,8.52,4.8,-0.61,-1.69,7.5,1,1,0,1,1,1,0,0,0,0,1,0,0,0,0,0,0,0,1,0,1,1,1,1,1,0,0,0,0,1,0,0,1,1,5155.0,0C,1,1,0,1,1,0,1,0,0,143.81,435.56,,,,,,,,,,,,,,,,,,,,,,,,,,,,,,,,,,,,,,,,,,,,,,,,,,,,,,,,,,
1423,,,625,587,,14.10,72.75,1395,10.0,12.750,3.533,5.88,4.054,25.22,1.00,0.30,-0.88,0.21,0.941,1.02,-1.44,1.064,0.00,0.90,2.010,16.5,34.401,0.496,0.000,900,8.52,4.8,-0.61,-1.97,7.5,1,1,0,1,1,1,0,0,0,0,1,0,0,0,0,0,0,0,0,0,1,1,1,1,1,0,0,0,0,0,0,0,1,1,5155.0,0C,1,1,0,1,1,0,1,0,0,153.25,436.75,,,,,,,,,,,,,,,,,,,,,,,,,,,,,,,,,,,,,,,,,,,,,,,,,,,,,,,,,,
1424,,,625,974,,14.10,72.75,1457,10.0,13.500,3.334,15.63,63.807,974.77,1.44,1.24,-1.36,1.26,0.007,0.05,-4.16,0.709,0.01,0.75,0.194,-40.5,90.626,0.766,42.750,2520,-1.34,1766.7,0.78,7.28,-28.5,1,1,1,0,0,1,0,1,0,1,0,1,0,1,0,1,0,1,1,1,1,1,1,1,1,1,1,1,1,1,1,1,1,1,1,,,,,,,,,,,,,,,,,,,,,,,,,,,,,,,,,,,,,,,,,,,,,,,,,,,,,,,,,,,,,,,,,,,,,,
1425,,,626,360,,14.10,72.75,1508,10.0,11.250,3.245,5.76,5.272,23.86,1.00,0.25,-0.88,0.21,0.934,1.02,-1.44,1.077,0.00,0.90,2.113,16.5,34.401,0.496,0.000,900,8.52,4.8,-0.61,-2.60,7.5,1,1,0,1,1,1,0,0,0,0,1,0,0,0,0,0,0,0,0,0,1,1,1,1,1,0,0,0,0,0,0,0,1,1,5155.0,0C,1,1,0,1,1,0,1,0,0,145.38,418.81,,,,,,,,,,,,,,,,,,,,,,,,,,,,,,,,,,,,,,,,,,,,,,,,,,,,,,,,,,
1426,,,626,741,,14.10,72.75,1503,11.3,14.250,3.334,115.63,18.494,272.84,1.44,1.24,-1.38,1.14,0.007,0.05,-4.16,0.737,0.01,0.75,0.194,-40.5,90.626,0.766,42.750,2520,-65.40,1766.7,1.16,-49.63,109.5,0,1,0,0,0,1,0,1,1,1,1,1,0,1,1,0,0,1,0,0,0,0,0,0,0,0,1,0,0,1,0,0,0,0,1711.0,49,0,1,0,1,0,1,1,1,1,1,1,,,,,,,,,,,,,,,,,,,,,,,,,,,,,,,,,,,,,,,,,,,,,,,,,,,,,,,,,,
1427,,,627,133,,14.10,72.75,1527,11.3,13.500,3.347,6.25,4.953,24.56,1.00,0.85,-0.88,0.84,0.931,1.02,-1.44,1.084,0.00,0.90,2.223,16.5,36.828,0.496,0.000,900,8.52,4.8,-0.40,-49.63,109.5,0,1,0,0,0,1,0,1,1,1,1,1,0,1,1,0,0,1,0,0,0,0,0,0,0,0,1,0,0,1,0,0,0,0,3716.3,AF,0,1,0,1,0,1,1,1,1,1,1,,,,,,,,,,,,,,,,,,,,,,,,,,,,,,,,,,,,,,,,,,,,,,,,,,,,,,,,,,
1428,,,627,517,,14.10,72.75,1538,11.3,12.000,3.328,6.45,3.890,24.80,1.00,0.83,-0.88,0.74,0.905,1.02,-1.44,1.085,0.00,0.90,2.223,16.5,36.828,0.496,0.000,900,8.52,4.8,-0.61,-2.60,7.5,1,1,0,1,1,1,0,0,0,0,1,0,0,0,0,0,0,0,0,0,1,1,1,1,1,0,0,0,0,0,0,0,1,1,5155.0,0C,1,1,0,1,1,0,1,0,0,150.56,429.44,,,,,,,,,,,,,,,,,,,,,,,,,,,,,,,,,,,,,,,,,,,,,,,,,,,,,,,,,,
1429,,,627,900,,14.10,72.75,1580,11.3,12.750,3.354,6.37,4.703,24.45,1.00,0.23,-0.88,0.22,0.942,1.02,-1.44,1.088,0.00,0.90,2.152,16.5,37.171,0.496,0.000,900,8.52,4.8,-0.61,-2.60,7.5,1,1,0,1,1,1,0,0,0,0,1,0,0,0,0,0,0,0,0,0,1,1,1,1,1,0,0,0,0,0,0,0,1,1,5155.0,0C,1,1,0,1,1,0,1,0,0,149.44,426.88,,,,,,,,,,,,,,,,,,,,,,,,,,,,,,,,,,,,,,,,,,,,,,,,,,,,,,,,,,
1430,,,628,314,,14.10,72.75,1598,11.3,13.500,3.238,6.37,5.194,24.21,1.00,0.87,-0.88,0.85,0.907,1.02,-1.44,1.089,0.00,0.90,2.152,16.5,37.514,0.496,0.000,900,8.52,4.8,-0.40,-49.63,109.5,0,1,0,0,0,1,0,1,1,1,1,1,0,1,1,0,0,1,0,0,0,0,0,0,0,0,1,0,0,1,0,0,0,0,2521.7,6B,0,1,0,1,0,1,1,1,1,1,1,,,,,,,,,,,,,,,,,,,,,,,,,,,,,,,,,,,,,,,,,,,,,,,,,,,,,,,,,,
1431,,,628,709,,14.10,72.75,1624,11.3,15.750,3.059,6.45,5.031,23.51,1.00,0.73,-0.88,0.22,0.881,1.02,-1.44,1.093,0.00,0.90,2.152,16.5,38.209,0.496,0.000,900,8.49,4.8,-0.61,-2.59,7.5,1,1,0,1,1,1,0,0,0,0,1,0,0,0,0,0,0,0,0,0,1,1,1,1,1,0,0,0,0,0,0,0,1,1,5155.0,0C,1,1,0,1,1,0,1,0,0,143.31,415.38,,,,,,,,,,,,,,,,,,,,,,,,,,,,,,,,,,,,,,,,,,,,,,,,,,,,,,,,,,
1432,,,629,107,,14.10,72.75,1631,12.5,12.750,3.245,6.45,3.569,23.79,1.00,0.22,-0.88,0.20,0.931,1.02,-1.44,1.093,0.00,0.90,1.957,16.5,37.171,0.496,42.750,2520,-63.06,1766.7,1.16,-49.63,109.5,0,1,0,0,0,1,0,1,1,1,1,1,0,1,1,0,0,1,0,0,0,0,0,0,0,0,0,0,0,1,0,0,0,0,10500.2,FE,0,1,0,1,0,1,1,1,1,1,1,,,,,,,,,,,,,,,,,,,,,,,,,,,,,,,,,,,,,,,,,,,,,,,,,,,,,,,,,,
1433,,,629,498,,14.10,72.75,1623,12.5,10.500,3.046,5.83,1.944,22.76,1.00,0.80,-0.88,0.56,0.905,1.02,-1.44,1.091,0.00,0.90,1.957,16.5,34.752,0.496,0.000,900,8.51,4.8,-0.61,-2.60,7.5,1,1,0,1,1,1,0,0,0,0,1,0,0,0,0,0,0,0,0,0,1,1,1,1,1,0,0,0,0,0,0,0,1,1,5155.0,0C,1,1,0,1,1,0,1,0,0,136.81,399.19,,,,,,,,,,,,,,,,,,,,,,,,,,,,,,,,,,,,,,,,,,,,,,,,,,,,,,,,,,
1434,,,629,890,,14.10,72.75,1647,11.3,15.000,2.803,5.59,1.944,20.46,1.00,0.80,-0.88,0.36,0.911,1.02,-1.44,1.091,0.00,0.90,1.862,16.5,33.021,0.496,0.000,900,8.48,4.8,-0.60,-2.59,7.5,1,1,0,1,1,1,0,0,0,0,1,0,0,0,0,0,0,0,0,0,1,1,1,1,1,0,0,0,0,0,0,0,1,1,5155.0,0C,1,1,0,1,1,0,1,0,0,125.88,372.94,,,,,,,,,,,,,,,,,,,,,,,,,,,,,,,,,,,,,,,,,,,,,,,,,,,,,,,,,,
1435,,,630,300,,14.10,72.75,1576,11.3,12.000,2.822,5.15,1.781,20.11,1.00,0.77,-0.88,0.74,0.934,1.02,-1.44,1.088,0.00,0.90,1.862,16.5,31.296,0.496,0.000,900,8.52,4.8,-0.61,-2.60,7.5,1,1,0,1,1,1,0,0,0,0,1,0,0,0,0,0,0,0,0,0,1,1,1,1,1,0,0,0,0,0,0,0,1,1,5155.0,0C,1,1,0,1,1,0,1,0,0,122.44,364.38,,,,,,,,,,,,,,,,,,,,,,,,,,,,,,,,,,,,,,,,,,,,,,,,,,,,,,,,,,
1436,,,630,692,,14.10,72.75,1599,11.3,13.500,2.669,5.22,2.109,19.43,1.00,0.91,-0.88,0.86,0.892,1.02,-1.44,1.086,0.00,0.90,1.862,16.5,31.296,0.496,0.000,900,8.52,4.8,-0.61,-2.60,7.5,1,1,0,1,1,1,0,0,0,0,1,0,0,0,0,0,0,0,0,0,1,1,1,1,1,0,0,0,0,0,0,0,1,1,5155.0,0C,1,1,0,1,1,0,1,0,0,119.38,357.81,,,,,,,,,,,,,,,,,,,,,,,,,,,,,,,,,,,,,,,,,,,,,,,,,,,,,,,,,,
1437,,,631,077,,14.10,72.75,1537,11.3,14.250,2.714,5.22,3.406,20.11,1.00,0.87,-0.88,0.75,0.871,1.02,-1.44,1.084,0.00,0.90,1.666,16.5,31.983,0.496,0.000,900,8.52,4.8,-0.61,-2.60,7.5,1,1,0,1,1,1,0,0,0,0,1,0,0,0,0,0,0,0,0,0,1,1,1,1,1,0,0,0,0,0,0,0,1,1,5155.0,0C,1,1,0,1,1,0,1,0,0,122.69,366.00,,,,,,,,,,,,,,,,,,,,,,,,,,,,,,,,,,,,,,,,,,,,,,,,,,,,,,,,,,
1438,,,631,467,,14.10,72.75,1526,11.3,20.250,2.810,5.27,2.593,20.63,1.00,0.24,-0.88,0.23,0.890,1.02,-1.44,1.083,0.00,0.90,1.666,16.5,33.371,0.496,0.000,900,8.52,4.8,-0.61,-2.60,7.5,1,1,0,1,1,1,0,0,0,0,1,0,0,0,0,0,0,0,0,0,1,1,1,1,1,0,0,0,0,0,0,0,1,1,5155.0,0C,1,1,0,1,1,0,1,0,0,125.00,371.31,,,,,,,,,,,,,,,,,,,,,,,,,,,,,,,,,,,,,,,,,,,,,,,,,,,,,,,,,,
1439,,,631,869,,14.10,72.75,1539,11.3,16.500,3.238,6.69,3.890,23.16,1.00,0.23,-0.88,0.22,0.911,1.02,-1.44,1.084,0.00,0.90,1.666,16.5,36.133,0.496,0.000,900,8.52,4.8,-0.61,-2.60,7.5,1,1,0,1,1,1,0,0,0,0,1,0,0,0,0,0,0,0,0,0,1,1,1,1,1,0,0,0,0,0,0,0,1,1,5155.0,0C,1,1,0,1,1,0,1,0,0,143.06,413.13,,,,,,,,,,,,,,,,,,,,,,,,,,,,,,,,,,,,,,,,,,,,,,,,,,,,,,,,,,
1440,,,632,270,,14.10,72.75,1570,11.3,10.500,3.488,6.54,3.890,25.05,1.00,0.49,-0.88,0.48,0.937,1.02,-1.44,1.087,0.00,0.90,1.666,16.5,36.828,0.496,0.000,900,8.52,4.8,-0.61,-2.60,7.5,1,1,0,1,1,1,0,0,0,0,1,0,0,0,0,0,0,0,0,0,1,1,1,1,1,0,0,0,0,0,0,0,1,1,5155.0,0C,1,1,0,1,1,0,1,0,0,153.06,434.81,,,,,,,,,,,,,,,,,,,,,,,,,,,,,,,,,,,,,,,,,,,,,,,,,,,,,,,,,,
1441,,,632,661,,14.10,72.75,1580,11.3,12.750,3.251,6.45,5.359,24.47,1.00,0.86,-0.88,0.81,0.892,0.05,0.75,0.750,0.01,0.75,0.194,-40.5,90.236,0.766,42.750,2520,-65.40,1766.7,1.16,-49.63,109.5,0,1,0,0,0,1,0,1,1,1,1,1,0,1,1,0,0,1,0,0,0,0,0,0,0,0,1,0,0,1,0,0,0,0,3716.3,AA,0,1,0,1,0,1,1,1,1,1,1,,,,,,,,,,,,,,,,,,,,,,,,,,,,,,,,,,,,,,,,,,,,,,,,,,,,,,,,,,
1442,,,633,052,,14.10,72.75,1606,11.3,12.750,3.264,6.45,3.734,24.30,1.44,1.24,-1.39,0.36,0.007,0.00,9.22,1.805,0.01,1.00,68.662,42.0,82.051,0.916,0.000,90,75.08,4983.4,-199.48,-199.48,-199.48,-199.48,-199.48,-199.48,-199.48,-199.48,-199.48,-199.48,-199.48,-199.48,-199.48,-199.48,-199.48,-199.48,-199.48,-199.48,-199.48,-199.48,-199.48,-199.48,-199.48,-199.48,-199.48,-199.48,-199.48,-199.48,-199.48,-199.48,-199.48,-199.48,-199.48,-199.48,-199.48,-199.48,-199.48,-199.48,,,,,,,,,,,,,,,,,,,,,,,,,,,,,,,,,,,,,,,,,,,,,,,,,,,,,,,,,,,,,,,,,,,,,,
1443,,,633,446,,14.10,72.75,1637,11.3,13.500,3.027,6.49,4.054,22.43,1.00,0.38,-0.88,0.70,0.936,0.05,-2.32,0.743,0.01,0.75,0.194,-40.5,85.158,0.766,43.500,2520,-62.27,1766.7,1.16,-49.63,109.5,0,1,0,0,0,1,0,1,1,1,1,1,0,1,1,0,0,1,0,0,0,0,0,0,0,0,0,0,0,1,0,0,0,0,10414.8,D6,0,1,0,1,0,1,1,1,1,1,1,,,,,,,,,,,,,,,,,,,,,,,,,,,,,,,,,,,,,,,,,,,,,,,,,,,,,,,,,,
1444,,,633,846,,14.10,72.75,1642,12.5,12.750,3.136,6.25,2.429,23.20,1.00,0.27,-0.88,0.25,0.932,1.02,-1.44,1.095,0.00,0.90,2.152,16.5,37.171,0.496,0.000,900,8.48,4.8,-0.60,-2.59,7.5,1,1,0,1,1,1,0,0,0,0,1,0,0,0,0,0,0,0,0,0,1,1,1,1,1,0,0,0,0,0,0,0,1,1,5155.0,0C,1,1,0,1,1,0,1,0,0,138.44,406.44,,,,,,,,,,,,,,,,,,,,,,,,,,,,,,,,,,,,,,,,,,,,,,,,,,,,,,,,,,
1445,,,634,239,,14.10,72.75,1645,12.5,12.750,2.944,6.01,4.382,22.03,1.00,0.25,-0.88,0.22,0.902,1.02,-1.44,1.095,0.00,0.90,2.152,16.5,35.790,0.496,0.000,900,8.48,4.8,-0.60,-2.59,7.5,1,1,0,1,1,1,0,0,0,0,1,0,0,0,0,0,0,0,0,0,1,1,1,1,1,0,0,0,0,0,0,0,1,1,5155.0,0C,1,1,0,1,1,0,1,0,0,132.19,392.75,,,,,,,,,,,,,,,,,,,,,,,,,,,,,,,,,,,,,,,,,,,,,,,,,,,,,,,,,,
1446,,,634,623,,14.10,72.75,1650,12.5,10.500,3.533,284.38,15.760,224.84,1.44,1.24,-1.40,0.01,0.007,0.05,-2.32,0.764,0.01,0.75,0.194,-40.5,85.939,0.766,43.500,2520,-63.06,1766.7,1.16,-49.63,109.5,0,1,0,0,0,1,0,1,1,1,1,1,0,1,1,0,0,1,0,0,0,0,0,0,0,0,1,0,0,1,0,0,0,0,4868.5,38,0,1,0,1,0,1,1,1,1,1,1,,,,,,,,,,,,,,,,,,,,,,,,,,,,,,,,,,,,,,,,,,,,,,,,,,,,,,,,,,
1447,,,635,018,,14.10,72.75,1669,12.5,9.750,3.475,6.79,3.484,24.94,1.00,0.44,-0.88,0.23,0.925,1.02,-1.44,1.093,0.00,0.90,2.483,16.5,37.514,0.496,0.000,900,8.47,4.8,-0.60,-2.59,7.5,1,1,0,1,1,1,0,0,0,0,1,0,0,0,0,0,0,0,0,0,1,1,1,1,1,0,0,0,0,0,0,0,1,1,5155.0,0C,1,1,0,1,1,0,1,0,0,150.31,432.13,,,,,,,,,,,,,,,,,,,,,,,,,,,,,,,,,,,,,,,,,,,,,,,,,,,,,,,,,,
1448,,,635,416,,14.10,72.75,1742,12.5,17.250,3.046,7.06,3.569,22.10,1.00,0.70,-0.88,0.26,0.934,1.02,-1.44,1.100,0.00,0.90,2.483,16.5,37.858,0.496,0.000,900,8.40,4.8,-0.60,-2.56,7.5,1,1,0,1,1,1,0,0,0,0,1,0,0,0,0,0,0,0,0,0,1,1,1,1,1,0,0,0,0,0,0,0,1,1,5155.0,0C,1,1,0,1,1,0,1,0,0,137.38,405.50,,,,,,,,,,,,,,,,,,,,,,,,,,,,,,,,,,,,,,,,,,,,,,,,,,,,,,,,,,
1449,,,635,809,,14.10,72.75,1785,12.5,19.500,3.238,7.52,3.890,22.76,1.00,0.21,-0.88,0.20,0.975,1.02,-1.44,1.112,0.00,0.90,0.194,-40.5,68.360,0.766,45.750,2520,-52.12,1766.7,1.16,-49.63,109.5,0,1,0,0,0,1,0,1,1,1,1,1,0,1,1,0,0,1,0,0,0,0,0,0,0,0,0,0,0,1,0,0,0,0,7854.8,5B,0,1,0,1,0,1,1,1,1,1,1,,,,,,,,,,,,,,,,,,,,,,,,,,,,,,,,,,,,,,,,,,,,,,,,,,,,,,,,,,
1450,,,636,198,,14.10,72.75,1766,12.5,12.000,3.277,6.93,3.241,22.73,1.00,0.20,-0.88,0.20,1.002,0.06,3.62,0.764,0.01,0.75,0.194,-40.5,72.267,0.766,45.000,2520,-54.46,1766.7,1.16,-49.63,109.5,0,1,0,0,0,1,0,1,1,1,1,1,0,1,1,0,0,1,0,0,0,0,0,0,0,0,0,0,0,1,0,0,0,0,6574.8,4F,0,1,0,1,0,1,1,1,1,1,1,,,,,,,,,,,,,,,,,,,,,,,,,,,,,,,,,,,,,,,,,,,,,,,,,,,,,,,,,,
1451,,,636,586,,14.10,-47.25,2562,230.0,2.250,322.771,234.38,54.432,506.98,1.44,1.24,-1.41,0.51,0.007,0.06,3.62,0.764,0.01,0.75,0.194,-40.5,71.876,0.766,45.000,2520,-54.46,1766.7,1.16,-49.63,109.5,0,1,0,0,0,1,0,1,1,1,1,1,0,1,1,0,0,1,0,0,0,0,0,0,0,0,0,0,0,1,0,0,0,0,6276.2,98,0,1,0,1,0,1,1,1,1,1,1,,,,,,,,,,,,,,,,,,,,,,,,,,,,,,,,,,,,,,,,,,,,,,,,,,,,,,,,,,
1452,,,636,978,,14.10,72.75,1848,13.8,15.000,3.104,7.10,2.109,20.95,1.00,0.31,-0.88,0.37,1.027,1.02,-1.44,1.109,0.00,0.90,2.419,16.5,37.171,0.496,0.000,900,8.32,4.8,-0.60,-2.54,7.5,1,1,0,1,1,1,0,0,0,0,1,0,0,0,0,0,0,0,0,0,1,1,1,1,1,0,0,0,0,0,0,0,1,1,5155.0,0C,1,1,0,1,1,0,1,0,0,126.00,381.94,,,,,,,,,,,,,,,,,,,,,,,,,,,,,,,,,,,,,,,,,,,,,,,,,,,,,,,,,,
1453,,,637,370,,14.10,72.75,1880,13.8,33.750,2.566,5.71,1.295,17.11,1.00,0.36,-0.88,0.22,1.017,1.02,-1.44,1.093,0.00,0.90,2.419,16.5,33.715,0.496,0.000,900,8.28,4.8,-0.59,-2.53,7.5,1,1,0,1,1,1,0,0,0,0,1,0,0,0,0,0,0,0,0,0,1,1,1,1,1,0,0,0,0,1,0,0,1,1,5155.0,0C,1,1,0,1,1,0,1,0,0,102.88,313.69,,,,,,,,,,,,,,,,,,,,,,,,,,,,,,,,,,,,,,,,,,,,,,,,,,,,,,,,,,
1454,,,637,770,,14.10,72.75,1881,13.8,33.750,2.490,5.47,0.319,16.45,1.00,0.83,-0.88,0.70,0.990,1.02,-1.44,1.090,0.00,0.90,1.877,16.5,31.296,0.496,0.000,900,8.28,4.8,-0.59,-3.74,7.5,1,1,0,1,1,1,0,0,0,0,1,0,0,0,0,0,0,0,1,0,1,1,1,1,1,0,0,0,0,1,0,0,1,1,5155.0,0C,1,1,0,1,1,0,1,0,0,100.19,301.69,,,,,,,,,,,,,,,,,,,,,,,,,,,,,,,,,,,,,,,,,,,,,,,,,,,,,,,,,,
1455,,,638,157,,14.10,72.75,1871,13.8,34.500,2.278,5.10,0.319,15.19,1.00,0.85,-0.88,0.68,0.969,1.02,-1.44,1.097,0.00,0.90,1.877,16.5,28.878,0.496,0.000,900,8.29,4.8,-0.59,-3.70,7.5,1,1,0,1,1,1,0,0,0,0,1,0,0,0,0,0,0,0,1,0,1,1,1,1,1,0,0,0,0,1,0,0,1,1,5155.0,0C,1,1,0,1,1,0,1,0,0,92.50,288.19,,,,,,,,,,,,,,,,,,,,,,,,,,,,,,,,,,,,,,,,,,,,,,,,,,,,,,,,,,
1456,,,638,556,,14.10,72.75,1863,13.8,26.250,2.221,4.98,0.647,14.37,1.00,0.30,-0.88,0.23,0.995,1.02,-1.44,1.102,0.00,0.90,1.877,16.5,27.146,0.496,0.000,900,8.30,4.8,-0.59,-3.67,7.5,1,1,0,1,1,1,0,0,0,0,1,0,0,0,0,0,0,0,1,0,1,1,1,1,1,0,0,0,0,1,0,0,1,1,5155.0,0C,1,1,0,1,1,0,1,0,0,85.63,277.75,,,,,,,,,,,,,,,,,,,,,,,,,,,,,,,,,,,,,,,,,,,,,,,,,,,,,,,,,,
1457,,,638,959,,14.10,72.75,1819,13.8,36.000,2.035,4.25,0.647,12.98,1.00,0.77,-0.88,0.31,0.980,1.02,-1.44,1.111,0.00,0.90,1.537,16.5,24.727,0.496,0.000,900,8.34,4.8,-0.60,-3.55,7.5,1,1,0,1,1,1,0,0,0,0,1,0,0,0,0,0,0,0,1,0,1,1,1,1,1,0,0,0,0,1,0,0,1,1,5155.0,0C,1,1,0,1,1,0,1,0,0,74.81,261.50,,,,,,,,,,,,,,,,,,,,,,,,,,,,,,,,,,,,,,,,,,,,,,,,,,,,,,,,,,
1458,,,639,338,,14.10,72.75,1765,12.5,36.750,1.882,946.88,25.525,254.95,1.44,1.24,-1.42,1.01,0.007,0.03,-5.39,0.501,0.01,0.75,0.194,-40.5,72.267,0.766,45.000,2520,-54.46,1766.7,1.16,-43.38,109.5,0,1,0,0,0,1,0,1,1,1,1,1,0,1,1,0,0,1,0,0,0,0,0,0,0,0,0,0,1,0,0,0,0,0,6658.7,38,0,1,0,1,0,1,1,1,1,1,1,,,,,,,,,,,,,,,,,,,,,,,,,,,,,,,,,,,,,,,,,,,,,,,,,,,,,,,,,,
1459,,,639,728,,14.10,72.75,1740,12.5,34.500,2.304,5.03,2.109,14.09,1.00,0.20,-0.88,0.19,1.008,1.02,-1.44,1.102,0.00,0.90,1.537,16.5,29.915,0.496,0.000,900,8.40,4.8,-0.60,-2.57,7.5,1,1,0,1,1,1,0,0,0,0,1,0,0,0,0,0,0,0,0,0,1,1,1,1,1,0,0,0,0,0,0,0,1,1,5155.0,0C,1,1,0,1,1,0,1,0,0,88.56,294.94,,,,,,,,,,,,,,,,,,,,,,,,,,,,,,,,,,,,,,,,,,,,,,,,,,,,,,,,,,
1460,,,640,148,,14.10,72.75,1705,12.5,33.750,2.541,4.98,1.616,15.56,1.00,0.61,-0.88,0.61,1.028,1.02,-1.44,1.091,0.00,0.90,1.447,16.5,27.840,0.496,0.000,900,8.44,4.8,-0.60,-2.58,7.5,1,1,0,1,1,1,0,0,0,0,1,0,0,0,0,0,0,0,0,0,1,1,1,1,1,0,0,0,0,1,0,0,1,1,5155.0,0C,1,1,0,1,1,0,1,0,0,97.25,312.38,,,,,,,,,,,,,,,,,,,,,,,,,,,,,,,,,,,,,,,,,,,,,,,,,,,,,,,,,,
1461,,,640,548,,14.10,72.75,1666,12.5,16.500,2.464,4.54,1.616,15.82,1.00,0.94,-0.88,0.90,0.986,1.02,-1.44,1.088,0.00,0.90,1.447,16.5,25.765,0.496,0.000,900,8.47,4.8,-0.60,-2.58,7.5,1,1,0,1,1,1,0,0,0,0,1,0,0,0,0,0,0,0,0,0,1,1,1,1,1,0,0,0,0,1,0,0,1,1,5155.0,0C,1,1,0,1,1,0,1,0,0,94.25,304.31,,,,,,,,,,,,,,,,,,,,,,,,,,,,,,,,,,,,,,,,,,,,,,,,,,,,,,,,,,
1462,,,640,930,,14.10,72.75,1679,12.5,33.750,2.368,4.98,2.593,15.35,1.00,0.96,-0.88,0.91,0.967,1.02,-1.44,1.092,0.00,0.90,1.370,16.5,30.259,0.496,0.000,900,8.45,4.8,-0.60,-2.58,7.5,1,1,0,1,1,1,0,0,0,0,1,0,0,0,0,0,0,0,0,0,1,1,1,1,1,0,0,0,0,1,0,0,1,1,5155.0,0C,1,1,0,1,1,0,1,0,0,95.38,309.50,,,,,,,,,,,,,,,,,,,,,,,,,,,,,,,,,,,,,,,,,,,,,,,,,,,,,,,,,,
1463,,,641,327,,14.10,72.75,1622,12.5,33.000,2.701,5.15,2.593,18.14,1.00,0.88,-0.88,0.72,0.945,1.02,-1.44,1.086,0.00,0.90,1.370,16.5,30.259,0.496,0.000,900,8.52,4.8,-0.61,-2.60,7.5,1,1,0,1,1,1,0,0,0,0,1,0,0,0,0,0,0,0,0,0,1,1,1,1,1,0,0,0,0,0,0,0,1,1,5155.0,0C,1,1,0,1,1,0,1,0,0,113.31,343.88,,,,,,,,,,,,,,,,,,,,,,,,,,,,,,,,,,,,,,,,,,,,,,,,,,,,,,,,,,
1464,,,641,726,,14.10,72.75,1657,11.3,16.500,2.573,5.15,2.593,18.12,1.00,0.94,-0.88,0.89,0.924,1.02,-1.44,1.090,0.00,0.90,1.370,16.5,31.640,0.496,0.000,900,8.46,4.8,-0.60,-2.58,7.5,1,1,0,1,1,1,0,0,0,0,1,0,0,0,0,0,0,0,0,0,1,1,1,1,1,0,0,0,0,0,0,0,1,1,5155.0,0C,1,1,0,1,1,0,1,0,0,107.63,336.25,,,,,,,,,,,,,,,,,,,,,,,,,,,,,,,,,,,,,,,,,,,,,,,,,,,,,,,,,,
1465,,,642,127,,14.10,72.75,1607,12.5,8.250,2.662,5.10,2.023,18.59,1.00,0.63,-0.88,0.20,0.902,1.02,-1.44,1.085,0.00,0.90,1.656,16.5,28.527,0.496,0.000,900,8.52,4.8,-0.61,-2.60,7.5,1,1,0,1,1,1,0,0,0,0,1,0,0,0,0,0,0,0,0,0,1,1,1,1,1,0,0,0,0,1,0,0,1,1,5155.0,0C,1,1,0,1,1,0,1,0,0,115.38,348.50,,,,,,,,,,,,,,,,,,,,,,,,,,,,,,,,,,,,,,,,,,,,,,,,,,,,,,,,,,
1466,,,642,520,,14.10,72.75,1666,11.3,33.000,2.458,5.15,2.593,17.70,1.00,0.86,-0.88,0.87,0.907,1.02,-1.44,1.089,0.00,0.90,1.656,17.3,31.983,0.496,0.000,900,8.45,4.8,-0.60,-2.58,7.5,1,1,0,1,1,1,0,0,0,0,1,0,0,0,0,0,0,0,0,0,1,1,1,1,1,0,0,0,0,1,0,0,1,1,5155.0,0C,1,1,0,1,1,0,1,0,0,106.19,333.13,,,,,,,,,,,,,,,,,,,,,,,,,,,,,,,,,,,,,,,,,,,,,,,,,,,,,,,,,,
1467,,,642,909,,14.10,72.75,1530,11.3,15.000,2.707,4.91,0.398,19.17,1.00,0.25,-0.88,0.20,0.916,1.02,-1.44,1.083,0.00,0.90,1.479,17.3,27.146,0.496,0.000,900,8.52,4.8,-0.61,-2.62,7.5,1,1,0,1,1,1,0,0,0,0,1,0,0,0,0,0,0,0,1,0,1,1,1,1,1,0,0,0,0,1,0,0,1,1,5155.0,0C,1,1,0,1,1,0,1,0,0,116.63,350.88,,,,,,,,,,,,,,,,,,,,,,,,,,,,,,,,,,,,,,,,,,,,,,,,,,,,,,,,,,
1468,,,643,318,,14.10,72.75,1606,11.3,12.750,2.733,5.22,0.000,19.38,1.00,0.85,-0.88,0.85,0.900,1.02,-1.44,1.083,0.00,0.90,1.479,17.3,30.602,0.496,0.000,900,8.52,4.8,-0.61,-2.91,7.5,1,1,0,1,1,1,0,0,0,0,1,0,0,0,0,0,0,0,1,0,1,1,1,1,1,0,0,0,0,1,0,0,1,1,5155.0,0C,1,1,0,1,1,0,1,0,0,119.94,359.75,,,,,,,,,,,,,,,,,,,,,,,,,,,,,,,,,,,,,,,,,,,,,,,,,,,,,,,,,,
1469,,,643,719,,14.10,72.75,1534,11.3,7.500,2.611,4.79,0.890,19.22,1.00,0.88,-0.88,0.78,0.880,1.02,-1.44,1.086,0.00,0.90,1.479,17.3,28.527,0.496,0.000,900,8.52,4.8,-0.61,-2.78,7.5,1,1,0,1,1,1,0,0,0,0,1,0,0,0,0,0,0,0,1,0,1,1,1,1,1,0,0,0,0,1,0,0,1,1,5155.0,0C,1,1,0,1,1,0,1,0,0,115.38,348.00,,,,,,,,,,,,,,,,,,,,,,,,,,,,,,,,,,,,,,,,,,,,,,,,,,,,,,,,,,
1470,,,644,109,,14.10,72.75,1460,11.3,3.750,2.496,4.13,0.967,18.42,1.00,0.83,-0.88,0.69,0.860,1.02,-1.44,1.071,0.00,0.90,1.479,17.3,25.071,0.496,0.000,900,8.52,4.8,-0.61,-2.21,7.5,1,1,0,1,1,1,0,0,0,0,1,0,0,0,0,0,0,0,1,0,1,1,1,1,1,0,0,0,0,1,0,0,1,1,5155.0,0C,1,1,0,1,1,0,1,0,0,106.75,339.63,,,,,,,,,,,,,,,,,,,,,,,,,,,,,,,,,,,,,,,,,,,,,,,,,,,,,,,,,,
1471,,,644,500,,14.10,72.75,1448,10.0,15.750,2.342,4.30,3.078,17.02,1.00,0.18,-0.88,0.18,0.885,1.02,-1.44,1.080,0.00,0.90,1.479,17.3,27.840,0.496,0.000,900,8.52,4.8,-0.61,-2.41,7.5,1,1,0,1,1,1,0,0,0,0,1,0,0,0,0,0,0,0,0,0,1,1,1,1,1,0,0,0,0,1,0,0,1,1,5155.0,0C,1,1,0,1,1,0,1,0,0,105.25,326.63,,,,,,,,,,,,,,,,,,,,,,,,,,,,,,,,,,,,,,,,,,,,,,,,,,,,,,,,,,
1472,,,644,900,,14.00,72.75,1339,10.0,6.750,2.579,4.86,1.703,18.73,1.00,0.21,-0.88,0.20,0.901,1.02,-1.44,1.059,0.00,0.90,1.337,17.3,26.802,0.496,0.000,900,8.53,4.8,-0.61,-1.55,7.5,1,1,0,1,1,1,0,0,0,0,1,0,0,0,0,0,0,0,0,0,1,1,1,1,1,0,0,0,0,1,0,0,1,1,5155.0,0C,1,1,0,1,1,0,1,0,0,115.25,382.13,,,,,,,,,,,,,,,,,,,,,,,,,,,,,,,,,,,,,,,,,,,,,,,,,,,,,,,,,,
1473,,,645,297,,14.10,72.75,1335,8.8,6.000,2.778,1228.13,14.588,218.74,1.44,1.24,-1.35,0.17,0.007,0.03,11.30,0.515,0.01,0.75,0.194,-40.5,91.408,0.766,42.750,2530,-51.34,1766.7,1.16,-43.38,109.5,0,1,0,0,0,1,0,1,1,1,1,1,0,1,1,0,0,1,0,0,0,0,0,0,0,0,1,1,1,0,0,0,0,0,6745.2,C4,0,1,0,1,0,1,1,1,1,1,1,,,,,,,,,,,,,,,,,,,,,,,,,,,,,,,,,,,,,,,,,,,,,,,,,,,,,,,,,,
1474,,,645,690,,14.00,72.75,1214,8.8,10.500,2.624,4.25,0.484,18.07,1.00,0.23,-0.88,0.22,0.936,1.02,-1.44,1.059,0.00,0.90,1.337,17.3,23.346,0.496,0.000,900,8.53,4.8,-0.61,-0.19,7.5,1,1,0,1,1,1,0,0,0,0,1,0,0,0,0,0,0,0,1,0,1,1,1,1,1,0,0,0,0,1,0,0,1,1,5155.0,0C,1,1,0,1,1,0,1,0,0,110.94,384.13,,,,,,,,,,,,,,,,,,,,,,,,,,,,,,,,,,,,,,,,,,,,,,,,,,,,,,,,,,
1475,,,646,077,,14.10,72.75,1197,8.8,6.750,2.694,4.00,1.944,18.35,1.00,0.21,-0.88,0.20,0.953,1.02,-1.44,1.057,0.00,0.90,1.127,17.3,23.346,0.496,0.000,900,8.53,4.8,-0.61,-0.20,7.5,1,1,0,1,1,1,0,0,0,0,1,0,0,0,0,0,0,0,0,0,1,1,1,1,1,0,0,0,0,1,0,0,1,1,5155.0,0C,1,1,0,1,1,0,1,0,0,112.38,388.19,,,,,,,,,,,,,,,,,,,,,,,,,,,,,,,,,,,,,,,,,,,,,,,,,,,,,,,,,,
1476,,,646,486,,14.10,72.75,1169,8.8,17.250,2.822,4.74,4.140,19.34,1.00,0.23,-0.88,0.22,0.969,1.02,-1.44,1.053,0.00,0.90,1.127,17.3,26.802,0.496,0.000,900,8.53,4.8,-0.61,0.00,7.5,1,1,0,1,1,1,0,0,0,0,1,0,0,0,0,0,0,0,0,0,1,1,1,1,1,0,0,0,0,0,0,0,1,1,5155.0,0C,1,1,0,1,1,0,1,0,0,119.13,402.94,,,,,,,,,,,,,,,,,,,,,,,,,,,,,,,,,,,,,,,,,,,,,,,,,,,,,,,,,,
1477,,,646,880,,14.10,72.75,1171,8.8,30.000,3.418,6.08,5.359,22.73,1.00,0.22,-0.88,0.21,0.987,1.02,-1.44,1.038,0.00,0.90,1.613,17.3,30.259,0.496,0.000,900,8.53,4.8,-0.61,0.00,7.5,1,1,0,1,1,1,0,0,0,0,1,0,0,0,0,0,0,0,0,0,1,1,1,1,1,0,0,0,0,0,0,0,1,1,5155.0,0C,1,1,0,1,1,0,1,0,0,142.50,459.13,,,,,,,,,,,,,,,,,,,,,,,,,,,,,,,,,,,,,,,,,,,,,,,,,,,,,,,,,,
1478,,,647,278,,14.10,72.75,1230,8.8,9.750,3.667,5.76,4.140,26.27,1.00,0.85,-0.88,0.83,0.954,1.02,-1.44,1.039,0.00,0.90,1.613,17.3,31.983,0.496,0.000,900,8.53,4.8,-0.61,0.00,7.5,1,1,0,1,1,1,0,0,0,0,1,0,0,0,0,0,0,0,0,0,1,1,1,1,1,0,0,0,0,0,0,0,1,1,5155.0,0C,1,1,0,1,1,0,1,0,0,161.25,496.38,,,,,,,,,,,,,,,,,,,,,,,,,,,,,,,,,,,,,,,,,,,,,,,,,,,,,,,,,,
1479,,,647,674,,14.10,73.50,1242,8.8,8.250,3.379,5.03,3.569,25.29,1.00,0.90,-0.88,0.84,0.932,1.02,-1.44,1.044,0.00,0.90,1.613,17.3,31.296,0.496,0.000,900,8.53,4.8,-0.61,0.00,7.5,1,1,0,1,1,1,0,0,0,0,1,0,0,0,0,0,0,0,0,0,1,1,1,1,1,0,0,0,0,0,0,0,1,1,5155.0,0C,1,1,0,1,1,0,1,0,0,155.06,467.44,,,,,,,,,,,,,,,,,,,,,,,,,,,,,,,,,,,,,,,,,,,,,,,,,,,,,,,,,,
1480,,,648,078,,14.10,73.50,1294,8.8,17.250,2.861,5.10,2.109,22.41,1.00,0.86,-0.88,0.79,0.908,1.02,-1.44,1.043,0.00,0.90,1.834,17.3,30.945,0.496,0.000,900,8.53,4.8,-0.61,0.00,7.5,1,1,0,1,1,1,0,0,0,0,1,0,0,0,0,0,0,0,0,0,1,1,1,1,1,0,0,0,0,0,0,0,1,1,5155.0,0C,1,1,0,1,1,0,1,0,0,137.00,440.31,,,,,,,,,,,,,,,,,,,,,,,,,,,,,,,,,,,,,,,,,,,,,,,,,,,,,,,,,,
1481,,,648,460,,14.10,73.50,1347,10.0,14.250,3.334,5.15,3.890,24.38,1.00,0.19,-0.88,0.18,0.934,1.02,-1.44,1.069,0.00,0.90,1.834,17.3,35.096,0.496,0.000,900,8.53,4.8,-0.61,-2.03,7.5,1,1,0,1,1,1,0,0,0,0,1,0,0,0,0,0,0,0,0,0,1,1,1,1,1,0,0,0,0,0,0,0,1,1,5155.0,0C,1,1,0,1,1,0,1,0,0,145.94,420.25,,,,,,,,,,,,,,,,,,,,,,,,,,,,,,,,,,,,,,,,,,,,,,,,,,,,,,,,,,
1482,,,648,860,,13.80,73.50,1294,10.0,15.750,2.925,5.15,3.569,21.87,1.00,0.79,-0.88,0.43,0.916,1.02,-1.44,1.044,0.00,0.90,1.600,17.3,30.259,0.496,0.000,900,8.53,4.8,-0.61,-1.42,7.5,1,1,0,1,1,1,0,0,0,0,1,0,0,0,0,0,0,0,0,0,1,1,1,1,1,0,0,0,0,0,0,0,1,1,5155.0,0C,1,1,0,1,1,0,1,0,0,132.94,429.31,,,,,,,,,,,,,,,,,,,,,,,,,,,,,,,,,,,,,,,,,,,,,,,,,,,,,,,,,,
1483,,,651,532,,14.00,73.50,1408,10.0,12.000,3.430,5.83,3.734,25.01,1.00,0.82,-0.88,0.82,0.934,1.02,-1.44,1.053,0.00,0.90,2.113,17.3,34.058,0.496,0.000,900,8.53,4.8,-0.61,0.00,7.5,1,1,0,1,1,1,0,0,0,0,1,0,0,0,0,0,0,0,0,0,1,1,1,1,1,0,0,0,0,0,0,0,1,1,5155.0,0C,1,1,0,1,1,0,1,0,0,155.13,451.44,,,,,,,,,,,,,,,,,,,,,,,,,,,,,,,,,,,,,,,,,,,,,,,,,,,,,,,,,,
1484,,,651,921,,14.10,73.50,1510,10.0,14.250,3.270,6.37,4.140,24.63,1.00,0.85,-0.88,0.81,0.909,1.02,-1.44,1.085,0.00,0.90,2.113,17.3,37.858,0.496,0.000,900,8.53,4.8,-0.61,0.00,7.5,1,1,0,1,1,1,0,0,0,0,1,0,0,0,0,0,0,0,0,0,1,1,1,1,1,0,0,0,0,0,0,0,1,1,5155.0,0C,1,1,0,1,1,0,1,0,0,151.06,431.38,,,,,,,,,,,,,,,,,,,,,,,,,,,,,,,,,,,,,,,,,,,,,,,,,,,,,,,,,,
1485,,,652,318,,14.10,73.50,1531,11.3,13.500,3.149,5.64,3.328,23.58,1.00,0.22,-0.88,0.21,0.934,1.02,-1.44,1.089,0.00,0.90,2.113,17.3,36.828,0.496,0.000,900,8.52,4.8,-0.61,0.00,7.5,1,1,0,1,1,1,0,0,0,0,1,0,0,0,0,0,0,0,0,0,1,1,1,1,1,0,0,0,0,0,0,0,1,1,5155.0,0C,1,1,0,1,1,0,1,0,0,141.56,409.25,,,,,,,,,,,,,,,,,,,,,,,,,,,,,,,,,,,,,,,,,,,,,,,,,,,,,,,,,,
1486,,,652,698,,14.10,73.50,1552,11.3,14.250,3.091,5.88,3.000,22.90,1.00,0.82,-0.88,0.82,0.921,1.02,-1.44,1.087,0.00,0.90,2.113,17.3,35.790,0.496,0.000,900,8.52,4.8,-0.61,0.00,7.5,1,1,0,1,1,1,0,0,0,0,1,0,0,0,0,0,0,0,0,0,1,1,1,1,1,0,0,0,0,0,0,0,1,1,5155.0,0C,1,1,0,1,1,0,1,0,0,139.38,404.06,,,,,,,,,,,,,,,,,,,,,,,,,,,,,,,,,,,,,,,,,,,,,,,,,,,,,,,,,,
1487,,,653,098,,14.10,73.50,1592,11.3,12.750,3.078,5.88,2.921,23.11,1.00,0.84,-0.88,0.77,0.896,1.02,-1.44,1.089,0.00,0.90,1.851,16.5,35.790,0.496,0.000,900,8.52,4.8,-0.61,-2.60,7.5,1,1,0,1,1,1,0,0,0,0,1,0,0,0,0,0,0,0,0,0,1,1,1,1,1,0,0,0,0,0,0,0,1,1,5155.0,0C,1,1,0,1,1,0,1,0,0,140.44,406.50,,,,,,,,,,,,,,,,,,,,,,,,,,,,,,,,,,,,,,,,,,,,,,,,,,,,,,,,,,
1488,,,653,478,,14.10,73.50,1596,11.3,13.500,2.906,5.71,3.078,22.05,1.00,0.78,-0.88,0.24,0.871,1.02,-1.44,1.088,0.00,0.90,1.851,16.5,34.401,0.496,0.000,900,8.52,4.8,-0.61,-2.60,7.5,1,1,0,1,1,1,0,0,0,0,1,0,0,0,0,0,0,0,0,0,1,1,1,1,1,0,0,0,0,0,0,0,1,1,5155.0,0C,1,1,0,1,1,0,1,0,0,134.00,391.50,,,,,,,,,,,,,,,,,,,,,,,,,,,,,,,,,,,,,,,,,,,,,,,,,,,,,,,,,,
1489,,,653,870,,14.10,73.50,1618,11.3,17.250,2.912,5.83,3.241,21.28,1.00,0.24,-0.88,0.22,0.912,1.02,-1.44,1.088,0.00,0.90,1.761,16.5,35.096,0.496,0.000,900,8.51,4.8,-0.61,-2.60,7.5,1,1,0,1,1,1,0,0,0,0,1,0,0,0,0,0,0,0,0,0,1,1,1,1,1,0,0,0,0,0,0,0,1,1,5155.0,0C,1,1,0,1,1,0,1,0,0,131.69,386.00,,,,,,,,,,,,,,,,,,,,,,,,,,,,,,,,,,,,,,,,,,,,,,,,,,,,,,,,,,
1490,,,654,266,,14.10,73.50,1656,11.3,18.000,3.238,6.93,3.890,23.09,1.00,0.65,-0.88,0.61,0.937,1.02,-1.44,1.093,0.00,0.90,1.761,16.5,37.858,0.496,0.000,900,8.48,4.8,-0.60,-2.59,7.5,1,1,0,1,1,1,0,0,0,0,1,0,0,0,0,0,0,0,0,0,1,1,1,1,1,0,0,0,0,0,0,0,1,1,5155.0,0C,1,1,0,1,1,0,1,0,0,142.06,412.50,,,,,,,,,,,,,,,,,,,,,,,,,,,,,,,,,,,,,,,,,,,,,,,,,,,,,,,,,,
1491,,,654,677,,14.10,73.50,1674,12.5,13.500,3.309,7.06,4.382,23.91,1.00,0.39,-0.88,0.43,0.934,1.02,-1.44,1.095,0.00,0.90,1.761,16.5,38.209,0.496,0.000,900,8.46,4.8,-0.60,-2.58,7.5,1,1,0,1,1,1,0,0,0,0,1,0,0,0,0,0,0,0,0,0,1,1,1,1,1,0,0,0,0,0,0,0,1,1,5155.0,0C,1,1,0,1,1,0,1,0,0,146.56,424.06,,,,,,,,,,,,,,,,,,,,,,,,,,,,,,,,,,,,,,,,,,,,,,,,,,,,,,,,,,
1492,,,655,071,,14.10,73.50,1691,12.5,12.750,3.341,6.98,5.679,24.07,1.00,0.71,-0.88,0.76,0.936,1.02,-1.44,1.100,0.00,0.90,2.277,16.5,39.246,0.496,0.000,900,8.44,4.8,-0.60,-2.58,7.5,1,1,0,1,1,1,0,0,0,0,1,0,0,0,0,0,0,0,0,0,1,1,1,1,1,0,0,0,0,0,0,0,1,1,5155.0,0C,1,1,0,1,1,0,1,0,0,146.81,427.88,,,,,,,,,,,,,,,,,,,,,,,,,,,,,,,,,,,,,,,,,,,,,,,,,,,,,,,,,,
1493,,,655,459,,14.10,73.50,1679,12.5,12.000,3.290,6.74,5.679,23.98,1.00,0.24,-0.88,0.32,0.959,1.02,-1.44,1.101,0.00,0.90,2.277,16.5,38.895,0.496,0.000,900,8.45,4.8,-0.60,-2.58,7.5,1,1,0,1,1,1,0,0,0,0,1,0,0,0,0,0,0,0,0,0,1,1,1,1,1,0,0,0,0,0,0,0,1,1,5155.0,0C,1,1,0,1,1,0,1,0,0,144.88,424.19,,,,,,,,,,,,,,,,,,,,,,,,,,,,,,,,,,,,,,,,,,,,,,,,,,,,,,,,,,
1494,,,655,858,,14.10,73.50,1702,12.5,15.750,3.443,7.35,5.679,24.26,1.00,0.28,-0.88,0.19,0.923,1.02,-1.44,1.092,0.00,0.90,2.070,16.5,37.858,0.496,0.000,900,8.46,4.8,-0.60,-2.58,7.5,1,1,0,1,1,1,0,0,0,0,1,0,0,0,0,0,0,0,0,0,1,1,1,1,1,0,0,0,0,0,0,0,1,1,5155.0,0C,1,1,0,1,1,0,1,0,0,156.56,444.06,,,,,,,,,,,,,,,,,,,,,,,,,,,,,,,,,,,,,,,,,,,,,,,,,,,,,,,,,,
1495,,,656,242,,14.10,73.50,1804,12.5,19.500,3.341,8.25,6.491,24.05,1.00,0.78,-0.88,0.53,0.940,1.02,-1.44,1.114,0.00,0.90,2.070,16.5,43.389,0.496,0.000,900,8.32,4.8,-0.60,-2.54,7.5,1,1,0,1,1,1,0,0,0,0,1,0,0,0,0,0,0,0,0,0,1,1,1,1,1,0,0,0,0,0,0,0,1,1,5155.0,0C,1,1,0,1,1,0,1,0,0,144.50,426.63,,,,,,,,,,,,,,,,,,,,,,,,,,,,,,,,,,,,,,,,,,,,,,,,,,,,,,,,,,
1496,,,656,640,,14.10,73.50,1702,12.5,9.750,3.379,6.74,5.359,24.59,1.00,0.22,-0.88,0.51,0.974,1.02,-1.44,1.103,0.00,0.90,2.070,16.5,39.590,0.496,0.000,900,8.42,4.8,-0.60,-2.57,7.5,1,1,0,1,1,1,0,0,0,0,1,0,0,0,0,0,0,0,0,0,1,1,1,1,1,0,0,0,0,0,0,0,1,1,5155.0,0C,1,1,0,1,1,0,1,0,0,142.19,412.63,,,,,,,,,,,,,,,,,,,,,,,,,,,,,,,,,,,,,,,,,,,,,,,,,,,,,,,,,,
1497,,,657,030,,14.00,73.50,1710,12.5,12.000,3.622,7.23,4.140,24.68,1.00,0.20,-0.88,0.18,0.968,1.02,-1.44,1.093,0.00,0.90,2.419,16.5,37.858,0.496,0.000,900,8.47,4.8,-0.60,-2.58,7.5,1,1,0,1,1,1,0,0,0,0,1,0,0,0,0,0,0,0,0,0,1,1,1,1,1,0,0,0,0,0,0,0,1,1,5155.0,0C,1,1,0,1,1,0,1,0,0,150.38,434.50,,,,,,,,,,,,,,,,,,,,,,,,,,,,,,,,,,,,,,,,,,,,,,,,,,,,,,,,,,
1498,,,657,432,,14.10,73.50,1848,12.5,17.250,3.155,7.52,5.031,22.76,1.00,0.28,-0.88,0.22,0.954,1.02,-1.44,1.111,0.00,0.90,2.419,16.5,40.970,0.496,0.000,900,8.30,4.8,-0.59,-2.53,7.5,1,1,0,1,1,1,0,0,0,0,1,0,0,0,0,0,0,0,0,0,1,1,1,1,1,0,0,0,0,0,0,0,1,1,5155.0,0C,1,1,0,1,1,0,1,0,0,136.19,406.75,,,,,,,,,,,,,,,,,,,,,,,,,,,,,,,,,,,,,,,,,,,,,,,,,,,,,,,,,,
1499,,,657,820,,14.10,73.50,1797,13.8,15.750,3.354,7.40,5.359,23.32,1.00,0.22,-0.88,0.24,0.992,1.02,-1.44,1.114,0.00,0.90,2.483,16.5,41.665,0.496,0.000,900,8.32,4.8,-0.60,-2.54,7.5,1,1,0,1,1,1,0,0,0,0,1,0,0,0,0,0,0,0,0,0,1,1,1,1,1,0,0,0,0,0,0,0,1,1,5155.0,0C,1,1,0,1,1,0,1,0,0,145.19,401.75,,,,,,,,,,,,,,,,,,,,,,,,,,,,,,,,,,,,,,,,,,,,,,,,,,,,,,,,,,
1500,,,658,207,,14.10,73.50,1799,13.8,32.250,2.918,6.79,5.359,20.95,1.00,0.82,-0.88,0.59,0.974,1.02,-1.44,1.108,0.00,0.90,2.483,16.5,38.209,0.496,0.000,900,8.37,4.8,-0.60,-2.55,7.5,1,1,0,1,1,1,0,0,0,0,1,0,0,0,0,0,0,0,0,0,1,1,1,1,1,0,0,0,0,0,0,0,1,1,5155.0,0C,1,1,0,1,1,0,1,0,0,133.75,387.50,,,,,,,,,,,,,,,,,,,,,,,,,,,,,,,,,,,,,,,,,,,,,,,,,,,,,,,,,,
1501,,,658,597,,14.10,73.50,1910,13.8,32.250,3.072,7.15,5.600,21.45,1.00,0.86,-0.88,0.86,0.989,1.02,-1.44,1.114,0.00,0.90,2.483,16.5,39.246,0.496,0.000,900,8.28,4.8,-0.59,-2.53,7.5,1,1,0,1,1,1,0,0,0,0,1,0,0,0,0,0,0,0,0,0,1,1,1,1,1,0,0,0,0,0,0,0,1,1,5155.0,0C,1,1,0,1,1,0,1,0,0,131.25,376.31,,,,,,,,,,,,,,,,,,,,,,,,,,,,,,,,,,,,,,,,,,,,,,,,,,,,,,,,,,
1502,,,658,989,,14.10,73.50,1998,15.0,31.500,3.136,7.10,4.218,22.57,1.00,0.94,-0.88,0.91,0.958,1.02,-1.44,1.121,0.00,0.90,2.582,16.5,41.314,0.496,0.000,900,8.20,4.8,-0.59,-2.50,7.5,1,1,0,1,1,1,0,0,0,0,1,0,0,0,0,0,0,0,0,0,1,1,1,1,1,0,0,0,0,0,0,0,1,1,5155.0,0C,1,1,0,1,1,0,1,0,0,136.56,365.75,,,,,,,,,,,,,,,,,,,,,,,,,,,,,,,,,,,,,,,,,,,,,,,,,,,,,,,,,,
1503,,,659,403,,14.10,73.50,2077,15.0,33.000,3.053,6.98,5.359,22.27,1.00,0.97,-0.88,0.91,0.927,1.02,-1.44,1.127,0.00,0.90,2.582,16.5,42.702,0.496,0.000,900,8.13,4.8,-0.58,-2.48,7.5,1,1,0,1,1,1,0,0,0,0,1,0,0,0,0,0,0,0,0,0,1,1,1,1,1,0,0,0,0,0,0,0,1,1,5155.0,0C,1,1,0,1,1,0,1,0,0,136.00,353.56,,,,,,,,,,,,,,,,,,,,,,,,,,,,,,,,,,,,,,,,,,,,,,,,,,,,,,,,,,
1504,,,659,788,,14.10,73.50,2124,15.0,33.000,2.906,6.93,4.866,21.80,1.00,0.97,-0.88,0.92,0.894,1.02,-1.44,1.129,0.00,0.90,2.511,16.5,43.740,0.496,0.000,900,8.08,4.8,-0.58,-2.47,7.5,1,1,0,1,1,1,0,0,0,0,1,0,0,0,0,0,0,0,0,0,1,1,1,1,1,0,0,0,0,0,0,0,1,1,5155.0,0C,1,1,0,1,1,0,1,0,0,133.13,346.88,,,,,,,,,,,,,,,,,,,,,,,,,,,,,,,,,,,,,,,,,,,,,,,,,,,,,,,,,,
1505,,,660,195,,14.10,73.50,2148,16.3,33.000,2.784,6.86,5.031,21.47,1.00,0.98,-0.88,0.92,0.862,1.02,-1.44,1.128,0.00,0.90,2.511,16.5,44.083,0.496,0.000,900,8.07,4.8,-0.58,-2.46,7.5,1,1,0,1,1,1,0,0,0,0,1,0,0,0,0,0,0,0,0,0,1,1,1,1,1,0,0,0,0,0,0,0,1,1,5155.0,0C,1,1,0,1,1,0,1,0,0,130.25,341.75,,,,,,,,,,,,,,,,,,,,,,,,,,,,,,,,,,,,,,,,,,,,,,,,,,,,,,,,,,
1506,,,660,600,,14.10,73.50,2204,16.3,33.000,2.643,7.03,5.843,21.02,1.00,0.97,-0.88,0.89,0.829,1.02,-1.44,1.128,0.00,0.90,2.511,16.5,44.770,0.496,0.000,900,8.03,4.8,-0.57,-2.45,7.5,1,1,0,1,1,1,0,0,0,0,1,0,0,0,0,0,0,0,0,0,1,1,1,1,1,0,0,0,0,0,0,0,1,1,5155.0,0C,1,1,0,1,1,0,1,0,0,126.94,336.00,,,,,,,,,,,,,,,,,,,,,,,,,,,,,,,,,,,,,,,,,,,,,,,,,,,,,,,,,,
1507,,,660,990,,14.10,73.50,2237,16.3,33.750,2.528,7.06,5.679,20.79,1.00,0.92,-0.88,0.80,0.796,1.02,-1.44,1.128,0.00,0.90,2.438,16.5,45.464,0.496,0.000,900,8.00,4.8,-0.57,-2.44,7.5,1,1,0,1,1,1,0,0,0,0,1,0,0,0,0,0,0,0,0,0,1,1,1,1,1,0,0,0,0,0,0,0,1,1,5155.0,0C,1,1,0,1,1,0,1,0,0,127.13,337.56,,,,,,,,,,,,,,,,,,,,,,,,,,,,,,,,,,,,,,,,,,,,,,,,,,,,,,,,,,
1508,,,661,381,,14.10,73.50,2248,16.3,33.750,2.605,7.15,5.921,20.95,1.00,0.22,-0.88,0.20,0.819,1.02,-1.44,1.129,0.00,0.90,2.438,16.5,45.808,0.496,51.750,2520,-24.77,1766.7,1.16,-49.63,109.5,0,1,0,0,0,1,0,1,1,1,1,1,0,1,1,0,0,1,0,0,0,0,0,0,0,0,1,1,1,0,0,0,0,0,9859.5,0D,0,1,0,1,0,1,1,1,1,1,1,,,,,,,,,,,,,,,,,,,,,,,,,,,,,,,,,,,,,,,,,,,,,,,,,,,,,,,,,,
1509,,,661,770,,14.10,73.50,2286,16.3,33.750,2.662,7.23,5.679,20.81,1.00,0.26,-0.88,0.24,0.853,1.02,-1.44,1.130,0.00,0.90,2.438,16.5,46.159,0.496,0.000,900,7.97,4.8,-0.57,-2.43,7.5,1,1,0,1,1,1,0,0,0,0,1,0,0,0,0,0,0,0,0,0,1,1,1,1,1,0,0,0,0,0,0,0,1,1,5155.0,0C,1,1,0,1,1,0,1,0,0,126.19,337.50,,,,,,,,,,,,,,,,,,,,,,,,,,,,,,,,,,,,,,,,,,,,,,,,,,,,,,,,,,
1510,,,662,173,,14.10,73.50,2331,17.5,34.500,2.598,7.40,5.194,20.16,1.00,0.22,-0.88,0.20,0.860,1.02,-1.44,1.132,0.00,0.90,2.438,16.5,46.845,0.496,0.000,900,7.94,4.8,-0.40,-49.63,109.5,0,1,0,0,0,1,0,1,1,1,1,1,0,1,1,0,0,1,0,0,0,0,0,0,0,0,1,1,1,0,0,0,0,0,7555.3,CE,0,1,0,1,0,1,1,1,1,1,1,,,,,,,,,,,,,,,,,,,,,,,,,,,,,,,,,,,,,,,,,,,,,,,,,,,,,,,,,,
1511,,,662,577,,14.10,73.50,2339,17.5,33.750,2.714,7.59,5.194,20.60,1.00,0.41,-0.88,0.25,0.894,1.02,-1.44,1.133,0.00,0.90,2.438,16.5,47.196,0.496,0.000,900,7.93,4.8,-0.57,-2.42,7.5,1,1,0,1,1,1,0,0,0,0,1,0,0,0,0,0,0,0,0,0,1,1,1,1,1,0,0,0,0,0,0,0,1,1,5155.0,0C,1,1,0,1,1,0,1,0,0,124.50,336.69,,,,,,,,,,,,,,,,,,,,,,,,,,,,,,,,,,,,,,,,,,,,,,,,,,,,,,,,,,
1512,,,662,958,,14.10,73.50,2365,17.5,33.750,2.688,7.47,3.406,20.32,1.00,0.22,-0.88,0.20,0.897,1.02,-1.44,1.134,0.00,0.90,2.640,16.5,45.808,0.496,0.000,900,7.91,4.8,-0.56,-2.41,7.5,1,1,0,1,1,1,0,0,0,0,1,0,0,0,0,0,0,0,0,0,1,1,1,1,1,0,0,0,0,0,0,0,1,1,5155.0,0C,1,1,0,1,1,0,1,0,0,123.56,336.44,,,,,,,,,,,,,,,,,,,,,,,,,,,,,,,,,,,,,,,,,,,,,,,,,,,,,,,,,,
1513,,,663,350,,14.10,73.50,2415,17.5,34.500,2.765,7.91,3.328,20.11,1.00,0.21,-0.88,0.19,0.925,1.02,-1.44,1.137,0.00,0.90,2.640,16.5,46.845,0.496,0.000,900,7.89,4.8,-0.56,-2.41,7.5,1,1,0,1,1,1,0,0,0,0,1,0,0,0,0,0,0,0,0,0,1,1,1,1,1,0,0,0,0,0,0,0,1,1,5155.0,0C,1,1,0,1,1,0,1,0,0,123.94,337.94,,,,,,,,,,,,,,,,,,,,,,,,,,,,,,,,,,,,,,,,,,,,,,,,,,,,,,,,,,
1514,,,663,756,,14.10,73.50,2432,17.5,34.500,2.630,7.76,3.406,19.01,1.00,0.26,-0.88,0.22,0.914,1.02,-1.44,1.137,0.00,0.90,2.640,16.5,44.427,0.496,0.000,900,7.87,4.8,-0.56,-2.40,7.5,1,1,0,1,1,1,0,0,0,0,1,0,0,0,0,0,0,0,0,0,1,1,1,1,1,0,0,0,0,0,0,0,1,1,5155.0,0C,1,1,0,1,1,0,1,0,0,118.44,326.63,,,,,,,,,,,,,,,,,,,,,,,,,,,,,,,,,,,,,,,,,,,,,,,,,,,,,,,,,,
1515,,,664,159,,14.10,73.50,2463,17.5,35.250,2.579,7.59,2.023,17.84,1.00,0.26,-0.88,0.21,0.964,1.02,-1.44,1.140,0.00,0.90,2.640,16.5,42.702,0.496,0.000,900,7.85,4.8,-0.56,-2.40,7.5,1,1,0,1,1,1,0,0,0,0,1,0,0,0,0,0,0,0,0,0,1,1,1,1,1,0,0,0,0,0,0,0,1,1,5155.0,0C,1,1,0,1,1,0,1,0,0,107.44,311.06,,,,,,,,,,,,,,,,,,,,,,,,,,,,,,,,,,,,,,,,,,,,,,,,,,,,,,,,,,
1516,,,664,558,,14.10,73.50,2486,18.8,36.000,2.438,7.06,2.272,16.13,1.00,0.22,-0.88,0.21,0.997,1.02,-1.44,1.144,0.00,0.90,2.640,16.5,38.895,0.496,0.000,900,7.83,4.8,-0.56,-2.39,7.5,1,1,0,1,1,1,0,0,0,0,1,0,0,0,0,0,0,0,0,0,1,1,1,1,1,0,0,0,0,0,0,0,1,1,5155.0,0C,1,1,0,1,1,0,1,0,0,97.13,289.00,,,,,,,,,,,,,,,,,,,,,,,,,,,,,,,,,,,,,,,,,,,,,,,,,,,,,,,,,,
1517,,,664,958,,14.10,73.50,2495,18.8,36.000,2.496,7.59,2.272,16.57,1.00,0.80,-0.88,0.76,0.978,1.02,-1.44,1.146,0.00,0.90,2.559,16.5,41.314,0.496,0.000,900,7.82,4.8,-0.56,-2.39,7.5,1,1,0,1,1,1,0,0,0,0,1,0,0,0,0,0,0,0,0,0,1,1,1,1,1,0,0,0,0,0,0,0,1,1,5155.0,0C,1,1,0,1,1,0,1,0,0,101.13,301.44,,,,,,,,,,,,,,,,,,,,,,,,,,,,,,,,,,,,,,,,,,,,,,,,,,,,,,,,,,
1518,,,665,354,,14.10,73.50,2509,18.8,36.000,2.464,7.35,2.593,15.87,1.00,0.37,-0.88,0.24,1.023,1.02,-1.44,1.148,0.00,0.90,2.559,16.5,40.970,0.496,0.000,900,7.81,4.8,-0.56,-2.38,7.5,1,1,0,1,1,1,0,0,0,0,1,0,0,0,0,0,0,0,0,0,0,0,0,0,0,0,0,1,1,0,0,0,0,0,856.3,54,0,1,0,1,0,1,1,1,1,1,1,,,,,,,,,,,,,,,,,,,,,,,,,,,,,,,,,,,,,,,,,,,,,,,,,,,,,,,,,,
1519,,,665,749,,14.10,73.50,2512,18.8,35.250,2.573,8.62,3.734,16.71,1.00,0.88,-0.88,0.84,1.004,1.02,-1.44,1.149,0.00,0.90,2.559,16.5,44.427,0.496,0.000,900,7.81,4.8,-0.56,-2.38,7.5,1,1,0,1,1,1,0,0,0,0,1,0,0,0,0,0,0,0,0,0,1,1,1,1,1,0,0,0,0,0,0,0,1,1,5155.0,0C,1,1,0,1,1,0,1,0,0,109.69,324.38,,,,,,,,,,,,,,,,,,,,,,,,,,,,,,,,,,,,,,,,,,,,,,,,,,,,,,,,,,
1520,,,666,147,,14.10,73.50,2538,18.8,35.250,2.848,8.13,3.406,18.35,1.00,0.24,-0.88,0.23,1.045,1.02,-1.44,1.150,0.00,0.90,2.879,16.5,45.121,0.496,0.000,900,7.79,4.8,-0.56,-2.38,7.5,1,1,0,1,1,1,0,0,0,0,1,0,0,0,0,0,0,0,0,0,1,1,1,1,1,0,0,0,0,0,0,0,1,1,5155.0,0C,1,1,0,1,1,0,1,0,0,111.63,330.88,,,,,,,,,,,,,,,,,,,,,,,,,,,,,,,,,,,,,,,,,,,,,,,,,,,,,,,,,,
1521,,,666,551,,14.10,73.50,2559,18.8,36.000,2.624,8.08,3.078,16.85,1.00,0.81,-0.88,0.80,1.035,1.02,-1.44,1.152,0.00,0.90,2.879,16.5,44.427,0.496,0.000,900,7.78,4.8,-0.56,-2.37,7.5,1,1,0,1,1,1,0,0,0,0,1,0,0,0,0,0,0,0,0,0,1,1,1,1,1,0,0,0,0,0,0,0,1,1,5155.0,0C,1,1,0,1,1,0,1,0,0,102.81,314.13,,,,,,,,,,,,,,,,,,,,,,,,,,,,,,,,,,,,,,,,,,,,,,,,,,,,,,,,,,
1522,,,666,955,,14.10,73.50,2576,18.8,36.000,2.771,8.13,3.078,16.95,1.00,0.21,-0.88,0.20,1.074,1.02,-1.44,1.153,0.00,0.90,2.559,16.5,44.770,0.496,55.500,2520,-6.81,1766.7,1.16,-49.63,109.5,0,1,0,0,0,1,0,1,1,1,1,1,0,1,1,0,0,1,0,0,0,0,0,0,0,0,0,1,1,0,0,0,0,0,3075.2,A3,0,1,0,1,0,1,1,1,1,1,1,,,,,,,,,,,,,,,,,,,,,,,,,,,,,,,,,,,,,,,,,,,,,,,,,,,,,,,,,,
1523,,,667,338,,14.10,73.50,2623,18.8,36.750,2.784,8.74,3.406,16.29,1.00,0.23,-0.88,0.21,1.107,1.02,-1.44,1.159,0.00,0.90,2.559,16.5,47.196,0.496,0.000,900,7.73,4.8,-0.55,-2.36,7.5,1,1,0,1,1,1,0,0,0,0,1,0,0,0,0,0,0,0,0,0,1,1,1,1,1,0,0,0,0,0,0,0,1,1,5155.0,0C,1,1,0,1,1,0,1,0,0,101.75,320.13,,,,,,,,,,,,,,,,,,,,,,,,,,,,,,,,,,,,,,,,,,,,,,,,,,,,,,,,,,
1524,,,667,729,,14.10,73.50,2669,20.0,36.000,3.155,9.30,3.890,18.21,1.00,0.24,-0.88,0.25,1.143,1.02,-1.44,1.163,0.00,0.90,2.559,16.5,50.996,0.496,0.000,900,7.70,4.8,-0.55,-2.35,7.5,1,1,0,1,1,1,0,0,0,0,1,0,0,0,0,0,0,0,0,0,1,1,1,1,1,0,0,0,0,0,0,0,1,1,5155.0,0C,1,1,0,1,1,0,1,0,0,110.00,338.25,,,,,,,,,,,,,,,,,,,,,,,,,,,,,,,,,,,,,,,,,,,,,,,,,,,,,,,,,,
1525,,,668,116,,14.10,73.50,2713,20.0,36.000,2.982,9.35,3.890,17.77,1.00,0.55,-0.88,0.27,1.113,1.02,-1.44,1.166,0.00,0.90,3.522,16.5,51.682,0.496,0.000,900,7.68,4.8,-0.55,-2.34,7.5,1,1,0,1,1,1,0,0,0,0,1,0,0,0,0,0,0,0,0,0,1,1,1,1,1,0,0,0,0,0,0,0,1,1,5155.0,0C,1,1,0,1,1,0,1,0,0,108.25,334.06,,,,,,,,,,,,,,,,,,,,,,,,,,,,,,,,,,,,,,,,,,,,,,,,,,,,,,,,,,
1526,,,668,507,,14.10,73.50,2773,20.0,36.000,2.957,8.98,0.000,16.34,1.00,0.22,-0.88,0.21,1.175,1.02,-1.44,1.166,0.00,0.90,3.522,15.8,48.577,0.496,0.000,900,7.68,4.8,-0.55,-4.43,7.5,1,1,0,1,1,1,0,0,0,0,1,0,0,0,0,0,0,0,1,0,1,1,1,1,1,0,0,0,0,1,0,0,1,1,5155.0,0C,1,1,0,1,1,0,1,0,0,98.38,312.19,,,,,,,,,,,,,,,,,,,,,,,,,,,,,,,,,,,,,,,,,,,,,,,,,,,,,,,,,,
1527,,,668,910,,14.10,73.50,2809,21.3,38.250,2.438,7.76,0.000,13.48,1.00,0.83,-0.88,0.81,1.151,1.02,-1.44,1.166,0.00,0.90,3.169,15.8,42.702,0.496,0.000,900,7.68,4.8,-0.55,-4.45,7.5,1,1,0,1,1,1,0,0,0,0,1,0,0,0,0,0,0,0,1,0,1,1,1,1,1,0,0,0,0,1,0,0,1,1,5155.0,0C,1,1,0,1,1,0,1,0,0,81.13,272.94,,,,,,,,,,,,,,,,,,,,,,,,,,,,,,,,,,,,,,,,,,,,,,,,,,,,,,,,,,
1528,,,669,318,,14.10,73.50,2774,20.0,39.000,2.176,6.62,0.000,11.09,1.00,0.22,-0.88,0.21,1.187,1.02,-1.44,1.166,0.00,0.90,3.169,15.8,36.133,0.496,0.000,900,7.68,4.8,-0.55,-4.43,7.5,1,1,0,1,1,1,0,0,0,0,1,0,0,0,0,0,0,0,1,0,1,1,1,1,1,0,0,0,0,1,0,0,1,1,5155.0,0C,1,1,0,1,1,0,1,0,0,66.88,240.00,,,,,,,,,,,,,,,,,,,,,,,,,,,,,,,,,,,,,,,,,,,,,,,,,,,,,,,,,,
1529,,,669,710,,14.10,73.50,2675,20.0,39.750,1.971,5.83,0.000,10.13,1.00,0.87,-0.88,0.87,1.166,1.02,-1.44,1.163,0.00,0.90,3.169,15.8,32.677,0.496,0.000,900,7.70,4.8,-0.55,-4.39,7.5,1,1,0,1,1,1,0,0,0,0,1,0,0,0,0,0,0,0,1,0,1,1,1,1,0,0,0,0,0,1,0,0,1,1,5155.0,0C,1,1,0,1,1,0,1,0,0,60.56,223.69,,,,,,,,,,,,,,,,,,,,,,,,,,,,,,,,,,,,,,,,,,,,,,,,,,,,,,,,,,
1530,,,670,098,,14.10,73.50,2590,18.8,9.000,1.971,5.47,0.000,10.55,1.00,0.87,-0.88,0.82,1.137,1.02,-1.44,1.152,0.00,0.90,1.918,15.8,31.640,0.496,0.000,900,7.76,4.8,-0.56,-4.37,7.5,1,1,0,1,1,1,0,0,0,0,1,0,0,0,0,0,0,0,1,0,1,1,1,1,0,0,0,0,0,1,0,0,1,1,5155.0,0C,1,1,0,1,1,0,1,0,0,64.88,218.94,,,,,,,,,,,,,,,,,,,,,,,,,,,,,,,,,,,,,,,,,,,,,,,,,,,,,,,,,,
1531,,,670,489,,14.10,73.50,2423,17.5,-3.000,2.246,5.22,0.000,12.40,1.00,0.93,-0.88,0.85,1.108,1.02,-1.44,1.132,0.00,0.90,1.918,15.8,29.564,0.496,0.000,900,7.89,4.8,-0.56,-4.34,7.5,1,1,0,1,1,1,0,0,0,0,1,0,0,0,0,0,0,0,1,0,1,1,1,1,1,0,0,0,0,1,0,0,1,1,5155.0,0C,1,1,0,1,1,0,1,0,0,78.50,232.31,,,,,,,,,,,,,,,,,,,,,,,,,,,,,,,,,,,,,,,,,,,,,,,,,,,,,,,,,,
1532,,,670,890,,14.10,73.50,2275,16.3,-14.250,2.272,4.96,0.000,13.73,1.00,0.93,-0.88,0.85,1.000,1.02,-1.44,1.123,0.00,0.90,2.053,16.5,0.000,0.496,0.000,900,7.99,4.8,-0.57,-4.30,7.5,1,1,0,1,1,1,0,0,0,0,1,0,0,0,0,0,0,0,1,0,0,1,0,1,0,0,1,0,0,1,0,0,1,1,5155.0,0C,1,1,0,1,1,0,1,0,0,84.38,240.00,,,,,,,,,,,,,,,,,,,,,,,,,,,,,,,,,,,,,,,,,,,,,,,,,,,,,,,,,,
1533,,,671,293,,14.10,73.50,2069,15.0,-14.250,0.000,4.13,0.000,13.50,1.00,0.16,-0.88,0.13,1.000,1.02,-1.44,1.114,0.00,0.90,2.053,16.5,0.000,0.496,0.000,900,8.15,4.8,-0.58,-4.14,7.5,1,1,0,1,1,1,0,0,0,0,1,0,0,0,0,0,0,0,1,0,0,1,0,1,0,0,1,0,0,1,0,0,1,1,5155.0,0C,1,1,0,1,1,0,1,0,0,81.44,233.44,,,,,,,,,,,,,,,,,,,,,,,,,,,,,,,,,,,,,,,,,,,,,,,,,,,,,,,,,,
1534,,,671,678,,14.10,73.50,1859,13.8,-12.000,0.000,3.76,0.000,10.71,1.00,0.14,-0.88,0.12,1.000,1.02,-1.44,1.116,0.00,0.90,2.053,16.5,0.000,0.496,0.000,900,8.32,4.8,-0.60,-3.62,7.5,1,1,0,1,1,1,0,0,0,0,1,0,0,0,0,0,0,0,1,0,0,1,0,1,0,0,1,0,0,1,0,0,1,1,5155.0,0C,1,1,0,1,1,0,1,0,0,64.13,235.19,,,,,,,,,,,,,,,,,,,,,,,,,,,,,,,,,,,,,,,,,,,,,,,,,,,,,,,,,,
1535,,,672,069,,14.10,73.50,1656,12.5,-13.500,0.000,3.76,0.000,12.54,1.00,0.14,-0.88,0.12,1.000,1.02,-1.44,1.112,0.00,0.90,0.000,16.5,0.000,0.496,0.000,900,8.50,4.8,-0.61,-3.01,7.5,1,1,0,1,1,1,0,0,0,0,1,0,0,0,0,0,0,0,1,0,0,1,0,1,0,0,1,0,0,1,0,0,1,1,5155.0,0C,1,1,0,1,1,0,1,0,0,77.31,265.88,,,,,,,,,,,,,,,,,,,,,,,,,,,,,,,,,,,,,,,,,,,,,,,,,,,,,,,,,,
1536,,,672,457,,14.10,73.50,1485,11.3,-15.000,0.000,3.76,0.000,14.77,1.00,0.14,-0.88,0.12,1.000,1.02,-1.44,1.089,0.00,0.90,0.000,16.5,0.000,0.496,0.000,900,8.51,4.8,-0.61,-2.37,7.5,1,1,0,1,1,1,0,0,0,0,1,0,0,0,0,0,0,0,1,0,0,1,0,1,0,0,1,0,0,1,0,0,1,1,5155.0,0C,1,1,0,1,1,0,1,0,0,90.69,292.13,,,,,,,,,,,,,,,,,,,,,,,,,,,,,,,,,,,,,,,,,,,,,,,,,,,,,,,,,,
1537,,,672,857,,14.10,73.50,1346,10.0,-15.000,0.000,3.76,0.000,14.84,1.00,0.14,-0.88,0.12,1.000,1.02,-1.44,1.078,0.00,0.90,0.000,16.5,0.000,0.496,0.000,900,8.52,4.8,-0.61,-1.62,7.5,1,1,0,1,1,1,0,0,0,0,1,0,0,0,0,0,0,0,1,0,0,1,0,1,0,0,1,0,0,1,0,0,1,1,5155.2,0C,1,1,0,1,1,0,1,0,0,91.81,328.06,,,,,,,,,,,,,,,,,,,,,,,,,,,,,,,,,,,,,,,,,,,,,,,,,,,,,,,,,,
1538,,,673,238,,14.10,73.50,1213,8.8,-7.500,2.643,3.39,5.031,15.35,0.97,0.14,-0.88,0.12,1.000,1.02,-1.44,1.068,0.00,0.90,0.000,16.5,8.995,0.496,0.000,900,8.52,4.8,-0.61,0.00,7.5,1,1,0,1,1,1,0,0,0,0,1,0,0,0,0,0,0,0,0,0,1,1,0,1,0,0,0,0,0,1,0,0,1,1,5155.2,0C,1,1,0,1,1,0,1,0,0,93.50,342.44,,,,,,,,,,,,,,,,,,,,,,,,,,,,,,,,,,,,,,,,,,,,,,,,,,,,,,,,,,
1539,,,673,616,,14.10,73.50,1103,7.5,3.750,3.488,4.61,10.312,20.84,0.97,0.17,-0.88,0.16,1.010,1.02,-1.44,1.045,0.00,0.90,0.000,17.3,9.178,0.496,0.000,900,8.52,4.8,-0.61,0.00,7.5,1,1,0,1,1,1,0,0,0,0,1,0,0,0,0,0,0,0,0,0,1,1,1,1,0,0,0,0,0,1,0,0,1,1,5155.2,0C,1,1,0,1,1,0,1,0,0,128.13,424.56,,,,,,,,,,,,,,,,,,,,,,,,,,,,,,,,,,,,,,,,,,,,,,,,,,,,,,,,,,
1540,,,674,000,,14.00,73.50,1063,7.5,10.500,4.813,6.79,9.093,27.89,0.96,0.94,-0.88,0.94,0.984,1.02,-1.44,1.029,0.00,0.90,1.761,17.3,9.522,0.496,0.000,900,8.53,4.8,-0.61,0.00,7.5,1,1,0,1,1,1,0,0,0,0,1,0,0,0,0,0,0,0,0,0,1,1,1,1,1,0,0,0,0,1,0,0,1,1,5155.2,0C,1,1,0,1,1,0,1,0,0,176.13,532.81,,,,,,,,,,,,,,,,,,,,,,,,,,,,,,,,,,,,,,,,,,,,,,,,,,,,,,,,,,
1541,,,674,398,,14.10,73.50,1121,7.5,-0.750,4.269,5.88,9.248,29.02,0.97,1.00,-0.88,0.96,0.960,1.02,-1.44,1.039,0.00,0.90,1.761,17.3,10.208,0.496,0.000,900,8.53,4.8,-0.61,0.00,7.5,1,1,0,1,1,1,0,0,0,0,1,0,0,0,0,0,0,0,0,0,1,1,1,1,1,0,0,0,0,0,0,0,1,1,5155.2,0C,1,1,0,1,1,0,1,0,0,176.63,537.44,,,,,,,,,,,,,,,,,,,,,,,,,,,,,,,,,,,,,,,,,,,,,,,,,,,,,,,,,,
1542,,,674,792,,14.10,73.50,1163,8.8,6.750,3.699,5.03,8.038,27.38,0.98,0.99,-0.88,0.93,0.935,1.02,-1.44,1.039,0.00,0.90,2.113,17.3,10.903,0.496,0.000,900,8.53,4.8,-0.61,0.00,7.5,1,1,0,1,1,1,0,0,0,0,1,0,0,0,0,0,0,0,0,0,1,1,1,1,1,0,0,0,0,0,0,0,1,1,5155.2,0C,1,1,0,1,1,0,1,0,0,167.44,511.31,,,,,,,,,,,,,,,,,,,,,,,,,,,,,,,,,,,,,,,,,,,,,,,,,,,,,,,,,,
1543,,,677,458,,14.10,73.50,1473,11.3,10.500,3.226,5.83,2.351,23.63,1.00,0.69,-0.88,0.24,0.924,1.02,-1.44,1.079,0.00,0.90,2.178,17.3,16.091,0.496,0.000,900,8.53,4.8,-0.61,-2.51,7.5,1,1,0,1,1,1,0,0,0,0,1,0,0,0,0,0,0,0,0,0,1,1,1,1,1,0,0,0,0,0,0,0,1,1,5155.2,0C,1,1,0,1,1,0,1,0,0,143.44,414.00,,,,,,,,,,,,,,,,,,,,,,,,,,,,,,,,,,,,,,,,,,,,,,,,,,,,,,,,,,
1544,,,677,858,,14.10,73.50,1471,10.0,10.500,3.168,5.64,1.944,22.71,1.00,0.27,-0.88,0.37,0.940,1.02,-1.44,1.077,0.00,0.90,1.937,17.3,16.777,0.496,0.000,900,8.53,4.8,-0.61,-2.45,7.5,1,1,0,1,1,1,0,0,0,0,1,0,0,0,0,0,0,0,0,0,1,1,1,1,1,0,0,0,0,1,0,0,1,1,5155.2,0C,1,1,0,1,1,0,1,0,0,136.94,399.06,,,,,,,,,,,,,,,,,,,,,,,,,,,,,,,,,,,,,,,,,,,,,,,,,,,,,,,,,,
1545,,,678,243,,14.10,73.50,1454,11.3,9.750,2.982,5.52,1.460,21.91,1.00,0.82,-0.88,0.78,0.902,1.02,-1.44,1.069,0.00,0.90,1.937,17.3,17.815,0.496,0.000,900,8.52,4.8,-0.61,-2.28,7.5,1,1,0,1,1,1,0,0,0,0,1,0,0,0,0,0,0,0,0,0,1,1,1,1,1,0,0,0,0,1,0,0,1,1,5155.2,0C,1,1,0,1,1,0,1,0,0,132.44,389.50,,,,,,,,,,,,,,,,,,,,,,,,,,,,,,,,,,,,,,,,,,,,,,,,,,,,,,,,,,
1546,,,678,629,,14.10,73.50,1451,10.0,8.250,2.867,5.15,0.647,20.67,1.00,0.23,-0.88,0.22,0.929,1.02,-1.44,1.070,0.00,0.90,1.937,17.3,19.547,0.496,0.000,900,8.52,4.8,-0.61,-2.35,7.5,1,1,0,1,1,1,0,0,0,0,1,0,0,0,0,0,0,0,1,0,1,1,1,1,1,0,0,0,0,1,0,0,1,1,5155.2,0C,1,1,0,1,1,0,1,0,0,126.13,374.81,,,,,,,,,,,,,,,,,,,,,,,,,,,,,,,,,,,,,,,,,,,,,,,,,,,,,,,,,,
1547,,,679,018,,14.10,73.50,1409,10.0,6.000,2.797,4.98,0.000,20.37,1.00,0.78,-0.88,0.79,0.915,1.02,-1.44,1.059,0.00,0.90,1.761,17.3,21.271,0.496,0.000,900,8.52,4.8,-0.61,-2.07,7.5,1,1,0,1,1,1,0,0,0,0,1,0,0,0,0,0,0,0,1,0,1,1,1,1,1,0,0,0,0,1,0,0,1,1,5155.2,0C,1,1,0,1,1,0,1,0,0,122.38,377.00,,,,,,,,,,,,,,,,,,,,,,,,,,,,,,,,,,,,,,,,,,,,,,,,,,,,,,,,,,
1548,,,679,419,,14.10,73.50,1298,10.0,3.750,2.784,4.13,0.000,20.02,1.00,0.21,-0.88,0.19,0.932,1.02,-1.44,1.052,0.00,0.90,1.761,17.3,23.690,0.496,0.000,900,8.52,4.8,-0.61,-1.51,7.5,1,1,0,1,1,1,0,0,0,0,1,0,0,0,0,0,0,0,1,0,1,1,1,1,1,0,0,0,0,1,0,0,1,1,5155.2,0C,1,1,0,1,1,0,1,0,0,122.19,380.13,,,,,,,,,,,,,,,,,,,,,,,,,,,,,,,,,,,,,,,,,,,,,,,,,,,,,,,,,,
1549,,,679,807,,14.10,73.50,1267,8.8,8.250,2.470,3.64,0.000,17.30,1.00,0.23,-0.88,0.41,0.949,1.02,-1.44,1.066,0.00,0.90,1.223,17.3,23.003,0.496,0.000,900,8.52,4.8,-0.61,-0.52,7.5,1,1,0,1,1,1,0,0,0,0,1,0,0,0,0,0,0,0,1,0,1,1,1,1,1,0,0,0,0,1,0,0,1,1,5155.2,0C,1,1,0,1,1,0,1,0,0,102.88,364.69,,,,,,,,,,,,,,,,,,,,,,,,,,,,,,,,,,,,,,,,,,,,,,,,,,,,,,,,,,
1550,,,680,189,,14.10,73.50,1206,8.8,6.000,2.701,4.00,0.000,18.66,1.00,0.22,-0.88,0.21,0.964,1.02,-1.44,1.058,0.00,0.90,1.223,17.3,24.384,0.496,0.000,900,8.52,4.8,-0.61,-0.38,7.5,1,1,0,1,1,1,0,0,0,0,1,0,0,0,0,0,0,0,1,0,1,1,1,1,1,0,0,0,0,1,0,0,1,1,5155.2,0C,1,1,0,1,1,0,1,0,0,113.25,387.75,,,,,,,,,,,,,,,,,,,,,,,,,,,,,,,,,,,,,,,,,,,,,,,,,,,,,,,,,,
1551,,,680,586,,14.10,73.50,1155,8.8,5.250,2.835,3.88,0.000,18.98,1.00,0.23,-0.88,0.22,0.980,1.02,-1.44,1.054,0.00,0.90,1.223,17.3,23.690,0.496,0.000,900,8.52,4.8,-0.61,-0.06,7.5,1,1,0,1,1,1,0,0,0,0,1,0,0,0,0,0,0,0,1,0,1,1,1,1,1,0,0,0,0,0,0,0,1,1,5155.2,0C,1,1,0,1,1,0,1,0,0,115.75,395.25,,,,,,,,,,,,,,,,,,,,,,,,,,,,,,,,,,,,,,,,,,,,,,,,,,,,,,,,,,
1552,,,680,988,,14.10,73.50,1103,7.5,4.500,2.950,3.88,0.000,19.36,1.00,0.81,-0.88,0.80,0.960,1.02,-1.44,1.050,0.00,0.90,1.217,17.3,22.309,0.496,0.000,900,8.53,4.8,-0.61,0.41,7.5,1,1,0,1,1,1,0,0,0,0,1,0,0,0,0,0,0,0,1,0,1,1,1,1,1,0,0,0,0,0,0,0,1,1,5155.2,0C,1,1,0,1,1,0,1,0,0,119.19,406.13,,,,,,,,,,,,,,,,,,,,,,,,,,,,,,,,,,,,,,,,,,,,,,,,,,,,,,,,,,
1553,,,681,393,,14.10,73.50,1023,7.5,4.500,3.117,3.81,0.000,21.28,1.00,0.91,-0.88,0.87,0.944,1.02,-1.44,1.040,0.00,0.90,1.217,17.3,22.309,0.496,0.000,900,8.53,4.8,-0.62,-0.15,7.5,1,1,0,1,1,1,0,0,0,0,1,0,1,0,0,0,0,0,1,0,1,1,1,1,1,0,0,0,0,0,0,0,1,1,5155.2,0C,1,1,0,1,1,0,1,0,0,131.63,435.06,,,,,,,,,,,,,,,,,,,,,,,,,,,,,,,,,,,,,,,,,,,,,,,,,,,,,,,,,,
1554,,,681,788,,13.90,73.50,973,6.3,4.500,3.187,3.44,0.000,22.20,1.00,0.95,-0.88,0.89,0.928,1.02,-1.44,1.033,0.00,0.90,1.247,17.3,21.965,0.496,0.000,900,8.53,4.8,-0.60,-0.07,7.5,1,1,0,1,1,1,0,0,0,0,1,0,1,0,0,0,0,0,1,0,1,1,1,1,1,0,0,0,0,0,0,1,1,1,5155.2,0C,1,1,0,1,1,0,1,0,0,135.44,444.75,,,,,,,,,,,,,,,,,,,,,,,,,,,,,,,,,,,,,,,,,,,,,,,,,,,,,,,,,,
1555,,,682,176,,14.00,73.50,944,5.0,5.250,3.104,3.27,0.000,22.03,1.00,0.95,-0.88,0.90,0.911,1.02,-1.44,1.034,0.00,0.90,1.247,17.3,21.965,0.496,0.000,900,8.53,4.8,-0.61,-0.03,7.5,1,1,0,1,1,1,0,0,0,0,1,1,1,0,0,0,0,0,1,0,1,1,1,1,1,0,0,0,0,0,0,1,1,1,5155.2,0C,1,1,0,1,1,0,1,0,0,134.25,442.94,,,,,,,,,,,,,,,,,,,,,,,,,,,,,,,,,,,,,,,,,,,,,,,,,,,,,,,,,,
1556,,,682,560,,14.10,73.50,909,5.0,6.750,3.117,3.27,0.000,22.36,1.00,0.95,-0.88,0.89,0.895,1.02,-1.44,1.032,0.00,0.90,1.247,17.3,21.614,0.496,0.000,900,8.53,4.8,-0.55,0.00,7.5,1,1,0,1,1,1,0,0,0,0,1,0,1,0,0,0,0,0,1,0,1,1,1,1,1,0,0,0,0,0,0,0,1,1,5155.2,0C,1,1,0,1,1,0,1,0,0,137.00,451.44,,,,,,,,,,,,,,,,,,,,,,,,,,,,,,,,,,,,,,,,,,,,,,,,,,,,,,,,,,
1557,,,682,951,,14.10,73.50,897,3.8,6.000,3.130,3.27,0.000,22.85,1.00,0.95,-0.88,0.89,0.880,1.02,-1.44,1.028,0.00,0.90,1.064,17.3,21.965,0.496,0.000,900,8.53,4.8,-0.49,0.00,7.5,1,1,0,1,1,1,0,0,0,0,1,0,1,0,0,0,0,0,1,0,1,1,1,1,1,0,0,0,0,0,0,0,1,1,5155.2,0C,1,1,0,1,1,0,1,0,0,139.31,456.13,,,,,,,,,,,,,,,,,,,,,,,,,,,,,,,,,,,,,,,,,,,,,,,,,,,,,,,,,,
1558,,,683,356,,14.10,73.50,891,3.8,6.000,3.066,3.27,0.000,22.85,1.00,0.96,-0.88,0.88,0.867,1.02,-1.44,1.028,0.00,0.90,1.064,17.3,21.965,0.496,0.000,900,8.54,4.8,-0.44,0.00,7.5,1,1,0,1,1,1,0,0,0,0,1,0,1,0,0,0,0,0,1,0,1,1,1,1,1,0,0,0,0,0,0,0,1,1,5155.2,0C,1,1,0,1,1,0,1,0,0,139.44,460.88,,,,,,,,,,,,,,,,,,,,,,,,,,,,,,,,,,,,,,,,,,,,,,,,,,,,,,,,,,
1559,,,683,739,,14.10,73.50,891,2.5,5.250,3.136,6.08,4.295,23.34,1.00,0.93,-0.88,0.85,0.850,1.02,-1.44,1.024,0.00,0.90,1.064,17.3,22.652,0.496,0.000,1000,8.54,4.8,-0.38,0.00,7.5,1,1,0,1,1,1,0,0,0,0,1,0,1,0,0,0,0,0,0,0,1,1,1,1,1,0,0,0,0,0,0,0,1,1,5155.2,0C,1,1,0,1,1,0,1,0,0,157.50,498.63,,,,,,,,,,,,,,,,,,,,,,,,,,,,,,,,,,,,,,,,,,,,,,,,,,,,,,,,,,
1560,,,684,137,,14.10,73.50,1008,2.5,0.000,6.144,9.59,6.163,40.57,1.00,0.87,-0.88,0.80,0.827,1.02,-1.44,1.062,0.00,0.90,1.064,17.3,27.840,0.496,0.000,1400,8.54,4.8,-0.38,1.94,7.5,1,1,0,1,1,1,0,0,0,0,1,0,1,0,0,0,0,0,0,0,1,1,1,1,1,0,0,1,0,0,0,0,1,1,5155.2,0C,1,1,0,1,1,0,1,0,0,245.25,713.25,,,,,,,,,,,,,,,,,,,,,,,,,,,,,,,,,,,,,,,,,,,,,,,,,,,,,,,,,,
1561,,,684,517,,14.10,73.50,1374,3.8,-4.500,3.648,4.30,0.000,32.93,1.00,0.87,-0.88,0.42,0.795,1.02,-1.44,1.066,0.00,0.90,1.064,18.0,26.802,0.496,0.000,1300,8.54,4.8,-0.36,-0.26,7.5,1,1,0,1,1,1,0,0,0,0,1,0,1,0,0,0,0,0,1,0,1,1,1,1,1,0,0,1,0,1,0,0,1,1,5155.2,0C,1,1,0,1,1,0,1,0,0,189.94,538.56,,,,,,,,,,,,,,,,,,,,,,,,,,,,,,,,,,,,,,,,,,,,,,,,,,,,,,,,,,
1562,,,684,898,,13.20,73.50,1109,3.8,3.750,3.194,3.88,0.000,25.03,1.00,0.17,-0.88,0.15,0.823,1.02,-1.44,1.021,0.00,0.90,1.217,17.3,25.422,0.496,0.000,900,8.54,4.8,0.63,-0.05,7.5,1,1,0,1,1,1,0,0,0,0,1,0,1,0,0,0,0,0,1,0,1,1,1,1,1,0,0,0,0,1,0,0,1,1,5155.2,0C,1,1,0,1,1,0,1,0,0,148.50,470.25,,,,,,,,,,,,,,,,,,,,,,,,,,,,,,,,,,,,,,,,,,,,,,,,,,,,,,,,,,
1563,,,685,298,,13.10,73.50,989,3.8,-3.750,2.816,4.17,3.241,21.96,1.00,0.17,-0.88,0.16,0.841,1.02,-1.44,1.035,0.00,0.90,1.217,17.3,24.384,0.496,0.000,1000,8.54,4.8,2.04,0.00,7.5,1,1,0,1,1,1,0,0,0,0,1,0,1,0,0,0,0,0,0,0,1,1,1,1,1,0,0,0,0,0,0,0,1,1,5155.2,0C,1,1,0,1,1,0,1,0,0,125.19,428.69,,,,,,,,,,,,,,,,,,,,,,,,,,,,,,,,,,,,,,,,,,,,,,,,,,,,,,,,,,
1564,,,685,698,,13.60,73.50,1022,2.5,4.500,5.421,8.69,7.304,36.00,1.00,0.19,-0.88,0.18,0.862,1.02,-1.44,1.052,0.00,0.90,1.217,17.3,40.627,0.496,0.000,1400,8.54,4.8,2.04,2.01,7.5,1,1,0,1,1,1,0,0,0,0,1,0,1,0,0,0,0,0,0,0,1,1,1,1,1,0,0,1,0,0,0,0,1,1,5155.2,0C,1,1,0,1,1,0,1,0,0,218.25,648.25,,,,,,,,,,,,,,,,,,,,,,,,,,,,,,,,,,,,,,,,,,,,,,,,,,,,,,,,,,
1565,,,686,100,,14.10,73.50,1497,2.5,5.250,4.288,6.86,0.000,37.66,1.00,0.83,-0.88,0.77,0.826,1.02,-1.44,1.092,0.00,0.90,2.571,17.3,65.858,0.496,0.000,1400,8.54,4.8,2.04,-0.31,7.5,1,1,0,1,1,1,0,0,0,0,1,0,1,0,0,0,0,0,1,0,1,1,1,1,1,0,0,1,0,1,0,0,1,1,5155.2,0C,1,1,0,1,1,0,1,0,0,231.13,622.25,,,,,,,,,,,,,,,,,,,,,,,,,,,,,,,,,,,,,,,,,,,,,,,,,,,,,,,,,,
1566,,,686,495,,14.00,73.50,1371,2.5,8.250,2.682,4.17,0.000,22.55,1.00,0.16,-0.88,0.15,0.871,1.02,-1.44,1.045,0.00,0.90,2.571,17.3,28.878,0.496,0.000,1000,8.54,4.8,2.65,-0.48,7.5,1,1,0,1,1,1,0,0,0,0,1,0,1,0,0,0,0,0,1,0,1,1,1,1,1,0,0,0,0,1,0,0,1,1,5155.2,0C,1,1,0,1,1,0,1,0,0,131.44,415.38,,,,,,,,,,,,,,,,,,,,,,,,,,,,,,,,,,,,,,,,,,,,,,,,,,,,,,,,,,
1567,,,686,891,,14.00,73.50,1208,2.5,17.250,2.477,3.88,0.000,19.08,1.00,0.17,-0.88,0.15,0.889,1.02,-1.44,1.054,0.00,0.90,1.023,17.3,26.108,0.496,0.000,900,8.53,4.8,3.34,-0.90,7.5,1,1,0,1,1,1,0,0,0,0,1,0,1,0,0,0,0,0,1,0,1,1,1,1,1,0,0,0,0,0,0,0,1,1,5155.2,0C,1,1,0,1,1,0,1,0,0,116.19,397.25,,,,,,,,,,,,,,,,,,,,,,,,,,,,,,,,,,,,,,,,,,,,,,,,,,,,,,,,,,
1568,,,687,298,,14.10,73.50,1235,2.5,25.500,4.166,7.96,6.491,27.89,1.00,0.18,-0.88,0.17,0.907,1.02,-1.44,1.048,0.00,0.90,1.023,17.3,28.527,0.496,0.000,1200,8.53,4.8,3.35,0.00,7.5,1,1,0,1,1,1,0,0,0,0,1,0,1,0,0,0,0,0,0,0,1,1,1,1,1,0,0,0,0,0,0,0,1,1,5155.2,0C,1,1,0,1,1,0,1,0,0,175.44,504.81,,,,,,,,,,,,,,,,,,,,,,,,,,,,,,,,,,,,,,,,,,,,,,,,,,,,,,,,,,
1569,,,687,688,,14.10,73.50,1579,2.5,6.750,4.563,8.62,6.328,33.77,1.00,0.88,-0.88,0.89,0.893,1.02,-1.44,1.094,0.00,0.90,1.023,17.3,30.602,0.496,0.000,1500,8.51,4.8,3.34,-0.70,7.5,1,1,0,1,1,1,0,0,0,0,1,0,1,0,0,0,0,0,0,0,1,1,1,1,1,0,0,1,0,0,0,0,1,1,5155.2,0C,1,1,0,1,1,0,1,0,0,202.31,557.50,,,,,,,,,,,,,,,,,,,,,,,,,,,,,,,,,,,,,,,,,,,,,,,,,,,,,,,,,,
1570,,,688,088,,13.90,73.50,1433,3.8,11.250,3.181,5.27,0.000,25.38,1.00,0.25,-0.88,0.21,0.898,1.02,-1.44,1.049,0.00,0.90,3.130,17.3,30.945,0.496,0.000,1200,8.53,4.8,3.80,0.00,7.5,1,1,0,1,1,1,0,0,0,0,1,0,1,0,0,0,0,0,1,0,1,1,1,1,1,0,0,0,0,1,0,0,1,1,5155.2,0C,1,1,0,1,1,0,1,0,0,150.50,452.19,,,,,,,,,,,,,,,,,,,,,,,,,,,,,,,,,,,,,,,,,,,,,,,,,,,,,,,,,,
1571,,,690,491,,14.10,74.25,1264,3.8,31.500,2.861,6.69,4.788,21.28,1.00,0.21,-0.88,0.20,0.951,1.02,-1.44,1.046,0.00,0.90,1.834,17.3,31.640,0.496,0.000,1100,8.53,4.8,4.40,0.00,7.5,1,1,0,1,1,1,0,0,0,0,1,0,1,0,0,0,0,0,0,0,1,1,1,1,1,0,0,0,0,0,0,0,1,1,5155.2,0C,1,1,0,1,1,0,1,0,0,133.69,422.38,,,,,,,,,,,,,,,,,,,,,,,,,,,,,,,,,,,,,,,,,,,,,,,,,,,,,,,,,,
1572,,,690,879,,14.10,74.25,1522,3.8,12.750,5.414,10.94,8.444,36.14,1.00,0.87,-0.88,0.89,0.944,1.02,-1.44,1.092,0.00,0.90,2.849,17.3,57.565,0.496,0.000,1500,8.53,4.8,4.40,0.00,7.5,1,1,0,1,1,1,0,0,0,0,1,0,1,0,0,0,0,0,0,0,1,1,1,1,1,0,0,1,0,0,0,0,1,1,5155.2,0C,1,1,0,1,1,0,1,0,0,217.75,596.13,,,,,,,,,,,,,,,,,,,,,,,,,,,,,,,,,,,,,,,,,,,,,,,,,,,,,,,,,,
1573,,,691,278,,14.10,74.25,1560,5.0,3.750,4.198,4.05,0.000,32.06,1.00,0.77,-0.88,0.39,0.942,1.02,-1.44,1.076,0.00,0.90,2.849,17.3,48.920,0.496,0.000,1300,8.53,4.8,4.40,-0.42,7.5,1,1,0,1,1,1,0,0,0,0,1,0,1,0,0,0,0,0,1,0,1,1,1,1,1,0,0,1,0,1,0,0,1,1,5155.2,0C,1,1,0,1,1,0,1,0,0,202.44,554.63,,,,,,,,,,,,,,,,,,,,,,,,,,,,,,,,,,,,,,,,,,,,,,,,,,,,,,,,,,
1574,,,691,655,,14.10,74.25,1386,6.3,6.000,2.880,4.37,0.000,23.02,1.00,0.22,-0.88,0.21,0.918,1.02,-1.44,1.059,0.00,0.90,2.849,17.3,30.945,0.496,0.000,900,8.53,4.8,4.96,-1.41,7.5,1,1,0,1,1,1,0,0,0,0,1,0,1,0,0,0,0,0,1,0,1,1,1,1,1,0,0,0,0,1,0,0,1,1,5155.2,0C,1,1,0,1,1,0,1,0,0,141.00,415.94,,,,,,,,,,,,,,,,,,,,,,,,,,,,,,,,,,,,,,,,,,,,,,,,,,,,,,,,,,
1575,,,692,050,,14.10,74.25,1316,6.3,10.500,2.573,4.13,0.000,19.57,1.00,0.22,-0.88,0.20,0.944,1.02,-1.44,1.054,0.00,0.90,1.675,17.3,28.183,0.496,0.000,900,8.53,4.8,4.75,-1.50,7.5,1,1,0,1,1,1,0,0,0,0,1,0,1,0,0,0,0,0,1,0,1,1,1,1,1,0,0,0,0,0,0,0,1,1,5155.2,0C,1,1,0,1,1,0,1,0,0,117.00,387.19,,,,,,,,,,,,,,,,,,,,,,,,,,,,,,,,,,,,,,,,,,,,,,,,,,,,,,,,,,
1576,,,692,418,,14.10,74.25,1352,6.3,14.250,4.550,7.47,6.656,30.38,1.00,0.20,-0.88,0.19,0.966,1.02,-1.44,1.070,0.00,0.90,1.675,17.3,41.314,0.496,0.000,900,8.53,4.8,4.64,0.00,7.5,1,1,0,1,1,1,0,0,0,0,1,0,1,0,0,0,0,0,0,0,1,1,1,1,1,0,0,0,0,0,0,0,1,1,5155.2,0C,1,1,0,1,1,0,1,1,1,1,1,,,,,,,,,,,,,,,,,,,,,,,,,,,,,,,,,,,,,,,,,,,,,,,,,,,,,,,,,,
1577,,,692,808,,13.80,74.25,1311,6.3,15.000,2.694,5.27,0.000,20.48,1.00,0.91,-0.88,0.86,0.934,1.02,-1.44,1.047,0.00,0.90,1.438,17.3,29.564,0.496,0.000,900,8.53,4.8,4.64,-0.46,7.5,1,1,0,1,1,1,0,0,0,0,1,0,1,0,0,0,0,0,1,0,1,1,1,1,1,0,0,0,0,1,0,0,1,1,5155.2,0C,1,1,0,1,1,0,1,0,0,131.63,438.13,,,,,,,,,,,,,,,,,,,,,,,,,,,,,,,,,,,,,,,,,,,,,,,,,,,,,,,,,,
1578,,,693,194,,13.00,-48.00,11456,0.0,3.750,81.920,412.13,96.689,162.00,1.11,0.44,-0.71,0.35,0.248,0.00,9.22,1.828,0.01,0.03,106.778,-48.0,29.012,0.047,93.750,2020,94.39,313.0,-78.91,9.11,-21.0,0,1,1,1,0,1,0,1,0,1,0,1,0,1,0,1,0,1,1,1,1,1,1,1,1,1,1,1,1,1,1,1,1,1,1,,,,,,,,,,,,,,,,,,,,,,,,,,,,,,,,,,,,,,,,,,,,,,,,,,,,,,,,,,,,,,,,,,,,,,
1579,,,693,598,,13.10,74.25,1002,7.5,-0.750,4.019,4.30,0.000,28.27,1.00,0.81,-0.88,0.86,0.939,1.02,-1.44,1.033,0.00,0.90,1.438,17.3,28.527,0.496,0.000,900,8.53,4.8,6.48,-0.38,7.5,1,1,0,1,1,1,0,0,0,0,1,0,1,0,0,0,0,0,1,0,1,1,1,1,1,0,0,1,0,1,0,0,1,1,5155.2,0C,1,1,0,1,1,0,1,0,0,173.31,529.25,,,,,,,,,,,,,,,,,,,,,,,,,,,,,,,,,,,,,,,,,,,,,,,,,,,,,,,,,,
1580,,,693,980,,14.00,74.25,1093,6.3,2.250,3.347,4.30,4.546,24.89,1.00,0.95,-0.88,0.91,0.917,1.02,-1.44,1.027,0.00,0.90,1.694,17.3,28.527,0.496,0.000,900,8.53,4.8,5.83,-1.00,7.5,1,1,0,1,1,1,0,0,0,0,1,0,1,0,0,0,0,0,0,0,1,1,1,1,1,0,0,0,0,0,0,0,1,1,5155.2,0C,1,1,0,1,1,0,1,0,0,149.19,473.81,,,,,,,,,,,,,,,,,,,,,,,,,,,,,,,,,,,,,,,,,,,,,,,,,,,,,,,,,,
1581,,,694,367,,14.10,74.25,1270,6.3,13.500,3.968,6.93,7.304,30.91,1.00,0.87,-0.88,0.81,0.892,1.02,-1.44,1.049,0.00,0.90,1.694,17.3,40.627,0.496,0.000,900,8.53,4.8,5.83,0.00,7.5,1,1,0,1,1,1,0,0,0,0,1,0,1,0,0,0,0,0,0,0,1,1,1,1,1,0,0,0,0,0,0,0,1,1,5155.2,0C,1,1,0,1,1,0,1,0,0,188.50,542.25,,,,,,,,,,,,,,,,,,,,,,,,,,,,,,,,,,,,,,,,,,,,,,,,,,,,,,,,,,
1582,,,694,759,,13.50,74.25,1069,7.5,10.500,3.846,4.91,0.000,27.28,1.00,0.21,-0.88,0.19,0.904,1.02,-1.44,1.025,0.00,0.90,1.174,17.3,25.071,0.496,0.000,900,8.53,4.8,6.34,0.00,7.5,1,1,0,1,1,1,0,0,0,0,1,0,1,0,0,0,0,0,1,0,1,1,1,1,1,0,0,0,0,1,0,0,1,1,5155.2,0C,1,1,0,1,1,0,1,0,0,163.56,513.56,,,,,,,,,,,,,,,,,,,,,,,,,,,,,,,,,,,,,,,,,,,,,,,,,,,,,,,,,,
1583,,,695,159,,13.40,74.25,982,7.5,6.000,4.064,4.66,0.000,28.88,1.00,0.21,-0.88,0.20,0.926,1.02,-1.44,1.032,0.00,0.90,1.174,17.3,28.183,0.496,0.000,900,8.53,4.8,7.11,-0.19,7.5,1,1,0,1,1,1,0,0,0,0,1,0,1,0,0,0,0,0,1,0,1,1,1,1,1,0,0,0,0,1,0,0,1,1,5155.2,0C,1,1,0,1,1,0,1,0,0,175.06,533.44,,,,,,,,,,,,,,,,,,,,,,,,,,,,,,,,,,,,,,,,,,,,,,,,,,,,,,,,,,
1584,,,695,549,,14.00,74.25,1032,7.5,2.250,3.718,4.17,0.000,27.38,1.00,0.85,-0.88,0.85,0.901,1.02,-1.44,1.031,0.00,0.90,1.174,17.3,28.878,0.496,0.000,900,8.53,4.8,7.13,-0.43,7.5,1,1,0,1,1,1,0,0,0,0,1,0,1,0,0,0,0,0,1,0,1,1,1,1,1,0,0,0,0,0,0,0,1,1,5155.2,0C,1,1,0,1,1,0,1,0,0,158.56,494.25,,,,,,,,,,,,,,,,,,,,,,,,,,,,,,,,,,,,,,,,,,,,,,,,,,,,,,,,,,
1585,,,695,939,,14.10,74.25,1176,6.3,29.250,3.469,6.69,4.295,26.70,1.00,0.91,-0.88,0.86,0.880,1.02,-1.44,1.044,0.00,0.90,1.486,17.3,36.828,0.496,0.000,900,8.53,4.8,6.76,0.00,7.5,1,1,0,1,1,1,0,0,0,0,1,0,1,0,0,0,0,0,0,0,1,1,1,1,1,0,0,0,0,0,0,0,1,1,5155.2,0C,1,1,0,1,1,0,1,0,0,174.13,508.69,,,,,,,,,,,,,,,,,,,,,,,,,,,,,,,,,,,,,,,,,,,,,,,,,,,,,,,,,,
1586,,,696,328,,14.10,74.25,1328,7.5,3.750,2.291,1.88,0.000,21.66,1.00,0.21,-0.88,0.20,0.905,1.02,-1.44,1.046,0.00,0.90,1.486,17.3,28.183,0.496,0.000,900,8.53,4.8,6.76,-1.72,7.5,1,1,0,1,1,1,0,0,0,0,1,0,1,0,0,0,0,0,1,0,1,1,1,1,1,0,0,0,0,1,0,0,1,1,5155.2,0C,1,1,0,1,1,0,1,0,0,124.13,417.00,,,,,,,,,,,,,,,,,,,,,,,,,,,,,,,,,,,,,,,,,,,,,,,,,,,,,,,,,,
1587,,,696,721,,13.60,74.25,1126,7.5,3.750,3.501,5.03,0.000,24.63,1.00,0.18,-0.88,0.17,0.924,1.02,-1.44,1.025,0.00,0.90,1.486,17.3,28.878,0.496,0.000,900,8.53,4.8,7.13,-0.51,7.5,1,1,0,1,1,1,0,0,0,0,1,0,1,0,0,0,0,0,1,0,1,1,1,1,1,0,0,0,0,1,0,0,1,1,5155.2,0C,1,1,0,1,1,0,1,0,0,151.44,479.44,,,,,,,,,,,,,,,,,,,,,,,,,,,,,,,,,,,,,,,,,,,,,,,,,,,,,,,,,,
1588,,,697,104,,13.90,-48.00,13184,0.0,3.000,199.885,1315.63,16.931,254.81,1.44,1.24,-1.31,0.79,0.007,0.03,-4.06,0.571,0.01,0.75,0.194,-40.5,92.580,0.751,27.000,2550,-84.93,1766.7,4.29,-43.38,110.3,0,1,0,0,0,1,0,1,1,1,1,1,0,1,1,0,0,1,0,0,0,0,0,0,0,0,0,1,0,1,0,0,0,0,2863.8,AA,0,1,0,1,0,1,1,1,1,1,1,,,,,,,,,,,,,,,,,,,,,,,,,,,,,,,,,,,,,,,,,,,,,,,,,,,,,,,,,,
1589,,,699,498,,14.10,75.00,957,6.3,4.500,3.200,3.88,0.241,24.66,1.00,0.85,-0.88,0.40,0.853,1.02,-1.44,1.015,0.00,0.90,1.290,18.0,24.727,0.496,0.000,900,8.54,4.8,3.59,-0.07,7.5,1,1,0,1,1,1,0,0,0,0,1,0,1,0,0,0,0,0,1,0,1,1,1,1,1,1,0,0,0,0,0,0,1,1,5155.2,0C,1,1,0,1,1,0,1,0,0,149.56,476.25,,,,,,,,,,,,,,,,,,,,,,,,,,,,,,,,,,,,,,,,,,,,,,,,,,,,,,,,,,
1590,,,699,891,,14.10,75.00,942,6.3,6.000,3.322,3.88,0.000,24.63,1.00,0.25,-0.88,0.21,0.869,1.02,-1.44,1.015,0.00,0.90,1.133,18.0,24.384,0.496,0.000,900,8.54,4.8,3.28,-0.01,7.5,1,1,0,1,1,1,0,0,0,0,1,0,1,0,0,0,0,0,1,0,1,1,1,1,1,1,0,0,0,0,0,0,1,1,5155.2,0C,1,1,0,1,1,0,1,0,0,150.31,480.63,,,,,,,,,,,,,,,,,,,,,,,,,,,,,,,,,,,,,,,,,,,,,,,,,,,,,,,,,,
1591,,,700,299,,14.10,75.00,898,6.3,8.250,3.501,3.88,0.000,25.55,1.00,0.22,-0.88,0.22,0.888,1.02,-1.44,1.018,0.00,0.90,1.133,18.0,24.033,0.496,0.000,900,8.54,4.8,3.28,0.00,7.5,1,1,0,1,1,1,0,0,0,0,1,0,1,0,0,0,0,0,1,0,1,1,1,1,1,1,0,0,0,0,0,0,1,1,5155.2,0C,1,1,0,1,1,0,1,0,0,156.88,499.06,,,,,,,,,,,,,,,,,,,,,,,,,,,,,,,,,,,,,,,,,,,,,,,,,,,,,,,,,,
1592,,,700,689,,14.10,75.00,935,6.3,3.000,3.366,3.81,0.000,25.38,1.00,0.80,-0.88,0.81,0.875,1.02,-1.44,1.018,0.00,0.90,1.133,18.0,24.727,0.496,0.000,900,8.54,4.8,3.08,-0.06,7.5,1,1,0,1,1,1,0,0,0,0,1,0,1,0,0,0,0,0,1,0,1,1,1,1,1,1,0,0,0,0,0,0,1,1,5155.2,0C,1,1,0,1,1,0,1,0,0,153.88,486.38,,,,,,,,,,,,,,,,,,,,,,,,,,,,,,,,,,,,,,,,,,,,,,,,,,,,,,,,,,
1593,,,701,089,,14.00,75.00,910,6.3,5.250,3.379,3.88,1.616,25.45,1.00,0.89,-0.88,0.85,0.856,1.02,-1.44,1.018,0.00,0.90,1.247,18.0,23.690,0.496,0.000,900,8.55,4.8,2.95,0.00,7.5,1,1,0,1,1,1,0,0,0,0,1,0,1,0,0,0,0,0,0,0,1,1,1,1,1,1,0,0,0,0,0,0,1,1,5155.2,0C,1,1,0,1,1,0,1,0,0,154.31,496.88,,,,,,,,,,,,,,,,,,,,,,,,,,,,,,,,,,,,,,,,,,,,,,,,,,,,,,,,,,
1594,,,701,479,,14.10,75.00,849,5.0,9.750,3.424,4.30,1.781,26.77,1.00,0.66,-0.88,0.23,0.838,1.02,-1.44,1.023,0.00,0.90,1.247,18.0,24.384,0.496,0.000,900,8.55,4.8,2.95,0.41,7.5,1,1,0,1,1,1,0,0,0,0,1,0,1,0,0,0,0,0,0,0,1,1,1,1,1,1,0,0,0,0,0,0,1,1,5155.2,0C,1,1,0,1,1,0,1,0,0,163.50,528.81,,,,,,,,,,,,,,,,,,,,,,,,,,,,,,,,,,,,,,,,,,,,,,,,,,,,,,,,,,
1595,,,701,878,,14.00,75.00,860,6.3,2.250,3.738,3.64,0.000,28.13,1.00,0.20,-0.88,0.18,0.880,1.02,-1.44,1.028,0.00,0.90,1.329,18.0,25.422,0.496,0.000,900,8.55,4.8,2.95,0.00,7.5,1,1,0,1,1,1,0,0,0,0,1,0,1,0,0,0,0,0,1,0,1,1,1,1,1,1,0,1,0,0,0,0,1,1,5155.2,0C,1,1,0,1,1,0,1,0,0,177.00,559.50,,,,,,,,,,,,,,,,,,,,,,,,,,,,,,,,,,,,,,,,,,,,,,,,,,,,,,,,,,
1596,,,702,261,,14.10,75.00,913,6.3,0.000,3.642,3.69,0.000,26.91,1.00,0.21,-0.88,0.21,0.899,1.02,-1.44,1.023,0.00,0.90,1.329,18.0,25.071,0.496,0.000,900,8.55,4.8,2.91,-0.05,7.5,1,1,0,1,1,1,0,0,0,0,1,0,1,0,0,0,0,0,1,0,1,1,1,1,1,1,0,0,0,0,0,0,1,1,5155.2,0C,1,1,0,1,1,0,1,0,0,162.69,507.88,,,,,,,,,,,,,,,,,,,,,,,,,,,,,,,,,,,,,,,,,,,,,,,,,,,,,,,,,,
1597,,,702,649,,14.10,75.00,935,5.0,3.750,3.322,3.69,1.866,24.89,1.00,0.88,-0.88,0.87,0.874,1.02,-1.44,1.016,0.00,0.90,1.329,18.0,23.690,0.496,0.000,900,8.55,4.8,2.53,0.00,7.5,1,1,0,1,1,1,0,0,0,0,1,0,1,0,0,0,0,0,0,0,1,1,1,1,1,1,0,0,0,0,0,0,1,1,5155.2,0C,1,1,0,1,1,0,1,0,0,151.88,485.44,,,,,,,,,,,,,,,,,,,,,,,,,,,,,,,,,,,,,,,,,,,,,,,,,,,,,,,,,,
1598,,,703,051,,14.10,75.00,941,5.0,1.500,5.254,5.93,3.406,35.70,1.00,0.88,-0.88,0.81,0.857,1.02,-1.44,1.048,0.00,0.90,1.208,18.0,27.146,0.496,0.000,1200,8.55,4.8,2.53,1.11,7.5,1,1,0,1,1,1,0,0,0,0,1,0,1,0,0,0,0,0,0,0,1,1,1,1,1,0,0,1,0,0,0,0,1,1,5155.2,0C,1,1,0,1,1,0,1,0,0,216.25,645.81,,,,,,,,,,,,,,,,,,,,,,,,,,,,,,,,,,,,,,,,,,,,,,,,,,,,,,,,,,
1599,,,703,458,,13.90,75.00,908,6.3,-2.250,5.600,5.03,0.000,42.14,1.00,0.88,-0.88,0.85,0.832,1.02,-1.44,1.051,0.00,0.90,1.208,18.8,35.439,0.496,0.000,1200,8.56,4.8,2.97,4.60,7.5,1,1,0,1,1,1,0,0,0,0,1,0,1,0,0,0,0,0,1,0,1,1,1,1,1,0,0,1,0,0,0,0,1,1,5155.2,0C,1,1,0,1,1,0,1,0,0,238.25,709.63,,,,,,,,,,,,,,,,,,,,,,,,,,,,,,,,,,,,,,,,,,,,,,,,,,,,,,,,,,
1600,,,703,839,,14.10,75.00,962,6.3,1.500,3.475,3.39,0.000,29.77,1.00,0.87,-0.88,0.62,0.809,1.02,-1.44,1.034,0.00,0.90,1.524,18.8,27.146,0.496,0.000,900,8.56,4.8,5.06,-0.15,7.5,1,1,0,1,1,1,0,0,0,0,1,0,1,0,0,0,0,0,1,0,1,1,1,1,1,1,0,1,0,0,0,0,1,1,5155.2,0C,1,1,0,1,1,0,1,0,0,174.13,532.88,,,,,,,,,,,,,,,,,,,,,,,,,,,,,,,,,,,,,,,,,,,,,,,,,,,,,,,,,,
1601,,,704,241,,14.10,75.00,1059,6.3,9.750,2.867,3.52,0.000,23.91,1.00,0.20,-0.88,0.18,0.844,1.02,-1.44,1.029,0.00,0.90,1.524,18.8,28.527,0.496,0.000,900,8.56,4.8,6.05,-0.55,7.5,1,1,0,1,1,1,0,0,0,0,1,0,1,0,0,0,0,0,1,0,1,1,1,1,1,1,0,0,0,0,0,0,1,1,5155.2,0C,1,1,0,1,1,0,1,0,0,137.13,448.94,,,,,,,,,,,,,,,,,,,,,,,,,,,,,,,,,,,,,,,,,,,,,,,,,,,,,,,,,,
1602,,,704,639,,14.10,75.00,1161,6.3,24.000,2.406,4.00,0.000,19.90,1.00,0.19,-0.88,0.18,0.861,1.02,-1.44,1.050,0.00,0.90,1.524,18.0,28.878,0.496,0.000,900,8.55,4.8,5.51,-1.10,7.5,1,1,0,1,1,1,0,0,0,0,1,0,1,0,0,0,0,0,1,0,1,1,1,1,1,1,0,0,0,0,0,0,1,1,5155.2,0C,1,1,0,1,1,0,1,0,0,121.75,412.69,,,,,,,,,,,,,,,,,,,,,,,,,,,,,,,,,,,,,,,,,,,,,,,,,,,,,,,,,,
1603,,,705,040,,14.10,75.00,1181,6.3,11.250,2.707,4.61,0.000,20.55,1.00,0.18,-0.88,0.16,0.879,1.02,-1.44,1.046,0.00,0.90,1.127,18.0,27.146,0.496,0.000,900,8.55,4.8,4.01,-0.94,7.5,1,1,0,1,1,1,0,0,0,0,1,0,1,0,0,0,0,0,1,0,1,1,1,1,1,1,0,0,0,0,0,0,1,1,5155.2,0C,1,1,0,1,1,0,1,0,0,127.50,426.94,,,,,,,,,,,,,,,,,,,,,,,,,,,,,,,,,,,,,,,,,,,,,,,,,,,,,,,,,,
1604,,,705,448,,14.10,75.00,1130,5.0,4.500,3.046,4.61,0.000,21.98,1.00,0.18,-0.88,0.17,0.896,1.02,-1.44,1.039,0.00,0.90,1.127,18.0,25.422,0.496,0.000,900,8.55,4.8,2.60,-0.60,7.5,1,1,0,1,1,1,0,0,0,0,1,0,1,0,0,0,0,0,1,0,1,1,1,1,1,1,0,0,0,0,0,0,1,1,5155.2,0C,1,1,0,1,1,0,1,0,0,136.88,448.19,,,,,,,,,,,,,,,,,,,,,,,,,,,,,,,,,,,,,,,,,,,,,,,,,,,,,,,,,,
1605,,,705,863,,14.10,75.00,1081,5.0,3.000,5.357,8.33,4.382,33.12,1.00,0.20,-0.88,0.19,0.918,1.02,-1.44,1.047,0.00,0.90,2.010,18.0,32.677,0.496,0.000,1200,8.55,4.8,2.06,0.07,7.5,1,1,0,1,1,1,0,0,0,0,1,0,1,0,0,0,0,0,0,0,1,1,1,1,1,1,0,1,0,0,0,0,1,1,5155.2,0C,1,1,0,1,1,0,1,0,0,203.75,620.31,,,,,,,,,,,,,,,,,,,,,,,,,,,,,,,,,,,,,,,,,,,,,,,,,,,,,,,,,,
1606,,,706,255,,14.10,75.00,1411,5.0,2.250,4.128,6.62,0.156,32.53,1.00,0.91,-0.88,0.85,0.875,1.02,-1.44,1.070,0.00,0.90,2.010,18.0,42.702,0.496,0.000,1400,8.55,4.8,2.06,0.34,7.5,1,1,0,1,1,1,0,0,0,0,1,0,1,0,0,0,0,0,1,0,1,1,1,1,1,1,0,1,0,0,0,0,1,1,5155.2,0C,1,1,0,1,1,0,1,0,0,199.19,549.75,,,,,,,,,,,,,,,,,,,,,,,,,,,,,,,,,,,,,,,,,,,,,,,,,,,,,,,,,,
1607,,,706,649,,14.10,75.00,1380,6.3,9.000,3.053,4.74,0.000,23.86,1.00,0.20,-0.88,0.17,0.897,1.02,-1.44,1.059,0.00,0.90,2.010,18.0,31.296,0.496,0.000,1100,8.55,4.8,2.38,-0.45,7.5,1,1,0,1,1,1,0,0,0,0,1,0,1,0,0,0,0,0,1,0,1,1,1,1,1,1,0,0,0,0,0,0,1,1,5155.2,0C,1,1,0,1,1,0,1,0,0,137.19,404.38,,,,,,,,,,,,,,,,,,,,,,,,,,,,,,,,,,,,,,,,,,,,,,,,,,,,,,,,,,
1608,,,707,047,,14.10,75.00,1318,5.0,10.500,2.259,3.76,0.000,17.53,1.00,0.20,-0.88,0.19,0.917,1.02,-1.44,1.068,0.00,0.90,1.505,18.0,25.071,0.496,0.000,900,8.55,4.8,2.33,-1.38,7.5,1,1,0,1,1,1,0,0,0,0,1,0,1,0,0,0,0,0,1,0,1,1,1,1,1,1,0,0,0,0,0,0,1,1,5155.2,0C,1,1,0,1,1,0,1,0,0,104.19,364.06,,,,,,,,,,,,,,,,,,,,,,,,,,,,,,,,,,,,,,,,,,,,,,,,,,,,,,,,,,
1609,,,707,457,,14.10,75.00,1206,5.0,15.750,2.438,3.81,0.000,17.39,1.00,0.19,-0.88,0.18,0.932,1.02,-1.44,1.064,0.00,0.90,1.505,18.0,25.071,0.496,0.000,900,8.55,4.8,1.79,-1.00,7.5,1,1,0,1,1,1,0,0,0,0,1,0,1,0,0,0,0,0,1,0,1,1,1,1,1,1,0,0,0,0,0,0,1,1,5155.2,0C,1,1,0,1,1,0,1,0,0,107.44,378.69,,,,,,,,,,,,,,,,,,,,,,,,,,,,,,,,,,,,,,,,,,,,,,,,,,,,,,,,,,
1610,,,707,839,,14.10,75.00,1137,5.0,9.000,2.778,4.05,0.000,18.77,1.00,0.20,-0.88,0.18,0.946,1.02,-1.44,1.053,0.00,0.90,1.079,18.0,24.033,0.496,0.000,900,8.55,4.8,0.84,-0.59,7.5,1,1,0,1,1,1,0,0,0,0,1,0,1,0,0,0,0,0,1,0,1,1,1,1,1,1,0,0,0,0,0,0,1,1,5155.2,0C,1,1,0,1,1,0,1,0,0,117.75,405.00,,,,,,,,,,,,,,,,,,,,,,,,,,,,,,,,,,,,,,,,,,,,,,,,,,,,,,,,,,
1611,,,708,239,,14.10,75.00,1052,5.0,3.750,3.142,5.15,4.295,21.00,1.00,0.22,-0.88,0.22,0.962,1.02,-1.44,1.043,0.00,0.90,1.079,18.0,23.690,0.496,0.000,1000,8.55,4.8,0.08,-0.63,7.5,1,1,0,1,1,1,0,0,0,0,1,0,1,0,0,0,0,0,0,0,1,1,1,1,1,1,0,0,0,0,0,0,1,1,5155.2,0C,1,1,0,1,1,0,1,0,0,163.88,508.75,,,,,,,,,,,,,,,,,,,,,,,,,,,,,,,,,,,,,,,,,,,,,,,,,,,,,,,,,,
1612,,,708,630,,14.10,75.00,1120,3.8,-4.500,3.110,2.73,3.241,27.82,1.00,0.92,-0.88,0.92,0.930,1.02,-1.44,1.040,0.00,0.90,1.079,18.8,25.765,0.496,0.000,1250,8.56,4.8,0.08,0.00,7.5,1,1,0,1,1,1,0,0,0,0,1,0,1,0,0,0,0,0,0,0,1,1,1,1,1,0,0,0,0,0,0,0,1,1,5155.2,0C,1,1,0,1,1,0,1,0,0,168.81,520.56,,,,,,,,,,,,,,,,,,,,,,,,,,,,,,,,,,,,,,,,,,,,,,,,,,,,,,,,,,
1613,,,709,019,,14.10,75.75,1183,5.0,6.750,3.290,4.37,0.156,24.91,1.00,0.88,-0.88,0.77,0.906,1.02,-1.44,1.031,0.00,0.90,1.972,18.8,26.459,0.496,0.000,1050,8.56,4.8,0.29,0.00,7.5,1,1,0,1,1,1,0,0,0,0,1,0,1,0,0,0,0,0,1,0,1,1,1,1,1,0,0,0,0,1,0,0,1,1,5155.2,0C,1,1,0,1,1,0,1,0,0,146.38,469.38,,,,,,,,,,,,,,,,,,,,,,,,,,,,,,,,,,,,,,,,,,,,,,,,,,,,,,,,,,
1614,,,709,419,,13.80,75.75,1047,3.8,8.250,3.309,3.88,2.109,23.67,1.00,0.21,-0.88,0.20,0.934,1.02,-1.44,1.022,0.00,0.90,1.972,18.8,24.033,0.496,0.000,1000,8.56,4.8,1.37,-0.47,7.5,1,1,0,1,1,1,0,0,0,0,1,0,1,0,0,0,0,0,0,0,1,1,1,1,1,1,0,0,0,1,0,0,1,1,5155.2,0C,1,1,0,1,1,0,1,0,0,142.19,459.88,,,,,,,,,,,,,,,,,,,,,,,,,,,,,,,,,,,,,,,,,,,,,,,,,,,,,,,,,,
1615,,,709,811,,13.70,75.75,954,5.0,4.500,5.798,7.06,1.616,36.21,1.00,0.85,-0.88,0.85,0.919,1.02,-1.44,1.048,0.00,0.90,2.268,18.8,26.108,0.496,0.000,1260,8.56,4.8,1.37,2.93,7.5,1,1,0,1,1,1,0,0,0,0,1,0,1,0,0,0,0,0,0,0,1,1,1,1,1,0,0,1,0,0,0,0,1,1,5155.2,0C,1,1,0,1,1,0,1,0,0,223.31,661.06,,,,,,,,,,,,,,,,,,,,,,,,,,,,,,,,,,,,,,,,,,,,,,,,,,,,,,,,,,
1616,,,710,217,,14.10,75.75,1099,5.0,2.250,3.149,3.15,0.000,25.08,1.00,0.96,-0.88,0.92,0.894,1.02,-1.44,1.030,0.00,0.90,2.268,18.8,24.727,0.496,0.000,900,8.56,4.8,1.93,-0.42,7.5,1,1,0,1,1,1,0,0,0,0,1,0,1,0,0,0,0,0,1,0,1,1,1,1,1,0,0,0,0,0,0,0,1,1,5155.2,0C,1,1,0,1,1,0,1,0,0,149.13,475.63,,,,,,,,,,,,,,,,,,,,,,,,,,,,,,,,,,,,,,,,,,,,,,,,,,,,,,,,,,
1617,,,710,607,,14.10,75.75,1097,5.0,14.250,2.624,3.15,0.000,19.29,1.00,0.21,-0.88,0.19,0.910,1.02,-1.44,1.050,0.00,0.90,2.268,18.8,24.727,0.496,0.000,900,8.56,4.8,2.09,-0.45,7.5,1,1,0,1,1,1,0,0,0,0,1,0,1,0,0,0,0,0,1,0,1,1,1,1,1,1,0,0,0,0,0,0,1,1,5155.2,0C,1,1,0,1,1,0,1,0,0,116.75,403.38,,,,,,,,,,,,,,,,,,,,,,,,,,,,,,,,,,,,,,,,,,,,,,,,,,,,,,,,,,
1618,,,710,999,,14.10,75.75,1062,3.8,30.750,4.422,7.64,4.703,27.12,1.00,0.21,-0.88,0.20,0.926,1.02,-1.44,1.029,0.00,0.90,1.041,18.8,26.108,0.496,0.000,1100,8.56,4.8,2.00,0.00,7.5,1,1,0,1,1,1,0,0,0,0,1,0,1,0,0,0,0,0,0,0,1,1,1,1,1,1,0,0,0,0,0,0,1,1,5155.2,0C,1,1,0,1,1,0,1,0,0,171.38,526.94,,,,,,,,,,,,,,,,,,,,,,,,,,,,,,,,,,,,,,,,,,,,,,,,,,,,,,,,,,
1619,,,711,399,,14.10,75.75,1226,3.8,2.250,5.696,8.86,5.679,39.63,1.00,0.93,-0.88,0.93,0.902,1.02,-1.44,1.075,0.00,0.90,1.041,18.8,30.602,0.496,0.000,1500,8.56,4.8,2.00,0.97,7.5,1,1,0,1,1,1,0,0,0,0,1,0,1,0,0,0,0,0,0,0,1,1,1,1,1,0,0,1,0,0,0,0,1,1,5155.2,0C,1,1,0,1,1,0,1,0,0,243.31,670.81,,,,,,,,,,,,,,,,,,,,,,,,,,,,,,,,,,,,,,,,,,,,,,,,,,,,,,,,,,
1620,,,711,792,,14.10,75.75,1336,5.0,2.250,4.378,6.98,4.054,34.80,1.00,0.91,-0.88,0.84,0.870,1.02,-1.44,1.058,0.00,0.90,2.879,18.8,30.602,0.496,0.000,1500,8.56,4.8,2.00,1.23,7.5,1,1,0,1,1,1,0,0,0,0,1,0,1,0,0,0,0,0,0,0,1,1,1,1,1,0,0,1,0,0,0,0,1,1,5155.2,0C,1,1,0,1,1,0,1,0,0,210.69,597.81,,,,,,,,,,,,,,,,,,,,,,,,,,,,,,,,,,,,,,,,,,,,,,,,,,,,,,,,,,
1621,,,712,200,,14.10,75.75,1202,5.0,5.250,5.389,9.35,3.890,36.68,1.00,0.20,-0.88,0.18,0.892,1.02,-1.44,1.055,0.00,0.90,2.879,18.8,33.715,0.496,0.000,1490,8.56,4.8,2.00,3.23,7.5,1,1,0,1,1,1,0,0,0,0,1,0,1,0,0,0,0,0,0,0,1,1,1,1,1,0,0,1,0,0,0,0,1,1,5155.2,0C,1,1,0,1,1,0,1,0,0,224.94,668.75,,,,,,,,,,,,,,,,,,,,,,,,,,,,,,,,,,,,,,,,,,,,,,,,,,,,,,,,,,
1622,,,712,601,,14.10,75.75,1206,6.3,1.500,5.459,8.62,4.054,39.47,1.00,0.50,-0.88,0.30,0.922,1.02,-1.44,1.067,0.00,0.90,2.879,18.8,38.552,0.496,0.000,1500,8.56,4.8,2.00,2.58,7.5,1,1,0,1,1,1,0,0,0,0,1,0,1,0,0,0,0,0,0,0,1,1,1,1,1,0,0,1,0,0,0,0,1,1,5155.2,0C,1,1,0,1,1,0,1,0,0,241.56,705.31,,,,,,,,,,,,,,,,,,,,,,,,,,,,,,,,,,,,,,,,,,,,,,,,,,,,,,,,,,
1623,,,713,001,,14.10,75.75,1213,7.5,1.500,5.491,8.94,3.569,40.22,1.00,0.33,-0.88,0.23,0.916,1.02,-1.44,1.068,0.00,0.90,2.935,18.8,41.665,0.496,0.000,1460,8.56,4.8,2.00,2.42,7.5,1,1,0,1,1,1,0,0,0,0,1,0,1,0,0,0,0,0,0,0,1,1,1,1,1,0,0,1,0,0,0,0,1,1,5155.2,0C,1,1,0,1,1,0,1,0,0,246.19,718.69,,,,,,,,,,,,,,,,,,,,,,,,,,,,,,,,,,,,,,,,,,,,,,,,,,,,,,,,,,
1624,,,713,409,,14.10,75.75,1196,8.8,0.750,5.619,8.57,1.295,40.17,1.00,0.72,-0.88,0.62,0.921,1.02,-1.44,1.067,0.00,0.90,2.935,18.8,43.740,0.496,0.000,1300,8.56,4.8,2.00,1.75,7.5,1,1,0,1,1,1,0,0,0,0,1,0,1,0,0,0,0,0,0,0,1,1,1,1,1,0,0,1,0,0,0,0,1,1,5155.2,0C,1,1,0,1,1,0,1,0,0,243.75,716.63,,,,,,,,,,,,,,,,,,,,,,,,,,,,,,,,,,,,,,,,,,,,,,,,,,,,,,,,,,
1625,,,713,809,,14.00,75.75,1175,8.8,5.250,3.008,3.88,1.460,25.59,1.00,0.22,-0.88,0.19,0.926,1.02,-1.44,1.041,0.00,0.90,1.623,18.0,30.602,0.496,0.000,900,8.56,4.8,2.00,-1.17,7.5,1,1,0,1,1,1,0,0,0,0,1,0,1,0,0,0,0,0,0,0,1,1,1,1,1,1,0,0,0,0,0,0,1,1,5155.2,0C,1,1,0,1,1,0,1,0,0,156.63,480.50,,,,,,,,,,,,,,,,,,,,,,,,,,,,,,,,,,,,,,,,,,,,,,,,,,,,,,,,,,
1626,,,714,202,,14.10,75.75,1204,8.8,18.750,2.515,3.56,1.295,19.50,1.00,0.20,-0.88,0.18,0.945,1.02,-1.44,1.052,0.00,0.90,1.623,18.0,27.840,0.496,0.000,900,8.55,4.8,2.00,-0.99,7.5,1,1,0,1,1,1,0,0,0,0,1,0,1,0,0,0,0,0,0,0,1,1,1,1,1,1,0,0,0,0,0,0,1,1,5155.2,0C,1,1,0,1,1,0,1,0,0,117.31,402.63,,,,,,,,,,,,,,,,,,,,,,,,,,,,,,,,,,,,,,,,,,,,,,,,,,,,,,,,,,
1627,,,714,602,,14.10,75.75,1166,8.8,17.250,2.707,4.25,1.295,19.38,1.00,0.20,-0.88,0.18,0.961,1.02,-1.44,1.052,0.00,0.90,1.623,18.0,26.802,0.496,0.000,900,8.55,4.8,2.00,-0.83,7.5,1,1,0,1,1,1,0,0,0,0,1,0,1,0,0,0,0,0,0,0,1,1,1,1,1,1,0,0,0,0,0,0,1,1,5155.2,0C,1,1,0,1,1,0,1,0,0,120.50,410.69,,,,,,,,,,,,,,,,,,,,,,,,,,,,,,,,,,,,,,,,,,,,,,,,,,,,,,,,,,
1628,,,714,990,,14.10,75.75,1139,8.8,4.500,3.014,4.30,1.460,20.55,1.00,0.22,-0.88,0.20,0.978,1.02,-1.44,1.046,0.00,0.90,1.217,18.0,24.727,0.496,0.000,900,8.55,4.8,2.00,-0.66,7.5,1,1,0,1,1,1,0,0,0,0,1,0,1,0,0,0,0,0,0,0,1,1,1,1,1,1,0,0,0,0,0,0,1,1,5155.2,0C,1,1,0,1,1,0,1,0,0,126.19,424.44,,,,,,,,,,,,,,,,,,,,,,,,,,,,,,,,,,,,,,,,,,,,,,,,,,,,,,,,,,
1629,,,715,378,,14.10,75.75,1129,7.5,9.000,3.251,5.10,2.272,22.83,1.00,0.80,-0.88,0.80,0.964,1.02,-1.44,1.038,0.00,0.90,1.217,18.0,25.765,0.496,0.000,900,8.55,4.8,1.94,0.00,7.5,1,1,0,1,1,1,0,0,0,0,1,0,0,0,0,0,0,0,0,0,1,1,1,1,1,1,0,0,0,0,0,0,1,1,5155.2,0C,1,1,0,1,1,0,1,0,0,138.94,454.44,,,,,,,,,,,,,,,,,,,,,,,,,,,,,,,,,,,,,,,,,,,,,,,,,,,,,,,,,,
1630,,,715,769,,14.00,75.75,1131,8.8,11.250,3.622,5.10,2.272,24.61,1.00,0.88,-0.88,0.80,0.944,1.02,-1.44,1.024,0.00,0.90,1.432,18.0,28.183,0.496,0.000,900,8.55,4.8,1.94,0.00,7.5,1,1,0,1,1,1,0,0,0,0,1,0,0,0,0,0,0,0,0,0,1,1,1,1,1,1,0,0,0,0,0,0,1,1,5155.2,0C,1,1,0,1,1,0,1,0,0,152.00,481.69,,,,,,,,,,,,,,,,,,,,,,,,,,,,,,,,,,,,,,,,,,,,,,,,,,,,,,,,,,
1631,,,716,179,,14.10,75.75,1177,8.8,8.250,3.283,5.03,2.109,24.30,1.00,0.88,-0.88,0.83,0.923,1.02,-1.44,1.033,0.00,0.90,1.432,18.0,28.527,0.496,0.000,900,8.55,4.8,1.94,0.00,7.5,1,1,0,1,1,1,0,0,0,0,1,0,0,0,0,0,0,0,0,0,1,1,1,1,1,1,0,0,0,0,0,0,1,1,5155.2,0C,1,1,0,1,1,0,1,0,0,148.81,475.94,,,,,,,,,,,,,,,,,,,,,,,,,,,,,,,,,,,,,,,,,,,,,,,,,,,,,,,,,,
1632,,,716,579,,14.10,75.75,1205,8.8,8.250,3.238,5.10,2.109,24.02,1.00,0.21,-0.88,0.19,0.949,1.02,-1.44,1.039,0.00,0.90,1.432,18.0,29.564,0.496,0.000,900,8.55,4.8,1.94,0.00,7.5,1,1,0,1,1,1,0,0,0,0,1,0,0,0,0,0,0,0,0,0,1,1,1,1,1,1,0,0,0,0,0,0,1,1,5155.2,0C,1,1,0,1,1,0,1,0,0,146.75,468.06,,,,,,,,,,,,,,,,,,,,,,,,,,,,,,,,,,,,,,,,,,,,,,,,,,,,,,,,,,
1633,,,716,968,,14.10,75.75,1193,8.8,6.000,3.309,4.91,0.156,23.70,1.00,0.22,-0.88,0.21,0.971,1.02,-1.44,1.038,0.00,0.90,1.613,18.0,27.146,0.496,0.000,900,8.55,4.8,1.94,0.96,7.5,1,1,0,1,1,1,0,0,0,0,1,0,0,0,0,0,0,0,1,0,1,1,1,1,1,1,0,0,0,0,0,0,1,1,5155.2,0C,1,1,0,1,1,0,1,0,0,143.56,465.63,,,,,,,,,,,,,,,,,,,,,,,,,,,,,,,,,,,,,,,,,,,,,,,,,,,,,,,,,,
1634,,,717,354,,14.10,-48.00,11265,18.8,2.250,317.850,1221.88,27.478,314.95,1.44,1.24,-1.33,0.16,0.007,0.03,-1.81,0.515,0.01,0.75,0.194,-40.5,95.314,0.750,93.000,2550,-49.77,1766.7,1.55,-49.63,110.3,0,1,0,0,0,1,0,1,1,1,1,1,0,1,1,0,0,1,0,0,0,0,0,0,0,0,0,0,0,1,0,0,0,0,6447.3,33,0,1,0,1,0,1,1,1,1,1,1,,,,,,,,,,,,,,,,,,,,,,,,,,,,,,,,,,,,,,,,,,,,,,,,,,,,,,,,,,
1635,,,717,741,,14.10,75.75,1169,8.8,3.000,2.976,4.17,0.804,21.12,1.00,0.85,-0.88,0.83,0.957,1.02,-1.44,1.044,0.00,0.90,1.613,18.8,24.727,0.496,0.000,900,8.56,4.8,1.94,-0.10,7.5,1,1,0,1,1,1,0,0,0,0,1,0,0,0,0,0,0,0,1,0,1,1,1,1,1,1,0,0,0,0,0,0,1,1,5155.2,0C,1,1,0,1,1,0,1,0,0,127.50,427.44,,,,,,,,,,,,,,,,,,,,,,,,,,,,,,,,,,,,,,,,,,,,,,,,,,,,,,,,,,
1636,,,718,122,,14.10,75.75,1169,7.5,15.750,2.970,4.91,1.538,21.45,1.00,0.81,-0.88,0.28,0.938,1.02,-1.44,1.044,0.00,0.90,1.408,18.8,28.527,0.496,0.000,900,8.56,4.8,1.94,0.00,7.5,1,1,0,1,1,1,0,0,0,0,1,0,0,0,0,0,0,0,0,0,1,1,1,1,1,1,0,0,0,0,0,0,1,1,5155.2,0C,1,1,0,1,1,0,1,0,0,132.88,440.25,,,,,,,,,,,,,,,,,,,,,,,,,,,,,,,,,,,,,,,,,,,,,,,,,,,,,,,,,,
1637,,,718,500,,14.10,75.75,1152,7.5,11.250,3.341,4.98,0.804,23.34,1.00,0.22,-0.88,0.21,0.975,1.02,-1.44,1.038,0.00,0.90,1.408,18.8,28.183,0.496,0.000,900,8.56,4.8,1.94,1.07,7.5,1,1,0,1,1,1,0,0,0,0,1,0,0,0,0,0,0,0,1,0,1,1,1,1,1,1,0,0,0,0,0,0,1,1,5155.2,0C,1,1,0,1,1,0,1,0,0,143.19,464.56,,,,,,,,,,,,,,,,,,,,,,,,,,,,,,,,,,,,,,,,,,,,,,,,,,,,,,,,,,
1638,,,718,899,,14.00,75.75,1123,8.8,3.750,3.526,4.74,0.804,24.40,1.00,0.84,-0.88,0.82,0.947,1.02,-1.44,1.029,0.00,0.90,1.565,18.8,26.459,0.496,0.000,900,8.56,4.8,1.94,1.18,7.5,1,1,0,1,1,1,0,0,0,0,1,0,0,0,0,0,0,0,1,0,1,1,1,1,1,1,0,0,0,0,0,0,1,1,5155.2,0C,1,1,0,1,1,0,1,0,0,147.56,472.75,,,,,,,,,,,,,,,,,,,,,,,,,,,,,,,,,,,,,,,,,,,,,,,,,,,,,,,,,,
1639,,,719,298,,14.10,75.75,1152,8.8,3.000,3.149,4.66,0.000,22.99,1.00,0.88,-0.88,0.83,0.927,1.02,-1.44,1.037,0.00,0.90,1.565,18.8,26.802,0.496,0.000,900,8.56,4.8,1.94,1.08,7.5,1,1,0,1,1,1,0,0,0,0,1,0,0,0,0,0,0,0,1,0,1,1,1,1,1,1,0,0,0,0,0,0,1,1,5155.2,0C,1,1,0,1,1,0,1,0,0,140.06,456.88,,,,,,,,,,,,,,,,,,,,,,,,,,,,,,,,,,,,,,,,,,,,,,,,,,,,,,,,,,
1640,,,719,689,,14.10,75.75,1122,7.5,3.000,3.334,4.66,0.000,23.16,1.00,0.21,-0.88,0.19,0.955,1.02,-1.44,1.034,0.00,0.90,1.565,18.8,26.459,0.496,0.000,900,8.56,4.8,1.94,1.18,7.5,1,1,0,1,1,1,0,0,0,0,1,0,0,0,0,0,0,0,1,0,1,1,1,1,1,1,0,0,0,0,0,0,1,1,5155.2,0C,1,1,0,1,1,0,1,0,0,142.44,461.56,,,,,,,,,,,,,,,,,,,,,,,,,,,,,,,,,,,,,,,,,,,,,,,,,,,,,,,,,,
1641,,,720,088,,14.10,75.75,1080,7.5,3.000,3.565,4.54,0.000,24.40,1.00,0.80,-0.88,0.80,0.943,1.02,-1.44,1.024,0.00,0.90,1.486,18.8,26.108,0.496,0.000,900,8.56,4.8,1.94,1.33,7.5,1,1,0,1,1,1,0,0,0,0,1,0,0,0,0,0,0,0,1,0,1,1,1,1,1,1,0,0,0,0,0,0,1,1,5155.2,0C,1,1,0,1,1,0,1,0,0,149.31,475.94,,,,,,,,,,,,,,,,,,,,,,,,,,,,,,,,,,,,,,,,,,,,,,,,,,,,,,,,,,
1642,,,720,472,,14.10,75.75,1070,7.5,3.000,3.200,3.88,1.616,22.90,1.00,0.95,-0.88,0.91,0.924,1.02,-1.44,1.031,0.00,0.90,1.486,18.8,24.727,0.496,0.000,900,8.57,4.8,1.94,0.59,7.5,1,1,0,1,1,1,0,0,0,0,1,0,0,0,0,0,0,0,0,0,1,1,1,1,1,1,0,0,0,0,0,0,1,1,5155.2,0C,1,1,0,1,1,0,1,0,0,138.00,450.75,,,,,,,,,,,,,,,,,,,,,,,,,,,,,,,,,,,,,,,,,,,,,,,,,,,,,,,,,,
1643,,,720,859,,14.00,75.75,1027,7.5,5.250,3.053,3.88,1.460,22.24,1.00,0.96,-0.88,0.89,0.906,1.02,-1.44,1.033,0.00,0.90,1.256,18.8,23.346,0.496,0.000,900,8.57,4.8,1.94,1.08,7.5,1,1,0,1,1,1,0,0,0,0,1,0,0,0,0,0,0,0,0,0,1,1,1,1,1,1,0,0,0,0,0,0,1,1,5155.2,0C,1,1,0,1,1,0,1,0,0,136.25,447.38,,,,,,,,,,,,,,,,,,,,,,,,,,,,,,,,,,,,,,,,,,,,,,,,,,,,,,,,,,
1644,,,721,249,,14.10,75.75,1016,7.5,7.500,3.322,3.27,3.406,23.58,1.00,0.93,-0.88,0.85,0.892,1.02,-1.44,1.027,0.00,0.90,1.256,18.8,26.108,0.496,0.000,900,8.57,4.8,1.94,0.00,7.5,1,1,0,1,1,1,0,0,0,0,1,0,0,0,0,0,0,0,0,0,1,1,1,1,1,1,0,0,0,0,0,0,1,1,5155.2,0C,1,1,0,1,1,0,1,0,0,137.19,449.00,,,,,,,,,,,,,,,,,,,,,,,,,,,,,,,,,,,,,,,,,,,,,,,,,,,,,,,,,,
1645,,,721,640,,14.00,75.75,1032,7.5,2.250,3.571,5.27,4.295,25.88,1.00,0.92,-0.88,0.83,0.874,1.02,-1.44,1.020,0.00,0.90,1.256,18.8,28.878,0.496,0.000,900,8.57,4.8,1.94,0.00,7.5,1,1,0,1,1,1,0,0,0,0,1,0,0,0,0,0,0,0,0,0,1,1,1,1,1,1,0,0,0,0,0,0,1,1,5155.2,0C,1,1,0,1,1,0,1,0,0,166.88,520.69,,,,,,,,,,,,,,,,,,,,,,,,,,,,,,,,,,,,,,,,,,,,,,,,,,,,,,,,,,
1646,,,722,029,,14.10,75.75,996,7.5,3.000,3.949,4.98,6.328,29.39,1.00,0.90,-0.88,0.83,0.851,1.02,-1.44,1.034,0.00,0.90,1.475,18.8,30.259,0.496,0.000,900,8.57,4.8,1.94,0.00,7.5,1,1,0,1,1,1,0,0,0,0,1,0,0,0,0,0,0,0,0,0,1,1,1,1,1,1,0,0,0,0,0,0,1,1,5155.2,0C,1,1,0,1,1,0,1,0,0,178.75,545.81,,,,,,,,,,,,,,,,,,,,,,,,,,,,,,,,,,,,,,,,,,,,,,,,,,,,,,,,,,
1647,,,722,424,,14.00,75.75,1012,7.5,7.500,3.834,1265.63,66.932,812.48,1.44,1.24,-1.32,0.15,0.007,0.03,-8.36,0.591,0.01,0.75,0.194,-40.5,96.876,0.750,93.750,0,0.23,1766.7,1.55,-49.63,110.3,0,1,0,0,0,1,0,1,1,1,1,1,0,1,1,0,0,1,0,0,0,0,0,0,0,0,1,1,0,1,0,0,0,0,4059.0,F6,0,1,0,1,0,1,1,1,1,1,1,,,,,,,,,,,,,,,,,,,,,,,,,,,,,,,,,,,,,,,,,,,,,,,,,,,,,,,,,,
1648,,,722,824,,14.10,75.75,1054,7.5,13.500,3.885,6.20,9.413,29.53,1.00,0.22,-0.88,0.20,0.852,1.02,-1.44,1.036,0.00,0.90,1.694,18.8,34.058,0.496,0.000,900,8.57,4.8,1.94,0.00,7.5,1,1,0,1,1,1,0,0,0,0,1,0,0,0,0,0,0,0,0,0,0,0,0,0,0,0,1,1,0,1,0,0,0,0,10075.3,27,0,1,0,1,0,1,1,1,1,1,1,,,,,,,,,,,,,,,,,,,,,,,,,,,,,,,,,,,,,,,,,,,,,,,,,,,,,,,,,,
1649,,,723,222,,14.10,75.75,1110,7.5,6.000,3.923,5.35,9.741,31.38,1.00,0.42,-0.88,0.50,0.879,1.02,-1.44,1.045,0.00,0.90,1.694,18.8,38.209,0.496,0.000,900,8.57,4.8,1.94,-1.15,7.5,1,1,0,1,1,1,0,0,0,0,1,0,0,0,0,0,0,0,0,0,1,1,1,1,1,1,0,1,0,0,0,0,1,1,5155.2,0C,1,1,0,1,1,0,1,0,0,185.44,571.50,,,,,,,,,,,,,,,,,,,,,,,,,,,,,,,,,,,,,,,,,,,,,,,,,,,,,,,,,,
1650,,,723,622,,14.00,75.75,1093,8.8,4.500,3.834,5.10,6.976,29.44,1.00,0.19,-0.88,0.18,0.865,1.02,-1.44,1.039,0.00,0.90,1.694,18.8,31.983,0.496,0.000,900,8.57,4.8,1.94,-0.92,7.5,1,1,0,1,1,1,0,0,0,0,1,0,0,0,0,0,0,0,0,0,1,1,1,1,1,1,0,1,0,0,0,0,1,1,5155.2,0C,1,1,0,1,1,0,1,0,0,173.00,533.63,,,,,,,,,,,,,,,,,,,,,,,,,,,,,,,,,,,,,,,,,,,,,,,,,,,,,,,,,,
1651,,,724,010,,13.90,75.75,1150,8.8,3.000,2.918,3.81,0.000,23.20,1.00,0.20,-0.88,0.18,0.888,1.02,-1.44,1.029,0.00,0.90,1.761,18.8,23.690,0.496,0.000,900,8.57,4.8,2.02,-0.40,7.5,1,1,0,1,1,1,0,0,0,0,1,0,1,0,0,0,0,0,1,0,1,1,1,1,1,1,0,0,0,1,0,0,1,1,5155.2,0C,1,1,0,1,1,0,1,0,0,139.50,454.06,,,,,,,,,,,,,,,,,,,,,,,,,,,,,,,,,,,,,,,,,,,,,,,,,,,,,,,,,,
1652,,,724,409,,13.30,75.75,1005,7.5,6.000,3.264,4.00,0.000,24.02,1.00,0.19,-0.88,0.18,0.906,1.02,-1.44,1.019,0.00,0.90,1.761,18.8,24.727,0.496,0.000,900,8.57,4.8,2.80,-0.16,7.5,1,1,0,1,1,1,0,0,0,0,1,0,1,0,0,0,0,0,1,0,1,1,1,1,1,1,0,0,0,1,0,0,1,1,5155.2,0C,1,1,0,1,1,0,1,0,0,146.50,470.19,,,,,,,,,,,,,,,,,,,,,,,,,,,,,,,,,,,,,,,,,,,,,,,,,,,,,,,,,,
1653,,,724,808,,13.80,75.75,992,7.5,4.500,3.341,4.00,0.000,24.30,1.00,0.23,-0.88,0.22,0.925,1.02,-1.44,1.017,0.00,0.90,1.290,18.8,24.727,0.496,0.000,900,8.57,4.8,3.03,-0.16,7.5,1,1,0,1,1,1,0,0,0,0,1,0,1,0,0,0,0,0,1,0,1,1,1,1,1,1,0,0,0,0,0,0,1,1,5155.2,0C,1,1,0,1,1,0,1,0,0,148.81,474.44,,,,,,,,,,,,,,,,,,,,,,,,,,,,,,,,,,,,,,,,,,,,,,,,,,,,,,,,,,
1654,,,725,199,,14.10,76.50,994,7.5,6.000,4.250,6.49,5.515,28.50,1.00,0.87,-0.88,0.86,0.895,1.02,-1.44,1.030,0.00,0.90,1.290,18.8,25.422,0.496,0.000,900,8.57,4.8,2.94,0.00,7.5,1,1,0,1,1,1,0,0,0,0,1,0,1,0,0,0,0,0,0,0,1,1,1,1,1,0,0,1,0,0,0,0,1,1,5155.2,0C,1,1,0,1,1,0,1,0,0,176.81,541.19,,,,,,,,,,,,,,,,,,,,,,,,,,,,,,,,,,,,,,,,,,,,,,,,,,,,,,,,,,
1655,,,725,592,,14.10,76.50,1096,6.3,8.250,3.411,3.88,0.000,27.05,1.00,0.94,-0.88,0.90,0.872,1.02,-1.44,1.032,0.00,0.90,1.290,18.8,27.146,0.496,0.000,900,8.57,4.8,2.94,0.00,7.5,1,1,0,1,1,1,0,0,0,0,1,0,1,0,0,0,0,0,1,0,1,1,1,1,1,0,0,0,0,0,0,0,1,1,5155.2,0C,1,1,0,1,1,0,1,0,0,166.06,513.69,,,,,,,,,,,,,,,,,,,,,,,,,,,,,,,,,,,,,,,,,,,,,,,,,,,,,,,,,,
1656,,,725,987,,12.90,76.50,866,7.5,-4.500,4.026,6.13,0.000,28.48,1.00,0.43,-0.88,0.21,0.854,1.02,-1.44,1.029,0.00,0.90,1.056,18.8,23.346,0.496,0.000,900,8.57,4.8,4.37,1.17,7.5,1,1,0,1,1,1,0,0,0,0,1,0,1,0,0,0,0,0,1,0,1,1,1,1,1,1,0,1,0,0,0,0,1,1,5155.2,0C,1,1,0,1,1,0,1,0,0,172.75,591.88,,,,,,,,,,,,,,,,,,,,,,,,,,,,,,,,,,,,,,,,,,,,,,,,,,,,,,,,,,
1657,,,726,379,,13.00,76.50,844,6.3,-12.750,4.320,4.05,0.000,30.75,1.00,0.17,-0.88,0.16,0.896,1.02,-1.44,1.038,0.00,0.90,1.056,19.5,28.183,0.496,0.000,900,8.57,4.8,6.22,0.00,7.5,1,1,0,1,1,1,0,0,0,0,1,0,1,0,0,0,0,0,1,0,1,1,1,1,1,1,0,1,0,0,0,0,1,1,5155.2,0C,1,1,0,1,1,0,1,0,0,186.94,606.56,,,,,,,,,,,,,,,,,,,,,,,,,,,,,,,,,,,,,,,,,,,,,,,,,,,,,,,,,,
1658,,,726,780,,13.80,76.50,992,6.3,-0.750,3.866,4.74,3.648,28.29,1.00,0.21,-0.88,0.21,0.919,1.02,-1.44,1.030,0.00,0.90,1.632,19.5,28.878,0.496,0.000,900,8.57,4.8,6.16,-0.67,7.5,1,1,0,1,1,1,0,0,0,0,1,0,1,0,0,0,0,0,0,0,1,1,1,1,1,1,0,0,0,0,0,0,1,1,5155.2,0C,1,1,0,1,1,0,1,0,0,169.81,523.50,,,,,,,,,,,,,,,,,,,,,,,,,,,,,,,,,,,,,,,,,,,,,,,,,,,,,,,,,,
1659,,,727,189,,14.10,76.50,1232,6.3,17.250,3.667,5.35,5.515,28.52,1.00,0.91,-0.88,0.90,0.888,1.02,-1.44,1.053,0.00,0.90,1.632,19.5,38.552,0.496,0.000,900,8.57,4.8,6.16,0.00,7.5,1,1,0,1,1,1,0,0,0,0,1,0,1,0,0,0,0,0,0,0,1,1,1,1,1,1,0,0,0,0,0,0,1,1,5155.2,0C,1,1,0,1,1,0,1,0,0,170.50,492.00,,,,,,,,,,,,,,,,,,,,,,,,,,,,,,,,,,,,,,,,,,,,,,,,,,,,,,,,,,
1660,,,727,584,,13.90,76.50,1316,6.3,18.750,2.560,5.27,0.000,19.80,1.00,0.39,-0.88,0.20,0.867,1.02,-1.44,1.050,0.00,0.90,1.632,19.5,27.146,0.496,0.000,900,8.57,4.8,6.16,-0.92,7.5,1,1,0,1,1,1,0,0,0,0,1,0,1,0,0,0,0,0,1,0,1,1,1,1,1,1,0,0,0,1,0,0,1,1,5155.2,0C,1,1,0,1,1,0,1,0,0,117.56,404.63,,,,,,,,,,,,,,,,,,,,,,,,,,,,,,,,,,,,,,,,,,,,,,,,,,,,,,,,,,
1661,,,727,969,,13.90,76.50,1196,6.3,9.000,2.995,5.03,0.000,22.36,1.00,0.19,-0.88,0.16,0.908,1.02,-1.44,1.041,0.00,0.90,1.217,18.8,28.878,0.496,0.000,900,8.57,4.8,6.13,-1.00,7.5,1,1,0,1,1,1,0,0,0,0,1,0,1,0,0,0,0,0,1,0,1,1,1,1,1,1,0,0,0,1,0,0,1,1,5155.2,0C,1,1,0,1,1,0,1,0,0,137.50,452.44,,,,,,,,,,,,,,,,,,,,,,,,,,,,,,,,,,,,,,,,,,,,,,,,,,,,,,,,,,
1662,,,728,362,,14.10,76.50,1185,5.0,5.250,3.174,5.03,0.000,23.18,1.00,0.19,-0.88,0.17,0.928,1.02,-1.44,1.038,0.00,0.90,1.217,18.8,27.840,0.496,0.000,900,8.57,4.8,5.03,-0.94,7.5,1,1,0,1,1,1,0,0,0,0,1,0,1,0,0,0,0,0,1,0,1,1,1,1,1,1,0,0,0,0,0,0,1,1,5155.2,0C,1,1,0,1,1,0,1,0,0,140.75,459.75,,,,,,,,,,,,,,,,,,,,,,,,,,,,,,,,,,,,,,,,,,,,,,,,,,,,,,,,,,
1663,,,728,757,,14.10,76.50,1134,5.0,8.250,3.808,6.54,2.187,25.36,1.00,0.20,-0.88,0.19,0.948,1.02,-1.44,1.028,0.00,0.90,1.486,18.8,28.527,0.496,0.000,1100,8.57,4.8,4.28,0.00,7.5,1,1,0,1,1,1,0,0,0,0,1,0,1,0,0,0,0,0,0,0,1,1,1,1,1,1,0,0,0,0,0,0,1,1,5155.2,0C,1,1,0,1,1,0,1,0,0,150.44,479.56,,,,,,,,,,,,,,,,,,,,,,,,,,,,,,,,,,,,,,,,,,,,,,,,,,,,,,,,,,
1664,,,729,159,,14.10,76.50,1200,5.0,3.000,4.563,7.71,2.272,31.59,1.00,0.88,-0.88,0.88,0.933,1.02,-1.44,1.045,0.00,0.90,1.486,18.8,36.477,0.496,0.000,1370,8.57,4.8,4.28,1.17,7.5,1,1,0,1,1,1,0,0,0,0,1,0,1,0,0,0,0,0,0,0,1,1,1,1,1,1,0,0,0,0,0,0,1,1,5155.2,0C,1,1,0,1,1,0,1,0,0,192.31,582.38,,,,,,,,,,,,,,,,,,,,,,,,,,,,,,,,,,,,,,,,,,,,,,,,,,,,,,,,,,
1665,,,729,551,,14.10,76.50,1230,5.0,3.750,3.590,4.79,0.000,28.99,1.00,0.84,-0.88,0.76,0.905,1.02,-1.44,1.043,0.00,0.90,1.486,19.5,33.371,0.496,0.000,1150,8.57,4.8,4.34,0.00,7.5,1,1,0,1,1,1,0,0,0,0,1,0,1,0,0,0,0,0,1,0,1,1,1,1,1,1,0,0,0,1,0,0,1,1,5155.2,0C,1,1,0,1,1,0,1,0,0,181.75,551.00,,,,,,,,,,,,,,,,,,,,,,,,,,,,,,,,,,,,,,,,,,,,,,,,,,,,,,,,,,
1666,,,729,940,,13.90,76.50,1153,5.0,-2.250,3.526,4.61,0.000,26.06,1.00,0.21,-0.88,0.19,0.930,1.02,-1.44,1.032,0.00,0.90,1.761,19.5,28.183,0.496,0.000,900,8.57,4.8,5.04,-0.45,7.5,1,1,0,1,1,1,0,0,0,0,1,0,1,0,0,0,0,0,1,0,1,1,1,1,1,1,0,0,0,1,0,0,1,1,5155.2,0C,1,1,0,1,1,0,1,0,0,153.88,486.75,,,,,,,,,,,,,,,,,,,,,,,,,,,,,,,,,,,,,,,,,,,,,,,,,,,,,,,,,,
1667,,,730,334,,14.10,76.50,1143,5.0,3.750,3.200,4.54,0.000,23.41,1.00,0.22,-0.88,0.22,0.951,1.02,-1.44,1.035,0.00,0.90,1.761,18.8,28.183,0.496,0.000,900,8.57,4.8,5.37,-0.78,7.5,1,1,0,1,1,1,0,0,0,0,1,0,1,0,0,0,0,0,1,0,1,1,1,1,1,1,0,0,0,0,0,0,1,1,5155.2,0C,1,1,0,1,1,0,1,0,0,139.81,457.56,,,,,,,,,,,,,,,,,,,,,,,,,,,,,,,,,,,,,,,,,,,,,,,,,,,,,,,,,,
1668,,,730,725,,14.10,76.50,1167,5.0,6.000,3.078,4.49,0.000,21.98,1.00,0.22,-0.88,0.20,0.971,1.02,-1.44,1.042,0.00,0.90,1.761,18.8,27.489,0.496,0.000,900,8.57,4.8,4.45,-0.92,7.5,1,1,0,1,1,1,0,0,0,0,1,0,1,0,0,0,0,0,1,0,1,1,1,1,1,1,0,0,0,0,0,0,1,1,5155.2,0C,1,1,0,1,1,0,1,0,0,133.31,441.88,,,,,,,,,,,,,,,,,,,,,,,,,,,,,,,,,,,,,,,,,,,,,,,,,,,,,,,,,,
1669,,,731,118,,14.10,76.50,1144,5.0,9.000,4.947,7.76,2.835,29.95,1.00,0.24,-0.88,0.22,0.990,1.02,-1.44,1.041,0.00,0.90,1.408,18.8,33.371,0.496,0.000,1200,8.57,4.8,4.08,0.00,7.5,1,1,0,1,1,1,0,0,0,0,1,0,1,0,0,0,0,0,0,0,1,1,1,1,1,0,0,0,0,0,0,0,1,1,5155.2,0C,1,1,0,1,1,0,1,0,0,182.00,562.56,,,,,,,,,,,,,,,,,,,,,,,,,,,,,,,,,,,,,,,,,,,,,,,,,,,,,,,,,,
1670,,,731,492,,14.10,-47.25,5250,152.5,3.750,234.298,190.63,71.620,1070.86,1.44,1.24,-1.34,0.17,0.007,0.03,-11.54,0.764,0.01,0.75,0.303,-40.5,97.267,0.750,42.750,20,-76.34,1766.7,4.68,-48.07,110.3,0,1,0,0,0,1,0,1,1,1,1,1,0,1,1,0,0,1,0,0,0,0,0,0,0,0,0,0,1,1,0,0,0,0,9691.8,35,0,1,0,1,0,1,1,1,1,1,1,,,,,,,,,,,,,,,,,,,,,,,,,,,,,,,,,,,,,,,,,,,,,,,,,,,,,,,,,,
1671,,,731,891,,14.00,76.50,1150,6.3,6.750,4.141,4.98,0.000,29.53,1.00,0.90,-0.88,0.84,0.928,1.02,-1.44,1.037,0.00,0.90,2.348,18.8,30.945,0.496,0.000,1090,8.57,4.8,4.74,0.00,7.5,1,1,0,1,1,1,0,0,0,0,1,0,1,0,0,0,0,0,1,0,1,1,1,1,1,1,0,0,0,0,0,0,1,1,5155.2,0C,1,1,0,1,1,0,1,0,0,179.81,551.13,,,,,,,,,,,,,,,,,,,,,,,,,,,,,,,,,,,,,,,,,,,,,,,,,,,,,,,,,,
1672,,,732,309,,13.20,76.50,964,6.3,6.750,3.917,4.37,0.000,28.64,1.00,0.85,-0.88,0.78,0.906,1.02,-1.44,1.030,0.00,0.90,2.348,18.8,30.259,0.496,0.000,900,8.57,4.8,5.76,0.00,7.5,1,1,0,1,1,1,0,0,0,0,1,0,1,0,0,0,0,0,1,0,1,1,1,1,1,1,0,0,0,0,0,0,1,1,5155.2,0C,1,1,0,1,1,0,1,0,0,176.69,554.63,,,,,,,,,,,,,,,,,,,,,,,,,,,,,,,,,,,,,,,,,,,,,,,,,,,,,,,,,,
1673,,,732,700,,13.80,76.50,976,7.5,7.500,3.558,4.13,0.000,27.09,1.00,0.87,-0.88,0.83,0.885,1.02,-1.44,1.024,0.00,0.90,2.348,18.8,29.564,0.496,0.000,900,8.57,4.8,6.74,-0.04,7.5,1,1,0,1,1,1,0,0,0,0,1,0,1,0,0,0,0,0,1,0,1,1,1,1,1,1,0,0,0,0,0,0,1,1,5155.2,0C,1,1,0,1,1,0,1,0,0,165.00,518.44,,,,,,,,,,,,,,,,,,,,,,,,,,,,,,,,,,,,,,,,,,,,,,,,,,,,,,,,,,
1674,,,733,085,,14.10,76.50,981,6.3,11.250,3.379,4.13,0.000,26.37,1.00,0.92,-0.88,0.84,0.863,0.03,12.43,0.578,0.01,0.75,27.518,120.0,29.012,0.047,0.000,100,2.44,3421.8,-199.48,-199.48,-199.48,-199.48,-199.48,-199.48,-199.48,-199.48,-199.48,-199.48,-199.48,-199.48,-199.48,-199.48,-199.48,-199.48,-199.48,-199.48,-199.48,-199.48,-199.48,-199.48,-199.48,-199.48,-199.48,-199.48,-199.48,-199.48,-199.48,-199.48,-199.48,-199.48,-199.48,-199.48,-199.48,-199.48,-199.48,-199.48,,,,,,,,,,,,,,,,,,,,,,,,,,,,,,,,,,,,,,,,,,,,,,,,,,,,,,,,,,,,,,,,,,,,,,
1675,,,733,469,,14.10,76.50,971,6.3,9.750,3.341,4.13,0.000,26.30,1.00,0.86,-0.88,0.77,0.844,1.02,-1.44,1.021,0.00,0.90,1.361,19.5,28.527,0.496,0.000,900,8.57,4.8,7.34,-0.11,7.5,1,1,0,1,1,1,0,0,0,0,1,0,1,0,0,0,0,0,1,0,1,1,1,1,1,1,0,0,0,0,0,0,1,1,5155.2,0C,1,1,0,1,1,0,1,0,0,160.19,501.94,,,,,,,,,,,,,,,,,,,,,,,,,,,,,,,,,,,,,,,,,,,,,,,,,,,,,,,,,,
1676,,,733,852,,14.10,76.50,952,6.3,9.000,3.501,4.17,0.000,26.63,1.00,0.22,-0.88,0.21,0.862,1.02,-1.44,1.022,0.00,0.90,1.208,19.5,27.840,0.496,0.000,900,8.57,4.8,7.35,-0.07,7.5,1,1,0,1,1,1,0,0,0,0,1,0,1,0,0,0,0,0,1,0,1,1,1,1,1,1,0,0,0,0,0,0,1,1,5155.2,0C,1,1,0,1,1,0,1,0,0,162.38,508.75,,,,,,,,,,,,,,,,,,,,,,,,,,,,,,,,,,,,,,,,,,,,,,,,,,,,,,,,,,
1677,,,734,239,,14.10,76.50,935,6.3,10.500,3.610,4.30,0.000,26.98,1.00,0.23,-0.88,0.22,0.877,1.02,-1.44,1.024,0.00,0.90,1.208,19.5,27.489,0.496,0.000,900,8.57,4.8,7.35,-0.02,7.5,1,1,0,1,1,1,0,0,0,0,1,0,1,0,0,0,0,0,1,0,1,1,1,1,1,1,0,0,0,0,0,0,1,1,5155.2,0C,1,1,0,1,1,0,1,0,0,166.31,517.69,,,,,,,,,,,,,,,,,,,,,,,,,,,,,,,,,,,,,,,,,,,,,,,,,,,,,,,,,,
1678,,,734,637,,13.90,76.50,989,6.3,3.750,3.398,4.30,0.000,26.70,1.00,0.83,-0.88,0.73,0.847,1.02,-1.44,1.022,0.00,0.90,1.208,19.5,26.802,0.496,0.000,900,8.58,4.8,6.83,-0.15,7.5,1,1,0,1,1,1,0,0,0,0,1,1,1,0,0,0,0,0,1,0,1,1,1,1,1,1,0,0,0,0,0,1,1,1,5155.2,0C,1,1,0,1,1,0,1,0,0,162.25,506.19,,,,,,,,,,,,,,,,,,,,,,,,,,,,,,,,,,,,,,,,,,,,,,,,,,,,,,,,,,
1679,,,735,029,,14.00,76.50,992,5.0,3.000,3.552,4.91,0.000,27.42,1.00,0.30,-0.88,0.22,0.860,1.02,-1.44,1.025,0.00,0.90,1.290,19.5,26.459,0.496,0.000,900,8.58,4.8,6.23,-0.16,7.5,1,1,0,1,1,1,0,0,0,0,1,1,1,0,0,0,0,0,1,0,1,1,1,1,1,1,0,0,0,0,0,1,1,1,5155.2,0C,1,1,0,1,1,0,1,0,0,166.69,518.06,,,,,,,,,,,,,,,,,,,,,,,,,,,,,,,,,,,,,,,,,,,,,,,,,,,,,,,,,,
1680,,,735,439,,14.00,77.25,970,2.5,0.000,3.834,4.86,0.000,28.17,1.00,0.22,-0.88,0.21,0.882,1.02,-1.44,1.028,0.00,0.90,1.290,19.5,25.765,0.496,0.000,900,8.58,4.8,5.73,-0.07,7.5,1,1,0,1,1,1,0,0,0,0,1,1,1,0,0,0,0,0,1,0,1,1,1,1,1,1,0,0,0,0,0,1,1,1,5155.2,0C,1,1,0,1,1,0,1,0,0,173.38,537.81,,,,,,,,,,,,,,,,,,,,,,,,,,,,,,,,,,,,,,,,,,,,,,,,,,,,,,,,,,
1681,,,735,832,,13.80,77.25,994,0.0,-0.750,3.802,4.66,0.000,28.29,1.00,0.39,-0.88,0.56,0.903,1.02,-1.44,1.029,0.00,0.90,1.576,19.5,25.422,0.496,0.000,900,8.58,4.8,5.11,-0.17,7.5,1,1,0,1,1,1,0,0,0,0,1,1,1,0,0,0,0,0,1,0,1,1,1,1,1,1,0,0,0,0,0,1,1,1,5155.2,0C,1,1,0,1,1,0,1,0,0,172.06,529.94,,,,,,,,,,,,,,,,,,,,,,,,,,,,,,,,,,,,,,,,,,,,,,,,,,,,,,,,,,
1682,,,736,229,,13.80,77.25,974,0.0,-1.500,3.731,4.61,0.000,28.01,1.00,0.84,-0.88,0.80,0.866,1.02,-1.44,1.027,0.00,0.90,1.576,19.5,24.727,0.496,0.000,900,8.58,4.8,4.53,-0.08,7.5,1,1,0,1,1,1,0,0,0,0,1,0,1,0,0,0,0,0,1,0,1,1,1,1,1,1,0,0,0,0,0,0,1,1,5155.2,0C,1,1,0,1,1,0,1,0,0,170.38,530.63,,,,,,,,,,,,,,,,,,,,,,,,,,,,,,,,,,,,,,,,,,,,,,,,,,,,,,,,,,
1683,,,736,627,,13.80,77.25,978,0.0,0.000,6.086,9.89,9.578,39.33,1.00,0.35,-0.88,0.22,0.846,1.02,-1.44,1.053,0.00,0.90,1.576,19.5,28.527,0.496,0.000,1200,8.58,4.8,4.36,0.67,7.5,1,1,0,1,1,1,0,0,0,0,1,0,1,0,0,0,0,0,0,0,1,1,1,1,1,0,0,1,0,0,0,0,1,1,5155.2,0C,1,1,0,1,1,0,1,0,0,243.25,710.44,,,,,,,,,,,,,,,,,,,,,,,,,,,,,,,,,,,,,,,,,,,,,,,,,,,,,,,,,,
1684,,,737,022,,13.90,77.25,1325,0.0,0.750,6.822,12.77,9.171,49.34,1.00,0.91,-0.88,0.88,0.839,1.02,-1.44,1.109,0.00,0.90,2.868,19.5,36.828,0.496,0.000,1500,8.58,4.8,4.36,0.70,7.5,1,1,0,1,1,1,0,0,0,0,1,0,1,0,0,0,0,0,0,0,1,1,1,1,1,0,0,1,0,0,0,0,1,1,5155.2,0C,1,1,0,1,1,0,1,0,0,293.81,759.38,,,,,,,,,,,,,,,,,,,,,,,,,,,,,,,,,,,,,,,,,,,,,,,,,,,,,,,,,,
1685,,,737,419,,13.80,77.25,1495,1.3,4.500,4.992,9.30,7.062,38.88,1.00,0.20,-0.88,0.18,0.854,1.02,-1.44,1.078,0.00,0.90,2.868,19.5,30.602,0.496,0.000,1500,8.58,4.8,4.36,0.00,7.5,1,1,0,1,1,1,0,0,0,0,1,0,1,0,0,0,0,0,0,0,1,1,1,1,1,0,0,1,0,0,0,0,1,1,5155.2,0C,1,1,0,1,1,0,1,0,0,236.06,636.13,,,,,,,,,,,,,,,,,,,,,,,,,,,,,,,,,,,,,,,,,,,,,,,,,,,,,,,,,,
1686,,,737,811,,13.80,77.25,1368,2.5,4.500,4.781,8.13,3.328,37.15,1.00,0.20,-0.88,0.19,0.886,1.02,-1.44,1.068,0.00,0.90,2.879,19.5,32.334,0.496,0.000,1440,8.58,4.8,4.36,1.16,7.5,1,1,0,1,1,1,0,0,0,0,1,0,1,0,0,0,0,0,0,0,1,1,1,1,1,0,0,1,0,0,0,0,1,1,5155.2,0C,1,1,0,1,1,0,1,0,0,222.94,632.38,,,,,,,,,,,,,,,,,,,,,,,,,,,,,,,,,,,,,,,,,,,,,,,,,,,,,,,,,,
1687,,,738,207,,13.80,77.25,1330,2.5,10.500,2.976,4.61,0.000,24.49,1.00,0.20,-0.88,0.18,0.913,1.02,-1.44,1.053,0.00,0.90,2.879,19.5,30.259,0.496,0.000,1040,8.58,4.8,4.72,-1.00,7.5,1,1,0,1,1,1,0,0,0,0,1,0,1,0,0,0,0,0,1,0,1,1,1,1,1,1,0,0,0,0,0,0,1,1,5155.2,0C,1,1,0,1,1,0,1,0,0,147.75,443.19,,,,,,,,,,,,,,,,,,,,,,,,,,,,,,,,,,,,,,,,,,,,,,,,,,,,,,,,,,
1688,,,738,613,,13.80,77.25,1299,2.5,12.000,2.432,3.93,0.000,19.17,1.00,0.19,-0.88,0.18,0.933,1.02,-1.44,1.056,0.00,0.90,2.879,18.8,29.564,0.496,0.000,900,8.57,4.8,4.57,-1.36,7.5,1,1,0,1,1,1,0,0,0,0,1,0,1,0,0,0,0,0,1,0,1,1,1,1,1,1,0,0,0,0,0,0,1,1,5155.2,0C,1,1,0,1,1,0,1,0,0,116.44,390.31,,,,,,,,,,,,,,,,,,,,,,,,,,,,,,,,,,,,,,,,,,,,,,,,,,,,,,,,,,
1689,,,739,011,,13.80,77.25,1217,1.3,19.500,2.515,3.93,1.616,18.47,1.00,0.19,-0.88,0.17,0.949,1.02,-1.44,1.058,0.00,0.90,1.223,18.8,28.878,0.496,0.000,1000,8.57,4.8,3.86,-0.99,7.5,1,1,0,1,1,1,0,0,0,0,1,0,1,0,0,0,0,0,0,0,1,1,1,1,1,1,0,0,0,0,0,0,1,1,5155.2,0C,1,1,0,1,1,0,1,0,0,113.56,395.00,,,,,,,,,,,,,,,,,,,,,,,,,,,,,,,,,,,,,,,,,,,,,,,,,,,,,,,,,,
1690,,,739,409,,13.80,77.25,1189,1.3,28.500,3.789,7.23,1.944,25.03,1.00,0.20,-0.88,0.18,0.967,1.02,-1.44,1.035,0.00,0.90,1.223,18.8,28.527,0.496,0.000,1330,8.57,4.8,3.86,0.81,7.5,1,1,0,1,1,1,0,0,0,0,1,0,1,0,0,0,0,0,0,0,1,1,1,1,1,1,0,0,0,0,0,0,1,1,5155.2,0C,1,1,0,1,1,0,1,0,0,163.69,508.63,,,,,,,,,,,,,,,,,,,,,,,,,,,,,,,,,,,,,,,,,,,,,,,,,,,,,,,,,,
1691,,,739,810,,13.80,77.25,1195,1.3,7.500,3.699,5.10,0.647,27.05,1.00,0.80,-0.88,0.82,0.960,1.02,-1.44,1.037,0.00,0.90,2.053,18.8,27.840,0.496,0.000,1080,8.57,4.8,3.92,0.00,7.5,1,1,0,1,1,1,0,0,0,0,1,0,1,0,0,0,0,0,1,0,1,1,1,1,1,0,0,0,0,0,0,0,1,1,5155.2,0C,1,1,0,1,1,0,1,0,0,161.88,505.00,,,,,,,,,,,,,,,,,,,,,,,,,,,,,,,,,,,,,,,,,,,,,,,,,,,,,,,,,,
1692,,,742,460,,13.80,77.25,936,2.5,1.500,3.994,4.86,0.000,29.04,1.00,0.21,-0.88,0.20,0.891,1.02,-1.44,1.032,0.00,0.90,1.524,19.5,24.384,0.496,0.000,900,8.58,4.8,5.79,0.00,7.5,1,1,0,1,1,1,0,0,0,0,1,0,1,0,0,0,0,0,1,0,1,1,1,1,1,0,0,1,0,0,0,0,1,1,5155.2,0C,1,1,0,1,1,0,1,0,0,177.81,561.50,,,,,,,,,,,,,,,,,,,,,,,,,,,,,,,,,,,,,,,,,,,,,,,,,,,,,,,,,,
1693,,,742,836,,13.80,77.25,914,2.5,1.500,4.109,4.86,0.000,29.65,1.00,0.25,-0.88,0.23,0.906,1.02,-1.44,1.034,0.00,0.90,1.490,19.5,24.033,0.496,0.000,900,8.58,4.8,5.79,0.00,7.5,1,1,0,1,1,1,0,0,0,0,1,0,1,0,0,0,0,0,1,0,1,1,1,1,1,0,0,1,0,0,0,0,1,1,5155.2,0C,1,1,0,1,1,0,1,0,0,181.13,581.38,,,,,,,,,,,,,,,,,,,,,,,,,,,,,,,,,,,,,,,,,,,,,,,,,,,,,,,,,,
1694,,,743,237,,13.80,77.25,880,2.5,3.000,4.090,4.86,0.000,30.09,1.00,0.69,-0.88,0.25,0.898,1.02,-1.44,1.036,0.00,0.90,1.490,19.5,23.690,0.496,0.000,900,8.58,4.8,5.90,0.00,7.5,1,1,0,1,1,1,0,0,0,0,1,0,1,0,0,0,0,0,1,0,1,1,1,1,1,0,0,1,0,0,0,0,1,1,5155.2,0C,1,1,0,1,1,0,1,0,0,184.88,596.81,,,,,,,,,,,,,,,,,,,,,,,,,,,,,,,,,,,,,,,,,,,,,,,,,,,,,,,,,,
1695,,,743,619,,13.80,77.25,886,2.5,1.500,4.154,4.86,0.000,30.35,1.00,0.22,-0.88,0.20,0.910,1.02,-1.44,1.037,0.00,0.90,1.490,19.5,23.346,0.496,0.000,900,8.58,4.8,5.97,0.00,7.5,1,1,0,1,1,1,0,0,0,0,1,0,1,0,0,0,0,0,1,0,1,1,1,1,1,0,0,1,0,0,0,0,1,1,5155.2,0C,1,1,0,1,1,0,1,0,0,184.88,599.69,,,,,,,,,,,,,,,,,,,,,,,,,,,,,,,,,,,,,,,,,,,,,,,,,,,,,,,,,,
1696,,,744,007,,13.80,77.25,909,2.5,-3.750,4.346,4.79,0.000,30.68,1.00,0.22,-0.88,0.20,0.933,1.02,-1.44,1.038,0.00,0.90,1.447,19.5,22.652,0.496,0.000,900,8.58,4.8,5.98,-0.04,7.5,1,1,0,1,1,1,0,0,0,0,1,0,1,0,0,0,0,0,1,0,1,1,1,1,1,0,0,1,0,0,0,0,1,1,5155.2,0C,1,1,0,1,1,0,1,0,0,187.81,584.50,,,,,,,,,,,,,,,,,,,,,,,,,,,,,,,,,,,,,,,,,,,,,,,,,,,,,,,,,,
1697,,,744,400,,13.80,77.25,962,1.3,-2.250,4.019,4.66,0.000,29.41,1.00,0.85,-0.88,0.85,0.914,1.02,-1.44,1.033,0.00,0.90,1.447,19.5,21.614,0.496,0.000,900,8.58,4.8,5.51,-0.11,7.5,1,1,0,1,1,1,0,0,0,0,1,1,1,0,0,0,0,0,1,0,1,1,1,1,1,0,0,1,0,0,0,1,1,1,5155.2,0C,1,1,0,1,1,0,1,0,0,178.06,548.56,,,,,,,,,,,,,,,,,,,,,,,,,,,,,,,,,,,,,,,,,,,,,,,,,,,,,,,,,,
1698,,,744,792,,14.00,77.25,980,0.0,-1.500,3.680,4.37,0.000,27.75,1.00,0.91,-0.88,0.86,0.892,1.02,-1.44,1.027,0.00,0.90,1.524,19.5,20.928,0.496,0.000,900,8.58,4.8,4.87,-0.10,7.5,1,1,0,1,1,1,0,0,0,0,1,1,1,0,0,0,0,0,1,0,1,1,1,1,1,0,0,0,0,0,0,1,1,1,5155.2,0C,1,1,0,1,1,0,1,0,0,166.94,524.50,,,,,,,,,,,,,,,,,,,,,,,,,,,,,,,,,,,,,,,,,,,,,,,,,,,,,,,,,,
1699,,,745,180,,14.10,77.25,957,0.0,-0.750,3.533,4.30,0.000,27.05,1.00,0.87,-0.88,0.81,0.871,1.02,-1.44,1.024,0.00,0.90,1.524,19.5,20.577,0.496,0.000,900,8.58,4.8,4.45,-0.06,7.5,1,1,0,1,1,1,0,0,0,0,1,1,1,0,0,0,0,0,1,0,1,1,1,1,1,0,0,0,0,0,0,1,1,1,5155.2,0C,1,1,0,1,1,0,1,0,0,165.06,517.44,,,,,,,,,,,,,,,,,,,,,,,,,,,,,,,,,,,,,,,,,,,,,,,,,,,,,,,,,,
1700,,,745,578,,14.00,78.00,925,0.0,3.750,3.443,4.25,0.000,26.58,1.00,0.75,-0.88,0.24,0.851,1.02,-1.44,1.022,0.00,0.90,1.524,19.5,19.890,0.496,0.000,900,8.58,4.8,4.18,0.00,7.5,1,1,0,1,1,1,0,0,0,0,1,1,1,0,0,0,0,0,1,0,1,1,1,1,1,0,0,0,0,0,0,1,1,1,5155.2,0C,1,1,0,1,1,0,1,0,0,163.31,520.50,,,,,,,,,,,,,,,,,,,,,,,,,,,,,,,,,,,,,,,,,,,,,,,,,,,,,,,,,,
1701,,,745,959,,14.00,78.00,926,0.0,3.000,3.507,3.81,0.000,26.23,1.00,0.22,-0.88,0.21,0.892,1.02,-1.44,1.021,0.00,0.90,1.318,19.5,19.547,0.496,0.000,800,8.58,4.8,4.07,-0.02,7.5,1,1,0,1,1,1,0,0,0,0,1,1,0,0,0,0,0,0,1,0,1,1,1,1,1,0,0,0,0,0,0,1,1,1,5155.2,0C,1,1,0,1,1,0,1,0,0,158.38,503.00,,,,,,,,,,,,,,,,,,,,,,,,,,,,,,,,,,,,,,,,,,,,,,,,,,,,,,,,,,
1702,,,746,341,,13.90,78.00,909,0.0,4.500,3.142,3.15,0.000,24.23,1.00,0.74,-0.88,0.75,0.879,1.02,-1.44,1.018,0.00,0.90,1.318,19.5,18.853,0.496,0.000,800,8.58,4.8,3.93,-0.14,7.5,1,1,0,1,1,1,0,0,0,0,1,1,0,0,0,0,0,0,1,0,1,1,1,1,1,0,0,0,0,0,0,1,1,1,5155.2,0C,1,1,0,1,1,0,1,0,0,147.75,480.00,,,,,,,,,,,,,,,,,,,,,,,,,,,,,,,,,,,,,,,,,,,,,,,,,,,,,,,,,,
1703,,,746,742,,14.10,78.00,888,0.0,5.250,3.104,3.15,0.000,23.81,1.00,0.83,-0.88,0.58,0.862,1.02,-1.44,1.021,0.00,0.90,1.318,19.5,18.509,0.496,0.000,800,8.58,4.8,3.77,-0.15,7.5,1,1,0,1,1,1,0,0,0,0,1,1,0,0,0,0,0,0,1,0,1,1,1,1,1,0,0,0,0,0,0,0,1,1,5155.2,0C,1,1,0,1,1,0,1,0,0,143.38,474.63,,,,,,,,,,,,,,,,,,,,,,,,,,,,,,,,,,,,,,,,,,,,,,,,,,,,,,,,,,
1704,,,747,138,,14.10,78.00,874,0.0,6.750,3.072,3.27,0.000,23.23,1.00,0.23,-0.88,0.21,0.887,1.02,-1.44,1.025,0.00,0.90,1.064,20.3,17.815,0.496,0.000,800,8.59,4.8,3.51,-0.11,7.5,1,1,0,1,1,1,0,0,0,0,1,0,0,0,0,0,0,0,1,0,1,1,1,1,1,0,0,0,0,0,0,0,1,1,5155.2,0C,1,1,0,1,1,0,1,0,0,140.81,471.88,,,,,,,,,,,,,,,,,,,,,,,,,,,,,,,,,,,,,,,,,,,,,,,,,,,,,,,,,,
1705,,,747,539,,14.10,78.00,863,0.0,6.000,3.085,3.44,0.000,23.18,1.00,0.22,-0.88,0.20,0.903,1.02,-1.44,1.026,0.00,0.90,1.064,20.3,17.472,0.496,0.000,800,8.59,4.8,3.18,-0.06,7.5,1,1,0,1,1,1,0,0,0,0,1,0,0,0,0,0,0,0,1,0,1,1,1,1,1,0,0,0,0,0,0,0,1,1,5155.2,0C,1,1,0,1,1,0,1,0,0,140.06,477.69,,,,,,,,,,,,,,,,,,,,,,,,,,,,,,,,,,,,,,,,,,,,,,,,,,,,,,,,,,
1706,,,747,929,,14.10,78.00,854,0.0,4.500,3.302,3.56,0.000,23.95,1.00,0.22,-0.88,0.21,0.919,1.02,-1.44,1.020,0.00,0.90,1.137,20.3,16.777,0.496,0.000,800,8.59,4.8,2.93,-0.09,7.5,1,1,0,1,1,1,0,0,0,0,1,0,0,0,0,0,0,0,1,0,1,1,1,1,1,0,0,0,0,0,0,0,1,1,5155.2,0C,1,1,0,1,1,0,1,0,0,147.88,486.38,,,,,,,,,,,,,,,,,,,,,,,,,,,,,,,,,,,,,,,,,,,,,,,,,,,,,,,,,,
1707,,,748,330,,14.10,78.00,864,0.0,1.500,3.354,3.56,0.000,24.23,1.00,0.23,-0.88,0.22,0.936,1.02,-1.44,1.017,0.00,0.90,1.137,20.3,16.434,0.496,0.000,800,8.59,4.8,2.48,-0.09,7.5,1,1,0,1,1,1,0,0,0,0,1,0,0,0,0,0,0,0,1,0,1,1,1,1,1,0,0,0,0,0,0,0,1,1,5155.2,0C,1,1,0,1,1,0,1,0,0,148.56,489.00,,,,,,,,,,,,,,,,,,,,,,,,,,,,,,,,,,,,,,,,,,,,,,,,,,,,,,,,,,
1708,,,748,717,,14.10,78.00,851,0.0,2.250,3.238,3.56,0.000,24.28,1.00,0.83,-0.88,0.82,0.910,1.02,-1.44,1.017,0.00,0.90,1.137,20.3,15.740,0.496,0.000,800,8.59,4.8,2.11,-0.04,7.5,1,1,0,1,1,1,0,0,0,0,1,0,0,0,0,0,0,0,1,0,1,1,1,1,1,0,0,0,0,0,0,0,1,1,5155.2,0C,1,1,0,1,1,0,1,0,0,147.94,493.63,,,,,,,,,,,,,,,,,,,,,,,,,,,,,,,,,,,,,,,,,,,,,,,,,,,,,,,,,,
1709,,,749,110,,14.10,78.00,826,0.0,4.500,3.232,3.56,0.000,24.52,1.00,0.36,-0.88,0.22,0.894,1.02,-1.44,1.015,0.00,0.90,1.204,20.3,15.053,0.496,0.000,800,8.60,4.8,2.00,0.00,7.5,1,1,0,1,1,1,0,0,0,0,1,0,0,0,0,0,0,0,1,0,1,1,1,1,1,0,0,0,0,0,0,0,1,1,5155.2,0C,1,1,0,1,1,0,1,0,0,150.13,501.19,,,,,,,,,,,,,,,,,,,,,,,,,,,,,,,,,,,,,,,,,,,,,,,,,,,,,,,,,,
1710,,,751,521,,14.10,78.00,805,0.0,3.000,3.366,3.44,0.000,24.75,1.00,0.22,-0.88,0.21,0.956,1.02,-1.44,1.015,0.00,0.90,1.137,21.0,11.940,0.496,0.000,800,8.60,4.8,1.55,0.00,7.5,1,1,0,1,1,1,0,0,0,0,1,0,0,0,0,0,0,0,1,0,1,1,1,1,1,0,0,0,0,0,0,0,1,1,5155.2,0C,1,1,0,1,1,0,1,0,0,151.69,504.44,,,,,,,,,,,,,,,,,,,,,,,,,,,,,,,,,,,,,,,,,,,,,,,,,,,,,,,,,,
1711,,,751,930,,14.10,78.00,818,0.0,1.500,3.379,3.32,0.000,24.54,1.00,0.25,-0.88,0.24,0.973,1.02,-1.44,1.015,0.00,0.90,1.236,21.0,11.246,0.496,0.000,800,8.60,4.8,1.48,0.00,7.5,1,1,0,1,1,1,0,0,0,0,1,0,0,0,0,0,0,0,1,0,1,1,1,1,1,0,0,0,0,0,0,0,1,1,5155.2,0C,1,1,0,1,1,0,1,0,0,147.50,494.88,,,,,,,,,,,,,,,,,,,,,,,,,,,,,,,,,,,,,,,,,,,,,,,,,,,,,,,,,,
1712,,,752,312,,14.10,78.00,830,0.0,3.750,3.174,3.32,0.000,23.58,1.00,0.80,-0.88,0.74,0.947,1.02,-1.44,1.022,0.00,0.90,1.236,21.0,10.903,0.496,0.000,800,8.60,4.8,1.35,-0.01,7.5,1,1,0,1,1,1,0,0,0,0,1,0,0,0,0,0,0,0,1,0,1,1,1,1,1,0,0,0,0,0,0,0,1,1,5155.2,0C,1,1,0,1,1,0,1,0,0,143.56,484.31,,,,,,,,,,,,,,,,,,,,,,,,,,,,,,,,,,,,,,,,,,,,,,,,,,,,,,,,,,
1713,,,752,711,,14.10,78.00,820,0.0,7.500,3.021,3.32,0.000,22.66,1.00,0.82,-0.88,0.70,0.932,1.02,-1.44,1.030,0.00,0.90,1.236,21.0,10.208,0.496,0.000,800,8.61,4.8,1.16,0.00,7.5,1,1,0,1,1,1,0,0,0,0,1,0,0,0,0,0,0,0,1,0,1,1,1,1,1,0,0,0,0,0,0,0,1,1,5155.2,0C,1,1,0,1,1,0,1,0,0,140.25,484.00,,,,,,,,,,,,,,,,,,,,,,,,,,,,,,,,,,,,,,,,,,,,,,,,,,,,,,,,,,
1714,,,753,213,,14.10,78.75,812,0.0,5.250,3.194,3.27,0.000,23.30,1.00,0.21,-0.88,0.19,0.959,1.02,-1.44,1.025,0.00,0.90,1.045,21.0,9.522,0.496,0.000,800,8.61,4.8,1.12,0.00,7.5,1,1,0,1,1,1,0,0,0,0,1,0,0,0,0,0,0,0,1,0,1,1,1,1,1,0,0,0,0,0,0,0,1,1,5155.2,0C,1,1,0,1,1,0,1,0,0,141.88,486.25,,,,,,,,,,,,,,,,,,,,,,,,,,,,,,,,,,,,,,,,,,,,,,,,,,,,,,,,,,
1715,,,753,598,,14.10,78.75,831,0.0,2.250,3.200,3.27,0.000,23.11,1.00,0.22,-0.88,0.20,0.975,1.02,-1.44,1.026,0.00,0.90,1.045,21.0,9.178,0.496,0.000,800,8.61,4.8,0.93,-0.03,7.5,1,1,0,1,1,1,0,0,0,0,1,0,0,0,0,0,0,0,1,0,1,1,1,1,1,0,0,0,0,0,0,0,1,1,5155.2,0C,1,1,0,1,1,0,1,0,0,140.56,477.81,,,,,,,,,,,,,,,,,,,,,,,,,,,,,,,,,,,,,,,,,,,,,,,,,,,,,,,,,,
1716,,,754,018,,14.10,78.75,827,0.0,6.000,3.040,3.27,0.000,22.31,1.00,0.74,-0.88,0.74,0.963,1.02,-1.44,1.032,0.00,0.90,1.174,21.0,0.000,0.496,0.000,800,8.61,4.8,0.74,0.00,7.5,1,1,0,1,1,1,0,0,0,0,1,0,0,0,0,0,0,0,1,0,0,1,1,1,1,1,0,0,0,0,0,0,1,1,5155.2,0C,1,1,0,1,1,0,1,0,0,136.94,475.69,,,,,,,,,,,,,,,,,,,,,,,,,,,,,,,,,,,,,,,,,,,,,,,,,,,,,,,,,,
1717,,,754,397,,14.10,78.75,820,0.0,5.250,3.046,3.27,0.000,22.59,1.00,0.82,-0.88,0.66,0.948,1.02,-1.44,1.030,0.00,0.90,1.174,21.0,0.000,0.496,0.000,800,8.61,4.8,0.67,0.00,7.5,1,1,0,1,1,1,0,0,0,0,1,0,0,0,0,0,0,0,1,0,0,1,1,1,1,1,0,0,0,0,0,0,1,1,5155.2,0C,1,1,0,1,1,0,1,0,0,136.94,476.69,,,,,,,,,,,,,,,,,,,,,,,,,,,,,,,,,,,,,,,,,,,,,,,,,,,,,,,,,,
1718,,,754,812,,14.10,78.75,818,0.0,6.750,3.104,3.27,0.000,22.59,1.00,0.21,-0.88,0.19,0.977,1.02,-1.44,1.030,0.00,0.90,1.174,21.0,0.000,0.496,0.000,800,8.61,4.8,0.61,0.00,7.5,1,1,0,1,1,1,0,0,0,0,1,0,0,0,0,0,0,0,1,0,0,1,1,1,1,1,0,0,0,0,0,0,1,1,5155.2,0C,1,1,0,1,1,0,1,0,0,139.75,478.00,,,,,,,,,,,,,,,,,,,,,,,,,,,,,,,,,,,,,,,,,,,,,,,,,,,,,,,,,,
1719,,,755,192,,14.10,78.75,818,0.0,6.000,3.136,3.27,0.000,22.52,1.00,0.21,-0.88,0.20,0.993,1.02,-1.44,1.031,0.00,0.90,1.174,21.0,0.000,0.496,0.000,800,8.61,4.8,0.51,0.00,7.5,1,1,0,1,1,1,0,0,0,0,1,0,0,0,0,0,0,0,1,0,0,1,1,1,1,1,0,0,0,0,0,0,1,1,5155.2,0C,1,1,0,1,1,0,1,0,0,137.63,478.50,,,,,,,,,,,,,,,,,,,,,,,,,,,,,,,,,,,,,,,,,,,,,,,,,,,,,,,,,,
1720,,,755,637,,14.10,78.75,824,0.0,3.750,3.213,3.27,0.000,22.83,1.00,0.26,-0.88,0.23,1.007,1.02,-1.44,1.028,0.00,0.90,1.174,21.0,0.000,0.496,0.000,800,8.61,4.8,0.38,-0.02,7.5,1,1,0,1,1,1,0,0,0,0,1,0,0,0,0,0,0,0,1,0,0,1,1,1,1,1,0,0,0,0,0,0,1,1,5155.2,0C,1,1,0,1,1,0,1,0,0,138.75,475.63,,,,,,,,,,,,,,,,,,,,,,,,,,,,,,,,,,,,,,,,,,,,,,,,,,,,,,,,,,
1721,,,756,006,,14.10,78.75,816,0.0,6.750,3.110,3.27,0.000,22.66,1.00,0.81,-0.88,0.75,0.979,1.02,-1.44,1.030,0.00,0.90,1.174,21.0,0.000,0.496,0.000,800,8.61,4.8,0.31,0.00,7.5,1,1,0,1,1,1,0,0,0,0,1,0,0,0,0,0,0,0,1,0,0,1,1,1,1,1,0,0,0,0,0,0,1,1,5155.2,0C,1,1,0,1,1,0,1,0,0,139.25,478.00,,,,,,,,,,,,,,,,,,,,,,,,,,,,,,,,,,,,,,,,,,,,,,,,,,,,,,,,,,
1722,,,756,400,,14.10,78.75,797,0.0,8.250,3.098,3.27,0.000,22.64,1.00,0.67,-0.88,0.24,0.965,1.02,-1.44,1.030,0.00,0.90,1.174,21.0,0.000,0.496,0.000,800,8.62,4.8,0.30,0.00,7.5,1,1,0,1,1,1,0,0,0,0,1,0,0,0,0,0,0,0,1,0,0,1,1,1,1,1,0,0,0,0,0,0,1,1,5155.2,0C,1,1,0,1,1,0,1,0,0,139.56,486.50,,,,,,,,,,,,,,,,,,,,,,,,,,,,,,,,,,,,,,,,,,,,,,,,,,,,,,,,,,
1723,,,756,817,,14.10,78.75,795,0.0,5.250,3.302,3.27,0.000,23.44,1.00,0.22,-0.88,0.20,1.001,1.02,-1.44,1.024,0.00,0.90,1.236,21.0,0.000,0.496,0.000,800,8.62,4.8,0.34,0.00,7.5,1,1,0,1,1,1,0,0,0,0,1,0,0,0,0,0,0,0,1,0,0,1,1,1,1,1,0,0,0,0,0,0,1,1,5155.2,0C,1,1,0,1,1,0,1,0,0,141.38,488.25,,,,,,,,,,,,,,,,,,,,,,,,,,,,,,,,,,,,,,,,,,,,,,,,,,,,,,,,,,
1724,,,757,182,,14.10,78.75,816,0.0,3.000,3.270,3.27,0.000,23.16,1.00,0.23,-0.88,0.23,1.017,1.02,-1.44,1.026,0.00,0.90,1.236,21.0,0.000,0.496,0.000,800,8.62,4.8,0.27,0.00,7.5,1,1,0,1,1,1,0,0,0,0,1,0,0,0,0,0,0,0,1,0,0,1,1,1,1,1,0,0,0,0,0,0,1,1,5155.2,0C,1,1,0,1,1,0,1,1,1,1,1,,,,,,,,,,,,,,,,,,,,,,,,,,,,,,,,,,,,,,,,,,,,,,,,,,,,,,,,,,
1725,,,757,594,,14.10,78.75,816,0.0,3.750,3.168,846.88,64.198,962.95,1.44,1.24,-1.31,0.79,0.007,0.03,6.49,0.000,0.01,0.75,0.172,-39.8,3.125,0.750,50.250,0,0.23,1766.7,1.54,-49.63,110.3,0,1,0,0,0,1,0,1,1,1,1,1,0,1,1,0,0,1,0,0,0,0,0,0,0,0,0,0,0,1,0,0,0,0,7429.0,0C,0,1,0,1,0,1,1,1,1,1,1,,,,,,,,,,,,,,,,,,,,,,,,,,,,,,,,,,,,,,,,,,,,,,,,,,,,,,,,,,
1726,,,757,985,,14.10,78.75,801,0.0,6.000,3.149,3.27,0.000,22.88,1.00,0.85,-0.88,0.80,0.975,1.02,-1.44,1.028,0.00,0.90,1.137,21.0,0.000,0.496,0.000,800,8.62,4.8,0.21,0.00,7.5,1,1,0,1,1,1,0,0,0,0,1,0,0,0,0,0,0,0,1,0,0,1,1,1,1,1,0,0,0,0,0,0,1,1,5155.2,0C,1,1,0,1,1,0,1,0,0,141.25,485.44,,,,,,,,,,,,,,,,,,,,,,,,,,,,,,,,,,,,,,,,,,,,,,,,,,,,,,,,,,
1727,,,758,374,,14.10,78.75,811,0.0,4.500,3.251,3.27,0.000,23.11,1.00,0.23,-0.88,0.22,1.010,1.02,-1.44,1.026,0.00,0.90,1.137,21.8,0.000,0.496,0.000,800,8.62,4.8,0.16,0.00,7.5,1,1,0,1,1,1,0,0,0,0,1,0,0,0,0,0,0,0,1,0,0,1,1,1,1,1,0,0,0,0,0,0,1,1,5155.2,0C,1,1,0,1,1,0,1,0,0,139.38,481.81,,,,,,,,,,,,,,,,,,,,,,,,,,,,,,,,,,,,,,,,,,,,,,,,,,,,,,,,,,
1728,,,758,757,,14.10,78.75,800,0.0,5.250,3.264,3.27,0.000,22.90,1.00,0.24,-0.88,0.22,1.025,1.02,-1.44,1.028,0.00,0.90,1.236,21.8,0.000,0.496,0.000,800,8.62,4.8,0.16,0.00,7.5,1,1,0,1,1,1,0,0,0,0,1,0,0,0,0,0,0,0,1,0,0,1,1,1,1,1,0,0,0,0,0,0,1,1,5155.2,0C,1,1,0,1,1,0,1,0,0,139.19,486.50,,,,,,,,,,,,,,,,,,,,,,,,,,,,,,,,,,,,,,,,,,,,,,,,,,,,,,,,,,
1729,,,759,185,,14.10,78.75,797,0.0,5.250,3.245,3.27,0.000,23.18,1.00,0.82,-0.88,0.78,0.999,1.02,-1.44,1.025,0.00,0.90,1.236,21.8,0.000,0.496,0.000,800,8.62,4.8,0.16,0.00,7.5,1,1,0,1,1,1,0,0,0,0,1,0,0,0,0,0,0,0,1,0,0,1,1,1,1,1,0,0,0,0,0,0,1,1,5155.2,0C,1,1,0,1,1,0,1,0,0,141.25,487.69,,,,,,,,,,,,,,,,,,,,,,,,,,,,,,,,,,,,,,,,,,,,,,,,,,,,,,,,,,
1730,,,759,601,,14.10,78.75,805,0.0,3.750,3.181,3.27,0.000,23.13,1.00,0.85,-0.88,0.81,0.983,1.02,-1.44,1.026,0.00,0.90,1.236,21.8,0.000,0.496,0.000,800,8.62,4.8,0.15,0.00,7.5,1,1,0,1,1,1,0,0,0,0,1,0,0,0,0,0,0,0,1,0,0,1,1,1,1,1,0,0,0,0,0,0,1,1,5155.2,0C,1,1,0,1,1,0,1,0,0,141.44,485.69,,,,,,,,,,,,,,,,,,,,,,,,,,,,,,,,,,,,,,,,,,,,,,,,,,,,,,,,,,
1731,,,759,998,,14.10,78.75,812,0.0,3.000,3.117,3.27,0.000,22.90,1.00,0.83,-0.88,0.39,0.968,1.02,-1.44,1.027,0.00,0.90,1.137,21.8,0.000,0.496,0.000,800,8.62,4.8,0.09,0.00,7.5,1,1,0,1,1,1,0,0,0,0,1,0,0,0,0,0,0,0,1,0,0,1,1,1,1,1,0,0,0,0,0,0,1,1,5155.2,0C,1,1,0,1,1,0,1,0,0,138.44,481.06,,,,,,,,,,,,,,,,,,,,,,,,,,,,,,,,,,,,,,,,,,,,,,,,,,,,,,,,,,
1732,,,760,397,,14.10,78.75,797,0.0,6.750,3.104,3.27,0.000,22.43,1.00,0.23,-0.88,0.21,0.993,1.02,-1.44,1.031,0.00,0.90,1.137,21.8,0.000,0.496,0.000,800,8.62,4.8,0.09,0.00,7.5,1,1,0,1,1,1,0,0,0,0,1,0,0,0,0,0,0,0,1,0,0,1,1,1,1,1,0,0,0,0,0,0,1,1,5155.2,0C,1,1,0,1,1,0,1,0,0,138.94,487.69,,,,,,,,,,,,,,,,,,,,,,,,,,,,,,,,,,,,,,,,,,,,,,,,,,,,,,,,,,
1733,,,760,770,,14.10,78.75,813,0.0,3.750,3.232,3.27,0.000,22.99,1.00,0.22,-0.88,0.21,1.008,1.02,-1.44,1.027,0.00,0.90,1.271,21.8,0.000,0.496,0.000,800,8.62,4.9,0.05,0.00,7.5,1,1,0,1,1,1,0,0,0,0,1,0,0,0,0,0,0,0,1,0,0,1,1,1,1,1,0,0,0,0,0,0,1,1,5155.2,0C,1,1,0,1,1,0,1,0,0,139.63,480.38,,,,,,,,,,,,,,,,,,,,,,,,,,,,,,,,,,,,,,,,,,,,,,,,,,,,,,,,,,
1734,,,761,162,,14.10,78.75,802,0.0,6.750,3.200,834.38,59.120,482.95,1.44,1.24,-1.31,0.69,0.007,0.03,8.13,0.000,0.01,0.75,0.172,-39.8,3.516,0.766,7.500,0,0.23,1766.7,1.54,-49.63,110.3,0,1,0,0,0,1,0,1,1,1,1,1,0,1,1,0,0,1,0,0,0,0,0,0,0,0,0,0,0,1,0,0,0,0,8197.0,38,0,1,0,1,0,1,1,1,1,1,1,,,,,,,,,,,,,,,,,,,,,,,,,,,,,,,,,,,,,,,,,,,,,,,,,,,,,,,,,,
1735,,,761,557,,14.10,78.75,800,0.0,6.000,3.187,3.27,0.000,23.04,1.00,0.82,-0.88,0.57,0.975,1.02,-1.44,1.027,0.00,0.90,1.271,21.8,0.000,0.496,0.000,800,8.62,4.9,0.03,0.00,7.5,1,1,0,1,1,1,0,0,0,0,1,0,0,0,0,0,0,0,1,0,0,1,1,1,1,1,0,0,0,0,0,0,1,1,5155.2,0C,1,1,0,1,1,0,1,0,0,141.19,484.69,,,,,,,,,,,,,,,,,,,,,,,,,,,,,,,,,,,,,,,,,,,,,,,,,,,,,,,,,,
1736,,,761,967,,14.00,79.50,801,0.0,7.500,3.104,3.27,0.000,22.31,1.00,0.23,-0.88,0.21,1.000,1.02,-1.44,1.032,0.00,0.90,1.137,21.8,0.000,0.496,0.000,800,8.62,4.9,0.00,0.00,7.5,1,1,0,1,1,1,0,0,0,0,1,0,0,0,0,0,0,0,1,0,0,1,1,1,1,1,0,0,0,0,0,0,1,1,5155.2,0C,1,1,0,1,1,0,1,0,0,135.81,481.75,,,,,,,,,,,,,,,,,,,,,,,,,,,,,,,,,,,,,,,,,,,,,,,,,,,,,,,,,,
1737,,,762,361,,14.10,79.50,805,0.0,4.500,3.258,3.20,0.000,22.90,1.00,0.23,-0.88,0.22,1.014,1.02,-1.44,1.027,0.00,0.90,1.137,21.8,0.000,0.496,0.000,800,8.62,4.9,-0.01,0.00,7.5,1,1,0,1,1,1,0,0,0,0,1,0,0,0,0,0,0,0,1,0,0,1,1,1,1,1,0,0,0,0,0,0,1,1,5155.2,0C,1,1,0,1,1,0,1,0,0,138.31,481.63,,,,,,,,,,,,,,,,,,,,,,,,,,,,,,,,,,,,,,,,,,,,,,,,,,,,,,,,,,
1738,,,762,750,,14.10,79.50,818,0.0,4.500,3.219,3.15,0.000,22.57,1.00,0.27,-0.88,0.27,1.004,1.02,-1.44,1.030,0.00,0.90,1.137,21.8,0.000,0.496,0.000,800,8.62,4.9,-0.07,0.00,7.5,1,1,0,1,1,1,0,0,0,0,1,0,0,0,0,0,0,0,1,0,0,1,1,1,1,1,0,0,0,0,0,0,1,1,5155.2,0C,1,1,0,1,1,0,1,0,0,136.56,474.38,,,,,,,,,,,,,,,,,,,,,,,,,,,,,,,,,,,,,,,,,,,,,,,,,,,,,,,,,,
1739,,,763,137,,14.10,79.50,812,0.0,6.750,3.072,3.15,0.000,22.08,1.00,0.85,-0.88,0.82,0.994,1.02,-1.44,1.034,0.00,0.90,1.271,21.8,0.000,0.496,0.000,800,8.62,4.9,-0.12,0.00,7.5,1,1,0,1,1,1,0,0,0,0,1,0,0,0,0,0,0,0,1,0,0,1,1,1,1,1,0,0,0,0,0,0,1,1,5155.2,0C,1,1,0,1,1,0,1,0,0,135.81,473.75,,,,,,,,,,,,,,,,,,,,,,,,,,,,,,,,,,,,,,,,,,,,,,,,,,,,,,,,,,
1740,,,763,560,,14.10,79.50,818,0.0,5.250,3.034,3.15,0.000,21.96,1.00,0.83,-0.88,0.74,0.975,1.02,-1.44,1.035,0.00,0.90,1.271,21.8,0.000,0.496,0.000,800,8.62,4.9,-0.20,0.00,7.5,1,1,0,1,1,1,0,0,0,0,1,0,0,0,0,0,0,0,1,0,0,1,1,1,1,1,0,0,0,0,0,0,1,1,5155.2,0C,1,1,0,1,1,0,1,0,0,134.31,470.56,,,,,,,,,,,,,,,,,,,,,,,,,,,,,,,,,,,,,,,,,,,,,,,,,,,,,,,,,,
1741,,,763,973,,14.10,79.50,818,0.0,4.500,3.085,3.15,0.000,22.03,1.00,0.38,-0.88,0.23,0.994,1.02,-1.44,1.035,0.00,0.90,1.174,21.8,0.000,0.496,0.000,800,8.61,4.9,-0.28,0.00,7.5,1,1,0,1,1,1,0,0,0,0,1,0,0,0,0,0,0,0,1,0,0,1,1,1,1,1,0,0,0,0,0,0,1,1,5155.2,0C,1,1,0,1,1,0,1,0,0,133.19,470.81,,,,,,,,,,,,,,,,,,,,,,,,,,,,,,,,,,,,,,,,,,,,,,,,,,,,,,,,,,
1742,,,764,367,,14.10,79.50,805,0.0,5.250,3.162,3.15,0.000,22.31,1.00,0.22,-0.88,0.20,1.008,1.02,-1.44,1.032,0.00,0.90,1.174,21.8,0.000,0.496,0.000,800,8.61,4.9,-0.29,0.00,7.5,1,1,0,1,1,1,0,0,0,0,1,0,0,0,0,0,0,0,1,0,0,1,1,1,1,1,0,0,0,0,0,0,1,1,5155.2,0C,1,1,0,1,1,0,1,0,0,134.88,474.88,,,,,,,,,,,,,,,,,,,,,,,,,,,,,,,,,,,,,,,,,,,,,,,,,,,,,,,,,,
1743,,,764,762,,14.10,79.50,817,0.0,4.500,3.142,3.15,0.000,21.94,1.00,0.24,-0.88,0.23,1.022,1.02,-1.44,1.035,0.00,0.90,1.174,21.8,0.000,0.496,0.000,800,8.60,4.9,-0.34,0.00,7.5,1,1,0,1,1,1,0,0,0,0,1,0,0,0,0,0,0,0,1,0,0,1,1,1,1,1,0,0,0,0,0,0,1,1,5155.2,0C,1,1,0,1,1,0,1,0,0,133.94,469.13,,,,,,,,,,,,,,,,,,,,,,,,,,,,,,,,,,,,,,,,,,,,,,,,,,,,,,,,,,
1744,,,765,160,,14.10,79.50,815,0.0,4.500,3.034,3.15,0.000,21.66,1.00,0.84,-0.88,0.82,0.995,1.02,-1.44,1.037,0.00,0.90,1.174,21.8,0.000,0.496,0.000,800,8.60,4.9,-0.41,0.00,7.5,1,1,0,1,1,1,0,0,0,0,1,0,0,0,0,0,0,0,1,0,0,1,1,1,1,1,0,0,0,0,0,0,1,1,5155.2,0C,1,1,0,1,1,0,1,0,0,132.19,469.00,,,,,,,,,,,,,,,,,,,,,,,,,,,,,,,,,,,,,,,,,,,,,,,,,,,,,,,,,,
1745,,,765,549,,14.10,79.50,806,0.0,6.750,3.027,3.15,0.000,21.84,1.00,0.84,-0.88,0.45,0.980,1.02,-1.44,1.036,0.00,0.90,1.174,21.8,0.000,0.496,0.000,800,8.60,4.9,-0.44,0.00,7.5,1,1,0,1,1,1,0,0,0,0,1,0,0,0,0,0,0,0,1,0,0,1,1,1,1,1,0,0,0,0,0,0,1,1,5155.2,0C,1,1,0,1,1,0,1,0,0,133.25,472.94,,,,,,,,,,,,,,,,,,,,,,,,,,,,,,,,,,,,,,,,,,,,,,,,,,,,,,,,,,
1746,,,765,950,,14.10,79.50,808,0.0,6.750,3.034,3.15,0.000,22.08,1.00,0.44,-0.88,0.22,0.971,1.02,-1.44,1.034,0.00,0.90,1.174,21.8,0.000,0.496,0.000,800,8.60,4.9,-0.47,0.00,7.5,1,1,0,1,1,1,0,0,0,0,1,0,0,0,0,0,0,0,1,0,0,1,1,1,1,1,0,0,0,0,0,0,1,1,5155.2,0C,1,1,0,1,1,0,1,0,0,134.50,470.88,,,,,,,,,,,,,,,,,,,,,,,,,,,,,,,,,,,,,,,,,,,,,,,,,,,,,,,,,,
1747,,,766,351,,14.10,79.50,807,0.0,6.000,3.123,3.15,0.000,22.01,1.00,0.22,-0.88,0.21,1.007,1.02,-1.44,1.035,0.00,0.90,1.174,21.8,0.000,0.496,0.000,800,8.60,4.9,-0.51,0.00,7.5,1,1,0,1,1,1,0,0,0,0,1,0,0,0,0,0,0,0,1,0,0,1,1,1,1,1,0,0,0,0,0,0,1,1,5155.2,0C,1,1,0,1,1,0,1,0,0,132.50,472.75,,,,,,,,,,,,,,,,,,,,,,,,,,,,,,,,,,,,,,,,,,,,,,,,,,,,,,,,,,
1748,,,766,747,,14.10,79.50,807,0.0,6.000,3.104,3.15,0.000,21.73,1.00,0.31,-0.88,0.31,1.020,1.02,-1.44,1.037,0.00,0.90,1.174,21.8,0.000,0.496,0.000,800,8.60,4.9,-0.53,0.00,7.5,1,1,0,1,1,1,0,0,0,0,1,0,0,0,0,0,0,0,1,0,0,1,1,1,1,1,0,0,0,0,0,0,1,1,5155.2,0C,1,1,0,1,1,0,1,0,0,135.00,469.75,,,,,,,,,,,,,,,,,,,,,,,,,,,,,,,,,,,,,,,,,,,,,,,,,,,,,,,,,,
1749,,,767,167,,14.10,79.50,810,0.0,6.750,3.046,3.15,0.000,21.77,1.00,0.84,-0.88,0.80,0.988,1.02,-1.44,1.036,0.00,0.90,1.137,21.8,0.000,0.496,0.000,800,8.60,4.9,-0.59,0.00,7.5,1,1,0,1,1,1,0,0,0,0,1,0,0,0,0,0,0,0,1,0,0,1,1,1,1,1,0,0,0,0,0,0,1,1,5155.2,0C,1,1,0,1,1,0,1,0,0,133.75,469.75,,,,,,,,,,,,,,,,,,,,,,,,,,,,,,,,,,,,,,,,,,,,,,,,,,,,,,,,,,
1750,,,767,549,,14.10,79.50,797,0.0,6.750,3.059,3.15,0.000,21.98,1.00,0.69,-0.88,0.25,0.976,1.02,-1.44,1.035,0.00,0.90,1.137,21.8,0.000,0.496,0.000,800,8.60,4.9,-0.57,0.00,7.5,1,1,0,1,1,1,0,0,0,0,1,0,0,0,0,0,0,0,1,0,0,1,1,1,1,1,0,0,0,0,0,0,1,1,5155.2,0C,1,1,0,1,1,0,1,0,0,133.13,475.13,,,,,,,,,,,,,,,,,,,,,,,,,,,,,,,,,,,,,,,,,,,,,,,,,,,,,,,,,,
1751,,,767,960,,14.10,79.50,814,0.0,3.750,3.149,3.15,0.000,22.17,1.00,0.22,-0.88,0.21,1.015,1.02,-1.44,1.033,0.00,0.90,1.174,21.8,0.000,0.496,0.000,800,8.60,4.8,-0.63,0.00,7.5,1,1,0,1,1,1,0,0,0,0,1,0,0,0,0,0,0,0,1,0,0,1,1,1,1,1,0,0,0,0,0,0,1,1,5155.2,0C,1,1,0,1,1,0,1,0,0,134.63,470.50,,,,,,,,,,,,,,,,,,,,,,,,,,,,,,,,,,,,,,,,,,,,,,,,,,,,,,,,,,
1752,,,770,396,,14.10,79.50,808,0.0,5.250,3.059,3.08,0.000,22.03,1.00,0.84,-0.88,0.77,0.978,1.02,-1.44,1.034,0.00,0.90,1.174,22.5,0.000,0.496,0.000,800,8.61,4.8,-0.71,0.00,7.5,1,1,0,1,1,1,0,0,0,0,1,0,0,0,0,0,0,0,1,0,0,1,1,1,1,1,0,0,0,0,0,0,1,1,5155.2,0C,1,1,0,1,1,0,1,0,0,134.69,470.50,,,,,,,,,,,,,,,,,,,,,,,,,,,,,,,,,,,,,,,,,,,,,,,,,,,,,,,,,,
1753,,,770,765,,14.10,79.50,801,0.0,7.500,2.931,759.38,19.666,254.88,1.44,1.25,-1.33,0.01,0.007,0.03,1.78,0.000,0.01,0.75,0.172,-39.8,1.563,0.766,12.000,0,0.23,1766.7,1.54,-49.63,110.3,0,1,0,0,0,1,0,1,1,1,1,1,0,1,1,0,0,1,1,1,1,1,1,1,1,1,1,1,1,1,1,1,1,1,1,,,,,,,,,,,,,,,,,,,,,,,,,,,,,,,,,,,,,,,,,,,,,,,,,,,,,,,,,,,,,,,,,,,,,,
1754,,,771,131,,14.10,79.50,793,0.0,4.500,3.245,3.15,0.000,22.57,1.00,0.21,-0.88,0.20,1.007,1.02,-1.44,1.030,0.00,0.90,1.137,22.5,0.000,0.496,0.000,800,8.61,4.8,-199.22,-199.22,-199.22,-199.22,-199.22,-199.22,-199.22,-199.22,-199.22,-199.22,-199.22,-199.22,-199.22,-199.22,-199.22,-199.22,-199.22,-199.22,-199.22,-199.22,-199.22,-199.22,-199.22,-199.22,-199.22,-199.22,-199.22,-199.22,-199.22,-199.22,-199.22,-199.22,-199.22,-199.22,-199.22,-199.22,-199.22,-199.22,,,,,,,,,,,,,,,,,,,,,,,,,,,,,,,,,,,,,,,,,,,,,,,,,,,,,,,,,,,,,,,,,,,,,,
1755,,,771,529,,14.10,48.75,8203,110.0,31.500,213.382,12.92,36.719,0.73,0.81,0.06,-0.04,0.00,0.383,3.89,-6.51,1.649,0.01,0.61,0.017,35.3,11.562,-1.333,-1.333,-1.333,-1.333,-1.333,-1.333,-1.333,-1.333,-1.333,-1.333,-1.333,-1.333,-1.333,-1.333,-1.333,-1.333,-1.333,-1.333,-1.333,-1.333,-1.333,-1.333,-1.333,-1.333,-1.333,-1.333,-1.333,-1.333,-1.333,-1.333,-1.333,-1.333,-1.333,-1.333,-1.333,-1.333,-1.333,-1.333,-1.333,-1.333,-1.333,-1.333,-1.333,,,,,,,,,,,,,,,,,,,,,,,,,,,,,,,,,,,,,,,,,,,,,,,,,,,,,,,,,,,,,,,,,,,,,,
1756,,,771,915,,14.10,-48.00,8256,0.0,2.250,288.358,821.88,64.198,974.98,0.57,0.47,0.00,0.00,0.248,0.00,8.20,0.031,0.01,1.00,137.462,42.0,82.441,0.916,0.000,80,82.90,3524.2,-199.48,-199.48,-199.48,-199.48,-199.48,-199.48,-199.48,-199.48,-199.48,-199.48,-199.48,-199.48,-199.48,-199.48,-199.48,-199.48,-199.48,-199.48,-199.48,-199.48,-199.48,-199.48,-199.48,-199.48,-199.48,-199.48,-199.48,-199.48,-199.48,-199.48,-199.48,-199.48,-199.48,-199.48,-199.48,-199.48,-199.48,-199.48,,,,,,,,,,,,,,,,,,,,,,,,,,,,,,,,,,,,,,,,,,,,,,,,,,,,,,,,,,,,,,,,,,,,,,
1757,,,772,293,,14.10,79.50,799,0.0,6.750,3.014,790.63,65.370,950.93,1.44,1.25,-1.32,0.90,0.007,0.03,1.78,0.000,0.01,0.75,0.172,-39.8,1.953,0.766,8.250,0,0.23,1766.7,0.78,6.57,-26.3,1,1,1,0,0,1,0,1,0,1,0,1,0,1,0,1,0,1,1,1,1,1,1,1,1,1,1,1,1,1,1,1,1,1,1,,,,,,,,,,,,,,,,,,,,,,,,,,,,,,,,,,,,,,,,,,,,,,,,,,,,,,,,,,,,,,,,,,,,,,
1758,,,772,708,,14.10,79.50,798,0.0,6.750,3.078,3.15,0.000,22.17,1.00,0.28,-0.88,0.22,0.973,1.02,-1.44,1.033,0.00,0.90,1.137,22.5,0.000,0.496,0.000,800,8.60,4.8,-0.73,0.00,7.5,1,1,0,1,1,1,0,0,0,0,1,0,0,0,0,0,0,0,1,0,0,1,1,1,1,1,0,0,0,0,0,0,1,1,5155.2,0C,1,1,0,1,1,0,1,0,0,132.31,475.69,,,,,,,,,,,,,,,,,,,,,,,,,,,,,,,,,,,,,,,,,,,,,,,,,,,,,,,,,,
1759,,,773,090,,14.10,79.50,802,0.0,6.000,3.174,3.15,0.000,22.27,1.44,1.25,-1.32,0.22,0.007,0.03,1.78,0.000,0.01,0.75,11.558,-48.0,29.012,0.047,-5.250,1920,94.39,313.0,-199.53,-199.53,-199.53,-199.53,-199.53,-199.53,-199.53,-199.53,-199.53,-199.53,-199.53,-199.53,-199.53,-199.53,-199.53,-199.53,-199.53,-199.53,-199.53,-199.53,-199.53,-199.53,-199.53,-199.53,-199.53,-199.53,-199.53,-199.53,-199.53,-199.53,-199.53,-199.53,-199.53,-199.53,-199.53,-199.53,-199.53,-199.53,,,,,,,,,,,,,,,,,,,,,,,,,,,,,,,,,,,,,,,,,,,,,,,,,,,,,,,,,,,,,,,,,,,,,,
1760,,,773,479,,14.10,50.25,8226,110.0,44.250,209.696,412.13,97.469,612.00,0.57,0.47,0.00,0.00,0.248,0.00,8.20,1.953,0.01,1.00,0.017,16.5,11.460,-1.333,-1.333,-1.333,-1.333,-1.333,-1.333,-1.333,-1.333,-1.333,-1.333,-1.333,-1.333,-1.333,-1.333,-1.333,-1.333,-1.333,-1.333,-1.333,-1.333,-1.333,-1.333,-1.333,-1.333,-1.333,-1.333,-1.333,-1.333,-1.333,-1.333,-1.333,-1.333,-1.333,-1.333,-1.333,-1.333,-1.333,-1.333,-1.333,-1.333,-1.333,-1.333,-1.333,,,,,,,,,,,,,,,,,,,,,,,,,,,,,,,,,,,,,,,,,,,,,,,,,,,,,,,,,,,,,,,,,,,,,,
1761,,,773,872,,14.10,80.25,809,0.0,7.500,2.976,3.15,0.000,21.42,1.00,0.84,-0.88,0.79,0.986,1.02,-1.44,1.039,0.00,0.90,1.174,22.5,0.000,0.496,0.000,800,8.56,4.8,-0.80,0.00,7.5,1,1,0,1,1,1,0,0,0,0,1,0,0,0,0,0,0,0,1,0,0,1,1,1,1,1,0,0,0,0,0,0,1,1,5155.2,0C,1,1,0,1,1,0,1,0,0,132.50,469.94,,,,,,,,,,,,,,,,,,,,,,,,,,,,,,,,,,,,,,,,,,,,,,,,,,,,,,,,,,
1762,,,774,311,,14.10,80.25,792,0.0,6.000,3.002,765.63,59.901,380.91,1.44,1.25,-1.32,0.94,0.007,0.03,3.52,0.000,0.01,0.75,0.172,-40.5,93.751,0.766,3.750,0,0.23,1766.7,1.54,-49.63,110.3,0,1,0,0,0,1,0,1,1,1,1,1,0,1,1,0,0,1,0,0,0,0,0,0,0,0,0,0,0,1,0,0,0,0,2138.2,BB,0,1,0,1,0,1,1,1,1,1,1,,,,,,,,,,,,,,,,,,,,,,,,,,,,,,,,,,,,,,,,,,,,,,,,,,,,,,,,,,
1763,,,776,747,,14.10,-48.00,8256,0.0,2.250,273.613,796.88,17.322,254.98,1.44,1.25,-1.32,0.69,0.007,0.03,3.52,0.000,0.01,0.75,0.172,-40.5,83.595,0.766,20.250,0,0.23,1766.7,1.54,-49.63,110.3,0,1,0,0,0,1,0,1,1,1,1,1,0,1,1,0,0,1,0,0,0,0,0,0,0,0,0,0,0,1,0,0,0,0,3674.2,70,0,1,0,1,0,1,1,1,1,1,1,,,,,,,,,,,,,,,,,,,,,,,,,,,,,,,,,,,,,,,,,,,,,,,,,,,,,,,,,,
1764,,,777,189,,14.10,80.25,805,0.0,6.000,3.110,3.15,0.000,21.80,1.00,0.23,-0.88,0.22,1.017,1.02,-1.44,1.036,0.00,0.90,1.137,22.5,0.000,0.496,0.000,800,8.45,4.8,-0.71,0.00,7.5,1,1,0,1,1,1,0,0,0,0,1,0,0,0,0,0,0,0,1,0,0,1,1,1,1,1,0,0,0,0,0,0,1,1,5155.2,0C,1,1,0,1,1,0,1,0,0,134.00,472.31,,,,,,,,,,,,,,,,,,,,,,,,,,,,,,,,,,,,,,,,,,,,,,,,,,,,,,,,,,
1765,,,777,579,,14.10,80.25,804,0.0,6.000,3.085,3.08,0.000,21.80,1.00,0.79,-0.88,0.77,0.998,1.02,-1.44,1.036,0.00,0.90,10.458,-48.0,29.012,0.047,-5.250,1920,94.39,313.0,-78.91,6.44,-26.3,0,0,0,0,0,1,0,1,0,1,0,1,0,1,0,1,0,1,1,1,1,1,1,1,1,1,1,1,1,1,1,1,1,1,1,,,,,,,,,,,,,,,,,,,,,,,,,,,,,,,,,,,,,,,,,,,,,,,,,,,,,,,,,,,,,,,,,,,,,,
1766,,,777,992,,14.10,80.25,788,0.0,9.000,3.021,3.15,0.000,21.73,1.00,0.82,-0.88,0.73,0.984,1.02,-1.44,1.037,0.00,0.90,1.112,22.5,0.000,0.496,30.000,0,0.23,1766.7,1.54,-49.63,110.3,0,1,0,0,0,1,0,1,1,1,1,1,0,1,1,0,0,1,0,0,0,0,0,0,0,0,0,0,0,1,0,0,0,0,4954.2,EB,0,1,0,1,0,1,1,1,1,1,1,,,,,,,,,,,,,,,,,,,,,,,,,,,,,,,,,,,,,,,,,,,,,,,,,,,,,,,,,,
1767,,,778,445,,14.10,80.25,787,0.0,5.250,3.251,3.15,0.000,22.69,1.00,0.23,-0.88,0.21,1.011,1.02,-1.44,1.029,0.00,0.90,1.112,22.5,0.000,0.496,0.000,800,8.42,4.8,-0.59,0.00,7.5,1,1,0,1,1,1,0,0,0,0,1,0,0,0,0,0,0,0,1,0,0,1,1,1,1,1,0,0,0,0,0,0,1,1,5155.2,0C,1,1,0,1,1,0,1,0,0,136.56,481.38,,,,,,,,,,,,,,,,,,,,,,,,,,,,,,,,,,,,,,,,,,,,,,,,,,,,,,,,,,
1768,,,778,855,,14.10,80.25,805,0.0,5.250,3.168,3.15,0.000,22.17,1.00,0.29,-0.88,0.25,1.025,1.02,-1.44,1.033,0.00,0.90,1.137,22.5,0.000,0.496,40.500,0,0.23,1766.7,1.54,-49.63,110.3,0,1,0,0,0,1,0,1,1,1,1,1,0,1,1,0,0,1,0,0,0,0,0,0,0,0,0,0,0,1,0,0,0,0,4868.8,93,0,1,0,1,0,1,1,1,1,1,1,,,,,,,,,,,,,,,,,,,,,,,,,,,,,,,,,,,,,,,,,,,,,,,,,,,,,,,,,,
1769,,,779,273,,14.10,80.25,810,0.0,6.000,3.104,3.15,0.000,22.15,1.00,0.84,-0.88,0.79,0.990,1.02,-1.44,1.034,0.00,0.90,1.137,22.5,0.000,0.496,0.000,800,8.40,4.8,-0.64,0.00,7.5,1,1,0,1,1,1,0,0,0,0,1,0,0,0,0,0,0,0,1,0,0,1,1,1,1,1,0,0,0,0,0,0,1,1,5155.2,0C,1,1,0,1,1,0,1,0,0,134.44,469.50,,,,,,,,,,,,,,,,,,,,,,,,,,,,,,,,,,,,,,,,,,,,,,,,,,,,,,,,,,
1770,,,779,682,,14.10,80.25,802,0.0,5.250,3.014,3.15,0.000,21.73,1.00,0.83,-0.88,0.77,0.973,1.02,-1.44,1.037,0.00,0.90,1.137,22.5,0.000,0.496,30.000,0,0.23,1766.7,1.54,-49.63,110.3,0,1,0,0,0,1,0,1,1,1,1,1,0,1,1,0,0,1,0,0,0,0,0,0,0,0,0,0,0,1,0,0,0,0,3802.2,84,0,1,0,1,0,1,1,1,1,1,1,,,,,,,,,,,,,,,,,,,,,,,,,,,,,,,,,,,,,,,,,,,,,,,,,,,,,,,,,,
1771,,,780,094,,14.10,80.25,792,0.0,6.750,3.104,3.15,0.000,22.01,1.00,0.22,-0.88,0.21,0.999,1.02,-1.44,1.035,0.00,0.90,1.137,23.3,0.000,0.496,0.000,800,8.37,4.8,-0.63,0.00,7.5,1,1,0,1,1,1,0,0,0,0,1,0,0,0,0,0,0,0,1,0,0,1,1,1,1,1,0,0,0,0,0,0,1,1,5155.2,0C,1,1,0,1,1,0,1,0,0,133.88,477.44,,,,,,,,,,,,,,,,,,,,,,,,,,,,,,,,,,,,,,,,,,,,,,,,,,,,,,,,,,
1772,,,782,586,,14.10,80.25,798,0.0,4.500,3.251,3.08,0.000,22.41,1.00,0.23,-0.88,0.22,1.017,1.02,-1.44,1.032,0.00,0.90,1.137,23.3,9.018,0.496,0.000,800,8.31,4.8,-0.49,0.00,7.5,1,1,0,1,1,1,0,0,0,0,1,0,0,0,0,0,0,0,1,0,1,1,1,1,1,0,0,0,0,0,0,0,1,1,5155.2,0C,1,1,0,1,1,0,1,0,0,136.75,477.31,,,,,,,,,,,,,,,,,,,,,,,,,,,,,,,,,,,,,,,,,,,,,,,,,,,,,,,,,,
1773,,,782,983,,14.10,80.25,810,0.0,3.000,3.130,3.15,0.000,21.96,1.00,0.81,-0.88,0.81,0.999,1.02,-1.44,1.035,0.00,0.90,1.174,23.3,9.110,0.496,0.000,800,8.31,4.8,-0.54,0.00,7.5,1,1,0,1,1,1,0,0,0,0,1,0,0,0,0,0,0,0,1,0,1,1,1,1,1,0,0,0,0,0,0,0,1,1,5155.2,0C,1,1,0,1,1,0,1,0,0,133.81,471.38,,,,,,,,,,,,,,,,,,,,,,,,,,,,,,,,,,,,,,,,,,,,,,,,,,,,,,,,,,
1774,,,783,396,,14.10,80.25,813,0.0,4.500,3.078,3.08,0.000,21.80,1.00,0.89,-0.88,0.85,0.984,1.02,-1.44,1.036,0.00,0.90,1.174,23.3,9.178,0.496,0.000,800,8.31,4.8,-0.59,0.00,7.5,1,1,0,1,1,1,0,0,0,0,1,0,0,0,0,0,0,0,1,0,1,1,1,1,1,0,0,0,0,0,0,0,1,1,5155.2,0C,1,1,0,1,1,0,1,0,0,132.63,467.75,,,,,,,,,,,,,,,,,,,,,,,,,,,,,,,,,,,,,,,,,,,,,,,,,,,,,,,,,,
1775,,,783,816,,14.10,80.25,800,0.0,6.750,3.059,3.15,0.000,21.73,1.00,0.87,-0.88,0.81,0.971,1.02,-1.44,1.037,0.00,0.90,1.017,23.3,9.178,0.496,0.000,800,8.31,4.8,-0.61,0.00,7.5,1,1,0,1,1,1,0,0,0,0,1,0,0,0,0,0,0,0,1,0,1,1,1,1,1,0,0,0,0,0,0,0,1,1,5155.2,0C,1,1,0,1,1,0,1,0,0,133.25,472.94,,,,,,,,,,,,,,,,,,,,,,,,,,,,,,,,,,,,,,,,,,,,,,,,,,,,,,,,,,
1776,,,784,217,,14.10,80.25,795,0.0,6.750,3.008,3.08,0.000,21.68,1.00,0.71,-0.88,0.25,0.958,1.02,-1.44,1.037,0.00,0.90,1.017,23.3,9.178,0.496,0.000,800,8.31,4.8,-0.59,0.00,7.5,1,1,0,1,1,1,0,0,0,0,1,0,0,0,0,0,0,0,1,0,1,1,1,1,1,0,0,0,0,0,0,0,1,1,5155.2,0C,1,1,0,1,1,0,1,0,0,133.13,474.50,,,,,,,,,,,,,,,,,,,,,,,,,,,,,,,,,,,,,,,,,,,,,,,,,,,,,,,,,,
1777,,,784,625,,14.10,80.25,800,0.0,5.250,3.123,3.08,0.000,21.87,1.00,0.22,-0.88,0.21,0.994,1.02,-1.44,1.036,0.00,0.90,1.017,23.3,9.178,0.496,0.000,800,8.31,4.8,-0.61,0.00,7.5,1,1,0,1,1,1,0,0,0,0,1,0,0,0,0,0,0,0,1,0,1,1,1,1,1,0,0,0,0,0,0,0,1,1,5155.2,0C,1,1,0,1,1,0,1,0,0,133.13,472.13,,,,,,,,,,,,,,,,,,,,,,,,,,,,,,,,,,,,,,,,,,,,,,,,,,,,,,,,,,
1778,,,785,034,,14.10,80.25,804,0.0,4.500,3.104,3.08,0.000,21.98,1.00,0.75,-0.88,0.26,0.979,1.02,-1.44,1.035,0.00,0.90,1.045,23.3,9.522,0.496,0.000,800,8.31,4.8,-0.62,0.00,7.5,1,1,0,1,1,1,0,0,0,0,1,0,0,0,0,0,0,0,1,0,1,1,1,1,1,0,0,0,0,0,0,0,1,1,5155.2,0C,1,1,0,1,1,0,1,0,0,135.25,470.81,,,,,,,,,,,,,,,,,,,,,,,,,,,,,,,,,,,,,,,,,,,,,,,,,,,,,,,,,,
1779,,,785,428,,14.00,80.25,798,0.0,9.000,2.950,3.08,0.000,21.14,1.00,0.86,-0.88,0.82,0.966,1.02,-1.44,1.041,0.00,0.90,1.045,23.3,9.522,0.496,0.000,800,8.31,4.8,-0.64,0.00,7.5,1,1,0,1,1,1,0,0,0,0,1,0,0,0,0,0,0,0,1,0,1,1,1,1,1,0,0,0,0,0,0,0,1,1,5155.2,0C,1,1,0,1,1,0,1,0,0,130.63,473.88,,,,,,,,,,,,,,,,,,,,,,,,,,,,,,,,,,,,,,,,,,,,,,,,,,,,,,,,,,
1780,,,785,835,,14.10,80.25,801,0.0,5.250,3.046,3.03,0.000,22.01,1.00,0.79,-0.88,0.27,0.951,1.02,-1.44,1.035,0.00,0.90,1.045,23.3,9.522,0.496,0.000,800,8.31,4.8,-0.63,0.00,7.5,1,1,0,1,1,1,0,0,0,0,1,0,0,0,0,0,0,0,1,0,1,1,1,1,1,0,0,0,0,0,0,0,1,1,5155.2,0C,1,1,0,1,1,0,1,0,0,131.19,471.00,,,,,,,,,,,,,,,,,,,,,,,,,,,,,,,,,,,,,,,,,,,,,,,,,,,,,,,,,,
1781,,,786,227,,14.10,80.25,791,0.0,7.500,3.046,3.03,0.000,21.45,1.00,0.25,-0.88,0.22,0.981,1.02,-1.44,1.039,0.00,0.90,1.045,23.3,9.522,0.496,0.000,800,8.31,4.8,-0.62,0.00,7.5,1,1,0,1,1,1,0,0,0,0,1,0,0,0,0,0,0,0,1,0,1,1,1,1,1,0,0,0,0,0,0,0,1,1,5155.2,0C,1,1,0,1,1,0,1,0,0,129.63,474.81,,,,,,,,,,,,,,,,,,,,,,,,,,,,,,,,,,,,,,,,,,,,,,,,,,,,,,,,,,
1782,,,786,643,,14.10,80.25,806,0.0,4.500,3.098,2.95,0.000,21.70,1.00,0.22,-0.88,0.21,0.996,1.02,-1.44,1.037,0.00,0.90,1.045,23.3,9.865,0.496,0.000,800,8.31,4.8,-0.62,0.00,7.5,1,1,0,1,1,1,0,0,0,0,1,0,0,0,0,0,0,0,1,0,1,1,1,1,1,0,0,0,0,0,0,0,1,1,5155.2,0C,1,1,0,1,1,0,1,0,0,132.25,466.25,,,,,,,,,,,,,,,,,,,,,,,,,,,,,,,,,,,,,,,,,,,,,,,,,,,,,,,,,,
1783,,,787,108,,14.10,80.25,810,0.0,7.500,3.021,2.95,0.000,21.33,1.00,0.79,-0.88,0.77,0.976,1.02,-1.44,1.040,0.00,0.90,1.174,23.3,9.865,0.496,0.000,800,8.31,4.8,-0.67,0.00,7.5,1,1,0,1,1,1,0,0,0,0,1,0,0,0,0,0,0,0,1,0,1,1,1,1,1,0,0,0,0,0,0,0,1,1,5155.2,0C,1,1,0,1,1,0,1,0,0,131.38,464.31,,,,,,,,,,,,,,,,,,,,,,,,,,,,,,,,,,,,,,,,,,,,,,,,,,,,,,,,,,
1784,,,787,529,,14.10,80.25,795,0.0,8.250,2.970,3.03,0.000,21.12,1.00,0.87,-0.88,0.80,0.960,1.02,-1.44,1.042,0.00,0.90,1.174,23.3,10.208,0.496,0.000,800,8.32,4.8,-0.66,0.00,7.5,1,1,0,1,1,1,0,0,0,0,1,0,0,0,0,0,0,0,1,0,1,1,1,1,1,0,0,0,0,0,0,0,1,1,5155.2,0C,1,1,0,1,1,0,1,0,0,132.81,468.06,,,,,,,,,,,,,,,,,,,,,,,,,,,,,,,,,,,,,,,,,,,,,,,,,,,,,,,,,,
1785,,,787,939,,14.00,81.00,795,0.0,6.750,3.040,3.03,0.000,21.21,1.00,0.25,-0.88,0.22,0.979,1.02,-1.44,1.041,0.00,0.90,0.922,23.3,10.559,0.496,0.000,800,8.32,4.8,-0.66,0.00,7.5,1,1,0,1,1,1,0,0,0,0,1,0,0,0,0,0,0,0,1,0,1,1,1,1,1,0,0,0,0,0,0,0,1,1,5155.2,0C,1,1,0,1,1,0,1,0,0,126.13,471.63,,,,,,,,,,,,,,,,,,,,,,,,,,,,,,,,,,,,,,,,,,,,,,,,,,,,,,,,,,
1786,,,788,396,,14.10,81.00,800,0.0,6.000,3.123,3.03,0.000,21.73,1.00,0.22,-0.88,0.20,0.993,1.02,-1.44,1.037,0.00,0.90,0.922,23.3,10.559,0.496,0.000,800,8.32,4.8,-0.63,0.00,7.5,1,1,0,1,1,1,0,0,0,0,1,0,0,0,0,0,0,0,1,0,1,1,1,1,1,0,0,0,0,0,0,0,1,1,5155.2,0C,1,1,0,1,1,0,1,0,0,131.06,465.25,,,,,,,,,,,,,,,,,,,,,,,,,,,,,,,,,,,,,,,,,,,,,,,,,,,,,,,,,,
1787,,,788,811,,14.10,81.00,805,0.0,6.000,2.989,3.03,0.000,21.21,1.00,0.82,-0.88,0.81,0.970,1.02,-1.44,1.041,0.00,0.90,1.075,23.3,10.903,0.496,0.000,800,8.32,4.8,-0.68,0.00,7.5,1,1,0,1,1,1,0,0,0,0,1,0,0,0,0,0,0,0,1,0,1,1,1,1,1,0,0,0,0,0,0,0,1,1,5155.2,0C,1,1,0,1,1,0,1,0,0,129.13,464.88,,,,,,,,,,,,,,,,,,,,,,,,,,,,,,,,,,,,,,,,,,,,,,,,,,,,,,,,,,
1788,,,789,213,,14.10,81.00,796,0.0,6.750,3.021,2.95,0.000,21.40,1.00,0.84,-0.88,0.76,0.957,1.02,-1.44,1.039,0.00,0.90,1.075,23.3,10.903,0.496,0.000,800,8.32,4.8,-0.67,0.00,7.5,1,1,0,1,1,1,0,0,0,0,1,0,0,0,0,0,0,0,1,0,1,1,1,1,1,0,0,0,0,0,0,0,1,1,5155.2,0C,1,1,0,1,1,0,1,0,0,129.13,469.94,,,,,,,,,,,,,,,,,,,,,,,,,,,,,,,,,,,,,,,,,,,,,,,,,,,,,,,,,,
1789,,,789,671,,14.10,81.00,791,0.0,7.500,2.906,3.03,0.000,21.07,1.00,0.43,-0.88,0.23,0.945,1.02,-1.44,1.042,0.00,0.90,1.075,23.3,11.246,0.496,0.000,800,8.32,4.8,-0.63,0.00,7.5,1,1,0,1,1,1,0,0,0,0,1,0,0,0,0,0,0,0,1,0,1,1,1,1,1,0,0,0,0,0,0,0,1,1,5155.2,0C,1,1,0,1,1,0,1,0,0,131.81,469.81,,,,,,,,,,,,,,,,,,,,,,,,,,,,,,,,,,,,,,,,,,,,,,,,,,,,,,,,,,
1790,,,790,076,,14.10,81.00,796,0.0,7.500,3.046,3.03,0.000,21.38,1.00,0.23,-0.88,0.21,0.986,1.02,-1.44,1.040,0.00,0.90,1.045,23.3,11.597,0.496,0.000,800,8.32,4.8,-0.62,0.00,7.5,1,1,0,1,1,1,0,0,0,0,1,0,0,0,0,0,0,0,1,0,1,1,1,1,1,0,0,0,0,0,0,0,1,1,5155.2,0C,1,1,0,1,1,0,1,0,0,131.31,469.44,,,,,,,,,,,,,,,,,,,,,,,,,,,,,,,,,,,,,,,,,,,,,,,,,,,,,,,,,,
1791,,,790,492,,14.10,81.00,803,0.0,6.000,3.149,3.03,0.000,21.61,1.00,0.63,-0.88,0.42,1.000,1.02,-1.44,1.038,0.00,0.90,1.045,24.0,11.597,0.496,0.000,800,8.32,4.8,-0.63,0.00,7.5,1,1,0,1,1,1,0,0,0,0,1,0,0,0,0,0,0,0,1,0,1,1,1,1,1,0,0,0,0,0,0,0,1,1,5155.2,0C,1,1,0,1,1,0,1,0,0,132.06,468.25,,,,,,,,,,,,,,,,,,,,,,,,,,,,,,,,,,,,,,,,,,,,,,,,,,,,,,,,,,
1792,,,792,997,,14.10,81.00,801,0.0,6.750,3.034,3.03,0.000,21.49,1.00,0.84,-0.88,0.78,0.950,1.02,-1.44,1.039,0.00,0.90,1.045,24.0,12.978,0.496,0.000,800,8.32,4.8,-0.62,0.00,7.5,1,1,0,1,1,1,0,0,0,0,1,0,0,0,0,0,0,0,1,0,1,1,1,1,1,0,0,0,0,0,0,0,1,1,5155.2,0C,1,1,0,1,1,0,1,0,0,130.81,468.50,,,,,,,,,,,,,,,,,,,,,,,,,,,,,,,,,,,,,,,,,,,,,,,,,,,,,,,,,,
1793,,,793,443,,14.10,81.00,805,0.0,6.000,3.014,3.03,0.000,21.66,1.00,0.82,-0.88,0.43,0.935,1.02,-1.44,1.037,0.00,0.90,1.045,24.0,13.321,0.496,0.000,800,8.32,4.8,-0.65,0.00,7.5,1,1,0,1,1,1,0,0,0,0,1,0,0,0,0,0,0,0,1,0,1,1,1,1,1,0,0,0,0,0,0,0,1,1,5155.2,0C,1,1,0,1,1,0,1,0,0,131.63,469.81,,,,,,,,,,,,,,,,,,,,,,,,,,,,,,,,,,,,,,,,,,,,,,,,,,,,,,,,,,
1794,,,793,844,,14.10,81.00,796,0.0,8.250,2.931,3.03,0.000,21.33,1.00,0.25,-0.88,0.22,0.926,1.02,-1.44,1.040,0.00,0.90,0.950,24.0,13.664,0.496,0.000,800,8.32,4.8,-0.64,0.00,7.5,1,1,0,1,1,1,0,0,0,0,1,0,0,0,0,0,0,0,1,0,1,1,1,1,1,0,0,0,0,0,0,0,1,1,5155.2,0C,1,1,0,1,1,0,1,0,0,131.06,474.00,,,,,,,,,,,,,,,,,,,,,,,,,,,,,,,,,,,,,,,,,,,,,,,,,,,,,,,,,,
1795,,,794,253,,14.10,81.00,781,0.0,7.500,3.123,3.03,0.000,21.77,1.00,0.21,-0.88,0.20,0.965,1.02,-1.44,1.036,0.00,0.90,0.950,24.0,14.015,0.496,0.000,800,8.32,4.8,-0.56,0.01,7.5,1,1,0,1,1,1,0,0,0,0,1,0,0,0,0,0,0,0,1,0,1,1,1,1,1,0,0,0,0,0,0,0,1,1,5155.2,0C,1,1,0,1,1,0,1,0,0,134.94,479.44,,,,,,,,,,,,,,,,,,,,,,,,,,,,,,,,,,,,,,,,,,,,,,,,,,,,,,,,,,
1796,,,794,657,,14.10,81.00,786,0.0,6.750,3.219,3.03,0.000,22.38,1.00,0.23,-0.88,0.21,0.978,1.02,-1.44,1.032,0.00,0.90,0.950,24.0,14.359,0.496,0.000,800,8.32,4.8,-0.51,0.00,7.5,1,1,0,1,1,1,0,0,0,0,1,0,0,0,0,0,0,0,1,0,1,1,1,1,1,0,0,0,0,0,0,0,1,1,5155.2,0C,1,1,0,1,1,0,1,0,0,135.88,477.69,,,,,,,,,,,,,,,,,,,,,,,,,,,,,,,,,,,,,,,,,,,,,,,,,,,,,,,,,,
1797,,,795,066,,14.10,81.00,798,0.0,6.000,3.040,3.03,0.000,21.66,1.00,0.83,-0.88,0.80,0.952,1.02,-1.44,1.037,0.00,0.90,1.137,24.0,14.702,0.496,0.000,800,8.33,4.8,-0.53,0.00,7.5,1,1,0,1,1,1,0,0,0,0,1,0,0,0,0,0,0,0,1,0,1,1,1,1,1,0,0,0,0,0,0,0,1,1,5155.2,0C,1,1,0,1,1,0,1,0,0,133.25,474.50,,,,,,,,,,,,,,,,,,,,,,,,,,,,,,,,,,,,,,,,,,,,,,,,,,,,,,,,,,
1798,,,795,481,,14.10,81.00,793,0.0,6.750,3.078,3.03,0.000,21.96,1.00,0.85,-0.88,0.80,0.938,1.02,-1.44,1.035,0.00,0.90,1.137,24.0,14.702,0.496,0.000,800,8.33,4.8,-0.51,0.00,7.5,1,1,0,1,1,1,0,0,0,0,1,0,0,0,0,0,0,0,1,0,1,1,1,1,1,0,0,0,0,0,0,0,1,1,5155.2,0C,1,1,0,1,1,0,1,0,0,133.88,475.88,,,,,,,,,,,,,,,,,,,,,,,,,,,,,,,,,,,,,,,,,,,,,,,,,,,,,,,,,,
1799,,,795,880,,14.10,81.00,792,0.0,5.250,3.021,3.03,0.000,21.80,1.00,0.41,-0.88,0.23,0.927,1.02,-1.44,1.036,0.00,0.90,0.950,24.0,15.053,0.496,0.000,800,8.33,4.8,-0.49,0.00,7.5,1,1,0,1,1,1,0,0,0,0,1,0,0,0,0,0,0,0,1,0,1,1,1,1,1,0,0,0,0,0,0,0,1,1,5155.2,0C,1,1,0,1,1,0,1,0,0,132.81,475.94,,,,,,,,,,,,,,,,,,,,,,,,,,,,,,,,,,,,,,,,,,,,,,,,,,,,,,,,,,
1800,,,796,294,,14.10,81.00,803,0.0,3.750,3.174,2.95,0.000,22.20,1.00,0.22,-0.88,0.20,0.964,1.02,-1.44,1.033,0.00,0.90,0.950,24.0,15.740,0.496,0.000,800,8.33,4.8,-0.49,0.00,7.5,1,1,0,1,1,1,0,0,0,0,1,0,0,0,0,0,0,0,1,0,1,1,1,1,1,0,0,0,0,0,0,0,1,1,5155.2,0C,1,1,0,1,1,0,1,0,0,135.44,474.25,,,,,,,,,,,,,,,,,,,,,,,,,,,,,,,,,,,,,,,,,,,,,,,,,,,,,,,,,,
1801,,,796,680,,14.10,81.00,809,0.0,6.750,3.046,3.03,0.000,21.61,1.00,0.74,-0.88,0.57,0.950,1.02,-1.44,1.038,0.00,0.90,0.950,24.0,16.091,0.496,0.000,800,8.33,4.8,-0.54,0.00,7.5,1,1,0,1,1,1,0,0,0,0,1,0,0,0,0,0,0,0,1,0,1,1,1,1,1,0,0,0,0,0,0,0,1,1,5155.2,0C,1,1,0,1,1,0,1,0,0,132.25,469.69,,,,,,,,,,,,,,,,,,,,,,,,,,,,,,,,,,,,,,,,,,,,,,,,,,,,,,,,,,
1802,,,797,068,,14.10,81.00,804,0.0,6.000,3.021,3.03,0.000,21.56,1.00,0.84,-0.88,0.80,0.936,1.02,-1.44,1.038,0.00,0.90,0.950,24.0,16.434,0.496,0.000,800,8.33,4.8,-0.57,0.00,7.5,1,1,0,1,1,1,0,0,0,0,1,0,0,0,0,0,0,0,1,0,1,1,1,1,1,0,0,0,0,0,0,0,1,1,5155.2,0C,1,1,0,1,1,0,1,0,0,132.31,469.69,,,,,,,,,,,,,,,,,,,,,,,,,,,,,,,,,,,,,,,,,,,,,,,,,,,,,,,,,,
1803,,,797,453,,14.10,-48.00,7936,0.0,2.250,257.229,796.88,43.104,278.77,1.44,1.15,-1.32,0.97,0.007,0.02,-7.13,0.336,0.01,0.75,0.172,-40.5,66.017,0.766,48.000,0,0.23,1766.7,1.16,-49.63,110.3,0,1,0,0,0,1,0,1,1,1,1,1,0,1,1,0,0,1,0,0,0,0,0,0,0,0,0,0,0,1,0,0,0,0,3247.5,76,0,1,0,1,0,1,1,1,1,1,1,,,,,,,,,,,,,,,,,,,,,,,,,,,,,,,,,,,,,,,,,,,,,,,,,,,,,,,,,,
1804,,,797,841,,14.10,81.00,794,0.0,7.500,3.066,3.03,0.000,21.54,1.00,0.24,-0.88,0.22,0.955,1.02,-1.44,1.038,0.00,0.90,0.922,24.0,17.121,0.496,0.000,800,8.33,4.8,-0.57,0.00,7.5,1,1,0,1,1,1,0,0,0,0,1,0,0,0,0,0,0,0,1,0,1,1,1,1,1,0,0,0,0,0,0,0,1,1,5155.2,0C,1,1,0,1,1,0,1,1,1,1,1,,,,,,,,,,,,,,,,,,,,,,,,,,,,,,,,,,,,,,,,,,,,,,,,,,,,,,,,,,
1805,,,798,222,,14.10,81.00,799,0.0,6.000,3.206,3.03,0.000,22.20,1.00,0.24,-0.88,0.22,0.970,1.02,-1.44,1.033,0.00,0.90,0.922,24.0,17.472,0.496,0.000,800,8.33,4.8,-0.56,0.00,7.5,1,1,0,1,1,1,0,0,0,0,1,0,0,0,0,0,0,0,1,0,1,1,1,1,1,0,0,0,0,0,0,0,1,1,5155.2,0C,1,1,0,1,1,0,1,0,0,134.81,474.19,,,,,,,,,,,,,,,,,,,,,,,,,,,,,,,,,,,,,,,,,,,,,,,,,,,,,,,,,,
1806,,,798,623,,14.10,81.00,800,0.0,5.250,3.091,3.03,0.000,21.94,1.00,0.84,-0.88,0.82,0.939,1.02,-1.44,1.035,0.00,0.90,0.922,24.0,17.815,0.496,0.000,800,8.33,4.8,-0.57,0.00,7.5,1,1,0,1,1,1,0,0,0,0,1,0,0,0,0,0,0,0,1,0,1,1,1,1,1,0,0,0,0,0,0,0,1,1,5155.2,0C,1,1,0,1,1,0,1,0,0,134.88,474.88,,,,,,,,,,,,,,,,,,,,,,,,,,,,,,,,,,,,,,,,,,,,,,,,,,,,,,,,,,
1807,,,799,007,,14.10,81.00,794,0.0,6.000,3.040,3.03,0.000,21.73,1.00,0.85,-0.88,0.81,0.926,1.02,-1.44,1.037,0.00,0.90,1.045,24.0,18.158,0.496,0.000,800,8.33,4.8,-0.57,0.00,7.5,1,1,0,1,1,1,0,0,0,0,1,0,0,0,0,0,0,0,1,0,1,1,1,1,1,0,0,0,0,0,0,0,1,1,5155.2,0C,1,1,0,1,1,0,1,0,0,134.88,476.69,,,,,,,,,,,,,,,,,,,,,,,,,,,,,,,,,,,,,,,,,,,,,,,,,,,,,,,,,,
1808,,,799,409,,14.10,81.00,790,0.0,5.250,3.174,2.95,0.000,22.43,1.00,0.43,-0.88,0.22,0.915,1.02,-1.44,1.031,0.00,0.90,1.045,24.0,18.853,0.496,0.000,800,8.33,4.8,-0.53,0.00,7.5,1,1,0,1,1,1,0,0,0,0,1,0,0,0,0,0,0,0,1,0,1,1,1,1,1,1,0,0,0,0,0,0,1,1,5155.2,0C,1,1,0,1,1,0,1,0,0,134.44,479.94,,,,,,,,,,,,,,,,,,,,,,,,,,,,,,,,,,,,,,,,,,,,,,,,,,,,,,,,,,
1809,,,799,841,,14.10,81.00,795,0.0,5.250,3.238,3.03,0.000,22.50,1.00,0.22,-0.88,0.21,0.953,1.02,-1.44,1.031,0.00,0.90,1.045,24.0,19.196,0.496,0.000,800,8.33,4.8,-0.50,0.00,7.5,1,1,0,1,1,1,0,0,0,0,1,0,0,0,0,0,0,0,1,0,1,1,1,1,1,1,0,0,0,0,0,0,1,1,5155.2,0C,1,1,0,1,1,0,1,0,0,136.25,478.00,,,,,,,,,,,,,,,,,,,,,,,,,,,,,,,,,,,,,,,,,,,,,,,,,,,,,,,,,,
1810,,,800,238,,14.10,81.00,800,0.0,6.000,3.066,2.95,0.000,21.87,1.00,0.79,-0.88,0.77,0.935,1.02,-1.44,1.036,0.00,0.90,1.045,24.0,19.547,0.496,0.000,800,8.33,4.8,-0.52,0.00,7.5,1,1,0,1,1,1,0,0,0,0,1,0,0,0,0,0,0,0,1,0,1,1,1,1,1,1,0,0,0,0,0,0,1,1,5155.2,0C,1,1,0,1,1,0,1,0,0,134.19,476.31,,,,,,,,,,,,,,,,,,,,,,,,,,,,,,,,,,,,,,,,,,,,,,,,,,,,,,,,,,
1811,,,800,722,,14.10,81.00,798,0.0,5.250,3.162,2.91,0.000,22.31,1.44,1.15,-1.32,0.17,0.007,0.02,-2.62,0.398,0.01,0.75,0.172,-40.5,66.017,0.766,66.000,0,0.23,1766.7,1.55,-49.63,110.3,0,1,0,0,0,1,0,1,1,1,1,1,0,1,1,0,0,1,0,0,0,0,0,0,0,0,0,0,0,1,0,0,0,0,3247.5,D8,0,1,0,1,0,1,1,1,1,1,1,,,,,,,,,,,,,,,,,,,,,,,,,,,,,,,,,,,,,,,,,,,,,,,,,,,,,,,,,,
1812,,,801,165,,14.10,81.00,788,0.0,6.000,3.078,2.95,0.000,22.08,1.00,0.67,-0.88,0.26,0.904,1.02,-1.44,1.034,0.00,0.90,0.922,24.0,19.547,0.496,0.000,800,8.33,4.8,-0.47,0.00,7.5,1,1,0,1,1,1,0,0,0,0,1,0,0,0,0,0,0,0,1,0,1,1,1,1,1,1,0,0,0,0,0,0,1,1,5155.2,0C,1,1,0,1,1,0,1,0,0,130.81,480.31,,,,,,,,,,,,,,,,,,,,,,,,,,,,,,,,,,,,,,,,,,,,,,,,,,,,,,,,,,
1813,,,801,571,,14.10,81.00,794,0.0,5.250,3.245,2.78,0.000,22.55,1.00,0.21,-0.88,0.20,0.942,1.02,-1.44,1.030,0.00,0.90,0.922,24.0,19.890,0.496,0.000,800,8.33,4.8,-0.41,0.00,7.5,1,1,0,1,1,1,0,0,0,0,1,0,0,0,0,0,0,0,1,0,1,1,1,1,1,1,0,0,0,0,0,0,1,1,5155.2,0C,1,1,0,1,1,0,1,0,0,135.69,478.31,,,,,,,,,,,,,,,,,,,,,,,,,,,,,,,,,,,,,,,,,,,,,,,,,,,,,,,,,,
1814,,,801,958,,14.10,81.00,807,0.0,7.500,3.008,2.83,0.000,21.54,1.00,0.74,-0.88,0.63,0.929,1.02,-1.44,1.038,0.00,0.90,0.978,24.0,19.890,0.496,0.000,800,8.33,4.8,-0.45,0.00,7.5,1,1,0,1,1,1,0,0,0,0,1,0,0,0,0,0,0,0,1,0,1,1,1,1,1,1,0,0,0,0,0,0,1,1,5155.2,0C,1,1,0,1,1,0,1,0,0,131.56,467.44,,,,,,,,,,,,,,,,,,,,,,,,,,,,,,,,,,,,,,,,,,,,,,,,,,,,,,,,,,
1815,,,802,391,,14.10,81.75,807,0.0,8.250,2.918,2.91,0.000,21.12,1.00,0.86,-0.88,0.82,0.915,1.02,-1.44,1.042,0.00,0.90,0.978,24.0,19.890,0.496,0.000,800,8.33,4.8,-0.49,0.00,7.5,1,1,0,1,1,1,0,0,0,0,1,0,0,0,0,0,0,0,1,0,1,1,1,1,1,1,0,0,0,0,0,0,1,1,5155.2,0C,1,1,0,1,1,0,1,0,0,129.00,464.31,,,,,,,,,,,,,,,,,,,,,,,,,,,,,,,,,,,,,,,,,,,,,,,,,,,,,,,,,,
1816,,,802,788,,14.10,81.75,800,0.0,8.250,2.867,2.91,0.000,20.91,1.00,0.60,-0.88,0.25,0.902,1.02,-1.44,1.043,0.00,0.90,0.172,-40.5,66.407,0.766,70.500,0,0.23,1766.7,1.55,-49.63,110.3,0,1,0,0,0,1,0,1,1,1,1,1,0,1,1,0,0,1,0,0,0,0,0,0,0,0,0,0,0,1,0,0,0,0,516.8,0E,0,1,0,1,0,1,1,1,1,1,1,,,,,,,,,,,,,,,,,,,,,,,,,,,,,,,,,,,,,,,,,,,,,,,,,,,,,,,,,,
1817,,,803,184,,14.10,81.75,798,0.0,9.000,3.046,2.83,0.000,21.49,1.00,0.21,-0.88,0.20,0.936,1.02,-1.44,1.039,0.00,0.90,0.851,24.0,19.890,0.496,0.000,800,8.33,4.8,-0.49,0.00,7.5,1,1,0,1,1,1,0,0,0,0,1,0,0,0,0,0,0,0,1,0,1,1,1,1,1,1,0,0,0,0,0,0,1,1,5155.2,0C,1,1,0,1,1,0,1,0,0,131.25,467.25,,,,,,,,,,,,,,,,,,,,,,,,,,,,,,,,,,,,,,,,,,,,,,,,,,,,,,,,,,
1818,,,803,570,,14.10,81.00,810,0.0,7.500,3.034,2.91,0.000,21.14,1.00,0.22,-0.88,0.21,0.950,1.02,-1.44,1.041,0.00,0.90,0.851,24.0,19.890,0.496,0.000,800,8.33,4.8,-0.53,0.00,7.5,1,1,0,1,1,1,0,0,0,0,1,0,0,0,0,0,0,0,1,0,1,1,1,1,1,1,0,0,0,0,0,0,1,1,5155.2,0C,1,1,0,1,1,0,1,0,0,129.19,462.69,,,,,,,,,,,,,,,,,,,,,,,,,,,,,,,,,,,,,,,,,,,,,,,,,,,,,,,,,,
1819,,,803,990,,14.10,81.75,809,0.0,6.750,3.053,2.91,0.000,21.45,1.00,0.77,-0.88,0.30,0.944,1.02,-1.44,1.039,0.00,0.90,0.978,24.0,19.890,0.459,0.000,800,8.33,4.8,-0.56,0.00,7.5,1,1,0,1,1,1,0,0,0,0,1,0,0,0,0,0,0,0,1,0,1,1,1,1,1,1,0,0,0,0,0,0,1,1,5155.2,0C,1,1,0,1,1,0,1,0,0,130.25,464.06,,,,,,,,,,,,,,,,,,,,,,,,,,,,,,,,,,,,,,,,,,,,,,,,,,,,,,,,,,
1820,,,804,382,,14.10,81.75,795,0.0,9.000,2.976,2.91,0.000,21.02,1.00,0.84,-0.88,0.79,0.932,1.02,-1.44,1.043,0.00,0.90,0.978,24.0,19.547,0.459,0.000,800,8.33,4.8,-0.55,0.00,7.5,1,1,0,1,1,1,0,0,0,0,1,0,0,0,0,0,0,0,1,0,1,1,1,1,1,1,0,0,0,0,0,0,1,1,5155.2,0C,1,1,0,1,1,0,1,0,0,127.81,469.06,,,,,,,,,,,,,,,,,,,,,,,,,,,,,,,,,,,,,,,,,,,,,,,,,,,,,,,,,,
1821,,,804,783,,14.10,81.75,800,0.0,6.750,3.027,2.91,0.000,21.63,1.00,0.80,-0.88,0.24,0.918,1.02,-1.44,1.038,0.00,0.90,0.922,24.8,19.890,0.459,0.000,800,8.33,4.8,-0.55,0.00,7.5,1,1,0,1,1,1,0,0,0,0,1,0,0,0,0,0,0,0,1,0,1,1,1,1,1,1,0,0,0,0,0,0,1,1,5155.2,0C,1,1,0,1,1,0,1,0,0,131.63,467.75,,,,,,,,,,,,,,,,,,,,,,,,,,,,,,,,,,,,,,,,,,,,,,,,,,,,,,,,,,
1822,,,805,177,,14.10,81.75,801,0.0,7.500,3.014,2.91,0.000,21.19,1.00,0.25,-0.88,0.22,0.949,1.02,-1.44,1.041,0.00,0.90,0.922,24.8,19.547,0.459,0.000,800,8.34,4.8,-0.55,0.00,7.5,1,1,0,1,1,1,0,0,0,0,1,0,0,0,0,0,0,0,1,0,1,1,1,1,1,1,0,0,0,0,0,0,1,1,5155.2,0C,1,1,0,1,1,0,1,0,0,130.88,467.94,,,,,,,,,,,,,,,,,,,,,,,,,,,,,,,,,,,,,,,,,,,,,,,,,,,,,,,,,,
1823,,,805,574,,14.10,81.75,797,0.0,6.750,3.098,2.91,0.000,21.33,1.00,0.26,-0.88,0.22,0.963,1.02,-1.44,1.040,0.00,0.90,0.922,24.8,19.890,0.459,0.000,800,8.34,4.8,-0.55,0.00,7.5,1,1,0,1,1,1,0,0,0,0,1,0,0,0,0,0,0,0,1,0,1,1,1,1,1,1,0,0,0,0,0,0,1,1,5155.2,0C,1,1,0,1,1,0,1,0,0,131.44,470.50,,,,,,,,,,,,,,,,,,,,,,,,,,,,,,,,,,,,,,,,,,,,,,,,,,,,,,,,,,
1824,,,805,961,,14.10,81.75,806,0.0,7.500,2.995,2.91,0.000,21.33,1.00,0.84,-0.88,0.80,0.933,1.02,-1.44,1.040,0.00,0.90,1.075,24.8,19.547,0.459,0.000,800,8.34,4.8,-0.60,0.00,7.5,1,1,0,1,1,1,0,0,0,0,1,0,0,0,0,0,0,0,1,0,1,1,1,1,1,1,0,0,0,0,0,0,1,1,5155.2,0C,1,1,0,1,1,0,1,0,0,130.13,467.75,,,,,,,,,,,,,,,,,,,,,,,,,,,,,,,,,,,,,,,,,,,,,,,,,,,,,,,,,,
1825,,,806,347,,14.00,81.75,797,0.0,9.000,3.021,2.91,0.000,21.45,1.00,0.87,-0.88,0.81,0.919,1.02,-1.44,1.039,0.00,0.90,1.075,24.8,19.547,0.459,0.000,800,8.34,4.8,-0.60,0.00,7.5,1,1,0,1,1,1,0,0,0,0,1,0,0,0,0,0,0,0,1,0,1,1,1,1,1,1,0,0,0,0,0,0,1,1,5155.2,0C,1,1,0,1,1,0,1,0,0,130.81,470.69,,,,,,,,,,,,,,,,,,,,,,,,,,,,,,,,,,,,,,,,,,,,,,,,,,,,,,,,,,
1826,,,806,747,,14.10,81.75,789,0.0,6.750,3.002,2.91,0.000,21.63,1.00,0.78,-0.88,0.26,0.910,1.02,-1.44,1.038,0.00,0.90,1.075,24.8,19.547,0.459,0.000,800,8.34,4.8,-0.56,0.00,7.5,1,1,0,1,1,1,0,0,0,0,1,0,0,0,0,0,0,0,1,0,1,1,1,1,1,1,0,0,0,0,0,0,1,1,5155.2,0C,1,1,0,1,1,0,1,0,0,134.50,475.81,,,,,,,,,,,,,,,,,,,,,,,,,,,,,,,,,,,,,,,,,,,,,,,,,,,,,,,,,,
1827,,,807,159,,14.10,81.75,792,0.0,6.750,3.232,2.95,0.000,22.24,1.00,0.22,-0.88,0.21,0.947,1.02,-1.44,1.033,0.00,0.90,0.950,24.8,19.890,0.459,0.000,800,8.34,4.8,-0.54,0.00,7.5,1,1,0,1,1,1,0,0,0,0,1,0,0,0,0,0,0,0,1,0,1,1,1,1,1,1,0,0,0,0,0,0,1,1,5155.2,0C,1,1,0,1,1,0,1,0,0,133.44,478.38,,,,,,,,,,,,,,,,,,,,,,,,,,,,,,,,,,,,,,,,,,,,,,,,,,,,,,,,,,
1828,,,807,557,,14.10,81.75,811,0.0,3.750,3.034,2.95,0.000,21.73,1.44,1.15,-1.32,0.92,0.007,0.02,-7.13,0.398,0.01,0.38,0.172,-40.5,67.189,0.766,49.500,0,0.23,1766.7,1.55,-49.63,110.3,0,1,0,0,0,1,0,1,1,1,1,1,0,1,1,0,0,1,0,0,0,0,0,0,0,0,0,0,0,1,0,0,0,0,3034.2,72,0,1,0,1,0,1,1,1,1,1,1,,,,,,,,,,,,,,,,,,,,,,,,,,,,,,,,,,,,,,,,,,,,,,,,,,,,,,,,,,
1829,,,807,946,,14.10,81.75,802,0.0,7.500,3.008,3.03,0.000,21.56,1.00,0.87,-0.88,0.83,0.922,1.02,-1.44,1.038,0.00,0.90,0.978,24.8,19.547,0.459,0.000,800,8.34,4.8,-0.59,0.00,7.5,1,1,0,1,1,1,0,0,0,0,1,0,0,0,0,0,0,0,1,0,1,1,1,1,1,1,0,0,0,0,0,0,1,1,5155.2,0C,1,1,0,1,1,0,1,0,0,133.00,474.56,,,,,,,,,,,,,,,,,,,,,,,,,,,,,,,,,,,,,,,,,,,,,,,,,,,,,,,,,,
1830,,,808,348,,14.10,81.75,787,0.0,6.750,3.034,3.03,0.000,21.80,1.00,0.83,-0.88,0.57,0.908,1.02,-1.44,1.036,0.00,0.90,0.978,24.8,19.547,0.459,0.000,800,8.34,4.8,-0.55,0.00,7.5,1,1,0,1,1,1,0,0,0,0,1,0,0,0,0,0,0,0,1,0,1,1,1,1,1,1,0,0,0,0,0,0,1,1,5155.2,0C,1,1,0,1,1,0,1,0,0,133.19,482.00,,,,,,,,,,,,,,,,,,,,,,,,,,,,,,,,,,,,,,,,,,,,,,,,,,,,,,,,,,
1831,,,808,741,,14.00,81.75,781,0.0,7.500,3.181,796.88,17.322,242.84,1.44,1.15,-1.32,0.13,0.007,0.02,-5.80,0.398,0.01,0.30,0.172,-40.5,67.189,0.766,78.000,0,0.23,1766.7,1.55,-49.63,110.3,0,1,0,0,0,1,0,1,1,1,1,1,0,1,1,0,0,1,0,0,0,0,0,0,0,0,0,0,0,1,0,0,0,0,6106.3,49,0,1,0,1,0,1,1,1,1,1,1,,,,,,,,,,,,,,,,,,,,,,,,,,,,,,,,,,,,,,,,,,,,,,,,,,,,,,,,,,
1832,,,809,142,,14.10,81.75,791,0.0,4.500,3.174,3.03,0.000,22.20,1.00,0.24,-0.88,0.23,0.963,1.02,-1.44,1.033,0.00,0.90,1.045,24.8,19.547,0.427,0.000,800,8.34,4.8,-0.45,0.00,7.5,1,1,0,1,1,1,0,0,0,0,1,0,0,0,0,0,0,0,1,0,1,1,1,1,1,1,0,0,0,0,0,0,1,1,5155.2,0C,1,1,0,1,1,0,1,0,0,137.00,480.13,,,,,,,,,,,,,,,,,,,,,,,,,,,,,,,,,,,,,,,,,,,,,,,,,,,,,,,,,,
1833,,,809,541,,14.10,81.75,802,0.0,4.500,3.110,2.95,0.000,22.17,1.00,0.83,-0.88,0.80,0.934,1.02,-1.44,1.033,0.00,0.90,1.045,24.8,19.890,0.427,0.000,800,8.34,4.8,-0.47,0.00,7.5,1,1,0,1,1,1,0,0,0,0,1,0,0,0,0,0,0,0,1,0,1,1,1,1,1,1,0,0,0,0,0,0,1,1,5155.2,0C,1,1,0,1,1,0,1,0,0,133.69,476.19,,,,,,,,,,,,,,,,,,,,,,,,,,,,,,,,,,,,,,,,,,,,,,,,,,,,,,,,,,
1834,,,809,953,,14.10,81.75,787,0.0,8.250,3.085,3.03,0.000,22.03,1.00,0.87,-0.88,0.80,0.919,1.02,-1.44,1.034,0.00,0.90,0.922,24.8,19.547,0.427,0.000,800,8.34,4.8,-0.44,0.00,7.5,1,1,0,1,1,1,0,0,0,0,1,0,0,0,0,0,0,0,1,0,1,1,1,1,1,1,0,0,0,0,0,0,1,1,5155.2,0C,1,1,0,1,1,0,1,0,0,133.56,483.00,,,,,,,,,,,,,,,,,,,,,,,,,,,,,,,,,,,,,,,,,,,,,,,,,,,,,,,,,,
1835,,,810,353,,14.10,81.75,800,0.0,5.250,3.078,3.03,0.000,22.03,1.00,0.22,-0.88,0.21,0.936,1.02,-1.44,1.035,0.00,0.90,0.922,24.8,19.547,0.427,0.000,800,8.34,4.8,-0.45,0.00,7.5,1,1,0,1,1,1,0,0,0,0,1,0,0,0,0,0,0,0,1,0,1,1,1,1,1,1,0,0,0,0,0,0,1,1,5155.2,0C,1,1,0,1,1,0,1,0,0,133.31,478.00,,,,,,,,,,,,,,,,,,,,,,,,,,,,,,,,,,,,,,,,,,,,,,,,,,,,,,,,,,
1836,,,810,745,,14.10,81.75,797,0.0,6.750,3.110,2.95,0.000,22.03,1.00,0.23,-0.88,0.21,0.947,1.02,-1.44,1.034,0.00,0.90,0.922,24.8,19.890,0.427,0.000,800,8.34,4.8,-0.43,0.00,7.5,1,1,0,1,1,1,0,0,0,0,1,0,0,0,0,0,0,0,1,0,1,1,1,1,1,1,0,0,0,0,0,0,1,1,5155.2,0C,1,1,0,1,1,0,1,0,0,136.38,477.38,,,,,,,,,,,,,,,,,,,,,,,,,,,,,,,,,,,,,,,,,,,,,,,,,,,,,,,,,,
1837,,,811,134,,14.10,81.75,806,0.0,6.000,3.034,3.03,0.000,21.80,1.00,0.74,-0.88,0.67,0.934,1.02,-1.44,1.036,0.00,0.90,1.045,24.8,19.890,0.427,0.000,800,8.34,4.8,-0.47,0.00,7.5,1,1,0,1,1,1,0,0,0,0,1,0,0,0,0,0,0,0,1,0,1,1,1,1,1,1,0,0,0,0,0,0,1,1,5155.2,0C,1,1,0,1,1,0,1,0,0,134.06,473.06,,,,,,,,,,,,,,,,,,,,,,,,,,,,,,,,,,,,,,,,,,,,,,,,,,,,,,,,,,
1838,,,811,521,,14.10,81.75,790,0.0,7.500,3.104,3.03,0.000,22.05,1.00,0.85,-0.88,0.81,0.921,1.02,-1.44,1.034,0.00,0.90,1.045,24.8,19.547,0.427,0.000,800,8.34,4.8,-0.45,0.00,7.5,1,1,0,1,1,1,0,0,0,0,1,0,0,0,0,0,0,0,1,0,1,1,1,1,1,1,0,0,0,0,0,0,1,1,5155.2,0C,1,1,0,1,1,0,1,0,0,134.13,481.63,,,,,,,,,,,,,,,,,,,,,,,,,,,,,,,,,,,,,,,,,,,,,,,,,,,,,,,,,,
1839,,,811,920,,14.10,81.75,794,0.0,6.000,3.008,3.03,0.000,22.05,1.00,0.46,-0.88,0.22,0.907,1.02,-1.44,1.034,0.00,0.90,1.075,24.8,19.890,0.427,0.000,800,8.34,4.8,-0.43,0.00,7.5,1,1,0,1,1,1,0,0,0,0,1,0,0,0,0,0,0,0,1,0,1,1,1,1,1,1,0,0,0,0,0,0,1,1,5155.2,0C,1,1,0,1,1,0,1,0,0,135.81,478.00,,,,,,,,,,,,,,,,,,,,,,,,,,,,,,,,,,,,,,,,,,,,,,,,,,,,,,,,,,
1840,,,812,322,,14.10,81.75,795,0.0,6.000,3.162,2.95,0.000,22.24,1.00,0.22,-0.88,0.21,0.943,1.02,-1.44,1.033,0.00,0.90,1.075,24.8,19.890,0.427,0.000,800,8.34,4.8,-0.41,0.00,7.5,1,1,0,1,1,1,0,0,0,0,1,0,0,0,0,0,0,0,1,0,1,1,1,1,1,1,0,0,0,0,0,0,1,1,5155.2,0C,1,1,0,1,1,0,1,0,0,136.50,478.81,,,,,,,,,,,,,,,,,,,,,,,,,,,,,,,,,,,,,,,,,,,,,,,,,,,,,,,,,,
1841,,,812,705,,14.10,81.75,801,0.0,6.000,3.162,2.95,0.000,22.03,1.00,0.29,-0.88,0.27,0.957,1.02,-1.44,1.034,0.00,0.90,1.075,24.8,19.890,0.427,0.000,800,8.34,4.8,-0.42,0.00,7.5,1,1,0,1,1,1,0,0,0,0,1,0,0,0,0,0,0,0,1,0,1,1,1,1,1,1,0,0,0,0,0,0,1,1,5155.2,0C,1,1,0,1,1,0,1,0,0,134.50,476.19,,,,,,,,,,,,,,,,,,,,,,,,,,,,,,,,,,,,,,,,,,,,,,,,,,,,,,,,,,
1842,,,813,090,,14.10,81.75,804,0.0,6.000,3.059,2.95,0.000,21.87,1.00,0.83,-0.88,0.78,0.936,1.02,-1.44,1.036,0.00,0.90,1.045,24.8,19.890,0.399,0.000,800,8.34,4.8,-0.45,0.00,7.5,1,1,0,1,1,1,0,0,0,0,1,0,0,0,0,0,0,0,1,0,1,1,1,1,1,1,0,0,0,0,0,0,1,1,5155.2,0C,1,1,0,1,1,0,1,0,0,133.94,473.13,,,,,,,,,,,,,,,,,,,,,,,,,,,,,,,,,,,,,,,,,,,,,,,,,,,,,,,,,,
1843,,,813,497,,14.10,81.75,797,0.0,6.750,3.021,2.95,0.000,21.84,1.00,0.84,-0.88,0.77,0.923,1.02,-1.44,1.036,0.00,0.90,1.045,24.8,19.890,0.399,0.000,800,8.34,4.8,-0.45,0.00,7.5,1,1,0,1,1,1,0,0,0,0,1,0,0,0,0,0,0,0,1,0,1,1,1,1,1,1,0,0,0,0,0,0,1,1,5155.2,0C,1,1,0,1,1,0,1,0,0,133.25,476.19,,,,,,,,,,,,,,,,,,,,,,,,,,,,,,,,,,,,,,,,,,,,,,,,,,,,,,,,,,
1844,,,813,914,,14.10,81.75,778,0.0,9.000,3.059,3.03,0.000,21.73,1.00,0.23,-0.88,0.21,0.944,1.02,-1.44,1.037,0.00,0.90,0.922,24.8,19.547,0.399,0.000,800,8.34,4.8,-0.37,0.09,7.5,1,1,0,1,1,1,0,0,0,0,1,0,0,0,0,0,0,0,1,0,1,1,1,1,1,1,0,0,0,0,0,0,1,1,5155.2,0C,1,1,0,1,1,0,1,0,0,133.88,484.56,,,,,,,,,,,,,,,,,,,,,,,,,,,,,,,,,,,,,,,,,,,,,,,,,,,,,,,,,,
