LogID,LogEntryDate,LogEntryTime,LogEntrySeconds,LogNotes,Напряжение батареи ( В),Температура охлаждающей жидкости ( °С),Обороты  двигателя ( об/мин),Скорость автомобиля ( км/час),Угол опережения зажигания ( °ПКВ),Длительность импульса впрыска ( мс),Положение дроссельной заслонки ( %),Положение педали газа ( %),Относительное заполнение воздухом ( %),Желаемое значение коэффициента лямбда (-),Напряжение датчика кислорода 1 ( В),Период сигнала датчика кислорода 1 ( с),Напряжение датчика кислорода 2 ( В),Текущий коэффициент коррекции длительности впрыска топлива (-),Фактор высотной коррекции (-),Адаптированное отклонение расхода воздуха во впускном колекторе мимо дросселя ( кг),Мультипликативная составляющая коррекции смеси самообучением (-),I-часть регулирования по датчику кислорода 2 (-),Фактор старения нейтрализатора (-),Расход топлива ( л/час),Температура впускного воздуха ( °С),Коэффициент продувки адсорбера ( %),Концентрация топлива в адсорбере (-),Величина отскока УОЗ при детонации ( °ПКВ),Желаемые обороты холостого хода ( об/мин),Разница крутящего момента от адаптированного крутящего момента ( %),Нормальная утечка воздуха через дроссель (-),Потребность в моменте для регулирования ХХ: I-часть ( %),Потребность в моменте для регулирования ХХ: PD-часть ( %),Температура охлаждающей жидкости при пуске ( °С),Проверка нейтрализатора завершена (-),Проверка системы улавливания паров бензина завершена (-),Проверка первого датчика кислорода завершена (-),Проверка второго датчика кислорода завершена (-),Контроллер обучен (-),Контроллер заблокирован (-),Запуск с обходом возможен (-),Пароль обхода запрограммирован (-),Ошибка связи с иммобилизатором (-),Быстрый старт разрешен (-),Реле бензонасоса (-),Флаг нажатия педали тормоза 2 (-),Флаг нажатия педали сцепления (-),Запрос на включение кондиционера (-),Реле кондиционера включено (-),Флаг высокого давления в системе кондиционера (-),Реле вентилятора охлаждения 1 (-),Реле вентилятора охлаждения 2 (-),Холостой ход (-),Признак обогащения по мощности  (-),Продувка адсорбера активирована (-),Готовность датчика кислорода 1 (-),Флаг обратной связи по датчику кислорода 1 (-),Готовность датчика кислорода 2 (-),Обратная связь по датчику кислорода 2 (-),Признак разрешения адаптации топливоподачи (-),Отсечка топливоподачи (-),Контроль детонации активен (-),Динамический счетчик не равен нулю (-),Обнаружение пропусков зажигания приостановлено (-),Признак обнаружения неровной дороги (-),Флаг нажатия педали тормоза 1 (-),Регистрация активна (-),Лампа индикации неисправностей (-),Время работы (-),Контрольная сумма ПЗУ (-),АБС присутствует (-),ESP присутствует (-),АКПП присутствует (-),ЦБКЭ присутствует (-),Круиз-контроль присутствует (-),Датчик скорости автомобиля присутствует (-),Окончание обучения электронных устройств (-),Клапан управления длиной каналов системы впуска (-),Доп. реле стартера (-),Цикловое наполнение по датчику абсолютного давления во впускном коллекторе ( мг/ц),Измеренное давление во впускном коллекторе ( мБар),Параметр адаптации демпфера в диапазоне 1  ( °),Параметр адаптации демпфера в диапазоне 2 ( °),Параметр адаптации демпфера в диапазоне 3 ( °),Параметр адаптации демпфера в диапазоне 4 ( °),Счетчик пропусков воспламенения для цилиндра 1. влияющих на токсичность (-),Счетчик пропусков воспламенения для цилиндра 3. влияющих на токсичность (-),Счетчик пропусков воспламенения для цилиндра 4. влияющих на токсичность (-),Счетчик пропусков воспламенения для цилиндра 2. влияющих на токсичность (-),Суммарный счетчик пропусков воспламенения. влияющих на работу нейтрализатора (-),Запрет распознавания. обороты меньше минимальных (-),Запрет распознавания. обороты больше максимальных (-),Запрет распознавания. изменение нагрузки (-),Запрет распознавания. изменение динамики двигателя (-),Запрет распознавания. нагрузка меньше порога (-),Условия отключения топливоподачи (-),Распознавание пропусков воспламенения приостановлено (-),Обучение в диапазоне 1 завершено (-),Обучение в диапазоне 2 завершено (-),Обучение в диапазоне 3 завершено (-),Обучение в диапазоне 4 завершено (-),Счетчик пропусков в цилиндре 1 за текущую поездку (-),Счетчик пропусков в цилиндре 3 за текущую поездку (-),Счетчик пропусков в цилиндре 4 за текущую поездку (-),Счетчик пропусков в цилиндре 2 за текущую поездку (-),Относительный уровень регулировки по детонации в цилиндре 1 (В),Относительный уровень регулировки по детонации в цилиндре 3 (В),Относительный уровень регулировки по детонации в цилиндре 4 (В),Относительный уровень регулировки по детонации в цилиндре 2 (В),Отскок угла опережения зажигания при детонации для цилиндра 1 ( °),Отскок угла опережения зажигания при детонации для цилиндра 3 ( °),Отскок угла опережения зажигания при детонации для цилиндра 4 ( °),Отскок угла опережения зажигания при детонации для цилиндра 2 ( °),Базовый угол опережения зажигания ( °),Максимальная задержка УОЗ ( °),АЦП Бортовое напряжение (В),АЦП Датчик температуры охлаждающей жидкости (В),АЦП Датчик температуры воздуха во впускном коллекторе (В),АЦП Напряжение датчика абсолютного давления во впускном коллекторе (В),АЦП Датчик положения дроссельной заслонки 1 (В),АЦП Датчик положения дроссельной заслонки 2 (В),АЦП Датчик положения педали газа 1 (В),АЦП Датчик положения педали газа 2 (В),АЦП Датчик кислорода 1 (В),АЦП Сопротивление датчика кислорода 1 (Ом),АЦП Датчик кислорода 2 (В),АЦП Сопротивление датчика кислорода 2 (Ом),АЦП Датчик детонации (В),АЦП Напряжение средней точки вентиляторов охлаждения (В),DFM Сигнал с генератора (-),Сигнал LT генератора (-),Сигнал с датчика давления масла (-),Круиз-конторль/ограничитель скорости разрешен (-),Круиз-конторль/ограничитель скорости активен (-),Круиз-конторль/ограничитель скорости вход 1 (-),Круиз-конторль/ограничитель скорости вход 2 (-),температура генератора ( °C),обороты генератора ( об/мин),
0,,,1,810,,12.50,44.25,0,0.0,-5.250,0.000,6.54,0.000,98.27,1.00,0.51,-0.76,0.52,1.000,1.02,0.00,1.051,0.00,0.90,0.000,30.8,0.000,0.694,0.000,870,6.89,4.6,0.00,0.00,44.3,1,1,0,0,1,1,0,0,0,0,0,0,0,0,0,0,0,0,1,0,0,0,0,0,0,0,0,0,0,1,0,0,1,1,5155.7,0C,1,1,0,1,1,0,1,0,1,600.00,1017.25,,,,,,,,,,,,,,,,,,,,,,,,,,,,,,,,,,,,,,,,,,,,,,,,,,,,,,,,,,
1,,,2,212,,12.50,44.25,0,0.0,-5.250,0.000,6.62,0.000,98.27,1.00,0.51,-0.76,0.52,1.000,1.02,0.00,1.051,0.00,0.90,0.000,30.8,0.000,0.694,0.000,870,6.89,4.6,0.00,0.00,44.3,1,1,0,0,1,1,0,0,0,0,0,0,0,0,0,0,0,0,1,0,0,0,0,0,0,0,0,0,0,1,0,0,1,1,5155.7,0C,1,1,0,1,1,0,1,0,1,600.00,1017.44,,,,,,,,,,,,,,,,,,,,,,,,,,,,,,,,,,,,,,,,,,,,,,,,,,,,,,,,,,
2,,,2,601,,12.50,44.25,0,0.0,-5.250,0.000,6.62,0.000,98.27,1.00,0.51,-0.76,0.52,1.000,1.02,0.00,1.051,0.00,0.90,0.000,30.8,0.000,0.694,0.000,870,6.89,4.6,0.00,0.00,44.3,1,1,0,0,1,1,0,0,0,0,0,0,0,0,0,0,0,0,1,0,0,0,0,0,0,0,0,0,0,1,0,0,1,1,5155.7,0C,1,1,0,1,1,0,1,0,1,600.00,1017.56,,,,,,,,,,,,,,,,,,,,,,,,,,,,,,,,,,,,,,,,,,,,,,,,,,,,,,,,,,
3,,,3,007,,12.50,44.25,0,0.0,-5.250,0.000,6.54,0.000,98.27,1.00,0.51,-0.76,0.52,1.000,1.02,0.00,1.051,0.00,0.90,0.000,30.8,0.000,0.694,0.000,870,6.89,4.6,0.00,0.00,44.3,1,1,0,0,1,1,0,0,0,0,0,0,0,0,0,0,0,0,1,0,0,0,0,0,0,0,0,0,0,1,0,0,1,1,5155.7,0C,1,1,0,1,1,0,1,0,1,600.00,1017.31,,,,,,,,,,,,,,,,,,,,,,,,,,,,,,,,,,,,,,,,,,,,,,,,,,,,,,,,,,
4,,,3,408,,12.50,44.25,0,0.0,-5.250,0.000,3.13,39.960,620.98,0.50,0.00,-1.34,0.69,0.007,0.00,0.04,0.000,0.01,0.45,0.187,-42.0,82.423,0.719,0.000,0,0.38,128.3,0.00,-43.38,112.5,0,1,0,0,0,1,0,1,1,1,1,1,0,1,1,0,0,1,0,0,1,0,0,0,0,0,1,0,1,0,0,1,0,0,5471.8,96,0,1,0,1,0,1,1,1,1,1,1,,,,,,,,,,,,,,,,,,,,,,,,,,,,,,,,,,,,,,,,,,,,,,,,,,,,,,,,,,
5,,,3,792,,12.50,44.25,0,0.0,-5.250,0.000,6.54,0.000,98.27,1.00,0.51,-0.76,0.52,1.000,1.02,0.00,1.051,0.00,0.90,0.000,30.8,0.000,0.694,0.000,0,0.38,128.3,0.00,-43.38,112.5,0,1,0,0,0,1,0,1,1,1,1,1,0,1,1,0,0,1,0,0,1,0,0,0,0,0,1,0,1,0,0,1,0,0,5471.8,95,0,1,0,1,0,1,1,1,1,1,1,,,,,,,,,,,,,,,,,,,,,,,,,,,,,,,,,,,,,,,,,,,,,,,,,,,,,,,,,,
6,,,4,200,,12.50,44.25,0,0.0,-5.250,0.000,6.54,0.000,98.27,1.00,0.51,-0.76,0.52,1.000,0.00,0.04,0.000,0.01,0.45,0.187,-42.0,82.423,0.719,0.000,0,0.38,128.3,0.00,-43.38,112.5,0,1,0,0,0,1,0,1,1,1,1,1,0,1,1,0,0,1,0,0,1,0,0,0,0,0,1,0,1,0,0,1,0,0,5471.8,99,0,1,0,1,0,1,1,1,1,1,1,,,,,,,,,,,,,,,,,,,,,,,,,,,,,,,,,,,,,,,,,,,,,,,,,,,,,,,,,,
7,,,4,600,,12.50,44.25,0,0.0,-5.250,0.000,6.54,0.000,98.27,1.00,0.53,-0.76,0.52,1.000,1.02,0.00,1.051,0.00,0.90,0.000,30.8,0.000,0.694,0.000,870,6.90,4.6,0.00,0.00,44.3,1,1,0,0,1,1,0,0,0,0,0,0,0,0,0,0,0,0,1,0,0,0,0,0,0,0,0,0,0,1,0,0,1,1,5155.7,0C,1,1,0,1,1,0,1,1,1,1,1,,,,,,,,,,,,,,,,,,,,,,,,,,,,,,,,,,,,,,,,,,,,,,,,,,,,,,,,,,
8,,,5,034,,12.50,44.25,0,0.0,-5.250,0.000,6.54,0.000,98.27,1.00,0.51,-0.76,0.52,1.000,1.02,0.00,1.051,0.00,0.90,0.000,30.8,0.000,0.694,0.000,870,6.90,4.6,0.00,0.00,44.3,1,1,0,0,1,1,0,0,0,0,0,0,0,0,0,0,0,0,1,0,0,0,0,0,0,0,0,0,0,1,0,0,1,1,5155.7,0C,1,1,0,1,1,0,1,0,1,600.00,1017.38,,,,,,,,,,,,,,,,,,,,,,,,,,,,,,,,,,,,,,,,,,,,,,,,,,,,,,,,,,
9,,,5,519,,12.50,44.25,0,0.0,-5.250,0.000,6.54,0.000,98.27,1.00,0.51,-0.76,0.52,1.000,1.02,0.00,1.051,0.00,0.90,0.000,30.8,0.000,0.694,0.000,870,6.90,4.6,0.00,0.00,44.3,1,1,0,0,1,1,0,0,0,0,0,0,0,0,0,0,0,0,1,0,0,0,0,0,0,0,0,0,0,1,0,0,1,1,5155.7,0C,1,1,0,1,1,0,1,0,1,600.00,1017.25,,,,,,,,,,,,,,,,,,,,,,,,,,,,,,,,,,,,,,,,,,,,,,,,,,,,,,,,,,
10,,,5,903,,12.50,44.25,0,0.0,-5.250,0.000,6.62,0.000,98.27,1.00,0.51,-0.76,0.52,1.000,1.02,0.00,1.051,0.00,0.90,0.000,30.8,0.000,0.694,0.000,870,6.90,4.6,0.00,0.00,44.3,1,1,0,0,1,1,0,0,0,0,0,0,0,0,0,0,0,0,1,0,0,0,0,0,0,0,0,0,0,1,0,0,1,1,5155.7,0C,1,1,0,1,1,0,1,0,1,600.00,1017.25,,,,,,,,,,,,,,,,,,,,,,,,,,,,,,,,,,,,,,,,,,,,,,,,,,,,,,,,,,
11,,,6,353,,12.50,44.25,0,0.0,-5.250,0.000,6.62,0.000,98.27,1.00,0.51,-0.76,0.51,1.000,1.02,0.00,1.051,0.00,0.90,0.000,30.8,0.000,0.694,0.000,870,6.90,4.6,0.00,0.00,44.3,1,1,0,0,1,1,0,0,0,0,0,0,0,0,0,0,0,0,1,0,0,0,0,0,0,0,0,0,0,1,0,0,1,1,5155.7,0C,1,1,0,1,1,0,1,0,1,600.00,1017.38,,,,,,,,,,,,,,,,,,,,,,,,,,,,,,,,,,,,,,,,,,,,,,,,,,,,,,,,,,
12,,,6,771,,12.50,44.25,0,0.0,-5.250,0.000,6.54,0.000,98.27,1.00,0.51,-0.76,0.52,1.000,1.02,0.00,1.051,0.00,0.90,0.000,30.8,0.000,0.694,0.000,870,6.90,4.6,0.00,0.00,44.3,1,1,0,0,1,1,0,0,0,0,0,0,0,0,0,0,0,0,1,0,0,0,0,0,0,0,0,0,0,1,0,0,1,1,5155.7,0C,1,1,0,1,1,0,1,0,1,600.00,1017.38,,,,,,,,,,,,,,,,,,,,,,,,,,,,,,,,,,,,,,,,,,,,,,,,,,,,,,,,,,
13,,,7,188,,12.50,44.25,0,0.0,-5.250,0.000,6.54,0.000,98.27,1.00,0.51,-0.76,0.52,1.000,1.02,0.00,1.051,0.00,0.90,0.000,30.8,0.000,0.694,0.000,870,6.90,4.6,0.00,0.00,44.3,1,1,0,0,1,1,0,0,0,0,0,0,0,0,0,0,0,0,1,0,0,0,0,0,0,0,0,0,0,1,0,0,1,1,5155.7,0C,1,1,0,1,1,0,1,0,1,600.00,1017.56,,,,,,,,,,,,,,,,,,,,,,,,,,,,,,,,,,,,,,,,,,,,,,,,,,,,,,,,,,
14,,,7,606,,12.50,44.25,0,0.0,-5.250,0.000,6.62,0.000,98.27,1.00,0.51,-0.76,0.52,1.000,1.02,0.00,1.051,0.00,0.90,0.000,30.8,0.000,0.694,0.000,870,6.90,4.6,0.00,0.00,44.3,1,1,0,0,1,1,0,0,0,0,0,0,0,0,0,0,0,0,1,0,0,0,0,0,0,0,0,0,0,1,0,0,1,1,5155.7,0C,1,1,0,1,1,0,1,0,1,600.00,1017.38,,,,,,,,,,,,,,,,,,,,,,,,,,,,,,,,,,,,,,,,,,,,,,,,,,,,,,,,,,
15,,,8,018,,12.50,44.25,0,0.0,-5.250,0.000,6.62,0.000,98.27,1.00,0.51,-0.76,0.52,1.000,1.02,0.00,1.051,0.00,0.90,0.000,30.8,0.000,0.694,0.000,870,6.90,4.6,0.00,0.00,44.3,1,1,0,0,1,1,0,0,0,0,0,0,0,0,0,0,0,0,1,0,0,0,0,0,0,0,0,0,0,1,0,0,1,1,5155.7,0C,1,1,0,1,1,0,1,0,1,600.00,1017.63,,,,,,,,,,,,,,,,,,,,,,,,,,,,,,,,,,,,,,,,,,,,,,,,,,,,,,,,,,
16,,,8,436,,12.50,44.25,0,0.0,-5.250,0.000,6.54,0.000,98.27,1.00,0.51,-0.76,0.52,1.000,1.02,0.00,1.051,0.00,0.90,0.000,30.8,0.000,0.694,0.000,870,6.90,4.6,0.00,0.00,44.3,1,1,0,0,1,1,0,0,0,0,0,0,0,0,0,0,0,0,1,0,0,0,0,0,0,0,0,0,0,1,0,0,1,1,5155.7,0C,1,1,0,1,1,0,1,0,1,600.00,1017.31,,,,,,,,,,,,,,,,,,,,,,,,,,,,,,,,,,,,,,,,,,,,,,,,,,,,,,,,,,
17,,,8,828,,12.50,44.25,0,0.0,-5.250,0.000,6.62,0.000,98.27,1.00,0.51,-0.76,0.52,1.000,1.02,0.00,1.051,0.00,0.90,0.000,30.8,0.000,0.694,0.000,870,6.90,4.6,0.00,0.00,44.3,1,1,0,0,1,1,0,0,0,0,0,0,0,0,0,0,0,0,1,0,0,0,0,0,0,0,0,0,0,1,0,0,1,1,5155.7,0C,1,1,0,1,1,0,1,0,1,600.00,1017.56,,,,,,,,,,,,,,,,,,,,,,,,,,,,,,,,,,,,,,,,,,,,,,,,,,,,,,,,,,
18,,,9,249,,12.50,44.25,0,0.0,-5.250,0.000,6.54,0.000,98.27,1.00,0.51,-0.76,0.52,1.000,1.02,0.00,1.051,0.00,0.90,0.000,30.8,0.000,0.694,0.000,870,6.90,4.6,0.00,0.00,44.3,1,1,0,0,1,1,0,0,0,0,0,0,0,0,0,0,0,0,1,0,0,0,0,0,0,0,0,0,0,1,0,0,1,1,5155.7,0C,1,1,0,1,1,0,1,0,1,600.00,1017.38,,,,,,,,,,,,,,,,,,,,,,,,,,,,,,,,,,,,,,,,,,,,,,,,,,,,,,,,,,
19,,,9,651,,12.50,44.25,0,0.0,-5.250,0.000,6.62,0.000,98.27,1.00,0.51,-0.76,0.52,1.000,1.02,0.00,1.051,0.00,0.90,0.000,30.8,0.000,0.694,0.000,870,6.90,4.6,0.00,0.00,44.3,1,1,0,0,1,1,0,0,0,0,0,0,0,0,0,0,0,0,1,0,0,0,0,0,0,0,0,0,0,1,0,0,1,1,5155.7,0C,1,1,0,1,1,0,1,0,1,600.00,1017.56,,,,,,,,,,,,,,,,,,,,,,,,,,,,,,,,,,,,,,,,,,,,,,,,,,,,,,,,,,
20,,,10,066,,12.50,44.25,0,0.0,-5.250,0.000,6.54,0.000,98.27,1.00,0.52,-0.76,0.52,1.000,1.02,0.00,1.051,0.00,0.90,0.000,30.8,0.000,0.694,0.000,870,6.90,4.6,0.00,0.00,44.3,1,1,0,0,1,1,0,0,0,0,0,0,0,0,0,0,0,0,1,0,0,0,0,0,0,0,0,0,0,1,0,0,1,1,5155.7,0C,1,1,0,1,1,0,1,0,1,600.00,1017.38,,,,,,,,,,,,,,,,,,,,,,,,,,,,,,,,,,,,,,,,,,,,,,,,,,,,,,,,,,
21,,,10,494,,12.50,44.25,0,0.0,-5.250,0.000,6.54,0.000,98.27,1.00,0.51,-0.76,0.52,1.000,1.02,0.00,1.051,0.00,0.90,0.000,30.8,0.000,0.694,0.000,870,6.90,4.6,0.00,0.00,44.3,1,1,0,0,1,1,0,0,0,0,0,0,0,0,0,0,0,0,1,0,0,0,0,0,0,0,0,0,0,1,0,0,1,1,5155.7,0C,1,1,0,1,1,0,1,0,1,600.00,1017.31,,,,,,,,,,,,,,,,,,,,,,,,,,,,,,,,,,,,,,,,,,,,,,,,,,,,,,,,,,
22,,,10,946,,12.50,44.25,0,0.0,-5.250,0.000,6.62,0.000,98.27,1.00,0.51,-0.76,0.52,1.000,1.02,0.00,1.051,0.00,0.90,0.000,30.8,0.000,0.694,0.000,870,6.90,4.6,0.00,0.00,44.3,1,1,0,0,1,1,0,0,0,0,0,0,0,0,0,0,0,0,1,0,0,0,0,0,0,0,0,0,0,1,0,0,1,1,5155.7,0C,1,1,0,1,1,0,1,0,1,600.00,1017.56,,,,,,,,,,,,,,,,,,,,,,,,,,,,,,,,,,,,,,,,,,,,,,,,,,,,,,,,,,
23,,,11,487,,12.50,44.25,0,0.0,-5.250,0.000,6.54,0.000,98.27,1.00,0.51,-0.76,0.52,1.000,1.02,0.00,1.051,0.00,0.90,0.000,30.8,0.000,0.694,0.000,870,6.90,4.6,0.00,0.00,44.3,1,1,0,0,1,1,0,0,0,0,0,0,0,0,0,0,0,0,1,0,0,0,0,0,0,0,0,0,0,1,0,0,1,1,5155.7,0C,1,1,0,1,1,0,1,0,1,600.00,1017.38,,,,,,,,,,,,,,,,,,,,,,,,,,,,,,,,,,,,,,,,,,,,,,,,,,,,,,,,,,
24,,,11,907,,12.50,44.25,0,0.0,-5.250,0.000,6.54,0.000,98.27,1.00,0.52,-0.76,0.52,1.000,1.02,0.00,1.051,0.00,0.90,0.000,30.8,0.000,0.694,0.000,870,6.90,4.6,0.00,0.00,44.3,1,1,0,0,1,1,0,0,0,0,0,0,0,0,0,0,0,0,1,0,0,0,0,0,0,0,0,0,0,1,0,0,1,1,5155.7,0C,1,1,0,1,1,0,1,0,1,600.00,1017.44,,,,,,,,,,,,,,,,,,,,,,,,,,,,,,,,,,,,,,,,,,,,,,,,,,,,,,,,,,
25,,,12,317,,12.50,44.25,0,0.0,-5.250,0.000,6.54,0.000,98.27,1.00,0.51,-0.76,0.52,1.000,1.02,0.00,1.051,0.00,0.90,0.000,30.8,0.000,0.694,0.000,870,6.90,4.6,0.00,0.00,44.3,1,1,0,0,1,1,0,0,0,0,0,0,0,0,0,0,0,0,1,0,0,0,0,0,0,0,0,0,0,1,0,0,1,1,5155.7,0C,1,1,0,1,1,0,1,0,1,600.00,1017.31,,,,,,,,,,,,,,,,,,,,,,,,,,,,,,,,,,,,,,,,,,,,,,,,,,,,,,,,,,
26,,,12,708,,12.50,44.25,0,0.0,-5.250,0.000,6.54,0.000,98.27,1.00,0.52,-0.76,0.52,1.000,1.02,0.00,1.051,0.00,0.90,0.000,30.8,0.000,0.694,0.000,870,6.90,4.6,0.00,0.00,44.3,1,1,0,0,1,1,0,0,0,0,0,0,0,0,0,0,0,0,1,0,0,0,0,0,0,0,0,0,0,1,0,0,1,1,5155.7,0C,1,1,0,1,1,0,1,0,1,600.00,1017.56,,,,,,,,,,,,,,,,,,,,,,,,,,,,,,,,,,,,,,,,,,,,,,,,,,,,,,,,,,
27,,,15,398,,12.50,44.25,0,0.0,-5.250,0.000,6.62,0.000,98.27,1.00,0.52,-0.76,0.52,1.000,1.02,0.00,1.051,0.00,0.90,0.000,30.8,0.000,0.694,0.000,870,6.90,4.6,0.00,0.00,44.3,1,1,0,0,1,1,0,0,0,0,0,0,0,0,0,0,0,0,1,0,0,0,0,0,0,0,0,0,0,1,0,0,1,1,5155.7,0C,1,1,0,1,1,0,1,0,1,600.00,1017.44,,,,,,,,,,,,,,,,,,,,,,,,,,,,,,,,,,,,,,,,,,,,,,,,,,,,,,,,,,
28,,,15,778,,12.50,44.25,0,0.0,-5.250,0.000,6.54,0.000,98.27,1.00,0.51,-0.76,0.52,1.000,1.02,0.00,1.051,0.00,0.90,0.000,30.8,0.000,0.694,0.000,870,6.90,4.6,0.00,0.00,44.3,1,1,0,0,1,1,0,0,0,0,0,0,0,0,0,0,0,0,1,0,0,0,0,0,0,0,0,0,0,1,0,0,1,1,5155.7,0C,1,1,0,1,1,0,1,0,1,600.00,1017.63,,,,,,,,,,,,,,,,,,,,,,,,,,,,,,,,,,,,,,,,,,,,,,,,,,,,,,,,,,
29,,,16,161,,12.50,44.25,0,0.0,-5.250,0.000,6.62,0.000,98.27,1.00,0.52,-0.76,0.52,1.000,1.02,0.00,1.051,0.00,0.90,0.000,30.8,0.000,0.694,0.000,870,6.90,4.6,0.00,0.00,44.3,1,1,0,0,1,1,0,0,0,0,0,0,0,0,0,0,0,0,1,0,0,0,0,0,0,0,0,0,0,1,0,0,1,1,5155.7,0C,1,1,0,1,1,0,1,0,1,600.00,1017.44,,,,,,,,,,,,,,,,,,,,,,,,,,,,,,,,,,,,,,,,,,,,,,,,,,,,,,,,,,
30,,,16,559,,12.50,44.25,0,0.0,-5.250,0.000,6.54,0.000,98.27,1.00,0.51,-0.76,0.52,1.000,1.02,0.00,1.051,0.00,0.90,0.000,30.8,0.000,0.694,0.000,870,6.90,4.6,0.00,0.00,44.3,1,1,0,0,1,1,0,0,0,0,0,0,0,0,0,0,0,0,1,0,0,0,0,0,0,0,0,0,0,1,0,0,1,1,5155.7,0C,1,1,0,1,1,0,1,0,1,600.00,1017.38,,,,,,,,,,,,,,,,,,,,,,,,,,,,,,,,,,,,,,,,,,,,,,,,,,,,,,,,,,
31,,,16,951,,12.50,44.25,0,0.0,-5.250,0.000,6.54,0.000,98.27,1.00,0.51,-0.76,0.52,1.000,1.02,0.00,1.051,0.00,0.90,0.000,30.8,0.000,0.694,0.000,870,6.90,4.6,0.00,0.00,44.3,1,1,0,0,1,1,0,0,0,0,0,0,0,0,0,0,0,0,1,0,0,0,0,0,0,0,0,0,0,1,0,0,1,1,5155.7,0C,1,1,0,1,1,0,1,0,1,600.00,1017.38,,,,,,,,,,,,,,,,,,,,,,,,,,,,,,,,,,,,,,,,,,,,,,,,,,,,,,,,,,
32,,,17,362,,12.50,44.25,0,0.0,-5.250,0.000,6.54,0.000,98.27,1.00,0.51,-0.76,0.52,1.000,1.02,0.00,1.051,0.00,0.90,0.000,30.8,0.000,0.694,0.000,870,6.90,4.6,0.00,0.00,44.3,1,1,0,0,1,1,0,0,0,0,0,0,0,0,0,0,0,0,1,0,0,0,0,0,0,0,0,0,0,1,0,0,1,1,5155.7,0C,1,1,0,1,1,0,1,0,1,600.00,1017.25,,,,,,,,,,,,,,,,,,,,,,,,,,,,,,,,,,,,,,,,,,,,,,,,,,,,,,,,,,
33,,,17,749,,12.50,44.25,0,0.0,-5.250,0.000,6.62,0.000,98.27,1.00,0.52,-0.76,0.52,1.000,1.02,0.00,1.051,0.00,0.90,0.000,30.8,0.000,0.694,0.000,870,6.90,4.6,0.00,0.00,44.3,1,1,0,0,1,1,0,0,0,0,0,0,0,0,0,0,0,0,1,0,0,0,0,0,0,0,0,0,0,1,0,0,1,1,5155.7,0C,1,1,0,1,1,0,1,0,1,600.00,1017.44,,,,,,,,,,,,,,,,,,,,,,,,,,,,,,,,,,,,,,,,,,,,,,,,,,,,,,,,,,
34,,,18,130,,12.50,44.25,0,0.0,-5.250,0.000,6.54,0.000,98.27,1.00,0.51,-0.76,0.52,1.000,1.02,0.00,1.051,0.00,0.90,0.000,30.8,0.000,0.694,0.000,870,6.90,4.6,0.00,0.00,44.3,1,1,0,0,1,1,0,0,0,0,0,0,0,0,0,0,0,0,1,0,0,0,0,0,0,0,0,0,0,1,0,0,1,1,5155.7,0C,1,1,0,1,1,0,1,0,1,600.00,1017.56,,,,,,,,,,,,,,,,,,,,,,,,,,,,,,,,,,,,,,,,,,,,,,,,,,,,,,,,,,
35,,,18,540,,12.50,44.25,0,0.0,-5.250,0.000,6.62,0.000,98.27,1.00,0.51,-0.76,0.52,1.000,1.02,0.00,1.051,0.00,0.90,0.000,30.8,0.000,0.694,0.000,870,6.90,4.6,0.00,0.00,44.3,1,1,0,0,1,1,0,0,0,0,0,0,0,0,0,0,0,0,1,0,0,0,0,0,0,0,0,0,0,1,0,0,1,1,5155.7,0C,1,1,0,1,1,0,1,0,1,600.00,1017.38,,,,,,,,,,,,,,,,,,,,,,,,,,,,,,,,,,,,,,,,,,,,,,,,,,,,,,,,,,
36,,,18,948,,12.40,44.25,0,0.0,-5.250,0.000,7.71,0.000,98.27,1.00,0.51,-0.76,0.52,1.000,1.02,0.00,1.051,0.00,0.90,0.000,30.8,0.000,0.694,0.000,870,6.90,4.6,0.00,0.00,44.3,1,1,0,0,1,1,0,0,0,0,0,0,0,0,0,0,0,0,1,0,0,0,0,0,0,0,0,0,0,1,0,0,1,1,5155.7,0C,1,1,0,1,1,0,1,0,1,600.00,1017.25,,,,,,,,,,,,,,,,,,,,,,,,,,,,,,,,,,,,,,,,,,,,,,,,,,,,,,,,,,
37,,,19,329,,12.40,44.25,0,0.0,-5.250,0.000,5.35,0.000,98.27,1.00,0.52,-0.76,0.52,1.000,1.02,0.00,1.051,0.00,0.90,0.000,30.8,0.000,0.694,0.000,870,6.90,4.6,0.00,0.00,44.3,1,1,0,0,1,1,0,0,0,0,0,0,0,0,0,0,0,0,1,0,0,0,0,0,0,0,0,0,0,1,0,0,1,1,5155.7,0C,1,1,0,1,1,0,1,0,1,600.00,1017.31,,,,,,,,,,,,,,,,,,,,,,,,,,,,,,,,,,,,,,,,,,,,,,,,,,,,,,,,,,
38,,,19,748,,12.40,44.25,0,0.0,-5.250,0.000,3.69,0.000,98.27,1.00,0.52,-0.76,0.52,1.000,1.02,0.00,1.051,0.00,0.90,0.000,30.8,0.000,0.694,0.000,870,6.90,4.6,0.00,0.00,44.3,1,1,0,0,1,1,0,0,0,0,0,0,0,0,0,0,0,0,1,0,0,0,0,0,0,0,0,0,0,1,0,0,1,1,5155.7,0C,1,1,0,1,1,0,1,0,1,600.00,1017.38,,,,,,,,,,,,,,,,,,,,,,,,,,,,,,,,,,,,,,,,,,,,,,,,,,,,,,,,,,
39,,,20,140,,12.40,44.25,0,0.0,-5.250,0.000,6.62,0.000,98.27,1.00,0.51,-0.76,0.52,1.000,1.02,0.00,1.051,0.00,0.90,0.000,30.8,0.000,0.694,0.000,870,6.90,4.6,0.00,0.00,44.3,1,1,0,0,1,1,0,0,0,0,0,0,0,0,0,0,0,0,1,0,0,0,0,0,0,0,0,0,0,1,0,0,1,1,5155.7,0C,1,1,0,1,1,0,1,0,1,600.00,1017.31,,,,,,,,,,,,,,,,,,,,,,,,,,,,,,,,,,,,,,,,,,,,,,,,,,,,,,,,,,
40,,,20,528,,12.40,44.25,0,0.0,-5.250,0.000,6.62,0.000,98.27,1.00,0.52,-0.76,0.52,1.000,1.02,0.00,1.051,0.00,0.90,0.000,30.8,0.000,0.694,0.000,870,6.90,4.6,0.00,0.00,44.3,1,1,0,0,1,1,0,0,0,0,0,0,0,0,0,0,0,0,1,0,0,0,0,0,0,0,0,0,0,1,0,0,1,1,5155.7,0C,1,1,0,1,1,0,1,0,1,600.00,1017.38,,,,,,,,,,,,,,,,,,,,,,,,,,,,,,,,,,,,,,,,,,,,,,,,,,,,,,,,,,
41,,,20,931,,12.40,44.25,0,0.0,-5.250,0.000,6.62,0.000,98.27,1.00,0.51,-0.76,0.52,1.000,1.02,0.00,1.051,0.00,0.90,0.000,30.8,0.000,0.694,0.000,870,6.90,4.6,0.00,0.00,44.3,1,1,0,0,1,1,0,0,0,0,0,0,0,0,0,0,0,0,1,0,0,0,0,0,0,0,0,0,0,1,0,0,1,1,5155.7,0C,1,1,0,1,1,0,1,0,1,600.00,1017.25,,,,,,,,,,,,,,,,,,,,,,,,,,,,,,,,,,,,,,,,,,,,,,,,,,,,,,,,,,
42,,,21,333,,12.40,44.25,0,0.0,-5.250,0.000,6.62,0.000,98.27,1.00,0.51,-0.76,0.52,1.000,1.02,0.00,1.051,0.00,0.90,0.000,30.8,0.000,0.694,0.000,870,6.90,4.6,0.00,0.00,44.3,1,1,0,0,1,1,0,0,0,0,0,0,0,0,0,0,0,0,1,0,0,0,0,0,0,0,0,0,0,1,0,0,1,1,5155.7,0C,1,1,0,1,1,0,1,0,1,600.00,1017.38,,,,,,,,,,,,,,,,,,,,,,,,,,,,,,,,,,,,,,,,,,,,,,,,,,,,,,,,,,
43,,,21,718,,12.40,44.25,0,0.0,-5.250,0.000,6.62,0.000,98.27,1.00,0.51,-0.76,0.52,1.000,1.02,0.00,1.051,0.00,0.90,0.000,30.8,0.000,0.694,0.000,870,6.90,4.6,0.00,0.00,44.3,1,1,0,0,1,1,0,0,0,0,0,0,0,0,0,0,0,0,1,0,0,0,0,0,0,0,0,0,0,1,0,0,1,1,5155.7,0C,1,1,0,1,1,0,1,0,1,600.00,1017.25,,,,,,,,,,,,,,,,,,,,,,,,,,,,,,,,,,,,,,,,,,,,,,,,,,,,,,,,,,
44,,,22,106,,12.40,44.25,0,0.0,-5.250,0.000,6.62,0.000,98.27,1.00,0.52,-0.76,0.52,1.000,1.02,0.00,1.051,0.00,0.90,0.000,30.8,0.000,0.694,0.000,870,6.90,4.6,0.00,0.00,44.3,1,1,0,0,1,1,0,0,0,0,0,0,0,0,0,0,0,0,1,0,0,0,0,0,0,0,0,0,0,1,0,0,1,1,5155.7,0C,1,1,0,1,1,0,1,0,1,600.00,1017.13,,,,,,,,,,,,,,,,,,,,,,,,,,,,,,,,,,,,,,,,,,,,,,,,,,,,,,,,,,
45,,,22,488,,12.40,44.25,0,0.0,-5.250,0.000,6.62,0.000,98.30,1.00,0.52,-0.76,0.52,1.000,1.02,0.00,1.051,0.00,0.90,0.000,30.8,0.000,0.694,0.000,870,6.90,4.6,0.00,0.00,44.3,1,1,0,0,1,1,0,0,0,0,0,0,0,0,0,0,0,0,1,0,0,0,0,0,0,0,0,0,0,1,0,0,1,1,5155.7,0C,1,1,0,1,1,0,1,0,1,600.00,1017.31,,,,,,,,,,,,,,,,,,,,,,,,,,,,,,,,,,,,,,,,,,,,,,,,,,,,,,,,,,
46,,,22,880,,12.40,44.25,0,0.0,-5.250,0.000,6.62,0.000,98.27,1.00,0.51,-0.76,0.52,1.000,1.02,0.00,1.051,0.00,0.90,0.000,30.8,0.000,0.694,0.000,870,6.90,4.6,0.00,0.00,44.3,1,1,0,0,1,1,0,0,0,0,0,0,0,0,0,0,0,0,1,0,0,0,0,0,0,0,0,0,0,1,0,0,1,1,5155.7,0C,1,1,0,1,1,0,1,0,1,600.00,1017.38,,,,,,,,,,,,,,,,,,,,,,,,,,,,,,,,,,,,,,,,,,,,,,,,,,,,,,,,,,
47,,,23,304,,12.40,44.25,0,0.0,-5.250,0.000,6.62,0.000,98.27,1.00,0.51,-0.76,0.52,1.000,1.02,0.00,1.051,0.00,0.90,0.000,30.8,0.000,0.694,0.000,870,6.90,4.6,0.00,0.00,44.3,1,1,0,0,1,1,0,0,0,0,0,0,0,0,0,0,0,0,1,0,0,0,0,0,0,0,0,0,0,1,0,0,1,1,5155.7,0C,1,1,0,1,1,0,1,0,1,600.00,1017.56,,,,,,,,,,,,,,,,,,,,,,,,,,,,,,,,,,,,,,,,,,,,,,,,,,,,,,,,,,
48,,,23,741,,12.40,44.25,0,0.0,-5.250,0.000,6.62,0.000,98.27,1.00,0.51,-0.76,0.52,1.000,1.02,0.00,1.051,0.00,0.90,0.000,30.8,0.000,0.694,0.000,870,6.90,4.6,0.00,0.00,44.3,1,1,0,0,1,1,0,0,0,0,0,0,0,0,0,0,0,0,1,0,0,0,0,0,0,0,0,0,0,1,0,0,1,1,5155.7,0C,1,1,0,1,1,0,1,0,1,600.00,1017.44,,,,,,,,,,,,,,,,,,,,,,,,,,,,,,,,,,,,,,,,,,,,,,,,,,,,,,,,,,
49,,,24,140,,12.40,44.25,0,0.0,-5.250,0.000,6.62,0.000,98.27,1.00,0.51,-0.76,0.52,1.000,1.02,0.00,1.051,0.00,0.90,0.000,30.8,0.000,0.694,0.000,870,6.90,4.6,0.00,0.00,44.3,1,1,0,0,1,1,0,0,0,0,0,0,0,0,0,0,0,0,1,0,0,0,0,0,0,0,0,0,0,1,0,0,1,1,5155.7,0C,1,1,0,1,1,0,1,0,1,600.00,1017.31,,,,,,,,,,,,,,,,,,,,,,,,,,,,,,,,,,,,,,,,,,,,,,,,,,,,,,,,,,
50,,,26,587,,12.40,44.25,0,0.0,-5.250,0.000,6.62,0.000,98.27,1.00,0.51,-0.76,0.52,1.000,1.02,0.00,1.051,0.00,0.90,0.000,30.8,0.000,0.694,0.000,870,6.90,4.6,0.00,0.00,44.3,1,1,0,0,1,1,0,0,0,0,0,0,0,0,0,0,0,0,1,0,0,0,0,0,0,0,0,0,0,1,0,0,1,1,5155.7,0C,1,1,0,1,1,0,1,0,1,600.00,1017.56,,,,,,,,,,,,,,,,,,,,,,,,,,,,,,,,,,,,,,,,,,,,,,,,,,,,,,,,,,
51,,,26,997,,12.40,44.25,0,0.0,-5.250,0.000,6.62,0.000,98.27,1.00,0.51,-0.76,0.52,1.000,1.02,0.00,1.051,0.00,0.90,0.000,30.8,0.000,0.694,0.000,870,6.90,4.6,0.00,0.00,44.3,1,1,0,0,1,1,0,0,0,0,0,0,0,0,0,0,0,0,1,0,0,0,0,0,0,0,0,0,0,1,0,0,1,1,5155.7,0C,1,1,0,1,1,0,1,0,1,600.00,1017.38,,,,,,,,,,,,,,,,,,,,,,,,,,,,,,,,,,,,,,,,,,,,,,,,,,,,,,,,,,
52,,,27,379,,12.40,44.25,0,0.0,-5.250,0.000,6.62,0.000,98.30,1.00,0.52,-0.76,0.52,1.000,1.02,0.00,1.051,0.00,0.90,0.000,30.8,0.000,0.694,0.000,870,6.90,4.6,0.00,0.00,44.3,1,1,0,0,1,1,0,0,0,0,0,0,0,0,0,0,0,0,1,0,0,0,0,0,0,0,0,0,0,1,0,0,1,1,5155.7,0C,1,1,0,1,1,0,1,0,1,600.00,1017.31,,,,,,,,,,,,,,,,,,,,,,,,,,,,,,,,,,,,,,,,,,,,,,,,,,,,,,,,,,
53,,,27,779,,12.40,44.25,0,0.0,-5.250,0.000,6.62,0.000,98.30,1.00,0.51,-0.76,0.52,1.000,1.02,0.00,1.051,0.00,0.90,0.000,30.8,0.000,0.694,0.000,870,6.90,4.6,0.00,0.00,44.3,1,1,0,0,1,1,0,0,0,0,0,0,0,0,0,0,0,0,1,0,0,0,0,0,0,0,0,0,0,1,0,0,1,1,5155.7,0C,1,1,0,1,1,0,1,0,1,600.00,1017.25,,,,,,,,,,,,,,,,,,,,,,,,,,,,,,,,,,,,,,,,,,,,,,,,,,,,,,,,,,
54,,,28,168,,12.40,44.25,0,0.0,-5.250,0.000,6.62,0.000,98.30,1.00,0.52,-0.76,0.52,1.000,1.02,0.00,1.051,0.00,0.90,0.000,30.8,0.000,0.694,0.000,870,6.90,4.6,0.00,0.00,44.3,1,1,0,0,1,1,0,0,0,0,0,0,0,0,0,0,0,0,1,0,0,0,0,0,0,0,0,0,0,1,0,0,1,1,5155.7,0C,1,1,0,1,1,0,1,0,1,600.00,1017.38,,,,,,,,,,,,,,,,,,,,,,,,,,,,,,,,,,,,,,,,,,,,,,,,,,,,,,,,,,
55,,,28,566,,12.40,44.25,0,0.0,-5.250,0.000,6.62,0.000,98.30,1.00,0.51,-0.76,0.52,1.000,1.02,0.00,1.051,0.00,0.90,0.000,30.8,0.000,0.694,0.000,870,6.90,4.6,0.00,0.00,44.3,1,1,0,0,1,1,0,0,0,0,0,0,0,0,0,0,0,0,1,0,0,0,0,0,0,0,0,0,0,1,0,0,1,1,5155.7,0C,1,1,0,1,1,0,1,0,1,600.00,1017.38,,,,,,,,,,,,,,,,,,,,,,,,,,,,,,,,,,,,,,,,,,,,,,,,,,,,,,,,,,
56,,,28,967,,12.40,44.25,0,0.0,-5.250,0.000,6.62,0.000,98.30,1.00,0.51,-0.76,0.52,1.000,1.02,0.00,1.051,0.00,0.90,0.000,30.8,0.000,0.694,0.000,870,6.90,4.6,0.00,0.00,44.3,1,1,0,0,1,1,0,0,0,0,0,0,0,0,0,0,0,0,1,0,0,0,0,0,0,0,0,0,0,1,0,0,1,1,5155.7,0C,1,1,0,1,1,0,1,0,1,600.00,1017.25,,,,,,,,,,,,,,,,,,,,,,,,,,,,,,,,,,,,,,,,,,,,,,,,,,,,,,,,,,
57,,,29,352,,12.40,44.25,0,0.0,-5.250,0.000,6.62,0.000,98.30,1.00,0.52,-0.76,0.52,1.000,1.02,0.00,1.051,0.00,0.90,0.000,30.8,0.000,0.694,0.000,870,6.90,4.6,0.00,0.00,44.3,1,1,0,0,1,1,0,0,0,0,0,0,0,0,0,0,0,0,1,0,0,0,0,0,0,0,0,0,0,1,0,0,1,1,5155.7,0C,1,1,0,1,1,0,1,0,1,600.00,1017.31,,,,,,,,,,,,,,,,,,,,,,,,,,,,,,,,,,,,,,,,,,,,,,,,,,,,,,,,,,
58,,,29,750,,12.40,44.25,0,0.0,-5.250,0.000,6.62,0.000,98.30,1.00,0.52,-0.76,0.52,1.000,1.02,0.00,1.051,0.00,0.90,0.000,30.8,0.000,0.694,0.000,870,6.90,4.6,0.00,0.00,44.3,1,1,0,0,1,1,0,0,0,0,0,0,0,0,0,0,0,0,1,0,0,0,0,0,0,0,0,0,0,1,0,0,1,1,5155.7,0C,1,1,0,1,1,0,1,0,1,600.00,1017.44,,,,,,,,,,,,,,,,,,,,,,,,,,,,,,,,,,,,,,,,,,,,,,,,,,,,,,,,,,
59,,,30,140,,12.40,44.25,0,0.0,-5.250,0.000,6.62,0.000,98.30,1.00,0.51,-0.76,0.52,1.000,1.02,0.00,1.051,0.00,0.90,0.000,30.8,0.000,0.694,0.000,870,6.90,4.6,0.00,0.00,44.3,1,1,0,0,1,1,0,0,0,0,0,0,0,0,0,0,0,0,1,0,0,0,0,0,0,0,0,0,0,1,0,0,1,1,5155.7,0C,1,1,0,1,1,0,1,0,1,600.00,1017.44,,,,,,,,,,,,,,,,,,,,,,,,,,,,,,,,,,,,,,,,,,,,,,,,,,,,,,,,,,
60,,,30,541,,12.40,44.25,0,0.0,-5.250,0.000,6.62,0.000,98.27,1.00,0.52,-0.76,0.52,1.000,1.02,0.00,1.051,0.00,0.90,0.000,30.8,0.000,0.694,0.000,870,6.90,4.6,0.00,0.00,44.3,1,1,0,0,1,1,0,0,0,0,0,0,0,0,0,0,0,0,1,0,0,0,0,0,0,0,0,0,0,1,0,0,1,1,5155.7,0C,1,1,0,1,1,0,1,0,1,600.00,1017.38,,,,,,,,,,,,,,,,,,,,,,,,,,,,,,,,,,,,,,,,,,,,,,,,,,,,,,,,,,
61,,,30,931,,12.40,44.25,0,0.0,-5.250,0.000,6.62,0.000,98.30,1.00,0.51,-0.76,0.52,1.000,1.02,0.00,1.051,0.00,0.90,0.000,30.8,0.000,0.694,0.000,870,6.90,4.6,0.00,0.00,44.3,1,1,0,0,1,1,0,0,0,0,0,0,0,0,0,0,0,0,1,0,0,0,0,0,0,0,0,0,0,1,0,0,1,1,5155.7,0C,1,1,0,1,1,0,1,0,1,600.00,1017.38,,,,,,,,,,,,,,,,,,,,,,,,,,,,,,,,,,,,,,,,,,,,,,,,,,,,,,,,,,
62,,,31,340,,12.40,44.25,0,0.0,-5.250,0.000,6.62,0.000,98.30,1.00,0.51,-0.76,0.52,1.000,1.02,0.00,1.051,0.00,0.90,0.000,30.8,0.000,0.694,0.000,870,6.90,4.6,0.00,0.00,44.3,1,1,0,0,1,1,0,0,0,0,0,0,0,0,0,0,0,0,1,0,0,0,0,0,0,0,0,0,0,1,0,0,1,1,5155.7,0C,1,1,0,1,1,0,1,0,1,600.00,1017.25,,,,,,,,,,,,,,,,,,,,,,,,,,,,,,,,,,,,,,,,,,,,,,,,,,,,,,,,,,
63,,,31,840,,12.40,44.25,0,0.0,-5.250,0.000,6.62,0.000,98.30,1.00,0.51,-0.76,0.52,1.000,1.02,0.00,1.051,0.00,0.90,0.000,30.8,0.000,0.694,0.000,870,6.90,4.6,0.00,0.00,44.3,1,1,0,0,1,1,0,0,0,0,0,0,0,0,0,0,0,0,1,0,0,0,0,0,0,0,0,0,0,1,0,0,1,1,5155.7,0C,1,1,0,1,1,0,1,0,1,600.00,1016.75,,,,,,,,,,,,,,,,,,,,,,,,,,,,,,,,,,,,,,,,,,,,,,,,,,,,,,,,,,
64,,,32,250,,12.40,44.25,0,0.0,-5.250,0.000,6.62,0.000,98.30,1.00,0.51,-0.76,0.52,1.000,1.02,0.00,1.051,0.00,0.90,0.000,30.8,0.000,0.694,0.000,870,6.90,4.6,0.00,0.00,44.3,1,1,0,0,1,1,0,0,0,0,0,0,0,0,0,0,0,0,1,0,0,0,0,0,0,0,0,0,0,1,0,0,1,1,5155.7,0C,1,1,0,1,1,0,1,0,1,600.00,1017.31,,,,,,,,,,,,,,,,,,,,,,,,,,,,,,,,,,,,,,,,,,,,,,,,,,,,,,,,,,
65,,,32,666,,12.40,44.25,0,0.0,-5.250,0.000,6.62,0.000,98.30,1.00,0.52,-0.76,0.52,1.000,1.02,0.00,1.051,0.00,0.90,0.000,30.8,0.000,0.694,0.000,870,6.90,4.6,0.00,0.00,44.3,1,1,0,0,1,1,0,0,0,0,0,0,0,0,0,0,0,0,1,0,0,0,0,0,0,0,0,0,0,1,0,0,1,1,5155.7,0C,1,1,0,1,1,0,1,0,1,600.00,1017.25,,,,,,,,,,,,,,,,,,,,,,,,,,,,,,,,,,,,,,,,,,,,,,,,,,,,,,,,,,
66,,,33,050,,12.40,44.25,0,0.0,-5.250,0.000,6.62,0.000,98.30,1.00,0.51,-0.76,0.52,1.000,1.02,0.00,1.051,0.00,0.90,0.000,30.8,0.000,0.694,0.000,870,6.90,4.6,0.00,0.00,44.3,1,1,0,0,1,1,0,0,0,0,0,0,0,0,0,0,0,0,1,0,0,0,0,0,0,0,0,0,0,1,0,0,1,1,5155.7,0C,1,1,0,1,1,0,1,0,1,600.00,1017.25,,,,,,,,,,,,,,,,,,,,,,,,,,,,,,,,,,,,,,,,,,,,,,,,,,,,,,,,,,
67,,,33,458,,12.40,44.25,0,0.0,-5.250,0.000,6.62,0.000,98.30,1.00,0.51,-0.76,0.52,1.000,1.02,0.00,1.051,0.00,0.90,0.000,30.8,0.000,0.694,0.000,870,6.90,4.6,0.00,0.00,44.3,1,1,0,0,1,1,0,0,0,0,0,0,0,0,0,0,0,0,1,0,0,0,0,0,0,0,0,0,0,1,0,0,1,1,5155.7,0C,1,1,0,1,1,0,1,0,1,600.00,1017.25,,,,,,,,,,,,,,,,,,,,,,,,,,,,,,,,,,,,,,,,,,,,,,,,,,,,,,,,,,
68,,,33,851,,12.40,44.25,0,0.0,-5.250,0.000,6.62,0.000,98.30,1.00,0.51,-0.76,0.52,1.000,1.02,0.00,1.051,0.00,0.90,0.000,30.8,0.000,0.694,0.000,870,6.90,4.6,0.00,0.00,44.3,1,1,0,0,1,1,0,0,0,0,0,0,0,0,0,0,0,0,1,0,0,0,0,0,0,0,0,0,0,1,0,0,1,1,5155.7,0C,1,1,0,1,1,0,1,0,1,600.00,1017.25,,,,,,,,,,,,,,,,,,,,,,,,,,,,,,,,,,,,,,,,,,,,,,,,,,,,,,,,,,
69,,,34,249,,12.40,44.25,0,0.0,-5.250,0.000,6.62,0.000,98.30,1.00,0.52,-0.76,0.51,1.000,1.02,0.00,1.051,0.00,0.90,0.000,30.8,0.000,0.694,0.000,870,6.90,4.6,0.00,0.00,44.3,1,1,0,0,1,1,0,0,0,0,0,0,0,0,0,0,0,0,0,0,1,0,0,0,0,0,1,0,1,0,0,1,0,0,5471.8,92,0,1,0,1,0,1,1,1,1,1,1,,,,,,,,,,,,,,,,,,,,,,,,,,,,,,,,,,,,,,,,,,,,,,,,,,,,,,,,,,
70,,,34,674,,12.40,44.25,0,0.0,-5.250,0.000,6.62,0.000,98.30,1.00,0.51,-0.76,0.52,1.000,1.02,0.00,1.051,0.00,0.90,0.000,30.8,0.000,0.694,0.000,870,6.90,4.6,0.00,0.00,44.3,1,1,0,0,1,1,0,0,0,0,0,0,0,0,0,0,0,0,1,0,0,0,0,0,0,0,0,0,0,1,0,0,1,1,5155.7,0C,1,1,0,1,1,0,1,0,1,600.00,1017.25,,,,,,,,,,,,,,,,,,,,,,,,,,,,,,,,,,,,,,,,,,,,,,,,,,,,,,,,,,
71,,,35,088,,12.40,44.25,0,0.0,-5.250,0.000,6.62,0.000,98.30,1.00,0.51,-0.76,0.52,1.000,1.02,0.00,1.051,0.00,0.90,0.000,30.8,0.000,0.694,0.000,870,6.90,4.6,0.00,0.00,44.3,1,1,0,0,1,1,0,0,0,0,0,0,0,0,0,0,0,0,1,0,0,0,0,0,0,0,0,0,0,1,0,0,1,1,5155.7,0C,1,1,0,1,1,0,1,0,1,600.00,1017.38,,,,,,,,,,,,,,,,,,,,,,,,,,,,,,,,,,,,,,,,,,,,,,,,,,,,,,,,,,
72,,,35,479,,12.40,44.25,0,0.0,-5.250,0.000,6.62,0.000,98.30,1.00,0.51,-0.76,0.52,1.000,1.02,0.00,1.051,0.00,0.90,0.000,30.8,0.000,0.694,0.000,870,6.90,4.6,0.00,0.00,44.3,1,1,0,0,1,1,0,0,0,0,0,0,0,0,0,0,0,0,1,0,0,0,0,0,0,0,0,0,0,1,0,0,1,1,5155.7,0C,1,1,0,1,1,0,1,0,1,600.00,1017.00,,,,,,,,,,,,,,,,,,,,,,,,,,,,,,,,,,,,,,,,,,,,,,,,,,,,,,,,,,
73,,,35,886,,12.40,44.25,0,0.0,-5.250,0.000,6.62,0.000,98.30,1.00,0.51,-0.76,0.52,1.000,1.02,0.00,1.051,0.00,0.90,0.000,30.8,0.000,0.694,0.000,870,6.90,4.6,0.00,0.00,44.3,1,1,0,0,1,1,0,0,0,0,0,0,0,0,0,0,0,0,1,0,0,0,0,0,0,0,0,0,0,1,0,0,1,1,5155.7,0C,1,1,0,1,1,0,1,0,1,600.00,1017.06,,,,,,,,,,,,,,,,,,,,,,,,,,,,,,,,,,,,,,,,,,,,,,,,,,,,,,,,,,
74,,,36,286,,12.40,44.25,0,0.0,-5.250,0.000,6.62,0.000,98.30,1.00,0.51,-0.76,0.52,1.000,1.02,0.00,1.051,0.00,0.90,0.000,31.5,0.000,0.694,0.000,870,6.90,4.6,0.00,0.00,44.3,1,1,0,0,1,1,0,0,0,0,0,0,0,0,0,0,0,0,1,0,0,0,0,0,0,0,0,0,0,1,0,0,1,1,5155.7,0C,1,1,0,1,1,0,1,0,1,600.00,1017.31,,,,,,,,,,,,,,,,,,,,,,,,,,,,,,,,,,,,,,,,,,,,,,,,,,,,,,,,,,
75,,,36,676,,12.40,44.25,0,0.0,-5.250,0.000,6.62,0.000,98.30,1.00,0.51,-0.76,0.52,1.000,1.02,0.00,1.051,0.00,0.90,0.000,31.5,0.000,0.694,0.000,870,6.90,4.6,0.00,0.00,44.3,1,1,0,0,1,1,0,0,0,0,0,0,0,0,0,0,0,0,1,0,0,0,0,0,0,0,0,0,0,1,0,0,1,1,5155.7,0C,1,1,0,1,1,0,1,0,1,600.00,1017.31,,,,,,,,,,,,,,,,,,,,,,,,,,,,,,,,,,,,,,,,,,,,,,,,,,,,,,,,,,
76,,,37,066,,12.40,44.25,0,0.0,-5.250,0.000,6.62,0.000,98.30,1.00,0.51,-0.76,0.52,1.000,1.02,0.00,1.051,0.00,0.90,0.000,31.5,0.000,0.694,0.000,870,6.90,4.6,0.00,0.00,44.3,1,1,0,0,1,1,0,0,0,0,0,0,0,0,0,0,0,0,1,0,0,0,0,0,0,0,0,0,0,1,0,0,1,1,5155.7,0C,1,1,0,1,1,0,1,0,1,600.00,1017.31,,,,,,,,,,,,,,,,,,,,,,,,,,,,,,,,,,,,,,,,,,,,,,,,,,,,,,,,,,
77,,,37,456,,12.40,44.25,0,0.0,-5.250,0.000,6.62,0.000,98.30,1.00,0.52,-0.76,0.52,1.000,1.02,0.00,1.051,0.00,0.90,0.000,31.5,0.000,0.694,0.000,870,6.90,4.6,0.00,0.00,44.3,1,1,0,0,1,1,0,0,0,0,0,0,0,0,0,0,0,0,1,0,0,0,0,0,0,0,0,0,0,1,0,0,1,1,5155.7,0C,1,1,0,1,1,0,1,0,1,600.00,1017.38,,,,,,,,,,,,,,,,,,,,,,,,,,,,,,,,,,,,,,,,,,,,,,,,,,,,,,,,,,
78,,,37,837,,12.40,44.25,0,0.0,-5.250,0.000,6.62,0.000,98.30,1.00,0.52,-0.76,0.52,1.000,1.02,0.00,1.051,0.00,0.90,0.000,31.5,0.000,0.694,0.000,870,6.90,4.6,0.00,0.00,44.3,1,1,0,0,1,1,0,0,0,0,0,0,0,0,0,0,0,0,1,0,0,0,0,0,0,0,0,0,0,1,0,0,1,1,5155.7,0C,1,1,0,1,1,0,1,0,1,600.00,1017.31,,,,,,,,,,,,,,,,,,,,,,,,,,,,,,,,,,,,,,,,,,,,,,,,,,,,,,,,,,
79,,,38,235,,12.40,44.25,0,0.0,-5.250,0.000,6.62,0.000,98.30,1.00,0.52,-0.76,0.52,1.000,1.02,0.00,1.051,0.00,0.90,0.000,31.5,0.000,0.694,0.000,870,6.90,4.6,0.00,0.00,44.3,1,1,0,0,1,1,0,0,0,0,0,0,0,0,0,0,0,0,1,0,0,0,0,0,0,0,0,0,0,1,0,0,1,1,5155.7,0C,1,1,0,1,1,0,1,0,1,600.00,1017.44,,,,,,,,,,,,,,,,,,,,,,,,,,,,,,,,,,,,,,,,,,,,,,,,,,,,,,,,,,
80,,,38,609,,12.40,-47.25,960,0.0,12.000,160.563,3.13,39.960,620.98,0.50,0.00,-1.34,0.69,0.007,0.00,8.91,1.672,0.01,0.00,0.000,-48.0,48.055,0.047,0.750,2000,94.40,313.0,-78.89,29.30,-0.8,0,1,0,0,0,1,0,1,0,1,0,1,0,1,0,1,0,1,1,1,1,1,1,1,1,1,1,1,1,1,1,1,1,1,1,,,,,,,,,,,,,,,,,,,,,,,,,,,,,,,,,,,,,,,,,,,,,,,,,,,,,,,,,,,,,,,,,,,,,,
81,,,39,020,,12.40,44.25,0,0.0,-5.250,0.000,6.62,0.000,98.30,1.00,0.51,-0.76,0.52,1.000,1.02,0.00,1.051,0.00,0.90,0.000,31.5,0.000,0.694,0.000,870,6.90,4.6,0.00,0.00,44.3,1,1,0,0,1,1,0,0,0,0,0,0,0,0,0,0,0,0,1,0,0,0,0,0,0,0,0,0,0,1,0,0,1,1,5155.7,0C,1,1,0,1,1,0,1,0,1,600.00,1017.31,,,,,,,,,,,,,,,,,,,,,,,,,,,,,,,,,,,,,,,,,,,,,,,,,,,,,,,,,,
82,,,39,434,,12.40,44.25,0,0.0,-5.250,0.000,6.62,0.000,98.30,1.00,0.51,-0.76,0.52,1.000,1.02,0.00,1.051,0.00,0.90,0.000,31.5,0.000,0.694,0.000,870,6.90,4.6,0.00,0.00,44.3,1,1,0,0,1,1,0,0,0,0,0,0,0,0,0,0,0,0,1,0,0,0,0,0,0,0,0,0,0,1,0,0,1,1,5155.7,0C,1,1,0,1,1,0,1,0,1,600.00,1017.44,,,,,,,,,,,,,,,,,,,,,,,,,,,,,,,,,,,,,,,,,,,,,,,,,,,,,,,,,,
83,,,39,834,,12.40,44.25,0,0.0,-5.250,0.000,3.13,39.960,620.98,0.50,0.00,-1.34,0.69,0.007,0.00,0.04,0.000,0.01,0.45,0.187,-42.0,83.595,0.719,0.000,0,0.38,128.3,0.00,-43.38,112.5,0,1,0,0,0,1,0,1,1,1,1,1,0,1,1,0,0,1,0,0,1,0,0,0,0,0,1,0,1,0,0,1,0,0,5471.8,99,0,1,0,1,0,1,1,1,1,1,1,,,,,,,,,,,,,,,,,,,,,,,,,,,,,,,,,,,,,,,,,,,,,,,,,,,,,,,,,,
84,,,40,216,,12.40,44.25,0,0.0,-5.250,0.000,6.62,0.000,98.30,1.00,0.52,-0.76,0.52,1.000,1.02,0.00,1.051,0.00,0.90,0.000,31.5,0.000,0.694,0.000,870,6.90,4.6,0.00,0.00,44.3,1,1,0,0,1,1,0,0,0,0,0,0,0,0,0,0,0,0,1,0,0,0,0,0,0,0,0,0,0,1,0,0,1,1,5155.7,0C,1,1,0,1,1,0,1,0,1,600.00,1017.56,,,,,,,,,,,,,,,,,,,,,,,,,,,,,,,,,,,,,,,,,,,,,,,,,,,,,,,,,,
85,,,40,618,,12.40,44.25,0,0.0,-5.250,0.000,6.62,0.000,98.30,1.00,0.52,-0.76,0.52,1.000,1.02,0.00,1.051,0.00,0.90,0.000,31.5,0.000,0.694,0.000,870,6.90,4.6,0.00,0.00,44.3,1,1,0,0,1,1,0,0,0,0,0,0,0,0,0,0,0,0,1,0,0,0,0,0,0,0,0,0,0,1,0,0,1,1,5155.7,0C,1,1,0,1,1,0,1,0,1,600.00,1017.63,,,,,,,,,,,,,,,,,,,,,,,,,,,,,,,,,,,,,,,,,,,,,,,,,,,,,,,,,,
86,,,41,000,,12.40,44.25,0,0.0,-5.250,0.000,6.62,0.000,98.30,1.00,0.52,-0.76,0.52,1.000,1.02,0.00,1.051,0.00,0.90,0.000,31.5,0.000,0.694,0.000,870,6.90,4.6,0.00,0.00,44.3,1,1,0,0,1,1,0,0,0,0,0,0,0,0,0,0,0,0,1,0,0,0,0,0,0,0,0,0,0,1,0,0,1,1,5155.7,0C,1,1,0,1,1,0,1,0,1,600.00,1017.25,,,,,,,,,,,,,,,,,,,,,,,,,,,,,,,,,,,,,,,,,,,,,,,,,,,,,,,,,,
87,,,41,390,,12.40,44.25,0,0.0,-5.250,0.000,6.62,0.000,98.30,1.00,0.51,-0.76,0.52,1.000,1.02,0.00,1.051,0.00,0.90,0.000,31.5,0.000,0.694,0.000,870,6.90,4.6,0.00,0.00,44.3,1,1,0,0,1,1,0,0,0,0,0,0,0,0,0,0,0,0,1,0,0,0,0,0,0,0,0,0,0,1,0,0,1,1,5155.7,0C,1,1,0,1,1,0,1,0,1,600.00,1017.31,,,,,,,,,,,,,,,,,,,,,,,,,,,,,,,,,,,,,,,,,,,,,,,,,,,,,,,,,,
88,,,41,787,,12.40,44.25,0,0.0,-5.250,0.000,6.62,0.000,98.30,1.00,0.52,-0.76,0.52,1.000,1.02,0.00,1.051,0.00,0.90,0.000,31.5,0.000,0.694,0.000,870,6.90,4.6,0.00,0.00,44.3,1,1,0,0,1,1,0,0,0,0,0,0,0,0,0,0,0,0,1,0,0,0,0,0,0,0,0,0,0,1,0,0,1,1,5155.7,0C,1,1,0,1,1,0,1,0,1,600.00,1017.56,,,,,,,,,,,,,,,,,,,,,,,,,,,,,,,,,,,,,,,,,,,,,,,,,,,,,,,,,,
89,,,42,205,,12.40,44.25,0,0.0,-5.250,0.000,6.62,0.000,98.30,1.00,0.52,-0.76,0.52,1.000,1.02,0.00,1.051,0.00,0.90,0.000,31.5,0.000,0.694,0.000,870,6.90,4.6,0.00,0.00,44.3,1,1,0,0,1,1,0,0,0,0,0,0,0,0,0,0,0,0,1,0,0,0,0,0,0,0,0,0,0,1,0,0,1,1,5155.7,0C,1,1,0,1,1,0,1,0,1,600.00,1017.44,,,,,,,,,,,,,,,,,,,,,,,,,,,,,,,,,,,,,,,,,,,,,,,,,,,,,,,,,,
90,,,42,605,,12.40,44.25,0,0.0,-5.250,0.000,6.62,0.000,98.30,1.00,0.52,-0.76,0.52,1.000,1.02,0.00,1.051,0.00,0.90,0.000,31.5,0.000,0.694,0.000,870,6.90,4.6,0.00,0.00,44.3,1,1,0,0,1,1,0,0,0,0,0,0,0,0,0,0,0,0,1,0,0,0,0,0,0,0,0,0,0,1,0,0,1,1,5155.7,0C,1,1,0,1,1,0,1,0,1,600.00,1017.31,,,,,,,,,,,,,,,,,,,,,,,,,,,,,,,,,,,,,,,,,,,,,,,,,,,,,,,,,,
91,,,43,022,,12.40,44.25,0,0.0,-5.250,0.000,6.62,0.000,98.30,1.00,0.51,-0.76,0.51,1.000,1.02,0.00,1.051,0.00,0.90,0.000,31.5,0.000,0.694,0.000,870,6.90,4.6,0.00,0.00,44.3,1,1,0,0,1,1,0,0,0,0,0,0,0,0,0,0,0,0,1,0,0,0,0,0,0,0,0,0,0,1,0,0,1,1,5155.7,0C,1,1,0,1,1,0,1,0,1,600.00,1017.25,,,,,,,,,,,,,,,,,,,,,,,,,,,,,,,,,,,,,,,,,,,,,,,,,,,,,,,,,,
92,,,43,511,,12.40,44.25,0,0.0,-5.250,0.000,6.62,0.000,98.30,1.00,0.51,-0.76,0.52,1.000,1.02,0.00,1.051,0.00,0.90,0.000,31.5,0.000,0.694,0.000,870,6.90,4.6,0.00,0.00,44.3,1,1,0,0,1,1,0,0,0,0,0,0,0,0,0,0,0,0,1,0,0,0,0,0,0,0,0,0,0,1,0,0,1,1,5155.7,0C,1,1,0,1,1,0,1,0,1,600.00,1017.13,,,,,,,,,,,,,,,,,,,,,,,,,,,,,,,,,,,,,,,,,,,,,,,,,,,,,,,,,,
93,,,43,908,,12.40,44.25,0,0.0,-5.250,0.000,6.62,0.000,98.30,1.00,0.51,-0.76,0.52,1.000,1.02,0.00,1.051,0.00,0.90,0.000,31.5,0.000,0.694,0.000,870,6.90,4.6,0.00,0.00,44.3,1,1,0,0,1,1,0,0,0,0,0,0,0,0,0,0,0,0,1,0,0,0,0,0,0,0,0,0,0,1,0,0,1,1,5155.7,0C,1,1,0,1,1,0,1,0,1,600.00,1017.44,,,,,,,,,,,,,,,,,,,,,,,,,,,,,,,,,,,,,,,,,,,,,,,,,,,,,,,,,,
94,,,44,288,,12.40,44.25,0,0.0,-5.250,0.000,6.62,0.000,98.27,1.00,0.52,-0.76,0.52,1.000,1.02,0.00,1.051,0.00,0.90,0.000,31.5,0.000,0.694,0.000,870,6.90,4.6,0.00,0.00,44.3,1,1,0,0,1,1,0,0,0,0,0,0,0,0,0,0,0,0,1,0,0,0,0,0,0,0,0,0,0,1,0,0,1,1,5155.7,0C,1,1,0,1,1,0,1,0,1,600.00,1017.44,,,,,,,,,,,,,,,,,,,,,,,,,,,,,,,,,,,,,,,,,,,,,,,,,,,,,,,,,,
95,,,44,678,,12.40,44.25,0,0.0,-5.250,0.000,6.62,0.000,98.27,1.00,0.51,-0.76,0.52,1.000,1.02,0.00,1.051,0.00,0.90,0.000,31.5,0.000,0.694,0.000,870,6.90,4.6,0.00,0.00,44.3,1,1,0,0,1,1,0,0,0,0,0,0,0,0,0,0,0,0,1,0,0,0,0,0,0,0,0,0,0,1,0,0,1,1,5155.7,0C,1,1,0,1,1,0,1,0,1,600.00,1017.44,,,,,,,,,,,,,,,,,,,,,,,,,,,,,,,,,,,,,,,,,,,,,,,,,,,,,,,,,,
96,,,45,090,,12.40,44.25,0,0.0,-5.250,0.000,6.62,0.000,98.27,1.00,0.52,-0.76,0.52,1.000,1.02,0.00,1.051,0.00,0.90,0.000,31.5,0.000,0.694,0.000,870,6.90,4.6,0.00,0.00,44.3,1,1,0,0,1,1,0,0,0,0,0,0,0,0,0,0,0,0,1,0,0,0,0,0,0,0,0,0,0,1,0,0,1,1,5155.7,0C,1,1,0,1,1,0,1,0,1,600.00,1017.31,,,,,,,,,,,,,,,,,,,,,,,,,,,,,,,,,,,,,,,,,,,,,,,,,,,,,,,,,,
97,,,45,479,,12.40,44.25,0,0.0,-5.250,0.000,6.62,0.000,98.27,1.00,0.51,-0.76,0.52,1.000,1.02,0.00,1.051,0.00,0.90,0.000,31.5,0.000,0.694,0.000,870,6.90,4.6,0.00,0.00,44.3,1,1,0,0,1,1,0,0,0,0,0,0,0,0,0,0,0,0,1,0,0,0,0,0,0,0,0,0,0,1,0,0,1,1,5155.7,0C,1,1,0,1,1,0,1,0,1,600.00,1017.38,,,,,,,,,,,,,,,,,,,,,,,,,,,,,,,,,,,,,,,,,,,,,,,,,,,,,,,,,,
98,,,45,888,,12.40,44.25,0,0.0,-5.250,0.000,6.62,0.000,98.30,1.00,0.52,-0.76,0.52,1.000,1.02,0.00,1.051,0.00,0.90,0.000,31.5,0.000,0.694,0.000,870,6.90,4.6,0.00,0.00,44.3,1,1,0,0,1,1,0,0,0,0,0,0,0,0,0,0,0,0,1,0,0,0,0,0,0,0,0,0,0,1,0,0,1,1,5155.7,0C,1,1,0,1,1,0,1,0,1,600.00,1017.44,,,,,,,,,,,,,,,,,,,,,,,,,,,,,,,,,,,,,,,,,,,,,,,,,,,,,,,,,,
99,,,46,279,,12.40,44.25,0,0.0,-5.250,0.000,6.62,0.000,98.30,1.00,0.51,-0.76,0.52,1.000,1.02,0.00,1.051,0.00,0.90,0.000,31.5,0.000,0.694,0.000,870,6.90,4.6,0.00,0.00,44.3,1,1,0,0,1,1,0,0,0,0,0,0,0,0,0,0,0,0,1,0,0,0,0,0,0,0,0,0,0,1,0,0,1,1,5155.7,0C,1,1,0,1,1,0,1,0,1,600.00,1017.38,,,,,,,,,,,,,,,,,,,,,,,,,,,,,,,,,,,,,,,,,,,,,,,,,,,,,,,,,,
100,,,46,714,,12.40,44.25,0,0.0,-5.250,0.000,6.62,0.000,98.30,1.00,0.51,-0.76,0.52,1.000,1.02,0.00,1.051,0.00,0.90,0.000,31.5,0.000,0.694,0.000,870,6.90,4.6,0.00,0.00,44.3,1,1,0,0,1,1,0,0,0,0,0,0,0,0,0,0,0,0,1,0,0,0,0,0,0,0,0,0,0,1,0,0,1,1,5155.7,0C,1,1,0,1,1,0,1,0,1,600.00,1017.31,,,,,,,,,,,,,,,,,,,,,,,,,,,,,,,,,,,,,,,,,,,,,,,,,,,,,,,,,,
101,,,47,118,,12.40,44.25,0,0.0,-5.250,0.000,6.69,0.000,98.30,1.00,0.51,-0.76,0.52,1.000,1.02,0.00,1.051,0.00,0.90,0.000,31.5,0.000,0.694,0.000,870,6.90,4.6,0.00,0.00,44.3,1,1,0,0,1,1,0,0,0,0,0,0,0,0,0,0,0,0,1,0,0,0,0,0,0,0,0,0,0,1,0,0,1,1,5155.7,0C,1,1,0,1,1,0,1,0,1,600.00,1017.25,,,,,,,,,,,,,,,,,,,,,,,,,,,,,,,,,,,,,,,,,,,,,,,,,,,,,,,,,,
102,,,49,572,,12.40,44.25,0,0.0,-5.250,0.000,6.62,0.000,98.30,1.00,0.51,-0.76,0.52,1.000,1.02,0.00,1.051,0.00,0.90,0.000,31.5,0.000,0.694,0.000,870,6.90,4.6,0.00,0.00,44.3,1,1,0,0,1,1,0,0,0,0,0,0,0,0,0,0,0,0,1,0,0,0,0,0,0,0,0,0,0,1,0,0,1,1,5155.7,0C,1,1,0,1,1,0,1,0,1,600.00,1017.44,,,,,,,,,,,,,,,,,,,,,,,,,,,,,,,,,,,,,,,,,,,,,,,,,,,,,,,,,,
103,,,49,981,,10.70,44.25,135,0.0,-5.250,16.499,253.13,39.960,620.98,0.50,0.00,-1.34,0.69,0.007,0.00,0.04,0.000,0.01,0.45,0.187,-42.0,83.595,0.719,0.000,0,0.38,128.3,0.78,-43.38,112.5,0,1,0,0,0,1,0,1,1,1,1,1,0,1,1,0,0,1,0,0,1,0,0,0,0,0,1,1,0,1,1,0,0,0,1674.2,71,0,1,0,1,0,1,1,1,1,1,1,,,,,,,,,,,,,,,,,,,,,,,,,,,,,,,,,,,,,,,,,,,,,,,,,,,,,,,,,,
104,,,50,475,,11.10,44.25,231,0.0,-5.250,15.014,4.86,0.000,60.91,1.00,0.51,-0.76,0.52,1.000,1.02,0.00,1.051,0.00,0.90,0.000,31.5,0.000,0.694,0.000,870,6.90,4.6,0.00,0.00,44.3,1,1,0,0,1,1,0,0,0,0,1,0,0,0,0,0,0,0,1,0,0,0,0,0,0,0,0,0,0,1,0,0,1,1,5155.7,0C,1,1,0,1,1,0,1,0,1,340.25,834.88,,,,,,,,,,,,,,,,,,,,,,,,,,,,,,,,,,,,,,,,,,,,,,,,,,,,,,,,,,
105,,,50,910,,12.10,-48.00,12736,0.0,3.750,42.605,90.63,39.960,620.98,0.50,0.00,-1.33,0.77,0.007,0.00,0.04,0.000,0.01,0.45,0.187,-42.0,83.204,0.719,0.000,2540,-33.22,128.3,0.78,-43.38,112.5,0,1,0,0,0,1,0,1,1,1,1,1,0,1,1,0,0,1,1,1,1,1,1,1,1,1,1,1,1,1,1,1,1,1,1,,,,,,,,,,,,,,,,,,,,,,,,,,,,,,,,,,,,,,,,,,,,,,,,,,,,,,,,,,,,,,,,,,,,,,
106,,,51,344,,12.30,44.25,1105,0.0,9.000,4.947,4.86,0.000,25.92,0.50,0.00,-1.31,0.94,0.007,0.08,-3.54,0.000,0.01,0.45,0.187,-42.0,82.814,0.719,18.000,2550,33.97,128.3,0.78,-49.63,112.5,0,1,0,0,0,1,0,1,1,1,1,1,0,1,1,0,0,1,0,0,0,0,0,0,0,0,1,0,0,1,0,0,0,0,6831.3,6F,0,1,0,1,0,1,1,1,1,1,1,,,,,,,,,,,,,,,,,,,,,,,,,,,,,,,,,,,,,,,,,,,,,,,,,,,,,,,,,,
107,,,51,768,,12.50,44.25,1052,0.0,9.750,4.723,4.79,0.000,24.98,1.00,0.51,-0.76,0.52,1.000,1.02,0.00,1.020,0.00,0.90,3.227,30.8,0.000,0.694,0.000,870,6.89,4.6,0.39,-0.40,44.3,1,1,0,0,1,1,0,0,0,0,1,0,0,0,0,0,0,0,1,0,0,0,0,0,0,0,0,0,0,0,0,0,1,1,5155.7,0C,1,1,0,1,1,0,1,0,0,153.00,453.88,,,,,,,,,,,,,,,,,,,,,,,,,,,,,,,,,,,,,,,,,,,,,,,,,,,,,,,,,,
108,,,52,191,,12.80,44.25,1011,0.0,7.500,4.320,4.37,0.000,24.45,1.00,0.51,-0.76,0.52,1.000,1.02,0.00,1.016,0.00,0.90,2.182,30.0,0.000,0.694,0.000,870,6.89,4.6,0.58,-0.24,44.3,1,1,0,0,1,1,0,0,0,0,1,0,0,0,0,0,0,0,1,0,0,0,0,0,0,0,0,0,0,0,0,0,1,1,5155.7,0C,1,1,0,1,1,0,1,0,0,147.75,445.25,,,,,,,,,,,,,,,,,,,,,,,,,,,,,,,,,,,,,,,,,,,,,,,,,,,,,,,,,,
109,,,52,634,,13.10,-48.00,11264,0.0,2.250,414.515,1071.88,40.351,620.98,0.50,0.00,-1.30,0.65,0.007,0.05,-0.88,0.000,0.01,0.45,0.187,-42.0,81.251,0.719,-9.750,2550,-41.81,128.3,0.78,-49.63,112.5,0,1,0,0,0,1,0,1,1,1,1,1,0,1,1,0,0,1,0,0,0,0,0,0,0,0,1,0,0,1,0,0,0,0,1156.5,CB,0,1,0,1,0,1,1,1,1,1,1,,,,,,,,,,,,,,,,,,,,,,,,,,,,,,,,,,,,,,,,,,,,,,,,,,,,,,,,,,
110,,,53,099,,13.60,44.25,949,0.0,12.750,4.339,4.25,0.000,23.95,1.00,0.51,-0.76,0.52,1.000,1.02,0.00,1.019,0.00,0.90,1.929,30.0,0.000,0.694,0.000,870,6.88,4.6,0.89,-0.08,44.3,1,1,0,0,1,1,0,0,0,0,1,0,0,0,0,0,0,0,1,0,0,0,0,0,0,0,0,0,0,0,0,0,1,1,5155.7,0C,1,1,0,1,1,0,1,0,0,146.88,448.50,,,,,,,,,,,,,,,,,,,,,,,,,,,,,,,,,,,,,,,,,,,,,,,,,,,,,,,,,,
111,,,53,488,,13.90,44.25,931,0.0,12.000,4.422,4.25,0.000,24.26,1.00,0.51,-0.76,0.52,1.000,1.02,0.00,1.017,0.00,0.90,1.929,30.0,0.000,0.694,0.000,870,6.88,4.6,1.00,-0.04,44.3,1,1,0,0,1,1,0,0,0,0,1,0,0,0,0,0,0,0,1,0,0,0,0,0,0,0,0,0,0,0,0,0,1,1,5155.7,0C,1,1,0,1,1,0,1,0,0,149.75,454.69,,,,,,,,,,,,,,,,,,,,,,,,,,,,,,,,,,,,,,,,,,,,,,,,,,,,,,,,,,
112,,,53,899,,14.00,44.25,914,0.0,10.500,4.493,4.25,0.000,24.82,1.00,0.51,-0.76,0.52,1.000,1.02,0.00,1.016,0.00,0.90,1.929,29.3,0.000,0.694,0.000,870,6.88,4.6,1.09,-0.02,44.3,1,1,0,0,1,1,0,0,0,0,1,0,0,0,0,0,0,0,1,0,0,0,0,0,0,0,0,0,0,0,0,0,1,1,5155.7,0C,1,1,0,1,1,0,1,0,0,152.44,459.38,,,,,,,,,,,,,,,,,,,,,,,,,,,,,,,,,,,,,,,,,,,,,,,,,,,,,,,,,,
113,,,54,288,,14.00,44.25,906,0.0,8.250,4.499,4.17,0.000,25.01,1.00,0.51,-0.76,0.52,1.000,1.02,0.00,1.016,0.00,0.90,1.980,29.3,0.000,0.694,0.000,870,6.88,4.6,1.14,-0.02,44.3,1,1,0,0,1,1,0,0,0,0,1,0,0,0,0,0,0,0,1,0,0,0,0,0,0,0,0,0,0,0,0,0,1,1,5155.7,0C,1,1,0,1,1,0,1,0,0,153.88,463.25,,,,,,,,,,,,,,,,,,,,,,,,,,,,,,,,,,,,,,,,,,,,,,,,,,,,,,,,,,
114,,,54,710,,14.00,44.25,905,0.0,6.000,4.582,4.25,0.000,25.31,1.00,0.52,-0.76,0.52,1.000,1.02,0.00,1.017,0.00,0.90,1.980,29.3,0.000,0.694,0.000,870,6.88,4.6,1.15,-0.03,44.3,1,1,0,0,1,1,0,0,0,0,1,0,0,0,0,0,0,0,1,0,0,0,0,0,0,0,0,0,0,0,0,0,1,1,5155.7,0C,1,1,0,1,1,0,1,0,0,154.31,466.69,,,,,,,,,,,,,,,,,,,,,,,,,,,,,,,,,,,,,,,,,,,,,,,,,,,,,,,,,,
115,,,55,140,,14.00,-48.00,10944,0.0,3.000,81.920,406.25,0.198,252.00,0.79,0.52,0.00,0.00,0.347,0.00,8.91,1.609,0.01,0.00,0.963,42.0,83.613,0.916,0.000,90,-65.54,1271.4,-199.48,-199.48,-199.48,-199.48,-199.48,-199.48,-199.48,-199.48,-199.48,-199.48,-199.48,-199.48,-199.48,-199.48,-199.48,-199.48,-199.48,-199.48,-199.48,-199.48,-199.48,-199.48,-199.48,-199.48,-199.48,-199.48,-199.48,-199.48,-199.48,-199.48,-199.48,-199.48,-199.48,-199.48,-199.48,-199.48,-199.48,-199.48,,,,,,,,,,,,,,,,,,,,,,,,,,,,,,,,,,,,,,,,,,,,,,,,,,,,,,,,,,,,,,,,,,,,,,
116,,,55,567,,14.00,44.25,898,0.0,6.000,4.269,4.17,0.000,25.20,1.00,0.51,-0.76,0.52,1.000,1.02,0.00,1.017,0.00,0.90,1.810,29.3,0.000,0.694,0.000,870,6.88,4.6,1.12,0.00,44.3,1,1,0,0,1,1,0,0,0,0,1,0,0,0,0,0,0,0,1,0,0,0,0,0,0,0,0,0,0,0,0,0,1,1,5155.7,0C,1,1,0,1,1,0,1,0,0,154.69,467.56,,,,,,,,,,,,,,,,,,,,,,,,,,,,,,,,,,,,,,,,,,,,,,,,,,,,,,,,,,
117,,,55,971,,14.00,44.25,903,0.0,3.750,4.256,4.13,0.000,25.03,1.00,0.51,-0.76,0.51,1.000,1.02,0.00,1.016,0.00,0.90,1.871,29.3,0.000,0.694,0.000,870,6.88,4.6,1.04,-0.01,44.3,1,1,0,0,1,1,0,0,0,0,1,0,0,0,0,0,0,0,1,0,0,0,0,0,0,0,0,0,0,0,0,0,1,1,5155.7,0C,1,1,0,1,1,0,1,0,0,152.63,463.38,,,,,,,,,,,,,,,,,,,,,,,,,,,,,,,,,,,,,,,,,,,,,,,,,,,,,,,,,,
118,,,56,378,,14.00,44.25,889,0.0,8.250,4.026,4.13,0.000,24.61,1.00,0.51,-0.76,0.52,1.000,1.02,0.00,1.015,0.00,0.90,1.871,29.3,0.000,0.694,0.000,870,6.88,4.6,1.00,0.00,44.3,1,1,0,0,1,1,0,0,0,0,1,0,0,0,0,0,0,0,1,0,0,0,0,0,0,0,0,0,0,0,0,0,1,1,5155.7,0C,1,1,0,1,1,0,1,0,0,151.44,465.38,,,,,,,,,,,,,,,,,,,,,,,,,,,,,,,,,,,,,,,,,,,,,,,,,,,,,,,,,,
119,,,56,768,,14.00,44.25,886,0.0,6.000,4.154,4.13,0.000,24.80,1.00,0.51,-0.76,0.52,1.000,1.02,0.00,1.015,0.00,0.90,1.871,29.3,0.000,0.694,0.000,870,6.88,4.6,0.97,0.00,44.3,1,1,0,0,1,1,0,0,0,0,1,0,0,0,0,0,0,0,1,0,0,0,0,0,0,0,0,0,0,0,0,0,1,1,5155.7,0C,1,1,0,1,1,0,1,0,0,150.88,466.88,,,,,,,,,,,,,,,,,,,,,,,,,,,,,,,,,,,,,,,,,,,,,,,,,,,,,,,,,,
120,,,57,167,,14.00,44.25,883,0.0,6.750,4.064,4.13,0.000,24.73,1.00,0.52,-0.76,0.52,1.000,1.02,0.00,1.015,0.00,0.90,1.656,29.3,0.000,0.694,0.000,870,6.88,4.6,0.93,0.00,44.3,1,1,0,0,1,1,0,0,0,0,1,0,0,0,0,0,0,0,1,0,0,0,0,0,0,0,0,0,0,0,0,0,1,1,5155.7,0C,1,1,0,1,1,0,1,0,0,150.38,466.50,,,,,,,,,,,,,,,,,,,,,,,,,,,,,,,,,,,,,,,,,,,,,,,,,,,,,,,,,,
121,,,57,559,,14.00,44.25,887,0.0,6.000,4.134,4.13,0.000,24.75,1.00,0.52,-0.76,0.52,1.000,1.02,0.00,1.015,0.00,0.90,1.656,29.3,0.000,0.694,0.000,870,6.88,4.6,0.89,0.00,44.3,1,1,0,0,1,1,0,0,0,0,1,0,0,0,0,0,0,0,1,0,0,0,0,0,0,0,0,0,0,0,0,0,1,1,5155.7,0C,1,1,0,1,1,0,1,0,0,152.44,464.06,,,,,,,,,,,,,,,,,,,,,,,,,,,,,,,,,,,,,,,,,,,,,,,,,,,,,,,,,,
122,,,57,986,,14.00,44.25,887,0.0,5.250,4.070,4.05,0.000,24.63,1.00,0.52,-0.76,0.52,1.000,1.02,0.00,1.015,0.00,0.90,1.705,29.3,0.000,0.694,0.000,870,6.88,4.5,0.83,0.00,44.3,1,1,0,0,1,1,0,0,0,0,1,0,0,0,0,0,0,0,1,0,0,0,0,0,0,0,0,0,0,0,0,0,1,1,5155.7,0C,1,1,0,1,1,0,1,0,0,149.94,463.63,,,,,,,,,,,,,,,,,,,,,,,,,,,,,,,,,,,,,,,,,,,,,,,,,,,,,,,,,,
123,,,58,387,,14.00,44.25,889,0.0,3.750,4.032,4.05,0.000,24.49,1.00,0.52,-0.76,0.51,1.000,1.02,0.00,1.015,0.00,0.90,1.705,29.3,0.000,0.694,0.000,870,6.88,4.5,0.78,0.00,44.3,1,1,0,0,1,1,0,0,0,0,1,0,0,0,0,0,0,0,1,0,0,0,0,0,0,0,0,0,0,0,0,0,1,1,5155.7,0C,1,1,0,1,1,0,1,0,0,149.50,462.50,,,,,,,,,,,,,,,,,,,,,,,,,,,,,,,,,,,,,,,,,,,,,,,,,,,,,,,,,,
124,,,58,771,,14.00,44.25,888,0.0,5.250,4.090,4.00,0.000,24.75,1.00,0.51,-0.76,0.52,1.000,1.02,0.00,1.015,0.00,0.90,1.705,29.3,0.000,0.694,0.000,870,6.88,4.5,0.72,0.00,44.3,1,1,0,0,1,1,0,0,0,0,1,0,0,0,0,0,0,0,1,0,0,0,0,0,0,0,0,0,0,0,0,0,1,1,5155.7,0C,1,1,0,1,1,0,1,0,0,149.63,462.63,,,,,,,,,,,,,,,,,,,,,,,,,,,,,,,,,,,,,,,,,,,,,,,,,,,,,,,,,,
125,,,59,147,,14.00,-48.00,10624,0.0,3.000,22.938,978.13,39.960,620.98,0.50,0.00,-1.30,0.17,0.007,0.05,2.60,0.000,0.01,0.45,0.187,-42.0,80.079,0.703,-28.500,0,0.38,128.3,0.78,-49.63,112.5,0,1,0,0,0,1,0,1,1,1,1,1,0,1,1,0,0,1,1,1,1,1,1,1,1,1,1,1,1,1,1,1,1,1,1,,,,,,,,,,,,,,,,,,,,,,,,,,,,,,,,,,,,,,,,,,,,,,,,,,,,,,,,,,,,,,,,,,,,,,
126,,,59,538,,14.00,44.25,884,0.0,6.750,3.898,4.05,0.000,24.35,1.00,0.52,-0.76,0.52,1.000,1.02,0.00,1.016,0.00,0.90,1.705,29.3,0.000,0.694,0.000,870,6.88,4.5,0.61,0.00,44.3,1,1,0,0,1,1,0,0,0,0,1,0,0,0,0,0,0,0,1,0,0,0,0,0,0,0,0,0,0,0,0,0,1,1,5155.7,0C,1,1,0,1,1,0,1,0,0,147.06,461.25,,,,,,,,,,,,,,,,,,,,,,,,,,,,,,,,,,,,,,,,,,,,,,,,,,,,,,,,,,
127,,,62,065,,14.00,44.25,880,0.0,6.000,3.795,3.88,0.000,23.34,1.00,0.51,-0.76,0.52,1.000,1.02,0.00,1.024,0.00,0.90,1.447,29.3,0.000,0.694,0.000,870,6.88,4.5,0.43,0.00,44.3,1,1,0,0,1,1,0,0,0,0,1,0,0,0,0,0,0,0,1,0,0,0,0,0,0,0,0,0,0,0,0,0,1,1,5155.7,0C,1,1,0,1,1,0,1,0,0,143.13,452.50,,,,,,,,,,,,,,,,,,,,,,,,,,,,,,,,,,,,,,,,,,,,,,,,,,,,,,,,,,
128,,,62,468,,14.00,44.25,874,0.0,8.250,3.584,3.88,0.000,22.90,1.00,0.52,-0.76,0.52,1.000,1.02,0.00,1.027,0.00,0.90,1.447,29.3,0.000,0.694,0.000,870,6.88,4.5,0.41,0.00,44.3,1,1,0,0,1,1,0,0,0,0,1,0,0,0,0,0,0,0,1,0,0,0,0,0,0,0,0,0,0,0,0,0,1,1,5155.7,0C,1,1,0,1,1,0,1,0,0,142.00,452.94,,,,,,,,,,,,,,,,,,,,,,,,,,,,,,,,,,,,,,,,,,,,,,,,,,,,,,,,,,
129,,,62,849,,14.00,44.25,880,0.0,5.250,3.738,3.88,0.000,23.23,1.00,0.52,-0.76,0.52,1.000,1.02,0.00,1.025,0.00,0.90,1.447,29.3,0.000,0.694,0.000,870,6.88,4.5,0.37,0.00,44.3,1,1,0,0,1,1,0,0,0,0,1,0,0,0,0,0,0,0,1,0,0,0,0,0,0,0,0,0,0,0,0,0,1,1,5155.7,0C,1,1,0,1,1,0,1,0,0,141.63,451.81,,,,,,,,,,,,,,,,,,,,,,,,,,,,,,,,,,,,,,,,,,,,,,,,,,,,,,,,,,
130,,,63,230,,14.00,44.25,878,0.0,8.250,3.686,3.88,0.000,23.11,1.00,0.52,-0.76,0.52,1.000,1.02,0.00,1.026,0.00,0.90,1.552,29.3,0.000,0.694,0.000,870,6.88,4.5,0.34,0.00,44.3,1,1,0,0,1,1,0,0,0,0,1,0,0,0,0,0,0,0,1,0,0,0,0,0,0,0,0,0,0,0,0,0,1,1,5155.7,0C,1,1,0,1,1,0,1,0,0,141.63,452.63,,,,,,,,,,,,,,,,,,,,,,,,,,,,,,,,,,,,,,,,,,,,,,,,,,,,,,,,,,
131,,,63,619,,14.00,44.25,875,0.0,7.500,3.718,3.88,0.000,23.23,1.00,0.52,-0.76,0.52,1.000,1.02,0.00,1.025,0.00,0.90,1.552,29.3,0.000,0.694,0.000,870,6.88,4.5,0.33,0.00,44.3,1,1,0,0,1,1,0,0,0,0,1,0,0,0,0,0,0,0,1,0,0,0,0,0,0,0,0,0,0,0,0,0,1,1,5155.7,0C,1,1,0,1,1,0,1,0,0,141.31,452.94,,,,,,,,,,,,,,,,,,,,,,,,,,,,,,,,,,,,,,,,,,,,,,,,,,,,,,,,,,
132,,,64,001,,14.00,44.25,877,0.0,7.500,3.680,3.81,0.000,23.11,1.00,0.51,-0.76,0.52,1.000,1.02,0.00,1.026,0.00,0.90,1.600,29.3,0.000,0.694,0.000,870,6.88,4.5,0.31,0.00,44.3,1,1,0,0,1,1,0,0,0,0,1,0,0,0,0,0,0,0,1,0,0,0,0,0,0,0,0,0,0,0,0,0,1,1,5155.7,0C,1,1,0,1,1,0,1,0,0,141.13,451.25,,,,,,,,,,,,,,,,,,,,,,,,,,,,,,,,,,,,,,,,,,,,,,,,,,,,,,,,,,
133,,,64,392,,14.00,44.25,876,0.0,4.500,3.597,3.81,0.000,22.85,1.00,0.51,-0.76,0.52,1.000,1.02,0.00,1.028,0.00,0.90,1.600,29.3,0.000,0.694,0.000,870,6.88,4.5,0.28,0.00,44.3,1,1,0,0,1,1,0,0,0,0,1,0,0,0,0,0,0,0,1,0,0,0,0,0,0,0,0,0,0,0,0,0,1,1,5155.7,0C,1,1,0,1,1,0,1,0,0,141.94,451.00,,,,,,,,,,,,,,,,,,,,,,,,,,,,,,,,,,,,,,,,,,,,,,,,,,,,,,,,,,
134,,,64,793,,14.00,44.25,879,0.0,7.500,3.686,3.81,0.000,22.95,1.00,0.51,-0.76,0.52,1.000,1.02,0.00,1.027,0.00,0.90,1.600,29.3,0.000,0.694,0.000,870,6.88,4.5,0.25,0.00,44.3,1,1,0,0,1,1,0,0,0,0,1,0,0,0,0,0,0,0,1,0,0,0,0,0,0,0,0,0,0,0,0,0,1,1,5155.7,0C,1,1,0,1,1,0,1,0,0,140.13,448.69,,,,,,,,,,,,,,,,,,,,,,,,,,,,,,,,,,,,,,,,,,,,,,,,,,,,,,,,,,
135,,,65,184,,14.00,44.25,878,0.0,8.250,3.616,3.81,0.000,22.80,1.00,0.51,-0.76,0.52,1.000,1.02,0.00,1.028,0.00,0.90,1.490,29.3,0.000,0.694,0.000,860,6.88,4.3,0.21,0.00,44.3,1,1,0,0,1,1,0,0,0,0,1,0,0,0,0,0,0,0,1,0,0,0,0,0,0,0,0,0,0,0,0,0,1,1,5155.7,0C,1,1,0,1,1,0,1,0,0,138.69,448.38,,,,,,,,,,,,,,,,,,,,,,,,,,,,,,,,,,,,,,,,,,,,,,,,,,,,,,,,,,
136,,,65,580,,14.00,44.25,879,0.0,6.000,3.616,3.81,0.000,22.73,1.00,0.52,-0.76,0.52,1.000,1.02,-1.33,1.029,0.00,0.90,1.490,29.3,0.000,0.694,0.000,860,6.88,4.3,0.17,0.00,44.3,1,1,0,0,1,1,0,0,0,0,1,0,0,0,0,0,0,0,1,0,0,0,0,0,0,0,0,0,0,0,0,0,1,1,5155.7,0C,1,1,0,1,1,0,1,0,0,139.13,448.19,,,,,,,,,,,,,,,,,,,,,,,,,,,,,,,,,,,,,,,,,,,,,,,,,,,,,,,,,,
137,,,65,959,,14.00,44.25,880,0.0,4.500,3.661,3.81,0.000,22.90,1.00,0.51,-0.76,0.52,1.000,1.02,-1.33,1.027,0.00,0.90,1.490,29.3,0.000,0.694,0.000,860,6.88,4.3,0.14,0.00,44.3,1,1,0,0,1,1,0,0,0,0,1,0,0,0,0,0,0,0,1,0,0,0,0,0,0,0,0,0,0,0,0,0,1,1,5155.7,0C,1,1,0,1,1,0,1,0,0,136.81,448.13,,,,,,,,,,,,,,,,,,,,,,,,,,,,,,,,,,,,,,,,,,,,,,,,,,,,,,,,,,
138,,,66,345,,14.00,44.25,878,0.0,8.250,3.629,3.76,0.000,22.71,1.00,0.51,-0.76,0.52,1.000,1.02,-1.33,1.029,0.00,0.90,1.490,29.3,0.000,0.694,0.000,860,6.88,4.3,0.11,0.00,44.3,1,1,0,0,1,1,0,0,0,0,1,0,0,0,0,0,0,0,1,0,0,0,0,0,0,0,0,0,0,0,0,0,1,1,5155.7,0C,1,1,0,1,1,0,1,0,0,138.94,447.81,,,,,,,,,,,,,,,,,,,,,,,,,,,,,,,,,,,,,,,,,,,,,,,,,,,,,,,,,,
139,,,66,761,,14.00,44.25,870,0.0,10.500,3.520,3.81,0.000,22.36,1.00,0.51,-0.76,0.52,1.000,1.02,-1.33,1.032,0.00,0.90,1.490,29.3,0.000,0.694,0.000,860,6.87,4.3,0.09,0.00,44.3,1,1,0,0,1,1,0,0,0,0,1,0,0,0,0,0,0,0,1,0,0,0,0,0,0,0,0,0,0,0,0,0,1,1,5155.7,0C,1,1,0,1,1,0,1,0,0,138.69,448.94,,,,,,,,,,,,,,,,,,,,,,,,,,,,,,,,,,,,,,,,,,,,,,,,,,,,,,,,,,
140,,,67,180,,14.00,44.25,873,0.0,6.750,3.616,3.76,0.000,22.69,1.00,0.51,-0.76,0.52,1.000,1.02,-1.33,1.029,0.00,0.90,1.447,29.3,0.000,0.694,0.000,860,6.87,4.3,0.06,0.00,44.3,1,1,0,0,1,1,0,0,0,0,1,0,0,0,0,0,0,0,1,0,0,0,0,0,0,0,0,0,0,0,0,0,1,1,5155.7,0C,1,1,0,1,1,0,1,0,0,137.75,448.81,,,,,,,,,,,,,,,,,,,,,,,,,,,,,,,,,,,,,,,,,,,,,,,,,,,,,,,,,,
141,,,67,734,,14.00,44.25,874,0.0,8.250,3.526,3.76,0.000,22.52,1.00,0.51,-0.76,0.52,1.000,1.02,-1.33,1.030,0.00,0.90,1.447,29.3,0.000,0.694,0.000,860,6.87,4.3,0.03,0.00,44.3,1,1,0,0,1,1,0,0,0,0,1,0,0,0,0,0,0,0,1,0,0,0,0,0,0,0,0,0,0,0,0,0,1,1,5155.7,0C,1,1,0,1,1,0,1,0,0,137.94,448.69,,,,,,,,,,,,,,,,,,,,,,,,,,,,,,,,,,,,,,,,,,,,,,,,,,,,,,,,,,
142,,,68,129,,14.00,44.25,868,0.0,5.250,3.558,3.81,0.000,22.64,1.00,0.51,-0.76,0.52,1.000,1.02,-1.33,1.029,0.00,0.90,1.447,29.3,0.000,0.694,0.000,860,6.87,4.3,0.02,0.00,44.3,1,1,0,0,1,1,0,0,0,0,1,0,0,0,0,0,0,0,1,0,0,0,0,0,0,0,0,0,0,0,0,0,1,1,5155.7,0C,1,1,0,1,1,0,1,0,0,136.94,449.69,,,,,,,,,,,,,,,,,,,,,,,,,,,,,,,,,,,,,,,,,,,,,,,,,,,,,,,,,,
143,,,68,530,,14.00,44.25,869,0.0,6.750,3.603,3.76,0.000,22.69,1.00,0.52,-0.76,0.52,1.000,1.02,-1.33,1.029,0.00,0.90,1.447,29.3,0.000,0.694,0.000,860,6.87,4.3,0.00,0.00,44.3,1,1,0,0,1,1,0,0,0,0,1,0,0,0,0,0,0,0,1,0,0,0,0,0,0,0,0,0,0,0,0,0,1,1,5155.7,0C,1,1,0,1,1,0,1,0,0,137.88,449.69,,,,,,,,,,,,,,,,,,,,,,,,,,,,,,,,,,,,,,,,,,,,,,,,,,,,,,,,,,
144,,,68,930,,14.00,44.25,867,0.0,7.500,3.571,3.76,0.000,22.62,1.00,0.51,-0.76,0.52,1.000,1.02,-1.33,1.030,0.00,0.90,1.346,29.3,0.000,0.694,0.000,860,6.87,4.3,0.00,0.00,44.3,1,1,0,0,1,1,0,0,0,0,1,0,0,0,0,0,0,0,1,0,0,0,0,0,0,0,0,0,0,0,0,0,1,1,5155.7,0C,1,1,0,1,1,0,1,0,0,138.38,450.50,,,,,,,,,,,,,,,,,,,,,,,,,,,,,,,,,,,,,,,,,,,,,,,,,,,,,,,,,,
145,,,69,328,,14.00,44.25,864,0.0,12.000,3.392,3.81,0.000,22.27,1.00,0.51,-0.76,0.52,1.000,1.02,-1.33,1.032,0.00,0.90,1.346,29.3,0.000,0.694,0.000,860,6.87,4.3,-0.02,0.00,44.3,1,1,0,0,1,1,0,0,0,0,1,0,0,0,0,0,0,0,1,0,0,0,0,0,0,0,0,0,0,0,0,0,1,1,5155.7,0C,1,1,0,1,1,0,1,0,0,136.69,451.44,,,,,,,,,,,,,,,,,,,,,,,,,,,,,,,,,,,,,,,,,,,,,,,,,,,,,,,,,,
146,,,69,770,,14.00,44.25,863,0.0,8.250,3.507,3.76,0.000,22.55,1.00,0.52,-0.76,0.52,1.000,1.02,-1.33,1.030,0.00,0.90,1.346,29.3,0.000,0.694,0.000,860,6.87,4.3,-0.02,0.00,44.3,1,1,0,0,1,1,0,0,0,0,1,0,0,0,0,0,0,0,1,0,0,0,0,0,0,0,0,0,0,0,0,0,1,1,5155.7,0C,1,1,0,1,1,0,1,0,0,137.81,451.94,,,,,,,,,,,,,,,,,,,,,,,,,,,,,,,,,,,,,,,,,,,,,,,,,,,,,,,,,,
147,,,70,177,,14.00,44.25,866,0.0,8.250,3.475,3.76,0.000,22.48,1.00,0.51,-0.76,0.52,1.000,1.02,-1.33,1.031,0.00,0.90,1.447,29.3,0.000,0.694,0.000,860,6.87,4.3,-0.04,0.00,44.3,1,1,0,0,1,1,0,0,0,0,1,0,0,0,0,0,0,0,1,0,0,0,0,0,0,0,0,0,0,0,0,0,1,1,5155.7,0C,1,1,0,1,1,0,1,0,0,138.38,451.81,,,,,,,,,,,,,,,,,,,,,,,,,,,,,,,,,,,,,,,,,,,,,,,,,,,,,,,,,,
148,,,70,604,,14.00,44.25,862,0.0,9.000,3.501,3.76,0.000,22.55,1.00,0.51,-0.76,0.52,1.000,1.02,-1.33,1.030,0.00,0.90,1.447,29.3,0.000,0.694,0.000,860,6.87,4.3,-0.04,0.00,44.3,1,1,0,0,1,1,0,0,0,0,1,0,0,0,0,0,0,0,1,0,0,0,0,0,0,0,0,0,0,0,0,0,1,1,5155.7,0C,1,1,0,1,1,0,1,0,0,138.56,452.44,,,,,,,,,,,,,,,,,,,,,,,,,,,,,,,,,,,,,,,,,,,,,,,,,,,,,,,,,,
149,,,71,006,,14.00,44.25,863,0.0,6.750,3.488,3.76,0.000,22.64,1.00,0.52,-0.76,0.52,1.000,1.02,-1.33,1.030,0.00,0.90,1.346,29.3,0.000,0.694,0.000,860,6.87,4.3,-0.06,0.00,44.3,1,1,0,0,1,1,0,0,0,0,1,0,0,0,0,0,0,0,1,0,0,0,0,0,0,0,0,0,0,0,0,0,1,1,5155.7,0C,1,1,0,1,1,0,1,0,0,138.06,452.69,,,,,,,,,,,,,,,,,,,,,,,,,,,,,,,,,,,,,,,,,,,,,,,,,,,,,,,,,,
150,,,71,401,,14.00,44.25,864,0.0,7.500,3.558,3.76,0.000,22.88,1.00,0.52,-0.76,0.52,1.000,1.02,-1.33,1.028,0.00,0.90,1.346,29.3,0.000,0.694,0.000,860,6.87,4.3,-0.06,0.00,44.3,1,1,0,0,1,1,0,0,0,0,1,0,0,0,0,0,0,0,1,0,0,0,0,0,0,0,0,0,0,0,0,0,1,1,5155.7,0C,1,1,0,1,1,0,1,0,0,137.31,452.06,,,,,,,,,,,,,,,,,,,,,,,,,,,,,,,,,,,,,,,,,,,,,,,,,,,,,,,,,,
151,,,71,787,,14.00,44.25,855,0.0,12.750,3.430,3.76,0.000,22.64,1.00,0.51,-0.76,0.52,1.000,1.02,-1.33,1.029,0.00,0.90,1.346,29.3,0.000,0.694,0.000,860,6.87,4.3,-0.04,0.00,44.3,1,1,0,0,1,1,0,0,0,0,1,0,0,0,0,0,0,0,1,0,0,0,0,0,0,0,0,0,0,0,0,0,1,1,5155.7,0C,1,1,0,1,1,0,1,0,0,139.50,453.63,,,,,,,,,,,,,,,,,,,,,,,,,,,,,,,,,,,,,,,,,,,,,,,,,,,,,,,,,,
152,,,72,201,,14.00,44.25,857,0.0,9.750,3.437,3.76,0.000,22.62,1.00,0.51,-0.76,0.52,1.000,1.02,-1.33,1.030,0.00,0.90,1.447,29.3,0.000,0.694,0.000,860,6.87,4.2,-0.04,0.00,44.3,1,1,0,0,1,1,0,0,0,0,1,0,0,0,0,0,0,0,1,0,0,0,0,0,0,0,0,0,0,0,0,0,1,1,5155.7,0C,1,1,0,1,1,0,1,0,0,137.50,454.50,,,,,,,,,,,,,,,,,,,,,,,,,,,,,,,,,,,,,,,,,,,,,,,,,,,,,,,,,,
153,,,72,617,,14.00,44.25,860,0.0,6.000,3.552,3.76,0.000,22.90,1.00,0.51,-0.76,0.52,1.000,1.02,-1.33,1.027,0.00,0.90,1.447,29.3,0.000,0.694,0.000,860,6.87,4.2,-0.02,0.00,44.3,1,1,0,0,1,1,0,0,0,0,1,0,0,0,0,0,0,0,1,0,0,0,0,0,0,0,0,0,0,0,0,0,1,1,5155.7,0C,1,1,0,1,1,0,1,0,0,138.50,453.88,,,,,,,,,,,,,,,,,,,,,,,,,,,,,,,,,,,,,,,,,,,,,,,,,,,,,,,,,,
154,,,73,007,,14.00,44.25,860,0.0,6.000,3.418,3.76,0.000,22.59,1.00,0.52,-0.76,0.52,1.000,1.02,-1.33,1.030,0.00,0.90,1.346,29.3,0.000,0.694,0.000,860,6.87,4.2,-0.02,0.00,44.3,1,1,0,0,1,1,0,0,0,0,1,0,0,0,0,0,0,0,1,0,0,0,0,0,0,0,0,0,0,0,0,0,1,1,5155.7,0C,1,1,0,1,1,0,1,0,0,137.63,454.44,,,,,,,,,,,,,,,,,,,,,,,,,,,,,,,,,,,,,,,,,,,,,,,,,,,,,,,,,,
155,,,73,390,,14.00,44.25,858,0.0,8.250,2.816,3.81,0.000,22.73,1.00,0.51,-0.76,0.52,1.000,1.02,-1.33,1.029,0.00,0.90,1.346,29.3,0.000,0.694,0.000,860,6.87,4.2,-0.02,0.00,44.3,1,1,0,0,1,1,0,0,0,0,1,0,0,0,0,0,0,0,1,0,0,0,0,0,0,0,0,0,0,0,0,0,1,1,5155.7,0C,1,1,0,1,1,0,1,0,0,136.25,457.56,,,,,,,,,,,,,,,,,,,,,,,,,,,,,,,,,,,,,,,,,,,,,,,,,,,,,,,,,,
156,,,73,800,,14.00,44.25,841,0.0,8.250,4.019,4.66,0.000,25.50,1.00,0.51,-0.76,0.52,1.000,1.02,-1.33,1.018,0.00,0.90,1.346,29.3,0.000,0.694,0.000,860,6.87,4.2,0.08,0.06,44.3,1,1,0,0,1,1,0,0,0,0,1,0,0,0,0,0,0,0,1,0,0,0,0,0,0,0,0,0,0,0,0,0,1,1,5155.7,0C,1,1,0,1,1,0,1,0,0,160.25,500.81,,,,,,,,,,,,,,,,,,,,,,,,,,,,,,,,,,,,,,,,,,,,,,,,,,,,,,,,,,
157,,,74,212,,14.00,44.25,856,0.0,4.500,3.930,4.30,0.000,25.90,1.00,0.51,-0.76,0.52,1.000,1.02,-1.33,1.020,0.00,0.90,1.862,29.3,0.000,0.694,0.000,860,6.87,4.2,0.07,0.00,44.3,1,1,0,0,1,1,0,0,0,0,1,0,0,0,0,0,0,0,1,0,0,0,0,0,0,0,0,0,0,0,0,0,1,1,5155.7,0C,1,1,0,1,1,0,1,1,1,1,1,,,,,,,,,,,,,,,,,,,,,,,,,,,,,,,,,,,,,,,,,,,,,,,,,,,,,,,,,,
158,,,74,605,,14.00,44.25,857,0.0,2.250,3.949,4.37,0.000,26.11,1.00,0.52,-0.76,0.52,1.000,1.02,-1.33,1.020,0.00,0.90,1.862,29.3,0.000,0.694,0.000,860,6.87,4.2,0.07,0.00,44.3,1,1,0,0,1,1,0,0,0,0,1,0,0,0,0,0,0,0,1,0,0,0,0,0,0,0,0,0,0,0,0,0,1,1,5155.7,0C,1,1,0,1,1,0,1,0,0,158.81,503.50,,,,,,,,,,,,,,,,,,,,,,,,,,,,,,,,,,,,,,,,,,,,,,,,,,,,,,,,,,
159,,,77,336,,14.00,45.00,853,0.0,4.500,3.917,4.17,0.000,25.95,1.00,0.52,-0.76,0.51,1.000,1.02,-1.33,1.020,0.00,0.90,1.505,28.5,0.000,0.694,0.000,860,6.87,4.2,0.30,0.00,44.3,1,1,0,0,1,1,0,0,0,0,1,0,0,0,0,0,0,0,1,0,0,0,0,0,0,0,0,0,0,0,0,0,1,1,5155.7,0C,1,1,0,1,1,0,1,0,0,158.75,500.88,,,,,,,,,,,,,,,,,,,,,,,,,,,,,,,,,,,,,,,,,,,,,,,,,,,,,,,,,,
160,,,77,732,,14.00,45.00,846,0.0,3.750,3.859,4.25,0.000,26.06,1.00,0.52,-0.76,0.52,1.000,1.02,-1.33,1.020,0.00,0.90,1.505,28.5,0.000,0.694,0.000,860,6.87,4.2,0.36,0.00,44.3,1,1,0,0,1,1,0,0,0,0,1,0,0,0,0,0,0,0,1,0,0,0,0,0,0,0,0,0,0,0,0,0,1,1,5155.7,0C,1,1,0,1,1,0,1,0,0,158.38,502.88,,,,,,,,,,,,,,,,,,,,,,,,,,,,,,,,,,,,,,,,,,,,,,,,,,,,,,,,,,
161,,,78,170,,14.00,45.00,856,0.0,3.750,3.917,4.17,0.000,25.95,1.00,0.52,-0.76,0.52,1.000,1.02,-1.33,1.020,0.00,0.90,1.505,28.5,0.000,0.694,0.000,860,6.87,4.2,0.37,0.00,44.3,1,1,0,0,1,1,0,0,0,0,1,0,0,0,0,0,0,0,1,0,0,0,0,0,0,0,0,0,0,0,0,0,1,1,5155.7,0C,1,1,0,1,1,0,1,0,0,157.81,497.19,,,,,,,,,,,,,,,,,,,,,,,,,,,,,,,,,,,,,,,,,,,,,,,,,,,,,,,,,,
162,,,78,560,,14.00,45.00,847,0.0,5.250,3.757,4.13,0.000,25.55,1.00,0.52,-0.76,0.52,1.000,1.02,-1.33,1.018,0.00,0.90,1.505,28.5,0.000,0.694,0.000,850,6.87,4.2,0.42,0.00,44.3,1,1,0,0,1,1,0,0,0,0,1,0,0,0,0,0,0,0,1,0,0,0,0,0,0,0,0,0,0,0,0,0,1,1,5155.7,0C,1,1,0,1,1,0,1,0,0,155.75,497.81,,,,,,,,,,,,,,,,,,,,,,,,,,,,,,,,,,,,,,,,,,,,,,,,,,,,,,,,,,
163,,,78,980,,14.00,45.00,854,0.0,3.750,3.885,4.13,0.000,25.76,1.00,0.52,-0.76,0.52,1.000,1.02,-1.33,1.019,0.00,0.90,1.552,28.5,0.000,0.694,0.000,850,6.87,4.3,0.45,0.00,44.3,1,1,0,0,1,1,0,0,0,0,1,0,0,0,0,0,0,0,1,0,0,0,0,0,0,0,0,0,0,0,0,0,1,1,5155.7,0C,1,1,0,1,1,0,1,0,0,155.69,493.81,,,,,,,,,,,,,,,,,,,,,,,,,,,,,,,,,,,,,,,,,,,,,,,,,,,,,,,,,,
164,,,79,388,,14.00,45.00,850,0.0,5.250,3.539,4.00,0.000,24.75,1.00,0.52,-0.76,0.52,1.000,1.02,-1.33,1.015,0.00,0.90,1.552,28.5,0.000,0.694,0.000,850,6.87,4.3,0.46,0.00,44.3,1,1,0,0,1,1,0,0,0,0,1,0,0,0,0,0,0,0,1,0,0,0,0,0,0,0,0,0,0,0,0,0,1,1,5155.7,0C,1,1,0,1,1,0,1,0,0,153.06,486.69,,,,,,,,,,,,,,,,,,,,,,,,,,,,,,,,,,,,,,,,,,,,,,,,,,,,,,,,,,
165,,,79,770,,14.00,45.00,844,0.0,8.250,3.654,4.05,0.000,24.84,1.00,0.51,-0.76,0.52,1.000,1.02,-1.33,1.016,0.00,0.90,1.552,28.5,0.000,0.694,0.000,850,6.87,4.3,0.52,0.00,44.3,1,1,0,0,1,1,0,0,0,0,1,0,0,0,0,0,0,0,1,0,0,0,0,0,0,0,0,0,0,0,0,0,1,1,5155.7,0C,1,1,0,1,1,0,1,0,0,152.50,488.50,,,,,,,,,,,,,,,,,,,,,,,,,,,,,,,,,,,,,,,,,,,,,,,,,,,,,,,,,,
166,,,80,272,,14.00,45.00,852,0.0,6.000,3.622,4.00,0.000,24.77,1.00,0.52,-0.76,0.52,1.000,1.02,-1.33,1.015,0.00,0.90,1.552,28.5,0.000,0.694,0.000,850,6.87,4.3,0.54,0.00,44.3,1,1,0,0,1,1,0,0,0,0,1,0,0,0,0,0,0,0,1,0,0,0,0,0,0,0,0,0,0,0,0,0,1,1,5155.7,0C,1,1,0,1,1,0,1,0,0,150.69,486.75,,,,,,,,,,,,,,,,,,,,,,,,,,,,,,,,,,,,,,,,,,,,,,,,,,,,,,,,,,
167,,,80,662,,14.00,45.00,848,0.0,9.000,3.635,959.38,39.960,620.98,1.45,0.08,-1.29,1.18,0.007,0.03,-4.67,0.180,0.01,0.45,0.183,-42.0,79.298,0.672,-48.750,0,0.38,128.3,0.80,-49.63,112.5,0,1,0,0,0,1,0,1,1,1,1,1,0,1,1,0,0,1,0,0,0,0,0,0,0,0,1,0,0,1,0,0,0,0,5466.3,57,0,1,0,1,0,1,1,1,1,1,1,,,,,,,,,,,,,,,,,,,,,,,,,,,,,,,,,,,,,,,,,,,,,,,,,,,,,,,,,,
168,,,81,112,,14.00,45.00,850,0.0,7.500,3.642,4.05,0.000,24.82,1.00,0.51,-0.76,0.52,1.000,1.02,-1.32,1.016,0.00,0.90,1.505,28.5,8.995,0.694,0.000,850,6.87,4.3,0.62,0.00,44.3,1,1,0,0,1,1,0,0,0,0,1,0,0,0,0,0,0,0,1,0,1,0,0,0,0,0,0,0,0,0,0,0,1,1,5155.7,0C,1,1,0,1,1,0,1,0,0,153.19,487.50,,,,,,,,,,,,,,,,,,,,,,,,,,,,,,,,,,,,,,,,,,,,,,,,,,,,,,,,,,
169,,,81,498,,14.00,45.00,842,0.0,11.250,3.616,4.13,0.000,24.75,1.00,0.51,-0.76,0.52,1.000,1.02,-1.32,1.015,0.00,0.90,0.183,-42.0,79.298,0.672,-28.500,0,0.38,128.3,0.80,-49.63,112.5,0,1,0,0,0,1,0,1,1,1,1,1,0,1,1,0,0,1,0,0,0,0,0,0,0,0,1,0,0,1,0,0,0,0,6746.3,A5,0,1,0,1,0,1,1,1,1,1,1,,,,,,,,,,,,,,,,,,,,,,,,,,,,,,,,,,,,,,,,,,,,,,,,,,,,,,,,,,
170,,,81,991,,14.00,45.00,850,0.0,6.000,3.750,4.05,0.000,25.05,1.00,0.51,-0.76,0.51,1.000,1.02,-1.32,1.016,0.00,0.90,1.505,28.5,8.995,0.694,0.000,850,6.87,4.3,0.70,0.00,44.3,1,1,0,0,1,1,0,0,0,0,1,0,0,0,0,0,0,0,1,0,1,0,0,0,0,0,0,0,0,0,0,0,1,1,5155.7,0C,1,1,0,1,1,0,1,0,0,152.25,488.19,,,,,,,,,,,,,,,,,,,,,,,,,,,,,,,,,,,,,,,,,,,,,,,,,,,,,,,,,,
171,,,82,445,,14.00,45.00,850,0.0,9.750,3.699,4.05,0.000,24.96,1.00,0.52,-0.76,0.51,1.000,1.02,-1.32,1.016,0.00,0.90,1.552,28.5,8.995,0.694,0.000,850,6.87,4.3,0.72,0.00,44.3,1,1,0,0,1,1,0,0,0,0,1,0,0,0,0,0,0,0,1,0,1,0,0,0,0,0,0,0,0,0,0,0,1,1,5155.7,0C,1,1,0,1,1,0,1,0,0,152.69,488.19,,,,,,,,,,,,,,,,,,,,,,,,,,,,,,,,,,,,,,,,,,,,,,,,,,,,,,,,,,
172,,,82,830,,14.00,45.00,852,0.0,5.250,3.738,4.05,0.000,25.01,1.00,0.51,-0.76,0.52,1.000,1.02,-1.32,1.016,0.00,0.90,1.552,28.5,8.995,0.694,0.000,850,6.87,4.3,0.75,0.00,44.3,1,1,0,0,1,1,0,0,0,0,1,0,0,0,0,0,0,0,1,0,1,0,0,0,0,0,0,0,0,0,0,0,1,1,5155.7,0C,1,1,0,1,1,0,1,0,0,153.44,487.81,,,,,,,,,,,,,,,,,,,,,,,,,,,,,,,,,,,,,,,,,,,,,,,,,,,,,,,,,,
173,,,83,270,,14.00,45.00,849,0.0,6.750,3.622,4.05,0.000,24.75,1.00,0.52,-0.76,0.52,1.000,1.02,-1.32,1.015,0.00,0.90,1.552,28.5,8.995,0.694,0.000,850,6.87,4.3,0.78,0.00,44.3,1,1,0,0,1,1,0,0,0,0,1,0,0,0,0,0,0,0,1,0,1,0,0,0,0,0,0,0,0,0,0,0,1,1,5155.7,0C,1,1,0,1,1,0,1,0,0,152.25,488.88,,,,,,,,,,,,,,,,,,,,,,,,,,,,,,,,,,,,,,,,,,,,,,,,,,,,,,,,,,
174,,,83,723,,14.00,45.00,849,0.0,5.250,3.597,4.00,0.000,24.56,1.00,0.52,-0.76,0.52,1.000,1.02,-1.32,1.015,0.00,0.90,1.552,28.5,8.995,0.694,0.000,850,6.87,4.3,0.80,0.00,44.3,1,1,0,0,1,1,0,0,0,0,1,0,0,0,0,0,0,0,1,0,1,0,0,0,0,0,0,0,0,0,0,0,1,1,5155.7,0C,1,1,0,1,1,0,1,0,0,151.25,485.44,,,,,,,,,,,,,,,,,,,,,,,,,,,,,,,,,,,,,,,,,,,,,,,,,,,,,,,,,,
175,,,84,120,,14.00,45.00,857,0.0,3.750,3.661,4.00,0.000,24.59,1.00,0.52,-0.76,0.52,1.000,1.02,-1.32,1.015,0.00,0.90,1.447,28.5,8.995,0.694,0.000,850,6.87,4.3,0.80,0.00,44.3,1,1,0,0,1,1,0,0,0,0,1,0,0,0,0,0,0,0,1,0,1,0,0,0,0,0,0,0,0,0,0,0,1,1,5155.7,0C,1,1,0,1,1,0,1,0,0,149.69,482.69,,,,,,,,,,,,,,,,,,,,,,,,,,,,,,,,,,,,,,,,,,,,,,,,,,,,,,,,,,
176,,,84,567,,14.00,45.00,854,0.0,7.500,3.648,4.00,0.000,24.54,1.00,0.52,-0.76,0.52,1.000,1.02,-1.32,1.015,0.00,0.90,1.447,28.5,8.995,0.694,0.000,850,6.87,4.3,0.81,0.00,44.3,1,1,0,0,1,1,0,0,0,0,1,0,0,0,0,0,0,0,1,0,1,0,0,0,0,0,0,0,0,0,0,0,1,1,5155.7,0C,1,1,0,1,1,0,1,0,0,149.75,482.50,,,,,,,,,,,,,,,,,,,,,,,,,,,,,,,,,,,,,,,,,,,,,,,,,,,,,,,,,,
177,,,85,038,,14.00,45.75,849,0.0,4.500,3.661,3.93,0.000,24.68,1.00,0.52,-0.76,0.52,1.000,1.02,-1.32,1.015,0.00,0.90,1.408,28.5,8.995,0.694,0.000,850,6.87,4.3,0.84,0.00,44.3,1,1,0,0,1,1,0,0,0,0,1,0,0,0,0,0,0,0,1,0,1,0,0,0,0,0,0,0,0,0,0,0,1,1,5155.7,0C,1,1,0,1,1,0,1,0,0,148.44,485.19,,,,,,,,,,,,,,,,,,,,,,,,,,,,,,,,,,,,,,,,,,,,,,,,,,,,,,,,,,
178,,,85,460,,14.00,45.75,851,0.0,6.750,3.590,3.93,0.000,24.38,1.00,0.51,-0.76,0.51,1.000,1.02,-1.32,1.016,0.00,0.90,1.408,28.5,8.995,0.694,0.000,850,6.87,4.3,0.87,0.00,44.3,1,1,0,0,1,1,0,0,0,0,1,0,0,0,0,0,0,0,1,0,1,0,0,0,0,0,0,0,0,0,0,0,1,1,5155.7,0C,1,1,0,1,1,0,1,0,0,149.56,482.31,,,,,,,,,,,,,,,,,,,,,,,,,,,,,,,,,,,,,,,,,,,,,,,,,,,,,,,,,,
179,,,85,965,,14.00,45.75,853,0.0,5.250,3.622,3.93,0.000,24.42,1.00,0.52,-0.76,0.52,1.000,1.02,-1.32,1.016,0.00,0.90,1.408,28.5,8.995,0.694,0.000,850,6.87,4.3,0.87,0.00,44.3,1,1,0,0,1,1,0,0,0,0,1,0,0,0,0,0,0,0,1,0,1,0,0,0,0,0,0,0,0,0,0,0,1,1,5155.7,0C,1,1,0,1,1,0,1,0,0,148.56,482.00,,,,,,,,,,,,,,,,,,,,,,,,,,,,,,,,,,,,,,,,,,,,,,,,,,,,,,,,,,
180,,,86,482,,14.00,45.75,852,0.0,6.000,3.565,3.93,0.000,24.38,1.00,0.52,-0.76,0.52,1.000,1.02,-1.32,1.016,0.00,0.90,1.408,28.5,8.995,0.694,0.000,850,6.87,4.3,0.88,0.00,44.3,1,1,0,0,1,1,0,0,0,0,1,0,0,0,0,0,0,0,1,0,1,0,0,0,0,0,0,0,0,0,0,0,1,1,5155.7,0C,1,1,0,1,1,0,1,0,0,146.25,482.50,,,,,,,,,,,,,,,,,,,,,,,,,,,,,,,,,,,,,,,,,,,,,,,,,,,,,,,,,,
181,,,86,989,,14.00,45.75,853,0.0,4.500,3.635,4.00,0.000,24.49,1.00,0.52,-0.76,0.52,1.000,1.02,-1.32,1.015,0.00,0.90,1.408,28.5,8.995,0.694,0.000,850,6.87,4.3,0.92,0.00,44.3,1,1,0,0,1,1,0,0,0,0,1,0,0,0,0,0,0,0,1,0,1,0,0,0,0,0,0,0,0,0,0,0,1,1,5155.7,0C,1,1,0,1,1,0,1,0,0,149.81,481.94,,,,,,,,,,,,,,,,,,,,,,,,,,,,,,,,,,,,,,,,,,,,,,,,,,,,,,,,,,
182,,,87,610,,14.00,45.75,856,0.0,5.250,3.635,3.93,0.000,24.45,1.00,0.51,-0.76,0.52,1.000,1.02,-1.32,1.016,0.00,0.90,1.447,28.5,8.995,0.694,0.000,850,6.87,4.3,0.91,0.00,44.3,1,1,0,0,1,1,0,0,0,0,1,0,0,0,0,0,0,0,1,0,1,0,0,0,0,0,0,0,0,0,0,0,1,1,5155.7,0C,1,1,0,1,1,0,1,0,0,147.56,482.88,,,,,,,,,,,,,,,,,,,,,,,,,,,,,,,,,,,,,,,,,,,,,,,,,,,,,,,,,,
183,,,88,031,,14.00,45.75,851,0.0,9.750,3.603,4.00,0.000,24.38,1.00,0.51,-0.76,0.51,1.000,1.02,-1.32,1.016,0.00,0.90,1.408,28.5,8.995,0.694,0.000,850,6.87,4.3,0.94,0.00,44.3,1,1,0,0,1,1,0,0,0,0,1,0,0,0,0,0,0,0,1,0,1,0,0,0,0,0,0,0,0,0,0,0,1,1,5155.7,0C,1,1,0,1,1,0,1,0,0,148.25,485.00,,,,,,,,,,,,,,,,,,,,,,,,,,,,,,,,,,,,,,,,,,,,,,,,,,,,,,,,,,
184,,,88,550,,14.00,45.75,847,0.0,9.750,3.552,3.93,0.000,24.30,1.00,0.51,-0.76,0.52,1.000,1.02,-1.32,1.017,0.00,0.90,1.408,28.5,8.995,0.694,0.000,850,6.87,4.3,0.96,0.00,44.3,1,1,0,0,1,1,0,0,0,0,1,0,0,0,0,0,0,0,1,0,1,0,0,0,0,0,0,0,0,0,0,0,1,1,5155.7,0C,1,1,0,1,1,0,1,0,0,148.31,485.19,,,,,,,,,,,,,,,,,,,,,,,,,,,,,,,,,,,,,,,,,,,,,,,,,,,,,,,,,,
185,,,89,222,,14.00,45.75,853,0.0,10.500,3.680,4.00,0.000,24.73,1.00,0.52,-0.76,0.52,1.000,1.02,-1.32,1.015,0.00,0.90,1.505,28.5,8.995,0.694,0.000,850,6.87,4.3,0.97,0.00,44.3,1,1,0,0,1,1,0,0,0,0,1,0,0,0,0,0,0,0,1,0,1,0,0,0,0,0,0,0,0,0,0,0,1,1,5155.7,0C,1,1,0,1,1,0,1,0,0,151.81,486.25,,,,,,,,,,,,,,,,,,,,,,,,,,,,,,,,,,,,,,,,,,,,,,,,,,,,,,,,,,
186,,,89,748,,14.00,45.75,852,0.0,9.000,3.725,4.00,0.000,24.80,1.00,0.51,-0.76,0.51,1.000,1.02,-1.32,1.015,0.00,0.90,1.505,28.5,8.995,0.694,0.000,850,6.87,4.3,0.98,0.00,44.3,1,1,0,0,1,1,0,0,0,0,1,0,0,0,0,0,0,0,1,0,1,0,0,0,0,0,0,0,0,0,0,0,1,1,5155.7,0C,1,1,0,1,1,0,1,0,0,151.88,487.06,,,,,,,,,,,,,,,,,,,,,,,,,,,,,,,,,,,,,,,,,,,,,,,,,,,,,,,,,,
187,,,90,258,,14.00,45.75,848,0.0,3.000,3.757,4.00,0.000,24.94,1.00,0.52,-0.76,0.52,1.000,1.02,-1.32,1.016,0.00,0.90,1.447,28.5,8.995,0.694,0.000,850,6.87,4.3,1.01,0.00,44.3,1,1,0,0,1,1,0,0,0,0,1,0,0,0,0,0,0,0,1,0,1,0,0,0,0,0,0,0,0,0,0,0,1,1,5155.7,0C,1,1,0,1,1,0,1,0,0,151.06,488.31,,,,,,,,,,,,,,,,,,,,,,,,,,,,,,,,,,,,,,,,,,,,,,,,,,,,,,,,,,
188,,,90,658,,14.00,45.75,852,0.0,5.250,3.661,4.00,0.000,24.75,1.00,0.52,-0.76,0.52,1.000,1.02,-1.32,1.015,0.00,0.90,1.447,28.5,8.995,0.694,0.000,850,6.87,4.3,1.03,0.00,44.3,1,1,0,0,1,1,0,0,0,0,1,0,0,0,0,0,0,0,1,0,1,0,0,0,0,0,0,0,0,0,0,0,1,1,5155.7,0C,1,1,0,1,1,0,1,0,0,151.38,486.00,,,,,,,,,,,,,,,,,,,,,,,,,,,,,,,,,,,,,,,,,,,,,,,,,,,,,,,,,,
189,,,91,042,,14.00,45.75,853,0.0,6.750,3.648,978.13,39.960,620.98,1.45,0.08,-1.29,1.16,0.007,0.03,-9.69,0.180,0.01,0.45,0.183,-42.0,79.298,0.672,61.500,0,0.38,128.3,0.80,-49.63,112.5,0,1,0,0,0,1,0,1,1,1,1,1,0,1,1,0,0,1,0,0,0,0,0,0,0,0,1,0,0,1,0,0,0,0,5125.0,6B,0,1,0,1,0,1,1,1,1,1,1,,,,,,,,,,,,,,,,,,,,,,,,,,,,,,,,,,,,,,,,,,,,,,,,,,,,,,,,,,
190,,,91,440,,14.00,45.75,851,0.0,6.000,3.770,4.00,0.000,24.98,1.00,0.50,-0.76,0.52,1.000,1.02,-1.32,1.016,0.00,0.90,1.447,28.5,8.995,0.694,0.000,850,6.87,4.3,1.07,0.00,44.3,1,1,0,0,1,1,0,0,0,0,1,0,0,0,0,0,0,0,1,0,1,0,0,0,0,0,0,0,0,0,0,0,1,1,5155.7,0C,1,1,0,1,1,0,1,0,0,152.88,488.81,,,,,,,,,,,,,,,,,,,,,,,,,,,,,,,,,,,,,,,,,,,,,,,,,,,,,,,,,,
191,,,91,903,,14.00,45.75,851,0.0,4.500,3.712,4.00,0.000,24.77,1.00,0.47,-0.76,0.52,1.000,1.02,-1.32,1.015,0.00,0.90,1.447,28.5,8.995,0.694,0.000,850,6.87,4.3,1.07,0.00,44.3,1,1,0,0,1,1,0,0,0,0,1,0,0,0,0,0,0,0,1,0,1,0,0,0,0,0,0,0,0,0,0,0,1,1,5155.7,0C,1,1,0,1,1,0,1,0,0,151.88,487.50,,,,,,,,,,,,,,,,,,,,,,,,,,,,,,,,,,,,,,,,,,,,,,,,,,,,,,,,,,
192,,,92,308,,14.00,46.50,849,0.0,6.750,3.571,4.00,0.000,24.54,1.00,0.41,-0.76,0.51,1.000,1.02,-1.32,1.015,0.00,0.90,1.552,28.5,8.995,0.694,0.000,850,6.87,4.3,1.09,0.00,44.3,1,1,0,0,1,1,0,0,0,0,1,0,0,0,0,0,0,0,1,0,1,0,0,0,0,0,0,0,0,0,0,0,1,1,5155.7,0C,1,1,0,1,1,0,1,0,0,151.63,487.56,,,,,,,,,,,,,,,,,,,,,,,,,,,,,,,,,,,,,,,,,,,,,,,,,,,,,,,,,,
193,,,92,730,,14.00,46.50,850,0.0,3.750,3.597,4.00,0.000,24.59,1.00,0.31,-0.76,0.52,1.000,1.02,-1.32,1.015,0.00,0.90,1.552,28.5,8.995,0.694,0.000,850,6.87,4.3,1.09,0.00,44.3,1,1,0,0,1,1,0,0,0,0,1,0,0,0,0,0,0,0,1,0,1,0,0,0,0,0,0,0,0,0,0,0,1,1,5155.7,0C,1,1,0,1,1,0,1,0,0,152.19,487.69,,,,,,,,,,,,,,,,,,,,,,,,,,,,,,,,,,,,,,,,,,,,,,,,,,,,,,,,,,
194,,,93,119,,14.00,46.50,852,0.0,5.250,3.725,4.00,0.000,24.89,1.00,0.17,-0.76,0.52,1.000,1.02,-1.32,1.016,0.00,0.90,1.447,28.5,8.995,0.694,0.000,850,6.87,4.3,1.10,0.00,44.3,1,1,0,0,1,1,0,0,0,0,1,0,0,0,0,0,0,0,1,0,1,0,0,0,0,0,0,0,0,0,0,0,1,1,5155.7,0C,1,1,0,1,1,0,1,0,0,152.69,488.25,,,,,,,,,,,,,,,,,,,,,,,,,,,,,,,,,,,,,,,,,,,,,,,,,,,,,,,,,,
195,,,93,507,,14.00,46.50,853,0.0,3.000,3.629,4.00,0.000,24.75,1.00,0.09,-0.76,0.52,1.000,1.02,-1.32,1.015,0.00,0.90,1.447,28.5,8.995,0.694,0.000,850,6.87,4.3,1.10,0.00,44.3,1,1,0,0,1,1,0,0,0,0,1,0,0,0,0,0,0,0,1,0,1,0,0,0,0,0,0,0,0,0,0,0,1,1,5155.7,0C,1,1,0,1,1,0,1,0,0,150.31,488.31,,,,,,,,,,,,,,,,,,,,,,,,,,,,,,,,,,,,,,,,,,,,,,,,,,,,,,,,,,
196,,,93,900,,14.00,46.50,848,0.0,5.250,3.622,4.00,0.000,24.63,1.00,0.02,-0.76,0.52,1.000,1.02,-1.32,1.015,0.00,0.90,1.447,28.5,8.995,0.694,0.000,850,6.87,4.3,1.12,0.00,44.3,1,1,0,0,1,1,0,0,0,0,1,0,0,0,0,0,0,0,1,0,1,0,0,0,0,0,0,0,0,0,0,0,1,1,5155.7,0C,1,1,0,1,1,0,1,0,0,151.00,487.81,,,,,,,,,,,,,,,,,,,,,,,,,,,,,,,,,,,,,,,,,,,,,,,,,,,,,,,,,,
197,,,94,303,,14.00,46.50,849,0.0,4.500,3.622,4.05,0.000,24.73,1.00,1.23,-0.76,0.52,1.000,1.02,-1.32,1.015,0.00,0.90,1.408,28.5,8.995,0.694,0.000,850,6.87,4.3,1.12,0.00,44.3,1,1,0,0,1,1,0,0,0,0,1,0,0,0,0,0,0,0,1,0,1,0,0,0,0,0,0,0,0,0,0,0,1,1,5155.7,0C,1,1,0,1,1,0,1,0,0,150.56,487.75,,,,,,,,,,,,,,,,,,,,,,,,,,,,,,,,,,,,,,,,,,,,,,,,,,,,,,,,,,
198,,,94,689,,14.00,46.50,851,0.0,6.000,3.590,4.00,0.000,24.61,1.00,1.19,-0.76,0.52,1.000,1.02,-1.32,1.015,0.00,0.90,1.408,28.5,8.995,0.694,0.000,850,6.87,4.3,1.13,0.00,44.3,1,1,0,0,1,1,0,0,0,0,1,0,0,0,0,0,0,0,1,0,1,0,0,0,0,0,0,0,0,0,0,0,1,1,5155.7,0C,1,1,0,1,1,0,1,0,0,151.25,487.13,,,,,,,,,,,,,,,,,,,,,,,,,,,,,,,,,,,,,,,,,,,,,,,,,,,,,,,,,,
199,,,95,098,,14.00,46.50,854,0.0,7.500,3.680,4.00,0.000,24.84,1.00,1.14,-0.76,0.52,1.000,1.02,-1.32,1.016,0.00,0.90,1.505,28.5,8.995,0.694,0.000,850,6.87,4.3,1.13,0.00,44.3,1,1,0,0,1,1,0,0,0,0,1,0,0,0,0,0,0,0,1,0,1,0,0,0,0,0,0,0,0,0,0,0,1,1,5155.7,0C,1,1,0,1,1,0,1,0,0,149.00,489.25,,,,,,,,,,,,,,,,,,,,,,,,,,,,,,,,,,,,,,,,,,,,,,,,,,,,,,,,,,
200,,,95,491,,14.00,46.50,850,0.0,10.500,3.738,4.00,0.000,24.94,1.00,1.11,-0.76,0.52,1.000,1.02,-1.32,1.016,0.00,0.90,1.505,28.5,8.995,0.694,0.000,850,6.87,4.3,1.14,0.00,44.3,1,1,0,0,1,1,0,0,0,0,1,0,0,0,0,0,0,0,1,0,1,0,0,0,0,0,0,0,0,0,0,0,1,1,5155.7,0C,1,1,0,1,1,0,1,0,0,149.31,489.63,,,,,,,,,,,,,,,,,,,,,,,,,,,,,,,,,,,,,,,,,,,,,,,,,,,,,,,,,,
201,,,95,898,,14.00,46.50,847,0.0,6.000,3.667,4.00,0.000,24.89,1.00,1.08,-0.76,0.52,1.000,1.02,-1.32,1.016,0.00,0.90,1.505,28.5,8.995,0.694,0.000,850,6.87,4.3,1.16,0.00,44.3,1,1,0,0,1,1,0,0,0,0,1,0,0,0,0,0,0,0,1,0,1,0,0,0,0,0,0,0,0,0,0,0,1,1,5155.7,0C,1,1,0,1,1,0,1,0,0,150.44,490.44,,,,,,,,,,,,,,,,,,,,,,,,,,,,,,,,,,,,,,,,,,,,,,,,,,,,,,,,,,
202,,,96,283,,14.00,46.50,843,0.0,6.000,3.654,4.00,0.000,24.87,1.00,1.06,-0.76,0.52,1.000,1.02,-1.32,1.016,0.00,0.90,1.505,28.5,8.995,0.694,0.000,850,6.87,4.3,1.19,0.00,44.3,1,1,0,0,1,1,0,0,0,0,1,0,0,0,0,0,0,0,1,0,1,0,0,0,0,0,0,0,0,0,0,0,1,1,5155.7,0C,1,1,0,1,1,0,1,0,0,151.00,491.44,,,,,,,,,,,,,,,,,,,,,,,,,,,,,,,,,,,,,,,,,,,,,,,,,,,,,,,,,,
203,,,96,668,,14.00,46.50,840,0.0,6.750,3.642,4.00,0.000,24.87,1.00,1.04,-0.76,0.52,1.000,1.02,-1.32,1.016,0.00,0.90,1.505,28.5,8.995,0.694,0.000,850,6.87,4.3,1.23,0.00,44.3,1,1,0,0,1,1,0,0,0,0,1,0,0,0,0,0,0,0,1,0,1,0,0,0,0,0,0,0,0,0,0,0,1,1,5155.7,0C,1,1,0,1,1,0,1,0,0,152.31,492.88,,,,,,,,,,,,,,,,,,,,,,,,,,,,,,,,,,,,,,,,,,,,,,,,,,,,,,,,,,
204,,,97,064,,14.00,46.50,848,0.0,3.000,3.661,4.00,0.000,24.89,1.00,0.97,-0.76,0.51,1.000,0.03,-4.67,0.180,0.01,0.45,83.110,-48.0,48.055,0.047,0.000,90,90.72,4573.8,-199.48,-199.48,-199.48,-199.48,-199.48,-199.48,-199.48,-199.48,-199.48,-199.48,-199.48,-199.48,-199.48,-199.48,-199.48,-199.48,-199.48,-199.48,-199.48,-199.48,-199.48,-199.48,-199.48,-199.48,-199.48,-199.48,-199.48,-199.48,-199.48,-199.48,-199.48,-199.48,-199.48,-199.48,-199.48,-199.48,-199.48,-199.48,,,,,,,,,,,,,,,,,,,,,,,,,,,,,,,,,,,,,,,,,,,,,,,,,,,,,,,,,,,,,,,,,,,,,,
205,,,97,449,,14.00,46.50,842,0.0,7.500,3.642,4.00,0.000,24.84,1.00,0.96,-0.76,0.51,1.000,1.02,-1.32,1.016,0.00,0.90,1.552,28.5,8.995,0.694,0.000,850,6.87,4.3,1.28,0.00,44.3,1,1,0,0,1,1,0,0,0,0,1,0,0,0,0,0,0,0,1,0,1,0,0,0,0,0,0,0,0,0,0,0,1,1,5155.7,0C,1,1,0,1,1,0,1,0,0,151.56,491.75,,,,,,,,,,,,,,,,,,,,,,,,,,,,,,,,,,,,,,,,,,,,,,,,,,,,,,,,,,
206,,,97,838,,14.00,46.50,845,0.0,10.500,3.750,4.00,0.000,25.05,1.00,0.93,-0.76,0.52,1.000,1.02,-1.32,1.016,0.00,0.90,1.552,28.5,8.995,0.694,0.000,850,6.87,4.3,1.30,0.00,44.3,1,1,0,0,1,1,0,0,0,0,1,0,0,0,0,0,0,0,1,0,1,0,0,0,0,0,0,0,0,0,0,0,1,1,5155.7,0C,1,1,0,1,1,0,1,0,0,153.13,490.63,,,,,,,,,,,,,,,,,,,,,,,,,,,,,,,,,,,,,,,,,,,,,,,,,,,,,,,,,,
207,,,98,232,,14.00,46.50,852,0.0,6.750,3.635,4.00,0.000,24.75,1.00,0.92,-0.76,0.52,1.000,1.02,-1.32,1.015,0.00,0.90,1.552,28.5,8.995,0.694,0.000,850,6.87,4.3,1.29,0.00,44.3,1,1,0,0,1,1,0,0,0,0,1,0,0,0,0,0,0,0,1,0,1,0,0,0,0,0,0,0,0,0,0,0,1,1,5155.7,0C,1,1,0,1,1,0,1,0,0,151.94,488.88,,,,,,,,,,,,,,,,,,,,,,,,,,,,,,,,,,,,,,,,,,,,,,,,,,,,,,,,,,
208,,,98,628,,14.00,47.25,849,0.0,6.000,3.686,4.00,0.000,24.87,1.00,0.92,-0.76,0.52,1.000,1.02,-1.32,1.016,0.00,0.90,1.552,28.5,8.995,0.694,0.000,850,6.87,4.3,1.31,0.00,44.3,1,1,0,0,1,1,0,0,0,0,1,0,0,0,0,0,0,0,1,0,1,0,0,0,0,0,0,0,0,0,0,0,1,1,5155.7,0C,1,1,0,1,1,0,1,0,0,152.44,490.06,,,,,,,,,,,,,,,,,,,,,,,,,,,,,,,,,,,,,,,,,,,,,,,,,,,,,,,,,,
209,,,99,021,,14.00,47.25,854,0.0,1.500,3.686,4.00,0.000,24.80,1.00,0.92,-0.76,0.52,1.000,1.02,-1.32,1.015,0.00,0.90,1.447,28.5,8.995,0.694,0.000,850,6.87,4.3,1.29,0.00,44.3,1,1,0,0,1,1,0,0,0,0,1,0,0,0,0,0,0,0,1,0,1,0,0,0,0,0,0,0,0,0,0,0,1,1,5155.7,0C,1,1,0,1,1,0,1,0,0,151.56,487.31,,,,,,,,,,,,,,,,,,,,,,,,,,,,,,,,,,,,,,,,,,,,,,,,,,,,,,,,,,
210,,,99,420,,14.00,47.25,851,0.0,1.500,3.629,4.00,0.000,24.66,1.00,0.91,-0.76,0.51,1.000,1.02,-1.32,1.015,0.00,0.90,1.447,28.5,8.995,0.694,0.000,850,6.87,4.3,1.30,0.00,44.3,1,1,0,0,1,1,0,0,0,0,1,0,0,0,0,0,0,0,1,0,1,0,0,0,0,0,0,0,0,0,0,0,1,1,5155.7,0C,1,1,0,1,1,0,1,0,0,151.81,488.75,,,,,,,,,,,,,,,,,,,,,,,,,,,,,,,,,,,,,,,,,,,,,,,,,,,,,,,,,,
211,,,99,814,,14.00,47.25,846,0.0,7.500,3.546,4.00,0.000,24.52,1.00,0.91,-0.76,0.52,1.000,1.02,-1.32,1.015,0.00,0.90,1.447,28.5,8.995,0.694,0.000,850,6.87,4.3,1.31,0.00,44.3,1,1,0,0,1,1,0,0,0,0,1,0,0,0,0,0,0,0,1,0,1,0,0,0,0,0,0,0,0,0,0,0,1,1,5155.7,0C,1,1,0,1,1,0,1,0,0,151.75,489.13,,,,,,,,,,,,,,,,,,,,,,,,,,,,,,,,,,,,,,,,,,,,,,,,,,,,,,,,,,
212,,,100,246,,14.00,47.25,851,0.0,9.000,3.603,4.00,0.000,24.66,1.00,0.91,-0.76,0.52,1.000,1.02,-1.32,1.015,0.00,0.90,1.447,28.5,8.995,0.694,0.000,850,6.87,4.3,1.30,0.00,44.3,1,1,0,0,1,1,0,0,0,0,1,0,0,0,0,0,0,0,1,0,1,0,0,0,0,0,0,0,0,0,0,0,1,1,5155.7,0C,1,1,0,1,1,0,1,0,0,151.19,487.94,,,,,,,,,,,,,,,,,,,,,,,,,,,,,,,,,,,,,,,,,,,,,,,,,,,,,,,,,,
213,,,100,662,,14.00,47.25,850,0.0,7.500,3.610,4.00,0.000,24.66,1.00,0.90,-0.76,0.52,1.000,1.02,-1.32,1.015,0.00,0.90,1.447,28.5,8.995,0.694,0.000,850,6.87,4.3,1.29,0.00,44.3,1,1,0,0,1,1,0,0,0,0,1,0,0,0,0,0,0,0,1,0,1,0,0,0,0,0,0,0,0,0,0,0,1,1,5155.7,0C,1,1,0,1,1,0,1,0,0,151.75,488.88,,,,,,,,,,,,,,,,,,,,,,,,,,,,,,,,,,,,,,,,,,,,,,,,,,,,,,,,,,
214,,,101,063,,14.00,47.25,851,0.0,6.750,3.622,4.00,0.000,24.75,1.00,0.90,-0.76,0.52,1.000,1.02,-1.32,1.015,0.00,0.90,1.447,28.5,8.995,0.694,0.000,850,6.87,4.3,1.28,0.00,44.3,1,1,0,0,1,1,0,0,0,0,1,0,0,0,0,0,0,0,1,0,1,0,0,0,0,0,0,0,0,0,0,0,1,1,5155.7,0C,1,1,0,1,1,0,1,0,0,151.31,488.25,,,,,,,,,,,,,,,,,,,,,,,,,,,,,,,,,,,,,,,,,,,,,,,,,,,,,,,,,,
215,,,101,450,,14.00,47.25,846,0.0,7.500,3.552,4.00,0.000,24.56,1.00,0.92,-0.76,0.52,1.000,1.02,-1.32,1.015,0.00,0.90,1.447,28.5,8.995,0.694,0.000,850,6.88,4.3,1.29,0.00,44.3,1,1,0,0,1,1,0,0,0,0,1,0,0,0,0,0,0,0,1,0,1,0,0,0,0,0,0,0,0,0,0,0,1,1,5155.7,0C,1,1,0,1,1,0,1,0,0,151.50,490.38,,,,,,,,,,,,,,,,,,,,,,,,,,,,,,,,,,,,,,,,,,,,,,,,,,,,,,,,,,
216,,,101,849,,14.00,47.25,844,0.0,6.750,3.584,4.00,0.000,24.68,1.00,0.90,-0.76,0.52,1.000,1.02,-1.32,1.015,0.00,0.90,1.447,27.8,8.995,0.694,0.000,850,6.88,4.3,1.31,0.00,44.3,1,1,0,0,1,1,0,0,0,0,1,0,0,0,0,0,0,0,1,0,1,0,0,0,0,0,0,0,0,0,0,0,1,1,5155.7,0C,1,1,0,1,1,0,1,0,0,151.56,490.63,,,,,,,,,,,,,,,,,,,,,,,,,,,,,,,,,,,,,,,,,,,,,,,,,,,,,,,,,,
217,,,102,238,,14.00,47.25,845,0.0,2.250,3.616,4.00,0.000,24.66,1.00,0.89,-0.76,0.52,1.000,1.02,-1.32,1.015,0.00,0.90,1.408,27.8,8.995,0.694,0.000,840,6.87,4.3,1.32,0.00,44.3,1,1,0,0,1,1,0,0,0,0,1,0,0,0,0,0,0,0,1,0,1,1,0,0,0,0,0,0,0,0,0,0,1,1,5155.7,0C,1,1,0,1,1,0,1,0,0,152.50,490.75,,,,,,,,,,,,,,,,,,,,,,,,,,,,,,,,,,,,,,,,,,,,,,,,,,,,,,,,,,
218,,,102,628,,14.00,47.25,844,0.0,3.750,3.558,4.00,0.000,24.70,1.00,0.89,-0.76,0.51,1.000,1.02,-1.32,1.015,0.00,0.90,1.408,27.8,8.995,0.694,0.000,840,6.88,4.3,1.33,0.00,44.3,1,1,0,0,1,1,0,0,0,0,1,0,0,0,0,0,0,0,1,0,1,1,0,0,0,0,0,0,0,0,0,0,1,1,5155.7,0C,1,1,0,1,1,0,1,0,0,151.38,492.06,,,,,,,,,,,,,,,,,,,,,,,,,,,,,,,,,,,,,,,,,,,,,,,,,,,,,,,,,,
219,,,103,033,,14.00,47.25,840,0.0,8.250,3.501,4.05,0.000,24.47,1.00,0.90,-0.76,0.52,1.000,1.02,-1.32,1.015,0.00,0.90,1.408,27.8,8.995,0.694,0.000,840,6.88,4.3,1.36,0.03,44.3,1,1,0,0,1,1,0,0,0,0,1,0,0,0,0,0,0,0,1,0,1,1,0,0,0,0,0,0,0,0,0,0,1,1,5155.7,0C,1,1,0,1,1,0,1,0,0,150.75,494.06,,,,,,,,,,,,,,,,,,,,,,,,,,,,,,,,,,,,,,,,,,,,,,,,,,,,,,,,,,
220,,,103,434,,14.00,47.25,850,0.0,8.250,3.603,4.00,0.000,24.75,1.00,0.90,-0.76,0.52,1.000,1.02,-1.32,1.015,0.00,0.90,1.408,27.8,8.995,0.694,0.000,840,6.88,4.3,1.34,0.00,44.3,1,1,0,0,1,1,0,0,0,0,1,0,0,0,0,0,0,0,1,0,1,1,0,0,0,0,0,0,0,0,0,0,1,1,5155.7,0C,1,1,0,1,1,0,1,0,0,152.13,491.13,,,,,,,,,,,,,,,,,,,,,,,,,,,,,,,,,,,,,,,,,,,,,,,,,,,,,,,,,,
221,,,103,859,,14.00,47.25,846,0.0,9.000,3.584,4.05,0.000,24.63,1.00,0.91,-0.76,0.52,1.000,1.02,-1.32,1.015,0.00,0.90,1.408,27.8,8.995,0.694,0.000,840,6.88,4.3,1.34,0.00,44.3,1,1,0,0,1,1,0,0,0,0,1,0,0,0,0,0,0,0,1,0,1,1,0,0,0,0,0,0,0,0,0,0,1,1,5155.7,0C,1,1,0,1,1,0,1,0,0,151.19,491.69,,,,,,,,,,,,,,,,,,,,,,,,,,,,,,,,,,,,,,,,,,,,,,,,,,,,,,,,,,
222,,,104,288,,14.00,47.25,843,0.0,7.500,3.635,4.00,0.000,24.91,1.00,0.94,-0.76,0.52,1.000,1.02,-1.32,1.016,0.00,0.90,1.408,27.8,8.995,0.694,0.000,840,6.88,4.3,1.35,0.00,44.3,1,1,0,0,1,1,0,0,0,0,1,0,0,0,0,0,0,0,1,0,1,1,0,0,0,0,0,0,0,0,0,0,1,1,5155.7,0C,1,1,0,1,1,0,1,0,0,151.69,492.81,,,,,,,,,,,,,,,,,,,,,,,,,,,,,,,,,,,,,,,,,,,,,,,,,,,,,,,,,,
223,,,104,681,,14.10,47.25,841,0.0,8.250,3.597,4.00,0.000,24.82,1.00,0.92,-0.76,0.52,1.000,1.02,-1.32,1.015,0.00,0.90,1.408,27.8,8.995,0.694,0.000,840,6.88,4.3,1.37,0.00,44.3,1,1,0,0,1,1,0,0,0,0,1,0,0,0,0,0,0,0,1,0,1,1,0,0,0,0,0,0,0,0,0,0,1,1,5155.7,0C,1,1,0,1,1,0,1,0,0,151.25,493.81,,,,,,,,,,,,,,,,,,,,,,,,,,,,,,,,,,,,,,,,,,,,,,,,,,,,,,,,,,
224,,,105,079,,14.00,47.25,837,0.0,6.000,3.642,4.00,0.000,24.98,1.00,0.92,-0.76,0.52,1.000,1.02,-1.32,1.016,0.00,0.90,1.370,27.8,8.995,0.694,0.000,840,6.88,4.3,1.41,0.00,44.3,1,1,0,0,1,1,0,0,0,0,1,0,0,0,0,0,0,0,1,0,1,1,0,0,0,0,0,0,0,0,0,0,1,1,5155.7,0C,1,1,0,1,1,0,1,0,0,153.25,495.50,,,,,,,,,,,,,,,,,,,,,,,,,,,,,,,,,,,,,,,,,,,,,,,,,,,,,,,,,,
225,,,105,478,,14.10,48.00,842,0.0,3.750,3.635,4.00,0.000,25.05,1.00,0.92,-0.76,0.52,1.000,1.02,-1.32,1.016,0.00,0.90,1.370,27.8,8.995,0.694,0.000,840,6.88,4.3,1.42,0.00,44.3,1,1,0,0,1,1,0,0,0,0,1,0,0,0,0,0,0,0,1,0,1,1,0,0,0,0,0,0,0,0,0,0,1,1,5155.7,0C,1,1,0,1,1,0,1,0,0,151.81,495.69,,,,,,,,,,,,,,,,,,,,,,,,,,,,,,,,,,,,,,,,,,,,,,,,,,,,,,,,,,
226,,,105,878,,14.10,48.00,848,0.0,3.000,3.725,4.00,0.000,25.10,1.00,0.92,-0.76,0.52,1.000,1.02,-1.32,1.017,0.00,0.90,1.370,27.8,8.995,0.694,0.000,840,6.88,4.3,1.43,0.00,44.3,1,1,0,0,1,1,0,0,0,0,1,0,0,0,0,0,0,0,1,0,1,1,0,0,0,0,0,0,0,0,0,0,1,1,5155.7,0C,1,1,0,1,1,0,1,0,0,151.13,493.13,,,,,,,,,,,,,,,,,,,,,,,,,,,,,,,,,,,,,,,,,,,,,,,,,,,,,,,,,,
227,,,106,258,,14.00,48.00,851,0.0,1.500,3.642,4.00,0.000,24.94,1.00,0.92,-0.76,0.52,1.000,1.02,-1.32,1.016,0.00,0.90,1.552,27.8,8.995,0.694,0.000,840,6.88,4.3,1.41,0.00,44.3,1,1,0,0,1,1,0,0,0,0,1,0,0,0,0,0,0,0,1,0,1,1,0,0,0,0,0,0,0,0,0,0,1,1,5155.7,0C,1,1,0,1,1,0,1,0,0,150.06,491.44,,,,,,,,,,,,,,,,,,,,,,,,,,,,,,,,,,,,,,,,,,,,,,,,,,,,,,,,,,
228,,,106,643,,14.00,48.00,846,0.0,5.250,3.565,4.00,0.000,24.56,1.00,0.93,-0.76,0.52,1.000,1.02,-1.32,1.015,0.00,0.90,1.552,27.8,8.995,0.694,0.000,840,6.88,4.3,1.41,0.00,44.3,1,1,0,0,1,1,0,0,0,0,1,0,0,0,0,0,0,0,1,0,1,1,0,0,0,0,0,0,0,0,0,0,1,1,5155.7,0C,1,1,0,1,1,0,1,0,0,152.06,490.31,,,,,,,,,,,,,,,,,,,,,,,,,,,,,,,,,,,,,,,,,,,,,,,,,,,,,,,,,,
229,,,107,031,,14.00,48.00,842,0.0,3.750,3.590,4.00,0.000,24.73,1.00,0.93,-0.76,0.52,1.000,1.02,-1.32,1.015,0.00,0.90,1.408,27.8,8.995,0.694,0.000,840,6.88,4.3,1.43,0.00,44.3,1,1,0,0,1,1,0,0,0,0,1,0,0,0,0,0,0,0,1,0,1,1,0,0,0,0,0,0,0,0,0,0,1,1,5155.7,0C,1,1,0,1,1,0,1,0,0,151.13,492.94,,,,,,,,,,,,,,,,,,,,,,,,,,,,,,,,,,,,,,,,,,,,,,,,,,,,,,,,,,
230,,,107,428,,14.00,48.00,844,0.0,3.000,3.635,4.00,0.000,24.96,1.00,0.92,-0.76,0.52,1.000,1.02,-1.32,1.016,0.00,0.90,1.408,27.8,8.995,0.694,0.000,840,6.88,4.3,1.43,0.00,44.3,1,1,0,0,1,1,0,0,0,0,1,0,0,0,0,0,0,0,1,0,1,1,0,0,0,0,0,0,0,0,0,0,1,1,5155.7,0C,1,1,0,1,1,0,1,0,0,151.75,493.94,,,,,,,,,,,,,,,,,,,,,,,,,,,,,,,,,,,,,,,,,,,,,,,,,,,,,,,,,,
231,,,107,844,,14.00,48.00,840,0.0,4.500,3.603,4.00,0.000,24.87,1.00,0.92,-0.76,0.52,1.000,1.02,-1.32,1.016,0.00,0.90,1.408,27.8,8.995,0.694,0.000,840,6.88,4.3,1.45,0.00,44.3,1,1,0,0,1,1,0,0,0,0,1,0,0,0,0,0,0,0,1,0,1,1,0,0,0,0,0,0,0,0,0,0,1,1,5155.7,0C,1,1,0,1,1,0,1,0,0,152.38,495.81,,,,,,,,,,,,,,,,,,,,,,,,,,,,,,,,,,,,,,,,,,,,,,,,,,,,,,,,,,
232,,,108,248,,14.00,48.00,839,0.0,9.750,3.558,4.00,0.000,24.75,1.00,0.91,-0.76,0.52,1.000,1.02,-1.32,1.015,0.00,0.90,1.408,27.8,8.995,0.694,0.000,840,6.88,4.3,1.47,0.00,44.3,1,1,0,0,1,1,0,0,0,0,1,0,0,0,0,0,0,0,1,0,1,1,0,0,0,0,0,0,0,0,0,0,1,1,5155.7,0C,1,1,0,1,1,0,1,0,0,154.31,495.38,,,,,,,,,,,,,,,,,,,,,,,,,,,,,,,,,,,,,,,,,,,,,,,,,,,,,,,,,,
233,,,108,680,,14.00,48.00,845,0.0,5.250,3.539,4.00,0.000,24.63,1.00,0.93,-0.76,0.52,1.000,1.02,-1.32,1.015,0.00,0.90,1.408,27.8,8.995,0.694,0.000,840,6.88,4.3,1.46,0.00,44.3,1,1,0,0,1,1,0,0,0,0,1,0,0,0,0,0,0,0,1,0,1,1,0,0,0,0,0,0,0,0,0,0,1,1,5155.7,0C,1,1,0,1,1,0,1,0,0,152.44,492.38,,,,,,,,,,,,,,,,,,,,,,,,,,,,,,,,,,,,,,,,,,,,,,,,,,,,,,,,,,
234,,,109,070,,14.00,48.00,843,0.0,9.000,3.539,4.00,0.000,24.66,1.00,0.94,-0.76,0.52,1.000,1.02,-1.32,1.015,0.00,0.90,1.408,27.8,8.995,0.694,0.000,840,6.88,4.3,1.45,0.00,44.3,1,1,0,0,1,1,0,0,0,0,1,0,0,0,0,0,0,0,1,0,1,1,0,0,0,0,0,0,0,0,0,0,1,1,5155.7,0C,1,1,0,1,1,0,1,0,0,151.75,494.69,792.1681,797.4195,805.6591,805.6591,0,0,0,0,0,0,0,0,0,0,0,1,1,1,1,1,0,0,0,0,,,,,,,,,,,,,,,,,,,,,,,,,,,,,,,,,,
235,,,109,820,,,,,,,,,,,,,,,,,,,,,,,,,,,,,,,,,,,,,,,,,,,,,,,,,,,,,,,,,,,,,,,,,,,,,,,,,,,,,,,792.1681,797.4195,805.6591,805.6591,0,0,0,0,0,0,0,0,0,0,0,1,1,1,1,1,0,0,0,0,,,,,,,,,,,,,,,,,,,,,,,,,,,,,,,,,,
236,,,110,196,,,,,,,,,,,,,,,,,,,,,,,,,,,,,,,,,,,,,,,,,,,,,,,,,,,,,,,,,,,,,,,,,,,,,,,,,,,,,,,792.1681,797.4195,805.6591,805.6591,0,0,0,0,0,0,0,0,0,0,0,1,1,1,1,1,0,0,0,0,,,,,,,,,,,,,,,,,,,,,,,,,,,,,,,,,,
237,,,110,657,,,,,,,,,,,,,,,,,,,,,,,,,,,,,,,,,,,,,,,,,,,,,,,,,,,,,,,,,,,,,,,,,,,,,,,,,,,,,,,792.1681,797.4195,805.6591,805.6591,0,0,0,0,0,0,0,0,0,0,0,1,1,1,1,1,0,0,0,0,,,,,,,,,,,,,,,,,,,,,,,,,,,,,,,,,,
238,,,111,008,,,,,,,,,,,,,,,,,,,,,,,,,,,,,,,,,,,,,,,,,,,,,,,,,,,,,,,,,,,,,,,,,,,,,,,,,,,,,,,792.1681,797.4195,805.6591,805.6591,0,0,0,0,0,0,0,0,0,0,0,1,1,1,1,1,0,0,0,0,,,,,,,,,,,,,,,,,,,,,,,,,,,,,,,,,,
239,,,111,385,,,,,,,,,,,,,,,,,,,,,,,,,,,,,,,,,,,,,,,,,,,,,,,,,,,,,,,,,,,,,,,,,,,,,,,,,,,,,,,792.1681,797.4195,805.6591,805.6591,0,0,0,0,0,0,0,0,0,0,0,1,1,1,1,1,0,0,0,0,,,,,,,,,,,,,,,,,,,,,,,,,,,,,,,,,,
240,,,111,792,,,,,,,,,,,,,,,,,,,,,,,,,,,,,,,,,,,,,,,,,,,,,,,,,,,,,,,,,,,,,,,,,,,,,,,,,,,,,,,792.1681,797.4195,805.6591,805.6591,0,0,0,0,0,0,0,0,0,0,0,1,1,1,1,1,0,0,0,0,,,,,,,,,,,,,,,,,,,,,,,,,,,,,,,,,,
241,,,112,156,,,,,,,,,,,,,,,,,,,,,,,,,,,,,,,,,,,,,,,,,,,,,,,,,,,,,,,,,,,,,,,,,,,,,,,,,,,,,,,792.1681,797.4195,805.6591,805.6591,0,0,0,0,0,0,0,0,0,0,0,1,1,1,1,1,0,0,0,0,,,,,,,,,,,,,,,,,,,,,,,,,,,,,,,,,,
242,,,112,541,,,,,,,,,,,,,,,,,,,,,,,,,,,,,,,,,,,,,,,,,,,,,,,,,,,,,,,,,,,,,,,,,,,,,,,,,,,,,,,792.1681,797.4195,805.6591,805.6591,0,0,0,0,0,0,0,0,0,0,0,1,1,1,1,1,0,0,0,0,,,,,,,,,,,,,,,,,,,,,,,,,,,,,,,,,,
243,,,112,918,,,,,,,,,,,,,,,,,,,,,,,,,,,,,,,,,,,,,,,,,,,,,,,,,,,,,,,,,,,,,,,,,,,,,,,,,,,,,,,792.1681,797.4195,805.6591,805.6591,0,0,0,0,0,0,0,0,0,0,0,1,1,1,1,1,0,0,0,0,,,,,,,,,,,,,,,,,,,,,,,,,,,,,,,,,,
244,,,113,279,,,,,,,,,,,,,,,,,,,,,,,,,,,,,,,,,,,,,,,,,,,,,,,,,,,,,,,,,,,,,,,,,,,,,,,,,,,,,,,792.1681,797.4195,805.6591,805.6591,0,0,0,0,0,0,0,0,0,0,0,1,1,1,1,1,0,0,0,0,,,,,,,,,,,,,,,,,,,,,,,,,,,,,,,,,,
245,,,113,660,,14.00,48.75,847,0.0,3.750,3.654,4.00,0.000,25.01,1.00,0.91,-0.76,0.52,1.000,1.02,-1.32,1.016,0.00,0.90,1.408,27.8,8.995,0.694,0.000,840,6.88,4.3,1.59,0.00,44.3,1,1,0,0,1,1,0,0,0,0,1,0,0,0,0,0,0,0,1,0,1,1,0,0,0,0,0,0,0,0,0,0,1,1,5155.7,0C,1,1,0,1,1,0,1,0,0,151.88,494.00,,,,,,,,,,,,,,,,,,,,,,,,,,,,,,,,,,,,,,,,,,,,,,,,,,,,,,,,,,
246,,,114,047,,14.00,48.75,839,0.0,6.000,3.565,4.00,0.000,24.80,1.00,0.93,-0.76,0.52,1.000,1.02,-1.32,1.015,0.00,0.90,1.408,27.8,8.995,0.694,0.000,840,6.88,4.3,1.61,0.00,44.3,1,1,0,0,1,1,0,0,0,0,1,0,0,0,0,0,0,0,1,0,1,1,0,0,0,0,0,0,0,0,0,0,1,1,5155.7,0C,1,1,0,1,1,0,1,0,0,152.56,495.50,,,,,,,,,,,,,,,,,,,,,,,,,,,,,,,,,,,,,,,,,,,,,,,,,,,,,,,,,,
247,,,114,450,,14.00,48.75,831,0.0,7.500,3.450,4.00,0.000,24.82,1.00,0.92,-0.76,0.51,0.984,1.02,-1.32,1.016,0.00,0.90,1.408,27.8,9.133,0.694,0.000,840,6.88,4.3,1.64,0.00,44.3,1,1,0,0,1,1,0,0,0,0,1,0,0,0,0,0,0,0,1,0,1,1,1,0,0,0,0,0,0,0,0,0,1,1,5155.7,0C,1,1,0,1,1,0,1,0,0,153.69,497.94,,,,,,,,,,,,,,,,,,,,,,,,,,,,,,,,,,,,,,,,,,,,,,,,,,,,,,,,,,
248,,,114,836,,14.00,-48.00,10496,0.0,3.000,70.451,928.13,53.632,614.88,1.45,0.10,-1.30,0.11,0.007,0.03,-11.53,0.184,0.01,0.45,0.181,-42.0,80.470,0.672,30.000,0,12.88,128.3,0.87,-49.63,112.5,0,1,0,0,0,1,0,1,1,1,1,1,0,1,1,0,0,1,0,0,0,0,0,0,0,0,1,0,0,1,0,0,0,0,6618.5,39,0,1,0,1,0,1,1,1,1,1,1,,,,,,,,,,,,,,,,,,,,,,,,,,,,,,,,,,,,,,,,,,,,,,,,,,,,,,,,,,
249,,,115,239,,14.10,48.75,839,0.0,6.000,3.590,4.05,0.000,25.22,1.00,0.22,-0.76,0.52,1.006,1.02,-1.32,1.017,0.00,0.90,1.271,27.8,9.178,0.694,0.000,840,6.88,4.3,1.69,0.00,44.3,1,1,0,0,1,1,0,0,0,0,1,0,0,0,0,0,0,0,1,0,1,1,1,0,0,0,0,0,0,0,0,0,1,1,5155.7,0C,1,1,0,1,1,0,1,0,0,153.75,498.19,,,,,,,,,,,,,,,,,,,,,,,,,,,,,,,,,,,,,,,,,,,,,,,,,,,,,,,,,,
250,,,115,649,,14.00,48.75,847,0.0,0.000,3.674,4.00,0.000,25.29,1.00,0.23,-0.76,0.52,1.023,1.02,-1.32,1.017,0.00,0.90,1.271,27.8,9.522,0.694,0.000,840,6.88,4.3,1.68,0.00,44.3,1,1,0,0,1,1,0,0,0,0,1,0,0,0,0,0,0,0,1,0,1,1,1,0,0,0,0,0,0,0,0,0,1,1,5155.7,0C,1,1,0,1,1,0,1,0,0,152.38,496.50,,,,,,,,,,,,,,,,,,,,,,,,,,,,,,,,,,,,,,,,,,,,,,,,,,,,,,,,,,
251,,,116,041,,14.10,48.75,844,0.0,1.500,3.699,3.93,0.000,25.08,1.00,0.70,-0.76,0.52,1.015,1.02,-1.32,1.017,0.00,0.90,1.408,27.8,9.522,0.694,0.000,840,6.88,4.3,1.68,0.00,44.3,1,1,0,0,1,1,0,0,0,0,1,0,0,0,0,0,0,0,1,0,1,1,1,0,0,0,0,0,0,0,0,0,1,1,5155.7,0C,1,1,0,1,1,0,1,0,0,153.44,496.13,,,,,,,,,,,,,,,,,,,,,,,,,,,,,,,,,,,,,,,,,,,,,,,,,,,,,,,,,,
252,,,116,450,,14.00,48.75,842,0.0,3.750,3.552,4.00,0.000,25.15,1.00,0.84,-0.76,0.52,0.998,1.02,-1.32,1.017,0.00,0.90,1.408,27.8,9.865,0.694,0.000,840,6.88,4.3,1.68,0.00,44.3,1,1,0,0,1,1,0,0,0,0,1,0,0,0,0,0,0,0,1,0,1,1,1,0,0,0,0,0,0,0,0,0,1,1,5155.7,0C,1,1,0,1,1,0,1,0,0,152.81,497.75,,,,,,,,,,,,,,,,,,,,,,,,,,,,,,,,,,,,,,,,,,,,,,,,,,,,,,,,,,
253,,,116,851,,14.00,48.75,838,0.0,0.750,3.424,4.05,0.000,24.84,1.00,0.64,-0.76,0.52,0.981,1.02,-1.32,1.016,0.00,0.90,1.408,27.8,10.208,0.694,0.000,840,6.88,4.3,1.69,0.00,44.3,1,1,0,0,1,1,0,0,0,0,1,0,0,0,0,0,0,0,1,0,1,1,1,0,0,0,0,0,0,0,0,0,1,1,5155.7,0C,1,1,0,1,1,0,1,0,0,151.94,497.13,,,,,,,,,,,,,,,,,,,,,,,,,,,,,,,,,,,,,,,,,,,,,,,,,,,,,,,,,,
254,,,117,251,,14.00,48.75,842,0.0,2.250,3.565,4.00,0.000,24.91,1.00,0.23,-0.76,0.51,1.018,1.02,-1.32,1.016,0.00,0.90,1.271,27.8,10.208,0.694,0.000,840,6.88,4.3,1.68,0.00,44.3,1,1,0,0,1,1,0,0,0,0,1,0,0,0,0,0,0,0,1,0,1,1,1,0,0,0,0,0,0,0,0,0,1,1,5155.7,0C,1,1,0,1,1,0,1,0,0,151.94,497.25,,,,,,,,,,,,,,,,,,,,,,,,,,,,,,,,,,,,,,,,,,,,,,,,,,,,,,,,,,
255,,,117,617,,14.00,-48.00,10496,0.0,3.000,70.451,412.18,7.620,102.00,0.81,0.51,-0.27,0.04,0.347,0.00,8.60,1.617,0.01,0.01,16.374,42.0,83.613,0.916,0.916,0.916,0.916,0.916,0.916,0.916,0.916,0.916,0.916,0.916,0.916,0.916,0.916,0.916,0.916,0.916,0.916,0.916,0.916,0.916,0.916,0.916,0.916,0.916,0.916,0.916,0.916,0.916,0.916,0.916,0.916,0.916,0.916,0.916,0.916,0.916,0.916,0.916,0.916,0.916,0.916,0.916,,,,,,,,,,,,,,,,,,,,,,,,,,,,,,,,,,,,,,,,,,,,,,,,,,,,,,,,,,,,,,,,,,,,,,
256,,,118,018,,14.00,48.75,846,0.0,3.000,3.546,4.00,0.000,25.01,1.00,0.79,-0.76,0.52,1.014,1.02,-1.32,1.016,0.00,0.90,1.408,27.8,10.559,0.694,0.000,840,6.88,4.3,1.66,0.00,44.3,1,1,0,0,1,1,0,0,0,0,1,0,0,0,0,0,0,0,1,0,1,1,1,0,0,0,0,0,0,0,0,0,1,1,5155.7,0C,1,1,0,1,1,0,1,0,0,151.81,495.63,,,,,,,,,,,,,,,,,,,,,,,,,,,,,,,,,,,,,,,,,,,,,,,,,,,,,,,,,,
257,,,118,428,,14.00,48.75,831,0.0,3.750,3.571,4.00,0.000,25.29,1.00,0.85,-0.76,0.52,0.992,1.02,-1.32,1.017,0.00,0.90,1.408,27.8,10.903,0.694,0.000,840,6.88,4.3,1.72,0.00,44.3,1,1,0,0,1,1,0,0,0,0,1,0,0,0,0,0,0,0,1,0,1,1,1,0,0,0,0,0,0,0,0,0,1,1,5155.7,0C,1,1,0,1,1,0,1,0,0,154.69,502.25,,,,,,,,,,,,,,,,,,,,,,,,,,,,,,,,,,,,,,,,,,,,,,,,,,,,,,,,,,
258,,,118,852,,14.00,48.75,838,0.0,1.500,3.597,3.93,0.000,25.22,1.00,0.26,-0.76,0.52,1.014,1.02,-1.32,1.017,0.00,0.90,1.408,27.8,10.903,0.694,0.000,840,6.88,4.3,1.72,0.00,44.3,1,1,0,0,1,1,0,0,0,0,1,0,0,0,0,0,0,0,1,0,1,1,1,0,0,0,0,0,0,0,0,0,1,1,5155.7,0C,1,1,0,1,1,0,1,0,0,152.31,497.81,,,,,,,,,,,,,,,,,,,,,,,,,,,,,,,,,,,,,,,,,,,,,,,,,,,,,,,,,,
259,,,119,261,,14.00,49.50,840,0.0,3.750,3.565,3.93,0.000,24.89,1.00,0.24,-0.76,0.52,1.031,1.02,-1.32,1.016,0.00,0.90,1.370,27.8,11.246,0.694,0.000,840,6.88,4.3,1.72,0.00,44.3,1,1,0,0,1,1,0,0,0,0,1,0,0,0,0,0,0,0,1,0,1,1,1,0,0,0,0,0,0,0,0,0,1,1,5155.7,0C,1,1,0,1,1,0,1,0,0,152.63,495.25,,,,,,,,,,,,,,,,,,,,,,,,,,,,,,,,,,,,,,,,,,,,,,,,,,,,,,,,,,
260,,,119,661,,14.00,49.50,842,0.0,4.500,3.546,3.93,0.000,24.96,1.00,0.79,-0.76,0.52,1.011,1.02,-1.32,1.016,0.00,0.90,1.370,27.8,11.597,0.694,0.000,840,6.88,4.3,1.71,0.00,44.3,1,1,0,0,1,1,0,0,0,0,1,0,0,0,0,0,0,0,1,0,1,1,1,0,0,0,0,0,0,0,0,0,1,1,5155.7,0C,1,1,0,1,1,0,1,0,0,152.56,495.94,,,,,,,,,,,,,,,,,,,,,,,,,,,,,,,,,,,,,,,,,,,,,,,,,,,,,,,,,,
261,,,120,058,,14.00,49.50,841,0.0,6.750,3.392,3.93,0.000,24.66,1.00,0.82,-0.76,0.52,0.994,1.02,-1.32,1.015,0.00,0.90,1.408,27.8,11.940,0.694,0.000,840,6.88,4.3,1.71,0.00,44.3,1,1,0,0,1,1,0,0,0,0,1,0,0,0,0,0,0,0,1,0,1,1,1,0,0,0,0,0,0,0,0,0,1,1,5155.7,0C,1,1,0,1,1,0,1,0,0,152.56,494.94,,,,,,,,,,,,,,,,,,,,,,,,,,,,,,,,,,,,,,,,,,,,,,,,,,,,,,,,,,
262,,,120,438,,14.00,49.50,839,0.0,0.750,3.584,3.93,0.000,25.05,1.00,0.26,-0.76,0.52,1.016,1.02,-1.32,1.016,0.00,0.90,1.408,27.8,11.940,0.694,0.000,840,6.88,4.3,1.72,0.00,44.3,1,1,0,0,1,1,0,0,0,0,1,0,0,0,0,0,0,0,1,0,1,1,1,0,0,0,0,0,0,0,0,0,1,1,5155.7,0C,1,1,0,1,1,0,1,0,0,154.00,496.06,,,,,,,,,,,,,,,,,,,,,,,,,,,,,,,,,,,,,,,,,,,,,,,,,,,,,,,,,,
263,,,120,842,,14.00,49.50,846,0.0,9.750,3.642,3.93,0.000,25.08,1.00,0.23,-0.76,0.52,1.033,1.02,-1.32,1.017,0.00,0.90,1.408,27.8,12.284,0.694,0.000,840,6.88,4.3,1.70,0.00,44.3,1,1,0,0,1,1,0,0,0,0,1,0,0,0,0,0,0,0,1,0,1,1,1,0,0,0,0,0,0,0,0,0,1,1,5155.7,0C,1,1,0,1,1,0,1,0,0,153.75,493.25,,,,,,,,,,,,,,,,,,,,,,,,,,,,,,,,,,,,,,,,,,,,,,,,,,,,,,,,,,
264,,,121,240,,14.00,49.50,841,0.0,6.000,3.590,3.93,0.000,24.89,1.00,0.32,-0.76,0.52,1.051,1.02,-1.32,1.016,0.00,0.90,1.447,27.8,12.634,0.694,0.000,840,6.88,4.3,1.70,0.00,44.3,1,1,0,0,1,1,0,0,0,0,1,0,0,0,0,0,0,0,1,0,1,1,1,0,0,0,0,0,0,0,0,0,1,1,5155.7,0C,1,1,0,1,1,0,1,0,0,151.88,493.94,,,,,,,,,,,,,,,,,,,,,,,,,,,,,,,,,,,,,,,,,,,,,,,,,,,,,,,,,,
265,,,121,618,,14.10,49.50,839,0.0,4.500,3.520,3.93,0.000,24.98,1.00,0.85,-0.76,0.52,1.014,1.02,-1.32,1.016,0.00,0.90,1.447,27.8,12.978,0.694,0.000,840,6.88,4.3,1.70,0.00,44.3,1,1,0,0,1,1,0,0,0,0,1,0,0,0,0,0,0,0,1,0,1,1,1,0,0,0,0,0,0,0,0,0,1,1,5155.7,0C,1,1,0,1,1,0,1,0,0,152.44,495.69,,,,,,,,,,,,,,,,,,,,,,,,,,,,,,,,,,,,,,,,,,,,,,,,,,,,,,,,,,
266,,,122,032,,14.10,49.50,845,0.0,4.500,3.469,3.88,0.000,24.89,1.00,0.81,-0.76,0.52,0.997,1.02,-1.32,1.016,0.00,0.90,1.307,27.8,13.321,0.694,0.000,840,6.88,4.3,1.69,0.00,44.3,1,1,0,0,1,1,0,0,0,0,1,0,0,0,0,0,0,0,1,0,1,1,1,0,0,0,0,0,0,0,0,0,1,1,5155.7,0C,1,1,0,1,1,0,1,0,0,152.25,493.19,,,,,,,,,,,,,,,,,,,,,,,,,,,,,,,,,,,,,,,,,,,,,,,,,,,,,,,,,,
267,,,122,418,,14.10,49.50,844,0.0,5.250,3.520,3.93,0.000,24.80,1.00,0.25,-0.76,0.52,1.031,1.02,-1.32,1.015,0.00,0.90,1.307,27.8,13.664,0.694,0.000,840,6.88,4.3,1.68,0.00,44.3,1,1,0,0,1,1,0,0,0,0,1,0,0,0,0,0,0,0,1,0,1,1,1,0,0,0,0,0,0,0,0,0,1,1,5155.7,0C,1,1,0,1,1,0,1,0,0,151.13,493.19,,,,,,,,,,,,,,,,,,,,,,,,,,,,,,,,,,,,,,,,,,,,,,,,,,,,,,,,,,
268,,,122,830,,14.10,49.50,843,0.0,3.750,3.558,3.88,0.000,24.73,1.00,0.26,-0.76,0.52,1.049,1.02,-1.32,1.015,0.00,0.90,1.307,27.8,14.015,0.694,0.000,840,6.88,4.3,1.66,0.00,44.3,1,1,0,0,1,1,0,0,0,0,1,0,0,0,0,0,0,0,1,0,1,1,1,0,0,0,0,0,0,0,0,0,1,1,5155.7,0C,1,1,0,1,1,0,1,0,0,149.75,492.00,,,,,,,,,,,,,,,,,,,,,,,,,,,,,,,,,,,,,,,,,,,,,,,,,,,,,,,,,,
269,,,123,221,,14.10,49.50,845,0.0,5.250,3.494,3.88,0.000,24.63,1.00,0.81,-0.76,0.52,1.024,1.02,-1.32,1.015,0.00,0.90,1.408,27.8,14.359,0.694,0.000,840,6.88,4.3,1.64,0.00,44.3,1,1,0,0,1,1,0,0,0,0,1,0,0,0,0,0,0,0,1,0,1,1,1,0,0,0,0,0,0,0,0,0,1,1,5155.7,0C,1,1,0,1,1,0,1,0,0,151.25,491.06,,,,,,,,,,,,,,,,,,,,,,,,,,,,,,,,,,,,,,,,,,,,,,,,,,,,,,,,,,
270,,,123,618,,14.00,49.50,833,0.0,10.500,3.418,3.88,0.000,24.82,1.00,0.83,-0.76,0.52,1.007,1.02,-1.32,1.016,0.00,0.90,1.408,27.8,14.702,0.694,0.000,840,6.88,4.3,1.67,0.00,44.3,1,1,0,0,1,1,0,0,0,0,1,0,0,0,0,0,0,0,1,0,1,1,1,0,0,0,0,0,0,0,0,0,1,1,5155.7,0C,1,1,0,1,1,0,1,0,0,152.81,496.19,,,,,,,,,,,,,,,,,,,,,,,,,,,,,,,,,,,,,,,,,,,,,,,,,,,,,,,,,,
271,,,124,018,,14.00,49.50,838,0.0,3.000,3.526,3.88,0.000,25.03,1.00,0.25,-0.76,0.52,1.031,1.02,-1.32,1.016,0.00,0.90,1.271,27.8,15.053,0.694,0.000,840,6.88,4.3,1.67,0.00,44.3,1,1,0,0,1,1,0,0,0,0,1,0,0,0,0,0,0,0,1,0,1,1,1,0,0,0,0,0,0,0,0,0,1,1,5155.7,0C,1,1,0,1,1,0,1,0,0,150.38,495.81,,,,,,,,,,,,,,,,,,,,,,,,,,,,,,,,,,,,,,,,,,,,,,,,,,,,,,,,,,
272,,,124,430,,14.00,49.50,836,0.0,6.750,3.494,3.88,0.000,24.49,1.00,0.24,-0.76,0.51,1.053,1.02,-1.32,1.015,0.00,0.90,1.271,27.8,15.740,0.694,0.000,840,6.88,4.3,1.68,0.00,44.3,1,1,0,0,1,1,0,0,0,0,1,0,0,0,0,0,0,0,1,0,1,1,1,0,0,0,0,0,0,0,0,0,1,1,5155.7,0C,1,1,0,1,1,0,1,0,0,151.19,495.69,,,,,,,,,,,,,,,,,,,,,,,,,,,,,,,,,,,,,,,,,,,,,,,,,,,,,,,,,,
273,,,124,855,,14.00,49.50,839,0.0,0.000,3.533,3.88,0.000,24.89,1.00,0.78,-0.76,0.51,1.037,1.02,-1.32,1.016,0.00,0.90,1.271,27.8,16.091,0.694,0.000,840,6.88,4.3,1.67,0.00,44.3,1,1,0,0,1,1,0,0,0,0,1,0,0,0,0,0,0,0,1,0,1,1,1,0,0,0,0,0,0,0,0,0,1,1,5155.7,0C,1,1,0,1,1,0,1,0,0,151.06,495.50,,,,,,,,,,,,,,,,,,,,,,,,,,,,,,,,,,,,,,,,,,,,,,,,,,,,,,,,,,
274,,,125,249,,14.00,49.50,839,0.0,6.000,3.418,3.88,0.000,24.70,1.00,0.87,-0.76,0.52,1.019,1.02,-1.32,1.015,0.00,0.90,1.370,27.8,16.434,0.694,0.000,840,6.88,4.3,1.66,0.00,44.3,1,1,0,0,1,1,0,0,0,0,1,0,0,0,0,0,0,0,1,0,1,1,1,0,0,0,0,0,0,0,0,0,1,1,5155.7,0C,1,1,0,1,1,0,1,0,0,151.31,493.94,,,,,,,,,,,,,,,,,,,,,,,,,,,,,,,,,,,,,,,,,,,,,,,,,,,,,,,,,,
275,,,125,648,,14.00,49.50,834,0.0,3.750,3.373,3.88,0.000,24.77,1.00,0.85,-0.76,0.51,1.002,1.02,-1.32,1.015,0.00,0.90,1.370,27.8,16.777,0.694,0.000,830,6.88,4.3,1.67,0.00,44.3,1,1,0,0,1,1,0,0,0,0,1,0,0,0,0,0,0,0,1,0,1,1,1,0,0,0,0,0,0,0,0,0,1,1,5155.7,0C,1,1,0,1,1,0,1,0,0,150.56,496.69,,,,,,,,,,,,,,,,,,,,,,,,,,,,,,,,,,,,,,,,,,,,,,,,,,,,,,,,,,
276,,,128,061,,14.00,50.25,837,0.0,4.500,3.488,3.88,0.000,24.91,1.00,0.30,-0.76,0.52,1.029,1.02,-1.32,1.016,0.00,0.90,1.307,27.8,17.121,0.694,0.000,830,6.88,4.3,1.68,0.00,44.3,1,1,0,0,1,1,0,0,0,0,1,0,0,0,0,0,0,0,1,0,1,1,1,0,0,0,0,0,0,0,0,0,1,1,5155.7,0C,1,1,0,1,1,0,1,0,0,152.75,495.50,,,,,,,,,,,,,,,,,,,,,,,,,,,,,,,,,,,,,,,,,,,,,,,,,,,,,,,,,,
277,,,128,458,,14.00,50.25,839,0.0,2.250,3.565,3.81,0.000,24.98,1.00,0.23,-0.76,0.52,1.047,1.02,-1.32,1.016,0.00,0.90,1.307,27.8,17.121,0.694,0.000,830,6.88,4.3,1.68,0.00,44.3,1,1,0,0,1,1,0,0,0,0,1,0,0,0,0,0,0,0,1,0,1,1,1,0,0,0,0,0,0,0,0,0,1,1,5155.7,0C,1,1,0,1,1,0,1,0,0,152.00,494.69,,,,,,,,,,,,,,,,,,,,,,,,,,,,,,,,,,,,,,,,,,,,,,,,,,,,,,,,,,
278,,,128,852,,14.00,50.25,839,0.0,3.750,3.603,3.81,0.000,24.89,1.00,0.28,-0.76,0.51,1.064,1.02,-1.32,1.016,0.00,0.90,1.307,27.8,17.121,0.694,0.000,830,6.88,4.3,1.68,0.00,44.3,1,1,0,0,1,1,0,0,0,0,1,0,0,0,0,0,0,0,1,0,1,1,1,0,0,0,0,0,0,0,0,0,1,1,5155.7,0C,1,1,0,1,1,0,1,0,0,152.06,495.50,,,,,,,,,,,,,,,,,,,,,,,,,,,,,,,,,,,,,,,,,,,,,,,,,,,,,,,,,,
279,,,129,345,,14.10,50.25,841,0.0,4.500,3.507,3.81,0.000,24.89,1.00,0.83,-0.76,0.52,1.033,1.02,-1.32,1.016,0.00,0.90,1.408,27.8,17.121,0.694,0.000,830,6.88,4.3,1.66,0.00,44.3,1,1,0,0,1,1,0,0,0,0,1,0,0,0,0,0,0,0,1,0,1,1,1,0,0,0,0,0,0,0,0,0,1,1,5155.7,0C,1,1,0,1,1,0,1,0,0,150.81,494.63,,,,,,,,,,,,,,,,,,,,,,,,,,,,,,,,,,,,,,,,,,,,,,,,,,,,,,,,,,
280,,,129,738,,14.10,50.25,835,0.0,6.750,3.411,3.88,0.000,24.82,1.00,0.85,-0.76,0.52,1.012,1.02,-1.32,1.016,0.00,0.90,1.408,27.8,16.777,0.694,0.000,830,6.88,4.3,1.67,0.00,44.3,1,1,0,0,1,1,0,0,0,0,1,0,0,0,0,0,0,0,1,0,1,1,1,0,0,0,0,0,0,0,0,0,1,1,5155.7,0C,1,1,0,1,1,0,1,0,0,151.94,496.50,,,,,,,,,,,,,,,,,,,,,,,,,,,,,,,,,,,,,,,,,,,,,,,,,,,,,,,,,,
281,,,130,151,,14.00,50.25,829,0.0,3.000,3.475,3.88,0.000,24.80,1.00,0.26,-0.76,0.52,1.036,1.02,-1.32,1.015,0.00,0.90,1.271,27.8,16.777,0.694,0.000,830,6.88,4.3,1.69,0.05,44.3,1,1,0,0,1,1,0,0,0,0,1,0,0,0,0,0,0,0,1,0,1,1,1,0,0,0,0,0,0,0,0,0,1,1,5155.7,0C,1,1,0,1,1,0,1,0,0,151.63,499.94,,,,,,,,,,,,,,,,,,,,,,,,,,,,,,,,,,,,,,,,,,,,,,,,,,,,,,,,,,
282,,,130,574,,14.00,50.25,833,0.0,0.000,3.674,3.81,0.000,25.38,1.00,0.23,-0.76,0.52,1.054,1.02,-1.32,1.018,0.00,0.90,1.271,27.8,17.121,0.694,0.000,830,6.88,4.3,1.72,0.00,44.3,1,1,0,0,1,1,0,0,0,0,1,0,0,0,0,0,0,0,1,0,1,1,1,0,0,0,0,0,0,0,0,0,1,1,5155.7,0C,1,1,0,1,1,0,1,0,0,153.31,498.75,,,,,,,,,,,,,,,,,,,,,,,,,,,,,,,,,,,,,,,,,,,,,,,,,,,,,,,,,,
283,,,130,994,,14.10,50.25,838,0.0,6.750,3.539,3.81,0.000,24.89,1.00,0.71,-0.76,0.52,1.045,1.02,-1.32,1.016,0.00,0.90,1.408,27.8,17.121,0.694,0.000,830,6.88,4.3,1.70,0.00,44.3,1,1,0,0,1,1,0,0,0,0,1,0,0,0,0,0,0,0,1,0,1,1,1,0,0,0,0,0,0,0,0,0,1,1,5155.7,0C,1,1,0,1,1,0,1,0,0,151.88,494.94,,,,,,,,,,,,,,,,,,,,,,,,,,,,,,,,,,,,,,,,,,,,,,,,,,,,,,,,,,
284,,,131,423,,14.00,50.25,835,0.0,7.500,3.437,3.81,0.000,24.68,1.00,0.87,-0.76,0.52,1.027,1.02,-1.32,1.015,0.00,0.90,1.408,27.8,16.777,0.694,0.000,830,6.88,4.3,1.70,0.00,44.3,1,1,0,0,1,1,0,0,0,0,1,0,0,0,0,0,0,0,1,0,1,1,1,0,0,0,0,0,0,0,0,0,1,1,5155.7,0C,1,1,0,1,1,0,1,0,0,152.31,496.00,,,,,,,,,,,,,,,,,,,,,,,,,,,,,,,,,,,,,,,,,,,,,,,,,,,,,,,,,,
285,,,131,822,,14.00,50.25,832,0.0,9.000,3.386,3.81,0.000,24.75,1.00,0.60,-0.76,0.52,1.007,1.02,-1.32,1.015,0.00,0.90,1.408,27.8,17.121,0.694,0.000,830,6.88,4.3,1.73,0.00,44.3,1,1,0,0,1,1,0,0,0,0,1,0,0,0,0,0,0,0,1,0,1,1,1,0,0,0,0,0,0,0,0,0,1,1,5155.7,0C,1,1,0,1,1,0,1,0,0,152.13,494.94,,,,,,,,,,,,,,,,,,,,,,,,,,,,,,,,,,,,,,,,,,,,,,,,,,,,,,,,,,
286,,,132,209,,14.00,50.25,830,0.0,6.000,3.501,3.76,0.000,24.70,1.00,0.23,-0.76,0.52,1.046,1.02,-1.32,1.015,0.00,0.90,1.307,27.8,16.777,0.694,0.000,830,6.88,4.3,1.75,0.00,44.3,1,1,0,0,1,1,0,0,0,0,1,0,0,0,0,0,0,0,1,0,1,1,1,0,0,0,0,0,0,0,0,0,1,1,5155.7,0C,1,1,0,1,1,0,1,0,0,150.75,496.50,,,,,,,,,,,,,,,,,,,,,,,,,,,,,,,,,,,,,,,,,,,,,,,,,,,,,,,,,,
287,,,132,643,,14.00,50.25,839,0.0,1.500,3.546,3.81,0.000,24.77,1.00,0.23,-0.76,0.52,1.059,1.02,-1.32,1.015,0.00,0.90,1.307,27.8,17.121,0.694,0.000,830,6.88,4.3,1.74,0.00,44.3,1,1,0,0,1,1,0,0,0,0,1,0,0,0,0,0,0,0,1,0,1,1,1,0,0,0,0,0,0,0,0,0,1,1,5155.7,0C,1,1,0,1,1,0,1,0,0,149.81,492.38,,,,,,,,,,,,,,,,,,,,,,,,,,,,,,,,,,,,,,,,,,,,,,,,,,,,,,,,,,
288,,,133,068,,14.00,50.25,836,0.0,6.000,3.373,3.81,0.000,24.23,1.00,0.82,-0.76,0.52,1.035,1.02,-1.32,1.017,0.00,0.90,1.307,27.8,16.777,0.694,0.000,830,6.88,4.3,1.71,0.00,44.3,1,1,0,0,1,1,0,0,0,0,1,0,0,0,0,0,0,0,1,0,1,1,1,0,0,0,0,0,0,0,0,0,1,1,5155.7,0C,1,1,0,1,1,0,1,0,0,150.88,490.94,,,,,,,,,,,,,,,,,,,,,,,,,,,,,,,,,,,,,,,,,,,,,,,,,,,,,,,,,,
289,,,133,580,,14.00,50.25,843,0.0,3.000,3.341,3.81,0.000,24.21,1.00,0.85,-0.76,0.52,1.017,1.02,-1.32,1.017,0.00,0.90,1.307,27.8,17.121,0.694,0.000,830,6.88,4.3,1.67,0.00,44.3,1,1,0,0,1,1,0,0,0,0,1,0,0,0,0,0,0,0,1,0,1,1,1,0,0,0,0,0,0,0,0,0,1,1,5155.7,0C,1,1,0,1,1,0,1,0,0,149.06,488.06,,,,,,,,,,,,,,,,,,,,,,,,,,,,,,,,,,,,,,,,,,,,,,,,,,,,,,,,,,
290,,,134,018,,14.00,51.00,829,0.0,9.000,3.315,3.76,0.000,24.40,1.00,0.35,-0.76,0.52,1.029,1.02,-1.32,1.016,0.00,0.90,1.307,27.8,16.777,0.694,0.000,830,6.88,4.3,1.68,0.00,44.3,1,1,0,0,1,1,0,0,0,0,1,0,0,0,0,0,0,0,1,0,1,1,1,0,0,0,0,0,0,0,0,0,1,1,5155.7,0C,1,1,0,1,1,0,1,0,0,148.69,493.19,,,,,,,,,,,,,,,,,,,,,,,,,,,,,,,,,,,,,,,,,,,,,,,,,,,,,,,,,,
291,,,134,428,,14.10,51.00,834,0.0,3.000,3.520,3.76,0.000,24.73,1.00,0.22,-0.76,0.52,1.046,1.02,-1.32,1.015,0.00,0.90,1.307,27.8,17.121,0.694,0.000,830,6.88,4.3,1.68,0.00,44.3,1,1,0,0,1,1,0,0,0,0,1,0,0,0,0,0,0,0,1,0,1,1,1,0,0,0,0,0,0,0,0,0,1,1,5155.7,0C,1,1,0,1,1,0,1,0,0,149.81,492.94,,,,,,,,,,,,,,,,,,,,,,,,,,,,,,,,,,,,,,,,,,,,,,,,,,,,,,,,,,
292,,,134,926,,14.00,51.00,837,0.0,5.250,3.526,3.81,0.000,24.38,1.00,0.23,-0.76,0.52,1.067,1.02,-1.32,1.016,0.00,0.90,1.307,27.8,16.777,0.694,0.000,830,6.88,4.3,1.68,0.00,44.3,1,1,0,0,1,1,0,0,0,0,1,0,0,0,0,0,0,0,1,0,1,1,1,0,0,0,0,0,0,0,0,0,1,1,5155.7,0C,1,1,0,1,1,0,1,0,0,148.75,492.19,,,,,,,,,,,,,,,,,,,,,,,,,,,,,,,,,,,,,,,,,,,,,,,,,,,,,,,,,,
293,,,135,330,,14.10,51.00,845,0.0,3.000,3.462,3.81,0.000,24.52,1.00,0.83,-0.76,0.51,1.039,1.02,-1.32,1.015,0.00,0.90,1.408,27.8,17.121,0.694,0.000,830,6.88,4.3,1.63,0.00,44.3,1,1,0,0,1,1,0,0,0,0,1,0,0,0,0,0,0,0,1,0,1,1,1,0,0,0,0,0,0,0,0,0,1,1,5155.7,0C,1,1,0,1,1,0,1,0,0,149.00,489.00,,,,,,,,,,,,,,,,,,,,,,,,,,,,,,,,,,,,,,,,,,,,,,,,,,,,,,,,,,
294,,,135,791,,14.00,51.00,833,0.0,12.750,3.328,3.81,0.000,24.12,1.00,0.86,-0.76,0.52,1.022,1.02,-1.32,1.018,0.00,0.90,1.408,27.8,16.434,0.694,0.000,830,6.88,4.3,1.61,0.00,44.3,1,1,0,0,1,1,0,0,0,0,1,0,0,0,0,0,0,0,1,0,1,1,1,0,0,0,0,0,0,0,0,0,1,1,5155.7,0C,1,1,0,1,1,0,1,0,0,147.81,493.63,,,,,,,,,,,,,,,,,,,,,,,,,,,,,,,,,,,,,,,,,,,,,,,,,,,,,,,,,,
295,,,136,221,,14.00,51.00,829,0.0,1.500,3.405,3.81,0.000,24.68,1.00,0.40,-0.76,0.52,1.009,1.02,-1.32,1.015,0.00,0.90,1.307,27.8,16.777,0.694,0.000,830,6.88,4.3,1.64,0.00,44.3,1,1,0,0,1,1,0,0,0,0,1,0,0,0,0,0,0,0,1,0,1,1,1,0,0,0,0,0,0,0,0,0,1,1,5155.7,0C,1,1,0,1,1,0,1,0,0,151.00,497.44,,,,,,,,,,,,,,,,,,,,,,,,,,,,,,,,,,,,,,,,,,,,,,,,,,,,,,,,,,
296,,,136,618,,14.00,51.00,835,0.0,4.500,3.501,3.81,0.000,24.66,1.00,0.23,-0.76,0.52,1.054,1.02,-1.32,1.015,0.00,0.90,1.307,27.8,17.121,0.694,0.000,830,6.88,4.3,1.64,0.00,44.3,1,1,0,0,1,1,0,0,0,0,1,0,0,0,0,0,0,0,1,0,1,1,1,0,0,0,0,0,0,0,0,0,1,1,5155.7,0C,1,1,0,1,1,0,1,0,0,150.88,493.31,,,,,,,,,,,,,,,,,,,,,,,,,,,,,,,,,,,,,,,,,,,,,,,,,,,,,,,,,,
297,,,137,008,,14.00,51.00,838,0.0,3.000,3.571,3.81,0.000,24.66,1.00,0.25,-0.76,0.52,1.067,1.02,-1.32,1.015,0.00,0.90,1.447,27.8,16.777,0.694,0.000,830,6.88,4.3,1.63,0.00,44.3,1,1,0,0,1,1,0,0,0,0,1,0,0,0,0,0,0,0,1,0,1,1,1,0,0,0,0,0,0,0,0,0,1,1,5155.7,0C,1,1,0,1,1,0,1,0,0,150.88,493.31,,,,,,,,,,,,,,,,,,,,,,,,,,,,,,,,,,,,,,,,,,,,,,,,,,,,,,,,,,
298,,,137,428,,14.00,51.00,834,0.0,9.000,3.494,3.81,0.000,24.59,1.00,0.81,-0.76,0.52,1.042,1.02,-1.32,1.015,0.00,0.90,1.447,27.8,16.777,0.694,0.000,830,6.88,4.3,1.63,0.00,44.3,1,1,0,0,1,1,0,0,0,0,1,0,0,0,0,0,0,0,1,0,1,1,1,0,0,0,0,0,0,0,0,0,1,1,5155.7,0C,1,1,0,1,1,0,1,0,0,150.06,492.88,,,,,,,,,,,,,,,,,,,,,,,,,,,,,,,,,,,,,,,,,,,,,,,,,,,,,,,,,,
299,,,137,848,,14.00,51.00,832,0.0,8.250,3.392,3.81,0.000,24.52,1.00,0.84,-0.76,0.51,1.020,1.02,-1.32,1.015,0.00,0.90,1.447,27.8,16.777,0.694,0.000,830,6.88,4.3,1.64,0.00,44.3,1,1,0,0,1,1,0,0,0,0,1,0,0,0,0,0,0,0,1,0,1,1,1,0,0,0,0,0,0,0,0,0,1,1,5155.7,0C,1,1,0,1,1,0,1,0,0,150.13,493.69,,,,,,,,,,,,,,,,,,,,,,,,,,,,,,,,,,,,,,,,,,,,,,,,,,,,,,,,,,
300,,,138,253,,14.00,51.00,829,0.0,9.000,3.443,3.81,0.000,24.40,1.45,0.11,-1.30,0.07,0.007,0.00,8.50,1.617,0.01,0.01,16.374,42.0,83.613,0.916,0.916,0.916,0.916,0.916,0.916,0.916,0.916,0.916,0.916,0.916,0.916,0.916,0.916,0.916,0.916,0.916,0.916,0.916,0.916,0.916,0.916,0.916,0.916,0.916,0.916,0.916,0.916,0.916,0.916,0.916,0.916,0.916,0.916,0.916,0.916,0.916,0.916,0.916,0.916,0.916,0.916,0.916,,,,,,,,,,,,,,,,,,,,,,,,,,,,,,,,,,,,,,,,,,,,,,,,,,,,,,,,,,,,,,,,,,,,,,
301,,,138,770,,14.00,51.00,835,0.0,6.750,3.571,3.81,0.000,24.75,1.00,0.23,-0.76,0.52,1.069,1.02,-1.32,1.015,0.00,0.90,1.307,27.8,16.777,0.694,0.000,830,6.88,4.3,1.63,0.00,44.3,1,1,0,0,1,1,0,0,0,0,1,0,0,0,0,0,0,0,1,0,1,1,1,0,0,0,0,0,0,0,0,0,1,1,5155.7,0C,1,1,0,1,1,0,1,0,0,149.00,493.19,,,,,,,,,,,,,,,,,,,,,,,,,,,,,,,,,,,,,,,,,,,,,,,,,,,,,,,,,,
302,,,139,170,,14.00,51.00,835,0.0,4.500,3.494,3.76,0.000,24.54,1.00,0.79,-0.76,0.52,1.052,1.02,-1.32,1.015,0.00,0.90,1.408,27.8,16.777,0.694,0.000,830,6.88,4.3,1.61,0.00,44.3,1,1,0,0,1,1,0,0,0,0,1,0,0,0,0,0,0,0,1,0,1,1,1,0,0,0,0,0,0,0,0,0,1,1,5155.7,0C,1,1,0,1,1,0,1,0,0,148.94,492.13,,,,,,,,,,,,,,,,,,,,,,,,,,,,,,,,,,,,,,,,,,,,,,,,,,,,,,,,,,
303,,,139,584,,14.00,51.00,839,0.0,1.500,3.424,3.81,0.000,24.45,1.00,0.85,-0.76,0.51,1.035,1.02,-1.32,1.016,0.00,0.90,1.408,27.8,16.777,0.694,0.000,830,6.88,4.3,1.59,0.00,44.3,1,1,0,0,1,1,0,0,0,0,1,0,0,0,0,0,0,0,1,0,1,1,1,0,0,0,0,0,0,0,0,0,1,1,5155.7,0C,1,1,0,1,1,0,1,0,0,148.00,492.81,,,,,,,,,,,,,,,,,,,,,,,,,,,,,,,,,,,,,,,,,,,,,,,,,,,,,,,,,,
304,,,140,001,,14.00,51.00,825,0.0,3.750,3.469,3.76,0.000,24.96,1.00,0.85,-0.76,0.51,1.017,1.02,-1.32,1.016,0.00,0.90,1.271,27.8,17.121,0.694,0.000,830,6.88,4.3,1.63,0.00,44.3,1,1,0,0,1,1,0,0,0,0,1,0,0,0,0,0,0,0,1,0,1,1,1,0,0,0,0,0,0,0,0,0,1,1,5155.7,0C,1,1,0,1,1,0,1,0,0,150.75,498.94,,,,,,,,,,,,,,,,,,,,,,,,,,,,,,,,,,,,,,,,,,,,,,,,,,,,,,,,,,
305,,,140,413,,14.00,51.00,826,0.0,1.500,3.552,3.81,0.000,25.03,1.00,0.23,-0.76,0.52,1.045,1.02,-1.32,1.016,0.00,0.90,1.271,27.8,17.121,0.694,0.000,830,6.88,4.3,1.67,0.00,44.3,1,1,0,0,1,1,0,0,0,0,1,0,0,0,0,0,0,0,1,0,1,1,1,0,0,0,0,0,0,0,0,0,1,1,5155.7,0C,1,1,0,1,1,0,1,0,0,152.81,497.13,,,,,,,,,,,,,,,,,,,,,,,,,,,,,,,,,,,,,,,,,,,,,,,,,,,,,,,,,,
306,,,140,861,,14.00,51.00,833,0.0,2.250,3.526,3.81,0.000,24.66,1.00,0.23,-0.76,0.52,1.062,1.02,-1.32,1.015,0.00,0.90,1.271,27.8,16.777,0.694,0.000,830,6.88,4.3,1.65,0.00,44.3,1,1,0,0,1,1,0,0,0,0,1,0,0,0,0,0,0,0,1,0,1,1,1,0,0,0,0,0,0,0,0,0,1,1,5155.7,0C,1,1,0,1,1,0,1,0,0,151.38,495.13,,,,,,,,,,,,,,,,,,,,,,,,,,,,,,,,,,,,,,,,,,,,,,,,,,,,,,,,,,
307,,,141,260,,14.10,51.00,832,0.0,3.750,3.514,3.76,0.000,24.82,1.00,0.80,-0.76,0.52,1.047,1.02,-1.32,1.016,0.00,0.90,1.370,27.8,17.121,0.694,0.000,830,6.88,4.3,1.65,0.00,44.3,1,1,0,0,1,1,0,0,0,0,1,0,0,0,0,0,0,0,1,0,1,1,1,0,0,0,0,0,0,0,0,0,1,1,5155.7,0C,1,1,0,1,1,0,1,0,0,150.13,496.06,,,,,,,,,,,,,,,,,,,,,,,,,,,,,,,,,,,,,,,,,,,,,,,,,,,,,,,,,,
308,,,141,670,,14.10,51.75,838,0.0,3.000,3.462,3.76,0.000,24.75,1.00,0.85,-0.76,0.52,1.029,1.02,-1.32,1.015,0.00,0.90,1.370,27.8,17.121,0.694,0.000,830,6.88,4.3,1.64,0.00,44.3,1,1,0,0,1,1,0,0,0,0,1,0,0,0,0,0,0,0,1,0,1,1,1,0,0,0,0,0,0,0,0,0,1,1,5155.7,0C,1,1,0,1,1,0,1,0,0,149.50,493.19,,,,,,,,,,,,,,,,,,,,,,,,,,,,,,,,,,,,,,,,,,,,,,,,,,,,,,,,,,
309,,,142,118,,14.00,51.75,827,0.0,9.000,3.360,3.81,0.000,24.66,1.00,0.48,-0.76,0.52,1.015,1.02,-1.32,1.015,0.00,0.90,1.307,27.8,16.777,0.694,0.000,830,6.88,4.3,1.66,0.00,44.3,1,1,0,0,1,1,0,0,0,0,1,0,0,0,0,0,0,0,1,0,1,1,1,0,0,0,0,0,0,0,0,0,1,1,5155.7,0C,1,1,0,1,1,0,1,0,0,153.31,496.38,,,,,,,,,,,,,,,,,,,,,,,,,,,,,,,,,,,,,,,,,,,,,,,,,,,,,,,,,,
310,,,142,470,,14.00,51.75,826,0.0,5.250,3.501,3.81,0.000,24.63,1.00,0.22,-0.76,0.52,1.055,1.02,-1.32,1.015,0.00,0.90,1.307,27.8,16.434,0.694,0.000,830,6.88,4.3,0.01,0.01,0.01,0.01,0.01,0.01,0.01,0.01,0.01,0.01,0.01,0.01,0.01,0.01,0.01,0.01,0.01,0.01,0.01,0.01,0.01,0.01,0.01,0.01,0.01,0.01,0.01,0.01,0.01,0.01,0.01,0.01,0.01,0.01,0.01,0.01,0.01,0.01,,,,,,,,,,,,,,,,,,,,,,,,,,,,,,,,,,,,,,,,,,,,,,,,,,,,,,,,,,,,,,,,,,,,,,
311,,,142,995,,14.10,51.75,840,0.0,-1.500,3.667,3.76,0.000,24.87,1.00,0.69,-0.76,0.52,1.076,1.02,-1.32,1.016,0.00,0.90,1.370,27.8,17.121,0.694,0.000,830,6.88,4.3,1.64,0.00,44.3,1,1,0,0,1,1,0,0,0,0,1,0,0,0,0,0,0,0,1,0,1,1,1,0,0,0,0,0,0,0,0,0,1,1,5155.7,0C,1,1,0,1,1,0,1,0,0,152.13,492.50,,,,,,,,,,,,,,,,,,,,,,,,,,,,,,,,,,,,,,,,,,,,,,,,,,,,,,,,,,
312,,,143,390,,14.00,51.75,830,0.0,6.000,3.398,3.81,0.000,24.49,1.00,0.87,-0.76,0.52,1.034,1.02,-1.32,1.015,0.00,0.90,1.370,27.8,16.777,0.694,0.000,830,6.88,4.3,1.64,0.00,44.3,1,1,0,0,1,1,0,0,0,0,1,0,0,0,0,0,0,0,1,0,1,1,1,0,0,0,0,0,0,0,0,0,1,1,5155.7,0C,1,1,0,1,1,0,1,0,0,151.13,494.06,,,,,,,,,,,,,,,,,,,,,,,,,,,,,,,,,,,,,,,,,,,,,,,,,,,,,,,,,,
313,,,143,783,,14.00,51.75,821,0.0,9.750,3.469,3.81,0.000,24.91,1.00,0.60,-0.76,0.52,1.017,1.02,-1.32,1.016,0.00,0.90,1.370,27.8,17.121,0.694,0.000,830,6.88,4.3,1.68,0.00,44.3,1,1,0,0,1,1,0,0,0,0,1,0,0,0,0,0,0,0,1,0,1,1,1,0,0,0,0,0,0,0,0,0,1,1,5155.7,0C,1,1,0,1,1,0,1,0,0,153.25,501.06,,,,,,,,,,,,,,,,,,,,,,,,,,,,,,,,,,,,,,,,,,,,,,,,,,,,,,,,,,
314,,,144,168,,14.10,51.75,834,0.0,-0.750,3.616,3.76,0.000,25.22,1.00,0.22,-0.76,0.52,1.056,1.02,-1.32,1.017,0.00,0.90,1.307,27.8,17.121,0.694,0.000,830,6.88,4.3,1.67,0.00,44.3,1,1,0,0,1,1,0,0,0,0,1,0,0,0,0,0,0,0,1,0,1,1,1,0,0,0,0,0,0,0,0,0,1,1,5155.7,0C,1,1,0,1,1,0,1,0,0,151.81,496.88,,,,,,,,,,,,,,,,,,,,,,,,,,,,,,,,,,,,,,,,,,,,,,,,,,,,,,,,,,
315,,,144,669,,14.00,51.75,833,0.0,0.750,3.616,3.81,0.000,24.91,1.00,0.28,-0.76,0.52,1.073,1.02,-1.32,1.016,0.00,0.90,1.307,27.8,17.121,0.694,0.000,830,6.88,4.3,1.67,0.00,44.3,1,1,0,0,1,1,0,0,0,0,1,0,0,0,0,0,0,0,1,0,1,1,1,0,0,0,0,0,0,0,0,0,1,1,5155.7,0C,1,1,0,1,1,0,1,0,0,152.19,496.13,,,,,,,,,,,,,,,,,,,,,,,,,,,,,,,,,,,,,,,,,,,,,,,,,,,,,,,,,,
316,,,145,061,,14.00,51.75,834,0.0,1.500,3.501,3.76,0.000,24.89,1.00,0.88,-0.76,0.52,1.036,1.02,-1.32,1.016,0.00,0.90,1.271,27.8,16.777,0.694,0.000,830,6.88,4.3,1.64,0.00,44.3,1,1,0,0,1,1,0,0,0,0,1,0,0,0,0,0,0,0,1,0,1,1,1,0,0,0,0,0,0,0,0,0,1,1,5155.7,0C,1,1,0,1,1,0,1,0,0,149.00,496.19,,,,,,,,,,,,,,,,,,,,,,,,,,,,,,,,,,,,,,,,,,,,,,,,,,,,,,,,,,
317,,,145,458,,14.00,51.75,826,0.0,1.500,3.469,3.81,0.000,25.03,1.00,0.87,-0.76,0.52,1.018,1.02,-1.32,1.016,0.00,0.90,1.271,27.8,16.777,0.694,0.000,830,6.88,4.3,1.67,0.00,44.3,1,1,0,0,1,1,0,0,0,0,1,0,0,0,0,0,0,0,1,0,1,1,1,0,0,0,0,0,0,0,0,0,1,1,5155.7,0C,1,1,0,1,1,0,1,0,0,151.19,500.44,,,,,,,,,,,,,,,,,,,,,,,,,,,,,,,,,,,,,,,,,,,,,,,,,,,,,,,,,,
318,,,145,858,,14.00,51.75,821,0.0,0.750,3.616,3.81,0.000,25.34,1.00,0.23,-0.76,0.52,1.047,1.02,-1.32,1.018,0.00,0.90,1.271,27.8,17.121,0.694,0.000,830,6.88,4.3,1.73,0.00,44.3,1,1,0,0,1,1,0,0,0,0,1,0,0,0,0,0,0,0,1,0,1,1,1,0,0,0,0,0,0,0,0,0,1,1,5155.7,0C,1,1,0,1,1,0,1,0,0,154.38,501.06,,,,,,,,,,,,,,,,,,,,,,,,,,,,,,,,,,,,,,,,,,,,,,,,,,,,,,,,,,
319,,,146,270,,14.10,51.75,818,0.0,9.750,3.571,3.76,0.000,25.01,1.00,0.22,-0.76,0.52,1.064,1.02,-1.32,1.016,0.00,0.90,1.408,27.8,16.777,0.694,0.000,830,6.88,4.3,1.76,0.00,44.3,1,1,0,0,1,1,0,0,0,0,1,0,0,0,0,0,0,0,1,0,1,1,1,0,0,0,0,0,0,0,0,0,1,1,5155.7,0C,1,1,0,1,1,0,1,0,0,154.19,501.19,,,,,,,,,,,,,,,,,,,,,,,,,,,,,,,,,,,,,,,,,,,,,,,,,,,,,,,,,,
320,,,146,660,,14.00,51.75,823,0.0,9.000,3.597,3.81,0.000,24.82,1.00,0.26,-0.76,0.52,1.082,1.02,-1.32,1.015,0.00,0.90,1.408,27.8,16.777,0.694,0.000,830,6.88,4.3,1.78,0.00,44.3,1,1,0,0,1,1,0,0,0,0,1,0,0,0,0,0,0,0,1,0,1,1,1,0,0,0,0,0,0,0,0,0,1,1,5155.7,0C,1,1,0,1,1,0,1,0,0,153.81,498.75,,,,,,,,,,,,,,,,,,,,,,,,,,,,,,,,,,,,,,,,,,,,,,,,,,,,,,,,,,
321,,,147,049,,14.00,51.75,836,0.0,5.250,3.437,3.81,0.000,24.56,1.00,0.86,-0.76,0.52,1.046,1.02,-1.32,1.015,0.00,0.90,1.447,27.8,17.121,0.694,0.000,830,6.88,4.3,1.75,0.00,44.3,1,1,0,0,1,1,0,0,0,0,1,0,0,0,0,0,0,0,1,0,1,1,1,0,0,0,0,0,0,0,0,0,1,1,5155.7,0C,1,1,0,1,1,0,1,0,0,151.19,495.00,,,,,,,,,,,,,,,,,,,,,,,,,,,,,,,,,,,,,,,,,,,,,,,,,,,,,,,,,,
322,,,147,458,,14.00,51.75,831,0.0,3.750,3.418,3.81,0.000,24.70,1.00,0.90,-0.76,0.52,1.028,1.02,-1.32,1.015,0.00,0.90,1.447,27.8,16.777,0.694,0.000,830,6.88,4.3,1.74,0.00,44.3,1,1,0,0,1,1,0,0,0,0,1,0,0,0,0,0,0,0,1,0,1,1,1,0,0,0,0,0,0,0,0,0,1,1,5155.7,0C,1,1,0,1,1,0,1,0,0,150.63,495.13,,,,,,,,,,,,,,,,,,,,,,,,,,,,,,,,,,,,,,,,,,,,,,,,,,,,,,,,,,
323,,,147,841,,14.00,51.75,831,0.0,-1.500,3.443,3.81,0.000,24.89,1.00,0.42,-0.76,0.52,1.015,1.02,-1.32,1.016,0.00,0.90,1.447,27.8,17.121,0.694,0.000,830,6.88,4.3,1.75,0.00,44.3,1,1,0,0,1,1,0,0,0,0,1,0,0,0,0,0,0,0,1,0,1,1,1,0,0,0,0,0,0,0,0,0,1,1,5155.7,0C,1,1,0,1,1,0,1,0,0,153.38,496.13,,,,,,,,,,,,,,,,,,,,,,,,,,,,,,,,,,,,,,,,,,,,,,,,,,,,,,,,,,
324,,,148,252,,14.00,51.75,834,0.0,6.750,3.546,3.81,0.000,24.98,1.00,0.21,-0.76,0.51,1.055,1.02,-1.32,1.016,0.00,0.90,1.346,27.8,17.121,0.694,0.000,830,6.88,4.3,1.74,0.00,44.3,1,1,0,0,1,1,0,0,0,0,1,0,0,0,0,0,0,0,1,0,1,1,1,0,0,0,0,0,0,0,0,0,1,1,5155.7,0C,1,1,0,1,1,0,1,0,0,153.00,497.56,,,,,,,,,,,,,,,,,,,,,,,,,,,,,,,,,,,,,,,,,,,,,,,,,,,,,,,,,,
325,,,148,649,,14.00,51.75,834,0.0,9.000,3.552,3.81,0.000,24.73,1.00,0.61,-0.76,0.51,1.072,1.02,-1.32,1.015,0.00,0.90,1.346,27.8,16.777,0.694,0.000,830,6.88,4.3,1.71,0.00,44.3,1,1,0,0,1,1,0,0,0,0,1,0,0,0,0,0,0,0,1,0,1,1,1,0,0,0,0,0,0,0,0,0,1,1,5155.7,0C,1,1,0,1,1,0,1,0,0,152.31,497.25,,,,,,,,,,,,,,,,,,,,,,,,,,,,,,,,,,,,,,,,,,,,,,,,,,,,,,,,,,
326,,,149,039,,14.00,51.75,824,0.0,9.750,3.430,3.81,0.000,24.70,1.00,0.85,-0.76,0.52,1.032,1.02,-1.32,1.015,0.00,0.90,1.307,27.8,16.777,0.694,0.000,830,6.88,4.3,1.72,0.00,44.3,1,1,0,0,1,1,0,0,0,0,1,0,0,0,0,0,0,0,1,0,1,1,1,0,0,0,0,0,0,0,0,0,1,1,5155.7,0C,1,1,0,1,1,0,1,0,0,152.06,499.81,,,,,,,,,,,,,,,,,,,,,,,,,,,,,,,,,,,,,,,,,,,,,,,,,,,,,,,,,,
327,,,149,453,,14.00,51.75,816,0.0,5.250,3.437,3.81,0.000,25.05,1.00,0.83,-0.76,0.52,1.015,1.02,-1.32,1.016,0.00,0.90,1.307,27.8,16.777,0.694,0.000,830,6.88,4.3,1.77,0.00,44.3,1,1,0,0,1,1,0,0,0,0,1,0,0,0,0,0,0,0,1,0,1,1,1,0,0,0,0,0,0,0,0,0,1,1,5155.7,0C,1,1,0,1,1,0,1,0,0,153.88,503.56,,,,,,,,,,,,,,,,,,,,,,,,,,,,,,,,,,,,,,,,,,,,,,,,,,,,,,,,,,
328,,,149,858,,14.00,52.50,820,0.0,1.500,3.578,3.81,0.000,25.24,1.00,0.22,-0.76,0.52,1.048,1.02,-1.32,1.017,0.00,0.90,1.307,27.8,16.777,0.694,0.000,830,6.88,4.3,1.80,0.00,44.3,1,1,0,0,1,1,0,0,0,0,1,0,0,0,0,0,0,0,1,0,1,1,1,0,0,0,0,0,0,0,0,0,1,1,5155.7,0C,1,1,0,1,1,0,1,0,0,155.19,502.44,,,,,,,,,,,,,,,,,,,,,,,,,,,,,,,,,,,,,,,,,,,,,,,,,,,,,,,,,,
329,,,150,259,,14.00,52.50,821,0.0,6.000,3.520,3.76,0.000,25.29,1.00,0.23,-0.76,0.51,1.065,1.02,-1.32,1.017,0.00,0.90,1.370,27.8,21.965,0.694,0.000,830,6.88,4.3,1.81,0.00,44.3,1,1,0,0,1,1,0,0,0,0,1,0,0,0,0,0,0,0,1,0,1,1,1,0,0,0,0,0,0,0,0,0,1,1,5155.7,0C,1,1,0,1,1,0,1,0,0,154.38,505.13,,,,,,,,,,,,,,,,,,,,,,,,,,,,,,,,,,,,,,,,,,,,,,,,,,,,,,,,,,
330,,,150,652,,14.10,52.50,820,0.0,5.250,3.610,3.76,0.000,25.48,1.00,0.22,-0.76,0.52,1.083,1.02,-1.32,1.018,0.00,0.90,1.370,27.8,21.965,0.694,0.000,830,6.88,4.3,1.85,0.00,44.3,1,1,0,0,1,1,0,0,0,0,1,0,0,0,0,0,0,0,1,0,1,1,1,0,0,0,0,0,0,0,0,0,1,1,5155.7,0C,1,1,0,1,1,0,1,0,0,155.56,506.50,,,,,,,,,,,,,,,,,,,,,,,,,,,,,,,,,,,,,,,,,,,,,,,,,,,,,,,,,,
331,,,151,053,,14.10,52.50,829,0.0,3.000,3.590,3.76,0.000,25.15,1.00,0.75,-0.76,0.51,1.100,1.02,-1.32,1.017,0.00,0.90,1.408,27.8,22.309,0.694,0.000,830,6.88,4.3,1.84,0.00,44.3,1,1,0,0,1,1,0,0,0,0,1,0,0,0,0,0,0,0,1,0,1,1,1,0,0,0,0,0,0,0,0,0,1,1,5155.7,0C,1,1,0,1,1,0,1,0,0,153.88,501.13,,,,,,,,,,,,,,,,,,,,,,,,,,,,,,,,,,,,,,,,,,,,,,,,,,,,,,,,,,
332,,,153,549,,14.00,52.50,824,0.0,3.000,3.430,3.76,0.000,25.10,1.00,0.87,-0.76,0.52,1.052,1.02,-1.32,1.017,0.00,0.90,1.370,27.8,22.309,0.694,0.000,820,6.88,4.3,2.00,0.00,44.3,1,1,0,0,1,1,0,0,0,0,1,0,0,0,0,0,0,0,1,0,1,1,1,0,0,0,0,0,0,0,0,0,1,1,5155.7,0C,1,1,0,1,1,0,1,0,0,153.94,503.06,,,,,,,,,,,,,,,,,,,,,,,,,,,,,,,,,,,,,,,,,,,,,,,,,,,,,,,,,,
333,,,153,949,,14.10,52.50,815,0.0,6.750,3.539,3.76,0.000,25.59,1.00,0.36,-0.76,0.52,1.038,1.02,-1.32,1.018,0.00,0.90,1.271,27.8,22.652,0.694,0.000,820,6.88,4.3,2.05,0.00,44.3,1,1,0,0,1,1,0,0,0,0,1,0,0,0,0,0,0,0,1,0,1,1,1,0,0,0,0,0,0,0,0,0,1,1,5155.7,0C,1,1,0,1,1,0,1,0,0,156.13,506.56,,,,,,,,,,,,,,,,,,,,,,,,,,,,,,,,,,,,,,,,,,,,,,,,,,,,,,,,,,
334,,,154,340,,14.00,52.50,827,0.0,3.000,3.546,3.76,0.000,25.27,1.00,0.22,-0.76,0.52,1.080,1.02,-1.32,1.017,0.00,0.90,1.271,27.8,22.309,0.694,0.000,820,6.88,4.3,2.04,0.00,44.3,1,1,0,0,1,1,0,0,0,0,1,0,0,0,0,0,0,0,1,0,1,1,1,0,0,0,0,0,0,0,0,0,1,1,5155.7,0C,1,1,0,1,1,0,1,0,0,154.25,503.25,,,,,,,,,,,,,,,,,,,,,,,,,,,,,,,,,,,,,,,,,,,,,,,,,,,,,,,,,,
335,,,154,730,,14.10,52.50,827,0.0,3.750,3.616,3.76,0.000,25.27,1.00,0.24,-0.76,0.52,1.098,1.02,-1.32,1.017,0.00,0.90,1.271,27.8,22.309,0.694,0.000,820,6.88,4.3,2.04,0.00,44.3,1,1,0,0,1,1,0,0,0,0,1,0,0,0,0,0,0,0,1,0,1,1,1,0,0,0,0,0,0,0,0,0,1,1,5155.7,0C,1,1,0,1,1,0,1,0,0,154.31,503.25,,,,,,,,,,,,,,,,,,,,,,,,,,,,,,,,,,,,,,,,,,,,,,,,,,,,,,,,,,
336,,,155,120,,14.10,52.50,828,0.0,1.500,3.552,3.76,0.000,25.38,1.00,0.84,-0.76,0.51,1.066,1.02,-1.32,1.018,0.00,0.90,1.370,27.8,22.309,0.694,0.000,820,6.88,4.3,2.06,0.00,44.3,1,1,0,0,1,1,0,0,0,0,1,0,0,0,0,0,0,0,1,0,1,1,1,0,0,0,0,0,0,0,0,0,1,1,5155.7,0C,1,1,0,1,1,0,1,0,0,155.19,503.19,,,,,,,,,,,,,,,,,,,,,,,,,,,,,,,,,,,,,,,,,,,,,,,,,,,,,,,,,,
337,,,155,500,,14.10,52.50,831,0.0,4.500,3.430,3.76,0.000,25.03,1.00,0.85,-0.76,0.52,1.053,1.02,-1.32,1.016,0.00,0.90,1.370,27.8,22.309,0.694,0.000,820,6.88,4.3,2.04,0.00,44.3,1,1,0,0,1,1,0,0,0,0,1,0,0,0,0,0,0,0,1,0,1,1,1,0,0,0,0,0,0,0,0,0,1,1,5155.7,0C,1,1,0,1,1,0,1,0,0,152.63,499.06,,,,,,,,,,,,,,,,,,,,,,,,,,,,,,,,,,,,,,,,,,,,,,,,,,,,,,,,,,
338,,,155,877,,14.00,52.50,819,0.0,9.000,3.366,3.76,0.000,24.89,1.00,0.37,-0.76,0.52,1.039,1.02,-1.32,1.016,0.00,0.90,1.370,27.8,21.614,0.694,0.000,820,6.88,4.3,2.05,0.00,44.3,1,1,0,0,1,1,0,0,0,0,1,0,0,0,0,0,0,0,1,0,1,1,1,0,0,0,0,0,0,0,0,0,1,1,5155.7,0C,1,1,0,1,1,0,1,0,0,155.19,503.75,,,,,,,,,,,,,,,,,,,,,,,,,,,,,,,,,,,,,,,,,,,,,,,,,,,,,,,,,,
339,,,156,262,,14.00,52.50,821,0.0,0.000,3.539,3.76,0.000,25.10,1.00,0.22,-0.76,0.52,1.081,1.02,-1.32,1.017,0.00,0.90,1.236,27.8,21.965,0.694,0.000,820,6.88,4.3,2.06,0.00,44.3,1,1,0,0,1,1,0,0,0,0,1,0,0,0,0,0,0,0,1,0,1,1,1,0,0,0,0,0,0,0,0,0,1,1,5155.7,0C,1,1,0,1,1,0,1,0,0,153.88,503.38,,,,,,,,,,,,,,,,,,,,,,,,,,,,,,,,,,,,,,,,,,,,,,,,,,,,,,,,,,
340,,,158,671,,14.10,53.25,829,0.0,6.000,3.501,3.69,0.000,24.63,1.00,0.22,-0.76,0.52,1.096,1.02,-1.32,1.015,0.00,0.90,1.271,27.8,21.965,0.694,0.000,820,6.88,4.3,2.03,0.00,44.3,1,1,0,0,1,1,0,0,0,0,1,0,0,0,0,0,0,0,1,0,1,1,1,0,0,0,0,0,0,0,0,0,1,1,5155.7,0C,1,1,0,1,1,0,1,0,0,151.13,494.75,,,,,,,,,,,,,,,,,,,,,,,,,,,,,,,,,,,,,,,,,,,,,,,,,,,,,,,,,,
341,,,159,058,,14.10,53.25,832,0.0,4.500,3.437,3.69,0.000,24.56,1.00,0.79,-0.76,0.52,1.078,1.02,-1.32,1.015,0.00,0.90,0.176,-42.0,80.861,0.672,21.750,1920,94.40,313.0,-78.91,7.37,-25.5,1,1,0,1,0,1,0,1,0,1,0,1,0,1,0,1,0,1,1,1,1,1,1,1,1,1,1,1,1,1,1,1,1,1,1,,,,,,,,,,,,,,,,,,,,,,,,,,,,,,,,,,,,,,,,,,,,,,,,,,,,,,,,,,,,,,,,,,,,,,
342,,,159,438,,14.00,53.25,828,0.0,5.250,3.360,3.69,0.000,24.49,1.00,0.83,-0.76,0.52,1.060,1.02,-1.32,1.015,0.00,0.90,1.370,27.8,21.965,0.694,-87.750,0,0.38,128.3,0.87,-49.63,112.5,0,1,0,0,0,1,0,1,1,1,1,1,0,1,1,0,0,1,0,0,0,0,0,0,0,0,1,0,0,1,0,0,0,0,4143.7,E0,0,1,0,1,0,1,1,1,1,1,1,,,,,,,,,,,,,,,,,,,,,,,,,,,,,,,,,,,,,,,,,,,,,,,,,,,,,,,,,,
343,,,159,849,,14.00,53.25,820,0.0,9.750,3.379,3.69,0.000,24.33,1.00,0.26,-0.76,0.51,1.079,1.02,-1.32,1.017,0.00,0.90,1.370,27.8,21.614,0.694,0.000,820,6.88,4.3,1.99,0.04,44.3,1,1,0,0,1,1,0,0,0,0,1,0,0,0,0,0,0,0,1,0,1,1,1,0,0,0,0,0,0,0,0,0,1,1,5155.7,0C,1,1,0,1,1,0,1,0,0,148.88,498.25,,,,,,,,,,,,,,,,,,,,,,,,,,,,,,,,,,,,,,,,,,,,,,,,,,,,,,,,,,
344,,,160,238,,14.00,53.25,826,0.0,1.500,3.616,3.69,0.000,24.91,1.00,0.22,-0.76,0.51,1.096,1.02,-1.32,1.016,0.00,0.90,1.236,27.8,22.309,0.694,0.000,820,6.88,4.3,1.99,0.00,44.3,1,1,0,0,1,1,0,0,0,0,1,0,0,0,0,0,0,0,1,0,1,1,1,0,0,0,0,0,0,0,0,0,1,1,5155.7,0C,1,1,0,1,1,0,1,0,0,150.56,497.44,,,,,,,,,,,,,,,,,,,,,,,,,,,,,,,,,,,,,,,,,,,,,,,,,,,,,,,,,,
345,,,160,621,,14.10,53.25,828,0.0,3.750,3.514,3.64,0.000,24.77,1.00,0.75,-0.76,0.51,1.085,1.02,-1.32,1.015,0.00,0.90,1.236,27.8,22.309,0.694,0.000,820,6.88,4.3,1.98,0.00,44.3,1,1,0,0,1,1,0,0,0,0,1,0,0,0,0,0,0,0,1,0,1,1,1,0,0,0,0,0,0,0,0,0,1,1,5155.7,0C,1,1,0,1,1,0,1,0,0,150.44,496.06,,,,,,,,,,,,,,,,,,,,,,,,,,,,,,,,,,,,,,,,,,,,,,,,,,,,,,,,,,
346,,,161,048,,14.00,53.25,823,0.0,3.750,3.392,3.69,0.000,24.56,1.00,0.85,-0.76,0.52,1.067,1.02,-1.32,1.015,0.00,0.90,1.307,27.8,21.965,0.694,0.000,820,6.88,4.3,1.98,0.00,44.3,1,1,0,0,1,1,0,0,0,0,1,0,0,0,0,0,0,0,1,0,1,1,1,0,0,0,0,0,0,0,0,0,1,1,5155.7,0C,1,1,0,1,1,0,1,0,0,150.50,497.56,,,,,,,,,,,,,,,,,,,,,,,,,,,,,,,,,,,,,,,,,,,,,,,,,,,,,,,,,,
347,,,161,449,,14.10,53.25,828,0.0,3.750,3.398,3.64,0.000,24.80,1.00,0.78,-0.76,0.52,1.050,1.02,-1.32,1.015,0.00,0.90,1.307,27.8,22.309,0.694,0.000,820,6.88,4.3,1.97,0.00,44.3,1,1,0,0,1,1,0,0,0,0,1,0,0,0,0,0,0,0,1,0,1,1,1,0,0,0,0,0,0,0,0,0,1,1,5155.7,0C,1,1,0,1,1,0,1,0,0,150.63,495.44,,,,,,,,,,,,,,,,,,,,,,,,,,,,,,,,,,,,,,,,,,,,,,,,,,,,,,,,,,
348,,,161,886,,14.00,53.25,823,0.0,8.250,3.450,3.69,0.000,24.56,1.00,0.22,-0.76,0.51,1.081,1.02,-1.32,1.015,0.00,0.90,1.307,27.8,22.309,0.694,0.000,820,6.88,4.3,1.99,0.00,44.3,1,1,0,0,1,1,0,0,0,0,1,0,0,0,0,0,0,0,1,0,1,1,1,0,0,0,0,0,0,0,0,0,1,1,5155.7,0C,1,1,0,1,1,0,1,0,0,152.06,496.94,,,,,,,,,,,,,,,,,,,,,,,,,,,,,,,,,,,,,,,,,,,,,,,,,,,,,,,,,,
349,,,162,310,,14.00,53.25,830,0.0,1.500,3.501,3.69,0.000,24.66,1.00,0.22,-0.76,0.52,1.099,1.02,-1.32,1.015,0.00,0.90,1.271,27.8,22.309,0.694,0.000,820,6.88,4.3,1.97,0.00,44.3,1,1,0,0,1,1,0,0,0,0,1,0,0,0,0,0,0,0,1,0,1,1,1,0,0,0,0,0,0,0,0,0,1,1,5155.7,0C,1,1,0,1,1,0,1,0,0,148.50,495.31,,,,,,,,,,,,,,,,,,,,,,,,,,,,,,,,,,,,,,,,,,,,,,,,,,,,,,,,,,
350,,,162,722,,14.00,53.25,837,0.0,-3.750,3.712,3.69,0.000,24.84,1.00,0.40,-0.76,0.52,1.116,1.02,-1.32,1.016,0.00,0.90,1.271,27.8,22.652,0.694,0.000,820,6.88,4.3,1.93,0.00,44.3,1,1,0,0,1,1,0,0,0,0,1,0,0,0,0,0,0,0,1,0,1,1,1,0,0,0,0,0,0,0,0,0,1,1,5155.7,0C,1,1,0,1,1,0,1,0,0,148.63,493.56,,,,,,,,,,,,,,,,,,,,,,,,,,,,,,,,,,,,,,,,,,,,,,,,,,,,,,,,,,
351,,,163,120,,14.00,53.25,833,0.0,-2.250,3.578,3.69,0.000,24.89,1.00,0.89,-0.76,0.51,1.076,0.03,9.87,0.446,0.01,0.45,0.176,-42.0,80.861,0.672,71.250,0,0.38,128.3,0.87,-49.63,112.5,0,1,0,0,0,1,0,1,1,1,1,1,0,1,1,0,0,1,0,0,0,0,0,0,0,0,1,0,0,1,0,0,0,0,3973.0,C4,0,1,0,1,0,1,1,1,1,1,1,,,,,,,,,,,,,,,,,,,,,,,,,,,,,,,,,,,,,,,,,,,,,,,,,,,,,,,,,,
352,,,163,551,,14.00,53.25,833,0.0,-3.750,3.603,3.69,0.000,25.15,1.00,0.84,-0.76,0.52,1.059,1.02,-1.32,1.017,0.00,0.90,1.307,27.8,22.309,0.694,0.000,820,6.88,4.3,1.83,0.00,44.3,1,1,0,0,1,1,0,0,0,0,1,0,0,0,0,0,0,0,1,0,1,1,1,0,0,0,0,0,0,0,0,0,1,1,5155.7,0C,1,1,0,1,1,0,1,0,0,151.13,495.94,,,,,,,,,,,,,,,,,,,,,,,,,,,,,,,,,,,,,,,,,,,,,,,,,,,,,,,,,,
353,,,163,952,,14.00,53.25,825,0.0,0.750,3.718,3.76,0.000,25.24,1.00,0.21,-0.76,0.52,1.095,1.02,-1.32,1.017,0.00,0.90,1.329,27.8,22.652,0.694,0.000,820,6.88,4.3,1.85,0.00,44.3,1,1,0,0,1,1,0,0,0,0,1,0,0,0,0,0,0,0,1,0,1,1,1,0,0,0,0,0,0,0,0,0,1,1,5155.7,0C,1,1,0,1,1,0,1,0,0,153.81,498.75,,,,,,,,,,,,,,,,,,,,,,,,,,,,,,,,,,,,,,,,,,,,,,,,,,,,,,,,,,
354,,,164,368,,14.00,54.00,826,0.0,9.750,3.693,3.76,0.000,25.01,1.00,0.60,-0.76,0.52,1.111,1.02,-1.32,1.016,0.00,0.90,1.329,27.8,22.309,0.694,0.000,820,6.88,4.3,1.84,0.00,44.3,1,1,0,0,1,1,0,0,0,0,1,0,0,0,0,0,0,0,1,0,1,1,1,0,0,0,0,0,0,0,0,0,1,1,5155.7,0C,1,1,0,1,1,0,1,0,0,153.00,497.88,,,,,,,,,,,,,,,,,,,,,,,,,,,,,,,,,,,,,,,,,,,,,,,,,,,,,,,,,,
355,,,164,777,,14.00,54.00,828,0.0,4.500,3.514,3.69,0.000,24.96,1.00,0.88,-0.76,0.52,1.070,1.02,-1.32,1.016,0.00,0.90,1.329,27.8,21.965,0.694,0.000,820,6.88,4.3,1.82,0.00,44.3,1,1,0,0,1,1,0,0,0,0,1,0,0,0,0,0,0,0,1,0,1,1,1,0,0,0,0,0,0,0,0,0,1,1,5155.7,0C,1,1,0,1,1,0,1,0,0,150.88,497.81,,,,,,,,,,,,,,,,,,,,,,,,,,,,,,,,,,,,,,,,,,,,,,,,,,,,,,,,,,
356,,,165,188,,14.10,54.00,821,0.0,2.250,3.462,3.76,0.000,25.08,1.00,0.85,-0.76,0.51,1.053,1.02,-1.32,1.017,0.00,0.90,1.271,27.8,21.965,0.694,0.000,820,6.88,4.3,1.84,0.00,44.3,1,1,0,0,1,1,0,0,0,0,1,0,0,0,0,0,0,0,1,0,1,1,1,0,0,0,0,0,0,0,0,0,1,1,5155.7,0C,1,1,0,1,1,0,1,0,0,152.44,500.75,,,,,,,,,,,,,,,,,,,,,,,,,,,,,,,,,,,,,,,,,,,,,,,,,,,,,,,,,,
357,,,165,633,,14.00,54.00,812,0.0,9.000,3.558,3.69,0.000,25.22,1.00,0.25,-0.76,0.52,1.073,1.02,-1.32,1.017,0.00,0.90,1.271,27.8,21.965,0.694,0.000,820,6.88,4.3,1.87,0.00,44.3,1,1,0,0,1,1,0,0,0,0,1,0,0,0,0,0,0,0,1,0,1,1,1,0,0,0,0,0,0,0,0,0,1,1,5155.7,0C,1,1,0,1,1,0,1,0,0,151.81,505.31,,,,,,,,,,,,,,,,,,,,,,,,,,,,,,,,,,,,,,,,,,,,,,,,,,,,,,,,,,
358,,,166,047,,14.10,54.00,824,0.0,4.500,3.507,3.69,0.000,24.82,1.00,0.22,-0.76,0.52,1.095,1.02,-1.32,1.016,0.00,0.90,1.408,27.8,21.965,0.694,0.000,820,6.88,4.3,1.88,0.00,44.3,1,1,0,0,1,1,0,0,0,0,1,0,0,0,0,0,0,0,1,0,1,1,1,0,0,0,0,0,0,0,0,0,1,1,5155.7,0C,1,1,0,1,1,0,1,0,0,151.69,499.00,,,,,,,,,,,,,,,,,,,,,,,,,,,,,,,,,,,,,,,,,,,,,,,,,,,,,,,,,,
359,,,166,448,,14.10,54.00,818,0.0,6.000,3.539,3.64,0.000,24.91,1.00,0.75,-0.76,0.52,1.084,1.02,-1.32,1.016,0.00,0.90,1.408,27.8,21.965,0.694,0.000,820,6.88,4.3,1.89,0.00,44.3,1,1,0,0,1,1,0,0,0,0,1,0,0,0,0,0,0,0,1,0,1,1,1,0,0,0,0,0,0,0,0,0,1,1,5155.7,0C,1,1,0,1,1,0,1,0,0,153.00,501.25,,,,,,,,,,,,,,,,,,,,,,,,,,,,,,,,,,,,,,,,,,,,,,,,,,,,,,,,,,
360,,,166,850,,14.00,54.00,813,0.0,9.750,3.482,3.69,0.000,25.05,1.00,0.85,-0.76,0.52,1.066,1.02,-1.32,1.016,0.00,0.90,1.408,27.8,21.965,0.694,0.000,820,6.88,4.3,1.92,0.00,44.3,1,1,0,0,1,1,0,0,0,0,1,0,0,0,0,0,0,0,1,0,1,1,1,0,0,0,0,0,0,0,0,0,1,1,5155.7,0C,1,1,0,1,1,0,1,0,0,153.63,503.75,,,,,,,,,,,,,,,,,,,,,,,,,,,,,,,,,,,,,,,,,,,,,,,,,,,,,,,,,,
361,,,167,243,,14.00,54.00,817,0.0,6.000,3.341,3.69,0.000,24.66,1.00,0.74,-0.76,0.52,1.049,1.02,-1.32,1.015,0.00,0.90,1.271,27.8,21.614,0.694,0.000,820,6.88,4.3,1.92,0.00,44.3,1,1,0,0,1,1,0,0,0,0,1,0,0,0,0,0,0,0,1,0,1,1,1,0,0,0,0,0,0,0,0,0,1,1,5155.7,0C,1,1,0,1,1,0,1,0,0,152.06,502.13,,,,,,,,,,,,,,,,,,,,,,,,,,,,,,,,,,,,,,,,,,,,,,,,,,,,,,,,,,
362,,,169,670,,14.00,54.00,816,0.0,0.750,3.597,3.69,0.000,25.34,1.00,0.22,-0.76,0.52,1.094,1.02,-1.32,1.018,0.00,0.90,1.271,27.8,21.965,0.694,0.000,820,6.88,4.3,2.02,0.00,44.3,1,1,0,0,1,1,0,0,0,0,1,0,0,0,0,0,0,0,1,0,1,1,1,0,0,0,0,0,0,0,0,0,1,1,5155.7,0C,1,1,0,1,1,0,1,0,0,155.25,504.31,,,,,,,,,,,,,,,,,,,,,,,,,,,,,,,,,,,,,,,,,,,,,,,,,,,,,,,,,,
363,,,170,081,,14.10,54.00,825,0.0,4.500,3.590,3.69,0.000,24.91,1.00,0.74,-0.76,0.52,1.084,1.02,-1.32,1.016,0.00,0.90,1.370,27.8,21.965,0.694,0.000,820,6.88,4.3,1.99,0.00,44.3,1,1,0,0,1,1,0,0,0,0,1,0,0,0,0,0,0,0,1,0,1,1,1,0,0,0,0,0,0,0,0,0,1,1,5155.7,0C,1,1,0,1,1,0,1,0,0,152.25,499.81,,,,,,,,,,,,,,,,,,,,,,,,,,,,,,,,,,,,,,,,,,,,,,,,,,,,,,,,,,
364,,,170,487,,14.00,54.00,821,0.0,6.000,3.450,3.69,0.000,24.89,1.00,0.86,-0.76,0.52,1.066,1.02,-1.32,1.016,0.00,0.90,1.370,27.8,21.965,0.694,0.000,820,6.88,4.3,1.99,0.00,44.3,1,1,0,0,1,1,0,0,0,0,1,0,0,0,0,0,0,0,1,0,1,1,1,0,0,0,0,0,0,0,0,0,1,1,5155.7,0C,1,1,0,1,1,0,1,0,0,152.63,500.31,,,,,,,,,,,,,,,,,,,,,,,,,,,,,,,,,,,,,,,,,,,,,,,,,,,,,,,,,,
365,,,170,880,,14.00,54.00,820,0.0,9.750,3.488,3.69,0.000,25.08,1.00,0.84,-0.76,0.52,1.049,1.02,-1.32,1.017,0.00,0.90,1.370,27.8,21.614,0.694,0.000,820,6.88,4.3,1.99,0.00,44.3,1,1,0,0,1,1,0,0,0,0,1,0,0,0,0,0,0,0,1,0,1,1,1,0,0,0,0,0,0,0,0,0,1,1,5155.7,0C,1,1,0,1,1,0,1,0,0,153.94,505.88,,,,,,,,,,,,,,,,,,,,,,,,,,,,,,,,,,,,,,,,,,,,,,,,,,,,,,,,,,
366,,,171,278,,14.00,54.00,822,0.0,4.500,3.610,3.69,0.000,25.36,1.00,0.20,-0.76,0.52,1.080,1.02,-1.32,1.018,0.00,0.90,1.236,27.8,21.965,0.694,0.000,820,6.88,4.3,2.00,0.00,44.3,1,1,0,0,1,1,0,0,0,0,1,0,0,0,0,0,0,0,1,0,1,1,1,0,0,0,0,0,0,0,0,0,1,1,5155.7,0C,1,1,0,1,1,0,1,0,0,151.88,503.56,,,,,,,,,,,,,,,,,,,,,,,,,,,,,,,,,,,,,,,,,,,,,,,,,,,,,,,,,,
367,,,171,679,,14.00,54.75,819,0.0,1.500,3.616,3.69,0.000,25.13,1.00,0.22,-0.76,0.52,1.098,1.02,-1.32,1.017,0.00,0.90,1.236,27.8,21.965,0.694,0.000,820,6.88,4.3,2.01,0.00,44.3,1,1,0,0,1,1,0,0,0,0,1,0,0,0,0,0,0,0,1,0,1,1,1,0,0,0,0,0,0,0,0,0,1,1,5155.7,0C,1,1,0,1,1,0,1,0,0,151.81,502.63,,,,,,,,,,,,,,,,,,,,,,,,,,,,,,,,,,,,,,,,,,,,,,,,,,,,,,,,,,
368,,,172,069,,14.00,54.75,825,0.0,0.750,3.667,3.69,0.000,25.10,1.00,0.47,-0.76,0.52,1.115,1.02,-1.32,1.017,0.00,0.90,1.370,27.8,21.965,0.694,0.000,820,6.88,4.3,2.00,0.00,44.3,1,1,0,0,1,1,0,0,0,0,1,0,0,0,0,0,0,0,1,0,1,1,1,0,0,0,0,0,0,0,0,0,1,1,5155.7,0C,1,1,0,1,1,0,1,0,0,151.19,501.38,,,,,,,,,,,,,,,,,,,,,,,,,,,,,,,,,,,,,,,,,,,,,,,,,,,,,,,,,,
369,,,172,469,,14.10,54.75,822,0.0,0.750,3.501,3.64,0.000,24.96,1.00,0.86,-0.76,0.52,1.079,1.02,-1.32,1.016,0.00,0.90,1.370,27.8,21.965,0.694,0.000,820,6.88,4.3,2.00,0.00,44.3,1,1,0,0,1,1,0,0,0,0,1,0,0,0,0,0,0,0,1,0,1,1,1,0,0,0,0,0,0,0,0,0,1,1,5155.7,0C,1,1,0,1,1,0,1,0,0,152.13,500.69,,,,,,,,,,,,,,,,,,,,,,,,,,,,,,,,,,,,,,,,,,,,,,,,,,,,,,,,,,
370,,,172,889,,14.10,54.75,821,0.0,6.000,3.488,3.64,0.000,25.10,1.00,0.88,-0.76,0.52,1.061,1.02,-1.32,1.017,0.00,0.90,1.370,27.8,21.965,0.694,0.000,820,6.88,4.3,2.00,0.00,44.3,1,1,0,0,1,1,0,0,0,0,1,0,0,0,0,0,0,0,1,0,1,1,1,0,0,0,0,0,0,0,0,0,1,1,5155.7,0C,1,1,0,1,1,0,1,0,0,151.88,501.13,,,,,,,,,,,,,,,,,,,,,,,,,,,,,,,,,,,,,,,,,,,,,,,,,,,,,,,,,,
371,,,173,291,,14.10,54.75,823,0.0,5.250,3.437,3.64,0.000,25.05,1.00,0.83,-0.76,0.52,1.044,1.02,-1.32,1.016,0.00,0.90,1.307,27.8,22.309,0.694,0.000,820,6.88,4.3,2.00,0.00,44.3,1,1,0,0,1,1,0,0,0,0,1,0,0,0,0,0,0,0,1,0,1,1,1,0,0,0,0,0,0,0,0,0,1,1,5155.7,0C,1,1,0,1,1,0,1,0,0,147.69,501.75,,,,,,,,,,,,,,,,,,,,,,,,,,,,,,,,,,,,,,,,,,,,,,,,,,,,,,,,,,
372,,,173,690,,14.00,54.75,819,0.0,2.250,3.546,3.69,0.000,25.41,1.00,0.20,-0.76,0.52,1.076,1.02,-1.32,1.018,0.00,0.90,1.307,27.8,22.652,0.694,0.000,820,6.88,4.3,2.04,0.00,44.3,1,1,0,0,1,1,0,0,0,0,1,0,0,0,0,0,0,0,1,0,1,1,1,0,0,0,0,0,0,0,0,0,1,1,5155.7,0C,1,1,0,1,1,0,1,0,0,155.00,503.50,,,,,,,,,,,,,,,,,,,,,,,,,,,,,,,,,,,,,,,,,,,,,,,,,,,,,,,,,,
373,,,174,081,,14.00,54.75,821,0.0,3.000,3.571,3.69,0.000,25.13,1.00,0.22,-0.76,0.52,1.094,1.02,-1.32,1.017,0.00,0.90,1.370,27.8,21.965,0.694,0.000,820,6.88,4.3,2.03,0.00,44.3,1,1,0,0,1,1,0,0,0,0,1,0,0,0,0,0,0,0,1,0,1,1,1,0,0,0,0,0,0,0,0,0,1,1,5155.7,0C,1,1,0,1,1,0,1,0,0,153.31,502.69,,,,,,,,,,,,,,,,,,,,,,,,,,,,,,,,,,,,,,,,,,,,,,,,,,,,,,,,,,
374,,,174,481,,14.00,54.75,824,0.0,0.750,3.526,3.69,0.000,24.98,1.00,0.74,-0.76,0.52,1.084,1.02,-1.32,1.016,0.00,0.90,1.370,27.8,21.965,0.694,0.000,820,6.88,4.3,2.00,0.00,44.3,1,1,0,0,1,1,0,0,0,0,1,0,0,0,0,0,0,0,1,0,1,1,1,0,0,0,0,0,0,0,0,0,1,1,5155.7,0C,1,1,0,1,1,0,1,0,0,151.75,501.50,,,,,,,,,,,,,,,,,,,,,,,,,,,,,,,,,,,,,,,,,,,,,,,,,,,,,,,,,,
375,,,174,870,,14.00,54.75,815,0.0,5.250,3.456,3.69,0.000,24.91,1.00,0.83,-0.76,0.52,1.066,1.02,-1.32,1.016,0.00,0.90,1.370,27.8,21.614,0.694,0.000,820,6.88,4.3,2.00,0.00,44.3,1,1,0,0,1,1,0,0,0,0,1,0,0,0,0,0,0,0,1,0,1,1,1,0,0,0,0,0,0,0,0,0,1,1,5155.7,0C,1,1,0,1,1,0,1,0,0,152.56,505.44,,,,,,,,,,,,,,,,,,,,,,,,,,,,,,,,,,,,,,,,,,,,,,,,,,,,,,,,,,
376,,,175,268,,14.10,54.75,820,0.0,-0.750,3.533,3.69,0.000,25.43,1.00,0.55,-0.76,0.52,1.050,1.02,-1.32,1.018,0.00,0.90,1.236,27.8,22.309,0.694,0.000,820,6.88,4.3,2.03,0.00,44.3,1,1,0,0,1,1,0,0,0,0,1,0,0,0,0,0,0,0,1,0,1,1,1,0,0,0,0,0,0,0,0,0,1,1,5155.7,0C,1,1,0,1,1,0,1,0,0,153.56,502.50,,,,,,,,,,,,,,,,,,,,,,,,,,,,,,,,,,,,,,,,,,,,,,,,,,,,,,,,,,
377,,,175,650,,14.00,54.75,817,0.0,4.500,3.501,3.69,0.000,24.84,1.00,0.22,-0.76,0.52,1.089,1.02,-1.32,1.016,0.00,0.90,1.236,27.8,21.965,0.694,0.000,810,6.88,4.3,2.02,0.00,44.3,1,1,0,0,1,1,0,0,0,0,1,0,0,0,0,0,0,0,1,0,1,1,1,0,0,0,0,0,0,0,0,0,1,1,5155.7,0C,1,1,0,1,1,0,1,0,0,152.31,501.63,,,,,,,,,,,,,,,,,,,,,,,,,,,,,,,,,,,,,,,,,,,,,,,,,,,,,,,,,,
378,,,176,042,,14.10,54.75,819,0.0,2.250,3.616,3.76,0.000,25.03,1.00,0.22,-0.76,0.52,1.106,0.03,12.84,0.439,0.01,0.45,0.174,-42.0,80.861,0.672,-77.250,0,0.38,128.3,0.87,-49.63,112.5,0,1,0,0,0,1,0,1,1,1,1,1,0,1,1,0,0,1,0,0,0,0,0,0,0,0,1,0,0,1,0,0,0,0,6106.5,4C,0,1,0,1,0,1,1,1,1,1,1,,,,,,,,,,,,,,,,,,,,,,,,,,,,,,,,,,,,,,,,,,,,,,,,,,,,,,,,,,
379,,,176,441,,14.00,54.75,820,0.0,6.000,3.424,3.76,0.000,24.61,1.00,0.83,-0.76,0.52,1.082,1.02,-1.32,1.015,0.00,0.90,1.370,27.8,21.614,0.694,0.000,810,6.88,4.3,2.00,0.00,44.3,1,1,0,0,1,1,0,0,0,0,1,0,0,0,0,0,0,0,1,0,1,1,1,0,0,0,0,0,0,0,0,0,1,1,5155.7,0C,1,1,0,1,1,0,1,0,0,151.63,500.88,,,,,,,,,,,,,,,,,,,,,,,,,,,,,,,,,,,,,,,,,,,,,,,,,,,,,,,,,,
380,,,176,859,,14.10,54.75,820,0.0,6.000,3.418,3.69,0.000,24.77,1.00,0.87,-0.76,0.52,1.065,1.02,-1.32,1.015,0.00,0.90,1.370,27.8,21.965,0.694,0.000,810,6.88,4.3,1.99,0.00,44.3,1,1,0,0,1,1,0,0,0,0,1,0,0,0,0,0,0,0,1,0,1,1,1,0,0,0,0,0,0,0,0,0,1,1,5155.7,0C,1,1,0,1,1,0,1,0,0,151.25,500.13,,,,,,,,,,,,,,,,,,,,,,,,,,,,,,,,,,,,,,,,,,,,,,,,,,,,,,,,,,
381,,,177,284,,14.00,54.75,810,0.0,6.000,3.418,3.69,0.000,24.91,1.00,0.48,-0.76,0.52,1.051,1.02,-1.32,1.016,0.00,0.90,1.271,27.8,21.614,0.694,0.000,810,6.88,4.3,2.01,0.00,44.3,1,1,0,0,1,1,0,0,0,0,1,0,0,0,0,0,0,0,1,0,1,1,1,0,0,0,0,0,0,0,0,0,1,1,5155.7,0C,1,1,0,1,1,0,1,0,0,152.38,504.31,,,,,,,,,,,,,,,,,,,,,,,,,,,,,,,,,,,,,,,,,,,,,,,,,,,,,,,,,,
382,,,177,689,,14.00,54.75,811,0.0,7.500,3.616,3.69,0.000,25.38,1.00,0.21,-0.76,0.52,1.091,1.02,-1.32,1.018,0.00,0.90,1.271,27.8,22.309,0.694,0.000,810,6.88,4.3,2.05,0.00,44.3,1,1,0,0,1,1,0,0,0,0,1,0,0,0,0,0,0,0,1,0,1,1,1,0,0,0,0,0,0,0,0,0,1,1,5155.7,0C,1,1,0,1,1,0,1,0,0,153.38,504.25,,,,,,,,,,,,,,,,,,,,,,,,,,,,,,,,,,,,,,,,,,,,,,,,,,,,,,,,,,
383,,,178,099,,14.00,54.75,819,0.0,3.000,3.622,3.69,0.000,25.03,1.00,0.26,-0.76,0.51,1.108,1.02,-1.32,1.016,0.00,0.90,1.370,27.8,21.965,0.694,0.000,810,6.88,4.3,2.04,0.00,44.3,1,1,0,0,1,1,0,0,0,0,1,0,0,0,0,0,0,0,1,0,1,1,1,0,0,0,0,0,0,0,0,0,1,1,5155.7,0C,1,1,0,1,1,0,1,0,0,152.06,501.81,,,,,,,,,,,,,,,,,,,,,,,,,,,,,,,,,,,,,,,,,,,,,,,,,,,,,,,,,,
384,,,178,522,,14.10,54.75,820,0.0,3.750,3.462,3.69,0.000,24.82,1.00,0.84,-0.76,0.51,1.076,1.02,-1.32,1.016,0.00,0.90,1.370,27.8,21.965,0.694,0.000,810,6.88,4.3,2.03,0.00,44.3,1,1,0,0,1,1,0,0,0,0,1,0,0,0,0,0,0,0,1,0,1,1,1,0,0,0,0,0,0,0,0,0,1,1,5155.7,0C,1,1,0,1,1,0,1,0,0,151.31,502.44,,,,,,,,,,,,,,,,,,,,,,,,,,,,,,,,,,,,,,,,,,,,,,,,,,,,,,,,,,
385,,,178,920,,14.10,55.50,808,0.0,6.750,3.475,3.69,0.000,25.29,1.00,0.84,-0.76,0.51,1.055,1.02,-1.32,1.017,0.00,0.90,1.236,27.8,21.965,0.694,0.000,810,6.88,4.3,2.10,0.00,44.3,1,1,0,0,1,1,0,0,0,0,1,0,0,0,0,0,0,0,1,0,1,1,1,0,0,0,0,0,0,0,0,0,1,1,5155.7,0C,1,1,0,1,1,0,1,0,0,154.56,507.31,,,,,,,,,,,,,,,,,,,,,,,,,,,,,,,,,,,,,,,,,,,,,,,,,,,,,,,,,,
386,,,179,310,,14.00,55.50,805,0.0,11.250,3.437,3.69,0.000,24.84,1.00,0.23,-0.76,0.51,1.081,1.02,-1.32,1.016,0.00,0.90,1.236,27.8,21.614,0.694,0.000,810,6.88,4.3,2.12,0.07,44.3,1,1,0,0,1,1,0,0,0,0,1,0,0,0,0,0,0,0,1,0,1,1,1,0,0,0,0,0,0,0,0,0,1,1,5155.7,0C,1,1,0,1,1,0,1,0,0,151.31,506.50,,,,,,,,,,,,,,,,,,,,,,,,,,,,,,,,,,,,,,,,,,,,,,,,,,,,,,,,,,
387,,,179,690,,14.00,55.50,818,0.0,3.000,3.565,959.38,16.913,621.26,0.75,0.51,-0.56,0.30,0.347,0.00,8.30,1.617,0.01,0.01,99.072,-48.0,48.055,0.047,21.750,1920,94.40,313.0,-78.91,7.40,-24.8,1,0,0,1,0,1,0,1,0,1,0,1,0,1,0,1,0,1,1,1,1,1,1,1,1,1,1,1,1,1,1,1,1,1,1,,,,,,,,,,,,,,,,,,,,,,,,,,,,,,,,,,,,,,,,,,,,,,,,,,,,,,,,,,,,,,,,,,,,,,
388,,,180,090,,14.00,55.50,823,0.0,0.000,3.565,3.69,0.000,24.77,1.00,0.54,-0.76,0.52,1.111,1.02,-1.32,1.015,0.00,0.90,1.370,27.8,21.614,0.694,0.000,810,6.88,4.3,2.08,0.00,44.3,1,1,0,0,1,1,0,0,0,0,1,0,0,0,0,0,0,0,1,0,1,1,1,0,0,0,0,0,0,0,0,0,1,1,5155.7,0C,1,1,0,1,1,0,1,0,0,152.63,498.75,,,,,,,,,,,,,,,,,,,,,,,,,,,,,,,,,,,,,,,,,,,,,,,,,,,,,,,,,,
389,,,180,491,,14.00,55.50,816,0.0,3.000,3.443,3.69,0.000,24.70,1.00,0.83,-0.76,0.52,1.071,1.02,-1.32,1.015,0.00,0.90,1.370,27.8,21.271,0.694,0.000,810,6.88,4.3,2.06,0.00,44.3,1,1,0,0,1,1,0,0,0,0,1,0,0,0,0,0,0,0,1,0,1,1,1,0,0,0,0,0,0,0,0,0,1,1,5155.7,0C,1,1,0,1,1,0,1,0,0,152.00,501.13,,,,,,,,,,,,,,,,,,,,,,,,,,,,,,,,,,,,,,,,,,,,,,,,,,,,,,,,,,
390,,,180,924,,14.00,55.50,810,0.0,5.250,3.469,3.69,0.000,25.10,1.00,0.82,-0.76,0.52,1.055,1.02,-1.32,1.017,0.00,0.90,1.370,27.8,21.614,0.694,0.000,810,6.88,4.3,2.09,0.00,44.3,1,1,0,0,1,1,0,0,0,0,1,0,0,0,0,0,0,0,1,0,1,1,1,0,0,0,0,0,0,0,0,0,1,1,5155.7,0C,1,1,0,1,1,0,1,0,0,152.75,504.44,,,,,,,,,,,,,,,,,,,,,,,,,,,,,,,,,,,,,,,,,,,,,,,,,,,,,,,,,,
391,,,181,311,,14.10,55.50,890,0.0,-4.500,4.045,3.88,0.000,28.01,1.00,0.21,-0.76,0.52,1.095,1.02,-1.32,1.028,0.00,0.90,1.236,27.8,25.422,0.694,0.000,900,6.88,4.3,1.89,-0.02,44.3,1,1,0,0,1,1,0,0,0,0,1,0,1,0,0,0,0,0,1,0,1,1,1,0,0,0,0,1,0,0,0,0,1,1,5155.7,0C,1,1,0,1,1,0,1,0,0,174.75,546.31,,,,,,,,,,,,,,,,,,,,,,,,,,,,,,,,,,,,,,,,,,,,,,,,,,,,,,,,,,
392,,,181,700,,13.80,55.50,906,0.0,-0.750,3.891,3.93,0.000,26.84,1.00,0.89,-0.76,0.52,1.069,1.02,-1.32,1.023,0.00,0.90,1.236,27.8,24.384,0.694,0.000,900,6.88,4.3,1.83,0.00,44.3,1,1,0,0,1,1,0,0,0,0,1,0,1,0,0,0,0,0,1,0,1,1,1,0,0,0,0,1,0,0,0,0,1,1,5155.7,0C,1,1,0,1,1,0,1,0,0,161.75,508.94,,,,,,,,,,,,,,,,,,,,,,,,,,,,,,,,,,,,,,,,,,,,,,,,,,,,,,,,,,
393,,,182,089,,13.80,55.50,967,0.0,0.000,7.162,9.47,9.248,39.98,1.00,0.96,-0.76,0.51,1.046,1.02,-1.32,1.055,0.00,0.90,1.705,27.8,28.527,0.694,0.000,1300,6.88,4.3,1.80,1.74,44.3,1,1,0,0,1,1,0,0,0,0,1,0,1,0,0,0,0,0,0,0,1,1,1,0,0,0,0,1,0,0,0,0,1,1,5155.7,0C,1,1,0,1,1,0,1,0,0,244.63,712.06,,,,,,,,,,,,,,,,,,,,,,,,,,,,,,,,,,,,,,,,,,,,,,,,,,,,,,,,,,
394,,,182,541,,13.80,55.50,1312,0.0,0.750,8.627,14.16,9.248,51.68,1.00,0.99,-0.76,0.52,1.014,1.02,-1.32,1.105,0.00,0.90,1.705,27.8,38.209,0.694,0.000,1500,6.88,4.3,1.80,0.96,44.3,1,1,0,0,1,1,0,0,0,0,1,0,1,0,0,0,0,0,0,0,1,1,1,0,0,0,0,1,0,0,0,0,1,1,5155.7,0C,1,1,0,1,1,0,1,0,0,314.69,802.81,,,,,,,,,,,,,,,,,,,,,,,,,,,,,,,,,,,,,,,,,,,,,,,,,,,,,,,,,,
395,,,182,939,,13.80,55.50,1469,0.0,2.250,5.984,10.28,6.976,41.81,1.00,0.99,-0.76,0.52,0.970,1.02,-1.32,1.083,0.00,0.90,3.874,27.8,31.640,0.694,0.000,1500,6.88,4.3,1.80,0.22,44.3,1,1,0,0,1,1,0,0,0,0,1,0,1,0,0,0,0,0,0,0,1,1,1,0,0,0,0,1,0,0,0,0,1,1,5155.7,0C,1,1,0,1,1,0,1,0,0,254.94,673.06,,,,,,,,,,,,,,,,,,,,,,,,,,,,,,,,,,,,,,,,,,,,,,,,,,,,,,,,,,
396,,,183,319,,13.50,55.50,1264,2.5,7.500,3.558,8.69,0.000,33.02,1.00,0.90,-0.76,0.52,0.938,1.02,-1.32,1.047,0.00,0.90,3.874,27.0,31.640,0.694,0.000,1210,6.88,4.3,2.18,0.91,44.3,1,1,0,0,1,1,0,0,0,0,1,0,1,0,0,0,0,0,1,0,1,1,1,0,0,0,0,1,0,1,0,0,1,1,5155.7,0C,1,1,0,1,1,0,1,0,0,215.31,632.69,,,,,,,,,,,,,,,,,,,,,,,,,,,,,,,,,,,,,,,,,,,,,,,,,,,,,,,,,,
397,,,183,709,,13.80,55.50,1291,2.5,10.500,2.816,5.15,0.000,27.68,1.00,0.19,-0.76,0.52,0.951,1.02,-1.32,1.045,0.00,0.90,3.874,27.0,29.915,0.694,0.000,910,6.88,4.3,2.56,-0.86,44.3,1,1,0,0,1,1,0,0,0,0,1,0,1,0,0,0,0,0,1,0,1,1,1,0,0,0,0,0,0,1,0,0,1,1,5155.7,0C,1,1,0,1,1,0,1,0,0,158.31,481.69,,,,,,,,,,,,,,,,,,,,,,,,,,,,,,,,,,,,,,,,,,,,,,,,,,,,,,,,,,
398,,,184,121,,13.70,55.50,1162,1.3,16.500,2.835,5.10,0.000,23.84,1.00,0.18,-0.76,0.52,0.977,1.02,-1.32,1.029,0.00,0.90,1.466,27.0,29.564,0.694,0.000,900,6.87,4.3,2.58,-0.55,44.3,1,1,0,0,1,1,0,0,0,0,1,0,1,0,0,0,0,0,1,0,1,1,1,0,0,0,0,0,0,0,0,0,1,1,5155.7,0C,1,1,0,1,1,0,1,0,0,143.88,463.69,,,,,,,,,,,,,,,,,,,,,,,,,,,,,,,,,,,,,,,,,,,,,,,,,,,,,,,,,,
399,,,184,532,,13.70,55.50,1057,1.3,5.250,3.366,4.98,0.000,25.80,1.00,0.18,-0.76,0.51,0.998,1.02,-1.32,1.020,0.00,0.90,1.466,27.0,27.146,0.694,0.000,900,6.87,4.3,2.51,-0.21,44.3,1,1,0,0,1,1,0,0,0,0,1,0,1,0,0,0,0,0,1,0,1,1,1,0,0,0,0,0,0,0,0,0,1,1,5155.7,0C,1,1,0,1,1,0,1,0,0,158.13,493.63,,,,,,,,,,,,,,,,,,,,,,,,,,,,,,,,,,,,,,,,,,,,,,,,,,,,,,,,,,
400,,,184,941,,13.80,55.50,983,1.3,0.750,3.712,4.74,0.000,27.19,1.00,0.20,-0.76,0.52,1.017,1.02,-1.32,1.025,0.00,0.90,1.475,27.0,25.422,0.694,0.000,900,6.87,4.3,2.55,-0.10,44.3,1,1,0,0,1,1,0,0,0,0,1,0,1,0,0,0,0,0,1,0,1,1,1,0,0,0,0,0,0,0,0,0,1,1,5155.7,0C,1,1,0,1,1,0,1,0,0,166.13,515.13,,,,,,,,,,,,,,,,,,,,,,,,,,,,,,,,,,,,,,,,,,,,,,,,,,,,,,,,,,
401,,,185,354,,13.80,55.50,949,2.5,2.250,3.552,4.05,0.000,25.83,1.00,0.25,-0.76,0.52,1.038,1.02,-1.32,1.019,0.00,0.90,1.475,26.3,24.384,0.694,0.000,900,6.86,4.3,2.57,-0.02,44.3,1,1,0,0,1,1,0,0,0,0,1,0,1,0,0,0,0,0,1,0,1,1,1,0,0,0,0,0,0,0,0,0,1,1,5155.7,0C,1,1,0,1,1,0,1,0,0,156.81,495.44,,,,,,,,,,,,,,,,,,,,,,,,,,,,,,,,,,,,,,,,,,,,,,,,,,,,,,,,,,
402,,,185,741,,13.80,55.50,925,2.5,4.500,3.354,4.05,0.000,25.22,1.00,0.82,-0.76,0.52,1.004,1.02,-1.32,1.017,0.00,0.90,1.475,26.3,24.384,0.694,0.000,900,6.86,4.3,2.60,0.00,44.3,1,1,0,0,1,1,0,0,0,0,1,0,1,0,0,0,0,0,1,0,1,1,1,0,0,0,0,0,0,0,0,0,1,1,5155.7,0C,1,1,0,1,1,0,1,0,0,154.13,492.06,,,,,,,,,,,,,,,,,,,,,,,,,,,,,,,,,,,,,,,,,,,,,,,,,,,,,,,,,,
403,,,186,141,,13.80,55.50,910,1.3,-0.750,3.322,4.05,2.351,25.31,1.00,0.81,-0.76,0.52,0.986,1.02,-1.32,1.017,0.00,0.90,1.318,26.3,24.384,0.694,0.000,1000,6.86,4.3,2.62,0.00,44.3,1,1,0,0,1,1,0,0,0,0,1,0,1,0,0,0,0,0,0,0,1,1,1,0,0,0,0,0,0,0,0,0,1,1,5155.7,0C,1,1,0,1,1,0,1,0,0,153.25,492.94,,,,,,,,,,,,,,,,,,,,,,,,,,,,,,,,,,,,,,,,,,,,,,,,,,,,,,,,,,
404,,,186,539,,13.80,55.50,930,1.3,-9.750,8.326,10.08,5.843,49.97,1.00,0.21,-0.76,0.51,1.024,1.02,-1.32,1.051,0.00,0.90,1.318,27.0,58.946,0.694,0.000,1400,6.87,4.3,2.62,3.44,44.3,1,1,0,0,1,1,0,0,0,0,1,0,1,0,0,0,0,0,0,0,1,1,1,0,0,0,0,1,0,1,0,0,1,1,5155.7,0C,1,1,0,1,1,0,1,0,0,299.81,817.25,,,,,,,,,,,,,,,,,,,,,,,,,,,,,,,,,,,,,,,,,,,,,,,,,,,,,,,,,,
405,,,186,959,,13.80,56.25,1175,2.5,-1.500,7.040,11.43,6.491,50.60,1.00,0.95,-0.76,0.52,0.989,1.02,-1.32,1.081,0.00,0.90,3.803,27.0,93.851,0.694,0.000,1500,6.87,4.3,2.62,2.44,44.3,1,1,0,0,1,1,0,0,0,0,1,0,1,0,0,0,0,0,0,0,1,1,1,0,0,0,0,1,0,0,0,0,1,1,5155.7,0C,1,1,0,1,1,0,1,0,0,312.81,830.88,,,,,,,,,,,,,,,,,,,,,,,,,,,,,,,,,,,,,,,,,,,,,,,,,,,,,,,,,,
406,,,187,333,,13.70,-46.50,13632,76.3,6.750,291.642,1253.13,68.086,620.86,1.45,0.09,-1.35,0.66,0.007,0.09,-2.32,1.953,0.01,0.45,0.301,-42.0,78.907,0.672,66.750,50,64.44,128.3,3.99,-41.82,112.5,0,1,0,0,0,1,0,1,1,1,1,1,0,1,1,0,0,1,0,0,0,0,0,0,0,0,1,1,1,0,1,0,0,0,1204.3,D1,0,1,0,1,0,1,1,1,1,1,1,,,,,,,,,,,,,,,,,,,,,,,,,,,,,,,,,,,,,,,,,,,,,,,,,,,,,,,,,,
407,,,187,739,,13.30,56.25,1071,3.8,-8.250,6.291,7.64,0.000,49.64,1.00,0.98,-0.76,0.52,0.927,1.02,-1.32,1.063,0.00,0.90,3.803,27.0,82.101,0.694,0.000,1000,6.87,4.3,4.44,0.00,44.3,1,1,0,0,1,1,0,0,0,0,1,0,1,0,0,0,0,0,1,0,1,1,1,0,0,0,0,1,0,1,0,0,1,1,5155.7,0C,1,1,0,1,1,0,1,0,0,310.13,836.81,,,,,,,,,,,,,,,,,,,,,,,,,,,,,,,,,,,,,,,,,,,,,,,,,,,,,,,,,,
408,,,188,162,,13.80,56.25,1215,3.8,1.500,3.162,5.03,0.000,31.71,1.00,0.40,-0.76,0.51,0.899,1.02,-1.32,1.046,0.00,0.90,2.395,26.3,39.590,0.694,0.000,900,6.87,4.3,5.26,-1.35,44.3,1,1,0,0,1,1,0,0,0,0,1,0,1,0,0,0,0,0,1,0,1,1,1,0,0,0,0,1,0,1,0,0,1,1,5155.7,0C,1,1,0,1,1,0,1,0,0,192.44,576.81,,,,,,,,,,,,,,,,,,,,,,,,,,,,,,,,,,,,,,,,,,,,,,,,,,,,,,,,,,
409,,,188,569,,13.80,56.25,1136,5.0,9.000,5.005,9.23,3.569,34.38,1.00,0.18,-0.76,0.51,0.946,1.02,-1.32,1.049,0.00,0.90,2.395,26.3,37.514,0.694,0.000,1100,6.86,4.3,5.11,0.00,44.3,1,1,0,0,1,1,0,0,0,0,1,0,1,0,0,0,0,0,0,0,1,1,1,0,0,0,0,1,0,0,0,0,1,1,5155.7,0C,1,1,0,1,1,0,1,0,0,220.38,655.13,,,,,,,,,,,,,,,,,,,,,,,,,,,,,,,,,,,,,,,,,,,,,,,,,,,,,,,,,,
410,,,188,961,,13.80,56.25,1231,5.0,3.000,5.376,9.42,4.054,39.75,1.00,0.24,-0.76,0.52,0.976,1.02,-1.32,1.071,0.00,0.90,3.059,26.3,43.740,0.694,0.000,1500,6.86,4.3,5.11,1.00,44.3,1,1,0,0,1,1,0,0,0,0,1,0,1,0,0,0,0,0,0,0,1,1,1,0,0,0,0,1,0,0,0,0,1,1,5155.7,0C,1,1,0,1,1,0,1,0,0,245.56,703.31,,,,,,,,,,,,,,,,,,,,,,,,,,,,,,,,,,,,,,,,,,,,,,,,,,,,,,,,,,
411,,,189,349,,13.80,56.25,1358,5.0,2.250,4.826,5.35,0.484,37.95,1.00,0.60,-0.76,0.52,1.009,1.02,-1.32,1.073,0.00,0.90,3.059,26.3,43.046,0.694,0.000,1240,6.86,4.3,5.15,-0.05,44.3,1,1,0,0,1,1,0,0,0,0,1,0,1,0,0,0,0,0,1,0,1,1,1,0,0,0,0,1,0,1,0,0,1,1,5155.7,0C,1,1,0,1,1,0,1,0,0,227.06,611.06,,,,,,,,,,,,,,,,,,,,,,,,,,,,,,,,,,,,,,,,,,,,,,,,,,,,,,,,,,
412,,,189,764,,13.80,56.25,1365,5.0,1.500,2.803,5.35,0.000,27.40,1.00,0.38,-0.76,0.52,0.960,1.02,-1.32,1.053,0.00,0.90,3.059,26.3,37.171,0.694,0.000,900,6.86,4.3,5.24,-1.56,44.3,1,1,0,0,1,1,0,0,0,0,1,0,1,0,0,0,0,0,1,0,1,1,1,0,0,0,0,0,0,0,0,0,1,1,5155.7,0C,1,1,0,1,1,0,1,0,0,166.25,485.56,,,,,,,,,,,,,,,,,,,,,,,,,,,,,,,,,,,,,,,,,,,,,,,,,,,,,,,,,,
413,,,190,151,,13.40,56.25,1233,5.0,8.250,2.970,5.35,0.000,25.05,1.00,0.18,-0.76,0.51,1.002,1.02,-1.32,1.037,0.00,0.90,1.529,26.3,33.021,0.694,0.000,900,6.85,4.3,4.75,-1.08,44.3,1,1,0,0,1,1,0,0,0,0,1,1,1,0,0,0,0,0,1,0,1,1,1,0,0,0,0,0,0,0,0,1,1,1,5155.7,0C,1,1,0,1,1,0,1,0,0,153.06,485.00,,,,,,,,,,,,,,,,,,,,,,,,,,,,,,,,,,,,,,,,,,,,,,,,,,,,,,,,,,
414,,,190,552,,13.90,56.25,1127,2.5,0.750,3.437,5.22,0.000,25.71,1.00,0.18,-0.76,0.51,1.024,1.02,-1.32,1.025,0.00,0.90,1.529,26.3,29.221,0.694,0.000,900,6.85,4.3,4.03,-0.44,44.3,1,1,0,0,1,1,0,0,0,0,1,1,1,0,0,0,0,0,1,0,1,1,1,0,0,0,0,0,0,0,0,1,1,1,5155.7,0C,1,1,0,1,1,0,1,0,0,158.81,496.06,,,,,,,,,,,,,,,,,,,,,,,,,,,,,,,,,,,,,,,,,,,,,,,,,,,,,,,,,,
415,,,190,949,,14.00,56.25,1001,1.3,3.750,3.853,5.03,0.000,27.61,1.00,0.21,-0.76,0.52,1.045,1.02,-1.32,1.026,0.00,0.90,1.699,26.3,26.802,0.694,0.000,900,6.85,4.3,3.85,-0.07,44.3,1,1,0,0,1,1,0,0,0,0,1,1,1,0,0,0,0,0,1,0,1,1,1,0,0,0,0,0,0,0,0,1,1,1,5155.7,0C,1,1,0,1,1,0,1,0,0,169.81,527.06,,,,,,,,,,,,,,,,,,,,,,,,,,,,,,,,,,,,,,,,,,,,,,,,,,,,,,,,,,
416,,,191,343,,14.00,56.25,967,0.0,-1.500,3.731,4.17,0.000,27.49,1.00,0.81,-0.76,0.52,1.031,1.02,-1.32,1.026,0.00,0.90,1.699,26.3,25.422,0.694,0.000,900,6.85,4.3,3.76,-0.06,44.3,1,1,0,0,1,1,0,0,0,0,1,1,1,0,0,0,0,0,1,0,1,1,1,0,0,0,0,0,0,0,0,1,1,1,5155.7,0C,1,1,0,1,1,0,1,0,0,167.88,521.13,,,,,,,,,,,,,,,,,,,,,,,,,,,,,,,,,,,,,,,,,,,,,,,,,,,,,,,,,,
417,,,191,789,,14.10,56.25,935,0.0,5.250,4.461,8.86,15.100,29.63,1.00,0.89,-0.76,0.51,1.011,1.02,-1.32,1.034,0.00,0.90,1.699,26.3,28.183,0.694,0.000,1100,6.85,4.3,3.73,0.41,44.3,1,1,0,0,1,1,0,0,0,0,1,0,1,0,0,0,0,0,0,0,1,1,1,0,0,0,0,1,0,0,0,0,1,1,5155.7,0C,1,1,0,1,1,0,1,0,0,172.25,537.00,,,,,,,,,,,,,,,,,,,,,,,,,,,,,,,,,,,,,,,,,,,,,,,,,,,,,,,,,,
418,,,192,192,,14.10,56.25,1163,0.0,0.750,8.736,17.02,17.702,56.20,1.00,0.96,-0.76,0.52,0.982,1.02,-1.32,1.086,0.00,0.90,2.935,26.3,97.658,0.694,0.000,1500,6.85,4.3,3.74,1.23,44.3,1,1,0,0,1,1,0,0,0,0,1,0,1,0,0,0,0,0,0,0,1,1,1,0,0,0,0,1,0,0,0,0,1,1,5155.7,0C,1,1,0,1,1,0,1,0,0,368.56,901.75,,,,,,,,,,,,,,,,,,,,,,,,,,,,,,,,,,,,,,,,,,,,,,,,,,,,,,,,,,
419,,,192,602,,14.00,56.25,1664,1.3,6.000,6.253,12.94,10.632,47.09,1.00,0.22,-0.76,0.52,0.996,1.02,-1.32,1.112,0.00,0.90,2.935,26.3,94.194,0.694,0.000,1500,6.79,4.3,3.70,-0.98,44.3,1,1,0,0,1,1,0,0,0,0,1,0,1,0,0,0,0,0,0,0,1,1,1,0,0,0,0,1,0,0,0,0,1,1,5155.7,0C,1,1,0,1,1,0,1,0,0,281.63,738.19,,,,,,,,,,,,,,,,,,,,,,,,,,,,,,,,,,,,,,,,,,,,,,,,,,,,,,,,,,
420,,,193,021,,14.00,56.25,1606,3.8,9.750,5.363,10.57,11.531,40.38,1.00,0.24,-0.76,0.52,1.034,1.02,-1.32,1.089,0.00,0.90,3.913,26.3,67.239,0.694,0.000,1500,6.85,4.3,3.74,-0.51,44.3,1,1,0,0,1,1,0,0,0,0,1,0,1,0,0,0,0,0,0,0,1,1,1,0,0,0,0,1,0,0,0,0,1,1,5155.7,0C,1,1,0,1,1,0,1,0,0,243.19,647.25,,,,,,,,,,,,,,,,,,,,,,,,,,,,,,,,,,,,,,,,,,,,,,,,,,,,,,,,,,
421,,,193,412,,14.00,56.25,1656,6.3,12.000,5.594,11.35,12.015,39.66,1.00,0.23,-0.76,0.52,1.080,1.02,-1.32,1.095,0.00,0.90,3.913,26.3,68.276,0.694,0.000,1500,6.81,4.3,3.71,-0.82,44.3,1,1,0,0,1,1,0,0,0,0,1,0,1,0,0,0,0,0,0,0,1,1,1,0,0,0,0,1,0,0,0,0,1,1,5155.7,0C,1,1,0,1,1,0,1,0,0,242.19,655.75,,,,,,,,,,,,,,,,,,,,,,,,,,,,,,,,,,,,,,,,,,,,,,,,,,,,,,,,,,
422,,,193,810,,14.00,56.25,1705,7.5,11.250,5.754,11.96,12.906,39.56,1.00,0.26,-0.76,0.52,1.109,1.02,-1.32,1.101,0.00,0.90,3.913,25.5,71.038,0.694,0.000,1500,6.77,4.3,3.69,-1.02,44.3,1,1,0,0,1,1,0,0,0,0,1,0,1,0,0,0,0,0,0,0,1,1,1,0,0,0,0,1,0,0,0,0,1,1,5155.7,0C,1,1,0,1,1,0,1,0,0,231.56,654.13,,,,,,,,,,,,,,,,,,,,,,,,,,,,,,,,,,,,,,,,,,,,,,,,,,,,,,,,,,
423,,,194,230,,14.10,56.25,1941,10.0,16.500,5.920,12.33,13.147,37.73,1.00,0.44,-0.76,0.51,1.160,1.02,-1.32,1.123,0.00,0.90,4.620,25.5,71.038,0.694,0.000,1500,6.62,4.3,3.60,-1.82,44.3,1,1,0,0,1,1,0,0,0,0,1,0,1,0,0,0,0,0,0,0,1,1,1,0,0,0,0,1,0,0,0,0,1,1,5155.7,0C,1,1,0,1,1,0,1,0,0,229.88,603.94,,,,,,,,,,,,,,,,,,,,,,,,,,,,,,,,,,,,,,,,,,,,,,,,,,,,,,,,,,
424,,,194,704,,14.10,57.00,1955,12.5,15.000,5.536,12.57,13.147,37.83,1.00,0.93,-0.76,0.51,1.099,1.02,-1.32,1.121,0.00,0.90,4.620,25.5,71.038,0.694,0.000,1500,6.62,4.3,3.60,-1.81,44.3,1,1,0,0,1,1,0,0,0,0,1,0,1,0,0,0,0,0,0,0,1,1,1,0,0,0,0,1,0,0,0,0,1,1,5155.7,0C,1,1,0,1,1,0,1,0,0,230.06,613.31,,,,,,,,,,,,,,,,,,,,,,,,,,,,,,,,,,,,,,,,,,,,,,,,,,,,,,,,,,
425,,,195,189,,14.10,57.00,2060,15.0,26.250,5.888,12.08,13.147,39.38,1.00,0.88,-0.76,0.51,1.096,1.02,-1.32,1.138,0.00,0.90,4.696,25.5,72.427,0.694,0.000,1500,6.53,4.3,3.56,-2.47,44.3,1,1,0,0,1,1,0,0,0,0,1,0,1,0,0,0,0,0,0,0,1,1,1,0,0,0,0,1,0,0,0,0,1,1,5155.7,0C,1,1,0,1,1,0,1,0,0,238.94,583.81,,,,,,,,,,,,,,,,,,,,,,,,,,,,,,,,,,,,,,,,,,,,,,,,,,,,,,,,,,
426,,,195,664,,14.10,57.00,2264,16.3,28.500,5.222,11.96,12.992,37.52,1.00,1.00,-0.76,0.52,1.051,1.02,-1.32,1.156,0.00,0.90,4.696,25.5,76.570,0.694,0.000,1500,6.41,4.3,3.49,-2.49,44.3,1,1,0,0,1,1,0,0,0,0,1,0,1,0,0,0,0,0,0,0,1,1,1,0,0,0,0,1,0,0,0,0,1,1,5155.7,0C,1,1,0,1,1,0,1,0,0,221.31,547.63,,,,,,,,,,,,,,,,,,,,,,,,,,,,,,,,,,,,,,,,,,,,,,,,,,,,,,,,,,
427,,,196,050,,14.10,57.00,2497,18.8,31.500,3.610,11.96,11.038,29.30,1.00,0.90,-0.76,0.51,0.991,1.02,-1.32,1.162,0.00,0.90,4.696,24.8,73.808,0.694,0.000,1500,6.28,4.3,3.42,-2.44,44.3,1,1,0,0,1,1,0,0,0,0,1,0,0,0,0,0,0,0,0,0,1,1,1,0,0,0,0,0,0,0,0,0,1,1,5155.7,0C,1,1,0,1,1,0,1,0,0,177.88,481.19,,,,,,,,,,,,,,,,,,,,,,,,,,,,,,,,,,,,,,,,,,,,,,,,,,,,,,,,,,
428,,,198,723,,14.10,57.00,2438,18.8,37.500,2.080,6.93,5.679,12.63,1.00,0.97,-0.76,0.51,1.135,1.02,-1.32,1.139,0.00,0.90,2.559,24.8,34.752,0.694,0.000,900,6.32,4.3,3.44,-2.45,44.3,1,1,0,0,1,1,0,0,0,0,1,0,0,0,0,0,0,0,0,0,1,1,1,0,0,0,0,0,0,1,0,0,1,1,5155.7,0C,1,1,0,1,1,0,1,0,0,88.19,264.44,,,,,,,,,,,,,,,,,,,,,,,,,,,,,,,,,,,,,,,,,,,,,,,,,,,,,,,,,,
429,,,199,113,,14.10,57.00,2486,17.5,35.250,2.989,9.47,6.491,18.73,1.00,1.01,-0.76,0.52,1.103,1.02,-1.32,1.145,0.00,0.90,2.640,24.8,47.883,0.694,0.000,900,6.29,4.3,3.42,-2.44,44.3,1,1,0,0,1,1,0,0,0,0,1,0,0,0,0,0,0,0,0,0,1,1,1,0,0,0,0,0,0,0,0,0,1,1,5155.7,0C,1,1,0,1,1,0,1,0,0,131.81,361.44,,,,,,,,,,,,,,,,,,,,,,,,,,,,,,,,,,,,,,,,,,,,,,,,,,,,,,,,,,
430,,,199,509,,14.10,57.00,2511,17.5,33.750,3.334,10.50,6.656,22.95,1.00,1.02,-0.76,0.52,1.064,1.02,-1.32,1.157,0.00,0.90,2.640,24.8,57.565,0.694,0.000,900,6.26,4.3,3.41,-2.43,44.3,1,1,0,0,1,1,0,0,0,0,1,0,0,0,0,0,0,0,0,0,1,1,1,0,0,0,0,0,0,0,0,0,1,1,5155.7,0C,1,1,0,1,1,0,1,0,0,143.31,404.81,,,,,,,,,,,,,,,,,,,,,,,,,,,,,,,,,,,,,,,,,,,,,,,,,,,,,,,,,,
431,,,199,959,,14.10,57.00,2576,18.8,9.750,3.411,10.33,0.000,22.55,1.00,0.23,-0.76,0.52,1.105,1.02,-1.32,1.156,0.00,0.90,3.838,24.8,52.377,0.694,0.000,900,6.24,4.3,3.40,-4.47,44.3,1,1,0,0,1,1,0,0,0,0,1,0,0,0,0,0,0,0,1,0,1,1,1,0,0,0,0,0,0,1,0,0,1,1,5155.7,0C,1,1,0,1,1,0,1,0,0,138.25,395.94,,,,,,,,,,,,,,,,,,,,,,,,,,,,,,,,,,,,,,,,,,,,,,,,,,,,,,,,,,
432,,,200,343,,14.10,57.00,2596,18.8,35.250,2.803,9.11,0.000,18.21,1.00,0.24,-0.76,0.51,1.144,1.02,-1.32,1.158,0.00,0.90,3.838,24.8,48.577,0.694,0.000,900,6.22,4.3,3.39,-4.47,44.3,1,1,0,0,1,1,0,0,0,0,1,0,0,0,0,0,0,0,1,0,1,1,1,0,0,0,0,0,0,1,0,0,1,1,5155.7,0C,1,1,0,1,1,0,1,0,0,110.69,341.69,,,,,,,,,,,,,,,,,,,,,,,,,,,,,,,,,,,,,,,,,,,,,,,,,,,,,,,,,,
433,,,200,724,,14.10,57.00,2544,18.8,36.000,2.733,7.76,0.000,16.71,1.45,0.09,-1.47,0.52,0.007,0.09,-0.68,0.847,0.01,0.45,0.194,-42.0,0.781,0.672,69.750,2500,59.75,128.3,0.87,-43.38,112.5,0,1,0,0,0,1,0,1,1,1,1,1,0,1,1,0,0,1,0,0,0,0,0,0,0,0,0,1,1,0,0,0,0,0,2477.8,60,0,1,0,1,0,1,1,1,1,1,1,,,,,,,,,,,,,,,,,,,,,,,,,,,,,,,,,,,,,,,,,,,,,,,,,,,,,,,,,,
434,,,203,264,,14.10,57.75,2083,15.0,14.250,3.091,7.47,6.328,20.77,1.00,1.04,-0.76,0.51,1.045,1.02,-1.32,1.122,0.00,0.90,1.761,25.5,43.389,0.694,0.000,900,6.52,4.3,3.56,-2.53,44.3,1,1,0,0,1,1,0,0,0,0,1,0,0,0,0,0,0,0,0,0,1,1,1,0,0,0,0,0,0,0,0,0,1,1,5155.7,0C,1,1,0,1,1,0,1,0,0,129.19,338.44,,,,,,,,,,,,,,,,,,,,,,,,,,,,,,,,,,,,,,,,,,,,,,,,,,,,,,,,,,
435,,,203,669,,14.10,57.75,2082,15.0,32.250,3.264,8.08,6.491,23.02,1.00,1.04,-0.76,0.51,1.014,1.02,-1.32,1.127,0.00,0.90,1.761,25.5,46.159,0.694,0.000,900,6.54,4.3,3.56,-2.54,44.3,1,1,0,0,1,1,0,0,0,0,1,0,0,0,0,0,0,0,0,0,1,1,1,0,0,0,0,0,0,0,0,0,1,1,5155.7,0C,1,1,0,1,1,0,1,0,0,142.44,371.19,,,,,,,,,,,,,,,,,,,,,,,,,,,,,,,,,,,,,,,,,,,,,,,,,,,,,,,,,,
436,,,204,081,,14.10,57.75,2155,16.3,31.500,3.488,8.25,5.679,25.57,1.00,1.03,-0.76,0.51,0.979,1.02,-1.32,1.141,0.00,0.90,3.247,25.5,48.577,0.694,0.000,900,6.49,4.3,3.53,-2.52,44.3,1,1,0,0,1,1,0,0,0,0,1,0,0,0,0,0,0,0,0,0,1,1,1,0,0,0,0,0,0,0,0,0,1,1,5155.7,0C,1,1,0,1,1,0,1,0,0,155.50,398.88,,,,,,,,,,,,,,,,,,,,,,,,,,,,,,,,,,,,,,,,,,,,,,,,,,,,,,,,,,
437,,,204,469,,14.10,57.75,2232,16.3,32.250,3.104,8.20,4.218,24.40,1.00,1.04,-0.76,0.51,0.942,1.02,-1.32,1.148,0.00,0.90,3.247,25.5,49.615,0.694,0.000,900,6.44,4.3,3.51,-2.50,44.3,1,1,0,0,1,1,0,0,0,0,1,0,0,0,0,0,0,0,0,0,1,1,1,0,0,0,0,0,0,0,0,0,1,1,5155.7,0C,1,1,0,1,1,0,1,0,0,148.38,384.06,,,,,,,,,,,,,,,,,,,,,,,,,,,,,,,,,,,,,,,,,,,,,,,,,,,,,,,,,,
438,,,204,861,,14.10,57.75,2295,16.3,33.000,2.778,7.64,2.757,22.95,1.00,0.98,-0.76,0.51,0.905,1.02,-1.32,1.144,0.00,0.90,3.247,25.5,47.883,0.694,89.250,2520,-35.56,128.3,0.87,-49.63,112.5,0,1,0,0,0,1,0,1,1,1,1,1,0,1,1,0,0,1,0,0,0,0,0,0,0,0,0,0,0,1,0,0,0,0,6830.3,A5,0,1,0,1,0,1,1,1,1,1,1,,,,,,,,,,,,,,,,,,,,,,,,,,,,,,,,,,,,,,,,,,,,,,,,,,,,,,,,,,
439,,,205,263,,14.10,57.75,2325,17.5,33.750,2.502,7.30,1.866,20.41,1.00,0.27,-0.76,0.51,0.920,1.02,-1.32,1.130,0.00,0.90,2.707,25.5,45.121,0.694,0.000,900,6.38,4.3,3.48,-2.48,44.3,1,1,0,0,1,1,0,0,0,0,1,0,0,0,0,0,0,0,0,0,1,1,1,0,0,0,0,0,0,0,0,0,1,1,5155.7,0C,1,1,0,1,1,0,1,0,0,123.13,332.81,,,,,,,,,,,,,,,,,,,,,,,,,,,,,,,,,,,,,,,,,,,,,,,,,,,,,,,,,,
440,,,205,651,,14.10,57.75,2326,17.5,34.500,2.406,6.86,1.616,18.77,1.00,0.23,-0.76,0.51,0.953,1.02,-1.32,1.130,0.00,0.90,2.707,25.5,41.665,0.694,0.000,900,6.38,4.3,3.48,-2.48,44.3,1,1,0,0,1,1,0,0,0,0,1,0,0,0,0,0,0,0,0,0,1,1,1,0,0,0,0,0,0,0,0,0,1,1,5155.7,0C,1,1,0,1,1,0,1,0,0,114.50,314.75,,,,,,,,,,,,,,,,,,,,,,,,,,,,,,,,,,,,,,,,,,,,,,,,,,,,,,,,,,
441,,,206,049,,14.10,57.75,2317,17.5,35.250,2.458,6.86,1.616,18.35,1.00,0.25,-0.76,0.51,0.985,1.02,-1.32,1.129,0.00,0.90,2.348,25.5,41.314,0.694,0.000,900,6.39,4.3,3.48,-2.48,44.3,1,1,0,0,1,1,0,0,0,0,1,0,0,0,0,0,0,0,0,0,1,1,1,0,0,0,0,0,0,0,0,0,1,1,5155.7,0C,1,1,0,1,1,0,1,0,0,111.75,308.31,,,,,,,,,,,,,,,,,,,,,,,,,,,,,,,,,,,,,,,,,,,,,,,,,,,,,,,,,,
442,,,206,503,,14.10,57.75,2314,17.5,35.250,2.438,6.86,1.616,18.16,1.00,0.78,-0.76,0.51,0.977,1.02,-1.32,1.128,0.00,0.90,2.348,25.5,40.970,0.694,0.000,900,6.39,4.3,3.48,-2.48,44.3,1,1,0,0,1,1,0,0,0,0,1,0,0,0,0,0,0,0,0,0,1,1,1,0,0,0,0,0,0,0,0,0,1,1,5155.7,0C,1,1,0,1,1,0,1,0,0,111.44,307.00,,,,,,,,,,,,,,,,,,,,,,,,,,,,,,,,,,,,,,,,,,,,,,,,,,,,,,,,,,
443,,,206,902,,14.10,57.75,2316,17.5,35.250,2.406,6.86,1.616,18.40,1.00,0.83,-0.76,0.50,0.946,1.02,-1.32,1.128,0.00,0.90,2.348,25.5,40.970,0.694,0.000,900,6.39,4.3,3.48,-2.48,44.3,1,1,0,0,1,1,0,0,0,0,1,0,0,0,0,0,0,0,0,0,1,1,1,0,0,0,0,0,0,0,0,0,1,1,5155.7,0C,1,1,0,1,1,0,1,0,0,112.81,308.94,,,,,,,,,,,,,,,,,,,,,,,,,,,,,,,,,,,,,,,,,,,,,,,,,,,,,,,,,,
444,,,207,356,,14.10,57.75,2312,17.5,35.250,2.502,6.86,1.616,18.35,1.00,0.26,-0.76,0.50,0.990,1.02,-1.32,1.127,0.00,0.90,2.348,25.5,40.970,0.694,88.500,2520,-34.78,128.3,0.87,-49.63,112.5,0,1,0,0,0,1,0,1,1,1,1,1,0,1,1,0,0,1,0,0,0,0,0,0,0,0,1,1,1,0,0,0,0,0,131.2,37,0,1,0,1,0,1,1,1,1,1,1,,,,,,,,,,,,,,,,,,,,,,,,,,,,,,,,,,,,,,,,,,,,,,,,,,,,,,,,,,
445,,,207,823,,14.10,57.75,2300,16.3,34.500,2.419,6.79,1.616,18.28,1.00,0.89,-0.76,0.49,0.953,1.02,-1.32,1.126,0.00,0.90,2.348,25.5,40.970,0.694,0.000,900,6.41,4.3,3.49,-2.49,44.3,1,1,0,0,1,1,0,0,0,0,1,0,0,0,0,0,0,0,0,0,1,1,1,0,0,0,0,0,0,0,0,0,1,1,5155.7,0C,1,1,0,1,1,0,1,0,0,113.38,309.81,,,,,,,,,,,,,,,,,,,,,,,,,,,,,,,,,,,,,,,,,,,,,,,,,,,,,,,,,,
446,,,208,309,,14.10,57.75,2299,16.3,34.500,2.477,6.79,1.616,18.28,1.00,0.26,-0.76,0.48,0.983,1.02,-1.32,1.126,0.00,0.90,2.163,25.5,40.970,0.694,0.000,900,6.40,4.3,3.49,-2.48,44.3,1,1,0,0,1,1,0,0,0,0,1,0,0,0,0,0,0,0,0,0,1,1,1,0,0,0,0,0,0,0,0,0,1,1,5155.7,0C,1,1,0,1,1,0,1,0,0,112.94,309.00,,,,,,,,,,,,,,,,,,,,,,,,,,,,,,,,,,,,,,,,,,,,,,,,,,,,,,,,,,
447,,,208,731,,14.10,57.75,2299,17.5,34.500,2.451,6.79,1.616,18.49,1.00,0.87,-0.76,0.47,0.953,1.02,-1.32,1.127,0.00,0.90,2.163,25.5,40.970,0.694,0.000,900,6.40,4.3,3.49,-2.48,44.3,1,1,0,0,1,1,0,0,0,0,1,0,0,0,0,0,0,0,0,0,1,1,1,0,0,0,0,0,0,0,0,0,1,1,5155.7,0C,1,1,0,1,1,0,1,0,0,113.25,309.69,,,,,,,,,,,,,,,,,,,,,,,,,,,,,,,,,,,,,,,,,,,,,,,,,,,,,,,,,,
448,,,211,355,,14.10,58.50,2275,16.3,34.500,2.522,6.74,2.109,18.59,1.00,0.27,-0.76,0.27,0.988,1.02,-1.32,1.125,0.00,0.90,2.163,25.5,41.314,0.694,0.000,900,6.42,4.3,3.50,-2.49,44.3,1,1,0,0,1,1,0,0,0,0,1,0,0,0,0,0,0,0,0,0,1,1,1,0,0,0,0,0,0,0,0,0,1,1,5155.7,0C,1,1,0,1,1,0,1,0,0,113.44,309.25,,,,,,,,,,,,,,,,,,,,,,,,,,,,,,,,,,,,,,,,,,,,,,,,,,,,,,,,,,
449,,,211,750,,14.10,58.50,2271,16.3,34.500,2.413,6.74,2.109,18.40,1.00,0.87,-0.76,0.24,0.946,1.02,-1.32,1.124,0.00,0.90,2.163,25.5,40.970,0.694,0.000,900,6.42,4.3,3.50,-2.49,44.3,1,1,0,0,1,1,0,0,0,0,1,0,0,0,0,0,0,0,0,0,1,1,1,0,0,0,0,0,0,0,0,0,1,1,5155.7,0C,1,1,0,1,1,0,1,0,0,113.38,309.06,,,,,,,,,,,,,,,,,,,,,,,,,,,,,,,,,,,,,,,,,,,,,,,,,,,,,,,,,,
450,,,212,149,,14.10,58.50,2268,16.3,34.500,2.477,6.74,2.109,18.54,1.00,0.26,-0.76,0.14,0.971,1.02,-1.32,1.124,0.00,0.90,2.163,25.5,40.970,0.694,0.000,900,6.42,4.3,3.50,-2.49,44.3,1,1,0,0,1,1,0,0,0,0,1,0,0,0,0,0,0,0,0,0,1,1,1,0,0,0,0,0,0,0,0,0,1,1,5155.7,0C,1,1,0,1,1,0,1,0,0,113.31,309.06,,,,,,,,,,,,,,,,,,,,,,,,,,,,,,,,,,,,,,,,,,,,,,,,,,,,,,,,,,
451,,,212,548,,14.10,58.50,2272,16.3,34.500,2.451,6.69,2.109,18.49,1.00,0.82,-0.76,0.14,0.963,1.02,-1.32,1.125,0.00,0.90,2.163,25.5,41.314,0.694,0.000,900,6.42,4.3,3.50,-2.49,44.3,1,1,0,0,1,1,0,0,0,0,1,0,0,0,0,0,0,0,0,0,1,1,1,0,0,0,0,0,0,0,0,0,1,1,5155.7,0C,1,1,0,1,1,0,1,0,0,113.13,308.56,,,,,,,,,,,,,,,,,,,,,,,,,,,,,,,,,,,,,,,,,,,,,,,,,,,,,,,,,,
452,,,215,027,,14.10,58.50,2235,16.3,33.750,2.515,6.69,2.109,18.87,1.00,0.25,-0.76,0.64,0.965,0.05,-1.80,0.819,0.01,0.45,0.194,-42.0,23.828,0.672,93.750,2520,-39.47,128.3,0.96,-49.63,112.5,0,1,0,0,0,1,0,1,1,1,1,1,0,1,1,0,0,1,0,0,0,0,0,0,0,0,1,1,1,0,0,0,0,0,1624.5,63,0,1,0,1,0,1,1,1,1,1,1,,,,,,,,,,,,,,,,,,,,,,,,,,,,,,,,,,,,,,,,,,,,,,,,,,,,,,,,,,
453,,,215,421,,14.10,58.50,2231,16.3,33.750,2.477,6.69,2.109,18.87,1.00,0.84,-0.76,1.03,0.951,1.02,-1.32,1.123,0.00,0.90,2.163,24.8,40.627,0.694,0.000,900,6.44,4.3,3.51,-2.50,44.3,1,1,0,0,1,1,0,0,0,0,1,0,0,0,0,0,0,0,0,0,1,1,1,1,0,0,0,0,0,0,0,0,1,1,5155.7,0C,1,1,0,1,1,0,1,0,0,116.06,313.56,,,,,,,,,,,,,,,,,,,,,,,,,,,,,,,,,,,,,,,,,,,,,,,,,,,,,,,,,,
454,,,215,820,,14.10,58.50,2226,16.3,33.750,2.394,6.54,1.944,18.61,1.00,0.86,-0.76,1.03,0.928,1.02,-1.32,1.123,0.00,0.90,2.163,24.8,40.284,0.694,0.000,900,6.44,4.3,3.51,-2.50,44.3,1,1,0,0,1,1,0,0,0,0,1,0,0,0,0,0,0,0,0,0,1,1,1,1,0,0,0,0,0,0,0,0,1,1,5155.7,0C,1,1,0,1,1,0,1,0,0,112.88,306.56,,,,,,,,,,,,,,,,,,,,,,,,,,,,,,,,,,,,,,,,,,,,,,,,,,,,,,,,,,
455,,,216,222,,14.10,58.50,2216,16.3,33.750,2.483,6.49,1.944,18.59,1.00,0.27,-0.76,0.43,0.967,1.02,-1.32,1.122,0.00,0.90,2.163,24.8,40.284,0.694,0.000,900,6.45,4.3,3.51,-2.50,44.3,1,1,0,0,1,1,0,0,0,0,1,0,0,0,0,0,0,0,0,0,1,1,1,1,0,0,0,0,0,0,0,0,1,1,5155.7,0C,1,1,0,1,1,0,1,0,0,112.75,306.44,,,,,,,,,,,,,,,,,,,,,,,,,,,,,,,,,,,,,,,,,,,,,,,,,,,,,,,,,,
456,,,216,621,,14.10,58.50,2203,16.3,33.750,2.413,6.49,1.944,18.66,1.00,0.85,-0.76,0.94,0.932,1.02,-1.32,1.122,0.00,0.90,2.163,24.8,39.933,0.694,0.000,900,6.45,4.3,3.52,-2.51,44.3,1,1,0,0,1,1,0,0,0,0,1,0,0,0,0,0,0,0,0,0,1,1,1,1,0,0,0,0,0,0,0,0,1,1,5155.7,0C,1,1,0,1,1,0,1,0,0,113.38,307.44,,,,,,,,,,,,,,,,,,,,,,,,,,,,,,,,,,,,,,,,,,,,,,,,,,,,,,,,,,
457,,,217,010,,14.10,58.50,2192,16.3,33.750,2.451,6.45,1.944,18.49,1.00,0.26,-0.76,0.27,0.956,1.02,-1.32,1.121,0.00,0.90,2.163,24.8,39.933,0.694,0.000,900,6.46,4.3,3.52,-2.51,44.3,1,1,0,0,1,1,0,0,0,0,1,0,0,0,0,0,0,0,0,0,1,1,1,1,0,0,0,0,0,0,0,0,1,1,5155.7,0C,1,1,0,1,1,0,1,0,0,112.25,305.06,,,,,,,,,,,,,,,,,,,,,,,,,,,,,,,,,,,,,,,,,,,,,,,,,,,,,,,,,,
458,,,217,421,,14.10,58.50,2184,16.3,33.750,2.400,6.37,1.944,18.49,1.00,0.83,-0.76,0.87,0.930,1.02,-1.32,1.120,0.00,0.90,2.163,24.8,39.590,0.694,0.000,900,6.47,4.3,3.52,-2.51,44.3,1,1,0,0,1,1,0,0,0,0,1,0,0,0,0,0,0,0,0,0,1,1,1,1,0,0,0,0,0,0,0,0,1,1,5155.7,0C,1,1,0,1,1,0,1,0,0,113.56,307.25,,,,,,,,,,,,,,,,,,,,,,,,,,,,,,,,,,,,,,,,,,,,,,,,,,,,,,,,,,
459,,,217,827,,14.10,58.50,2186,16.3,33.750,2.509,6.49,2.109,18.66,1.45,0.09,-1.43,0.55,0.007,0.05,-1.80,0.806,0.01,0.45,0.194,-42.0,27.735,0.672,-94.500,2520,-42.59,128.3,0.96,-49.63,112.5,0,1,0,0,0,1,0,1,1,1,1,1,0,1,1,0,0,1,0,0,0,0,0,0,0,0,1,1,1,0,0,0,0,0,1325.8,3E,0,1,0,1,0,1,1,1,1,1,1,,,,,,,,,,,,,,,,,,,,,,,,,,,,,,,,,,,,,,,,,,,,,,,,,,,,,,,,,,
460,,,218,222,,14.10,59.25,2185,16.3,33.750,2.406,6.49,2.109,18.66,1.00,0.86,-0.76,0.83,0.926,1.02,-1.32,1.120,0.00,0.90,2.438,24.8,40.284,0.694,0.000,900,6.47,4.3,3.52,-2.51,44.3,1,1,0,0,1,1,0,0,0,0,1,0,0,0,0,0,0,0,0,0,1,1,1,1,0,0,0,0,0,0,0,0,1,1,5155.7,0C,1,1,0,1,1,0,1,0,0,115.19,310.31,,,,,,,,,,,,,,,,,,,,,,,,,,,,,,,,,,,,,,,,,,,,,,,,,,,,,,,,,,
461,,,218,629,,14.10,59.25,2179,16.3,33.750,2.438,6.45,2.109,18.61,1.00,0.28,-0.76,0.19,0.948,1.02,-1.32,1.119,0.00,0.90,2.438,24.8,39.933,0.694,0.000,900,6.47,4.3,3.53,-2.51,44.3,1,1,0,0,1,1,0,0,0,0,1,0,0,0,0,0,0,0,0,0,1,1,1,1,0,0,0,0,0,0,0,0,1,1,5155.7,0C,1,1,0,1,1,0,1,0,0,114.38,308.31,,,,,,,,,,,,,,,,,,,,,,,,,,,,,,,,,,,,,,,,,,,,,,,,,,,,,,,,,,
462,,,219,039,,14.10,59.25,2177,16.3,33.750,2.445,6.45,2.109,18.77,1.00,0.85,-0.76,0.82,0.937,1.02,-1.32,1.120,0.00,0.90,2.438,24.8,39.933,0.694,0.000,900,6.47,4.3,3.52,-2.51,44.3,1,1,0,0,1,1,0,0,0,0,1,0,0,0,0,0,0,0,0,0,1,1,1,1,0,0,0,0,0,0,0,0,1,1,5155.7,0C,1,1,0,1,1,0,1,0,0,114.69,308.88,,,,,,,,,,,,,,,,,,,,,,,,,,,,,,,,,,,,,,,,,,,,,,,,,,,,,,,,,,
463,,,219,439,,14.10,59.25,2178,16.3,33.750,2.458,6.45,2.109,18.70,1.00,0.31,-0.76,0.19,0.948,1.02,-1.32,1.120,0.00,0.90,2.438,24.8,39.933,0.694,0.000,900,6.47,4.3,3.52,-2.51,44.3,1,1,0,0,1,1,0,0,0,0,1,0,0,0,0,0,0,0,0,0,1,1,1,1,0,0,0,0,0,0,0,0,1,1,5155.7,0C,1,1,0,1,1,0,1,0,0,114.56,308.75,,,,,,,,,,,,,,,,,,,,,,,,,,,,,,,,,,,,,,,,,,,,,,,,,,,,,,,,,,
464,,,219,820,,14.10,59.25,2172,16.3,25.500,2.374,5.88,0.000,18.16,1.00,0.78,-0.76,0.70,0.945,1.02,-1.32,1.118,0.00,0.90,2.438,24.8,37.858,0.694,0.000,900,6.48,4.3,3.53,-4.38,44.3,1,1,0,0,1,1,0,0,0,0,1,0,0,0,0,0,0,0,1,0,1,1,1,1,0,0,0,0,0,1,0,0,1,1,5155.7,0C,1,1,0,1,1,0,1,0,0,110.31,298.19,,,,,,,,,,,,,,,,,,,,,,,,,,,,,,,,,,,,,,,,,,,,,,,,,,,,,,,,,,
465,,,220,210,,14.10,59.25,2155,16.3,35.250,2.106,3.13,71.601,1040.77,1.45,0.09,-1.42,0.54,0.007,0.05,-1.80,0.709,0.01,0.45,0.194,-42.0,30.079,0.672,-91.500,2500,80.06,128.3,0.97,-43.38,112.5,0,1,0,0,0,1,0,1,1,1,1,1,0,1,1,0,0,1,0,0,0,0,0,0,0,0,0,1,1,0,0,0,0,0,1880.0,D7,0,1,0,1,0,1,1,1,1,1,1,,,,,,,,,,,,,,,,,,,,,,,,,,,,,,,,,,,,,,,,,,,,,,,,,,,,,,,,,,
466,,,220,619,,14.10,59.25,2102,15.0,24.750,1.958,4.91,0.000,15.16,1.00,0.91,-0.76,0.80,0.890,1.02,-1.32,1.112,0.00,0.90,2.163,24.8,31.296,0.694,0.000,900,6.52,4.3,3.55,-4.36,44.3,1,1,0,0,1,1,0,0,0,0,1,0,0,0,0,0,0,0,1,0,1,1,1,1,1,0,0,0,0,1,0,0,1,1,5155.7,0C,1,1,0,1,1,0,1,0,0,92.75,254.38,,,,,,,,,,,,,,,,,,,,,,,,,,,,,,,,,,,,,,,,,,,,,,,,,,,,,,,,,,
467,,,221,003,,14.10,59.25,2030,15.0,30.000,1.779,4.42,0.000,13.80,1.45,0.09,-1.42,0.41,0.007,0.03,-6.92,0.564,0.01,0.45,0.194,-42.0,40.626,0.672,-80.250,2500,-62.91,128.3,1.16,-43.38,112.5,0,1,0,0,0,1,0,1,1,1,1,1,0,1,1,0,0,1,0,0,0,0,0,0,0,0,1,0,1,0,0,0,0,0,1069.0,B2,0,1,0,1,0,1,1,1,1,1,1,,,,,,,,,,,,,,,,,,,,,,,,,,,,,,,,,,,,,,,,,,,,,,,,,,,,,,,,,,
468,,,221,393,,14.10,59.25,1920,13.8,17.250,1.510,4.25,2.921,11.32,1.00,0.23,-0.76,0.14,0.934,0.03,-6.92,0.543,0.01,0.45,0.194,-42.0,50.001,0.672,-70.500,2520,-59.78,128.3,1.16,-43.38,112.5,0,1,0,0,0,1,0,1,1,1,1,1,0,1,1,0,0,1,0,0,0,0,0,0,0,0,0,0,1,0,0,0,0,0,4055.8,00,0,1,0,1,0,1,1,1,1,1,1,,,,,,,,,,,,,,,,,,,,,,,,,,,,,,,,,,,,,,,,,,,,,,,,,,,,,,,,,,
469,,,221,794,,14.10,59.25,1810,12.5,35.250,2.042,6.54,5.031,14.46,1.00,0.23,-0.76,0.11,0.952,1.02,-1.32,1.100,0.00,0.90,0.194,-42.0,59.376,0.672,-60.750,2520,-66.81,128.3,1.16,-43.38,112.5,0,1,0,0,0,1,0,1,1,1,1,1,0,1,1,0,0,1,0,0,0,0,0,0,0,0,0,1,1,0,0,0,0,0,4099.3,58,0,1,0,1,0,1,1,1,1,1,1,,,,,,,,,,,,,,,,,,,,,,,,,,,,,,,,,,,,,,,,,,,,,,,,,,,,,,,,,,
470,,,222,189,,14.10,59.25,1784,12.5,33.000,2.867,7.84,6.491,20.60,1.00,0.22,-0.76,0.12,0.976,1.02,-1.32,1.108,0.00,0.90,1.656,24.8,38.552,0.694,0.000,900,6.71,4.3,3.66,-2.61,44.3,1,1,0,0,1,1,0,0,0,0,1,0,0,0,0,0,0,0,0,0,1,1,1,1,1,0,0,0,0,0,0,0,1,1,5155.7,0C,1,1,0,1,1,0,1,0,0,132.69,400.00,,,,,,,,,,,,,,,,,,,,,,,,,,,,,,,,,,,,,,,,,,,,,,,,,,,,,,,,,,
471,,,222,591,,14.10,59.25,1776,12.5,30.750,3.539,8.37,6.328,25.55,1.00,0.22,-0.76,0.14,1.003,1.02,-1.32,1.110,0.00,0.90,1.656,25.5,43.389,0.694,0.000,900,6.70,4.3,3.65,-2.60,44.3,1,1,0,0,1,1,0,0,0,0,1,0,0,0,0,0,0,0,0,0,1,1,1,1,1,0,0,0,0,0,0,0,1,1,5155.7,0C,1,1,0,1,1,0,1,0,0,156.00,443.88,,,,,,,,,,,,,,,,,,,,,,,,,,,,,,,,,,,,,,,,,,,,,,,,,,,,,,,,,,
472,,,222,998,,14.10,59.25,1847,13.8,30.750,3.661,8.25,5.843,25.64,1.00,0.23,-0.76,0.14,1.035,1.02,-1.32,1.116,0.00,0.90,2.860,25.5,43.740,0.694,0.000,900,6.67,4.3,3.63,-2.59,44.3,1,1,0,0,1,1,0,0,0,0,1,0,0,0,0,0,0,0,0,0,1,1,1,1,1,0,0,0,0,0,0,0,1,1,5155.7,0C,1,1,0,1,1,0,1,0,0,157.38,424.19,,,,,,,,,,,,,,,,,,,,,,,,,,,,,,,,,,,,,,,,,,,,,,,,,,,,,,,,,,
473,,,223,382,,14.10,59.25,1924,15.0,31.500,3.213,7.23,0.156,22.80,1.00,0.64,-0.76,0.72,1.067,1.02,-1.32,1.119,0.00,0.90,2.860,24.8,39.933,0.694,0.000,900,6.63,4.3,3.61,-3.92,44.3,1,1,0,0,1,1,0,0,0,0,1,0,0,0,0,0,0,0,1,0,1,1,1,1,1,0,0,0,0,1,0,0,1,1,5155.7,0C,1,1,0,1,1,0,1,0,0,140.25,373.63,,,,,,,,,,,,,,,,,,,,,,,,,,,,,,,,,,,,,,,,,,,,,,,,,,,,,,,,,,
474,,,223,779,,14.10,59.25,1975,15.0,7.500,2.880,6.69,0.000,20.77,1.00,0.90,-0.76,0.86,1.066,1.02,-1.32,1.118,0.00,0.90,2.860,24.8,37.858,0.694,0.000,900,6.60,4.3,3.60,-4.02,44.3,1,1,0,0,1,1,0,0,0,0,1,0,0,0,0,0,0,0,1,0,1,1,1,1,1,0,0,0,0,1,0,0,1,1,5155.7,0C,1,1,0,1,1,0,1,0,0,123.50,340.44,,,,,,,,,,,,,,,,,,,,,,,,,,,,,,,,,,,,,,,,,,,,,,,,,,,,,,,,,,
475,,,224,185,,14.10,59.25,1945,15.0,12.000,2.278,5.88,0.000,17.32,1.00,0.56,-0.76,0.22,1.018,1.02,-1.32,1.098,0.00,0.90,2.348,24.8,34.752,0.694,0.000,900,6.62,4.3,3.60,-3.96,44.3,1,1,0,0,1,1,0,0,0,0,1,0,0,0,0,0,0,0,1,0,1,1,1,1,1,0,0,0,0,1,0,0,1,1,5155.7,0C,1,1,0,1,1,0,1,0,0,106.56,305.13,,,,,,,,,,,,,,,,,,,,,,,,,,,,,,,,,,,,,,,,,,,,,,,,,,,,,,,,,,
476,,,224,619,,14.10,59.25,1979,13.8,34.500,2.323,5.40,0.726,16.20,1.00,0.25,-0.76,0.18,1.067,1.02,-1.32,1.098,0.00,0.90,2.348,24.8,33.021,0.694,0.000,900,6.59,4.3,3.59,-4.06,44.3,1,1,0,0,1,1,0,0,0,0,1,0,0,0,0,0,0,0,1,0,1,1,1,1,1,0,0,0,0,1,0,0,1,1,5155.7,0C,1,1,0,1,1,0,1,0,0,97.06,278.38,,,,,,,,,,,,,,,,,,,,,,,,,,,,,,,,,,,,,,,,,,,,,,,,,,,,,,,,,,
477,,,225,030,,14.10,59.25,1828,13.8,28.500,1.997,5.10,2.593,13.85,1.00,0.29,-0.76,0.16,1.035,1.02,-1.32,1.105,0.00,0.90,1.318,24.8,28.878,0.694,0.000,900,6.69,4.3,3.64,-2.60,44.3,1,1,0,0,1,1,0,0,0,0,1,0,0,0,0,0,0,0,0,0,1,1,1,1,1,0,0,0,0,1,0,0,1,1,5155.7,0C,1,1,0,1,1,0,1,0,0,84.69,280.00,,,,,,,,,,,,,,,,,,,,,,,,,,,,,,,,,,,,,,,,,,,,,,,,,,,,,,,,,,
478,,,225,459,,14.10,59.25,1908,13.8,33.750,2.829,7.40,4.054,18.54,1.00,0.23,-0.76,0.15,1.081,1.02,-1.32,1.103,0.00,0.90,1.318,24.8,36.477,0.694,0.000,900,6.64,4.3,3.62,-2.58,44.3,1,1,0,0,1,1,0,0,0,0,1,0,0,0,0,0,0,0,0,0,1,1,1,1,1,0,0,0,0,0,0,0,1,1,5155.7,0C,1,1,0,1,1,0,1,0,0,114.31,336.06,,,,,,,,,,,,,,,,,,,,,,,,,,,,,,,,,,,,,,,,,,,,,,,,,,,,,,,,,,
479,,,225,889,,14.10,60.00,1772,13.8,31.500,3.546,8.20,4.054,23.06,1.00,0.24,-0.76,0.15,1.107,1.02,-1.32,1.114,0.00,0.90,1.318,24.8,41.314,0.694,0.000,900,6.72,4.3,3.66,-2.61,44.3,1,1,0,0,1,1,0,0,0,0,1,0,0,0,0,0,0,0,0,0,1,1,1,1,1,0,0,0,0,1,0,0,1,1,5155.7,0C,1,1,0,1,1,0,1,0,0,154.50,411.63,,,,,,,,,,,,,,,,,,,,,,,,,,,,,,,,,,,,,,,,,,,,,,,,,,,,,,,,,,
480,,,226,283,,14.10,60.00,1803,13.8,17.250,3.731,7.10,0.000,25.08,1.00,0.98,-0.76,0.93,1.084,1.02,-1.32,1.101,0.00,0.90,2.860,24.8,38.209,0.694,0.000,900,6.74,4.3,3.67,-3.42,44.3,1,1,0,0,1,1,0,0,0,0,1,0,0,0,0,0,0,0,1,0,1,1,1,1,1,0,0,0,0,1,0,0,1,1,5155.7,0C,1,1,0,1,1,0,1,0,0,144.75,427.06,,,,,,,,,,,,,,,,,,,,,,,,,,,,,,,,,,,,,,,,,,,,,,,,,,,,,,,,,,
481,,,226,673,,14.10,60.00,2028,13.8,15.000,3.142,7.23,0.000,22.57,1.00,0.99,-0.76,0.88,1.052,1.02,-1.32,1.122,0.00,0.90,2.860,24.8,40.627,0.694,0.000,900,6.55,4.3,3.57,-4.20,44.3,1,1,0,0,1,1,0,0,0,0,1,0,0,0,0,0,0,0,1,0,1,1,1,1,1,0,0,0,0,1,0,0,1,1,5155.7,0C,1,1,0,1,1,0,1,0,0,128.44,361.94,,,,,,,,,,,,,,,,,,,,,,,,,,,,,,,,,,,,,,,,,,,,,,,,,,,,,,,,,,
482,,,227,063,,14.10,60.00,1956,15.0,24.750,2.624,6.18,0.000,19.31,1.45,0.09,-1.42,0.64,0.007,0.05,-10.51,0.743,0.01,0.45,0.194,-42.0,43.751,0.672,93.750,2000,94.40,313.0,-78.91,5.74,-33.8,1,0,1,1,0,1,0,1,0,1,0,1,0,1,0,1,0,1,1,1,1,1,1,1,1,1,1,1,1,1,1,1,1,1,1,,,,,,,,,,,,,,,,,,,,,,,,,,,,,,,,,,,,,,,,,,,,,,,,,,,,,,,,,,,,,,,,,,,,,,
483,,,227,454,,14.10,60.00,1978,15.0,33.750,2.214,5.35,0.000,16.71,1.00,0.92,-0.76,0.87,1.034,0.05,-10.51,0.681,0.01,0.45,0.194,-42.0,44.923,0.672,-76.500,2500,-26.97,128.3,0.78,4.83,-34.5,1,0,0,1,0,1,0,1,0,1,0,1,0,1,0,1,0,1,1,1,1,1,1,1,1,1,1,1,1,1,1,1,1,1,1,,,,,,,,,,,,,,,,,,,,,,,,,,,,,,,,,,,,,,,,,,,,,,,,,,,,,,,,,,,,,,,,,,,,,,
484,,,227,836,,14.10,60.00,1967,13.8,25.500,2.330,1490.63,22.382,189.12,1.45,0.09,-1.40,1.11,0.007,0.05,-10.51,0.640,0.01,0.45,0.194,-42.0,42.579,0.672,-78.750,2500,-40.25,128.3,1.16,-43.38,112.5,0,1,0,0,0,1,0,1,1,1,1,1,0,1,1,0,0,1,1,1,1,1,1,1,1,1,1,1,1,1,1,1,1,1,1,,,,,,,,,,,,,,,,,,,,,,,,,,,,,,,,,,,,,,,,,,,,,,,,,,,,,,,,,,,,,,,,,,,,,,
485,,,230,250,,14.00,60.00,1315,10.0,-11.250,2.496,3.88,0.000,15.77,1.00,0.23,-0.76,0.15,1.121,1.02,-1.32,1.081,0.00,0.90,1.408,24.8,21.965,0.694,0.000,900,6.84,4.3,3.72,-1.56,44.3,1,1,0,0,1,1,0,0,0,0,1,0,0,0,0,0,0,0,1,0,1,1,1,1,1,0,0,0,0,1,0,0,1,1,5155.7,0C,1,1,0,1,1,0,1,0,0,98.13,332.44,,,,,,,,,,,,,,,,,,,,,,,,,,,,,,,,,,,,,,,,,,,,,,,,,,,,,,,,,,
486,,,230,652,,13.70,60.00,1183,8.8,3.750,2.554,3.64,0.000,15.84,1.00,0.24,-0.76,0.20,1.135,1.02,-1.32,1.065,0.00,0.90,1.408,24.8,20.577,0.694,-44.250,2550,-7.44,128.3,1.16,-43.38,112.5,0,1,0,0,0,1,0,1,1,1,1,1,0,1,1,0,0,1,0,0,0,0,0,0,0,0,0,1,1,0,0,0,0,0,643.5,FB,0,1,0,1,0,1,1,1,1,1,1,,,,,,,,,,,,,,,,,,,,,,,,,,,,,,,,,,,,,,,,,,,,,,,,,,,,,,,,,,
487,,,233,090,,14.00,60.75,1413,11.3,3.750,3.872,7.10,7.953,30.96,1.00,0.33,-0.76,0.16,0.983,1.02,-1.32,1.065,0.00,0.90,2.640,25.5,41.314,0.694,0.000,900,6.84,4.3,3.73,0.00,44.3,1,1,0,0,1,1,0,0,0,0,1,0,0,0,0,0,0,0,0,0,1,1,1,1,1,0,0,1,0,0,0,0,1,1,5155.7,0C,1,1,0,1,1,0,1,0,0,186.75,514.56,,,,,,,,,,,,,,,,,,,,,,,,,,,,,,,,,,,,,,,,,,,,,,,,,,,,,,,,,,
488,,,233,581,,14.10,60.75,1568,11.3,18.750,3.718,7.15,6.656,28.22,1.00,0.23,-0.76,0.16,1.033,1.02,-1.32,1.082,0.00,0.90,2.640,25.5,42.351,0.694,0.000,900,6.84,4.3,3.73,-2.66,44.3,1,1,0,0,1,1,0,0,0,0,1,0,0,0,0,0,0,0,0,0,1,1,1,1,1,0,0,0,0,0,0,0,1,1,5155.7,0C,1,1,0,1,1,0,1,0,0,170.88,478.38,,,,,,,,,,,,,,,,,,,,,,,,,,,,,,,,,,,,,,,,,,,,,,,,,,,,,,,,,,
489,,,233,982,,14.10,60.75,1631,11.3,20.250,2.963,5.88,1.703,22.50,1.00,0.25,-0.76,0.17,1.067,1.02,-1.32,1.093,0.00,0.90,2.152,24.8,38.895,0.694,0.000,900,6.80,4.3,3.70,-2.64,44.3,1,1,0,0,1,1,0,0,0,0,1,0,0,0,0,0,0,0,0,0,1,1,1,1,1,0,0,0,0,0,0,0,1,1,5155.7,0C,1,1,0,1,1,0,1,0,0,137.38,401.44,,,,,,,,,,,,,,,,,,,,,,,,,,,,,,,,,,,,,,,,,,,,,,,,,,,,,,,,,,
490,,,234,389,,14.10,60.75,1542,11.3,9.000,2.925,5.22,0.000,20.95,1.00,0.44,-0.76,0.67,1.091,1.02,-1.32,1.085,0.00,0.90,2.152,24.8,34.401,0.694,0.000,900,6.84,4.3,3.72,-2.79,44.3,1,1,0,0,1,1,0,0,0,0,1,0,0,0,0,0,0,0,1,0,1,1,1,1,1,0,0,0,0,1,0,0,1,1,5155.7,0C,1,1,0,1,1,0,1,0,0,125.63,372.69,,,,,,,,,,,,,,,,,,,,,,,,,,,,,,,,,,,,,,,,,,,,,,,,,,,,,,,,,,
491,,,234,792,,14.10,60.75,1654,11.3,32.250,2.509,5.22,0.000,18.42,1.00,0.90,-0.76,0.81,1.046,1.02,-1.32,1.087,0.00,0.90,2.152,24.8,34.058,0.694,0.000,900,6.79,4.3,3.70,-3.17,44.3,1,1,0,0,1,1,0,0,0,0,1,0,0,0,0,0,0,0,1,0,1,1,1,1,1,0,0,0,0,1,0,0,1,1,5155.7,0C,1,1,0,1,1,0,1,0,0,116.19,351.50,,,,,,,,,,,,,,,,,,,,,,,,,,,,,,,,,,,,,,,,,,,,,,,,,,,,,,,,,,
492,,,235,178,,14.10,60.75,1519,11.3,3.000,2.778,5.22,5.109,19.45,1.00,0.31,-0.76,0.20,1.063,1.02,-1.32,1.084,0.00,0.90,0.194,-42.0,74.611,0.672,-45.000,2520,-78.53,128.3,1.16,-43.38,112.5,0,1,0,0,0,1,0,1,1,1,1,1,0,1,1,0,0,1,0,0,0,0,0,0,0,0,1,1,1,0,0,0,0,0,4142.3,38,0,1,0,1,0,1,1,1,1,1,1,,,,,,,,,,,,,,,,,,,,,,,,,,,,,,,,,,,,,,,,,,,,,,,,,,,,,,,,,,
493,,,235,563,,14.10,60.75,1583,11.3,16.500,3.642,7.28,6.656,23.70,1.00,0.28,-0.76,0.21,1.088,1.02,-1.32,1.083,0.00,0.90,1.666,24.8,37.171,0.694,0.000,900,6.83,4.3,3.72,-2.65,44.3,1,1,0,0,1,1,0,0,0,0,1,0,0,0,0,0,0,0,0,0,1,1,1,1,1,0,0,0,0,0,0,0,1,1,5155.7,0C,1,1,0,1,1,0,1,0,0,151.81,434.13,,,,,,,,,,,,,,,,,,,,,,,,,,,,,,,,,,,,,,,,,,,,,,,,,,,,,,,,,,
494,,,235,963,,14.10,60.75,1643,11.3,14.250,4.006,8.33,6.656,27.66,1.00,0.93,-0.76,0.86,1.054,1.02,-1.32,1.097,0.00,0.90,2.739,24.8,43.740,0.694,0.000,900,6.78,4.3,3.69,-2.63,44.3,1,1,0,0,1,1,0,0,0,0,1,0,0,0,0,0,0,0,0,0,1,1,1,1,1,0,0,0,0,0,0,0,1,1,5155.7,0C,1,1,0,1,1,0,1,0,0,175.06,488.50,,,,,,,,,,,,,,,,,,,,,,,,,,,,,,,,,,,,,,,,,,,,,,,,,,,,,,,,,,
495,,,236,352,,14.10,60.75,1691,12.5,14.250,3.565,7.89,6.491,27.21,1.00,0.97,-0.76,0.87,1.022,1.02,-1.32,1.103,0.00,0.90,2.739,24.8,44.770,0.694,0.000,900,6.74,4.3,3.67,-2.62,44.3,1,1,0,0,1,1,0,0,0,0,1,0,0,0,0,0,0,0,0,0,1,1,1,1,1,0,0,0,0,0,0,0,1,1,5155.7,0C,1,1,0,1,1,0,1,0,0,163.25,469.56,,,,,,,,,,,,,,,,,,,,,,,,,,,,,,,,,,,,,,,,,,,,,,,,,,,,,,,,,,
496,,,236,741,,14.10,60.75,1718,12.5,12.000,3.571,7.71,5.515,26.46,1.00,0.23,-0.76,0.17,1.048,1.02,-1.32,1.104,0.00,0.90,2.739,24.8,43.389,0.694,0.000,900,6.74,4.3,3.67,-2.62,44.3,1,1,0,0,1,1,0,0,0,0,1,0,0,0,0,0,0,0,0,0,1,1,1,1,1,0,0,0,0,0,0,0,1,1,5155.7,0C,1,1,0,1,1,0,1,0,0,158.50,459.31,,,,,,,,,,,,,,,,,,,,,,,,,,,,,,,,,,,,,,,,,,,,,,,,,,,,,,,,,,
497,,,237,139,,14.10,60.75,1767,12.5,15.750,3.686,8.01,4.703,25.85,1.00,0.22,-0.76,0.16,1.078,1.02,-1.32,1.107,0.00,0.90,2.640,24.8,44.083,0.694,0.000,900,6.72,4.3,3.66,-2.61,44.3,1,1,0,0,1,1,0,0,0,0,1,0,0,0,0,0,0,0,0,0,1,1,1,1,1,0,0,0,0,0,0,0,1,1,5155.7,0C,1,1,0,1,1,0,1,0,0,156.00,454.38,,,,,,,,,,,,,,,,,,,,,,,,,,,,,,,,,,,,,,,,,,,,,,,,,,,,,,,,,,
498,,,237,549,,14.10,60.75,1818,13.8,15.750,3.354,7.40,2.272,23.06,1.00,0.24,-0.76,0.18,1.109,1.02,-1.32,1.109,0.00,0.90,2.640,24.8,40.284,0.694,0.000,900,6.69,4.3,3.64,-2.60,44.3,1,1,0,0,1,1,0,0,0,0,1,0,0,0,0,0,0,0,0,0,1,1,1,1,1,0,0,0,0,0,0,0,1,1,5155.7,0C,1,1,0,1,1,0,1,0,0,140.19,410.06,,,,,,,,,,,,,,,,,,,,,,,,,,,,,,,,,,,,,,,,,,,,,,,,,,,,,,,,,,
499,,,237,951,,14.10,61.50,1890,13.8,33.000,3.059,6.93,1.781,20.41,1.00,0.69,-0.76,0.73,1.137,1.02,-1.32,1.115,0.00,0.90,2.582,24.8,37.171,0.694,0.000,900,6.64,4.3,3.62,-2.58,44.3,1,1,0,0,1,1,0,0,0,0,1,0,0,0,0,0,0,0,0,0,1,1,1,1,1,0,0,0,0,0,0,0,1,1,5155.7,0C,1,1,0,1,1,0,1,0,0,124.69,362.63,,,,,,,,,,,,,,,,,,,,,,,,,,,,,,,,,,,,,,,,,,,,,,,,,,,,,,,,,,
500,,,240,393,,14.10,61.50,1770,12.5,22.500,1.958,4.37,3.648,11.88,1.00,0.22,-0.76,0.15,1.128,1.02,-1.32,1.115,0.00,0.90,1.537,24.0,25.765,0.694,0.000,900,6.72,4.3,3.66,-2.61,44.3,1,1,0,0,1,1,0,0,0,0,1,0,0,0,0,0,0,0,0,0,1,1,1,1,1,0,0,0,0,1,0,0,1,1,5155.7,0C,1,1,0,1,1,0,1,0,0,74.56,261.94,,,,,,,,,,,,,,,,,,,,,,,,,,,,,,,,,,,,,,,,,,,,,,,,,,,,,,,,,,
501,,,240,799,,14.10,61.50,1725,12.5,34.500,2.381,5.35,4.788,14.51,1.00,0.22,-0.76,0.17,1.147,1.02,-1.32,1.099,0.00,0.90,1.537,24.8,31.296,0.694,0.000,900,6.75,4.3,3.68,-2.62,44.3,1,1,0,0,1,1,0,0,0,0,1,0,0,0,0,0,0,0,0,0,1,1,1,1,1,0,0,0,0,0,0,0,1,1,5155.7,0C,1,1,0,1,1,0,1,1,1,1,1,,,,,,,,,,,,,,,,,,,,,,,,,,,,,,,,,,,,,,,,,,,,,,,,,,,,,,,,,,
502,,,241,201,,14.10,61.50,1768,12.5,33.000,3.558,7.91,4.788,21.07,1.00,0.66,-0.76,0.67,1.171,1.02,-1.32,1.103,0.00,0.90,1.862,24.8,38.209,0.694,0.000,900,6.71,4.3,3.66,-2.61,44.3,1,1,0,0,1,1,0,0,0,0,1,0,0,0,0,0,0,0,0,0,1,1,1,1,1,0,0,0,0,0,0,0,1,1,5155.7,0C,1,1,0,1,1,0,1,0,0,138.63,411.25,,,,,,,,,,,,,,,,,,,,,,,,,,,,,,,,,,,,,,,,,,,,,,,,,,,,,,,,,,
503,,,241,620,,14.10,61.50,1865,13.8,30.750,3.974,8.50,3.890,25.45,1.00,0.94,-0.76,0.86,1.117,1.02,-1.32,1.117,0.00,0.90,1.862,24.8,44.427,0.694,0.000,900,6.64,4.3,3.62,-2.58,44.3,1,1,0,0,1,1,0,0,0,0,1,0,0,0,0,0,0,0,0,0,1,1,1,1,1,0,0,0,0,0,0,0,1,1,5155.7,0C,1,1,0,1,1,0,1,0,0,154.56,434.69,,,,,,,,,,,,,,,,,,,,,,,,,,,,,,,,,,,,,,,,,,,,,,,,,,,,,,,,,,
504,,,242,023,,14.10,61.50,1912,13.8,14.250,3.322,7.23,0.000,22.71,1.00,0.95,-0.76,0.82,1.087,1.02,-1.32,1.119,0.00,0.90,2.817,24.8,39.590,0.694,0.000,900,6.61,4.3,3.60,-3.92,44.3,1,1,0,0,1,1,0,0,0,0,1,0,0,0,0,0,0,0,1,0,1,1,1,1,1,0,0,0,0,1,0,0,1,1,5155.7,0C,1,1,0,1,1,0,1,0,0,138.44,369.94,,,,,,,,,,,,,,,,,,,,,,,,,,,,,,,,,,,,,,,,,,,,,,,,,,,,,,,,,,
505,,,242,429,,14.10,62.25,1895,13.8,10.500,2.598,6.13,0.000,18.80,1.00,0.97,-0.76,0.81,1.051,1.02,-1.32,1.104,0.00,0.90,2.817,24.8,35.096,0.694,0.000,900,6.64,4.3,3.62,-3.81,44.3,1,1,0,0,1,1,0,0,0,0,1,0,0,0,0,0,0,0,1,0,1,1,1,1,1,0,0,0,0,1,0,0,1,1,5155.7,0C,1,1,0,1,1,0,1,0,0,113.38,337.19,,,,,,,,,,,,,,,,,,,,,,,,,,,,,,,,,,,,,,,,,,,,,,,,,,,,,,,,,,
506,,,242,819,,14.10,62.25,1981,13.8,20.250,2.656,5.93,0.000,18.16,1.00,0.23,-0.76,0.17,1.084,1.02,-1.32,1.107,0.00,0.90,2.817,24.8,34.401,0.694,0.000,900,6.57,4.3,3.58,-4.08,44.3,1,1,0,0,1,1,0,0,0,0,1,0,0,0,0,0,0,0,1,0,1,1,1,1,1,0,0,0,0,1,0,0,1,1,5155.7,0C,1,1,0,1,1,0,1,0,0,110.94,308.00,,,,,,,,,,,,,,,,,,,,,,,,,,,,,,,,,,,,,,,,,,,,,,,,,,,,,,,,,,
507,,,243,211,,14.10,62.25,1838,13.8,35.250,2.029,5.22,0.000,14.25,1.00,0.88,-0.76,0.49,1.052,1.02,-1.32,1.102,0.00,0.90,2.262,24.8,29.564,0.694,0.000,900,6.68,4.3,3.64,-3.65,44.3,1,1,0,0,1,1,0,0,0,0,1,0,0,0,0,0,0,0,1,0,1,1,1,1,1,0,0,0,0,1,0,0,1,1,5155.7,0C,1,1,0,1,1,0,1,0,0,87.69,289.13,,,,,,,,,,,,,,,,,,,,,,,,,,,,,,,,,,,,,,,,,,,,,,,,,,,,,,,,,,
508,,,243,624,,14.10,62.25,1893,13.8,34.500,2.253,5.22,0.000,14.91,1.00,0.22,-0.76,0.15,1.085,1.02,-1.32,1.099,0.00,0.90,2.262,24.8,28.878,0.694,0.000,900,6.63,4.3,3.61,-3.85,44.3,1,1,0,0,1,1,0,0,0,0,1,0,0,0,0,0,0,0,1,0,1,1,1,1,1,0,0,0,0,1,0,0,1,1,5155.7,0C,1,1,0,1,1,0,1,0,0,90.88,277.50,,,,,,,,,,,,,,,,,,,,,,,,,,,,,,,,,,,,,,,,,,,,,,,,,,,,,,,,,,
509,,,244,039,,14.10,62.25,1701,12.5,9.750,2.240,4.05,0.000,13.95,1.00,0.24,-0.76,0.17,1.111,1.02,-1.32,1.102,0.00,0.90,1.447,24.8,23.690,0.694,0.000,900,6.78,4.3,3.69,-3.22,44.3,1,1,0,0,1,1,0,0,0,0,1,0,0,0,0,0,0,0,1,0,1,1,1,1,1,0,0,0,0,1,0,0,1,1,5155.7,0C,1,1,0,1,1,0,1,0,0,84.19,283.81,,,,,,,,,,,,,,,,,,,,,,,,,,,,,,,,,,,,,,,,,,,,,,,,,,,,,,,,,,
510,,,244,469,,14.10,62.25,1705,12.5,21.750,2.061,4.13,0.000,12.40,1.00,0.23,-0.76,0.16,1.130,1.02,-1.32,1.113,0.00,0.90,1.447,24.8,23.346,0.694,0.000,900,6.78,4.3,3.70,-3.24,44.3,1,1,0,0,1,1,0,0,0,0,1,0,0,0,0,0,0,0,1,0,1,1,1,1,1,0,0,0,0,1,0,0,1,1,5155.7,0C,1,1,0,1,1,0,1,0,0,77.38,271.38,,,,,,,,,,,,,,,,,,,,,,,,,,,,,,,,,,,,,,,,,,,,,,,,,,,,,,,,,,
511,,,244,849,,14.10,62.25,1587,11.3,6.000,2.285,3.76,0.000,13.95,1.00,0.35,-0.76,0.79,1.149,1.02,-1.32,1.101,0.00,0.90,1.447,24.8,23.690,0.694,0.000,900,6.83,4.3,3.72,-2.99,44.3,1,1,0,0,1,1,0,0,0,0,1,0,0,0,0,0,0,0,1,0,1,1,1,1,1,0,0,0,0,1,0,0,1,1,5155.7,0C,1,1,0,1,1,0,1,0,0,84.50,282.81,,,,,,,,,,,,,,,,,,,,,,,,,,,,,,,,,,,,,,,,,,,,,,,,,,,,,,,,,,
512,,,245,244,,14.10,62.25,1422,10.0,-5.250,2.362,3.88,0.000,14.95,1.00,0.96,-0.76,0.87,1.110,1.02,-1.32,1.087,0.00,0.90,1.565,24.8,22.652,0.694,0.000,900,6.83,4.3,3.72,-2.07,44.3,1,1,0,0,1,1,0,0,0,0,1,0,0,0,0,0,0,0,1,0,1,1,1,1,1,0,0,0,0,1,0,0,1,1,5155.7,0C,1,1,0,1,1,0,1,0,0,93.56,300.25,,,,,,,,,,,,,,,,,,,,,,,,,,,,,,,,,,,,,,,,,,,,,,,,,,,,,,,,,,
513,,,245,633,,13.90,62.25,1294,10.0,1.500,2.253,3.81,0.000,14.58,1.00,0.23,-0.76,0.18,1.129,1.02,-1.32,1.074,0.00,0.90,1.565,24.8,21.271,0.694,0.000,900,6.83,4.3,3.72,-0.58,44.3,1,1,0,0,1,1,0,0,0,0,1,0,0,0,0,0,0,0,1,0,1,1,1,1,1,0,0,0,0,1,0,0,1,1,5155.7,0C,1,1,0,1,1,0,1,0,0,89.75,328.31,,,,,,,,,,,,,,,,,,,,,,,,,,,,,,,,,,,,,,,,,,,,,,,,,,,,,,,,,,
514,,,246,020,,14.00,62.25,1197,8.8,12.000,2.854,3.76,0.319,17.32,1.00,0.21,-0.76,0.15,1.142,1.02,-1.32,1.061,0.00,0.90,1.318,24.8,22.652,0.694,0.000,900,6.83,4.3,3.72,-0.14,44.3,1,1,0,0,1,1,0,0,0,0,1,0,0,0,0,0,0,0,1,0,1,1,1,1,1,0,0,0,0,1,0,0,1,1,5155.7,0C,1,1,0,1,1,0,1,0,0,98.88,357.50,,,,,,,,,,,,,,,,,,,,,,,,,,,,,,,,,,,,,,,,,,,,,,,,,,,,,,,,,,
515,,,246,429,,14.00,62.25,1183,7.5,16.500,3.238,4.91,3.812,20.18,1.00,0.35,-0.76,0.74,1.155,1.02,-1.32,1.048,0.00,0.90,1.318,24.8,26.802,0.694,0.000,900,6.84,4.3,3.72,0.00,44.3,1,1,0,0,1,1,0,0,0,0,1,0,0,0,0,0,0,0,0,0,1,1,1,1,1,0,0,0,0,1,0,0,1,1,5155.7,0C,1,1,0,1,1,0,1,0,0,126.75,422.38,,,,,,,,,,,,,,,,,,,,,,,,,,,,,,,,,,,,,,,,,,,,,,,,,,,,,,,,,,
516,,,246,822,,14.00,62.25,1194,8.8,15.750,4.013,5.93,5.843,25.69,1.00,0.98,-0.76,0.88,1.109,1.02,-1.32,1.041,0.00,0.90,1.318,24.8,30.259,0.694,0.000,900,6.84,4.3,3.73,0.00,44.3,1,1,0,0,1,1,0,0,0,0,1,0,0,0,0,0,0,0,0,0,1,1,1,1,1,0,0,0,0,0,0,0,1,1,5155.7,0C,1,1,0,1,1,0,1,0,0,156.81,481.81,,,,,,,,,,,,,,,,,,,,,,,,,,,,,,,,,,,,,,,,,,,,,,,,,,,,,,,,,,
517,,,247,222,,14.10,62.25,1250,8.8,6.750,4.448,6.45,6.976,29.27,1.00,0.99,-0.76,0.89,1.085,1.02,-1.32,1.046,0.00,0.90,2.449,24.8,32.677,0.694,0.000,900,6.84,4.3,3.73,0.00,44.3,1,1,0,0,1,1,0,0,0,0,1,0,0,0,0,0,0,0,0,0,1,1,1,1,1,0,0,0,0,0,0,0,1,1,5155.7,0C,1,1,0,1,1,0,1,0,0,179.25,523.19,,,,,,,,,,,,,,,,,,,,,,,,,,,,,,,,,,,,,,,,,,,,,,,,,,,,,,,,,,
518,,,247,612,,14.10,63.00,1315,10.0,9.000,4.326,7.10,6.976,29.91,1.00,1.00,-0.76,0.90,1.064,1.02,-1.32,1.050,0.00,0.90,2.449,24.8,34.752,0.694,0.000,900,6.84,4.3,3.73,0.00,44.3,1,1,0,0,1,1,0,0,0,0,1,0,0,0,0,0,0,0,0,0,1,1,1,1,1,0,0,0,0,0,0,0,1,1,5155.7,0C,1,1,0,1,1,0,1,0,0,187.31,531.69,,,,,,,,,,,,,,,,,,,,,,,,,,,,,,,,,,,,,,,,,,,,,,,,,,,,,,,,,,
519,,,248,003,,14.10,63.00,1419,10.0,11.250,4.083,7.06,6.976,29.63,1.00,1.01,-0.76,0.90,1.037,1.02,-1.32,1.071,0.00,0.90,2.817,24.8,37.171,0.694,0.000,900,6.84,4.3,3.73,0.00,44.3,1,1,0,0,1,1,0,0,0,0,1,0,0,0,0,0,0,0,0,0,1,1,1,1,1,0,0,0,0,0,0,0,1,1,5155.7,0C,1,1,0,1,1,0,1,0,0,178.69,497.06,,,,,,,,,,,,,,,,,,,,,,,,,,,,,,,,,,,,,,,,,,,,,,,,,,,,,,,,,,
520,,,248,425,,14.10,63.00,1505,11.3,15.750,3.706,6.98,6.976,28.15,1.00,0.98,-0.76,0.79,1.009,1.02,-1.32,1.084,0.00,0.90,2.817,24.8,39.590,0.694,0.000,900,6.84,4.3,3.73,-2.66,44.3,1,1,0,0,1,1,0,0,0,0,1,0,0,0,0,0,0,0,0,0,1,1,1,1,1,0,0,0,0,0,0,0,1,1,5155.7,0C,1,1,0,1,1,0,1,0,0,169.56,474.50,,,,,,,,,,,,,,,,,,,,,,,,,,,,,,,,,,,,,,,,,,,,,,,,,,,,,,,,,,
521,,,248,813,,14.10,63.00,1577,11.3,15.750,3.686,7.30,6.976,27.49,1.00,0.23,-0.76,0.17,1.030,1.02,-1.32,1.091,0.00,0.90,2.817,24.8,42.351,0.694,0.000,900,6.84,4.3,3.73,-2.66,44.3,1,1,0,0,1,1,0,0,0,0,1,0,0,0,0,0,0,0,0,0,1,1,1,1,1,0,0,0,0,0,0,0,1,1,5155.7,0C,1,1,0,1,1,0,1,0,0,168.44,473.44,,,,,,,,,,,,,,,,,,,,,,,,,,,,,,,,,,,,,,,,,,,,,,,,,,,,,,,,,,
522,,,249,211,,14.10,63.00,1633,11.3,14.250,3.834,7.71,6.976,27.77,1.00,0.29,-0.76,0.56,1.059,1.02,-1.32,1.095,0.00,0.90,2.739,24.8,44.083,0.694,0.000,900,6.80,4.3,3.70,-2.64,44.3,1,1,0,0,1,1,0,0,0,0,1,0,0,0,0,0,0,0,0,0,1,1,1,1,1,0,0,0,0,0,0,0,1,1,5155.7,0C,1,1,0,1,1,0,1,0,0,167.63,475.94,,,,,,,,,,,,,,,,,,,,,,,,,,,,,,,,,,,,,,,,,,,,,,,,,,,,,,,,,,
523,,,249,601,,14.10,63.00,1691,12.5,15.000,3.802,7.91,7.633,27.59,1.00,0.27,-0.76,0.18,1.049,1.02,-1.32,1.099,0.00,0.90,2.739,24.8,45.121,0.694,0.000,900,6.77,4.3,3.69,-2.63,44.3,1,1,0,0,1,1,0,0,0,0,1,0,0,0,0,0,0,0,0,0,1,1,1,1,1,0,0,0,0,0,0,0,1,1,5155.7,0C,1,1,0,1,1,0,1,0,0,167.44,483.56,,,,,,,,,,,,,,,,,,,,,,,,,,,,,,,,,,,,,,,,,,,,,,,,,,,,,,,,,,
524,,,250,011,,14.10,63.00,1786,13.8,18.750,4.179,9.30,7.788,28.55,1.00,0.22,-0.76,0.16,1.081,1.02,-1.32,1.105,0.00,0.90,3.298,24.8,48.226,0.694,0.000,900,6.71,4.3,3.66,-2.61,44.3,1,1,0,0,1,1,0,0,0,0,1,0,0,0,0,0,0,0,0,0,1,1,1,1,1,0,0,0,0,0,0,0,1,1,5155.7,0C,1,1,0,1,1,0,1,0,0,177.50,502.50,,,,,,,,,,,,,,,,,,,,,,,,,,,,,,,,,,,,,,,,,,,,,,,,,,,,,,,,,,
525,,,250,419,,14.10,63.00,1945,13.8,30.750,4.179,9.06,7.140,28.05,1.00,0.73,-0.76,0.79,1.115,1.02,-1.32,1.120,0.00,0.90,3.298,24.8,48.577,0.694,0.000,900,6.60,4.3,3.60,-2.56,44.3,1,1,0,0,1,1,0,0,0,0,1,0,0,0,0,0,0,0,0,0,1,1,1,1,1,0,0,0,0,0,0,0,1,1,5155.7,0C,1,1,0,1,1,0,1,0,0,169.06,458.75,,,,,,,,,,,,,,,,,,,,,,,,,,,,,,,,,,,,,,,,,,,,,,,,,,,,,,,,,,
526,,,250,809,,14.10,63.00,2085,15.0,31.500,3.917,8.50,5.843,27.73,1.00,0.98,-0.76,0.91,1.054,1.02,-1.32,1.135,0.00,0.90,3.298,24.8,48.577,0.694,0.000,900,6.51,4.3,3.55,-2.53,44.3,1,1,0,0,1,1,0,0,0,0,1,0,0,0,0,0,0,0,0,0,1,1,1,1,1,0,0,0,0,0,0,0,1,1,5155.7,0C,1,1,0,1,1,0,1,0,0,159.00,410.75,,,,,,,,,,,,,,,,,,,,,,,,,,,,,,,,,,,,,,,,,,,,,,,,,,,,,,,,,,
527,,,251,211,,14.10,63.00,2178,16.3,32.250,3.219,7.91,5.031,24.16,1.00,1.01,-0.76,0.92,1.017,1.02,-1.32,1.143,0.00,0.90,3.268,24.0,49.615,0.694,0.000,900,6.45,4.3,3.51,-2.50,44.3,1,1,0,0,1,1,0,0,0,0,1,0,0,0,0,0,0,0,0,0,1,1,1,1,1,0,0,0,0,0,0,0,1,1,5155.7,0C,1,1,0,1,1,0,1,0,0,147.31,381.44,,,,,,,,,,,,,,,,,,,,,,,,,,,,,,,,,,,,,,,,,,,,,,,,,,,,,,,,,,
528,,,251,601,,14.10,63.00,2232,16.3,33.000,3.059,8.01,4.546,23.55,1.00,1.01,-0.76,0.91,0.982,1.02,-1.32,1.145,0.00,0.90,3.268,24.0,50.652,0.694,0.000,900,6.41,4.3,3.49,-2.49,44.3,1,1,0,0,1,1,0,0,0,0,1,0,0,0,0,0,0,0,0,0,1,1,1,1,1,0,0,0,0,0,0,0,1,1,5155.7,0C,1,1,0,1,1,0,1,0,0,144.44,376.69,,,,,,,,,,,,,,,,,,,,,,,,,,,,,,,,,,,,,,,,,,,,,,,,,,,,,,,,,,
529,,,252,010,,14.10,63.00,2279,16.3,33.000,2.925,8.25,4.054,23.27,1.00,1.00,-0.76,0.86,0.947,1.02,-1.32,1.146,0.00,0.90,2.978,24.0,51.339,0.694,0.000,900,6.39,4.3,3.48,-2.48,44.3,1,1,0,0,1,1,0,0,0,0,1,0,0,0,0,0,0,0,0,0,1,1,1,1,1,0,0,0,0,0,0,0,1,1,5155.7,0C,1,1,0,1,1,0,1,0,0,143.00,375.44,,,,,,,,,,,,,,,,,,,,,,,,,,,,,,,,,,,,,,,,,,,,,,,,,,,,,,,,,,
530,,,252,402,,14.10,63.00,2320,17.5,33.750,2.592,7.59,3.078,21.52,1.00,0.79,-0.76,0.21,0.910,1.02,-1.32,1.137,0.00,0.90,2.978,24.0,47.883,0.694,0.000,900,6.37,4.3,3.47,-2.47,44.3,1,1,0,0,1,1,0,0,0,0,1,0,0,0,0,0,0,0,0,0,1,1,1,1,1,0,0,0,0,0,0,0,1,1,5155.7,0C,1,1,0,1,1,0,1,0,0,130.31,349.56,,,,,,,,,,,,,,,,,,,,,,,,,,,,,,,,,,,,,,,,,,,,,,,,,,,,,,,,,,
531,,,252,806,,14.10,63.75,2347,17.5,33.750,2.656,7.59,3.078,20.77,1.00,0.23,-0.76,0.17,0.960,1.02,-1.32,1.133,0.00,0.90,2.978,24.0,47.539,0.694,0.000,900,6.35,4.3,3.46,-2.47,44.3,1,1,0,0,1,1,0,0,0,0,1,0,0,0,0,0,0,0,0,0,1,1,1,1,1,0,0,0,0,0,0,0,1,1,5155.7,0C,1,1,0,1,1,0,1,0,0,125.44,340.56,,,,,,,,,,,,,,,,,,,,,,,,,,,,,,,,,,,,,,,,,,,,,,,,,,,,,,,,,,
532,,,253,264,,14.10,63.75,2382,17.5,33.750,2.867,8.37,3.569,21.49,1.00,0.24,-0.76,0.18,0.996,1.02,-1.32,1.141,0.00,0.90,2.640,24.0,50.652,0.694,0.000,900,6.33,4.3,3.45,-2.46,44.3,1,1,0,0,1,1,0,0,0,0,1,0,0,0,0,0,0,0,0,0,1,1,1,1,1,0,0,0,0,0,0,0,1,1,5155.7,0C,1,1,0,1,1,0,1,0,0,131.94,357.25,,,,,,,,,,,,,,,,,,,,,,,,,,,,,,,,,,,,,,,,,,,,,,,,,,,,,,,,,,
533,,,253,649,,14.10,63.75,2451,17.5,33.750,3.040,9.11,3.890,21.84,1.00,0.36,-0.76,0.43,1.041,1.02,-1.32,1.148,0.00,0.90,2.640,24.0,53.414,0.694,0.000,900,6.29,4.3,3.43,-2.44,44.3,1,1,0,0,1,1,0,0,0,0,1,0,0,0,0,0,0,0,0,0,1,1,1,1,1,0,0,0,0,0,0,0,1,1,5155.7,0C,1,1,0,1,1,0,1,0,0,134.13,372.44,,,,,,,,,,,,,,,,,,,,,,,,,,,,,,,,,,,,,,,,,,,,,,,,,,,,,,,,,,
534,,,254,063,,14.10,63.75,2518,18.8,34.500,3.130,9.79,3.890,21.63,1.00,0.24,-0.76,0.17,1.079,1.02,-1.32,1.152,0.00,0.90,3.227,24.0,54.795,0.694,0.000,900,6.25,4.3,3.41,-2.43,44.3,1,1,0,0,1,1,0,0,0,0,1,0,0,0,0,0,0,0,0,0,1,1,1,1,1,0,0,0,0,0,0,0,1,1,5155.7,0C,1,1,0,1,1,0,1,0,0,132.06,378.69,,,,,,,,,,,,,,,,,,,,,,,,,,,,,,,,,,,,,,,,,,,,,,,,,,,,,,,,,,
535,,,254,472,,14.10,63.75,2601,18.8,34.500,3.302,10.40,5.600,21.73,1.00,0.23,-0.76,0.16,1.118,1.02,-1.32,1.159,0.00,0.90,3.227,24.0,56.870,0.694,0.000,900,6.20,4.3,3.38,-2.41,44.3,1,1,0,0,1,1,0,0,0,0,1,0,0,0,0,0,0,0,0,0,1,1,1,1,1,0,0,0,0,0,0,0,1,1,5155.7,0C,1,1,0,1,1,0,1,0,0,131.75,388.50,,,,,,,,,,,,,,,,,,,,,,,,,,,,,,,,,,,,,,,,,,,,,,,,,,,,,,,,,,
536,,,254,874,,14.10,63.75,2739,20.0,32.250,5.114,14.70,11.281,30.28,1.00,0.22,-0.76,0.16,1.162,1.02,-1.32,1.170,0.00,0.90,3.227,24.0,80.026,0.694,0.000,900,6.15,4.3,3.35,-2.39,44.3,1,1,0,0,1,1,0,0,0,0,1,0,0,0,0,0,0,0,0,0,1,1,1,1,1,0,0,0,0,0,0,0,1,1,5155.7,0C,1,1,0,1,1,0,1,0,0,187.63,515.19,,,,,,,,,,,,,,,,,,,,,,,,,,,,,,,,,,,,,,,,,,,,,,,,,,,,,,,,,,
537,,,257,330,,14.10,63.75,2840,25.0,28.500,5.914,16.53,13.960,37.22,0.97,0.24,-0.76,0.16,1.014,1.02,-1.32,1.171,0.00,0.90,7.682,23.3,39.933,0.694,0.000,900,6.14,4.3,3.34,-2.38,44.3,1,1,0,1,1,1,0,0,0,0,1,0,1,0,0,0,0,0,0,0,1,1,1,1,1,0,0,1,0,0,0,0,1,1,5155.7,0C,1,1,0,1,1,0,1,0,0,224.94,595.81,,,,,,,,,,,,,,,,,,,,,,,,,,,,,,,,,,,,,,,,,,,,,,,,,,,,,,,,,,
538,,,257,729,,14.10,63.75,2484,27.5,30.000,5.702,12.89,11.531,35.48,0.96,0.88,-0.76,0.86,1.036,1.02,-1.32,1.159,0.00,0.90,7.682,22.5,40.627,0.694,0.000,900,6.28,4.3,3.42,-2.44,44.3,1,1,0,1,1,1,0,0,0,0,1,0,1,0,0,0,0,0,0,0,1,1,1,1,1,0,0,1,0,0,0,0,1,1,5155.7,0C,1,1,0,1,1,0,1,0,0,216.75,542.94,,,,,,,,,,,,,,,,,,,,,,,,,,,,,,,,,,,,,,,,,,,,,,,,,,,,,,,,,,
539,,,258,129,,14.10,63.75,2175,28.8,27.000,6.240,13.75,16.234,41.16,0.98,1.03,-0.76,0.96,0.991,1.02,-1.32,1.146,0.00,0.90,5.687,22.5,43.046,0.694,0.000,900,6.42,4.3,3.50,-2.49,44.3,1,1,0,1,1,1,0,0,0,0,1,0,1,0,0,0,0,0,0,0,1,1,1,1,1,0,0,1,0,0,0,0,1,1,5155.7,0C,1,1,0,1,1,0,1,0,0,247.94,598.50,,,,,,,,,,,,,,,,,,,,,,,,,,,,,,,,,,,,,,,,,,,,,,,,,,,,,,,,,,
540,,,258,519,,14.10,63.75,2218,30.0,25.500,6.214,13.55,16.725,43.55,0.98,1.06,-0.76,0.95,0.943,1.02,-1.32,1.147,0.00,0.90,5.687,22.5,45.464,0.694,0.000,900,6.41,4.3,3.49,-2.49,44.3,1,1,0,1,1,1,0,0,0,0,1,0,0,0,0,0,0,0,0,0,1,1,1,1,1,0,0,1,0,0,0,0,1,1,5155.7,0C,1,1,0,1,1,0,1,0,0,265.56,632.75,,,,,,,,,,,,,,,,,,,,,,,,,,,,,,,,,,,,,,,,,,,,,,,,,,,,,,,,,,
541,,,258,920,,14.10,64.50,2281,31.3,27.000,5.459,12.57,14.772,40.97,0.99,1.05,-0.76,0.94,0.906,1.02,-1.32,1.155,0.00,0.90,5.687,22.5,45.464,0.694,0.000,900,6.37,4.3,3.47,-2.47,44.3,1,1,0,1,1,1,0,0,0,0,1,0,0,0,0,0,0,0,0,0,1,1,1,1,1,0,0,1,0,0,0,0,1,1,5155.7,0C,1,1,0,1,1,0,1,0,0,232.94,568.25,,,,,,,,,,,,,,,,,,,,,,,,,,,,,,,,,,,,,,,,,,,,,,,,,,,,,,,,,,
542,,,261,620,,13.60,64.50,1223,17.5,24.750,2.746,3.39,0.000,13.27,0.97,0.24,-0.76,0.13,1.000,1.02,-1.32,1.056,0.00,0.90,1.099,22.5,8.995,0.694,0.000,900,6.79,4.3,3.85,-0.37,44.3,1,1,0,1,1,1,0,0,0,0,1,1,1,0,0,0,0,0,1,0,1,1,0,1,0,0,0,0,0,1,0,1,1,1,5155.7,0C,1,1,0,1,1,0,1,0,0,92.31,343.19,,,,,,,,,,,,,,,,,,,,,,,,,,,,,,,,,,,,,,,,,,,,,,,,,,,,,,,,,,
543,,,262,012,,13.50,64.50,1128,13.8,3.000,4.928,5.15,0.000,23.13,0.97,0.22,-0.76,0.16,1.000,1.02,-1.32,1.032,0.00,0.90,0.000,22.5,8.995,0.694,0.000,900,6.80,4.3,4.17,0.98,44.3,1,1,0,1,1,1,0,0,0,0,1,1,0,0,0,0,0,0,1,0,1,1,0,1,0,0,0,0,0,1,0,1,1,1,5155.7,0C,1,1,0,1,1,0,1,0,0,145.06,465.88,,,,,,,,,,,,,,,,,,,,,,,,,,,,,,,,,,,,,,,,,,,,,,,,,,,,,,,,,,
544,,,262,410,,14.00,64.50,1143,11.3,-1.500,3.558,4.98,0.000,23.58,0.96,0.96,-0.76,0.91,0.976,1.02,-1.32,1.034,0.00,0.90,0.000,22.5,9.041,0.694,0.000,900,6.80,4.3,4.17,0.72,44.3,1,1,0,1,1,1,0,0,0,0,1,1,0,0,0,0,0,0,1,0,1,1,1,1,0,0,0,0,0,1,0,1,1,1,5155.7,0C,1,1,0,1,1,0,1,0,0,142.19,460.50,,,,,,,,,,,,,,,,,,,,,,,,,,,,,,,,,,,,,,,,,,,,,,,,,,,,,,,,,,
545,,,262,809,,14.00,64.50,1084,10.0,-2.250,3.552,4.86,0.000,23.93,0.96,1.01,-0.76,0.89,0.957,1.02,-1.32,1.022,0.00,0.90,0.000,23.3,9.133,0.694,0.000,900,6.80,4.3,3.56,-0.32,44.3,1,1,0,1,1,1,0,0,0,0,1,1,0,0,0,0,0,0,1,0,1,1,1,1,1,0,0,0,0,0,0,1,1,1,5155.7,0C,1,1,0,1,1,0,1,0,0,148.88,473.06,,,,,,,,,,,,,,,,,,,,,,,,,,,,,,,,,,,,,,,,,,,,,,,,,,,,,,,,,,
546,,,263,210,,14.00,64.50,987,8.8,1.500,3.597,4.30,0.000,25.34,0.98,1.02,-0.76,0.87,0.937,1.02,-1.32,1.018,0.00,0.90,1.576,23.3,9.178,0.694,0.000,900,6.81,4.3,3.36,-0.06,44.3,1,1,0,1,1,1,0,0,0,0,1,1,0,0,0,0,0,0,1,0,1,1,1,1,1,0,0,0,0,0,0,1,1,1,5155.7,0C,1,1,0,1,1,0,1,0,0,154.13,487.75,,,,,,,,,,,,,,,,,,,,,,,,,,,,,,,,,,,,,,,,,,,,,,,,,,,,,,,,,,
547,,,263,599,,14.00,64.50,941,7.5,4.500,3.430,4.13,0.000,24.94,0.98,1.01,-0.76,0.87,0.918,1.02,-1.32,1.016,0.00,0.90,1.576,23.3,9.178,0.694,0.000,900,6.81,4.3,3.34,0.00,44.3,1,1,0,1,1,1,0,0,0,0,1,1,0,0,0,0,0,0,1,0,1,1,1,1,1,0,0,0,0,0,0,1,1,1,5155.7,0C,1,1,0,1,1,0,1,0,0,151.75,484.88,,,,,,,,,,,,,,,,,,,,,,,,,,,,,,,,,,,,,,,,,,,,,,,,,,,,,,,,,,
548,,,263,989,,14.00,64.50,934,6.3,0.750,3.309,4.13,0.000,24.84,0.99,0.98,-0.76,0.80,0.899,1.02,-1.32,1.016,0.00,0.90,1.361,23.3,9.178,0.694,0.000,900,6.81,4.3,3.34,1.54,44.3,1,1,0,1,1,1,0,0,0,0,1,1,0,0,0,0,0,0,1,0,1,1,1,1,1,0,0,0,0,0,0,1,1,1,5155.7,0C,1,1,0,1,1,0,1,0,0,151.38,483.19,,,,,,,,,,,,,,,,,,,,,,,,,,,,,,,,,,,,,,,,,,,,,,,,,,,,,,,,,,
549,,,264,395,,14.00,64.50,929,3.8,3.000,3.290,4.13,0.000,24.98,1.00,0.91,-0.76,0.63,0.881,1.02,-1.32,1.016,0.00,0.90,1.361,23.3,9.178,0.694,0.000,900,6.81,4.3,3.34,1.58,44.3,1,1,0,1,1,1,0,0,0,0,1,1,0,0,0,0,0,0,1,0,1,1,1,1,1,0,0,0,0,0,0,1,1,1,5155.7,0C,1,1,0,1,1,0,1,0,0,151.75,488.06,,,,,,,,,,,,,,,,,,,,,,,,,,,,,,,,,,,,,,,,,,,,,,,,,,,,,,,,,,
550,,,264,774,,14.00,64.50,904,2.5,7.500,3.302,4.00,0.000,24.89,1.00,0.27,-0.76,0.18,0.908,1.02,-1.32,1.016,0.00,0.90,1.361,24.0,9.522,0.694,0.000,900,6.81,4.3,3.36,0.00,44.3,1,1,0,1,1,1,0,0,0,0,1,1,0,0,0,0,0,0,1,0,1,1,1,1,1,0,0,0,0,0,0,1,1,1,5155.7,0C,1,1,0,1,1,0,1,0,0,153.63,491.31,,,,,,,,,,,,,,,,,,,,,,,,,,,,,,,,,,,,,,,,,,,,,,,,,,,,,,,,,,
551,,,265,191,,14.00,65.25,903,1.3,4.500,3.405,4.05,0.000,25.22,1.00,0.24,-0.76,0.19,0.927,1.02,-1.32,1.017,0.00,0.90,1.241,24.0,9.522,0.694,0.000,800,6.81,4.3,3.38,0.00,44.3,1,1,0,1,1,1,0,0,0,0,1,1,0,0,0,0,0,0,1,0,1,1,1,1,1,0,0,0,0,0,0,1,1,1,5155.7,0C,1,1,0,1,1,0,1,0,0,154.44,493.25,,,,,,,,,,,,,,,,,,,,,,,,,,,,,,,,,,,,,,,,,,,,,,,,,,,,,,,,,,
552,,,265,582,,14.00,65.25,892,0.0,2.250,3.795,4.37,0.000,27.00,1.00,0.27,-0.76,0.21,0.945,1.02,-1.32,1.024,0.00,0.90,1.241,24.0,9.522,0.694,0.000,900,6.82,4.3,3.41,0.00,44.3,1,1,0,1,1,1,0,0,0,0,1,1,1,0,0,0,0,0,1,0,1,1,1,1,1,0,0,0,0,0,0,1,1,1,5155.7,0C,1,1,0,1,1,0,1,0,0,165.31,521.69,,,,,,,,,,,,,,,,,,,,,,,,,,,,,,,,,,,,,,,,,,,,,,,,,,,,,,,,,,
553,,,265,962,,14.10,65.25,905,0.0,-1.500,3.674,4.25,0.000,26.74,1.00,0.81,-0.76,0.78,0.933,1.02,-1.32,1.023,0.00,0.90,1.537,24.0,9.522,0.694,63.750,0,0.38,1766.7,4.29,-49.63,112.5,0,1,0,0,0,1,0,1,1,1,1,1,0,1,1,0,0,1,0,0,0,0,0,0,0,0,0,1,0,1,0,0,0,0,1669.3,05,0,1,0,1,0,1,1,1,1,1,1,,,,,,,,,,,,,,,,,,,,,,,,,,,,,,,,,,,,,,,,,,,,,,,,,,,,,,,,,,
554,,,266,351,,14.10,65.25,895,0.0,6.750,3.520,4.25,0.000,26.48,1.00,0.93,-0.76,0.83,0.913,1.02,-1.32,1.022,0.00,0.90,1.537,24.0,9.865,0.694,0.000,900,6.82,4.3,3.39,0.00,44.3,1,1,0,1,1,1,0,0,0,0,1,0,1,0,0,0,0,0,1,0,1,1,1,1,1,0,0,0,0,0,0,0,1,1,5155.7,0C,1,1,0,1,1,0,1,0,0,162.81,513.75,,,,,,,,,,,,,,,,,,,,,,,,,,,,,,,,,,,,,,,,,,,,,,,,,,,,,,,,,,
555,,,266,732,,14.10,65.25,917,0.0,-6.750,7.501,10.74,8.281,45.91,1.00,0.30,-0.76,0.18,0.929,1.02,-1.32,1.051,0.00,0.90,1.537,24.0,11.940,0.694,0.000,1300,6.82,4.3,3.39,2.38,44.3,1,1,0,1,1,1,0,0,0,0,1,0,1,0,0,0,0,0,0,0,1,1,1,1,1,0,0,1,0,0,0,0,1,1,5155.7,0C,1,1,0,1,1,0,1,1,1,1,1,,,,,,,,,,,,,,,,,,,,,,,,,,,,,,,,,,,,,,,,,,,,,,,,,,,,,,,,,,
556,,,267,165,,14.10,65.25,1159,1.3,-4.500,7.680,13.38,1.944,54.16,1.00,0.98,-0.76,0.91,0.893,1.02,-1.32,1.080,0.00,0.90,3.522,24.0,18.158,0.694,0.000,1400,6.82,4.3,3.39,2.63,44.3,1,1,0,1,1,1,0,0,0,0,1,0,1,0,0,0,0,0,0,0,1,1,1,1,1,0,0,1,0,0,0,0,1,1,5155.7,0C,1,1,0,1,1,0,1,0,0,336.06,880.63,,,,,,,,,,,,,,,,,,,,,,,,,,,,,,,,,,,,,,,,,,,,,,,,,,,,,,,,,,
557,,,267,551,,14.10,65.25,1359,2.5,3.000,3.021,4.25,0.000,27.59,1.00,0.95,-0.76,0.63,0.863,1.02,-1.32,1.055,0.00,0.90,3.522,24.0,11.246,0.694,0.000,1000,6.82,4.3,3.76,-1.40,44.3,1,1,0,1,1,1,0,0,0,0,1,0,1,0,0,0,0,0,1,0,1,1,1,1,1,0,0,0,0,0,0,0,1,1,5155.7,0C,1,1,0,1,1,0,1,0,0,162.38,473.31,,,,,,,,,,,,,,,,,,,,,,,,,,,,,,,,,,,,,,,,,,,,,,,,,,,,,,,,,,
558,,,267,937,,14.00,65.25,1247,2.5,-6.750,2.291,4.17,0.000,20.18,1.00,0.20,-0.76,0.13,0.892,1.02,-1.32,1.048,0.00,0.90,0.194,-42.0,73.048,0.672,-3.750,2540,-85.56,1766.7,4.29,-49.63,112.5,0,1,0,0,0,1,0,1,1,1,1,1,0,1,1,0,0,1,0,0,0,0,0,0,0,0,1,1,1,0,0,0,0,0,6958.8,E8,0,1,0,1,0,1,1,1,1,1,1,,,,,,,,,,,,,,,,,,,,,,,,,,,,,,,,,,,,,,,,,,,,,,,,,,,,,,,,,,
559,,,268,329,,13.80,65.25,1081,2.5,21.000,2.694,4.37,0.000,21.09,1.00,0.20,-0.76,0.13,0.909,1.02,-1.32,1.042,0.00,0.90,1.174,24.0,11.246,0.694,0.000,900,6.82,4.3,4.01,-0.25,44.3,1,1,0,1,1,1,0,0,0,0,1,0,1,0,0,0,0,0,1,0,1,1,1,1,1,0,0,0,0,0,0,0,1,1,5155.7,0C,1,1,0,1,1,0,1,0,0,131.50,437.19,,,,,,,,,,,,,,,,,,,,,,,,,,,,,,,,,,,,,,,,,,,,,,,,,,,,,,,,,,
560,,,268,725,,14.00,65.25,1011,2.5,7.500,3.104,4.49,0.000,23.51,1.00,0.21,-0.76,0.15,0.927,1.02,-1.32,1.023,0.00,0.90,1.174,24.0,11.246,0.694,0.000,900,6.82,4.3,4.08,-0.12,44.3,1,1,0,1,1,1,0,0,0,0,1,0,1,0,0,0,0,0,1,0,1,1,1,1,1,0,0,0,0,0,0,0,1,1,5155.7,0C,1,1,0,1,1,0,1,0,0,144.13,465.06,,,,,,,,,,,,,,,,,,,,,,,,,,,,,,,,,,,,,,,,,,,,,,,,,,,,,,,,,,
561,,,269,120,,14.00,65.25,1024,2.5,3.000,6.170,10.33,12.015,47.60,1.00,0.22,-0.76,0.16,0.948,1.02,-1.32,1.048,0.00,0.90,1.408,24.0,11.940,0.694,0.000,1200,6.82,4.3,4.11,0.26,44.3,1,1,0,1,1,1,0,0,0,0,1,0,1,0,0,0,0,0,0,0,1,1,1,1,1,0,0,1,0,0,0,0,1,1,5155.7,0C,1,1,0,1,1,0,1,0,0,272.00,766.88,,,,,,,,,,,,,,,,,,,,,,,,,,,,,,,,,,,,,,,,,,,,,,,,,,,,,,,,,,
562,,,269,529,,14.10,65.25,1662,2.5,2.250,6.515,14.23,11.281,47.48,1.00,0.97,-0.76,0.90,0.903,1.02,-1.32,1.116,0.00,0.90,1.408,24.0,16.091,0.694,0.000,1500,6.71,4.3,4.05,-1.18,44.3,1,1,0,1,1,1,0,0,0,0,1,0,1,0,0,0,0,0,0,0,1,1,1,1,1,0,0,1,0,0,0,0,1,1,5155.7,0C,1,1,0,1,1,0,1,0,0,300.69,778.75,,,,,,,,,,,,,,,,,,,,,,,,,,,,,,,,,,,,,,,,,,,,,,,,,,,,,,,,,,
563,,,269,928,,14.10,-47.25,11783,140.0,3.750,221.190,1096.88,17.304,194.81,1.45,0.09,-1.41,0.59,0.007,0.09,-5.29,0.266,0.01,0.45,0.323,-42.0,56.641,0.672,31.500,2540,80.84,1766.7,4.28,-48.07,112.5,0,1,0,0,0,1,0,1,1,1,1,1,0,1,1,0,0,1,0,0,0,0,0,0,0,0,0,0,1,1,0,0,0,0,7558.0,6E,0,1,0,1,0,1,1,1,1,1,1,,,,,,,,,,,,,,,,,,,,,,,,,,,,,,,,,,,,,,,,,,,,,,,,,,,,,,,,,,
564,,,270,329,,13.90,66.00,1625,7.5,4.500,6.387,11.91,10.961,42.73,1.00,0.85,-0.76,0.82,0.951,1.02,-1.32,1.094,0.00,0.90,3.741,24.0,14.702,0.694,0.000,1500,6.81,4.3,4.11,-0.54,44.3,1,1,0,1,1,1,0,0,0,0,1,0,1,0,0,0,0,0,0,0,1,1,1,1,1,0,0,1,0,0,0,0,1,1,5155.7,0C,1,1,0,1,1,0,1,0,0,260.94,686.13,,,,,,,,,,,,,,,,,,,,,,,,,,,,,,,,,,,,,,,,,,,,,,,,,,,,,,,,,,
565,,,270,729,,13.50,66.00,1530,10.0,5.250,6.342,11.60,10.555,44.04,1.00,0.97,-0.76,0.88,0.916,1.02,-1.32,1.095,0.00,0.90,3.741,23.3,15.740,0.694,0.000,1500,6.81,4.3,4.11,0.00,44.3,1,1,0,1,1,1,0,0,0,0,1,0,1,0,0,0,0,0,0,0,1,1,1,1,1,0,0,1,0,0,0,0,1,1,5155.7,0C,1,1,0,1,1,0,1,0,0,268.13,704.13,,,,,,,,,,,,,,,,,,,,,,,,,,,,,,,,,,,,,,,,,,,,,,,,,,,,,,,,,,
566,,,271,121,,14.00,66.00,1644,11.3,9.000,4.851,10.57,11.038,37.80,1.00,0.91,-0.76,0.77,0.879,1.02,-1.32,1.098,0.00,0.90,4.076,23.3,15.396,0.694,0.000,1500,6.76,4.3,4.07,-0.88,44.3,1,1,0,1,1,1,0,0,0,0,1,0,1,0,0,0,0,0,0,0,1,1,1,1,1,0,0,1,0,0,0,0,1,1,5155.7,0C,1,1,0,1,1,0,1,0,0,232.56,642.56,,,,,,,,,,,,,,,,,,,,,,,,,,,,,,,,,,,,,,,,,,,,,,,,,,,,,,,,,,
567,,,273,583,,14.10,66.00,3147,22.5,24.750,7.469,20.19,8.850,49.03,1.00,0.25,-0.76,0.19,0.970,1.02,-1.32,1.142,0.00,0.90,6.080,22.5,20.928,0.694,0.000,1500,6.13,4.3,3.70,-2.38,44.3,1,1,0,1,1,1,0,0,0,0,1,0,0,0,0,0,0,0,0,0,1,1,1,1,1,0,0,1,0,0,0,0,1,1,5155.7,0C,1,1,0,1,1,0,1,0,0,308.31,709.00,,,,,,,,,,,,,,,,,,,,,,,,,,,,,,,,,,,,,,,,,,,,,,,,,,,,,,,,,,
568,,,274,003,,14.10,66.00,3115,25.0,14.250,1.651,7.91,0.000,14.32,1.00,0.96,-0.76,0.88,0.916,1.02,-1.32,1.166,0.00,0.90,2.739,21.8,18.509,0.694,-51.750,2500,44.91,1766.7,4.29,-43.38,112.5,0,1,0,0,0,1,0,1,1,1,1,1,0,1,1,0,0,1,0,0,0,0,0,0,0,0,0,0,1,0,0,0,0,0,9986.7,B1,0,1,0,1,0,1,1,1,1,1,1,,,,,,,,,,,,,,,,,,,,,,,,,,,,,,,,,,,,,,,,,,,,,,,,,,,,,,,,,,
569,,,274,414,,14.10,66.00,2733,23.8,39.000,1.741,6.98,0.000,11.95,1.00,0.24,-0.76,0.13,0.954,1.02,-1.32,1.163,0.00,0.90,2.739,21.8,19.890,0.694,0.000,900,6.12,4.3,3.69,-4.46,44.3,1,1,0,1,1,1,0,0,0,0,1,0,1,0,0,0,0,0,1,0,1,1,1,1,1,0,0,0,0,1,0,0,1,1,5155.7,0C,1,1,0,1,1,0,1,0,0,77.19,259.69,,,,,,,,,,,,,,,,,,,,,,,,,,,,,,,,,,,,,,,,,,,,,,,,,,,,,,,,,,
570,,,274,792,,14.10,-46.50,13130,37.5,4.500,321.146,103.13,68.867,986.88,1.45,0.09,-1.50,0.85,0.007,0.06,-0.58,0.439,0.01,0.45,0.194,-42.8,87.892,0.672,-48.000,2520,-11.34,1766.7,4.28,-48.07,112.5,0,1,0,0,0,1,0,1,1,1,1,1,0,1,1,0,0,1,0,0,0,0,0,0,0,0,1,1,1,1,0,0,0,0,9350.8,40,0,1,0,1,0,1,1,1,1,1,1,,,,,,,,,,,,,,,,,,,,,,,,,,,,,,,,,,,,,,,,,,,,,,,,,,,,,,,,,,
571,,,275,179,,14.10,66.75,2376,26.3,24.000,8.109,17.58,18.999,50.91,1.00,0.95,-0.76,0.90,0.945,1.02,-1.32,1.147,0.00,0.90,7.362,21.8,25.422,0.694,0.000,900,6.31,4.3,3.81,-2.45,44.3,1,1,0,1,1,1,0,0,0,0,1,0,1,0,0,0,0,0,0,0,1,1,1,1,1,0,0,1,0,0,0,0,1,1,5155.7,0C,1,1,0,1,1,0,1,0,0,322.63,743.94,,,,,,,,,,,,,,,,,,,,,,,,,,,,,,,,,,,,,,,,,,,,,,,,,,,,,,,,,,
572,,,275,560,,14.10,66.75,2095,27.5,23.250,6.669,14.70,18.999,47.84,1.00,1.03,-0.76,0.94,0.894,1.02,-1.32,1.133,0.00,0.90,7.362,21.8,24.727,0.694,0.000,900,6.48,4.3,3.91,-2.52,44.3,1,1,0,1,1,1,0,0,0,0,1,0,1,0,0,0,0,0,0,0,1,1,1,1,1,0,0,1,0,0,0,0,1,1,5155.7,0C,1,1,0,1,1,0,1,0,0,293.56,693.50,,,,,,,,,,,,,,,,,,,,,,,,,,,,,,,,,,,,,,,,,,,,,,,,,,,,,,,,,,
573,,,275,951,,14.10,66.75,2206,30.0,24.750,6.432,15.67,20.539,47.20,1.00,1.04,-0.76,0.92,0.846,1.02,-1.32,1.149,0.00,0.90,5.960,21.8,24.727,0.694,0.000,900,6.39,4.3,3.85,-2.48,44.3,1,1,0,1,1,1,0,0,0,0,1,0,1,0,0,0,0,0,0,0,1,1,1,1,1,0,0,1,0,0,0,0,1,1,5155.7,0C,1,1,0,1,1,0,1,0,0,292.69,689.75,,,,,,,,,,,,,,,,,,,,,,,,,,,,,,,,,,,,,,,,,,,,,,,,,,,,,,,,,,
574,,,276,359,,14.10,66.75,2311,31.3,24.750,6.349,16.28,20.624,48.61,1.00,1.03,-0.76,0.89,0.794,1.02,-1.32,1.155,0.00,0.90,5.960,21.8,26.108,0.694,0.000,900,6.33,4.3,3.81,-2.46,44.3,1,1,0,1,1,1,0,0,0,0,1,0,0,0,0,0,0,0,0,0,1,1,1,1,1,0,0,1,0,0,0,0,1,1,5155.7,0C,1,1,0,1,1,0,1,0,0,296.69,707.25,,,,,,,,,,,,,,,,,,,,,,,,,,,,,,,,,,,,,,,,,,,,,,,,,,,,,,,,,,
575,,,278,825,,14.10,66.75,2647,36.3,36.000,2.630,9.11,0.000,17.91,1.00,0.25,-0.76,0.15,1.017,1.02,-1.32,1.161,0.00,0.90,3.522,21.0,28.183,0.694,0.000,900,6.13,4.3,3.70,-4.44,44.3,1,1,0,1,1,1,0,0,0,0,1,0,0,0,0,0,0,0,1,0,1,1,1,1,1,0,0,0,0,1,0,0,1,1,5155.7,0C,1,1,0,1,1,0,1,0,0,106.19,333.75,,,,,,,,,,,,,,,,,,,,,,,,,,,,,,,,,,,,,,,,,,,,,,,,,,,,,,,,,,
576,,,279,229,,14.10,66.75,2564,35.0,15.000,2.266,7.35,0.000,15.02,1.00,0.25,-0.76,0.15,1.059,1.02,-1.32,1.153,0.00,0.90,2.559,21.0,30.259,0.694,0.000,900,6.19,4.3,3.73,-4.41,44.3,1,1,0,1,1,1,0,0,0,0,1,0,0,0,0,0,0,0,1,0,1,1,1,1,1,0,0,0,0,1,0,0,1,1,5155.7,0C,1,1,0,1,1,0,1,0,0,92.19,293.63,,,,,,,,,,,,,,,,,,,,,,,,,,,,,,,,,,,,,,,,,,,,,,,,,,,,,,,,,,
577,,,279,644,,14.10,66.75,2605,35.0,38.250,2.138,6.86,0.000,13.59,1.00,0.26,-0.76,0.16,1.082,1.02,-1.32,1.155,0.00,0.90,2.559,21.0,31.983,0.694,0.000,900,6.16,4.3,3.72,-4.43,44.3,1,1,0,1,1,1,0,0,0,0,1,0,0,0,0,0,0,0,1,0,1,1,1,1,1,0,0,0,0,1,0,0,1,1,5155.7,0C,1,1,0,1,1,0,1,0,0,81.38,262.00,,,,,,,,,,,,,,,,,,,,,,,,,,,,,,,,,,,,,,,,,,,,,,,,,,,,,,,,,,
578,,,280,039,,14.10,66.75,2548,35.0,39.000,1.754,5.22,0.000,10.80,1.00,0.29,-0.76,0.59,1.119,1.02,-1.32,1.152,0.00,0.90,1.918,21.0,31.640,0.694,0.000,900,6.19,4.3,3.73,-4.42,44.3,1,1,0,1,1,1,0,0,0,0,1,0,0,0,0,0,0,0,1,0,1,1,1,1,1,0,0,0,0,1,0,0,1,1,5155.7,0C,1,1,0,1,1,0,1,0,0,65.63,223.75,,,,,,,,,,,,,,,,,,,,,,,,,,,,,,,,,,,,,,,,,,,,,,,,,,,,,,,,,,
579,,,280,448,,14.10,67.50,2465,33.8,5.250,1.920,5.27,0.000,11.81,1.00,0.26,-0.76,0.16,1.116,1.02,-1.32,1.141,0.00,0.90,1.918,21.0,30.602,0.694,0.000,900,6.24,4.3,3.77,-4.39,44.3,1,1,0,1,1,1,0,0,0,0,1,0,0,0,0,0,0,0,1,0,1,1,1,1,1,0,0,0,0,1,0,0,1,1,5155.7,0C,1,1,0,1,1,0,1,0,0,71.94,227.38,,,,,,,,,,,,,,,,,,,,,,,,,,,,,,,,,,,,,,,,,,,,,,,,,,,,,,,,,,
580,,,280,849,,14.10,67.50,2391,32.5,-5.250,2.150,5.22,0.000,12.77,1.00,0.27,-0.76,0.21,1.142,1.02,-1.32,1.133,0.00,0.90,1.918,21.0,29.564,0.694,0.000,900,6.30,4.3,3.80,-4.39,44.3,1,1,0,1,1,1,0,0,0,0,1,0,0,0,0,0,0,0,1,0,1,1,1,1,1,0,0,0,0,1,0,0,1,1,5155.7,0C,1,1,0,1,1,0,1,0,0,78.25,235.25,,,,,,,,,,,,,,,,,,,,,,,,,,,,,,,,,,,,,,,,,,,,,,,,,,,,,,,,,,
581,,,281,259,,14.10,67.50,2319,31.3,-14.250,0.000,5.10,0.000,13.29,1.00,0.25,-0.76,0.15,1.000,1.02,-1.32,1.128,0.00,0.90,2.053,21.8,0.000,0.694,0.000,900,6.33,4.3,3.82,-4.37,44.3,1,1,0,1,1,1,0,0,0,0,1,0,0,0,0,0,0,0,1,0,0,1,0,1,0,0,1,0,0,1,0,0,1,1,5155.7,0C,1,1,0,1,1,0,1,0,0,81.31,240.44,,,,,,,,,,,,,,,,,,,,,,,,,,,,,,,,,,,,,,,,,,,,,,,,,,,,,,,,,,
582,,,281,708,,14.10,67.50,2234,30.0,-14.250,0.000,4.86,0.000,13.36,1.00,0.21,-0.76,0.11,1.000,1.02,-1.32,1.123,0.00,0.90,2.053,21.8,0.000,0.694,0.000,900,6.39,4.3,3.85,-4.36,44.3,1,1,0,1,1,1,0,0,0,0,1,0,0,0,0,0,0,0,1,0,0,1,0,1,0,0,1,0,0,1,0,0,1,1,5155.7,0C,1,1,0,1,1,0,1,0,0,81.94,239.19,,,,,,,,,,,,,,,,,,,,,,,,,,,,,,,,,,,,,,,,,,,,,,,,,,,,,,,,,,
583,,,282,099,,14.10,67.50,2155,28.8,-14.250,0.000,4.54,0.000,13.34,1.00,0.21,-0.76,0.11,1.000,1.02,-1.32,1.120,0.00,0.90,0.000,21.8,0.000,0.694,0.000,900,6.44,4.3,3.88,-4.33,44.3,1,1,0,1,1,1,0,0,0,0,1,0,0,0,0,0,0,0,1,0,0,1,0,1,0,0,1,0,0,1,0,0,1,1,5155.7,0C,1,1,0,1,1,0,1,0,0,79.75,234.19,,,,,,,,,,,,,,,,,,,,,,,,,,,,,,,,,,,,,,,,,,,,,,,,,,,,,,,,,,
584,,,282,491,,14.10,67.50,2071,27.5,-14.250,0.000,1190.63,17.304,122.98,1.45,0.09,-1.43,0.30,0.007,0.00,0.04,0.000,0.01,0.45,0.194,-42.0,30.860,0.672,2.250,2500,-86.34,1766.7,0.91,-42.60,112.5,0,1,0,0,0,1,0,1,1,1,1,1,0,1,1,0,0,1,0,0,0,0,0,0,0,0,0,0,1,0,0,0,0,0,8493.0,52,0,1,0,1,0,1,1,1,1,1,1,,,,,,,,,,,,,,,,,,,,,,,,,,,,,,,,,,,,,,,,,,,,,,,,,,,,,,,,,,
585,,,282,882,,14.10,67.50,1995,27.5,-13.500,0.000,4.05,0.000,12.16,1.00,0.21,-0.76,0.10,1.000,1.02,-1.32,1.119,0.00,0.90,0.000,22.5,0.000,0.694,0.000,900,6.54,4.3,3.95,-4.05,44.3,1,1,0,1,1,1,0,0,0,0,1,0,0,0,0,0,0,0,1,0,0,1,0,1,0,0,1,0,0,1,0,0,1,1,5155.7,0C,1,1,0,1,1,0,1,0,0,72.69,227.06,,,,,,,,,,,,,,,,,,,,,,,,,,,,,,,,,,,,,,,,,,,,,,,,,,,,,,,,,,
586,,,283,269,,14.10,67.50,1916,26.3,-12.750,0.000,4.13,0.000,11.44,1.00,0.21,-0.76,0.10,1.000,1.02,-1.32,1.117,0.00,0.90,0.000,22.5,0.000,0.694,0.000,900,6.59,4.3,3.98,-3.85,44.3,1,1,0,1,1,1,0,0,0,0,1,0,0,0,0,0,0,0,1,0,0,1,0,1,0,0,1,0,0,1,0,0,1,1,5155.7,0C,1,1,0,1,1,0,1,0,0,69.63,233.25,,,,,,,,,,,,,,,,,,,,,,,,,,,,,,,,,,,,,,,,,,,,,,,,,,,,,,,,,,
587,,,283,670,,14.10,67.50,1843,25.0,-12.750,0.000,4.05,0.000,10.99,1.00,0.21,-0.76,0.10,1.000,1.02,-1.32,1.116,0.00,0.90,0.000,22.5,0.000,0.694,0.000,900,6.65,4.3,4.01,-3.66,44.3,1,1,0,1,1,1,0,0,0,0,1,0,0,0,0,0,0,0,1,0,0,1,0,1,0,0,1,0,0,1,0,0,1,1,5155.7,0C,1,1,0,1,1,0,1,0,0,66.31,244.38,,,,,,,,,,,,,,,,,,,,,,,,,,,,,,,,,,,,,,,,,,,,,,,,,,,,,,,,,,
588,,,284,053,,14.10,67.50,1762,23.8,-11.250,2.342,4.05,6.085,11.81,0.97,0.22,-0.76,0.10,1.000,1.02,-1.32,1.115,0.00,0.90,0.000,22.5,8.995,0.694,0.000,900,6.70,4.3,4.04,-2.60,44.3,1,1,0,1,1,1,0,0,0,0,1,0,0,0,0,0,0,0,0,0,1,1,0,1,0,0,0,0,0,1,0,0,1,1,5155.7,0C,1,1,0,1,1,0,1,0,0,70.63,254.00,,,,,,,,,,,,,,,,,,,,,,,,,,,,,,,,,,,,,,,,,,,,,,,,,,,,,,,,,,
589,,,286,500,,14.10,68.25,1636,22.5,32.250,2.605,5.22,1.781,18.87,1.00,0.36,-0.76,0.17,0.922,1.02,-1.32,1.090,0.00,0.90,2.152,23.3,11.940,0.694,0.000,900,6.79,4.3,4.10,-2.64,44.3,1,1,0,1,1,1,0,0,0,0,1,0,0,0,0,0,0,0,0,0,1,1,1,1,1,0,0,0,0,1,0,0,1,1,5155.7,0C,1,1,0,1,1,0,1,0,0,109.69,343.06,,,,,,,,,,,,,,,,,,,,,,,,,,,,,,,,,,,,,,,,,,,,,,,,,,,,,,,,,,
590,,,286,899,,14.10,68.25,1605,22.5,30.750,2.522,4.98,1.781,17.74,1.00,0.26,-0.76,0.18,0.943,1.02,-1.32,1.084,0.00,0.90,2.152,23.3,12.634,0.694,0.000,900,6.81,4.3,4.10,-2.64,44.3,1,1,0,1,1,1,0,0,0,0,1,0,0,0,0,0,0,0,0,0,1,1,1,1,1,0,0,0,0,1,0,0,1,1,5155.7,0C,1,1,0,1,1,0,1,0,0,107.63,334.50,,,,,,,,,,,,,,,,,,,,,,,,,,,,,,,,,,,,,,,,,,,,,,,,,,,,,,,,,,
591,,,287,292,,14.10,-48.00,12545,31.3,1.500,311.296,1221.88,22.382,248.88,1.45,0.09,-1.38,0.84,0.007,0.05,5.26,0.273,0.01,0.45,0.194,-42.0,69.532,0.672,46.500,2520,-74.62,1766.7,1.16,-43.38,112.5,0,1,0,0,0,1,0,1,1,1,1,1,0,1,1,0,0,1,0,0,0,0,0,0,0,0,0,1,1,0,0,0,0,0,4014.0,20,0,1,0,1,0,1,1,1,1,1,1,,,,,,,,,,,,,,,,,,,,,,,,,,,,,,,,,,,,,,,,,,,,,,,,,,,,,,,,,,
592,,,287,664,,14.10,-48.00,10816,0.0,1.500,198.246,1096.88,23.163,284.93,1.45,0.09,-1.40,0.13,0.007,0.05,5.26,0.294,0.01,0.45,0.194,-42.0,69.923,0.672,47.250,2520,25.38,1766.7,1.16,-43.38,112.5,0,1,0,0,0,1,0,1,1,1,1,1,0,1,1,0,0,1,1,1,1,1,1,1,1,1,1,1,1,1,1,1,1,1,1,,,,,,,,,,,,,,,,,,,,,,,,,,,,,,,,,,,,,,,,,,,,,,,,,,,,,,,,,,,,,,,,,,,,,,
593,,,288,050,,14.10,68.25,1521,20.0,7.500,2.054,3.88,0.000,14.44,1.00,0.82,-0.76,0.72,0.971,1.02,-1.32,1.097,0.00,0.90,1.294,23.3,16.434,0.694,0.000,900,6.81,4.3,4.10,-2.72,44.3,1,1,0,1,1,1,0,0,0,0,1,0,0,0,0,0,0,0,1,0,1,1,1,1,1,0,0,0,0,1,0,0,1,1,5155.7,0C,1,1,0,1,1,0,1,0,0,87.38,289.81,,,,,,,,,,,,,,,,,,,,,,,,,,,,,,,,,,,,,,,,,,,,,,,,,,,,,,,,,,
594,,,288,461,,14.10,68.25,1483,20.0,6.000,2.074,3.81,0.000,14.46,1.00,0.24,-0.76,0.17,0.984,1.02,-1.32,1.094,0.00,0.90,1.294,23.3,18.158,0.694,0.000,900,6.81,4.3,4.10,-2.55,44.3,1,1,0,1,1,1,0,0,0,0,1,0,0,0,0,0,0,0,1,0,1,1,1,1,1,0,0,0,0,1,0,0,1,1,5155.7,0C,1,1,0,1,1,0,1,0,0,88.44,291.06,,,,,,,,,,,,,,,,,,,,,,,,,,,,,,,,,,,,,,,,,,,,,,,,,,,,,,,,,,
595,,,288,875,,14.10,68.25,1440,18.8,19.500,2.490,4.98,14.124,16.95,1.00,0.22,-0.76,0.15,1.000,1.02,-1.32,1.079,0.00,0.90,1.294,23.3,20.577,0.694,0.000,900,6.81,4.3,4.10,-2.35,44.3,1,1,0,1,1,1,0,0,0,0,1,0,0,0,0,0,0,0,0,0,1,1,1,1,1,0,0,0,0,1,0,0,1,1,5155.7,0C,1,1,0,1,1,0,1,0,0,101.13,320.06,,,,,,,,,,,,,,,,,,,,,,,,,,,,,,,,,,,,,,,,,,,,,,,,,,,,,,,,,,
596,,,289,281,,14.00,68.25,1400,18.8,11.250,4.845,8.62,15.265,29.34,1.00,0.26,-0.76,0.20,1.021,1.02,-1.32,1.066,0.00,0.90,1.585,23.3,22.309,0.694,0.000,900,6.81,4.3,4.11,-2.07,44.3,1,1,0,1,1,1,0,0,0,0,1,0,0,0,0,0,0,0,0,0,1,1,1,1,1,0,0,0,0,1,0,0,1,1,5155.7,0C,1,1,0,1,1,0,1,0,0,188.69,523.50,,,,,,,,,,,,,,,,,,,,,,,,,,,,,,,,,,,,,,,,,,,,,,,,,,,,,,,,,,
597,,,289,671,,14.10,68.25,1451,18.8,18.000,6.778,11.60,15.508,43.45,1.00,1.00,-0.76,0.91,0.982,1.02,-1.32,1.090,0.00,0.90,1.585,23.3,26.459,0.694,0.000,900,6.81,4.3,4.11,-2.48,44.3,1,1,0,1,1,1,0,0,0,0,1,0,0,0,0,0,0,0,0,0,1,1,1,1,1,0,0,1,0,0,0,0,1,1,5155.7,0C,1,1,0,1,1,0,1,0,0,266.50,700.88,,,,,,,,,,,,,,,,,,,,,,,,,,,,,,,,,,,,,,,,,,,,,,,,,,,,,,,,,,
598,,,290,069,,14.00,68.25,1518,20.0,23.250,5.696,9.67,14.046,40.57,1.00,1.01,-0.76,0.90,0.947,1.02,-1.32,1.084,0.00,0.90,4.051,23.3,26.459,0.694,0.000,900,6.81,4.3,4.11,-2.65,44.3,1,1,0,1,1,1,0,0,0,0,1,0,0,0,0,0,0,0,0,0,1,1,1,1,1,0,0,1,0,0,0,0,1,1,5155.7,0C,1,1,0,1,1,0,1,0,0,238.88,638.69,,,,,,,,,,,,,,,,,,,,,,,,,,,,,,,,,,,,,,,,,,,,,,,,,,,,,,,,,,
599,,,290,469,,14.10,68.25,1590,21.3,27.000,4.595,8.94,12.992,34.88,1.00,0.95,-0.76,0.80,0.913,1.02,-1.32,1.088,0.00,0.90,4.051,23.3,26.108,0.694,0.000,900,6.81,4.3,4.11,-2.64,44.3,1,1,0,1,1,1,0,0,0,0,1,0,0,0,0,0,0,0,0,0,1,1,1,1,1,0,0,1,0,0,0,0,1,1,5155.7,0C,1,1,0,1,1,0,1,0,0,212.06,580.19,,,,,,,,,,,,,,,,,,,,,,,,,,,,,,,,,,,,,,,,,,,,,,,,,,,,,,,,,,
600,,,290,869,,14.10,68.25,1655,22.5,27.750,4.333,9.18,12.992,33.26,1.00,0.29,-0.76,0.18,0.922,1.02,-1.32,1.097,0.00,0.90,4.051,23.3,27.146,0.694,0.000,900,6.76,4.3,4.08,-2.62,44.3,1,1,0,1,1,1,0,0,0,0,1,0,0,0,0,0,0,0,0,0,1,1,1,1,1,0,0,1,0,0,0,0,1,1,5155.7,0C,1,1,0,1,1,0,1,0,0,202.50,566.63,,,,,,,,,,,,,,,,,,,,,,,,,,,,,,,,,,,,,,,,,,,,,,,,,,,,,,,,,,
601,,,291,269,,14.10,68.25,1699,22.5,27.750,4.621,9.84,12.992,33.59,1.00,0.25,-0.76,0.18,0.958,1.02,-1.32,1.098,0.00,0.90,3.313,23.3,28.527,0.694,0.000,900,6.74,4.3,4.06,-2.62,44.3,1,1,0,1,1,1,0,0,0,0,1,0,0,0,0,0,0,0,0,0,1,1,1,1,1,0,0,1,0,0,0,0,1,1,5155.7,0C,1,1,0,1,1,0,1,0,0,204.13,575.63,,,,,,,,,,,,,,,,,,,,,,,,,,,,,,,,,,,,,,,,,,,,,,,,,,,,,,,,,,
602,,,291,659,,14.10,68.25,1762,23.8,29.250,4.352,9.42,11.202,31.38,1.00,0.25,-0.76,0.18,0.992,1.02,-1.32,1.105,0.00,0.90,3.313,23.3,29.564,0.694,0.000,900,6.69,4.3,4.04,-2.60,44.3,1,1,0,1,1,1,0,0,0,0,1,0,0,0,0,0,0,0,0,0,1,1,1,1,1,0,0,1,0,0,0,0,1,1,5155.7,0C,1,1,0,1,1,0,1,0,0,188.31,540.31,,,,,,,,,,,,,,,,,,,,,,,,,,,,,,,,,,,,,,,,,,,,,,,,,,,,,,,,,,
603,,,292,059,,14.10,68.25,1821,25.0,30.000,4.480,10.03,11.038,30.73,1.00,0.24,-0.76,0.17,1.026,1.02,-1.32,1.112,0.00,0.90,3.298,22.5,30.945,0.694,0.000,900,6.65,4.3,4.01,-2.58,44.3,1,1,0,1,1,1,0,0,0,0,1,0,0,0,0,0,0,0,0,0,1,1,1,1,1,0,0,1,0,0,0,0,1,1,5155.7,0C,1,1,0,1,1,0,1,0,0,188.25,526.56,,,,,,,,,,,,,,,,,,,,,,,,,,,,,,,,,,,,,,,,,,,,,,,,,,,,,,,,,,
604,,,292,459,,14.10,68.25,1884,25.0,30.750,4.205,9.30,9.093,28.50,1.45,0.09,-1.42,1.16,0.007,0.08,-0.17,0.647,0.01,0.45,0.194,-42.0,45.704,0.672,19.500,2520,-56.66,1766.7,1.16,-49.63,112.5,0,1,0,0,0,1,0,1,1,1,1,1,0,1,1,0,0,1,0,0,0,0,0,0,0,0,0,1,0,1,0,0,0,0,9861.0,2A,0,1,0,1,0,1,1,1,1,1,1,,,,,,,,,,,,,,,,,,,,,,,,,,,,,,,,,,,,,,,,,,,,,,,,,,,,,,,,,,
605,,,292,891,,14.10,68.25,1929,26.3,30.750,3.942,8.94,7.788,27.96,1.45,0.09,-1.43,0.40,0.007,0.08,-0.17,0.681,0.01,0.45,0.194,-42.0,42.579,0.672,15.750,2520,-53.53,1766.7,1.16,-49.63,112.5,0,1,0,0,0,1,0,1,1,1,1,1,0,1,1,0,0,1,0,0,0,0,0,0,0,0,0,1,0,1,0,0,0,0,6831.3,DE,0,1,0,1,0,1,1,1,1,1,1,,,,,,,,,,,,,,,,,,,,,,,,,,,,,,,,,,,,,,,,,,,,,,,,,,,,,,,,,,
606,,,293,381,,14.10,68.25,1943,26.3,17.250,2.963,6.98,1.460,22.80,1.00,0.90,-0.76,0.75,0.986,1.02,-1.32,1.120,0.00,0.90,3.287,22.5,36.133,0.694,0.000,900,6.57,4.3,3.96,-2.55,44.3,1,1,0,1,1,1,0,0,0,0,1,0,0,0,0,0,0,0,0,0,1,1,1,1,1,0,0,0,0,1,0,0,1,1,5155.7,0C,1,1,0,1,1,0,1,0,0,134.63,369.38,,,,,,,,,,,,,,,,,,,,,,,,,,,,,,,,,,,,,,,,,,,,,,,,,,,,,,,,,,
607,,,293,783,,14.10,68.25,1950,26.3,32.250,3.117,7.91,5.194,22.22,1.00,0.24,-0.76,0.17,1.035,1.02,-1.32,1.119,0.00,0.90,3.287,22.5,39.246,0.694,0.000,900,6.57,4.3,3.96,-2.55,44.3,1,1,0,1,1,1,0,0,0,0,1,0,0,0,0,0,0,0,0,0,1,1,1,1,1,0,0,0,0,1,0,0,1,1,5155.7,0C,1,1,0,1,1,0,1,0,0,138.19,382.75,,,,,,,,,,,,,,,,,,,,,,,,,,,,,,,,,,,,,,,,,,,,,,,,,,,,,,,,,,
608,,,294,183,,14.10,69.00,1973,26.3,30.750,4.403,10.40,9.741,28.71,1.00,0.87,-0.76,0.84,1.037,1.02,-1.32,1.125,0.00,0.90,2.817,22.5,41.665,0.694,0.000,900,6.55,4.3,3.95,-2.54,44.3,1,1,0,1,1,1,0,0,0,0,1,0,0,0,0,0,0,0,0,0,1,1,1,1,1,0,0,0,0,0,0,0,1,1,5155.7,0C,1,1,0,1,1,0,1,0,0,179.44,469.94,,,,,,,,,,,,,,,,,,,,,,,,,,,,,,,,,,,,,,,,,,,,,,,,,,,,,,,,,,
609,,,294,571,,14.10,69.00,2012,27.5,27.750,5.798,13.13,17.133,37.64,1.00,1.01,-0.76,0.92,0.999,1.02,-1.32,1.128,0.00,0.90,2.817,22.5,44.083,0.694,0.000,900,6.52,4.3,3.94,-2.53,44.3,1,1,0,1,1,1,0,0,0,0,1,0,0,0,0,0,0,0,0,0,1,1,1,1,1,0,0,1,0,0,0,0,1,1,5155.7,0C,1,1,0,1,1,0,1,0,0,247.88,622.38,,,,,,,,,,,,,,,,,,,,,,,,,,,,,,,,,,,,,,,,,,,,,,,,,,,,,,,,,,
610,,,294,964,,14.10,69.00,2087,27.5,24.000,6.432,13.79,17.374,45.61,1.00,1.03,-0.76,0.91,0.951,1.02,-1.32,1.134,0.00,0.90,6.289,22.5,48.920,0.694,0.000,900,6.48,4.3,3.91,-2.51,44.3,1,1,0,1,1,1,0,0,0,0,1,0,0,0,0,0,0,0,0,0,1,1,1,1,1,0,0,1,0,0,0,0,1,1,5155.7,0C,1,1,0,1,1,0,1,0,0,273.75,661.19,,,,,,,,,,,,,,,,,,,,,,,,,,,,,,,,,,,,,,,,,,,,,,,,,,,,,,,,,,
611,,,295,350,,14.10,69.00,2172,28.8,24.750,6.112,14.23,19.405,45.54,1.00,1.02,-0.76,0.90,0.903,1.02,-1.32,1.147,0.00,0.90,6.289,22.5,50.652,0.694,0.000,900,6.42,4.3,3.87,-2.49,44.3,1,1,0,1,1,1,0,0,0,0,1,0,0,0,0,0,0,0,0,0,1,1,1,1,1,0,0,1,0,0,0,0,1,1,5155.7,0C,1,1,0,1,1,0,1,0,0,278.06,660.75,,,,,,,,,,,,,,,,,,,,,,,,,,,,,,,,,,,,,,,,,,,,,,,,,,,,,,,,,,
612,,,295,739,,14.10,69.00,2273,30.0,24.000,6.739,16.65,21.758,51.12,1.00,1.01,-0.76,0.86,0.852,1.02,-1.32,1.146,0.00,0.90,6.289,21.8,56.527,0.694,0.000,900,6.36,4.3,3.84,-2.47,44.3,1,1,0,1,1,1,0,0,0,0,1,0,0,0,0,0,0,0,0,0,1,1,1,1,1,0,0,1,0,0,0,0,1,1,5155.7,0C,1,1,0,1,1,0,1,0,0,311.06,722.75,,,,,,,,,,,,,,,,,,,,,,,,,,,,,,,,,,,,,,,,,,,,,,,,,,,,,,,,,,
613,,,296,129,,14.10,69.00,2370,32.5,24.000,6.605,17.99,21.758,51.77,1.00,0.35,-0.76,0.17,0.834,1.02,-1.32,1.142,0.00,0.90,6.751,21.8,63.439,0.694,0.000,900,6.30,4.3,3.80,-2.45,44.3,1,1,0,1,1,1,0,0,0,0,1,0,0,0,0,0,0,0,0,0,1,1,1,1,1,0,0,1,0,0,0,0,1,1,5155.7,0C,1,1,0,1,1,0,1,0,0,316.00,760.88,,,,,,,,,,,,,,,,,,,,,,,,,,,,,,,,,,,,,,,,,,,,,,,,,,,,,,,,,,
614,,,296,525,,14.10,69.00,2492,33.8,24.000,6.675,19.41,21.593,50.32,1.00,0.24,-0.76,0.16,0.890,1.02,-1.32,1.145,0.00,0.90,6.751,21.8,66.201,0.694,0.000,900,6.23,4.3,3.76,-2.42,44.3,1,1,0,1,1,1,0,0,0,0,1,0,0,0,0,0,0,0,0,0,1,1,1,1,1,0,0,1,0,0,0,0,1,1,5155.7,0C,1,1,0,1,1,0,1,0,0,310.06,765.31,,,,,,,,,,,,,,,,,,,,,,,,,,,,,,,,,,,,,,,,,,,,,,,,,,,,,,,,,,
615,,,296,968,,14.10,69.00,2561,35.0,26.250,5.850,16.53,17.945,44.23,1.00,0.24,-0.76,0.15,0.932,1.02,-1.32,1.162,0.00,0.90,6.751,21.8,59.983,0.694,0.000,900,6.20,4.3,3.74,-2.40,44.3,1,1,0,1,1,1,0,0,0,0,1,0,0,0,0,0,0,0,0,0,1,1,1,1,1,0,0,1,0,0,0,0,1,1,5155.7,0C,1,1,0,1,1,0,1,0,0,252.00,659.88,,,,,,,,,,,,,,,,,,,,,,,,,,,,,,,,,,,,,,,,,,,,,,,,,,,,,,,,,,
616,,,297,379,,14.10,69.00,2684,36.3,28.500,5.427,16.53,16.077,37.95,1.00,0.24,-0.76,0.15,1.000,1.02,-1.32,1.177,0.00,0.90,6.723,21.0,56.870,0.694,0.000,900,6.12,4.3,3.69,-2.37,44.3,1,1,0,1,1,1,0,0,0,0,1,0,0,0,0,0,0,0,0,0,1,1,1,1,1,0,0,1,0,0,0,0,1,1,5155.7,0C,1,1,0,1,1,0,1,0,0,234.44,622.00,,,,,,,,,,,,,,,,,,,,,,,,,,,,,,,,,,,,,,,,,,,,,,,,,,,,,,,,,,
617,,,297,771,,14.10,69.00,2772,37.5,27.750,6.022,17.58,16.077,39.59,1.00,0.26,-0.76,0.16,1.054,1.02,-1.32,1.174,0.00,0.90,6.723,21.0,59.632,0.694,0.000,900,6.11,4.3,3.68,-2.37,44.3,1,1,0,1,1,1,0,0,0,0,1,0,0,0,0,0,0,0,0,0,1,1,1,1,1,0,0,1,0,0,0,0,1,1,5155.7,0C,1,1,0,1,1,0,1,0,0,241.69,634.56,,,,,,,,,,,,,,,,,,,,,,,,,,,,,,,,,,,,,,,,,,,,,,,,,,,,,,,,,,
618,,,298,184,,14.10,69.00,2870,38.8,27.750,6.643,18.48,16.803,40.62,1.00,0.27,-0.76,0.17,1.111,1.02,-1.32,1.168,0.00,0.90,7.749,21.0,62.058,0.694,0.000,900,6.11,4.3,3.68,-2.37,44.3,1,1,0,1,1,1,0,0,0,0,1,0,0,0,0,0,0,0,0,0,1,1,1,1,1,0,0,1,0,0,0,0,1,1,5155.7,0C,1,1,0,1,1,0,1,0,0,249.56,648.13,,,,,,,,,,,,,,,,,,,,,,,,,,,,,,,,,,,,,,,,,,,,,,,,,,,,,,,,,,
619,,,298,561,,14.10,69.00,2991,40.0,27.000,7.450,19.95,18.022,44.48,1.00,0.92,-0.76,0.86,1.120,1.02,-1.32,1.152,0.00,0.90,7.749,20.3,67.239,0.694,0.000,900,6.10,4.3,3.68,-2.37,44.3,1,1,0,1,1,1,0,0,0,0,1,0,0,0,0,0,0,0,0,0,1,1,1,1,1,0,0,1,0,0,0,0,1,1,5155.7,0C,1,1,0,1,1,0,1,0,0,273.75,688.69,,,,,,,,,,,,,,,,,,,,,,,,,,,,,,,,,,,,,,,,,,,,,,,,,,,,,,,,,,
620,,,298,961,,14.10,69.00,3122,42.5,25.500,7.718,21.22,19.976,49.55,1.00,0.99,-0.76,0.87,1.056,1.02,-1.32,1.139,0.00,0.90,10.959,20.3,72.427,0.694,0.000,900,6.10,4.3,3.68,-2.37,44.3,1,1,0,1,1,1,0,0,0,0,1,0,0,0,0,0,0,0,0,0,1,1,1,1,1,0,0,1,0,0,0,0,1,1,5155.7,0C,1,1,0,1,1,0,1,0,0,304.63,715.13,,,,,,,,,,,,,,,,,,,,,,,,,,,,,,,,,,,,,,,,,,,,,,,,,,,,,,,,,,
621,,,299,357,,14.10,69.00,3265,43.8,24.000,7.494,22.00,21.273,51.80,1.00,1.03,-0.76,0.88,0.988,1.02,-1.32,1.129,0.00,0.90,10.959,20.3,75.532,0.694,0.000,900,6.10,4.3,3.68,-2.29,44.3,1,1,0,1,1,1,0,0,0,0,1,0,0,0,0,0,0,0,0,0,1,1,1,1,1,0,0,1,0,0,0,0,1,1,5155.7,0C,1,1,0,1,1,0,1,0,0,316.63,722.69,,,,,,,,,,,,,,,,,,,,,,,,,,,,,,,,,,,,,,,,,,,,,,,,,,,,,,,,,,
622,,,299,744,,14.10,69.00,3376,46.3,24.000,5.920,17.63,6.249,46.20,1.00,0.89,-0.76,0.27,0.921,1.02,-1.32,1.144,0.00,0.90,10.959,20.3,76.913,0.694,0.000,900,6.09,4.3,3.67,-2.17,44.3,1,1,0,1,1,1,0,0,0,0,1,0,0,0,0,0,0,0,0,0,1,1,1,1,1,0,0,1,0,0,0,0,1,1,5155.7,0C,1,1,0,1,1,0,1,0,0,281.69,650.50,,,,,,,,,,,,,,,,,,,,,,,,,,,,,,,,,,,,,,,,,,,,,,,,,,,,,,,,,,
623,,,300,143,,14.10,69.00,3197,46.3,38.250,1.574,7.23,0.000,13.59,1.00,0.28,-0.76,0.16,0.941,1.02,-1.32,1.166,0.00,0.90,6.164,19.5,43.046,0.694,0.000,900,6.09,4.3,3.67,-4.72,44.3,1,1,0,1,1,1,0,0,0,0,1,0,1,0,0,0,0,0,1,0,1,1,1,1,1,0,0,0,0,1,0,0,1,1,5155.7,0C,1,1,0,1,1,0,1,0,0,81.63,256.00,,,,,,,,,,,,,,,,,,,,,,,,,,,,,,,,,,,,,,,,,,,,,,,,,,,,,,,,,,
624,,,300,532,,14.10,69.00,2815,46.3,39.000,1.517,6.98,0.000,11.06,1.00,0.24,-0.76,0.13,0.975,1.02,-1.32,1.166,0.00,0.90,6.164,19.5,36.828,0.694,0.000,900,6.09,4.3,3.67,-4.48,44.3,1,1,0,1,1,1,0,0,0,0,1,0,1,0,0,0,0,0,1,0,1,1,1,1,1,0,0,0,0,1,0,0,1,1,5155.7,0C,1,1,0,1,1,0,1,0,0,68.13,246.13,,,,,,,,,,,,,,,,,,,,,,,,,,,,,,,,,,,,,,,,,,,,,,,,,,,,,,,,,,
625,,,300,936,,14.10,69.00,2407,45.0,11.250,2.138,1396.68,19.257,158.98,1.45,0.09,-1.44,0.13,0.007,0.03,-2.42,0.647,0.01,0.45,0.194,-42.0,3.125,0.672,-30.000,2520,-23.06,1766.7,4.09,-43.38,112.5,0,1,0,0,0,1,0,1,1,1,1,1,0,1,1,0,0,1,0,0,0,0,0,0,0,0,1,0,1,0,0,0,0,0,3159.8,4E,0,1,0,1,0,1,1,1,1,1,1,,,,,,,,,,,,,,,,,,,,,,,,,,,,,,,,,,,,,,,,,,,,,,,,,,,,,,,,,,
626,,,301,319,,14.10,69.00,2252,46.3,24.000,7.085,16.04,18.350,50.09,0.97,1.01,-0.76,0.93,0.973,1.02,-1.32,1.147,0.00,0.90,1.600,19.5,97.658,0.694,0.000,900,6.33,4.3,3.82,-2.46,44.3,1,1,0,1,1,1,0,0,0,0,1,0,1,0,0,0,0,0,0,0,1,1,1,1,0,0,0,1,0,0,0,0,1,1,5155.7,0C,1,1,0,1,1,0,1,0,0,306.06,714.06,,,,,,,,,,,,,,,,,,,,,,,,,,,,,,,,,,,,,,,,,,,,,,,,,,,,,,,,,,
627,,,301,711,,14.10,69.00,2211,46.3,24.000,6.125,14.70,19.570,47.79,0.96,1.00,-0.76,0.85,0.922,1.02,-1.32,1.148,0.00,0.90,1.600,19.5,97.658,0.694,0.000,900,6.37,4.3,3.84,-2.47,44.3,1,1,0,1,1,1,0,0,0,0,1,0,1,0,0,0,0,0,0,0,1,1,1,1,1,0,0,1,0,0,0,0,1,1,5155.7,0C,1,1,0,1,1,0,1,0,0,291.75,687.25,,,,,,,,,,,,,,,,,,,,,,,,,,,,,,,,,,,,,,,,,,,,,,,,,,,,,,,,,,
628,,,302,120,,14.10,69.75,2242,47.5,24.000,6.579,16.72,21.758,51.28,0.96,0.79,-0.76,0.28,0.884,1.02,-1.32,1.142,0.00,0.90,6.231,19.5,97.658,0.694,0.000,900,6.34,4.3,3.82,-2.46,44.3,1,1,0,1,1,1,0,0,0,0,1,0,0,0,0,0,0,0,0,0,1,1,1,1,1,0,0,1,0,0,0,0,1,1,5155.7,0C,1,1,0,1,1,0,1,0,0,316.06,734.19,,,,,,,,,,,,,,,,,,,,,,,,,,,,,,,,,,,,,,,,,,,,,,,,,,,,,,,,,,
629,,,302,503,,14.10,69.75,2282,47.5,21.750,7.245,17.75,22.733,55.52,0.97,0.95,-0.76,0.85,0.902,1.02,-1.32,1.128,0.00,0.90,6.231,19.5,97.658,0.694,0.000,900,6.32,4.3,3.81,-2.45,44.3,1,1,0,1,1,1,0,0,0,0,1,0,0,0,0,0,0,0,0,0,1,1,1,1,1,0,0,1,0,0,0,0,1,1,5155.7,0C,1,1,0,1,1,0,1,0,0,336.75,776.63,,,,,,,,,,,,,,,,,,,,,,,,,,,,,,,,,,,,,,,,,,,,,,,,,,,,,,,,,,
630,,,302,892,,14.10,69.75,2333,48.8,22.500,6.886,18.12,22.492,54.56,0.98,0.37,-0.76,0.20,0.893,1.02,-1.32,1.131,0.00,0.90,6.231,19.5,97.658,0.694,0.000,900,6.29,4.3,3.80,-2.44,44.3,1,1,0,1,1,1,0,0,0,0,1,0,0,0,0,0,0,0,0,0,1,1,1,1,1,0,0,1,0,0,0,0,1,1,5155.7,0C,1,1,0,1,1,0,1,0,0,336.81,785.56,,,,,,,,,,,,,,,,,,,,,,,,,,,,,,,,,,,,,,,,,,,,,,,,,,,,,,,,,,
631,,,303,290,,14.10,69.75,2380,50.0,24.000,6.515,17.33,21.273,50.53,0.99,0.31,-0.76,0.19,0.947,1.02,-1.32,1.147,0.00,0.90,7.630,19.5,97.658,0.694,0.000,900,6.26,4.3,3.78,-2.43,44.3,1,1,0,1,1,1,0,0,0,0,1,0,0,0,0,0,0,0,0,0,1,1,1,1,1,0,0,1,0,0,0,0,1,1,5155.7,0C,1,1,0,1,1,0,1,0,0,307.06,745.50,,,,,,,,,,,,,,,,,,,,,,,,,,,,,,,,,,,,,,,,,,,,,,,,,,,,,,,,,,
632,,,303,699,,14.10,69.75,2418,51.3,24.750,6.445,16.97,20.133,47.88,1.00,0.30,-0.76,0.19,1.001,1.02,-1.32,1.153,0.00,0.90,7.630,19.5,97.658,0.694,0.000,900,6.24,4.3,3.77,-2.42,44.3,1,1,0,1,1,1,0,0,0,0,1,0,0,0,0,0,0,0,0,0,1,1,1,1,1,0,0,1,0,0,0,0,1,1,5155.7,0C,1,1,0,1,1,0,1,0,0,291.00,720.13,,,,,,,,,,,,,,,,,,,,,,,,,,,,,,,,,,,,,,,,,,,,,,,,,,,,,,,,,,
633,,,304,086,,14.10,69.75,2456,51.3,25.500,6.701,16.65,19.319,46.85,1.45,0.09,-1.47,0.97,0.007,0.00,9.22,1.938,0.01,0.02,113.924,126.0,48.153,0.047,93.000,1940,94.40,313.0,-199.53,-199.53,-199.53,-199.53,-199.53,-199.53,-199.53,-199.53,-199.53,-199.53,-199.53,-199.53,-199.53,-199.53,-199.53,-199.53,-199.53,-199.53,-199.53,-199.53,-199.53,-199.53,-199.53,-199.53,-199.53,-199.53,-199.53,-199.53,-199.53,-199.53,-199.53,-199.53,-199.53,-199.53,-199.53,-199.53,-199.53,-199.53,,,,,,,,,,,,,,,,,,,,,,,,,,,,,,,,,,,,,,,,,,,,,,,,,,,,,,,,,,,,,,,,,,,,,,
634,,,304,476,,14.10,69.75,2494,52.5,26.250,6.432,16.72,19.164,44.91,1.00,0.37,-0.76,0.19,1.065,1.02,-1.32,1.159,0.00,0.90,7.043,19.5,97.658,0.694,0.000,900,6.20,4.3,3.74,-2.41,44.3,1,1,0,1,1,1,0,0,0,0,1,0,0,0,0,0,0,0,0,0,1,1,1,1,1,0,0,1,0,0,0,0,1,1,5155.7,0C,1,1,0,1,1,0,1,0,0,270.13,686.38,,,,,,,,,,,,,,,,,,,,,,,,,,,,,,,,,,,,,,,,,,,,,,,,,,,,,,,,,,
635,,,304,861,,14.10,69.75,2543,53.8,27.750,6.656,17.33,18.836,44.88,1.00,0.82,-0.76,0.74,1.094,1.02,-1.32,1.160,0.00,0.90,7.043,19.5,97.658,0.694,-0.750,900,6.17,4.3,3.72,-2.40,44.3,1,1,0,1,1,1,0,0,0,0,1,0,0,0,0,0,0,0,0,0,1,1,1,1,1,0,0,1,0,0,0,0,1,1,5155.7,0C,1,1,0,1,1,0,1,0,0,274.19,698.75,,,,,,,,,,,,,,,,,,,,,,,,,,,,,,,,,,,,,,,,,,,,,,,,,,,,,,,,,,
636,,,305,262,,14.10,69.75,2583,55.0,27.750,6.464,16.89,17.702,42.47,1.00,0.33,-0.76,0.20,1.128,1.02,-1.32,1.169,0.00,0.90,8.002,19.5,97.658,0.694,-0.750,900,6.15,4.3,3.71,-2.39,44.3,1,1,0,1,1,1,0,0,0,0,1,0,0,0,0,0,0,0,0,0,1,1,1,1,1,0,0,1,0,0,0,0,1,1,5155.7,0C,1,1,0,1,1,0,1,0,0,258.56,671.75,,,,,,,,,,,,,,,,,,,,,,,,,,,,,,,,,,,,,,,,,,,,,,,,,,,,,,,,,,
637,,,305,651,,14.10,69.75,2622,55.0,27.750,6.810,17.46,17.702,42.96,1.00,0.91,-0.76,0.81,1.148,1.02,-1.32,1.169,0.00,0.90,8.002,19.5,97.658,0.694,-0.750,900,6.12,4.3,3.69,-2.38,44.3,1,1,0,1,1,1,0,0,0,0,1,0,0,0,0,0,0,0,0,0,1,1,1,1,1,0,0,1,0,0,0,0,1,1,5155.7,0C,1,1,0,1,1,0,1,0,0,262.56,681.38,,,,,,,,,,,,,,,,,,,,,,,,,,,,,,,,,,,,,,,,,,,,,,,,,,,,,,,,,,
638,,,306,050,,14.10,69.75,2662,56.3,27.750,7.027,17.82,17.702,43.31,1.00,0.40,-0.76,0.46,1.167,1.02,-1.32,1.169,0.00,0.90,8.002,19.5,97.658,0.694,-0.750,900,6.10,4.3,3.68,-2.37,44.3,1,1,0,1,1,1,0,0,0,0,1,0,0,0,0,0,0,0,0,0,1,1,1,1,1,0,0,1,0,0,0,0,1,1,5155.7,0C,1,1,0,1,1,0,1,0,0,263.31,684.94,,,,,,,,,,,,,,,,,,,,,,,,,,,,,,,,,,,,,,,,,,,,,,,,,,,,,,,,,,
639,,,306,451,,14.10,69.75,2709,57.5,28.500,6.067,16.48,15.586,39.09,1.00,0.37,-0.76,0.20,1.161,1.02,-1.32,1.178,0.00,0.90,8.002,18.8,97.658,0.694,-0.750,900,6.08,4.3,3.67,-2.36,44.3,1,1,0,1,1,1,0,0,0,0,1,0,0,0,0,0,0,0,0,0,1,1,1,1,1,0,0,1,0,0,0,0,1,1,5155.7,0C,1,1,0,1,1,0,1,0,0,237.63,629.50,,,,,,,,,,,,,,,,,,,,,,,,,,,,,,,,,,,,,,,,,,,,,,,,,,,,,,,,,,
640,,,306,851,,14.10,69.75,2739,57.5,29.250,5.997,16.24,13.803,37.66,1.00,0.87,-0.76,0.79,1.183,1.02,-1.32,1.175,0.00,0.90,8.002,18.8,97.658,0.694,0.000,900,6.08,4.3,3.67,-2.36,44.3,1,1,0,1,1,1,0,0,0,0,1,0,0,0,0,0,0,0,0,0,1,1,1,1,1,0,0,1,0,0,0,0,1,1,5155.7,0C,1,1,0,1,1,0,1,0,0,233.00,618.38,,,,,,,,,,,,,,,,,,,,,,,,,,,,,,,,,,,,,,,,,,,,,,,,,,,,,,,,,,
641,,,307,239,,14.10,69.75,2765,58.8,30.750,5.472,15.01,12.827,33.09,1.00,0.34,-0.76,0.21,1.205,1.02,-1.32,1.169,0.00,0.90,8.101,18.8,86.938,0.694,0.000,900,6.08,4.3,3.67,-2.36,44.3,1,1,0,1,1,1,0,0,0,0,1,0,0,0,0,0,0,0,0,0,1,1,1,1,1,0,0,1,0,0,0,0,1,1,5155.7,0C,1,1,0,1,1,0,1,0,0,203.31,553.69,,,,,,,,,,,,,,,,,,,,,,,,,,,,,,,,,,,,,,,,,,,,,,,,,,,,,,,,,,
642,,,309,644,,14.10,70.50,2842,60.0,28.500,6.029,16.41,14.289,37.97,1.00,0.96,-0.76,0.80,1.158,1.02,-1.32,1.170,0.00,0.90,4.227,18.8,97.658,0.694,0.000,900,6.08,4.3,3.67,-2.36,44.3,1,1,0,1,1,1,0,0,0,0,1,0,0,0,0,0,0,0,0,0,1,1,1,1,1,0,0,1,0,0,0,0,1,1,5155.7,0C,1,1,0,1,1,0,1,0,0,227.06,601.25,,,,,,,,,,,,,,,,,,,,,,,,,,,,,,,,,,,,,,,,,,,,,,,,,,,,,,,,,,
643,,,310,029,,14.10,70.50,2880,61.3,30.750,5.664,15.31,12.663,33.77,1.00,0.38,-0.76,0.30,1.216,1.02,-1.32,1.168,0.00,0.90,7.749,18.8,89.357,0.694,0.000,900,6.08,4.3,3.67,-2.36,44.3,1,1,0,1,1,1,0,0,0,0,1,0,0,0,0,0,0,0,0,0,1,1,1,1,1,0,0,1,0,0,0,0,1,1,5155.7,0C,1,1,0,1,1,0,1,0,0,204.81,552.88,,,,,,,,,,,,,,,,,,,,,,,,,,,,,,,,,,,,,,,,,,,,,,,,,,,,,,,,,,
644,,,310,431,,14.10,70.50,2908,61.3,33.000,4.384,12.94,6.163,26.77,1.00,0.31,-0.76,0.19,1.220,1.02,-1.32,1.177,0.00,0.90,7.749,18.8,73.114,0.694,0.000,900,6.08,4.3,3.67,-2.36,44.3,1,1,0,1,1,1,0,0,0,0,1,0,0,0,0,0,0,0,0,0,1,1,1,1,1,0,0,0,0,0,0,0,1,1,5155.7,0C,1,1,0,1,1,0,1,0,0,164.56,465.06,,,,,,,,,,,,,,,,,,,,,,,,,,,,,,,,,,,,,,,,,,,,,,,,,,,,,,,,,,
645,,,310,819,,14.10,70.50,2904,61.3,35.250,3.437,10.28,0.000,19.78,1.00,0.34,-0.76,0.45,1.254,1.02,-1.32,1.165,0.00,0.90,7.749,18.8,55.833,0.694,0.000,900,6.08,4.3,3.67,-4.55,44.3,1,1,0,1,1,1,0,0,0,0,1,0,0,0,0,0,0,0,1,0,1,1,1,1,1,0,0,0,0,1,0,0,1,1,5155.7,0C,1,1,0,1,1,0,1,0,0,113.31,346.75,,,,,,,,,,,,,,,,,,,,,,,,,,,,,,,,,,,,,,,,,,,,,,,,,,,,,,,,,,
646,,,311,233,,14.10,70.50,2895,61.3,37.500,2.368,7.96,0.000,13.80,1.00,0.77,-0.76,0.22,1.194,1.02,-1.32,1.166,0.00,0.90,3.874,18.8,43.389,0.694,0.000,900,6.08,4.3,3.67,-4.54,44.3,1,1,0,1,1,1,0,0,0,0,1,0,0,0,0,0,0,0,1,0,1,1,1,1,1,0,0,0,0,1,0,0,1,1,5155.7,0C,1,1,0,1,1,0,1,0,0,83.94,282.00,,,,,,,,,,,,,,,,,,,,,,,,,,,,,,,,,,,,,,,,,,,,,,,,,,,,,,,,,,
647,,,311,653,,14.10,70.50,2846,61.3,39.750,1.882,6.54,0.000,9.75,1.00,0.30,-0.76,0.20,1.248,1.02,-1.32,1.166,0.00,0.90,3.874,18.8,34.401,0.694,0.000,900,6.08,4.3,3.67,-4.51,44.3,1,1,0,1,1,1,0,0,0,0,1,0,0,0,0,0,0,0,1,0,1,1,1,1,0,0,0,0,0,1,0,0,1,1,5155.7,0C,1,1,0,1,1,0,1,0,0,59.63,223.63,,,,,,,,,,,,,,,,,,,,,,,,,,,,,,,,,,,,,,,,,,,,,,,,,,,,,,,,,,
648,,,312,041,,14.10,70.50,2843,60.0,-9.750,0.000,6.54,0.000,9.75,1.00,0.27,-0.76,0.15,1.000,1.02,-1.32,1.166,0.00,0.90,2.113,19.5,0.000,0.694,0.000,900,6.08,4.3,3.67,-4.51,44.3,1,1,0,1,1,1,0,0,0,0,1,0,0,0,0,0,0,0,1,0,0,1,0,1,0,0,1,0,0,1,0,0,1,1,5155.7,0C,1,1,0,1,1,0,1,0,0,61.00,227.25,,,,,,,,,,,,,,,,,,,,,,,,,,,,,,,,,,,,,,,,,,,,,,,,,,,,,,,,,,
649,,,312,439,,14.10,70.50,2808,58.8,-10.500,0.000,6.69,0.000,10.50,1.00,0.24,-0.76,0.12,1.000,1.02,-1.32,1.166,0.00,0.90,2.113,19.5,0.000,0.694,0.000,900,6.08,4.3,3.67,-4.49,44.3,1,1,0,1,1,1,0,0,0,0,1,0,0,0,0,0,0,0,1,0,0,1,0,1,0,0,1,0,0,1,0,0,1,1,5155.7,0C,1,1,0,1,1,0,1,0,0,64.44,235.88,,,,,,,,,,,,,,,,,,,,,,,,,,,,,,,,,,,,,,,,,,,,,,,,,,,,,,,,,,
650,,,312,833,,14.10,70.50,2765,58.8,-11.250,0.000,6.69,0.000,10.78,1.00,0.23,-0.76,0.11,1.000,1.02,-1.32,1.166,0.00,0.90,2.113,19.5,0.000,0.694,0.000,900,6.09,4.3,3.67,-4.46,44.3,1,1,0,1,1,1,0,0,0,0,1,0,0,0,0,0,0,0,1,0,0,1,0,1,0,0,1,0,0,1,0,0,1,1,5155.7,0C,1,1,0,1,1,0,1,0,0,66.06,240.56,,,,,,,,,,,,,,,,,,,,,,,,,,,,,,,,,,,,,,,,,,,,,,,,,,,,,,,,,,
651,,,313,220,,14.10,70.50,2724,57.5,-10.500,0.000,6.69,0.000,10.22,1.00,0.23,-0.76,0.11,1.000,1.02,-1.32,1.166,0.00,0.90,0.000,19.5,0.000,0.694,0.000,900,6.09,4.3,3.67,-4.44,44.3,1,1,0,1,1,1,0,0,0,0,1,0,0,0,0,0,0,0,1,0,0,1,0,1,0,0,1,0,0,1,0,0,1,1,5155.7,0C,1,1,0,1,1,0,1,0,0,63.00,245.13,,,,,,,,,,,,,,,,,,,,,,,,,,,,,,,,,,,,,,,,,,,,,,,,,,,,,,,,,,
652,,,313,611,,14.10,70.50,2692,57.5,-11.250,0.000,6.54,0.000,11.37,1.00,0.23,-0.76,0.11,1.000,1.02,-1.32,1.165,0.00,0.90,0.000,19.5,0.000,0.694,0.000,900,6.10,4.3,3.68,-4.43,44.3,1,1,0,1,1,1,0,0,0,0,1,0,0,0,0,0,0,0,1,0,0,1,0,1,0,0,1,0,0,1,0,0,1,1,5155.7,0C,1,1,0,1,1,0,1,0,0,73.75,249.00,,,,,,,,,,,,,,,,,,,,,,,,,,,,,,,,,,,,,,,,,,,,,,,,,,,,,,,,,,
653,,,314,000,,14.10,70.50,2655,56.3,-15.000,0.000,6.13,0.000,12.63,1.00,0.23,-0.76,0.11,1.000,1.02,-1.32,1.161,0.00,0.90,0.000,20.3,0.000,0.694,0.000,900,6.12,4.3,3.69,-4.43,44.3,1,1,0,1,1,1,0,0,0,0,1,0,0,0,0,0,0,0,1,0,0,1,0,1,0,0,1,0,0,1,0,0,1,1,5155.7,0C,1,1,0,1,1,0,1,0,0,78.63,264.50,,,,,,,,,,,,,,,,,,,,,,,,,,,,,,,,,,,,,,,,,,,,,,,,,,,,,,,,,,
654,,,314,382,,14.10,70.50,2617,55.0,-14.250,0.000,5.93,0.000,12.23,1.00,0.23,-0.76,0.11,1.000,1.02,-1.32,1.157,0.00,0.90,0.000,20.3,0.000,0.694,0.000,900,6.14,4.3,3.70,-4.42,44.3,1,1,0,1,1,1,0,0,0,0,1,0,0,0,0,0,0,0,1,0,0,1,0,1,0,0,1,0,0,1,0,0,1,1,5155.7,0C,1,1,0,1,1,0,1,0,0,73.31,245.25,,,,,,,,,,,,,,,,,,,,,,,,,,,,,,,,,,,,,,,,,,,,,,,,,,,,,,,,,,
655,,,314,780,,14.10,71.25,2578,55.0,-1.500,2.035,5.47,7.304,10.34,0.97,0.23,-0.76,0.12,1.000,1.02,-1.32,1.152,0.00,0.90,0.000,20.3,8.995,0.694,0.000,900,6.17,4.3,3.72,-2.40,44.3,1,1,0,1,1,1,0,0,0,0,1,0,0,0,0,0,0,0,0,0,1,1,0,1,0,0,0,0,0,1,0,0,1,1,5155.7,0C,1,1,0,1,1,0,1,0,0,62.13,215.19,,,,,,,,,,,,,,,,,,,,,,,,,,,,,,,,,,,,,,,,,,,,,,,,,,,,,,,,,,
656,,,315,181,,14.10,71.25,2574,53.8,24.750,4.998,13.55,12.663,26.30,0.97,0.87,-0.76,0.85,0.997,1.02,-1.32,1.162,0.00,0.90,1.918,20.3,9.178,0.694,0.000,900,6.17,4.3,3.72,-2.40,44.3,1,1,0,1,1,1,0,0,0,0,1,0,0,0,0,0,0,0,0,0,1,1,1,1,0,0,0,0,0,1,0,0,1,1,5155.7,0C,1,1,0,1,1,0,1,0,0,174.69,477.50,,,,,,,,,,,,,,,,,,,,,,,,,,,,,,,,,,,,,,,,,,,,,,,,,,,,,,,,,,
657,,,315,600,,14.10,71.25,2588,53.8,29.250,5.914,15.01,12.827,36.05,0.96,1.06,-0.76,0.91,0.946,1.02,-1.32,1.169,0.00,0.90,1.918,20.3,9.865,0.694,0.000,900,6.16,4.3,3.71,-2.39,44.3,1,1,0,1,1,1,0,0,0,0,1,0,0,0,0,0,0,0,0,0,1,1,1,1,1,0,0,1,0,0,0,0,1,1,5155.7,0C,1,1,0,1,1,0,1,0,0,221.00,585.75,,,,,,,,,,,,,,,,,,,,,,,,,,,,,,,,,,,,,,,,,,,,,,,,,,,,,,,,,,
658,,,315,990,,14.10,71.25,2602,55.0,31.500,4.838,13.43,11.038,32.27,0.96,0.78,-0.76,0.23,0.895,1.02,-1.32,1.166,0.00,0.90,5.760,20.3,10.208,0.694,0.000,900,6.16,4.3,3.71,-2.39,44.3,1,1,0,1,1,1,0,0,0,0,1,0,0,0,0,0,0,0,0,0,1,1,1,1,1,0,0,1,0,0,0,0,1,1,5155.7,0C,1,1,0,1,1,0,1,0,0,192.38,529.50,,,,,,,,,,,,,,,,,,,,,,,,,,,,,,,,,,,,,,,,,,,,,,,,,,,,,,,,,,
659,,,316,384,,14.10,71.25,2624,55.0,33.750,3.462,10.82,6.819,23.18,0.98,0.28,-0.76,0.17,0.966,1.02,-1.32,1.162,0.00,0.90,5.760,20.3,10.903,0.694,0.000,900,6.14,4.3,3.70,-2.38,44.3,1,1,0,1,1,1,0,0,0,0,1,0,0,0,0,0,0,0,0,0,1,1,1,1,1,0,0,0,0,0,0,0,1,1,5155.7,0C,1,1,0,1,1,0,1,0,0,138.44,406.19,,,,,,,,,,,,,,,,,,,,,,,,,,,,,,,,,,,,,,,,,,,,,,,,,,,,,,,,,,
660,,,316,783,,14.10,71.25,2628,55.0,33.750,3.674,11.25,6.819,22.88,0.98,0.28,-0.76,0.17,1.006,1.02,-1.32,1.161,0.00,0.90,5.760,20.3,11.597,0.694,0.000,900,6.14,4.3,3.70,-2.38,44.3,1,1,0,1,1,1,0,0,0,0,1,0,0,0,0,0,0,0,0,0,1,1,1,1,1,0,0,0,0,0,0,0,1,1,5155.7,0C,1,1,0,1,1,0,1,0,0,139.06,407.81,,,,,,,,,,,,,,,,,,,,,,,,,,,,,,,,,,,,,,,,,,,,,,,,,,,,,,,,,,
661,,,317,171,,14.10,71.25,2637,55.0,34.500,3.290,9.89,0.000,20.37,1.00,0.30,-0.76,0.19,1.046,1.02,-1.32,1.158,0.00,0.90,4.160,20.3,11.940,0.694,0.000,900,6.13,4.3,3.70,-4.42,44.3,1,1,0,1,1,1,0,0,0,0,1,0,0,0,0,0,0,0,1,0,1,1,1,1,1,0,0,0,0,1,0,0,1,1,5155.7,0C,1,1,0,1,1,0,1,0,0,120.56,365.25,,,,,,,,,,,,,,,,,,,,,,,,,,,,,,,,,,,,,,,,,,,,,,,,,,,,,,,,,,
662,,,317,563,,14.10,71.25,2627,55.0,36.000,2.726,8.13,0.000,16.20,1.00,0.31,-0.76,0.21,1.082,1.02,-1.32,1.158,0.00,0.90,4.160,20.3,12.634,0.694,0.000,900,6.14,4.3,3.70,-4.42,44.3,1,1,0,1,1,1,0,0,0,0,1,0,0,0,0,0,0,0,1,0,1,1,1,1,1,0,0,0,0,1,0,0,1,1,5155.7,0C,1,1,0,1,1,0,1,0,0,94.69,307.56,,,,,,,,,,,,,,,,,,,,,,,,,,,,,,,,,,,,,,,,,,,,,,,,,,,,,,,,,,
663,,,317,980,,14.10,71.25,2623,55.0,38.250,2.355,7.06,0.000,13.36,1.00,0.79,-0.76,0.74,1.114,1.02,-1.32,1.158,0.00,0.90,2.559,20.3,12.978,0.694,0.000,900,6.14,4.3,3.70,-4.42,44.3,1,1,0,1,1,1,0,0,0,0,1,0,0,0,0,0,0,0,1,0,1,1,1,1,1,0,0,0,0,1,0,0,1,1,5155.7,0C,1,1,0,1,1,0,1,0,0,79.81,264.50,,,,,,,,,,,,,,,,,,,,,,,,,,,,,,,,,,,,,,,,,,,,,,,,,,,,,,,,,,
664,,,318,463,,14.10,71.25,2591,55.0,20.250,1.651,5.35,0.000,9.61,1.00,0.95,-0.76,0.79,1.059,1.02,-1.32,1.157,0.00,0.90,2.559,20.3,14.015,0.694,0.000,900,6.15,4.3,3.71,-4.41,44.3,1,1,0,1,1,1,0,0,0,0,1,0,0,0,0,0,0,0,1,0,1,1,1,1,0,0,0,0,0,1,0,0,1,1,5155.7,0C,1,1,0,1,1,0,1,0,0,60.13,212.25,,,,,,,,,,,,,,,,,,,,,,,,,,,,,,,,,,,,,,,,,,,,,,,,,,,,,,,,,,
665,,,318,862,,14.10,71.25,2564,53.8,19.500,2.848,9.79,10.632,15.61,1.00,0.27,-0.76,0.20,1.108,1.02,-1.32,1.151,0.00,0.90,2.559,20.3,15.053,0.694,0.000,900,6.17,4.3,3.72,-2.40,44.3,1,1,0,1,1,1,0,0,0,0,1,0,0,0,0,0,0,0,0,0,1,1,1,1,0,0,0,0,0,1,0,0,1,1,5155.7,0C,1,1,0,1,1,0,1,0,0,100.38,313.63,,,,,,,,,,,,,,,,,,,,,,,,,,,,,,,,,,,,,,,,,,,,,,,,,,,,,,,,,,
666,,,319,255,,14.10,71.25,2557,53.8,5.250,6.445,15.31,12.827,35.98,1.00,1.04,-0.76,0.94,1.064,1.02,-1.32,1.168,0.00,0.90,3.201,20.3,16.091,0.694,0.000,900,6.17,4.3,3.72,-2.40,44.3,1,1,0,1,1,1,0,0,0,0,1,0,0,0,0,0,0,0,0,0,1,1,1,1,1,0,0,1,0,0,0,0,1,1,5155.7,0C,1,1,0,1,1,0,1,0,0,222.06,588.06,,,,,,,,,,,,,,,,,,,,,,,,,,,,,,,,,,,,,,,,,,,,,,,,,,,,,,,,,,
667,,,319,676,,14.10,71.25,2580,53.8,29.250,5.850,14.77,12.258,35.88,1.00,1.06,-0.76,0.92,1.013,1.02,-1.32,1.169,0.00,0.90,3.201,20.3,16.434,0.694,0.000,900,6.16,4.3,3.71,-2.39,44.3,1,1,0,1,1,1,0,0,0,0,1,0,0,0,0,0,0,0,0,0,1,1,1,1,1,0,0,1,0,0,0,0,1,1,5155.7,0C,1,1,0,1,1,0,1,0,0,216.06,578.50,,,,,,,,,,,,,,,,,,,,,,,,,,,,,,,,,,,,,,,,,,,,,,,,,,,,,,,,,,
668,,,320,061,,14.10,71.25,2585,55.0,22.500,3.238,9.35,0.000,23.23,1.00,0.62,-0.76,0.19,0.967,1.02,-1.32,1.160,0.00,0.90,5.121,20.3,16.777,0.694,0.000,900,6.16,4.3,3.71,-4.41,44.3,1,1,0,1,1,1,0,0,0,0,1,0,0,0,0,0,0,0,1,0,1,1,1,1,1,0,0,0,0,1,0,0,1,1,5155.7,0C,1,1,0,1,1,0,1,0,0,133.56,392.44,,,,,,,,,,,,,,,,,,,,,,,,,,,,,,,,,,,,,,,,,,,,,,,,,,,,,,,,,,
669,,,320,460,,14.10,71.25,2586,55.0,12.750,2.810,8.86,0.000,18.33,1.00,0.27,-0.76,0.17,1.023,1.02,-1.32,1.154,0.00,0.90,5.121,20.3,17.472,0.694,0.000,900,6.16,4.3,3.71,-4.41,44.3,1,1,0,1,1,1,0,0,0,0,1,0,0,0,0,0,0,0,1,0,1,1,1,1,1,0,0,0,0,1,0,0,1,1,5155.7,0C,1,1,0,1,1,0,1,0,0,111.19,340.19,,,,,,,,,,,,,,,,,,,,,,,,,,,,,,,,,,,,,,,,,,,,,,,,,,,,,,,,,,
670,,,320,855,,14.10,71.25,2572,55.0,36.000,2.682,9.06,6.897,16.66,1.00,0.28,-0.76,0.19,1.058,1.02,-1.32,1.154,0.00,0.90,5.121,20.3,18.509,0.694,0.000,900,6.16,4.3,3.72,-2.39,44.3,1,1,0,1,1,1,0,0,0,0,1,0,0,0,0,0,0,0,0,0,1,1,1,1,1,0,0,0,0,1,0,0,1,1,5155.7,0C,1,1,0,1,1,0,1,0,0,100.38,317.88,,,,,,,,,,,,,,,,,,,,,,,,,,,,,,,,,,,,,,,,,,,,,,,,,,,,,,,,,,
671,,,321,240,,14.10,71.25,2581,53.8,31.500,5.549,14.04,11.202,31.71,1.00,0.96,-0.76,0.89,1.047,1.02,-1.32,1.165,0.00,0.90,2.879,20.3,19.196,0.694,0.000,900,6.16,4.3,3.71,-2.39,44.3,1,1,0,1,1,1,0,0,0,0,1,0,0,0,0,0,0,0,0,0,1,1,1,1,1,0,0,0,0,0,0,0,1,1,5155.7,0C,1,1,0,1,1,0,1,0,0,195.00,531.06,,,,,,,,,,,,,,,,,,,,,,,,,,,,,,,,,,,,,,,,,,,,,,,,,,,,,,,,,,
672,,,321,640,,14.10,71.25,2603,55.0,31.500,4.973,13.67,11.202,31.45,1.00,0.99,-0.76,0.83,0.999,1.02,-1.32,1.166,0.00,0.90,2.879,20.3,19.890,0.694,0.000,900,6.14,4.3,3.70,-2.39,44.3,1,1,0,1,1,1,0,0,0,0,1,0,0,0,0,0,0,0,0,0,1,1,1,1,1,0,0,0,0,0,0,0,1,1,5155.7,0C,1,1,0,1,1,0,1,0,0,192.06,527.81,,,,,,,,,,,,,,,,,,,,,,,,,,,,,,,,,,,,,,,,,,,,,,,,,,,,,,,,,,
673,,,322,041,,14.10,71.25,2614,55.0,32.250,4.608,12.94,10.062,28.88,1.00,0.31,-0.76,0.19,1.030,1.02,-1.32,1.165,0.00,0.90,5.121,19.5,20.233,0.694,0.000,900,6.14,4.3,3.70,-2.38,44.3,1,1,0,1,1,1,0,0,0,0,1,0,0,0,0,0,0,0,0,0,1,1,1,1,1,0,0,0,0,0,0,0,1,1,5155.7,0C,1,1,0,1,1,0,1,0,0,175.50,490.94,,,,,,,,,,,,,,,,,,,,,,,,,,,,,,,,,,,,,,,,,,,,,,,,,,,,,,,,,,
674,,,322,465,,14.10,71.25,2631,55.0,33.000,4.717,12.89,9.656,28.22,1.00,0.43,-0.76,0.54,1.077,1.02,-1.32,1.166,0.00,0.90,5.121,19.5,20.928,0.694,0.000,900,6.13,4.3,3.70,-2.38,44.3,1,1,0,1,1,1,0,0,0,0,1,0,0,0,0,0,0,0,0,0,1,1,1,1,1,0,0,0,0,0,0,0,1,1,5155.7,0C,1,1,0,1,1,0,1,0,0,172.00,483.88,,,,,,,,,,,,,,,,,,,,,,,,,,,,,,,,,,,,,,,,,,,,,,,,,,,,,,,,,,
675,,,322,870,,14.10,71.25,2635,56.3,33.750,3.539,9.96,3.569,22.71,1.00,0.37,-0.76,0.20,1.059,1.02,-1.32,1.161,0.00,0.90,5.121,19.5,21.614,0.694,0.000,900,6.13,4.3,3.70,-2.38,44.3,1,1,0,1,1,1,0,0,0,0,1,0,0,0,0,0,0,0,0,0,1,1,1,1,1,0,0,0,0,0,0,0,1,1,5155.7,0C,1,1,0,1,1,0,1,0,0,130.56,387.44,,,,,,,,,,,,,,,,,,,,,,,,,,,,,,,,,,,,,,,,,,,,,,,,,,,,,,,,,,
676,,,323,275,,14.10,71.25,2630,55.0,35.250,3.309,10.13,3.734,20.02,1.00,0.28,-0.76,0.19,1.098,1.02,-1.32,1.159,0.00,0.90,3.838,19.5,22.652,0.694,0.000,900,6.13,4.3,3.70,-2.38,44.3,1,1,0,1,1,1,0,0,0,0,1,0,0,0,0,0,0,0,0,0,1,1,1,1,1,0,0,0,0,0,0,0,1,1,5155.7,0C,1,1,0,1,1,0,1,0,0,121.81,367.44,,,,,,,,,,,,,,,,,,,,,,,,,,,,,,,,,,,,,,,,,,,,,,,,,,,,,,,,,,
677,,,323,663,,14.10,72.00,2645,56.3,35.250,3.514,10.28,3.734,20.32,1.00,0.65,-0.76,0.59,1.137,1.02,-1.32,1.159,0.00,0.90,3.838,19.5,23.690,0.694,0.000,900,6.12,4.3,3.69,-2.37,44.3,1,1,0,1,1,1,0,0,0,0,1,0,0,0,0,0,0,0,0,0,1,1,1,1,1,0,0,0,0,0,0,0,1,1,5155.7,0C,1,1,0,1,1,0,1,0,0,124.00,372.25,,,,,,,,,,,,,,,,,,,,,,,,,,,,,,,,,,,,,,,,,,,,,,,,,,,,,,,,,,
678,,,324,061,,14.10,72.00,2639,56.3,34.500,3.507,10.40,4.382,20.81,1.00,0.47,-0.76,0.22,1.111,1.02,-1.32,1.159,0.00,0.90,3.838,19.5,24.727,0.694,0.000,900,6.12,4.3,3.69,-2.38,44.3,1,1,0,1,1,1,0,0,0,0,1,0,0,0,0,0,0,0,0,0,1,1,1,1,1,0,0,0,0,0,0,0,1,1,5155.7,0C,1,1,0,1,1,0,1,0,0,127.25,379.81,,,,,,,,,,,,,,,,,,,,,,,,,,,,,,,,,,,,,,,,,,,,,,,,,,,,,,,,,,
679,,,324,462,,14.10,72.00,2638,56.3,34.500,3.482,10.50,4.382,21.07,1.00,0.89,-0.76,0.81,1.093,1.02,-1.32,1.159,0.00,0.90,3.838,19.5,25.765,0.694,0.000,900,6.12,4.3,3.69,-2.38,44.3,1,1,0,1,1,1,0,0,0,0,1,0,0,0,0,0,0,0,0,0,1,1,1,1,1,0,0,0,0,0,0,0,1,1,5155.7,0C,1,1,0,1,1,0,1,0,0,129.00,383.63,,,,,,,,,,,,,,,,,,,,,,,,,,,,,,,,,,,,,,,,,,,,,,,,,,,,,,,,,,
680,,,324,854,,14.10,-47.25,11140,133.8,2.250,214.637,953.13,33.710,501.38,1.45,0.09,-1.48,0.41,0.007,0.09,-0.68,0.536,0.01,0.45,0.194,-42.8,83.595,0.672,-52.500,2520,-8.22,1766.7,1.16,-49.63,112.5,0,1,0,0,0,1,0,1,1,1,1,1,0,1,1,0,0,1,0,0,0,0,0,0,0,0,0,0,0,1,0,0,0,0,942.7,09,0,1,0,1,0,1,1,1,1,1,1,,,,,,,,,,,,,,,,,,,,,,,,,,,,,,,,,,,,,,,,,,,,,,,,,,,,,,,,,,
681,,,325,250,,14.10,72.00,2644,56.3,33.000,4.064,11.84,7.633,24.75,1.00,0.88,-0.76,0.75,1.076,1.02,-1.32,1.165,0.00,0.90,4.160,19.5,28.183,0.694,0.000,900,6.12,4.3,3.69,-2.37,44.3,1,1,0,1,1,1,0,0,0,0,1,0,0,0,0,0,0,0,0,0,1,1,1,1,1,0,0,0,0,0,0,0,1,1,5155.7,0C,1,1,0,1,1,0,1,0,0,151.88,437.38,,,,,,,,,,,,,,,,,,,,,,,,,,,,,,,,,,,,,,,,,,,,,,,,,,,,,,,,,,
682,,,325,640,,14.10,72.00,2656,56.3,33.000,4.134,11.84,7.633,24.94,1.00,0.82,-0.76,0.78,1.094,1.02,-1.32,1.165,0.00,0.90,4.160,19.5,29.221,0.694,0.000,900,6.11,4.3,3.68,-2.37,44.3,1,1,0,1,1,1,0,0,0,0,1,0,0,0,0,0,0,0,0,0,1,1,1,1,1,0,0,0,0,0,0,0,1,1,5155.7,0C,1,1,0,1,1,0,1,0,0,152.25,438.50,,,,,,,,,,,,,,,,,,,,,,,,,,,,,,,,,,,,,,,,,,,,,,,,,,,,,,,,,,
683,,,326,043,,14.10,72.00,2659,56.3,33.000,4.224,11.84,7.633,24.89,1.00,0.38,-0.76,0.54,1.125,1.02,-1.32,1.165,0.00,0.90,4.481,19.5,30.259,0.694,0.000,900,6.11,4.3,3.68,-2.37,44.3,1,1,0,1,1,1,0,0,0,0,1,0,0,0,0,0,0,0,0,0,1,1,1,1,1,0,0,0,0,0,0,0,1,1,5155.7,0C,1,1,0,1,1,0,1,0,0,151.19,436.38,,,,,,,,,,,,,,,,,,,,,,,,,,,,,,,,,,,,,,,,,,,,,,,,,,,,,,,,,,
684,,,326,443,,14.10,72.00,2661,56.3,33.000,4.256,11.96,7.788,25.01,1.00,0.30,-0.76,0.22,1.127,1.02,-1.32,1.165,0.00,0.90,4.481,19.5,31.640,0.694,0.000,900,6.11,4.3,3.69,-2.37,44.3,1,1,0,1,1,1,0,0,0,0,1,0,0,0,0,0,0,0,0,0,1,1,1,1,1,0,0,0,0,0,0,0,1,1,5155.7,0C,1,1,0,1,1,0,1,0,0,153.19,441.69,,,,,,,,,,,,,,,,,,,,,,,,,,,,,,,,,,,,,,,,,,,,,,,,,,,,,,,,,,
685,,,326,841,,14.10,72.00,2684,56.3,33.000,4.115,11.96,7.633,24.54,1.00,0.44,-0.76,0.22,1.125,1.02,-1.32,1.166,0.00,0.90,4.481,19.5,32.677,0.694,0.000,900,6.09,4.3,3.67,-2.37,44.3,1,1,0,1,1,1,0,0,0,0,1,0,0,0,0,0,0,0,0,0,1,1,1,1,1,0,0,0,0,0,0,0,1,1,5155.7,0C,1,1,0,1,1,0,1,0,0,150.06,434.44,,,,,,,,,,,,,,,,,,,,,,,,,,,,,,,,,,,,,,,,,,,,,,,,,,,,,,,,,,
686,,,327,233,,14.10,72.00,2684,56.3,33.750,3.648,10.89,6.007,22.48,1.00,0.85,-0.76,0.42,1.107,1.02,-1.32,1.164,0.00,0.90,4.801,19.5,34.058,0.694,-56.250,2520,-5.87,1766.7,1.16,-49.63,112.5,0,1,0,0,0,1,0,1,1,1,1,1,0,1,1,0,0,1,0,0,0,0,0,0,0,0,0,0,0,1,0,0,0,0,5508.2,0C,0,1,0,1,0,1,1,1,1,1,1,,,,,,,,,,,,,,,,,,,,,,,,,,,,,,,,,,,,,,,,,,,,,,,,,,,,,,,,,,
687,,,327,641,,14.10,72.00,2690,56.3,34.500,4.038,12.21,7.633,22.80,1.00,0.47,-0.76,0.62,1.165,1.02,-1.32,1.165,0.00,0.90,4.801,19.5,35.790,0.694,0.000,900,6.09,4.3,3.67,-2.37,44.3,1,1,0,1,1,1,0,0,0,0,1,0,0,0,0,0,0,0,0,0,1,1,1,1,1,0,0,0,0,0,0,0,1,1,5155.7,0C,1,1,0,1,1,0,1,0,0,135.25,399.56,,,,,,,,,,,,,,,,,,,,,,,,,,,,,,,,,,,,,,,,,,,,,,,,,,,,,,,,,,
688,,,328,051,,14.10,72.00,2708,57.5,33.000,4.390,12.82,9.248,26.44,1.00,0.88,-0.76,0.58,1.104,1.02,-1.32,1.168,0.00,0.90,4.801,19.5,37.171,0.694,0.000,900,6.09,4.3,3.67,-2.36,44.3,1,1,0,1,1,1,0,0,0,0,1,0,0,0,0,0,0,0,0,0,1,1,1,1,1,0,0,0,0,0,0,0,1,1,5155.7,0C,1,1,0,1,1,0,1,0,0,162.13,463.75,,,,,,,,,,,,,,,,,,,,,,,,,,,,,,,,,,,,,,,,,,,,,,,,,,,,,,,,,,
689,,,328,450,,14.10,72.00,2726,57.5,33.000,4.506,12.82,8.930,26.95,1.00,0.82,-0.76,0.79,1.123,1.02,-1.32,1.168,0.00,0.90,4.801,19.5,38.552,0.694,0.000,900,6.09,4.3,3.67,-2.36,44.3,1,1,0,1,1,1,0,0,0,0,1,0,0,0,0,0,0,0,0,0,1,1,1,1,1,0,0,0,0,0,0,0,1,1,5155.7,0C,1,1,0,1,1,0,1,0,0,163.31,465.94,,,,,,,,,,,,,,,,,,,,,,,,,,,,,,,,,,,,,,,,,,,,,,,,,,,,,,,,,,
690,,,328,843,,14.10,72.00,2735,57.5,33.750,3.706,10.64,5.843,22.66,1.00,0.30,-0.76,0.22,1.155,1.02,-1.32,1.166,0.00,0.90,0.194,-42.8,79.298,0.672,-57.750,2520,-4.31,1766.7,1.16,-49.63,112.5,0,1,0,0,0,1,0,1,1,1,1,1,0,1,1,0,0,1,0,0,0,0,0,0,0,0,0,0,0,1,0,0,0,0,7684.2,8A,0,1,0,1,0,1,1,1,1,1,1,,,,,,,,,,,,,,,,,,,,,,,,,,,,,,,,,,,,,,,,,,,,,,,,,,,,,,,,,,
691,,,329,241,,14.10,72.00,2735,57.5,34.500,3.590,10.33,3.078,20.51,1.00,0.34,-0.76,0.28,1.197,1.02,-1.32,1.164,0.00,0.90,4.577,19.5,41.665,0.694,0.000,900,6.09,4.3,3.67,-2.36,44.3,1,1,0,1,1,1,0,0,0,0,1,0,0,0,0,0,0,0,0,0,1,1,1,1,1,0,0,0,0,0,0,0,1,1,5155.7,0C,1,1,0,1,1,0,1,0,0,123.81,371.25,,,,,,,,,,,,,,,,,,,,,,,,,,,,,,,,,,,,,,,,,,,,,,,,,,,,,,,,,,
692,,,329,640,,14.10,72.00,2737,57.5,36.000,3.168,10.57,4.546,18.73,1.00,0.37,-0.76,0.19,1.182,1.02,-1.32,1.165,0.00,0.90,4.577,19.5,44.083,0.694,0.000,900,6.09,4.3,3.67,-2.36,44.3,1,1,0,1,1,1,0,0,0,0,1,0,0,0,0,0,0,0,0,0,1,1,1,1,1,0,0,0,0,0,0,0,1,1,5155.7,0C,1,1,0,1,1,0,1,0,0,112.38,345.50,,,,,,,,,,,,,,,,,,,,,,,,,,,,,,,,,,,,,,,,,,,,,,,,,,,,,,,,,,
693,,,330,030,,14.10,72.00,2751,57.5,33.000,4.934,14.16,10.225,26.39,1.00,0.79,-0.76,0.77,1.195,1.02,-1.32,1.169,0.00,0.90,4.577,19.5,46.159,0.694,-57.750,2520,-4.31,1766.7,1.16,-49.63,112.5,0,1,0,0,0,1,0,1,1,1,1,1,0,1,1,0,0,1,0,0,0,0,0,0,0,0,0,1,0,1,0,0,0,0,1028.7,CE,0,1,0,1,0,1,1,1,1,1,1,,,,,,,,,,,,,,,,,,,,,,,,,,,,,,,,,,,,,,,,,,,,,,,,,,,,,,,,,,
694,,,330,413,,14.10,72.00,2753,58.8,32.250,5.062,13.67,10.390,29.11,1.00,1.02,-0.76,0.89,1.158,1.02,-1.32,1.170,0.00,0.90,4.577,19.5,47.196,0.694,0.000,900,6.09,4.3,3.67,-2.36,44.3,1,1,0,1,1,1,0,0,0,0,1,0,0,0,0,0,0,0,0,0,1,1,1,1,1,0,0,0,0,0,0,0,1,1,5155.7,0C,1,1,0,1,1,0,1,0,0,175.81,491.81,,,,,,,,,,,,,,,,,,,,,,,,,,,,,,,,,,,,,,,,,,,,,,,,,,,,,,,,,,
695,,,330,807,,14.10,72.00,2775,58.8,32.250,4.685,13.75,10.555,28.99,1.00,0.88,-0.76,0.31,1.109,1.02,-1.32,1.170,0.00,0.90,4.577,19.5,48.920,0.694,-57.750,2520,-4.31,1766.7,1.16,-49.63,112.5,0,1,0,0,0,1,0,1,1,1,1,1,0,1,1,0,0,1,0,0,0,0,0,0,0,0,1,1,0,1,0,0,0,0,346.3,C4,0,1,0,1,0,1,1,1,1,1,1,,,,,,,,,,,,,,,,,,,,,,,,,,,,,,,,,,,,,,,,,,,,,,,,,,,,,,,,,,
696,,,331,200,,14.10,72.00,2795,58.8,33.000,4.493,12.08,8.281,26.74,1.00,0.46,-0.76,0.56,1.174,1.02,-1.32,1.172,0.00,0.90,5.988,19.5,50.652,0.694,0.000,900,6.09,4.3,3.67,-2.36,44.3,1,1,0,1,1,1,0,0,0,0,1,0,0,0,0,0,0,0,0,0,1,1,1,1,1,0,0,0,0,0,0,0,1,1,5155.7,0C,1,1,0,1,1,0,1,0,0,153.56,442.44,,,,,,,,,,,,,,,,,,,,,,,,,,,,,,,,,,,,,,,,,,,,,,,,,,,,,,,,,,
697,,,331,603,,14.10,72.00,2806,58.8,33.750,4.077,12.21,8.116,24.07,1.00,0.28,-0.76,0.21,1.187,1.02,-1.32,1.172,0.00,0.90,5.988,19.5,52.720,0.694,0.000,900,6.09,4.3,3.67,-2.36,44.3,1,1,0,1,1,1,0,0,0,0,1,0,0,0,0,0,0,0,0,0,1,1,1,1,1,0,0,0,0,0,0,0,1,1,5155.7,0C,1,1,0,1,1,0,1,0,0,147.94,427.25,,,,,,,,,,,,,,,,,,,,,,,,,,,,,,,,,,,,,,,,,,,,,,,,,,,,,,,,,,
698,,,331,990,,14.10,72.00,2814,58.8,33.750,4.019,12.08,7.382,24.02,1.00,0.85,-0.76,0.65,1.177,1.02,-1.32,1.172,0.00,0.90,5.283,19.5,54.795,0.694,0.000,900,6.09,4.3,3.67,-2.36,44.3,1,1,0,1,1,1,0,0,0,0,1,0,0,0,0,0,0,0,0,0,1,1,1,1,1,0,0,0,0,0,0,0,1,1,5155.7,0C,1,1,0,1,1,0,1,0,0,146.88,424.50,,,,,,,,,,,,,,,,,,,,,,,,,,,,,,,,,,,,,,,,,,,,,,,,,,,,,,,,,,
699,,,332,390,,14.10,72.00,2813,60.0,34.500,3.430,10.69,5.194,20.55,1.00,0.81,-0.76,0.81,1.199,1.02,-1.32,1.165,0.00,0.90,5.283,19.5,57.214,0.694,0.000,900,6.09,4.3,3.67,-2.36,44.3,1,1,0,1,1,1,0,0,0,0,1,0,0,0,0,0,0,0,0,0,1,1,1,1,1,0,0,0,0,0,0,0,1,1,5155.7,0C,1,1,0,1,1,0,1,0,0,123.44,368.88,,,,,,,,,,,,,,,,,,,,,,,,,,,,,,,,,,,,,,,,,,,,,,,,,,,,,,,,,,
700,,,334,824,,14.10,72.75,2807,58.8,35.250,3.002,9.18,0.000,17.84,1.00,0.90,-0.76,0.81,1.209,1.02,-1.32,1.166,0.00,0.90,4.577,19.5,50.652,0.694,0.000,900,6.09,4.3,3.67,-4.49,44.3,1,1,0,1,1,1,0,0,0,0,1,0,0,0,0,0,0,0,1,0,1,1,1,1,1,0,0,0,0,1,0,0,1,1,5155.7,0C,1,1,0,1,1,0,1,0,0,107.63,333.94,,,,,,,,,,,,,,,,,,,,,,,,,,,,,,,,,,,,,,,,,,,,,,,,,,,,,,,,,,
701,,,335,213,,14.10,72.75,2782,58.8,38.250,2.426,7.64,0.000,13.43,1.00,0.27,-0.76,0.19,1.232,1.02,-1.32,1.166,0.00,0.90,3.874,19.5,41.665,0.694,0.000,900,6.09,4.3,3.67,-4.47,44.3,1,1,0,1,1,1,0,0,0,0,1,0,0,0,0,0,0,0,1,0,1,1,1,1,1,0,0,0,0,1,0,0,1,1,5155.7,0C,1,1,0,1,1,0,1,0,0,81.88,277.13,,,,,,,,,,,,,,,,,,,,,,,,,,,,,,,,,,,,,,,,,,,,,,,,,,,,,,,,,,
702,,,335,610,,14.10,72.75,2753,58.8,39.750,1.837,5.35,0.000,9.75,1.00,0.29,-0.76,0.22,1.257,1.02,-1.32,1.166,0.00,0.90,3.874,19.5,33.371,0.694,0.000,900,6.09,4.3,3.67,-4.45,44.3,1,1,0,1,1,1,0,0,0,0,1,0,0,0,0,0,0,0,1,0,1,1,1,1,1,0,0,0,0,1,0,0,1,1,5155.7,0C,1,1,0,1,1,0,1,0,0,55.25,213.75,,,,,,,,,,,,,,,,,,,,,,,,,,,,,,,,,,,,,,,,,,,,,,,,,,,,,,,,,,
703,,,336,023,,14.10,72.75,2734,57.5,-6.000,0.000,6.20,0.000,10.13,1.00,0.24,-0.76,0.15,1.000,1.02,-1.32,1.166,0.00,0.90,1.918,19.5,0.000,0.694,0.000,900,6.09,4.3,3.67,-4.45,44.3,1,1,0,1,1,1,0,0,0,0,1,0,0,0,0,0,0,0,1,0,0,1,0,1,0,0,1,0,0,1,0,0,1,1,5155.7,0C,1,1,0,1,1,0,1,0,0,61.50,228.94,,,,,,,,,,,,,,,,,,,,,,,,,,,,,,,,,,,,,,,,,,,,,,,,,,,,,,,,,,
704,,,336,436,,14.10,72.75,2697,57.5,-11.250,0.000,6.54,0.000,10.80,1.00,0.22,-0.76,0.13,1.000,1.02,-1.32,1.166,0.00,0.90,1.918,19.5,0.000,0.694,0.000,900,6.09,4.3,3.67,-4.43,44.3,1,1,0,1,1,1,0,0,0,0,1,0,0,0,0,0,0,0,1,0,0,1,0,1,0,0,1,0,0,1,0,0,1,1,5155.7,0C,1,1,0,1,1,0,1,0,0,68.31,244.25,,,,,,,,,,,,,,,,,,,,,,,,,,,,,,,,,,,,,,,,,,,,,,,,,,,,,,,,,,
705,,,336,844,,14.10,72.75,2660,56.3,28.500,2.342,8.81,8.602,12.54,0.97,0.23,-0.76,0.17,1.015,1.02,-1.32,1.161,0.00,0.90,1.918,19.5,9.133,0.694,0.000,900,6.11,4.3,3.69,-2.37,44.3,1,1,0,1,1,1,0,0,0,0,1,0,0,0,0,0,0,0,0,0,1,1,1,1,0,0,0,0,0,1,0,0,1,1,5155.7,0C,1,1,0,1,1,0,1,0,0,78.31,264.63,,,,,,,,,,,,,,,,,,,,,,,,,,,,,,,,,,,,,,,,,,,,,,,,,,,,,,,,,,
706,,,337,255,,14.10,72.75,2641,56.3,9.000,4.467,12.33,7.953,24.73,0.97,0.76,-0.76,0.76,1.025,1.02,-1.32,1.165,0.00,0.90,2.559,19.5,9.522,0.694,0.000,900,6.13,4.3,3.70,-2.38,44.3,1,1,0,1,1,1,0,0,0,0,1,0,0,0,0,0,0,0,0,0,1,1,1,1,1,0,0,0,0,0,0,0,1,1,5155.7,0C,1,1,0,1,1,0,1,0,0,151.88,437.81,,,,,,,,,,,,,,,,,,,,,,,,,,,,,,,,,,,,,,,,,,,,,,,,,,,,,,,,,,
707,,,337,650,,14.10,72.75,2644,56.3,25.500,3.328,10.40,0.000,21.54,1.00,0.90,-0.76,0.56,0.985,1.02,-1.32,1.160,0.00,0.90,2.559,19.5,10.208,0.694,0.000,900,6.12,4.3,3.69,-4.42,44.3,1,1,0,1,1,1,0,0,0,0,1,0,0,0,0,0,0,0,1,0,1,1,1,1,1,0,0,0,0,1,0,0,1,1,5155.7,0C,1,1,0,1,1,0,1,0,0,129.38,383.63,,,,,,,,,,,,,,,,,,,,,,,,,,,,,,,,,,,,,,,,,,,,,,,,,,,,,,,,,,
708,,,338,116,,14.10,72.75,2638,56.3,36.000,2.714,8.45,0.000,16.71,1.00,0.26,-0.76,0.18,1.031,1.02,-1.32,1.161,0.00,0.90,3.201,19.5,10.559,0.694,0.000,900,6.12,4.3,3.70,-4.42,44.3,1,1,0,1,1,1,0,0,0,0,1,0,0,0,0,0,0,0,1,0,1,1,1,1,1,0,0,0,0,1,0,0,1,1,5155.7,0C,1,1,0,1,1,0,1,0,0,99.38,317.25,,,,,,,,,,,,,,,,,,,,,,,,,,,,,,,,,,,,,,,,,,,,,,,,,,,,,,,,,,
709,,,338,582,,14.10,72.75,2584,55.0,15.750,2.310,6.45,2.272,13.52,1.00,0.27,-0.76,0.21,1.072,1.02,-1.32,1.153,0.00,0.90,3.201,19.5,11.246,0.694,0.000,900,6.16,4.3,3.71,-2.39,44.3,1,1,0,1,1,1,0,0,0,0,1,0,0,0,0,0,0,0,0,0,1,1,1,1,1,0,0,0,0,1,0,0,1,1,5155.7,0C,1,1,0,1,1,0,1,0,0,81.25,261.44,,,,,,,,,,,,,,,,,,,,,,,,,,,,,,,,,,,,,,,,,,,,,,,,,,,,,,,,,,
710,,,338,990,,14.10,72.75,2630,55.0,35.250,3.379,10.99,6.163,19.64,0.99,0.87,-0.76,0.74,1.039,1.02,-1.32,1.155,0.00,0.90,3.201,19.5,11.940,0.694,0.000,900,6.12,4.3,3.69,-2.38,44.3,1,1,0,1,1,1,0,0,0,0,1,0,0,0,0,0,0,0,0,0,1,1,1,1,1,0,0,0,0,0,0,0,1,1,5155.7,0C,1,1,0,1,1,0,1,0,0,131.19,383.63,,,,,,,,,,,,,,,,,,,,,,,,,,,,,,,,,,,,,,,,,,,,,,,,,,,,,,,,,,
711,,,339,425,,14.10,72.75,2618,55.0,34.500,3.629,10.82,6.007,22.05,1.00,0.95,-0.76,0.87,1.031,1.02,-1.32,1.158,0.00,0.90,3.201,19.5,12.284,0.694,0.000,900,6.13,4.3,3.70,-2.38,44.3,1,1,0,1,1,1,0,0,0,0,1,0,0,0,0,0,0,0,0,0,1,1,1,1,1,0,0,0,0,0,0,0,1,1,5155.7,0C,1,1,0,1,1,0,1,0,0,136.06,396.94,,,,,,,,,,,,,,,,,,,,,,,,,,,,,,,,,,,,,,,,,,,,,,,,,,,,,,,,,,
712,,,339,821,,14.10,72.75,2615,55.0,33.000,4.640,13.31,9.656,26.58,1.00,0.30,-0.76,0.21,1.042,1.02,-1.32,1.165,0.00,0.90,3.201,19.5,12.978,0.694,0.000,900,6.14,4.3,3.70,-2.38,44.3,1,1,0,1,1,1,0,0,0,0,1,0,0,0,0,0,0,0,0,0,1,1,1,1,1,0,0,0,0,0,0,0,1,1,5155.7,0C,1,1,0,1,1,0,1,0,0,173.56,486.06,,,,,,,,,,,,,,,,,,,,,,,,,,,,,,,,,,,,,,,,,,,,,,,,,,,,,,,,,,
713,,,340,220,,14.10,72.75,2640,55.0,28.500,6.259,15.92,13.803,37.83,1.00,0.99,-0.76,0.90,0.993,1.02,-1.32,1.174,0.00,0.90,5.760,19.5,13.664,0.694,0.000,900,6.12,4.3,3.69,-2.38,44.3,1,1,0,1,1,1,0,0,0,0,1,0,0,0,0,0,0,0,0,0,1,1,1,1,1,0,0,1,0,0,0,0,1,1,5155.7,0C,1,1,0,1,1,0,1,0,0,228.75,607.31,,,,,,,,,,,,,,,,,,,,,,,,,,,,,,,,,,,,,,,,,,,,,,,,,,,,,,,,,,
714,,,340,620,,14.10,72.75,2662,56.3,30.750,5.171,14.28,12.499,33.23,1.00,0.32,-0.76,0.20,0.980,1.02,-1.32,1.169,0.00,0.90,5.760,19.5,14.015,0.694,0.000,900,6.11,4.3,3.69,-2.37,44.3,1,1,0,1,1,1,0,0,0,0,1,0,0,0,0,0,0,0,0,0,1,1,1,1,1,0,0,1,0,0,0,0,1,1,5155.7,0C,1,1,0,1,1,0,1,0,0,197.56,539.94,,,,,,,,,,,,,,,,,,,,,,,,,,,,,,,,,,,,,,,,,,,,,,,,,,,,,,,,,,
715,,,341,021,,14.10,72.75,2694,56.3,33.000,4.077,11.79,6.413,26.79,1.00,0.27,-0.76,0.20,1.029,1.02,-1.32,1.167,0.00,0.90,5.440,19.5,14.702,0.694,0.000,900,6.09,4.3,3.67,-2.37,44.3,1,1,0,1,1,1,0,0,0,0,1,0,0,0,0,0,0,0,0,0,1,1,1,1,1,0,0,0,0,0,0,0,1,1,5155.7,0C,1,1,0,1,1,0,1,0,0,147.00,426.94,,,,,,,,,,,,,,,,,,,,,,,,,,,,,,,,,,,,,,,,,,,,,,,,,,,,,,,,,,
716,,,341,414,,14.10,72.75,2700,57.5,35.250,3.008,9.42,0.000,18.73,1.00,0.25,-0.76,0.18,1.070,1.02,-1.32,1.165,0.00,0.90,5.440,19.5,15.053,0.694,0.000,900,6.09,4.3,3.67,-4.43,44.3,1,1,0,1,1,1,0,0,0,0,1,0,0,0,0,0,0,0,1,0,1,1,1,1,1,0,0,0,0,1,0,0,1,1,5155.7,0C,1,1,0,1,1,0,1,0,0,107.63,335.63,,,,,,,,,,,,,,,,,,,,,,,,,,,,,,,,,,,,,,,,,,,,,,,,,,,,,,,,,,
717,,,341,817,,14.10,72.75,2672,56.3,17.250,2.528,7.84,0.000,14.70,1.00,0.27,-0.76,0.20,1.106,1.02,-1.32,1.162,0.00,0.90,5.440,19.5,15.740,0.694,0.000,900,6.10,4.3,3.68,-4.42,44.3,1,1,0,1,1,1,0,0,0,0,1,0,0,0,0,0,0,0,1,0,1,1,1,1,1,0,0,0,0,1,0,0,1,1,5155.7,0C,1,1,0,1,1,0,1,0,0,85.31,284.31,,,,,,,,,,,,,,,,,,,,,,,,,,,,,,,,,,,,,,,,,,,,,,,,,,,,,,,,,,
718,,,342,228,,14.10,72.75,2636,56.3,24.750,1.971,5.27,0.000,11.18,1.00,0.30,-0.76,0.25,1.138,1.02,-1.32,1.158,0.00,0.90,2.559,19.5,16.777,0.694,0.000,900,6.12,4.3,3.69,-4.42,44.3,1,1,0,1,1,1,0,0,0,0,1,0,0,0,0,0,0,0,1,0,1,1,1,1,1,0,0,0,0,1,0,0,1,1,5155.7,0C,1,1,0,1,1,0,1,0,0,61.00,219.75,,,,,,,,,,,,,,,,,,,,,,,,,,,,,,,,,,,,,,,,,,,,,,,,,,,,,,,,,,
719,,,342,652,,14.10,72.75,2686,55.0,36.000,3.514,12.08,13.640,18.66,1.00,0.25,-0.76,0.18,1.134,1.02,-1.32,1.165,0.00,0.90,2.559,19.5,18.158,0.694,0.000,900,6.09,4.3,3.67,-2.36,44.3,1,1,0,1,1,1,0,0,0,0,1,0,0,0,0,0,0,0,0,0,1,1,1,1,0,0,0,0,0,1,0,0,1,1,5155.7,0C,1,1,0,1,1,0,1,0,0,120.06,362.56,,,,,,,,,,,,,,,,,,,,,,,,,,,,,,,,,,,,,,,,,,,,,,,,,,,,,,,,,,
720,,,343,076,,14.10,72.75,2665,56.3,20.250,7.104,16.53,14.452,39.07,1.00,1.03,-0.76,0.95,1.091,1.02,-1.32,1.178,0.00,0.90,7.682,19.5,19.547,0.694,0.000,900,6.10,4.3,3.68,-2.37,44.3,1,1,0,1,1,1,0,0,0,0,1,0,0,0,0,0,0,0,0,0,1,1,1,1,1,0,0,1,0,0,0,0,1,1,5155.7,0C,1,1,0,1,1,0,1,0,0,237.19,624.88,,,,,,,,,,,,,,,,,,,,,,,,,,,,,,,,,,,,,,,,,,,,,,,,,,,,,,,,,,
721,,,343,473,,14.10,72.75,2695,56.3,28.500,6.445,16.53,14.617,38.55,1.00,1.03,-0.76,0.91,1.036,1.02,-1.32,1.178,0.00,0.90,7.682,19.5,19.890,0.694,0.000,900,6.09,4.3,3.67,-2.36,44.3,1,1,0,1,1,1,0,0,0,0,1,0,0,0,0,0,0,0,0,0,1,1,1,1,1,0,0,1,0,0,0,0,1,1,5155.7,0C,1,1,0,1,1,0,1,0,0,234.25,618.63,,,,,,,,,,,,,,,,,,,,,,,,,,,,,,,,,,,,,,,,,,,,,,,,,,,,,,,,,,
722,,,343,870,,14.10,72.75,2736,57.5,28.500,5.888,16.41,14.452,37.55,1.00,0.90,-0.76,0.28,0.982,1.02,-1.32,1.174,0.00,0.90,7.682,19.5,20.233,0.694,0.000,900,6.09,4.3,3.67,-2.36,44.3,1,1,0,1,1,1,0,0,0,0,1,0,0,0,0,0,0,0,0,0,1,1,1,1,1,0,0,1,0,0,0,0,1,1,5155.7,0C,1,1,0,1,1,0,1,0,0,228.69,605.75,,,,,,,,,,,,,,,,,,,,,,,,,,,,,,,,,,,,,,,,,,,,,,,,,,,,,,,,,,
723,,,344,277,,14.10,72.75,2766,58.8,31.500,5.139,14.23,11.531,31.76,1.00,0.29,-0.76,0.24,1.051,1.02,-1.32,1.170,0.00,0.90,7.043,19.5,20.233,0.694,0.000,900,6.09,4.3,3.67,-2.36,44.3,1,1,0,1,1,1,0,0,0,0,1,0,0,0,0,0,0,0,0,0,1,1,1,1,1,0,0,1,0,0,0,0,1,1,5155.7,0C,1,1,0,1,1,0,1,0,0,189.50,520.63,,,,,,,,,,,,,,,,,,,,,,,,,,,,,,,,,,,,,,,,,,,,,,,,,,,,,,,,,,
724,,,344,663,,14.10,72.75,2793,58.8,33.000,4.781,13.75,10.225,28.29,1.00,0.30,-0.76,0.23,1.101,1.02,-1.32,1.171,0.00,0.90,7.043,19.5,20.928,0.694,0.000,900,6.08,4.3,3.67,-2.36,44.3,1,1,0,1,1,1,0,0,0,0,1,0,0,0,0,0,0,0,0,0,1,1,1,1,1,0,0,0,0,0,0,0,1,1,5155.7,0C,1,1,0,1,1,0,1,0,0,171.75,481.44,,,,,,,,,,,,,,,,,,,,,,,,,,,,,,,,,,,,,,,,,,,,,,,,,,,,,,,,,,
725,,,345,067,,14.10,72.75,2823,60.0,29.250,6.170,16.53,13.803,35.81,1.00,0.95,-0.76,0.88,1.064,1.02,-1.32,1.170,0.00,0.90,6.691,18.8,21.965,0.694,0.000,900,6.08,4.3,3.67,-2.36,44.3,1,1,0,1,1,1,0,0,0,0,1,0,0,0,0,0,0,0,0,0,1,1,1,1,1,0,0,1,0,0,0,0,1,1,5155.7,0C,1,1,0,1,1,0,1,0,0,220.56,585.75,,,,,,,,,,,,,,,,,,,,,,,,,,,,,,,,,,,,,,,,,,,,,,,,,,,,,,,,,,
726,,,345,481,,14.10,72.75,2857,60.0,27.750,7.840,890.63,45.820,315.09,0.66,0.45,-0.60,0.83,0.347,2.77,-0.31,0.963,0.00,0.00,68.667,42.0,83.613,0.916,0.000,170,-11.58,4138.6,-199.48,-199.48,-199.48,-199.48,-199.48,-199.48,-199.48,-199.48,-199.48,-199.48,-199.48,-199.48,-199.48,-199.48,-199.48,-199.48,-199.48,-199.48,-199.48,-199.48,-199.48,-199.48,-199.48,-199.48,-199.48,-199.48,-199.48,-199.48,-199.48,-199.48,-199.48,-199.48,-199.48,-199.48,-199.48,-199.48,-199.48,-199.48,,,,,,,,,,,,,,,,,,,,,,,,,,,,,,,,,,,,,,,,,,,,,,,,,,,,,,,,,,,,,,,,,,,,,,
727,,,345,924,,14.10,72.75,2918,61.3,22.500,8.973,24.88,21.758,58.38,1.00,0.94,-0.76,0.85,0.985,1.02,-1.32,1.112,0.00,0.90,6.691,18.8,34.058,0.694,0.000,900,6.08,4.3,3.67,-2.36,44.3,1,1,0,1,1,1,0,0,0,0,1,0,0,0,0,0,0,0,0,0,1,1,1,1,1,0,0,1,0,0,0,0,1,1,5155.7,0C,1,1,0,1,1,0,1,0,0,351.13,819.38,,,,,,,,,,,,,,,,,,,,,,,,,,,,,,,,,,,,,,,,,,,,,,,,,,,,,,,,,,
728,,,346,351,,14.10,72.75,3000,63.8,24.000,8.179,23.17,21.758,53.60,1.00,0.34,-0.76,0.29,0.979,1.02,-1.32,1.124,0.00,0.90,11.270,18.8,31.296,0.694,0.000,900,6.08,4.3,3.67,-2.36,44.3,1,1,0,1,1,1,0,0,0,0,1,0,0,0,0,0,0,0,0,0,1,1,1,1,1,0,0,1,0,0,0,0,1,1,5155.7,0C,1,1,0,1,1,0,1,0,0,325.94,778.44,,,,,,,,,,,,,,,,,,,,,,,,,,,,,,,,,,,,,,,,,,,,,,,,,,,,,,,,,,
729,,,346,756,,14.10,72.75,3060,65.0,24.000,7.942,22.68,21.437,52.48,1.00,0.37,-0.76,0.32,0.977,1.02,-1.32,1.128,0.00,0.90,11.270,18.8,30.602,0.694,0.000,900,6.07,4.3,3.66,-2.36,44.3,1,1,0,1,1,1,0,0,0,0,1,0,0,0,0,0,0,0,0,0,1,1,1,1,1,0,0,1,0,0,0,0,1,1,5155.7,0C,1,1,0,1,1,0,1,0,0,321.94,757.63,,,,,,,,,,,,,,,,,,,,,,,,,,,,,,,,,,,,,,,,,,,,,,,,,,,,,,,,,,
730,,,347,160,,14.10,72.75,3124,66.3,26.250,6.342,16.77,14.937,44.72,1.00,0.50,-0.76,0.26,0.954,1.02,-1.32,1.147,0.00,0.90,10.567,18.0,28.527,0.694,0.000,900,6.07,4.3,3.66,-2.36,44.3,1,1,0,1,1,1,0,0,0,0,1,0,0,0,0,0,0,0,0,0,1,1,1,1,1,0,0,1,0,0,0,0,1,1,5155.7,0C,1,1,0,1,1,0,1,0,0,258.25,631.75,,,,,,,,,,,,,,,,,,,,,,,,,,,,,,,,,,,,,,,,,,,,,,,,,,,,,,,,,,
731,,,347,540,,14.10,-46.50,6601,95.0,3.750,134.362,1428.13,20.819,212.84,0.70,0.44,-0.66,1.07,0.347,0.00,9.22,1.523,0.01,0.02,96.862,141.0,48.153,0.047,93.000,1940,94.40,313.0,-78.91,9.58,-24.8,0,1,1,1,0,1,0,1,0,1,0,1,0,1,0,1,0,1,1,1,1,1,1,1,1,1,1,1,1,1,1,1,1,1,1,,,,,,,,,,,,,,,,,,,,,,,,,,,,,,,,,,,,,,,,,,,,,,,,,,,,,,,,,,,,,,,,,,,,,,
732,,,347,930,,14.10,72.75,3175,67.5,27.750,5.990,17.70,15.914,39.59,1.00,0.89,-0.76,0.83,0.967,1.02,-1.32,1.152,0.00,0.90,8.217,18.0,27.146,0.694,0.000,900,6.06,4.3,3.66,-2.35,44.3,1,1,0,1,1,1,0,0,0,0,1,0,0,0,0,0,0,0,0,0,1,1,1,1,1,0,0,1,0,0,0,0,1,1,5155.7,0C,1,1,0,1,1,0,1,0,0,243.44,592.94,,,,,,,,,,,,,,,,,,,,,,,,,,,,,,,,,,,,,,,,,,,,,,,,,,,,,,,,,,
733,,,348,329,,14.10,72.75,3197,67.5,28.500,5.587,17.26,15.343,39.40,1.00,0.88,-0.76,0.69,0.903,1.02,-1.32,1.151,0.00,0.90,8.217,18.0,27.840,0.694,-0.750,900,6.06,4.3,3.50,-48.07,112.5,0,1,0,0,0,1,0,1,1,1,1,1,0,1,1,0,0,1,0,0,0,0,0,0,0,0,1,1,1,1,0,0,0,0,262.0,73,0,1,0,1,0,1,1,1,1,1,1,,,,,,,,,,,,,,,,,,,,,,,,,,,,,,,,,,,,,,,,,,,,,,,,,,,,,,,,,,
734,,,348,731,,14.10,72.75,3225,67.5,21.000,2.944,10.64,0.000,21.84,1.00,0.46,-0.76,0.22,0.935,1.02,-1.32,1.176,0.00,0.90,8.217,18.0,28.183,0.694,0.000,900,6.06,4.3,3.66,-4.68,44.3,1,1,0,1,1,1,0,0,0,0,1,0,0,0,0,0,0,0,1,0,1,1,1,1,1,0,0,0,0,1,0,0,1,1,5155.7,0C,1,1,0,1,1,0,1,0,0,133.50,363.94,,,,,,,,,,,,,,,,,,,,,,,,,,,,,,,,,,,,,,,,,,,,,,,,,,,,,,,,,,
735,,,349,150,,14.10,72.75,3181,67.5,27.750,2.323,8.25,0.000,16.01,1.00,0.40,-0.76,0.48,0.981,1.02,-1.32,1.166,0.00,0.90,3.522,18.0,29.221,0.694,0.000,900,6.06,4.3,3.65,-4.69,44.3,1,1,0,1,1,1,0,0,0,0,1,0,0,0,0,0,0,0,1,0,1,1,1,1,1,0,0,0,0,1,0,0,1,1,5155.8,0C,1,1,0,1,1,0,1,0,0,96.06,286.25,,,,,,,,,,,,,,,,,,,,,,,,,,,,,,,,,,,,,,,,,,,,,,,,,,,,,,,,,,
736,,,349,553,,14.10,72.75,3147,66.3,18.750,1.722,6.79,0.000,11.37,1.00,0.27,-0.76,0.18,0.984,1.02,-1.32,1.166,0.00,0.90,3.522,18.0,31.296,0.694,0.000,900,6.06,4.3,3.65,-4.67,44.3,1,1,0,1,1,1,0,0,0,0,1,0,0,0,0,0,0,0,1,0,1,1,1,1,1,0,0,0,0,1,0,0,1,1,5155.8,0C,1,1,0,1,1,0,1,0,0,69.75,226.38,,,,,,,,,,,,,,,,,,,,,,,,,,,,,,,,,,,,,,,,,,,,,,,,,,,,,,,,,,
737,,,349,962,,14.10,72.75,3112,66.3,-12.000,0.000,6.86,0.000,11.65,1.00,0.25,-0.76,0.15,1.000,1.02,-1.32,1.166,0.00,0.90,1.957,18.0,0.000,0.694,0.000,900,6.06,4.3,3.65,-4.65,44.3,1,1,0,1,1,1,0,0,0,0,1,0,0,0,0,0,0,0,1,0,0,1,0,1,0,0,1,0,0,1,0,0,1,1,5155.8,0C,1,1,0,1,1,0,1,0,0,71.00,239.81,,,,,,,,,,,,,,,,,,,,,,,,,,,,,,,,,,,,,,,,,,,,,,,,,,,,,,,,,,
738,,,350,371,,14.10,72.75,3063,65.0,-13.500,0.000,7.30,0.000,11.60,1.00,0.22,-0.76,0.12,1.000,1.02,-1.32,1.166,0.00,0.90,1.957,18.0,0.000,0.694,0.000,900,6.06,4.3,3.66,-4.63,44.3,1,1,0,1,1,1,0,0,0,0,1,0,0,0,0,0,0,0,1,0,0,1,0,1,0,0,1,0,0,1,0,0,1,1,5155.8,0C,1,1,0,1,1,0,1,0,0,71.31,241.44,,,,,,,,,,,,,,,,,,,,,,,,,,,,,,,,,,,,,,,,,,,,,,,,,,,,,,,,,,
739,,,350,762,,14.10,72.75,3016,63.8,-13.500,0.000,7.23,0.000,11.30,1.00,0.22,-0.76,0.11,1.000,1.02,-1.32,1.166,0.00,0.90,1.957,18.0,0.000,0.694,0.000,900,6.06,4.3,3.66,-4.60,44.3,1,1,0,1,1,1,0,0,0,0,1,0,0,0,0,0,0,0,1,0,0,1,0,1,0,0,1,0,0,1,0,0,1,1,5155.8,0C,1,1,0,1,1,0,1,0,0,68.44,243.06,,,,,,,,,,,,,,,,,,,,,,,,,,,,,,,,,,,,,,,,,,,,,,,,,,,,,,,,,,
740,,,351,153,,14.10,72.75,2958,62.5,-12.000,0.000,7.10,0.000,11.23,1.00,0.21,-0.76,0.11,1.000,1.02,-1.32,1.166,0.00,0.90,0.000,18.0,0.000,0.694,0.000,900,6.07,4.3,3.66,-4.56,44.3,1,1,0,1,1,1,0,0,0,0,1,0,0,0,0,0,0,0,1,0,0,1,0,1,0,0,1,0,0,1,0,0,1,1,5155.8,0C,1,1,0,1,1,0,1,0,0,68.50,243.69,,,,,,,,,,,,,,,,,,,,,,,,,,,,,,,,,,,,,,,,,,,,,,,,,,,,,,,,,,
741,,,351,550,,14.10,72.75,2923,61.3,-12.000,0.000,7.06,0.000,11.06,1.00,0.22,-0.76,0.11,1.000,1.02,-1.32,1.166,0.00,0.90,0.000,18.0,0.000,0.694,0.000,900,6.07,4.3,3.66,-4.54,44.3,1,1,0,1,1,1,0,0,0,0,1,0,0,0,0,0,0,0,1,0,0,1,0,1,0,0,1,0,0,1,0,0,1,1,5155.8,0C,1,1,0,1,1,0,1,0,0,67.75,242.06,,,,,,,,,,,,,,,,,,,,,,,,,,,,,,,,,,,,,,,,,,,,,,,,,,,,,,,,,,
742,,,351,954,,14.10,72.75,2865,61.3,-12.000,0.000,6.98,0.000,10.95,1.00,0.22,-0.76,0.11,1.000,1.02,-1.32,1.166,0.00,0.90,0.000,18.8,0.000,0.694,0.000,900,6.07,4.3,3.66,-4.51,44.3,1,1,0,1,1,1,0,0,0,0,1,0,0,0,0,0,0,0,1,0,0,1,0,1,0,0,1,0,0,1,0,0,1,1,5155.8,0C,1,1,0,1,1,0,1,0,0,66.88,240.44,,,,,,,,,,,,,,,,,,,,,,,,,,,,,,,,,,,,,,,,,,,,,,,,,,,,,,,,,,
743,,,352,351,,14.10,72.75,2909,60.0,23.250,9.600,26.27,44.820,46.03,0.97,0.26,-0.76,0.32,1.012,1.02,-1.32,1.150,0.00,0.90,0.000,18.8,8.995,0.694,0.000,900,6.07,4.3,3.66,-2.36,44.3,1,1,0,1,1,1,0,0,0,0,1,0,0,0,0,0,0,0,0,0,1,1,1,1,0,0,0,1,0,1,0,0,1,1,5155.8,0C,1,1,0,1,1,0,1,0,0,301.06,748.63,,,,,,,,,,,,,,,,,,,,,,,,,,,,,,,,,,,,,,,,,,,,,,,,,,,,,,,,,,
744,,,352,751,,14.10,72.75,2895,61.3,16.500,12.147,52.12,39.702,82.20,0.97,1.04,-0.76,0.90,0.932,1.02,-1.32,1.112,0.00,0.90,0.000,18.8,69.314,0.694,0.000,900,6.08,4.3,3.67,-2.36,44.3,1,1,0,1,1,1,0,0,0,0,1,0,0,0,0,0,0,0,0,0,1,1,1,1,0,0,0,1,0,1,0,0,1,1,5155.8,0C,1,1,0,1,1,0,1,0,0,500.00,991.31,,,,,,,,,,,,,,,,,,,,,,,,,,,,,,,,,,,,,,,,,,,,,,,,,,,,,,,,,,
745,,,353,160,,14.10,72.75,2988,62.5,18.750,11.187,39.11,42.304,77.95,0.96,0.98,-0.76,0.79,0.863,1.02,-1.32,1.110,0.00,0.90,15.147,18.8,44.770,0.694,0.000,900,6.08,4.3,3.67,-2.36,44.3,1,1,0,1,1,1,0,0,0,0,1,0,0,0,0,0,0,0,0,0,1,1,1,1,0,0,0,1,0,0,0,0,1,1,5155.8,0C,1,1,0,1,1,0,1,0,0,464.88,960.38,,,,,,,,,,,,,,,,,,,,,,,,,,,,,,,,,,,,,,,,,,,,,,,,,,,,,,,,,,
746,,,353,570,,14.10,72.75,3059,65.0,19.500,10.566,38.67,45.960,76.08,0.97,0.58,-0.76,0.18,0.846,1.02,-1.32,1.108,0.00,0.90,15.147,18.8,40.284,0.694,0.000,900,6.07,4.3,3.66,-2.36,44.3,1,1,0,1,1,1,0,0,0,0,1,0,0,0,0,0,0,0,0,0,1,1,1,1,0,0,0,1,0,0,0,0,1,1,5155.8,0C,1,1,0,1,1,0,1,0,0,464.81,955.50,,,,,,,,,,,,,,,,,,,,,,,,,,,,,,,,,,,,,,,,,,,,,,,,,,,,,,,,,,
747,,,353,952,,14.10,72.75,3162,66.3,19.500,11.078,38.94,45.960,76.22,0.98,0.52,-0.76,0.23,0.917,1.02,-1.32,1.104,0.00,0.90,15.654,18.8,43.046,0.694,0.000,900,6.07,4.3,3.66,-2.36,44.3,1,1,0,1,1,1,0,0,0,0,1,0,0,0,0,0,0,0,0,0,1,1,1,1,0,0,0,1,0,0,0,0,1,1,5155.8,0C,1,1,0,1,1,0,1,0,0,466.38,953.00,,,,,,,,,,,,,,,,,,,,,,,,,,,,,,,,,,,,,,,,,,,,,,,,,,,,,,,,,,
748,,,354,341,,14.10,72.75,3255,68.8,18.750,10.797,40.21,45.718,77.11,0.99,0.88,-0.76,0.31,0.879,1.02,-1.32,1.105,0.00,0.90,15.654,18.0,48.577,0.694,0.000,900,6.07,4.3,3.66,-2.30,44.3,1,1,0,1,1,1,0,0,0,0,1,0,0,0,0,0,0,0,0,0,1,1,1,1,0,0,0,1,0,0,0,0,1,1,5155.8,0C,1,1,0,1,1,0,1,0,0,472.19,956.94,,,,,,,,,,,,,,,,,,,,,,,,,,,,,,,,,,,,,,,,,,,,,,,,,,,,,,,,,,
749,,,354,741,,14.10,72.75,3348,70.0,18.750,11.117,41.67,45.797,78.12,0.99,0.87,-0.76,0.61,0.908,1.02,-1.32,1.106,0.00,0.90,15.654,18.0,56.527,0.694,0.000,900,6.06,4.3,3.66,-2.19,44.3,1,1,0,1,1,1,0,0,0,0,1,0,0,0,0,0,0,0,0,0,1,1,1,1,0,0,0,1,0,0,0,0,1,1,5155.8,0C,1,1,0,1,1,0,1,0,0,478.56,960.25,,,,,,,,,,,,,,,,,,,,,,,,,,,,,,,,,,,,,,,,,,,,,,,,,,,,,,,,,,
750,,,355,124,,14.10,72.75,3439,72.5,18.750,11.168,43.43,45.797,80.25,1.00,0.90,-0.76,0.68,0.883,1.02,-1.32,1.108,0.00,0.90,17.613,17.3,68.971,0.694,0.000,900,6.06,4.3,3.65,-2.09,44.3,1,1,0,1,1,1,0,0,0,0,1,0,0,0,0,0,0,0,0,0,1,1,1,1,0,0,0,1,0,0,0,0,1,1,5155.8,0C,1,1,0,1,1,0,1,0,0,491.63,963.00,,,,,,,,,,,,,,,,,,,,,,,,,,,,,,,,,,,,,,,,,,,,,,,,,,,,,,,,,,
751,,,355,514,,14.10,72.75,3513,73.8,18.750,11.277,47.80,45.797,84.75,1.00,0.87,-0.76,0.23,0.827,1.02,-1.32,1.110,0.00,0.90,17.613,17.3,88.319,0.694,-0.750,900,6.05,4.3,3.65,-2.01,44.3,1,1,0,1,1,1,0,0,0,0,1,0,0,0,0,0,0,0,0,0,1,1,1,1,0,0,0,1,0,0,0,0,1,1,5155.8,0C,1,1,0,1,1,0,1,0,0,531.81,984.75,,,,,,,,,,,,,,,,,,,,,,,,,,,,,,,,,,,,,,,,,,,,,,,,,,,,,,,,,,
752,,,355,912,,14.10,72.75,3611,76.3,17.250,10.899,46.04,45.797,87.09,1.00,0.94,-0.76,0.79,0.806,1.02,-1.32,1.112,0.00,0.90,17.613,17.3,97.658,0.694,-0.750,900,6.05,4.3,3.65,-1.89,44.3,1,1,0,1,1,1,0,0,0,0,1,0,0,0,0,0,0,0,0,0,1,1,1,1,0,0,0,1,0,0,0,0,1,1,5155.8,0C,1,1,0,1,1,0,1,0,0,536.38,969.38,,,,,,,,,,,,,,,,,,,,,,,,,,,,,,,,,,,,,,,,,,,,,,,,,,,,,,,,,,
753,,,356,306,,14.10,72.75,3703,77.5,18.750,10.163,37.11,45.467,83.72,1.00,0.67,-0.76,0.21,0.800,1.02,-1.32,1.114,0.00,0.90,18.049,16.5,97.658,0.694,-0.750,900,6.05,4.3,3.64,-1.79,44.3,1,1,0,1,1,1,0,0,0,0,1,0,0,0,0,0,0,0,0,0,1,1,1,1,0,0,0,1,0,0,0,0,1,1,5155.8,0C,1,1,0,1,1,0,1,0,0,509.88,923.50,,,,,,,,,,,,,,,,,,,,,,,,,,,,,,,,,,,,,,,,,,,,,,,,,,,,,,,,,,
754,,,356,702,,14.10,72.75,3771,80.0,20.250,8.173,29.44,19.164,71.23,1.00,0.67,-0.76,0.21,0.822,1.02,-1.32,1.115,0.00,0.90,18.049,16.5,97.658,0.694,-0.750,900,6.04,4.3,3.64,-1.72,44.3,1,1,0,1,1,1,0,0,0,0,1,0,0,0,0,0,0,0,0,0,1,1,1,1,0,0,0,1,0,0,0,0,1,1,5155.8,0C,1,1,0,1,1,0,1,0,0,353.88,715.50,,,,,,,,,,,,,,,,,,,,,,,,,,,,,,,,,,,,,,,,,,,,,,,,,,,,,,,,,,
755,,,357,094,,14.10,72.75,3761,78.8,16.500,2.298,11.11,0.000,23.84,1.00,0.29,-0.76,0.14,0.808,1.02,-1.32,1.168,0.00,0.90,3.079,16.5,74.495,0.694,0.000,900,6.04,4.3,3.64,-4.06,44.3,1,1,0,1,1,1,0,0,0,0,1,0,0,0,0,0,0,0,1,0,1,1,1,1,0,0,0,0,0,1,0,0,1,1,5155.8,0C,1,1,0,1,1,0,1,0,0,144.81,339.88,,,,,,,,,,,,,,,,,,,,,,,,,,,,,,,,,,,,,,,,,,,,,,,,,,,,,,,,,,
756,,,357,493,,14.00,72.75,3733,78.8,15.000,2.214,8.25,0.000,19.13,1.00,0.32,-0.76,0.22,0.856,1.02,-1.32,1.159,0.00,0.90,3.079,15.8,54.795,0.694,0.000,900,6.04,4.3,3.64,-4.09,44.3,1,1,0,1,1,1,0,0,0,0,1,0,0,0,0,0,0,0,1,0,1,1,1,1,0,0,0,0,0,1,0,0,1,1,5155.8,0C,1,1,0,1,1,0,1,0,0,106.44,262.00,,,,,,,,,,,,,,,,,,,,,,,,,,,,,,,,,,,,,,,,,,,,,,,,,,,,,,,,,,
757,,,357,915,,14.00,72.75,3623,77.5,7.500,1.619,6.54,0.000,13.36,1.00,0.40,-0.76,0.21,0.816,1.02,-1.32,1.151,0.00,0.90,3.079,15.8,42.702,0.694,0.000,900,6.03,4.3,3.64,-4.23,44.3,1,1,0,1,1,1,0,0,0,0,1,1,0,0,0,0,0,0,1,0,1,1,1,1,0,0,0,0,0,1,0,1,1,1,5155.8,0C,1,1,0,1,1,0,1,0,0,81.19,222.00,,,,,,,,,,,,,,,,,,,,,,,,,,,,,,,,,,,,,,,,,,,,,,,,,,,,,,,,,,
758,,,358,393,,14.00,72.75,3431,73.8,-12.000,0.000,6.69,0.000,12.23,1.00,0.29,-0.76,0.15,1.000,1.02,-1.32,1.157,0.00,0.90,2.199,16.5,0.000,0.694,0.000,900,6.04,4.3,3.64,-4.45,44.3,1,1,0,1,1,1,0,0,0,0,1,1,0,0,0,0,0,0,1,0,0,1,0,1,0,0,1,0,0,1,0,1,1,1,5155.8,0C,1,1,0,1,1,0,1,0,0,72.88,225.50,,,,,,,,,,,,,,,,,,,,,,,,,,,,,,,,,,,,,,,,,,,,,,,,,,,,,,,,,,
759,,,358,783,,14.00,72.75,3039,65.0,-11.250,0.000,6.54,0.000,10.15,1.00,0.26,-0.76,0.11,1.000,1.02,-1.32,1.166,0.00,0.90,2.199,16.5,0.000,0.694,0.000,900,6.04,4.3,3.64,-4.58,44.3,1,1,0,1,1,1,0,0,0,0,1,1,0,0,0,0,0,0,1,0,0,1,0,1,0,0,1,0,0,1,0,1,1,1,5155.8,0C,1,1,0,1,1,0,1,0,0,61.56,227.81,,,,,,,,,,,,,,,,,,,,,,,,,,,,,,,,,,,,,,,,,,,,,,,,,,,,,,,,,,
760,,,359,188,,14.00,72.75,2658,57.5,-12.000,0.000,6.32,0.000,11.51,1.00,0.24,-0.76,0.11,1.000,1.02,-1.32,1.154,0.00,0.90,0.000,16.5,0.000,0.694,0.000,900,6.09,4.3,3.67,-4.39,44.3,1,1,0,1,1,1,0,0,0,0,1,1,0,0,0,0,0,0,1,0,0,1,0,1,0,0,1,0,0,1,0,1,1,1,5155.8,0C,1,1,0,1,1,0,1,0,0,74.69,242.69,,,,,,,,,,,,,,,,,,,,,,,,,,,,,,,,,,,,,,,,,,,,,,,,,,,,,,,,,,
761,,,359,581,,14.00,72.75,2228,47.5,-14.250,0.000,4.86,0.000,13.80,1.00,0.24,-0.76,0.11,1.000,1.02,-1.32,1.119,0.00,0.90,0.000,17.3,0.000,0.694,0.000,900,6.34,4.3,3.82,-4.30,44.3,1,1,0,1,1,1,0,0,0,0,1,1,0,0,0,0,0,0,1,0,0,1,0,1,0,0,1,0,0,1,0,1,1,1,5155.8,0C,1,1,0,1,1,0,1,0,0,86.63,244.94,,,,,,,,,,,,,,,,,,,,,,,,,,,,,,,,,,,,,,,,,,,,,,,,,,,,,,,,,,
762,,,359,971,,14.00,72.75,1892,40.0,-13.500,0.000,3.64,0.000,12.19,1.00,0.24,-0.76,0.11,1.000,1.02,-1.32,1.116,0.00,0.90,0.000,17.3,0.000,0.694,0.000,900,6.54,4.3,3.95,-3.67,44.3,1,1,0,1,1,1,0,0,0,0,1,1,0,0,0,0,0,0,1,0,0,1,0,1,0,0,1,0,0,1,0,1,1,1,5155.8,0C,1,1,0,1,1,0,1,0,0,69.94,253.50,,,,,,,,,,,,,,,,,,,,,,,,,,,,,,,,,,,,,,,,,,,,,,,,,,,,,,,,,,
763,,,360,371,,13.90,72.75,1594,33.8,-14.250,0.000,3.56,0.000,13.43,1.00,0.24,-0.76,0.11,1.000,1.02,-1.32,1.103,0.00,0.90,0.000,17.3,0.000,0.694,0.000,900,6.71,4.3,4.05,-2.79,44.3,1,1,0,1,1,1,0,0,0,0,1,1,0,0,0,0,0,0,1,0,0,1,0,1,0,0,1,0,0,1,0,1,1,1,5155.8,0C,1,1,0,1,1,0,1,0,0,85.63,286.06,,,,,,,,,,,,,,,,,,,,,,,,,,,,,,,,,,,,,,,,,,,,,,,,,,,,,,,,,,
764,,,360,791,,14.00,72.75,1442,30.0,-15.000,0.000,3.32,0.000,15.63,1.00,0.23,-0.76,0.11,1.000,1.02,-1.32,1.084,0.00,0.90,0.000,18.0,0.000,0.694,0.000,900,6.72,4.3,4.05,-2.23,44.3,1,1,0,1,1,1,0,0,0,0,1,1,0,0,0,0,0,0,1,0,0,1,0,1,0,0,1,0,0,1,0,1,1,1,5155.8,0C,1,1,0,1,1,0,1,0,0,95.31,310.06,,,,,,,,,,,,,,,,,,,,,,,,,,,,,,,,,,,,,,,,,,,,,,,,,,,,,,,,,,
765,,,361,190,,14.00,72.75,1368,28.8,-15.000,0.000,2.95,0.000,15.16,1.00,0.23,-0.76,0.11,1.000,1.02,-1.32,1.085,0.00,0.90,0.000,18.0,0.000,0.694,0.000,900,6.72,4.3,4.05,-1.87,44.3,1,1,0,1,1,1,0,0,0,0,1,1,0,0,0,0,0,0,1,0,0,1,0,1,0,0,1,0,0,1,0,1,1,1,5155.8,0C,1,1,0,1,1,0,1,0,0,90.38,308.00,,,,,,,,,,,,,,,,,,,,,,,,,,,,,,,,,,,,,,,,,,,,,,,,,,,,,,,,,,
766,,,363,612,,14.00,72.75,1378,21.3,33.750,3.622,20.36,38.405,26.09,0.98,1.00,-0.76,0.83,0.933,1.02,-1.32,1.054,0.00,0.90,1.232,18.8,8.995,0.694,0.000,900,6.74,4.3,4.34,-1.89,44.3,1,1,0,1,1,1,0,0,0,0,1,0,0,0,0,0,0,0,0,0,1,1,1,1,1,0,0,1,0,1,0,0,1,1,5155.8,0C,1,1,0,1,1,0,1,0,0,474.75,991.38,,,,,,,,,,,,,,,,,,,,,,,,,,,,,,,,,,,,,,,,,,,,,,,,,,,,,,,,,,
767,,,364,005,,14.10,72.75,2453,21.3,6.750,4.576,5.52,0.000,37.03,1.00,1.06,-0.76,0.93,0.919,1.02,-1.32,1.171,0.00,0.90,11.378,19.5,11.597,0.694,0.000,900,6.10,4.3,3.93,-4.37,44.3,1,1,0,1,1,1,0,0,0,0,1,0,0,0,0,0,0,0,1,0,1,1,1,1,0,0,0,1,0,1,0,0,1,1,5155.8,0C,1,1,0,1,1,0,1,0,0,116.06,406.50,,,,,,,,,,,,,,,,,,,,,,,,,,,,,,,,,,,,,,,,,,,,,,,,,,,,,,,,,,
768,,,364,400,,14.10,72.75,2639,21.3,39.000,1.606,5.27,0.000,10.88,1.00,0.24,-0.76,0.14,0.939,1.02,-1.32,1.154,0.00,0.90,11.378,19.5,9.865,0.694,0.000,900,6.14,4.3,3.95,-4.41,44.3,1,1,0,1,1,1,0,0,0,0,1,0,1,0,0,0,0,0,1,0,1,1,1,1,0,0,0,0,0,1,0,0,1,1,5155.8,0C,1,1,0,1,1,0,1,0,0,66.31,224.88,,,,,,,,,,,,,,,,,,,,,,,,,,,,,,,,,,,,,,,,,,,,,,,,,,,,,,,,,,
769,,,364,798,,14.10,72.75,2385,21.3,24.750,6.534,17.63,19.319,32.65,1.00,0.26,-0.76,0.18,0.970,1.02,-1.32,1.157,0.00,0.90,11.378,18.8,10.559,0.694,0.000,900,6.26,4.3,4.03,-2.43,44.3,1,1,0,1,1,1,0,0,0,0,1,0,1,0,0,0,0,0,0,0,1,1,1,1,1,0,0,1,0,1,0,0,1,1,5155.8,0C,1,1,0,1,1,0,1,0,0,275.81,675.50,,,,,,,,,,,,,,,,,,,,,,,,,,,,,,,,,,,,,,,,,,,,,,,,,,,,,,,,,,
770,,,365,188,,14.10,72.75,2671,21.3,28.500,5.901,16.85,16.077,37.99,1.00,0.86,-0.76,0.37,0.913,1.02,-1.32,1.178,0.00,0.90,7.338,18.8,11.246,0.694,0.000,900,6.08,4.3,3.92,-2.36,44.3,1,1,0,1,1,1,0,0,0,0,1,0,1,0,0,0,0,0,0,0,1,1,1,1,1,0,0,1,0,0,0,0,1,1,5155.8,0C,1,1,0,1,1,0,1,0,0,234.75,623.75,,,,,,,,,,,,,,,,,,,,,,,,,,,,,,,,,,,,,,,,,,,,,,,,,,,,,,,,,,
771,,,365,583,,14.10,72.75,2217,23.8,29.250,6.483,14.16,14.366,38.77,1.00,0.40,-0.76,0.66,0.981,1.02,-1.32,1.128,0.00,0.90,7.338,18.8,11.597,0.694,0.000,900,6.40,4.3,4.13,-2.48,44.3,1,1,0,1,1,1,0,0,0,0,1,0,1,0,0,0,0,0,0,0,1,1,1,1,1,0,0,1,0,0,0,0,1,1,5155.8,0C,1,1,0,1,1,0,1,0,0,227.94,626.81,,,,,,,,,,,,,,,,,,,,,,,,,,,,,,,,,,,,,,,,,,,,,,,,,,,,,,,,,,
772,,,365,981,,14.10,72.75,1917,25.0,24.750,6.202,13.92,16.890,41.06,1.00,0.46,-0.76,0.22,0.954,1.02,-1.32,1.120,0.00,0.90,5.164,18.8,12.634,0.694,0.000,900,6.52,4.3,4.20,-2.53,44.3,1,1,0,1,1,1,0,0,0,0,1,0,1,0,0,0,0,0,0,0,0,0,0,0,0,0,1,1,1,1,0,0,0,0,5297.5,B7,0,1,0,1,0,1,1,1,1,1,1,,,,,,,,,,,,,,,,,,,,,,,,,,,,,,,,,,,,,,,,,,,,,,,,,,,,,,,,,,
773,,,366,406,,14.10,72.75,1997,26.3,24.000,7.040,15.01,18.350,46.13,1.00,0.95,-0.76,0.85,0.960,1.02,-1.32,1.126,0.00,0.90,5.164,18.8,13.664,0.694,0.000,900,6.47,4.3,4.17,-2.51,44.3,1,1,0,1,1,1,0,0,0,0,1,0,1,0,0,0,0,0,0,0,1,1,1,1,1,0,0,1,0,0,0,0,1,1,5155.8,0C,1,1,0,1,1,0,1,0,0,285.38,699.81,,,,,,,,,,,,,,,,,,,,,,,,,,,,,,,,,,,,,,,,,,,,,,,,,,,,,,,,,,
774,,,366,803,,14.10,72.75,2126,28.8,22.500,7.718,16.72,21.437,52.34,1.00,1.05,-0.76,0.93,0.910,1.02,-1.32,1.134,0.00,0.90,5.164,18.8,15.396,0.694,0.000,900,6.39,4.3,4.12,-2.48,44.3,1,1,0,1,1,1,0,0,0,0,1,0,0,0,0,0,0,0,0,0,1,1,1,1,1,0,0,1,0,0,0,0,1,1,5155.8,0C,1,1,0,1,1,0,1,0,0,317.00,741.56,,,,,,,,,,,,,,,,,,,,,,,,,,,,,,,,,,,,,,,,,,,,,,,,,,,,,,,,,,
775,,,367,193,,14.10,72.75,2263,30.0,24.000,7.245,16.85,21.593,51.21,1.00,1.07,-0.76,0.93,0.858,1.02,-1.32,1.144,0.00,0.90,7.043,18.8,15.740,0.694,0.000,900,6.31,4.3,4.07,-2.45,44.3,1,1,0,1,1,1,0,0,0,0,1,0,0,0,0,0,0,0,0,0,1,1,1,1,1,0,0,1,0,0,0,0,1,1,5155.8,0C,1,1,0,1,1,0,1,0,0,309.06,728.44,,,,,,,,,,,,,,,,,,,,,,,,,,,,,,,,,,,,,,,,,,,,,,,,,,,,,,,,,,
776,,,367,583,,14.10,72.75,2429,32.5,23.250,7.526,20.56,22.898,54.28,1.00,0.65,-0.76,0.23,0.833,1.02,-1.32,1.131,0.00,0.90,7.043,18.0,18.853,0.694,0.000,900,6.21,4.3,4.00,-2.41,44.3,1,1,0,1,1,1,0,0,0,0,1,0,0,0,0,0,0,0,0,0,1,1,1,1,1,0,0,1,0,0,0,0,1,1,5155.8,0C,1,1,0,1,1,0,1,0,0,333.63,812.56,,,,,,,,,,,,,,,,,,,,,,,,,,,,,,,,,,,,,,,,,,,,,,,,,,,,,,,,,,
777,,,367,981,,14.10,72.75,2621,35.0,23.250,7.974,23.10,23.381,56.13,1.00,0.28,-0.76,0.18,0.892,1.02,-1.32,1.123,0.00,0.90,8.961,18.0,21.614,0.694,0.000,900,6.10,4.3,3.93,-2.37,44.3,1,1,0,1,1,1,0,0,0,0,1,0,0,0,0,0,0,0,0,0,1,1,1,1,1,0,0,1,0,0,0,0,1,1,5155.8,0C,1,1,0,1,1,0,1,0,0,351.75,849.69,,,,,,,,,,,,,,,,,,,,,,,,,,,,,,,,,,,,,,,,,,,,,,,,,,,,,,,,,,
778,,,368,380,,14.10,72.75,2751,37.5,24.000,7.994,22.75,22.570,53.27,1.00,0.30,-0.76,0.18,0.953,1.02,-1.32,1.129,0.00,0.90,8.961,18.0,20.577,0.694,0.000,900,6.06,4.3,3.91,-2.35,44.3,1,1,0,1,1,1,0,0,0,0,1,0,0,0,0,0,0,0,0,0,1,1,1,1,1,0,0,1,0,0,0,0,1,1,5155.8,0C,1,1,0,1,1,0,1,0,0,324.00,793.50,,,,,,,,,,,,,,,,,,,,,,,,,,,,,,,,,,,,,,,,,,,,,,,,,,,,,,,,,,
779,,,368,773,,14.10,72.75,2965,40.0,22.500,9.069,25.85,24.117,58.59,1.00,0.84,-0.76,0.80,0.981,1.02,-1.32,1.110,0.00,0.90,8.961,18.0,23.003,0.694,0.000,900,6.06,4.3,3.91,-2.35,44.3,1,1,0,1,1,1,0,0,0,0,1,0,0,0,0,0,0,0,0,0,1,1,1,1,1,0,0,1,0,0,0,0,1,1,5155.8,0C,1,1,0,1,1,0,1,0,0,363.19,828.63,,,,,,,,,,,,,,,,,,,,,,,,,,,,,,,,,,,,,,,,,,,,,,,,,,,,,,,,,,
780,,,369,214,,14.10,72.75,3168,42.5,22.500,8.390,25.12,24.117,58.71,1.00,0.96,-0.76,0.83,0.912,1.02,-1.32,1.104,0.00,0.90,12.524,17.3,22.309,0.694,0.000,900,6.06,4.3,3.90,-2.35,44.3,1,1,0,1,1,1,0,0,0,0,1,0,0,0,0,0,0,0,0,0,1,1,1,1,1,0,0,1,0,0,0,0,1,1,5155.8,0C,1,1,0,1,1,0,1,0,0,358.44,799.00,,,,,,,,,,,,,,,,,,,,,,,,,,,,,,,,,,,,,,,,,,,,,,,,,,,,,,,,,,
781,,,369,614,,14.10,72.75,3353,45.0,22.500,8.173,25.37,21.593,57.35,1.00,0.36,-0.76,0.21,0.907,1.02,-1.32,1.107,0.00,0.90,12.524,17.3,21.965,0.694,0.000,900,6.05,4.3,3.90,-2.19,44.3,1,1,0,1,1,1,0,0,0,0,1,0,0,0,0,0,0,0,0,0,1,1,1,1,1,0,0,1,0,0,0,0,1,1,5155.8,0C,1,1,0,1,1,0,1,0,0,296.50,685.81,,,,,,,,,,,,,,,,,,,,,,,,,,,,,,,,,,,,,,,,,,,,,,,,,,,,,,,,,,
782,,,370,015,,14.10,72.75,3375,46.3,10.500,1.734,4.98,0.000,15.56,1.00,0.35,-0.76,0.19,0.893,1.02,-1.32,1.162,0.00,0.90,3.079,17.3,17.472,0.694,0.000,900,6.05,4.3,3.90,-4.51,44.3,1,1,0,1,1,1,0,0,0,0,1,0,1,0,0,0,0,0,1,0,1,1,1,1,1,0,0,0,0,1,0,0,1,1,5155.8,0C,1,1,0,1,1,0,1,0,0,84.63,255.31,,,,,,,,,,,,,,,,,,,,,,,,,,,,,,,,,,,,,,,,,,,,,,,,,,,,,,,,,,
783,,,370,412,,14.10,72.75,3123,46.3,39.750,1.613,6.98,0.000,11.16,1.00,0.29,-0.76,0.18,0.931,1.02,-1.32,1.166,0.00,0.90,3.079,16.5,18.509,0.694,0.000,900,6.05,4.3,3.90,-4.64,44.3,1,1,0,1,1,1,0,0,0,0,1,0,1,0,0,0,0,0,1,0,1,1,1,1,1,0,0,0,0,1,0,0,1,1,5155.8,0C,1,1,0,1,1,0,1,0,0,63.94,230.63,,,,,,,,,,,,,,,,,,,,,,,,,,,,,,,,,,,,,,,,,,,,,,,,,,,,,,,,,,
784,,,370,800,,14.10,72.75,2565,46.3,24.000,5.933,15.99,15.508,29.16,0.97,0.25,-0.76,0.14,1.009,1.02,-1.32,1.158,0.00,0.90,3.079,16.5,17.815,0.694,0.000,900,6.16,4.3,3.97,-2.39,44.3,1,1,0,1,1,1,0,0,0,0,1,0,1,0,0,0,0,0,0,0,1,1,1,1,0,0,0,0,0,1,0,0,1,1,5155.8,0C,1,1,0,1,1,0,1,0,0,253.06,609.38,,,,,,,,,,,,,,,,,,,,,,,,,,,,,,,,,,,,,,,,,,,,,,,,,,,,,,,,,,
785,,,371,207,,14.10,72.75,2218,46.3,23.250,8.454,17.09,21.593,51.59,0.97,1.07,-0.76,0.99,0.965,1.02,-1.32,1.140,0.00,0.90,7.854,16.5,20.928,0.694,0.000,900,6.32,4.3,4.07,-2.45,44.3,1,1,0,1,1,1,0,0,0,0,1,0,1,0,0,0,0,0,0,0,1,1,1,1,1,0,0,1,0,0,0,0,1,1,5155.8,0C,1,1,0,1,1,0,1,0,0,325.19,754.88,,,,,,,,,,,,,,,,,,,,,,,,,,,,,,,,,,,,,,,,,,,,,,,,,,,,,,,,,,
786,,,371,597,,14.10,72.75,2264,47.5,21.750,8.870,20.19,24.117,57.00,0.96,1.09,-0.76,0.97,0.912,1.02,-1.32,1.121,0.00,0.90,7.854,17.3,24.033,0.694,0.000,900,6.29,4.3,4.05,-2.44,44.3,1,1,0,1,1,1,0,0,0,0,1,0,0,0,0,0,0,0,0,0,1,1,1,1,1,0,0,1,0,0,0,0,1,1,5155.8,0C,1,1,0,1,1,0,1,0,0,358.19,822.88,,,,,,,,,,,,,,,,,,,,,,,,,,,,,,,,,,,,,,,,,,,,,,,,,,,,,,,,,,
787,,,371,991,,14.10,72.75,2329,48.8,19.500,9.453,24.51,26.554,64.59,0.97,1.09,-0.76,0.95,0.856,1.02,-1.32,1.120,0.00,0.90,9.686,17.3,37.171,0.694,0.000,900,6.25,4.3,4.03,-2.43,44.3,1,1,0,1,1,1,0,0,0,0,1,0,0,0,0,0,0,0,0,0,1,1,1,1,1,0,0,1,0,0,0,0,1,1,5155.8,0C,1,1,0,1,1,0,1,0,0,394.00,904.44,,,,,,,,,,,,,,,,,,,,,,,,,,,,,,,,,,,,,,,,,,,,,,,,,,,,,,,,,,
788,,,372,367,,14.10,72.75,2400,50.0,18.000,9.146,30.05,28.421,68.46,0.98,1.04,-0.76,0.86,0.799,1.02,-1.32,1.120,0.00,0.90,9.686,17.3,68.276,0.694,0.000,900,6.21,4.3,4.00,-2.41,44.3,1,1,0,1,1,1,0,0,0,0,1,0,0,0,0,0,0,0,0,0,1,1,1,1,1,0,0,1,0,0,0,0,1,1,5155.8,0C,1,1,0,1,1,0,1,1,1,1,1,,,,,,,,,,,,,,,,,,,,,,,,,,,,,,,,,,,,,,,,,,,,,,,,,,,,,,,,,,
789,,,372,764,,14.10,72.75,2474,52.5,18.750,8.826,32.10,28.421,69.42,0.98,0.30,-0.76,0.19,0.823,1.02,-1.32,1.120,0.00,0.90,9.686,17.3,88.670,0.694,0.000,900,6.17,4.3,3.97,-2.40,44.3,1,1,0,1,1,1,0,0,0,0,1,0,0,0,0,0,0,0,0,0,1,1,1,1,1,0,0,1,0,0,0,0,1,1,5155.8,0C,1,1,0,1,1,0,1,0,0,424.69,961.63,,,,,,,,,,,,,,,,,,,,,,,,,,,,,,,,,,,,,,,,,,,,,,,,,,,,,,,,,,
790,,,373,145,,14.10,72.75,2539,53.8,19.500,9.146,34.30,28.577,70.15,0.99,0.28,-0.76,0.17,0.884,1.02,-1.32,1.120,0.00,0.90,9.686,17.3,97.658,0.694,0.000,900,6.13,4.3,3.95,-2.38,44.3,1,1,0,1,1,1,0,0,0,0,1,0,0,0,0,0,0,0,0,0,1,1,1,1,1,0,0,1,0,0,0,0,1,1,5155.8,0C,1,1,0,1,1,0,1,0,0,428.06,969.13,,,,,,,,,,,,,,,,,,,,,,,,,,,,,,,,,,,,,,,,,,,,,,,,,,,,,,,,,,
791,,,373,523,,14.10,72.75,2629,55.0,18.750,9.779,37.11,28.577,70.92,1.00,0.29,-0.76,0.18,0.946,1.02,-1.32,1.120,0.00,0.90,9.686,16.5,97.658,0.694,0.000,900,6.08,4.3,3.92,-2.36,44.3,1,1,0,1,1,1,0,0,0,0,1,0,0,0,0,0,0,0,0,0,1,1,1,1,0,0,0,1,0,0,0,0,1,1,5155.8,0C,1,1,0,1,1,0,1,0,0,434.69,971.75,,,,,,,,,,,,,,,,,,,,,,,,,,,,,,,,,,,,,,,,,,,,,,,,,,,,,,,,,,
792,,,373,913,,14.10,72.75,2679,56.3,18.750,10.291,37.28,28.577,71.67,1.00,0.31,-0.76,0.20,0.993,1.02,-1.32,1.120,0.00,0.90,9.686,16.5,97.658,0.694,0.000,900,6.05,4.3,3.90,-2.35,44.3,1,1,0,1,1,1,0,0,0,0,1,0,0,0,0,0,0,0,0,0,1,1,1,1,0,0,0,1,0,0,0,0,1,1,5155.8,0C,1,1,0,1,1,0,1,0,0,439.50,967.38,,,,,,,,,,,,,,,,,,,,,,,,,,,,,,,,,,,,,,,,,,,,,,,,,,,,,,,,,,
793,,,374,294,,14.10,72.75,2768,58.8,19.500,9.357,31.74,27.445,67.20,1.00,0.86,-0.76,0.52,0.982,1.02,-1.32,1.117,0.00,0.90,12.805,16.5,97.658,0.694,0.000,900,6.05,4.3,3.89,-2.35,44.3,1,1,0,1,1,1,0,0,0,0,1,0,0,0,0,0,0,0,0,0,1,1,1,1,0,0,0,1,0,0,0,0,1,1,5155.8,0C,1,1,0,1,1,0,1,0,0,409.38,925.38,,,,,,,,,,,,,,,,,,,,,,,,,,,,,,,,,,,,,,,,,,,,,,,,,,,,,,,,,,
794,,,374,684,,14.10,73.50,2845,60.0,21.750,9.094,26.64,25.983,60.59,1.00,0.43,-0.76,0.47,1.064,1.02,-1.32,1.115,0.00,0.90,12.805,16.5,97.658,0.694,0.000,900,6.04,4.3,3.89,-2.35,44.3,1,1,0,1,1,1,0,0,0,0,1,0,0,0,0,0,0,0,0,0,1,1,1,1,1,0,0,1,0,0,0,0,1,1,5155.8,0C,1,1,0,1,1,0,1,0,0,380.19,873.88,,,,,,,,,,,,,,,,,,,,,,,,,,,,,,,,,,,,,,,,,,,,,,,,,,,,,,,,,,
795,,,375,080,,14.10,73.50,2937,61.3,21.750,9.030,27.25,25.742,62.18,1.00,0.89,-0.76,0.65,1.020,1.02,-1.32,1.112,0.00,0.90,12.328,16.5,97.658,0.694,0.000,900,6.04,4.3,3.89,-2.34,44.3,1,1,0,1,1,1,0,0,0,0,1,0,0,0,0,0,0,0,0,0,1,1,1,1,1,0,0,1,0,0,0,0,1,1,5155.8,0C,1,1,0,1,1,0,1,0,0,378.44,864.94,,,,,,,,,,,,,,,,,,,,,,,,,,,,,,,,,,,,,,,,,,,,,,,,,,,,,,,,,,
796,,,375,506,,14.10,73.50,3005,63.8,21.750,8.896,27.08,25.492,61.78,1.00,0.93,-0.76,0.80,1.007,1.02,-1.32,1.110,0.00,0.90,12.328,16.5,97.658,0.694,0.000,900,6.04,4.3,3.89,-2.34,44.3,1,1,0,1,1,1,0,0,0,0,1,0,0,0,0,0,0,0,0,0,1,1,1,1,1,0,0,1,0,0,0,0,1,1,5155.8,0C,1,1,0,1,1,0,1,0,0,378.63,856.25,,,,,,,,,,,,,,,,,,,,,,,,,,,,,,,,,,,,,,,,,,,,,,,,,,,,,,,,,,
797,,,375,905,,14.10,72.75,3077,65.0,21.750,8.960,26.76,25.335,61.66,1.00,0.89,-0.76,0.70,1.017,1.02,-1.32,1.107,0.00,0.90,12.328,15.8,97.658,0.694,0.000,900,6.04,4.3,3.89,-2.34,44.3,1,1,0,1,1,1,0,0,0,0,1,0,0,0,0,0,0,0,0,0,1,1,1,1,1,0,0,1,0,0,0,0,1,1,5155.8,0C,1,1,0,1,1,0,1,0,0,374.63,841.88,,,,,,,,,,,,,,,,,,,,,,,,,,,,,,,,,,,,,,,,,,,,,,,,,,,,,,,,,,
798,,,376,293,,14.10,72.75,3155,66.3,21.750,8.960,26.51,25.335,61.27,1.00,0.55,-0.76,0.24,1.034,1.02,-1.32,1.105,0.00,0.90,13.306,15.8,97.658,0.694,0.000,900,6.03,4.3,3.89,-2.34,44.3,1,1,0,1,1,1,0,0,0,0,1,0,0,0,0,0,0,0,0,0,1,1,1,1,1,0,0,1,0,0,0,0,1,1,5155.8,0C,1,1,0,1,1,0,1,0,0,373.94,831.63,,,,,,,,,,,,,,,,,,,,,,,,,,,,,,,,,,,,,,,,,,,,,,,,,,,,,,,,,,
799,,,376,685,,14.10,72.75,3220,67.5,23.250,8.506,26.10,25.006,60.47,1.00,0.50,-0.76,0.20,0.999,1.02,-1.32,1.104,0.00,0.90,13.306,15.8,97.658,0.694,-0.750,900,6.03,4.3,3.88,-2.33,44.3,1,1,0,1,1,1,0,0,0,0,1,0,0,0,0,0,0,0,0,0,1,1,1,1,1,0,0,1,0,0,0,0,1,1,5155.8,0C,1,1,0,1,1,0,1,0,0,369.44,818.50,,,,,,,,,,,,,,,,,,,,,,,,,,,,,,,,,,,,,,,,,,,,,,,,,,,,,,,,,,
800,,,377,071,,14.10,72.75,3281,68.8,23.250,7.603,23.54,20.296,56.30,1.00,0.84,-0.76,0.37,0.973,1.02,-1.32,1.109,0.00,0.90,12.915,15.8,97.658,0.694,-0.750,900,6.03,4.3,3.88,-2.25,44.3,1,1,0,1,1,1,0,0,0,0,1,0,0,0,0,0,0,0,0,0,1,1,1,1,1,0,0,1,0,0,0,0,1,1,5155.8,0C,1,1,0,1,1,0,1,0,0,317.19,726.94,,,,,,,,,,,,,,,,,,,,,,,,,,,,,,,,,,,,,,,,,,,,,,,,,,,,,,,,,,
801,,,377,470,,14.10,72.75,3278,70.0,21.000,2.771,10.64,0.000,23.02,1.00,0.30,-0.76,0.16,0.998,1.02,-1.32,1.184,0.00,0.90,12.915,15.8,65.515,0.694,0.000,900,6.03,4.3,3.88,-4.60,44.3,1,1,0,1,1,1,0,0,0,0,1,0,0,0,0,0,0,0,1,0,1,1,1,1,1,0,0,0,0,1,0,0,1,1,5155.8,0C,1,1,0,1,1,0,1,0,0,135.63,369.56,,,,,,,,,,,,,,,,,,,,,,,,,,,,,,,,,,,,,,,,,,,,,,,,,,,,,,,,,,
802,,,377,908,,14.10,72.75,3264,68.8,22.500,2.349,8.25,0.000,17.04,1.00,0.32,-0.76,0.22,1.045,1.02,-1.32,1.164,0.00,0.90,12.915,15.8,50.652,0.694,0.000,900,6.03,4.3,3.88,-4.62,44.3,1,1,0,1,1,1,0,0,0,0,1,0,0,0,0,0,0,0,1,0,1,1,1,1,1,0,0,0,0,1,0,0,1,1,5155.8,0C,1,1,0,1,1,0,1,0,0,99.44,289.13,,,,,,,,,,,,,,,,,,,,,,,,,,,,,,,,,,,,,,,,,,,,,,,,,,,,,,,,,,
803,,,378,404,,14.10,72.75,3022,68.8,-9.750,0.000,6.62,0.000,9.89,1.00,0.40,-0.76,0.22,1.000,1.02,-1.32,1.166,0.00,0.90,3.130,15.8,0.000,0.694,0.000,900,6.03,4.3,3.88,-4.56,44.3,1,1,0,1,1,1,0,0,0,0,1,0,1,0,0,0,0,0,1,0,0,1,0,1,0,0,1,0,0,1,0,0,1,1,5155.8,0C,1,1,0,1,1,0,1,0,0,61.81,230.69,,,,,,,,,,,,,,,,,,,,,,,,,,,,,,,,,,,,,,,,,,,,,,,,,,,,,,,,,,
804,,,378,790,,14.10,72.75,2271,67.5,-3.000,2.726,4.86,14.124,14.11,0.97,0.24,-0.76,0.11,1.000,1.02,-1.32,1.123,0.00,0.90,3.130,15.8,8.995,0.694,0.000,900,6.30,4.3,4.06,-2.44,44.3,1,1,0,1,1,1,0,0,0,0,1,0,1,0,0,0,0,0,0,0,1,1,0,1,0,0,0,0,0,1,0,0,1,1,5155.8,0C,1,1,0,1,1,0,1,0,0,107.63,307.50,,,,,,,,,,,,,,,,,,,,,,,,,,,,,,,,,,,,,,,,,,,,,,,,,,,,,,,,,,
805,,,379,183,,14.10,72.75,2368,67.5,24.750,8.685,18.90,21.999,49.62,0.97,1.08,-0.76,0.98,0.959,1.02,-1.32,1.151,0.00,0.90,4.696,15.8,9.865,0.694,0.000,900,6.22,4.3,4.00,-2.41,44.3,1,1,0,1,1,1,0,0,0,0,1,0,1,0,0,0,0,0,0,0,1,1,1,1,0,0,0,1,0,0,0,0,1,1,5155.8,0C,1,1,0,1,1,0,1,0,0,329.56,791.00,,,,,,,,,,,,,,,,,,,,,,,,,,,,,,,,,,,,,,,,,,,,,,,,,,,,,,,,,,
806,,,379,570,,14.10,72.75,2394,68.8,15.000,11.603,43.92,32.476,76.57,0.96,1.10,-0.76,0.94,0.901,1.02,-1.32,1.120,0.00,0.90,4.696,16.5,53.071,0.694,0.000,900,6.20,4.3,4.00,-2.41,44.3,1,1,0,1,1,1,0,0,0,0,1,0,0,0,0,0,0,0,0,0,1,1,1,1,0,0,0,1,0,0,0,0,1,1,5155.8,0C,1,1,0,1,1,0,1,0,0,469.63,996.44,,,,,,,,,,,,,,,,,,,,,,,,,,,,,,,,,,,,,,,,,,,,,,,,,,,,,,,,,,
807,,,379,971,,14.10,72.75,2434,70.0,15.750,10.586,44.17,32.969,76.10,0.96,1.09,-0.76,0.93,0.844,1.02,-1.32,1.120,0.00,0.90,11.741,16.5,67.239,0.694,0.000,900,6.18,4.3,3.98,-2.40,44.3,1,1,0,1,1,1,0,0,0,0,1,0,0,0,0,0,0,0,0,0,1,1,1,1,0,0,0,1,0,0,0,0,1,1,5155.8,0C,1,1,0,1,1,0,1,0,0,466.13,995.00,,,,,,,,,,,,,,,,,,,,,,,,,,,,,,,,,,,,,,,,,,,,,,,,,,,,,,,,,,
808,,,380,373,,14.10,72.75,2471,71.3,16.500,9.466,44.53,32.969,75.77,0.98,1.04,-0.76,0.82,0.783,1.02,-1.32,1.120,0.00,0.90,11.741,16.5,94.888,0.694,0.000,900,6.16,4.3,3.97,-2.39,44.3,1,1,0,1,1,1,0,0,0,0,1,0,0,0,0,0,0,0,0,0,1,1,1,1,0,0,0,1,0,0,0,0,1,1,5155.8,0C,1,1,0,1,1,0,1,0,0,463.81,992.56,,,,,,,,,,,,,,,,,,,,,,,,,,,,,,,,,,,,,,,,,,,,,,,,,,,,,,,,,,
809,,,380,781,,14.10,72.75,2512,72.5,17.250,9.651,46.78,32.969,75.84,0.98,0.31,-0.76,0.18,0.830,1.02,-1.32,1.120,0.00,0.90,11.741,16.5,97.658,0.694,0.000,900,6.14,4.3,3.96,-2.38,44.3,1,1,0,1,1,1,0,0,0,0,1,0,0,0,0,0,0,0,0,0,1,1,1,1,0,0,0,1,0,0,0,0,1,1,5155.8,0C,1,1,0,1,1,0,1,0,0,465.81,993.19,,,,,,,,,,,,,,,,,,,,,,,,,,,,,,,,,,,,,,,,,,,,,,,,,,,,,,,,,,
810,,,381,163,,14.10,73.50,2552,72.5,17.250,10.106,47.27,32.641,76.24,0.99,0.32,-0.76,0.21,0.892,1.02,-1.32,1.120,0.00,0.90,11.847,16.5,97.658,0.694,0.000,900,6.11,4.3,3.94,-2.37,44.3,1,1,0,1,1,1,0,0,0,0,1,0,0,0,0,0,0,0,0,0,1,1,1,1,0,0,0,1,0,0,0,0,1,1,5155.8,0C,1,1,0,1,1,0,1,0,0,464.31,991.94,,,,,,,,,,,,,,,,,,,,,,,,,,,,,,,,,,,,,,,,,,,,,,,,,,,,,,,,,,
811,,,381,553,,14.10,73.50,2577,73.8,22.500,6.771,16.65,0.804,54.38,1.00,0.62,-0.76,0.71,0.954,1.02,-1.32,1.129,0.00,0.90,11.847,16.5,97.658,0.694,0.000,900,6.10,4.3,3.93,-4.37,44.3,1,1,0,1,1,1,0,0,0,0,1,0,0,0,0,0,0,0,1,0,1,1,1,1,0,0,0,1,0,1,0,0,1,1,5155.8,0C,1,1,0,1,1,0,1,0,0,318.00,801.63,,,,,,,,,,,,,,,,,,,,,,,,,,,,,,,,,,,,,,,,,,,,,,,,,,,,,,,,,,
812,,,381,965,,14.10,72.75,2577,73.8,33.750,2.118,8.37,0.000,21.68,1.00,0.29,-0.76,0.15,0.926,1.02,-1.32,1.156,0.00,0.90,2.559,16.5,55.489,0.694,0.000,900,6.10,4.3,3.93,-4.37,44.3,1,1,0,1,1,1,0,0,0,0,1,0,0,0,0,0,0,0,1,0,1,1,1,1,0,0,0,0,0,1,0,0,1,1,5155.8,0C,1,1,0,1,1,0,1,0,0,131.63,403.13,,,,,,,,,,,,,,,,,,,,,,,,,,,,,,,,,,,,,,,,,,,,,,,,,,,,,,,,,,
813,,,382,352,,14.10,72.75,2558,73.8,36.000,1.990,8.01,0.000,16.52,1.00,0.27,-0.76,0.14,0.962,1.02,-1.32,1.152,0.00,0.90,2.559,15.8,46.502,0.694,0.000,900,6.11,4.3,3.93,-4.36,44.3,1,1,0,1,1,1,0,0,0,0,1,0,0,0,0,0,0,0,1,0,1,1,1,1,1,0,0,0,0,1,0,0,1,1,5155.8,0C,1,1,0,1,1,0,1,0,0,100.31,316.25,,,,,,,,,,,,,,,,,,,,,,,,,,,,,,,,,,,,,,,,,,,,,,,,,,,,,,,,,,
814,,,382,745,,14.10,73.50,2536,72.5,36.750,1.990,6.98,0.000,14.98,1.00,0.27,-0.76,0.15,0.995,1.02,-1.32,1.150,0.00,0.90,2.559,15.8,38.552,0.694,0.000,900,6.12,4.3,3.95,-4.35,44.3,1,1,0,1,1,1,0,0,0,0,1,0,0,0,0,0,0,0,1,0,1,1,1,1,1,0,0,0,0,1,0,0,1,1,5155.8,0C,1,1,0,1,1,0,1,0,0,90.75,286.00,,,,,,,,,,,,,,,,,,,,,,,,,,,,,,,,,,,,,,,,,,,,,,,,,,,,,,,,,,
815,,,383,145,,14.10,73.50,2509,72.5,22.500,1.517,4.86,0.000,10.66,1.00,0.28,-0.76,0.16,1.022,1.02,-1.32,1.147,0.00,0.90,1.918,16.5,30.945,0.694,0.000,900,6.14,4.3,3.96,-4.35,44.3,1,1,0,1,1,1,0,0,0,0,1,0,0,0,0,0,0,0,1,0,1,1,1,1,1,0,0,0,0,1,0,0,1,1,5155.8,0C,1,1,0,1,1,0,1,0,0,63.63,215.56,,,,,,,,,,,,,,,,,,,,,,,,,,,,,,,,,,,,,,,,,,,,,,,,,,,,,,,,,,
816,,,383,542,,14.10,73.50,2480,71.3,-11.250,1.811,5.10,0.000,10.64,1.00,0.27,-0.76,0.14,1.000,1.02,-1.32,1.143,0.00,0.90,1.918,16.5,0.000,0.694,0.000,900,6.16,4.3,3.97,-4.34,44.3,1,1,0,1,1,1,0,0,0,0,1,0,0,0,0,0,0,0,1,0,0,1,0,1,0,0,1,0,0,1,0,0,1,1,5155.8,0C,1,1,0,1,1,0,1,0,0,65.44,217.56,,,,,,,,,,,,,,,,,,,,,,,,,,,,,,,,,,,,,,,,,,,,,,,,,,,,,,,,,,
817,,,383,941,,14.10,73.50,2450,70.0,-12.000,0.000,5.15,0.000,11.16,1.00,0.25,-0.76,0.12,1.000,1.02,-1.32,1.141,0.00,0.90,0.000,16.5,0.000,0.694,0.000,900,6.18,4.3,3.98,-4.34,44.3,1,1,0,1,1,1,0,0,0,0,1,0,0,0,0,0,0,0,1,0,0,1,0,1,0,0,1,0,0,1,0,0,1,1,5155.8,0C,1,1,0,1,1,0,1,0,0,68.56,221.81,,,,,,,,,,,,,,,,,,,,,,,,,,,,,,,,,,,,,,,,,,,,,,,,,,,,,,,,,,
818,,,384,347,,14.10,73.50,2417,70.0,-12.750,0.000,5.15,0.000,11.77,1.00,0.24,-0.76,0.11,1.000,1.02,-1.32,1.138,0.00,0.90,0.000,16.5,0.000,0.694,0.000,900,6.20,4.3,3.99,-4.34,44.3,1,1,0,1,1,1,0,0,0,0,1,0,0,0,0,0,0,0,1,0,0,1,0,1,0,0,1,0,0,1,0,0,1,1,5155.8,0C,1,1,0,1,1,0,1,0,0,72.19,227.06,,,,,,,,,,,,,,,,,,,,,,,,,,,,,,,,,,,,,,,,,,,,,,,,,,,,,,,,,,
819,,,384,743,,14.10,73.50,2391,68.8,-13.500,0.000,5.22,0.000,12.26,1.00,0.24,-0.76,0.11,1.000,1.02,-1.32,1.135,0.00,0.90,0.000,17.3,0.000,0.694,0.000,900,6.22,4.3,4.01,-4.34,44.3,1,1,0,1,1,1,0,0,0,0,1,0,0,0,0,0,0,0,1,0,0,1,0,1,0,0,1,0,0,1,0,0,1,1,5155.8,0C,1,1,0,1,1,0,1,0,0,75.69,232.75,,,,,,,,,,,,,,,,,,,,,,,,,,,,,,,,,,,,,,,,,,,,,,,,,,,,,,,,,,
820,,,385,131,,14.10,73.50,2364,67.5,-14.250,0.000,5.22,0.000,12.63,1.00,0.25,-0.76,0.11,1.000,1.02,-1.32,1.131,0.00,0.90,0.000,17.3,0.000,0.694,0.000,900,6.24,4.3,4.02,-4.33,44.3,1,1,0,1,1,1,0,0,0,0,1,0,0,0,0,0,0,0,1,0,0,1,0,1,0,0,1,0,0,1,0,0,1,1,5155.8,0C,1,1,0,1,1,0,1,0,0,78.69,236.81,,,,,,,,,,,,,,,,,,,,,,,,,,,,,,,,,,,,,,,,,,,,,,,,,,,,,,,,,,
821,,,385,515,,14.10,73.50,2328,67.5,-14.250,0.000,5.15,0.000,13.01,1.00,0.24,-0.76,0.11,1.000,1.02,-1.32,1.129,0.00,0.90,0.000,17.3,0.000,0.694,0.000,900,6.26,4.3,4.03,-4.32,44.3,1,1,0,1,1,1,0,0,0,0,1,0,0,0,0,0,0,0,1,0,0,1,0,1,0,0,1,0,0,1,0,0,1,1,5155.8,0C,1,1,0,1,1,0,1,0,0,80.81,240.38,,,,,,,,,,,,,,,,,,,,,,,,,,,,,,,,,,,,,,,,,,,,,,,,,,,,,,,,,,
822,,,385,903,,14.10,73.50,2309,66.3,-14.250,0.000,5.22,0.000,13.29,1.00,0.24,-0.76,0.11,1.000,1.02,-1.32,1.128,0.00,0.90,0.000,17.3,0.000,0.694,0.000,900,6.27,4.3,4.04,-4.32,44.3,1,1,0,1,1,1,0,0,0,0,1,0,0,0,0,0,0,0,1,0,0,1,0,1,0,0,1,0,0,1,0,0,1,1,5155.8,0C,1,1,0,1,1,0,1,0,0,81.88,241.13,,,,,,,,,,,,,,,,,,,,,,,,,,,,,,,,,,,,,,,,,,,,,,,,,,,,,,,,,,
823,,,386,299,,14.10,73.50,2281,66.3,-14.250,0.000,5.15,0.000,13.64,1.00,0.24,-0.76,0.11,1.000,1.02,-1.32,1.126,0.00,0.90,0.000,18.0,0.000,0.694,0.000,900,6.30,4.3,4.06,-4.32,44.3,1,1,0,1,1,1,0,0,0,0,1,0,0,0,0,0,0,0,0,0,0,0,0,0,0,0,1,0,1,0,0,0,0,0,2263.8,3A,0,1,0,1,0,1,1,1,1,1,1,,,,,,,,,,,,,,,,,,,,,,,,,,,,,,,,,,,,,,,,,,,,,,,,,,,,,,,,,,
824,,,386,722,,14.10,73.50,2250,65.0,-14.250,0.000,5.10,0.000,13.85,1.00,0.25,-0.76,0.11,1.000,1.02,-1.32,1.124,0.00,0.90,0.000,18.0,0.000,0.694,40.500,2500,95.69,1766.7,0.91,-42.60,113.3,0,1,0,0,0,1,0,1,1,1,1,1,0,1,1,0,0,1,0,0,0,0,0,0,0,0,1,0,1,0,0,0,0,0,3074.5,54,0,1,0,1,0,1,1,1,1,1,1,,,,,,,,,,,,,,,,,,,,,,,,,,,,,,,,,,,,,,,,,,,,,,,,,,,,,,,,,,
825,,,387,121,,14.10,73.50,2214,63.8,-14.250,0.000,4.91,0.000,13.73,1.00,0.25,-0.76,0.11,1.000,1.02,-1.32,1.122,0.00,0.90,0.000,18.0,0.000,0.694,0.000,900,6.34,4.3,4.09,-4.31,44.3,1,1,0,1,1,1,0,0,0,0,1,0,0,0,0,0,0,0,1,0,0,1,0,1,0,0,1,0,0,1,0,0,1,1,5155.8,0C,1,1,0,1,1,0,1,0,0,85.06,245.06,,,,,,,,,,,,,,,,,,,,,,,,,,,,,,,,,,,,,,,,,,,,,,,,,,,,,,,,,,
826,,,387,511,,14.10,73.50,2189,62.5,-14.250,0.000,4.74,0.000,13.71,1.00,0.24,-0.76,0.11,1.000,1.02,-1.32,1.121,0.00,0.90,0.000,18.0,0.000,0.694,0.000,900,6.36,4.3,4.10,-4.31,44.3,1,1,0,1,1,1,0,0,0,0,1,0,0,0,0,0,0,0,1,0,0,1,0,1,0,0,1,0,0,1,0,0,1,1,5155.8,0C,1,1,0,1,1,0,1,0,0,84.25,242.50,,,,,,,,,,,,,,,,,,,,,,,,,,,,,,,,,,,,,,,,,,,,,,,,,,,,,,,,,,
827,,,387,900,,14.10,73.50,2166,62.5,-14.250,0.000,4.54,0.000,13.64,1.00,0.24,-0.76,0.11,1.000,1.02,-1.32,1.120,0.00,0.90,0.000,18.8,0.000,0.694,0.000,900,6.37,4.3,4.11,-4.31,44.3,1,1,0,1,1,1,0,0,0,0,1,0,0,0,0,0,0,0,1,0,0,1,0,1,0,0,1,0,0,1,0,0,1,1,5155.8,0C,1,1,0,1,1,0,1,0,0,82.44,237.69,,,,,,,,,,,,,,,,,,,,,,,,,,,,,,,,,,,,,,,,,,,,,,,,,,,,,,,,,,
828,,,388,293,,14.10,73.50,2138,61.3,-14.250,0.000,4.37,0.000,13.27,1.00,0.24,-0.76,0.11,1.000,1.02,-1.32,1.120,0.00,0.90,0.000,18.8,0.000,0.694,0.000,900,6.39,4.3,4.12,-4.30,44.3,1,1,0,1,1,1,0,0,0,0,1,0,0,0,0,0,0,0,1,0,0,1,0,1,0,0,1,0,0,1,0,0,1,1,5155.8,0C,1,1,0,1,1,0,1,0,0,81.31,234.44,,,,,,,,,,,,,,,,,,,,,,,,,,,,,,,,,,,,,,,,,,,,,,,,,,,,,,,,,,
829,,,388,686,,14.10,73.50,2111,60.0,-14.250,0.000,4.30,0.000,13.22,1.00,0.24,-0.76,0.11,1.000,1.02,-1.32,1.119,0.00,0.90,0.000,18.8,0.000,0.694,0.000,900,6.41,4.3,4.13,-4.29,44.3,1,1,0,1,1,1,0,0,0,0,1,0,0,0,0,0,0,0,1,0,0,1,0,1,0,0,1,0,0,1,0,0,1,1,5155.8,0C,1,1,0,1,1,0,1,0,0,81.56,234.19,,,,,,,,,,,,,,,,,,,,,,,,,,,,,,,,,,,,,,,,,,,,,,,,,,,,,,,,,,
830,,,389,072,,14.10,73.50,2082,60.0,-14.250,0.000,4.17,0.000,12.98,1.00,0.24,-0.76,0.11,1.000,1.02,-1.32,1.118,0.00,0.90,0.000,18.8,0.000,0.694,0.000,900,6.43,4.3,4.14,-4.24,44.3,1,1,0,1,1,1,0,0,0,0,1,0,0,0,0,0,0,0,1,0,0,1,0,1,0,0,1,0,0,1,0,0,1,1,5155.8,0C,1,1,0,1,1,0,1,0,0,80.31,232.69,,,,,,,,,,,,,,,,,,,,,,,,,,,,,,,,,,,,,,,,,,,,,,,,,,,,,,,,,,
831,,,389,463,,14.10,73.50,2056,58.8,-14.250,0.000,4.13,0.000,12.91,1.00,0.24,-0.76,0.11,1.000,1.02,-1.32,1.117,0.00,0.90,0.000,18.8,0.000,0.694,0.000,900,6.45,4.3,4.15,-4.18,44.3,1,1,0,1,1,1,0,0,0,0,1,0,0,0,0,0,0,0,1,0,0,1,0,1,0,0,1,0,0,1,0,0,1,1,5155.8,0C,1,1,0,1,1,0,1,0,0,78.88,230.56,,,,,,,,,,,,,,,,,,,,,,,,,,,,,,,,,,,,,,,,,,,,,,,,,,,,,,,,,,
832,,,389,860,,14.10,73.50,2033,58.8,-14.250,0.000,4.13,0.000,12.84,1.00,0.24,-0.76,0.11,1.000,1.02,-1.32,1.117,0.00,0.90,0.000,18.8,0.000,0.694,0.000,900,6.46,4.3,4.17,-4.13,44.3,1,1,0,1,1,1,0,0,0,0,1,0,0,0,0,0,0,0,1,0,0,1,0,1,0,0,1,0,0,1,0,0,1,1,5155.8,0C,1,1,0,1,1,0,1,0,0,78.81,231.19,,,,,,,,,,,,,,,,,,,,,,,,,,,,,,,,,,,,,,,,,,,,,,,,,,,,,,,,,,
833,,,390,253,,14.10,73.50,2001,57.5,-14.250,0.000,4.00,0.000,12.70,1.00,0.24,-0.76,0.11,1.000,1.02,-1.32,1.117,0.00,0.90,0.000,18.8,0.000,0.694,0.000,900,6.48,4.3,4.18,-4.05,44.3,1,1,0,1,1,1,0,0,0,0,1,0,0,0,0,0,0,0,1,0,0,1,0,1,0,0,1,0,0,1,0,0,1,1,5155.8,0C,1,1,0,1,1,0,1,0,0,77.44,229.81,,,,,,,,,,,,,,,,,,,,,,,,,,,,,,,,,,,,,,,,,,,,,,,,,,,,,,,,,,
834,,,390,635,,14.10,73.50,1972,56.3,-14.250,0.000,4.00,0.000,12.26,1.00,0.24,-0.76,0.11,1.000,1.02,-1.32,1.118,0.00,0.90,0.000,19.5,0.000,0.694,69.750,2500,-16.03,1766.7,0.91,-42.60,113.3,0,1,0,0,0,1,0,1,1,1,1,1,0,1,1,0,0,1,0,0,0,0,0,0,0,0,0,0,1,0,0,0,0,0,7725.0,6F,0,1,0,1,0,1,1,1,1,1,1,,,,,,,,,,,,,,,,,,,,,,,,,,,,,,,,,,,,,,,,,,,,,,,,,,,,,,,,,,
835,,,391,039,,14.10,73.50,1944,56.3,-12.750,0.000,3.93,0.000,11.74,1.00,0.24,-0.76,0.11,1.000,1.02,-1.32,1.118,0.00,0.90,0.000,19.5,0.000,0.694,0.000,900,6.52,4.3,4.03,-42.60,113.3,0,1,0,0,0,1,0,1,1,1,1,1,0,1,1,0,0,1,0,0,0,0,0,0,0,0,0,0,1,0,0,0,0,0,5463.7,52,0,1,0,1,0,1,1,1,1,1,1,,,,,,,,,,,,,,,,,,,,,,,,,,,,,,,,,,,,,,,,,,,,,,,,,,,,,,,,,,
836,,,391,425,,14.10,73.50,1923,55.0,-12.750,0.000,3.88,0.000,11.53,1.00,0.24,-0.76,0.11,1.000,1.02,-1.32,1.117,0.00,0.90,0.000,19.5,0.000,0.694,0.000,900,6.54,4.3,4.21,-3.86,44.3,1,1,0,1,1,1,0,0,0,0,1,0,0,0,0,0,0,0,1,0,0,1,0,1,0,0,1,0,0,1,0,0,1,1,5155.8,0C,1,1,0,1,1,0,1,0,0,70.69,230.25,,,,,,,,,,,,,,,,,,,,,,,,,,,,,,,,,,,,,,,,,,,,,,,,,,,,,,,,,,
837,,,391,831,,14.10,73.50,1897,55.0,-12.750,0.000,3.93,0.000,11.32,1.00,0.24,-0.76,0.11,1.000,1.02,-1.32,1.117,0.00,0.90,0.000,19.5,0.000,0.694,0.000,900,6.56,4.3,4.22,-3.79,44.3,1,1,0,1,1,1,0,0,0,0,1,0,0,0,0,0,0,0,1,0,0,1,0,1,0,0,1,0,0,1,0,0,1,1,5155.8,0C,1,1,0,1,1,0,1,0,0,69.56,233.25,,,,,,,,,,,,,,,,,,,,,,,,,,,,,,,,,,,,,,,,,,,,,,,,,,,,,,,,,,
838,,,392,282,,14.10,73.50,1869,53.8,-12.750,0.000,3.93,0.000,11.23,1.00,0.24,-0.76,0.11,1.000,1.02,-1.32,1.116,0.00,0.90,0.000,19.5,0.000,0.694,0.000,900,6.57,4.3,4.24,-3.72,44.3,1,1,0,1,1,1,0,0,0,0,1,0,0,0,0,0,0,0,1,0,0,1,0,1,0,0,1,0,0,1,0,0,1,1,5155.8,0C,1,1,0,1,1,0,1,0,0,68.13,235.56,,,,,,,,,,,,,,,,,,,,,,,,,,,,,,,,,,,,,,,,,,,,,,,,,,,,,,,,,,
839,,,392,686,,14.10,73.50,1845,52.5,-12.750,0.000,3.93,0.000,11.09,1.00,0.24,-0.76,0.11,1.000,1.02,-1.32,1.116,0.00,0.90,0.000,19.5,0.000,0.694,0.000,900,6.59,4.3,4.24,-3.65,44.3,1,1,0,1,1,1,0,0,0,0,1,0,0,0,0,0,0,0,1,0,0,1,0,1,0,0,1,0,0,1,0,0,1,1,5155.8,0C,1,1,0,1,1,0,1,0,0,67.06,240.44,,,,,,,,,,,,,,,,,,,,,,,,,,,,,,,,,,,,,,,,,,,,,,,,,,,,,,,,,,
840,,,393,082,,14.10,73.50,1814,52.5,-12.000,0.000,3.93,0.000,10.80,1.00,0.24,-0.76,0.11,1.000,1.02,-1.32,1.116,0.00,0.90,0.000,19.5,0.000,0.694,0.000,900,6.61,4.3,4.26,-3.56,44.3,1,1,0,1,1,1,0,0,0,0,1,0,0,0,0,0,0,0,1,0,0,1,0,1,0,0,1,0,0,1,0,0,1,1,5155.8,0C,1,1,0,1,1,0,1,0,0,67.25,244.31,,,,,,,,,,,,,,,,,,,,,,,,,,,,,,,,,,,,,,,,,,,,,,,,,,,,,,,,,,
841,,,393,470,,14.10,73.50,1789,51.3,-12.750,0.000,4.00,0.000,10.95,1.00,0.24,-0.76,0.11,1.000,1.02,-1.32,1.116,0.00,0.90,0.000,19.5,0.000,0.694,0.000,900,6.63,4.3,4.27,-3.50,44.3,1,1,0,1,1,1,0,0,0,0,1,0,0,0,0,0,0,0,1,0,0,1,0,1,0,0,1,0,0,1,0,0,1,1,5155.8,0C,1,1,0,1,1,0,1,0,0,67.81,247.81,,,,,,,,,,,,,,,,,,,,,,,,,,,,,,,,,,,,,,,,,,,,,,,,,,,,,,,,,,
842,,,393,861,,14.10,73.50,1767,50.0,-12.750,0.000,4.00,0.000,11.30,1.00,0.24,-0.76,0.11,1.000,1.02,-1.32,1.115,0.00,0.90,0.000,20.3,0.000,0.694,0.000,900,6.64,4.3,4.28,-3.43,44.3,1,1,0,1,1,1,0,0,0,0,1,0,0,0,0,0,0,0,1,0,0,1,0,1,0,0,1,0,0,1,0,0,1,1,5155.8,0C,1,1,0,1,1,0,1,0,0,69.81,252.31,,,,,,,,,,,,,,,,,,,,,,,,,,,,,,,,,,,,,,,,,,,,,,,,,,,,,,,,,,
843,,,394,260,,14.10,73.50,1743,50.0,-13.500,0.000,4.05,0.000,11.67,1.00,0.24,-0.76,0.11,1.000,1.02,-1.32,1.115,0.00,0.90,0.000,20.3,0.000,0.694,0.000,900,6.66,4.3,4.29,-3.37,44.3,1,1,0,1,1,1,0,0,0,0,1,0,0,0,0,0,0,0,1,0,0,1,0,1,0,0,1,0,0,1,0,0,1,1,5155.8,0C,1,1,0,1,1,0,1,0,0,72.38,258.38,,,,,,,,,,,,,,,,,,,,,,,,,,,,,,,,,,,,,,,,,,,,,,,,,,,,,,,,,,
844,,,394,654,,14.10,73.50,1720,48.8,-14.250,0.000,4.13,0.000,12.33,1.00,0.23,-0.76,0.11,1.000,1.02,-1.32,1.114,0.00,0.90,0.000,20.3,0.000,0.694,0.000,900,6.68,4.3,4.30,-3.29,44.3,1,1,0,1,1,1,0,0,0,0,1,0,0,0,0,0,0,0,1,0,0,1,0,1,0,0,1,0,0,1,0,0,1,1,5155.8,0C,1,1,0,1,1,0,1,0,0,75.44,265.56,,,,,,,,,,,,,,,,,,,,,,,,,,,,,,,,,,,,,,,,,,,,,,,,,,,,,,,,,,
845,,,395,037,,14.10,73.50,1698,48.8,-14.250,0.000,4.05,0.000,12.70,1.00,0.23,-0.76,0.11,1.000,1.02,-1.32,1.111,0.00,0.90,0.194,-42.0,56.641,0.672,-92.250,2510,-26.97,1766.7,0.91,-42.60,113.3,0,1,0,0,0,1,0,1,1,1,1,1,0,1,1,0,0,1,0,0,0,0,0,0,0,0,0,0,1,0,0,0,0,0,9730.7,FB,0,1,0,1,0,1,1,1,1,1,1,,,,,,,,,,,,,,,,,,,,,,,,,,,,,,,,,,,,,,,,,,,,,,,,,,,,,,,,,,
846,,,395,441,,14.10,73.50,1672,47.5,-14.250,0.000,4.05,0.000,13.15,1.00,0.23,-0.76,0.11,1.000,1.02,-1.32,1.107,0.00,0.90,0.000,20.3,0.000,0.694,0.000,900,6.71,4.3,4.32,-3.16,44.3,1,1,0,1,1,1,0,0,0,0,1,0,0,0,0,0,0,0,1,0,0,1,0,1,0,0,1,0,0,1,0,0,1,1,5155.8,0C,1,1,0,1,1,0,1,0,0,81.00,277.81,,,,,,,,,,,,,,,,,,,,,,,,,,,,,,,,,,,,,,,,,,,,,,,,,,,,,,,,,,
847,,,395,854,,14.10,72.75,1642,47.5,-14.250,0.000,4.00,0.000,13.59,1.00,0.23,-0.76,0.11,1.000,1.02,-1.32,1.104,0.00,0.90,0.000,20.3,0.000,0.694,0.000,900,6.73,4.3,4.34,-3.07,44.3,1,1,0,1,1,1,0,0,0,0,1,0,0,0,0,0,0,0,1,0,0,1,0,1,0,0,1,0,0,1,0,0,1,1,5155.8,0C,1,1,0,1,1,0,1,0,0,83.81,283.25,,,,,,,,,,,,,,,,,,,,,,,,,,,,,,,,,,,,,,,,,,,,,,,,,,,,,,,,,,
848,,,396,255,,14.10,72.75,1617,46.3,-15.000,0.000,3.93,0.000,14.11,1.00,0.23,-0.76,0.11,1.000,1.02,-1.32,1.100,0.00,0.90,0.000,20.3,0.000,0.694,0.000,900,6.75,4.3,4.35,-2.99,44.3,1,1,0,1,1,1,0,0,0,0,1,0,0,0,0,0,0,0,1,0,0,1,0,1,0,0,1,0,0,1,0,0,1,1,5155.8,0C,1,1,0,1,1,0,1,0,0,86.63,289.13,,,,,,,,,,,,,,,,,,,,,,,,,,,,,,,,,,,,,,,,,,,,,,,,,,,,,,,,,,
849,,,396,653,,14.10,72.75,1595,46.3,-15.000,0.000,3.76,0.000,14.11,1.00,0.23,-0.76,0.11,1.000,1.02,-1.32,1.099,0.00,0.90,0.000,20.3,0.000,0.694,0.000,900,6.76,4.3,4.35,-2.93,44.3,1,1,0,1,1,1,0,0,0,0,1,0,0,0,0,0,0,0,1,0,0,1,0,1,0,0,1,0,0,1,0,0,1,1,5155.8,0C,1,1,0,1,1,0,1,0,0,86.69,288.88,,,,,,,,,,,,,,,,,,,,,,,,,,,,,,,,,,,,,,,,,,,,,,,,,,,,,,,,,,
850,,,397,044,,14.00,72.75,1569,45.0,-15.000,0.000,3.69,0.000,13.92,1.00,0.23,-0.76,0.11,1.000,1.02,-1.32,1.101,0.00,0.90,0.000,20.3,0.000,0.694,0.000,900,6.76,4.3,4.35,-2.84,44.3,1,1,0,1,1,1,0,0,0,0,1,0,0,0,0,0,0,0,1,0,0,1,0,1,0,0,1,0,0,1,0,1,1,1,5155.8,0C,1,1,0,1,1,0,1,0,0,85.13,284.88,,,,,,,,,,,,,,,,,,,,,,,,,,,,,,,,,,,,,,,,,,,,,,,,,,,,,,,,,,
851,,,397,440,,14.00,72.75,1544,43.8,-15.000,0.000,3.64,0.000,13.88,1.00,0.23,-0.76,0.11,1.000,1.02,-1.32,1.100,0.00,0.90,0.000,20.3,0.000,0.694,0.000,900,6.76,4.3,4.35,-2.76,44.3,1,1,0,1,1,1,0,0,0,0,1,1,0,0,0,0,0,0,1,0,0,1,0,1,0,0,1,0,0,1,0,1,1,1,5155.8,0C,1,1,0,1,1,0,1,0,0,85.06,284.06,,,,,,,,,,,,,,,,,,,,,,,,,,,,,,,,,,,,,,,,,,,,,,,,,,,,,,,,,,
852,,,397,832,,14.00,72.75,1520,43.8,-15.000,0.000,3.64,0.000,13.95,1.00,0.23,-0.76,0.11,1.000,1.02,-1.32,1.099,0.00,0.90,0.000,20.3,0.000,0.694,0.000,900,6.76,4.3,4.35,-2.67,44.3,1,1,0,1,1,1,0,0,0,0,1,1,1,0,0,0,0,0,1,0,0,1,0,1,0,0,1,0,0,1,0,1,1,1,5155.8,0C,1,1,0,1,1,0,1,0,0,85.31,284.25,,,,,,,,,,,,,,,,,,,,,,,,,,,,,,,,,,,,,,,,,,,,,,,,,,,,,,,,,,
853,,,398,295,,13.70,72.75,1218,42.5,12.000,2.739,3.64,0.000,14.32,0.97,0.23,-0.76,0.11,1.000,1.02,-1.32,1.060,0.00,0.90,0.000,20.3,8.995,0.694,0.000,900,6.76,4.3,4.59,-0.46,44.3,1,1,0,1,1,1,0,0,0,0,1,0,1,0,0,0,0,0,1,0,1,1,0,1,0,0,0,0,0,1,0,0,1,1,5155.8,0C,1,1,0,1,1,0,1,0,0,91.75,342.00,,,,,,,,,,,,,,,,,,,,,,,,,,,,,,,,,,,,,,,,,,,,,,,,,,,,,,,,,,
854,,,398,702,,13.90,72.75,1197,42.5,7.500,3.245,4.91,0.000,20.53,0.97,0.26,-0.76,0.17,1.008,1.02,-1.32,1.046,0.00,0.90,0.000,20.3,9.041,0.694,0.000,900,6.76,4.3,4.53,1.18,44.3,1,1,0,1,1,1,0,0,0,0,1,1,0,0,0,0,0,0,1,0,1,1,1,1,0,0,0,0,0,1,0,1,1,1,5155.8,0C,1,1,0,1,1,0,1,0,0,126.13,415.13,,,,,,,,,,,,,,,,,,,,,,,,,,,,,,,,,,,,,,,,,,,,,,,,,,,,,,,,,,
855,,,399,110,,14.00,72.75,1185,38.8,2.250,2.970,4.42,0.000,19.45,0.96,0.99,-0.76,0.88,0.977,1.02,-1.32,1.051,0.00,0.90,1.613,20.3,9.133,0.694,0.000,900,6.76,4.3,3.54,-0.83,44.3,1,1,0,1,1,1,0,0,0,0,1,1,0,0,0,0,0,0,1,0,1,1,1,1,1,0,0,0,0,0,0,1,1,1,5155.8,0C,1,1,0,1,1,0,1,0,0,120.00,409.75,,,,,,,,,,,,,,,,,,,,,,,,,,,,,,,,,,,,,,,,,,,,,,,,,,,,,,,,,,
856,,,399,501,,14.00,72.75,1058,35.0,2.250,3.187,4.49,0.000,21.21,0.96,0.99,-0.76,0.80,0.962,1.02,-1.32,1.040,0.00,0.90,1.613,20.3,9.178,0.694,0.000,900,6.76,4.3,2.75,-0.20,44.3,1,1,0,1,1,1,0,0,0,0,1,1,0,0,0,0,0,0,1,0,1,1,1,1,1,0,0,0,0,0,0,1,1,1,5155.8,0C,1,1,0,1,1,0,1,0,0,135.69,446.75,,,,,,,,,,,,,,,,,,,,,,,,,,,,,,,,,,,,,,,,,,,,,,,,,,,,,,,,,,
857,,,399,920,,14.00,72.75,973,31.3,-1.500,3.334,3.44,0.000,23.81,0.98,1.01,-0.76,0.87,0.938,1.02,-1.32,1.020,0.00,0.90,1.524,20.3,9.178,0.694,0.000,900,6.76,4.3,2.45,-0.02,44.3,1,1,0,1,1,1,0,0,0,0,1,1,0,0,0,0,0,0,1,0,1,1,1,1,1,0,0,0,0,0,0,1,1,1,5155.8,0C,1,1,0,1,1,0,1,0,0,145.88,470.13,,,,,,,,,,,,,,,,,,,,,,,,,,,,,,,,,,,,,,,,,,,,,,,,,,,,,,,,,,
858,,,400,325,,14.10,72.75,938,31.3,29.250,7.354,21.29,48.554,39.73,0.98,1.03,-0.76,0.87,0.920,1.02,-1.32,1.050,0.00,0.90,1.524,20.3,9.522,0.694,0.000,900,6.76,4.3,2.42,0.00,44.3,1,1,0,1,1,1,0,0,0,0,1,0,0,0,0,0,0,0,0,0,1,1,1,1,1,0,0,1,0,1,0,0,1,1,5155.8,0C,1,1,0,1,1,0,1,0,0,253.44,725.63,,,,,,,,,,,,,,,,,,,,,,,,,,,,,,,,,,,,,,,,,,,,,,,,,,,,,,,,,,
859,,,400,704,,14.10,72.75,1486,31.3,-0.750,3.123,0.29,0.000,35.88,1.00,1.03,-0.76,0.92,0.942,1.02,-1.32,1.108,0.00,0.90,1.524,20.3,11.597,0.694,0.000,900,6.70,4.3,2.40,0.00,44.3,1,1,0,1,1,1,0,0,0,0,1,0,0,0,0,0,0,0,1,0,1,1,1,1,0,0,0,1,0,1,0,0,1,1,5155.8,0C,1,1,0,1,1,0,1,0,0,161.19,466.25,,,,,,,,,,,,,,,,,,,,,,,,,,,,,,,,,,,,,,,,,,,,,,,,,,,,,,,,,,
860,,,401,113,,14.10,72.75,1774,31.3,15.750,1.715,2.83,0.000,13.29,1.00,0.52,-0.76,0.15,0.902,1.02,-1.32,1.107,0.00,0.90,1.643,20.3,10.903,0.694,0.000,900,6.67,4.3,2.39,-3.37,44.3,1,1,0,1,1,1,0,0,0,0,1,0,1,0,0,0,0,0,1,0,1,1,1,1,0,0,0,0,0,1,0,0,1,1,5155.8,0C,1,1,0,1,1,0,1,0,0,78.56,271.50,,,,,,,,,,,,,,,,,,,,,,,,,,,,,,,,,,,,,,,,,,,,,,,,,,,,,,,,,,
861,,,401,513,,14.10,72.75,1466,30.0,34.500,1.805,2.91,0.000,13.05,1.00,0.24,-0.76,0.15,0.939,1.02,-1.32,1.092,0.00,0.90,1.643,20.3,11.940,0.694,0.000,900,6.76,4.3,2.42,-2.17,44.3,1,1,0,1,1,1,0,0,0,0,1,0,1,0,0,0,0,0,1,0,1,1,1,1,1,0,0,0,0,1,0,0,1,1,5155.8,0C,1,1,0,1,1,0,1,0,0,77.50,277.94,,,,,,,,,,,,,,,,,,,,,,,,,,,,,,,,,,,,,,,,,,,,,,,,,,,,,,,,,,
862,,,401,907,,13.90,72.75,1192,30.0,24.000,3.840,9.30,10.390,22.90,1.00,0.25,-0.76,0.16,0.953,1.02,-1.32,1.033,0.00,0.90,1.643,20.3,12.978,0.694,0.000,900,6.75,4.3,2.42,-1.04,44.3,1,1,0,1,1,1,0,0,0,0,1,0,1,0,0,0,0,0,0,0,1,1,1,1,1,0,0,1,0,1,0,0,1,1,5155.8,0C,1,1,0,1,1,0,1,0,0,173.44,532.19,,,,,,,,,,,,,,,,,,,,,,,,,,,,,,,,,,,,,,,,,,,,,,,,,,,,,,,,,,
863,,,402,283,,14.10,72.75,1831,28.8,30.750,4.621,9.72,10.468,30.07,1.00,0.95,-0.76,0.90,0.942,1.02,-1.32,1.138,0.00,0.90,1.823,20.3,13.664,0.694,0.000,900,6.48,4.3,2.32,-2.52,44.3,1,1,0,1,1,1,0,0,0,0,1,0,1,0,0,0,0,0,0,0,1,1,1,1,1,0,0,0,0,0,0,0,1,1,5155.8,0C,1,1,0,1,1,0,1,0,0,185.81,470.19,,,,,,,,,,,,,,,,,,,,,,,,,,,,,,,,,,,,,,,,,,,,,,,,,,,,,,,,,,
864,,,402,692,,14.10,72.75,2396,28.8,32.250,3.789,10.33,8.444,26.84,1.00,1.05,-0.76,0.94,0.898,1.02,-1.32,1.158,0.00,0.90,1.823,19.5,14.359,0.694,0.000,900,6.26,4.3,2.24,-2.43,44.3,1,1,0,1,1,1,0,0,0,0,1,0,1,0,0,0,0,0,0,0,1,1,1,1,1,0,0,0,0,0,0,0,1,1,5155.8,0C,1,1,0,1,1,0,1,0,0,162.25,430.69,,,,,,,,,,,,,,,,,,,,,,,,,,,,,,,,,,,,,,,,,,,,,,,,,,,,,,,,,,
865,,,403,091,,14.10,72.75,2339,30.0,33.000,3.085,8.13,4.953,23.20,1.00,1.03,-0.76,0.89,0.858,1.02,-1.32,1.146,0.00,0.90,3.814,19.5,14.702,0.694,0.000,900,6.30,4.3,2.26,-2.44,44.3,1,1,0,1,1,1,0,0,0,0,1,0,1,0,0,0,0,0,0,0,1,1,1,1,1,0,0,0,0,0,0,0,1,1,5155.8,0C,1,1,0,1,1,0,1,0,0,140.19,367.56,,,,,,,,,,,,,,,,,,,,,,,,,,,,,,,,,,,,,,,,,,,,,,,,,,,,,,,,,,
866,,,403,491,,14.10,72.75,2236,30.0,33.000,2.842,7.59,3.241,21.73,1.00,1.04,-0.76,0.91,0.824,1.02,-1.32,1.132,0.00,0.90,3.814,19.5,15.396,0.694,0.000,900,6.35,4.3,2.27,-2.47,44.3,1,1,0,1,1,1,0,0,0,0,1,0,1,0,0,0,0,0,0,0,1,1,1,1,1,0,0,0,0,0,0,0,1,1,5155.8,0C,1,1,0,1,1,0,1,0,0,121.19,325.31,,,,,,,,,,,,,,,,,,,,,,,,,,,,,,,,,,,,,,,,,,,,,,,,,,,,,,,,,,
867,,,403,873,,14.10,72.75,2223,30.0,34.500,2.150,6.08,2.593,16.80,1.00,1.01,-0.76,0.84,0.793,1.02,-1.32,1.119,0.00,0.90,3.814,19.5,16.434,0.694,0.000,900,6.35,4.3,2.27,-2.47,44.3,1,1,0,1,1,1,0,0,0,0,1,0,1,0,0,0,0,0,0,0,1,1,1,1,1,0,0,0,0,0,0,0,1,1,5155.8,0C,1,1,0,1,1,0,1,0,0,104.06,286.25,,,,,,,,,,,,,,,,,,,,,,,,,,,,,,,,,,,,,,,,,,,,,,,,,,,,,,,,,,
868,,,404,281,,14.10,72.75,2201,30.0,34.500,2.144,5.93,2.429,16.88,1.00,0.95,-0.76,0.22,0.765,1.02,-1.32,1.118,0.00,0.90,1.894,19.5,17.121,0.694,0.000,900,6.37,4.3,2.28,-2.47,44.3,1,1,0,1,1,1,0,0,0,0,1,0,1,0,0,0,0,0,0,0,1,1,1,1,1,0,0,0,0,0,0,0,1,1,5155.8,0C,1,1,0,1,1,0,1,0,0,103.69,284.69,,,,,,,,,,,,,,,,,,,,,,,,,,,,,,,,,,,,,,,,,,,,,,,,,,,,,,,,,,
869,,,404,705,,14.10,72.75,2180,30.0,22.500,1.933,2.22,0.484,15.56,1.00,0.51,-0.76,0.20,0.772,1.02,-1.32,1.117,0.00,0.90,1.894,19.5,18.158,0.694,0.000,900,6.38,4.3,2.28,-4.32,44.3,1,1,0,1,1,1,0,0,0,0,1,0,0,0,0,0,0,0,1,0,1,1,1,1,1,0,0,0,0,1,0,0,1,1,5155.8,0C,1,1,0,1,1,0,1,0,0,91.50,250.31,,,,,,,,,,,,,,,,,,,,,,,,,,,,,,,,,,,,,,,,,,,,,,,,,,,,,,,,,,
870,,,405,122,,14.10,72.75,2159,28.8,12.750,1.741,4.25,0.000,13.27,1.00,0.24,-0.76,0.16,0.798,1.02,-1.32,1.120,0.00,0.90,1.256,19.5,19.890,0.694,0.000,900,6.38,4.3,2.29,-4.31,44.3,1,1,0,1,1,1,0,0,0,0,1,0,0,0,0,0,0,0,1,0,1,1,1,1,1,0,0,0,0,1,0,0,1,1,5155.8,0C,1,1,0,1,1,0,1,0,0,79.75,230.81,,,,,,,,,,,,,,,,,,,,,,,,,,,,,,,,,,,,,,,,,,,,,,,,,,,,,,,,,,
871,,,405,503,,14.10,72.75,2033,27.5,0.000,1.696,4.13,0.000,13.05,1.00,0.23,-0.76,0.15,0.826,1.02,-1.32,1.116,0.00,0.90,1.256,19.5,22.652,0.694,0.000,900,6.47,4.3,2.32,-4.10,44.3,1,1,0,1,1,1,0,0,0,0,1,0,0,0,0,0,0,0,1,0,1,1,1,1,1,0,0,0,0,1,0,0,1,1,5155.8,0C,1,1,0,1,1,0,1,0,0,81.06,234.25,,,,,,,,,,,,,,,,,,,,,,,,,,,,,,,,,,,,,,,,,,,,,,,,,,,,,,,,,,
872,,,405,883,,14.10,72.75,1992,27.5,-0.750,1.658,4.05,0.000,12.82,1.00,0.24,-0.76,0.16,0.844,1.02,-1.32,1.116,0.00,0.90,1.256,19.5,24.384,0.694,0.000,900,6.50,4.3,2.33,-4.01,44.3,1,1,0,1,1,1,0,0,0,0,1,0,0,0,0,0,0,0,1,0,1,1,1,1,1,0,0,0,0,1,0,0,1,1,5155.8,0C,1,1,0,1,1,0,1,0,0,80.31,236.25,,,,,,,,,,,,,,,,,,,,,,,,,,,,,,,,,,,,,,,,,,,,,,,,,,,,,,,,,,
873,,,406,274,,14.10,72.75,1934,26.3,-9.000,1.600,3.93,0.000,12.33,1.00,0.23,-0.76,0.15,0.864,1.02,-1.32,1.117,0.00,0.90,1.174,19.5,25.071,0.694,0.000,900,6.53,4.3,2.34,-3.87,44.3,1,1,0,1,1,1,0,0,0,0,1,0,0,0,0,0,0,0,1,0,1,1,1,1,1,0,0,0,0,1,0,0,1,1,5155.8,0C,1,1,0,1,1,0,1,0,0,74.81,237.31,,,,,,,,,,,,,,,,,,,,,,,,,,,,,,,,,,,,,,,,,,,,,,,,,,,,,,,,,,
874,,,406,671,,14.10,72.75,1865,25.0,-12.750,0.000,4.00,0.000,10.95,1.45,0.09,-1.42,1.11,0.007,0.03,3.52,0.000,0.01,0.45,0.194,-42.0,41.798,0.672,30.750,2010,94.41,313.0,-78.91,3.26,-37.5,1,1,1,1,0,1,0,1,0,1,0,1,0,1,0,1,0,1,1,1,1,1,1,1,1,1,1,1,1,1,1,1,1,1,1,,,,,,,,,,,,,,,,,,,,,,,,,,,,,,,,,,,,,,,,,,,,,,,,,,,,,,,,,,,,,,,,,,,,,,
875,,,407,057,,14.10,72.75,1790,23.8,-12.750,0.000,4.00,0.000,10.95,1.00,0.21,-0.76,0.12,1.000,1.02,-1.32,1.115,0.00,0.90,0.000,19.5,0.000,0.694,0.000,900,6.63,4.3,2.37,-3.48,44.3,1,1,0,1,1,1,0,0,0,0,1,0,0,0,0,0,0,0,1,0,0,1,0,1,0,0,1,0,0,1,0,0,1,1,5155.8,0C,1,1,0,1,1,0,1,1,1,1,1,,,,,,,,,,,,,,,,,,,,,,,,,,,,,,,,,,,,,,,,,,,,,,,,,,,,,,,,,,
876,,,407,434,,13.90,72.75,1729,23.8,-13.500,0.000,4.00,0.000,11.88,1.00,0.20,-0.76,0.12,1.000,1.02,-1.32,1.115,0.00,0.90,0.000,19.5,0.000,0.694,0.000,900,6.67,4.3,2.39,-3.32,44.3,1,1,0,1,1,1,0,0,0,0,1,0,0,0,0,0,0,0,1,0,0,1,0,1,0,0,1,0,0,1,0,1,1,1,5155.8,0C,1,1,0,1,1,0,1,0,0,73.94,260.75,,,,,,,,,,,,,,,,,,,,,,,,,,,,,,,,,,,,,,,,,,,,,,,,,,,,,,,,,,
877,,,409,871,,14.10,72.00,2210,16.3,10.500,2.112,4.61,0.000,14.53,1.00,1.05,-0.76,0.95,0.934,1.02,-1.32,1.117,0.00,0.90,1.623,20.3,9.178,0.694,0.000,900,6.39,4.3,2.64,-4.33,44.3,1,1,0,1,1,1,0,0,0,0,1,0,1,0,0,0,0,0,1,0,1,1,1,1,1,0,0,0,0,1,0,0,1,1,5155.8,0C,1,1,0,1,1,0,1,0,0,88.56,247.50,,,,,,,,,,,,,,,,,,,,,,,,,,,,,,,,,,,,,,,,,,,,,,,,,,,,,,,,,,
878,,,412,345,,14.10,72.00,2566,18.8,33.000,3.578,11.96,9.413,25.43,1.00,0.23,-0.76,0.16,0.859,1.02,-1.32,1.163,0.00,0.90,3.227,19.5,12.634,0.694,0.000,900,6.15,4.3,2.55,-2.39,44.3,1,1,0,1,1,1,0,0,0,0,1,0,1,0,0,0,0,0,0,0,1,1,1,1,1,0,0,0,0,0,0,0,1,1,5155.8,0C,1,1,0,1,1,0,1,0,0,156.44,441.13,,,,,,,,,,,,,,,,,,,,,,,,,,,,,,,,,,,,,,,,,,,,,,,,,,,,,,,,,,
879,,,412,773,,14.10,72.00,2676,20.0,33.000,3.795,12.82,9.656,26.02,1.00,0.22,-0.76,0.16,0.905,1.02,-1.32,1.166,0.00,0.90,3.227,18.8,12.978,0.694,0.000,900,6.09,4.3,2.52,-2.36,44.3,1,1,0,1,1,1,0,0,0,0,1,0,0,0,0,0,0,0,0,0,1,1,1,1,1,0,0,0,0,0,0,0,1,1,5155.8,0C,1,1,0,1,1,0,1,0,0,159.81,457.69,,,,,,,,,,,,,,,,,,,,,,,,,,,,,,,,,,,,,,,,,,,,,,,,,,,,,,,,,,
880,,,413,170,,14.10,72.00,2794,20.0,33.000,3.904,13.13,9.578,25.66,1.00,0.23,-0.76,0.16,0.951,1.02,-1.32,1.173,0.00,0.90,4.160,18.8,13.664,0.694,0.000,900,6.08,4.3,2.51,-2.36,44.3,1,1,0,1,1,1,0,0,0,0,1,0,0,0,0,0,0,0,0,0,1,1,1,1,1,0,0,0,0,0,0,0,1,1,5155.8,0C,1,1,0,1,1,0,1,0,0,157.50,448.25,,,,,,,,,,,,,,,,,,,,,,,,,,,,,,,,,,,,,,,,,,,,,,,,,,,,,,,,,,
881,,,413,562,,14.10,72.00,2921,21.3,33.000,4.224,13.62,9.906,26.27,1.00,0.24,-0.76,0.17,0.999,1.02,-1.32,1.179,0.00,0.90,4.160,18.8,14.015,0.694,0.000,900,6.08,4.3,2.51,-2.36,44.3,1,1,0,1,1,1,0,0,0,0,1,0,0,0,0,0,0,0,0,0,1,1,1,1,1,0,0,0,0,0,0,0,1,1,5155.8,0C,1,1,0,1,1,0,1,0,0,161.81,452.69,,,,,,,,,,,,,,,,,,,,,,,,,,,,,,,,,,,,,,,,,,,,,,,,,,,,,,,,,,
882,,,413,952,,14.10,72.00,3086,22.5,31.500,5.645,15.92,12.178,32.06,1.00,0.69,-0.76,0.69,1.049,1.02,-1.32,1.168,0.00,0.90,6.652,18.8,14.702,0.694,0.000,900,6.07,4.3,2.51,-2.36,44.3,1,1,0,1,1,1,0,0,0,0,1,0,0,0,0,0,0,0,0,0,1,1,1,1,1,0,0,0,0,0,0,0,1,1,5155.8,0C,1,1,0,1,1,0,1,0,0,203.63,518.13,,,,,,,,,,,,,,,,,,,,,,,,,,,,,,,,,,,,,,,,,,,,,,,,,,,,,,,,,,
883,,,414,360,,14.10,72.00,3302,23.8,30.000,5.338,15.75,12.663,34.13,1.00,1.02,-0.76,0.94,0.965,1.02,-1.32,1.161,0.00,0.90,6.652,18.0,15.053,0.694,0.000,900,6.07,4.3,2.51,-2.24,44.3,1,1,0,1,1,1,0,0,0,0,1,0,0,0,0,0,0,0,0,0,1,1,1,1,1,0,0,1,0,0,0,0,1,1,5155.8,0C,1,1,0,1,1,0,1,0,0,208.31,511.44,,,,,,,,,,,,,,,,,,,,,,,,,,,,,,,,,,,,,,,,,,,,,,,,,,,,,,,,,,
884,,,414,751,,14.10,72.00,3406,26.3,7.500,2.835,6.69,0.000,21.84,1.00,1.05,-0.76,0.95,0.907,1.02,-1.32,1.173,0.00,0.90,6.652,18.0,15.740,0.694,0.000,900,6.07,4.3,2.51,-4.48,44.3,1,1,0,1,1,1,0,0,0,0,1,0,1,0,0,0,0,0,1,0,1,1,1,1,1,0,0,0,0,1,0,0,1,1,5155.8,0C,1,1,0,1,1,0,1,0,0,124.63,333.56,,,,,,,,,,,,,,,,,,,,,,,,,,,,,,,,,,,,,,,,,,,,,,,,,,,,,,,,,,
885,,,415,160,,14.10,72.00,3179,25.0,39.750,1.722,7.06,0.000,11.84,1.00,1.03,-0.76,0.87,0.868,1.02,-1.32,1.166,0.00,0.90,2.348,18.0,16.434,0.694,0.000,900,6.06,4.3,2.51,-4.69,44.3,1,1,0,1,1,1,0,0,0,0,1,0,1,0,0,0,0,0,1,0,1,1,1,1,1,0,0,0,0,1,0,0,1,1,5155.8,0C,1,1,0,1,1,0,1,0,0,71.00,232.88,,,,,,,,,,,,,,,,,,,,,,,,,,,,,,,,,,,,,,,,,,,,,,,,,,,,,,,,,,
886,,,415,555,,14.10,72.00,2778,25.0,-10.500,0.000,6.54,0.000,9.84,1.00,0.22,-0.76,0.14,1.000,1.02,-1.32,1.165,0.00,0.90,2.348,18.0,0.000,0.694,0.000,900,6.06,4.3,2.51,-4.44,44.3,1,1,0,1,1,1,0,0,0,0,1,0,1,0,0,0,0,0,1,0,0,1,0,1,0,0,1,0,0,1,0,0,1,1,5155.8,0C,1,1,0,1,1,0,1,0,0,67.19,233.75,,,,,,,,,,,,,,,,,,,,,,,,,,,,,,,,,,,,,,,,,,,,,,,,,,,,,,,,,,
887,,,415,933,,14.10,72.00,2319,25.0,27.750,5.293,12.28,9.819,27.07,0.97,0.83,-0.76,0.64,0.990,1.02,-1.32,1.154,0.00,0.90,3.814,18.0,9.133,0.694,0.000,900,6.29,4.3,2.60,-2.44,44.3,1,1,0,1,1,1,0,0,0,0,1,0,1,0,0,0,0,0,0,0,1,1,1,1,0,0,0,0,0,1,0,0,1,1,5155.8,0C,1,1,0,1,1,0,1,0,0,171.38,434.19,,,,,,,,,,,,,,,,,,,,,,,,,,,,,,,,,,,,,,,,,,,,,,,,,,,,,,,,,,
888,,,416,354,,14.10,72.00,2242,26.3,30.000,5.152,10.57,9.906,32.13,0.97,1.07,-0.76,1.00,0.948,1.02,-1.32,1.145,0.00,0.90,3.814,18.0,9.522,0.694,0.000,900,6.33,4.3,2.62,-2.46,44.3,1,1,0,1,1,1,0,0,0,0,1,0,1,0,0,0,0,0,0,0,1,1,1,1,1,0,0,0,0,0,0,0,1,1,5155.8,0C,1,1,0,1,1,0,1,0,0,197.06,492.25,,,,,,,,,,,,,,,,,,,,,,,,,,,,,,,,,,,,,,,,,,,,,,,,,,,,,,,,,,
889,,,416,760,,14.10,72.00,2007,26.3,30.750,4.333,9.18,10.390,29.23,0.96,1.07,-0.76,0.97,0.909,1.02,-1.32,1.130,0.00,0.90,3.814,18.0,10.208,0.694,0.000,900,6.46,4.3,2.67,-2.51,44.3,1,1,0,1,1,1,0,0,0,0,1,0,1,0,0,0,0,0,0,0,1,1,1,1,1,0,0,0,0,0,0,0,1,1,5155.8,0C,1,1,0,1,1,0,1,0,0,177.25,458.69,,,,,,,,,,,,,,,,,,,,,,,,,,,,,,,,,,,,,,,,,,,,,,,,,,,,,,,,,,
890,,,417,151,,14.10,72.00,2032,27.5,30.750,4.173,9.59,10.874,29.32,0.97,1.06,-0.76,0.95,0.871,1.02,-1.32,1.129,0.00,0.90,3.522,18.0,10.559,0.694,0.000,900,6.45,4.3,2.67,-2.50,44.3,1,1,0,1,1,1,0,0,0,0,1,0,1,0,0,0,0,0,0,0,1,1,1,1,1,0,0,0,0,0,0,0,1,1,5155.8,0C,1,1,0,1,1,0,1,0,0,180.25,465.38,,,,,,,,,,,,,,,,,,,,,,,,,,,,,,,,,,,,,,,,,,,,,,,,,,,,,,,,,,
891,,,419,624,,14.10,72.00,2254,30.0,32.250,3.507,9.55,9.413,27.87,1.00,0.86,-0.76,0.82,0.746,1.02,-1.32,1.151,0.00,0.90,3.247,18.0,14.015,0.694,0.000,900,6.31,4.3,2.61,-2.45,44.3,1,1,0,1,1,1,0,0,0,0,1,0,0,0,0,0,0,0,0,0,1,1,1,1,1,0,0,0,0,0,0,0,1,1,5155.8,0C,1,1,0,1,1,0,1,0,0,170.56,434.25,,,,,,,,,,,,,,,,,,,,,,,,,,,,,,,,,,,,,,,,,,,,,,,,,,,,,,,,,,
892,,,420,020,,14.10,72.00,2279,31.3,32.250,3.283,8.98,7.953,26.53,1.00,0.40,-0.76,0.22,0.751,1.02,-1.32,1.154,0.00,0.90,2.978,18.0,14.359,0.694,0.000,900,6.30,4.3,2.61,-2.44,44.3,1,1,0,1,1,1,0,0,0,0,1,0,0,0,0,0,0,0,0,0,1,1,1,1,1,0,0,0,0,0,0,0,1,1,5155.8,0C,1,1,0,1,1,0,1,0,0,158.75,408.81,,,,,,,,,,,,,,,,,,,,,,,,,,,,,,,,,,,,,,,,,,,,,,,,,,,,,,,,,,
893,,,420,412,,14.10,72.00,2295,31.3,33.000,2.739,7.59,5.843,22.10,1.00,0.29,-0.76,0.22,0.789,1.02,-1.32,1.138,0.00,0.90,2.978,18.0,15.053,0.694,0.000,900,6.29,4.3,2.60,-2.44,44.3,1,1,0,1,1,1,0,0,0,0,1,0,0,0,0,0,0,0,0,0,1,1,1,1,1,0,0,0,0,0,0,0,1,1,5155.8,0C,1,1,0,1,1,0,1,0,0,132.06,348.50,,,,,,,,,,,,,,,,,,,,,,,,,,,,,,,,,,,,,,,,,,,,,,,,,,,,,,,,,,
894,,,420,811,,14.10,72.00,2303,31.3,33.750,2.790,7.96,3.734,21.28,1.00,0.45,-0.76,0.34,0.823,1.02,-1.32,1.132,0.00,0.90,2.978,18.0,15.740,0.694,0.000,900,6.29,4.3,2.60,-2.44,44.3,1,1,0,1,1,1,0,0,0,0,1,0,0,0,0,0,0,0,0,0,1,1,1,1,1,0,0,0,0,0,0,0,1,1,5155.8,0C,1,1,0,1,1,0,1,0,0,130.38,347.38,,,,,,,,,,,,,,,,,,,,,,,,,,,,,,,,,,,,,,,,,,,,,,,,,,,,,,,,,,
895,,,421,206,,14.10,71.25,2302,31.3,33.750,2.605,7.35,1.375,20.48,1.00,0.87,-0.76,0.82,0.803,1.02,-1.32,1.127,0.00,0.90,2.640,18.0,16.434,0.694,0.000,900,6.29,4.3,2.60,-2.44,44.3,1,1,0,1,1,1,0,0,0,0,1,0,0,0,0,0,0,0,0,0,1,1,1,1,1,0,0,0,0,0,0,0,1,1,5155.8,0C,1,1,0,1,1,0,1,0,0,121.88,329.13,,,,,,,,,,,,,,,,,,,,,,,,,,,,,,,,,,,,,,,,,,,,,,,,,,,,,,,,,,
896,,,421,583,,14.10,71.25,2284,31.3,20.250,2.374,6.37,0.000,18.47,1.00,0.28,-0.76,0.21,0.825,1.02,-1.32,1.126,0.00,0.90,2.640,18.0,17.121,0.694,0.000,900,6.30,4.3,2.61,-4.32,44.3,1,1,0,1,1,1,0,0,0,0,1,0,0,0,0,0,0,0,1,0,1,1,1,1,1,0,0,0,0,1,0,0,1,1,5155.8,0C,1,1,0,1,1,0,1,0,0,109.13,300.38,,,,,,,,,,,,,,,,,,,,,,,,,,,,,,,,,,,,,,,,,,,,,,,,,,,,,,,,,,
897,,,421,963,,14.10,71.25,2265,31.3,36.000,1.971,5.35,0.000,15.33,1.00,0.90,-0.76,0.81,0.789,1.02,-1.32,1.123,0.00,0.90,1.623,18.0,18.158,0.694,0.000,900,6.31,4.3,2.61,-4.33,44.3,1,1,0,1,1,1,0,0,0,0,1,0,0,0,0,0,0,0,1,0,1,1,1,1,1,0,0,0,0,1,0,0,1,1,5155.8,0C,1,1,0,1,1,0,1,0,0,93.63,262.19,,,,,,,,,,,,,,,,,,,,,,,,,,,,,,,,,,,,,,,,,,,,,,,,,,,,,,,,,,
898,,,422,360,,14.10,71.25,2238,30.0,22.500,1.805,4.86,0.000,14.06,1.00,0.30,-0.76,0.22,0.801,1.02,-1.32,1.125,0.00,0.90,1.623,18.0,19.547,0.694,0.000,900,6.31,4.3,2.61,-4.32,44.3,1,1,0,1,1,1,0,0,0,0,1,0,0,0,0,0,0,0,1,0,1,1,1,1,1,0,0,0,0,1,0,0,1,1,5155.8,0C,1,1,0,1,1,0,1,0,0,86.50,246.38,,,,,,,,,,,,,,,,,,,,,,,,,,,,,,,,,,,,,,,,,,,,,,,,,,,,,,,,,,
899,,,422,746,,14.10,71.25,2184,30.0,11.250,1.709,4.13,0.000,12.77,1.00,0.26,-0.76,0.19,0.827,1.02,-1.32,1.122,0.00,0.90,1.623,18.0,21.271,0.694,0.000,900,6.36,4.3,2.63,-4.31,44.3,1,1,0,1,1,1,0,0,0,0,1,0,0,0,0,0,0,0,1,0,1,1,1,1,1,0,0,0,0,1,0,0,1,1,5155.8,0C,1,1,0,1,1,0,1,0,0,78.56,227.63,,,,,,,,,,,,,,,,,,,,,,,,,,,,,,,,,,,,,,,,,,,,,,,,,,,,,,,,,,
900,,,423,168,,14.10,71.25,2133,28.8,15.750,1.747,4.42,4.546,12.91,1.00,0.23,-0.76,0.17,0.850,1.02,-1.32,1.121,0.00,0.90,1.256,18.0,23.346,0.694,0.000,900,6.39,4.3,2.64,-2.48,44.3,1,1,0,1,1,1,0,0,0,0,1,0,0,0,0,0,0,0,0,0,1,1,1,1,1,0,0,0,0,1,0,0,1,1,5155.8,0C,1,1,0,1,1,0,1,0,0,81.81,232.81,,,,,,,,,,,,,,,,,,,,,,,,,,,,,,,,,,,,,,,,,,,,,,,,,,,,,,,,,,
901,,,423,552,,14.10,-47.25,4933,88.8,2.250,116.333,278.13,68.476,1004.51,1.45,0.09,-1.43,0.48,0.007,0.03,7.41,0.508,0.01,0.45,0.194,-42.0,19.532,0.672,75.000,2520,-35.56,1766.7,1.16,-49.63,113.3,0,1,0,0,0,1,0,1,1,1,1,1,0,1,1,0,0,1,0,0,0,0,0,0,0,0,1,1,1,0,0,0,0,0,7939.3,7D,0,1,0,1,0,1,1,1,1,1,1,,,,,,,,,,,,,,,,,,,,,,,,,,,,,,,,,,,,,,,,,,,,,,,,,,,,,,,,,,
902,,,425,994,,14.10,71.25,2279,31.3,21.750,2.458,6.74,0.000,19.88,1.00,0.26,-0.76,0.19,0.892,1.02,-1.32,1.126,0.00,0.90,2.163,18.8,32.677,0.694,0.000,900,6.31,4.3,2.61,-4.33,44.3,1,1,0,1,1,1,0,0,0,0,1,0,0,0,0,0,0,0,1,0,1,1,1,1,1,0,0,0,0,1,0,0,1,1,5155.8,0C,1,1,0,1,1,0,1,0,0,117.25,318.75,,,,,,,,,,,,,,,,,,,,,,,,,,,,,,,,,,,,,,,,,,,,,,,,,,,,,,,,,,
903,,,426,386,,14.10,71.25,2259,30.0,35.250,2.093,5.35,0.000,16.41,1.00,0.29,-0.76,0.22,0.924,1.02,-1.32,1.123,0.00,0.90,2.163,18.8,35.096,0.694,0.000,900,6.32,4.3,2.62,-4.32,44.3,1,1,0,1,1,1,0,0,0,0,1,0,0,0,0,0,0,0,1,0,1,1,1,1,1,0,0,0,0,1,0,0,1,1,5155.8,0C,1,1,0,1,1,0,1,0,0,98.25,273.75,,,,,,,,,,,,,,,,,,,,,,,,,,,,,,,,,,,,,,,,,,,,,,,,,,,,,,,,,,
904,,,426,790,,14.10,71.25,2177,30.0,17.250,2.003,4.91,0.000,15.56,1.00,0.86,-0.76,0.74,0.889,1.02,-1.32,1.115,0.00,0.90,2.163,18.8,32.677,0.694,0.000,900,6.38,4.3,2.64,-4.30,44.3,1,1,0,1,1,1,0,0,0,0,1,0,0,0,0,0,0,0,1,0,1,1,1,1,1,0,0,0,0,1,0,0,1,1,5155.8,0C,1,1,0,1,1,0,1,0,0,94.19,261.13,,,,,,,,,,,,,,,,,,,,,,,,,,,,,,,,,,,,,,,,,,,,,,,,,,,,,,,,,,
905,,,427,186,,14.10,-48.00,10624,0.0,1.500,140.902,1384.38,20.429,242.77,1.45,0.09,-1.43,0.10,0.007,0.03,-1.30,0.578,0.01,0.45,0.194,-42.0,17.969,0.672,73.500,2500,98.81,1766.7,1.16,-43.38,113.3,0,1,0,0,0,1,0,1,1,1,1,1,0,1,1,0,0,1,0,0,0,0,0,0,0,0,1,0,1,0,0,0,0,0,1709.0,C1,0,1,0,1,0,1,1,1,1,1,1,,,,,,,,,,,,,,,,,,,,,,,,,,,,,,,,,,,,,,,,,,,,,,,,,,,,,,,,,,
906,,,427,590,,14.10,71.25,2133,28.8,15.000,1.683,3.88,0.000,12.54,1.00,0.89,-0.76,0.80,0.893,1.02,-1.32,1.122,0.00,0.90,1.623,18.8,27.489,0.694,0.000,900,6.39,4.3,2.64,-4.30,44.3,1,1,0,1,1,1,0,0,0,0,1,0,0,0,0,0,0,0,1,0,1,1,1,1,1,0,0,0,0,1,0,0,1,1,5155.8,0C,1,1,0,1,1,0,1,0,0,76.38,223.00,,,,,,,,,,,,,,,,,,,,,,,,,,,,,,,,,,,,,,,,,,,,,,,,,,,,,,,,,,
907,,,428,000,,14.10,71.25,2097,28.8,4.500,1.798,3.88,0.000,12.89,1.00,0.25,-0.76,0.18,0.931,1.02,-1.32,1.119,0.00,0.90,1.256,18.8,26.802,0.694,0.000,900,6.41,4.3,2.66,-4.29,44.3,1,1,0,1,1,1,0,0,0,0,1,0,0,0,0,0,0,0,1,0,1,1,1,1,1,0,0,0,0,1,0,0,1,1,5155.8,0C,1,1,0,1,1,0,1,0,0,77.00,224.75,,,,,,,,,,,,,,,,,,,,,,,,,,,,,,,,,,,,,,,,,,,,,,,,,,,,,,,,,,
908,,,428,406,,14.10,71.25,2003,27.5,-6.000,1.728,3.76,0.000,12.33,1.00,0.24,-0.76,0.18,0.958,1.02,-1.32,1.118,0.00,0.90,1.256,18.8,25.765,0.694,0.000,900,6.48,4.3,2.68,-4.03,44.3,1,1,0,1,1,1,0,0,0,0,1,0,0,0,0,0,0,0,1,0,1,1,1,1,1,0,0,0,0,1,0,0,1,1,5155.8,0C,1,1,0,1,1,0,1,0,0,75.31,224.13,,,,,,,,,,,,,,,,,,,,,,,,,,,,,,,,,,,,,,,,,,,,,,,,,,,,,,,,,,
909,,,428,780,,14.10,71.25,1950,26.3,-12.750,1.613,3.64,0.000,11.18,1.00,0.24,-0.76,0.18,1.000,1.02,-1.32,1.117,0.00,0.90,1.256,18.8,0.000,0.694,0.000,900,6.52,4.3,2.47,-42.60,113.3,0,1,0,0,0,1,0,1,1,1,1,1,0,1,1,0,0,1,0,0,0,0,0,0,0,0,0,0,1,0,0,0,0,0,3628.8,D8,0,1,0,1,0,1,1,1,1,1,1,,,,,,,,,,,,,,,,,,,,,,,,,,,,,,,,,,,,,,,,,,,,,,,,,,,,,,,,,,
910,,,429,193,,14.10,71.25,1893,25.0,-12.000,0.000,3.69,0.000,10.85,1.00,0.21,-0.76,0.14,1.000,1.02,-1.32,1.117,0.00,0.90,1.408,18.8,0.000,0.694,0.000,900,6.55,4.3,2.71,-3.76,44.3,1,1,0,1,1,1,0,0,0,0,1,0,0,0,0,0,0,0,1,0,0,1,0,1,0,0,1,0,0,1,0,0,1,1,5155.8,0C,1,1,0,1,1,0,1,0,0,65.00,226.31,,,,,,,,,,,,,,,,,,,,,,,,,,,,,,,,,,,,,,,,,,,,,,,,,,,,,,,,,,
911,,,429,582,,14.10,71.25,1817,25.0,-11.250,0.000,3.69,0.000,10.20,1.00,0.19,-0.76,0.12,1.000,1.02,-1.32,1.116,0.00,0.90,1.408,18.8,0.000,0.694,0.000,900,6.60,4.3,2.73,-3.56,44.3,1,1,0,1,1,1,0,0,0,0,1,0,0,0,0,0,0,0,1,0,0,1,0,1,0,0,1,0,0,1,0,0,1,1,5155.8,0C,1,1,0,1,1,0,1,0,0,62.81,235.38,,,,,,,,,,,,,,,,,,,,,,,,,,,,,,,,,,,,,,,,,,,,,,,,,,,,,,,,,,
912,,,429,971,,14.10,71.25,1753,23.8,-12.750,0.000,3.76,0.000,10.95,1.00,0.19,-0.76,0.12,1.000,1.02,-1.32,1.115,0.00,0.90,0.000,19.5,0.000,0.694,0.000,900,6.64,4.3,2.75,-3.38,44.3,1,1,0,1,1,1,0,0,0,0,1,0,0,0,0,0,0,0,1,0,0,1,0,1,0,0,1,0,0,1,0,0,1,1,5155.8,0C,1,1,0,1,1,0,1,0,0,68.06,247.06,,,,,,,,,,,,,,,,,,,,,,,,,,,,,,,,,,,,,,,,,,,,,,,,,,,,,,,,,,
913,,,430,365,,14.10,71.25,1678,22.5,-13.500,0.000,4.00,0.000,12.40,1.00,0.19,-0.76,0.12,1.000,1.02,-1.32,1.113,0.00,0.90,0.000,19.5,0.000,0.694,0.000,900,6.70,4.3,2.77,-3.15,44.3,1,1,0,1,1,1,0,0,0,0,1,0,0,0,0,0,0,0,1,0,0,1,0,1,0,0,1,0,0,1,0,0,1,1,5155.8,0C,1,1,0,1,1,0,1,0,0,78.56,270.81,,,,,,,,,,,,,,,,,,,,,,,,,,,,,,,,,,,,,,,,,,,,,,,,,,,,,,,,,,
914,,,430,742,,14.10,71.25,1609,21.3,-15.000,0.000,4.00,0.000,14.02,1.00,0.19,-0.76,0.11,1.000,1.02,-1.32,1.100,0.00,0.90,0.000,19.5,0.000,0.694,0.000,900,6.74,4.3,2.79,-2.94,44.3,1,1,0,1,1,1,0,0,0,0,1,0,0,0,0,0,0,0,1,0,0,1,0,1,0,0,1,0,0,1,0,0,1,1,5155.8,0C,1,1,0,1,1,0,1,0,0,86.94,288.44,,,,,,,,,,,,,,,,,,,,,,,,,,,,,,,,,,,,,,,,,,,,,,,,,,,,,,,,,,
915,,,431,117,,13.90,71.25,1555,21.3,-15.000,0.000,0.00,35.157,1.03,0.85,0.04,-1.63,0.00,0.336,2.28,-0.36,0.963,0.00,0.01,23.067,42.0,84.004,0.916,0.916,0.916,0.916,0.916,0.916,0.916,0.916,0.916,0.916,0.916,0.916,0.916,0.916,0.916,0.916,0.916,0.916,0.916,0.916,0.916,0.916,0.916,0.916,0.916,0.916,0.916,0.916,0.916,0.916,0.916,0.916,0.916,0.916,0.916,0.916,0.916,0.916,0.916,0.916,0.916,0.916,0.916,,,,,,,,,,,,,,,,,,,,,,,,,,,,,,,,,,,,,,,,,,,,,,,,,,,,,,,,,,,,,,,,,,,,,,
916,,,431,504,,14.00,71.25,1454,18.8,-15.000,0.000,3.93,0.000,15.49,1.00,0.19,-0.76,0.11,1.000,1.02,-1.32,1.085,0.00,0.90,0.000,19.5,0.000,0.694,0.000,900,6.75,4.3,2.79,-2.27,44.3,1,1,0,1,1,1,0,0,0,0,1,1,1,0,0,0,0,0,1,0,0,1,0,1,0,0,1,0,0,1,0,1,1,1,5155.8,0C,1,1,0,1,1,0,1,0,0,91.56,315.25,,,,,,,,,,,,,,,,,,,,,,,,,,,,,,,,,,,,,,,,,,,,,,,,,,,,,,,,,,
917,,,431,880,,13.40,71.25,1145,16.3,12.000,4.173,1040.43,14.960,134.98,1.45,0.09,-1.33,0.27,0.007,0.00,0.04,0.180,0.01,0.45,0.194,-42.0,63.673,0.672,12.750,2550,55.84,1766.7,5.65,-18.38,113.3,0,1,0,0,0,1,0,1,1,1,1,1,0,1,1,0,0,1,0,0,0,0,0,0,0,0,0,0,0,1,0,0,0,0,345.7,B4,0,1,0,1,0,1,1,1,1,1,1,,,,,,,,,,,,,,,,,,,,,,,,,,,,,,,,,,,,,,,,,,,,,,,,,,,,,,,,,,
918,,,432,274,,14.00,71.25,1123,12.5,2.250,3.277,4.30,0.000,20.11,0.97,0.55,-0.76,0.79,1.014,1.02,-1.32,1.048,0.00,0.90,2.163,19.5,9.064,0.694,0.000,900,6.75,4.3,2.80,-0.50,44.3,1,1,0,1,1,1,0,0,0,0,1,1,1,0,0,0,0,0,1,0,1,1,1,1,0,0,0,0,0,1,0,1,1,1,5155.8,0C,1,1,0,1,1,0,1,0,0,125.75,422.25,,,,,,,,,,,,,,,,,,,,,,,,,,,,,,,,,,,,,,,,,,,,,,,,,,,,,,,,,,
919,,,432,670,,14.00,71.25,1024,8.8,4.500,3.456,4.30,0.000,22.29,0.96,0.99,-0.76,0.92,0.975,1.02,-1.32,1.032,0.00,0.90,2.163,20.3,9.155,0.694,0.000,900,6.75,4.3,2.58,-0.16,44.3,1,1,0,1,1,1,0,0,0,0,1,1,1,0,0,0,0,0,1,0,1,1,1,1,1,0,0,0,0,0,0,1,1,1,5155.8,0C,1,1,0,1,1,0,1,0,0,139.44,451.81,,,,,,,,,,,,,,,,,,,,,,,,,,,,,,,,,,,,,,,,,,,,,,,,,,,,,,,,,,
920,,,433,074,,14.00,71.25,991,5.0,-1.500,3.533,4.25,0.000,24.26,0.97,1.03,-0.76,0.92,0.957,1.02,-1.32,1.017,0.00,0.90,1.643,20.3,9.178,0.694,0.000,900,6.75,4.3,2.58,1.10,44.3,1,1,0,1,1,1,0,0,0,0,1,1,0,0,0,0,0,0,1,0,1,1,1,1,1,0,0,0,0,0,0,1,1,1,5155.8,0C,1,1,0,1,1,0,1,0,0,147.81,471.00,,,,,,,,,,,,,,,,,,,,,,,,,,,,,,,,,,,,,,,,,,,,,,,,,,,,,,,,,,
921,,,433,493,,14.00,71.25,958,2.5,4.500,3.245,3.64,0.000,23.30,0.98,1.02,-0.76,0.91,0.939,1.02,-1.32,1.024,0.00,0.90,1.643,20.3,9.178,0.694,0.000,900,6.75,4.3,2.55,-0.06,44.3,1,1,0,1,1,1,0,0,0,0,1,1,0,0,0,0,0,0,1,0,1,1,1,1,1,0,0,0,0,0,0,1,1,1,5155.8,0C,1,1,0,1,1,0,1,0,0,140.19,457.38,,,,,,,,,,,,,,,,,,,,,,,,,,,,,,,,,,,,,,,,,,,,,,,,,,,,,,,,,,
922,,,433,883,,14.00,71.25,933,2.5,6.750,3.136,3.69,0.000,22.69,0.98,1.01,-0.76,0.87,0.922,1.02,-1.32,1.029,0.00,0.90,1.643,20.3,9.178,0.694,0.000,900,6.75,4.3,2.55,-0.02,44.3,1,1,0,1,1,1,0,0,0,0,1,1,0,0,0,0,0,0,1,0,1,1,1,1,1,0,0,0,0,0,0,1,1,1,5155.8,0C,1,1,0,1,1,0,1,0,0,138.38,456.19,,,,,,,,,,,,,,,,,,,,,,,,,,,,,,,,,,,,,,,,,,,,,,,,,,,,,,,,,,
923,,,434,270,,14.00,71.25,906,1.3,9.000,2.906,3.03,0.000,21.80,0.99,0.96,-0.76,0.77,0.906,1.02,-1.32,1.036,0.00,0.90,1.208,20.3,9.178,0.694,64.500,2550,-39.47,1766.7,2.73,-24.63,113.3,0,1,0,0,0,1,0,1,1,1,1,1,0,1,1,0,0,1,0,0,0,0,0,0,0,0,0,0,0,1,0,0,0,0,2095.2,A4,0,1,0,1,0,1,1,1,1,1,1,,,,,,,,,,,,,,,,,,,,,,,,,,,,,,,,,,,,,,,,,,,,,,,,,,,,,,,,,,
924,,,434,675,,14.00,71.25,864,1.3,21.000,2.470,3.20,0.000,19.76,1.00,0.55,-0.76,0.21,0.894,1.02,-1.32,1.047,0.00,0.90,1.208,20.3,9.522,0.694,0.000,800,6.76,4.3,2.72,-0.04,44.3,1,1,0,1,1,1,0,0,0,0,1,1,0,0,0,0,0,0,0,0,0,0,0,0,0,0,1,1,1,0,0,0,0,0,9135.2,70,0,1,0,1,0,1,1,1,1,1,1,,,,,,,,,,,,,,,,,,,,,,,,,,,,,,,,,,,,,,,,,,,,,,,,,,,,,,,,,,
925,,,435,046,,14.00,71.25,841,0.0,18.000,2.752,3.44,0.000,20.74,1.45,0.09,-1.33,0.81,0.007,0.00,8.20,1.297,0.01,0.01,78.157,-48.0,48.153,0.047,0.047,0.047,0.047,0.047,0.047,0.047,0.047,0.047,0.047,0.047,0.047,0.047,0.047,0.047,0.047,0.047,0.047,0.047,0.047,0.047,0.047,0.047,0.047,0.047,0.047,0.047,0.047,0.047,0.047,0.047,0.047,0.047,0.047,0.047,0.047,0.047,0.047,0.047,0.047,0.047,0.047,0.047,,,,,,,,,,,,,,,,,,,,,,,,,,,,,,,,,,,,,,,,,,,,,,,,,,,,,,,,,,,,,,,,,,,,,,
926,,,435,429,,14.00,71.25,832,0.0,6.000,3.155,846.88,16.522,194.81,1.32,0.46,-0.24,0.48,0.347,0.00,8.20,1.297,0.01,0.01,71.002,-48.0,48.153,0.047,93.750,1920,94.41,313.0,-78.91,6.83,-25.5,0,1,0,0,0,1,0,1,0,1,0,1,0,1,0,1,0,1,1,1,1,1,1,1,1,1,1,1,1,1,1,1,1,1,1,,,,,,,,,,,,,,,,,,,,,,,,,,,,,,,,,,,,,,,,,,,,,,,,,,,,,,,,,,,,,,,,,,,,,,
927,,,435,812,,14.10,63.00,8203,95.0,24.750,201.709,412.18,7.228,1440.00,0.81,0.04,-1.66,0.00,0.336,0.00,0.97,0.242,-0.02,0.66,0.66,0.66,0.66,0.66,0.66,0.66,0.66,0.66,0.66,0.66,0.66,0.66,0.66,0.66,0.66,0.66,0.66,0.66,0.66,0.66,0.66,0.66,0.66,0.66,0.66,0.66,0.66,0.66,0.66,0.66,0.66,0.66,0.66,0.66,0.66,0.66,0.66,0.66,0.66,0.66,0.66,0.66,0.66,0.66,0.66,0.66,,,,,,,,,,,,,,,,,,,,,,,,,,,,,,,,,,,,,,,,,,,,,,,,,,,,,,,,,,,,,,,,,,,,,,
928,,,436,203,,14.00,71.25,808,0.0,2.250,3.322,3.81,0.000,24.68,1.00,0.22,-0.76,0.18,0.975,1.02,-1.32,1.015,0.00,0.90,1.271,20.3,9.865,0.694,0.000,800,6.76,4.3,2.75,0.00,44.3,1,1,0,1,1,1,0,0,0,0,1,0,0,0,0,0,0,0,0,0,0,0,0,0,0,0,1,0,0,1,0,0,0,0,8666.5,CB,0,1,0,1,0,1,1,1,1,1,1,,,,,,,,,,,,,,,,,,,,,,,,,,,,,,,,,,,,,,,,,,,,,,,,,,,,,,,,,,
929,,,436,583,,14.00,71.25,818,0.0,-6.750,3.450,959.38,16.913,206.95,0.81,0.46,-0.25,0.33,0.347,0.00,1.03,0.251,-0.02,0.66,0.66,0.66,0.66,0.66,0.66,0.66,0.66,0.66,0.66,0.66,0.66,0.66,0.66,0.66,0.66,0.66,0.66,0.66,0.66,0.66,0.66,0.66,0.66,0.66,0.66,0.66,0.66,0.66,0.66,0.66,0.66,0.66,0.66,0.66,0.66,0.66,0.66,0.66,0.66,0.66,0.66,0.66,0.66,0.66,0.66,0.66,,,,,,,,,,,,,,,,,,,,,,,,,,,,,,,,,,,,,,,,,,,,,,,,,,,,,,,,,,,,,,,,,,,,,,
930,,,436,980,,14.00,71.25,815,0.0,0.750,3.590,3.81,0.000,25.83,1.00,0.23,-0.76,0.20,1.009,1.02,-1.32,1.020,0.00,0.90,1.370,20.3,9.865,0.694,0.000,800,6.76,4.3,2.62,0.00,44.3,1,1,0,1,1,1,0,0,0,0,1,0,0,0,0,0,0,0,1,0,1,1,1,1,1,0,0,0,0,0,0,1,1,1,5155.8,0C,1,1,0,1,1,0,1,0,0,157.31,517.56,,,,,,,,,,,,,,,,,,,,,,,,,,,,,,,,,,,,,,,,,,,,,,,,,,,,,,,,,,
931,,,437,373,,13.90,71.25,805,0.0,0.000,3.776,3.56,0.000,26.27,1.00,0.25,-0.76,0.21,1.027,1.02,-1.32,1.021,0.00,0.90,1.370,20.3,10.208,0.694,0.000,90,-23.34,3063.4,-199.48,-199.48,-199.48,-199.48,-199.48,-199.48,-199.48,-199.48,-199.48,-199.48,-199.48,-199.48,-199.48,-199.48,-199.48,-199.48,-199.48,-199.48,-199.48,-199.48,-199.48,-199.48,-199.48,-199.48,-199.48,-199.48,-199.48,-199.48,-199.48,-199.48,-199.48,-199.48,-199.48,-199.48,-199.48,-199.48,-199.48,-199.48,,,,,,,,,,,,,,,,,,,,,,,,,,,,,,,,,,,,,,,,,,,,,,,,,,,,,,,,,,,,,,,,,,,,,,
932,,,437,761,,14.00,71.25,813,0.0,-1.500,3.571,3.56,0.000,25.31,1.00,0.28,-0.76,0.26,1.045,1.02,-1.32,1.018,0.00,0.90,1.370,20.3,10.208,0.694,0.000,800,6.76,4.3,2.59,0.00,44.3,1,1,0,1,1,1,0,0,0,0,1,1,0,0,0,0,0,0,1,0,1,1,1,1,1,0,0,1,0,0,0,1,1,1,5155.8,0C,1,1,0,1,1,0,1,0,0,153.94,505.75,,,,,,,,,,,,,,,,,,,,,,,,,,,,,,,,,,,,,,,,,,,,,,,,,,,,,,,,,,
933,,,438,160,,14.00,71.25,806,0.0,0.750,3.379,3.52,0.000,24.75,1.00,0.87,-0.76,0.81,1.011,1.02,-1.32,1.015,0.00,0.90,1.236,20.3,10.208,0.694,0.000,800,6.76,4.3,2.58,0.00,44.3,1,1,0,1,1,1,0,0,0,0,1,1,0,0,0,0,0,0,1,0,1,1,1,1,1,0,0,1,0,0,0,1,1,1,5155.8,0C,1,1,0,1,1,0,1,0,0,150.31,501.88,,,,,,,,,,,,,,,,,,,,,,,,,,,,,,,,,,,,,,,,,,,,,,,,,,,,,,,,,,
934,,,438,601,,14.00,71.25,800,0.0,3.000,3.322,3.44,0.000,24.61,1.00,0.52,-0.76,0.23,0.997,1.02,-1.32,1.015,0.00,0.90,1.236,20.3,10.559,0.694,0.000,800,6.76,4.3,2.57,0.00,44.3,1,1,0,1,1,1,0,0,0,0,1,1,0,0,0,0,0,0,1,0,1,1,1,1,1,0,0,1,0,0,0,1,1,1,5155.8,0C,1,1,0,1,1,0,1,0,0,150.50,500.69,,,,,,,,,,,,,,,,,,,,,,,,,,,,,,,,,,,,,,,,,,,,,,,,,,,,,,,,,,
935,,,438,990,,14.00,71.25,806,0.0,1.500,3.398,915.63,17.694,237.09,0.75,0.46,-0.27,1.17,0.347,0.00,8.20,1.305,0.01,0.01,37.427,-48.0,48.153,0.047,93.750,2260,94.41,313.0,-78.91,7.10,-25.5,0,1,1,1,0,1,0,1,0,1,0,1,0,1,0,1,0,1,1,1,1,1,1,1,1,1,1,1,1,1,1,1,1,1,1,,,,,,,,,,,,,,,,,,,,,,,,,,,,,,,,,,,,,,,,,,,,,,,,,,,,,,,,,,,,,,,,,,,,,,
936,,,439,393,,14.00,71.25,806,0.0,3.750,3.405,3.39,0.000,23.93,1.00,0.25,-0.76,0.22,1.054,1.02,-1.32,1.019,0.00,0.90,1.236,20.3,10.903,0.694,0.000,800,6.76,4.3,2.54,0.00,44.3,1,1,0,1,1,1,0,0,0,0,1,1,0,0,0,0,0,0,1,0,1,1,1,1,1,0,0,1,0,0,0,1,1,1,5155.8,0C,1,1,0,1,1,0,1,0,0,145.06,489.19,,,,,,,,,,,,,,,,,,,,,,,,,,,,,,,,,,,,,,,,,,,,,,,,,,,,,,,,,,
937,,,439,792,,14.00,71.25,807,0.0,5.250,3.392,3.39,0.000,23.55,1.00,0.69,-0.76,0.60,1.070,1.02,-1.32,1.022,0.00,0.90,1.236,20.3,11.246,0.694,0.000,800,6.76,4.3,2.50,0.00,44.3,1,1,0,1,1,1,0,0,0,0,1,1,0,0,0,0,0,0,1,0,1,1,1,1,1,0,0,0,0,0,0,1,1,1,5155.8,0C,1,1,0,1,1,0,1,0,0,144.81,488.81,,,,,,,,,,,,,,,,,,,,,,,,,,,,,,,,,,,,,,,,,,,,,,,,,,,,,,,,,,
938,,,442,215,,14.00,71.25,807,0.0,7.500,3.251,3.39,0.000,23.55,1.00,0.86,-0.76,0.76,1.024,1.02,-1.32,1.022,0.00,0.90,1.271,21.0,12.284,0.694,0.000,800,6.76,4.3,2.26,0.00,44.3,1,1,0,1,1,1,0,0,0,0,1,1,0,0,0,0,0,0,1,0,1,1,1,1,1,0,0,0,0,0,0,1,1,1,5155.8,0C,1,1,0,1,1,0,1,0,0,144.13,488.50,,,,,,,,,,,,,,,,,,,,,,,,,,,,,,,,,,,,,,,,,,,,,,,,,,,,,,,,,,
939,,,442,595,,14.00,71.25,799,0.0,5.250,3.283,3.39,0.000,23.53,1.00,0.27,-0.76,0.22,1.039,1.02,-1.32,1.022,0.00,0.90,1.271,21.0,12.284,0.694,0.000,800,6.77,4.3,2.26,0.00,44.3,1,1,0,1,1,1,0,0,0,0,1,1,0,0,0,0,0,0,1,0,1,1,1,1,1,0,0,0,0,0,0,1,1,1,5155.8,0C,1,1,0,1,1,0,1,0,0,144.63,492.06,,,,,,,,,,,,,,,,,,,,,,,,,,,,,,,,,,,,,,,,,,,,,,,,,,,,,,,,,,
940,,,443,000,,14.00,72.00,801,0.0,5.250,3.328,3.39,0.000,23.55,1.00,0.22,-0.76,0.20,1.056,1.02,-1.32,1.022,0.00,0.90,1.236,21.0,12.634,0.694,0.000,800,6.77,4.3,2.24,0.00,44.3,1,1,0,1,1,1,0,0,0,0,1,1,0,0,0,0,0,0,1,0,1,1,1,1,1,0,0,0,0,0,0,1,1,1,5155.8,0C,1,1,0,1,1,0,1,0,0,145.94,491.19,,,,,,,,,,,,,,,,,,,,,,,,,,,,,,,,,,,,,,,,,,,,,,,,,,,,,,,,,,
941,,,443,382,,14.00,72.00,806,0.0,4.500,3.373,3.39,0.000,23.48,1.00,0.26,-0.76,0.23,1.071,1.02,-1.32,1.022,0.00,0.90,1.236,21.0,12.634,0.694,0.000,800,6.77,4.3,2.21,0.00,44.3,1,1,0,1,1,1,0,0,0,0,1,1,0,0,0,0,0,0,1,0,1,1,1,1,1,0,0,0,0,0,0,1,1,1,5155.8,0C,1,1,0,1,1,0,1,0,0,145.69,488.81,,,,,,,,,,,,,,,,,,,,,,,,,,,,,,,,,,,,,,,,,,,,,,,,,,,,,,,,,,
942,,,443,803,,14.00,72.00,814,0.0,1.500,3.277,3.39,0.000,23.48,1.00,0.84,-0.76,0.81,1.042,1.02,-1.32,1.022,0.00,0.90,1.236,21.0,12.978,0.694,0.000,800,6.77,4.3,2.14,0.00,44.3,1,1,0,1,1,1,0,0,0,0,1,1,0,0,0,0,0,0,1,0,1,1,1,1,1,0,0,0,0,0,0,1,1,1,5155.8,0C,1,1,0,1,1,0,1,0,0,142.31,486.88,,,,,,,,,,,,,,,,,,,,,,,,,,,,,,,,,,,,,,,,,,,,,,,,,,,,,,,,,,
943,,,444,201,,14.00,72.00,804,0.0,3.000,3.226,3.39,0.000,23.39,1.00,0.84,-0.76,0.74,1.026,1.02,-1.32,1.023,0.00,0.90,1.137,21.0,13.321,0.694,0.000,800,6.77,4.3,2.13,0.00,44.3,1,1,0,1,1,1,0,0,0,0,1,1,0,0,0,0,0,0,1,0,1,1,1,1,1,0,0,0,0,0,0,1,1,1,5155.8,0C,1,1,0,1,1,0,1,0,0,143.25,492.25,,,,,,,,,,,,,,,,,,,,,,,,,,,,,,,,,,,,,,,,,,,,,,,,,,,,,,,,,,
944,,,444,585,,14.00,72.00,798,0.0,5.250,3.341,3.39,0.000,23.79,1.00,0.23,-0.76,0.21,1.055,1.02,-1.32,1.020,0.00,0.90,1.137,21.0,13.664,0.694,0.000,800,6.77,4.3,2.13,0.00,44.3,1,1,0,1,1,1,0,0,0,0,1,1,0,0,0,0,0,0,1,0,1,1,1,1,1,0,0,0,0,0,0,1,1,1,5155.8,0C,1,1,0,1,1,0,1,0,0,146.75,493.63,,,,,,,,,,,,,,,,,,,,,,,,,,,,,,,,,,,,,,,,,,,,,,,,,,,,,,,,,,
945,,,444,975,,14.00,72.00,806,0.0,2.250,3.398,3.27,0.000,23.79,1.00,0.23,-0.76,0.21,1.070,1.02,-1.32,1.020,0.00,0.90,1.271,21.0,14.015,0.694,0.000,800,6.77,4.3,2.10,0.00,44.3,1,1,0,1,1,1,0,0,0,0,1,1,0,0,0,0,0,0,1,0,1,1,1,1,1,0,0,0,0,0,0,1,1,1,5155.8,0C,1,1,0,1,1,0,1,0,0,144.56,490.31,,,,,,,,,,,,,,,,,,,,,,,,,,,,,,,,,,,,,,,,,,,,,,,,,,,,,,,,,,
946,,,445,364,,14.00,72.00,810,0.0,3.750,3.283,3.32,0.000,23.39,1.00,0.81,-0.76,0.80,1.052,1.02,-1.32,1.023,0.00,0.90,1.271,21.0,14.015,0.694,0.000,800,6.77,4.3,2.06,0.00,44.3,1,1,0,1,1,1,0,0,0,0,1,1,0,0,0,0,0,0,1,0,1,1,1,1,1,0,0,0,0,0,0,1,1,1,5155.8,0C,1,1,0,1,1,0,1,0,0,143.13,486.63,,,,,,,,,,,,,,,,,,,,,,,,,,,,,,,,,,,,,,,,,,,,,,,,,,,,,,,,,,
947,,,445,755,,14.00,72.00,801,0.0,4.500,3.187,3.32,0.000,23.06,1.00,0.85,-0.76,0.79,1.035,1.02,-1.32,1.026,0.00,0.90,1.271,21.0,14.359,0.694,0.000,800,6.77,4.3,2.04,0.00,44.3,1,1,0,1,1,1,0,0,0,0,1,1,0,0,0,0,0,0,1,0,1,1,1,1,1,0,0,0,0,0,0,1,1,1,5155.8,0C,1,1,0,1,1,0,1,0,0,143.31,487.50,,,,,,,,,,,,,,,,,,,,,,,,,,,,,,,,,,,,,,,,,,,,,,,,,,,,,,,,,,
948,,,446,143,,14.00,72.00,800,0.0,6.000,3.264,3.27,0.000,23.25,1.00,0.24,-0.76,0.20,1.052,1.02,-1.32,1.024,0.00,0.90,1.137,21.0,14.702,0.694,0.000,800,6.77,4.3,2.04,0.00,44.3,1,1,0,1,1,1,0,0,0,0,1,1,0,0,0,0,0,0,1,0,1,1,1,1,1,0,0,0,0,0,0,1,1,1,5155.8,0C,1,1,0,1,1,0,1,0,0,139.56,488.19,,,,,,,,,,,,,,,,,,,,,,,,,,,,,,,,,,,,,,,,,,,,,,,,,,,,,,,,,,
949,,,446,524,,14.00,72.00,802,0.0,6.000,3.315,3.27,0.000,23.23,1.00,0.21,-0.76,0.19,1.067,1.02,-1.32,1.025,0.00,0.90,1.137,21.0,15.053,0.694,0.000,800,6.77,4.3,2.03,0.00,44.3,1,1,0,1,1,1,0,0,0,0,1,1,0,0,0,0,0,0,1,0,1,1,1,1,1,0,0,0,0,0,0,1,1,1,5155.8,0C,1,1,0,1,1,0,1,0,0,141.63,485.56,,,,,,,,,,,,,,,,,,,,,,,,,,,,,,,,,,,,,,,,,,,,,,,,,,,,,,,,,,
950,,,446,931,,14.00,72.00,808,0.0,2.250,3.354,3.27,0.000,23.25,1.00,0.23,-0.76,0.22,1.083,1.02,-1.32,1.024,0.00,0.90,1.271,21.0,15.053,0.694,0.000,800,6.77,4.3,2.00,0.00,44.3,1,1,0,1,1,1,0,0,0,0,1,1,0,0,0,0,0,0,1,0,1,1,1,1,1,0,0,0,0,0,0,1,1,1,5155.8,0C,1,1,0,1,1,0,1,0,0,142.38,484.88,,,,,,,,,,,,,,,,,,,,,,,,,,,,,,,,,,,,,,,,,,,,,,,,,,,,,,,,,,
951,,,447,338,,14.00,-48.00,8576,0.0,2.250,371.917,865.63,61.054,915.19,1.45,0.10,-1.31,0.08,0.007,0.03,8.13,0.308,0.01,0.45,0.172,-42.0,66.798,0.672,93.750,2240,94.41,313.0,-78.91,6.92,-25.5,1,0,1,0,0,1,0,1,0,1,0,1,0,1,0,1,0,1,1,1,1,1,1,1,1,1,1,1,1,1,1,1,1,1,1,,,,,,,,,,,,,,,,,,,,,,,,,,,,,,,,,,,,,,,,,,,,,,,,,,,,,,,,,,,,,,,,,,,,,,
952,,,447,727,,14.00,-48.00,8576,0.0,2.250,355.533,853.13,68.086,987.14,1.45,0.10,-1.31,0.35,0.007,0.03,8.13,0.315,0.01,0.45,0.172,-42.0,66.798,0.672,84.750,0,0.38,1766.7,2.73,-24.63,113.3,0,1,0,0,0,1,0,1,1,1,1,1,0,1,1,0,0,1,0,0,0,0,0,0,0,0,0,0,0,1,0,0,0,0,8922.3,3A,0,1,0,1,0,1,1,1,1,1,1,,,,,,,,,,,,,,,,,,,,,,,,,,,,,,,,,,,,,,,,,,,,,,,,,,,,,,,,,,
953,,,448,142,,14.00,72.00,800,0.0,6.000,3.206,859.38,61.054,315.09,1.45,0.10,-1.30,1.25,0.007,0.03,1.78,0.329,0.01,0.45,0.172,-42.0,67.189,0.672,84.750,0,0.38,1766.7,2.73,-24.63,113.3,0,1,0,0,0,1,0,1,1,1,1,1,0,1,1,0,0,1,0,0,0,0,0,0,0,0,0,0,0,1,0,0,0,0,9775.7,70,0,1,0,1,0,1,1,1,1,1,1,,,,,,,,,,,,,,,,,,,,,,,,,,,,,,,,,,,,,,,,,,,,,,,,,,,,,,,,,,
954,,,448,523,,14.00,72.00,804,0.0,5.250,3.258,3.32,0.000,23.11,1.00,0.22,-0.76,0.20,1.072,1.02,-1.32,1.025,0.00,0.90,1.137,21.0,16.777,0.694,0.000,800,6.77,4.3,1.88,0.00,44.3,1,1,0,1,1,1,0,0,0,0,1,1,0,0,0,0,0,0,1,0,1,1,1,1,1,0,0,0,0,0,0,1,1,1,5155.8,0C,1,1,0,1,1,0,1,0,0,142.50,486.63,,,,,,,,,,,,,,,,,,,,,,,,,,,,,,,,,,,,,,,,,,,,,,,,,,,,,,,,,,
955,,,448,931,,14.00,72.00,806,0.0,3.000,3.341,3.27,0.000,23.34,1.00,0.24,-0.76,0.22,1.088,1.02,-1.32,1.024,0.00,0.90,1.236,21.0,17.121,0.694,0.000,800,6.77,4.3,1.86,0.00,44.3,1,1,0,1,1,1,0,0,0,0,1,1,0,0,0,0,0,0,1,0,1,1,1,1,1,0,0,0,0,0,0,1,1,1,5155.8,0C,1,1,0,1,1,0,1,0,0,142.19,486.38,,,,,,,,,,,,,,,,,,,,,,,,,,,,,,,,,,,,,,,,,,,,,,,,,,,,,,,,,,
956,,,449,323,,14.00,72.75,807,0.0,5.250,3.283,3.27,0.000,23.44,1.00,0.81,-0.76,0.79,1.068,1.02,-1.32,1.023,0.00,0.90,0.172,-42.0,67.189,0.672,66.000,0,0.38,1766.7,2.73,-24.63,113.3,0,1,0,0,0,1,0,1,1,1,1,1,0,1,1,0,0,1,0,0,0,0,0,0,0,0,0,0,0,1,0,0,0,0,10202.3,60,0,1,0,1,0,1,1,1,1,1,1,,,,,,,,,,,,,,,,,,,,,,,,,,,,,,,,,,,,,,,,,,,,,,,,,,,,,,,,,,
957,,,449,705,,14.00,72.75,794,0.0,9.000,3.155,3.27,0.000,22.95,1.00,0.85,-0.76,0.77,1.053,1.02,-1.32,1.027,0.00,0.90,1.236,21.0,17.815,0.694,0.000,800,6.77,4.3,1.84,0.00,44.3,1,1,0,1,1,1,0,0,0,0,1,1,0,0,0,0,0,0,1,0,1,1,1,1,1,0,0,0,0,0,0,1,1,1,5155.8,0C,1,1,0,1,1,0,1,0,0,143.31,491.00,,,,,,,,,,,,,,,,,,,,,,,,,,,,,,,,,,,,,,,,,,,,,,,,,,,,,,,,,,
958,,,450,093,,14.00,72.75,792,0.0,4.500,3.206,3.27,0.000,23.48,1.00,0.43,-0.76,0.24,1.042,1.02,-1.32,1.022,0.00,0.90,1.112,21.0,18.158,0.694,0.000,800,6.77,4.3,1.86,0.00,44.3,1,1,0,1,1,1,0,0,0,0,1,1,0,0,0,0,0,0,1,0,1,1,1,1,1,0,0,0,0,0,0,1,1,1,5155.8,0C,1,1,0,1,1,0,1,0,0,142.56,492.75,,,,,,,,,,,,,,,,,,,,,,,,,,,,,,,,,,,,,,,,,,,,,,,,,,,,,,,,,,
959,,,450,484,,14.00,72.75,796,0.0,5.250,3.366,3.15,0.000,23.72,1.00,0.21,-0.76,0.20,1.080,1.02,-1.32,1.021,0.00,0.90,1.112,21.8,18.509,0.694,0.000,800,6.78,4.3,1.87,0.00,44.3,1,1,0,1,1,1,0,0,0,0,1,1,0,0,0,0,0,0,1,0,1,1,1,1,1,0,0,0,0,0,0,1,1,1,5155.8,0C,1,1,0,1,1,0,1,0,0,143.00,488.06,,,,,,,,,,,,,,,,,,,,,,,,,,,,,,,,,,,,,,,,,,,,,,,,,,,,,,,,,,
960,,,450,872,,14.00,72.75,806,0.0,3.750,3.309,3.15,0.000,23.18,1.00,0.23,-0.76,0.22,1.096,1.02,-1.32,1.025,0.00,0.90,1.112,21.8,18.853,0.694,0.000,800,6.78,4.3,1.84,0.00,44.3,1,1,0,1,1,1,0,0,0,0,1,1,0,0,0,0,0,0,1,0,1,1,1,1,1,0,0,0,0,0,0,1,1,1,5155.8,0C,1,1,0,1,1,0,1,0,0,139.31,483.38,,,,,,,,,,,,,,,,,,,,,,,,,,,,,,,,,,,,,,,,,,,,,,,,,,,,,,,,,,
961,,,451,264,,14.00,72.75,805,0.0,6.750,3.174,3.20,0.000,22.85,1.00,0.82,-0.76,0.78,1.073,1.02,-1.32,1.027,0.00,0.90,1.271,21.8,19.547,0.694,0.000,800,6.78,4.3,1.82,0.00,44.3,1,1,0,1,1,1,0,0,0,0,1,1,0,0,0,0,0,0,1,0,1,1,1,1,1,0,0,0,0,0,0,1,1,1,5155.8,0C,1,1,0,1,1,0,1,0,0,137.88,481.81,,,,,,,,,,,,,,,,,,,,,,,,,,,,,,,,,,,,,,,,,,,,,,,,,,,,,,,,,,
962,,,451,672,,14.00,72.75,798,0.0,8.250,3.072,3.15,0.000,22.52,1.00,0.75,-0.76,0.31,1.059,1.02,-1.32,1.030,0.00,0.90,1.271,21.8,19.890,0.694,0.000,800,6.78,4.3,1.82,0.00,44.3,1,1,0,1,1,1,0,0,0,0,1,1,0,0,0,0,0,0,1,0,1,1,1,1,1,0,0,0,0,0,0,1,1,1,5155.8,0C,1,1,0,1,1,0,1,0,0,140.06,483.81,,,,,,,,,,,,,,,,,,,,,,,,,,,,,,,,,,,,,,,,,,,,,,,,,,,,,,,,,,
963,,,452,063,,14.00,72.75,796,0.0,6.750,3.290,3.15,0.000,23.16,1.00,0.22,-0.76,0.20,1.094,1.02,-1.32,1.025,0.00,0.90,1.112,21.8,20.233,0.694,0.000,800,6.78,4.3,1.84,0.00,44.3,1,1,0,1,1,1,0,0,0,0,1,1,0,0,0,0,0,0,1,0,1,1,1,1,1,0,0,0,0,0,0,1,1,1,5155.8,0C,1,1,0,1,1,0,1,0,0,141.94,484.19,,,,,,,,,,,,,,,,,,,,,,,,,,,,,,,,,,,,,,,,,,,,,,,,,,,,,,,,,,
964,,,452,485,,14.00,72.75,807,0.0,4.500,3.296,3.15,0.000,22.95,1.00,0.22,-0.76,0.21,1.109,1.02,-1.32,1.027,0.00,0.90,1.112,21.8,20.577,0.694,0.000,800,6.78,4.3,1.81,0.00,44.3,1,1,0,1,1,1,0,0,0,0,1,1,0,0,0,0,0,0,1,0,1,1,1,1,1,0,0,0,0,0,0,1,1,1,5155.8,0C,1,1,0,1,1,0,1,0,0,139.81,481.75,,,,,,,,,,,,,,,,,,,,,,,,,,,,,,,,,,,,,,,,,,,,,,,,,,,,,,,,,,
965,,,452,882,,14.00,72.75,805,0.0,6.750,3.174,3.20,0.000,22.62,1.00,0.80,-0.76,0.77,1.089,1.02,-1.32,1.029,0.00,0.90,1.112,21.8,20.577,0.694,0.000,800,6.78,4.3,1.79,0.00,44.3,1,1,0,1,1,1,0,0,0,0,1,1,0,0,0,0,0,0,1,0,1,1,1,1,1,0,0,0,0,0,0,1,1,1,5155.8,0C,1,1,0,1,1,0,1,0,0,140.81,481.69,,,,,,,,,,,,,,,,,,,,,,,,,,,,,,,,,,,,,,,,,,,,,,,,,,,,,,,,,,
966,,,453,273,,14.00,72.75,799,0.0,9.000,3.213,3.15,0.000,23.02,1.00,0.84,-0.76,0.78,1.074,1.02,-1.32,1.026,0.00,0.90,1.137,21.8,20.577,0.694,0.000,800,6.78,4.3,1.78,0.00,44.3,1,1,0,1,1,1,0,0,0,0,1,1,0,0,0,0,0,0,1,0,1,1,1,1,1,0,0,0,0,0,0,1,1,1,5155.8,0C,1,1,0,1,1,0,1,0,0,139.44,484.31,,,,,,,,,,,,,,,,,,,,,,,,,,,,,,,,,,,,,,,,,,,,,,,,,,,,,,,,,,
967,,,453,654,,14.00,72.75,798,0.0,6.750,3.110,3.20,0.000,22.31,1.00,0.22,-0.76,0.20,1.095,1.02,-1.32,1.032,0.00,0.90,1.137,21.8,20.233,0.694,0.000,800,6.78,4.3,1.78,0.00,44.3,1,1,0,1,1,1,0,0,0,0,1,1,0,0,0,0,0,0,1,0,1,1,1,1,1,0,0,0,0,0,0,1,1,1,5155.8,0C,1,1,0,1,1,0,1,0,0,140.69,483.38,,,,,,,,,,,,,,,,,,,,,,,,,,,,,,,,,,,,,,,,,,,,,,,,,,,,,,,,,,
968,,,454,033,,14.00,72.75,801,0.0,8.250,3.226,3.15,0.000,22.52,1.00,0.22,-0.76,0.20,1.110,1.02,-1.32,1.030,0.00,0.90,1.137,21.8,20.233,0.694,0.000,800,6.78,4.3,1.76,0.00,44.3,1,1,0,1,1,1,0,0,0,0,1,1,0,0,0,0,0,0,1,0,1,1,1,1,1,0,0,0,0,0,0,1,1,1,5155.8,0C,1,1,0,1,1,0,1,0,0,139.06,483.88,,,,,,,,,,,,,,,,,,,,,,,,,,,,,,,,,,,,,,,,,,,,,,,,,,,,,,,,,,
969,,,454,421,,14.00,72.75,808,0.0,5.250,3.200,3.20,0.000,22.55,1.00,0.72,-0.76,0.63,1.099,1.02,-1.32,1.030,0.00,0.90,1.137,21.8,20.233,0.694,0.000,800,6.78,4.3,1.72,0.00,44.3,1,1,0,1,1,1,0,0,0,0,1,1,0,0,0,0,0,0,1,0,1,1,1,1,1,0,0,0,0,0,0,1,1,1,5155.8,0C,1,1,0,1,1,0,1,0,0,139.13,480.75,,,,,,,,,,,,,,,,,,,,,,,,,,,,,,,,,,,,,,,,,,,,,,,,,,,,,,,,,,
970,,,454,812,,14.00,73.50,801,0.0,3.000,3.213,3.20,0.000,22.76,1.00,0.85,-0.76,0.81,1.084,1.02,-1.32,1.028,0.00,0.90,1.137,21.8,20.233,0.694,34.500,0,0.38,1766.7,2.73,-24.63,113.3,0,1,0,0,0,1,0,1,1,1,1,1,0,1,1,0,0,1,0,0,0,0,0,0,0,0,0,0,0,1,0,0,0,0,7557.0,2A,0,1,0,1,0,1,1,1,1,1,1,,,,,,,,,,,,,,,,,,,,,,,,,,,,,,,,,,,,,,,,,,,,,,,,,,,,,,,,,,
971,,,455,207,,14.00,73.50,805,0.0,6.000,3.181,3.15,0.000,22.88,1.00,0.50,-0.76,0.23,1.073,1.02,-1.32,1.027,0.00,0.90,1.137,21.8,20.577,0.694,0.000,800,6.78,4.3,1.69,0.00,44.3,1,1,0,1,1,1,0,0,0,0,1,1,0,0,0,0,0,0,1,0,1,1,1,1,1,0,0,0,0,0,0,1,1,1,5155.8,0C,1,1,0,1,1,0,1,0,0,139.75,482.63,,,,,,,,,,,,,,,,,,,,,,,,,,,,,,,,,,,,,,,,,,,,,,,,,,,,,,,,,,
972,,,455,612,,14.00,73.50,808,0.0,1.500,3.322,3.20,0.000,22.99,1.00,0.23,-0.76,0.21,1.111,1.02,-1.32,1.026,0.00,0.90,1.137,21.8,20.577,0.694,0.000,800,6.78,4.3,1.65,0.00,44.3,1,1,0,1,1,1,0,0,0,0,1,1,0,0,0,0,0,0,1,0,1,1,1,1,1,0,0,0,0,0,0,1,1,1,5155.8,0C,1,1,0,1,1,0,1,0,0,139.63,479.44,,,,,,,,,,,,,,,,,,,,,,,,,,,,,,,,,,,,,,,,,,,,,,,,,,,,,,,,,,
973,,,456,022,,14.00,73.50,810,0.0,3.000,3.245,3.20,0.000,22.83,1.00,0.78,-0.76,0.76,1.097,1.02,-1.32,1.027,0.00,0.90,1.236,21.8,20.577,0.694,0.000,800,6.78,4.3,1.61,0.00,44.3,1,1,0,1,1,1,0,0,0,0,1,1,0,0,0,0,0,0,1,0,1,1,1,1,1,0,0,0,0,0,0,1,1,1,5155.8,0C,1,1,0,1,1,0,1,0,0,138.75,479.25,,,,,,,,,,,,,,,,,,,,,,,,,,,,,,,,,,,,,,,,,,,,,,,,,,,,,,,,,,
974,,,456,411,,14.00,73.50,805,0.0,4.500,3.181,3.20,0.000,22.71,1.00,0.86,-0.76,0.81,1.081,1.02,-1.32,1.028,0.00,0.90,1.236,21.8,20.233,0.694,0.000,800,6.78,4.3,1.58,0.00,44.3,1,1,0,1,1,1,0,0,0,0,1,1,0,0,0,0,0,0,1,0,1,1,1,1,1,0,0,0,0,0,0,1,1,1,5155.8,0C,1,1,0,1,1,0,1,0,0,139.19,481.31,,,,,,,,,,,,,,,,,,,,,,,,,,,,,,,,,,,,,,,,,,,,,,,,,,,,,,,,,,
975,,,456,807,,14.00,73.50,796,0.0,9.750,3.123,3.20,0.000,22.62,1.00,0.74,-0.76,0.25,1.066,1.02,-1.32,1.029,0.00,0.90,1.236,21.8,20.233,0.694,6.000,0,0.38,1766.7,2.73,-24.63,113.3,0,1,0,0,0,1,0,1,1,1,1,1,0,1,1,0,0,1,0,0,0,0,0,0,0,0,0,0,0,1,0,0,0,0,6917.0,4B,0,1,0,1,0,1,1,1,1,1,1,,,,,,,,,,,,,,,,,,,,,,,,,,,,,,,,,,,,,,,,,,,,,,,,,,,,,,,,,,
976,,,457,247,,14.00,73.50,796,0.0,5.250,3.238,3.15,0.000,22.73,1.00,0.22,-0.76,0.20,1.099,1.02,-1.32,1.028,0.00,0.90,1.112,21.8,20.233,0.694,0.000,800,6.78,4.3,1.61,0.00,44.3,1,1,0,1,1,1,0,0,0,0,1,1,0,0,0,0,0,0,1,0,1,1,1,1,1,0,0,0,0,0,0,1,1,1,5155.8,0C,1,1,0,1,1,0,1,0,0,141.06,485.63,,,,,,,,,,,,,,,,,,,,,,,,,,,,,,,,,,,,,,,,,,,,,,,,,,,,,,,,,,
977,,,457,641,,14.00,73.50,800,0.0,5.250,3.296,3.20,0.000,22.80,1.00,0.24,-0.76,0.22,1.117,1.02,-1.32,1.028,0.00,0.90,1.112,21.8,20.233,0.694,0.000,800,6.79,4.3,1.58,0.00,44.3,1,1,0,1,1,1,0,0,0,0,1,1,0,0,0,0,0,0,1,0,1,1,1,1,1,0,0,0,0,0,0,1,1,1,5155.8,0C,1,1,0,1,1,0,1,0,0,140.69,485.06,,,,,,,,,,,,,,,,,,,,,,,,,,,,,,,,,,,,,,,,,,,,,,,,,,,,,,,,,,
978,,,458,041,,14.00,73.50,808,0.0,-0.750,3.245,3.15,0.000,22.95,1.00,0.84,-0.76,0.81,1.091,1.02,-1.32,1.027,0.00,0.90,1.236,21.8,20.577,0.694,0.000,800,6.79,4.3,1.56,0.00,44.3,1,1,0,1,1,1,0,0,0,0,1,1,0,0,0,0,0,0,1,0,1,1,1,1,1,0,0,0,0,0,0,1,1,1,5155.8,0C,1,1,0,1,1,0,1,0,0,140.56,481.56,,,,,,,,,,,,,,,,,,,,,,,,,,,,,,,,,,,,,,,,,,,,,,,,,,,,,,,,,,
979,,,458,425,,14.00,73.50,803,0.0,6.750,3.187,846.88,67.695,975.21,0.75,0.47,-0.51,1.02,0.347,0.00,8.20,1.375,0.01,0.00,138.150,-48.0,48.153,0.047,0.000,80,-51.47,1041.0,-199.48,-199.48,-199.48,-199.48,-199.48,-199.48,-199.48,-199.48,-199.48,-199.48,-199.48,-199.48,-199.48,-199.48,-199.48,-199.48,-199.48,-199.48,-199.48,-199.48,-199.48,-199.48,-199.48,-199.48,-199.48,-199.48,-199.48,-199.48,-199.48,-199.48,-199.48,-199.48,-199.48,-199.48,-199.48,-199.48,-199.48,-199.48,,,,,,,,,,,,,,,,,,,,,,,,,,,,,,,,,,,,,,,,,,,,,,,,,,,,,,,,,,,,,,,,,,,,,,
980,,,458,802,,14.00,73.50,795,0.0,6.750,3.136,3.15,0.000,22.97,1.00,0.37,-0.76,0.22,1.062,1.02,-1.32,1.026,0.00,0.90,1.236,21.8,20.233,0.694,-1.500,0,0.38,1766.7,2.73,-24.63,113.3,0,1,0,0,0,1,0,1,1,1,1,1,0,1,1,0,0,1,0,0,0,0,0,0,0,0,0,0,0,1,0,0,0,0,8666.3,51,0,1,0,1,0,1,1,1,1,1,1,,,,,,,,,,,,,,,,,,,,,,,,,,,,,,,,,,,,,,,,,,,,,,,,,,,,,,,,,,
981,,,459,194,,14.00,73.50,794,0.0,6.750,3.251,3.20,0.000,22.88,1.00,0.22,-0.76,0.20,1.097,1.02,-1.32,1.027,0.00,0.90,1.137,21.8,20.233,0.694,0.000,800,6.79,4.3,1.57,0.00,44.3,1,1,0,1,1,1,0,0,0,0,1,1,0,0,0,0,0,0,1,0,1,1,1,1,1,0,0,0,0,0,0,1,1,1,5155.8,0C,1,1,0,1,1,0,1,0,0,141.56,485.25,,,,,,,,,,,,,,,,,,,,,,,,,,,,,,,,,,,,,,,,,,,,,,,,,,,,,,,,,,
982,,,459,591,,14.00,73.50,801,0.0,5.250,3.296,3.20,0.000,22.90,1.00,0.22,-0.76,0.21,1.112,1.02,-1.32,1.027,0.00,0.90,1.137,21.8,20.233,0.694,0.000,800,6.79,4.3,1.55,0.00,44.3,1,1,0,1,1,1,0,0,0,0,1,1,0,0,0,0,0,0,1,0,1,1,1,1,1,0,0,0,0,0,0,1,1,1,5155.8,0C,1,1,0,1,1,0,1,0,0,140.75,484.31,,,,,,,,,,,,,,,,,,,,,,,,,,,,,,,,,,,,,,,,,,,,,,,,,,,,,,,,,,
983,,,459,977,,14.00,73.50,802,0.0,2.250,3.232,3.15,0.000,22.90,1.00,0.82,-0.76,0.79,1.089,1.02,-1.32,1.027,0.00,0.90,1.137,22.5,20.233,0.694,0.000,800,6.79,4.3,1.54,0.00,44.3,1,1,0,1,1,1,0,0,0,0,1,1,0,0,0,0,0,0,1,0,1,1,1,1,1,0,0,0,0,0,0,1,1,1,5155.8,0C,1,1,0,1,1,0,1,1,1,1,1,,,,,,,,,,,,,,,,,,,,,,,,,,,,,,,,,,,,,,,,,,,,,,,,,,,,,,,,,,
984,,,460,363,,14.00,73.50,802,0.0,5.250,3.155,3.15,0.000,22.73,1.00,0.85,-0.76,0.79,1.073,1.02,-1.32,1.028,0.00,0.90,1.137,22.5,20.233,0.694,0.000,800,6.79,4.3,1.51,0.00,44.3,1,1,0,1,1,1,0,0,0,0,1,1,0,0,0,0,0,0,1,0,1,1,1,1,1,0,0,0,0,0,0,1,1,1,5155.8,0C,1,1,0,1,1,0,1,0,0,139.13,483.06,,,,,,,,,,,,,,,,,,,,,,,,,,,,,,,,,,,,,,,,,,,,,,,,,,,,,,,,,,
985,,,460,761,,14.00,73.50,791,0.0,5.250,3.130,3.15,0.000,22.80,1.00,0.51,-0.76,0.23,1.059,1.02,-1.32,1.028,0.00,0.90,1.137,22.5,20.233,0.694,0.000,800,6.79,4.3,1.55,0.00,44.3,1,1,0,1,1,1,0,0,0,0,1,1,0,0,0,0,0,0,1,0,1,1,1,1,1,0,0,0,0,0,0,1,1,1,5155.8,0C,1,1,0,1,1,0,1,0,0,140.06,487.50,,,,,,,,,,,,,,,,,,,,,,,,,,,,,,,,,,,,,,,,,,,,,,,,,,,,,,,,,,
986,,,461,172,,14.00,74.25,798,0.0,3.750,3.328,3.15,0.000,23.25,1.00,0.21,-0.76,0.19,1.098,1.02,-1.32,1.024,0.00,0.90,1.112,22.5,20.577,0.694,0.000,800,6.79,4.3,1.57,0.00,44.3,1,1,0,1,1,1,0,0,0,0,1,1,0,0,0,0,0,0,1,0,1,1,1,1,1,0,0,0,0,0,0,1,1,1,5155.8,0C,1,1,0,1,1,0,1,0,0,141.63,484.63,,,,,,,,,,,,,,,,,,,,,,,,,,,,,,,,,,,,,,,,,,,,,,,,,,,,,,,,,,
987,,,461,554,,14.00,74.25,801,0.0,5.250,3.290,3.15,0.000,22.78,1.00,0.24,-0.76,0.23,1.113,1.02,-1.32,1.028,0.00,0.90,1.112,22.5,20.233,0.694,0.000,800,6.79,4.3,1.55,0.00,44.3,1,1,0,1,1,1,0,0,0,0,1,1,0,0,0,0,0,0,1,0,1,1,1,1,1,0,0,0,0,0,0,1,1,1,5155.8,0C,1,1,0,1,1,0,1,0,0,138.88,483.00,,,,,,,,,,,,,,,,,,,,,,,,,,,,,,,,,,,,,,,,,,,,,,,,,,,,,,,,,,
988,,,461,954,,14.00,74.25,803,0.0,3.750,3.200,3.15,0.000,22.83,1.00,0.84,-0.76,0.80,1.081,1.02,-1.32,1.028,0.00,0.90,1.174,22.5,20.233,0.694,0.000,800,6.79,4.3,1.54,0.00,44.3,1,1,0,1,1,1,0,0,0,0,1,1,0,0,0,0,0,0,1,0,1,1,1,1,1,0,0,0,0,0,0,1,1,1,5155.8,0C,1,1,0,1,1,0,1,0,0,140.00,483.56,,,,,,,,,,,,,,,,,,,,,,,,,,,,,,,,,,,,,,,,,,,,,,,,,,,,,,,,,,
989,,,462,355,,14.00,74.25,795,0.0,5.250,3.155,3.15,0.000,22.85,1.00,0.83,-0.76,0.63,1.066,1.02,-1.32,1.027,0.00,0.90,1.174,22.5,20.233,0.694,0.000,800,6.79,4.3,1.56,0.00,44.3,1,1,0,1,1,1,0,0,0,0,1,1,0,0,0,0,0,0,1,0,1,1,1,1,1,0,0,0,0,0,0,1,1,1,5155.8,0C,1,1,0,1,1,0,1,0,0,138.69,486.50,,,,,,,,,,,,,,,,,,,,,,,,,,,,,,,,,,,,,,,,,,,,,,,,,,,,,,,,,,
990,,,462,743,,14.00,74.25,794,0.0,7.500,3.296,853.13,16.913,249.26,1.45,0.13,-1.31,0.14,0.007,0.03,3.52,0.412,0.01,0.45,0.172,-42.0,69.142,0.672,4.500,0,0.38,1766.7,2.73,-24.63,113.3,0,1,0,0,0,1,0,1,1,1,1,1,0,1,1,0,0,1,0,0,0,0,0,0,0,0,0,0,0,1,0,0,0,0,10245.0,7C,0,1,0,1,0,1,1,1,1,1,1,,,,,,,,,,,,,,,,,,,,,,,,,,,,,,,,,,,,,,,,,,,,,,,,,,,,,,,,,,
991,,,463,142,,14.00,74.25,796,0.0,5.250,3.270,3.20,0.000,22.78,1.00,0.22,-0.76,0.20,1.108,1.02,-1.32,1.028,0.00,0.90,1.236,22.5,20.233,0.694,0.000,800,6.79,4.3,1.59,0.00,44.3,1,1,0,1,1,1,0,0,0,0,1,1,0,0,0,0,0,0,1,0,1,1,1,1,1,0,0,0,0,0,0,1,1,1,5155.8,0C,1,1,0,1,1,0,1,0,0,141.00,485.94,,,,,,,,,,,,,,,,,,,,,,,,,,,,,,,,,,,,,,,,,,,,,,,,,,,,,,,,,,
992,,,463,534,,14.00,74.25,801,0.0,6.000,3.251,3.15,0.000,23.04,1.00,0.80,-0.76,0.77,1.090,1.02,-1.32,1.026,0.00,0.90,1.236,22.5,20.233,0.694,0.000,800,6.79,4.3,1.57,0.00,44.3,1,1,0,1,1,1,0,0,0,0,1,1,0,0,0,0,0,0,1,0,1,1,1,1,1,0,0,0,0,0,0,1,1,1,5155.8,0C,1,1,0,1,1,0,1,0,0,140.38,483.44,,,,,,,,,,,,,,,,,,,,,,,,,,,,,,,,,,,,,,,,,,,,,,,,,,,,,,,,,,
993,,,463,932,,14.00,74.25,798,0.0,6.750,3.213,3.15,0.000,23.06,1.00,0.83,-0.76,0.76,1.075,1.02,-1.32,1.026,0.00,0.90,1.137,22.5,20.233,0.694,0.000,800,6.79,4.3,1.58,0.00,44.3,1,1,0,1,1,1,0,0,0,0,1,1,0,0,0,0,0,0,1,0,1,1,1,1,1,0,0,0,0,0,0,1,1,1,5155.8,0C,1,1,0,1,1,0,1,0,0,141.81,485.94,,,,,,,,,,,,,,,,,,,,,,,,,,,,,,,,,,,,,,,,,,,,,,,,,,,,,,,,,,
994,,,464,331,,14.10,74.25,792,0.0,5.250,3.194,3.15,0.000,22.69,1.00,0.28,-0.76,0.23,1.091,1.02,-1.32,1.029,0.00,0.90,1.137,22.5,20.233,0.694,0.000,800,6.79,4.3,1.61,0.00,44.3,1,1,0,1,1,1,0,0,0,0,1,1,0,0,0,0,0,0,1,0,1,1,1,1,1,0,0,0,0,0,0,1,1,1,5155.8,0C,1,1,0,1,1,0,1,0,0,140.81,487.13,,,,,,,,,,,,,,,,,,,,,,,,,,,,,,,,,,,,,,,,,,,,,,,,,,,,,,,,,,
995,,,464,737,,14.10,74.25,804,0.0,5.250,3.334,3.15,0.000,23.25,1.00,0.22,-0.76,0.20,1.105,1.02,-1.32,1.024,0.00,0.90,1.137,22.5,20.577,0.694,0.000,800,6.79,4.3,1.60,0.00,44.3,1,1,0,1,1,1,0,0,0,0,1,0,0,0,0,0,0,0,1,0,1,1,1,1,1,0,0,0,0,0,0,0,1,1,5155.8,0C,1,1,0,1,1,0,1,0,0,140.06,483.25,,,,,,,,,,,,,,,,,,,,,,,,,,,,,,,,,,,,,,,,,,,,,,,,,,,,,,,,,,
996,,,465,126,,14.10,74.25,812,0.0,0.750,4.602,4.37,0.000,28.57,1.00,0.69,-0.76,0.56,1.122,1.02,-1.32,1.030,0.00,0.90,1.174,22.5,24.033,0.694,0.000,900,6.80,4.3,1.52,0.50,44.3,1,1,0,1,1,1,0,0,0,0,1,0,1,0,0,0,0,0,1,0,1,1,1,1,1,0,0,1,0,0,0,0,1,1,5155.8,0C,1,1,0,1,1,0,1,0,0,174.56,565.19,,,,,,,,,,,,,,,,,,,,,,,,,,,,,,,,,,,,,,,,,,,,,,,,,,,,,,,,,,
997,,,465,526,,14.10,74.25,895,0.0,-1.500,3.718,3.08,0.000,25.38,1.00,0.90,-0.76,0.89,1.078,1.02,-1.32,1.018,0.00,0.90,1.174,22.5,23.003,0.694,0.000,900,6.80,4.3,1.38,0.00,44.3,1,1,0,1,1,1,0,0,0,0,1,0,1,0,0,0,0,0,1,0,1,1,1,1,1,0,0,0,0,0,0,0,1,1,5155.8,0C,1,1,0,1,1,0,1,0,0,153.31,491.31,,,,,,,,,,,,,,,,,,,,,,,,,,,,,,,,,,,,,,,,,,,,,,,,,,,,,,,,,,
998,,,465,957,,14.10,74.25,901,0.0,3.750,3.200,3.08,0.000,22.88,1.00,0.98,-0.76,0.94,1.060,1.02,-1.32,1.027,0.00,0.90,1.279,22.5,21.965,0.694,0.000,900,6.80,4.3,1.33,0.00,44.3,1,1,0,1,1,1,0,0,0,0,1,0,1,0,0,0,0,0,1,0,1,1,1,1,1,0,0,0,0,0,0,0,1,1,5155.8,0C,1,1,0,1,1,0,1,0,0,139.88,460.94,,,,,,,,,,,,,,,,,,,,,,,,,,,,,,,,,,,,,,,,,,,,,,,,,,,,,,,,,,
999,,,466,352,,14.10,74.25,909,0.0,3.750,5.363,8.08,9.578,32.06,1.00,0.98,-0.76,0.93,1.042,1.02,-1.32,1.044,0.00,0.90,1.279,22.5,29.564,0.694,0.000,1200,6.80,4.3,1.34,1.33,44.3,1,1,0,1,1,1,0,0,0,0,1,0,1,0,0,0,0,0,0,0,1,1,1,1,1,0,0,1,0,0,0,0,1,1,5155.8,0C,1,1,0,1,1,0,1,0,0,201.38,617.63,,,,,,,,,,,,,,,,,,,,,,,,,,,,,,,,,,,,,,,,,,,,,,,,,,,,,,,,,,
1000,,,466,744,,14.10,74.25,1298,0.0,-2.250,8.339,14.40,10.555,56.27,1.00,0.98,-0.76,0.92,1.010,1.02,-1.32,1.112,0.00,0.90,1.279,22.5,97.658,0.694,0.000,1500,6.80,4.3,1.34,0.87,44.3,1,1,0,1,1,1,0,0,0,0,1,0,1,0,0,0,0,0,0,0,1,1,1,1,1,0,0,1,0,0,0,0,1,1,5155.8,0C,1,1,0,1,1,0,1,0,0,336.00,846.94,,,,,,,,,,,,,,,,,,,,,,,,,,,,,,,,,,,,,,,,,,,,,,,,,,,,,,,,,,
1001,,,467,142,,14.10,74.25,1484,1.3,3.750,5.907,11.91,9.906,44.77,1.00,0.66,-0.76,0.26,0.974,1.02,-1.32,1.093,0.00,0.90,4.816,22.5,69.314,0.694,0.000,1500,6.80,4.3,1.34,0.00,44.3,1,1,0,1,1,1,0,0,0,0,1,0,1,0,0,0,0,0,0,0,1,1,1,1,1,0,0,1,0,0,0,0,1,1,5155.8,0C,1,1,0,1,1,0,1,0,0,270.19,714.19,,,,,,,,,,,,,,,,,,,,,,,,,,,,,,,,,,,,,,,,,,,,,,,,,,,,,,,,,,
1002,,,467,534,,14.00,74.25,1376,3.8,1.500,7.277,13.92,9.906,51.26,1.00,0.22,-0.76,0.21,1.026,1.02,-1.32,1.093,0.00,0.90,4.816,22.5,97.658,0.694,0.000,1500,6.79,4.3,1.34,1.05,44.3,1,1,0,1,1,1,0,0,0,0,1,0,1,0,0,0,0,0,0,0,1,1,1,1,1,0,0,1,0,0,0,0,1,1,5155.8,0C,1,1,0,1,1,0,1,0,0,316.06,828.56,,,,,,,,,,,,,,,,,,,,,,,,,,,,,,,,,,,,,,,,,,,,,,,,,,,,,,,,,,
1003,,,467,925,,14.10,74.25,1367,6.3,-2.250,7.558,13.79,7.140,53.65,1.00,0.90,-0.76,0.88,1.001,1.02,-1.32,1.097,0.00,0.90,4.859,21.8,97.658,0.694,0.000,1500,6.79,4.3,1.34,0.99,44.3,1,1,0,1,1,1,0,0,0,0,1,0,1,0,0,0,0,0,0,0,1,1,1,1,1,0,0,1,0,0,0,0,1,1,5155.8,0C,1,1,0,1,1,0,1,0,0,326.81,845.25,,,,,,,,,,,,,,,,,,,,,,,,,,,,,,,,,,,,,,,,,,,,,,,,,,,,,,,,,,
1004,,,468,315,,14.10,74.25,1442,7.5,-0.750,3.053,4.54,0.000,26.91,1.00,0.63,-0.76,0.25,0.971,1.02,-1.32,1.072,0.00,0.90,4.859,21.8,35.439,0.694,0.000,1100,6.78,4.3,1.16,-43.38,113.3,0,1,0,0,0,1,0,1,1,1,1,1,0,1,1,0,0,1,0,0,0,0,0,0,0,0,0,1,0,1,0,0,0,0,2991.5,A1,0,1,0,1,0,1,1,1,1,1,1,,,,,,,,,,,,,,,,,,,,,,,,,,,,,,,,,,,,,,,,,,,,,,,,,,,,,,,,,,
1005,,,468,696,,14.10,75.00,1374,7.5,30.750,2.886,7.35,8.765,23.79,1.00,0.19,-0.76,0.17,1.005,1.02,-1.32,1.056,0.00,0.90,4.859,21.8,34.752,0.694,0.000,900,6.78,4.3,1.37,0.00,44.3,1,1,0,1,1,1,0,0,0,0,1,0,1,0,0,0,0,0,0,0,1,1,1,1,1,1,0,0,0,0,0,0,1,1,5155.8,0C,1,1,0,1,1,0,1,0,0,155.50,447.94,,,,,,,,,,,,,,,,,,,,,,,,,,,,,,,,,,,,,,,,,,,,,,,,,,,,,,,,,,
1006,,,469,096,,14.10,75.00,1732,7.5,30.000,4.045,10.21,11.366,30.23,1.00,0.22,-0.76,0.20,1.036,1.02,-1.32,1.112,0.00,0.90,2.963,21.0,57.908,0.694,0.000,900,6.65,4.3,1.35,-2.58,44.3,1,1,0,1,1,1,0,0,0,0,1,0,1,0,0,0,0,0,0,0,0,0,0,0,0,0,0,0,1,1,0,0,0,0,90.7,FB,0,1,0,1,0,1,1,1,1,1,1,,,,,,,,,,,,,,,,,,,,,,,,,,,,,,,,,,,,,,,,,,,,,,,,,,,,,,,,,,
1007,,,469,484,,14.10,75.00,1959,8.8,15.750,4.173,9.59,10.390,29.91,1.00,0.24,-0.76,0.24,1.073,1.02,-1.32,1.123,0.00,0.90,2.963,21.0,54.452,0.694,0.000,900,6.54,4.3,1.32,-2.54,44.3,1,1,0,1,1,1,0,0,0,0,1,0,1,0,0,0,0,0,0,0,1,1,1,1,1,1,0,0,0,0,0,0,1,1,5155.8,0C,1,1,0,1,1,0,1,0,0,179.81,489.00,,,,,,,,,,,,,,,,,,,,,,,,,,,,,,,,,,,,,,,,,,,,,,,,,,,,,,,,,,
1008,,,469,891,,14.10,75.00,1827,10.0,30.750,3.962,9.42,10.390,28.27,1.00,0.20,-0.76,0.17,1.073,1.02,-1.32,1.106,0.00,0.90,2.963,21.0,50.301,0.694,0.000,900,6.63,4.3,1.34,-2.58,44.3,1,1,0,1,1,1,0,0,0,0,1,0,1,0,0,0,0,0,0,0,1,1,1,1,1,1,0,0,0,0,0,0,1,1,5155.8,0C,1,1,0,1,1,0,1,0,0,177.13,512.31,,,,,,,,,,,,,,,,,,,,,,,,,,,,,,,,,,,,,,,,,,,,,,,,,,,,,,,,,,
1009,,,470,279,,14.10,75.00,1648,11.3,8.250,4.966,8.69,10.390,32.67,1.00,0.27,-0.76,0.53,1.105,1.02,-1.32,1.090,0.00,0.90,3.298,21.0,46.502,0.694,0.000,900,6.76,4.3,1.55,-48.07,113.3,0,1,0,0,0,1,0,1,1,1,1,1,0,1,1,0,0,1,0,0,0,0,0,0,0,0,0,0,1,1,0,0,0,0,4699.0,7E,0,1,0,1,0,1,1,1,1,1,1,,,,,,,,,,,,,,,,,,,,,,,,,,,,,,,,,,,,,,,,,,,,,,,,,,,,,,,,,,
1010,,,470,682,,14.10,75.00,1794,12.5,30.000,3.987,821.88,48.945,339.14,1.45,0.13,-1.41,0.76,0.007,0.08,-0.17,1.048,0.01,0.45,0.194,-42.0,48.438,0.672,-54.000,2520,-58.22,1766.7,4.68,-49.63,113.3,0,1,0,0,0,1,0,1,1,1,1,1,0,1,1,0,0,1,0,0,0,0,0,0,0,0,1,1,0,1,0,0,0,0,5637.5,30,0,1,0,1,0,1,1,1,1,1,1,,,,,,,,,,,,,,,,,,,,,,,,,,,,,,,,,,,,,,,,,,,,,,,,,,,,,,,,,,
1011,,,471,064,,14.10,75.00,1974,13.8,25.500,4.960,10.50,12.663,32.65,1.00,0.68,-0.76,0.77,1.110,1.02,-1.32,1.126,0.00,0.90,4.227,21.0,59.289,0.694,0.000,900,6.51,4.3,1.32,-2.53,44.3,1,1,0,1,1,1,0,0,0,0,1,0,0,0,0,0,0,0,0,0,1,1,1,1,1,1,0,0,0,0,0,0,1,1,5155.8,0C,1,1,0,1,1,0,1,0,0,201.69,524.00,,,,,,,,,,,,,,,,,,,,,,,,,,,,,,,,,,,,,,,,,,,,,,,,,,,,,,,,,,
1012,,,471,474,,14.10,75.00,2183,16.3,27.000,6.253,14.77,17.945,43.29,1.00,0.98,-0.76,0.95,1.045,1.02,-1.32,1.151,0.00,0.90,4.227,20.3,89.014,0.694,0.000,900,6.38,4.3,1.29,-2.47,44.3,1,1,0,1,1,1,0,0,0,0,1,0,0,0,0,0,0,0,0,0,1,1,1,1,1,1,0,1,0,0,0,0,1,1,5155.8,0C,1,1,0,1,1,0,1,0,0,265.38,638.25,,,,,,,,,,,,,,,,,,,,,,,,,,,,,,,,,,,,,,,,,,,,,,,,,,,,,,,,,,
1013,,,471,915,,14.10,75.00,2437,17.5,28.500,4.685,13.92,16.397,36.28,1.00,0.96,-0.76,0.89,0.996,1.02,-1.32,1.166,0.00,0.90,4.227,20.3,89.357,0.694,0.000,900,6.23,4.3,1.26,-2.42,44.3,1,1,0,1,1,1,0,0,0,0,1,0,0,0,0,0,0,0,0,0,1,1,1,1,1,0,0,1,0,0,0,0,1,1,5155.8,0C,1,1,0,1,1,0,1,0,0,219.44,581.13,,,,,,,,,,,,,,,,,,,,,,,,,,,,,,,,,,,,,,,,,,,,,,,,,,,,,,,,,,
1014,,,472,317,,14.10,75.00,2664,20.0,29.250,4.960,16.11,16.320,36.19,1.00,0.18,-0.76,0.15,1.039,1.02,-1.32,1.174,0.00,0.90,5.440,20.3,97.658,0.694,0.000,900,6.11,4.3,1.24,-2.37,44.3,1,1,0,1,1,1,0,0,0,0,1,0,0,0,0,0,0,0,0,0,1,1,1,1,1,1,0,1,0,0,0,0,1,1,5155.8,0C,1,1,0,1,1,0,1,0,0,227.31,606.75,,,,,,,,,,,,,,,,,,,,,,,,,,,,,,,,,,,,,,,,,,,,,,,,,,,,,,,,,,
1015,,,472,702,,14.10,75.00,2918,21.3,28.500,5.536,17.63,16.234,37.64,1.00,0.19,-0.76,0.15,1.095,1.02,-1.32,1.165,0.00,0.90,5.440,20.3,97.658,0.694,0.000,900,6.10,4.3,1.24,-2.37,44.3,1,1,0,1,1,1,0,0,0,0,1,0,0,0,0,0,0,0,0,0,1,1,1,1,1,0,0,1,0,0,0,0,1,1,5155.8,0C,1,1,0,1,1,0,1,0,0,235.88,616.25,,,,,,,,,,,,,,,,,,,,,,,,,,,,,,,,,,,,,,,,,,,,,,,,,,,,,,,,,,
1016,,,473,101,,14.10,75.00,2977,22.5,10.500,2.029,3.64,0.000,15.28,1.00,0.21,-0.76,0.19,1.147,1.02,-1.32,1.166,0.00,0.90,7.043,20.3,36.477,0.694,0.000,900,6.09,4.3,1.23,-4.59,44.3,1,1,0,1,1,1,0,0,0,0,1,0,1,0,0,0,0,0,1,0,1,1,1,1,1,0,0,0,0,1,0,0,1,1,5155.8,0C,1,1,0,1,1,0,1,0,0,71.06,252.81,,,,,,,,,,,,,,,,,,,,,,,,,,,,,,,,,,,,,,,,,,,,,,,,,,,,,,,,,,
1017,,,473,505,,14.10,75.00,2680,22.5,39.000,1.933,6.01,0.000,11.09,1.00,0.19,-0.76,0.15,1.187,1.02,-1.32,1.161,0.00,0.90,7.043,19.5,32.334,0.694,0.000,900,6.11,4.3,1.24,-4.43,44.3,1,1,0,1,1,1,0,0,0,0,1,0,1,0,0,0,0,0,1,0,1,1,1,1,1,0,0,0,0,1,0,0,1,1,5155.8,0C,1,1,0,1,1,0,1,0,0,67.63,239.94,,,,,,,,,,,,,,,,,,,,,,,,,,,,,,,,,,,,,,,,,,,,,,,,,,,,,,,,,,
1018,,,473,894,,14.10,75.00,2562,22.5,-12.000,0.000,5.40,1.460,11.16,1.00,0.22,-0.76,0.19,1.000,1.02,-1.32,1.148,0.00,0.90,7.043,19.5,0.000,0.694,0.000,900,6.17,4.3,1.25,-2.40,44.3,1,1,0,1,1,1,0,0,0,0,1,0,1,0,0,0,0,0,0,0,0,1,0,1,0,0,1,0,0,1,0,0,1,1,5155.8,0C,1,1,0,1,1,0,1,0,0,75.25,231.81,,,,,,,,,,,,,,,,,,,,,,,,,,,,,,,,,,,,,,,,,,,,,,,,,,,,,,,,,,
1019,,,474,284,,14.10,75.00,2100,22.5,21.000,7.053,14.40,14.531,37.24,0.97,0.85,-0.76,0.85,0.989,1.02,-1.32,1.130,0.00,0.90,0.000,19.5,9.155,0.694,0.000,900,6.45,4.3,1.31,-2.51,44.3,1,1,0,1,1,1,0,0,0,0,1,0,1,0,0,0,0,0,0,0,1,1,1,1,0,0,0,1,0,1,0,0,1,1,5155.8,0C,1,1,0,1,1,0,1,0,0,235.31,588.63,,,,,,,,,,,,,,,,,,,,,,,,,,,,,,,,,,,,,,,,,,,,,,,,,,,,,,,,,,
1020,,,474,681,,14.10,75.00,2076,23.8,27.750,5.645,11.67,13.640,35.86,0.97,1.02,-0.76,0.99,0.944,1.02,-1.32,1.132,0.00,0.90,0.000,19.5,9.522,0.694,0.000,900,6.45,4.3,1.31,-2.50,44.3,1,1,0,1,1,1,0,0,0,0,1,0,1,0,0,0,0,0,0,0,1,1,1,1,1,0,0,1,0,0,0,0,1,1,5155.8,0C,1,1,0,1,1,0,1,0,0,217.38,553.38,,,,,,,,,,,,,,,,,,,,,,,,,,,,,,,,,,,,,,,,,,,,,,,,,,,,,,,,,,
1021,,,475,093,,14.10,75.00,1827,25.0,29.250,4.774,10.69,13.640,32.72,0.96,1.00,-0.76,0.94,0.906,1.02,-1.32,1.106,0.00,0.90,4.227,19.5,10.208,0.694,0.000,900,6.63,4.3,1.34,-2.57,44.3,1,1,0,1,1,1,0,0,0,0,1,0,1,0,0,0,0,0,0,0,1,1,1,1,1,0,0,1,0,0,0,0,1,1,5155.8,0C,1,1,0,1,1,0,1,0,0,201.94,562.88,,,,,,,,,,,,,,,,,,,,,,,,,,,,,,,,,,,,,,,,,,,,,,,,,,,,,,,,,,
1022,,,475,495,,14.10,75.00,1897,25.0,28.500,4.890,11.25,14.124,33.38,0.97,0.33,-0.76,0.20,0.910,1.02,-1.32,1.120,0.00,0.90,4.227,19.5,10.559,0.694,0.000,900,6.54,4.3,1.32,-2.54,44.3,1,1,0,1,1,1,0,0,0,0,1,0,1,0,0,0,0,0,0,0,1,1,1,1,1,0,0,1,0,0,0,0,1,1,5155.8,0C,1,1,0,1,1,0,1,0,0,203.88,556.63,,,,,,,,,,,,,,,,,,,,,,,,,,,,,,,,,,,,,,,,,,,,,,,,,,,,,,,,,,
1023,,,475,893,,14.10,75.00,1950,26.3,27.000,5.376,12.21,15.100,36.56,0.98,0.89,-0.76,0.87,0.888,1.02,-1.32,1.124,0.00,0.90,4.227,19.5,11.246,0.694,0.000,900,6.52,4.3,1.32,-2.53,44.3,1,1,0,1,1,1,0,0,0,0,1,0,0,0,0,0,0,0,0,0,1,1,1,1,1,0,0,1,0,0,0,0,1,1,5155.8,0C,1,1,0,1,1,0,1,0,0,228.63,589.31,,,,,,,,,,,,,,,,,,,,,,,,,,,,,,,,,,,,,,,,,,,,,,,,,,,,,,,,,,
1024,,,476,272,,14.10,75.00,2033,27.5,27.000,5.242,12.21,15.100,38.06,0.99,0.88,-0.76,0.82,0.843,1.02,-1.32,1.130,0.00,0.90,4.461,19.5,11.940,0.694,0.000,900,6.47,4.3,1.31,-2.51,44.3,1,1,0,1,1,1,0,0,0,0,1,0,0,0,0,0,0,0,0,0,1,1,1,1,1,0,0,1,0,0,0,0,1,1,5155.8,0C,1,1,0,1,1,0,1,0,0,233.63,588.19,,,,,,,,,,,,,,,,,,,,,,,,,,,,,,,,,,,,,,,,,,,,,,,,,,,,,,,,,,
1025,,,476,665,,14.10,74.25,2107,28.8,27.000,4.928,11.84,14.937,37.43,0.99,0.95,-0.76,0.87,0.799,1.02,-1.32,1.137,0.00,0.90,4.461,19.5,12.284,0.694,0.000,900,6.42,4.3,1.30,-2.49,44.3,1,1,0,1,1,1,0,0,0,0,1,0,0,0,0,0,0,0,0,0,1,1,1,1,1,0,0,1,0,0,0,0,1,1,5155.8,0C,1,1,0,1,1,0,1,0,0,227.75,564.56,,,,,,,,,,,,,,,,,,,,,,,,,,,,,,,,,,,,,,,,,,,,,,,,,,,,,,,,,,
1026,,,477,044,,14.10,74.25,2190,30.0,28.500,4.608,11.84,14.937,36.33,1.00,0.93,-0.76,0.83,0.753,1.02,-1.32,1.146,0.00,0.90,4.332,19.5,12.978,0.694,0.000,900,6.37,4.3,1.29,-2.47,44.3,1,1,0,1,1,1,0,0,0,0,1,0,0,0,0,0,0,0,0,0,1,1,1,1,1,0,0,1,0,0,0,0,1,1,5155.8,0C,1,1,0,1,1,0,1,0,0,222.56,551.38,,,,,,,,,,,,,,,,,,,,,,,,,,,,,,,,,,,,,,,,,,,,,,,,,,,,,,,,,,
1027,,,477,438,,14.10,74.25,2259,30.0,29.250,4.563,11.96,14.772,35.44,1.00,0.38,-0.76,0.23,0.770,1.02,-1.32,1.153,0.00,0.90,4.332,19.5,13.321,0.694,0.000,900,6.33,4.3,1.28,-2.46,44.3,1,1,0,1,1,1,0,0,0,0,1,0,0,0,0,0,0,0,0,0,1,1,1,1,1,0,0,1,0,0,0,0,1,1,5155.8,0C,1,1,0,1,1,0,1,0,0,218.63,541.44,,,,,,,,,,,,,,,,,,,,,,,,,,,,,,,,,,,,,,,,,,,,,,,,,,,,,,,,,,
1028,,,477,835,,14.10,74.25,2319,31.3,29.250,4.365,12.04,14.772,34.80,1.00,0.82,-0.76,0.65,0.730,1.02,-1.32,1.157,0.00,0.90,4.332,19.5,14.015,0.694,0.000,900,6.30,4.3,1.28,-2.44,44.3,1,1,0,1,1,1,0,0,0,0,1,0,0,0,0,0,0,0,0,0,1,1,1,1,1,0,0,1,0,0,0,0,1,1,5155.8,0C,1,1,0,1,1,0,1,0,0,213.31,532.44,,,,,,,,,,,,,,,,,,,,,,,,,,,,,,,,,,,,,,,,,,,,,,,,,,,,,,,,,,
1029,,,478,299,,14.10,74.25,2381,32.5,29.250,4.621,12.65,14.617,34.83,1.00,0.23,-0.76,0.20,0.785,1.02,-1.32,1.159,0.00,0.90,4.403,19.5,14.359,0.694,0.000,900,6.26,4.3,1.27,-2.43,44.3,1,1,0,1,1,1,0,0,0,0,1,0,0,0,0,0,0,0,0,0,1,1,1,1,1,0,0,1,0,0,0,0,1,1,5155.8,0C,1,1,0,1,1,0,1,0,0,213.69,537.19,,,,,,,,,,,,,,,,,,,,,,,,,,,,,,,,,,,,,,,,,,,,,,,,,,,,,,,,,,
1030,,,478,731,,14.10,74.25,2446,32.5,30.000,4.576,12.70,13.234,33.49,1.00,0.23,-0.76,0.20,0.834,1.02,-1.32,1.161,0.00,0.90,4.403,18.8,15.053,0.694,0.000,900,6.22,4.3,1.26,-2.41,44.3,1,1,0,1,1,1,0,0,0,0,1,0,0,0,0,0,0,0,0,0,1,1,1,1,1,0,0,1,0,0,0,0,1,1,5155.8,0C,1,1,0,1,1,0,1,0,0,194.88,511.13,,,,,,,,,,,,,,,,,,,,,,,,,,,,,,,,,,,,,,,,,,,,,,,,,,,,,,,,,,
1031,,,479,143,,14.10,74.25,2447,33.8,23.250,2.707,8.20,0.000,20.63,1.00,0.20,-0.76,0.17,0.884,1.02,-1.32,1.140,0.00,0.90,3.522,18.8,15.740,0.694,0.000,900,6.22,4.3,1.26,-4.37,44.3,1,1,0,1,1,1,0,0,0,0,1,0,0,0,0,0,0,0,1,0,1,1,1,1,1,0,0,0,0,1,0,0,1,1,5155.8,0C,1,1,0,1,1,0,1,0,0,124.50,349.81,,,,,,,,,,,,,,,,,,,,,,,,,,,,,,,,,,,,,,,,,,,,,,,,,,,,,,,,,,
1032,,,479,532,,14.10,74.25,2480,33.8,35.250,2.509,7.76,0.000,17.74,1.00,0.21,-0.76,0.18,0.919,1.02,-1.32,1.140,0.00,0.90,3.522,18.8,16.434,0.694,0.000,900,6.21,4.3,1.26,-4.38,44.3,1,1,0,1,1,1,0,0,0,0,1,0,0,0,0,0,0,0,1,0,1,1,1,1,1,0,0,0,0,1,0,0,1,1,5155.8,0C,1,1,0,1,1,0,1,0,0,111.00,317.06,,,,,,,,,,,,,,,,,,,,,,,,,,,,,,,,,,,,,,,,,,,,,,,,,,,,,,,,,,
1033,,,479,933,,14.10,74.25,2451,32.5,27.750,2.272,6.98,0.000,15.77,1.00,0.71,-0.76,0.59,0.926,1.02,-1.32,1.142,0.00,0.90,2.348,18.8,17.472,0.694,0.000,900,6.21,4.3,1.26,-4.37,44.3,1,1,0,1,1,1,0,0,0,0,1,0,0,0,0,0,0,0,1,0,1,1,1,1,1,0,0,0,0,1,0,0,1,1,5155.8,0C,1,1,0,1,1,0,1,0,0,96.63,288.75,,,,,,,,,,,,,,,,,,,,,,,,,,,,,,,,,,,,,,,,,,,,,,,,,,,,,,,,,,
1034,,,480,314,,14.10,74.25,2358,32.5,21.000,2.067,5.27,0.000,14.37,1.00,0.27,-0.76,0.22,0.951,1.02,-1.32,1.133,0.00,0.90,2.348,18.8,18.509,0.694,0.000,900,6.27,4.3,1.27,-4.35,44.3,1,1,0,1,1,1,0,0,0,0,1,0,0,0,0,0,0,0,1,0,1,1,1,1,1,0,0,0,0,1,0,0,1,1,5155.8,0C,1,1,0,1,1,0,1,0,0,87.25,255.06,,,,,,,,,,,,,,,,,,,,,,,,,,,,,,,,,,,,,,,,,,,,,,,,,,,,,,,,,,
1035,,,480,704,,14.10,74.25,2390,32.5,27.000,1.811,4.79,0.000,12.68,1.00,0.90,-0.76,0.85,0.909,1.02,-1.32,1.133,0.00,0.90,2.348,18.8,19.547,0.694,0.000,900,6.26,4.3,1.27,-4.36,44.3,1,1,0,1,1,1,0,0,0,0,1,0,0,0,0,0,0,0,1,0,1,1,1,1,1,0,0,0,0,1,0,0,1,1,5155.8,0C,1,1,0,1,1,0,1,0,0,78.31,232.69,,,,,,,,,,,,,,,,,,,,,,,,,,,,,,,,,,,,,,,,,,,,,,,,,,,,,,,,,,
1036,,,481,092,,14.10,74.25,2318,31.3,11.250,1.837,4.74,0.000,12.42,1.00,0.22,-0.76,0.20,0.940,1.02,-1.32,1.126,0.00,0.90,1.761,18.8,21.271,0.694,0.000,900,6.30,4.3,1.28,-4.34,44.3,1,1,0,1,1,1,0,0,0,0,1,0,0,0,0,0,0,0,1,0,1,1,1,1,1,0,0,0,0,1,0,0,1,1,5155.8,0C,1,1,0,1,1,0,1,0,0,77.25,229.44,,,,,,,,,,,,,,,,,,,,,,,,,,,,,,,,,,,,,,,,,,,,,,,,,,,,,,,,,,
1037,,,481,475,,14.10,74.25,2232,30.0,-0.750,1.856,4.30,0.000,12.54,1.00,0.22,-0.76,0.20,0.966,1.02,-1.32,1.124,0.00,0.90,1.761,18.8,23.346,0.694,0.000,900,6.35,4.3,1.28,-4.32,44.3,1,1,0,1,1,1,0,0,0,0,1,0,0,0,0,0,0,0,1,0,1,1,1,1,1,0,0,0,0,1,0,0,1,1,5155.8,0C,1,1,0,1,1,0,1,0,0,76.75,227.44,,,,,,,,,,,,,,,,,,,,,,,,,,,,,,,,,,,,,,,,,,,,,,,,,,,,,,,,,,
1038,,,481,886,,14.10,74.25,2175,30.0,-9.000,1.882,4.05,0.000,12.61,1.45,0.13,-1.43,0.91,0.007,0.05,5.26,0.515,0.01,0.45,0.194,-42.0,16.797,0.672,-66.750,2500,96.47,1766.7,1.16,-43.38,113.3,0,1,0,0,0,1,0,1,1,1,1,1,0,1,1,0,0,1,0,0,0,0,0,0,0,0,0,0,1,0,0,0,0,0,9346.3,30,0,1,0,1,0,1,1,1,1,1,1,,,,,,,,,,,,,,,,,,,,,,,,,,,,,,,,,,,,,,,,,,,,,,,,,,,,,,,,,,
1039,,,482,302,,14.10,74.25,2101,28.8,-14.250,0.000,4.05,0.000,12.91,1.00,0.24,-0.76,0.17,1.000,1.02,-1.32,1.119,0.00,0.90,1.623,19.5,0.000,0.694,0.000,900,6.43,4.3,1.30,-4.30,44.3,1,1,0,1,1,1,0,0,0,0,1,0,0,0,0,0,0,0,1,0,0,1,0,1,0,0,1,0,0,1,0,0,1,1,5155.8,0C,1,1,0,1,1,0,1,0,0,78.06,227.63,,,,,,,,,,,,,,,,,,,,,,,,,,,,,,,,,,,,,,,,,,,,,,,,,,,,,,,,,,
1040,,,482,704,,14.10,74.25,2020,27.5,-14.250,0.000,4.05,0.000,12.68,1.00,0.16,-0.76,0.13,1.000,1.02,-1.32,1.117,0.00,0.90,1.623,19.5,0.000,0.694,0.000,900,6.48,4.3,1.31,-4.08,44.3,1,1,0,1,1,1,0,0,0,0,1,0,0,0,0,0,0,0,1,0,0,1,0,1,0,0,1,0,0,1,0,0,1,1,5155.8,0C,1,1,0,1,1,0,1,0,0,77.69,228.88,,,,,,,,,,,,,,,,,,,,,,,,,,,,,,,,,,,,,,,,,,,,,,,,,,,,,,,,,,
1041,,,483,101,,14.10,74.25,1950,26.3,-13.500,0.000,3.88,0.000,11.84,1.00,0.16,-0.76,0.12,1.000,1.02,-1.32,1.117,0.00,0.90,0.000,19.5,0.000,0.694,0.000,900,6.53,4.3,1.32,-3.91,44.3,1,1,0,1,1,1,0,0,0,0,1,0,0,0,0,0,0,0,1,0,0,1,0,1,0,0,1,0,0,1,0,0,1,1,5155.8,0C,1,1,0,1,1,0,1,0,0,71.38,230.63,,,,,,,,,,,,,,,,,,,,,,,,,,,,,,,,,,,,,,,,,,,,,,,,,,,,,,,,,,
1042,,,483,492,,13.90,74.25,1873,25.0,-12.750,0.000,3.88,0.000,11.09,1.00,0.16,-0.76,0.12,1.000,1.02,-1.32,1.116,0.00,0.90,0.000,20.3,0.000,0.694,0.000,900,6.58,4.3,1.33,-3.70,44.3,1,1,0,1,1,1,0,0,0,0,1,1,0,0,0,0,0,0,1,0,0,1,0,1,0,0,1,0,0,1,0,1,1,1,5155.8,0C,1,1,0,1,1,0,1,0,0,66.75,238.94,,,,,,,,,,,,,,,,,,,,,,,,,,,,,,,,,,,,,,,,,,,,,,,,,,,,,,,,,,
1043,,,483,901,,14.00,74.25,1739,23.8,-12.750,0.000,3.93,0.000,11.44,1.00,0.16,-0.76,0.12,1.000,1.02,-1.32,1.115,0.00,0.90,0.000,20.3,0.000,0.694,0.000,900,6.68,4.3,1.35,-3.30,44.3,1,1,0,1,1,1,0,0,0,0,1,1,1,0,0,0,0,0,1,0,0,1,0,1,0,0,1,0,0,1,0,1,1,1,5155.8,0C,1,1,0,1,1,0,1,0,0,73.81,261.44,,,,,,,,,,,,,,,,,,,,,,,,,,,,,,,,,,,,,,,,,,,,,,,,,,,,,,,,,,
1044,,,484,292,,13.80,74.25,1432,21.3,-15.000,0.000,3.93,0.000,14.60,1.00,0.16,-0.76,0.12,1.000,1.02,-1.32,1.080,0.00,0.90,0.000,20.3,0.000,0.694,0.000,900,6.76,4.3,1.37,-1.84,44.3,1,1,0,1,1,1,0,0,0,0,1,1,1,0,0,0,0,0,1,0,0,1,0,1,0,0,1,0,0,1,0,1,1,1,5155.8,0C,1,1,0,1,1,0,1,0,0,84.88,322.25,,,,,,,,,,,,,,,,,,,,,,,,,,,,,,,,,,,,,,,,,,,,,,,,,,,,,,,,,,
1045,,,484,682,,13.30,74.25,1151,18.8,-1.500,3.309,4.17,0.000,19.43,0.97,0.16,-0.76,0.12,1.000,1.02,-1.32,1.051,0.00,0.90,0.000,20.3,8.995,0.694,0.000,900,6.76,4.3,1.79,-0.83,44.3,1,1,0,1,1,1,0,0,0,0,1,1,1,0,0,0,0,0,1,0,1,1,1,1,0,0,0,0,0,1,0,1,1,1,5155.8,0C,1,1,0,1,1,0,1,0,0,117.31,403.50,,,,,,,,,,,,,,,,,,,,,,,,,,,,,,,,,,,,,,,,,,,,,,,,,,,,,,,,,,
1046,,,485,063,,13.70,74.25,1072,15.0,4.500,3.290,4.17,0.000,20.11,0.97,0.40,-0.76,0.77,1.015,1.02,-1.32,1.047,0.00,0.90,1.432,21.0,9.087,0.694,0.000,900,6.76,4.3,1.64,-0.33,44.3,1,1,0,1,1,1,0,0,0,0,1,1,1,0,0,0,0,0,1,0,1,1,1,1,1,0,0,0,0,1,0,1,1,1,5155.8,0C,1,1,0,1,1,0,1,0,0,126.38,426.56,,,,,,,,,,,,,,,,,,,,,,,,,,,,,,,,,,,,,,,,,,,,,,,,,,,,,,,,,,
1047,,,485,453,,13.90,74.25,1022,12.5,0.000,3.584,4.37,0.000,23.63,0.96,0.96,-0.76,0.92,0.976,1.02,-1.32,1.021,0.00,0.90,1.432,21.0,9.178,0.694,0.000,900,6.77,4.3,1.63,1.98,44.3,1,1,0,1,1,1,0,0,0,0,1,1,0,0,0,0,0,0,1,0,1,1,1,1,1,0,0,0,0,0,0,1,1,1,5155.8,0C,1,1,0,1,1,0,1,0,0,145.50,467.56,,,,,,,,,,,,,,,,,,,,,,,,,,,,,,,,,,,,,,,,,,,,,,,,,,,,,,,,,,
1048,,,485,844,,14.00,74.25,988,10.0,3.750,3.418,4.05,0.000,23.77,0.97,1.00,-0.76,0.93,0.958,1.02,-1.32,1.020,0.00,0.90,1.432,21.0,9.178,0.694,0.000,900,6.77,4.3,1.63,2.23,44.3,1,1,0,1,1,1,0,0,0,0,1,1,0,0,0,0,0,0,1,0,1,1,1,1,1,0,0,0,0,0,0,1,1,1,5155.8,0C,1,1,0,1,1,0,1,0,0,144.94,466.63,,,,,,,,,,,,,,,,,,,,,,,,,,,,,,,,,,,,,,,,,,,,,,,,,,,,,,,,,,
1049,,,486,222,,14.00,74.25,963,8.8,1.500,3.008,2.66,0.000,22.08,0.98,0.99,-0.76,0.91,0.940,1.02,-1.32,1.033,0.00,0.90,1.524,21.0,9.178,0.694,0.000,900,6.77,4.3,1.62,-0.05,44.3,1,1,0,1,1,1,0,0,0,0,1,1,0,0,0,0,0,0,1,0,1,1,1,1,1,0,0,0,0,0,0,1,1,1,5155.8,0C,1,1,0,1,1,0,1,0,0,131.75,441.19,,,,,,,,,,,,,,,,,,,,,,,,,,,,,,,,,,,,,,,,,,,,,,,,,,,,,,,,,,
1050,,,486,616,,14.10,74.25,944,8.8,16.500,2.598,2.91,0.000,19.13,1.45,0.13,-1.34,0.19,0.007,0.03,-6.00,0.184,0.01,0.45,0.194,-42.0,66.798,0.672,9.750,2550,-3.53,1766.7,2.73,-24.63,113.3,0,1,0,0,0,1,0,1,1,1,1,1,0,1,1,0,0,1,0,0,0,0,0,0,0,0,1,1,1,0,0,0,0,0,2649.5,B2,0,1,0,1,0,1,1,1,1,1,1,,,,,,,,,,,,,,,,,,,,,,,,,,,,,,,,,,,,,,,,,,,,,,,,,,,,,,,,,,
1051,,,487,022,,13.70,74.25,925,8.8,16.500,2.739,3.56,0.000,19.73,0.99,0.93,-0.76,0.76,0.917,1.02,-1.32,1.047,0.00,0.90,0.989,21.0,9.178,0.694,0.000,900,6.77,4.3,1.58,0.00,44.3,1,1,0,1,1,1,0,0,0,0,1,0,0,0,0,0,0,0,1,0,1,1,1,1,1,0,0,0,0,0,0,1,1,1,5155.8,0C,1,1,0,1,1,0,1,0,0,124.06,428.81,,,,,,,,,,,,,,,,,,,,,,,,,,,,,,,,,,,,,,,,,,,,,,,,,,,,,,,,,,
1052,,,487,403,,14.00,74.25,912,8.8,8.250,3.136,3.81,0.000,22.22,1.00,0.22,-0.76,0.20,0.942,1.02,-1.32,1.032,0.00,0.90,0.989,21.0,9.522,0.694,0.000,900,6.77,4.3,1.58,0.00,44.3,1,1,0,1,1,1,0,0,0,0,1,0,0,0,0,0,0,0,1,0,1,1,1,1,1,0,0,0,0,0,0,0,1,1,5155.8,0C,1,1,0,1,1,0,1,0,0,136.75,453.88,,,,,,,,,,,,,,,,,,,,,,,,,,,,,,,,,,,,,,,,,,,,,,,,,,,,,,,,,,
1053,,,487,806,,14.10,74.25,951,8.8,-12.750,13.030,41.85,60.742,76.34,1.00,0.20,-0.76,0.17,0.960,1.02,-1.32,1.060,0.00,0.90,0.989,21.0,89.708,0.694,0.000,900,6.77,4.3,1.59,0.00,44.3,1,1,0,1,1,1,0,0,0,0,1,0,0,0,0,0,0,0,0,0,1,1,1,1,0,0,0,1,0,1,0,0,1,1,5155.8,0C,1,1,0,1,1,0,1,0,0,492.94,1004.38,,,,,,,,,,,,,,,,,,,,,,,,,,,,,,,,,,,,,,,,,,,,,,,,,,,,,,,,,,
1054,,,488,214,,14.10,74.25,2107,7.5,-2.250,2.381,2.83,0.000,19.88,1.00,1.00,-0.76,0.95,0.905,1.02,-1.32,1.120,0.00,0.90,8.383,21.0,11.597,0.694,0.000,900,6.44,4.3,1.52,-4.33,44.3,1,1,0,1,1,1,0,0,0,0,1,0,1,0,0,0,0,0,1,0,1,1,1,1,0,0,0,0,0,1,0,0,1,1,5155.8,0C,1,1,0,1,1,0,1,0,0,121.06,344.63,,,,,,,,,,,,,,,,,,,,,,,,,,,,,,,,,,,,,,,,,,,,,,,,,,,,,,,,,,
1055,,,488,594,,14.10,74.25,1886,7.5,26.250,1.498,3.93,0.000,12.16,1.00,1.00,-0.76,0.93,0.887,1.02,-1.32,1.116,0.00,0.90,8.383,21.0,12.284,0.694,0.000,900,6.63,4.3,1.56,-3.65,44.3,1,1,0,1,1,1,0,0,0,0,1,0,1,0,0,0,0,0,1,0,1,1,1,1,1,0,0,0,0,1,0,0,1,1,5155.8,0C,1,1,0,1,1,0,1,0,0,75.63,266.31,,,,,,,,,,,,,,,,,,,,,,,,,,,,,,,,,,,,,,,,,,,,,,,,,,,,,,,,,,
1056,,,489,004,,14.10,74.25,1484,7.5,14.250,1.894,3.93,0.000,14.25,1.00,0.18,-0.76,0.15,0.904,1.02,-1.32,1.088,0.00,0.90,1.056,21.0,13.321,0.694,0.000,900,6.77,4.3,1.59,-2.25,44.3,1,1,0,1,1,1,0,0,0,0,1,0,1,0,0,0,0,0,1,0,1,1,1,1,1,0,0,0,0,1,0,0,1,1,5155.8,0C,1,1,0,1,1,0,1,0,0,86.44,306.38,,,,,,,,,,,,,,,,,,,,,,,,,,,,,,,,,,,,,,,,,,,,,,,,,,,,,,,,,,
1057,,,489,393,,14.10,74.25,1337,7.5,-1.500,5.190,8.69,10.632,34.29,1.00,0.19,-0.76,0.16,0.926,1.02,-1.32,1.064,0.00,0.90,1.056,21.0,14.702,0.694,0.000,900,6.77,4.3,1.59,-1.84,44.3,1,1,0,1,1,1,0,0,0,0,1,0,1,0,0,0,0,0,0,0,1,1,1,1,1,0,0,1,0,1,0,0,1,1,5155.8,0C,1,1,0,1,1,0,1,0,0,208.63,574.81,,,,,,,,,,,,,,,,,,,,,,,,,,,,,,,,,,,,,,,,,,,,,,,,,,,,,,,,,,
1058,,,489,782,,14.10,74.25,1599,7.5,10.500,4.128,8.33,10.312,30.84,1.00,0.83,-0.76,0.66,0.893,1.02,-1.32,1.095,0.00,0.90,1.056,21.0,15.053,0.694,0.000,900,6.74,4.3,1.59,-2.62,44.3,1,1,0,1,1,1,0,0,0,0,1,0,1,0,0,0,0,0,0,0,1,1,1,1,1,0,0,1,0,0,0,0,1,1,5155.8,0C,1,1,0,1,1,0,1,0,0,178.25,504.13,,,,,,,,,,,,,,,,,,,,,,,,,,,,,,,,,,,,,,,,,,,,,,,,,,,,,,,,,,
1059,,,490,162,,14.00,74.25,1602,7.5,15.750,3.750,8.01,9.413,27.61,1.00,0.22,-0.76,0.19,0.943,1.02,-1.32,1.090,0.00,0.90,2.277,21.0,16.091,0.694,0.000,900,6.77,4.3,1.59,-2.63,44.3,1,1,0,1,1,1,0,0,0,0,1,0,1,0,0,0,0,0,0,0,1,1,1,1,1,0,0,0,0,0,0,0,1,1,5155.8,0C,1,1,0,1,1,0,1,0,0,172.25,489.13,,,,,,,,,,,,,,,,,,,,,,,,,,,,,,,,,,,,,,,,,,,,,,,,,,,,,,,,,,
1060,,,490,562,,14.10,74.25,1565,8.8,14.250,3.757,7.40,8.444,27.80,1.00,0.85,-0.76,0.85,0.929,1.02,-1.32,1.083,0.00,0.90,2.277,21.0,16.777,0.694,0.000,900,6.76,4.3,1.59,-2.62,44.3,1,1,0,1,1,1,0,0,0,0,1,0,1,0,0,0,0,0,0,0,1,1,1,1,1,0,0,0,0,0,0,0,1,1,5155.8,0C,1,1,0,1,1,0,1,0,0,171.00,480.88,,,,,,,,,,,,,,,,,,,,,,,,,,,,,,,,,,,,,,,,,,,,,,,,,,,,,,,,,,
1061,,,490,952,,13.70,74.25,1346,10.0,10.500,3.834,6.54,8.359,28.99,1.00,0.22,-0.76,0.19,0.942,1.02,-1.32,1.048,0.00,0.90,2.139,20.3,17.815,0.694,0.000,900,6.76,4.3,1.59,-1.61,44.3,1,1,0,1,1,1,0,0,0,0,1,0,1,0,0,0,0,0,0,0,1,1,1,1,1,0,0,0,0,0,0,0,1,1,5155.8,0C,1,1,0,1,1,0,1,0,0,179.38,516.00,,,,,,,,,,,,,,,,,,,,,,,,,,,,,,,,,,,,,,,,,,,,,,,,,,,,,,,,,,
1062,,,491,352,,14.00,74.25,1363,10.0,16.500,3.219,5.71,7.062,24.96,1.00,0.24,-0.76,0.22,0.969,1.02,-1.32,1.052,0.00,0.90,2.139,20.3,18.853,0.694,0.000,900,6.76,4.3,1.59,-1.79,44.3,1,1,0,1,1,1,0,0,0,0,1,0,1,0,0,0,0,0,0,0,1,1,1,1,1,0,0,0,0,0,0,0,1,1,5155.8,0C,1,1,0,1,1,0,1,0,0,156.56,463.13,,,,,,,,,,,,,,,,,,,,,,,,,,,,,,,,,,,,,,,,,,,,,,,,,,,,,,,,,,
1063,,,491,744,,14.00,74.25,1423,10.0,8.250,2.829,4.86,2.593,21.80,1.00,0.24,-0.76,0.22,0.993,1.02,-1.32,1.048,0.00,0.90,2.139,20.3,20.233,0.694,0.000,900,6.76,4.3,1.59,-2.14,44.3,1,1,0,1,1,1,0,0,0,0,1,0,1,0,0,0,0,0,0,0,1,1,1,1,1,0,0,0,0,0,0,0,1,1,5155.8,0C,1,1,0,1,1,0,1,0,0,126.19,404.81,,,,,,,,,,,,,,,,,,,,,,,,,,,,,,,,,,,,,,,,,,,,,,,,,,,,,,,,,,
1064,,,492,144,,14.00,74.25,1440,10.0,-3.000,5.216,10.99,12.663,31.13,1.00,0.18,-0.76,0.15,1.014,1.02,-1.32,1.084,0.00,0.90,1.318,20.3,21.614,0.694,0.000,900,6.76,4.3,1.59,-2.62,44.3,1,1,0,1,1,1,0,0,0,0,1,0,1,0,0,0,0,0,0,0,1,1,1,1,1,0,0,0,0,1,0,0,1,1,5155.8,0C,1,1,0,1,1,0,1,0,0,183.31,509.31,,,,,,,,,,,,,,,,,,,,,,,,,,,,,,,,,,,,,,,,,,,,,,,,,,,,,,,,,,
1065,,,492,555,,13.80,74.25,1271,10.0,-10.500,3.136,2.42,0.000,24.66,1.00,0.96,-0.76,0.93,0.989,1.02,-1.32,1.030,0.00,0.90,1.318,20.3,22.652,0.694,0.000,900,6.76,4.3,1.59,-0.83,44.3,1,1,0,1,1,1,0,0,0,0,1,0,1,0,0,0,0,0,1,0,1,1,1,1,1,0,0,0,0,1,0,0,1,1,5155.8,0C,1,1,0,1,1,0,1,0,0,153.25,486.25,,,,,,,,,,,,,,,,,,,,,,,,,,,,,,,,,,,,,,,,,,,,,,,,,,,,,,,,,,
1066,,,494,956,,13.90,74.25,1224,8.8,9.750,4.128,6.79,8.116,29.27,1.00,0.91,-0.76,0.89,1.054,1.02,-1.32,1.043,0.00,0.90,2.199,20.3,35.439,0.694,0.000,900,6.76,4.3,1.21,0.00,44.3,1,1,0,1,1,1,0,0,0,0,1,0,0,0,0,0,0,0,0,0,1,1,1,1,1,0,0,0,0,0,0,0,1,1,5155.8,0C,1,1,0,1,1,0,1,0,0,187.50,553.56,,,,,,,,,,,,,,,,,,,,,,,,,,,,,,,,,,,,,,,,,,,,,,,,,,,,,,,,,,
1067,,,495,343,,14.10,74.25,1300,10.0,8.250,3.834,5.83,7.140,29.13,1.00,0.91,-0.76,0.87,1.025,1.02,-1.32,1.046,0.00,0.90,2.199,21.0,35.439,0.694,0.000,900,6.76,4.3,1.16,-49.63,113.3,0,1,0,0,0,1,0,1,1,1,1,1,0,1,1,0,0,1,0,0,0,0,0,0,0,0,1,1,0,1,0,0,0,0,474.7,7F,0,1,0,1,0,1,1,1,1,1,1,,,,,,,,,,,,,,,,,,,,,,,,,,,,,,,,,,,,,,,,,,,,,,,,,,,,,,,,,,
1068,,,495,742,,14.00,74.25,1334,10.0,9.750,3.078,5.22,5.437,25.15,1.00,0.80,-0.76,0.52,1.001,1.02,-1.32,1.046,0.00,0.90,2.199,21.0,33.371,0.694,0.000,900,6.76,4.3,1.21,-1.74,44.3,1,1,0,1,1,1,0,0,0,0,1,0,0,0,0,0,0,0,0,0,1,1,1,1,1,0,0,0,0,0,0,0,1,1,5155.8,0C,1,1,0,1,1,0,1,0,0,150.13,466.00,,,,,,,,,,,,,,,,,,,,,,,,,,,,,,,,,,,,,,,,,,,,,,,,,,,,,,,,,,
1069,,,496,125,,14.10,74.25,1332,8.8,13.500,3.181,5.22,5.600,24.19,1.00,0.20,-0.76,0.18,1.045,1.02,-1.32,1.052,0.00,0.90,1.681,21.0,34.058,0.694,0.000,900,6.76,4.3,1.21,-1.85,44.3,1,1,0,1,1,1,0,0,0,0,1,0,0,0,0,0,0,0,0,0,1,1,1,1,1,0,0,0,0,0,0,0,1,1,5155.8,0C,1,1,0,1,1,0,1,0,0,146.50,442.25,,,,,,,,,,,,,,,,,,,,,,,,,,,,,,,,,,,,,,,,,,,,,,,,,,,,,,,,,,
1070,,,496,514,,14.00,74.25,1303,8.8,18.000,3.328,5.22,5.437,24.16,1.00,0.22,-0.76,0.19,1.067,1.02,-1.32,1.050,0.00,0.90,1.681,21.0,33.715,0.694,0.000,900,6.76,4.3,1.21,-1.65,44.3,1,1,0,1,1,1,0,0,0,0,1,0,0,0,0,0,0,0,0,0,1,1,1,1,1,0,0,0,0,0,0,0,1,1,5155.8,0C,1,1,0,1,1,0,1,0,0,147.63,446.56,,,,,,,,,,,,,,,,,,,,,,,,,,,,,,,,,,,,,,,,,,,,,,,,,,,,,,,,,,
1071,,,496,904,,14.00,74.25,1259,8.8,12.750,3.027,4.86,0.078,22.45,1.00,0.26,-0.76,0.26,1.084,1.02,-1.32,1.044,0.00,0.90,1.681,21.0,28.878,0.694,0.000,900,6.76,4.3,1.21,-1.32,44.3,1,1,0,1,1,1,0,0,0,0,1,0,1,0,0,0,0,0,1,0,1,1,1,1,1,0,0,0,0,1,0,0,1,1,5155.8,0C,1,1,0,1,1,0,1,0,0,135.44,443.69,,,,,,,,,,,,,,,,,,,,,,,,,,,,,,,,,,,,,,,,,,,,,,,,,,,,,,,,,,
1072,,,497,335,,14.00,74.25,1136,8.8,4.500,3.098,4.25,0.000,20.53,1.00,0.21,-0.76,0.19,1.100,1.02,-1.32,1.046,0.00,0.90,1.681,21.0,22.652,0.694,0.000,900,6.76,4.3,1.29,-0.49,44.3,1,1,0,1,1,1,0,0,0,0,1,0,1,0,0,0,0,0,1,0,1,1,1,1,1,0,0,0,0,1,0,0,1,1,5155.8,0C,1,1,0,1,1,0,1,0,0,128.13,430.31,,,,,,,,,,,,,,,,,,,,,,,,,,,,,,,,,,,,,,,,,,,,,,,,,,,,,,,,,,
1073,,,497,734,,14.00,74.25,1025,7.5,3.000,3.398,4.17,0.000,22.95,1.00,0.83,-0.76,0.84,1.088,1.02,-1.32,1.027,0.00,0.90,1.681,21.0,22.309,0.694,0.000,900,6.76,4.3,1.32,-0.19,44.3,1,1,0,1,1,1,0,0,0,0,1,1,1,0,0,0,0,0,1,0,1,1,1,1,1,0,0,0,0,0,0,1,1,1,5155.8,0C,1,1,0,1,1,0,1,0,0,141.81,458.94,,,,,,,,,,,,,,,,,,,,,,,,,,,,,,,,,,,,,,,,,,,,,,,,,,,,,,,,,,
1074,,,498,141,,14.00,74.25,975,5.0,1.500,3.405,3.81,0.000,23.44,1.00,0.96,-0.76,0.91,1.070,1.02,-1.32,1.023,0.00,0.90,1.524,21.0,21.965,0.694,0.000,900,6.77,4.3,1.30,-0.07,44.3,1,1,0,1,1,1,0,0,0,0,1,1,1,0,0,0,0,0,1,0,1,1,1,1,1,0,0,0,0,0,0,1,1,1,5155.8,0C,1,1,0,1,1,0,1,0,0,143.63,465.44,,,,,,,,,,,,,,,,,,,,,,,,,,,,,,,,,,,,,,,,,,,,,,,,,,,,,,,,,,
1075,,,498,554,,14.00,74.25,940,2.5,3.000,3.232,3.39,0.000,22.85,1.00,0.97,-0.76,0.91,1.053,1.02,-1.32,1.027,0.00,0.90,1.524,21.0,21.965,0.694,0.000,900,6.77,4.3,1.31,-0.01,44.3,1,1,0,1,1,1,0,0,0,0,1,1,1,0,0,0,0,0,1,0,1,1,1,1,1,0,0,0,0,0,0,1,1,1,5155.8,0C,1,1,0,1,1,0,1,0,0,139.56,458.63,,,,,,,,,,,,,,,,,,,,,,,,,,,,,,,,,,,,,,,,,,,,,,,,,,,,,,,,,,
1076,,,498,934,,14.00,74.25,927,0.0,6.000,3.053,3.27,0.000,22.08,1.00,0.97,-0.76,0.91,1.036,1.02,-1.32,1.034,0.00,0.90,1.208,21.0,21.965,0.694,0.000,900,6.77,4.3,1.31,0.00,44.3,1,1,0,1,1,1,0,0,0,0,1,1,1,0,0,0,0,0,1,0,1,1,1,1,1,0,0,0,0,0,0,1,1,1,5155.8,0C,1,1,0,1,1,0,1,0,0,134.75,450.25,,,,,,,,,,,,,,,,,,,,,,,,,,,,,,,,,,,,,,,,,,,,,,,,,,,,,,,,,,
1077,,,499,325,,14.00,75.00,910,0.0,8.250,2.989,3.27,0.000,21.98,1.00,0.96,-0.76,0.89,1.020,1.02,-1.32,1.034,0.00,0.90,1.208,21.0,21.965,0.694,0.000,900,6.77,4.3,1.33,0.00,44.3,1,1,0,1,1,1,0,0,0,0,1,1,1,0,0,0,0,0,1,0,1,1,1,1,1,0,0,0,0,0,0,1,1,1,5155.8,0C,1,1,0,1,1,0,1,0,0,134.75,451.19,,,,,,,,,,,,,,,,,,,,,,,,,,,,,,,,,,,,,,,,,,,,,,,,,,,,,,,,,,
1078,,,499,714,,14.00,75.00,891,0.0,15.000,2.816,3.32,0.000,21.63,1.00,0.92,-0.76,0.83,1.005,1.02,-1.32,1.037,0.00,0.90,1.208,21.0,21.965,0.694,0.000,900,6.77,4.3,1.37,0.09,44.3,1,1,0,1,1,1,0,0,0,0,1,1,1,0,0,0,0,0,1,0,1,1,1,1,1,1,0,0,0,0,0,1,1,1,5155.8,0C,1,1,0,1,1,0,1,0,0,133.25,456.44,,,,,,,,,,,,,,,,,,,,,,,,,,,,,,,,,,,,,,,,,,,,,,,,,,,,,,,,,,
1079,,,500,113,,14.00,75.00,895,0.0,7.500,2.995,3.32,0.000,22.62,1.00,0.85,-0.76,0.22,0.990,1.02,-1.32,1.029,0.00,0.90,1.174,21.0,22.309,0.694,0.000,900,6.77,4.3,1.41,0.00,44.3,1,1,0,1,1,1,0,0,0,0,1,1,0,0,0,0,0,0,1,0,1,1,1,1,1,1,0,0,0,0,0,1,1,1,5155.8,0C,1,1,0,1,1,0,1,0,0,138.31,458.69,,,,,,,,,,,,,,,,,,,,,,,,,,,,,,,,,,,,,,,,,,,,,,,,,,,,,,,,,,
1080,,,500,512,,14.00,75.00,887,0.0,4.500,2.803,2.73,0.000,21.33,1.00,0.28,-0.76,0.22,1.012,1.02,-1.32,1.039,0.00,0.90,1.174,21.0,20.233,0.694,0.000,800,6.77,4.3,1.45,-0.09,44.3,1,1,0,1,1,1,0,0,0,0,1,1,0,0,0,0,0,0,1,0,1,1,1,1,1,1,0,0,0,0,0,1,1,1,5155.8,0C,1,1,0,1,1,0,1,0,0,123.81,444.63,,,,,,,,,,,,,,,,,,,,,,,,,,,,,,,,,,,,,,,,,,,,,,,,,,,,,,,,,,
1081,,,500,903,,14.00,75.00,857,0.0,12.750,2.675,2.91,0.000,20.23,1.00,0.21,-0.76,0.19,1.025,1.02,-1.32,1.047,0.00,0.90,1.174,21.8,20.928,0.694,0.000,800,6.78,4.3,1.58,-0.08,44.3,1,1,0,1,1,1,0,0,0,0,1,1,0,0,0,0,0,0,1,0,1,1,1,1,1,1,0,0,0,0,0,1,1,1,5155.8,0C,1,1,0,1,1,0,1,0,0,122.38,442.00,,,,,,,,,,,,,,,,,,,,,,,,,,,,,,,,,,,,,,,,,,,,,,,,,,,,,,,,,,
1082,,,501,334,,14.00,75.00,832,0.0,10.500,2.906,3.20,0.000,21.09,1.00,0.19,-0.76,0.18,1.042,1.02,-1.32,1.041,0.00,0.90,1.032,21.8,20.233,0.694,0.000,800,6.78,4.3,1.63,0.00,44.3,1,1,0,1,1,1,0,0,0,0,1,1,0,0,0,0,0,0,1,0,1,1,1,1,1,1,0,0,0,0,0,1,1,1,5155.8,0C,1,1,0,1,1,0,1,0,0,126.75,458.06,,,,,,,,,,,,,,,,,,,,,,,,,,,,,,,,,,,,,,,,,,,,,,,,,,,,,,,,,,
1083,,,501,713,,14.00,75.00,829,0.0,3.000,3.245,3.27,0.000,22.97,1.00,0.18,-0.76,0.16,1.057,1.02,-1.32,1.027,0.00,0.90,1.032,21.8,20.928,0.694,0.000,800,6.78,4.3,1.64,-0.04,44.3,1,1,0,1,1,1,0,0,0,0,1,1,0,0,0,0,0,0,1,0,1,1,1,1,1,1,0,0,0,0,0,1,1,1,5155.8,0C,1,1,0,1,1,0,1,0,0,140.13,475.19,,,,,,,,,,,,,,,,,,,,,,,,,,,,,,,,,,,,,,,,,,,,,,,,,,,,,,,,,,
1084,,,502,124,,14.00,75.00,821,0.0,-2.250,3.309,3.27,0.000,23.39,1.00,0.20,-0.76,0.18,1.071,1.02,-1.32,1.023,0.00,0.90,1.045,21.8,20.928,0.694,0.000,800,6.78,4.3,1.64,-0.02,44.3,1,1,0,1,1,1,0,0,0,0,1,1,0,0,0,0,0,0,1,0,1,1,1,1,1,1,0,0,0,0,0,1,1,1,5155.8,0C,1,1,0,1,1,0,1,0,0,143.31,483.63,,,,,,,,,,,,,,,,,,,,,,,,,,,,,,,,,,,,,,,,,,,,,,,,,,,,,,,,,,
1085,,,502,503,,14.00,75.00,814,0.0,3.750,3.296,3.32,0.000,23.30,1.00,0.22,-0.76,0.21,1.088,1.02,-1.32,1.024,0.00,0.90,1.045,21.8,20.233,0.694,0.000,800,6.78,4.3,1.64,0.00,44.3,1,1,0,1,1,1,0,0,0,0,1,1,0,0,0,0,0,0,1,0,1,1,1,1,1,1,0,0,0,0,0,1,1,1,5155.8,0C,1,1,0,1,1,0,1,0,0,143.13,488.31,,,,,,,,,,,,,,,,,,,,,,,,,,,,,,,,,,,,,,,,,,,,,,,,,,,,,,,,,,
1086,,,502,894,,14.00,75.00,809,0.0,6.000,3.386,3.32,0.000,23.58,1.00,0.28,-0.76,0.23,1.100,1.02,-1.32,1.022,0.00,0.90,1.045,21.8,20.233,0.694,0.000,800,6.78,4.3,1.64,0.00,44.3,1,1,0,1,1,1,0,0,0,0,1,1,0,0,0,0,0,0,1,0,1,1,1,1,1,1,0,0,0,0,0,1,1,1,5155.8,0C,1,1,0,1,1,0,1,0,0,145.06,492.88,,,,,,,,,,,,,,,,,,,,,,,,,,,,,,,,,,,,,,,,,,,,,,,,,,,,,,,,,,
1087,,,503,294,,14.00,75.00,811,0.0,-2.250,3.258,3.32,0.000,23.48,1.00,0.82,-0.76,0.80,1.071,1.02,-1.32,1.022,0.00,0.90,1.236,21.8,20.233,0.694,0.000,800,6.79,4.3,1.61,0.00,44.3,1,1,0,1,1,1,0,0,0,0,1,1,0,0,0,0,0,0,1,0,1,1,1,1,1,1,0,0,0,0,0,1,1,1,5155.8,0C,1,1,0,1,1,0,1,0,0,144.63,490.44,,,,,,,,,,,,,,,,,,,,,,,,,,,,,,,,,,,,,,,,,,,,,,,,,,,,,,,,,,
1088,,,503,684,,14.00,75.00,803,0.0,3.000,3.283,3.32,0.000,23.79,1.00,0.86,-0.76,0.78,1.055,1.02,-1.32,1.020,0.00,0.90,1.236,21.8,20.233,0.694,0.000,800,6.79,4.3,1.61,0.00,44.3,1,1,0,1,1,1,0,0,0,0,1,1,0,0,0,0,0,0,1,0,1,1,1,1,1,1,0,0,0,0,0,1,1,1,5155.8,0C,1,1,0,1,1,0,1,0,0,146.06,494.00,,,,,,,,,,,,,,,,,,,,,,,,,,,,,,,,,,,,,,,,,,,,,,,,,,,,,,,,,,
1089,,,504,064,,14.00,75.00,797,0.0,6.000,3.354,3.27,0.000,23.93,1.00,0.22,-0.76,0.21,1.079,1.02,-1.32,1.019,0.00,0.90,1.137,21.8,20.233,0.694,0.000,800,6.79,4.3,1.62,0.00,44.3,1,1,0,1,1,1,0,0,0,0,1,1,0,0,0,0,0,0,1,0,1,1,1,1,1,1,0,0,0,0,0,1,1,1,5155.8,0C,1,1,0,1,1,0,1,0,0,145.13,497.81,,,,,,,,,,,,,,,,,,,,,,,,,,,,,,,,,,,,,,,,,,,,,,,,,,,,,,,,,,
1090,,,504,444,,14.00,75.00,802,0.0,3.750,3.411,3.20,0.000,23.98,1.00,0.23,-0.76,0.22,1.096,1.02,-1.32,1.019,0.00,0.90,1.137,21.8,19.547,0.694,0.000,800,6.79,4.3,1.62,0.00,44.3,1,1,0,1,1,1,0,0,0,0,1,1,0,0,0,0,0,0,1,0,1,1,1,1,1,1,0,0,0,0,0,1,1,1,5155.8,0C,1,1,0,1,1,0,1,0,0,144.88,495.44,,,,,,,,,,,,,,,,,,,,,,,,,,,,,,,,,,,,,,,,,,,,,,,,,,,,,,,,,,
1091,,,504,825,,14.00,75.00,815,0.0,1.500,4.250,4.74,0.000,28.08,1.00,0.81,-0.76,0.78,1.073,1.02,-1.32,1.028,0.00,0.90,1.137,22.5,19.196,0.694,0.000,900,6.79,4.3,1.55,0.45,44.3,1,1,0,1,1,1,0,0,0,0,1,1,1,0,0,0,0,0,1,0,1,1,1,1,1,0,0,1,0,0,0,1,1,1,5155.8,0C,1,1,0,1,1,0,1,0,0,173.56,559.13,,,,,,,,,,,,,,,,,,,,,,,,,,,,,,,,,,,,,,,,,,,,,,,,,,,,,,,,,,
1092,,,505,205,,14.10,75.00,889,0.0,-2.250,3.757,3.44,0.000,26.02,1.00,0.93,-0.76,0.90,1.054,1.02,-1.32,1.020,0.00,0.90,1.709,22.5,18.509,0.694,0.000,900,6.79,4.3,1.41,0.00,44.3,1,1,0,1,1,1,0,0,0,0,1,0,1,0,0,0,0,0,1,0,1,1,1,1,1,0,0,0,0,0,0,0,1,1,5155.8,0C,1,1,0,1,1,0,1,0,0,159.31,508.31,,,,,,,,,,,,,,,,,,,,,,,,,,,,,,,,,,,,,,,,,,,,,,,,,,,,,,,,,,
1093,,,505,611,,14.10,75.00,907,0.0,-1.500,5.050,8.57,13.147,30.38,1.00,0.97,-0.76,0.93,1.039,1.02,-1.32,1.037,0.00,0.90,1.709,22.5,19.547,0.694,0.000,1100,6.79,4.3,1.38,0.55,44.3,1,1,0,1,1,1,0,0,0,0,1,0,1,0,0,0,0,0,0,0,1,1,1,1,1,0,0,1,0,0,0,0,1,1,5155.8,0C,1,1,0,1,1,0,1,0,0,202.81,627.75,,,,,,,,,,,,,,,,,,,,,,,,,,,,,,,,,,,,,,,,,,,,,,,,,,,,,,,,,,
1094,,,505,994,,14.10,75.00,1289,0.0,-1.500,8.883,15.75,14.452,54.77,1.00,1.00,-0.76,0.95,1.009,1.02,-1.32,1.119,0.00,0.90,4.590,22.5,31.296,0.694,0.000,1500,6.79,4.3,1.38,0.00,44.3,1,1,0,1,1,1,0,0,0,0,1,0,1,0,0,0,0,0,0,0,1,1,1,1,1,0,0,1,0,0,0,0,1,1,5155.8,0C,1,1,0,1,1,0,1,0,0,328.88,838.19,,,,,,,,,,,,,,,,,,,,,,,,,,,,,,,,,,,,,,,,,,,,,,,,,,,,,,,,,,
1095,,,506,392,,14.10,75.75,1950,0.0,6.750,5.082,9.18,6.007,36.09,1.00,0.95,-0.76,0.85,0.967,1.02,-1.32,1.126,0.00,0.90,4.590,22.5,21.965,0.694,0.000,1500,6.54,4.3,1.33,-1.97,44.3,1,1,0,1,1,1,0,0,0,0,1,0,1,0,0,0,0,0,0,0,1,1,1,1,1,0,0,1,0,0,0,0,1,1,5155.8,0C,1,1,0,1,1,0,1,0,0,206.94,546.00,,,,,,,,,,,,,,,,,,,,,,,,,,,,,,,,,,,,,,,,,,,,,,,,,,,,,,,,,,
1096,,,506,825,,14.00,75.75,1632,3.8,12.000,3.821,7.96,6.007,28.66,1.00,0.56,-0.76,0.19,0.934,1.02,-1.32,1.077,0.00,0.90,4.590,21.8,22.652,0.694,0.000,1500,6.79,4.3,1.38,-0.15,44.3,1,1,0,1,1,1,0,0,0,0,1,0,1,0,0,0,0,0,0,0,1,1,1,1,1,0,0,0,0,0,0,0,1,1,5155.8,0C,1,1,0,1,1,0,1,0,0,177.88,500.63,,,,,,,,,,,,,,,,,,,,,,,,,,,,,,,,,,,,,,,,,,,,,,,,,,,,,,,,,,
1097,,,507,232,,13.20,75.75,1090,6.3,4.500,7.309,15.14,4.460,46.55,1.00,0.22,-0.76,0.21,0.988,1.02,-1.32,1.051,0.00,0.90,2.511,21.8,29.221,0.694,0.000,1500,6.78,4.3,1.38,5.51,44.3,1,1,0,1,1,1,0,0,0,0,1,0,1,0,0,0,0,0,0,0,1,1,1,1,1,0,0,1,0,1,0,0,1,1,5155.8,0C,1,1,0,1,1,0,1,0,0,278.25,794.81,,,,,,,,,,,,,,,,,,,,,,,,,,,,,,,,,,,,,,,,,,,,,,,,,,,,,,,,,,
1098,,,507,645,,13.30,75.75,1046,7.5,-21.000,8.160,7.10,0.000,56.77,1.00,0.93,-0.76,0.92,0.965,1.02,-1.32,1.067,0.00,0.90,2.511,21.8,64.820,0.694,0.000,1300,6.78,4.3,1.45,1.26,44.3,1,1,0,1,1,1,0,0,0,0,1,0,1,0,0,0,0,0,1,0,1,1,1,1,0,0,0,1,0,1,0,0,1,1,5155.8,0C,1,1,0,1,1,0,1,0,0,355.50,925.88,,,,,,,,,,,,,,,,,,,,,,,,,,,,,,,,,,,,,,,,,,,,,,,,,,,,,,,,,,
1099,,,508,055,,14.00,75.75,1322,7.5,-6.750,3.616,4.54,0.000,30.33,1.00,0.97,-0.76,0.91,0.934,1.02,-1.32,1.062,0.00,0.90,2.492,21.0,18.509,0.694,0.000,900,6.78,4.3,2.50,-1.56,44.3,1,1,0,1,1,1,0,0,0,0,1,0,1,0,0,0,0,0,1,0,1,1,1,1,0,0,0,1,0,0,0,0,1,1,5155.8,0C,1,1,0,1,1,0,1,0,0,185.13,520.69,,,,,,,,,,,,,,,,,,,,,,,,,,,,,,,,,,,,,,,,,,,,,,,,,,,,,,,,,,
1100,,,508,430,,14.10,75.75,1274,6.3,4.500,2.483,4.66,0.000,21.63,1.00,0.22,-0.76,0.18,0.917,1.02,-1.32,1.044,0.00,0.90,0.194,-42.0,67.189,0.672,88.500,2540,99.59,1766.7,4.29,-49.63,113.3,0,1,0,0,0,1,0,1,1,1,1,1,0,1,1,0,0,1,1,1,1,1,1,1,1,1,1,1,1,1,1,1,1,1,1,,,,,,,,,,,,,,,,,,,,,,,,,,,,,,,,,,,,,,,,,,,,,,,,,,,,,,,,,,,,,,,,,,,,,,
1101,,,508,823,,14.10,75.75,1129,6.3,5.250,2.880,4.61,0.000,21.80,1.00,0.18,-0.76,0.16,0.960,1.02,-1.32,1.038,0.00,0.90,2.492,21.0,17.472,0.694,0.000,900,6.77,4.3,1.39,-0.46,44.3,1,1,0,1,1,1,0,0,0,0,1,0,1,0,0,0,0,0,1,0,1,1,1,1,1,0,0,0,0,0,0,0,1,1,5155.8,0C,1,1,0,1,1,0,1,0,0,135.13,447.38,,,,,,,,,,,,,,,,,,,,,,,,,,,,,,,,,,,,,,,,,,,,,,,,,,,,,,,,,,
1102,,,509,213,,14.00,75.75,1006,6.3,6.750,3.213,4.13,0.000,23.98,1.00,0.20,-0.76,0.17,0.978,1.02,-1.32,1.019,0.00,0.90,1.303,21.0,16.777,0.694,0.000,900,6.77,4.3,1.29,-0.08,44.3,1,1,0,1,1,1,0,0,0,0,1,0,1,0,0,0,0,0,1,0,1,1,1,1,1,0,0,0,0,0,0,0,1,1,5155.8,0C,1,1,0,1,1,0,1,0,0,147.38,475.56,,,,,,,,,,,,,,,,,,,,,,,,,,,,,,,,,,,,,,,,,,,,,,,,,,,,,,,,,,
1103,,,509,612,,13.90,75.75,948,6.3,9.000,3.277,3.76,0.000,24.05,1.00,0.20,-0.76,0.18,0.992,1.02,-1.32,1.018,0.00,0.90,1.303,21.0,16.434,0.694,0.000,900,6.77,4.3,1.37,0.00,44.3,1,1,0,1,1,1,0,0,0,0,1,0,1,0,0,0,0,0,1,0,1,1,1,1,1,0,0,0,0,0,0,1,1,1,5155.8,0C,1,1,0,1,1,0,1,0,0,146.94,476.44,,,,,,,,,,,,,,,,,,,,,,,,,,,,,,,,,,,,,,,,,,,,,,,,,,,,,,,,,,
1104,,,510,005,,14.00,75.75,929,5.0,6.750,3.258,3.08,0.000,23.58,1.00,0.23,-0.76,0.22,1.009,1.02,-1.32,1.022,0.00,0.90,1.318,21.0,16.091,0.694,0.000,900,6.77,4.3,1.42,0.00,44.3,1,1,0,1,1,1,0,0,0,0,1,1,1,0,0,0,0,0,1,0,1,1,1,1,1,0,0,0,0,0,0,1,1,1,5155.8,0C,1,1,0,1,1,0,1,0,0,141.00,462.94,,,,,,,,,,,,,,,,,,,,,,,,,,,,,,,,,,,,,,,,,,,,,,,,,,,,,,,,,,
1105,,,510,383,,14.00,75.75,915,2.5,7.500,3.117,3.08,0.000,22.99,1.00,0.87,-0.76,0.85,0.983,1.02,-1.32,1.026,0.00,0.90,1.318,21.0,15.396,0.694,0.000,900,6.77,4.3,1.44,0.00,44.3,1,1,0,1,1,1,0,0,0,0,1,1,1,0,0,0,0,0,1,0,1,1,1,1,1,0,0,0,0,0,0,1,1,1,5155.8,0C,1,1,0,1,1,0,1,0,0,139.75,461.13,,,,,,,,,,,,,,,,,,,,,,,,,,,,,,,,,,,,,,,,,,,,,,,,,,,,,,,,,,
1106,,,510,781,,14.10,75.75,900,2.5,9.000,2.970,3.08,0.000,22.29,1.00,0.91,-0.76,0.85,0.968,1.02,-1.32,1.032,0.00,0.90,1.318,21.0,14.702,0.694,0.000,900,6.77,4.3,1.16,-49.63,113.3,0,1,0,0,0,1,0,1,1,1,1,1,0,1,1,0,0,1,0,0,0,0,0,0,0,0,0,0,0,1,0,0,0,0,4826.0,4A,0,1,0,1,0,1,1,1,1,1,1,,,,,,,,,,,,,,,,,,,,,,,,,,,,,,,,,,,,,,,,,,,,,,,,,,,,,,,,,,
1107,,,511,165,,13.90,75.75,892,2.5,10.500,3.021,3.08,0.000,22.78,1.00,0.87,-0.76,0.73,0.951,1.02,-1.32,1.028,0.00,0.90,1.064,21.0,14.359,0.694,0.000,900,6.77,4.3,1.55,0.00,44.3,1,1,0,1,1,1,0,0,0,0,1,1,1,0,0,0,0,0,1,0,1,1,1,1,1,0,0,0,0,0,0,1,1,1,5155.8,0C,1,1,0,1,1,0,1,0,0,142.94,468.88,,,,,,,,,,,,,,,,,,,,,,,,,,,,,,,,,,,,,,,,,,,,,,,,,,,,,,,,,,
1108,,,511,561,,14.10,75.75,884,1.3,7.500,5.414,10.45,17.452,32.86,1.00,0.22,-0.76,0.20,0.977,1.02,-1.32,1.047,0.00,0.90,1.064,21.0,15.396,0.694,0.000,1200,6.77,4.3,1.57,1.68,44.3,1,1,0,1,1,1,0,0,0,0,1,0,1,0,0,0,0,0,0,0,1,1,1,1,1,0,0,1,0,0,0,0,1,1,5155.8,0C,1,1,0,1,1,0,1,0,0,205.56,645.06,,,,,,,,,,,,,,,,,,,,,,,,,,,,,,,,,,,,,,,,,,,,,,,,,,,,,,,,,,
1109,,,511,955,,14.10,75.75,1175,0.0,-6.000,11.008,23.29,11.772,67.59,1.00,0.94,-0.76,0.93,0.954,1.02,-1.32,1.083,0.00,0.90,4.790,21.8,55.146,0.694,0.000,1500,6.78,4.3,1.57,2.31,44.3,1,1,0,1,1,1,0,0,0,0,1,0,1,0,0,0,0,0,0,0,1,1,1,1,0,0,0,1,0,0,0,0,1,1,5155.8,0C,1,1,0,1,1,0,1,0,0,427.81,974.50,,,,,,,,,,,,,,,,,,,,,,,,,,,,,,,,,,,,,,,,,,,,,,,,,,,,,,,,,,
1110,,,512,345,,14.00,75.75,1584,1.3,-10.500,5.107,8.37,0.000,40.45,1.00,0.99,-0.76,0.94,0.916,1.02,-1.32,1.103,0.00,0.90,4.790,21.8,18.509,0.694,0.000,1200,6.73,4.3,1.15,-1.86,44.3,1,1,0,1,1,1,0,0,0,0,1,0,1,0,0,0,0,0,1,0,1,1,1,1,0,0,0,1,0,1,0,0,1,1,5155.8,0C,1,1,0,1,1,0,1,0,0,231.69,661.88,,,,,,,,,,,,,,,,,,,,,,,,,,,,,,,,,,,,,,,,,,,,,,,,,,,,,,,,,,
1111,,,512,724,,13.80,75.75,1654,1.3,1.500,2.291,1340.63,13.007,176.77,1.45,0.13,-1.38,1.00,0.007,0.13,-7.75,0.336,0.01,0.45,0.194,-42.0,67.189,0.672,-40.500,0,0.38,1766.7,5.85,-18.38,113.3,0,1,0,0,0,1,0,1,1,1,1,1,0,1,1,0,0,1,0,0,0,0,0,0,0,0,0,1,1,0,0,0,0,0,9347.5,58,0,1,0,1,0,1,1,1,1,1,1,,,,,,,,,,,,,,,,,,,,,,,,,,,,,,,,,,,,,,,,,,,,,,,,,,,,,,,,,,
1112,,,513,098,,13.60,75.75,1346,0.0,17.250,1.728,2.91,0.000,14.02,1.00,0.19,-0.76,0.16,0.945,1.02,-1.32,1.076,0.00,0.90,1.056,21.0,17.815,0.694,0.000,900,6.78,4.3,0.62,-1.52,44.3,1,1,0,1,1,1,0,0,0,0,1,1,1,0,0,0,0,0,1,0,1,1,1,1,1,0,0,0,0,1,0,1,1,1,5155.8,0C,1,1,0,1,1,0,1,1,1,1,1,,,,,,,,,,,,,,,,,,,,,,,,,,,,,,,,,,,,,,,,,,,,,,,,,,,,,,,,,,
1113,,,513,495,,12.90,75.75,1144,0.0,32.250,2.374,3.76,0.000,17.11,1.00,0.17,-0.76,0.16,0.955,1.02,-1.32,1.054,0.00,0.90,1.056,21.0,17.472,0.694,0.000,900,6.77,4.3,0.91,-0.34,44.3,1,1,0,1,1,1,0,0,0,0,1,1,1,0,0,0,0,0,1,0,1,1,1,1,1,0,0,0,0,1,0,1,1,1,5155.8,0C,1,1,0,1,1,0,1,0,0,110.06,391.50,,,,,,,,,,,,,,,,,,,,,,,,,,,,,,,,,,,,,,,,,,,,,,,,,,,,,,,,,,
1114,,,513,896,,12.80,75.75,1031,0.0,14.250,3.283,7.96,8.194,22.52,1.00,0.18,-0.76,0.16,0.969,1.02,-1.32,1.030,0.00,0.90,1.056,21.0,17.472,0.694,0.000,1000,6.77,4.3,1.26,0.00,44.3,1,1,0,1,1,1,0,0,0,0,1,0,1,0,0,0,0,0,0,0,1,1,1,1,1,0,0,1,0,0,0,0,1,1,5155.8,0C,1,1,0,1,1,0,1,0,0,157.63,497.88,,,,,,,,,,,,,,,,,,,,,,,,,,,,,,,,,,,,,,,,,,,,,,,,,,,,,,,,,,
1115,,,514,286,,13.20,75.75,1082,0.0,1.500,6.554,10.74,8.194,40.45,1.00,0.43,-0.76,0.43,0.993,1.02,-1.32,1.065,0.00,0.90,1.456,21.0,21.271,0.694,-75.000,10,-55.09,1766.7,4.28,-48.07,113.3,0,1,0,0,0,1,0,1,1,1,1,1,0,1,1,0,0,1,0,0,0,0,0,0,0,0,0,0,0,0,1,0,0,0,562.3,0D,0,1,0,1,0,1,1,1,1,1,1,,,,,,,,,,,,,,,,,,,,,,,,,,,,,,,,,,,,,,,,,,,,,,,,,,,,,,,,,,
1116,,,514,683,,13.80,75.75,1446,1.3,0.750,5.152,8.25,5.031,37.90,1.00,0.95,-0.76,0.91,0.937,1.02,-1.32,1.085,0.00,0.90,1.456,21.0,20.928,0.694,0.000,1500,6.77,4.3,1.26,0.00,44.3,1,1,0,1,1,1,0,0,0,0,1,0,1,0,0,0,0,0,0,0,1,1,1,1,1,0,0,1,0,0,0,0,1,1,5155.8,0C,1,1,0,1,1,0,1,0,0,225.25,613.25,,,,,,,,,,,,,,,,,,,,,,,,,,,,,,,,,,,,,,,,,,,,,,,,,,,,,,,,,,
1117,,,515,072,,13.80,75.75,1592,2.5,7.500,3.866,7.59,4.703,30.19,1.00,0.86,-0.76,0.71,0.905,1.02,-1.32,1.090,0.00,0.90,3.130,21.0,20.928,0.694,0.000,1500,6.77,4.3,1.26,-0.53,44.3,1,1,0,1,1,1,0,0,0,0,1,0,1,0,0,0,0,0,0,0,1,1,1,1,1,0,0,1,0,0,0,0,1,1,5155.8,0C,1,1,0,1,1,0,1,0,0,181.00,505.75,,,,,,,,,,,,,,,,,,,,,,,,,,,,,,,,,,,,,,,,,,,,,,,,,,,,,,,,,,
1118,,,515,467,,13.80,75.75,1559,3.8,12.000,3.584,346.88,16.522,230.79,1.45,0.13,-1.38,0.95,0.007,0.08,-8.16,0.446,0.01,0.45,0.323,-42.0,67.189,0.672,-75.000,2550,-33.22,1766.7,4.28,-49.63,113.3,0,1,0,0,0,1,0,1,1,1,1,1,0,1,1,0,0,1,0,0,0,0,0,0,0,0,0,1,0,1,0,0,0,0,5380.8,BB,0,1,0,1,0,1,1,1,1,1,1,,,,,,,,,,,,,,,,,,,,,,,,,,,,,,,,,,,,,,,,,,,,,,,,,,,,,,,,,,
1119,,,515,882,,13.80,76.50,1503,3.8,12.000,3.590,7.06,4.546,27.05,1.00,0.21,-0.76,0.19,0.958,1.02,-1.32,1.078,0.00,0.90,3.130,21.0,23.690,0.694,0.000,1500,6.77,4.3,1.26,0.00,44.3,1,1,0,1,1,1,0,0,0,0,1,0,1,0,0,0,0,0,0,0,1,1,1,1,1,0,0,0,0,0,0,0,1,1,5155.8,0C,1,1,0,1,1,0,1,0,0,166.81,473.81,,,,,,,,,,,,,,,,,,,,,,,,,,,,,,,,,,,,,,,,,,,,,,,,,,,,,,,,,,
1120,,,516,274,,13.80,76.50,1456,3.8,11.250,3.917,7.40,4.546,28.50,1.00,0.21,-0.76,0.20,0.983,1.02,-1.32,1.072,0.00,0.90,2.288,21.0,25.071,0.694,0.000,1500,6.77,4.3,1.26,0.25,44.3,1,1,0,1,1,1,0,0,0,0,1,0,1,0,0,0,0,0,0,0,1,1,1,1,1,0,0,0,0,0,0,0,1,1,5155.8,0C,1,1,0,1,1,0,1,0,0,176.00,495.63,,,,,,,,,,,,,,,,,,,,,,,,,,,,,,,,,,,,,,,,,,,,,,,,,,,,,,,,,,
1121,,,516,692,,13.80,76.50,1481,5.0,10.500,4.038,7.15,3.241,29.30,1.00,0.73,-0.76,0.78,0.982,1.02,-1.32,1.080,0.00,0.90,2.288,21.0,26.459,0.694,0.000,1440,6.77,4.3,1.26,0.00,44.3,1,1,0,1,1,1,0,0,0,0,1,0,1,0,0,0,0,0,0,0,1,1,1,1,1,0,0,0,0,0,0,0,1,1,5155.8,0C,1,1,0,1,1,0,1,0,0,173.63,489.25,,,,,,,,,,,,,,,,,,,,,,,,,,,,,,,,,,,,,,,,,,,,,,,,,,,,,,,,,,
1122,,,517,084,,13.80,76.50,1392,5.0,13.500,3.085,6.62,3.078,24.68,1.00,0.35,-0.76,0.21,0.960,1.02,-1.32,1.054,0.00,0.90,2.010,21.0,28.527,0.694,0.000,1430,6.77,4.3,1.26,0.42,44.3,1,1,0,1,1,1,0,0,0,0,1,0,1,0,0,0,0,0,0,0,1,1,1,1,1,0,0,0,0,0,0,0,1,1,5155.8,0C,1,1,0,1,1,0,1,0,0,155.38,473.81,,,,,,,,,,,,,,,,,,,,,,,,,,,,,,,,,,,,,,,,,,,,,,,,,,,,,,,,,,
1123,,,517,496,,13.80,76.50,1247,5.0,9.750,4.435,7.52,0.000,31.55,1.00,0.20,-0.76,0.18,1.009,1.02,-1.32,1.045,0.00,0.90,2.010,21.0,30.602,0.694,0.000,1330,6.77,4.3,1.26,0.76,44.3,1,1,0,1,1,1,0,0,0,0,1,0,1,0,0,0,0,0,1,0,1,1,1,1,1,0,0,0,0,0,0,0,1,1,5155.8,0C,1,1,0,1,1,0,1,0,0,187.69,560.94,,,,,,,,,,,,,,,,,,,,,,,,,,,,,,,,,,,,,,,,,,,,,,,,,,,,,,,,,,
1124,,,517,884,,13.80,76.50,1323,5.0,0.750,3.091,4.37,0.000,23.98,1.00,0.22,-0.76,0.20,1.033,1.02,-1.32,1.054,0.00,0.90,2.010,21.0,29.221,0.694,0.000,930,6.77,4.3,1.71,-1.12,44.3,1,1,0,1,1,1,0,0,0,0,1,0,1,0,0,0,0,0,1,0,1,1,1,1,1,0,0,0,0,0,0,0,1,1,5155.8,0C,1,1,0,1,1,0,1,0,0,140.25,431.25,,,,,,,,,,,,,,,,,,,,,,,,,,,,,,,,,,,,,,,,,,,,,,,,,,,,,,,,,,
1125,,,518,313,,13.30,76.50,1205,3.8,9.000,2.554,3.93,0.000,19.08,1.00,0.20,-0.76,0.17,1.052,1.02,-1.32,1.052,0.00,0.90,1.761,21.0,28.878,0.694,0.000,900,6.77,4.3,1.66,-0.82,44.3,1,1,0,1,1,1,0,0,0,0,1,1,1,0,0,0,0,0,1,0,1,1,1,1,1,1,0,0,0,0,0,1,1,1,5155.8,0C,1,1,0,1,1,0,1,0,0,117.75,407.88,,,,,,,,,,,,,,,,,,,,,,,,,,,,,,,,,,,,,,,,,,,,,,,,,,,,,,,,,,
1126,,,518,741,,13.00,76.50,1072,2.5,8.250,2.899,3.88,0.000,20.60,1.00,0.19,-0.76,0.17,1.067,1.02,-1.32,1.045,0.00,0.90,1.761,21.0,28.183,0.694,0.000,900,6.77,4.3,1.70,-0.29,44.3,1,1,0,1,1,1,0,0,0,0,1,1,1,0,0,0,0,0,1,0,1,1,1,1,1,1,0,0,0,0,0,1,1,1,5155.8,0C,1,1,0,1,1,0,1,0,0,129.50,435.69,,,,,,,,,,,,,,,,,,,,,,,,,,,,,,,,,,,,,,,,,,,,,,,,,,,,,,,,,,
1127,,,519,133,,13.30,76.50,976,1.3,8.250,3.251,3.88,0.000,22.55,1.00,0.21,-0.76,0.19,1.088,1.02,-1.32,1.030,0.00,0.90,1.290,21.0,27.489,0.694,0.000,900,6.77,4.3,1.82,-0.06,44.3,1,1,0,1,1,1,0,0,0,0,1,1,1,0,0,0,0,0,1,0,1,1,1,1,1,1,0,0,0,0,0,1,1,1,5155.8,0C,1,1,0,1,1,0,1,0,0,139.44,458.63,,,,,,,,,,,,,,,,,,,,,,,,,,,,,,,,,,,,,,,,,,,,,,,,,,,,,,,,,,
1128,,,519,542,,13.90,76.50,945,1.3,3.000,3.277,3.44,0.000,22.71,1.00,0.64,-0.76,0.78,1.105,1.02,-1.32,1.028,0.00,0.90,1.290,21.0,27.146,0.694,0.000,900,6.77,4.3,1.86,-0.01,44.3,1,1,0,1,1,1,0,0,0,0,1,1,1,0,0,0,0,0,1,0,1,1,1,1,1,1,0,0,0,0,0,1,1,1,5155.8,0C,1,1,0,1,1,0,1,0,0,139.69,459.75,,,,,,,,,,,,,,,,,,,,,,,,,,,,,,,,,,,,,,,,,,,,,,,,,,,,,,,,,,
1129,,,519,944,,14.00,76.50,926,0.0,8.250,3.181,3.32,0.000,22.62,1.00,0.94,-0.76,0.90,1.064,1.02,-1.32,1.029,0.00,0.90,1.208,21.0,26.459,0.694,0.000,900,6.77,4.3,1.86,0.00,44.3,1,1,0,1,1,1,0,0,0,0,1,1,1,0,0,0,0,0,1,0,1,1,1,1,1,1,0,0,0,0,0,1,1,1,5155.8,0C,1,1,0,1,1,0,1,0,0,138.38,458.56,,,,,,,,,,,,,,,,,,,,,,,,,,,,,,,,,,,,,,,,,,,,,,,,,,,,,,,,,,
1130,,,520,363,,14.00,76.50,908,0.0,4.500,3.174,3.32,0.000,23.09,1.00,0.94,-0.76,0.89,1.048,1.02,-1.32,1.026,0.00,0.90,1.208,21.8,26.108,0.694,0.000,900,6.78,4.3,1.90,0.00,44.3,1,1,0,1,1,1,0,0,0,0,1,1,1,0,0,0,0,0,1,0,1,1,1,1,1,1,0,0,0,0,0,1,1,1,5155.8,0C,1,1,0,1,1,0,1,0,0,141.44,465.44,,,,,,,,,,,,,,,,,,,,,,,,,,,,,,,,,,,,,,,,,,,,,,,,,,,,,,,,,,
1131,,,520,745,,14.00,76.50,903,0.0,7.500,2.976,3.03,0.000,22.36,1.00,0.93,-0.76,0.87,1.031,1.02,-1.32,1.031,0.00,0.90,1.208,21.8,25.422,0.694,0.000,800,6.78,4.3,1.93,0.00,44.3,1,1,0,1,1,1,0,0,0,0,1,1,0,0,0,0,0,0,1,0,1,1,1,1,1,1,0,0,0,0,0,1,1,1,5155.8,0C,1,1,0,1,1,0,1,0,0,136.13,454.13,,,,,,,,,,,,,,,,,,,,,,,,,,,,,,,,,,,,,,,,,,,,,,,,,,,,,,,,,,
1132,,,521,160,,14.00,76.50,877,0.0,12.000,2.502,803.13,70.820,981.05,1.45,0.13,-1.34,0.03,0.007,0.02,-6.72,0.495,0.01,0.45,0.172,-42.0,67.970,0.672,-78.750,2550,-26.97,1766.7,3.12,-24.63,113.3,0,1,0,0,0,1,0,1,1,1,1,1,0,1,1,0,0,1,0,0,0,0,0,0,0,0,1,1,1,0,0,0,0,0,6788.5,53,0,1,0,1,0,1,1,1,1,1,1,,,,,,,,,,,,,,,,,,,,,,,,,,,,,,,,,,,,,,,,,,,,,,,,,,,,,,,,,,
1133,,,521,575,,13.90,76.50,831,0.0,21.000,2.630,3.20,0.000,20.77,1.00,0.20,-0.76,0.18,1.009,1.02,-1.32,1.044,0.00,0.90,0.959,21.8,24.384,0.694,0.000,800,6.78,4.3,2.15,0.00,44.3,1,1,0,1,1,1,0,0,0,0,1,1,0,0,0,0,0,0,1,0,1,1,1,1,1,1,0,0,0,0,0,1,1,1,5155.8,0C,1,1,0,1,1,0,1,0,0,135.06,469.19,,,,,,,,,,,,,,,,,,,,,,,,,,,,,,,,,,,,,,,,,,,,,,,,,,,,,,,,,,
1134,,,521,965,,14.00,76.50,820,0.0,7.500,3.066,3.20,0.000,22.90,1.00,0.18,-0.76,0.16,1.049,1.02,-1.32,1.027,0.00,0.90,1.204,21.8,23.690,0.694,0.000,800,6.79,4.3,2.22,0.00,44.3,1,1,0,1,1,1,0,0,0,0,1,0,0,0,0,0,0,0,1,0,1,1,1,1,1,1,0,0,0,0,0,0,1,1,5155.8,0C,1,1,0,1,1,0,1,0,0,142.94,482.88,,,,,,,,,,,,,,,,,,,,,,,,,,,,,,,,,,,,,,,,,,,,,,,,,,,,,,,,,,
1135,,,522,353,,14.00,76.50,821,0.0,9.750,3.078,3.20,0.000,22.66,1.00,0.19,-0.76,0.18,1.064,1.02,-1.32,1.029,0.00,0.90,1.204,22.5,23.346,0.694,0.000,800,6.79,4.3,2.19,0.00,44.3,1,1,0,1,1,1,0,0,0,0,1,0,0,0,0,0,0,0,1,0,1,1,1,1,1,1,0,0,0,0,0,0,1,1,5155.8,0C,1,1,0,1,1,0,1,0,0,140.63,481.94,,,,,,,,,,,,,,,,,,,,,,,,,,,,,,,,,,,,,,,,,,,,,,,,,,,,,,,,,,
1136,,,522,741,,14.00,76.50,812,0.0,12.000,3.149,3.27,0.000,22.69,1.00,0.21,-0.76,0.19,1.080,1.02,-1.32,1.029,0.00,0.90,1.204,22.5,22.652,0.694,0.000,800,6.79,4.3,2.18,0.00,44.3,1,1,0,1,1,1,0,0,0,0,1,0,0,0,0,0,0,0,1,0,1,1,1,1,1,1,0,0,0,0,0,0,1,1,5155.8,0C,1,1,0,1,1,0,1,0,0,139.50,485.06,,,,,,,,,,,,,,,,,,,,,,,,,,,,,,,,,,,,,,,,,,,,,,,,,,,,,,,,,,
1137,,,523,131,,14.00,76.50,818,0.0,0.000,3.232,3.27,0.000,22.95,1.00,0.21,-0.76,0.20,1.096,1.02,-1.32,1.027,0.00,0.90,1.174,22.5,21.965,0.694,0.000,800,6.79,4.3,2.15,0.00,44.3,1,1,0,1,1,1,0,0,0,0,1,0,0,0,0,0,0,0,1,0,1,1,1,1,1,1,0,0,0,0,0,0,1,1,5155.8,0C,1,1,0,1,1,0,1,0,0,140.06,483.06,,,,,,,,,,,,,,,,,,,,,,,,,,,,,,,,,,,,,,,,,,,,,,,,,,,,,,,,,,
1138,,,523,515,,14.10,76.50,821,0.0,1.500,3.283,3.27,0.000,22.90,1.00,0.49,-0.76,0.40,1.111,1.02,-1.32,1.027,0.00,0.90,1.174,22.5,21.614,0.694,0.000,800,6.80,4.3,2.08,0.00,44.3,1,1,0,1,1,1,0,0,0,0,1,0,0,0,0,0,0,0,1,0,1,1,1,1,1,1,0,0,0,0,0,0,1,1,5155.8,0C,1,1,0,1,1,0,1,0,0,140.88,482.50,,,,,,,,,,,,,,,,,,,,,,,,,,,,,,,,,,,,,,,,,,,,,,,,,,,,,,,,,,
1139,,,523,912,,14.10,76.50,820,0.0,3.000,3.174,3.27,0.000,22.78,1.00,0.83,-0.76,0.80,1.077,1.02,-1.32,1.028,0.00,0.90,1.174,22.5,21.271,0.694,0.000,800,6.80,4.3,2.03,0.00,44.3,1,1,0,1,1,1,0,0,0,0,1,0,0,0,0,0,0,0,1,0,1,1,1,1,1,1,0,0,0,0,0,0,1,1,5155.8,0C,1,1,0,1,1,0,1,0,0,139.00,483.94,,,,,,,,,,,,,,,,,,,,,,,,,,,,,,,,,,,,,,,,,,,,,,,,,,,,,,,,,,
1140,,,524,312,,14.10,76.50,809,0.0,5.250,3.149,3.27,0.000,22.95,1.00,0.83,-0.76,0.61,1.062,1.02,-1.32,1.027,0.00,0.90,1.174,22.5,20.577,0.694,0.000,800,6.80,4.3,2.00,0.00,44.3,1,1,0,1,1,1,0,0,0,0,1,0,0,0,0,0,0,0,1,0,1,1,1,1,1,1,0,0,0,0,0,0,1,1,5155.8,0C,1,1,0,1,1,0,1,0,0,141.50,487.13,,,,,,,,,,,,,,,,,,,,,,,,,,,,,,,,,,,,,,,,,,,,,,,,,,,,,,,,,,
1141,,,524,724,,14.10,76.50,809,0.0,3.000,3.309,3.27,0.000,23.25,1.00,0.22,-0.76,0.21,1.091,1.02,-1.32,1.024,0.00,0.90,1.174,22.5,19.890,0.694,0.000,800,6.80,4.3,1.96,0.00,44.3,1,1,0,1,1,1,0,0,0,0,1,0,0,0,0,0,0,0,1,0,1,1,1,1,1,1,0,0,0,0,0,0,1,1,5155.8,0C,1,1,0,1,1,0,1,0,0,142.06,488.06,,,,,,,,,,,,,,,,,,,,,,,,,,,,,,,,,,,,,,,,,,,,,,,,,,,,,,,,,,
1142,,,525,125,,14.10,76.50,817,0.0,0.750,3.264,3.27,0.000,23.20,1.00,0.73,-0.76,0.54,1.079,1.02,-1.32,1.025,0.00,0.90,1.236,22.5,19.547,0.694,0.000,800,6.80,4.3,1.90,0.00,44.3,1,1,0,1,1,1,0,0,0,0,1,0,0,0,0,0,0,0,1,0,1,1,1,1,1,1,0,0,0,0,0,0,1,1,5155.8,0C,1,1,0,1,1,0,1,0,0,141.63,485.31,,,,,,,,,,,,,,,,,,,,,,,,,,,,,,,,,,,,,,,,,,,,,,,,,,,,,,,,,,
1143,,,525,512,,14.10,76.50,808,0.0,1.500,3.206,3.27,0.000,23.09,1.00,0.87,-0.76,0.82,1.063,1.02,-1.32,1.026,0.00,0.90,1.236,22.5,18.853,0.694,0.000,800,6.80,4.3,1.88,0.00,44.3,1,1,0,1,1,1,0,0,0,0,1,0,0,0,0,0,0,0,1,0,1,1,1,1,1,1,0,0,0,0,0,0,1,1,5155.8,0C,1,1,0,1,1,0,1,0,0,142.00,487.44,,,,,,,,,,,,,,,,,,,,,,,,,,,,,,,,,,,,,,,,,,,,,,,,,,,,,,,,,,
1144,,,525,924,,14.10,76.50,806,0.0,4.500,3.187,3.27,0.000,23.13,1.00,0.84,-0.76,0.75,1.052,1.02,-1.32,1.025,0.00,0.90,1.236,23.3,18.509,0.694,0.000,800,6.80,4.3,1.86,0.00,44.3,1,1,0,1,1,1,0,0,0,0,1,0,0,0,0,0,0,0,1,0,1,1,1,1,1,0,0,0,0,0,0,0,1,1,5155.8,0C,1,1,0,1,1,0,1,0,0,142.50,488.06,,,,,,,,,,,,,,,,,,,,,,,,,,,,,,,,,,,,,,,,,,,,,,,,,,,,,,,,,,
1145,,,526,312,,14.10,76.50,808,0.0,2.250,3.258,3.27,0.000,23.06,1.00,0.22,-0.76,0.21,1.078,1.02,-1.32,1.026,0.00,0.90,1.137,23.3,17.815,0.694,0.000,800,6.80,4.3,1.82,0.00,44.3,1,1,0,1,1,1,0,0,0,0,1,0,0,0,0,0,0,0,1,0,1,1,1,1,1,0,0,0,0,0,0,0,1,1,5155.8,0C,1,1,0,1,1,0,1,0,0,142.56,487.44,,,,,,,,,,,,,,,,,,,,,,,,,,,,,,,,,,,,,,,,,,,,,,,,,,,,,,,,,,
1146,,,526,702,,14.10,76.50,813,0.0,1.500,3.309,3.27,0.000,23.02,1.00,0.23,-0.76,0.22,1.090,1.02,-1.32,1.026,0.00,0.90,1.137,23.3,17.472,0.694,0.000,800,6.80,4.3,1.78,0.00,44.3,1,1,0,1,1,1,0,0,0,0,1,0,0,0,0,0,0,0,1,0,1,1,1,1,1,0,0,0,0,0,0,0,1,1,5155.8,0C,1,1,0,1,1,0,1,0,0,140.38,485.63,,,,,,,,,,,,,,,,,,,,,,,,,,,,,,,,,,,,,,,,,,,,,,,,,,,,,,,,,,
1147,,,529,154,,14.10,76.50,806,0.0,2.250,3.226,3.27,0.000,22.90,1.00,0.86,-0.76,0.81,1.043,1.02,-1.32,1.027,0.00,0.90,1.174,23.3,14.015,0.694,0.000,800,6.81,4.3,1.60,0.00,44.3,1,1,0,1,1,1,0,0,0,0,1,0,0,0,0,0,0,0,1,0,1,1,1,1,1,0,0,0,0,0,0,0,1,1,5155.8,0C,1,1,0,1,1,0,1,0,0,139.88,485.19,,,,,,,,,,,,,,,,,,,,,,,,,,,,,,,,,,,,,,,,,,,,,,,,,,,,,,,,,,
1148,,,529,565,,14.10,77.25,800,0.0,3.000,3.136,3.27,0.000,22.62,1.00,0.86,-0.76,0.77,1.028,1.02,-1.32,1.029,0.00,0.90,1.174,23.3,13.321,0.694,0.000,800,6.81,4.3,1.59,0.00,44.3,1,1,0,1,1,1,0,0,0,0,1,0,0,0,0,0,0,0,1,0,1,1,1,1,1,0,0,0,0,0,0,0,1,1,5155.8,0C,1,1,0,1,1,0,1,0,0,140.56,485.88,,,,,,,,,,,,,,,,,,,,,,,,,,,,,,,,,,,,,,,,,,,,,,,,,,,,,,,,,,
1149,,,529,952,,14.10,77.25,797,0.0,6.750,3.174,3.27,0.000,22.59,1.00,0.22,-0.76,0.21,1.048,1.02,-1.32,1.029,0.00,0.90,1.137,23.3,12.634,0.694,0.000,800,6.81,4.3,1.59,0.00,44.3,1,1,0,1,1,1,0,0,0,0,1,0,0,0,0,0,0,0,1,0,1,1,1,1,1,0,0,0,0,0,0,0,1,1,5155.8,0C,1,1,0,1,1,0,1,0,0,140.00,486.44,,,,,,,,,,,,,,,,,,,,,,,,,,,,,,,,,,,,,,,,,,,,,,,,,,,,,,,,,,
1150,,,530,334,,14.10,77.25,804,0.0,0.750,3.309,3.27,0.000,22.97,1.00,0.23,-0.76,0.22,1.063,1.02,-1.32,1.026,0.00,0.90,1.137,23.3,12.284,0.694,0.000,800,6.81,4.3,1.58,0.00,44.3,1,1,0,1,1,1,0,0,0,0,1,0,0,0,0,0,0,0,1,0,1,1,1,1,1,0,0,0,0,0,0,0,1,1,5155.8,0C,1,1,0,1,1,0,1,0,0,139.31,484.56,,,,,,,,,,,,,,,,,,,,,,,,,,,,,,,,,,,,,,,,,,,,,,,,,,,,,,,,,,
1151,,,530,722,,14.10,77.25,811,0.0,1.500,3.206,3.20,0.000,22.64,1.00,0.82,-0.76,0.81,1.041,1.02,-1.32,1.029,0.00,0.90,1.137,23.3,11.597,0.694,0.000,800,6.81,4.3,1.54,0.00,44.3,1,1,0,1,1,1,0,0,0,0,1,0,0,0,0,0,0,0,1,0,1,1,1,1,1,0,0,0,0,0,0,0,1,1,5155.8,0C,1,1,0,1,1,0,1,0,0,138.50,480.31,,,,,,,,,,,,,,,,,,,,,,,,,,,,,,,,,,,,,,,,,,,,,,,,,,,,,,,,,,
1152,,,531,112,,14.10,77.25,805,0.0,7.500,3.187,3.27,0.000,22.69,1.00,0.86,-0.76,0.80,1.026,1.02,-1.32,1.029,0.00,0.90,1.137,23.3,11.246,0.694,0.000,800,6.81,4.3,1.52,0.00,44.3,1,1,0,1,1,1,0,0,0,0,1,0,0,0,0,0,0,0,1,0,1,1,1,1,1,0,0,0,0,0,0,0,1,1,5155.8,0C,1,1,0,1,1,0,1,0,0,138.94,482.00,,,,,,,,,,,,,,,,,,,,,,,,,,,,,,,,,,,,,,,,,,,,,,,,,,,,,,,,,,
1153,,,531,502,,14.10,77.25,804,0.0,6.750,3.136,3.27,0.000,22.55,1.00,0.83,-0.76,0.40,1.015,1.02,-1.32,1.030,0.00,0.90,1.137,23.3,10.903,0.694,0.000,800,6.81,4.3,1.50,0.00,44.3,1,1,0,1,1,1,0,0,0,0,1,0,0,0,0,0,0,0,1,0,1,1,1,1,1,0,0,0,0,0,0,0,1,1,5155.8,0C,1,1,0,1,1,0,1,0,0,136.81,481.31,,,,,,,,,,,,,,,,,,,,,,,,,,,,,,,,,,,,,,,,,,,,,,,,,,,,,,,,,,
1154,,,531,905,,14.10,77.25,803,0.0,7.500,3.194,3.27,0.000,22.45,1.00,0.25,-0.76,0.22,1.033,1.02,-1.32,1.031,0.00,0.90,1.137,23.3,10.208,0.694,0.000,800,6.81,4.3,1.48,0.00,44.3,1,1,0,1,1,1,0,0,0,0,1,0,0,0,0,0,0,0,1,0,1,1,1,1,1,0,0,0,0,0,0,0,1,1,5155.8,0C,1,1,0,1,1,0,1,0,0,136.13,480.69,,,,,,,,,,,,,,,,,,,,,,,,,,,,,,,,,,,,,,,,,,,,,,,,,,,,,,,,,,
1155,,,534,302,,14.00,77.25,802,0.0,10.500,3.136,3.32,0.000,22.31,1.00,0.86,-0.76,0.79,0.980,1.02,-1.32,1.032,0.00,0.90,1.174,24.0,0.000,0.694,0.000,800,6.87,4.3,1.23,0.00,44.3,1,1,0,1,1,1,0,0,0,0,1,0,0,0,0,0,0,0,1,0,0,1,1,1,1,1,0,0,0,0,0,0,1,1,5155.8,0C,1,1,0,1,1,0,1,0,0,134.94,480.31,,,,,,,,,,,,,,,,,,,,,,,,,,,,,,,,,,,,,,,,,,,,,,,,,,,,,,,,,,
1156,,,534,696,,14.10,77.25,801,0.0,2.250,3.206,3.32,0.000,22.57,1.00,0.26,-0.76,0.21,0.997,1.02,-1.32,1.030,0.00,0.90,1.174,24.0,0.000,0.694,0.000,800,6.90,4.3,1.21,0.00,44.3,1,1,0,1,1,1,0,0,0,0,1,0,0,0,0,0,0,0,1,0,0,1,1,1,1,1,0,0,0,0,0,0,1,1,5155.8,0C,1,1,0,1,1,0,1,0,0,136.13,479.94,,,,,,,,,,,,,,,,,,,,,,,,,,,,,,,,,,,,,,,,,,,,,,,,,,,,,,,,,,
1157,,,535,081,,14.10,77.25,803,0.0,1.500,3.213,3.32,0.000,22.41,1.00,0.22,-0.76,0.21,1.011,1.02,-1.32,1.031,0.00,0.90,0.172,-42.0,85.939,0.672,-93.750,0,0.38,1766.7,1.54,-49.63,113.3,0,1,0,0,0,1,0,1,1,1,1,1,0,1,1,0,0,1,0,0,0,0,0,0,0,0,0,0,0,1,0,0,0,0,6490.3,09,0,1,0,1,0,1,1,1,1,1,1,,,,,,,,,,,,,,,,,,,,,,,,,,,,,,,,,,,,,,,,,,,,,,,,,,,,,,,,,,
1158,,,535,472,,14.00,77.25,800,0.0,6.750,3.232,3.32,0.000,22.36,1.00,0.25,-0.76,0.23,1.025,1.02,-1.32,1.031,0.00,0.90,1.137,24.0,0.000,0.694,0.000,800,6.94,4.3,1.15,0.00,44.3,1,1,0,1,1,1,0,0,0,0,1,0,0,0,0,0,0,0,1,0,0,1,1,1,1,1,0,0,0,0,0,0,1,1,5155.8,0C,1,1,0,1,1,0,1,0,0,138.50,481.06,,,,,,,,,,,,,,,,,,,,,,,,,,,,,,,,,,,,,,,,,,,,,,,,,,,,,,,,,,
1159,,,535,864,,14.00,77.25,796,0.0,10.500,3.104,3.32,0.000,22.10,1.00,0.83,-0.76,0.80,0.993,1.02,-1.32,1.033,0.00,0.90,1.137,24.0,0.000,0.694,0.000,800,6.96,4.3,1.12,0.00,44.3,1,1,0,1,1,1,0,0,0,0,1,0,0,0,0,0,0,0,1,0,0,1,1,1,1,1,0,0,0,0,0,0,1,1,5155.8,0C,1,1,0,1,1,0,1,0,0,139.25,482.88,,,,,,,,,,,,,,,,,,,,,,,,,,,,,,,,,,,,,,,,,,,,,,,,,,,,,,,,,,
1160,,,536,250,,14.00,77.25,798,0.0,5.250,3.098,3.32,0.000,22.17,1.00,0.85,-0.76,0.77,0.978,1.02,-1.32,1.033,0.00,0.90,1.137,24.0,0.000,0.694,0.000,800,6.99,4.3,1.09,0.00,44.3,1,1,0,1,1,1,0,0,0,0,1,0,0,0,0,0,0,0,0,0,0,0,0,0,0,0,0,0,0,1,0,0,0,0,6831.7,2C,0,1,0,1,0,1,1,1,1,1,1,,,,,,,,,,,,,,,,,,,,,,,,,,,,,,,,,,,,,,,,,,,,,,,,,,,,,,,,,,
1161,,,536,654,,14.10,77.25,799,0.0,4.500,3.219,3.32,0.000,22.57,1.00,0.23,-0.76,0.22,1.002,1.02,-1.32,1.030,0.00,0.90,1.137,24.0,0.000,0.694,0.000,800,7.01,4.3,1.07,0.00,44.3,1,1,0,1,1,1,0,0,0,0,1,0,0,0,0,0,0,0,1,0,0,1,1,1,1,1,0,0,0,0,0,0,1,1,5155.8,0C,1,1,0,1,1,0,1,0,0,137.13,483.38,,,,,,,,,,,,,,,,,,,,,,,,,,,,,,,,,,,,,,,,,,,,,,,,,,,,,,,,,,
1162,,,537,036,,14.10,77.25,803,0.0,3.000,3.251,3.32,0.000,22.55,1.00,0.24,-0.76,0.22,1.017,1.02,-1.32,1.030,0.00,0.90,1.236,24.0,0.000,0.694,0.000,800,7.03,4.3,1.03,0.00,44.3,1,1,0,1,1,1,0,0,0,0,1,0,0,0,0,0,0,0,1,0,0,1,1,1,1,1,0,0,0,0,0,0,1,1,5155.8,0C,1,1,0,1,1,0,1,0,0,138.19,481.69,,,,,,,,,,,,,,,,,,,,,,,,,,,,,,,,,,,,,,,,,,,,,,,,,,,,,,,,,,
1163,,,537,428,,14.10,77.25,807,0.0,4.500,3.213,3.32,0.000,22.48,1.00,0.80,-0.76,0.79,0.998,1.02,-1.32,1.030,0.00,0.90,1.236,24.0,0.000,0.694,0.000,800,7.05,4.3,0.97,0.00,44.3,1,1,0,1,1,1,0,0,0,0,1,0,0,0,0,0,0,0,1,0,0,1,1,1,1,1,0,0,0,0,0,0,1,1,5155.8,0C,1,1,0,1,1,0,1,0,0,137.31,480.38,,,,,,,,,,,,,,,,,,,,,,,,,,,,,,,,,,,,,,,,,,,,,,,,,,,,,,,,,,
1164,,,537,835,,14.00,78.00,800,0.0,6.000,3.181,3.32,0.000,22.73,1.45,0.11,-1.31,0.79,0.007,0.03,6.49,0.000,0.01,0.45,0.172,-41.3,5.469,0.672,41.250,0,0.38,1766.7,1.54,-49.63,113.3,0,1,0,0,0,1,0,1,1,1,1,1,0,1,1,0,0,1,0,0,0,0,0,0,0,0,0,0,0,1,0,0,0,0,7258.3,33,0,1,0,1,0,1,1,1,1,1,1,,,,,,,,,,,,,,,,,,,,,,,,,,,,,,,,,,,,,,,,,,,,,,,,,,,,,,,,,,
1165,,,538,224,,14.10,78.00,800,0.0,5.250,3.142,3.32,0.000,22.55,1.00,0.48,-0.76,0.22,0.999,1.02,-1.32,1.030,0.00,0.90,1.137,24.0,0.000,0.694,0.000,800,7.09,4.3,0.92,0.00,44.3,1,1,0,1,1,1,0,0,0,0,1,0,0,0,0,0,0,0,1,0,0,1,1,1,1,1,0,0,0,0,0,0,1,1,5155.8,0C,1,1,0,1,1,0,1,0,0,138.00,484.25,,,,,,,,,,,,,,,,,,,,,,,,,,,,,,,,,,,,,,,,,,,,,,,,,,,,,,,,,,
1166,,,538,632,,14.10,78.00,800,0.0,3.750,3.245,3.32,0.000,22.62,1.00,0.25,-0.76,0.22,1.013,1.02,-1.32,1.029,0.00,0.90,1.137,24.0,0.000,0.694,0.000,800,7.11,4.3,0.91,0.00,44.3,1,1,0,1,1,1,0,0,0,0,1,0,0,0,0,0,0,0,1,0,0,1,1,1,1,1,0,0,0,0,0,0,1,1,5155.8,0C,1,1,0,1,1,0,1,0,0,138.63,483.38,,,,,,,,,,,,,,,,,,,,,,,,,,,,,,,,,,,,,,,,,,,,,,,,,,,,,,,,,,
1167,,,539,022,,14.10,78.00,809,0.0,5.250,3.200,3.32,0.000,22.64,1.00,0.77,-0.76,0.37,0.995,1.02,-1.32,1.029,0.00,0.90,1.236,24.0,0.000,0.694,0.000,800,7.13,4.3,1.54,-49.63,113.3,0,1,0,0,0,1,0,1,1,1,1,1,0,1,1,0,0,1,0,0,0,0,0,0,0,0,0,0,0,1,0,0,0,0,6831.5,EE,0,1,0,1,0,1,1,1,1,1,1,,,,,,,,,,,,,,,,,,,,,,,,,,,,,,,,,,,,,,,,,,,,,,,,,,,,,,,,,,
1168,,,539,405,,14.00,78.00,803,0.0,5.250,3.123,3.32,0.000,22.29,1.00,0.85,-0.76,0.80,0.979,1.02,-1.32,1.032,0.00,0.90,1.236,24.0,0.000,0.694,0.000,800,7.14,4.3,0.82,0.00,44.3,1,1,0,1,1,1,0,0,0,0,1,0,0,0,0,0,0,0,1,0,0,1,1,1,1,1,0,0,0,0,0,0,1,1,5155.8,0C,1,1,0,1,1,0,1,0,0,138.06,481.44,,,,,,,,,,,,,,,,,,,,,,,,,,,,,,,,,,,,,,,,,,,,,,,,,,,,,,,,,,
1169,,,539,795,,14.00,78.00,800,0.0,3.750,3.149,3.32,0.000,22.62,1.00,0.82,-0.76,0.34,0.969,1.02,-1.32,1.029,0.00,0.90,1.236,24.0,0.000,0.694,0.000,800,7.16,4.3,0.81,0.00,44.3,1,1,0,1,1,1,0,0,0,0,1,0,0,0,0,0,0,0,0,0,0,0,0,0,0,0,0,0,0,1,0,0,0,0,5722.3,31,0,1,0,1,0,1,1,1,1,1,1,,,,,,,,,,,,,,,,,,,,,,,,,,,,,,,,,,,,,,,,,,,,,,,,,,,,,,,,,,
1170,,,540,180,,14.10,78.00,796,0.0,4.500,3.219,834.38,16.913,242.98,1.45,0.11,-1.31,0.90,0.007,0.03,0.55,0.000,0.01,0.45,0.172,-41.3,18.750,0.703,6.750,0,0.38,1766.7,1.54,-49.63,113.3,0,1,0,0,0,1,0,1,1,1,1,1,0,1,1,0,0,1,0,0,0,0,0,0,0,0,0,0,0,1,0,0,0,0,7429.0,42,0,1,0,1,0,1,1,1,1,1,1,,,,,,,,,,,,,,,,,,,,,,,,,,,,,,,,,,,,,,,,,,,,,,,,,,,,,,,,,,
1171,,,540,572,,14.00,78.00,802,0.0,3.750,3.258,3.27,0.000,22.55,1.00,0.23,-0.76,0.22,1.015,1.02,-1.32,1.030,0.00,0.90,1.112,24.0,0.000,0.694,0.000,800,7.19,4.5,0.78,0.00,44.3,1,1,0,1,1,1,0,0,0,0,1,0,0,0,0,0,0,0,1,0,0,1,1,1,1,1,0,0,0,0,0,0,1,1,5155.8,0C,1,1,0,1,1,0,1,0,0,137.75,480.94,,,,,,,,,,,,,,,,,,,,,,,,,,,,,,,,,,,,,,,,,,,,,,,,,,,,,,,,,,
1172,,,540,972,,14.10,78.00,804,0.0,1.500,3.181,3.27,0.000,22.48,1.00,0.80,-0.76,0.73,0.991,1.02,-1.32,1.030,0.00,0.90,1.137,24.0,0.000,0.694,0.000,800,7.20,4.5,0.74,0.00,44.3,1,1,0,1,1,1,0,0,0,0,1,0,0,0,0,0,0,0,1,0,0,1,1,1,1,1,0,0,0,0,0,0,1,1,5155.8,0C,1,1,0,1,1,0,1,0,0,136.50,480.56,,,,,,,,,,,,,,,,,,,,,,,,,,,,,,,,,,,,,,,,,,,,,,,,,,,,,,,,,,
1173,,,541,361,,14.10,78.00,830,0.0,-1.500,4.038,4.25,0.000,27.66,1.00,0.84,-0.76,0.77,0.975,1.02,-1.32,1.027,0.00,0.90,1.137,24.0,0.000,0.694,0.000,900,7.21,4.5,0.69,0.23,44.3,1,1,0,1,1,1,0,0,0,0,1,0,1,0,0,0,0,0,1,0,0,1,1,1,1,1,0,1,0,0,0,0,1,1,5155.8,0C,1,1,0,1,1,0,1,0,0,170.19,544.94,,,,,,,,,,,,,,,,,,,,,,,,,,,,,,,,,,,,,,,,,,,,,,,,,,,,,,,,,,
1174,,,541,765,,14.10,78.00,888,0.0,-0.750,3.610,3.56,0.000,25.45,1.00,0.89,-0.76,0.87,0.955,1.02,-1.32,1.018,0.00,0.90,1.137,24.0,0.000,0.694,0.000,900,7.21,4.5,0.63,0.00,44.3,1,1,0,1,1,1,0,0,0,0,1,0,1,0,0,0,0,0,1,0,0,1,1,1,1,1,0,0,0,0,0,0,1,1,5155.8,0C,1,1,0,1,1,0,1,0,0,153.56,497.06,,,,,,,,,,,,,,,,,,,,,,,,,,,,,,,,,,,,,,,,,,,,,,,,,,,,,,,,,,
1175,,,542,182,,14.10,78.00,894,1.3,5.250,3.296,3.64,0.000,24.02,1.00,0.95,-0.76,0.91,0.937,1.02,-1.32,1.018,0.00,0.90,1.385,24.0,0.000,0.694,0.000,900,7.21,4.5,0.63,0.00,44.3,1,1,0,1,1,1,0,0,0,0,1,0,1,0,0,0,0,0,1,0,0,1,1,1,1,1,0,0,0,0,0,0,1,1,5155.8,0C,1,1,0,1,1,0,1,0,0,145.75,481.00,,,,,,,,,,,,,,,,,,,,,,,,,,,,,,,,,,,,,,,,,,,,,,,,,,,,,,,,,,
1176,,,542,562,,14.10,78.00,935,1.3,2.250,3.232,2.95,0.000,23.95,1.00,0.94,-0.76,0.86,0.918,1.02,-1.32,1.019,0.00,0.90,1.385,24.0,0.000,0.694,-21.750,0,0.38,1766.7,4.67,-49.63,113.3,0,1,0,0,0,1,0,1,1,1,1,1,0,1,1,0,0,1,0,0,0,0,0,0,0,0,1,0,0,1,0,0,0,0,175.5,75,0,1,0,1,0,1,1,1,1,1,1,,,,,,,,,,,,,,,,,,,,,,,,,,,,,,,,,,,,,,,,,,,,,,,,,,,,,,,,,,
1177,,,542,962,,14.10,78.00,1017,1.3,6.750,7.014,13.01,11.038,41.51,1.00,0.88,-0.76,0.81,0.896,1.02,-1.32,1.061,0.00,0.90,2.548,24.0,9.522,0.694,0.000,1300,7.21,4.5,0.71,1.02,44.3,1,1,0,1,1,1,0,0,0,0,1,0,1,0,0,0,0,0,0,0,1,1,1,1,1,0,0,1,0,0,0,0,1,1,5155.8,0C,1,1,0,1,1,0,1,0,0,261.88,758.81,,,,,,,,,,,,,,,,,,,,,,,,,,,,,,,,,,,,,,,,,,,,,,,,,,,,,,,,,,
1178,,,543,369,,14.10,78.00,1754,1.3,9.750,5.421,10.99,11.202,38.88,1.00,0.95,-0.76,0.92,0.887,1.02,-1.32,1.123,0.00,0.90,2.548,24.0,10.208,0.694,0.000,1500,7.00,4.5,0.69,-1.45,44.3,1,1,0,1,1,1,0,0,0,0,1,0,1,0,0,0,0,0,0,0,1,1,1,1,1,0,0,1,0,0,0,0,1,1,5155.8,0C,1,1,0,1,1,0,1,0,0,239.50,610.75,,,,,,,,,,,,,,,,,,,,,,,,,,,,,,,,,,,,,,,,,,,,,,,,,,,,,,,,,,
1179,,,545,774,,14.10,78.00,1563,10.0,7.500,4.378,8.69,7.140,32.18,1.00,0.84,-0.76,0.85,0.879,1.02,-1.32,1.083,0.00,0.90,2.419,23.3,12.978,0.694,0.000,1500,7.19,4.5,0.71,-0.11,44.3,1,1,0,1,1,1,0,0,0,0,1,0,1,0,0,0,0,0,0,0,1,1,1,1,1,0,0,0,0,0,0,0,1,1,5155.8,0C,1,1,0,1,1,0,1,0,0,197.56,552.19,,,,,,,,,,,,,,,,,,,,,,,,,,,,,,,,,,,,,,,,,,,,,,,,,,,,,,,,,,
1180,,,548,218,,14.10,78.00,1830,13.8,12.750,2.957,5.35,2.757,20.70,1.00,0.20,-0.76,0.19,0.998,1.02,-1.32,1.108,0.00,0.90,2.419,22.5,17.472,0.694,0.000,1400,7.03,4.5,0.69,-1.51,44.3,1,1,0,1,1,1,0,0,0,0,1,0,1,0,0,0,0,0,0,0,1,1,1,1,1,0,0,0,0,0,0,0,1,1,5155.8,0C,1,1,0,1,1,0,1,0,0,127.63,394.25,,,,,,,,,,,,,,,,,,,,,,,,,,,,,,,,,,,,,,,,,,,,,,,,,,,,,,,,,,
1181,,,548,612,,14.10,78.00,1868,13.8,33.000,2.720,5.93,2.757,18.42,1.00,0.20,-0.76,0.18,1.017,1.02,-1.32,1.104,0.00,0.90,2.419,22.5,18.158,0.694,0.000,1400,6.99,4.5,0.69,-1.96,44.3,1,1,0,1,1,1,0,0,0,0,1,0,1,0,0,0,0,0,0,0,1,1,1,1,1,0,0,0,0,0,0,0,1,1,5155.8,0C,1,1,0,1,1,0,1,0,0,112.25,329.88,,,,,,,,,,,,,,,,,,,,,,,,,,,,,,,,,,,,,,,,,,,,,,,,,,,,,,,,,,
1182,,,548,989,,14.10,-48.00,14016,0.0,1.500,285.082,1303.13,17.694,243.12,1.45,0.11,-1.39,0.40,0.007,0.05,5.26,0.391,0.01,0.45,0.237,-41.3,4.688,0.703,-21.000,2530,8.19,1766.7,1.16,-43.38,113.3,0,1,0,0,0,1,0,1,1,1,1,1,0,1,1,0,0,1,1,1,1,1,1,1,1,1,1,1,1,1,1,1,1,1,1,,,,,,,,,,,,,,,,,,,,,,,,,,,,,,,,,,,,,,,,,,,,,,,,,,,,,,,,,,,,,,,,,,,,,,
1183,,,549,393,,14.00,78.00,1788,12.5,17.250,1.894,3.32,0.000,12.05,1.00,0.20,-0.76,0.17,1.060,1.02,-1.32,1.115,0.00,0.90,1.761,22.5,21.614,0.694,0.000,900,7.07,4.5,0.70,-3.46,44.3,1,1,0,1,1,1,0,0,0,0,1,0,1,0,0,0,0,0,1,0,1,1,1,1,1,0,0,0,0,1,0,0,1,1,5155.8,0C,1,1,0,1,1,0,1,0,0,74.63,265.06,,,,,,,,,,,,,,,,,,,,,,,,,,,,,,,,,,,,,,,,,,,,,,,,,,,,,,,,,,
1184,,,549,786,,13.40,78.75,1466,11.3,10.500,2.221,3.69,0.000,14.46,1.00,0.18,-0.76,0.17,1.079,1.02,-1.32,1.088,0.00,0.90,1.761,22.5,21.965,0.694,0.000,900,7.18,4.5,0.71,-2.18,44.3,1,1,0,1,1,1,0,0,0,0,1,1,1,0,0,0,0,0,1,0,1,1,1,1,1,0,0,0,0,1,0,1,1,1,5155.8,0C,1,1,0,1,1,0,1,0,0,88.25,302.19,,,,,,,,,,,,,,,,,,,,,,,,,,,,,,,,,,,,,,,,,,,,,,,,,,,,,,,,,,
1185,,,550,184,,13.20,78.75,1239,8.8,14.250,2.573,4.66,0.000,16.52,1.00,0.22,-0.76,0.21,1.093,1.02,-1.32,1.067,0.00,0.90,1.118,22.5,21.271,0.694,0.000,900,7.18,4.5,0.75,-0.98,44.3,1,1,0,1,1,1,0,0,0,0,1,1,1,0,0,0,0,0,1,0,1,1,1,1,1,1,0,0,0,1,0,1,1,1,5155.8,0C,1,1,0,1,1,0,1,0,0,106.13,379.75,,,,,,,,,,,,,,,,,,,,,,,,,,,,,,,,,,,,,,,,,,,,,,,,,,,,,,,,,,
1186,,,550,656,,13.20,78.75,1109,6.3,1.500,3.315,4.37,0.000,20.30,1.00,0.21,-0.76,0.19,1.107,1.02,-1.32,1.047,0.00,0.90,1.118,22.5,20.577,0.694,0.000,900,7.18,4.5,0.79,-0.44,44.3,1,1,0,1,1,1,0,0,0,0,1,1,1,0,0,0,0,0,1,0,1,1,1,1,1,1,0,0,0,1,0,1,1,1,5155.8,0C,1,1,0,1,1,0,1,0,0,128.75,434.44,,,,,,,,,,,,,,,,,,,,,,,,,,,,,,,,,,,,,,,,,,,,,,,,,,,,,,,,,,
1187,,,551,043,,13.70,78.75,1005,5.0,3.000,3.398,3.88,0.000,22.45,1.00,0.90,-0.76,0.90,1.086,1.02,-1.32,1.030,0.00,0.90,1.576,22.5,19.890,0.694,0.000,900,7.19,4.5,0.78,-0.12,44.3,1,1,0,1,1,1,0,0,0,0,1,1,1,0,0,0,0,0,1,0,1,1,1,1,1,0,0,0,0,0,0,1,1,1,5155.8,0C,1,1,0,1,1,0,1,0,0,137.69,454.38,,,,,,,,,,,,,,,,,,,,,,,,,,,,,,,,,,,,,,,,,,,,,,,,,,,,,,,,,,
1188,,,551,481,,14.00,78.75,974,5.0,4.500,3.360,3.88,0.000,22.78,1.00,0.98,-0.76,0.93,1.068,1.02,-1.32,1.028,0.00,0.90,1.576,23.3,19.547,0.694,0.000,900,7.19,4.5,0.78,1.32,44.3,1,1,0,1,1,1,0,0,0,0,1,1,0,0,0,0,0,0,1,0,1,1,1,1,1,0,0,0,0,0,0,1,1,1,5155.8,0C,1,1,0,1,1,0,1,0,0,139.75,458.94,,,,,,,,,,,,,,,,,,,,,,,,,,,,,,,,,,,,,,,,,,,,,,,,,,,,,,,,,,
1189,,,551,881,,14.00,78.75,959,5.0,1.500,3.296,3.56,0.000,22.73,1.00,0.98,-0.76,0.93,1.052,1.02,-1.32,1.028,0.00,0.90,1.576,23.3,18.853,0.694,0.000,900,7.19,4.5,0.78,1.39,44.3,1,1,0,1,1,1,0,0,0,0,1,1,0,0,0,0,0,0,1,0,1,1,1,1,1,0,0,0,0,0,0,1,1,1,5155.8,0C,1,1,0,1,1,0,1,0,0,138.00,455.75,,,,,,,,,,,,,,,,,,,,,,,,,,,,,,,,,,,,,,,,,,,,,,,,,,,,,,,,,,
1190,,,552,293,,14.00,78.75,949,3.8,-0.750,2.874,2.59,0.000,20.53,1.00,0.98,-0.76,0.93,1.035,1.02,-1.32,1.046,0.00,0.90,1.361,23.3,18.509,0.694,0.000,900,7.20,4.5,0.73,-0.01,44.3,1,1,0,1,1,1,0,0,0,0,1,1,0,0,0,0,0,0,1,0,1,1,1,1,1,0,0,0,0,0,0,1,1,1,5155.8,0C,1,1,0,1,1,0,1,0,0,120.81,423.88,,,,,,,,,,,,,,,,,,,,,,,,,,,,,,,,,,,,,,,,,,,,,,,,,,,,,,,,,,
1191,,,552,699,,14.00,78.75,929,2.5,17.250,2.675,2.95,0.000,19.08,1.00,0.98,-0.76,0.92,1.021,1.02,-1.32,1.048,0.00,0.90,1.361,23.3,17.815,0.694,0.000,900,7.20,4.5,0.71,-0.02,44.3,1,1,0,1,1,1,0,0,0,0,1,1,1,0,0,0,0,0,1,0,1,1,1,1,1,0,0,0,0,0,0,1,1,1,5155.8,0C,1,1,0,1,1,0,1,0,0,115.81,416.50,,,,,,,,,,,,,,,,,,,,,,,,,,,,,,,,,,,,,,,,,,,,,,,,,,,,,,,,,,
1192,,,553,106,,14.00,78.75,917,2.5,15.000,2.765,3.20,0.000,19.78,1.00,0.95,-0.76,0.86,1.009,1.02,-1.32,1.047,0.00,0.90,1.099,23.3,17.121,0.694,0.000,900,7.20,4.5,0.70,0.00,44.3,1,1,0,1,1,1,0,0,0,0,1,1,1,0,0,0,0,0,1,0,1,1,1,1,1,0,0,0,0,0,0,1,1,1,5155.8,0C,1,1,0,1,1,0,1,0,0,122.50,428.94,,,,,,,,,,,,,,,,,,,,,,,,,,,,,,,,,,,,,,,,,,,,,,,,,,,,,,,,,,
1193,,,553,510,,14.10,78.75,909,1.3,12.750,2.854,3.32,0.000,20.60,1.00,0.88,-0.76,0.79,0.996,0.02,-0.06,0.336,0.01,0.45,0.194,-41.3,21.875,0.703,-21.750,0,0.38,1766.7,4.29,-49.63,113.3,0,1,0,0,0,1,0,1,1,1,1,1,0,1,1,0,0,1,0,0,0,0,0,0,0,0,1,1,1,0,0,0,0,0,10415.2,64,0,1,0,1,0,1,1,1,1,1,1,,,,,,,,,,,,,,,,,,,,,,,,,,,,,,,,,,,,,,,,,,,,,,,,,,,,,,,,,,
1194,,,553,924,,14.10,78.75,930,1.3,-0.750,6.739,10.89,8.038,41.13,1.00,0.80,-0.76,0.25,0.972,1.02,-1.32,1.051,0.00,0.90,2.419,24.0,20.233,0.694,0.000,1300,7.21,4.5,0.69,2.02,44.3,1,1,0,1,1,1,0,0,0,0,1,0,1,0,0,0,0,0,0,0,1,1,1,1,1,0,0,1,0,0,0,0,1,1,5155.8,0C,1,1,0,1,1,0,1,0,0,246.75,722.31,,,,,,,,,,,,,,,,,,,,,,,,,,,,,,,,,,,,,,,,,,,,,,,,,,,,,,,,,,
1195,,,554,343,,14.10,78.75,1031,2.5,-9.000,5.850,3.88,0.000,42.47,1.00,0.96,-0.76,0.91,0.949,1.02,-1.32,1.062,0.00,0.90,2.419,24.0,25.071,0.694,0.000,1200,7.21,4.5,0.89,0.72,44.3,1,1,0,1,1,1,0,0,0,0,1,0,1,0,0,0,0,0,1,0,1,1,1,1,1,0,0,1,0,1,0,0,1,1,5155.8,0C,1,1,0,1,1,0,1,0,0,219.38,663.81,,,,,,,,,,,,,,,,,,,,,,,,,,,,,,,,,,,,,,,,,,,,,,,,,,,,,,,,,,
1196,,,554,731,,14.10,78.75,1233,2.5,2.250,2.381,3.20,0.000,20.34,1.00,0.53,-0.76,0.20,0.920,1.02,-1.32,1.047,0.00,0.90,2.419,24.0,17.472,0.694,0.000,900,7.21,4.5,1.48,-1.17,44.3,1,1,0,1,1,1,0,0,0,0,1,0,1,0,0,0,0,0,1,0,1,1,1,1,1,0,0,0,0,0,0,0,1,1,5155.8,0C,1,1,0,1,1,0,1,0,0,116.75,405.06,,,,,,,,,,,,,,,,,,,,,,,,,,,,,,,,,,,,,,,,,,,,,,,,,,,,,,,,,,
1197,,,555,114,,14.10,78.75,1106,2.5,13.500,2.470,3.52,0.000,18.54,1.00,0.17,-0.76,0.15,0.955,1.02,-1.32,1.051,0.00,0.90,1.127,24.0,17.121,0.694,0.000,900,7.21,4.5,1.61,-0.40,44.3,1,1,0,1,1,1,0,0,0,0,1,0,1,0,0,0,0,0,1,0,1,1,1,1,1,0,0,0,0,0,0,0,1,1,5155.8,0C,1,1,0,1,1,0,1,0,0,113.75,401.19,,,,,,,,,,,,,,,,,,,,,,,,,,,,,,,,,,,,,,,,,,,,,,,,,,,,,,,,,,
1198,,,555,513,,13.90,78.75,1033,2.5,12.000,2.579,3.56,0.000,19.31,1.00,0.18,-0.76,0.16,0.966,1.02,-1.32,1.048,0.00,0.90,1.127,24.0,16.777,0.694,0.000,900,7.21,4.5,1.65,-0.20,44.3,1,1,0,1,1,1,0,0,0,0,1,1,1,0,0,0,0,0,1,0,1,1,1,1,1,0,0,0,0,0,0,1,1,1,5155.8,0C,1,1,0,1,1,0,1,0,0,119.63,416.25,,,,,,,,,,,,,,,,,,,,,,,,,,,,,,,,,,,,,,,,,,,,,,,,,,,,,,,,,,
1199,,,555,896,,13.70,78.75,972,1.3,13.500,2.765,3.93,0.000,20.11,1.00,0.19,-0.76,0.17,0.979,1.02,-1.32,1.047,0.00,0.90,1.127,24.0,16.091,0.694,0.000,900,7.21,4.5,1.74,-0.06,44.3,1,1,0,1,1,1,0,0,0,0,1,1,1,0,0,0,0,0,1,0,1,1,1,1,1,0,0,0,0,0,0,1,1,1,5155.8,0C,1,1,0,1,1,0,1,0,0,129.56,441.88,,,,,,,,,,,,,,,,,,,,,,,,,,,,,,,,,,,,,,,,,,,,,,,,,,,,,,,,,,
1200,,,556,304,,14.10,78.75,950,1.3,1.500,3.251,4.05,0.000,23.02,1.00,0.20,-0.76,0.19,0.996,1.02,-1.32,1.026,0.00,0.90,1.133,24.0,15.740,0.694,0.000,900,7.21,4.5,1.76,-0.05,44.3,1,1,0,1,1,1,0,0,0,0,1,0,1,0,0,0,0,0,1,0,1,1,1,1,1,0,0,0,0,0,0,0,1,1,5155.8,0C,1,1,0,1,1,0,1,0,0,142.25,467.81,,,,,,,,,,,,,,,,,,,,,,,,,,,,,,,,,,,,,,,,,,,,,,,,,,,,,,,,,,
1201,,,556,704,,14.10,78.75,932,1.3,0.750,3.360,4.00,0.000,23.88,1.00,0.78,-0.76,0.81,0.983,1.02,-1.32,1.020,0.00,0.90,1.133,24.0,15.053,0.694,0.000,900,7.21,4.5,1.75,0.00,44.3,1,1,0,1,1,1,0,0,0,0,1,0,1,0,0,0,0,0,1,0,1,1,1,1,1,0,0,0,0,0,0,0,1,1,5155.8,0C,1,1,0,1,1,0,1,0,0,147.75,480.69,,,,,,,,,,,,,,,,,,,,,,,,,,,,,,,,,,,,,,,,,,,,,,,,,,,,,,,,,,
1202,,,557,093,,14.00,78.75,918,1.3,2.250,3.341,3.93,0.000,24.35,1.00,0.92,-0.76,0.87,0.965,1.02,-1.32,1.016,0.00,0.90,1.318,24.0,14.359,0.694,0.000,900,7.21,4.5,1.74,0.00,44.3,1,1,0,1,1,1,0,0,0,0,1,0,1,0,0,0,0,0,1,0,1,1,1,1,1,0,0,0,0,0,0,0,1,1,5155.8,0C,1,1,0,1,1,0,1,0,0,149.25,486.44,,,,,,,,,,,,,,,,,,,,,,,,,,,,,,,,,,,,,,,,,,,,,,,,,,,,,,,,,,
1203,,,557,485,,14.10,78.75,910,1.3,5.250,3.232,3.64,0.000,24.14,1.00,0.90,-0.76,0.83,0.947,1.02,-1.32,1.018,0.00,0.90,1.318,24.0,14.015,0.694,0.000,900,7.21,4.5,1.75,0.00,44.3,1,1,0,1,1,1,0,0,0,0,1,0,1,0,0,0,0,0,1,0,1,1,1,1,1,0,0,0,0,0,0,0,1,1,5155.8,0C,1,1,0,1,1,0,1,0,0,146.44,479.56,,,,,,,,,,,,,,,,,,,,,,,,,,,,,,,,,,,,,,,,,,,,,,,,,,,,,,,,,,
1204,,,557,882,,14.00,78.75,897,1.3,7.500,3.098,3.69,0.000,23.55,1.00,0.90,-0.76,0.81,0.930,1.02,-1.32,1.022,0.00,0.90,1.318,24.0,13.321,0.694,0.000,900,7.21,4.5,1.76,0.00,44.3,1,1,0,1,1,1,0,0,0,0,1,0,1,0,0,0,0,0,1,0,1,1,1,1,1,0,0,0,0,0,0,0,1,1,5155.8,0C,1,1,0,1,1,0,1,0,0,144.19,476.69,,,,,,,,,,,,,,,,,,,,,,,,,,,,,,,,,,,,,,,,,,,,,,,,,,,,,,,,,,
1205,,,558,291,,14.10,78.75,892,1.3,9.000,3.046,3.64,0.000,23.41,1.00,0.72,-0.76,0.21,0.912,1.02,-1.32,1.023,0.00,0.90,1.174,24.0,12.978,0.694,0.000,900,7.21,4.5,1.81,0.00,44.3,1,1,0,1,1,1,0,0,0,0,1,0,1,0,0,0,0,0,1,0,1,1,1,1,1,0,0,0,0,0,0,0,1,1,5155.8,0C,1,1,0,1,1,0,1,0,0,142.94,473.75,,,,,,,,,,,,,,,,,,,,,,,,,,,,,,,,,,,,,,,,,,,,,,,,,,,,,,,,,,
1206,,,558,701,,14.00,78.75,896,0.0,4.500,3.162,3.56,0.000,23.25,1.00,0.22,-0.76,0.20,0.950,1.02,-1.32,1.024,0.00,0.90,1.174,24.0,12.284,0.694,0.000,900,7.21,4.5,1.84,0.00,44.3,1,1,0,1,1,1,0,0,0,0,1,0,1,0,0,0,0,0,1,0,1,1,1,1,1,0,0,0,0,0,0,0,1,1,5155.8,0C,1,1,0,1,1,0,1,0,0,142.19,469.00,,,,,,,,,,,,,,,,,,,,,,,,,,,,,,,,,,,,,,,,,,,,,,,,,,,,,,,,,,
1207,,,559,114,,14.00,79.50,895,0.0,7.500,3.206,3.56,0.000,23.30,1.00,0.26,-0.76,0.26,0.967,1.02,-1.32,1.024,0.00,0.90,1.174,24.0,11.597,0.694,0.000,900,7.21,4.5,1.84,0.00,44.3,1,1,0,1,1,1,0,0,0,0,1,0,0,0,0,0,0,0,1,0,1,1,1,1,1,0,0,0,0,0,0,0,1,1,5155.8,0C,1,1,0,1,1,0,1,0,0,139.69,471.31,,,,,,,,,,,,,,,,,,,,,,,,,,,,,,,,,,,,,,,,,,,,,,,,,,,,,,,,,,
1208,,,559,493,,14.10,79.50,891,0.0,6.000,2.829,2.59,0.000,22.01,1.00,0.84,-0.76,0.78,0.932,1.02,-1.32,1.034,0.00,0.90,1.174,24.0,11.246,0.694,0.000,800,7.21,4.5,1.87,-0.14,44.3,1,1,0,1,1,1,0,0,0,0,1,0,0,0,0,0,0,0,1,0,1,1,1,1,1,0,0,0,0,0,0,0,1,1,5155.8,0C,1,1,0,1,1,0,1,0,0,130.75,449.56,,,,,,,,,,,,,,,,,,,,,,,,,,,,,,,,,,,,,,,,,,,,,,,,,,,,,,,,,,
1209,,,559,891,,14.00,79.50,877,0.0,9.750,3.072,4.17,0.000,22.62,1.00,0.85,-0.76,0.77,0.917,1.02,-1.32,1.029,0.00,0.90,1.174,24.0,10.559,0.694,0.000,900,7.21,4.5,1.93,0.02,44.3,1,1,0,1,1,1,0,0,0,0,1,0,1,0,0,0,0,0,1,0,1,1,1,1,1,0,0,0,0,0,0,0,1,1,5155.8,0C,1,1,0,1,1,0,1,0,0,144.50,482.88,,,,,,,,,,,,,,,,,,,,,,,,,,,,,,,,,,,,,,,,,,,,,,,,,,,,,,,,,,
1210,,,560,292,,14.10,79.50,891,0.0,2.250,3.411,3.93,0.000,24.82,1.00,0.20,-0.76,0.19,0.943,1.02,-1.32,1.016,0.00,0.90,1.137,24.0,10.208,0.694,0.000,900,7.21,4.5,1.94,0.00,44.3,1,1,0,1,1,1,0,0,0,0,1,0,1,0,0,0,0,0,1,0,1,1,1,1,1,0,0,0,0,0,0,0,1,1,5155.8,0C,1,1,0,1,1,0,1,0,0,152.19,493.56,,,,,,,,,,,,,,,,,,,,,,,,,,,,,,,,,,,,,,,,,,,,,,,,,,,,,,,,,,
1211,,,560,675,,14.10,79.50,900,0.0,2.250,3.405,3.81,4.546,24.59,1.00,0.68,-0.76,0.65,0.962,1.02,-1.32,1.015,0.00,0.90,1.137,24.8,9.865,0.694,0.000,1000,7.22,4.5,1.92,0.00,44.3,1,1,0,1,1,1,0,0,0,0,1,0,1,0,0,0,0,0,0,0,1,1,1,1,1,0,0,0,0,0,0,0,1,1,5155.8,0C,1,1,0,1,1,0,1,0,0,159.44,512.75,,,,,,,,,,,,,,,,,,,,,,,,,,,,,,,,,,,,,,,,,,,,,,,,,,,,,,,,,,
1212,,,561,065,,14.10,79.50,1081,0.0,-3.750,7.898,16.72,12.906,52.05,1.00,0.91,-0.76,0.87,0.912,1.02,-1.32,1.078,0.00,0.90,2.911,24.8,13.664,0.694,0.000,1400,7.22,4.5,1.92,0.91,44.3,1,1,0,1,1,1,0,0,0,0,1,0,1,0,0,0,0,0,0,0,1,1,1,1,1,0,0,1,0,1,0,0,1,1,5155.8,0C,1,1,0,1,1,0,1,0,0,322.75,855.19,,,,,,,,,,,,,,,,,,,,,,,,,,,,,,,,,,,,,,,,,,,,,,,,,,,,,,,,,,
1213,,,561,455,,14.10,79.50,1569,0.0,0.000,7.034,13.31,12.663,49.90,1.00,0.96,-0.76,0.91,0.873,1.02,-1.32,1.117,0.00,0.90,2.911,24.8,14.015,0.694,0.000,1500,7.21,4.5,1.92,-0.62,44.3,1,1,0,1,1,1,0,0,0,0,1,0,1,0,0,0,0,0,0,0,1,1,1,1,1,0,0,1,0,0,0,0,1,1,5155.8,0C,1,1,0,1,1,0,1,0,0,307.19,792.25,,,,,,,,,,,,,,,,,,,,,,,,,,,,,,,,,,,,,,,,,,,,,,,,,,,,,,,,,,
1214,,,561,873,,14.10,79.50,1587,2.5,6.000,5.606,11.30,12.015,42.75,1.00,0.90,-0.76,0.81,0.835,1.02,-1.32,1.094,0.00,0.90,2.911,24.0,12.634,0.694,0.000,1500,7.22,4.5,1.92,-0.42,44.3,1,1,0,1,1,1,0,0,0,0,1,0,1,0,0,0,0,0,0,0,1,1,1,1,1,0,0,1,0,0,0,0,1,1,5155.8,0C,1,1,0,1,1,0,1,0,0,258.75,692.06,,,,,,,,,,,,,,,,,,,,,,,,,,,,,,,,,,,,,,,,,,,,,,,,,,,,,,,,,,
1215,,,562,297,,14.10,79.50,1453,5.0,4.500,5.920,11.06,9.741,43.48,1.00,0.20,-0.76,0.18,0.864,1.02,-1.32,1.087,0.00,0.90,3.913,24.0,13.664,0.694,0.000,1500,7.21,4.5,1.92,0.45,44.3,1,1,0,1,1,1,0,0,0,0,1,0,1,0,0,0,0,0,0,0,1,1,1,1,1,0,0,1,0,0,0,0,1,1,5155.8,0C,1,1,0,1,1,0,1,0,0,265.38,720.81,,,,,,,,,,,,,,,,,,,,,,,,,,,,,,,,,,,,,,,,,,,,,,,,,,,,,,,,,,
1216,,,562,702,,14.00,79.50,1255,8.8,-2.250,8.243,17.26,9.578,56.81,1.00,0.23,-0.76,0.21,0.897,1.02,-1.32,1.074,0.00,0.90,3.913,24.0,25.422,0.694,0.000,1500,7.21,4.5,1.92,2.66,44.3,1,1,0,1,1,1,0,0,0,0,1,0,1,0,0,0,0,0,0,0,1,1,1,1,1,0,0,1,0,0,0,0,1,1,5155.8,0C,1,1,0,1,1,0,1,0,0,377.69,950.56,,,,,,,,,,,,,,,,,,,,,,,,,,,,,,,,,,,,,,,,,,,,,,,,,,,,,,,,,,
1217,,,563,116,,14.10,79.50,1374,10.0,0.000,6.918,13.55,9.248,51.98,1.00,0.86,-0.76,0.77,0.844,1.02,-1.32,1.101,0.00,0.90,4.481,23.3,19.196,0.694,0.000,1500,7.20,4.5,1.92,0.80,44.3,1,1,0,1,1,1,0,0,0,0,1,0,1,0,0,0,0,0,0,0,1,1,1,1,0,0,0,1,0,0,0,0,1,1,5155.8,0C,1,1,0,1,1,0,1,0,0,314.81,818.13,,,,,,,,,,,,,,,,,,,,,,,,,,,,,,,,,,,,,,,,,,,,,,,,,,,,,,,,,,
1218,,,563,526,,14.00,79.50,1630,12.5,7.500,5.120,10.64,10.796,39.12,1.00,0.22,-0.76,0.19,0.875,1.02,-1.32,1.092,0.00,0.90,4.481,23.3,14.702,0.694,0.000,1500,7.17,4.5,1.91,-0.68,44.3,1,1,0,1,1,1,0,0,0,0,1,0,1,0,0,0,0,0,0,0,1,1,1,1,1,0,0,1,0,0,0,0,1,1,5155.8,0C,1,1,0,1,1,0,1,0,0,234.81,644.38,,,,,,,,,,,,,,,,,,,,,,,,,,,,,,,,,,,,,,,,,,,,,,,,,,,,,,,,,,
1219,,,563,931,,14.00,79.50,1882,13.8,27.750,4.755,11.72,12.663,34.57,1.00,0.19,-0.76,0.17,0.915,1.02,-1.32,1.117,0.00,0.90,3.756,23.3,14.702,0.694,0.000,1500,6.99,4.5,1.86,-1.52,44.3,1,1,0,1,1,1,0,0,0,0,1,0,1,0,0,0,0,0,0,0,1,1,1,1,1,0,0,1,0,0,0,0,1,1,5155.8,0C,1,1,0,1,1,0,1,0,0,211.88,585.00,,,,,,,,,,,,,,,,,,,,,,,,,,,,,,,,,,,,,,,,,,,,,,,,,,,,,,,,,,
1220,,,564,313,,14.10,79.50,2145,15.0,27.000,6.010,13.99,17.046,41.41,1.00,0.92,-0.76,0.92,0.904,1.02,-1.32,1.144,0.00,0.90,3.756,22.5,15.740,0.694,0.000,1500,6.81,4.5,1.81,-2.50,44.3,1,1,0,1,1,1,0,0,0,0,1,0,0,0,0,0,0,0,0,0,1,1,1,1,1,0,0,1,0,0,0,0,1,1,5155.8,0C,1,1,0,1,1,0,1,0,0,254.94,624.50,,,,,,,,,,,,,,,,,,,,,,,,,,,,,,,,,,,,,,,,,,,,,,,,,,,,,,,,,,
1221,,,564,714,,14.10,79.50,2349,17.5,27.000,5.818,14.65,17.211,41.20,1.00,0.97,-0.76,0.93,0.867,1.02,-1.32,1.162,0.00,0.90,3.756,22.5,16.091,0.694,0.000,1500,6.67,4.5,1.78,-2.45,44.3,1,1,0,1,1,1,0,0,0,0,1,0,0,0,0,0,0,0,0,0,1,1,1,1,1,0,0,1,0,0,0,0,1,1,5155.8,0C,1,1,0,1,1,0,1,0,0,246.56,629.19,,,,,,,,,,,,,,,,,,,,,,,,,,,,,,,,,,,,,,,,,,,,,,,,,,,,,,,,,,
1222,,,565,101,,14.10,79.50,2606,18.8,28.500,5.446,16.65,17.211,38.13,1.00,0.20,-0.76,0.17,0.868,1.02,-1.32,1.175,0.00,0.90,5.760,22.5,16.777,0.694,0.000,1500,6.53,4.5,1.74,-2.40,44.3,1,1,0,1,1,1,0,0,0,0,1,0,0,0,0,0,0,0,0,0,1,1,1,1,1,0,0,1,0,0,0,0,1,1,5155.8,0C,1,1,0,1,1,0,1,0,0,233.06,627.31,,,,,,,,,,,,,,,,,,,,,,,,,,,,,,,,,,,,,,,,,,,,,,,,,,,,,,,,,,
1223,,,565,485,,14.10,79.50,2884,21.3,27.750,5.760,17.94,15.991,38.63,1.00,0.19,-0.76,0.16,0.924,1.02,-1.32,1.167,0.00,0.90,5.760,21.8,17.472,0.694,0.000,1500,6.48,4.5,1.72,-2.38,44.3,1,1,0,1,1,1,0,0,0,0,1,0,0,0,0,0,0,0,0,0,1,1,1,1,1,0,0,1,0,0,0,0,1,1,5155.8,0C,1,1,0,1,1,0,1,0,0,234.13,622.31,,,,,,,,,,,,,,,,,,,,,,,,,,,,,,,,,,,,,,,,,,,,,,,,,,,,,,,,,,
1224,,,565,873,,14.10,80.25,3049,22.5,19.500,3.558,11.67,0.000,24.12,1.00,0.20,-0.76,0.17,0.978,1.02,-1.32,1.189,0.00,0.90,5.760,21.8,17.121,0.694,0.000,1200,6.47,4.5,1.72,-4.41,44.3,1,1,0,1,1,1,0,0,0,0,1,0,0,0,0,0,0,0,1,0,1,1,1,1,1,0,0,0,0,1,0,0,1,1,5155.8,0C,1,1,0,1,1,0,1,0,0,143.00,403.38,,,,,,,,,,,,,,,,,,,,,,,,,,,,,,,,,,,,,,,,,,,,,,,,,,,,,,,,,,
1225,,,566,264,,14.10,80.25,3133,23.8,21.000,2.867,9.67,0.000,18.87,1.00,0.81,-0.76,0.82,0.984,1.02,-1.32,1.165,0.00,0.90,4.696,21.8,17.815,0.694,0.000,900,6.47,4.5,1.72,-4.70,44.3,1,1,0,1,1,1,0,0,0,0,1,0,0,0,0,0,0,0,1,0,1,1,1,1,1,0,0,0,0,1,0,0,1,1,5155.8,0C,1,1,0,1,1,0,1,0,0,111.38,328.81,,,,,,,,,,,,,,,,,,,,,,,,,,,,,,,,,,,,,,,,,,,,,,,,,,,,,,,,,,
1226,,,566,663,,14.10,80.25,3130,23.8,30.000,2.330,8.20,0.000,14.84,1.00,0.24,-0.76,0.20,0.994,1.02,-1.32,1.166,0.00,0.90,4.696,21.8,18.853,0.694,0.000,900,6.46,4.5,1.72,-4.71,44.3,1,1,0,1,1,1,0,0,0,0,1,0,0,0,0,0,0,0,1,0,1,1,1,1,1,0,0,0,0,1,0,0,1,1,5155.8,0C,1,1,0,1,1,0,1,0,0,88.75,278.13,,,,,,,,,,,,,,,,,,,,,,,,,,,,,,,,,,,,,,,,,,,,,,,,,,,,,,,,,,
1227,,,567,083,,14.10,80.25,3083,22.5,39.750,1.888,6.93,0.000,11.30,1.00,0.25,-0.76,0.31,1.031,1.02,-1.32,1.166,0.00,0.90,2.739,21.0,19.890,0.694,0.000,900,6.46,4.5,1.72,-4.68,44.3,1,1,0,1,1,1,0,0,0,0,1,0,0,0,0,0,0,0,1,0,1,1,1,1,1,0,0,0,0,1,0,0,1,1,5155.8,0C,1,1,0,1,1,0,1,0,0,67.06,237.19,,,,,,,,,,,,,,,,,,,,,,,,,,,,,,,,,,,,,,,,,,,,,,,,,,,,,,,,,,
1228,,,567,472,,14.10,80.25,3015,22.5,11.250,1.830,6.98,0.000,10.48,1.00,0.18,-0.76,0.15,1.065,1.02,-1.32,1.166,0.00,0.90,2.739,21.0,20.928,0.694,0.000,900,6.46,4.5,1.72,-4.64,44.3,1,1,0,1,1,1,0,0,0,0,1,0,0,0,0,0,0,0,1,0,1,1,1,1,1,0,0,0,0,1,0,0,1,1,5155.8,0C,1,1,0,1,1,0,1,0,0,64.19,235.31,,,,,,,,,,,,,,,,,,,,,,,,,,,,,,,,,,,,,,,,,,,,,,,,,,,,,,,,,,
1229,,,567,863,,14.10,80.25,2814,21.3,-4.500,1.882,6.74,0.000,10.57,1.00,0.18,-0.76,0.15,1.099,1.02,-1.32,1.166,0.00,0.90,2.739,21.0,22.652,0.694,0.000,900,6.46,4.5,1.72,-4.51,44.3,1,1,0,1,1,1,0,0,0,0,1,0,0,0,0,0,0,0,1,0,1,1,1,1,1,0,0,0,0,1,0,1,1,1,5155.8,0C,1,1,0,1,1,0,1,0,0,65.19,240.31,,,,,,,,,,,,,,,,,,,,,,,,,,,,,,,,,,,,,,,,,,,,,,,,,,,,,,,,,,
1230,,,568,263,,14.10,80.25,2620,20.0,-12.750,0.000,6.20,0.000,11.67,1.00,0.16,-0.76,0.13,1.000,1.02,-1.32,1.156,0.00,0.90,2.113,21.0,0.000,0.694,0.000,900,6.52,4.5,1.74,-4.43,44.3,1,1,0,1,1,1,0,0,0,0,1,1,0,0,0,0,0,0,1,0,0,1,0,1,0,0,1,0,0,1,0,1,1,1,5155.8,0C,1,1,0,1,1,0,1,0,0,73.25,246.69,,,,,,,,,,,,,,,,,,,,,,,,,,,,,,,,,,,,,,,,,,,,,,,,,,,,,,,,,,
1231,,,568,652,,14.10,80.25,2322,17.5,-14.250,0.000,4.91,0.000,13.80,1.00,0.16,-0.76,0.11,1.000,1.02,-1.32,1.123,0.00,0.90,2.113,21.8,0.000,0.694,0.000,900,6.73,4.5,1.79,-4.37,44.3,1,1,0,1,1,1,0,0,0,0,1,1,1,0,0,0,0,0,1,0,0,1,0,1,0,0,1,0,0,1,0,1,1,1,5155.8,0C,1,1,0,1,1,0,1,0,0,85.75,245.81,,,,,,,,,,,,,,,,,,,,,,,,,,,,,,,,,,,,,,,,,,,,,,,,,,,,,,,,,,
1232,,,569,032,,14.00,80.25,1750,15.0,-12.750,0.000,3.64,0.000,11.98,1.00,0.15,-0.76,0.11,1.000,1.02,-1.32,1.114,0.00,0.90,0.000,21.8,0.000,0.694,0.000,900,7.13,4.5,1.90,-3.17,44.3,1,1,0,1,1,1,0,0,0,0,1,1,1,0,0,0,0,0,1,0,0,1,0,1,0,0,1,0,0,1,0,1,1,1,5155.8,0C,1,1,0,1,1,0,1,0,0,74.25,262.69,,,,,,,,,,,,,,,,,,,,,,,,,,,,,,,,,,,,,,,,,,,,,,,,,,,,,,,,,,
1233,,,569,418,,13.80,80.25,1231,11.3,11.250,2.835,3.56,0.000,13.73,0.97,0.15,-0.76,0.11,1.000,1.02,-1.32,1.054,0.00,0.90,0.000,21.8,0.000,0.694,0.000,900,7.17,4.5,2.06,-0.33,44.3,1,1,0,1,1,1,0,0,0,0,1,1,1,0,0,0,0,0,0,0,0,0,0,0,0,0,1,0,1,0,0,0,0,0,4995.3,F8,0,1,0,1,0,1,1,1,1,1,1,,,,,,,,,,,,,,,,,,,,,,,,,,,,,,,,,,,,,,,,,,,,,,,,,,,,,,,,,,
1234,,,569,795,,13.60,80.25,1109,8.8,-3.000,3.277,3.88,0.000,19.73,0.97,0.15,-0.76,0.12,1.000,1.02,-1.32,1.049,0.00,0.90,0.000,21.8,0.000,0.694,0.000,900,7.17,4.5,2.50,-0.61,44.3,1,1,0,1,1,1,0,0,0,0,1,1,1,0,0,0,0,0,1,0,0,1,1,1,0,1,0,0,0,1,0,1,1,1,5155.8,0C,1,1,0,1,1,0,1,0,0,120.94,417.00,,,,,,,,,,,,,,,,,,,,,,,,,,,,,,,,,,,,,,,,,,,,,,,,,,,,,,,,,,
1235,,,570,174,,14.00,80.25,1063,7.5,2.250,3.187,3.93,0.000,19.97,0.97,0.78,-0.76,0.89,0.985,1.02,-1.32,1.047,0.00,0.90,1.565,22.5,0.000,0.694,0.000,900,7.18,4.5,2.28,-0.27,44.3,1,1,0,1,1,1,0,0,0,0,1,1,1,0,0,0,0,0,1,0,0,1,1,1,1,1,0,0,0,1,0,1,1,1,5155.8,0C,1,1,0,1,1,0,1,0,0,123.63,424.50,,,,,,,,,,,,,,,,,,,,,,,,,,,,,,,,,,,,,,,,,,,,,,,,,,,,,,,,,,
1236,,,570,580,,14.00,80.25,1021,6.3,0.750,3.386,4.17,0.000,21.96,0.96,0.98,-0.76,0.94,0.970,1.02,-1.32,1.035,0.00,0.90,1.565,22.5,0.000,0.694,0.000,900,7.18,4.5,2.26,0.93,44.3,1,1,0,1,1,1,0,0,0,0,1,1,0,0,0,0,0,0,1,0,0,1,1,1,1,1,0,0,0,0,0,1,1,1,5155.8,0C,1,1,0,1,1,0,1,0,0,135.88,450.38,,,,,,,,,,,,,,,,,,,,,,,,,,,,,,,,,,,,,,,,,,,,,,,,,,,,,,,,,,
1237,,,570,982,,14.00,80.25,996,6.3,-1.500,3.379,4.13,0.000,22.88,0.97,1.00,-0.76,0.94,0.952,1.02,-1.32,1.027,0.00,0.90,1.524,22.5,0.000,0.694,0.000,900,7.19,4.5,2.26,1.20,44.3,1,1,0,1,1,1,0,0,0,0,1,1,0,0,0,0,0,0,1,0,0,1,1,1,1,1,0,0,0,0,0,0,1,1,5155.8,0C,1,1,0,1,1,0,1,0,0,140.31,461.88,,,,,,,,,,,,,,,,,,,,,,,,,,,,,,,,,,,,,,,,,,,,,,,,,,,,,,,,,,
1238,,,571,374,,14.10,80.25,958,6.3,3.750,3.302,3.93,0.000,23.13,0.98,0.99,-0.76,0.92,0.934,1.02,-1.32,1.025,0.00,0.90,1.524,23.3,0.000,0.694,0.000,900,7.19,4.5,2.21,-0.06,44.3,1,1,0,1,1,1,0,0,0,0,1,0,1,0,0,0,0,0,1,0,0,1,1,1,1,1,0,0,0,0,0,0,1,1,5155.8,0C,1,1,0,1,1,0,1,0,0,141.38,464.38,,,,,,,,,,,,,,,,,,,,,,,,,,,,,,,,,,,,,,,,,,,,,,,,,,,,,,,,,,
1239,,,571,764,,14.00,80.25,938,6.3,2.250,3.258,3.81,0.000,23.09,0.99,0.98,-0.76,0.90,0.918,1.02,-1.32,1.026,0.00,0.90,1.524,23.3,0.000,0.694,0.000,900,7.19,4.5,2.15,-0.01,44.3,1,1,0,1,1,1,0,0,0,0,1,0,1,0,0,0,0,0,1,0,0,1,1,1,1,1,0,0,0,0,0,0,1,1,5155.8,0C,1,1,0,1,1,0,1,0,0,141.56,467.06,,,,,,,,,,,,,,,,,,,,,,,,,,,,,,,,,,,,,,,,,,,,,,,,,,,,,,,,,,
1240,,,572,182,,14.10,80.25,1074,6.3,-1.500,4.582,7.40,11.687,34.78,1.00,0.97,-0.76,0.88,0.894,1.02,-1.32,1.053,0.00,0.90,1.318,23.3,9.522,0.694,0.000,900,7.20,4.5,2.13,0.00,44.3,1,1,0,1,1,1,0,0,0,0,1,0,1,0,0,0,0,0,0,0,1,1,1,1,1,0,0,1,0,1,0,0,1,1,5155.8,0C,1,1,0,1,1,0,1,0,0,219.75,636.50,,,,,,,,,,,,,,,,,,,,,,,,,,,,,,,,,,,,,,,,,,,,,,,,,,,,,,,,,,
1241,,,572,573,,14.10,80.25,1370,6.3,10.500,4.346,7.59,11.531,32.91,1.00,0.93,-0.76,0.81,0.864,1.02,-1.32,1.062,0.00,0.90,1.318,23.3,9.865,0.694,0.000,900,7.20,4.5,2.13,-2.11,44.3,1,1,0,1,1,1,0,0,0,0,1,0,1,0,0,0,0,0,0,0,1,1,1,1,1,0,0,1,0,0,0,0,1,1,5155.8,0C,1,1,0,1,1,0,1,0,0,197.81,559.75,,,,,,,,,,,,,,,,,,,,,,,,,,,,,,,,,,,,,,,,,,,,,,,,,,,,,,,,,,
1242,,,572,983,,14.00,80.25,1323,8.8,15.750,4.115,7.59,11.531,31.80,1.00,0.21,-0.76,0.18,0.891,1.02,-1.32,1.046,0.00,0.90,2.559,23.3,10.559,0.694,0.000,900,7.20,4.5,2.13,-1.61,44.3,1,1,0,1,1,1,0,0,0,0,1,0,1,0,0,0,0,0,0,0,1,1,1,1,1,0,0,1,0,0,0,0,1,1,5155.8,0C,1,1,0,1,1,0,1,0,0,194.81,588.50,,,,,,,,,,,,,,,,,,,,,,,,,,,,,,,,,,,,,,,,,,,,,,,,,,,,,,,,,,
1243,,,573,373,,14.10,80.25,1387,10.0,12.000,5.254,9.11,14.452,36.91,1.00,0.20,-0.76,0.18,0.921,1.02,-1.32,1.080,0.00,0.90,2.559,23.3,11.246,0.694,0.000,900,7.20,4.5,2.13,-2.29,44.3,1,1,0,1,1,1,0,0,0,0,1,0,1,0,0,0,0,0,0,0,1,1,1,1,1,0,0,1,0,0,0,0,1,1,5155.8,0C,1,1,0,1,1,0,1,0,0,221.63,610.81,,,,,,,,,,,,,,,,,,,,,,,,,,,,,,,,,,,,,,,,,,,,,,,,,,,,,,,,,,
1244,,,573,751,,14.10,80.25,1665,11.3,27.000,4.595,10.45,14.452,34.15,1.00,0.84,-0.76,0.75,0.879,1.02,-1.32,1.100,0.00,0.90,2.559,23.3,11.597,0.694,0.000,900,7.14,4.5,2.11,-2.62,44.3,1,1,0,1,1,1,0,0,0,0,1,0,1,0,0,0,0,0,0,0,1,1,1,1,1,0,0,1,0,0,0,0,1,1,5155.8,0C,1,1,0,1,1,0,1,0,0,206.50,598.75,,,,,,,,,,,,,,,,,,,,,,,,,,,,,,,,,,,,,,,,,,,,,,,,,,,,,,,,,,
1245,,,574,154,,14.10,81.00,1862,13.8,27.750,5.210,11.96,14.289,35.11,1.00,0.19,-0.76,0.17,0.929,1.02,-1.32,1.117,0.00,0.90,3.522,23.3,12.284,0.694,0.000,900,7.00,4.5,2.07,-2.57,44.3,1,1,0,1,1,1,0,0,0,0,1,0,1,0,0,0,0,0,0,0,1,1,1,1,1,0,0,1,0,0,0,0,1,1,5155.8,0C,1,1,0,1,1,0,1,0,0,216.38,594.44,,,,,,,,,,,,,,,,,,,,,,,,,,,,,,,,,,,,,,,,,,,,,,,,,,,,,,,,,,
1246,,,574,561,,14.10,81.00,2079,15.0,27.750,5.325,11.43,13.147,36.80,1.00,0.92,-0.76,0.92,0.910,1.02,-1.32,1.138,0.00,0.90,3.522,23.3,12.634,0.694,0.000,900,6.86,4.5,2.03,-2.52,44.3,1,1,0,1,1,1,0,0,0,0,1,0,1,0,0,0,0,0,0,0,1,1,1,1,1,0,0,1,0,0,0,0,1,1,5155.8,0C,1,1,0,1,1,0,1,0,0,221.94,559.50,,,,,,,,,,,,,,,,,,,,,,,,,,,,,,,,,,,,,,,,,,,,,,,,,,,,,,,,,,
1247,,,574,962,,14.10,81.00,2285,16.3,31.500,3.981,10.08,10.390,29.39,1.00,0.99,-0.76,0.94,0.865,1.02,-1.32,1.156,0.00,0.90,4.061,23.3,12.978,0.694,0.000,900,6.73,4.5,1.99,-2.47,44.3,1,1,0,1,1,1,0,0,0,0,1,0,1,0,0,0,0,0,0,0,1,1,1,1,1,0,0,0,0,0,0,0,1,1,5155.8,0C,1,1,0,1,1,0,1,0,0,177.44,462.31,,,,,,,,,,,,,,,,,,,,,,,,,,,,,,,,,,,,,,,,,,,,,,,,,,,,,,,,,,
1248,,,575,341,,14.10,81.00,2433,17.5,33.000,2.586,7.30,2.351,21.12,1.00,0.89,-0.76,0.61,0.824,1.02,-1.32,1.144,0.00,0.90,4.061,22.5,13.664,0.694,0.000,900,6.64,4.5,1.97,-2.44,44.3,1,1,0,1,1,1,0,0,0,0,1,0,1,0,0,0,0,0,0,0,1,1,1,1,1,0,0,0,0,0,0,0,1,1,5155.8,0C,1,1,0,1,1,0,1,0,0,121.81,347.94,,,,,,,,,,,,,,,,,,,,,,,,,,,,,,,,,,,,,,,,,,,,,,,,,,,,,,,,,,
1249,,,575,742,,14.10,81.00,2340,17.5,31.500,1.453,3.81,0.000,10.71,1.00,0.18,-0.76,0.16,0.861,1.02,-1.32,1.136,0.00,0.90,4.061,22.5,14.359,0.694,0.000,900,6.68,4.5,1.98,-4.38,44.3,1,1,0,1,1,1,0,0,0,0,1,0,1,0,0,0,0,0,1,0,1,1,1,1,1,0,0,0,0,1,0,0,1,1,5155.8,0C,1,1,0,1,1,0,1,0,0,62.94,209.25,,,,,,,,,,,,,,,,,,,,,,,,,,,,,,,,,,,,,,,,,,,,,,,,,,,,,,,,,,
1250,,,576,131,,14.10,81.00,2251,16.3,15.750,1.830,4.54,0.000,12.63,1.00,0.19,-0.76,0.16,0.888,1.02,-1.32,1.123,0.00,0.90,1.174,22.5,15.740,0.694,0.000,900,6.78,4.5,1.94,-43.38,113.3,0,1,0,0,0,1,0,1,1,1,1,1,0,1,1,0,0,1,0,0,0,0,0,0,0,0,0,0,1,0,0,0,0,0,9901.0,7A,0,1,0,1,0,1,1,1,1,1,1,,,,,,,,,,,,,,,,,,,,,,,,,,,,,,,,,,,,,,,,,,,,,,,,,,,,,,,,,,
1251,,,576,534,,14.10,81.00,2193,16.3,15.750,1.850,4.49,0.000,12.84,1.00,0.88,-0.76,0.88,0.873,1.02,-1.32,1.121,0.00,0.90,1.174,22.5,17.121,0.694,0.000,900,6.80,4.5,2.01,-4.35,44.3,1,1,0,1,1,1,0,0,0,0,1,0,1,0,0,0,0,0,1,0,1,1,1,1,1,0,0,0,0,1,0,0,1,1,5155.8,0C,1,1,0,1,1,0,1,0,0,79.44,232.00,,,,,,,,,,,,,,,,,,,,,,,,,,,,,,,,,,,,,,,,,,,,,,,,,,,,,,,,,,
1252,,,576,967,,14.10,81.00,2065,15.0,15.000,1.728,4.13,0.647,12.70,1.00,0.94,-0.76,0.86,0.850,1.02,-1.32,1.119,0.00,0.90,1.256,22.5,18.509,0.694,0.000,900,6.87,4.5,2.03,-4.25,44.3,1,1,0,1,1,1,0,0,0,0,1,0,1,0,0,0,0,0,1,0,1,1,1,1,1,0,0,0,0,1,0,0,1,1,5155.8,0C,1,1,0,1,1,0,1,0,0,77.63,229.94,,,,,,,,,,,,,,,,,,,,,,,,,,,,,,,,,,,,,,,,,,,,,,,,,,,,,,,,,,
1253,,,577,384,,14.10,81.00,1934,13.8,27.000,2.656,7.71,5.843,18.84,1.00,0.18,-0.76,0.16,0.879,1.02,-1.32,1.110,0.00,0.90,1.256,22.5,20.577,0.694,0.000,900,6.95,4.5,2.06,-2.55,44.3,1,1,0,1,1,1,0,0,0,0,1,0,1,0,0,0,0,0,0,0,1,1,1,1,1,0,0,0,0,1,0,0,1,1,5155.8,0C,1,1,0,1,1,0,1,0,0,123.56,338.44,,,,,,,,,,,,,,,,,,,,,,,,,,,,,,,,,,,,,,,,,,,,,,,,,,,,,,,,,,
1254,,,577,775,,14.10,81.00,1883,13.8,32.250,2.893,7.76,6.656,21.49,1.00,0.77,-0.76,0.76,0.879,1.02,-1.32,1.111,0.00,0.90,1.256,22.5,21.614,0.694,0.000,900,7.02,4.5,2.08,-2.58,44.3,1,1,0,1,1,1,0,0,0,0,1,0,0,0,0,0,0,0,0,0,1,1,1,1,1,0,0,0,0,0,0,0,1,1,5155.8,0C,1,1,0,1,1,0,1,0,0,136.44,396.31,,,,,,,,,,,,,,,,,,,,,,,,,,,,,,,,,,,,,,,,,,,,,,,,,,,,,,,,,,
1255,,,578,157,,14.10,81.00,2106,15.0,32.250,3.360,8.08,6.163,24.05,1.00,0.67,-0.76,0.60,0.913,1.02,-1.32,1.131,0.00,0.90,2.582,22.5,23.003,0.694,0.000,900,6.84,4.5,1.94,-49.63,113.3,0,1,0,0,0,1,0,1,1,1,1,1,0,1,1,0,0,1,0,0,0,0,0,0,0,0,1,0,0,1,0,0,0,0,388.0,53,0,1,0,1,0,1,1,1,1,1,1,,,,,,,,,,,,,,,,,,,,,,,,,,,,,,,,,,,,,,,,,,,,,,,,,,,,,,,,,,
1256,,,578,574,,14.10,81.00,2127,15.0,33.000,2.931,7.47,5.194,21.94,1.00,0.41,-0.76,0.23,0.890,1.02,-1.32,1.132,0.00,0.90,2.582,22.5,24.033,0.694,0.000,900,6.81,4.5,2.02,-2.50,44.3,1,1,0,1,1,1,0,0,0,0,1,0,0,0,0,0,0,0,0,0,1,1,1,1,1,0,0,0,0,0,0,0,1,1,5155.8,0C,1,1,0,1,1,0,1,0,0,133.06,356.50,,,,,,,,,,,,,,,,,,,,,,,,,,,,,,,,,,,,,,,,,,,,,,,,,,,,,,,,,,
1257,,,578,972,,14.10,81.00,2142,16.3,33.000,2.803,7.47,8.444,21.70,1.00,0.94,-0.76,0.90,0.853,1.02,-1.32,1.130,0.00,0.90,2.511,22.5,25.765,0.694,0.000,900,6.82,4.5,2.02,-2.51,44.3,1,1,0,1,1,1,0,0,0,0,1,0,0,0,0,0,0,0,0,0,1,1,1,1,1,0,0,0,0,0,0,0,1,1,5155.8,0C,1,1,0,1,1,0,1,0,0,132.63,355.69,,,,,,,,,,,,,,,,,,,,,,,,,,,,,,,,,,,,,,,,,,,,,,,,,,,,,,,,,,
1258,,,579,391,,14.10,81.00,2232,16.3,32.250,3.456,9.42,9.413,26.46,1.00,0.92,-0.76,0.84,0.817,1.02,-1.32,1.150,0.00,0.90,2.511,22.5,26.802,0.694,0.000,900,6.77,4.5,2.01,-2.48,44.3,1,1,0,1,1,1,0,0,0,0,1,0,0,0,0,0,0,0,0,0,1,1,1,1,1,0,0,0,0,0,0,0,1,1,5155.8,0C,1,1,0,1,1,0,1,0,0,162.38,424.81,,,,,,,,,,,,,,,,,,,,,,,,,,,,,,,,,,,,,,,,,,,,,,,,,,,,,,,,,,
1259,,,579,782,,14.10,81.00,2347,17.5,32.250,3.354,9.79,9.413,26.20,1.00,0.22,-0.76,0.19,0.824,1.02,-1.32,1.157,0.00,0.90,2.511,22.5,28.183,0.694,0.000,900,6.70,4.5,1.98,-2.46,44.3,1,1,0,1,1,1,0,0,0,0,1,0,0,0,0,0,0,0,0,0,1,1,1,1,1,0,0,0,0,0,0,0,1,1,5155.8,0C,1,1,0,1,1,0,1,0,0,156.94,424.88,,,,,,,,,,,,,,,,,,,,,,,,,,,,,,,,,,,,,,,,,,,,,,,,,,,,,,,,,,
1260,,,580,182,,14.10,81.00,2463,17.5,32.250,3.200,10.28,8.930,24.42,1.00,0.19,-0.76,0.17,0.864,1.02,-1.32,1.160,0.00,0.90,3.227,22.5,29.221,0.694,0.000,900,6.63,4.5,1.96,-2.43,44.3,1,1,0,1,1,1,0,0,0,0,1,0,0,0,0,0,0,0,0,0,1,1,1,1,1,0,0,0,0,0,0,0,1,1,5155.8,0C,1,1,0,1,1,0,1,0,0,148.00,418.25,,,,,,,,,,,,,,,,,,,,,,,,,,,,,,,,,,,,,,,,,,,,,,,,,,,,,,,,,,
1261,,,580,583,,14.10,81.00,2600,18.8,33.000,4.032,13.18,11.687,28.27,1.00,0.19,-0.76,0.16,0.908,1.02,-1.32,1.165,0.00,0.90,3.227,22.5,30.259,0.694,0.000,900,6.54,4.5,1.93,-2.40,44.3,1,1,0,1,1,1,0,0,0,0,1,0,0,0,0,0,0,0,0,0,1,1,1,1,1,0,0,0,0,0,0,0,1,1,5155.8,0C,1,1,0,1,1,0,1,0,0,175.19,498.31,,,,,,,,,,,,,,,,,,,,,,,,,,,,,,,,,,,,,,,,,,,,,,,,,,,,,,,,,,
1262,,,580,983,,14.10,81.00,2709,20.0,33.000,3.539,12.21,8.850,24.94,1.00,0.18,-0.76,0.15,0.954,1.02,-1.32,1.168,0.00,0.90,3.838,22.5,31.296,0.694,0.000,900,6.48,4.5,1.92,-2.38,44.3,1,1,0,1,1,1,0,0,0,0,1,0,0,0,0,0,0,0,0,0,1,1,1,1,1,0,0,0,0,0,0,0,1,1,5155.8,0C,1,1,0,1,1,0,1,0,0,148.81,438.50,,,,,,,,,,,,,,,,,,,,,,,,,,,,,,,,,,,,,,,,,,,,,,,,,,,,,,,,,,
1263,,,581,367,,14.10,81.75,2785,21.3,33.750,3.341,11.96,8.281,22.66,1.00,0.18,-0.76,0.15,0.998,1.02,-1.32,1.168,0.00,0.90,3.838,22.5,32.677,0.694,0.000,900,6.48,4.5,1.92,-2.38,44.3,1,1,0,1,1,1,0,0,0,0,1,0,0,0,0,0,0,0,0,0,1,1,1,1,1,0,0,0,0,0,0,0,1,1,5155.8,0C,1,1,0,1,1,0,1,0,0,138.75,412.63,,,,,,,,,,,,,,,,,,,,,,,,,,,,,,,,,,,,,,,,,,,,,,,,,,,,,,,,,,
1264,,,581,764,,14.10,81.75,2874,21.3,34.500,3.418,11.91,7.953,22.10,1.00,0.19,-0.76,0.15,1.042,1.02,-1.32,1.170,0.00,0.90,3.838,22.5,34.058,0.694,0.000,900,6.48,4.5,1.92,-2.38,44.3,1,1,0,1,1,1,0,0,0,0,1,0,0,0,0,0,0,0,0,0,1,1,1,1,1,0,0,0,0,0,0,0,1,1,5155.8,0C,1,1,0,1,1,0,1,0,0,135.56,403.31,,,,,,,,,,,,,,,,,,,,,,,,,,,,,,,,,,,,,,,,,,,,,,,,,,,,,,,,,,
1265,,,582,155,,14.10,81.75,2975,21.3,34.500,3.648,12.16,7.953,22.41,1.00,0.20,-0.76,0.17,1.087,1.02,-1.32,1.174,0.00,0.90,4.227,21.8,35.439,0.694,0.000,900,6.48,4.5,1.92,-2.38,44.3,1,1,0,1,1,1,0,0,0,0,1,0,0,0,0,0,0,0,0,0,1,1,1,1,1,0,0,0,0,0,0,0,1,1,5155.8,0C,1,1,0,1,1,0,1,0,0,137.38,405.88,,,,,,,,,,,,,,,,,,,,,,,,,,,,,,,,,,,,,,,,,,,,,,,,,,,,,,,,,,
1266,,,582,543,,14.10,81.75,2997,22.5,16.500,1.805,4.25,0.000,11.95,1.00,0.78,-0.76,0.80,1.091,1.02,-1.32,1.166,0.00,0.90,4.227,21.8,36.133,0.694,0.000,900,6.47,4.5,1.92,-4.63,44.3,1,1,0,1,1,1,0,0,0,0,1,0,1,0,0,0,0,0,1,0,1,1,1,1,1,0,0,0,0,1,0,0,1,1,5155.8,0C,1,1,0,1,1,0,1,0,0,64.56,236.81,,,,,,,,,,,,,,,,,,,,,,,,,,,,,,,,,,,,,,,,,,,,,,,,,,,,,,,,,,
1267,,,582,936,,14.10,81.75,2665,22.5,39.000,1.811,6.08,0.000,10.73,1.00,0.18,-0.76,0.15,1.128,1.02,-1.32,1.158,0.00,0.90,1.600,21.8,32.334,0.694,0.000,900,6.51,4.5,1.93,-4.45,44.3,1,1,0,1,1,1,0,0,0,0,1,0,1,0,0,0,0,0,1,0,1,1,1,1,1,0,0,0,0,1,0,0,1,1,5155.8,0C,1,1,0,1,1,0,1,0,0,66.75,233.06,,,,,,,,,,,,,,,,,,,,,,,,,,,,,,,,,,,,,,,,,,,,,,,,,,,,,,,,,,
1268,,,583,313,,14.10,81.75,2448,22.5,38.250,2.259,6.45,11.281,13.05,1.00,0.30,-0.76,0.24,1.157,1.02,-1.32,1.137,0.00,0.90,1.600,21.8,33.715,0.694,0.000,900,6.63,4.5,1.96,-2.44,44.3,1,1,0,1,1,1,0,0,0,0,1,0,1,0,0,0,0,0,0,0,1,1,1,1,1,1,0,0,0,1,0,0,1,1,5155.8,0C,1,1,0,1,1,0,1,0,0,76.38,236.38,,,,,,,,,,,,,,,,,,,,,,,,,,,,,,,,,,,,,,,,,,,,,,,,,,,,,,,,,,
1269,,,583,703,,14.10,81.75,2583,21.3,28.500,5.709,16.11,14.772,36.77,1.00,0.98,-0.76,0.96,1.105,1.02,-1.32,1.176,0.00,0.90,1.600,21.8,92.813,0.694,0.000,900,6.51,4.5,1.93,-2.39,44.3,1,1,0,1,1,1,0,0,0,0,1,0,1,0,0,0,0,0,0,0,1,1,1,1,1,0,0,1,0,0,0,0,1,1,5155.8,0C,1,1,0,1,1,0,1,0,0,223.50,602.13,,,,,,,,,,,,,,,,,,,,,,,,,,,,,,,,,,,,,,,,,,,,,,,,,,,,,,,,,,
1270,,,584,094,,14.10,81.75,2825,22.5,30.000,5.280,15.50,13.718,34.36,1.00,0.20,-0.76,0.17,1.146,1.02,-1.32,1.170,0.00,0.90,7.043,21.8,89.708,0.694,0.000,900,6.47,4.5,1.92,-2.38,44.3,1,1,0,1,1,1,0,0,0,0,1,0,1,0,0,0,0,0,0,0,1,1,1,1,1,1,0,1,0,0,0,0,1,1,5155.8,0C,1,1,0,1,1,0,1,0,0,208.31,568.81,,,,,,,,,,,,,,,,,,,,,,,,,,,,,,,,,,,,,,,,,,,,,,,,,,,,,,,,,,
1271,,,584,483,,14.10,81.75,2605,23.8,29.250,6.355,15.14,14.124,36.54,1.00,0.47,-0.76,0.65,1.199,1.02,-1.32,1.167,0.00,0.90,7.043,21.8,83.482,0.694,0.000,900,6.54,4.5,1.94,-2.40,44.3,1,1,0,1,1,1,0,0,0,0,1,0,1,0,0,0,0,0,0,0,1,1,1,1,1,1,0,1,0,0,0,0,1,1,5155.8,0C,1,1,0,1,1,0,1,0,0,239.94,614.38,,,,,,,,,,,,,,,,,,,,,,,,,,,,,,,,,,,,,,,,,,,,,,,,,,,,,,,,,,
1272,,,584,872,,14.10,81.75,2018,26.3,27.000,5.363,11.30,13.960,35.34,1.00,1.02,-0.76,0.99,1.136,1.02,-1.32,1.117,0.00,0.90,7.043,21.8,62.745,0.694,0.000,900,6.94,4.5,2.05,-2.55,44.3,1,1,0,1,1,1,0,0,0,0,1,0,1,0,0,0,0,0,0,0,1,1,1,1,1,1,0,1,0,0,0,0,1,1,5155.8,0C,1,1,0,1,1,0,1,0,0,220.88,590.63,,,,,,,,,,,,,,,,,,,,,,,,,,,,,,,,,,,,,,,,,,,,,,,,,,,,,,,,,,
1273,,,585,282,,14.10,81.75,2041,27.5,26.250,5.830,12.33,16.397,39.33,1.00,1.01,-0.76,0.96,1.093,1.02,-1.32,1.133,0.00,0.90,4.696,21.8,75.532,0.694,0.000,900,6.87,4.5,2.03,-2.52,44.3,1,1,0,1,1,1,0,0,0,0,1,0,1,0,0,0,0,0,0,0,1,1,1,1,1,1,0,1,0,0,0,0,1,1,5155.8,0C,1,1,0,1,1,0,1,0,0,244.25,604.38,,,,,,,,,,,,,,,,,,,,,,,,,,,,,,,,,,,,,,,,,,,,,,,,,,,,,,,,,,
1274,,,585,674,,14.10,81.75,2138,28.8,27.000,5.542,12.21,16.397,39.70,1.00,1.01,-0.76,0.95,1.048,1.02,-1.32,1.141,0.00,0.90,4.696,21.0,78.645,0.694,0.000,900,6.80,4.5,2.01,-2.50,44.3,1,1,0,1,1,1,0,0,0,0,1,0,1,0,0,0,0,0,0,0,1,1,1,1,1,1,0,1,0,0,0,0,1,1,5155.8,0C,1,1,0,1,1,0,1,0,0,242.25,598.56,,,,,,,,,,,,,,,,,,,,,,,,,,,,,,,,,,,,,,,,,,,,,,,,,,,,,,,,,,
1275,,,586,074,,14.10,81.75,2229,30.0,27.750,5.120,12.33,16.397,38.74,1.00,1.00,-0.76,0.93,1.000,1.02,-1.32,1.150,0.00,0.90,5.416,21.0,81.407,0.694,0.000,900,6.74,4.5,2.00,-2.47,44.3,1,1,0,1,1,1,0,0,0,0,1,0,0,0,0,0,0,0,0,0,1,1,1,1,1,1,0,1,0,0,0,0,1,1,5155.8,0C,1,1,0,1,1,0,1,0,0,235.25,582.56,,,,,,,,,,,,,,,,,,,,,,,,,,,,,,,,,,,,,,,,,,,,,,,,,,,,,,,,,,
1276,,,586,491,,14.10,81.75,2311,31.3,28.500,4.672,12.33,16.156,37.24,1.00,0.97,-0.76,0.85,0.953,1.02,-1.32,1.157,0.00,0.90,5.416,21.0,83.139,0.694,0.000,900,6.69,4.5,1.98,-2.46,44.3,1,1,0,1,1,1,0,0,0,0,1,0,0,0,0,0,0,0,0,0,1,1,1,1,1,1,0,1,0,0,0,0,1,1,5155.8,0C,1,1,0,1,1,0,1,0,0,226.56,566.31,,,,,,,,,,,,,,,,,,,,,,,,,,,,,,,,,,,,,,,,,,,,,,,,,,,,,,,,,,
1277,,,586,882,,14.10,81.75,2398,32.5,29.250,4.864,13.50,16.234,37.90,1.00,0.24,-0.76,0.18,0.968,1.02,-1.32,1.161,0.00,0.90,5.416,21.0,86.938,0.694,-0.750,900,6.63,4.5,1.96,-2.44,44.3,1,1,0,1,1,1,0,0,0,0,1,0,0,0,0,0,0,0,0,0,1,1,1,1,1,1,0,1,0,0,0,0,1,1,5155.8,0C,1,1,0,1,1,0,1,0,0,233.06,588.81,,,,,,,,,,,,,,,,,,,,,,,,,,,,,,,,,,,,,,,,,,,,,,,,,,,,,,,,,,
1278,,,587,271,,14.10,81.75,2473,33.8,30.000,4.915,14.04,16.077,36.47,1.00,0.21,-0.76,0.18,1.017,1.02,-1.32,1.164,0.00,0.90,5.283,21.0,88.670,0.694,-0.750,900,6.59,4.5,1.95,-2.42,44.3,1,1,0,1,1,1,0,0,0,0,1,0,0,0,0,0,0,0,0,0,1,1,1,1,1,1,0,1,0,0,0,0,1,1,5155.8,0C,1,1,0,1,1,0,1,0,0,224.25,585.56,,,,,,,,,,,,,,,,,,,,,,,,,,,,,,,,,,,,,,,,,,,,,,,,,,,,,,,,,,
1279,,,587,666,,14.10,81.75,2569,35.0,30.000,5.178,14.77,15.421,36.26,1.00,0.21,-0.76,0.17,1.068,1.02,-1.32,1.169,0.00,0.90,5.283,21.0,91.089,0.694,-0.750,900,6.53,4.5,1.93,-2.40,44.3,1,1,0,1,1,1,0,0,0,0,1,0,0,0,0,0,0,0,0,0,1,1,1,1,1,1,0,1,0,0,0,0,1,1,5155.8,0C,1,1,0,1,1,0,1,0,0,221.25,595.75,,,,,,,,,,,,,,,,,,,,,,,,,,,,,,,,,,,,,,,,,,,,,,,,,,,,,,,,,,
1280,,,590,128,,14.10,81.75,2960,40.0,36.750,2.566,8.57,0.000,15.26,1.00,0.89,-0.76,0.84,1.184,1.02,-1.32,1.166,0.00,0.90,3.522,20.3,46.845,0.694,0.000,900,6.45,4.5,1.91,-4.59,44.3,1,1,0,1,1,1,0,0,0,0,1,0,0,0,0,0,0,0,1,0,1,1,1,1,1,0,0,0,0,1,0,0,1,1,5155.8,0C,1,1,0,1,1,0,1,0,0,88.69,294.94,,,,,,,,,,,,,,,,,,,,,,,,,,,,,,,,,,,,,,,,,,,,,,,,,,,,,,,,,,
1281,,,592,584,,14.10,82.50,2605,35.0,-14.250,0.000,6.20,0.000,11.84,1.00,0.16,-0.76,0.11,1.000,1.02,-1.32,1.155,0.00,0.90,0.000,21.0,0.000,0.694,0.000,900,6.51,4.5,1.93,-4.42,44.3,1,1,0,1,1,1,0,0,0,0,1,0,0,0,0,0,0,0,1,0,0,1,0,1,0,0,1,0,0,1,0,0,1,1,5155.8,0C,1,1,0,1,1,0,1,0,0,73.94,246.44,,,,,,,,,,,,,,,,,,,,,,,,,,,,,,,,,,,,,,,,,,,,,,,,,,,,,,,,,,
1282,,,592,997,,14.10,82.50,2519,33.8,-12.750,0.000,5.47,0.000,11.46,1.00,0.16,-0.76,0.11,1.000,1.02,-1.32,1.146,0.00,0.90,0.000,21.0,0.000,0.694,0.000,900,6.56,4.5,1.94,-4.41,44.3,1,1,0,1,1,1,0,0,0,0,1,0,0,0,0,0,0,0,1,0,0,1,0,1,0,0,1,0,0,1,0,0,1,1,5155.8,0C,1,1,0,1,1,0,1,0,0,71.69,231.94,,,,,,,,,,,,,,,,,,,,,,,,,,,,,,,,,,,,,,,,,,,,,,,,,,,,,,,,,,
1283,,,593,393,,14.10,82.50,2440,33.8,-13.500,0.000,5.40,0.000,12.19,1.00,0.16,-0.76,0.11,1.000,1.02,-1.32,1.140,0.00,0.90,0.000,21.0,0.000,0.694,0.000,900,6.61,4.5,1.96,-4.39,44.3,1,1,0,1,1,1,0,0,0,0,1,0,0,0,0,0,0,0,1,0,0,1,0,1,0,0,1,0,0,1,0,0,1,1,5155.8,0C,1,1,0,1,1,0,1,0,0,75.44,236.13,,,,,,,,,,,,,,,,,,,,,,,,,,,,,,,,,,,,,,,,,,,,,,,,,,,,,,,,,,
1284,,,593,784,,14.10,82.50,2373,32.5,-14.250,0.000,5.35,0.000,13.01,1.00,0.16,-0.76,0.11,1.000,1.02,-1.32,1.132,0.00,0.90,0.000,21.0,0.000,0.694,0.000,900,6.66,4.5,1.97,-4.38,44.3,1,1,0,1,1,1,0,0,0,0,1,0,0,0,0,0,0,0,1,0,0,1,0,1,0,0,1,0,0,1,0,0,1,1,5155.8,0C,1,1,0,1,1,0,1,0,0,81.25,242.38,,,,,,,,,,,,,,,,,,,,,,,,,,,,,,,,,,,,,,,,,,,,,,,,,,,,,,,,,,
1285,,,594,182,,14.10,82.50,2288,31.3,-14.250,0.000,5.03,0.000,13.36,1.00,0.16,-0.76,0.11,1.000,1.02,-1.32,1.125,0.00,0.90,0.000,21.0,0.000,0.694,0.000,900,6.71,4.5,1.99,-4.36,44.3,1,1,0,1,1,1,0,0,0,0,1,0,0,0,0,0,0,0,1,0,0,1,0,1,0,0,1,0,0,1,0,0,1,1,5155.8,0C,1,1,0,1,1,0,1,0,0,82.00,241.50,,,,,,,,,,,,,,,,,,,,,,,,,,,,,,,,,,,,,,,,,,,,,,,,,,,,,,,,,,
1286,,,594,566,,14.10,82.50,2217,30.0,-14.250,0.000,4.86,0.000,13.50,1.00,0.16,-0.76,0.11,1.000,1.02,-1.32,1.122,0.00,0.90,0.000,21.8,0.000,0.694,0.000,900,6.76,4.5,2.00,-4.34,44.3,1,1,0,1,1,1,0,0,0,0,1,0,0,0,0,0,0,0,1,0,0,1,0,1,0,0,1,0,0,1,0,0,1,1,5155.8,0C,1,1,0,1,1,0,1,0,0,83.00,241.13,,,,,,,,,,,,,,,,,,,,,,,,,,,,,,,,,,,,,,,,,,,,,,,,,,,,,,,,,,
1287,,,594,965,,14.10,82.50,2136,28.8,-14.250,0.000,4.37,0.000,13.41,1.00,0.18,-0.76,0.11,1.000,1.02,-1.32,1.119,0.00,0.90,0.000,21.8,0.000,0.694,0.000,900,6.81,4.5,2.02,-4.33,44.3,1,1,0,1,1,1,0,0,0,0,1,0,0,0,0,0,0,0,1,0,0,1,0,1,0,0,1,0,0,1,0,0,1,1,5155.8,0C,1,1,0,1,1,0,1,0,0,82.44,238.19,,,,,,,,,,,,,,,,,,,,,,,,,,,,,,,,,,,,,,,,,,,,,,,,,,,,,,,,,,
1288,,,595,353,,14.10,82.50,2071,27.5,-14.250,0.000,4.17,0.000,12.98,1.00,0.16,-0.76,0.11,1.000,1.02,-1.32,1.118,0.00,0.90,0.000,21.8,0.000,0.694,0.000,900,6.86,4.5,2.03,-4.24,44.3,1,1,0,1,1,1,0,0,0,0,1,0,0,0,0,0,0,0,1,0,0,1,0,1,0,0,1,0,0,1,0,0,1,1,5155.8,0C,1,1,0,1,1,0,1,0,0,79.63,233.88,,,,,,,,,,,,,,,,,,,,,,,,,,,,,,,,,,,,,,,,,,,,,,,,,,,,,,,,,,
1289,,,595,745,,14.10,82.50,1987,27.5,-14.250,0.000,4.00,0.000,12.42,1.00,0.17,-0.76,0.11,1.000,1.02,-1.32,1.117,0.00,0.90,0.000,21.8,0.000,0.694,0.000,900,6.92,4.5,2.05,-4.02,44.3,1,1,0,1,1,1,0,0,0,0,1,0,0,0,0,0,0,0,1,0,0,1,0,1,0,0,1,0,0,1,0,0,1,1,5155.8,0C,1,1,0,1,1,0,1,0,0,75.75,233.06,,,,,,,,,,,,,,,,,,,,,,,,,,,,,,,,,,,,,,,,,,,,,,,,,,,,,,,,,,
1290,,,596,163,,14.10,82.50,1919,26.3,-12.750,0.000,3.93,0.000,11.65,1.00,0.17,-0.76,0.11,1.000,1.02,-1.32,1.117,0.00,0.90,0.000,21.8,0.000,0.694,0.000,900,6.96,4.5,2.06,-3.85,44.3,1,1,0,1,1,1,0,0,0,0,1,0,0,0,0,0,0,0,1,0,0,1,0,1,0,0,1,0,0,1,0,0,1,1,5155.8,0C,1,1,0,1,1,0,1,0,0,70.13,235.19,,,,,,,,,,,,,,,,,,,,,,,,,,,,,,,,,,,,,,,,,,,,,,,,,,,,,,,,,,
1291,,,598,589,,14.10,82.50,1392,18.8,-15.000,0.000,3.44,3.734,14.84,1.00,0.17,-0.76,0.11,1.000,1.02,-1.32,1.086,0.00,0.90,0.000,23.3,0.000,0.694,0.000,900,7.19,4.5,2.13,-2.03,44.3,1,1,0,1,1,1,0,0,0,0,1,0,0,0,0,0,0,0,0,0,0,1,0,1,0,0,1,0,0,1,0,0,1,1,5155.8,0C,1,1,0,1,1,0,1,0,0,89.44,305.56,,,,,,,,,,,,,,,,,,,,,,,,,,,,,,,,,,,,,,,,,,,,,,,,,,,,,,,,,,
1292,,,601,026,,14.10,82.50,1797,23.8,24.000,6.010,14.28,18.836,41.72,0.99,0.21,-0.76,0.17,0.912,1.02,-1.32,1.110,0.00,0.90,4.403,22.5,13.321,0.694,0.000,900,7.05,4.5,2.09,-2.59,44.3,1,1,0,1,1,1,0,0,0,0,1,0,0,0,0,0,0,0,0,0,1,1,1,1,1,0,0,1,0,0,0,0,1,1,5155.8,0C,1,1,0,1,1,0,1,0,0,257.63,713.13,,,,,,,,,,,,,,,,,,,,,,,,,,,,,,,,,,,,,,,,,,,,,,,,,,,,,,,,,,
1293,,,601,435,,14.10,82.50,1955,26.3,24.000,6.989,14.89,18.999,45.98,1.00,0.24,-0.76,0.21,0.956,1.02,-1.32,1.127,0.00,0.90,4.403,22.5,13.664,0.694,0.000,900,6.92,4.5,2.05,-2.54,44.3,1,1,0,1,1,1,0,0,0,0,1,0,0,0,0,0,0,0,0,0,1,1,1,1,1,0,0,1,0,0,0,0,1,1,5155.8,0C,1,1,0,1,1,0,1,0,0,281.50,705.00,,,,,,,,,,,,,,,,,,,,,,,,,,,,,,,,,,,,,,,,,,,,,,,,,,,,,,,,,,
1294,,,601,853,,14.10,82.50,2049,27.5,24.000,6.598,14.53,18.508,45.77,1.00,0.96,-0.76,0.91,0.906,1.02,-1.32,1.132,0.00,0.90,4.403,21.8,14.015,0.694,0.000,900,6.87,4.5,2.04,-2.52,44.3,1,1,0,1,1,1,0,0,0,0,1,0,0,0,0,0,0,0,0,0,1,1,1,1,1,0,0,1,0,0,0,0,1,1,5155.8,0C,1,1,0,1,1,0,1,0,0,280.06,686.38,,,,,,,,,,,,,,,,,,,,,,,,,,,,,,,,,,,,,,,,,,,,,,,,,,,,,,,,,,
1295,,,602,245,,14.10,82.50,2178,28.8,27.000,5.389,12.57,16.562,39.56,1.00,1.00,-0.76,0.94,0.858,1.02,-1.32,1.146,0.00,0.90,5.784,21.8,13.664,0.694,0.000,900,6.77,4.5,2.01,-2.49,44.3,1,1,0,1,1,1,0,0,0,0,1,0,0,0,0,0,0,0,0,0,1,1,1,1,1,0,0,1,0,0,0,0,1,1,5155.8,0C,1,1,0,1,1,0,1,0,0,240.13,594.38,,,,,,,,,,,,,,,,,,,,,,,,,,,,,,,,,,,,,,,,,,,,,,,,,,,,,,,,,,
1296,,,602,643,,14.10,82.50,2235,30.0,30.000,3.648,8.69,6.976,29.51,1.00,1.00,-0.76,0.92,0.813,1.02,-1.32,1.149,0.00,0.90,5.784,21.8,14.015,0.694,0.000,900,6.74,4.5,2.00,-2.48,44.3,1,1,0,1,1,1,0,0,0,0,1,0,0,0,0,0,0,0,0,0,1,1,1,1,1,0,0,1,0,0,0,0,1,1,5155.8,0C,1,1,0,1,1,0,1,0,0,180.19,464.38,,,,,,,,,,,,,,,,,,,,,,,,,,,,,,,,,,,,,,,,,,,,,,,,,,,,,,,,,,
1297,,,603,034,,14.10,81.75,2274,31.3,21.000,2.445,7.15,0.000,20.63,1.00,0.87,-0.76,0.25,0.776,1.02,-1.32,1.127,0.00,0.90,2.438,21.0,14.702,0.694,0.000,900,6.71,4.5,1.99,-4.36,44.3,1,1,0,1,1,1,0,0,0,0,1,0,0,0,0,0,0,0,1,0,1,1,1,1,1,0,0,0,0,1,0,0,1,1,5155.8,0C,1,1,0,1,1,0,1,0,0,124.69,340.19,,,,,,,,,,,,,,,,,,,,,,,,,,,,,,,,,,,,,,,,,,,,,,,,,,,,,,,,,,
1298,,,603,443,,14.10,81.75,2254,30.0,22.500,2.349,6.45,0.967,18.33,1.00,0.23,-0.76,0.20,0.819,1.02,-1.32,1.123,0.00,0.90,2.438,21.0,15.396,0.694,0.000,900,6.73,4.5,1.99,-4.35,44.3,1,1,0,1,1,1,0,0,0,0,1,0,0,0,0,0,0,0,1,0,1,1,1,1,1,0,0,0,0,1,0,0,1,1,5155.8,0C,1,1,0,1,1,0,1,0,0,111.13,309.81,,,,,,,,,,,,,,,,,,,,,,,,,,,,,,,,,,,,,,,,,,,,,,,,,,,,,,,,,,
1299,,,603,825,,14.10,81.75,2243,30.0,32.250,3.590,10.21,10.390,25.62,1.00,0.80,-0.76,0.77,0.820,1.02,-1.32,1.150,0.00,0.90,2.438,21.0,16.091,0.694,0.000,900,6.73,4.5,1.99,-2.47,44.3,1,1,0,1,1,1,0,0,0,0,1,0,0,0,0,0,0,0,0,0,1,1,1,1,1,0,0,0,0,0,0,0,1,1,5155.8,0C,1,1,0,1,1,0,1,0,0,157.19,412.94,,,,,,,,,,,,,,,,,,,,,,,,,,,,,,,,,,,,,,,,,,,,,,,,,,,,,,,,,,
1300,,,604,223,,14.10,81.75,2263,31.3,21.750,3.258,8.13,0.000,25.71,1.00,0.96,-0.76,0.89,0.780,1.02,-1.32,1.151,0.00,0.90,3.247,21.0,16.777,0.694,0.000,900,6.72,4.5,1.99,-4.35,44.3,1,1,0,1,1,1,0,0,0,0,1,0,0,0,0,0,0,0,1,0,1,1,1,1,1,0,0,0,0,1,0,0,1,1,5155.8,0C,1,1,0,1,1,0,1,0,0,161.94,423.06,,,,,,,,,,,,,,,,,,,,,,,,,,,,,,,,,,,,,,,,,,,,,,,,,,,,,,,,,,
1301,,,604,615,,14.10,81.75,2258,30.0,19.500,2.554,7.23,0.000,21.12,1.00,0.87,-0.76,0.36,0.754,1.02,-1.32,1.130,0.00,0.90,3.247,21.0,17.121,0.694,0.000,900,6.72,4.5,1.99,-4.35,44.3,1,1,0,1,1,1,0,0,0,0,1,0,0,0,0,0,0,0,1,0,1,1,1,1,1,0,0,0,0,1,0,0,1,1,5155.8,0C,1,1,0,1,1,0,1,0,0,125.19,340.25,,,,,,,,,,,,,,,,,,,,,,,,,,,,,,,,,,,,,,,,,,,,,,,,,,,,,,,,,,
1302,,,605,015,,14.10,81.75,2238,30.0,21.000,2.285,6.13,0.000,18.02,1.00,0.23,-0.76,0.20,0.809,1.02,-1.32,1.121,0.00,0.90,2.163,21.0,18.509,0.694,0.000,900,6.74,4.5,1.99,-4.35,44.3,1,1,0,1,1,1,0,0,0,0,1,0,0,0,0,0,0,0,1,0,1,1,1,1,1,0,0,0,0,1,0,0,1,1,5155.8,0C,1,1,0,1,1,0,1,0,0,110.38,307.25,,,,,,,,,,,,,,,,,,,,,,,,,,,,,,,,,,,,,,,,,,,,,,,,,,,,,,,,,,
1303,,,605,447,,14.10,81.75,2216,30.0,35.250,2.048,5.15,0.000,15.68,1.00,0.49,-0.76,0.47,0.830,1.02,-1.32,1.120,0.00,0.90,2.163,21.0,19.196,0.694,0.000,900,6.74,4.5,2.00,-4.34,44.3,1,1,0,1,1,1,0,0,0,0,1,0,0,0,0,0,0,0,1,0,1,1,1,1,1,0,0,0,0,1,0,0,1,1,5155.8,0C,1,1,0,1,1,0,1,0,0,94.25,267.50,,,,,,,,,,,,,,,,,,,,,,,,,,,,,,,,,,,,,,,,,,,,,,,,,,,,,,,,,,
1304,,,605,843,,14.10,81.75,2164,28.8,20.250,1.862,4.79,0.000,14.65,1.00,0.86,-0.76,0.41,0.774,1.02,-1.32,1.119,0.00,0.90,2.163,21.0,21.271,0.694,0.000,900,6.78,4.5,2.01,-4.33,44.3,1,1,0,1,1,1,0,0,0,0,1,0,0,0,0,0,0,0,1,0,1,1,1,1,1,0,0,0,0,1,0,0,1,1,5155.8,0C,1,1,0,1,1,0,1,0,0,89.38,254.13,,,,,,,,,,,,,,,,,,,,,,,,,,,,,,,,,,,,,,,,,,,,,,,,,,,,,,,,,,
1305,,,606,234,,14.10,81.75,2116,28.8,15.750,1.709,4.00,0.000,13.20,1.00,0.21,-0.76,0.17,0.802,1.02,-1.32,1.119,0.00,0.90,1.623,21.0,23.003,0.694,0.000,900,6.81,4.5,2.02,-4.32,44.3,1,1,0,1,1,1,0,0,0,0,1,0,0,0,0,0,0,0,1,0,1,1,1,1,1,0,0,0,0,1,0,0,1,1,5155.8,0C,1,1,0,1,1,0,1,0,0,80.31,233.19,,,,,,,,,,,,,,,,,,,,,,,,,,,,,,,,,,,,,,,,,,,,,,,,,,,,,,,,,,
1306,,,606,633,,14.10,81.75,2049,27.5,7.500,1.587,3.88,0.000,12.54,1.00,0.20,-0.76,0.15,0.824,1.02,-1.32,1.119,0.00,0.90,1.623,21.0,25.765,0.694,0.000,900,6.86,4.5,2.03,-4.18,44.3,1,1,0,1,1,1,0,0,0,0,1,0,0,0,0,0,0,0,1,0,1,1,1,1,1,0,0,0,0,1,0,0,1,1,5155.8,0C,1,1,0,1,1,0,1,0,0,77.31,229.56,,,,,,,,,,,,,,,,,,,,,,,,,,,,,,,,,,,,,,,,,,,,,,,,,,,,,,,,,,
1307,,,607,023,,14.10,81.75,1964,26.3,1.500,1.530,3.64,0.000,11.91,1.00,0.19,-0.76,0.15,0.846,1.02,-1.32,1.118,0.00,0.90,1.256,21.8,25.422,0.694,0.000,900,6.92,4.5,2.05,-3.96,44.3,1,1,0,1,1,1,0,0,0,0,1,0,0,0,0,0,0,0,1,0,1,1,1,1,1,0,0,0,0,1,0,0,1,1,5155.8,0C,1,1,0,1,1,0,1,0,0,73.13,227.94,,,,,,,,,,,,,,,,,,,,,,,,,,,,,,,,,,,,,,,,,,,,,,,,,,,,,,,,,,
1308,,,607,405,,13.90,81.75,1884,25.0,-7.500,1.453,3.64,0.000,11.06,1.00,0.19,-0.76,0.14,0.865,1.02,-1.32,1.116,0.00,0.90,1.256,21.8,24.033,0.694,0.000,900,6.98,4.5,2.07,-3.75,44.3,1,1,0,1,1,1,0,0,0,0,1,1,0,0,0,0,0,0,1,0,1,1,1,1,1,0,0,0,0,1,0,1,1,1,5155.8,0C,1,1,0,1,1,0,1,0,0,66.44,234.69,,,,,,,,,,,,,,,,,,,,,,,,,,,,,,,,,,,,,,,,,,,,,,,,,,,,,,,,,,
1309,,,607,783,,14.00,81.75,1785,23.8,-11.250,1.760,3.69,0.000,10.20,1.00,0.19,-0.76,0.15,1.000,1.02,-1.32,1.115,0.00,0.90,1.256,21.8,0.000,0.694,0.000,900,7.05,4.5,2.09,-3.46,44.3,1,1,0,1,1,1,0,0,0,0,1,1,0,0,0,0,0,0,1,0,0,1,0,1,0,0,1,0,0,1,0,1,1,1,5155.8,0C,1,1,0,1,1,0,1,0,0,66.50,246.88,,,,,,,,,,,,,,,,,,,,,,,,,,,,,,,,,,,,,,,,,,,,,,,,,,,,,,,,,,
1310,,,608,163,,14.00,81.75,1595,21.3,-14.250,0.000,3.76,0.000,12.84,1.00,0.17,-0.76,0.13,1.000,1.02,-1.32,1.108,0.00,0.90,0.000,21.8,0.000,0.694,0.000,900,7.17,4.5,2.12,-2.82,44.3,1,1,0,1,1,1,0,0,0,0,1,1,1,0,0,0,0,0,1,0,0,1,0,1,0,0,1,0,0,1,0,1,1,1,5155.8,0C,1,1,0,1,1,0,1,0,0,83.19,280.19,,,,,,,,,,,,,,,,,,,,,,,,,,,,,,,,,,,,,,,,,,,,,,,,,,,,,,,,,,
1311,,,608,545,,13.30,81.75,1177,20.0,17.250,3.002,4.61,0.000,15.77,0.97,0.16,-0.76,0.12,1.000,1.02,-1.32,1.057,0.00,0.90,0.000,21.8,0.000,0.694,0.000,900,7.17,4.5,2.40,-0.38,44.3,1,1,0,1,1,1,0,0,0,0,1,1,1,0,0,0,0,0,1,0,0,1,0,1,0,1,0,0,0,1,0,1,1,1,5155.8,0C,1,1,0,1,1,0,1,0,0,99.44,366.25,,,,,,,,,,,,,,,,,,,,,,,,,,,,,,,,,,,,,,,,,,,,,,,,,,,,,,,,,,
1312,,,608,924,,13.50,81.75,1147,17.5,-0.750,3.283,4.49,0.000,19.97,0.98,0.20,-0.76,0.22,1.008,1.02,-1.32,1.049,0.00,0.90,1.623,22.5,0.000,0.694,0.000,900,7.18,4.5,2.15,-0.67,44.3,1,1,0,1,1,1,0,0,0,0,1,1,1,0,0,0,0,0,1,0,0,1,1,1,0,1,0,0,0,1,0,1,1,1,5155.8,0C,1,1,0,1,1,0,1,0,0,122.63,420.56,,,,,,,,,,,,,,,,,,,,,,,,,,,,,,,,,,,,,,,,,,,,,,,,,,,,,,,,,,
1313,,,609,329,,14.00,81.75,1047,16.3,-1.500,3.488,4.37,0.000,21.89,0.96,0.96,-0.76,0.91,0.973,1.02,-1.32,1.035,0.00,0.90,1.623,22.5,0.000,0.694,0.000,900,7.18,4.5,1.75,-0.24,44.3,1,1,0,1,1,1,0,0,0,0,1,1,1,0,0,0,0,0,1,0,0,1,1,1,1,1,0,0,0,0,0,1,1,1,5155.8,0C,1,1,0,1,1,0,1,0,0,136.13,450.81,,,,,,,,,,,,,,,,,,,,,,,,,,,,,,,,,,,,,,,,,,,,,,,,,,,,,,,,,,
1314,,,609,737,,14.10,81.75,987,15.0,-2.250,3.392,1021.70,77.852,1118.86,1.45,0.11,-1.31,0.65,0.007,0.03,-1.29,0.000,0.01,0.45,0.194,-41.3,19.532,0.703,3.000,2550,-24.62,1766.7,3.10,-24.63,113.3,0,1,0,0,0,1,0,1,1,1,1,1,0,1,1,0,0,1,0,0,0,0,0,0,0,0,0,0,0,1,0,0,0,0,8410.0,CD,0,1,0,1,0,1,1,1,1,1,1,,,,,,,,,,,,,,,,,,,,,,,,,,,,,,,,,,,,,,,,,,,,,,,,,,,,,,,,,,
1315,,,610,153,,14.10,81.75,1099,15.0,-11.250,17.402,49.27,100.000,81.70,0.87,0.99,-0.76,0.87,1.000,1.02,-1.32,1.091,0.00,0.90,1.475,22.5,66.201,0.694,0.000,900,7.19,4.5,1.54,0.00,44.3,1,1,0,1,1,1,0,0,0,0,1,0,0,0,0,0,0,0,0,0,1,1,1,1,0,0,0,1,0,1,0,0,1,1,5155.8,0C,1,1,0,1,1,0,1,0,0,498.75,1012.38,,,,,,,,,,,,,,,,,,,,,,,,,,,,,,,,,,,,,,,,,,,,,,,,,,,,,,,,,,
1316,,,610,548,,14.10,81.75,3044,15.0,7.500,6.323,16.16,0.000,41.25,1.00,1.02,-0.76,0.96,0.972,1.02,-1.32,1.148,0.00,0.90,0.194,-42.0,30.469,0.703,-43.500,0,0.38,1766.7,0.97,-41.82,113.3,0,1,0,0,0,1,0,1,1,1,1,1,0,1,1,0,0,1,0,0,0,0,0,0,0,0,0,1,1,1,0,0,0,0,10033.0,0B,0,1,0,1,0,1,1,1,1,1,1,,,,,,,,,,,,,,,,,,,,,,,,,,,,,,,,,,,,,,,,,,,,,,,,,,,,,,,,,,
1317,,,610,958,,14.10,81.75,3209,15.0,31.500,1.766,6.62,0.000,11.72,1.00,1.02,-0.76,0.94,0.926,1.02,-1.32,1.166,0.00,0.90,1.957,22.5,8.995,0.694,0.000,900,6.49,4.5,1.39,-4.77,44.3,1,1,0,1,1,1,0,0,0,0,1,0,1,0,0,0,0,0,1,0,1,1,1,1,1,0,0,0,0,1,0,0,1,1,5155.8,0C,1,1,0,1,1,0,1,0,0,70.00,230.94,,,,,,,,,,,,,,,,,,,,,,,,,,,,,,,,,,,,,,,,,,,,,,,,,,,,,,,,,,
1318,,,611,345,,14.10,81.75,2853,15.0,-10.500,0.000,6.69,0.000,10.08,1.00,0.18,-0.76,0.14,1.000,1.02,-1.32,1.166,0.00,0.90,1.957,22.5,0.000,0.694,0.000,900,6.48,4.5,1.38,-4.53,44.3,1,1,0,1,1,1,0,0,0,0,1,0,1,0,0,0,0,0,1,0,0,1,0,1,0,0,1,0,0,1,0,0,1,1,5155.8,0C,1,1,0,1,1,0,1,0,0,63.69,238.13,,,,,,,,,,,,,,,,,,,,,,,,,,,,,,,,,,,,,,,,,,,,,,,,,,,,,,,,,,
1319,,,611,734,,14.10,81.75,2180,13.8,3.750,2.624,4.54,0.000,14.32,1.00,0.15,-0.76,0.11,1.000,1.02,-1.32,1.112,0.00,0.90,1.957,22.5,8.995,0.694,0.000,900,6.84,4.5,1.46,-4.34,44.3,1,1,0,1,1,1,0,0,0,0,1,0,1,0,0,0,0,0,1,0,1,1,0,1,0,0,0,0,0,1,0,0,1,1,5155.8,0C,1,1,0,1,1,0,1,0,0,86.31,249.06,,,,,,,,,,,,,,,,,,,,,,,,,,,,,,,,,,,,,,,,,,,,,,,,,,,,,,,,,,
1320,,,612,113,,14.10,81.75,1871,13.8,36.750,1.805,953.13,70.039,1088.93,1.45,0.11,-1.42,1.16,0.007,0.03,-0.37,0.184,0.01,0.45,0.194,-42.0,95.314,0.703,-17.250,2510,46.47,1766.7,4.09,-43.38,113.3,0,1,0,0,0,1,0,1,1,1,1,1,0,1,1,0,0,1,0,0,0,0,0,0,0,0,0,0,1,0,0,0,0,0,2733.0,AD,0,1,0,1,0,1,1,1,1,1,1,,,,,,,,,,,,,,,,,,,,,,,,,,,,,,,,,,,,,,,,,,,,,,,,,,,,,,,,,,
1321,,,612,519,,14.10,81.75,1846,13.8,37.500,1.638,4.13,0.000,10.20,1.00,0.92,-0.76,0.83,0.967,1.02,-1.32,1.116,0.00,0.90,1.643,22.5,9.522,0.694,0.000,900,7.02,4.5,1.50,-3.63,44.3,1,1,0,1,1,1,0,0,0,0,1,0,1,0,0,0,0,0,1,0,1,1,1,1,1,0,0,0,0,1,0,0,1,1,5155.8,0C,1,1,0,1,1,0,1,0,0,63.44,240.06,,,,,,,,,,,,,,,,,,,,,,,,,,,,,,,,,,,,,,,,,,,,,,,,,,,,,,,,,,
1322,,,612,912,,14.00,81.75,1646,11.3,-14.250,0.000,4.00,1.781,12.98,1.00,0.16,-0.76,0.13,1.000,1.02,-1.32,1.108,0.00,0.90,0.000,22.5,0.000,0.694,-9.000,2520,-72.28,1766.7,4.03,-42.60,113.3,0,1,0,0,0,1,0,1,1,1,1,1,0,1,1,0,0,1,0,0,0,0,0,0,0,0,1,0,1,0,0,0,0,0,216.2,62,0,1,0,1,0,1,1,1,1,1,1,,,,,,,,,,,,,,,,,,,,,,,,,,,,,,,,,,,,,,,,,,,,,,,,,,,,,,,,,,
1323,,,613,293,,14.00,81.75,1574,11.3,34.500,4.269,9.42,5.515,22.24,0.97,0.16,-0.76,0.12,1.000,1.02,-1.32,1.089,0.00,0.90,0.000,22.5,8.995,0.694,0.000,900,7.18,4.5,1.53,-2.64,44.3,1,1,0,1,1,1,0,0,0,0,1,0,1,0,0,0,0,0,0,0,1,1,0,1,0,0,0,0,0,1,0,0,1,1,5155.8,0C,1,1,0,1,1,0,1,0,0,140.00,416.00,,,,,,,,,,,,,,,,,,,,,,,,,,,,,,,,,,,,,,,,,,,,,,,,,,,,,,,,,,
1324,,,613,696,,14.10,81.75,1512,11.3,8.250,3.994,6.74,5.359,25.48,0.98,0.95,-0.76,0.95,0.979,1.02,-1.32,1.081,0.00,0.90,0.000,22.5,9.178,0.694,0.000,900,7.18,4.5,1.53,-2.56,44.3,1,1,0,1,1,1,0,0,0,0,1,0,1,0,0,0,0,0,0,0,1,1,1,1,0,0,0,0,0,1,0,0,1,1,5155.8,0C,1,1,0,1,1,0,1,0,0,151.06,438.75,,,,,,,,,,,,,,,,,,,,,,,,,,,,,,,,,,,,,,,,,,,,,,,,,,,,,,,,,,
1325,,,614,072,,14.10,81.75,1577,11.3,12.000,3.648,90.36,77.852,1130.84,1.45,0.11,-1.38,0.93,0.007,0.06,-9.90,0.182,0.01,0.45,0.194,-41.3,19.141,0.703,-7.500,2520,-74.62,1766.7,4.28,-49.63,113.3,0,1,0,0,0,1,0,1,1,1,1,1,0,1,1,0,0,1,0,0,0,0,0,0,0,0,1,0,0,1,0,0,0,0,1071.0,A9,0,1,0,1,0,1,1,1,1,1,1,,,,,,,,,,,,,,,,,,,,,,,,,,,,,,,,,,,,,,,,,,,,,,,,,,,,,,,,,,
1326,,,614,448,,14.10,81.75,1634,11.3,16.500,3.411,6.74,5.359,22.90,0.97,1.00,-0.76,0.93,0.928,0.06,-9.90,0.000,0.01,0.45,0.194,-41.3,17.188,0.703,-8.250,2520,-73.06,1766.7,1.54,-49.63,113.3,0,1,0,0,0,1,0,1,1,1,1,1,0,1,1,0,0,1,1,1,1,1,1,1,1,1,1,1,1,1,1,1,1,1,1,,,,,,,,,,,,,,,,,,,,,,,,,,,,,,,,,,,,,,,,,,,,,,,,,,,,,,,,,,,,,,,,,,,,,,
1327,,,614,833,,14.10,81.75,1680,12.5,19.500,3.187,7.06,5.359,22.08,0.98,0.99,-0.76,0.92,0.901,1.02,-1.32,1.096,0.00,0.90,2.543,22.5,0.000,0.694,0.000,900,7.12,4.5,1.52,-2.62,44.3,1,1,0,1,1,1,0,0,0,0,1,0,0,0,0,0,0,0,0,0,0,1,1,1,1,1,0,0,0,0,0,0,1,1,5155.8,0C,1,1,0,1,1,0,1,0,0,137.00,410.50,,,,,,,,,,,,,,,,,,,,,,,,,,,,,,,,,,,,,,,,,,,,,,,,,,,,,,,,,,
1328,,,615,247,,14.10,81.75,1719,12.5,19.500,3.078,7.23,5.359,21.87,1.45,0.11,-1.41,0.05,0.007,0.06,3.62,0.000,0.01,0.45,0.194,-41.3,7.422,0.703,-12.000,2520,-66.03,1766.7,1.54,-49.63,113.3,0,1,0,0,0,1,0,1,1,1,1,1,0,1,1,0,0,1,0,0,0,0,0,0,0,0,0,0,0,1,0,0,0,0,4185.5,83,0,1,0,1,0,1,1,1,1,1,1,,,,,,,,,,,,,,,,,,,,,,,,,,,,,,,,,,,,,,,,,,,,,,,,,,,,,,,,,,
1329,,,615,641,,14.10,81.75,1748,12.5,18.000,3.123,215.58,16.913,236.67,0.64,0.47,0.00,0.00,0.347,0.00,9.22,0.094,0.01,0.00,131.537,81.8,48.153,0.047,-6.000,1920,94.41,313.0,-78.91,6.49,-29.3,0,1,1,1,0,1,0,1,0,1,0,1,0,1,0,1,0,1,1,1,1,1,1,1,1,1,1,1,1,1,1,1,1,1,1,,,,,,,,,,,,,,,,,,,,,,,,,,,,,,,,,,,,,,,,,,,,,,,,,,,,,,,,,,,,,,,,,,,,,,
1330,,,616,033,,14.10,81.75,1777,12.5,18.000,3.258,7.52,5.359,22.36,1.00,0.21,-0.76,0.19,0.926,1.02,-1.32,1.110,0.00,0.90,2.277,22.5,0.000,0.694,0.000,900,7.06,4.5,1.50,-2.59,44.3,1,1,0,1,1,1,0,0,0,0,1,0,0,0,0,0,0,0,0,0,0,1,1,1,1,1,0,0,0,0,0,0,1,1,5155.8,0C,1,1,0,1,1,0,1,0,0,137.38,412.00,,,,,,,,,,,,,,,,,,,,,,,,,,,,,,,,,,,,,,,,,,,,,,,,,,,,,,,,,,
1331,,,616,426,,14.10,81.75,1827,13.8,32.250,3.130,7.30,5.359,20.86,1.00,0.25,-0.76,0.22,0.953,1.02,-1.32,1.112,0.00,0.90,2.277,22.5,0.000,0.694,0.000,900,7.03,4.5,1.50,-2.58,44.3,1,1,0,1,1,1,0,0,0,0,1,0,0,0,0,0,0,0,0,0,0,1,1,1,1,1,0,0,0,0,0,0,1,1,5155.8,0C,1,1,0,1,1,0,1,0,0,131.13,391.19,,,,,,,,,,,,,,,,,,,,,,,,,,,,,,,,,,,,,,,,,,,,,,,,,,,,,,,,,,
1332,,,616,804,,14.10,81.75,1911,13.8,32.250,3.149,7.35,3.812,21.07,1.00,0.91,-0.76,0.90,0.939,1.02,-1.32,1.117,0.00,0.90,2.277,22.5,0.000,0.694,0.000,900,6.97,4.5,1.49,-2.56,44.3,1,1,0,1,1,1,0,0,0,0,1,0,0,0,0,0,0,0,0,0,0,1,1,1,1,1,0,0,0,0,0,0,1,1,5155.8,0C,1,1,0,1,1,0,1,0,0,129.25,371.56,,,,,,,,,,,,,,,,,,,,,,,,,,,,,,,,,,,,,,,,,,,,,,,,,,,,,,,,,,
1333,,,617,192,,14.10,81.75,1992,15.0,21.000,2.989,6.86,1.132,20.55,1.00,0.96,-0.76,0.91,0.918,1.02,-1.32,1.119,0.00,0.90,2.582,22.5,0.000,0.694,0.000,900,6.91,4.5,1.47,-2.54,44.3,1,1,0,1,1,1,0,0,0,0,1,0,0,0,0,0,0,0,0,0,0,1,1,1,1,0,0,0,0,1,0,0,1,1,5155.8,0C,1,1,0,1,1,0,1,0,0,121.81,340.06,,,,,,,,,,,,,,,,,,,,,,,,,,,,,,,,,,,,,,,,,,,,,,,,,,,,,,,,,,
1334,,,617,584,,14.10,81.75,2021,15.0,24.000,2.554,5.76,0.484,17.91,1.00,0.98,-0.76,0.92,0.891,1.02,-1.32,1.109,0.00,0.90,2.582,22.5,0.000,0.694,0.000,900,6.89,4.5,1.47,-4.15,44.3,1,1,0,1,1,1,0,0,0,0,1,0,0,0,0,0,0,0,1,0,0,1,1,1,1,0,0,0,0,1,0,0,1,1,5155.8,0C,1,1,0,1,1,0,1,0,0,104.19,293.50,,,,,,,,,,,,,,,,,,,,,,,,,,,,,,,,,,,,,,,,,,,,,,,,,,,,,,,,,,
1335,,,617,968,,14.10,81.75,2010,15.0,35.250,2.221,5.27,0.484,15.75,1.00,0.99,-0.76,0.92,0.863,1.02,-1.32,1.103,0.00,0.90,1.761,22.5,0.000,0.694,0.000,900,6.90,4.5,1.47,-4.11,44.3,1,1,0,1,1,1,0,0,0,0,1,0,0,0,0,0,0,0,0,0,0,0,0,0,0,0,1,0,1,0,0,0,0,0,10498.7,F4,0,1,0,1,0,1,1,1,1,1,1,,,,,,,,,,,,,,,,,,,,,,,,,,,,,,,,,,,,,,,,,,,,,,,,,,,,,,,,,,
1336,,,618,393,,14.10,81.75,1994,15.0,35.250,2.022,4.79,0.484,14.51,1.00,0.99,-0.76,0.93,0.839,1.02,-1.32,1.107,0.00,0.90,1.761,22.5,0.000,0.694,0.000,900,6.92,4.5,1.47,-4.05,44.3,1,1,0,1,1,1,0,0,0,0,1,0,0,0,0,0,0,0,1,0,0,1,1,1,1,0,0,0,0,1,0,0,1,1,5155.8,0C,1,1,0,1,1,0,1,0,0,86.94,256.81,,,,,,,,,,,,,,,,,,,,,,,,,,,,,,,,,,,,,,,,,,,,,,,,,,,,,,,,,,
1337,,,618,873,,14.10,81.75,1911,13.8,36.750,1.702,4.13,2.109,11.81,1.00,0.44,-0.76,0.18,0.814,1.02,-1.32,1.117,0.00,0.90,1.761,22.5,0.000,0.694,0.000,900,6.96,4.5,1.49,-2.56,44.3,1,1,0,1,1,1,0,0,0,0,1,0,0,0,0,0,0,0,0,0,0,1,1,1,1,1,0,0,0,1,0,0,1,1,5155.8,0C,1,1,0,1,1,0,1,0,0,73.06,235.63,,,,,,,,,,,,,,,,,,,,,,,,,,,,,,,,,,,,,,,,,,,,,,,,,,,,,,,,,,
1338,,,619,253,,14.10,81.75,1780,13.8,24.750,1.939,5.27,3.000,12.82,1.00,0.18,-0.76,0.16,0.858,1.02,-1.32,1.111,0.00,0.90,1.174,22.5,0.000,0.694,0.000,900,7.07,4.5,1.51,-2.60,44.3,1,1,0,1,1,1,0,0,0,0,1,0,0,0,0,0,0,0,0,0,0,1,1,1,1,1,0,0,0,1,0,0,1,1,5155.8,0C,1,1,0,1,1,0,1,0,0,81.38,283.81,,,,,,,,,,,,,,,,,,,,,,,,,,,,,,,,,,,,,,,,,,,,,,,,,,,,,,,,,,
1339,,,619,665,,14.10,81.75,1769,12.5,33.000,2.778,7.06,3.241,18.80,1.00,0.18,-0.76,0.16,0.881,1.02,-1.32,1.099,0.00,0.90,1.174,22.5,0.000,0.694,0.000,900,7.06,4.5,1.51,-2.59,44.3,1,1,0,1,1,1,0,0,0,0,1,0,0,0,0,0,0,0,0,0,0,1,1,1,1,1,0,0,0,0,0,0,1,1,5155.8,0C,1,1,0,1,1,0,1,0,0,116.38,366.13,,,,,,,,,,,,,,,,,,,,,,,,,,,,,,,,,,,,,,,,,,,,,,,,,,,,,,,,,,
1340,,,620,065,,14.10,81.75,1703,12.5,31.500,2.893,5.93,3.078,20.23,1.00,0.20,-0.76,0.18,0.905,1.02,-1.32,1.100,0.00,0.90,2.070,22.5,0.000,0.694,0.000,900,7.11,4.5,1.52,-2.61,44.3,1,1,0,1,1,1,0,0,0,0,1,0,0,0,0,0,0,0,0,0,0,1,1,1,1,1,0,0,0,0,0,0,1,1,5155.8,0C,1,1,0,1,1,0,1,0,0,118.69,371.31,,,,,,,,,,,,,,,,,,,,,,,,,,,,,,,,,,,,,,,,,,,,,,,,,,,,,,,,,,
1341,,,622,475,,14.10,81.75,1970,13.8,34.500,2.182,5.27,1.054,15.23,1.00,0.95,-0.76,0.88,0.893,1.02,-1.32,1.101,0.00,0.90,0.194,-42.0,87.892,0.703,-20.250,2520,-51.97,1766.7,1.15,-43.38,113.3,0,1,0,0,0,1,0,1,1,1,1,1,0,1,1,0,0,1,1,1,1,1,1,1,1,1,1,1,1,1,1,1,1,1,1,,,,,,,,,,,,,,,,,,,,,,,,,,,,,,,,,,,,,,,,,,,,,,,,,,,,,,,,,,,,,,,,,,,,,,
1342,,,622,887,,14.10,81.75,1857,13.8,14.250,1.978,5.03,1.295,13.57,1.00,0.27,-0.76,0.18,0.874,1.02,-1.32,1.108,0.00,0.90,2.113,22.5,0.000,0.694,0.000,900,7.01,4.5,1.50,-2.57,44.3,1,1,0,1,1,1,0,0,0,0,1,0,0,0,0,0,0,0,0,0,0,1,1,1,1,0,0,0,0,1,0,0,1,1,5155.8,0C,1,1,0,1,1,0,1,0,0,85.88,270.94,,,,,,,,,,,,,,,,,,,,,,,,,,,,,,,,,,,,,,,,,,,,,,,,,,,,,,,,,,
1343,,,623,258,,14.10,-48.00,12417,101.3,1.500,27.853,1015.63,14.569,206.74,1.45,0.11,-1.42,0.83,0.007,0.03,10.38,0.000,0.01,0.45,0.194,-41.3,2.344,0.703,-14.250,2520,-62.12,1766.7,0.00,0.00,0.00,0.00,0.00,0.00,0.00,0.00,0.00,0.00,0.00,0.00,0.00,0.00,0.00,0.00,0.00,0.00,0.00,0.00,0.00,0.00,0.00,0.00,0.00,0.00,0.00,0.00,0.00,0.00,0.00,0.00,0.00,0.00,0.00,0.00,0.00,0.00,,,,,,,,,,,,,,,,,,,,,,,,,,,,,,,,,,,,,,,,,,,,,,,,,,,,,,,,,,,,,,,,,,,,,,
1344,,,623,654,,14.10,81.75,1745,12.5,15.750,1.933,4.17,1.616,12.30,1.00,0.19,-0.76,0.17,0.935,0.03,10.38,0.000,0.01,0.45,0.194,-41.3,5.859,0.703,-12.750,2520,-65.25,1766.7,1.15,-43.38,113.3,0,1,0,0,0,1,0,1,1,1,1,1,0,1,1,0,0,1,0,0,0,0,0,0,0,0,0,0,1,0,0,0,0,0,6445.3,6C,0,1,0,1,0,1,1,1,1,1,1,,,,,,,,,,,,,,,,,,,,,,,,,,,,,,,,,,,,,,,,,,,,,,,,,,,,,,,,,,
1345,,,624,044,,14.10,81.75,1599,11.3,0.000,2.176,4.13,3.078,13.80,1.00,0.19,-0.76,0.16,0.955,1.02,-1.32,1.102,0.00,0.90,1.174,22.5,0.000,0.694,0.000,900,7.18,4.5,1.53,-2.64,44.3,1,1,0,1,1,1,0,0,0,0,1,0,0,0,0,0,0,0,0,0,0,1,1,1,1,1,0,0,0,1,0,0,1,1,5155.8,0C,1,1,0,1,1,0,1,0,0,84.13,285.56,,,,,,,,,,,,,,,,,,,,,,,,,,,,,,,,,,,,,,,,,,,,,,,,,,,,,,,,,,
1346,,,624,444,,14.10,81.75,1514,11.3,16.500,2.426,4.86,3.078,15.87,1.00,0.77,-0.76,0.85,0.945,1.02,-1.32,1.084,0.00,0.90,1.174,22.5,0.000,0.694,0.000,900,7.19,4.5,1.54,-43.38,113.3,0,1,0,0,0,1,0,1,1,1,1,1,0,1,1,0,0,1,0,0,0,0,0,0,0,0,0,1,1,0,0,0,0,0,1837.8,D3,0,1,0,1,0,1,1,1,1,1,1,,,,,,,,,,,,,,,,,,,,,,,,,,,,,,,,,,,,,,,,,,,,,,,,,,,,,,,,,,
1347,,,624,825,,14.10,-47.25,514,152.5,2.250,19.661,1315.63,70.820,1022.77,1.45,0.11,-1.38,0.95,0.007,0.03,3.52,0.000,0.01,0.45,136.912,42.0,84.004,0.916,0.000,70,68.82,3037.8,-199.48,-199.48,-199.48,-199.48,-199.48,-199.48,-199.48,-199.48,-199.48,-199.48,-199.48,-199.48,-199.48,-199.48,-199.48,-199.48,-199.48,-199.48,-199.48,-199.48,-199.48,-199.48,-199.48,-199.48,-199.48,-199.48,-199.48,-199.48,-199.48,-199.48,-199.48,-199.48,-199.48,-199.48,-199.48,-199.48,-199.48,-199.48,,,,,,,,,,,,,,,,,,,,,,,,,,,,,,,,,,,,,,,,,,,,,,,,,,,,,,,,,,,,,,,,,,,,,,
1348,,,625,245,,14.10,81.75,1450,11.3,9.750,3.002,5.35,2.429,21.38,1.00,0.90,-0.76,0.86,0.905,1.02,-1.32,1.073,0.00,0.90,1.851,23.3,0.000,0.694,0.000,900,7.19,4.5,1.54,-2.33,44.3,1,1,0,1,1,1,0,0,0,0,1,0,0,0,0,0,0,0,0,0,0,1,1,1,1,1,0,0,0,0,0,0,1,1,5155.8,0C,1,1,0,1,1,0,1,0,0,130.19,391.44,,,,,,,,,,,,,,,,,,,,,,,,,,,,,,,,,,,,,,,,,,,,,,,,,,,,,,,,,,
1349,,,625,645,,14.10,81.75,1541,11.3,15.000,2.758,5.35,2.429,19.73,1.00,0.90,-0.76,0.81,0.884,1.02,-1.32,1.083,0.00,0.90,1.851,23.3,0.000,0.694,0.000,900,7.19,4.5,1.54,-2.64,44.3,1,1,0,1,1,1,0,0,0,0,1,0,0,0,0,0,0,0,0,0,0,1,1,1,1,1,0,0,0,0,0,0,1,1,5155.8,0C,1,1,0,1,1,0,1,0,0,120.38,367.38,,,,,,,,,,,,,,,,,,,,,,,,,,,,,,,,,,,,,,,,,,,,,,,,,,,,,,,,,,
1350,,,626,051,,14.10,81.75,1467,11.3,12.000,2.733,5.27,1.054,19.92,1.00,0.85,-0.76,0.32,0.863,1.02,-1.32,1.079,0.00,0.90,1.761,23.3,0.000,0.694,0.000,900,7.19,4.5,1.54,-2.51,44.3,1,1,0,1,1,1,0,0,0,0,1,0,0,0,0,0,0,0,0,0,0,0,0,0,0,0,1,1,1,0,0,0,0,0,6873.2,3B,0,1,0,1,0,1,1,1,1,1,1,,,,,,,,,,,,,,,,,,,,,,,,,,,,,,,,,,,,,,,,,,,,,,,,,,,,,,,,,,
1351,,,626,451,,14.10,81.75,1486,10.0,9.000,2.733,5.22,0.967,19.45,1.00,0.22,-0.76,0.20,0.895,1.02,-1.32,1.078,0.00,0.90,1.761,23.3,0.000,0.694,0.000,900,7.19,4.5,1.15,-43.38,113.3,0,1,0,0,0,1,0,1,1,1,1,1,0,1,1,0,0,1,0,0,0,0,0,0,0,0,1,1,1,0,0,0,0,0,4867.7,CD,0,1,0,1,0,1,1,1,1,1,1,,,,,,,,,,,,,,,,,,,,,,,,,,,,,,,,,,,,,,,,,,,,,,,,,,,,,,,,,,
1352,,,626,819,,14.10,81.75,1400,10.0,6.000,2.733,4.98,0.484,19.57,1.00,0.26,-0.76,0.22,0.914,1.02,-1.32,1.063,0.00,0.90,1.761,23.3,0.000,0.694,0.000,900,7.19,4.5,1.54,-2.05,44.3,1,1,0,1,1,1,0,0,0,0,1,0,0,0,0,0,0,0,1,0,0,1,1,1,1,0,0,0,0,1,0,0,1,1,5155.8,0C,1,1,0,1,1,0,1,1,1,1,1,,,,,,,,,,,,,,,,,,,,,,,,,,,,,,,,,,,,,,,,,,,,,,,,,,,,,,,,,,
1353,,,627,246,,14.10,81.75,1375,10.0,3.750,2.669,4.30,0.484,18.87,1.00,0.23,-0.76,0.19,0.933,1.02,-1.32,1.068,0.00,0.90,1.675,23.3,0.000,0.694,0.000,900,7.19,4.5,1.54,-2.01,44.3,1,1,0,1,1,1,0,0,0,0,1,0,0,0,0,0,0,0,1,0,0,1,1,1,1,0,0,0,0,1,0,0,1,1,5155.8,0C,1,1,0,1,1,0,1,0,0,115.38,360.50,,,,,,,,,,,,,,,,,,,,,,,,,,,,,,,,,,,,,,,,,,,,,,,,,,,,,,,,,,
1354,,,627,644,,14.00,81.75,1257,8.8,12.000,2.330,4.30,1.295,16.80,1.00,0.80,-0.76,0.76,0.914,1.02,-1.32,1.070,0.00,0.90,1.675,23.3,0.000,0.694,0.000,900,7.19,4.5,1.54,-0.51,44.3,1,1,0,1,1,1,0,0,0,0,1,0,0,0,0,0,0,0,1,0,0,1,1,1,1,1,0,0,0,1,0,0,1,1,5155.8,0C,1,1,0,1,1,0,1,0,0,99.88,359.00,,,,,,,,,,,,,,,,,,,,,,,,,,,,,,,,,,,,,,,,,,,,,,,,,,,,,,,,,,
1355,,,628,046,,14.00,81.75,1262,8.8,13.500,2.726,4.91,2.921,19.38,1.00,0.19,-0.76,0.18,0.937,1.02,-1.32,1.053,0.00,0.90,1.529,23.3,0.000,0.694,0.000,900,7.19,4.5,1.54,0.00,44.3,1,1,0,1,1,1,0,0,0,0,1,0,0,0,0,0,0,0,0,0,0,1,1,1,1,1,0,0,0,1,0,0,1,1,5155.8,0C,1,1,0,1,1,0,1,0,0,114.50,393.19,,,,,,,,,,,,,,,,,,,,,,,,,,,,,,,,,,,,,,,,,,,,,,,,,,,,,,,,,,
1356,,,628,446,,14.00,81.75,1235,8.8,27.750,3.104,5.27,2.757,21.80,1.00,0.21,-0.76,0.19,0.955,1.02,-1.32,1.045,0.00,0.90,1.529,23.3,0.000,0.694,0.000,900,7.20,4.5,1.54,0.00,44.3,1,1,0,1,1,1,0,0,0,0,1,0,0,0,0,0,0,0,0,0,0,1,1,1,1,1,0,0,0,0,0,0,1,1,5155.8,0C,1,1,0,1,1,0,1,0,0,134.31,436.25,,,,,,,,,,,,,,,,,,,,,,,,,,,,,,,,,,,,,,,,,,,,,,,,,,,,,,,,,,
1357,,,628,835,,14.10,81.75,1253,8.8,11.250,3.309,5.35,2.757,23.09,1.00,0.24,-0.76,0.22,0.975,1.02,-1.32,1.045,0.00,0.90,1.529,23.3,0.000,0.694,0.000,900,7.20,4.5,1.54,0.00,44.3,1,1,0,1,1,1,0,0,0,0,1,0,0,0,0,0,0,0,0,0,0,1,1,1,1,1,0,0,0,0,0,0,1,1,5155.8,0C,1,1,0,1,1,0,1,0,0,142.88,447.88,,,,,,,,,,,,,,,,,,,,,,,,,,,,,,,,,,,,,,,,,,,,,,,,,,,,,,,,,,
1358,,,629,223,,14.10,81.75,1274,8.8,12.000,3.232,5.27,2.757,23.06,1.00,0.87,-0.76,0.86,0.952,1.02,-1.32,1.046,0.00,0.90,1.987,23.3,0.000,0.694,0.000,900,7.20,4.5,1.54,0.00,44.3,1,1,0,1,1,1,0,0,0,0,1,0,0,0,0,0,0,0,0,0,0,1,1,1,1,1,0,0,0,0,0,0,1,1,5155.8,0C,1,1,0,1,1,0,1,0,0,141.63,444.75,,,,,,,,,,,,,,,,,,,,,,,,,,,,,,,,,,,,,,,,,,,,,,,,,,,,,,,,,,
1359,,,629,613,,14.10,81.75,1287,8.8,13.500,3.053,5.27,2.429,22.45,1.00,0.88,-0.76,0.82,0.931,1.02,-1.32,1.045,0.00,0.90,1.987,23.3,0.000,0.694,0.000,900,7.20,4.5,1.54,0.00,44.3,1,1,0,1,1,1,0,0,0,0,1,0,0,0,0,0,0,0,0,0,0,1,1,1,1,1,0,0,0,0,0,0,1,1,5155.8,0C,1,1,0,1,1,0,1,0,0,138.31,438.88,,,,,,,,,,,,,,,,,,,,,,,,,,,,,,,,,,,,,,,,,,,,,,,,,,,,,,,,,,
1360,,,630,003,,14.10,81.75,1308,8.8,9.750,3.072,5.27,2.429,22.69,1.00,0.85,-0.76,0.29,0.915,1.02,-1.32,1.049,0.00,0.90,1.918,23.3,0.000,0.694,0.000,900,7.20,4.5,1.54,-1.64,44.3,1,1,0,1,1,1,0,0,0,0,1,0,0,0,0,0,0,0,0,0,0,1,1,1,1,1,0,0,0,0,0,0,1,1,5155.8,0C,1,1,0,1,1,0,1,0,0,135.94,429.81,,,,,,,,,,,,,,,,,,,,,,,,,,,,,,,,,,,,,,,,,,,,,,,,,,,,,,,,,,
1361,,,630,383,,14.10,81.75,1303,8.8,10.500,3.008,5.27,2.429,22.50,1.00,0.28,-0.76,0.20,0.897,1.02,-1.32,1.048,0.00,0.90,1.918,23.3,0.000,0.694,0.000,900,7.20,4.5,1.54,-1.63,44.3,1,1,0,1,1,1,0,0,0,0,1,0,0,0,0,0,0,0,0,0,0,1,1,1,1,0,0,0,0,0,0,0,1,1,5155.8,0C,1,1,0,1,1,0,1,0,0,136.50,429.31,,,,,,,,,,,,,,,,,,,,,,,,,,,,,,,,,,,,,,,,,,,,,,,,,,,,,,,,,,
1362,,,630,766,,14.10,-48.00,13826,18.8,2.250,298.189,1290.63,16.913,242.81,1.45,0.11,-1.33,0.94,0.007,0.05,12.74,0.000,0.01,0.45,0.194,-41.3,21.094,0.703,-6.750,2540,9.75,1766.7,1.54,-49.63,113.3,0,1,0,0,0,1,0,1,1,1,1,1,0,1,1,0,0,1,1,1,1,1,1,1,1,1,1,1,1,1,1,1,1,1,1,,,,,,,,,,,,,,,,,,,,,,,,,,,,,,,,,,,,,,,,,,,,,,,,,,,,,,,,,,,,,,,,,,,,,,
1363,,,631,146,,14.10,81.75,1289,8.8,12.750,3.194,5.35,3.078,22.88,1.00,0.22,-0.76,0.21,0.962,1.02,-1.32,1.046,0.00,0.90,1.834,23.3,0.000,0.694,0.000,900,7.20,4.5,1.54,-1.57,44.3,1,1,0,1,1,1,0,0,0,0,1,0,0,0,0,0,0,0,0,0,0,1,1,1,1,1,0,0,0,0,0,0,1,1,5155.8,0C,1,1,0,1,1,0,1,0,0,139.94,438.31,,,,,,,,,,,,,,,,,,,,,,,,,,,,,,,,,,,,,,,,,,,,,,,,,,,,,,,,,,
1364,,,631,538,,14.10,81.75,1317,10.0,13.500,3.469,412.18,8.800,66.00,0.83,0.48,0.00,0.00,0.347,0.00,9.22,0.422,0.01,0.00,136.493,96.0,48.153,0.047,-6.000,1920,94.41,313.0,-78.91,7.36,-27.0,0,0,1,0,0,1,0,1,0,1,0,1,0,1,0,1,0,1,1,1,1,1,1,1,1,1,1,1,1,1,1,1,1,1,1,,,,,,,,,,,,,,,,,,,,,,,,,,,,,,,,,,,,,,,,,,,,,,,,,,,,,,,,,,,,,,,,,,,,,,
1365,,,631,944,,14.10,-47.25,3,230.0,3.000,135.994,53.13,66.914,968.72,1.45,0.11,-1.36,0.03,0.007,0.05,-5.90,0.000,0.01,0.45,0.194,-41.3,21.094,0.703,-6.750,2530,91.00,1766.7,1.54,-49.63,113.3,0,1,0,0,0,1,0,1,1,1,1,1,0,1,1,0,0,1,0,0,0,0,0,0,0,0,1,0,0,1,0,0,0,0,9946.0,AF,0,1,0,1,0,1,1,1,1,1,1,,,,,,,,,,,,,,,,,,,,,,,,,,,,,,,,,,,,,,,,,,,,,,,,,,,,,,,,,,
1366,,,632,321,,14.10,81.75,1426,10.0,11.250,3.418,6.37,5.359,24.98,1.00,0.87,-0.76,0.81,0.889,1.02,-1.32,1.070,0.00,0.90,2.077,23.3,0.000,0.694,0.000,900,7.20,4.5,1.54,-2.26,44.3,1,1,0,1,1,1,0,0,0,0,1,0,0,0,0,0,0,0,0,0,0,0,0,0,0,0,1,0,0,1,0,0,0,0,6148.5,D1,0,1,0,1,0,1,1,1,1,1,1,,,,,,,,,,,,,,,,,,,,,,,,,,,,,,,,,,,,,,,,,,,,,,,,,,,,,,,,,,
1367,,,632,714,,14.10,81.75,1496,11.3,12.000,3.514,6.74,5.359,24.89,1.00,0.22,-0.76,0.21,0.912,1.02,-1.32,1.081,0.00,0.90,2.077,23.3,0.000,0.694,0.000,900,7.20,4.5,1.54,-2.63,44.3,1,1,0,1,1,1,0,0,0,0,1,0,0,0,0,0,0,0,0,0,0,1,1,1,1,1,0,0,0,0,0,0,1,1,5155.8,0C,1,1,0,1,1,0,1,0,0,151.44,440.69,,,,,,,,,,,,,,,,,,,,,,,,,,,,,,,,,,,,,,,,,,,,,,,,,,,,,,,,,,
1368,,,633,109,,14.10,81.75,1555,11.3,11.250,3.603,7.10,5.359,24.96,1.00,0.56,-0.76,0.69,0.931,1.02,-1.32,1.086,0.00,0.90,2.406,23.3,0.000,0.694,0.000,900,7.19,4.5,1.54,-2.64,44.3,1,1,0,1,1,1,0,0,0,0,1,0,0,0,0,0,0,0,0,0,0,1,1,1,1,1,0,0,0,0,0,0,1,1,5155.8,0C,1,1,0,1,1,0,1,0,0,154.50,446.75,,,,,,,,,,,,,,,,,,,,,,,,,,,,,,,,,,,,,,,,,,,,,,,,,,,,,,,,,,
1369,,,633,513,,14.10,81.75,1627,11.3,10.500,3.469,7.23,5.359,25.10,1.00,0.89,-0.76,0.85,0.876,1.02,-1.32,1.092,0.00,0.90,2.406,23.3,0.000,0.694,0.000,900,7.17,4.5,1.53,-2.63,44.3,1,1,0,1,1,1,0,0,0,0,1,0,0,0,0,0,0,0,0,0,0,1,1,1,1,1,0,0,0,0,0,0,1,1,5155.8,0C,1,1,0,1,1,0,1,0,0,153.63,446.00,,,,,,,,,,,,,,,,,,,,,,,,,,,,,,,,,,,,,,,,,,,,,,,,,,,,,,,,,,
1370,,,633,903,,14.10,81.75,1660,12.5,11.250,3.322,7.30,5.194,24.59,1.00,0.86,-0.76,0.76,0.854,1.02,-1.32,1.097,0.00,0.90,2.406,23.3,0.000,0.694,0.000,900,7.14,4.5,1.52,-2.62,44.3,1,1,0,1,1,1,0,0,0,0,1,0,0,0,0,0,0,0,0,0,0,1,1,1,1,1,0,0,0,0,0,0,1,1,5155.8,0C,1,1,0,1,1,0,1,0,0,149.25,439.69,,,,,,,,,,,,,,,,,,,,,,,,,,,,,,,,,,,,,,,,,,,,,,,,,,,,,,,,,,
1371,,,634,295,,14.10,81.75,1691,12.5,12.750,3.354,7.40,5.194,24.21,1.00,0.21,-0.76,0.19,0.880,1.02,-1.32,1.099,0.00,0.90,2.483,23.3,0.000,0.694,0.000,900,7.12,4.5,1.52,-2.62,44.3,1,1,0,1,1,1,0,0,0,0,1,0,0,0,0,0,0,0,0,0,0,1,1,1,1,1,0,0,0,0,0,0,1,1,5155.8,0C,1,1,0,1,1,0,1,0,0,145.25,433.81,,,,,,,,,,,,,,,,,,,,,,,,,,,,,,,,,,,,,,,,,,,,,,,,,,,,,,,,,,
1372,,,634,715,,14.10,82.50,1733,12.5,13.500,3.405,7.71,5.194,23.95,1.00,0.21,-0.76,0.20,0.908,1.02,-1.32,1.103,0.00,0.90,2.483,23.3,0.000,0.694,0.000,900,7.09,4.5,1.51,-2.60,44.3,1,1,0,1,1,1,0,0,0,0,1,0,0,0,0,0,0,0,0,0,0,1,1,1,1,1,0,0,0,0,0,0,1,1,5155.8,0C,1,1,0,1,1,0,1,0,0,144.63,434.06,,,,,,,,,,,,,,,,,,,,,,,,,,,,,,,,,,,,,,,,,,,,,,,,,,,,,,,,,,
1373,,,635,086,,14.10,82.50,1777,12.5,15.000,3.462,8.01,4.218,23.55,1.00,0.21,-0.76,0.19,0.937,1.02,-1.32,1.107,0.00,0.90,2.640,22.5,0.000,0.694,0.000,900,7.06,4.5,1.51,-2.59,44.3,1,1,0,1,1,1,0,0,0,0,1,0,0,0,0,0,0,0,0,0,0,1,1,1,1,1,0,0,0,0,0,0,1,1,5155.8,0C,1,1,0,1,1,0,1,1,1,1,1,,,,,,,,,,,,,,,,,,,,,,,,,,,,,,,,,,,,,,,,,,,,,,,,,,,,,,,,,,
1374,,,635,503,,14.10,82.50,1817,13.8,14.250,3.251,7.40,2.921,21.52,1.00,0.24,-0.76,0.21,0.966,1.02,-1.32,1.111,0.00,0.90,2.640,22.5,0.000,0.694,0.000,900,7.03,4.5,1.50,-2.58,44.3,1,1,0,1,1,1,0,0,0,0,1,0,0,0,0,0,0,0,0,0,0,1,1,1,1,1,0,0,0,0,0,0,1,1,5155.8,0C,1,1,0,1,1,0,1,0,0,132.56,393.19,,,,,,,,,,,,,,,,,,,,,,,,,,,,,,,,,,,,,,,,,,,,,,,,,,,,,,,,,,
1375,,,635,918,,14.10,82.50,1873,13.8,33.000,2.963,7.06,2.921,19.78,1.00,0.87,-0.76,0.87,0.947,1.02,-1.32,1.111,0.00,0.90,2.640,22.5,0.000,0.694,0.000,900,7.00,4.5,1.49,-2.57,44.3,1,1,0,1,1,1,0,0,0,0,1,0,0,0,0,0,0,0,0,0,0,1,1,1,1,1,0,0,0,0,0,0,1,1,5155.8,0C,1,1,0,1,1,0,1,0,0,120.44,355.75,,,,,,,,,,,,,,,,,,,,,,,,,,,,,,,,,,,,,,,,,,,,,,,,,,,,,,,,,,
1376,,,636,319,,14.10,-47.25,1794,18.8,2.250,134.355,184.38,71.211,1052.72,1.45,0.11,-1.42,0.91,0.007,0.06,7.00,0.000,0.01,0.45,0.194,-42.0,89.064,0.703,-19.500,2520,-52.75,1766.7,1.54,-49.63,113.3,0,1,0,0,0,1,0,1,1,1,1,1,0,1,1,0,0,1,0,0,0,0,0,0,0,0,1,1,1,0,0,0,0,0,6488.8,96,0,1,0,1,0,1,1,1,1,1,1,,,,,,,,,,,,,,,,,,,,,,,,,,,,,,,,,,,,,,,,,,,,,,,,,,,,,,,,,,
1377,,,636,703,,14.10,82.50,2010,15.0,33.750,2.938,6.62,2.109,20.27,1.00,0.94,-0.76,0.90,0.892,1.02,-1.32,1.119,0.00,0.90,2.348,22.5,0.000,0.694,0.000,900,6.90,4.5,1.47,-2.53,44.3,1,1,0,1,1,1,0,0,0,0,1,0,0,0,0,0,0,0,0,0,0,1,1,1,1,1,0,0,0,0,0,0,1,1,5155.8,0C,1,1,0,1,1,0,1,0,0,118.94,327.69,,,,,,,,,,,,,,,,,,,,,,,,,,,,,,,,,,,,,,,,,,,,,,,,,,,,,,,,,,
1378,,,637,105,,14.10,82.50,2015,15.0,30.750,2.317,5.35,0.967,16.59,1.00,0.98,-0.76,0.93,0.863,1.02,-1.32,1.103,0.00,0.90,2.262,22.5,0.000,0.694,0.000,900,6.90,4.5,1.47,-4.14,44.3,1,1,0,1,1,1,0,0,0,0,1,0,0,0,0,0,0,0,1,0,0,1,1,1,1,0,0,0,0,1,0,0,1,1,5155.8,0C,1,1,0,1,1,0,1,0,0,99.19,279.88,,,,,,,,,,,,,,,,,,,,,,,,,,,,,,,,,,,,,,,,,,,,,,,,,,,,,,,,,,
1379,,,637,502,,14.10,82.50,1995,15.0,29.250,2.086,5.10,0.967,15.12,1.00,0.97,-0.76,0.91,0.838,1.02,-1.32,1.103,0.00,0.90,2.262,22.5,0.000,0.694,0.000,900,6.92,4.5,1.48,-4.05,44.3,1,1,0,1,1,1,0,0,0,0,1,0,0,0,0,0,0,0,1,0,0,1,1,1,1,0,0,0,0,1,0,0,1,1,5155.8,0C,1,1,0,1,1,0,1,0,0,91.06,266.56,,,,,,,,,,,,,,,,,,,,,,,,,,,,,,,,,,,,,,,,,,,,,,,,,,,,,,,,,,
1380,,,637,896,,14.10,82.50,1940,15.0,35.250,1.914,4.86,1.132,13.78,1.00,0.93,-0.76,0.81,0.815,1.02,-1.32,1.108,0.00,0.90,2.262,22.5,0.000,0.694,0.000,900,6.95,4.5,1.48,-3.91,44.3,1,1,0,1,1,1,0,0,0,0,1,0,0,0,0,0,0,0,1,0,0,1,1,1,1,0,0,0,0,1,0,0,1,1,5155.8,0C,1,1,0,1,1,0,1,0,0,84.38,257.31,,,,,,,,,,,,,,,,,,,,,,,,,,,,,,,,,,,,,,,,,,,,,,,,,,,,,,,,,,
1381,,,638,286,,14.10,82.50,1899,13.8,36.750,1.728,4.37,1.132,11.95,1.00,0.19,-0.76,0.18,0.839,1.02,-1.32,1.116,0.00,0.90,1.408,22.5,0.000,0.694,0.000,900,6.99,4.5,1.49,-3.79,44.3,1,1,0,1,1,1,0,0,0,0,1,0,0,0,0,0,0,0,1,0,0,1,1,1,1,0,0,0,0,1,0,0,1,1,5155.8,0C,1,1,0,1,1,0,1,0,0,69.50,247.81,,,,,,,,,,,,,,,,,,,,,,,,,,,,,,,,,,,,,,,,,,,,,,,,,,,,,,,,,,
1382,,,638,757,,14.10,82.50,1773,12.5,36.750,1.792,4.86,2.429,11.67,1.00,0.17,-0.76,0.15,0.863,1.02,-1.32,1.115,0.00,0.90,1.408,22.5,0.000,0.694,0.000,900,7.08,4.5,1.51,-2.60,44.3,1,1,0,1,1,1,0,0,0,0,1,0,0,0,0,0,0,0,0,0,0,1,1,1,1,1,0,0,0,1,0,0,1,1,5155.8,0C,1,1,0,1,1,0,1,0,0,72.81,261.44,,,,,,,,,,,,,,,,,,,,,,,,,,,,,,,,,,,,,,,,,,,,,,,,,,,,,,,,,,
1383,,,639,145,,14.10,82.50,1709,12.5,34.500,2.253,6.45,3.241,14.91,1.00,0.18,-0.76,0.17,0.883,1.02,-1.32,1.095,0.00,0.90,1.241,22.5,0.000,0.694,0.000,900,7.11,4.5,1.52,-2.61,44.3,1,1,0,1,1,1,0,0,0,0,1,0,0,0,0,0,0,0,0,0,0,1,1,1,1,1,0,0,0,1,0,0,1,1,5155.8,0C,1,1,0,1,1,0,1,0,0,99.13,323.75,,,,,,,,,,,,,,,,,,,,,,,,,,,,,,,,,,,,,,,,,,,,,,,,,,,,,,,,,,
1384,,,639,535,,14.10,82.50,1708,12.5,31.500,3.187,7.10,3.241,21.00,1.00,0.20,-0.76,0.18,0.905,1.02,-1.32,1.096,0.00,0.90,1.241,22.5,0.000,0.694,0.000,900,7.13,4.5,1.52,-2.62,44.3,1,1,0,1,1,1,0,0,0,0,1,0,0,0,0,0,0,0,0,0,0,1,1,1,1,1,0,0,0,0,0,0,1,1,5155.8,0C,1,1,0,1,1,0,1,0,0,131.69,397.56,,,,,,,,,,,,,,,,,,,,,,,,,,,,,,,,,,,,,,,,,,,,,,,,,,,,,,,,,,
1385,,,639,932,,14.10,82.50,1768,12.5,21.750,2.918,6.98,3.241,20.18,1.00,0.81,-0.76,0.81,0.893,1.02,-1.32,1.105,0.00,0.90,2.199,23.3,0.000,0.694,0.000,900,7.06,4.5,1.51,-2.59,44.3,1,1,0,1,1,1,0,0,0,0,1,0,0,0,0,0,0,0,0,0,0,1,1,1,1,1,0,0,0,0,0,0,1,1,5155.8,0C,1,1,0,1,1,0,1,0,0,123.25,384.44,,,,,,,,,,,,,,,,,,,,,,,,,,,,,,,,,,,,,,,,,,,,,,,,,,,,,,,,,,
1386,,,640,335,,14.10,82.50,1818,13.8,32.250,3.130,7.23,3.241,20.91,1.00,0.20,-0.76,0.19,0.927,1.02,-1.32,1.113,0.00,0.90,2.199,23.3,0.000,0.694,0.000,900,7.02,4.5,1.50,-2.58,44.3,1,1,0,1,1,1,0,0,0,0,1,0,0,0,0,0,0,0,0,0,0,1,1,1,1,1,0,0,0,0,0,0,1,1,5155.8,0C,1,1,0,1,1,0,1,0,0,128.25,380.19,,,,,,,,,,,,,,,,,,,,,,,,,,,,,,,,,,,,,,,,,,,,,,,,,,,,,,,,,,
1387,,,640,753,,14.10,82.50,1891,13.8,32.250,3.258,7.23,3.078,21.21,1.00,0.24,-0.76,0.22,0.955,1.02,-1.32,1.118,0.00,0.90,2.199,23.3,0.000,0.694,0.000,900,6.97,4.5,1.49,-2.56,44.3,1,1,0,1,1,1,0,0,0,0,1,0,0,0,0,0,0,0,0,0,0,1,1,1,1,1,0,0,0,0,0,0,1,1,5155.8,0C,1,1,0,1,1,0,1,0,0,130.88,366.81,,,,,,,,,,,,,,,,,,,,,,,,,,,,,,,,,,,,,,,,,,,,,,,,,,,,,,,,,,
1388,,,641,200,,14.10,82.50,1958,15.0,32.250,3.059,6.93,2.757,20.70,1.00,0.93,-0.76,0.90,0.917,1.02,-1.32,1.119,0.00,0.90,2.582,23.3,0.000,0.694,0.000,900,6.94,4.5,1.48,-2.55,44.3,1,1,0,1,1,1,0,0,0,0,1,0,0,0,0,0,0,0,0,0,0,1,1,1,1,1,0,0,0,0,0,0,1,1,5155.8,0C,1,1,0,1,1,0,1,0,0,127.06,346.31,,,,,,,,,,,,,,,,,,,,,,,,,,,,,,,,,,,,,,,,,,,,,,,,,,,,,,,,,,
1389,,,641,595,,14.10,82.50,2004,15.0,33.750,2.618,5.40,2.109,18.42,1.00,0.98,-0.76,0.93,0.888,1.02,-1.32,1.110,0.00,0.90,2.582,23.3,0.000,0.694,0.000,900,6.91,4.5,1.47,-2.54,44.3,1,1,0,1,1,1,0,0,0,0,1,0,0,0,0,0,0,0,0,0,0,1,1,1,1,1,0,0,0,0,0,0,1,1,5155.8,0C,1,1,0,1,1,0,1,0,0,105.94,296.31,,,,,,,,,,,,,,,,,,,,,,,,,,,,,,,,,,,,,,,,,,,,,,,,,,,,,,,,,,
1390,,,641,983,,14.10,82.50,2014,15.0,35.250,2.272,5.40,2.109,16.13,1.00,0.98,-0.76,0.93,0.861,1.02,-1.32,1.101,0.00,0.90,2.010,23.3,0.000,0.694,0.000,900,6.91,4.5,1.47,-2.54,44.3,1,1,0,1,1,1,0,0,0,0,1,0,0,0,0,0,0,0,0,0,0,1,1,1,1,1,0,0,0,0,0,0,1,1,5155.8,0C,1,1,0,1,1,0,1,0,0,97.81,277.00,,,,,,,,,,,,,,,,,,,,,,,,,,,,,,,,,,,,,,,,,,,,,,,,,,,,,,,,,,
1391,,,642,372,,14.10,82.50,2010,15.0,35.250,2.189,5.40,2.109,15.77,1.00,0.97,-0.76,0.92,0.836,1.02,-1.32,1.102,0.00,0.90,2.010,22.5,0.000,0.694,0.000,900,6.92,4.5,1.47,-2.54,44.3,1,1,0,1,1,1,0,0,0,0,1,0,0,0,0,0,0,0,0,0,0,1,1,1,1,1,0,0,0,0,0,0,1,1,5155.8,0C,1,1,0,1,1,0,1,0,0,96.56,276.06,,,,,,,,,,,,,,,,,,,,,,,,,,,,,,,,,,,,,,,,,,,,,,,,,,,,,,,,,,
1392,,,642,773,,14.10,82.50,2006,15.0,35.250,2.144,5.47,2.109,15.70,1.00,0.95,-0.76,0.87,0.810,1.02,-1.32,1.102,0.00,0.90,2.010,22.5,0.000,0.694,0.000,900,6.91,4.5,1.47,-2.54,44.3,1,1,0,1,1,1,0,0,0,0,1,0,0,0,0,0,0,0,0,0,0,1,1,1,1,1,0,0,0,0,0,0,1,1,5155.8,0C,1,1,0,1,1,0,1,0,0,95.63,275.44,,,,,,,,,,,,,,,,,,,,,,,,,,,,,,,,,,,,,,,,,,,,,,,,,,,,,,,,,,
1393,,,643,183,,14.10,82.50,1960,15.0,34.500,2.112,6.20,2.272,15.63,1.00,0.90,-0.76,0.49,0.787,1.02,-1.32,1.099,0.00,0.90,1.643,23.3,0.000,0.694,0.000,900,6.95,4.5,1.48,-2.55,44.3,1,1,0,1,1,1,0,0,0,0,1,0,0,0,0,0,0,0,0,0,0,1,1,1,1,1,0,0,0,0,0,0,1,1,5155.8,0C,1,1,0,1,1,0,1,0,0,96.81,289.63,,,,,,,,,,,,,,,,,,,,,,,,,,,,,,,,,,,,,,,,,,,,,,,,,,,,,,,,,,
1394,,,643,573,,14.10,82.50,1969,13.8,33.750,2.419,6.32,2.272,17.37,1.00,0.20,-0.76,0.17,0.822,1.02,-1.32,1.103,0.00,0.90,1.643,23.3,0.000,0.694,0.000,900,6.93,4.5,1.48,-2.55,44.3,1,1,0,1,1,1,0,0,0,0,1,0,0,0,0,0,0,0,0,0,0,1,1,1,1,1,0,0,0,0,0,0,1,1,5155.8,0C,1,1,0,1,1,0,1,0,0,108.81,305.69,,,,,,,,,,,,,,,,,,,,,,,,,,,,,,,,,,,,,,,,,,,,,,,,,,,,,,,,,,
1395,,,643,953,,14.10,82.50,1939,15.0,33.750,2.490,6.54,2.429,17.70,1.00,0.62,-0.76,0.75,0.848,1.02,-1.32,1.101,0.00,0.90,1.877,23.3,0.000,0.694,0.000,900,6.97,4.5,1.49,-2.56,44.3,1,1,0,1,1,1,0,0,0,0,1,0,0,0,0,0,0,0,0,0,0,1,1,1,1,1,0,0,0,0,0,0,1,1,5155.8,0C,1,1,0,1,1,0,1,0,0,112.00,322.81,,,,,,,,,,,,,,,,,,,,,,,,,,,,,,,,,,,,,,,,,,,,,,,,,,,,,,,,,,
1396,,,644,354,,14.10,82.50,2021,15.0,33.000,2.611,6.54,2.429,18.77,1.00,0.26,-0.76,0.36,0.846,1.02,-1.32,1.110,0.00,0.90,1.877,23.3,0.000,0.694,0.000,900,6.91,4.5,1.47,-2.54,44.3,1,1,0,1,1,1,0,0,0,0,1,0,0,0,0,0,0,0,0,0,0,1,1,1,1,1,0,0,0,0,0,0,1,1,5155.8,0C,1,1,0,1,1,0,1,0,0,113.38,321.13,,,,,,,,,,,,,,,,,,,,,,,,,,,,,,,,,,,,,,,,,,,,,,,,,,,,,,,,,,
1397,,,644,808,,14.10,82.50,2051,15.0,34.500,2.432,6.08,2.272,17.84,1.00,0.81,-0.76,0.33,0.801,1.02,-1.32,1.110,0.00,0.90,1.877,23.3,0.000,0.694,0.000,900,6.88,4.5,1.47,-2.53,44.3,1,1,0,1,1,1,0,0,0,0,1,0,0,0,0,0,0,0,0,0,0,1,1,1,1,1,0,0,0,0,0,0,1,1,5155.8,0C,1,1,0,1,1,0,1,0,0,108.06,302.25,,,,,,,,,,,,,,,,,,,,,,,,,,,,,,,,,,,,,,,,,,,,,,,,,,,,,,,,,,
1398,,,645,215,,14.10,82.50,2061,15.0,34.500,2.342,6.01,2.272,17.39,1.00,0.58,-0.76,0.26,0.769,1.02,-1.32,1.109,0.00,0.90,2.010,23.3,0.000,0.694,0.000,900,6.87,4.5,1.47,-2.52,44.3,1,1,0,1,1,1,0,0,0,0,1,0,0,0,0,0,0,0,0,0,0,1,1,1,1,1,0,0,0,0,0,0,1,1,5155.8,0C,1,1,0,1,1,0,1,0,0,106.31,294.88,,,,,,,,,,,,,,,,,,,,,,,,,,,,,,,,,,,,,,,,,,,,,,,,,,,,,,,,,,
1399,,,645,615,,14.10,82.50,2037,15.0,34.500,2.298,5.93,2.272,17.16,1.00,0.88,-0.76,0.84,0.772,1.02,-1.32,1.106,0.00,0.90,2.010,23.3,0.000,0.694,0.000,900,6.89,4.5,1.47,-2.53,44.3,1,1,0,1,1,1,0,0,0,0,1,0,0,0,0,0,0,0,0,0,0,1,1,1,1,1,0,0,0,0,0,0,1,1,5155.8,0C,1,1,0,1,1,0,1,0,0,105.06,292.44,,,,,,,,,,,,,,,,,,,,,,,,,,,,,,,,,,,,,,,,,,,,,,,,,,,,,,,,,,
1400,,,645,995,,14.10,82.50,2044,15.0,34.500,2.253,5.93,2.272,17.04,1.00,0.89,-0.76,0.82,0.750,1.02,-1.32,1.106,0.00,0.90,1.761,23.3,0.000,0.694,0.000,900,6.89,4.5,1.47,-2.53,44.3,1,1,0,1,1,1,0,0,0,0,1,0,0,0,0,0,0,0,0,0,0,1,1,1,1,1,0,0,0,0,0,0,1,1,5155.8,0C,1,1,0,1,1,0,1,0,0,104.94,292.75,,,,,,,,,,,,,,,,,,,,,,,,,,,,,,,,,,,,,,,,,,,,,,,,,,,,,,,,,,
1401,,,646,375,,14.10,82.50,2059,15.0,34.500,2.272,5.88,2.272,17.11,1.00,0.83,-0.76,0.65,0.750,1.02,-1.32,1.107,0.00,0.90,1.761,23.3,0.000,0.694,0.000,900,6.88,4.5,1.47,-2.53,44.3,1,1,0,1,1,1,0,0,0,0,1,0,0,0,0,0,0,0,0,0,0,1,1,1,1,1,0,0,0,0,0,0,1,1,5155.8,0C,1,1,0,1,1,0,1,0,0,104.75,292.25,,,,,,,,,,,,,,,,,,,,,,,,,,,,,,,,,,,,,,,,,,,,,,,,,,,,,,,,,,
1402,,,646,762,,14.10,82.50,2066,15.0,34.500,2.285,5.93,2.272,17.16,1.45,0.11,-1.41,1.05,0.007,0.05,5.26,0.000,0.01,0.45,0.194,-42.0,79.689,0.703,-23.250,2520,-45.72,1766.7,1.54,-49.63,113.3,0,1,0,0,0,1,0,1,1,1,1,1,0,1,1,0,0,1,0,0,0,0,0,0,0,0,0,1,1,0,0,0,0,0,6360.3,51,0,1,0,1,0,1,1,1,1,1,1,,,,,,,,,,,,,,,,,,,,,,,,,,,,,,,,,,,,,,,,,,,,,,,,,,,,,,,,,,
1403,,,647,143,,14.10,82.50,2066,15.0,34.500,2.298,5.93,2.272,17.23,1.00,0.87,-0.76,0.79,0.750,1.02,-1.32,1.109,0.00,0.90,1.761,23.3,0.000,0.694,0.000,900,6.87,4.5,1.46,-2.52,44.3,1,1,0,1,1,1,0,0,0,0,1,0,0,0,0,0,0,0,0,0,0,1,1,1,1,1,0,0,0,0,0,0,1,1,5155.8,0C,1,1,0,1,1,0,1,0,0,105.75,293.13,,,,,,,,,,,,,,,,,,,,,,,,,,,,,,,,,,,,,,,,,,,,,,,,,,,,,,,,,,
1404,,,647,543,,14.10,82.50,2062,15.0,34.500,2.285,6.01,2.272,17.18,1.45,0.11,-1.41,1.08,0.007,0.05,5.26,0.000,0.01,0.45,0.194,-42.0,80.079,0.703,-23.250,2520,-46.50,1766.7,1.54,-49.63,113.3,0,1,0,0,0,1,0,1,1,1,1,1,0,1,1,0,0,1,0,0,0,0,0,0,0,0,0,1,1,0,0,0,0,0,6360.3,4B,0,1,0,1,0,1,1,1,1,1,1,,,,,,,,,,,,,,,,,,,,,,,,,,,,,,,,,,,,,,,,,,,,,,,,,,,,,,,,,,
1405,,,647,936,,14.10,82.50,2060,15.0,34.500,2.720,5.93,2.272,17.16,1.00,0.90,-0.76,0.82,0.996,1.02,-1.32,1.107,0.00,0.90,1.761,23.3,0.000,0.694,0.000,900,6.88,4.5,1.47,-2.53,44.3,1,1,0,1,1,1,0,0,0,0,1,0,0,0,0,0,0,0,0,0,0,1,1,1,1,1,0,0,0,0,0,0,1,1,5155.8,0C,1,1,0,1,1,0,1,0,0,105.19,292.81,,,,,,,,,,,,,,,,,,,,,,,,,,,,,,,,,,,,,,,,,,,,,,,,,,,,,,,,,,
1406,,,648,323,,14.10,82.50,2071,15.0,34.500,2.707,5.93,2.272,17.39,1.00,1.00,-0.76,0.97,0.969,1.02,-1.32,1.109,0.00,0.90,1.761,23.3,0.000,0.694,0.000,900,6.88,4.5,1.47,-2.52,44.3,1,1,0,1,1,1,0,0,0,0,1,0,0,0,0,0,0,0,0,0,0,1,1,1,1,1,0,0,0,0,0,0,1,1,5155.8,0C,1,1,0,1,1,0,1,0,0,106.25,294.75,,,,,,,,,,,,,,,,,,,,,,,,,,,,,,,,,,,,,,,,,,,,,,,,,,,,,,,,,,
1407,,,648,706,,14.10,82.50,2088,15.0,34.500,2.688,5.93,2.272,17.55,1.00,1.02,-0.76,0.98,0.941,1.02,-1.32,1.111,0.00,0.90,1.761,23.3,0.000,0.694,0.000,900,6.86,4.5,1.46,-2.52,44.3,1,1,0,1,1,1,0,0,0,0,1,0,0,0,0,0,0,0,0,0,0,1,1,1,1,1,0,0,0,0,0,0,1,1,5155.8,0C,1,1,0,1,1,0,1,0,0,106.94,295.25,,,,,,,,,,,,,,,,,,,,,,,,,,,,,,,,,,,,,,,,,,,,,,,,,,,,,,,,,,
1408,,,649,104,,14.10,82.50,2101,15.0,34.500,2.650,5.93,2.272,17.53,1.00,1.02,-0.76,0.97,0.920,1.02,-1.32,1.112,0.00,0.90,2.262,23.3,0.000,0.694,0.000,900,6.85,4.5,1.46,-2.52,44.3,1,1,0,1,1,1,0,0,0,0,1,0,0,0,0,0,0,0,0,0,0,1,1,1,1,1,0,0,0,0,0,0,1,1,5155.8,0C,1,1,0,1,1,0,1,0,0,107.00,294.50,,,,,,,,,,,,,,,,,,,,,,,,,,,,,,,,,,,,,,,,,,,,,,,,,,,,,,,,,,
1409,,,649,523,,14.10,82.50,2114,15.0,34.500,2.579,5.93,2.272,17.51,1.00,1.02,-0.76,0.97,0.885,1.02,-1.32,1.113,0.00,0.90,2.262,23.3,0.000,0.694,0.000,900,6.85,4.5,1.46,-2.51,44.3,1,1,0,1,1,1,0,0,0,0,1,0,0,0,0,0,0,0,0,0,0,1,1,1,1,1,0,0,0,0,0,0,1,1,5155.8,0C,1,1,0,1,1,0,1,0,0,107.13,294.88,,,,,,,,,,,,,,,,,,,,,,,,,,,,,,,,,,,,,,,,,,,,,,,,,,,,,,,,,,
1410,,,649,904,,14.10,82.50,2110,15.0,34.500,2.534,5.93,2.109,17.48,1.00,1.02,-0.76,0.96,0.864,1.02,-1.32,1.113,0.00,0.90,2.262,23.3,0.000,0.694,0.000,900,6.85,4.5,1.46,-2.51,44.3,1,1,0,1,1,1,0,0,0,0,1,0,0,0,0,0,0,0,0,0,0,1,1,1,1,1,0,0,0,0,0,0,1,1,5155.8,0C,1,1,0,1,1,0,1,0,0,106.88,294.19,,,,,,,,,,,,,,,,,,,,,,,,,,,,,,,,,,,,,,,,,,,,,,,,,,,,,,,,,,
1411,,,650,313,,14.10,82.50,2108,15.0,34.500,2.445,5.88,2.109,17.18,1.00,1.01,-0.76,0.96,0.835,1.02,-1.32,1.111,0.00,0.90,2.010,23.3,0.000,0.694,0.000,900,6.85,4.5,1.46,-2.51,44.3,1,1,0,1,1,1,0,0,0,0,1,0,0,0,0,0,0,0,0,0,0,1,1,1,1,1,0,0,0,0,0,0,1,1,5155.8,0C,1,1,0,1,1,0,1,0,0,105.50,290.94,,,,,,,,,,,,,,,,,,,,,,,,,,,,,,,,,,,,,,,,,,,,,,,,,,,,,,,,,,
1412,,,650,705,,14.10,-48.00,15297,127.5,1.500,357.178,53.13,78.242,1130.41,1.45,0.11,-1.42,0.19,0.007,0.05,-9.08,0.000,0.01,0.45,0.194,-42.0,76.954,0.703,-24.750,2520,-44.16,1766.7,1.54,-49.63,113.3,0,1,0,0,0,1,0,1,1,1,1,1,0,1,1,0,0,1,0,0,0,0,0,0,0,0,0,1,1,0,0,0,0,0,5720.2,FF,0,1,0,1,0,1,1,1,1,1,1,,,,,,,,,,,,,,,,,,,,,,,,,,,,,,,,,,,,,,,,,,,,,,,,,,,,,,,,,,
1413,,,651,103,,14.10,82.50,2108,15.0,34.500,2.342,5.83,2.109,17.09,1.00,1.00,-0.76,0.93,0.779,1.02,-1.32,1.111,0.00,0.90,2.010,23.3,0.000,0.694,0.000,900,6.85,4.5,1.46,-2.51,44.3,1,1,0,1,1,1,0,0,0,0,1,0,0,0,0,0,0,0,0,0,0,1,1,1,1,1,0,0,0,0,0,0,1,1,5155.8,0C,1,1,0,1,1,0,1,0,0,104.13,287.00,,,,,,,,,,,,,,,,,,,,,,,,,,,,,,,,,,,,,,,,,,,,,,,,,,,,,,,,,,
1414,,,651,476,,14.10,82.50,2105,15.0,34.500,2.291,34.38,77.070,1100.25,1.45,0.11,-1.42,0.12,0.007,0.05,-9.08,0.000,0.01,0.45,123.281,101.3,48.153,0.047,0.000,60,-95.26,6493.8,-199.48,-199.48,-199.48,-199.48,-199.48,-199.48,-199.48,-199.48,-199.48,-199.48,-199.48,-199.48,-199.48,-199.48,-199.48,-199.48,-199.48,-199.48,-199.48,-199.48,-199.48,-199.48,-199.48,-199.48,-199.48,-199.48,-199.48,-199.48,-199.48,-199.48,-199.48,-199.48,-199.48,-199.48,-199.48,-199.48,-199.48,-199.48,,,,,,,,,,,,,,,,,,,,,,,,,,,,,,,,,,,,,,,,,,,,,,,,,,,,,,,,,,,,,,,,,,,,,,
1415,,,651,855,,14.10,82.50,2104,15.0,34.500,2.291,5.83,2.109,17.04,1.00,0.98,-0.76,0.90,0.750,1.02,-1.32,1.110,0.00,0.90,2.010,23.3,0.000,0.694,0.000,900,6.85,4.5,1.46,-2.52,44.3,1,1,0,1,1,1,0,0,0,0,1,0,0,0,0,0,0,0,0,0,0,1,1,1,1,1,0,0,0,0,0,0,1,1,5155.8,0C,1,1,0,1,1,0,1,0,0,104.38,287.56,,,,,,,,,,,,,,,,,,,,,,,,,,,,,,,,,,,,,,,,,,,,,,,,,,,,,,,,,,
1416,,,652,243,,14.10,82.50,2102,15.0,34.500,2.278,5.83,2.109,16.99,1.00,0.98,-0.76,0.89,0.750,1.02,-1.32,1.110,0.00,0.90,1.761,23.3,0.000,0.694,0.000,900,6.85,4.5,1.46,-2.52,44.3,1,1,0,1,1,1,0,0,0,0,1,0,0,0,0,0,0,0,0,0,0,1,1,1,1,1,0,0,0,0,0,0,1,1,5155.8,0C,1,1,0,1,1,0,1,0,0,103.75,286.06,,,,,,,,,,,,,,,,,,,,,,,,,,,,,,,,,,,,,,,,,,,,,,,,,,,,,,,,,,
1417,,,652,643,,14.10,82.50,2097,15.0,34.500,2.278,5.76,2.109,16.97,1.00,0.97,-0.76,0.89,0.750,1.02,-1.32,1.110,0.00,0.90,1.761,23.3,0.000,0.694,0.000,900,6.86,4.5,1.46,-2.52,44.3,1,1,0,1,1,1,0,0,0,0,1,0,0,0,0,0,0,0,0,0,0,1,1,1,1,1,0,0,0,0,0,0,1,1,5155.8,0C,1,1,0,1,1,0,1,0,0,104.25,287.88,,,,,,,,,,,,,,,,,,,,,,,,,,,,,,,,,,,,,,,,,,,,,,,,,,,,,,,,,,
1418,,,653,025,,14.10,82.50,2091,15.0,34.500,2.285,5.88,2.109,17.02,1.00,0.97,-0.76,0.88,0.750,1.02,-1.32,1.110,0.00,0.90,1.761,23.3,0.000,0.694,0.000,900,6.86,4.5,1.46,-2.52,44.3,1,1,0,1,1,1,0,0,0,0,1,0,0,0,0,0,0,0,0,0,0,1,1,1,1,1,0,0,0,0,0,0,1,1,5155.8,0C,1,1,0,1,1,0,1,0,0,103.81,286.44,,,,,,,,,,,,,,,,,,,,,,,,,,,,,,,,,,,,,,,,,,,,,,,,,,,,,,,,,,
1419,,,653,423,,14.10,82.50,2080,15.0,34.500,2.272,5.83,2.109,16.97,1.00,0.97,-0.76,0.88,0.750,1.02,-1.32,1.109,0.00,0.90,1.761,23.3,0.000,0.694,0.000,900,6.87,4.5,1.46,-2.52,44.3,1,1,0,1,1,1,0,0,0,0,1,0,0,0,0,0,0,0,0,0,0,1,1,1,1,1,0,0,0,0,0,0,1,1,5155.8,0C,1,1,0,1,1,0,1,0,0,104.00,287.50,,,,,,,,,,,,,,,,,,,,,,,,,,,,,,,,,,,,,,,,,,,,,,,,,,,,,,,,,,
1420,,,653,815,,14.10,82.50,2074,15.0,34.500,2.688,5.88,2.109,17.09,1.00,1.00,-0.76,0.94,0.980,1.02,-1.32,1.108,0.00,0.90,1.761,23.3,0.000,0.694,0.000,900,6.87,4.5,1.47,-2.52,44.3,1,1,0,1,1,1,0,0,0,0,1,0,0,0,0,0,0,0,0,0,0,1,1,1,1,1,0,0,0,0,0,0,1,1,5155.8,0C,1,1,0,1,1,0,1,0,0,105.44,291.13,,,,,,,,,,,,,,,,,,,,,,,,,,,,,,,,,,,,,,,,,,,,,,,,,,,,,,,,,,
1421,,,654,203,,14.10,82.50,2074,15.0,34.500,2.650,5.88,2.272,17.25,1.00,1.02,-0.76,0.98,0.954,1.02,-1.32,1.108,0.00,0.90,2.262,23.3,0.000,0.694,0.000,900,6.88,4.5,1.47,-2.52,44.3,1,1,0,1,1,1,0,0,0,0,1,0,0,0,0,0,0,0,0,0,0,1,1,1,1,1,0,0,0,0,0,0,1,1,5155.8,0C,1,1,0,1,1,0,1,0,0,106.25,294.56,,,,,,,,,,,,,,,,,,,,,,,,,,,,,,,,,,,,,,,,,,,,,,,,,,,,,,,,,,
1422,,,654,596,,14.10,82.50,2083,15.0,34.500,2.605,5.93,2.272,17.32,1.00,1.02,-0.76,0.97,0.927,1.02,-1.32,1.109,0.00,0.90,2.262,23.3,0.000,0.694,0.000,900,6.87,4.5,1.46,-2.52,44.3,1,1,0,1,1,1,0,0,0,0,1,0,0,0,0,0,0,0,0,0,0,1,1,1,1,1,0,0,0,0,0,0,1,1,5155.8,0C,1,1,0,1,1,0,1,0,0,106.56,295.56,,,,,,,,,,,,,,,,,,,,,,,,,,,,,,,,,,,,,,,,,,,,,,,,,,,,,,,,,,
1423,,,655,038,,14.10,82.50,2095,15.0,34.500,2.592,5.93,2.272,17.51,1.00,1.02,-0.76,0.96,0.897,1.02,-1.32,1.111,0.00,0.90,2.262,23.3,0.000,0.694,0.000,900,6.86,4.5,1.46,-2.52,44.3,1,1,0,1,1,1,0,0,0,0,1,0,0,0,0,0,0,0,0,0,0,1,1,1,1,1,0,0,0,0,0,0,1,1,5155.8,0C,1,1,0,1,1,0,1,0,0,106.94,296.06,,,,,,,,,,,,,,,,,,,,,,,,,,,,,,,,,,,,,,,,,,,,,,,,,,,,,,,,,,
1424,,,655,453,,14.10,82.50,2096,15.0,34.500,2.592,6.20,2.429,17.95,1.00,1.02,-0.76,0.95,0.863,1.02,-1.32,1.113,0.00,0.90,2.262,23.3,0.000,0.694,0.000,900,6.86,4.5,1.46,-2.52,44.3,1,1,0,1,1,1,0,0,0,0,1,0,0,0,0,0,0,0,0,0,0,1,1,1,1,1,0,0,0,0,0,0,1,1,5155.8,0C,1,1,0,1,1,0,1,0,0,109.81,301.81,,,,,,,,,,,,,,,,,,,,,,,,,,,,,,,,,,,,,,,,,,,,,,,,,,,,,,,,,,
1425,,,655,836,,14.10,82.50,2109,15.0,34.500,2.547,6.20,2.429,17.91,1.00,1.01,-0.76,0.94,0.835,0.06,2.91,0.000,0.01,0.45,0.194,-42.0,76.173,0.703,-24.750,2520,-43.37,1766.7,1.54,-49.63,113.3,0,1,0,0,0,1,0,1,1,1,1,1,0,1,1,0,0,1,0,0,0,0,0,0,0,0,0,1,1,0,0,0,0,0,9347.0,D1,0,1,0,1,0,1,1,1,1,1,1,,,,,,,,,,,,,,,,,,,,,,,,,,,,,,,,,,,,,,,,,,,,,,,,,,,,,,,,,,
1426,,,656,236,,14.10,82.50,2123,15.0,34.500,2.483,6.20,2.429,17.84,1.00,1.02,-0.76,0.94,0.806,1.02,-1.32,1.115,0.00,0.90,2.010,23.3,0.000,0.694,0.000,900,6.84,4.5,1.46,-2.51,44.3,1,1,0,1,1,1,0,0,0,0,1,0,0,0,0,0,0,0,0,0,0,1,1,1,1,1,0,0,0,0,0,0,1,1,5155.8,0C,1,1,0,1,1,0,1,0,0,109.13,300.00,,,,,,,,,,,,,,,,,,,,,,,,,,,,,,,,,,,,,,,,,,,,,,,,,,,,,,,,,,
1427,,,656,644,,14.10,82.50,2132,15.0,34.500,2.458,6.25,2.429,17.91,1.00,1.00,-0.76,0.92,0.777,1.02,-1.32,1.116,0.00,0.90,2.010,23.3,0.000,0.694,0.000,900,6.83,4.5,1.46,-2.51,44.3,1,1,0,1,1,1,0,0,0,0,1,0,0,0,0,0,0,0,0,0,0,1,1,1,1,1,0,0,0,0,0,0,1,1,5155.8,0C,1,1,0,1,1,0,1,0,0,109.50,301.56,,,,,,,,,,,,,,,,,,,,,,,,,,,,,,,,,,,,,,,,,,,,,,,,,,,,,,,,,,
1428,,,657,056,,14.10,82.50,2142,16.3,34.500,2.394,6.32,2.429,17.81,1.00,0.99,-0.76,0.91,0.750,1.02,-1.32,1.116,0.00,0.90,2.163,23.3,0.000,0.694,0.000,900,6.83,4.5,1.46,-2.51,44.3,1,1,0,1,1,1,0,0,0,0,1,0,0,0,0,0,0,0,0,0,0,1,1,1,1,1,0,0,0,0,0,0,1,1,5155.8,0C,1,1,0,1,1,0,1,0,0,109.13,301.06,,,,,,,,,,,,,,,,,,,,,,,,,,,,,,,,,,,,,,,,,,,,,,,,,,,,,,,,,,
1429,,,657,458,,14.10,83.25,2153,16.3,34.500,2.413,6.25,2.429,17.91,1.00,0.98,-0.76,0.88,0.750,1.02,-1.32,1.117,0.00,0.90,2.163,23.3,0.000,0.694,0.000,900,6.82,4.5,1.46,-2.51,44.3,1,1,0,1,1,1,0,0,0,0,1,0,0,0,0,0,0,0,0,0,0,1,1,1,1,1,0,0,0,0,0,0,1,1,5155.8,0C,1,1,0,1,1,0,1,0,0,109.31,301.81,,,,,,,,,,,,,,,,,,,,,,,,,,,,,,,,,,,,,,,,,,,,,,,,,,,,,,,,,,
1430,,,657,886,,14.10,83.25,2161,16.3,34.500,2.400,6.32,2.429,17.84,1.00,0.98,-0.76,0.88,0.750,1.02,-1.32,1.117,0.00,0.90,2.163,23.3,0.000,0.694,0.000,900,6.82,4.5,1.46,-2.50,44.3,1,1,0,1,1,1,0,0,0,0,1,0,0,0,0,0,0,0,0,0,0,1,1,1,1,1,0,0,0,0,0,0,1,1,5155.8,0C,1,1,0,1,1,0,1,0,0,109.44,302.25,,,,,,,,,,,,,,,,,,,,,,,,,,,,,,,,,,,,,,,,,,,,,,,,,,,,,,,,,,
1431,,,660,344,,14.10,83.25,2007,15.0,12.750,1.984,4.37,0.647,13.43,1.00,1.04,-0.76,0.97,0.913,1.02,-1.32,1.113,0.00,0.90,2.010,23.3,0.000,0.694,0.000,900,6.92,4.5,1.48,-4.09,44.3,1,1,0,1,1,1,0,0,0,0,1,0,0,0,0,0,0,0,1,0,0,1,1,1,1,0,0,0,0,1,0,0,1,1,5155.8,0C,1,1,0,1,1,0,1,0,0,80.44,241.06,,,,,,,,,,,,,,,,,,,,,,,,,,,,,,,,,,,,,,,,,,,,,,,,,,,,,,,,,,
1432,,,660,735,,14.10,83.25,1894,13.8,21.750,1.645,4.13,1.054,10.80,1.00,1.01,-0.76,0.92,0.892,1.02,-1.32,1.116,0.00,0.90,2.010,23.3,0.000,0.694,0.000,900,7.00,4.5,1.49,-3.78,44.3,1,1,0,1,1,1,0,0,0,0,1,0,0,0,0,0,0,0,1,0,0,1,1,1,1,0,0,0,0,1,0,0,1,1,5155.8,0C,1,1,0,1,1,0,1,0,0,66.31,232.88,,,,,,,,,,,,,,,,,,,,,,,,,,,,,,,,,,,,,,,,,,,,,,,,,,,,,,,,,,
1433,,,661,123,,14.10,83.25,1778,12.5,36.750,1.818,4.79,3.078,11.46,1.00,0.26,-0.76,0.15,0.903,1.02,-1.32,1.115,0.00,0.90,1.099,23.3,0.000,0.694,0.000,900,7.08,4.5,1.51,-2.60,44.3,1,1,0,1,1,1,0,0,0,0,1,0,0,0,0,0,0,0,0,0,0,1,1,1,1,1,0,0,0,1,0,0,1,1,5155.8,0C,1,1,0,1,1,0,1,0,0,70.69,256.19,,,,,,,,,,,,,,,,,,,,,,,,,,,,,,,,,,,,,,,,,,,,,,,,,,,,,,,,,,
1434,,,661,507,,14.10,83.25,1733,12.5,34.500,2.400,5.93,3.078,15.56,1.00,0.19,-0.76,0.17,0.923,1.02,-1.32,1.091,0.00,0.90,1.099,23.3,0.000,0.694,0.000,900,7.10,4.5,1.52,-2.61,44.3,1,1,0,1,1,1,0,0,0,0,1,0,0,0,0,0,0,0,0,0,0,1,1,1,1,1,0,0,0,1,0,0,1,1,5155.8,0C,1,1,0,1,1,0,1,0,0,95.56,316.63,,,,,,,,,,,,,,,,,,,,,,,,,,,,,,,,,,,,,,,,,,,,,,,,,,,,,,,,,,
1435,,,661,893,,14.10,83.25,1729,12.5,33.000,2.822,5.35,2.921,18.28,1.00,0.21,-0.76,0.19,0.939,1.02,-1.32,1.091,0.00,0.90,1.099,23.3,0.000,0.694,0.000,900,7.11,4.5,1.52,-2.61,44.3,1,1,0,1,1,1,0,0,0,0,1,0,0,0,0,0,0,0,0,0,0,1,1,1,1,1,0,0,0,0,0,0,1,1,5155.8,0C,1,1,0,1,1,0,1,0,0,117.50,364.75,,,,,,,,,,,,,,,,,,,,,,,,,,,,,,,,,,,,,,,,,,,,,,,,,,,,,,,,,,
1436,,,662,286,,14.10,83.25,1775,12.5,33.000,2.816,6.62,2.272,18.75,1.00,0.78,-0.76,0.80,0.934,1.02,-1.32,1.097,0.00,0.90,2.070,23.3,0.000,0.694,0.000,900,7.07,4.5,1.51,-2.60,44.3,1,1,0,1,1,1,0,0,0,0,1,0,0,0,0,0,0,0,0,0,0,1,1,1,1,1,0,0,0,0,0,0,1,1,5155.8,0C,1,1,0,1,1,0,1,0,0,115.50,363.63,,,,,,,,,,,,,,,,,,,,,,,,,,,,,,,,,,,,,,,,,,,,,,,,,,,,,,,,,,
1437,,,662,685,,14.10,83.25,1829,13.8,33.750,2.637,6.08,1.460,17.44,1.00,0.22,-0.76,0.20,0.959,1.02,-1.32,1.094,0.00,0.90,2.070,23.3,0.000,0.694,0.000,900,7.03,4.5,1.15,-43.38,113.3,0,1,0,0,0,1,0,1,1,1,1,1,0,1,1,0,0,1,0,0,0,0,0,0,0,0,0,1,1,0,0,0,0,0,5464.7,AF,0,1,0,1,0,1,1,1,1,1,1,,,,,,,,,,,,,,,,,,,,,,,,,,,,,,,,,,,,,,,,,,,,,,,,,,,,,,,,,,
1438,,,663,107,,14.10,83.25,1861,13.8,34.500,2.368,5.40,1.460,15.28,1.00,0.23,-0.76,0.21,0.981,1.02,-1.32,1.096,0.00,0.90,1.980,23.3,0.000,0.694,0.000,900,7.01,4.5,1.50,-2.58,44.3,1,1,0,1,1,1,0,0,0,0,1,0,0,0,0,0,0,0,0,0,0,1,1,1,1,0,0,0,0,1,0,0,1,1,5155.8,0C,1,1,0,1,1,0,1,0,0,91.94,295.69,,,,,,,,,,,,,,,,,,,,,,,,,,,,,,,,,,,,,,,,,,,,,,,,,,,,,,,,,,
1439,,,663,514,,14.10,83.25,1878,13.8,35.250,2.253,5.27,1.460,14.60,1.00,0.81,-0.76,0.79,0.964,1.02,-1.32,1.101,0.00,0.90,1.980,23.3,0.000,0.694,0.000,900,7.00,4.5,1.50,-2.57,44.3,1,1,0,1,1,1,0,0,0,0,1,0,0,0,0,0,0,0,0,0,0,1,1,1,1,0,0,0,0,1,0,0,1,1,5155.8,0C,1,1,0,1,1,0,1,0,0,87.81,282.25,,,,,,,,,,,,,,,,,,,,,,,,,,,,,,,,,,,,,,,,,,,,,,,,,,,,,,,,,,
1440,,,663,915,,14.10,83.25,1853,13.8,24.000,2.106,5.10,1.460,13.71,1.00,0.87,-0.76,0.77,0.942,1.02,-1.32,1.106,0.00,0.90,1.980,23.3,0.000,0.694,0.000,900,7.03,4.5,1.50,-2.58,44.3,1,1,0,1,1,1,0,0,0,0,1,0,0,0,0,0,0,0,0,0,0,1,1,1,1,0,0,0,0,1,0,0,1,1,5155.8,0C,1,1,0,1,1,0,1,0,0,81.00,276.56,,,,,,,,,,,,,,,,,,,,,,,,,,,,,,,,,,,,,,,,,,,,,,,,,,,,,,,,,,
1441,,,664,293,,14.10,83.25,1787,13.8,16.500,2.003,4.61,2.593,12.63,1.00,0.19,-0.76,0.17,0.969,1.02,-1.32,1.113,0.00,0.90,1.537,23.3,0.000,0.694,0.000,900,7.06,4.5,1.51,-2.59,44.3,1,1,0,1,1,1,0,0,0,0,1,0,0,0,0,0,0,0,0,0,0,1,1,1,1,1,0,0,0,1,0,0,1,1,5155.8,0C,1,1,0,1,1,0,1,0,0,77.00,266.63,,,,,,,,,,,,,,,,,,,,,,,,,,,,,,,,,,,,,,,,,,,,,,,,,,,,,,,,,,
1442,,,664,683,,14.10,83.25,1767,12.5,27.750,2.208,5.27,2.757,13.36,1.00,0.21,-0.76,0.19,0.988,1.02,-1.32,1.107,0.00,0.90,1.537,23.3,0.000,0.694,0.000,900,7.10,4.5,1.51,-2.61,44.3,1,1,0,1,1,1,0,0,0,0,1,0,0,0,0,0,0,0,0,0,0,1,1,1,1,1,0,0,0,0,0,0,1,1,5155.8,0C,1,1,0,1,1,0,1,0,0,90.63,302.31,,,,,,,,,,,,,,,,,,,,,,,,,,,,,,,,,,,,,,,,,,,,,,,,,,,,,,,,,,
1443,,,665,066,,14.10,83.25,1712,12.5,14.250,2.886,6.32,2.921,18.05,1.00,0.70,-0.76,0.81,1.009,1.02,-1.32,1.093,0.00,0.90,1.957,23.3,0.000,0.694,0.000,900,7.10,4.5,1.52,-2.61,44.3,1,1,0,1,1,1,0,0,0,0,1,0,0,0,0,0,0,0,0,0,0,1,1,1,1,1,0,0,0,0,0,0,1,1,5155.8,0C,1,1,0,1,1,0,1,0,0,110.00,351.81,,,,,,,,,,,,,,,,,,,,,,,,,,,,,,,,,,,,,,,,,,,,,,,,,,,,,,,,,,
1444,,,665,467,,14.10,83.25,1671,12.5,31.500,3.194,5.40,2.272,20.93,1.00,0.90,-0.76,0.81,0.961,1.02,-1.32,1.093,0.00,0.90,1.957,23.3,0.000,0.694,0.000,900,7.17,4.5,1.53,-2.63,44.3,1,1,0,1,1,1,0,0,0,0,1,0,0,0,0,0,0,0,0,0,0,1,1,1,1,1,0,0,0,0,0,0,1,1,5155.8,0C,1,1,0,1,1,0,1,0,0,122.69,375.69,,,,,,,,,,,,,,,,,,,,,,,,,,,,,,,,,,,,,,,,,,,,,,,,,,,,,,,,,,
1445,,,665,855,,14.10,83.25,1795,12.5,33.750,2.618,6.49,2.351,17.51,1.00,0.97,-0.76,0.87,0.938,1.02,-1.32,1.091,0.00,0.90,1.957,23.3,0.000,0.694,0.000,900,7.06,4.5,1.51,-2.59,44.3,1,1,0,1,1,1,0,0,0,0,1,0,0,0,0,0,0,0,0,0,0,1,1,1,1,1,0,0,0,0,0,0,1,1,5155.8,0C,1,1,0,1,1,0,1,0,0,112.25,353.69,,,,,,,,,,,,,,,,,,,,,,,,,,,,,,,,,,,,,,,,,,,,,,,,,,,,,,,,,,
1446,,,666,246,,14.10,83.25,1830,12.5,33.750,2.694,6.32,2.272,17.63,1.00,0.25,-0.76,0.24,0.964,1.02,-1.32,1.096,0.00,0.90,1.980,23.3,0.000,0.694,0.000,900,7.02,4.5,1.50,-2.58,44.3,1,1,0,1,1,1,0,0,0,0,1,0,0,0,0,0,0,0,0,0,0,1,1,1,1,1,0,0,0,0,0,0,1,1,5155.8,0C,1,1,0,1,1,0,1,0,0,105.94,332.88,,,,,,,,,,,,,,,,,,,,,,,,,,,,,,,,,,,,,,,,,,,,,,,,,,,,,,,,,,
1447,,,666,638,,14.10,83.25,1839,13.8,33.750,2.867,6.45,2.272,18.16,1.00,0.22,-0.76,0.20,0.987,1.02,-1.32,1.101,0.00,0.90,1.980,23.3,0.000,0.694,0.000,900,7.01,4.5,1.50,-2.58,44.3,1,1,0,1,1,1,0,0,0,0,1,0,0,0,0,0,0,0,0,0,0,1,1,1,1,1,0,0,0,0,0,0,1,1,5155.8,0C,1,1,0,1,1,0,1,0,0,112.00,335.31,,,,,,,,,,,,,,,,,,,,,,,,,,,,,,,,,,,,,,,,,,,,,,,,,,,,,,,,,,
1448,,,667,042,,14.10,83.25,1864,13.8,33.750,2.797,6.49,2.272,18.12,1.00,0.88,-0.76,0.85,0.966,1.02,-1.32,1.101,0.00,0.90,1.980,23.3,0.000,0.694,0.000,900,7.00,4.5,1.50,-2.57,44.3,1,1,0,1,1,1,0,0,0,0,1,0,0,0,0,0,0,0,0,0,0,1,1,1,1,1,0,0,0,0,0,0,1,1,5155.8,0C,1,1,0,1,1,0,1,0,0,113.19,333.81,,,,,,,,,,,,,,,,,,,,,,,,,,,,,,,,,,,,,,,,,,,,,,,,,,,,,,,,,,
1449,,,667,453,,14.10,83.25,1888,13.8,23.250,2.432,5.40,0.000,16.45,1.00,0.94,-0.76,0.88,0.939,1.02,-1.32,1.090,0.00,0.90,1.980,23.3,0.000,0.694,0.000,900,7.00,4.5,1.50,-3.79,44.3,1,1,0,1,1,1,0,0,0,0,1,0,0,0,0,0,0,0,1,0,0,1,1,1,1,0,0,0,0,1,0,0,1,1,5155.8,0C,1,1,0,1,1,0,1,0,0,99.63,307.19,,,,,,,,,,,,,,,,,,,,,,,,,,,,,,,,,,,,,,,,,,,,,,,,,,,,,,,,,,
1450,,,671,894,,14.10,83.25,1078,7.5,0.750,3.354,4.25,0.000,21.56,0.96,0.95,-0.76,0.92,0.975,1.02,-1.32,1.040,0.00,0.90,1.266,24.0,0.000,0.694,0.000,900,7.21,4.5,1.54,0.49,44.3,1,1,0,1,1,1,0,0,0,0,1,0,0,0,0,0,0,0,1,0,0,1,1,1,1,1,0,0,0,0,0,0,1,1,5155.8,0C,1,1,0,1,1,0,1,0,0,131.81,441.75,,,,,,,,,,,,,,,,,,,,,,,,,,,,,,,,,,,,,,,,,,,,,,,,,,,,,,,,,,
1451,,,672,283,,14.00,83.25,1044,7.5,-0.750,3.200,3.93,0.000,21.59,0.98,0.98,-0.76,0.93,0.959,1.02,-1.32,1.038,0.00,0.90,1.565,24.0,0.000,0.694,0.000,900,7.21,4.5,1.54,0.78,44.3,1,1,0,1,1,1,0,0,0,0,1,0,0,0,0,0,0,0,1,0,0,1,1,1,1,1,0,0,0,0,0,0,1,1,5155.8,0C,1,1,0,1,1,0,1,0,0,131.44,440.81,,,,,,,,,,,,,,,,,,,,,,,,,,,,,,,,,,,,,,,,,,,,,,,,,,,,,,,,,,
1452,,,672,674,,14.00,83.25,1020,7.5,-1.500,3.046,3.81,0.000,21.21,0.98,0.98,-0.76,0.93,0.942,1.02,-1.32,1.041,0.00,0.90,1.565,24.0,0.000,0.694,0.000,900,7.21,4.5,1.54,0.92,44.3,1,1,0,1,1,1,0,0,0,0,1,0,0,0,0,0,0,0,1,0,0,1,1,1,1,1,0,0,0,0,0,0,1,1,5155.8,0C,1,1,0,1,1,0,1,0,0,129.69,437.19,,,,,,,,,,,,,,,,,,,,,,,,,,,,,,,,,,,,,,,,,,,,,,,,,,,,,,,,,,
1453,,,673,053,,14.10,83.25,978,6.3,4.500,3.002,3.76,0.000,21.21,0.99,0.96,-0.76,0.89,0.927,1.02,-1.32,1.040,0.00,0.90,1.290,24.0,0.000,0.694,0.000,900,7.21,4.5,1.54,-0.09,44.3,1,1,0,1,1,1,0,0,0,0,1,0,1,0,0,0,0,0,1,0,0,1,1,1,1,1,0,0,0,0,0,0,1,1,5155.8,0C,1,1,0,1,1,0,1,0,0,130.25,441.13,,,,,,,,,,,,,,,,,,,,,,,,,,,,,,,,,,,,,,,,,,,,,,,,,,,,,,,,,,
1454,,,675,487,,14.10,84.00,974,5.0,12.000,2.470,3.56,0.000,18.87,1.00,0.20,-0.76,0.18,0.881,1.02,-1.32,1.048,0.00,0.90,0.970,24.8,9.018,0.694,0.000,900,7.22,4.5,1.76,-0.11,44.3,1,1,0,1,1,1,0,0,0,0,1,0,1,0,0,0,0,0,1,0,1,1,1,1,1,0,0,0,0,0,0,0,1,1,5155.8,0C,1,1,0,1,1,0,1,0,0,117.19,415.81,,,,,,,,,,,,,,,,,,,,,,,,,,,,,,,,,,,,,,,,,,,,,,,,,,,,,,,,,,
1455,,,675,894,,14.10,84.00,955,3.8,3.000,5.005,8.74,4.546,31.38,1.00,0.19,-0.76,0.18,0.897,1.02,-1.32,1.041,0.00,0.90,0.970,24.8,0.000,0.694,0.000,1200,7.22,4.5,1.78,1.02,44.3,1,1,0,1,1,1,0,0,0,0,1,0,1,0,0,0,0,0,0,0,0,1,1,1,1,1,0,1,0,0,0,0,1,1,5155.8,0C,1,1,0,1,1,0,1,0,0,209.94,639.00,,,,,,,,,,,,,,,,,,,,,,,,,,,,,,,,,,,,,,,,,,,,,,,,,,,,,,,,,,
1456,,,678,389,,14.00,84.00,945,2.5,3.750,3.373,4.00,0.000,24.89,1.00,0.19,-0.76,0.18,0.915,1.02,-1.32,1.016,0.00,0.90,1.099,24.0,9.178,0.694,0.000,900,7.21,4.5,2.47,-0.08,44.3,1,1,0,1,1,1,0,0,0,0,1,0,1,0,0,0,0,0,1,0,1,1,1,1,1,0,0,0,0,0,0,0,1,1,5155.8,0C,1,1,0,1,1,0,1,0,0,150.19,488.50,,,,,,,,,,,,,,,,,,,,,,,,,,,,,,,,,,,,,,,,,,,,,,,,,,,,,,,,,,
1457,,,678,888,,13.80,84.00,933,2.5,7.500,3.322,4.00,0.000,24.07,1.00,0.24,-0.76,0.23,0.938,1.02,-1.32,1.018,0.00,0.90,1.099,24.0,9.178,0.694,0.000,900,7.22,4.5,2.49,-0.01,44.3,1,1,0,1,1,1,0,0,0,0,1,1,1,0,0,0,0,0,1,0,1,1,1,1,1,0,0,0,0,0,0,1,1,1,5155.8,0C,1,1,0,1,1,0,1,0,0,147.19,481.94,,,,,,,,,,,,,,,,,,,,,,,,,,,,,,,,,,,,,,,,,,,,,,,,,,,,,,,,,,
1458,,,679,274,,14.00,84.00,929,1.3,4.500,3.206,3.76,0.000,23.58,1.00,0.76,-0.76,0.74,0.928,1.02,-1.32,1.022,0.00,0.90,1.318,24.8,9.522,0.694,0.000,900,7.22,4.5,2.48,0.00,44.3,1,1,0,1,1,1,0,0,0,0,1,1,1,0,0,0,0,0,1,0,1,1,1,1,1,0,0,0,0,0,0,1,1,1,5155.8,0C,1,1,0,1,1,0,1,0,0,143.88,473.50,,,,,,,,,,,,,,,,,,,,,,,,,,,,,,,,,,,,,,,,,,,,,,,,,,,,,,,,,,
1459,,,679,663,,14.10,84.00,918,0.0,6.000,3.136,3.76,0.000,23.34,1.00,0.89,-0.76,0.86,0.910,1.02,-1.32,1.024,0.00,0.90,1.318,24.8,9.522,0.694,0.000,900,7.22,4.5,2.45,0.00,44.3,1,1,0,1,1,1,0,0,0,0,1,0,1,0,0,0,0,0,1,0,1,1,1,1,1,0,0,0,0,0,0,1,1,1,5155.8,0C,1,1,0,1,1,0,1,0,0,143.13,472.69,,,,,,,,,,,,,,,,,,,,,,,,,,,,,,,,,,,,,,,,,,,,,,,,,,,,,,,,,,
1460,,,680,073,,14.00,84.00,913,0.0,3.000,3.104,3.76,0.000,23.37,1.00,0.87,-0.76,0.81,0.892,1.02,-1.32,1.024,0.00,0.90,1.208,24.8,9.522,0.694,0.000,900,7.22,4.5,2.44,0.00,44.3,1,1,0,1,1,1,0,0,0,0,1,1,1,0,0,0,0,0,1,0,1,1,1,1,1,0,0,0,0,0,0,1,1,1,5155.8,0C,1,1,0,1,1,0,1,0,0,143.13,472.75,,,,,,,,,,,,,,,,,,,,,,,,,,,,,,,,,,,,,,,,,,,,,,,,,,,,,,,,,,
1461,,,680,554,,14.10,84.00,905,0.0,5.250,3.053,3.76,0.000,23.44,1.00,0.42,-0.76,0.22,0.880,1.02,-1.32,1.023,0.00,0.90,1.208,24.8,9.522,0.694,0.000,900,7.22,4.5,2.44,0.00,44.3,1,1,0,1,1,1,0,0,0,0,1,0,1,0,0,0,0,0,1,0,1,1,1,1,1,0,0,0,0,0,0,0,1,1,5155.8,0C,1,1,0,1,1,0,1,0,0,143.63,474.63,,,,,,,,,,,,,,,,,,,,,,,,,,,,,,,,,,,,,,,,,,,,,,,,,,,,,,,,,,
1462,,,681,033,,14.10,84.00,909,0.0,3.750,4.909,7.96,9.906,30.16,1.00,0.21,-0.76,0.20,0.926,1.02,-1.32,1.036,0.00,0.90,1.428,24.8,0.000,0.694,0.000,1100,7.22,4.5,2.44,0.54,44.3,1,1,0,1,1,1,0,0,0,0,1,0,1,0,0,0,0,0,0,0,0,1,1,1,1,0,0,1,0,0,0,0,1,1,5155.8,0C,1,1,0,1,1,0,1,0,0,184.88,591.19,,,,,,,,,,,,,,,,,,,,,,,,,,,,,,,,,,,,,,,,,,,,,,,,,,,,,,,,,,
1463,,,681,443,,14.10,84.00,1335,0.0,-6.750,5.146,3.88,0.000,38.39,1.00,0.96,-0.76,0.94,0.895,1.02,-1.32,1.078,0.00,0.90,1.428,24.8,8.995,0.694,0.000,1200,7.22,4.5,2.40,-0.35,44.3,1,1,0,1,1,1,0,0,0,0,1,0,1,0,0,0,0,0,1,0,1,1,1,1,1,0,0,1,0,0,0,0,1,1,5155.8,0C,1,1,0,1,1,0,1,0,0,230.81,632.81,,,,,,,,,,,,,,,,,,,,,,,,,,,,,,,,,,,,,,,,,,,,,,,,,,,,,,,,,,
1464,,,681,824,,14.00,84.00,1324,0.0,9.750,1.978,3.03,0.000,16.45,1.00,0.27,-0.76,0.18,0.875,1.02,-1.32,1.075,0.00,0.90,1.428,24.8,8.995,0.694,0.000,900,7.22,4.5,1.97,-1.47,44.3,1,1,0,1,1,1,0,0,0,0,1,0,1,0,0,0,0,0,1,0,1,1,1,1,1,0,0,0,0,0,0,0,1,1,5155.8,0C,1,1,0,1,1,0,1,0,0,97.75,347.75,,,,,,,,,,,,,,,,,,,,,,,,,,,,,,,,,,,,,,,,,,,,,,,,,,,,,,,,,,
1465,,,682,203,,14.00,84.00,1166,0.0,21.750,2.138,3.52,0.000,15.56,1.00,0.17,-0.76,0.15,0.911,1.02,-1.32,1.065,0.00,0.90,1.066,24.8,8.995,0.694,0.000,900,7.22,4.5,1.90,-0.72,44.3,1,1,0,1,1,1,0,0,0,0,1,0,1,0,0,0,0,0,1,0,1,1,1,1,1,0,0,0,0,0,0,0,1,1,5155.8,0C,1,1,0,1,1,0,1,0,0,95.50,356.25,,,,,,,,,,,,,,,,,,,,,,,,,,,,,,,,,,,,,,,,,,,,,,,,,,,,,,,,,,
1466,,,682,585,,14.00,84.75,1105,0.0,14.250,2.426,4.49,0.000,17.25,1.00,0.17,-0.76,0.16,0.920,1.02,-1.32,1.053,0.00,0.90,1.066,24.8,8.995,0.694,0.000,900,7.22,4.5,1.55,-0.32,44.3,1,1,0,1,1,1,0,0,0,0,1,0,1,0,0,0,0,0,1,0,1,1,1,1,1,0,0,0,0,0,0,0,1,1,5155.8,0C,1,1,0,1,1,0,1,0,0,117.19,411.94,,,,,,,,,,,,,,,,,,,,,,,,,,,,,,,,,,,,,,,,,,,,,,,,,,,,,,,,,,
1467,,,683,008,,14.00,84.75,997,0.0,6.750,3.168,4.49,0.000,22.31,1.00,0.18,-0.76,0.17,0.935,1.02,-1.32,1.032,0.00,0.90,1.290,24.8,8.995,0.694,0.000,900,7.22,4.5,1.54,-0.10,44.3,1,1,0,1,1,1,0,0,0,0,1,0,0,0,0,0,0,0,1,0,1,1,1,1,1,0,0,0,0,0,0,0,1,1,5155.8,0C,1,1,0,1,1,0,1,0,0,140.88,464.31,,,,,,,,,,,,,,,,,,,,,,,,,,,,,,,,,,,,,,,,,,,,,,,,,,,,,,,,,,
1468,,,683,396,,14.10,84.75,949,0.0,0.750,3.149,3.20,0.000,22.66,1.00,0.21,-0.76,0.21,0.952,1.02,-1.32,1.029,0.00,0.90,1.290,24.8,8.995,0.694,0.000,800,7.22,4.5,1.56,-0.28,44.3,1,1,0,1,1,1,0,0,0,0,1,0,0,0,0,0,0,0,1,0,1,1,1,1,1,0,0,0,0,0,0,0,1,1,5155.8,0C,1,1,0,1,1,0,1,0,0,134.25,452.44,,,,,,,,,,,,,,,,,,,,,,,,,,,,,,,,,,,,,,,,,,,,,,,,,,,,,,,,,,
1469,,,683,793,,13.90,84.75,904,0.0,4.500,2.822,3.20,0.000,20.84,1.00,0.82,-0.76,0.83,0.934,1.02,-1.32,1.043,0.00,0.90,1.290,24.8,8.995,0.694,0.000,800,7.22,4.5,1.56,-0.13,44.3,1,1,0,1,1,1,0,0,0,0,1,1,0,0,0,0,0,0,1,0,1,1,1,1,1,0,0,0,0,0,0,1,1,1,5155.8,0C,1,1,0,1,1,0,1,0,0,125.38,445.44,,,,,,,,,,,,,,,,,,,,,,,,,,,,,,,,,,,,,,,,,,,,,,,,,,,,,,,,,,
1470,,,684,183,,14.00,84.75,861,0.0,9.750,2.726,3.20,0.000,20.53,1.00,0.86,-0.76,0.79,0.920,1.02,-1.32,1.046,0.00,0.90,1.032,24.8,8.995,0.694,0.000,800,7.22,4.5,1.61,-0.05,44.3,1,1,0,1,1,1,0,0,0,0,1,1,0,0,0,0,0,0,1,0,1,1,1,1,1,0,0,0,0,0,0,1,1,1,5155.8,0C,1,1,0,1,1,0,1,0,0,125.69,449.19,,,,,,,,,,,,,,,,,,,,,,,,,,,,,,,,,,,,,,,,,,,,,,,,,,,,,,,,,,
1471,,,684,565,,14.00,84.75,836,0.0,8.250,2.752,3.20,0.000,20.39,1.00,0.20,-0.76,0.18,0.945,1.02,-1.32,1.047,0.00,0.90,1.032,24.8,8.995,0.694,0.000,800,7.22,4.5,1.61,0.00,44.3,1,1,0,1,1,1,0,0,0,0,1,1,0,0,0,0,0,0,1,0,1,1,1,1,1,0,0,0,0,0,0,1,1,1,5155.8,0C,1,1,0,1,1,0,1,0,0,126.75,456.25,,,,,,,,,,,,,,,,,,,,,,,,,,,,,,,,,,,,,,,,,,,,,,,,,,,,,,,,,,
1472,,,684,944,,14.00,84.75,832,0.0,6.750,2.880,3.20,0.000,21.05,1.00,0.19,-0.76,0.18,0.959,1.02,-1.32,1.042,0.00,0.90,1.103,24.8,8.995,0.694,0.000,800,7.22,4.5,1.57,0.00,44.3,1,1,0,1,1,1,0,0,0,0,1,1,0,0,0,0,0,0,1,0,1,1,1,1,1,0,0,0,0,0,0,1,1,1,5155.8,0C,1,1,0,1,1,0,1,0,0,128.06,462.94,,,,,,,,,,,,,,,,,,,,,,,,,,,,,,,,,,,,,,,,,,,,,,,,,,,,,,,,,,
1473,,,685,353,,14.00,84.75,826,0.0,8.250,2.976,3.27,0.000,21.40,1.00,0.19,-0.76,0.18,0.973,1.02,-1.32,1.039,0.00,0.90,1.103,24.8,8.995,0.694,0.000,800,7.22,4.5,1.53,0.00,44.3,1,1,0,1,1,1,0,0,0,0,1,1,0,0,0,0,0,0,1,0,1,1,1,1,1,0,0,0,0,0,0,1,1,1,5155.8,0C,1,1,0,1,1,0,1,0,0,129.25,466.13,,,,,,,,,,,,,,,,,,,,,,,,,,,,,,,,,,,,,,,,,,,,,,,,,,,,,,,,,,
1474,,,687,904,,14.00,84.75,812,0.0,3.000,3.085,3.32,0.000,22.31,1.00,0.84,-0.76,0.77,0.990,1.02,-1.32,1.032,0.00,0.90,1.204,25.5,9.178,0.694,0.000,800,7.24,4.5,1.23,0.00,44.3,1,1,0,1,1,1,0,0,0,0,1,1,0,0,0,0,0,0,1,0,1,1,1,1,1,0,0,0,0,0,0,1,1,1,5155.8,0C,1,1,0,1,1,0,1,0,0,138.06,482.19,,,,,,,,,,,,,,,,,,,,,,,,,,,,,,,,,,,,,,,,,,,,,,,,,,,,,,,,,,
1475,,,688,335,,14.00,84.75,807,0.0,-2.250,3.264,3.39,0.000,22.95,1.00,0.22,-0.76,0.21,1.016,1.02,-1.32,1.027,0.00,0.90,1.174,25.5,9.178,0.694,0.000,800,7.24,4.5,1.20,0.00,44.3,1,1,0,1,1,1,0,0,0,0,1,1,0,0,0,0,0,0,1,0,1,1,1,1,1,0,0,0,0,0,0,1,1,1,5155.8,0C,1,1,0,1,1,0,1,0,0,139.31,485.31,,,,,,,,,,,,,,,,,,,,,,,,,,,,,,,,,,,,,,,,,,,,,,,,,,,,,,,,,,
1476,,,688,738,,14.00,84.75,808,0.0,2.250,3.245,3.32,0.000,22.73,1.00,0.25,-0.76,0.22,1.030,1.02,-1.32,1.028,0.00,0.90,1.174,25.5,9.178,0.694,0.000,800,7.24,4.5,1.17,0.00,44.3,1,1,0,1,1,1,0,0,0,0,1,1,0,0,0,0,0,0,1,0,1,1,1,1,1,0,0,0,0,0,0,1,1,1,5155.8,0C,1,1,0,1,1,0,1,0,0,138.88,484.88,,,,,,,,,,,,,,,,,,,,,,,,,,,,,,,,,,,,,,,,,,,,,,,,,,,,,,,,,,
1477,,,689,133,,14.00,84.75,809,0.0,4.500,3.226,3.32,0.000,23.04,1.00,0.81,-0.76,0.75,1.003,1.02,-1.32,1.026,0.00,0.90,1.137,25.5,9.522,0.694,0.000,800,7.24,4.5,1.14,0.00,44.3,1,1,0,1,1,1,0,0,0,0,1,1,0,0,0,0,0,0,1,0,1,1,1,1,1,0,0,0,0,0,0,1,1,1,5155.8,0C,1,1,0,1,1,0,1,0,0,139.88,486.63,,,,,,,,,,,,,,,,,,,,,,,,,,,,,,,,,,,,,,,,,,,,,,,,,,,,,,,,,,
1478,,,689,526,,14.00,84.75,803,0.0,3.000,3.136,3.39,0.000,22.80,1.00,0.82,-0.76,0.72,0.989,1.02,-1.32,1.028,0.00,0.90,1.137,25.5,9.522,0.694,0.000,800,7.24,4.5,1.13,0.00,44.3,1,1,0,1,1,1,0,0,0,0,1,1,0,0,0,0,0,0,1,0,1,1,1,1,1,0,0,0,0,0,0,1,1,1,5155.8,0C,1,1,0,1,1,0,1,0,0,140.56,489.50,,,,,,,,,,,,,,,,,,,,,,,,,,,,,,,,,,,,,,,,,,,,,,,,,,,,,,,,,,
1479,,,689,967,,14.00,84.75,804,0.0,1.500,3.149,3.32,0.000,22.62,1.00,0.23,-0.76,0.22,1.012,1.02,-1.32,1.029,0.00,0.90,1.174,25.5,9.522,0.694,0.000,800,7.24,4.5,1.10,0.00,44.3,1,1,0,1,1,1,0,0,0,0,1,1,0,0,0,0,0,0,1,0,1,1,1,1,1,0,0,0,0,0,0,1,1,1,5155.8,0C,1,1,0,1,1,0,1,0,0,139.88,488.25,,,,,,,,,,,,,,,,,,,,,,,,,,,,,,,,,,,,,,,,,,,,,,,,,,,,,,,,,,
1480,,,690,364,,14.00,84.75,808,0.0,3.000,3.206,3.32,0.000,22.71,1.00,0.23,-0.76,0.22,1.027,1.02,-1.32,1.029,0.00,0.90,1.174,25.5,9.865,0.694,0.000,800,7.24,4.5,1.06,0.00,44.3,1,1,0,1,1,1,0,0,0,0,1,1,0,0,0,0,0,0,1,0,1,1,1,1,1,0,0,0,0,0,0,1,1,1,5155.8,0C,1,1,0,1,1,0,1,0,0,140.38,486.25,,,,,,,,,,,,,,,,,,,,,,,,,,,,,,,,,,,,,,,,,,,,,,,,,,,,,,,,,,
1481,,,690,757,,14.00,84.75,803,0.0,3.000,3.181,3.32,0.000,22.88,1.00,0.81,-0.76,0.78,1.001,1.02,-1.32,1.027,0.00,0.90,1.174,25.5,9.865,0.694,0.000,800,7.24,4.5,1.05,0.00,44.3,1,1,0,1,1,1,0,0,0,0,1,1,0,0,0,0,0,0,1,0,1,1,1,1,1,0,0,0,0,0,0,1,1,1,5155.8,0C,1,1,0,1,1,0,1,0,0,138.81,488.75,,,,,,,,,,,,,,,,,,,,,,,,,,,,,,,,,,,,,,,,,,,,,,,,,,,,,,,,,,
1482,,,691,165,,14.00,85.50,805,0.0,0.750,3.117,3.32,0.000,22.76,1.45,0.11,-1.31,0.77,0.007,0.03,1.78,0.204,0.01,0.45,0.172,-41.3,26.954,0.703,60.750,0,0.38,1766.7,2.34,6.80,-25.5,0,0,1,1,0,1,0,1,0,1,0,1,0,1,0,1,0,1,1,1,1,1,1,1,1,1,1,1,1,1,1,1,1,1,1,,,,,,,,,,,,,,,,,,,,,,,,,,,,,,,,,,,,,,,,,,,,,,,,,,,,,,,,,,,,,,,,,,,,,,
1483,,,691,620,,14.00,85.50,803,0.0,1.500,3.616,5.76,0.000,25.45,1.00,0.84,-0.76,0.64,0.972,1.02,-1.32,1.018,0.00,0.90,1.137,26.3,10.208,0.694,0.000,900,7.24,4.5,1.01,0.78,44.3,1,1,0,1,1,1,0,0,0,0,1,1,1,0,0,0,0,0,1,0,1,1,1,1,1,0,0,1,0,0,0,1,1,1,5155.8,0C,1,1,0,1,1,0,1,0,0,161.38,538.88,,,,,,,,,,,,,,,,,,,,,,,,,,,,,,,,,,,,,,,,,,,,,,,,,,,,,,,,,,
1484,,,692,009,,14.10,85.50,883,0.0,0.000,3.578,3.52,0.000,25.15,1.00,0.78,-0.76,0.81,0.997,1.02,-1.32,1.017,0.00,0.90,1.385,26.3,10.208,0.694,0.000,900,7.24,4.5,0.83,0.00,44.3,1,1,0,1,1,1,0,0,0,0,1,1,1,0,0,0,0,0,1,0,1,1,1,1,1,0,0,0,0,0,0,1,1,1,5155.8,0C,1,1,0,1,1,0,1,0,0,152.63,498.00,,,,,,,,,,,,,,,,,,,,,,,,,,,,,,,,,,,,,,,,,,,,,,,,,,,,,,,,,,
1485,,,692,395,,14.00,85.50,898,0.0,3.000,3.290,3.44,0.000,23.81,1.00,0.92,-0.76,0.90,0.965,1.02,-1.32,1.020,0.00,0.90,1.385,26.3,10.559,0.694,0.000,900,7.24,4.5,0.81,0.00,44.3,1,1,0,1,1,1,0,0,0,0,1,1,1,0,0,0,0,0,1,0,1,1,1,1,1,0,0,0,0,0,0,1,1,1,5155.8,0C,1,1,0,1,1,0,1,0,0,144.38,477.88,,,,,,,,,,,,,,,,,,,,,,,,,,,,,,,,,,,,,,,,,,,,,,,,,,,,,,,,,,
1486,,,692,773,,14.00,85.50,910,0.0,0.750,3.142,3.44,0.000,22.85,1.00,0.98,-0.76,0.92,0.948,1.02,-1.32,1.027,0.00,0.90,1.385,26.3,10.559,0.694,0.000,900,7.24,4.5,0.76,0.00,44.3,1,1,0,1,1,1,0,0,0,0,1,1,1,0,0,0,0,0,1,0,1,1,1,1,1,0,0,0,0,0,0,1,1,1,5155.8,0C,1,1,0,1,1,0,1,0,0,138.38,464.31,,,,,,,,,,,,,,,,,,,,,,,,,,,,,,,,,,,,,,,,,,,,,,,,,,,,,,,,,,
1487,,,693,185,,14.10,85.50,902,0.0,5.250,3.008,3.44,0.000,22.29,1.00,0.97,-0.76,0.91,0.932,1.02,-1.32,1.032,0.00,0.90,1.208,26.3,10.903,0.694,0.000,900,7.24,4.5,0.76,0.00,44.3,1,1,0,1,1,1,0,0,0,0,1,1,1,0,0,0,0,0,1,0,1,1,1,1,1,0,0,0,0,0,0,1,1,1,5155.8,0C,1,1,0,1,1,0,1,0,0,135.81,458.25,,,,,,,,,,,,,,,,,,,,,,,,,,,,,,,,,,,,,,,,,,,,,,,,,,,,,,,,,,
1488,,,693,583,,14.10,85.50,893,0.0,12.000,2.944,3.44,0.000,22.15,1.00,0.94,-0.76,0.86,0.917,1.02,-1.32,1.033,0.00,0.90,1.208,26.3,10.903,0.694,0.000,900,7.24,4.5,0.79,0.00,44.3,1,1,0,1,1,1,0,0,0,0,1,1,1,0,0,0,0,0,1,0,1,1,1,1,1,0,0,0,0,0,0,0,1,1,5155.8,0C,1,1,0,1,1,0,1,0,0,133.63,457.50,,,,,,,,,,,,,,,,,,,,,,,,,,,,,,,,,,,,,,,,,,,,,,,,,,,,,,,,,,
1489,,,693,966,,14.10,85.50,899,0.0,8.250,2.880,3.39,0.000,21.87,1.00,0.85,-0.76,0.24,0.901,1.02,-1.32,1.035,0.00,0.90,1.064,26.3,11.246,0.694,1.500,0,0.38,1766.7,4.29,-49.63,113.3,0,1,0,0,0,1,0,1,1,1,1,1,0,1,1,0,0,1,0,0,0,0,0,0,0,0,0,0,0,1,0,0,0,0,3759.3,59,0,1,0,1,0,1,1,1,1,1,1,,,,,,,,,,,,,,,,,,,,,,,,,,,,,,,,,,,,,,,,,,,,,,,,,,,,,,,,,,
1490,,,694,383,,14.10,85.50,892,0.0,9.750,2.810,3.44,0.000,21.80,1.00,0.47,-0.76,0.22,0.888,0.02,-1.70,0.225,0.01,0.45,0.194,-41.3,27.344,0.703,6.000,0,0.38,1766.7,4.29,-49.63,113.3,0,1,0,0,0,1,0,1,1,1,1,1,0,1,1,0,0,1,0,0,0,0,0,0,0,0,0,0,0,1,0,0,0,0,3588.7,6A,0,1,0,1,0,1,1,1,1,1,1,,,,,,,,,,,,,,,,,,,,,,,,,,,,,,,,,,,,,,,,,,,,,,,,,,,,,,,,,,
1491,,,694,763,,14.10,85.50,895,0.0,7.500,2.957,3.44,0.000,21.91,1.00,0.21,-0.76,0.19,0.926,1.02,-1.32,1.035,0.00,0.90,1.064,26.3,11.597,0.694,0.000,900,7.24,4.5,0.82,0.00,44.3,1,1,0,1,1,1,0,0,0,0,1,0,1,0,0,0,0,0,1,0,1,1,1,1,1,0,0,0,0,0,0,0,1,1,5155.8,0C,1,1,0,1,1,0,1,0,0,133.63,454.63,,,,,,,,,,,,,,,,,,,,,,,,,,,,,,,,,,,,,,,,,,,,,,,,,,,,,,,,,,
1492,,,695,163,,14.10,85.50,898,0.0,6.000,2.970,3.44,0.000,21.94,1.00,0.22,-0.76,0.23,0.941,1.02,-1.32,1.035,0.00,0.90,1.174,26.3,11.597,0.694,0.000,900,7.24,4.5,0.81,0.00,44.3,1,1,0,1,1,1,0,0,0,0,1,0,1,0,0,0,0,0,1,0,1,1,1,1,1,0,0,0,0,0,0,0,1,1,5155.8,0C,1,1,0,1,1,0,1,0,0,133.81,455.81,,,,,,,,,,,,,,,,,,,,,,,,,,,,,,,,,,,,,,,,,,,,,,,,,,,,,,,,,,
1493,,,695,553,,14.10,85.50,896,0.0,6.000,2.874,3.44,0.000,21.77,1.45,0.11,-1.32,0.77,0.007,0.03,3.52,0.239,0.01,0.45,0.194,-41.3,27.735,0.703,9.750,0,0.38,1766.7,4.29,-49.63,113.3,0,1,0,0,0,1,0,1,1,1,1,1,0,1,1,0,0,1,0,0,0,0,0,0,0,0,0,0,0,1,0,0,0,0,3674.0,79,0,1,0,1,0,1,1,1,1,1,1,,,,,,,,,,,,,,,,,,,,,,,,,,,,,,,,,,,,,,,,,,,,,,,,,,,,,,,,,,
1494,,,695,954,,14.10,85.50,889,0.0,12.750,2.893,3.39,0.000,22.10,1.00,0.86,-0.76,0.50,0.897,1.02,-1.32,1.033,0.00,0.90,1.032,26.3,11.940,0.694,0.000,900,7.25,4.5,0.87,0.00,44.3,1,1,0,1,1,1,0,0,0,0,1,0,0,0,0,0,0,0,1,0,1,1,1,1,1,0,0,0,0,0,0,0,1,1,5155.8,0C,1,1,0,1,1,0,1,0,0,135.81,458.38,,,,,,,,,,,,,,,,,,,,,,,,,,,,,,,,,,,,,,,,,,,,,,,,,,,,,,,,,,
1495,,,698,393,,14.00,85.50,809,0.0,6.750,3.034,3.27,0.000,22.45,1.00,0.19,-0.76,0.17,0.980,1.02,-1.33,1.030,0.00,0.90,0.922,26.3,13.664,0.694,0.000,800,7.25,4.5,1.05,0.00,44.3,1,1,0,1,1,1,0,0,0,0,1,0,0,0,0,0,0,0,1,0,1,1,1,1,1,0,0,0,0,0,0,0,1,1,5155.8,0C,1,1,0,1,1,0,1,0,0,134.38,479.63,,,,,,,,,,,,,,,,,,,,,,,,,,,,,,,,,,,,,,,,,,,,,,,,,,,,,,,,,,
1496,,,698,774,,14.00,85.50,806,0.0,9.750,2.944,3.27,0.000,21.73,1.00,0.19,-0.76,0.18,0.995,1.02,-1.33,1.036,0.00,0.90,0.922,26.3,13.664,0.694,0.000,800,7.25,4.5,0.99,0.00,44.3,1,1,0,1,1,1,0,0,0,0,1,0,0,0,0,0,0,0,1,0,1,1,1,1,1,0,0,0,0,0,0,0,1,1,5155.8,0C,1,1,0,1,1,0,1,0,0,139.94,485.06,,,,,,,,,,,,,,,,,,,,,,,,,,,,,,,,,,,,,,,,,,,,,,,,,,,,,,,,,,
1497,,,699,193,,14.00,85.50,809,0.0,-3.750,3.078,3.32,0.000,22.50,1.00,0.20,-0.76,0.20,1.009,1.02,-1.33,1.030,0.00,0.90,1.204,26.3,14.015,0.694,0.000,800,7.26,4.5,0.96,0.00,44.3,1,1,0,1,1,1,0,0,0,0,1,0,0,0,0,0,0,0,1,0,1,1,1,1,1,0,0,0,0,0,0,0,1,1,5155.8,0C,1,1,0,1,1,0,1,0,0,138.69,484.69,,,,,,,,,,,,,,,,,,,,,,,,,,,,,,,,,,,,,,,,,,,,,,,,,,,,,,,,,,
1498,,,699,593,,14.10,85.50,805,0.0,3.750,3.149,3.32,0.000,22.64,1.00,0.22,-0.76,0.20,1.024,1.02,-1.33,1.029,0.00,0.90,1.204,26.3,14.359,0.694,0.000,800,7.26,4.5,0.95,0.00,44.3,1,1,0,1,1,1,0,0,0,0,1,0,0,0,0,0,0,0,1,0,1,1,1,1,1,0,0,0,0,0,0,0,1,1,5155.8,0C,1,1,0,1,1,0,1,0,0,138.56,485.88,,,,,,,,,,,,,,,,,,,,,,,,,,,,,,,,,,,,,,,,,,,,,,,,,,,,,,,,,,
1499,,,700,022,,14.10,85.50,810,0.0,1.500,3.142,3.27,0.000,22.48,1.00,0.26,-0.76,0.21,1.039,1.02,-1.33,1.030,0.00,0.90,1.174,27.0,14.702,0.694,0.000,800,7.26,4.5,0.91,0.00,44.3,1,1,0,1,1,1,0,0,0,0,1,0,0,0,0,0,0,0,1,0,1,1,1,1,1,0,0,0,0,0,0,0,1,1,5155.8,0C,1,1,0,1,1,0,1,0,0,137.75,483.56,,,,,,,,,,,,,,,,,,,,,,,,,,,,,,,,,,,,,,,,,,,,,,,,,,,,,,,,,,
1500,,,702,664,,14.10,86.25,887,0.0,12.750,2.784,3.27,0.000,21.21,1.00,0.56,-0.76,0.21,0.951,1.02,-1.33,1.040,0.00,0.90,1.064,27.0,16.777,0.694,0.000,900,7.26,4.5,0.72,0.00,44.3,1,1,0,1,1,1,0,0,0,0,1,0,1,0,0,0,0,0,1,0,1,1,1,1,1,0,0,0,0,0,0,0,1,1,5155.8,0C,1,1,0,1,1,0,1,0,0,128.94,451.06,,,,,,,,,,,,,,,,,,,,,,,,,,,,,,,,,,,,,,,,,,,,,,,,,,,,,,,,,,
1501,,,703,044,,14.10,86.25,892,0.0,7.500,3.034,3.39,0.000,21.80,1.00,0.21,-0.76,0.19,0.987,1.02,-1.33,1.035,0.00,0.90,1.064,27.0,17.121,0.694,0.000,900,7.26,4.5,0.77,0.00,44.3,1,1,0,1,1,1,0,0,0,0,1,0,1,0,0,0,0,0,1,0,1,1,1,1,1,0,0,0,0,0,0,0,1,1,5155.8,0C,1,1,0,1,1,0,1,0,0,132.75,455.56,,,,,,,,,,,,,,,,,,,,,,,,,,,,,,,,,,,,,,,,,,,,,,,,,,,,,,,,,,
1502,,,703,426,,14.10,86.25,891,0.0,6.000,3.008,3.44,0.000,21.84,1.00,0.24,-0.76,0.23,1.002,1.02,-1.33,1.035,0.00,0.90,1.064,27.0,17.472,0.694,0.000,900,7.26,4.5,0.78,0.00,44.3,1,1,0,1,1,1,0,0,0,0,1,0,1,0,0,0,0,0,1,0,1,1,1,1,1,0,0,0,0,0,0,0,1,1,5155.8,0C,1,1,0,1,1,0,1,0,0,134.69,459.44,,,,,,,,,,,,,,,,,,,,,,,,,,,,,,,,,,,,,,,,,,,,,,,,,,,,,,,,,,
1503,,,703,814,,14.10,86.25,896,0.0,5.250,3.014,3.44,0.000,22.36,1.00,0.86,-0.76,0.84,0.972,1.02,-1.33,1.031,0.00,0.90,1.064,27.0,17.815,0.694,0.000,900,7.26,4.5,0.79,0.00,44.3,1,1,0,1,1,1,0,0,0,0,1,0,1,0,0,0,0,0,1,0,1,1,1,1,1,0,0,0,0,0,0,0,1,1,5155.8,0C,1,1,0,1,1,0,1,0,0,137.13,461.88,,,,,,,,,,,,,,,,,,,,,,,,,,,,,,,,,,,,,,,,,,,,,,,,,,,,,,,,,,
1504,,,704,228,,14.10,86.25,886,0.0,10.500,2.950,3.44,0.000,22.48,1.00,0.87,-0.76,0.81,0.956,1.02,-1.33,1.030,0.00,0.90,1.174,27.0,18.158,0.694,0.000,900,7.26,4.5,0.83,0.00,44.3,1,1,0,1,1,1,0,0,0,0,1,0,1,0,0,0,0,0,1,0,1,1,1,1,1,0,0,0,0,0,0,0,1,1,5155.8,0C,1,1,0,1,1,0,1,0,0,136.13,467.31,,,,,,,,,,,,,,,,,,,,,,,,,,,,,,,,,,,,,,,,,,,,,,,,,,,,,,,,,,
1505,,,704,625,,14.10,86.25,886,0.0,4.500,2.944,3.44,0.000,22.76,1.00,0.27,-0.76,0.20,0.943,1.02,-1.33,1.028,0.00,0.90,1.174,27.0,18.509,0.694,0.000,900,7.26,4.5,0.89,0.00,44.3,1,1,0,1,1,1,0,0,0,0,1,0,0,0,0,0,0,0,1,0,1,1,1,1,1,0,0,0,0,0,0,0,1,1,5155.8,0C,1,1,0,1,1,0,1,0,0,137.88,468.81,,,,,,,,,,,,,,,,,,,,,,,,,,,,,,,,,,,,,,,,,,,,,,,,,,,,,,,,,,
1506,,,705,053,,14.10,86.25,875,0.0,3.000,2.810,3.27,0.000,21.63,1.00,0.21,-0.76,0.19,0.982,1.02,-1.33,1.037,0.00,0.90,1.064,27.0,19.196,0.694,0.000,800,7.26,4.5,0.98,-0.07,44.3,1,1,0,1,1,1,0,0,0,0,1,0,0,0,0,0,0,0,1,0,1,1,1,1,1,1,0,0,0,0,0,0,1,1,5155.8,0C,1,1,0,1,1,0,1,0,0,133.25,463.06,,,,,,,,,,,,,,,,,,,,,,,,,,,,,,,,,,,,,,,,,,,,,,,,,,,,,,,,,,
1507,,,705,443,,14.00,86.25,847,0.0,9.000,2.784,3.32,0.000,21.33,1.00,0.20,-0.76,0.17,0.998,1.02,-1.33,1.039,0.00,0.90,1.064,27.0,19.547,0.694,0.000,800,7.26,4.5,1.05,0.00,44.3,1,1,0,1,1,1,0,0,0,0,1,0,0,0,0,0,0,0,1,0,1,1,1,1,1,1,0,0,0,0,0,0,1,1,5155.8,0C,1,1,0,1,1,0,1,0,0,134.44,471.75,,,,,,,,,,,,,,,,,,,,,,,,,,,,,,,,,,,,,,,,,,,,,,,,,,,,,,,,,,
1508,,,705,845,,14.00,86.25,830,0.0,6.750,2.906,3.27,0.000,21.91,1.00,0.19,-0.76,0.18,1.012,1.02,-1.33,1.035,0.00,0.90,1.064,27.0,19.890,0.694,0.000,800,7.26,4.5,1.07,0.00,44.3,1,1,0,1,1,1,0,0,0,0,1,0,0,0,0,0,0,0,1,0,1,1,1,1,1,1,0,0,0,0,0,0,1,1,5155.8,0C,1,1,0,1,1,0,1,0,0,135.63,479.31,,,,,,,,,,,,,,,,,,,,,,,,,,,,,,,,,,,,,,,,,,,,,,,,,,,,,,,,,,
1509,,,706,233,,14.00,86.25,820,0.0,11.250,2.989,3.27,0.000,22.13,1.00,0.19,-0.76,0.18,1.026,1.02,-1.33,1.033,0.00,0.90,1.045,27.0,19.547,0.694,0.000,800,7.26,4.5,1.06,0.00,44.3,1,1,0,1,1,1,0,0,0,0,1,0,0,0,0,0,0,0,1,0,1,1,1,1,1,1,0,0,0,0,0,0,1,1,5155.8,0C,1,1,0,1,1,0,1,0,0,135.00,482.31,,,,,,,,,,,,,,,,,,,,,,,,,,,,,,,,,,,,,,,,,,,,,,,,,,,,,,,,,,
1510,,,706,623,,14.00,86.25,819,0.0,1.500,3.136,3.27,0.000,22.73,1.00,0.18,-0.76,0.17,1.041,1.02,-1.33,1.028,0.00,0.90,1.045,27.0,19.890,0.694,0.000,800,7.26,4.5,1.02,0.00,44.3,1,1,0,1,1,1,0,0,0,0,1,0,0,0,0,0,0,0,1,0,1,1,1,1,1,1,0,0,0,0,0,0,1,1,5155.8,0C,1,1,0,1,1,0,1,0,0,136.13,483.19,,,,,,,,,,,,,,,,,,,,,,,,,,,,,,,,,,,,,,,,,,,,,,,,,,,,,,,,,,
1511,,,707,023,,14.00,86.25,825,0.0,-3.750,3.187,3.20,0.000,22.88,1.00,0.20,-0.76,0.19,1.057,1.02,-1.33,1.027,0.00,0.90,1.174,27.0,19.890,0.694,0.000,800,7.26,4.5,0.95,0.00,44.3,1,1,0,1,1,1,0,0,0,0,1,0,0,0,0,0,0,0,1,0,1,1,1,1,1,1,0,0,0,0,0,0,1,1,5155.8,0C,1,1,0,1,1,0,1,0,0,137.50,481.31,,,,,,,,,,,,,,,,,,,,,,,,,,,,,,,,,,,,,,,,,,,,,,,,,,,,,,,,,,
1512,,,707,413,,14.10,86.25,817,0.0,-2.250,3.168,3.08,0.000,22.62,1.00,0.23,-0.76,0.21,1.071,1.02,-1.33,1.029,0.00,0.90,1.174,27.0,20.233,0.694,0.000,800,7.26,4.5,0.92,-0.01,44.3,1,1,0,1,1,1,0,0,0,0,1,0,0,0,0,0,0,0,1,0,1,1,1,1,1,1,0,0,0,0,0,0,1,1,5155.8,0C,1,1,0,1,1,0,1,0,0,137.69,480.69,,,,,,,,,,,,,,,,,,,,,,,,,,,,,,,,,,,,,,,,,,,,,,,,,,,,,,,,,,
1513,,,707,814,,14.10,86.25,818,0.0,1.500,3.085,3.08,0.000,21.91,1.00,0.25,-0.76,0.22,1.082,1.02,-1.33,1.035,0.00,0.90,1.174,27.0,19.890,0.694,0.000,800,7.27,4.5,0.88,0.00,44.3,1,1,0,1,1,1,0,0,0,0,1,0,0,0,0,0,0,0,1,0,1,1,1,1,1,1,0,0,0,0,0,0,1,1,5155.8,0C,1,1,0,1,1,0,1,0,0,132.00,473.81,,,,,,,,,,,,,,,,,,,,,,,,,,,,,,,,,,,,,,,,,,,,,,,,,,,,,,,,,,
1514,,,708,298,,14.10,86.25,813,0.0,6.750,2.867,2.95,0.000,21.21,1.00,0.83,-0.76,0.80,1.046,1.02,-1.33,1.040,0.00,0.90,1.137,27.0,19.890,0.694,0.000,800,7.27,4.5,0.81,0.00,44.3,1,1,0,1,1,1,0,0,0,0,1,0,0,0,0,0,0,0,1,0,1,1,1,1,1,1,0,0,0,0,0,0,1,1,5155.8,0C,1,1,0,1,1,0,1,0,0,128.94,467.63,,,,,,,,,,,,,,,,,,,,,,,,,,,,,,,,,,,,,,,,,,,,,,,,,,,,,,,,,,
1515,,,710,863,,14.00,87.00,808,0.0,9.000,2.842,2.95,0.000,20.55,1.00,0.83,-0.76,0.29,1.060,1.02,-1.33,1.046,0.00,0.90,1.075,27.8,19.547,0.694,0.000,800,7.27,4.5,0.57,0.00,44.3,1,1,0,1,1,1,0,0,0,0,1,0,0,0,0,0,0,0,1,0,1,1,1,1,1,1,0,0,0,0,0,0,1,1,5156.0,0C,1,1,0,1,1,0,1,0,0,127.31,465.56,,,,,,,,,,,,,,,,,,,,,,,,,,,,,,,,,,,,,,,,,,,,,,,,,,,,,,,,,,
1516,,,711,284,,14.10,87.00,806,0.0,7.500,2.835,2.95,0.000,20.70,1.00,0.76,-0.76,0.22,1.047,1.02,-1.33,1.044,0.00,0.90,0.950,27.8,19.547,0.694,0.000,800,7.27,4.5,0.54,0.00,44.3,1,1,0,1,1,1,0,0,0,0,1,0,0,0,0,0,0,0,1,0,1,1,1,1,1,1,0,0,0,0,0,0,1,1,5156.0,0C,1,1,0,1,1,0,1,0,0,127.31,467.06,,,,,,,,,,,,,,,,,,,,,,,,,,,,,,,,,,,,,,,,,,,,,,,,,,,,,,,,,,
1517,,,711,703,,14.10,87.00,804,0.0,9.750,2.989,2.95,0.000,21.14,1.00,0.21,-0.76,0.19,1.080,1.02,-1.33,1.041,0.00,0.90,0.950,27.8,19.890,0.694,0.000,800,7.27,4.5,0.53,0.00,44.3,1,1,0,1,1,1,0,0,0,0,1,0,0,0,0,0,0,0,1,0,1,1,1,1,1,1,0,0,0,0,0,0,1,1,5156.0,0C,1,1,0,1,1,0,1,0,0,127.75,468.88,,,,,,,,,,,,,,,,,,,,,,,,,,,,,,,,,,,,,,,,,,,,,,,,,,,,,,,,,,
1518,,,712,093,,14.10,87.00,812,0.0,1.500,3.021,3.03,0.000,21.12,1.00,0.21,-0.76,0.20,1.094,1.02,-1.33,1.041,0.00,0.90,1.075,27.8,19.547,0.694,0.000,800,7.27,4.5,0.48,0.00,44.3,1,1,0,1,1,1,0,0,0,0,1,0,0,0,0,0,0,0,1,0,1,1,1,1,1,1,0,0,0,0,0,0,1,1,5156.0,0C,1,1,0,1,1,0,1,0,0,128.13,465.81,,,,,,,,,,,,,,,,,,,,,,,,,,,,,,,,,,,,,,,,,,,,,,,,,,,,,,,,,,
1519,,,712,473,,14.10,87.00,813,0.0,4.500,2.931,2.95,0.000,20.84,1.00,0.78,-0.76,0.68,1.075,1.02,-1.33,1.043,0.00,0.90,1.075,27.8,19.547,0.694,0.000,800,7.28,4.5,0.43,0.00,44.3,1,1,0,1,1,1,0,0,0,0,1,0,0,0,0,0,0,0,1,0,1,1,1,1,1,1,0,0,0,0,0,0,1,1,5156.0,0C,1,1,0,1,1,0,1,0,0,129.38,465.19,,,,,,,,,,,,,,,,,,,,,,,,,,,,,,,,,,,,,,,,,,,,,,,,,,,,,,,,,,
1520,,,712,872,,14.10,87.00,803,0.0,5.250,2.925,2.95,0.000,20.93,1.00,0.86,-0.76,0.82,1.061,1.02,-1.33,1.043,0.00,0.90,1.075,27.8,19.547,0.694,0.000,800,7.28,4.5,0.42,0.00,44.3,1,1,0,1,1,1,0,0,0,0,1,0,0,0,0,0,0,0,1,0,1,1,1,1,1,1,0,0,0,0,0,0,1,1,5156.0,0C,1,1,0,1,1,0,1,0,0,128.00,468.69,,,,,,,,,,,,,,,,,,,,,,,,,,,,,,,,,,,,,,,,,,,,,,,,,,,,,,,,,,
1521,,,713,323,,14.00,-48.00,7936,0.0,2.250,188.416,412.18,3.328,996.00,1.40,0.51,-0.50,0.05,0.347,0.00,8.20,0.625,0.01,0.00,139.664,42.0,84.395,0.916,0.000,80,14.15,2577.0,-199.48,-199.48,-199.48,-199.48,-199.48,-199.48,-199.48,-199.48,-199.48,-199.48,-199.48,-199.48,-199.48,-199.48,-199.48,-199.48,-199.48,-199.48,-199.48,-199.48,-199.48,-199.48,-199.48,-199.48,-199.48,-199.48,-199.48,-199.48,-199.48,-199.48,-199.48,-199.48,-199.48,-199.48,-199.48,-199.48,-199.48,-199.48,,,,,,,,,,,,,,,,,,,,,,,,,,,,,,,,,,,,,,,,,,,,,,,,,,,,,,,,,,,,,,,,,,,,,,
1522,,,713,724,,14.10,87.00,805,0.0,5.250,3.021,2.95,0.000,21.19,1.00,0.22,-0.76,0.20,1.073,1.02,-1.33,1.040,0.00,0.90,1.045,27.8,19.547,0.687,0.000,800,7.28,4.5,0.39,0.00,44.3,1,1,0,1,1,1,0,0,0,0,1,0,0,0,0,0,0,0,1,0,1,1,1,1,1,1,0,0,0,0,0,0,1,1,5156.0,0C,1,1,0,1,1,0,1,0,0,129.31,468.44,,,,,,,,,,,,,,,,,,,,,,,,,,,,,,,,,,,,,,,,,,,,,,,,,,,,,,,,,,
1523,,,714,214,,14.10,87.00,810,0.0,6.750,3.008,3.03,0.000,20.86,1.00,0.23,-0.76,0.22,1.087,1.02,-1.33,1.043,0.00,0.90,1.045,27.8,19.547,0.687,0.000,800,7.28,4.5,0.34,0.00,44.3,1,1,0,1,1,1,0,0,0,0,1,0,0,0,0,0,0,0,1,0,1,1,1,1,1,1,0,0,0,0,0,0,1,1,5156.0,0C,1,1,0,1,1,0,1,0,0,129.50,467.69,,,,,,,,,,,,,,,,,,,,,,,,,,,,,,,,,,,,,,,,,,,,,,,,,,,,,,,,,,
1524,,,714,589,,14.10,87.00,808,0.0,7.500,2.938,3.03,0.000,20.88,1.00,0.85,-0.76,0.81,1.059,1.02,-1.33,1.043,0.00,0.90,1.045,27.8,19.547,0.687,0.000,800,7.28,4.5,0.31,0.00,44.3,1,1,0,1,1,1,0,0,0,0,1,0,0,0,0,0,0,0,1,0,1,1,1,1,1,1,0,0,0,0,0,0,1,1,5156.0,0C,1,1,0,1,1,0,1,1,1,1,1,,,,,,,,,,,,,,,,,,,,,,,,,,,,,,,,,,,,,,,,,,,,,,,,,,,,,,,,,,
1525,,,714,995,,14.00,87.00,796,0.0,9.750,2.842,3.03,0.000,20.55,1.00,0.86,-0.76,0.80,1.046,1.02,-1.33,1.045,0.00,0.90,1.045,27.8,19.196,0.687,0.000,800,7.28,4.5,0.30,0.00,44.3,1,1,0,1,1,1,0,0,0,0,1,0,0,0,0,0,0,0,1,0,1,1,1,1,1,1,0,0,0,0,0,0,1,1,5156.0,0C,1,1,0,1,1,0,1,0,0,129.69,471.50,,,,,,,,,,,,,,,,,,,,,,,,,,,,,,,,,,,,,,,,,,,,,,,,,,,,,,,,,,
1526,,,715,383,,14.00,87.00,799,0.0,-1.500,3.008,3.03,0.000,21.54,1.00,0.23,-0.76,0.18,1.035,1.02,-1.33,1.038,0.00,0.90,1.045,27.8,19.196,0.687,0.000,800,7.28,4.5,0.30,0.00,44.3,1,1,0,1,1,1,0,0,0,0,1,0,0,0,0,0,0,0,1,0,1,1,1,1,1,1,0,0,0,0,0,0,1,1,5156.0,0C,1,1,0,1,1,0,1,0,0,129.88,474.44,,,,,,,,,,,,,,,,,,,,,,,,,,,,,,,,,,,,,,,,,,,,,,,,,,,,,,,,,,
1527,,,715,775,,14.10,87.00,805,0.0,1.500,3.085,3.03,0.000,21.52,1.00,0.21,-0.76,0.20,1.071,1.02,-1.33,1.038,0.00,0.90,1.045,27.8,19.547,0.687,0.000,800,7.28,4.5,0.28,0.00,44.3,1,1,0,1,1,1,0,0,0,0,1,0,0,0,0,0,0,0,1,0,1,1,1,1,1,1,0,0,0,0,0,0,1,1,5156.0,0C,1,1,0,1,1,0,1,0,0,128.81,471.75,,,,,,,,,,,,,,,,,,,,,,,,,,,,,,,,,,,,,,,,,,,,,,,,,,,,,,,,,,
1528,,,716,163,,14.10,-48.00,7936,0.0,2.250,240.845,803.13,23.163,267.23,1.45,0.04,-1.32,1.18,0.007,0.02,-2.62,0.391,0.01,1.00,0.172,-41.3,32.032,0.703,65.250,0,0.38,1766.7,1.55,-49.63,114.0,0,1,0,0,0,1,0,1,1,1,1,1,0,1,1,0,0,1,0,0,0,0,0,0,0,0,0,0,0,1,0,0,0,0,900.8,7A,0,1,0,1,0,1,1,1,1,1,1,,,,,,,,,,,,,,,,,,,,,,,,,,,,,,,,,,,,,,,,,,,,,,,,,,,,,,,,,,
1529,,,716,555,,14.10,87.00,808,0.0,5.250,2.989,3.03,0.000,21.28,1.00,0.83,-0.76,0.76,1.057,1.02,-1.33,1.040,0.00,0.90,1.045,27.8,19.547,0.687,0.000,800,7.28,4.5,0.24,0.00,44.3,1,1,0,1,1,1,0,0,0,0,1,0,0,0,0,0,0,0,1,0,1,1,1,1,1,1,0,0,0,0,0,0,1,1,5156.0,0C,1,1,0,1,1,0,1,0,0,131.38,470.31,,,,,,,,,,,,,,,,,,,,,,,,,,,,,,,,,,,,,,,,,,,,,,,,,,,,,,,,,,
1530,,,716,993,,14.10,87.00,805,0.0,7.500,2.854,3.03,0.000,20.86,1.00,0.84,-0.76,0.69,1.043,1.02,-1.33,1.043,0.00,0.90,1.045,27.8,19.196,0.687,0.000,800,7.28,4.5,0.20,0.00,44.3,1,1,0,1,1,1,0,0,0,0,1,0,0,0,0,0,0,0,1,0,1,1,1,1,1,1,0,0,0,0,0,0,1,1,5156.0,0C,1,1,0,1,1,0,1,0,0,130.31,470.88,,,,,,,,,,,,,,,,,,,,,,,,,,,,,,,,,,,,,,,,,,,,,,,,,,,,,,,,,,
1531,,,717,404,,14.10,87.00,800,0.0,6.750,2.842,3.08,0.000,20.98,1.00,0.77,-0.76,0.23,1.029,1.02,-1.33,1.042,0.00,0.90,1.045,27.8,19.196,0.687,0.000,800,7.28,4.5,0.20,0.00,44.3,1,1,0,1,1,1,0,0,0,0,1,0,0,0,0,0,0,0,1,0,1,1,1,1,1,1,0,0,0,0,0,0,1,1,5156.0,0C,1,1,0,1,1,0,1,0,0,131.81,472.56,,,,,,,,,,,,,,,,,,,,,,,,,,,,,,,,,,,,,,,,,,,,,,,,,,,,,,,,,,
1532,,,717,808,,14.00,87.00,797,0.0,1.500,2.938,2.95,0.000,20.98,1.00,0.21,-0.76,0.20,1.061,1.02,-1.33,1.042,0.00,0.90,1.045,27.8,19.196,0.687,0.000,800,7.28,4.5,0.20,0.00,44.3,1,1,0,1,1,1,0,0,0,0,1,0,0,0,0,0,0,0,1,0,1,1,1,1,1,1,0,0,0,0,0,0,1,1,5156.0,0C,1,1,0,1,1,0,1,0,0,131.44,473.19,,,,,,,,,,,,,,,,,,,,,,,,,,,,,,,,,,,,,,,,,,,,,,,,,,,,,,,,,,
