AppVersion: 2.17.27
Android SDK: 30 (11)
Android device: Xiaomi MI 9
ECU: Автоопределение блока СУД
Connect: Bluetooth
State: connecting 12:39:47,759
Device: 27:88:08:BF:C4:F1
State: connected 12:39:49,238
Time:	12:39:49,342
Send:	AT@1
Receive: AT@1OBDII TO RS232 ADAPTER
Time:	12:39:49,567
Send:	ATZ
Receive: ATZELM327 V1.5
Time:	12:39:50,405
Send:	ATE0
Receive: ATE0OK
Time:	12:39:50,428
Send:	ATSP6
Receive: OK
Time:	12:39:50,443
Send:	ATAL
Receive: OK
Time:	12:39:50,460
Send:	ATD0
Receive: OK
Time:	12:39:50,477
Send:	ATST32
Receive: OK
Time:	12:39:50,493
Send:	ATSH7E0
Receive: OK
Time:	12:39:50,510
Send:	ATCRA7E8
Receive: OK
Time:	12:39:50,546
Send:	ATSW00
Receive: OK
Time:	12:39:50,560
Send:	ATCAF1
Receive: OK
Time:	12:39:50,577
Send:	22009A
Receive: 62 00 9A 49 37 38 35 56 53 43 33 00 00 
DBSQL: found 34 - 1
ECU: Автоопределение блока СУД
ВАЗ: Ителма M86CAN
Time:	12:39:51,125
Send:	220001
Receive: 62 00 01 02 7C 00 65 00 00 00 F9 00 00 01 0A 00 00 10 68 00 00 82 67 4C 67 7F FD 41 00 00 86 8A 00 E6 00 00 5B 00 00 1F C0 00 7C 08 F5 00 2D 00 00 00 00 65 05 03 00 01 C8 78 D8 0C 3A 9B 04 25 80 3F 78 AA AA 
Time:	12:39:51,466
Send:	220001
Receive: 62 00 01 02 7C 00 65 00 00 00 F9 00 00 01 0C 00 00 10 68 00 00 82 66 4C 67 7F FD 41 00 00 86 8A 00 E6 00 00 5B 00 00 1F C0 00 7C 08 F6 00 2D 00 00 00 00 65 05 03 00 01 C8 78 D8 0C 3A 9B 04 25 80 3F 7B AA AA 
Time:	12:39:51,950
Send:	220001
Receive: 62 00 01 02 7C 00 65 00 00 00 F9 00 00 01 0A 00 00 10 68 00 00 82 67 4C 67 7F FD 41 00 00 86 8A 00 E6 00 00 5B 00 00 1F C0 00 7C 08 F6 00 2D 00 00 00 00 65 05 03 00 01 C8 78 D8 0C 3A 9B 04 25 80 3F 80 AA AA 
Time:	12:39:52,349
Send:	220001
Receive: 62 00 01 02 7C 00 65 00 00 00 F9 00 00 01 0A 00 00 10 68 00 00 82 66 4C 67 7F FD 41 00 00 86 8A 00 E6 00 00 5B 00 00 1F C0 00 7C 08 F6 00 2D 00 00 00 00 65 05 03 00 01 C8 78 D8 0C 3A 9B 04 25 80 3F 7D AA AA 
Time:	12:39:52,748
Send:	220001
Receive: 62 00 01 02 7C 00 65 00 00 00 F9 00 00 01 0C 00 00 10 68 00 00 82 67 4C 67 7F FD 41 00 00 86 8A 00 E6 00 00 5B 00 00 1F C0 00 7C 08 F6 00 2D 00 00 00 00 65 05 03 00 01 C8 78 D8 0C 3A 9B 04 25 80 3F 7A AA AA 
Time:	12:39:53,150
Send:	220001
Receive: 62 00 01 02 7C 00 65 00 00 00 F9 00 00 01 0A 00 00 10 68 00 00 82 66 4C 67 7F FD 41 00 00 86 8A 00 E6 00 00 5B 00 00 1F C0 00 7C 08 F6 00 2D 00 00 00 00 65 05 03 00 01 C8 78 D8 0C 3A 9B 04 25 80 3F 7F AA AA 
Time:	12:39:53,582
Send:	220001
Receive: 62 00 01 02 7C 00 65 00 00 00 F9 00 00 01 0C 00 00 10 68 00 00 82 66 4C 67 7F FD 41 00 00 86 8A 00 E6 00 00 5B 00 00 1F C0 00 7C 08 F6 00 2D 00 00 00 00 65 05 03 00 01 C8 78 D8 0C 3A 9B 04 25 80 3F 7B AA AA 
Time:	12:39:53,983
Send:	220001
Receive: 62 00 01 02 7C 00 65 00 00 00 F9 00 00 01 0C 00 00 10 68 00 00 82 66 4C 67 7F FD 41 00 00 86 8A 00 E6 00 00 5B 00 00 1F C0 00 7C 08 F6 00 2D 00 00 00 00 65 05 03 00 01 C8 78 D8 0C 3A 9B 04 25 80 3F 79 AA AA 
Time:	12:39:54,400
Send:	220001
Receive: 62 00 01 02 7C 00 65 00 00 00 F9 00 00 01 0C 00 00 10 68 00 00 82 66 4C 67 7F FD 41 00 00 86 8A 00 E6 00 00 5B 00 00 1F C0 00 7C 08 F6 00 2D 00 00 00 00 65 05 03 00 01 C8 78 D8 0C 3A 9B 04 25 80 3F 7D AA AA 
Time:	12:39:54,818
Send:	220001
Receive: 62 00 01 02 7C 00 65 00 00 00 F9 00 00 01 0C 00 00 10 68 00 00 82 67 4C 67 7F FD 41 00 00 86 8A 00 E6 00 00 5B 00 00 1F C0 00 7C 08 F7 00 2D 00 00 00 00 65 05 03 00 01 C8 78 D8 0C 3A 9B 04 25 80 3F 78 AA AA 
Time:	12:39:55,212
Send:	220001
Receive: 62 00 01 02 7C 00 65 00 00 00 F9 00 00 01 0A 00 00 10 68 00 00 82 66 4C 67 7F FD 41 00 00 86 8A 00 E6 00 00 5B 00 00 1F C0 00 7C 08 F7 00 2D 00 00 00 00 65 05 03 00 01 C8 78 D8 0C 3A 9B 04 25 80 3F 7B AA AA 
Time:	12:39:55,618
Send:	220001
Receive: 62 00 01 02 7C 00 65 00 00 00 F9 00 00 01 0C 00 00 10 68 00 00 82 67 4C 67 7F FD 41 00 00 86 8A 00 E6 00 00 5B 00 00 1F C0 00 7C 08 F7 00 2D 00 00 00 00 65 05 03 00 01 C8 78 D8 0C 3A 9B 04 25 80 3F 78 AA AA 
Time:	12:39:56,008
Send:	220001
Receive: 62 00 01 02 7C 00 65 00 00 00 F9 00 00 01 0C 00 00 10 68 00 00 82 66 4C 67 7F FD 41 00 00 86 8A 00 E6 00 00 5B 00 00 1F C0 00 7C 08 F7 00 2D 00 00 00 00 65 05 03 00 01 C8 78 D8 0C 3A 9B 04 25 80 3F 78 AA AA 
Time:	12:39:56,389
Send:	220001
Receive: 62 00 01 02 7C 00 65 00 00 00 F9 00 00 01 0C 00 00 10 68 00 00 82 67 4C 67 7F FD 41 00 00 86 8A 00 E6 00 00 5B 00 00 1F C0 00 7C 08 F7 00 2D 00 00 00 00 65 05 03 00 01 C8 78 D8 0C 3A 9B 04 25 80 3F 79 AA AA 
Time:	12:39:56,790
Send:	220001
Receive: 62 00 01 02 7C 00 65 00 00 00 F9 00 00 01 0A 00 00 10 68 00 00 82 67 4C 67 7F FD 41 00 00 86 8A 00 E6 00 00 5B 00 00 1F C0 00 7C 08 F7 00 2D 00 00 00 00 65 05 03 00 01 C8 78 D8 0C 3A 9B 04 25 80 3F 7B AA AA 
Time:	12:39:57,189
Send:	220001
Receive: 62 00 01 02 7C 00 65 00 00 00 F9 00 00 01 0C 00 00 10 68 00 00 82 67 4C 67 7F FD 41 00 00 86 8A 00 E6 00 00 5C 00 00 1F C0 00 7C 08 F7 00 2D 00 00 00 00 65 05 03 00 01 C8 78 D8 0C 3A 9B 04 25 80 3F 7B AA AA 
Time:	12:39:57,580
Send:	220001
Receive: 62 00 01 02 6A 00 65 02 7A 00 F9 00 00 01 2B 00 00 10 68 00 28 82 66 4C 66 7F FD 41 00 00 86 8A 00 E6 00 00 5C 00 00 1F C0 00 7C 08 F8 00 2D 00 00 00 00 65 05 03 01 01 C8 78 D8 0C 3A 9B 04 25 80 3F 5A AA AA 
Time:	12:39:57,969
Send:	220001
Receive: 62 00 01 02 6E 00 65 03 EE 00 FA 0D A3 01 2D 00 00 0C 44 00 97 82 66 4C 66 7F FD 41 00 00 86 8A 00 E6 05 FE 5C 00 00 1F C0 00 7C 08 F8 00 2D 00 00 00 00 65 05 03 01 01 C8 78 D8 0C 3A 9B 04 19 DB 3A 3E AA AA 
Time:	12:39:58,426
Send:	220001
Receive: 62 00 01 02 79 00 65 14 DA 00 FB 04 A2 01 2D 00 00 06 93 01 B7 8E 67 4C 67 7F FD 41 00 00 8A 8F 00 E6 05 FE 5B 00 00 1F C0 00 7C 08 F7 00 2D 00 00 FF 36 65 05 03 01 01 C8 78 D8 0C 3A 9B 04 0D 81 20 4E AA AA 
Time:	12:39:58,808
Send:	220001
Receive: 62 00 01 02 7B 00 65 15 F4 00 FD 03 5C 01 2D 00 00 05 53 01 44 91 67 4C 67 7F FD 41 00 00 87 D5 00 E6 05 FE 5B 00 00 1F C0 00 7C 08 F7 00 2D 00 00 FF A4 65 05 03 01 01 C2 78 D8 0C 3A 9B 00 0C 11 1D D7 AA AA 
Time:	12:39:59,211
Send:	220001
Receive: 62 00 01 02 7E 00 65 15 5A 00 00 03 55 01 2D 00 00 05 35 01 38 91 67 4C 67 7F FD 41 00 00 87 45 00 E6 06 18 5B 00 00 1F C0 00 7C 08 F5 00 2D 00 00 FF B2 65 05 03 01 01 C2 78 D8 0C 3A 9B 00 0B DF 1D FF AA AA 
Time:	12:39:59,611
Send:	220001
Receive: 62 00 01 02 82 00 65 14 D0 00 03 03 56 01 2D 00 00 05 39 01 2E 91 67 4C 67 7F FD 41 00 00 86 5E 00 E6 06 18 5B 00 00 1F C0 00 7C 08 F4 00 2D FF FB FF DC 65 05 03 01 01 C2 78 D8 0C 3A 9B 00 0C 05 1E A0 AA AA 
Time:	12:40:00,014
Send:	220001
Receive: 62 00 01 02 8A 00 65 14 68 00 01 03 6F 01 2B 00 00 05 52 01 2F 91 66 4C 67 7F FD 41 00 00 85 F5 00 E6 06 1D 5A 00 00 1F C0 00 7C 08 F3 00 2D FF F3 FF E6 65 05 03 01 01 C2 78 D8 0C 3A 9B 00 0C 33 1F 40 AA AA 
Time:	12:40:00,414
Send:	220001
Receive: 62 00 01 02 8B 00 65 14 42 00 FF 03 73 01 2B 00 00 05 5B 01 2F 90 66 4C 67 7F FD 41 00 00 85 F0 00 E6 06 1D 5A 00 00 1F C0 00 7C 08 F3 00 2D FF E4 FF F1 65 05 03 01 01 C2 78 D8 0C 3A 9B 00 0C 36 1F 95 AA AA 
Time:	12:40:00,804
Send:	220001
Receive: NO DATA
Time:	12:40:01,093
Send:	220001
Receive: NO DATA
Time:	12:40:01,389
Send:	220001
Receive: NO DATA
Time:	12:40:01,672
Send:	220001
Receive: NO DATA
Time:	12:40:01,966
Send:	220001
Receive: NO DATA
Time:	12:40:02,251
Send:	220001
Receive: NO DATA
Time:	12:40:02,583
Send:	220001
Receive: NO DATA
Time:	12:40:02,887
Send:	220001
Receive: 62 00 01 02 8C 00 65 13 90 00 00 03 1F 01 19 00 00 05 37 01 1F 91 66 4C 67 7F FD 41 00 00 85 DB 00 E6 05 D6 5A 00 00 1F C0 00 7C 08 F1 00 2D FF AF 00 00 65 05 03 01 01 C2 78 D8 0C 3A 9B 00 0B E7 1F 90 AA AA 
Time:	12:40:03,301
Send:	220001
Receive: 62 00 01 02 8C 00 65 13 62 00 03 03 18 01 19 00 00 05 35 01 1D 91 67 4C 67 7F FD 41 00 00 85 CD 00 E6 05 8F 5A 00 00 1F C0 00 7C 08 F1 00 2D FF B2 00 00 65 05 03 01 01 C2 78 D8 0C 3A 9B 00 0B EB 1F 99 AA AA 
Time:	12:40:03,701
Send:	220001
Receive: 62 00 01 02 8C 00 65 13 74 00 03 02 FC 01 19 00 00 05 2C 01 1A 91 67 4C 67 7F FD 41 00 00 85 C5 00 E6 05 8F 5A 00 00 1F C0 00 7C 08 F1 00 2D FF AF 00 00 65 05 03 01 01 C2 78 D8 0C 3A 9B 00 0B CF 1F 7F AA AA 
Time:	12:40:04,137
Send:	220001

Fixed toLineMF: 03E 62 00 01 02 8C 00 65 13 5A 00 02 02 ED 01 19 00 00 05 24 01 19 91 67 4C 67 7F FD 41 00 00 85 B3 00 E6 00 7C 08 F1 00 2D FF AC 00 00 65 05 03 01 01 C2 78 D8 0C 3A 9B 00 0B B9 1F 99 AA AA 
Receive: 62 00 01 02 8C 00 65 13 5A 00 02 02 ED 01 19 00 00 05 24 01 19 91 67 4C 67 7F FD 41 00 00 85 B3 00 E6 00 7C 08 F1 00 2D FF AC 00 00 65 05 03 01 01 C2 78 D8 0C 3A 9B 00 0B B9 1F 99 AA AA 

Fixed toLineMF: 03E 62 00 01 02 8C 00 65 13 5A 00 02 02 ED 01 19 00 00 05 24 01 19 91 67 4C 67 7F FD 41 00 00 85 B3 00 E6 00 7C 08 F1 00 2D FF AC 00 00 65 05 03 01 01 C2 78 D8 0C 3A 9B 00 0B B9 1F 99 AA AA 
Time:	12:40:04,553
Send:	220001
Receive: 62 00 01 02 8C 00 65 13 32 00 03 02 F0 01 16 00 00 05 28 01 16 91 66 4C 67 7F FD 41 00 00 85 BC 00 E6 05 10 5A 00 00 1F C0 00 7C 08 F1 00 2D FF BF 00 00 65 05 03 01 01 C2 78 D8 0C 3A 9B 00 0B C6 1F B0 AA AA 
Time:	12:40:04,950
Send:	220001
Receive: 62 00 01 02 8C 00 65 13 34 00 03 02 DC 01 16 00 00 05 1D 01 12 91 66 4C 67 7F FD 41 00 00 85 A6 00 E6 04 CC 5A 00 00 1F C0 00 7C 08 F1 00 2D FF C9 00 00 65 05 03 01 01 C2 78 D8 0C 3A 9B 00 0B BE 1F B4 AA AA 
Time:	12:40:05,357
Send:	220001

Fixed toLineMF: 030 62 00 01 02 8C 00 65 13 3E 00 05 02 DA 01 14 00 00 05 25 01 41 00 00 85 C0 00 E6 00 7C 08 F1 00 2D FF 01 C2 78 D8 0C 3A 9B 00 0B B9 1F 90 AA AA 
Receive: 62 00 01 02 8C 00 65 13 3E 00 05 02 DA 01 14 00 00 05 25 01 41 00 00 85 C0 00 E6 00 7C 08 F1 00 2D FF 01 C2 78 D8 0C 3A 9B 00 0B B9 1F 90 AA AA 

Fixed toLineMF: 030 62 00 01 02 8C 00 65 13 3E 00 05 02 DA 01 14 00 00 05 25 01 41 00 00 85 C0 00 E6 00 7C 08 F1 00 2D FF 01 C2 78 D8 0C 3A 9B 00 0B B9 1F 90 AA AA 
Time:	12:40:05,755
Send:	220001
Receive: 62 00 01 02 8C 00 65 13 3E 00 05 02 CB 01 14 00 00 05 1A 01 14 91 67 4C 67 7F FD 41 00 00 85 B3 00 E6 04 CC 5A 00 00 1F C0 00 7C 08 F1 00 2D FF E1 00 00 65 05 03 01 01 C2 78 D8 0C 3A 9B 00 0B A3 1F 7B AA AA 
Time:	12:40:06,161
Send:	220001
Receive: 62 00 01 02 8C 00 65 13 40 00 05 02 C5 01 14 00 00 05 11 01 12 91 66 4C 67 7F FD 41 00 00 85 AF 00 E6 04 CC 5A 00 00 1F C0 00 7C 08 F2 00 2D FF EB 00 00 65 05 03 01 01 C2 78 D8 0C 3A 9B 00 0B 8F 1F 6E AA AA 
Time:	12:40:06,571
Send:	220001
Receive: 62 00 01 02 8C 00 65 13 1C 00 05 02 C5 01 12 00 00 05 10 01 11 91 67 4C 66 7F FD 41 00 00 85 A6 00 E6 04 CC 5A 00 00 1F C0 00 7C 08 F2 00 2D FF FE 00 00 65 05 03 01 01 C2 78 D8 0C 3A 9B 00 0B 93 1F 9C AA AA 
Time:	12:40:07,000
Send:	220001
Receive: 62 00 01 02 8C 00 66 13 0C 00 07 02 C3 01 12 00 00 05 13 01 10 91 66 4C 67 7F FD 41 00 00 85 A2 00 E6 04 87 5A 00 00 1F C0 00 7C 08 F2 00 2D 00 12 00 00 65 05 03 01 01 C2 78 D8 0C 3A 9B 00 0B 9A 1F 8D AA AA 
Time:	12:40:07,408
Send:	220001
Receive: 62 00 01 02 8C 00 66 13 0E 00 07 02 B9 01 12 00 00 05 0B 01 0E 91 66 4C 67 7F FD 41 00 00 85 95 00 E6 04 87 5A 00 00 1F C0 00 7C 08 F1 00 2D 00 2A 00 00 65 05 03 01 01 C2 78 D8 0C 3A 9B 00 0B 8E 1F 8B AA AA 
Time:	12:40:07,788
Send:	220001
Receive: 62 00 01 02 8C 00 66 13 18 00 06 02 B7 01 0F 00 00 05 0B 01 0E 91 67 4C 67 7F FD 41 00 00 85 9D 00 E6 04 87 5A 00 00 1F C0 00 7C 08 F1 00 2D 00 3C 00 00 65 05 03 01 01 C2 78 D8 0C 3A 9B 00 0B 80 1F 82 AA AA 
Time:	12:40:08,202
Send:	220001
Receive: 62 00 01 02 8C 00 66 13 20 00 04 02 BA 01 12 00 00 05 09 01 0C 91 66 4C 67 7F FD 41 00 00 85 95 00 E6 04 87 5A 00 00 1F C0 00 7C 08 F1 00 2D 00 4E 00 00 65 05 03 01 01 C2 78 D8 0C 3A 9B 00 0B 77 1F 6F AA AA 
Time:	12:40:08,643
Send:	220001
Receive: 62 00 01 02 8C 00 66 13 22 00 06 02 AC 01 0F 00 00 05 00 01 0E 91 67 4C 66 7F FD 41 00 00 85 9D 00 E6 04 87 5A 00 00 1F C0 00 7C 08 F2 00 2D 00 69 00 00 65 05 03 01 01 C2 78 D8 0C 3A 9B 00 0B 7A 1F 6B AA AA 
Time:	12:40:09,061
Send:	220001
Receive: 62 00 01 02 8C 00 66 13 38 00 05 02 A0 01 0F 00 00 04 F5 01 08 91 66 4C 66 7F FD 41 00 00 85 83 00 E6 04 87 5A 00 00 1F C0 00 7C 08 F2 00 2D 00 70 00 00 65 05 03 01 01 C2 78 D8 0C 3A 9B 00 0B 46 1F 3F AA AA 
Time:	12:40:09,462
Send:	220001
Receive: 62 00 01 02 8C 00 66 13 20 00 05 02 AD 01 0F 00 00 04 FA 01 0B 91 66 4C 67 7F FD 41 00 00 85 90 00 E6 04 87 5A 00 00 1F C0 00 7C 08 F2 00 2D 00 83 00 00 65 05 03 01 01 C2 78 D8 0C 3A 9B 00 0B 5F 1F 4C AA AA 
Time:	12:40:09,860
Send:	220001
Receive: NO DATA
Time:	12:40:10,143
Send:	220001
Receive: NO DATA
Time:	12:40:10,465
Send:	220001
Receive: NO DATA
Time:	12:40:10,780
Send:	220001
Receive: NO DATA
Time:	12:40:11,065
Send:	220001
Receive: NO DATA
Time:	12:40:11,342
Send:	220001
Receive: NO DATA
Time:	12:40:11,630
Send:	220001
Receive: NO DATA
Time:	12:40:11,910
Send:	220001
Receive: 62 00 01 02 8C 00 66 13 30 00 04 02 A4 01 0C 00 00 04 EE 01 0A 91 66 4C 67 7F FD 41 00 00 85 90 00 E6 04 87 5A 00 00 1F C0 00 7B 08 F1 00 2D 00 CC 00 00 65 05 03 01 01 C2 78 D8 0C 3A 9B 00 0B 3F 1F 23 AA AA 
Time:	12:40:12,312
Send:	220001

Fixed toLineMF: 03E 62 00 01 02 8C 00 66 13 5C 00 05 02 8F 01 0C 00 00 04 E6 01 07 91 67 4C 67 7F FD 04 87 5A 00 00 1F C0 00 7B 08 F1 00 2D 00 CA 00 00 65 05 03 01 01 C2 78 D8 0C 3A 9B 00 0B 31 1F 0B AA AA 
Receive: 62 00 01 02 8C 00 66 13 5C 00 05 02 8F 01 0C 00 00 04 E6 01 07 91 67 4C 67 7F FD 04 87 5A 00 00 1F C0 00 7B 08 F1 00 2D 00 CA 00 00 65 05 03 01 01 C2 78 D8 0C 3A 9B 00 0B 31 1F 0B AA AA 

Fixed toLineMF: 03E 62 00 01 02 8C 00 66 13 5C 00 05 02 8F 01 0C 00 00 04 E6 01 07 91 67 4C 67 7F FD 04 87 5A 00 00 1F C0 00 7B 08 F1 00 2D 00 CA 00 00 65 05 03 01 01 C2 78 D8 0C 3A 9B 00 0B 31 1F 0B AA AA 
Time:	12:40:12,719
Send:	220001
Receive: 62 00 01 02 8C 00 66 13 26 00 04 02 9B 01 0C 00 00 04 E9 01 09 91 67 4C 67 7F FD 41 00 00 85 8C 00 E6 04 87 5A 00 00 1F C0 00 7B 08 F1 00 2D 00 D9 00 00 65 05 03 01 01 C2 78 D8 0C 3A 9B 00 0B 31 1F 37 AA AA 
Time:	12:40:13,118
Send:	220001
Receive: 62 00 01 02 8C 00 66 13 2E 00 03 02 96 01 0C 00 00 04 EB 01 0A 91 66 4C 67 7F FD 41 F3 08 85 95 00 E6 04 44 5A 00 00 1F C0 00 7B 08 F1 00 2D 00 E9 00 00 65 05 03 01 01 C2 78 D8 0C 3A 9B 00 0B 2D 1F 26 AA AA 
Time:	12:40:13,541
Send:	220001
Receive: 62 00 01 02 8C 00 66 13 40 00 06 02 87 01 0C 00 00 04 E4 01 07 92 66 4C 67 7F FD 41 F3 08 85 88 00 E6 04 44 5A 00 00 1F C0 00 7B 08 F2 00 2D 00 EC 00 00 65 05 03 01 01 C2 78 D8 0C 3A 9B 00 0B 28 1F 0F AA AA 
Time:	12:40:13,984
Send:	220001
Receive: 62 00 01 02 8C 00 66 13 1E 00 04 02 91 01 0C 00 00 04 E4 01 04 92 67 4C 67 7F FD 41 F3 08 85 6E 00 E6 04 44 5A 00 00 1F C0 00 7B 08 F2 00 2D 00 F9 00 00 65 05 03 01 01 C2 78 D8 0C 3A 9B 00 0B 2F 1F 37 AA AA 
Time:	12:40:14,371
Send:	220001
Receive: 62 00 01 02 8C 00 66 13 16 00 05 02 8E 01 0C 00 00 04 E2 01 04 91 66 4C 67 7F FD 41 F3 08 85 72 00 E6 04 44 5A 00 00 1F C0 00 7B 08 F2 00 2D 01 09 00 00 65 05 03 01 01 C2 78 D8 0C 3A 9B 00 0B 23 1F 45 AA AA 
Time:	12:40:14,778
Send:	220001

Fixed toLineMF: 037 62 00 01 02 8C 00 66 13 2E 00 05 02 88 01 0C 00 00 04 E2 01 41 F3 08 85 88 00 E6 04 44 5A 00 00 1F C0 00 7B 08 F2 00 2D 01 01 C2 78 D8 0C 3A 9B 00 0B 2B 1F 28 AA AA 
Receive: 62 00 01 02 8C 00 66 13 2E 00 05 02 88 01 0C 00 00 04 E2 01 41 F3 08 85 88 00 E6 04 44 5A 00 00 1F C0 00 7B 08 F2 00 2D 01 01 C2 78 D8 0C 3A 9B 00 0B 2B 1F 28 AA AA 

Fixed toLineMF: 037 62 00 01 02 8C 00 66 13 2E 00 05 02 88 01 0C 00 00 04 E2 01 41 F3 08 85 88 00 E6 04 44 5A 00 00 1F C0 00 7B 08 F2 00 2D 01 01 C2 78 D8 0C 3A 9B 00 0B 2B 1F 28 AA AA 
Time:	12:40:15,168
Send:	220001

Fixed toLineMF: 037 62 00 01 02 8C 00 66 13 14 00 05 02 84 05 91 66 4C 67 7F FD 41 F3 08 85 76 00 E6 04 44 5A 00 00 1F C0 20 00 00 65 05 03 01 01 C2 78 D8 0C 3A 9B 00 0B 26 1F 3C AA AA 
Receive: 62 00 01 02 8C 00 66 13 14 00 05 02 84 05 91 66 4C 67 7F FD 41 F3 08 85 76 00 E6 04 44 5A 00 00 1F C0 20 00 00 65 05 03 01 01 C2 78 D8 0C 3A 9B 00 0B 26 1F 3C AA AA 

Fixed toLineMF: 037 62 00 01 02 8C 00 66 13 14 00 05 02 84 05 91 66 4C 67 7F FD 41 F3 08 85 76 00 E6 04 44 5A 00 00 1F C0 20 00 00 65 05 03 01 01 C2 78 D8 0C 3A 9B 00 0B 26 1F 3C AA AA 
Time:	12:40:15,573
Send:	220001

Fixed toLineMF: 03E 62 00 01 02 8C 00 66 13 30 00 04 02 87 08 91 66 4C 67 7F FD 41 F3 08 85 8C 00 E6 04 44 5A 00 00 1F C0 00 7B 08 F2 00 2D 01 28 00 00 65 05 03 01 01 C2 78 D8 0C 3A 9B 00 0B 1F 1F 31 AA AA 
Receive: 62 00 01 02 8C 00 66 13 30 00 04 02 87 08 91 66 4C 67 7F FD 41 F3 08 85 8C 00 E6 04 44 5A 00 00 1F C0 00 7B 08 F2 00 2D 01 28 00 00 65 05 03 01 01 C2 78 D8 0C 3A 9B 00 0B 1F 1F 31 AA AA 

Fixed toLineMF: 03E 62 00 01 02 8C 00 66 13 30 00 04 02 87 08 91 66 4C 67 7F FD 41 F3 08 85 8C 00 E6 04 44 5A 00 00 1F C0 00 7B 08 F2 00 2D 01 28 00 00 65 05 03 01 01 C2 78 D8 0C 3A 9B 00 0B 1F 1F 31 AA AA 
Time:	12:40:16,042
Send:	220001
Receive: 62 00 01 02 8C 00 67 13 34 00 07 02 87 01 0C 00 00 04 DC 01 05 91 66 4C 67 7F FD 41 F3 08 85 76 00 E6 04 44 5A 00 00 1F C0 00 7B 08 F2 00 2D 01 30 00 00 65 05 03 01 01 C2 78 D8 0C 3A 9B 00 0B 19 1F 23 AA AA 
Time:	12:40:16,478
Send:	220001

Fixed toLineMF: 03E 62 00 01 02 8C 00 67 13 3A 00 07 02 82 01 0C 00 00 04 D8 01 02 91 66 4C 67 7F FD 41 F3 08 85 69 00 E6 04 44 5A 00 00 1F C0 00 7B 08 F2 00 2D 01 01 C2 78 D8 0C 3A 9B 00 0B 1C 1F 1E AA AA 
Receive: 62 00 01 02 8C 00 67 13 3A 00 07 02 82 01 0C 00 00 04 D8 01 02 91 66 4C 67 7F FD 41 F3 08 85 69 00 E6 04 44 5A 00 00 1F C0 00 7B 08 F2 00 2D 01 01 C2 78 D8 0C 3A 9B 00 0B 1C 1F 1E AA AA 

Fixed toLineMF: 03E 62 00 01 02 8C 00 67 13 3A 00 07 02 82 01 0C 00 00 04 D8 01 02 91 66 4C 67 7F FD 41 F3 08 85 69 00 E6 04 44 5A 00 00 1F C0 00 7B 08 F2 00 2D 01 01 C2 78 D8 0C 3A 9B 00 0B 1C 1F 1E AA AA 
Time:	12:40:16,886
Send:	220001

Fixed toLineMF: 029 62 00 01 02 8C 00 67 13 26 00 05 02 8D 01 0A 00 00 04 DF 01 06 91 67 4C 67 7F FD 04 44 5A 00 00 1F C0 00 7B 08 F2 00 2D 01 
Receive: 62 00 01 02 8C 00 67 13 26 00 05 02 8D 01 0A 00 00 04 DF 01 06 91 67 4C 67 7F FD 04 44 5A 00 00 1F C0 00 7B 08 F2 00 2D 01 

Fixed toLineMF: 029 62 00 01 02 8C 00 67 13 26 00 05 02 8D 01 0A 00 00 04 DF 01 06 91 67 4C 67 7F FD 04 44 5A 00 00 1F C0 00 7B 08 F2 00 2D 01 
Time:	12:40:17,228
Send:	220001

Fixed toLineMF: 03E 62 00 01 02 8C 00 67 13 24 00 03 02 95 05 91 67 4C 67 7F FD 41 F3 08 85 76 00 E6 04 44 5A 00 00 1F C0 00 7B 08 F2 00 2D 01 43 00 00 65 05 03 01 01 C0 78 D8 0C 3A 9B 00 0B 26 1F 33 AA AA 
Receive: 62 00 01 02 8C 00 67 13 24 00 03 02 95 05 91 67 4C 67 7F FD 41 F3 08 85 76 00 E6 04 44 5A 00 00 1F C0 00 7B 08 F2 00 2D 01 43 00 00 65 05 03 01 01 C0 78 D8 0C 3A 9B 00 0B 26 1F 33 AA AA 

Fixed toLineMF: 03E 62 00 01 02 8C 00 67 13 24 00 03 02 95 05 91 67 4C 67 7F FD 41 F3 08 85 76 00 E6 04 44 5A 00 00 1F C0 00 7B 08 F2 00 2D 01 43 00 00 65 05 03 01 01 C0 78 D8 0C 3A 9B 00 0B 26 1F 33 AA AA 
Time:	12:40:17,615
Send:	220001
Receive: 62 00 01 02 8C 00 67 13 4C 00 04 02 85 01 0C 00 00 04 DF 01 07 91 67 4C 67 7F FD 41 F3 08 85 90 00 E6 04 44 5A 00 00 1F C0 00 7B 08 F2 00 2D 01 43 00 00 65 05 03 01 01 C0 78 D8 0C 3A 9B 00 0B 12 1F 1E AA AA 
Time:	12:40:18,003
Send:	220001
Receive: 62 00 01 02 8C 00 67 13 2E 00 04 02 86 01 0A 00 00 04 D7 01 03 91 66 4C 67 7F FD 41 F3 08 85 72 00 E6 04 44 5A 00 00 1F C0 00 7B 08 F3 00 2D 01 45 00 00 65 05 03 01 01 C0 78 D8 0C 3A 9B 00 0B 24 1F 2A AA AA 
Time:	12:40:18,411
Send:	220001
Receive: 62 00 01 02 8C 00 67 13 3E 00 04 02 89 01 0A 00 00 04 DD 01 08 91 67 4C 67 7F FD 41 F3 08 85 90 00 E6 04 44 5A 00 00 1F C0 00 7B 08 F2 00 2D 01 4B 00 00 65 05 03 01 01 C0 78 D8 0C 3A 9B 00 0B 16 1F 2C AA AA 
Time:	12:40:18,798
Send:	220001

Fixed toLineMF: 03E 62 00 01 02 8C 00 67 13 0E 00 07 02 8A 01 0A 00 00 04 D5 01 00 91 66 4C 67 7F FD 41 F3 08 85 5C 00 E6 00 7B 08 F3 00 2D 01 52 00 00 65 05 03 01 01 C0 78 D8 0C 3A 9B 00 0B 25 1F 47 AA AA 
Receive: 62 00 01 02 8C 00 67 13 0E 00 07 02 8A 01 0A 00 00 04 D5 01 00 91 66 4C 67 7F FD 41 F3 08 85 5C 00 E6 00 7B 08 F3 00 2D 01 52 00 00 65 05 03 01 01 C0 78 D8 0C 3A 9B 00 0B 25 1F 47 AA AA 

Fixed toLineMF: 03E 62 00 01 02 8C 00 67 13 0E 00 07 02 8A 01 0A 00 00 04 D5 01 00 91 66 4C 67 7F FD 41 F3 08 85 5C 00 E6 00 7B 08 F3 00 2D 01 52 00 00 65 05 03 01 01 C0 78 D8 0C 3A 9B 00 0B 25 1F 47 AA AA 
Time:	12:40:19,206
Send:	220001
Receive: 62 00 01 02 8C 00 67 13 2E 00 04 02 8A 01 0A 00 00 04 DF 01 07 91 66 4C 67 7F FD 41 F3 08 85 88 00 E6 04 44 5A 00 00 1F C0 00 7B 08 F3 00 2D 01 55 00 00 65 05 03 01 01 C0 78 D8 0C 3A 9B 00 0B 14 1F 3B AA AA 
Time:	12:40:19,608
Send:	220001
Receive: 62 00 01 02 8C 00 67 13 3E 00 04 02 85 01 0A 00 00 04 D8 01 05 91 66 4C 67 7F FD 41 F3 08 85 72 00 E6 04 44 5A 00 00 1F C0 00 7B 08 F3 00 2D 01 55 00 00 65 05 03 01 01 C0 78 D8 0C 3A 9B 00 0B 12 1F 26 AA AA 
Time:	12:40:20,020
Send:	220001
Receive: NO DATA
Time:	12:40:20,303
Send:	220001
Receive: NO DATA
Time:	12:40:20,598
Send:	220001
Receive: NO DATA
Time:	12:40:20,892
Send:	220001
Receive: NO DATA
Time:	12:40:21,197
Send:	220001
Receive: NO DATA
Time:	12:40:21,496
Send:	220001
Receive: NO DATA
Time:	12:40:21,818
Send:	220001
Receive: NO DATA
Time:	12:40:22,093
Send:	220001

Fixed toLineMF: 030 62 00 01 02 8C 00 68 13 20 00 03 02 7E 01 0A 00 00 04 D3 01 41 F3 08 85 7F 00 E6 00 7A 08 F3 00 2D 01 01 C0 78 D8 0C 3A 9B 00 0B 01 1F 28 AA AA 
Receive: 62 00 01 02 8C 00 68 13 20 00 03 02 7E 01 0A 00 00 04 D3 01 41 F3 08 85 7F 00 E6 00 7A 08 F3 00 2D 01 01 C0 78 D8 0C 3A 9B 00 0B 01 1F 28 AA AA 

Fixed toLineMF: 030 62 00 01 02 8C 00 68 13 20 00 03 02 7E 01 0A 00 00 04 D3 01 41 F3 08 85 7F 00 E6 00 7A 08 F3 00 2D 01 01 C0 78 D8 0C 3A 9B 00 0B 01 1F 28 AA AA 
Time:	12:40:22,484
Send:	220001
Receive: 62 00 01 02 8C 00 68 13 40 00 03 02 70 01 0A 00 00 04 CB 01 05 90 67 4C 67 7F FD 41 F3 08 85 8C 00 E6 04 44 59 00 00 1F C0 00 7A 08 F3 00 2D 01 82 00 00 65 05 03 01 01 C0 78 D8 0C 3A 9B 00 0A EA 1E F5 AA AA 
Time:	12:40:22,869
Send:	220001
Receive: 62 00 01 02 8C 00 68 13 10 00 05 02 7B 01 0A 00 00 04 CA 01 00 90 66 4C 66 7F FD 41 F3 08 85 65 00 E6 04 44 59 00 00 1F C0 00 7A 08 F3 00 2D 01 87 00 00 65 05 03 01 01 C0 78 D8 0C 3A 9B 00 0A F4 1F 1E AA AA 
Time:	12:40:23,321
Send:	220001
Receive: 62 00 01 02 8C 00 68 13 26 00 03 02 80 01 08 00 00 04 CD 01 02 8F 66 4C 67 7F FD 41 F3 08 85 76 00 E6 04 44 59 00 00 1F C0 00 7A 08 F4 00 2D 01 8C 00 00 65 05 03 01 01 C0 78 D8 0C 3A 9B 00 0A F3 1F 2C AA AA 
Time:	12:40:23,710
Send:	220001
Receive: 62 00 01 02 8C 00 68 13 0A 00 0A 02 7D 01 0A 00 00 04 C7 00 FD 8F 66 4C 67 7F FD 41 F3 08 85 4B 00 E6 04 44 59 00 00 1F C0 00 7A 08 F4 00 2D 01 92 00 00 65 05 03 01 01 C0 78 D8 0C 3A 9B 00 0B 07 1F 28 AA AA 
Time:	12:40:24,102
Send:	220001

Fixed toLineMF: 03E 62 00 01 02 8C 00 68 13 06 00 04 02 80 01 08 00 00 04 CF 01 03 8F 65 4C 67 7F FD 41 F3 08 85 72 00 E6 03 FF 59 00 00 1F C0 9F 00 00 65 05 03 01 01 C0 78 D8 0C 3A 9B 00 0A FE 1F 3C AA AA 
Receive: 62 00 01 02 8C 00 68 13 06 00 04 02 80 01 08 00 00 04 CF 01 03 8F 65 4C 67 7F FD 41 F3 08 85 72 00 E6 03 FF 59 00 00 1F C0 9F 00 00 65 05 03 01 01 C0 78 D8 0C 3A 9B 00 0A FE 1F 3C AA AA 

Fixed toLineMF: 03E 62 00 01 02 8C 00 68 13 06 00 04 02 80 01 08 00 00 04 CF 01 03 8F 65 4C 67 7F FD 41 F3 08 85 72 00 E6 03 FF 59 00 00 1F C0 9F 00 00 65 05 03 01 01 C0 78 D8 0C 3A 9B 00 0A FE 1F 3C AA AA 
Time:	12:40:24,491
Send:	220001
Receive: 62 00 01 02 8C 00 68 13 16 00 04 02 7D 01 08 00 00 04 CD 01 02 8F 5E 4C 67 7F FD 41 F3 08 85 69 00 E6 03 FF 59 00 00 1F C0 00 7A 08 F4 00 2D 01 A4 00 00 65 05 03 01 01 C0 78 D8 0C 3A 9B 00 0A F6 1F 2E AA AA 
Time:	12:40:24,889
Send:	220001
Receive: 62 00 01 02 8C 00 69 13 04 00 09 02 6A 01 08 00 00 04 C1 00 FB 8F 51 4C 67 7F FD 41 F3 08 85 42 00 E6 03 FF 59 00 00 1F C0 00 7A 08 F4 00 2D 01 A9 00 00 65 05 03 01 01 C0 78 D8 0C 3A 9B 00 0A F5 1F 39 AA AA 
Time:	12:40:25,268
Send:	220001

Fixed toLineMF: 03E 62 00 01 02 8C 00 69 13 1C 00 06 02 6F 01 08 00 00 04 C5 00 FE 8F 3D 4C 67 7F FD 41 F3 08 85 58 00 E6 00 7A 08 F5 00 2D 01 AC 00 00 65 05 03 01 01 C0 78 D8 0C 3A 9B 00 0A EC 1F 18 AA AA 
Receive: 62 00 01 02 8C 00 69 13 1C 00 06 02 6F 01 08 00 00 04 C5 00 FE 8F 3D 4C 67 7F FD 41 F3 08 85 58 00 E6 00 7A 08 F5 00 2D 01 AC 00 00 65 05 03 01 01 C0 78 D8 0C 3A 9B 00 0A EC 1F 18 AA AA 

Fixed toLineMF: 03E 62 00 01 02 8C 00 69 13 1C 00 06 02 6F 01 08 00 00 04 C5 00 FE 8F 3D 4C 67 7F FD 41 F3 08 85 58 00 E6 00 7A 08 F5 00 2D 01 AC 00 00 65 05 03 01 01 C0 78 D8 0C 3A 9B 00 0A EC 1F 18 AA AA 
Time:	12:40:25,677
Send:	220001

Fixed toLineMF: 03E 62 00 01 02 8C 00 69 13 0C 00 08 02 6E 01 05 00 00 04 C1 00 FD 8F 25 4C 67 7F FD 03 FF 59 00 00 1F C0 00 7A 08 F5 00 2D 01 B1 00 00 65 05 03 01 01 C0 78 D8 0C 3A 9B 00 0A EF 1F 23 AA AA 
Receive: 62 00 01 02 8C 00 69 13 0C 00 08 02 6E 01 05 00 00 04 C1 00 FD 8F 25 4C 67 7F FD 03 FF 59 00 00 1F C0 00 7A 08 F5 00 2D 01 B1 00 00 65 05 03 01 01 C0 78 D8 0C 3A 9B 00 0A EF 1F 23 AA AA 

Fixed toLineMF: 03E 62 00 01 02 8C 00 69 13 0C 00 08 02 6E 01 05 00 00 04 C1 00 FD 8F 25 4C 67 7F FD 03 FF 59 00 00 1F C0 00 7A 08 F5 00 2D 01 B1 00 00 65 05 03 01 01 C0 78 D8 0C 3A 9B 00 0A EF 1F 23 AA AA 
Time:	12:40:26,071
Send:	220001

Fixed toLineMF: 037 62 00 01 02 8C 00 01 08 00 00 04 BF 00 41 F3 08 85 53 00 E6 03 FF 59 00 00 1F C0 00 7A 08 F5 00 2D 01 B9 00 00 65 05 03 01 01 C0 78 D8 0C 3A 9B 00 0A EA 1F 20 AA AA 
Receive: 62 00 01 02 8C 00 01 08 00 00 04 BF 00 41 F3 08 85 53 00 E6 03 FF 59 00 00 1F C0 00 7A 08 F5 00 2D 01 B9 00 00 65 05 03 01 01 C0 78 D8 0C 3A 9B 00 0A EA 1F 20 AA AA 

Fixed toLineMF: 037 62 00 01 02 8C 00 01 08 00 00 04 BF 00 41 F3 08 85 53 00 E6 03 FF 59 00 00 1F C0 00 7A 08 F5 00 2D 01 B9 00 00 65 05 03 01 01 C0 78 D8 0C 3A 9B 00 0A EA 1F 20 AA AA 
Time:	12:40:26,459
Send:	220001
Receive: 62 00 01 02 8C 00 69 12 DE 00 04 02 72 01 05 00 00 04 BD 00 F7 8E B3 4C 67 7F FD 41 F3 08 85 1F 00 E6 03 FF 59 00 00 1F C0 00 7A 08 F5 00 2D 01 C9 00 00 65 05 03 01 01 C0 78 D8 0C 3A 9B 00 0A CD 1F 2B AA AA 
Time:	12:40:26,883
Send:	220001
Receive: 62 00 01 02 8C 00 69 13 10 00 09 02 59 01 05 00 00 04 B5 00 FD 8E 78 4C 66 7F FD 41 F3 08 85 61 00 E6 03 FF 59 00 00 1F C0 00 7A 08 F5 00 2D 01 CE 00 00 65 05 03 01 09 C0 78 D8 0C 3A 9B 00 0A D4 1E F2 AA AA 
Time:	12:40:27,282
Send:	220001
Receive: 62 00 01 02 8C 00 69 13 0C 00 06 02 6C 01 05 00 00 04 BC 00 FB 8E C4 4C 66 7F FD 41 F3 08 85 65 00 E6 03 FF 59 00 00 1F C0 00 7A 08 F5 00 2D 01 D4 00 00 65 05 03 01 09 C0 78 D8 0C 3A 9B 00 0A D8 1E EE AA AA 
Time:	12:40:27,690
Send:	220001
Receive: 62 00 01 02 8C 00 69 13 1A 00 04 02 67 01 05 00 00 04 B8 00 FC 8E 62 4C 66 7F FD 41 F3 08 85 53 00 E6 03 FF 59 00 00 1F C0 00 7A 08 F5 00 2D 01 D1 00 00 65 05 03 01 09 C0 78 D8 0C 3A 9B 00 0A B5 1E E6 AA AA 
Time:	12:40:28,080
Send:	220001
Receive: 62 00 01 02 8C 00 69 12 FE 00 02 02 67 01 05 00 00 04 B3 00 F8 8E 4A 4C 67 7F FD 41 F3 08 85 31 00 E6 03 FF 59 00 00 1F C0 00 7A 08 F5 00 2D 01 D9 00 00 65 05 03 01 09 C0 78 D8 0C 3A 9B 00 0A BD 1E D9 AA AA 
Time:	12:40:28,479
Send:	220001

Fixed toLineMF: 03E 62 00 01 02 8C 00 69 13 0A 00 07 02 6E 01 03 00 00 04 B5 00 FD 8D 3E 4C 67 7F FD 41 F3 10 85 58 00 E6 03 FF 59 00 00 1F C0 DC 00 00 65 05 03 01 09 C0 78 D8 0C 3A 9B 00 0A CA 1E D2 AA AA 
Receive: 62 00 01 02 8C 00 69 13 0A 00 07 02 6E 01 03 00 00 04 B5 00 FD 8D 3E 4C 67 7F FD 41 F3 10 85 58 00 E6 03 FF 59 00 00 1F C0 DC 00 00 65 05 03 01 09 C0 78 D8 0C 3A 9B 00 0A CA 1E D2 AA AA 

Fixed toLineMF: 03E 62 00 01 02 8C 00 69 13 0A 00 07 02 6E 01 03 00 00 04 B5 00 FD 8D 3E 4C 67 7F FD 41 F3 10 85 58 00 E6 03 FF 59 00 00 1F C0 DC 00 00 65 05 03 01 09 C0 78 D8 0C 3A 9B 00 0A CA 1E D2 AA AA 
Time:	12:40:28,872
Send:	220001
Receive: 62 00 01 02 8C 00 6A 12 FA 00 08 02 74 01 00 00 00 04 AE 00 F9 8C B0 4C 67 7F FD 41 F3 10 85 3E 00 E6 03 FF 59 00 00 1F C0 00 7A 08 F6 00 2D 01 E1 00 00 65 05 03 01 09 C0 78 D8 0C 3A 9B 00 0A AE 1E D1 AA AA 
Time:	12:40:29,280
Send:	220001
Receive: 62 00 01 02 8C 00 6A 13 1C 00 01 02 77 01 03 00 00 04 AF 00 FD 8B B7 4C 67 7F FD 41 F3 10 85 6E 00 E6 04 44 59 00 00 1F C0 00 7A 08 F6 00 2D 01 E1 00 00 65 05 03 01 09 C0 78 D8 0C 3A 9B 00 0A BC 1E AD AA AA 
Time:	12:40:29,703
Send:	220001
Receive: 62 00 01 02 8C 00 6A 13 32 00 02 02 72 01 03 00 00 04 AE 00 FF 8A BB 4C 67 7F FD 41 F3 10 85 7B 00 E6 04 44 59 00 00 1F C0 00 7A 08 F6 00 2D 01 D7 00 00 65 05 03 01 09 C0 78 D8 0C 3A 9B 00 0A AF 1E 92 AA AA 
Time:	12:40:30,118
Send:	220001
Receive: 62 00 01 02 8C 00 6A 13 4E 00 00 02 93 01 05 00 00 04 B6 01 02 89 BB 4C 67 7F FD 41 F3 10 85 8C 00 E6 04 44 59 00 00 1F C0 00 7A 08 F6 00 2D 01 C7 00 00 65 05 03 01 09 C0 78 D8 0C 3A 9B 00 0A B4 1E 7F AA AA 
Time:	12:40:30,568
Send:	220001
Receive: 62 00 01 02 8C 00 6A 13 48 00 03 02 7F 01 03 00 00 04 AA 00 FC 88 BD 4C 67 7F FD 41 F3 10 85 65 00 E6 04 44 59 00 00 1F C0 00 7A 08 F6 00 2D 01 AC 00 00 65 05 03 01 09 C0 78 D8 0C 3A 9B 00 0A B4 1E 93 AA AA 
Time:	12:40:30,958
Send:	220001

Fixed toLineMF: 03E 62 00 01 02 8C 00 6A 13 42 00 04 02 7B 01 03 00 00 04 A8 00 FB 88 BA 4C 67 7F FD 41 F3 10 85 65 00 E6 04 44 59 00 00 1F C0 00 7A 08 F7 00 2D 01 9D 00 00 65 05 03 01 00 0A A6 1E 92 AA AA 
Receive: 62 00 01 02 8C 00 6A 13 42 00 04 02 7B 01 03 00 00 04 A8 00 FB 88 BA 4C 67 7F FD 41 F3 10 85 65 00 E6 04 44 59 00 00 1F C0 00 7A 08 F7 00 2D 01 9D 00 00 65 05 03 01 00 0A A6 1E 92 AA AA 

Fixed toLineMF: 03E 62 00 01 02 8C 00 6A 13 42 00 04 02 7B 01 03 00 00 04 A8 00 FB 88 BA 4C 67 7F FD 41 F3 10 85 65 00 E6 04 44 59 00 00 1F C0 00 7A 08 F7 00 2D 01 9D 00 00 65 05 03 01 00 0A A6 1E 92 AA AA 
Time:	12:40:31,345
Send:	220001
Receive: 62 00 01 02 8C 00 6A 13 2A 00 04 02 79 01 00 00 00 04 9D 00 F6 87 BA 4C 67 7F FD 41 F3 10 85 39 00 E6 04 44 59 00 00 1F C0 00 7A 08 F7 00 2D 01 92 00 00 65 05 03 01 09 C0 78 D8 0C 3A 9B 00 0A 99 1E A3 AA AA 
Time:	12:40:31,750
Send:	220001

Fixed toLineMF: 03E 62 00 01 02 8D 00 6A 13 28 00 05 02 79 01 03 00 00 04 A3 00 FB 86 BA 4C 67 7F FD 41 F3 10 85 65 00 E6 04 44 59 00 00 1F C0 00 7A 08 F7 00 2D 01 09 C0 78 D8 0C 3A 9B 00 0A 9B 1E 7B AA AA 
Receive: 62 00 01 02 8D 00 6A 13 28 00 05 02 79 01 03 00 00 04 A3 00 FB 86 BA 4C 67 7F FD 41 F3 10 85 65 00 E6 04 44 59 00 00 1F C0 00 7A 08 F7 00 2D 01 09 C0 78 D8 0C 3A 9B 00 0A 9B 1E 7B AA AA 

Fixed toLineMF: 03E 62 00 01 02 8D 00 6A 13 28 00 05 02 79 01 03 00 00 04 A3 00 FB 86 BA 4C 67 7F FD 41 F3 10 85 65 00 E6 04 44 59 00 00 1F C0 00 7A 08 F7 00 2D 01 09 C0 78 D8 0C 3A 9B 00 0A 9B 1E 7B AA AA 
Time:	12:40:32,157
Send:	220001

Fixed toLineMF: 03E 62 00 01 02 8D 00 6A 13 44 00 04 02 6F 00 FB 00 00 04 95 00 F8 85 BA 4C 66 7F FD 41 F3 10 85 58 00 E6 04 44 59 00 00 1F C0 00 79 08 F7 00 2D 01 78 00 00 65 05 03 01 00 0A 6D 1E 1B AA AA 
Receive: 62 00 01 02 8D 00 6A 13 44 00 04 02 6F 00 FB 00 00 04 95 00 F8 85 BA 4C 66 7F FD 41 F3 10 85 58 00 E6 04 44 59 00 00 1F C0 00 79 08 F7 00 2D 01 78 00 00 65 05 03 01 00 0A 6D 1E 1B AA AA 

Fixed toLineMF: 03E 62 00 01 02 8D 00 6A 13 44 00 04 02 6F 00 FB 00 00 04 95 00 F8 85 BA 4C 66 7F FD 41 F3 10 85 58 00 E6 04 44 59 00 00 1F C0 00 79 08 F7 00 2D 01 78 00 00 65 05 03 01 00 0A 6D 1E 1B AA AA 
Time:	12:40:32,542
Send:	220001
Receive: 62 00 01 02 8D 00 6A 13 3C 00 02 02 6D 00 FB 00 00 04 8C 00 F6 84 BC 4C 67 7F FD 41 F3 10 85 5C 00 E6 04 44 59 00 00 1F C0 00 79 08 F7 00 2D 01 6B 00 00 65 05 03 01 09 C0 78 D8 0C 3A 9B 00 0A 64 1E 03 AA AA 
Time:	12:40:32,950
Send:	220001
Receive: 62 00 01 02 8C 00 6B 13 34 00 03 02 7E 00 FB 00 00 04 95 00 F9 83 BC 4C 67 7F FD 41 F3 10 85 65 00 E6 04 44 59 00 00 1F C0 00 79 08 F7 00 2D 01 63 00 00 65 05 03 01 09 C0 78 D8 0C 3A 9B 00 0A 6D 1E 16 AA AA 
Time:	12:40:33,350
Send:	220001
Receive: 62 00 01 02 8C 00 6B 13 16 00 03 02 82 00 F6 00 00 04 94 00 F7 83 BC 4C 67 7F FD 41 F3 10 85 58 00 E6 04 44 59 00 00 1F C0 00 79 08 F7 00 2D 01 60 00 00 65 05 03 01 09 C0 78 D8 0C 3A 9B 00 0A 6F 1E 48 AA AA 
Time:	12:40:33,758
Send:	220001
Receive: 62 00 01 02 8C 00 6B 13 00 00 05 02 81 00 F9 00 00 04 93 00 F4 83 BD 4C 67 7F FD 41 F3 10 85 31 00 E6 04 44 59 00 00 1F C0 00 79 08 F7 00 2D 01 60 00 00 65 05 03 01 09 C0 78 D8 0C 3A 9B 00 0A 74 1E 78 AA AA 
Time:	12:40:34,213
Send:	220001
Receive: 62 00 01 02 8D 00 6B 12 EA 00 07 02 81 00 F9 00 00 04 8F 00 F0 82 BD 4C 67 7F FD 41 F3 10 85 0A 00 E6 04 44 59 00 00 1F C0 00 79 08 F7 00 2D 01 68 00 00 65 05 03 01 09 C0 78 D8 0C 3A 9B 00 0A 76 1E 7E AA AA 
Time:	12:40:34,609
Send:	220001
Receive: 62 00 01 02 8D 00 6B 12 E8 00 06 02 7F 00 F9 00 00 04 91 00 F3 82 BD 4C 67 7F FD 41 F3 10 85 28 00 E6 04 44 59 00 00 1F C0 00 79 08 F8 00 2D 01 6E 00 00 65 05 03 01 09 C0 78 D8 0C 3A 9B 00 0A 70 1E 8C AA AA 
Time:	12:40:35,021
Send:	220001
Receive: 62 00 01 02 8D 00 6B 12 D8 00 07 02 83 00 F9 00 00 04 90 00 F2 82 BD 4C 67 7F FD 41 F3 10 85 1B 00 E6 04 44 59 00 00 1F C0 00 79 08 F8 00 2D 01 7B 00 00 65 05 03 01 09 C0 78 D8 0C 3A 9B 00 0A 79 1E 9E AA AA 
Time:	12:40:35,428
Send:	220001
Receive: 62 00 01 02 8D 00 6B 12 FA 00 05 02 7F 00 F6 00 00 04 8F 00 F3 81 BF 4C 67 7F FD 41 F3 10 85 24 00 E6 04 44 59 00 00 1F C0 00 79 08 F8 00 2D 01 7B 00 00 65 05 03 01 09 C0 78 D8 0C 3A 9B 00 0A 62 1E 61 AA AA 
Time:	12:40:35,837
Send:	220001
Receive: 62 00 01 02 8D 00 6B 12 F6 00 07 02 6E 00 F6 00 00 04 7F 00 EE 81 BF 4C 67 7F FD 41 F3 10 85 06 00 E6 04 44 59 00 00 1F C0 00 79 08 F8 00 2D 01 7B 00 00 65 05 03 01 09 C0 78 D8 0C 3A 9B 00 0A 56 1E 54 AA AA 
Time:	12:40:36,228
Send:	220001
Receive: 62 00 01 02 8D 00 6B 12 FC 00 06 02 7A 00 F9 00 00 04 8C 00 F3 81 BE 4C 67 7F FD 41 F3 10 85 4B 00 E6 04 44 59 00 00 1F C0 00 79 08 F9 00 2D 01 7D 00 00 65 05 03 01 09 C0 78 D8 0C 3A 9B 00 0A 4A 1E 55 AA AA 
Time:	12:40:36,612
Send:	220001
Receive: 62 00 01 02 8D 00 6C 12 EE 00 07 02 71 00 F6 00 00 04 7C 00 EE 81 BE 4C 67 7F FD 41 F3 10 85 0A 00 E6 04 44 59 00 00 1F C0 00 79 08 F9 00 2D 01 7D 00 00 65 05 03 01 09 C0 78 D8 0C 3A 9B 00 0A 46 1E 73 AA AA 
Time:	12:40:37,023
Send:	220001
Receive: 62 00 01 02 8D 00 6C 12 D4 00 06 02 74 00 F6 00 00 04 7C 00 EC 80 BE 4C 67 7F FD 41 F3 10 84 F4 00 E6 04 44 59 00 00 1F C0 00 79 08 F9 00 2D 01 88 00 00 65 05 03 01 09 C0 78 D8 0C 3A 9B 00 0A 60 1E 67 AA AA 
Time:	12:40:37,402
Send:	220001
Receive: NO DATA
Time:	12:40:37,687
Send:	220001
Receive: NO DATA
Time:	12:40:37,985
Send:	220001
Receive: NO DATA
Time:	12:40:38,291
Send:	220001
Receive: NO DATA
Time:	12:40:38,631
Send:	220001
Receive: NO DATA
Time:	12:40:38,930
Send:	220001
Receive: NO DATA
Time:	12:40:39,216
Send:	220001
Receive: NO DATA
Time:	12:40:39,537
Send:	220001
Receive: 62 00 01 02 8D 00 6C 12 CA 00 06 02 55 00 F3 00 00 04 79 00 EB 80 B8 4C 67 77 FD 41 F3 10 84 EC 00 E6 03 FF 59 00 00 1F C0 00 79 08 FA 00 2D 01 95 00 00 65 05 03 01 19 C0 78 D8 0C 3A 9B 00 0A 31 1E 5C AA AA 
Time:	12:40:39,958
Send:	220001
Receive: 62 00 01 02 8D 00 6C 12 C4 00 06 02 49 00 F6 00 00 04 79 00 EB 80 B8 4C 66 74 FD 41 F3 10 84 E7 00 E6 03 BB 59 00 00 1F C0 00 79 08 FA 00 2D 01 A3 00 00 65 05 03 01 19 C0 78 D8 0C 3A 9B 00 0A 31 1E 5C AA AA 
Time:	12:40:40,380
Send:	220001
Receive: 62 00 01 02 8D 00 6D 12 B4 00 09 02 42 00 F3 00 00 04 84 00 F0 80 B3 4C 67 71 FD 41 F3 10 85 13 00 E6 03 BB 59 00 00 1F C0 00 79 08 FA 00 2D 01 B5 00 00 65 05 03 01 19 C0 78 D8 0C 3A 9B 00 0A 3B 1E 70 AA AA 
Time:	12:40:40,873
Send:	220001
Receive: 62 00 01 02 8D 00 6D 12 A0 00 07 02 34 00 F6 00 00 04 82 00 EE 80 A1 4C 66 6E 3D 41 F3 10 85 06 00 E6 03 BB 59 00 00 1F C0 00 79 08 FA 00 2D 01 D5 00 00 65 05 03 01 19 C0 78 D8 0C 3A 9B 00 0A 45 1E 88 AA AA 
Time:	12:40:41,341
Send:	220001
Receive: 62 00 01 02 8D 00 6D 12 92 00 09 02 7E 01 08 00 00 04 AA 00 F3 80 23 4C 67 72 DD 41 F3 10 85 0A 00 E6 03 BB 59 00 00 1F C0 00 79 08 FB 00 2D 01 F7 00 00 65 05 03 01 19 C0 78 D8 0C 3A 9B 00 0A AE 1F 58 AA AA 
Time:	12:40:41,782
Send:	220001
Receive: 62 00 01 02 8D 00 6D 12 B0 00 05 02 95 01 03 00 00 04 D2 00 FF 80 86 4C 67 72 DD 41 F3 10 85 39 00 E6 03 BB 59 00 00 1F C0 00 79 08 FB 00 2D 02 0A 00 00 65 05 03 01 19 C0 78 D8 0C 3A 9B 00 0A F7 1F E3 AA AA 
Time:	12:40:42,193
Send:	220001
Receive: 62 00 01 02 8D 00 6D 12 A8 00 08 02 6E 01 03 00 00 04 D0 00 FD 80 B1 4C 67 6F 9D 41 F3 10 85 3E 00 E6 03 D7 59 00 00 1F C0 00 78 08 FB 00 2D 02 19 00 00 65 05 03 01 19 C0 78 D8 0C 3A 9B 00 0A FA 1F F2 AA AA 
Time:	12:40:42,600
Send:	220001
Receive: 62 00 01 02 8D 00 6D 12 90 00 06 02 62 01 03 00 00 04 CD 00 F8 80 A8 4C 67 6C 7D 41 F3 10 85 1F 00 E6 03 D7 59 00 00 1F C0 00 78 08 FB 00 2D 02 2F 00 12 65 05 03 01 19 C0 78 D8 0C 3A 9B 00 0A FF 20 04 AA AA 
Time:	12:40:43,008
Send:	220001
Receive: 62 00 01 02 8D 00 6D 12 A6 00 08 02 6E 01 05 00 00 04 D8 01 00 80 24 4C 67 6F FD 41 F3 10 85 5C 00 E6 03 D7 59 00 00 1F C0 00 78 08 FC 00 2D 02 46 00 00 65 05 03 01 19 C0 78 D8 0C 3A 9B 00 0B 18 20 1C AA AA 
Time:	12:40:43,474
Send:	220001
Receive: 62 00 01 02 8D 00 6D 12 B4 00 05 02 7F 01 05 00 00 04 DB 01 00 80 2B 4C 67 73 FD 41 F3 16 85 58 00 E6 03 D7 59 00 00 1F C0 00 78 08 FC 00 2D 02 56 00 00 65 05 03 01 19 C0 78 D8 0C 3A 9B 00 0B 11 20 1B AA AA 
Time:	12:40:43,858
Send:	220001
Receive: 62 00 01 02 8D 00 6E 12 BA 00 05 02 65 01 03 00 00 04 D1 00 FF 80 9E 4C 67 71 5D 41 F3 16 85 4F 00 E6 03 D7 59 00 00 1F C0 00 78 08 FC 00 2D 02 61 00 00 65 05 03 01 19 C0 78 D8 0C 3A 9B 00 0A FE 1F FF AA AA 
Time:	12:40:44,257
Send:	220001

Fixed toLineMF: 03E 62 00 01 02 8D 00 6E 12 A8 00 06 02 5F 01 05 00 00 04 D3 01 00 80 A2 4C 67 6E 1D 03 FF 59 00 00 1F C0 00 78 08 FC 00 2D 02 73 00 00 65 05 03 01 19 C0 78 D8 0C 3A 9B 00 0B 03 20 14 AA AA 
Receive: 62 00 01 02 8D 00 6E 12 A8 00 06 02 5F 01 05 00 00 04 D3 01 00 80 A2 4C 67 6E 1D 03 FF 59 00 00 1F C0 00 78 08 FC 00 2D 02 73 00 00 65 05 03 01 19 C0 78 D8 0C 3A 9B 00 0B 03 20 14 AA AA 

Fixed toLineMF: 03E 62 00 01 02 8D 00 6E 12 A8 00 06 02 5F 01 05 00 00 04 D3 01 00 80 A2 4C 67 6E 1D 03 FF 59 00 00 1F C0 00 78 08 FC 00 2D 02 73 00 00 65 05 03 01 19 C0 78 D8 0C 3A 9B 00 0B 03 20 14 AA AA 
Time:	12:40:44,647
Send:	220001
Receive: 62 00 01 02 8D 00 6E 12 9A 00 0B 02 79 01 05 00 00 04 D2 00 FA 80 27 4C 67 73 5D 41 F3 16 85 2C 00 E6 03 FF 59 00 00 1F C0 00 78 08 FC 00 2D 02 7E 00 00 65 05 03 01 19 C0 78 D8 0C 3A 9B 00 0B 02 20 1A AA AA 
Time:	12:40:45,207
Send:	220001
Receive: 62 00 01 02 8D 00 6E 12 CC 00 02 02 74 01 03 00 00 04 D7 00 FF 80 A2 4C 67 72 1D 41 F3 16 85 4B 00 E6 03 D7 59 00 00 1F C0 00 78 08 FC 00 2D 02 86 00 00 65 05 03 01 19 C0 78 D8 0C 3A 9B 00 0A F8 1F FA AA AA 
Time:	12:40:45,608
Send:	220001
Receive: 62 00 01 02 8D 00 6E 12 AC 00 06 02 5B 01 03 00 00 04 CD 00 FC 80 2A 4C 67 6F 9D 41 F3 16 85 42 00 E6 03 D7 59 00 00 1F C0 00 78 08 FC 00 2D 02 93 00 00 65 05 03 01 19 C0 78 D8 0C 3A 9B 00 0A FE 20 12 AA AA 
Time:	12:40:46,001
Send:	220001

Fixed toLineMF: 03E 62 00 01 02 8D 00 6E 12 BA 00 06 02 6A 01 03 00 00 04 C8 00 FC 80 40 4C 67 75 DD 41 F3 16 85 46 00 E6 04 44 59 00 00 1F C0 00 78 08 FD 00 2D 02 9B 00 00 65 05 03 01 00 0A F4 1F F3 AA AA 
Receive: 62 00 01 02 8D 00 6E 12 BA 00 06 02 6A 01 03 00 00 04 C8 00 FC 80 40 4C 67 75 DD 41 F3 16 85 46 00 E6 04 44 59 00 00 1F C0 00 78 08 FD 00 2D 02 9B 00 00 65 05 03 01 00 0A F4 1F F3 AA AA 

Fixed toLineMF: 03E 62 00 01 02 8D 00 6E 12 BA 00 06 02 6A 01 03 00 00 04 C8 00 FC 80 40 4C 67 75 DD 41 F3 16 85 46 00 E6 04 44 59 00 00 1F C0 00 78 08 FD 00 2D 02 9B 00 00 65 05 03 01 00 0A F4 1F F3 AA AA 
Time:	12:40:46,390
Send:	220001
Receive: 62 00 01 02 8D 00 6E 12 A4 00 0C 02 67 01 03 00 00 04 CB 00 F8 80 A2 4C 67 70 FD 41 F3 16 85 24 00 E6 04 44 59 00 00 1F C0 00 78 08 FD 00 2D 02 A3 00 00 65 05 03 01 19 C0 78 D8 0C 3A 9B 00 0B 01 1F D2 AA AA 
Time:	12:40:46,784
Send:	220001
Receive: 62 00 01 02 8D 00 6E 12 BE 00 0B 02 5A 00 FE 00 00 04 B8 00 FB 80 28 4C 67 75 FD 41 F3 16 85 46 00 E6 04 44 59 00 00 1F C0 00 78 08 FD 00 2D 02 A8 00 00 65 05 03 01 19 C0 78 D8 0C 3A 9B 00 0A C7 1F 87 AA AA 
Time:	12:40:47,162
Send:	220001
Receive: 62 00 01 02 8D 00 6E 12 C8 00 03 02 73 00 FE 00 00 04 B5 00 F9 80 82 4C 67 79 1D 41 F3 16 85 35 00 E6 03 D7 59 00 00 1F C0 00 78 08 FD 00 2D 02 AB 00 00 65 05 03 01 19 C0 78 D8 0C 3A 9B 00 0A AA 1F 5F AA AA 
Time:	12:40:47,542
Send:	220001
Receive: 62 00 01 02 8D 00 6F 12 CE 00 0A 02 35 00 F9 00 00 04 8F 00 F2 80 A7 4C 67 73 1D 41 F3 16 85 24 00 E6 03 D7 59 00 00 1F C0 00 78 08 FD 00 2D 02 A9 00 00 65 05 03 01 19 C0 78 D8 0C 3A 9B 00 0A 82 1E EF AA AA 
Time:	12:40:47,928
Send:	220001
Receive: 62 00 01 02 8D 00 6F 12 A0 00 07 02 49 00 F9 00 00 04 87 00 EC 80 26 4C 67 76 1D 41 F3 16 84 DF 00 E6 03 95 59 00 00 1F C0 00 78 08 FE 00 2D 02 B3 00 00 65 05 03 01 19 C0 78 D8 0C 3A 9B 00 0A 5F 1E D3 AA AA 
Time:	12:40:48,318
Send:	220001
Receive: 62 00 01 02 8D 00 6F 12 D0 00 03 02 54 00 F3 00 00 04 86 00 EE 80 25 4C 67 78 7D 41 F3 16 84 FD 00 E6 03 95 59 00 00 1F C0 00 78 08 FE 00 2D 02 B3 00 00 65 05 03 01 19 C0 78 D8 0C 3A 9B 00 0A 39 1E 8A AA AA 
Time:	12:40:48,753
Send:	220001
Receive: 62 00 01 02 8D 00 6F 12 C0 00 05 02 5B 00 F3 00 00 04 76 00 EB 80 73 4C 67 7C 3D 41 F3 16 84 EC 00 E6 03 95 59 00 00 1F C0 00 78 08 FE 00 2D 02 B9 00 00 65 05 03 01 19 C0 78 D8 0C 3A 9B 00 0A 2D 1E 72 AA AA 
Time:	12:40:49,153
Send:	220001
Receive: 62 00 01 02 8D 00 6F 12 B8 00 09 02 41 00 F3 00 00 04 71 00 EA 80 AC 4C 67 76 5D 41 F3 16 84 E7 00 E6 03 BB 59 00 00 1F C0 00 78 08 FE 00 2D 02 BB 00 00 65 05 03 01 19 C0 78 D8 0C 3A 9B 00 0A 2F 1E 60 AA AA 
Time:	12:40:49,538
Send:	220001
Receive: 62 00 01 02 8D 00 6F 12 B4 00 0B 02 37 00 F3 00 00 04 6F 00 E7 80 A8 4C 67 73 5D 41 F3 16 84 CD 00 E6 03 BB 59 00 00 1F C0 00 78 08 FE 00 2D 02 BB 00 00 65 05 03 01 19 C0 78 D8 0C 3A 9B 00 0A 26 1E 6A AA AA 
Time:	12:40:49,950
Send:	220001

Fixed toLineMF: 03E 62 00 01 02 8D 00 6F 12 AC 00 08 02 40 E6 80 24 4C 67 75 5D 41 F3 16 84 AF 00 E6 03 BB 59 00 00 1F C0 00 78 08 FE 00 2D 02 C3 00 00 65 05 03 01 19 C0 78 D8 0C 3A 9B 00 0A 2B 1E 73 AA AA 
Receive: 62 00 01 02 8D 00 6F 12 AC 00 08 02 40 E6 80 24 4C 67 75 5D 41 F3 16 84 AF 00 E6 03 BB 59 00 00 1F C0 00 78 08 FE 00 2D 02 C3 00 00 65 05 03 01 19 C0 78 D8 0C 3A 9B 00 0A 2B 1E 73 AA AA 

Fixed toLineMF: 03E 62 00 01 02 8D 00 6F 12 AC 00 08 02 40 E6 80 24 4C 67 75 5D 41 F3 16 84 AF 00 E6 03 BB 59 00 00 1F C0 00 78 08 FE 00 2D 02 C3 00 00 65 05 03 01 19 C0 78 D8 0C 3A 9B 00 0A 2B 1E 73 AA AA 
Time:	12:40:50,334
Send:	220001

Fixed toLineMF: 03E 62 00 01 02 8D 00 6F 12 AE 00 08 02 4C E7 80 26 4C 67 78 5D 41 F3 16 84 C9 00 E6 03 BB 59 00 00 1F C0 00 78 08 FF 00 2D 02 C9 00 00 65 05 03 01 19 C0 78 D8 0C 3A 9B 00 0A 2A 1E 70 AA AA 
Receive: 62 00 01 02 8D 00 6F 12 AE 00 08 02 4C E7 80 26 4C 67 78 5D 41 F3 16 84 C9 00 E6 03 BB 59 00 00 1F C0 00 78 08 FF 00 2D 02 C9 00 00 65 05 03 01 19 C0 78 D8 0C 3A 9B 00 0A 2A 1E 70 AA AA 

Fixed toLineMF: 03E 62 00 01 02 8D 00 6F 12 AE 00 08 02 4C E7 80 26 4C 67 78 5D 41 F3 16 84 C9 00 E6 03 BB 59 00 00 1F C0 00 78 08 FF 00 2D 02 C9 00 00 65 05 03 01 19 C0 78 D8 0C 3A 9B 00 0A 2A 1E 70 AA AA 
Time:	12:40:50,717
Send:	220001
Receive: 62 00 01 02 8D 00 6F 12 BA 00 09 02 4E 00 F3 00 00 04 72 00 ED 80 29 4C 67 7A 9D 41 F3 16 85 17 00 E6 03 BB 59 00 00 1F C0 00 78 08 FF 00 2D 02 CB 00 00 65 05 03 01 19 C0 78 D8 0C 3A 9B 00 0A 28 1E 6D AA AA 
Time:	12:40:51,121
Send:	220001
Receive: 62 00 01 02 8D 00 6F 12 AC 00 06 02 4D 00 F6 00 00 04 70 00 E4 80 9F 4C 67 76 FD 41 F3 16 84 9A 00 E6 03 FF 59 00 00 1F C0 00 78 08 FF 00 2D 02 CE 00 00 65 05 03 01 19 C0 78 D8 0C 3A 9B 00 0A 3D 1E 62 AA AA 
Time:	12:40:51,521
Send:	220001
Receive: 62 00 01 02 8D 00 70 12 92 00 0E 02 58 00 F6 00 00 04 77 00 E9 80 36 4C 66 79 9D 41 F3 16 84 D6 00 E6 03 FF 59 00 00 1F C0 00 78 08 FF 00 2D 02 D6 00 00 65 05 03 01 19 C0 78 D8 0C 3A 9B 00 0A 33 1E 88 AA AA 
Time:	12:40:51,935
Send:	220001
Receive: 62 00 01 02 8D 00 70 12 9E 00 0A 02 3F 00 F3 00 00 04 77 00 EB 80 AB 4C 67 73 9D 41 F3 16 84 EC 00 E6 03 95 59 00 00 1F C0 00 77 08 FF 00 2D 02 E1 00 00 65 05 03 01 19 C0 78 D8 0C 3A 9B 00 0A 37 1E 8F AA AA 
Time:	12:40:52,331
Send:	220001
Receive: 62 00 01 02 8D 00 70 12 84 00 09 02 74 00 F3 00 00 04 9A 00 EF 80 26 4C 67 76 7D 41 F3 16 84 F0 00 E6 03 95 59 00 00 1F C0 00 77 08 FF 00 2D 02 F3 00 00 65 05 03 01 19 C0 78 D8 0C 3A 9B 00 0A 81 1F 20 AA AA 
Time:	12:40:52,742
Send:	220001
Receive: 62 00 01 02 8D 00 70 12 A2 00 08 02 5B 00 F6 00 00 04 81 00 EC 80 3E 4C 67 79 9D 41 F3 16 84 E3 00 E6 03 95 59 00 00 1F C0 00 77 09 00 00 2D 02 F6 00 00 65 05 03 01 19 C0 78 D8 0C 3A 9B 00 0A 53 1E C8 AA AA 
Time:	12:40:53,297
Send:	220001
Receive: 62 00 01 02 8D 00 70 12 2A 00 0E 01 F2 00 CE 00 00 04 0A 00 C6 80 27 4C 67 72 FD 41 F3 16 83 B4 00 E6 03 95 59 00 00 1F C0 00 63 09 00 00 2D 03 0E FF AC 65 05 03 01 19 C0 78 D8 0C 3A 9B 00 09 40 1C 92 AA AA 
Time:	12:40:53,767
Send:	220001
Receive: 62 00 01 02 8D 00 70 11 66 00 09 02 14 00 D1 00 00 04 02 00 C2 80 25 4C 67 78 7D 41 F3 16 83 A7 00 E6 03 95 59 00 00 1F C0 00 63 09 00 00 2D 03 1B FF C1 65 05 03 01 19 C0 78 D8 0C 3A 9B 00 09 52 1C A5 AA AA 
Time:	12:40:54,247
Send:	220001
Receive: 62 00 01 02 8C 00 70 10 64 00 0A 02 5A 00 D1 00 00 04 58 00 C3 80 AB 4C 67 76 FD 41 F3 16 82 E1 00 E6 02 F7 59 00 00 1F C0 00 63 09 00 00 2D 03 1E FF FB 65 05 03 01 19 C0 78 D8 0C 3A 9B 00 0A 00 1E 0A AA AA 
Time:	12:40:54,899
Send:	220001
Receive: 62 00 01 02 8D 00 70 0F D0 00 06 02 6D 00 D1 00 00 04 9C 00 CA 80 C1 4C 67 72 DD 41 F3 16 83 5B 00 E6 02 F7 59 00 00 1F C0 00 63 09 01 00 2D 03 2E 00 00 65 05 03 01 19 C0 78 D8 0C 3A 9B 00 0A 9A 1F 51 AA AA 
Time:	12:40:55,345
Send:	220001
Receive: 62 00 01 02 8D 00 71 0F 72 00 09 02 6F 00 CE 00 00 04 BB 00 CD 80 BE 4C 67 6F 5D 41 F3 16 83 B8 00 E6 03 4E 59 00 00 1F C0 00 63 09 01 00 2D 03 48 00 00 65 05 03 01 19 C0 78 D8 0C 3A 9B 00 0A D2 1F E1 AA AA 
Time:	12:40:55,748
Send:	220001
Receive: 62 00 01 02 8D 00 71 0F 54 00 05 02 62 00 CE 00 00 04 C0 00 CE 80 B7 4C 67 6C 9D 41 F3 16 83 C5 00 E6 03 4E 59 00 00 1F C0 00 63 09 01 00 2D 03 63 00 00 65 05 03 01 19 C0 78 D8 0C 3A 9B 00 0A E2 20 06 AA AA 
Time:	12:40:56,123
Send:	220001
Receive: 62 00 01 02 8D 00 71 0F 46 00 05 02 56 00 CE 00 00 04 BD 00 C8 80 AD 4C 67 6A 7D 41 F3 16 83 BC 00 E6 03 33 59 00 00 1F C0 00 63 09 02 00 2D 03 73 00 00 65 05 03 01 19 C0 78 D8 0C 3A 9B 00 0A D7 1F FE AA AA 
Time:	12:40:56,531
Send:	220001
Receive: 62 00 01 02 8C 00 71 0F 48 00 06 02 56 00 D1 00 00 04 BE 00 CE 80 25 4C 66 6C BD 41 F3 16 83 C0 00 E6 03 33 59 00 00 1F C0 00 63 09 02 00 2D 03 95 00 00 65 05 03 01 19 C0 78 D8 0C 3A 9B 00 0A DE 1F FB AA AA 
Time:	12:40:56,935
Send:	220001
Receive: 62 00 01 02 8D 00 71 0F 56 00 07 02 62 00 D1 00 00 04 BF 00 CD 80 27 4C 67 6F 7D 41 F3 16 83 C0 00 E6 03 33 59 00 00 1F C0 00 63 09 02 00 2D 03 A5 00 00 65 05 03 01 19 C0 78 D8 0C 3A 9B 00 0A D7 1F F3 AA AA 
Time:	12:40:57,318
Send:	220001
Receive: 62 00 01 02 8D 00 71 0F 68 00 06 02 6C 00 CE 00 00 04 C1 00 CD 80 2A 4C 67 71 9D 41 F3 16 83 C9 00 E6 03 33 59 00 00 1F C0 00 63 09 02 00 2D 03 AB 00 00 65 05 03 01 19 C0 78 D8 0C 3A 9B 00 0A E3 20 06 AA AA 
Time:	12:40:57,722
Send:	220001
Receive: 62 00 01 02 8C 00 71 0F 56 00 0A 02 5C 00 D1 00 00 04 BE 00 CB 80 AA 4C 67 6E 1D 41 F3 16 83 C0 00 E6 03 33 59 00 00 1F C0 00 63 09 02 00 2D 03 B8 00 00 65 05 03 01 19 C0 78 D8 0C 3A 9B 00 0A E1 20 0B AA AA 
Time:	12:40:58,113
Send:	220001
Receive: 62 00 01 02 8D 00 71 0F 3A 00 0B 02 52 00 D1 00 00 04 C1 00 CB 80 A2 4C 67 6B 5D 41 F3 16 83 C9 00 E6 02 FC 59 00 00 1F C0 00 63 09 02 00 2D 03 CD 00 00 65 05 03 01 19 C0 78 D8 0C 3A 9B 00 0A E0 20 3D AA AA 
Time:	12:40:58,503
Send:	220001
Receive: 62 00 01 02 8D 00 71 0F 52 00 04 02 66 00 CE 00 00 04 C6 00 D2 80 27 4C 67 70 3D 41 F3 19 83 E2 00 E6 02 FC 59 00 00 1F C0 00 63 09 03 00 2D 03 E0 00 00 65 05 03 01 19 C0 78 D8 0C 3A 9B 00 0A F0 20 22 AA AA 
Time:	12:40:58,888
Send:	220001
Receive: 62 00 01 02 8D 00 71 0F 58 00 08 02 6D 00 D1 00 00 04 C1 00 CD 80 37 4C 67 72 FD 41 F3 19 83 C9 00 E6 02 FC 59 00 00 1F C0 00 63 09 03 00 2D 03 E8 00 00 65 05 03 01 19 C0 78 D8 0C 3A 9B 00 0A E7 20 17 AA AA 
Time:	12:40:59,290
Send:	220001
Receive: 62 00 01 02 8C 00 72 0F 4A 00 0B 02 5C 00 D1 00 00 04 C6 00 CB 80 AA 4C 67 6D DD 41 F3 19 83 D6 00 E6 03 33 59 00 00 1F C0 00 63 09 03 00 2D 03 F5 00 00 65 05 03 01 19 C0 78 D8 0C 3A 9B 00 0A E9 20 29 AA AA 
Time:	12:40:59,728
Send:	220001
Receive: 62 00 01 02 8D 00 72 0F 6E 00 08 02 65 00 CE 00 00 04 C5 00 CE 80 28 4C 67 70 DD 41 F3 19 83 D6 00 E6 03 33 59 00 00 1F C0 00 63 09 03 00 2D 03 FD 00 00 65 05 03 01 19 C0 78 D8 0C 3A 9B 00 0A E3 20 19 AA AA 
Time:	12:41:00,121
Send:	220001
Receive: 62 00 01 02 8D 00 72 0F 6A 00 05 02 6F 00 CE 00 00 04 C6 00 D0 80 37 4C 67 72 DD 41 F3 19 83 DA 00 E6 03 33 59 00 00 1F C0 00 63 09 03 00 2D 04 05 00 00 65 05 03 01 19 C0 78 D8 0C 3A 9B 00 0A E5 20 28 AA AA 
Time:	12:41:00,518
Send:	220001
Receive: 62 00 01 02 8D 00 72 0F 66 00 05 02 50 00 CE 00 00 04 BF 00 CD 80 A8 4C 67 6D 7D 41 F3 19 83 C0 00 E6 03 33 59 00 00 1F C0 00 63 09 04 00 2D 04 0A 00 00 65 05 03 01 19 C0 78 D8 0C 3A 9B 00 0A D1 20 14 AA AA 
Time:	12:41:00,914
Send:	220001
Receive: 62 00 01 02 8C 00 72 0F 38 00 07 02 5C 00 D1 00 00 04 BB 00 C9 80 2A 4C 67 6F BD 41 F3 19 83 B8 00 E6 03 33 59 00 00 1F C0 00 63 09 04 00 2D 04 1D 00 05 65 05 03 01 19 C0 78 D8 0C 3A 9B 00 0A DE 20 1C AA AA 
Time:	12:41:01,312
Send:	220001
Receive: 62 00 01 02 8D 00 72 0F 68 00 05 02 61 00 CE 00 00 04 BE 00 D0 80 28 4C 67 72 7D 41 F3 19 83 C0 00 E6 02 FC 59 00 00 1F C0 00 63 09 04 00 2D 04 20 00 00 65 05 03 01 19 C0 78 D8 0C 3A 9B 00 0A D5 20 0A AA AA 
Time:	12:41:01,701
Send:	220001
Receive: 62 00 01 02 8C 00 72 0F 58 00 0A 02 5F 00 CE 00 00 04 BA 00 C9 80 9D 4C 66 70 FD 41 F3 19 83 B4 00 E6 02 FC 59 00 00 1F C0 00 63 09 04 00 2D 04 28 00 00 65 05 03 01 19 C0 78 D8 0C 3A 9B 00 0A DA 1F F4 AA AA 
Time:	12:41:02,080
Send:	220001

Fixed toLineMF: 03E 62 00 01 02 8C 00 72 0F 50 00 06 02 58 00 D1 00 00 04 BD 00 41 F3 19 83 BC 00 E6 02 FC 59 00 00 1F C0 00 63 09 04 00 2D 04 30 00 00 65 05 03 01 19 C0 78 D8 0C 3A 9B 00 0A D9 20 09 AA AA 
Receive: 62 00 01 02 8C 00 72 0F 50 00 06 02 58 00 D1 00 00 04 BD 00 41 F3 19 83 BC 00 E6 02 FC 59 00 00 1F C0 00 63 09 04 00 2D 04 30 00 00 65 05 03 01 19 C0 78 D8 0C 3A 9B 00 0A D9 20 09 AA AA 

Fixed toLineMF: 03E 62 00 01 02 8C 00 72 0F 50 00 06 02 58 00 D1 00 00 04 BD 00 41 F3 19 83 BC 00 E6 02 FC 59 00 00 1F C0 00 63 09 04 00 2D 04 30 00 00 65 05 03 01 19 C0 78 D8 0C 3A 9B 00 0A D9 20 09 AA AA 
Time:	12:41:02,471
Send:	220001
Receive: 62 00 01 02 8D 00 72 0F 54 00 06 02 5D 00 CE 00 00 04 BF 00 CE 80 2A 4C 67 6F BD 41 F3 19 83 C5 00 E6 02 FC 59 00 00 1F C0 00 63 09 04 00 2D 04 38 00 00 65 05 03 01 19 C0 78 D8 0C 3A 9B 00 0A D3 20 09 AA AA 
Time:	12:41:02,888
Send:	220001
Receive: 62 00 01 02 8D 00 72 0F 32 00 08 02 6A 00 D1 00 00 04 BF 00 CB 80 27 4C 67 72 9D 41 F3 19 83 C0 00 E6 02 FC 59 00 00 1F C0 00 62 09 04 00 2D 04 50 00 00 65 05 03 01 19 C0 78 D8 0C 3A 9B 00 0A DD 20 11 AA AA 
Time:	12:41:03,288
Send:	220001
Receive: 62 00 01 02 8D 00 73 0F 48 00 09 02 69 00 CE 00 00 04 B8 00 CC 80 8B 4C 66 75 3D 41 F3 19 83 AB 00 E6 03 33 59 00 00 1F C0 00 62 09 05 00 2D 04 58 00 00 65 05 03 01 19 C0 78 D8 0C 3A 9B 00 0A CD 1F E6 AA AA 
Time:	12:41:03,708
Send:	220001
Receive: 62 00 01 02 8C 00 73 0F 40 00 06 02 55 00 CE 00 00 04 B5 00 C8 80 AA 4C 67 6F 5D 41 F3 19 83 A3 00 E6 03 33 59 00 00 1F C0 00 62 09 05 00 2D 04 60 00 00 65 05 03 01 19 C0 78 D8 0C 3A 9B 00 0A C4 1F DA AA AA 
Time:	12:41:04,133
Send:	220001
Receive: 62 00 01 02 8C 00 73 0F 48 00 02 02 5A 00 CE 00 00 04 AE 00 C4 80 28 4C 67 71 7D 41 F3 19 83 8E 00 E6 03 16 59 00 00 1F C0 00 62 09 05 00 2D 04 68 00 00 65 05 03 01 19 C0 78 D8 0C 3A 9B 00 0A AF 1F D1 AA AA 
Time:	12:41:04,528
Send:	220001
Receive: 62 00 01 02 8C 00 73 0F 44 00 07 02 5D 00 CC 00 00 04 AB 00 C7 80 2B 4C 67 74 3D 41 F3 19 83 85 00 E6 03 16 59 00 00 1F C0 00 62 09 05 00 2D 04 75 00 00 65 05 03 01 19 C0 78 D8 0C 3A 9B 00 0A AE 1F BB AA AA 
Time:	12:41:04,918
Send:	220001
Receive: 62 00 01 02 8C 00 73 0F 60 00 03 02 5E 00 C9 00 00 04 AE 00 C9 80 96 4C 67 72 9D 41 F3 19 83 8E 00 E6 03 16 59 00 00 1F C0 00 62 09 05 00 2D 04 78 00 00 65 05 03 01 19 C0 78 D8 0C 3A 9B 00 0A AC 1F A6 AA AA 
Time:	12:41:05,322
Send:	220001
Receive: 62 00 01 02 8D 00 73 0F 34 00 09 02 5A 00 CC 00 00 04 B1 00 C8 80 A9 4C 66 6F DD 41 F3 19 83 9A 00 E6 03 33 59 00 00 1F C0 00 62 09 05 00 2D 04 88 00 00 65 05 03 01 19 C0 78 D8 0C 3A 9B 00 0A BF 1F E9 AA AA 
Time:	12:41:05,710
Send:	220001
Receive: 62 00 01 02 8D 00 73 0F 42 00 0B 02 4D 00 CC 00 00 04 B0 00 C8 80 99 4C 66 6D 1D 41 F3 19 83 96 00 E6 03 33 59 00 00 1F C0 00 62 09 06 00 2D 04 93 00 00 65 05 03 01 19 C0 78 D8 0C 3A 9B 00 0A B6 1F D7 AA AA 
Time:	12:41:06,090
Send:	220001

Fixed toLineMF: 03E 62 00 01 02 8C 00 73 0F 50 00 08 02 5B 00 CC 00 00 04 AE 00 C8 80 26 4C 67 72 3D 41 F3 19 83 8E 00 E6 02 E3 59 00 00 1F C0 00 62 09 06 00 2D 04 9D 00 00 65 05 03 01 19 C0 78 D8 0C 3A 9B 
Receive: 62 00 01 02 8C 00 73 0F 50 00 08 02 5B 00 CC 00 00 04 AE 00 C8 80 26 4C 67 72 3D 41 F3 19 83 8E 00 E6 02 E3 59 00 00 1F C0 00 62 09 06 00 2D 04 9D 00 00 65 05 03 01 19 C0 78 D8 0C 3A 9B 

Fixed toLineMF: 03E 62 00 01 02 8C 00 73 0F 50 00 08 02 5B 00 CC 00 00 04 AE 00 C8 80 26 4C 67 72 3D 41 F3 19 83 8E 00 E6 02 E3 59 00 00 1F C0 00 62 09 06 00 2D 04 9D 00 00 65 05 03 01 19 C0 78 D8 0C 3A 9B 
Time:	12:41:06,522
Send:	220001
Receive: 62 00 01 02 8C 00 73 0F 62 00 01 02 6B 00 CC 00 00 04 B0 00 C8 80 31 4C 67 74 FD 41 F3 19 83 96 00 E6 02 E3 59 00 00 1F C0 00 62 09 07 00 2D 04 A0 00 00 65 05 03 01 19 C0 78 D8 0C 3A 9B 00 0A AF 1F C0 AA AA 
Time:	12:41:06,900
Send:	220001
Receive: 62 00 01 02 8C 00 73 0F 54 00 02 02 56 00 CC 00 00 04 AC 00 C5 80 A7 4C 66 70 9D 41 F3 19 83 89 00 E6 02 E3 59 00 00 1F C0 00 62 09 07 00 2D 04 A8 00 00 65 05 03 01 19 C0 78 D8 0C 3A 9B 00 0A AE 1F C3 AA AA 
Time:	12:41:07,310
Send:	220001
Receive: 62 00 01 02 8C 00 74 0F 3C 00 0B 02 4E 00 CC 00 00 04 AE 00 C6 80 A0 4C 67 6D BD 41 F3 19 83 8E 00 E6 02 E3 59 00 00 1F C0 00 62 09 07 00 2D 04 B0 00 00 65 05 03 01 19 C0 78 D8 0C 3A 9B 00 0A B8 1F D4 AA AA 
Time:	12:41:07,702
Send:	220001
Receive: NO DATA
Time:	12:41:07,988
Send:	220001
Receive: NO DATA
Time:	12:41:08,261
Send:	220001
Receive: NO DATA
Time:	12:41:08,547
Send:	220001
Receive: NO DATA
Time:	12:41:08,825
Send:	220001
Receive: NO DATA
Time:	12:41:09,105
Send:	220001
Receive: NO DATA
Time:	12:41:09,439
Send:	220001
Receive: NO DATA
Time:	12:41:09,727
Send:	220001
Receive: 62 00 01 02 8C 00 74 0F 56 00 04 02 58 00 CC 00 00 04 B0 00 CB 80 A0 4C 67 71 BD 41 F3 19 83 96 00 E6 02 E3 59 00 00 1F C0 00 62 09 08 00 2D 04 DE 00 00 65 05 03 01 19 C0 78 D8 0C 3A 9B 00 0A BC 1F D5 AA AA 
Time:	12:41:10,140
Send:	220001
Receive: 62 00 01 02 8C 00 74 0F 38 00 06 02 52 00 CC 00 00 04 AF 00 C6 80 AB 4C 67 6E FD 41 F3 19 83 92 00 E6 02 FC 59 00 00 1F C0 00 62 09 08 00 2D 04 E3 00 00 65 05 03 01 19 C0 78 D8 0C 3A 9B 00 0A B0 1F DE AA AA 
Time:	12:41:10,544
Send:	220001
Receive: 62 00 01 02 8D 00 74 0F 28 00 0B 02 4C 00 CC 00 00 04 B0 00 C6 80 2B 4C 67 6C DD 41 F3 19 83 92 00 E6 02 FC 59 00 00 1F C0 00 62 09 09 00 2D 04 F1 00 00 65 05 03 01 19 C0 78 D8 0C 3A 9B 00 0A B4 1F E6 AA AA 
Time:	12:41:10,930
Send:	220001
Receive: 62 00 01 02 8D 00 75 0F 3A 00 02 02 5C 00 CC 00 00 04 B1 00 C9 80 27 4C 67 72 9D 41 F3 19 83 9A 00 E6 02 FC 59 00 00 1F C0 00 62 09 09 00 2D 04 F9 00 00 65 05 03 01 19 C0 78 D8 0C 3A 9B 00 0A B7 1F D8 AA AA 
Time:	12:41:11,425
Send:	220001
Receive: 62 00 01 02 8D 00 75 0F 60 00 01 02 61 00 C9 00 00 04 AE 00 CB 80 33 4C 66 75 5D 41 F3 19 83 8E 00 E6 02 FC 59 00 00 1F C0 00 62 09 09 00 2D 04 FC 00 00 65 05 03 01 19 C0 78 D8 0C 3A 9B 00 0A A8 1F CC AA AA 
Time:	12:41:11,833
Send:	220001
Receive: NO DATA
Time:	12:41:12,127
Send:	220001
Receive: NO DATA
Time:	12:41:12,475
Send:	220001
Receive: NO DATA
Time:	12:41:12,757
Send:	220001
Receive: NO DATA
Time:	12:41:13,086
Send:	220001
Receive: NO DATA
Time:	12:41:13,376
Send:	220001
Receive: NO DATA
Time:	12:41:13,697
Send:	220001
Receive: NO DATA
Time:	12:41:13,981
Send:	220001
Receive: 62 00 01 02 8D 00 75 0F 3E 00 03 02 5D 00 CC 00 00 04 AC 00 C7 80 29 4C 67 74 9D 41 F3 24 83 89 00 E6 02 FC 59 17 7F 1F C0 00 61 09 0A 00 2D 05 1C 00 00 65 05 03 01 1D C0 78 D8 0C 3A 9B 00 0A A9 1F C5 AA AA 
Time:	12:41:14,528
Send:	220001
Receive: 62 00 01 02 8D 00 75 0F 44 00 04 02 53 00 C9 00 00 04 A9 00 C8 80 A6 4C 67 71 FD 41 F3 24 83 7D 00 E6 02 FC 59 17 7F 1F C0 00 61 09 0B 00 2D 05 1C 00 00 65 05 03 01 1D C0 78 D8 0C 3A 9B 00 0A AB 1F C5 AA AA 
Time:	12:41:15,174
Send:	220001
Receive: 62 00 01 02 8D 00 76 0F 28 00 0C 02 55 00 CC 00 00 04 AA 00 C8 80 28 4C 67 72 BD 41 F3 24 83 81 00 E6 02 FC 59 18 60 1F C0 00 61 09 0B 00 2D 05 2A 00 00 65 05 03 01 1D C0 78 D8 0C 3A 9B 00 0A B2 1F C6 AA AA 
Time:	12:41:15,565
Send:	220001
Receive: 62 00 01 02 8C 00 76 0F 3C 00 0A 02 59 00 CC 00 00 04 A7 00 C8 80 28 4C 67 75 7D 41 F3 24 83 78 00 E6 02 FC 59 18 60 1F C0 00 61 09 0B 00 2D 05 27 00 00 65 05 03 01 1D C0 78 D8 0C 3A 9B 00 0A AC 1F B6 AA AA 
Time:	12:41:16,084
Send:	220001
Receive: 62 00 01 02 8D 00 76 0F 4E 00 05 02 58 00 C9 00 00 04 A8 00 C8 80 A7 4C 67 73 5D 41 F3 24 83 7D 00 E6 03 33 59 18 60 1F C0 00 61 09 0C 00 2D 05 20 00 00 65 05 03 01 1D C0 78 D8 0C 3A 9B 00 0A 9A 1F AC AA AA 
Time:	12:41:16,480
Send:	220001
Receive: 62 00 01 02 8C 00 76 0F 44 00 0A 02 4C 00 C9 00 00 04 A3 00 C4 80 AA 4C 67 70 9D 41 F3 24 83 70 00 E6 03 33 59 19 41 1F C0 00 61 09 0C 00 2D 05 20 00 00 65 05 03 01 1D C0 78 D8 0C 3A 9B 00 0A 99 1F B2 AA AA 
Time:	12:41:16,956
Send:	220001
Receive: 62 00 01 02 8C 00 76 0F 2E 00 00 02 52 00 C7 00 00 04 A7 00 CB 80 26 4C 67 73 1D 41 F3 24 83 78 00 E6 02 E3 59 19 41 1F C0 00 61 09 0C 00 2D 05 28 00 00 65 05 03 01 1D C0 78 D8 0C 3A 9B 00 0A 9E 1F AE AA AA 
Time:	12:41:17,383
Send:	220001
Receive: 62 00 01 02 8D 00 76 0F 42 00 02 02 54 00 C7 00 00 04 9E 00 C9 80 2C 4C 67 75 DD 41 F3 24 83 5F 00 E6 02 E3 59 19 41 1F C0 00 61 09 0C 00 2D 05 23 00 00 65 05 03 01 1D C0 78 D8 0C 3A 9B 00 0A 7F 1F 90 AA AA 
Time:	12:41:17,816
Send:	220001
Receive: 62 00 01 02 8C 00 76 0F 40 00 03 02 47 00 C7 00 00 04 99 00 C5 80 A6 4C 66 73 3D 41 F3 24 83 52 00 E6 02 E3 59 1A 22 1F C0 00 61 09 0C 00 2D 05 25 00 00 65 05 03 01 1D C0 78 D8 0C 3A 9B 00 0A 8A 1F 85 AA AA 
Time:	12:41:18,356
Send:	220001
Receive: 62 00 01 02 8D 00 76 0F 26 00 01 02 4E 00 C7 00 00 04 A0 00 C1 80 7D 4C 67 6F FD 41 F3 24 83 68 00 E6 02 FC 59 1B 08 1F C0 00 61 09 0D 00 2D 05 28 00 00 65 05 03 01 1D C0 78 D8 0C 3A 9B 00 0A 8E 1F AE AA AA 
Time:	12:41:18,835
Send:	220001
Receive: 62 00 01 02 8C 00 77 0F 4A 00 04 02 59 00 C9 00 00 04 A2 00 CC 80 2C 4C 67 75 FD 41 F3 24 83 70 00 E6 02 FC 59 1B 08 1F C0 00 61 09 0D 00 2D 05 23 00 00 65 05 03 01 1D C0 78 D8 0C 3A 9B 00 0A 95 1F 82 AA AA 
Time:	12:41:19,420
Send:	220001
Receive: 62 00 01 02 8C 00 77 0F 24 00 0B 02 4A 00 C7 00 00 04 9D 00 C4 80 AC 4C 66 71 1D 41 F3 24 83 5F 00 E6 03 16 59 1B E9 1F C0 00 61 09 0D 00 2D 05 21 00 00 65 05 03 01 1D C0 78 D8 0C 3A 9B 00 0A 8C 1F 88 AA AA 
Time:	12:41:19,853
Send:	220001
Receive: 62 00 01 02 8C 00 77 0F 0E 00 06 02 5E 00 C9 00 00 04 A0 00 C3 80 28 4C 67 74 5D 41 F3 24 83 68 00 E6 03 16 59 1C CA 1F C0 00 61 09 0D 00 2D 05 26 00 00 65 05 03 01 1D C0 78 D8 0C 3A 9B 00 0A 90 1F BA AA AA 
Time:	12:41:20,308
Send:	220001
Receive: 62 00 01 02 8C 00 77 0F 24 00 08 02 5B 00 C7 00 00 04 9A 00 C2 80 5A 4C 67 76 FD 41 F3 24 83 52 00 E6 02 E3 5A 1C CA 1F C0 00 61 09 0D 00 2D 05 26 00 00 65 05 03 01 1D C0 78 D8 0C 3A 9B 00 0A 8F 1F 9C AA AA 
Time:	12:41:20,740
Send:	220001
Receive: 62 00 01 02 8C 00 77 0F 42 00 09 02 4D 00 C7 00 00 04 9C 00 C4 80 A9 4C 67 72 BD 41 F3 24 83 5B 00 E6 02 E3 5A 1D B0 1F C0 00 61 09 0E 00 2D 05 1E 00 00 65 05 03 01 1D C0 78 D8 0C 3A 9B 00 0A 83 1F 84 AA AA 
Time:	12:41:21,189
Send:	220001
Receive: 62 00 01 02 8C 00 77 0F 08 00 0D 02 49 00 C7 00 00 04 9C 00 C1 80 57 4C 67 70 3D 41 F3 24 83 5B 00 E6 02 FC 5A 1E 91 1F C0 00 60 09 0E 00 2D 05 24 00 00 65 05 03 01 1D C0 78 D8 0C 3A 9B 00 0A 99 1F CF AA AA 
Time:	12:41:21,603
Send:	220001
Receive: 62 00 01 02 8D 00 77 0F 1E 00 02 02 5E 00 C7 00 00 04 A6 00 C5 80 2D 4C 67 75 9D 41 F3 24 83 78 00 E6 02 FC 5A 1E 91 1F C0 00 60 09 0E 00 2D 05 27 00 00 65 05 03 01 1D C0 78 D8 0C 3A 9B 00 0A 9D 1F C3 AA AA 
Time:	12:41:22,165
Send:	220001
Receive: 62 00 01 02 8C 00 77 0F 0C 00 0C 02 4D 00 C7 00 00 04 9E 00 BE 80 3B 4C 67 71 1D 41 F3 24 83 5F 00 E6 02 FC 5A 1F 72 1F C0 00 60 09 0F 00 2D 05 29 00 00 65 05 03 01 1D C0 78 D8 0C 3A 9B 00 0A 9F 1F DD AA AA 
Time:	12:41:22,549
Send:	220001
Receive: 62 00 01 02 8C 00 78 0F 0E 00 0B 02 5F 00 C7 00 00 04 A0 00 C4 80 37 4C 66 76 7D 41 F3 24 83 68 00 E6 02 FC 5A 1F 72 1F C0 00 60 09 0F 00 2D 05 2F 00 00 65 05 03 01 1D C0 78 D8 0C 3A 9B 00 0A A0 1F BB AA AA 
Time:	12:41:23,144
Send:	220001
Receive: 62 00 01 02 8D 00 78 0E F4 00 0B 02 4C 00 C7 00 00 04 9F 00 BF 80 AA 4C 67 70 DD 41 F3 24 83 63 00 E6 02 FC 5A 20 58 1F C0 00 60 09 0F 00 2D 05 2F 00 00 65 05 03 01 1D C0 78 D8 0C 3A 9B 00 0A 9D 1F E6 AA AA 
Time:	12:41:23,616
Send:	220001
Receive: 62 00 01 02 8C 00 78 0E FA 00 0B 02 55 00 C7 00 00 04 A4 00 C3 80 29 4C 66 73 5D 41 F3 24 83 74 00 E6 02 FC 5A 21 39 1F C0 00 60 09 0F 00 2D 05 37 00 00 65 05 03 01 1D C0 78 D8 0C 3A 9B 00 0A A1 1F C4 AA AA 
Time:	12:41:24,048
Send:	220001
Receive: 62 00 01 02 8D 00 78 0F 32 00 01 02 59 00 C7 00 00 04 9E 00 C4 80 32 4C 67 76 BD 41 F3 24 83 5F 00 E6 02 FC 5A 22 1A 1F C0 00 60 09 10 00 2D 05 2F 00 00 65 05 03 01 1D C0 78 D8 0C 3A 9B 00 0A 90 1F A8 AA AA 
Time:	12:41:24,469
Send:	220001
Receive: 62 00 01 02 8D 00 78 0F 26 00 08 02 4D 00 C7 00 00 04 A2 00 C6 80 A7 4C 66 72 9D 41 F3 24 83 6C 00 E6 02 FC 5A 22 FB 1F C0 00 60 09 10 00 2D 05 2A 00 00 65 05 03 01 1D C0 78 D8 0C 3A 9B 00 0A 96 1F A6 AA AA 
Time:	12:41:24,948
Send:	220001
Receive: 62 00 01 02 8D 00 78 0F 1E 00 05 02 44 00 C7 00 00 04 A0 00 C2 80 71 4C 66 6F 9D 41 F3 24 83 68 00 E6 02 C5 5A 23 E1 1F C0 00 60 09 10 00 2D 05 27 00 00 65 05 03 01 1D C0 78 D8 0C 3A 9B 00 0A 8D 1F B6 AA AA 
Time:	12:41:25,373
Send:	220001
Receive: 62 00 01 02 8D 00 78 0E F6 00 05 02 5B 00 C7 00 00 04 A4 00 C4 80 2A 4C 67 75 5D 41 F3 24 83 74 00 E6 02 C5 5A 24 C2 1F C0 00 60 09 10 00 2D 05 30 00 00 65 05 03 01 1D C0 78 D8 0C 3A 9B 00 0A A8 1F E0 AA AA 
Time:	12:41:25,768
Send:	220001
Receive: 62 00 01 02 8D 00 78 0F 24 00 03 02 53 00 C7 00 00 04 A3 00 C4 80 99 4C 67 74 1D 41 F3 24 83 70 00 E6 02 C5 5A 25 A3 1F C0 00 60 09 11 00 2D 05 2B 00 00 65 05 03 01 1D C0 78 D8 0C 3A 9B 00 0A 90 1F D0 AA AA 
Time:	12:41:26,158
Send:	220001
Receive: 62 00 01 02 8C 00 78 0E EA 00 09 02 4F 00 C7 00 00 04 A3 00 BF 80 A7 4C 67 71 5D 41 F3 24 83 70 00 E6 02 E3 5A 25 A3 1F C0 00 60 09 11 00 2D 05 33 00 00 65 05 03 01 1D C0 78 D8 0C 3A 9B 00 0A A1 1F FF AA AA 
Time:	12:41:26,548
Send:	220001
Receive: 62 00 01 02 8C 00 78 0E EC 00 08 02 5B 00 C7 00 00 04 A7 00 BF 80 2B 4C 66 73 FD 41 F3 24 83 78 00 E6 02 E3 5A 26 89 1F C0 00 60 09 11 00 2D 05 3D 00 00 65 05 03 01 1D C0 78 D8 0C 3A 9B 00 0A AD 1F FE AA AA 
Time:	12:41:26,952
Send:	220001
Receive: 62 00 01 02 8D 00 79 0F 12 00 06 02 4F 00 C7 00 00 04 A5 00 C4 80 92 4C 67 72 FD 41 F3 24 83 78 00 E6 02 E3 5A 27 6A 1F C0 00 60 09 11 00 2D 05 35 00 00 65 05 03 01 1D C0 78 D8 0C 3A 9B 00 0A 9C 1F D2 AA AA 
Time:	12:41:27,395
Send:	220001
Receive: 62 00 01 02 8C 00 79 0F 0E 00 04 02 3F 00 C4 00 00 04 A0 00 C5 80 93 4C 67 70 5D 41 F3 24 83 68 00 E6 02 E3 5A 28 4B 1F C0 00 60 09 12 00 2D 05 36 00 00 65 05 03 01 1D C0 78 D8 0C 3A 9B 00 0A 93 1F D0 AA AA 
Time:	12:41:27,810
Send:	220001
Receive: 62 00 01 02 8D 00 79 0F 08 00 03 02 58 00 C7 00 00 04 A6 00 C8 80 26 4C 67 75 7D 41 F3 24 83 78 00 E6 02 E3 5A 29 31 1F C0 00 60 09 12 00 2D 05 36 00 00 65 05 03 01 1D C0 78 D8 0C 3A 9B 00 0A 9A 1F CA AA AA 
Time:	12:41:28,271
Send:	220001
Receive: NO DATA
Time:	12:41:28,547
Send:	220001
Receive: NO DATA
Time:	12:41:28,825
Send:	220001
Receive: NO DATA
Time:	12:41:29,122
Send:	220001
Receive: NO DATA
Time:	12:41:29,400
Send:	220001
Receive: NO DATA
Time:	12:41:29,678
Send:	220001
Receive: NO DATA
Time:	12:41:29,978
Send:	220001
Receive: NO DATA
Time:	12:41:30,281
Send:	220001
Receive: 62 00 01 02 8D 00 79 0F 00 00 03 02 4D 00 C2 00 00 04 99 00 C4 80 29 4C 67 75 7D 41 F3 24 83 52 00 E6 02 AE 5A 30 43 1F C0 00 5F 09 13 00 2D 05 36 00 00 65 05 03 01 1D C0 78 D8 0C 3A 9B 00 0A 85 1F 98 AA AA 
Time:	12:41:30,720
Send:	220001
Receive: 62 00 01 02 8C 00 79 0F 20 00 01 02 57 00 C2 00 00 04 95 00 C3 80 4C 4C 67 78 3D 41 F3 24 83 46 00 E6 02 AE 5A 31 24 1F C0 00 5F 09 13 00 2D 05 2E 00 00 65 05 03 01 1D C0 78 D8 0C 3A 9B 00 0A 72 1F 8F AA AA 
Time:	12:41:31,190
Send:	220001
Receive: 62 00 01 02 8C 00 7A 0E FC 00 02 02 44 00 BF 00 00 04 90 00 BC 80 AC 4C 66 72 BD 41 F3 24 83 35 00 E6 02 AE 5A 32 EB 1F C0 00 5F 09 13 00 2D 05 2C 00 00 65 05 03 01 1D C0 78 D8 0C 3A 9B 00 0A 72 1F 7C AA AA 
Time:	12:41:31,600
Send:	220001
Receive: 62 00 01 02 8C 00 7A 0E EA 00 07 02 2F 00 BF 00 00 04 8A 00 BA 80 A4 4C 67 70 1D 41 F3 24 83 24 00 E6 02 AE 5A 32 EB 1F C0 00 5F 09 13 00 2D 05 2C 00 00 65 05 03 01 1D C0 78 D8 0C 3A 9B 00 0A 74 1F 96 AA AA 
Time:	12:41:31,989
Send:	220001
Receive: 62 00 01 02 8C 00 7A 0E F4 00 01 02 4C 00 BF 00 00 04 A0 00 C6 80 23 4C 67 74 BD 41 F3 24 83 68 00 E6 02 FC 5A 33 CC 1F C0 00 5F 09 13 00 2D 05 31 00 00 65 05 03 01 1D C0 78 D8 0C 3A 9B 00 0A 91 1F A8 AA AA 
Time:	12:41:32,420
Send:	220001
Receive: 62 00 01 02 8C 00 7A 0F 04 00 09 02 44 00 BF 00 00 04 91 00 BF 80 A2 4C 66 72 FD 41 F3 24 83 39 00 E6 02 FC 5A 33 CC 1F C0 00 5F 09 14 00 2D 05 1F 00 00 65 05 03 01 1D C0 78 D8 0C 3A 9B 00 0A 61 1F 64 AA AA 
Time:	12:41:32,908
Send:	220001
Receive: 62 00 01 02 8C 00 7A 0E F4 00 03 02 2E 00 BF 00 00 04 8B 00 C1 80 9F 4C 67 6F 9D 41 F3 24 83 28 00 E6 02 AE 5A 33 CC 1F C0 00 5F 09 14 00 2D 05 1C 00 00 65 05 03 01 1D C0 78 D8 0C 3A 9B 00 0A 6B 1F 6B AA AA 
Time:	12:41:33,388
Send:	220001
Receive: 62 00 01 02 8D 00 7A 0E F4 00 06 02 3F 00 BD 00 00 04 8E 00 C1 80 26 4C 67 74 5D 41 F3 24 83 2D 00 E6 02 AE 5A 33 CC 1F C0 00 5F 09 14 00 2D 05 1D 00 00 65 05 03 01 1D C0 78 D8 0C 3A 9B 00 0A 62 1F 61 AA AA 
Time:	12:41:33,813
Send:	220001
Receive: 62 00 01 02 8D 00 7A 0F 00 00 07 02 3E 00 BF 00 00 04 87 00 BF 80 88 4C 67 73 FD 41 F3 24 83 18 00 E6 02 AE 5A 33 CC 1F C0 00 5F 09 15 00 2D 05 12 00 00 65 05 03 01 1D C0 78 D8 0C 3A 9B 00 0A 59 1F 48 AA AA 
Time:	12:41:34,287
Send:	220001
Receive: 62 00 01 02 8C 00 7A 0E CA 00 0F 02 41 00 C2 00 00 04 88 00 B7 80 39 4C 67 71 9D 41 F3 24 83 1C 00 E6 02 AE 5A 32 0A 1F C0 00 5F 09 15 00 2D 05 18 00 0A 65 05 03 01 1D C0 78 D8 0C 3A 9B 00 0A 88 1F DB AA AA 
Time:	12:41:34,758
Send:	220001
Receive: 62 00 01 02 8D 00 7A 0E FE 00 06 02 40 00 BF 00 00 04 8D 00 BF 80 9E 4C 67 73 1D 41 F3 24 83 2D 00 E6 02 AE 5A 33 CC 1F C0 00 5F 09 15 00 2D 05 18 00 00 65 05 03 01 1D C0 78 D8 0C 3A 9B 00 0A 6A 1F 73 AA AA 
Time:	12:41:35,188
Send:	220001
Receive: 62 00 01 02 8D 00 7A 0E CE 00 0B 02 42 00 BD 00 00 04 95 00 BE 80 A5 4C 66 70 7D 41 F3 24 83 46 00 E6 02 AE 5A 32 EB 1F C0 00 5F 09 15 00 2D 05 1A 00 00 65 05 03 01 1D C0 78 D8 0C 3A 9B 00 0A 77 1F 9C AA AA 
Time:	12:41:35,594
Send:	220001
Receive: 62 00 01 02 8D 00 7B 0E D4 00 0A 02 50 00 BD 00 00 04 98 00 C1 80 2E 4C 67 74 BD 41 F3 24 83 4E 00 E6 02 AE 5A 33 CC 1F C0 00 5F 09 15 00 2D 05 22 00 00 65 05 03 01 1D C0 78 D8 0C 3A 9B 00 0A 73 1F AC AA AA 
Time:	12:41:35,990
Send:	220001
Receive: 62 00 01 02 8D 00 7B 0E D6 00 09 02 55 00 BD 00 00 04 96 00 C0 80 82 4C 67 77 5D 41 F3 24 83 4A 00 E6 02 E3 5A 33 CC 1F C0 00 5F 09 16 00 2D 05 28 00 00 65 05 03 01 1D C0 78 D8 0C 3A 9B 00 0A 72 1F A2 AA AA 
Time:	12:41:36,383
Send:	220001
Receive: 62 00 01 02 8C 00 7B 0E E0 00 08 02 38 00 BF 00 00 04 8B 00 BC 80 A6 4C 66 71 BD 41 F3 24 83 28 00 E6 02 E3 5A 32 EB 1F C0 00 5F 09 16 00 2D 05 28 00 00 65 05 03 01 1D C0 78 D8 0C 3A 9B 00 0A 6F 1F 92 AA AA 
Time:	12:41:36,779
Send:	220001
Receive: 62 00 01 02 8C 00 7B 0E CC 00 0A 02 3B 00 BF 00 00 04 93 00 BD 80 32 4C 67 6F 5D 41 F3 24 83 3D 00 E6 02 E3 5A 32 EB 1F C0 00 5F 09 16 00 2D 05 2D 00 00 65 05 03 01 1D C0 78 D8 0C 3A 9B 00 0A 84 1F AA AA AA 
Time:	12:41:37,202
Send:	220001
Receive: 62 00 01 02 8C 00 7B 0E DA 00 06 02 4B 00 BF 00 00 04 96 00 C2 80 27 4C 67 74 BD 41 F3 24 83 4A 00 E6 02 AE 5A 33 CC 1F C0 00 5F 09 16 00 2D 05 2E 00 00 65 05 03 01 1D C0 78 D8 0C 3A 9B 00 0A 71 1F 91 AA AA 
Time:	12:41:37,699
Send:	220001
Receive: 62 00 01 02 8D 00 7B 0E FA 00 04 02 48 00 BA 00 00 04 81 00 BE 80 36 4C 67 77 FD 41 F3 24 83 0B 00 E6 02 AE 5A 33 CC 1F C0 00 5F 09 16 00 2D 05 20 00 00 65 05 03 01 1D C0 78 D8 0C 3A 9B 00 0A 3F 1F 11 AA AA 
Time:	12:41:38,140
Send:	220001

Fixed toLineMF: 03E 62 00 01 02 8C 00 00 BA 00 00 04 7F 00 B7 80 A5 4C 67 72 1D 41 F3 24 83 07 00 E6 02 AE 5A 43 BC 1F C0 00 5F 09 17 00 2D 05 1B 00 00 65 05 03 01 1D C0 78 D8 0C 3A 9B 00 0A 57 1F 6A AA AA 
Receive: 62 00 01 02 8C 00 00 BA 00 00 04 7F 00 B7 80 A5 4C 67 72 1D 41 F3 24 83 07 00 E6 02 AE 5A 43 BC 1F C0 00 5F 09 17 00 2D 05 1B 00 00 65 05 03 01 1D C0 78 D8 0C 3A 9B 00 0A 57 1F 6A AA AA 

Fixed toLineMF: 03E 62 00 01 02 8C 00 00 BA 00 00 04 7F 00 B7 80 A5 4C 67 72 1D 41 F3 24 83 07 00 E6 02 AE 5A 43 BC 1F C0 00 5F 09 17 00 2D 05 1B 00 00 65 05 03 01 1D C0 78 D8 0C 3A 9B 00 0A 57 1F 6A AA AA 
Time:	12:41:38,616
Send:	220001
Receive: 62 00 01 02 8D 00 7B 0E D8 00 07 02 44 00 BA 00 00 04 8B 00 BC 80 26 4C 67 76 DD 41 F3 24 83 28 00 E6 02 AE 5A 43 BC 1F C0 00 5E 09 17 00 2D 05 1E 00 00 65 05 03 01 1D C0 78 D8 0C 3A 9B 00 0A 62 1F 7E AA AA 
Time:	12:41:39,039
Send:	220001

Fixed toLineMF: 03E 62 00 01 02 8D 00 7B 0E E4 00 08 02 46 00 B8 00 00 04 87 00 BE 80 2C 4C 67 79 9D 41 F3 24 83 1C 00 E6 02 98 5A 43 BC 1F C0 00 5E 09 17 00 2D 05 19 00 00 65 05 03 01 1D C0 78 D8 0C 3A 9B 
Receive: 62 00 01 02 8D 00 7B 0E E4 00 08 02 46 00 B8 00 00 04 87 00 BE 80 2C 4C 67 79 9D 41 F3 24 83 1C 00 E6 02 98 5A 43 BC 1F C0 00 5E 09 17 00 2D 05 19 00 00 65 05 03 01 1D C0 78 D8 0C 3A 9B 

Fixed toLineMF: 03E 62 00 01 02 8D 00 7B 0E E4 00 08 02 46 00 B8 00 00 04 87 00 BE 80 2C 4C 67 79 9D 41 F3 24 83 1C 00 E6 02 98 5A 43 BC 1F C0 00 5E 09 17 00 2D 05 19 00 00 65 05 03 01 1D C0 78 D8 0C 3A 9B 
Time:	12:41:39,516
Send:	220001
Receive: 62 00 01 02 8C 00 7B 0E DE 00 0C 02 32 00 B8 00 00 04 7A 00 BA 80 AA 4C 67 75 9D 41 F3 24 82 F6 00 E6 02 98 5A 43 BC 1F C0 00 5E 09 18 00 2D 05 11 00 00 65 05 03 01 1D C0 78 D8 0C 3A 9B 00 0A 41 1F 3B AA AA 
Time:	12:41:39,910
Send:	220001
Receive: 62 00 01 02 8C 00 7C 0E CA 00 06 02 45 00 B8 00 00 04 89 00 BA 80 38 4C 67 78 1D 41 F3 24 83 20 00 E6 02 98 5A 43 BC 1F C0 00 5E 09 18 00 2D 05 14 00 00 65 05 03 01 1D C0 78 D8 0C 3A 9B 00 0A 5F 1F 64 AA AA 
Time:	12:41:40,349
Send:	220001
Receive: 62 00 01 02 8C 00 7C 0E DA 00 02 02 3F 00 B8 00 00 04 87 00 BC 80 A2 4C 67 76 7D 41 F3 24 83 18 00 E6 02 98 5A 43 BC 1F C0 00 5E 09 18 00 2D 05 0F 00 00 65 05 03 01 1D C0 78 D8 0C 3A 9B 00 0A 57 1F 64 AA AA 
Time:	12:41:40,779
Send:	220001

Fixed toLineMF: 03E 62 00 01 02 8D 00 00 B8 00 00 04 86 00 BC 80 A5 4C 67 73 DD 41 F3 24 83 18 00 E6 02 98 5A 43 BC 1F C0 00 5E 09 18 00 2D 05 09 00 00 65 05 03 01 1D C0 78 D8 0C 3A 9B 00 0A 5F 1F 69 AA AA 
Receive: 62 00 01 02 8D 00 00 B8 00 00 04 86 00 BC 80 A5 4C 67 73 DD 41 F3 24 83 18 00 E6 02 98 5A 43 BC 1F C0 00 5E 09 18 00 2D 05 09 00 00 65 05 03 01 1D C0 78 D8 0C 3A 9B 00 0A 5F 1F 69 AA AA 

Fixed toLineMF: 03E 62 00 01 02 8D 00 00 B8 00 00 04 86 00 BC 80 A5 4C 67 73 DD 41 F3 24 83 18 00 E6 02 98 5A 43 BC 1F C0 00 5E 09 18 00 2D 05 09 00 00 65 05 03 01 1D C0 78 D8 0C 3A 9B 00 0A 5F 1F 69 AA AA 
Time:	12:41:41,194
Send:	220001
Receive: 62 00 01 02 8D 00 7C 0E C0 00 07 02 46 00 B8 00 00 04 8D 00 BC 80 27 4C 67 77 7D 41 F3 24 83 2D 00 E6 02 AE 5A 43 BC 1F C0 00 5E 09 18 00 2D 05 0C 00 00 65 05 03 01 1D C0 78 D8 0C 3A 9B 00 0A 67 1F 7B AA AA 
Time:	12:41:41,611
Send:	220001
Receive: 62 00 01 02 8D 00 7C 0E E6 00 08 02 3F 00 B8 00 00 04 7F 00 BC 80 34 4C 66 7A 1D 41 F3 24 83 03 00 E6 02 AE 5A 43 BC 1F C0 00 5E 09 18 00 2D 05 04 00 00 65 05 03 01 1D C0 78 D8 0C 3A 9B 00 0A 46 1F 24 AA AA 
Time:	12:41:42,109
Send:	220001
Receive: 62 00 01 02 8D 00 7C 0E B4 00 0D 02 3A 00 B8 00 00 04 8A 00 B9 80 91 4C 67 73 7D 41 F3 24 83 24 00 E6 02 AE 5A 42 D6 1F C0 00 5E 09 18 00 2D 05 04 00 00 65 05 03 01 1D C0 78 D8 0C 3A 9B 00 0A 60 1F 91 AA AA 
Time:	12:41:42,592
Send:	220001
Receive: 62 00 01 02 8C 00 7C 0E C8 00 0A 02 4C 00 B8 00 00 04 88 00 BC 80 28 4C 67 78 9D 41 F3 24 83 1C 00 E6 02 AE 5A 43 BC 1F C0 00 5E 09 19 00 2D 05 02 00 00 65 05 03 01 1D C0 78 D8 0C 3A 9B 00 0A 61 1F 7F AA AA 
Time:	12:41:42,973
Send:	220001
Receive: 62 00 01 02 8C 00 7C 0E CC 00 08 02 46 00 B8 00 00 04 8A 00 BA 80 96 4C 67 77 3D 41 F3 24 83 24 00 E6 02 FC 5A 42 D6 1F C0 00 5E 09 19 00 2D 04 FF 00 00 65 05 03 01 1D C0 78 D8 0C 3A 9B 00 0A 65 1F 95 AA AA 
Time:	12:41:43,359
Send:	220001

Fixed toLineMF: 03E 62 00 01 02 8C 00 7C 0E B2 00 0B 02 3C 00 BA 00 00 04 88 00 B7 80 A8 4C 67 74 9D 02 FC 5A 41 F5 1F C0 00 5E 09 19 00 2D 04 FC 00 00 65 05 03 01 1D C0 78 D8 0C 3A 9B 00 0A 6E 1F A2 AA AA 
Receive: 62 00 01 02 8C 00 7C 0E B2 00 0B 02 3C 00 BA 00 00 04 88 00 B7 80 A8 4C 67 74 9D 02 FC 5A 41 F5 1F C0 00 5E 09 19 00 2D 04 FC 00 00 65 05 03 01 1D C0 78 D8 0C 3A 9B 00 0A 6E 1F A2 AA AA 

Fixed toLineMF: 03E 62 00 01 02 8C 00 7C 0E B2 00 0B 02 3C 00 BA 00 00 04 88 00 B7 80 A8 4C 67 74 9D 02 FC 5A 41 F5 1F C0 00 5E 09 19 00 2D 04 FC 00 00 65 05 03 01 1D C0 78 D8 0C 3A 9B 00 0A 6E 1F A2 AA AA 
Time:	12:41:43,750
Send:	220001
Receive: 62 00 01 02 8D 00 7C 0E CA 00 0C 02 3F 00 B8 00 00 04 89 00 BC 80 2B 4C 66 77 1D 41 F3 15 83 20 00 E6 02 FC 5A 43 BC 1F C0 00 5E 09 19 00 2D 04 FC 00 00 65 05 03 01 1D C0 78 D8 0C 3A 9B 00 0A 66 1F 6F AA AA 
Time:	12:41:44,227
Send:	220001
Receive: 62 00 01 02 8D 00 7C 0E C6 00 04 02 4E 00 B8 00 00 04 86 00 BB 80 32 4C 67 7A 5D 41 F3 15 83 18 00 E6 02 AE 5A 43 BC 1F C0 00 5E 09 1A 00 2D 04 F7 00 00 65 05 03 01 1D C0 78 D8 0C 3A 9B 00 0A 5C 1F 74 AA AA 
Time:	12:41:44,664
Send:	220001
Receive: 62 00 01 02 8D 00 7D 0E C8 00 07 02 45 00 B8 00 00 04 8C 00 BC 80 A9 4C 66 76 9D 41 F3 15 83 28 00 E6 02 AE 5A 43 BC 1F C0 00 5E 09 1A 00 2D 04 F2 00 00 65 05 03 01 1D C0 78 D8 0C 3A 9B 00 0A 4F 1F 62 AA AA 
Time:	12:41:45,202
Send:	220001
Receive: 62 00 01 02 8C 00 7D 0E B6 00 09 02 38 00 B8 00 00 04 89 00 BA 80 82 4C 67 73 DD 41 F3 15 83 20 00 E6 02 98 5A 42 D6 1F C0 00 5E 09 1A 00 2D 04 F0 00 00 65 05 03 01 1D C0 78 D8 0C 3A 9B 00 0A 60 1F 6F AA AA 
Time:	12:41:45,673
Send:	220001
Receive: 62 00 01 02 8D 00 7D 0E D8 00 01 02 4B 00 B8 00 00 04 89 00 BE 80 34 4C 67 7A 1D 41 F3 15 83 20 00 E6 02 98 5A 43 BC 1F C0 00 5E 09 1A 00 2D 04 E5 00 00 65 05 03 01 1D C0 78 D8 0C 3A 9B 00 0A 54 1F 7A AA AA 
Time:	12:41:46,152
Send:	220001
Receive: 62 00 01 02 8D 00 7D 0E B8 00 03 02 41 00 B8 00 00 04 8F 00 BF 80 AC 4C 67 75 1D 41 F3 15 83 35 00 E6 02 AE 5A 43 BC 1F C0 00 5E 09 1A 00 2D 04 EA 00 00 65 05 03 01 1D C0 78 D8 0C 3A 9B 00 0A 65 1F 8A AA AA 
Time:	12:41:46,582
Send:	220001
Receive: 62 00 01 02 8D 00 7D 0E B8 00 05 02 3E 00 B8 00 00 04 8E 00 BA 80 93 4C 67 72 DD 41 F3 15 83 2D 00 E6 02 AE 5A 42 D6 1F C0 00 5E 09 1B 00 2D 04 E8 00 00 65 05 03 01 1D C0 78 D8 0C 3A 9B 00 0A 5D 1F AA AA AA 
Time:	12:41:47,050
Send:	220001
Receive: 62 00 01 02 8D 00 7D 0E D0 00 05 02 44 00 B5 00 00 04 88 00 BD 80 31 4C 67 79 1D 41 F3 15 83 1C 00 E6 02 AE 5A 42 D6 1F C0 00 5E 09 1B 00 2D 04 E3 00 00 65 05 03 01 1D C0 78 D8 0C 3A 9B 00 0A 52 1F 5F AA AA 
Time:	12:41:47,499
Send:	220001
Receive: 62 00 01 02 8C 00 7D 0E AA 00 04 02 39 00 B8 00 00 04 7B 00 B1 80 9E 4C 67 77 7D 41 F3 15 82 FA 00 E6 02 AE 5A 41 14 1F C0 00 5E 09 1B 00 2D 04 DE 00 05 65 05 03 01 1D C0 78 D8 0C 3A 9B 00 0A 60 1F 82 AA AA 
Time:	12:41:47,940
Send:	220001
Receive: 62 00 01 02 8D 00 7D 0E 94 00 08 02 42 00 B8 00 00 04 8D 00 B8 80 A8 4C 67 74 3D 41 F3 15 83 2D 00 E6 02 98 5A 42 D6 1F C0 00 5D 09 1B 00 2D 04 E0 00 00 65 05 03 01 1D C0 78 D8 0C 3A 9B 00 0A 61 1F A3 AA AA 
Time:	12:41:48,324
Send:	220001
Receive: 62 00 01 02 8D 00 7D 0E AC 00 06 02 41 00 B8 00 00 04 8A 00 BA 80 2B 4C 67 77 1D 41 F3 15 83 20 00 E6 02 98 5A 42 D6 1F C0 00 5D 09 1B 00 2D 04 E3 00 00 65 05 03 01 1D C0 78 D8 0C 3A 9B 00 0A 53 1F 74 AA AA 
Time:	12:41:48,749
Send:	220001
Receive: 62 00 01 02 8D 00 7D 0E A0 00 0B 02 B5 01 19 00 00 04 D9 00 C6 80 29 4C 67 79 BD 41 F3 15 84 0D 00 E6 02 98 5A 47 45 1F C0 00 62 09 1C 00 2D 04 E6 00 73 65 05 03 05 1D C0 78 D8 0C 3A 9B 00 0A E6 21 06 AA AA 
Time:	12:41:49,158
Send:	220001
Receive: 62 00 01 02 8D 00 7D 0F 74 00 FD 02 63 00 C4 00 00 04 E5 00 D7 80 B1 4C 66 76 DD 41 F3 15 84 33 00 E6 03 D7 5A 49 07 1F C0 00 62 09 1C 00 2D 04 CB 00 00 65 05 03 05 1D C0 78 D8 0C 3A 9B 00 0B 20 21 1F AA AA 
Time:	12:41:49,562
Send:	220001
Receive: 62 00 01 02 8A 00 7E 0F 3C 00 02 02 53 00 C7 00 00 04 CC 00 CD 80 B5 4C 66 73 FD 41 F3 15 83 E7 00 E6 03 D7 5A 47 45 1F C0 00 62 09 1C 00 2D 04 D3 00 00 65 05 03 05 1D C0 78 D8 0C 3A 9B 00 0A E6 20 CF AA AA 
Time:	12:41:49,982
Send:	220001
Receive: 62 00 01 02 8C 00 7E 0F 62 00 FF 02 49 00 C9 00 00 04 BF 00 CD 80 29 4C 67 76 1D 41 F3 15 83 C0 00 E6 02 C5 5A 49 07 1F C0 00 62 09 1D 00 2D 04 D6 00 00 65 05 03 05 1D C0 78 D8 0C 3A 9B 00 0A EA 20 D5 AA AA 
Time:	12:41:50,373
Send:	220001
Receive: 62 00 01 02 8D 00 7E 0F 52 00 07 02 6B 00 CC 00 00 04 CE 00 CC 80 26 4C 67 78 DD 41 F3 15 83 EB 00 E6 02 C5 5A 47 45 1F C0 00 62 09 1D 00 2D 04 D4 00 00 65 05 03 01 1D C0 78 D8 0C 3A 9B 00 0A F0 20 DE AA AA 
Time:	12:41:50,813
Send:	220001
Receive: 62 00 01 02 8D 00 7E 0F 56 00 03 02 3C 00 BD 00 00 04 99 00 C6 80 2B 4C 67 7B 9D 41 F3 15 83 4E 00 E6 02 C5 5A 44 9D 1F C0 00 5D 09 1D 00 2D 04 D9 FF EE 65 05 03 01 1D C0 78 D8 0C 3A 9B 00 0A 99 1F E3 AA AA 
Time:	12:41:51,222
Send:	220001
Receive: 62 00 01 02 8D 00 7E 0F 1C 00 07 02 31 00 B5 00 00 04 7D 00 BB 80 A7 4C 66 78 FD 41 F3 15 82 FE 00 E6 02 FC 5A 42 D6 1F C0 00 5D 09 1D 00 2D 04 D7 00 00 65 05 03 01 1D C0 78 D8 0C 3A 9B 00 0A 37 1F 2A AA AA 
Time:	12:41:51,630
Send:	220001
Receive: 62 00 01 02 8D 00 7E 0E D6 00 0E 02 2B 00 B8 00 00 04 7A 00 BC 80 2D 4C 66 76 9D 41 F3 15 82 F6 00 E6 02 FC 5A 42 D6 1F C0 00 5D 09 1D 00 2D 04 DC 00 00 65 05 03 01 1D C0 78 D8 0C 3A 9B 00 0A 42 1F 3C AA AA 
Time:	12:41:52,033
Send:	220001
Receive: 62 00 01 02 8D 00 7E 0E CA 00 0C 02 3E 00 B3 00 00 04 72 00 BA 80 2A 4C 67 7C 1D 41 F3 15 82 DD 00 E6 02 AE 5A 42 D6 1F C0 00 5D 09 1D 00 2D 04 DF 00 00 65 05 03 01 1D C0 78 D8 0C 3A 9B 00 0A 22 1E EF AA AA 
Time:	12:41:52,430
Send:	220001
Receive: NO DATA
Time:	12:41:52,711
Send:	220001
Receive: NO DATA
Time:	12:41:52,984
Send:	220001
Receive: NO DATA
Time:	12:41:53,283
Send:	220001
Receive: NO DATA
Time:	12:41:53,572
Send:	220001
Receive: NO DATA
Time:	12:41:53,862
Send:	220001
Receive: NO DATA
Time:	12:41:54,152
Send:	220001
Receive: NO DATA
Time:	12:41:54,435
Send:	220001
Receive: 62 00 01 02 8D 00 7E 0F 0C 00 09 02 72 00 CE 00 00 04 D5 00 C9 80 26 4C 67 77 7D 41 F3 15 84 04 00 E6 02 E3 5A 48 26 1F C0 00 62 09 1E 00 2D 04 BC 00 08 65 05 03 05 1D C0 78 D8 0C 3A 9B 00 0B 09 21 40 AA AA 
Time:	12:41:54,830
Send:	220001
Receive: 62 00 01 02 8D 00 7F 0F 32 00 04 02 6E 00 C7 00 00 04 CD 00 CF 80 2A 4C 67 7A 3D 41 F3 15 83 EB 00 E6 02 E3 5A 46 5F 1F C0 00 62 09 1E 00 2D 04 CA 00 00 65 05 03 01 1D C0 78 D8 0C 3A 9B 00 0B 02 20 DF AA AA 
Time:	12:41:55,229
Send:	220001
Receive: 62 00 01 02 8D 00 7F 0F 4A 00 01 02 53 00 B5 00 00 04 A1 00 C7 80 8A 4C 67 7C FD 41 F3 15 83 68 00 E6 02 FC 5A 42 D6 1F C0 00 5D 09 1F 00 2D 04 C7 FF F0 65 05 03 01 1D C0 78 D8 0C 3A 9B 00 0A 86 1F B8 AA AA 
Time:	12:41:55,713
Send:	220001
Receive: 62 00 01 02 8C 00 7F 0E D8 00 0C 02 25 00 B5 00 00 04 70 00 B7 80 A1 4C 67 76 9D 41 F3 15 82 D9 00 E6 02 FC 5A 41 F5 1F C0 00 5D 09 1F 00 2D 04 C7 00 00 65 05 03 01 1D C0 78 D8 0C 3A 9B 00 0A 2D 1F 24 AA AA 
Time:	12:41:56,140
Send:	220001
Receive: 62 00 01 02 8D 00 7F 0E A8 00 0A 02 3F 00 B5 00 00 04 72 00 B6 80 2A 4C 67 7B 3D 41 F3 15 82 DD 00 E6 02 AE 5A 41 F5 1F C0 00 5D 09 1F 00 2D 04 CF 00 00 65 05 03 01 1D C0 78 D8 0C 3A 9B 00 0A 2F 1F 2F AA AA 
Time:	12:41:56,532
Send:	220001
Receive: 62 00 01 02 8C 00 7F 0E A6 00 03 02 3E 00 B5 00 00 04 6F 00 B4 80 A0 4C 67 79 DD 41 F3 15 82 D5 00 E6 02 AE 5A 41 F5 1F C0 00 5D 09 1F 00 2D 04 D2 00 00 65 05 03 01 1D C0 78 D8 0C 3A 9B 00 0A 22 1F 1D AA AA 
Time:	12:41:56,959
Send:	220001
Receive: 62 00 01 02 8D 00 7F 0E B6 00 06 02 2D 00 B3 00 00 04 6C 00 B7 80 AC 4C 67 77 5D 41 F3 15 82 CC 00 E6 02 98 5A 41 F5 1F C0 00 5D 09 1F 00 2D 04 C8 00 00 65 05 03 01 1D C0 78 D8 0C 3A 9B 00 0A 1E 1E FB AA AA 
Time:	12:41:57,382
Send:	220001
Receive: 62 00 01 02 8C 00 7F 0E C0 00 FF 02 8B 00 CC 00 00 04 E3 00 D2 80 41 4C 67 78 DD 41 F3 15 84 2F 00 E6 02 98 5A 4A CE 1F C0 00 62 09 1F 00 2D 04 C0 00 00 65 05 03 05 1D C0 78 D8 0C 3A 9B 00 0B 47 21 82 AA AA 
Time:	12:41:57,809
Send:	220001

Fixed toLineMF: 03E 62 00 01 02 8A 00 7F 0F 58 00 04 02 5C 00 C9 00 00 04 D2 00 D3 80 9F 4C 67 77 3D 41 F3 15 83 FC 00 E6 02 98 5A 48 26 1F C0 00 62 09 20 00 2D 04 1D C0 78 D8 0C 3A 9B 00 0A FF 20 E9 AA AA 
Receive: 62 00 01 02 8A 00 7F 0F 58 00 04 02 5C 00 C9 00 00 04 D2 00 D3 80 9F 4C 67 77 3D 41 F3 15 83 FC 00 E6 02 98 5A 48 26 1F C0 00 62 09 20 00 2D 04 1D C0 78 D8 0C 3A 9B 00 0A FF 20 E9 AA AA 

Fixed toLineMF: 03E 62 00 01 02 8A 00 7F 0F 58 00 04 02 5C 00 C9 00 00 04 D2 00 D3 80 9F 4C 67 77 3D 41 F3 15 83 FC 00 E6 02 98 5A 48 26 1F C0 00 62 09 20 00 2D 04 1D C0 78 D8 0C 3A 9B 00 0A FF 20 E9 AA AA 
Time:	12:41:58,200
Send:	220001
Receive: 62 00 01 02 8A 00 7F 0F 2C 00 08 02 65 00 CE 00 00 04 DB 00 CE 80 AA 4C 67 74 5D 41 F3 15 84 15 00 E6 02 E3 5A 49 07 1F C0 00 62 09 20 00 2D 04 B0 00 00 65 05 03 05 1D C0 78 D8 0C 3A 9B 00 0B 19 21 1A AA AA 
Time:	12:41:58,599
Send:	220001
Receive: 62 00 01 02 8A 00 7F 0F 4A 00 06 02 A6 01 0A 0E 8A 05 0B 00 DD 80 28 4C 67 77 9D 41 F3 15 84 A7 00 E6 02 E3 5A 49 07 1F C0 00 6C 09 20 00 2D 04 B5 00 00 65 05 03 05 1C C0 78 D8 0C 3A 9B 00 0C 22 23 AE AA AA 
Time:	12:41:58,992
Send:	220001
Receive: 62 00 01 02 8A 00 7F 12 78 00 04 04 5A 01 E0 11 DC 07 7F 01 AC 80 B2 4C 66 76 5D 41 F3 15 8A 9D 00 E6 06 66 5A 5B 9F 1F C0 00 94 09 20 00 2D 04 B5 01 2C 65 05 03 05 1C C2 78 D8 0C 3A 9B 00 11 BC 2E 3A AA AA 
Time:	12:41:59,385
Send:	220001
Receive: 62 00 01 02 8A 00 7F 16 DE 00 03 03 29 01 6E 0D 4C 06 79 01 9D 80 BA 4C 66 71 DD 41 F3 15 8A 03 00 E6 06 66 5A 56 4F 1F C0 00 96 09 21 00 2D 04 B6 00 00 65 05 03 05 1C C2 78 D8 0C 3A 9B 00 0E C6 26 B1 AA AA 
Time:	12:41:59,776
Send:	220001
Receive: NO DATA
Time:	12:42:00,068
Send:	220001
Receive: NO DATA
Time:	12:42:00,344
Send:	220001
Receive: NO DATA
Time:	12:42:00,627
Send:	220001
Receive: NO DATA
Time:	12:42:00,919
Send:	220001
Receive: NO DATA
Time:	12:42:01,241
Send:	220001
Receive: NO DATA
Time:	12:42:01,533
Send:	220001
Receive: NO DATA
Time:	12:42:01,807
Send:	220001

Fixed toLineMF: 037 62 00 01 02 8A 00 80 14 82 00 0D 02 C4 01 69 00 9E 05 F2 01 3F 80 25 4C 67 75 FD 03 12 5A 67 20 1F C0 CE 00 CB 65 05 03 05 1D C2 78 D8 0C 3A 9B 00 0D A4 27 F8 AA AA 
Receive: 62 00 01 02 8A 00 80 14 82 00 0D 02 C4 01 69 00 9E 05 F2 01 3F 80 25 4C 67 75 FD 03 12 5A 67 20 1F C0 CE 00 CB 65 05 03 05 1D C2 78 D8 0C 3A 9B 00 0D A4 27 F8 AA AA 

Fixed toLineMF: 037 62 00 01 02 8A 00 80 14 82 00 0D 02 C4 01 69 00 9E 05 F2 01 3F 80 25 4C 67 75 FD 03 12 5A 67 20 1F C0 CE 00 CB 65 05 03 05 1D C2 78 D8 0C 3A 9B 00 0D A4 27 F8 AA AA 
Time:	12:42:02,203
Send:	220001
Receive: 62 00 01 02 8A 00 80 13 AC 01 FF 01 FC 00 D1 00 00 04 E6 01 13 80 22 4C 67 79 BD 41 F3 15 85 B3 00 E6 04 87 5A 5B 9F 1F C0 00 5A 09 1F 00 2D 06 14 FE 41 65 05 03 05 1D C2 78 D8 0C 3A 9B 00 0A BD 20 1C AA AA 
Time:	12:42:02,592
Send:	220001
Receive: 62 00 01 02 8A 00 80 12 4A 00 07 01 EC 00 D6 00 00 04 4D 00 D8 80 1F 4C 67 7C BD 41 F3 15 84 26 00 E6 04 87 5A 52 C6 1F C0 00 5A 09 1F 00 2D 05 B6 FF 05 65 05 03 05 1D C0 78 D8 0C 3A 9B 00 09 D2 1E 39 AA AA 
Time:	12:42:02,992
Send:	220001
Receive: 62 00 01 02 8A 00 80 11 2A 00 08 04 2D 01 9B 0C 75 06 66 01 3E 80 23 4C 66 7F BD 41 F3 15 87 72 00 E6 04 FA 5A 6C 6B 1F C0 00 78 09 1F 00 2D 05 80 00 00 65 05 03 05 1C C2 78 D8 0C 3A 9B 00 0E CB 2A 90 AA AA 
Time:	12:42:03,380
Send:	220001
Receive: 62 00 01 02 8A 00 80 14 08 01 00 03 A0 01 73 09 8F 06 E7 01 91 80 BB 4C 66 7A DD 41 F3 15 8A 57 00 E6 04 FA 5A 87 DC 1F C0 00 94 09 1F 00 2D 05 80 01 BC 65 05 03 05 1C C2 78 D8 0C 3A 9B 00 0F AA 29 D2 AA AA 
Time:	12:42:03,769
Send:	220001
Receive: 62 00 01 02 8A 00 80 13 A8 02 07 02 B2 01 08 00 00 05 EE 01 4A 80 A5 4C 66 76 BD 41 F3 15 87 3C 00 E6 04 FA 5A 6F F9 1F C0 00 78 09 20 00 2D 05 A6 00 2A 65 05 03 05 1D C2 78 D8 0C 3A 9B 00 0D 88 26 5D AA AA 
Time:	12:42:04,166
Send:	220001
Receive: 62 00 01 02 8A 00 80 14 5C 02 00 01 A2 00 C7 00 00 04 33 00 EB 80 23 4C 67 7B 7D 41 F3 15 85 A6 00 E6 03 E3 5A 54 88 1F C0 00 5A 09 20 00 2D 05 F7 FE 11 65 05 03 05 1D C0 78 D8 0C 3A 9B 00 09 6D 1C D4 AA AA 
Time:	12:42:04,549
Send:	220001
Receive: 62 00 01 02 8A 00 80 12 90 02 0A 01 C7 00 CC 00 00 03 DF 00 C3 80 20 4C 66 7E 1D 41 F3 15 84 8D 00 E6 03 E3 5A 4B AF 1F C0 00 5A 09 20 00 2D 05 99 FE F7 65 05 03 05 1D C0 78 D8 0C 3A 9B 00 08 E7 1C 4B AA AA 
Time:	12:42:04,949
Send:	220001
Receive: 62 00 01 02 8A 00 81 10 9A 02 07 02 2E 00 CE 02 7A 04 41 00 BD 80 21 4C 66 80 9D 41 F3 15 82 75 00 E6 02 BC 5A 44 9D 1F C0 00 5A 09 20 00 2D 05 4E FF B8 65 05 03 05 1D C0 78 D8 0C 3A 9B 00 09 E8 1E 59 AA AA 
Time:	12:42:05,385
Send:	220001
Receive: 62 00 01 02 8A 00 81 10 96 01 01 04 7E 01 C2 13 8A 06 E3 01 50 80 A2 4C 66 7F FD 41 F3 15 87 F0 00 E6 02 BC 5A 53 A7 1F C0 00 82 09 20 00 2D 05 4E 00 EE 65 05 03 05 1C C2 78 D8 0C 3A 9B 00 10 14 2D 54 AA AA 
Time:	12:42:05,773
Send:	220001
Receive: NO DATA
Time:	12:42:06,056
Send:	220001
Receive: NO DATA
Time:	12:42:06,334
Send:	220001
Receive: NO DATA
Time:	12:42:06,623
Send:	220001
Receive: NO DATA
Time:	12:42:06,922
Send:	220001
Receive: NO DATA
Time:	12:42:07,200
Send:	220001
Receive: NO DATA
Time:	12:42:07,512
Send:	220001
Receive: NO DATA
Time:	12:42:07,832
Send:	220001
Receive: 62 00 01 02 8A 00 81 14 A8 02 0C 01 8F 00 CC 00 00 04 32 00 EC 80 4F 4C 66 74 5D 41 F3 15 85 B3 00 E6 05 4A 5A 50 1E 1F C0 00 5A 09 21 00 2D 05 D7 FE BF 65 05 03 05 1D C0 78 D8 0C 3A 9B 00 09 78 1C 75 AA AA 
Time:	12:42:08,270
Send:	220001
Receive: 62 00 01 02 8A 00 81 12 3C 03 15 01 AF 00 C7 00 00 03 CA 00 BD 80 1F 4C 66 79 7D 41 F3 15 84 C5 00 E6 02 80 5A 49 07 1F C0 00 5A 09 21 00 2D 06 0A FF 17 65 05 03 05 1D C0 78 D8 0C 3A 9B 00 08 AA 1B CC AA AA 
Time:	12:42:08,670
Send:	220001
Receive: 62 00 01 02 8A 00 81 10 E8 02 06 02 00 00 C9 00 00 04 0E 00 BC 80 20 4C 66 7B DD 41 F3 15 82 DD 00 E6 02 80 5A 46 5F 1F C0 00 5A 09 21 00 2D 05 D4 FF 88 65 05 03 05 1D C0 78 D8 0C 3A 9B 00 09 6D 1D 5B AA AA 
Time:	12:42:09,073
Send:	220001
Receive: 62 00 01 02 8A 00 81 0F BE 02 03 02 4E 00 CC 00 00 04 6E 00 BC 80 25 4C 66 7E 7D 41 F3 15 82 D0 00 E6 02 A5 5A 44 9D 1F C0 00 5A 09 21 00 2D 05 AA FF D8 65 05 03 05 1D C0 78 D8 0C 3A 9B 00 0A 38 1F 37 AA AA 
Time:	12:42:09,518
Send:	220001
Receive: 62 00 01 02 8A 00 81 0F 1A 01 FB 02 70 00 C7 00 00 04 AB 00 C4 80 A7 4C 66 7C 3D 41 F3 15 83 85 00 E6 02 A5 5A 44 9D 1F C0 00 5A 09 21 00 2D 05 8F FF E8 65 05 03 05 1D C0 78 D8 0C 3A 9B 00 0A B7 20 88 AA AA 
Time:	12:42:09,919
Send:	220001

Fixed toLineMF: 03E 62 00 01 02 8A 00 81 0F EE 01 FF 04 21 01 82 16 05 06 DC 01 50 80 AD 4C 66 79 3D 41 F3 15 87 F4 00 E6 00 82 09 22 00 2D 05 8D 01 4F 65 05 03 05 1C C2 78 D8 0C 3A 9B 00 0F AB 2C AC AA AA 
Receive: 62 00 01 02 8A 00 81 0F EE 01 FF 04 21 01 82 16 05 06 DC 01 50 80 AD 4C 66 79 3D 41 F3 15 87 F4 00 E6 00 82 09 22 00 2D 05 8D 01 4F 65 05 03 05 1C C2 78 D8 0C 3A 9B 00 0F AB 2C AC AA AA 

Fixed toLineMF: 03E 62 00 01 02 8A 00 81 0F EE 01 FF 04 21 01 82 16 05 06 DC 01 50 80 AD 4C 66 79 3D 41 F3 15 87 F4 00 E6 00 82 09 22 00 2D 05 8D 01 4F 65 05 03 05 1C C2 78 D8 0C 3A 9B 00 0F AB 2C AC AA AA 
Time:	12:42:10,309
Send:	220001
Receive: 62 00 01 02 8A 00 82 14 BC 01 FE 04 21 01 9B 00 00 08 03 01 F3 80 B7 4C 66 74 FD 41 F3 15 8C D9 00 E6 06 26 5A C2 42 1F C0 00 8C 09 22 00 2D 05 8D 00 CB 65 05 03 05 1D CA 78 D8 0C 3A 9B 00 10 A1 2B 08 AA AA 
Time:	12:42:10,682
Send:	220001
Receive: 62 00 01 02 8A 00 82 15 3E 01 07 01 C3 00 C7 00 00 04 95 01 13 80 27 4C 65 71 BD 41 F3 15 87 64 00 E6 06 26 5A 58 F7 1F C0 00 64 09 23 00 2D 06 2E FE D9 65 05 03 05 1D C8 78 D8 0C 3A 9B 00 0A 14 1C BE AA AA 
Time:	12:42:11,080
Send:	220001
Receive: 62 00 01 02 8B 00 82 13 26 01 1A 01 6A 00 BA 00 00 03 70 00 AF 80 1E 4C 63 77 3D 41 F3 15 85 E8 00 E6 01 F0 5A 49 07 1F C0 00 5A 09 23 00 2D 06 6F FE DF 65 05 03 05 1D C0 78 D8 0C 3A 9B 00 08 15 1A 7D AA AA 
Time:	12:42:11,470
Send:	220001
Receive: 62 00 01 02 8A 00 82 11 2A 00 11 01 EE 00 C9 00 00 03 EF 00 B7 80 1F 4C 61 79 9D 41 F3 15 83 9A 00 E6 01 F0 5A 47 45 1F C0 00 5A 09 23 00 2D 06 8C FF 75 65 05 03 07 1D E0 78 D8 0C 3A 9B 00 09 1A 1C B2 AA AA 
Time:	12:42:11,852
Send:	220001
Receive: 62 00 01 02 8C 00 82 10 18 00 03 02 4A 00 D3 00 00 04 73 00 C4 80 23 4C 5E 7C 3D 41 F3 15 82 F2 00 E6 01 F0 5A 47 45 1F C0 00 5A 09 23 00 2D 06 74 FF BD 65 05 03 05 1D C0 78 D8 0C 3A 9B 00 0A 4D 1F 4D AA AA 
Time:	12:42:12,242
Send:	220001
Receive: 62 00 01 02 8C 00 82 0F 8A 00 07 04 35 01 B8 23 56 06 19 00 F9 80 91 4C 5D 7B BD 41 F3 15 86 56 00 E6 03 16 5A 4B AF 1F C0 00 6E 09 23 00 2D 06 69 00 00 65 05 03 05 1C C2 78 D8 0C 3A 9B 00 0D 3A 26 86 AA AA 
Time:	12:42:12,643
Send:	220001

Fixed toLineMF: 03E 62 00 01 02 8C 00 82 16 F2 00 00 04 C9 02 2E 0F 94 08 E3 02 98 80 C0 4C 5B 77 5D 41 F3 15 8F 28 00 E6 03 16 5A 76 2A 1F C0 6A FE EF 65 05 03 05 1C C2 78 D8 0C 3A 9B 00 13 BC 31 77 AA AA 
Receive: 62 00 01 02 8C 00 82 16 F2 00 00 04 C9 02 2E 0F 94 08 E3 02 98 80 C0 4C 5B 77 5D 41 F3 15 8F 28 00 E6 03 16 5A 76 2A 1F C0 6A FE EF 65 05 03 05 1C C2 78 D8 0C 3A 9B 00 13 BC 31 77 AA AA 

Fixed toLineMF: 03E 62 00 01 02 8C 00 82 16 F2 00 00 04 C9 02 2E 0F 94 08 E3 02 98 80 C0 4C 5B 77 5D 41 F3 15 8F 28 00 E6 03 16 5A 76 2A 1F C0 6A FE EF 65 05 03 05 1C C2 78 D8 0C 3A 9B 00 13 BC 31 77 AA AA 
Time:	12:42:13,039
Send:	220001
Receive: 62 00 01 02 8C 00 82 1C 5C 01 0D 02 5D 01 61 0C E1 05 3E 01 AC 80 21 4C 4F 7A 5D 41 F3 15 8D 88 00 E6 07 98 5A 51 E0 1F C0 00 96 08 F1 00 2D 06 46 FE 57 65 05 03 05 1C C2 78 D8 0C 3A 9B 00 0C 2E 21 E6 AA AA 
Time:	12:42:13,473
Send:	220001
Receive: 62 00 01 02 8A 00 82 18 B6 02 F1 02 DC 01 61 0D 4C 05 7C 01 6B 80 5D 4C 46 7E 5D 41 F3 15 8A 65 00 E6 07 98 5A 56 4F 1F C0 00 96 09 24 00 2D 06 6A FF E3 65 05 03 05 1C C2 78 D8 0C 3A 9B 00 0C A2 22 00 AA AA 
Time:	12:42:13,869
Send:	220001
Receive: 62 00 01 02 82 00 82 12 28 03 DF 05 C4 02 3F 0E 1E 08 E7 01 9A 80 23 4C 3D 7D 5D 41 F3 15 87 45 00 E6 07 98 5A 8C 46 1F C0 00 96 09 23 00 2D 06 6A 06 11 65 05 03 05 1C CA 78 D8 0C 3A 9B 00 14 FC 36 3A AA AA 
Time:	12:42:14,253
Send:	220001
Receive: 62 00 01 02 84 00 82 10 AC 05 F2 06 70 03 68 0E 8A 0B 3E 02 18 80 B6 4C 3C 7A 1D 41 F3 15 87 C3 00 E6 08 3A 5A FA 00 1F C0 00 96 09 24 00 2D 06 6A 05 C1 65 05 03 05 1C C2 78 D8 0C 3A 9B 00 19 53 3C FA AA AA 
Time:	12:42:14,643
Send:	220001
Receive: 62 00 01 02 8C 00 82 10 A2 06 F5 06 1B 03 A6 0E 8A 0B 44 02 22 80 C3 4C 31 75 FD 41 F3 15 88 0B 00 E6 08 3A 5A FA 00 1F C0 00 96 09 24 00 2D 06 6A 05 DC 65 05 03 05 1C C2 78 D8 0C 3A 9B 00 19 EB 3D 3D AA AA 
Time:	12:42:15,032
Send:	220001
Receive: 62 00 01 02 8C 00 82 13 74 07 F5 05 FD 03 65 0E 8A 0B 37 02 76 80 59 4C 1F 71 BD 41 F3 15 8A C3 00 E6 0A 65 5A FA 00 1F C0 00 96 09 24 00 2D 06 6A 02 63 65 05 03 05 1C C2 78 D8 0C 3A 9B 00 19 A3 3B B3 AA AA 
Time:	12:42:15,422
Send:	220001
Receive: 62 00 01 02 8D 00 83 16 34 08 FE 04 AF 02 69 0E 8A 09 BE 02 76 80 B7 4C 1E 71 DD 41 F3 15 8E DD 00 E6 0A 65 5A FA 00 1F C0 00 96 09 24 00 2D 06 6A 00 35 65 05 03 05 1C C2 78 D8 0C 3A 9B 00 15 F1 35 4D AA AA 
Time:	12:42:15,833
Send:	220001
Receive: 62 00 01 02 8D 00 83 1A 32 0A 0E 02 AF 01 E5 0E 1E 07 17 02 25 80 24 4C FD 71 7D 41 F3 15 8D 3A 00 E6 0A 65 5A D3 0E 1F C0 00 96 09 0C 00 2D 06 59 FE C2 65 05 03 05 1C C2 78 D8 0C 3A 9B 00 10 69 2B 75 AA AA 
Time:	12:42:16,259
Send:	220001
Receive: 62 00 01 02 8D 00 83 1B 1C 0A 08 02 24 01 B4 0F 61 05 BE 01 BB 80 1F 4C BA 76 5D 41 F3 15 8D 3F 00 E6 06 05 5A AB 40 1F C0 00 96 08 FF 00 2D 06 50 FE 8F 65 05 03 05 1C CA 78 D8 0C 3A 9B 00 0D 7A 25 BE AA AA 
Time:	12:42:16,680
Send:	220001
Receive: NO DATA
Time:	12:42:16,970
Send:	220001
Receive: NO DATA
Time:	12:42:17,279
Send:	220001
Receive: NO DATA
Time:	12:42:17,576
Send:	220001
Receive: NO DATA
Time:	12:42:17,885
Send:	220001
Receive: NO DATA
Time:	12:42:18,190
Send:	220001
Receive: NO DATA
Time:	12:42:18,500
Send:	220001
Receive: NO DATA
Time:	12:42:18,806
Send:	220001
Receive: 62 00 01 02 8D 00 83 19 52 0A 03 01 A9 01 7F 0D 4C 03 1E 00 DA 80 21 4C 56 81 1D 41 F3 15 8B 0E 00 E6 04 44 5A 57 30 1F C0 00 5A 09 21 00 2D 03 CF FC A7 65 05 03 05 3C C8 78 D8 0C 3A 9B 00 08 66 18 6B AA AA 
Time:	12:42:19,211
Send:	220001
Receive: 62 00 01 02 8D 00 83 1B EC 0A 2A 02 0D 01 57 0E 1E 03 F6 01 3B 80 3A 4C B8 7D DD 41 F3 15 8D E1 00 E6 04 E4 5A 71 BB 1F C0 00 5A 08 F3 00 2D 03 BC FC B8 65 05 03 05 3C C0 78 D8 0C 3A 9B 00 09 56 1A C6 AA AA 
Time:	12:42:19,619
Send:	220001
Receive: 62 00 01 02 8D 00 83 1D 86 0A 29 02 06 01 23 06 A3 03 EB 01 4A 80 25 4C 35 84 3D 41 F3 15 8F 14 00 E6 04 E4 5A 69 C3 1F C0 00 5A 08 DD 00 2D 03 B3 FC C0 65 05 03 05 3C C0 78 D8 0C 3A 9B 00 08 C9 18 14 AA AA 
Time:	12:42:20,074
Send:	220001
Receive: 62 00 01 02 8D 00 83 1C 60 0B 2B 01 D2 01 2D 06 38 03 78 01 12 80 24 4C 82 84 3D 41 F3 15 8D BE 00 E6 04 65 5A 62 B1 1F C0 00 5A 08 F5 00 2D 03 BD FC B7 65 05 03 05 3C C0 78 D8 0C 3A 9B 00 08 1C 17 CF AA AA 
Time:	12:42:20,470
Send:	220001
Receive: 62 00 01 02 8D 00 84 1D 74 0B 2B 01 D6 01 2D 06 38 03 83 01 1F 80 A7 4C 76 83 FD 41 F3 15 8E 57 00 E6 04 65 5A 64 78 1F C0 00 5A 08 E5 00 2D 03 B6 FC BD 65 05 03 05 3C C0 78 D8 0C 3A 9B 00 08 08 17 3F AA AA 
Time:	12:42:20,910
Send:	220001
Receive: NO DATA
Time:	12:42:21,228
Send:	220001
Receive: NO DATA
Time:	12:42:21,524
Send:	220001
Receive: NO DATA
Time:	12:42:21,798
Send:	220001
Receive: NO DATA
Time:	12:42:22,086
Send:	220001
Receive: NO DATA
Time:	12:42:22,385
Send:	220001
Receive: NO DATA
Time:	12:42:22,691
Send:	220001
Receive: NO DATA
Time:	12:42:23,000
Send:	220001
Receive: 62 00 01 02 8D 00 84 21 D8 0D 2C 01 A6 01 28 06 A3 03 96 01 58 80 B6 4C BB 6E 1D 41 F3 15 90 61 00 E6 04 6E 5A 72 9C 1F C0 00 5A 08 A7 00 2D 03 9C FC D3 65 05 03 01 3C C0 78 D8 0C 3A 9B 00 08 32 15 32 AA AA 
Time:	12:42:23,392
Send:	220001
Receive: 62 00 01 02 8D 00 84 21 EA 0D 1D 01 96 01 21 00 00 03 89 01 50 80 A2 4C AD 69 DD 41 F3 15 90 38 00 E6 04 6E 5A 6D 51 1F C0 00 5A 08 A7 00 2D 03 9C FA 79 65 05 03 01 3D C8 78 D8 0C 3A 9B 00 07 F9 14 BB AA AA 
Time:	12:42:23,823
Send:	220001
Receive: NO DATA
Time:	12:42:24,108
Send:	220001
Receive: NO DATA
Time:	12:42:24,382
Send:	220001
Receive: NO DATA
Time:	12:42:24,688
Send:	220001
Receive: NO DATA
Time:	12:42:24,982
Send:	220001
Receive: NO DATA
Time:	12:42:25,267
Send:	220001
Receive: NO DATA
Time:	12:42:25,563
Send:	220001
Receive: NO DATA
Time:	12:42:25,851
Send:	220001
Receive: NO DATA
Time:	12:42:26,170
Send:	220001
Receive: NO DATA
Time:	12:42:26,451
Send:	220001
Receive: NO DATA
Time:	12:42:26,746
Send:	220001
Receive: NO DATA
Time:	12:42:27,030
Send:	220001
Receive: NO DATA
Time:	12:42:27,330
Send:	220001
Receive: NO DATA
Time:	12:42:27,629
Send:	220001
Receive: NO DATA
Time:	12:42:27,920
Send:	220001
Receive: 62 00 01 02 8D 00 85 1C 3C 0B 2C 01 A7 01 05 00 66 03 2E 00 FA 80 21 4C 25 81 7D 41 F3 15 8C D0 00 E6 04 83 5B 57 30 1F C0 00 5A 08 F9 00 2D 03 BF FB 77 65 05 03 01 7D C8 78 D8 0C 3A 9B 00 06 FA 15 9F AA AA 
Time:	12:42:28,333
Send:	220001
Receive: 62 00 01 02 8D 00 85 1C 94 0B 2D 01 7E 00 F1 00 66 02 D0 00 E2 80 23 4C 24 84 9D 41 F3 15 8B 9C 00 E6 03 99 5B 52 C6 1F C0 00 5A 08 F2 00 2D 03 BC FB 5D 65 05 03 01 7D C8 78 D8 0C 3A 9B 00 06 02 13 51 AA AA 
Time:	12:42:28,859
Send:	220001
Receive: 62 00 01 02 8D 00 85 1C 20 0B 2F 01 59 00 D3 00 D1 02 5C 00 BA 80 23 4C 26 88 BD 41 F3 15 8D 22 00 E6 03 99 5B 49 07 1F C0 00 5A 08 F9 00 2D 03 BF FB 79 65 05 03 01 7D C8 78 D8 0C 3A 9B 00 05 67 11 FB AA AA 
Time:	12:42:29,316
Send:	220001
Receive: 62 00 01 02 8D 00 85 1B 7E 0A 2F 01 5E 00 C4 01 A8 02 4C 00 B0 80 27 4C 27 8B 5D 41 F3 15 8D 61 00 E6 02 CB 5B 43 BC 1F C0 00 5A 09 03 00 2D 03 C3 FB A1 65 05 03 01 7D C8 78 D8 0C 3A 9B 00 05 3D 11 83 AA AA 
Time:	12:42:29,734
Send:	220001
Receive: 62 00 01 02 8D 00 85 1A E0 0A 2F 01 42 00 A4 03 51 02 12 00 9A 80 A2 4C 9F 89 DD 41 F3 15 8E 89 00 E6 02 CB 5B 3C A5 1F C0 00 5A 09 0C 00 2D 03 C7 FB CF 65 05 03 01 7D C8 78 D8 0C 3A 9B 00 04 B3 10 37 AA AA 
Time:	12:42:30,131
Send:	220001
Receive: 62 00 01 02 8D 00 85 19 BC 0A 18 01 45 00 A1 05 66 02 20 00 97 80 BE 4C BB 87 5D 41 F3 15 8E 2B 00 E6 02 41 5B 3B C4 1F C0 00 5A 09 1D 00 2D 03 CE FC A8 65 05 03 01 7C C8 78 D8 0C 3A 9B 00 04 E1 10 9A AA AA 
Time:	12:42:30,570
Send:	220001
Receive: 62 00 01 02 8D 00 85 18 54 09 15 01 92 00 CC 07 E1 02 A7 00 B2 80 C2 4C C2 84 FD 41 F3 15 8A E8 00 E6 02 41 5B 49 07 1F C0 00 5A 09 26 00 2D 03 D1 FC A5 65 05 03 01 7C C8 78 D8 0C 3A 9B 00 06 0B 13 02 AA AA 
Time:	12:42:31,069
Send:	220001
Receive: 62 00 01 02 8D 00 85 18 3E 09 1F 02 0D 01 16 07 E1 03 92 00 F8 80 C0 4C C4 81 DD 41 F3 15 8B 47 00 E6 03 5D 5B 5B 9F 1F C0 00 5A 09 26 00 2D 03 D1 FC A5 65 05 03 01 7C C0 78 D8 0C 3A 9B 00 08 83 18 73 AA AA 
Time:	12:42:31,479
Send:	220001
Receive: 62 00 01 02 8D 00 85 18 06 09 0E 02 79 01 2F 07 E1 04 82 01 39 80 BD 4C C3 7E 9D 41 F3 15 8B 39 00 E6 03 5D 5B 65 59 1F C0 00 5A 09 27 00 2D 03 D2 FC A5 65 05 03 01 7C C0 78 D8 0C 3A 9B 00 0A 5F 1C 88 AA AA 
Time:	12:42:31,912
Send:	220001
Receive: 62 00 01 02 8D 00 86 18 D2 09 0D 02 55 01 25 07 E1 04 91 01 43 80 BB 4C BF 7A FD 41 F3 15 8B 93 00 E6 03 5D 5B 66 3A 1F C0 00 5A 09 27 00 2D 03 D2 FC A4 65 05 03 01 7C C0 78 D8 0C 3A 9B 00 0A 34 1C 51 AA AA 
Time:	12:42:32,351
Send:	220001
Receive: 62 00 01 02 8D 00 86 19 9A 0A 11 02 22 01 23 07 E1 04 53 01 3A 80 25 4C 88 7B 7D 41 F3 15 8C 14 00 E6 04 FA 5B 68 01 1F C0 00 5A 09 1C 00 2D 03 CD FC A8 65 05 03 01 7C C0 78 D8 0C 3A 9B 00 09 C3 1B 70 AA AA 
Time:	12:42:32,850
Send:	220001
Receive: 62 00 01 02 8D 00 86 1A 10 0A 13 02 17 01 23 07 7A 04 26 01 34 80 27 4C 29 7F FD 41 F3 15 8C 87 00 E6 04 FA 5B 68 01 1F C0 00 5A 09 15 00 2D 03 CA FC AB 65 05 03 01 7C C0 78 D8 0C 3A 9B 00 09 67 1A CF AA AA 
Time:	12:42:33,335
Send:	220001
Receive: 62 00 01 02 8D 00 86 1A D6 0A 13 01 F5 01 1C 04 FA 03 D1 01 25 80 2B 4C 2B 84 7D 41 F3 15 8C F6 00 E6 04 83 5B 63 92 1F C0 00 5A 09 0A 00 2D 03 C5 FC AF 65 05 03 01 7C C0 78 D8 0C 3A 9B 00 08 BA 19 68 AA AA 
Time:	12:42:33,777
Send:	220001
Receive: 62 00 01 02 8D 00 86 1B 22 0A 18 01 FA 01 21 04 8F 03 AD 01 1A 80 2B 4C 2B 87 DD 41 F3 15 8D 49 00 E6 04 83 5B 62 B1 1F C0 00 5A 09 06 00 2D 03 C4 FC B0 65 05 03 01 7C C0 78 D8 0C 3A 9B 00 08 50 18 8C AA AA 
Time:	12:42:34,191
Send:	220001
Receive: 62 00 01 02 8D 00 86 1B 98 0A 19 02 01 01 2D 04 23 03 A1 01 1D 80 2C 4C 2C 8B 3D 41 F3 15 8D B0 00 E6 04 83 5B 63 92 1F C0 00 5A 08 FD 00 2D 03 C0 FC B4 65 05 03 01 7C C0 78 D8 0C 3A 9B 00 08 33 18 71 AA AA 
Time:	12:42:34,622
Send:	220001
Receive: 62 00 01 02 8D 00 86 1C 80 0A 18 02 10 01 32 04 23 03 AB 01 28 80 27 4C 2D 8B BD 41 F3 15 8E 43 00 E6 04 83 5B 65 59 1F C0 00 5A 08 F0 00 2D 03 BB FC B9 65 05 03 01 7C C0 78 D8 0C 3A 9B 00 08 56 18 14 AA AA 
Time:	12:42:35,049
Send:	220001
Receive: 62 00 01 02 8D 00 86 1C 86 0B 1C 01 BD 01 12 02 7A 03 4D 01 0B 80 44 4C 9A 88 7D 41 F3 15 8D BE 00 E6 04 CC 5B 5A B9 1F C0 00 5A 08 F1 00 2D 03 BB FB 5B 65 05 03 01 7D C8 78 D8 0C 3A 9B 00 07 7F 15 F7 AA AA 
Time:	12:42:35,453
Send:	220001
Receive: 62 00 01 02 8D 00 86 1C D2 0B 2D 01 9D 00 F9 00 00 02 F2 00 EF 80 B0 4C B1 88 FD 41 F3 15 8C 44 00 E6 04 CC 5B 55 6E 1F C0 00 5A 08 EF 00 2D 03 BA FB 54 65 05 03 01 7D C8 78 D8 0C 3A 9B 00 06 C5 14 66 AA AA 
Time:	12:42:35,849
Send:	220001
Receive: 62 00 01 02 8D 00 86 1D 4E 0B 2D 01 68 00 DB 00 00 02 A7 00 D7 80 AD 4C AD 85 DD 41 F3 15 8B C7 00 E6 04 CC 5A 50 1E 1F C0 00 5A 08 EA 00 2D 03 B8 FB 3D 65 05 03 01 7D C8 78 D8 0C 3A 9B 00 05 F8 12 90 AA AA 
Time:	12:42:36,232
Send:	220001
Receive: 62 00 01 02 8D 00 86 1C EE 0B 2F 01 56 00 D6 00 00 02 76 00 C8 80 26 4C 8D 84 3D 41 F3 15 8C BC 00 E6 03 33 5A 4B AF 1F C0 00 5A 08 EC 00 2D 03 B9 FB 4B 65 05 03 01 7D C8 78 D8 0C 3A 9B 00 05 8E 11 85 AA AA 
Time:	12:42:36,619
Send:	220001
Receive: 62 00 01 02 8D 00 86 1C F8 0B 2F 01 5C 00 D1 00 00 02 59 00 BE 80 2B 4C 2C 89 DD 41 F3 15 8D 49 00 E6 03 33 5A 47 45 1F C0 00 5A 08 EC 00 2D 03 B9 FB 4B 65 05 03 01 7D C8 78 D8 0C 3A 9B 00 05 42 10 FB AA AA 
Time:	12:42:37,011
Send:	220001
Receive: 62 00 01 02 8D 00 86 1B AA 0B 2F 01 41 00 AE 01 70 02 26 00 A5 80 A2 4C A4 86 DD 41 F3 15 8E 34 00 E6 02 CB 5A 3F 4D 1F C0 00 5A 09 02 00 2D 03 C2 FB A2 65 05 03 01 7D C8 78 D8 0C 3A 9B 00 04 C5 10 63 AA AA 
Time:	12:42:37,399
Send:	220001
Receive: 62 00 01 02 8D 00 86 1A C8 0A 30 01 30 00 A4 04 8F 01 F1 00 8F 80 28 4C 28 8A 1D 41 F3 15 8E A6 00 E6 02 CB 5A 3B C4 1F C0 00 5A 09 0E 00 2D 03 C7 FC AE 65 05 03 01 7C C8 78 D8 0C 3A 9B 00 04 AD 10 24 AA AA 
Time:	12:42:37,810
Send:	220001
Receive: 62 00 01 02 8D 00 87 19 64 09 20 01 52 00 BD 09 8F 02 37 00 9F 80 AD 4C 9B 87 FD 41 F3 15 8D A6 00 E6 02 CB 5A 45 7E 1F C0 00 5A 09 1E 00 2D 03 CE FC A8 65 05 03 01 7C C8 78 D8 0C 3A 9B 00 05 7F 11 DE AA AA 
Time:	12:42:38,253
Send:	220001
Receive: 62 00 01 02 8D 00 87 18 24 09 2B 01 DF 01 0A 09 F5 03 32 00 DA 80 C2 4C C0 84 FD 41 F3 15 8A CC 00 E6 03 33 5B 57 30 1F C0 00 5A 09 25 00 2D 03 D1 FC A5 65 05 03 01 7C C0 78 D8 0C 3A 9B 00 07 A9 16 7A AA AA 
Time:	12:42:38,659
Send:	220001
Receive: 62 00 01 02 8D 00 87 18 2C 09 11 02 65 01 2D 09 F5 04 35 01 20 80 C1 4C C3 81 DD 41 F3 15 8B 05 00 E6 03 33 5B 61 D0 1F C0 00 5A 09 26 00 2D 03 D1 FC A5 65 05 03 01 7C C0 78 D8 0C 3A 9B 00 09 C9 1B 46 AA AA 
Time:	12:42:39,053
Send:	220001
Receive: 62 00 01 02 8D 00 87 19 22 09 0F 02 95 01 41 09 F5 04 CA 01 54 80 BF 4C C3 7E 5D 41 F3 15 8B A6 00 E6 05 B0 5B 6C 6B 1F C0 00 5A 09 23 00 2D 03 D0 FC A6 65 05 03 01 7C C0 78 D8 0C 3A 9B 00 0A F6 1D F8 AA AA 
Time:	12:42:39,431
Send:	220001
Receive: 62 00 01 02 8D 00 87 1A 32 0A 13 02 42 01 3C 09 F5 04 91 01 54 80 B9 4C C1 7B 5D 41 F3 15 8C 91 00 E6 05 B0 5B 6F F9 1F C0 00 5A 09 12 00 2D 03 C9 FC AC 65 05 03 01 7C C0 78 D8 0C 3A 9B 00 0A 5E 1C E0 AA AA 
Time:	12:42:39,812
Send:	220001
Receive: 62 00 01 02 8D 00 87 1B 26 0A 19 02 0B 01 44 07 E1 04 37 01 48 80 24 4C 2B 7E BD 41 F3 15 8D 7A 00 E6 05 B0 5B 70 DA 1F C0 00 5A 09 02 00 2D 03 C2 FC B2 65 05 03 01 7C C0 78 D8 0C 3A 9B 00 09 82 1B 45 AA AA 
Time:	12:42:40,203
Send:	220001
Receive: 62 00 01 02 8D 00 87 1B 5E 0A 16 01 FF 01 32 07 0F 03 F8 01 37 80 25 4C 27 82 3D 41 F3 15 8D 9C 00 E6 04 83 5B 6A A9 1F C0 00 5A 09 00 00 2D 03 C1 FC B3 65 05 03 01 7C C0 78 D8 0C 3A 9B 00 08 C0 19 A1 AA AA 
Time:	12:42:40,602
Send:	220001
Receive: 62 00 01 02 8D 00 87 1B 9A 0A 17 02 19 01 3C 07 0F 03 F5 01 37 80 23 4C 27 85 FD 41 F3 15 8D B0 00 E6 04 83 5B 6A A9 1F C0 00 5A 08 FF 00 2D 03 C1 FC B3 65 05 03 01 7C C0 78 D8 0C 3A 9B 00 08 FA 19 E8 AA AA 
Time:	12:42:40,981
Send:	220001
Receive: 62 00 01 02 8D 00 87 1B FE 0B 15 02 29 01 41 06 38 03 EA 01 33 80 25 4C 28 89 BD 41 F3 15 8D A1 00 E6 05 32 5B 67 20 1F C0 00 5A 08 FC 00 2D 03 C0 FC B4 65 05 03 01 7C C0 78 D8 0C 3A 9B 00 08 F5 1A 03 AA AA 
Time:	12:42:41,381
Send:	220001
Receive: 62 00 01 02 8D 00 87 1C AE 0B 19 02 09 01 3E 06 38 03 C5 01 2D 80 A9 4C 91 88 3D 41 F3 15 8D FE 00 E6 05 32 5B 68 E2 1F C0 00 5A 08 F2 00 2D 03 BC FC B8 65 05 03 01 7C C0 78 D8 0C 3A 9B 00 08 99 18 D3 AA AA 
Time:	12:42:41,779
Send:	220001
Receive: 62 00 01 02 8D 00 87 1D CE 0B 22 01 F9 01 2D 03 BD 03 A7 01 2F 80 AD 4C 94 88 9D 41 F3 15 8E E7 00 E6 05 32 5A 65 59 1F C0 00 5A 08 E0 00 2D 03 B4 FC BE 65 05 03 01 7C C8 78 D8 0C 3A 9B 00 08 41 17 33 AA AA 
Time:	12:42:42,173
Send:	220001

Fixed toLineMF: 03E 62 00 01 02 8D 00 87 1E 84 0B 15 01 E4 01 21 03 BD 03 91 01 34 80 BA 4C B8 84 DD 41 F3 15 8F 37 00 E6 04 B1 5A 61 D0 1F C0 AF FC C3 65 05 03 01 7C C8 78 D8 0C 3A 9B 00 07 ED 15 C0 AA AA 
Receive: 62 00 01 02 8D 00 87 1E 84 0B 15 01 E4 01 21 03 BD 03 91 01 34 80 BA 4C B8 84 DD 41 F3 15 8F 37 00 E6 04 B1 5A 61 D0 1F C0 AF FC C3 65 05 03 01 7C C8 78 D8 0C 3A 9B 00 07 ED 15 C0 AA AA 

Fixed toLineMF: 03E 62 00 01 02 8D 00 87 1E 84 0B 15 01 E4 01 21 03 BD 03 91 01 34 80 BA 4C B8 84 DD 41 F3 15 8F 37 00 E6 04 B1 5A 61 D0 1F C0 AF FC C3 65 05 03 01 7C C8 78 D8 0C 3A 9B 00 07 ED 15 C0 AA AA 
Time:	12:42:42,568
Send:	220001
Receive: NO DATA
Time:	12:42:42,852
Send:	220001
Receive: NO DATA
Time:	12:42:43,141
Send:	220001
Receive: NO DATA
Time:	12:42:43,416
Send:	220001
Receive: NO DATA
Time:	12:42:43,710
Send:	220001
Receive: NO DATA
Time:	12:42:43,995
Send:	220001
Receive: NO DATA
Time:	12:42:44,298
Send:	220001
Receive: NO DATA
Time:	12:42:44,593
Send:	220001
Receive: 62 00 01 02 8D 00 88 1F FA 0C 2C 01 C3 01 1C 04 8F 03 88 01 3D 80 C1 4C C4 7C 1D 41 F3 15 8F 96 00 E6 04 B1 5A 68 01 1F C0 00 5A 08 C1 00 2D 03 A7 FC CA 65 05 03 01 7C C0 78 D8 0C 3A 9B 00 08 0C 14 FB AA AA 
Time:	12:42:44,990
Send:	220001
Receive: 62 00 01 02 8D 00 88 20 64 0C 2C 01 B5 01 1C 04 23 03 7C 01 3E 80 BE 4C C1 78 3D 41 F3 15 8F A6 00 E6 04 90 5A 68 E2 1F C0 00 5A 08 BB 00 2D 03 A5 FC CC 65 05 03 01 7C C0 78 D8 0C 3A 9B 00 07 EF 14 93 AA AA 
Time:	12:42:45,389
Send:	220001
Receive: 62 00 01 02 8D 00 88 20 48 0C 1C 01 8D 01 03 03 BD 03 4A 01 2D 80 B9 4C C1 74 3D 41 F3 15 8F 0A 00 E6 04 90 5A 62 B1 1F C0 00 5A 08 BE 00 2D 03 A6 FC CB 65 05 03 01 7C C8 78 D8 0C 3A 9B 00 07 66 13 88 AA AA 
Time:	12:42:45,793
Send:	220001
Receive: 62 00 01 02 8D 00 88 20 24 0C 2E 01 57 00 DD 03 BD 02 DD 01 01 80 AA 4C BA 70 9D 41 F3 15 8D B5 00 E6 04 90 5A 5B 9F 1F C0 00 5A 08 BF 00 2D 03 A6 FC CB 65 05 03 01 7C C8 78 D8 0C 3A 9B 00 06 6B 11 49 AA AA 
Time:	12:42:46,189
Send:	220001
Receive: 62 00 01 02 8D 00 88 1F 48 0C 2E 01 32 00 D1 03 BD 02 9B 00 E2 80 89 4C B4 6D 5D 41 F3 15 8C F1 00 E6 03 33 5A 51 E0 1F C0 00 5A 08 CE 00 2D 03 AD FC C5 65 05 03 01 7C C8 78 D8 0C 3A 9B 00 05 B6 10 76 AA AA 
Time:	12:42:46,602
Send:	220001
Receive: 62 00 01 02 8D 00 88 1E C6 0B 2F 01 39 00 D3 06 38 02 7F 00 D9 80 22 4C 2A 72 7D 41 F3 15 8D 75 00 E6 03 33 5A 52 C6 1F C0 00 5A 08 D0 00 2D 03 AD FC C5 65 05 03 01 7C C8 78 D8 0C 3A 9B 00 05 B2 10 41 AA AA 
Time:	12:42:46,983
Send:	220001

Fixed toLineMF: 03E 62 00 01 02 8D 00 88 1C C2 0B 0F 01 80 01 2D 06 38 02 E5 00 E2 80 20 4C 26 75 7D 41 F3 15 8B B4 00 E6 02 CB 5A 5E 47 1F C0 00 5A 08 F3 00 2D 03 7C C0 78 D8 0C 3A 9B 00 07 38 16 21 AA AA 
Receive: 62 00 01 02 8D 00 88 1C C2 0B 0F 01 80 01 2D 06 38 02 E5 00 E2 80 20 4C 26 75 7D 41 F3 15 8B B4 00 E6 02 CB 5A 5E 47 1F C0 00 5A 08 F3 00 2D 03 7C C0 78 D8 0C 3A 9B 00 07 38 16 21 AA AA 

Fixed toLineMF: 03E 62 00 01 02 8D 00 88 1C C2 0B 0F 01 80 01 2D 06 38 02 E5 00 E2 80 20 4C 26 75 7D 41 F3 15 8B B4 00 E6 02 CB 5A 5E 47 1F C0 00 5A 08 F3 00 2D 03 7C C0 78 D8 0C 3A 9B 00 07 38 16 21 AA AA 
Time:	12:42:47,379
Send:	220001

Fixed toLineMF: 03E 62 00 01 02 8D 00 88 1E D2 0B 29 02 26 01 69 08 19 04 2A 01 6A 80 25 4C 27 79 5D 41 F3 15 8F 28 00 E6 00 5A 08 D1 00 2D 03 AE FC C4 65 05 03 01 7C C0 78 D8 0C 3A 9B 00 09 52 1A 1E AA AA 
Receive: 62 00 01 02 8D 00 88 1E D2 0B 29 02 26 01 69 08 19 04 2A 01 6A 80 25 4C 27 79 5D 41 F3 15 8F 28 00 E6 00 5A 08 D1 00 2D 03 AE FC C4 65 05 03 01 7C C0 78 D8 0C 3A 9B 00 09 52 1A 1E AA AA 

Fixed toLineMF: 03E 62 00 01 02 8D 00 88 1E D2 0B 29 02 26 01 69 08 19 04 2A 01 6A 80 25 4C 27 79 5D 41 F3 15 8F 28 00 E6 00 5A 08 D1 00 2D 03 AE FC C4 65 05 03 01 7C C0 78 D8 0C 3A 9B 00 09 52 1A 1E AA AA 
Time:	12:42:47,792
Send:	220001
Receive: 62 00 01 02 8D 00 88 1E CA 0B 2A 02 0E 01 37 06 A3 04 19 01 6E 80 22 4C 28 79 5D 41 F3 15 90 C7 00 E6 02 CB 5A 6F 13 1F C0 00 5A 08 CB 00 2D 03 AB FC C6 65 05 03 01 7C C0 78 D8 0C 3A 9B 00 09 56 17 87 AA AA 
Time:	12:42:48,188
Send:	220001
Receive: 62 00 01 02 8D 00 88 1E 62 0C 2B 01 B3 01 19 05 66 03 96 01 31 80 B1 4C B2 76 5D 41 F3 15 8F 28 00 E6 05 7B 5A 65 59 1F C0 00 5A 08 DB 00 2D 03 B2 FC C0 65 05 03 01 7C C0 78 D8 0C 3A 9B 00 08 47 15 F3 AA AA 
Time:	12:42:48,584
Send:	220001
Receive: 62 00 01 02 8D 00 88 21 36 0C 2C 01 CC 01 21 05 D1 03 89 01 46 80 9B 4C 77 79 7D 41 F3 15 8F E2 00 E6 05 7B 5A 6B 8A 1F C0 00 5A 08 B2 00 2D 03 A1 FC CF 65 05 03 01 7C C0 78 D8 0C 3A 9B 00 08 14 15 17 AA AA 
Time:	12:42:48,981
Send:	220001
Receive: 62 00 01 02 8D 00 88 20 A4 0C 2C 01 BD 01 23 06 38 03 95 01 50 80 AE 4C B3 75 5D 41 F3 15 90 1F 00 E6 04 90 5A 6F 13 1F C0 00 5A 08 B6 00 2D 03 A3 FC CE 65 05 03 01 7C C0 78 D8 0C 3A 9B 00 08 33 15 22 AA AA 
Time:	12:42:49,365
Send:	220001
Receive: 62 00 01 02 8D 00 89 20 66 0C 2C 01 B0 01 1E 05 D1 03 98 01 48 80 B8 4C BD 71 5D 41 F3 15 8F E2 00 E6 04 90 5A 6B 8A 1F C0 00 5A 08 BF 00 2D 03 A6 FC CB 65 05 03 01 7C C0 78 D8 0C 3A 9B 00 08 3B 15 26 AA AA 
Time:	12:42:49,743
Send:	220001
Receive: 62 00 01 02 8D 00 89 21 3A 0C 2C 01 A2 01 1E 05 D1 03 84 01 44 80 89 4C AE 6D 5D 41 F3 15 8F D3 00 E6 04 90 5A 6C 6B 1F C0 00 5A 08 B5 00 2D 03 A2 FC CE 65 05 03 01 7C C0 78 D8 0C 3A 9B 00 08 0D 14 C3 AA AA 
Time:	12:42:50,159
Send:	220001
Receive: 62 00 01 02 8D 00 89 21 B8 0D 2C 01 A8 01 1E 05 D1 03 77 01 47 80 32 4C 7A 73 1D 41 F3 15 8F DD 00 E6 04 1C 5A 6E 32 1F C0 00 5A 08 AB 00 2D 03 9E FC D2 65 05 03 01 7C C0 78 D8 0C 3A 9B 00 07 F6 14 A2 AA AA 
Time:	12:42:50,552
Send:	220001
Receive: NO DATA
Time:	12:42:50,857
Send:	220001
Receive: NO DATA
Time:	12:42:51,128
Send:	220001
Receive: NO DATA
Time:	12:42:51,425
Send:	220001
Receive: NO DATA
Time:	12:42:51,716
Send:	220001
Receive: NO DATA
Time:	12:42:51,997
Send:	220001
Receive: NO DATA
Time:	12:42:52,313
Send:	220001
Receive: NO DATA
Time:	12:42:52,609
Send:	220001
Receive: 62 00 01 02 8D 00 89 23 02 0D 26 01 8B 01 1E 00 66 03 4A 01 44 80 2B 4C 6C 71 1D 41 F3 15 8F FB 00 E6 04 6E 5A 6C 6B 1F C0 00 5A 08 99 00 2D 03 97 FA 73 65 05 03 01 7D C8 78 D8 0C 3A 9B 00 07 99 14 05 AA AA 
Time:	12:42:53,010
Send:	220001
Receive: 62 00 01 02 8D 00 89 22 04 0D 1B 01 75 00 F6 00 00 03 1A 01 25 80 AE 4C AA 6F 5D 41 F3 15 8F 28 00 E6 03 EE 5A 60 09 1F C0 00 5A 08 AA 00 2D 03 9D FA 78 65 05 03 01 7D C8 78 D8 0C 3A 9B 00 06 C1 11 FC AA AA 
Time:	12:42:53,400
Send:	220001
Receive: 62 00 01 02 8D 00 89 22 06 0D 2F 01 3D 00 D8 00 00 02 A7 00 FD 80 B5 4C BA 6B BD 41 F3 15 8E D3 00 E6 03 EE 5A 58 F7 1F C0 00 5A 08 A7 00 2D 03 9C FA 77 65 05 03 01 7D C8 78 D8 0C 3A 9B 00 06 0B 10 4D AA AA 
Time:	12:42:53,804
Send:	220001
Receive: 62 00 01 02 8D 00 89 20 8C 0C 20 01 2E 00 C9 00 00 02 88 00 E6 80 BB 4C C3 68 5D 41 F3 15 8E 1C 00 E6 03 EE 5A 4F 38 1F C0 00 5A 08 BC 00 2D 03 A5 FA 90 65 05 03 01 7D C8 78 D8 0C 3A 9B 00 05 BD 0F 9C AA AA 
Time:	12:42:54,182
Send:	220001
Receive: 62 00 01 02 8D 00 89 1F 4A 0C 30 01 05 00 A9 01 3D 02 3D 00 C3 80 A6 4C B6 65 3D 41 F3 15 8E 66 00 E6 02 BC 5A 46 5F 1F C0 00 5A 08 CF 00 2D 03 AD FA D9 65 05 03 01 7D C8 78 D8 0C 3A 9B 00 05 05 0E A7 AA AA 
Time:	12:42:54,580
Send:	220001
Receive: 62 00 01 02 8D 00 89 1D 5C 0B 31 00 DE 00 9C 06 38 01 D2 00 92 80 21 4C 28 69 7D 41 F3 15 8E DD 00 E6 02 BC 5A 3D 86 1F C0 00 5A 08 EC 00 2D 03 B9 FC BA 65 05 03 01 7C C8 78 D8 0C 3A 9B 00 04 0C 0E 54 AA AA 
Time:	12:42:55,027
Send:	220001
Receive: 62 00 01 02 8D 00 89 1A C6 0A 12 01 41 00 D3 09 8F 02 69 00 AF 80 1C 4C 24 6C 9D 41 F3 15 8C 91 00 E6 01 FF 5A 4C 95 1F C0 00 5A 09 10 00 2D 03 C8 FC AD 65 05 03 01 7C C8 78 D8 0C 3A 9B 00 05 92 12 29 AA AA 
Time:	12:42:55,440
Send:	220001
Receive: 62 00 01 02 8D 00 8A 19 DC 09 2B 01 C6 01 16 0B A3 03 6D 00 F7 80 1E 4C 25 6F 3D 41 F3 15 8B F7 00 E6 01 FF 5A 59 D8 1F C0 00 5A 09 1B 00 2D 03 CD FC A9 65 05 03 01 7C C0 78 D8 0C 3A 9B 00 07 EB 17 38 AA AA 
Time:	12:42:55,821
Send:	220001
Receive: 62 00 01 02 8D 00 8A 1A 16 09 28 02 3E 01 4B 0A CC 04 3D 01 2F 80 20 4C 29 71 BD 41 F3 15 8B C7 00 E6 01 FF 5B 64 78 1F C0 00 5A 09 17 00 2D 03 CB FC AA 65 05 03 01 7C C0 78 D8 0C 3A 9B 00 0A 57 1C 98 AA AA 
Time:	12:42:56,283
Send:	220001
Receive: 62 00 01 02 8D 00 8A 1B 14 0A 28 02 2C 01 4B 09 8F 04 66 01 50 80 20 4C 2A 76 7D 41 F3 15 8D 18 00 E6 04 FA 5B 6C 6B 1F C0 00 5A 09 07 00 2D 03 C5 FC B0 65 05 03 01 7C C0 78 D8 0C 3A 9B 00 09 E8 1C 34 AA AA 
Time:	12:42:56,674
Send:	220001
Receive: 62 00 01 02 8D 00 8A 1C 1A 0B 2B 01 C7 01 28 03 85 03 AD 01 1E 80 20 4C 28 7A 3D 41 F3 15 8D 7A 00 E6 04 FA 5B 60 09 1F C0 00 5A 08 FB 00 2D 03 BF FC B5 65 05 03 01 7C C0 78 D8 0C 3A 9B 00 08 46 18 9A AA AA 
Time:	12:42:57,079
Send:	220001
Receive: 62 00 01 02 8D 00 8A 1C D6 0B 18 01 C8 01 21 01 A8 03 84 01 1F 80 20 4C 27 7D DD 41 F3 15 8E 7F 00 E6 03 FF 5B 5E 47 1F C0 00 5A 08 ED 00 2D 03 B9 FB 48 65 05 03 01 7D C8 78 D8 0C 3A 9B 00 07 EB 16 F1 AA AA 
Time:	12:42:57,470
Send:	220001
Receive: 62 00 01 02 8C 00 8A 1C 40 0B 2D 01 90 00 F6 00 00 03 0C 00 F3 80 21 4C 28 81 1D 41 F3 15 8C 7D 00 E6 03 FF 5B 55 6E 1F C0 00 5A 08 F6 00 2D 03 BD FB 70 65 05 03 01 7D C8 78 D8 0C 3A 9B 00 06 E9 15 0F AA AA 
Time:	12:42:57,871
Send:	220001
Receive: 62 00 01 02 8C 00 8A 1C 4C 0B 2E 01 5B 00 DB 00 9E 02 95 00 CB 80 22 4C 29 83 FD 41 F3 15 8B F7 00 E6 03 FF 5B 4F 38 1F C0 00 5A 08 F8 00 2D 03 BE FB 77 65 05 03 01 7D C8 78 D8 0C 3A 9B 00 05 CB 13 00 AA AA 
Time:	12:42:58,269
Send:	220001
Receive: 62 00 01 02 8C 00 8A 1B 6A 0A 21 01 5D 00 D3 0A 61 02 6E 00 BC 80 22 4C 2A 86 BD 41 F3 15 8C B7 00 E6 02 CB 5A 4C 95 1F C0 00 5A 09 02 00 2D 03 C2 FC B2 65 05 03 01 7C C8 78 D8 0C 3A 9B 00 05 80 12 3B AA AA 
Time:	12:42:58,653
Send:	220001
Receive: 62 00 01 02 8D 00 8A 1B 22 0A 2C 01 D9 01 23 0B A3 03 2A 00 F5 80 22 4C 29 89 7D 41 F3 15 8C 7D 00 E6 02 CB 5A 5C 80 1F C0 00 5A 09 04 00 2D 03 C3 FC B1 65 05 03 01 7C C0 78 D8 0C 3A 9B 00 07 60 16 74 AA AA 
Time:	12:42:59,049
Send:	220001
Receive: 62 00 01 02 8D 00 8A 1B 46 0A 29 02 75 01 52 0B A3 04 1A 01 3E 80 29 4C 2D 8C FD 41 F3 15 8D 61 00 E6 04 CC 5A 6B 8A 1F C0 00 5A 09 06 00 2D 03 C4 FC B0 65 05 03 01 7C C0 78 D8 0C 3A 9B 00 09 65 1B 12 AA AA 
Time:	12:42:59,452
Send:	220001
Receive: 62 00 01 02 8D 00 8A 1C EA 0B 29 02 66 01 64 0B 38 04 52 01 5E 80 B6 4C B7 86 FD 41 F3 15 8E 5C 00 E6 04 CC 5A 73 82 1F C0 00 5A 08 EE 00 2D 03 BA FC B9 65 05 03 01 7C C0 78 D8 0C 3A 9B 00 09 EE 1B B5 AA AA 
Time:	12:42:59,840
Send:	220001
Receive: NO DATA
Time:	12:43:00,118
Send:	220001
Receive: NO DATA
Time:	12:43:00,430
Send:	220001
Receive: NO DATA
Time:	12:43:00,711
Send:	220001
Receive: NO DATA
Time:	12:43:01,003
Send:	220001
Receive: NO DATA
Time:	12:43:01,281
Send:	220001
Receive: NO DATA
Time:	12:43:01,564
Send:	220001
Receive: NO DATA
Time:	12:43:01,857
Send:	220001
Receive: 62 00 01 02 8D 00 8B 22 CC 0D 1A 01 72 01 03 00 D1 03 34 01 37 80 52 4C A6 6C 5D 41 F3 15 8F B5 00 E6 05 69 5A 65 59 1F C0 00 5A 08 9D 00 2D 03 98 FA 75 65 05 03 01 7D C8 78 D8 0C 3A 9B 00 07 33 13 2D AA AA 
Time:	12:43:02,248
Send:	220001
Receive: 62 00 01 02 8D 00 8B 22 8A 0D 2E 01 40 00 DD 04 5C 02 AE 01 05 80 A5 4C 8E 6E 9D 41 F3 15 8F 3C 00 E6 03 EE 5A 5D 61 1F C0 00 5A 08 9E 00 2D 03 99 FC D7 65 05 03 01 7C C8 78 D8 0C 3A 9B 00 06 21 10 AA AA AA 
Time:	12:43:02,651
Send:	220001
Receive: 62 00 01 02 8D 00 8B 21 3C 0D 1F 01 40 00 D1 06 70 02 9D 00 F2 80 BD 4C BC 6B 1D 41 F3 15 8E 43 00 E6 03 EE 5A 55 6E 1F C0 00 5A 08 B3 00 2D 03 A1 FC CF 65 05 03 01 7C C8 78 D8 0C 3A 9B 00 05 E7 0F EF AA AA 
Time:	12:43:03,050
Send:	220001
Receive: 62 00 01 02 8D 00 8B 20 F2 0C 2E 01 76 01 21 07 7A 03 1B 01 1E 80 B2 4C BF 67 9D 41 F3 15 8E CE 00 E6 02 BC 5A 6B 8A 1F C0 00 5A 08 B5 00 2D 03 A2 FC CF 65 05 03 01 7C C0 78 D8 0C 3A 9B 00 07 45 13 28 AA AA 
Time:	12:43:03,459
Send:	220001
Receive: 62 00 01 02 8D 00 8B 20 D0 0C 22 01 C1 01 2D 00 00 03 C2 01 55 80 25 4C 2C 6B FD 41 F3 15 90 42 00 E6 02 BC 5A 6F 13 1F C0 00 5A 08 B8 00 2D 03 A3 FA 86 65 05 03 01 7D C8 78 D8 0C 3A 9B 00 08 94 15 FE AA AA 
Time:	12:43:03,895
Send:	220001
Receive: 62 00 01 02 8D 00 8B 20 54 0C 18 01 A9 01 16 00 00 03 8C 01 43 80 27 4C 30 6F FD 41 F3 15 8F BF 00 E6 02 BC 5A 67 20 1F C0 00 5A 08 BC 00 2D 03 A5 FA 95 65 05 03 01 7D C8 78 D8 0C 3A 9B 00 07 F9 14 BA AA AA 
Time:	12:43:04,293
Send:	220001
Receive: 62 00 01 02 8D 00 8B 20 6C 0C 1D 01 7B 00 F6 00 00 03 21 01 1E 80 2A 4C 32 73 BD 41 F3 15 8E B0 00 E6 04 1C 5A 60 09 1F C0 00 5A 08 BB 00 2D 03 A5 FA 91 65 05 03 01 7D C8 78 D8 0C 3A 9B 00 07 0E 12 C6 AA AA 
Time:	12:43:04,693
Send:	220001
Receive: 62 00 01 02 8D 00 8B 1F 74 0C 2E 01 47 00 D8 02 7A 02 BE 00 F1 80 A5 4C A2 71 9D 41 F3 15 8C B7 00 E6 04 1C 5A 55 6E 1F C0 00 5A 08 CA 00 2D 03 AB FA C8 65 05 03 01 7D C8 78 D8 0C 3A 9B 00 06 1F 10 F5 AA AA 
Time:	12:43:05,074
Send:	220001
Receive: 62 00 01 02 8D 00 8B 1E DE 0C 2E 01 47 00 CE 05 D1 02 94 00 E1 80 25 4C 31 75 5D 41 F3 15 8D 27 00 E6 02 8F 5A 50 1E 1F C0 00 5A 08 CF 00 2D 03 AD FC C5 65 05 03 01 7C C8 78 D8 0C 3A 9B 00 05 EB 10 55 AA AA 
Time:	12:43:05,503
Send:	220001
Receive: 62 00 01 02 8D 00 8B 1E A2 0B 2D 01 81 01 1E 06 A3 02 F0 00 FB 80 2D 4C 81 78 7D 41 F3 15 8C F6 00 E6 02 8F 5A 61 D0 1F C0 00 5A 08 D6 00 2D 03 B0 FC C2 65 05 03 01 7C C0 78 D8 0C 3A 9B 00 07 39 14 04 AA AA 
Time:	12:43:05,899
Send:	220001
Receive: 62 00 01 02 8D 00 8B 1E D0 0B 2B 01 ED 01 32 04 8F 03 B8 01 42 80 28 4C 2F 7C 1D 41 F3 15 8F 78 00 E6 02 8F 5A 69 C3 1F C0 00 5A 08 D1 00 2D 03 AE FC C4 65 05 03 01 7C C0 78 D8 0C 3A 9B 00 08 9C 16 B2 AA AA 
Time:	12:43:06,293
Send:	220001
Receive: 62 00 01 02 8D 00 8B 1F 0C 0C 15 01 C6 01 19 00 00 03 9E 01 3D 80 AB 4C A9 78 3D 41 F3 15 8F 78 00 E6 04 B1 5A 63 92 1F C0 00 5A 08 CE 00 2D 03 AD FA D5 65 05 03 01 7D C8 78 D8 0C 3A 9B 00 08 2E 15 72 AA AA 
Time:	12:43:06,689
Send:	220001
Receive: 62 00 01 02 8D 00 8B 1F 5A 0C 1B 01 97 00 F6 00 00 03 30 01 19 80 7D 4C 5F 7C FD 41 F3 15 8E 70 00 E6 04 B1 5A 5C 80 1F C0 00 5A 08 CB 00 2D 03 AB FA C7 65 05 03 01 7D C8 78 D8 0C 3A 9B 00 07 20 13 35 AA AA 
Time:	12:43:07,093
Send:	220001
Receive: 62 00 01 02 8D 00 8B 1E E6 0C 2E 01 4B 00 D8 00 00 02 B4 00 E9 80 A8 4C AD 76 9D 41 F3 15 8C 6A 00 E6 03 69 5A 54 88 1F C0 00 5A 08 D2 00 2D 03 AE FA E4 65 05 03 01 7D C8 78 D8 0C 3A 9B 00 06 17 11 40 AA AA 
Time:	12:43:07,483
Send:	220001
Receive: 62 00 01 02 8C 00 8B 1D FE 0B 2F 01 3B 00 D1 00 00 02 6C 00 CB 80 26 4C 2F 7A DD 41 F3 15 8D 18 00 E6 03 69 5A 4C 95 1F C0 00 5A 08 E0 00 2D 03 B4 FB 16 65 05 03 01 7D C8 78 D8 0C 3A 9B 00 05 62 10 AD AA AA 
Time:	12:43:07,882
Send:	220001
Receive: 62 00 01 02 8C 00 8B 1C 3A 0B 30 01 26 00 C4 00 00 02 17 00 9F 80 20 4C 2B 7D 9D 41 F3 15 8E 84 00 E6 03 69 5A 42 D6 1F C0 00 5A 09 00 00 2D 03 C1 FB 93 65 05 03 07 7D E8 78 D8 0C 3A 9B 00 05 17 11 20 AA AA 
Time:	12:43:08,280
Send:	220001
Receive: NO DATA
Time:	12:43:08,570
Send:	220001
Receive: NO DATA
Time:	12:43:08,847
Send:	220001
Receive: NO DATA
Time:	12:43:09,131
Send:	220001
Receive: NO DATA
Time:	12:43:09,422
Send:	220001
Receive: NO DATA
Time:	12:43:09,706
Send:	220001
Receive: NO DATA
Time:	12:43:10,014
Send:	220001
Receive: NO DATA
Time:	12:43:10,310
Send:	220001
Receive: 62 00 01 02 8D 00 8C 10 D6 06 12 02 55 00 D3 0B 6B 04 8B 00 D0 7B C5 4C CB 75 5D 41 F3 15 83 92 00 E6 04 56 5B 19 41 1F C0 00 5A 09 27 00 2D 04 38 FE F4 65 05 03 05 7C C0 78 D8 0C 3A 9B 00 0A 92 1F ED AA AA 
Time:	12:43:10,703
Send:	220001

Fixed toLineMF: 03E 62 00 01 02 8D 00 8C 11 9A 06 15 02 12 00 D6 09 8F 04 5C 00 DD 7D BB 4C C5 72 7D 41 F3 15 84 55 00 E6 04 56 5B 1B 08 1F C0 00 5A 09 27 00 2D 04 38 FE 8E 65 05 03 05 00 09 E1 1E 75 AA AA 
Receive: 62 00 01 02 8D 00 8C 11 9A 06 15 02 12 00 D6 09 8F 04 5C 00 DD 7D BB 4C C5 72 7D 41 F3 15 84 55 00 E6 04 56 5B 1B 08 1F C0 00 5A 09 27 00 2D 04 38 FE 8E 65 05 03 05 00 09 E1 1E 75 AA AA 

Fixed toLineMF: 03E 62 00 01 02 8D 00 8C 11 9A 06 15 02 12 00 D6 09 8F 04 5C 00 DD 7D BB 4C C5 72 7D 41 F3 15 84 55 00 E6 04 56 5B 1B 08 1F C0 00 5A 09 27 00 2D 04 38 FE 8E 65 05 03 05 00 09 E1 1E 75 AA AA 
Time:	12:43:11,106
Send:	220001
Receive: 62 00 01 02 8D 00 8C 11 46 07 0F 02 1B 00 D6 08 19 04 61 00 D6 7F 25 4C 5B 70 7D 41 F3 15 84 11 00 E6 03 14 5B 1C CA 1F C0 00 5A 09 26 00 2D 04 38 FE BB 65 05 03 05 7C C0 78 D8 0C 3A 9B 00 09 C3 1E 3F AA AA 
Time:	12:43:11,494
Send:	220001
Receive: 62 00 01 02 8C 00 8C 12 4E 07 16 01 FA 00 D8 06 A3 04 0A 00 C8 80 23 4C 2B 76 7D 41 F3 15 83 A3 00 E6 03 14 5B 1E 91 1F C0 00 5A 09 26 00 2D 04 38 FE 88 65 05 03 05 7C C0 78 D8 0C 3A 9B 00 09 61 1D 5E AA AA 
Time:	12:43:11,914
Send:	220001
Receive: 62 00 01 02 8C 00 8C 12 62 07 11 01 FC 00 D8 07 0F 04 17 00 DA 80 23 4C 28 79 1D 41 F3 15 84 D2 00 E6 03 14 5B 20 58 1F C0 00 5A 09 26 00 2D 04 38 FE 60 65 05 03 05 7C C0 78 D8 0C 3A 9B 00 09 4F 1C F0 AA AA 
Time:	12:43:12,313
Send:	220001
Receive: 62 00 01 02 8D 00 8C 12 4E 07 15 02 0F 00 E2 07 0F 04 0A 00 CD 80 23 4C 29 7B DD 41 F3 15 84 2F 00 E6 03 33 5B 22 1A 1F C0 00 5A 09 26 00 2D 04 37 FE 8E 65 05 03 05 7C C0 78 D8 0C 3A 9B 00 09 54 1D 5F AA AA 
Time:	12:43:12,702
Send:	220001
Receive: 62 00 01 02 8D 00 8C 13 06 07 0D 02 4D 00 F9 07 E1 04 64 00 E9 80 24 4C 29 7E BD 41 F3 15 84 F4 00 E6 03 33 5B 24 C2 1F C0 00 5A 09 25 00 2D 04 37 FE 4D 65 05 03 05 7C C0 78 D8 0C 3A 9B 00 0A 1F 1E EA AA AA 
Time:	12:43:13,082
Send:	220001
Receive: 62 00 01 02 8D 00 8C 13 CE 07 0B 02 7D 01 03 09 23 04 B3 01 0A 80 40 4C 35 81 BD 41 F3 15 85 DF 00 E6 03 FF 5B 27 6A 1F C0 00 5A 09 25 00 2D 04 37 FE 0A 65 05 03 05 7C C0 78 D8 0C 3A 9B 00 0A A7 1F 12 AA AA 
Time:	12:43:13,474
Send:	220001
Receive: 62 00 01 02 8C 00 8C 14 44 07 0A 02 6F 00 FD 09 23 04 BF 01 16 80 B6 4C B7 7C 5D 41 F3 15 86 BB 00 E6 03 FF 5A 2A 12 1F C0 00 5A 09 25 00 2D 04 37 FD E5 65 05 03 05 7C C0 78 D8 0C 3A 9B 00 0A B8 1E 64 AA AA 
Time:	12:43:13,861
Send:	220001
Receive: 62 00 01 02 8C 00 8C 14 BE 08 0E 02 37 01 00 0A CC 04 80 01 09 80 77 4C B2 79 1D 41 F3 15 86 F0 00 E6 03 FF 5A 2C BA 1F C0 00 5A 09 25 00 2D 04 37 FD C5 65 05 03 05 7C C0 78 D8 0C 3A 9B 00 0A 53 1D 50 AA AA 
Time:	12:43:14,252
Send:	220001
Receive: 62 00 01 02 8D 00 8C 15 84 08 0F 02 70 01 16 0A CC 04 A8 01 19 80 7C 4C 30 7E 5D 41 F3 15 87 A8 00 E6 04 11 5A 2F 62 1F C0 00 5A 09 25 00 2D 04 37 FD 7C 65 05 03 05 7C C0 78 D8 0C 3A 9B 00 0A B1 1D A7 AA AA 
Time:	12:43:14,639
Send:	220001
Receive: 62 00 01 02 8D 00 8C 16 B0 08 10 02 4D 01 1E 0A CC 04 8F 01 23 80 B2 4C B2 78 9D 41 F3 15 89 53 00 E6 04 11 5A 32 0A 1F C0 00 5A 09 24 00 2D 04 37 FC F3 65 05 03 05 7C C0 78 D8 0C 3A 9B 00 0A 65 1C CB AA AA 
Time:	12:43:15,039
Send:	220001
Receive: 62 00 01 02 8D 00 8D 17 90 09 11 02 44 01 25 0D 4C 04 76 01 29 80 28 4C 35 7B 5D 41 F3 15 8A 6E 00 E6 04 5F 5A 35 93 1F C0 00 5A 09 24 00 2D 04 37 FC A6 65 05 03 05 7C C0 78 D8 0C 3A 9B 00 0A 33 1C 54 AA AA 
Time:	12:43:15,430
Send:	220001
Receive: 62 00 01 02 8D 00 8D 18 B0 09 0C 02 D3 01 61 14 5C 05 30 01 66 80 A9 4C 8F 7A 1D 41 F3 15 8B 2F 00 E6 04 5F 5A 38 3B 1F C0 00 5A 09 24 00 2D 04 37 FC A6 65 05 03 01 7C C0 78 D8 0C 3A 9B 00 0B E0 20 14 AA AA 
Time:	12:43:15,839
Send:	220001
Receive: 62 00 01 02 8D 00 8D 19 CA 09 10 02 9E 01 6B 17 47 05 2F 01 7C 80 BB 4C BB 76 1D 41 F3 15 8C 3F 00 E6 04 5F 5A 3B C4 1F C0 00 5A 09 14 00 2D 04 2F FC AB 65 05 03 01 7C C0 78 D8 0C 3A 9B 00 0B DF 20 8A AA AA 
Time:	12:43:16,335
Send:	220001
Receive: 62 00 01 02 8D 00 8D 1B D8 0A 28 02 76 01 8C 17 47 04 D9 01 84 80 24 4C 2B 7A BD 41 F3 15 8E 03 00 E6 06 05 5A 3F 4D 1F C0 00 5A 08 F6 00 2D 04 21 FC B7 65 05 03 01 7C C0 78 D8 0C 3A 9B 00 0B 13 1F 0D AA AA 
Time:	12:43:16,729
Send:	220001
Receive: 62 00 01 02 8D 00 8D 1C C0 0B 16 02 B2 01 9B 17 AD 05 08 01 9D 80 22 4C 27 7D FD 41 F3 15 8E 93 00 E6 06 05 5A 41 F5 1F C0 00 5A 08 EA 00 2D 04 1C FC BB 65 05 03 01 7C C0 78 D8 0C 3A 9B 00 0B BE 1E D8 AA AA 
Time:	12:43:17,122
Send:	220001

Fixed toLineMF: 03E 62 00 01 02 8D 00 8D 1F 52 0C 27 02 DD 01 A2 18 51 05 4F 01 D7 80 BD 4C B4 7B 5D 41 F3 15 90 6B 00 E6 07 40 5A 44 9D 1F C0 0D FC C7 65 05 03 01 7C C0 78 D8 0C 3A 9B 00 0C 49 1E A4 AA AA 
Receive: 62 00 01 02 8D 00 8D 1F 52 0C 27 02 DD 01 A2 18 51 05 4F 01 D7 80 BD 4C B4 7B 5D 41 F3 15 90 6B 00 E6 07 40 5A 44 9D 1F C0 0D FC C7 65 05 03 01 7C C0 78 D8 0C 3A 9B 00 0C 49 1E A4 AA AA 

Fixed toLineMF: 03E 62 00 01 02 8D 00 8D 1F 52 0C 27 02 DD 01 A2 18 51 05 4F 01 D7 80 BD 4C B4 7B 5D 41 F3 15 90 6B 00 E6 07 40 5A 44 9D 1F C0 0D FC C7 65 05 03 01 7C C0 78 D8 0C 3A 9B 00 0C 49 1E A4 AA AA 
Time:	12:43:17,509
Send:	220001
Receive: 62 00 01 02 8D 00 8D 22 2E 0D 14 01 F2 00 9A 00 00 04 63 01 C8 80 C6 4C C8 74 BD 41 F3 15 92 99 00 E6 07 40 5A 48 26 1F C0 00 5A 08 A2 00 2D 03 FB FA 77 65 05 03 05 7D C8 78 D8 0C 3A 9B 00 0B 0F 1B 2B AA AA 
Time:	12:43:17,936
Send:	220001
Receive: 62 00 01 02 8D 00 8D 1D 38 0D 31 00 C5 00 88 00 00 01 DC 00 91 80 22 4C 96 71 DD 41 F3 15 8E C4 00 E6 01 99 5A 41 F5 1F C0 00 5A 08 F0 00 2D 04 1F FB 61 65 05 03 05 7D C8 78 D8 0C 3A 9B 00 04 42 0F 49 AA AA 
Time:	12:43:18,322
Send:	220001
Receive: 62 00 01 02 8D 00 8D 17 64 0D 2E 01 14 00 8D 0B D6 02 31 00 89 80 1F 4C 24 76 7D 41 F3 15 8C 6F 00 E6 01 99 5A 3C A5 1F C0 00 5A 09 23 00 2D 04 36 FC E9 65 05 03 05 7C C8 78 D8 0C 3A 9B 00 05 29 10 F9 AA AA 
Time:	12:43:18,729
Send:	220001
Receive: 62 00 01 02 8D 00 8D 15 5C 0D 1E 02 98 01 2B 14 5C 04 AC 01 12 80 23 4C 26 78 5D 41 F3 15 86 C8 00 E6 01 99 5A 60 09 1F C0 00 5A 09 23 00 2D 04 36 FD B5 65 05 03 05 7C C8 78 D8 0C 3A 9B 00 0B 01 1F 20 AA AA 
Time:	12:43:19,134
Send:	220001
Receive: 62 00 01 02 8D 00 8D 13 D8 0D 25 02 8A 01 14 17 47 05 0C 01 18 80 93 4C 8C 76 9D 41 F3 15 85 CD 00 E6 04 73 5A 5E 47 1F C0 00 5A 09 23 00 2D 04 36 FE 33 65 05 03 05 7C C0 78 D8 0C 3A 9B 00 0C 2A 22 A0 AA AA 
Time:	12:43:19,522
Send:	220001
Receive: 62 00 01 02 8D 00 8D 14 96 0E 23 02 E4 01 2F 1B 05 05 9E 01 4D 80 29 4C 2E 7B 1D 41 F3 15 87 64 00 E6 04 73 5A 6B 8A 1F C0 00 5A 09 23 00 2D 04 36 FD C2 65 05 03 05 7C C2 78 D8 0C 3A 9B 00 0B BC 20 E9 AA AA 
Time:	12:43:19,923
Send:	220001

Fixed toLineMF: 030 62 00 01 02 89 00 8D 13 74 0E 29 02 3E 01 8C 1D EB 04 8F 00 41 F3 15 85 90 00 E6 00 5A 09 23 00 2D 04 36 00 00 65 05 03 05 7C C8 78 D8 0C 3A 9B 
Receive: 62 00 01 02 89 00 8D 13 74 0E 29 02 3E 01 8C 1D EB 04 8F 00 41 F3 15 85 90 00 E6 00 5A 09 23 00 2D 04 36 00 00 65 05 03 05 7C C8 78 D8 0C 3A 9B 

Fixed toLineMF: 030 62 00 01 02 89 00 8D 13 74 0E 29 02 3E 01 8C 1D EB 04 8F 00 41 F3 15 85 90 00 E6 00 5A 09 23 00 2D 04 36 00 00 65 05 03 05 7C C8 78 D8 0C 3A 9B 
Time:	12:43:20,301
Send:	220001

Fixed toLineMF: 037 62 00 01 02 8C 00 8D 16 8A 0F 22 03 41 01 73 1F FF 06 16 01 41 F3 15 88 E5 00 E6 03 E3 5A 7C 5B 1F C0 36 00 00 65 05 03 05 7C C2 78 D8 0C 3A 9B 00 0D F4 26 22 AA AA 
Receive: 62 00 01 02 8C 00 8D 16 8A 0F 22 03 41 01 73 1F FF 06 16 01 41 F3 15 88 E5 00 E6 03 E3 5A 7C 5B 1F C0 36 00 00 65 05 03 05 7C C2 78 D8 0C 3A 9B 00 0D F4 26 22 AA AA 

Fixed toLineMF: 037 62 00 01 02 8C 00 8D 16 8A 0F 22 03 41 01 73 1F FF 06 16 01 41 F3 15 88 E5 00 E6 03 E3 5A 7C 5B 1F C0 36 00 00 65 05 03 05 7C C2 78 D8 0C 3A 9B 00 0D F4 26 22 AA AA 
Time:	12:43:20,700
Send:	220001
Receive: 62 00 01 02 8C 00 8D 16 72 10 22 03 2F 01 95 25 33 06 41 01 92 80 36 4C A9 77 7D 41 F3 15 89 FA 00 E6 03 E3 5A 86 15 1F C0 00 5A 09 23 00 2D 04 36 FD 16 65 05 03 05 7C C2 78 D8 0C 3A 9B 00 0E 59 26 09 AA AA 
Time:	12:43:21,089
Send:	220001
Receive: 62 00 01 02 8C 00 8D 18 66 11 1D 04 75 02 4E 33 23 08 0D 02 2B 80 2A 4C 30 7E DD 41 F3 15 8E 89 00 E6 07 11 5A D8 5E 1F C0 00 5A 09 23 00 2D 04 36 00 00 65 05 03 01 7C C2 78 D8 0C 3A 9B 00 12 D7 2F 4A AA AA 
Time:	12:43:21,491
Send:	220001
Receive: 62 00 01 02 8D 00 8E 1A 32 12 1C 04 14 02 3D 32 B8 08 1F 02 5B 80 28 4C 82 7D BD 41 F3 15 8E C9 00 E6 07 11 5A FA 00 1F C0 00 5A 09 10 00 2D 04 2D 00 00 65 05 03 01 7C C2 78 D8 0C 3A 9B 00 12 37 2F 1C AA AA 
Time:	12:43:21,892
Send:	220001
Receive: 62 00 01 02 8D 00 8E 1C 50 13 1E 04 01 02 64 32 B8 07 C1 02 72 80 21 4C 27 82 FD 41 F3 15 8E BA 00 E6 07 11 5A FA 00 1F C0 00 5A 08 F0 00 2D 04 1F FC B9 65 05 03 01 7C C2 78 D8 0C 3A 9B 00 11 CA 2E 05 AA AA 
Time:	12:43:22,303
Send:	220001
Receive: 62 00 01 02 8D 00 8E 1E 0E 15 1E 04 53 02 73 33 C2 08 08 02 AE 80 25 4C 2A 88 9D 41 F3 15 8F 91 00 E6 09 FF 5A FA 00 1F C0 00 5A 08 D9 00 2D 04 14 FC C1 65 05 03 01 7C C2 78 D8 0C 3A 9B 00 12 E7 2D 2F AA AA 
Time:	12:43:22,692
Send:	220001
Receive: 62 00 01 02 8D 00 8E 20 6C 16 1E 04 4F 02 67 31 0F 08 50 02 FE 80 BA 4C B6 83 FD 41 F3 15 91 3D 00 E6 09 FF 5A FA 00 1F C0 00 5A 08 B5 00 2D 04 03 FC CE 65 05 03 01 7C C2 78 D8 0C 3A 9B 00 12 BF 2B A4 AA AA 
Time:	12:43:23,100
Send:	220001
Receive: 62 00 01 02 8D 00 8E 22 46 18 21 03 AE 02 2B 2C 7A 07 8E 02 E0 80 C3 4C C7 7D DD 41 F3 15 92 F3 00 E6 0C 4D 5A EE 7F 1F C0 00 5A 08 9E 00 2D 03 F9 FC D7 65 05 03 01 7C C2 78 D8 0C 3A 9B 00 10 FC 27 CD AA AA 
Time:	12:43:23,513
Send:	220001
Receive: 62 00 01 02 8D 00 8E 23 E6 19 24 03 51 02 21 2A 66 07 15 02 CD 80 BF 4C C5 77 9D 41 F3 15 93 F2 00 E6 0C 4D 59 E4 C0 1F C0 00 5A 08 8A 00 2D 03 EF FC DE 65 05 03 01 7C C2 78 D8 0C 3A 9B 00 0F A9 25 90 AA AA 
Time:	12:43:23,910
Send:	220001
Receive: 62 00 01 02 8D 00 8E 25 6A 1A 25 03 1C 02 3D 2A D1 06 B5 02 C5 80 27 4C 82 75 BD 41 F3 15 94 B8 00 E6 0C 4D 59 F0 41 1F C0 00 5A 08 75 00 2D 03 E6 FC E6 65 05 03 01 7C C2 78 D8 0C 3A 9B 00 0F 5D 25 80 AA AA 
Time:	12:43:24,316
Send:	220001
Receive: 62 00 01 02 8D 00 8E 26 A6 1B 27 02 D8 02 12 23 F5 05 F5 02 8C 80 24 4C 2C 7C 3D 41 F3 15 95 04 00 E6 0A 22 59 D6 97 1F C0 00 5A 08 65 00 2D 03 DE FC EC 65 05 03 01 7C C2 78 D8 0C 3A 9B 00 0D 1B 21 C1 AA AA 
Time:	12:43:24,722
Send:	220001
Receive: 62 00 01 02 8D 00 8E 27 F0 1B 24 03 DD 02 E6 30 04 07 3A 03 34 80 23 4C 2B 82 7D 41 F3 15 95 35 00 E6 0A 22 59 FA 00 1F C0 00 5A 08 53 00 2D 03 D6 FC F2 65 05 03 01 7C C2 78 D8 0C 3A 9B 00 11 29 2B 3B AA AA 
Time:	12:43:25,111
Send:	220001
Receive: 62 00 01 02 8D 00 8E 29 5E 1D 1D 03 2A 02 2B 00 00 06 25 02 E0 80 25 4C 30 89 BD 41 F3 15 96 31 00 E6 0E 8A 59 E8 49 1F C0 00 5A 08 43 00 2D 03 CF FA 5B 65 05 03 01 7D CA 78 D8 0C 3A 9B 00 0C A1 21 E3 AA AA 
Time:	12:43:25,493
Send:	220001
Receive: 62 00 01 02 8D 00 8E 29 D2 1D 2E 01 EC 01 AC 00 00 03 AA 01 B4 80 22 4C 2B 8F 7D 41 F3 15 94 FF 00 E6 0E 8A 59 96 05 1F C0 00 5A 08 3F 00 2D 03 CD FA 58 65 05 03 01 7D C8 78 D8 0C 3A 9B 00 08 02 17 9D AA AA 
Time:	12:43:25,883
Send:	220001
Receive: 62 00 01 02 8D 00 8E 2A 1A 1D 1E 01 C6 01 7D 00 00 03 02 01 69 80 27 4C 2D 94 9C 41 F3 15 95 1A 00 E6 0E 8A 59 83 6D 1F C0 00 5A 08 39 00 2D 03 CA FA 5A 65 05 03 01 7D C8 78 D8 0C 3A 9B 00 06 BF 14 AE AA AA 
Time:	12:43:26,272
Send:	220001
Receive: 62 00 01 02 8C 00 8E 29 F0 1D 31 01 9A 01 4D 00 00 02 81 01 25 80 93 4C 34 98 FC 41 F3 15 94 E4 00 E6 05 D1 58 70 DA 1F C0 00 5A 08 3C 00 2D 03 CC FA 5A 65 05 03 03 7D E8 78 D8 0C 3A 9B 00 05 CA 12 97 AA AA 
Time:	12:43:26,650
Send:	220001
Receive: 62 00 01 02 8D 00 8E 26 C2 1B 1A 01 A8 01 05 00 00 02 AB 01 1B 80 BA 4C BA 91 BD 41 F3 15 91 BE 00 E6 05 D1 58 59 D8 1F C0 00 5A 08 69 00 2D 03 E0 FA 68 65 05 03 03 7D E8 78 D8 0C 3A 9B 00 06 30 11 85 AA AA 
Time:	12:43:27,050
Send:	220001
Receive: 62 00 01 02 8C 00 8E 22 56 18 12 01 74 00 A1 00 00 02 60 00 DE 80 CE 4C D2 8D FD 41 F3 15 8E F6 00 E6 04 44 58 46 5F 1F C0 00 5A 08 A1 00 2D 03 FA FA 7D 65 05 03 03 7D E8 78 D8 0C 3A 9B 00 05 64 0E FE AA AA 
Time:	12:43:27,454
Send:	220001
Receive: 62 00 01 02 8C 00 8F 1E D0 15 12 01 24 00 92 00 00 01 F5 00 A5 80 CF 4C D4 8B 3D 41 F3 15 8E FB 00 E6 04 44 59 3F 4D 1F C0 00 5A 08 D1 00 2D 04 10 FA FC 65 05 03 03 7D E8 78 D8 0C 3A 9B 00 04 40 0E 14 AA AA 
Time:	12:43:27,860
Send:	220001
Receive: 62 00 01 02 8C 00 8F 1C 62 14 0E 00 FF 00 8B 00 00 01 A9 00 87 80 BA 4C D1 88 BD 41 F3 15 8E C9 00 E6 04 44 59 3B C4 1F C0 00 5A 08 ED 00 2D 04 1D FB 72 65 05 03 03 7D E8 78 D8 0C 3A 9B 00 03 E5 0E 85 AA AA 
Time:	12:43:28,270
Send:	220001
Receive: 8 35 FF 70 00 88 
Time:	12:43:28,570
Send:	220001
Receive: NO DATA
Time:	12:43:28,877
Send:	220001
Receive: NO DATA
Time:	12:43:29,162
Send:	220001
Receive: NO DATA
Time:	12:43:29,453
Send:	220001
Receive: NO DATA
Time:	12:43:29,729
Send:	220001
Receive: NO DATA
Time:	12:43:30,017
Send:	220001
Receive: NO DATA
Time:	12:43:30,318
Send:	220001
Receive: 62 00 01 02 8D 00 8F 22 6E 18 13 06 59 04 CF 4C 14 0C 06 04 B0 80 C6 4C CE 7A FD 41 F3 15 8F 5F 00 E6 13 33 5A FA 00 1F C0 00 5A 08 9B 00 2D 03 F8 FC D8 65 05 03 01 3C C2 78 D8 0C 3A 9B 00 1B D1 3B EC AA AA 
Time:	12:43:30,710
Send:	220001
Receive: 62 00 01 02 8D 00 8F 25 44 1A 16 06 07 05 55 4C 14 0C 0E 04 F4 80 C6 4C D3 73 9D 41 F3 15 8F 5F 00 E6 13 33 59 FA 00 1F C0 00 5A 08 77 00 2D 03 E7 FC E5 65 05 03 01 3C C2 78 D8 0C 3A 9B 00 1B AE 3C 86 AA AA 
Time:	12:43:31,120
Send:	220001
Receive: 62 00 01 02 8D 00 8F 28 62 1C 19 06 06 06 5E 4C 14 0C 32 05 89 80 25 4C 4A 74 DD 41 F3 15 8F 5F 00 E6 14 F1 59 FA 00 1F C0 00 5A 08 4D 00 2D 03 D3 FC F4 65 05 03 01 3C C2 78 D8 0C 3A 9B 00 1C 94 3C FA AA AA 
Time:	12:43:31,504
Send:	220001
Receive: 62 00 01 02 8D 00 8F 2B D4 1E 19 06 8F 06 29 4B 3D 0C 82 06 13 80 24 4C 30 7D 1D 41 F3 15 8E BF 00 E6 14 F1 59 FA 00 1F C0 00 5A 08 3B 00 2D 03 CB FC FB 65 05 03 01 3C C2 78 D8 0C 3A 9B 00 1C 5C 3B 8B AA AA 
Time:	12:43:31,911
Send:	220001
Receive: 62 00 01 02 8D 00 8F 2F 42 21 1B 06 37 05 37 4A D6 0B E3 06 36 80 B2 4C B0 7C 5D 41 F3 15 8D E6 00 E6 14 F1 59 FA 00 1F C0 00 5A 08 39 00 2D 03 CA FC FC 65 05 03 01 3C C2 78 D8 0C 3A 9B 00 1B 26 39 0A AA AA 
Time:	12:43:32,312
Send:	220001
Receive: 62 00 01 02 8D 00 8F 2F 88 22 18 00 56 00 5E 00 00 02 2A 01 45 80 B9 4C C8 7F FD 41 F3 15 95 40 00 E6 1B 05 58 C7 8D 1F C0 00 5A 08 39 00 2D 03 CA FA 19 65 05 03 05 2D C8 78 D8 0C 3A 9B 00 05 01 13 FC AA AA 
Time:	12:43:32,702
Send:	220001
Receive: 62 00 01 02 8D 00 8F 28 60 22 34 00 F2 00 DD 00 00 02 01 00 E2 80 1D 4C 2F 81 5D 41 F3 15 93 42 00 E6 1B 05 58 58 11 1F C0 00 5A 08 51 00 2D 03 D5 FA 62 65 05 03 05 3D C8 78 D8 0C 3A 9B 00 04 6B 0E 62 AA AA 
Time:	12:43:33,083
Send:	220001
Receive: 62 00 01 02 8D 00 8F 22 EC 22 22 04 02 02 47 26 A8 07 45 02 A4 80 BE 4C B2 80 5D 41 F3 15 91 D8 00 E6 07 77 58 CD BE 1F C0 00 5A 08 99 00 2D 03 F7 FC D8 65 05 03 05 7C C2 78 D8 0C 3A 9B 00 10 70 27 F6 AA AA 
Time:	12:43:33,470
Send:	220001
Receive: 62 00 01 02 8D 00 90 20 54 23 1E 04 52 02 A5 38 51 08 83 02 F6 80 BA 4C C3 7A 7D 41 F3 15 90 AD 00 E6 07 77 58 FA 00 1F C0 00 5A 08 B2 00 2D 04 02 FC CF 65 05 03 05 7C C2 78 D8 0C 3A 9B 00 13 7B 2D B5 AA AA 
Time:	12:43:33,863
Send:	220001
Receive: 62 00 01 02 8D 00 90 21 72 24 14 06 8B 04 E2 48 1E 0C 28 04 83 80 99 4C 8C 7B 3D 41 F3 15 8F 5F 00 E6 07 77 58 FA 00 1F C0 00 5A 08 A0 00 2D 03 FA FC D6 65 05 03 01 3C C2 78 D8 0C 3A 9B 00 1B D8 3C 20 AA AA 
Time:	12:43:34,249
Send:	220001
Receive: 62 00 01 02 8D 00 90 22 9A 25 14 06 0A 04 6D 48 56 0B E4 04 8E 80 C3 4C CA 74 1D 41 F3 15 8F 5F 00 E6 14 2E 58 FA 00 1F C0 00 5A 08 93 00 2D 03 F3 FC DB 65 05 03 01 3C C2 78 D8 0C 3A 9B 00 1B 25 3A FE AA AA 
Time:	12:43:34,639
Send:	220001

Fixed toLineMF: 03E 62 00 01 02 8D 00 90 23 AC 26 15 05 AD 04 32 47 7F 0B C0 04 A2 80 C6 4C D4 6C FD 14 2E 58 FA 00 1F C0 00 5A 08 85 00 2D 03 ED FC E0 65 05 03 01 3C C2 78 D8 0C 3A 9B 00 1A D6 3A 4C AA AA 
Receive: 62 00 01 02 8D 00 90 23 AC 26 15 05 AD 04 32 47 7F 0B C0 04 A2 80 C6 4C D4 6C FD 14 2E 58 FA 00 1F C0 00 5A 08 85 00 2D 03 ED FC E0 65 05 03 01 3C C2 78 D8 0C 3A 9B 00 1A D6 3A 4C AA AA 

Fixed toLineMF: 03E 62 00 01 02 8D 00 90 23 AC 26 15 05 AD 04 32 47 7F 0B C0 04 A2 80 C6 4C D4 6C FD 14 2E 58 FA 00 1F C0 00 5A 08 85 00 2D 03 ED FC E0 65 05 03 01 3C C2 78 D8 0C 3A 9B 00 1A D6 3A 4C AA AA 
Time:	12:43:35,044
Send:	220001
Receive: 62 00 01 02 8D 00 90 24 BC 28 17 05 29 04 2D 46 09 0B 63 04 A9 80 C3 4C D1 65 BD 41 F3 15 8F 5F 00 E6 11 11 58 FA 00 1F C0 00 5A 08 77 00 2D 03 E7 FC E5 65 05 03 01 3C C2 78 D8 0C 3A 9B 00 19 DB 39 B1 AA AA 
Time:	12:43:35,424
Send:	220001
Receive: 62 00 01 02 8D 00 90 25 66 28 19 05 16 04 34 43 56 0B 28 04 8C 80 26 4C 99 65 BD 41 F3 15 8F 5F 00 E6 11 11 58 FA 00 1F C0 00 5A 08 71 00 2D 03 E4 FC E7 65 05 03 01 7C C2 78 D8 0C 3A 9B 00 19 4A 39 7D AA AA 
Time:	12:43:35,812
Send:	220001
Receive: 62 00 01 02 8D 00 90 26 6A 2A 1B 04 D9 03 F1 40 70 0A 7D 04 7C 80 27 4C 3C 6D 5D 41 F3 15 8F 5F 00 E6 11 11 58 FA 00 1F C0 00 5A 08 63 00 2D 03 DE FC EC 65 05 03 01 7C C2 78 D8 0C 3A 9B 00 17 E6 37 82 AA AA 
Time:	12:43:36,222
Send:	220001
Receive: 62 00 01 02 8D 00 90 27 92 2B 1F 04 3C 03 2C 38 51 09 11 03 FD 80 29 4C 3D 74 DD 41 F3 15 90 99 00 E6 10 00 58 FA 00 1F C0 00 5A 08 54 00 2D 03 D6 FC F2 65 05 03 01 7C C2 78 D8 0C 3A 9B 00 13 A8 30 13 AA AA 
Time:	12:43:36,712
Send:	220001
Receive: 62 00 01 02 8D 00 90 28 06 2B 2D 01 82 01 A2 00 00 03 F3 01 CA 80 20 4C 36 7C BD 41 F3 15 94 8D 00 E6 10 00 57 A9 79 1F C0 00 5A 08 4C 00 2D 03 D3 FA 65 65 05 03 01 7D C0 78 D8 0C 3A 9B 00 08 ED 19 19 AA AA 
Time:	12:43:37,100
Send:	220001

Fixed toLineMF: 03E 62 00 01 02 8D 00 90 27 6C 2B 2E 01 9C 01 70 00 00 03 54 01 75 80 23 4C 35 81 7D 41 F3 15 92 D8 00 E6 04 A6 57 82 8C 1F C0 00 5A 08 57 00 2D 03 D8 FA 68 65 05 03 01 7D C8 78 D8 0C 3A 9B 
Receive: 62 00 01 02 8D 00 90 27 6C 2B 2E 01 9C 01 70 00 00 03 54 01 75 80 23 4C 35 81 7D 41 F3 15 92 D8 00 E6 04 A6 57 82 8C 1F C0 00 5A 08 57 00 2D 03 D8 FA 68 65 05 03 01 7D C8 78 D8 0C 3A 9B 

Fixed toLineMF: 03E 62 00 01 02 8D 00 90 27 6C 2B 2E 01 9C 01 70 00 00 03 54 01 75 80 23 4C 35 81 7D 41 F3 15 92 D8 00 E6 04 A6 57 82 8C 1F C0 00 5A 08 57 00 2D 03 D8 FA 68 65 05 03 01 7D C8 78 D8 0C 3A 9B 
Time:	12:43:37,458
Send:	220001
Receive: 62 00 01 02 8D 00 90 27 CE 2B 30 01 8D 01 4B 00 00 02 F3 01 45 80 25 4C 38 85 FD 41 F3 15 92 CE 00 E6 04 A6 57 70 DA 1F C0 00 5A 08 53 00 2D 03 D6 FA 66 65 05 03 01 7D C8 78 D8 0C 3A 9B 00 06 F2 14 38 AA AA 
Time:	12:43:37,852
Send:	220001
Receive: 62 00 01 02 8D 00 90 27 82 2A 31 01 5A 01 23 00 00 02 88 01 14 80 AF 4C BA 83 3D 41 F3 15 92 B4 00 E6 04 A6 57 61 D0 1F C0 00 5A 08 54 00 2D 03 D7 FA 68 65 05 03 01 7D C8 78 D8 0C 3A 9B 00 05 E3 11 AB AA AA 
Time:	12:43:38,231
Send:	220001
Receive: 62 00 01 02 8D 00 90 26 C6 2A 32 01 20 00 D1 00 00 02 0B 00 E1 80 AD 4C AC 87 9D 41 F3 15 92 D8 00 E6 04 11 57 50 FF 1F C0 00 5A 08 5A 00 2D 03 D9 FA 6D 65 05 03 01 7D C8 78 D8 0C 3A 9B 00 04 50 0E 04 AA AA 
Time:	12:43:38,622
Send:	220001
Receive: 62 00 01 02 8D 00 90 26 2E 29 07 01 16 00 D3 00 00 01 EC 00 CB 80 AD 4C BF 80 DD 41 F3 15 91 A4 00 E6 04 11 57 4C 95 1F C0 00 5A 08 67 00 2D 03 DF FA 6C 65 05 03 01 7D C8 78 D8 0C 3A 9B 00 04 70 0E 02 AA AA 
Time:	12:43:39,012
Send:	220001

Fixed toLineMF: 03E 62 00 01 02 8D 00 90 25 9A 29 EE 00 00 00 D3 00 00 02 07 00 41 F3 15 91 61 00 E6 00 00 58 00 00 1F C0 00 5A 08 6D 00 2D 03 E2 FA 6F 65 45 03 01 29 C9 78 D8 0C 3A 9B 00 04 B7 0E 4D AA AA 
Receive: 62 00 01 02 8D 00 90 25 9A 29 EE 00 00 00 D3 00 00 02 07 00 41 F3 15 91 61 00 E6 00 00 58 00 00 1F C0 00 5A 08 6D 00 2D 03 E2 FA 6F 65 45 03 01 29 C9 78 D8 0C 3A 9B 00 04 B7 0E 4D AA AA 

Fixed toLineMF: 03E 62 00 01 02 8D 00 90 25 9A 29 EE 00 00 00 D3 00 00 02 07 00 41 F3 15 91 61 00 E6 00 00 58 00 00 1F C0 00 5A 08 6D 00 2D 03 E2 FA 6F 65 45 03 01 29 C9 78 D8 0C 3A 9B 00 04 B7 0E 4D AA AA 
Time:	12:43:39,403
Send:	220001
Receive: 62 00 01 02 8C 00 91 24 7C 28 ED 00 00 00 CE 00 00 02 34 00 E1 80 1A 4C 2E 7F FD 41 F3 15 90 6B 00 E6 00 00 58 00 00 1F C0 00 5A 08 7E 00 2D 03 EA FA 73 65 45 03 03 29 E9 78 D8 0C 3A 9B 00 05 15 0E DD AA AA 
Time:	12:43:39,784
Send:	220001

Fixed toLineMF: 03E 62 00 01 02 8C 00 91 22 A0 25 ED 00 00 00 BF 00 00 02 3D 00 D7 80 18 4C 2D 7F FD 00 00 58 00 00 1F C0 00 5A 08 97 00 2D 03 F6 FA 7C 65 45 03 03 29 E9 78 D8 0C 3A 9B 00 05 2A 0E B2 AA AA 
Receive: 62 00 01 02 8C 00 91 22 A0 25 ED 00 00 00 BF 00 00 02 3D 00 D7 80 18 4C 2D 7F FD 00 00 58 00 00 1F C0 00 5A 08 97 00 2D 03 F6 FA 7C 65 45 03 03 29 E9 78 D8 0C 3A 9B 00 05 2A 0E B2 AA AA 

Fixed toLineMF: 03E 62 00 01 02 8C 00 91 22 A0 25 ED 00 00 00 BF 00 00 02 3D 00 D7 80 18 4C 2D 7F FD 00 00 58 00 00 1F C0 00 5A 08 97 00 2D 03 F6 FA 7C 65 45 03 03 29 E9 78 D8 0C 3A 9B 00 05 2A 0E B2 AA AA 
Time:	12:43:40,184
Send:	220001
Receive: 62 00 01 02 8C 00 91 20 76 23 ED 00 00 00 AB 00 00 02 27 00 C2 80 18 4C 2B 7F FD 41 F3 15 8F 23 00 E6 00 00 58 00 00 1F C0 00 5A 08 B6 00 2D 04 04 FA A1 65 45 03 03 29 E9 78 D8 0C 3A 9B 00 04 D3 0E 04 AA AA 
Time:	12:43:40,611
Send:	220001

Fixed toLineMF: 03E 62 00 01 02 8C 00 91 1E 54 21 EF 00 00 00 A1 00 00 01 EF 00 A3 80 18 4C 2B 7F FD 41 F3 15 8F 00 00 E6 00 00 58 00 00 1F C0 00 5A 08 D4 00 2D 04 29 E9 78 D8 0C 3A 9B 00 04 52 0E 56 AA AA 
Receive: 62 00 01 02 8C 00 91 1E 54 21 EF 00 00 00 A1 00 00 01 EF 00 A3 80 18 4C 2B 7F FD 41 F3 15 8F 00 00 E6 00 00 58 00 00 1F C0 00 5A 08 D4 00 2D 04 29 E9 78 D8 0C 3A 9B 00 04 52 0E 56 AA AA 

Fixed toLineMF: 03E 62 00 01 02 8C 00 91 1E 54 21 EF 00 00 00 A1 00 00 01 EF 00 A3 80 18 4C 2B 7F FD 41 F3 15 8F 00 00 E6 00 00 58 00 00 1F C0 00 5A 08 D4 00 2D 04 29 E9 78 D8 0C 3A 9B 00 04 52 0E 56 AA AA 
Time:	12:43:41,011
Send:	220001
Receive: 62 00 01 02 8C 00 91 1C A6 1F F0 00 00 00 A1 00 00 01 CD 00 90 80 18 4C 2B 7F FD 41 F3 15 8E D3 00 E6 00 00 59 00 00 1F C0 00 5A 08 EC 00 2D 04 1D FB 68 65 45 03 03 29 E9 78 D8 0C 3A 9B 00 04 16 0F 04 AA AA 
Time:	12:43:41,419
Send:	220001
Receive: 62 00 01 02 8B 00 91 1B 28 1D EF 00 00 00 A1 00 00 01 E6 00 8F 80 17 4C 2C 7F FD 41 F3 15 8E B5 00 E6 00 00 59 00 00 1F C0 00 5A 09 01 00 2D 04 26 FB BF 65 45 03 03 29 E9 78 D8 0C 3A 9B 00 04 78 0F DF AA AA 
Time:	12:43:41,845
Send:	220001
Receive: 62 00 01 02 8C 00 91 19 F8 1C ED 00 00 00 A1 00 00 02 21 00 9B 80 18 4C 2C 7F FD 41 F3 15 8E 2B 00 E6 00 00 59 00 00 1F C0 00 5A 09 13 00 2D 04 2E FC 04 65 45 03 01 29 C9 78 D8 0C 3A 9B 00 04 E8 10 DB AA AA 
Time:	12:43:42,222
Send:	220001
Receive: 62 00 01 02 8D 00 91 19 64 1B ED 00 00 00 A1 00 00 02 43 00 9F 80 18 4C 2B 7F FD 41 F3 15 8D 58 00 E6 00 00 59 00 00 1F C0 00 5A 09 1C 00 2D 04 33 FC 28 65 45 03 01 29 C9 78 D8 0C 3A 9B 00 05 42 11 93 AA AA 
Time:	12:43:42,624
Send:	220001

Fixed toLineMF: 03E 62 00 01 02 8C 00 91 18 E0 1B FD 01 86 00 9F 28 F0 02 43 00 9D 78 1A 4C 2B 80 7D 41 F3 15 8D 3F 00 E6 00 00 5A 17 07 1F C0 35 FC A7 65 45 03 01 3C C8 78 D8 0C 3A 9B 00 05 75 12 02 AA AA 
Receive: 62 00 01 02 8C 00 91 18 E0 1B FD 01 86 00 9F 28 F0 02 43 00 9D 78 1A 4C 2B 80 7D 41 F3 15 8D 3F 00 E6 00 00 5A 17 07 1F C0 35 FC A7 65 45 03 01 3C C8 78 D8 0C 3A 9B 00 05 75 12 02 AA AA 

Fixed toLineMF: 03E 62 00 01 02 8C 00 91 18 E0 1B FD 01 86 00 9F 28 F0 02 43 00 9D 78 1A 4C 2B 80 7D 41 F3 15 8D 3F 00 E6 00 00 5A 17 07 1F C0 35 FC A7 65 45 03 01 3C C8 78 D8 0C 3A 9B 00 05 75 12 02 AA AA 
Time:	12:43:43,007
Send:	220001
Receive: 62 00 01 02 8D 00 92 18 B0 1A 09 03 D8 02 0B 3D 19 05 78 01 79 79 C0 4C B9 7D FD 41 F3 15 8B 13 00 E6 06 66 5A 18 60 1F C0 00 5A 09 22 00 2D 04 35 FC A6 65 45 03 01 7C C8 78 D8 0C 3A 9B 00 0F 3F 28 29 AA AA 
Time:	12:43:43,400
Send:	220001
Receive: 62 00 01 02 8C 00 92 19 08 1B 0C 07 8C 05 49 44 2D 0C B7 03 94 75 C7 4C D2 78 BD 41 F3 15 8F 5F 00 E6 06 66 5A 9D 17 1F C0 00 5A 09 20 00 2D 04 34 FC A7 65 45 03 01 3C C2 78 D8 0C 3A 9B 00 1C CF 3D B4 AA AA 
Time:	12:43:43,783
Send:	220001
Receive: 62 00 01 02 8D 00 92 1A 28 1C 11 06 27 04 52 43 FA 0B 46 03 3A 79 32 4C B7 77 BD 41 F3 15 8F 5F 00 E6 06 66 5A 57 30 1F C0 00 5A 09 10 00 2D 04 2D FC AD 65 45 03 01 3C C2 78 D8 0C 3A 9B 00 19 D8 3B 78 AA AA 
Time:	12:43:44,191
Send:	220001
Receive: 62 00 01 02 8C 00 92 1B 6A 1D 17 05 B0 03 86 3F 2D 09 F6 03 00 7A 3E 4C 5A 7D 7D 41 F3 15 8F 5F 00 E6 0E 4C 5A 3B C4 1F C0 00 5A 08 FE 00 2D 04 25 FC B4 65 45 03 01 3C C2 78 D8 0C 3A 9B 00 16 83 38 2A AA AA 
Time:	12:43:44,581
Send:	220001
Receive: 62 00 01 02 8C 00 92 1C 8E 1F 18 05 99 03 79 3E C7 09 D6 03 16 7C 27 4C 3C 7E DD 41 F3 15 8F 5F 00 E6 0E 4C 5A 3A E3 1F C0 00 5A 08 EE 00 2D 04 1E FC B9 65 45 03 01 7C C2 78 D8 0C 3A 9B 00 16 B3 37 2B AA AA 
Time:	12:43:44,973
Send:	220001
Receive: 62 00 01 02 8D 00 92 1D B6 20 19 05 7F 03 4F 3C B2 09 D1 03 39 7E AB 4C B9 7C 3D 41 F3 15 8F 5F 00 E6 0E 14 59 36 74 1F C0 00 5A 08 DD 00 2D 04 16 FC C0 65 45 03 01 7C C2 78 D8 0C 3A 9B 00 16 9F 35 9E AA AA 
Time:	12:43:45,352
Send:	220001
Receive: 62 00 01 02 8C 00 92 1E B0 21 1E 03 F5 02 58 30 38 07 D4 02 AB 80 C1 4C CE 76 1D 41 F3 15 8F EC 00 E6 0E 14 59 28 4B 1F C0 00 5A 08 CE 00 2D 04 0F FC C5 65 45 03 01 7C C2 78 D8 0C 3A 9B 00 11 BB 2B B5 AA AA 
Time:	12:43:45,775
Send:	220001
Receive: 62 00 01 02 8D 00 92 1F 1E 22 13 02 15 01 46 00 00 05 08 01 B8 80 BC 4C CE 70 BD 41 F3 15 90 10 00 E6 0E 14 59 24 C2 1F C0 00 5A 08 C8 00 2D 04 0C FA DB 65 45 03 01 7D CA 78 D8 0C 3A 9B 00 0B 1B 1D 07 AA AA 
Time:	12:43:46,172
Send:	220001

Fixed toLineMF: 037 62 00 01 02 8D 00 92 1E EA 22 2B 01 81 3B 80 AD 4C C9 6C 5D 41 F3 15 8F 64 00 E6 04 90 59 26 89 1F C0 0D FA E6 65 45 03 01 7D C8 78 D8 0C 3A 9B 00 08 3A 16 13 AA AA 
Receive: 62 00 01 02 8D 00 92 1E EA 22 2B 01 81 3B 80 AD 4C C9 6C 5D 41 F3 15 8F 64 00 E6 04 90 59 26 89 1F C0 0D FA E6 65 45 03 01 7D C8 78 D8 0C 3A 9B 00 08 3A 16 13 AA AA 

Fixed toLineMF: 037 62 00 01 02 8D 00 92 1E EA 22 2B 01 81 3B 80 AD 4C C9 6C 5D 41 F3 15 8F 64 00 E6 04 90 59 26 89 1F C0 0D FA E6 65 45 03 01 7D C8 78 D8 0C 3A 9B 00 08 3A 16 13 AA AA 
Time:	12:43:46,583
Send:	220001
Receive: 62 00 01 02 8D 00 92 1E E0 21 10 01 6F 01 08 00 00 03 39 01 15 80 27 4C 84 6D BD 41 F3 15 8E 43 00 E6 04 90 58 29 31 1F C0 00 5A 08 CB 00 2D 04 0D FA EB 65 45 03 01 7D C8 78 D8 0C 3A 9B 00 07 37 14 26 AA AA 
Time:	12:43:46,970
Send:	220001
Receive: 62 00 01 02 8D 00 92 1E DE 21 2E 01 3C 00 DB 00 00 02 AE 00 E9 80 26 4C 36 71 3D 41 F3 15 8C 22 00 E6 03 33 58 2B D4 1F C0 00 5A 08 C9 00 2D 04 0D FA EF 65 45 03 01 7D C8 78 D8 0C 3A 9B 00 05 DE 11 99 AA AA 
Time:	12:43:47,374
Send:	220001
Receive: 62 00 01 02 8D 00 93 1E 7C 21 2E 01 3D 00 D3 00 00 02 7F 00 D6 80 24 4C 37 74 1D 41 F3 15 8D 31 00 E6 03 33 58 2E 7C 1F C0 00 5A 08 CD 00 2D 04 0E FA F7 65 45 03 01 7D C8 78 D8 0C 3A 9B 00 05 A4 10 A9 AA AA 
Time:	12:43:47,785
Send:	220001

Fixed toLineMF: 03E 62 00 01 02 8D 00 93 1D FC 20 1B 01 1D 00 A1 00 00 02 27 00 B6 80 24 4C 37 76 FD 41 F3 15 8E 89 00 E6 00 5A 08 D4 00 2D 04 12 FB 15 65 45 03 01 7D C8 78 D8 0C 3A 9B 00 04 7B 0E E1 AA AA 
Receive: 62 00 01 02 8D 00 93 1D FC 20 1B 01 1D 00 A1 00 00 02 27 00 B6 80 24 4C 37 76 FD 41 F3 15 8E 89 00 E6 00 5A 08 D4 00 2D 04 12 FB 15 65 45 03 01 7D C8 78 D8 0C 3A 9B 00 04 7B 0E E1 AA AA 

Fixed toLineMF: 03E 62 00 01 02 8D 00 93 1D FC 20 1B 01 1D 00 A1 00 00 02 27 00 B6 80 24 4C 37 76 FD 41 F3 15 8E 89 00 E6 00 5A 08 D4 00 2D 04 12 FB 15 65 45 03 01 7D C8 78 D8 0C 3A 9B 00 04 7B 0E E1 AA AA 
Time:	12:43:48,181
Send:	220001
Receive: 62 00 01 02 8D 00 93 1D 50 20 07 00 FE 00 A4 00 00 01 DC 00 97 80 1E 4C 2F 79 7D 41 F3 15 8E E2 00 E6 02 22 59 39 1C 1F C0 00 5A 08 E1 00 2D 04 17 FB 3F 65 45 03 01 7D C8 78 D8 0C 3A 9B 00 04 3B 0E 9F AA AA 
Time:	12:43:48,561
Send:	220001
Receive: 62 00 01 02 8D 00 93 1C A0 1F F0 00 00 00 A1 00 00 01 CD 00 92 80 1E 4C 2E 7F FD 41 F3 15 8E D8 00 E6 02 22 59 00 00 1F C0 00 5A 08 EA 00 2D 04 1C FB 64 65 45 03 01 29 C9 78 D8 0C 3A 9B 00 04 20 0E DB AA AA 
Time:	12:43:48,949
Send:	220001
Receive: 62 00 01 02 8D 00 93 1B F6 1E F0 00 00 00 A1 00 00 01 CF 00 8D 80 1A 4C 2B 7F FD 41 F3 15 8E C9 00 E6 00 00 59 00 00 1F C0 00 5A 08 F4 00 2D 04 20 FB 86 65 45 03 01 29 C9 78 D8 0C 3A 9B 00 04 29 0F 2D AA AA 
Time:	12:43:49,349
Send:	220001
Receive: 62 00 01 02 8B 00 93 1B 36 1D EE 00 00 00 A4 00 00 01 F2 00 92 80 18 4C 2B 7F FD 41 F3 15 8E B5 00 E6 00 00 59 00 00 1F C0 00 5A 09 01 00 2D 04 26 FB B7 65 45 03 03 29 E9 78 D8 0C 3A 9B 00 04 7D 0F EA AA AA 
Time:	12:43:49,742
Send:	220001
Receive: 62 00 01 02 8C 00 93 1A 0E 1C ED 00 00 00 A6 00 00 02 23 00 9A 80 17 4C 28 7F FD 41 F3 15 8E 1C 00 E6 00 00 59 00 00 1F C0 00 5A 09 13 00 2D 04 2F FC 04 65 45 03 03 29 E9 78 D8 0C 3A 9B 00 04 FD 11 05 AA AA 
Time:	12:43:50,153
Send:	220001
Receive: 62 00 01 02 8B 00 93 16 52 1A EC 00 00 00 A6 00 00 02 88 00 8D 80 17 4C 28 7F FD 41 F3 15 8A 1F 00 E6 00 00 59 00 00 1F C0 00 5A 09 20 00 2D 04 35 FD BB 65 45 03 07 29 E9 78 D8 0C 3A 9B 00 05 61 13 91 AA AA 
Time:	12:43:50,553
Send:	220001
Receive: 62 00 01 02 84 00 93 11 BE 19 05 02 99 00 C4 00 00 04 09 00 D2 78 18 4C 28 80 7D 41 F3 15 84 84 00 E6 00 00 5A 17 07 1F C0 00 5A 09 21 00 2D 04 E6 FE E4 65 45 03 07 3D E8 78 D8 0C 3A 9B 00 08 F5 1C D8 AA AA 
Time:	12:43:50,942
Send:	220001
Receive: 62 00 01 02 8A 00 93 11 DA 17 00 02 22 00 C2 00 00 03 AC 00 B4 79 B9 4C B9 7E 3D 41 F3 15 84 F9 00 E6 03 33 5A 17 43 1F C0 00 5A 09 22 00 2D 04 03 FF 35 65 45 03 03 7D E8 78 D8 0C 3A 9B 00 08 6E 1B 96 AA AA 
Time:	12:43:51,334
Send:	220001
Receive: 62 00 01 02 8C 00 93 10 FE 16 01 02 11 00 9F 00 00 03 BF 00 AF 76 BC 4C CA 7B DD 41 F3 15 84 6F 00 E6 03 33 5A 17 7F 1F C0 00 5A 09 23 00 2D 03 55 FF 75 65 45 03 03 7D E0 78 D8 0C 3A 9B 00 08 76 1B A2 AA AA 
Time:	12:43:51,730
Send:	220001
Receive: NO DATA
Time:	12:43:52,010
Send:	220001
Receive: NO DATA
Time:	12:43:52,308
Send:	220001
Receive: NO DATA
Time:	12:43:52,587
Send:	220001
Receive: NO DATA
Time:	12:43:52,904
Send:	220001
Receive: NO DATA
Time:	12:43:53,190
Send:	220001
Receive: NO DATA
Time:	12:43:53,493
Send:	220001
Receive: NO DATA
Time:	12:43:53,779
Send:	220001
Receive: 62 00 01 02 8D 00 94 14 A2 12 2D 01 BA 01 82 0F C7 02 FF 00 AA 80 24 4C 2C 7F BD 41 F3 15 88 97 00 E6 01 FF 5A 21 39 1F C0 00 5A 09 22 00 2D 02 A3 FE 03 65 45 03 05 7C C8 78 D8 0C 3A 9B 00 07 E6 18 8F AA AA 
Time:	12:43:54,162
Send:	220001
Receive: 62 00 01 02 8D 00 94 1B 06 12 29 02 49 01 64 14 28 04 2F 01 4B 80 BC 4C B8 7D 3D 41 F3 15 8D AB 00 E6 04 DF 5A 22 FB 1F C0 00 5A 08 F7 00 2D 02 97 FC B6 65 45 03 05 7C C0 78 D8 0C 3A 9B 00 09 B9 1C 2D AA AA 
Time:	12:43:54,573
Send:	220001
Receive: 62 00 01 02 8D 00 94 1A 4C 12 27 02 91 01 50 13 F0 04 C3 01 62 80 A4 4C 74 7D 1D 41 F3 15 8C 8C 00 E6 04 DF 5A 24 C2 1F C0 00 5A 09 0E 00 2D 02 9E FC AE 65 45 03 05 7C C0 78 D8 0C 3A 9B 00 0A B1 1E 21 AA AA 
Time:	12:43:54,960
Send:	220001
Receive: 62 00 01 02 8D 00 94 1A C2 12 27 02 CB 01 AA 1C 7A 05 10 01 7F 80 AD 4C BA 78 FD 41 F3 15 8C E3 00 E6 05 A5 5A 25 A3 1F C0 00 5A 09 07 00 2D 02 9B FC B0 65 45 03 05 7C C0 78 D8 0C 3A 9B 00 0B E0 21 52 AA AA 
Time:	12:43:55,364
Send:	220001
Receive: 62 00 01 02 8D 00 94 1B 7E 13 27 02 B0 01 91 1C 7A 05 26 01 8E 80 26 4C 4B 79 5D 41 F3 15 8D 53 00 E6 05 A5 5A 27 6A 1F C0 00 5A 08 FC 00 2D 02 98 FC B4 65 45 03 05 7C C0 78 D8 0C 3A 9B 00 0B BC 21 2B AA AA 
Time:	12:43:55,759
Send:	220001
Receive: NO DATA
Time:	12:43:56,046
Send:	220001
Receive: NO DATA
Time:	12:43:56,365
Send:	220001
Receive: NO DATA
Time:	12:43:56,692
Send:	220001
Receive: NO DATA
Time:	12:43:56,975
Send:	220001
Receive: NO DATA
Time:	12:43:57,256
Send:	220001
Receive: NO DATA
Time:	12:43:57,550
Send:	220001
Receive: NO DATA
Time:	12:43:57,850
Send:	220001
Receive: 62 00 01 02 8D 00 95 25 92 1A 20 04 25 03 11 38 F5 08 90 03 97 80 37 4C AD 63 1D 41 F3 15 92 40 00 E6 0B 6D 59 3B C4 1F C0 00 5A 08 73 00 2D 02 71 FC E7 65 45 03 01 7C C2 78 D8 0C 3A 9B 00 13 C5 2F C6 AA AA 
Time:	12:43:58,254
Send:	220001
Receive: 62 00 01 02 8D 00 95 27 CE 1B 20 04 73 03 60 38 F5 08 BC 03 DE 80 23 4C 2F 6D 1D 41 F3 15 91 61 00 E6 0C 44 59 41 14 1F C0 00 5A 08 55 00 2D 02 68 FC F1 65 45 03 01 7C C2 78 D8 0C 3A 9B 00 14 0D 30 F2 AA AA 
Time:	12:43:58,662
Send:	220001

Fixed toLineMF: 03E 62 00 01 02 8D 00 03 9C 38 F5 08 CE 04 15 80 21 4C 2D 74 9D 41 F3 15 90 E1 00 E6 0C 44 59 45 7E 1F C0 00 5A 08 3B 00 2D 02 61 FC FB 65 45 03 01 7C C2 78 D8 0C 3A 9B 00 14 1A 31 4D AA AA 
Receive: 62 00 01 02 8D 00 03 9C 38 F5 08 CE 04 15 80 21 4C 2D 74 9D 41 F3 15 90 E1 00 E6 0C 44 59 45 7E 1F C0 00 5A 08 3B 00 2D 02 61 FC FB 65 45 03 01 7C C2 78 D8 0C 3A 9B 00 14 1A 31 4D AA AA 

Fixed toLineMF: 03E 62 00 01 02 8D 00 03 9C 38 F5 08 CE 04 15 80 21 4C 2D 74 9D 41 F3 15 90 E1 00 E6 0C 44 59 45 7E 1F C0 00 5A 08 3B 00 2D 02 61 FC FB 65 45 03 01 7C C2 78 D8 0C 3A 9B 00 14 1A 31 4D AA AA 
Time:	12:43:59,042
Send:	220001
Receive: 62 00 01 02 8D 00 95 2C 60 1F 20 05 0A 03 CE 39 5B 09 0C 04 6B 80 22 4C 2E 7C 7D 41 F3 15 8F F6 00 E6 11 EB 58 47 45 1F C0 00 5A 08 39 00 2D 02 60 FC FC 65 45 03 01 7C C2 78 D8 0C 3A 9B 00 14 AF 31 7F AA AA 
Time:	12:43:59,422
Send:	220001
Receive: 62 00 01 02 8D 00 95 2E 58 20 1F 05 5C 03 DD 39 5B 09 33 04 BA 80 4E 4C 39 82 7D 41 F3 15 8F 37 00 E6 11 EB 58 49 07 1F C0 00 5A 08 39 00 2D 02 60 FC FC 65 45 03 01 7C C2 78 D8 0C 3A 9B 00 15 3A 31 8F AA AA 
Time:	12:43:59,813
Send:	220001
Receive: 62 00 01 02 8D 00 95 31 92 22 1F 04 F0 03 BD 39 5B 09 43 05 0C 80 B5 4C BC 77 5D 41 F3 15 8E 52 00 E6 11 EB 58 46 5F 1F C0 00 5A 08 37 00 2D 02 5F FC FC 65 45 03 01 7C C2 78 D8 0C 3A 9B 00 15 1D 2F 39 AA AA 
Time:	12:44:00,246
Send:	220001
Receive: 62 00 01 02 8D 00 95 33 E8 24 1F 04 90 03 B5 39 5B 09 06 05 2C 80 A1 4C BC 6E 7D 41 F3 15 8F 5F 00 E6 14 9F 58 45 7E 1F C0 00 5A 08 36 00 2D 02 5F FD 28 65 45 03 01 7C C2 78 D8 0C 3A 9B 00 14 A4 2D EA AA AA 
Time:	12:44:00,634
Send:	220001
Receive: 62 00 01 02 8D 00 95 35 A2 26 10 02 9B 02 33 00 00 06 1E 03 96 80 B9 4C C6 6B 7D 41 F3 15 94 22 00 E6 14 9F 58 3D 86 1F C0 00 5A 08 35 00 2D 02 5F FA 4E 65 45 03 01 7D CA 78 D8 0C 3A 9B 00 0D 8F 22 56 AA AA 
Time:	12:44:01,053
Send:	220001
Receive: 62 00 01 02 8D 00 95 31 C6 26 34 00 E5 01 1C 00 00 02 14 01 1E 80 25 4C 36 6D DD 41 F3 15 95 40 00 E6 03 33 57 3E 6C 1F C0 00 5A 08 34 00 2D 02 5F FA 00 65 45 03 05 7D C8 78 D8 0C 3A 9B 00 04 AE 0E F6 AA AA 
Time:	12:44:01,440
Send:	220001
Receive: 62 00 01 02 8D 00 95 2B 2A 25 34 00 E3 01 0C 00 00 01 B7 00 CB 80 1D 4C 2F 72 1D 41 F3 15 95 0F 00 E6 03 33 57 42 D6 1F C0 00 5A 08 34 00 2D 02 5E FA 54 65 45 03 05 7D C8 78 D8 0C 3A 9B 00 03 F8 0E 7A AA AA 
Time:	12:44:01,841
Send:	220001
Receive: 62 00 01 02 8D 00 95 23 00 25 06 03 83 02 1C 24 61 05 F0 02 2C 80 AC 4C 3E 72 FD 41 F3 15 92 B9 00 E6 03 33 57 47 45 1F C0 00 5A 08 97 00 2D 02 7B FC D9 65 45 03 05 7C C2 78 D8 0C 3A 9B 00 0D 4A 20 C3 AA AA 
Time:	12:44:02,261
Send:	220001
Receive: 62 00 01 02 8D 00 96 23 1C 26 1F 04 8D 02 B4 35 6B 08 A2 03 55 80 C3 4C CA 6C 9D 41 F3 15 92 0C 00 E6 0A 55 57 55 6E 1F C0 00 5A 08 8B 00 2D 02 78 FC DE 65 45 03 05 7C C2 78 D8 0C 3A 9B 00 13 9D 2D 22 AA AA 
Time:	12:44:02,651
Send:	220001
Receive: 62 00 01 02 8D 00 96 24 1E 27 17 05 74 04 1E 42 84 0B 65 04 8C 80 B1 4C C4 65 7D 41 F3 15 8F 5F 00 E6 0A 55 57 C7 8D 1F C0 00 5A 08 7E 00 2D 02 74 FC E3 65 45 03 01 7C C2 78 D8 0C 3A 9B 00 1A 01 39 74 AA AA 
Time:	12:44:03,051
Send:	220001
Receive: 62 00 01 02 8D 00 96 25 58 28 1A 05 10 04 00 42 84 0A C7 04 76 80 28 4C 55 67 1D 41 F3 15 8F 5F 00 E6 10 00 57 C4 E5 1F C0 00 5A 08 6E 00 2D 02 6F FC E8 65 45 03 01 7C C2 78 D8 0C 3A 9B 00 18 9F 38 AD AA AA 
Time:	12:44:03,433
Send:	220001
Receive: 62 00 01 02 8D 00 96 26 74 29 1B 05 27 04 1E 42 84 0A BD 04 92 80 29 4C 38 6E 9D 41 F3 15 8F 5F 00 E6 10 00 57 CF 85 1F C0 00 5A 08 60 00 2D 02 6B FC EE 65 45 03 01 7C C2 78 D8 0C 3A 9B 00 18 90 38 BC AA AA 
Time:	12:44:03,833
Send:	220001

Fixed toLineMF: 03E 62 00 01 02 8D 00 96 27 4E 2A 1C 05 41 A7 80 25 4C 38 74 5D 41 F3 15 8F 5F 00 E6 10 00 57 DC CD 1F C0 00 5A 08 56 00 2D 02 68 FC F1 65 45 03 01 7C C2 78 D8 0C 3A 9B 00 18 80 38 B2 AA AA 
Receive: 62 00 01 02 8D 00 96 27 4E 2A 1C 05 41 A7 80 25 4C 38 74 5D 41 F3 15 8F 5F 00 E6 10 00 57 DC CD 1F C0 00 5A 08 56 00 2D 02 68 FC F1 65 45 03 01 7C C2 78 D8 0C 3A 9B 00 18 80 38 B2 AA AA 

Fixed toLineMF: 03E 62 00 01 02 8D 00 96 27 4E 2A 1C 05 41 A7 80 25 4C 38 74 5D 41 F3 15 8F 5F 00 E6 10 00 57 DC CD 1F C0 00 5A 08 56 00 2D 02 68 FC F1 65 45 03 01 7C C2 78 D8 0C 3A 9B 00 18 80 38 B2 AA AA 
Time:	12:44:04,210
Send:	220001
Receive: 62 00 01 02 8D 00 96 28 9C 2C 1C 05 6E 04 68 42 84 0A A9 04 CA 80 26 4C 38 7C 3D 41 F3 15 8F 5F 00 E6 13 33 57 E2 FE 1F C0 00 5A 08 45 00 2D 02 63 FC F8 65 45 03 01 7C C2 78 D8 0C 3A 9B 00 18 74 38 B3 AA AA 
Time:	12:44:04,631
Send:	220001

Fixed toLineMF: 03E 62 00 01 02 8D 00 96 29 C8 2D 1D 05 60 04 28 3D BD 0A 21 04 AC 80 27 4C 3B 83 FD 41 F3 15 8F 5F 00 E6 13 33 57 D5 B6 1F C0 00 5A 08 37 00 2D 02 7C C2 78 D8 0C 3A 9B 00 17 13 36 28 AA AA 
Receive: 62 00 01 02 8D 00 96 29 C8 2D 1D 05 60 04 28 3D BD 0A 21 04 AC 80 27 4C 3B 83 FD 41 F3 15 8F 5F 00 E6 13 33 57 D5 B6 1F C0 00 5A 08 37 00 2D 02 7C C2 78 D8 0C 3A 9B 00 17 13 36 28 AA AA 

Fixed toLineMF: 03E 62 00 01 02 8D 00 96 29 C8 2D 1D 05 60 04 28 3D BD 0A 21 04 AC 80 27 4C 3B 83 FD 41 F3 15 8F 5F 00 E6 13 33 57 D5 B6 1F C0 00 5A 08 37 00 2D 02 7C C2 78 D8 0C 3A 9B 00 17 13 36 28 AA AA 
Time:	12:44:05,025
Send:	220001
Receive: 62 00 01 02 8D 00 96 2A 56 2E 2B 01 E0 01 B6 00 00 04 68 02 1C 80 B9 4C BF 83 5D 41 F3 15 95 6B 00 E6 09 4E 57 6F 13 1F C0 00 5A 08 34 00 2D 02 5E FA 5B 65 45 03 01 7D C8 78 D8 0C 3A 9B 00 09 15 1B 97 AA AA 
Time:	12:44:05,413
Send:	220001
Receive: 62 00 01 02 8D 00 96 2A 6C 2E 1F 01 90 01 87 06 A3 03 03 01 66 80 21 4C 34 89 FD 41 F3 15 95 30 00 E6 09 4E 57 74 63 1F C0 00 5A 08 33 00 2D 02 5E FC FE 65 45 03 01 7C C8 78 D8 0C 3A 9B 00 06 C9 15 22 AA AA 
Time:	12:44:05,812
Send:	220001
Receive: 62 00 01 02 8D 00 96 2A EE 2E 27 04 88 03 06 2C E6 06 57 02 D7 80 2B 4C 36 8F 9D 41 F3 15 96 47 00 E6 09 4E 57 7A 94 1F C0 00 5A 08 32 00 2D 02 5E FC FE 65 45 03 01 7C C2 78 D8 0C 3A 9B 00 10 AD 2B 0D AA AA 
Time:	12:44:06,221
Send:	220001
Receive: 62 00 01 02 8D 00 96 2B 7A 2F 24 04 56 03 09 2D 51 07 59 03 82 80 B0 4C BF 86 7D 41 F3 15 94 C3 00 E6 12 8F 57 8C 46 1F C0 00 5A 08 32 00 2D 02 5E FC FE 65 45 03 01 7C C2 78 D8 0C 3A 9B 00 10 94 2A 96 AA AA 
Time:	12:44:06,633
Send:	220001
Receive: 62 00 01 02 8D 00 96 2C 34 30 24 04 27 02 F8 2C 7A 06 FF 03 68 80 50 4C AB 89 9D 41 F3 15 95 9D 00 E6 12 8F 57 8B 65 1F C0 00 5A 08 32 00 2D 02 5E FC FE 65 45 03 01 7C C2 78 D8 0C 3A 9B 00 0F F4 29 13 AA AA 
Time:	12:44:07,024
Send:	220001
Receive: 62 00 01 02 8D 00 96 2C EE 31 24 04 37 03 09 2C 7A 06 FC 03 73 80 2B 4C 8F 8B 7D 41 F3 15 95 40 00 E6 0F 5C 57 8E EE 1F C0 00 5A 08 32 00 2D 02 5E FC FE 65 45 03 01 7C C2 78 D8 0C 3A 9B 00 10 1D 29 4A AA AA 
Time:	12:44:07,410
Send:	220001
Receive: 62 00 01 02 8D 00 96 2D A8 31 26 02 F4 02 17 00 00 05 6C 02 D1 80 30 4C 96 8A BD 41 F3 15 95 8C 00 E6 0F 5C 57 8B 65 1F C0 00 5A 08 32 00 2D 02 5E FA 33 65 45 03 01 7D CA 78 D8 0C 3A 9B 00 0B 0A 1E 92 AA AA 
Time:	12:44:07,815
Send:	220001
Receive: 62 00 01 02 8D 00 97 2D CE 31 2F 01 DD 01 AA 00 00 03 57 01 AF 80 23 4C 38 90 BD 41 F3 15 95 14 00 E6 0F 5C 57 8E 0D 1F C0 00 5A 08 32 00 2D 02 5E FA 31 65 45 03 01 7D C8 78 D8 0C 3A 9B 00 07 3C 15 DA AA AA 
Time:	12:44:08,240
Send:	220001
Receive: 62 00 01 02 8D 00 97 2D A2 31 32 01 79 01 46 00 00 02 50 01 27 80 30 4C 3D 96 FC 41 F3 15 95 40 00 E6 06 66 57 6F F9 1F C0 00 5A 08 32 00 2D 02 5E FA 34 65 45 03 01 7D C8 78 D8 0C 3A 9B 00 05 40 11 80 AA AA 
Time:	12:44:08,633
Send:	220001
Receive: 62 00 01 02 8D 00 97 2C A8 31 35 01 1F 01 0A 03 85 01 A7 00 CF 80 2D 4C A4 96 5C 41 F3 15 95 40 00 E6 06 66 57 58 11 1F C0 00 5A 08 32 00 2D 02 5E FC FF 65 45 03 01 7C C8 78 D8 0C 3A 9B 00 03 C8 0D FE AA AA 
Time:	12:44:09,052
Send:	220001
Receive: 62 00 01 02 8D 00 97 2D 02 31 31 01 D0 01 AA 0B A3 02 A5 01 4B 80 26 4C 39 9A BC 41 F3 15 95 40 00 E6 04 7A 57 8B 65 1F C0 00 5A 08 32 00 2D 02 5E FC FE 65 45 03 01 7C C8 78 D8 0C 3A 9B 00 06 29 13 89 AA AA 
Time:	12:44:09,441
Send:	220001
Receive: 62 00 01 02 8D 00 97 2D 72 30 2F 01 FF 01 AE 0C 75 03 1C 01 91 80 9C 4C AD 97 7C 41 F3 15 95 25 00 E6 04 7A 57 96 05 1F C0 00 5A 08 32 00 2D 02 5E FC FE 65 45 03 01 7C C0 78 D8 0C 3A 9B 00 07 24 15 A0 AA AA 
Time:	12:44:09,862
Send:	220001
Receive: 62 00 01 02 8D 00 97 2C CA 31 2E 02 64 01 EA 13 8A 03 BA 01 D8 80 A6 4C B2 97 9C 41 F3 15 95 E4 00 E6 04 7A 57 A8 98 1F C0 00 5A 08 33 00 2D 02 5E FC FE 65 45 03 01 7C C0 78 D8 0C 3A 9B 00 08 94 19 00 AA AA 
Time:	12:44:10,274
Send:	220001
Receive: 62 00 01 02 8D 00 97 2D 18 31 2D 02 66 01 ED 13 F0 03 D1 01 E8 80 A5 4C B8 97 3C 41 F3 15 96 36 00 E6 08 F5 57 AB 40 1F C0 00 5A 08 34 00 2D 02 5E FC FE 65 45 03 01 7C C0 78 D8 0C 3A 9B 00 08 C2 19 6F AA AA 
Time:	12:44:10,681
Send:	220001
Receive: 62 00 01 02 8D 00 97 2D 1E 31 2D 02 6D 01 EF 13 F0 03 D5 01 E6 80 9E 4C 7D 98 3C 41 F3 15 96 20 00 E6 08 F5 57 AA 5A 1F C0 00 5A 08 34 00 2D 02 5E FC FE 65 45 03 01 7C C0 78 D8 0C 3A 9B 00 08 C6 19 5C AA AA 
Time:	12:44:11,081
Send:	220001
Receive: 62 00 01 02 8D 00 97 2D 34 31 2E 02 30 01 B8 00 00 03 7D 01 BD 80 9C 4C 70 98 BC 41 F3 15 95 3A 00 E6 09 99 57 96 E6 1F C0 00 5A 08 34 00 2D 02 5F FA 37 65 45 03 01 7D C8 78 D8 0C 3A 9B 00 07 CF 17 23 AA AA 
Time:	12:44:11,471
Send:	220001
Receive: 62 00 01 02 8D 00 97 2C 6E 31 34 01 2D 01 14 00 00 01 B9 00 D7 80 26 4C 6E 99 1C 41 F3 15 95 40 00 E6 09 99 57 5A B9 1F C0 00 5A 08 34 00 2D 02 5F FA 41 65 45 03 05 7D C8 78 D8 0C 3A 9B 00 03 EB 0E 5F AA AA 
Time:	12:44:11,871
Send:	220001
Receive: 62 00 01 02 8D 00 97 29 AE 30 34 01 48 00 FB 00 00 01 C7 00 CD 80 2F 4C 3B 9C FC 41 F3 15 94 5D 00 E6 09 99 57 53 A7 1F C0 00 5A 08 3E 00 2D 02 61 FA 5E 65 45 03 05 7D C8 78 D8 0C 3A 9B 00 04 20 0E 4D AA AA 
Time:	12:44:12,271
Send:	220001
Receive: 62 00 01 02 8D 00 97 22 AE 30 18 01 D4 01 7D 15 66 02 A5 00 E6 78 1C 4C 2C 7F FD 41 F3 15 8D EB 00 E6 04 11 57 17 07 1F C0 00 5A 08 9E 00 2D 02 7D FC D7 65 45 03 05 3C C8 78 D8 0C 3A 9B 00 06 6F 11 A0 AA AA 
Time:	12:44:12,671
Send:	220001
Receive: 62 00 01 02 8D 00 98 20 8E 30 29 03 18 01 A2 1B A3 05 10 01 C7 7B CC 4C D2 7A 7D 41 F3 15 91 29 00 E6 04 11 58 17 7F 1F C0 00 5A 08 AE 00 2D 02 82 FC D1 65 45 03 05 3C C0 78 D8 0C 3A 9B 00 0B 92 1D 7A AA AA 
Time:	12:44:13,105
Send:	220001
Receive: 62 00 01 02 8D 00 98 20 76 30 23 03 F2 02 12 29 8F 06 C1 02 6A 75 CA 4C D7 75 1D 41 F3 15 91 2E 00 E6 0A 82 58 19 41 1F C0 00 5A 08 B1 00 2D 02 83 FC D0 65 45 03 01 7C C2 78 D8 0C 3A 9B 00 0F DB 26 AB AA AA 
Time:	12:44:13,510
Send:	220001
Receive: 62 00 01 02 8D 00 98 20 8A 30 22 03 D7 02 21 2B 3D 07 22 02 8A 79 C7 4C D7 6E FD 41 F3 15 91 2E 00 E6 0A 82 58 1B 08 1F C0 00 5A 08 B1 00 2D 02 83 FC D0 65 45 03 01 7C C2 78 D8 0C 3A 9B 00 10 52 27 0C AA AA 
Time:	12:44:13,892
Send:	220001
Receive: 62 00 01 02 8D 00 98 20 B2 30 23 03 46 01 F4 29 8F 06 94 02 5B 7A C3 4C D5 69 1D 41 F3 15 91 42 00 E6 0A 82 58 1B E9 1F C0 00 5A 08 AF 00 2D 02 82 FC D1 65 45 03 01 7C C2 78 D8 0C 3A 9B 00 0F 04 24 7F AA AA 
Time:	12:44:14,283
Send:	220001
Receive: 62 00 01 02 8D 00 98 20 EC 30 24 03 19 01 F4 28 BD 06 77 02 55 7C BC 4C D1 63 5D 41 F3 15 91 76 00 E6 08 AE 58 1D B0 1F C0 00 5A 08 AB 00 2D 02 81 FC D2 65 45 03 01 7C C2 78 D8 0C 3A 9B 00 0E B9 23 F2 AA AA 
Time:	12:44:14,690
Send:	220001
Receive: 62 00 01 02 8D 00 98 21 0E 31 24 02 FA 01 F4 28 BD 06 70 02 56 7E B4 4C CE 5D BE 41 F3 15 91 9A 00 E6 08 AE 58 1E 91 1F C0 00 5A 08 A9 00 2D 02 80 FC D3 65 45 03 01 7C C2 78 D8 0C 3A 9B 00 0E C7 24 06 AA AA 
Time:	12:44:15,081
Send:	220001
Receive: 62 00 01 02 8D 00 98 21 34 31 25 02 FC 01 F9 29 28 06 78 02 5B 80 28 4C 8F 5E BE 41 F3 15 91 D3 00 E6 07 4F 58 20 58 1F C0 00 5A 08 A7 00 2D 02 80 FC D3 65 45 03 01 7C C2 78 D8 0C 3A 9B 00 0E C7 24 16 AA AA 
Time:	12:44:15,471
Send:	220001
Receive: 62 00 01 02 8D 00 98 21 3A 31 25 02 FF 01 F9 29 8F 06 7E 02 5E 80 9B 4C A0 5F 1E 41 F3 15 91 AF 00 E6 07 4F 58 22 1A 1F C0 00 5A 08 A7 00 2D 02 80 FC D4 65 45 03 01 7C C2 78 D8 0C 3A 9B 00 0E E5 24 3E AA AA 
Time:	12:44:15,874
Send:	220001
Receive: 62 00 01 02 8D 00 98 21 50 31 24 03 0C 01 FC 29 8F 06 88 02 63 80 2B 4C 5A 60 DE 41 F3 15 91 D3 00 E6 07 4F 58 22 FB 1F C0 00 5A 08 A6 00 2D 02 7F FC D4 65 45 03 01 7C C2 78 D8 0C 3A 9B 00 0E F8 24 5D AA AA 
Time:	12:44:16,353
Send:	220001
Receive: 62 00 01 02 8D 00 98 21 6C 31 24 03 15 01 FE 29 8F 06 90 02 6B 80 2E 4C 81 61 7E 41 F3 15 91 F7 00 E6 07 C3 58 24 C2 1F C0 00 5A 08 A4 00 2D 02 7F FC D4 65 45 03 01 7C C2 78 D8 0C 3A 9B 00 0E FE 24 65 AA AA 
Time:	12:44:16,751
Send:	220001
Receive: 62 00 01 02 8D 00 98 21 8E 31 24 03 0A 02 03 29 8F 06 A3 02 74 80 A2 4C AB 5D 7E 41 F3 15 92 02 00 E6 07 C3 58 26 89 1F C0 00 5A 08 A2 00 2D 02 7E FC D5 65 45 03 01 7C C2 78 D8 0C 3A 9B 00 0F 2F 24 C1 AA AA 
Time:	12:44:17,200
Send:	220001
Receive: 62 00 01 02 8D 00 98 21 A8 31 24 03 14 02 03 29 28 06 A9 02 73 80 9E 4C 9C 5F 3E 41 F3 15 92 11 00 E6 08 5C 58 28 4B 1F C0 00 5A 08 A0 00 2D 02 7E FC D6 65 45 03 01 7C C2 78 D8 0C 3A 9B 00 0F 23 24 AB AA AA 
Time:	12:44:17,613
Send:	220001
Receive: 62 00 01 02 8D 00 98 21 C8 32 24 03 0F 02 03 29 28 06 9C 02 76 80 9D 4C 99 5F 9E 41 F3 15 92 40 00 E6 08 5C 58 29 31 1F C0 00 5A 08 9E 00 2D 02 7D FC D7 65 45 03 01 7C C2 78 D8 0C 3A 9B 00 0F 1E 24 9C AA AA 
Time:	12:44:18,001
Send:	220001

Fixed toLineMF: 03E 62 00 01 02 8D 00 98 21 E2 32 24 03 1C 74 80 38 4C 6A 63 5D 41 F3 15 92 40 00 E6 08 DC 57 2A F3 1F C0 00 5A 08 9D 00 2D 02 7D FC D7 65 45 03 01 7C C2 78 D8 0C 3A 9B 00 0F 0F 24 7D AA AA 
Receive: 62 00 01 02 8D 00 98 21 E2 32 24 03 1C 74 80 38 4C 6A 63 5D 41 F3 15 92 40 00 E6 08 DC 57 2A F3 1F C0 00 5A 08 9D 00 2D 02 7D FC D7 65 45 03 01 7C C2 78 D8 0C 3A 9B 00 0F 0F 24 7D AA AA 

Fixed toLineMF: 03E 62 00 01 02 8D 00 98 21 E2 32 24 03 1C 74 80 38 4C 6A 63 5D 41 F3 15 92 40 00 E6 08 DC 57 2A F3 1F C0 00 5A 08 9D 00 2D 02 7D FC D7 65 45 03 01 7C C2 78 D8 0C 3A 9B 00 0F 0F 24 7D AA AA 
Time:	12:44:18,380
Send:	220001
Receive: 62 00 01 02 8D 00 99 22 04 32 25 03 14 02 03 29 28 06 96 02 76 80 2B 4C 98 61 DE 41 F3 15 92 60 00 E6 08 DC 57 2C BA 1F C0 FF 5A 08 9B 00 2D 02 7C FC D8 65 45 03 01 7C C2 78 D8 0C 3A 9B 00 0F 13 24 84 AA AA 
Time:	12:44:18,783
Send:	220001
Receive: 62 00 01 02 8D 00 99 22 16 32 25 03 0D 01 FE 28 BD 06 91 02 76 80 35 4C A2 60 DE 41 F3 15 92 6F 00 E6 08 DC 57 2D 9B 1F C0 FF 5A 08 99 00 2D 02 7C FC D8 65 45 03 01 7C C2 78 D8 0C 3A 9B 00 0E F7 24 4B AA AA 
Time:	12:44:19,170
Send:	220001
Receive: 62 00 01 02 8D 00 99 22 34 32 26 02 ED 01 F4 26 A8 06 6F 02 6A 80 A2 4C AE 5E 3E 41 F3 15 92 7A 00 E6 08 5C 57 2E 7C 1F C0 FF 5A 08 99 00 2D 02 7C FC D9 65 45 03 01 7C C2 78 D8 0C 3A 9B 00 0E AB 23 B8 AA AA 
Time:	12:44:19,571
Send:	220001
Receive: 62 00 01 02 8D 00 99 22 32 33 14 02 13 01 4D 00 00 04 D9 01 DC 80 2A 4C 65 65 1D 41 F3 15 92 8F 00 E6 08 5C 57 30 43 1F C0 00 5A 08 99 00 2D 02 7C FA 80 65 45 03 01 7D CA 78 D8 0C 3A 9B 00 0B 02 1B EE AA AA 
Time:	12:44:19,972
Send:	220001
Receive: NO DATA
Time:	12:44:20,253
Send:	220001
Receive: NO DATA
Time:	12:44:20,528
Send:	220001
Receive: NO DATA
Time:	12:44:20,812
Send:	220001
Receive: NO DATA
Time:	12:44:21,116
Send:	220001
Receive: NO DATA
Time:	12:44:21,436
Send:	220001
Receive: NO DATA
Time:	12:44:21,747
Send:	220001
Receive: NO DATA
Time:	12:44:22,039
Send:	220001
Receive: 62 00 01 02 8D 00 99 21 AE 32 27 02 AD 01 C2 20 D6 05 C2 02 22 80 34 4C 3F 62 5E 41 F3 15 92 2C 00 E6 07 61 57 3F 4D 1F C0 00 5A 08 A0 00 2D 02 7E FC D6 65 45 03 01 7C C2 78 D8 0C 3A 9B 00 0D 2A 20 9B AA AA 
Time:	12:44:22,447
Send:	220001

Fixed toLineMF: 03E 62 00 01 02 8D 00 99 21 D6 32 27 02 91 01 BE 20 D6 05 B3 02 1F 80 A4 4C AB 5E 9E 41 F3 15 92 31 00 E6 07 61 58 41 F5 1F C0 00 5A 08 9D 00 2D 02 7C C2 78 D8 0C 3A 9B 00 0D 07 20 4D AA AA 
Receive: 62 00 01 02 8D 00 99 21 D6 32 27 02 91 01 BE 20 D6 05 B3 02 1F 80 A4 4C AB 5E 9E 41 F3 15 92 31 00 E6 07 61 58 41 F5 1F C0 00 5A 08 9D 00 2D 02 7C C2 78 D8 0C 3A 9B 00 0D 07 20 4D AA AA 

Fixed toLineMF: 03E 62 00 01 02 8D 00 99 21 D6 32 27 02 91 01 BE 20 D6 05 B3 02 1F 80 A4 4C AB 5E 9E 41 F3 15 92 31 00 E6 07 61 58 41 F5 1F C0 00 5A 08 9D 00 2D 02 7C C2 78 D8 0C 3A 9B 00 0D 07 20 4D AA AA 
Time:	12:44:22,829
Send:	220001
Receive: 62 00 01 02 8D 00 99 21 E0 32 27 02 A1 01 BB 20 D6 05 A8 02 1B 80 47 4C 41 64 7D 41 F3 15 92 3B 00 E6 07 61 58 43 BC 1F C0 00 5A 08 9D 00 2D 02 7D FC D7 65 45 03 01 7C C2 78 D8 0C 3A 9B 00 0C EB 20 16 AA AA 
Time:	12:44:23,224
Send:	220001
Receive: 62 00 01 02 8D 00 99 21 F4 32 27 02 82 01 B4 1F 94 05 9C 02 17 80 6C 4C A8 62 3E 41 F3 15 92 55 00 E6 07 61 58 46 5F 1F C0 00 5A 08 9C 00 2D 02 7D FC D7 65 45 03 01 7C C2 78 D8 0C 3A 9B 00 0C BB 1F AA AA AA 
Time:	12:44:23,600
Send:	220001
Receive: 62 00 01 02 8D 00 99 22 0A 32 27 02 89 01 B4 1F 94 05 80 02 10 80 9F 4C 7B 63 DD 41 F3 15 92 60 00 E6 07 61 58 49 07 1F C0 00 5A 08 9B 00 2D 02 7C FC D8 65 45 03 01 7C C2 78 D8 0C 3A 9B 00 0C 9C 1F 68 AA AA 
Time:	12:44:24,007
Send:	220001
Receive: 62 00 01 02 8D 00 9A 22 08 32 28 02 7B 01 AA 1E 56 05 64 02 03 80 2D 4C 56 65 1D 41 F3 15 92 65 00 E6 06 E4 58 4B AF 1F C0 00 5A 08 9B 00 2D 02 7C FC D8 65 45 03 01 7C C2 78 D8 0C 3A 9B 00 0C 53 1E C9 AA AA 
Time:	12:44:24,421
Send:	220001
Receive: 62 00 01 02 8D 00 9A 22 0C 32 28 02 54 01 8E 1C 0F 05 47 01 FC 80 A3 4C A9 60 BE 41 F3 15 92 50 00 E6 06 E4 58 4E 57 1F C0 00 5A 08 9B 00 2D 02 7C FC D8 65 45 03 01 7C C2 78 D8 0C 3A 9B 00 0B C2 1D 91 AA AA 
Time:	12:44:24,812
Send:	220001
Receive: 62 00 01 02 8D 00 9A 22 0A 32 29 02 3D 01 82 1A 2D 04 E2 01 D1 80 45 4C 42 67 7D 41 F3 15 92 5B 00 E6 06 E4 58 51 E0 1F C0 00 5A 08 9B 00 2D 02 7C FC D8 65 45 03 01 7C C0 78 D8 0C 3A 9B 00 0B 10 1C 06 AA AA 
Time:	12:44:25,204
Send:	220001
Receive: 62 00 01 02 8D 00 9A 21 FC 32 29 02 23 01 7D 19 5C 04 CF 01 CA 80 8D 4C A8 61 5E 41 F3 15 92 50 00 E6 05 E6 58 55 6E 1F C0 00 5A 08 9C 00 2D 02 7C FC D8 65 45 03 01 7C C0 78 D8 0C 3A 9B 00 0B 02 1B E9 AA AA 
Time:	12:44:25,590
Send:	220001
Receive: 62 00 01 02 8D 00 9A 21 F4 32 29 02 2D 01 7D 19 5C 04 D0 01 CB 80 A7 4C 9B 64 1D 41 F3 15 92 55 00 E6 05 E6 58 58 F7 1F C0 00 5A 08 9C 00 2D 02 7D FC D7 65 45 03 01 7C C0 78 D8 0C 3A 9B 00 0A F7 1B CF AA AA 
Time:	12:44:25,974
Send:	220001
Receive: 62 00 01 02 8D 00 9A 21 F2 32 2A 02 2F 01 7D 19 5C 04 CA 01 C8 80 28 4C 3B 65 DD 41 F3 15 92 4B 00 E6 05 E6 58 5D 61 1F C0 00 5A 08 9C 00 2D 02 7D FC D8 65 45 03 01 7C C0 78 D8 0C 3A 9B 00 0A F4 1B C9 AA AA 
Time:	12:44:26,363
Send:	220001

Fixed toLineMF: 03E 62 00 01 02 8D 00 9A 21 C4 32 16 01 A6 01 21 00 00 03 E2 01 70 80 2B 4C 64 64 1D 41 F3 15 91 61 00 E6 05 E6 58 61 D0 1F C0 00 5A 08 9F 00 2D 02 7D C8 78 D8 0C 3A 9B 00 08 BD 16 B4 AA AA 
Receive: 62 00 01 02 8D 00 9A 21 C4 32 16 01 A6 01 21 00 00 03 E2 01 70 80 2B 4C 64 64 1D 41 F3 15 91 61 00 E6 05 E6 58 61 D0 1F C0 00 5A 08 9F 00 2D 02 7D C8 78 D8 0C 3A 9B 00 08 BD 16 B4 AA AA 

Fixed toLineMF: 03E 62 00 01 02 8D 00 9A 21 C4 32 16 01 A6 01 21 00 00 03 E2 01 70 80 2B 4C 64 64 1D 41 F3 15 91 61 00 E6 05 E6 58 61 D0 1F C0 00 5A 08 9F 00 2D 02 7D C8 78 D8 0C 3A 9B 00 08 BD 16 B4 AA AA 
Time:	12:44:26,767
Send:	220001
Receive: 62 00 01 02 8D 00 9A 21 BE 31 0F 01 76 00 FE 00 00 03 4F 01 3D 80 25 4C 34 6B 1D 41 F3 15 8F 87 00 E6 05 E6 58 66 3A 1F C0 00 5A 08 9E 00 2D 02 7D FA 7F 65 45 03 01 7D C8 78 D8 0C 3A 9B 00 07 78 13 F5 AA AA 
Time:	12:44:27,164
Send:	220001
Receive: 62 00 01 02 8D 00 9A 21 5A 31 22 01 4B 00 D3 00 00 02 C9 01 04 80 98 4C 7D 6B 5D 41 F3 15 8E 43 00 E6 03 33 58 58 F7 1F C0 00 5A 08 A4 00 2D 02 7F FA 83 65 45 03 01 7D C8 78 D8 0C 3A 9B 00 06 4C 11 2D AA AA 
Time:	12:44:27,562
Send:	220001
Receive: 62 00 01 02 8D 00 9A 20 F4 31 11 01 27 00 A6 00 00 02 79 00 E6 80 BB 4C C4 67 FD 41 F3 15 8E 9C 00 E6 03 33 58 4D 76 1F C0 00 5A 08 AA 00 2D 02 81 FA 84 65 45 03 01 7D C8 78 D8 0C 3A 9B 00 05 7F 0F 57 AA AA 
Time:	12:44:27,960
Send:	220001

Fixed toLineMF: 03E 62 00 01 02 8D 00 9A 20 98 30 02 00 F1 00 88 00 00 01 F5 00 B4 80 24 4C 53 65 BD 01 D3 58 43 BC 1F C0 00 5A 08 AF 00 2D 02 82 FA 91 65 45 03 01 7D C8 78 D8 0C 3A 9B 00 04 86 0D 56 AA AA 
Receive: 62 00 01 02 8D 00 9A 20 98 30 02 00 F1 00 88 00 00 01 F5 00 B4 80 24 4C 53 65 BD 01 D3 58 43 BC 1F C0 00 5A 08 AF 00 2D 02 82 FA 91 65 45 03 01 7D C8 78 D8 0C 3A 9B 00 04 86 0D 56 AA AA 

Fixed toLineMF: 03E 62 00 01 02 8D 00 9A 20 98 30 02 00 F1 00 88 00 00 01 F5 00 B4 80 24 4C 53 65 BD 01 D3 58 43 BC 1F C0 00 5A 08 AF 00 2D 02 82 FA 91 65 45 03 01 7D C8 78 D8 0C 3A 9B 00 04 86 0D 56 AA AA 
Time:	12:44:28,363
Send:	220001
Receive: 62 00 01 02 8D 00 9A 20 2A 2F EF 00 00 00 92 00 00 01 E9 00 AD 80 1F 4C 2C 7F FD 41 F3 15 8F 69 00 E6 01 D3 58 00 00 1F C0 00 5A 08 B5 00 2D 02 84 FA A6 65 45 03 01 29 C9 78 D8 0C 3A 9B 00 04 6C 0D 2B AA AA 
Time:	12:44:28,781
Send:	220001
Receive: 62 00 01 02 8D 00 9A 1F B4 2F EE 00 00 00 A1 00 00 02 02 00 B2 80 19 4C 28 7F FD 41 F3 15 8F 55 00 E6 01 D3 58 00 00 1F C0 00 5A 08 BC 00 2D 02 86 FA BE 65 45 03 01 29 C9 78 D8 0C 3A 9B 00 04 A5 0D B2 AA AA 
Time:	12:44:29,171
Send:	220001
Receive: 62 00 01 02 8D 00 9A 1F 36 2E ED 00 00 00 A4 00 00 02 11 00 B4 80 18 4C 26 7F FD 41 F3 15 8F 28 00 E6 00 00 58 00 00 1F C0 00 5A 08 C4 00 2D 02 88 FA D8 65 45 03 01 29 C9 78 D8 0C 3A 9B 00 04 C1 0E 19 AA AA 
Time:	12:44:29,583
Send:	220001

Fixed toLineMF: 03E 62 00 01 02 8D 00 00 A4 00 00 02 0B 00 B0 80 17 4C 25 7F FD 41 F3 15 8F 23 00 E6 00 00 58 00 00 1F C0 00 5A 08 CA 00 2D 02 8A FA EE 65 45 03 01 29 C9 78 D8 0C 3A 9B 00 04 B0 0E 3A AA AA 
Receive: 62 00 01 02 8D 00 00 A4 00 00 02 0B 00 B0 80 17 4C 25 7F FD 41 F3 15 8F 23 00 E6 00 00 58 00 00 1F C0 00 5A 08 CA 00 2D 02 8A FA EE 65 45 03 01 29 C9 78 D8 0C 3A 9B 00 04 B0 0E 3A AA AA 

Fixed toLineMF: 03E 62 00 01 02 8D 00 00 A4 00 00 02 0B 00 B0 80 17 4C 25 7F FD 41 F3 15 8F 23 00 E6 00 00 58 00 00 1F C0 00 5A 08 CA 00 2D 02 8A FA EE 65 45 03 01 29 C9 78 D8 0C 3A 9B 00 04 B0 0E 3A AA AA 
Time:	12:44:29,993
Send:	220001
Receive: 62 00 01 02 8D 00 9A 1E 58 2D EE 00 00 00 A4 00 00 01 FF 00 AA 80 17 4C 26 7F FD 41 F3 15 8F 0A 00 E6 00 00 58 00 00 1F C0 00 5A 08 D1 00 2D 02 8C FB 07 65 45 03 01 29 C9 78 D8 0C 3A 9B 00 04 90 0E 63 AA AA 
Time:	12:44:30,401
Send:	220001
Receive: 62 00 01 02 8D 00 9A 1D EA 2C EF 00 00 00 A4 00 00 01 F5 00 A4 80 17 4C 27 7F FD 41 F3 15 8E F6 00 E6 00 00 59 00 00 1F C0 00 5A 08 D8 00 2D 02 8E FB 1A 65 45 03 01 29 C9 78 D8 0C 3A 9B 00 04 6F 0E 85 AA AA 
Time:	12:44:30,793
Send:	220001
Receive: 62 00 01 02 8D 00 9B 1D 6E 2B EF 00 00 00 A6 00 00 01 EC 00 9F 80 17 4C 26 7F FD 41 F3 15 8E E7 00 E6 00 00 59 00 00 1F C0 00 5A 08 DF 00 2D 02 90 FB 38 65 45 03 01 29 C9 78 D8 0C 3A 9B 00 04 68 0E D1 AA AA 
Time:	12:44:31,180
Send:	220001
Receive: 62 00 01 02 8D 00 9B 1D 04 2B EF 00 00 00 A9 00 00 01 E9 00 9C 80 17 4C 26 7F FD 41 F3 15 8E DD 00 E6 00 00 59 00 00 1F C0 00 5A 08 E6 00 2D 02 92 FB 4C 65 45 03 01 29 C9 78 D8 0C 3A 9B 00 04 69 0F 16 AA AA 
Time:	12:44:31,593
Send:	220001
Receive: 62 00 01 02 8D 00 9B 1C 94 2A EF 00 00 00 A6 00 00 01 E6 00 98 80 17 4C 26 7F FD 41 F3 15 8E D8 00 E6 00 00 59 00 00 1F C0 00 5A 08 EC 00 2D 02 94 FB 66 65 45 03 01 29 C9 78 D8 0C 3A 9B 00 04 5A 0F 6B AA AA 
Time:	12:44:31,982
Send:	220001
Receive: 62 00 01 02 8D 00 9B 1C 28 29 EF 00 00 00 A9 00 00 01 E6 00 96 80 17 4C 27 7F FD 41 F3 15 8E CE 00 E6 00 00 59 00 00 1F C0 00 5A 08 F2 00 2D 02 96 FB 7A 65 45 03 01 29 C9 78 D8 0C 3A 9B 00 04 5A 0F A2 AA AA 
Time:	12:44:32,383
Send:	220001
Receive: NO DATA
Time:	12:44:32,668
Send:	220001
Receive: NO DATA
Time:	12:44:32,945
Send:	220001
Receive: NO DATA
Time:	12:44:33,240
Send:	220001
Receive: NO DATA
Time:	12:44:33,526
Send:	220001
Receive: NO DATA
Time:	12:44:33,822
Send:	220001
Receive: NO DATA
Time:	12:44:34,119
Send:	220001
Receive: NO DATA
Time:	12:44:34,421
Send:	220001
Receive: 62 00 01 02 87 00 9B 11 84 21 00 02 2B 00 B0 00 00 03 A5 00 B0 79 1F 4C 2A 81 1D 41 F3 15 85 13 00 E6 02 D0 5A 17 16 1F C0 00 5A 09 22 00 2D 03 49 FF 42 65 45 03 07 3D E8 78 D8 0C 3A 9B 00 08 39 1B 1C AA AA 
Time:	12:44:34,814
Send:	220001
Receive: 62 00 01 02 8C 00 9B 10 82 1F 01 02 1E 00 AB 00 00 03 AF 00 A6 77 BC 4C C0 7D 1D 41 F3 15 84 7C 00 E6 02 D0 5A 17 52 1F C0 00 5A 09 22 00 2D 02 F4 FF A8 65 45 03 07 7D E8 78 D8 0C 3A 9B 00 08 93 1B DA AA AA 
Time:	12:44:35,201
Send:	220001
Receive: 62 00 01 02 8D 00 9B 10 02 1D 03 02 64 00 BF 00 00 04 43 00 C4 77 C2 4C CD 7A BD 41 F3 15 82 EA 00 E6 02 DD 5A 17 7F 1F C0 00 5A 09 22 00 2D 02 DC 04 23 65 45 03 03 7D E0 78 D8 0C 3A 9B 00 09 92 1E 09 AA AA 
Time:	12:44:35,601
Send:	220001
Receive: 62 00 01 02 8C 00 9B 0F BE 1A 01 01 C3 00 81 00 00 03 7D 00 95 7A C3 4C D0 78 5D 41 F3 15 85 88 00 E6 02 DD 5A 17 7F 1F C0 00 5A 09 22 00 2D 02 25 FF D8 65 45 03 03 7D E0 78 D8 0C 3A 9B 00 07 A8 1A 42 AA AA 
Time:	12:44:35,984
Send:	220001
Receive: 62 00 01 02 8C 00 9B 0E D8 18 10 01 C5 00 92 00 00 03 6A 00 8C 7C BA 4C CD 76 7D 41 F3 15 85 F9 00 E6 02 0F 5A 17 7F 1F C0 00 5A 09 22 00 2D 02 05 FF F8 65 45 03 03 7D E0 78 D8 0C 3A 9B 00 07 C9 1A AE AA AA 
Time:	12:44:36,419
Send:	220001
Receive: 62 00 01 02 8C 00 9B 0E 24 15 11 02 3D 01 23 00 00 04 28 00 A3 7E 2A 4C A3 74 BD 41 F3 15 82 05 00 E6 02 0F 5A 17 7F 1F C0 00 5A 09 22 00 2D 02 0D 04 B1 65 45 03 03 7D E2 78 D8 0C 3A 9B 00 09 F2 1F 4C AA AA 
Time:	12:44:36,844
Send:	220001
Receive: 62 00 01 02 8C 00 9B 0E E8 14 FE 02 5A 00 C2 00 00 04 92 00 C0 80 AC 4C 96 76 BD 41 F3 15 83 3D 00 E6 02 0F 5A 18 60 1F C0 00 5A 09 22 00 2D 02 08 FF E6 65 45 03 03 7D E0 78 D8 0C 3A 9B 00 0A 6F 20 32 AA AA 
Time:	12:44:37,265
Send:	220001
Receive: 62 00 01 02 8C 00 9B 0E 56 13 09 02 62 00 9F 00 00 04 8C 00 B5 80 B2 4C BC 74 3D 41 F3 15 83 28 00 E6 02 E3 5A 18 60 1F C0 00 5A 09 22 00 2D 01 E5 00 00 65 45 03 03 7D E0 78 D8 0C 3A 9B 00 0A 65 20 73 AA AA 
Time:	12:44:37,681
Send:	220001
Receive: 62 00 01 02 8C 00 9B 0E 18 11 FE 01 F3 00 88 00 00 04 06 00 9C 80 27 4C 3C 76 BD 41 F3 15 82 54 00 E6 02 E3 5A 18 60 1F C0 00 5A 09 22 00 2D 01 E8 00 00 65 45 03 03 7D E0 78 D8 0C 3A 9B 00 09 06 1D 4E AA AA 
Time:	12:44:38,092
Send:	220001
Receive: 62 00 01 02 8C 00 9B 0D F6 10 0A 01 E7 00 8D 00 00 03 D3 00 94 80 2A 4C 33 78 DD 41 F3 15 83 81 00 E6 02 22 5A 18 60 1F C0 00 5A 09 22 00 2D 01 F2 00 00 65 45 03 03 7D E0 78 D8 0C 3A 9B 00 08 BC 1C 99 AA AA 
Time:	12:44:38,472
Send:	220001
Receive: 62 00 01 02 8C 00 9B 0E 7E 0E FF 02 5D 00 C4 00 00 04 6B 00 B7 80 4E 4C 4A 7B 3D 41 F3 15 82 C8 00 E6 02 22 5A 19 41 1F C0 00 5A 09 22 00 2D 01 F5 03 E0 65 45 03 03 7D E0 78 D8 0C 3A 9B 00 0A 31 1F B4 AA AA 
Time:	12:44:38,866
Send:	220001
Receive: 62 00 01 02 8C 00 9B 0E 8C 0C 00 02 34 00 88 00 00 04 68 00 AF 80 B3 4C B3 77 1D 41 F3 15 82 C0 00 E6 02 22 5A 19 41 1F C0 00 5A 09 22 00 2D 01 F0 00 00 65 45 03 03 7D E0 78 D8 0C 3A 9B 00 0A 20 1F BB AA AA 
Time:	12:44:39,271
Send:	220001
Receive: 62 00 01 02 8D 00 9B 0E 1A 0B 08 01 D7 00 83 00 00 03 DE 00 97 80 B3 4C BB 74 BD 41 F3 15 83 42 00 E6 02 98 5A 19 41 1F C0 00 5A 09 22 00 2D 01 ED 00 00 65 45 03 03 7D E0 78 D8 0C 3A 9B 00 08 CD 1C A9 AA AA 
Time:	12:44:39,661
Send:	220001
Receive: 62 00 01 02 8D 00 9B 0E 30 09 FC 02 46 00 BA 00 00 04 73 00 B7 80 2B 4C B0 72 BD 41 F3 15 82 E1 00 E6 02 98 5A 1A 22 1F C0 00 5A 09 22 00 2D 01 ED 03 52 65 45 03 03 7D E0 78 D8 0C 3A 9B 00 0A 39 1F CB AA AA 
Time:	12:44:40,043
Send:	220001
Receive: 62 00 01 02 8C 00 9B 0E 52 07 FF 02 47 00 88 00 00 04 71 00 B3 80 4C 4C 34 77 DD 41 F3 15 82 DD 00 E6 02 98 5A 1A 22 1F C0 00 5A 09 22 00 2D 01 E7 00 00 65 45 03 03 7D E0 78 D8 0C 3A 9B 00 0A 13 1F 99 AA AA 
Time:	12:44:40,451
Send:	220001
Receive: 62 00 01 02 8C 00 9B 0D E0 05 0C 01 F6 00 B3 00 00 04 25 00 9F 80 A8 4C AC 72 FD 41 F3 15 81 FD 00 E6 02 98 5A 1A 22 1F C0 00 5A 09 22 00 2D 01 E5 02 08 65 45 03 03 7D E0 78 D8 0C 3A 9B 00 09 BD 1F 0C AA AA 
Time:	12:44:40,865
Send:	220001
Receive: 62 00 01 02 8D 00 9B 0E 18 04 02 02 34 00 A9 00 00 04 5E 00 AF 80 24 4C 2D 76 9D 41 F3 15 82 A7 00 E6 02 98 5A 1A 22 1F C0 00 5A 09 22 00 2D 01 E5 02 02 65 45 03 03 7D E0 78 D8 0C 3A 9B 00 09 F4 1F 3F AA AA 
Time:	12:44:41,241
Send:	220001
Receive: 62 00 01 02 8C 00 9B 0E 38 03 00 02 0D 00 7E 00 00 04 28 00 A3 80 89 4C 56 79 1D 41 F3 15 82 05 00 E6 02 98 5A 1B 08 1F C0 00 5A 09 22 00 2D 01 DF 00 00 65 45 03 03 7D E0 78 D8 0C 3A 9B 00 09 86 1E 51 AA AA 
Time:	12:44:41,644
Send:	220001
Receive: 62 00 01 02 8C 00 9B 0D D6 02 14 01 B5 00 88 00 00 03 B2 00 8C 80 A7 4C AB 73 FD 41 F3 15 84 48 00 E6 02 98 5A 1B 08 1F C0 00 5A 09 22 00 2D 01 F0 00 1D 65 45 03 03 7D E0 78 D8 0C 3A 9B 00 08 83 1C 60 AA AA 
Time:	12:44:42,043
Send:	220001
Receive: 62 00 01 02 8C 00 9B 0D D4 01 0C 01 BE 00 8B 00 00 03 99 00 8C 80 25 4C 36 76 DD 41 F3 15 84 DF 00 E6 02 22 5A 1B 08 1F C0 00 50 09 22 00 2D 02 02 FF D3 65 45 03 03 7D E0 78 D8 0C 3A 9B 00 08 9F 1C 73 AA AA 
Time:	12:44:42,443
Send:	220001

Fixed toLineMF: 030 62 00 01 02 8C 00 9B 0D 68 01 0B 01 CC 88 80 25 4C 2B 78 BD 41 F3 15 84 78 00 E6 02 22 5A 1B E9 1F C0 2B FF F3 65 45 03 03 00 08 7B 1C BB AA AA 
Receive: 62 00 01 02 8C 00 9B 0D 68 01 0B 01 CC 88 80 25 4C 2B 78 BD 41 F3 15 84 78 00 E6 02 22 5A 1B E9 1F C0 2B FF F3 65 45 03 03 00 08 7B 1C BB AA AA 

Fixed toLineMF: 030 62 00 01 02 8C 00 9B 0D 68 01 0B 01 CC 88 80 25 4C 2B 78 BD 41 F3 15 84 78 00 E6 02 22 5A 1B E9 1F C0 2B FF F3 65 45 03 03 00 08 7B 1C BB AA AA 
Time:	12:44:42,817
Send:	220001
Receive: 62 00 01 02 8D 00 9B 0D 46 00 07 01 EC 00 8D 00 00 03 CD 00 8E 80 24 4C 2B 7A 3D 41 F3 15 83 A7 00 E6 02 22 5A 1B E9 1F C0 00 50 09 22 00 2D 02 35 FF EB 65 45 03 03 7D E0 78 D8 0C 3A 9B 00 08 68 1D 2F AA AA 
Time:	12:44:43,213
Send:	220001
Receive: 62 00 01 02 8C 00 9C 0D 14 00 12 01 EF 00 8D 00 00 03 D1 00 8F 80 24 4C 2A 7C 1D 41 F3 15 83 8E 00 E6 01 F4 5A 1C CA 1F C0 00 50 09 22 00 2D 02 35 FF EE 65 45 03 01 7D C0 78 D8 0C 3A 9B 00 08 7E 1D 7A AA AA 
Time:	12:44:43,607
Send:	220001
Receive: 62 00 01 02 8C 00 9C 0C C4 00 15 01 EF 00 8D 00 00 03 DB 00 8C 80 22 4C 28 7E 1D 41 F3 15 83 52 00 E6 01 F4 5A 1C CA 1F C0 00 50 09 22 00 2D 02 35 00 00 65 45 03 01 7D C0 78 D8 0C 3A 9B 00 08 EC 1E 02 AA AA 
Time:	12:44:44,010
Send:	220001
Receive: 62 00 01 02 8B 00 9C 0C 96 00 14 01 FA 00 8D 00 00 03 DD 00 86 80 23 4C 27 7F FD 41 F3 15 83 46 00 E6 02 4F 5A 1D B0 1F C0 00 50 09 22 00 2D 02 33 00 00 65 45 03 01 7D C0 78 D8 0C 3A 9B 00 09 30 1E 5F AA AA 
Time:	12:44:44,404
Send:	220001
Receive: 62 00 01 02 8C 00 9C 0C A6 00 07 01 FD 00 8D 00 00 03 E2 00 88 80 28 4C 2B 82 1D 41 F3 15 83 28 00 E6 02 4F 5A 1D B0 1F C0 00 50 09 22 00 2D 02 28 00 00 65 45 03 01 7D C0 78 D8 0C 3A 9B 00 09 26 1E 64 AA AA 
Time:	12:44:44,793
Send:	220001
Receive: 62 00 01 02 8C 00 9C 0C 98 00 FF 02 08 00 8D 00 00 03 E8 00 8A 80 2A 4C 2C 84 3D 41 F3 15 83 07 00 E6 02 4F 5A 1E 91 1F C0 00 50 09 22 00 2D 02 23 00 00 65 45 03 01 7D C0 78 D8 0C 3A 9B 00 09 19 1E 8D AA AA 
Time:	12:44:45,183
Send:	220001
Receive: 62 00 01 02 8C 00 9C 0C A6 00 FE 02 26 00 8D 00 00 04 04 00 8F 80 3D 4C 36 86 3D 41 F3 15 82 60 00 E6 02 4F 5A 1E 91 1F C0 00 50 09 23 00 2D 02 15 00 00 65 45 03 01 7D C0 78 D8 0C 3A 9B 00 08 FB 1E 75 AA AA 
Time:	12:44:45,594
Send:	220001
Receive: 62 00 01 02 8D 00 9C 0C A2 00 02 02 09 00 8D 00 00 03 F3 00 8D 80 A6 4C A7 81 9D 41 F3 15 82 C4 00 E6 02 4F 5A 1F 72 1F C0 00 50 09 23 00 2D 02 10 00 00 65 45 03 01 7D C0 78 D8 0C 3A 9B 00 09 0C 1E 70 AA AA 
Time:	12:44:45,984
Send:	220001
Receive: 62 00 01 02 8D 00 9C 0C 9E 00 00 02 00 00 8D 00 00 03 EF 00 8A 80 97 4C A3 7F BD 41 F3 15 82 DD 00 E6 02 22 5A 1F 72 1F C0 00 50 09 23 00 2D 02 03 00 00 65 45 03 01 7D C0 78 D8 0C 3A 9B 00 08 F4 1E 6C AA AA 
Time:	12:44:46,391
Send:	220001
Receive: 62 00 01 02 8D 00 9C 0C 82 00 09 02 0F 00 8B 00 00 03 F2 00 8B 80 28 4C 2D 83 FD 41 F3 15 82 C8 00 E6 02 22 5A 20 58 1F C0 00 50 09 23 00 2D 02 00 00 00 65 45 03 01 7D C0 78 D8 0C 3A 9B 00 09 19 1E 94 AA AA 
Time:	12:44:46,792
Send:	220001
Receive: 62 00 01 02 8D 00 9C 0C 92 00 03 02 1B 00 8B 00 00 03 FA 00 8A 80 2E 4C 32 86 1D 41 F3 15 82 9E 00 E6 02 22 5A 20 58 1F C0 00 50 09 23 00 2D 01 F5 00 00 65 45 03 01 7D C0 78 D8 0C 3A 9B 00 08 F6 1E 95 AA AA 
Time:	12:44:47,203
Send:	220001

Fixed toLineMF: 03E 62 00 01 02 8D 00 00 8B 00 00 03 FC 00 8D 80 A3 4C 9F 83 1D 41 F3 15 82 8E 00 E6 02 3F 5A 21 39 1F C0 00 50 09 23 00 2D 01 ED 00 00 65 45 03 01 7D C0 78 D8 0C 3A 9B 00 08 F8 1E 64 AA AA 
Receive: 62 00 01 02 8D 00 00 8B 00 00 03 FC 00 8D 80 A3 4C 9F 83 1D 41 F3 15 82 8E 00 E6 02 3F 5A 21 39 1F C0 00 50 09 23 00 2D 01 ED 00 00 65 45 03 01 7D C0 78 D8 0C 3A 9B 00 08 F8 1E 64 AA AA 

Fixed toLineMF: 03E 62 00 01 02 8D 00 00 8B 00 00 03 FC 00 8D 80 A3 4C 9F 83 1D 41 F3 15 82 8E 00 E6 02 3F 5A 21 39 1F C0 00 50 09 23 00 2D 01 ED 00 00 65 45 03 01 7D C0 78 D8 0C 3A 9B 00 08 F8 1E 64 AA AA 
Time:	12:44:47,601
Send:	220001
Receive: 62 00 01 02 8D 00 9C 0C 98 00 06 02 06 00 8B 00 00 03 F0 00 8A 80 A6 4C AC 81 1D 41 F3 15 82 D5 00 E6 02 3F 5A 22 1A 1F C0 00 50 09 24 00 2D 01 E3 00 00 65 45 03 01 7D C0 78 D8 0C 3A 9B 00 08 EE 1E 78 AA AA 
Time:	12:44:47,991
Send:	220001
Receive: 62 00 01 02 8D 00 9C 0C 6C 00 0C 02 05 00 8B 00 00 03 EB 00 88 80 2A 4C 94 83 3D 41 F3 15 82 F6 00 E6 02 3F 5A 22 FB 1F C0 00 50 09 24 00 2D 01 E8 00 00 65 45 03 01 7D C0 78 D8 0C 3A 9B 00 09 32 1E AF AA AA 
Time:	12:44:48,392
Send:	220001
Receive: 62 00 01 02 8D 00 9C 0C A6 00 02 02 0F 00 88 00 00 03 F1 00 8D 80 2B 4C 2D 85 3D 41 F3 15 82 D0 00 E6 02 3F 5A 23 E1 1F C0 00 50 09 24 00 2D 01 DB 00 00 65 45 03 01 7D C0 78 D8 0C 3A 9B 00 08 FC 1E 3E AA AA 
Time:	12:44:48,793
Send:	220001
Receive: 62 00 01 02 8D 00 9C 0C A2 00 05 02 06 00 88 00 00 03 EC 00 8C 80 A2 4C 9C 82 9D 41 F3 15 82 F2 00 E6 02 3F 5A 23 E1 1F C0 00 50 09 24 00 2D 01 CD 00 00 65 45 03 01 7D C0 78 D8 0C 3A 9B 00 08 C2 1E 55 AA AA 
Time:	12:44:49,200
Send:	220001
Receive: 62 00 01 02 8D 00 9C 0C 90 00 07 01 FA 00 88 00 00 03 E5 00 8A 80 9D 4C AA 80 9D 41 F3 0F 83 18 00 E6 02 11 5A 24 C2 1F C0 00 50 09 24 00 2D 01 CB 00 00 65 45 03 01 7D C0 78 D8 0C 3A 9B 00 08 CD 1E 33 AA AA 
Time:	12:44:49,593
Send:	220001
Receive: 62 00 01 02 8D 00 9C 0C 78 00 09 02 03 00 88 00 00 03 E0 00 87 80 29 4C 35 83 DD 41 F3 0F 83 35 00 E6 02 11 5A 25 A3 1F C0 00 50 09 24 00 2D 01 CB 00 00 65 45 03 01 7D C0 78 D8 0C 3A 9B 00 08 F4 1E 4B AA AA 
Time:	12:44:49,993
Send:	220001
Receive: 62 00 01 02 8D 00 9C 0C A0 00 08 02 02 00 88 00 00 03 D7 00 8A 80 2B 4C 2B 85 DD 41 F3 0F 83 6C 00 E6 02 3F 5A 26 89 1F C0 00 50 09 25 00 2D 01 C0 00 00 65 45 03 01 7D C0 78 D8 0C 3A 9B 00 08 E6 1E 08 AA AA 
Time:	12:44:50,412
Send:	220001
Receive: 62 00 01 02 8D 00 9C 0C 9A 00 08 01 FB 00 88 00 00 03 DA 00 88 80 A2 4C 9D 82 BD 41 F3 0F 83 5B 00 E6 02 3F 5A 27 6A 1F C0 00 50 09 25 00 2D 01 B5 00 00 65 45 03 01 7D C0 78 D8 0C 3A 9B 00 08 E0 1E 0F AA AA 
Time:	12:44:50,791
Send:	220001
Receive: 62 00 01 02 8D 00 9C 0C 7A 00 0B 01 EE 00 88 00 00 03 D1 00 83 80 A3 4C A8 80 DD 41 F3 0F 83 8E 00 E6 02 3F 5A 28 4B 1F C0 00 50 09 25 00 2D 01 B0 00 00 65 45 03 01 7D C0 78 D8 0C 3A 9B 00 08 DE 1E 44 AA AA 
Time:	12:44:51,173
Send:	220001
Receive: 62 00 01 02 8D 00 9C 0C 88 00 03 02 09 00 86 00 00 03 E4 00 88 80 2D 4C 40 83 FD 41 F3 0F 83 1C 00 E6 02 11 5B 29 31 1F C0 00 50 09 25 00 2D 01 AD 00 00 65 45 03 01 7D C0 78 D8 0C 3A 9B 00 08 D9 1E 27 AA AA 
Time:	12:44:51,586
Send:	220001
Receive: 62 00 01 02 8D 00 9D 0C 92 00 FE 02 16 00 88 00 00 03 ED 00 8C 80 2B 4C 2E 85 DD 41 F3 0F 82 EA 00 E6 02 11 5B 2A 12 1F C0 00 50 09 25 00 2D 01 A5 00 00 65 45 03 01 7D C0 78 D8 0C 3A 9B 00 08 D0 1E 1C AA AA 
Time:	12:44:51,983
Send:	220001
Receive: 62 00 01 02 8D 00 9D 0C 9C 00 07 02 00 00 86 00 00 03 DE 00 88 80 A2 4C 9F 82 DD 41 F3 0F 83 42 00 E6 02 22 5B 2A F3 1F C0 00 50 09 26 00 2D 01 9A 00 00 65 45 03 01 7D C0 78 D8 0C 3A 9B 00 08 C5 1E 0A AA AA 
Time:	12:44:52,380
Send:	220001
Receive: 62 00 01 02 8D 00 9D 0C 7A 00 08 02 04 00 83 00 00 03 E9 00 88 80 A5 4C A8 80 FD 41 F3 0F 83 03 00 E6 02 22 5B 2B D4 1F C0 00 50 09 26 00 2D 01 9D 00 00 65 45 03 01 7D C0 78 D8 0C 3A 9B 00 08 CD 1E 45 AA AA 
Time:	12:44:52,762
Send:	220001
Receive: 62 00 01 02 8D 00 9D 0C 86 00 07 02 0B 00 86 00 00 03 E7 00 88 80 29 4C 31 84 DD 41 F3 0F 83 0B 00 E6 02 22 5B 2C BA 1F C0 00 50 09 26 00 2D 01 9B 00 00 65 45 03 01 7D C0 78 D8 0C 3A 9B 00 08 E6 1E 49 AA AA 
Time:	12:44:53,143
Send:	220001
Receive: 62 00 01 02 8D 00 9D 0C 8E 00 04 02 13 00 86 00 00 03 E5 00 8A 80 45 4C 36 86 DD 41 F3 0F 83 13 00 E6 02 3F 5B 2D 9B 1F C0 00 50 09 26 00 2D 01 93 00 00 65 45 03 01 7D C0 78 D8 0C 3A 9B 00 08 EC 1E 36 AA AA 
Time:	12:44:53,534
Send:	220001
Receive: 62 00 01 02 8D 00 9D 0C 92 00 07 01 FD 00 83 00 00 03 DE 00 88 80 AB 4C A5 82 DD 41 F3 0F 83 42 00 E6 02 3F 5B 2E 7C 1F C0 00 50 09 26 00 2D 01 8A 00 00 65 45 03 01 7D C0 78 D8 0C 3A 9B 00 08 CE 1E 1A AA AA 
Time:	12:44:53,921
Send:	220001
Receive: 62 00 01 02 8D 00 9D 0C 66 00 07 01 FF 00 83 00 00 03 E4 00 86 80 A6 4C AA 80 DD 41 F3 0F 83 1C 00 E6 02 11 5B 2F 62 1F C0 00 50 09 27 00 2D 01 90 00 00 65 45 03 01 7D C0 78 D8 0C 3A 9B 00 08 CD 1E 67 AA AA 
Time:	12:44:54,320
Send:	220001
Receive: 62 00 01 02 8C 00 9D 0C 6E 00 0D 01 F9 00 83 00 00 03 D7 00 86 80 27 4C 3F 83 DD 41 F3 0F 83 6C 00 E6 02 11 5B 30 43 1F C0 00 50 09 27 00 2D 01 93 00 00 65 45 03 01 7D C0 78 D8 0C 3A 9B 00 08 E9 1E 3D AA AA 
Time:	12:44:54,703
Send:	220001
Receive: 62 00 01 02 8D 00 9D 0C 7C 00 09 02 09 00 83 00 00 03 DD 00 86 80 2B 4C 2C 85 DD 41 F3 0F 83 46 00 E6 02 11 5B 32 0A 1F C0 00 50 09 27 00 2D 01 93 00 00 65 45 03 01 7D C0 78 D8 0C 3A 9B 00 08 E2 1E 2E AA AA 
Time:	12:44:55,092
Send:	220001
Receive: 62 00 01 02 8C 00 9D 0C 86 00 03 01 FE 00 83 00 00 03 D5 00 84 80 A0 4C 97 83 9D 41 F3 0F 83 78 00 E6 02 05 5B 32 EB 1F C0 00 50 09 27 00 2D 01 8B 00 00 65 45 03 01 7D C0 78 D8 0C 3A 9B 00 08 B2 1E 10 AA AA 
Time:	12:44:55,491
Send:	220001
Receive: 62 00 01 02 8D 00 9D 0C 68 00 0A 01 EB 00 83 00 00 03 C5 00 82 80 9C 4C A4 81 9D 41 F3 0F 83 D6 00 E6 02 05 5B 33 CC 1F C0 00 50 09 27 00 2D 01 8D 00 00 65 45 03 01 7D C0 78 D8 0C 3A 9B 00 08 DE 1E 0F AA AA 
Time:	12:44:55,910
Send:	220001
Receive: 62 00 01 02 8C 00 9D 0C 64 00 0F 02 02 00 81 00 00 03 D8 00 82 80 28 4C 32 83 FD 41 F3 0F 83 63 00 E6 02 05 5B 33 CC 1F C0 00 50 09 27 00 2D 01 90 00 00 65 45 03 01 7D C0 78 D8 0C 3A 9B 00 08 C4 1E 42 AA AA 
Time:	12:44:56,313
Send:	220001
Receive: 62 00 01 02 8C 00 9D 0C 76 00 10 01 FD 00 81 00 00 03 C7 00 85 80 27 4C 2A 86 7D 41 F3 0F 83 C9 00 E6 02 05 5B 34 AD 1F C0 00 50 09 28 00 2D 01 93 00 00 65 45 03 01 7D C0 78 D8 0C 3A 9B 00 08 C7 1D FF AA AA 
Time:	12:44:56,745
Send:	220001
Receive: 62 00 01 02 8C 00 9D 0C 80 00 0D 01 F7 00 81 00 00 03 B5 00 80 80 4A 4C 56 88 5D 41 F3 0F 84 37 00 E6 02 05 5B 33 CC 1F C0 00 50 09 28 00 2D 01 8B 00 00 65 45 03 01 7D C0 78 D8 0C 3A 9B 00 08 AE 1D E0 AA AA 
Time:	12:44:57,131
Send:	220001
Receive: 62 00 01 02 8D 00 9D 0C 9E 00 04 01 F1 00 81 00 00 03 BF 00 84 80 AD 4C AA 84 5D 41 F3 0F 83 FC 00 E6 02 4F 5B 34 AD 1F C0 00 50 09 28 00 2D 01 7D 00 00 65 45 03 01 7D C0 78 D8 0C 3A 9B 00 08 95 1D A8 AA AA 
Time:	12:44:57,521
Send:	220001
Receive: 62 00 01 02 8D 00 9D 0C A6 00 09 01 EE 00 81 00 00 03 C2 00 87 80 AA 4C AC 82 5D 41 F3 0F 83 E2 00 E6 02 4F 5B 34 AD 1F C0 00 50 09 28 00 2D 01 70 00 00 65 45 03 01 7D C0 78 D8 0C 3A 9B 00 08 A6 1D A0 AA AA 
Time:	12:44:57,921
Send:	220001
Receive: 62 00 01 02 8D 00 9D 0C 9C 00 08 01 E6 00 81 00 00 03 BD 00 85 80 9A 4C A7 80 FD 41 F3 0F 84 04 00 E6 02 4F 5B 34 AD 1F C0 00 50 09 28 00 2D 01 68 00 00 65 45 03 01 7D C0 78 D8 0C 3A 9B 00 08 91 1D 99 AA AA 
Time:	12:44:58,364
Send:	220001
Receive: 62 00 01 02 8D 00 9D 0C 6A 00 03 02 04 00 83 00 00 03 D6 00 87 80 29 4C 2B 85 1D 41 F3 0F 83 74 00 E6 01 F4 5B 35 93 1F C0 00 50 09 28 00 2D 01 75 00 00 65 45 03 01 7D C0 78 D8 0C 3A 9B 00 08 E0 1E 15 AA AA 
Time:	12:44:58,772
Send:	220001
Receive: 62 00 01 02 8D 00 9D 0C 96 00 05 02 0A 00 81 00 00 03 D7 00 88 80 30 4C 2E 86 FD 41 F3 0F 83 6C 00 E6 01 F4 5B 34 AD 1F C0 00 50 09 29 00 2D 01 6B 00 00 65 45 03 01 7D C0 78 D8 0C 3A 9B 00 08 9B 1D E9 AA AA 
Time:	12:44:59,161
Send:	220001
Receive: 62 00 01 02 8D 00 9D 0C 82 00 06 01 FA 00 83 00 00 03 D4 00 88 80 A7 4C A7 82 7D 41 F3 0F 83 7D 00 E6 01 D9 5B 34 AD 1F C0 00 50 09 29 00 2D 01 6B 00 00 65 45 03 01 7D C0 78 D8 0C 3A 9B 00 08 D0 1E 03 AA AA 
Time:	12:44:59,554
Send:	220001
Receive: 62 00 01 02 8D 00 9D 0C 66 00 09 01 F7 00 83 00 00 03 DA 00 85 80 45 4C 9F 80 FD 41 F3 0F 83 57 00 E6 01 D9 5B 33 CC 1F C0 00 50 09 29 00 2D 01 73 00 00 65 45 03 01 7D C0 78 D8 0C 3A 9B 00 08 CE 1E 28 AA AA 
Time:	12:44:59,966
Send:	220001
Receive: 62 00 01 02 8D 00 9D 0C 7A 00 07 02 07 00 81 00 00 03 DA 00 88 80 29 4C 2B 86 1D 41 F3 0F 83 57 00 E6 02 3F 5B 34 AD 1F C0 00 50 09 2A 00 2D 01 75 00 00 65 45 03 01 7D C0 78 D8 0C 3A 9B 00 08 C8 1E 0F AA AA 
Time:	12:45:00,362
Send:	220001
Receive: 62 00 01 02 8D 00 9E 0C 7A 00 07 02 03 00 83 00 00 03 D6 00 87 80 9D 4C 92 83 FD 41 F3 0F 83 70 00 E6 02 3F 5C 34 AD 1F C0 00 50 09 2A 00 2D 01 73 00 00 65 45 03 01 7D C0 78 D8 0C 3A 9B 00 08 C8 1E 11 AA AA 
Time:	12:45:00,742
Send:	220001
Receive: 62 00 01 02 8D 00 9E 0C AE 00 FD 02 E3 00 AE 00 00 04 F8 00 BC 80 A8 4C AA 81 BD 41 F3 0F 84 6B 00 E6 02 3F 5C 3F 4D 1F C0 00 5A 09 2A 00 2D 01 65 00 86 65 45 03 05 7D C2 78 D8 0C 3A 9B 00 0B 50 24 32 AA AA 
Time:	12:45:01,123
Send:	220001
Receive: 62 00 01 02 8D 00 9E 0D B8 00 FE 02 6D 00 90 00 00 04 8E 00 B4 80 A7 4C 99 84 5D 41 F3 0F 83 31 00 E6 02 D2 5C 3C A5 1F C0 00 5A 09 2A 00 2D 01 45 00 00 65 45 03 05 7D C2 78 D8 0C 3A 9B 00 0A 3A 20 2D AA AA 
Time:	12:45:01,503
Send:	220001
Receive: 62 00 01 02 8D 00 9E 0E 20 00 00 02 2E 00 92 00 00 04 31 00 A7 80 BC 4C BC 81 1D 41 F3 0F 82 22 00 E6 02 D2 5C 39 FD 1F C0 00 5A 09 2A 00 2D 01 35 00 00 65 45 03 05 7D C0 78 D8 0C 3A 9B 00 09 73 1E 3D AA AA 
Time:	12:45:01,891
Send:	220001
Receive: 62 00 01 02 8D 00 9E 0E 14 00 04 02 09 00 90 00 00 03 FB 00 9D 80 BE 4C C3 7E FD 41 F3 0F 82 96 00 E6 02 D2 5C 38 3B 1F C0 00 5A 09 2A 00 2D 01 30 00 00 65 45 03 05 7D C0 78 D8 0C 3A 9B 00 09 20 1D 87 AA AA 
Time:	12:45:02,282
Send:	220001
Receive: 62 00 01 02 8D 00 9E 0D 9E 00 15 01 F8 00 97 03 BD 04 02 00 94 80 BA 4C C2 7C DD 41 F3 0F 82 68 00 E6 02 53 5C 39 1C 1F C0 00 64 09 2A 00 2D 01 48 00 73 65 45 03 05 7C C0 78 D8 0C 3A 9B 00 09 7B 1E D4 AA AA 
Time:	12:45:02,664
Send:	220001

Fixed toLineMF: 037 62 00 01 02 8D 00 9E 0E DE 00 F5 04 7A 01 78 0F C7 07 DC 01 6C 80 2B 4C 98 7A 5D 41 F3 0F 87 4E 00 E6 00 8C 09 2A 00 2D 01 4A 03 8A 65 45 03 05 7C CA 78 D8 0C 3A 9B 
Receive: 62 00 01 02 8D 00 9E 0E DE 00 F5 04 7A 01 78 0F C7 07 DC 01 6C 80 2B 4C 98 7A 5D 41 F3 0F 87 4E 00 E6 00 8C 09 2A 00 2D 01 4A 03 8A 65 45 03 05 7C CA 78 D8 0C 3A 9B 

Fixed toLineMF: 037 62 00 01 02 8D 00 9E 0E DE 00 F5 04 7A 01 78 0F C7 07 DC 01 6C 80 2B 4C 98 7A 5D 41 F3 0F 87 4E 00 E6 00 8C 09 2A 00 2D 01 4A 03 8A 65 45 03 05 7C CA 78 D8 0C 3A 9B 
Time:	12:45:03,061
Send:	220001
Receive: 62 00 01 02 8D 00 9E 16 8E 00 03 03 6D 01 7D 10 9E 06 C9 01 DE 80 BC 4C C1 78 9D 41 F3 0F 8B 80 00 E6 07 82 5C 49 07 1F C0 00 96 09 2A 00 2D 01 4B 00 00 65 45 03 05 7C C2 78 D8 0C 3A 9B 00 0F 4F 28 C9 AA AA 
Time:	12:45:03,454
Send:	220001
Receive: 62 00 01 02 8D 00 9E 19 5C 00 0B 02 DC 01 6B 10 9E 05 9A 01 84 80 2B 4C 48 7A 1D 41 F3 0F 8B 34 00 E6 07 82 5C 46 5F 1F C0 00 96 09 28 00 2D 01 4A FF 42 65 45 03 05 7C C2 78 D8 0C 3A 9B 00 0C CD 23 1E AA AA 
Time:	12:45:03,851
Send:	220001
Receive: 62 00 01 02 8D 00 9E 16 4C 02 0C 03 34 01 8C 10 9E 06 3D 01 75 80 4D 4C A7 74 5D 41 F3 0F 88 EE 00 E6 07 82 5B 4B AF 1F C0 00 96 09 2A 00 2D 01 4A 01 15 65 45 03 05 7C C2 78 D8 0C 3A 9B 00 0E 10 26 D3 AA AA 
Time:	12:45:04,242
Send:	220001
Receive: 62 00 01 02 8D 00 9E 14 A8 03 02 04 3F 02 08 13 8A 08 23 01 D7 80 9D 4C 94 76 3D 41 F3 0F 8B 42 00 E6 05 C9 5B 69 C3 1F C0 00 96 09 29 00 2D 01 4A 01 D4 65 45 03 05 7C C2 78 D8 0C 3A 9B 00 12 CC 31 FB AA AA 
Time:	12:45:04,643
Send:	220001
Receive: 62 00 01 02 8D 00 9E 14 3E 05 FB 05 21 02 AD 13 8A 09 CA 02 2D 80 AD 4C B4 71 BD 41 F3 0F 8B 09 00 E6 05 C9 5B B6 C1 1F C0 00 96 09 28 00 2D 01 4A 02 29 65 45 03 05 7C C2 78 D8 0C 3A 9B 00 16 29 38 4D AA AA 
Time:	12:45:05,036
Send:	220001
Receive: 62 00 01 02 8C 00 9E 14 38 07 F9 05 CB 03 60 14 5C 0A CC 02 63 80 28 4C 40 72 5D 41 F3 0F 8A C7 00 E6 08 6F 5B FA 00 1F C0 00 96 09 28 00 2D 01 4A 02 29 65 45 03 05 3C C2 78 D8 0C 3A 9B 00 18 CE 3B 7D AA AA 
Time:	12:45:05,422
Send:	220001
Receive: 62 00 01 02 8D 00 9E 16 64 08 FE 04 9D 02 82 14 5C 09 95 02 74 80 77 4C 98 6F 9D 41 F3 0F 8F 41 00 E6 08 6F 5B FA 00 1F C0 00 96 09 28 00 2D 01 4A 00 0D 65 45 03 05 3C C2 78 D8 0C 3A 9B 00 15 7C 35 54 AA AA 
Time:	12:45:05,841
Send:	220001
Receive: 62 00 01 02 8D 00 9E 1A 1A 0A 0C 03 2F 01 E3 14 5C 07 44 02 29 80 2B 4C 4E 77 BD 41 F3 0F 8D 92 00 E6 08 6F 5B DD AE 1F C0 00 96 09 0F 00 2D 01 47 FE C1 65 45 03 05 7C C2 78 D8 0C 3A 9B 00 10 9F 2C CB AA AA 
Time:	12:45:06,231
Send:	220001
Receive: 62 00 01 02 8D 00 9E 1D 14 0B 26 02 AA 01 BE 1A 2D 05 B3 01 DE 80 1E 4C 24 7C 9D 41 F3 0F 8F 14 00 E6 07 25 5B AD 02 1F C0 00 96 08 E7 00 2D 01 41 FE 20 65 45 03 05 7C C2 78 D8 0C 3A 9B 00 0D 26 23 5C AA AA 
Time:	12:45:06,641
Send:	220001
Receive: 62 00 01 02 8D 00 9E 20 40 0C 25 03 3C 02 12 28 51 06 34 02 3B 80 AE 4C 8F 7C 9D 41 F3 0F 91 61 00 E6 07 25 5A BD D3 1F C0 00 96 08 BB 00 2D 01 3B FC F2 65 45 03 05 7C C2 78 D8 0C 3A 9B 00 0D E7 22 83 AA AA 
Time:	12:45:07,035
Send:	220001
Receive: 62 00 01 02 8D 00 9E 24 3C 0E 25 03 29 02 21 29 FA 06 BA 02 B5 80 A5 4C AD 76 5D 41 F3 0F 94 57 00 E6 09 D7 5A E2 18 1F C0 00 96 08 87 00 2D 01 33 FC DF 65 45 03 01 7C C2 78 D8 0C 3A 9B 00 0F 37 25 31 AA AA 
Time:	12:45:07,425
Send:	220001
Receive: 62 00 01 02 8D 00 9E 27 72 0F 26 03 0A 02 7D 2C 7A 06 45 02 C1 80 21 4C 28 7A 9D 41 F3 0F 95 A8 00 E6 09 D7 5A FA 00 1F C0 00 96 08 5C 00 2D 01 2D FC EF 65 45 03 01 7C C2 78 D8 0C 3A 9B 00 0E BD 26 ED AA AA 
Time:	12:45:07,822
Send:	220001
Receive: 62 00 01 02 8D 00 9E 2C 1C 10 23 04 25 03 59 33 8A 07 BA 03 CE 80 1E 4C 25 81 DD 41 F3 0F 93 52 00 E6 09 D7 5A FA 00 1F C0 00 96 08 3F 00 2D 01 29 FC FA 65 45 03 01 7C C2 78 D8 0C 3A 9B 00 11 EB 2D 41 AA AA 
Time:	12:45:08,213
Send:	220001
Receive: 62 00 01 02 8D 00 9E 31 F2 13 22 04 C1 03 60 2D 84 08 59 04 AA 80 44 4C 2A 89 FD 41 F3 0F 91 95 00 E6 10 A3 5A FA 00 1F C0 FF 96 08 3E 00 2D 01 29 FC FA 65 45 03 01 7C C2 78 D8 0C 3A 9B 00 11 AD 28 FC AA AA 
Time:	12:45:08,613
Send:	220001

Fixed toLineMF: 03E 62 00 01 02 8D 00 9E 30 3A 14 25 00 F9 01 0A 00 00 01 F5 01 0A 80 B0 4C B3 7F 3D 41 F3 0F 95 40 00 E6 00 64 08 3D 00 2D 01 29 FA 35 65 45 03 05 7D C8 78 D8 0C 3A 9B 00 04 7A 0F 48 AA AA 
Receive: 62 00 01 02 8D 00 9E 30 3A 14 25 00 F9 01 0A 00 00 01 F5 01 0A 80 B0 4C B3 7F 3D 41 F3 0F 95 40 00 E6 00 64 08 3D 00 2D 01 29 FA 35 65 45 03 05 7D C8 78 D8 0C 3A 9B 00 04 7A 0F 48 AA AA 

Fixed toLineMF: 03E 62 00 01 02 8D 00 9E 30 3A 14 25 00 F9 01 0A 00 00 01 F5 01 0A 80 B0 4C B3 7F 3D 41 F3 0F 95 40 00 E6 00 64 08 3D 00 2D 01 29 FA 35 65 45 03 05 7D C8 78 D8 0C 3A 9B 00 04 7A 0F 48 AA AA 
Time:	12:45:09,026
Send:	220001
Receive: 62 00 01 02 8D 00 9E 2B CE 14 35 00 EE 01 05 00 00 01 AA 00 CA 80 1D 4C 24 82 5D 41 F3 0F 95 40 00 E6 02 8F 59 56 4F 1F C0 00 5A 08 3C 00 2D 01 29 FA 47 65 45 03 05 7D C8 78 D8 0C 3A 9B 00 04 07 0E 86 AA AA 
Time:	12:45:09,413
Send:	220001
Receive: 62 00 01 02 8D 00 9E 26 F8 14 2A 02 21 01 E3 15 33 03 86 01 6C 80 21 4C 25 86 5D 41 F3 0F 92 8F 00 E6 02 8F 59 8B 65 1F C0 00 5A 08 67 00 2D 01 2F FC EB 65 45 03 05 7C C8 78 D8 0C 3A 9B 00 09 27 19 5C AA AA 
Time:	12:45:09,792
Send:	220001
Receive: 62 00 01 02 8D 00 9E 23 9E 14 29 02 DF 01 A7 18 19 05 36 01 F9 80 BB 4C B8 81 1D 41 F3 0F 92 84 00 E6 02 8F 59 8D 2C 1F C0 00 5A 08 95 00 2D 01 35 FC DA 65 45 03 05 7C C0 78 D8 0C 3A 9B 00 0B F7 1E 33 AA AA 
Time:	12:45:10,200
Send:	220001
Receive: 62 00 01 02 8D 00 9E 1E 94 15 26 03 59 02 1A 28 51 05 E9 02 04 80 6E 4C B8 7C 5D 41 F3 0F 90 15 00 E6 07 4F 59 AE C9 1F C0 00 5A 08 CF 00 2D 01 3E FC C5 65 45 03 05 7C C2 78 D8 0C 3A 9B 00 0E 36 24 76 AA AA 
Time:	12:45:10,591
Send:	220001
Receive: 62 00 01 02 8D 00 9E 1F 7E 16 23 03 58 01 F4 28 51 06 79 02 42 80 32 4C 87 7F BD 41 F3 0F 90 61 00 E6 07 4F 59 B9 69 1F C0 00 5A 08 C2 00 2D 01 3C FC CA 65 45 03 05 7C C2 78 D8 0C 3A 9B 00 0E B8 25 98 AA AA 
Time:	12:45:10,983
Send:	220001
Receive: 62 00 01 02 8D 00 9E 20 C0 17 20 03 D2 02 62 33 23 07 C4 02 D1 80 AC 4C B7 78 9D 41 F3 0F 91 95 00 E6 0A 82 59 FA 00 1F C0 00 5A 08 B2 00 2D 01 3A FC CF 65 45 03 01 7C C2 78 D8 0C 3A 9B 00 12 0B 2A 92 AA AA 
Time:	12:45:11,374
Send:	220001
Receive: 62 00 01 02 8D 00 9E 22 6E 18 20 03 E0 02 62 33 C2 08 06 03 0F 80 9E 4C 90 77 BD 41 F3 0F 92 EE 00 E6 0A 82 5A FA 00 1F C0 00 5A 08 9C 00 2D 01 36 FC D8 65 45 03 01 7C C2 78 D8 0C 3A 9B 00 12 2B 2A C3 AA AA 
Time:	12:45:11,772
Send:	220001

Fixed toLineMF: 03E 62 00 01 02 8D 00 9E 24 30 19 22 03 AC 02 69 32 B8 07 B2 03 17 80 2B 4C 4C 77 7D 41 F3 0F 93 EC 00 E6 00 5A 08 86 00 2D 01 33 FC E0 65 45 03 01 7C C2 78 D8 0C 3A 9B 00 11 60 29 D6 AA AA 
Receive: 62 00 01 02 8D 00 9E 24 30 19 22 03 AC 02 69 32 B8 07 B2 03 17 80 2B 4C 4C 77 7D 41 F3 0F 93 EC 00 E6 00 5A 08 86 00 2D 01 33 FC E0 65 45 03 01 7C C2 78 D8 0C 3A 9B 00 11 60 29 D6 AA AA 

Fixed toLineMF: 03E 62 00 01 02 8D 00 9E 24 30 19 22 03 AC 02 69 32 B8 07 B2 03 17 80 2B 4C 4C 77 7D 41 F3 0F 93 EC 00 E6 00 5A 08 86 00 2D 01 33 FC E0 65 45 03 01 7C C2 78 D8 0C 3A 9B 00 11 60 29 D6 AA AA 
Time:	12:45:12,154
Send:	220001
Receive: 62 00 01 02 8D 00 9E 26 1C 1A 23 03 B6 02 9B 32 B8 07 5F 03 17 80 2B 4C 30 7E 1D 41 F3 0F 94 72 00 E6 0B BB 5A FA 00 1F C0 00 5A 08 6D 00 2D 01 30 FC E9 65 45 03 01 7C C2 78 D8 0C 3A 9B 00 10 D4 2A 0F AA AA 
Time:	12:45:12,560
Send:	220001

Fixed toLineMF: 03E 62 00 01 02 8D 00 02 AF 31 75 07 2F 03 2B 80 25 4C 2B 84 DD 41 F3 0F 95 4B 00 E6 0B BB 5A FA 00 1F C0 00 5A 08 59 00 2D 01 2D FC F0 65 45 03 01 7C C2 78 D8 0C 3A 9B 00 10 47 29 FE AA AA 
Receive: 62 00 01 02 8D 00 02 AF 31 75 07 2F 03 2B 80 25 4C 2B 84 DD 41 F3 0F 95 4B 00 E6 0B BB 5A FA 00 1F C0 00 5A 08 59 00 2D 01 2D FC F0 65 45 03 01 7C C2 78 D8 0C 3A 9B 00 10 47 29 FE AA AA 

Fixed toLineMF: 03E 62 00 01 02 8D 00 02 AF 31 75 07 2F 03 2B 80 25 4C 2B 84 DD 41 F3 0F 95 4B 00 E6 0B BB 5A FA 00 1F C0 00 5A 08 59 00 2D 01 2D FC F0 65 45 03 01 7C C2 78 D8 0C 3A 9B 00 10 47 29 FE AA AA 
Time:	12:45:12,962
Send:	220001
Receive: NO DATA
Time:	12:45:13,253
Send:	220001
Receive: NO DATA
Time:	12:45:13,527
Send:	220001
Receive: NO DATA
Time:	12:45:13,802
Send:	220001
Receive: NO DATA
Time:	12:45:14,091
Send:	220001
Receive: NO DATA
Time:	12:45:14,389
Send:	220001
Receive: NO DATA
Time:	12:45:14,694
Send:	220001
Receive: NO DATA
Time:	12:45:15,014
Send:	220001
Receive: 62 00 01 02 8D 00 9F 2F 5A 21 30 01 D0 01 95 00 00 03 2B 01 A5 80 9E 4C 94 8E 9D 41 F3 0F 95 1A 00 E6 08 88 59 8B 65 1F C0 00 5A 08 3A 00 2D 01 29 FA 18 65 45 03 01 7D C8 78 D8 0C 3A 9B 00 07 2C 15 85 AA AA 
Time:	12:45:15,442
Send:	220001
Receive: 62 00 01 02 8D 00 9F 2E CC 21 32 01 70 01 52 00 00 02 5A 01 34 80 94 4C 7E 8F FD 41 F3 0F 95 40 00 E6 08 88 59 72 9C 1F C0 00 5A 08 3A 00 2D 01 29 FA 20 65 45 03 01 7D C8 78 D8 0C 3A 9B 00 05 5B 11 C3 AA AA 
Time:	12:45:15,822
Send:	220001
Receive: 62 00 01 02 8D 00 9F 2D 2E 20 34 01 38 01 08 00 00 01 D3 00 E7 80 26 4C 30 95 5C 41 F3 0F 95 40 00 E6 08 88 59 58 F7 1F C0 00 5A 08 39 00 2D 01 29 FA 36 65 45 03 03 7D E8 78 D8 0C 3A 9B 00 04 25 0E FD AA AA 
Time:	12:45:16,301
Send:	220001
Receive: 62 00 01 02 8D 00 9F 29 1A 1D 11 01 3A 00 E0 00 00 01 CA 00 CE 80 25 4C 2B 99 5C 41 F3 0F 93 C7 00 E6 03 D7 59 51 E0 1F C0 00 5A 08 4B 00 2D 01 2B FA 5F 65 45 03 03 7D E8 78 D8 0C 3A 9B 00 04 03 0D E1 AA AA 
Time:	12:45:16,684
Send:	220001
Receive: 62 00 01 02 8D 00 9F 26 04 1B FD 01 51 00 D6 00 00 02 02 00 D5 80 B3 4C B9 94 DC 41 F3 0F 91 AA 00 E6 03 D7 59 4C 95 1F C0 00 5A 08 6F 00 2D 01 30 FA 6B 65 45 03 03 7D E8 78 D8 0C 3A 9B 00 04 B3 0E 69 AA AA 
Time:	12:45:17,070
Send:	220001
Receive: 62 00 01 02 8D 00 9F 23 D8 19 ED 00 00 00 C7 00 00 02 37 00 DC 80 A6 4C C3 7F FD 41 F3 0F 90 10 00 E6 04 44 59 00 00 1F C0 00 5A 08 8C 00 2D 01 34 FA 74 65 45 03 03 29 C9 78 D8 0C 3A 9B 00 05 12 0E CC AA AA 
Time:	12:45:17,470
Send:	220001
Receive: 62 00 01 02 8D 00 9F 21 D6 17 F4 01 87 00 AB 16 A8 02 36 00 D0 78 1A 4C 24 7F FD 41 F3 0F 8F 69 00 E6 04 44 59 17 07 1F C0 00 5A 08 A7 00 2D 01 38 FC D3 65 45 03 01 2C C8 78 D8 0C 3A 9B 00 05 08 0E 70 AA AA 
Time:	12:45:17,873
Send:	220001

Fixed toLineMF: 03E 62 00 01 02 8D 00 01 3E 26 A8 03 1D 01 17 79 BD 4C 9E 7E 5D 41 F3 0F 8E 61 00 E6 04 44 59 17 7F 1F C0 00 5A 08 BE 00 2D 01 3B FC CB 65 45 03 01 3C C8 78 D8 0C 3A 9B 00 07 2B 13 8B AA AA 
Receive: 62 00 01 02 8D 00 01 3E 26 A8 03 1D 01 17 79 BD 4C 9E 7E 5D 41 F3 0F 8E 61 00 E6 04 44 59 17 7F 1F C0 00 5A 08 BE 00 2D 01 3B FC CB 65 45 03 01 3C C8 78 D8 0C 3A 9B 00 07 2B 13 8B AA AA 

Fixed toLineMF: 03E 62 00 01 02 8D 00 01 3E 26 A8 03 1D 01 17 79 BD 4C 9E 7E 5D 41 F3 0F 8E 61 00 E6 04 44 59 17 7F 1F C0 00 5A 08 BE 00 2D 01 3B FC CB 65 45 03 01 3C C8 78 D8 0C 3A 9B 00 07 2B 13 8B AA AA 
Time:	12:45:18,263
Send:	220001
Receive: 62 00 01 02 8D 00 9F 1F 0A 15 06 03 84 01 EF 27 7A 05 B0 01 F9 77 C4 4C CD 79 DD 41 F3 0F 90 42 00 E6 05 07 5A 19 41 1F C0 00 5A 08 CD 00 2D 01 3D FC C6 65 45 03 01 7C C2 78 D8 0C 3A 9B 00 0D 4A 21 FE AA AA 
Time:	12:45:18,641
Send:	220001
Receive: 62 00 01 02 8D 00 9F 1F 46 16 24 03 92 02 06 29 8F 06 4A 02 2B 77 BE 4C CD 74 7D 41 F3 0F 90 48 00 E6 05 07 5A 1B 08 1F C0 00 5A 08 C8 00 2D 01 3D FC C7 65 45 03 01 7C C2 78 D8 0C 3A 9B 00 0E 6F 25 02 AA AA 
Time:	12:45:19,034
Send:	220001
Receive: 62 00 01 02 8D 00 9F 1F 8E 16 24 02 D9 01 70 07 7A 05 A0 01 F4 79 B9 4C CC 70 5D 41 F3 0F 90 70 00 E6 09 99 5A 1B E9 1F C0 00 5A 08 C5 00 2D 01 3C FC C8 65 45 03 01 7C C2 78 D8 0C 3A 9B 00 0B E2 1E FF AA AA 
Time:	12:45:19,410
Send:	220001
Receive: 62 00 01 02 8D 00 9F 1F 5C 16 2A 01 E5 01 32 12 B3 04 07 01 63 7C B2 4C C7 6B BD 41 F3 0F 90 0B 00 E6 09 99 5A 1C CA 1F C0 00 5A 08 CB 00 2D 01 3D FC C6 65 45 03 01 7C C0 78 D8 0C 3A 9B 00 09 03 17 D4 AA AA 
Time:	12:45:19,821
Send:	220001
Receive: 62 00 01 02 8D 00 9F 1F 10 15 29 02 47 01 9B 1D 85 04 AF 01 99 7E 89 4C BE 66 3D 41 F3 0F 90 0B 00 E6 09 99 5A 1E 91 1F C0 00 5A 08 CD 00 2D 01 3D FC C5 65 45 03 01 7C C0 78 D8 0C 3A 9B 00 0A D6 1C 95 AA AA 
Time:	12:45:20,224
Send:	220001
Receive: 62 00 01 02 8D 00 9F 1E FC 15 27 02 91 01 A5 1F 2D 05 28 01 C0 80 2A 4C 32 6B 5D 41 F3 0F 8F D8 00 E6 05 8B 5A 20 58 1F C0 00 5A 08 CE 00 2D 01 3E FC C5 65 45 03 01 7C C0 78 D8 0C 3A 9B 00 0B C0 1E FD AA AA 
Time:	12:45:20,633
Send:	220001
Receive: 62 00 01 02 8D 00 9F 1F 16 15 27 02 A8 01 A7 1F 2D 05 3E 01 C9 80 4A 4C 34 6E FD 41 F3 0F 8F FB 00 E6 05 8B 5A 21 39 1F C0 00 5A 08 CD 00 2D 01 3D FC C5 65 45 03 01 7C C0 78 D8 0C 3A 9B 00 0B F3 1F 63 AA AA 
Time:	12:45:21,044
Send:	220001
Receive: 62 00 01 02 8D 00 9F 1F 3A 16 28 02 93 01 A2 1E 56 05 3A 01 CD 80 9D 4C A4 6B 5D 41 F3 0F 90 29 00 E6 06 66 5A 22 FB 1F C0 00 5A 08 CB 00 2D 01 3D FC C6 65 45 03 01 7C C0 78 D8 0C 3A 9B 00 0B EC 1F 20 AA AA 
Time:	12:45:21,445
Send:	220001
Receive: 62 00 01 02 8D 00 9F 1F 46 16 28 02 9E 01 9D 1E 56 05 34 01 CB 80 4C 4C 40 6E FD 41 F3 0F 90 42 00 E6 06 66 5A 23 E1 1F C0 00 5A 08 CB 00 2D 01 3D FC C6 65 45 03 01 7C C0 78 D8 0C 3A 9B 00 0B DB 1E D4 AA AA 
Time:	12:45:21,866
Send:	220001
Receive: 62 00 01 02 8D 00 9F 1F 60 16 28 02 78 01 9B 1E C2 05 22 01 C3 80 9E 4C A9 68 BD 41 F3 0F 90 24 00 E6 06 66 5A 25 A3 1F C0 00 5A 08 CA 00 2D 01 3D FC C7 65 45 03 01 7C C0 78 D8 0C 3A 9B 00 0B B2 1E 85 AA AA 
Time:	12:45:22,253
Send:	220001
Receive: 62 00 01 02 8D 00 9F 1F 64 16 28 02 89 01 98 1E C2 05 1B 01 C4 80 96 4C 41 6E 7D 41 F3 0F 90 5C 00 E6 06 66 5A 27 6A 1F C0 00 5A 08 CA 00 2D 01 3D FC C7 65 45 03 01 7C C0 78 D8 0C 3A 9B 00 0B B6 1E 6E AA AA 
Time:	12:45:22,633
Send:	220001

Fixed toLineMF: 03E 62 00 01 02 8D 00 9F 1F 6E 16 28 02 7E 01 9F 1F 94 05 30 01 CA 80 9C 4C A7 67 BD 41 F3 0F 90 57 00 E6 06 66 5A 28 4B 1F C0 00 5A 08 C9 00 2D 01 3D FC C7 65 45 03 01 00 0B F1 1E EC AA AA 
Receive: 62 00 01 02 8D 00 9F 1F 6E 16 28 02 7E 01 9F 1F 94 05 30 01 CA 80 9C 4C A7 67 BD 41 F3 0F 90 57 00 E6 06 66 5A 28 4B 1F C0 00 5A 08 C9 00 2D 01 3D FC C7 65 45 03 01 00 0B F1 1E EC AA AA 

Fixed toLineMF: 03E 62 00 01 02 8D 00 9F 1F 6E 16 28 02 7E 01 9F 1F 94 05 30 01 CA 80 9C 4C A7 67 BD 41 F3 0F 90 57 00 E6 06 66 5A 28 4B 1F C0 00 5A 08 C9 00 2D 01 3D FC C7 65 45 03 01 00 0B F1 1E EC AA AA 
Time:	12:45:23,020
Send:	220001

Fixed toLineMF: 030 62 00 01 02 8D 00 9F 1F A4 16 26 02 E9 01 E8 25 33 05 BA 01 FC 80 A1 4C 9F 68 9D 41 F3 0F 90 94 00 E6 00 5A 08 C5 00 2D 01 7C C2 78 D8 0C 3A 9B 
Receive: 62 00 01 02 8D 00 9F 1F A4 16 26 02 E9 01 E8 25 33 05 BA 01 FC 80 A1 4C 9F 68 9D 41 F3 0F 90 94 00 E6 00 5A 08 C5 00 2D 01 7C C2 78 D8 0C 3A 9B 

Fixed toLineMF: 030 62 00 01 02 8D 00 9F 1F A4 16 26 02 E9 01 E8 25 33 05 BA 01 FC 80 A1 4C 9F 68 9D 41 F3 0F 90 94 00 E6 00 5A 08 C5 00 2D 01 7C C2 78 D8 0C 3A 9B 
Time:	12:45:23,391
Send:	220001
Receive: 62 00 01 02 8D 00 9F 1F FA 16 25 02 F8 01 E0 26 3D 06 10 02 21 80 86 4C A7 69 1D 41 F3 0F 90 BD 00 E6 06 DA 5A 2A F3 1F C0 00 5A 08 C1 00 2D 01 3C FC CA 65 45 03 01 7C C2 78 D8 0C 3A 9B 00 0D D3 23 06 AA AA 
Time:	12:45:23,784
Send:	220001

Fixed toLineMF: 03E 62 00 01 02 8D 00 9F 20 34 16 25 02 EC 01 CD 24 28 06 0C 02 24 80 4B 4C 97 69 3D 41 F3 0F 91 0F 00 E6 06 DA 5A 2C BA 1F C0 00 5A 08 BF 00 2D 01 3B FC CB 65 45 03 01 7C C2 78 D8 0C 3A 9B 
Receive: 62 00 01 02 8D 00 9F 20 34 16 25 02 EC 01 CD 24 28 06 0C 02 24 80 4B 4C 97 69 3D 41 F3 0F 91 0F 00 E6 06 DA 5A 2C BA 1F C0 00 5A 08 BF 00 2D 01 3B FC CB 65 45 03 01 7C C2 78 D8 0C 3A 9B 

Fixed toLineMF: 03E 62 00 01 02 8D 00 9F 20 34 16 25 02 EC 01 CD 24 28 06 0C 02 24 80 4B 4C 97 69 3D 41 F3 0F 91 0F 00 E6 06 DA 5A 2C BA 1F C0 00 5A 08 BF 00 2D 01 3B FC CB 65 45 03 01 7C C2 78 D8 0C 3A 9B 
Time:	12:45:24,176
Send:	220001

Fixed toLineMF: 03E 62 00 01 02 8D 00 9F 20 AA 17 26 02 B4 01 C2 22 EB 05 CD 02 14 80 A4 4C AC 64 BD 07 C3 5A 2D 9B 1F C0 00 5A 08 B7 00 2D 01 3A FC CD 65 45 03 01 7C C2 78 D8 0C 3A 9B 00 0D 36 21 1B AA AA 
Receive: 62 00 01 02 8D 00 9F 20 AA 17 26 02 B4 01 C2 22 EB 05 CD 02 14 80 A4 4C AC 64 BD 07 C3 5A 2D 9B 1F C0 00 5A 08 B7 00 2D 01 3A FC CD 65 45 03 01 7C C2 78 D8 0C 3A 9B 00 0D 36 21 1B AA AA 

Fixed toLineMF: 03E 62 00 01 02 8D 00 9F 20 AA 17 26 02 B4 01 C2 22 EB 05 CD 02 14 80 A4 4C AC 64 BD 07 C3 5A 2D 9B 1F C0 00 5A 08 B7 00 2D 01 3A FC CD 65 45 03 01 7C C2 78 D8 0C 3A 9B 00 0D 36 21 1B AA AA 
Time:	12:45:24,569
Send:	220001

Fixed toLineMF: 03E 62 00 01 02 8D 00 9F 20 C2 17 27 02 78 01 9F 1F FF 05 3F 01 E2 80 2F 4C 47 67 3D 41 F3 0F 91 57 00 E6 07 C3 5A 2F 62 1F C0 3A FC CE 65 45 03 01 7C C2 78 D8 0C 3A 9B 00 0B F6 1E 53 AA AA 
Receive: 62 00 01 02 8D 00 9F 20 C2 17 27 02 78 01 9F 1F FF 05 3F 01 E2 80 2F 4C 47 67 3D 41 F3 0F 91 57 00 E6 07 C3 5A 2F 62 1F C0 3A FC CE 65 45 03 01 7C C2 78 D8 0C 3A 9B 00 0B F6 1E 53 AA AA 

Fixed toLineMF: 03E 62 00 01 02 8D 00 9F 20 C2 17 27 02 78 01 9F 1F FF 05 3F 01 E2 80 2F 4C 47 67 3D 41 F3 0F 91 57 00 E6 07 C3 5A 2F 62 1F C0 3A FC CE 65 45 03 01 7C C2 78 D8 0C 3A 9B 00 0B F6 1E 53 AA AA 
Time:	12:45:24,961
Send:	220001
Receive: 62 00 01 02 8D 00 9F 20 C6 17 28 02 62 01 9D 1F FF 05 36 01 E0 80 94 4C AB 60 FE 41 F3 0F 91 61 00 E6 06 66 5A 31 24 1F C0 00 5A 08 B6 00 2D 01 3A FC CE 65 45 03 01 7C C2 78 D8 0C 3A 9B 00 0B EF 1E 33 AA AA 
Time:	12:45:25,343
Send:	220001

Fixed toLineMF: 03E 62 00 01 02 8D 00 9F 20 C2 17 28 02 67 DC 80 9F 4C 86 63 BD 41 F3 0F 91 3D 00 E6 06 66 5A 32 EB 1F C0 00 5A 08 B6 00 2D 01 3A FC CE 65 45 03 01 7C C2 78 D8 0C 3A 9B 00 0B D4 1E 0E AA AA 
Receive: 62 00 01 02 8D 00 9F 20 C2 17 28 02 67 DC 80 9F 4C 86 63 BD 41 F3 0F 91 3D 00 E6 06 66 5A 32 EB 1F C0 00 5A 08 B6 00 2D 01 3A FC CE 65 45 03 01 7C C2 78 D8 0C 3A 9B 00 0B D4 1E 0E AA AA 

Fixed toLineMF: 03E 62 00 01 02 8D 00 9F 20 C2 17 28 02 67 DC 80 9F 4C 86 63 BD 41 F3 0F 91 3D 00 E6 06 66 5A 32 EB 1F C0 00 5A 08 B6 00 2D 01 3A FC CE 65 45 03 01 7C C2 78 D8 0C 3A 9B 00 0B D4 1E 0E AA AA 
Time:	12:45:25,731
Send:	220001

Fixed toLineMF: 03E 62 00 01 02 8D 00 9F 20 B4 17 27 02 7C 01 AA 21 42 05 46 01 E5 80 39 4C 72 65 9D 41 F3 0F 91 38 00 E6 06 66 5A 33 CC 1F C0 00 5A 08 B7 00 2D 01 3A FC CE 65 45 03 01 7C C2 78 D8 0C 3A 9B 
Receive: 62 00 01 02 8D 00 9F 20 B4 17 27 02 7C 01 AA 21 42 05 46 01 E5 80 39 4C 72 65 9D 41 F3 0F 91 38 00 E6 06 66 5A 33 CC 1F C0 00 5A 08 B7 00 2D 01 3A FC CE 65 45 03 01 7C C2 78 D8 0C 3A 9B 

Fixed toLineMF: 03E 62 00 01 02 8D 00 9F 20 B4 17 27 02 7C 01 AA 21 42 05 46 01 E5 80 39 4C 72 65 9D 41 F3 0F 91 38 00 E6 06 66 5A 33 CC 1F C0 00 5A 08 B7 00 2D 01 3A FC CE 65 45 03 01 7C C2 78 D8 0C 3A 9B 
Time:	12:45:26,129
Send:	220001

Fixed toLineMF: 03E 62 00 01 02 8D 00 9F 20 F6 17 25 02 DF 01 DB 26 3D 06 13 02 33 80 2B 4C 8D 62 9D 41 F3 0F 91 9A 00 E6 06 DA 5A 36 74 1F C0 00 5A 08 B2 00 2D 01 3A FC CF 65 45 03 01 00 0D E9 22 7F AA AA 
Receive: 62 00 01 02 8D 00 9F 20 F6 17 25 02 DF 01 DB 26 3D 06 13 02 33 80 2B 4C 8D 62 9D 41 F3 0F 91 9A 00 E6 06 DA 5A 36 74 1F C0 00 5A 08 B2 00 2D 01 3A FC CF 65 45 03 01 00 0D E9 22 7F AA AA 

Fixed toLineMF: 03E 62 00 01 02 8D 00 9F 20 F6 17 25 02 DF 01 DB 26 3D 06 13 02 33 80 2B 4C 8D 62 9D 41 F3 0F 91 9A 00 E6 06 DA 5A 36 74 1F C0 00 5A 08 B2 00 2D 01 3A FC CF 65 45 03 01 00 0D E9 22 7F AA AA 
Time:	12:45:26,525
Send:	220001
Receive: 62 00 01 02 8D 00 9F 21 3C 17 26 02 CC 01 DB 26 3D 06 10 02 38 80 A1 4C 98 60 FE 41 F3 0F 91 CE 00 E6 06 DA 5A 38 3B 1F C0 00 5A 08 AE 00 2D 01 39 FC D1 65 45 03 01 7C C2 78 D8 0C 3A 9B 00 0D DE 22 5F AA AA 
Time:	12:45:26,901
Send:	220001

Fixed toLineMF: 03E 62 00 01 02 8D 00 9F 21 84 17 27 02 DF 01 DB 26 3D 06 10 02 3A 80 7E 4C 3B 65 5D 06 DA 5A 39 FD 1F C0 FF 5A 08 AB 00 2D 01 39 FC D2 65 45 03 01 7C C2 78 D8 0C 3A 9B 00 0D D7 22 49 AA AA 
Receive: 62 00 01 02 8D 00 9F 21 84 17 27 02 DF 01 DB 26 3D 06 10 02 3A 80 7E 4C 3B 65 5D 06 DA 5A 39 FD 1F C0 FF 5A 08 AB 00 2D 01 39 FC D2 65 45 03 01 7C C2 78 D8 0C 3A 9B 00 0D D7 22 49 AA AA 

Fixed toLineMF: 03E 62 00 01 02 8D 00 9F 21 84 17 27 02 DF 01 DB 26 3D 06 10 02 3A 80 7E 4C 3B 65 5D 06 DA 5A 39 FD 1F C0 FF 5A 08 AB 00 2D 01 39 FC D2 65 45 03 01 7C C2 78 D8 0C 3A 9B 00 0D D7 22 49 AA AA 
Time:	12:45:27,317
Send:	220001
Receive: 62 00 01 02 8D 00 9F 21 D8 17 27 02 D2 01 DB 26 3D 06 07 02 40 80 2B 4C 49 63 9D 41 F3 0F 92 60 00 E6 07 4F 5A 3B C4 1F C0 FF 5A 08 A5 00 2D 01 38 FC D4 65 45 03 01 7C C2 78 D8 0C 3A 9B 00 0D BA 22 01 AA AA 
Time:	12:45:27,711
Send:	220001
Receive: 62 00 01 02 8D 00 9F 22 1C 18 27 02 C5 01 DB 26 3D 06 02 02 3F 80 A0 4C A2 60 DE 41 F3 0F 92 5B 00 E6 07 4F 5A 3D 86 1F C0 FF 5A 08 A3 00 2D 01 37 FC D5 65 45 03 01 7C C2 78 D8 0C 3A 9B 00 0D BE 22 01 AA AA 
Time:	12:45:28,112
Send:	220001

Fixed toLineMF: 037 62 00 01 02 8D 00 9F 22 7A 18 26 02 FB 02 17 2B A3 06 4B 02 5C 80 A1 4C 9A 62 5E 08 5C 5A 3F 4D 1F C0 FF 5A 08 9D 00 2D 01 7C C2 78 D8 0C 3A 9B 00 0F 04 24 8D AA AA 
Receive: 62 00 01 02 8D 00 9F 22 7A 18 26 02 FB 02 17 2B A3 06 4B 02 5C 80 A1 4C 9A 62 5E 08 5C 5A 3F 4D 1F C0 FF 5A 08 9D 00 2D 01 7C C2 78 D8 0C 3A 9B 00 0F 04 24 8D AA AA 

Fixed toLineMF: 037 62 00 01 02 8D 00 9F 22 7A 18 26 02 FB 02 17 2B A3 06 4B 02 5C 80 A1 4C 9A 62 5E 08 5C 5A 3F 4D 1F C0 FF 5A 08 9D 00 2D 01 7C C2 78 D8 0C 3A 9B 00 0F 04 24 8D AA AA 
Time:	12:45:28,504
Send:	220001
Receive: 62 00 01 02 8D 00 9F 23 1C 18 26 03 3E 02 2E 2D 84 06 E6 02 AD 80 9C 4C 96 61 7E 41 F3 0F 93 4D 00 E6 08 5C 59 42 D6 1F C0 FF 5A 08 94 00 2D 01 35 FC DA 65 45 03 01 7C C2 78 D8 0C 3A 9B 00 0F D5 26 1E AA AA 
Time:	12:45:28,881
Send:	220001
Receive: 62 00 01 02 8D 00 9F 23 B4 19 26 03 52 02 30 2D 84 06 F0 02 BA 80 94 4C 71 61 DE 41 F3 0F 93 C7 00 E6 08 5C 59 44 9D 1F C0 FE 5A 08 8D 00 2D 01 34 FC DD 65 45 03 01 7C C2 78 D8 0C 3A 9B 00 0F DD 26 32 AA AA 
Time:	12:45:29,292
Send:	220001
Receive: 62 00 01 02 8D 00 9F 24 84 19 26 03 4C 02 42 2D 84 06 E3 02 C8 80 2D 4C 42 64 FD 41 F3 0F 94 47 00 E6 08 DC 59 46 5F 1F C0 FE 5A 08 81 00 2D 01 33 FC E1 65 45 03 01 7C C2 78 D8 0C 3A 9B 00 0F C9 26 5F AA AA 
Time:	12:45:29,683
Send:	220001
Receive: 62 00 01 02 8D 00 9F 25 5C 1A 26 03 57 02 58 2D 84 06 DE 02 D2 80 2B 4C 58 67 9D 41 F3 0F 94 B8 00 E6 08 DC 59 49 07 1F C0 FE 5A 08 76 00 2D 01 31 FC E5 65 45 03 01 7C C2 78 D8 0C 3A 9B 00 0F AE 26 B7 AA AA 
Time:	12:45:30,091
Send:	220001
Receive: 62 00 01 02 8D 00 9F 26 4E 1A 27 03 5E 02 62 2C E6 06 AE 02 D3 80 2A 4C 32 6E 1D 41 F3 0F 95 35 00 E6 0A 22 59 4A CE 1F C0 FE 5A 08 6A 00 2D 01 2F FC EA 65 45 03 01 7C C2 78 D8 0C 3A 9B 00 0F 3F 26 80 AA AA 
Time:	12:45:30,472
Send:	220001
Receive: 62 00 01 02 8D 00 9F 27 46 1B 27 03 59 02 67 29 FA 06 5D 02 C5 80 27 4C 2F 74 BD 41 F3 0F 95 76 00 E6 0A 22 59 4B AF 1F C0 FF 5A 08 5D 00 2D 01 2E FC EE 65 45 03 01 7C C2 78 D8 0C 3A 9B 00 0E 7A 25 8B AA AA 
Time:	12:45:30,873
Send:	220001
Receive: 62 00 01 02 8D 00 9F 28 40 1C 28 03 82 02 87 29 FA 06 54 02 CF 80 25 4C 2C 7B 5D 41 F3 0F 95 E9 00 E6 0A 22 59 4E 57 1F C0 FE 5A 08 53 00 2D 01 2C FC F2 65 45 03 01 7C C2 78 D8 0C 3A 9B 00 0E 6E 26 5A AA AA 
Time:	12:45:31,264
Send:	220001
Receive: 62 00 01 02 8D 00 9F 29 8C 1D 28 03 C2 02 AA 29 FA 06 75 02 F7 80 2C 4C 30 82 1D 41 F3 0F 96 89 00 E6 0B A2 59 50 FF 1F C0 FE 5A 08 41 00 2D 01 2A FC F9 65 45 03 01 7C C2 78 D8 0C 3A 9B 00 0E C7 27 13 AA AA 
Time:	12:45:31,652
Send:	220001
Receive: 62 00 01 02 8D 00 9F 2A E0 1E 28 03 C4 02 B7 29 28 06 6C 03 0A 80 A2 4C 9C 83 DD 41 F3 0F 96 5D 00 E6 0B A2 59 52 C6 1F C0 FE 5A 08 3A 00 2D 01 29 FC FB 65 45 03 01 7C C2 78 D8 0C 3A 9B 00 0E A9 26 AE AA AA 
Time:	12:45:32,040
Send:	220001
Receive: 62 00 01 02 8D 00 9F 2C 4C 1F 28 03 D5 02 C8 29 28 06 5C 03 1C 80 98 4C 77 87 1D 41 F3 0F 95 CE 00 E6 0E 14 59 54 88 1F C0 FE 5A 08 3A 00 2D 01 29 FC FB 65 45 03 01 7C C2 78 D8 0C 3A 9B 00 0E 9B 26 71 AA AA 
Time:	12:45:32,434
Send:	220001
Receive: 62 00 01 02 8D 00 9F 2D 64 1F 28 03 D9 02 D0 28 BD 06 65 03 2E 80 A0 4C 6C 87 3D 41 F3 0F 95 5B 00 E6 0E 14 59 56 4F 1F C0 FE 5A 08 3A 00 2D 01 29 FC FC 65 45 03 01 7C C2 78 D8 0C 3A 9B 00 0E 97 26 37 AA AA 
Time:	12:45:32,830
Send:	220001
Receive: 62 00 01 02 8D 00 9F 2E 56 20 1B 02 46 01 DE 00 00 04 0C 02 19 80 2B 4C 39 8A 9D 41 F3 0F 97 5C 00 E6 0E 14 59 56 4F 1F C0 00 5A 08 39 00 2D 01 29 FA 25 65 45 03 01 7D C8 78 D8 0C 3A 9B 00 07 B6 16 F9 AA AA 
Time:	12:45:33,232
Send:	220001
Receive: 62 00 01 02 8D 00 9F 2A 76 20 35 01 11 01 00 00 00 01 B4 00 C6 80 20 4C 2B 90 3D 41 F3 0F 94 DE 00 E6 05 1E 59 54 88 1F C0 00 5A 08 3A 00 2D 01 29 FA 57 65 45 03 05 7D C8 78 D8 0C 3A 9B 00 03 E8 0E 4F AA AA 
Time:	12:45:33,631
Send:	220001
Receive: 62 00 01 02 8D 00 9F 27 AA 20 34 01 31 00 DD 00 00 01 DC 00 CB 80 27 4C 2F 92 FD 41 F3 0F 92 C3 00 E6 05 1E 58 4F 38 1F C0 00 5A 08 5B 00 2D 01 2D FA 63 65 45 03 05 7D C8 78 D8 0C 3A 9B 00 04 79 0E 3A AA AA 
Time:	12:45:34,025
Send:	220001
Receive: 62 00 01 02 8D 00 9F 21 3C 1F 0A 01 76 00 B8 02 47 02 59 00 D2 80 1F 4C 27 7F BD 41 F3 0F 8E 57 00 E6 04 6E 58 17 07 1F C0 00 5A 08 B4 00 2D 01 3A FA 95 65 45 03 05 3D C8 78 D8 0C 3A 9B 00 04 FA 0F 09 AA AA 
Time:	12:45:34,416
Send:	220001
Receive: 62 00 01 02 8D 00 9F 1D 82 1F 2C 02 08 01 3C 11 75 03 6C 01 18 7B C4 4C CA 7E BD 41 F3 0F 8E 7A 00 E6 04 6E 59 18 60 1F C0 00 5A 08 DF 00 2D 01 40 FC BF 65 45 03 05 7C C8 78 D8 0C 3A 9B 00 07 EC 17 BE AA AA 
Time:	12:45:34,813
Send:	220001
Receive: 62 00 01 02 8D 00 9F 1C D4 1F 2B 02 3E 01 89 16 A8 03 D1 01 35 75 B8 4C CA 7B 5D 41 F3 0F 8E 52 00 E6 04 6E 59 19 41 1F C0 00 5A 08 E7 00 2D 01 41 FC BC 65 45 03 05 7C C0 78 D8 0C 3A 9B 00 09 CA 1C 96 AA AA 
Time:	12:45:35,203
Send:	220001

Fixed toLineMF: 03E 62 00 01 02 8D 00 9F 1C D6 1F 29 02 C2 01 AC 1B D6 04 DD 01 89 78 B2 4C C9 76 FD 41 F3 0F 8E 43 00 E6 05 FE 59 1B 08 1F C0 00 5A 08 E7 00 2D 01 41 FC BC 65 45 03 05 00 0B 62 20 28 AA AA 
Receive: 62 00 01 02 8D 00 9F 1C D6 1F 29 02 C2 01 AC 1B D6 04 DD 01 89 78 B2 4C C9 76 FD 41 F3 0F 8E 43 00 E6 05 FE 59 1B 08 1F C0 00 5A 08 E7 00 2D 01 41 FC BC 65 45 03 05 00 0B 62 20 28 AA AA 

Fixed toLineMF: 03E 62 00 01 02 8D 00 9F 1C D6 1F 29 02 C2 01 AC 1B D6 04 DD 01 89 78 B2 4C C9 76 FD 41 F3 0F 8E 43 00 E6 05 FE 59 1B 08 1F C0 00 5A 08 E7 00 2D 01 41 FC BC 65 45 03 05 00 0B 62 20 28 AA AA 
Time:	12:45:35,594
Send:	220001
Receive: 62 00 01 02 8D 00 9F 1C E0 1F 28 02 B7 01 AA 1C AD 05 1F 01 A0 7B 2C 4C B6 73 1D 41 F3 0F 8E 5C 00 E6 05 FE 59 1B E9 1F C0 00 5A 08 E8 00 2D 01 41 FC BC 65 45 03 01 7C C0 78 D8 0C 3A 9B 00 0B C6 20 EA AA AA 
Time:	12:45:36,021
Send:	220001
Receive: 62 00 01 02 8D 00 9F 1D 16 1F 27 02 D2 01 A5 1C AD 05 25 01 A6 7C 41 4C 39 7A BD 41 F3 0F 8E 93 00 E6 06 66 59 1D B0 1F C0 00 5A 08 E4 00 2D 01 41 FC BD 65 45 03 01 7C C0 78 D8 0C 3A 9B 00 0B BA 20 BD AA AA 
Time:	12:45:36,423
Send:	220001
Receive: 62 00 01 02 8D 00 9F 1D 3C 1F 28 02 A5 01 87 1B 70 04 FA 01 97 7E 2D 4C 96 79 9D 41 F3 0F 8E 84 00 E6 06 66 59 1E 91 1F C0 00 5A 08 E3 00 2D 01 40 FC BD 65 45 03 01 7C C0 78 D8 0C 3A 9B 00 0B 21 1E CD AA AA 
Time:	12:45:36,811
Send:	220001
Receive: 62 00 01 02 8D 00 9F 1D 4A 20 29 02 5F 01 7D 1A 99 04 93 01 77 80 A0 4C 98 78 FD 41 F3 0F 8E 93 00 E6 06 66 59 20 58 1F C0 00 5A 08 E4 00 2D 01 41 FC BD 65 45 03 01 7C C0 78 D8 0C 3A 9B 00 0A 8E 1D 4D AA AA 
Time:	12:45:37,203
Send:	220001
Receive: 62 00 01 02 8D 00 9F 1D 88 20 28 02 FF 01 F9 22 7F 05 13 01 9E 80 9B 4C 62 7D FD 41 F3 0F 8F 0F 00 E6 05 F9 59 22 1A 1F C0 00 5A 08 DF 00 2D 01 40 FC BF 65 45 03 01 7C C0 78 D8 0C 3A 9B 00 0C 59 21 87 AA AA 
Time:	12:45:37,594
Send:	220001

Fixed toLineMF: 03E 62 00 01 02 8D 00 9F 1D B4 20 26 03 7B 02 28 24 61 06 0D 01 FE 80 A7 4C B7 75 FD 41 F3 0F 8F 19 00 E6 05 F9 59 23 E1 1F C0 00 5A 08 DC 00 2D 01 3F FC C0 65 45 03 01 7C C2 78 D8 0C 3A 9B 
Receive: 62 00 01 02 8D 00 9F 1D B4 20 26 03 7B 02 28 24 61 06 0D 01 FE 80 A7 4C B7 75 FD 41 F3 0F 8F 19 00 E6 05 F9 59 23 E1 1F C0 00 5A 08 DC 00 2D 01 3F FC C0 65 45 03 01 7C C2 78 D8 0C 3A 9B 

Fixed toLineMF: 03E 62 00 01 02 8D 00 9F 1D B4 20 26 03 7B 02 28 24 61 06 0D 01 FE 80 A7 4C B7 75 FD 41 F3 0F 8F 19 00 E6 05 F9 59 23 E1 1F C0 00 5A 08 DC 00 2D 01 3F FC C0 65 45 03 01 7C C2 78 D8 0C 3A 9B 
Time:	12:45:37,971
Send:	220001
Receive: 62 00 01 02 8D 00 9F 1D FA 20 27 02 A2 01 8C 1D 19 05 1C 01 B0 80 2D 4C 7D 76 DD 41 F3 0F 8F 4B 00 E6 06 66 59 24 C2 1F C0 00 5A 08 D9 00 2D 01 3F FC C1 65 45 03 01 7C C2 78 D8 0C 3A 9B 00 0B 97 1F 3B AA AA 
Time:	12:45:38,361
Send:	220001
Receive: 62 00 01 02 8D 00 9F 1E 70 21 29 02 69 01 7D 1A 2D 04 BD 01 96 80 A6 4C AA 74 BD 41 F3 0F 8F 91 00 E6 06 66 59 25 A3 1F C0 00 5A 08 D3 00 2D 01 3E FC C3 65 45 03 01 7C C0 78 D8 0C 3A 9B 00 0A C5 1D 16 AA AA 
Time:	12:45:38,752
Send:	220001
Receive: 62 00 01 02 8D 00 9F 1E B4 21 27 02 BB 01 B8 1F 94 05 67 01 CD 80 A8 4C B6 6F BD 41 F3 0F 8F 91 00 E6 06 66 59 27 6A 1F C0 00 5A 08 D0 00 2D 01 3E FC C5 65 45 03 01 7C C0 78 D8 0C 3A 9B 00 0C 4D 20 B0 AA AA 
Time:	12:45:39,143
Send:	220001
Receive: 62 00 01 02 8D 00 9F 1F 3C 22 24 03 1A 01 F9 27 7A 06 31 02 22 80 A5 4C BD 6A 9D 41 F3 0F 90 48 00 E6 07 AE 59 29 31 1F C0 00 5A 08 C8 00 2D 01 3D FC C7 65 45 03 01 7C C2 78 D8 0C 3A 9B 00 0E 3E 24 89 AA AA 
Time:	12:45:39,523
Send:	220001
Receive: NO DATA
Time:	12:45:39,797
Send:	220001
Receive: NO DATA
Time:	12:45:40,077
Send:	220001
Receive: NO DATA
Time:	12:45:40,352
Send:	220001
Receive: NO DATA
Time:	12:45:40,650
Send:	220001
Receive: NO DATA
Time:	12:45:40,953
Send:	220001
Receive: NO DATA
Time:	12:45:41,241
Send:	220001
Receive: NO DATA
Time:	12:45:41,554
Send:	220001
Receive: 62 00 01 02 8D 00 A0 24 00 27 21 03 90 02 69 31 0F 07 BC 03 1B 80 A3 4C AB 5F DE 41 F3 0F 93 EC 00 E6 0B 52 59 35 93 1F C0 00 5A 08 88 00 2D 01 34 FC DF 65 45 03 01 7C C2 78 D9 0C 3A 9B 00 11 B9 2A 3A AA AA 
Time:	12:45:41,953
Send:	220001
Receive: 62 00 01 02 8D 00 A0 24 AC 28 29 02 27 01 70 0C 75 05 13 02 17 80 2A 4C 3A 65 DD 41 F3 0F 94 17 00 E6 07 77 59 32 EB 1F C0 00 5A 08 7F 00 2D 01 32 FC E2 65 45 03 01 7C C2 78 D9 0C 3A 9B 00 0B DE 1E 34 AA AA 
Time:	12:45:42,332
Send:	220001
Receive: 62 00 01 02 8D 00 A0 24 EC 28 2E 01 7A 01 2D 00 00 03 5D 01 5C 80 24 4C 2C 6A 9D 41 F3 0F 90 F0 00 E6 07 77 59 34 AD 1F C0 00 5A 08 7C 00 2D 01 32 FA 6F 65 45 03 01 7D C8 78 D9 0C 3A 9B 00 07 AB 15 0D AA AA 
Time:	12:45:42,725
Send:	220001
Receive: 62 00 01 02 8D 00 A0 24 E6 28 2F 01 69 01 21 00 00 03 02 01 37 80 25 4C 2E 6D DD 41 F3 0F 90 F0 00 E6 07 77 59 37 55 1F C0 00 5A 08 7C 00 2D 01 32 FA 70 65 45 03 01 7D C8 78 D9 0C 3A 9B 00 06 B7 13 04 AA AA 
Time:	12:45:43,111
Send:	220001
Receive: 62 00 01 02 8D 00 A0 25 44 28 2D 02 02 01 AE 1C 42 03 C7 01 84 80 2A 4C 33 72 1D 41 F3 0F 92 D3 00 E6 04 44 59 39 FD 1F C0 00 5A 08 77 00 2D 01 31 FC E5 65 45 03 01 7C C0 78 D9 0C 3A 9B 00 09 A7 19 F3 AA AA 
Time:	12:45:43,492
Send:	220001
Receive: 62 00 01 02 8D 00 A0 25 84 28 29 02 BE 01 ED 20 6B 05 47 02 2E 80 B2 4C BD 6B BD 41 F3 0F 94 5D 00 E6 04 44 59 3C A5 1F C0 00 5A 08 74 00 2D 01 31 FC E6 65 45 03 01 7C C0 78 D9 0C 3A 9B 00 0C 37 1F 3D AA AA 
Time:	12:45:43,885
Send:	220001

Fixed toLineMF: 03E 62 00 01 02 8D 00 01 F4 21 42 05 64 02 3E 80 5C 4C B0 66 3D 41 F3 0F 94 78 00 E6 04 44 59 3E 6C 1F C0 00 5A 08 6E 00 2D 01 30 FC E8 65 45 03 01 7C C2 78 D9 0C 3A 9B 00 0C 67 1F D6 AA AA 
Receive: 62 00 01 02 8D 00 01 F4 21 42 05 64 02 3E 80 5C 4C B0 66 3D 41 F3 0F 94 78 00 E6 04 44 59 3E 6C 1F C0 00 5A 08 6E 00 2D 01 30 FC E8 65 45 03 01 7C C2 78 D9 0C 3A 9B 00 0C 67 1F D6 AA AA 

Fixed toLineMF: 03E 62 00 01 02 8D 00 01 F4 21 42 05 64 02 3E 80 5C 4C B0 66 3D 41 F3 0F 94 78 00 E6 04 44 59 3E 6C 1F C0 00 5A 08 6E 00 2D 01 30 FC E8 65 45 03 01 7C C2 78 D9 0C 3A 9B 00 0C 67 1F D6 AA AA 
Time:	12:45:44,263
Send:	220001
Receive: 62 00 01 02 8D 00 A0 26 4E 29 28 02 E6 02 1C 23 BD 05 8E 02 4E 80 2B 4C 34 6F 1D 41 F3 0F 94 A3 00 E6 07 77 59 40 2E 1F C0 00 5A 08 69 00 2D 01 2F FC EA 65 45 03 01 7C C2 78 D9 0C 3A 9B 00 0C CD 21 05 AA AA 
Time:	12:45:44,652
Send:	220001
Receive: 62 00 01 02 8D 00 A0 26 98 2A 27 03 0B 02 28 24 94 05 D1 02 7A 80 28 4C 66 70 9D 41 F3 0F 94 D3 00 E6 07 77 59 41 F5 1F C0 00 5A 08 67 00 2D 01 2F FC EB 65 45 03 01 7C C2 78 D9 0C 3A 9B 00 0D 48 22 50 AA AA 
Time:	12:45:45,054
Send:	220001
Receive: 62 00 01 02 8D 00 A0 27 5A 2A 28 03 06 02 30 24 94 05 A0 02 71 80 86 4C 6D 76 FD 41 F3 0F 95 14 00 E6 09 11 59 43 BC 1F C0 00 5A 08 5C 00 2D 01 2D FC EF 65 45 03 01 7C C2 78 D9 0C 3A 9B 00 0C DD 22 03 AA AA 
Time:	12:45:45,454
Send:	220001
Receive: 62 00 01 02 8D 00 A0 28 12 2B 29 03 15 02 53 24 28 05 93 02 6E 80 24 4C 2E 79 3D 41 F3 0F 95 35 00 E6 09 11 59 46 5F 1F C0 00 5A 08 54 00 2D 01 2C FC F2 65 45 03 01 7C C2 78 D9 0C 3A 9B 00 0C E6 22 89 AA AA 
Time:	12:45:45,872
Send:	220001
Receive: 62 00 01 02 8D 00 A0 29 08 2C 28 03 51 02 64 24 28 05 BE 02 9A 80 28 4C 30 7F BD 41 F3 0F 95 A8 00 E6 09 11 59 49 07 1F C0 00 5A 08 48 00 2D 01 2B FC F6 65 45 03 01 7C C2 78 D9 0C 3A 9B 00 0D 19 23 6D AA AA 
Time:	12:45:46,272
Send:	220001
Receive: 62 00 01 02 8D 00 A0 29 C2 2D 28 01 E2 01 87 00 00 03 79 01 9F 80 23 4C 2E 85 7D 41 F3 0F 94 C9 00 E6 0B 0C 59 4A CE 1F C0 00 5A 08 40 00 2D 01 2A FA 5A 65 45 03 01 7D C8 78 D9 0C 3A 9B 00 07 A1 17 1E AA AA 
Time:	12:45:46,656
Send:	220001
Receive: 62 00 01 02 8D 00 A1 2A 3E 2E 31 01 90 01 5A 00 00 02 A3 01 3A 80 23 4C 2C 8A 3D 41 F3 0F 95 40 00 E6 0B 0C 59 4E 57 1F C0 00 5A 08 3A 00 2D 01 29 FA 57 65 45 03 01 7D C8 78 D9 0C 3A 9B 00 05 E5 13 41 AA AA 
Time:	12:45:47,062
Send:	220001

Fixed toLineMF: 037 62 00 01 02 8D 00 01 3C 0E C2 02 12 00 F6 80 25 4C 2C 8E 7D 41 F3 0F 95 40 00 E6 04 11 59 53 A7 1F C0 00 5A 08 3A 00 2D 01 29 FC FB 65 45 03 01 7C C8 78 D9 0C 3A 9B 
Receive: 62 00 01 02 8D 00 01 3C 0E C2 02 12 00 F6 80 25 4C 2C 8E 7D 41 F3 0F 95 40 00 E6 04 11 59 53 A7 1F C0 00 5A 08 3A 00 2D 01 29 FC FB 65 45 03 01 7C C8 78 D9 0C 3A 9B 

Fixed toLineMF: 037 62 00 01 02 8D 00 01 3C 0E C2 02 12 00 F6 80 25 4C 2C 8E 7D 41 F3 0F 95 40 00 E6 04 11 59 53 A7 1F C0 00 5A 08 3A 00 2D 01 29 FC FB 65 45 03 01 7C C8 78 D9 0C 3A 9B 
Time:	12:45:47,441
Send:	220001

Fixed toLineMF: 03E 62 00 01 02 8D 00 A1 2A E2 2F 08 02 E8 02 26 1A 99 04 3E 01 F5 80 44 4C 33 93 5D 41 F3 0F 95 A8 00 E6 04 11 59 57 30 1F C0 00 5A 08 3A 00 2D 01 7C C0 78 D9 0C 3A 9B 00 09 C3 1C 33 AA AA 
Receive: 62 00 01 02 8D 00 A1 2A E2 2F 08 02 E8 02 26 1A 99 04 3E 01 F5 80 44 4C 33 93 5D 41 F3 0F 95 A8 00 E6 04 11 59 57 30 1F C0 00 5A 08 3A 00 2D 01 7C C0 78 D9 0C 3A 9B 00 09 C3 1C 33 AA AA 

Fixed toLineMF: 03E 62 00 01 02 8D 00 A1 2A E2 2F 08 02 E8 02 26 1A 99 04 3E 01 F5 80 44 4C 33 93 5D 41 F3 0F 95 A8 00 E6 04 11 59 57 30 1F C0 00 5A 08 3A 00 2D 01 7C C0 78 D9 0C 3A 9B 00 09 C3 1C 33 AA AA 
Time:	12:45:47,818
Send:	220001
Receive: 62 00 01 02 8D 00 A1 2B BA 2F 2C 02 EC 02 26 1C 7A 04 7E 02 2E 80 38 4C A3 91 7D 41 F3 0F 96 2B 00 E6 04 11 59 59 D8 1F C0 00 5A 08 3A 00 2D 01 29 FC FB 65 45 03 01 7C C0 78 D9 0C 3A 9B 00 0A 4B 1D 4D AA AA 
Time:	12:45:48,216
Send:	220001
Receive: 62 00 01 02 8D 00 A1 2C 7C 30 2A 03 34 02 62 20 6B 05 23 02 83 80 A2 4C AF 8A DD 41 F3 0F 95 D3 00 E6 0A E1 59 5C 80 1F C0 00 5A 08 3B 00 2D 01 29 FC FB 65 45 03 01 7C C0 78 D9 0C 3A 9B 00 0B CE 20 66 AA AA 
Time:	12:45:48,616
Send:	220001

Fixed toLineMF: 03E 62 00 01 02 8D 00 A1 2D 34 31 2A 03 2E 02 60 1F CC 05 25 02 90 80 29 4C 4F 8B 3D 41 F3 0F 95 DE 00 E6 0A E1 59 60 09 1F C0 00 5A 08 3B 00 2D 01 29 FC FB 65 45 03 01 00 0B B2 20 06 AA AA 
Receive: 62 00 01 02 8D 00 A1 2D 34 31 2A 03 2E 02 60 1F CC 05 25 02 90 80 29 4C 4F 8B 3D 41 F3 0F 95 DE 00 E6 0A E1 59 60 09 1F C0 00 5A 08 3B 00 2D 01 29 FC FB 65 45 03 01 00 0B B2 20 06 AA AA 

Fixed toLineMF: 03E 62 00 01 02 8D 00 A1 2D 34 31 2A 03 2E 02 60 1F CC 05 25 02 90 80 29 4C 4F 8B 3D 41 F3 0F 95 DE 00 E6 0A E1 59 60 09 1F C0 00 5A 08 3B 00 2D 01 29 FC FB 65 45 03 01 00 0B B2 20 06 AA AA 
Time:	12:45:49,007
Send:	220001
Receive: 62 00 01 02 8D 00 A1 2D F4 32 23 01 F6 01 AC 00 00 03 66 01 BD 80 23 4C 30 8C 7D 41 F3 0F 95 0F 00 E6 07 0A 59 63 92 1F C0 00 5A 08 3B 00 2D 01 29 FA 29 65 45 03 01 7D C8 78 D9 0C 3A 9B 00 07 65 16 40 AA AA 
Time:	12:45:49,402
Send:	220001
Receive: 62 00 01 02 8D 00 A1 2E 72 32 31 01 91 01 5A 00 00 02 85 01 4B 80 2C 4C 33 91 BD 41 F3 0F 95 3A 00 E6 07 0A 59 68 01 1F C0 00 5A 08 3B 00 2D 01 29 FA 24 65 45 03 01 7D C8 78 D9 0C 3A 9B 00 05 54 11 B4 AA AA 
Time:	12:45:49,823
Send:	220001
Receive: 62 00 01 02 8D 00 A1 2E 64 32 34 01 2E 01 12 00 00 01 C0 00 E4 80 36 4C 3A 96 3C 41 F3 0F 95 40 00 E6 07 0A 59 5B 9F 1F C0 00 5A 08 3B 00 2D 01 29 FA 24 65 45 03 01 7D C8 78 D9 0C 3A 9B 00 03 E7 0E 47 AA AA 
Time:	12:45:50,214
Send:	220001
Receive: 62 00 01 02 8D 00 A1 2E DE 33 FE 01 3D 01 16 00 00 01 BA 00 E4 80 23 4C 2D 9A 9C 41 F3 0F 95 40 00 E6 03 D7 59 5C 80 1F C0 00 5A 08 3B 00 2D 01 29 FA 1D 65 45 03 01 7D C8 78 D9 0C 3A 9B 00 04 02 0E 8A AA AA 
Time:	12:45:50,635
Send:	220001
Receive: 62 00 01 02 8D 00 A1 2E 8A 32 F0 00 00 01 23 00 00 01 D8 00 F0 80 18 4C 23 7F FD 41 F3 0F 95 40 00 E6 03 D7 59 00 00 1F C0 00 5A 08 3B 00 2D 01 29 FA 21 65 45 03 01 29 C9 78 D9 0C 3A 9B 00 04 38 0F 10 AA AA 
Time:	12:45:51,033
Send:	220001

Fixed toLineMF: 03E 62 00 01 02 8D 00 A1 2E 52 32 F0 00 00 01 23 00 00 01 D9 00 F0 80 17 4C 22 7F FD 41 F3 0F 95 40 00 E6 00 5A 08 3B 00 2D 01 29 FA 24 65 45 03 01 29 C9 78 D9 0C 3A 9B 00 04 3B 0F 18 AA AA 
Receive: 62 00 01 02 8D 00 A1 2E 52 32 F0 00 00 01 23 00 00 01 D9 00 F0 80 17 4C 22 7F FD 41 F3 0F 95 40 00 E6 00 5A 08 3B 00 2D 01 29 FA 24 65 45 03 01 29 C9 78 D9 0C 3A 9B 00 04 3B 0F 18 AA AA 

Fixed toLineMF: 03E 62 00 01 02 8D 00 A1 2E 52 32 F0 00 00 01 23 00 00 01 D9 00 F0 80 17 4C 22 7F FD 41 F3 0F 95 40 00 E6 00 5A 08 3B 00 2D 01 29 FA 24 65 45 03 01 29 C9 78 D9 0C 3A 9B 00 04 3B 0F 18 AA AA 
Time:	12:45:51,420
Send:	220001
Receive: 62 00 01 02 8D 00 A1 2E 38 32 F2 00 00 01 23 04 FA 01 B6 00 DE 80 17 4C 22 7F FD 41 F3 0F 95 40 00 E6 00 00 59 00 00 1F C0 00 5A 08 3B 00 2D 01 29 FC FB 65 45 03 01 28 C9 78 D9 0C 3A 9B 00 04 50 0F 50 AA AA 
Time:	12:45:51,805
Send:	220001
Receive: 62 00 01 02 8D 00 A1 2E 48 32 34 01 6C 01 70 14 C7 01 F8 01 00 78 94 4C 2B 82 1D 41 F3 0F 95 40 00 E6 00 00 59 17 61 1F C0 00 5A 08 3C 00 2D 01 29 FC FB 65 45 03 01 3C C8 78 D9 0C 3A 9B 00 05 09 11 06 AA AA 
Time:	12:45:52,203
Send:	220001
Receive: 62 00 01 02 8D 00 A1 2E 22 32 0F 02 BB 02 26 19 C2 04 05 02 0D 79 A4 4C 6E 83 FD 41 F3 0F 97 57 00 E6 05 C2 59 18 60 1F C0 00 5A 08 3C 00 2D 01 29 FC FB 65 45 03 01 7C C0 78 D9 0C 3A 9B 00 09 BB 1B 70 AA AA 
Time:	12:45:52,594
Send:	220001
Receive: 62 00 01 02 8D 00 A1 2E 90 32 21 01 F6 01 BE 00 00 03 66 01 C3 80 39 4C B2 7E 5D 41 F3 0F 95 0F 00 E6 05 C2 59 1A 22 1F C0 00 5A 08 3D 00 2D 01 29 FA 20 65 45 03 01 7D C8 78 D9 0C 3A 9B 00 07 7B 16 4F AA AA 
Time:	12:45:52,980
Send:	220001
Receive: 62 00 01 02 8D 00 A1 2E C2 33 32 01 8B 01 64 00 00 02 7B 01 4C 80 29 4C 2F 85 BD 41 F3 0F 95 3A 00 E6 05 C2 59 1B 08 1F C0 00 5A 08 3D 00 2D 01 29 FA 1E 65 45 03 01 7D C8 78 D9 0C 3A 9B 00 05 84 12 10 AA AA 
Time:	12:45:53,371
Send:	220001
Receive: 62 00 01 02 8D 00 A1 2E 30 33 34 01 2B 01 21 00 00 01 BA 00 E1 80 2D 4C 34 8A 3D 41 F3 0F 95 40 00 E6 05 C2 59 1C CA 1F C0 00 5A 08 3D 00 2D 01 29 FA 25 65 45 03 01 7D C8 78 D9 0C 3A 9B 00 03 F3 0E 5F AA AA 
Time:	12:45:53,771
Send:	220001
Receive: 62 00 01 02 8D 00 A1 2E 74 32 07 01 3A 01 23 0D EB 01 B9 00 E0 7D 21 4C 29 8E 7D 41 F3 0F 95 40 00 E6 05 C2 59 1D B0 1F C0 00 5A 08 3D 00 2D 01 29 FC FA 65 45 03 01 7C C8 78 D9 0C 3A 9B 00 03 EB 0E 49 AA AA 
Time:	12:45:54,162
Send:	220001
Receive: NO DATA
Time:	12:45:54,464
Send:	220001
Receive: NO DATA
Time:	12:45:54,749
Send:	220001
Receive: NO DATA
Time:	12:45:55,030
Send:	220001
Receive: NO DATA
Time:	12:45:55,330
Send:	220001
Receive: NO DATA
Time:	12:45:55,632
Send:	220001
Receive: NO DATA
Time:	12:45:55,917
Send:	220001
Receive: NO DATA
Time:	12:45:56,192
Send:	220001
Receive: 62 00 01 02 8D 00 A1 2E DE 34 1A 01 1A 01 23 00 00 01 C0 00 E7 80 28 4C 90 84 7D 41 F3 0F 95 40 00 E6 04 FA 59 27 6A 1F C0 00 5A 08 3C 00 2D 01 29 FA 1E 65 45 03 01 7D C8 78 D9 0C 3A 9B 00 04 28 0E 69 AA AA 
Time:	12:45:56,582
Send:	220001
Receive: 62 00 01 02 8D 00 A2 2E E8 33 F1 00 00 01 25 00 00 01 D3 00 F0 80 1E 4C 28 7F FD 41 F3 0F 95 40 00 E6 04 FA 59 00 00 1F C0 00 5A 08 3C 00 2D 01 29 FA 1E 65 45 03 01 29 C9 78 D9 0C 3A 9B 00 04 3B 0E FB AA AA 
Time:	12:45:56,972
Send:	220001

Fixed toLineMF: 03E 62 00 01 02 8D 00 A2 2E 58 32 0F 01 47 E1 78 6A 4C 28 80 DD 41 F3 0F 95 40 00 E6 04 7A 59 17 07 1F C0 00 5A 08 3C 00 2D 01 29 FC FB 65 45 03 01 3C C8 78 D9 0C 3A 9B 00 03 E7 0E 32 AA AA 
Receive: 62 00 01 02 8D 00 A2 2E 58 32 0F 01 47 E1 78 6A 4C 28 80 DD 41 F3 0F 95 40 00 E6 04 7A 59 17 07 1F C0 00 5A 08 3C 00 2D 01 29 FC FB 65 45 03 01 3C C8 78 D9 0C 3A 9B 00 03 E7 0E 32 AA AA 

Fixed toLineMF: 03E 62 00 01 02 8D 00 A2 2E 58 32 0F 01 47 E1 78 6A 4C 28 80 DD 41 F3 0F 95 40 00 E6 04 7A 59 17 07 1F C0 00 5A 08 3C 00 2D 01 29 FC FB 65 45 03 01 3C C8 78 D9 0C 3A 9B 00 03 E7 0E 32 AA AA 
Time:	12:45:57,366
Send:	220001

Fixed toLineMF: 037 62 00 01 02 8D 00 A2 2E 66 32 0E 02 F4 02 58 1C AD 04 64 02 3E 7B 2B 4C 34 80 FD 04 7A 59 18 60 1F C0 00 5A 08 3C 00 2D 01 29 FC FB 65 45 03 01 00 0A 71 1C D7 AA AA 
Receive: 62 00 01 02 8D 00 A2 2E 66 32 0E 02 F4 02 58 1C AD 04 64 02 3E 7B 2B 4C 34 80 FD 04 7A 59 18 60 1F C0 00 5A 08 3C 00 2D 01 29 FC FB 65 45 03 01 00 0A 71 1C D7 AA AA 

Fixed toLineMF: 037 62 00 01 02 8D 00 A2 2E 66 32 0E 02 F4 02 58 1C AD 04 64 02 3E 7B 2B 4C 34 80 FD 04 7A 59 18 60 1F C0 00 5A 08 3C 00 2D 01 29 FC FB 65 45 03 01 00 0A 71 1C D7 AA AA 
Time:	12:45:57,749
Send:	220001
Receive: 62 00 01 02 8D 00 A2 2E F6 33 2B 02 EF 02 49 1C 42 04 D9 02 81 75 AA 4C B2 79 3D 41 F3 0F 96 89 00 E6 04 7A 59 19 41 1F C0 00 5A 08 3C 00 2D 01 29 FC FB 65 45 03 01 7C C0 78 D9 0C 3A 9B 00 0B 0F 1E 17 AA AA 
Time:	12:45:58,132
Send:	220001
Receive: 62 00 01 02 8D 00 A2 2F 52 33 2C 02 AA 02 26 18 F0 04 88 02 5B 78 2B 4C 31 7B 3D 41 F3 0F 97 57 00 E6 0A AA 59 1B 08 1F C0 00 5A 08 3C 00 2D 01 29 FC FB 65 45 03 01 7C C0 78 D9 0C 3A 9B 00 0A 45 1C 39 AA AA 
Time:	12:45:58,551
Send:	220001
Receive: 62 00 01 02 8D 00 A2 2F B4 33 2D 02 97 02 17 17 AD 04 56 02 47 7A 2A 4C 5A 7D BD 41 F3 0F 97 E3 00 E6 0A AA 59 1B E9 1F C0 00 5A 08 3C 00 2D 01 29 FC FB 65 45 03 01 7C C0 78 D9 0C 3A 9B 00 09 DF 1B 2A AA AA 
Time:	12:45:58,934
Send:	220001
Receive: 62 00 01 02 8D 00 A2 2F D0 34 2D 02 86 02 17 17 AD 04 3F 02 3B 7C 2B 4C 8D 7D DD 41 F3 0F 98 21 00 E6 09 3E 59 1D B0 1F C0 00 5A 08 3C 00 2D 01 29 FC FB 65 45 03 01 7C C0 78 D9 0C 3A 9B 00 09 B9 1A C7 AA AA 
Time:	12:45:59,341
Send:	220001
Receive: 62 00 01 02 8D 00 A2 30 02 34 17 01 D7 01 A2 00 00 03 50 01 DD 80 2C 4C 89 7E 1D 41 F3 0F 95 14 00 E6 09 3E 59 1E 91 1F C0 00 5A 08 3C 00 2D 01 29 FA 10 65 45 03 05 7D C8 78 D9 0C 3A 9B 00 07 FC 16 BB AA AA 
Time:	12:45:59,733
Send:	220001
Receive: 62 00 01 02 8D 00 A2 2C 2A 34 35 01 06 01 16 00 00 01 AA 00 CC 80 1F 4C 2B 7E 3D 41 F3 0F 95 40 00 E6 09 3E 59 20 58 1F C0 00 5A 08 3B 00 2D 01 29 FA 43 65 45 03 05 7D C8 78 D9 0C 3A 9B 00 03 D9 0E 43 AA AA 
Time:	12:46:00,123
Send:	220001
Receive: 62 00 01 02 8D 00 A2 28 EC 34 34 01 27 00 FE 00 00 01 DF 00 D2 80 21 4C 28 80 FD 41 F3 0F 93 B7 00 E6 02 E8 59 22 1A 1F C0 00 5A 08 4D 00 2D 01 2B FA 5D 65 45 03 05 7D C8 78 D9 0C 3A 9B 00 04 65 0E 7A AA AA 
Time:	12:46:00,552
Send:	220001
Receive: 62 00 01 02 8D 00 A2 22 C4 33 30 01 E6 01 46 12 7F 02 D4 01 18 78 1D 4C 25 80 BD 41 F3 0F 8F BA 00 E6 02 E8 59 17 07 1F C0 00 5A 08 94 00 2D 01 35 FC DA 65 45 03 05 3C C8 78 D9 0C 3A 9B 00 06 45 12 1E AA AA 
Time:	12:46:00,931
Send:	220001
Receive: 62 00 01 02 8D 00 A2 22 94 33 2A 02 A5 01 75 14 5C 04 69 01 AE 7B C8 4C CD 7B 9D 41 F3 0F 92 DE 00 E6 07 61 59 18 60 1F C0 00 5A 08 9B 00 2D 01 36 FC D8 65 45 03 05 7C C0 78 D9 0C 3A 9B 00 0A 11 19 D5 AA AA 
Time:	12:46:01,377
Send:	220001
Receive: 62 00 01 02 8D 00 A2 22 9A 33 29 02 FE 01 A5 1D 19 05 1C 01 F0 75 C7 4C D0 76 5D 41 F3 0F 92 C3 00 E6 07 61 59 19 41 1F C0 00 5A 08 9B 00 2D 01 36 FC D8 65 45 03 01 7C C0 78 D9 0C 3A 9B 00 0B B0 1D 8C AA AA 
Time:	12:46:01,762
Send:	220001
Receive: 62 00 01 02 8D 00 A2 22 A8 33 28 02 DE 01 AA 1F 2D 05 3A 01 FE 78 C5 4C D1 71 1D 41 F3 0F 92 E8 00 E6 07 61 59 1B 08 1F C0 00 5A 08 9A 00 2D 01 36 FC D8 65 45 03 01 7C C0 78 D9 0C 3A 9B 00 0B E2 1D DE AA AA 
Time:	12:46:02,161
Send:	220001
Receive: 62 00 01 02 8D 00 A2 22 B4 33 28 02 B8 01 B1 21 0A 05 41 01 FF 7A C1 4C D0 6B 7D 41 F3 0F 92 EE 00 E6 07 DF 59 1B E9 1F C0 00 5A 08 9A 00 2D 01 36 FC D8 65 45 03 01 7C C0 78 D9 0C 3A 9B 00 0B FE 1E 1F AA AA 
Time:	12:46:02,560
Send:	220001
Receive: 62 00 01 02 8D 00 A2 22 C8 33 28 02 BB 01 C0 21 A8 05 70 02 10 7C BD 4C CE 65 FD 41 F3 0F 93 03 00 E6 07 DF 59 1D B0 1F C0 00 5A 08 98 00 2D 01 36 FC D9 65 45 03 01 7C C0 78 D9 0C 3A 9B 00 0C 82 1F 41 AA AA 
Time:	12:46:02,991
Send:	220001
Receive: 62 00 01 02 8D 00 A2 22 E0 33 28 02 9A 01 BE 21 42 05 72 02 15 7E B8 4C CB 60 5E 41 F3 0F 93 12 00 E6 07 61 59 1E 91 1F C0 00 5A 08 98 00 2D 01 36 FC D9 65 45 03 01 7C C2 78 D9 0C 3A 9B 00 0C 6A 1F 0E AA AA 
Time:	12:46:03,382
Send:	220001
Receive: 62 00 01 02 8D 00 A2 23 02 34 29 02 7C 01 BE 21 42 05 6E 02 17 80 A5 4C C1 5A DE 41 F3 0F 93 28 00 E6 07 61 59 20 58 1F C0 00 5A 08 95 00 2D 01 36 FC DA 65 45 03 01 7C C2 78 D9 0C 3A 9B 00 0C 54 1E DA AA AA 
Time:	12:46:03,782
Send:	220001
Receive: 62 00 01 02 8D 00 A2 23 12 34 29 02 88 01 BE 21 42 05 66 02 13 80 78 4C AA 5F 9E 41 F3 0F 93 28 00 E6 07 61 59 22 1A 1F C0 00 5A 08 95 00 2D 01 35 FC DA 65 45 03 01 7C C2 78 D9 0C 3A 9B 00 0C 59 1E E6 AA AA 
Time:	12:46:04,170
Send:	220001
Receive: 62 00 01 02 8D 00 A2 23 18 34 2B 02 25 01 6B 16 DC 04 C2 01 D5 80 2A 4C 8A 5E DE 41 F3 0F 93 32 00 E6 06 E4 59 22 FB 1F C0 00 5A 08 95 00 2D 01 35 FC DA 65 45 03 01 7C C0 78 D9 0C 3A 9B 00 0A A1 1B 27 AA AA 
Time:	12:46:04,561
Send:	220001
Receive: 62 00 01 02 8D 00 A2 23 0E 34 17 01 99 01 28 00 00 03 96 01 61 80 90 4C 4D 60 1E 41 F3 0F 90 BD 00 E6 06 E4 59 24 C2 1F C0 00 5A 08 95 00 2D 01 36 FA 76 65 45 03 01 7D C8 78 D9 0C 3A 9B 00 08 26 15 A0 AA AA 
Time:	12:46:04,954
Send:	220001
Receive: 62 00 01 02 8D 00 A2 22 B4 34 10 01 61 00 E0 00 00 03 08 01 28 80 2B 4C 41 62 7D 41 F3 0F 8F B0 00 E6 03 EE 59 26 89 1F C0 00 5A 08 9B 00 2D 01 36 FA 77 65 45 03 01 7D C8 78 D9 0C 3A 9B 00 06 AC 12 68 AA AA 
Time:	12:46:05,351
Send:	220001
Receive: 62 00 01 02 8D 00 A2 22 BA 33 20 01 2E 00 D3 00 00 02 88 00 F8 80 AB 4C B2 5E 1E 41 F3 0F 8F 4B 00 E6 03 EE 59 29 31 1F C0 00 5A 08 9A 00 2D 01 36 FA 78 65 45 03 01 7D C8 78 D9 0C 3A 9B 00 05 C9 10 2E AA AA 
Time:	12:46:05,742
Send:	220001
Receive: 62 00 01 02 8D 00 A2 22 7C 33 11 00 F6 00 A1 00 00 02 07 00 C6 80 28 4C 67 5B 7E 41 F3 0F 8F DD 00 E6 03 EE 59 2B D4 1F C0 00 5A 08 9D 00 2D 01 37 FA 78 65 45 03 01 7D C8 78 D9 0C 3A 9B 00 04 A3 0D BE AA AA 
Time:	12:46:06,137
Send:	220001

Fixed toLineMF: 03E 62 00 01 02 8D 00 00 A1 00 00 02 02 00 C0 80 1F 4C 28 7F FD 41 F3 0F 8F CE 00 E6 01 F6 59 00 00 1F C0 00 5A 08 A3 00 2D 01 37 FA 7A 65 45 03 01 29 C9 78 D9 0C 3A 9B 00 04 90 0D 8E AA AA 
Receive: 62 00 01 02 8D 00 00 A1 00 00 02 02 00 C0 80 1F 4C 28 7F FD 41 F3 0F 8F CE 00 E6 01 F6 59 00 00 1F C0 00 5A 08 A3 00 2D 01 37 FA 7A 65 45 03 01 29 C9 78 D9 0C 3A 9B 00 04 90 0D 8E AA AA 

Fixed toLineMF: 03E 62 00 01 02 8D 00 00 A1 00 00 02 02 00 C0 80 1F 4C 28 7F FD 41 F3 0F 8F CE 00 E6 01 F6 59 00 00 1F C0 00 5A 08 A3 00 2D 01 37 FA 7A 65 45 03 01 29 C9 78 D9 0C 3A 9B 00 04 90 0D 8E AA AA 
Time:	12:46:06,559
Send:	220001
Receive: 62 00 01 02 8D 00 A2 21 A8 32 EE 00 00 00 A4 00 00 02 04 00 BE 80 1B 4C 24 7F FD 41 F3 0F 8F BA 00 E6 01 F6 59 00 00 1F C0 00 5A 08 A9 00 2D 01 38 FA 7D 65 45 03 01 29 C9 78 D9 0C 3A 9B 00 04 9E 0D 9A AA AA 
Time:	12:46:06,943
Send:	220001
Receive: 62 00 01 02 8D 00 A2 21 34 31 EE 00 00 00 A4 00 00 02 0B 00 BE 80 17 4C 23 7F FD 41 F3 0F 8F A1 00 E6 00 00 5A 00 00 1F C0 00 5A 08 AF 00 2D 01 39 FA 7E 65 45 03 01 29 C9 78 D9 0C 3A 9B 00 04 A7 0D A1 AA AA 
Time:	12:46:07,340
Send:	220001

Fixed toLineMF: 03E 62 00 01 02 8D 00 A2 20 D2 30 FA 01 70 00 A9 1E 23 02 14 00 C0 78 18 4C 21 7F FD 41 F3 0F 8F 6E 00 E6 00 5A 08 B4 00 2D 01 3A FC CF 65 45 03 01 3C C8 78 D9 0C 3A 9B 00 04 BC 0D CC AA AA 
Receive: 62 00 01 02 8D 00 A2 20 D2 30 FA 01 70 00 A9 1E 23 02 14 00 C0 78 18 4C 21 7F FD 41 F3 0F 8F 6E 00 E6 00 5A 08 B4 00 2D 01 3A FC CF 65 45 03 01 3C C8 78 D9 0C 3A 9B 00 04 BC 0D CC AA AA 

Fixed toLineMF: 03E 62 00 01 02 8D 00 A2 20 D2 30 FA 01 70 00 A9 1E 23 02 14 00 C0 78 18 4C 21 7F FD 41 F3 0F 8F 6E 00 E6 00 5A 08 B4 00 2D 01 3A FC CF 65 45 03 01 3C C8 78 D9 0C 3A 9B 00 04 BC 0D CC AA AA 
Time:	12:46:07,740
Send:	220001
Receive: 62 00 01 02 8D 00 A2 21 04 30 18 02 AD 01 AA 28 F0 04 21 01 81 79 C5 4C C2 7D 1D 41 F3 0F 91 B4 00 E6 00 00 5A 17 7F 1F C0 00 5A 08 B1 00 2D 01 39 FC D0 65 45 03 01 3C C8 78 D9 0C 3A 9B 00 09 80 18 7C AA AA 
Time:	12:46:08,161
Send:	220001
Receive: 62 00 01 02 8D 00 A2 20 AA 30 20 03 F5 02 08 29 8F 06 AD 02 66 77 C5 4C D0 77 BD 41 F3 0F 91 47 00 E6 09 23 5A 19 41 1F C0 00 5A 08 B7 00 2D 01 3A FC CD 65 45 03 01 7C C2 78 D9 0C 3A 9B 00 0F 4A 25 5F AA AA 
Time:	12:46:08,560
Send:	220001
Receive: 62 00 01 02 8D 00 A2 20 CC 30 23 03 A8 01 F9 29 8F 06 A5 02 66 77 C2 4C D1 71 DD 41 F3 0F 91 76 00 E6 09 23 5A 1B 08 1F C0 00 5A 08 B6 00 2D 01 3A FC CE 65 45 03 01 7C C2 78 D9 0C 3A 9B 00 0F 23 24 EF AA AA 
Time:	12:46:08,952
Send:	220001
Receive: 62 00 01 02 8D 00 A2 21 02 31 24 03 52 01 EF 29 8F 06 75 02 55 7A BF 4C CE 6C 1D 41 F3 0F 91 85 00 E6 08 AE 5A 1B E9 1F C0 00 5A 08 B4 00 2D 01 3A FC CF 65 45 03 01 7C C2 78 D9 0C 3A 9B 00 0E AF 24 10 AA AA 
Time:	12:46:09,353
Send:	220001
Receive: 62 00 01 02 8D 00 A2 21 2A 31 25 03 30 01 F7 2A 66 06 76 02 5B 7C BA 4C CC 66 7D 41 F3 0F 91 B4 00 E6 08 AE 5A 1D B0 1F C0 00 5A 08 B2 00 2D 01 3A FC D0 65 45 03 01 7C C2 78 D9 0C 3A 9B 00 0E C3 24 34 AA AA 
Time:	12:46:09,733
Send:	220001
Receive: 62 00 01 02 8D 00 A2 21 6E 31 25 03 11 01 F7 2A 66 06 7C 02 62 7E B3 4C C8 60 7E 41 F3 0F 91 ED 00 E6 08 AE 5A 1E 91 1F C0 00 5A 08 AD 00 2D 01 39 FC D1 65 45 03 01 7C C2 78 D9 0C 3A 9B 00 0E CA 24 3F AA AA 
Time:	12:46:10,143
Send:	220001
Receive: 62 00 01 02 8D 00 A2 21 A2 32 24 02 FC 02 01 2A D1 06 8D 02 6C 7F 96 4C BF 5A 9E 41 F3 0F 92 02 00 E6 08 5C 5A 20 58 1F C0 00 5A 08 AA 00 2D 01 38 FC D2 65 45 03 01 7C C2 78 D9 0C 3A 9B 00 0E F9 24 97 AA AA 
Time:	12:46:10,533
Send:	220001
Receive: 62 00 01 02 8D 00 A2 21 D6 32 24 03 11 02 08 2A D1 06 99 02 74 80 8F 4C AD 5E 7E 41 F3 0F 92 31 00 E6 08 5C 5A 22 1A 1F C0 00 5A 08 A6 00 2D 01 38 FC D4 65 45 03 01 7C C2 78 D9 0C 3A 9B 00 0F 14 24 C8 AA AA 
Time:	12:46:10,942
Send:	220001
Receive: 62 00 01 02 8D 00 A2 22 06 32 25 02 F8 01 F4 28 51 06 60 02 65 80 30 4C 90 60 9E 41 F3 0F 92 50 00 E6 08 5C 5A 22 FB 1F C0 00 5A 08 A3 00 2D 01 38 FC D5 65 45 03 01 7C C2 78 D9 0C 3A 9B 00 0E 91 23 C1 AA AA 
Time:	12:46:11,320
Send:	220001
Receive: 62 00 01 02 8D 00 A2 22 2C 32 25 02 F5 01 F4 28 51 06 55 02 5E 80 2D 4C 86 60 5E 41 F3 0F 92 7F 00 E6 08 5C 59 24 C2 1F C0 00 5A 08 A1 00 2D 01 37 FC D6 65 45 03 01 7C C2 78 D9 0C 3A 9B 00 0E 79 23 8C AA AA 
Time:	12:46:11,722
Send:	220001
Receive: 62 00 01 02 8D 00 A2 22 48 32 26 02 DA 01 EF 27 E6 06 3F 02 5B 80 9E 4C AF 5C 9E 41 F3 0F 92 99 00 E6 08 5C 59 25 A3 1F C0 FF 5A 08 9F 00 2D 01 37 FC D6 65 45 03 01 7C C2 78 D9 0C 3A 9B 00 0E 2C 22 EB AA AA 
Time:	12:46:12,122
Send:	220001
Receive: 62 00 01 02 8D 00 A2 22 6E 33 28 02 67 01 AA 20 6B 05 4F 02 02 80 A1 4C 9A 5E DE 41 F3 0F 92 B4 00 E6 06 E4 59 27 6A 1F C0 00 5A 08 9D 00 2D 01 37 FC D7 65 45 03 01 7C C2 78 D9 0C 3A 9B 00 0C 24 1E 8F AA AA 
Time:	12:46:12,534
Send:	220001
Receive: 62 00 01 02 8D 00 A2 22 7A 33 28 02 78 01 AC 20 6B 05 48 01 FE 80 37 4C 69 62 7D 41 F3 0F 92 C3 00 E6 06 E4 59 28 4B 1F C0 00 5A 08 9C 00 2D 01 36 FC D8 65 45 03 01 7C C2 78 D9 0C 3A 9B 00 0C 12 1E 68 AA AA 
Time:	12:46:12,934
Send:	220001
Receive: 62 00 01 02 8D 00 A2 22 92 33 28 02 69 01 AC 20 6B 05 42 01 FA 80 2E 4C 9C 5D DE 41 F3 0F 92 B4 00 E6 06 66 59 2A 12 1F C0 00 5A 08 9A 00 2D 01 36 FC D8 65 45 03 01 7C C2 78 D9 0C 3A 9B 00 0C 01 1E 43 AA AA 
Time:	12:46:13,334
Send:	220001
Receive: 62 00 01 02 8D 00 A2 22 90 33 28 02 6F 01 AE 20 6B 05 50 02 02 80 A1 4C 9C 5D 7E 41 F3 0F 92 BE 00 E6 06 66 59 2A F3 1F C0 00 5A 08 9B 00 2D 01 36 FC D8 65 45 03 01 7C C2 78 D9 0C 3A 9B 00 0C 27 1E 96 AA AA 
Time:	12:46:13,733
Send:	220001
Receive: 62 00 01 02 8D 00 A2 22 96 33 28 02 7D 01 AE 20 6B 05 4F 02 06 80 62 4C 8E 61 BE 41 F3 0F 92 C9 00 E6 06 66 59 2C BA 1F C0 00 5A 08 9B 00 2D 01 36 FC D8 65 45 03 01 7C C2 78 D9 0C 3A 9B 00 0C 23 1E 87 AA AA 
Time:	12:46:14,132
Send:	220001
Receive: 62 00 01 02 8D 00 A2 22 B2 33 28 02 6C 01 AE 20 6B 05 45 02 02 80 2B 4C 74 5F 3E 41 F3 0F 92 E8 00 E6 06 66 59 2D 9B 1F C0 00 5A 08 99 00 2D 01 36 FC D9 65 45 03 01 7C C2 78 D9 0C 3A 9B 00 0C 19 1E 75 AA AA 
Time:	12:46:14,531
Send:	220001
Receive: 62 00 01 02 8D 00 A2 22 BA 33 28 02 65 01 AE 1D 4C 05 43 02 01 80 A1 4C A4 5D 1E 41 F3 0F 92 F8 00 E6 06 66 59 2F 62 1F C0 00 5A 08 99 00 2D 01 36 FC D9 65 45 03 01 7C C2 78 D9 0C 3A 9B 00 0B DE 1D F2 AA AA 
Time:	12:46:14,944
Send:	220001
Receive: 62 00 01 02 8D 00 A2 22 CE 33 29 02 53 01 9F 1C 0F 05 10 01 EF 80 A4 4C 86 60 3E 41 F3 0F 92 F3 00 E6 06 66 59 31 24 1F C0 00 5A 08 98 00 2D 01 36 FC D9 65 45 03 01 7C C2 78 D9 0C 3A 9B 00 0B 85 1D 2E AA AA 
Time:	12:46:15,341
Send:	220001
Receive: 62 00 01 02 8D 00 A2 22 DE 33 29 02 30 01 73 18 F0 04 D4 01 D9 80 2B 4C 4F 62 3E 41 F3 0F 92 EE 00 E6 06 66 59 32 EB 1F C0 00 5A 08 97 00 2D 01 36 FC D9 65 45 03 01 7C C0 78 D9 0C 3A 9B 00 0B 03 1C 11 AA AA 
Time:	12:46:15,733
Send:	220001
Receive: 62 00 01 02 8D 00 A2 22 D6 33 2A 01 FF 01 73 18 19 04 7C 01 B5 80 36 4C A7 5C 7E 41 F3 0F 92 F3 00 E6 06 66 59 35 93 1F C0 00 5A 08 97 00 2D 01 36 FC D9 65 45 03 01 7C C0 78 D9 0C 3A 9B 00 0A 41 1A 73 AA AA 
Time:	12:46:16,123
Send:	220001
Receive: 62 00 01 02 8D 00 A2 22 C8 33 2A 02 14 01 75 19 23 04 79 01 B4 80 82 4C 48 63 3D 41 F3 0F 92 E8 00 E6 05 69 59 37 55 1F C0 00 5A 08 99 00 2D 01 36 FC D9 65 45 03 01 7C C0 78 D9 0C 3A 9B 00 0A 41 1A 66 AA AA 
Time:	12:46:16,534
Send:	220001
Receive: 62 00 01 02 8D 00 A2 22 DC 33 29 02 50 01 9B 1C AD 04 E0 01 DE 80 93 4C 55 63 3D 41 F3 0F 93 08 00 E6 05 69 59 39 FD 1F C0 00 5A 08 97 00 2D 01 36 FC D9 65 45 03 01 7C C0 78 D9 0C 3A 9B 00 0B 2C 1C 6A AA AA 
Time:	12:46:16,931
Send:	220001
Receive: 62 00 01 02 8D 00 A2 22 E2 33 29 02 59 01 A5 1E C2 05 1C 01 F4 80 96 4C A9 5C 7E 41 F3 0F 93 03 00 E6 05 69 59 3A E3 1F C0 00 5A 08 97 00 2D 01 36 FC D9 65 45 03 01 7C C0 78 D9 0C 3A 9B 00 0B C9 1D C1 AA AA 
Time:	12:46:17,327
Send:	220001
Receive: 62 00 01 02 8D 00 A2 22 F8 34 28 02 6F 01 A7 1E C2 05 2E 01 FE 80 4A 4C 61 62 DD 41 F3 0F 93 32 00 E6 06 66 59 3D 86 1F C0 00 5A 08 95 00 2D 01 36 FC DA 65 45 03 01 7C C0 78 D9 0C 3A 9B 00 0B D4 1D DB AA AA 
Time:	12:46:17,711
Send:	220001
Receive: 62 00 01 02 8D 00 A2 23 04 34 28 02 62 01 A7 1E C2 05 25 01 FA 80 2C 4C 53 62 1E 41 F3 0F 93 22 00 E6 06 66 59 3F 4D 1F C0 00 5A 08 95 00 2D 01 35 FC DA 65 45 03 01 7C C0 78 D9 0C 3A 9B 00 0B CD 1D C7 AA AA 
Time:	12:46:18,111
Send:	220001
Receive: 62 00 01 02 8D 00 A2 23 0A 34 29 02 4E 01 A7 1E C2 05 20 01 F9 80 4E 4C A0 5E 9E 41 F3 0F 93 38 00 E6 06 66 59 41 F5 1F C0 00 5A 08 95 00 2D 01 35 FC DA 65 45 03 01 7C C0 78 D9 0C 3A 9B 00 0B C7 1D BE AA AA 
Time:	12:46:18,501
Send:	220001
Receive: 62 00 01 02 8D 00 A2 23 12 34 1D 01 D4 01 37 00 00 04 5D 01 B8 80 99 4C A4 5F 1E 41 F3 0F 93 28 00 E6 06 66 59 44 9D 1F C0 00 5A 08 94 00 2D 01 35 FA 76 65 45 03 01 7D C8 78 D9 0C 3A 9B 00 09 99 18 EF AA AA 
Time:	12:46:18,901
Send:	220001
Receive: 62 00 01 02 8D 00 A2 22 EE 33 17 01 8E 01 1E 00 00 03 7E 01 56 80 29 4C 32 66 9D 41 F3 0F 90 4D 00 E6 06 66 59 48 26 1F C0 00 5A 08 96 00 2D 01 36 FA 77 65 45 03 01 7D C8 78 D9 0C 3A 9B 00 07 C5 14 D8 AA AA 
Time:	12:46:19,301
Send:	220001
Receive: 62 00 01 02 8D 00 A2 22 C0 33 1F 01 53 00 D3 00 00 02 DF 01 18 80 2E 4C 36 6A 9D 41 F3 0F 8F 73 00 E6 03 EE 59 4D 76 1F C0 00 5A 08 98 00 2D 01 36 FA 79 65 45 03 01 7D C8 78 D9 0C 3A 9B 00 06 45 11 6D AA AA 
Time:	12:46:19,713
Send:	220001
Receive: 62 00 01 02 8D 00 A2 22 66 33 11 01 25 00 C4 00 00 02 7F 00 F4 80 79 4C B5 65 9D 41 F3 0F 8F 78 00 E6 03 EE 59 52 C6 1F C0 00 5A 08 9E 00 2D 01 37 FA 7A 65 45 03 01 7D C8 78 D9 0C 3A 9B 00 05 85 0F AC AA AA 
Time:	12:46:20,102
Send:	220001
Receive: 62 00 01 02 8D 00 A2 22 2A 32 09 00 F5 00 92 00 00 01 FC 00 BE 80 29 4C 3B 66 1D 41 F3 0F 8F D8 00 E6 02 75 59 46 5F 1F C0 00 5A 08 A2 00 2D 01 37 FA 7A 65 45 03 01 7D C8 78 D9 0C 3A 9B 00 04 6A 0D 4E AA AA 
Time:	12:46:20,504
Send:	220001
Receive: 62 00 01 02 8D 00 A2 21 DA 32 EF 01 2D 00 97 00 00 01 E8 00 B5 80 21 4C 2A 7F FD 41 F3 0F 8F C4 00 E6 02 75 59 00 00 1F C0 00 5A 08 A6 00 2D 01 38 FA 7A 65 45 03 01 29 C9 78 D9 0C 3A 9B 00 04 66 0D 34 AA AA 
Time:	12:46:20,894
Send:	220001
Receive: 62 00 01 02 8D 00 A2 21 78 31 EE 00 00 00 AB 01 A8 02 02 00 BD 80 1B 4C 24 7F FD 41 F3 0F 8F BA 00 E6 02 75 5A 00 00 1F C0 00 5A 08 AB 00 2D 01 39 FA 7C 65 45 03 01 29 C9 78 D9 0C 3A 9B 00 04 B9 0D D3 AA AA 
Time:	12:46:21,373
Send:	220001
Receive: 62 00 01 02 8D 00 A2 20 F2 30 0B 01 8C 00 D1 16 3D 02 58 00 D9 78 27 4C 2A 81 5D 41 F3 0F 8E E7 00 E6 00 00 5A 17 61 1F C0 00 5A 08 B3 00 2D 01 3A FC CF 65 45 03 01 3C C8 78 D9 0C 3A 9B 00 05 4F 0F 06 AA AA 
Time:	12:46:21,767
Send:	220001
Receive: 62 00 01 02 8D 00 A2 21 18 30 17 02 BB 01 A2 1C 0F 04 54 01 91 78 C6 4C CE 7B 3D 41 F3 0F 91 6C 00 E6 00 00 5A 18 60 1F C0 00 5A 08 B0 00 2D 01 39 FC D0 65 45 03 01 7C C8 78 D9 0C 3A 9B 00 0A 21 1A 2C AA AA 
Time:	12:46:22,162
Send:	220001
Receive: 62 00 01 02 8D 00 A2 20 AC 30 1A 03 07 01 A5 1D EB 05 43 01 E1 77 C5 4C D3 76 3D 41 F3 0F 91 42 00 E6 07 C3 5A 1A 22 1F C0 00 5A 08 B8 00 2D 01 3A FC CD 65 45 03 01 7C C0 78 D9 0C 3A 9B 00 0C 15 1E A6 AA AA 
Time:	12:46:22,562
Send:	220001
Receive: 62 00 01 02 8D 00 A2 20 C2 30 27 02 DD 01 A5 16 DC 05 53 01 EB 79 C1 4C D0 70 FD 41 F3 0F 91 66 00 E6 07 C3 5A 1B 08 1F C0 00 5A 08 B7 00 2D 01 3A FC CD 65 45 03 01 7C C0 78 D9 0C 3A 9B 00 0C 39 1E DE AA AA 
Time:	12:46:22,955
Send:	220001
Receive: 62 00 01 02 8D 00 A2 20 B6 30 15 01 D2 01 1C 00 00 03 CB 01 5A 80 BB 4C CC 6C 7D 41 F3 0F 90 6B 00 E6 05 07 5A 1C CA 1F C0 00 5A 08 B9 00 2D 01 3B FA 83 65 45 03 01 7D C8 78 D9 0C 3A 9B 00 08 77 16 30 AA AA 
Time:	12:46:23,362
Send:	220001

Fixed toLineMF: 03E 62 00 01 02 8D 00 A2 20 A2 30 1C 01 7E 00 EA 00 00 03 25 01 21 80 B7 4C CA 68 7D 41 F3 0F 8E CE 00 E6 00 5A 08 B9 00 2D 01 3A FA 85 65 45 03 01 7D C8 78 D9 0C 3A 9B 00 07 07 13 17 AA AA 
Receive: 62 00 01 02 8D 00 A2 20 A2 30 1C 01 7E 00 EA 00 00 03 25 01 21 80 B7 4C CA 68 7D 41 F3 0F 8E CE 00 E6 00 5A 08 B9 00 2D 01 3A FA 85 65 45 03 01 7D C8 78 D9 0C 3A 9B 00 07 07 13 17 AA AA 

Fixed toLineMF: 03E 62 00 01 02 8D 00 A2 20 A2 30 1C 01 7E 00 EA 00 00 03 25 01 21 80 B7 4C CA 68 7D 41 F3 0F 8E CE 00 E6 00 5A 08 B9 00 2D 01 3A FA 85 65 45 03 01 7D C8 78 D9 0C 3A 9B 00 07 07 13 17 AA AA 
Time:	12:46:23,745
Send:	220001

Fixed toLineMF: 03E 62 00 01 02 8D 00 00 A1 00 00 02 76 00 DD 80 B7 4C CA 64 FD 41 F3 0F 8E 17 00 E6 05 07 5A 1F 72 1F C0 00 5A 08 BE 00 2D 01 3B FA 9B 65 45 03 05 7D C8 78 D9 0C 3A 9B 00 05 98 0F DC AA AA 
Receive: 62 00 01 02 8D 00 00 A1 00 00 02 76 00 DD 80 B7 4C CA 64 FD 41 F3 0F 8E 17 00 E6 05 07 5A 1F 72 1F C0 00 5A 08 BE 00 2D 01 3B FA 9B 65 45 03 05 7D C8 78 D9 0C 3A 9B 00 05 98 0F DC AA AA 

Fixed toLineMF: 03E 62 00 01 02 8D 00 00 A1 00 00 02 76 00 DD 80 B7 4C CA 64 FD 41 F3 0F 8E 17 00 E6 05 07 5A 1F 72 1F C0 00 5A 08 BE 00 2D 01 3B FA 9B 65 45 03 05 7D C8 78 D9 0C 3A 9B 00 05 98 0F DC AA AA 
Time:	12:46:24,151
Send:	220001

Fixed toLineMF: 03E 62 00 01 02 8D 00 A2 1B D8 30 F9 08 CB 2E 80 1E 4C B5 67 7D 41 F3 0F 8F 5F 00 E6 02 22 5A F4 B0 1F C0 00 5A 09 06 00 2D 01 45 FC B1 65 45 03 05 3C CA 78 D9 0C 3A 9B 00 1F E5 3E DC AA AA 
Receive: 62 00 01 02 8D 00 A2 1B D8 30 F9 08 CB 2E 80 1E 4C B5 67 7D 41 F3 0F 8F 5F 00 E6 02 22 5A F4 B0 1F C0 00 5A 09 06 00 2D 01 45 FC B1 65 45 03 05 3C CA 78 D9 0C 3A 9B 00 1F E5 3E DC AA AA 

Fixed toLineMF: 03E 62 00 01 02 8D 00 A2 1B D8 30 F9 08 CB 2E 80 1E 4C B5 67 7D 41 F3 0F 8F 5F 00 E6 02 22 5A F4 B0 1F C0 00 5A 09 06 00 2D 01 45 FC B1 65 45 03 05 3C CA 78 D9 0C 3A 9B 00 1F E5 3E DC AA AA 
Time:	12:46:24,537
Send:	220001
Receive: 62 00 01 02 8D 00 A2 2F 5E 2F 0D 00 EE 00 D6 00 00 02 26 01 36 80 BA 4C C8 7A FD 41 F3 0F 95 40 00 E6 02 22 5A 5C 80 1F C0 00 5A 08 40 00 2D 01 29 FA 14 65 45 03 05 3D C8 78 D9 0C 3A 9B 00 04 DF 11 C5 AA AA 
Time:	12:46:24,952
Send:	220001
Receive: 62 00 01 02 8D 00 A2 28 40 2F 35 00 EF 00 D8 00 00 01 B9 00 BC 80 1B 4C 24 80 5D 41 F3 0F 92 A4 00 E6 02 53 5A 4F 38 1F C0 00 5A 08 5E 00 2D 01 2E FA 5E 65 45 03 05 3D C8 78 D9 0C 3A 9B 00 04 16 0D 91 AA AA 
Time:	12:46:25,353
Send:	220001
Receive: 62 00 01 02 8D 00 A2 2A 26 2E F4 00 00 01 05 00 00 01 94 00 B9 80 20 4C 29 7F FD 41 F3 0F 95 40 00 E6 02 53 5A 00 00 1F C0 00 5A 08 3E 00 2D 01 29 FA 54 65 45 03 05 29 C9 78 D9 0C 3A 9B 00 03 B5 0D FA AA AA 
Time:	12:46:25,752
Send:	220001
Receive: 62 00 01 02 8D 00 A2 2A 32 2E EF 00 00 01 1C 00 00 01 F5 00 E7 80 17 4C 22 7F FD 41 F3 0F 95 35 00 E6 02 53 5A 00 00 1F C0 00 5A 08 3E 00 2D 01 29 FA 57 65 45 03 05 29 C9 78 D9 0C 3A 9B 00 04 7D 0F E5 AA AA 
Time:	12:46:26,144
Send:	220001
Receive: 62 00 01 02 8D 00 A2 29 74 2D ED 00 00 01 0F 00 00 02 07 00 E9 80 17 4C 21 7F FD 41 F3 0F 94 78 00 E6 00 00 5A 00 00 1F C0 00 5A 08 47 00 2D 01 2A FA 58 65 45 03 03 29 E9 78 D9 0C 3A 9B 00 04 A4 0F CF AA AA 
Time:	12:46:26,523
Send:	220001
Receive: 62 00 01 02 8D 00 A2 28 1A 2C EC 00 00 01 00 00 00 02 27 00 F1 80 17 4C 21 7F FD 41 F3 0F 93 32 00 E6 00 00 5A 00 00 1F C0 00 5A 08 59 00 2D 01 2D FA 5F 65 45 03 03 29 E9 78 D9 0C 3A 9B 00 04 FB 0F AA AA AA 
Time:	12:46:26,922
Send:	220001
Receive: 62 00 01 02 8D 00 A2 26 16 29 ED 00 00 00 DD 00 00 02 27 00 E3 80 16 4C 21 7F FD 41 F3 0F 91 AF 00 E6 00 00 5A 00 00 1F C0 00 5A 08 72 00 2D 01 31 FA 67 65 45 03 03 29 E9 78 D9 0C 3A 9B 00 04 FD 0E F0 AA AA 
Time:	12:46:27,328
Send:	220001
Receive: 62 00 01 02 8D 00 A2 23 B6 27 ED 00 00 00 D1 00 00 02 53 00 E7 80 16 4C 22 7F FD 41 F3 0F 90 00 00 E6 00 00 5A 00 00 1F C0 00 5A 08 90 00 2D 01 35 FA 71 65 45 03 03 29 E9 78 D9 0C 3A 9B 00 05 59 0F 5F AA AA 
Time:	12:46:27,752
Send:	220001
Receive: 62 00 01 02 8D 00 A2 22 B4 26 ED 00 00 00 C4 00 00 02 53 00 E2 80 17 4C 24 7F FD 41 F3 0F 8F A1 00 E6 00 00 5A 00 00 1F C0 00 5A 08 9D 00 2D 01 37 FA 76 65 45 03 03 29 E9 78 D9 0C 3A 9B 00 05 41 0F 0F AA AA 
Time:	12:46:28,143
Send:	220001

Fixed toLineMF: 03E 62 00 01 02 8D 00 A2 21 D8 25 ED 00 00 00 BA 00 00 02 43 00 D6 80 16 4C 23 7F FD 41 F3 0F 8F 5A 00 E6 00 5A 08 A8 00 2D 01 38 FA 78 65 45 03 03 29 E9 78 D9 0C 3A 9B 00 05 2F 0E CC AA AA 
Receive: 62 00 01 02 8D 00 A2 21 D8 25 ED 00 00 00 BA 00 00 02 43 00 D6 80 16 4C 23 7F FD 41 F3 0F 8F 5A 00 E6 00 5A 08 A8 00 2D 01 38 FA 78 65 45 03 03 29 E9 78 D9 0C 3A 9B 00 05 2F 0E CC AA AA 

Fixed toLineMF: 03E 62 00 01 02 8D 00 A2 21 D8 25 ED 00 00 00 BA 00 00 02 43 00 D6 80 16 4C 23 7F FD 41 F3 0F 8F 5A 00 E6 00 5A 08 A8 00 2D 01 38 FA 78 65 45 03 03 29 E9 78 D9 0C 3A 9B 00 05 2F 0E CC AA AA 
Time:	12:46:28,538
Send:	220001
Receive: 62 00 01 02 8D 00 A2 20 FC 24 ED 00 00 00 B0 00 00 02 3D 00 CE 80 17 4C 23 7F FD 41 F3 0F 8F 19 00 E6 00 00 5A 00 00 1F C0 00 5A 08 B5 00 2D 01 3A FA 7D 65 45 03 03 29 E9 78 D9 0C 3A 9B 00 05 14 0E 81 AA AA 
Time:	12:46:28,924
Send:	220001
Receive: 62 00 01 02 8D 00 A2 20 1A 23 ED 00 00 00 AB 00 00 02 2D 00 C3 80 17 4C 24 7F FD 41 F3 0F 8F 00 00 E6 00 00 5A 00 00 1F C0 00 5A 08 C1 00 2D 01 3C FA A6 65 45 03 03 29 E9 78 D9 0C 3A 9B 00 04 FB 0E 6D AA AA 
Time:	12:46:29,342
Send:	220001
Receive: 62 00 01 02 8D 00 A2 1F 3E 22 ED 00 00 00 A4 00 00 02 24 00 BA 80 17 4C 25 7F FD 41 F3 0F 8E DD 00 E6 00 00 5A 00 00 1F C0 00 5A 08 CE 00 2D 01 3D FA D2 65 45 03 03 29 E9 78 D9 0C 3A 9B 00 04 E1 0E 77 AA AA 
Time:	12:46:29,721
Send:	220001
Receive: 62 00 01 02 8D 00 A2 1E A6 21 ED 00 00 00 A1 00 00 02 0B 00 AF 80 16 4C 24 7F FD 41 F3 0F 8F 19 00 E6 00 00 5B 00 00 1F C0 00 5A 08 D6 00 2D 01 3F FA F2 65 45 03 03 29 E9 78 D9 0C 3A 9B 00 04 93 0E 62 AA AA 
Time:	12:46:30,112
Send:	220001
Receive: 62 00 01 02 8D 00 A2 1D DA 20 EF 00 00 00 9F 00 00 01 E9 00 A0 80 17 4C 25 7F FD 41 F3 0F 8E EC 00 E6 00 00 5B 00 00 1F C0 00 5A 08 E1 00 2D 01 40 FB 1F 65 45 03 03 29 E9 78 D9 0C 3A 9B 00 04 5C 0E 87 AA AA 
Time:	12:46:30,502
Send:	220001
Receive: 62 00 01 02 8D 00 A2 1D 0A 1F EF 00 00 00 A1 00 00 01 D9 00 95 80 17 4C 25 7F FD 41 F3 0F 8E DD 00 E6 00 00 5B 00 00 1F C0 00 5A 08 EE 00 2D 01 42 FB 4B 65 45 03 03 29 E9 78 D9 0C 3A 9B 00 04 3B 0E E3 AA AA 
Time:	12:46:30,902
Send:	220001
Receive: 62 00 01 02 8D 00 A2 1C 66 1F EF 00 00 00 A4 00 00 01 D9 00 93 80 16 4C 26 7F FD 41 F3 0F 8E D3 00 E6 00 00 5B 00 00 1F C0 00 5A 08 F7 00 2D 01 43 FB 6A 65 45 03 01 29 C9 78 D9 0C 3A 9B 00 04 2D 0F 3B AA AA 
Time:	12:46:31,302
Send:	220001
Receive: 62 00 01 02 8D 00 A2 1B FC 1E 15 01 7E 01 16 24 28 02 2E 00 AB 78 19 4C 28 7F FD 41 F3 0F 8E 17 00 E6 00 00 5B 17 07 1F C0 00 5A 08 FD 00 2D 01 44 FC B4 65 45 03 01 2C C8 78 D9 0C 3A 9B 00 05 98 12 D3 AA AA 
Time:	12:46:31,682
Send:	220001
Receive: 62 00 01 02 8D 00 A2 1B EE 1E 02 04 66 02 82 2F 61 06 83 01 E8 79 B7 4C B0 7D 9D 41 F3 0F 8D BE 00 E6 00 00 5B 18 60 1F C0 00 5A 09 00 00 2D 01 45 FC B3 65 45 03 01 3C CA 78 D9 0C 3A 9B 00 0F 9B 2A FD AA AA 
Time:	12:46:32,062
Send:	220001
Receive: 62 00 01 02 8D 00 A2 1C 98 1F 1C 04 C3 02 96 33 8A 08 3F 02 98 77 B4 4C C6 78 1D 41 F3 0F 8E F1 00 E6 0B FF 5B 1E 91 1F C0 00 5A 08 F4 00 2D 01 43 FC B7 65 45 03 01 7C C2 78 D9 0C 3A 9B 00 12 BA 30 A2 AA AA 
Time:	12:46:32,454
Send:	220001
Receive: 62 00 01 02 8D 00 A2 1D 84 20 1E 04 31 02 76 33 8A 07 D3 02 8E 79 A3 4C BB 72 5D 41 F3 0F 8E EC 00 E6 0B FF 5B 1D B0 1F C0 00 5A 08 E7 00 2D 01 41 FC BC 65 45 03 01 7C C2 78 D9 0C 3A 9B 00 12 08 2D F5 AA AA 
Time:	12:46:32,874
Send:	220001
Receive: 62 00 01 02 8D 00 A2 1E 72 21 1F 04 22 02 67 33 23 07 BE 02 9E 7B A5 4C BD 72 5D 41 F3 0F 8F D8 00 E6 0B FF 5B 1E 91 1F C0 00 5A 08 D9 00 2D 01 3F FC C1 65 45 03 01 7C C2 78 D9 0C 3A 9B 00 11 AE 2B FF AA AA 
Time:	12:46:33,282
Send:	220001
Receive: 62 00 01 02 8D 00 A2 1F 30 22 22 03 8C 02 2E 2F 61 07 09 02 6D 7D A2 4C BD 6C 9D 41 F3 0F 90 33 00 E6 0A 3D 5B 1E 91 1F C0 00 5A 08 CE 00 2D 01 3D FC C5 65 45 03 01 7C C2 78 D9 0C 3A 9B 00 0F F6 28 8C AA AA 
Time:	12:46:33,692
Send:	220001
Receive: 62 00 01 02 8D 00 A2 1F CE 22 22 03 8A 02 2E 2F 61 07 1B 02 7B 7F A1 4C B1 6A FD 41 F3 0F 90 A3 00 E6 0A 3D 5B 20 58 1F C0 00 5A 08 C6 00 2D 01 3C FC C8 65 45 03 01 7C C2 78 D9 0C 3A 9B 00 10 61 28 4E AA AA 
Time:	12:46:34,104
Send:	220001
Receive: 62 00 01 02 8D 00 A2 20 72 23 21 03 7C 02 30 2F 61 07 42 02 9A 80 9E 4C B5 65 1D 41 F3 0F 91 42 00 E6 09 23 5A 21 39 1F C0 00 5A 08 BB 00 2D 01 3B FC CC 65 45 03 01 7C C2 78 D9 0C 3A 9B 00 10 8C 27 EA AA AA 
Time:	12:46:34,484
Send:	220001
Receive: 62 00 01 02 8D 00 A2 21 06 24 22 03 7A 02 38 30 38 07 56 02 AD 80 98 4C AD 63 3D 41 F3 0F 91 9F 00 E6 09 23 5A 22 FB 1F C0 00 5A 08 B3 00 2D 01 3A FC CF 65 45 03 01 7C C2 78 D9 0C 3A 9B 00 10 D4 28 3A AA AA 
Time:	12:46:34,882
Send:	220001
Receive: 62 00 01 02 8D 00 A2 21 B2 24 22 03 5B 02 3A 30 38 07 52 02 B8 80 81 4C B0 5D 1E 41 F3 0F 92 1C 00 E6 09 23 5A 24 C2 1F C0 00 5A 08 A9 00 2D 01 38 FC D3 65 45 03 01 7C C2 78 D9 0C 3A 9B 00 10 BF 28 0A AA AA 
Time:	12:46:35,265
Send:	220001
Receive: 62 00 01 02 8D 00 A2 22 46 25 22 03 6B 02 49 30 A3 07 52 02 C2 80 A2 4C A0 5F 9E 41 F3 0F 92 AE 00 E6 09 59 5A 25 A3 1F C0 00 5A 08 A1 00 2D 01 37 FC D6 65 45 03 01 7C C2 78 D9 0C 3A 9B 00 10 E1 28 43 AA AA 
Time:	12:46:35,652
Send:	220001
Receive: 62 00 01 02 8D 00 A1 22 E4 26 21 03 9E 02 62 32 4C 07 A2 02 F2 80 99 4C 9F 60 9E 41 F3 0F 93 28 00 E6 09 59 5A 28 4B 1F C0 00 5A 08 98 00 2D 01 36 FC D9 65 45 03 01 7C C2 78 D9 0C 3A 9B 00 11 7D 29 7D AA AA 
Time:	12:46:36,042
Send:	220001
Receive: 62 00 01 02 8D 00 A1 23 A8 26 21 03 CD 02 85 34 61 07 E9 03 1A 80 2E 4C 54 61 BE 41 F3 0F 93 C2 00 E6 09 D7 5A 2A F3 1F C0 00 5A 08 8D 00 2D 01 34 FC DD 65 45 03 01 7C C2 78 D9 0C 3A 9B 00 12 17 2A A7 AA AA 
Time:	12:46:36,432
Send:	220001
Receive: 62 00 01 02 8D 00 A1 24 14 27 21 03 AE 02 85 33 F5 07 F0 03 28 80 9C 4C AC 5B BE 41 F3 0F 93 E2 00 E6 09 D7 59 2B D4 1F C0 00 5A 08 88 00 2D 01 34 FC DF 65 45 03 01 7C C2 78 D9 0C 3A 9B 00 11 D9 2A A5 AA AA 
Time:	12:46:36,825
Send:	220001
Receive: 62 00 01 02 8D 00 A1 25 5E 28 1F 04 85 03 6A 3B A8 09 15 03 C0 80 2A 4C 39 65 7D 41 F3 0F 90 C7 00 E6 09 D7 59 36 74 1F C0 00 5A 08 75 00 2D 01 31 FC E6 65 45 03 01 7C C2 78 D9 0C 3A 9B 00 14 84 31 DA AA AA 
Time:	12:46:37,232
Send:	220001
Receive: 62 00 01 02 8D 00 A1 26 0E 29 1C 05 62 04 0F 42 84 0A 9D 04 72 80 2C 4C 3B 6B 3D 41 F3 0F 8F 5F 00 E6 0D DD 59 5A B9 1F C0 FF 5A 08 6E 00 2D 01 30 FC E8 65 45 03 01 7C C2 78 D9 0C 3A 9B 00 18 41 38 69 AA AA 
Time:	12:46:37,667
Send:	220001
Receive: 62 00 01 02 8D 00 A1 27 70 2A 1B 05 DA 05 BE 4C 14 0B D8 05 30 80 2B 4C 3A 70 3D 41 F3 0F 8F 5F 00 E6 0D DD 59 B1 71 1F C0 FF 5A 08 5B 00 2D 01 2D FC EF 65 45 03 01 3C C2 78 D9 0C 3A 9B 00 1B 32 3C A7 AA AA 
Time:	12:46:38,082
Send:	220001
Receive: 62 00 01 02 8D 00 A1 28 84 2C 19 06 5B 07 09 50 A8 0C 7F 05 8D 80 2B 4C 35 78 1D 41 F3 0F 8F 5F 00 E6 16 1B 59 FA 00 1F C0 FF 5A 08 4E 00 2D 01 2B FC F4 65 45 03 01 3C C2 78 D9 0C 3A 9B 00 1C 81 3D 8E AA AA 
Time:	12:46:38,484
Send:	220001
Receive: 62 00 01 02 8D 00 A1 2A 10 2D 19 06 61 06 A3 51 47 0C 76 05 CB 80 91 4C 9D 79 DD 41 F3 0F 8F 50 00 E6 16 1B 59 FA 00 1F C0 FF 5A 08 3A 00 2D 01 29 FC FB 65 45 03 01 3C C2 78 D9 0C 3A 9B 00 1C 54 3D 0B AA AA 
Time:	12:46:38,872
Send:	220001
Receive: 62 00 01 02 8D 00 A1 2B BC 2F 1A 06 CC 06 5B 54 CC 0C 5B 05 FF 80 3B 4C 49 83 DD 41 F3 0F 8E D8 00 E6 16 1B 59 FA 00 1F C0 FF 5A 08 39 00 2D 01 29 FC FC 65 45 03 01 3C C2 78 D9 0C 3A 9B 00 1C 55 3C 83 AA AA 
Time:	12:46:39,282
Send:	220001
Receive: 62 00 01 02 8D 00 A1 2D 56 31 1A 06 EC 06 4C 54 CC 0C 6E 06 3D 80 91 4C AC 81 3D 41 F3 0F 8E 75 00 E6 1B 85 58 FA 00 1F C0 FF 5A 08 39 00 2D 01 28 FC FC 65 45 03 01 3C C2 78 D9 0C 3A 9B 00 1C 8A 3C 30 AA AA 
Time:	12:46:39,673
Send:	220001
Receive: 62 00 01 02 8D 00 A1 2F 24 33 1B 06 C5 06 10 54 CC 0C 72 06 7E 80 92 4C BA 7D 7D 41 F3 0F 8D FE 00 E6 1B 85 58 FA 00 1F C0 FF 5A 08 38 00 2D 01 28 FC FC 65 45 03 01 3C C2 78 D9 0C 3A 9B 00 1C 7E 3B AA AA AA 
Time:	12:46:40,074
Send:	220001

Fixed toLineMF: 03E 62 00 01 02 8D 00 A1 30 A8 34 1C 06 A3 06 13 54 CC 0C 71 06 B1 80 9A 4C BD 7D 9D 1D 27 58 FA 00 1F C0 FE 5A 08 37 00 2D 01 28 FC FC 65 45 03 01 3C C2 78 D9 0C 3A 9B 00 1C 93 3B 5A AA AA 
Receive: 62 00 01 02 8D 00 A1 30 A8 34 1C 06 A3 06 13 54 CC 0C 71 06 B1 80 9A 4C BD 7D 9D 1D 27 58 FA 00 1F C0 FE 5A 08 37 00 2D 01 28 FC FC 65 45 03 01 3C C2 78 D9 0C 3A 9B 00 1C 93 3B 5A AA AA 

Fixed toLineMF: 03E 62 00 01 02 8D 00 A1 30 A8 34 1C 06 A3 06 13 54 CC 0C 71 06 B1 80 9A 4C BD 7D 9D 1D 27 58 FA 00 1F C0 FE 5A 08 37 00 2D 01 28 FC FC 65 45 03 01 3C C2 78 D9 0C 3A 9B 00 1C 93 3B 5A AA AA 
Time:	12:46:40,473
Send:	220001
Receive: 62 00 01 02 8D 00 A1 32 42 36 1C 06 B2 06 10 54 CC 0C 77 06 ED 80 5A 4C C2 7E BD 41 F3 0F 8D 58 00 E6 1D 27 58 FA 00 1F C0 FE 5A 08 37 00 2D 01 28 FD 02 65 45 03 01 3C C2 78 D9 0C 3A 9B 00 1C 98 3A F3 AA AA 
Time:	12:46:40,852
Send:	220001
Receive: 62 00 01 02 8D 00 A1 33 FC 38 1C 06 A1 06 1A 54 CC 0C 85 07 2C 80 97 4C C7 7C 3D 41 F3 0F 8D 92 00 E6 1D 27 58 FA 00 1F C0 FE 5A 08 36 00 2D 01 28 FD 28 65 45 03 01 3C C2 78 D9 0C 3A 9B 00 1C BA 3A EF AA AA 
Time:	12:46:41,315
Send:	220001
Receive: 62 00 01 02 8D 00 A1 34 8A 3A 0B 02 E8 02 1C 00 00 06 BE 03 E2 80 BC 4C D3 77 BD 41 F3 0F 93 32 00 E6 20 CB 58 FA 00 1F C0 00 5A 08 35 00 2D 01 28 FA 32 65 45 03 01 3D CA 78 D9 0C 3A 9B 00 0B 0D 20 06 AA AA 
Time:	12:46:41,714
Send:	220001
Receive: 62 00 01 02 8D 00 A1 31 64 3A 35 00 CB 00 F6 00 00 01 CC 01 02 80 A8 4C 78 75 BD 41 F3 0F 95 40 00 E6 20 CB 57 60 09 1F C0 00 5A 08 35 00 2D 01 28 FA 04 65 45 03 05 7D C8 78 D9 0C 3A 9B 00 03 C1 0D B5 AA AA 
Time:	12:46:42,122
Send:	220001
Receive: 62 00 01 02 8D 00 A1 2A 64 39 35 00 D9 00 F1 00 00 01 A7 00 C0 80 1B 4C 31 79 5D 41 F3 0F 94 72 00 E6 01 EB 57 52 C6 1F C0 00 5A 08 3B 00 2D 01 29 FA 59 65 45 03 05 3D C8 78 D9 0C 3A 9B 00 04 39 0E 4D AA AA 
Time:	12:46:42,502
Send:	220001
Receive: 62 00 01 02 8D 00 A1 27 E8 39 27 03 6B 02 B4 29 8F 06 3D 02 C1 80 88 4C 3A 7E 3D 41 F3 0F 95 CE 00 E6 01 EB 57 EC B8 1F C0 00 5A 08 4A 00 2D 01 2B FC F5 65 45 03 05 3C C2 78 D9 0C 3A 9B 00 0F 44 27 F5 AA AA 
Time:	12:46:42,885
Send:	220001
Receive: 62 00 01 02 8D 00 A1 27 42 39 21 04 D3 03 81 39 94 08 D3 03 C1 80 26 4C 37 80 DD 41 F3 0F 91 33 00 E6 01 EB 57 FA 00 1F C0 00 5A 08 55 00 2D 01 2D FC F1 65 45 03 05 7C C2 78 D9 0C 3A 9B 00 15 EC 34 E6 AA AA 
Time:	12:46:43,274
Send:	220001
Receive: 62 00 01 02 8D 00 A1 27 94 3A 1C 05 E7 04 86 3E 5B 0A D9 04 C4 80 42 4C AA 81 FD 41 F3 0F 8F 5F 00 E6 11 73 58 FA 00 1F C0 00 5A 08 56 00 2D 01 2D FC F1 65 45 03 01 7C C2 78 D9 0C 3A 9B 00 18 B1 39 9B AA AA 
Time:	12:46:43,674
Send:	220001

Fixed toLineMF: 037 62 00 01 02 8D 00 A1 28 22 3B 1B 05 DE 04 CC 43 8F 0B 14 04 DA 80 5D 4C B0 7E 7D 41 F3 0F 8F 5F 00 E6 00 5A 08 4F 00 2D 01 7C C2 78 D9 0C 3A 9B 00 19 65 3A BA AA AA 
Receive: 62 00 01 02 8D 00 A1 28 22 3B 1B 05 DE 04 CC 43 8F 0B 14 04 DA 80 5D 4C B0 7E 7D 41 F3 0F 8F 5F 00 E6 00 5A 08 4F 00 2D 01 7C C2 78 D9 0C 3A 9B 00 19 65 3A BA AA AA 

Fixed toLineMF: 037 62 00 01 02 8D 00 A1 28 22 3B 1B 05 DE 04 CC 43 8F 0B 14 04 DA 80 5D 4C B0 7E 7D 41 F3 0F 8F 5F 00 E6 00 5A 08 4F 00 2D 01 7C C2 78 D9 0C 3A 9B 00 19 65 3A BA AA AA 
Time:	12:46:44,078
Send:	220001
Receive: 62 00 01 02 8D 00 A1 28 E6 3C 1B 05 CD 04 E8 43 C2 0B 0C 05 03 80 A0 4C AD 7E 7D 41 F3 0F 8F 5F 00 E6 15 86 58 FA 00 1F C0 00 5A 08 45 00 2D 01 2A FC F8 65 45 03 01 7C C2 78 D9 0C 3A 9B 00 19 56 3A 9A AA AA 
Time:	12:46:44,462
Send:	220001
Receive: 62 00 01 02 8D 00 A1 29 84 3D 1B 05 CA 04 D9 43 C2 0A F4 05 0A 80 A1 4C A9 80 1D 41 F3 0F 8F 5F 00 E6 15 86 58 FA 00 1F C0 00 5A 08 3E 00 2D 01 29 FC FA 65 45 03 01 7C C2 78 D9 0C 3A 9B 00 19 1B 3A 03 AA AA 
Time:	12:46:44,842
Send:	220001
Receive: 62 00 01 02 8D 00 A1 2A 2C 3E 1C 05 BE 04 CC 43 C2 0A D3 05 05 80 9A 4C B3 80 FD 41 F3 0F 8F 5A 00 E6 15 86 58 FA 00 1F C0 00 5A 08 37 00 2D 01 28 FC FD 65 45 03 01 7C C2 78 D9 0C 3A 9B 00 18 DB 39 D2 AA AA 
Time:	12:46:45,222
Send:	220001
Receive: 62 00 01 02 8D 00 A1 2A B2 3F 1C 05 B8 04 BD 43 C2 0A C0 05 14 80 87 4C B7 81 BD 41 F3 0F 8F 3C 00 E6 14 F1 58 FA 00 1F C0 00 5A 08 36 00 2D 01 28 FC FD 65 45 03 01 7C C2 78 D9 0C 3A 9B 00 19 87 3A 0C AA AA 
Time:	12:46:45,637
Send:	220001
Receive: 62 00 01 02 8D 00 A1 2B C0 40 18 06 B3 06 E1 51 7A 0C 8D 06 1A 80 A5 4C C7 7E BD 41 F3 0F 8E E7 00 E6 14 F1 58 FA 00 1F C0 00 5A 08 36 00 2D 01 28 FC FD 65 45 03 01 3C C2 78 D9 0C 3A 9B 00 1C CD 3D 2D AA AA 
Time:	12:46:46,022
Send:	220001
Receive: 62 00 01 02 8D 00 A1 2C 56 41 19 06 AC 06 B7 52 19 0C 86 06 25 80 96 4C C6 7E BD 41 F3 0F 8E C4 00 E6 1B 85 58 FA 00 1F C0 00 5A 08 35 00 2D 01 28 FC FD 65 45 03 01 3C C2 78 D9 0C 3A 9B 00 1C B0 3C E8 AA AA 
Time:	12:46:46,406
Send:	220001
Receive: 62 00 01 02 8D 00 A1 2D 10 42 19 06 9E 06 A3 51 E6 0C 84 06 36 80 A1 4C C8 7D 1D 41 F3 0F 8E 8E 00 E6 1B 85 58 FA 00 1F C0 00 5A 08 35 00 2D 01 28 FC FD 65 45 03 01 3C C2 78 D9 0C 3A 9B 00 1C C7 3C CB AA AA 
Time:	12:46:46,804
Send:	220001
Receive: 62 00 01 02 8D 00 A1 2D E4 44 19 06 74 06 6F 51 E6 0C 7F 06 57 80 82 4C C7 7C 9D 41 F3 0F 8E 57 00 E6 1B 85 57 FA 00 1F C0 00 5A 08 35 00 2D 01 28 FC FD 65 45 03 01 3C C2 78 D9 0C 3A 9B 00 1C B0 3C 85 AA AA 
Time:	12:46:47,193
Send:	220001
Receive: 62 00 01 02 8D 00 A1 2E A4 45 19 06 B6 06 3B 51 E6 0C 6D 06 6A 80 87 4C C7 7F 3D 41 F3 0F 8E 1C 00 E6 1A E1 57 FA 00 1F C0 00 5A 08 34 00 2D 01 28 FC FE 65 45 03 01 3C C2 78 D9 0C 3A 9B 00 1C 80 3B F6 AA AA 
Time:	12:46:47,585
Send:	220001

Fixed toLineMF: 03E 62 00 01 02 8D 00 A1 2F 64 46 1A 06 8C 06 24 51 E6 0C 63 06 7A 80 9B 4C CA 7B BD 41 F3 0F 8D F4 00 E6 1A E1 57 FA 00 1F C0 00 5A 08 34 00 2D 01 28 FC FE 65 45 03 01 3C C2 78 D9 0C 3A 9B 
Receive: 62 00 01 02 8D 00 A1 2F 64 46 1A 06 8C 06 24 51 E6 0C 63 06 7A 80 9B 4C CA 7B BD 41 F3 0F 8D F4 00 E6 1A E1 57 FA 00 1F C0 00 5A 08 34 00 2D 01 28 FC FE 65 45 03 01 3C C2 78 D9 0C 3A 9B 

Fixed toLineMF: 03E 62 00 01 02 8D 00 A1 2F 64 46 1A 06 8C 06 24 51 E6 0C 63 06 7A 80 9B 4C CA 7B BD 41 F3 0F 8D F4 00 E6 1A E1 57 FA 00 1F C0 00 5A 08 34 00 2D 01 28 FC FE 65 45 03 01 3C C2 78 D9 0C 3A 9B 
Time:	12:46:47,958
Send:	220001
Receive: 62 00 01 02 8D 00 A1 2F C2 47 24 02 E1 02 49 22 14 06 A6 03 81 80 B9 4C D9 7A 9D 41 F3 0F 94 37 00 E6 15 55 57 FA 00 1F C0 00 5A 08 33 00 2D 01 28 FC FE 65 45 03 01 3C C2 78 D9 0C 3A 9B 00 0E E8 29 77 AA AA 
Time:	12:46:48,343
Send:	220001
Receive: 62 00 01 02 8D 00 A1 2F DE 47 31 01 5E 01 7A 00 00 02 F0 01 8B 80 1F 4C 40 7D FD 41 F3 0F 95 25 00 E6 15 55 57 8B 65 1F C0 00 5A 08 32 00 2D 01 28 FA 17 65 45 03 01 7D C8 78 D9 0C 3A 9B 00 06 A7 14 C1 AA AA 
Time:	12:46:48,743
Send:	220001
Receive: 62 00 01 02 8D 00 A1 2F 7E 46 34 01 20 01 12 00 00 02 17 01 1C 80 21 4C 36 83 1D 41 F3 0F 95 40 00 E6 15 55 57 61 D0 1F C0 00 5A 08 32 00 2D 01 27 FA 1E 65 45 03 01 7D C8 78 D9 0C 3A 9B 00 04 9C 0F F5 AA AA 
Time:	12:46:49,133
Send:	220001
Receive: 62 00 01 02 8D 00 A1 2F 38 46 01 01 07 01 16 00 00 01 BA 00 E7 80 1F 4C 36 86 5D 41 F3 0F 95 40 00 E6 02 8F 57 5D 61 1F C0 00 5A 08 32 00 2D 01 27 FA 21 65 45 03 01 7D C8 78 D9 0C 3A 9B 00 04 28 0E D6 AA AA 
Time:	12:46:49,522
Send:	220001

Fixed toLineMF: 03E 62 00 01 02 8D 00 A1 2E E2 45 F0 00 00 01 25 00 00 01 D3 00 41 F3 0F 95 40 00 E6 02 8F 57 00 00 1F C0 00 5A 08 32 00 2D 01 27 FA 25 65 45 03 01 29 C9 78 D9 0C 3A 9B 00 04 35 0F 2B AA AA 
Receive: 62 00 01 02 8D 00 A1 2E E2 45 F0 00 00 01 25 00 00 01 D3 00 41 F3 0F 95 40 00 E6 02 8F 57 00 00 1F C0 00 5A 08 32 00 2D 01 27 FA 25 65 45 03 01 29 C9 78 D9 0C 3A 9B 00 04 35 0F 2B AA AA 

Fixed toLineMF: 03E 62 00 01 02 8D 00 A1 2E E2 45 F0 00 00 01 25 00 00 01 D3 00 41 F3 0F 95 40 00 E6 02 8F 57 00 00 1F C0 00 5A 08 32 00 2D 01 27 FA 25 65 45 03 01 29 C9 78 D9 0C 3A 9B 00 04 35 0F 2B AA AA 
Time:	12:46:49,904
Send:	220001
Receive: 62 00 01 02 8D 00 A1 2E 3C 44 F0 00 00 01 21 00 00 01 D3 00 EE 80 18 4C 2E 7F FD 41 F3 0F 95 40 00 E6 02 8F 57 00 00 1F C0 00 5A 08 32 00 2D 01 28 FA 2C 65 45 03 01 29 C9 78 D9 0C 3A 9B 00 04 32 0F 26 AA AA 
Time:	12:46:50,283
Send:	220001
Receive: 62 00 01 02 8D 00 A1 2D C6 44 F2 00 00 01 21 00 00 01 AD 00 D7 80 17 4C 2D 7F FD 41 F3 0F 95 40 00 E6 00 00 57 00 00 1F C0 00 5A 08 33 00 2D 01 28 FA 30 65 45 03 01 29 C9 78 D9 0C 3A 9B 00 03 E4 0F 23 AA AA 
Time:	12:46:50,672
Send:	220001
Receive: 62 00 01 02 8D 00 A1 2D 70 43 F2 00 00 01 1E 00 00 01 DD 00 E9 80 17 4C 2D 7F FD 41 F3 0F 95 40 00 E6 00 00 57 00 00 1F C0 00 5A 08 34 00 2D 01 28 FA 35 65 45 03 01 29 C9 78 D9 0C 3A 9B 00 04 6D 0F 2C AA AA 
Time:	12:46:51,064
Send:	220001
Receive: 62 00 01 02 8D 00 A1 2C D0 42 F0 00 00 01 19 00 00 01 DF 00 EC 80 17 4C 2E 7F FD 41 F3 0F 95 40 00 E6 00 00 58 00 00 1F C0 00 5A 08 35 00 2D 01 28 FA 3B 65 45 03 01 29 C9 78 D9 0C 3A 9B 00 04 4F 0F 84 AA AA 
Time:	12:46:51,454
Send:	220001
Receive: 62 00 01 02 8D 00 A1 2C 5E 42 F1 00 00 01 16 00 00 01 C7 00 DF 80 18 4C 2C 7F FD 41 F3 0F 95 40 00 E6 00 00 58 00 00 1F C0 00 5A 08 36 00 2D 01 28 FA 3F 65 45 03 01 29 C9 78 D9 0C 3A 9B 00 04 16 0E F9 AA AA 
Time:	12:46:51,862
Send:	220001
Receive: 62 00 01 02 8D 00 A1 2B EA 41 F1 00 00 01 16 00 00 01 C2 00 DB 80 17 4C 2C 7F FD 41 F3 0F 95 40 00 E6 00 00 58 00 00 1F C0 00 5A 08 37 00 2D 01 28 FA 46 65 45 03 01 29 C9 78 D9 0C 3A 9B 00 04 0B 0E E2 AA AA 
Time:	12:46:52,287
Send:	220001
Receive: 62 00 01 02 8D 00 A1 2B 68 40 F1 00 00 01 12 00 00 01 C3 00 D8 80 17 4C 2C 7F FD 41 F3 0F 95 40 00 E6 00 00 58 00 00 1F C0 00 5A 08 38 00 2D 01 28 FA 4C 65 45 03 01 29 C9 78 D9 0C 3A 9B 00 04 3B 0F 62 AA AA 
Time:	12:46:52,704
Send:	220001
Receive: 62 00 01 02 8D 00 A1 2A D8 3F EF 00 00 01 28 00 00 01 F2 00 EB 80 17 4C 2C 7F FD 41 F3 0F 95 40 00 E6 00 00 59 00 00 1F C0 00 5A 08 39 00 2D 01 29 FA 50 65 45 03 01 29 C9 78 D9 0C 3A 9B 00 04 80 10 15 AA AA 
Time:	12:46:53,102
Send:	220001
Receive: 62 00 01 02 8D 00 A1 2A 68 3F EF 00 00 01 23 00 00 01 F2 00 E7 80 17 4C 2D 7F FD 41 F3 0F 95 40 00 E6 00 00 59 00 00 1F C0 00 5A 08 3A 00 2D 01 29 FA 55 65 45 03 01 29 C9 78 D9 0C 3A 9B 00 04 75 10 00 AA AA 
Time:	12:46:53,483
Send:	220001
Receive: 62 00 01 02 8D 00 A1 2A 04 3E ED 00 00 01 21 00 00 01 F6 00 EA 80 17 4C 2C 7F FD 41 F3 0F 95 0F 00 E6 00 00 59 00 00 1F C0 00 5A 08 3D 00 2D 01 29 FA 57 65 45 03 01 29 C9 78 D9 0C 3A 9B 00 04 88 10 02 AA AA 
Time:	12:46:53,874
Send:	220001
Receive: 62 00 01 02 8D 00 A1 29 88 3D ED 00 00 01 1C 00 00 01 FF 00 EB 80 16 4C 2C 7F FD 41 F3 0F 94 AE 00 E6 00 00 59 00 00 1F C0 00 5A 08 44 00 2D 01 2A FA 5A 65 45 03 01 29 C9 78 D9 0C 3A 9B 00 04 96 0F F8 AA AA 
Time:	12:46:54,263
Send:	220001
Receive: 62 00 01 02 8D 00 A2 29 12 3D EC 00 00 01 19 00 00 02 0B 00 EC 80 17 4C 2C 7F FD 41 F3 0F 94 52 00 E6 00 00 59 00 00 1F C0 00 5A 08 4A 00 2D 01 2B FA 5D 65 45 03 01 29 C9 78 D9 0C 3A 9B 00 04 B8 10 02 AA AA 
Time:	12:46:54,642
Send:	220001
Receive: 62 00 01 02 8D 00 A2 28 A0 3C EC 00 00 01 14 00 00 02 18 00 F0 80 17 4C 2C 7F FD 41 F3 0F 93 CC 00 E6 00 00 59 00 00 1F C0 00 5A 08 50 00 2D 01 2C FA 5E 65 45 03 01 29 C9 78 D9 0C 3A 9B 00 04 D7 0F FC AA AA 
Time:	12:46:55,026
Send:	220001
Receive: 62 00 01 02 8D 00 A2 28 56 3C EC 00 00 01 12 00 00 02 1E 00 F1 80 16 4C 2B 7F FD 41 F3 0F 93 AC 00 E6 00 00 59 00 00 1F C0 00 5A 08 53 00 2D 01 2C FA 5E 65 45 03 01 29 C9 78 D9 0C 3A 9B 00 04 E6 0F FB AA AA 
Time:	12:46:55,414
Send:	220001
Receive: 62 00 01 02 8D 00 A2 27 F0 3B 05 01 42 00 E0 12 E6 01 BF 00 C4 78 1A 4C 2C 7F FD 41 F3 0F 93 42 00 E6 00 00 5A 17 07 1F C0 00 5A 08 59 00 2D 01 2D FC F0 65 45 03 01 3C C8 78 D9 0C 3A 9B 00 03 CF 0D 56 AA AA 
Time:	12:46:55,822
Send:	220001
Receive: 62 00 01 02 8D 00 A2 27 AC 3B 28 03 3E 02 5D 25 6B 04 B4 01 FB 7B AB 4C C0 7D BD 41 F3 0F 94 D3 00 E6 00 00 5A 18 60 1F C0 00 5A 08 60 00 2D 01 2E FC ED 65 45 03 01 3C C0 78 D9 0C 3A 9B 00 0A 57 1D 1F AA AA 
Time:	12:46:56,244
Send:	220001
Receive: 62 00 01 02 8D 00 A2 27 DC 3B 25 04 14 02 9B 28 BD 06 B8 02 F3 75 B6 4C D1 77 1D 41 F3 0F 95 EF 00 E6 0A 77 5A 1A 22 1F C0 00 5A 08 5A 00 2D 01 2D FC F0 65 45 03 01 7C C2 78 D9 0C 3A 9B 00 0F 70 28 1E AA AA 
Time:	12:46:56,621
Send:	220001
Receive: 62 00 01 02 8D 00 A2 28 2E 3B 26 03 B4 02 8C 28 BD 06 6C 02 D9 78 3A 4C BC 75 1D 41 F3 0F 95 E9 00 E6 0A 77 5A 1B 08 1F C0 00 5A 08 56 00 2D 01 2D FC F1 65 45 03 01 7C C2 78 D9 0C 3A 9B 00 0E AA 26 C2 AA AA 
Time:	12:46:57,042
Send:	220001
Receive: 62 00 01 02 8D 00 A2 28 64 3C 26 03 C3 02 8C 28 BD 06 54 02 D2 7A 7A 4C 66 7B DD 41 F3 0F 95 EF 00 E6 0C 37 5A 1C CA 1F C0 00 5A 08 53 00 2D 01 2C FC F2 65 45 03 01 7C C2 78 D9 0C 3A 9B 00 0E 77 26 73 AA AA 
Time:	12:46:57,432
Send:	220001
Receive: 62 00 01 02 8D 00 A2 28 9C 3C 26 03 C4 02 91 28 BD 06 55 02 D8 7C 2E 4C 48 7C DD 41 F3 0F 96 05 00 E6 0C 37 5A 1D B0 1F C0 00 5A 08 51 00 2D 01 2C FC F3 65 45 03 01 7C C2 78 D9 0C 3A 9B 00 0E A5 26 D8 AA AA 
Time:	12:46:57,815
Send:	220001
Receive: 62 00 01 02 8D 00 A2 28 E8 3C 26 03 C7 02 99 29 8F 06 5C 02 DB 7E 2B 4C A3 7E 3D 41 F3 0F 96 1B 00 E6 0C 37 59 1F 72 1F C0 00 5A 08 4C 00 2D 01 2B FC F5 65 45 03 01 7C C2 78 D9 0C 3A 9B 00 0E C5 27 38 AA AA 
Time:	12:46:58,193
Send:	220001
Receive: 62 00 01 02 8D 00 A2 29 36 3D 25 03 E3 02 A5 28 F0 06 7E 02 F8 7F 66 4C AC 80 1D 41 F3 0F 96 68 00 E6 0C CC 59 21 39 1F C0 00 5A 08 47 00 2D 01 2A FC F7 65 45 03 01 7C C2 78 D9 0C 3A 9B 00 0E EC 27 87 AA AA 
Time:	12:46:58,584
Send:	220001
Receive: 62 00 01 02 8D 00 A2 29 7A 3D 26 03 DD 02 A0 28 1E 06 69 02 F1 80 58 4C 55 81 BD 41 F3 0F 96 8F 00 E6 0C CC 59 22 1A 1F C0 00 5A 08 43 00 2D 01 2A FC F8 65 45 03 01 7C C2 78 D9 0C 3A 9B 00 0E B2 27 0A AA AA 
Time:	12:46:58,975
Send:	220001
Receive: 62 00 01 02 8D 00 A2 29 AA 3D 26 03 B6 02 94 26 A8 06 44 02 E4 80 9C 4C 84 7F FD 41 F3 0F 96 6D 00 E6 0C 37 59 23 E1 1F C0 00 5A 08 40 00 2D 01 2A FC F9 65 45 03 01 7C C2 78 D9 0C 3A 9B 00 0E 3B 26 00 AA AA 
Time:	12:46:59,372
Send:	220001
Receive: 62 00 01 02 8D 00 A2 29 DE 3E 2B 02 B0 02 17 18 51 04 E9 02 50 80 A6 4C B1 7F DD 41 F3 0F 95 71 00 E6 0C 37 59 23 E1 1F C0 00 5A 08 3E 00 2D 01 29 FC FA 65 45 03 01 7C C2 78 D9 0C 3A 9B 00 0B 2A 1F 6E AA AA 
Time:	12:46:59,782
Send:	220001
Receive: 62 00 01 02 8D 00 A2 29 D2 3E 2F 01 C8 01 82 00 00 03 19 01 72 80 23 4C 36 85 9D 41 F3 0F 94 D3 00 E6 0C 37 58 25 A3 1F C0 00 5A 08 3E 00 2D 01 29 FA 5A 65 45 03 01 7D C8 78 D9 0C 3A 9B 00 06 D9 15 66 AA AA 
Time:	12:47:00,162
Send:	220001
Receive: 62 00 01 02 8D 00 A2 29 A0 3D 32 01 79 01 3E 00 00 02 5F 01 19 80 27 4C 3A 8A 1D 41 F3 0F 94 C9 00 E6 05 3B 58 27 6A 1F C0 00 5A 08 40 00 2D 01 29 FA 5A 65 45 03 01 7D C8 78 D9 0C 3A 9B 00 05 4B 11 C9 AA AA 
Time:	12:47:00,574
Send:	220001
Receive: 62 00 01 02 8D 00 A2 29 8C 3D 31 01 FF 01 CD 22 7F 02 FC 01 59 80 2B 4C 3C 8E 3D 41 F3 0F 94 FF 00 E6 05 3B 58 29 31 1F C0 00 5A 08 3F 00 2D 01 29 FC FA 65 45 03 01 7C C8 78 D9 0C 3A 9B 00 07 45 16 4D AA AA 
Time:	12:47:00,968
Send:	220001
Receive: 62 00 01 02 8D 00 A2 29 AC 3D 24 04 A7 02 E3 2B A3 06 F8 03 32 80 BC 4C CD 88 9D 41 F3 0F 96 68 00 E6 0F 20 58 2D 9B 1F C0 00 5A 08 3E 00 2D 01 29 FC FA 65 45 03 01 7C C2 78 D9 0C 3A 9B 00 10 35 2A 2D AA AA 
Time:	12:47:01,440
Send:	220001
Receive: 62 00 01 02 8D 00 A2 29 FA 3E 25 03 F9 02 BC 2A D1 06 AA 03 19 80 AE 4C CF 7F DD 41 F3 0F 97 09 00 E6 0F 20 58 2E 7C 1F C0 00 5A 08 3A 00 2D 01 29 FC FB 65 45 03 01 7C C2 78 D9 0C 3A 9B 00 0F 4D 28 4A AA AA 
Time:	12:47:01,825
Send:	220001
Receive: 62 00 01 02 8D 00 A2 2A 30 3E 25 03 F8 02 BE 2A D1 06 97 03 14 80 2E 4C 68 81 BD 41 F3 0F 96 FE 00 E6 0F 20 58 2F 62 1F C0 00 5A 08 39 00 2D 01 28 FC FC 65 45 03 01 7C C2 78 D9 0C 3A 9B 00 0F 1E 27 DF AA AA 
Time:	12:47:02,232
Send:	220001
Receive: 62 00 01 02 8D 00 A2 2A 6E 3F 26 03 D9 02 A0 28 51 06 63 02 FC 80 93 4C 6D 83 9D 41 F3 0F 96 B5 00 E6 0C CC 58 30 43 1F C0 00 5A 08 39 00 2D 01 28 FC FC 65 45 03 01 7C C2 78 D9 0C 3A 9B 00 0E 6B 26 4E AA AA 
Time:	12:47:02,642
Send:	220001
Receive: 62 00 01 02 8D 00 A2 2A B2 3F 2C 02 54 01 CA 0E F5 04 1D 01 F5 80 26 4C 3C 87 BD 41 F3 0F 95 81 00 E6 0C CC 58 30 43 1F C0 00 5A 08 39 00 2D 01 28 FC FC 65 45 03 01 7C C0 78 D9 0C 3A 9B 00 09 9B 1B E5 AA AA 
Time:	12:47:03,042
Send:	220001
Receive: 62 00 01 02 8D 00 A2 2A 9E 3F 30 01 B6 01 70 00 00 02 CD 01 52 80 26 4C 37 8C DD 41 F3 0F 95 40 00 E6 06 66 58 32 EB 1F C0 00 5A 08 39 00 2D 01 28 FA 53 65 45 03 01 7D C8 78 D9 0C 3A 9B 00 06 56 14 42 AA AA 
Time:	12:47:03,433
Send:	220001
Receive: 62 00 01 02 8D 00 A2 2A 7A 3F 32 01 70 01 37 00 00 02 3A 01 0B 80 2B 4C 3B 90 1D 41 F3 0F 95 40 00 E6 06 66 58 34 AD 1F C0 00 5A 08 38 00 2D 01 28 FA 56 65 45 03 01 7D C8 78 D9 0C 3A 9B 00 04 D4 10 C6 AA AA 
Time:	12:47:03,814
Send:	220001

Fixed toLineMF: 037 62 00 01 02 8D 00 A2 2A B2 3E 31 01 F7 49 80 2B 4C 3D 94 3C 06 66 58 38 3B 1F C0 00 5A 08 38 00 2D 01 28 FC FC 65 45 03 01 7C C8 78 D9 0C 3A 9B 00 07 C7 17 7E AA AA 
Receive: 62 00 01 02 8D 00 A2 2A B2 3E 31 01 F7 49 80 2B 4C 3D 94 3C 06 66 58 38 3B 1F C0 00 5A 08 38 00 2D 01 28 FC FC 65 45 03 01 7C C8 78 D9 0C 3A 9B 00 07 C7 17 7E AA AA 

Fixed toLineMF: 037 62 00 01 02 8D 00 A2 2A B2 3E 31 01 F7 49 80 2B 4C 3D 94 3C 06 66 58 38 3B 1F C0 00 5A 08 38 00 2D 01 28 FC FC 65 45 03 01 7C C8 78 D9 0C 3A 9B 00 07 C7 17 7E AA AA 
Time:	12:47:04,199
Send:	220001
Receive: 62 00 01 02 8D 00 A2 2A 8C 3E 28 03 F2 02 8A 24 94 05 DA 02 C2 80 BC 4C CF 8D 7D 41 F3 0F 96 20 00 E6 09 4E 58 39 FD 1F C0 00 5A 08 39 00 2D 01 28 FC FC 65 45 03 01 7C C2 78 D9 0C 3A 9B 00 0D AC 24 AE AA AA 
Time:	12:47:04,592
Send:	220001
Receive: 62 00 01 02 8D 00 A2 2A B2 3F 26 03 E0 02 A0 27 14 06 3A 02 EF 80 B5 4C D1 86 9D 41 F3 0F 96 6D 00 E6 09 4E 58 3C A5 1F C0 00 5A 08 39 00 2D 01 28 FC FC 65 45 03 01 7C C2 78 D9 0C 3A 9B 00 0E 29 25 B3 AA AA 
Time:	12:47:04,982
Send:	220001
Receive: 62 00 01 02 8D 00 A2 2A DC 3F 26 03 99 02 9B 26 70 06 23 02 E2 80 2D 4C B6 80 5D 41 F3 0F 96 36 00 E6 0D 70 58 3D 86 1F C0 00 5A 08 39 00 2D 01 28 FC FC 65 45 03 01 7C C2 78 D9 0C 3A 9B 00 0E 0F 25 75 AA AA 
Time:	12:47:05,362
Send:	220001
Receive: 62 00 01 02 8D 00 A2 2B 18 40 27 03 7B 02 8C 24 61 05 EC 02 CE 80 A0 4C B5 81 BD 41 F3 0F 96 10 00 E6 0D 70 58 3E 6C 1F C0 00 5A 08 39 00 2D 01 28 FC FC 65 45 03 01 7C C2 78 D9 0C 3A 9B 00 0D 80 24 34 AA AA 
Time:	12:47:05,762
Send:	220001
Receive: 62 00 01 02 8D 00 A2 2B 54 40 28 03 61 02 79 23 56 05 A4 02 B3 80 98 4C 62 85 9D 41 F3 0F 95 CE 00 E6 0D 70 58 40 2E 1F C0 00 5A 08 39 00 2D 01 28 FC FC 65 45 03 01 7C C2 78 D9 0C 3A 9B 00 0C DB 22 D3 AA AA 
Time:	12:47:06,162
Send:	220001
Receive: 62 00 01 02 8D 00 A2 2B 70 40 29 02 13 01 AA 00 00 03 D4 01 D7 80 27 4C 98 85 3D 41 F3 0F 95 8C 00 E6 0C 28 58 41 14 1F C0 00 5A 08 39 00 2D 01 28 FA 4A 65 45 03 01 7D C8 78 D9 0C 3A 9B 00 08 61 18 E2 AA AA 
Time:	12:47:06,563
Send:	220001
Receive: 62 00 01 02 8D 00 A2 2B 40 40 31 01 99 01 64 00 00 02 A3 01 46 80 24 4C 35 8C 3D 41 F3 0F 95 40 00 E6 0C 28 58 43 BC 1F C0 00 5A 08 38 00 2D 01 28 FA 4C 65 45 03 01 7D C8 78 D9 0C 3A 9B 00 05 FF 13 74 AA AA 
Time:	12:47:06,981
Send:	220001
Receive: 62 00 01 02 8D 00 A2 2B 1A 40 34 01 47 01 14 00 00 01 F6 00 F1 80 24 4C 36 90 7D 41 F3 0F 95 40 00 E6 04 7A 58 48 26 1F C0 00 5A 08 38 00 2D 01 28 FA 4F 65 45 03 01 7D C8 78 D9 0C 3A 9B 00 04 31 0F 3B AA AA 
Time:	12:47:07,372
Send:	220001
Receive: 62 00 01 02 8D 00 A2 2A BA 3F FB 01 1E 00 FB 00 00 01 9E 00 C3 80 1F 4C 32 94 7C 41 F3 0F 95 40 00 E6 04 7A 58 4E 57 1F C0 00 5A 08 38 00 2D 01 28 FA 54 65 45 03 01 3D C8 78 D9 0C 3A 9B 00 03 B8 0E 08 AA AA 
Time:	12:47:07,755
Send:	220001

Fixed toLineMF: 03E 62 00 01 02 8D 00 01 0A 00 00 01 C0 00 D0 80 19 4C 2D 7F FD 41 F3 0F 95 40 00 E6 04 7A 58 00 00 1F C0 00 5A 08 38 00 2D 01 28 FA 59 65 45 03 01 29 C9 78 D9 0C 3A 9B 00 04 16 0E F2 AA AA 
Receive: 62 00 01 02 8D 00 01 0A 00 00 01 C0 00 D0 80 19 4C 2D 7F FD 41 F3 0F 95 40 00 E6 04 7A 58 00 00 1F C0 00 5A 08 38 00 2D 01 28 FA 59 65 45 03 01 29 C9 78 D9 0C 3A 9B 00 04 16 0E F2 AA AA 

Fixed toLineMF: 03E 62 00 01 02 8D 00 01 0A 00 00 01 C0 00 D0 80 19 4C 2D 7F FD 41 F3 0F 95 40 00 E6 04 7A 58 00 00 1F C0 00 5A 08 38 00 2D 01 28 FA 59 65 45 03 01 29 C9 78 D9 0C 3A 9B 00 04 16 0E F2 AA AA 
Time:	12:47:08,145
Send:	220001
Receive: 62 00 01 02 8D 00 A2 29 DC 3E F0 00 00 01 0A 00 00 01 D5 00 D8 80 17 4C 2B 7F FD 41 F3 0F 94 DE 00 E6 00 00 58 00 00 1F C0 00 5A 08 3D 00 2D 01 29 FA 5A 65 45 03 01 29 C9 78 D9 0C 3A 9B 00 04 3C 0F 1C AA AA 
Time:	12:47:08,521
Send:	220001
Receive: 62 00 01 02 8D 00 A2 29 8A 3D F0 00 00 01 05 00 00 01 E0 00 DA 80 17 4C 2B 7F FD 41 F3 0F 94 93 00 E6 00 00 59 00 00 1F C0 00 5A 08 41 00 2D 01 2A FA 5C 65 45 03 01 29 C9 78 D9 0C 3A 9B 00 04 59 0F 28 AA AA 
Time:	12:47:08,903
Send:	220001
Receive: 62 00 01 02 8D 00 A2 29 14 3D F0 00 00 01 00 00 00 01 DF 00 D9 80 18 4C 2B 7F FD 41 F3 0F 94 37 00 E6 00 00 59 00 00 1F C0 00 5A 08 47 00 2D 01 2A FA 5D 65 45 03 01 29 C9 78 D9 0C 3A 9B 00 04 60 0E FB AA AA 
Time:	12:47:09,315
Send:	220001
Receive: 62 00 01 02 8D 00 A2 28 9C 3C EF 00 00 00 FB 00 00 01 E8 00 DC 80 17 4C 2B 7F FD 41 F3 0F 93 E2 00 E6 00 00 59 00 00 1F C0 00 5A 08 4E 00 2D 01 2B FA 5F 65 45 03 01 29 C9 78 D9 0C 3A 9B 00 04 65 0E DD AA AA 
Time:	12:47:09,704
Send:	220001
Receive: 62 00 01 02 8D 00 A2 28 26 3B EF 00 00 00 F6 00 00 01 EF 00 DA 80 17 4C 2B 7F FD 41 F3 0F 93 72 00 E6 00 00 59 00 00 1F C0 00 5A 08 54 00 2D 01 2C FA 60 65 45 03 01 29 C9 78 D9 0C 3A 9B 00 04 7B 0E D0 AA AA 
Time:	12:47:10,104
Send:	220001
Receive: 62 00 01 02 8D 00 A2 27 B4 3B ED 00 00 00 F3 00 00 01 F8 00 DC 80 16 4C 2B 7F FD 41 F3 0F 93 28 00 E6 00 00 59 00 00 1F C0 00 5A 08 5A 00 2D 01 2D FA 61 65 45 03 01 29 C9 78 D9 0C 3A 9B 00 04 8A 0E CA AA AA 
Time:	12:47:10,513
Send:	220001
Receive: 62 00 01 02 8D 00 A2 27 36 3A ED 00 00 00 F1 00 00 02 11 00 E5 80 17 4C 2B 7F FD 41 F3 0F 92 C3 00 E6 00 00 59 00 00 1F C0 00 5A 08 61 00 2D 01 2E FA 64 65 45 03 01 29 C9 78 D9 0C 3A 9B 00 04 B3 0E F8 AA AA 
Time:	12:47:10,925
Send:	220001
Receive: 62 00 01 02 8D 00 A2 26 C8 39 ED 00 00 00 F1 00 00 02 14 00 E2 80 17 4C 2B 7F FD 41 F3 0F 92 50 00 E6 00 00 59 00 00 1F C0 00 5A 08 67 00 2D 01 2F FA 65 65 45 03 01 29 C9 78 D9 0C 3A 9B 00 04 C9 0F 0A AA AA 
Time:	12:47:11,344
Send:	220001
Receive: 62 00 01 02 8D 00 A2 26 4C 38 ED 00 00 00 EA 00 00 02 21 00 E5 80 16 4C 2B 7F FD 41 F3 0F 92 17 00 E6 00 00 5A 00 00 1F C0 00 5A 08 6D 00 2D 01 30 FA 68 65 45 03 01 29 C9 78 D9 0C 3A 9B 00 04 E4 0F 17 AA AA 
Time:	12:47:11,736
Send:	220001
Receive: 62 00 01 02 8D 00 A2 25 EA 38 06 01 53 00 D6 15 C2 01 EC 00 CE 78 1D 4C 2E 80 BD 41 F3 0F 91 D3 00 E6 00 00 5A 17 07 1F C0 00 5A 08 73 00 2D 01 31 FC E7 65 45 03 01 3C C8 78 D9 0C 3A 9B 00 04 64 0D E1 AA AA 
Time:	12:47:12,122
Send:	220001

Fixed toLineMF: 03E 62 00 01 02 8D 00 A2 25 F2 38 17 02 6B 01 CF 1F 7F 03 B4 01 84 79 BE 4C CD 7D 1D 41 F3 0F 92 FD 00 E6 04 44 5A 17 7F 1F C0 00 5A 08 71 00 2D 01 3C C8 78 D9 0C 3A 9B 00 09 84 1A 15 AA AA 
Receive: 62 00 01 02 8D 00 A2 25 F2 38 17 02 6B 01 CF 1F 7F 03 B4 01 84 79 BE 4C CD 7D 1D 41 F3 0F 92 FD 00 E6 04 44 5A 17 7F 1F C0 00 5A 08 71 00 2D 01 3C C8 78 D9 0C 3A 9B 00 09 84 1A 15 AA AA 

Fixed toLineMF: 03E 62 00 01 02 8D 00 A2 25 F2 38 17 02 6B 01 CF 1F 7F 03 B4 01 84 79 BE 4C CD 7D 1D 41 F3 0F 92 FD 00 E6 04 44 5A 17 7F 1F C0 00 5A 08 71 00 2D 01 3C C8 78 D9 0C 3A 9B 00 09 84 1A 15 AA AA 
Time:	12:47:12,512
Send:	220001
Receive: 62 00 01 02 8D 00 A2 25 C4 38 18 03 AC 02 24 20 61 06 0C 02 86 77 C4 4C D9 77 3D 41 F3 0F 94 A8 00 E6 04 44 5A 19 41 1F C0 00 5A 08 75 00 2D 01 31 FC E6 65 45 03 01 7C C2 78 D9 0C 3A 9B 00 0D CA 22 76 AA AA 
Time:	12:47:12,892
Send:	220001
Receive: 62 00 01 02 8D 00 A2 25 E2 38 29 02 FE 01 EF 1F C7 05 68 02 3F 77 BF 4C D9 71 1D 41 F3 0F 94 6D 00 E6 04 44 5A 1A 22 1F C0 00 5A 08 73 00 2D 01 31 FC E6 65 45 03 01 7C C2 78 D9 0C 3A 9B 00 0C 46 1F 8B AA AA 
Time:	12:47:13,273
Send:	220001
Receive: 62 00 01 02 8D 00 A2 26 0C 38 29 02 AA 01 E5 1F 33 05 23 02 27 7A B4 4C D6 6B 1D 41 F3 0F 94 7D 00 E6 09 11 5A 1B E9 1F C0 00 5A 08 71 00 2D 01 30 FC E7 65 45 03 01 7C C2 78 D9 0C 3A 9B 00 0B C0 1E 8D AA AA 
Time:	12:47:13,653
Send:	220001
Receive: 62 00 01 02 8D 00 A2 26 24 38 29 02 8B 01 EA 1F 33 05 18 02 28 7C 2C 4C C0 65 FD 41 F3 0F 94 82 00 E6 09 11 5A 1D B0 1F C0 00 5A 08 70 00 2D 01 30 FC E8 65 45 03 01 7C C2 78 D9 0C 3A 9B 00 0B B0 1E 8A AA AA 
Time:	12:47:14,054
Send:	220001
Receive: 62 00 01 02 8D 00 A2 26 2C 38 29 02 AD 01 ED 1F 7A 05 16 02 26 7E 92 4C 54 6E DD 41 F3 0F 94 7D 00 E6 07 77 5A 1E 91 1F C0 00 5A 08 6E 00 2D 01 30 FC E8 65 45 03 01 7C C2 78 D9 0C 3A 9B 00 0B AE 1E 8D AA AA 
Time:	12:47:14,444
Send:	220001

Fixed toLineMF: 03E 62 00 01 02 8D 00 A1 26 4A 38 2A 02 A4 01 EA 1E 70 05 10 02 21 7F 2C 4C 3F 6E BD 07 77 59 20 58 1F C0 00 5A 08 6D 00 2D 01 30 FC E9 65 45 03 01 7C C2 78 D9 0C 3A 9B 00 0B 9E 1E 67 AA AA 
Receive: 62 00 01 02 8D 00 A1 26 4A 38 2A 02 A4 01 EA 1E 70 05 10 02 21 7F 2C 4C 3F 6E BD 07 77 59 20 58 1F C0 00 5A 08 6D 00 2D 01 30 FC E9 65 45 03 01 7C C2 78 D9 0C 3A 9B 00 0B 9E 1E 67 AA AA 

Fixed toLineMF: 03E 62 00 01 02 8D 00 A1 26 4A 38 2A 02 A4 01 EA 1E 70 05 10 02 21 7F 2C 4C 3F 6E BD 07 77 59 20 58 1F C0 00 5A 08 6D 00 2D 01 30 FC E9 65 45 03 01 7C C2 78 D9 0C 3A 9B 00 0B 9E 1E 67 AA AA 
Time:	12:47:14,832
Send:	220001
Receive: 62 00 01 02 8D 00 A1 26 66 39 2A 02 8E 01 EA 1D 61 04 EB 02 1A 80 2A 4C 70 6F DD 41 F3 0F 94 98 00 E6 07 77 59 21 39 1F C0 00 5A 08 6A 00 2D 01 2F FC EA 65 45 03 01 7C C2 78 D9 0C 3A 9B 00 0B 55 1D ED AA AA 
Time:	12:47:15,243
Send:	220001
Receive: 62 00 01 02 8D 00 A1 26 7E 39 2A 02 78 01 D6 1A E6 04 D4 02 0B 80 A2 4C AE 6D FD 41 F3 0F 94 8D 00 E6 07 77 59 22 FB 1F C0 00 5A 08 69 00 2D 01 2F FC EA 65 45 03 01 7C C0 78 D9 0C 3A 9B 00 0B 14 1D 64 AA AA 
Time:	12:47:15,643
Send:	220001
Receive: 62 00 01 02 8D 00 A1 26 84 39 2B 02 64 01 CD 1A 42 04 A9 01 F9 80 95 4C A3 6E 9D 41 F3 0F 94 88 00 E6 07 77 59 23 E1 1F C0 00 5A 08 68 00 2D 01 2F FC EA 65 45 03 01 7C C0 78 D9 0C 3A 9B 00 0A AA 1C 89 AA AA 
Time:	12:47:16,032
Send:	220001
Receive: 62 00 01 02 8D 00 A1 26 8A 39 2B 02 7B 01 D1 1A 8F 04 99 01 F7 80 52 4C 47 75 9D 41 F3 0F 94 88 00 E6 07 77 59 25 A3 1F C0 00 5A 08 68 00 2D 01 2F FC EB 65 45 03 01 7C C0 78 D9 0C 3A 9B 00 0A 8F 1C 59 AA AA 
Time:	12:47:16,426
Send:	220001
Receive: 62 00 01 02 8D 00 A1 26 9A 39 2B 02 67 01 C7 18 28 04 7F 01 E6 80 2B 4C 62 75 1D 41 F3 0F 94 88 00 E6 07 77 59 26 89 1F C0 00 5A 08 67 00 2D 01 2F FC EB 65 45 03 01 7C C0 78 D9 0C 3A 9B 00 0A 44 1B B7 AA AA 
Time:	12:47:16,823
Send:	220001
Receive: 62 00 01 02 8D 00 A1 26 92 39 2B 02 5A 01 C5 18 EB 04 6C 01 E8 80 30 4C 6D 74 FD 41 F3 0F 94 82 00 E6 07 77 59 28 4B 1F C0 00 5A 08 67 00 2D 01 2F FC EB 65 45 03 01 7C C0 78 D9 0C 3A 9B 00 0A 3D 1B A8 AA AA 
Time:	12:47:17,215
Send:	220001
Receive: 62 00 01 02 8D 00 A1 26 96 39 2B 02 6B 01 C5 18 D1 04 88 01 EA 80 40 4C A9 74 7D 41 F3 0F 94 8D 00 E6 06 EE 59 29 31 1F C0 00 5A 08 66 00 2D 01 2F FC EB 65 45 03 01 7C C0 78 D9 0C 3A 9B 00 0A 4B 1B C4 AA AA 
Time:	12:47:17,604
Send:	220001
Receive: 62 00 01 02 8D 00 A1 26 98 39 2B 02 50 01 C2 18 05 04 77 01 E7 80 72 4C AE 70 3D 41 F3 0F 94 88 00 E6 06 EE 59 2A F3 1F C0 00 5A 08 66 00 2D 01 2F FC EB 65 45 03 01 7C C0 78 D9 0C 3A 9B 00 0A 27 1B 81 AA AA 
Time:	12:47:17,985
Send:	220001
Receive: 62 00 01 02 8D 00 A1 26 9A 39 2B 02 55 01 C5 18 1E 04 78 01 E1 80 82 4C A4 71 7D 41 F3 0F 94 88 00 E6 06 EE 59 2C BA 1F C0 00 5A 08 66 00 2D 01 2F FC EB 65 45 03 01 7C C0 78 D9 0C 3A 9B 00 0A 3F 1B A6 AA AA 
Time:	12:47:18,373
Send:	220001
Receive: 62 00 01 02 8D 00 A1 26 9C 39 20 02 54 01 BE 00 00 04 64 01 E1 80 2B 4C 8A 74 BD 41 F3 0F 94 82 00 E6 06 EE 59 2D 9B 1F C0 00 5A 08 66 00 2D 01 2F FA 68 65 45 03 01 7D C8 78 D9 0C 3A 9B 00 0A 0F 1B 40 AA AA 
Time:	12:47:18,780
Send:	220001
Receive: 62 00 01 02 8D 00 A1 26 7C 39 2E 01 B4 01 55 18 85 03 57 01 6D 80 2B 4C 4F 75 9D 41 F3 0F 92 2C 00 E6 06 EE 59 30 43 1F C0 00 5A 08 67 00 2D 01 2F FC EB 65 45 03 01 7C C8 78 D9 0C 3A 9B 00 07 B2 15 BA AA AA 
Time:	12:47:19,162
Send:	220001
Receive: 62 00 01 02 8D 00 A1 26 9E 39 22 04 8C 03 4A 43 56 07 83 03 13 80 B4 4C B8 74 9D 41 F3 0F 94 32 00 E6 05 DD 59 32 EB 1F C0 00 5A 08 65 00 2D 01 2F FC EC 65 45 03 01 7C C2 78 D9 0C 3A 9B 00 11 95 2C 2A AA AA 
Time:	12:47:19,542
Send:	220001
Receive: 62 00 01 02 8D 00 A1 27 38 3A 13 06 BD 09 44 6F D6 0D B8 05 EF 80 B1 4C CB 6C FD 41 F3 0F 8F 5F 00 E6 05 DD 59 FA 00 1F C0 00 5A 08 5D 00 2D 01 2E FC EF 65 45 03 01 3C C2 78 D9 0C 3A 9B 00 1F 37 3E 5A AA AA 
Time:	12:47:19,928
Send:	220001
Receive: 62 00 01 02 8D 00 A1 27 B2 3A 15 06 2F 08 CA 70 75 0D 5F 05 E9 80 94 4C C0 67 1D 41 F3 0F 8F 5F 00 E6 05 DD 59 FA 00 1F C0 00 5A 08 57 00 2D 01 2D FC F1 65 45 03 01 3C C2 78 D9 0C 3A 9B 00 1E BC 3E 98 AA AA 
Time:	12:47:20,322
Send:	220001
Receive: 62 00 01 02 8D 00 A1 28 7E 3B 16 06 51 07 E7 71 14 0C F0 05 C8 80 28 4C 3A 71 FD 41 F3 0F 8F 5F 00 E6 16 AF 59 FA 00 1F C0 00 5A 08 4E 00 2D 01 2B FC F4 65 45 03 01 3C C2 78 D9 0C 3A 9B 00 1D 8E 3E 53 AA AA 
Time:	12:47:20,704
Send:	220001
Receive: 62 00 01 02 8D 00 A1 29 12 3D 17 06 7E 07 34 71 7F 0C A2 05 AD 80 4A 4C 47 79 FD 41 F3 0F 8F 5F 00 E6 16 AF 59 FA 00 1F C0 00 5A 08 47 00 2D 01 2A FC F7 65 45 03 01 3C C2 78 D9 0C 3A 9B 00 1C D4 3D A8 AA AA 
Time:	12:47:21,095
Send:	220001
Receive: 62 00 01 02 8D 00 A1 29 C8 3E 18 06 70 06 97 71 7F 0C 62 05 B2 80 44 4C 59 7C 7D 41 F3 0F 8F 5F 00 E6 16 AF 58 FA 00 1F C0 00 5A 08 3D 00 2D 01 29 FC FA 65 45 03 01 3C C2 78 D9 0C 3A 9B 00 1C 5B 3D 29 AA AA 
Time:	12:47:21,579
Send:	220001
Receive: 62 00 01 02 8D 00 A1 2A C8 3F 18 06 51 06 65 71 7F 0C 54 05 D8 80 38 4C B2 7D BD 41 F3 0F 8F 2D 00 E6 16 AF 58 FA 00 1F C0 00 5A 08 37 00 2D 01 28 FC FC 65 45 03 01 3C C2 78 D9 0C 3A 9B 00 1C 41 3C B1 AA AA 
Time:	12:47:22,002
Send:	220001
Receive: 62 00 01 02 8D 00 A1 2B 98 40 19 06 AE 06 65 73 28 0C 5C 05 F6 80 58 4C AF 81 BD 41 F3 0F 8E F1 00 E6 1A 3D 58 FA 00 1F C0 00 5A 08 37 00 2D 01 28 FC FD 65 45 03 01 3C C2 78 D9 0C 3A 9B 00 1C 5C 3C DB AA AA 
Time:	12:47:22,394
Send:	220001

Fixed toLineMF: 03E 62 00 01 02 8D 00 A1 2C 44 41 19 06 97 06 67 73 28 0C 63 06 0C 80 9B 4C BD 7E DD 41 F3 0F 8E C4 00 E6 1A 3D 58 FA 00 1F C0 00 5A 08 36 00 2D 01 3C C2 78 D9 0C 3A 9B 00 1C 7E 3C 89 AA AA 
Receive: 62 00 01 02 8D 00 A1 2C 44 41 19 06 97 06 67 73 28 0C 63 06 0C 80 9B 4C BD 7E DD 41 F3 0F 8E C4 00 E6 1A 3D 58 FA 00 1F C0 00 5A 08 36 00 2D 01 3C C2 78 D9 0C 3A 9B 00 1C 7E 3C 89 AA AA 

Fixed toLineMF: 03E 62 00 01 02 8D 00 A1 2C 44 41 19 06 97 06 67 73 28 0C 63 06 0C 80 9B 4C BD 7E DD 41 F3 0F 8E C4 00 E6 1A 3D 58 FA 00 1F C0 00 5A 08 36 00 2D 01 3C C2 78 D9 0C 3A 9B 00 1C 7E 3C 89 AA AA 
Time:	12:47:22,801
Send:	220001
Receive: 62 00 01 02 8D 00 A1 2D 18 42 19 06 8C 06 6C 73 28 0C 7C 06 3A 80 94 4C C1 7B DD 41 F3 0F 8E 89 00 E6 1A 3D 58 FA 00 1F C0 00 5A 08 35 00 2D 01 28 FC FD 65 45 03 01 3C C2 78 D9 0C 3A 9B 00 1C A9 3C 6B AA AA 
Time:	12:47:23,192
Send:	220001
Receive: 62 00 01 02 8D 00 A1 2D DA 44 19 06 AD 06 6A 72 51 0C 8D 06 61 80 83 4C C2 7D 9D 41 F3 0F 8E 4D 00 E6 1A 3D 57 FA 00 1F C0 00 5A 08 35 00 2D 01 28 FC FD 65 45 03 01 3C C2 78 D9 0C 3A 9B 00 1C D3 3C 7F AA AA 
Time:	12:47:23,573
Send:	220001
Receive: 62 00 01 02 8D 00 A1 2E 98 45 19 06 9A 06 5B 71 7F 0C 95 06 7E 80 A1 4C C8 7A FD 41 F3 0F 8E 1C 00 E6 1A 3D 57 FA 00 1F C0 00 5A 08 34 00 2D 01 28 FC FE 65 45 03 01 3C C2 78 D9 0C 3A 9B 00 1C E5 3C 40 AA AA 
Time:	12:47:23,964
Send:	220001

Fixed toLineMF: 030 62 00 01 02 8D 00 06 56 5C 7F 0C 90 06 97 80 34 4C C8 7C BD 41 F3 0F 8D EB 00 E6 00 5A 08 33 00 2D 01 3C C2 78 D9 0C 3A 9B 00 1C DF 3C 20 AA AA 
Receive: 62 00 01 02 8D 00 06 56 5C 7F 0C 90 06 97 80 34 4C C8 7C BD 41 F3 0F 8D EB 00 E6 00 5A 08 33 00 2D 01 3C C2 78 D9 0C 3A 9B 00 1C DF 3C 20 AA AA 

Fixed toLineMF: 030 62 00 01 02 8D 00 06 56 5C 7F 0C 90 06 97 80 34 4C C8 7C BD 41 F3 0F 8D EB 00 E6 00 5A 08 33 00 2D 01 3C C2 78 D9 0C 3A 9B 00 1C DF 3C 20 AA AA 
Time:	12:47:24,379
Send:	220001
Receive: 62 00 01 02 8D 00 A1 2F C4 47 19 02 AC 02 1A 00 00 06 8B 03 6E 80 BA 4C D3 78 BD 41 F3 0F 94 88 00 E6 1C 71 57 FA 00 1F C0 00 5A 08 32 00 2D 01 28 FA 19 65 45 03 01 3D CA 78 D9 0C 3A 9B 00 0B 18 22 28 AA AA 
Time:	12:47:24,782
Send:	220001
Receive: 62 00 01 02 8D 00 A1 2F C6 46 30 01 80 01 A5 00 00 03 41 01 B8 80 1D 4C 37 7C 9D 41 F3 0F 95 14 00 E6 1C 71 57 97 C7 1F C0 00 5A 08 32 00 2D 01 27 FA 17 65 45 03 01 7D C8 78 D9 0C 3A 9B 00 07 59 15 BE AA AA 
Time:	12:47:25,174
Send:	220001
Receive: 62 00 01 02 8D 00 A1 2F CA 46 2F 02 0E 02 38 2B 04 03 D0 01 ED 80 1F 4C 36 82 3D 41 F3 0F 97 30 00 E6 05 B0 57 C2 42 1F C0 00 5A 08 31 00 2D 01 27 FC FF 65 45 03 01 7C C0 78 D9 0C 3A 9B 00 09 3E 19 EC AA AA 
Time:	12:47:25,565
Send:	220001
Receive: 62 00 01 02 8D 00 A1 2F 94 46 22 04 9E 03 56 31 0F 07 DB 04 1D 80 27 4C 3A 89 BD 41 F3 0F 92 94 00 E6 05 B0 57 FA 00 1F C0 00 5A 08 31 00 2D 01 27 FC FF 65 45 03 01 7C C2 78 D9 0C 3A 9B 00 12 1E 2C D7 AA AA 
Time:	12:47:25,965
Send:	220001
Receive: 62 00 01 02 8D 00 A1 2F CC 47 24 03 E4 02 E3 2D 19 07 1D 03 DB 80 2D 4C AC 88 7D 41 F3 0F 93 A7 00 E6 11 C7 57 FA 00 1F C0 00 5A 08 31 00 2D 01 27 FC FF 65 45 03 01 7C C2 78 D9 0C 3A 9B 00 10 42 29 18 AA AA 
Time:	12:47:26,355
Send:	220001
Receive: 62 00 01 02 8D 00 A1 30 22 47 25 03 1A 01 F4 08 EB 05 F3 03 2B 80 A3 4C AA 8A 9D 41 F3 0F 94 C3 00 E6 11 C7 57 EE 7F 1F C0 00 5A 08 32 00 2D 01 27 FC FF 65 45 03 01 7C C2 78 D9 0C 3A 9B 00 0D 8A 23 3C AA AA 
Time:	12:47:26,744
Send:	220001
Receive: 62 00 01 02 8D 00 A1 30 0E 47 2B 01 C7 01 8C 07 42 03 33 01 B1 80 2B 4C 3C 8E 1D 41 F3 0F 95 1A 00 E6 11 C7 57 8E EE 1F C0 00 5A 08 32 00 2D 01 27 FC FF 65 45 03 01 7C C8 78 D9 0C 3A 9B 00 07 48 15 A2 AA AA 
Time:	12:47:27,134
Send:	220001
Receive: 62 00 01 02 8D 00 A1 30 50 46 2C 02 EE 02 91 2C E6 04 A9 02 7C 80 26 4C 3C 90 1D 41 F3 0F 97 2A 00 E6 06 66 57 E2 18 1F C0 00 5A 08 32 00 2D 01 27 FC FF 65 45 03 01 7C C0 78 D9 0C 3A 9B 00 0A 5A 1C 53 AA AA 
Time:	12:47:27,535
Send:	220001
Receive: 62 00 01 02 8D 00 A1 2F F6 47 23 04 74 03 2C 2E 56 07 9C 04 09 80 AE 4C C4 8A BD 41 F3 0F 92 D8 00 E6 06 66 57 FA 00 1F C0 00 5A 08 32 00 2D 01 28 FC FE 65 45 03 01 7C C2 78 D9 0C 3A 9B 00 11 79 2B 1F AA AA 
Time:	12:47:27,922
Send:	220001
Receive: 62 00 01 02 8D 00 A1 30 40 47 24 03 CF 02 F5 2D 19 07 13 03 C4 80 A1 4C C0 84 9D 41 F3 0F 93 82 00 E6 06 66 57 FA 00 1F C0 00 5A 08 32 00 2D 01 28 FC FE 65 45 03 01 7C C2 78 D9 0C 3A 9B 00 0F E1 27 D1 AA AA 
Time:	12:47:28,314
Send:	220001
Receive: 62 00 01 02 8D 00 A1 30 78 47 25 03 A1 02 C6 29 FA 06 77 03 75 80 3C 4C 47 8C 5D 41 F3 0F 94 12 00 E6 10 5B 57 FA 00 1F C0 00 5A 08 33 00 2D 01 28 FC FE 65 45 03 01 7C C2 78 D9 0C 3A 9B 00 0E D0 25 6B AA AA 
Time:	12:47:28,734
Send:	220001
Receive: 62 00 01 02 8D 00 A1 30 74 48 1D 01 EB 01 AA 00 00 03 D5 02 0B 80 4E 4C B2 8A FD 41 F3 0F 97 5C 00 E6 10 5B 57 A3 48 1F C0 00 5A 08 33 00 2D 01 28 FA 0F 65 45 03 01 7D C8 78 D9 0C 3A 9B 00 08 88 18 28 AA AA 
Time:	12:47:29,152
Send:	220001

Fixed toLineMF: 03E 62 00 01 02 8D 00 A1 30 4E 47 31 01 84 01 55 00 00 02 B6 01 72 80 A6 4C B8 88 9D 41 F3 0F 95 35 00 E6 07 D2 57 7B 75 1F C0 00 5A 08 33 00 2D 01 7D C8 78 D9 0C 3A 9B 00 06 20 12 DD AA AA 
Receive: 62 00 01 02 8D 00 A1 30 4E 47 31 01 84 01 55 00 00 02 B6 01 72 80 A6 4C B8 88 9D 41 F3 0F 95 35 00 E6 07 D2 57 7B 75 1F C0 00 5A 08 33 00 2D 01 7D C8 78 D9 0C 3A 9B 00 06 20 12 DD AA AA 

Fixed toLineMF: 03E 62 00 01 02 8D 00 A1 30 4E 47 31 01 84 01 55 00 00 02 B6 01 72 80 A6 4C B8 88 9D 41 F3 0F 95 35 00 E6 07 D2 57 7B 75 1F C0 00 5A 08 33 00 2D 01 7D C8 78 D9 0C 3A 9B 00 06 20 12 DD AA AA 
Time:	12:47:29,533
Send:	220001
Receive: 62 00 01 02 8D 00 A1 2F 6A 47 19 01 12 01 19 00 00 01 C0 00 E9 80 99 4C 90 89 5D 41 F3 0F 95 40 00 E6 07 D2 57 5D 61 1F C0 00 5A 08 33 00 2D 01 28 FA 1E 65 45 03 01 7D C8 78 D9 0C 3A 9B 00 04 1A 0E 5F AA AA 
Time:	12:47:29,944
Send:	220001
Receive: 62 00 01 02 8D 00 A1 2F 88 46 F0 00 00 01 23 00 00 01 E0 00 FD 80 1C 4C 35 7F FD 41 F3 0F 95 40 00 E6 04 44 57 00 00 1F C0 00 5A 08 33 00 2D 01 28 FA 1B 65 45 03 01 29 C9 78 D9 0C 3A 9B 00 04 5C 0F 14 AA AA 
Time:	12:47:30,357
Send:	220001

Fixed toLineMF: 03E 62 00 01 02 8D 00 A1 2E FA 45 F0 00 00 01 21 00 00 01 D9 00 F4 80 17 4C 2E 7F FD 41 F3 0F 95 40 00 E6 04 44 57 00 00 1F C0 28 FA 22 65 45 03 01 29 C9 78 D9 0C 3A 9B 00 04 34 0F 23 AA AA 
Receive: 62 00 01 02 8D 00 A1 2E FA 45 F0 00 00 01 21 00 00 01 D9 00 F4 80 17 4C 2E 7F FD 41 F3 0F 95 40 00 E6 04 44 57 00 00 1F C0 28 FA 22 65 45 03 01 29 C9 78 D9 0C 3A 9B 00 04 34 0F 23 AA AA 

Fixed toLineMF: 03E 62 00 01 02 8D 00 A1 2E FA 45 F0 00 00 01 21 00 00 01 D9 00 F4 80 17 4C 2E 7F FD 41 F3 0F 95 40 00 E6 04 44 57 00 00 1F C0 28 FA 22 65 45 03 01 29 C9 78 D9 0C 3A 9B 00 04 34 0F 23 AA AA 
Time:	12:47:30,749
Send:	220001
Receive: 62 00 01 02 8D 00 A1 2E 90 45 01 01 5C 01 1E 1C 0F 01 C3 00 EE 78 1A 4C 2E 7F FD 41 F3 0F 95 40 00 E6 04 44 57 17 07 1F C0 00 5A 08 34 00 2D 01 28 FC FE 65 45 03 01 3C C8 78 D9 0C 3A 9B 00 03 F8 0E 92 AA AA 
Time:	12:47:31,145
Send:	220001
Receive: 62 00 01 02 8D 00 A1 2E 3E 44 0C 03 42 02 B2 24 FF 04 9B 02 30 79 31 4C 57 7F FD 41 F3 0F 96 A5 00 E6 04 7A 58 17 7F 1F C0 00 5A 08 35 00 2D 01 28 FC FD 65 45 03 01 3C C0 78 D9 0C 3A 9B 00 0A 21 1C BB AA AA 
Time:	12:47:31,537
Send:	220001
Receive: 62 00 01 02 8D 00 A1 2E 8A 44 26 03 D5 02 C8 27 7A 06 52 03 41 77 AE 4C C6 78 7D 41 F3 0F 94 F9 00 E6 04 7A 58 19 41 1F C0 00 5A 08 36 00 2D 01 28 FC FD 65 45 03 01 7C C2 78 D9 0C 3A 9B 00 0E 71 25 EE AA AA 
Time:	12:47:31,926
Send:	220001
Receive: 62 00 01 02 8D 00 A1 2E AE 45 26 03 9D 02 BE 27 47 06 22 03 2B 77 2C 4C 76 78 3D 41 F3 0F 94 FF 00 E6 04 7A 58 1A 22 1F C0 00 5A 08 36 00 2D 01 28 FC FD 65 45 03 01 7C C2 78 D9 0C 3A 9B 00 0D F3 24 E5 AA AA 
Time:	12:47:32,327
Send:	220001
Receive: 62 00 01 02 8D 00 A1 2E A2 45 1B 01 FD 01 BE 00 00 03 C8 02 04 80 24 4C 3F 7C 7D 41 F3 0F 96 84 00 E6 0C CC 58 1B E9 1F C0 00 5A 08 36 00 2D 01 28 FA 25 65 45 03 01 7D C8 78 D9 0C 3A 9B 00 08 F5 1A 14 AA AA 
Time:	12:47:32,722
Send:	220001
Receive: 62 00 01 02 8D 00 A1 2E 80 45 30 01 B8 01 8C 00 00 03 02 01 89 80 23 4C 37 80 7D 41 F3 0F 95 25 00 E6 0C CC 58 1C CA 1F C0 00 5A 08 36 00 2D 01 28 FA 27 65 45 03 01 7D C8 78 D9 0C 3A 9B 00 06 3D 13 CF AA AA 
Time:	12:47:33,137
Send:	220001
Receive: 62 00 01 02 8D 00 A1 2D F0 44 34 01 1B 01 1C 00 00 01 B6 00 DC 80 24 4C 38 86 7D 41 F3 0F 95 40 00 E6 04 7A 58 1E 91 1F C0 00 5A 08 36 00 2D 01 28 FA 2E 65 45 03 01 7D C8 78 D9 0C 3A 9B 00 03 E2 0E 57 AA AA 
Time:	12:47:33,563
Send:	220001
Receive: 62 00 01 02 8D 00 A1 2D 86 43 F1 01 24 01 19 00 00 01 BD 00 E3 80 21 4C 33 7F FD 41 F3 0F 95 40 00 E6 04 7A 58 00 00 1F C0 00 5A 08 36 00 2D 01 28 FA 33 65 45 03 01 29 C9 78 D9 0C 3A 9B 00 03 F2 0E 7F AA AA 
Time:	12:47:33,945
Send:	220001

Fixed toLineMF: 03E 62 00 01 02 8D 00 01 19 00 00 01 C6 00 E3 80 18 4C 2D 7F FD 41 F3 0F 95 40 00 E6 00 00 58 00 00 1F C0 00 5A 08 36 00 2D 01 28 FA 38 65 45 03 01 29 C9 78 D9 0C 3A 9B 00 04 18 0E EC AA AA 
Receive: 62 00 01 02 8D 00 01 19 00 00 01 C6 00 E3 80 18 4C 2D 7F FD 41 F3 0F 95 40 00 E6 00 00 58 00 00 1F C0 00 5A 08 36 00 2D 01 28 FA 38 65 45 03 01 29 C9 78 D9 0C 3A 9B 00 04 18 0E EC AA AA 

Fixed toLineMF: 03E 62 00 01 02 8D 00 01 19 00 00 01 C6 00 E3 80 18 4C 2D 7F FD 41 F3 0F 95 40 00 E6 00 00 58 00 00 1F C0 00 5A 08 36 00 2D 01 28 FA 38 65 45 03 01 29 C9 78 D9 0C 3A 9B 00 04 18 0E EC AA AA 
Time:	12:47:34,360
Send:	220001
Receive: 62 00 01 02 8D 00 A1 2C CA 42 F1 00 00 01 16 00 00 01 C3 00 DE 80 17 4C 2C 7F FD 41 F3 0F 95 40 00 E6 00 00 58 00 00 1F C0 00 5A 08 36 00 2D 01 28 FA 3A 65 45 03 01 29 C9 78 D9 0C 3A 9B 00 04 0D 0E E1 AA AA 
Time:	12:47:34,745
Send:	220001
Receive: 62 00 01 02 8D 00 A1 2C 48 41 F1 00 00 01 14 00 00 01 BF 00 D8 80 17 4C 2C 7F FD 41 F3 0F 95 40 00 E6 00 00 58 00 00 1F C0 00 5A 08 37 00 2D 01 28 FA 41 65 45 03 01 29 C9 78 D9 0C 3A 9B 00 04 03 0E D7 AA AA 
Time:	12:47:35,126
Send:	220001
Receive: 62 00 01 02 8D 00 A1 2B F0 41 F1 00 00 01 16 00 00 01 BD 00 D6 80 17 4C 2C 7F FD 41 F3 0F 95 40 00 E6 00 00 58 00 00 1F C0 00 5A 08 37 00 2D 01 28 FA 46 65 45 03 01 29 C9 78 D9 0C 3A 9B 00 04 08 0E E1 AA AA 
Time:	12:47:35,528
Send:	220001
Receive: 62 00 01 02 8D 00 A2 2B 7E 40 F1 00 00 01 14 00 00 01 C0 00 D7 80 17 4C 2B 7F FD 41 F3 0F 95 40 00 E6 00 00 58 00 00 1F C0 00 5A 08 38 00 2D 01 28 FA 4A 65 45 03 01 29 C9 78 D9 0C 3A 9B 00 04 14 0E FA AA AA 
Time:	12:47:35,928
Send:	220001
Receive: 62 00 01 02 8D 00 A2 2B 08 40 F1 00 00 01 12 00 00 01 C6 00 D8 80 17 4C 2B 7F FD 41 F3 0F 95 40 00 E6 00 00 58 00 00 1F C0 00 5A 08 39 00 2D 01 28 FA 4E 65 45 03 01 29 C9 78 D9 0C 3A 9B 00 04 1A 0F 05 AA AA 
Time:	12:47:36,313
Send:	220001
Receive: 62 00 01 02 8D 00 A2 2A 8A 3F F1 00 00 01 12 00 00 01 CA 00 D5 80 17 4C 2B 7F FD 41 F3 0F 95 40 00 E6 00 00 59 00 00 1F C0 00 5A 08 39 00 2D 01 29 FA 55 65 45 03 01 29 C9 78 D9 0C 3A 9B 00 04 22 0F 18 AA AA 
Time:	12:47:36,704
Send:	220001
Receive: 62 00 01 02 8D 00 A2 2A 0A 3E EF 00 00 01 1E 00 00 01 F5 00 E7 80 17 4C 2B 7F FD 41 F3 0F 95 25 00 E6 00 00 59 00 00 1F C0 00 5A 08 3C 00 2D 01 29 FA 58 65 45 03 01 29 C9 78 D9 0C 3A 9B 00 04 82 0F DF AA AA 
Time:	12:47:37,112
Send:	220001
Receive: 62 00 01 02 8D 00 A2 29 8C 3D ED 00 00 01 1C 00 00 02 04 00 EB 80 16 4C 2C 7F FD 41 F3 0F 94 AE 00 E6 00 00 59 00 00 1F C0 00 5A 08 43 00 2D 01 2A FA 5B 65 45 03 01 29 E9 78 D9 0C 3A 9B 00 04 A7 0F F9 AA AA 
Time:	12:47:37,536
Send:	220001
Receive: 62 00 01 02 8D 00 A1 28 E2 3C EC 00 00 01 16 00 00 02 14 00 EF 80 17 4C 2C 7F FD 41 F3 0F 94 1C 00 E6 00 00 59 00 00 1F C0 00 5A 08 4B 00 2D 01 2B FA 5F 65 45 03 03 29 E9 78 D9 0C 3A 9B 00 04 CD 0F F6 AA AA 
Time:	12:47:37,937
Send:	220001
Receive: NO DATA
Time:	12:47:38,215
Send:	220001
Receive: NO DATA
Time:	12:47:38,512
Send:	220001
Receive: NO DATA
Time:	12:47:38,795
Send:	220001
Receive: NO DATA
Time:	12:47:39,074
Send:	220001
Receive: NO DATA
Time:	12:47:39,361
Send:	220001
Receive: NO DATA
Time:	12:47:39,659
Send:	220001
Receive: NO DATA
Time:	12:47:39,960
Send:	220001
Receive: 62 00 01 02 8D 00 A1 24 88 36 ED 00 00 00 D3 00 00 02 24 00 DD 80 17 4C 2C 7F FD 41 F3 0F 90 8F 00 E6 00 00 5A 00 00 1F C0 00 5A 08 84 00 2D 01 33 FA 6F 65 45 03 03 29 E9 78 D9 0C 3A 9B 00 04 F3 0E AE AA AA 
Time:	12:47:40,343
Send:	220001
Receive: 62 00 01 02 8D 00 A1 23 B8 35 ED 00 00 00 CC 00 00 02 2E 00 DC 80 18 4C 2D 7F FD 41 F3 0F 90 15 00 E6 00 00 5A 00 00 1F C0 00 5A 08 8F 00 2D 01 35 FA 72 65 45 03 03 29 E9 78 D9 0C 3A 9B 00 05 0B 0E C0 AA AA 
Time:	12:47:40,755
Send:	220001
Receive: 62 00 01 02 8C 00 A1 22 CA 33 ED 00 00 00 C2 00 00 02 31 00 D7 80 17 4C 2D 7F FD 41 F3 0F 8F C4 00 E6 00 00 5A 00 00 1F C0 00 5A 08 9B 00 2D 01 36 FA 77 65 45 03 03 29 E9 78 D9 0C 3A 9B 00 05 0D 0E A4 AA AA 
Time:	12:47:41,175
Send:	220001
Receive: 62 00 01 02 8D 00 A1 21 1C 31 ED 00 00 00 AB 00 00 02 36 00 CD 80 16 4C 2E 7F FD 41 F3 0F 8F 23 00 E6 00 00 5A 00 00 1F C0 00 5A 08 B3 00 2D 01 3A FA 7F 65 45 03 03 29 E9 78 D9 0C 3A 9B 00 05 0A 0E 76 AA AA 
Time:	12:47:41,574
Send:	220001
Receive: 62 00 01 02 8C 00 A1 1F 2C 2E ED 00 00 00 A4 00 00 02 15 00 B5 80 16 4C 2D 7F FD 41 F3 0F 8E F1 00 E6 00 00 5A 00 00 1F C0 00 5A 08 CE 00 2D 01 3E FA DD 65 45 03 03 29 E9 78 D9 0C 3A 9B 00 04 A9 0E 5F AA AA 
Time:	12:47:41,986
Send:	220001
Receive: 62 00 01 02 8D 00 A1 1D 4E 2B EF 00 00 00 9C 00 00 01 CA 00 92 80 17 4C 2E 7F FD 41 F3 0F 8E DD 00 E6 00 00 5A 00 00 1F C0 00 5A 08 E9 00 2D 01 41 FB 45 65 45 03 03 29 E9 78 D9 0C 3A 9B 00 04 05 0E 88 AA AA 
Time:	12:47:42,393
Send:	220001
Receive: 62 00 01 02 8C 00 A1 1B 32 28 EF 00 00 00 9F 00 00 01 D5 00 89 80 17 4C 2E 7F FD 41 F3 0F 8E B0 00 E6 00 00 5A 00 00 1F C0 00 5A 09 07 00 2D 01 46 FB BF 65 45 03 03 29 E9 78 D9 0C 3A 9B 00 04 66 0F CF AA AA 
Time:	12:47:42,784
Send:	220001
Receive: 62 00 01 02 8C 00 A1 19 06 25 ED 00 00 00 9F 00 00 02 39 00 9A 80 17 4C 2E 7F FD 41 F3 0F 8D 6B 00 E6 00 00 5A 00 00 1F C0 00 5A 09 24 00 2D 01 4A FC 4A 65 45 03 07 29 E9 78 D9 0C 3A 9B 00 05 43 11 96 AA AA 
Time:	12:47:43,182
Send:	220001
Receive: 62 00 01 02 85 00 A1 13 42 21 18 01 E9 00 9C 00 00 02 6B 00 6F 78 17 4C 2E 7F FD 41 F3 0F 87 1D 00 E6 00 00 5A 17 07 1F C0 00 5A 09 24 00 2D 01 7F FF 8D 65 45 03 07 2D E8 78 D9 0C 3A 9B 00 06 1F 16 7C AA AA 
Time:	12:47:43,584
Send:	220001
Receive: 62 00 01 02 84 00 A1 11 7E 1E 03 01 FD 00 A9 00 00 03 43 00 9E 79 1E 4C 31 80 3D 41 F3 0F 86 5A 00 E6 00 00 5A 17 16 1F C0 00 5A 09 25 00 2D 01 E6 FF 4F 65 45 03 07 3D E8 78 D9 0C 3A 9B 00 07 89 19 B9 AA AA 
Time:	12:47:44,017
Send:	220001

Fixed toLineMF: 037 62 00 01 02 89 00 00 A9 00 00 03 77 00 41 F3 0F 85 95 00 E6 02 BC 5B 17 52 1F C0 00 5A 09 26 00 2D 01 B8 FF CD 65 45 03 07 7D E8 78 D9 0C 3A 9B 00 08 31 1B 3A AA AA 
Receive: 62 00 01 02 89 00 00 A9 00 00 03 77 00 41 F3 0F 85 95 00 E6 02 BC 5B 17 52 1F C0 00 5A 09 26 00 2D 01 B8 FF CD 65 45 03 07 7D E8 78 D9 0C 3A 9B 00 08 31 1B 3A AA AA 

Fixed toLineMF: 037 62 00 01 02 89 00 00 A9 00 00 03 77 00 41 F3 0F 85 95 00 E6 02 BC 5B 17 52 1F C0 00 5A 09 26 00 2D 01 B8 FF CD 65 45 03 07 7D E8 78 D9 0C 3A 9B 00 08 31 1B 3A AA AA 
Time:	12:47:44,404
Send:	220001
Receive: 62 00 01 02 8C 00 A1 0F 40 15 07 02 10 00 A4 00 00 03 B4 00 9C 77 BA 4C D3 7A 7D 41 F3 0F 84 26 00 E6 02 BC 5B 17 7F 1F C0 00 5A 09 26 00 2D 01 BB FF EB 65 45 03 07 7D E0 78 D9 0C 3A 9B 00 08 9C 1C 3F AA AA 
Time:	12:47:44,784
Send:	220001
Receive: 62 00 01 02 8C 00 A1 0E D0 11 04 02 08 00 9A 00 00 03 CB 00 9C 7A B9 4C D7 78 5D 41 F3 0F 83 9A 00 E6 02 BC 5B 17 7F 1F C0 00 5A 09 26 00 2D 01 B3 FF F6 65 45 03 07 7D E0 78 D9 0C 3A 9B 00 08 A4 1C 59 AA AA 
Time:	12:47:45,184
Send:	220001
Receive: 62 00 01 02 8C 00 A1 0E 64 0D 07 02 00 00 97 00 00 03 D1 00 99 7C B6 4C D6 76 3D 41 F3 0F 83 78 00 E6 02 79 5B 17 7F 1F C0 00 5A 09 27 00 2D 01 B8 00 00 65 45 03 07 7D E0 78 D9 0C 3A 9B 00 08 C5 1C 9E AA AA 
Time:	12:47:45,572
Send:	220001
Receive: 62 00 01 02 8B 00 A1 0E 2C 0C 0D 01 E9 00 92 00 00 03 C5 00 96 7E B0 4C D1 74 1D 41 F3 0F 83 BC 00 E6 02 79 5B 17 7F 1F C0 00 5A 09 27 00 2D 01 BE 00 00 65 45 03 07 7D E0 78 D9 0C 3A 9B 00 08 9C 1C 62 AA AA 
Time:	12:47:45,992
Send:	220001
Receive: 62 00 01 02 8C 00 A1 0E 04 0B 09 01 D7 00 92 00 00 03 C0 00 92 7F A6 4C CB 72 1D 41 F3 0F 83 DE 00 E6 02 32 5B 18 60 1F C0 00 5A 09 27 00 2D 01 CB 00 00 65 45 03 07 7D E0 78 D9 0C 3A 9B 00 08 96 1C 96 AA AA 
Time:	12:47:46,414
Send:	220001
Receive: 62 00 01 02 89 00 A1 0D E6 0A 09 01 E9 00 92 00 00 03 CF 00 94 80 2A 4C A2 74 5D 41 F3 0F 83 81 00 E6 02 32 5B 18 60 1F C0 00 5A 09 27 00 2D 01 E1 00 00 65 45 03 07 7D E0 78 D9 0C 3A 9B 00 08 B1 1C AD AA AA 
Time:	12:47:46,842
Send:	220001
Receive: 62 00 01 02 8C 00 A1 0E 2E 0A 05 02 32 00 AB 00 00 04 2F 00 A9 80 27 4C 38 77 1D 41 F3 0F 82 26 00 E6 02 32 5B 18 60 1F C0 00 5A 09 27 00 2D 01 E9 03 5C 65 45 03 03 7D E0 78 D9 0C 3A 9B 00 09 9D 1E 9C AA AA 
Time:	12:47:47,262
Send:	220001
Receive: 62 00 01 02 8C 00 A1 0E 5E 0A 03 02 28 00 A9 00 00 04 3E 00 AE 80 A8 4C AF 74 9D 41 F3 0F 82 54 00 E6 02 98 5B 18 60 1F C0 00 5A 09 27 00 2D 01 E9 03 56 65 45 03 01 7D C0 78 D9 0C 3A 9B 00 09 B4 1E CA AA AA 
Time:	12:47:47,654
Send:	220001
Receive: 62 00 01 02 8D 00 A1 0E 64 09 04 02 17 00 A9 00 00 04 38 00 AB 80 A7 4C C0 72 1D 41 F3 0F 82 43 00 E6 02 98 5B 19 41 1F C0 00 5A 09 28 00 2D 01 E9 03 5C 65 45 03 01 7D C0 78 D9 0C 3A 9B 00 09 B1 1E CE AA AA 
Time:	12:47:48,065
Send:	220001
Receive: 62 00 01 02 8D 00 A1 0E 46 08 06 02 10 00 A9 00 00 04 3D 00 AA 80 30 4C A0 70 3D 41 F3 0F 82 4F 00 E6 02 65 5B 19 41 1F C0 00 5A 09 28 00 2D 01 E9 03 5C 65 45 03 01 7D C0 78 D9 0C 3A 9B 00 09 B3 1E F4 AA AA 
Time:	12:47:48,467
Send:	220001
Receive: 62 00 01 02 8D 00 A1 0E 4C 07 02 02 22 00 A6 00 00 04 3D 00 AA 80 2B 4C 39 75 9D 41 F3 0F 82 4B 00 E6 02 65 5B 19 41 1F C0 00 5A 09 28 00 2D 01 E9 03 5C 65 45 03 01 7D C0 78 D9 0C 3A 9B 00 09 B7 1E EB AA AA 
Time:	12:47:48,882
Send:	220001
Receive: NO DATA
Time:	12:47:49,197
Send:	220001
Receive: NO DATA
Time:	12:47:49,501
Send:	220001
Receive: NO DATA
Time:	12:47:49,781
Send:	220001
Receive: NO DATA
Time:	12:47:50,073
Send:	220001
Receive: NO DATA
Time:	12:47:50,356
Send:	220001
Receive: NO DATA
Time:	12:47:50,644
Send:	220001
Receive: NO DATA
Time:	12:47:50,943
Send:	220001
Receive: 62 00 01 02 8C 00 A1 0D EA 00 07 01 DA 00 86 00 00 03 D6 00 94 80 A1 4C B4 72 FD 41 F3 0F 83 57 00 E6 01 EF 5B 1B 08 1F C0 00 50 09 28 00 2D 01 F9 FF DB 65 45 03 03 7D E0 78 D9 0C 3A 9B 00 08 C3 1D 1C AA AA 
Time:	12:47:51,323
Send:	220001
Receive: 62 00 01 02 8C 00 A1 0D 5C 00 14 01 BC 00 83 00 00 03 B7 00 88 80 2B 4C 8E 71 FD 41 F3 0F 84 11 00 E6 01 EF 5B 1B 08 1F C0 00 50 09 28 00 2D 02 1F FF F3 65 45 03 03 7D E0 78 D9 0C 3A 9B 00 08 6F 1C E5 AA AA 
Time:	12:47:51,704
Send:	220001
Receive: 62 00 01 02 8C 00 A1 0D 24 00 10 01 B8 00 83 00 00 03 94 00 83 80 23 4C 30 76 DD 41 F3 0F 84 E7 00 E6 01 EF 5B 1B E9 1F C0 00 50 09 28 00 2D 02 2F FF FB 65 45 03 03 7D E0 78 D9 0C 3A 9B 00 08 51 1C BA AA AA 
Time:	12:47:52,081
Send:	220001
Receive: 62 00 01 02 8C 00 A1 0C DE 00 12 01 C2 00 86 00 00 03 91 00 81 80 23 4C 2E 78 9D 41 F3 0F 84 F9 00 E6 01 C7 5B 1C CA 1F C0 00 50 09 28 00 2D 02 3A 00 00 65 45 03 03 7D E0 78 D9 0C 3A 9B 00 08 78 1C D8 AA AA 
Time:	12:47:52,483
Send:	220001
Receive: NO DATA
Time:	12:47:52,770
Send:	220001
Receive: NO DATA
Time:	12:47:53,061
Send:	220001
Receive: NO DATA
Time:	12:47:53,336
Send:	220001
Receive: NO DATA
Time:	12:47:53,614
Send:	220001
Receive: NO DATA
Time:	12:47:53,923
Send:	220001
Receive: NO DATA
Time:	12:47:54,219
Send:	220001
Receive: NO DATA
Time:	12:47:54,513
Send:	220001
Receive: 62 00 01 02 8C 00 A1 0C CA 00 0B 01 E7 00 86 00 00 03 B2 00 87 80 7F 4C A5 7F 9D 41 F3 0F 84 2F 00 E6 02 30 5C 1F 72 1F C0 00 50 09 2A 00 2D 01 BE 00 00 65 45 03 03 7D E0 78 D9 0C 3A 9B 00 08 71 1D 76 AA AA 
Time:	12:47:54,905
Send:	220001
Receive: 62 00 01 02 8C 00 A1 0C B4 00 07 01 E1 00 88 00 00 03 B2 00 86 80 9F 4C B3 7D BD 41 F3 0F 84 2F 00 E6 02 30 5C 1F 72 1F C0 00 50 09 2A 00 2D 01 AE 00 00 65 45 03 03 7D E0 78 D9 0C 3A 9B 00 08 88 1D 86 AA AA 
Time:	12:47:55,284
Send:	220001
Receive: 62 00 01 02 8C 00 A1 0C 9A 00 09 01 F0 00 88 00 00 03 B8 00 84 80 82 4C AD 81 1D 41 F3 0F 84 04 00 E6 01 F4 5C 20 58 1F C0 00 50 09 2A 00 2D 01 A1 00 00 65 45 03 03 7D E0 78 D9 0C 3A 9B 00 08 A9 1D C9 AA AA 
Time:	12:47:55,674
Send:	220001
Receive: 62 00 01 02 8C 00 A1 0C 88 00 03 01 FD 00 88 00 00 03 C5 00 82 80 30 4C 34 82 FD 41 F3 0F 83 C0 00 E6 01 F4 5C 20 58 1F C0 00 50 09 2B 00 2D 01 9B 00 00 65 45 03 03 7D E0 78 D9 0C 3A 9B 00 08 A5 1D FA AA AA 
Time:	12:47:56,082
Send:	220001
Receive: 62 00 01 02 8C 00 A1 0C A4 00 FD 01 F6 00 88 00 00 03 CA 00 85 80 99 4C A9 80 9D 41 F3 0F 83 9E 00 E6 02 2E 5C 21 39 1F C0 00 50 09 2B 00 2D 01 8B 00 00 65 45 03 03 7D E0 78 D9 0C 3A 9B 00 08 90 1D EB AA AA 
Time:	12:47:56,462
Send:	220001

Fixed toLineMF: 03E 62 00 01 02 8C 00 A1 0C A4 00 06 01 F4 00 88 00 00 03 D1 00 88 80 9B 4C AE 7E DD 41 F3 0F 83 70 00 E6 02 2E 5C 22 1A 1F C0 00 50 09 2B 00 2D 01 80 00 00 65 45 03 03 7D E0 78 D9 0C 3A 9B 
Receive: 62 00 01 02 8C 00 A1 0C A4 00 06 01 F4 00 88 00 00 03 D1 00 88 80 9B 4C AE 7E DD 41 F3 0F 83 70 00 E6 02 2E 5C 22 1A 1F C0 00 50 09 2B 00 2D 01 80 00 00 65 45 03 03 7D E0 78 D9 0C 3A 9B 

Fixed toLineMF: 03E 62 00 01 02 8C 00 A1 0C A4 00 06 01 F4 00 88 00 00 03 D1 00 88 80 9B 4C AE 7E DD 41 F3 0F 83 70 00 E6 02 2E 5C 22 1A 1F C0 00 50 09 2B 00 2D 01 80 00 00 65 45 03 03 7D E0 78 D9 0C 3A 9B 
Time:	12:47:56,828
Send:	220001
Receive: 62 00 01 02 8C 00 A1 0C 8E 00 0D 01 F0 00 88 00 00 03 DB 00 8A 80 36 4C 97 7D 5D 41 F3 0F 83 39 00 E6 02 2E 5C 22 FB 1F C0 00 50 09 2B 00 2D 01 7E 00 00 65 45 03 03 7D E0 78 D9 0C 3A 9B 00 08 D5 1E 2D AA AA 
Time:	12:47:57,233
Send:	220001

Fixed toLineMF: 03E 62 00 01 02 8C 00 A1 0C 9C 00 0D 01 FB 00 88 00 00 03 D0 00 41 F3 0F 83 7D 00 E6 02 22 5C 23 E1 1F C0 00 50 09 2C 00 2D 01 73 00 00 65 45 03 03 7D E0 78 D9 0C 3A 9B 00 08 E7 1E 30 AA AA 
Receive: 62 00 01 02 8C 00 A1 0C 9C 00 0D 01 FB 00 88 00 00 03 D0 00 41 F3 0F 83 7D 00 E6 02 22 5C 23 E1 1F C0 00 50 09 2C 00 2D 01 73 00 00 65 45 03 03 7D E0 78 D9 0C 3A 9B 00 08 E7 1E 30 AA AA 

Fixed toLineMF: 03E 62 00 01 02 8C 00 A1 0C 9C 00 0D 01 FB 00 88 00 00 03 D0 00 41 F3 0F 83 7D 00 E6 02 22 5C 23 E1 1F C0 00 50 09 2C 00 2D 01 73 00 00 65 45 03 03 7D E0 78 D9 0C 3A 9B 00 08 E7 1E 30 AA AA 
Time:	12:47:57,628
Send:	220001
Receive: 62 00 01 02 8C 00 A1 0C 9A 00 07 01 F2 00 88 00 00 03 CD 00 87 80 3D 4C A4 7F 5D 41 F3 0F 83 8E 00 E6 02 22 5C 23 E1 1F C0 00 50 09 2C 00 2D 01 66 00 00 65 45 03 03 7D E0 78 D9 0C 3A 9B 00 08 C7 1E 25 AA AA 
Time:	12:47:58,032
Send:	220001
Receive: 62 00 01 02 8C 00 A1 0C 86 00 05 01 EF 00 88 00 00 03 D1 00 84 80 9C 4C AC 7D 7D 41 F3 0D 83 74 00 E6 02 22 5C 24 C2 1F C0 00 50 09 2C 00 2D 01 60 00 00 65 45 03 03 7D E0 78 D9 0C 3A 9B 00 08 CB 1E 3C AA AA 
Time:	12:47:58,452
Send:	220001
Receive: 62 00 01 02 8C 00 A2 0C 7E 00 08 01 F9 00 88 00 00 03 D1 00 87 80 2B 4C 41 81 5D 41 F3 0D 83 74 00 E6 02 22 5C 25 A3 1F C0 00 50 09 2C 00 2D 01 5E 00 00 65 45 03 03 7D E0 78 D9 0C 3A 9B 00 08 D9 1E 53 AA AA 
Time:	12:47:58,832
Send:	220001
Receive: 62 00 01 02 8C 00 A2 0C 98 00 03 02 03 00 88 00 00 03 D8 00 89 80 2B 4C 37 83 3D 41 F3 0D 83 4E 00 E6 02 22 5C 26 89 1F C0 00 50 09 2C 00 2D 01 53 00 00 65 45 03 03 7D E0 78 D9 0C 3A 9B 00 08 D9 1E 38 AA AA 
Time:	12:47:59,235
Send:	220001
Receive: 62 00 01 02 8C 00 A2 0C 90 00 06 01 F1 00 88 00 00 03 D1 00 88 80 A3 4C AB 7E FD 41 F3 0D 83 74 00 E6 02 22 5C 27 6A 1F C0 00 50 09 2C 00 2D 01 4E 00 00 65 45 03 03 7D E0 78 D9 0C 3A 9B 00 08 CA 1E 36 AA AA 
Time:	12:47:59,642
Send:	220001
Receive: 62 00 01 02 8C 00 A2 0C 7C 00 0C 01 F2 00 88 00 00 03 C9 00 86 80 43 4C A8 81 9D 41 F3 0D 83 A7 00 E6 02 22 5C 28 4B 1F C0 00 50 09 2D 00 2D 01 4B 00 00 65 45 03 03 7D E0 78 D9 0C 3A 9B 00 08 C6 1E 45 AA AA 
Time:	12:48:00,052
Send:	220001
Receive: 62 00 01 02 8C 00 A2 0C 74 00 06 02 04 00 86 00 00 03 D6 00 87 80 2C 4C 8A 83 9D 41 F3 0D 83 5B 00 E6 02 05 5C 29 31 1F C0 00 50 09 2D 00 2D 01 4E 00 00 65 45 03 03 7D E0 78 D9 0C 3A 9B 00 08 D9 1E 5C AA AA 
Time:	12:48:00,444
Send:	220001
Receive: 62 00 01 02 8C 00 A2 0C 94 00 06 01 F1 00 88 00 00 03 D0 00 87 80 A1 4C AA 7F 5D 41 F3 0D 83 7D 00 E6 02 05 5C 2A 12 1F C0 00 50 09 2D 00 2D 01 40 00 00 65 45 03 03 7D E0 78 D9 0C 3A 9B 00 08 BB 1E 1F AA AA 
Time:	12:48:00,837
Send:	220001
Receive: 62 00 01 02 8C 00 A2 0C 5E 00 07 01 EF 00 86 00 00 03 D4 00 83 80 95 4C AA 7D DD 41 F3 0D 83 68 00 E6 02 05 5C 2A F3 1F C0 00 50 09 2D 00 2D 01 4B 00 00 65 45 03 03 7D E0 78 D9 0C 3A 9B 00 08 C5 1E 81 AA AA 
Time:	12:48:01,223
Send:	220001
Receive: 62 00 01 02 8C 00 A2 0C 7C 00 07 02 01 00 86 00 00 03 E2 00 8C 80 2B 4C 44 82 1D 41 F3 0D 83 0F 00 E6 02 05 5C 2B D4 1F C0 00 50 09 2D 00 2D 01 4B 00 00 65 45 03 03 7D E0 78 D9 0C 3A 9B 00 08 AA 1E 75 AA AA 
Time:	12:48:01,613
Send:	220001
Receive: 62 00 01 02 8C 00 A2 0C 78 00 0D 01 FF 00 83 00 00 03 C9 00 82 80 51 4C 9D 84 7D 41 F3 0D 83 A7 00 E6 02 05 5C 2C BA 1F C0 00 50 09 2E 00 2D 01 4B 00 00 65 45 03 03 7D E0 78 D9 0C 3A 9B 00 08 B1 1E 27 AA AA 
Time:	12:48:02,013
Send:	220001

Fixed toLineMF: 03E 62 00 01 02 8C 00 A2 0C 8E 00 07 01 EE 00 83 00 00 03 C4 00 85 80 A2 4C AD 80 FD 41 F3 0D 83 C5 00 E6 00 50 09 2E 00 2D 01 46 00 00 65 45 03 03 7D E0 78 D9 0C 3A 9B 00 08 AF 1D DE AA AA 
Receive: 62 00 01 02 8C 00 A2 0C 8E 00 07 01 EE 00 83 00 00 03 C4 00 85 80 A2 4C AD 80 FD 41 F3 0D 83 C5 00 E6 00 50 09 2E 00 2D 01 46 00 00 65 45 03 03 7D E0 78 D9 0C 3A 9B 00 08 AF 1D DE AA AA 

Fixed toLineMF: 03E 62 00 01 02 8C 00 A2 0C 8E 00 07 01 EE 00 83 00 00 03 C4 00 85 80 A2 4C AD 80 FD 41 F3 0D 83 C5 00 E6 00 50 09 2E 00 2D 01 46 00 00 65 45 03 03 7D E0 78 D9 0C 3A 9B 00 08 AF 1D DE AA AA 
Time:	12:48:02,417
Send:	220001
Receive: 62 00 01 02 8C 00 A2 0C 96 00 07 01 E3 00 83 00 00 03 BB 00 82 80 A5 4C AF 7F 1D 41 F3 0D 83 F8 00 E6 02 11 5D 2E 7C 1F C0 00 50 09 2E 00 2D 01 38 00 00 65 45 03 03 7D E0 78 D9 0C 3A 9B 00 08 90 1D B3 AA AA 
Time:	12:48:02,812
Send:	220001
Receive: 62 00 01 02 8C 00 A2 0C 90 00 08 01 DE 00 83 00 00 03 B5 00 84 80 30 4C A8 81 1D 41 F3 0D 84 1A 00 E6 02 11 5D 30 43 1F C0 00 50 09 2E 00 2D 01 33 00 00 65 45 03 03 7D E0 78 D9 0C 3A 9B 00 08 7B 1D B4 AA AA 
Time:	12:48:03,216
Send:	220001
Receive: 62 00 01 02 8C 00 A2 0C 9E 00 04 01 F1 00 7E 00 00 03 B8 00 82 80 2C 4C 2C 83 7D 41 F3 0D 84 04 00 E6 01 E6 5D 31 24 1F C0 00 50 09 2E 00 2D 01 25 00 00 65 45 03 03 7D E0 78 D9 0C 3A 9B 00 08 71 1D B3 AA AA 
Time:	12:48:03,624
Send:	220001
Receive: 62 00 01 02 8C 00 A2 0C 82 00 0A 01 F3 00 81 00 00 03 B4 00 82 80 5D 4C 92 84 DD 41 F3 0D 84 22 00 E6 01 E6 5D 2F 62 1F C0 00 50 09 2E 00 2D 01 25 00 00 65 45 03 03 7D E0 78 D9 0C 3A 9B 00 08 92 1D C9 AA AA 
Time:	12:48:04,022
Send:	220001

Fixed toLineMF: 03E 62 00 01 02 8C 00 00 81 00 00 03 B0 00 83 80 9F 4C AC 7F 7D 41 F3 0D 84 40 00 E6 01 F4 5D 2D 9B 1F C0 00 50 09 2F 00 2D 01 1D 00 00 65 45 03 03 7D E0 78 D9 0C 3A 9B 00 08 7B 1D 9B AA AA 
Receive: 62 00 01 02 8C 00 00 81 00 00 03 B0 00 83 80 9F 4C AC 7F 7D 41 F3 0D 84 40 00 E6 01 F4 5D 2D 9B 1F C0 00 50 09 2F 00 2D 01 1D 00 00 65 45 03 03 7D E0 78 D9 0C 3A 9B 00 08 7B 1D 9B AA AA 

Fixed toLineMF: 03E 62 00 01 02 8C 00 00 81 00 00 03 B0 00 83 80 9F 4C AC 7F 7D 41 F3 0D 84 40 00 E6 01 F4 5D 2D 9B 1F C0 00 50 09 2F 00 2D 01 1D 00 00 65 45 03 03 7D E0 78 D9 0C 3A 9B 00 08 7B 1D 9B AA AA 
Time:	12:48:04,442
Send:	220001

Fixed toLineMF: 03E 62 00 01 02 8C 00 A2 0C 7E 00 0F 01 DE 00 81 00 00 03 BB 00 85 80 45 4C A8 7E 1D 41 F3 0D 83 FC 00 E6 01 F4 5D 2C BA 1F C0 00 50 09 2F 00 2D 01 1D 00 00 65 45 03 03 7D E0 78 D9 0C 3A 9B 
Receive: 62 00 01 02 8C 00 A2 0C 7E 00 0F 01 DE 00 81 00 00 03 BB 00 85 80 45 4C A8 7E 1D 41 F3 0D 83 FC 00 E6 01 F4 5D 2C BA 1F C0 00 50 09 2F 00 2D 01 1D 00 00 65 45 03 03 7D E0 78 D9 0C 3A 9B 

Fixed toLineMF: 03E 62 00 01 02 8C 00 A2 0C 7E 00 0F 01 DE 00 81 00 00 03 BB 00 85 80 45 4C A8 7E 1D 41 F3 0D 83 FC 00 E6 01 F4 5D 2C BA 1F C0 00 50 09 2F 00 2D 01 1D 00 00 65 45 03 03 7D E0 78 D9 0C 3A 9B 
Time:	12:48:04,824
Send:	220001

Fixed toLineMF: 037 62 00 01 02 8C 00 00 7E 00 00 03 C0 00 87 80 2B 4C 38 82 3D 41 F3 0D 83 DE 00 E6 00 50 09 2F 00 2D 01 18 00 00 65 45 03 03 7D E0 78 D9 0C 3A 9B 00 08 57 1D A7 AA AA 
Receive: 62 00 01 02 8C 00 00 7E 00 00 03 C0 00 87 80 2B 4C 38 82 3D 41 F3 0D 83 DE 00 E6 00 50 09 2F 00 2D 01 18 00 00 65 45 03 03 7D E0 78 D9 0C 3A 9B 00 08 57 1D A7 AA AA 

Fixed toLineMF: 037 62 00 01 02 8C 00 00 7E 00 00 03 C0 00 87 80 2B 4C 38 82 3D 41 F3 0D 83 DE 00 E6 00 50 09 2F 00 2D 01 18 00 00 65 45 03 03 7D E0 78 D9 0C 3A 9B 00 08 57 1D A7 AA AA 
Time:	12:48:05,212
Send:	220001

Fixed toLineMF: 037 62 00 01 02 8D 00 A3 0C 8C 00 0A 01 EB 82 80 2F 4C 6A 84 1D 01 E6 5D 2A 12 1F C0 00 50 09 2F 00 2D 01 13 00 00 65 45 03 03 7D E0 78 D9 0C 3A 9B 00 08 6D 1D 86 AA AA 
Receive: 62 00 01 02 8D 00 A3 0C 8C 00 0A 01 EB 82 80 2F 4C 6A 84 1D 01 E6 5D 2A 12 1F C0 00 50 09 2F 00 2D 01 13 00 00 65 45 03 03 7D E0 78 D9 0C 3A 9B 00 08 6D 1D 86 AA AA 

Fixed toLineMF: 037 62 00 01 02 8D 00 A3 0C 8C 00 0A 01 EB 82 80 2F 4C 6A 84 1D 01 E6 5D 2A 12 1F C0 00 50 09 2F 00 2D 01 13 00 00 65 45 03 03 7D E0 78 D9 0C 3A 9B 00 08 6D 1D 86 AA AA 
Time:	12:48:05,589
Send:	220001
Receive: 62 00 01 02 8C 00 A3 0C A8 00 09 01 EA 00 81 00 00 03 AD 00 82 80 9B 4C A7 81 1D 41 F3 0D 84 4D 00 E6 01 E6 5D 29 31 1F C0 00 50 09 30 00 2D 01 02 00 00 65 45 03 03 7D E0 78 D9 0C 3A 9B 00 08 55 1D 65 AA AA 
Time:	12:48:05,991
Send:	220001
Receive: 62 00 01 02 8C 00 A3 0C 96 00 09 01 E1 00 7E 00 00 03 AB 00 81 80 A1 4C AD 7F 7D 41 F3 0D 84 5A 00 E6 01 E6 5D 27 6A 1F C0 00 50 09 30 00 2D 00 FA 00 00 65 45 03 03 7D E0 78 D9 0C 3A 9B 00 08 3A 1D 75 AA AA 
Time:	12:48:06,399
Send:	220001
Receive: 62 00 01 02 8C 00 A3 0C 9E 00 07 01 ED 00 81 00 00 03 AC 00 85 80 2A 4C 52 83 5D 41 F3 0D 84 51 00 E6 01 E6 5D 25 A3 1F C0 00 50 09 30 00 2D 00 F5 00 00 65 45 03 03 7D E0 78 D9 0C 3A 9B 00 08 28 1D 62 AA AA 
Time:	12:48:06,883
Send:	220001
Receive: 62 00 01 02 8C 00 A3 0C 92 00 0B 01 DF 00 81 00 00 03 96 00 7E 80 90 4C A1 81 DD 41 F3 0D 84 DA 00 E6 02 22 5D 23 E1 1F C0 00 50 09 31 00 2D 00 EA 00 00 65 45 03 03 7D E0 78 D9 0C 3A 9B 00 08 53 1D 5B AA AA 
Time:	12:48:07,325
Send:	220001

Fixed toLineMF: 03E 62 00 01 02 8C 00 A3 0C 80 00 0F 01 D5 7C 80 9B 4C AD 7F FD 41 F3 0D 85 13 00 E6 02 22 5D 22 1A 1F C0 00 50 09 31 00 2D 00 E8 00 00 65 45 03 03 7D E0 78 D9 0C 3A 9B 00 08 42 1D 68 AA AA 
Receive: 62 00 01 02 8C 00 A3 0C 80 00 0F 01 D5 7C 80 9B 4C AD 7F FD 41 F3 0D 85 13 00 E6 02 22 5D 22 1A 1F C0 00 50 09 31 00 2D 00 E8 00 00 65 45 03 03 7D E0 78 D9 0C 3A 9B 00 08 42 1D 68 AA AA 

Fixed toLineMF: 03E 62 00 01 02 8C 00 A3 0C 80 00 0F 01 D5 7C 80 9B 4C AD 7F FD 41 F3 0D 85 13 00 E6 02 22 5D 22 1A 1F C0 00 50 09 31 00 2D 00 E8 00 00 65 45 03 03 7D E0 78 D9 0C 3A 9B 00 08 42 1D 68 AA AA 
Time:	12:48:07,732
Send:	220001
Receive: 62 00 01 02 8C 00 A3 0C 8C 00 10 01 E9 00 81 00 00 03 9C 00 7E 80 36 4C A5 83 5D 41 F3 0D 84 B4 00 E6 02 22 5D 21 39 1F C0 00 50 09 31 00 2D 00 DF 00 00 65 45 03 03 7D E0 78 D9 0C 3A 9B 00 08 4B 1D 4C AA AA 
Time:	12:48:08,117
Send:	220001
Receive: 62 00 01 02 8C 00 A3 0C 8E 00 0A 01 EA 00 81 00 00 03 92 00 80 80 31 4C 41 84 BD 41 F3 0D 84 F0 00 E6 01 E6 5D 20 58 1F C0 00 50 09 31 00 2D 00 DD 00 00 65 45 03 03 7D E0 78 D9 0C 3A 9B 00 08 59 1D 57 AA AA 
Time:	12:48:08,513
Send:	220001
Receive: 62 00 01 02 8C 00 A3 0C 9A 00 0A 01 E2 00 81 00 00 03 93 00 7E 80 9E 4C A1 82 5D 41 F3 0D 84 EC 00 E6 01 E6 5D 1E 91 1F C0 00 50 09 31 00 2D 00 D2 00 00 65 45 03 03 7D E0 78 D9 0C 3A 9B 00 08 44 1D 46 AA AA 
Time:	12:48:08,902
Send:	220001

Fixed toLineMF: 03E 62 00 01 02 8C 00 A3 0C 82 00 0E 01 DA 00 83 00 00 03 8F 00 7D 80 A4 4C B1 80 9D 01 E6 5D 1C CA 1F C0 00 50 09 31 00 2D 00 CF 00 00 65 45 03 03 7D E0 78 D9 0C 3A 9B 00 08 4C 1D 48 AA AA 
Receive: 62 00 01 02 8C 00 A3 0C 82 00 0E 01 DA 00 83 00 00 03 8F 00 7D 80 A4 4C B1 80 9D 01 E6 5D 1C CA 1F C0 00 50 09 31 00 2D 00 CF 00 00 65 45 03 03 7D E0 78 D9 0C 3A 9B 00 08 4C 1D 48 AA AA 

Fixed toLineMF: 03E 62 00 01 02 8C 00 A3 0C 82 00 0E 01 DA 00 83 00 00 03 8F 00 7D 80 A4 4C B1 80 9D 01 E6 5D 1C CA 1F C0 00 50 09 31 00 2D 00 CF 00 00 65 45 03 03 7D E0 78 D9 0C 3A 9B 00 08 4C 1D 48 AA AA 
Time:	12:48:09,300
Send:	220001
Receive: 62 00 01 02 8C 00 A3 0C 64 00 18 01 D9 00 83 00 00 03 8F 00 76 80 52 4C AA 7E FD 41 F3 0D 85 06 00 E6 01 E6 5D 1B E9 1F C0 00 50 09 32 00 2D 00 CD 00 00 65 45 03 03 7D E0 78 D9 0C 3A 9B 00 08 38 1D A7 AA AA 
Time:	12:48:09,682
Send:	220001

Fixed toLineMF: 03E 62 00 01 02 8C 00 A3 0C 8C 00 04 02 01 82 80 24 4C 27 83 3D 41 F3 0D 83 EF 00 E6 01 E6 5D 1A 22 1F C0 00 50 09 32 00 2D 00 CA 00 00 65 45 03 03 7D E0 78 D9 0C 3A 9B 00 08 3F 1D 85 AA AA 
Receive: 62 00 01 02 8C 00 A3 0C 8C 00 04 02 01 82 80 24 4C 27 83 3D 41 F3 0D 83 EF 00 E6 01 E6 5D 1A 22 1F C0 00 50 09 32 00 2D 00 CA 00 00 65 45 03 03 7D E0 78 D9 0C 3A 9B 00 08 3F 1D 85 AA AA 

Fixed toLineMF: 03E 62 00 01 02 8C 00 A3 0C 8C 00 04 02 01 82 80 24 4C 27 83 3D 41 F3 0D 83 EF 00 E6 01 E6 5D 1A 22 1F C0 00 50 09 32 00 2D 00 CA 00 00 65 45 03 03 7D E0 78 D9 0C 3A 9B 00 08 3F 1D 85 AA AA 
Time:	12:48:10,073
Send:	220001
Receive: 62 00 01 02 8C 00 A3 0C A2 00 06 01 F4 00 83 00 00 03 A4 00 81 80 32 4C 84 85 1D 41 F3 0D 84 84 00 E6 02 22 5D 19 41 1F C0 00 50 09 32 00 2D 00 C2 00 00 65 45 03 03 7D E0 78 D9 0C 3A 9B 00 08 5C 1D 62 AA AA 
Time:	12:48:10,472
Send:	220001
Receive: 62 00 01 02 8C 00 A3 0C 9E 00 05 01 E6 00 83 00 00 03 A2 00 82 80 A7 4C AD 80 9D 41 F3 0D 84 8D 00 E6 02 22 5E 17 7F 1F C0 00 50 09 32 00 2D 00 B7 00 00 65 45 03 03 7D E0 78 D9 0C 3A 9B 00 08 5C 1D 4C AA AA 
Time:	12:48:10,875
Send:	220001
Receive: 62 00 01 02 8B 00 A3 0C 60 00 12 01 E2 00 83 00 00 03 A8 00 80 80 82 4C A9 7F 3D 41 F3 0D 84 6F 00 E6 02 22 5E 16 9E 1F C0 00 50 09 33 00 2D 00 BD 00 00 65 45 03 03 7D E0 78 D9 0C 3A 9B 00 08 76 1D 87 AA AA 
Time:	12:48:11,306
Send:	220001
Receive: 62 00 01 02 8C 00 A3 0C 82 00 05 01 FD 00 83 00 00 03 AC 00 81 80 2B 4C 3D 83 DD 41 F3 0D 84 51 00 E6 02 11 5E 00 00 1F C0 00 50 09 33 00 2D 00 B4 00 00 65 45 03 03 79 E0 78 D9 0C 3A 9B 00 08 57 1D 70 AA AA 
Time:	12:48:11,704
Send:	220001
Receive: 62 00 01 02 8C 00 A3 0C A2 00 08 01 F1 00 83 00 00 03 A7 00 82 80 9C 4C A1 81 7D 41 F3 0D 84 6F 00 E6 02 11 5E 00 00 1F C0 00 50 09 36 00 2D 00 A4 00 00 65 45 03 03 79 E0 78 D9 0C 3A 9B 00 08 4A 1D 74 AA AA 
Time:	12:48:12,085
Send:	220001
Receive: 62 00 01 02 8C 00 A4 0C 8E 00 08 01 ED 00 83 00 00 03 AB 00 81 80 A7 4C AE 7F BD 41 F3 0D 84 5A 00 E6 02 11 5E 00 00 1F C0 00 50 09 38 00 2D 00 9C 00 00 65 45 03 03 F9 E0 78 D9 0C 3A 9B 00 08 45 1D 80 AA AA 
Time:	12:48:12,485
Send:	220001
Receive: 62 00 01 02 8C 00 A4 0C 8C 00 08 01 E8 00 86 00 00 03 AE 00 82 80 6D 4C A9 7D FD 41 F3 0D 84 48 00 E6 02 11 5E 00 00 1F C0 00 50 09 3B 00 2D 00 97 00 00 65 45 03 03 F9 E0 78 D9 0C 3A 9B 00 08 6A 1D 82 AA AA 
Time:	12:48:12,872
Send:	220001
Receive: 62 00 01 02 8C 00 A4 0C 64 00 10 01 E7 00 86 00 00 03 93 00 79 80 2C 4C 36 82 5D 41 F3 0D 84 E7 00 E6 02 11 5E 00 00 1F C0 00 50 09 3E 00 2D 00 97 00 08 65 45 03 03 F9 E0 78 D9 0C 3A 9B 00 08 75 1D CE AA AA 
Time:	12:48:13,262
Send:	220001

Fixed toLineMF: 03E 62 00 01 02 8C 00 A4 0C 98 00 01 02 02 00 88 00 00 03 BC 00 83 80 30 4C 32 84 3D 02 05 5E 00 00 1F C0 00 50 09 41 00 2D 00 8C 00 00 65 45 03 03 F9 E0 78 D9 0C 3A 9B 00 08 58 1D 9E AA AA 
Receive: 62 00 01 02 8C 00 A4 0C 98 00 01 02 02 00 88 00 00 03 BC 00 83 80 30 4C 32 84 3D 02 05 5E 00 00 1F C0 00 50 09 41 00 2D 00 8C 00 00 65 45 03 03 F9 E0 78 D9 0C 3A 9B 00 08 58 1D 9E AA AA 

Fixed toLineMF: 03E 62 00 01 02 8C 00 A4 0C 98 00 01 02 02 00 88 00 00 03 BC 00 83 80 30 4C 32 84 3D 02 05 5E 00 00 1F C0 00 50 09 41 00 2D 00 8C 00 00 65 45 03 03 F9 E0 78 D9 0C 3A 9B 00 08 58 1D 9E AA AA 
Time:	12:48:13,653
Send:	220001
Receive: 62 00 01 02 8C 00 A4 0C 8C 00 08 01 EE 00 88 00 00 03 A5 00 80 80 A0 4C 9C 81 FD 41 F3 08 84 80 00 E6 02 05 5E 00 00 1F C0 00 50 09 44 00 2D 00 87 00 00 65 45 03 03 F9 E0 78 D9 0C 3A 9B 00 08 74 1D B2 AA AA 
Time:	12:48:14,041
Send:	220001
Receive: 62 00 01 02 8C 00 A4 0C 96 00 07 01 EE 00 88 00 00 03 AF 00 83 80 A6 4C B0 80 1D 41 F3 08 84 44 00 E6 02 11 5E 00 00 1F C0 00 50 09 47 00 2D 00 7C 00 00 65 45 03 03 F9 E0 78 D9 0C 3A 9B 00 08 7D 1D A4 AA AA 
Time:	12:48:14,422
Send:	220001
Receive: 62 00 01 02 8D 00 A4 0C 7C 00 09 01 E7 00 88 00 00 03 AB 00 82 80 9B 4C AA 7E DD 41 F3 08 84 55 00 E6 02 11 5E 00 00 1F C0 00 50 09 4A 00 2D 00 79 00 00 65 45 03 03 F9 E0 78 D9 0C 3A 9B 00 08 76 1D E0 AA AA 
Time:	12:48:14,813
Send:	220001

Fixed toLineMF: 03E 62 00 01 02 8C 00 A4 0C 6C 00 04 01 F5 82 80 30 4C 51 81 DD 41 F3 08 84 09 00 E6 02 11 5E 00 00 1F C0 00 50 09 4C 00 2D 00 79 00 00 65 45 03 03 F9 E0 78 D9 0C 3A 9B 00 08 8B 1E 1B AA AA 
Receive: 62 00 01 02 8C 00 A4 0C 6C 00 04 01 F5 82 80 30 4C 51 81 DD 41 F3 08 84 09 00 E6 02 11 5E 00 00 1F C0 00 50 09 4C 00 2D 00 79 00 00 65 45 03 03 F9 E0 78 D9 0C 3A 9B 00 08 8B 1E 1B AA AA 

Fixed toLineMF: 03E 62 00 01 02 8C 00 A4 0C 6C 00 04 01 F5 82 80 30 4C 51 81 DD 41 F3 08 84 09 00 E6 02 11 5E 00 00 1F C0 00 50 09 4C 00 2D 00 79 00 00 65 45 03 03 F9 E0 78 D9 0C 3A 9B 00 08 8B 1E 1B AA AA 
Time:	12:48:15,198
Send:	220001
Receive: 62 00 01 02 8D 00 A4 0C 70 00 06 02 02 00 88 00 00 03 C2 00 83 80 2B 4C 30 83 BD 41 F3 08 83 D1 00 E6 02 3F 5E 00 00 1F C0 00 50 09 4F 00 2D 00 7C 00 00 65 45 03 03 F9 E0 78 D9 0C 3A 9B 00 08 9C 1E 17 AA AA 
Time:	12:48:15,582
Send:	220001
Receive: 62 00 01 02 8C 00 A4 0C 82 00 04 02 04 00 88 00 00 03 D3 00 88 80 A0 4C A1 80 FD 41 F3 08 83 6C 00 E6 02 3F 5E 00 00 1F C0 00 50 09 4F 00 2D 00 79 00 00 65 45 03 03 F9 E0 78 D9 0C 3A 9B 00 08 A3 1E 19 AA AA 
Time:	12:48:15,984
Send:	220001
Receive: 62 00 01 02 8C 00 A4 0C 7E 00 06 01 EF 00 88 00 00 03 BE 00 84 80 A3 4C A9 7F 3D 41 F3 08 83 E7 00 E6 02 11 5E 00 00 1F C0 00 50 09 52 00 2D 00 74 00 00 65 45 03 03 F9 E0 78 D9 0C 3A 9B 00 08 B1 1E 06 AA AA 
Time:	12:48:16,423
Send:	220001
Receive: 62 00 01 02 8C 00 A4 0C 60 00 0D 01 E7 00 8B 00 00 03 BB 00 82 80 2D 4C 94 7D 9D 41 F3 08 83 FC 00 E6 02 11 5E 00 00 1F C0 00 50 09 55 00 2D 00 79 00 00 65 45 03 03 F9 E0 78 D9 0C 3A 9B 00 08 B1 1E 3C AA AA 
Time:	12:48:16,805
Send:	220001
Receive: 62 00 01 02 8C 00 A4 0C 70 00 05 02 12 00 88 00 00 03 DD 00 88 80 29 4C 2B 82 5D 41 F3 08 83 2D 00 E6 02 11 5E 00 00 1F C0 00 50 09 58 00 2D 00 7F 00 00 65 45 03 03 F9 E0 78 D9 0C 3A 9B 00 08 B6 1E 93 AA AA 
Time:	12:48:17,197
Send:	220001
Receive: 62 00 01 02 8D 00 A4 0C 82 00 0C 02 17 00 88 00 00 03 E9 00 8D 80 39 4C 33 84 5D 41 F3 08 82 EA 00 E6 02 3F 5E 00 00 1F C0 00 50 09 5B 00 2D 00 7C 00 00 65 45 03 01 F9 C0 78 D9 0C 3A 9B 00 08 C3 1E 79 AA AA 
Time:	12:48:17,595
Send:	220001
Receive: 62 00 01 02 8C 00 A4 0C 8A 00 07 01 FC 00 88 00 00 03 D5 00 8A 80 A0 4C A7 7E DD 41 F3 08 83 5F 00 E6 02 3F 5E 00 00 1F C0 00 50 09 5E 00 2D 00 74 00 00 65 45 03 01 F9 C0 78 D9 0C 3A 9B 00 08 CF 1E 34 AA AA 
Time:	12:48:17,985
Send:	220001
Receive: 62 00 01 02 8C 00 A4 0C 72 00 05 02 10 00 88 00 00 03 F8 00 8A 80 9E 4C AA 7C DD 41 F3 08 82 92 00 E6 02 3F 5E 00 00 1F C0 00 50 09 60 00 2E 00 74 00 00 65 45 03 03 F9 E0 78 D9 0C 3A 9B 00 09 26 1E F2 AA AA 
Time:	12:48:18,381
Send:	220001
Receive: 62 00 01 02 8C 00 A4 0C 78 00 03 02 0A 00 86 00 00 03 EB 00 88 80 2F 4C 3E 7F DD 41 F3 08 82 DD 00 E6 02 3F 5E 00 00 1F C0 00 50 09 63 00 2E 00 74 00 00 65 45 03 03 F9 E0 78 D9 0C 3A 9B 00 08 CE 1E 90 AA AA 
Time:	12:48:18,774
Send:	220001
Receive: 62 00 01 02 8C 00 A4 0C 7A 00 00 02 07 00 83 00 00 03 D4 00 86 80 32 4C 47 81 BD 41 F3 08 83 63 00 E6 02 3F 5E 00 00 1F C0 00 50 09 64 00 2E 00 71 00 00 65 45 03 03 F9 E0 78 D9 0C 3A 9B 00 08 A4 1E 39 AA AA 
Time:	12:48:19,162
Send:	220001
Receive: 62 00 01 02 8C 00 A4 0C 74 00 09 01 EB 00 83 00 00 03 BA 00 82 80 9F 4C A6 7D 7D 41 F3 08 83 FC 00 E6 02 11 5E 00 00 1F C0 00 50 09 67 00 2E 00 71 00 00 65 45 03 03 F9 E0 78 D9 0C 3A 9B 00 08 9E 1D FC AA AA 
Time:	12:48:19,562
Send:	220001
Receive: 62 00 01 02 8C 00 A4 0C 62 00 09 01 FA 00 83 00 00 03 BD 00 82 80 35 4C 9D 80 5D 41 F3 08 83 EB 00 E6 02 11 5E 00 00 1F C0 00 50 09 6A 00 2E 00 74 00 00 65 45 03 03 F9 E0 78 D9 0C 3A 9B 00 08 85 1D E8 AA AA 
Time:	12:48:19,942
Send:	220001
Receive: 62 00 01 02 8D 00 A4 0C F4 00 00 02 71 00 9C 00 00 04 6C 00 AB 80 2D 4C 2E 82 7D 41 F3 08 82 D9 00 E6 03 05 5E 00 00 1F C0 00 5A 09 6A 00 2E 00 49 00 10 65 45 03 07 F9 E0 78 D9 0C 3A 9B 00 0A 3A 20 A9 AA AA 
Time:	12:48:20,384
Send:	220001
Receive: 62 00 01 02 8D 00 A4 0D F4 00 00 02 25 00 86 00 00 04 0A 00 A0 80 B7 4C B5 7E 9D 41 F3 08 82 26 00 E6 03 05 5E 00 00 1F C0 00 5A 09 6A 00 2E 00 33 00 00 65 45 03 05 F9 C0 78 D9 0C 3A 9B 00 09 2B 1D DA AA AA 
Time:	12:48:20,773
Send:	220001
Receive: 62 00 01 02 8D 00 A4 0E 12 00 07 02 02 00 BA 0A 61 03 CE 00 97 80 BB 4C C2 7C 5D 41 F3 08 83 85 00 E6 03 05 5E 17 07 1F C0 00 64 09 6A 00 2E 00 2B 00 00 65 45 03 05 FC C2 78 D9 0C 3A 9B 00 0A 52 20 E0 AA AA 
Time:	12:48:21,173
Send:	220001
Receive: 62 00 01 02 8D 00 A4 0F 16 00 00 04 2F 01 AE 0C E1 07 28 01 3C 80 B7 4C C2 79 7D 41 F3 08 86 8F 00 E6 03 7C 5F 1A 22 1F C0 00 8C 09 6A 00 2E 00 2B 03 82 65 45 03 05 7C C2 78 D9 0C 3A 9B 00 10 AE 2F 4A AA AA 
Time:	12:48:21,563
Send:	220001
Receive: 62 00 01 02 87 00 A4 0E 36 00 ED 06 44 03 9E 0C 75 0A B0 01 9D 80 BB 4C C5 75 DD 41 F3 08 86 8A 00 E6 03 7C 5F 46 5F 1F C0 00 96 09 6A 00 2E 00 2B 08 8F 65 45 03 05 3C CA 78 D9 0C 3A 9B 00 19 3F 3D E1 AA AA 
Time:	12:48:21,954
Send:	220001
Receive: 62 00 01 02 85 00 A4 0E 14 02 F0 05 9C 03 22 0A 61 0A B9 01 BE 80 BE 4C C6 72 5D 41 F3 08 86 8A 00 E6 06 C8 5F 7B 75 1F C0 00 96 09 6A 00 2E 00 2B 08 00 65 45 03 05 3C C2 78 D9 0C 3A 9B 00 17 E4 3C DC AA AA 
Time:	12:48:22,352
Send:	220001
Receive: 62 00 01 02 8C 00 A4 12 10 03 F6 05 3F 03 4A 09 8F 0A 56 02 18 80 BD 4C C6 6E 1D 41 F3 08 89 13 00 E6 06 C8 5F 60 EA 1F C0 00 94 09 6A 00 2E 00 2B 03 9A 65 45 03 05 3C CA 78 D9 0C 3A 9B 00 17 D7 3C 03 AA AA 
Time:	12:48:22,752
Send:	220001
Receive: 62 00 01 02 8D 00 A4 12 AC 04 F7 05 26 03 3D 04 FA 0A 91 02 32 80 BC 4C C6 69 BD 41 F3 08 89 6A 00 E6 06 C8 5E 79 B3 1F C0 00 85 09 6A 00 2E 00 2B 01 9D 65 45 03 05 3C C2 78 D9 0C 3A 9B 00 18 30 3C 53 AA AA 
Time:	12:48:23,142
Send:	220001
Receive: 62 00 01 02 8C 00 A4 12 86 06 F8 04 F5 03 36 04 FA 0A 67 02 1A 80 B0 4C C0 65 9D 41 F3 08 89 21 00 E6 08 00 5E 83 6D 1F C0 00 85 09 68 00 2E 00 2B 01 8D 65 45 03 05 3C C2 78 D9 0C 3A 9B 00 17 E6 3C 1F AA AA 
Time:	12:48:23,532
Send:	220001
Receive: 62 00 01 02 8C 00 A4 12 9E 07 F4 04 79 02 EB 04 8F 0A 46 02 33 80 A5 4C B6 61 3E 41 F3 08 8A 0C 00 E6 08 00 5E A1 81 1F C0 00 82 09 68 00 2E 00 2B 00 D5 65 45 03 05 3C C2 78 D9 0C 3A 9B 00 17 40 3B 89 AA AA 
Time:	12:48:23,942
Send:	220001
Receive: 62 00 01 02 8D 00 A4 14 D4 07 00 03 8B 01 AE 04 FA 08 1F 01 FA 80 25 4C 2B 65 5D 41 F3 08 8C 9F 00 E6 06 F9 5E 41 F5 1F C0 00 85 09 66 00 2E 00 2B FF DB 65 45 03 05 3C C2 78 D9 0C 3A 9B 00 12 E4 31 8C AA AA 
Time:	12:48:24,332
Send:	220001
Receive: 62 00 01 02 8D 00 A4 15 28 08 05 02 03 00 DB 03 51 05 44 01 37 80 23 4C 28 69 7D 41 F3 08 86 D1 00 E6 06 F9 5D 2D 9B 1F C0 00 67 09 66 00 2E 00 2B FF 59 65 45 03 05 7C C2 78 D9 0C 3A 9B 00 0C 88 24 4A AA AA 
Time:	12:48:24,729
Send:	220001
Receive: 62 00 01 02 8D 00 A4 15 50 08 05 01 B9 00 D1 04 8F 04 5A 01 09 80 20 4C 24 6B FD 41 F3 08 87 C7 00 E6 06 F9 5D 2B D4 1F C0 00 5A 09 65 00 2E 00 2B FD 68 65 45 03 05 7C C0 78 D9 0C 3A 9B 00 09 5A 1B C5 AA AA 
Time:	12:48:25,132
Send:	220001
Receive: 62 00 01 02 8D 00 A4 14 5A 08 08 01 98 00 CE 04 8F 03 B4 00 D2 80 20 4C 24 6F 7D 41 F3 08 85 DF 00 E6 02 9D 5D 2A 12 1F C0 00 5A 09 63 00 2E 00 2B FE 10 65 45 03 05 7C C0 78 D9 0C 3A 9B 00 08 83 1A D8 AA AA 
Time:	12:48:25,542
Send:	220001
Receive: 62 00 01 02 8D 00 A4 12 C2 07 08 01 9E 00 CC 00 00 03 80 00 B0 80 1F 4C 22 71 DD 41 F3 08 85 AB 00 E6 02 9D 5D 28 4B 1F C0 00 5A 09 63 00 2E FF FE FF 08 65 45 03 05 7D C0 78 D9 0C 3A 9B 00 08 28 1B 63 AA AA 
Time:	12:48:25,947
Send:	220001
Receive: 62 00 01 02 8A 00 A4 10 36 07 FE 01 FC 00 CC 00 00 04 0C 00 AE 80 20 4C 23 74 3D 41 F3 08 82 1E 00 E6 02 6C 5D 27 6A 1F C0 00 5A 09 63 00 2E FF FE FF D8 65 45 03 05 7D C0 78 D9 0C 3A 9B 00 09 7A 1E 5C AA AA 
Time:	12:48:26,336
Send:	220001
Receive: 62 00 01 02 85 00 A5 0E DE 06 F9 02 43 00 BA 00 00 04 76 00 BA 80 24 4C 26 76 BD 41 F3 08 82 FA 00 E6 02 6C 5D 25 A3 1F C0 00 5A 09 63 00 2E FF FE FF F3 65 45 03 07 7D E0 78 D9 0C 3A 9B 00 0A 49 20 73 AA AA 
Time:	12:48:26,733
Send:	220001
Receive: 62 00 01 02 88 00 A5 0E 62 05 07 02 1E 00 9F 00 00 04 40 00 A9 80 6B 4C 3D 79 3D 41 F3 08 82 58 00 E6 02 6C 5D 24 C2 1F C0 00 5A 09 63 00 2E 00 00 00 00 65 45 03 07 7D E0 78 D9 0C 3A 9B 00 09 B9 1F 4B AA AA 
Time:	12:48:27,138
Send:	220001
Receive: 62 00 01 02 8C 00 A5 0E 18 03 09 01 FA 00 92 00 00 04 1F 00 A0 80 A5 4C AD 74 1D 41 F3 08 81 F4 00 E6 02 53 5D 22 FB 1F C0 00 5A 09 64 00 2E 00 05 00 00 65 45 03 07 7D E0 78 D9 0C 3A 9B 00 09 6F 1E CD AA AA 
Time:	12:48:27,542
Send:	220001

Fixed toLineMF: 037 62 00 01 02 8D 00 A5 0E 04 03 07 02 20 00 90 1D B8 04 55 00 A9 80 95 4C AD 75 FD 41 F3 08 82 96 00 E6 02 53 5D 22 FB 1F C0 00 64 09 65 00 2E 00 08 00 00 65 45 03 05 
Receive: 62 00 01 02 8D 00 A5 0E 04 03 07 02 20 00 90 1D B8 04 55 00 A9 80 95 4C AD 75 FD 41 F3 08 82 96 00 E6 02 53 5D 22 FB 1F C0 00 64 09 65 00 2E 00 08 00 00 65 45 03 05 

Fixed toLineMF: 037 62 00 01 02 8D 00 A5 0E 04 03 07 02 20 00 90 1D B8 04 55 00 A9 80 95 4C AD 75 FD 41 F3 08 82 96 00 E6 02 53 5D 22 FB 1F C0 00 64 09 65 00 2E 00 08 00 00 65 45 03 05 
Time:	12:48:27,904
Send:	220001
Receive: 62 00 01 02 8C 00 A5 10 06 02 F2 04 E3 02 41 28 BD 08 5D 01 91 80 39 4C 50 78 7D 41 F3 08 88 C5 00 E6 02 53 5D 30 43 1F C0 00 82 09 65 00 2E 00 08 01 1E 65 45 03 05 7C CA 78 D9 0C 3A 9B 00 14 44 35 98 AA AA 
Time:	12:48:28,323
Send:	220001

Fixed toLineMF: 03E 62 00 01 02 8D 00 A5 1C 4C 02 06 04 77 02 79 2E FA 08 A3 02 F2 80 96 4C B5 70 9D 41 F3 08 8F DD 00 E6 07 61 5E 31 24 1F C0 07 FD F3 65 45 03 05 7C C2 78 D9 0C 3A 9B 00 12 BF 2D 8E AA AA 
Receive: 62 00 01 02 8D 00 A5 1C 4C 02 06 04 77 02 79 2E FA 08 A3 02 F2 80 96 4C B5 70 9D 41 F3 08 8F DD 00 E6 07 61 5E 31 24 1F C0 07 FD F3 65 45 03 05 7C C2 78 D9 0C 3A 9B 00 12 BF 2D 8E AA AA 

Fixed toLineMF: 03E 62 00 01 02 8D 00 A5 1C 4C 02 06 04 77 02 79 2E FA 08 A3 02 F2 80 96 4C B5 70 9D 41 F3 08 8F DD 00 E6 07 61 5E 31 24 1F C0 07 FD F3 65 45 03 05 7C C2 78 D9 0C 3A 9B 00 12 BF 2D 8E AA AA 
Time:	12:48:28,711
Send:	220001
Receive: 62 00 01 02 8D 00 A5 1F F6 04 0B 03 05 01 C7 21 42 06 59 02 32 80 B6 4C BA 6E 3D 41 F3 08 90 42 00 E6 07 61 5E 29 31 1F C0 00 96 09 04 00 2E 00 07 FD 23 65 45 03 05 7C C2 78 D9 0C 3A 9B 00 0C EC 23 CC AA AA 
Time:	12:48:29,112
Send:	220001
Receive: 62 00 01 02 8C 00 A5 19 0E 06 0E 03 B8 01 F4 1E C2 07 07 01 C8 80 24 4C 27 71 1D 41 F3 08 8A ED 00 E6 05 A5 5E 2B D4 1F C0 00 96 09 66 00 2E 00 08 FF FB 65 45 03 05 7C C2 78 D9 0C 3A 9B 00 11 22 2D 9D AA AA 
Time:	12:48:29,505
Send:	220001
Receive: 62 00 01 02 8A 00 A5 15 FE 08 FD 04 BB 02 47 1E 8A 09 2A 02 5E 80 AD 4C A9 6F 9D 41 F3 08 8F 41 00 E6 05 A5 5E 49 ED 1F C0 00 96 09 66 00 2E 00 08 00 F0 65 45 03 05 7C C2 78 D9 0C 3A 9B 00 13 9C 32 2D AA AA 
Time:	12:48:29,904
Send:	220001
Receive: NO DATA
Time:	12:48:30,190
Send:	220001
Receive: NO DATA
Time:	12:48:30,483
Send:	220001
Receive: NO DATA
Time:	12:48:30,769
Send:	220001
Receive: NO DATA
Time:	12:48:31,050
Send:	220001
Receive: NO DATA
Time:	12:48:31,326
Send:	220001
Receive: NO DATA
Time:	12:48:31,650
Send:	220001
Receive: NO DATA
Time:	12:48:31,967
Send:	220001

Fixed toLineMF: 03E 62 00 01 02 8C 00 00 B0 0E 1E 03 E6 00 A0 80 26 4C 26 76 DD 41 F3 08 82 FA 00 E6 02 32 5D 24 C2 1F C0 00 64 09 65 00 2E 01 00 00 00 65 45 03 05 7C C0 78 D9 0C 3A 9B 00 09 11 1D 95 AA AA 
Receive: 62 00 01 02 8C 00 00 B0 0E 1E 03 E6 00 A0 80 26 4C 26 76 DD 41 F3 08 82 FA 00 E6 02 32 5D 24 C2 1F C0 00 64 09 65 00 2E 01 00 00 00 65 45 03 05 7C C0 78 D9 0C 3A 9B 00 09 11 1D 95 AA AA 

Fixed toLineMF: 03E 62 00 01 02 8C 00 00 B0 0E 1E 03 E6 00 A0 80 26 4C 26 76 DD 41 F3 08 82 FA 00 E6 02 32 5D 24 C2 1F C0 00 64 09 65 00 2E 01 00 00 00 65 45 03 05 7C C0 78 D9 0C 3A 9B 00 09 11 1D 95 AA AA 
Time:	12:48:32,354
Send:	220001
Receive: 62 00 01 02 8D 00 A5 10 96 03 F6 05 16 02 5D 1D 19 08 C3 01 D4 80 A6 4C 94 75 7D 41 F3 08 89 9D 00 E6 02 32 5E 3A E3 1F C0 00 8C 09 66 00 2E 01 00 01 97 65 45 03 05 7C CA 78 D9 0C 3A 9B 00 14 A6 36 3C AA AA 
Time:	12:48:32,751
Send:	220001
Receive: 62 00 01 02 8D 00 A5 1B 98 03 0B 02 FF 01 B8 09 8F 06 1C 02 01 80 B0 4C BD 70 5D 41 F3 08 8F 37 00 E6 02 32 5E 2A F3 1F C0 00 94 09 2B 00 2E 00 FA FE 31 65 45 03 05 7C C2 78 D9 0C 3A 9B 00 0E 27 26 84 AA AA 
Time:	12:48:33,142
Send:	220001
Receive: 62 00 01 02 8D 00 A5 1E D6 04 0D 01 C4 01 1C 06 A3 03 DD 01 48 80 AD 4C AC 70 BD 41 F3 08 8F 37 00 E6 06 D3 5E 2A F3 1F C0 00 8B 09 17 00 2E 00 F8 FD 42 65 45 03 05 7C C0 78 D9 0C 3A 9B 00 08 5F 18 01 AA AA 
Time:	12:48:33,562
Send:	220001

Fixed toLineMF: 03E 62 00 01 02 8B 00 A5 17 2C 04 12 01 6B 00 CE 00 00 02 F6 00 B1 80 1E 4C 23 73 BD 41 F3 08 88 E5 00 E6 06 D3 5E 2B D4 1F C0 00 70 09 66 00 2E 01 26 FF 9F 65 45 03 05 7D C8 78 D9 0C 3A 9B 
Receive: 62 00 01 02 8B 00 A5 17 2C 04 12 01 6B 00 CE 00 00 02 F6 00 B1 80 1E 4C 23 73 BD 41 F3 08 88 E5 00 E6 06 D3 5E 2B D4 1F C0 00 70 09 66 00 2E 01 26 FF 9F 65 45 03 05 7D C8 78 D9 0C 3A 9B 

Fixed toLineMF: 03E 62 00 01 02 8B 00 A5 17 2C 04 12 01 6B 00 CE 00 00 02 F6 00 B1 80 1E 4C 23 73 BD 41 F3 08 88 E5 00 E6 06 D3 5E 2B D4 1F C0 00 70 09 66 00 2E 01 26 FF 9F 65 45 03 05 7D C8 78 D9 0C 3A 9B 
Time:	12:48:33,948
Send:	220001
Receive: 62 00 01 02 83 00 A5 10 2C 05 09 02 5A 00 F6 04 FA 04 42 00 94 80 21 4C 24 75 BD 41 F3 08 82 5C 00 E6 02 58 5E 2C BA 1F C0 00 70 09 66 00 2E 02 21 01 33 65 45 03 05 7C CA 78 D9 0C 3A 9B 00 0A 43 22 0A AA AA 
Time:	12:48:34,352
Send:	220001

Fixed toLineMF: 037 62 00 01 02 83 00 A5 0E 7C 04 D9 06 2A 05 80 26 4C 26 78 FD 41 F3 08 87 8D 00 E6 00 96 09 67 00 2E 02 21 06 42 65 45 03 05 BC CA 78 D9 0C 3A 9B 00 17 90 3C 97 AA AA 
Receive: 62 00 01 02 83 00 A5 0E 7C 04 D9 06 2A 05 80 26 4C 26 78 FD 41 F3 08 87 8D 00 E6 00 96 09 67 00 2E 02 21 06 42 65 45 03 05 BC CA 78 D9 0C 3A 9B 00 17 90 3C 97 AA AA 

Fixed toLineMF: 037 62 00 01 02 83 00 A5 0E 7C 04 D9 06 2A 05 80 26 4C 26 78 FD 41 F3 08 87 8D 00 E6 00 96 09 67 00 2E 02 21 06 42 65 45 03 05 BC CA 78 D9 0C 3A 9B 00 17 90 3C 97 AA AA 
Time:	12:48:34,733
Send:	220001
Receive: 62 00 01 02 8B 00 A4 13 98 04 F8 02 72 00 72 00 00 05 EB 01 6B 80 B3 4C BF 72 9D 41 F3 08 88 C0 00 E6 02 58 5E 84 4E 1F C0 00 78 09 67 00 2E 02 3A FF 69 65 45 03 05 BD CA 78 D9 0C 3A 9B 00 0E 27 26 E5 AA AA 
Time:	12:48:35,121
Send:	220001
Receive: 62 00 01 02 8D 00 A4 15 12 04 02 01 77 00 A6 00 00 03 EA 00 E3 80 26 4C B0 71 1D 41 F3 08 86 5E 00 E6 03 A7 5E 7A 94 1F C0 00 5A 09 67 00 2E 02 1C FE 79 65 45 03 05 FD C8 78 D9 0C 3A 9B 00 08 6B 1A CD AA AA 
Time:	12:48:35,501
Send:	220001
Receive: 62 00 01 02 8C 00 A4 12 98 04 17 01 71 00 AE 00 00 03 59 00 A6 80 1F 4C 22 76 9D 41 F3 08 86 25 00 E6 03 A7 5E 79 B3 1F C0 00 5A 09 67 00 2E 02 19 FF 1B 65 45 03 05 FD C0 78 D9 0C 3A 9B 00 07 D0 1A A5 AA AA 
Time:	12:48:35,902
Send:	220001
Receive: 62 00 01 02 8C 00 A4 10 86 03 0F 01 AB 00 AB 00 00 03 B4 00 A3 80 1F 4C 22 78 DD 41 F3 08 84 26 00 E6 03 A7 5E 77 EC 1F C0 00 5A 09 66 00 2E 02 0E FF AA 65 45 03 07 FD E0 78 D9 0C 3A 9B 00 08 D4 1C D9 AA AA 
Time:	12:48:36,291
Send:	220001
Receive: 62 00 01 02 8C 00 A4 0F 32 02 08 01 D4 00 A1 00 00 03 FD 00 A6 80 21 4C 24 7B 1D 41 F3 08 82 71 00 E6 01 FB 5E 76 2A 1F C0 00 5A 09 66 00 2E 02 37 FF F3 65 45 03 07 FD E0 78 D9 0C 3A 9B 00 09 46 1E 16 AA AA 
Time:	12:48:36,682
Send:	220001
Receive: 62 00 01 02 88 00 A4 0E A2 00 0A 01 D5 00 90 00 00 03 EF 00 A0 80 22 4C 24 7D 5D 41 F3 08 82 C4 00 E6 01 FB 5E 75 44 1F C0 00 5A 09 66 00 2E 02 55 00 00 65 45 03 07 FD E0 78 D9 0C 3A 9B 00 09 0B 1D 9C AA AA 
Time:	12:48:37,062
Send:	220001
Receive: 62 00 01 02 89 00 A4 0E 56 00 0E 01 E0 00 8D 00 00 03 EF 00 9D 80 23 4C 26 7F 9D 41 F3 08 82 C0 00 E6 01 FF 5E 73 82 1F C0 00 5A 09 67 00 2E 02 68 00 00 65 45 03 05 FD C0 78 D9 0C 3A 9B 00 09 16 1D BD AA AA 
Time:	12:48:37,468
Send:	220001
Receive: 62 00 01 02 8A 00 A4 0E 32 00 0A 04 28 03 09 20 38 06 3F 01 01 80 28 4C 29 81 FD 41 F3 08 86 48 00 E6 01 FF 5E 58 F7 1F C0 00 78 09 67 00 2E 02 6A 01 CB 65 45 03 05 FC C2 78 D9 0C 3A 9B 00 12 EE 34 22 AA AA 
Time:	12:48:37,884
Send:	220001
Receive: 62 00 01 02 8A 00 A4 13 54 00 F8 07 4F 03 F8 1F FF 0C 10 02 D5 80 BD 4C BF 7D 9D 41 F3 08 8C 52 00 E6 01 FF 5E FA 00 1F C0 00 96 09 68 00 2E 02 6B 01 A8 65 45 03 05 BC C2 78 D9 0C 3A 9B 00 19 9D 3B F0 AA AA 
Time:	12:48:38,303
Send:	220001
Receive: 62 00 01 02 8A 00 A4 16 FE 01 FF 04 3C 02 06 15 9E 08 75 02 2C 80 B6 4C C3 78 BD 41 F3 08 8E DD 00 E6 0D 67 5E FA 00 1F C0 00 96 09 69 00 2E 02 6B 00 00 65 45 03 05 BC C2 78 D9 0C 3A 9B 00 12 B3 30 CA AA AA 
Time:	12:48:38,704
Send:	220001
Receive: 62 00 01 02 8A 00 A4 18 50 03 FB 01 BF 00 88 00 00 04 B4 01 47 80 27 4C AC 74 FD 41 F3 08 8B 34 00 E6 0D 67 5E 9E DE 1F C0 00 78 09 69 00 2E 02 11 FE C4 65 45 03 05 FD C0 78 D9 0C 3A 9B 00 09 3D 1B 47 AA AA 
Time:	12:48:39,112
Send:	220001
Receive: 62 00 01 02 8A 00 A4 14 72 03 25 01 16 00 6D 00 00 02 E3 00 9B 80 1D 4C 22 7A 7D 41 F3 08 88 3D 00 E6 02 22 5E 9D 17 1F C0 00 5A 09 68 00 2E 01 FC FE 70 65 45 03 05 FD C0 78 D9 0C 3A 9B 00 06 56 17 0C AA AA 
Time:	12:48:39,515
Send:	220001
Receive: 62 00 01 02 88 00 A4 11 24 02 1D 02 A7 01 2F 10 33 04 91 00 DB 80 1D 4C 20 7C 9D 41 F3 08 84 0D 00 E6 02 22 5E 53 A7 1F C0 00 82 09 67 00 2E 02 11 01 46 65 45 03 05 FC C0 78 D9 0C 3A 9B 00 0B 22 22 B8 AA AA 
Time:	12:48:39,902
Send:	220001

Fixed toLineMF: 03E 62 00 01 02 8A 00 A4 15 3E 02 09 03 48 01 7D 11 0A 06 6C 01 9D 80 B4 4C AD 79 FD 02 22 5E 8D 2C 1F C0 00 96 09 67 00 2E 02 11 00 C5 65 45 03 05 FC C2 78 D9 0C 3A 9B 00 0E 80 27 72 AA AA 
Receive: 62 00 01 02 8A 00 A4 15 3E 02 09 03 48 01 7D 11 0A 06 6C 01 9D 80 B4 4C AD 79 FD 02 22 5E 8D 2C 1F C0 00 96 09 67 00 2E 02 11 00 C5 65 45 03 05 FC C2 78 D9 0C 3A 9B 00 0E 80 27 72 AA AA 

Fixed toLineMF: 03E 62 00 01 02 8A 00 A4 15 3E 02 09 03 48 01 7D 11 0A 06 6C 01 9D 80 B4 4C AD 79 FD 02 22 5E 8D 2C 1F C0 00 96 09 67 00 2E 02 11 00 C5 65 45 03 05 FC C2 78 D9 0C 3A 9B 00 0E 80 27 72 AA AA 
Time:	12:48:40,282
Send:	220001
Receive: 62 00 01 02 8A 00 A4 16 44 03 12 01 B0 00 9F 00 00 03 D6 00 E9 80 24 4C 4D 7A DD 41 F3 08 87 B5 00 E6 06 66 5E 83 6D 1F C0 00 6E 09 67 00 2E 02 3F FE BC 65 45 03 05 FD C0 78 D9 0C 3A 9B 00 08 29 18 9F AA AA 
Time:	12:48:40,693
Send:	220001
Receive: 62 00 01 02 8C 00 A4 14 26 02 16 01 34 00 6D 00 00 02 CF 00 96 80 20 4C 23 7D 1D 41 F3 08 88 C5 00 E6 06 66 5E 82 8C 1F C0 00 5A 09 67 00 2E 02 6D FE 89 65 45 03 07 FD E0 78 D9 0C 3A 9B 00 06 37 16 BF AA AA 
Time:	12:48:41,097
Send:	220001
Receive: 62 00 01 02 8C 00 A4 11 A4 00 29 01 4F 00 88 00 00 02 C7 00 87 80 1F 4C 23 7E DD 41 F3 08 87 69 00 E6 01 78 5E 80 C5 1F C0 00 5A 09 67 00 2E 02 85 FF 4B 65 45 03 07 FD E0 78 D9 0C 3A 9B 00 06 BB 18 1E AA AA 
Time:	12:48:41,493
Send:	220001
Receive: 62 00 01 02 8C 00 A4 10 0C 00 0C 01 E0 01 32 16 A8 03 BC 00 A1 80 20 4C 23 80 7D 41 F3 08 83 F3 00 E6 01 78 5E 7E 1D 1F C0 00 64 09 67 00 2E 02 88 00 00 65 45 03 05 FC C0 78 D9 0C 3A 9B 00 09 CD 1F 2F AA AA 
Time:	12:48:41,883
Send:	220001
Receive: 62 00 01 02 8C 00 A4 12 52 00 F9 05 B6 03 09 2F 99 09 5B 02 27 80 B1 4C 94 7F DD 41 F3 08 8B B4 00 E6 01 78 5E FA 00 1F C0 00 8C 09 68 00 2E 02 88 00 33 65 45 03 05 FC CA 78 D9 0C 3A 9B 00 16 F2 38 AA AA AA 
Time:	12:48:42,287
Send:	220001

Fixed toLineMF: 03E 62 00 01 02 8C 00 A4 1A 80 01 03 03 CF 02 2E 26 A8 07 D0 02 61 80 AD 4C B9 7A 7D 41 F3 08 8E 93 00 E6 09 2E 5E FA 00 1F C0 00 96 09 47 00 2E 02 7F FE 96 65 45 03 05 FC C2 78 D9 0C 3A 9B 
Receive: 62 00 01 02 8C 00 A4 1A 80 01 03 03 CF 02 2E 26 A8 07 D0 02 61 80 AD 4C B9 7A 7D 41 F3 08 8E 93 00 E6 09 2E 5E FA 00 1F C0 00 96 09 47 00 2E 02 7F FE 96 65 45 03 05 FC C2 78 D9 0C 3A 9B 

Fixed toLineMF: 03E 62 00 01 02 8C 00 A4 1A 80 01 03 03 CF 02 2E 26 A8 07 D0 02 61 80 AD 4C B9 7A 7D 41 F3 08 8E 93 00 E6 09 2E 5E FA 00 1F C0 00 96 09 47 00 2E 02 7F FE 96 65 45 03 05 FC C2 78 D9 0C 3A 9B 
Time:	12:48:42,665
Send:	220001

Fixed toLineMF: 03E 62 00 01 02 89 00 A5 1B AC 02 0E 02 E0 01 AA 1B 70 05 A1 01 AE 80 21 4C 25 81 3D 09 2E 5E 91 96 1F C0 00 96 09 43 00 2E 02 7E FE 8C 65 45 03 05 FC C2 78 D9 0C 3A 9B 00 0D 47 25 B9 AA AA 
Receive: 62 00 01 02 89 00 A5 1B AC 02 0E 02 E0 01 AA 1B 70 05 A1 01 AE 80 21 4C 25 81 3D 09 2E 5E 91 96 1F C0 00 96 09 43 00 2E 02 7E FE 8C 65 45 03 05 FC C2 78 D9 0C 3A 9B 00 0D 47 25 B9 AA AA 

Fixed toLineMF: 03E 62 00 01 02 89 00 A5 1B AC 02 0E 02 E0 01 AA 1B 70 05 A1 01 AE 80 21 4C 25 81 3D 09 2E 5E 91 96 1F C0 00 96 09 43 00 2E 02 7E FE 8C 65 45 03 05 FC C2 78 D9 0C 3A 9B 00 0D 47 25 B9 AA AA 
Time:	12:48:43,062
Send:	220001
Receive: 62 00 01 02 8D 00 A5 18 8C 04 07 03 7D 01 9F 16 70 06 B0 01 C6 80 B5 4C AD 7F FD 41 F3 08 8A BE 00 E6 07 D2 5E 96 E6 1F C0 00 96 09 69 00 2E 02 88 FF CD 65 45 03 05 FC C2 78 D9 0C 3A 9B 00 0F 26 28 CD AA AA 
Time:	12:48:43,468
Send:	220001
Receive: 62 00 01 02 8D 00 A5 17 94 05 0A 01 94 00 90 00 00 03 AA 00 F1 80 A7 4C B5 7C 1D 41 F3 08 8A 28 00 E6 07 D2 5E 80 C5 1F C0 00 78 09 68 00 2E 02 93 FF 61 65 45 03 05 FD C8 78 D9 0C 3A 9B 00 07 FA 18 21 AA AA 
Time:	12:48:43,873
Send:	220001
Receive: 62 00 01 02 8D 00 A5 15 26 05 0C 01 33 00 7E 00 00 02 C7 00 A1 80 20 4C 27 80 7D 41 F3 08 89 8F 00 E6 07 D2 5E 7F E4 1F C0 00 5A 09 68 00 2E 02 AE FE 17 65 45 03 05 FD C0 78 D9 0C 3A 9B 00 06 21 15 E7 AA AA 
Time:	12:48:44,253
Send:	220001

Fixed toLineMF: 037 62 00 01 02 8D 00 A5 14 A2 05 02 05 0D 02 06 2E 8F 08 19 01 F6 80 23 4C 23 83 5D 41 F3 08 8D F4 00 E6 01 A9 5E CB 1B 1F C0 B9 00 00 65 45 03 05 FC CA 78 D9 0C 3A 9B 
Receive: 62 00 01 02 8D 00 A5 14 A2 05 02 05 0D 02 06 2E 8F 08 19 01 F6 80 23 4C 23 83 5D 41 F3 08 8D F4 00 E6 01 A9 5E CB 1B 1F C0 B9 00 00 65 45 03 05 FC CA 78 D9 0C 3A 9B 

Fixed toLineMF: 037 62 00 01 02 8D 00 A5 14 A2 05 02 05 0D 02 06 2E 8F 08 19 01 F6 80 23 4C 23 83 5D 41 F3 08 8D F4 00 E6 01 A9 5E CB 1B 1F C0 B9 00 00 65 45 03 05 FC CA 78 D9 0C 3A 9B 
Time:	12:48:44,638
Send:	220001

Fixed toLineMF: 03E 62 00 01 02 8D 00 A5 1E 9C 05 25 03 49 01 EA 24 28 06 37 02 33 80 24 4C 2B 82 5D 41 F3 08 90 D1 00 E6 01 A9 5E B7 A2 1F C0 9E FC C1 65 45 03 05 FC C2 78 D9 0C 3A 9B 00 0E 62 24 9A AA AA 
Receive: 62 00 01 02 8D 00 A5 1E 9C 05 25 03 49 01 EA 24 28 06 37 02 33 80 24 4C 2B 82 5D 41 F3 08 90 D1 00 E6 01 A9 5E B7 A2 1F C0 9E FC C1 65 45 03 05 FC C2 78 D9 0C 3A 9B 00 0E 62 24 9A AA AA 

Fixed toLineMF: 03E 62 00 01 02 8D 00 A5 1E 9C 05 25 03 49 01 EA 24 28 06 37 02 33 80 24 4C 2B 82 5D 41 F3 08 90 D1 00 E6 01 A9 5E B7 A2 1F C0 9E FC C1 65 45 03 05 FC C2 78 D9 0C 3A 9B 00 0E 62 24 9A AA AA 
Time:	12:48:45,027
Send:	220001
Receive: 62 00 01 02 8D 00 A5 1D 98 06 28 02 5F 01 91 1C 42 04 E3 01 8A 80 87 4C B5 7C 7D 41 F3 08 8E 17 00 E6 06 D3 5E 8A 84 1F C0 00 5A 09 2D 00 2E 02 A8 FC B5 65 45 03 05 FC C2 78 D9 0C 3A 9B 00 0B 29 20 3A AA AA 
Time:	12:48:45,424
Send:	220001
Receive: 62 00 01 02 8D 00 A5 18 D2 08 0E 03 14 01 6E 1D B8 05 B6 01 7A 80 99 4C 31 7F FD 41 F3 08 8A 4E 00 E6 06 D3 5E 7B 75 1F C0 00 5A 09 67 00 2E 02 B9 FC A0 65 45 03 05 FC C2 78 D9 0C 3A 9B 00 0D 1F 24 65 AA AA 
Time:	12:48:45,823
Send:	220001
Receive: 62 00 01 02 8D 00 A5 18 E4 09 13 03 95 01 EA 2C 0F 07 0A 02 08 80 B0 4C B5 7C 9D 41 F3 08 8C F1 00 E6 06 D3 5E C0 7B 1F C0 00 5A 09 62 00 2E 02 B7 FC A2 65 45 03 05 FC C2 78 D9 0C 3A 9B 00 0E E0 2A 34 AA AA 
Time:	12:48:46,204
Send:	220001
Receive: 62 00 01 02 8D 00 A5 1D 22 0B 22 03 86 02 21 29 8F 06 CB 02 3C 80 21 4C 24 80 9D 41 F3 08 8F 14 00 E6 07 98 5E C5 CB 1F C0 00 5A 09 25 00 2E 02 A6 FC B7 65 45 03 05 FC C2 78 D9 0C 3A 9B 00 0F CF 29 68 AA AA 
Time:	12:48:46,607
Send:	220001
Receive: 62 00 01 02 8D 00 A5 21 60 0C 23 03 8E 02 12 29 8F 06 EF 02 A1 80 B3 4C A7 80 1D 41 F3 08 92 A4 00 E6 07 98 5E D2 2D 1F C0 00 5A 08 E7 00 2E 02 94 FC CE 65 45 03 05 FC C2 78 D9 0C 3A 9B 00 0F BD 26 73 AA AA 
Time:	12:48:47,006
Send:	220001

Fixed toLineMF: 03E 62 00 01 02 8D 00 A5 26 58 0E 21 03 EF 03 06 36 E1 07 C9 03 41 F3 08 93 AC 00 E6 0C CC 5E FA 00 1F C0 00 5A 08 A4 00 2E 02 80 FC E6 65 45 03 01 FC C2 78 D9 0C 3A 9B 00 12 B9 2F 94 AA AA 
Receive: 62 00 01 02 8D 00 A5 26 58 0E 21 03 EF 03 06 36 E1 07 C9 03 41 F3 08 93 AC 00 E6 0C CC 5E FA 00 1F C0 00 5A 08 A4 00 2E 02 80 FC E6 65 45 03 01 FC C2 78 D9 0C 3A 9B 00 12 B9 2F 94 AA AA 

Fixed toLineMF: 03E 62 00 01 02 8D 00 A5 26 58 0E 21 03 EF 03 06 36 E1 07 C9 03 41 F3 08 93 AC 00 E6 0C CC 5E FA 00 1F C0 00 5A 08 A4 00 2E 02 80 FC E6 65 45 03 01 FC C2 78 D9 0C 3A 9B 00 12 B9 2F 94 AA AA 
Time:	12:48:47,403
Send:	220001
Receive: 62 00 01 02 8D 00 A5 2C 7C 10 1F 05 A1 04 70 40 70 0A 16 05 0B 80 20 4C 27 83 1D 41 F3 08 8E 5C 00 E6 0C CC 5E FA 00 1F C0 00 5A 08 7B 00 2E 02 74 FC F4 65 45 03 01 FC C2 78 D9 0C 3A 9B 00 17 DB 35 EB AA AA 
Time:	12:48:47,794
Send:	220001
Receive: 62 00 01 02 8D 00 A5 35 14 14 1D 05 A0 04 72 42 84 0A 8B 06 33 80 AD 4C AD 7F 1D 41 F3 08 8D E6 00 E6 0C CC 5D FA 00 1F C0 00 5A 08 7B 00 2E 02 74 FD 40 65 45 03 01 FC C2 78 D9 0C 3A 9B 00 19 82 33 88 AA AA 
Time:	12:48:48,213
Send:	220001
Receive: 62 00 01 02 8D 00 A5 3B 3C 17 08 02 7F 02 35 00 00 05 D2 04 12 80 C4 4C C9 76 1D 41 F3 08 94 68 00 E6 1D 98 5D F3 CA 1F C0 00 5A 08 7A 00 2E 02 74 FA C5 65 45 03 05 3D CA 78 D9 0C 3A 9B 00 09 14 16 EF AA AA 
Time:	12:48:48,615
Send:	220001

Fixed toLineMF: 03E 62 00 01 02 8D 00 A5 36 22 17 22 01 08 01 23 00 00 02 41 01 5A 80 BC 4C C9 70 5D 41 F3 08 94 37 00 E6 1D 98 5D 70 DA 1F C0 00 5A 08 78 00 2E 02 74 FA 4C 65 45 03 05 00 04 F8 0F 05 AA AA 
Receive: 62 00 01 02 8D 00 A5 36 22 17 22 01 08 01 23 00 00 02 41 01 5A 80 BC 4C C9 70 5D 41 F3 08 94 37 00 E6 1D 98 5D 70 DA 1F C0 00 5A 08 78 00 2E 02 74 FA 4C 65 45 03 05 00 04 F8 0F 05 AA AA 

Fixed toLineMF: 03E 62 00 01 02 8D 00 A5 36 22 17 22 01 08 01 23 00 00 02 41 01 5A 80 BC 4C C9 70 5D 41 F3 08 94 37 00 E6 1D 98 5D 70 DA 1F C0 00 5A 08 78 00 2E 02 74 FA 4C 65 45 03 05 00 04 F8 0F 05 AA AA 
Time:	12:48:49,004
Send:	220001
Receive: 62 00 01 02 8D 00 A5 31 0C 17 2B 02 77 02 F5 29 FA 04 72 02 59 80 21 4C 28 74 BD 41 F3 08 97 A5 00 E6 04 FA 5D FA 00 1F C0 00 5A 08 77 00 2E 02 73 FC F6 65 45 03 05 BC C8 78 D9 0C 3A 9B 00 0C 59 21 AE AA AA 
Time:	12:48:49,393
Send:	220001
Receive: 62 00 01 02 8D 00 A5 26 E0 18 25 03 CB 02 64 29 8F 07 31 02 DF 80 1F 4C 24 7B DD 41 F3 08 94 2D 00 E6 04 FA 5C EB D7 1F C0 00 5A 08 AD 00 2E 02 83 FC E2 65 45 03 05 FC C2 78 D9 0C 3A 9B 00 11 1C 29 30 AA AA 
Time:	12:48:49,823
Send:	220001
Receive: NO DATA
Time:	12:48:50,120
Send:	220001
Receive: NO DATA
Time:	12:48:50,412
Send:	220001
Receive: NO DATA
Time:	12:48:50,705
Send:	220001
Receive: NO DATA
Time:	12:48:51,011
Send:	220001
Receive: NO DATA
Time:	12:48:51,288
Send:	220001
Receive: NO DATA
Time:	12:48:51,637
Send:	220001
Receive: NO DATA
Time:	12:48:51,922
Send:	220001

Fixed toLineMF: 03E 62 00 01 02 8D 00 A6 38 A8 27 16 07 AA 08 32 7B 7A 0E E5 09 5E 80 BB 4C C4 73 DD 41 F3 08 8E 75 00 E6 00 5A 08 72 00 2E 02 72 FD 96 65 45 03 01 BC C2 78 D9 0C 3A 9B 00 21 1D 3B A8 AA AA 
Receive: 62 00 01 02 8D 00 A6 38 A8 27 16 07 AA 08 32 7B 7A 0E E5 09 5E 80 BB 4C C4 73 DD 41 F3 08 8E 75 00 E6 00 5A 08 72 00 2E 02 72 FD 96 65 45 03 01 BC C2 78 D9 0C 3A 9B 00 21 1D 3B A8 AA AA 

Fixed toLineMF: 03E 62 00 01 02 8D 00 A6 38 A8 27 16 07 AA 08 32 7B 7A 0E E5 09 5E 80 BB 4C C4 73 DD 41 F3 08 8E 75 00 E6 00 5A 08 72 00 2E 02 72 FD 96 65 45 03 01 BC C2 78 D9 0C 3A 9B 00 21 1D 3B A8 AA AA 
Time:	12:48:52,316
Send:	220001
Receive: 62 00 01 02 8D 00 A6 3C 62 2A 18 06 98 06 D0 7B 7A 0D E2 09 4B 80 37 4C BB 6F 1D 41 F3 08 8F 19 00 E6 25 98 5B FA 00 1F C0 00 5A 08 71 00 2E 02 71 FD EB 65 45 03 01 BC C2 78 D9 0C 3A 9B 00 1F A8 3A D2 AA AA 
Time:	12:48:52,728
Send:	220001
Receive: 62 00 01 02 8D 00 A6 40 20 2C 13 04 F3 03 F8 00 00 0A 9D 08 20 80 2A 4C 78 78 3D 41 F3 08 8F 5F 00 E6 25 98 5B FA 00 1F C0 00 5A 08 7E 00 2E 02 75 FB 35 65 45 03 01 3D CA 78 D9 0C 3A 9B 00 0F D5 24 E9 AA AA 
Time:	12:48:53,133
Send:	220001
Receive: 62 00 01 02 8D 00 A6 3A 6C 2D 15 01 1F 01 34 00 00 02 8C 01 A5 80 BD 4C C9 6E BD 41 F3 08 93 A2 00 E6 03 A7 5A 78 D2 1F C0 00 5A 08 6D 00 2E 02 70 FA B7 65 45 03 05 3D C8 78 D9 0C 3A 9B 00 05 DD 0E F6 AA AA 
Time:	12:48:53,533
Send:	220001
Receive: 62 00 01 02 8D 00 A6 31 E6 2D 2B 02 F9 02 E1 29 C7 04 AC 02 3F 78 B2 4C C3 7D 1D 41 F3 08 97 30 00 E6 03 A7 5A 73 82 1F C0 00 5A 08 6C 00 2E 02 70 FC FA 65 45 03 05 3C C8 78 D9 0C 3A 9B 00 0A 2F 1C 7F AA AA 
Time:	12:48:53,943
Send:	220001
Receive: 62 00 01 02 8D 00 A6 2A 88 2D 23 05 98 04 32 3D 84 09 18 04 20 7B 2F 4C 3D 82 DD 41 F3 08 90 1F 00 E6 0D F5 5A 95 1F 1F C0 00 5A 08 6C 00 2E 02 70 FC FA 65 45 03 05 7C C2 78 D9 0C 3A 9B 00 14 33 32 53 AA AA 
Time:	12:48:54,334
Send:	220001
Receive: 62 00 01 02 8D 00 A6 2B 6E 2F 17 07 E3 07 CC 51 7A 0D 11 06 47 75 9C 4C 5C 85 5D 41 F3 08 8F 00 00 E6 0D F5 5A FA 00 1F C0 00 5A 08 6C 00 2E 02 70 FC FA 65 45 03 05 BC C2 78 D9 0C 3A 9B 00 1D 73 3D C9 AA AA 
Time:	12:48:54,733
Send:	220001
Receive: 62 00 01 02 8D 00 A6 2C 90 30 19 06 EA 06 F1 5F 9E 0C A8 06 43 77 AF 4C BB 7C 1D 41 F3 08 8E 9C 00 E6 0D F5 5A FA 00 1F C0 00 5A 08 6D 00 2E 02 70 FC FA 65 45 03 01 BC C2 78 D9 0C 3A 9B 00 1C D5 3D 30 AA AA 
Time:	12:48:55,136
Send:	220001

Fixed toLineMF: 03E 62 00 01 02 8D 00 06 80 62 89 0C 7C 06 64 7A 87 4C B7 76 1D 41 F3 08 8E 26 00 E6 1A 3D 5A FA 00 1F C0 00 5A 08 6C 00 2E 02 70 FC FA 65 45 03 01 BC C2 78 D9 0C 3A 9B 00 1C AC 3C 87 AA AA 
Receive: 62 00 01 02 8D 00 06 80 62 89 0C 7C 06 64 7A 87 4C B7 76 1D 41 F3 08 8E 26 00 E6 1A 3D 5A FA 00 1F C0 00 5A 08 6C 00 2E 02 70 FC FA 65 45 03 01 BC C2 78 D9 0C 3A 9B 00 1C AC 3C 87 AA AA 

Fixed toLineMF: 03E 62 00 01 02 8D 00 06 80 62 89 0C 7C 06 64 7A 87 4C B7 76 1D 41 F3 08 8E 26 00 E6 1A 3D 5A FA 00 1F C0 00 5A 08 6C 00 2E 02 70 FC FA 65 45 03 01 BC C2 78 D9 0C 3A 9B 00 1C AC 3C 87 AA AA 
Time:	12:48:55,536
Send:	220001
Receive: 62 00 01 02 8D 00 A6 2F F2 33 1A 06 B9 06 74 64 99 0C 7E 06 A2 7C 2E 4C 9E 7C 9D 41 F3 08 8D B5 00 E6 1A 3D 5A FA 00 1F C0 00 5A 08 6C 00 2E 02 70 FC FA 65 45 03 01 BC C2 78 D9 0C 3A 9B 00 1C B4 3C 38 AA AA 
Time:	12:48:55,943
Send:	220001
Receive: 62 00 01 02 8D 00 A6 31 8A 35 1A 07 03 06 CB 65 04 0C B7 06 FB 7E 3A 4C B3 7F DD 41 F3 08 8D 44 00 E6 1D 27 5A FA 00 1F C0 00 5A 08 6C 00 2E 02 70 FC FA 65 45 03 01 BC C2 78 D9 0C 3A 9B 00 1D 35 3C 66 AA AA 
Time:	12:48:56,324
Send:	220001
Receive: 62 00 01 02 8D 00 A6 32 8A 37 19 06 FF 06 FD 65 04 0C D7 07 31 7F 94 4C B7 7E 3D 41 F3 08 8D 5D 00 E6 1D 27 5A FA 00 1F C0 00 5A 08 6B 00 2E 02 70 FD 06 65 45 03 01 BC C2 78 D9 0C 3A 9B 00 1D 99 3C B3 AA AA 
Time:	12:48:56,724
Send:	220001
Receive: 62 00 01 02 8D 00 A6 34 1E 38 19 06 E2 07 43 65 04 0D 03 07 7F 80 5F 4C BD 7F 7D 41 F3 08 8D A1 00 E6 1D 27 59 FA 00 22 94 00 5A 08 6A 00 2E 02 6F FD 2B 65 45 03 01 BC C2 78 D9 0C 3A 9B 00 1D E7 3C C8 AA AA 
Time:	12:48:57,123
Send:	220001
Receive: NO DATA
Time:	12:48:57,404
Send:	220001
Receive: NO DATA
Time:	12:48:57,701
Send:	220001
Receive: NO DATA
Time:	12:48:57,979
Send:	220001
Receive: NO DATA
Time:	12:48:58,270
Send:	220001
Receive: NO DATA
Time:	12:48:58,553
Send:	220001
Receive: NO DATA
Time:	12:48:58,852
Send:	220001
Receive: NO DATA
Time:	12:48:59,136
Send:	220001
Receive: 62 00 01 02 8D 00 A7 29 5E 3D 1D 05 C8 04 F2 40 DB 0A E9 04 D2 80 21 4C 2E 78 9D 41 F3 08 8F 5F 00 E6 0D F5 58 FA 00 22 94 00 5A 08 71 00 2E 02 71 FC F8 65 45 03 05 FC C2 78 D9 0C 3A 9B 00 18 85 39 9C AA AA 
Time:	12:48:59,545
Send:	220001
Receive: 62 00 01 02 8D 00 A7 29 E4 3E 17 06 D4 08 64 5D 1E 0C F5 05 FC 80 AE 4C AE 7A 1D 41 F3 08 8F 5F 00 E6 0D F5 59 FA 00 22 94 00 5A 08 69 00 2E 02 6F FC FB 65 45 03 01 BC C2 78 D9 0C 3A 9B 00 1D A4 3E 4F AA AA 
Time:	12:48:59,933
Send:	220001
Receive: 62 00 01 02 8D 00 A7 2A 82 3F 18 06 75 06 E7 69 99 0C 63 05 CE 80 3B 4C 6B 7B DD 41 F3 08 8F 50 00 E6 17 44 59 FA 00 22 94 00 5A 08 68 00 2E 02 6F FC FC 65 45 03 01 BC C2 78 D9 0C 3A 9B 00 1C 49 3D 7A AA AA 
Time:	12:49:00,323
Send:	220001
Receive: 62 00 01 02 8D 00 A7 2A F6 3F 19 06 76 06 BC 6C B7 0C 4B 05 D6 80 2B 4C 97 7D 9D 41 F3 08 8F 1E 00 E6 17 44 59 FA 00 22 94 00 5A 08 68 00 2E 02 6F FC FB 65 45 03 01 BC C2 78 D9 0C 3A 9B 00 1C 30 3D 2C AA AA 
Time:	12:49:00,723
Send:	220001
Receive: NO DATA
Time:	12:49:01,000
Send:	220001
Receive: NO DATA
Time:	12:49:01,291
Send:	220001
Receive: NO DATA
Time:	12:49:01,587
Send:	220001
Receive: NO DATA
Time:	12:49:01,886
Send:	220001
Receive: NO DATA
Time:	12:49:02,164
Send:	220001
Receive: NO DATA
Time:	12:49:02,458
Send:	220001
Receive: NO DATA
Time:	12:49:02,744
Send:	220001
Receive: 62 00 01 02 8D 00 A8 2F 46 46 1A 06 B6 06 A3 63 5B 0C 8E 06 8E 80 39 4C AD 7F DD 41 F3 08 8D EB 00 E6 1A E1 58 FA 00 25 68 00 5A 08 66 00 2E 02 6E FC FC 65 45 03 01 BC C2 78 D9 0C 3A 9B 00 1C D4 3C AE AA AA 
Time:	12:49:03,149
Send:	220001
Receive: 62 00 01 02 8D 00 A8 2F FC 47 1A 06 F1 06 D8 5D F5 0C AA 06 BB 80 8A 4C BC 7F 7D 41 F3 08 8D BE 00 E6 1E 93 58 FA 00 25 68 00 5A 08 66 00 2E 02 6E FC FC 65 45 03 01 BC C2 78 D9 0C 3A 9B 00 1D 1D 3C D0 AA AA 
Time:	12:49:03,574
Send:	220001
Receive: 62 00 01 02 8D 00 A8 2F E8 47 2D 01 84 01 C2 00 00 03 E1 02 0A 80 AF 4C D2 7B FD 41 F3 08 97 5C 00 E6 1E 93 58 B9 69 25 68 00 5A 08 65 00 2E 02 6E FA 13 65 45 03 01 3D C8 78 D9 0C 3A 9B 00 08 A8 1B C3 AA AA 
Time:	12:49:03,970
Send:	220001
Receive: 62 00 01 02 8D 00 A8 2F AA 47 31 01 76 01 75 00 00 02 E3 01 8A 80 20 4C 2F 83 FD 41 F3 08 95 2A 00 E6 05 B0 58 84 4E 25 68 00 5A 08 64 00 2E 02 6E FA 18 65 45 03 01 7D C8 78 D9 0C 3A 9B 00 06 78 14 19 AA AA 
Time:	12:49:04,363
Send:	220001
Receive: 62 00 01 02 8D 00 A9 2F AC 46 31 01 BD 01 ED 1F 94 03 18 01 A4 80 20 4C 31 89 1D 41 F3 08 95 1F 00 E6 05 B0 58 A5 F0 25 68 00 5A 08 64 00 2E 02 6E FC FD 65 45 03 01 7C C8 78 D9 0C 3A 9B 00 07 96 16 52 AA AA 
Time:	12:49:04,763
Send:	220001
Receive: 62 00 01 02 8D 00 A9 2F B2 46 27 03 80 02 A0 23 56 06 1D 03 39 80 27 4C 35 8F DD 41 F3 08 94 C3 00 E6 05 B0 58 FA 00 25 68 00 5A 08 64 00 2E 02 6E FC FD 65 45 03 01 FC C2 78 D9 0C 3A 9B 00 0D C7 24 C3 AA AA 
Time:	12:49:05,155
Send:	220001
Receive: 62 00 01 02 8D 00 A9 2F 82 46 1F 01 FD 01 B1 00 00 03 79 01 D6 80 26 4C 66 92 5D 41 F3 08 95 56 00 E6 0D 82 58 94 3E 25 68 00 5A 08 65 00 2E 02 6E FA 18 65 45 03 01 7D C8 78 D9 0C 3A 9B 00 07 C6 17 43 AA AA 
Time:	12:49:05,556
Send:	220001
Receive: 62 00 01 02 8D 00 A9 2F 5A 46 33 01 6C 01 41 00 00 02 60 01 45 80 94 4C A0 8F DD 41 F3 08 95 40 00 E6 0D 82 58 71 BB 25 68 00 5A 08 66 00 2E 02 6E FA 1A 65 45 03 01 7D C8 78 D9 0C 3A 9B 00 05 57 11 DF AA AA 
Time:	12:49:05,962
Send:	220001
Receive: 62 00 01 02 8D 00 A9 2E EC 45 08 01 27 01 14 00 00 01 B0 00 E4 80 23 4C 33 97 3C 41 F3 08 95 40 00 E6 03 D7 59 5D 61 25 68 00 5A 08 67 00 2E 02 6E FA 1E 65 45 03 01 7D C8 78 D9 0C 3A 9B 00 03 E3 0E 75 AA AA 
Time:	12:49:06,377
Send:	220001
Receive: 62 00 01 02 8D 00 A9 2E 5C 44 F1 00 00 01 23 00 00 01 CA 00 EB 80 19 4C 2A 7F FD 41 F3 08 95 40 00 E6 03 D7 59 00 00 25 68 00 5A 08 67 00 2E 02 6F FA 25 65 45 03 01 29 C9 78 D9 0C 3A 9B 00 04 28 0F 2B AA AA 
Time:	12:49:06,777
Send:	220001
Receive: 62 00 01 02 8D 00 A9 2D FE 44 F0 00 00 01 1E 00 00 01 CF 00 EB 80 17 4C 27 7F FD 41 F3 08 95 40 00 E6 03 D7 59 00 00 25 68 00 5A 08 69 00 2E 02 6F FA 29 65 45 03 01 29 C9 78 D9 0C 3A 9B 00 04 27 0F 34 AA AA 
Time:	12:49:07,166
Send:	220001
Receive: 62 00 01 02 8D 00 A9 2D 3E 43 F1 00 00 01 1E 00 00 01 C9 00 E5 80 17 4C 27 7F FD 41 F3 08 95 40 00 E6 00 00 59 00 00 25 68 00 5A 08 6A 00 2E 02 6F FA 31 65 45 03 01 29 C9 78 D9 0C 3A 9B 00 04 15 0F 0B AA AA 
Time:	12:49:07,574
Send:	220001
Receive: 62 00 01 02 8D 00 A9 2C CA 42 F1 00 00 01 19 00 00 01 C3 00 DE 80 18 4C 26 7F FD 41 F3 08 95 40 00 E6 00 00 5A 00 00 25 68 00 5A 08 6B 00 2E 02 70 FA 35 65 45 03 01 29 C9 78 D9 0C 3A 9B 00 04 11 0F 07 AA AA 
Time:	12:49:07,963
Send:	220001
Receive: 62 00 01 02 8D 00 A9 2C 2C 41 F1 00 00 01 14 00 00 01 C0 00 D9 80 18 4C 26 7F FD 41 F3 08 95 40 00 E6 00 00 5A 00 00 25 68 00 5A 08 6C 00 2E 02 70 FA 3E 65 45 03 01 29 C9 78 D9 0C 3A 9B 00 04 0D 0F 05 AA AA 
Time:	12:49:08,367
Send:	220001
Receive: 62 00 01 02 8D 00 A9 2B 9E 41 01 01 3E 01 16 0F 5C 01 A3 00 C9 78 1A 4C 27 7F FD 41 F3 08 95 40 00 E6 00 00 5A 17 07 25 68 00 5A 08 6D 00 2E 02 70 FC F9 65 45 03 01 3C C8 78 D9 0C 3A 9B 00 03 BA 0E 38 AA AA 
Time:	12:49:08,774
Send:	220001
Receive: 62 00 01 02 8D 00 A9 2C 46 40 2F 02 5D 02 2B 20 FA 03 72 01 A3 79 25 4C 2F 84 3D 41 F3 08 95 1F 00 E6 00 00 5B 17 7F 25 68 00 5A 08 6F 00 2E 02 71 FC F9 65 45 03 01 3C C8 78 D9 0C 3A 9B 00 08 AE 1A 0D AA AA 
Time:	12:49:09,183
Send:	220001
Receive: 62 00 01 02 8D 00 A9 2B 84 40 28 03 C4 02 91 22 94 05 DE 02 CE 77 B2 4C BF 80 1D 41 F3 08 95 E4 00 E6 0B 85 5B 19 41 25 68 00 5A 08 70 00 2E 02 71 FC F9 65 45 03 01 7C C2 78 D9 0C 3A 9B 00 0D 35 24 27 AA AA 
Time:	12:49:09,583
Send:	220001
Receive: 62 00 01 02 8D 00 A9 2B CE 41 29 03 79 02 80 21 47 05 91 02 B0 77 2B 4C 60 80 1D 41 F3 08 95 AD 00 E6 0B 85 5B 1A 22 25 68 00 5A 08 70 00 2E 02 71 FC F9 65 45 03 01 7C C2 78 D9 0C 3A 9B 00 0C A0 22 DF AA AA 
Time:	12:49:10,003
Send:	220001
Receive: 62 00 01 02 8D 00 A9 2B BE 40 2A 03 60 02 80 22 6B 05 69 02 A2 7A 29 4C 47 82 7D 41 F3 08 95 A8 00 E6 0B 85 5B 1B E9 25 68 00 5A 08 70 00 2E 02 71 FC F8 65 45 03 01 7C C2 78 D9 0C 3A 9B 00 0C B8 23 1A AA AA 
Time:	12:49:10,414
Send:	220001
Receive: 62 00 01 02 8D 00 A9 2B F6 41 29 03 5E 02 76 20 47 05 66 02 9C 7C 4F 4C 9C 85 3D 41 F3 08 95 A8 00 E6 0B 85 5B 1D B0 25 68 00 5A 08 70 00 2E 02 71 FC F9 65 45 03 01 7C C2 78 D9 0C 3A 9B 00 0C 3E 22 03 AA AA 
Time:	12:49:10,827
Send:	220001
Receive: 62 00 01 02 8D 00 A9 2C 10 41 2A 03 33 02 53 1F 19 05 20 02 72 7E 2A 4C 65 86 DD 41 F3 08 95 C8 00 E6 0B 85 5B 1E 91 25 68 00 5A 08 70 00 2E 02 71 FC F9 65 45 03 01 7C C2 78 D9 0C 3A 9B 00 0B 8F 20 89 AA AA 
Time:	12:49:11,208
Send:	220001
Receive: 62 00 01 02 8D 00 A9 2C 1E 41 2B 02 DA 02 17 17 AD 04 CB 02 5E 7F A9 4C B0 86 1D 41 F3 08 95 E9 00 E6 0B 85 5B 20 58 25 68 00 5A 08 6F 00 2E 02 71 FC F9 65 45 03 01 7C C0 78 D9 0C 3A 9B 00 09 FB 1D 00 AA AA 
Time:	12:49:11,603
Send:	220001
Receive: 62 00 01 02 8D 00 A9 2C 06 41 2E 02 65 01 F9 15 A8 03 B5 01 CB 80 29 4C 33 8E 5D 41 F3 08 95 92 00 E6 0B 85 5A 21 39 25 68 00 5A 08 6F 00 2E 02 71 FC F9 65 45 03 01 7C C0 78 D9 0C 3A 9B 00 08 A9 19 E1 AA AA 
Time:	12:49:12,013
Send:	220001
Receive: 62 00 01 02 8D 00 A9 2B F4 41 2F 02 02 01 A2 05 1E 03 2E 01 8D 80 9E 4C A4 8C FD 41 F3 08 95 1F 00 E6 07 AE 5A 22 FB 25 68 00 5A 08 6E 00 2E 02 71 FC F9 65 45 03 01 7C C0 78 D9 0C 3A 9B 00 06 ED 15 B1 AA AA 
Time:	12:49:12,407
Send:	220001
Receive: 62 00 01 02 8D 00 A9 2B B8 41 32 01 8E 01 4B 05 1E 02 47 01 1A 80 42 4C 40 93 1D 41 F3 08 95 40 00 E6 07 AE 5A 24 C2 25 68 00 5A 08 6D 00 2E 02 70 FC F9 65 45 03 01 7C C0 78 D9 0C 3A 9B 00 04 FE 11 49 AA AA 
Time:	12:49:12,806
Send:	220001
Receive: 62 00 01 02 8D 00 A9 2B 8A 40 33 01 77 01 4D 00 00 02 17 01 02 80 27 4C 31 93 1D 41 F3 08 95 40 00 E6 07 AE 5A 25 A3 25 68 00 5A 08 6D 00 2E 02 70 FA 45 65 45 03 01 7D C8 78 D9 0C 3A 9B 00 04 B9 10 AA AA AA 
Time:	12:49:13,213
Send:	220001

Fixed toLineMF: 03E 62 00 01 02 8D 00 A9 2B 40 40 1D 01 2A 01 0C 00 00 01 8B 00 BE 80 27 4C 33 98 1C 41 F3 08 95 40 00 E6 04 7A 5A 29 31 25 68 00 5A 08 6D 00 2E 02 70 FA 47 65 45 03 01 3D C8 78 D9 0C 3A 9B 
Receive: 62 00 01 02 8D 00 A9 2B 40 40 1D 01 2A 01 0C 00 00 01 8B 00 BE 80 27 4C 33 98 1C 41 F3 08 95 40 00 E6 04 7A 5A 29 31 25 68 00 5A 08 6D 00 2E 02 70 FA 47 65 45 03 01 3D C8 78 D9 0C 3A 9B 

Fixed toLineMF: 03E 62 00 01 02 8D 00 A9 2B 40 40 1D 01 2A 01 0C 00 00 01 8B 00 BE 80 27 4C 33 98 1C 41 F3 08 95 40 00 E6 04 7A 5A 29 31 25 68 00 5A 08 6D 00 2E 02 70 FA 47 65 45 03 01 3D C8 78 D9 0C 3A 9B 
Time:	12:49:13,603
Send:	220001
Receive: 62 00 01 02 8D 00 A9 2A BE 3F 05 00 00 01 0C 00 00 01 8D 00 BA 80 25 4C 2F 7F FD 41 F3 08 95 40 00 E6 04 7A 5A 00 00 25 68 00 5A 08 6E 00 2E 02 70 FA 4E 65 45 03 01 29 C9 78 D9 0C 3A 9B 00 03 B6 0E 2C AA AA 
Time:	12:49:14,039
Send:	220001
Receive: 62 00 01 02 8D 00 A9 2A 24 3E F1 00 00 01 0A 00 00 01 C0 00 CE 80 17 4C 24 7F FD 41 F3 08 95 25 00 E6 00 00 5A 00 00 25 68 00 5A 08 6F 00 2E 02 71 FA 54 65 45 03 01 29 C9 78 D9 0C 3A 9B 00 04 08 0E F2 AA AA 
Time:	12:49:14,444
Send:	220001
Receive: 62 00 01 02 8D 00 A9 29 B6 3E F1 00 00 01 08 00 00 01 CF 00 D5 80 17 4C 23 7F FD 41 F3 08 94 BE 00 E6 00 00 5B 00 00 25 68 00 5A 08 76 00 2E 02 73 FA 55 65 45 03 01 29 C9 78 D9 0C 3A 9B 00 04 28 0F 05 AA AA 
Time:	12:49:14,847
Send:	220001
Receive: 62 00 01 02 8D 00 A9 29 3C 3D F0 00 00 01 03 00 00 01 D9 00 D7 80 18 4C 23 7F FD 41 F3 08 94 6D 00 E6 00 00 5B 00 00 25 68 00 5A 08 7C 00 2E 02 75 FA 58 65 45 03 01 29 C9 78 D9 0C 3A 9B 00 04 41 0F 05 AA AA 
Time:	12:49:15,245
Send:	220001
Receive: 62 00 01 02 8D 00 A9 28 C4 3C F0 00 00 00 FB 00 00 01 DD 00 D5 80 18 4C 24 7F FD 41 F3 08 93 F7 00 E6 00 00 5B 00 00 25 68 00 5A 08 83 00 2E 02 77 FA 58 65 45 03 01 29 C9 78 D9 0C 3A 9B 00 04 4A 0E D9 AA AA 
Time:	12:49:15,635
Send:	220001
Receive: 62 00 01 02 8D 00 A9 28 46 3C EF 00 00 00 F6 00 00 01 E8 00 D6 80 16 4C 23 7F FD 41 F3 08 93 A2 00 E6 00 00 5B 00 00 25 68 00 5A 08 8A 00 2E 02 79 FA 5B 65 45 03 01 29 C9 78 D9 0C 3A 9B 00 04 66 0E E3 AA AA 
Time:	12:49:16,016
Send:	220001
Receive: 62 00 01 02 8D 00 A9 27 F6 3B EF 00 00 00 F9 00 00 01 F1 00 D9 80 17 4C 23 7F FD 41 F3 08 93 6C 00 E6 00 00 5B 00 00 25 68 00 5A 08 8E 00 2E 02 7A FA 5B 65 45 03 01 29 C9 78 D9 0C 3A 9B 00 04 78 0E E9 AA AA 
Time:	12:49:16,414
Send:	220001
Receive: 62 00 01 02 8D 00 A9 27 86 3A EF 00 00 00 EF 00 00 01 F2 00 D8 80 16 4C 24 7F FD 41 F3 08 93 08 00 E6 00 00 5B 00 00 25 68 00 5A 08 94 00 2E 02 7B FA 5C 65 45 03 01 29 C9 78 D9 0C 3A 9B 00 04 6D 0E 9C AA AA 
Time:	12:49:16,804
Send:	220001
Receive: 62 00 01 02 8D 00 A9 27 10 3A F0 00 00 00 E2 00 00 01 DD 00 CE 80 17 4C 25 7F FD 41 F3 08 92 A9 00 E6 00 00 5C 00 00 25 68 00 5A 08 9A 00 2E 02 7D FA 5F 65 45 03 01 29 C9 78 D9 0C 3A 9B 00 04 45 0E 1B AA AA 
Time:	12:49:17,193
Send:	220001
Receive: NO DATA
Time:	12:49:17,478
Send:	220001
Receive: NO DATA
Time:	12:49:17,767
Send:	220001
Receive: NO DATA
Time:	12:49:18,050
Send:	220001
Receive: NO DATA
Time:	12:49:18,332
Send:	220001
Receive: NO DATA
Time:	12:49:18,624
Send:	220001
Receive: NO DATA
Time:	12:49:18,903
Send:	220001
Receive: NO DATA
Time:	12:49:19,178
Send:	220001
Receive: 62 00 01 02 8D 00 A8 24 82 36 ED 00 00 00 D8 00 00 02 31 00 E1 80 17 4C 25 7F FD 41 F3 08 90 9E 00 E6 00 00 5C 00 00 25 68 00 5A 08 BE 00 2E 02 88 FA 68 65 45 03 01 29 C9 78 D9 0C 3A 9B 00 05 0E 0F 0C AA AA 
Time:	12:49:19,596
Send:	220001
Receive: 62 00 01 02 8D 00 A8 24 14 35 ED 00 00 00 D6 00 00 02 36 00 E0 80 16 4C 26 7F FD 41 F3 08 90 38 00 E6 00 00 5C 00 00 25 68 00 5A 08 C4 00 2E 02 8A FA 69 65 45 03 01 29 C9 78 D9 0C 3A 9B 00 05 1B 0F 17 AA AA 
Time:	12:49:19,993
Send:	220001
Receive: 62 00 01 02 8D 00 A8 23 B4 35 FA 01 7C 00 BF 05 1E 02 21 00 D4 78 17 4C 26 7F FD 41 F3 08 90 1A 00 E6 04 EB 5C 17 07 25 68 00 5A 08 C9 00 2E 02 8B FC D9 65 45 03 01 3C C8 78 D9 0C 3A 9B 00 04 D1 0E 6A AA AA 
Time:	12:49:20,386
Send:	220001
Receive: 62 00 01 02 8D 00 A8 23 66 34 31 01 99 01 21 0A 3D 02 87 00 FC 79 C5 4C C8 7D 9D 41 F3 08 8F E7 00 E6 04 EB 5D 17 7F 25 68 00 5A 08 CD 00 2E 02 8C FC D7 65 45 03 01 3C C8 78 D9 0C 3A 9B 00 06 44 11 A6 AA AA 
Time:	12:49:20,783
Send:	220001
Receive: 62 00 01 02 8D 00 A8 23 38 34 1C 02 5F 01 6E 0E B3 03 F9 01 8B 77 C5 4C D6 79 5D 41 F3 08 92 9F 00 E6 04 EB 5D 19 41 25 68 00 5A 08 D0 00 2E 02 8D FC D6 65 45 03 01 7C C0 78 D9 0C 3A 9B 00 09 50 18 72 AA AA 
Time:	12:49:21,267
Send:	220001
Receive: 62 00 01 02 8D 00 A8 22 FC 34 2A 02 45 01 64 11 0F 04 1C 01 93 78 C4 4C D8 73 7D 41 F3 08 93 08 00 E6 06 E4 5D 1B 08 25 68 00 5A 08 D4 00 2E 02 8E FC D5 65 45 03 01 7C C0 78 D9 0C 3A 9B 00 09 75 18 C9 AA AA 
Time:	12:49:21,743
Send:	220001
Receive: 62 00 01 02 8D 00 A8 22 E8 33 2A 02 37 01 70 13 2E 04 2F 01 9C 7B C1 4C D6 6D 9D 41 F3 08 93 08 00 E6 06 E4 5D 1C CA 25 68 00 5A 08 D4 00 2E 02 8E FC D5 65 45 03 01 7C C0 78 D9 0C 3A 9B 00 09 A3 19 32 AA AA 
Time:	12:49:22,169
Send:	220001
Receive: 62 00 01 02 8D 00 A8 22 DE 33 28 03 39 02 47 2D 51 05 A2 02 1A 7D BE 4C D3 68 9D 41 F3 08 93 12 00 E6 05 E6 5D 1D B0 25 68 00 5A 08 D5 00 2E 02 8E FC D4 65 45 03 01 7C C2 78 D9 0C 3A 9B 00 0D 75 21 A9 AA AA 
Time:	12:49:22,563
Send:	220001
Receive: 62 00 01 02 8D 00 A8 23 0A 33 22 03 E5 02 76 34 94 07 A4 02 E9 7E BA 4C D0 62 5E 41 F3 08 93 42 00 E6 05 E6 5D 21 39 25 68 00 5A 08 D2 00 2E 02 8E FC D5 65 45 03 01 7C C2 78 D9 0C 3A 9B 00 11 AB 2A 2C AA AA 
Time:	12:49:22,964
Send:	220001
Receive: 62 00 01 02 8D 00 A8 23 58 34 1B 04 CD 03 7E 40 DB 0A 0B 03 E3 80 81 4C C4 5B 9E 41 F3 08 8F 5F 00 E6 0D 4A 5C 2F 62 25 68 00 5A 08 CE 00 2E 02 8C FC D7 65 45 03 01 7C C2 78 D9 0C 3A 9B 00 17 56 35 7D AA AA 
Time:	12:49:23,356
Send:	220001
Receive: 62 00 01 02 8D 00 A7 23 C8 35 1A 05 1E 03 88 41 42 0A 4B 04 13 80 79 4C BF 65 1D 41 F3 08 8F 5F 00 E6 0D 4A 5C 36 74 25 68 00 5A 08 C7 00 2E 02 8A FC D9 65 45 03 01 7C C2 78 D9 0C 3A 9B 00 17 B4 36 30 AA AA 
Time:	12:49:23,753
Send:	220001
Receive: 62 00 01 02 8D 00 A7 24 4E 35 1B 05 1A 03 A8 42 19 0A 5E 04 23 80 2B 4C AA 63 FD 41 F3 08 8F 5F 00 E6 0D 4A 5C 3C A5 25 68 00 5A 08 BF 00 2E 02 88 FC DC 65 45 03 01 7C C2 78 D9 0C 3A 9B 00 17 C1 36 E2 AA AA 
Time:	12:49:24,146
Send:	220001
Receive: 62 00 01 02 8D 00 A7 24 C4 36 19 05 58 04 07 44 99 0A C0 04 55 80 2B 4C A3 66 3D 41 F3 08 8F 5F 00 E6 0F 77 5C 48 26 25 68 00 5A 08 B8 00 2E 02 86 FC DF 65 45 03 01 7C C2 78 D9 0C 3A 9B 00 18 5B 38 9B AA AA 
Time:	12:49:24,555
Send:	220001
Receive: 62 00 01 02 8D 00 A7 25 48 37 1A 05 5F 04 63 46 09 0A E9 04 83 80 2B 4C B4 66 9D 41 F3 08 8F 5F 00 E6 0F 77 5B 5E 47 25 68 00 5A 08 AF 00 2E 02 83 FC E2 65 45 03 01 7C C2 78 D9 0C 3A 9B 00 19 24 3A 25 AA AA 
Time:	12:49:24,980
Send:	220001

Fixed toLineMF: 029 62 00 01 02 8D 00 A7 25 EE 38 18 05 A1 05 3C 4A 6B 0B A9 04 41 F3 08 8F 5F 00 E6 00 5A 08 A5 00 2E 02 7C C2 78 D9 0C 3A 9B 
Receive: 62 00 01 02 8D 00 A7 25 EE 38 18 05 A1 05 3C 4A 6B 0B A9 04 41 F3 08 8F 5F 00 E6 00 5A 08 A5 00 2E 02 7C C2 78 D9 0C 3A 9B 

Fixed toLineMF: 029 62 00 01 02 8D 00 A7 25 EE 38 18 05 A1 05 3C 4A 6B 0B A9 04 41 F3 08 8F 5F 00 E6 00 5A 08 A5 00 2E 02 7C C2 78 D9 0C 3A 9B 
Time:	12:49:25,383
Send:	220001
Receive: 62 00 01 02 8D 00 A7 26 66 39 18 05 BE 05 7D 4A 6B 0B B4 04 F2 80 2B 4C 82 70 5D 41 F3 08 8F 5F 00 E6 12 22 5A C4 04 25 68 00 5A 08 9E 00 2E 02 7F FC E8 65 45 03 01 7C C2 78 D9 0C 3A 9B 00 1A E7 3C 99 AA AA 
Time:	12:49:25,797
Send:	220001
Receive: 62 00 01 02 8D 00 A7 27 10 39 19 05 BC 05 CA 4A 6B 0B C5 05 14 80 28 4C 4F 73 DD 41 F3 08 8F 5F 00 E6 12 22 5A F4 B0 25 68 00 5A 08 94 00 2E 02 7B FC EC 65 45 03 01 3C C2 78 D9 0C 3A 9B 00 1B 12 3C D2 AA AA 
Time:	12:49:26,186
Send:	220001
Receive: 62 00 01 02 8D 00 A7 27 C8 3A 19 06 02 06 09 4A 6B 0B CA 05 3C 80 39 4C 3D 7B 9D 41 F3 08 8F 5F 00 E6 14 F1 5A FA 00 25 68 00 5A 08 88 00 2E 02 78 FC F0 65 45 03 01 BC C2 78 D9 0C 3A 9B 00 1B 27 3D 41 AA AA 
Time:	12:49:26,584
Send:	220001

Fixed toLineMF: 03E 62 00 01 02 8D 00 06 36 4A 6B 0B E7 05 57 80 35 4C 43 7F 1D 41 F3 08 8F 5F 00 E6 14 F1 59 FA 00 25 68 00 5A 08 82 00 2E 02 76 FC F2 65 45 03 01 BC C2 78 D9 0C 3A 9B 00 1B 3A 3D 10 AA AA 
Receive: 62 00 01 02 8D 00 06 36 4A 6B 0B E7 05 57 80 35 4C 43 7F 1D 41 F3 08 8F 5F 00 E6 14 F1 59 FA 00 25 68 00 5A 08 82 00 2E 02 76 FC F2 65 45 03 01 BC C2 78 D9 0C 3A 9B 00 1B 3A 3D 10 AA AA 

Fixed toLineMF: 03E 62 00 01 02 8D 00 06 36 4A 6B 0B E7 05 57 80 35 4C 43 7F 1D 41 F3 08 8F 5F 00 E6 14 F1 59 FA 00 25 68 00 5A 08 82 00 2E 02 76 FC F2 65 45 03 01 BC C2 78 D9 0C 3A 9B 00 1B 3A 3D 10 AA AA 
Time:	12:49:26,984
Send:	220001
Receive: 62 00 01 02 8D 00 A7 29 10 3C 19 06 1F 06 53 4A 6B 0B F0 05 6E 80 A0 4C 8F 7C 1D 41 F3 08 8F 5F 00 E6 17 44 59 FA 00 25 68 00 5A 08 77 00 2E 02 73 FC F6 65 45 03 01 BC C2 78 D9 0C 3A 9B 00 1B 74 3D 39 AA AA 
Time:	12:49:27,386
Send:	220001
Receive: 62 00 01 02 8D 00 A7 29 B2 3D 19 06 28 06 58 4A 6B 0C 0E 05 8C 80 9F 4C A9 7B BD 41 F3 08 8F 5F 00 E6 17 44 59 FA 00 25 68 00 5A 08 6E 00 2E 02 71 FC F9 65 45 03 01 BC C2 78 D9 0C 3A 9B 00 1B A7 3D 15 AA AA 
Time:	12:49:27,780
Send:	220001
Receive: 62 00 01 02 8D 00 A6 2A 4C 3E 1A 06 2F 06 36 4A 6B 0C 09 05 9E 80 9C 4C AF 7D 5D 41 F3 08 8F 50 00 E6 17 44 59 FA 00 25 68 FF 5A 08 68 00 2E 02 6F FC FB 65 45 03 01 BC C2 78 D9 0C 3A 9B 00 1B A3 3C E1 AA AA 
Time:	12:49:28,179
Send:	220001
Receive: 62 00 01 02 8D 00 A6 2B 16 3F 1B 06 32 05 EB 4A 6B 0B E9 05 AE 80 A3 4C B7 80 DD 41 F3 08 8F 14 00 E6 19 99 59 FA 00 28 3C FF 5A 08 67 00 2E 02 6F FC FC 65 45 03 01 BC C2 78 D9 0C 3A 9B 00 1B 50 3C 7F AA AA 
Time:	12:49:28,555
Send:	220001
Receive: 62 00 01 02 8D 00 A6 2B C4 40 1B 06 5F 05 B4 49 CC 0B D0 05 BA 80 31 4C B2 85 7D 41 F3 08 8E DD 00 E6 19 99 58 FA 00 28 3C FF 5A 08 66 00 2E 02 6E FC FC 65 45 03 01 BC C2 78 D9 0C 3A 9B 00 1B 16 3B 94 AA AA 
Time:	12:49:28,936
Send:	220001
Receive: 62 00 01 02 8D 00 A6 2C 5C 41 1C 06 2F 05 76 49 28 0B 94 05 B1 80 9A 4C BC 83 BD 41 F3 08 8E BA 00 E6 19 99 58 FA 00 28 3C FF 5A 08 66 00 2E 02 6E FC FC 65 45 03 01 BC C2 78 D9 0C 3A 9B 00 1A 93 3B 04 AA AA 
Time:	12:49:29,325
Send:	220001
Receive: 62 00 01 02 8D 00 A6 2C E2 42 1B 06 15 05 5F 48 C2 0B 91 05 BC 80 9C 4C BF 80 1D 41 F3 08 8E 98 00 E6 19 99 58 FA 00 2B 11 FF 5A 08 65 00 2E 02 6E FC FC 65 45 03 01 FC C2 78 D9 0C 3A 9B 00 1A 6A 3A 88 AA AA 
Time:	12:49:29,726
Send:	220001
Receive: 62 00 01 02 8D 00 A6 2D 8E 43 1C 06 0F 05 4B 48 C2 0B 84 05 D2 80 A2 4C BC 7F DD 41 F3 08 8E 70 00 E6 19 99 58 FA 00 2B 11 FF 5A 08 64 00 2E 02 6E FC FD 65 45 03 01 FC C2 78 D9 0C 3A 9B 00 1A 55 3A 41 AA AA 
Time:	12:49:30,125
Send:	220001
Receive: 62 00 01 02 8D 00 A6 2D 78 44 2D 01 7E 01 B4 00 00 03 A1 01 D2 80 1D 4C 67 81 9D 41 F3 08 95 B8 00 E6 13 33 58 AF AA 2B 11 00 5A 08 64 00 2E 02 6E FA 33 65 45 03 01 7D C8 78 D9 0C 3A 9B 00 08 75 1B 35 AA AA 
Time:	12:49:30,543
Send:	220001
Receive: 62 00 01 02 8D 00 A6 2D 3A 43 30 01 60 01 6E 00 00 02 AE 01 59 80 1E 4C 30 86 DD 41 F3 08 95 40 00 E6 13 33 58 80 C5 2B 11 00 5A 08 63 00 2E 02 6D FA 36 65 45 03 01 7D C8 78 D9 0C 3A 9B 00 06 1D 13 D1 AA AA 
Time:	12:49:30,973
Send:	220001
Receive: 62 00 01 02 8D 00 A6 2C 74 43 34 00 F7 00 D1 00 00 01 BF 00 DF 80 1F 4C 32 8B 5D 41 F3 08 95 40 00 E6 03 D7 58 5C 80 2B 11 00 5A 08 63 00 2E 02 6D FA 42 65 45 03 01 7D C8 78 D9 0C 3A 9B 00 03 BF 0E 23 AA AA 
Time:	12:49:31,367
Send:	220001
Receive: 62 00 01 02 8D 00 A6 2C 94 42 F3 01 26 01 0A 00 00 01 B1 00 D4 80 1D 4C 2F 7F FD 41 F3 08 95 40 00 E6 03 D7 58 00 00 2B 11 00 5A 08 63 00 2E 02 6D FA 3D 65 45 03 01 29 C9 78 D9 0C 3A 9B 00 03 E7 0E 8D AA AA 
Time:	12:49:31,766
Send:	220001
Receive: 62 00 01 02 8D 00 A6 2C 40 41 F2 00 00 01 14 00 00 01 B6 00 D5 80 19 4C 2C 7F FD 41 F3 08 95 40 00 E6 03 D7 58 00 00 2B 11 00 5A 08 64 00 2E 02 6E FA 42 65 45 03 01 29 C9 78 D9 0C 3A 9B 00 03 EC 0E A1 AA AA 
Time:	12:49:32,164
Send:	220001
Receive: 62 00 01 02 8D 00 A6 2B C0 41 F2 00 00 01 12 00 00 01 B7 00 D5 80 17 4C 2B 7F FD 41 F3 08 95 40 00 E6 00 00 58 00 00 2B 11 00 5A 08 65 00 2E 02 6E FA 48 65 45 03 01 29 C9 78 D9 0C 3A 9B 00 03 F2 0E B4 AA AA 
Time:	12:49:32,554
Send:	220001
Receive: 62 00 01 02 8D 00 A6 2B 1A 40 F2 00 00 01 0F 00 00 01 BC 00 D2 80 17 4C 2B 7F FD 41 F3 08 95 40 00 E6 00 00 59 00 00 2B 11 00 5A 08 66 00 2E 02 6E FA 4E 65 45 03 01 29 C9 78 D9 0C 3A 9B 00 04 00 0E E0 AA AA 
Time:	12:49:32,943
Send:	220001
Receive: 62 00 01 02 8D 00 A6 2A D4 3F F1 00 00 01 0C 00 00 01 BD 00 D1 80 18 4C 2B 7F FD 41 F3 08 95 40 00 E6 00 00 59 00 00 2B 11 00 5A 08 68 00 2E 02 6F FA 50 65 45 03 01 29 C9 78 D9 0C 3A 9B 00 04 02 0E EA AA AA 
Time:	12:49:33,363
Send:	220001
Receive: 62 00 01 02 8D 00 A5 2A 56 3F F1 00 00 01 0A 00 00 01 C0 00 CF 80 17 4C 2A 7F FD 41 F3 08 95 40 00 E6 00 00 59 00 00 2B 11 00 5A 08 69 00 2E 02 6F FA 56 65 45 03 01 29 C9 78 D9 0C 3A 9B 00 04 01 0E EA AA AA 
Time:	12:49:33,757
Send:	220001
Receive: 62 00 01 02 8D 00 A5 29 E8 3E F1 00 00 01 0A 00 00 01 C9 00 D2 80 17 4C 2A 7F FD 41 F3 08 95 0A 00 E6 00 00 5A 00 00 2B 11 00 5A 08 6F 00 2E 02 71 FA 57 65 45 03 01 29 C9 78 D9 0C 3A 9B 00 04 18 0E F6 AA AA 
Time:	12:49:34,164
Send:	220001
Receive: 62 00 01 02 8D 00 A5 29 82 3D EC 00 00 01 16 00 00 01 EF 00 E2 80 18 4C 2A 7F FD 41 F3 08 94 A3 00 E6 00 00 5A 00 00 2B 11 00 5A 08 74 00 2E 02 72 FA 59 65 45 03 01 29 C9 78 D9 0C 3A 9B 00 04 7E 0F A8 AA AA 
Time:	12:49:34,564
Send:	220001
Receive: 62 00 01 02 8D 00 A5 28 F0 3C ED 00 00 01 14 00 00 02 02 00 E7 80 18 4C 2B 7F FD 41 F3 08 94 47 00 E6 00 00 5A 00 00 2B 11 00 5A 08 7D 00 2E 02 75 FA 5A 65 45 03 01 29 C9 78 D9 0C 3A 9B 00 04 9E 0F BE AA AA 
Time:	12:49:34,953
Send:	220001
Receive: 62 00 01 02 8D 00 A5 28 88 3C EC 00 00 01 12 00 00 02 0F 00 EC 80 18 4C 2B 7F FD 41 F3 08 93 C7 00 E6 00 00 5A 00 00 2B 11 00 5A 08 83 00 2E 02 77 FA 5B 65 45 03 01 29 C9 78 D9 0C 3A 9B 00 04 C2 0F CC AA AA 
Time:	12:49:35,345
Send:	220001
Receive: 62 00 01 02 8D 00 A5 28 1E 3B EC 00 00 01 12 00 00 02 1B 00 EF 80 17 4C 2A 7F FD 41 F3 08 93 77 00 E6 00 00 5B 00 00 2B 11 00 5A 08 89 00 2E 02 78 FA 5C 65 45 03 01 29 C9 78 D9 0C 3A 9B 00 04 D7 0F E0 AA AA 
Time:	12:49:35,743
Send:	220001
Receive: 62 00 01 02 8D 00 A5 27 B6 3A EC 00 00 01 08 00 00 02 1D 00 EB 80 18 4C 2B 7F FD 41 F3 08 93 1D 00 E6 00 00 5B 00 00 2B 11 00 5A 08 8F 00 2E 02 7A FA 5D 65 45 03 01 29 C9 78 D9 0C 3A 9B 00 04 D7 0F AE AA AA 
Time:	12:49:36,136
Send:	220001
Receive: 62 00 01 02 8D 00 A5 27 38 3A ED 00 00 00 FB 00 00 02 1B 00 E9 80 18 4C 2B 7F FD 41 F3 08 92 BE 00 E6 00 00 5B 00 00 2B 11 00 5A 08 96 00 2E 02 7C FA 60 65 45 03 01 29 C9 78 D9 0C 3A 9B 00 04 D2 0F 69 AA AA 
Time:	12:49:36,543
Send:	220001
Receive: 62 00 01 02 8D 00 A5 26 D2 39 ED 00 00 00 F9 00 00 02 1B 00 E5 80 18 4C 2B 7F FD 41 F3 08 92 7A 00 E6 00 00 5B 00 00 2B 11 00 5A 08 9B 00 2E 02 7E FA 61 65 45 03 01 29 C9 78 D9 0C 3A 9B 00 04 D2 0F 3F AA AA 
Time:	12:49:36,945
Send:	220001
Receive: 62 00 01 02 8D 00 A5 26 5A 39 ED 00 00 00 F1 00 00 02 24 00 E7 80 16 4C 2C 7F FD 41 F3 08 91 FD 00 E6 00 00 5B 00 00 2B 11 00 5A 08 A2 00 2E 02 80 FA 61 65 45 03 01 29 C9 78 D9 0C 3A 9B 00 04 ED 0F 45 AA AA 
Time:	12:49:37,335
Send:	220001
Receive: 62 00 01 02 8D 00 A5 25 F2 38 EE 00 00 00 DD 00 00 02 05 00 D7 80 18 4C 2B 7F FD 41 F3 08 91 BE 00 E6 00 00 5B 00 00 2B 11 00 5A 08 A8 00 2E 02 81 FA 63 65 45 03 01 29 C9 78 D9 0C 3A 9B 00 04 A1 0E 81 AA AA 
Time:	12:49:37,733
Send:	220001
Receive: 62 00 01 02 8D 00 A5 25 84 37 ED 00 00 00 DB 00 00 02 14 00 DA 80 17 4C 2B 7F FD 41 F3 08 91 66 00 E6 00 00 5B 00 00 2B 11 00 5A 08 AE 00 2E 02 83 FA 66 65 45 03 01 29 C9 78 D9 0C 3A 9B 00 04 C2 0E A4 AA AA 
Time:	12:49:38,135
Send:	220001
Receive: 62 00 01 02 8D 00 A5 25 08 37 ED 00 00 00 DB 00 00 02 21 00 DD 80 17 4C 2B 7F FD 41 F3 08 91 0F 00 E6 00 00 5C 00 00 2B 11 00 5A 08 B5 00 2E 02 85 FA 67 65 45 03 01 29 C9 78 D9 0C 3A 9B 00 04 E4 0E D3 AA AA 
Time:	12:49:38,544
Send:	220001
Receive: 62 00 01 02 8D 00 A5 24 A0 36 ED 00 00 00 D8 00 00 02 28 00 DF 80 17 4C 2C 7F FD 41 F3 08 90 B3 00 E6 00 00 5C 00 00 2B 11 00 5A 08 BA 00 2E 02 87 FA 68 65 45 03 01 29 C9 78 D9 0C 3A 9B 00 04 F8 0E E9 AA AA 
Time:	12:49:38,936
Send:	220001
Receive: 62 00 01 02 8D 00 A5 24 36 35 F8 01 75 00 C7 05 1E 02 11 00 D2 78 18 4C 2C 7F FD 41 F3 08 90 5C 00 E6 05 55 5C 17 07 2B 11 00 5A 08 C0 00 2E 02 88 FC DC 65 45 03 01 3C C8 78 D9 0C 3A 9B 00 04 BE 0E 56 AA AA 
Time:	12:49:39,323
Send:	220001
Receive: 62 00 01 02 8D 00 A4 23 DC 35 23 01 94 01 12 05 1E 02 88 00 FF 79 C3 4C CF 7D 9D 41 F3 08 90 1F 00 E6 05 55 5C 17 7F 2B 11 00 5A 08 C6 00 2E 02 8A FC DA 65 45 03 01 3C C8 78 D9 0C 3A 9B 00 05 D9 10 B1 AA AA 
Time:	12:49:39,743
Send:	220001
Receive: 62 00 01 02 8D 00 A4 23 98 35 14 01 E8 01 44 07 5C 03 40 01 43 77 C4 4C D9 79 7D 41 F3 08 90 1F 00 E6 05 55 5C 19 41 2B 11 00 5A 08 CA 00 2E 02 8B FC D8 65 45 03 01 7C C0 78 D9 0C 3A 9B 00 07 76 14 72 AA AA 
Time:	12:49:40,133
Send:	220001
Receive: 62 00 01 02 8D 00 A4 23 72 34 2C 02 3C 01 61 0C F5 03 EB 01 83 77 C3 4C DC 75 1D 41 F3 08 92 A9 00 E6 05 69 5C 1A 22 2B 11 00 5A 08 CB 00 2E 02 8B FC D8 65 45 03 01 7C C0 78 D9 0C 3A 9B 00 08 FE 17 C0 AA AA 
Time:	12:49:40,536
Send:	220001
Receive: 62 00 01 02 8D 00 A4 23 5E 34 2C 02 13 01 55 0D 47 03 E6 01 84 7A C1 4C DC 70 5D 41 F3 08 92 94 00 E6 05 69 5C 1B E9 2B 11 00 5A 08 CC 00 2E 02 8C FC D7 65 45 03 01 7C C0 78 D9 0C 3A 9B 00 08 EC 17 94 AA AA 
Time:	12:49:40,925
Send:	220001
Receive: 62 00 01 02 8D 00 A4 23 46 34 2C 01 EE 01 4D 0E 19 03 C6 01 77 7C BE 4C D9 6B DD 41 F3 08 91 DD 00 E6 05 69 5C 1D B0 2B 11 00 5A 08 CE 00 2E 02 8C FC D7 65 45 03 01 7C C0 78 D9 0C 3A 9B 00 08 9B 16 D3 AA AA 
Time:	12:49:41,453
Send:	220001
Receive: 62 00 01 02 8D 00 A4 23 22 34 2D 01 D3 01 46 0F FA 03 B6 01 6E 7E B7 4C D6 66 5D 41 F3 08 91 6C 00 E6 05 69 5C 1E 91 2B 11 00 5A 08 D0 00 2E 02 8D FC D6 65 45 03 01 7C C0 78 D9 0C 3A 9B 00 08 81 16 8E AA AA 
Time:	12:49:41,867
Send:	220001
Receive: 62 00 01 02 8D 00 A4 22 FE 34 2B 01 E2 01 5F 11 8A 03 EF 01 84 80 AB 4C D1 61 DE 41 F3 08 92 6A 00 E6 05 69 5C 20 58 2B 11 00 5A 08 D1 00 2E 02 8D FC D6 65 45 03 01 7C C0 78 D9 0C 3A 9B 00 09 1C 17 FE AA AA 
Time:	12:49:42,265
Send:	220001
Receive: 62 00 01 02 8D 00 A4 22 F2 33 2B 01 F2 01 70 13 42 04 30 01 9D 80 A0 4C CB 5D 1E 41 F3 08 93 1D 00 E6 04 EB 5C 22 1A 2B 11 00 5A 08 D1 00 2E 02 8D FC D6 65 45 03 01 7C C0 78 D9 0C 3A 9B 00 09 9C 19 14 AA AA 
Time:	12:49:42,665
Send:	220001
Receive: 62 00 01 02 8D 00 A4 22 DA 33 2A 02 05 01 73 14 AE 04 4E 01 A6 80 93 4C C4 5E 7E 41 F3 08 92 F8 00 E6 04 EB 5C 22 FB 2B 11 00 5A 08 D3 00 2E 02 8E FC D5 65 45 03 01 7C C0 78 D9 0C 3A 9B 00 09 E6 19 BD AA AA 
Time:	12:49:43,047
Send:	220001
Receive: 62 00 01 02 8D 00 A4 22 BA 33 2A 02 20 01 87 16 BD 04 76 01 B5 80 2C 4C B6 5F DE 41 F3 08 92 EE 00 E6 05 69 5C 24 C2 2B 11 00 5A 08 D4 00 2E 02 8E FC D5 65 45 03 01 7C C0 78 D9 0C 3A 9B 00 0A 4B 1A 99 AA AA 
Time:	12:49:43,443
Send:	220001
Receive: 62 00 01 02 8D 00 A3 22 B4 33 2A 02 23 01 8C 19 4C 04 9C 01 C4 80 9F 4C BF 5D 1E 41 F3 08 92 F8 00 E6 05 69 5C 25 A3 2B 11 00 5A 08 D4 00 2E 02 8E FC D5 65 45 03 01 7C C0 78 D9 0C 3A 9B 00 0A A5 1B 61 AA AA 
Time:	12:49:43,834
Send:	220001
Receive: 62 00 01 02 8D 00 A3 22 BE 33 2A 02 3B 01 9D 1C 7A 04 AD 01 C0 80 56 4C A6 62 DD 41 F3 08 92 F8 00 E6 05 69 5C 27 6A 2B 11 00 5A 08 D3 00 2E 02 8E FC D5 65 45 03 01 7C C0 78 D9 0C 3A 9B 00 0A 6A 1A DE AA AA 
Time:	12:49:44,243
Send:	220001
Receive: 62 00 01 02 8D 00 A3 22 E0 33 23 03 74 02 58 30 38 07 32 02 BD 80 AC 4C C8 5A 3E 41 F3 08 93 18 00 E6 05 E6 5C 2A 12 2B 11 00 5A 08 D1 00 2E 02 8D FC D6 65 45 03 01 7C C2 78 D9 0C 3A 9B 00 10 9D 27 E8 AA AA 
Time:	12:49:44,627
Send:	220001
Receive: 62 00 01 02 8D 00 A3 23 28 34 1F 04 AF 03 24 40 70 09 57 03 89 80 41 4C 79 61 BE 41 F3 08 8F EC 00 E6 05 E6 5C 33 CC 2B 11 00 5A 08 CD 00 2E 02 8C FC D7 65 45 03 01 7C C2 78 D9 0C 3A 9B 00 14 DF 30 8D AA AA 
Time:	12:49:45,038
Send:	220001
Receive: 62 00 01 02 8D 00 A3 23 98 34 19 05 34 03 B0 42 F0 0A A1 04 2F 80 29 4C 8D 63 5D 41 F3 08 8F 5F 00 E6 0E C3 5B 50 1E 2B 11 00 5A 08 C6 00 2E 02 8A FC DA 65 45 03 01 7C C2 78 D9 0C 3A 9B 00 18 6F 37 38 AA AA 
Time:	12:49:45,428
Send:	220001
Receive: 62 00 01 02 8D 00 A3 24 14 35 18 05 21 03 CE 43 C2 0A CA 04 4D 80 97 4C B4 5F BE 41 F3 08 8F 5F 00 E6 0E C3 5B 5A B9 2B 11 00 5A 08 BF 00 2E 02 88 FC DC 65 45 03 01 7C C2 78 D9 0C 3A 9B 00 18 89 37 E5 AA AA 
Time:	12:49:45,833
Send:	220001
Receive: 62 00 01 02 8D 00 A3 24 B6 36 19 05 26 03 F8 43 C2 0A A5 04 4D 80 98 4C AD 65 3D 41 F3 08 8F 5F 00 E6 0E C3 5B 64 78 2B 11 00 5A 08 B5 00 2E 02 85 FC E0 65 45 03 01 7C C2 78 D9 0C 3A 9B 00 18 6F 38 7F AA AA 
Time:	12:49:46,243
Send:	220001
Receive: 62 00 01 02 8D 00 A3 25 22 37 1A 05 40 04 23 43 C2 0A B2 04 5B 80 89 4C AA 68 BD 41 F3 08 8F 5F 00 E6 0F 77 5B 75 44 2B 11 00 5A 08 AF 00 2E 02 83 FC E2 65 45 03 01 7C C2 78 D9 0C 3A 9B 00 18 9B 39 5B AA AA 
Time:	12:49:46,624
Send:	220001
Receive: 62 00 01 02 8D 00 A3 25 86 37 1A 05 51 04 32 43 C2 0A B1 04 6E 80 2E 4C 56 6D 1D 41 F3 08 8F 5F 00 E6 0F 77 5A 7A 94 2B 11 00 5A 08 A9 00 2E 02 82 FC E4 65 45 03 01 7C C2 78 D9 0C 3A 9B 00 18 9C 39 83 AA AA 
Time:	12:49:47,006
Send:	220001
Receive: 62 00 01 02 8D 00 A3 26 04 38 1A 05 4A 04 2F 42 F0 0A AA 04 7C 80 6B 4C B2 6F 5D 41 F3 08 8F 5F 00 E6 10 88 5A 83 6D 2B 11 00 5A 08 A1 00 2E 02 7F FC E7 65 45 03 01 7C C2 78 D9 0C 3A 9B 00 18 70 39 2C AA AA 
Time:	12:49:47,427
Send:	220001
Receive: 62 00 01 02 8D 00 A3 26 84 39 1C 05 3A 04 43 42 F0 0A B4 04 94 80 8C 4C B6 6E BD 41 F3 08 8F 5F 00 E6 10 88 5A 8F CF 2B 11 FF 5A 08 99 00 2E 02 7D FC EA 65 45 03 01 7C C2 78 D9 0C 3A 9B 00 18 8C 39 3A AA AA 
Time:	12:49:47,816
Send:	220001
Receive: 62 00 01 02 8D 00 A3 27 14 39 1C 05 7C 04 61 42 F0 0A BE 04 9D 80 80 4C A8 74 9D 41 F3 08 8F 5F 00 E6 10 88 5A A3 48 2B 11 FF 5A 08 92 00 2E 02 7B FC EC 65 45 03 01 7C C2 78 D9 0C 3A 9B 00 18 A6 39 6C AA AA 
Time:	12:49:48,210
Send:	220001
Receive: 62 00 01 02 8D 00 A3 27 9A 3A 1D 05 8C 04 75 42 F0 0A C2 04 B3 80 2E 4C 48 7B 5D 41 F3 08 8F 5F 00 E6 12 9D 59 B2 52 2B 11 FF 5A 08 8B 00 2E 02 79 FC EF 65 45 03 01 7C C2 78 D9 0C 3A 9B 00 18 B3 39 CA AA AA 
Time:	12:49:48,606
Send:	220001
Receive: 62 00 01 02 8D 00 A2 28 3A 3B 1D 05 9B 04 8B 42 F0 0A BE 04 C7 80 32 4C 5E 7E 1D 41 F3 08 8F 5F 00 E6 12 9D 59 B6 C1 2B 11 FF 5A 08 80 00 2E 02 76 FC F3 65 45 03 01 7C C2 78 D9 0C 3A 9B 00 18 B7 39 C8 AA AA 
Time:	12:49:49,007
Send:	220001
Receive: 62 00 01 02 8D 00 A2 28 52 3C 1A 02 1C 01 91 00 00 04 E9 02 32 80 B5 4C C6 78 FD 41 F3 08 95 1F 00 E6 09 E2 59 4F 38 2B 11 00 5A 08 81 00 2E 02 76 FA 5E 65 45 03 01 7D CA 78 D9 0C 3A 9B 00 09 B4 1C F5 AA AA 
Time:	12:49:49,413
Send:	220001

Fixed toLineMF: 03E 62 00 01 02 8D 00 A2 28 6A 3C 30 01 6A 52 80 20 4C 34 7E 5D 41 F3 08 93 9C 00 E6 09 E2 59 52 C6 2B 11 00 5A 08 7E 00 2E 02 75 FA 61 65 45 03 01 7D C8 78 D9 0C 3A 9B 00 06 B7 14 ED AA AA 
Receive: 62 00 01 02 8D 00 A2 28 6A 3C 30 01 6A 52 80 20 4C 34 7E 5D 41 F3 08 93 9C 00 E6 09 E2 59 52 C6 2B 11 00 5A 08 7E 00 2E 02 75 FA 61 65 45 03 01 7D C8 78 D9 0C 3A 9B 00 06 B7 14 ED AA AA 

Fixed toLineMF: 03E 62 00 01 02 8D 00 A2 28 6A 3C 30 01 6A 52 80 20 4C 34 7E 5D 41 F3 08 93 9C 00 E6 09 E2 59 52 C6 2B 11 00 5A 08 7E 00 2E 02 75 FA 61 65 45 03 01 7D C8 78 D9 0C 3A 9B 00 06 B7 14 ED AA AA 
Time:	12:49:49,796
Send:	220001
Receive: 62 00 01 02 8D 00 A2 28 4A 3B 2F 01 EE 01 E0 22 14 03 7E 01 7D 80 20 4C 34 82 BD 41 F3 08 93 8C 00 E6 09 E2 59 57 30 2B 11 00 5A 08 7E 00 2E 02 75 FC F4 65 45 03 01 7C C8 78 D9 0C 3A 9B 00 08 ED 19 E3 AA AA 
Time:	12:49:50,197
Send:	220001
Receive: 62 00 01 02 8D 00 A2 28 36 3B 26 03 AC 02 82 24 FF 06 4D 02 D5 80 AD 4C B8 81 BD 41 F3 08 95 E9 00 E6 08 24 59 5D 61 2B 11 00 5A 08 81 00 2E 02 76 FC F2 65 45 03 01 7C C2 78 D9 0C 3A 9B 00 0E B9 26 E7 AA AA 
Time:	12:49:50,603
Send:	220001
Receive: 62 00 01 02 8D 00 A2 28 48 3B 25 03 D6 02 A0 28 BD 06 B1 02 FB 80 9F 4C AE 81 1D 41 F3 08 96 31 00 E6 08 24 59 62 B1 2B 11 00 5A 08 80 00 2E 02 76 FC F3 65 45 03 01 7C C2 78 D9 0C 3A 9B 00 0F 44 28 37 AA AA 
Time:	12:49:51,003
Send:	220001
Receive: 62 00 01 02 8D 00 A2 28 86 3C 25 03 E8 02 AD 2A 66 06 B6 02 FD 80 92 4C 5A 83 7D 41 F3 08 96 31 00 E6 0D 60 59 65 59 2B 11 00 5A 08 7D 00 2E 02 75 FC F4 65 45 03 01 7C C2 78 D9 0C 3A 9B 00 0F 5D 28 A2 AA AA 
Time:	12:49:51,414
Send:	220001
Receive: 62 00 01 02 8D 00 A2 28 E6 3C 24 04 23 02 D0 2C 7A 07 14 03 35 80 A6 4C AD 83 7D 41 F3 08 95 B8 00 E6 0D 60 59 60 EA 2B 11 00 5A 08 78 00 2E 02 73 FC F6 65 45 03 01 7C C2 78 D9 0C 3A 9B 00 10 3C 2A 6B AA AA 
Time:	12:49:51,807
Send:	220001
Receive: 62 00 01 02 8D 00 A2 29 2E 3D 23 04 73 02 F5 2E FA 07 7C 03 6B 80 53 4C AF 85 FD 41 F3 08 94 88 00 E6 0D 60 59 5C 80 2B 11 00 5A 08 75 00 2E 02 72 FC F7 65 45 03 01 7C C2 78 D9 0C 3A 9B 00 11 23 2C 5B AA AA 
Time:	12:49:52,206
Send:	220001
Receive: 62 00 01 02 8D 00 A2 29 6C 3D 24 04 42 02 F2 2E FA 07 5A 03 5D 80 9D 4C 92 81 DD 41 F3 08 95 0A 00 E6 0E 8A 59 52 C6 2B 11 00 5A 08 72 00 2E 02 72 FC F8 65 45 03 01 7C C2 78 D9 0C 3A 9B 00 10 CF 2B BF AA AA 
Time:	12:49:52,603
Send:	220001
Receive: 62 00 01 02 8D 00 A2 29 B4 3D 24 04 3A 02 F5 2E FA 07 4C 03 55 80 A8 4C B3 80 9D 41 F3 08 95 35 00 E6 0E 8A 59 49 ED 2B 11 00 5A 08 6E 00 2E 02 71 FC F9 65 45 03 01 7C C2 78 D9 0C 3A 9B 00 10 C2 2B B1 AA AA 
Time:	12:49:53,007
Send:	220001
Receive: 62 00 01 02 8D 00 A2 2A 10 3E 24 04 41 03 09 2E FA 07 55 03 69 80 9B 4C AC 80 9D 41 F3 08 95 35 00 E6 0E 8A 59 41 F5 2B 11 00 5A 08 69 00 2E 02 6F FC FB 65 45 03 01 7C C2 78 D9 0C 3A 9B 00 10 E4 2C 15 AA AA 
Time:	12:49:53,413
Send:	220001
Receive: 62 00 01 02 8D 00 A2 2A 4C 3E 24 04 58 03 04 2E 8F 07 55 03 6D 80 8E 4C AD 82 FD 41 F3 08 95 2A 00 E6 0E 8A 59 39 FD 2B 11 00 5A 08 68 00 2E 02 6F FC FB 65 45 03 01 7C C2 78 D9 0C 3A 9B 00 10 BC 2B B1 AA AA 
Time:	12:49:53,833
Send:	220001
Receive: 62 00 01 02 8D 00 A2 2A A4 3F 24 04 59 02 FF 2D 51 07 32 03 62 80 48 4C 52 84 3D 41 F3 08 95 97 00 E6 0E 8A 59 2E 7C 2B 11 00 5A 08 68 00 2E 02 6F FC FB 65 45 03 01 7C C2 78 D9 0C 3A 9B 00 10 94 2B 48 AA AA 
Time:	12:49:54,238
Send:	220001
Receive: 62 00 01 02 8D 00 A2 2A D4 3F 24 04 13 02 E3 2A D1 06 FF 03 50 80 A0 4C AD 7E BD 41 F3 08 96 3C 00 E6 10 00 59 25 A3 2B 11 00 5A 08 68 00 2E 02 6F FC FB 65 45 03 01 7C C2 78 D9 0C 3A 9B 00 10 07 2A 05 AA AA 
Time:	12:49:54,623
Send:	220001
Receive: 62 00 01 02 8D 00 A2 2B 22 3F 25 03 EE 02 DA 2A D1 06 B9 03 32 80 85 4C B6 7D FD 41 F3 08 96 AA 00 E6 10 00 59 1F 72 2B 11 00 5A 08 68 00 2E 02 6F FC FB 65 45 03 01 7C C2 78 D9 0C 3A 9B 00 0F 7B 28 C9 AA AA 
Time:	12:49:55,016
Send:	220001
Receive: 62 00 01 02 8D 00 A2 2B 5A 40 24 04 33 03 09 2D B8 07 22 03 69 80 5B 4C AF 7D 1D 41 F3 08 95 76 00 E6 0E B8 59 17 7F 2B 11 00 5A 08 68 00 2E 02 6F FC FB 65 45 03 01 7C C2 78 D9 0C 3A 9B 00 10 78 2A E7 AA AA 
Time:	12:49:55,430
Send:	220001
Receive: 62 00 01 02 8D 00 A2 2B 9E 40 24 03 E6 02 A5 21 A8 06 C8 03 55 80 8D 4C B8 7B FD 41 F3 08 96 62 00 E6 0E B8 59 00 00 2B 11 00 5A 08 68 00 2E 02 6F FC FB 65 45 03 01 78 C2 78 D9 0C 3A 9B 00 0C 58 22 05 AA AA 
Time:	12:49:55,813
Send:	220001
Receive: 62 00 01 02 8D 00 A2 2B 94 40 2F 01 D3 01 AA 00 00 03 4B 01 98 80 20 4C 36 7F 9D 41 F3 08 95 14 00 E6 0E B8 59 00 00 2B 11 00 5A 08 67 00 2E 02 6F FA 47 65 45 03 01 79 C8 78 D9 0C 3A 9B 00 07 2C 16 21 AA AA 
Time:	12:49:56,214
Send:	220001
Receive: 62 00 01 02 8D 00 A2 2B 5E 40 31 01 81 01 57 00 00 02 72 01 2C 80 23 4C 37 84 3D 41 F3 08 95 40 00 E6 05 C2 59 00 00 2B 11 00 5A 08 67 00 2E 02 6F FA 4B 65 45 03 01 79 C8 78 D9 0C 3A 9B 00 05 32 11 B2 AA AA 
Time:	12:49:56,607
Send:	220001
Receive: 62 00 01 02 8D 00 A2 2A D4 40 35 01 04 01 1C 00 00 01 82 00 B5 80 24 4C 37 88 3D 41 F3 08 95 40 00 E6 05 C2 59 00 00 2B 11 00 5A 08 67 00 2E 02 6F FA 53 65 45 03 01 39 C8 78 D9 0C 3A 9B 00 03 A2 0D E6 AA AA 
Time:	12:49:57,039
Send:	220001
Receive: NO DATA
Time:	12:49:57,335
Send:	220001
Receive: NO DATA
Time:	12:49:57,613
Send:	220001
Receive: NO DATA
Time:	12:49:57,910
Send:	220001
Receive: NO DATA
Time:	12:49:58,190
Send:	220001
Receive: NO DATA
Time:	12:49:58,484
Send:	220001
Receive: NO DATA
Time:	12:49:58,790
Send:	220001
Receive: NO DATA
Time:	12:49:59,074
Send:	220001
Receive: 62 00 01 02 8D 00 A2 2C D4 42 19 06 75 06 26 4B A8 0C 4C 06 17 80 9B 4C C6 6F 9D 41 F3 08 8E 9C 00 E6 17 AE 59 00 00 2B 11 00 5A 08 69 00 2E 02 6F FC FB 65 45 03 01 38 C2 78 D9 0C 3A 9B 00 1C 34 3C 13 AA AA 
Time:	12:49:59,476
Send:	220001
Receive: 62 00 01 02 8D 00 A2 2D 7A 43 19 06 72 06 4F 4D BD 0C 6C 06 3B 80 95 4C C7 6D 7D 41 F3 08 8E 70 00 E6 17 AE 59 00 00 2B 11 00 5A 08 69 00 2E 02 6F FC FB 65 45 03 01 38 C2 78 D9 0C 3A 9B 00 1C 89 3C 6B AA AA 
Time:	12:49:59,874
Send:	220001
Receive: 62 00 01 02 8D 00 A2 2E 1C 44 1A 06 44 05 AC 4B A8 0C 04 06 22 80 93 4C C5 6E 5D 41 F3 08 8E 43 00 E6 17 AE 59 00 00 2B 11 00 5A 08 67 00 2E 02 6F FC FC 65 45 03 01 38 C2 78 D9 0C 3A 9B 00 1B 8C 3A ED AA AA 
Time:	12:50:00,284
Send:	220001
Receive: 62 00 01 02 8D 00 A2 2E C8 45 1C 06 11 05 30 49 94 0B 91 05 FD 80 59 4C C7 70 1D 41 F3 08 8E 17 00 E6 17 0A 58 00 00 2B 11 00 5A 08 66 00 2E 02 6E FC FC 65 45 03 01 38 C2 78 D9 0C 3A 9B 00 1A 79 39 A4 AA AA 
Time:	12:50:00,717
Send:	220001
Receive: 62 00 01 02 8D 00 A2 2F 46 45 1C 05 AA 04 B1 46 09 0A ED 05 B9 80 33 4C BD 6F DD 41 F3 08 8D EF 00 E6 17 0A 58 00 00 2B 11 00 5A 08 65 00 2E 02 6E FC FC 65 45 03 01 78 C2 78 D9 0C 3A 9B 00 17 B2 35 B2 AA AA 
Time:	12:50:01,126
Send:	220001
Receive: 62 00 01 02 8D 00 A2 2F C2 46 1F 04 F7 03 E2 39 5B 09 3D 04 E5 80 2E 4C 49 75 7D 41 F3 08 8E B0 00 E6 13 E9 58 00 00 2B 11 00 5A 08 64 00 2E 02 6E FC FD 65 45 03 01 78 C2 78 D9 0C 3A 9B 00 15 34 31 98 AA AA 
Time:	12:50:01,619
Send:	220001
Receive: 62 00 01 02 8D 00 A2 2E 66 46 34 00 CA 00 E5 00 00 01 D2 00 EB 80 22 4C 62 73 BD 41 F3 08 95 40 00 E6 13 E9 58 00 00 2B 11 00 5A 08 63 00 2E 02 6D FA 28 65 45 03 05 79 C8 78 D9 0C 3A 9B 00 03 C5 0E 2F AA AA 
Time:	12:50:02,016
Send:	220001
Receive: 62 00 01 02 8D 00 A2 28 B2 46 34 00 FF 00 F9 00 00 01 D8 00 CF 80 1C 4C 33 77 BD 41 F3 08 93 6C 00 E6 02 53 57 00 00 2B 11 00 5A 08 7B 00 2E 02 74 FA 63 65 45 03 05 39 C8 78 D9 0C 3A 9B 00 04 54 0E 48 AA AA 
Time:	12:50:02,398
Send:	220001
Receive: 62 00 01 02 8D 00 A2 25 4E 45 33 01 41 01 12 0D 14 02 2B 00 E2 80 27 4C 39 7B 1D 41 F3 08 90 F5 00 E6 02 53 57 00 00 2B 11 00 5A 08 A4 00 2E 02 80 FC E6 65 45 03 05 78 C8 78 D9 0C 3A 9B 00 05 FA 11 3E AA AA 
Time:	12:50:02,803
Send:	220001
Receive: 62 00 01 02 8D 00 A1 24 9E 45 27 03 E4 02 47 27 14 06 62 02 7E 80 C2 4C D5 74 7D 41 F3 08 94 27 00 E6 02 53 58 00 00 2B 11 00 5A 08 A8 00 2E 02 81 FC E4 65 45 03 05 78 C2 78 D9 0C 3A 9B 00 10 6A 28 12 AA AA 
Time:	12:50:03,223
Send:	220001
Receive: 62 00 01 02 8D 00 A1 24 96 45 23 04 04 02 69 2B 3D 07 5D 02 FE 80 BF 4C D9 6D FD 41 F3 08 94 07 00 E6 0C CC 58 00 00 2B 11 00 5A 08 AA 00 2E 02 82 FC E4 65 45 03 01 78 C2 78 D9 0C 3A 9B 00 10 B9 28 AA AA AA 
Time:	12:50:03,634
Send:	220001
Receive: 62 00 01 02 8D 00 A1 24 AC 45 23 03 A3 02 5A 2D 51 07 21 02 E2 80 B8 4C D8 65 FD 41 F3 08 94 27 00 E6 0C CC 58 00 00 2B 11 00 5A 08 AA 00 2E 02 82 FC E4 65 45 03 01 78 C2 78 D9 0C 3A 9B 00 10 73 28 1B AA AA 
Time:	12:50:04,025
Send:	220001
Receive: 62 00 01 02 8D 00 A1 24 B6 46 24 03 85 02 5B 2D 51 07 1E 02 E1 80 AE 4C D5 60 FE 41 F3 08 94 2D 00 E6 0A AA 58 00 00 2B 11 00 5A 08 AA 00 2E 02 82 FC E4 65 45 03 01 78 C2 78 D9 0C 3A 9B 00 10 47 27 CA AA AA 
Time:	12:50:04,424
Send:	220001
Receive: 62 00 01 02 8D 00 A1 24 D2 46 25 02 F8 02 15 20 38 06 4B 02 A2 80 9F 4C CC 5F FE 41 F3 08 94 42 00 E6 0A AA 58 00 00 2B 11 00 5A 08 A9 00 2E 02 82 FC E4 65 45 03 01 78 C2 78 D9 0C 3A 9B 00 0E D2 24 B1 AA AA 
Time:	12:50:04,817
Send:	220001
Receive: 62 00 01 02 8D 00 A1 24 C8 46 29 02 82 01 D4 1F FF 05 50 02 2E 80 51 4C C5 60 FE 41 F3 08 94 27 00 E6 0A AA 58 00 00 2B 11 00 5A 08 A9 00 2E 02 82 FC E4 65 45 03 01 78 C2 78 D9 0C 3A 9B 00 0C 51 1F 7A AA AA 
Time:	12:50:05,223
Send:	220001
Receive: 62 00 01 02 8D 00 A1 24 AE 46 29 02 45 01 75 07 42 05 05 02 0D 80 A5 4C C9 5F FE 41 F3 08 94 17 00 E6 07 77 58 00 00 2B 11 00 5A 08 AB 00 2E 02 82 FC E3 65 45 03 01 78 C2 78 D9 0C 3A 9B 00 0B C3 1E 3A AA AA 
Time:	12:50:05,617
Send:	220001

Fixed toLineMF: 03E 62 00 01 02 8D 00 A1 24 96 45 19 01 A7 01 39 00 00 03 9B 01 77 80 29 4C 4A 64 7D 41 F3 08 91 B4 00 E6 00 5A 08 AC 00 2E 02 83 FA 71 65 45 03 01 79 C8 78 D9 0C 3A 9B 00 08 09 15 DD AA AA 
Receive: 62 00 01 02 8D 00 A1 24 96 45 19 01 A7 01 39 00 00 03 9B 01 77 80 29 4C 4A 64 7D 41 F3 08 91 B4 00 E6 00 5A 08 AC 00 2E 02 83 FA 71 65 45 03 01 79 C8 78 D9 0C 3A 9B 00 08 09 15 DD AA AA 

Fixed toLineMF: 03E 62 00 01 02 8D 00 A1 24 96 45 19 01 A7 01 39 00 00 03 9B 01 77 80 29 4C 4A 64 7D 41 F3 08 91 B4 00 E6 00 5A 08 AC 00 2E 02 83 FA 71 65 45 03 01 79 C8 78 D9 0C 3A 9B 00 08 09 15 DD AA AA 
Time:	12:50:06,003
Send:	220001
Receive: 62 00 01 02 8D 00 A1 24 50 45 1D 01 75 01 19 00 00 03 14 01 40 80 A4 4C B7 62 BD 41 F3 08 90 8F 00 E6 04 44 58 00 00 2B 11 00 5A 08 B1 00 2E 02 84 FA 73 65 45 03 01 79 C8 78 D9 0C 3A 9B 00 06 E0 13 57 AA AA 
Time:	12:50:06,387
Send:	220001
Receive: 62 00 01 02 8D 00 A1 23 EC 45 30 01 34 00 DB 00 00 02 79 00 FD 80 AC 4C C7 5F FE 41 F3 08 90 29 00 E6 04 44 58 00 00 2B 11 00 5A 08 B6 00 2E 02 85 FA 75 65 45 03 01 79 C8 78 D9 0C 3A 9B 00 05 91 10 18 AA AA 
Time:	12:50:06,785
Send:	220001
Receive: 62 00 01 02 8D 00 A1 23 D2 44 0D 00 F4 00 9F 00 00 01 DD 00 BB 80 46 4C C6 5F FE 41 F3 08 90 24 00 E6 04 44 59 00 00 2B 11 00 5A 08 B9 00 2E 02 86 FA 73 65 45 03 01 79 C8 78 D9 0C 3A 9B 00 04 37 0D 29 AA AA 
Time:	12:50:07,187
Send:	220001
Receive: 62 00 01 02 8D 00 A1 23 80 43 EF 00 00 00 AE 00 00 01 E8 00 BE 80 20 4C 37 7F FD 41 F3 08 90 1F 00 E6 01 F6 59 00 00 2B 11 00 5A 08 BD 00 2E 02 87 FA 76 65 45 03 01 29 C9 78 D9 0C 3A 9B 00 04 6E 0D 91 AA AA 
Time:	12:50:07,603
Send:	220001
Receive: NO DATA
Time:	12:50:07,904
Send:	220001
Receive: NO DATA
Time:	12:50:08,212
Send:	220001
Receive: NO DATA
Time:	12:50:08,493
Send:	220001
Receive: NO DATA
Time:	12:50:08,894
Send:	220001
Receive: NO DATA
Time:	12:50:09,182
Send:	220001
Receive: NO DATA
Time:	12:50:09,480
Send:	220001
Receive: NO DATA
Time:	12:50:09,782
Send:	220001
Receive: 62 00 01 02 8D 00 A1 21 C2 40 22 05 65 02 CB 38 F5 08 63 03 17 78 C9 4C DC 79 1D 41 F3 08 91 9F 00 E6 00 00 5A 00 00 2B 11 00 5A 08 DB 00 2E 02 90 FC D2 65 45 03 01 78 C2 78 D9 0C 3A 9B 00 13 86 2E 02 AA AA 
Time:	12:50:10,176
Send:	220001

Fixed toLineMF: 03E 62 00 01 02 8D 00 03 8D 42 F0 0A 6C 03 E3 77 C2 4C DC 72 5D 41 F3 08 8F 5F 00 E6 10 3D 5B 00 00 2B 11 00 5A 08 DB 00 2E 02 90 FC D2 65 45 03 01 78 C2 78 D9 0C 3A 9B 00 17 EE 36 A7 AA AA 
Receive: 62 00 01 02 8D 00 03 8D 42 F0 0A 6C 03 E3 77 C2 4C DC 72 5D 41 F3 08 8F 5F 00 E6 10 3D 5B 00 00 2B 11 00 5A 08 DB 00 2E 02 90 FC D2 65 45 03 01 78 C2 78 D9 0C 3A 9B 00 17 EE 36 A7 AA AA 

Fixed toLineMF: 03E 62 00 01 02 8D 00 03 8D 42 F0 0A 6C 03 E3 77 C2 4C DC 72 5D 41 F3 08 8F 5F 00 E6 10 3D 5B 00 00 2B 11 00 5A 08 DB 00 2E 02 90 FC D2 65 45 03 01 78 C2 78 D9 0C 3A 9B 00 17 EE 36 A7 AA AA 
Time:	12:50:10,570
Send:	220001
Receive: 62 00 01 02 8D 00 A1 22 0E 41 18 05 9C 03 83 42 4C 0A 60 03 E9 79 BD 4C DA 6B 9D 41 F3 08 8F 5F 00 E6 10 3D 5B 00 00 2B 11 00 5A 08 D8 00 2E 02 8F FC D3 65 45 03 01 78 C2 78 D9 0C 3A 9B 00 17 D2 36 70 AA AA 
Time:	12:50:10,977
Send:	220001
Receive: 62 00 01 02 8D 00 A1 22 52 41 19 05 43 03 81 42 19 0A 5F 03 F2 7C B7 4C D7 64 BD 41 F3 08 8F 5F 00 E6 0E C3 5A 00 00 2B 11 00 5A 08 D3 00 2E 02 8E FC D5 65 45 03 01 78 C2 78 D9 0C 3A 9B 00 17 B4 36 46 AA AA 
Time:	12:50:11,383
Send:	220001
Receive: 62 00 01 02 8D 00 A1 22 86 41 1C 03 CC 02 58 23 8A 08 74 03 5D 7D A5 4C D2 5F FE 41 F3 08 92 07 00 E6 0E C3 5A 00 00 2B 11 00 5A 08 CF 00 2E 02 8D FC D6 65 45 03 01 78 C2 78 D9 0C 3A 9B 00 12 E6 2D 22 AA AA 
Time:	12:50:11,785
Send:	220001
Receive: 62 00 01 02 8D 00 A1 22 72 41 0E 01 B8 01 2B 00 00 04 23 01 8F 80 B0 4C D2 5F FE 41 F3 08 92 BE 00 E6 0E C3 5A 00 00 2B 11 00 5A 08 CF 00 2E 02 8D FA 77 65 45 03 01 79 C8 78 D9 0C 3A 9B 00 08 F4 17 A3 AA AA 
Time:	12:50:12,205
Send:	220001
Receive: 62 00 01 02 8D 00 A1 22 3E 41 18 01 7E 01 14 00 00 03 5F 01 45 80 AB 4C D0 5F FE 41 F3 08 8F CE 00 E6 03 EE 5A 00 00 2B 11 00 5A 08 D2 00 2E 02 8D FA 78 65 45 03 01 79 C8 78 D9 0C 3A 9B 00 07 58 14 0C AA AA 
Time:	12:50:12,593
Send:	220001
Receive: 62 00 01 02 8D 00 A1 21 EE 41 2F 01 3F 00 D6 00 00 02 AE 01 01 80 B0 4C D1 5F FE 41 F3 08 8E C9 00 E6 03 EE 59 00 00 2B 11 00 5A 08 D4 00 2E 02 8E FA 7B 65 45 03 01 79 C8 78 D9 0C 3A 9B 00 06 08 10 DF AA AA 
Time:	12:50:12,989
Send:	220001
Receive: 62 00 01 02 8D 00 A1 21 B2 40 13 01 09 00 88 00 00 02 26 00 CB 80 B6 4C D6 5F FE 41 F3 08 8F 87 00 E6 02 F3 59 00 00 2B 11 00 5A 08 D9 00 2E 02 8F FA 7B 65 45 03 01 79 C8 78 D9 0C 3A 9B 00 04 B4 0D F2 AA AA 
Time:	12:50:13,393
Send:	220001
Receive: 62 00 01 02 8D 00 A1 21 70 3F EF 01 2A 00 97 00 00 01 E5 00 B2 80 24 4C C2 7F FD 41 F3 08 8F B0 00 E6 02 F3 59 00 00 2B 11 00 5A 08 DC 00 2E 02 90 FA 7E 65 45 03 01 29 C9 78 D9 0C 3A 9B 00 04 77 0D 5F AA AA 
Time:	12:50:13,795
Send:	220001
Receive: 62 00 01 02 8D 00 A1 21 20 3F ED 00 00 00 A9 00 00 02 0B 00 BE 80 1C 4C 2F 7F FD 41 F3 08 8F A1 00 E6 02 F3 5A 00 00 2B 11 00 5A 08 E0 00 2E 02 92 FA 7E 65 45 03 01 29 C9 78 D9 0C 3A 9B 00 04 BE 0D EB AA AA 
Time:	12:50:14,183
Send:	220001
Receive: 62 00 01 02 8D 00 A1 20 D2 3E ED 00 00 00 A9 00 00 02 1E 00 C3 80 18 4C 2C 7F FD 41 F3 08 8F 5A 00 E6 00 00 5A 00 00 2B 11 00 5A 08 E5 00 2E 02 93 FA 7E 65 45 03 01 29 C9 78 D9 0C 3A 9B 00 04 E6 0E 3D AA AA 
Time:	12:50:14,597
Send:	220001
Receive: 62 00 01 02 8D 00 A1 20 8C 3E ED 00 00 00 AB 00 00 02 23 00 C5 80 17 4C 2B 7F FD 41 F3 08 8F 41 00 E6 00 00 5A 00 00 2B 11 00 5A 08 EA 00 2E 02 94 FA 8D 65 45 03 01 29 C9 78 D9 0C 3A 9B 00 04 EC 0E 57 AA AA 
Time:	12:50:15,013
Send:	220001
Receive: 62 00 01 02 8D 00 A1 20 38 3D ED 00 00 00 A9 00 00 02 26 00 C3 80 17 4C 2B 7F FD 41 F3 08 8F 19 00 E6 00 00 5A 00 00 2B 11 00 5A 08 EF 00 2E 02 96 FA 9B 65 45 03 01 29 C9 78 D9 0C 3A 9B 00 04 F1 0E 6E AA AA 
Time:	12:50:15,435
Send:	220001
Receive: 62 00 01 02 8D 00 A1 1F CE 3C ED 00 00 00 A9 00 00 02 24 00 BF 80 17 4C 2C 7F FD 41 F3 08 8E FB 00 E6 00 00 5B 00 00 2B 11 00 5A 08 F7 00 2E 02 98 FA B3 65 45 03 01 29 C9 78 D9 0C 3A 9B 00 04 ED 0E 76 AA AA 
Time:	12:50:15,835
Send:	220001
Receive: 62 00 01 02 8D 00 A1 1F 76 3C ED 00 00 00 A6 00 00 02 27 00 BE 80 17 4C 2B 7F FD 41 F3 08 8E E2 00 E6 00 00 5B 00 00 2B 11 00 5A 08 FC 00 2E 02 9A FA C4 65 45 03 01 29 C9 78 D9 0C 3A 9B 00 04 F1 0E 86 AA AA 
Time:	12:50:16,224
Send:	220001
Receive: 62 00 01 02 8D 00 A1 1F 3A 3B ED 01 CD 00 A6 07 7A 02 24 00 BC 80 16 4C 2B 7F FD 41 F3 08 8E DD 00 E6 00 00 5B 00 00 2B 11 00 5A 09 00 00 2E 02 9B FC C5 65 45 03 01 28 C8 78 D9 0C 3A 9B 00 04 EF 0E 82 AA AA 
Time:	12:50:16,618
Send:	220001
Receive: 62 00 01 02 8D 00 A1 1E FC 3B 12 01 76 00 C9 10 D1 02 31 00 C0 78 44 4C 32 84 5D 41 F3 08 8E 98 00 E6 00 00 5B 00 00 2B 11 00 5A 09 04 00 2E 02 9C FC C4 65 45 03 01 38 C8 78 D9 0C 3A 9B 00 05 11 0F 28 AA AA 
Time:	12:50:17,019
Send:	220001
Receive: 62 00 01 02 8D 00 A1 1E 84 3A 21 01 31 00 9A 00 00 01 F8 00 AB 80 C3 4C D8 7E FD 41 F3 08 8F 0A 00 E6 02 FC 5B 00 00 2B 11 00 5A 09 0C 00 2E 02 9E FA F9 65 45 03 05 79 C8 78 D9 0C 3A 9B 00 04 3A 0E 07 AA AA 
Time:	12:50:17,417
Send:	220001
Receive: NO DATA
Time:	12:50:17,698
Send:	220001
Receive: NO DATA
Time:	12:50:17,973
Send:	220001
Receive: NO DATA
Time:	12:50:18,255
Send:	220001
Receive: NO DATA
Time:	12:50:18,556
Send:	220001
Receive: NO DATA
Time:	12:50:18,848
Send:	220001
Receive: NO DATA
Time:	12:50:19,159
Send:	220001
Receive: NO DATA
Time:	12:50:19,446
Send:	220001
Receive: 62 00 01 02 8D 00 A1 26 BA 39 2B 02 A6 01 E5 19 C2 04 7E 01 ED 80 BD 4C D2 7D 1D 41 F3 08 94 98 00 E6 09 99 5B 00 00 2B 11 00 5A 08 9C 00 2E 02 7E FC E9 65 45 03 05 78 C0 78 D9 0C 3A 9B 00 0A 6A 1C 51 AA AA 
Time:	12:50:19,845
Send:	220001
Receive: 62 00 01 02 8D 00 A1 26 AE 39 2A 02 CF 01 EF 1B D6 04 E1 02 11 80 BC 4C D4 77 5D 41 F3 08 94 98 00 E6 09 99 5B 00 00 2B 11 00 5A 08 9C 00 2E 02 7E FC E9 65 45 03 01 78 C0 78 D9 0C 3A 9B 00 0B 2B 1D D2 AA AA 
Time:	12:50:20,237
Send:	220001
Receive: NO DATA
Time:	12:50:20,536
Send:	220001
Receive: NO DATA
Time:	12:50:20,827
Send:	220001
Receive: NO DATA
Time:	12:50:21,119
Send:	220001
Receive: NO DATA
Time:	12:50:21,444
Send:	220001
Receive: NO DATA
Time:	12:50:21,749
Send:	220001
Receive: NO DATA
Time:	12:50:22,049
Send:	220001
Receive: NO DATA
Time:	12:50:22,345
Send:	220001
Receive: 62 00 01 02 8D 00 A1 28 B4 3C 1D 05 78 04 34 3F 99 0A 41 04 9E 80 34 4C 8B 73 1D 41 F3 08 8F 5F 00 E6 12 9D 5A 00 00 2B 11 00 5A 08 7E 00 2E 02 75 FC F4 65 45 03 01 78 C2 78 D9 0C 3A 9B 00 17 8D 37 B7 AA AA 
Time:	12:50:22,735
Send:	220001
Receive: 62 00 01 02 8D 00 A1 29 3C 3D 1A 06 28 05 BC 48 C2 0B CD 05 5A 80 A4 4C B0 6F 3D 41 F3 08 8F 5F 00 E6 12 9D 59 00 00 2B 11 00 5A 08 76 00 2E 02 73 FC F6 65 45 03 01 38 C2 78 D9 0C 3A 9B 00 1B 0F 3C 5D AA AA 
Time:	12:50:23,144
Send:	220001
Receive: 62 00 01 02 8D 00 A1 29 F4 3E 1A 06 13 05 B4 48 C2 0B CA 05 73 80 9D 4C AC 6E 5D 41 F3 08 8F 5F 00 E6 14 5B 59 00 00 2B 11 00 5A 08 6B 00 2E 02 70 FC FA 65 45 03 01 38 C2 78 D9 0C 3A 9B 00 1B 0B 3C 2F AA AA 
Time:	12:50:23,544
Send:	220001
Receive: 62 00 01 02 8D 00 A1 2A 98 3F 18 06 93 06 6F 50 04 0C 50 05 D3 80 8D 4C B6 73 7D 41 F3 08 8F 32 00 E6 14 5B 59 00 00 2B 11 00 5A 08 69 00 2E 02 6F FC FB 65 45 03 01 38 C2 78 D9 0C 3A 9B 00 1C 53 3D 0F AA AA 
Time:	12:50:23,943
Send:	220001
Receive: 62 00 01 02 8D 00 A1 2B 2E 40 19 06 93 06 80 51 7A 0C 5A 05 DD 80 46 4C B5 73 7D 41 F3 08 8F 19 00 E6 17 AE 59 00 00 2B 11 00 5A 08 68 00 2E 02 6F FC FC 65 45 03 01 38 C2 78 D9 0C 3A 9B 00 1C 54 3C D1 AA AA 
Time:	12:50:24,333
Send:	220001

Fixed toLineMF: 03E 62 00 01 02 8D 00 A1 2B B6 40 19 06 9A 06 76 51 7A 0C 65 05 FF 80 2E 4C A6 73 7D 41 F3 08 8E E2 00 E6 17 AE 58 00 00 2B 11 00 5A 08 67 00 2E 02 6E FC FC 65 45 03 01 00 1C 6E 3C B4 AA AA 
Receive: 62 00 01 02 8D 00 A1 2B B6 40 19 06 9A 06 76 51 7A 0C 65 05 FF 80 2E 4C A6 73 7D 41 F3 08 8E E2 00 E6 17 AE 58 00 00 2B 11 00 5A 08 67 00 2E 02 6E FC FC 65 45 03 01 00 1C 6E 3C B4 AA AA 

Fixed toLineMF: 03E 62 00 01 02 8D 00 A1 2B B6 40 19 06 9A 06 76 51 7A 0C 65 05 FF 80 2E 4C A6 73 7D 41 F3 08 8E E2 00 E6 17 AE 58 00 00 2B 11 00 5A 08 67 00 2E 02 6E FC FC 65 45 03 01 00 1C 6E 3C B4 AA AA 
Time:	12:50:24,727
Send:	220001
Receive: 62 00 01 02 8D 00 A1 2C 8A 42 19 06 8C 06 80 4F D1 0C 74 06 1D 80 9F 4C BF 70 DD 41 F3 08 8E B5 00 E6 17 AE 58 00 00 2B 11 00 5A 08 66 00 2E 02 6E FC FC 65 45 03 01 38 C2 78 D9 0C 3A 9B 00 1C 95 3C CE AA AA 
Time:	12:50:25,124
Send:	220001
Receive: 62 00 01 02 8D 00 A1 2C FA 42 1D 04 C7 03 AD 34 CC 09 89 04 DA 80 A1 4C C3 6F 9D 41 F3 08 8E 98 00 E6 17 AE 58 00 00 2B 11 00 5A 08 65 00 2E 02 6E FC FC 65 45 03 01 38 C2 78 D9 0C 3A 9B 00 0F 3E 2A 5E AA AA 
Time:	12:50:25,533
Send:	220001
Receive: 62 00 01 02 8D 00 A1 2C E2 42 30 01 72 01 98 00 00 02 EB 01 75 80 1E 4C 35 73 FD 41 F3 08 95 30 00 E6 17 AE 58 00 00 2B 11 00 5A 08 64 00 2E 02 6E FA 3A 65 45 03 01 79 C8 78 D9 0C 3A 9B 00 06 A3 14 E1 AA AA 
Time:	12:50:25,943
Send:	220001
Receive: 62 00 01 02 8D 00 A1 2C D2 42 32 01 4B 01 55 00 00 02 4A 01 25 80 1F 4C 34 78 DD 41 F3 08 95 40 00 E6 04 7A 58 00 00 2B 11 00 5A 08 63 00 2E 02 6D FA 3B 65 45 03 01 79 C8 78 D9 0C 3A 9B 00 05 3F 11 BB AA AA 
Time:	12:50:26,333
Send:	220001
Receive: 62 00 01 02 8D 00 A1 2C 4E 41 19 01 06 01 14 00 00 01 9D 00 C9 80 1D 4C 34 7C FD 41 F3 08 95 40 00 E6 04 7A 58 00 00 2B 11 00 5A 08 63 00 2E 02 6D FA 42 65 45 03 01 39 C8 78 D9 0C 3A 9B 00 03 AD 0D F2 AA AA 
Time:	12:50:26,733
Send:	220001
Receive: 62 00 01 02 8D 00 A1 2B D2 41 F2 00 00 01 16 00 00 01 BD 00 D5 80 1A 4C 32 7F FD 41 F3 08 95 40 00 E6 04 7A 58 00 00 2B 11 00 5A 08 63 00 2E 02 6D FA 47 65 45 03 01 29 C9 78 D9 0C 3A 9B 00 03 FB 0E B6 AA AA 
Time:	12:50:27,149
Send:	220001
Receive: 62 00 01 02 8D 00 A1 2B 52 40 F1 00 00 01 12 00 00 01 C6 00 D7 80 17 4C 2E 7F FD 41 F3 08 95 40 00 E6 00 00 58 00 00 2B 11 00 5A 08 64 00 2E 02 6E FA 4E 65 45 03 01 29 C9 78 D9 0C 3A 9B 00 04 10 0E F2 AA AA 
Time:	12:50:27,536
Send:	220001
Receive: 62 00 01 02 8D 00 A1 2A C6 3F F6 01 52 01 0F 15 9E 01 B9 00 D2 78 17 4C 2E 7F FD 41 F3 08 95 40 00 E6 00 00 58 00 00 2B 11 00 5A 08 65 00 2E 02 6E FC FD 65 45 03 01 28 C8 78 D9 0C 3A 9B 00 03 EC 0E 9D AA AA 
Time:	12:50:27,933
Send:	220001
Receive: 62 00 01 02 8D 00 A1 2A 96 3F 2B 03 3B 02 80 32 4C 04 72 01 FA 79 2A 4C 39 83 5D 41 F3 08 95 7C 00 E6 07 AE 58 00 00 2B 11 00 5A 08 66 00 2E 02 6E FC FC 65 45 03 01 38 C8 78 D9 0C 3A 9B 00 09 93 1B F8 AA AA 
Time:	12:50:28,314
Send:	220001
Receive: 62 00 01 02 8D 00 A1 2A 9A 3F 15 05 C0 03 E2 36 A8 09 2A 04 45 78 B7 4C CB 7D 9D 41 F3 08 90 06 00 E6 07 AE 59 00 00 2B 11 00 5A 08 67 00 2E 02 6E FC FC 65 45 03 01 78 C2 78 D9 0C 3A 9B 00 16 01 34 B2 AA AA 
Time:	12:50:28,702
Send:	220001
Receive: 62 00 01 02 8D 00 A1 2B 08 3F 1B 06 79 05 14 42 19 0B 4B 05 5D 77 AC 4C CE 75 7D 41 F3 08 8F 1E 00 E6 07 AE 59 00 00 2B 11 00 5A 08 68 00 2E 02 6F FC FB 65 45 03 01 78 C2 78 D9 0C 3A 9B 00 19 CA 3A 35 AA AA 
Time:	12:50:29,093
Send:	220001
Receive: 62 00 01 02 8D 00 A0 2B 8E 40 1C 05 F7 04 C5 42 F0 0A D6 05 38 79 31 4C C0 74 5D 41 F3 08 8F 00 00 E6 16 66 59 00 00 2B 11 00 5A 08 68 00 2E 02 6F FC FB 65 45 03 01 78 C2 78 D9 0C 3A 9B 00 18 C2 38 AF AA AA 
Time:	12:50:29,490
Send:	220001
Receive: 62 00 01 02 8D 00 A0 2C 0C 41 1C 05 FC 04 C5 43 C2 0A C7 05 40 7C 2B 4C 74 77 3D 41 F3 08 8E D8 00 E6 16 66 59 00 00 2B 11 00 5A 08 68 00 2E 02 6F FC FB 65 45 03 01 78 C2 78 D9 0C 3A 9B 00 18 B2 38 6A AA AA 
Time:	12:50:29,873
Send:	220001
Receive: 62 00 01 02 8D 00 A0 2C 7C 41 1C 06 19 04 BD 43 C2 0A BE 05 46 7D 7A 4C 9A 7A DD 41 F3 08 8E B5 00 E6 16 66 59 00 00 2B 11 00 5A 08 67 00 2E 02 6F FC FC 65 45 03 01 78 C2 78 D9 0C 3A 9B 00 18 A9 38 51 AA AA 
Time:	12:50:30,266
Send:	220001

Fixed toLineMF: 03E 62 00 01 02 8D 00 04 BB 43 C2 0A BD 05 56 7F 9C 4C B6 75 DD 41 F3 08 8E A1 00 E6 16 66 58 00 00 2B 11 00 5A 08 67 00 2E 02 6E FC FC 65 45 03 01 78 C2 78 D9 0C 3A 9B 00 18 98 37 EC AA AA 
Receive: 62 00 01 02 8D 00 04 BB 43 C2 0A BD 05 56 7F 9C 4C B6 75 DD 41 F3 08 8E A1 00 E6 16 66 58 00 00 2B 11 00 5A 08 67 00 2E 02 6E FC FC 65 45 03 01 78 C2 78 D9 0C 3A 9B 00 18 98 37 EC AA AA 

Fixed toLineMF: 03E 62 00 01 02 8D 00 04 BB 43 C2 0A BD 05 56 7F 9C 4C B6 75 DD 41 F3 08 8E A1 00 E6 16 66 58 00 00 2B 11 00 5A 08 67 00 2E 02 6E FC FC 65 45 03 01 78 C2 78 D9 0C 3A 9B 00 18 98 37 EC AA AA 
Time:	12:50:30,656
Send:	220001

Fixed toLineMF: 03E 62 00 01 02 8D 00 A0 2D 4A 43 1C 05 D0 5A 80 A6 4C B9 75 7D 41 F3 08 8E 89 00 E6 16 66 58 00 00 2B 11 00 5A 08 66 00 2E 02 6E FC FC 65 45 03 01 78 C2 78 D9 0C 3A 9B 00 18 9B 37 DA AA AA 
Receive: 62 00 01 02 8D 00 A0 2D 4A 43 1C 05 D0 5A 80 A6 4C B9 75 7D 41 F3 08 8E 89 00 E6 16 66 58 00 00 2B 11 00 5A 08 66 00 2E 02 6E FC FC 65 45 03 01 78 C2 78 D9 0C 3A 9B 00 18 9B 37 DA AA AA 

Fixed toLineMF: 03E 62 00 01 02 8D 00 A0 2D 4A 43 1C 05 D0 5A 80 A6 4C B9 75 7D 41 F3 08 8E 89 00 E6 16 66 58 00 00 2B 11 00 5A 08 66 00 2E 02 6E FC FC 65 45 03 01 78 C2 78 D9 0C 3A 9B 00 18 9B 37 DA AA AA 
Time:	12:50:31,070
Send:	220001

Fixed toLineMF: 03E 62 00 01 02 8D 00 A0 2D B6 43 1D 05 B4 04 AC 43 C2 0A B1 05 64 80 9B 4C BD 72 7D 41 F3 08 8E 66 00 E6 15 C2 58 00 00 2B 11 FF 5A 08 65 00 2E 02 6E FC FC 65 45 03 01 78 C2 78 D9 0C 3A 9B 
Receive: 62 00 01 02 8D 00 A0 2D B6 43 1D 05 B4 04 AC 43 C2 0A B1 05 64 80 9B 4C BD 72 7D 41 F3 08 8E 66 00 E6 15 C2 58 00 00 2B 11 FF 5A 08 65 00 2E 02 6E FC FC 65 45 03 01 78 C2 78 D9 0C 3A 9B 

Fixed toLineMF: 03E 62 00 01 02 8D 00 A0 2D B6 43 1D 05 B4 04 AC 43 C2 0A B1 05 64 80 9B 4C BD 72 7D 41 F3 08 8E 66 00 E6 15 C2 58 00 00 2B 11 FF 5A 08 65 00 2E 02 6E FC FC 65 45 03 01 78 C2 78 D9 0C 3A 9B 
Time:	12:50:31,444
Send:	220001
Receive: 62 00 01 02 8D 00 A0 2E 20 44 1D 05 A3 04 A4 43 C2 0A AB 05 6F 80 69 4C BC 71 1D 41 F3 08 8E 43 00 E6 15 C2 58 00 00 2B 11 FF 5A 08 64 00 2E 02 6E FC FD 65 45 03 01 78 C2 78 D9 0C 3A 9B 00 18 7E 37 72 AA AA 
Time:	12:50:31,863
Send:	220001
Receive: 62 00 01 02 8D 00 A0 2E 82 45 1D 05 C0 04 95 43 56 0A A0 05 75 80 55 4C BD 74 9D 41 F3 08 8E 30 00 E6 15 C2 58 00 00 2B 11 FF 5A 08 64 00 2E 02 6D FC FD 65 45 03 01 78 C2 78 D9 0C 3A 9B 00 18 48 36 FB AA AA 
Time:	12:50:32,266
Send:	220001
Receive: 62 00 01 02 8D 00 A0 2E DC 45 1E 05 AA 04 8B 43 56 0A 91 05 79 80 2B 4C AA 73 5D 41 F3 08 8E 17 00 E6 15 1E 58 00 00 2B 11 FF 5A 08 63 00 2E 02 6D FC FD 65 45 03 01 78 C2 78 D9 0C 3A 9B 00 18 26 36 8A AA AA 
Time:	12:50:32,663
Send:	220001
Receive: 62 00 01 02 8D 00 A0 2E C8 45 18 02 90 01 E5 00 00 05 C1 02 F6 80 B0 4C B9 70 3D 41 F3 08 95 45 00 E6 15 1E 57 00 00 2B 11 00 5A 08 63 00 2E 02 6D FA 23 65 45 03 01 79 CA 78 D9 0C 3A 9B 00 0B D4 22 76 AA AA 
Time:	12:50:33,063
Send:	220001
Receive: 62 00 01 02 8D 00 A0 2E 80 45 2F 01 95 01 A5 00 00 03 20 01 9F 80 20 4C 38 73 7D 41 F3 08 95 1F 00 E6 05 1E 57 00 00 2B 11 00 5A 08 62 00 2E 02 6D FA 28 65 45 03 01 79 C8 78 D9 0C 3A 9B 00 07 07 15 A0 AA AA 
Time:	12:50:33,466
Send:	220001
Receive: 62 00 01 02 8D 00 A0 2D DC 44 32 01 50 01 55 01 3D 02 53 01 2C 80 21 4C 37 78 5D 41 F3 08 95 40 00 E6 05 1E 57 00 00 2B 11 00 5A 08 61 00 2E 02 6D FA 30 65 45 03 01 79 C8 78 D9 0C 3A 9B 00 05 12 11 46 AA AA 
Time:	12:50:33,874
Send:	220001
Receive: 62 00 01 02 8D 00 A0 2D 50 43 33 01 6C 01 AA 19 5C 02 4A 01 1D 80 1F 4C 36 7C DD 41 F3 08 95 40 00 E6 05 1E 57 00 00 2B 11 00 5A 08 61 00 2E 02 6D FC FE 65 45 03 01 78 C8 78 D9 0C 3A 9B 00 05 8A 12 63 AA AA 
Time:	12:50:34,273
Send:	220001
Receive: 62 00 01 02 8D 00 A0 2C D2 42 29 03 AA 02 B4 24 28 05 BF 02 D1 80 A2 4C 61 7E 9D 41 F3 08 95 A2 00 E6 04 7A 57 00 00 2B 11 00 5A 08 62 00 2E 02 6D FC FE 65 45 03 01 78 C2 78 D9 0C 3A 9B 00 0D 9B 24 97 AA AA 
Time:	12:50:34,666
Send:	220001
Receive: 62 00 01 02 8D 00 A0 2C 4C 41 2D 02 31 01 C2 00 00 03 CF 01 E4 80 25 4C 43 83 FD 41 F3 08 95 D9 00 E6 04 7A 58 00 00 2B 11 00 5A 08 63 00 2E 02 6D FA 42 65 45 03 01 79 C8 78 D9 0C 3A 9B 00 08 85 19 52 AA AA 
Time:	12:50:35,118
Send:	220001
Receive: 62 00 01 02 8D 00 A0 2B A8 41 31 01 A6 01 66 00 00 02 8F 01 3C 80 26 4C 3C 8A 7D 41 F3 08 95 40 00 E6 07 0A 58 00 00 2B 11 00 5A 08 64 00 2E 02 6D FA 49 65 45 03 01 79 C8 78 D9 0C 3A 9B 00 05 DC 13 38 AA AA 
Time:	12:50:35,534
Send:	220001
Receive: 62 00 01 02 8D 00 A0 2B 26 40 30 02 08 01 E0 1D 4C 02 EE 01 5E 80 28 4C 3E 8E DD 41 F3 08 95 35 00 E6 07 0A 58 00 00 2B 11 00 5A 08 64 00 2E 02 6E FC FD 65 45 03 01 78 C8 78 D9 0C 3A 9B 00 06 93 14 D1 AA AA 
Time:	12:50:35,926
Send:	220001
Receive: 62 00 01 02 8D 00 A0 2A EA 3F 2A 03 D6 02 85 20 D6 05 6D 02 8B 80 B9 4C C5 8B 5D 41 F3 08 95 B2 00 E6 07 0A 58 00 00 2B 11 00 5A 08 64 00 2E 02 6E FC FD 65 45 03 01 78 C0 78 D9 0C 3A 9B 00 0C DB 23 15 AA AA 
Time:	12:50:36,323
Send:	220001
Receive: 62 00 01 02 8D 00 A0 2A 9E 3F 29 03 7C 02 60 1F FF 05 8A 02 9B 80 B5 4C D4 84 9D 41 F3 08 95 D3 00 E6 0E 14 58 00 00 2B 11 00 5A 08 65 00 2E 02 6E FC FC 65 45 03 01 78 C2 78 D9 0C 3A 9B 00 0C 67 22 29 AA AA 
Time:	12:50:36,717
Send:	220001
Receive: 62 00 01 02 8D 00 A0 2A 38 3E 2A 02 ED 02 28 19 FA 05 03 02 58 80 2E 4C BC 7F 1D 41 F3 08 95 97 00 E6 0E 14 58 00 00 2B 11 00 5A 08 66 00 2E 02 6E FC FC 65 45 03 01 78 C2 78 D9 0C 3A 9B 00 0A 86 1E 2E AA AA 
Time:	12:50:37,113
Send:	220001
Receive: 62 00 01 02 8D 00 A0 29 DE 3E 2F 01 FD 01 98 00 00 03 48 01 86 80 28 4C 3B 87 9D 41 F3 08 94 BE 00 E6 06 F9 58 00 00 2B 11 00 5A 08 6B 00 2E 02 70 FA 5A 65 45 03 01 79 C8 78 D9 0C 3A 9B 00 07 2B 16 29 AA AA 
Time:	12:50:37,507
Send:	220001

Fixed toLineMF: 03E 62 00 01 02 8D 00 A0 29 70 3D 31 01 98 01 4B 00 00 02 8C 01 2C 80 98 4C A7 87 1D 41 F3 08 94 93 00 E6 06 F9 58 00 00 2B 11 00 5A 08 70 00 2E 02 79 C8 78 D9 0C 3A 9B 00 05 9C 12 88 AA AA 
Receive: 62 00 01 02 8D 00 A0 29 70 3D 31 01 98 01 4B 00 00 02 8C 01 2C 80 98 4C A7 87 1D 41 F3 08 94 93 00 E6 06 F9 58 00 00 2B 11 00 5A 08 70 00 2E 02 79 C8 78 D9 0C 3A 9B 00 05 9C 12 88 AA AA 

Fixed toLineMF: 03E 62 00 01 02 8D 00 A0 29 70 3D 31 01 98 01 4B 00 00 02 8C 01 2C 80 98 4C A7 87 1D 41 F3 08 94 93 00 E6 06 F9 58 00 00 2B 11 00 5A 08 70 00 2E 02 79 C8 78 D9 0C 3A 9B 00 05 9C 12 88 AA AA 
Time:	12:50:37,899
Send:	220001
Receive: 62 00 01 02 8D 00 A0 29 5C 3D 2E 02 AC 02 30 1F CC 03 D1 01 B2 80 77 4C 50 8B DD 41 F3 08 94 E4 00 E6 06 F9 59 00 00 2B 11 00 5A 08 71 00 2E 02 71 FC F8 65 45 03 01 78 C0 78 D9 0C 3A 9B 00 0A 27 1D 36 AA AA 
Time:	12:50:38,299
Send:	220001
Receive: 62 00 01 02 8D 00 A0 29 80 3D 29 03 99 02 69 21 A8 05 A9 02 98 80 B6 4C D1 82 DD 41 F3 08 95 C3 00 E6 08 B9 59 00 00 2B 11 00 5A 08 70 00 2E 02 71 FC F9 65 45 03 01 78 C2 78 D9 0C 3A 9B 00 0D 08 23 6E AA AA 
Time:	12:50:38,693
Send:	220001
Receive: 62 00 01 02 8D 00 A0 29 34 3D 1D 02 25 01 9F 00 00 03 EC 01 D1 80 25 4C BC 7D 7D 41 F3 08 94 D9 00 E6 08 B9 59 00 00 2B 11 00 5A 08 75 00 2E 02 72 FA 5D 65 45 03 01 79 C8 78 D9 0C 3A 9B 00 08 64 18 EA AA AA 
Time:	12:50:39,095
Send:	220001
Receive: 62 00 01 02 8D 00 A0 28 E0 3C 30 01 C9 01 6E 00 00 02 F9 01 5A 80 2B 4C 3C 85 1D 41 F3 08 94 2D 00 E6 06 66 59 00 00 2B 11 00 5A 08 79 00 2E 02 74 FA 5F 65 45 03 01 79 C8 78 D9 0C 3A 9B 00 06 8C 14 BA AA AA 
Time:	12:50:39,495
Send:	220001

Fixed toLineMF: 03E 62 00 01 02 8D 00 A0 28 B0 3C 32 01 79 01 39 0F 61 02 5F 01 10 80 9B 4C A2 85 1D 06 66 59 00 00 2B 11 00 5A 08 7A 00 2E 02 74 FC F5 65 45 03 01 78 C8 78 D9 0C 3A 9B 00 05 9D 12 51 AA AA 
Receive: 62 00 01 02 8D 00 A0 28 B0 3C 32 01 79 01 39 0F 61 02 5F 01 10 80 9B 4C A2 85 1D 06 66 59 00 00 2B 11 00 5A 08 7A 00 2E 02 74 FC F5 65 45 03 01 78 C8 78 D9 0C 3A 9B 00 05 9D 12 51 AA AA 

Fixed toLineMF: 03E 62 00 01 02 8D 00 A0 28 B0 3C 32 01 79 01 39 0F 61 02 5F 01 10 80 9B 4C A2 85 1D 06 66 59 00 00 2B 11 00 5A 08 7A 00 2E 02 74 FC F5 65 45 03 01 78 C8 78 D9 0C 3A 9B 00 05 9D 12 51 AA AA 
Time:	12:50:39,919
Send:	220001
Receive: 62 00 01 02 8D 00 A0 28 7A 3C 2B 04 08 02 B4 2B A3 05 8B 02 63 80 A9 4C BC 86 9D 41 F3 08 95 50 00 E6 06 66 59 00 00 2B 11 00 5A 08 7D 00 2E 02 75 FC F4 65 45 03 01 78 C0 78 D9 0C 3A 9B 00 0F 89 28 D7 AA AA 
Time:	12:50:40,313
Send:	220001
Receive: 62 00 01 02 8D 00 A0 28 96 3C 24 04 7A 02 DF 2C 7A 07 5D 03 51 80 B8 4C D6 7C 9D 41 F3 08 94 D3 00 E6 0D 60 59 00 00 2B 11 00 5A 08 7C 00 2E 02 75 FC F4 65 45 03 01 78 C2 78 D9 0C 3A 9B 00 10 B6 2B 2C AA AA 
Time:	12:50:40,713
Send:	220001

Fixed toLineMF: 03E 62 00 01 02 8D 00 A0 28 D2 3C 24 04 00 02 CB 2B DC 07 05 03 2D 80 A0 4C C8 75 9D 41 F3 08 95 E9 00 E6 0D 60 59 00 00 2B 11 74 FC F5 65 45 03 01 78 C2 78 D9 0C 3A 9B 00 10 01 29 C3 AA AA 
Receive: 62 00 01 02 8D 00 A0 28 D2 3C 24 04 00 02 CB 2B DC 07 05 03 2D 80 A0 4C C8 75 9D 41 F3 08 95 E9 00 E6 0D 60 59 00 00 2B 11 74 FC F5 65 45 03 01 78 C2 78 D9 0C 3A 9B 00 10 01 29 C3 AA AA 

Fixed toLineMF: 03E 62 00 01 02 8D 00 A0 28 D2 3C 24 04 00 02 CB 2B DC 07 05 03 2D 80 A0 4C C8 75 9D 41 F3 08 95 E9 00 E6 0D 60 59 00 00 2B 11 74 FC F5 65 45 03 01 78 C2 78 D9 0C 3A 9B 00 10 01 29 C3 AA AA 
Time:	12:50:41,103
Send:	220001

Fixed toLineMF: 03E 62 00 01 02 8D 00 A0 29 08 3C 26 03 92 02 8C 27 7A 06 41 02 41 F3 08 96 1B 00 E6 0C 37 59 00 00 2B 11 00 5A 08 77 00 2E 02 73 FC F6 65 45 03 01 78 C2 78 D9 0C 3A 9B 00 0E 4C 26 26 AA AA 
Receive: 62 00 01 02 8D 00 A0 29 08 3C 26 03 92 02 8C 27 7A 06 41 02 41 F3 08 96 1B 00 E6 0C 37 59 00 00 2B 11 00 5A 08 77 00 2E 02 73 FC F6 65 45 03 01 78 C2 78 D9 0C 3A 9B 00 0E 4C 26 26 AA AA 

Fixed toLineMF: 03E 62 00 01 02 8D 00 A0 29 08 3C 26 03 92 02 8C 27 7A 06 41 02 41 F3 08 96 1B 00 E6 0C 37 59 00 00 2B 11 00 5A 08 77 00 2E 02 73 FC F6 65 45 03 01 78 C2 78 D9 0C 3A 9B 00 0E 4C 26 26 AA AA 
Time:	12:50:41,510
Send:	220001

Fixed toLineMF: 037 62 00 01 02 8D 00 A0 29 0A 3D 2B 02 58 01 C2 0B 6B 04 85 02 19 80 9A 4C 79 7B 5D 41 F3 08 95 1A 00 E6 0C 37 59 00 00 2B 11 73 FC F6 65 45 03 01 78 C0 78 D9 0C 3A 9B 
Receive: 62 00 01 02 8D 00 A0 29 0A 3D 2B 02 58 01 C2 0B 6B 04 85 02 19 80 9A 4C 79 7B 5D 41 F3 08 95 1A 00 E6 0C 37 59 00 00 2B 11 73 FC F6 65 45 03 01 78 C0 78 D9 0C 3A 9B 

Fixed toLineMF: 037 62 00 01 02 8D 00 A0 29 0A 3D 2B 02 58 01 C2 0B 6B 04 85 02 19 80 9A 4C 79 7B 5D 41 F3 08 95 1A 00 E6 0C 37 59 00 00 2B 11 73 FC F6 65 45 03 01 78 C0 78 D9 0C 3A 9B 
Time:	12:50:41,897
Send:	220001

Fixed toLineMF: 037 62 00 01 02 8D 00 A0 29 18 3D 30 01 B3 01 75 00 00 02 FB 01 5E 80 24 4C 38 80 5D 0C 37 59 00 00 2B 11 00 5A 08 74 00 2E 02 72 FA 5D 65 45 03 01 79 C8 78 D9 0C 3A 9B 
Receive: 62 00 01 02 8D 00 A0 29 18 3D 30 01 B3 01 75 00 00 02 FB 01 5E 80 24 4C 38 80 5D 0C 37 59 00 00 2B 11 00 5A 08 74 00 2E 02 72 FA 5D 65 45 03 01 79 C8 78 D9 0C 3A 9B 

Fixed toLineMF: 037 62 00 01 02 8D 00 A0 29 18 3D 30 01 B3 01 75 00 00 02 FB 01 5E 80 24 4C 38 80 5D 0C 37 59 00 00 2B 11 00 5A 08 74 00 2E 02 72 FA 5D 65 45 03 01 79 C8 78 D9 0C 3A 9B 
Time:	12:50:42,272
Send:	220001

Fixed toLineMF: 03E 62 00 01 02 8D 00 A0 28 F0 3C 30 01 C7 01 A5 20 38 02 D7 01 41 80 27 4C 3B 84 DD 41 F3 08 94 12 00 E6 05 3B 59 00 00 2B 11 00 5A 08 77 00 2E 02 73 FC F6 65 45 03 01 00 06 BF 15 24 AA AA 
Receive: 62 00 01 02 8D 00 A0 28 F0 3C 30 01 C7 01 A5 20 38 02 D7 01 41 80 27 4C 3B 84 DD 41 F3 08 94 12 00 E6 05 3B 59 00 00 2B 11 00 5A 08 77 00 2E 02 73 FC F6 65 45 03 01 00 06 BF 15 24 AA AA 

Fixed toLineMF: 03E 62 00 01 02 8D 00 A0 28 F0 3C 30 01 C7 01 A5 20 38 02 D7 01 41 80 27 4C 3B 84 DD 41 F3 08 94 12 00 E6 05 3B 59 00 00 2B 11 00 5A 08 77 00 2E 02 73 FC F6 65 45 03 01 00 06 BF 15 24 AA AA 
Time:	12:50:42,659
Send:	220001

Fixed toLineMF: 03E 62 00 01 02 8D 00 A0 29 3E 3C 24 05 31 03 65 30 A3 07 EE 03 96 80 B9 4C C5 81 FD 41 F3 08 93 18 00 E6 05 3B 59 00 00 2B 11 00 5A 08 73 00 2E 02 72 FC F8 65 45 03 01 00 12 88 2F 00 AA AA 
Receive: 62 00 01 02 8D 00 A0 29 3E 3C 24 05 31 03 65 30 A3 07 EE 03 96 80 B9 4C C5 81 FD 41 F3 08 93 18 00 E6 05 3B 59 00 00 2B 11 00 5A 08 73 00 2E 02 72 FC F8 65 45 03 01 00 12 88 2F 00 AA AA 

Fixed toLineMF: 03E 62 00 01 02 8D 00 A0 29 3E 3C 24 05 31 03 65 30 A3 07 EE 03 96 80 B9 4C C5 81 FD 41 F3 08 93 18 00 E6 05 3B 59 00 00 2B 11 00 5A 08 73 00 2E 02 72 FC F8 65 45 03 01 00 12 88 2F 00 AA AA 
Time:	12:50:43,046
Send:	220001

Fixed toLineMF: 03E 62 00 01 02 8D 00 02 F2 2E 56 07 47 03 5B 80 B1 4C D0 7A BD 41 F3 08 95 56 00 E6 0F 20 59 00 00 2B 11 00 5A 08 6D 00 2E 02 70 FC F9 65 45 03 01 78 C2 78 D9 0C 3A 9B 00 10 AA 2B 43 AA AA 
Receive: 62 00 01 02 8D 00 02 F2 2E 56 07 47 03 5B 80 B1 4C D0 7A BD 41 F3 08 95 56 00 E6 0F 20 59 00 00 2B 11 00 5A 08 6D 00 2E 02 70 FC F9 65 45 03 01 78 C2 78 D9 0C 3A 9B 00 10 AA 2B 43 AA AA 

Fixed toLineMF: 03E 62 00 01 02 8D 00 02 F2 2E 56 07 47 03 5B 80 B1 4C D0 7A BD 41 F3 08 95 56 00 E6 0F 20 59 00 00 2B 11 00 5A 08 6D 00 2E 02 70 FC F9 65 45 03 01 78 C2 78 D9 0C 3A 9B 00 10 AA 2B 43 AA AA 
Time:	12:50:43,450
Send:	220001
Receive: 62 00 01 02 8D 00 A0 2A 18 3E 24 04 30 02 D5 2B 3D 07 0B 03 48 80 35 4C 53 7C 5D 41 F3 08 96 4C 00 E6 0F 20 59 00 00 2B 11 00 5A 08 68 00 2E 02 6F FC FB 65 45 03 01 78 C2 78 D9 0C 3A 9B 00 10 0C 29 F1 AA AA 
Time:	12:50:43,835
Send:	220001
Receive: 62 00 01 02 8D 00 A0 2A 7C 3F 25 03 DE 02 BE 26 A8 06 A1 03 20 80 95 4C 61 7B 1D 41 F3 08 96 DC 00 E6 0F 20 59 00 00 2B 11 00 5A 08 67 00 2E 02 6E FC FC 65 45 03 01 78 C2 78 D9 0C 3A 9B 00 0F 30 28 00 AA AA 
Time:	12:50:44,233
Send:	220001

Fixed toLineMF: 03E 62 00 01 02 8D 00 A0 2A 86 3F 2F 01 D2 01 95 00 00 03 46 01 8C 80 21 4C 37 80 5D 0D 70 58 00 00 2B 11 00 5A 08 67 00 2E 02 6E FA 56 65 45 03 01 79 C8 78 D9 0C 3A 9B 00 07 85 16 E2 AA AA 
Receive: 62 00 01 02 8D 00 A0 2A 86 3F 2F 01 D2 01 95 00 00 03 46 01 8C 80 21 4C 37 80 5D 0D 70 58 00 00 2B 11 00 5A 08 67 00 2E 02 6E FA 56 65 45 03 01 79 C8 78 D9 0C 3A 9B 00 07 85 16 E2 AA AA 

Fixed toLineMF: 03E 62 00 01 02 8D 00 A0 2A 86 3F 2F 01 D2 01 95 00 00 03 46 01 8C 80 21 4C 37 80 5D 0D 70 58 00 00 2B 11 00 5A 08 67 00 2E 02 6E FA 56 65 45 03 01 79 C8 78 D9 0C 3A 9B 00 07 85 16 E2 AA AA 
Time:	12:50:44,623
Send:	220001
Receive: 62 00 01 02 8D 00 A0 2A 76 3F 31 01 89 01 50 09 57 02 81 01 2F 80 25 4C 38 85 1D 41 F3 08 95 40 00 E6 0D 70 58 00 00 2B 11 00 5A 08 66 00 2E 02 6E FC FC 65 45 03 01 78 C8 78 D9 0C 3A 9B 00 05 B8 12 E1 AA AA 
Time:	12:50:45,043
Send:	220001

Fixed toLineMF: 03E 62 00 01 02 8D 00 A0 2A A6 3F 2C 03 D9 02 BE 2C 7A 05 42 02 62 80 7F 4C 3D 8A 1D 41 F3 08 95 B2 00 E6 00 5A 08 66 00 2E 02 6E FC FC 65 45 03 01 78 C0 78 D9 0C 3A 9B 00 0B 88 20 21 AA AA 
Receive: 62 00 01 02 8D 00 A0 2A A6 3F 2C 03 D9 02 BE 2C 7A 05 42 02 62 80 7F 4C 3D 8A 1D 41 F3 08 95 B2 00 E6 00 5A 08 66 00 2E 02 6E FC FC 65 45 03 01 78 C0 78 D9 0C 3A 9B 00 0B 88 20 21 AA AA 

Fixed toLineMF: 03E 62 00 01 02 8D 00 A0 2A A6 3F 2C 03 D9 02 BE 2C 7A 05 42 02 62 80 7F 4C 3D 8A 1D 41 F3 08 95 B2 00 E6 00 5A 08 66 00 2E 02 6E FC FC 65 45 03 01 78 C0 78 D9 0C 3A 9B 00 0B 88 20 21 AA AA 
Time:	12:50:45,426
Send:	220001

Fixed toLineMF: 03E 62 00 01 02 8D 00 A0 2B 00 3F 24 04 B0 03 06 2C 7A 07 65 03 87 80 B9 4C CF 82 1D 41 F3 08 94 B8 00 E6 07 0A 58 00 00 2B 11 00 5A 08 66 00 2E 02 6E FC FC 65 45 03 01 78 C2 78 D9 0C 3A 9B 
Receive: 62 00 01 02 8D 00 A0 2B 00 3F 24 04 B0 03 06 2C 7A 07 65 03 87 80 B9 4C CF 82 1D 41 F3 08 94 B8 00 E6 07 0A 58 00 00 2B 11 00 5A 08 66 00 2E 02 6E FC FC 65 45 03 01 78 C2 78 D9 0C 3A 9B 

Fixed toLineMF: 03E 62 00 01 02 8D 00 A0 2B 00 3F 24 04 B0 03 06 2C 7A 07 65 03 87 80 B9 4C CF 82 1D 41 F3 08 94 B8 00 E6 07 0A 58 00 00 2B 11 00 5A 08 66 00 2E 02 6E FC FC 65 45 03 01 78 C2 78 D9 0C 3A 9B 
Time:	12:50:45,798
Send:	220001
Receive: NO DATA
Time:	12:50:46,076
Send:	220001
Receive: NO DATA
Time:	12:50:46,364
Send:	220001
Receive: NO DATA
Time:	12:50:46,658
Send:	220001
Receive: NO DATA
Time:	12:50:46,944
Send:	220001
Receive: NO DATA
Time:	12:50:47,234
Send:	220001
Receive: NO DATA
Time:	12:50:47,525
Send:	220001
Receive: NO DATA
Time:	12:50:47,819
Send:	220001
Receive: 62 00 01 02 8D 00 A1 2C 7C 42 F2 00 00 01 16 00 00 01 BD 00 DB 80 19 4C 2F 7F FD 41 F3 08 95 40 00 E6 04 7A 58 00 00 2B 11 00 5A 08 66 00 2E 02 6E FA 3E 65 45 03 01 29 C9 78 D9 0C 3A 9B 00 04 00 0E AA AA AA 
Time:	12:50:48,207
Send:	220001
Receive: 62 00 01 02 8D 00 A1 2C 44 41 F1 00 00 01 14 00 00 01 C0 00 DC 80 17 4C 2C 7F FD 41 F3 08 95 40 00 E6 00 00 58 00 00 2B 11 00 5A 08 66 00 2E 02 6E FA 40 65 45 03 01 29 C9 78 D9 0C 3A 9B 00 04 0F 0E CF AA AA 
Time:	12:50:48,613
Send:	220001
Receive: 62 00 01 02 8D 00 A1 2C 22 41 F1 00 00 01 14 00 00 01 C3 00 DA 80 16 4C 2C 7F FD 41 F3 08 95 40 00 E6 00 00 59 00 00 2B 11 00 5A 08 67 00 2E 02 6E FA 42 65 45 03 01 29 C9 78 D9 0C 3A 9B 00 04 05 0E B6 AA AA 
Time:	12:50:49,015
Send:	220001

Fixed toLineMF: 03E 62 00 01 02 8D 00 01 14 00 00 01 C0 00 DA 80 17 4C 2C 7F FD 41 F3 08 95 40 00 E6 00 00 59 00 00 2B 11 00 5A 08 68 00 2E 02 6F FA 41 65 45 03 01 29 C9 78 D9 0C 3A 9B 00 04 0B 0E C7 AA AA 
Receive: 62 00 01 02 8D 00 01 14 00 00 01 C0 00 DA 80 17 4C 2C 7F FD 41 F3 08 95 40 00 E6 00 00 59 00 00 2B 11 00 5A 08 68 00 2E 02 6F FA 41 65 45 03 01 29 C9 78 D9 0C 3A 9B 00 04 0B 0E C7 AA AA 

Fixed toLineMF: 03E 62 00 01 02 8D 00 01 14 00 00 01 C0 00 DA 80 17 4C 2C 7F FD 41 F3 08 95 40 00 E6 00 00 59 00 00 2B 11 00 5A 08 68 00 2E 02 6F FA 41 65 45 03 01 29 C9 78 D9 0C 3A 9B 00 04 0B 0E C7 AA AA 
Time:	12:50:49,412
Send:	220001
Receive: 62 00 01 02 8D 00 A1 2B DE 41 F1 00 00 01 14 00 00 01 C2 00 D9 80 17 4C 2C 7F FD 41 F3 08 95 40 00 E6 00 00 59 00 00 2B 11 00 5A 08 69 00 2E 02 6F FA 43 65 45 03 01 29 C9 78 D9 0C 3A 9B 00 04 07 0E BC AA AA 
Time:	12:50:49,805
Send:	220001

Fixed toLineMF: 03E 62 00 01 02 8D 00 A1 2B CE 41 F1 00 00 01 14 00 00 01 C3 00 D8 80 17 4C 2C 7F FD 41 F3 08 95 40 00 E6 00 00 59 00 00 2B 11 00 5A 08 69 00 2E 02 6F FA 43 65 45 03 01 29 C9 78 D9 0C 3A 9B 
Receive: 62 00 01 02 8D 00 A1 2B CE 41 F1 00 00 01 14 00 00 01 C3 00 D8 80 17 4C 2C 7F FD 41 F3 08 95 40 00 E6 00 00 59 00 00 2B 11 00 5A 08 69 00 2E 02 6F FA 43 65 45 03 01 29 C9 78 D9 0C 3A 9B 

Fixed toLineMF: 03E 62 00 01 02 8D 00 A1 2B CE 41 F1 00 00 01 14 00 00 01 C3 00 D8 80 17 4C 2C 7F FD 41 F3 08 95 40 00 E6 00 00 59 00 00 2B 11 00 5A 08 69 00 2E 02 6F FA 43 65 45 03 01 29 C9 78 D9 0C 3A 9B 
Time:	12:50:50,179
Send:	220001
Receive: 62 00 01 02 8D 00 A1 2B C8 40 F1 00 00 01 14 00 00 01 C2 00 DA 80 17 4C 2C 7F FD 41 F3 08 95 40 00 E6 00 00 59 00 00 2B 11 00 5A 08 6A 00 2E 02 6F FA 42 65 45 03 01 29 C9 78 D9 0C 3A 9B 00 04 0A 0E C7 AA AA 
Time:	12:50:50,575
Send:	220001
Receive: 62 00 01 02 8D 00 A1 2B C4 41 EF 00 00 01 2D 00 00 01 EF 00 EE 80 17 4C 2C 7F FD 41 F3 08 95 40 00 E6 00 00 5A 00 00 2B 11 00 5A 08 6B 00 2E 02 70 FA 42 65 45 03 01 29 C9 78 D9 0C 3A 9B 00 04 75 0F D6 AA AA 
Time:	12:50:50,976
Send:	220001
Receive: 62 00 01 02 8D 00 A1 2B A6 40 EF 00 00 01 2D 00 00 01 F5 00 F0 80 17 4C 2C 7F FD 41 F3 08 95 40 00 E6 00 00 5A 00 00 2B 11 00 5A 08 6C 00 2E 02 70 FA 44 65 45 03 01 29 C9 78 D9 0C 3A 9B 00 04 79 0F DF AA AA 
Time:	12:50:51,363
Send:	220001

Fixed toLineMF: 03E 62 00 01 02 8D 00 A1 2B 70 40 EF 00 00 01 2B 00 00 01 F5 00 F0 80 17 4C 2C 7F FD 41 F3 08 95 40 00 E6 00 00 5A 00 00 2B 11 00 5A 08 6C 00 2E 02 29 C9 78 D9 0C 3A 9B 00 04 7E 0F EC AA AA 
Receive: 62 00 01 02 8D 00 A1 2B 70 40 EF 00 00 01 2B 00 00 01 F5 00 F0 80 17 4C 2C 7F FD 41 F3 08 95 40 00 E6 00 00 5A 00 00 2B 11 00 5A 08 6C 00 2E 02 29 C9 78 D9 0C 3A 9B 00 04 7E 0F EC AA AA 

Fixed toLineMF: 03E 62 00 01 02 8D 00 A1 2B 70 40 EF 00 00 01 2B 00 00 01 F5 00 F0 80 17 4C 2C 7F FD 41 F3 08 95 40 00 E6 00 00 5A 00 00 2B 11 00 5A 08 6C 00 2E 02 29 C9 78 D9 0C 3A 9B 00 04 7E 0F EC AA AA 
Time:	12:50:51,763
Send:	220001
Receive: 62 00 01 02 8D 00 A1 2B 06 3F EF 00 00 01 28 00 00 01 F8 00 EE 80 17 4C 2C 7F FD 41 F3 08 95 40 00 E6 00 00 5A 00 00 2B 11 00 5A 08 6D 00 2E 02 70 FA 4D 65 45 03 01 29 C9 78 D9 0C 3A 9B 00 04 85 10 01 AA AA 
Time:	12:50:52,163
Send:	220001
Receive: 62 00 01 02 8D 00 A1 2A B8 3F EF 00 00 01 25 00 00 01 F6 00 EE 80 16 4C 2C 7F FD 41 F3 08 95 40 00 E6 00 00 5A 00 00 2B 11 00 5A 08 6D 00 2E 02 70 FA 4F 65 45 03 01 29 C9 78 D9 0C 3A 9B 00 04 80 0F F6 AA AA 
Time:	12:50:52,576
Send:	220001

Fixed toLineMF: 03E 62 00 01 02 8D 00 A1 2A 5C 3E ED 00 00 01 23 00 00 01 F6 00 EC 80 17 4C 2C 7F FD 41 F3 08 95 40 00 E6 00 00 5A 00 00 2B 11 00 5A 08 6D 00 2E 02 29 C9 78 D9 0C 3A 9B 00 04 8E 10 1B AA AA 
Receive: 62 00 01 02 8D 00 A1 2A 5C 3E ED 00 00 01 23 00 00 01 F6 00 EC 80 17 4C 2C 7F FD 41 F3 08 95 40 00 E6 00 00 5A 00 00 2B 11 00 5A 08 6D 00 2E 02 29 C9 78 D9 0C 3A 9B 00 04 8E 10 1B AA AA 

Fixed toLineMF: 03E 62 00 01 02 8D 00 A1 2A 5C 3E ED 00 00 01 23 00 00 01 F6 00 EC 80 17 4C 2C 7F FD 41 F3 08 95 40 00 E6 00 00 5A 00 00 2B 11 00 5A 08 6D 00 2E 02 29 C9 78 D9 0C 3A 9B 00 04 8E 10 1B AA AA 
Time:	12:50:52,989
Send:	220001
Receive: 62 00 01 02 8D 00 A1 29 E6 3E ED 00 00 01 21 00 00 02 02 00 EC 80 17 4C 2C 7F FD 41 F3 08 95 04 00 E6 00 00 5A 00 00 2B 11 00 5A 08 72 00 2E 02 72 FA 55 65 45 03 01 29 C9 78 D9 0C 3A 9B 00 04 B1 10 18 AA AA 
Time:	12:50:53,397
Send:	220001
Receive: 62 00 01 02 8D 00 A1 29 60 3D EC 00 00 01 1C 00 00 02 0B 00 EE 80 17 4C 2D 7F FD 41 F3 08 94 A3 00 E6 00 00 5A 00 00 2B 11 00 5A 08 79 00 2E 02 74 FA 58 65 45 03 01 29 C9 78 D9 0C 3A 9B 00 04 B2 0F FD AA AA 
Time:	12:50:53,777
Send:	220001
Receive: 62 00 01 02 8D 00 A1 28 E6 3C EC 00 00 01 14 00 00 02 1A 00 F1 80 16 4C 2C 7F FD 41 F3 08 94 12 00 E6 00 00 5A 00 00 2B 11 00 5A 08 7F 00 2E 02 76 FA 58 65 45 03 01 29 C9 78 D9 0C 3A 9B 00 04 CD 0F F9 AA AA 
Time:	12:50:54,178
Send:	220001
Receive: 62 00 01 02 8D 00 A1 28 82 3C EC 00 00 01 12 00 00 02 21 00 F3 80 17 4C 2C 7F FD 41 F3 08 93 D7 00 E6 00 00 5A 00 00 2B 11 00 5A 08 84 00 2E 02 77 FA 5A 65 45 03 01 29 C9 78 D9 0C 3A 9B 00 04 E1 0F EA AA AA 
Time:	12:50:54,573
Send:	220001
Receive: 62 00 01 02 8D 00 A1 28 22 3B EC 00 00 01 12 00 00 02 28 00 F3 80 16 4C 2D 7F FD 41 F3 08 93 6C 00 E6 00 00 5A 00 00 2B 11 00 5A 08 89 00 2E 02 78 FA 5C 65 45 03 01 29 C9 78 D9 0C 3A 9B 00 04 F6 0F F1 AA AA 
Time:	12:50:54,963
Send:	220001
Receive: 62 00 01 02 8D 00 A1 27 AE 3B EC 00 00 01 03 00 D1 02 24 00 F0 80 16 4C 2D 7F FD 41 F3 08 93 28 00 E6 00 00 5A 00 00 2B 11 00 5A 08 8E 00 2E 02 7A FA 5D 65 45 03 01 29 C9 78 D9 0C 3A 9B 00 04 EB 0F A4 AA AA 
Time:	12:50:55,373
Send:	220001

Fixed toLineMF: 03E 62 00 01 02 8D 00 A1 27 9E 3A 2C 01 F8 01 B4 25 6B 02 D7 01 34 78 3D 4C 35 81 DD 41 F3 08 93 42 00 E6 00 5A 08 8E 00 2E 02 7A FC EE 65 45 03 01 38 C8 78 D9 0C 3A 9B 00 07 62 15 F7 AA AA 
Receive: 62 00 01 02 8D 00 A1 27 9E 3A 2C 01 F8 01 B4 25 6B 02 D7 01 34 78 3D 4C 35 81 DD 41 F3 08 93 42 00 E6 00 5A 08 8E 00 2E 02 7A FC EE 65 45 03 01 38 C8 78 D9 0C 3A 9B 00 07 62 15 F7 AA AA 

Fixed toLineMF: 03E 62 00 01 02 8D 00 A1 27 9E 3A 2C 01 F8 01 B4 25 6B 02 D7 01 34 78 3D 4C 35 81 DD 41 F3 08 93 42 00 E6 00 5A 08 8E 00 2E 02 7A FC EE 65 45 03 01 38 C8 78 D9 0C 3A 9B 00 07 62 15 F7 AA AA 
Time:	12:50:55,791
Send:	220001
Receive: 62 00 01 02 8D 00 A1 27 44 3A 13 03 39 01 E5 01 05 05 61 02 5E 79 C0 4C D5 79 FD 41 F3 08 94 DE 00 E6 00 00 5B 00 00 2B 11 00 5A 08 94 00 2E 02 7C FA 5E 65 45 03 01 79 CA 78 D9 0C 3A 9B 00 0B CB 1F 7A AA AA 
Time:	12:50:56,281
Send:	220001
Receive: 62 00 01 02 8D 00 A1 27 12 3A 1D 01 C9 01 5F 00 00 03 47 01 68 80 2E 4C 88 77 5D 41 F3 08 92 84 00 E6 08 B9 5B 00 00 2B 11 00 5A 08 97 00 2E 02 7C FA 62 65 45 03 01 79 C8 78 D9 0C 3A 9B 00 07 78 15 83 AA AA 
Time:	12:50:56,713
Send:	220001
Receive: 62 00 01 02 8D 00 A1 27 06 39 2F 01 80 01 37 00 00 02 C4 01 31 80 57 4C 75 74 FD 41 F3 08 92 8A 00 E6 08 B9 5A 00 00 2B 11 00 5A 08 96 00 2E 02 7C FA 62 65 45 03 01 79 C8 78 D9 0C 3A 9B 00 06 37 12 86 AA AA 
Time:	12:50:57,123
Send:	220001
Receive: 62 00 01 02 8D 00 A1 26 90 39 1A 01 69 00 C7 00 00 02 78 01 0B 80 88 4C 82 7A 1D 41 F3 08 92 26 00 E6 04 44 5A 00 00 2B 11 00 5A 08 9D 00 2E 02 7E FA 62 65 45 03 01 79 C8 78 D9 0C 3A 9B 00 04 91 0E 8B AA AA 
Time:	12:50:57,514
Send:	220001
Receive: 62 00 01 02 8D 00 A1 26 7E 39 1D 01 59 01 44 17 E6 02 43 00 F5 7D 2C 4C 8B 77 5D 41 F3 08 92 36 00 E6 04 44 5A 00 00 2B 11 00 5A 08 9C 00 2E 02 7E FC E9 65 45 03 01 78 C8 78 D9 0C 3A 9B 00 06 2B 12 21 AA AA 
Time:	12:50:57,914
Send:	220001
Receive: 62 00 01 02 8D 00 A1 26 24 38 05 02 F7 01 F9 19 5C 04 DC 02 09 7F B6 4C C7 73 FD 41 F3 08 94 6D 00 E6 04 44 5A 00 00 2B 11 00 5A 08 A5 00 2E 02 80 FC E6 65 45 03 01 78 C0 78 D9 0C 3A 9B 00 0B 83 1E 3D AA AA 
Time:	12:50:58,313
Send:	220001
Receive: 62 00 01 02 8D 00 A1 26 34 38 2A 02 96 01 D6 18 F0 04 E8 02 15 80 B4 4C D4 6C 7D 41 F3 08 94 82 00 E6 08 88 5A 00 00 2B 11 00 5A 08 A0 00 2E 02 7F FC E7 65 45 03 01 78 C0 78 D9 0C 3A 9B 00 0B 43 1D 93 AA AA 
Time:	12:50:58,724
Send:	220001
Receive: 62 00 01 02 8D 00 A1 26 36 38 2B 02 45 01 A7 13 F0 04 94 01 F5 80 A5 4C CE 68 3D 41 F3 08 94 6D 00 E6 08 88 5A 00 00 2B 11 00 5A 08 A0 00 2E 02 7F FC E7 65 45 03 01 78 C0 78 D9 0C 3A 9B 00 09 BA 1A 58 AA AA 
Time:	12:50:59,147
Send:	220001
Receive: 62 00 01 02 8D 00 A1 26 2A 38 2D 01 D4 01 70 0C E1 03 95 01 81 80 2C 4C 3D 6D 9D 41 F3 08 92 8F 00 E6 05 55 5A 00 00 2B 11 00 5A 08 A0 00 2E 02 7F FC E7 65 45 03 01 78 C0 78 D9 0C 3A 9B 00 08 2E 16 94 AA AA 
Time:	12:50:59,568
Send:	220001
Receive: 62 00 01 02 8D 00 A0 26 26 38 2D 01 D2 01 73 0C E1 03 86 01 7C 80 A1 4C A8 6C DD 41 F3 08 92 55 00 E6 05 55 5A 00 00 2B 11 00 5A 08 9F 00 2E 02 7F FC E8 65 45 03 01 78 C0 78 D9 0C 3A 9B 00 08 33 16 70 AA AA 
Time:	12:50:59,954
Send:	220001
Receive: 62 00 01 02 8D 00 A0 26 08 38 2B 02 6F 01 D4 19 5C 04 6D 01 DB 80 A8 4C B3 6B FD 41 F3 08 94 62 00 E6 06 EE 5A 00 00 2B 11 00 5A 08 A1 00 2E 02 7F FC E7 65 45 03 01 78 C0 78 D9 0C 3A 9B 00 0A 7A 1B C4 AA AA 
Time:	12:51:00,383
Send:	220001
Receive: 62 00 01 02 8D 00 A0 25 FE 38 29 02 A4 01 E8 1C 42 05 1F 02 28 80 AE 4C CC 66 5D 41 F3 08 94 78 00 E6 06 EE 5A 00 00 2B 11 00 5A 08 A1 00 2E 02 7F FC E7 65 45 03 01 78 C0 78 D9 0C 3A 9B 00 0B C8 1E 82 AA AA 
Time:	12:51:00,776
Send:	220001
Receive: 62 00 01 02 8D 00 A0 26 0E 38 29 02 8C 01 E0 1C 42 05 14 02 1E 80 2A 4C 85 65 DD 41 F3 08 94 78 00 E6 06 EE 5A 00 00 2B 11 00 5A 08 A0 00 2E 02 7F FC E7 65 45 03 01 78 C0 78 D9 0C 3A 9B 00 0B A0 1E 3A AA AA 
Time:	12:51:01,167
Send:	220001
Receive: 62 00 01 02 8D 00 A0 26 06 38 2A 02 8B 01 DE 1B A3 05 0F 02 1C 80 6F 4C A6 65 1D 41 F3 08 94 78 00 E6 07 77 5A 00 00 2B 11 00 5A 08 A1 00 2E 02 7F FC E7 65 45 03 01 78 C0 78 D9 0C 3A 9B 00 0B 6B 1D E1 AA AA 
Time:	12:51:01,555
Send:	220001
Receive: 62 00 01 02 8D 00 A0 26 1C 38 2A 02 90 01 DB 1B 05 04 FB 02 17 80 A1 4C 9A 68 7D 41 F3 08 94 72 00 E6 07 77 5A 00 00 2B 11 00 5A 08 9F 00 2E 02 7F FC E8 65 45 03 01 78 C0 78 D9 0C 3A 9B 00 0B 65 1D B0 AA AA 
Time:	12:51:01,964
Send:	220001
Receive: 62 00 01 02 8D 00 A0 26 34 38 2A 02 81 01 D9 1B 05 04 D8 02 0B 80 31 4C 44 6B 7D 41 F3 08 94 82 00 E6 07 77 5A 00 00 2B 11 00 5A 08 9D 00 2E 02 7E FC E8 65 45 03 01 78 C0 78 D9 0C 3A 9B 00 0B 1E 1D 46 AA AA 
Time:	12:51:02,354
Send:	220001
Receive: 62 00 01 02 8D 00 A0 26 2E 38 2A 02 76 01 DB 1B 70 04 E5 02 0D 80 55 4C AE 65 BD 41 F3 08 94 7D 00 E6 07 77 59 00 00 2B 11 00 5A 08 9D 00 2E 02 7E FC E8 65 45 03 01 78 C0 78 D9 0C 3A 9B 00 0B 40 1D 85 AA AA 
Time:	12:51:02,768
Send:	220001
Receive: 62 00 01 02 8D 00 A0 26 36 38 2A 02 7F 01 DE 1B 70 04 E9 02 13 80 A2 4C AE 67 BD 41 F3 08 94 7D 00 E6 07 77 59 00 00 2B 11 00 5A 08 9C 00 2E 02 7E FC E9 65 45 03 01 78 C0 78 D9 0C 3A 9B 00 0B 49 1D 9D AA AA 
Time:	12:51:03,184
Send:	220001
Receive: 62 00 01 02 8D 00 A0 26 3E 38 2A 02 7E 01 DE 1B 70 04 E7 02 15 80 A2 4C AE 67 BD 41 F3 08 94 82 00 E6 07 77 59 00 00 2B 11 00 5A 08 9B 00 2E 02 7E FC E9 65 45 03 01 78 C0 78 D9 0C 3A 9B 00 0B 4A 1D AD AA AA 
Time:	12:51:03,575
Send:	220001
Receive: 62 00 01 02 8D 00 A0 26 52 38 2A 02 90 01 E3 1B D6 04 FC 02 1A 80 A1 4C 85 69 1D 41 F3 08 94 88 00 E6 07 77 59 00 00 2B 11 00 5A 08 9A 00 2E 02 7D FC E9 65 45 03 01 78 C0 78 D9 0C 3A 9B 00 0B 7C 1E 14 AA AA 
Time:	12:51:03,965
Send:	220001
Receive: 62 00 01 02 8D 00 A0 26 5E 38 2A 02 8A 01 E3 1B 05 04 F5 02 1E 80 9D 4C 99 69 5D 41 F3 08 94 93 00 E6 07 77 59 00 00 2B 11 00 5A 08 99 00 2E 02 7D FC EA 65 45 03 01 78 C0 78 D9 0C 3A 9B 00 0B 74 1E 03 AA AA 
Time:	12:51:04,348
Send:	220001
Receive: 62 00 01 02 8D 00 A0 26 4A 38 20 01 BF 01 5C 00 00 03 89 01 7F 80 27 4C 3A 6C 5D 41 F3 08 92 65 00 E6 07 77 59 00 00 2B 11 00 5A 08 9A 00 2E 02 7D FA 69 65 45 03 01 79 C8 78 D9 0C 3A 9B 00 07 FE 16 39 AA AA 
Time:	12:51:04,740
Send:	220001
Receive: 62 00 01 02 8D 00 A0 26 20 38 2B 01 8C 01 32 00 00 02 FB 01 40 80 2D 4C 64 70 BD 41 F3 08 91 ED 00 E6 07 77 59 00 00 2B 11 00 5A 08 9C 00 2E 02 7E FA 68 65 45 03 01 79 C8 78 D9 0C 3A 9B 00 06 C6 13 90 AA AA 
Time:	12:51:05,129
Send:	220001
Receive: 62 00 01 02 8D 00 A0 25 F2 38 29 01 71 01 2B 0B D6 02 BA 01 23 80 9F 4C AF 6F BD 41 F3 08 91 C9 00 E6 04 44 59 00 00 2B 11 00 5A 08 9F 00 2E 02 7F FC E8 65 45 03 01 78 C8 78 D9 0C 3A 9B 00 06 A0 13 15 AA AA 
Time:	12:51:05,530
Send:	220001
Receive: NO DATA
Time:	12:51:05,832
Send:	220001
Receive: NO DATA
Time:	12:51:06,105
Send:	220001
Receive: NO DATA
Time:	12:51:06,405
Send:	220001
Receive: NO DATA
Time:	12:51:06,712
Send:	220001
Receive: NO DATA
Time:	12:51:07,004
Send:	220001
Receive: NO DATA
Time:	12:51:07,312
Send:	220001
Receive: NO DATA
Time:	12:51:07,604
Send:	220001
Receive: 62 00 01 02 8D 00 A0 25 A0 37 2C 02 03 01 89 12 47 04 08 01 A7 80 95 4C A2 65 9D 41 F3 08 94 0C 00 E6 05 DD 59 00 00 2B 11 00 5A 08 A3 00 2E 02 80 FC E6 65 45 03 01 78 C0 78 D9 0C 3A 9B 00 09 41 18 DF AA AA 
Time:	12:51:08,063
Send:	220001
Receive: 62 00 01 02 8D 00 A0 25 80 37 2C 02 05 01 87 12 47 04 05 01 A7 80 2D 4C 48 66 BD 41 F3 08 93 FC 00 E6 05 DD 59 00 00 2B 11 00 5A 08 A4 00 2E 02 80 FC E6 65 45 03 01 78 C0 78 D9 0C 3A 9B 00 09 3B 18 CF AA AA 
Time:	12:51:08,445
Send:	220001
Receive: 62 00 01 02 8D 00 A0 25 62 37 2C 01 F7 01 84 12 47 04 08 01 A6 80 4A 4C AD 61 1E 41 F3 08 93 F2 00 E6 05 DD 59 00 00 2B 11 00 5A 08 A6 00 2E 02 81 FC E5 65 45 03 01 78 C0 78 D9 0C 3A 9B 00 09 46 18 C8 AA AA 
Time:	12:51:08,835
Send:	220001
Receive: 62 00 01 02 8D 00 A0 25 54 37 2C 01 F8 01 84 12 47 04 0A 01 A7 80 9F 4C AC 61 3E 41 F3 08 93 F7 00 E6 05 DD 59 00 00 2B 11 00 5A 08 A7 00 2E 02 81 FC E5 65 45 03 01 78 C0 78 D9 0C 3A 9B 00 09 3F 18 C2 AA AA 
Time:	12:51:09,224
Send:	220001
Receive: 62 00 01 02 8D 00 A0 25 58 37 2C 01 F6 01 82 12 47 04 00 01 A5 80 9F 4C A2 61 FE 41 F3 08 93 D2 00 E6 05 DD 59 00 00 2B 11 00 5A 08 A6 00 2E 02 81 FC E5 65 45 03 01 78 C0 78 D9 0C 3A 9B 00 09 31 18 A4 AA AA 
Time:	12:51:09,634
Send:	220001
Receive: 62 00 01 02 8D 00 A0 25 48 37 2C 02 0C 01 87 13 F0 04 13 01 A9 80 69 4C 60 65 DD 41 F3 08 94 22 00 E6 05 DD 59 00 00 2B 11 00 5A 08 A7 00 2E 02 81 FC E5 65 45 03 01 78 C0 78 D9 0C 3A 9B 00 09 80 19 63 AA AA 
Time:	12:51:10,017
Send:	220001

Fixed toLineMF: 037 62 00 01 02 8D 00 A0 25 32 37 2B 02 23 01 98 14 C7 04 56 01 C5 80 9D 4C 9B 61 FE 41 F3 08 94 27 00 E6 00 5A 08 A9 00 2E 02 81 FC E4 65 45 03 01 78 C0 78 D9 0C 3A 9B 
Receive: 62 00 01 02 8D 00 A0 25 32 37 2B 02 23 01 98 14 C7 04 56 01 C5 80 9D 4C 9B 61 FE 41 F3 08 94 27 00 E6 00 5A 08 A9 00 2E 02 81 FC E4 65 45 03 01 78 C0 78 D9 0C 3A 9B 

Fixed toLineMF: 037 62 00 01 02 8D 00 A0 25 32 37 2B 02 23 01 98 14 C7 04 56 01 C5 80 9D 4C 9B 61 FE 41 F3 08 94 27 00 E6 00 5A 08 A9 00 2E 02 81 FC E4 65 45 03 01 78 C0 78 D9 0C 3A 9B 
Time:	12:51:10,396
Send:	220001
Receive: 62 00 01 02 8D 00 A0 25 2C 37 2B 02 25 01 95 14 5C 04 4F 01 C8 80 51 4C 98 64 9D 41 F3 08 94 27 00 E6 06 66 59 00 00 2B 11 00 5A 08 A9 00 2E 02 82 FC E4 65 45 03 01 78 C0 78 D9 0C 3A 9B 00 09 F3 1A 4E AA AA 
Time:	12:51:10,784
Send:	220001
Receive: 62 00 01 02 8D 00 A0 25 20 37 2B 02 0F 01 91 14 5C 04 47 01 C0 80 80 4C B4 5F FE 41 F3 08 94 2D 00 E6 06 66 59 00 00 2B 11 00 5A 08 A9 00 2E 02 82 FC E4 65 45 03 01 78 C0 78 D9 0C 3A 9B 00 09 C2 19 ED AA AA 
Time:	12:51:11,185
Send:	220001
Receive: NO DATA
Time:	12:51:11,470
Send:	220001
Receive: NO DATA
Time:	12:51:11,764
Send:	220001
Receive: NO DATA
Time:	12:51:12,045
Send:	220001
Receive: NO DATA
Time:	12:51:12,322
Send:	220001
Receive: NO DATA
Time:	12:51:12,614
Send:	220001
Receive: NO DATA
Time:	12:51:12,971
Send:	220001
Receive: NO DATA
Time:	12:51:13,317
Send:	220001
Receive: 62 00 01 02 8D 00 A0 24 D2 36 2B 02 11 01 8C 14 5C 04 49 01 BC 80 91 4C B9 5F FE 41 F3 08 94 1C 00 E6 05 DD 59 00 00 2B 11 00 5A 08 AD 00 2E 02 83 FC E2 65 45 03 01 78 C0 78 D9 0C 3A 9B 00 09 C7 19 CB AA AA 
Time:	12:51:13,698
Send:	220001
Receive: 62 00 01 02 8D 00 A0 24 D6 36 2B 02 12 01 89 14 5C 04 49 01 BB 80 9D 4C BB 5F FE 41 F3 08 94 17 00 E6 05 DD 59 00 00 2B 11 00 5A 08 AE 00 2E 02 83 FC E2 65 45 03 01 78 C0 78 D9 0C 3A 9B 00 09 D1 19 D6 AA AA 
Time:	12:51:14,107
Send:	220001
Receive: 62 00 01 02 8D 00 A0 24 B4 36 2B 02 17 01 89 14 5C 04 4A 01 BC 80 9E 4C B9 5F FE 41 F3 08 94 0C 00 E6 05 DD 59 00 00 2B 11 00 5A 08 B0 00 2E 02 84 FC E2 65 45 03 01 78 C0 78 D9 0C 3A 9B 00 09 C4 19 C3 AA AA 
Time:	12:51:14,524
Send:	220001
Receive: 62 00 01 02 8D 00 A0 24 B6 36 2B 02 13 01 89 14 5C 04 47 01 BB 80 9E 4C BA 5F FE 41 F3 08 94 0C 00 E6 05 DD 59 00 00 2B 11 00 5A 08 AF 00 2E 02 83 FC E2 65 45 03 01 78 C0 78 D9 0C 3A 9B 00 09 D4 19 CA AA AA 
Time:	12:51:14,924
Send:	220001
Receive: 62 00 01 02 8D 00 A0 24 B0 36 2B 02 13 01 89 14 5C 04 4B 01 B7 80 A1 4C BD 5F FE 41 F3 08 94 12 00 E6 05 DD 59 00 00 2B 11 00 5A 08 AF 00 2E 02 83 FC E2 65 45 03 01 78 C0 78 D9 0C 3A 9B 00 09 C3 19 B5 AA AA 
Time:	12:51:15,326
Send:	220001
Receive: 62 00 01 02 8D 00 A0 24 AA 36 2B 02 7A 01 87 14 5C 04 41 01 BD 80 C0 4C D5 7C 7D 41 F3 08 94 0C 00 E6 05 DD 59 00 00 2B 11 00 5A 08 B0 00 2E 02 84 FC E2 65 45 03 01 78 C0 78 D9 0C 3A 9B 00 09 BB 19 B2 AA AA 
Time:	12:51:15,744
Send:	220001
Receive: 62 00 01 02 8D 00 A0 24 96 36 2B 02 63 01 87 14 5C 04 4C 01 B8 80 C2 4C DA 76 1D 41 F3 08 94 0C 00 E6 05 DD 59 00 00 2B 11 00 5A 08 B1 00 2E 02 84 FC E1 65 45 03 01 78 C0 78 D9 0C 3A 9B 00 09 D2 19 C9 AA AA 
Time:	12:51:16,146
Send:	220001
Receive: 62 00 01 02 8D 00 A0 24 8E 36 2B 02 4A 01 82 14 5C 04 42 01 B6 80 C0 4C DB 71 1D 41 F3 08 94 02 00 E6 06 EE 59 00 00 2B 11 00 5A 08 B2 00 2E 02 84 FC E1 65 45 03 01 78 C0 78 D9 0C 3A 9B 00 09 CA 19 B2 AA AA 
Time:	12:51:16,544
Send:	220001
Receive: 62 00 01 02 8D 00 A0 24 8C 36 2B 02 35 01 82 14 5C 04 40 01 B9 80 BE 4C D9 6B FD 41 F3 08 94 07 00 E6 06 EE 59 00 00 2B 11 00 5A 08 B1 00 2E 02 84 FC E1 65 45 03 01 78 C0 78 D9 0C 3A 9B 00 09 DB 19 D2 AA AA 
Time:	12:51:16,934
Send:	220001
Receive: 62 00 01 02 8D 00 A0 24 7A 36 2B 02 27 01 82 14 5C 04 41 01 B6 80 BB 4C D8 67 1D 41 F3 08 94 07 00 E6 06 66 59 00 00 2B 11 00 5A 08 B3 00 2E 02 84 FC E1 65 45 03 01 78 C0 78 D9 0C 3A 9B 00 09 D2 19 BD AA AA 
Time:	12:51:17,347
Send:	220001
Receive: 62 00 01 02 8D 00 A0 24 6E 36 2B 02 1B 01 82 14 5C 04 4B 01 B8 80 B5 4C D5 62 1E 41 F3 08 93 FC 00 E6 06 66 59 00 00 2B 11 00 5A 08 B3 00 2E 02 85 FC E0 65 45 03 01 78 C0 78 D9 0C 3A 9B 00 09 DE 19 C2 AA AA 
Time:	12:51:17,734
Send:	220001
Receive: 62 00 01 02 8D 00 A0 24 6E 36 2B 02 16 01 84 14 5C 04 4D 01 B5 80 AD 4C D1 5F FE 41 F3 08 94 07 00 E6 06 66 59 00 00 2B 11 00 5A 08 B3 00 2E 02 84 FC E1 65 45 03 01 78 C0 78 D9 0C 3A 9B 00 09 DF 19 CC AA AA 
Time:	12:51:18,107
Send:	220001
Receive: 62 00 01 02 8D 00 A0 24 5C 36 2B 02 13 01 82 14 5C 04 47 01 B6 80 AD 4C CF 5F FE 41 F3 08 93 F7 00 E6 05 DD 59 00 00 2B 11 00 5A 08 B4 00 2E 02 85 FC E0 65 45 03 01 78 C0 78 D9 0C 3A 9B 00 09 C9 19 98 AA AA 
Time:	12:51:18,517
Send:	220001
Receive: 62 00 01 02 8D 00 A0 24 5A 36 2B 02 13 01 7D 14 5C 04 4B 01 B9 80 AE 4C CF 5F FE 41 F3 08 94 02 00 E6 05 DD 59 00 00 2B 11 00 5A 08 B4 00 2E 02 85 FC E0 65 45 03 01 78 C0 78 D9 0C 3A 9B 00 09 CA 19 92 AA AA 
Time:	12:51:18,930
Send:	220001
Receive: 62 00 01 02 8D 00 A0 24 4C 35 2B 02 0C 01 7F 14 5C 04 3F 01 B8 80 AD 4C CF 5F FE 41 F3 08 93 F7 00 E6 05 DD 59 00 00 2B 11 00 5A 08 B4 00 2E 02 85 FC E0 65 45 03 01 78 C0 78 D9 0C 3A 9B 00 09 C6 19 81 AA AA 
Time:	12:51:19,344
Send:	220001
Receive: 62 00 01 02 8D 00 A0 24 42 35 2B 02 14 01 7F 14 5C 04 4B 01 B4 80 AD 4C CF 5F FE 41 F3 08 93 FC 00 E6 05 DD 59 00 00 2B 11 00 5A 08 B5 00 2E 02 85 FC E0 65 45 03 01 78 C0 78 D9 0C 3A 9B 00 09 D3 19 90 AA AA 
Time:	12:51:19,737
Send:	220001
Receive: 62 00 01 02 8D 00 A0 24 36 35 2B 02 7E 01 7D 14 5C 04 47 01 B7 80 C2 4C D9 7C DD 41 F3 08 93 F2 00 E6 05 DD 59 00 00 2B 11 00 5A 08 B6 00 2E 02 85 FC E0 65 45 03 01 78 C0 78 D9 0C 3A 9B 00 09 DE 19 A3 AA AA 
Time:	12:51:20,117
Send:	220001
Receive: 62 00 01 02 8D 00 A0 24 28 35 2B 02 70 01 7A 14 5C 04 4B 01 B4 80 C4 4C DA 79 1D 41 F3 08 93 F2 00 E6 07 77 59 00 00 2B 11 00 5A 08 B7 00 2E 02 86 FC DF 65 45 03 01 78 C0 78 D9 0C 3A 9B 00 09 CF 19 84 AA AA 
Time:	12:51:20,504
Send:	220001
Receive: 62 00 01 02 8D 00 A0 24 1E 35 2B 02 54 01 7A 14 5C 04 43 01 B6 80 C3 4C DB 74 1D 41 F3 08 93 F2 00 E6 07 77 59 00 00 2B 11 00 5A 08 B7 00 2E 02 86 FC DF 65 45 03 01 78 C0 78 D9 0C 3A 9B 00 09 C6 19 72 AA AA 
Time:	12:51:20,906
Send:	220001

Fixed toLineMF: 03E 62 00 01 02 8D 00 A0 24 18 35 2B 02 40 01 75 13 F0 04 3F 01 AE 80 C2 4C DB 6F 1D 41 F3 08 93 F2 00 E6 00 5A 08 B7 00 2E 02 86 FC DF 65 45 03 01 78 C0 78 D9 0C 3A 9B 00 09 B9 19 44 AA AA 
Receive: 62 00 01 02 8D 00 A0 24 18 35 2B 02 40 01 75 13 F0 04 3F 01 AE 80 C2 4C DB 6F 1D 41 F3 08 93 F2 00 E6 00 5A 08 B7 00 2E 02 86 FC DF 65 45 03 01 78 C0 78 D9 0C 3A 9B 00 09 B9 19 44 AA AA 

Fixed toLineMF: 03E 62 00 01 02 8D 00 A0 24 18 35 2B 02 40 01 75 13 F0 04 3F 01 AE 80 C2 4C DB 6F 1D 41 F3 08 93 F2 00 E6 00 5A 08 B7 00 2E 02 86 FC DF 65 45 03 01 78 C0 78 D9 0C 3A 9B 00 09 B9 19 44 AA AA 
Time:	12:51:21,299
Send:	220001
Receive: NO DATA
Time:	12:51:21,580
Send:	220001
Receive: NO DATA
Time:	12:51:21,855
Send:	220001
Receive: NO DATA
Time:	12:51:22,142
Send:	220001
Receive: NO DATA
Time:	12:51:22,434
Send:	220001
Receive: NO DATA
Time:	12:51:22,740
Send:	220001
Receive: NO DATA
Time:	12:51:23,040
Send:	220001
Receive: NO DATA
Time:	12:51:23,324
Send:	220001
Receive: 62 00 01 02 8D 00 A0 22 D0 33 FE 01 59 00 A9 12 B3 01 F8 00 C0 78 1D 4C 32 7F FD 41 F3 08 8F F6 00 E6 02 75 5A 00 00 2B 11 00 5A 08 CA 00 2E 02 8B FC D8 65 45 03 01 28 C8 78 D9 0C 3A 9B 00 04 A7 0D CE AA AA 
Time:	12:51:23,726
Send:	220001
Receive: 62 00 01 02 8D 00 A0 22 94 33 19 02 49 01 84 1B 70 03 89 01 53 79 C3 4C D4 7E 7D 41 F3 08 90 80 00 E6 02 75 5A 00 00 2B 11 00 5A 08 CE 00 2E 02 8C FC D7 65 45 03 01 38 C8 78 D9 0C 3A 9B 00 09 58 18 43 AA AA 
Time:	12:51:24,107
Send:	220001
Receive: 62 00 01 02 8D 00 A0 22 6E 33 03 04 17 02 24 26 A8 06 7F 02 73 77 C8 4C DC 79 1D 41 F3 08 92 8F 00 E6 09 D7 5A 00 00 2B 11 00 5A 08 D2 00 2E 02 8D FC D6 65 45 03 01 78 C2 78 D9 0C 3A 9B 00 0F 70 25 4C AA AA 
Time:	12:51:24,506
Send:	220001
Receive: 62 00 01 02 8D 00 A0 22 8C 33 24 03 B1 01 F9 26 A8 06 7A 02 7F 77 C5 4C DD 73 3D 41 F3 08 93 18 00 E6 09 D7 5A 00 00 2B 11 00 5A 08 D0 00 2E 02 8D FC D6 65 45 03 01 78 C2 78 D9 0C 3A 9B 00 0E 9A 23 B3 AA AA 
Time:	12:51:24,901
Send:	220001
Receive: 62 00 01 02 8D 00 A0 22 B2 33 25 03 52 01 F2 26 3D 06 39 02 61 7A C1 4C DC 6D 1D 41 F3 08 92 F3 00 E6 09 D7 5A 00 00 2B 11 00 5A 08 CD 00 2E 02 8C FC D7 65 45 03 01 78 C2 78 D9 0C 3A 9B 00 0E 38 22 EA AA AA 
Time:	12:51:25,294
Send:	220001
Receive: 62 00 01 02 8D 00 A0 22 DE 33 26 02 EE 01 D6 22 EB 05 CB 02 38 7C BE 4C DB 67 3D 41 F3 08 93 0D 00 E6 09 59 5A 00 00 2B 11 00 5A 08 CB 00 2E 02 8B FC D8 65 45 03 01 78 C2 78 D9 0C 3A 9B 00 0D 47 20 EE AA AA 
Time:	12:51:25,695
Send:	220001
Receive: 62 00 01 02 8D 00 A0 22 FC 33 27 02 C6 01 D6 22 EB 05 B8 02 38 7E B9 4C D8 61 7E 41 F3 08 93 3D 00 E6 09 59 5A 00 00 2B 11 00 5A 08 C9 00 2E 02 8B FC D9 65 45 03 01 78 C2 78 D9 0C 3A 9B 00 0D 23 20 A1 AA AA 
Time:	12:51:26,130
Send:	220001
Receive: 62 00 01 02 8D 00 A0 23 18 34 28 02 BE 01 D4 22 14 05 B0 02 35 80 B2 4C D3 5F FE 41 F3 08 93 3D 00 E6 07 61 5A 00 00 2B 11 00 5A 08 C7 00 2E 02 8A FC D9 65 45 03 01 78 C2 78 D9 0C 3A 9B 00 0D 00 20 5B AA AA 
Time:	12:51:26,545
Send:	220001
Receive: 62 00 01 02 8D 00 A0 23 38 34 28 02 BB 01 D6 22 7F 05 AC 02 33 80 B1 4C D2 5F FE 41 F3 08 93 42 00 E6 07 61 5A 00 00 2B 11 00 5A 08 C5 00 2E 02 8A FC DA 65 45 03 01 78 C2 78 D9 0C 3A 9B 00 0C F9 20 49 AA AA 
Time:	12:51:26,928
Send:	220001
Receive: 62 00 01 02 8D 00 A0 23 42 34 14 02 0A 01 46 00 00 04 88 01 C2 80 A7 4C D0 5F FE 41 F3 08 93 47 00 E6 05 E6 5A 00 00 2B 11 00 5A 08 C5 00 2E 02 8A FA 73 65 45 03 01 79 C8 78 D9 0C 3A 9B 00 0A 5A 1A 8E AA AA 
Time:	12:51:27,345
Send:	220001
Receive: 62 00 01 02 8D 00 A0 20 50 34 32 00 DB 00 95 29 28 01 F8 00 B1 80 29 4C CB 5E DE 41 F3 08 8F 41 00 E6 05 E6 5A 17 7F 2B 11 00 5A 08 F4 00 2E 02 97 FC C9 65 45 03 05 7C C8 78 D9 0C 3A 9B 00 04 79 0D 6E AA AA 
Time:	12:51:27,754
Send:	220001
Receive: 62 00 01 02 8D 00 A0 2F 72 34 F6 02 7D 00 2C 00 00 05 BD 04 5D 80 BE 4C D5 7D 1D 41 F3 08 94 98 00 E6 05 E6 5A 25 A3 2B 11 00 5A 08 6B 00 2E 02 70 FA 03 65 45 03 05 3D CA 78 D9 0C 3A 9B 00 0C A5 21 31 AA AA 
Time:	12:51:28,144
Send:	220001
Receive: 62 00 01 02 8D 00 A0 31 40 33 35 01 14 01 1E 00 00 01 F9 01 16 80 BC 4C D8 77 9D 41 F3 08 95 40 00 E6 04 FA 59 1B E9 2B 11 00 5A 08 6A 00 2E 02 6F FA 01 65 45 03 05 3D C8 78 D9 0C 3A 9B 00 04 7B 0E BB AA AA 
Time:	12:51:28,564
Send:	220001
Receive: 62 00 01 02 8D 00 A0 2E 34 33 F2 00 00 01 37 00 00 01 A0 00 D9 80 1D 4C 34 7F FD 41 F3 08 95 40 00 E6 04 FA 59 00 00 2B 11 00 5A 08 69 00 2E 02 6F FA 26 65 45 03 05 29 C9 78 D9 0C 3A 9B 00 03 FE 0E 85 AA AA 
Time:	12:51:28,948
Send:	220001
Receive: 62 00 01 02 8D 00 A0 2E 4E 32 F0 00 00 01 25 00 00 01 E0 00 F5 80 17 4C 2B 7F FD 41 F3 08 95 40 00 E6 00 00 59 00 00 2B 11 00 5A 08 69 00 2E 02 6F FA 26 65 45 03 05 29 C9 78 D9 0C 3A 9B 00 04 58 0F 65 AA AA 
Time:	12:51:29,348
Send:	220001
Receive: 62 00 01 02 8D 00 A0 2D E4 32 F0 00 00 01 23 00 00 01 DC 00 F0 80 17 4C 2B 7F FD 41 F3 08 95 40 00 E6 00 00 59 00 00 2B 11 00 5A 08 69 00 2E 02 6F FA 29 65 45 03 05 29 C9 78 D9 0C 3A 9B 00 04 4E 0F 43 AA AA 
Time:	12:51:29,735
Send:	220001
Receive: NO DATA
Time:	12:51:30,030
Send:	220001
Receive: NO DATA
Time:	12:51:30,325
Send:	220001
Receive: NO DATA
Time:	12:51:30,607
Send:	220001
Receive: NO DATA
Time:	12:51:30,885
Send:	220001
Receive: NO DATA
Time:	12:51:31,165
Send:	220001
Receive: NO DATA
Time:	12:51:31,456
Send:	220001
Receive: NO DATA
Time:	12:51:31,740
Send:	220001
Receive: NO DATA
Time:	12:51:32,020
Send:	220001
Receive: 62 00 01 02 8D 00 A0 23 24 26 ED 00 00 00 BD 00 00 02 34 00 D9 80 17 4C 2C 7F FD 41 F3 08 8F DD 00 E6 00 00 5A 00 00 2B 11 00 5A 08 C7 00 2E 02 8A FA 75 65 45 03 03 29 E9 78 D9 0C 3A 9B 00 05 05 0E 9E AA AA 
Time:	12:51:32,427
Send:	220001
Receive: 62 00 01 02 8D 00 A0 21 BA 25 ED 00 00 00 B3 00 00 02 37 00 D0 80 16 4C 2E 7F FD 41 F3 08 8F 4B 00 E6 00 00 5A 00 00 2B 11 00 5A 08 DC 00 2E 02 90 FA 7C 65 45 03 03 29 E9 78 D9 0C 3A 9B 00 05 0E 0E 76 AA AA 
Time:	12:51:32,874
Send:	220001
Receive: 62 00 01 02 8D 00 A0 1F 18 22 ED 00 00 00 A4 00 00 02 17 00 B5 80 16 4C 2E 7F FD 41 F3 08 8E FB 00 E6 00 00 5A 00 00 2B 11 00 5A 09 02 00 2E 02 9B FA E3 65 45 03 03 29 E9 78 D9 0C 3A 9B 00 04 CF 0E 96 AA AA 
Time:	12:51:33,264
Send:	220001

Fixed toLineMF: 03E 62 00 01 02 8D 00 A0 1D B4 20 EF 00 00 00 9A 00 00 01 DF 00 9B 80 17 4C 2D 7F FD 41 F3 08 8E E7 00 E6 00 00 5A 00 00 2B 11 00 5A 09 16 00 2E 02 A1 FB 2D 65 45 03 03 00 04 39 0E 7B AA AA 
Receive: 62 00 01 02 8D 00 A0 1D B4 20 EF 00 00 00 9A 00 00 01 DF 00 9B 80 17 4C 2D 7F FD 41 F3 08 8E E7 00 E6 00 00 5A 00 00 2B 11 00 5A 09 16 00 2E 02 A1 FB 2D 65 45 03 03 00 04 39 0E 7B AA AA 

Fixed toLineMF: 03E 62 00 01 02 8D 00 A0 1D B4 20 EF 00 00 00 9A 00 00 01 DF 00 9B 80 17 4C 2D 7F FD 41 F3 08 8E E7 00 E6 00 00 5A 00 00 2B 11 00 5A 09 16 00 2E 02 A1 FB 2D 65 45 03 03 00 04 39 0E 7B AA AA 
Time:	12:51:33,673
Send:	220001
Receive: 62 00 01 02 8D 00 A0 1C 6A 1F F0 00 00 00 9C 00 00 01 C7 00 8A 80 17 4C 2E 7F FD 41 F3 08 8E C4 00 E6 00 00 5B 00 00 2B 11 00 5A 09 2A 00 2E 02 A7 FB 74 65 45 03 07 29 C9 78 D9 0C 3A 9B 00 04 3E 0F 72 AA AA 
Time:	12:51:34,079
Send:	220001
Receive: 62 00 01 02 8A 00 A0 16 7E 1F F5 0B 5D 08 CF D0 B7 0D DD 03 66 6E 17 4C 2E 7F FD 41 F3 08 8D A6 00 E6 02 E1 5B 17 07 2B 11 00 5A 09 59 00 2E 02 B5 FD 64 65 45 03 05 2C CA 78 D9 0C 3A 9B 00 1E 57 3F 30 AA AA 
Time:	12:51:34,478
Send:	220001
Receive: 62 00 01 02 8D 00 A0 28 F0 1F 13 01 12 00 B5 00 00 02 46 01 1B 80 C2 4C D9 7C 3D 41 F3 08 94 CE 00 E6 02 E1 5B 17 07 2B 11 00 5A 08 74 00 2E 02 72 FA 56 65 45 03 05 3D C8 78 D9 0C 3A 9B 00 05 04 11 83 AA AA 
Time:	12:51:34,864
Send:	220001
Receive: 62 00 01 02 8D 00 A0 26 9E 1E 33 01 1F 00 D6 00 00 01 DF 00 C8 80 25 4C 3B 81 9D 41 F3 08 91 B9 00 E6 02 E1 5B 17 07 2B 11 00 5A 08 A3 00 2E 02 80 FA 61 65 45 03 05 7D C8 78 D9 0C 3A 9B 00 04 74 0D DE AA AA 
Time:	12:51:35,265
Send:	220001
Receive: 62 00 01 02 8D 00 A0 23 C4 1E 18 01 4B 00 CE 00 00 02 31 00 DC 80 BB 4C CD 7D FD 41 F3 08 90 24 00 E6 03 33 5B 17 07 2B 11 00 5A 08 C3 00 2E 02 89 FA 6F 65 45 03 05 7D C8 78 D9 0C 3A 9B 00 05 10 0E CD AA AA 
Time:	12:51:35,648
Send:	220001
Receive: 62 00 01 02 8D 00 A0 23 1A 1D ED 00 00 00 C9 00 00 02 37 00 D9 80 B6 4C D9 7F FD 41 F3 08 8F C4 00 E6 03 33 5A 00 00 2B 11 00 5A 08 CC 00 2E 02 8C FA 71 65 45 03 05 29 C9 78 D9 0C 3A 9B 00 05 26 0E D8 AA AA 
Time:	12:51:36,058
Send:	220001
Receive: 62 00 01 02 8D 00 A0 22 E2 1C ED 00 00 00 BF 00 00 02 2E 00 D9 80 18 4C 30 7F FD 41 F3 08 90 06 00 E6 00 00 5A 00 00 2B 11 00 5A 08 CA 00 2E 02 8B FA 73 65 45 03 05 29 C9 78 D9 0C 3A 9B 00 04 EE 0E 85 AA AA 
Time:	12:51:36,437
Send:	220001
Receive: 62 00 01 02 8D 00 A0 27 78 1B F3 00 00 00 CC 00 00 01 B6 00 BC 80 17 4C 2F 7F FD 41 F3 08 92 BE 00 E6 00 00 5A 00 00 2B 11 00 5A 08 8E 00 2E 02 7A FA 60 65 45 03 05 29 C9 78 D9 0C 3A 9B 00 04 13 0D 68 AA AA 
Time:	12:51:36,845
Send:	220001
Receive: 62 00 01 02 8D 00 A0 26 94 1B 30 01 99 01 41 10 33 02 5C 01 00 78 1C 4C 31 80 DD 41 F3 08 92 21 00 E6 00 00 5A 17 07 2B 11 00 5A 08 9E 00 2E 02 7E FC E8 65 45 03 01 3C C8 78 D9 0C 3A 9B 00 05 8E 10 8D AA AA 
Time:	12:51:37,237
Send:	220001
Receive: 62 00 01 02 8D 00 A0 26 44 1B 2C 02 7E 01 B4 0F C7 04 04 01 A7 7B B9 4C D1 7B 7D 41 F3 08 94 02 00 E6 04 CC 5B 18 60 2B 11 00 5A 08 A4 00 2E 02 80 FC E6 65 45 03 01 7C C0 78 D9 0C 3A 9B 00 09 38 18 EA AA AA 
Time:	12:51:37,627
Send:	220001
Receive: 62 00 01 02 8D 00 A0 26 AA 1B 2B 02 8A 01 CA 13 1E 04 4B 01 D4 77 B8 4C D7 77 9D 41 F3 08 94 88 00 E6 04 CC 5B 19 41 2B 11 00 5A 08 9C 00 2E 02 7E FC E9 65 45 03 01 7C C0 78 D9 0C 3A 9B 00 09 C9 1A F7 AA AA 
Time:	12:51:38,014
Send:	220001
Receive: 62 00 01 02 8D 00 A0 27 CC 1C 2A 03 13 02 30 1D 85 05 4C 02 52 77 AC 4C D6 71 DD 41 F3 08 95 0A 00 E6 09 E2 5B 1A 22 2B 11 00 5A 08 8C 00 2E 02 79 FC EE 65 45 03 01 7C C0 78 D9 0C 3A 9B 00 0C 32 20 E4 AA AA 
Time:	12:51:38,408
Send:	220001
Receive: 62 00 01 02 8D 00 A0 28 F6 1C 2A 03 A2 02 E1 2C AD 05 D8 02 95 7A 24 4C 40 74 9D 41 F3 08 95 E4 00 E6 09 E2 5B 1B E9 2B 11 00 5A 08 7D 00 2E 02 75 FC F4 65 45 03 01 7C C2 78 D9 0C 3A 9B 00 10 6D 2A B3 AA AA 
Time:	12:51:38,824
Send:	220001
Receive: 62 00 01 02 8D 00 A0 2A C0 1D 24 04 3D 02 FA 2D B8 07 21 03 66 7C 2E 4C 40 7B DD 41 F3 08 95 7C 00 E6 09 E2 5B 1F 72 2B 11 00 5A 08 6F 00 2E 02 71 FC F9 65 45 03 01 7C C2 78 D9 0C 3A 9B 00 10 61 2A 4B AA AA 
Time:	12:51:39,225
Send:	220001
Receive: 62 00 01 02 8D 00 A0 2E 32 1F 20 05 8C 03 E2 36 75 09 26 04 BB 7E 3B 4C 49 81 7D 41 F3 08 8F 14 00 E6 0F 5C 5A 27 6A 2B 11 00 5A 08 6E 00 2E 02 71 FC F9 65 45 03 01 7C C2 78 D9 0C 3A 9B 00 15 22 31 73 AA AA 
Time:	12:51:39,624
Send:	220001

Fixed toLineMF: 03E 62 00 01 02 8D 00 A0 2F A8 21 1F 05 71 04 0A 3B 70 09 BA 05 2C 7F A4 4C C0 79 1D 0F 5C 5A 29 31 2B 11 00 5A 08 6D 00 2E 02 70 FC F9 65 45 03 01 7C C2 78 D9 0C 3A 9B 00 16 19 31 EE AA AA 
Receive: 62 00 01 02 8D 00 A0 2F A8 21 1F 05 71 04 0A 3B 70 09 BA 05 2C 7F A4 4C C0 79 1D 0F 5C 5A 29 31 2B 11 00 5A 08 6D 00 2E 02 70 FC F9 65 45 03 01 7C C2 78 D9 0C 3A 9B 00 16 19 31 EE AA AA 

Fixed toLineMF: 03E 62 00 01 02 8D 00 A0 2F A8 21 1F 05 71 04 0A 3B 70 09 BA 05 2C 7F A4 4C C0 79 1D 0F 5C 5A 29 31 2B 11 00 5A 08 6D 00 2E 02 70 FC F9 65 45 03 01 7C C2 78 D9 0C 3A 9B 00 16 19 31 EE AA AA 
Time:	12:51:40,028
Send:	220001
Receive: 62 00 01 02 8D 00 A0 31 B0 23 12 03 20 02 60 00 00 06 97 03 DC 80 B0 4C D0 70 5D 41 F3 08 93 82 00 E6 12 7D 5A 23 E1 2B 11 00 5A 08 6C 00 2E 02 70 F9 F8 65 45 03 01 7D CA 78 D9 0C 3A 9B 00 0C 08 1F 70 AA AA 
Time:	12:51:40,424
Send:	220001
Receive: 62 00 01 02 8D 00 A0 30 E8 23 18 01 AA 01 BE 00 00 03 A2 01 EE 80 A3 4C D0 69 9D 41 F3 08 96 3C 00 E6 12 7D 59 22 FB 2B 11 00 5A 08 6B 00 2E 02 70 FA 05 65 45 03 03 7D E8 78 D9 0C 3A 9B 00 07 8D 15 FC AA AA 
Time:	12:51:40,827
Send:	220001
Receive: 62 00 01 02 8D 00 A0 2B 0E 1F 34 00 00 01 0C 00 00 01 B6 00 CB 80 1C 4C 35 7F FD 41 F3 08 95 3A 00 E6 12 7D 59 00 00 2B 11 00 5A 08 69 00 2E 02 6F FA 51 65 45 03 07 29 E9 78 D9 0C 3A 9B 00 03 FB 0E A3 AA AA 
Time:	12:51:41,224
Send:	220001
Receive: 62 00 01 02 8D 00 A0 24 AE 1E F3 01 C4 00 CC 00 00 02 50 00 E3 80 18 4C 32 7F FD 41 F3 08 8F C9 00 E6 00 00 59 17 07 2B 11 00 5A 08 B9 00 2E 02 86 FA 71 65 45 03 07 2D E8 78 DA 0C 3A 9B 00 05 98 0F A5 AA AA 
Time:	12:51:41,615
Send:	220001
Receive: 62 00 01 02 8D 00 A0 1E DE 1D 31 01 2C 00 9A 00 00 02 01 00 AA 80 BE 4C C0 7D 3D 41 F3 08 8F 05 00 E6 00 00 59 17 7F 2B 11 00 5A 09 03 00 2E 02 9C FA FF 65 45 03 07 3D E8 78 DA 0C 3A 9B 00 04 5E 0E 4B AA AA 
Time:	12:51:42,005
Send:	220001
Receive: 62 00 01 02 8D 00 A0 1C 24 1C 32 00 FC 00 9A 00 00 01 A4 00 7D 80 BE 4C DB 7A DD 41 F3 08 8E BA 00 E6 01 99 59 19 41 2B 11 00 5A 09 2C 00 2E 02 A7 FB 99 65 45 03 07 3D E8 78 DA 0C 3A 9B 00 03 FD 0E E4 AA AA 
Time:	12:51:42,396
Send:	220001
Receive: NO DATA
Time:	12:51:42,691
Send:	220001
Receive: NO DATA
Time:	12:51:42,977
Send:	220001
Receive: NO DATA
Time:	12:51:43,281
Send:	220001
Receive: NO DATA
Time:	12:51:43,557
Send:	220001
Receive: NO DATA
Time:	12:51:43,852
Send:	220001
Receive: NO DATA
Time:	12:51:44,163
Send:	220001
Receive: NO DATA
Time:	12:51:44,444
Send:	220001
Receive: 62 00 01 02 8C 00 A0 0F 42 0C 06 01 C9 00 7C 00 00 03 85 00 92 7C B7 4C DA 75 7D 41 F3 08 85 3E 00 E6 02 FC 5A 00 00 2B 11 00 5A 09 58 00 2E 01 BD FF F3 65 45 03 03 79 E0 78 DA 0C 3A 9B 00 07 EB 1A EB AA AA 
Time:	12:51:44,856
Send:	220001
Receive: 62 00 01 02 8C 00 A0 0F 18 09 06 02 00 00 A9 00 00 03 D9 00 A1 7E AE 4C D7 73 7D 41 F3 08 83 46 00 E6 02 FC 5B 00 00 2B 11 00 5A 09 58 00 2E 01 B3 03 12 65 45 03 03 79 E0 78 DA 0C 3A 9B 00 08 E8 1C D9 AA AA 
Time:	12:51:45,254
Send:	220001
Receive: 62 00 01 02 8C 00 A0 0E 88 05 0C 01 F4 00 B5 00 00 03 E0 00 99 7F A3 4C D0 71 3D 41 F3 08 83 1C 00 E6 02 79 5B 00 00 2B 11 00 5A 09 59 00 2E 01 9D 02 03 65 45 03 03 79 E0 78 DA 0C 3A 9B 00 08 D1 1C C9 AA AA 
Time:	12:51:45,647
Send:	220001
Receive: 62 00 01 02 8C 00 A0 0E 60 02 FF 01 EC 00 92 00 00 03 F8 00 9E 80 A2 4C CE 6E FD 41 F3 08 82 8E 00 E6 02 79 5B 00 00 2B 11 00 5A 09 5A 00 2E 01 95 00 00 65 45 03 07 79 E0 78 DA 0C 3A 9B 00 09 07 1D 5E AA AA 
Time:	12:51:46,046
Send:	220001

Fixed toLineMF: 03E 62 00 01 02 8D 00 A0 0E 1C 00 07 01 E0 00 92 00 00 03 DD 00 99 80 39 4C C4 6D BD 41 F3 08 83 31 00 E6 02 22 5B 00 00 2B 11 00 5A 09 5A 00 2E 01 79 E0 78 DA 0C 3A 9B 00 08 DD 1C F0 AA AA 
Receive: 62 00 01 02 8D 00 A0 0E 1C 00 07 01 E0 00 92 00 00 03 DD 00 99 80 39 4C C4 6D BD 41 F3 08 83 31 00 E6 02 22 5B 00 00 2B 11 00 5A 09 5A 00 2E 01 79 E0 78 DA 0C 3A 9B 00 08 DD 1C F0 AA AA 

Fixed toLineMF: 03E 62 00 01 02 8D 00 A0 0E 1C 00 07 01 E0 00 92 00 00 03 DD 00 99 80 39 4C C4 6D BD 41 F3 08 83 31 00 E6 02 22 5B 00 00 2B 11 00 5A 09 5A 00 2E 01 79 E0 78 DA 0C 3A 9B 00 08 DD 1C F0 AA AA 
Time:	12:51:46,434
Send:	220001
Receive: 62 00 01 02 8D 00 A0 0E 16 00 0A 01 F4 00 92 00 00 03 E4 00 9A 80 2D 4C B8 73 1D 41 F3 08 83 07 00 E6 02 22 5B 00 00 2B 11 00 5A 09 5B 00 2E 01 A6 00 00 65 45 03 05 79 C0 78 DA 0C 3A 9B 00 08 EE 1D 10 AA AA 
Time:	12:51:46,836
Send:	220001
Receive: 62 00 01 02 8D 00 A0 0E 0A 00 08 01 DB 00 92 00 00 03 D6 00 94 80 9C 4C BB 6F 9D 41 F3 08 83 5B 00 E6 02 22 5B 00 00 2B 11 00 5A 09 5B 00 2E 01 A0 00 00 65 45 03 05 79 C0 78 DA 0C 3A 9B 00 08 BE 1C FA AA AA 
Time:	12:51:47,237
Send:	220001
Receive: 62 00 01 02 8D 00 A0 0E 4A 00 03 03 CE 01 B8 0E F5 06 71 01 18 80 2A 4C AD 6D 9D 41 F3 08 86 5E 00 E6 02 22 5B 18 60 2B 11 00 82 09 5C 00 2E 01 A3 03 1C 65 45 03 05 7C C2 78 DA 0C 3A 9B 00 0E 7C 2A A8 AA AA 
Time:	12:51:47,634
Send:	220001
Receive: 62 00 01 02 8D 00 A0 12 B2 00 06 01 B6 00 7E 00 00 04 1B 00 E1 80 AD 4C C8 6C FD 41 F3 08 85 28 00 E6 02 22 5B 17 61 2B 11 00 5A 09 5C 00 2E 01 C9 FF 14 65 45 03 05 7D C0 78 DA 0C 3A 9B 00 09 83 1D A7 AA AA 
Time:	12:51:48,037
Send:	220001
Receive: 62 00 01 02 8C 00 A0 11 C4 00 0C 01 95 00 8D 00 00 03 32 00 98 80 1F 4C 32 70 DD 41 F3 08 86 79 00 E6 01 F6 5B 00 00 2B 11 00 5A 09 5C 00 2E 01 F6 FF 5C 65 45 03 05 79 C0 78 DA 0C 3A 9B 00 07 48 19 35 AA AA 
Time:	12:51:48,454
Send:	220001
Receive: 62 00 01 02 8D 00 A0 12 B0 00 1C 03 4D 01 AC 1B 70 05 9A 01 27 80 23 4C 34 73 5D 41 F3 08 86 70 00 E6 01 F6 5B 17 7F 2B 11 00 82 09 5C 00 2E 02 01 00 00 65 45 03 05 7C C2 78 DA 0C 3A 9B 00 0C 3C 23 9B AA AA 
Time:	12:51:48,857
Send:	220001
Receive: 62 00 01 02 8D 00 A0 1A F8 00 14 02 B2 01 91 1B 70 05 74 01 B4 80 A5 4C C3 6F 3D 41 F3 08 8D EB 00 E6 01 F6 5B 19 41 2B 11 00 96 09 2E 00 2E 01 F7 FE 70 65 45 03 05 7C C2 78 DA 0C 3A 9B 00 0C C3 24 42 AA AA 
Time:	12:51:49,257
Send:	220001
Receive: 62 00 01 02 8D 00 A0 1A 3E 01 0C 03 59 01 C0 1B 70 06 37 01 C7 80 97 4C 69 73 5D 41 F3 08 8C 27 00 E6 05 FE 5B 1B 08 2B 11 00 96 09 4B 00 2E 01 FE FE ED 65 45 03 05 7C C2 78 DA 0C 3A 9B 00 0E 5D 27 5F AA AA 
Time:	12:51:49,644
Send:	220001
Receive: 62 00 01 02 8D 00 A0 18 EC 03 09 03 67 01 BE 1B 70 06 B6 01 D2 80 B0 4C C7 6E BD 41 F3 08 8B 2B 00 E6 05 FE 5B 1C CA 2B 11 00 96 09 5C 00 2E 02 01 FF 7F 65 45 03 05 7C C2 78 DA 0C 3A 9B 00 0F 6B 28 DB AA AA 
Time:	12:51:50,036
Send:	220001
Receive: 62 00 01 02 8D 00 A0 17 9A 05 08 03 8B 01 DE 1B 70 07 10 01 CA 80 2B 4C A0 6E 1D 41 F3 08 8B 09 00 E6 06 BB 5B 1F 72 2B 11 00 96 09 5B 00 2E 02 01 00 00 65 45 03 05 7C C2 78 DA 0C 3A 9B 00 10 19 2A 75 AA AA 
Time:	12:51:50,428
Send:	220001
Receive: 62 00 01 02 8D 00 A0 17 30 06 07 03 E2 01 EA 1B 70 07 7B 01 ED 80 72 4C 47 71 7D 41 F3 08 8C 87 00 E6 06 BB 5B 22 1A 2B 11 00 96 09 5A 00 2E 02 01 00 00 65 45 03 05 7C C2 78 DA 0C 3A 9B 00 11 1F 2C CF AA AA 
Time:	12:51:50,810
Send:	220001
Receive: 62 00 01 02 8D 00 A0 17 80 08 06 03 C3 01 DE 1C 0F 07 61 01 ED 80 3D 4C B0 71 3D 41 F3 08 8C 57 00 E6 06 BB 5B 22 FB 2B 11 00 96 09 5A 00 2E 02 01 00 00 65 45 03 05 7C C2 78 DA 0C 3A 9B 00 10 CE 2C 01 AA AA 
Time:	12:51:51,187
Send:	220001
Receive: 62 00 01 02 8D 00 A0 1A EC 0A 24 02 CD 01 CF 22 7F 05 F5 01 D4 80 28 4C B7 6F 5D 41 F3 08 8D 8D 00 E6 07 11 5B 22 1A 2B 11 00 96 09 34 00 2E 01 F9 FE 8C 65 45 03 05 7C C2 78 DA 0C 3A 9B 00 0D 3B 26 B6 AA AA 
Time:	12:51:51,596
Send:	220001
Receive: 62 00 01 02 8D 00 A0 1F 06 0B 14 03 C4 02 2B 29 28 07 00 02 79 80 27 4C 35 74 5D 41 F3 08 90 CC 00 E6 07 11 5B 23 E1 2B 11 00 96 08 FA 00 2E 01 EC FD 52 65 45 03 05 7C C2 78 DA 0C 3A 9B 00 10 92 27 E3 AA AA 
Time:	12:51:51,990
Send:	220001
Receive: 62 00 01 02 8D 00 A0 24 54 0D 21 04 0E 02 C6 33 F5 07 D9 03 43 80 BB 4C CE 6D 3D 41 F3 08 93 C2 00 E6 0C 4D 5A 27 6A 2B 11 00 96 08 B0 00 2E 01 DC FC E1 65 45 03 01 7C C2 78 DA 0C 3A 9B 00 12 2A 2C E1 AA AA 
Time:	12:51:52,377
Send:	220001
Receive: 62 00 01 02 8D 00 A0 2A 44 10 21 04 76 03 97 37 47 08 6A 04 01 80 21 4C 34 70 DD 41 F3 08 91 8B 00 E6 0C 4D 5A 2D 9B 2B 11 00 96 08 6E 00 2E 01 CE FC F9 65 45 03 01 7C C2 78 DA 0C 3A 9B 00 13 71 30 19 AA AA 
Time:	12:51:52,786
Send:	220001
Receive: 62 00 01 02 8D 00 A0 31 20 12 1B 03 F1 02 AF 00 00 07 71 04 18 80 29 4C 36 79 1D 41 F3 08 92 7F 00 E6 0C 4D 5A 2A F3 2B 11 00 8C 08 6D 00 2E 01 CE FA 6C 65 45 03 01 7D CA 78 DA 0C 3A 9B 00 0F 74 25 86 AA AA 
Time:	12:51:53,196
Send:	220001
Receive: 62 00 01 02 8D 00 A0 2F 42 13 34 00 DC 01 05 00 00 01 DD 00 FA 80 24 4C A8 71 3D 41 F3 08 95 40 00 E6 0A AA 5A 28 4B 2B 11 00 64 08 6C 00 2E 01 CE FA 41 65 45 03 05 7D C8 78 DA 0C 3A 9B 00 04 23 0E F8 AA AA 
Time:	12:51:53,597
Send:	220001
Receive: 62 00 01 02 8D 00 A0 29 62 13 34 01 04 00 FB 00 00 01 E5 00 D7 80 1C 4C 2F 78 1D 41 F3 08 93 F7 00 E6 0A AA 59 2A F3 2B 11 00 5A 08 7A 00 2E 01 D1 FA 5A 65 45 03 05 7D C8 78 DA 0C 3A 9B 00 04 79 0E DB AA AA 
Time:	12:51:53,978
Send:	220001
Receive: 62 00 01 02 8D 00 A0 27 9E 13 2A 03 3E 02 49 21 E1 05 72 02 61 80 AD 4C 85 78 7D 41 F3 08 95 14 00 E6 0A 77 59 2D 9B 2B 11 00 5A 08 89 00 2E 01 D4 FC F0 65 45 03 05 7C C0 78 DA 0C 3A 9B 00 0C CF 22 5A AA AA 
Time:	12:51:54,379
Send:	220001
Receive: 62 00 01 02 8D 00 A0 25 0E 15 25 03 BB 02 33 24 94 06 D2 02 B2 80 B1 4C C3 71 FD 41 F3 08 93 DC 00 E6 0A 77 59 2F 62 2B 11 00 5A 08 B1 00 2E 01 DD FC E1 65 45 03 05 7C C2 78 DA 0C 3A 9B 00 0F C3 26 04 AA AA 
Time:	12:51:54,778
Send:	220001
Receive: 62 00 01 02 8D 00 A1 20 48 16 23 03 B2 02 30 2E 8F 07 2A 02 8D 80 B4 4C D2 6C 1D 41 F3 08 91 85 00 E6 0A 77 59 32 0A 2B 11 00 5A 08 E9 00 2E 01 E9 FC CD 65 45 03 05 7C C2 78 DA 0C 3A 9B 00 10 50 27 40 AA AA 
Time:	12:51:55,158
Send:	220001
Receive: 62 00 01 02 8D 00 A1 21 B6 17 22 03 7E 02 38 2F 2D 07 38 02 B0 80 B5 4C D2 66 1D 41 F3 08 92 1C 00 E6 09 99 59 33 CC 2B 11 00 5A 08 D5 00 2E 01 E4 FC D4 65 45 03 05 7C C2 78 DA 0C 3A 9B 00 10 AB 27 EA AA AA 
Time:	12:51:55,547
Send:	220001
Receive: 62 00 01 02 8D 00 A1 23 6E 18 22 03 8B 02 65 31 E1 07 84 02 F6 80 A9 4C CD 5F BE 41 F3 08 93 C7 00 E6 09 99 59 36 74 2B 11 00 5A 08 BE 00 2E 01 DF FC DD 65 45 03 01 7C C2 78 DA 0C 3A 9B 00 11 38 28 F2 AA AA 
Time:	12:51:55,927
Send:	220001
Receive: 62 00 01 02 8D 00 A1 24 B8 19 23 03 8B 02 85 32 4C 07 7B 03 0C 80 27 4C 74 60 DE 41 F3 08 94 0C 00 E6 09 99 59 38 3B 2B 11 00 5A 08 AD 00 2E 01 DC FC E3 65 45 03 01 7C C2 78 DA 0C 3A 9B 00 11 05 29 E3 AA AA 
Time:	12:51:56,317
Send:	220001
Receive: 62 00 01 02 8D 00 A1 26 A4 1B 23 03 9A 02 AF 32 4C 07 53 03 20 80 23 4C 37 67 9D 41 F3 08 94 88 00 E6 0A AA 59 39 FD 2B 11 00 5A 08 94 00 2E 01 D6 FC EC 65 45 03 01 7C C2 78 DA 0C 3A 9B 00 10 D8 2A 79 AA AA 
Time:	12:51:56,730
Send:	220001
Receive: 62 00 01 02 8D 00 A1 28 74 1C 24 03 CB 02 F0 31 E1 07 6B 03 5D 80 22 4C 36 6E 9D 41 F3 08 94 B3 00 E6 0A AA 59 3D 86 2B 11 00 5A 08 7C 00 2E 01 D1 FC F4 65 45 03 01 7C C2 78 DA 0C 3A 9B 00 11 11 2C 02 AA AA 
Time:	12:51:57,116
Send:	220001
Receive: 62 00 01 02 8D 00 A1 2A 50 1D 23 04 01 03 22 2F CC 07 7B 03 8A 80 21 4C 35 75 DD 41 F3 08 94 93 00 E6 0C CC 59 40 2E 2B 11 00 5A 08 69 00 2E 01 CD FC FB 65 45 03 01 7C C2 78 DA 0C 3A 9B 00 10 6F 2A 9D AA AA 
Time:	12:51:57,508
Send:	220001
Receive: 62 00 01 02 8D 00 A1 2C 30 1E 29 02 E6 02 56 1F 2D 05 6C 02 B1 80 21 4C 36 7C FD 41 F3 08 95 97 00 E6 0C CC 59 39 FD 2B 11 00 5A 08 69 00 2E 01 CD FC FB 65 45 03 01 7C C2 78 DA 0C 3A 9B 00 0B 66 1F B5 AA AA 
Time:	12:51:57,905
Send:	220001

Fixed toLineMF: 03E 62 00 01 02 8D 00 A1 2C B4 1F 2C 02 1F 01 D4 00 00 03 EF 01 F8 80 21 4C 36 83 3D 41 F3 08 96 4C 00 E6 0C CC 59 3A E3 2B 11 00 5A 08 68 00 2E 01 CD FA 3A 65 45 03 01 7D C8 78 DA 0C 3A 9B 
Receive: 62 00 01 02 8D 00 A1 2C B4 1F 2C 02 1F 01 D4 00 00 03 EF 01 F8 80 21 4C 36 83 3D 41 F3 08 96 4C 00 E6 0C CC 59 3A E3 2B 11 00 5A 08 68 00 2E 01 CD FA 3A 65 45 03 01 7D C8 78 DA 0C 3A 9B 

Fixed toLineMF: 03E 62 00 01 02 8D 00 A1 2C B4 1F 2C 02 1F 01 D4 00 00 03 EF 01 F8 80 21 4C 36 83 3D 41 F3 08 96 4C 00 E6 0C CC 59 3A E3 2B 11 00 5A 08 68 00 2E 01 CD FA 3A 65 45 03 01 7D C8 78 DA 0C 3A 9B 
Time:	12:51:58,288
Send:	220001
Receive: 62 00 01 02 8D 00 A1 2D 3A 1F 30 01 AA 01 87 00 00 02 D4 01 6B 80 21 4C 36 88 BD 41 F3 08 95 35 00 E6 07 AE 59 3D 86 2B 11 00 5A 08 68 00 2E 01 CD FA 33 65 45 03 01 7D C8 78 DA 0C 3A 9B 00 06 34 13 CB AA AA 
Time:	12:51:58,688
Send:	220001
Receive: 62 00 01 02 8D 00 A1 2D 5A 20 33 01 5E 01 4B 00 00 02 31 01 1B 80 23 4C 38 8D 5D 41 F3 08 95 40 00 E6 07 AE 59 41 14 2B 11 00 5A 08 67 00 2E 01 CD FA 31 65 45 03 01 7D C8 78 DA 0C 3A 9B 00 04 DE 10 C1 AA AA 
Time:	12:51:59,068
Send:	220001
Receive: 62 00 01 02 8D 00 A1 2C 8C 1F 34 01 22 01 08 00 00 01 BA 00 DC 80 22 4C 37 91 9D 41 F3 08 95 40 00 E6 03 D7 59 44 9D 2B 11 00 5A 08 67 00 2E 01 CD FA 3D 65 45 03 01 7D C8 78 DA 0C 3A 9B 00 03 D8 0E 47 AA AA 
Time:	12:51:59,484
Send:	220001
Receive: 62 00 01 02 8D 00 A1 2C 40 1F 1B 01 19 01 0C 00 00 01 97 00 C8 80 22 4C 36 95 BC 41 F3 08 95 40 00 E6 03 D7 59 4A CE 2B 11 00 5A 08 67 00 2E 01 CD FA 3F 65 45 03 01 3D C8 78 DA 0C 3A 9B 00 03 9B 0D B1 AA AA 
Time:	12:51:59,909
Send:	220001
Receive: 62 00 01 02 8D 00 A1 2B 94 1E 01 01 23 01 08 00 00 01 9D 00 C4 80 20 4C 34 99 DC 41 F3 08 95 40 00 E6 03 D7 59 50 1E 2B 11 00 5A 08 68 00 2E 01 CD FA 46 65 45 03 01 3D C8 78 DA 0C 3A 9B 00 03 AB 0D E3 AA AA 
Time:	12:52:00,298
Send:	220001
Receive: 62 00 01 02 8D 00 A1 2A A2 1E F2 00 00 01 0A 00 00 01 B9 00 CB 80 1B 4C 31 7F FD 41 F3 08 95 40 00 E6 03 D7 59 00 00 2B 11 00 5A 08 69 00 2E 01 CD FA 54 65 45 03 01 29 E9 78 DA 0C 3A 9B 00 04 22 0E F5 AA AA 
Time:	12:52:00,697
Send:	220001
Receive: 62 00 01 02 8D 00 A1 28 60 1C ED 00 00 00 EF 00 00 02 02 00 E3 80 17 4C 2E 7F FD 41 F3 08 93 57 00 E6 03 D7 59 00 00 2B 11 00 5A 08 82 00 2E 01 D3 FA 5E 65 45 03 03 29 E9 78 DA 0C 3A 9B 00 04 9F 0F 00 AA AA 
Time:	12:52:01,088
Send:	220001
Receive: 62 00 01 02 8D 00 A1 25 7E 1A ED 00 00 00 D3 00 00 02 1B 00 DC 80 16 4C 2C 7F FD 41 F3 08 91 0A 00 E6 00 00 59 00 00 2B 11 00 5A 08 A9 00 2E 01 DB FA 6C 65 45 03 03 29 E9 78 DA 0C 3A 9B 00 04 E0 0E A4 AA AA 
Time:	12:52:01,467
Send:	220001
Receive: 62 00 01 02 8D 00 A1 22 EC 18 ED 00 00 00 B8 00 00 02 31 00 D4 80 17 4C 2D 7F FD 41 F3 08 8F BA 00 E6 00 00 5A 00 00 2B 11 00 5A 08 CC 00 2E 01 E2 FA 76 65 45 03 03 29 E9 78 DA 0C 3A 9B 00 05 09 0E 9D AA AA 
Time:	12:52:01,877
Send:	220001
Receive: 62 00 01 02 8C 00 A1 20 54 17 ED 00 00 00 A6 00 00 02 21 00 BF 80 17 4C 2D 7F FD 41 F3 08 8F 1E 00 E6 00 00 5A 00 00 2B 11 00 5A 08 EF 00 2E 01 EA FA A0 65 45 03 03 29 E9 78 DA 0C 3A 9B 00 04 D9 0E 45 AA AA 
Time:	12:52:02,286
Send:	220001
Receive: 62 00 01 02 8D 00 A1 1D D4 15 EF 00 00 00 9A 00 00 01 D3 00 96 80 17 4C 2E 7F FD 41 F3 08 8E E7 00 E6 00 00 5A 00 00 2B 11 00 5A 09 15 00 2E 01 F2 FB 29 65 45 03 03 29 E9 78 DA 0C 3A 9B 00 04 2D 0E 84 AA AA 
Time:	12:52:02,666
Send:	220001
Receive: 62 00 01 02 8C 00 A1 1C 6C 14 F1 00 00 00 9A 00 00 01 BF 00 8C 80 17 4C 2D 7F FD 41 F3 08 8E D3 00 E6 00 00 5A 00 00 2B 11 00 5A 09 27 00 2E 01 F6 FB 71 65 45 03 03 29 E9 78 DA 0C 3A 9B 00 04 08 0E E8 AA AA 
Time:	12:52:03,064
Send:	220001
Receive: 62 00 01 02 8C 00 A1 1B 54 13 EF 00 00 00 9C 00 00 01 D0 00 8A 80 17 4C 2D 7F FD 41 F3 08 8E BA 00 E6 00 00 5B 00 00 2B 11 00 5A 09 37 00 2E 01 F9 FB AB 65 45 03 01 29 C9 78 DA 0C 3A 9B 00 04 43 0F 8B AA AA 
Time:	12:52:03,466
Send:	220001
Receive: 62 00 01 02 8D 00 A1 1A 44 12 06 01 50 00 9C 1D 4C 01 E3 00 88 78 19 4C 2E 7F FD 41 F3 08 8E 9C 00 E6 00 00 5B 17 07 2B 11 00 5A 09 4A 00 2E 01 FD FC AA 65 45 03 01 2C C8 78 DA 0C 3A 9B 00 04 73 0F F6 AA AA 
Time:	12:52:03,855
Send:	220001
Receive: 62 00 01 02 8D 00 A1 1A 04 11 14 02 1F 01 46 25 6B 03 62 00 EE 79 AF 4C 4F 7E 9D 41 F3 08 8B ED 00 E6 00 00 5B 17 7F 2B 11 00 5A 09 4B 00 2E 01 FE FC AA 65 45 03 01 3C C8 78 DA 0C 3A 9B 00 07 E0 17 A8 AA AA 
Time:	12:52:04,236
Send:	220001
Receive: 62 00 01 02 8D 00 A1 1A 4C 12 15 03 A8 01 E5 26 A8 05 D5 01 B1 75 BF 4C D6 7A DD 41 F3 08 8C 65 00 E6 04 9F 5B 19 41 2B 11 00 5A 09 46 00 2E 01 FD FC AC 65 45 03 01 7C C2 78 DA 0C 3A 9B 00 0D 49 25 1A AA AA 
Time:	12:52:04,634
Send:	220001
Receive: 62 00 01 02 8D 00 A2 1B AA 13 1F 04 01 02 35 2C 7A 07 2F 02 38 78 B0 4C D5 75 9D 41 F3 08 8E 08 00 E6 04 9F 5B 1C CA 2B 11 00 5A 09 32 00 2E 01 F8 FC B3 65 45 03 01 7C C2 78 DA 0C 3A 9B 00 10 63 2C ED AA AA 
Time:	12:52:05,016
Send:	220001

Fixed toLineMF: 03E 62 00 01 02 8D 00 A2 1D 7A 14 1F 04 64 02 7D 32 4C 07 C5 02 92 7A 45 4C 8C 78 7D 41 F3 08 8F 2D 00 E6 0B 17 5B 1E 91 2B 11 00 5A 09 16 00 2E 01 F2 FC BD 65 45 03 01 00 12 1C 2D 8A AA AA 
Receive: 62 00 01 02 8D 00 A2 1D 7A 14 1F 04 64 02 7D 32 4C 07 C5 02 92 7A 45 4C 8C 78 7D 41 F3 08 8F 2D 00 E6 0B 17 5B 1E 91 2B 11 00 5A 09 16 00 2E 01 F2 FC BD 65 45 03 01 00 12 1C 2D 8A AA AA 

Fixed toLineMF: 03E 62 00 01 02 8D 00 A2 1D 7A 14 1F 04 64 02 7D 32 4C 07 C5 02 92 7A 45 4C 8C 78 7D 41 F3 08 8F 2D 00 E6 0B 17 5B 1E 91 2B 11 00 5A 09 16 00 2E 01 F2 FC BD 65 45 03 01 00 12 1C 2D 8A AA AA 
Time:	12:52:05,399
Send:	220001
Receive: 62 00 01 02 8D 00 A2 20 24 16 1A 05 42 03 09 3B DB 09 C3 03 77 7C B3 4C D0 70 3D 41 F3 08 8F 5F 00 E6 0B 17 5B 27 6A 2B 11 00 5A 08 F2 00 2E 01 EB FC CA 65 45 03 01 7C C2 78 DA 0C 3A 9B 00 16 23 33 1C AA AA 
Time:	12:52:05,791
Send:	220001
Receive: 62 00 01 02 8D 00 A2 21 CA 17 1C 04 B0 02 E6 3B 70 09 43 03 84 7E B6 4C D7 69 BD 41 F3 08 90 0B 00 E6 0B 17 5B 25 A3 2B 11 00 5A 08 DA 00 2E 01 E5 FC D3 65 45 03 01 7C C2 78 DA 0C 3A 9B 00 15 13 30 AA AA AA 
Time:	12:52:06,186
Send:	220001
Receive: 62 00 01 02 8D 00 A2 24 00 19 1E 04 85 03 11 3B DB 09 3E 03 AE 7F B2 4C D6 62 FD 41 F3 08 90 52 00 E6 0C CC 5B 27 6A 2B 11 00 5A 08 BD 00 2E 01 DF FC DD 65 45 03 01 7C C2 78 DA 0C 3A 9B 00 14 C0 31 2C AA AA 
Time:	12:52:06,604
Send:	220001
Receive: 62 00 01 02 8D 00 A2 26 48 1A 21 03 91 02 7D 2B 70 07 9E 03 3E 80 25 4C 3D 65 5D 41 F3 08 94 02 00 E6 0C CC 5A 25 A3 2B 11 00 5A 08 9D 00 2E 01 D8 FC E8 65 45 03 01 7C C2 78 DA 0C 3A 9B 00 10 00 28 5D AA AA 
Time:	12:52:07,030
Send:	220001
Receive: 62 00 01 02 8D 00 A2 27 2C 1B 2B 01 AA 01 78 00 00 03 E2 01 AE 80 21 4C 38 6B 5D 41 F3 08 94 12 00 E6 05 D1 5A 22 1A 2B 11 00 5A 08 93 00 2E 01 D6 FA 61 65 45 03 01 7D C8 78 DA 0C 3A 9B 00 08 10 17 3B AA AA 
Time:	12:52:07,416
Send:	220001
Receive: 62 00 01 02 8D 00 A2 27 76 1B 30 01 63 01 55 00 00 02 E0 01 40 80 20 4C 36 6F DD 41 F3 08 93 0D 00 E6 05 D1 5A 23 E1 2B 11 00 5A 08 8D 00 2E 01 D5 FA 60 65 45 03 01 7D C8 78 DA 0C 3A 9B 00 06 99 13 F3 AA AA 
Time:	12:52:07,842
Send:	220001
Receive: 62 00 01 02 8D 00 A2 26 D8 1B 12 01 6F 01 2F 00 00 02 C1 01 2F 80 21 4C 37 75 5D 41 F3 08 92 6A 00 E6 05 D1 5A 25 A3 2B 11 00 5A 08 96 00 2E 01 D7 FA 64 65 45 03 01 7D C8 78 DA 0C 3A 9B 00 06 58 13 02 AA AA 
Time:	12:52:08,245
Send:	220001
Receive: 62 00 01 02 8D 00 A2 27 3E 1B 31 01 4B 01 1C 00 00 02 60 01 08 80 26 4C 3F 79 7D 41 F3 08 92 DE 00 E6 04 44 59 28 4B 2B 11 00 5A 08 8E 00 2E 01 D5 FA 62 65 45 03 01 7D C8 78 DA 0C 3A 9B 00 05 7A 10 F6 AA AA 
Time:	12:52:08,644
Send:	220001
Receive: 62 00 01 02 8D 00 A2 25 D2 1A 33 01 13 00 C9 00 00 01 FE 00 DB 80 AF 4C B5 78 9D 41 F3 08 92 17 00 E6 04 44 59 2A F3 2B 11 00 5A 08 A0 00 2E 01 D9 FA 68 65 45 03 01 7D C8 78 DA 0C 3A 9B 00 04 6D 0E 31 AA AA 
Time:	12:52:09,027
Send:	220001
Receive: 62 00 01 02 8D 00 A2 25 26 1A 13 01 16 00 CC 00 00 01 FC 00 D0 80 A0 4C BF 75 FD 41 F3 08 91 23 00 E6 02 AA 59 2D 9B 2B 11 00 5A 08 AD 00 2E 01 DC FA 6C 65 45 03 01 7D C8 78 DA 0C 3A 9B 00 04 76 0D E6 AA AA 
Time:	12:52:09,414
Send:	220001
Receive: 62 00 01 02 8D 00 A2 24 04 19 FF 01 27 00 C9 00 00 02 17 00 D2 80 26 4C 3A 78 DD 41 F3 08 90 1F 00 E6 02 AA 5A 32 0A 2B 11 00 5A 08 BC 00 2E 01 DF FA 71 65 45 03 01 7D C8 78 DA 0C 3A 9B 00 04 CF 0E 56 AA AA 
Time:	12:52:09,824
Send:	220001
Receive: 62 00 01 02 8D 00 A2 23 18 18 F5 01 2E 00 C2 00 00 02 2D 00 D8 80 9F 4C 88 76 DD 41 F3 08 8F D3 00 E6 02 AA 5A 35 93 2B 11 00 5A 08 C9 00 2E 01 E2 FA 76 65 45 03 01 7D C8 78 DA 0C 3A 9B 00 04 F3 0E 8B AA AA 
Time:	12:52:10,214
Send:	220001
Receive: 62 00 01 02 8D 00 A2 22 22 18 ED 00 00 00 B3 00 00 02 34 00 D0 80 23 4C 3B 7F FD 41 F3 08 8F 87 00 E6 02 F3 5A 00 00 2B 11 00 5A 08 D5 00 2E 01 E4 FA 78 65 45 03 01 29 C9 78 DA 0C 3A 9B 00 05 10 0E 97 AA AA 
Time:	12:52:10,615
Send:	220001
Receive: 62 00 01 02 8D 00 A2 20 A0 17 ED 00 00 00 AB 00 00 02 27 00 C6 80 18 4C 2F 7F FD 41 F3 08 8F 32 00 E6 02 F3 5A 00 00 2B 11 00 5A 08 EA 00 2E 01 E9 FA 8A 65 45 03 01 29 C9 78 DA 0C 3A 9B 00 04 F1 0E 4C AA AA 
Time:	12:52:11,024
Send:	220001
Receive: 62 00 01 02 8D 00 A2 1F A0 16 ED 00 00 00 A4 00 00 02 20 00 BC 80 17 4C 2E 7F FD 41 F3 08 8E FB 00 E6 00 00 5A 00 00 2B 11 00 5A 08 F8 00 2E 01 EC FA BF 65 45 03 01 29 C9 78 DA 0C 3A 9B 00 04 DA 0E 58 AA AA 
Time:	12:52:11,419
Send:	220001
Receive: 62 00 01 02 8D 00 A2 1E 24 15 EF 00 00 00 9C 00 00 01 E8 00 A0 80 17 4C 2E 7F FD 41 F3 08 8E F1 00 E6 00 00 5B 00 00 2B 11 00 5A 09 10 00 2E 01 F1 FB 14 65 45 03 01 29 C9 78 DA 0C 3A 9B 00 04 59 0E 5F AA AA 
Time:	12:52:11,827
Send:	220001
Receive: 62 00 01 02 8D 00 A2 1D 36 14 EF 00 00 00 9C 00 00 01 D6 00 96 80 17 4C 2E 7F FD 41 F3 08 8E E2 00 E6 00 00 5B 00 00 2B 11 00 5A 09 1C 00 2E 01 F3 FB 3D 65 45 03 01 29 C9 78 DA 0C 3A 9B 00 04 33 0E 99 AA AA 
Time:	12:52:12,225
Send:	220001
Receive: 62 00 01 02 8D 00 A2 1B E0 13 F0 00 00 00 9F 00 00 01 CA 00 8B 80 16 4C 2E 7F FD 41 F3 08 8E C4 00 E6 00 00 5B 00 00 2B 11 00 5A 09 34 00 2E 01 F9 FB 97 65 45 03 01 29 C9 78 DA 0C 3A 9B 00 04 22 0F 3E AA AA 
Time:	12:52:12,625
Send:	220001
Receive: 62 00 01 02 8D 00 A2 1B 02 13 EE 00 00 00 9F 00 00 01 EC 00 91 80 17 4C 2E 7F FD 41 F3 08 8E B5 00 E6 00 00 5B 00 00 2B 11 00 5A 09 40 00 2E 01 FB FB C9 65 45 03 01 29 C9 78 DA 0C 3A 9B 00 04 79 10 03 AA AA 
Time:	12:52:13,026
Send:	220001
Receive: 62 00 01 02 8C 00 A3 19 6E 12 ED 00 00 00 9F 00 00 02 31 00 99 80 17 4C 2E 7F FD 41 F3 08 8D A6 00 E6 00 00 5B 00 00 2B 11 00 5A 09 58 00 2E 02 00 FC 2A 65 45 03 03 29 E9 78 DA 0C 3A 9B 00 05 14 11 58 AA AA 
Time:	12:52:13,424
Send:	220001
Receive: 62 00 01 02 8D 00 A3 18 08 10 EC 00 00 00 9F 00 00 02 65 00 9D 80 17 4C 2E 7F FD 41 F3 08 8C 35 00 E6 00 00 5B 00 00 2B 11 00 5A 09 5C 00 2E 02 01 FC 91 65 45 03 07 29 E9 78 DA 0C 3A 9B 00 05 A9 12 7C AA AA 
Time:	12:52:13,824
Send:	220001
Receive: 62 00 01 02 87 00 A3 12 16 0E 1C 02 33 01 3C 00 00 03 0E 00 92 78 17 4C 2E 7F FD 41 F3 08 86 CD 00 E6 00 00 5C 00 00 2B 11 00 5A 09 5D 00 2E 02 6A FF 72 65 45 03 07 29 E8 78 DA 0C 3A 9B 00 06 69 17 25 AA AA 
Time:	12:52:14,209
Send:	220001
Receive: 62 00 01 02 8A 00 A3 12 18 0D 00 01 EF 00 AB 00 00 03 38 00 A3 79 21 4C 31 80 3D 41 F3 08 86 A1 00 E6 03 14 5C 00 00 2B 11 00 5A 09 5E 00 2E 02 1F FE F3 65 45 03 07 39 E8 78 DA 0C 3A 9B 00 07 54 19 44 AA AA 
Time:	12:52:14,586
Send:	220001
Receive: 62 00 01 02 8C 00 A3 10 E6 0C 02 02 18 00 C2 00 00 03 7A 00 A0 77 B7 4C C7 7C 7D 41 F3 08 85 95 00 E6 03 14 5C 00 00 2B 11 00 5A 09 5E 00 2E 01 7E 01 FA 65 45 03 03 79 E8 78 DA 0C 3A 9B 00 08 1F 1B 21 AA AA 
Time:	12:52:14,977
Send:	220001
Receive: 62 00 01 02 8D 00 A3 10 4C 0B FE 02 16 00 A9 00 00 03 C1 00 A9 77 BB 4C D7 7A 3D 41 F3 08 84 09 00 E6 02 F7 5C 00 00 2B 11 00 5A 09 5F 00 2E 01 7E 02 3D 65 45 03 03 79 C0 78 DA 0C 3A 9B 00 08 A9 1C 42 AA AA 
Time:	12:52:15,378
Send:	220001
Receive: 62 00 01 02 8D 00 A3 10 98 0B 29 02 09 01 32 37 14 03 D8 00 BE 7A BB 4C D9 77 FD 41 F3 08 84 5A 00 E6 02 F7 5C 17 7F 2B 11 00 5A 09 5F 00 2E 01 7E 00 00 65 45 03 01 7C C0 78 DA 0C 3A 9B 00 08 E4 1C E8 AA AA 
Time:	12:52:15,764
Send:	220001
Receive: 62 00 01 02 8D 00 A3 17 2A 0A FE 09 8A 07 13 8F DB 0D 9E 03 CE 7C 6F 4C CE 74 9D 41 F3 08 8F 5F 00 E6 02 F7 5C B9 69 2B 11 00 5A 09 5F 00 2E 01 7E FC A3 65 45 03 01 3C CA 78 DA 0C 3A 9B 00 1C D5 3D B0 AA AA 
Time:	12:52:16,167
Send:	220001
Receive: 62 00 01 02 8D 00 A3 31 48 0A 08 01 21 00 79 00 00 02 9E 01 6D 80 BE 4C D8 71 9D 41 F3 08 95 30 00 E6 14 2E 5C 1B E9 2B 11 00 5A 08 75 00 2E 01 59 F9 F4 65 45 03 01 3D C8 78 DA 0C 3A 9B 00 05 5B 12 0F AA AA 
Time:	12:52:16,560
Send:	220001

Fixed toLineMF: 03E 62 00 01 02 8D 00 A3 2B C0 0A 35 00 ED 01 0C 00 00 01 A4 00 C6 80 1C 4C 32 74 3D 41 F3 08 95 40 00 E6 14 2E 5C 1C CA 2B 11 59 FA 40 65 45 03 05 7D C8 78 DA 0C 3A 9B 00 03 DC 0E 69 AA AA 
Receive: 62 00 01 02 8D 00 A3 2B C0 0A 35 00 ED 01 0C 00 00 01 A4 00 C6 80 1C 4C 32 74 3D 41 F3 08 95 40 00 E6 14 2E 5C 1C CA 2B 11 59 FA 40 65 45 03 05 7D C8 78 DA 0C 3A 9B 00 03 DC 0E 69 AA AA 

Fixed toLineMF: 03E 62 00 01 02 8D 00 A3 2B C0 0A 35 00 ED 01 0C 00 00 01 A4 00 C6 80 1C 4C 32 74 3D 41 F3 08 95 40 00 E6 14 2E 5C 1C CA 2B 11 59 FA 40 65 45 03 05 7D C8 78 DA 0C 3A 9B 00 03 DC 0E 69 AA AA 
Time:	12:52:16,955
Send:	220001
Receive: 62 00 01 02 8D 00 A3 25 EC 0A F0 01 66 00 DB 00 00 02 0B 00 D4 80 1F 4C 32 7F FD 41 F3 08 90 99 00 E6 00 00 5C 17 07 2B 11 00 5A 08 B1 00 2E 01 62 FA 62 65 45 03 05 2D C8 78 DA 0C 3A 9B 00 04 EF 0E AD AA AA 
Time:	12:52:17,347
Send:	220001
Receive: 62 00 01 02 8D 00 A3 1F 18 0A 10 01 31 00 A9 00 00 02 0B 00 B0 80 BD 4C B2 7C 9D 41 F3 08 8E F6 00 E6 00 00 5B 17 61 2B 11 00 5A 09 0D 00 2E 01 71 FA F7 65 45 03 05 3D C8 78 DA 0C 3A 9B 00 04 86 0E CB AA AA 
Time:	12:52:17,744
Send:	220001
Receive: 62 00 01 02 8D 00 A3 1A 0C 0A 24 01 C1 01 00 07 7A 02 E5 00 CD 78 AE 4C D8 7A 1D 41 F3 08 8A DA 00 E6 00 00 5B 18 60 2B 11 00 5A 09 56 00 2E 01 7D FC A6 65 45 03 05 7C C8 78 DA 0C 3A 9B 00 06 9B 14 AE AA AA 
Time:	12:52:18,147
Send:	220001
Receive: 62 00 01 02 8D 00 A3 19 E8 0A 2C 01 9C 00 DB 06 A3 02 E0 00 CE 77 B7 4C D5 77 5D 41 F3 08 8A E8 00 E6 03 8E 5B 1A 22 2B 11 00 5A 09 51 00 2E 01 7C FC A8 65 45 03 05 7C C0 78 DA 0C 3A 9B 00 06 B2 14 E3 AA AA 
Time:	12:52:18,550
Send:	220001
Receive: 62 00 01 02 8D 00 A3 1A 36 0A 2C 01 82 00 DD 06 A3 02 D4 00 D2 79 B3 4C D4 74 9D 41 F3 08 8B 18 00 E6 03 8E 5B 1B 08 2B 11 00 5A 09 47 00 2E 01 7A FC AB 65 45 03 05 7C C0 78 DA 0C 3A 9B 00 06 81 14 A5 AA AA 
Time:	12:52:18,937
Send:	220001
Receive: 62 00 01 02 8D 00 A3 1A 0A 0A 2C 01 85 00 E0 07 0F 02 E3 00 D8 7C 55 4C C3 76 3D 41 F3 08 8B 47 00 E6 03 33 5B 1C CA 2B 11 00 5A 09 48 00 2E 01 7A FC AB 65 45 03 05 7C C0 78 DA 0C 3A 9B 00 06 9E 14 F5 AA AA 
Time:	12:52:19,327
Send:	220001
Receive: 62 00 01 02 8D 00 A3 1A 2C 0A 2B 01 E9 01 34 09 F5 03 93 01 0C 7D 29 4C 53 75 5D 41 F3 08 8C 96 00 E6 03 33 5B 1E 91 2B 11 00 5A 09 48 00 2E 01 7A FC AB 65 45 03 05 7C C0 78 DA 0C 3A 9B 00 08 18 18 61 AA AA 
Time:	12:52:19,755
Send:	220001
Receive: 62 00 01 02 8D 00 A3 1B 2A 0A 29 02 08 01 34 0B A3 03 CB 01 25 7F 29 4C 3C 78 DD 41 F3 08 8D 3A 00 E6 03 33 5B 20 58 2B 11 00 5A 09 3C 00 2E 01 78 FC AF 65 45 03 01 7C C0 78 DA 0C 3A 9B 00 08 AC 19 FE AA AA 
Time:	12:52:20,136
Send:	220001
Receive: 62 00 01 02 8D 00 A3 1C 88 0B 2B 01 F7 01 39 0B A3 03 9C 01 22 80 2D 4C 41 7C 5D 41 F3 08 8E 0D 00 E6 04 65 5B 22 1A 2B 11 00 5A 09 28 00 2E 01 75 FC B6 65 45 03 01 7C C0 78 DA 0C 3A 9B 00 08 4C 18 D4 AA AA 
Time:	12:52:20,535
Send:	220001
Receive: 62 00 01 02 8D 00 A3 1D EC 0B 2B 01 F5 01 39 09 F5 03 A8 01 35 80 B3 4C BC 7A 9D 41 F3 08 8F 0A 00 E6 04 65 5B 23 E1 2B 11 00 5A 09 14 00 2E 01 72 FC BE 65 45 03 01 7C C0 78 DA 0C 3A 9B 00 08 64 17 B4 AA AA 
Time:	12:52:20,950
Send:	220001
Receive: 62 00 01 02 8D 00 A4 1E FC 0C 2B 01 DB 01 23 06 38 03 97 01 3B 80 B8 4C D2 76 BD 41 F3 08 8F 73 00 E6 04 B1 5B 25 A3 2B 11 00 5A 09 04 00 2E 01 6F FC C3 65 45 03 01 7C C0 78 DA 0C 3A 9B 00 08 2D 16 16 AA AA 
Time:	12:52:21,346
Send:	220001
Receive: 62 00 01 02 8D 00 A4 1F 94 0C 1D 01 94 00 F9 01 70 03 2A 01 1C 80 B9 4C D4 72 FD 41 F3 08 8E 70 00 E6 04 B1 5B 27 6A 2B 11 00 5A 08 FC 00 2E 01 6E FA B8 65 45 03 01 7D C8 78 DA 0C 3A 9B 00 07 2C 13 B2 AA AA 
Time:	12:52:21,760
Send:	220001
Receive: 62 00 01 02 8D 00 A4 1F 9A 0C 29 01 55 00 D8 00 00 02 B7 00 F1 80 B8 4C D5 6F 9D 41 F3 08 8C E3 00 E6 04 B1 5B 2A 12 2B 11 00 5A 08 FD 00 2E 01 6E FA BC 65 45 03 01 7D C8 78 DA 0C 3A 9B 00 06 29 11 46 AA AA 
Time:	12:52:22,146
Send:	220001
Receive: 62 00 01 02 8D 00 A4 1F 20 0C 2F 01 31 00 C9 00 00 02 79 00 D8 80 B1 4C D3 6C 7D 41 F3 08 8D 75 00 E6 03 33 5B 2D 9B 2B 11 00 5A 09 05 00 2E 01 70 FA D7 65 45 03 01 7D C8 78 DA 0C 3A 9B 00 05 A1 10 5C AA AA 
Time:	12:52:22,536
Send:	220001
Receive: 62 00 01 02 8D 00 A4 1D F8 0B 30 01 0E 00 B3 00 00 02 27 00 B4 80 27 4C 82 6E 1D 41 F3 08 8E 66 00 E6 03 33 5B 31 24 2B 11 00 5A 09 16 00 2E 01 72 FB 19 65 45 03 01 7D C8 78 DA 0C 3A 9B 00 04 E3 0F 90 AA AA 
Time:	12:52:22,934
Send:	220001
Receive: 62 00 01 02 8D 00 A4 1D 00 0B 14 00 E7 00 A6 00 00 01 CC 00 8F 80 20 4C 32 70 BD 41 F3 08 8E CE 00 E6 02 22 5B 36 74 2B 11 00 5A 09 28 00 2E 01 75 FB 5B 65 45 03 01 7D C8 78 DA 0C 3A 9B 00 04 19 0F 11 AA AA 
Time:	12:52:23,341
Send:	220001
Receive: 62 00 01 02 8C 00 A4 1B 96 0A 1E 00 F9 00 A4 00 00 01 DD 00 8D 80 1C 4C 2E 73 1D 41 F3 08 8E B5 00 E6 02 22 5B 3B C4 2B 11 00 5A 09 3B 00 2E 01 78 FB A4 65 45 03 03 7D E8 78 DA 0C 3A 9B 00 04 4E 0F A0 AA AA 
Time:	12:52:23,771
Send:	220001
Receive: 62 00 01 02 8D 00 A4 19 76 09 04 01 22 00 95 00 00 02 34 00 9C 80 1E 4C 2E 75 BD 41 F3 08 8D A1 00 E6 02 22 5C 3B C4 2B 11 00 5A 09 57 00 2E 01 7D FC 20 65 45 03 03 7D E8 78 DA 0C 3A 9B 00 05 0B 11 3B AA AA 
Time:	12:52:24,159
Send:	220001
Receive: 62 00 01 02 8D 00 A4 17 14 09 FA 01 30 00 97 00 00 02 59 00 96 80 20 4C 2F 77 FD 41 F3 08 8C 27 00 E6 02 05 5C 39 FD 2B 11 00 5A 09 5E 00 2E 01 7E FC E4 65 45 03 01 7D C8 78 DA 0C 3A 9B 00 05 72 11 F7 AA AA 
Time:	12:52:24,545
Send:	220001
Receive: 62 00 01 02 8C 00 A4 14 BC 08 EC 00 00 00 92 00 00 02 68 00 86 80 1F 4C 2F 7F FD 41 F3 08 8A 2D 00 E6 02 05 5C 00 00 2B 11 00 5A 09 5E 00 2E 01 7E FE 04 65 45 03 05 29 E9 78 DA 0C 3A 9B 00 05 86 13 B0 AA AA 
Time:	12:52:24,928
Send:	220001
Receive: 62 00 01 02 88 00 A4 11 4E 06 1B 02 4B 00 AE 00 00 03 83 00 AC 78 1B 4C 2D 7F FD 41 F3 08 85 90 00 E6 03 6D 5C 00 00 2B 11 00 5A 09 5F 00 2E 02 25 FF 3F 65 45 03 07 A9 E8 78 DA 0C 3A 9B 00 08 06 1A D8 AA AA 
Time:	12:52:25,338
Send:	220001
Receive: 62 00 01 02 8C 00 A4 10 EE 05 00 01 FC 00 A9 00 00 03 63 00 9C 79 BB 4C C1 7D 3D 41 F3 08 85 FE 00 E6 03 6D 5C 00 00 2B 11 00 5A 09 60 00 2E 01 E4 FF 8A 65 45 03 07 B9 E8 78 DA 0C 3A 9B 00 07 D1 1A 71 AA AA 
Time:	12:52:25,754
Send:	220001
Receive: 62 00 01 02 8D 00 A4 0F E4 03 01 02 06 00 A4 00 00 03 97 00 9D 77 BC 4C D1 7B 1D 41 F3 08 84 D2 00 E6 03 6D 5C 00 00 2B 11 00 5A 09 60 00 2E 01 9E FF CB 65 45 03 07 F9 E0 78 DA 0C 3A 9B 00 08 41 1B 68 AA AA 
Time:	12:52:26,164
Send:	220001
Receive: 62 00 01 02 8D 00 A4 0F 2C 01 02 01 FB 00 9A 00 00 03 A1 00 99 79 BC 4C D3 79 1D 41 F3 08 84 96 00 E6 02 8F 5C 00 00 2B 11 00 5A 09 61 00 2E 01 81 FF E6 65 45 03 07 F9 E0 78 DA 0C 3A 9B 00 08 5F 1B CC AA AA 
Time:	12:52:26,558
Send:	220001
Receive: 62 00 01 02 8D 00 A4 0E DC 01 03 01 F2 00 95 00 00 03 A7 00 97 7B B9 4C D1 76 FD 41 F3 08 84 73 00 E6 02 8F 5D 00 00 2B 11 00 5A 09 61 00 2E 01 5B FF F3 65 45 03 05 F9 C0 78 DA 0C 3A 9B 00 08 62 1B E5 AA AA 
Time:	12:52:26,946
Send:	220001
Receive: 62 00 01 02 8D 00 A4 0E 96 01 06 01 E5 00 95 00 00 03 9F 00 93 7D B5 4C CF 74 FD 41 F3 08 84 A2 00 E6 02 32 5D 00 00 2B 11 00 5A 09 61 00 2E 01 43 FF FE 65 45 03 05 F9 C0 78 DA 0C 3A 9B 00 08 52 1B DA AA AA 
Time:	12:52:27,347
Send:	220001
Receive: 62 00 01 02 8D 00 A4 0E 66 00 06 01 E3 00 92 00 00 03 AF 00 96 7E B1 4C CB 72 FD 41 F3 08 84 40 00 E6 02 32 5D 00 00 2B 11 00 5A 09 62 00 2E 01 38 00 00 65 45 03 05 F9 C0 78 DA 0C 3A 9B 00 08 70 1C 11 AA AA 
Time:	12:52:27,747
Send:	220001

Fixed toLineMF: 03E 62 00 01 02 8D 00 A4 0F 44 00 04 03 43 01 21 09 8F 05 AF 01 0C 80 A5 4C C6 70 5D 41 F3 08 86 32 00 E6 00 82 09 62 00 2E 01 38 01 CF 65 45 03 05 7C C2 78 DA 0C 3A 9B 00 0C D8 26 B8 AA AA 
Receive: 62 00 01 02 8D 00 A4 0F 44 00 04 03 43 01 21 09 8F 05 AF 01 0C 80 A5 4C C6 70 5D 41 F3 08 86 32 00 E6 00 82 09 62 00 2E 01 38 01 CF 65 45 03 05 7C C2 78 DA 0C 3A 9B 00 0C D8 26 B8 AA AA 

Fixed toLineMF: 03E 62 00 01 02 8D 00 A4 0F 44 00 04 03 43 01 21 09 8F 05 AF 01 0C 80 A5 4C C6 70 5D 41 F3 08 86 32 00 E6 00 82 09 62 00 2E 01 38 01 CF 65 45 03 05 7C C2 78 DA 0C 3A 9B 00 0C D8 26 B8 AA AA 
Time:	12:52:28,128
Send:	220001
Receive: 62 00 01 02 8D 00 A4 12 14 00 09 03 33 01 8C 09 8F 05 E3 01 2A 80 8C 4C C4 6C BD 41 F3 08 86 BB 00 E6 03 EE 5D 19 41 2B 11 00 94 09 62 00 2E 01 38 03 EB 65 45 03 05 7C C2 78 DA 0C 3A 9B 00 0D 16 27 9E AA AA 
Time:	12:52:28,524
Send:	220001
Receive: 62 00 01 02 8D 00 A4 12 3A 01 01 03 C5 01 B8 09 23 07 57 01 87 80 A7 4C A7 6E 7D 41 F3 08 89 4A 00 E6 03 EE 5D 1F 72 2B 11 00 92 09 63 00 2E 01 38 03 8A 65 45 03 05 7C C2 78 DA 0C 3A 9B 00 10 D9 2F EB AA AA 
Time:	12:52:28,938
Send:	220001
Receive: 62 00 01 02 8D 00 A4 13 54 02 00 03 FB 01 EA 08 85 08 0D 01 B7 80 98 4C AF 6A 3D 41 F3 08 89 FA 00 E6 06 21 5D 22 FB 2B 11 00 90 09 63 00 2E 01 38 02 6F 65 45 03 05 7C C2 78 DA 0C 3A 9B 00 12 59 32 37 AA AA 
Time:	12:52:29,346
Send:	220001
Receive: 62 00 01 02 8D 00 A4 13 5E 03 FE 04 51 02 5A 08 4C 08 F7 01 E6 80 A0 4C B4 66 1D 41 F3 08 89 E7 00 E6 06 21 5D 2C BA 2B 11 00 90 09 62 00 2E 01 38 02 1D 65 45 03 05 7C C2 78 DA 0C 3A 9B 00 14 98 36 C6 AA AA 
Time:	12:52:29,746
Send:	220001
Receive: 62 00 01 02 8D 00 A4 12 FA 05 F7 05 2B 03 38 08 4C 0A 96 02 3D 80 48 4C 6F 68 3D 41 F3 08 89 D5 00 E6 06 21 5D 60 09 2B 11 00 90 09 61 00 2E 01 38 02 61 65 45 03 05 3C C2 78 DA 0C 3A 9B 00 18 49 3B EB AA AA 
Time:	12:52:30,156
Send:	220001
Receive: 62 00 01 02 8D 00 A4 13 7A 06 FB 04 B2 02 DA 07 7A 09 FA 02 21 80 29 4C 9A 66 BD 41 F3 08 8A 03 00 E6 07 77 5C 53 A7 2B 11 00 8D 09 61 00 2E 01 38 01 BA 65 45 03 05 3C C2 78 DA 0C 3A 9B 00 16 E8 3A CB AA AA 
Time:	12:52:30,544
Send:	220001

Fixed toLineMF: 03E 62 00 01 02 8D 00 A4 13 CA 07 FB 04 8A 02 82 05 66 09 94 02 1F 80 33 4C 76 6B 1D 41 F3 08 8A B5 00 E6 07 77 5C 47 45 2B 11 00 87 09 60 00 2E 01 38 00 EF 65 45 03 05 7C C2 78 DA 0C 3A 9B 
Receive: 62 00 01 02 8D 00 A4 13 CA 07 FB 04 8A 02 82 05 66 09 94 02 1F 80 33 4C 76 6B 1D 41 F3 08 8A B5 00 E6 07 77 5C 47 45 2B 11 00 87 09 60 00 2E 01 38 00 EF 65 45 03 05 7C C2 78 DA 0C 3A 9B 

Fixed toLineMF: 03E 62 00 01 02 8D 00 A4 13 CA 07 FB 04 8A 02 82 05 66 09 94 02 1F 80 33 4C 76 6B 1D 41 F3 08 8A B5 00 E6 07 77 5C 47 45 2B 11 00 87 09 60 00 2E 01 38 00 EF 65 45 03 05 7C C2 78 DA 0C 3A 9B 
Time:	12:52:30,917
Send:	220001
Receive: 62 00 01 02 8D 00 A4 15 6C 08 01 03 AE 01 CD 05 66 07 F0 01 F0 80 2C 4C 5E 6A 1D 41 F3 08 8C CB 00 E6 07 77 5C 2C BA 2B 11 00 87 09 5F 00 2E 01 38 FF F6 65 45 03 05 7C C2 78 DA 0C 3A 9B 00 11 60 2D 8E AA AA 
Time:	12:52:31,304
Send:	220001
Receive: 62 00 01 02 8D 00 A5 17 18 09 0A 02 10 01 16 01 3D 05 02 01 42 80 23 4C 2F 6E 5D 41 F3 08 89 6A 00 E6 06 66 5C 23 E1 2B 11 00 69 09 5E 00 2E 01 4B FE A8 65 45 03 05 7D C2 78 DA 0C 3A 9B 00 0B 58 1F CA AA AA 
Time:	12:52:31,704
Send:	220001
Receive: 62 00 01 02 8D 00 A5 18 1E 09 2A 01 8C 00 D6 00 33 03 96 00 FE 80 22 4C 2E 71 9D 41 F3 08 8B 89 00 E6 06 66 5B 23 E1 2B 11 00 5A 09 5D 00 2E 01 15 00 00 65 45 03 05 7D C8 78 DA 0C 3A 9B 00 07 BB 17 79 AA AA 
Time:	12:52:32,086
Send:	220001
Receive: NO DATA
Time:	12:52:32,362
Send:	220001
Receive: NO DATA
Time:	12:52:32,663
Send:	220001
Receive: NO DATA
Time:	12:52:32,952
Send:	220001
Receive: NO DATA
Time:	12:52:33,236
Send:	220001
Receive: NO DATA
Time:	12:52:33,533
Send:	220001
Receive: NO DATA
Time:	12:52:33,830
Send:	220001
Receive: NO DATA
Time:	12:52:34,121
Send:	220001
Receive: 62 00 01 02 8D 00 A5 11 48 07 0E 02 53 00 F9 09 F5 04 2C 00 D7 80 34 4C 3A 7F 3D 41 F3 08 84 66 00 E6 02 5E 5C 2B D4 2B 11 00 5A 09 5D 00 2E 00 B9 00 00 65 45 03 05 7C C0 78 DA 0C 3A 9B 00 09 E2 1E 4B AA AA 
Time:	12:52:34,508
Send:	220001
Receive: 62 00 01 02 8D 00 A5 14 50 07 0E 02 00 00 EC 08 B8 04 27 00 EB 80 B0 4C BD 7A 3D 41 F3 08 85 C0 00 E6 02 5E 5C 2F 62 2B 11 00 5A 09 5E 00 2E 00 B9 00 00 65 45 03 05 7C C0 78 DA 0C 3A 9B 00 08 FF 1C B7 AA AA 
Time:	12:52:34,904
Send:	220001
Receive: 62 00 01 02 8D 00 A5 13 28 07 11 01 C0 00 C7 07 E1 03 BD 00 CD 80 25 4C 6C 78 3D 41 F3 08 85 95 00 E6 02 5E 5C 33 CC 2B 11 00 5A 09 5E 00 2E 00 B9 FE 44 65 45 03 05 7C C0 78 DA 0C 3A 9B 00 08 A3 1B 96 AA AA 
Time:	12:52:35,295
Send:	220001
Receive: 62 00 01 02 8D 00 A5 14 04 07 13 01 BB 00 C9 07 E1 03 9D 00 C8 80 25 4C 2F 7D DD 41 F3 08 85 C9 00 E6 02 EE 5C 38 3B 2B 11 00 5A 09 5F 00 2E 00 B9 FE 11 65 45 03 05 7C C0 78 DA 0C 3A 9B 00 08 03 1A D1 AA AA 
Time:	12:52:35,688
Send:	220001
Receive: 62 00 01 02 8D 00 A5 14 30 07 0F 01 E4 00 CC 07 E1 03 C0 00 DD 80 25 4C 31 80 3D 41 F3 08 86 CD 00 E6 02 EE 5C 3C A5 2B 11 00 5A 09 5F 00 2E 00 B9 FD E0 65 45 03 05 7C C0 78 DA 0C 3A 9B 00 08 72 1A 27 AA AA 
Time:	12:52:36,084
Send:	220001
Receive: 62 00 01 02 8D 00 A5 14 28 07 11 01 D6 00 CC 07 E1 03 B5 00 D5 80 9B 4C 9F 7E BD 41 F3 08 86 5E 00 E6 02 C7 5C 42 D6 2B 11 00 5A 09 60 00 2E 00 B9 FE 03 65 45 03 05 7C C0 78 DA 0C 3A 9B 00 08 A8 1A 52 AA AA 
Time:	12:52:36,476
Send:	220001
Receive: 62 00 01 02 8D 00 A5 14 46 08 16 01 C5 00 CE 07 E1 03 9A 00 CD 80 3D 4C 77 80 FD 41 F3 08 85 F0 00 E6 02 C7 5C 48 26 2B 11 00 5A 09 60 00 2E 00 B9 FE 0B 65 45 03 05 FC C0 78 DA 0C 3A 9B 00 08 68 1A 47 AA AA 
Time:	12:52:36,878
Send:	220001
Receive: 62 00 01 02 8D 00 A5 15 26 08 13 01 C4 00 D1 07 42 03 8E 00 CF 80 7F 4C 41 83 BD 41 F3 08 86 79 00 E6 02 C7 5C 4E 57 2B 11 00 5A 09 61 00 2E 00 B9 FD A8 65 45 03 01 FC C0 78 DA 0C 3A 9B 00 08 1C 19 AB AA AA 
Time:	12:52:37,259
Send:	220001
Receive: 62 00 01 02 8C 00 A5 14 FC 08 0E 01 CA 00 CE 04 FA 03 A4 00 DA 80 27 4C AB 7E DD 41 F3 08 87 33 00 E6 02 E8 5C 4C 95 2B 11 00 5A 09 61 00 2E 00 B9 FD A2 65 45 03 01 FC C0 78 DA 0C 3A 9B 00 08 65 19 72 AA AA 
Time:	12:52:37,680
Send:	220001
Receive: 62 00 01 02 8D 00 A5 15 14 08 0E 01 A8 00 CE 03 51 03 6C 00 C4 80 A4 4C 94 80 1D 41 F3 08 85 F5 00 E6 02 E8 5D 47 45 2B 11 00 5A 09 61 00 2E 00 B9 FD CA 65 45 03 01 7C C8 78 DA 0C 3A 9B 00 07 F4 19 76 AA AA 
Time:	12:52:38,080
Send:	220001
Receive: 62 00 01 02 8C 00 A5 14 18 07 FA 01 E3 00 C7 04 C7 03 A6 00 D3 80 21 4C 34 82 5D 41 F3 08 86 48 00 E6 02 C7 5D 41 F5 2B 11 00 5A 09 61 00 2E 00 BA FE BA 65 45 03 01 FC C8 78 DA 0C 3A 9B 00 08 2E 19 DA AA AA 
Time:	12:52:38,485
Send:	220001
Receive: 62 00 01 02 8C 00 A6 12 B6 07 08 01 B2 00 B8 05 D1 03 41 00 A3 80 28 4C 32 84 BD 41 F3 08 86 79 00 E6 02 C7 5D 3A E3 2B 11 00 5A 09 62 00 2E 00 BA 00 00 65 45 03 01 FC C8 78 DA 0C 3A 9B 00 07 5E 19 5C AA AA 
Time:	12:52:38,878
Send:	220001
Receive: 62 00 01 02 8D 00 A6 12 D2 06 13 01 C3 00 C9 08 4C 03 70 00 B8 80 26 4C 30 86 FD 41 F3 08 85 EC 00 E6 02 C7 5D 48 26 2B 11 00 5A 09 62 00 2E 00 BA 00 00 65 45 03 01 FC C0 78 DA 0C 3A 9B 00 08 15 1A 7E AA AA 
Time:	12:52:39,270
Send:	220001
Receive: 62 00 01 02 8D 00 A6 12 66 07 14 02 08 00 D8 08 B8 03 D3 00 C9 80 2B 4C 39 89 5D 41 F3 08 85 13 00 E6 02 EE 5D 4C 95 2B 11 00 5A 09 63 00 2E 00 BA 00 00 65 45 03 01 FC C0 78 DA 0C 3A 9B 00 08 FE 1D 11 AA AA 
Time:	12:52:39,664
Send:	220001
Receive: 62 00 01 02 8D 00 A6 13 1A 07 0E 02 0E 00 DB 08 B8 04 0E 00 DD 80 9C 4C AD 85 7D 41 F3 08 85 24 00 E6 02 EE 5D 4E 57 2B 11 00 5A 09 63 00 2E 00 BA 00 00 65 45 03 01 FC C0 78 DA 0C 3A 9B 00 09 65 1D 8C AA AA 
Time:	12:52:40,067
Send:	220001
Receive: 62 00 01 02 8D 00 A6 13 C2 07 0E 02 00 00 D8 08 B8 04 0F 00 E6 80 9C 4C B2 82 9D 41 F3 08 85 9D 00 E6 03 55 5D 50 1E 2B 11 00 5A 09 64 00 2E 00 BA 00 00 65 45 03 01 FC C0 78 DA 0C 3A 9B 00 09 4B 1C FA AA AA 
Time:	12:52:40,447
Send:	220001
Receive: 62 00 01 02 8D 00 A6 14 58 07 0F 01 F8 00 D8 08 B8 04 09 00 E8 80 A1 4C B0 80 BD 41 F3 08 86 21 00 E6 03 55 5D 50 FF 2B 11 00 5A 09 64 00 2E 00 BA FD EA 65 45 03 01 FC C0 78 DA 0C 3A 9B 00 09 38 1C 26 AA AA 
Time:	12:52:40,840
Send:	220001
Receive: 62 00 01 02 8D 00 A6 14 D4 08 0F 01 F3 00 DB 08 B8 03 ED 00 E7 80 9B 4C AD 82 DD 41 F3 08 86 C0 00 E6 03 55 5D 51 E0 2B 11 00 5A 09 64 00 2E 00 BA FD B4 65 45 03 01 FC C0 78 DA 0C 3A 9B 00 08 F4 1B 2E AA AA 
Time:	12:52:41,227
Send:	220001
Receive: 62 00 01 02 8D 00 A6 15 5E 08 10 01 DD 00 D8 08 B8 03 D3 00 E7 80 A9 4C BA 80 1D 41 F3 08 87 84 00 E6 03 7C 5D 52 C6 2B 11 00 5A 09 64 00 2E 00 BA FD 7C 65 45 03 01 FC C0 78 DA 0C 3A 9B 00 08 C6 1A 45 AA AA 
Time:	12:52:41,645
Send:	220001

Fixed toLineMF: 03E 62 00 01 02 8D 00 A6 15 96 08 12 01 DA 00 DB 08 B8 03 CA 00 E8 80 29 4C A1 7E 3D 41 F3 08 87 F9 00 E6 03 7C 5D 53 A7 2B 11 00 5A 09 64 00 2E 00 FC C0 78 DA 0C 3A 9B 00 08 AC 19 B1 AA AA 
Receive: 62 00 01 02 8D 00 A6 15 96 08 12 01 DA 00 DB 08 B8 03 CA 00 E8 80 29 4C A1 7E 3D 41 F3 08 87 F9 00 E6 03 7C 5D 53 A7 2B 11 00 5A 09 64 00 2E 00 FC C0 78 DA 0C 3A 9B 00 08 AC 19 B1 AA AA 

Fixed toLineMF: 03E 62 00 01 02 8D 00 A6 15 96 08 12 01 DA 00 DB 08 B8 03 CA 00 E8 80 29 4C A1 7E 3D 41 F3 08 87 F9 00 E6 03 7C 5D 53 A7 2B 11 00 5A 09 64 00 2E 00 FC C0 78 DA 0C 3A 9B 00 08 AC 19 B1 AA AA 
Time:	12:52:42,042
Send:	220001
Receive: 62 00 01 02 8D 00 A6 15 E8 08 15 01 E2 00 DB 08 B8 03 B4 00 E7 80 82 4C 68 83 BD 41 F3 08 88 78 00 E6 03 59 5D 54 88 2B 11 00 5A 09 64 00 2E 00 BA FD 46 65 45 03 01 FC C0 78 DA 0C 3A 9B 00 08 74 19 2A AA AA 
Time:	12:52:42,447
Send:	220001
Receive: 62 00 01 02 8D 00 A6 16 6C 08 19 01 C1 00 DB 08 B8 03 93 00 E2 80 A2 4C B2 7F BD 41 F3 08 88 E5 00 E6 03 59 5D 55 6E 2B 11 00 5A 09 64 00 2E 00 BA FD 0D 65 45 03 01 FC C0 78 DA 0C 3A 9B 00 08 30 18 86 AA AA 
Time:	12:52:42,856
Send:	220001
Receive: 62 00 01 02 8D 00 A6 16 FA 08 16 01 E7 00 F3 08 B8 03 B0 00 F0 80 29 4C 38 83 DD 41 F3 08 89 B9 00 E6 03 59 5D 56 4F 2B 11 00 5A 09 64 00 2E 00 BA FC C9 65 45 03 01 FC C0 78 DA 0C 3A 9B 00 08 8E 19 5B AA AA 
Time:	12:52:43,288
Send:	220001
Receive: 62 00 01 02 8D 00 A6 17 52 09 0F 01 E5 00 F1 08 4C 03 C3 00 F8 80 A8 4C A6 81 1D 41 F3 08 8A 52 00 E6 03 85 5D 56 4F 2B 11 00 5A 09 64 00 2E 00 BA FC AC 65 45 03 01 FC C0 78 DA 0C 3A 9B 00 08 A1 19 81 AA AA 
Time:	12:52:43,743
Send:	220001
Receive: 62 00 01 02 8D 00 A6 17 E0 09 12 01 EA 00 F1 08 4C 03 B6 00 FB 80 2B 4C 3D 84 1D 41 F3 08 8A B0 00 E6 03 85 5D 57 30 2B 11 00 5A 09 64 00 2E 00 BA FC A1 65 45 03 01 FC C0 78 DA 0C 3A 9B 00 08 87 19 3E AA AA 
Time:	12:52:44,164
Send:	220001
Receive: 62 00 01 02 8D 00 A6 18 7A 09 12 01 DD 00 F3 08 4C 03 B5 01 01 80 AB 4C AD 80 BD 41 F3 08 8B 26 00 E6 03 B4 5D 58 11 2B 11 00 5A 09 64 00 2E 00 BA FC A1 65 45 03 01 FC C0 78 DA 0C 3A 9B 00 08 79 19 13 AA AA 
Time:	12:52:44,557
Send:	220001
Receive: 62 00 01 02 8D 00 A6 19 02 09 11 01 CE 00 F1 07 7A 03 AA 01 03 80 9C 4C B2 7D BD 41 F3 08 8B 80 00 E6 03 B4 5D 58 11 2B 11 00 5A 09 63 00 2E 00 BA FC A1 65 45 03 01 FC C0 78 DA 0C 3A 9B 00 08 5E 18 D9 AA AA 
Time:	12:52:44,986
Send:	220001
Receive: 62 00 01 02 8D 00 A6 19 2C 09 0E 01 C2 00 E4 02 0F 03 81 00 F8 80 2B 4C 8B 80 3D 41 F3 08 8B 8E 00 E6 03 8E 5D 53 A7 2B 11 00 5A 09 61 00 2E 00 B9 FC 29 65 45 03 01 7D C8 78 DA 0C 3A 9B 00 07 E9 17 C0 AA AA 
Time:	12:52:45,397
Send:	220001
Receive: 62 00 01 02 8D 00 A6 18 F2 09 0D 01 A4 00 D6 02 0F 03 53 00 E9 80 A8 4C AA 7D 1D 41 F3 08 8B 3D 00 E6 03 8E 5D 4E 57 2B 11 00 5A 09 64 00 2E 00 BA FC 3D 65 45 03 01 7D C8 78 DA 0C 3A 9B 00 07 8D 16 E2 AA AA 
Time:	12:52:45,786
Send:	220001
Receive: 62 00 01 02 8D 00 A7 18 36 09 0A 01 96 00 CE 02 0F 03 37 00 D8 80 3B 4C AD 7A 9D 41 F3 08 8A 81 00 E6 03 8E 5D 47 45 2B 11 00 5A 09 64 00 2E 00 BA FC 76 65 45 03 01 7D C8 78 DA 0C 3A 9B 00 07 48 16 52 AA AA 
Time:	12:52:46,174
Send:	220001
Receive: 62 00 01 02 8D 00 A7 17 7C 09 02 01 8F 00 BF 07 E1 03 0C 00 CC 80 2A 4C 2F 7F 9D 41 F3 08 8A 65 00 E6 03 07 5D 44 9D 2B 11 00 5A 09 64 00 2E 00 BA FC A1 65 45 03 01 FC C8 78 DA 0C 3A 9B 00 06 F4 15 94 AA AA 
Time:	12:52:46,564
Send:	220001
Receive: 62 00 01 02 8D 00 A7 16 B2 08 17 01 A2 00 CE 0C 0A 03 25 00 C8 80 32 4C 78 81 FD 41 F3 08 89 BD 00 E6 03 07 5D 4F 38 2B 11 00 5A 09 65 00 2E 00 BA FC FF 65 45 03 01 FC C8 78 DA 0C 3A 9B 00 07 43 16 55 AA AA 
Time:	12:52:46,947
Send:	220001

Fixed toLineMF: 037 62 00 01 02 8D 00 A7 17 2A 08 14 02 23 01 1C 0C 0A 03 F5 00 FD 80 2A 4C 5C 84 9D 03 85 5D 59 D8 2B 11 00 5A 09 65 00 2E 00 BA FC C9 65 45 03 01 00 09 4A 1B 0D AA AA 
Receive: 62 00 01 02 8D 00 A7 17 2A 08 14 02 23 01 1C 0C 0A 03 F5 00 FD 80 2A 4C 5C 84 9D 03 85 5D 59 D8 2B 11 00 5A 09 65 00 2E 00 BA FC C9 65 45 03 01 00 09 4A 1B 0D AA AA 

Fixed toLineMF: 037 62 00 01 02 8D 00 A7 17 2A 08 14 02 23 01 1C 0C 0A 03 F5 00 FD 80 2A 4C 5C 84 9D 03 85 5D 59 D8 2B 11 00 5A 09 65 00 2E 00 BA FC C9 65 45 03 01 00 09 4A 1B 0D AA AA 
Time:	12:52:47,326
Send:	220001

Fixed toLineMF: 037 62 00 01 02 8D 00 A7 17 60 09 0B 02 11 1B 80 AF 4C B0 81 3D 41 F3 08 8A D6 00 E6 03 85 5D 5D 61 2B 11 BA FC A1 65 45 03 01 FC C0 78 DA 0C 3A 9B 00 09 76 1B 5D AA AA 
Receive: 62 00 01 02 8D 00 A7 17 60 09 0B 02 11 1B 80 AF 4C B0 81 3D 41 F3 08 8A D6 00 E6 03 85 5D 5D 61 2B 11 BA FC A1 65 45 03 01 FC C0 78 DA 0C 3A 9B 00 09 76 1B 5D AA AA 

Fixed toLineMF: 037 62 00 01 02 8D 00 A7 17 60 09 0B 02 11 1B 80 AF 4C B0 81 3D 41 F3 08 8A D6 00 E6 03 85 5D 5D 61 2B 11 BA FC A1 65 45 03 01 FC C0 78 DA 0C 3A 9B 00 09 76 1B 5D AA AA 
Time:	12:52:47,723
Send:	220001
Receive: 62 00 01 02 8D 00 A7 17 56 09 0E 02 07 01 05 0C 0A 04 1D 01 0D 80 98 4C AD 7E FD 41 F3 08 89 FE 00 E6 03 85 5D 5A B9 2B 11 00 5A 09 65 00 2E 00 BA FC BB 65 45 03 01 FC C0 78 DA 0C 3A 9B 00 09 62 1B 33 AA AA 
Time:	12:52:48,096
Send:	220001
Receive: 62 00 01 02 8D 00 A7 18 4A 09 11 02 0C 01 08 0C 0A 04 03 01 13 80 3B 4C 33 84 5D 41 F3 08 8A E8 00 E6 04 44 5E 5D 61 2B 11 00 5A 09 66 00 2E 00 BA FC A0 65 45 03 01 FC C0 78 DA 0C 3A 9B 00 09 34 1A C7 AA AA 
Time:	12:52:48,485
Send:	220001
Receive: 62 00 01 02 8D 00 A7 19 30 09 12 01 F4 01 0C 0B 38 03 F6 01 1A 80 A3 4C AA 7E 9D 41 F3 08 8B 9C 00 E6 04 44 5E 60 09 2B 11 00 5A 09 62 00 2E 00 BA FC A2 65 45 03 01 FC C0 78 DA 0C 3A 9B 00 09 1A 1A 94 AA AA 
Time:	12:52:48,875
Send:	220001
Receive: NO DATA
Time:	12:52:49,183
Send:	220001
Receive: NO DATA
Time:	12:52:49,470
Send:	220001
Receive: NO DATA
Time:	12:52:49,758
Send:	220001
Receive: NO DATA
Time:	12:52:50,039
Send:	220001
Receive: NO DATA
Time:	12:52:50,346
Send:	220001
Receive: NO DATA
Time:	12:52:50,647
Send:	220001
Receive: NO DATA
Time:	12:52:50,941
Send:	220001
Receive: 62 00 01 02 8D 00 A7 1E 50 0B 2B 01 C8 01 0F 07 7A 03 72 01 29 80 A6 4C AE 84 9D 41 F3 08 8F 23 00 E6 04 44 5D 5D 61 2B 11 00 5A 09 15 00 2E 00 B4 FC BD 65 45 03 01 FC C0 78 DA 0C 3A 9B 00 07 E7 15 F3 AA AA 
Time:	12:52:51,329
Send:	220001

Fixed toLineMF: 03E 62 00 01 02 8D 00 A7 1E CC 0C 2D 01 73 00 D8 00 00 02 EB 00 FF 80 B1 4C BB 81 1D 41 F3 08 8D 36 00 E6 04 44 5D 58 11 2B 11 B3 FA DE 65 45 03 01 7D C8 78 DA 0C 3A 9B 00 06 A6 12 F5 AA AA 
Receive: 62 00 01 02 8D 00 A7 1E CC 0C 2D 01 73 00 D8 00 00 02 EB 00 FF 80 B1 4C BB 81 1D 41 F3 08 8D 36 00 E6 04 44 5D 58 11 2B 11 B3 FA DE 65 45 03 01 7D C8 78 DA 0C 3A 9B 00 06 A6 12 F5 AA AA 

Fixed toLineMF: 03E 62 00 01 02 8D 00 A7 1E CC 0C 2D 01 73 00 D8 00 00 02 EB 00 FF 80 B1 4C BB 81 1D 41 F3 08 8D 36 00 E6 04 44 5D 58 11 2B 11 B3 FA DE 65 45 03 01 7D C8 78 DA 0C 3A 9B 00 06 A6 12 F5 AA AA 
Time:	12:52:51,714
Send:	220001
Receive: 62 00 01 02 8D 00 A7 1F 16 0C 24 01 59 00 D6 00 00 02 B7 00 EC 80 AA 4C B8 7E BD 41 F3 08 8C 61 00 E6 04 44 5D 51 E0 2B 11 00 5A 09 0E 00 2E 00 B3 FA D4 65 45 03 01 7D C8 78 DA 0C 3A 9B 00 06 19 11 B9 AA AA 
Time:	12:52:52,105
Send:	220001
Receive: 62 00 01 02 8D 00 A8 1E 94 0C 2A 01 3E 00 C9 00 00 02 7C 00 D7 80 99 4C B1 7B 7D 41 F3 08 8D 0A 00 E6 02 FC 5D 4B AF 2B 11 00 5A 09 14 00 2E 00 B3 FA ED 65 45 03 01 7D C8 78 DA 0C 3A 9B 00 05 88 10 FF AA AA 
Time:	12:52:52,487
Send:	220001
Receive: 62 00 01 02 8D 00 A8 1D CA 0B 10 01 39 00 B5 00 9E 02 50 00 C5 80 1F 4C 25 7F DD 41 F3 08 8D BE 00 E6 02 FC 5D 45 7E 2B 11 00 5A 09 1B 00 2E 00 B4 FB 0E 65 45 03 01 7D C8 78 DA 0C 3A 9B 00 05 34 0F FC AA AA 
Time:	12:52:52,867
Send:	220001

Fixed toLineMF: 03E 62 00 01 02 8D 00 A8 1C A6 0B 31 01 05 00 A4 03 51 01 D8 00 91 80 22 4C 29 82 5D 41 F3 08 8E C9 00 E6 02 FC 5D 3B C4 2B 11 00 5A 09 35 00 2E 00 B6 FB 69 65 45 03 01 7D C8 78 DA 0C 3A 9B 
Receive: 62 00 01 02 8D 00 A8 1C A6 0B 31 01 05 00 A4 03 51 01 D8 00 91 80 22 4C 29 82 5D 41 F3 08 8E C9 00 E6 02 FC 5D 3B C4 2B 11 00 5A 09 35 00 2E 00 B6 FB 69 65 45 03 01 7D C8 78 DA 0C 3A 9B 

Fixed toLineMF: 03E 62 00 01 02 8D 00 A8 1C A6 0B 31 01 05 00 A4 03 51 01 D8 00 91 80 22 4C 29 82 5D 41 F3 08 8E C9 00 E6 02 FC 5D 3B C4 2B 11 00 5A 09 35 00 2E 00 B6 FB 69 65 45 03 01 7D C8 78 DA 0C 3A 9B 
Time:	12:52:53,241
Send:	220001
Receive: 62 00 01 02 8D 00 A8 1C 0E 0A 31 01 15 00 C4 06 38 01 E6 00 94 80 20 4C 25 84 BD 41 F3 08 8E C9 00 E6 01 FF 5E 43 BC 2B 11 00 5A 09 37 00 2E 00 B6 FC B1 65 45 03 01 FC C8 78 DA 0C 3A 9B 00 04 78 10 18 AA AA 
Time:	12:52:53,635
Send:	220001
Receive: 62 00 01 02 8D 00 A8 1A 32 0A 0F 01 6B 00 D3 0A CC 02 88 00 BC 80 24 4C 25 87 3D 41 F3 08 8B E4 00 E6 01 FF 5E 4F 38 2B 11 00 5A 09 54 00 2E 00 B8 FC A7 65 45 03 01 FC C8 78 DA 0C 3A 9B 00 05 D1 13 3E AA AA 
Time:	12:52:54,031
Send:	220001
Receive: 62 00 01 02 8D 00 A8 1B 00 0A 2B 01 DB 01 2B 0B 38 03 43 00 F6 80 29 4C 2E 89 FD 41 F3 08 8C 5C 00 E6 03 62 5E 5B 9F 2B 11 00 5A 09 48 00 2E 00 B8 FC AB 65 45 03 01 FC C0 78 DA 0C 3A 9B 00 07 A9 17 86 AA AA 
Time:	12:52:54,418
Send:	220001
Receive: 62 00 01 02 8D 00 A8 1B 00 0A 12 01 EB 01 1E 0A CC 03 A1 01 1D 80 B8 4C B1 86 FD 41 F3 08 8D 84 00 E6 03 62 5E 60 09 2B 11 00 5A 09 44 00 2E 00 B7 FC AD 65 45 03 01 FC C0 78 DA 0C 3A 9B 00 08 4B 19 55 AA AA 
Time:	12:52:54,834
Send:	220001
Receive: 62 00 01 02 8D 00 A8 1B 9A 0A 2B 01 D9 01 05 08 B8 03 78 01 14 80 27 4C 38 89 1D 41 F3 08 8D D2 00 E6 03 62 5E 5B 9F 2B 11 00 5A 09 3C 00 2E 00 B7 FC AF 65 45 03 01 FC C0 78 DA 0C 3A 9B 00 07 E2 18 48 AA AA 
Time:	12:52:55,259
Send:	220001
Receive: 62 00 01 02 8D 00 A8 1C D0 0B 2C 01 E0 01 14 07 0F 03 61 01 16 80 43 4C 9C 8C 9D 41 F3 08 8E 70 00 E6 04 65 5E 5B 9F 2B 11 00 5A 09 2E 00 2E 00 B6 FC B4 65 45 03 01 FC C0 78 DA 0C 3A 9B 00 07 D7 16 ED AA AA 
Time:	12:52:55,657
Send:	220001
Receive: 62 00 01 02 8D 00 A8 1D C2 0B 1C 01 A7 00 F3 01 DC 03 1A 01 04 80 B5 4C BA 88 9D 41 F3 08 8D 66 00 E6 04 65 5E 57 30 2B 11 00 5A 09 23 00 2E 00 B5 FB 1A 65 45 03 01 7D C8 78 DA 0C 3A 9B 00 07 03 14 C1 AA AA 
Time:	12:52:56,072
Send:	220001
Receive: 62 00 01 02 8D 00 A8 1E 82 0B 2D 01 6F 00 DB 00 00 02 B9 00 E9 80 B2 4C BD 85 3D 41 F3 08 8C 05 00 E6 03 D7 5E 51 E0 2B 11 00 5A 09 18 00 2E 00 B4 FA EE 65 45 03 01 7D C8 78 DA 0C 3A 9B 00 06 1B 12 29 AA AA 
Time:	12:52:56,457
Send:	220001
Receive: 62 00 01 02 8D 00 A8 1E 76 0B 20 01 56 00 D1 00 00 02 8E 00 DC 80 A2 4C BA 82 3D 41 F3 08 8C D0 00 E6 03 D7 5E 4C 95 2B 11 00 5A 09 16 00 2E 00 B4 FA EF 65 45 03 01 7D C8 78 DA 0C 3A 9B 00 05 CA 11 49 AA AA 
Time:	12:52:56,863
Send:	220001
Receive: 62 00 01 02 8D 00 A8 1D E0 0B 2F 01 32 00 C4 00 00 02 4A 00 BF 80 53 4C B3 7F 9D 41 F3 08 8D A6 00 E6 03 D7 5E 45 7E 2B 11 00 5A 09 21 00 2E 00 B5 FB 18 65 45 03 01 7D C8 78 DA 0C 3A 9B 00 05 32 10 90 AA AA 
Time:	12:52:57,265
Send:	220001
Receive: 62 00 01 02 8D 00 A8 1D 2A 0B 21 01 25 00 A9 02 7A 02 11 00 AE 80 22 4C 26 84 9D 41 F3 08 8E C4 00 E6 02 8F 5E 3E 6C 2B 11 00 5A 09 29 00 2E 00 B5 FB 33 65 45 03 01 7D C8 78 DA 0C 3A 9B 00 04 BE 0F 93 AA AA 
Time:	12:52:57,684
Send:	220001

Fixed toLineMF: 03E 62 00 01 02 8D 00 A8 1B CA 0B 1D 01 1B 00 A9 04 8F 01 DF 00 8F 80 22 4C 28 87 1D 41 F3 08 8E BA 00 E6 02 8F 5E 3B C4 2B 11 B7 FC AC 65 45 03 01 7C C8 78 DA 0C 3A 9B 00 04 6F 10 01 AA AA 
Receive: 62 00 01 02 8D 00 A8 1B CA 0B 1D 01 1B 00 A9 04 8F 01 DF 00 8F 80 22 4C 28 87 1D 41 F3 08 8E BA 00 E6 02 8F 5E 3B C4 2B 11 B7 FC AC 65 45 03 01 7C C8 78 DA 0C 3A 9B 00 04 6F 10 01 AA AA 

Fixed toLineMF: 03E 62 00 01 02 8D 00 A8 1B CA 0B 1D 01 1B 00 A9 04 8F 01 DF 00 8F 80 22 4C 28 87 1D 41 F3 08 8E BA 00 E6 02 8F 5E 3B C4 2B 11 B7 FC AC 65 45 03 01 7C C8 78 DA 0C 3A 9B 00 04 6F 10 01 AA AA 
Time:	12:52:58,078
Send:	220001
Receive: 62 00 01 02 8D 00 A8 1B 58 0A 2F 01 49 00 D1 09 57 02 33 00 A5 80 22 4C 25 89 9D 41 F3 08 8D D7 00 E6 02 65 5E 4B AF 2B 11 00 5A 09 46 00 2E 00 B7 FC AC 65 45 03 01 FC C8 78 DA 0C 3A 9B 00 05 3F 11 FD AA AA 
Time:	12:52:58,485
Send:	220001
Receive: 62 00 01 02 8D 00 A9 1A 96 0A 1B 01 C4 00 CC 09 F5 03 0F 00 E6 80 27 4C 29 8C 3D 41 F3 08 8B B9 00 E6 02 65 5E 50 FF 2B 11 00 5A 09 52 00 2E 00 B8 FC A7 65 45 03 01 7C C0 78 DA 0C 3A 9B 00 06 EE 15 D3 AA AA 
Time:	12:52:58,867
Send:	220001
Receive: 62 00 01 02 8D 00 A9 1B 7E 0A 2B 01 DA 01 12 07 E1 03 6D 01 0B 80 A6 4C AE 87 DD 41 F3 08 8D 6B 00 E6 02 65 5E 5A B9 2B 11 00 5A 09 42 00 2E 00 B7 FC AD 65 45 03 01 FC C0 78 DA 0C 3A 9B 00 07 BB 17 EC AA AA 
Time:	12:52:59,284
Send:	220001
Receive: 62 00 01 02 8D 00 A9 1C 86 0B 1C 01 CB 01 08 00 00 03 33 01 04 80 2B 4C 32 8C BD 41 F3 08 8D 66 00 E6 04 65 5E 57 30 2B 11 00 5A 09 33 00 2E 00 B6 FB 50 65 45 03 01 7D C8 78 DA 0C 3A 9B 00 07 47 16 33 AA AA 
Time:	12:52:59,676
Send:	220001
Receive: 62 00 01 02 8D 00 A9 1D 30 0B 25 01 8D 00 E4 00 00 02 E0 00 EE 80 A4 4C AF 87 FD 41 F3 08 8C 22 00 E6 04 65 5E 52 C6 2B 11 00 5A 09 2A 00 2E 00 B5 FB 30 65 45 03 01 7D C8 78 DA 0C 3A 9B 00 06 70 13 E7 AA AA 
Time:	12:53:00,066
Send:	220001
Receive: 62 00 01 02 8D 00 A9 1D 7C 0B 2E 01 6C 00 DB 00 00 02 8B 00 D4 80 2A 4C A1 8B 3D 41 F3 08 8C 57 00 E6 03 69 5E 4D 76 2B 11 00 5A 09 27 00 2E 00 B5 FB 24 65 45 03 01 7D C8 78 DA 0C 3A 9B 00 05 E1 12 3B AA AA 
Time:	12:53:00,454
Send:	220001
Receive: 62 00 01 02 8D 00 A9 1D 92 0B 2F 01 59 00 CE 00 00 02 6E 00 C9 80 AD 4C AD 88 1D 41 F3 08 8C ED 00 E6 03 69 5E 47 45 2B 11 00 5A 09 27 00 2E 00 B5 FB 22 65 45 03 01 7D C8 78 DA 0C 3A 9B 00 05 76 11 77 AA AA 
Time:	12:53:00,845
Send:	220001
Receive: 62 00 01 02 8D 00 A9 1D 04 0B 30 01 36 00 C2 00 00 02 31 00 B2 80 37 4C AD 85 BD 41 F3 08 8E 12 00 E6 03 69 5E 41 14 2B 11 00 5A 09 2F 00 2E 00 B6 FB 45 65 45 03 01 7D C8 78 DA 0C 3A 9B 00 05 12 10 F0 AA AA 
Time:	12:53:01,244
Send:	220001
Receive: 62 00 01 02 8D 00 A9 1C E4 0B 31 01 20 00 A6 00 00 01 F1 00 A0 80 27 4C 29 8A DD 41 F3 08 8E DD 00 E6 02 65 5E 3D 86 2B 11 00 5A 09 2F 00 2E 00 B6 FB 43 65 45 03 01 7D C8 78 DA 0C 3A 9B 00 04 70 0F 65 AA AA 
Time:	12:53:01,634
Send:	220001
Receive: 62 00 01 02 8D 00 A9 1B 66 0A 14 01 29 00 A1 00 00 01 E6 00 93 80 21 4C 25 8D 5D 41 F3 08 8E BF 00 E6 02 65 5E 3C A5 2B 11 00 5A 09 46 00 2E 00 B7 FB 9F 65 45 03 01 7D C8 78 DA 0C 3A 9B 00 04 69 0F F2 AA AA 
Time:	12:53:02,024
Send:	220001
Receive: 62 00 01 02 8D 00 A9 19 74 0A FE 01 50 00 9F 00 00 02 23 00 97 80 25 4C 27 8F BD 41 F3 08 8E 03 00 E6 02 22 5E 3B C4 2B 11 00 5A 09 68 00 2E 00 BA FC 2B 65 45 03 01 7D C8 78 DA 0C 3A 9B 00 04 F9 11 2E AA AA 
Time:	12:53:02,408
Send:	220001
Receive: 62 00 01 02 8D 00 A9 18 9C 09 FE 01 61 00 9A 00 00 02 3C 00 96 80 2B 4C 31 91 9D 41 F3 08 8D 49 00 E6 02 22 5E 39 FD 2B 11 00 5A 09 69 00 2E 00 BA FC 64 65 45 03 01 7D C8 78 DA 0C 3A 9B 00 05 3E 11 9C AA AA 
Time:	12:53:02,798
Send:	220001
Receive: 62 00 01 02 8D 00 A9 16 96 08 F5 01 60 00 97 00 D1 02 5A 00 92 80 BA 4C C0 8C 7D 41 F3 08 8B AF 00 E6 02 22 5E 39 1C 2B 11 00 5A 09 6A 00 2E 00 BA FD 0E 65 45 03 01 7D C8 78 DA 0C 3A 9B 00 05 66 12 47 AA AA 
Time:	12:53:03,188
Send:	220001
Receive: 62 00 01 02 8D 00 A9 14 5A 07 EC 01 81 00 92 06 05 02 6C 00 87 80 2A 4C 8E 7F FD 41 F3 08 8A 1A 00 E6 02 08 5F 17 07 2B 11 00 5A 09 6A 00 2E 00 BA FE 0C 65 45 03 01 2C C8 78 DA 0C 3A 9B 00 05 9F 14 6E AA AA 
Time:	12:53:03,626
Send:	220001
Receive: 62 00 01 02 8D 00 A9 12 5E 06 10 01 96 00 BA 09 23 02 B4 00 8C 79 B0 4C 9B 7C FD 41 F3 08 88 C0 00 E6 02 08 5F 17 7F 2B 11 00 5A 09 6B 00 2E 00 BA FE 7D 65 45 03 01 3C C8 78 DA 0C 3A 9B 00 06 1D 16 60 AA AA 
Time:	12:53:04,037
Send:	220001
Receive: 62 00 01 02 8D 00 AA 11 C8 06 18 01 DE 00 C4 0C E1 03 3B 00 9E 77 B1 4C BC 7B 3D 41 F3 08 86 79 00 E6 02 8F 5F 19 41 2B 11 00 5A 09 6B 00 2E 00 BA FE AB 65 45 03 01 7C C8 78 DA 0C 3A 9B 00 07 60 19 85 AA AA 
Time:	12:53:04,445
Send:	220001
Receive: 62 00 01 02 8D 00 AA 12 2A 06 28 01 F1 00 F9 0D 4C 03 9E 00 BA 77 B2 4C BD 78 DD 41 F3 08 85 72 00 E6 02 8F 5F 1B 08 2B 11 00 5A 09 6C 00 2E 00 BA FE 73 65 45 03 01 7C C0 78 DA 0C 3A 9B 00 08 70 1C 06 AA AA 
Time:	12:53:04,847
Send:	220001
Receive: 62 00 01 02 8D 00 AA 12 EA 07 0C 02 41 00 F3 0D 4C 04 58 00 ED 7A 31 4C 91 77 1D 41 F3 08 85 58 00 E6 02 8F 5F 1C CA 2B 11 00 5A 09 6C 00 2E 00 BA FE 3F 65 45 03 01 7C C0 78 DA 0C 3A 9B 00 0A 01 1E E1 AA AA 
Time:	12:53:05,244
Send:	220001
Receive: 62 00 01 02 8D 00 AA 13 AE 07 0B 02 2C 00 E7 0D 4C 04 5B 00 F4 7C AA 4C A8 77 5D 41 F3 08 85 AB 00 E6 03 BB 5F 1D B0 2B 11 00 5A 09 6C 00 2E 00 BA FE 16 65 45 03 01 7C C0 78 DA 0C 3A 9B 00 09 EF 1E 53 AA AA 
Time:	12:53:05,627
Send:	220001
Receive: 62 00 01 02 8D 00 AA 14 6A 08 10 01 FE 00 E5 0D 4C 04 1B 00 EF 7E A3 4C AF 74 7D 41 F3 08 86 67 00 E6 03 BB 5F 1F 72 2B 11 00 5A 09 6C 00 2E 00 BA FD E8 65 45 03 01 7C C0 78 DA 0C 3A 9B 00 09 76 1C AC AA AA 
Time:	12:53:06,037
Send:	220001
Receive: 62 00 01 02 8D 00 AA 15 38 08 14 01 F6 00 E5 0D 4C 03 F3 00 EE 7F 2A 4C 2F 77 FD 41 F3 08 87 64 00 E6 03 7C 5F 22 1A 2B 11 00 5A 09 6C 00 2E 00 BA FD 8C 65 45 03 01 7C C0 78 DA 0C 3A 9B 00 09 0B 1B 06 AA AA 
Time:	12:53:06,428
Send:	220001
Receive: 62 00 01 02 8D 00 AA 16 22 08 1B 01 E0 00 EA 0D 4C 03 C2 00 EC 80 9E 4C 90 76 DD 41 F3 08 88 AA 00 E6 03 7C 5F 23 E1 2B 11 00 5A 09 6C 00 2E 00 BA FD 20 65 45 03 01 7C C0 78 DA 0C 3A 9B 00 08 A2 19 A1 AA AA 
Time:	12:53:06,825
Send:	220001
Receive: 62 00 01 02 8D 00 AA 17 24 09 17 01 E8 01 05 0D 4C 03 D0 00 FA 80 2B 4C A4 74 9D 41 F3 08 8A 08 00 E6 03 7C 5F 25 A3 2B 11 00 5A 09 6B 00 2E 00 BA FC B4 65 45 03 01 7C C0 78 DA 0C 3A 9B 00 08 C8 19 EE AA AA 
Time:	12:53:07,217
Send:	220001
Receive: 62 00 01 02 8D 00 AA 18 06 09 13 02 0E 01 0F 0D 4C 03 F3 01 0F 80 2A 4C 2B 7A 1D 41 F3 08 8B 09 00 E6 03 85 5F 27 6A 2B 11 00 5A 09 6B 00 2E 00 BA FC 9E 65 45 03 01 7C C0 78 DA 0C 3A 9B 00 09 2A 1A BD AA AA 
Time:	12:53:07,607
Send:	220001
Receive: 62 00 01 02 8D 00 AA 18 EE 09 10 02 11 01 16 0D 4C 04 17 01 20 80 A5 4C AA 76 1D 41 F3 08 8B 6D 00 E6 03 85 5F 2A F3 2B 11 00 5A 09 6A 00 2E 00 BA FC 9F 65 45 03 01 7C C0 78 DA 0C 3A 9B 00 09 66 1B 3E AA AA 
Time:	12:53:08,025
Send:	220001
Receive: 62 00 01 02 8D 00 AA 19 7E 09 10 01 F6 01 16 0D 4C 03 FD 01 23 80 A8 4C B1 73 7D 41 F3 08 8C 1D 00 E6 04 44 5F 2C BA 2B 11 00 5A 09 5F 00 2E 00 B9 FC A3 65 45 03 01 7C C0 78 DA 0C 3A 9B 00 09 04 1A A0 AA AA 
Time:	12:53:08,427
Send:	220001
Receive: 62 00 01 02 8D 00 AA 1A 7C 0A 14 01 EC 01 28 0D 4C 03 D5 01 22 80 2A 4C 2B 76 DD 41 F3 08 8C D0 00 E6 04 44 5E 30 43 2B 11 00 5A 09 4F 00 2E 00 B8 FC A8 65 45 03 01 7C C0 78 DA 0C 3A 9B 00 08 D4 1A 65 AA AA 
Time:	12:53:08,814
Send:	220001

Fixed toLineMF: 03E 62 00 01 02 8D 00 AA 1A 62 0A 10 02 0A 2D 80 29 4C 29 79 7D 41 F3 08 8C C1 00 E6 04 44 5E 32 0A 2B 11 00 5A 09 53 00 2E 00 B8 FC A7 65 45 03 01 7C C0 78 DA 0C 3A 9B 00 08 B6 1A 59 AA AA 
Receive: 62 00 01 02 8D 00 AA 1A 62 0A 10 02 0A 2D 80 29 4C 29 79 7D 41 F3 08 8C C1 00 E6 04 44 5E 32 0A 2B 11 00 5A 09 53 00 2E 00 B8 FC A7 65 45 03 01 7C C0 78 DA 0C 3A 9B 00 08 B6 1A 59 AA AA 

Fixed toLineMF: 03E 62 00 01 02 8D 00 AA 1A 62 0A 10 02 0A 2D 80 29 4C 29 79 7D 41 F3 08 8C C1 00 E6 04 44 5E 32 0A 2B 11 00 5A 09 53 00 2E 00 B8 FC A7 65 45 03 01 7C C0 78 DA 0C 3A 9B 00 08 B6 1A 59 AA AA 
Time:	12:53:09,208
Send:	220001
Receive: 62 00 01 02 8D 00 AA 1B 22 0A 12 02 11 01 34 0D 4C 03 EE 01 2F 80 25 4C 29 7C FD 41 F3 08 8D 2C 00 E6 04 65 5E 35 93 2B 11 00 5A 09 49 00 2E 00 B8 FC AB 65 45 03 01 7C C0 78 DA 0C 3A 9B 00 08 BF 1A 67 AA AA 
Time:	12:53:09,616
Send:	220001
Receive: 62 00 01 02 8D 00 AB 1C 1C 0B 17 02 0B 01 46 0C E1 03 CB 01 2C 80 27 4C 2B 80 9D 41 F3 08 8D 97 00 E6 04 65 5E 39 1C 2B 11 00 5A 09 3C 00 2E 00 B7 FC AF 65 45 03 01 7C C0 78 DA 0C 3A 9B 00 08 DB 1A 5E AA AA 
Time:	12:53:10,004
Send:	220001
Receive: 62 00 01 02 8D 00 AB 1D 9A 0B 2B 01 EF 01 32 09 F5 03 A2 01 30 80 A9 4C 71 80 1D 41 F3 08 8E C4 00 E6 05 1E 5E 3C A5 2B 11 00 5A 09 25 00 2E 00 B5 FC B8 65 45 03 01 7C C0 78 DA 0C 3A 9B 00 08 44 18 14 AA AA 
Time:	12:53:10,394
Send:	220001
Receive: 62 00 01 02 8D 00 AB 1F 08 0B 2C 01 E1 01 25 09 23 03 A1 01 41 80 AA 4C AD 7C 7D 41 F3 08 8F 82 00 E6 05 1E 5E 41 14 2B 11 00 5A 09 0D 00 2E 00 B3 FC C0 65 45 03 01 7C C0 78 DA 0C 3A 9B 00 08 30 16 6E AA AA 
Time:	12:53:10,794
Send:	220001
Receive: 62 00 01 02 8D 00 AB 20 04 0C 2C 01 D2 01 23 09 23 03 98 01 47 80 B0 4C BC 78 7D 41 F3 08 8F D8 00 E6 05 1E 5E 44 9D 2B 11 00 5A 08 FF 00 2E 00 B2 FC C5 65 45 03 01 7C C0 78 DA 0C 3A 9B 00 08 2E 15 E8 AA AA 
Time:	12:53:11,189
Send:	220001
Receive: 62 00 01 02 8D 00 AB 20 CC 0C 2C 01 B4 01 19 08 B8 03 79 01 43 80 B4 4C C0 74 7D 41 F3 08 8F CE 00 E6 04 90 5E 49 ED 2B 11 00 5A 08 F5 00 2E 00 B1 FC C9 65 45 03 01 7C C0 78 DA 0C 3A 9B 00 07 E8 15 1F AA AA 
Time:	12:53:11,594
Send:	220001
Receive: 62 00 01 02 8D 00 AB 21 66 0D 2D 01 8A 00 F9 03 19 03 3E 01 34 80 B5 4C C2 70 9D 41 F3 08 8F 6E 00 E6 04 90 5E 4E 57 2B 11 00 5A 08 EC 00 2E 00 B0 FC CC 65 45 03 01 7C C0 78 DA 0C 3A 9B 00 07 40 13 C3 AA AA 
Time:	12:53:11,975
Send:	220001
Receive: 62 00 01 02 8D 00 AB 21 84 0D 2E 01 4A 00 DB 02 7A 02 CA 01 08 80 AC 4C BD 6C DD 41 F3 08 8E 84 00 E6 03 71 5E 54 88 2B 11 00 5A 08 EC 00 2E 00 B0 FA 71 65 45 03 01 7D C8 78 DA 0C 3A 9B 00 06 53 11 8D AA AA 
Time:	12:53:12,356
Send:	220001
Receive: 62 00 01 02 8D 00 AB 20 90 0C 23 01 27 00 C7 02 E6 02 92 00 EA 80 A2 4C B8 69 7D 41 F3 08 8D D7 00 E6 03 71 5E 50 FF 2B 11 00 5A 08 FD 00 2E 00 B2 FA 89 65 45 03 01 7D C8 78 DA 0C 3A 9B 00 05 CD 10 5E AA AA 
Time:	12:53:12,780
Send:	220001
Receive: 62 00 01 02 8D 00 AB 20 48 0C 30 01 2A 00 C9 05 66 02 78 00 E2 80 21 4C 24 6D 5D 41 F3 08 8E 4D 00 E6 03 71 5E 53 A7 2B 11 00 5A 08 FC 00 2E 00 B2 FC C6 65 45 03 01 FC C8 78 DA 0C 3A 9B 00 05 BA 10 18 AA AA 
Time:	12:53:13,174
Send:	220001
Receive: NO DATA
Time:	12:53:13,469
Send:	220001
Receive: NO DATA
Time:	12:53:13,770
Send:	220001
Receive: NO DATA
Time:	12:53:14,057
Send:	220001
Receive: NO DATA
Time:	12:53:14,347
Send:	220001
Receive: NO DATA
Time:	12:53:14,637
Send:	220001
Receive: NO DATA
Time:	12:53:14,922
Send:	220001
Receive: NO DATA
Time:	12:53:15,223
Send:	220001

Fixed toLineMF: 037 62 00 01 02 8D 00 AB 1B FA 0B 10 01 41 00 D1 00 00 02 82 00 C4 80 20 4C 36 7B 1D 04 1C 5E 4C 95 2B 11 B7 FB 8F 65 45 03 01 7D C8 78 DA 0C 3A 9B 00 05 B7 13 51 AA AA 
Receive: 62 00 01 02 8D 00 AB 1B FA 0B 10 01 41 00 D1 00 00 02 82 00 C4 80 20 4C 36 7B 1D 04 1C 5E 4C 95 2B 11 B7 FB 8F 65 45 03 01 7D C8 78 DA 0C 3A 9B 00 05 B7 13 51 AA AA 

Fixed toLineMF: 037 62 00 01 02 8D 00 AB 1B FA 0B 10 01 41 00 D1 00 00 02 82 00 C4 80 20 4C 36 7B 1D 04 1C 5E 4C 95 2B 11 B7 FB 8F 65 45 03 01 7D C8 78 DA 0C 3A 9B 00 05 B7 13 51 AA AA 
Time:	12:53:15,621
Send:	220001
Receive: 62 00 01 02 8D 00 AC 1D 36 0B 30 01 25 00 D1 00 00 02 34 00 AB 80 29 4C 27 80 DD 41 F3 08 8D E1 00 E6 04 1C 5E 47 45 2B 11 00 5A 09 36 00 2E 00 B6 FB 51 65 45 03 01 7D C8 78 DA 0C 3A 9B 00 05 1A 11 B7 AA AA 
Time:	12:53:16,034
Send:	220001

Fixed toLineMF: 03E 62 00 01 02 8D 00 AC 1C CA 0A 23 01 47 00 C4 00 00 02 5D 00 C4 80 24 4C 28 83 7D 41 F3 08 8D 3F 00 E6 02 A1 5E 45 7E 2B 11 00 5A 09 29 00 2E 00 7D C8 78 DA 0C 3A 9B 00 05 63 11 3F AA AA 
Receive: 62 00 01 02 8D 00 AC 1C CA 0A 23 01 47 00 C4 00 00 02 5D 00 C4 80 24 4C 28 83 7D 41 F3 08 8D 3F 00 E6 02 A1 5E 45 7E 2B 11 00 5A 09 29 00 2E 00 7D C8 78 DA 0C 3A 9B 00 05 63 11 3F AA AA 

Fixed toLineMF: 03E 62 00 01 02 8D 00 AC 1C CA 0A 23 01 47 00 C4 00 00 02 5D 00 C4 80 24 4C 28 83 7D 41 F3 08 8D 3F 00 E6 02 A1 5E 45 7E 2B 11 00 5A 09 29 00 2E 00 7D C8 78 DA 0C 3A 9B 00 05 63 11 3F AA AA 
Time:	12:53:16,429
Send:	220001
Receive: 62 00 01 02 8D 00 AC 1A 9E 0A 20 01 3D 00 A1 00 00 02 2A 00 9B 80 24 4C 29 86 1D 41 F3 08 8D E1 00 E6 02 A1 5E 3A E3 2B 11 00 5A 09 57 00 2E 00 B9 FB F2 65 45 03 01 7D C8 78 DA 0C 3A 9B 00 04 FE 11 48 AA AA 
Time:	12:53:16,848
Send:	220001
Receive: 62 00 01 02 8D 00 AC 1B 20 0A 30 01 34 00 C7 05 2E 02 0E 00 9C 80 91 4C 2C 85 3D 41 F3 08 8E A6 00 E6 02 A1 5E 45 7E 2B 11 00 5A 09 48 00 2E 00 B8 FC AB 65 45 03 01 FC C8 78 DA 0C 3A 9B 00 04 E2 11 18 AA AA 
Time:	12:53:17,258
Send:	220001
Receive: NO DATA
Time:	12:53:17,549
Send:	220001
Receive: NO DATA
Time:	12:53:17,847
Send:	220001
Receive: NO DATA
Time:	12:53:18,156
Send:	220001
Receive: NO DATA
Time:	12:53:18,443
Send:	220001
Receive: NO DATA
Time:	12:53:18,731
Send:	220001
Receive: NO DATA
Time:	12:53:19,031
Send:	220001
Receive: NO DATA
Time:	12:53:19,310
Send:	220001
Receive: 62 00 01 02 8D 00 AC 17 82 09 0A 02 1F 00 F9 09 23 04 2D 01 13 80 AB 4C B1 80 FD 41 F3 08 8A 44 00 E6 03 85 5F 58 F7 2B 11 00 5A 09 6B 00 2E 00 BA FC 9E 65 45 03 01 FC C0 78 DA 0C 3A 9B 00 09 86 1B 9D AA AA 
Time:	12:53:19,717
Send:	220001
Receive: 62 00 01 02 8D 00 AC 17 F8 09 0F 01 CF 00 D8 07 42 03 B3 01 00 80 A1 4C B1 7E BD 41 F3 08 8B 18 00 E6 03 85 5F 55 6E 2B 11 00 5A 09 6B 00 2E 00 BA FC 9E 65 45 03 01 FC C0 78 DA 0C 3A 9B 00 08 28 18 65 AA AA 
Time:	12:53:20,104
Send:	220001
Receive: 62 00 01 02 8D 00 AC 18 16 09 11 01 A6 00 D6 05 66 03 60 00 E7 80 90 4C AA 7B DD 41 F3 08 8A DF 00 E6 03 5D 5F 50 1E 2B 11 00 5A 09 6B 00 2E 00 BA FC 9E 65 45 03 01 FC C0 78 DA 0C 3A 9B 00 07 A4 17 2A AA AA 
Time:	12:53:20,506
Send:	220001
Receive: 62 00 01 02 8D 00 AC 18 3C 09 11 01 AB 00 D6 05 66 03 44 00 DF 80 30 4C 2F 80 5D 41 F3 08 8A C3 00 E6 03 5D 5F 4F 38 2B 11 00 5A 09 6B 00 2E 00 BA FC 9E 65 45 03 01 FC C0 78 DA 0C 3A 9B 00 07 7E 16 D0 AA AA 
Time:	12:53:20,903
Send:	220001
Receive: 62 00 01 02 8D 00 AC 18 40 09 12 01 9D 00 D6 05 66 03 41 00 DD 80 9E 4C A7 7B 9D 41 F3 08 8A B5 00 E6 03 5D 5F 4E 57 2B 11 00 5A 09 6B 00 2E 00 BA FC 9E 65 45 03 01 FC C0 78 DA 0C 3A 9B 00 07 71 16 B6 AA AA 
Time:	12:53:21,306
Send:	220001

Fixed toLineMF: 03E 62 00 01 02 8D 00 AC 18 68 09 17 01 A8 00 D8 06 A3 03 44 00 DF 80 29 4C 2E 7F 7D 41 F3 08 8A C7 00 E6 03 07 5F 52 C6 2B 11 BA FC 9E 65 45 03 01 FC C0 78 DA 0C 3A 9B 00 07 7B 16 CE AA AA 
Receive: 62 00 01 02 8D 00 AC 18 68 09 17 01 A8 00 D8 06 A3 03 44 00 DF 80 29 4C 2E 7F 7D 41 F3 08 8A C7 00 E6 03 07 5F 52 C6 2B 11 BA FC 9E 65 45 03 01 FC C0 78 DA 0C 3A 9B 00 07 7B 16 CE AA AA 

Fixed toLineMF: 03E 62 00 01 02 8D 00 AC 18 68 09 17 01 A8 00 D8 06 A3 03 44 00 DF 80 29 4C 2E 7F 7D 41 F3 08 8A C7 00 E6 03 07 5F 52 C6 2B 11 BA FC 9E 65 45 03 01 FC C0 78 DA 0C 3A 9B 00 07 7B 16 CE AA AA 
Time:	12:53:21,704
Send:	220001
Receive: 62 00 01 02 8D 00 AC 18 E6 09 15 01 FF 01 1C 09 F5 03 D0 01 0C 80 2B 4C 92 82 5D 41 F3 08 8B 5F 00 E6 03 07 5F 5E 47 2B 11 00 5A 09 6B 00 2E 00 BA FC 9F 65 45 03 01 FC C0 78 DA 0C 3A 9B 00 09 18 1A 9A AA AA 
Time:	12:53:22,107
Send:	220001
Receive: 62 00 01 02 8D 00 AC 19 82 09 0F 02 01 01 16 09 F5 04 11 01 28 80 A7 4C AA 7D FD 41 F3 08 8C 05 00 E6 04 44 5F 60 09 2B 11 00 5A 09 61 00 2E 00 B9 FC A2 65 45 03 01 FC C0 78 DA 0C 3A 9B 00 09 51 1B 4D AA AA 
Time:	12:53:22,506
Send:	220001
Receive: 62 00 01 02 8D 00 AC 1A 26 0A 0F 01 FC 00 FE 08 B8 03 EA 01 23 80 27 4C 36 81 FD 41 F3 08 8C 61 00 E6 04 44 5F 5E 47 2B 11 00 5A 09 59 00 2E 00 B9 FC A5 65 45 03 01 FC C0 78 DA 0C 3A 9B 00 08 97 19 CB AA AA 
Time:	12:53:22,906
Send:	220001
Receive: 62 00 01 02 8D 00 AC 1A A6 0A 14 01 D4 01 08 08 4C 03 89 01 0B 80 2C 4C 35 85 3D 41 F3 08 8C CB 00 E6 04 44 5F 5C 80 2B 11 00 5A 09 50 00 2E 00 B8 FC A8 65 45 03 01 FC C0 78 DA 0C 3A 9B 00 08 0A 18 91 AA AA 
Time:	12:53:23,306
Send:	220001

Fixed toLineMF: 037 62 00 01 02 8D 00 AC 1B 20 0A 16 01 DF 01 14 08 4C 03 7F 01 0C 80 29 4C 2C 88 7D 41 F3 08 8D 13 00 E6 04 23 5F 5D 61 2B 11 B8 FC AA 65 45 03 01 FC C0 78 DA 0C 3A 9B 
Receive: 62 00 01 02 8D 00 AC 1B 20 0A 16 01 DF 01 14 08 4C 03 7F 01 0C 80 29 4C 2C 88 7D 41 F3 08 8D 13 00 E6 04 23 5F 5D 61 2B 11 B8 FC AA 65 45 03 01 FC C0 78 DA 0C 3A 9B 

Fixed toLineMF: 037 62 00 01 02 8D 00 AC 1B 20 0A 16 01 DF 01 14 08 4C 03 7F 01 0C 80 29 4C 2C 88 7D 41 F3 08 8D 13 00 E6 04 23 5F 5D 61 2B 11 B8 FC AA 65 45 03 01 FC C0 78 DA 0C 3A 9B 
Time:	12:53:23,687
Send:	220001
Receive: 62 00 01 02 8D 00 AC 1B B6 0A 16 01 ED 01 23 08 4C 03 81 01 14 80 30 4C 35 8B FD 41 F3 08 8D 97 00 E6 04 23 5F 5E 47 2B 11 00 5A 09 41 00 2E 00 B7 FC AE 65 45 03 01 FC C0 78 DA 0C 3A 9B 00 08 06 18 C5 AA AA 
Time:	12:53:24,116
Send:	220001

Fixed toLineMF: 03E 62 00 01 02 8D 00 AD 1C 7C 0B 15 02 02 01 2B 08 4C 03 8B 01 20 80 7C 4C 60 8F 5D 41 F3 08 8E 4D 00 E6 00 5A 09 33 00 2E 00 B6 FC B2 65 45 03 01 FC C0 78 DA 0C 3A 9B 00 08 17 18 4D AA AA 
Receive: 62 00 01 02 8D 00 AD 1C 7C 0B 15 02 02 01 2B 08 4C 03 8B 01 20 80 7C 4C 60 8F 5D 41 F3 08 8E 4D 00 E6 00 5A 09 33 00 2E 00 B6 FC B2 65 45 03 01 FC C0 78 DA 0C 3A 9B 00 08 17 18 4D AA AA 

Fixed toLineMF: 03E 62 00 01 02 8D 00 AD 1C 7C 0B 15 02 02 01 2B 08 4C 03 8B 01 20 80 7C 4C 60 8F 5D 41 F3 08 8E 4D 00 E6 00 5A 09 33 00 2E 00 B6 FC B2 65 45 03 01 FC C0 78 DA 0C 3A 9B 00 08 17 18 4D AA AA 
Time:	12:53:24,508
Send:	220001
Receive: 62 00 01 02 8D 00 AD 1D 5C 0B 1B 01 D2 01 14 00 00 03 62 01 1B 80 A2 4C AC 88 DD 41 F3 08 8E D3 00 E6 04 CC 5E 5C 80 2B 11 00 5A 09 27 00 2E 00 B5 FB 22 65 45 03 01 7D C8 78 DA 0C 3A 9B 00 07 A9 16 50 AA AA 
Time:	12:53:24,908
Send:	220001
Receive: 62 00 01 02 8D 00 AD 1D AC 0B 1C 01 9A 00 F3 00 00 03 09 01 00 80 86 4C AA 85 FD 41 F3 08 8D 2C 00 E6 04 CC 5E 55 6E 2B 11 00 5A 09 23 00 2E 00 B5 FB 17 65 45 03 01 7D C8 78 DA 0C 3A 9B 00 06 EB 14 4F AA AA 
Time:	12:53:25,345
Send:	220001
Receive: 62 00 01 02 8D 00 AD 1D EC 0B 2E 01 62 00 D8 00 00 02 95 00 DB 80 A4 4C B2 85 7D 41 F3 08 8C 65 00 E6 03 D7 5E 4E 57 2B 11 00 5A 09 20 00 2E 00 B4 FB 0B 65 45 03 01 7D C8 78 DA 0C 3A 9B 00 05 F6 12 09 AA AA 
Time:	12:53:25,765
Send:	220001
Receive: 62 00 01 02 8D 00 AD 1D D8 0B 21 01 52 00 D1 00 00 02 6E 00 CD 80 9E 4C AB 85 9D 41 F3 08 8D 0A 00 E6 03 D7 5E 48 26 2B 11 00 5A 09 22 00 2E 00 B5 FB 12 65 45 03 01 7D C8 78 DA 0C 3A 9B 00 05 89 11 52 AA AA 
Time:	12:53:26,178
Send:	220001

Fixed toLineMF: 03E 62 00 01 02 8D 00 AD 1C CA 0B 13 01 29 00 C2 00 00 02 21 00 AE 80 58 4C AD 83 1D 41 F3 08 8E 57 00 E6 02 FC 5E 40 2E 2B 11 00 5A 09 33 00 2E 00 B6 FB 58 65 45 03 01 00 04 DB 11 12 AA AA 
Receive: 62 00 01 02 8D 00 AD 1C CA 0B 13 01 29 00 C2 00 00 02 21 00 AE 80 58 4C AD 83 1D 41 F3 08 8E 57 00 E6 02 FC 5E 40 2E 2B 11 00 5A 09 33 00 2E 00 B6 FB 58 65 45 03 01 00 04 DB 11 12 AA AA 

Fixed toLineMF: 03E 62 00 01 02 8D 00 AD 1C CA 0B 13 01 29 00 C2 00 00 02 21 00 AE 80 58 4C AD 83 1D 41 F3 08 8E 57 00 E6 02 FC 5E 40 2E 2B 11 00 5A 09 33 00 2E 00 B6 FB 58 65 45 03 01 00 04 DB 11 12 AA AA 
Time:	12:53:26,653
Send:	220001
Receive: 62 00 01 02 8D 00 AD 1C 62 0A 31 01 0B 00 A4 00 00 01 CA 00 8C 80 25 4C 24 88 7D 41 F3 08 8E C4 00 E6 02 FC 5E 3B C4 2B 11 00 5A 09 3B 00 2E 00 B7 FB 6F 65 45 03 01 7D C8 78 DA 0C 3A 9B 00 04 25 0F 61 AA AA 
Time:	12:53:27,122
Send:	220001
Receive: 62 00 01 02 8D 00 AD 1A B6 0A 0C 01 2F 00 9C 00 00 01 F8 00 94 80 25 4C 27 8B 9D 41 F3 08 8E B0 00 E6 02 22 5E 3B C4 2B 11 00 5A 09 4E 00 2E 00 B8 FB C0 65 45 03 01 7D C8 78 DA 0C 3A 9B 00 04 82 10 37 AA AA 
Time:	12:53:27,619
Send:	220001

Fixed toLineMF: 03E 62 00 01 02 8D 00 AD 18 08 09 F8 01 57 00 95 00 00 02 5C 00 9E 80 23 4C 28 86 FD 02 22 5E 3A E3 2B 11 00 5A 09 69 00 2E 00 BA FC 76 65 45 03 01 7D C8 78 DA 0C 3A 9B 00 05 54 11 E6 AA AA 
Receive: 62 00 01 02 8D 00 AD 18 08 09 F8 01 57 00 95 00 00 02 5C 00 9E 80 23 4C 28 86 FD 02 22 5E 3A E3 2B 11 00 5A 09 69 00 2E 00 BA FC 76 65 45 03 01 7D C8 78 DA 0C 3A 9B 00 05 54 11 E6 AA AA 

Fixed toLineMF: 03E 62 00 01 02 8D 00 AD 18 08 09 F8 01 57 00 95 00 00 02 5C 00 9E 80 23 4C 28 86 FD 02 22 5E 3A E3 2B 11 00 5A 09 69 00 2E 00 BA FC 76 65 45 03 01 7D C8 78 DA 0C 3A 9B 00 05 54 11 E6 AA AA 
Time:	12:53:28,104
Send:	220001
Receive: 62 00 01 02 8D 00 AD 15 12 08 EC 00 00 00 97 00 00 02 69 00 89 80 20 4C 27 7F FD 41 F3 08 8A 73 00 E6 00 00 5F 00 00 2B 11 00 5A 09 6A 00 2E 00 BA FD D9 65 45 03 05 29 C9 78 DA 0C 3A 9B 00 05 50 14 36 AA AA 
Time:	12:53:28,505
Send:	220001

Fixed toLineMF: 03E 62 00 01 02 8A 00 AD 11 E4 08 00 01 EA 00 AB 00 00 03 11 00 41 F3 08 87 38 00 E6 00 00 5F 00 00 2B 11 00 5A 09 6A 00 2E 01 3F FE F5 65 45 03 05 B9 C8 78 DA 0C 3A 9B 00 07 13 18 CD AA AA 
Receive: 62 00 01 02 8A 00 AD 11 E4 08 00 01 EA 00 AB 00 00 03 11 00 41 F3 08 87 38 00 E6 00 00 5F 00 00 2B 11 00 5A 09 6A 00 2E 01 3F FE F5 65 45 03 05 B9 C8 78 DA 0C 3A 9B 00 07 13 18 CD AA AA 

Fixed toLineMF: 03E 62 00 01 02 8A 00 AD 11 E4 08 00 01 EA 00 AB 00 00 03 11 00 41 F3 08 87 38 00 E6 00 00 5F 00 00 2B 11 00 5A 09 6A 00 2E 01 3F FE F5 65 45 03 05 B9 C8 78 DA 0C 3A 9B 00 07 13 18 CD AA AA 
Time:	12:53:28,936
Send:	220001
Receive: 62 00 01 02 8B 00 AD 10 8A 07 03 01 F9 00 A9 00 00 03 5A 00 96 78 B9 4C B6 7C DD 41 F3 08 86 06 00 E6 02 BC 5F 00 00 2B 11 00 5A 09 6B 00 2E 00 EE FF B2 65 45 03 05 F9 C8 78 DA 0C 3A 9B 00 07 C3 1A 88 AA AA 
Time:	12:53:29,318
Send:	220001
Receive: 62 00 01 02 8C 00 AD 0F 82 07 00 02 07 00 A1 00 00 03 97 00 9A 77 BC 4C C3 7A DD 41 F3 08 84 D6 00 E6 02 BC 5F 00 00 2B 11 00 5A 09 6C 00 2E 00 D8 FF DB 65 45 03 05 F9 C0 78 DA 0C 3A 9B 00 08 44 1B B2 AA AA 
Time:	12:53:29,739
Send:	220001
Receive: 62 00 01 02 8D 00 AD 0E F8 07 FE 01 F8 00 92 00 00 03 9E 00 99 79 BB 4C C6 78 BD 41 F3 08 84 AB 00 E6 02 BC 5F 00 00 2B 11 00 5A 09 6C 00 2E 00 C5 FF EB 65 45 03 05 F9 C0 78 DA 0C 3A 9B 00 08 4A 1B D1 AA AA 
Time:	12:53:30,188
Send:	220001

Fixed toLineMF: 03E 62 00 01 02 8D 00 AD 0E C0 06 03 01 E1 00 8D 00 00 03 88 00 91 7C BA 4C C4 76 BD 02 32 5F 00 00 2B 11 00 5A 09 6D 00 2E 00 AA FF F6 65 45 03 05 F9 C0 78 DA 0C 3A 9B 00 08 11 1B 8A AA AA 
Receive: 62 00 01 02 8D 00 AD 0E C0 06 03 01 E1 00 8D 00 00 03 88 00 91 7C BA 4C C4 76 BD 02 32 5F 00 00 2B 11 00 5A 09 6D 00 2E 00 AA FF F6 65 45 03 05 F9 C0 78 DA 0C 3A 9B 00 08 11 1B 8A AA AA 

Fixed toLineMF: 03E 62 00 01 02 8D 00 AD 0E C0 06 03 01 E1 00 8D 00 00 03 88 00 91 7C BA 4C C4 76 BD 02 32 5F 00 00 2B 11 00 5A 09 6D 00 2E 00 AA FF F6 65 45 03 05 F9 C0 78 DA 0C 3A 9B 00 08 11 1B 8A AA AA 
Time:	12:53:30,608
Send:	220001

Fixed toLineMF: 03E 62 00 01 02 8B 00 AD 0E 6A 05 08 01 E3 00 90 00 00 03 90 00 8F 7D B6 4C C2 74 DD 41 F3 08 85 01 00 E6 02 32 5F 00 00 2B 11 00 5A 09 6D 00 2E 00 A5 00 00 65 45 03 07 00 08 38 1B DD AA AA 
Receive: 62 00 01 02 8B 00 AD 0E 6A 05 08 01 E3 00 90 00 00 03 90 00 8F 7D B6 4C C2 74 DD 41 F3 08 85 01 00 E6 02 32 5F 00 00 2B 11 00 5A 09 6D 00 2E 00 A5 00 00 65 45 03 07 00 08 38 1B DD AA AA 

Fixed toLineMF: 03E 62 00 01 02 8B 00 AD 0E 6A 05 08 01 E3 00 90 00 00 03 90 00 8F 7D B6 4C C2 74 DD 41 F3 08 85 01 00 E6 02 32 5F 00 00 2B 11 00 5A 09 6D 00 2E 00 A5 00 00 65 45 03 07 00 08 38 1B DD AA AA 
Time:	12:53:31,015
Send:	220001
Receive: 62 00 01 02 8D 00 AD 0E 46 03 06 01 DB 00 90 00 00 03 9C 00 90 7F B4 4C C0 72 DD 41 F3 08 84 B4 00 E6 02 32 5F 00 00 2B 11 00 5A 09 6D 00 2E 00 9F 00 00 65 45 03 07 F9 E0 78 DA 0C 3A 9B 00 08 54 1C 10 AA AA 
Time:	12:53:31,444
Send:	220001
Receive: 62 00 01 02 8D 00 AD 0E 24 02 07 02 92 01 2B 15 33 04 B5 00 B9 80 A8 4C BD 70 3D 41 F3 08 83 B4 00 E6 02 32 5F 17 7F 2B 11 00 78 09 71 00 2E 00 9D 01 DC 65 45 03 05 7C C2 78 DA 0C 3A 9B 00 0A DF 22 C2 AA AA 
Time:	12:53:31,858
Send:	220001

Fixed toLineMF: 03E 62 00 01 02 8D 00 AD 12 B2 02 02 03 B1 01 AC 14 C7 06 FE 01 41 F3 08 8A 7C 00 E6 02 32 60 1B 08 2B 11 00 96 09 71 00 2E 00 9D 02 20 65 45 03 05 7C C2 78 DA 0C 3A 9B 00 10 1F 2C 33 AA AA 
Receive: 62 00 01 02 8D 00 AD 12 B2 02 02 03 B1 01 AC 14 C7 06 FE 01 41 F3 08 8A 7C 00 E6 02 32 60 1B 08 2B 11 00 96 09 71 00 2E 00 9D 02 20 65 45 03 05 7C C2 78 DA 0C 3A 9B 00 10 1F 2C 33 AA AA 

Fixed toLineMF: 03E 62 00 01 02 8D 00 AD 12 B2 02 02 03 B1 01 AC 14 C7 06 FE 01 41 F3 08 8A 7C 00 E6 02 32 60 1B 08 2B 11 00 96 09 71 00 2E 00 9D 02 20 65 45 03 05 7C C2 78 DA 0C 3A 9B 00 10 1F 2C 33 AA AA 
Time:	12:53:32,264
Send:	220001
Receive: 62 00 01 02 8D 00 AD 17 86 02 0A 01 F1 00 81 00 00 04 96 01 40 80 9C 4C BA 6B 3D 41 F3 08 89 5C 00 E6 06 AF 60 18 60 2B 11 00 79 09 71 00 2E 00 A2 FF 87 65 45 03 05 7D C2 78 DA 0C 3A 9B 00 0A A9 1E D5 AA AA 
Time:	12:53:32,657
Send:	220001
Receive: 62 00 01 02 88 00 AD 13 5E 03 17 01 80 00 9F 00 00 03 52 00 AB 80 1F 4C 23 6F 5D 41 F3 08 86 4D 00 E6 06 AF 5F 17 7F 2B 11 00 5A 09 71 00 2E 02 15 FE F1 65 45 03 05 7D C0 78 DA 0C 3A 9B 00 07 AF 1A 47 AA AA 
Time:	12:53:33,078
Send:	220001

Fixed toLineMF: 03E 62 00 01 02 89 00 AD 11 C0 03 16 01 88 00 9F 00 00 03 21 00 9C 80 1E 4C 21 71 5D 41 F3 08 86 C0 00 E6 02 0C 5F 00 00 2B 11 00 5A 09 70 00 2E 02 79 C0 78 DA 0C 3A 9B 00 07 29 19 1B AA AA 
Receive: 62 00 01 02 89 00 AD 11 C0 03 16 01 88 00 9F 00 00 03 21 00 9C 80 1E 4C 21 71 5D 41 F3 08 86 C0 00 E6 02 0C 5F 00 00 2B 11 00 5A 09 70 00 2E 02 79 C0 78 DA 0C 3A 9B 00 07 29 19 1B AA AA 

Fixed toLineMF: 03E 62 00 01 02 89 00 AD 11 C0 03 16 01 88 00 9F 00 00 03 21 00 9C 80 1E 4C 21 71 5D 41 F3 08 86 C0 00 E6 02 0C 5F 00 00 2B 11 00 5A 09 70 00 2E 02 79 C0 78 DA 0C 3A 9B 00 07 29 19 1B AA AA 
Time:	12:53:33,509
Send:	220001
Receive: 62 00 01 02 8C 00 AD 10 B4 02 0F 01 AB 00 A1 00 00 03 43 00 94 80 22 4C 23 73 3D 41 F3 08 86 29 00 E6 02 0C 5F 00 00 2B 11 00 5A 09 70 00 2E 02 E0 FF 9C 65 45 03 07 F9 E0 78 DA 0C 3A 9B 00 07 99 1A 33 AA AA 
Time:	12:53:34,018
Send:	220001
Receive: 62 00 01 02 8C 00 AD 0F 72 00 0D 01 D2 00 A4 00 00 03 89 00 98 80 27 4C 28 75 BD 41 F3 08 85 28 00 E6 02 58 5F 00 00 2B 11 00 5A 09 70 00 2E 02 DB FF DB 65 45 03 07 F9 E0 78 DA 0C 3A 9B 00 08 47 1B C9 AA AA 
Time:	12:53:34,446
Send:	220001
Receive: 62 00 01 02 8D 00 AD 0E DE 00 03 02 04 00 A4 00 00 03 D3 00 A0 80 3D 4C 32 78 5D 41 F3 08 83 6C 00 E6 02 58 5F 00 00 2B 11 00 5A 09 70 00 2E 02 D0 FF F0 65 45 03 07 F9 E0 78 DA 0C 3A 9B 00 08 D4 1D 03 AA AA 
Time:	12:53:34,828
Send:	220001
Receive: 62 00 01 02 8D 00 AD 0E 94 00 02 02 06 00 A1 00 00 03 F2 00 A0 80 AE 4C AF 73 BD 41 F3 08 82 AF 00 E6 02 58 5F 00 00 2B 11 00 5A 09 70 00 2E 02 C2 FF FE 65 45 03 07 F9 E0 78 DA 0C 3A 9B 00 09 0B 1D A0 AA AA 
Time:	12:53:35,296
Send:	220001
Receive: 62 00 01 02 8C 00 AD 0E 62 00 04 02 0A 00 A1 00 00 04 0E 00 A3 80 AA 4C B7 70 DD 41 F3 08 82 11 00 E6 02 65 5F 00 00 2B 11 00 5A 09 70 00 2E 02 B8 00 00 65 45 03 07 F9 E0 78 DA 0C 3A 9B 00 09 54 1E 5A AA AA 
Time:	12:53:35,726
Send:	220001
Receive: 62 00 01 02 8A 00 AD 0E 42 00 01 01 FF 00 A1 00 00 04 15 00 A3 80 A3 4C B0 6E 7D 41 F3 08 81 E4 00 E6 02 65 5F 00 00 2B 11 00 5A 09 70 00 2E 02 B2 00 00 65 45 03 07 F9 E0 78 DA 0C 3A 9B 00 09 63 1E 7F AA AA 
Time:	12:53:36,145
Send:	220001
Receive: 62 00 01 02 89 00 AD 0E 14 00 05 02 36 01 3C 11 DC 04 5B 00 AE 80 2E 4C A7 6C BD 41 F3 08 82 AB 00 E6 02 53 5F 17 07 2B 11 00 64 09 71 00 2E 02 B5 00 00 65 45 03 05 FC C0 78 DA 0C 3A 9B 00 0A 44 21 35 AA AA 
Time:	12:53:36,618
Send:	220001
Receive: 62 00 01 02 89 00 AD 0E 80 00 FB 04 6E 01 B8 13 1E 07 E7 01 56 80 28 4C 29 72 9D 41 F3 08 86 8A 00 E6 02 53 5F 1D B0 2B 11 00 8C 09 71 00 2E 02 B5 04 5F 65 45 03 05 7C C2 78 DA 0C 3A 9B 00 12 81 33 4D AA AA 
Time:	12:53:37,097
Send:	220001
Receive: 62 00 01 02 8A 00 AD 13 64 00 F9 04 24 01 DB 0D EB 08 86 01 FC 80 B8 4C BC 6C 1D 41 F3 08 8C 01 00 E6 07 1C 60 23 E1 2B 11 00 96 09 71 00 2E 02 B5 01 ED 65 45 03 05 7C C2 78 DA 0C 3A 9B 00 12 D8 32 02 AA AA 
Time:	12:53:37,510
Send:	220001

Fixed toLineMF: 03E 62 00 01 02 8A 00 00 6A 00 00 04 42 01 14 80 26 4C 3D 6D FD 41 F3 08 89 A2 00 E6 07 1C 5F 19 41 2B 11 00 6E 09 71 00 2E 02 8D FE CC 65 45 03 05 7D C0 78 DA 0C 3A 9B 00 09 5B 1B 6E AA AA 
Receive: 62 00 01 02 8A 00 00 6A 00 00 04 42 01 14 80 26 4C 3D 6D FD 41 F3 08 89 A2 00 E6 07 1C 5F 19 41 2B 11 00 6E 09 71 00 2E 02 8D FE CC 65 45 03 05 7D C0 78 DA 0C 3A 9B 00 09 5B 1B 6E AA AA 

Fixed toLineMF: 03E 62 00 01 02 8A 00 00 6A 00 00 04 42 01 14 80 26 4C 3D 6D FD 41 F3 08 89 A2 00 E6 07 1C 5F 19 41 2B 11 00 6E 09 71 00 2E 02 8D FE CC 65 45 03 05 7D C0 78 DA 0C 3A 9B 00 09 5B 1B 6E AA AA 
Time:	12:53:37,896
Send:	220001
Receive: 62 00 01 02 8A 00 AE 14 9E 00 08 01 60 00 9F 00 00 03 28 00 AB 80 22 4C 24 70 9D 41 F3 08 87 3C 00 E6 07 1C 5F 17 7F 2B 11 00 5A 09 70 00 2E 02 61 FE 5A 65 45 03 05 7D C0 78 DA 0C 3A 9B 00 06 EB 18 5B AA AA 
Time:	12:53:38,321
Send:	220001
Receive: 62 00 01 02 8A 00 AE 11 52 00 10 01 88 00 9F 05 66 03 18 00 8F 80 1F 4C 23 73 1D 41 F3 08 86 82 00 E6 02 22 5F 17 07 2B 11 00 64 09 6F 00 2E 02 4B FF 81 65 45 03 05 7C C0 78 DA 0C 3A 9B 00 07 26 19 3C AA AA 
Time:	12:53:38,740
Send:	220001
Receive: NO DATA
Time:	12:53:39,066
Send:	220001
Receive: NO DATA
Time:	12:53:39,345
Send:	220001
Receive: NO DATA
Time:	12:53:39,643
Send:	220001
Receive: NO DATA
Time:	12:53:39,931
Send:	220001
Receive: NO DATA
Time:	12:53:40,226
Send:	220001
Receive: NO DATA
Time:	12:53:40,533
Send:	220001
Receive: NO DATA
Time:	12:53:40,832
Send:	220001
Receive: 62 00 01 02 88 00 AE 0E F0 03 05 02 43 00 AB 00 00 04 7C 00 C3 80 A6 4C 84 77 DD 41 F3 08 83 0B 00 E6 02 8F 5F 00 00 2B 11 00 5A 09 6E 00 2E 04 83 FF D5 65 45 03 05 F9 C0 78 DA 0C 3A 9B 00 0A 8D 21 13 AA AA 
Time:	12:53:41,317
Send:	220001
Receive: 62 00 01 02 8A 00 AE 0F 3A 03 01 02 01 00 A1 00 00 04 16 00 AD 80 B1 4C B8 75 5D 41 F3 08 81 E0 00 E6 02 FC 5F 00 00 2B 11 00 5A 09 6E 00 2E 04 70 FF E5 65 45 03 05 F9 C0 78 DA 0C 3A 9B 00 09 34 1D F7 AA AA 
Time:	12:53:41,728
Send:	220001
Receive: 62 00 01 02 89 00 AE 0E AE 02 0B 01 EE 00 A1 00 00 03 F6 00 A3 80 98 4C B0 72 7D 41 F3 08 82 9A 00 E6 02 FC 5F 17 43 2B 11 00 5A 09 6E 00 2E 04 6E FF FB 65 45 03 07 7D E0 78 DA 0C 3A 9B 00 09 1A 1D CC AA AA 
Time:	12:53:42,159
Send:	220001
Receive: 62 00 01 02 87 00 AE 0E 72 01 08 02 15 00 A1 00 00 04 18 00 A7 80 2A 4C 5F 76 9D 41 F3 08 81 E0 00 E6 02 32 5F 17 7F 2B 11 00 5A 09 6F 00 2E 04 6E 00 00 65 45 03 07 7D E0 78 DA 0C 3A 9B 00 09 65 1E 8F AA AA 
Time:	12:53:42,586
Send:	220001
Receive: 62 00 01 02 89 00 AE 0E 46 01 0B 02 19 00 A1 00 00 04 1B 00 A5 80 82 4C 44 78 FD 41 F3 08 81 E8 00 E6 02 32 5F 17 7F 2B 11 00 5A 09 6F 00 2E 04 6B 00 00 65 45 03 05 7D C0 78 DA 0C 3A 9B 00 09 6C 1E B6 AA AA 
Time:	12:53:42,999
Send:	220001
Receive: 62 00 01 02 85 00 AE 0E 32 00 03 02 17 00 A4 00 00 04 30 00 A6 80 AB 4C AF 73 7D 41 F3 08 82 2A 00 E6 02 65 5F 17 7F 2B 11 00 5A 09 70 00 2E 04 6C 00 00 65 45 03 07 7D E0 78 DA 0C 3A 9B 00 09 A9 1F 42 AA AA 
Time:	12:53:43,470
Send:	220001
Receive: 62 00 01 02 86 00 AE 0D F4 00 05 02 12 00 A4 00 00 04 34 00 A2 80 34 4C A2 75 5D 41 F3 08 82 37 00 E6 02 65 5F 17 7F 2B 11 00 5A 09 70 00 2E 04 77 00 00 65 45 03 07 7D E0 78 DA 0C 3A 9B 00 09 A9 1F 8D AA AA 
Time:	12:53:43,942
Send:	220001
Receive: NO DATA
Time:	12:53:44,252
Send:	220001
Receive: NO DATA
Time:	12:53:44,540
Send:	220001
Receive: NO DATA
Time:	12:53:44,832
Send:	220001
Receive: NO DATA
Time:	12:53:45,118
Send:	220001
Receive: NO DATA
Time:	12:53:45,397
Send:	220001
Receive: NO DATA
Time:	12:53:45,708
Send:	220001
Receive: NO DATA
Time:	12:53:45,989
Send:	220001
Receive: 62 00 01 02 89 00 AF 0E 88 00 19 02 BD 01 82 10 9E 04 C6 00 B9 80 2B 4C 2A 7A 3D 41 F3 08 83 E2 00 E6 02 65 60 1B E9 2B 11 00 6E 09 72 00 2E 06 55 01 22 65 45 03 05 7C C2 78 DA 0C 3A 9B 00 0B 5B 25 37 AA AA 
Time:	12:53:46,410
Send:	220001

Fixed toLineMF: 03E 62 00 01 02 8A 00 AF 0F EE 00 F9 04 A2 01 F9 11 3D 08 6B 01 41 F3 08 88 5C 00 E6 02 65 60 26 89 2B 11 00 96 09 72 00 2E 06 55 04 0B 65 45 03 05 7C CA 78 DA 0C 3A 9B 00 12 F0 33 FA AA AA 
Receive: 62 00 01 02 8A 00 AF 0F EE 00 F9 04 A2 01 F9 11 3D 08 6B 01 41 F3 08 88 5C 00 E6 02 65 60 26 89 2B 11 00 96 09 72 00 2E 06 55 04 0B 65 45 03 05 7C CA 78 DA 0C 3A 9B 00 12 F0 33 FA AA AA 

Fixed toLineMF: 03E 62 00 01 02 8A 00 AF 0F EE 00 F9 04 A2 01 F9 11 3D 08 6B 01 41 F3 08 88 5C 00 E6 02 65 60 26 89 2B 11 00 96 09 72 00 2E 06 55 04 0B 65 45 03 05 7C CA 78 DA 0C 3A 9B 00 12 F0 33 FA AA AA 
Time:	12:53:46,803
Send:	220001
Receive: 62 00 01 02 8A 00 AF 19 CA 00 18 02 89 01 7F 11 0A 05 77 01 B9 80 B5 4C C1 71 1D 41 F3 08 8E 21 00 E6 02 65 60 1F 72 2B 11 00 96 09 4A 00 2E 06 3A FE 98 65 45 03 05 7C C2 78 DA 0C 3A 9B 00 0C AB 22 79 AA AA 
Time:	12:53:47,189
Send:	220001
Receive: 62 00 01 02 8A 00 AF 1F 5A 00 17 02 4F 01 6B 0F 28 04 9F 01 A0 80 AD 4C 8D 71 7D 41 F3 08 90 94 00 E6 05 F9 60 20 58 2B 11 00 96 09 11 00 2E 06 14 FD 3F 65 45 03 05 7C C0 78 DA 0C 3A 9B 00 0A 78 1B D4 AA AA 
Time:	12:53:47,612
Send:	220001
Receive: 62 00 01 02 8A 00 AF 1C 3C 00 2B 01 47 00 C2 00 00 02 98 00 CB 80 22 4C 33 72 5D 41 F3 08 8B BE 00 E6 05 F9 5F 22 1A 2B 11 00 6E 09 49 00 2E 06 39 FC EE 65 45 03 05 7D C8 78 DA 0C 3A 9B 00 05 BA 13 6E AA AA 
Time:	12:53:48,015
Send:	220001
Receive: NO DATA
Time:	12:53:48,308
Send:	220001
Receive: NO DATA
Time:	12:53:48,597
Send:	220001
Receive: NO DATA
Time:	12:53:48,878
Send:	220001
Receive: NO DATA
Time:	12:53:49,179
Send:	220001
Receive: NO DATA
Time:	12:53:49,456
Send:	220001
Receive: NO DATA
Time:	12:53:49,749
Send:	220001
Receive: NO DATA
Time:	12:53:50,047
Send:	220001
Receive: 62 00 01 02 8C 00 AF 11 D8 00 FC 02 18 00 C4 00 00 03 DA 00 C4 7B BD 4C B6 7C DD 41 F3 08 84 A2 00 E6 03 B0 60 17 25 2B 11 00 5A 09 72 00 2E 06 70 FE F7 65 45 03 05 3D C8 78 DA 0C 3A 9B 00 08 C8 1D 06 AA AA 
Time:	12:53:50,449
Send:	220001
Receive: 62 00 01 02 8C 00 AF 14 BE 00 0A 04 2A 01 EA 1A CC 06 7A 01 A5 75 B6 4C C1 79 BD 41 F3 08 8A 2D 00 E6 03 B0 60 18 60 2B 11 00 82 09 72 00 2E 06 3D 00 00 65 45 03 05 7C C2 78 DA 0C 3A 9B 00 0E F2 28 97 AA AA 
Time:	12:53:50,908
Send:	220001
Receive: 62 00 01 02 8D 00 AF 20 5E 00 09 03 11 01 AC 10 6B 05 98 02 1C 79 BC 4C C4 74 7D 41 F3 08 91 B4 00 E6 03 B0 60 19 41 2B 11 00 96 08 FC 00 2E 05 EF FC B8 65 45 03 05 7C C2 78 DA 0C 3A 9B 00 0B F6 1E E3 AA AA 
Time:	12:53:51,355
Send:	220001

Fixed toLineMF: 03E 62 00 01 02 8C 00 AF 1C F4 00 29 02 1E 01 3C 06 05 04 3C 01 4C 7B A9 4C C1 6E BD 41 F3 08 8D 84 00 E6 07 C3 60 1B 08 2B 11 1D FE 5A 65 45 03 05 7C C0 78 DA 0C 3A 9B 00 09 B6 1C DB AA AA 
Receive: 62 00 01 02 8C 00 AF 1C F4 00 29 02 1E 01 3C 06 05 04 3C 01 4C 7B A9 4C C1 6E BD 41 F3 08 8D 84 00 E6 07 C3 60 1B 08 2B 11 1D FE 5A 65 45 03 05 7C C0 78 DA 0C 3A 9B 00 09 B6 1C DB AA AA 

Fixed toLineMF: 03E 62 00 01 02 8C 00 AF 1C F4 00 29 02 1E 01 3C 06 05 04 3C 01 4C 7B A9 4C C1 6E BD 41 F3 08 8D 84 00 E6 07 C3 60 1B 08 2B 11 1D FE 5A 65 45 03 05 7C C0 78 DA 0C 3A 9B 00 09 B6 1C DB AA AA 
Time:	12:53:51,750
Send:	220001
Receive: 62 00 01 02 8A 00 AF 15 3E 02 10 01 D7 01 28 04 FA 03 E6 00 CA 7D 26 4C 28 73 BD 41 F3 08 84 C1 00 E6 07 C3 60 1C CA 2B 11 00 85 09 72 00 2E 06 3D 00 CB 65 45 03 05 7C C0 78 DA 0C 3A 9B 00 09 22 1D DE AA AA 
Time:	12:53:52,170
Send:	220001
Receive: 62 00 01 02 8C 00 AF 12 44 03 FF 02 1F 00 C4 00 00 04 8E 00 F1 7E A6 4C 80 73 9D 41 F3 08 85 13 00 E6 04 44 60 1C CA 2B 11 00 5D 09 72 00 2E 07 2E FF 81 65 45 03 05 7D C8 78 DA 0C 3A 9B 00 0A BE 20 F5 AA AA 
Time:	12:53:52,575
Send:	220001
Receive: NO DATA
Time:	12:53:52,874
Send:	220001
Receive: NO DATA
Time:	12:53:53,171
Send:	220001
Receive: NO DATA
Time:	12:53:53,448
Send:	220001
Receive: NO DATA
Time:	12:53:53,756
Send:	220001
Receive: NO DATA
Time:	12:53:54,049
Send:	220001
Receive: NO DATA
Time:	12:53:54,375
Send:	220001
Receive: NO DATA
Time:	12:53:54,680
Send:	220001
Receive: 62 00 01 02 8A 00 B0 12 4A 02 0B 01 BE 00 C4 00 00 03 56 00 A4 80 21 4C 24 7A 7D 41 F3 08 86 29 00 E6 03 33 60 22 1A 2B 11 00 5A 09 72 00 2E 06 62 FF 2A 65 45 03 07 7D E0 78 DA 0C 3A 9B 00 07 E0 1A EC AA AA 
Time:	12:53:55,106
Send:	220001
Receive: NO DATA
Time:	12:53:55,406
Send:	220001
Receive: NO DATA
Time:	12:53:55,771
Send:	220001
Receive: NO DATA
Time:	12:53:56,052
Send:	220001
Receive: NO DATA
Time:	12:53:56,345
Send:	220001
Receive: NO DATA
Time:	12:53:56,700
Send:	220001
Receive: NO DATA
Time:	12:53:56,986
Send:	220001
Receive: NO DATA
Time:	12:53:57,291
Send:	220001
Receive: 62 00 01 02 8D 00 B0 0E 50 00 05 01 F9 00 A1 00 00 04 1E 00 A6 80 2D 4C A2 72 BD 41 F3 08 81 F4 00 E6 02 65 60 25 A3 2B 11 00 5A 09 75 00 2E 04 CB 00 00 65 45 03 05 7D C0 78 DA 0C 3A 9B 00 09 69 1E CA AA AA 
Time:	12:53:57,699
Send:	220001
Receive: 62 00 01 02 8D 00 B0 0E 5C 00 00 01 FC 00 9C 00 00 04 12 00 A6 80 31 4C A2 75 DD 41 F3 08 81 F9 00 E6 02 65 61 26 89 2B 11 00 50 09 76 00 2E 04 BB 00 00 65 45 03 01 7D C0 78 DA 0C 3A 9B 00 09 43 1E 72 AA AA 
Time:	12:53:58,089
Send:	220001
Receive: 62 00 01 02 8D 00 B0 0E 10 00 FD 01 DB 00 88 00 00 03 D9 00 95 80 33 4C 38 77 FD 41 F3 08 83 46 00 E6 02 22 61 27 6A 2B 11 00 50 09 76 00 2E 04 A5 FF D2 65 45 03 01 7D C0 78 DA 0C 3A 9B 00 08 AC 1D 54 AA AA 
Time:	12:53:58,477
Send:	220001
Receive: 62 00 01 02 8D 00 B0 0D 8C 00 0C 01 C2 00 88 00 00 03 AC 00 8A 80 2B 4C 69 79 FD 41 F3 08 84 51 00 E6 02 22 61 28 4B 2B 11 00 50 09 76 00 2E 04 95 FF ED 65 45 03 01 7D C0 78 DA 0C 3A 9B 00 08 84 1D 35 AA AA 
Time:	12:53:58,868
Send:	220001
Receive: 62 00 01 02 8D 00 B0 0D 5C 00 06 01 CD 00 88 00 00 03 AC 00 8C 80 27 4C 2D 7B FD 41 F3 08 84 51 00 E6 02 22 61 28 4B 2B 11 00 50 09 77 00 2E 04 6F FF E8 65 45 03 01 7D C0 78 DA 0C 3A 9B 00 08 94 1D 46 AA AA 
Time:	12:53:59,276
Send:	220001
Receive: 62 00 01 02 8D 00 B0 0D 40 00 03 01 D0 00 88 00 00 03 A8 00 89 80 26 4C 28 7D DD 41 F3 08 84 66 00 E6 02 11 61 29 31 2B 11 00 50 09 77 00 2E 04 2E FF ED 65 45 03 01 7D C0 78 DA 0C 3A 9B 00 08 7C 1D 52 AA AA 
Time:	12:53:59,656
Send:	220001
Receive: 62 00 01 02 8D 00 B1 0D 26 00 06 01 D9 00 8B 00 00 03 B4 00 88 80 27 4C 2A 7F DD 41 F3 08 84 22 00 E6 02 11 61 2A 12 2B 11 00 50 09 78 00 2E 03 ED FF F3 65 45 03 01 7D C0 78 DA 0C 3A 9B 00 08 72 1D 75 AA AA 
Time:	12:54:00,036
Send:	220001
Receive: 62 00 01 02 8D 00 B1 0D 22 00 05 01 EB 00 8B 00 00 03 C1 00 8D 80 28 4C 2B 81 9D 41 F3 08 83 D6 00 E6 02 01 61 2B D4 2B 11 00 50 09 79 00 2E 03 B7 FF ED 65 45 03 01 7D C0 78 DA 0C 3A 9B 00 08 A2 1D A6 AA AA 
Time:	12:54:00,435
Send:	220001
Receive: 62 00 01 02 8D 00 B1 0D 0A 00 09 01 E6 00 8B 00 00 03 B8 00 88 80 2B 4C 2C 83 7D 41 F3 08 84 09 00 E6 02 01 61 2C BA 2B 11 00 50 09 79 00 2E 03 76 00 00 65 45 03 01 7D C0 78 DA 0C 3A 9B 00 08 A1 1D FD AA AA 
Time:	12:54:00,828
Send:	220001
Receive: 62 00 01 02 8D 00 B1 0C F6 00 07 01 DF 00 8B 00 00 03 C0 00 89 80 5B 4C 9D 80 1D 41 F3 08 83 DA 00 E6 02 01 61 2D 9B 2B 11 00 50 09 7A 00 2E 03 3D 00 00 65 45 03 01 7D C0 78 DA 0C 3A 9B 00 08 B3 1E 25 AA AA 
Time:	12:54:01,207
Send:	220001
Receive: NO DATA
Time:	12:54:01,484
Send:	220001
Receive: NO DATA
Time:	12:54:01,771
Send:	220001
Receive: NO DATA
Time:	12:54:02,057
Send:	220001
Receive: NO DATA
Time:	12:54:02,370
Send:	220001
Receive: NO DATA
Time:	12:54:02,658
Send:	220001
Receive: NO DATA
Time:	12:54:02,940
Send:	220001
Receive: NO DATA
Time:	12:54:03,220
Send:	220001
Receive: 62 00 01 02 8D 00 B1 0C D6 00 FD 01 F7 00 8B 00 00 03 E8 00 8C 80 A0 4C A1 82 9D 41 F3 08 82 EA 00 E6 02 22 62 33 CC 2B 11 00 50 09 7C 00 2E 02 74 00 00 65 45 03 01 FD C0 78 DA 0C 3A 9B 00 08 E6 1E C2 AA AA 
Time:	12:54:03,669
Send:	220001
Receive: 62 00 01 02 8D 00 B1 0C BE 00 02 01 ED 00 8B 00 00 03 E7 00 8C 80 9E 4C AE 80 9D 41 F3 08 82 F6 00 E6 02 22 62 34 AD 2B 11 00 50 09 7C 00 2E 02 61 00 00 65 45 03 01 FD C0 78 DA 0C 3A 9B 00 08 F4 1E DE AA AA 
Time:	12:54:04,127
Send:	220001
Receive: 62 00 01 02 8D 00 B1 0C A2 00 09 01 FD 00 88 00 00 03 EC 00 8B 80 2B 4C 2F 84 9D 41 F3 08 82 D5 00 E6 02 22 62 34 AD 2B 11 00 50 09 7D 00 2E 02 4E 00 00 65 45 03 01 FD C0 78 DA 0C 3A 9B 00 08 F8 1E F8 AA AA 
Time:	12:54:04,602
Send:	220001
Receive: 62 00 01 02 8D 00 B1 0C BC 00 02 01 FC 00 88 00 00 03 DC 00 89 80 30 4C 2F 86 BD 41 F3 08 83 35 00 E6 02 22 62 33 CC 2B 11 00 50 09 7D 00 2E 02 36 00 00 65 45 03 01 FD C0 78 DA 0C 3A 9B 00 08 DC 1E 9F AA AA 
Time:	12:54:05,005
Send:	220001
Receive: 62 00 01 02 8D 00 B1 0C C0 00 01 01 E8 00 86 00 00 03 D4 00 8A 80 9E 4C A9 82 1D 41 F3 08 83 63 00 E6 01 F4 62 34 AD 2B 11 00 50 09 7D 00 2E 02 20 00 00 65 45 03 01 FD C0 78 DA 0C 3A 9B 00 08 B2 1E 70 AA AA 
Time:	12:54:05,399
Send:	220001
Receive: NO DATA
Time:	12:54:05,714
Send:	220001
Receive: NO DATA
Time:	12:54:06,009
Send:	220001
Receive: NO DATA
Time:	12:54:06,312
Send:	220001
Receive: NO DATA
Time:	12:54:06,595
Send:	220001
Receive: NO DATA
Time:	12:54:06,870
Send:	220001
Receive: NO DATA
Time:	12:54:07,183
Send:	220001
Receive: NO DATA
Time:	12:54:07,495
Send:	220001
Receive: 62 00 01 02 8D 00 B2 0C C8 00 05 01 DF 00 7E 00 00 03 9B 00 82 80 29 4C 2D 85 BD 41 F3 08 84 B8 00 E6 01 C7 63 33 CC 2A 48 00 50 09 7F 00 2E 01 9E 00 00 65 45 03 01 FD C0 78 DA 0C 3A 9B 00 08 52 1D 67 AA AA 
Time:	12:54:07,906
Send:	220001
Receive: 62 00 01 02 8C 00 B2 0C D0 00 0A 01 D2 00 7E 00 00 03 93 00 7E 80 9A 4C 9F 82 BD 41 F3 08 84 EC 00 E6 01 C7 63 32 EB 2A 48 00 50 09 7F 00 2E 01 75 00 00 65 45 03 01 FD C0 78 DA 0C 3A 9B 00 08 3E 1D 67 AA AA 
Time:	12:54:08,360
Send:	220001
Receive: 62 00 01 02 8C 00 B2 0C 8C 00 0B 01 CB 00 81 00 00 03 91 00 7D 80 2D 4C A7 80 BD 41 F3 08 84 F9 00 E6 01 E6 63 32 EB 2A 48 00 50 09 7F 00 2E 01 6A 00 00 65 45 03 01 FD C0 78 DA 0C 3A 9B 00 08 40 1D BF AA AA 
Time:	12:54:08,738
Send:	220001
Receive: 62 00 01 02 8D 00 B2 0C B8 00 03 01 E8 00 7E 00 00 03 A5 00 84 80 26 4C 2D 85 5D 41 F4 43 84 80 00 E6 01 E6 63 33 CC 2A 48 00 50 09 80 00 2E 01 57 00 00 65 45 03 01 FD C0 78 DA 0C 3A 9B 00 08 59 1D 84 AA AA 
Time:	12:54:09,126
Send:	220001
Receive: 62 00 01 02 8C 00 B2 0C B6 00 01 01 DD 00 7E 00 00 03 9E 00 80 80 9B 4C 91 83 9D 41 F4 43 84 AB 00 E6 01 F4 63 32 EB 2A 48 00 50 09 80 00 2E 01 44 00 00 65 45 03 01 FD C0 78 DA 0C 3A 9B 00 08 2E 1D 80 AA AA 
Time:	12:54:09,526
Send:	220001
Receive: 62 00 01 02 8C 00 B2 0C 9A 00 0A 01 CF 00 81 00 00 03 92 00 7E 80 35 4C A6 81 DD 41 F4 43 84 F4 00 E6 01 F4 63 32 EB 2A 48 00 50 09 81 00 2E 01 3C 00 00 65 45 03 01 FD C0 78 DA 0C 3A 9B 00 08 47 1D B4 AA AA 
Time:	12:54:09,957
Send:	220001
Receive: 62 00 01 02 8C 00 B2 0C A4 00 04 01 E5 00 81 00 00 03 9A 00 80 80 60 4C A8 84 7D 41 F4 43 84 C1 00 E6 01 E6 63 32 EB 29 3C 00 50 09 81 00 2E 01 2C 00 00 65 45 03 01 FD C0 78 DA 0C 3A 9B 00 08 4C 1D A1 AA AA 
Time:	12:54:10,335
Send:	220001
Receive: 62 00 01 02 8D 00 B2 0C CA 00 03 01 DF 00 7E 00 00 03 9C 00 83 80 9D 4C A2 82 9D 41 F4 43 84 B8 00 E6 01 E6 63 33 CC 29 3C 00 50 09 81 00 2E 01 13 00 00 65 45 03 01 FD C0 78 DA 0C 3A 9B 00 08 45 1D 5C AA AA 
Time:	12:54:10,745
Send:	220001
Receive: 62 00 01 02 8D 00 B2 0C BC 00 0A 01 D9 00 7E 00 00 03 9C 00 81 80 AA 4C B2 80 DD 41 F4 43 84 B4 00 E6 01 E6 63 32 EB 29 3C 00 50 09 81 00 2E 01 00 00 00 65 45 03 01 FD C0 78 DA 0C 3A 9B 00 08 37 1D 70 AA AA 
Time:	12:54:11,148
Send:	220001
Receive: 62 00 01 02 8C 00 B2 0C AA 00 05 01 D5 00 7E 00 00 03 9B 00 81 80 73 4C AB 7F 3D 41 F4 43 84 B8 00 E6 01 BA 63 32 EB 29 3C 00 50 09 82 00 2E 00 F2 00 00 65 45 03 01 FD C0 78 DA 0C 3A 9B 00 08 4E 1D 97 AA AA 
Time:	12:54:11,567
Send:	220001

Fixed toLineMF: 03E 62 00 01 02 8D 00 B2 0C 8A 00 0A 01 D9 00 7E 00 00 03 8C 00 7D 80 2E 4C 94 83 7D 41 F4 43 85 13 00 E6 00 50 09 82 00 2E 00 ED 00 00 65 45 03 01 FD C0 78 DA 0C 3A 9B 00 08 5B 1D C0 AA AA 
Receive: 62 00 01 02 8D 00 B2 0C 8A 00 0A 01 D9 00 7E 00 00 03 8C 00 7D 80 2E 4C 94 83 7D 41 F4 43 85 13 00 E6 00 50 09 82 00 2E 00 ED 00 00 65 45 03 01 FD C0 78 DA 0C 3A 9B 00 08 5B 1D C0 AA AA 

Fixed toLineMF: 03E 62 00 01 02 8D 00 B2 0C 8A 00 0A 01 D9 00 7E 00 00 03 8C 00 7D 80 2E 4C 94 83 7D 41 F4 43 85 13 00 E6 00 50 09 82 00 2E 00 ED 00 00 65 45 03 01 FD C0 78 DA 0C 3A 9B 00 08 5B 1D C0 AA AA 
Time:	12:54:11,944
Send:	220001
Receive: 62 00 01 02 8D 00 B2 0C B0 00 00 01 DB 00 7E 00 00 03 98 00 80 80 96 4C 95 81 DD 41 F4 43 84 C9 00 E6 01 F4 63 32 EB 29 3C 00 50 09 82 00 2E 00 DA 00 00 65 45 03 01 FD C0 78 DA 0C 3A 9B 00 08 41 1D 8A AA AA 
Time:	12:54:12,335
Send:	220001
Receive: 62 00 01 02 8D 00 B2 0C A8 00 08 01 D3 00 7E 00 00 03 94 00 80 80 A7 4C B0 7F FD 41 F4 43 84 E7 00 E6 01 F4 63 32 EB 29 3C 00 50 09 83 00 2E 00 CC 00 00 65 45 03 01 FD C0 78 DA 0C 3A 9B 00 08 3E 1D 84 AA AA 
Time:	12:54:12,738
Send:	220001
Receive: 62 00 01 02 8D 00 B2 0C 9A 00 06 01 CC 00 7E 00 00 03 94 00 7F 80 6F 4C AD 7E 5D 41 F4 43 84 E7 00 E6 01 F4 63 32 EB 29 3C 00 50 09 83 00 2E 00 C1 00 00 65 45 03 01 FD C0 78 DA 0C 3A 9B 00 08 36 1D 7F AA AA 
Time:	12:54:13,166
Send:	220001

Fixed toLineMF: 03E 62 00 01 02 8C 00 B3 0C 78 00 0E 01 D6 79 80 2C 4C 83 82 9D 41 F4 43 85 1F 00 E6 01 C7 64 32 0A 29 3C 00 50 09 83 00 2E 00 BC 00 00 65 45 03 01 FD C0 78 DA 0C 3A 9B 00 08 49 1D BE AA AA 
Receive: 62 00 01 02 8C 00 B3 0C 78 00 0E 01 D6 79 80 2C 4C 83 82 9D 41 F4 43 85 1F 00 E6 01 C7 64 32 0A 29 3C 00 50 09 83 00 2E 00 BC 00 00 65 45 03 01 FD C0 78 DA 0C 3A 9B 00 08 49 1D BE AA AA 

Fixed toLineMF: 03E 62 00 01 02 8C 00 B3 0C 78 00 0E 01 D6 79 80 2C 4C 83 82 9D 41 F4 43 85 1F 00 E6 01 C7 64 32 0A 29 3C 00 50 09 83 00 2E 00 BC 00 00 65 45 03 01 FD C0 78 DA 0C 3A 9B 00 08 49 1D BE AA AA 
Time:	12:54:13,578
Send:	220001
Receive: 62 00 01 02 8C 00 B3 0C A0 00 FC 01 F2 00 77 00 00 03 A9 00 80 80 27 4C 2F 84 5D 41 F4 43 84 66 00 E6 01 C7 64 32 EB 29 3C 00 50 09 83 00 2E 00 B1 00 00 65 45 03 01 FD C0 78 DA 0C 3A 9B 00 08 2F 1D 72 AA AA 
Time:	12:54:14,006
Send:	220001
Receive: 62 00 01 02 8D 00 B3 0C A8 00 09 01 C6 00 77 00 00 03 73 00 7A 80 AB 4C AD 7F 9D 41 F4 43 85 AB 00 E6 01 F4 64 32 EB 27 E9 00 50 09 84 00 2E 00 9B 00 00 65 45 03 01 FD C0 78 DA 0C 3A 9B 00 07 F3 1D 08 AA AA 
Time:	12:54:14,428
Send:	220001
Receive: 62 00 01 02 8C 00 B3 0C 9A 00 09 01 BD 00 77 00 00 03 6B 00 79 80 A5 4C AF 7D DD 41 F4 43 85 E3 00 E6 01 F4 64 32 0A 27 E9 00 50 09 84 00 2E 00 90 00 00 65 45 03 01 FD C0 78 DA 0C 3A 9B 00 07 DA 1D 00 AA AA 
Time:	12:54:14,844
Send:	220001
Receive: 62 00 01 02 8C 00 B3 0C 90 00 0D 01 C8 00 79 00 00 03 6B 00 76 80 2A 4C 82 80 3D 41 F4 43 85 E3 00 E6 01 F4 64 32 0A 27 E9 00 50 09 84 00 2E 00 85 00 00 65 45 03 01 FD C0 78 DA 0C 3A 9B 00 07 E3 1D 03 AA AA 
Time:	12:54:15,259
Send:	220001
Receive: 62 00 01 02 8C 00 B3 0C A2 00 0C 01 CD 00 79 00 00 03 6B 00 78 80 29 4C 2E 81 DD 41 F4 43 85 DF 00 E6 01 BA 64 32 0A 27 E9 00 50 09 84 00 2E 00 78 00 00 65 45 03 01 FD C0 78 DA 0C 3A 9B 00 07 DC 1C EF AA AA 
Time:	12:54:15,659
Send:	220001
Receive: 62 00 01 02 8D 00 B3 0C AE 00 0A 01 CD 00 79 00 00 03 78 00 7B 80 5D 4C 9C 7F 5D 41 F4 43 85 90 00 E6 01 BA 64 32 EB 27 E9 00 50 09 85 00 2E 00 67 00 00 65 45 03 01 FD C0 78 DA 0C 3A 9B 00 07 DB 1C E3 AA AA 
Time:	12:54:16,062
Send:	220001
Receive: 62 00 01 02 8C 00 B3 0C 90 00 0D 01 C1 00 79 00 00 03 6F 00 79 80 A0 4C AA 7D BD 41 F4 43 85 C5 00 E6 01 BA 64 32 0A 27 E9 00 50 09 85 00 2E 00 62 00 00 65 45 03 01 FD C0 78 DA 0C 3A 9B 00 07 F7 1C F7 AA AA 
Time:	12:54:16,447
Send:	220001
Receive: 62 00 01 02 8C 00 B3 0C 88 00 0C 01 B8 00 79 00 00 03 67 00 77 80 2B 4C A2 7F FD 41 F4 43 85 F9 00 E6 01 BA 64 32 0A 27 E9 00 50 09 85 00 2E 00 5A 00 00 65 45 03 01 FD C0 78 DA 0C 3A 9B 00 07 E7 1D 1D AA AA 
Time:	12:54:16,828
Send:	220001

Fixed toLineMF: 03E 62 00 01 02 8C 00 B3 0C 8C 00 07 01 C9 00 79 00 00 03 6B 00 79 80 2B 4C 2D 81 7D 41 F4 43 85 DF 00 E6 01 BA 64 32 0A 27 E9 52 00 00 65 45 03 01 FD C0 78 DA 0C 3A 9B 00 07 F5 1D 14 AA AA 
Receive: 62 00 01 02 8C 00 B3 0C 8C 00 07 01 C9 00 79 00 00 03 6B 00 79 80 2B 4C 2D 81 7D 41 F4 43 85 DF 00 E6 01 BA 64 32 0A 27 E9 52 00 00 65 45 03 01 FD C0 78 DA 0C 3A 9B 00 07 F5 1D 14 AA AA 

Fixed toLineMF: 03E 62 00 01 02 8C 00 B3 0C 8C 00 07 01 C9 00 79 00 00 03 6B 00 79 80 2B 4C 2D 81 7D 41 F4 43 85 DF 00 E6 01 BA 64 32 0A 27 E9 52 00 00 65 45 03 01 FD C0 78 DA 0C 3A 9B 00 07 F5 1D 14 AA AA 
Time:	12:54:17,204
Send:	220001
Receive: 62 00 01 02 8C 00 B3 0C A4 00 0A 01 D9 00 79 00 00 03 7F 00 7D 80 33 4C 53 82 BD 41 F4 43 85 69 00 E6 01 BA 64 32 0A 27 E9 00 50 09 86 00 2E 00 47 00 00 65 45 03 01 FD C0 78 DA 0C 3A 9B 00 07 EB 1D 03 AA AA 
Time:	12:54:17,635
Send:	220001
Receive: 62 00 01 02 8C 00 B3 0C 9E 00 08 01 CD 00 79 00 00 03 78 00 7B 80 A5 4C AD 7E DD 41 F4 43 85 8C 00 E6 01 BA 64 32 0A 27 E9 00 50 09 86 00 2E 00 36 00 00 65 45 03 01 FD C0 78 DA 0C 3A 9B 00 07 F2 1D 09 AA AA 
Time:	12:54:18,025
Send:	220001
Receive: 62 00 01 02 8D 00 B3 0C 92 00 0B 01 C1 00 79 00 00 03 6D 00 78 80 73 4C A8 7D 9D 41 F4 43 85 CD 00 E6 01 C7 64 32 0A 27 E9 00 50 09 86 00 2E 00 2E 00 00 65 45 03 01 FD C0 78 DA 0C 3A 9B 00 07 E2 1D 07 AA AA 
Time:	12:54:18,438
Send:	220001
Receive: 62 00 01 02 8D 00 B3 0C A2 00 02 01 E3 00 79 00 00 03 8C 00 80 80 30 4C 9E 81 BD 41 F4 43 85 1B 00 E6 01 C7 64 32 EB 26 72 00 50 09 87 00 2E 00 26 00 00 65 45 03 01 FD C0 78 DA 0C 3A 9B 00 07 EB 1D 09 AA AA 
Time:	12:54:18,839
Send:	220001
Receive: 62 00 01 02 8D 00 B3 0C AE 00 07 01 D1 00 79 00 00 03 78 00 7E 80 9F 4C A9 7F 7D 41 F4 43 85 8C 00 E6 01 C7 64 32 0A 26 72 00 50 09 87 00 2E 00 18 00 00 65 45 03 01 FD C0 78 DA 0C 3A 9B 00 08 0B 1C FA AA AA 
Time:	12:54:19,277
Send:	220001
Receive: 62 00 01 02 8C 00 B3 0C 88 00 06 01 C4 00 79 00 00 03 6B 00 79 80 A8 4C B2 7D BD 41 F4 43 85 E3 00 E6 01 C7 64 32 0A 26 72 00 50 09 87 00 2E 00 13 00 00 65 45 03 01 FD C0 78 DA 0C 3A 9B 00 08 1A 1D 20 AA AA 
Time:	12:54:19,665
Send:	220001

Fixed toLineMF: 03E 62 00 01 02 8C 00 B3 0C 80 00 09 01 D2 78 80 3B 4C A2 7F FD 41 F4 43 85 99 00 E6 01 C7 64 32 0A 26 72 00 50 09 87 00 2E 00 0D 00 00 65 45 03 01 FD C0 78 DA 0C 3A 9B 00 08 01 1D 39 AA AA 
Receive: 62 00 01 02 8C 00 B3 0C 80 00 09 01 D2 78 80 3B 4C A2 7F FD 41 F4 43 85 99 00 E6 01 C7 64 32 0A 26 72 00 50 09 87 00 2E 00 0D 00 00 65 45 03 01 FD C0 78 DA 0C 3A 9B 00 08 01 1D 39 AA AA 

Fixed toLineMF: 03E 62 00 01 02 8C 00 B3 0C 80 00 09 01 D2 78 80 3B 4C A2 7F FD 41 F4 43 85 99 00 E6 01 C7 64 32 0A 26 72 00 50 09 87 00 2E 00 0D 00 00 65 45 03 01 FD C0 78 DA 0C 3A 9B 00 08 01 1D 39 AA AA 
Time:	12:54:20,067
Send:	220001
Receive: 62 00 01 02 8C 00 B3 0C AC 00 00 01 E2 00 79 00 00 03 8C 00 80 80 2F 4C 91 81 BD 41 F4 43 85 13 00 E6 01 E6 64 32 EB 26 72 00 50 09 87 00 2E 00 02 FF FB 65 45 03 01 FD C0 78 DA 0C 3A 9B 00 08 10 1D 13 AA AA 
Time:	12:54:20,461
Send:	220001
Receive: 62 00 01 02 8C 00 B4 0C 90 00 07 01 C7 00 7C 00 00 03 73 00 7B 80 A2 4C AA 7D BD 41 F4 43 85 AB 00 E6 01 E6 65 32 0A 26 72 00 50 09 88 00 2E FF FE 00 00 65 45 03 01 FD C0 78 DA 0C 3A 9B 00 08 0B 1D 29 AA AA 
Time:	12:54:20,839
Send:	220001
Receive: 62 00 01 02 8C 00 B4 0C 7A 00 0A 01 CA 00 79 00 00 03 7E 00 7C 80 9D 4C AB 7C 1D 41 F4 43 85 6E 00 E6 01 E6 65 32 0A 26 72 00 50 09 88 00 2E FF FE 00 00 65 45 03 01 FD C0 78 DA 0C 3A 9B 00 08 11 1D 48 AA AA 
Time:	12:54:21,236
Send:	220001
Receive: 62 00 01 02 8C 00 B4 0C 76 00 09 01 D7 00 79 00 00 03 81 00 7B 80 2A 4C 96 7F DD 41 F4 43 85 5C 00 E6 01 BA 65 32 0A 26 72 00 50 09 88 00 2E FF FE 00 00 65 45 03 01 FD C0 78 DA 0C 3A 9B 00 08 0F 1D 65 AA AA 
Time:	12:54:21,618
Send:	220001
Receive: 62 00 01 02 8D 00 B4 0C A8 00 08 01 D8 00 79 00 00 03 78 00 7B 80 2F 4C 79 81 7D 41 F4 43 85 8C 00 E6 01 BA 65 32 0A 26 72 00 50 09 88 00 2E FF ED 00 00 65 45 03 01 FD C0 78 DA 0C 3A 9B 00 07 F5 1D 06 AA AA 
Time:	12:54:22,025
Send:	220001
Receive: 62 00 01 02 8C 00 B4 0C A4 00 06 01 D2 00 79 00 00 03 7F 00 7A 80 A5 4C AD 7D BD 41 F4 43 85 65 00 E6 01 BA 65 31 24 25 0B 00 50 09 88 00 2E FF E0 00 00 65 45 03 01 FD C0 78 DA 0C 3A 9B 00 07 D8 1D 08 AA AA 
Time:	12:54:22,420
Send:	220001
Receive: 62 00 01 02 8C 00 B4 0C 82 00 08 01 D3 00 79 00 00 03 81 00 7B 80 A1 4C AD 7C 7D 41 F4 43 85 5C 00 E6 01 BA 65 32 0A 25 0B 00 50 09 89 00 2E FF E2 00 00 65 45 03 01 FD C0 78 DA 0C 3A 9B 00 08 16 1D 39 AA AA 
Time:	12:54:22,850
Send:	220001
Receive: 62 00 01 02 8C 00 B4 0C 78 00 09 01 D6 00 7C 00 00 03 83 00 7B 80 90 4C A9 7F BD 41 F4 43 85 4F 00 E6 01 BA 65 32 0A 25 0B 00 50 09 89 00 2E FF E2 00 00 65 45 03 01 FD C0 78 DA 0C 3A 9B 00 08 2B 1D 58 AA AA 
Time:	12:54:23,353
Send:	220001
Receive: 62 00 01 02 8D 00 B4 0C 9A 00 06 01 D5 00 79 00 00 03 73 00 7A 80 82 4C 8E 81 BD 41 F4 43 85 AF 00 E6 01 C7 65 31 24 25 0B 00 50 09 89 00 2E FF D5 00 00 65 45 03 01 FD C0 78 DA 0C 3A 9B 00 07 F5 1D 07 AA AA 
Time:	12:54:23,758
Send:	220001
Receive: 62 00 01 02 8C 00 B4 0C 90 00 09 01 CC 00 79 00 00 03 78 00 7B 80 A0 4C AB 7C FD 41 F4 31 85 90 00 E6 01 C7 65 32 0A 25 0B 00 50 09 89 00 2E FF CC 00 00 65 45 03 01 FD C0 78 DA 0C 3A 9B 00 07 FB 1D 1F AA AA 
Time:	12:54:24,175
Send:	220001
Receive: 62 00 01 02 8D 00 B4 0C 86 00 0E 01 C8 00 79 00 00 03 7D 00 79 80 93 4C A9 7B 9D 41 F4 31 85 72 00 E6 01 BA 65 32 0A 25 0B 00 50 09 89 00 2E FF C7 00 00 65 45 03 01 FD C0 78 DA 0C 3A 9B 00 07 EB 1D 1A AA AA 
Time:	12:54:24,575
Send:	220001
Receive: 62 00 01 02 8D 00 B4 0C 8C 00 09 01 CD 00 79 00 00 03 6B 00 78 80 2B 4C 37 80 1D 41 F4 31 85 DF 00 E6 01 BA 65 31 24 25 0B 00 50 09 89 00 2E FF BF 00 00 65 45 03 01 FD C0 78 DA 0C 3A 9B 00 07 F2 1D 14 AA AA 
Time:	12:54:24,977
Send:	220001
Receive: 62 00 01 02 8D 00 B4 0C 84 00 08 01 D6 00 79 00 00 03 7F 00 7A 80 89 4C 9E 7E 3D 41 F4 31 85 65 00 E6 01 BA 65 31 24 25 0B 00 50 09 89 00 2E FF BC 00 00 65 45 03 01 FD C0 78 DA 0C 3A 9B 00 07 FE 1D 29 AA AA 
Time:	12:54:25,388
Send:	220001
Receive: 62 00 01 02 8D 00 B4 0C 90 00 08 01 CC 00 77 00 00 03 7C 00 7B 80 A1 4C AC 7C 7D 41 F4 31 85 76 00 E6 01 BA 65 32 0A 25 0B 00 50 09 8A 00 2E FF B7 00 00 65 45 03 01 FD C0 78 DA 0C 3A 9B 00 07 EA 1D 24 AA AA 
Time:	12:54:25,818
Send:	220001
Receive: 62 00 01 02 8D 00 B4 0C 88 00 0A 01 D0 00 77 00 00 03 78 00 7B 80 34 4C A5 80 1D 41 F4 31 85 90 00 E6 01 BA 65 32 0A 23 CD 00 50 09 8A 00 2E FF B1 00 00 65 45 03 01 FD C0 78 DA 0C 3A 9B 00 07 F7 1D 2B AA AA 
Time:	12:54:26,215
Send:	220001
Receive: 62 00 01 02 8D 00 B4 0C 94 00 0A 01 D1 00 79 00 00 03 6F 00 79 80 2B 4C 7A 81 DD 41 F4 31 85 C5 00 E6 01 BA 65 31 24 23 CD 00 50 09 8A 00 2E FF A9 00 00 65 45 03 01 FD C0 78 DA 0C 3A 9B 00 08 02 1D 03 AA AA 
Time:	12:54:26,608
Send:	220001
Receive: 62 00 01 02 8D 00 B4 0C A2 00 07 01 CB 00 79 00 00 03 70 00 7A 80 A0 4C A8 7E BD 41 F4 31 85 BC 00 E6 01 BA 65 31 24 23 CD 00 50 09 8A 00 2E FF 9B 00 00 65 45 03 01 FD C0 78 DA 0C 3A 9B 00 07 E8 1C FA AA AA 
Time:	12:54:26,997
Send:	220001
Receive: 62 00 01 02 8D 00 B4 0C A0 00 08 01 C5 00 79 00 00 03 70 00 7A 80 A6 4C AE 7C FD 41 F4 31 85 C5 00 E6 01 BA 65 31 24 23 CD 00 50 09 8A 00 2E FF 8D 00 00 65 45 03 01 FD C0 78 DA 0C 3A 9B 00 07 E0 1C F0 AA AA 
Time:	12:54:27,385
Send:	220001
Receive: NO DATA
Time:	12:54:27,663
Send:	220001
Receive: NO DATA
Time:	12:54:27,969
Send:	220001
Receive: NO DATA
Time:	12:54:28,263
Send:	220001
Receive: NO DATA
Time:	12:54:28,543
Send:	220001
Receive: NO DATA
Time:	12:54:28,840
Send:	220001
Receive: NO DATA
Time:	12:54:29,139
Send:	220001
Receive: NO DATA
Time:	12:54:29,416
Send:	220001
Receive: 62 00 01 02 8D 00 B5 0C 7C 00 08 01 D7 00 77 00 00 03 79 00 7A 80 2C 4C 2F 80 DD 41 F4 31 85 8C 00 E6 01 BA 65 31 24 23 CD 00 50 09 8C 00 2E FF 82 00 00 65 45 03 01 FD C0 78 DA 0C 3A 9B 00 07 FD 1D 41 AA AA 
Time:	12:54:29,820
Send:	220001
Receive: 62 00 01 02 8D 00 B5 0C A0 00 05 01 DE 00 77 00 00 03 82 00 80 80 37 4C 9B 82 1D 41 F4 31 85 53 00 E6 01 BA 65 32 0A 23 CD 00 50 09 8C 00 2E FF 7A 00 00 65 45 03 01 FD C0 78 DA 0C 3A 9B 00 07 DC 1C FB AA AA 
Time:	12:54:30,236
Send:	220001

Fixed toLineMF: 03E 62 00 01 02 8C 00 00 79 00 00 03 70 00 78 80 A7 4C AF 7E 1D 41 F4 31 85 C5 00 E6 01 BA 65 31 24 22 B4 00 50 09 8C 00 2E FF 6F 00 00 65 45 03 01 FD C0 78 DA 0C 3A 9B 00 07 CF 1D 06 AA AA 
Receive: 62 00 01 02 8C 00 00 79 00 00 03 70 00 78 80 A7 4C AF 7E 1D 41 F4 31 85 C5 00 E6 01 BA 65 31 24 22 B4 00 50 09 8C 00 2E FF 6F 00 00 65 45 03 01 FD C0 78 DA 0C 3A 9B 00 07 CF 1D 06 AA AA 

Fixed toLineMF: 03E 62 00 01 02 8C 00 00 79 00 00 03 70 00 78 80 A7 4C AF 7E 1D 41 F4 31 85 C5 00 E6 01 BA 65 31 24 22 B4 00 50 09 8C 00 2E FF 6F 00 00 65 45 03 01 FD C0 78 DA 0C 3A 9B 00 07 CF 1D 06 AA AA 
Time:	12:54:30,653
Send:	220001
Receive: 62 00 01 02 8D 00 B5 0C 7C 00 0A 01 D9 00 77 00 00 03 82 00 7D 80 31 4C A8 80 7D 41 F4 31 85 53 00 E6 01 BA 65 32 0A 22 B4 00 50 09 8C 00 2E FF 75 00 00 65 45 03 01 FD C0 78 DA 0C 3A 9B 00 08 11 1D 35 AA AA 
Time:	12:54:31,046
Send:	220001
Receive: 62 00 01 02 8D 00 B5 0C 80 00 09 01 D5 00 79 00 00 03 70 00 7B 80 2C 4C 74 82 3D 41 F4 31 85 C0 00 E6 01 F4 65 31 24 22 B4 00 50 09 8C 00 2E FF 75 00 00 65 45 03 01 FD C0 78 DA 0C 3A 9B 00 08 09 1D 27 AA AA 
Time:	12:54:31,437
Send:	220001

Fixed toLineMF: 03E 62 00 01 02 8D 00 B5 0C 82 00 06 01 C7 00 79 00 00 03 69 00 41 F4 31 85 EC 00 E6 01 F4 66 31 24 22 B4 00 50 09 8C 00 2E FF 6F 00 00 65 45 03 01 FD C0 78 DA 0C 3A 9B 00 07 D7 1D 17 AA AA 
Receive: 62 00 01 02 8D 00 B5 0C 82 00 06 01 C7 00 79 00 00 03 69 00 41 F4 31 85 EC 00 E6 01 F4 66 31 24 22 B4 00 50 09 8C 00 2E FF 6F 00 00 65 45 03 01 FD C0 78 DA 0C 3A 9B 00 07 D7 1D 17 AA AA 

Fixed toLineMF: 03E 62 00 01 02 8D 00 B5 0C 82 00 06 01 C7 00 79 00 00 03 69 00 41 F4 31 85 EC 00 E6 01 F4 66 31 24 22 B4 00 50 09 8C 00 2E FF 6F 00 00 65 45 03 01 FD C0 78 DA 0C 3A 9B 00 07 D7 1D 17 AA AA 
Time:	12:54:31,842
Send:	220001

Fixed toLineMF: 030 62 00 01 02 8C 00 00 79 00 00 03 63 00 41 F4 31 85 F9 00 E6 01 F4 66 31 24 22 B4 00 50 09 8C 00 2E FF 6C 00 00 65 45 03 01 00 07 F0 1D 31 AA AA 
Receive: 62 00 01 02 8C 00 00 79 00 00 03 63 00 41 F4 31 85 F9 00 E6 01 F4 66 31 24 22 B4 00 50 09 8C 00 2E FF 6C 00 00 65 45 03 01 00 07 F0 1D 31 AA AA 

Fixed toLineMF: 030 62 00 01 02 8C 00 00 79 00 00 03 63 00 41 F4 31 85 F9 00 E6 01 F4 66 31 24 22 B4 00 50 09 8C 00 2E FF 6C 00 00 65 45 03 01 00 07 F0 1D 31 AA AA 
Time:	12:54:32,230
Send:	220001
Receive: 62 00 01 02 8D 00 B5 0C 70 00 09 01 C5 00 77 00 00 03 75 00 78 80 2F 4C A6 7C 7D 41 F4 31 85 A2 00 E6 01 BA 66 31 24 22 B4 00 50 09 8D 00 2E FF 6C 00 00 65 45 03 01 FD C0 78 DA 0C 3A 9B 00 07 F1 1D 37 AA AA 
Time:	12:54:32,625
Send:	220001
Receive: 62 00 01 02 8D 00 B5 0C 68 00 08 01 D4 00 77 00 00 03 78 00 78 80 2C 4C 2E 81 5D 41 F4 31 85 90 00 E6 01 BA 66 31 24 22 B4 00 50 09 8D 00 2E FF 75 00 00 65 45 03 01 FD C0 78 DA 0C 3A 9B 00 07 E2 1D 52 AA AA 
Time:	12:54:33,036
Send:	220001
Receive: 62 00 01 02 8D 00 B5 0C 8E 00 00 01 D9 00 77 00 00 03 83 00 7B 80 85 4C 9D 7F 1D 41 F4 31 85 4F 00 E6 01 E6 66 31 24 22 B4 00 50 09 8D 00 2E FF 6C 00 00 65 45 03 01 FD C0 78 DA 0C 3A 9B 00 07 EE 1D 1C AA AA 
Time:	12:54:33,428
Send:	220001

Fixed toLineMF: 03E 62 00 01 02 8C 00 B5 0C 70 00 06 01 CF 76 80 9B 4C AC 7D 5D 41 F4 31 85 83 00 E6 01 E6 66 31 24 22 B4 00 50 09 8D 00 2E FF 6F 00 00 65 45 03 01 FD C0 78 DA 0C 3A 9B 00 07 C9 1D 47 AA AA 
Receive: 62 00 01 02 8C 00 B5 0C 70 00 06 01 CF 76 80 9B 4C AC 7D 5D 41 F4 31 85 83 00 E6 01 E6 66 31 24 22 B4 00 50 09 8D 00 2E FF 6F 00 00 65 45 03 01 FD C0 78 DA 0C 3A 9B 00 07 C9 1D 47 AA AA 

Fixed toLineMF: 03E 62 00 01 02 8C 00 B5 0C 70 00 06 01 CF 76 80 9B 4C AC 7D 5D 41 F4 31 85 83 00 E6 01 E6 66 31 24 22 B4 00 50 09 8D 00 2E FF 6F 00 00 65 45 03 01 FD C0 78 DA 0C 3A 9B 00 07 C9 1D 47 AA AA 
Time:	12:54:33,813
Send:	220001
Receive: 62 00 01 02 8C 00 B5 0C 68 00 18 01 DC 00 79 00 00 03 97 00 82 80 25 4C A6 7C 1D 41 F4 31 84 D6 00 E6 01 E6 66 32 EB 22 B4 00 50 09 8D 00 2E FF 7A 00 00 65 45 03 01 FD C0 78 DA 0C 3A 9B 00 08 54 1D 9B AA AA 
Time:	12:54:34,226
Send:	220001
Receive: 62 00 01 02 8C 00 B5 0C 76 00 0D 01 CF 00 79 00 00 03 6F 00 78 80 33 4C 2F 80 DD 41 F4 31 85 C5 00 E6 01 F4 66 31 24 21 A0 00 50 09 8D 00 2E FF 75 00 00 65 45 03 01 FD C0 78 DA 0C 3A 9B 00 08 01 1D 54 AA AA 
Time:	12:54:34,616
Send:	220001
Receive: 62 00 01 02 8D 00 B5 0C 8E 00 09 01 C9 00 77 00 00 03 76 00 7B 80 9C 4C A5 7C FD 41 F4 31 85 99 00 E6 01 F4 66 31 24 21 A0 00 50 09 8D 00 2E FF 6F 00 00 65 45 03 01 FD C0 78 DA 0C 3A 9B 00 07 FA 1C FA AA AA 
Time:	12:54:35,006
Send:	220001

Fixed toLineMF: 03E 62 00 01 02 8C 00 B5 0C 76 00 09 01 C3 00 77 00 00 03 70 00 76 80 71 4C A8 7B 5D 41 F4 31 85 BC 00 E6 01 C7 66 31 24 21 A0 00 50 09 8D 00 2E FF FD C0 78 DA 0C 3A 9B 00 07 D5 1D 22 AA AA 
Receive: 62 00 01 02 8C 00 B5 0C 76 00 09 01 C3 00 77 00 00 03 70 00 76 80 71 4C A8 7B 5D 41 F4 31 85 BC 00 E6 01 C7 66 31 24 21 A0 00 50 09 8D 00 2E FF FD C0 78 DA 0C 3A 9B 00 07 D5 1D 22 AA AA 

Fixed toLineMF: 03E 62 00 01 02 8C 00 B5 0C 76 00 09 01 C3 00 77 00 00 03 70 00 76 80 71 4C A8 7B 5D 41 F4 31 85 BC 00 E6 01 C7 66 31 24 21 A0 00 50 09 8D 00 2E FF FD C0 78 DA 0C 3A 9B 00 07 D5 1D 22 AA AA 
Time:	12:54:35,387
Send:	220001
Receive: 62 00 01 02 8C 00 B5 0C 7A 00 0B 01 D8 00 77 00 00 03 80 00 7C 80 2A 4C 2B 7F 9D 41 F4 31 85 61 00 E6 01 C7 66 31 24 21 A0 00 50 09 8E 00 2E FF 72 00 00 65 45 03 01 FD C0 78 DA 0C 3A 9B 00 07 E0 1D 34 AA AA 
Time:	12:54:35,786
Send:	220001
Receive: 62 00 01 02 8D 00 B5 0C 8C 00 08 01 D8 00 77 00 00 03 79 00 7B 80 2D 4C 46 81 1D 41 F4 31 85 8C 00 E6 01 C7 66 31 24 21 A0 00 50 09 8E 00 2E FF 6C 00 00 65 45 03 01 FD C0 78 DA 0C 3A 9B 00 07 E3 1D 08 AA AA 
Time:	12:54:36,169
Send:	220001

Fixed toLineMF: 03E 62 00 01 02 8C 00 B5 0C 76 00 0C 01 C7 00 79 00 00 03 6C 00 78 80 A0 4C A8 7D FD 41 F4 31 85 DB 00 E6 00 50 09 8E 00 2E FF 6C 00 00 65 45 03 01 FD C0 78 DA 0C 3A 9B 00 07 F9 1D 33 AA AA 
Receive: 62 00 01 02 8C 00 B5 0C 76 00 0C 01 C7 00 79 00 00 03 6C 00 78 80 A0 4C A8 7D FD 41 F4 31 85 DB 00 E6 00 50 09 8E 00 2E FF 6C 00 00 65 45 03 01 FD C0 78 DA 0C 3A 9B 00 07 F9 1D 33 AA AA 

Fixed toLineMF: 03E 62 00 01 02 8C 00 B5 0C 76 00 0C 01 C7 00 79 00 00 03 6C 00 78 80 A0 4C A8 7D FD 41 F4 31 85 DB 00 E6 00 50 09 8E 00 2E FF 6C 00 00 65 45 03 01 FD C0 78 DA 0C 3A 9B 00 07 F9 1D 33 AA AA 
Time:	12:54:36,570
Send:	220001
Receive: 62 00 01 02 8D 00 B5 0C 82 00 0D 01 C8 00 77 00 00 03 78 00 7B 80 9D 4C AC 7C 5D 41 F4 31 85 90 00 E6 01 E6 66 30 43 21 A0 00 50 09 8E 00 2E FF 67 00 00 65 45 03 01 FD C0 78 DA 0C 3A 9B 00 07 EF 1D 0D AA AA 
Time:	12:54:36,957
Send:	220001
Receive: 62 00 01 02 8C 00 B5 0C 78 00 0C 01 C9 00 77 00 00 03 6B 00 78 80 2B 4C 9B 7E FD 41 F4 31 85 E3 00 E6 01 BA 66 2F 62 21 A0 00 50 09 8E 00 2E FF 67 00 00 65 45 03 01 FD C0 78 DA 0C 3A 9B 00 07 D2 1D 19 AA AA 
Time:	12:54:37,340
Send:	220001
Receive: 62 00 01 02 8D 00 B5 0C 90 00 04 01 D3 00 77 00 00 03 73 00 7A 80 2A 4C 2F 80 9D 41 F4 31 85 AF 00 E6 01 BA 66 2D 9B 21 A0 00 50 09 8E 00 2E FF 61 00 00 65 45 03 01 FD C0 78 DA 0C 3A 9B 00 07 DC 1C F4 AA AA 
Time:	12:54:37,832
Send:	220001
Receive: 62 00 01 02 8D 00 B5 0C 82 00 0D 01 C0 00 77 00 00 03 62 00 78 80 61 4C A1 7D 7D 41 F4 31 85 FE 00 E6 01 BA 66 2B D4 21 A0 00 50 09 8E 00 2E FF 5C 00 00 65 45 03 01 7D C0 78 DA 0C 3A 9B 00 07 E8 1D 01 AA AA 
Time:	12:54:38,227
Send:	220001
Receive: 62 00 01 02 8C 00 B5 0C 76 00 10 01 B8 00 79 00 00 03 56 00 73 80 2F 4C A5 7B FD 41 F4 31 86 06 00 E6 01 BA 66 2A F3 21 A0 00 50 09 8E 00 2E FF 59 00 00 65 45 03 01 7D C0 78 DA 0C 3A 9B 00 07 B9 1C F7 AA AA 
Time:	12:54:38,626
Send:	220001
Receive: 62 00 01 02 8D 00 B5 0C 80 00 0A 01 D5 00 77 00 00 03 77 00 7A 80 2B 4C 32 80 3D 41 F4 31 85 95 00 E6 01 BA 66 29 31 21 A0 00 50 09 8F 00 2E FF 59 00 00 65 45 03 01 7D C0 78 DA 0C 3A 9B 00 07 E6 1C EE AA AA 
Time:	12:54:39,039
Send:	220001
Receive: 62 00 01 02 8C 00 B5 0C 70 00 12 01 CE 00 79 00 00 03 5D 00 76 80 2D 4C 31 81 DD 41 F4 32 85 FE 00 E6 01 F4 66 27 6A 21 A0 00 50 09 8F 00 2E FF 59 00 00 65 45 03 01 7D C0 78 DA 0C 3A 9B 00 07 EE 1D 20 AA AA 
Time:	12:54:39,432
Send:	220001
Receive: 62 00 01 02 8C 00 B5 0C 82 00 11 01 C2 00 77 00 00 03 52 00 73 80 95 4C A1 7F BD 41 F4 32 86 0B 00 E6 01 F4 66 26 89 21 A0 00 50 09 8F 00 2E FF 54 00 00 65 45 03 01 7D C0 78 DA 0C 3A 9B 00 07 BC 1C E8 AA AA 
Time:	12:54:39,837
Send:	220001
Receive: 62 00 01 02 8C 00 B5 0C 88 00 12 01 C5 00 79 00 00 03 5A 00 74 80 A6 4C AD 7E 1D 41 F4 32 86 02 00 E6 01 F4 66 24 C2 21 A0 00 50 09 8F 00 2E FF 46 00 00 65 45 03 01 7D C0 78 DA 0C 3A 9B 00 07 8D 1C CB AA AA 
Time:	12:54:40,223
Send:	220001
Receive: 62 00 01 02 8D 00 B6 0C 80 00 0C 01 C9 00 77 00 00 03 70 00 7C 80 7C 4C A9 7C 7D 41 F4 32 85 C0 00 E6 01 AD 66 23 E1 21 A0 00 50 09 8F 00 2E FF 4B 00 00 65 45 03 01 7D C0 78 DA 0C 3A 9B 00 07 F2 1C E8 AA AA 
Time:	12:54:40,616
Send:	220001
Receive: 62 00 01 02 8C 00 B6 0C 80 00 00 01 D1 00 77 00 00 03 64 00 74 80 2C 4C 33 80 3D 41 F4 32 85 F9 00 E6 01 AD 66 22 1A 21 A0 00 50 09 8F 00 2E FF 49 00 00 65 45 03 01 7D C0 78 DA 0C 3A 9B 00 07 EB 1C D3 AA AA 
Time:	12:54:40,999
Send:	220001
Receive: 62 00 01 02 8C 00 B6 0C 8A 00 04 01 E7 00 79 00 00 03 75 00 7A 80 38 4C 78 81 DD 41 F4 32 85 9D 00 E6 01 E6 66 21 39 21 A0 00 50 09 8F 00 2E FF 46 00 00 65 45 03 01 7D C0 78 DA 0C 3A 9B 00 07 D1 1C BC AA AA 
Time:	12:54:41,397
Send:	220001
Receive: 62 00 01 02 8D 00 B6 0C 92 00 0D 01 C4 00 79 00 00 03 5C 00 75 80 A1 4C A7 7D 9D 41 F4 32 86 02 00 E6 01 E6 66 1F 72 21 A0 00 50 09 8F 00 2E FF 3B 00 00 65 45 03 01 7D C0 78 DA 0C 3A 9B 00 07 8E 1C CE AA AA 
Time:	12:54:41,797
Send:	220001
Receive: 62 00 01 02 8D 00 B6 0C 80 00 0E 01 BB 00 79 00 00 03 57 00 78 80 2F 4C A3 7C 3D 41 F4 32 86 06 00 E6 01 E6 66 1E 91 21 A0 00 50 09 8F 00 2E FF 3E 00 00 65 45 03 01 7D C0 78 DA 0C 3A 9B 00 07 AB 1C D4 AA AA 
Time:	12:54:42,208
Send:	220001
Receive: 62 00 01 02 8D 00 B6 0C 7E 00 0D 01 CD 00 79 00 00 03 5D 00 76 80 2A 4C 2C 80 9D 41 F4 32 85 FE 00 E6 01 BA 66 1C CA 21 A0 00 50 09 90 00 2E FF 3E 00 00 65 45 03 01 7D C0 78 DA 0C 3A 9B 00 07 D9 1C BD AA AA 
Time:	12:54:42,607
Send:	220001
Receive: 62 00 01 02 8C 00 B6 0C 86 00 12 01 CD 00 79 00 00 03 64 00 77 80 97 4C 99 7E DD 41 F4 32 85 F9 00 E6 01 BA 66 1B 08 21 A0 00 50 09 90 00 2E FF 38 00 00 65 45 03 01 7D C0 78 DA 0C 3A 9B 00 07 C8 1C CF AA AA 
Time:	12:54:43,008
Send:	220001
Receive: 62 00 01 02 8C 00 B6 0C 88 00 06 01 C2 00 7C 00 00 03 57 00 76 80 A2 4C A7 7D 9D 41 F4 32 86 02 00 E6 01 C7 66 1A 22 21 A0 00 50 09 90 00 2E FF 30 00 00 65 45 03 01 7D C0 78 DA 0C 3A 9B 00 07 B2 1C BE AA AA 
Time:	12:54:43,408
Send:	220001
Receive: 62 00 01 02 8D 00 B6 0C 88 00 08 01 CA 00 7C 00 00 03 62 00 78 80 32 4C A3 7F FD 41 F4 32 85 FE 00 E6 01 C7 66 18 60 21 A0 00 50 09 90 00 2E FF 30 00 00 65 45 03 01 7D C0 78 DA 0C 3A 9B 00 07 B1 1C B0 AA AA 
Time:	12:54:43,789
Send:	220001
Receive: 62 00 01 02 8D 00 B6 0C 9C 00 0B 01 D3 00 7C 00 00 03 5D 00 77 80 2E 4C 2F 81 7D 41 F4 32 86 02 00 E6 01 C7 66 17 7F 21 A0 00 50 09 91 00 2E FF 22 00 00 65 45 03 01 7D C0 78 DA 0C 3A 9B 00 07 AD 1C 9F AA AA 
Time:	12:54:44,180
Send:	220001
Receive: 62 00 01 02 8D 00 B6 0C 98 00 09 01 CC 00 79 00 00 03 61 00 79 80 A0 4C A3 7D FD 41 F4 32 85 FE 00 E6 01 E6 66 00 00 21 A0 00 50 09 91 00 2E FF 1F 00 00 65 45 03 01 79 C0 78 DA 0C 3A 9B 00 07 A8 1C 8C AA AA 
Time:	12:54:44,557
Send:	220001
Receive: 62 00 01 02 8D 00 B6 0C 92 00 0C 01 BD 00 7C 00 00 03 4F 00 76 80 9D 4C A8 7C 7D 41 F4 32 86 0B 00 E6 01 E6 67 00 00 21 A0 00 50 09 8E 00 2E FF 1D 00 00 65 45 03 01 F9 C0 78 DA 0C 3A 9B 00 07 CC 1C 81 AA AA 
Time:	12:54:44,956
Send:	220001
Receive: 62 00 01 02 8D 00 B6 0C 92 00 0C 01 B8 00 7C 00 00 03 4C 00 74 80 84 4C A4 7A DD 41 F4 32 86 0F 00 E6 01 E6 67 00 00 21 A0 00 50 09 8B 00 2E FF 14 00 00 65 45 03 01 F9 C0 78 DA 0C 3A 9B 00 07 B1 1C 92 AA AA 
Time:	12:54:45,356
Send:	220001
Receive: 62 00 01 02 8D 00 B6 0C 94 00 09 01 CF 00 7C 00 00 03 5F 00 79 80 2B 4C 2C 7E FD 41 F4 32 85 FE 00 E6 01 E6 67 00 00 21 A0 00 50 09 86 00 2E FF 14 00 00 65 45 03 01 F9 C0 78 DA 0C 3A 9B 00 07 C0 1C 95 AA AA 
Time:	12:54:45,769
Send:	220001
Receive: 62 00 01 02 8C 00 B6 0C 82 00 0A 01 CD 00 7C 00 00 03 54 00 73 80 34 4C 32 80 7D 41 F4 32 86 06 00 E6 01 E6 67 00 00 21 A0 00 50 09 80 00 2E FF 14 00 00 65 45 03 01 F9 C0 78 DA 0C 3A 9B 00 07 99 1C C1 AA AA 
Time:	12:54:46,159
Send:	220001
Receive: 62 00 01 02 8D 00 B6 0C 84 00 0B 01 C7 00 7E 00 00 03 5D 00 78 80 90 4C A3 7C 3D 41 F4 32 85 FE 00 E6 01 E6 67 00 00 21 A0 00 50 09 7E 00 2E FF 17 00 00 65 45 03 01 F9 C0 78 DA 0C 3A 9B 00 07 C8 1C BD AA AA 
Time:	12:54:46,548
Send:	220001
Receive: 62 00 01 02 8D 00 B6 0C 6C 00 0A 01 CF 00 7E 00 00 03 5A 00 74 80 2E 4C 5F 7F DD 41 F4 32 86 02 00 E6 01 E6 67 00 00 21 A0 00 50 09 79 00 2E FF 1D 00 00 65 45 03 01 F9 C0 78 DA 0C 3A 9B 00 07 B5 1C F2 AA AA 
Time:	12:54:46,978
Send:	220001
Receive: 62 00 01 02 8D 00 B6 0C 80 00 07 01 D9 00 7E 00 00 03 66 00 78 80 30 4C 3B 81 5D 41 F4 32 85 F9 00 E6 01 E6 67 00 00 21 A0 00 50 09 73 00 2E FF 1F 00 00 65 45 03 01 F9 C0 78 DA 0C 3A 9B 00 07 D1 1C EA AA AA 
Time:	12:54:47,359
Send:	220001
Receive: 62 00 01 02 8D 00 B6 0C 84 00 08 01 D2 00 7E 00 00 03 6D 00 79 80 A4 4C A9 7D 3D 41 F4 32 85 D2 00 E6 01 E6 67 00 00 21 A0 00 50 09 70 00 2E FF 1F 00 00 65 45 03 01 F9 C0 78 DA 0C 3A 9B 00 07 DC 1C FC AA AA 
Time:	12:54:47,749
Send:	220001
Receive: 62 00 01 02 8D 00 B6 0C 74 00 09 01 CD 00 7E 00 00 03 6F 00 77 80 9F 4C AC 7B 9D 41 F4 32 85 C5 00 E6 01 E6 67 00 00 21 A0 00 50 09 6B 00 2E FF 25 00 00 65 45 03 01 F9 C0 78 DA 0C 3A 9B 00 07 C5 1D 12 AA AA 
Time:	12:54:48,129
Send:	220001

Fixed toLineMF: 029 62 00 01 02 8D 00 B6 0C 6C 00 0F 01 CE 00 7E 00 00 03 64 00 41 F4 32 85 F9 00 E6 00 50 09 69 00 2E FF F9 C0 78 DA 0C 3A 9B 
Receive: 62 00 01 02 8D 00 B6 0C 6C 00 0F 01 CE 00 7E 00 00 03 64 00 41 F4 32 85 F9 00 E6 00 50 09 69 00 2E FF F9 C0 78 DA 0C 3A 9B 

Fixed toLineMF: 029 62 00 01 02 8D 00 B6 0C 6C 00 0F 01 CE 00 7E 00 00 03 64 00 41 F4 32 85 F9 00 E6 00 50 09 69 00 2E FF F9 C0 78 DA 0C 3A 9B 
Time:	12:54:48,527
Send:	220001
Receive: 62 00 01 02 8C 00 B7 0C 72 00 0A 01 E0 00 81 00 00 03 76 00 79 80 29 4C 2D 7F FD 41 F4 32 85 9D 00 E6 01 E6 67 00 00 21 A0 00 50 09 63 00 2E FF 32 00 00 65 45 03 01 F9 C0 78 DA 0C 3A 9B 00 07 DD 1D 25 AA AA 
Time:	12:54:48,931
Send:	220001

Fixed toLineMF: 03E 62 00 01 02 8D 00 B7 0C 7C 00 0D 01 E8 00 7E 00 00 03 80 00 7D 80 3B 4C 89 81 7D 01 D9 67 00 00 21 A0 00 50 09 61 00 2E FF 35 00 00 65 45 03 01 F9 C0 78 DA 0C 3A 9B 00 08 04 1D 27 AA AA 
Receive: 62 00 01 02 8D 00 B7 0C 7C 00 0D 01 E8 00 7E 00 00 03 80 00 7D 80 3B 4C 89 81 7D 01 D9 67 00 00 21 A0 00 50 09 61 00 2E FF 35 00 00 65 45 03 01 F9 C0 78 DA 0C 3A 9B 00 08 04 1D 27 AA AA 

Fixed toLineMF: 03E 62 00 01 02 8D 00 B7 0C 7C 00 0D 01 E8 00 7E 00 00 03 80 00 7D 80 3B 4C 89 81 7D 01 D9 67 00 00 21 A0 00 50 09 61 00 2E FF 35 00 00 65 45 03 01 F9 C0 78 DA 0C 3A 9B 00 08 04 1D 27 AA AA 
Time:	12:54:49,323
Send:	220001
Receive: 62 00 01 02 8C 00 B7 0C 84 00 01 01 D6 00 7E 00 00 03 73 00 79 80 A5 4C A7 7F DD 41 F4 32 85 AF 00 E6 01 D9 67 00 00 21 A0 00 50 09 5E 00 2E FF 38 00 00 65 45 03 01 F9 C0 78 DA 0C 3A 9B 00 07 E5 1D 1F AA AA 
Time:	12:54:49,708
Send:	220001
Receive: 62 00 01 02 8C 00 B7 0C 5E 00 0F 01 CD 00 81 00 00 03 69 00 76 80 A2 4C AE 7D DD 41 F4 32 85 F0 00 E6 01 D9 67 00 00 21 A0 00 50 09 58 00 2E FF 40 00 00 65 45 03 01 F9 C0 78 DA 0C 3A 9B 00 07 CB 1D 4C AA AA 
Time:	12:54:50,107
Send:	220001
Receive: 62 00 01 02 8D 00 B7 0C 60 00 0A 01 C9 00 81 00 00 03 6D 00 77 80 95 4C AB 7C 9D 41 F4 32 85 D2 00 E6 01 E6 67 00 00 21 A0 00 50 09 56 00 2E FF 48 00 00 65 45 03 01 F9 C0 78 DA 0C 3A 9B 00 07 F5 1D 68 AA AA 
Time:	12:54:50,486
Send:	220001
Receive: 62 00 01 02 8D 00 B7 0C 50 00 08 01 D8 00 81 00 00 03 78 00 79 80 2C 4C 31 80 9D 41 F4 32 85 8C 00 E6 01 E6 67 00 00 21 A0 00 50 09 51 00 2E FF 5C 00 00 65 45 03 01 F9 C0 78 DA 0C 3A 9B 00 08 21 1D 72 AA AA 
Time:	12:54:50,886
Send:	220001
Receive: 62 00 01 02 8C 00 B7 0C 72 00 07 01 E2 00 7E 00 00 03 7E 00 7B 80 36 4C 85 82 3D 41 F4 32 85 6E 00 E6 01 E6 67 00 00 21 A0 00 50 09 4E 00 2E FF 5E 00 00 65 45 03 01 F9 C0 78 DA 0C 3A 9B 00 08 08 1D 56 AA AA 
Time:	12:54:51,319
Send:	220001
Receive: 62 00 01 02 8D 00 B7 0C 6C 00 0E 01 DB 00 7E 00 00 03 86 00 7D 80 A3 4C AA 7D BD 41 F4 32 85 31 00 E6 02 11 67 00 00 21 A0 00 50 09 4C 00 2D FF 67 00 00 65 45 03 01 F9 C0 78 DA 0C 3A 9B 00 08 12 1D 6F AA AA 
Time:	12:54:51,717
Send:	220001
Receive: 62 00 01 02 8D 00 B7 0C 70 00 05 01 D2 00 81 00 00 03 80 00 7A 80 A2 4C AB 7C 5D 41 F4 32 85 5C 00 E6 02 11 67 00 00 21 A0 00 50 09 49 00 2D FF 6C 00 00 65 45 03 01 F9 C0 78 DA 0C 3A 9B 00 07 F9 1D 6B AA AA 
Time:	12:54:52,148
Send:	220001
Receive: 62 00 01 02 8D 00 B7 0C 5E 00 07 01 F0 00 81 00 00 03 99 00 80 80 28 4C 4D 7F 3D 41 F4 32 84 C5 00 E6 01 E6 67 00 00 21 A0 00 50 09 46 00 2D FF 7F 00 00 65 45 03 01 F9 C0 78 DA 0C 3A 9B 00 08 36 1D A3 AA AA 
Time:	12:54:52,548
Send:	220001
Receive: 62 00 01 02 8D 00 B7 0C 72 00 0B 01 E4 00 83 00 00 03 89 00 7C 80 34 4C 31 80 DD 41 F4 32 85 28 00 E6 01 E6 67 00 00 21 A0 00 50 09 46 00 2D FF 7F 00 00 65 45 03 01 F9 C0 78 DA 0C 3A 9B 00 08 11 1D 80 AA AA 
Time:	12:54:52,959
Send:	220001
Receive: 62 00 01 02 8D 00 B7 0C 90 00 05 01 D9 00 81 00 00 03 88 00 7E 80 9B 4C A4 7D 1D 41 F4 32 85 2C 00 E6 02 11 67 00 00 21 A0 00 50 09 46 00 2D FF 7D 00 00 65 45 03 01 F9 C0 78 DA 0C 3A 9B 00 08 23 1D 61 AA AA 
Time:	12:54:53,366
Send:	220001
Receive: 62 00 01 02 8C 00 B7 0C 60 00 13 01 C8 00 83 00 00 03 72 00 73 80 97 4C A7 7B 5D 41 F4 32 85 B3 00 E6 02 11 67 00 00 21 A0 00 50 09 44 00 2D FF 82 00 08 65 45 03 01 F9 C0 78 DA 0C 3A 9B 00 07 ED 1D A7 AA AA 
Time:	12:54:53,776
Send:	220001
Receive: 62 00 01 02 8D 00 B7 0C 70 00 05 01 E9 00 83 00 00 03 97 00 7E 80 2B 4C 42 80 5D 41 F4 32 84 CD 00 E6 02 11 67 00 00 21 A0 00 50 09 44 00 2D FF 8A 00 00 65 45 03 01 F9 C0 78 DA 0C 3A 9B 00 08 11 1D 99 AA AA 
Time:	12:54:54,190
Send:	220001
Receive: 62 00 01 02 8D 00 B7 0C 80 00 08 01 DD 00 83 00 00 03 81 00 7D 80 2E 4C 70 82 1D 41 F3 D7 85 5C 00 E6 02 11 67 00 00 21 A0 00 50 09 41 00 2D FF 8A 00 00 65 45 03 01 F9 C0 78 DA 0C 3A 9B 00 08 0E 1D 67 AA AA 
Time:	12:54:54,596
Send:	220001
Receive: 62 00 01 02 8D 00 B7 0C 80 00 07 01 D7 00 83 00 00 03 86 00 7D 80 A0 4C A7 7E 5D 41 F3 D7 85 31 00 E6 02 11 67 00 00 21 A0 00 50 09 41 00 2D FF 8A 00 00 65 45 03 01 F9 C0 78 DA 0C 3A 9B 00 07 FC 1D 85 AA AA 
Time:	12:54:54,997
Send:	220001

Fixed toLineMF: 03E 62 00 01 02 8D 00 B7 0C 6C 00 09 01 DB 00 81 00 00 03 93 00 7D 80 6C 4C A5 7C BD 41 F3 D7 84 EC 00 E6 01 E6 67 00 00 21 A0 00 50 09 3F 00 2D FF F9 C0 78 DA 0C 3A 9B 00 07 ED 1D BE AA AA 
Receive: 62 00 01 02 8D 00 B7 0C 6C 00 09 01 DB 00 81 00 00 03 93 00 7D 80 6C 4C A5 7C BD 41 F3 D7 84 EC 00 E6 01 E6 67 00 00 21 A0 00 50 09 3F 00 2D FF F9 C0 78 DA 0C 3A 9B 00 07 ED 1D BE AA AA 

Fixed toLineMF: 03E 62 00 01 02 8D 00 B7 0C 6C 00 09 01 DB 00 81 00 00 03 93 00 7D 80 6C 4C A5 7C BD 41 F3 D7 84 EC 00 E6 01 E6 67 00 00 21 A0 00 50 09 3F 00 2D FF F9 C0 78 DA 0C 3A 9B 00 07 ED 1D BE AA AA 
Time:	12:54:55,402
Send:	220001

Fixed toLineMF: 03E 62 00 01 02 8D 00 B7 0C 78 00 07 01 DC 00 83 00 00 03 89 00 7C 80 2A 4C 2D 80 FD 01 E6 67 00 00 21 A0 00 50 09 3C 00 2D FF 98 00 00 65 45 03 01 F9 C0 78 DA 0C 3A 9B 00 08 17 1D 87 AA AA 
Receive: 62 00 01 02 8D 00 B7 0C 78 00 07 01 DC 00 83 00 00 03 89 00 7C 80 2A 4C 2D 80 FD 01 E6 67 00 00 21 A0 00 50 09 3C 00 2D FF 98 00 00 65 45 03 01 F9 C0 78 DA 0C 3A 9B 00 08 17 1D 87 AA AA 

Fixed toLineMF: 03E 62 00 01 02 8D 00 B7 0C 78 00 07 01 DC 00 83 00 00 03 89 00 7C 80 2A 4C 2D 80 FD 01 E6 67 00 00 21 A0 00 50 09 3C 00 2D FF 98 00 00 65 45 03 01 F9 C0 78 DA 0C 3A 9B 00 08 17 1D 87 AA AA 
Time:	12:54:55,823
Send:	220001
Receive: 62 00 01 02 8D 00 B7 0C 76 00 06 01 DB 00 83 00 00 03 89 00 7B 80 92 4C 9F 7E FD 41 F3 D7 85 1F 00 E6 01 E6 67 00 00 21 A0 00 50 09 39 00 2D FF 9B 00 00 65 45 03 01 F9 C0 78 DA 0C 3A 9B 00 08 19 1D 91 AA AA 
Time:	12:54:56,239
Send:	220001
Receive: 62 00 01 02 8D 00 B7 0C 66 00 0B 01 D0 00 81 00 00 03 7F 00 79 80 99 4C AA 7D 3D 41 F3 D7 85 65 00 E6 02 11 67 00 00 21 A0 00 50 09 39 00 2D FF A3 00 00 65 45 03 01 F9 C0 78 DA 0C 3A 9B 00 08 2F 1D A1 AA AA 
Time:	12:54:56,646
Send:	220001
Receive: 62 00 01 02 8C 00 B7 0C 70 00 03 01 D0 00 81 00 00 03 89 00 7E 80 2F 4C 9B 7B FD 41 F3 D7 85 28 00 E6 02 11 67 00 00 21 A0 00 50 09 37 00 2D FF A9 00 00 65 45 03 01 F9 C0 78 DA 0C 3A 9B 00 08 2B 1D 8C AA AA 
Time:	12:54:57,028
Send:	220001
Receive: 62 00 01 02 8D 00 B7 0C 68 00 0A 01 DA 00 83 00 00 03 7E 00 7A 80 29 4C 2B 80 9D 41 F3 D7 85 6E 00 E6 01 D9 67 00 00 21 A0 00 50 09 34 00 2D FF B1 00 00 65 45 03 01 F9 C0 78 DA 0C 3A 9B 00 08 1A 1D A3 AA AA 
Time:	12:54:57,439
Send:	220001
Receive: 62 00 01 02 8C 00 B8 0C 68 00 0D 01 D7 00 83 00 00 03 76 00 78 80 2F 4C 59 82 5D 41 F3 D7 85 99 00 E6 01 D9 67 00 00 21 A0 00 50 09 34 00 2D FF B3 00 00 65 45 03 01 F9 C0 78 DA 0C 3A 9B 00 08 09 1D 95 AA AA 
Time:	12:54:57,857
Send:	220001
Receive: 62 00 01 02 8D 00 B8 0C 64 00 07 01 D2 00 81 00 00 03 7F 00 7A 80 A0 4C A5 7F 1D 41 F3 D7 85 65 00 E6 01 D9 67 00 00 21 A0 00 50 09 32 00 2D FF BC 00 00 65 45 03 01 F9 C0 78 DA 0C 3A 9B 00 08 0D 1D 9B AA AA 
Time:	12:54:58,276
Send:	220001
Receive: 62 00 01 02 8D 00 B8 0C 5E 00 08 01 D5 00 81 00 00 03 86 00 7B 80 5D 4C A5 7D 9D 41 F3 D7 85 35 00 E6 01 E6 67 00 00 21 A0 00 50 09 32 00 2D FF C7 00 00 65 45 03 01 F9 C0 78 DA 0C 3A 9B 00 08 1B 1D 92 AA AA 
Time:	12:54:58,658
Send:	220001
Receive: 62 00 01 02 8D 00 B8 0C 66 00 08 01 DB 00 81 00 00 03 7E 00 78 80 2A 4C 2E 81 FD 41 F3 D7 85 6E 00 E6 01 E6 67 00 00 21 A0 00 50 09 2F 00 2D FF C9 00 00 65 45 03 01 F9 C0 78 DA 0C 3A 9B 00 07 F7 1D 8C AA AA 
Time:	12:54:59,075
Send:	220001
Receive: 62 00 01 02 8D 00 B8 0C 66 00 08 01 E6 00 81 00 00 03 85 00 7A 80 2F 4C 35 83 BD 41 F3 D7 85 42 00 E6 02 05 68 00 00 21 A0 00 50 09 2F 00 2D FF D2 00 00 65 45 03 01 F9 C0 78 DA 0C 3A 9B 00 08 14 1D 89 AA AA 
Time:	12:54:59,466
Send:	220001
Receive: 62 00 01 02 8C 00 B8 0C 7A 00 00 01 DE 00 81 00 00 03 85 00 7B 80 A0 4C A2 81 1D 41 F3 D7 85 3E 00 E6 02 05 68 00 00 21 A0 00 50 09 2F 00 2D FF D2 00 00 65 45 03 01 F9 C0 78 DA 0C 3A 9B 00 08 0B 1D 63 AA AA 
Time:	12:54:59,846
Send:	220001
Receive: 62 00 01 02 8C 00 B8 0C 90 00 08 01 CC 00 81 00 00 03 72 00 78 80 A4 4C AF 7F 7D 41 F3 D7 85 B3 00 E6 02 05 68 00 00 21 A0 00 50 09 2D 00 2D FF C9 00 00 65 45 03 01 F9 C0 78 DA 0C 3A 9B 00 07 E7 1D 37 AA AA 
Time:	12:55:00,246
Send:	220001
Receive: 62 00 01 02 8D 00 B8 0C 5A 00 0C 01 D4 00 81 00 00 03 7F 00 78 80 9D 4C A9 7D BD 41 F3 D7 85 65 00 E6 01 E6 68 00 00 21 A0 00 50 09 2D 00 2D FF D4 00 00 65 45 03 01 F9 C0 78 DA 0C 3A 9B 00 07 F6 1D 91 AA AA 
Time:	12:55:00,650
Send:	220001
Receive: 62 00 01 02 8D 00 B8 0C 74 00 06 01 E2 00 81 00 00 03 88 00 7E 80 2B 4C 30 81 9D 41 F3 D7 85 2C 00 E6 01 E6 68 00 00 21 A0 00 50 09 2D 00 2D FF DA 00 00 65 45 03 01 F9 C0 78 DA 0C 3A 9B 00 08 0A 1D 64 AA AA 
Time:	12:55:01,039
Send:	220001
Receive: 62 00 01 02 8C 00 B8 0C 74 00 08 01 DB 00 81 00 00 03 79 00 7A 80 2F 4C 87 83 5D 41 F3 D7 85 8C 00 E6 02 11 68 00 00 21 A0 00 50 09 2B 00 2D FF DD 00 00 65 45 03 01 F9 C0 78 DA 0C 3A 9B 00 08 08 1D 6E AA AA 
Time:	12:55:01,436
Send:	220001
Receive: 62 00 01 02 8D 00 B8 0C 7E 00 05 01 CC 00 81 00 00 03 6F 00 79 80 A2 4C A7 80 1D 41 F3 D7 85 C5 00 E6 02 11 68 00 00 21 A0 00 50 09 2B 00 2D FF D7 00 00 65 45 03 01 F9 C0 78 DA 0C 3A 9B 00 08 05 1D 50 AA AA 
Time:	12:55:01,847
Send:	220001
Receive: 62 00 01 02 8C 00 B8 0C 88 00 04 01 D1 00 81 00 00 03 7B 00 79 80 A0 4C AB 7E 9D 41 F3 D7 85 7F 00 E6 02 11 68 00 00 21 A0 00 50 09 2B 00 2D FF D2 00 00 65 45 03 01 F9 C0 78 DA 0C 3A 9B 00 07 CE 1D 42 AA AA 
Time:	12:55:02,308
Send:	220001
Receive: 62 00 01 02 8C 00 B8 0C 78 00 06 01 E0 00 81 00 00 03 81 00 78 80 2B 4C 4F 80 BD 41 F3 D7 85 5C 00 E6 01 E6 68 00 00 21 A0 00 50 09 28 00 2D FF D2 00 00 65 45 03 01 F9 C0 78 DA 0C 3A 9B 00 07 F3 1D 69 AA AA 
Time:	12:55:02,686
Send:	220001
Receive: 62 00 01 02 8C 00 B8 0C 7A 00 04 01 EF 00 81 00 00 03 8C 00 7E 80 2B 4C 2D 82 7D 41 F3 D7 85 13 00 E6 01 E6 68 00 00 21 A0 00 50 09 28 00 2D FF DA 00 00 65 45 03 01 F9 C0 78 DA 0C 3A 9B 00 07 F3 1D 87 AA AA 
Time:	12:55:03,096
Send:	220001
Receive: 62 00 01 02 8C 00 B8 0C 92 00 09 01 E2 00 81 00 00 03 7F 00 7E 80 4C 4C 91 84 3D 41 F3 D7 85 65 00 E6 02 30 68 00 00 21 A0 00 50 09 29 00 2D FF D2 00 00 65 45 03 01 F9 C0 78 DA 0C 3A 9B 00 07 F6 1D 39 AA AA 
Time:	12:55:03,489
Send:	220001
Receive: 62 00 01 02 8D 00 B8 0C 7E 00 07 01 D4 00 81 00 00 03 75 00 78 80 A3 4C AD 7F 9D 41 F3 D7 85 9D 00 E6 02 30 68 00 00 21 A0 00 50 09 29 00 2D FF CF 00 00 65 45 03 01 F9 C0 78 DA 0C 3A 9B 00 07 F7 1D 57 AA AA 
Time:	12:55:03,885
Send:	220001
Receive: 62 00 01 02 8D 00 B8 0C 82 00 05 01 D5 00 81 00 00 03 7C 00 7C 80 9B 4C AB 7D DD 41 F3 D7 85 76 00 E6 02 30 68 00 00 21 A0 00 50 09 26 00 2D FF CF 00 00 65 45 03 01 F9 C0 78 DA 0C 3A 9B 00 07 F7 1D 57 AA AA 
Time:	12:55:04,289
Send:	220001
Receive: NO DATA
Time:	12:55:04,570
Send:	220001
Receive: NO DATA
Time:	12:55:04,862
Send:	220001
Receive: NO DATA
Time:	12:55:05,155
Send:	220001
Receive: NO DATA
Time:	12:55:05,449
Send:	220001
Receive: NO DATA
Time:	12:55:05,743
Send:	220001
Receive: NO DATA
Time:	12:55:06,054
Send:	220001
Receive: NO DATA
Time:	12:55:06,351
Send:	220001
Receive: 62 00 01 02 8D 00 B9 0C 80 00 08 01 D7 00 81 00 00 03 7F 00 7C 80 9E 4C A3 7E DD 41 F3 D7 85 65 00 E6 02 22 68 00 00 21 A0 00 50 09 21 00 2D FF CF 00 00 65 45 03 01 F9 C0 78 DA 0C 3A 9B 00 07 FD 1D 53 AA AA 
Time:	12:55:06,769
Send:	220001
Receive: 62 00 01 02 8D 00 B9 0C 82 00 09 01 CD 00 81 00 00 03 73 00 78 80 9A 4C A8 7D 3D 41 F3 D7 85 AF 00 E6 02 22 68 00 00 21 A0 00 50 09 22 00 2D FF CC 00 00 65 45 03 01 F9 C0 78 DA 0C 3A 9B 00 07 F7 1D 52 AA AA 
Time:	12:55:07,160
Send:	220001
Receive: 62 00 01 02 8D 00 B9 0C 6C 00 09 01 CE 00 81 00 00 03 7F 00 7A 80 8D 4C A7 7B 7D 41 F3 D7 85 69 00 E6 01 D9 68 00 00 21 A0 00 50 09 22 00 2D FF D2 00 00 65 45 03 01 F9 C0 78 DA 0C 3A 9B 00 07 FA 1D 69 AA AA 
Time:	12:55:07,537
Send:	220001
Receive: 62 00 01 02 8D 00 B9 0C 60 00 0D 01 DB 00 7E 00 00 03 7E 00 7B 80 29 4C 2E 7F 9D 41 F3 D7 85 6E 00 E6 01 D9 68 00 00 21 A0 00 50 09 1F 00 2D FF DD 00 00 65 45 03 01 F9 C0 78 DA 0C 3A 9B 00 08 1D 1D 8A AA AA 
Time:	12:55:07,915
Send:	220001
Receive: 62 00 01 02 8C 00 B9 0C 6C 00 04 01 E0 00 7E 00 00 03 83 00 79 80 2B 4C 2C 80 BD 41 F3 D7 85 4F 00 E6 01 D9 68 00 00 21 A0 00 50 09 1F 00 2D FF DF 00 00 65 45 03 01 F9 C0 78 DA 0C 3A 9B 00 08 07 1D 75 AA AA 
Time:	12:55:08,298
Send:	220001
Receive: 62 00 01 02 8C 00 B9 0C 94 00 FD 01 E4 00 7E 00 00 03 8E 00 7D 80 98 4C A2 7E 9D 41 F3 D7 85 0E 00 E6 02 11 68 00 00 21 A0 00 50 09 1F 00 2D FF D7 00 00 65 45 03 01 F9 C0 78 DA 0C 3A 9B 00 07 E7 1D 51 AA AA 
Time:	12:55:08,716
Send:	220001

Fixed toLineMF: 030 62 00 01 02 8C 00 B9 0C 78 00 0B 01 D3 00 81 00 00 03 7A 00 41 F3 D7 85 83 00 E6 02 11 68 00 00 21 A0 00 50 09 1D 00 2D FF F9 C0 78 DA 0C 3A 9B 
Receive: 62 00 01 02 8C 00 B9 0C 78 00 0B 01 D3 00 81 00 00 03 7A 00 41 F3 D7 85 83 00 E6 02 11 68 00 00 21 A0 00 50 09 1D 00 2D FF F9 C0 78 DA 0C 3A 9B 

Fixed toLineMF: 030 62 00 01 02 8C 00 B9 0C 78 00 0B 01 D3 00 81 00 00 03 7A 00 41 F3 D7 85 83 00 E6 02 11 68 00 00 21 A0 00 50 09 1D 00 2D FF F9 C0 78 DA 0C 3A 9B 
Time:	12:55:09,083
Send:	220001
Receive: 62 00 01 02 8D 00 B9 0C 60 00 0E 01 D8 00 81 00 00 03 7E 00 7B 80 2F 4C 9C 7F 5D 41 F2 6D 85 6E 00 E6 01 E6 68 00 00 21 A0 00 50 09 1D 00 2D FF E5 00 00 65 45 03 01 F9 C0 78 DA 0C 3A 9B 00 08 0F 1D 72 AA AA 
Time:	12:55:09,487
Send:	220001
Receive: 62 00 01 02 8D 00 B9 0C 6A 00 08 01 DB 00 81 00 00 03 7A 00 7A 80 2C 4C 3F 80 DD 41 F2 6D 85 83 00 E6 01 E6 68 00 00 21 A0 00 50 09 1D 00 2D FF EA 00 00 65 45 03 01 F9 C0 78 DA 0C 3A 9B 00 07 FE 1D 6E AA AA 
Time:	12:55:09,887
Send:	220001
Receive: 62 00 01 02 8D 00 B9 0C 86 00 0C 01 D3 00 7E 00 00 03 78 00 79 80 9C 4C A0 7E 3D 41 F2 6D 85 90 00 E6 01 E6 68 00 00 21 A0 00 50 09 1D 00 2D FF E5 00 00 65 45 03 01 F9 C0 78 DA 0C 3A 9B 00 07 E3 1D 46 AA AA 
Time:	12:55:10,307
Send:	220001
Receive: 62 00 01 02 8D 00 B9 0C 74 00 08 01 CE 00 81 00 00 03 79 00 7B 80 A0 4C AB 7C 1D 41 F2 6D 85 8C 00 E6 01 E6 68 00 00 21 A0 00 50 09 1D 00 2D FF E8 00 00 65 45 03 01 F9 C0 78 DA 0C 3A 9B 00 08 00 1D 54 AA AA 
Time:	12:55:10,720
Send:	220001
Receive: 62 00 01 02 8C 00 B9 0C 76 00 08 01 D8 00 7E 00 00 03 77 00 7B 80 2C 4C 42 80 3D 41 F2 6D 85 95 00 E6 01 E6 68 00 00 21 A0 00 50 09 1A 00 2D FF EA 00 00 65 45 03 01 F9 C0 78 DA 0C 3A 9B 00 07 F4 1D 58 AA AA 
Time:	12:55:11,126
Send:	220001
Receive: 62 00 01 02 8D 00 B9 0C 7A 00 09 01 D6 00 81 00 00 03 6F 00 78 80 2E 4C 2E 81 DD 41 F2 6D 85 C9 00 E6 02 22 68 00 00 21 A0 00 50 09 1A 00 2D FF E8 00 00 65 45 03 01 F9 C0 78 DA 0C 3A 9B 00 07 E7 1D 53 AA AA 
Time:	12:55:11,505
Send:	220001
Receive: 62 00 01 02 8D 00 B9 0C 8C 00 08 01 D7 00 7E 00 00 03 7F 00 7D 80 91 4C 9F 7F 3D 41 F2 6D 85 65 00 E6 02 22 69 00 00 21 A0 00 50 09 1A 00 2D FF E5 00 00 65 45 03 01 F9 C0 78 DA 0C 3A 9B 00 07 EE 1D 34 AA AA 
Time:	12:55:11,906
Send:	220001

Fixed toLineMF: 03E 62 00 01 02 8D 00 B9 0C 6E 00 09 01 CE 00 81 00 00 03 73 00 77 80 9E 4C AA 7D 9D 41 F2 6D 85 AF 00 E6 02 22 69 00 00 21 A0 00 50 09 1B 00 2D FF E8 00 00 65 45 03 01 F9 C0 78 DA 0C 3A 9B 
Receive: 62 00 01 02 8D 00 B9 0C 6E 00 09 01 CE 00 81 00 00 03 73 00 77 80 9E 4C AA 7D 9D 41 F2 6D 85 AF 00 E6 02 22 69 00 00 21 A0 00 50 09 1B 00 2D FF E8 00 00 65 45 03 01 F9 C0 78 DA 0C 3A 9B 

Fixed toLineMF: 03E 62 00 01 02 8D 00 B9 0C 6E 00 09 01 CE 00 81 00 00 03 73 00 77 80 9E 4C AA 7D 9D 41 F2 6D 85 AF 00 E6 02 22 69 00 00 21 A0 00 50 09 1B 00 2D FF E8 00 00 65 45 03 01 F9 C0 78 DA 0C 3A 9B 
Time:	12:55:12,301
Send:	220001
Receive: 62 00 01 02 8D 00 B9 0C 78 00 08 01 C8 00 7E 00 00 03 70 00 7A 80 30 4C A4 7C 5D 41 F2 6D 85 C5 00 E6 01 D9 69 00 00 21 A0 00 50 09 1B 00 2C FF E8 00 00 65 45 03 01 F9 C0 78 DA 0C 3A 9B 00 07 DF 1D 5E AA AA 
Time:	12:55:12,696
Send:	220001
Receive: 62 00 01 02 8D 00 B9 0C 76 00 09 01 DA 00 81 00 00 03 7A 00 79 80 2A 4C 2C 80 FD 41 F2 6D 85 88 00 E6 01 D9 69 00 00 21 A0 00 50 09 1B 00 2C FF EA 00 00 65 45 03 01 F9 C0 78 DA 0C 3A 9B 00 08 05 1D 47 AA AA 
Time:	12:55:13,097
Send:	220001

Fixed toLineMF: 03E 62 00 01 02 8D 00 00 81 00 00 03 73 00 78 80 45 4C 8D 82 BD 41 F2 6D 85 AB 00 E6 02 11 69 00 00 21 A0 00 50 09 18 00 2C FF DF 00 00 65 45 03 01 F9 C0 78 DA 0C 3A 9B 00 07 F1 1D 3A AA AA 
Receive: 62 00 01 02 8D 00 00 81 00 00 03 73 00 78 80 45 4C 8D 82 BD 41 F2 6D 85 AB 00 E6 02 11 69 00 00 21 A0 00 50 09 18 00 2C FF DF 00 00 65 45 03 01 F9 C0 78 DA 0C 3A 9B 00 07 F1 1D 3A AA AA 

Fixed toLineMF: 03E 62 00 01 02 8D 00 00 81 00 00 03 73 00 78 80 45 4C 8D 82 BD 41 F2 6D 85 AB 00 E6 02 11 69 00 00 21 A0 00 50 09 18 00 2C FF DF 00 00 65 45 03 01 F9 C0 78 DA 0C 3A 9B 00 07 F1 1D 3A AA AA 
Time:	12:55:13,506
Send:	220001
Receive: NO DATA
Time:	12:55:13,794
Send:	220001
Receive: NO DATA
Time:	12:55:14,086
Send:	220001
Receive: NO DATA
Time:	12:55:14,366
Send:	220001
Receive: NO DATA
Time:	12:55:14,669
Send:	220001
Receive: NO DATA
Time:	12:55:14,961
Send:	220001
Receive: NO DATA
Time:	12:55:15,254
Send:	220001
Receive: NO DATA
Time:	12:55:15,546
Send:	220001
Receive: 62 00 01 02 8D 00 BA 0C 62 00 05 01 D0 00 81 00 00 03 7C 00 7B 80 94 4C A8 7D 3D 41 F2 6D 85 7B 00 E6 01 E6 69 00 00 21 A0 00 50 09 16 00 2C FF EA 00 00 65 45 03 01 F9 C0 78 DA 0C 3A 9B 00 08 12 1D 7E AA AA 
Time:	12:55:15,928
Send:	220001
Receive: 62 00 01 02 8C 00 BA 0C 60 00 0F 01 D4 00 81 00 00 03 70 00 79 80 29 4C 2C 81 1D 41 F2 6D 85 BC 00 E6 02 05 69 00 00 21 A0 00 50 09 16 00 2C FF F0 00 00 65 45 03 01 F9 C0 78 DA 0C 3A 9B 00 08 0A 1D 85 AA AA 
Time:	12:55:16,330
Send:	220001
Receive: 62 00 01 02 8C 00 BA 0C 76 00 09 01 DA 00 81 00 00 03 70 00 76 80 2D 4C 4E 82 DD 41 F2 6D 85 BC 00 E6 02 05 69 00 00 21 A0 00 50 09 16 00 2C FF ED 00 00 65 45 03 01 F9 C0 78 DA 0C 3A 9B 00 07 D3 1D 62 AA AA 
Time:	12:55:16,737
Send:	220001
Receive: 62 00 01 02 8D 00 BA 0C 8C 00 07 01 D2 00 7E 00 00 03 79 00 7B 80 9A 4C A5 7E BD 41 F2 6D 85 8C 00 E6 02 05 69 00 00 21 A0 00 50 09 17 00 2C FF EA 00 00 65 45 03 01 F9 C0 78 DA 0C 3A 9B 00 07 EF 1D 3C AA AA 
Time:	12:55:17,126
Send:	220001
Receive: 62 00 01 02 8D 00 BA 0C 84 00 09 01 DD 00 81 00 00 03 7E 00 7D 80 92 4C A6 81 3D 41 F2 6D 85 6E 00 E6 01 E6 69 00 00 21 A0 00 50 09 14 00 2C FF EA 00 00 65 45 03 01 F9 C0 78 DA 0C 3A 9B 00 08 0E 1D 58 AA AA 
Time:	12:55:17,525
Send:	220001
Receive: 62 00 01 02 8D 00 BA 0C 8C 00 08 01 DC 00 81 00 00 03 77 00 79 80 2F 4C 85 82 DD 41 F2 6D 85 95 00 E6 01 E6 69 00 00 21 A0 00 50 09 14 00 2C FF E5 00 00 65 45 03 01 F9 C0 78 DA 0C 3A 9B 00 07 EF 1D 4B AA AA 
Time:	12:55:17,918
Send:	220001
Receive: 62 00 01 02 8D 00 BA 0C 90 00 05 01 D2 00 7E 00 00 03 78 00 79 80 9C 4C A3 7F 3D 41 F2 6D 85 90 00 E6 01 E6 69 00 00 21 A0 00 50 09 14 00 2C FF DF 00 00 65 45 03 01 F9 C0 78 DA 0C 3A 9B 00 07 E2 1D 3B AA AA 
Time:	12:55:18,300
Send:	220001
Receive: 62 00 01 02 8D 00 BA 0C 76 00 09 01 C9 00 7E 00 00 03 6D 00 78 80 A3 4C AB 7D 9D 41 F2 6D 85 CD 00 E6 01 E6 69 00 00 21 A0 00 50 09 14 00 2C FF DF 00 00 65 45 03 01 F9 C0 78 DA 0C 3A 9B 00 08 01 1D 5E AA AA 
Time:	12:55:18,709
Send:	220001
Receive: 62 00 01 02 8D 00 BA 0C 70 00 0F 01 D4 00 81 00 00 03 76 00 79 80 2D 4C 94 7F FD 41 F2 6D 85 9D 00 E6 01 E6 69 00 00 21 A0 00 50 09 11 00 2C FF E2 00 00 65 45 03 01 F9 C0 78 DA 0C 3A 9B 00 07 EF 1D 72 AA AA 
Time:	12:55:19,108
Send:	220001
Receive: 62 00 01 02 8D 00 BA 0C 82 00 06 01 DB 00 81 00 00 03 7C 00 7D 80 2B 4C 2F 81 BD 41 F2 6D 85 7B 00 E6 02 11 69 00 00 21 A0 00 50 09 12 00 2C FF E2 00 00 65 45 03 01 F9 C0 78 DA 0C 3A 9B 00 07 F2 1D 50 AA AA 
Time:	12:55:19,500
Send:	220001
Receive: 62 00 01 02 8D 00 BA 0C 7C 00 04 01 D7 00 81 00 00 03 7A 00 7C 80 8E 4C 9D 7F FD 41 F2 6D 85 83 00 E6 02 11 69 00 00 21 A0 00 50 09 12 00 2C FF E2 00 00 65 45 03 01 F9 C0 78 DA 0C 3A 9B 00 07 F3 1D 6D AA AA 
Time:	12:55:19,887
Send:	220001
Receive: 62 00 01 02 8C 00 BA 0C 78 00 11 01 D2 00 7E 00 00 03 81 00 7B 80 A0 4C A9 7E 7D 41 F2 6D 85 5C 00 E6 02 11 69 00 00 21 A0 00 50 09 12 00 2C FF E5 00 00 65 45 03 01 F9 C0 78 DA 0C 3A 9B 00 08 0A 1D 5C AA AA 
Time:	12:55:20,288
Send:	220001
Receive: 62 00 01 02 8C 00 BA 0C 66 00 0E 01 C8 00 81 00 00 03 6C 00 78 80 2B 4C A4 7C FD 41 F2 6D 85 DB 00 E6 01 F4 69 00 00 21 A0 00 50 09 12 00 2C FF EA 00 00 65 45 03 01 F9 C0 78 DA 0C 3A 9B 00 08 13 1D 5C AA AA 
Time:	12:55:20,688
Send:	220001
Receive: 62 00 01 02 8C 00 BA 0C 72 00 07 01 D4 00 81 00 00 03 6C 00 78 80 2A 4C 2E 81 7D 41 F2 6D 85 DB 00 E6 01 F4 69 00 00 21 A0 00 50 09 0F 00 2C FF EA 00 00 65 45 03 01 F9 C0 78 DA 0C 3A 9B 00 08 00 1D 67 AA AA 
Time:	12:55:21,101
Send:	220001
Receive: 62 00 01 02 8C 00 BA 0C 88 00 01 01 DE 00 7E 00 00 03 77 00 79 80 83 4C 88 83 1D 41 F2 6D 85 95 00 E6 02 11 69 00 00 21 A0 00 50 09 0F 00 2C FF E2 00 00 65 45 03 01 F9 C0 78 DA 0C 3A 9B 00 07 EA 1D 5B AA AA 
Time:	12:55:21,519
Send:	220001
Receive: 62 00 01 02 8C 00 BA 0C 50 00 10 01 CC 00 81 00 00 03 6D 00 76 80 98 4C A9 7E 5D 41 F2 6D 85 D6 00 E6 02 11 69 00 00 21 A0 00 50 09 0F 00 2C FF F3 00 00 65 45 03 01 F9 C0 78 DA 0C 3A 9B 00 08 15 1D A4 AA AA 
Time:	12:55:21,927
Send:	220001
Receive: 62 00 01 02 8C 00 BA 0C 68 00 0C 01 CF 00 81 00 00 03 70 00 78 80 2B 4C 53 80 7D 41 F2 6D 85 BC 00 E6 01 D9 69 00 00 21 A0 00 50 09 10 00 2C FF F5 00 00 65 45 03 01 F9 C0 78 DA 0C 3A 9B 00 08 0B 1D 8A AA AA 
Time:	12:55:22,325
Send:	220001
Receive: 62 00 01 02 8D 00 BA 0C 8A 00 07 01 DB 00 7E 00 00 03 7B 00 7B 80 2B 4C 2E 82 3D 41 F2 6D 85 83 00 E6 01 D9 69 00 00 21 A0 00 50 09 10 00 2C FF F0 00 00 65 45 03 01 F9 C0 78 DA 0C 3A 9B 00 07 FB 1D 59 AA AA 
Time:	12:55:22,753
Send:	220001
Receive: 62 00 01 02 8D 00 BA 0C 7E 00 06 01 CC 00 81 00 00 03 6D 00 79 80 A0 4C A3 7F 5D 41 F2 6D 85 CD 00 E6 01 D9 69 00 00 21 A0 00 50 09 10 00 2C FF ED 00 00 65 45 03 01 F9 C0 78 DA 0C 3A 9B 00 08 11 1D 56 AA AA 
Time:	12:55:23,148
Send:	220001
Receive: 62 00 01 02 8C 00 BA 0C 72 00 04 01 C9 00 81 00 00 03 6D 00 77 80 9B 4C A8 7D 9D 41 F2 6D 85 CD 00 E6 02 22 69 00 00 21 A0 00 50 09 0E 00 2C FF EA 00 00 65 45 03 01 F9 C0 78 DA 0C 3A 9B 00 07 D7 1D 5C AA AA 
Time:	12:55:23,575
Send:	220001
Receive: 62 00 01 02 8D 00 BA 0C 6C 00 0A 01 D4 00 81 00 00 03 72 00 78 80 29 4C 7D 80 FD 41 F2 6D 85 B3 00 E6 02 22 69 00 00 21 A0 00 50 09 0E 00 2C FF F0 00 00 65 45 03 01 F9 C0 78 DA 0C 3A 9B 00 08 00 1D 75 AA AA 
Time:	12:55:23,980
Send:	220001
Receive: 62 00 01 02 8C 00 BA 0C 7C 00 11 01 CF 00 81 00 00 03 62 00 73 80 30 4C 41 82 BD 41 F2 6D 85 FE 00 E6 02 22 69 00 00 21 A0 00 50 09 0E 00 2C FF E8 00 00 65 45 03 01 F9 C0 78 DA 0C 3A 9B 00 07 FC 1D 67 AA AA 
Time:	12:55:24,380
Send:	220001
Receive: 62 00 01 02 8D 00 BB 0C 84 00 06 01 DB 00 81 00 00 03 81 00 7B 80 94 4C A1 7F FD 41 F2 52 85 5C 00 E6 02 22 6A 00 00 21 A0 00 50 09 0E 00 2C FF E8 00 00 65 45 03 01 F9 C0 78 DA 0C 3A 9B 00 07 DF 1D 67 AA AA 
Time:	12:55:24,786
Send:	220001
Receive: 62 00 01 02 8C 00 BB 0C 4E 00 0E 01 D0 00 81 00 00 03 73 00 73 80 9A 4C AB 7E 7D 41 F2 52 85 AF 00 E6 02 22 6A 00 00 21 A0 00 50 09 0E 00 2C FF F5 00 18 65 45 03 01 F9 C0 78 DA 0C 3A 9B 00 07 E5 1D B7 AA AA 
Time:	12:55:25,186
Send:	220001
Receive: 62 00 01 02 8D 00 BB 0C 72 00 08 01 DA 00 81 00 00 03 7C 00 7B 80 2C 4C 49 81 3D 41 F2 52 85 7B 00 E6 01 F4 6A 00 00 21 A0 00 50 09 0E 00 2C FF F5 00 00 65 45 03 01 F9 C0 78 DA 0C 3A 9B 00 08 02 1D 76 AA AA 
Time:	12:55:25,707
Send:	220001
Receive: 62 00 01 02 8D 00 BB 0C 7E 00 06 01 E1 00 81 00 00 03 7E 00 7A 80 45 4C 7F 83 5D 41 F2 52 85 6E 00 E6 01 F4 6A 17 16 21 A0 00 50 09 0E 00 2C FF F3 00 00 65 45 03 01 7D C0 78 DA 0C 3A 9B 00 07 EC 1D 6B AA AA 
Time:	12:55:26,128
Send:	220001
Receive: 62 00 01 02 8D 00 BB 0C 92 00 06 01 D8 00 81 00 00 03 83 00 7C 80 9E 4C A7 7E 5D 41 F2 52 85 4F 00 E6 01 F4 6A 17 61 21 A0 00 50 09 0E 00 2C FF ED 00 00 65 45 03 01 7D C0 78 DA 0C 3A 9B 00 07 EF 1D 39 AA AA 
Time:	12:55:26,536
Send:	220001
Receive: 62 00 01 02 8D 00 BB 0C 70 00 07 01 DD 00 81 00 00 03 7A 00 7B 80 3A 4C A0 81 DD 41 F2 52 85 83 00 E6 01 F4 6A 17 7F 21 A0 00 50 09 0E 00 2C FF F3 00 00 65 45 03 01 7D C0 78 DA 0C 3A 9B 00 08 07 1D 75 AA AA 
Time:	12:55:26,992
Send:	220001
Receive: 62 00 01 02 8D 00 BB 0C 76 00 01 01 E0 00 81 00 00 03 7A 00 7D 80 76 4C 5C 83 7D 41 F2 52 85 83 00 E6 02 05 6A 17 7F 21 A0 00 50 09 0E 00 2C FF F8 00 00 65 45 03 01 7D C0 78 DA 0C 3A 9B 00 08 07 1D 51 AA AA 
Time:	12:55:27,387
Send:	220001
Receive: 62 00 01 02 8D 00 BB 0C 80 00 06 01 D8 00 81 00 00 03 7A 00 7A 80 A6 4C AA 7F 7D 41 F2 52 85 83 00 E6 02 05 6A 17 7F 21 A0 00 50 09 0F 00 2C FF F3 00 00 65 45 03 01 7D C0 78 DA 0C 3A 9B 00 07 EB 1D 40 AA AA 
Time:	12:55:27,811
Send:	220001
Receive: 62 00 01 02 8C 00 BB 0C 70 00 08 01 CF 00 81 00 00 03 77 00 79 80 9A 4C A9 7D 5D 41 F2 52 85 95 00 E6 02 05 6A 17 7F 21 A0 00 50 09 0F 00 2C FF F8 00 00 65 45 03 01 7D C0 78 DA 0C 3A 9B 00 07 EE 1D 54 AA AA 
Time:	12:55:28,228
Send:	220001
Receive: 62 00 01 02 8D 00 BB 0C 70 00 0E 01 D3 00 81 00 00 03 6D 00 79 80 2A 4C 3E 80 FD 41 F2 52 85 CD 00 E6 01 E6 6A 18 60 21 A0 00 50 09 0F 00 2C FF FB 00 00 65 45 03 01 7D C0 78 DA 0C 3A 9B 00 07 FE 1D 7B AA AA 
Time:	12:55:28,620
Send:	220001
Receive: 62 00 01 02 8C 00 BB 0C 6E 00 08 01 E2 00 81 00 00 03 7F 00 7B 80 2F 4C 2F 82 3D 41 F2 52 85 65 00 E6 01 E6 6A 18 60 21 A0 00 50 09 0F 00 2C FF FB 00 00 65 45 03 01 7D C0 78 DA 0C 3A 9B 00 08 08 1D 7F AA AA 
Time:	12:55:28,999
Send:	220001
Receive: 62 00 01 02 8C 00 BB 0C 7C 00 07 01 D2 00 7E 00 00 03 78 00 7B 80 9F 4C A4 7F DD 41 F2 52 85 90 00 E6 01 E6 6A 19 41 21 A0 00 50 09 0F 00 2C FF F8 00 00 65 45 03 01 7D C0 78 DA 0C 3A 9B 00 07 E9 1D 6B AA AA 
Time:	12:55:29,399
Send:	220001

Fixed toLineMF: 037 62 00 01 02 8C 00 BB 0C 74 00 05 01 D5 00 81 00 00 03 80 00 7D 80 A3 4C AD 7E 1D 41 F2 52 85 61 00 E6 01 E6 6A 19 41 21 A0 FE 00 00 65 45 03 01 00 08 04 1D 7A AA AA 
Receive: 62 00 01 02 8C 00 BB 0C 74 00 05 01 D5 00 81 00 00 03 80 00 7D 80 A3 4C AD 7E 1D 41 F2 52 85 61 00 E6 01 E6 6A 19 41 21 A0 FE 00 00 65 45 03 01 00 08 04 1D 7A AA AA 

Fixed toLineMF: 037 62 00 01 02 8C 00 BB 0C 74 00 05 01 D5 00 81 00 00 03 80 00 7D 80 A3 4C AD 7E 1D 41 F2 52 85 61 00 E6 01 E6 6A 19 41 21 A0 FE 00 00 65 45 03 01 00 08 04 1D 7A AA AA 
Time:	12:55:29,790
Send:	220001
Receive: 62 00 01 02 8C 00 BB 0C 4C 00 10 01 C8 00 81 00 00 03 64 00 74 80 40 4C A5 80 7D 41 F2 52 85 F9 00 E6 01 E6 6A 1A 22 21 A0 00 50 09 0F 00 2C 00 02 00 00 65 45 03 01 7D C0 78 DA 0C 3A 9B 00 08 1C 1D 95 AA AA 
Time:	12:55:30,197
Send:	220001
Receive: 62 00 01 02 8C 00 BB 0C 82 00 0A 01 D6 00 81 00 00 03 70 00 76 80 2B 4C 53 82 3D 41 F2 52 85 BC 00 E6 02 22 6A 1A 22 21 A0 00 50 09 0F 00 2C FF FE 00 00 65 45 03 01 7D C0 78 DA 0C 3A 9B 00 07 F2 1D 68 AA AA 
Time:	12:55:30,607
Send:	220001
Receive: 62 00 01 02 8C 00 BB 0C 72 00 08 01 D4 00 7E 00 00 03 79 00 7A 80 A0 4C A6 7E DD 41 F2 52 85 8C 00 E6 02 22 6A 1B 08 21 A0 00 50 09 10 00 2C 00 00 00 00 65 45 03 01 7D C0 78 DA 0C 3A 9B 00 08 09 1D 68 AA AA 
Time:	12:55:31,012
Send:	220001
Receive: 62 00 01 02 8D 00 BB 0C 86 00 05 01 CF 00 7E 00 00 03 7B 00 7B 80 A5 4C AD 7D 1D 41 F2 52 85 7F 00 E6 01 E6 6A 1B 08 21 A0 00 50 09 10 00 2C FF FB 00 00 65 45 03 01 7D C0 78 DA 0C 3A 9B 00 07 D1 1D 44 AA AA 
Time:	12:55:31,418
Send:	220001
Receive: 62 00 01 02 8D 00 BB 0C 88 00 06 01 C3 00 7E 00 00 03 6F 00 7A 80 8F 4C A9 7B 9D 41 F2 52 85 C9 00 E6 01 E6 6A 1B E9 21 A0 00 50 09 10 00 2C FF FB 00 00 65 45 03 01 7D C0 78 DA 0C 3A 9B 00 07 E4 1D 20 AA AA 
Time:	12:55:31,855
Send:	220001
Receive: 62 00 01 02 8C 00 BB 0C 96 00 0D 01 CC 00 7E 00 00 03 69 00 7B 80 30 4C A4 80 5D 41 F2 52 85 F0 00 E6 01 E6 6A 1C CA 21 A0 00 50 09 10 00 2C FF F8 00 00 65 45 03 01 7D C0 78 DA 0C 3A 9B 00 07 E9 1C FF AA AA 
Time:	12:55:32,266
Send:	220001
Receive: 62 00 01 02 8C 00 BB 0C 84 00 0F 01 B8 00 7E 00 00 03 57 00 73 80 A4 4C B1 7C 9D 41 F2 52 86 06 00 E6 01 F4 6A 1C CA 21 A0 00 50 09 10 00 2C FF F0 00 00 65 45 03 01 7D C0 78 DA 0C 3A 9B 00 07 D1 1D 1F AA AA 
Time:	12:55:32,676
Send:	220001
Receive: 62 00 01 02 8C 00 BB 0C 7C 00 0C 01 B1 00 7E 00 00 03 54 00 74 80 A5 4C B5 7A FD 41 F2 52 86 06 00 E6 01 F4 6A 1D B0 21 A0 00 50 09 10 00 2C FF EA 00 00 65 45 03 01 7D C0 78 DA 0C 3A 9B 00 07 DB 1D 16 AA AA 
Time:	12:55:33,095
Send:	220001

Fixed toLineMF: 03E 62 00 01 02 8C 00 00 7C 00 00 03 77 00 79 80 A0 4C AD 7D 9D 41 F2 52 85 95 00 E6 01 AD 6A 1D B0 21 A0 00 50 09 10 00 2C FF E5 00 00 65 45 03 01 7D C0 78 DA 0C 3A 9B 00 07 B7 1D 18 AA AA 
Receive: 62 00 01 02 8C 00 00 7C 00 00 03 77 00 79 80 A0 4C AD 7D 9D 41 F2 52 85 95 00 E6 01 AD 6A 1D B0 21 A0 00 50 09 10 00 2C FF E5 00 00 65 45 03 01 7D C0 78 DA 0C 3A 9B 00 07 B7 1D 18 AA AA 

Fixed toLineMF: 03E 62 00 01 02 8C 00 00 7C 00 00 03 77 00 79 80 A0 4C AD 7D 9D 41 F2 52 85 95 00 E6 01 AD 6A 1D B0 21 A0 00 50 09 10 00 2C FF E5 00 00 65 45 03 01 7D C0 78 DA 0C 3A 9B 00 07 B7 1D 18 AA AA 
Time:	12:55:33,492
Send:	220001
Receive: 62 00 01 02 8C 00 BB 0C 90 00 0D 01 B6 00 7C 00 00 03 5A 00 76 80 90 4C B1 7A BD 41 F2 52 86 02 00 E6 01 AD 6A 1E 91 21 A0 00 50 09 10 00 2C FF DF 00 00 65 45 03 01 7D C0 78 DA 0C 3A 9B 00 07 D0 1C F6 AA AA 
Time:	12:55:33,898
Send:	220001
Receive: 62 00 01 02 8D 00 BB 0C 90 00 06 01 BB 00 7C 00 00 03 68 00 79 80 A7 4C B8 78 FD 41 F2 52 85 F5 00 E6 01 AD 6A 1E 91 21 A0 00 50 09 11 00 2C FF DA 00 00 65 45 03 01 7D C0 78 DA 0C 3A 9B 00 07 DD 1C EC AA AA 
Time:	12:55:34,327
Send:	220001
Receive: 62 00 01 02 8C 00 BC 0C 6E 00 0B 01 B5 00 7E 00 00 03 62 00 75 80 98 4C AF 77 9D 41 F2 52 85 FE 00 E6 01 C7 6A 1F 72 21 A0 00 50 09 11 00 2C FF D7 00 00 65 45 03 01 7D C0 78 DA 0C 3A 9B 00 07 BE 1D 30 AA AA 
Time:	12:55:34,756
Send:	220001
Receive: 62 00 01 02 8C 00 BC 0C 7C 00 09 01 BF 00 7C 00 00 03 6D 00 79 80 6C 4C AD 78 DD 41 F2 52 85 D2 00 E6 01 C7 6A 20 58 21 A0 00 50 09 11 00 2C FF D7 00 00 65 45 03 01 7D C0 78 DA 0C 3A 9B 00 07 D2 1D 19 AA AA 
Time:	12:55:35,174
Send:	220001
Receive: 62 00 01 02 8D 00 BC 0C 76 00 10 01 B7 00 7E 00 00 03 6D 00 78 80 5F 4C A9 77 5D 41 F2 52 85 D2 00 E6 01 BA 6A 21 39 21 A0 00 50 09 11 00 2C FF D4 00 00 65 45 03 01 7D C0 78 DA 0C 3A 9B 00 07 D9 1D 19 AA AA 
Time:	12:55:35,589
Send:	220001
Receive: 62 00 01 02 8C 00 BC 0C 84 00 0D 01 B7 00 7E 00 00 03 5D 00 76 80 2A 4C A1 7B 9D 41 F2 52 85 FE 00 E6 01 BA 6A 22 1A 21 A0 00 50 09 11 00 2C FF CF 00 00 65 45 03 01 7D C0 78 DA 0C 3A 9B 00 07 CF 1D 14 AA AA 
Time:	12:55:35,968
Send:	220001
Receive: 62 00 01 02 8C 00 BC 0C 6E 00 0E 01 CD 00 7E 00 00 03 6D 00 76 80 2B 4C 9F 7D 3D 41 F2 52 85 CD 00 E6 01 BA 6B 22 FB 21 A0 00 50 09 12 00 2C FF D2 00 00 65 45 03 01 7D C0 78 DA 0C 3A 9B 00 07 D4 1D 4C AA AA 
Time:	12:55:36,376
Send:	220001
Receive: 62 00 01 02 8D 00 BC 0C 8A 00 07 01 C5 00 79 00 00 03 79 00 7B 80 93 4C A7 7A 7D 41 F2 52 85 8C 00 E6 01 BA 6B 22 FB 21 A0 00 50 09 12 00 2C FF CF 00 00 65 45 03 01 7D C0 78 DA 0C 3A 9B 00 07 B4 1D 30 AA AA 
Time:	12:55:36,778
Send:	220001
Receive: 62 00 01 02 8C 00 BC 0C 7C 00 0D 01 B1 00 79 00 00 03 64 00 76 80 9E 4C B0 78 DD 41 F2 52 85 F9 00 E6 01 BA 6B 23 E1 21 A0 00 50 09 12 00 2C FF CF 00 00 65 45 03 01 7D C0 78 DA 0C 3A 9B 00 07 A3 1D 01 AA AA 
Time:	12:55:37,189
Send:	220001
Receive: 62 00 01 02 8C 00 BC 0C 5C 00 0C 01 AE 00 79 00 00 03 49 00 72 80 2F 4C AA 7C 1D 41 F2 52 86 0F 00 E6 01 AD 6B 24 C2 21 A0 00 50 09 12 00 2C FF D7 00 00 65 45 03 01 7D C0 78 DA 0C 3A 9B 00 07 C9 1D 18 AA AA 
Time:	12:55:37,576
Send:	220001
Receive: 62 00 01 02 8D 00 BC 0C 6E 00 0B 01 C7 00 79 00 00 03 65 00 77 80 2B 4C 2B 7D BD 41 F2 52 85 F9 00 E6 01 AD 6B 25 A3 21 A0 00 50 09 12 00 2C FF DD 00 00 65 45 03 01 7D C0 78 DA 0C 3A 9B 00 07 C5 1C F6 AA AA 
Time:	12:55:38,054
Send:	220001
Receive: 62 00 01 02 8D 00 BC 0C 94 00 0B 01 C2 00 79 00 00 03 56 00 76 80 80 4C 9D 7C 5D 41 F2 52 86 06 00 E6 01 BA 6B 27 6A 21 A0 00 50 09 12 00 2C FF CF 00 00 65 45 03 01 7D C0 78 DA 0C 3A 9B 00 07 B0 1C C3 AA AA 
Time:	12:55:38,469
Send:	220001
Receive: 62 00 01 02 8D 00 BC 0C 98 00 07 01 B5 00 79 00 00 03 59 00 76 80 A1 4C AA 7A BD 41 F2 52 86 02 00 E6 01 BA 6B 28 4B 21 A0 00 50 09 12 00 2C FF C6 00 00 65 45 03 01 7D C0 78 DA 0C 3A 9B 00 07 A4 1C BE AA AA 
Time:	12:55:38,868
Send:	220001
Receive: 62 00 01 02 8D 00 BC 0C 7C 00 08 01 C3 00 79 00 00 03 64 00 77 80 2D 4C A7 7D 5D 41 F2 52 85 F9 00 E6 01 BA 6B 29 31 21 A0 00 50 09 12 00 2C FF C6 00 00 65 45 03 01 7D C0 78 DA 0C 3A 9B 00 07 A8 1C F1 AA AA 
Time:	12:55:39,260
Send:	220001
Receive: 62 00 01 02 8D 00 BC 0C 88 00 09 01 C3 00 79 00 00 03 5A 00 76 80 2A 4C 48 7E FD 41 F2 3B 86 02 00 E6 01 BA 6B 2A 12 21 A0 00 50 09 12 00 2C FF C6 00 00 65 45 03 01 7D C0 78 DA 0C 3A 9B 00 07 C6 1C EF AA AA 
Time:	12:55:39,640
Send:	220001
Receive: 62 00 01 02 8D 00 BC 0C 9A 00 08 01 CE 00 79 00 00 03 66 00 79 80 93 4C 9B 7D 3D 41 F2 3B 85 F9 00 E6 01 BA 6B 2A F3 21 A0 00 50 09 12 00 2C FF BB 00 00 65 45 03 01 7D C0 78 DA 0C 3A 9B 00 07 BA 1C D1 AA AA 
Time:	12:55:40,038
Send:	220001
Receive: 62 00 01 02 8D 00 BC 0C 94 00 0A 01 B6 00 79 00 00 03 56 00 76 80 A0 4C AC 7B 9D 41 F2 3B 86 06 00 E6 01 BA 6B 2B D4 21 A0 00 50 09 12 00 2C FF B3 00 00 65 45 03 01 7D C0 78 DA 0C 3A 9B 00 07 B8 1C DA AA AA 
Time:	12:55:40,419
Send:	220001
Receive: 62 00 01 02 8D 00 BC 0C 94 00 04 01 CB 00 79 00 00 03 6D 00 7A 80 9B 4C AC 7E 7D 41 F2 3B 85 D6 00 E6 01 BA 6B 2C BA 21 A0 00 50 09 12 00 2C FF B0 00 00 65 45 03 01 7D C0 78 DA 0C 3A 9B 00 07 78 1D 0D AA AA 
Time:	12:55:40,810
Send:	220001
Receive: 62 00 01 02 8C 00 BC 0C 82 00 00 01 C6 00 79 00 00 03 5A 00 74 80 35 4C 46 80 5D 41 F2 3B 86 02 00 E6 01 BA 6B 2E 7C 21 A0 00 50 09 13 00 2C FF B3 00 00 65 45 03 01 FD C0 78 DA 0C 3A 9B 00 07 9C 1C F1 AA AA 
Time:	12:55:41,209
Send:	220001
Receive: 62 00 01 02 8C 00 BC 0C 96 00 01 01 CE 00 79 00 00 03 65 00 78 80 87 4C 9E 7E 5D 41 F2 3B 85 F9 00 E6 01 AD 6B 2F 62 21 A0 00 50 09 13 00 2C FF AB 00 00 65 45 03 01 FD C0 78 DA 0C 3A 9B 00 07 D3 1C DD AA AA 
Time:	12:55:41,610
Send:	220001
Receive: 62 00 01 02 8D 00 BC 0C 8A 00 00 01 D1 00 79 00 00 03 76 00 7B 80 2B 4C B0 7C 5D 41 F2 3B 85 99 00 E6 01 AD 6B 31 24 21 A0 00 50 09 13 00 2C FF A5 00 00 65 45 03 01 FD C0 78 DA 0C 3A 9B 00 07 E2 1D 2B AA AA 
Time:	12:55:42,027
Send:	220001
Receive: 62 00 01 02 8C 00 BC 0C 7E 00 01 01 D1 00 79 00 00 03 70 00 7B 80 88 4C A4 80 9D 41 F2 3B 85 C5 00 E6 01 C7 6B 31 24 21 A0 00 50 09 13 00 2C FF AB 00 00 65 45 03 01 FD C0 78 DA 0C 3A 9B 00 07 F4 1D 3F AA AA 
Time:	12:55:42,429
Send:	220001
Receive: 62 00 01 02 8D 00 BC 0C 78 00 0C 01 C6 00 79 00 00 03 72 00 7B 80 9C 4C AB 7B DD 41 F2 3B 85 B8 00 E6 01 C7 6B 31 24 21 A0 00 50 09 13 00 2C FF AB 00 00 65 45 03 01 FD C0 78 DA 0C 3A 9B 00 07 FB 1D 4B AA AA 
Time:	12:55:42,850
Send:	220001
Receive: 62 00 01 02 8D 00 BC 0C 76 00 0D 01 C6 00 79 00 00 03 62 00 78 80 89 4C AA 7F 5D 41 F2 3B 85 FE 00 E6 01 C7 6B 30 43 21 A0 00 50 09 13 00 2C FF AB 00 00 65 45 03 01 FD C0 78 DA 0C 3A 9B 00 07 E7 1D 37 AA AA 
Time:	12:55:43,264
Send:	220001
Receive: 62 00 01 02 8D 00 BC 0C 82 00 08 01 CA 00 79 00 00 03 63 00 76 80 95 4C A6 7D 7D 41 F2 3B 85 F9 00 E6 01 BA 6B 30 43 21 A0 00 50 09 13 00 2C FF A5 00 00 65 45 03 01 FD C0 78 DA 0C 3A 9B 00 07 DB 1D 27 AA AA 
Time:	12:55:43,650
Send:	220001
Receive: 62 00 01 02 8D 00 BC 0C 7C 00 09 01 BF 00 79 00 00 03 64 00 78 80 A1 4C AA 7B DD 41 F2 3B 85 F9 00 E6 01 BA 6B 30 43 21 A0 00 50 09 13 00 2C FF A5 00 00 65 45 03 01 FD C0 78 DA 0C 3A 9B 00 07 D8 1D 2D AA AA 
Time:	12:55:44,049
Send:	220001
Receive: 62 00 01 02 8C 00 BD 0C 4A 00 15 01 BB 00 79 00 00 03 67 00 73 80 51 4C AA 7A 3D 41 F2 3B 85 F5 00 E6 01 AD 6B 30 43 21 A0 00 50 09 13 00 2C FF B0 00 16 65 45 03 01 FD C0 78 DA 0C 3A 9B 00 07 C4 1D 76 AA AA 
Time:	12:55:44,449
Send:	220001
Receive: 62 00 01 02 8C 00 BD 0C 70 00 07 01 E1 00 79 00 00 03 81 00 78 80 61 4C 98 80 3D 41 F2 3B 85 58 00 E6 01 AD 6B 30 43 20 66 00 50 09 13 00 2C FF B3 00 00 65 45 03 01 FD C0 78 DA 0C 3A 9B 00 07 AC 1D 7E AA AA 
Time:	12:55:44,828
Send:	220001
Receive: 62 00 01 02 8D 00 BD 0C 88 00 04 01 D9 00 79 00 00 03 7B 00 7C 80 2E 4C 6B 81 DD 41 F2 3B 85 83 00 E6 01 AD 6B 31 24 20 66 00 50 09 14 00 2C FF B3 00 00 65 45 03 01 FD C0 78 DA 0C 3A 9B 00 07 FA 1D 4A AA AA 
Time:	12:55:45,271
Send:	220001
Receive: 62 00 01 02 8C 00 BD 0C 72 00 0F 01 BA 00 79 00 00 03 61 00 76 80 A4 4C AD 7D BD 41 F2 3B 85 FE 00 E6 01 F4 6B 30 43 20 66 00 50 09 14 00 2C FF B3 00 00 65 45 03 01 FD C0 78 DA 0C 3A 9B 00 07 F4 1D 52 AA AA 
Time:	12:55:45,687
Send:	220001
Receive: 62 00 01 02 8D 00 BD 0C 70 00 06 01 C3 00 79 00 00 03 72 00 78 80 9F 4C AB 7B FD 41 F2 3B 85 B8 00 E6 01 F4 6B 30 43 20 66 00 50 09 14 00 2C FF B6 00 00 65 45 03 01 FD C0 78 DA 0C 3A 9B 00 07 ED 1D 44 AA AA 
Time:	12:55:46,107
Send:	220001
Receive: 62 00 01 02 8C 00 BD 0C 6E 00 07 01 CD 00 79 00 00 03 70 00 76 80 2D 4C 57 7F DD 41 F2 3B 85 C5 00 E6 01 BA 6B 30 43 20 66 00 50 09 14 00 2C FF B9 00 00 65 45 03 01 FD C0 78 DA 0C 3A 9B 00 07 E7 1D 57 AA AA 
Time:	12:55:46,517
Send:	220001
Receive: 62 00 01 02 8D 00 BD 0C 6E 00 0A 01 CD 00 79 00 00 03 6B 00 77 80 4A 4C 93 81 5D 41 F2 3B 85 E3 00 E6 01 BA 6B 31 24 20 66 00 50 09 14 00 2C FF BE 00 00 65 45 03 01 FD C0 78 DA 0C 3A 9B 00 07 ED 1D 45 AA AA 
Time:	12:55:46,907
Send:	220001
Receive: 62 00 01 02 8C 00 BD 0C 5C 00 0A 01 C7 00 79 00 00 03 6D 00 73 80 A2 4C AA 7D 5D 41 F2 3B 85 D6 00 E6 01 BA 6B 30 43 20 66 00 50 09 14 00 2C FF C1 00 00 65 45 03 01 FD C0 78 DA 0C 3A 9B 00 07 EC 1D 78 AA AA 
Time:	12:55:47,312
Send:	220001
Receive: 62 00 01 02 8D 00 BD 0C 78 00 06 01 D8 00 79 00 00 03 7E 00 7D 80 5A 4C A9 7F FD 41 F2 3B 85 6E 00 E6 01 A2 6B 31 24 20 66 00 50 09 14 00 2C FF C6 00 00 65 45 03 01 FD C0 78 DA 0C 3A 9B 00 07 D3 1D 4A AA AA 
Time:	12:55:47,727
Send:	220001
Receive: 62 00 01 02 8D 00 BD 0C 7A 00 0E 01 DB 00 79 00 00 03 75 00 79 80 73 4C 89 81 DD 41 F2 3B 85 9D 00 E6 01 A2 6B 31 24 20 66 00 50 09 15 00 2C FF C4 00 00 65 45 03 01 FD C0 78 DA 0C 3A 9B 00 07 E1 1D 48 AA AA 
Time:	12:55:48,157
Send:	220001
Receive: 62 00 01 02 8C 00 BD 0C 6E 00 0C 01 C4 00 79 00 00 03 6D 00 79 80 A1 4C AB 7E 7D 41 F2 3B 85 CD 00 E6 01 BA 6B 31 24 1F 54 00 50 09 15 00 2C FF C6 00 00 65 45 03 01 FD C0 78 DA 0C 3A 9B 00 07 E6 1D 52 AA AA 
Time:	12:55:48,551
Send:	220001
Receive: 62 00 01 02 8C 00 BD 0C 70 00 08 01 C2 00 79 00 00 03 6B 00 76 80 7B 4C A9 80 9D 41 F2 3B 85 E3 00 E6 01 BA 6B 31 24 1F 54 00 50 09 15 00 2C FF C4 00 00 65 45 03 01 FD C0 78 DA 0C 3A 9B 00 07 D1 1D 56 AA AA 
Time:	12:55:48,957
Send:	220001

Fixed toLineMF: 03E 62 00 01 02 8D 00 00 79 00 00 03 66 00 78 80 31 4C 6A 82 3D 41 F2 3B 85 F9 00 E6 01 E6 6B 31 24 1F 54 00 50 09 15 00 2C FF C9 00 00 65 45 03 01 FD C0 78 DA 0C 3A 9B 00 08 0A 1D 52 AA AA 
Receive: 62 00 01 02 8D 00 00 79 00 00 03 66 00 78 80 31 4C 6A 82 3D 41 F2 3B 85 F9 00 E6 01 E6 6B 31 24 1F 54 00 50 09 15 00 2C FF C9 00 00 65 45 03 01 FD C0 78 DA 0C 3A 9B 00 08 0A 1D 52 AA AA 

Fixed toLineMF: 03E 62 00 01 02 8D 00 00 79 00 00 03 66 00 78 80 31 4C 6A 82 3D 41 F2 3B 85 F9 00 E6 01 E6 6B 31 24 1F 54 00 50 09 15 00 2C FF C9 00 00 65 45 03 01 FD C0 78 DA 0C 3A 9B 00 08 0A 1D 52 AA AA 
Time:	12:55:49,356
Send:	220001
Receive: 62 00 01 02 8D 00 BD 0C 84 00 0B 01 C9 00 79 00 00 03 6D 00 7A 80 34 4C A6 7E BD 41 F2 3B 85 CD 00 E6 01 E6 6B 31 24 1F 54 00 50 09 15 00 2C FF C6 00 00 65 45 03 01 FD C0 78 DA 0C 3A 9B 00 07 EC 1D 3D AA AA 
Time:	12:55:49,738
Send:	220001
Receive: 62 00 01 02 8C 00 BD 0C 70 00 10 01 C0 00 79 00 00 03 68 00 74 80 94 4C AB 7D 1D 41 F2 3B 85 F5 00 E6 01 E6 6C 30 43 1F 54 00 50 09 15 00 2C FF C1 00 00 65 45 03 01 FD C0 78 DA 0C 3A 9B 00 07 BA 1D 57 AA AA 
Time:	12:55:50,127
Send:	220001

Fixed toLineMF: 037 62 00 01 02 8C 00 BD 0C 72 00 09 01 D7 00 79 00 00 03 76 00 78 80 2B 4C A1 81 1D 01 C7 6C 30 43 1F 54 C6 00 00 65 45 03 01 FD C0 78 DA 0C 3A 9B 00 07 C9 1D 51 AA AA 
Receive: 62 00 01 02 8C 00 BD 0C 72 00 09 01 D7 00 79 00 00 03 76 00 78 80 2B 4C A1 81 1D 01 C7 6C 30 43 1F 54 C6 00 00 65 45 03 01 FD C0 78 DA 0C 3A 9B 00 07 C9 1D 51 AA AA 

Fixed toLineMF: 037 62 00 01 02 8C 00 BD 0C 72 00 09 01 D7 00 79 00 00 03 76 00 78 80 2B 4C A1 81 1D 01 C7 6C 30 43 1F 54 C6 00 00 65 45 03 01 FD C0 78 DA 0C 3A 9B 00 07 C9 1D 51 AA AA 
Time:	12:55:50,509
Send:	220001
Receive: 62 00 01 02 8D 00 BD 0C 8C 00 07 01 D4 00 79 00 00 03 73 00 7B 80 2E 4C 30 82 5D 41 F2 3B 85 AF 00 E6 01 C7 6C 31 24 1F 54 00 50 09 15 00 2C FF C4 00 00 65 45 03 01 FD C0 78 DA 0C 3A 9B 00 07 D8 1D 14 AA AA 
Time:	12:55:50,897
Send:	220001
Receive: 62 00 01 02 8D 00 BD 0C 8C 00 08 01 C8 00 79 00 00 03 67 00 78 80 9E 4C A1 7F FD 41 F2 3B 85 F9 00 E6 01 C7 6C 31 24 1F 54 00 50 09 15 00 2C FF BB 00 00 65 45 03 01 FD C0 78 DA 0C 3A 9B 00 07 CB 1D 19 AA AA 
Time:	12:55:51,293
Send:	220001
Receive: 62 00 01 02 8C 00 BD 0C 8A 00 07 01 C8 00 77 00 00 03 6D 00 78 80 A1 4C AE 7E 5D 41 F2 3B 85 D2 00 E6 01 BA 6C 31 24 1F 54 00 50 09 15 00 2C FF B6 00 00 65 45 03 01 FD C0 78 DA 0C 3A 9B 00 07 BC 1D 2E AA AA 
Time:	12:55:51,677
Send:	220001
Receive: 62 00 01 02 8C 00 BD 0C 6E 00 0E 01 BF 00 77 00 00 03 6B 00 79 80 33 4C A6 7D 1D 41 F2 3B 85 DF 00 E6 01 BA 6C 31 24 1F 54 00 50 09 15 00 2C FF BE 00 00 65 45 03 01 FD C0 78 DA 0C 3A 9B 00 07 FA 1D 33 AA AA 
Time:	12:55:52,069
Send:	220001
Receive: 62 00 01 02 8D 00 BD 0C 78 00 0A 01 D4 00 77 00 00 03 70 00 79 80 2A 4C 46 81 BD 41 F2 3B 85 C0 00 E6 01 E6 6C 31 24 1E 43 00 50 09 15 00 2C FF BE 00 00 65 45 03 01 FD C0 78 DA 0C 3A 9B 00 07 DC 1D 25 AA AA 
Time:	12:55:52,449
Send:	220001
Receive: 62 00 01 02 8C 00 BD 0C 90 00 0B 01 CD 00 79 00 00 03 5D 00 76 80 38 4C 94 83 5D 41 F2 3B 86 02 00 E6 01 E6 6C 30 43 1E 43 00 50 09 16 00 2C FF B3 00 00 65 45 03 01 FD C0 78 DA 0C 3A 9B 00 07 C2 1D 12 AA AA 
Time:	12:55:52,837
Send:	220001

Fixed toLineMF: 03E 62 00 01 02 8C 00 BD 0C 8E 00 08 01 C9 79 80 A8 4C AF 7F 3D 41 F2 3B 85 DB 00 E6 01 E6 6C 30 43 1E 43 00 50 09 16 00 2C FF AB 00 00 65 45 03 01 FD C0 78 DA 0C 3A 9B 00 07 C9 1D 13 AA AA 
Receive: 62 00 01 02 8C 00 BD 0C 8E 00 08 01 C9 79 80 A8 4C AF 7F 3D 41 F2 3B 85 DB 00 E6 01 E6 6C 30 43 1E 43 00 50 09 16 00 2C FF AB 00 00 65 45 03 01 FD C0 78 DA 0C 3A 9B 00 07 C9 1D 13 AA AA 

Fixed toLineMF: 03E 62 00 01 02 8C 00 BD 0C 8E 00 08 01 C9 79 80 A8 4C AF 7F 3D 41 F2 3B 85 DB 00 E6 01 E6 6C 30 43 1E 43 00 50 09 16 00 2C FF AB 00 00 65 45 03 01 FD C0 78 DA 0C 3A 9B 00 07 C9 1D 13 AA AA 
Time:	12:55:53,219
Send:	220001
Receive: 62 00 01 02 8C 00 BD 0C 70 00 13 01 CB 00 77 00 00 03 75 00 79 80 A4 4C AF 7D FD 41 F2 3B 85 9D 00 E6 01 BA 6C 30 43 1E 43 00 50 09 16 00 2C FF AB 00 00 65 45 03 01 FD C0 78 DA 0C 3A 9B 00 07 DF 1D 5D AA AA 
Time:	12:55:53,607
Send:	220001
Receive: 62 00 01 02 8D 00 BD 0C 72 00 0A 01 D5 00 77 00 00 03 73 00 7A 80 85 4C AB 81 BD 41 F2 3B 85 A6 00 E6 01 BA 6C 31 24 1E 43 00 50 09 16 00 2C FF B0 00 00 65 45 03 01 FD C0 78 DA 0C 3A 9B 00 07 DF 1D 35 AA AA 
Time:	12:55:54,006
Send:	220001
Receive: 62 00 01 02 8D 00 BD 0C 9A 00 06 01 C7 00 79 00 00 03 67 00 78 80 8C 4C A9 7F 9D 41 F2 3B 85 F9 00 E6 01 F4 6C 30 43 1E 43 00 50 09 16 00 2C FF A5 00 00 65 45 03 01 FD C0 78 DA 0C 3A 9B 00 07 BB 1C FA AA AA 
Time:	12:55:54,407
Send:	220001
Receive: 62 00 01 02 8C 00 BD 0C 6A 00 0A 01 C0 00 79 00 00 03 64 00 76 80 A5 4C AD 7D FD 41 F2 3A 85 F9 00 E6 01 F4 6C 31 24 1E 43 00 50 09 16 00 2C FF AB 00 00 65 45 03 01 FD C0 78 DA 0C 3A 9B 00 07 D9 1D 3F AA AA 
Time:	12:55:54,809
Send:	220001
Receive: 62 00 01 02 8C 00 BD 0C 5A 00 13 01 CA 00 79 00 00 03 67 00 78 80 29 4C 74 80 7D 41 F2 3A 85 F5 00 E6 01 F4 6C 30 43 1E 43 00 50 09 16 00 2C FF B3 00 00 65 45 03 01 FD C0 78 DA 0C 3A 9B 00 07 EB 1D 56 AA AA 
Time:	12:55:55,206
Send:	220001
Receive: 62 00 01 02 8C 00 BD 0C 78 00 0A 01 CA 00 77 00 00 03 64 00 76 80 29 4C 3A 82 1D 41 F2 3A 85 F9 00 E6 01 D9 6C 30 43 1E 43 00 50 09 16 00 2C FF B3 00 00 65 45 03 01 FD C0 78 DA 0C 3A 9B 00 07 E1 1D 2E AA AA 
Time:	12:55:55,609
Send:	220001
Receive: 62 00 01 02 8D 00 BD 0C 82 00 08 01 CD 00 79 00 00 03 6D 00 78 80 A0 4C A3 7E FD 41 F2 3A 85 D6 00 E6 01 D9 6C 30 43 1D 27 00 50 09 16 00 2C FF B3 00 00 65 45 03 01 FD C0 78 DA 0C 3A 9B 00 07 D5 1D 19 AA AA 
Time:	12:55:56,027
Send:	220001
Receive: 62 00 01 02 8D 00 BE 0C 96 00 04 01 C2 00 77 00 00 03 67 00 7A 80 A2 4C AD 7C DD 41 F2 3A 85 F5 00 E6 01 C7 6C 31 24 1D 27 00 50 09 16 00 2C FF A8 00 00 65 45 03 01 FD C0 78 DA 0C 3A 9B 00 07 D5 1D 00 AA AA 
Time:	12:55:56,429
Send:	220001
Receive: 62 00 01 02 8D 00 BE 0C 76 00 0A 01 C9 00 77 00 00 03 60 00 76 80 37 4C A5 7F FD 41 F2 3A 85 FE 00 E6 01 C7 6C 30 43 1D 27 00 50 09 16 00 2C FF AB 00 00 65 45 03 01 FD C0 78 DA 0C 3A 9B 00 07 BF 1D 1E AA AA 
Time:	12:55:56,828
Send:	220001
Receive: 62 00 01 02 8D 00 BE 0C 6C 00 0B 01 D7 00 79 00 00 03 73 00 7B 80 2D 4C 3C 81 7D 41 F2 3A 85 AB 00 E6 01 C7 6C 31 24 1D 27 00 50 09 16 00 2C FF B3 00 00 65 45 03 01 FD C0 78 DA 0C 3A 9B 00 07 FB 1D 5D AA AA 
Time:	12:55:57,212
Send:	220001
Receive: 62 00 01 02 8D 00 BE 0C 90 00 00 01 CD 00 79 00 00 03 6C 00 78 80 97 4C 9D 7F 5D 41 F2 3A 85 DB 00 E6 01 F4 6C 30 43 1D 27 00 50 09 16 00 2C FF A8 00 00 65 45 03 01 FD C0 78 DA 0C 3A 9B 00 07 B5 1D 35 AA AA 
Time:	12:55:57,614
Send:	220001
Receive: 62 00 01 02 8D 00 BE 0C 80 00 06 01 C8 00 77 00 00 03 70 00 7A 80 A4 4C AF 7D 5D 41 F2 3A 85 C5 00 E6 01 F4 6C 31 24 1D 27 00 50 09 17 00 2C FF AB 00 00 65 45 03 01 FD C0 78 DA 0C 3A 9B 00 07 E4 1D 30 AA AA 
Time:	12:55:58,030
Send:	220001
Receive: 62 00 01 02 8D 00 BE 0C 7C 00 09 01 BF 00 77 00 00 03 65 00 77 80 33 4C AA 7B FD 41 F2 3A 85 F9 00 E6 01 BA 6C 30 43 1D 27 00 50 09 17 00 2C FF AB 00 00 65 45 03 01 FD C0 78 DA 0C 3A 9B 00 07 D1 1D 2E AA AA 
Time:	12:55:58,432
Send:	220001
Receive: 62 00 01 02 8D 00 BE 0C 7A 00 08 01 CF 00 77 00 00 03 69 00 79 80 2B 4C 6A 80 5D 41 F2 3A 85 EC 00 E6 01 BA 6C 31 24 1D 27 00 50 09 17 00 2C FF AD 00 00 65 45 03 01 FD C0 78 DA 0C 3A 9B 00 07 D9 1D 2F AA AA 
Time:	12:55:58,832
Send:	220001
Receive: 62 00 01 02 8D 00 BE 0C 7A 00 07 01 D7 00 79 00 00 03 6B 00 79 80 94 4C 9A 7E 9D 41 F2 3A 85 DF 00 E6 01 BA 6C 31 24 1D 27 00 50 09 17 00 2C FF B0 00 00 65 45 03 01 FD C0 78 DA 0C 3A 9B 00 07 D1 1D 25 AA AA 
Time:	12:55:59,262
Send:	220001
Receive: 62 00 01 02 8D 00 BE 0C 82 00 0A 01 C2 00 79 00 00 03 64 00 78 80 A0 4C A7 7C FD 41 F2 3A 85 F9 00 E6 01 E6 6C 31 24 1D 27 00 50 09 17 00 2C FF AB 00 00 65 45 03 01 FD C0 78 DA 0C 3A 9B 00 07 BD 1D 1E AA AA 
Time:	12:55:59,660
Send:	220001
Receive: 62 00 01 02 8D 00 BE 0C 4E 00 11 01 C9 00 77 00 00 03 5D 00 74 80 73 4C A9 80 BD 41 F2 3A 86 02 00 E6 01 E6 6C 30 43 1C 1F 00 50 09 17 00 2C FF B8 00 00 65 45 03 01 FD C0 78 DA 0C 3A 9B 00 07 D8 1D 6E AA AA 
Time:	12:56:00,048
Send:	220001
Receive: 62 00 01 02 8C 00 BE 0C 6E 00 10 01 DB 00 79 00 00 03 75 00 78 80 32 4C 58 82 5D 41 F2 3A 85 A6 00 E6 01 E6 6C 30 43 1C 1F 00 50 09 17 00 2C FF B6 00 00 65 45 03 01 FD C0 78 DA 0C 3A 9B 00 07 B2 1D 41 AA AA 
Time:	12:56:00,439
Send:	220001
Receive: 62 00 01 02 8C 00 BE 0C 8C 00 07 01 CA 00 79 00 00 03 6C 00 7A 80 A2 4C AD 7E BD 41 F2 3A 85 DB 00 E6 01 E6 6C 31 24 1C 1F 00 50 09 17 00 2C FF B3 00 00 65 45 03 01 FD C0 78 DA 0C 3A 9B 00 07 D8 1D 19 AA AA 
Time:	12:56:00,832
Send:	220001
Receive: 62 00 01 02 8D 00 BE 0C 72 00 0A 01 C8 00 77 00 00 03 6B 00 78 80 99 4C AE 7D 1D 41 F2 3A 85 E3 00 E6 01 E6 6C 31 24 1C 1F 00 50 09 17 00 2C FF B6 00 00 65 45 03 01 FD C0 78 DA 0C 3A 9B 00 07 D7 1D 39 AA AA 
Time:	12:56:01,227
Send:	220001
Receive: 62 00 01 02 8C 00 BE 0C 64 00 08 01 CA 00 79 00 00 03 65 00 73 80 90 4C A8 80 1D 41 F2 3A 85 F9 00 E6 01 BA 6C 2F 62 1C 1F 00 50 09 17 00 2C FF BB 00 00 65 45 03 01 FD C0 78 DA 0C 3A 9B 00 07 A3 1D 48 AA AA 
Time:	12:56:01,609
Send:	220001
Receive: 62 00 01 02 8D 00 BE 0C 68 00 11 01 D1 00 79 00 00 03 6D 00 79 80 33 4C A6 81 5D 41 F2 3A 85 D6 00 E6 01 BA 6C 31 24 1C 1F 00 50 09 18 00 2C FF BE 00 00 65 45 03 01 FD C0 78 DA 0C 3A 9B 00 07 DD 1D 39 AA AA 
Time:	12:56:01,997
Send:	220001
Receive: 62 00 01 02 8D 00 BE 0C 7E 00 0B 01 BF 00 77 00 00 03 62 00 77 80 9A 4C AA 7D 7D 41 F2 3A 85 FE 00 E6 01 E6 6C 30 43 1C 1F 00 50 09 18 00 2C FF BB 00 00 65 45 03 01 FD C0 78 DA 0C 3A 9B 00 07 CB 1D 39 AA AA 
Time:	12:56:02,389
Send:	220001
Receive: 62 00 01 02 8D 00 BE 0C 70 00 05 01 CA 00 79 00 00 03 70 00 78 80 98 4C AB 7B DD 41 F2 3A 85 BC 00 E6 01 E6 6C 31 24 1C 1F 00 50 09 18 00 2C FF BE 00 00 65 45 03 01 FD C0 78 DA 0C 3A 9B 00 07 B3 1D 5D AA AA 
Time:	12:56:02,797
Send:	220001
Receive: 62 00 01 02 8C 00 BE 0C 60 00 0F 01 CB 00 77 00 00 03 6D 00 79 80 2A 4C 44 7E FD 41 F2 3A 85 CD 00 E6 01 E6 6C 31 24 1C 1F 00 50 09 18 00 2C FF C9 00 00 65 45 03 01 FD C0 78 DA 0C 3A 9B 00 07 E6 1D 53 AA AA 
Time:	12:56:03,180
Send:	220001
Receive: 62 00 01 02 8C 00 BE 0C 74 00 0E 01 CE 00 79 00 00 03 6B 00 79 80 2A 4C 2F 80 7D 41 F2 3A 85 E3 00 E6 01 E6 6C 31 24 1C 1F 00 50 09 18 00 2C FF C9 00 00 65 45 03 01 FD C0 78 DA 0C 3A 9B 00 07 D7 1D 39 AA AA 
Time:	12:56:03,620
Send:	220001
Receive: 62 00 01 02 8C 00 BE 0C 76 00 0D 01 BC 00 7C 00 00 03 5A 00 75 80 96 4C A3 7E 5D 41 F2 3A 86 02 00 E6 01 E6 6C 30 43 1B 37 00 50 09 18 00 2C FF C6 00 00 65 45 03 01 FD C0 78 DA 0C 3A 9B 00 07 CE 1D 34 AA AA 
Time:	12:56:04,009
Send:	220001
Receive: 62 00 01 02 8D 00 BE 0C 74 00 0C 01 C1 00 79 00 00 03 68 00 78 80 9C 4C A7 7C BD 41 F2 3A 85 F5 00 E6 01 AD 6C 31 24 1B 37 00 50 09 18 00 2C FF C9 00 00 65 45 03 01 FD C0 78 DA 0C 3A 9B 00 07 EC 1D 24 AA AA 
Time:	12:56:04,440
Send:	220001
Receive: 62 00 01 02 8D 00 BE 0C 76 00 08 01 C7 00 79 00 00 03 61 00 78 80 29 4C 86 7F FD 41 F2 3A 85 FE 00 E6 01 AD 6C 31 24 1B 37 00 50 09 19 00 2C FF CC 00 00 65 45 03 01 FD C0 78 DA 0C 3A 9B 00 07 E1 1D 34 AA AA 
Time:	12:56:04,827
Send:	220001
Receive: 62 00 01 02 8D 00 BE 0C 6C 00 08 01 D1 00 79 00 00 03 69 00 78 80 31 4C 2F 81 7D 41 F2 3A 85 F0 00 E6 01 AD 6C 31 24 1B 37 00 50 09 19 00 2C FF D1 00 00 65 45 03 01 FD C0 78 DA 0C 3A 9B 00 07 E2 1D 53 AA AA 
Time:	12:56:05,217
Send:	220001
Receive: 62 00 01 02 8D 00 BE 0C 74 00 0A 01 CB 00 79 00 00 03 70 00 78 80 85 4C 9D 7E 7D 41 F2 3A 85 C0 00 E6 01 E6 6C 31 24 1B 37 00 50 09 19 00 2C FF D1 00 00 65 45 03 01 FD C0 78 DA 0C 3A 9B 00 07 D9 1D 48 AA AA 
Time:	12:56:05,610
Send:	220001
Receive: 62 00 01 02 8D 00 BE 0C 70 00 09 01 C2 00 79 00 00 03 69 00 76 80 99 4C AB 7C DD 41 F2 3A 85 EC 00 E6 01 E6 6C 30 43 1B 37 00 50 09 19 00 2C FF D1 00 00 65 45 03 01 FD C0 78 DA 0C 3A 9B 00 07 DE 1D 59 AA AA 
Time:	12:56:06,007
Send:	220001
Receive: 62 00 01 02 8D 00 BE 0C 5A 00 0E 01 C4 00 79 00 00 03 6F 00 76 80 2B 4C A4 7F 1D 41 F2 3A 85 C9 00 E6 01 BA 6D 30 43 1B 37 00 50 09 19 00 2C FF DC 00 00 65 45 03 01 FD C0 78 DA 0C 3A 9B 00 07 EF 1D 7B AA AA 
Time:	12:56:06,389
Send:	220001
Receive: 62 00 01 02 8D 00 BE 0C 54 00 0F 01 D2 00 79 00 00 03 75 00 76 80 2B 4C 34 80 9D 41 F2 3A 85 A2 00 E6 01 BA 6D 30 43 1B 37 00 50 09 19 00 2C FF E5 00 00 65 45 03 01 FD C0 78 DA 0C 3A 9B 00 07 C6 1D 9C AA AA 
Time:	12:56:06,778
Send:	220001
Receive: 62 00 01 02 8D 00 BE 0C 78 00 04 01 D8 00 79 00 00 03 72 00 79 80 41 4C 90 82 3D 41 F2 3A 85 B3 00 E6 01 BA 6D 31 24 1B 37 00 50 09 19 00 2C FF E8 00 00 65 45 03 01 FD C0 78 DA 0C 3A 9B 00 07 D8 1D 57 AA AA 
Time:	12:56:07,174
Send:	220001
Receive: 62 00 01 02 8C 00 BE 0C 82 00 06 01 C9 00 79 00 00 03 6D 00 7A 80 A5 4C AD 7D BD 41 F2 3A 85 CD 00 E6 01 E6 6D 31 24 1B 37 00 50 09 19 00 2C FF E5 00 00 65 45 03 01 FD C0 78 DA 0C 3A 9B 00 07 C4 1D 4B AA AA 
Time:	12:56:07,557
Send:	220001
Receive: 62 00 01 02 8C 00 BF 0C 76 00 14 01 BD 00 79 00 00 03 6C 00 79 80 9A 4C AC 7C 1D 41 F2 3A 85 DB 00 E6 01 E6 6D 31 24 1B 37 00 50 09 19 00 2C FF E5 00 00 65 45 03 01 FD C0 78 DA 0C 3A 9B 00 07 D8 1D 30 AA AA 
Time:	12:56:07,937
Send:	220001
Receive: NO DATA
Time:	12:56:08,264
Send:	220001
Receive: NO DATA
Time:	12:56:08,553
Send:	220001
Receive: NO DATA
Time:	12:56:08,836
Send:	220001
Receive: NO DATA
Time:	12:56:09,126
Send:	220001
Receive: NO DATA
Time:	12:56:09,441
Send:	220001
Receive: NO DATA
Time:	12:56:09,735
Send:	220001
Receive: NO DATA
Time:	12:56:10,022
Send:	220001
Receive: 62 00 01 02 8D 00 BF 0C 7A 00 09 01 D4 00 79 00 00 03 6F 00 7A 80 2B 4C 4F 82 5D 41 F2 39 85 C5 00 E6 01 E6 6D 31 24 1A 78 00 50 09 1A 00 2C FF DF 00 00 65 45 03 01 FD C0 78 DA 0C 3A 9B 00 07 E2 1D 59 AA AA 
Time:	12:56:10,411
Send:	220001
Receive: 62 00 01 02 8C 00 BF 0C 88 00 02 01 CF 00 79 00 00 03 6F 00 78 80 9A 4C 92 7F DD 41 F2 39 85 C5 00 E6 01 E6 6D 31 24 1A 78 00 50 09 1A 00 2C FF DA 00 00 65 45 03 01 FD C0 78 DA 0C 3A 9B 00 07 CA 1D 36 AA AA 
Time:	12:56:10,799
Send:	220001
Receive: 62 00 01 02 8D 00 BF 0C 78 00 07 01 C6 00 79 00 00 03 69 00 78 80 9E 4C AB 7E 3D 41 F2 39 85 F0 00 E6 01 E6 6D 31 24 1A 78 00 50 09 1A 00 2C FF DC 00 00 65 45 03 01 FD C0 78 DA 0C 3A 9B 00 07 D0 1D 61 AA AA 
Time:	12:56:11,208
Send:	220001

Fixed toLineMF: 03E 62 00 01 02 8C 00 BF 0C 66 00 10 01 C8 00 79 00 00 03 79 00 7B 80 62 4C A9 7C DD 41 F2 39 85 8C 00 E6 01 AD 6D 31 24 1A 78 E5 00 00 65 45 03 01 FD C0 78 DA 0C 3A 9B 00 07 F0 1D 5D AA AA 
Receive: 62 00 01 02 8C 00 BF 0C 66 00 10 01 C8 00 79 00 00 03 79 00 7B 80 62 4C A9 7C DD 41 F2 39 85 8C 00 E6 01 AD 6D 31 24 1A 78 E5 00 00 65 45 03 01 FD C0 78 DA 0C 3A 9B 00 07 F0 1D 5D AA AA 

Fixed toLineMF: 03E 62 00 01 02 8C 00 BF 0C 66 00 10 01 C8 00 79 00 00 03 79 00 7B 80 62 4C A9 7C DD 41 F2 39 85 8C 00 E6 01 AD 6D 31 24 1A 78 E5 00 00 65 45 03 01 FD C0 78 DA 0C 3A 9B 00 07 F0 1D 5D AA AA 
Time:	12:56:11,605
Send:	220001
Receive: 62 00 01 02 8C 00 BF 0C 7E 00 0C 01 C9 00 79 00 00 03 66 00 78 80 28 4C 2B 81 3D 41 F2 39 85 F9 00 E6 01 AD 6D 31 24 1A 78 00 50 09 1A 00 2C FF E2 00 00 65 45 03 01 FD C0 78 DA 0C 3A 9B 00 07 E0 1D 44 AA AA 
Time:	12:56:11,997
Send:	220001
Receive: 62 00 01 02 8C 00 BF 0C 80 00 0B 01 D4 00 79 00 00 03 69 00 77 80 2D 4C 98 82 FD 41 F2 39 85 F0 00 E6 01 E6 6D 30 43 1A 78 00 50 09 1A 00 2C FF DF 00 00 65 45 03 01 FD C0 78 DA 0C 3A 9B 00 07 E6 1D 31 AA AA 
Time:	12:56:12,397
Send:	220001
Receive: 62 00 01 02 8D 00 BF 0C 94 00 0B 01 D1 00 79 00 00 03 6F 00 79 80 9C 4C A6 80 1D 41 F2 39 85 C9 00 E6 01 E6 6D 31 24 19 B6 00 50 09 1A 00 2C FF D4 00 00 65 45 03 01 FD C0 78 DA 0C 3A 9B 00 07 B8 1D 20 AA AA 
Time:	12:56:12,797
Send:	220001
Receive: 62 00 01 02 8C 00 BF 0C 84 00 08 01 BF 00 79 00 00 03 5A 00 74 80 9E 4C AA 7E 9D 41 F2 39 86 02 00 E6 01 E6 6D 30 43 19 B6 00 50 09 1A 00 2C FF D1 00 00 65 45 03 01 FD C0 78 DA 0C 3A 9B 00 07 CF 1D 16 AA AA 
Time:	12:56:13,265
Send:	220001
Receive: 62 00 01 02 8C 00 BF 0C 86 00 03 01 CE 00 79 00 00 03 7F 00 7C 80 27 4C 4B 7D 1D 41 F2 39 85 65 00 E6 01 E6 6D 32 0A 19 B6 00 50 09 1A 00 2C FF DA 00 00 65 45 03 01 FD C0 78 DA 0C 3A 9B 00 07 D1 1D 53 AA AA 
Time:	12:56:13,668
Send:	220001
Receive: 62 00 01 02 8D 00 BF 0C 8A 00 05 01 D2 00 79 00 00 03 6C 00 78 80 2D 4C 33 81 DD 41 F2 39 85 DB 00 E6 01 E6 6D 30 43 19 B6 00 50 09 1A 00 2C FF D4 00 00 65 45 03 01 FD C0 78 DA 0C 3A 9B 00 07 C9 1D 3A AA AA 
Time:	12:56:14,079
Send:	220001
Receive: 62 00 01 02 8D 00 BF 0C 96 00 05 01 CA 00 79 00 00 03 6B 00 7A 80 9B 4C 9F 7F DD 41 F2 39 85 E3 00 E6 01 F4 6D 2E 7C 19 B6 00 50 09 1A 00 2C FF CF 00 00 65 45 03 01 FD C0 78 DA 0C 3A 9B 00 07 CB 1D 20 AA AA 
Time:	12:56:14,469
Send:	220001
Receive: 62 00 01 02 8C 00 BF 0C 76 00 02 01 C0 00 79 00 00 03 5A 00 74 80 A9 4C AD 7E 3D 41 F2 39 86 02 00 E6 01 F4 6D 2D 9B 19 B6 00 50 09 1A 00 2C FF CF 00 00 65 45 03 01 FD C0 78 DA 0C 3A 9B 00 07 C6 1D 29 AA AA 
Time:	12:56:14,867
Send:	220001
Receive: 62 00 01 02 8C 00 BF 0C 80 00 0D 01 B9 00 79 00 00 03 59 00 76 80 2C 4C A5 7C DD 41 F2 39 86 02 00 E6 01 F4 6D 2B D4 19 B6 00 50 09 1A 00 2C FF CC 00 00 65 45 03 01 7D C0 78 DA 0C 3A 9B 00 07 CD 1D 1F AA AA 
Time:	12:56:15,279
Send:	220001
Receive: 62 00 01 02 8D 00 BF 0C 84 00 09 01 CF 00 79 00 00 03 63 00 78 80 2A 4C 42 81 3D 41 F2 39 85 F9 00 E6 01 BA 6D 2A F3 19 B6 00 50 09 1A 00 2C FF C6 00 00 65 45 03 01 7D C0 78 DA 0C 3A 9B 00 07 CB 1D 24 AA AA 
Time:	12:56:15,676
Send:	220001
Receive: 62 00 01 02 8D 00 BF 0C 84 00 09 01 D1 00 79 00 00 03 66 00 79 80 7A 4C 8F 82 DD 41 F2 39 85 F9 00 E6 01 BA 6D 29 31 19 B6 00 50 09 1A 00 2C FF C1 00 00 65 45 03 01 7D C0 78 DA 0C 3A 9B 00 07 B8 1D 14 AA AA 
Time:	12:56:16,085
Send:	220001
Receive: 62 00 01 02 8D 00 BF 0C 84 00 0A 01 C4 00 79 00 00 03 5F 00 77 80 93 4C A7 7E 3D 41 F2 39 85 FE 00 E6 01 E6 6D 27 6A 19 B6 00 50 09 1B 00 2C FF C1 00 00 65 45 03 01 7D C0 78 DA 0C 3A 9B 00 07 BB 1D 07 AA AA 
Time:	12:56:16,470
Send:	220001
Receive: 62 00 01 02 8D 00 BF 0C 6E 00 0B 01 CE 00 79 00 00 03 62 00 78 80 37 4C A1 81 7D 41 F2 39 85 FE 00 E6 01 E6 6D 26 89 19 B6 00 50 09 1B 00 2C FF C3 00 00 65 45 03 01 7D C0 78 DA 0C 3A 9B 00 07 DF 1D 33 AA AA 
Time:	12:56:16,859
Send:	220001
Receive: 62 00 01 02 8D 00 BF 0C 8C 00 0A 01 D4 00 79 00 00 03 64 00 78 80 2E 4C 45 83 1D 41 F2 39 85 F9 00 E6 01 E6 6D 24 C2 19 B6 00 50 09 1B 00 2C FF BB 00 00 65 45 03 01 7D C0 78 DA 0C 3A 9B 00 07 AE 1C EB AA AA 
Time:	12:56:17,239
Send:	220001
Receive: 62 00 01 02 8C 00 BF 0C 98 00 05 01 C7 00 79 00 00 03 5D 00 77 80 A1 4C A6 7F BD 41 F2 39 85 FE 00 E6 01 E6 6D 23 E1 19 B6 00 50 09 1B 00 2C FF B0 00 00 65 45 03 01 7D C0 78 DA 0C 3A 9B 00 07 AD 1C DE AA AA 
Time:	12:56:17,626
Send:	220001
Receive: 62 00 01 02 8C 00 BF 0C 76 00 0D 01 BB 00 79 00 00 03 50 00 73 80 87 4C A9 7E 3D 41 F2 39 86 0B 00 E6 01 E6 6D 22 1A 19 B6 00 50 09 1B 00 2C FF B3 00 00 65 45 03 01 7D C0 78 DA 0C 3A 9B 00 07 A1 1D 00 AA AA 
Time:	12:56:18,019
Send:	220001
Receive: 62 00 01 02 8D 00 BF 0C 5E 00 0B 01 CF 00 7C 00 00 03 63 00 77 80 2D 4C A5 81 DD 41 F2 39 85 F9 00 E6 01 CC 6D 21 39 19 B6 00 50 09 1B 00 2C FF BE 00 00 65 45 03 01 7D C0 78 DA 0C 3A 9B 00 07 BF 1D 1C AA AA 
Time:	12:56:18,401
Send:	220001
Receive: 62 00 01 02 8D 00 BF 0C 6C 00 10 01 D0 00 7C 00 00 03 5A 00 74 80 30 4C 30 83 5D 41 F2 39 86 02 00 E6 01 CC 6D 1F 72 19 B6 00 50 09 1B 00 2C FF BE 00 00 65 45 03 01 7D C0 78 DA 0C 3A 9B 00 07 AD 1D 28 AA AA 
Time:	12:56:18,822
Send:	220001
Receive: 62 00 01 02 8D 00 BF 0C 74 00 0E 01 BF 00 7C 00 00 03 50 00 74 80 A0 4C A8 7F DD 41 F2 39 86 0B 00 E6 01 CC 6D 1D B0 19 B6 00 50 09 1B 00 2C FF C1 00 00 65 45 03 01 7D C0 78 DA 0C 3A 9B 00 07 9B 1D 12 AA AA 
Time:	12:56:19,206
Send:	220001
Receive: 62 00 01 02 8D 00 C0 0C 8E 00 07 01 C6 00 7C 00 00 03 62 00 78 80 9A 4C AA 7E 9D 41 F2 39 85 FE 00 E6 01 E6 6D 1C CA 19 B6 00 50 09 1B 00 2C FF B8 00 00 65 45 03 01 7D C0 78 DA 0C 3A 9B 00 07 8B 1D 18 AA AA 
Time:	12:56:19,598
Send:	220001
Receive: 62 00 01 02 8D 00 C0 0C 74 00 09 01 C9 00 7C 00 00 03 6C 00 79 80 78 4C A7 7D 7D 41 F2 39 85 DB 00 E6 01 E6 6D 1B E9 19 B6 00 50 09 1B 00 2C FF C1 00 00 65 45 03 01 7D C0 78 DA 0C 3A 9B 00 07 CD 1D 19 AA AA 
Time:	12:56:19,989
Send:	220001
Receive: 62 00 01 02 8D 00 C0 0C 7A 00 0A 01 D1 00 7E 00 00 03 5F 00 76 80 2A 4C 62 81 FD 41 F2 39 85 FE 00 E6 01 E6 6D 1A 22 19 B6 00 50 09 1C 00 2C FF C1 00 00 65 45 03 01 7D C0 78 DA 0C 3A 9B 00 07 CD 1D 16 AA AA 
Time:	12:56:20,389
Send:	220001
Receive: 62 00 01 02 8C 00 C0 0C 8C 00 0B 01 C4 00 7E 00 00 03 54 00 73 80 65 4C 96 80 1D 41 F2 39 86 06 00 E6 01 E6 6D 18 60 19 B6 00 50 09 1C 00 2C FF B6 00 00 65 45 03 01 7D C0 78 DA 0C 3A 9B 00 07 B9 1C FD AA AA 
Time:	12:56:20,799
Send:	220001
Receive: 62 00 01 02 8D 00 C0 0C 74 00 0B 01 C5 00 7E 00 00 03 5C 00 76 80 A1 4C AB 7E 9D 41 F2 39 86 02 00 E6 01 E6 6D 17 7F 19 B6 00 50 09 1C 00 2C FF B6 00 00 65 45 03 01 7D C0 78 DA 0C 3A 9B 00 07 CB 1D 2B AA AA 
Time:	12:56:21,223
Send:	220001
Receive: 62 00 01 02 8C 00 C0 0C 5E 00 0E 01 D1 00 7E 00 00 03 60 00 76 80 2B 4C 93 81 9D 41 F2 39 85 FE 00 E6 01 E6 6D 00 00 19 B6 00 50 09 1C 00 2C FF C3 00 00 65 45 03 01 F9 C0 78 DA 0C 3A 9B 00 07 DE 1D 6D AA AA 
Time:	12:56:21,609
Send:	220001
Receive: 62 00 01 02 8D 00 C0 0C 8E 00 03 01 DD 00 81 00 00 03 73 00 7D 80 2B 4C 2C 82 DD 41 F2 39 85 AF 00 E6 01 E6 6D 00 00 19 B6 00 50 09 19 00 2C FF BE 00 00 65 45 03 01 F9 C0 78 DA 0C 3A 9B 00 07 C1 1D 2F AA AA 
Time:	12:56:21,988
Send:	220001
Receive: 62 00 01 02 8D 00 C0 0C 88 00 00 01 D0 00 81 00 00 03 6B 00 7B 80 A5 4C A4 7F BD 41 F2 39 85 E3 00 E6 01 E6 6D 00 00 19 B6 00 50 09 19 00 2C FF BE 00 00 65 45 03 01 F9 C0 78 DA 0C 3A 9B 00 07 EC 1D 30 AA AA 
Time:	12:56:22,379
Send:	220001
Receive: 62 00 01 02 8C 00 C0 0C 84 00 03 01 D4 00 7E 00 00 03 72 00 79 80 99 4C A8 81 FD 41 F2 39 85 B8 00 E6 01 E6 6D 00 00 19 B6 00 50 09 16 00 2C FF BB 00 00 65 45 03 01 F9 C0 78 DA 0C 3A 9B 00 07 DD 1D 34 AA AA 
Time:	12:56:22,776
Send:	220001
Receive: 62 00 01 02 8D 00 C0 0C 86 00 04 01 DF 00 81 00 00 03 70 00 78 80 39 4C 94 83 9D 41 F2 39 85 BC 00 E6 01 E6 6D 00 00 19 B6 00 50 09 16 00 2C FF B8 00 00 65 45 03 01 F9 C0 78 DA 0C 3A 9B 00 07 C0 1D 56 AA AA 
Time:	12:56:23,169
Send:	220001
Receive: 62 00 01 02 8C 00 C0 0C 68 00 09 01 D1 00 81 00 00 03 6C 00 78 80 9F 4C A8 7F 3D 41 F2 39 85 DB 00 E6 01 F4 6D 00 00 19 B6 00 50 09 13 00 2C FF BE 00 00 65 45 03 01 F9 C0 78 DA 0C 3A 9B 00 07 E5 1D 8B AA AA 
Time:	12:56:23,577
Send:	220001
Receive: NO DATA
Time:	12:56:23,869
Send:	220001
Receive: NO DATA
Time:	12:56:24,146
Send:	220001
Receive: NO DATA
Time:	12:56:24,432
Send:	220001
Receive: NO DATA
Time:	12:56:24,731
Send:	220001
Receive: NO DATA
Time:	12:56:25,008
Send:	220001
Receive: NO DATA
Time:	12:56:25,299
Send:	220001
Receive: NO DATA
Time:	12:56:25,606
Send:	220001
Receive: 62 00 01 02 8D 00 C0 0C 4E 00 0F 01 E8 00 83 00 00 03 91 00 7D 80 29 4C 2B 80 3D 41 F2 3D 84 F9 00 E6 01 E6 6D 00 00 19 B6 00 50 09 0E 00 2C FF F3 00 00 65 45 03 01 F9 C0 78 DA 0C 3A 9B 00 08 27 1D E5 AA AA 
Time:	12:56:26,002
Send:	220001
Receive: 62 00 01 02 8D 00 C0 0C 90 00 06 01 E5 00 83 00 00 03 89 00 80 80 2C 4C 32 81 FD 41 F2 3D 85 24 00 E6 02 11 6D 00 00 19 B6 00 50 09 0E 00 2C FF EA 00 00 65 45 03 01 F9 C0 78 DA 0C 3A 9B 00 07 E5 1D A0 AA AA 
Time:	12:56:26,381
Send:	220001
Receive: 62 00 01 02 8C 00 C0 0C 76 00 08 01 D9 00 83 00 00 03 7E 00 79 80 A3 4C AA 7E BD 41 F2 3D 85 6E 00 E6 02 11 6D 00 00 19 B6 00 50 09 0E 00 2C FF EA 00 00 65 45 03 01 F9 C0 78 DA 0C 3A 9B 00 08 00 1D B4 AA AA 
Time:	12:56:26,797
Send:	220001
Receive: 62 00 01 02 8D 00 C0 0C 6C 00 0E 01 D8 00 83 00 00 03 89 00 7D 80 4C 4C A7 7D 7D 41 F2 3D 85 24 00 E6 02 11 6D 00 00 19 B6 00 50 09 0E 00 2C FF F0 00 00 65 45 03 01 F9 C0 78 DA 0C 3A 9B 00 08 05 1D D5 AA AA 
Time:	12:56:27,180
Send:	220001
Receive: 62 00 01 02 8D 00 C0 0C 8C 00 02 01 E0 00 83 00 00 03 7F 00 7C 80 2B 4C 9B 81 FD 41 F2 3D 85 65 00 E6 02 11 6D 00 00 19 B6 00 50 09 0E 00 2C FF ED 00 00 65 45 03 01 F9 C0 78 DA 0C 3A 9B 00 08 0A 1D 87 AA AA 
Time:	12:56:27,560
Send:	220001
Receive: 62 00 01 02 8D 00 C0 0C 7E 00 09 01 D6 00 86 00 00 03 75 00 79 80 9B 4C 9F 7F DD 41 F2 3D 85 A2 00 E6 02 11 6D 00 00 19 B6 00 50 09 0E 00 2C FF EA 00 00 65 45 03 01 F9 C0 78 DA 0C 3A 9B 00 08 0B 1D A7 AA AA 
Time:	12:56:27,979
Send:	220001
Receive: 62 00 01 02 8C 00 C0 0C 6A 00 01 01 DB 00 83 00 00 03 82 00 78 80 A3 4C AB 7E 3D 41 F2 3D 85 53 00 E6 02 22 6D 00 00 19 B6 00 50 09 0E 00 2B FF F0 00 00 65 45 03 01 F9 C0 78 DA 0C 3A 9B 00 07 F4 1D E0 AA AA 
Time:	12:56:28,397
Send:	220001
Receive: 62 00 01 02 8C 00 C0 0C 64 00 04 01 E7 00 83 00 00 03 8C 00 7B 80 2C 4C 8E 80 BD 41 F2 3D 85 17 00 E6 02 22 6D 00 00 19 B6 00 50 09 0B 00 2B FF FB 00 00 65 45 03 01 F9 C0 78 DA 0C 3A 9B 00 08 1B 1D E9 AA AA 
Time:	12:56:28,800
Send:	220001
Receive: 62 00 01 02 8D 00 C0 0C 70 00 02 01 EF 00 83 00 00 03 90 00 7F 80 32 4C 4A 82 5D 41 F2 3D 84 FD 00 E6 02 22 6D 00 00 19 B6 00 50 09 0B 00 2B 00 00 00 00 65 45 03 01 F9 C0 78 DA 0C 3A 9B 00 08 1C 1D E0 AA AA 
Time:	12:56:29,207
Send:	220001
Receive: 62 00 01 02 8D 00 C0 0C 7C 00 08 01 D6 00 83 00 00 03 81 00 7C 80 A1 4C A6 7E 5D 41 F2 3D 85 58 00 E6 02 11 6D 00 00 19 B6 00 50 09 0B 00 2B FF FE 00 00 65 45 03 01 F9 C0 78 DA 0C 3A 9B 00 08 15 1D B0 AA AA 
Time:	12:56:29,628
Send:	220001
Receive: 62 00 01 02 8D 00 C0 0C 70 00 0A 01 CA 00 83 00 00 03 75 00 78 80 91 4C A9 7C 3D 41 F2 3D 85 A2 00 E6 02 11 6D 00 00 19 B6 00 50 09 0B 00 2B FF FE 00 00 65 45 03 01 F9 C0 78 DA 0C 3A 9B 00 07 F2 1D B2 AA AA 
Time:	12:56:30,027
Send:	220001
Receive: 62 00 01 02 8D 00 C0 0C 5E 00 0A 01 DF 00 83 00 00 03 84 00 7C 80 2B 4C 2B 80 5D 41 F2 3D 85 46 00 E6 01 E6 6D 00 00 19 B6 00 50 09 0B 00 2B 00 05 00 00 65 45 03 01 F9 C0 78 DA 0C 3A 9B 00 08 1E 1D DA AA AA 
Time:	12:56:30,448
Send:	220001
Receive: 62 00 01 02 8D 00 C0 0C 6C 00 08 01 E9 00 81 00 00 03 8C 00 7E 80 2C 4C 2E 82 1D 41 F2 3D 85 1B 00 E6 01 E6 6D 00 00 19 B6 00 50 09 0C 00 2B 00 0B 00 00 65 45 03 01 F9 C0 78 DA 0C 3A 9B 00 08 31 1D E7 AA AA 
Time:	12:56:30,857
Send:	220001
Receive: 62 00 01 02 8D 00 C0 0C 8C 00 06 01 DF 00 83 00 00 03 88 00 7D 80 9E 4C A4 7F 5D 41 F2 3D 85 2C 00 E6 01 E6 6D 00 00 19 B6 00 50 09 0C 00 2B 00 02 00 00 65 45 03 01 F9 C0 78 DA 0C 3A 9B 00 08 01 1D AD AA AA 
Time:	12:56:31,260
Send:	220001
Receive: 62 00 01 02 8D 00 C1 0C 6C 00 0B 01 D7 00 83 00 00 03 80 00 79 80 A4 4C AD 7D BD 41 F2 3D 85 5C 00 E6 02 11 6E 00 00 19 B6 00 50 09 0C 00 2B 00 05 00 00 65 45 03 01 F9 C0 78 DA 0C 3A 9B 00 07 E5 1D C4 AA AA 
Time:	12:56:31,657
Send:	220001
Receive: 62 00 01 02 8D 00 C1 0C 7E 00 04 01 DF 00 83 00 00 03 83 00 7A 80 2B 4C 49 80 3D 41 F2 3D 85 4F 00 E6 02 11 6E 00 00 19 B6 00 50 09 0C 00 2B 00 05 00 00 65 45 03 01 F9 C0 78 DA 0C 3A 9B 00 07 F8 1D A4 AA AA 
Time:	12:56:32,070
Send:	220001
Receive: 62 00 01 02 8C 00 C1 0C 6A 00 06 01 EE 00 83 00 00 03 8C 00 7E 80 2B 4C 2E 81 DD 41 F2 3D 85 17 00 E6 02 05 6E 00 00 19 B6 00 50 09 0C 00 2B 00 0D 00 00 65 45 03 01 F9 C0 78 DA 0C 3A 9B 00 07 FD 1D DB AA AA 
Time:	12:56:32,480
Send:	220001
Receive: 62 00 01 02 8D 00 C1 0C 6A 00 0F 01 F4 00 83 00 00 03 91 00 7E 80 37 4C 52 83 9D 41 F2 3D 84 F4 00 E6 02 05 6E 00 00 19 B6 00 50 09 0C 00 2B 00 16 00 00 65 45 03 01 F9 C0 78 DA 0C 3A 9B 00 08 28 1D D8 AA AA 
Time:	12:56:32,897
Send:	220001
Receive: 62 00 01 02 8C 00 C1 0C 76 00 0E 01 CD 00 83 00 00 03 6D 00 76 80 A5 4C AC 7F 5D 41 F2 3D 85 D6 00 E6 02 05 6E 00 00 19 B6 00 50 09 0C 00 2B 00 10 00 00 65 45 03 01 F9 C0 78 DA 0C 3A 9B 00 08 0C 1D B4 AA AA 
Time:	12:56:33,287
Send:	220001

Fixed toLineMF: 03E 62 00 01 02 8D 00 C1 0C 56 00 0D 01 D7 00 81 00 00 03 81 00 79 80 A3 4C AD 7D 9D 01 D9 6E 00 00 19 B6 00 50 09 0C 00 2B 00 1B 00 00 65 45 03 01 F9 C0 78 DA 0C 3A 9B 00 08 01 1D EE AA AA 
Receive: 62 00 01 02 8D 00 C1 0C 56 00 0D 01 D7 00 81 00 00 03 81 00 79 80 A3 4C AD 7D 9D 01 D9 6E 00 00 19 B6 00 50 09 0C 00 2B 00 1B 00 00 65 45 03 01 F9 C0 78 DA 0C 3A 9B 00 08 01 1D EE AA AA 

Fixed toLineMF: 03E 62 00 01 02 8D 00 C1 0C 56 00 0D 01 D7 00 81 00 00 03 81 00 79 80 A3 4C AD 7D 9D 01 D9 6E 00 00 19 B6 00 50 09 0C 00 2B 00 1B 00 00 65 45 03 01 F9 C0 78 DA 0C 3A 9B 00 08 01 1D EE AA AA 
Time:	12:56:33,668
Send:	220001
Receive: 62 00 01 02 8D 00 C1 0C 66 00 06 01 E2 00 81 00 00 03 89 00 7B 80 2D 4C 8C 80 5D 41 F2 3D 85 1F 00 E6 01 D9 6E 00 00 19 B6 00 50 09 0C 00 2B 00 21 00 00 65 45 03 01 F9 C0 78 DA 0C 3A 9B 00 08 09 1D CF AA AA 
Time:	12:56:34,058
Send:	220001
Receive: 62 00 01 02 8D 00 C1 0C 80 00 08 01 DE 00 83 00 00 03 7B 00 7A 80 2B 4C 32 82 1D 41 F2 3D 85 83 00 E6 02 11 6E 00 00 19 B6 00 50 09 0C 00 2B 00 1E 00 00 65 45 03 01 F9 C0 78 DA 0C 3A 9B 00 08 08 1D A6 AA AA 
Time:	12:56:34,464
Send:	220001
Receive: 62 00 01 02 8C 00 C1 0C 7C 00 09 01 D5 00 83 00 00 03 76 00 79 80 A5 4C A6 7F 1D 41 F2 3D 85 9D 00 E6 02 11 6E 00 00 19 B6 00 50 09 0E 00 2B 00 1B 00 00 65 45 03 01 F9 C0 78 DA 0C 3A 9B 00 07 FB 1D AA AA AA 
Time:	12:56:34,850
Send:	220001
Receive: 62 00 01 02 8D 00 C1 0C 80 00 07 01 D0 00 83 00 00 03 77 00 7A 80 A0 4C AA 7D 5D 41 F2 3D 85 95 00 E6 02 11 6E 00 00 19 B6 00 50 09 0E 00 2B 00 18 00 00 65 45 03 01 F9 C0 78 DA 0C 3A 9B 00 07 FB 1D 97 AA AA 
Time:	12:56:35,258
Send:	220001
Receive: 62 00 01 02 8D 00 C1 0C 76 00 0A 01 D7 00 81 00 00 03 76 00 79 80 2B 4C 8E 7F DD 41 F2 3D 85 9D 00 E6 01 E6 6E 00 00 19 B6 00 50 09 0F 00 2B 00 18 00 00 65 45 03 01 F9 C0 78 DA 0C 3A 9B 00 08 14 1D B4 AA AA 
Time:	12:56:35,717
Send:	220001
Receive: 62 00 01 02 8D 00 C1 0C 74 00 09 01 E6 00 83 00 00 03 89 00 7C 80 2B 4C 2C 81 DD 41 F2 3D 85 28 00 E6 01 E6 6E 00 00 19 B6 00 50 09 0F 00 2B 00 1B 00 00 65 45 03 01 F9 C0 78 DA 0C 3A 9B 00 08 07 1D AC AA AA 
Time:	12:56:36,130
Send:	220001

Fixed toLineMF: 03E 62 00 01 02 8D 00 C1 0C 7C 00 07 01 D9 7A 80 92 4C 9C 7F BD 41 F2 3D 85 83 00 E6 02 11 6E 00 00 19 B6 00 50 09 0F 00 2B 00 1B 00 00 65 45 03 01 F9 C0 78 DA 0C 3A 9B 00 08 02 1D AC AA AA 
Receive: 62 00 01 02 8D 00 C1 0C 7C 00 07 01 D9 7A 80 92 4C 9C 7F BD 41 F2 3D 85 83 00 E6 02 11 6E 00 00 19 B6 00 50 09 0F 00 2B 00 1B 00 00 65 45 03 01 F9 C0 78 DA 0C 3A 9B 00 08 02 1D AC AA AA 

Fixed toLineMF: 03E 62 00 01 02 8D 00 C1 0C 7C 00 07 01 D9 7A 80 92 4C 9C 7F BD 41 F2 3D 85 83 00 E6 02 11 6E 00 00 19 B6 00 50 09 0F 00 2B 00 1B 00 00 65 45 03 01 F9 C0 78 DA 0C 3A 9B 00 08 02 1D AC AA AA 
Time:	12:56:36,529
Send:	220001
Receive: 62 00 01 02 8D 00 C1 0C 6E 00 08 01 CF 00 81 00 00 03 6F 00 78 80 A5 4C AD 7D FD 41 F2 3D 85 C5 00 E6 02 11 6E 00 00 19 B6 00 50 09 12 00 2B 00 1B 00 00 65 45 03 01 F9 C0 78 DA 0C 3A 9B 00 07 F8 1D B3 AA AA 
Time:	12:56:36,907
Send:	220001
Receive: 62 00 01 02 8D 00 C1 0C 68 00 06 01 D6 00 83 00 00 03 86 00 7D 80 8A 4C A9 7C BD 41 F2 3D 85 35 00 E6 02 11 6E 00 00 19 B6 00 50 09 12 00 2B 00 24 00 00 65 45 03 01 F9 C0 78 DA 0C 3A 9B 00 08 04 1D D4 AA AA 
Time:	12:56:37,303
Send:	220001
Receive: 62 00 01 02 8D 00 C1 0C 8C 00 03 01 E4 00 81 00 00 03 89 00 7D 80 2E 4C 72 80 BD 41 F2 3D 85 24 00 E6 01 E6 6E 00 00 19 B6 00 50 09 12 00 2B 00 1E 00 00 65 45 03 01 F9 C0 78 DA 0C 3A 9B 00 07 FE 1D 91 AA AA 
Time:	12:56:37,698
Send:	220001
Receive: 62 00 01 02 8C 00 C1 0C 86 00 0B 01 CE 00 83 00 00 03 6B 00 76 80 44 4C 89 7E FD 41 F2 3D 85 E3 00 E6 01 E6 6E 00 00 19 B6 00 50 09 12 00 2B 00 19 00 00 65 45 03 01 F9 C0 78 DA 0C 3A 9B 00 08 02 1D 7B AA AA 
Time:	12:56:38,139
Send:	220001
Receive: 62 00 01 02 8C 00 C1 0C 6A 00 09 01 D1 00 81 00 00 03 7D 00 79 80 95 4C A7 7C DD 41 F2 3D 85 72 00 E6 01 E6 6E 00 00 19 B6 00 50 09 12 00 2B 00 19 00 00 65 45 03 01 F9 C0 78 DA 0C 3A 9B 00 07 ED 1D A9 AA AA 
Time:	12:56:38,539
Send:	220001
Receive: 62 00 01 02 8D 00 C1 0C 6C 00 08 01 DA 00 83 00 00 03 78 00 79 80 2B 4C 95 80 9D 41 F2 3D 85 8C 00 E6 01 E6 6E 00 00 19 B6 00 50 09 15 00 2B 00 1B 00 00 65 45 03 01 F9 C0 78 DA 0C 3A 9B 00 08 01 1D B3 AA AA 
Time:	12:56:38,931
Send:	220001
Receive: 62 00 01 02 8C 00 C1 0C 6A 00 08 01 D6 00 83 00 00 03 68 00 77 80 2D 4C 35 82 3D 41 F2 3D 85 F5 00 E6 02 22 6E 00 00 19 B6 00 50 09 15 00 2B 00 1E 00 00 65 45 03 01 F9 C0 78 DA 0C 3A 9B 00 07 F4 1D A9 AA AA 
Time:	12:56:39,410
Send:	220001

Fixed toLineMF: 03E 62 00 01 02 8D 00 C1 0C 8E 00 0A 01 DB 00 81 00 00 03 85 00 41 F2 3D 85 42 00 E6 02 22 6E 00 00 19 B6 00 50 09 15 00 2B 00 16 00 00 65 45 03 01 F9 C0 78 DA 0C 3A 9B 00 07 EC 1D 8C AA AA 
Receive: 62 00 01 02 8D 00 C1 0C 8E 00 0A 01 DB 00 81 00 00 03 85 00 41 F2 3D 85 42 00 E6 02 22 6E 00 00 19 B6 00 50 09 15 00 2B 00 16 00 00 65 45 03 01 F9 C0 78 DA 0C 3A 9B 00 07 EC 1D 8C AA AA 

Fixed toLineMF: 03E 62 00 01 02 8D 00 C1 0C 8E 00 0A 01 DB 00 81 00 00 03 85 00 41 F2 3D 85 42 00 E6 02 22 6E 00 00 19 B6 00 50 09 15 00 2B 00 16 00 00 65 45 03 01 F9 C0 78 DA 0C 3A 9B 00 07 EC 1D 8C AA AA 
Time:	12:56:39,813
Send:	220001
Receive: 62 00 01 02 8C 00 C1 0C 70 00 0D 01 CB 00 83 00 00 03 6B 00 76 80 9F 4C AD 7D FD 41 F2 9F 85 E3 00 E6 02 22 6E 00 00 19 B6 00 50 09 15 00 2B 00 16 00 00 65 45 03 01 F9 C0 78 DA 0C 3A 9B 00 07 F1 1D AD AA AA 
Time:	12:56:40,187
Send:	220001

Fixed toLineMF: 03E 62 00 01 02 8D 00 C1 0C 76 00 06 01 DE 00 83 00 00 03 7D 00 7B 80 2F 4C A7 80 FD 01 D9 6E 00 00 19 B6 00 50 09 15 00 2B 00 19 00 00 65 45 03 01 F9 C0 78 DA 0C 3A 9B 00 08 0D 1D A1 AA AA 
Receive: 62 00 01 02 8D 00 C1 0C 76 00 06 01 DE 00 83 00 00 03 7D 00 7B 80 2F 4C A7 80 FD 01 D9 6E 00 00 19 B6 00 50 09 15 00 2B 00 19 00 00 65 45 03 01 F9 C0 78 DA 0C 3A 9B 00 08 0D 1D A1 AA AA 

Fixed toLineMF: 03E 62 00 01 02 8D 00 C1 0C 76 00 06 01 DE 00 83 00 00 03 7D 00 7B 80 2F 4C A7 80 FD 01 D9 6E 00 00 19 B6 00 50 09 15 00 2B 00 19 00 00 65 45 03 01 F9 C0 78 DA 0C 3A 9B 00 08 0D 1D A1 AA AA 
Time:	12:56:40,571
Send:	220001
Receive: 62 00 01 02 8C 00 C1 0C 82 00 09 01 DD 00 83 00 00 03 73 00 78 80 31 4C 31 82 BD 41 F2 9F 85 AB 00 E6 01 D9 6E 00 00 19 B6 00 50 09 18 00 2B 00 10 00 00 65 45 03 01 F9 C0 78 DA 0C 3A 9B 00 07 E9 1D 97 AA AA 
Time:	12:56:40,962
Send:	220001
Receive: 62 00 01 02 8D 00 C1 0C 7A 00 08 01 D8 00 81 00 00 03 7B 00 7A 80 9D 4C A4 7F 3D 41 F2 9F 85 7F 00 E6 02 22 6E 00 00 19 B6 00 50 09 18 00 2B 00 10 00 00 65 45 03 01 F9 C0 78 DA 0C 3A 9B 00 07 F4 1D A3 AA AA 
Time:	12:56:41,340
Send:	220001
Receive: 62 00 01 02 8D 00 C1 0C 7C 00 03 01 D6 00 81 00 00 03 83 00 7D 80 9F 4C AA 7D 9D 41 F2 9F 85 4F 00 E6 02 22 6E 00 00 19 B6 00 50 09 18 00 2B 00 10 00 00 65 45 03 01 F9 C0 78 DA 0C 3A 9B 00 08 13 1D A3 AA AA 
Time:	12:56:41,736
Send:	220001
Receive: 62 00 01 02 8D 00 C1 0C 6A 00 0D 01 D3 00 81 00 00 03 89 00 7C 80 34 4C A3 7C 3D 41 F2 9F 85 28 00 E6 02 22 6E 00 00 19 B6 00 50 09 18 00 2B 00 1B 00 00 65 45 03 01 F9 C0 78 DA 0C 3A 9B 00 08 20 1D CE AA AA 
Time:	12:56:42,148
Send:	220001

Fixed toLineMF: 03E 62 00 01 02 8C 00 C1 0C 68 00 0E 01 D5 00 81 00 00 03 70 00 78 80 28 4C 30 80 BD 41 F2 9F 85 C0 00 E6 02 05 6E 00 00 19 B6 00 50 09 18 00 2B 00 1E 00 00 65 45 03 01 00 08 17 1D C1 AA AA 
Receive: 62 00 01 02 8C 00 C1 0C 68 00 0E 01 D5 00 81 00 00 03 70 00 78 80 28 4C 30 80 BD 41 F2 9F 85 C0 00 E6 02 05 6E 00 00 19 B6 00 50 09 18 00 2B 00 1E 00 00 65 45 03 01 00 08 17 1D C1 AA AA 

Fixed toLineMF: 03E 62 00 01 02 8C 00 C1 0C 68 00 0E 01 D5 00 81 00 00 03 70 00 78 80 28 4C 30 80 BD 41 F2 9F 85 C0 00 E6 02 05 6E 00 00 19 B6 00 50 09 18 00 2B 00 1E 00 00 65 45 03 01 00 08 17 1D C1 AA AA 
Time:	12:56:42,563
Send:	220001
Receive: 62 00 01 02 8D 00 C1 0C 94 00 06 01 DE 00 81 00 00 03 76 00 7B 80 50 4C 50 82 7D 41 F2 9F 85 99 00 E6 02 05 6E 00 00 19 B6 00 50 09 18 00 2B 00 13 00 00 65 45 03 01 F9 C0 78 DA 0C 3A 9B 00 07 F6 1D 76 AA AA 
Time:	12:56:42,960
Send:	220001

Fixed toLineMF: 03E 62 00 01 02 8C 00 C1 0C 80 00 05 01 CF 00 81 00 00 03 6D 00 77 80 A4 4C A6 7E BD 41 F2 9F 85 D2 00 E6 02 22 6E 00 00 19 B6 00 50 09 18 00 2B 00 F9 C0 78 DA 0C 3A 9B 00 07 F2 1D 84 AA AA 
Receive: 62 00 01 02 8C 00 C1 0C 80 00 05 01 CF 00 81 00 00 03 6D 00 77 80 A4 4C A6 7E BD 41 F2 9F 85 D2 00 E6 02 22 6E 00 00 19 B6 00 50 09 18 00 2B 00 F9 C0 78 DA 0C 3A 9B 00 07 F2 1D 84 AA AA 

Fixed toLineMF: 03E 62 00 01 02 8C 00 C1 0C 80 00 05 01 CF 00 81 00 00 03 6D 00 77 80 A4 4C A6 7E BD 41 F2 9F 85 D2 00 E6 02 22 6E 00 00 19 B6 00 50 09 18 00 2B 00 F9 C0 78 DA 0C 3A 9B 00 07 F2 1D 84 AA AA 
Time:	12:56:43,354
Send:	220001
Receive: 62 00 01 02 8D 00 C1 0C 7C 00 09 01 CD 00 83 00 00 03 75 00 7A 80 88 4C A9 7C FD 41 F2 9F 85 A6 00 E6 02 22 6E 00 00 19 B6 00 50 09 1B 00 2B 00 10 00 00 65 45 03 01 F9 C0 78 DA 0C 3A 9B 00 08 15 1D 9E AA AA 
Time:	12:56:43,782
Send:	220001
Receive: 62 00 01 02 8C 00 C1 0C 6E 00 07 01 DF 00 81 00 00 03 7F 00 7B 80 2B 4C 45 80 FD 41 F2 9F 85 65 00 E6 02 22 6E 00 00 19 B6 00 50 09 1B 00 2B 00 16 00 00 65 45 03 01 F9 C0 78 DA 0C 3A 9B 00 08 23 1D 96 AA AA 
Time:	12:56:44,233
Send:	220001
Receive: 62 00 01 02 8C 00 C1 0C 80 00 0F 01 C9 00 83 00 00 03 63 00 76 80 92 4C 95 7F 5D 41 F2 9F 85 F9 00 E6 02 11 6E 00 00 19 B6 00 50 09 1B 00 2B 00 0B 00 00 65 45 03 01 F9 C0 78 DA 0C 3A 9B 00 07 E3 1D 97 AA AA 
Time:	12:56:44,627
Send:	220001
Receive: 62 00 01 02 8C 00 C2 0C 80 00 10 01 C7 00 83 00 00 03 63 00 74 80 9C 4C A9 7D 9D 41 F2 9F 85 F9 00 E6 02 11 6E 00 00 19 B6 00 50 09 1B 00 2B 00 05 00 00 65 45 03 01 F9 C0 78 DA 0C 3A 9B 00 07 BA 1D 75 AA AA 
Time:	12:56:45,019
Send:	220001

Fixed toLineMF: 03E 62 00 01 02 8C 00 C2 0C 7E 00 04 01 D7 00 83 00 00 03 70 00 7A 80 2E 4C 69 81 3D 41 F2 9F 85 BC 00 E6 00 50 09 1B 00 2B 00 05 00 00 65 45 03 01 F9 C0 78 DA 0C 3A 9B 00 07 E8 1D 93 AA AA 
Receive: 62 00 01 02 8C 00 C2 0C 7E 00 04 01 D7 00 83 00 00 03 70 00 7A 80 2E 4C 69 81 3D 41 F2 9F 85 BC 00 E6 00 50 09 1B 00 2B 00 05 00 00 65 45 03 01 F9 C0 78 DA 0C 3A 9B 00 07 E8 1D 93 AA AA 

Fixed toLineMF: 03E 62 00 01 02 8C 00 C2 0C 7E 00 04 01 D7 00 83 00 00 03 70 00 7A 80 2E 4C 69 81 3D 41 F2 9F 85 BC 00 E6 00 50 09 1B 00 2B 00 05 00 00 65 45 03 01 F9 C0 78 DA 0C 3A 9B 00 07 E8 1D 93 AA AA 
Time:	12:56:45,416
Send:	220001
Receive: 62 00 01 02 8D 00 C2 0C 8E 00 08 01 E2 00 83 00 00 03 7B 00 7B 80 30 4C 30 82 FD 41 F2 9F 85 7F 00 E6 02 05 6E 00 00 19 B6 00 50 09 1B 00 2B 00 00 00 00 65 45 03 01 F9 C0 78 DA 0C 3A 9B 00 08 00 1D 7E AA AA 
Time:	12:56:45,800
Send:	220001
Receive: 62 00 01 02 8D 00 C2 0C 6E 00 08 01 D6 00 83 00 00 03 77 00 79 80 A1 4C A8 7F 9D 41 F2 9F 85 95 00 E6 02 05 6E 00 00 19 B6 00 50 09 1B 00 2B 00 00 00 00 65 45 03 01 F9 C0 78 DA 0C 3A 9B 00 07 F5 1D B4 AA AA 
Time:	12:56:46,197
Send:	220001

Fixed toLineMF: 03E 62 00 01 02 8D 00 C2 0C 78 00 08 01 D3 00 83 00 00 03 7B 00 7B 80 9F 4C AC 7D FD 41 F2 9F 85 7F 00 E6 01 E6 6E 00 00 19 B6 00 50 09 1B 00 2B 00 F9 C0 78 DA 0C 3A 9B 00 08 0E 1D AE AA AA 
Receive: 62 00 01 02 8D 00 C2 0C 78 00 08 01 D3 00 83 00 00 03 7B 00 7B 80 9F 4C AC 7D FD 41 F2 9F 85 7F 00 E6 01 E6 6E 00 00 19 B6 00 50 09 1B 00 2B 00 F9 C0 78 DA 0C 3A 9B 00 08 0E 1D AE AA AA 

Fixed toLineMF: 03E 62 00 01 02 8D 00 C2 0C 78 00 08 01 D3 00 83 00 00 03 7B 00 7B 80 9F 4C AC 7D FD 41 F2 9F 85 7F 00 E6 01 E6 6E 00 00 19 B6 00 50 09 1B 00 2B 00 F9 C0 78 DA 0C 3A 9B 00 08 0E 1D AE AA AA 
Time:	12:56:46,588
Send:	220001
Receive: 62 00 01 02 8D 00 C2 0C 82 00 0C 01 CD 00 83 00 00 03 7A 00 7A 80 8B 4C A9 7C 7D 41 F2 9F 85 83 00 E6 01 E6 6E 00 00 19 B6 00 50 09 1B 00 2B FF FE 00 00 65 45 03 01 F9 C0 78 DA 0C 3A 9B 00 07 F8 1D 86 AA AA 
Time:	12:56:46,986
Send:	220001
Receive: 62 00 01 02 8D 00 C2 0C 88 00 09 01 D8 00 81 00 00 03 73 00 7B 80 2A 4C 36 80 DD 41 F2 9F 85 AF 00 E6 02 11 6E 00 00 19 B6 00 50 09 1B 00 2B FF FB 00 00 65 45 03 01 F9 C0 78 DA 0C 3A 9B 00 07 FA 1D 6E AA AA 
Time:	12:56:47,370
Send:	220001
Receive: 62 00 01 02 8D 00 C2 0C 84 00 09 01 DF 00 83 00 00 03 77 00 79 80 2C 4C 39 82 7D 41 F2 9F 85 95 00 E6 02 11 6E 00 00 19 B6 00 50 09 1B 00 2B FF F3 00 00 65 45 03 01 F9 C0 78 DA 0C 3A 9B 00 07 EB 1D 87 AA AA 
Time:	12:56:47,769
Send:	220001
Receive: NO DATA
Time:	12:56:48,061
Send:	220001
Receive: NO DATA
Time:	12:56:48,364
Send:	220001
Receive: NO DATA
Time:	12:56:48,648
Send:	220001
Receive: NO DATA
Time:	12:56:48,980
Send:	220001
Receive: NO DATA
Time:	12:56:49,258
Send:	220001
Receive: NO DATA
Time:	12:56:49,574
Send:	220001
Receive: NO DATA
Time:	12:56:49,886
Send:	220001

Fixed toLineMF: 030 62 00 01 02 8C 00 00 81 00 00 03 85 00 7D 80 2C 4C 6A 81 7D 41 F2 9F 85 3E 00 E6 00 50 09 1C 00 2B FF F9 C0 78 DA 0C 3A 9B 00 07 D1 1D C0 AA AA 
Receive: 62 00 01 02 8C 00 00 81 00 00 03 85 00 7D 80 2C 4C 6A 81 7D 41 F2 9F 85 3E 00 E6 00 50 09 1C 00 2B FF F9 C0 78 DA 0C 3A 9B 00 07 D1 1D C0 AA AA 

Fixed toLineMF: 030 62 00 01 02 8C 00 00 81 00 00 03 85 00 7D 80 2C 4C 6A 81 7D 41 F2 9F 85 3E 00 E6 00 50 09 1C 00 2B FF F9 C0 78 DA 0C 3A 9B 00 07 D1 1D C0 AA AA 
Time:	12:56:50,283
Send:	220001

Fixed toLineMF: 022 62 00 01 02 8D 00 C2 0C 88 00 07 01 E3 00 81 00 00 03 7E 00 41 F2 9F 85 6E 00 E6 00 07 DD 1D 91 AA AA 
Receive: 62 00 01 02 8D 00 C2 0C 88 00 07 01 E3 00 81 00 00 03 7E 00 41 F2 9F 85 6E 00 E6 00 07 DD 1D 91 AA AA 

Fixed toLineMF: 022 62 00 01 02 8D 00 C2 0C 88 00 07 01 E3 00 81 00 00 03 7E 00 41 F2 9F 85 6E 00 E6 00 07 DD 1D 91 AA AA 
Time:	12:56:50,684
Send:	220001

Fixed toLineMF: 022 62 00 01 02 8D 00 00 83 00 00 03 70 00 79 80 A3 4C AA 7F DD F9 C0 78 DA 0C 3A 9B 00 07 EF 1D 76 AA AA 
Receive: 62 00 01 02 8D 00 00 83 00 00 03 70 00 79 80 A3 4C AA 7F DD F9 C0 78 DA 0C 3A 9B 00 07 EF 1D 76 AA AA 

Fixed toLineMF: 022 62 00 01 02 8D 00 00 83 00 00 03 70 00 79 80 A3 4C AA 7F DD F9 C0 78 DA 0C 3A 9B 00 07 EF 1D 76 AA AA 
Time:	12:56:51,070
Send:	220001

Fixed toLineMF: 037 62 00 01 02 8D 00 C2 0C 7E 00 07 01 D3 00 81 00 00 03 79 00 7B 80 A4 4C AD 7E 1D 41 F2 9F 85 8C 00 E6 01 E6 6E 00 00 19 B6 D7 00 00 65 45 03 01 F9 C0 78 DA 0C 3A 9B 
Receive: 62 00 01 02 8D 00 C2 0C 7E 00 07 01 D3 00 81 00 00 03 79 00 7B 80 A4 4C AD 7E 1D 41 F2 9F 85 8C 00 E6 01 E6 6E 00 00 19 B6 D7 00 00 65 45 03 01 F9 C0 78 DA 0C 3A 9B 

Fixed toLineMF: 037 62 00 01 02 8D 00 C2 0C 7E 00 07 01 D3 00 81 00 00 03 79 00 7B 80 A4 4C AD 7E 1D 41 F2 9F 85 8C 00 E6 01 E6 6E 00 00 19 B6 D7 00 00 65 45 03 01 F9 C0 78 DA 0C 3A 9B 
Time:	12:56:51,461
Send:	220001

Fixed toLineMF: 030 62 00 01 02 8D 00 7C 80 2D 4C A4 80 5D 41 F2 9F 85 7F 00 E6 01 E6 6E 00 00 19 B6 00 50 09 19 00 2B FF F9 C0 78 DA 0C 3A 9B 00 07 ED 1D 90 AA AA 
Receive: 62 00 01 02 8D 00 7C 80 2D 4C A4 80 5D 41 F2 9F 85 7F 00 E6 01 E6 6E 00 00 19 B6 00 50 09 19 00 2B FF F9 C0 78 DA 0C 3A 9B 00 07 ED 1D 90 AA AA 

Fixed toLineMF: 030 62 00 01 02 8D 00 7C 80 2D 4C A4 80 5D 41 F2 9F 85 7F 00 E6 01 E6 6E 00 00 19 B6 00 50 09 19 00 2B FF F9 C0 78 DA 0C 3A 9B 00 07 ED 1D 90 AA AA 
Time:	12:56:51,859
Send:	220001

Fixed toLineMF: 03E 62 00 01 02 8D 00 C2 0C 82 00 06 01 E4 00 83 00 00 03 7F 00 41 F2 9F 85 65 00 E6 01 E6 6E 00 00 19 B6 00 50 09 16 00 2B FF DC 00 00 65 45 03 01 F9 C0 78 DA 0C 3A 9B 00 08 07 1D 9B AA AA 
Receive: 62 00 01 02 8D 00 C2 0C 82 00 06 01 E4 00 83 00 00 03 7F 00 41 F2 9F 85 65 00 E6 01 E6 6E 00 00 19 B6 00 50 09 16 00 2B FF DC 00 00 65 45 03 01 F9 C0 78 DA 0C 3A 9B 00 08 07 1D 9B AA AA 

Fixed toLineMF: 03E 62 00 01 02 8D 00 C2 0C 82 00 06 01 E4 00 83 00 00 03 7F 00 41 F2 9F 85 65 00 E6 01 E6 6E 00 00 19 B6 00 50 09 16 00 2B FF DC 00 00 65 45 03 01 F9 C0 78 DA 0C 3A 9B 00 08 07 1D 9B AA AA 
Time:	12:56:52,250
Send:	220001

Fixed toLineMF: 03E 62 00 01 02 8D 00 00 83 00 00 03 70 00 79 80 A2 4C A4 7F 3D 41 F2 9F 85 BC 00 E6 02 22 6E 00 00 19 B6 00 50 09 16 00 2B FF D4 00 00 65 45 03 01 F9 C0 78 DA 0C 3A 9B 00 07 EF 1D 80 AA AA 
Receive: 62 00 01 02 8D 00 00 83 00 00 03 70 00 79 80 A2 4C A4 7F 3D 41 F2 9F 85 BC 00 E6 02 22 6E 00 00 19 B6 00 50 09 16 00 2B FF D4 00 00 65 45 03 01 F9 C0 78 DA 0C 3A 9B 00 07 EF 1D 80 AA AA 

Fixed toLineMF: 03E 62 00 01 02 8D 00 00 83 00 00 03 70 00 79 80 A2 4C A4 7F 3D 41 F2 9F 85 BC 00 E6 02 22 6E 00 00 19 B6 00 50 09 16 00 2B FF D4 00 00 65 45 03 01 F9 C0 78 DA 0C 3A 9B 00 07 EF 1D 80 AA AA 
Time:	12:56:52,666
Send:	220001

Fixed toLineMF: 030 62 00 01 02 8C 00 00 81 00 00 03 77 00 78 80 A1 4C AD 7D 7D 41 F2 9F 85 95 00 E6 02 22 6E 00 00 19 B6 00 50 09 17 00 2B FF F9 C0 78 DA 0C 3A 9B 
Receive: 62 00 01 02 8C 00 00 81 00 00 03 77 00 78 80 A1 4C AD 7D 7D 41 F2 9F 85 95 00 E6 02 22 6E 00 00 19 B6 00 50 09 17 00 2B FF F9 C0 78 DA 0C 3A 9B 

Fixed toLineMF: 030 62 00 01 02 8C 00 00 81 00 00 03 77 00 78 80 A1 4C AD 7D 7D 41 F2 9F 85 95 00 E6 02 22 6E 00 00 19 B6 00 50 09 17 00 2B FF F9 C0 78 DA 0C 3A 9B 
Time:	12:56:53,050
Send:	220001

Fixed toLineMF: 03E 62 00 01 02 8D 00 C2 0C 64 00 07 01 E0 00 83 00 00 03 7E 00 79 80 2B 4C 9B 80 DD 41 F2 9F 85 6E 00 E6 01 E6 6E 00 00 19 B6 00 50 09 14 00 2B FF DF 00 00 65 45 03 01 F9 C0 78 DA 0C 3A 9B 
Receive: 62 00 01 02 8D 00 C2 0C 64 00 07 01 E0 00 83 00 00 03 7E 00 79 80 2B 4C 9B 80 DD 41 F2 9F 85 6E 00 E6 01 E6 6E 00 00 19 B6 00 50 09 14 00 2B FF DF 00 00 65 45 03 01 F9 C0 78 DA 0C 3A 9B 

Fixed toLineMF: 03E 62 00 01 02 8D 00 C2 0C 64 00 07 01 E0 00 83 00 00 03 7E 00 79 80 2B 4C 9B 80 DD 41 F2 9F 85 6E 00 E6 01 E6 6E 00 00 19 B6 00 50 09 14 00 2B FF DF 00 00 65 45 03 01 F9 C0 78 DA 0C 3A 9B 
Time:	12:56:53,435
Send:	220001

Fixed toLineMF: 030 62 00 01 02 8D 00 7D 80 34 4C 30 82 7D 41 F2 9F 85 24 00 E6 01 E6 6E 00 00 19 B6 00 50 09 14 00 2B FF E5 00 00 65 45 03 01 00 08 10 1D BE AA AA 
Receive: 62 00 01 02 8D 00 7D 80 34 4C 30 82 7D 41 F2 9F 85 24 00 E6 01 E6 6E 00 00 19 B6 00 50 09 14 00 2B FF E5 00 00 65 45 03 01 00 08 10 1D BE AA AA 

Fixed toLineMF: 030 62 00 01 02 8D 00 7D 80 34 4C 30 82 7D 41 F2 9F 85 24 00 E6 01 E6 6E 00 00 19 B6 00 50 09 14 00 2B FF E5 00 00 65 45 03 01 00 08 10 1D BE AA AA 
Time:	12:56:53,814
Send:	220001
Receive: 62 00 01 02 8C 00 C2 0C 76 00 0A 01 DF 00 81 00 00 03 89 00 7D 80 9F 4C A3 7E FD 41 F2 9F 85 1F 00 E6 01 E6 6E 00 00 19 B6 00 50 09 14 00 2B FF E7 00 00 65 45 03 01 F9 C0 78 DA 0C 3A 9B 00 08 02 1D B2 AA AA 
Time:	12:56:54,235
Send:	220001

Fixed toLineMF: 03E 62 00 01 02 8C 00 C2 0C 6C 00 0D 01 CD 00 83 00 00 03 6D 00 78 80 99 4C AA 7C DD 41 F2 9F 85 CD 00 E6 02 11 6E 00 00 19 B6 EA 00 00 65 45 03 01 F9 C0 78 DA 0C 3A 9B 00 07 EF 1D B2 AA AA 
Receive: 62 00 01 02 8C 00 C2 0C 6C 00 0D 01 CD 00 83 00 00 03 6D 00 78 80 99 4C AA 7C DD 41 F2 9F 85 CD 00 E6 02 11 6E 00 00 19 B6 EA 00 00 65 45 03 01 F9 C0 78 DA 0C 3A 9B 00 07 EF 1D B2 AA AA 

Fixed toLineMF: 03E 62 00 01 02 8C 00 C2 0C 6C 00 0D 01 CD 00 83 00 00 03 6D 00 78 80 99 4C AA 7C DD 41 F2 9F 85 CD 00 E6 02 11 6E 00 00 19 B6 EA 00 00 65 45 03 01 F9 C0 78 DA 0C 3A 9B 00 07 EF 1D B2 AA AA 
Time:	12:56:54,619
Send:	220001

Fixed toLineMF: 03E 62 00 01 02 8C 00 C2 0C 70 00 09 01 DE 79 80 2C 4C 8B 7F FD 41 F2 9F 85 58 00 E6 02 11 6E 00 00 19 B6 00 50 09 14 00 2B FF EA 00 00 65 45 03 01 F9 C0 78 DA 0C 3A 9B 00 07 E6 1D B2 AA AA 
Receive: 62 00 01 02 8C 00 C2 0C 70 00 09 01 DE 79 80 2C 4C 8B 7F FD 41 F2 9F 85 58 00 E6 02 11 6E 00 00 19 B6 00 50 09 14 00 2B FF EA 00 00 65 45 03 01 F9 C0 78 DA 0C 3A 9B 00 07 E6 1D B2 AA AA 

Fixed toLineMF: 03E 62 00 01 02 8C 00 C2 0C 70 00 09 01 DE 79 80 2C 4C 8B 7F FD 41 F2 9F 85 58 00 E6 02 11 6E 00 00 19 B6 00 50 09 14 00 2B FF EA 00 00 65 45 03 01 F9 C0 78 DA 0C 3A 9B 00 07 E6 1D B2 AA AA 
Time:	12:56:55,021
Send:	220001

Fixed toLineMF: 03E 62 00 01 02 8C 00 00 81 00 00 03 72 00 77 80 2B 4C 2D 81 1D 41 F2 93 85 B3 00 E6 02 05 6E 00 00 19 B6 00 50 09 14 00 2B FF F3 00 00 65 45 03 01 F9 C0 78 DA 0C 3A 9B 00 08 12 1D C4 AA AA 
Receive: 62 00 01 02 8C 00 00 81 00 00 03 72 00 77 80 2B 4C 2D 81 1D 41 F2 93 85 B3 00 E6 02 05 6E 00 00 19 B6 00 50 09 14 00 2B FF F3 00 00 65 45 03 01 F9 C0 78 DA 0C 3A 9B 00 08 12 1D C4 AA AA 

Fixed toLineMF: 03E 62 00 01 02 8C 00 00 81 00 00 03 72 00 77 80 2B 4C 2D 81 1D 41 F2 93 85 B3 00 E6 02 05 6E 00 00 19 B6 00 50 09 14 00 2B FF F3 00 00 65 45 03 01 F9 C0 78 DA 0C 3A 9B 00 08 12 1D C4 AA AA 
Time:	12:56:55,405
Send:	220001

Fixed toLineMF: 03E 62 00 01 02 8D 00 C2 0C 8C 00 01 01 E7 00 81 00 00 03 83 00 7C 80 3C 4C 80 82 DD 41 F2 93 85 4B 00 E6 00 50 09 11 00 2B FF ED 00 00 65 45 03 01 F9 C0 78 DA 0C 3A 9B 00 07 EE 1D 87 AA AA 
Receive: 62 00 01 02 8D 00 C2 0C 8C 00 01 01 E7 00 81 00 00 03 83 00 7C 80 3C 4C 80 82 DD 41 F2 93 85 4B 00 E6 00 50 09 11 00 2B FF ED 00 00 65 45 03 01 F9 C0 78 DA 0C 3A 9B 00 07 EE 1D 87 AA AA 

Fixed toLineMF: 03E 62 00 01 02 8D 00 C2 0C 8C 00 01 01 E7 00 81 00 00 03 83 00 7C 80 3C 4C 80 82 DD 41 F2 93 85 4B 00 E6 00 50 09 11 00 2B FF ED 00 00 65 45 03 01 F9 C0 78 DA 0C 3A 9B 00 07 EE 1D 87 AA AA 
Time:	12:56:55,807
Send:	220001

Fixed toLineMF: 03E 62 00 01 02 8C 00 C2 0C 6E 00 0C 01 CE 00 81 00 00 03 6B 00 76 80 A4 4C AD 7E 3D 41 F2 93 85 E3 00 E6 02 05 6E 00 00 19 B6 00 50 09 11 00 2B FF ED 00 00 65 45 03 01 F9 C0 78 DA 0C 3A 9B 
Receive: 62 00 01 02 8C 00 C2 0C 6E 00 0C 01 CE 00 81 00 00 03 6B 00 76 80 A4 4C AD 7E 3D 41 F2 93 85 E3 00 E6 02 05 6E 00 00 19 B6 00 50 09 11 00 2B FF ED 00 00 65 45 03 01 F9 C0 78 DA 0C 3A 9B 

Fixed toLineMF: 03E 62 00 01 02 8C 00 C2 0C 6E 00 0C 01 CE 00 81 00 00 03 6B 00 76 80 A4 4C AD 7E 3D 41 F2 93 85 E3 00 E6 02 05 6E 00 00 19 B6 00 50 09 11 00 2B FF ED 00 00 65 45 03 01 F9 C0 78 DA 0C 3A 9B 
Time:	12:56:56,191
Send:	220001

Fixed toLineMF: 037 62 00 01 02 8C 00 C2 0C 5A 00 08 01 D4 00 81 00 00 03 7E 00 41 F2 93 85 6E 00 E6 01 E6 6E 00 00 19 B6 FB 00 00 65 45 03 01 F9 C0 78 DA 0C 3A 9B 00 07 FE 1D D6 AA AA 
Receive: 62 00 01 02 8C 00 C2 0C 5A 00 08 01 D4 00 81 00 00 03 7E 00 41 F2 93 85 6E 00 E6 01 E6 6E 00 00 19 B6 FB 00 00 65 45 03 01 F9 C0 78 DA 0C 3A 9B 00 07 FE 1D D6 AA AA 

Fixed toLineMF: 037 62 00 01 02 8C 00 C2 0C 5A 00 08 01 D4 00 81 00 00 03 7E 00 41 F2 93 85 6E 00 E6 01 E6 6E 00 00 19 B6 FB 00 00 65 45 03 01 F9 C0 78 DA 0C 3A 9B 00 07 FE 1D D6 AA AA 
Time:	12:56:56,596
Send:	220001
Receive: 62 00 01 02 8D 00 C2 0C 60 00 09 01 DE 00 81 00 00 03 7C 00 7A 80 29 4C 2C 80 7D 41 F2 93 85 76 00 E6 01 E6 6E 00 00 19 B6 00 50 09 11 00 2C 00 02 00 00 65 45 03 01 F9 C0 78 DA 0C 3A 9B 00 08 06 1D CE AA AA 
Time:	12:56:57,022
Send:	220001

Fixed toLineMF: 037 62 00 01 02 8C 00 C2 0C 88 00 07 01 E5 00 81 00 00 03 81 00 7C 80 86 4C 47 82 9D 41 F2 93 85 5C 00 E6 02 11 6E 00 00 19 B6 00 50 09 11 00 2C FF F9 C0 78 DA 0C 3A 9B 
Receive: 62 00 01 02 8C 00 C2 0C 88 00 07 01 E5 00 81 00 00 03 81 00 7C 80 86 4C 47 82 9D 41 F2 93 85 5C 00 E6 02 11 6E 00 00 19 B6 00 50 09 11 00 2C FF F9 C0 78 DA 0C 3A 9B 

Fixed toLineMF: 037 62 00 01 02 8C 00 C2 0C 88 00 07 01 E5 00 81 00 00 03 81 00 7C 80 86 4C 47 82 9D 41 F2 93 85 5C 00 E6 02 11 6E 00 00 19 B6 00 50 09 11 00 2C FF F9 C0 78 DA 0C 3A 9B 
Time:	12:56:57,398
Send:	220001

Fixed toLineMF: 03E 62 00 01 02 8D 00 C2 0C 70 00 0A 01 D3 79 80 9E 4C A4 7E 3D 41 F2 93 85 A6 00 E6 02 11 6E 00 00 19 B6 00 50 09 11 00 2C FF FE 00 00 65 45 03 01 F9 C0 78 DA 0C 3A 9B 00 07 CE 1D CA AA AA 
Receive: 62 00 01 02 8D 00 C2 0C 70 00 0A 01 D3 79 80 9E 4C A4 7E 3D 41 F2 93 85 A6 00 E6 02 11 6E 00 00 19 B6 00 50 09 11 00 2C FF FE 00 00 65 45 03 01 F9 C0 78 DA 0C 3A 9B 00 07 CE 1D CA AA AA 

Fixed toLineMF: 03E 62 00 01 02 8D 00 C2 0C 70 00 0A 01 D3 79 80 9E 4C A4 7E 3D 41 F2 93 85 A6 00 E6 02 11 6E 00 00 19 B6 00 50 09 11 00 2C FF FE 00 00 65 45 03 01 F9 C0 78 DA 0C 3A 9B 00 07 CE 1D CA AA AA 
Time:	12:56:57,778
Send:	220001

Fixed toLineMF: 037 62 00 01 02 8D 00 00 81 00 00 03 7D 00 7B 80 84 4C A9 7C 9D 02 11 6E 00 00 19 B6 00 50 09 12 00 2C 00 02 00 00 65 45 03 01 F9 C0 78 DA 0C 3A 9B 00 08 03 1D B7 AA AA 
Receive: 62 00 01 02 8D 00 00 81 00 00 03 7D 00 7B 80 84 4C A9 7C 9D 02 11 6E 00 00 19 B6 00 50 09 12 00 2C 00 02 00 00 65 45 03 01 F9 C0 78 DA 0C 3A 9B 00 08 03 1D B7 AA AA 

Fixed toLineMF: 037 62 00 01 02 8D 00 00 81 00 00 03 7D 00 7B 80 84 4C A9 7C 9D 02 11 6E 00 00 19 B6 00 50 09 12 00 2C 00 02 00 00 65 45 03 01 F9 C0 78 DA 0C 3A 9B 00 08 03 1D B7 AA AA 
Time:	12:56:58,170
Send:	220001

Fixed toLineMF: 03E 62 00 01 02 8D 00 C3 0C 84 00 05 01 DC 00 81 00 00 03 7B 00 7C 80 29 4C 33 80 DD 01 E6 6E 00 00 19 B6 00 50 09 12 00 2C 00 00 00 00 65 45 03 01 F9 C0 78 DA 0C 3A 9B 00 07 EA 1D 8C AA AA 
Receive: 62 00 01 02 8D 00 C3 0C 84 00 05 01 DC 00 81 00 00 03 7B 00 7C 80 29 4C 33 80 DD 01 E6 6E 00 00 19 B6 00 50 09 12 00 2C 00 00 00 00 65 45 03 01 F9 C0 78 DA 0C 3A 9B 00 07 EA 1D 8C AA AA 

Fixed toLineMF: 03E 62 00 01 02 8D 00 C3 0C 84 00 05 01 DC 00 81 00 00 03 7B 00 7C 80 29 4C 33 80 DD 01 E6 6E 00 00 19 B6 00 50 09 12 00 2C 00 00 00 00 65 45 03 01 F9 C0 78 DA 0C 3A 9B 00 07 EA 1D 8C AA AA 
Time:	12:56:58,567
Send:	220001

Fixed toLineMF: 03E 62 00 01 02 8C 00 C3 0C 80 00 02 01 CE 00 81 00 00 03 68 00 74 80 96 4C 4E 7F 3D 41 F2 93 85 F5 00 E6 00 50 09 12 00 2C FF FE 00 00 65 45 03 01 F9 C0 78 DA 0C 3A 9B 00 07 CC 1D 8D AA AA 
Receive: 62 00 01 02 8C 00 C3 0C 80 00 02 01 CE 00 81 00 00 03 68 00 74 80 96 4C 4E 7F 3D 41 F2 93 85 F5 00 E6 00 50 09 12 00 2C FF FE 00 00 65 45 03 01 F9 C0 78 DA 0C 3A 9B 00 07 CC 1D 8D AA AA 

Fixed toLineMF: 03E 62 00 01 02 8C 00 C3 0C 80 00 02 01 CE 00 81 00 00 03 68 00 74 80 96 4C 4E 7F 3D 41 F2 93 85 F5 00 E6 00 50 09 12 00 2C FF FE 00 00 65 45 03 01 F9 C0 78 DA 0C 3A 9B 00 07 CC 1D 8D AA AA 
Time:	12:56:58,943
Send:	220001
Receive: 62 00 01 02 8D 00 C3 0C 82 00 02 01 D8 00 81 00 00 03 7D 00 7A 80 9A 4C A5 7D 9D 41 F2 93 85 72 00 E6 01 E6 6E 00 00 19 B6 00 50 09 12 00 2C FF FE 00 00 65 45 03 01 F9 C0 78 DA 0C 3A 9B 00 07 DC 1D 8C AA AA 
Time:	12:56:59,357
Send:	220001
Receive: 62 00 01 02 8D 00 C3 0C 74 00 09 01 DB 00 81 00 00 03 77 00 79 80 2F 4C 98 80 DD 41 F2 93 85 95 00 E6 01 E6 6E 00 00 19 B6 00 50 09 12 00 2C 00 00 00 00 65 45 03 01 F9 C0 78 DA 0C 3A 9B 00 07 EC 1D A3 AA AA 
Time:	12:56:59,740
Send:	220001
Receive: 62 00 01 02 8D 00 C3 0C 80 00 07 01 DE 00 81 00 00 03 73 00 79 80 39 4C 40 82 9D 41 F2 93 85 A6 00 E6 01 E6 6E 00 00 19 B6 00 50 09 12 00 2C FF FB 00 00 65 45 03 01 F9 C0 78 DA 0C 3A 9B 00 07 F2 1D 82 AA AA 
Time:	12:57:00,149
Send:	220001
Receive: 62 00 01 02 8C 00 C3 0C 7E 00 08 01 C9 00 81 00 00 03 60 00 76 80 9C 4C A4 7E FD 41 F2 93 85 FE 00 E6 02 11 6E 00 00 19 B6 00 50 09 12 00 2C FF F8 00 00 65 45 03 01 F9 C0 78 DA 0C 3A 9B 00 07 DA 1D 81 AA AA 
Time:	12:57:00,527
Send:	220001
Time:	12:57:00,973
Send:	ATZ
Receive: ELM327 V1.5
State: none 12:57:01,874
