AppVersion: 2.17.27
Android SDK: 30 (11)
Android device: Xiaomi MI 9
ECU: Автоопределение блока СУД
Connect: Bluetooth
State: connecting 09:26:41,611
Device: 27:88:08:BF:C4:F1
State: connected 09:26:43,221
Time:	09:26:43,325
Send:	AT@1
Receive: AT@1OBDII TO RS232 ADAPTER
Time:	09:26:43,553
Send:	ATZ
Receive: ATZELM327 V1.5
Time:	09:26:44,361
Send:	ATE0
Receive: ATE0OK
Time:	09:26:44,381
Send:	ATSP6
Receive: OK
Time:	09:26:44,397
Send:	ATAL
Receive: OK
Time:	09:26:44,414
Send:	ATD0
Receive: OK
Time:	09:26:44,431
Send:	ATST32
Receive: OK
Time:	09:26:44,448
Send:	ATSH7E0
Receive: OK
Time:	09:26:44,464
Send:	ATCRA7E8
Receive: OK
Time:	09:26:44,480
Send:	ATSW00
Receive: OK
Time:	09:26:44,497
Send:	ATCAF1
Receive: OK
Time:	09:26:44,514
Send:	22009A
Receive: 62 00 9A 49 37 38 35 56 53 43 33 00 00 
DBSQL: found 34 - 1
ECU: Автоопределение блока СУД
ВАЗ: Ителма M86CAN
Time:	09:26:45,035
Send:	220001
Receive: 62 00 01 02 7D 00 7B 00 00 00 F9 00 00 01 0C 00 00 10 61 00 00 80 66 4C 67 7F FD 41 00 00 86 8A 00 E6 00 00 69 00 00 2C 72 00 57 08 D3 00 2E 00 00 00 00 7B 05 03 00 01 C8 78 D6 0C 3A 9B 04 25 80 3F 94 AA AA 
Time:	09:26:45,363
Send:	220001
Receive: 62 00 01 02 7D 00 7B 00 00 00 F9 00 00 01 0F 00 00 10 61 00 00 80 66 4C 67 7F FD 41 00 00 86 8A 00 E6 00 00 69 00 00 2C 72 00 57 08 D3 00 2E 00 00 00 00 7B 05 03 00 01 C8 78 D6 0C 3A 9B 04 25 80 3F 97 AA AA 
Time:	09:26:45,765
Send:	220001
Receive: 62 00 01 02 7D 00 7B 00 00 00 F9 00 00 01 0F 00 00 10 61 00 00 80 66 4C 67 7F FD 41 00 00 86 8A 00 E6 00 00 69 00 00 2C 72 00 57 08 D3 00 2E 00 00 00 00 7B 05 03 00 01 C8 78 D6 0C 3A 9B 04 25 80 3F 99 AA AA 
Time:	09:26:46,154
Send:	220001
Receive: 62 00 01 02 7D 00 7B 00 00 00 F9 00 00 01 0C 00 00 10 61 00 00 80 66 4C 67 7F FD 41 00 00 86 8A 00 E6 00 00 69 00 00 2C 72 00 57 08 D3 00 2E 00 00 00 00 7B 05 03 00 01 C8 78 D6 0C 3A 9B 04 25 80 3F 95 AA AA 
Time:	09:26:46,560
Send:	220001

Fixed toLineMF: 03E 62 00 01 02 7D 00 7B 00 00 00 F9 00 00 00 80 66 4C 67 7F FD 41 00 00 86 8A 00 E6 00 00 69 00 00 2C 72 00 57 08 D3 00 2E 00 00 00 00 7B 05 03 00 01 C8 78 D6 0C 3A 9B 04 25 80 3F 96 AA AA 
Receive: 62 00 01 02 7D 00 7B 00 00 00 F9 00 00 00 80 66 4C 67 7F FD 41 00 00 86 8A 00 E6 00 00 69 00 00 2C 72 00 57 08 D3 00 2E 00 00 00 00 7B 05 03 00 01 C8 78 D6 0C 3A 9B 04 25 80 3F 96 AA AA 

Fixed toLineMF: 03E 62 00 01 02 7D 00 7B 00 00 00 F9 00 00 00 80 66 4C 67 7F FD 41 00 00 86 8A 00 E6 00 00 69 00 00 2C 72 00 57 08 D3 00 2E 00 00 00 00 7B 05 03 00 01 C8 78 D6 0C 3A 9B 04 25 80 3F 96 AA AA 
Time:	09:26:46,961
Send:	220001

Fixed toLineMF: 03E 62 00 01 02 7D 00 7B 00 00 00 F9 00 00 01 0C 00 00 10 61 00 00 80 66 4C 67 7F FD 41 00 00 86 8A 00 E6 00 00 69 00 00 2C 72 00 00 00 7B 05 03 00 01 C8 78 D6 0C 3A 9B 04 25 80 3F 95 AA AA 
Receive: 62 00 01 02 7D 00 7B 00 00 00 F9 00 00 01 0C 00 00 10 61 00 00 80 66 4C 67 7F FD 41 00 00 86 8A 00 E6 00 00 69 00 00 2C 72 00 00 00 7B 05 03 00 01 C8 78 D6 0C 3A 9B 04 25 80 3F 95 AA AA 

Fixed toLineMF: 03E 62 00 01 02 7D 00 7B 00 00 00 F9 00 00 01 0C 00 00 10 61 00 00 80 66 4C 67 7F FD 41 00 00 86 8A 00 E6 00 00 69 00 00 2C 72 00 00 00 7B 05 03 00 01 C8 78 D6 0C 3A 9B 04 25 80 3F 95 AA AA 
Time:	09:26:47,345
Send:	220001

Fixed toLineMF: 03E 62 00 01 02 7D 00 7B 00 00 00 F9 00 00 01 0C 00 00 10 61 00 00 80 66 4C 67 7F FD 00 00 69 00 00 2C 72 00 57 08 D3 00 2E 00 00 00 00 7B 05 03 00 01 C8 78 D6 0C 3A 9B 04 25 80 3F 99 AA AA 
Receive: 62 00 01 02 7D 00 7B 00 00 00 F9 00 00 01 0C 00 00 10 61 00 00 80 66 4C 67 7F FD 00 00 69 00 00 2C 72 00 57 08 D3 00 2E 00 00 00 00 7B 05 03 00 01 C8 78 D6 0C 3A 9B 04 25 80 3F 99 AA AA 

Fixed toLineMF: 03E 62 00 01 02 7D 00 7B 00 00 00 F9 00 00 01 0C 00 00 10 61 00 00 80 66 4C 67 7F FD 00 00 69 00 00 2C 72 00 57 08 D3 00 2E 00 00 00 00 7B 05 03 00 01 C8 78 D6 0C 3A 9B 04 25 80 3F 99 AA AA 
Time:	09:26:47,753
Send:	220001

Fixed toLineMF: 03E 62 00 01 02 7D 00 7B 00 00 00 F9 00 00 01 0C 00 00 10 61 00 00 80 6A 4C 67 7F FD 41 00 00 86 8A 00 E6 00 00 69 00 00 2C 72 00 57 08 D4 00 2E 00 00 00 00 7B 05 03 00 01 C8 78 D6 0C 3A 9B 
Receive: 62 00 01 02 7D 00 7B 00 00 00 F9 00 00 01 0C 00 00 10 61 00 00 80 6A 4C 67 7F FD 41 00 00 86 8A 00 E6 00 00 69 00 00 2C 72 00 57 08 D4 00 2E 00 00 00 00 7B 05 03 00 01 C8 78 D6 0C 3A 9B 

Fixed toLineMF: 03E 62 00 01 02 7D 00 7B 00 00 00 F9 00 00 01 0C 00 00 10 61 00 00 80 6A 4C 67 7F FD 41 00 00 86 8A 00 E6 00 00 69 00 00 2C 72 00 57 08 D4 00 2E 00 00 00 00 7B 05 03 00 01 C8 78 D6 0C 3A 9B 
Time:	09:26:48,153
Send:	220001
Receive: 62 00 01 02 7D 00 7B 00 00 00 F9 00 00 01 0C 00 00 10 61 00 00 80 66 4C 67 7F FD 41 00 00 86 8A 00 E6 00 00 69 00 00 2C 72 00 57 08 D4 00 2E 00 00 00 00 7B 05 03 00 01 C8 78 D6 0C 3A 9B 04 25 80 3F 96 AA AA 
Time:	09:26:48,587
Send:	220001
Receive: 62 00 01 02 7D 00 7B 00 00 00 F9 00 00 01 0C 00 00 10 61 00 00 80 66 4C 67 7F FD 41 00 00 86 8A 00 E6 00 00 69 00 00 2C 72 00 57 08 D4 00 2E 00 00 00 00 7B 05 03 00 01 C8 78 D6 0C 3A 9B 04 25 80 3F 94 AA AA 
Time:	09:26:49,072
Send:	220001
Receive: 62 00 01 02 7D 00 7B 00 00 00 F9 00 00 01 0F 00 00 10 61 00 00 80 66 4C 67 7F FD 41 00 00 86 8A 00 E6 00 00 69 00 00 2C 72 00 57 08 D4 00 2E 00 00 00 00 7B 05 03 00 01 C8 78 D6 0C 3A 9B 04 25 80 3F 94 AA AA 
Time:	09:26:49,456
Send:	220001
Receive: 62 00 01 02 7D 00 7B 00 00 00 F9 00 00 01 0F 00 00 10 61 00 00 80 66 4C 66 7F FD 41 00 00 86 8A 00 E6 00 00 69 00 00 2C 72 00 57 08 D4 00 2E 00 00 00 00 7B 05 03 00 01 C8 78 D6 0C 3A 9B 04 25 80 3F 96 AA AA 
Time:	09:26:49,906
Send:	220001
Receive: 62 00 01 02 7D 00 7B 00 00 00 F9 00 00 01 0C 00 00 10 61 00 00 80 66 4C 67 7F FD 41 00 00 86 8A 00 E6 00 00 69 00 00 2C 72 00 57 08 D4 00 2E 00 00 00 00 7B 05 03 00 01 C8 78 D6 0C 3A 9B 04 25 80 3F 96 AA AA 
Time:	09:26:50,324
Send:	220001
Receive: 62 00 01 02 7D 00 7B 00 00 00 F9 00 00 01 0C 00 00 10 61 00 00 80 66 4C 67 7F FD 41 00 00 86 8A 00 E6 00 00 69 00 00 2C 72 00 57 08 D4 00 2E 00 00 00 00 7B 05 03 00 01 C8 78 D6 0C 3A 9B 04 25 80 3F 99 AA AA 
Time:	09:26:50,741
Send:	220001
Receive: 62 00 01 02 7D 00 7B 00 00 00 F9 00 00 01 0F 00 00 10 61 00 00 80 66 4C 67 7F FD 41 00 00 86 8A 00 E6 00 00 69 00 00 2C 72 00 57 08 D4 00 2E 00 00 00 00 7B 05 03 00 01 C8 78 D6 0C 3A 9B 04 25 80 3F 96 AA AA 
Time:	09:26:51,159
Send:	220001
Receive: 62 00 01 02 7D 00 7B 00 00 00 F9 00 00 01 0F 00 00 10 61 00 00 80 66 4C 67 7F FD 41 00 00 86 8A 00 E6 00 00 69 00 00 2C 72 00 57 08 D4 00 2E 00 00 00 00 7B 05 03 00 01 C8 78 D6 0C 3A 9B 04 25 80 3F 9A AA AA 
Time:	09:26:51,571
Send:	220001
Receive: 62 00 01 02 7D 00 7B 00 00 00 F9 00 00 01 0C 00 00 10 61 00 00 80 66 4C 67 7F FD 41 00 00 86 8A 00 E6 00 00 69 00 00 2C 72 00 57 08 D4 00 2E 00 00 00 00 7B 05 03 00 01 C8 78 D6 0C 3A 9B 04 25 80 3F 95 AA AA 
Time:	09:26:51,989
Send:	220001
Receive: 62 00 01 02 7D 00 7B 00 00 00 F9 00 00 01 0F 00 00 10 61 00 00 80 66 4C 67 7F FD 41 00 00 86 8A 00 E6 00 00 69 00 00 2C 72 00 57 08 D4 00 2E 00 00 00 00 7B 05 03 00 01 C8 78 D6 0C 3A 9B 04 25 80 3F 99 AA AA 
Time:	09:26:52,381
Send:	220001
Receive: 62 00 01 02 7D 00 7B 00 00 00 F9 00 00 01 0C 00 00 10 61 00 00 80 66 4C 67 7F FD 41 00 00 86 8A 00 E6 00 00 69 00 00 2C 72 00 57 08 D4 00 2E 00 00 00 00 7B 05 03 00 01 C8 78 D6 0C 3A 9B 04 25 80 3F 96 AA AA 
Time:	09:26:52,802
Send:	220001
Receive: 62 00 01 02 7D 00 7B 00 00 00 F9 00 00 01 0F 00 00 10 61 00 00 80 66 4C 67 7F FD 41 00 00 86 8A 00 E6 00 00 69 00 00 2C 72 00 57 08 D4 00 2E 00 00 00 00 7B 05 03 00 01 C8 78 D6 0C 3A 9B 04 25 80 3F 99 AA AA 
Time:	09:26:53,204
Send:	220001
Receive: 62 00 01 02 7D 00 7B 00 00 00 F9 00 00 01 0C 00 00 10 61 00 00 80 67 4C 67 7F FD 41 00 00 86 8A 00 E6 00 00 69 00 00 2C 72 00 57 08 D4 00 2E 00 00 00 00 7B 05 03 00 01 C8 78 D6 0C 3A 9B 04 25 80 3F 96 AA AA 
Time:	09:26:53,619
Send:	220001
Receive: 62 00 01 02 7D 00 7B 00 00 00 F9 00 00 01 0C 00 00 10 61 00 00 80 66 4C 67 7F FD 41 00 00 86 8A 00 E6 00 00 69 00 00 2C 72 00 57 08 D5 00 2E 00 00 00 00 7B 05 03 00 01 C8 78 D6 0C 3A 9B 04 25 80 3F 95 AA AA 
Time:	09:26:54,047
Send:	220001
Receive: 62 00 01 02 7D 00 7B 00 00 00 F9 00 00 01 0F 00 00 10 61 00 00 80 66 4C 67 7F FD 41 00 00 86 8A 00 E6 00 00 69 00 00 2C 72 00 57 08 D5 00 2E 00 00 00 00 7B 05 03 00 01 C8 78 D6 0C 3A 9B 04 25 80 3F 99 AA AA 
Time:	09:26:54,499
Send:	220001
Receive: 62 00 01 02 7D 00 7B 00 00 00 F9 00 00 01 0C 00 00 10 61 00 00 80 66 4C 67 7F FD 41 00 00 86 8A 00 E6 00 00 69 00 00 2C 72 00 57 08 D5 00 2E 00 00 00 00 7B 05 03 00 01 C8 78 D6 0C 3A 9B 04 25 80 3F 96 AA AA 
Time:	09:26:55,040
Send:	220001
Receive: 62 00 01 02 7D 00 7B 00 00 00 F9 00 00 01 0C 00 00 10 61 00 00 80 67 4C 67 7F FD 41 00 00 86 8A 00 E6 00 00 69 00 00 2C 72 00 57 08 D5 00 2E 00 00 00 00 7B 05 03 00 01 C8 78 D6 0C 3A 9B 04 25 80 3F 97 AA AA 
Time:	09:26:55,460
Send:	220001
Receive: 62 00 01 02 7D 00 7B 00 00 00 F9 00 00 01 0C 00 00 10 61 00 00 80 66 4C 67 7F FD 41 00 00 86 8A 00 E6 00 00 69 00 00 2C 72 00 57 08 D5 00 2E 00 00 00 00 7B 05 03 00 01 C8 78 D6 0C 3A 9B 04 25 80 3F 95 AA AA 
Time:	09:26:55,870
Send:	220001
Receive: 62 00 01 02 7D 00 7B 00 00 00 F9 00 00 01 0C 00 00 10 61 00 00 80 67 4C 67 7F FD 41 00 00 86 8A 00 E6 00 00 69 00 00 2C 72 00 57 08 D5 00 2E 00 00 00 00 7B 05 03 00 01 C8 78 D6 0C 3A 9B 04 25 80 3F 99 AA AA 
Time:	09:26:56,261
Send:	220001
Receive: NO DATA
Time:	09:26:56,556
Send:	220001
Receive: NO DATA
Time:	09:26:56,832
Send:	220001
Receive: NO DATA
Time:	09:26:57,113
Send:	220001
Receive: NO DATA
Time:	09:26:57,404
Send:	220001
Receive: NO DATA
Time:	09:26:57,678
Send:	220001
Receive: NO DATA
Time:	09:26:57,972
Send:	220001
Receive: NO DATA
Time:	09:26:58,256
Send:	220001
Receive: NO DATA
Time:	09:26:58,561
Send:	220001
Receive: 62 00 01 02 7D 00 7B 00 00 00 F9 00 00 01 0F 00 00 10 61 00 00 80 67 4C 67 7F FD 41 00 00 86 8A 00 E6 00 00 69 00 00 2C 72 00 57 08 D5 00 2E 00 00 00 00 7B 05 03 00 01 C8 78 D6 0C 3A 9B 04 25 80 3F 97 AA AA 
Time:	09:26:58,951
Send:	220001
Receive: 62 00 01 02 7D 00 7B 00 00 00 F9 00 00 01 0C 00 00 10 61 00 00 80 66 4C 67 7F FD 41 00 00 86 8A 00 E6 00 00 69 00 00 2C 72 00 57 08 D5 00 2E 00 00 00 00 7B 05 03 00 01 C8 78 D6 0C 3A 9B 04 25 80 3F 9A AA AA 
Time:	09:26:59,331
Send:	220001
Receive: 62 00 01 02 7D 00 7B 00 00 00 F9 00 00 01 0F 00 00 10 61 00 00 80 67 4C 67 7F FD 41 00 00 86 8A 00 E6 00 00 69 00 00 2C 72 00 57 08 D5 00 2E 00 00 00 00 7B 05 03 00 01 C8 78 D6 0C 3A 9B 04 25 80 3F 97 AA AA 
Time:	09:26:59,714
Send:	220001
Receive: 62 00 01 02 7D 00 7B 00 00 00 F9 00 00 01 0C 00 00 10 61 00 00 80 66 4C 67 7F FD 41 00 00 86 8A 00 E6 00 00 69 00 00 2C 72 00 57 08 D5 00 2E 00 00 00 00 7B 05 03 00 01 C8 78 D6 0C 3A 9B 04 25 80 3F 96 AA AA 
Time:	09:27:00,112
Send:	220001
Receive: 62 00 01 02 7D 00 7B 00 00 00 F9 00 00 01 0C 00 00 10 61 00 00 80 66 4C 67 7F FD 41 00 00 86 8A 00 E6 00 00 69 00 00 2C 72 00 57 08 D5 00 2E 00 00 00 00 7B 05 03 00 01 C8 78 D6 0C 3A 9B 04 25 80 3F 96 AA AA 
Time:	09:27:00,504
Send:	220001
Receive: 62 00 01 02 7D 00 7B 00 00 00 F9 00 00 01 0C 00 00 10 61 00 00 80 66 4C 67 7F FD 41 00 00 86 8A 00 E6 00 00 69 00 00 2C 72 00 57 08 D5 00 2E 00 00 00 00 7B 05 03 00 01 C8 78 D6 0C 3A 9B 04 25 80 3F 94 AA AA 
Time:	09:27:00,915
Send:	220001
Receive: 62 00 01 02 7D 00 7B 00 00 00 F9 00 00 01 0F 00 00 10 61 00 00 80 67 4C 67 7F FD 41 00 00 86 8A 00 E6 00 00 69 00 00 2C 72 00 57 08 D5 00 2E 00 00 00 00 7B 05 03 00 01 C8 78 D6 0C 3A 9B 04 25 80 3F 97 AA AA 
Time:	09:27:01,302
Send:	220001
Receive: 62 00 01 02 7D 00 7B 00 00 00 F9 00 00 01 0C 00 00 10 61 00 00 80 66 4C 67 7F FD 41 00 00 86 8A 00 E6 00 00 69 00 00 2C 72 00 57 08 D5 00 2E 00 00 00 00 7B 05 03 00 01 C8 78 D6 0C 3A 9B 04 25 80 3F 99 AA AA 
Time:	09:27:01,683
Send:	220001
Receive: 62 00 01 02 7D 00 7B 00 00 00 F9 00 00 01 0F 00 00 10 61 00 00 80 66 4C 67 7F FD 41 00 00 86 8A 00 E6 00 00 69 00 00 2C 72 00 57 08 D5 00 2E 00 00 00 00 7B 05 03 00 01 C8 78 D6 0C 3A 9B 04 25 80 3F 96 AA AA 
Time:	09:27:02,093
Send:	220001
Receive: 62 00 01 02 7C 00 7B 00 00 00 F9 00 00 01 3C 00 00 10 61 00 00 80 66 4C 67 7F FD 41 00 00 86 8A 00 E6 00 00 69 00 00 2C 72 00 57 08 D5 00 2E 00 00 00 00 7B 05 03 00 01 C8 78 D6 0C 3A 9B 04 25 80 3F 94 AA AA 
Time:	09:27:02,501
Send:	220001
Receive: 62 00 01 02 7C 00 7B 00 00 00 F9 00 00 00 DB 00 00 10 61 00 00 80 67 4C 67 7F FD 41 00 00 86 8A 00 E6 00 00 69 00 00 2C 72 00 57 08 D5 00 2E 00 00 00 00 7B 05 03 00 01 C8 78 D6 0C 3A 9B 04 25 80 3F 95 AA AA 
Time:	09:27:02,882
Send:	220001
Receive: 62 00 01 02 7C 00 7B 00 00 00 F9 00 00 00 97 00 00 10 61 00 00 80 67 4C 67 7F FD 41 00 00 86 8A 00 E6 00 00 69 00 00 2C 72 00 57 08 D5 00 2E 00 00 00 00 7B 05 03 00 01 C8 78 D6 0C 3A 9B 04 25 80 3F 96 AA AA 
Time:	09:27:03,301
Send:	220001
Receive: 62 00 01 02 7C 00 7B 00 00 00 F9 00 00 01 0F 00 00 10 61 00 00 80 66 4C 67 7F FD 41 00 00 86 8A 00 E6 00 00 69 00 00 2C 72 00 57 08 D5 00 2E 00 00 00 00 7B 05 03 00 01 C8 78 D6 0C 3A 9B 04 25 80 3F 95 AA AA 
Time:	09:27:03,693
Send:	220001
Receive: 62 00 01 02 7C 00 7B 00 00 00 F9 00 00 01 0F 00 00 10 61 00 00 80 67 4C 67 7F FD 41 00 00 86 8A 00 E6 00 00 69 00 00 2C 72 00 57 08 D5 00 2E 00 00 00 00 7B 05 03 00 01 C8 78 D6 0C 3A 9B 04 25 80 3F 96 AA AA 
Time:	09:27:04,081
Send:	220001
Receive: 62 00 01 02 7C 00 7B 00 00 00 F9 00 00 01 0F 00 00 10 61 00 00 80 66 4C 67 7F FD 41 00 00 86 8A 00 E6 00 00 69 00 00 2C 72 00 57 08 D5 00 2E 00 00 00 00 7B 05 03 00 01 C8 78 D6 0C 3A 9B 04 25 80 3F 94 AA AA 
Time:	09:27:04,484
Send:	220001
Receive: 62 00 01 02 7C 00 7B 00 00 00 F9 00 00 01 0F 00 00 10 61 00 00 80 66 4C 67 7F FD 41 00 00 86 8A 00 E6 00 00 69 00 00 2C 72 00 57 08 D5 00 2E 00 00 00 00 7B 05 03 00 01 C8 78 D6 0C 3A 9B 04 25 80 3F 96 AA AA 
Time:	09:27:04,886
Send:	220001
Receive: 62 00 01 02 7C 00 7B 00 00 00 F9 00 00 01 0F 00 00 10 61 00 00 80 66 4C 67 7F FD 41 00 00 86 8A 00 E6 00 00 69 00 00 2C 72 00 57 08 D5 00 2E 00 00 00 00 7B 05 03 00 01 C8 78 D6 0C 3A 9B 04 25 80 3F 94 AA AA 
Time:	09:27:05,271
Send:	220001
Receive: 62 00 01 02 7C 00 7B 00 00 00 F9 00 00 01 0F 00 00 10 61 00 00 80 67 4C 67 7F FD 41 00 00 86 8A 00 E6 00 00 69 00 00 2C 72 00 57 08 D6 00 2E 00 00 00 00 7B 05 03 00 01 C8 78 D6 0C 3A 9B 04 25 80 3F 92 AA AA 
Time:	09:27:05,659
Send:	220001
Receive: 62 00 01 02 7C 00 7B 00 00 00 F9 00 00 01 0F 00 00 10 62 00 00 80 67 4C 67 7F FD 41 00 00 86 8A 00 E6 00 00 69 00 00 2C 72 00 57 08 D6 00 2E 00 00 00 00 7B 05 03 00 01 C8 78 D6 0C 3A 9B 04 25 80 3F 95 AA AA 
Time:	09:27:06,041
Send:	220001
Receive: 62 00 01 02 7C 00 7B 00 00 00 F9 00 00 01 0F 00 00 10 61 00 00 80 66 4C 67 7F FD 41 00 00 86 8A 00 E6 00 00 69 00 00 2C 72 00 57 08 D6 00 2E 00 00 00 00 7B 05 03 00 01 C8 78 D6 0C 3A 9B 04 25 80 3F 96 AA AA 
Time:	09:27:06,433
Send:	220001
Receive: 62 00 01 02 7C 00 7B 00 00 00 F9 00 00 01 0F 00 00 10 61 00 00 80 66 4C 67 7F FD 41 00 00 86 8A 00 E6 00 00 69 00 00 2C 72 00 57 08 D6 00 2E 00 00 00 00 7B 05 03 00 01 C8 78 D6 0C 3A 9B 04 25 80 3F 99 AA AA 
Time:	09:27:06,857
Send:	220001
Receive: 62 00 01 02 7C 00 7B 00 00 00 F9 00 00 01 0F 00 00 10 61 00 00 80 66 4C 67 7F FD 41 00 00 86 8A 00 E6 00 00 69 00 00 2C 72 00 57 08 D6 00 2E 00 00 00 00 7B 05 03 00 01 C8 78 D6 0C 3A 9B 04 25 80 3F 97 AA AA 
Time:	09:27:07,294
Send:	220001
Receive: 62 00 01 02 7C 00 7B 00 00 00 F9 00 00 01 0F 00 00 10 61 00 00 80 66 4C 67 7F FD 41 00 00 86 8A 00 E6 00 00 69 00 00 2C 72 00 57 08 D6 00 2E 00 00 00 00 7B 05 03 00 01 C8 78 D6 0C 3A 9B 04 25 80 3F 95 AA AA 
Time:	09:27:07,693
Send:	220001
Receive: NO DATA
Time:	09:27:07,977
Send:	220001
Receive: NO DATA
Time:	09:27:08,285
Send:	220001
Receive: NO DATA
Time:	09:27:08,560
Send:	220001
Receive: NO DATA
Time:	09:27:08,834
Send:	220001
Receive: NO DATA
Time:	09:27:09,125
Send:	220001
Receive: NO DATA
Time:	09:27:09,432
Send:	220001
Receive: NO DATA
Time:	09:27:09,726
Send:	220001
Receive: 62 00 01 02 7C 00 7B 00 00 00 F9 00 00 01 0F 00 00 10 61 00 00 80 66 4C 67 7F FD 41 00 00 86 8A 00 E6 00 00 69 00 00 2C 72 00 57 08 D6 00 2E 00 00 00 00 7B 05 03 00 01 C8 78 D6 0C 3A 9B 04 25 80 3F 99 AA AA 
Time:	09:27:10,140
Send:	220001
Receive: 62 00 01 02 7C 00 7B 00 00 00 F9 00 00 01 0F 00 00 10 61 00 00 80 66 4C 67 7F FD 41 00 00 86 8A 00 E6 00 00 69 00 00 2C 72 00 57 08 D6 00 2E 00 00 00 00 7B 05 03 00 01 C8 78 D6 0C 3A 9B 04 25 80 3F 96 AA AA 
Time:	09:27:10,550
Send:	220001
Receive: 62 00 01 02 7C 00 7B 00 00 00 F9 00 00 01 0F 00 00 10 62 00 00 80 67 4C 67 7F FD 41 00 00 86 8A 00 E6 00 00 69 00 00 2C 72 00 57 08 D6 00 2E 00 00 00 00 7B 05 03 00 01 C8 78 D6 0C 3A 9B 04 25 80 3F 95 AA AA 
Time:	09:27:10,932
Send:	220001
Receive: 62 00 01 02 7C 00 7B 00 00 00 F9 00 00 01 0F 00 00 10 62 00 00 80 66 4C 67 7F FD 41 00 00 86 8A 00 E6 00 00 69 00 00 2C 72 00 57 08 D6 00 2E 00 00 00 00 7B 05 03 00 01 C8 78 D6 0C 3A 9B 04 25 80 3F 94 AA AA 
Time:	09:27:11,332
Send:	220001
Receive: 62 00 01 02 7C 00 7B 00 00 00 F9 00 00 01 0F 00 00 10 62 00 00 80 67 4C 67 7F FD 41 00 00 86 8A 00 E6 00 00 69 00 00 2C 72 00 57 08 D6 00 2E 00 00 00 00 7B 05 03 00 01 C8 78 D6 0C 3A 9B 04 25 80 3F 96 AA AA 
Time:	09:27:11,721
Send:	220001
Receive: 62 00 01 02 7C 00 7B 00 00 00 F9 00 00 01 0F 00 00 10 62 00 00 80 66 4C 67 7F FD 41 00 00 86 8A 00 E6 00 00 69 00 00 2C 72 00 57 08 D6 00 2E 00 00 00 00 7B 05 03 00 01 C8 78 D6 0C 3A 9B 04 25 80 3F 96 AA AA 
Time:	09:27:12,119
Send:	220001
Receive: 62 00 01 02 7C 00 7B 00 00 00 F9 00 00 01 0F 00 00 10 62 00 00 80 66 4C 67 7F FD 41 00 00 86 8A 00 E6 00 00 69 00 00 2C 72 00 57 08 D6 00 2E 00 00 00 00 7B 05 03 00 01 C8 78 D6 0C 3A 9B 04 25 80 3F 94 AA AA 
Time:	09:27:12,520
Send:	220001
Receive: 62 00 01 02 7C 00 7B 00 00 00 F9 00 00 01 0F 00 00 10 62 00 00 80 67 4C 67 7F FD 41 00 00 86 8A 00 E6 00 00 69 00 00 2C 72 00 57 08 D6 00 2E 00 00 00 00 7B 05 03 00 01 C8 78 D6 0C 3A 9B 04 25 80 3F 95 AA AA 
Time:	09:27:12,905
Send:	220001
Receive: 62 00 01 02 7C 00 7B 00 00 00 F9 00 00 01 0F 00 00 10 62 00 00 80 67 4C 67 7F FD 41 00 00 86 8A 00 E6 00 00 69 00 00 2C 72 00 57 08 D6 00 2E 00 00 00 00 7B 05 03 00 01 C8 78 D6 0C 3A 9B 04 25 80 3F 97 AA AA 
Time:	09:27:13,303
Send:	220001
Receive: 62 00 01 02 7C 00 7B 00 00 00 F9 00 00 01 0F 00 00 10 62 00 00 80 66 4C 67 7F FD 41 00 00 86 8A 00 E6 00 00 69 00 00 2C 72 00 57 08 D6 00 2E 00 00 00 00 7B 05 03 00 01 C8 78 D6 0C 3A 9B 04 25 80 3F 97 AA AA 
Time:	09:27:13,693
Send:	220001
Receive: 62 00 01 02 7C 00 7B 00 00 00 F9 00 00 01 0F 00 00 10 61 00 00 80 67 4C 67 7F FD 41 00 00 86 8A 00 E6 00 00 69 00 00 2C 72 00 57 08 D6 00 2E 00 00 00 00 7B 05 03 00 01 C8 78 D6 0C 3A 9B 04 25 80 3F 96 AA AA 
Time:	09:27:14,094
Send:	220001
Receive: 62 00 01 02 7C 00 7B 00 00 00 F9 00 00 01 0F 00 00 10 62 00 00 80 66 4C 67 7F FD 41 00 00 86 8A 00 E6 00 00 69 00 00 2C 72 00 57 08 D6 00 2E 00 00 00 00 7B 05 03 00 01 C8 78 D6 0C 3A 9B 04 25 80 3F 96 AA AA 
Time:	09:27:14,484
Send:	220001
Receive: 62 00 01 02 7C 00 7B 00 00 00 F9 00 00 01 0F 00 00 10 62 00 00 80 66 4C 67 7F FD 41 00 00 86 8A 00 E6 00 00 69 00 00 2C 72 00 57 08 D6 00 2E 00 00 00 00 7B 05 03 00 01 C8 78 D6 0C 3A 9B 04 25 80 3F 94 AA AA 
Time:	09:27:14,893
Send:	220001
Receive: 62 00 01 02 7C 00 7B 00 00 00 F9 00 00 01 0F 00 00 10 62 00 00 80 66 4C 67 7F FD 41 00 00 86 8A 00 E6 00 00 69 00 00 2C 72 00 57 08 D6 00 2E 00 00 00 00 7B 05 03 00 01 C8 78 D6 0C 3A 9B 04 25 80 3F 8C AA AA 
Time:	09:27:15,393
Send:	220001
Receive: 62 00 01 02 7C 00 7B 00 00 00 F9 00 00 01 0F 00 00 10 62 00 00 80 66 4C 67 7F FD 41 00 00 86 8A 00 E6 00 00 69 00 00 2C 72 00 57 08 D6 00 2E 00 00 00 00 7B 05 03 00 01 C8 78 D6 0C 3A 9B 04 25 80 3F 95 AA AA 
Time:	09:27:15,803
Send:	220001
Receive: 62 00 01 02 7C 00 7B 00 00 00 F9 00 00 01 0F 00 00 10 62 00 00 80 67 4C 67 7F FD 41 00 00 86 8A 00 E6 00 00 69 00 00 2C 72 00 57 08 D6 00 2E 00 00 00 00 7B 05 03 00 01 C8 78 D6 0C 3A 9B 04 25 80 3F 94 AA AA 
Time:	09:27:16,219
Send:	220001
Receive: 62 00 01 02 7C 00 7B 00 00 00 F9 00 00 01 0F 00 00 10 62 00 00 80 66 4C 67 7F FD 41 00 00 86 8A 00 E6 00 00 69 00 00 2C 72 00 57 08 D6 00 2E 00 00 00 00 7B 05 03 00 01 C8 78 D6 0C 3A 9B 04 25 80 3F 94 AA AA 
Time:	09:27:16,603
Send:	220001
Receive: 62 00 01 02 7C 00 7B 00 00 00 F9 00 00 01 0F 00 00 10 62 00 00 80 66 4C 67 7F FD 41 00 00 86 8A 00 E6 00 00 69 00 00 2C 72 00 57 08 D6 00 2E 00 00 00 00 7B 05 03 00 01 C8 78 D6 0C 3A 9B 04 25 80 3F 94 AA AA 
Time:	09:27:17,011
Send:	220001
Receive: 62 00 01 02 7C 00 7B 00 00 00 F9 00 00 01 0F 00 00 10 62 00 00 80 66 4C 67 7F FD 41 00 00 86 8A 00 E6 00 00 69 00 00 2C 72 00 57 08 D6 00 2E 00 00 00 00 7B 05 03 00 01 C8 78 D6 0C 3A 9B 04 25 80 3F 94 AA AA 
Time:	09:27:17,404
Send:	220001

Fixed toLineMF: 03E 62 00 01 02 7C 00 7B 00 00 00 F9 00 00 01 0F 00 00 10 62 00 00 80 67 4C 66 7F FD 41 00 00 86 8A 00 E6 00 00 69 00 00 2C 72 00 57 08 D6 00 2E 00 00 00 00 7B 05 03 00 04 25 80 3F 92 AA AA 
Receive: 62 00 01 02 7C 00 7B 00 00 00 F9 00 00 01 0F 00 00 10 62 00 00 80 67 4C 66 7F FD 41 00 00 86 8A 00 E6 00 00 69 00 00 2C 72 00 57 08 D6 00 2E 00 00 00 00 7B 05 03 00 04 25 80 3F 92 AA AA 

Fixed toLineMF: 03E 62 00 01 02 7C 00 7B 00 00 00 F9 00 00 01 0F 00 00 10 62 00 00 80 67 4C 66 7F FD 41 00 00 86 8A 00 E6 00 00 69 00 00 2C 72 00 57 08 D6 00 2E 00 00 00 00 7B 05 03 00 04 25 80 3F 92 AA AA 
Time:	09:27:17,802
Send:	220001
Receive: 62 00 01 02 7C 00 7B 00 00 00 F9 00 00 01 0F 00 00 10 62 00 00 80 66 4C 67 7F FD 41 00 00 86 8A 00 E6 00 00 69 00 00 2C 72 00 57 08 D6 00 2E 00 00 00 00 7B 05 03 00 01 C8 78 D6 0C 3A 9B 04 25 80 3F 94 AA AA 
Time:	09:27:18,227
Send:	220001
Receive: 62 00 01 02 7C 00 7B 00 00 00 F9 00 00 01 0F 00 00 10 62 00 00 80 66 4C 67 7F FD 41 00 00 86 8A 00 E6 00 00 69 00 00 2C 72 00 57 08 D6 00 2E 00 00 00 00 7B 05 03 00 01 C8 78 D6 0C 3A 9B 04 25 80 3F 96 AA AA 
Time:	09:27:18,641
Send:	220001
Receive: 62 00 01 02 7C 00 7B 00 00 00 F9 00 00 01 0F 00 00 10 62 00 00 80 66 4C 67 7F FD 41 00 00 86 8A 00 E6 00 00 69 00 00 2C 72 00 57 08 D6 00 2E 00 00 00 00 7B 05 03 00 01 C8 78 D6 0C 3A 9B 04 25 80 3F 90 AA AA 
Time:	09:27:19,032
Send:	220001
Receive: 62 00 01 02 7C 00 7B 00 00 00 F9 00 00 01 0F 00 00 10 62 00 00 80 66 4C 67 7F FD 41 00 00 86 8A 00 E6 00 00 69 00 00 2C 72 00 57 08 D6 00 2E 00 00 00 00 7B 05 03 00 01 C8 78 D6 0C 3A 9B 04 25 80 3F 91 AA AA 
Time:	09:27:19,439
Send:	220001
Receive: 62 00 01 02 7C 00 7B 00 00 00 F9 00 00 01 0F 00 00 10 62 00 00 80 66 4C 67 7F FD 41 00 00 86 8A 00 E6 00 00 6A 00 00 2C 72 00 57 08 D6 00 2E 00 00 00 00 7B 05 03 00 01 C8 78 D6 0C 3A 9B 04 25 80 3F 95 AA AA 
Time:	09:27:19,839
Send:	220001
Receive: 62 00 01 02 7C 00 7B 00 00 00 F9 00 00 01 0F 00 00 10 62 00 00 80 66 4C 67 7F FD 41 00 00 86 8A 00 E6 00 00 6A 00 00 2C 72 00 57 08 D6 00 2E 00 00 00 00 7B 05 03 00 01 C8 78 D6 0C 3A 9B 04 25 80 3F 95 AA AA 
Time:	09:27:20,229
Send:	220001
Receive: 62 00 01 02 7C 00 7B 00 00 00 F9 00 00 01 0F 00 00 10 62 00 00 80 66 4C 67 7F FD 41 00 00 86 8A 00 E6 00 00 6A 00 00 2C 72 00 57 08 D6 00 2E 00 00 00 00 7B 05 03 00 01 C8 78 D6 0C 3A 9B 04 25 80 3F 95 AA AA 
Time:	09:27:20,619
Send:	220001
Receive: 62 00 01 02 7C 00 7B 00 00 00 F9 00 00 01 0F 00 00 10 62 00 00 80 67 4C 67 7F FD 41 00 00 86 8A 00 E6 00 00 6A 00 00 2C 72 00 57 08 D6 00 2E 00 00 00 00 7B 05 03 00 01 C8 78 D6 0C 3A 9B 04 25 80 3F 96 AA AA 
Time:	09:27:21,009
Send:	220001
Receive: 62 00 01 02 7C 00 7B 00 00 00 F9 00 00 01 0F 00 00 10 62 00 00 80 67 4C 67 7F FD 41 00 00 86 8A 00 E6 00 00 6A 00 00 2C 72 00 57 08 D6 00 2E 00 00 00 00 7B 05 03 00 01 C8 78 D6 0C 3A 9B 04 25 80 3F 95 AA AA 
Time:	09:27:21,390
Send:	220001
Receive: 62 00 01 02 7C 00 7B 00 00 00 F9 00 00 01 0F 00 00 10 62 00 00 80 67 4C 67 7F FD 41 00 00 86 8A 00 E6 00 00 6A 00 00 2C 72 00 57 08 D6 00 2E 00 00 00 00 7B 05 03 00 01 C8 78 D6 0C 3A 9B 04 25 80 3F 97 AA AA 
Time:	09:27:21,788
Send:	220001

Fixed toLineMF: 037 62 00 01 02 7C 00 01 0F 00 00 10 62 00 00 80 66 4C 67 7F FD 41 00 00 86 8A 00 E6 00 57 08 D6 00 2E 00 00 00 00 7B 05 03 00 01 C8 78 D6 0C 3A 9B 04 25 80 3F 96 AA AA 
Receive: 62 00 01 02 7C 00 01 0F 00 00 10 62 00 00 80 66 4C 67 7F FD 41 00 00 86 8A 00 E6 00 57 08 D6 00 2E 00 00 00 00 7B 05 03 00 01 C8 78 D6 0C 3A 9B 04 25 80 3F 96 AA AA 

Fixed toLineMF: 037 62 00 01 02 7C 00 01 0F 00 00 10 62 00 00 80 66 4C 67 7F FD 41 00 00 86 8A 00 E6 00 57 08 D6 00 2E 00 00 00 00 7B 05 03 00 01 C8 78 D6 0C 3A 9B 04 25 80 3F 96 AA AA 
Time:	09:27:22,162
Send:	220001
Receive: 62 00 01 02 7C 00 7B 00 00 00 F9 00 00 01 0F 00 00 10 62 00 00 80 66 4C 67 7F FD 41 00 00 86 8A 00 E6 00 00 6A 00 00 2C 72 00 57 08 D6 00 2E 00 00 00 00 7B 05 03 00 01 C8 78 D6 0C 3A 9B 04 25 80 3F 95 AA AA 
Time:	09:27:22,573
Send:	220001
Receive: 62 00 01 02 7C 00 7B 00 00 00 F9 00 00 01 0F 00 00 10 62 00 00 80 66 4C 67 7F FD 41 00 00 86 8A 00 E6 00 00 6A 00 00 2C 72 00 57 08 D6 00 2E 00 00 00 00 7B 05 03 00 01 C8 78 D6 0C 3A 9B 04 25 80 3F 97 AA AA 
Time:	09:27:22,987
Send:	220001

Fixed toLineMF: 03E 62 00 01 02 7C 00 7B 00 00 00 F9 00 00 00 80 66 4C 67 7F FD 41 00 00 86 8A 00 E6 00 00 6A 00 00 2C 72 00 57 08 D6 00 2E 00 00 00 00 7B 05 03 00 01 C8 78 D6 0C 3A 9B 04 25 80 3F 99 AA AA 
Receive: 62 00 01 02 7C 00 7B 00 00 00 F9 00 00 00 80 66 4C 67 7F FD 41 00 00 86 8A 00 E6 00 00 6A 00 00 2C 72 00 57 08 D6 00 2E 00 00 00 00 7B 05 03 00 01 C8 78 D6 0C 3A 9B 04 25 80 3F 99 AA AA 

Fixed toLineMF: 03E 62 00 01 02 7C 00 7B 00 00 00 F9 00 00 00 80 66 4C 67 7F FD 41 00 00 86 8A 00 E6 00 00 6A 00 00 2C 72 00 57 08 D6 00 2E 00 00 00 00 7B 05 03 00 01 C8 78 D6 0C 3A 9B 04 25 80 3F 99 AA AA 
Time:	09:27:23,387
Send:	220001
Receive: 62 00 01 02 7C 00 7B 00 00 00 F9 00 00 01 0F 00 00 10 62 00 00 80 67 4C 67 7F FD 41 00 00 86 8A 00 E6 00 00 6A 00 00 2C 72 00 57 08 D6 00 2E 00 00 00 00 7B 05 03 00 01 C8 78 D6 0C 3A 9B 04 25 80 3F 99 AA AA 
Time:	09:27:23,769
Send:	220001
Receive: 62 00 01 02 7C 00 7B 00 00 00 F9 00 00 01 0F 00 00 10 62 00 00 80 67 4C 67 7F FD 41 00 00 86 8A 00 E6 00 00 6A 00 00 2C 72 00 57 08 D6 00 2E 00 00 00 00 7B 05 03 00 01 C8 78 D6 0C 3A 9B 04 25 80 3F 9A AA AA 
Time:	09:27:24,171
Send:	220001
Receive: 62 00 01 02 7C 00 7B 00 00 00 F9 00 00 01 0F 00 00 10 62 00 00 80 67 4C 67 7F FD 41 00 00 86 8A 00 E6 00 00 6A 00 00 2C 72 00 57 08 D6 00 2E 00 00 00 00 7B 05 03 00 01 C8 78 D6 0C 3A 9B 04 25 80 3F 94 AA AA 
Time:	09:27:24,553
Send:	220001
Receive: 62 00 01 02 7C 00 7B 00 00 00 F9 00 00 01 0F 00 00 10 62 00 00 80 66 4C 67 7F FD 41 00 00 86 8A 00 E6 00 00 6A 00 00 2C 72 00 57 08 D6 00 2E 00 00 00 00 7B 05 03 00 01 C8 78 D6 0C 3A 9B 04 25 80 3F 95 AA AA 
Time:	09:27:24,943
Send:	220001
Receive: 62 00 01 02 7C 00 7B 00 00 00 F9 00 00 01 0F 00 00 10 62 00 00 80 67 4C 67 7F FD 41 00 00 86 8A 00 E6 00 00 6A 00 00 2C 72 00 57 08 D6 00 2E 00 00 00 00 7B 05 03 00 01 C8 78 D6 0C 3A 9B 04 25 80 3F 99 AA AA 
Time:	09:27:25,340
Send:	220001
Receive: 62 00 01 02 7C 00 7B 00 00 00 F9 00 00 01 0F 00 00 10 62 00 00 80 67 4C 67 7F FD 41 00 00 86 8A 00 E6 00 00 6A 00 00 2C 72 00 57 08 D6 00 2E 00 00 00 00 7B 05 03 00 01 C8 78 D6 0C 3A 9B 04 25 80 3F 97 AA AA 
Time:	09:27:25,758
Send:	220001
Receive: 62 00 01 02 7C 00 7B 00 00 00 F9 00 00 01 0F 00 00 10 62 00 00 80 67 4C 67 7F FD 41 00 00 86 8A 00 E6 00 00 6A 00 00 2C 72 00 57 08 D6 00 2E 00 00 00 00 7B 05 03 00 01 C8 78 D6 0C 3A 9B 04 25 80 3F 95 AA AA 
Time:	09:27:26,158
Send:	220001
Receive: 62 00 01 02 7C 00 7B 00 00 00 F9 00 00 01 0F 00 00 10 62 00 00 80 66 4C 66 7F FD 41 00 00 86 8A 00 E6 00 00 6A 00 00 2C 72 00 57 08 D6 00 2E 00 00 00 00 7B 05 03 00 01 C8 78 D6 0C 3A 9B 04 25 80 3F 94 AA AA 
Time:	09:27:26,575
Send:	220001
Receive: 62 00 01 02 7C 00 7B 00 00 00 F9 00 00 01 0F 00 00 10 62 00 00 80 66 4C 67 7F FD 41 00 00 86 8A 00 E6 00 00 6A 00 00 2C 72 00 57 08 D6 00 2E 00 00 00 00 7B 05 03 00 01 C8 78 D6 0C 3A 9B 04 25 80 3F 92 AA AA 
Time:	09:27:27,064
Send:	220001
Receive: 62 00 01 02 7C 00 7B 00 00 00 F9 00 00 01 0F 00 00 10 62 00 00 80 66 4C 67 7F FD 41 00 00 86 8A 00 E6 00 00 6A 00 00 2C 72 00 57 08 D6 00 2E 00 00 00 00 7B 05 03 00 01 C8 78 D6 0C 3A 9B 04 25 80 3F 97 AA AA 
Time:	09:27:27,461
Send:	220001
Receive: 62 00 01 02 7C 00 7B 00 00 00 F9 00 00 01 0F 00 00 10 61 00 00 80 67 4C 67 7F FD 41 00 00 86 8A 00 E6 00 00 6A 00 00 2C 72 00 57 08 D6 00 2E 00 00 00 00 7B 05 03 00 01 C8 78 D6 0C 3A 9B 04 25 80 3F 97 AA AA 
Time:	09:27:27,841
Send:	220001
Receive: 62 00 01 02 7C 00 7B 00 00 00 F9 00 00 01 0F 00 00 10 61 00 00 80 66 4C 67 7F FD 41 00 00 86 8A 00 E6 00 00 6A 00 00 2C 72 00 57 08 D6 00 2E 00 00 00 00 7B 05 03 00 01 C8 78 D6 0C 3A 9B 04 25 80 3F 97 AA AA 
Time:	09:27:28,231
Send:	220001
Receive: 62 00 01 02 7C 00 7B 00 00 00 F9 00 00 01 0F 00 00 10 61 00 00 80 67 4C 67 7F FD 41 00 00 86 8A 00 E6 00 00 6A 00 00 2C 72 00 57 08 D6 00 2E 00 00 00 00 7B 05 03 00 01 C8 78 D6 0C 3A 9B 04 25 80 3F 95 AA AA 
Time:	09:27:28,643
Send:	220001
Receive: 62 00 01 02 7C 00 7B 00 00 00 F9 00 00 01 0F 00 00 10 61 00 00 80 66 4C 67 7F FD 41 00 00 86 8A 00 E6 00 00 6A 00 00 2C 72 00 57 08 D6 00 2E 00 00 00 00 7B 05 03 00 01 C8 78 D6 0C 3A 9B 04 25 80 3F 96 AA AA 
Time:	09:27:29,032
Send:	220001
Receive: 62 00 01 02 7C 00 7B 00 00 00 F9 00 00 01 0F 00 00 10 62 00 00 80 67 4C 67 7F FD 41 00 00 86 8A 00 E6 00 00 6A 00 00 2C 72 00 57 08 D6 00 2E 00 00 00 00 7B 05 03 00 01 C8 78 D6 0C 3A 9B 04 25 80 3F 97 AA AA 
Time:	09:27:29,441
Send:	220001
Receive: 62 00 01 02 7C 00 7B 00 00 00 F9 00 00 01 0F 00 00 10 62 00 00 80 66 4C 67 7F FD 41 00 00 86 8A 00 E6 00 00 6A 00 00 2C 72 00 57 08 D6 00 2E 00 00 00 00 7B 05 03 00 01 C8 78 D6 0C 3A 9B 04 25 80 3F 96 AA AA 
Time:	09:27:29,832
Send:	220001
Receive: 62 00 01 02 7C 00 7B 00 00 00 F9 00 00 01 0F 00 00 10 62 00 00 80 66 4C 67 7F FD 41 00 00 86 8A 00 E6 00 00 6A 00 00 2C 72 00 57 08 D6 00 2E 00 00 00 00 7B 05 03 00 01 C8 78 D6 0C 3A 9B 04 25 80 3F 95 AA AA 
Time:	09:27:30,267
Send:	220001
Receive: 62 00 01 02 7C 00 7B 00 00 00 F9 00 00 01 12 00 00 10 62 00 00 80 66 4C 67 7F FD 41 00 00 86 8A 00 E6 00 00 6A 00 00 2C 72 00 57 08 D6 00 2E 00 00 00 00 7B 05 03 00 01 C8 78 D6 0C 3A 9B 04 25 80 3F 94 AA AA 
Time:	09:27:30,671
Send:	220001
Receive: NO DATA
Time:	09:27:30,967
Send:	220001
Receive: NO DATA
Time:	09:27:31,261
Send:	220001
Receive: NO DATA
Time:	09:27:31,541
Send:	220001
Receive: NO DATA
Time:	09:27:31,816
Send:	220001
Receive: NO DATA
Time:	09:27:32,096
Send:	220001
Receive: NO DATA
Time:	09:27:32,405
Send:	220001
Receive: NO DATA
Time:	09:27:32,695
Send:	220001
Receive: 62 00 01 02 7C 00 7B 00 00 00 F9 00 00 01 0F 00 00 10 62 00 00 80 66 4C 67 7F FD 41 00 00 86 8A 00 E6 00 00 6A 00 00 2C 72 00 57 08 D6 00 2E 00 00 00 00 7B 05 03 00 01 C8 78 D6 0C 3A 9B 04 25 80 3F 97 AA AA 
Time:	09:27:33,125
Send:	220001

Fixed toLineMF: 03E 62 00 01 02 6B 00 7B 02 1A 00 F9 0A 12 28 80 66 4C 67 7F FD 41 00 00 86 8A 00 E6 00 00 6A 00 00 2C 72 00 57 08 D6 00 2E 00 00 00 00 7B 05 03 01 01 C8 78 D6 0C 3A 9B 04 1B 27 3D 71 AA AA 
Receive: 62 00 01 02 6B 00 7B 02 1A 00 F9 0A 12 28 80 66 4C 67 7F FD 41 00 00 86 8A 00 E6 00 00 6A 00 00 2C 72 00 57 08 D6 00 2E 00 00 00 00 7B 05 03 01 01 C8 78 D6 0C 3A 9B 04 1B 27 3D 71 AA AA 

Fixed toLineMF: 03E 62 00 01 02 6B 00 7B 02 1A 00 F9 0A 12 28 80 66 4C 67 7F FD 41 00 00 86 8A 00 E6 00 00 6A 00 00 2C 72 00 57 08 D6 00 2E 00 00 00 00 7B 05 03 01 01 C8 78 D6 0C 3A 9B 04 1B 27 3D 71 AA AA 
Time:	09:27:33,534
Send:	220001
Receive: 62 00 01 02 6F 00 7B 03 9A 00 F9 09 2A 00 C7 00 00 0A 27 00 F9 80 66 4C 67 7F FD 41 00 00 86 8A 00 E6 00 00 6A 00 00 2C 72 00 57 08 D6 00 2E 00 00 00 00 7B 05 03 01 01 C8 78 D6 0C 3A 9B 04 15 44 34 2E AA AA 
Time:	09:27:34,028
Send:	220001

Fixed toLineMF: 037 62 00 01 02 79 00 00 C7 00 00 05 1A 01 0E 80 66 4C 67 7F FD 41 00 00 85 99 00 E6 00 00 69 00 00 2C 72 00 57 08 D5 00 2E 00 00 FE D5 7B 05 03 01 01 C8 78 D6 0C 3A 9B 
Receive: 62 00 01 02 79 00 00 C7 00 00 05 1A 01 0E 80 66 4C 67 7F FD 41 00 00 85 99 00 E6 00 00 69 00 00 2C 72 00 57 08 D5 00 2E 00 00 FE D5 7B 05 03 01 01 C8 78 D6 0C 3A 9B 

Fixed toLineMF: 037 62 00 01 02 79 00 00 C7 00 00 05 1A 01 0E 80 66 4C 67 7F FD 41 00 00 85 99 00 E6 00 00 69 00 00 2C 72 00 57 08 D5 00 2E 00 00 FE D5 7B 05 03 01 01 C8 78 D6 0C 3A 9B 
Time:	09:27:34,463
Send:	220001

Fixed toLineMF: 03E 62 00 01 02 7B 00 7B 11 44 00 0C 03 05 00 C7 00 00 04 52 00 41 00 00 83 BC 00 E6 05 DD 69 00 00 2C 72 00 57 08 D4 00 2E 00 18 FF 2B 7B 05 03 01 01 C0 78 D6 0C 3A 9B 00 09 A0 1C 6F AA AA 
Receive: 62 00 01 02 7B 00 7B 11 44 00 0C 03 05 00 C7 00 00 04 52 00 41 00 00 83 BC 00 E6 05 DD 69 00 00 2C 72 00 57 08 D4 00 2E 00 18 FF 2B 7B 05 03 01 01 C0 78 D6 0C 3A 9B 00 09 A0 1C 6F AA AA 

Fixed toLineMF: 03E 62 00 01 02 7B 00 7B 11 44 00 0C 03 05 00 C7 00 00 04 52 00 41 00 00 83 BC 00 E6 05 DD 69 00 00 2C 72 00 57 08 D4 00 2E 00 18 FF 2B 7B 05 03 01 01 C0 78 D6 0C 3A 9B 00 09 A0 1C 6F AA AA 
Time:	09:27:34,897
Send:	220001
Receive: 62 00 01 02 7D 00 7B 10 6E 00 0D 02 E2 00 C4 00 00 04 2A 00 BD 80 66 4C 67 7F FD 41 00 00 82 81 00 E6 05 DD 69 00 00 2C 72 00 57 08 D3 00 2E 00 80 FF 7D 7B 05 03 01 01 C0 78 D6 0C 3A 9B 00 09 90 1C 5E AA AA 
Time:	09:27:35,321
Send:	220001
Receive: 62 00 01 02 80 00 7B 0F CA 00 0A 02 A3 00 B3 00 00 04 13 00 B2 80 66 4C 67 7F FD 41 00 00 82 01 00 E6 03 F7 68 00 00 2C 72 00 57 08 D1 00 2E 00 BF FF B1 7B 05 03 01 01 C0 78 D6 0C 3A 9B 00 09 3C 1B D4 AA AA 
Time:	09:27:35,744
Send:	220001

Fixed toLineMF: 03E 62 00 01 02 83 00 00 B0 00 00 03 FD 00 AB 80 67 4C 67 7F FD 41 00 00 82 81 00 E6 03 F7 68 00 00 2C 72 00 57 08 D0 00 2E 00 F3 FF CA 7B 05 03 01 01 C0 78 D6 0C 3A 9B 00 09 1B 1B CB AA AA 
Receive: 62 00 01 02 83 00 00 B0 00 00 03 FD 00 AB 80 67 4C 67 7F FD 41 00 00 82 81 00 E6 03 F7 68 00 00 2C 72 00 57 08 D0 00 2E 00 F3 FF CA 7B 05 03 01 01 C0 78 D6 0C 3A 9B 00 09 1B 1B CB AA AA 

Fixed toLineMF: 03E 62 00 01 02 83 00 00 B0 00 00 03 FD 00 AB 80 67 4C 67 7F FD 41 00 00 82 81 00 E6 03 F7 68 00 00 2C 72 00 57 08 D0 00 2E 00 F3 FF CA 7B 05 03 01 01 C0 78 D6 0C 3A 9B 00 09 1B 1B CB AA AA 
Time:	09:27:36,187
Send:	220001
Receive: 62 00 01 02 88 00 7B 0E D4 00 11 02 A6 00 AE 00 00 03 FE 00 A4 80 66 4C 67 7F FD 41 00 00 82 7D 00 E6 03 81 68 00 00 2C 72 00 57 08 CF 00 2E 01 24 FF E5 7B 05 03 01 01 C0 78 D6 0C 3A 9B 00 09 2E 1C 08 AA AA 
Time:	09:27:36,652
Send:	220001
Receive: 62 00 01 02 8B 00 7B 0E 8C 00 10 02 B3 00 AE 00 00 04 0B 00 A3 80 66 4C 67 7F FD 41 00 00 82 2E 00 E6 03 81 68 00 00 2C 72 00 57 08 CF 00 2E 01 48 FF F3 7B 05 03 01 01 C0 78 D6 0C 3A 9B 00 09 5C 1C 6B AA AA 
Time:	09:27:37,041
Send:	220001
Receive: 62 00 01 02 8C 00 7B 0E 46 00 0E 02 BE 00 AE 00 00 04 23 00 A5 80 66 4C 67 7F FD 41 00 00 81 FD 00 E6 03 81 67 00 00 2C 72 00 57 08 CE 00 2E 01 66 FF FB 7B 05 03 01 01 C0 78 D6 0C 3A 9B 00 09 87 1C B6 AA AA 
Time:	09:27:37,452
Send:	220001
Receive: 62 00 01 02 8C 00 7B 0E 26 00 0B 02 BF 00 AB 00 00 04 2B 00 A6 80 66 4C 67 7F FD 41 00 00 82 15 00 E6 03 99 67 00 00 2C 72 00 57 08 CE 00 2E 01 76 FF FB 7B 05 03 01 01 C0 78 D6 0C 3A 9B 00 09 9E 1C F4 AA AA 
Time:	09:27:37,841
Send:	220001
Receive: 62 00 01 02 8C 00 7B 0E 22 00 08 02 CC 00 AE 00 00 04 38 00 AA 80 67 4C 67 7F FD 41 00 00 82 3B 00 E6 03 99 67 00 00 2C 72 00 57 08 CE 00 2E 01 79 FF F6 7B 05 03 01 01 C0 78 D6 0C 3A 9B 00 09 A5 1D 2B AA AA 
Time:	09:27:38,263
Send:	220001

Fixed toLineMF: 030 62 00 01 02 8C 00 00 AB 00 00 04 32 00 41 00 00 82 2A 00 E6 03 4A 67 00 00 2C 72 00 57 08 CE 00 2E 01 01 C0 78 D6 0C 3A 9B 00 09 AC 1D 31 AA AA 
Receive: 62 00 01 02 8C 00 00 AB 00 00 04 32 00 41 00 00 82 2A 00 E6 03 4A 67 00 00 2C 72 00 57 08 CE 00 2E 01 01 C0 78 D6 0C 3A 9B 00 09 AC 1D 31 AA AA 

Fixed toLineMF: 030 62 00 01 02 8C 00 00 AB 00 00 04 32 00 41 00 00 82 2A 00 E6 03 4A 67 00 00 2C 72 00 57 08 CE 00 2E 01 01 C0 78 D6 0C 3A 9B 00 09 AC 1D 31 AA AA 
Time:	09:27:38,693
Send:	220001
Receive: 62 00 01 02 8C 00 7B 0E 08 00 08 02 9B 00 AB 00 00 04 33 00 A5 80 66 4C 67 7F FD 41 00 00 82 2A 00 E6 03 4A 67 00 00 2C 72 00 57 08 CE 00 2E 01 6E 00 00 7B 05 03 01 01 C0 78 D6 0C 3A 9B 00 09 AB 1D 39 AA AA 
Time:	09:27:39,120
Send:	220001
Receive: 62 00 01 02 8C 00 7B 0E 1C 00 05 02 99 00 A9 00 00 04 2C 00 A6 80 66 4C 66 7F FD 41 00 00 82 15 00 E6 03 66 67 00 00 2C 72 00 57 08 CE 00 2E 01 55 FF FE 7B 05 03 01 01 C0 78 D6 0C 3A 9B 00 09 8A 1C F6 AA AA 
Time:	09:27:39,524
Send:	220001
Receive: 62 00 01 02 8C 00 7B 0D E4 00 0B 02 75 00 A9 00 00 04 1A 00 9E 80 66 4C 67 7F FD 41 00 00 81 E0 00 E6 03 66 67 00 00 2C 72 00 57 08 CE 00 2E 01 48 00 00 7B 05 03 01 01 C0 78 D6 0C 3A 9B 00 09 77 1D 16 AA AA 
Time:	09:27:39,931
Send:	220001
Receive: 62 00 01 02 8C 00 7B 0D D8 00 08 02 89 00 A9 00 00 04 22 00 A0 80 66 4C 67 7F FD 41 00 00 81 F9 00 E6 03 66 67 00 00 2C 72 00 57 08 CE 00 2E 01 3D 00 00 7B 05 03 01 01 C0 78 D6 0C 3A 9B 00 09 6E 1D 2E AA AA 
Time:	09:27:40,321
Send:	220001
Receive: 62 00 01 02 8C 00 7B 0D CC 00 09 02 7B 00 A9 00 00 04 1F 00 9E 80 67 4C 67 7F FD 41 00 00 81 EC 00 E6 03 02 67 00 00 2C 72 00 57 08 CE 00 2E 01 32 00 00 7B 05 03 01 01 C0 78 D6 0C 3A 9B 00 09 66 1D 28 AA AA 
Time:	09:27:40,720
Send:	220001
Receive: 62 00 01 02 8C 00 7B 0D DC 00 08 02 86 00 A9 00 00 04 20 00 A3 80 67 4C 67 7F FD 41 00 00 81 F0 00 E6 03 02 67 00 00 2C 72 00 57 08 CE 00 2E 01 24 00 00 7B 05 03 01 01 C0 78 D6 0C 3A 9B 00 09 87 1D 01 AA AA 
Time:	09:27:41,112
Send:	220001
Receive: 62 00 01 02 8C 00 7B 0D DA 00 07 02 7C 00 A6 00 00 04 1B 00 9F 80 67 4C 67 7F FD 41 00 00 81 E4 00 E6 03 19 67 00 00 2C 72 00 57 08 CE 00 2D 01 11 00 00 7B 05 03 01 01 C0 78 D6 0C 3A 9B 00 09 5F 1C FA AA AA 
Time:	09:27:41,539
Send:	220001
Receive: 62 00 01 02 8C 00 7B 0D E4 00 05 02 76 00 A6 00 00 04 15 00 A0 80 67 4C 66 7F FD 41 00 00 81 F0 00 E6 03 19 67 00 00 2C 72 00 57 08 CE 00 2D 00 FE 00 00 7B 05 03 01 01 C0 78 D6 0C 3A 9B 00 09 58 1C E8 AA AA 
Time:	09:27:41,940
Send:	220001
Receive: 62 00 01 02 8C 00 7B 0D DE 00 07 02 7F 00 A4 00 00 04 20 00 A1 80 66 4C 67 7F FD 41 00 00 81 F0 00 E6 03 19 67 00 00 2C 72 00 57 08 CE 00 2D 00 EB 00 00 7B 05 03 01 01 C0 78 D6 0C 3A 9B 00 09 5A 1C EA AA AA 
Time:	09:27:42,324
Send:	220001

Fixed toLineMF: 037 62 00 01 02 8C 00 00 A6 00 00 04 0E 00 9C 80 66 4C 67 7F FD 41 00 00 82 22 00 E6 03 19 67 00 00 2C 72 00 57 08 CD 00 2D 00 DA 00 00 7B 05 03 01 01 C0 78 D6 0C 3A 9B 
Receive: 62 00 01 02 8C 00 00 A6 00 00 04 0E 00 9C 80 66 4C 67 7F FD 41 00 00 82 22 00 E6 03 19 67 00 00 2C 72 00 57 08 CD 00 2D 00 DA 00 00 7B 05 03 01 01 C0 78 D6 0C 3A 9B 

Fixed toLineMF: 037 62 00 01 02 8C 00 00 A6 00 00 04 0E 00 9C 80 66 4C 67 7F FD 41 00 00 82 22 00 E6 03 19 67 00 00 2C 72 00 57 08 CD 00 2D 00 DA 00 00 7B 05 03 01 01 C0 78 D6 0C 3A 9B 
Time:	09:27:42,700
Send:	220001
Receive: 62 00 01 02 8C 00 7B 0D CE 00 09 02 61 00 A6 00 00 04 0F 00 9C 80 67 4C 67 7F FD 41 00 00 82 15 00 E6 03 19 67 00 00 2C 72 00 57 08 CD 00 2D 00 C7 00 00 7B 05 03 01 01 C0 78 D6 0C 3A 9B 00 09 31 1C D4 AA AA 
Time:	09:27:43,091
Send:	220001
Receive: NO DATA
Time:	09:27:43,377
Send:	220001
Receive: NO DATA
Time:	09:27:43,651
Send:	220001
Receive: NO DATA
Time:	09:27:43,965
Send:	220001
Receive: NO DATA
Time:	09:27:44,243
Send:	220001
Receive: NO DATA
Time:	09:27:44,560
Send:	220001
Receive: NO DATA
Time:	09:27:44,844
Send:	220001
Receive: NO DATA
Time:	09:27:45,161
Send:	220001
Receive: 62 00 01 02 8C 00 7B 0D C0 00 08 02 51 00 9F 00 00 03 E4 00 97 80 66 4C 67 7F FD 41 00 00 83 13 00 E6 02 A1 67 00 00 2C 72 00 57 08 CD 00 2D 00 8E 00 00 7B 05 03 01 01 C0 78 D6 0C 3A 9B 00 08 F2 1C 48 AA AA 
Time:	09:27:45,618
Send:	220001
Receive: 62 00 01 02 8C 00 7B 0D A6 00 0B 02 30 00 9F 00 00 03 D1 00 91 80 67 4C 67 7F FD 41 00 00 83 81 00 E6 02 A1 67 00 00 2C 72 00 57 08 CD 00 2D 00 86 00 00 7B 05 03 01 01 C0 78 D6 0C 3A 9B 00 08 E0 1C 4F AA AA 
Time:	09:27:46,021
Send:	220001
Receive: 62 00 01 02 8C 00 7B 0D C0 00 07 02 48 00 9F 00 00 03 DF 00 95 80 67 4C 67 7F FD 41 00 00 83 31 00 E6 02 A1 67 00 00 2C 72 00 57 08 CD 00 2D 00 78 00 00 7B 05 03 01 01 C0 78 D6 0C 3A 9B 00 08 DA 1C 3D AA AA 
Time:	09:27:46,402
Send:	220001
Receive: 62 00 01 02 8C 00 7B 0D B6 00 0B 02 40 00 9F 00 00 03 DA 00 94 80 67 4C 67 7F FD 41 00 00 83 52 00 E6 02 D2 67 00 00 2C 72 00 57 08 CD 00 2D 00 70 00 00 7B 05 03 01 01 C0 78 D6 0C 3A 9B 00 08 DA 1C 4A AA AA 
Time:	09:27:46,783
Send:	220001
Receive: 62 00 01 02 8C 00 7B 0D AA 00 0A 02 45 00 9F 00 00 03 DF 00 94 80 67 4C 67 7F FD 41 00 00 83 31 00 E6 02 D2 67 00 00 2C 72 00 57 08 CD 00 2D 00 6D 00 00 7B 05 03 01 01 C0 78 D6 0C 3A 9B 00 08 D5 1C 4F AA AA 
Time:	09:27:47,172
Send:	220001
Receive: 62 00 01 02 8C 00 7B 0D B4 00 0A 02 3F 00 9C 00 00 03 DA 00 94 80 66 4C 67 7F FD 41 00 00 83 4E 00 E6 02 E8 67 00 00 2C 72 00 57 08 CD 00 2D 00 65 00 00 7B 05 03 01 01 C0 78 D6 0C 3A 9B 00 08 D2 1C 34 AA AA 
Time:	09:27:47,554
Send:	220001
Receive: 62 00 01 02 8C 00 7B 0D AE 00 06 02 32 00 9C 00 00 03 CF 00 91 80 66 4C 67 7F FD 41 00 00 83 92 00 E6 02 E8 67 00 00 2C 72 00 57 08 CD 00 2D 00 5C 00 00 7B 05 03 01 01 C0 78 D6 0C 3A 9B 00 08 DF 1C 30 AA AA 
Time:	09:27:47,945
Send:	220001
Receive: 62 00 01 02 8C 00 7B 0D BC 00 0A 02 40 00 9C 00 00 03 D3 00 94 80 66 4C 67 7F FD 41 00 00 83 7D 00 E6 02 E8 67 00 00 2C 72 00 57 08 CD 00 2D 00 52 00 00 7B 05 03 01 01 C0 78 D6 0C 3A 9B 00 08 C2 1C 0B AA AA 
Time:	09:27:48,346
Send:	220001
Receive: 62 00 01 02 8C 00 7B 0D B6 00 0B 02 35 00 9C 00 00 03 CD 00 92 80 66 4C 67 7F FD 41 00 00 83 9A 00 E6 02 B5 67 00 00 2C 72 00 56 08 CD 00 2B 00 44 00 00 7B 05 03 01 01 C0 78 D6 0C 3A 9B 00 08 AB 1C 06 AA AA 
Time:	09:27:48,737
Send:	220001
Receive: 62 00 01 02 8C 00 7B 0D BA 00 08 02 35 00 9C 00 00 03 CA 00 91 80 67 4C 67 7F FD 41 F3 0C 83 AB 00 E6 02 B5 67 00 00 2C 72 00 56 08 CD 00 2B 00 39 00 00 7B 05 03 01 01 C0 78 D6 0C 3A 9B 00 08 B2 1C 03 AA AA 
Time:	09:27:49,133
Send:	220001
Receive: 62 00 01 02 8C 00 7B 0D BE 00 06 02 3C 00 9C 00 00 03 D1 00 92 80 66 4C 67 7F FD 41 F3 0C 83 81 00 E6 02 B5 67 00 00 2C 72 00 56 08 CD 00 2B 00 2E 00 00 7B 05 03 01 01 C0 78 D6 0C 3A 9B 00 08 8D 1C 02 AA AA 
Time:	09:27:49,512
Send:	220001
Receive: 62 00 01 02 8C 00 7B 0D B6 00 0B 02 37 00 9A 00 00 03 C9 00 92 80 66 4C 67 7F FD 41 F3 0C 83 B4 00 E6 02 B5 67 00 00 2C 72 00 56 08 CD 00 2B 00 23 00 00 7B 05 03 01 01 C0 78 D6 0C 3A 9B 00 08 AF 1B FD AA AA 
Time:	09:27:49,898
Send:	220001
Receive: 62 00 01 02 8C 00 7B 0D 96 00 0E 02 26 00 9C 00 00 03 BA 00 8E 80 66 4C 67 7F FD 41 F3 0C 84 0D 00 E6 02 B5 67 00 00 2C 72 00 56 08 CC 00 2B 00 1E 00 00 7B 05 03 01 01 C0 78 D6 0C 3A 9B 00 08 AB 1C 0F AA AA 
Time:	09:27:50,314
Send:	220001
Receive: 62 00 01 02 8C 00 7B 0D A4 00 09 02 35 00 9A 00 00 03 C8 00 92 80 66 4C 67 7F FD 41 F3 0C 83 BC 00 E6 02 A1 67 00 00 2C 72 00 56 08 CC 00 2B 00 15 00 00 7B 05 03 01 01 C0 78 D6 0C 3A 9B 00 08 9C 1C 0D AA AA 
Time:	09:27:50,733
Send:	220001
Receive: 62 00 01 02 8C 00 7B 0D A6 00 0B 02 27 00 9A 00 00 03 C1 00 8F 80 66 4C 67 7F FD 41 F3 0C 83 E2 00 E6 02 A1 67 00 00 2C 72 00 56 08 CC 00 2B 00 0A 00 00 7B 05 03 01 01 C0 78 D6 0C 3A 9B 00 08 9F 1C 0B AA AA 
Time:	09:27:51,287
Send:	220001
Receive: 62 00 01 02 8C 00 7B 0D 90 00 07 02 2C 00 9C 00 00 03 C6 00 8F 80 66 4C 67 7F FD 41 F3 0C 83 C5 00 E6 02 A1 67 00 00 2C 72 00 56 08 CC 00 2B 00 05 00 00 7B 05 03 01 01 C0 78 D6 0C 3A 9B 00 08 8F 1C 1B AA AA 
Time:	09:27:51,682
Send:	220001
Receive: 62 00 01 02 8C 00 7B 0D 94 00 09 02 33 00 9A 00 00 03 C8 00 90 80 67 4C 67 7F FD 41 F3 0C 83 BC 00 E6 02 A1 67 00 00 2C 72 00 56 08 CC 00 2B 00 00 00 00 7B 05 03 01 01 C0 78 D6 0C 3A 9B 00 08 9E 1C 1B AA AA 
Time:	09:27:52,083
Send:	220001
Receive: 62 00 01 02 8C 00 7B 0D 8A 00 0A 02 2E 00 9A 00 00 03 C5 00 90 80 66 4C 67 7F FD 41 F3 0C 83 D1 00 E6 02 72 67 00 00 2C 72 00 56 08 CC 00 2B 00 00 00 00 7B 05 03 01 01 C0 78 D6 0C 3A 9B 00 08 A6 1C 28 AA AA 
Time:	09:27:52,483
Send:	220001
Receive: 62 00 01 02 8C 00 7B 0D 80 00 10 02 12 00 9C 00 00 03 B6 00 8C 80 66 4C 67 7F FD 41 F3 0C 84 26 00 E6 02 72 67 00 00 2C 72 00 56 08 CC 00 2B FF FB 00 00 7B 05 03 01 01 C0 78 D6 0C 3A 9B 00 08 8B 1C 37 AA AA 
Time:	09:27:52,881
Send:	220001
Receive: 62 00 01 02 8C 00 7B 0D 7A 00 0B 02 24 00 9A 00 00 03 C2 00 8E 80 67 4C 67 7F FD 41 F3 0C 83 E2 00 E6 02 72 67 00 00 2C 72 00 56 08 CC 00 2B FF FB 00 00 7B 05 03 01 01 C0 78 D6 0C 3A 9B 00 08 9D 1C 3F AA AA 
Time:	09:27:53,323
Send:	220001
Receive: 62 00 01 02 8C 00 7B 0D 86 00 0B 02 1F 00 9A 00 00 03 BF 00 8E 80 66 4C 67 7F FD 41 F3 0C 83 EF 00 E6 02 A1 67 00 00 2C 72 00 56 08 CC 00 2B FF F3 00 00 7B 05 03 01 01 C0 78 D6 0C 3A 9B 00 08 A6 1C 3D AA AA 
Time:	09:27:53,730
Send:	220001
Receive: 62 00 01 02 8C 00 7B 0D 78 00 0C 02 23 00 9A 00 00 03 C2 00 8F 80 66 4C 67 7F FD 41 F3 0C 83 E2 00 E6 02 A1 67 00 00 2C 72 00 56 08 CC 00 2B FF F3 00 00 7B 05 03 01 01 C0 78 D6 0C 3A 9B 00 08 A9 1C 47 AA AA 
Time:	09:27:54,157
Send:	220001
Receive: 62 00 01 02 8C 00 7B 0D 7C 00 09 02 21 00 9A 00 00 03 C6 00 8E 80 67 4C 67 7F FD 41 F3 0C 83 C9 00 E6 02 72 67 00 00 2C 72 00 56 08 CC 00 2B FF ED 00 00 7B 05 03 01 01 C0 78 D6 0C 3A 9B 00 08 A1 1C 4B AA AA 
Time:	09:27:54,559
Send:	220001
Receive: 62 00 01 02 8C 00 7B 0D 80 00 0A 02 2C 00 9A 00 00 03 D0 00 92 80 67 4C 67 7F FD 41 F3 0C 83 8E 00 E6 02 72 67 00 00 2C 72 00 56 08 CC 00 2B FF EB 00 00 7B 05 03 01 01 C0 78 D6 0C 3A 9B 00 08 95 1C 41 AA AA 
Time:	09:27:54,954
Send:	220001
Receive: 62 00 01 02 8C 00 7B 0D 5C 00 11 02 18 00 9A 00 00 03 C6 00 8E 80 66 4C 67 7F FD 41 F3 0C 83 C5 00 E6 02 72 67 00 00 2C 72 00 56 08 CC 00 2B FF F3 00 00 7B 05 03 01 01 C0 78 D6 0C 3A 9B 00 08 B8 1C 5A AA AA 
Time:	09:27:55,340
Send:	220001
Receive: 62 00 01 02 8C 00 7B 0D 62 00 0D 02 19 00 9A 00 00 03 C5 00 8B 80 66 4C 67 7F FD 41 F3 0C 83 CD 00 E6 02 A1 67 00 00 2C 72 00 56 08 CC 00 2A FF F3 00 00 7B 05 03 01 01 C0 78 D6 0C 3A 9B 00 08 98 1C 68 AA AA 
Time:	09:27:55,754
Send:	220001
Receive: 62 00 01 02 8C 00 7B 0D 70 00 08 02 2B 00 9A 00 00 03 D1 00 91 80 66 4C 67 7F FD 41 F3 0C 83 81 00 E6 02 A1 67 00 00 2C 72 00 56 08 CC 00 2A FF F8 00 00 7B 05 03 01 01 C0 78 D6 0C 3A 9B 00 08 A8 1C 5E AA AA 
Time:	09:27:56,170
Send:	220001
Receive: 62 00 01 02 8C 00 7B 0D 6E 00 08 02 16 00 9A 00 00 03 C4 00 8D 80 67 4C 67 7F FD 41 F3 0C 83 D1 00 E6 02 72 67 00 00 2C 72 00 56 08 CC 00 2A FF F8 00 00 7B 05 03 01 01 C0 78 D6 0C 3A 9B 00 08 9A 1C 67 AA AA 
Time:	09:27:56,560
Send:	220001
Receive: 62 00 01 02 8C 00 7B 0D 68 00 0B 01 B8 00 9C 00 00 03 CA 00 8F 80 66 4C 67 7F FD 41 F3 0C 83 AF 00 E6 02 72 67 00 00 2C 72 00 56 08 CC 00 2A FF FB 00 00 7B 05 03 01 01 C0 78 D6 0C 3A 9B 00 08 84 1C 99 AA AA 
Time:	09:27:56,943
Send:	220001
Receive: 62 00 01 02 8C 00 7B 0D 22 00 0B 02 74 00 BF 00 00 04 40 00 9E 80 66 4C 67 7F FD 41 F3 0C 82 4F 00 E6 02 72 67 00 00 2C 72 00 56 08 CC 00 2A 00 1B 00 13 7B 05 03 01 01 C0 78 D6 0C 3A 9B 00 0A 04 1F 4D AA AA 
Time:	09:27:57,353
Send:	220001

Fixed toLineMF: 03E 62 00 01 02 8C 00 7B 0D 60 00 06 02 66 00 B0 00 00 04 51 00 A1 80 66 4C 67 7F FD 41 F3 0C 82 81 00 E6 03 62 67 00 00 2C 72 00 56 08 CC 00 2A 00 18 00 00 7B 05 03 01 01 C0 78 D6 0C 3A 9B 
Receive: 62 00 01 02 8C 00 7B 0D 60 00 06 02 66 00 B0 00 00 04 51 00 A1 80 66 4C 67 7F FD 41 F3 0C 82 81 00 E6 03 62 67 00 00 2C 72 00 56 08 CC 00 2A 00 18 00 00 7B 05 03 01 01 C0 78 D6 0C 3A 9B 

Fixed toLineMF: 03E 62 00 01 02 8C 00 7B 0D 60 00 06 02 66 00 B0 00 00 04 51 00 A1 80 66 4C 67 7F FD 41 F3 0C 82 81 00 E6 03 62 67 00 00 2C 72 00 56 08 CC 00 2A 00 18 00 00 7B 05 03 01 01 C0 78 D6 0C 3A 9B 
Time:	09:27:57,765
Send:	220001
Receive: 62 00 01 02 8C 00 7B 0D 64 00 03 02 69 00 B3 00 00 04 5A 00 A2 80 67 4C 67 7F FD 41 F3 0C 82 9E 00 E6 03 62 67 00 00 2C 72 00 56 08 CC 00 2A 00 18 00 00 7B 05 03 01 01 C0 78 D6 0C 3A 9B 00 09 ED 1F 78 AA AA 
Time:	09:27:58,158
Send:	220001
Receive: NO DATA
Time:	09:27:58,524
Send:	220001
Receive: NO DATA
Time:	09:27:58,826
Send:	220001
Receive: NO DATA
Time:	09:27:59,154
Send:	220001
Receive: NO DATA
Time:	09:27:59,462
Send:	220001
Receive: NO DATA
Time:	09:27:59,754
Send:	220001
Receive: NO DATA
Time:	09:28:00,070
Send:	220001
Receive: NO DATA
Time:	09:28:00,409
Send:	220001
Receive: 62 00 01 02 8C 00 7C 0D 54 00 06 02 64 00 AB 00 00 04 53 00 A4 80 67 4C 66 7F FD 41 F3 0C 82 8A 00 E6 02 BC 66 00 00 2C 72 00 56 08 CB 00 2A 00 62 00 00 7B 05 03 01 01 C0 78 D6 0C 3A 9B 00 09 EC 1F 4E AA AA 
Time:	09:28:00,889
Send:	220001
Receive: 62 00 01 02 8C 00 7C 0D 38 00 05 02 5B 00 AE 00 00 04 58 00 9F 80 67 4C 67 7F FD 41 F3 0C 82 96 00 E6 02 BC 66 00 00 2C 72 00 56 08 CB 00 2A 00 75 00 00 7B 05 03 01 01 C0 78 D6 0C 3A 9B 00 09 E6 1F 6E AA AA 
Time:	09:28:01,285
Send:	220001
Receive: 62 00 01 02 8C 00 7C 0D 5E 00 05 02 64 00 AB 00 00 04 53 00 A4 80 67 4C 67 7F FD 41 F3 0C 82 85 00 E6 02 BC 66 00 00 2C 72 00 56 08 CB 00 2A 00 7A 00 00 7B 05 03 01 01 C0 78 D6 0C 3A 9B 00 09 DD 1F 13 AA AA 
Time:	09:28:01,723
Send:	220001
Receive: 62 00 01 02 8C 00 7C 0D 3C 00 07 02 4B 00 A9 00 00 04 42 00 9D 80 67 4C 67 7F FD 41 F3 0C 82 58 00 E6 02 BC 66 00 00 2C 72 00 55 08 CB 00 2A 00 88 00 00 7B 05 03 01 01 C0 78 D6 0C 3A 9B 00 09 BC 1F 1D AA AA 
Time:	09:28:02,113
Send:	220001
Receive: 62 00 01 02 8C 00 7C 0D 56 00 05 02 5F 00 A9 00 00 04 4B 00 A3 80 67 4C 67 7F FD 41 F3 0C 82 71 00 E6 02 D2 66 00 00 2C 72 00 55 08 CB 00 2B 00 93 00 00 7B 05 03 01 01 C0 78 D6 0C 3A 9B 00 09 BB 1E DD AA AA 
Time:	09:28:02,533
Send:	220001
Receive: 62 00 01 02 8C 00 7C 0D 48 00 07 02 29 00 A4 00 00 04 20 00 97 80 67 4C 67 7F FD 41 F3 0C 81 F0 00 E6 02 D2 66 00 00 2C 72 00 55 08 CA 00 2B 00 98 00 00 7B 05 03 01 01 C0 78 D6 0C 3A 9B 00 09 91 1E 6B AA AA 
Time:	09:28:02,941
Send:	220001
Receive: 62 00 01 02 8C 00 7C 0D 30 00 0B 02 3B 00 A6 00 00 04 24 00 9A 80 66 4C 67 7F FD 41 F3 0C 81 FD 00 E6 02 D2 66 00 00 2C 72 00 55 08 CB 00 2B 00 AC 00 00 7B 05 03 01 01 C0 78 D6 0C 3A 9B 00 09 88 1E 88 AA AA 
Time:	09:28:03,323
Send:	220001
Receive: 62 00 01 02 8C 00 7C 0D 4E 00 08 02 36 00 A4 00 00 04 21 00 9B 80 67 4C 67 7F FD 41 F3 0C 81 F4 00 E6 02 D2 66 00 00 2C 72 00 55 08 CB 00 2B 00 B1 00 00 7B 05 03 01 01 C0 78 D6 0C 3A 9B 00 09 6B 1E 6C AA AA 
Time:	09:28:03,825
Send:	220001

Fixed toLineMF: 03E 62 00 01 02 8C 00 7C 0D 40 00 0C 02 38 99 80 66 4C 67 7F FD 41 F3 10 81 EC 00 E6 02 D2 66 17 07 2C 72 00 55 08 CB 00 2B 00 BF 00 00 7B 05 03 01 05 C0 78 D6 0C 3A 9B 00 09 80 1E 57 AA AA 
Receive: 62 00 01 02 8C 00 7C 0D 40 00 0C 02 38 99 80 66 4C 67 7F FD 41 F3 10 81 EC 00 E6 02 D2 66 17 07 2C 72 00 55 08 CB 00 2B 00 BF 00 00 7B 05 03 01 05 C0 78 D6 0C 3A 9B 00 09 80 1E 57 AA AA 

Fixed toLineMF: 03E 62 00 01 02 8C 00 7C 0D 40 00 0C 02 38 99 80 66 4C 67 7F FD 41 F3 10 81 EC 00 E6 02 D2 66 17 07 2C 72 00 55 08 CB 00 2B 00 BF 00 00 7B 05 03 01 05 C0 78 D6 0C 3A 9B 00 09 80 1E 57 AA AA 
Time:	09:28:04,215
Send:	220001
Receive: 62 00 01 02 8C 00 7C 0D 46 00 0A 02 39 00 A6 00 00 04 23 00 9B 80 66 4C 67 7F FD 41 F3 10 81 FD 00 E6 02 BC 66 17 07 2C 72 00 55 08 CB 00 2B 00 CC 00 00 7B 05 03 01 05 C0 78 D6 0C 3A 9B 00 09 93 1E 78 AA AA 
Time:	09:28:04,665
Send:	220001

Fixed toLineMF: 03E 62 00 01 02 8C 00 7C 0D 28 00 0F 02 35 00 A9 00 00 04 20 00 99 80 66 4C 67 7F FD 41 F3 10 81 F0 00 E6 00 55 08 CB 00 2B 00 DA 00 00 7B 05 03 01 05 C0 78 D6 0C 3A 9B 00 09 9E 1E A5 AA AA 
Receive: 62 00 01 02 8C 00 7C 0D 28 00 0F 02 35 00 A9 00 00 04 20 00 99 80 66 4C 67 7F FD 41 F3 10 81 F0 00 E6 00 55 08 CB 00 2B 00 DA 00 00 7B 05 03 01 05 C0 78 D6 0C 3A 9B 00 09 9E 1E A5 AA AA 

Fixed toLineMF: 03E 62 00 01 02 8C 00 7C 0D 28 00 0F 02 35 00 A9 00 00 04 20 00 99 80 66 4C 67 7F FD 41 F3 10 81 F0 00 E6 00 55 08 CB 00 2B 00 DA 00 00 7B 05 03 01 05 C0 78 D6 0C 3A 9B 00 09 9E 1E A5 AA AA 
Time:	09:28:05,051
Send:	220001
Receive: 62 00 01 02 8C 00 7C 0D 46 00 08 02 4A 00 A6 00 00 04 2D 00 9E 80 66 4C 66 7F FD 41 F3 10 82 1A 00 E6 02 BC 66 17 07 2C 72 00 55 08 CB 00 2B 00 E5 00 00 7B 05 03 01 05 C0 78 D6 0C 3A 9B 00 09 84 1E 83 AA AA 
Time:	09:28:05,544
Send:	220001
Receive: 62 00 01 02 8C 00 7C 0D 46 00 0D 02 42 00 A6 00 00 04 29 00 9B 80 67 4C 66 7F FD 41 F3 10 82 0D 00 E6 02 D2 66 17 07 2C 72 00 55 08 CB 00 2B 00 ED 00 00 7B 05 03 01 05 C0 78 D6 0C 3A 9B 00 09 8B 1E 83 AA AA 
Time:	09:28:05,998
Send:	220001
Receive: 62 00 01 02 8C 00 7C 0D 4E 00 07 02 48 00 A6 00 00 04 2B 00 9E 80 66 4C 67 7F FD 41 F3 10 82 15 00 E6 02 D2 66 17 07 2C 72 00 55 08 CB 00 2B 00 F5 00 00 7B 05 03 01 05 C0 78 D6 0C 3A 9B 00 09 97 1E 7D AA AA 
Time:	09:28:06,383
Send:	220001
Receive: 62 00 01 02 8C 00 7C 0D 42 00 09 02 36 00 A6 00 00 04 20 00 99 80 67 4C 67 7F FD 41 F3 10 81 F0 00 E6 02 D2 66 17 07 2C 72 00 55 08 CB 00 2B 00 FE 00 00 7B 05 03 01 05 C0 78 D6 0C 3A 9B 00 09 84 1E 8E AA AA 
Time:	09:28:06,823
Send:	220001
Receive: 62 00 01 02 8C 00 7C 0D 44 00 07 02 32 00 A4 00 00 04 18 00 99 80 67 4C 67 7F FD 41 F3 10 81 E4 00 E6 02 D2 66 17 07 2C 72 00 55 08 CB 00 2B 01 06 00 00 7B 05 03 01 05 C0 78 D6 0C 3A 9B 00 09 74 1E 57 AA AA 
Time:	09:28:07,276
Send:	220001
Receive: 62 00 01 02 8C 00 7C 0D 62 00 05 02 3C 00 A4 00 00 04 19 00 9A 80 67 4C 67 7F FD 41 F3 10 81 E0 00 E6 02 A1 66 17 07 2C 72 00 55 08 CB 00 2B 01 06 00 00 7B 05 03 01 05 C0 78 D6 0C 3A 9B 00 09 5B 1E 2B AA AA 
Time:	09:28:07,673
Send:	220001
Receive: 62 00 01 02 8C 00 7C 0D 58 00 0A 02 3A 00 A4 00 00 04 17 00 9A 80 67 4C 67 7F FD 41 F3 10 81 E8 00 E6 02 A1 66 17 07 2C 72 00 55 08 CB 00 2B 01 09 00 00 7B 05 03 01 05 C0 78 D6 0C 3A 9B 00 09 5C 1E 28 AA AA 
Time:	09:28:08,120
Send:	220001
Receive: 62 00 01 02 8C 00 7D 0D 42 00 06 02 3C 00 A1 00 00 04 1D 00 97 80 67 4C 67 7F FD 41 F3 10 81 E8 00 E6 02 8F 66 17 07 2C 72 00 55 08 CB 00 2B 01 13 00 00 7B 05 03 01 05 C0 78 D6 0C 3A 9B 00 09 47 1E 53 AA AA 
Time:	09:28:08,591
Send:	220001
Receive: 62 00 01 02 8C 00 7D 0D 4C 00 09 02 31 00 A1 00 00 04 10 00 99 80 66 4C 66 7F FD 41 F3 10 82 11 00 E6 02 8F 66 17 07 2C 72 00 55 08 CB 00 2B 01 1C 00 00 7B 05 03 01 05 C0 78 D6 0C 3A 9B 00 09 59 1E 25 AA AA 
Time:	09:28:09,013
Send:	220001
Receive: 62 00 01 02 8C 00 7D 0D 52 00 07 02 36 00 A1 00 00 04 12 00 99 80 67 4C 67 7F FD 41 F3 10 82 05 00 E6 02 8F 66 17 07 2C 72 00 55 08 CA 00 2B 01 1E 00 00 7B 05 03 01 05 C0 78 D6 0C 3A 9B 00 09 49 1E 20 AA AA 
Time:	09:28:09,518
Send:	220001
Receive: 62 00 01 02 8C 00 7D 0D 4E 00 08 02 2D 00 A1 00 00 04 10 00 94 80 67 4C 67 7F FD 41 F3 10 82 15 00 E6 02 8F 66 17 07 2C 72 00 55 08 CB 00 2B 01 21 00 00 7B 05 03 01 05 C0 78 D6 0C 3A 9B 00 09 24 1E 28 AA AA 
Time:	09:28:10,035
Send:	220001
Receive: 62 00 01 02 8C 00 7D 0D 52 00 06 02 38 00 A4 00 00 04 15 00 9A 80 67 4C 67 7F FD 41 F3 10 81 F4 00 E6 02 8F 66 17 07 2C 72 00 55 08 CB 00 2B 01 2F 00 00 7B 05 03 01 05 C0 78 D6 0C 3A 9B 00 09 5D 1E 1F AA AA 
Time:	09:28:10,542
Send:	220001
Receive: 62 00 01 02 8C 00 7D 0D 5E 00 07 02 38 00 A1 00 00 04 13 00 9A 80 66 4C 67 7F FD 41 F3 10 82 01 00 E6 02 A1 66 17 07 2C 72 00 55 08 CB 00 2B 01 29 00 00 7B 05 03 01 05 C0 78 D6 0C 3A 9B 00 09 39 1E 2E AA AA 
Time:	09:28:11,163
Send:	220001
Receive: 62 00 01 02 8C 00 7D 0D 4A 00 0D 02 33 00 A4 00 00 04 10 00 99 80 66 4C 66 7F FD 41 F3 10 82 11 00 E6 02 8F 66 17 07 2C 72 00 55 08 CB 00 2B 01 34 00 00 7B 05 03 01 05 C0 78 D6 0C 3A 9B 00 09 44 1E 50 AA AA 
Time:	09:28:11,584
Send:	220001
Receive: 62 00 01 02 8C 00 7D 0D 3C 00 0D 02 2B 00 A1 00 00 04 0D 00 97 80 66 4C 67 7F FD 41 F3 10 82 26 00 E6 02 8F 66 17 07 2C 72 00 55 08 CB 00 2B 01 3C 00 00 7B 05 03 01 05 C0 78 D6 0C 3A 9B 00 09 45 1E 53 AA AA 
Time:	09:28:12,103
Send:	220001
Receive: 62 00 01 02 8C 00 7D 0D 54 00 0E 02 3F 00 A4 00 00 04 1F 00 9C 80 67 4C 67 7F FD 41 F3 10 81 EC 00 E6 02 BC 66 17 07 2C 72 00 55 08 CB 00 2B 01 3F 00 00 7B 05 03 01 05 C0 78 D6 0C 3A 9B 00 09 7D 1E 64 AA AA 
Time:	09:28:12,775
Send:	220001
Receive: 62 00 01 02 8C 00 7D 0D 50 00 0C 02 46 00 A4 00 00 04 22 00 9C 80 66 4C 66 7F FD 41 F3 10 81 F9 00 E6 02 BC 66 17 07 2C 72 00 55 08 CB 00 2B 01 42 00 00 7B 05 03 01 05 C0 78 D6 0C 3A 9B 00 09 7E 1E 71 AA AA 
Time:	09:28:13,301
Send:	220001
Receive: 62 00 01 02 8C 00 7D 0D 40 00 04 02 4B 00 A4 00 00 04 28 00 9B 80 67 4C 67 7F FD 41 F3 10 82 09 00 E6 02 A1 66 17 07 2C 72 00 55 08 CB 00 2B 01 4A 00 00 7B 05 03 01 05 C0 78 D6 0C 3A 9B 00 09 71 1E 85 AA AA 
Time:	09:28:13,811
Send:	220001
Receive: 62 00 01 02 8C 00 7D 0D 4E 00 07 02 3C 00 A4 00 00 04 20 00 9C 80 67 4C 67 7F FD 41 F3 10 81 F4 00 E6 02 A1 66 17 07 2C 72 00 55 08 CB 00 2B 01 52 00 00 7B 05 03 01 05 C0 78 D6 0C 3A 9B 00 09 76 1E 60 AA AA 
Time:	09:28:14,211
Send:	220001

Fixed toLineMF: 03E 62 00 01 02 8C 00 7D 0D 54 00 09 02 3A 9C 80 66 4C 67 7F FD 41 F3 10 81 E8 00 E6 02 A1 66 17 07 2C 72 00 55 08 CB 00 2B 01 52 00 00 7B 05 03 01 05 C0 78 D6 0C 3A 9B 00 09 78 1E 6B AA AA 
Receive: 62 00 01 02 8C 00 7D 0D 54 00 09 02 3A 9C 80 66 4C 67 7F FD 41 F3 10 81 E8 00 E6 02 A1 66 17 07 2C 72 00 55 08 CB 00 2B 01 52 00 00 7B 05 03 01 05 C0 78 D6 0C 3A 9B 00 09 78 1E 6B AA AA 

Fixed toLineMF: 03E 62 00 01 02 8C 00 7D 0D 54 00 09 02 3A 9C 80 66 4C 67 7F FD 41 F3 10 81 E8 00 E6 02 A1 66 17 07 2C 72 00 55 08 CB 00 2B 01 52 00 00 7B 05 03 01 05 C0 78 D6 0C 3A 9B 00 09 78 1E 6B AA AA 
Time:	09:28:14,595
Send:	220001
Receive: 62 00 01 02 8C 00 7D 0D 4A 00 08 02 4D 00 A4 00 00 04 2A 00 9E 80 64 4C 67 7F FD 41 F3 10 82 11 00 E6 02 A1 66 17 07 2C 72 00 55 08 CB 00 2B 01 5D 00 00 7B 05 03 01 05 C0 78 D6 0C 3A 9B 00 09 8E 1E 8D AA AA 
Time:	09:28:14,993
Send:	220001
Receive: 62 00 01 02 8C 00 7D 0D 4A 00 06 02 44 00 A4 00 00 04 21 00 9C 80 5D 4C 67 7F FD 41 F3 10 81 F4 00 E6 02 A1 66 17 07 2C 72 00 55 08 CB 00 2B 01 5D 00 00 7B 05 03 01 05 C0 78 D6 0C 3A 9B 00 09 7E 1E 78 AA AA 
Time:	09:28:15,456
Send:	220001
Receive: 62 00 01 02 8C 00 7E 0D 42 00 09 02 2E 00 A4 00 00 04 17 00 9B 80 51 4C 66 7F FD 41 F3 10 81 E8 00 E6 02 D2 66 17 07 2C 72 00 55 08 CB 00 2B 01 66 00 00 7B 05 03 01 05 C0 78 D6 0C 3A 9B 00 09 7A 1E 79 AA AA 
Time:	09:28:15,861
Send:	220001
Receive: 62 00 01 02 8C 00 7E 0D 46 00 05 02 32 00 A4 00 00 04 19 00 99 80 3D 4C 67 7F FD 41 F3 10 81 E0 00 E6 02 D2 66 17 07 2C 72 00 55 08 CB 00 2B 01 66 00 00 7B 05 03 01 05 C0 78 D6 0C 3A 9B 00 09 83 1E 7B AA AA 
Time:	09:28:16,283
Send:	220001
Receive: 62 00 01 02 8C 00 7E 0D 50 00 07 02 46 00 A4 00 00 04 26 00 9E 80 22 4C 67 7F FD 41 F3 10 82 01 00 E6 02 A1 66 17 07 2C 72 00 55 08 CB 00 2B 01 68 00 00 7B 05 03 01 05 C0 78 D6 0C 3A 9B 00 09 8B 1E 84 AA AA 
Time:	09:28:16,672
Send:	220001
Receive: 62 00 01 02 8C 00 7E 0D 54 00 04 02 37 00 A4 00 00 04 20 00 9A 80 12 4C 67 7F FD 41 F3 10 81 F0 00 E6 02 A1 66 17 07 2C 72 00 55 08 CB 00 2B 01 68 00 00 7B 05 03 01 05 C0 78 D6 0C 3A 9B 00 09 65 1E 85 AA AA 
Time:	09:28:17,060
Send:	220001
Receive: 62 00 01 02 8C 00 7E 0D 40 00 07 02 36 00 A4 00 00 04 1B 00 99 80 03 4C 67 7F FD 41 F3 10 81 E4 00 E6 02 A1 66 17 07 2C 72 00 55 08 CB 00 2B 01 6E 00 00 7B 05 03 01 05 C0 78 D6 0C 3A 9B 00 09 70 1E 7D AA AA 
Time:	09:28:17,453
Send:	220001
Receive: 62 00 01 02 8C 00 7E 0D 42 00 06 02 36 00 A6 00 00 04 1F 00 97 80 F6 4C 67 7F FD 41 F3 10 81 F0 00 E6 02 8F 66 17 07 2C 72 00 55 08 CB 00 2B 01 70 00 00 7B 05 03 01 05 C0 78 D6 0C 3A 9B 00 09 69 1E 7C AA AA 
Time:	09:28:17,856
Send:	220001
Receive: 62 00 01 02 8C 00 7E 0D 4C 00 08 02 31 00 A4 00 00 04 1A 00 98 80 ED 4C 67 7F FD 41 F3 10 81 E0 00 E6 02 8F 66 17 07 2C 72 00 55 08 CB 00 2B 01 73 00 00 7B 05 03 01 05 C0 78 D6 0C 3A 9B 00 09 74 1E 72 AA AA 
Time:	09:28:18,242
Send:	220001
Receive: 62 00 01 02 8C 00 7E 0D 58 00 0A 02 3F 00 A4 00 00 04 24 00 99 80 E4 4C 67 7F FD 41 F3 10 81 FD 00 E6 02 BC 66 17 07 2C 72 00 55 08 CC 00 2B 01 71 00 00 7B 05 03 01 05 C0 78 D6 0C 3A 9B 00 09 50 1E 94 AA AA 
Time:	09:28:18,651
Send:	220001
Receive: 62 00 01 02 8C 00 7E 0D 46 00 0E 02 48 00 A4 00 00 04 28 00 9E 80 DD 4C 67 7F FD 41 F3 10 82 09 00 E6 02 BC 66 17 07 2C 72 00 55 08 CC 00 2B 01 76 00 00 7B 05 03 01 05 C0 78 D6 0C 3A 9B 00 09 55 1E 9A AA AA 
Time:	09:28:19,044
Send:	220001
Receive: 62 00 01 02 8C 00 7E 0D 3A 00 08 02 3D 00 A4 00 00 04 26 00 99 80 D8 4C 67 7F FD 41 F3 13 82 01 00 E6 02 BC 66 17 07 2C 72 00 55 08 CC 00 2B 01 7B 00 00 7B 05 03 01 05 C0 78 D6 0C 3A 9B 00 09 67 1E A7 AA AA 
Time:	09:28:19,451
Send:	220001
Receive: 62 00 01 02 8C 00 7E 0D 2C 00 08 02 3B 00 A4 00 00 04 25 00 9A 80 D3 4C 67 7F FD 41 F3 13 82 01 00 E6 02 BC 66 17 07 2C 72 00 55 08 CC 00 2B 01 86 00 00 7B 05 03 01 05 C0 78 D6 0C 3A 9B 00 09 70 1E B7 AA AA 
Time:	09:28:19,836
Send:	220001
Receive: 62 00 01 02 8C 00 7E 0D 20 00 09 02 39 00 A4 00 00 04 25 00 97 80 CF 4C 67 7F FD 41 F3 13 82 01 00 E6 02 BC 66 17 07 2C 72 00 55 08 CC 00 2B 01 94 00 00 7B 05 03 01 05 C0 78 D6 0C 3A 9B 00 09 85 1E CE AA AA 
Time:	09:28:20,221
Send:	220001

Fixed toLineMF: 030 62 00 01 02 8C 00 7E 0D 40 00 04 02 3C 00 A4 00 00 04 26 00 9C 80 C2 4C 66 7F FD 02 D2 66 17 07 2C 72 97 00 00 7B 05 03 01 00 09 74 1E B2 AA AA 
Receive: 62 00 01 02 8C 00 7E 0D 40 00 04 02 3C 00 A4 00 00 04 26 00 9C 80 C2 4C 66 7F FD 02 D2 66 17 07 2C 72 97 00 00 7B 05 03 01 00 09 74 1E B2 AA AA 

Fixed toLineMF: 030 62 00 01 02 8C 00 7E 0D 40 00 04 02 3C 00 A4 00 00 04 26 00 9C 80 C2 4C 66 7F FD 02 D2 66 17 07 2C 72 97 00 00 7B 05 03 01 00 09 74 1E B2 AA AA 
Time:	09:28:20,617
Send:	220001
Receive: 62 00 01 02 8C 00 7E 0D 28 00 0A 02 39 00 A4 00 00 04 24 00 99 80 BF 4C 66 7F FD 41 F3 13 81 FD 00 E6 02 D2 66 17 07 2C 72 00 55 08 CC 00 2B 01 A2 00 00 7B 05 03 01 05 C0 78 D6 0C 3A 9B 00 09 79 1E BC AA AA 
Time:	09:28:21,002
Send:	220001
Receive: 62 00 01 02 8C 00 7E 0D 34 00 0E 02 4A 00 A4 00 00 04 2D 00 9E 80 BA 4C 67 7F FD 41 F3 13 82 1A 00 E6 02 D2 66 17 07 2C 72 00 55 08 CC 00 2B 01 AA 00 00 7B 05 03 01 05 C0 78 D6 0C 3A 9B 00 09 92 1E AA AA AA 
Time:	09:28:21,391
Send:	220001
Receive: 62 00 01 02 8C 00 7E 0D 4E 00 09 02 38 00 A4 00 00 04 20 00 9B 80 B8 4C 67 7F FD 41 F3 13 81 F4 00 E6 02 D2 66 17 07 2C 72 00 55 08 CC 00 2B 01 A7 00 00 7B 05 03 01 05 C0 78 D6 0C 3A 9B 00 09 7F 1E 8E AA AA 
Time:	09:28:21,785
Send:	220001
Receive: 62 00 01 02 8C 00 7F 0D 44 00 08 02 40 00 A4 00 00 04 25 00 9C 80 B8 4C 67 7F FD 41 F3 13 82 01 00 E6 02 D2 66 17 07 2C 72 00 55 08 CC 00 2B 01 AD 00 00 7B 05 03 01 05 C0 78 D6 0C 3A 9B 00 09 87 1E A1 AA AA 
Time:	09:28:22,181
Send:	220001
Receive: 62 00 01 02 8C 00 7F 0D 56 00 02 02 40 00 A4 00 00 04 22 00 9D 80 B7 4C 67 7F FD 41 F3 13 81 F9 00 E6 02 A1 66 17 07 2C 72 00 55 08 CC 00 2B 01 A7 00 00 7B 05 03 01 05 C0 78 D6 0C 3A 9B 00 09 79 1E 75 AA AA 
Time:	09:28:22,574
Send:	220001
Receive: 62 00 01 02 8C 00 7F 0D 4A 00 02 02 37 00 A4 00 00 04 1C 00 9B 80 B6 4C 66 7F FD 41 F3 13 81 E8 00 E6 02 A1 66 17 07 2C 72 00 55 08 CC 00 2B 01 AA 00 00 7B 05 03 01 05 C0 78 D6 0C 3A 9B 00 09 7D 1E 8C AA AA 
Time:	09:28:22,973
Send:	220001
Receive: 62 00 01 02 8C 00 7F 0D 36 00 0A 02 2A 00 A4 00 00 04 16 00 95 80 B5 4C 67 7F FD 41 F3 13 81 F0 00 E6 02 A1 66 17 07 2C 72 00 55 08 CC 00 2B 01 AD 00 00 7B 05 03 01 05 C0 78 D6 0C 3A 9B 00 09 7C 1E 92 AA AA 
Time:	09:28:23,367
Send:	220001
Receive: 62 00 01 02 8C 00 7F 0D 4C 00 0C 02 33 00 A4 00 00 04 1C 00 9B 80 B6 4C 67 7F FD 41 F3 13 81 E8 00 E6 02 A1 66 17 07 2C 72 00 55 08 CC 00 2B 01 AA 00 00 7B 05 03 01 05 C0 78 D6 0C 3A 9B 00 09 73 1E 7F AA AA 
Time:	09:28:23,799
Send:	220001
Receive: 62 00 01 02 8C 00 7F 0D 48 00 0A 02 34 00 A4 00 00 04 1C 00 9B 80 B3 4C 67 7F FD 41 F3 13 81 E4 00 E6 02 A1 66 17 07 2C 72 00 55 08 CC 00 2B 01 A7 00 00 7B 05 03 01 05 C0 78 D6 0C 3A 9B 00 09 7C 1E 8E AA AA 
Time:	09:28:24,215
Send:	220001
Receive: 62 00 01 02 8C 00 7F 0D 4C 00 09 02 36 00 A4 00 00 04 20 00 9B 80 B4 4C 67 7F FD 41 F3 13 81 F4 00 E6 02 A1 66 17 07 2C 72 00 55 08 CC 00 2B 01 A5 00 00 7B 05 03 01 05 C0 78 D6 0C 3A 9B 00 09 75 1E 84 AA AA 
Time:	09:28:24,616
Send:	220001
Receive: 62 00 01 02 8C 00 7F 0D 36 00 0A 02 2B 00 A4 00 00 04 18 00 97 80 B7 4C 67 7F FD 41 F3 13 81 E0 00 E6 02 A1 66 17 07 2C 72 00 55 08 CD 00 2B 01 A7 00 00 7B 05 03 01 05 C0 78 D6 0C 3A 9B 00 09 78 1E A6 AA AA 
Time:	09:28:25,003
Send:	220001
Receive: 62 00 01 02 8C 00 7F 0D 30 00 09 02 30 00 A4 00 00 04 1D 00 97 80 B3 4C 67 7F FD 41 F3 13 81 E8 00 E6 02 A1 65 17 07 2C 72 00 55 08 CD 00 2B 01 AD 00 00 7B 05 03 01 05 C0 78 D6 0C 3A 9B 00 09 79 1E AA AA AA 
Time:	09:28:25,402
Send:	220001
Receive: 62 00 01 02 8C 00 7F 0D 34 00 03 02 35 00 A4 00 00 04 1C 00 9B 80 B1 4C 67 7F FD 41 F3 13 81 E4 00 E6 02 8F 65 17 07 2C 72 00 54 08 CC 00 2B 01 AF 00 00 7B 05 03 01 0D C0 78 D6 0C 3A 9B 00 09 88 1E AC AA AA 
Time:	09:28:25,791
Send:	220001
Receive: 62 00 01 02 8C 00 7F 0D 2E 00 05 02 2C 00 A4 00 00 04 1E 00 98 80 B2 4C 66 7F FD 41 F3 13 81 EC 00 E6 02 8F 65 17 07 2C 72 00 54 08 CD 00 2B 01 B5 00 00 7B 05 03 01 0D C0 78 D6 0C 3A 9B 00 09 76 1E C1 AA AA 
Time:	09:28:26,181
Send:	220001
Receive: 62 00 01 02 8C 00 7F 0D 1E 00 0B 02 23 00 A6 00 00 04 14 00 93 80 B4 4C 67 7F FD 41 F3 13 81 F9 00 E6 02 8F 65 17 07 2C 72 00 54 08 CD 00 2B 01 BD 00 0A 7B 05 03 01 0D C0 78 D6 0C 3A 9B 00 09 6C 1E E1 AA AA 
Time:	09:28:26,586
Send:	220001
Receive: 62 00 01 02 8C 00 7F 0D 46 00 0B 02 33 00 A4 00 00 04 20 00 9B 80 B4 4C 67 7F FD 41 F3 13 81 F0 00 E6 02 8F 65 17 07 2C 72 00 54 08 CD 00 2B 01 B8 00 00 7B 05 03 01 0D C0 78 D6 0C 3A 9B 00 09 82 1E B2 AA AA 
Time:	09:28:26,987
Send:	220001
Receive: 62 00 01 02 8C 00 7F 0D 38 00 0C 02 30 00 A6 00 00 04 1B 00 97 80 B6 4C 67 7F FD 41 F3 13 81 E0 00 E6 02 8F 65 17 07 2C 72 00 54 08 CD 00 2B 01 B8 00 00 7B 05 03 01 0D C0 78 D6 0C 3A 9B 00 09 73 1E BB AA AA 
Time:	09:28:27,412
Send:	220001
Receive: 62 00 01 02 8C 00 7F 0D 2C 00 0A 02 38 00 A4 00 00 04 27 00 98 80 BB 4C 67 7F FD 41 F3 13 82 05 00 E6 02 8F 65 17 07 2C 72 00 54 08 CD 00 2B 01 BA 00 00 7B 05 03 01 0D C0 78 D6 0C 3A 9B 00 09 7B 1E CD AA AA 
Time:	09:28:27,841
Send:	220001
Receive: 62 00 01 02 8D 00 7F 0D 24 00 0B 02 32 00 A4 00 00 04 23 00 97 80 B7 4C 67 7F FD 41 F3 13 81 F9 00 E6 02 8F 65 17 07 2C 72 00 54 08 CD 00 2B 01 C0 00 00 7B 05 03 01 0D C0 78 D6 0C 3A 9B 00 09 74 1E DD AA AA 
Time:	09:28:28,234
Send:	220001
Receive: 62 00 01 02 8C 00 7F 0D 12 00 08 02 39 00 A4 00 00 04 2A 00 99 80 B7 4C 67 7F FD 41 F3 13 82 11 00 E6 02 7D 65 17 07 2C 72 00 54 08 CD 00 2B 01 CE 00 00 7B 05 03 01 0D C0 78 D6 0C 3A 9B 00 09 94 1E F8 AA AA 
Time:	09:28:28,632
Send:	220001
Receive: 62 00 01 02 8D 00 80 0D 28 00 05 02 38 00 A4 00 00 04 2D 00 99 80 B7 4C 67 7F FD 41 F3 13 82 1A 00 E6 02 7D 65 17 07 2C 72 00 54 08 CD 00 2B 01 D0 00 00 7B 05 03 01 0D C0 78 D6 0C 3A 9B 00 09 7D 1E FB AA AA 
Time:	09:28:29,031
Send:	220001
Receive: 62 00 01 02 8D 00 80 0D 3E 00 04 02 46 00 A4 00 00 04 2F 00 A0 80 B7 4C 67 7F FD 41 F3 13 82 1E 00 E6 02 7D 65 17 07 2C 72 00 54 08 CD 00 2B 01 D3 00 00 7B 05 03 01 0D C0 78 D6 0C 3A 9B 00 09 72 1E D2 AA AA 
Time:	09:28:29,431
Send:	220001
Receive: 62 00 01 02 8C 00 80 0D 4C 00 02 02 39 00 A4 00 00 04 28 00 9B 80 B8 4C 67 7F FD 41 F3 13 82 09 00 E6 02 D2 65 17 07 2C 72 00 54 08 CD 00 2B 01 CE 00 00 7B 05 03 01 0D C0 78 D6 0C 3A 9B 00 09 61 1E B7 AA AA 
Time:	09:28:29,811
Send:	220001
Receive: 62 00 01 02 8C 00 80 0D 36 00 07 02 2D 00 A4 00 00 04 18 00 98 80 B9 4C 67 7F FD 41 F3 13 81 E0 00 E6 02 D2 65 17 07 2C 72 00 54 08 CD 00 2B 01 CE 00 00 7B 05 03 01 0D C0 78 D6 0C 3A 9B 00 09 81 1E A5 AA AA 
Time:	09:28:30,196
Send:	220001
Receive: 62 00 01 02 8C 00 80 0D 26 00 05 02 31 00 A4 00 00 04 1F 00 97 80 B9 4C 67 7F FD 41 F3 13 81 F0 00 E6 02 8F 65 17 07 2C 72 00 54 08 CD 00 2B 01 D3 00 00 7B 05 03 01 0D C0 78 D6 0C 3A 9B 00 09 72 1E CF AA AA 
Time:	09:28:30,584
Send:	220001
Receive: 62 00 01 02 8C 00 80 0D 30 00 04 02 38 00 A4 00 00 04 29 00 99 80 B8 4C 67 7F FD 41 F3 13 82 0D 00 E6 02 8F 65 17 07 2C 72 00 54 08 CD 00 2B 01 D6 00 00 7B 05 03 01 0D C0 78 D6 0C 3A 9B 00 09 7C 1E DF AA AA 
Time:	09:28:30,981
Send:	220001
Receive: 62 00 01 02 8C 00 80 0D 20 00 06 02 33 00 A4 00 00 04 25 00 97 80 B8 4C 67 7F FD 41 F3 13 82 01 00 E6 02 8F 65 17 07 2C 72 00 54 08 CD 00 2B 01 DB 00 00 7B 05 03 01 0D C0 78 D6 0C 3A 9B 00 09 86 1E FD AA AA 
Time:	09:28:31,397
Send:	220001
Receive: 62 00 01 02 8C 00 80 0D 1C 00 0D 02 2C 00 A4 00 00 04 20 00 97 80 B5 4C 67 7F FD 41 F3 13 81 F0 00 E6 02 8F 65 17 07 2C 72 00 54 08 CD 00 2B 01 E1 00 00 7B 05 03 01 0D C0 78 D6 0C 3A 9B 00 09 A5 1E F6 AA AA 
Time:	09:28:31,801
Send:	220001
Receive: 62 00 01 02 8C 00 80 0D 32 00 07 02 29 00 A4 00 00 04 1B 00 97 80 B9 4C 67 7F FD 41 F3 13 81 E0 00 E6 02 8F 65 17 07 2C 72 00 54 08 CD 00 2B 01 DE 00 00 7B 05 03 01 0D C0 78 D6 0C 3A 9B 00 09 87 1E C6 AA AA 
Time:	09:28:32,233
Send:	220001
Receive: 62 00 01 02 8C 00 80 0D 2A 00 0C 02 29 00 A4 00 00 04 1C 00 96 80 BB 4C 67 7F FD 41 F3 13 81 E4 00 E6 02 8F 65 17 07 2C 72 00 54 08 CD 00 2B 01 DB 00 00 7B 05 03 01 0D C0 78 D6 0C 3A 9B 00 09 7C 1E EB AA AA 
Time:	09:28:32,623
Send:	220002
Receive: 62 00 02 02 8C 00 80 0D 1E 00 06 02 3D 00 A1 00 00 04 30 8D 55 00 00 8E 44 00 00 8F BB 00 00 8F BB 00 00 00 00 00 00 00 00 00 00 00 00 80 0F 00 00 00 00 00 00 00 00 
Time:	09:28:32,998
Send:	220002
Receive: 62 00 02 02 8C 00 80 0D 18 00 03 02 37 00 A1 00 00 04 2B 8D 55 00 00 8E 44 00 00 8F BB 00 00 8F BB 00 00 00 00 00 00 00 00 00 00 00 00 80 0F 00 00 00 00 00 00 00 00 
Time:	09:28:33,373
Send:	220002
Receive: 62 00 02 02 8C 00 80 0D 2A 00 0A 02 35 00 A4 00 00 04 28 8D 55 00 00 8E 44 00 00 8F BB 00 00 8F BB 00 00 00 00 00 00 00 00 00 00 00 00 80 0F 00 00 00 00 00 00 00 00 
Time:	09:28:33,749
Send:	220002
Receive: 62 00 02 02 8C 00 80 0D 1A 00 0E 02 35 00 A4 00 00 04 24 8D 55 00 00 8E 44 00 00 8F BB 00 00 8F BB 00 00 00 00 00 00 00 00 00 00 00 00 80 0F 00 00 00 00 00 00 00 00 
Time:	09:28:34,210
Send:	220002
Receive: 62 00 02 02 8C 00 80 0D 2E 00 04 02 3C 00 A4 00 00 04 2D 8D 55 00 00 8E 44 00 00 8F BB 00 00 8F BB 00 00 00 00 00 00 00 00 00 00 00 00 80 0F 00 00 00 00 00 00 00 00 
Time:	09:28:34,561
Send:	220002
Receive: 62 00 02 02 8C 00 80 0D 30 00 07 02 38 00 A4 00 00 04 2C 8D 55 00 00 8E 44 00 00 8F BB 00 00 8F BB 00 00 00 00 00 00 00 00 00 00 00 00 80 0F 00 00 00 00 00 00 00 00 
Time:	09:28:34,938
Send:	220002
Receive: 62 00 02 02 8C 00 80 0D 3A 00 06 02 38 00 A1 00 00 04 2D 8D 55 00 00 8E 44 00 00 8F BB 00 00 8F BB 00 00 00 00 00 00 00 00 00 00 00 00 80 0F 00 00 00 00 00 00 00 00 
Time:	09:28:35,345
Send:	220002
Receive: 62 00 02 02 8C 00 80 0D 04 00 08 02 34 00 A4 00 00 04 26 8D 55 00 00 8E 44 00 00 8F BB 00 00 8F BB 00 00 00 00 00 00 00 00 00 00 00 00 80 0F 00 00 00 00 00 00 00 00 
Time:	09:28:35,709
Send:	220002
Receive: 62 00 02 02 8C 00 81 0D 1E 00 04 02 32 00 A4 00 00 04 2A 8D 55 00 00 8E 44 00 00 8F BB 00 00 8F BB 00 00 00 00 00 00 00 00 00 00 00 00 80 0F 00 00 00 00 00 00 00 00 
Time:	09:28:36,094
Send:	220002
Receive: 62 00 02 02 8C 00 81 0D 2A 00 05 02 36 00 A1 00 00 04 2C 8D 55 00 00 8E 44 00 00 8F BB 00 00 8F BB 00 00 00 00 00 00 00 00 00 00 00 00 80 0F 00 00 00 00 00 00 00 00 
Time:	09:28:36,471
Send:	220002
Receive: 62 00 02 02 8C 00 81 0D 0A 00 0D 02 33 00 A4 00 00 04 28 8D 55 00 00 8E 44 00 00 8F BB 00 00 8F BB 00 00 00 00 00 00 00 00 00 00 00 00 80 0F 00 00 00 00 00 00 00 00 
Time:	09:28:36,832
Send:	220001
Receive: 62 00 01 02 8C 00 81 0D 3A 00 05 02 3B 00 A4 00 00 04 2B 00 9C 80 B6 4C 67 7F FD 41 F3 13 82 15 00 E6 02 8F 65 17 07 2C 72 00 54 08 CE 00 2B 02 0A 00 00 7B 05 03 01 0D C0 78 D6 0C 3A 9B 00 09 7E 1E E0 AA AA 
Time:	09:28:37,213
Send:	220001
Receive: 62 00 01 02 8C 00 81 0D 1A 00 08 02 2D 00 A4 00 00 04 22 00 98 80 BA 4C 67 7F FD 41 F3 13 81 F9 00 E6 02 8F 65 17 07 2C 72 00 54 08 CE 00 2B 02 10 00 00 7B 05 03 01 0D C0 78 D6 0C 3A 9B 00 09 89 1E F8 AA AA 
Time:	09:28:37,600
Send:	220001
Receive: 62 00 01 02 8C 00 81 0C FA 00 0A 02 1B 00 A4 00 00 04 23 00 96 80 B8 4C 66 7D FD 41 F3 13 81 FD 00 E6 02 8F 65 17 61 2C 72 00 54 08 CE 00 2B 02 1A 00 00 7B 05 03 01 1D C0 78 D6 0C 3A 9B 00 09 9B 1F 1F AA AA 
Time:	09:28:38,003
Send:	220001

Fixed toLineMF: 03E 62 00 01 02 8C 00 00 A4 00 00 04 2B 00 94 80 89 4C 66 7B BD 41 F3 13 82 15 00 E6 02 8F 65 17 7F 2C 72 00 54 08 CE 00 2B 02 28 00 10 7B 05 03 01 1D C0 78 D6 0C 3A 9B 00 09 9B 1F 39 AA AA 
Receive: 62 00 01 02 8C 00 00 A4 00 00 04 2B 00 94 80 89 4C 66 7B BD 41 F3 13 82 15 00 E6 02 8F 65 17 7F 2C 72 00 54 08 CE 00 2B 02 28 00 10 7B 05 03 01 1D C0 78 D6 0C 3A 9B 00 09 9B 1F 39 AA AA 

Fixed toLineMF: 03E 62 00 01 02 8C 00 00 A4 00 00 04 2B 00 94 80 89 4C 66 7B BD 41 F3 13 82 15 00 E6 02 8F 65 17 7F 2C 72 00 54 08 CE 00 2B 02 28 00 10 7B 05 03 01 1D C0 78 D6 0C 3A 9B 00 09 9B 1F 39 AA AA 
Time:	09:28:38,389
Send:	220001
Receive: 62 00 01 02 8D 00 81 0D 1A 00 08 02 31 00 A6 00 00 04 34 00 9B 80 2B 4C 67 80 BD 41 F3 13 82 2E 00 E6 02 4F 65 17 7F 2C 72 00 54 08 CE 00 2B 02 2B 00 00 7B 05 03 01 1D C0 78 D6 0C 3A 9B 00 09 9C 1F 23 AA AA 
Time:	09:28:38,792
Send:	220001
Receive: 62 00 01 02 8C 00 81 0D 3C 00 00 02 3E 00 A4 00 00 04 37 00 9E 80 2D 4C 67 82 FD 41 F3 13 82 3B 00 E6 02 4F 65 18 60 2C 72 00 54 08 CE 00 2B 02 28 00 00 7B 05 03 01 1D C0 78 D6 0C 3A 9B 00 09 86 1F 08 AA AA 
Time:	09:28:39,202
Send:	220001
Receive: 62 00 01 02 8D 00 81 0D 2E 00 02 02 42 00 A1 00 00 04 2E 00 9C 80 8C 4C 67 81 DD 41 F3 13 82 1E 00 E6 02 8F 65 18 60 2C 72 00 54 08 CE 00 2B 02 28 00 00 7B 05 03 01 1D C0 78 D6 0C 3A 9B 00 09 97 1F 02 AA AA 
Time:	09:28:39,594
Send:	220001
Receive: 62 00 01 02 8C 00 81 0D 26 00 05 02 2B 00 A4 00 00 04 31 00 9A 80 A7 4C 67 7F BD 41 F3 13 82 22 00 E6 02 8F 65 19 41 2C 72 00 54 08 CE 00 2B 02 28 00 00 7B 05 03 01 1D C0 78 D6 0C 3A 9B 00 09 8D 1F 1C AA AA 
Time:	09:28:40,003
Send:	220001
Receive: 62 00 01 02 8C 00 81 0D 18 00 01 02 17 00 A6 00 00 04 24 00 97 80 7F 4C 67 7D 9D 41 F3 13 81 FD 00 E6 02 8F 65 1A 22 2C 72 00 54 08 CE 00 2B 02 2B 00 00 7B 05 03 01 1D C0 78 D6 0C 3A 9B 00 09 7F 1F 12 AA AA 
Time:	09:28:40,404
Send:	220001
Receive: 62 00 01 02 8C 00 81 0D 28 00 03 02 2D 00 A4 00 00 04 27 00 96 80 2E 4C 66 82 5D 41 F3 13 82 05 00 E6 02 4F 65 1A 22 2C 72 00 54 08 CE 00 2B 02 28 00 00 7B 05 03 01 1D C0 78 D6 0C 3A 9B 00 09 7F 1F 14 AA AA 
Time:	09:28:40,804
Send:	220001

Fixed toLineMF: 029 62 00 01 02 8C 00 00 A4 00 00 04 2B 00 41 F3 13 82 11 00 E6 02 4F 65 1B 08 2C 72 00 54 08 CF 00 2B 02 1D C0 78 D6 0C 3A 9B 
Receive: 62 00 01 02 8C 00 00 A4 00 00 04 2B 00 41 F3 13 82 11 00 E6 02 4F 65 1B 08 2C 72 00 54 08 CF 00 2B 02 1D C0 78 D6 0C 3A 9B 

Fixed toLineMF: 029 62 00 01 02 8C 00 00 A4 00 00 04 2B 00 41 F3 13 82 11 00 E6 02 4F 65 1B 08 2C 72 00 54 08 CF 00 2B 02 1D C0 78 D6 0C 3A 9B 
Time:	09:28:41,170
Send:	220001
Receive: 62 00 01 02 8C 00 81 0D 38 00 04 02 2A 00 A4 00 00 04 2B 00 99 80 9D 4C 67 81 BD 41 F3 13 82 15 00 E6 02 8F 65 1B 08 2C 72 00 54 08 CF 00 2B 02 20 00 00 7B 05 03 01 1D C0 78 D6 0C 3A 9B 00 09 7D 1E FA AA AA 
Time:	09:28:41,571
Send:	220001
Receive: 62 00 01 02 8C 00 81 0C FA 00 05 02 2E 00 A4 00 00 04 37 00 9C 80 AA 4C 67 7E FD 41 F3 13 82 3B 00 E6 02 8F 65 1B E9 2C 72 00 54 08 CF 00 2B 02 33 00 00 7B 05 03 01 1D C0 78 D6 0C 3A 9B 00 09 AB 1F 64 AA AA 
Time:	09:28:41,981
Send:	220001
Receive: 62 00 01 02 8C 00 81 0D 18 00 02 02 32 00 A1 00 00 04 34 00 98 80 33 4C 67 81 BD 41 F3 13 82 2E 00 E6 02 8F 65 1B E9 2C 72 00 54 08 CF 00 2B 02 33 00 00 7B 05 03 01 1D C0 78 D6 0C 3A 9B 00 09 85 1F 1D AA AA 
Time:	09:28:42,405
Send:	220001
Receive: 62 00 01 02 8C 00 82 0D 1E 00 05 02 2D 00 A1 00 00 04 26 00 97 80 2F 4C 67 83 FD 41 F3 13 82 05 00 E6 02 7D 65 1C CA 2C 72 00 54 08 CF 00 2B 02 33 00 00 7B 05 03 01 1D C0 78 D6 0C 3A 9B 00 09 8A 1E F4 AA AA 
Time:	09:28:42,814
Send:	220001
Receive: 62 00 01 02 8C 00 82 0D 28 00 06 02 2A 00 A1 00 00 04 29 00 9B 80 9E 4C 67 81 5D 41 F3 13 82 0D 00 E6 02 7D 65 1D B0 2C 72 00 54 08 CF 00 2B 02 31 00 00 7B 05 03 01 1D C0 78 D6 0C 3A 9B 00 09 89 1E FF AA AA 
Time:	09:28:43,214
Send:	220001
Receive: 62 00 01 02 8C 00 82 0D 22 00 09 02 12 00 A1 00 00 04 1C 00 96 80 A3 4C 67 7F 3D 41 F3 13 81 E4 00 E6 02 8F 65 1E 91 2C 72 00 54 08 CF 00 2B 02 31 00 00 7B 05 03 01 1D C0 78 D6 0C 3A 9B 00 09 89 1E EF AA AA 
Time:	09:28:43,611
Send:	220001
Receive: 62 00 01 02 8C 00 82 0D 1C 00 01 02 30 00 A1 00 00 04 2D 00 9D 80 34 4C 67 81 FD 41 F3 13 82 1A 00 E6 02 8F 65 1E 91 2C 72 00 54 08 CF 00 2B 02 33 00 00 7B 05 03 01 1D C0 78 D6 0C 3A 9B 00 09 A0 1F 01 AA AA 
Time:	09:28:43,991
Send:	220001
Receive: 62 00 01 02 8C 00 82 0D 38 00 0D 02 39 00 A1 00 00 04 2E 00 A0 80 2D 4C 67 84 3D 41 F3 13 82 1E 00 E6 02 8F 65 1F 72 2C 72 00 54 08 D0 00 2B 02 2E 00 00 7B 05 03 01 1D C0 78 D6 0C 3A 9B 00 09 9C 1E D4 AA AA 
Time:	09:28:44,395
Send:	220001
Receive: 62 00 01 02 8C 00 82 0D 22 00 08 02 31 00 A1 00 00 04 26 00 99 80 40 4C 67 86 7D 41 F3 13 82 05 00 E6 02 A1 65 20 58 2C 72 00 54 08 D0 00 2B 02 2E 00 00 7B 05 03 01 1D C0 78 D6 0C 3A 9B 00 09 7E 1E DF AA AA 
Time:	09:28:44,793
Send:	220001
Receive: 62 00 01 02 8D 00 82 0D 1A 00 06 02 26 00 A1 00 00 04 2A 00 9B 80 AA 4C 67 81 BD 41 F3 13 82 11 00 E6 02 A1 65 21 39 2C 72 00 54 08 D0 00 2B 02 2E 00 00 7B 05 03 01 1D C0 78 D6 0C 3A 9B 00 09 87 1E FB AA AA 
Time:	09:28:45,171
Send:	220001
Receive: 62 00 01 02 8D 00 82 0D 32 00 06 02 1E 00 9F 00 00 04 26 00 9B 80 A1 4C 67 7F 9D 41 F3 13 82 01 00 E6 02 60 65 22 1A 2C 72 00 54 08 D0 00 2B 02 2B 00 00 7B 05 03 01 1D C0 78 D6 0C 3A 9B 00 09 84 1E D3 AA AA 
Time:	09:28:45,585
Send:	220001
Receive: 62 00 01 02 8D 00 82 0D 2E 00 07 02 26 00 A1 00 00 04 22 00 99 80 31 4C 67 83 FD 41 F3 13 81 F9 00 E6 02 60 65 22 FB 2C 72 00 54 08 D0 00 2B 02 26 00 00 7B 05 03 01 1D C0 78 D6 0C 3A 9B 00 09 72 1E D3 AA AA 
Time:	09:28:45,971
Send:	220001
Receive: 62 00 01 02 8D 00 82 0D 2C 00 05 02 2C 00 9F 00 00 04 1F 00 96 80 34 4C 67 86 3D 41 F3 13 81 F0 00 E6 02 60 65 23 E1 2C 72 00 54 08 D0 00 2B 02 20 00 00 7B 05 03 01 1D C0 78 D6 0C 3A 9B 00 09 5C 1E C0 AA AA 
Time:	09:28:46,383
Send:	220001
Receive: 62 00 01 02 8D 00 82 0D 32 00 07 02 22 00 9F 00 00 04 1B 00 99 80 A1 4C 67 83 1D 41 F3 13 81 E0 00 E6 02 8F 65 24 C2 2C 72 00 54 08 D0 00 2B 02 1B 00 00 7B 05 03 01 1D C0 78 D6 0C 3A 9B 00 09 74 1E B1 AA AA 
Time:	09:28:46,774
Send:	220001
Receive: 62 00 01 02 8C 00 82 0D 02 00 0E 02 16 00 9F 00 00 04 23 00 97 80 A6 4C 67 80 DD 41 F3 13 81 FD 00 E6 02 8F 65 25 A3 2C 72 00 54 08 D0 00 2B 02 23 00 00 7B 05 03 01 1D C0 78 D6 0C 3A 9B 00 09 8D 1F 03 AA AA 
Time:	09:28:47,171
Send:	220001
Receive: 62 00 01 02 8C 00 82 0D 16 00 04 02 27 00 9F 00 00 04 2C 00 99 80 32 4C 67 83 FD 41 F3 13 82 15 00 E6 02 4F 65 26 89 2C 72 00 54 08 D0 00 2B 02 23 00 00 7B 05 03 01 1D C0 78 D6 0C 3A 9B 00 09 66 1E FD AA AA 
Time:	09:28:47,571
Send:	220001
Receive: 62 00 01 02 8C 00 82 0D 10 00 09 02 22 00 9F 00 00 04 15 00 94 80 30 4C 66 86 BD 41 F3 13 81 F0 00 E6 02 4F 65 28 4B 2C 72 00 54 08 D0 00 2B 02 26 00 00 7B 05 03 01 1D C0 78 D6 0C 3A 9B 00 09 73 1E FB AA AA 
Time:	09:28:47,983
Send:	220001
Receive: 62 00 01 02 8C 00 82 0D 1C 00 00 02 28 00 9F 00 00 04 26 00 97 80 9C 4C 66 84 BD 41 F3 13 82 01 00 E6 02 4F 65 29 31 2C 72 00 54 08 D0 00 2B 02 23 00 00 7B 05 03 01 1D C0 78 D6 0C 3A 9B 00 09 71 1E F8 AA AA 
Time:	09:28:48,408
Send:	220001
Receive: 62 00 01 02 8C 00 82 0D 1C 00 08 02 16 00 9F 00 00 04 1E 00 97 80 AD 4C 67 82 7D 41 F3 13 81 EC 00 E6 02 7D 65 2A 12 2C 72 00 54 08 D0 00 2B 02 20 00 00 7B 05 03 01 1D C0 78 D6 0C 3A 9B 00 09 75 1E DF AA AA 
Time:	09:28:48,802
Send:	220001
Receive: 62 00 01 02 8C 00 82 0D 08 00 05 02 0F 00 9F 00 00 04 21 00 95 80 A9 4C 66 80 3D 41 F3 13 81 F4 00 E6 02 7D 65 2A F3 2C 72 00 53 08 D0 00 2B 02 23 00 00 7B 05 03 01 1D C0 78 D6 0C 3A 9B 00 09 69 1F 0B AA AA 
Time:	09:28:49,201
Send:	220001
Receive: NO DATA
Time:	09:28:49,494
Send:	220001
Receive: NO DATA
Time:	09:28:49,774
Send:	220001
Receive: NO DATA
Time:	09:28:50,053
Send:	220001
Receive: NO DATA
Time:	09:28:50,327
Send:	220001
Receive: NO DATA
Time:	09:28:50,610
Send:	220001
Receive: NO DATA
Time:	09:28:50,899
Send:	220001
Receive: NO DATA
Time:	09:28:51,192
Send:	220001
Receive: 62 00 01 02 8C 00 83 0D 14 00 06 02 21 00 9F 00 00 04 27 00 9B 80 3B 4C 67 83 BD 41 F3 15 82 05 00 E6 02 60 65 2B D4 2C 72 00 53 08 CF 00 2B 02 26 00 00 7B 05 03 01 1D C0 78 D6 0C 3A 9B 00 09 8C 1E F8 AA AA 
Time:	09:28:51,614
Send:	220001
Receive: 62 00 01 02 8C 00 83 0D 1A 00 03 02 2D 00 9C 00 00 04 2A 00 9B 80 2D 4C 67 85 FD 41 F3 15 82 0D 00 E6 02 60 65 2B D4 2C 72 00 53 08 CF 00 2B 02 26 00 00 7B 05 03 01 1D C0 78 D6 0C 3A 9B 00 09 80 1E EB AA AA 
Time:	09:28:52,011
Send:	220001
Receive: 62 00 01 02 8C 00 83 0D 1A 00 05 02 33 00 9C 00 00 04 26 00 99 80 38 4C 66 88 3D 41 F3 15 82 01 00 E6 02 60 65 2B D4 2C 72 00 53 08 CF 00 2B 02 26 00 00 7B 05 03 01 1D C0 78 D6 0C 3A 9B 00 09 81 1E F8 AA AA 
Time:	09:28:52,405
Send:	220001
Receive: 62 00 01 02 8D 00 83 0D 24 00 06 02 24 00 9C 00 00 04 26 00 9A 80 A5 4C 67 84 3D 41 F3 15 82 05 00 E6 02 8F 65 2B D4 2C 72 00 53 08 CF 00 2B 02 20 00 00 7B 05 03 01 1D C0 78 D6 0C 3A 9B 00 09 6D 1E EA AA AA 
Time:	09:28:52,898
Send:	220001
Receive: 62 00 01 02 8D 00 83 0D 0C 00 09 02 15 00 9F 00 00 04 23 00 96 80 A9 4C 67 81 7D 41 F3 15 81 FD 00 E6 02 8F 65 2A F3 2C 72 00 53 08 CF 00 2B 02 23 00 00 7B 05 03 01 1D C0 78 D6 0C 3A 9B 00 09 7F 1F 08 AA AA 
Time:	09:28:53,291
Send:	220001
Receive: 62 00 01 02 8C 00 83 0C F2 00 04 02 1F 00 9F 00 00 04 22 00 91 80 33 4C 67 84 9D 41 F3 15 81 F9 00 E6 02 4F 65 2A F3 2C 72 00 53 08 CF 00 2B 02 2B 00 10 7B 05 03 01 1D C0 78 D6 0C 3A 9B 00 09 7A 1F 3F AA AA 
Time:	09:28:53,704
Send:	220001
Receive: 62 00 01 02 8C 00 83 0D 04 00 00 02 3E 00 9C 00 00 04 3B 00 9B 80 2E 4C 67 86 DD 41 F3 15 82 43 00 E6 02 4F 65 2B D4 2C 72 00 53 08 CF 00 2B 02 33 00 00 7B 05 03 01 1D C0 78 D6 0C 3A 9B 00 09 95 1F 2C AA AA 
Time:	09:28:54,127
Send:	220001
Receive: 62 00 01 02 8D 00 83 0D 18 00 09 02 29 00 9C 00 00 04 26 00 9B 80 8E 4C 67 85 BD 41 F3 15 82 05 00 E6 02 8F 65 2B D4 2C 72 00 53 08 CF 00 2B 02 2E 00 00 7B 05 03 01 1D C0 78 D6 0C 3A 9B 00 09 7E 1E EF AA AA 
Time:	09:28:54,547
Send:	220001
Receive: 62 00 01 02 8C 00 83 0D 0A 00 0A 02 19 00 9C 00 00 04 1D 00 94 80 AE 4C 67 83 7D 41 F3 15 81 E8 00 E6 02 8F 65 2A F3 2C 72 00 53 08 CF 00 2B 02 2E 00 00 7B 05 03 01 1D C0 78 D6 0C 3A 9B 00 09 85 1F 00 AA AA 
Time:	09:28:54,976
Send:	220001
Receive: 62 00 01 02 8C 00 83 0D 00 00 0C 02 11 00 9C 00 00 04 20 00 99 80 78 4C 67 80 DD 41 F3 15 81 F4 00 E6 02 8F 65 2B D4 2C 72 00 53 08 CF 00 2B 02 36 00 00 7B 05 03 01 1D C0 78 D6 0C 3A 9B 00 09 82 1E EF AA AA 
Time:	09:28:55,375
Send:	220001
Receive: 62 00 01 02 8C 00 83 0C F8 00 08 02 23 00 9A 00 00 04 1E 00 95 80 2D 4C 67 85 DD 41 F3 15 81 EC 00 E6 02 60 65 2A F3 2C 72 00 53 08 CF 00 2B 02 3C 00 00 7B 05 03 01 1D C0 78 D6 0C 3A 9B 00 09 6C 1F 08 AA AA 
Time:	09:28:55,762
Send:	220001
Receive: 62 00 01 02 8C 00 83 0D 1C 00 02 02 2A 00 9C 00 00 04 21 00 98 80 2E 4C 67 87 9D 41 F3 15 81 F4 00 E6 02 60 65 2B D4 2C 72 00 53 08 CF 00 2B 02 39 00 00 7B 05 03 01 1D C0 78 D6 0C 3A 9B 00 09 5D 1E C6 AA AA 
Time:	09:28:56,196
Send:	220001
Receive: 62 00 01 02 8C 00 83 0D 10 00 08 02 0F 00 9C 00 00 04 0A 00 94 80 A3 4C 67 84 7D 41 F3 15 82 32 00 E6 02 60 65 2A F3 2C 72 00 53 08 CF 00 2B 02 31 00 00 7B 05 03 01 1D C0 78 D6 0C 3A 9B 00 09 6E 1E AF AA AA 
Time:	09:28:56,621
Send:	220001
Receive: 62 00 01 02 8C 00 83 0D 2C 00 04 02 0A 00 9C 00 00 04 09 00 97 80 A9 4C 67 82 3D 41 F3 15 82 3B 00 E6 02 60 65 2B D4 2C 72 00 53 08 CF 00 2B 02 23 00 00 7B 05 03 01 1D C0 78 D6 0C 3A 9B 00 09 51 1E 81 AA AA 
Time:	09:28:57,133
Send:	220001
Receive: 62 00 01 02 8C 00 84 0C F4 00 0C 02 06 00 9A 00 00 04 11 00 94 80 46 4C 67 83 BD 41 F3 15 82 0D 00 E6 02 60 65 2A F3 2C 72 00 53 08 CF 00 2B 02 26 00 00 7B 05 03 01 1D C0 78 D6 0C 3A 9B 00 09 4B 1E D3 AA AA 
Time:	09:28:57,571
Send:	220001
Receive: 62 00 01 02 8D 00 84 0D 08 00 04 02 26 00 9A 00 00 04 1F 00 96 80 2B 4C 67 85 DD 41 F3 15 81 F0 00 E6 02 60 65 2B D4 2C 72 00 53 08 CF 00 2B 02 28 00 00 7B 05 03 01 1D C0 78 D6 0C 3A 9B 00 09 5D 1E CF AA AA 
Time:	09:28:57,981
Send:	220001
Receive: 62 00 01 02 8C 00 84 0D 12 00 07 02 27 00 9C 00 00 04 10 00 96 80 2E 4C 67 88 9D 41 F3 15 82 15 00 E6 02 60 65 2A F3 2C 72 00 53 08 CF 00 2B 02 26 00 00 7B 05 03 01 1D C0 78 D6 0C 3A 9B 00 09 4C 1E C3 AA AA 
Time:	09:28:58,479
Send:	220001
Receive: 62 00 01 02 8D 00 84 0D 34 00 04 02 1D 00 9C 00 00 04 16 00 97 80 A5 4C 66 84 FD 41 F3 15 81 EC 00 E6 02 8F 65 2B D4 2C 72 00 53 08 CF 00 2B 02 15 00 00 7B 05 03 01 1D C0 78 D6 0C 3A 9B 00 09 50 1E 90 AA AA 
Time:	09:28:58,883
Send:	220001
Receive: 62 00 01 02 8C 00 84 0D 02 00 11 02 08 00 9C 00 00 04 05 00 8D 80 AB 4C 67 82 DD 41 F3 15 82 4F 00 E6 02 8F 65 2A 12 2C 72 00 53 08 CF 00 2B 02 10 00 00 7B 05 03 01 1D C0 78 D6 0C 3A 9B 00 09 3D 1E DA AA AA 
Time:	09:28:59,344
Send:	220001
Receive: 62 00 01 02 8C 00 84 0C F4 00 02 02 14 00 9C 00 00 04 1D 00 92 80 4F 4C 67 81 1D 41 F3 15 81 E8 00 E6 02 60 65 2A F3 2C 72 00 53 08 CF 00 2B 02 18 00 00 7B 05 03 01 1D C0 78 D6 0C 3A 9B 00 09 70 1F 17 AA AA 
Time:	09:28:59,774
Send:	220001
Receive: 62 00 01 02 8C 00 84 0D 0C 00 06 02 23 00 9C 00 00 04 1C 00 97 80 2D 4C 67 86 DD 41 F3 15 81 E4 00 E6 02 60 65 2B D4 2C 72 00 53 08 CF 00 2B 02 1B 00 00 7B 05 03 01 1D C0 78 D6 0C 3A 9B 00 09 6E 1E D5 AA AA 
Time:	09:29:00,171
Send:	220001
Receive: 62 00 01 02 8C 00 84 0D 16 00 04 02 2E 00 9C 00 00 04 1C 00 94 80 32 4C 67 88 9D 41 F3 15 81 E4 00 E6 02 A1 65 2A F3 2C 72 00 53 08 CF 00 2B 02 15 00 00 7B 05 03 01 1D C0 78 D6 0C 3A 9B 00 09 6E 1E D5 AA AA 
Time:	09:29:00,561
Send:	220001
Receive: 62 00 01 02 8C 00 84 0D 06 00 0C 02 22 00 9C 00 00 04 19 00 93 80 A1 4C 67 85 5D 41 F3 15 81 E0 00 E6 02 A1 65 2A F3 2C 72 00 53 08 CF 00 2B 02 15 00 00 7B 05 03 01 1D C0 78 D6 0C 3A 9B 00 09 61 1E CE AA AA 
Time:	09:29:00,981
Send:	220001
Receive: 62 00 01 02 8C 00 84 0C FE 00 0B 02 12 00 9C 00 00 04 16 00 96 80 A7 4C 66 82 9D 41 F3 15 81 EC 00 E6 02 A1 65 2A F3 2C 72 00 53 08 CF 00 2B 02 18 00 00 7B 05 03 01 1D C0 78 D6 0C 3A 9B 00 09 62 1E DB AA AA 
Time:	09:29:01,401
Send:	220001

Fixed toLineMF: 029 62 00 01 02 8C 00 84 0C F4 00 0C 02 1A 00 9C 00 00 04 11 00 41 F3 15 82 0D 00 E6 00 53 08 CF 00 2B 02 1D C0 78 D6 0C 3A 9B 
Receive: 62 00 01 02 8C 00 84 0C F4 00 0C 02 1A 00 9C 00 00 04 11 00 41 F3 15 82 0D 00 E6 00 53 08 CF 00 2B 02 1D C0 78 D6 0C 3A 9B 

Fixed toLineMF: 029 62 00 01 02 8C 00 84 0C F4 00 0C 02 1A 00 9C 00 00 04 11 00 41 F3 15 82 0D 00 E6 00 53 08 CF 00 2B 02 1D C0 78 D6 0C 3A 9B 
Time:	09:29:01,806
Send:	220001
Receive: 62 00 01 02 8C 00 84 0D 0C 00 09 02 2E 00 9C 00 00 04 20 00 96 80 2E 4C 67 88 DD 41 F3 15 81 F0 00 E6 02 60 65 2A F3 2C 72 00 53 08 CF 00 2B 02 15 00 00 7B 05 03 01 1D C0 78 D6 0C 3A 9B 00 09 50 1E D3 AA AA 
Time:	09:29:02,323
Send:	220001
Receive: 62 00 01 02 8C 00 84 0D 0C 00 06 02 22 00 9A 00 00 04 17 00 94 80 9D 4C 67 86 9D 41 F3 15 81 E8 00 E6 02 8F 65 2A F3 2C 72 00 53 08 CF 00 2B 02 10 00 00 7B 05 03 01 1D C0 78 D6 0C 3A 9B 00 09 4F 1E C2 AA AA 
Time:	09:29:02,723
Send:	220001
Receive: 62 00 01 02 8C 00 84 0D 1C 00 02 02 17 00 9C 00 00 04 13 00 93 80 AA 4C 66 84 7D 41 F3 15 82 01 00 E6 02 8F 65 2A F3 2C 72 00 53 08 CF 00 2B 02 08 00 00 7B 05 03 01 1D C0 78 D6 0C 3A 9B 00 09 40 1E CD AA AA 
Time:	09:29:03,137
Send:	220001
Receive: 62 00 01 02 8C 00 84 0C E2 00 05 02 1E 00 9A 00 00 04 29 00 96 80 AA 4C 66 82 3D 41 F3 15 82 0D 00 E6 02 4F 65 2B D4 2C 72 00 53 08 CF 00 2B 02 15 00 00 7B 05 03 01 1D C0 78 D6 0C 3A 9B 00 09 6C 1F 2F AA AA 
Time:	09:29:03,554
Send:	220001
Receive: 62 00 01 02 8C 00 84 0C E6 00 02 02 2B 00 9C 00 00 04 2C 00 9B 80 2E 4C 67 85 BD 41 F3 15 82 15 00 E6 02 4F 65 2B D4 2C 72 00 53 08 CF 00 2B 02 23 00 00 7B 05 03 01 1D C0 78 D6 0C 3A 9B 00 09 8D 1F 12 AA AA 
Time:	09:29:03,966
Send:	220001
Receive: 62 00 01 02 8C 00 84 0D 02 00 03 02 27 00 9C 00 00 04 1C 00 94 80 2D 4C 67 87 FD 41 F3 15 81 E4 00 E6 02 4F 65 2A F3 2C 72 00 53 08 CF 00 2B 02 1E 00 00 7B 05 03 01 1D C0 78 D6 0C 3A 9B 00 09 76 1E F2 AA AA 
Time:	09:29:04,414
Send:	220001
Receive: 62 00 01 02 8D 00 84 0C FE 00 05 02 25 00 9A 00 00 04 23 00 96 80 9F 4C 67 85 FD 41 F3 13 81 FD 00 E6 02 7D 65 2B D4 2C 72 00 53 08 CF 00 2B 02 1E 00 00 7B 05 03 01 1D C0 78 D6 0C 3A 9B 00 09 62 1F 01 AA AA 
Time:	09:29:04,813
Send:	220001
Receive: 62 00 01 02 8D 00 85 0D 16 00 04 02 1D 00 9A 00 00 04 20 00 99 80 AA 4C 67 83 BD 41 F3 13 81 F0 00 E6 02 7D 65 2B D4 2C 72 00 53 08 CF 00 2B 02 1B 00 00 7B 05 03 01 1D C0 78 D6 0C 3A 9B 00 09 58 1E D3 AA AA 
Time:	09:29:05,223
Send:	220001
Receive: 62 00 01 02 8C 00 85 0C EA 00 0C 02 0D 00 9C 00 00 04 1C 00 96 80 60 4C 67 81 DD 41 F3 13 81 E4 00 E6 02 60 65 2A F3 2C 72 00 53 08 CF 00 2B 02 20 00 00 7B 05 03 01 1D C0 78 D6 0C 3A 9B 00 09 95 1F 06 AA AA 
Time:	09:29:05,671
Send:	220001

Fixed toLineMF: 030 62 00 01 02 8C 00 85 0C E8 00 07 02 23 00 9C 00 00 04 1B 00 91 80 2C 4C 67 86 FD 41 F3 13 81 E4 00 E6 02 60 65 2A 12 2C 72 00 53 08 CF 00 2B 02 
Receive: 62 00 01 02 8C 00 85 0C E8 00 07 02 23 00 9C 00 00 04 1B 00 91 80 2C 4C 67 86 FD 41 F3 13 81 E4 00 E6 02 60 65 2A 12 2C 72 00 53 08 CF 00 2B 02 

Fixed toLineMF: 030 62 00 01 02 8C 00 85 0C E8 00 07 02 23 00 9C 00 00 04 1B 00 91 80 2C 4C 67 86 FD 41 F3 13 81 E4 00 E6 02 60 65 2A 12 2C 72 00 53 08 CF 00 2B 02 
Time:	09:29:06,023
Send:	220001
Receive: 62 00 01 02 8D 00 85 0D 20 00 FE 02 3D 00 9A 00 00 04 25 00 9C 80 89 4C 67 89 BD 41 F3 13 82 01 00 E6 02 7D 65 2B D4 2C 72 00 53 08 CF 00 2B 02 1B 00 00 7B 05 03 01 1D C0 78 D6 0C 3A 9B 00 09 82 1E C8 AA AA 
Time:	09:29:06,548
Send:	220001
Receive: 62 00 01 02 8C 00 85 0C F6 00 08 02 13 00 9C 00 00 04 15 00 94 80 AD 4C 67 84 5D 41 F3 13 81 F9 00 E6 02 7D 65 2A F3 2C 72 00 53 08 CF 00 2B 02 1B 00 00 7B 05 03 01 1D C0 78 D6 0C 3A 9B 00 09 72 1E E1 AA AA 
Time:	09:29:06,943
Send:	220001
Receive: 62 00 01 02 8C 00 85 0C D4 00 0D 02 1E 00 9C 00 00 04 27 00 96 80 77 4C 67 82 3D 41 F3 13 82 05 00 E6 02 7D 65 2B D4 2C 72 00 53 08 CF 00 2B 02 26 00 00 7B 05 03 01 1D C0 78 D6 0C 3A 9B 00 09 94 1F 51 AA AA 
Time:	09:29:07,336
Send:	220001
Receive: 62 00 01 02 8D 00 85 0D 06 00 FF 02 35 00 9A 00 00 04 34 00 9B 80 2C 4C 67 87 1D 41 F3 13 82 2E 00 E6 02 60 65 2B D4 2C 72 00 53 08 CF 00 2B 02 23 00 00 7B 05 03 01 1D C0 78 D6 0C 3A 9B 00 09 7D 1F 0E AA AA 
Time:	09:29:07,721
Send:	220001
Receive: 62 00 01 02 8C 00 85 0D 04 00 01 02 35 00 9C 00 00 04 27 00 9A 80 38 4C 67 89 5D 41 F3 13 82 05 00 E6 02 60 65 2B D4 2C 72 00 53 08 CF 00 2B 02 23 00 00 7B 05 03 01 1D C0 78 D6 0C 3A 9B 00 09 83 1F 02 AA AA 
Time:	09:29:08,222
Send:	220001
Receive: 62 00 01 02 8C 00 85 0D 06 00 02 02 23 00 9A 00 00 04 26 00 96 80 B0 4C 67 84 9D 41 F3 13 82 01 00 E6 02 4F 65 2A F3 2C 72 00 53 08 CF 00 2B 02 1B 00 00 7B 05 03 01 1D C0 78 D6 0C 3A 9B 00 09 50 1F 03 AA AA 
Time:	09:29:08,614
Send:	220001
Receive: 62 00 01 02 8C 00 85 0C E8 00 02 02 1E 00 9C 00 00 04 2C 00 97 80 AD 4C 67 82 5D 41 F3 13 82 15 00 E6 02 4F 65 2A F3 2C 72 00 53 08 CF 00 2B 02 23 00 00 7B 05 03 01 1D C0 78 D6 0C 3A 9B 00 09 73 1F 47 AA AA 
Time:	09:29:09,011
Send:	220001
Receive: 62 00 01 02 8C 00 85 0C D4 00 01 02 35 00 9C 00 00 04 39 00 9D 80 2E 4C 67 85 FD 41 F3 13 82 3F 00 E6 02 4F 65 2B D4 2C 72 00 53 08 CF 00 2B 02 36 00 00 7B 05 03 01 1D C0 78 D6 0C 3A 9B 00 09 A6 1F 51 AA AA 
Time:	09:29:09,411
Send:	220001
Receive: 62 00 01 02 8D 00 85 0C C8 00 0D 02 2E 00 9A 00 00 04 2B 00 96 80 2C 4C 67 88 3D 41 F3 13 82 15 00 E6 02 8F 65 2A F3 2C 72 00 53 08 CF 00 2B 02 41 00 00 7B 05 03 01 1D C0 78 D6 0C 3A 9B 00 09 A3 1F 53 AA AA 
Time:	09:29:09,823
Send:	220001
Receive: 62 00 01 02 8C 00 85 0C DC 00 0C 02 32 00 9C 00 00 04 23 00 96 80 33 4C 67 8A 7D 41 F3 13 81 F9 00 E6 02 8F 65 2A F3 2C 72 00 53 08 CF 00 2B 02 47 00 00 7B 05 03 01 1D C0 78 D6 0C 3A 9B 00 09 9D 1F 2C AA AA 
Time:	09:29:10,213
Send:	220001
Receive: 62 00 01 02 8C 00 85 0D 0E 00 07 02 19 00 9C 00 00 04 18 00 97 80 AB 4C 67 85 DD 41 F3 13 81 E0 00 E6 02 A1 65 2B D4 2C 72 00 53 08 CF 00 2B 02 3C 00 00 7B 05 03 01 1D C0 78 D6 0C 3A 9B 00 09 73 1E F0 AA AA 
Time:	09:29:10,602
Send:	220001
Receive: 62 00 01 02 8C 00 85 0C FC 00 05 02 16 00 9C 00 00 04 1E 00 96 80 B3 4C 67 83 9D 41 F3 13 81 EC 00 E6 02 A1 65 2A F3 2C 72 00 53 08 CF 00 2B 02 39 00 00 7B 05 03 01 1D C0 78 D6 0C 3A 9B 00 09 6A 1E F2 AA AA 
Time:	09:29:11,011
Send:	220001
Receive: 62 00 01 02 8C 00 85 0C FC 00 FE 02 1A 00 9C 00 00 04 26 00 9B 80 53 4C 67 81 DD 41 F3 13 82 05 00 E6 02 A1 65 2B D4 2C 72 00 53 08 CF 00 2B 02 3E 00 00 7B 05 03 01 1D C0 78 D6 0C 3A 9B 00 09 96 1F 02 AA AA 
Time:	09:29:11,394
Send:	220001
Receive: 62 00 01 02 8C 00 85 0D 08 00 09 02 2A 00 9C 00 00 04 2A 00 9B 80 2A 4C 66 86 FD 41 F3 13 82 11 00 E6 02 72 65 2B D4 2C 72 00 53 08 CF 00 2B 02 39 00 00 7B 05 03 01 1D C0 78 D6 0C 3A 9B 00 09 90 1F 19 AA AA 
Time:	09:29:11,805
Send:	220001
Receive: 62 00 01 02 8C 00 85 0D 06 00 0C 02 2B 00 9C 00 00 04 1F 00 98 80 7A 4C 66 89 3D 41 F3 13 81 F0 00 E6 02 72 65 2A F3 2C 72 00 53 08 CF 00 2B 02 31 00 00 7B 05 03 01 1D C0 78 D6 0C 3A 9B 00 09 85 1F 14 AA AA 
Time:	09:29:12,202
Send:	220001
Receive: 62 00 01 02 8C 00 85 0C DE 00 0D 02 18 00 9C 00 00 04 1E 00 94 80 AA 4C 67 84 1D 41 F3 13 81 EC 00 E6 02 60 65 2A F3 2C 72 00 53 08 CF 00 2B 02 33 00 00 7B 05 03 01 1D C0 78 D6 0C 3A 9B 00 09 81 1F 3D AA AA 
Time:	09:29:12,592
Send:	220001
Receive: 62 00 01 02 8C 00 85 0C C0 00 07 02 19 00 9C 00 00 04 2D 00 96 80 A6 4C 67 81 DD 41 F3 13 82 1A 00 E6 02 60 65 2A F3 2C 72 00 53 08 CF 00 2B 02 44 00 00 7B 05 03 01 1D C0 78 D6 0C 3A 9B 00 09 9E 1F 79 AA AA 
Time:	09:29:13,006
Send:	220001
Receive: 62 00 01 02 8C 00 86 0C CE 00 02 02 2F 00 9C 00 00 04 35 00 99 80 2B 4C 67 86 1D 41 F3 13 82 32 00 E6 02 60 65 2A F3 2C 72 00 53 08 CF 00 2B 02 4F 00 00 7B 05 03 01 1D C0 78 D6 0C 3A 9B 00 09 B3 1F 67 AA AA 
Time:	09:29:13,411
Send:	220001
Receive: 62 00 01 02 8C 00 86 0C D2 00 08 02 26 00 9A 00 00 04 37 00 96 80 2D 4C 66 88 5D 41 F3 13 82 3B 00 E6 02 7D 65 38 3B 2C 72 00 53 08 CF 00 2B 02 52 00 00 7B 05 03 01 1D C0 78 D6 0C 3A 9B 00 09 A6 1F 92 AA AA 
Time:	09:29:13,812
Send:	220001
Receive: 62 00 01 02 8D 00 86 0C D0 00 07 02 34 00 9A 00 00 04 3F 00 99 80 2C 4C 67 8A 9D 41 F3 13 82 4B 00 E6 02 7D 65 38 3B 2C 72 00 53 08 CF 00 2B 02 5F 00 00 7B 05 03 01 1D C0 78 D6 0C 3A 9B 00 09 B9 1F A8 AA AA 
Time:	09:29:14,205
Send:	220001
Receive: 62 00 01 02 8D 00 86 0C F2 00 04 02 31 00 9A 00 00 04 31 00 99 80 96 4C 66 8C DD 41 F3 13 82 22 00 E6 02 8F 65 39 1C 2C 72 00 53 08 CF 00 2B 02 5C 00 00 7B 05 03 01 1D C0 78 D6 0C 3A 9B 00 09 9E 1F 52 AA AA 
Time:	09:29:14,606
Send:	220001
Receive: NO DATA
Time:	09:29:14,917
Send:	220001
Receive: NO DATA
Time:	09:29:15,225
Send:	220001
Receive: NO DATA
Time:	09:29:15,520
Send:	220001
Receive: NO DATA
Time:	09:29:15,815
Send:	220001
Receive: NO DATA
Time:	09:29:16,102
Send:	220001
Receive: NO DATA
Time:	09:29:16,398
Send:	220001
Receive: NO DATA
Time:	09:29:16,685
Send:	220001
Receive: 62 00 01 02 8C 00 86 0C DE 00 04 02 18 00 9A 00 00 04 2F 00 99 80 AD 4C 67 86 9D 41 F3 13 82 1E 00 E6 02 7D 65 39 1C 2C 72 00 52 08 CF 00 2B 02 8E 00 00 7B 05 03 01 1D C0 78 D6 0C 3A 9B 00 09 9F 1F 71 AA AA 
Time:	09:29:17,102
Send:	220001
Receive: 62 00 01 02 8D 00 86 0C BA 00 09 02 29 00 9A 00 00 04 44 00 98 80 48 4C 67 84 DD 41 F3 13 82 5C 00 E6 02 4F 65 39 FD 2C 72 00 52 08 CF 00 2B 02 A1 00 00 7B 05 03 01 1D C0 78 D6 0C 3A 9B 00 09 C2 1F A9 AA AA 
Time:	09:29:17,502
Send:	220001
Receive: 62 00 01 02 8C 00 86 0C EC 00 04 02 2A 00 9A 00 00 04 36 00 97 80 2B 4C 67 8A 3D 41 F3 13 82 37 00 E6 02 4F 65 39 1C 2C 72 00 52 08 CF 00 2B 02 9E 00 00 7B 05 03 01 1D C0 78 D6 0C 3A 9B 00 09 A4 1F 74 AA AA 
Time:	09:29:17,893
Send:	220001
Receive: 62 00 01 02 8D 00 86 0C EA 00 05 02 35 00 9A 00 00 04 36 00 9A 80 30 4C 67 8C 7D 41 F3 13 82 37 00 E6 02 4F 65 39 1C 2C 72 00 52 08 CF 00 2B 02 9B 00 00 7B 05 03 01 1D C0 78 D6 0C 3A 9B 00 09 A5 1F 74 AA AA 
Time:	09:29:18,283
Send:	220001
Receive: 62 00 01 02 8D 00 86 0C F0 00 02 02 2B 00 9A 00 00 04 3B 00 9C 80 A8 4C 66 88 7D 41 F3 13 82 43 00 E6 02 7D 65 39 1C 2C 72 00 52 08 CF 00 2B 02 A4 00 00 7B 05 03 01 1D C0 78 D6 0C 3A 9B 00 09 B3 1F 73 AA AA 
Time:	09:29:18,673
Send:	220001
Receive: 62 00 01 02 8D 00 86 0C FA 00 06 02 18 00 9A 00 00 04 2C 00 98 80 AA 4C 67 86 BD 41 F3 13 82 15 00 E6 02 7D 65 39 1C 2C 72 00 52 08 CF 00 2B 02 9B 00 00 7B 05 03 01 1D C0 78 D6 0C 3A 9B 00 09 8A 1F 31 AA AA 
Time:	09:29:19,053
Send:	220001
Receive: 62 00 01 02 8C 00 86 0C CC 00 0C 02 0E 00 9A 00 00 04 26 00 92 80 4A 4C 67 84 FD 41 F3 13 82 01 00 E6 02 7D 65 37 55 2C 72 00 52 08 CF 00 2B 02 A1 00 00 7B 05 03 01 1D C0 78 D6 0C 3A 9B 00 09 B3 1F 7C AA AA 
Time:	09:29:19,430
Send:	220001
Receive: 62 00 01 02 8C 00 86 0C D4 00 00 02 29 00 9A 00 00 04 2F 00 94 80 2B 4C 67 8A 5D 41 F3 10 82 1E 00 E6 02 3F 65 38 3B 2C 72 00 52 08 CF 00 2B 02 A4 00 00 7B 05 03 01 1D C0 78 D6 0C 3A 9B 00 09 9E 1F 76 AA AA 
Time:	09:29:19,815
Send:	220001
Receive: NO DATA
Time:	09:29:20,105
Send:	220001
Receive: NO DATA
Time:	09:29:20,380
Send:	220001
Receive: NO DATA
Time:	09:29:20,666
Send:	220001
Receive: NO DATA
Time:	09:29:20,948
Send:	220001
Receive: NO DATA
Time:	09:29:21,237
Send:	220001
Receive: NO DATA
Time:	09:29:21,540
Send:	220001
Receive: NO DATA
Time:	09:29:21,837
Send:	220001
Receive: 62 00 01 02 8D 00 87 0C F2 00 08 02 23 00 97 00 00 04 1B 00 94 80 2B 4C 67 8C 3D 41 F3 10 81 E4 00 E6 02 4F 65 38 3B 2C 72 00 52 08 CF 00 2B 02 99 00 00 7B 05 03 01 1D C0 78 D6 0C 3A 9B 00 09 72 1E EC AA AA 
Time:	09:29:22,224
Send:	220001

Fixed toLineMF: 037 62 00 01 02 8D 00 87 0C FE 00 06 02 19 00 97 00 00 04 18 00 96 80 9D 4C 67 89 FD 41 F3 10 81 E4 00 E6 00 52 08 CF 00 2B 02 1D C0 78 D6 0C 3A 9B 00 09 6E 1E CF AA AA 
Receive: 62 00 01 02 8D 00 87 0C FE 00 06 02 19 00 97 00 00 04 18 00 96 80 9D 4C 67 89 FD 41 F3 10 81 E4 00 E6 00 52 08 CF 00 2B 02 1D C0 78 D6 0C 3A 9B 00 09 6E 1E CF AA AA 

Fixed toLineMF: 037 62 00 01 02 8D 00 87 0C FE 00 06 02 19 00 97 00 00 04 18 00 96 80 9D 4C 67 89 FD 41 F3 10 81 E4 00 E6 00 52 08 CF 00 2B 02 1D C0 78 D6 0C 3A 9B 00 09 6E 1E CF AA AA 
Time:	09:29:22,611
Send:	220001

Fixed toLineMF: 03E 62 00 01 02 8C 00 87 0C EE 00 07 02 0D 00 97 00 00 04 15 00 93 80 A5 4C 67 87 BD 41 F3 10 81 F9 00 E6 02 7D 65 38 3B 2C 72 8B 00 00 7B 05 03 01 1D C0 78 D6 0C 3A 9B 00 09 61 1E E0 AA AA 
Receive: 62 00 01 02 8C 00 87 0C EE 00 07 02 0D 00 97 00 00 04 15 00 93 80 A5 4C 67 87 BD 41 F3 10 81 F9 00 E6 02 7D 65 38 3B 2C 72 8B 00 00 7B 05 03 01 1D C0 78 D6 0C 3A 9B 00 09 61 1E E0 AA AA 

Fixed toLineMF: 03E 62 00 01 02 8C 00 87 0C EE 00 07 02 0D 00 97 00 00 04 15 00 93 80 A5 4C 67 87 BD 41 F3 10 81 F9 00 E6 02 7D 65 38 3B 2C 72 8B 00 00 7B 05 03 01 1D C0 78 D6 0C 3A 9B 00 09 61 1E E0 AA AA 
Time:	09:29:22,991
Send:	220001
Receive: 62 00 01 02 8C 00 87 0C CE 00 0D 02 10 00 97 00 00 04 0E 00 8D 80 33 4C 66 8A 1D 41 F3 10 82 1E 00 E6 02 7D 65 37 55 2C 72 00 52 08 CF 00 2B 02 8B 00 0D 7B 05 03 01 1D C0 78 D6 0C 3A 9B 00 09 4E 1F 24 AA AA 
Time:	09:29:23,402
Send:	220001
Receive: 62 00 01 02 8C 00 87 0C E6 00 02 02 35 00 97 00 00 04 27 00 96 80 2B 4C 66 8C 3D 41 F3 10 82 05 00 E6 02 3F 65 39 1C 2C 72 00 52 08 CF 00 2B 02 8B 00 00 7B 05 03 01 1D C0 78 D6 0C 3A 9B 00 09 69 1F 17 AA AA 
Time:	09:29:23,791
Send:	220001
Receive: 62 00 01 02 8D 00 87 0C F0 00 05 02 25 00 95 00 00 04 21 00 97 80 96 4C 66 8A DD 41 F3 10 81 F4 00 E6 02 3F 65 39 1C 2C 72 00 52 08 CF 00 2B 02 88 00 00 7B 05 03 01 1D C0 78 D6 0C 3A 9B 00 09 67 1F 01 AA AA 
Time:	09:29:24,174
Send:	220001
Receive: 62 00 01 02 8C 00 87 0C DA 00 05 02 12 00 97 00 00 04 18 00 93 80 AA 4C 67 88 9D 41 F3 10 81 E4 00 E6 02 60 65 38 3B 2C 72 00 52 08 CF 00 2B 02 88 00 00 7B 05 03 01 1D C0 78 D6 0C 3A 9B 00 09 68 1F 19 AA AA 
Time:	09:29:24,601
Send:	220001
Receive: 62 00 01 02 8D 00 87 0C EE 00 05 02 13 00 95 00 00 04 22 00 97 80 9C 4C 67 86 5D 41 F3 10 81 F9 00 E6 02 60 65 39 1C 2C 72 00 52 08 CF 00 2B 02 85 00 00 7B 05 03 01 1D C0 78 D6 0C 3A 9B 00 09 6A 1E F7 AA AA 
Time:	09:29:25,002
Send:	220001
Receive: 62 00 01 02 8C 00 87 0C DC 00 0B 02 1B 00 97 00 00 04 18 00 94 80 2B 4C 66 8A 5D 41 F3 10 81 E0 00 E6 02 60 65 39 1C 2C 72 00 52 08 CF 00 2B 02 8B 00 00 7B 05 03 01 1D C0 78 D6 0C 3A 9B 00 09 81 1F 0F AA AA 
Time:	09:29:25,439
Send:	220001
Receive: 62 00 01 02 8C 00 87 0C F6 00 02 02 23 00 97 00 00 04 1C 00 99 80 2C 4C 67 8C 9D 41 F3 10 81 E4 00 E6 02 4F 65 39 1C 2C 72 00 52 08 CF 00 2B 02 85 00 00 7B 05 03 01 1D C0 78 D6 0C 3A 9B 00 09 48 1E F5 AA AA 
Time:	09:29:25,863
Send:	220001
Receive: 62 00 01 02 8C 00 87 0D 12 00 FB 02 44 00 97 00 00 04 24 00 9C 80 50 4C 67 8E DD 41 F3 10 81 FD 00 E6 02 4F 65 39 FD 2C 72 00 52 08 CF 00 2B 02 7A 00 00 7B 05 03 01 1D C0 78 D6 0C 3A 9B 00 09 4A 1E D9 AA AA 
Time:	09:29:26,275
Send:	220001

Fixed toLineMF: 03E 62 00 01 02 8C 00 87 0D 04 00 FD 02 2F 00 97 00 00 04 26 00 93 80 B1 4C 66 89 BD 02 60 65 39 1C 2C 72 00 52 08 CF 00 2B 02 5F 00 00 7B 05 03 01 1D C0 78 D6 0C 3A 9B 00 09 5D 1E C4 AA AA 
Receive: 62 00 01 02 8C 00 87 0D 04 00 FD 02 2F 00 97 00 00 04 26 00 93 80 B1 4C 66 89 BD 02 60 65 39 1C 2C 72 00 52 08 CF 00 2B 02 5F 00 00 7B 05 03 01 1D C0 78 D6 0C 3A 9B 00 09 5D 1E C4 AA AA 

Fixed toLineMF: 03E 62 00 01 02 8C 00 87 0D 04 00 FD 02 2F 00 97 00 00 04 26 00 93 80 B1 4C 66 89 BD 02 60 65 39 1C 2C 72 00 52 08 CF 00 2B 02 5F 00 00 7B 05 03 01 1D C0 78 D6 0C 3A 9B 00 09 5D 1E C4 AA AA 
Time:	09:29:26,673
Send:	220001
Receive: 62 00 01 02 8C 00 87 0D 02 00 FB 02 33 00 97 00 00 04 31 00 98 80 A8 4C 67 87 7D 41 F3 10 82 22 00 E6 02 60 65 39 1C 2C 72 00 52 08 CF 00 2B 02 57 00 00 7B 05 03 01 1D C0 78 D6 0C 3A 9B 00 09 72 1E FF AA AA 
Time:	09:29:27,104
Send:	220001
Receive: 62 00 01 02 8C 00 87 0C E4 00 01 02 45 00 9A 00 00 04 35 00 9C 80 29 4C 67 8C 1D 41 F3 10 82 32 00 E6 02 6A 65 39 FD 2C 72 00 52 08 CF 00 2B 02 5F 00 00 7B 05 03 01 1D C0 78 D6 0C 3A 9B 00 09 9D 1F 2C AA AA 
Time:	09:29:27,505
Send:	220001
Receive: 62 00 01 02 8C 00 88 0C E8 00 0D 02 41 00 9A 00 00 04 2B 00 9A 80 78 4C 67 8E 3D 41 F3 10 82 15 00 E6 02 6A 65 39 1C 2C 72 00 52 08 CF 00 2B 02 5A 00 00 7B 05 03 01 1D C0 78 D6 0C 3A 9B 00 09 90 1F 1E AA AA 
Time:	09:29:27,921
Send:	220001
Receive: 62 00 01 02 8C 00 88 0C EE 00 06 02 25 00 97 00 00 04 29 00 99 80 B0 4C 67 88 FD 41 F3 10 82 0D 00 E6 02 6A 65 38 3B 2C 72 00 52 08 CF 00 2B 02 54 00 00 7B 05 03 01 1D C0 78 D6 0C 3A 9B 00 09 6E 1F 1D AA AA 
Time:	09:29:28,330
Send:	220001
Receive: 62 00 01 02 8D 00 88 0C D2 00 03 02 1D 00 9A 00 00 04 2E 00 96 80 AA 4C 66 86 BD 41 F3 10 82 1E 00 E6 02 4F 65 38 3B 2C 72 00 52 08 CF 00 2B 02 5A 00 00 7B 05 03 01 1D C0 78 D6 0C 3A 9B 00 09 87 1F 4C AA AA 
Time:	09:29:28,741
Send:	220001
Receive: 62 00 01 02 8C 00 88 0C AE 00 0C 02 2C 00 97 00 00 04 34 00 97 80 32 4C 67 89 5D 41 F3 10 82 2E 00 E6 02 4F 65 38 3B 2C 72 00 52 08 CF 00 2B 02 65 00 00 7B 05 03 01 1D C0 78 D6 0C 3A 9B 00 09 7D 1F 95 AA AA 
Time:	09:29:29,186
Send:	220001
Receive: 62 00 01 02 8D 00 88 0C DE 00 06 02 24 00 97 00 00 04 23 00 95 80 2C 4C 67 8C 1D 41 F3 10 81 FD 00 E6 02 8F 65 38 3B 2C 72 00 52 08 CF 00 2B 02 67 00 00 7B 05 03 01 1D C0 78 D6 0C 3A 9B 00 09 7B 1F 30 AA AA 
Time:	09:29:29,600
Send:	220001
Receive: 62 00 01 02 8D 00 88 0C C6 00 08 02 29 00 95 00 00 04 27 00 95 80 96 4C 67 8A BD 41 F3 10 82 09 00 E6 02 8F 65 38 3B 2C 72 00 52 08 CF 00 2B 02 6A 00 00 7B 05 03 01 1D C0 78 D6 0C 3A 9B 00 09 90 1F 54 AA AA 
Time:	09:29:30,001
Send:	220001
Receive: 62 00 01 02 8C 00 88 0C B2 00 0D 02 20 00 97 00 00 04 2D 00 96 80 AA 4C 67 88 7D 41 F3 10 82 1A 00 E6 02 8F 65 38 3B 2C 72 00 52 08 CF 00 2B 02 75 00 00 7B 05 03 01 1D C0 78 D6 0C 3A 9B 00 09 9A 1F 7C AA AA 
Time:	09:29:30,403
Send:	220001
Receive: 62 00 01 02 8C 00 88 0C C4 00 08 02 0A 00 97 00 00 04 1C 00 92 80 93 4C 67 86 3D 41 F3 10 81 E8 00 E6 02 4F 65 37 55 2C 72 00 52 08 CF 00 2B 02 75 00 00 7B 05 03 01 1D C0 78 D6 0C 3A 9B 00 09 81 1F 62 AA AA 
Time:	09:29:30,796
Send:	220001
Receive: NO DATA
Time:	09:29:31,090
Send:	220001
Receive: NO DATA
Time:	09:29:31,376
Send:	220001
Receive: NO DATA
Time:	09:29:31,661
Send:	220001
Receive: NO DATA
Time:	09:29:31,941
Send:	220001
Receive: NO DATA
Time:	09:29:32,219
Send:	220001
Receive: NO DATA
Time:	09:29:32,513
Send:	220001
Receive: NO DATA
Time:	09:29:32,793
Send:	220001
Receive: 62 00 01 02 8C 00 88 0C C0 00 01 02 32 00 97 00 00 04 39 00 97 80 2B 4C 67 8B FD 41 F3 10 82 3F 00 E6 02 4F 65 38 3B 2C 72 00 52 08 CF 00 2B 02 96 00 00 7B 05 03 01 1D C0 78 D6 0C 3A 9B 00 09 B4 1F 85 AA AA 
Time:	09:29:33,223
Send:	220001
Receive: 62 00 01 02 8D 00 88 0C E4 00 06 02 31 00 97 00 00 04 27 00 96 80 93 4C 67 8A BD 41 F3 10 82 09 00 E6 02 7D 65 38 3B 2C 72 00 52 08 CF 00 2B 02 8B 00 00 7B 05 03 01 1D C0 78 D6 0C 3A 9B 00 09 84 1F 3D AA AA 
Time:	09:29:33,634
Send:	220001
Receive: 62 00 01 02 8C 00 88 0C D2 00 08 02 1B 00 97 00 00 04 26 00 94 80 AB 4C 67 88 7D 41 F3 10 82 05 00 E6 02 7D 65 38 3B 2C 72 00 52 08 CF 00 2B 02 8B 00 00 7B 05 03 01 1D C0 78 D6 0C 3A 9B 00 09 8A 1F 45 AA AA 
Time:	09:29:34,040
Send:	220001
Receive: 62 00 01 02 8C 00 88 0C D0 00 0D 02 21 00 97 00 00 04 2E 00 92 80 A8 4C 67 86 3D 41 F3 10 82 1E 00 E6 02 7D 65 37 55 2C 72 00 52 08 CF 00 2B 02 8B 00 00 7B 05 03 01 1D C0 78 D6 0C 3A 9B 00 09 9F 1F 9E AA AA 
Time:	09:29:34,433
Send:	220001
Receive: 62 00 01 02 8C 00 88 0C D6 00 06 02 34 00 97 00 00 04 3A 00 99 80 27 4C 67 8A 3D 41 F3 12 82 3F 00 E6 02 3F 65 38 3B 2C 72 00 52 08 CF 00 2B 02 8E 00 00 7B 05 03 01 1D C0 78 D6 0C 3A 9B 00 09 7E 1F 79 AA AA 
Time:	09:29:34,831
Send:	220001
Receive: 62 00 01 02 8C 00 89 0C CC 00 02 02 35 00 97 00 00 04 30 00 97 80 2B 4C 67 8C 7D 41 F3 12 82 22 00 E6 02 3F 65 38 3B 2C 72 00 52 08 CF 00 2B 02 93 00 00 7B 05 03 01 1D C0 78 D6 0C 3A 9B 00 09 7D 1F 6A AA AA 
Time:	09:29:35,232
Send:	220001
Receive: 62 00 01 02 8C 00 89 0C E2 00 01 02 3D 00 97 00 00 04 2F 00 98 80 5D 4C 67 8E BD 41 F3 12 82 1E 00 E6 02 7D 65 38 3B 2C 72 00 52 08 CF 00 2B 02 90 00 00 7B 05 03 01 1D C0 78 D6 0C 3A 9B 00 09 73 1F 56 AA AA 
Time:	09:29:35,622
Send:	220001
Receive: 62 00 01 02 8D 00 89 0C D6 00 01 02 23 00 95 00 00 04 29 00 98 80 AB 4C 67 8A 1D 41 F3 12 82 0D 00 E6 02 7D 65 38 3B 2C 72 00 52 08 CF 00 2B 02 90 00 00 7B 05 03 01 1D C0 78 D6 0C 3A 9B 00 09 82 1F 4B AA AA 
Time:	09:29:36,022
Send:	220001
Receive: 62 00 01 02 8D 00 89 0C D4 00 08 02 21 00 95 00 00 04 2F 00 99 80 B0 4C 67 87 DD 41 F3 12 82 1E 00 E6 02 7D 65 38 3B 2C 72 00 52 08 CF 00 2B 02 90 00 00 7B 05 03 01 1D C0 78 D6 0C 3A 9B 00 09 7E 1F 52 AA AA 
Time:	09:29:36,442
Send:	220001
Receive: 62 00 01 02 8D 00 89 0C DA 00 07 02 19 00 95 00 00 04 2D 00 9B 80 A6 4C 67 85 9D 41 F3 12 82 1A 00 E6 02 60 65 39 1C 2C 72 00 52 08 CF 00 2B 02 90 00 00 7B 05 03 01 1D C0 78 D6 0C 3A 9B 00 09 3B 1F 5C AA AA 
Time:	09:29:36,844
Send:	220001
Receive: 62 00 01 02 8C 00 89 0C CC 00 03 02 2A 00 97 00 00 04 3C 00 9C 80 27 4C 67 89 BD 41 F3 12 82 43 00 E6 02 60 65 39 FD 2C 72 00 52 08 CF 00 2B 02 9B 00 00 7B 05 03 01 1D C0 78 D6 0C 3A 9B 00 09 B0 1F 78 AA AA 
Time:	09:29:37,243
Send:	220001
Receive: 62 00 01 02 8C 00 89 0C D2 00 04 02 2E 00 97 00 00 04 30 00 97 80 2C 4C 67 8B FD 41 F3 12 82 22 00 E6 02 7D 65 38 3B 2C 72 00 52 08 CF 00 2B 02 99 00 00 7B 05 03 01 1D C0 78 D6 0C 3A 9B 00 09 95 1F 6B AA AA 
Time:	09:29:37,634
Send:	220001
Receive: 62 00 01 02 8C 00 89 0C E0 00 01 02 27 00 97 00 00 04 2A 00 94 80 94 4C 67 8A BD 41 F3 12 82 11 00 E6 02 7D 65 38 3B 2C 72 00 52 08 CF 00 2B 02 90 00 00 7B 05 03 01 1D C0 78 D6 0C 3A 9B 00 09 7C 1F 58 AA AA 
Time:	09:29:38,034
Send:	220001
Receive: 62 00 01 02 8C 00 89 0C BA 00 07 02 1C 00 97 00 00 04 27 00 91 80 A6 4C 67 88 7D 41 F3 12 82 09 00 E6 02 7D 65 37 55 2C 72 00 52 08 CF 00 2B 02 90 00 00 7B 05 03 01 1D C0 78 D6 0C 3A 9B 00 09 89 1F 97 AA AA 
Time:	09:29:38,423
Send:	220001
Receive: 62 00 01 02 8D 00 89 0C CE 00 FF 02 28 00 97 00 00 04 3D 00 9C 80 6D 4C 67 86 5D 41 F3 12 82 47 00 E6 02 3F 65 39 1C 2C 72 00 52 08 CF 00 2B 02 99 00 00 7B 05 03 01 1D C0 78 D6 0C 3A 9B 00 09 99 1F 68 AA AA 
Time:	09:29:38,821
Send:	220001
Receive: 62 00 01 02 8C 00 89 0C C2 00 06 02 23 00 97 00 00 04 24 00 94 80 2C 4C 67 8B 5D 41 F3 12 81 FD 00 E6 02 3F 65 38 3B 2C 72 00 51 08 CF 00 2B 02 96 00 00 7B 05 03 01 1D C0 78 D6 0C 3A 9B 00 09 85 1F 5A AA AA 
Time:	09:29:39,203
Send:	220001

Fixed toLineMF: 03E 62 00 01 02 8D 00 89 0C CC 00 03 02 35 00 9A 00 00 04 2C 00 97 80 2C 4C 67 8D 9D 02 7D 65 38 3B 2C 72 00 51 08 CF 00 2B 02 99 00 00 7B 05 03 01 1D C0 78 D6 0C 3A 9B 00 09 8F 1F 4C AA AA 
Receive: 62 00 01 02 8D 00 89 0C CC 00 03 02 35 00 9A 00 00 04 2C 00 97 80 2C 4C 67 8D 9D 02 7D 65 38 3B 2C 72 00 51 08 CF 00 2B 02 99 00 00 7B 05 03 01 1D C0 78 D6 0C 3A 9B 00 09 8F 1F 4C AA AA 

Fixed toLineMF: 03E 62 00 01 02 8D 00 89 0C CC 00 03 02 35 00 9A 00 00 04 2C 00 97 80 2C 4C 67 8D 9D 02 7D 65 38 3B 2C 72 00 51 08 CF 00 2B 02 99 00 00 7B 05 03 01 1D C0 78 D6 0C 3A 9B 00 09 8F 1F 4C AA AA 
Time:	09:29:39,595
Send:	220001
Receive: 62 00 01 02 8C 00 89 0C CE 00 08 02 17 00 9A 00 00 04 1A 00 92 80 A6 4C 67 8A 7D 41 F3 12 81 E0 00 E6 02 7D 65 37 55 2C 72 00 51 08 CF 00 2B 02 90 00 00 7B 05 03 01 1D C0 78 D6 0C 3A 9B 00 09 7A 1F 4E AA AA 
Time:	09:29:39,994
Send:	220001
Receive: 62 00 01 02 8D 00 89 0C CE 00 08 02 16 00 97 00 00 04 21 00 93 80 AD 4C 67 88 5D 41 F3 12 81 F4 00 E6 02 7D 65 38 3B 2C 72 00 51 08 CF 00 2B 02 8B 00 00 7B 05 03 01 1D C0 78 D6 0C 3A 9B 00 09 74 1F 42 AA AA 
Time:	09:29:40,412
Send:	220001
Receive: 62 00 01 02 8C 00 89 0C A6 00 08 02 16 00 97 00 00 04 27 00 90 80 60 4C 67 86 7D 41 F3 12 82 09 00 E6 02 4F 65 37 55 2C 72 00 51 08 CF 00 2B 02 93 00 00 7B 05 03 01 1D C0 78 D6 0C 3A 9B 00 09 86 1F 85 AA AA 
Time:	09:29:40,837
Send:	220001
Receive: 62 00 01 02 8C 00 89 0C AA 00 0A 02 35 00 97 00 00 04 3B 00 9A 80 2A 4C 67 8B 9D 41 F3 12 82 43 00 E6 02 4F 65 39 1C 2C 72 00 51 08 CF 00 2B 02 A1 00 00 7B 05 03 01 1D C0 78 D6 0C 3A 9B 00 09 96 1F 84 AA AA 
Time:	09:29:41,242
Send:	220001
Receive: 62 00 01 02 8C 00 89 0C CA 00 04 02 36 00 97 00 00 04 2C 00 96 80 33 4C 66 8D DD 41 F3 12 82 15 00 E6 02 7D 65 38 3B 2C 72 00 51 08 CF 00 2B 02 9E 00 00 7B 05 03 01 1D C0 78 D6 0C 3A 9B 00 09 81 1F 5D AA AA 
Time:	09:29:41,652
Send:	220001
Receive: 62 00 01 02 8D 00 89 0C D0 00 05 02 1D 00 97 00 00 04 23 00 95 80 A7 4C 66 89 BD 41 F3 12 81 FD 00 E6 02 7D 65 38 3B 2C 72 00 51 08 CF 00 2B 02 99 00 00 7B 05 03 01 1D C0 78 D6 0C 3A 9B 00 09 75 1F 67 AA AA 
Time:	09:29:42,075
Send:	220001
Receive: 62 00 01 02 8D 00 8A 0C 9E 00 09 02 1F 00 97 00 00 04 37 00 96 80 A7 4C 66 86 FD 41 F3 12 82 37 00 E6 02 3F 65 38 3B 2C 72 00 51 08 CF 00 2B 02 AF 00 00 7B 05 03 01 1D C0 78 D6 0C 3A 9B 00 09 A9 1F B5 AA AA 
Time:	09:29:42,473
Send:	220001
Receive: 62 00 01 02 8C 00 8A 0C 94 00 0F 02 19 00 97 00 00 04 24 00 8E 80 2D 4C 66 8A 5D 41 F3 12 81 FD 00 E6 02 3F 65 37 55 2C 72 00 51 08 CF 00 2B 02 B7 00 18 7B 05 03 01 1D C0 78 D6 0C 3A 9B 00 09 75 1F A8 AA AA 
Time:	09:29:42,863
Send:	220001

Fixed toLineMF: 037 62 00 01 02 8C 00 8A 0C C8 00 04 02 2D 99 80 2B 4C 67 8B FD 02 3F 65 38 3B 2C 72 00 51 08 CF 00 2B 02 B4 00 00 7B 05 03 01 1D C0 78 D6 0C 3A 9B 00 09 7A 1F 53 AA AA 
Receive: 62 00 01 02 8C 00 8A 0C C8 00 04 02 2D 99 80 2B 4C 67 8B FD 02 3F 65 38 3B 2C 72 00 51 08 CF 00 2B 02 B4 00 00 7B 05 03 01 1D C0 78 D6 0C 3A 9B 00 09 7A 1F 53 AA AA 

Fixed toLineMF: 037 62 00 01 02 8C 00 8A 0C C8 00 04 02 2D 99 80 2B 4C 67 8B FD 02 3F 65 38 3B 2C 72 00 51 08 CF 00 2B 02 B4 00 00 7B 05 03 01 1D C0 78 D6 0C 3A 9B 00 09 7A 1F 53 AA AA 
Time:	09:29:43,243
Send:	220001
Receive: 62 00 01 02 8C 00 8A 0C DC 00 00 02 2D 00 97 00 00 04 21 00 97 80 6B 4C 67 8E 3D 41 F3 12 81 F4 00 E6 02 7D 65 37 55 2C 72 00 51 08 CF 00 2B 02 A9 00 00 7B 05 03 01 1D C0 78 D6 0C 3A 9B 00 09 8A 1F 2C AA AA 
Time:	09:29:43,643
Send:	220001
Receive: 62 00 01 02 8C 00 8A 0C BE 00 04 02 1A 00 97 00 00 04 1E 00 91 80 A6 4C 67 89 1D 41 F3 12 81 EC 00 E6 02 7D 65 36 74 2C 72 00 51 08 CF 00 2B 02 A4 00 00 7B 05 03 01 1D C0 78 D6 0C 3A 9B 00 09 80 1F 52 AA AA 
Time:	09:29:44,044
Send:	220001
Receive: 62 00 01 02 8C 00 8A 0C A8 00 07 02 1E 00 97 00 00 04 2F 00 92 80 A3 4C 67 86 FD 41 F3 12 82 1E 00 E6 02 7D 65 37 55 2C 72 00 51 08 CF 00 2B 02 AC 00 00 7B 05 03 01 1D C0 78 D6 0C 3A 9B 00 09 8C 1F 87 AA AA 
Time:	09:29:44,477
Send:	220001
Receive: 62 00 01 02 8D 00 8A 0D E6 00 FA 02 78 00 9F 00 00 04 AB 00 BD 80 29 4C 67 8C 1D 41 F3 12 83 89 00 E6 02 3F 65 41 14 2C 72 00 5A 08 CF 00 2B 02 6A FF FB 7B 05 03 05 1D C2 78 D6 0C 3A 9B 00 0A EC 22 25 AA AA 
Time:	09:29:44,864
Send:	220001
Receive: 62 00 01 02 8A 00 8A 0E 26 00 FF 02 60 00 A1 00 00 04 79 00 B2 80 B1 4C 67 88 DD 41 F3 12 82 FA 00 E6 02 3F 65 3E 6C 2C 72 00 5A 08 CF 00 2B 02 57 00 00 7B 05 03 05 1D C2 78 D6 0C 3A 9B 00 0A 1C 1F CF AA AA 
Time:	09:29:45,253
Send:	220001
Receive: 62 00 01 02 8A 00 8A 0F 1C 00 00 04 5F 01 84 17 AD 06 AA 01 36 80 BF 4C 66 85 DD 41 F3 12 87 14 00 E6 03 19 65 49 07 2C 72 00 82 08 CF 00 2B 02 4F 02 39 7B 05 03 05 1C C2 78 D6 0C 3A 9B 00 0F 4A 2C 81 AA AA 
Time:	09:29:45,642
Send:	220001
Receive: 62 00 01 02 8A 00 8A 14 80 00 01 05 44 02 44 17 AD 08 9D 02 15 80 C5 4C 67 81 BD 41 F3 12 8D 61 00 E6 03 19 65 61 D0 2C 72 00 96 08 CF 00 2B 02 4F 01 3A 7B 05 03 05 1C C2 78 D6 0C 3A 9B 00 13 AB 32 2D AA AA 
Time:	09:29:46,094
Send:	220001
Receive: 62 00 01 02 8A 00 8A 16 F2 00 03 03 A7 01 A5 11 DC 06 F8 01 B3 80 C6 4C 67 7C 1D 41 F3 12 8A 99 00 E6 07 0A 65 50 FF 2C 72 00 96 08 CE 00 2B 02 4F 00 49 7B 05 03 05 1C C2 78 D6 0C 3A 9B 00 0F EF 2A 11 AA AA 
Time:	09:29:46,492
Send:	220001
Receive: 62 00 01 02 87 00 8A 13 C0 02 0A 02 2C 01 64 00 00 05 81 01 22 80 B3 4C 67 78 1D 41 F3 12 86 0B 00 E6 07 0A 64 50 FF 2C 72 00 79 08 CD 00 2B 02 C9 01 2A 7B 05 03 05 1D CA 78 D6 0C 3A 9B 00 0D 75 27 8B AA AA 
Time:	09:29:46,872
Send:	220001
Receive: 62 00 01 02 8A 00 8A 14 2A 02 0E 01 B8 00 D3 00 00 04 9D 01 03 80 26 4C 67 79 BD 41 F3 12 85 C0 00 E6 07 0A 64 4C 95 2C 72 00 5B 08 CD 00 2B 03 47 FE E7 7B 05 03 05 1D C8 78 D6 0C 3A 9B 00 09 E5 1E 1B AA AA 
Time:	09:29:47,262
Send:	220001
Receive: 62 00 01 02 89 00 8A 12 28 01 16 01 BB 00 D1 00 00 03 F9 00 C1 80 24 4C 67 7D 1D 41 F3 12 83 C0 00 E6 02 AA 64 4B AF 2C 72 00 5A 08 CB 00 2B 03 4F FF 4C 7B 05 03 05 1D C0 78 D6 0C 3A 9B 00 08 FE 1C FB AA AA 
Time:	09:29:47,674
Send:	220001
Receive: 62 00 01 02 89 00 8A 10 82 01 07 02 0E 00 CC 00 00 04 4D 00 BE 80 24 4C 66 7F BD 41 F3 12 82 81 00 E6 02 AA 64 45 7E 2C 72 00 5A 08 CA 00 2B 03 36 FF BC 7B 05 03 05 1D C0 78 D6 0C 3A 9B 00 09 E2 1E DA AA AA 
Time:	09:29:48,085
Send:	220001
Receive: 62 00 01 02 8A 00 8A 0F 5A 01 01 02 44 00 C2 00 00 04 88 00 C1 80 28 4C 67 82 3D 41 F3 12 83 24 00 E6 02 AE 64 41 14 2C 72 00 5A 08 CA 00 2B 03 43 FF E0 7B 05 03 05 1D C0 78 D6 0C 3A 9B 00 0A 62 20 32 AA AA 
Time:	09:29:48,494
Send:	220001
Receive: 62 00 01 02 8A 00 8A 0E D2 02 03 02 2B 00 A6 00 00 04 4E 00 AF 80 31 4C 67 84 DD 41 F3 12 82 79 00 E6 02 AE 63 3E 6C 2C 72 00 5A 08 C9 00 2B 03 4B FF F8 7B 05 03 05 1D C0 78 D6 0C 3A 9B 00 09 CD 1E F7 AA AA 
Time:	09:29:48,907
Send:	220001
Receive: 62 00 01 02 8A 00 8A 0E 74 02 06 02 0C 00 A6 00 00 04 34 00 A8 80 A3 4C 67 80 7D 41 F3 12 82 2E 00 E6 02 AE 63 3E 6C 2C 72 00 5A 08 C9 00 2B 03 53 00 00 7B 05 03 05 1D C0 78 D6 0C 3A 9B 00 09 A2 1E C1 AA AA 
Time:	09:29:49,294
Send:	220001
Receive: 62 00 01 02 8A 00 8A 0E 36 01 FF 02 07 00 A6 06 05 04 38 00 A6 80 A1 4C 67 7E 3D 41 F3 12 82 3B 00 E6 02 65 63 3E 6C 2C 72 00 64 08 C9 00 2B 03 59 00 00 7B 05 03 05 1C C0 78 D6 0C 3A 9B 00 09 94 1E CF AA AA 
Time:	09:29:49,694
Send:	220001
Receive: 62 00 01 02 8A 00 8A 0E 86 01 F3 05 15 01 9D 0E F5 08 54 01 69 80 29 4C 66 83 1D 41 F3 12 86 8A 00 E6 02 65 64 96 E6 2C 72 00 8C 08 CA 00 2B 03 59 04 67 7B 05 03 05 1C CA 78 D6 0C 3A 9B 00 12 BD 33 14 AA AA 
Time:	09:29:50,092
Send:	220001
Receive: 62 00 01 02 8A 00 8B 12 5C 02 FE 04 4C 01 D4 10 9E 08 6F 01 D4 80 BE 4C 67 7E 9D 41 F3 12 8A 65 00 E6 06 E9 64 F0 41 2C 72 00 96 08 CA 00 2B 03 59 03 20 7B 05 03 05 1C C2 78 D6 0C 3A 9B 00 13 8D 33 EE AA AA 
Time:	09:29:50,512
Send:	220001

Fixed toLineMF: 03E 62 00 01 02 89 00 02 D5 01 3D 09 B2 01 C8 80 AE 4C 67 7A 7D 41 F3 12 87 84 00 E6 06 E9 64 FA 00 2C 72 00 8C 08 CA 00 2B 03 59 05 52 7B 05 03 05 1D CA 78 D6 0C 3A 9B 00 17 1C 3A D1 AA AA 
Receive: 62 00 01 02 89 00 02 D5 01 3D 09 B2 01 C8 80 AE 4C 67 7A 7D 41 F3 12 87 84 00 E6 06 E9 64 FA 00 2C 72 00 8C 08 CA 00 2B 03 59 05 52 7B 05 03 05 1D CA 78 D6 0C 3A 9B 00 17 1C 3A D1 AA AA 

Fixed toLineMF: 03E 62 00 01 02 89 00 02 D5 01 3D 09 B2 01 C8 80 AE 4C 67 7A 7D 41 F3 12 87 84 00 E6 06 E9 64 FA 00 2C 72 00 8C 08 CA 00 2B 03 59 05 52 7B 05 03 05 1D CA 78 D6 0C 3A 9B 00 17 1C 3A D1 AA AA 
Time:	09:29:50,886
Send:	220001
Receive: 62 00 01 02 85 00 8B 10 BA 03 F5 03 D7 01 39 00 00 08 46 01 92 80 C4 4C 67 76 9D 41 F3 12 88 0F 00 E6 06 E9 64 D2 2D 2C 72 00 64 08 CA 00 2B 05 AF 00 00 7B 05 03 05 1D CA 78 D6 0C 3A 9B 00 13 62 34 4D AA AA 
Time:	09:29:51,292
Send:	220001
Receive: 62 00 01 02 8A 00 8B 12 FC 03 02 01 EE 00 CE 00 00 05 49 01 20 80 4F 4C 66 73 1D 41 F3 12 85 D6 00 E6 04 5A 63 65 59 2C 72 00 5A 08 CA 00 2B 06 BD FE 46 7B 05 03 05 1D CA 78 D6 0C 3A 9B 00 0C 07 24 0D AA AA 
Time:	09:29:51,715
Send:	220001
Receive: 62 00 01 02 8A 00 8B 11 BE 04 0C 03 0E 01 7A 09 23 05 BB 01 12 80 23 4C 66 79 1D 41 F3 12 86 44 00 E6 04 5A 63 60 09 2C 72 00 6E 08 C8 00 2B 06 8B 00 00 7B 05 03 05 1C C2 78 D6 0C 3A 9B 00 0D C6 28 F2 AA AA 
Time:	09:29:52,122
Send:	220001
Receive: 62 00 01 02 8A 00 8B 13 3C 04 04 03 48 01 82 0A 61 06 A0 01 6D 80 2F 4C 67 7C FD 41 F3 12 89 1C 00 E6 05 8F 63 6F F9 2C 72 00 96 08 C8 00 2B 06 8B 01 47 7B 05 03 05 1C C2 78 D6 0C 3A 9B 00 0F 59 2B F5 AA AA 
Time:	09:29:52,514
Send:	220001
Receive: 62 00 01 02 8A 00 8B 15 36 04 03 02 F2 00 DB 01 3D 06 53 01 81 80 78 4C 67 81 1D 41 F3 12 89 5C 00 E6 05 8F 63 6E 32 2C 72 00 7C 08 C7 00 2B 06 98 FF F0 7B 05 03 05 1D CA 78 D6 0C 3A 9B 00 0E 31 26 31 AA AA 
Time:	09:29:52,902
Send:	220001
Receive: 62 00 01 02 8A 00 8B 15 52 04 02 01 B6 00 DB 00 00 04 91 01 0D 80 4C 4C 67 7A DD 41 F3 12 86 CD 00 E6 05 8F 63 5F 28 2C 72 00 5A 08 C7 00 2B 06 B6 FE 00 7B 05 03 05 1D C0 78 D6 0C 3A 9B 00 0A 64 1E 59 AA AA 
Time:	09:29:53,317
Send:	220001
Receive: 62 00 01 02 86 00 8B 13 42 04 0B 01 D0 00 DB 00 00 04 2D 00 DE 80 24 4C 66 80 3D 41 F3 12 84 C9 00 E6 02 C7 63 54 88 2C 72 00 5A 08 C6 00 2B 06 14 FE 9E 7B 05 03 07 1D E0 78 D6 0C 3A 9B 00 09 91 1E 50 AA AA 
Time:	09:29:53,704
Send:	220001
Receive: 62 00 01 02 8B 00 8B 11 9A 02 01 02 19 00 D6 00 00 04 49 00 C8 80 24 4C 66 83 1D 41 F3 12 83 24 00 E6 02 C7 63 4A CE 2C 72 00 5A 08 C5 00 2B 05 29 FF 70 7B 05 03 07 1D E0 78 D6 0C 3A 9B 00 09 ED 1F 01 AA AA 
Time:	09:29:54,105
Send:	220001
Receive: 62 00 01 02 8C 00 8B 0F A2 01 05 02 5A 00 CE 00 00 04 9A 00 C1 80 2A 4C 67 85 BD 41 F3 12 83 5B 00 E6 03 16 63 44 9D 2C 72 00 5A 08 C5 00 2B 04 ED FF E8 7B 05 03 07 1D E0 78 D6 0C 3A 9B 00 0A 9D 20 F1 AA AA 
Time:	09:29:54,502
Send:	220001
Receive: 62 00 01 02 8C 00 8B 0F 1A 00 FE 02 47 00 AB 00 00 04 95 00 BF 80 A2 4C 67 83 FD 41 F3 12 83 4A 00 E6 03 16 63 41 14 2C 72 00 5A 08 C5 00 2B 04 CF FF ED 7B 05 03 07 1D E0 78 D6 0C 3A 9B 00 0A 7E 20 92 AA AA 
Time:	09:29:54,896
Send:	220001
Receive: 62 00 01 02 8D 00 8B 0E 9C 00 07 02 B9 01 6B 26 A8 04 F0 00 CB 80 B1 4C 66 81 5D 41 F3 12 84 5A 00 E6 03 16 63 48 26 2C 72 00 6E 08 C5 00 2B 04 C7 00 85 7B 05 03 05 1C C2 78 D6 0C 3A 9B 00 0A C4 21 90 AA AA 
Time:	09:29:55,342
Send:	220001
Receive: 62 00 01 02 8D 00 8B 12 2C 00 01 05 55 02 B9 2D 51 09 5E 02 1A 80 BF 4C 67 7D BD 41 F3 12 8B 09 00 E6 05 55 63 FA 00 2C 72 00 96 08 C6 00 2B 04 C8 01 93 7B 05 03 05 1C C2 78 D6 0C 3A 9B 00 17 09 38 5C AA AA 
Time:	09:29:55,745
Send:	220001
Receive: 62 00 01 02 8C 00 8B 1A 00 01 08 03 D1 02 12 1B 38 07 D9 02 47 80 2B 4C 67 7F 7D 41 F3 12 8E 48 00 E6 05 55 63 F1 22 2C 72 00 96 08 B1 00 2B 04 BC FE BF 7B 05 03 05 1C C2 78 D6 0C 3A 9B 00 11 9A 2E 23 AA AA 
Time:	09:29:56,155
Send:	220001
Receive: 62 00 01 02 8C 00 8B 19 16 03 0D 03 46 01 B1 1D 85 06 BB 01 D7 80 2F 4C 67 84 5D 41 F3 12 8B 5F 00 E6 07 1C 63 AC 21 2C 72 00 96 08 C6 00 2B 04 C8 FF 5A 7B 05 03 05 1C C2 78 D6 0C 3A 9B 00 0F 33 28 74 AA AA 
Time:	09:29:56,574
Send:	220001
Receive: 62 00 01 02 8C 00 8B 19 E0 05 10 03 6A 01 D1 1E C2 06 9C 01 E4 80 2E 4C 67 8A 3D 41 F3 12 8C 35 00 E6 07 1C 63 AE C9 2C 72 00 96 08 B8 00 2B 04 C0 FE F4 7B 05 03 05 1C C2 78 D6 0C 3A 9B 00 0F 23 28 FC AA AA 
Time:	09:29:56,965
Send:	220001
Receive: 62 00 01 02 8C 00 8B 1A A2 06 0F 03 83 01 EA 21 0A 06 98 01 F7 80 33 4C 67 8D FD 41 F3 12 8C FB 00 E6 07 1C 62 B5 DB 2C 72 00 96 08 AB 00 2B 04 B9 FE B2 7B 05 03 05 1C C2 78 D6 0C 3A 9B 00 0E 79 28 E2 AA AA 
Time:	09:29:57,363
Send:	220001
Receive: 62 00 01 02 8D 00 8B 1E 54 08 16 03 9D 01 F9 21 A8 06 4A 02 1D 80 58 4C 66 94 7C 41 F3 12 8F BF 00 E6 08 65 62 B5 DB 2C 72 00 96 08 78 00 2B 04 9D FD AB 7B 05 03 05 1C C2 78 D6 0C 3A 9B 00 0E 5E 25 BF AA AA 
Time:	09:29:57,783
Send:	220001
Receive: 62 00 01 02 8D 00 8C 1E 8C 0A 14 03 61 02 03 21 A8 06 4E 02 1E 80 BA 4C 66 8C 9D 41 F3 12 8F 73 00 E6 08 65 62 B5 DB 2C 72 00 96 08 78 00 2B 04 9D FD AE 7B 05 03 05 1C C2 78 D6 0C 3A 9B 00 0E 61 26 55 AA AA 
Time:	09:29:58,257
Send:	220001
Receive: 62 00 01 02 8D 00 8C 20 2E 0C 23 03 98 01 EF 21 A8 06 90 02 61 80 AF 4C 66 8C 3D 41 F3 12 91 AA 00 E6 08 88 62 B9 69 2C 72 00 96 08 5C 00 2B 04 8E FC D6 7B 05 03 05 1C C2 78 D6 0C 3A 9B 00 0E EF 24 7D AA AA 
Time:	09:29:58,742
Send:	220001
Receive: 62 00 01 02 8D 00 8C 23 60 0D 26 03 30 01 EA 21 42 06 41 02 7C 80 C7 4C 67 86 7D 41 F3 12 93 FC 00 E6 08 88 62 C4 04 2C 72 00 96 08 34 00 2B 04 78 FC D1 7B 05 03 05 1C C2 78 D6 0C 3A 9B 00 0D D5 22 3A AA AA 
Time:	09:29:59,217
Send:	220001
Receive: 62 00 01 02 8D 00 8C 27 02 0F 2A 02 34 01 EA 1C 42 04 E2 02 1C 80 B3 4C 66 7E DD 41 F3 12 94 C9 00 E6 08 88 61 BC F2 2C 72 00 96 08 09 00 2B 04 61 FC E1 7B 05 03 01 1C C0 78 D6 0C 3A 9B 00 0B 1E 1E 13 AA AA 
Time:	09:29:59,603
Send:	220001
Receive: NO DATA
Time:	09:29:59,952
Send:	220001
Receive: NO DATA
Time:	09:30:00,242
Send:	220001
Receive: NO DATA
Time:	09:30:00,524
Send:	220001
Receive: NO DATA
Time:	09:30:00,852
Send:	220001
Receive: NO DATA
Time:	09:30:01,227
Send:	220001
Receive: NO DATA
Time:	09:30:01,552
Send:	220001
Receive: NO DATA
Time:	09:30:01,854
Send:	220001
Receive: 62 00 01 02 8D 00 8C 26 16 0F 32 01 45 01 1C 0E 8A 02 1B 00 E1 80 C1 4C 66 91 3D 41 F3 12 91 D8 00 E6 04 A6 61 58 F7 2C 72 00 5A 08 16 00 2B 04 68 FC DD 7B 05 03 01 1C C8 78 D6 0C 3A 9B 00 05 83 10 87 AA AA 
Time:	09:30:02,276
Send:	220001
Receive: 62 00 01 02 8D 00 8C 26 D6 0E 2F 01 D3 01 84 10 9E 03 1F 01 55 80 CA 4C 67 8D 3D 41 F3 12 92 84 00 E6 04 CC 61 7A 94 2C 72 00 5A 08 0C 00 2B 04 62 FC E0 7B 05 03 01 1C C0 78 D6 0C 3A 9B 00 08 3D 16 97 AA AA 
Time:	09:30:02,666
Send:	220001
Receive: 62 00 01 02 8D 00 8C 27 3A 0E 2D 02 09 01 AE 11 0A 03 D3 01 AA 80 CC 4C 67 88 3D 41 F3 12 94 1C 00 E6 04 CC 61 93 5D 2C 72 00 5A 08 04 00 2B 04 5E FC E3 7B 05 03 01 1C C0 78 D6 0C 3A 9B 00 08 F5 19 4D AA AA 
Time:	09:30:03,062
Send:	220001
Receive: 62 00 01 02 8D 00 8C 28 40 0F 0D 02 15 01 A7 00 00 03 C2 01 A6 80 2E 4C 67 8D 7D 41 F3 12 94 07 00 E6 06 F9 61 86 15 2C 72 00 5A 07 FD 00 2B 04 5A FA 48 7B 05 03 01 1D C8 78 D6 0C 3A 9B 00 08 A4 18 BF AA AA 
Time:	09:30:03,512
Send:	220001
Receive: 62 00 01 02 8D 00 8C 28 90 0F 2F 01 B6 01 75 00 00 03 09 01 63 80 2F 4C 66 92 7D 41 F3 12 94 32 00 E6 06 F9 61 7C 5B 2C 72 00 5A 07 F7 00 2B 04 57 FA 47 7B 05 03 01 1D C8 78 D6 0C 3A 9B 00 06 EB 15 5B AA AA 
Time:	09:30:03,896
Send:	220001

Fixed toLineMF: 03E 62 00 01 02 8D 00 8C 27 C0 0F 30 01 AB 01 3E 00 00 02 C9 01 41 F3 12 93 67 00 E6 06 F9 61 6C 6B 2C 72 00 5A 08 02 00 2B 04 5D FA 4C 7B 05 03 01 1D C8 78 D6 0C 3A 9B 00 06 3A 13 60 AA AA 
Receive: 62 00 01 02 8D 00 8C 27 C0 0F 30 01 AB 01 3E 00 00 02 C9 01 41 F3 12 93 67 00 E6 06 F9 61 6C 6B 2C 72 00 5A 08 02 00 2B 04 5D FA 4C 7B 05 03 01 1D C8 78 D6 0C 3A 9B 00 06 3A 13 60 AA AA 

Fixed toLineMF: 03E 62 00 01 02 8D 00 8C 27 C0 0F 30 01 AB 01 3E 00 00 02 C9 01 41 F3 12 93 67 00 E6 06 F9 61 6C 6B 2C 72 00 5A 08 02 00 2B 04 5D FA 4C 7B 05 03 01 1D C8 78 D6 0C 3A 9B 00 06 3A 13 60 AA AA 
Time:	09:30:04,277
Send:	220001
Receive: NO DATA
Time:	09:30:04,563
Send:	220001
Receive: NO DATA
Time:	09:30:04,868
Send:	220001
Receive: NO DATA
Time:	09:30:05,173
Send:	220001
Receive: NO DATA
Time:	09:30:05,446
Send:	220001
Receive: NO DATA
Time:	09:30:05,764
Send:	220001
Receive: NO DATA
Time:	09:30:06,073
Send:	220001
Receive: NO DATA
Time:	09:30:06,421
Send:	220001
Receive: 62 00 01 02 8D 00 8D 20 8C 0C 13 01 E3 01 32 10 33 03 76 01 3C 80 D0 4C 66 85 BD 41 F3 12 8F A6 00 E6 03 33 62 6F 13 2C 72 00 5A 08 5A 00 2B 04 8D FC C2 7B 05 03 01 1C C0 78 D6 0C 3A 9B 00 08 13 15 27 AA AA 
Time:	09:30:06,817
Send:	220001
Receive: 62 00 01 02 8D 00 8D 20 88 0C 2B 01 FE 01 4B 10 9E 03 D6 01 59 80 CF 4C 66 81 BD 41 F3 12 90 4D 00 E6 03 33 62 76 2A 2C 72 00 5A 08 5F 00 2B 04 90 FC C0 7B 05 03 01 1C C0 78 D6 0C 3A 9B 00 08 E7 17 33 AA AA 
Time:	09:30:07,222
Send:	220001
Receive: 62 00 01 02 8D 00 8D 21 AA 0D 2A 02 21 01 52 0E 8A 04 43 01 93 80 CE 4C 66 7D 5D 41 F3 12 91 FD 00 E6 05 E6 62 7C 5B 2C 72 00 5A 08 4E 00 2B 04 86 FC C7 7B 05 03 01 1C C0 78 D6 0C 3A 9B 00 09 B8 18 EE AA AA 
Time:	09:30:07,634
Send:	220001
Receive: 62 00 01 02 8D 00 8D 22 E0 0D 2B 01 E5 01 50 0A CC 04 11 01 93 80 D0 4C 66 78 9D 41 F3 12 92 F3 00 E6 05 E6 62 7F 03 2C 72 00 5A 08 3E 00 2B 04 7D FC CD 7B 05 03 01 1C C0 78 D6 0C 3A 9B 00 09 46 18 01 AA AA 
Time:	09:30:08,022
Send:	220001

Fixed toLineMF: 03E 62 00 01 02 8D 00 8D 23 DC 0D 2C 01 B2 01 39 07 0F 03 D3 01 82 80 C3 4C 65 73 DD 41 F3 12 92 6A 00 E6 05 E6 62 7A 94 2C 72 77 FC D2 7B 05 03 01 1C C0 78 D6 0C 3A 9B 00 08 A0 16 A5 AA AA 
Receive: 62 00 01 02 8D 00 8D 23 DC 0D 2C 01 B2 01 39 07 0F 03 D3 01 82 80 C3 4C 65 73 DD 41 F3 12 92 6A 00 E6 05 E6 62 7A 94 2C 72 77 FC D2 7B 05 03 01 1C C0 78 D6 0C 3A 9B 00 08 A0 16 A5 AA AA 

Fixed toLineMF: 03E 62 00 01 02 8D 00 8D 23 DC 0D 2C 01 B2 01 39 07 0F 03 D3 01 82 80 C3 4C 65 73 DD 41 F3 12 92 6A 00 E6 05 E6 62 7A 94 2C 72 77 FC D2 7B 05 03 01 1C C0 78 D6 0C 3A 9B 00 08 A0 16 A5 AA AA 
Time:	09:30:08,414
Send:	220001
Receive: 62 00 01 02 8D 00 8D 24 54 0E 2D 01 87 01 2B 04 C7 03 67 01 5F 80 35 4C 65 75 BD 41 F3 12 90 94 00 E6 04 EB 62 73 82 2C 72 00 5A 08 2C 00 2B 04 74 FC D4 7B 05 03 01 1C C0 78 D6 0C 3A 9B 00 07 B2 14 CD AA AA 
Time:	09:30:08,816
Send:	220001
Receive: 62 00 01 02 8D 00 8D 24 58 0E 2E 01 78 01 19 04 23 03 21 01 40 80 2D 4C 65 79 FD 41 F3 12 90 99 00 E6 04 EB 62 6A A9 2C 72 00 5A 08 2C 00 2B 04 74 FC D4 7B 05 03 01 1C C0 78 D6 0C 3A 9B 00 07 28 13 AC AA AA 
Time:	09:30:09,204
Send:	220001
Receive: 62 00 01 02 8D 00 8D 24 32 0E 2F 01 80 01 19 04 23 03 0F 01 38 80 31 4C 65 7E 1D 41 F3 12 90 7A 00 E6 04 44 62 69 C3 2C 72 00 5A 08 2E 00 2B 04 75 FC D3 7B 05 03 01 1C C0 78 D6 0C 3A 9B 00 06 FC 13 45 AA AA 
Time:	09:30:09,602
Send:	220001
Receive: 62 00 01 02 8D 00 8D 24 26 0E 2F 01 7D 01 19 04 23 03 07 01 33 80 9B 4C 65 7D 1D 41 F3 12 90 52 00 E6 04 44 62 68 E2 2C 72 00 5A 08 2F 00 2B 04 75 FC D3 7B 05 03 01 1C C0 78 D6 0C 3A 9B 00 06 F7 13 30 AA AA 
Time:	09:30:10,056
Send:	220001
Receive: 62 00 01 02 8D 00 8D 24 2E 0E 2F 01 78 01 19 04 23 03 11 01 37 80 A5 4C 64 79 1D 41 F3 12 90 5C 00 E6 04 44 62 68 E2 2C 72 00 5A 08 2F 00 2B 04 75 FC D3 7B 05 03 01 1C C0 78 D6 0C 3A 9B 00 07 0D 13 4F AA AA 
Time:	09:30:10,455
Send:	220001

Fixed toLineMF: 03E 62 00 01 02 8D 00 8D 24 20 0E 2F 01 87 01 19 04 23 03 0F 01 34 80 33 4C 63 7E BD 41 F3 12 90 42 00 E6 04 44 62 68 E2 2C 72 76 FC D3 7B 05 03 01 1C C0 78 D6 0C 3A 9B 00 07 03 13 37 AA AA 
Receive: 62 00 01 02 8D 00 8D 24 20 0E 2F 01 87 01 19 04 23 03 0F 01 34 80 33 4C 63 7E BD 41 F3 12 90 42 00 E6 04 44 62 68 E2 2C 72 76 FC D3 7B 05 03 01 1C C0 78 D6 0C 3A 9B 00 07 03 13 37 AA AA 

Fixed toLineMF: 03E 62 00 01 02 8D 00 8D 24 20 0E 2F 01 87 01 19 04 23 03 0F 01 34 80 33 4C 63 7E BD 41 F3 12 90 42 00 E6 04 44 62 68 E2 2C 72 76 FC D3 7B 05 03 01 1C C0 78 D6 0C 3A 9B 00 07 03 13 37 AA AA 
Time:	09:30:10,909
Send:	220001
Receive: 62 00 01 02 8D 00 8D 23 F0 0D 2E 01 7A 01 16 04 23 03 0C 01 32 80 B1 4C 62 79 FD 41 F3 12 90 1A 00 E6 04 44 62 68 E2 2C 72 00 5A 08 33 00 2B 04 77 FC D1 7B 05 03 01 1C C0 78 D6 0C 3A 9B 00 07 16 13 5D AA AA 
Time:	09:30:11,376
Send:	220001
Receive: 62 00 01 02 8D 00 8D 23 EC 0D 2E 01 83 01 16 04 23 03 0C 01 37 80 34 4C 60 7D DD 41 F3 12 90 24 00 E6 03 EE 62 68 E2 2C 72 00 5A 08 32 00 2B 04 77 FC D2 7B 05 03 01 1C C0 78 D6 0C 3A 9B 00 07 0F 13 50 AA AA 
Time:	09:30:11,862
Send:	220001
Receive: 62 00 01 02 8D 00 8D 23 EC 0E 2E 01 7F 01 16 04 23 03 15 01 38 80 AD 4C 5E 79 FD 41 F3 12 90 42 00 E6 03 EE 62 68 E2 2C 72 00 5A 08 31 00 2B 04 77 FC D2 7B 05 03 01 1C C0 78 D6 0C 3A 9B 00 07 14 13 5B AA AA 
Time:	09:30:12,284
Send:	220001
Receive: NO DATA
Time:	09:30:12,564
Send:	220001
Receive: NO DATA
Time:	09:30:12,941
Send:	220001
Receive: NO DATA
Time:	09:30:13,299
Send:	220001
Receive: NO DATA
Time:	09:30:13,585
Send:	220001
Receive: NO DATA
Time:	09:30:13,878
Send:	220001
Receive: NO DATA
Time:	09:30:14,221
Send:	220001
Receive: NO DATA
Time:	09:30:14,520
Send:	220001
Receive: 62 00 01 02 8D 00 8E 23 8A 0D 2E 01 8A 01 14 05 66 03 19 01 36 80 35 4C 35 7E 7D 41 F3 12 90 00 00 E6 03 EE 62 69 C3 2C 72 00 5A 08 37 00 2B 04 7A FC D0 7B 05 03 01 1C C0 78 D6 0C 3A 9B 00 07 17 13 54 AA AA 
Time:	09:30:14,908
Send:	220001
Receive: 62 00 01 02 8D 00 8E 23 7C 0D 2E 01 79 01 14 05 66 03 11 01 33 80 AE 4C 30 79 1D 41 F3 12 8F E7 00 E6 03 EE 62 68 E2 2C 72 00 5A 08 38 00 2B 04 7A FC CF 7B 05 03 01 1C C0 78 D6 0C 3A 9B 00 07 16 13 51 AA AA 
Time:	09:30:15,303
Send:	220001
Receive: 62 00 01 02 8D 00 8E 23 6E 0D 2E 01 83 01 14 05 66 03 17 01 33 80 34 4C 1B 7C 3D 41 F3 12 8F EC 00 E6 03 EE 62 68 E2 2C 72 00 5A 08 38 00 2B 04 7A FC CF 7B 05 03 01 1C C0 78 D6 0C 3A 9B 00 07 15 13 51 AA AA 
Time:	09:30:15,702
Send:	220001
Receive: 62 00 01 02 8D 00 8E 23 7E 0D 2E 01 7F 01 12 05 66 03 15 01 34 80 A3 4C 1B 7B 3D 41 F3 12 90 00 00 E6 03 EE 62 69 C3 2C 72 00 5A 08 37 00 2B 04 7A FC D0 7B 05 03 01 1C C0 78 D6 0C 3A 9B 00 07 12 13 49 AA AA 
Time:	09:30:16,101
Send:	220001
Receive: NO DATA
Time:	09:30:16,413
Send:	220001
Receive: NO DATA
Time:	09:30:16,701
Send:	220001
Receive: NO DATA
Time:	09:30:16,996
Send:	220001
Receive: NO DATA
Time:	09:30:17,285
Send:	220001
Receive: NO DATA
Time:	09:30:17,586
Send:	220001
Receive: NO DATA
Time:	09:30:17,893
Send:	220001
Receive: NO DATA
Time:	09:30:18,189
Send:	220001

Fixed toLineMF: 03E 62 00 01 02 8D 00 8E 22 EA 0D 2D 01 89 01 12 05 66 03 25 01 33 80 32 4C 7F 7B 7D 03 EE 61 68 E2 2C 72 00 5A 08 3D 00 2B 04 7D FC CD 7B 05 03 01 3C C0 78 D6 0C 3A 9B 00 07 26 13 63 AA AA 
Receive: 62 00 01 02 8D 00 8E 22 EA 0D 2D 01 89 01 12 05 66 03 25 01 33 80 32 4C 7F 7B 7D 03 EE 61 68 E2 2C 72 00 5A 08 3D 00 2B 04 7D FC CD 7B 05 03 01 3C C0 78 D6 0C 3A 9B 00 07 26 13 63 AA AA 

Fixed toLineMF: 03E 62 00 01 02 8D 00 8E 22 EA 0D 2D 01 89 01 12 05 66 03 25 01 33 80 32 4C 7F 7B 7D 03 EE 61 68 E2 2C 72 00 5A 08 3D 00 2B 04 7D FC CD 7B 05 03 01 3C C0 78 D6 0C 3A 9B 00 07 26 13 63 AA AA 
Time:	09:30:18,580
Send:	220001
Receive: 62 00 01 02 8D 00 8E 22 DC 0D 2D 01 83 01 12 05 66 03 25 01 34 80 A8 4C CE 79 BD 41 F3 12 8F BA 00 E6 03 EE 61 68 01 2C 72 00 5A 08 3E 00 2B 04 7D FC CD 7B 05 03 01 3C C0 78 D6 0C 3A 9B 00 07 41 13 99 AA AA 
Time:	09:30:18,974
Send:	220001
Receive: 62 00 01 02 8D 00 8E 22 C6 0D 2D 01 76 01 0C 04 FA 03 1A 01 31 80 AC 4C CE 76 BD 41 F3 12 8F BA 00 E6 03 EE 61 67 20 2C 72 00 5A 08 3F 00 2B 04 7E FC CD 7B 05 03 01 3C C0 78 D6 0C 3A 9B 00 07 0E 13 29 AA AA 
Time:	09:30:19,373
Send:	220001
Receive: 62 00 01 02 8D 00 8E 22 9E 0D 2D 01 84 01 0A 04 FA 03 19 01 31 80 35 4C 56 7B BD 41 F3 12 8F A1 00 E6 03 EE 61 67 20 2C 72 00 5A 08 41 00 2B 04 7F FC CC 7B 05 03 01 3C C0 78 D6 0C 3A 9B 00 07 0C 13 27 AA AA 
Time:	09:30:19,775
Send:	220001
Receive: 62 00 01 02 8D 00 8E 22 6A 0D 2D 01 79 01 0A 04 FA 03 1C 01 2E 80 AA 4C BC 77 3D 41 F3 12 8F 96 00 E6 03 EE 61 66 3A 2C 72 00 5A 08 43 00 2B 04 80 FC CB 7B 05 03 01 3C C0 78 D6 0C 3A 9B 00 07 16 13 37 AA AA 
Time:	09:30:20,174
Send:	220001
Receive: 62 00 01 02 8D 00 8E 22 40 0D 2D 01 7F 01 08 04 FA 03 15 01 29 80 33 4C 36 7A 5D 41 F3 12 8F 78 00 E6 03 EE 61 66 3A 2C 72 00 5A 08 45 00 2B 04 81 FC CA 7B 05 03 01 3C C0 78 D6 0C 3A 9B 00 07 04 13 11 AA AA 
Time:	09:30:20,563
Send:	220001
Receive: 62 00 01 02 8D 00 8E 22 20 0D 2D 01 77 01 05 04 FA 03 15 01 28 80 A6 4C AD 76 FD 41 F3 12 8F 50 00 E6 03 EE 61 65 59 2C 72 00 5A 08 48 00 2B 04 83 FC C9 7B 05 03 01 3C C0 78 D6 0C 3A 9B 00 07 19 13 34 AA AA 
Time:	09:30:20,974
Send:	220001

Fixed toLineMF: 03E 62 00 01 02 8D 00 8E 22 28 0D 2D 01 88 01 0A 05 66 03 1C 01 41 F3 12 8F 6E 00 E6 03 EE 61 67 20 2C 72 00 5A 08 47 00 2B 04 82 FC C9 7B 05 03 01 3C C0 78 D6 0C 3A 9B 00 07 1F 13 3E AA AA 
Receive: 62 00 01 02 8D 00 8E 22 28 0D 2D 01 88 01 0A 05 66 03 1C 01 41 F3 12 8F 6E 00 E6 03 EE 61 67 20 2C 72 00 5A 08 47 00 2B 04 82 FC C9 7B 05 03 01 3C C0 78 D6 0C 3A 9B 00 07 1F 13 3E AA AA 

Fixed toLineMF: 03E 62 00 01 02 8D 00 8E 22 28 0D 2D 01 88 01 0A 05 66 03 1C 01 41 F3 12 8F 6E 00 E6 03 EE 61 67 20 2C 72 00 5A 08 47 00 2B 04 82 FC C9 7B 05 03 01 3C C0 78 D6 0C 3A 9B 00 07 1F 13 3E AA AA 
Time:	09:30:21,380
Send:	220001
Receive: 62 00 01 02 8D 00 8F 22 24 0D 2D 01 78 01 0A 05 66 03 1C 01 2B 80 AC 4C A6 76 7D 41 F3 12 8F 64 00 E6 04 6E 61 67 20 2C 72 00 5A 08 47 00 2B 04 82 FC CA 7B 05 03 01 3C C0 78 D6 0C 3A 9B 00 07 33 13 65 AA AA 
Time:	09:30:21,775
Send:	220001
Receive: 62 00 01 02 8D 00 8F 22 0C 0D 2D 01 7D 01 08 05 66 03 1A 01 2B 80 37 4C 25 79 5D 41 F3 12 8F 46 00 E6 04 6E 61 66 3A 2C 72 00 5A 08 49 00 2B 04 84 FC C9 7B 05 03 01 3C C0 78 D6 0C 3A 9B 00 07 26 13 45 AA AA 
Time:	09:30:22,182
Send:	220001
Receive: 62 00 01 02 8D 00 8F 22 02 0D 2D 01 7E 01 08 05 66 03 21 01 2D 80 AA 4C A3 77 FD 41 F3 12 8F 5F 00 E6 04 6E 61 66 3A 2C 72 00 5A 08 49 00 2B 04 83 FC C9 7B 05 03 01 3C C0 78 D6 0C 3A 9B 00 07 2B 13 4E AA AA 
Time:	09:30:22,592
Send:	220001
Receive: 62 00 01 02 8D 00 8F 22 08 0D 2D 01 80 01 08 05 66 03 1E 01 2A 80 3D 4C 26 79 5D 41 F3 12 8F 5A 00 E6 04 6E 61 66 3A 2C 72 00 5A 08 48 00 2B 04 83 FC C9 7B 05 03 01 3C C0 78 D6 0C 3A 9B 00 07 29 13 4C AA AA 
Time:	09:30:22,992
Send:	220001
Receive: 62 00 01 02 8D 00 8F 21 F0 0D 22 01 73 00 F1 00 00 03 07 01 1F 80 9C 4C 8C 78 FD 41 F3 12 8F 0F 00 E6 04 6E 61 60 EA 2C 72 00 5A 08 4B 00 2B 04 84 FA 65 7B 05 03 01 3D C8 78 D6 0C 3A 9B 00 06 E5 12 A3 AA AA 
Time:	09:30:23,373
Send:	220001

Fixed toLineMF: 03E 62 00 01 02 8D 00 8F 21 AA 0D 2F 01 49 00 80 B7 4C AD 76 1D 41 F3 12 8E 6B 00 E6 03 EE 61 5A B9 2C 72 00 5A 08 4D 00 2B 04 86 FA 66 7B 05 03 01 3D C8 78 D6 0C 3A 9B 00 06 2C 10 D7 AA AA 
Receive: 62 00 01 02 8D 00 8F 21 AA 0D 2F 01 49 00 80 B7 4C AD 76 1D 41 F3 12 8E 6B 00 E6 03 EE 61 5A B9 2C 72 00 5A 08 4D 00 2B 04 86 FA 66 7B 05 03 01 3D C8 78 D6 0C 3A 9B 00 06 2C 10 D7 AA AA 

Fixed toLineMF: 03E 62 00 01 02 8D 00 8F 21 AA 0D 2F 01 49 00 80 B7 4C AD 76 1D 41 F3 12 8E 6B 00 E6 03 EE 61 5A B9 2C 72 00 5A 08 4D 00 2B 04 86 FA 66 7B 05 03 01 3D C8 78 D6 0C 3A 9B 00 06 2C 10 D7 AA AA 
Time:	09:30:23,763
Send:	220001
Receive: 62 00 01 02 8D 00 8F 20 D8 0C 21 01 32 00 C9 00 00 02 87 00 E9 80 B6 4C A0 71 DD 41 F3 12 8E 61 00 E6 03 EE 61 50 1E 2C 72 00 5A 08 57 00 2B 04 8B FA 6A 7B 05 03 01 7D C8 78 D6 0C 3A 9B 00 05 CC 0F E6 AA AA 
Time:	09:30:24,172
Send:	220001

Fixed toLineMF: 03E 62 00 01 02 8D 00 8F 1F B6 0C 28 01 16 00 B5 00 00 02 4D 00 41 F3 12 8E 52 00 E6 02 BC 61 48 26 2C 72 00 5A 08 68 00 2B 04 95 FA AF 7B 05 03 01 7D C8 78 D6 0C 3A 9B 00 05 19 0E B2 AA AA 
Receive: 62 00 01 02 8D 00 8F 1F B6 0C 28 01 16 00 B5 00 00 02 4D 00 41 F3 12 8E 52 00 E6 02 BC 61 48 26 2C 72 00 5A 08 68 00 2B 04 95 FA AF 7B 05 03 01 7D C8 78 D6 0C 3A 9B 00 05 19 0E B2 AA AA 

Fixed toLineMF: 03E 62 00 01 02 8D 00 8F 1F B6 0C 28 01 16 00 B5 00 00 02 4D 00 41 F3 12 8E 52 00 E6 02 BC 61 48 26 2C 72 00 5A 08 68 00 2B 04 95 FA AF 7B 05 03 01 7D C8 78 D6 0C 3A 9B 00 05 19 0E B2 AA AA 
Time:	09:30:24,556
Send:	220001

Fixed toLineMF: 03E 62 00 01 02 8D 00 8F 1E 00 0B 17 00 EC 00 AE 07 7A 01 E3 00 9D 80 2D 4C 1B 77 7D 02 BC 61 45 7E 2C 72 00 5A 08 80 00 2B 04 A2 FC B3 7B 05 03 01 7C C8 78 D6 0C 3A 9B 00 04 5F 0F 00 AA AA 
Receive: 62 00 01 02 8D 00 8F 1E 00 0B 17 00 EC 00 AE 07 7A 01 E3 00 9D 80 2D 4C 1B 77 7D 02 BC 61 45 7E 2C 72 00 5A 08 80 00 2B 04 A2 FC B3 7B 05 03 01 7C C8 78 D6 0C 3A 9B 00 04 5F 0F 00 AA AA 

Fixed toLineMF: 03E 62 00 01 02 8D 00 8F 1E 00 0B 17 00 EC 00 AE 07 7A 01 E3 00 9D 80 2D 4C 1B 77 7D 02 BC 61 45 7E 2C 72 00 5A 08 80 00 2B 04 A2 FC B3 7B 05 03 01 7C C8 78 D6 0C 3A 9B 00 04 5F 0F 00 AA AA 
Time:	09:30:24,946
Send:	220001

Fixed toLineMF: 03E 62 00 01 02 8D 00 8F 1C 48 0A 2F 01 3F 01 0C 0C E1 02 69 00 BB 80 2D 4C 16 79 DD 41 F3 12 8C CB 00 E6 00 5A 08 98 00 2B 04 AF FC AA 7B 05 03 01 7C C8 78 D6 0C 3A 9B 00 06 60 14 58 AA AA 
Receive: 62 00 01 02 8D 00 8F 1C 48 0A 2F 01 3F 01 0C 0C E1 02 69 00 BB 80 2D 4C 16 79 DD 41 F3 12 8C CB 00 E6 00 5A 08 98 00 2B 04 AF FC AA 7B 05 03 01 7C C8 78 D6 0C 3A 9B 00 06 60 14 58 AA AA 

Fixed toLineMF: 03E 62 00 01 02 8D 00 8F 1C 48 0A 2F 01 3F 01 0C 0C E1 02 69 00 BB 80 2D 4C 16 79 DD 41 F3 12 8C CB 00 E6 00 5A 08 98 00 2B 04 AF FC AA 7B 05 03 01 7C C8 78 D6 0C 3A 9B 00 06 60 14 58 AA AA 
Time:	09:30:25,347
Send:	220001
Receive: 62 00 01 02 8D 00 8F 1B DE 0A 2C 01 C0 01 41 10 9E 03 6F 01 11 80 2B 4C 18 7C FD 41 F3 12 8D D7 00 E6 03 02 61 62 B1 2C 72 00 5A 08 97 00 2B 04 AE FC AA 7B 05 03 01 7C C0 78 D6 0C 3A 9B 00 08 4B 19 00 AA AA 
Time:	09:30:25,742
Send:	220001
Receive: 62 00 01 02 8D 00 8F 1B C0 0A 29 02 29 01 57 10 33 04 42 01 55 80 2C 4C 1B 80 5D 41 F3 12 8E 0D 00 E6 03 02 62 6F 13 2C 72 00 5A 08 95 00 2B 04 AD FC AB 7B 05 03 01 7C C0 78 D6 0C 3A 9B 00 09 C0 1B BE AA AA 
Time:	09:30:26,144
Send:	220001
Receive: 62 00 01 02 8D 00 8F 1C DA 0B 29 02 3C 01 52 0E F5 04 46 01 64 80 2D 4C 1C 84 7D 41 F3 12 8E DD 00 E6 05 32 62 6F F9 2C 72 00 5A 08 89 00 2B 04 A7 FC B0 7B 05 03 01 7C C0 78 D6 0C 3A 9B 00 09 D6 1A 83 AA AA 
Time:	09:30:26,551
Send:	220001
Receive: 62 00 01 02 8D 00 8F 1E 10 0C 2A 01 F6 01 28 00 66 03 CD 01 42 80 80 4C 90 88 9D 41 F3 12 8F 41 00 E6 05 32 61 66 3A 2C 72 00 5A 08 7C 00 2B 04 A0 FA FC 7B 05 03 01 7D C8 78 D6 0C 3A 9B 00 08 C4 17 5A AA AA 
Time:	09:30:26,935
Send:	220001
Receive: 62 00 01 02 8D 00 8F 1E DA 0C 0A 01 C2 01 12 00 00 03 76 01 2A 80 B4 4C AC 88 7D 41 F3 12 8F 23 00 E6 05 32 61 60 EA 2C 72 00 5A 08 74 00 2B 04 9B FA DA 7B 05 03 01 7D C8 78 D6 0C 3A 9B 00 07 B8 15 47 AA AA 
Time:	09:30:27,332
Send:	220001
Receive: 62 00 01 02 8D 00 8F 1E 64 0C 10 01 64 00 F1 00 00 02 E3 00 F5 80 70 4C 2B 82 5D 41 F3 12 8C 96 00 E6 04 44 61 58 F7 2C 72 00 5A 08 78 00 2B 04 9D FA EF 7B 05 03 01 7D C8 78 D6 0C 3A 9B 00 06 A9 13 12 AA AA 
Time:	09:30:27,738
Send:	220001
Receive: 62 00 01 02 8D 00 8F 1E EA 0B 2E 01 6B 00 DD 01 DC 02 B3 00 EC 80 32 4C 23 88 9D 41 F3 12 8C 9A 00 E6 04 44 61 54 88 2C 72 00 5A 08 6F 00 2B 04 98 FA CD 7B 05 03 01 7D C8 78 D6 0C 3A 9B 00 06 11 11 66 AA AA 
Time:	09:30:28,172
Send:	220001
Receive: 62 00 01 02 8D 00 8F 1C 90 0B 26 01 38 00 D1 06 A3 02 4F 00 B6 80 3A 4C 1F 84 7D 41 F3 12 8D 7A 00 E6 02 65 61 49 ED 2C 72 00 5A 08 90 00 2B 04 AA FC AD 7B 05 03 01 7C C8 78 D6 0C 3A 9B 00 05 4B 11 80 AA AA 
Time:	09:30:28,583
Send:	220001
Receive: 62 00 01 02 8D 00 8F 1D D0 0B 2D 01 BA 01 2F 0A 61 03 17 01 00 80 2D 4C 1D 8A 5D 41 F3 12 8D 31 00 E6 02 65 61 5D 61 2C 72 00 5A 08 7F 00 2B 04 A1 FC B4 7B 05 03 01 7C C0 78 D6 0C 3A 9B 00 07 25 15 01 AA AA 
Time:	09:30:29,012
Send:	220001
Receive: 62 00 01 02 8D 00 90 1B AE 0B 2A 02 2A 01 50 0A 61 03 D8 01 3C 80 30 4C 1E 8D BD 41 F3 12 8E A1 00 E6 02 65 61 69 C3 2C 72 00 5A 08 9A 00 2B 04 B0 FC A9 7B 05 03 01 7C C8 78 D6 0C 3A 9B 00 09 A8 19 BA AA AA 
Time:	09:30:29,442
Send:	220001
Receive: 62 00 01 02 8D 00 90 1C 2C 0B 17 02 47 01 23 00 00 04 2E 01 3D 80 C3 4C B9 8A BD 41 F3 12 8C E8 00 E6 05 32 61 61 D0 2C 72 00 5A 08 A2 00 2B 04 B4 FB 9F 7B 05 03 01 7D C8 78 D6 0C 3A 9B 00 09 0C 1A B1 AA AA 
Time:	09:30:29,836
Send:	220001
Receive: 62 00 01 02 8D 00 90 1F AE 0B 14 01 EB 01 28 00 00 03 C3 01 50 80 C6 4C B0 86 9D 41 F3 12 8F AB 00 E6 05 32 61 68 01 2C 72 00 5A 08 63 00 2B 04 91 FA A1 7B 05 03 01 7D C8 78 D6 0C 3A 9B 00 08 07 16 9F AA AA 
Time:	09:30:30,226
Send:	220001

Fixed toLineMF: 037 62 00 01 02 8D 00 90 1E 8E 0C 21 01 9A 00 FD 00 00 03 38 01 41 F3 12 8E 7F 00 E6 03 99 61 5F 28 2C 72 00 5A 08 70 00 2B 04 7D C8 78 D6 0C 3A 9B 00 07 59 13 F1 AA AA 
Receive: 62 00 01 02 8D 00 90 1E 8E 0C 21 01 9A 00 FD 00 00 03 38 01 41 F3 12 8E 7F 00 E6 03 99 61 5F 28 2C 72 00 5A 08 70 00 2B 04 7D C8 78 D6 0C 3A 9B 00 07 59 13 F1 AA AA 

Fixed toLineMF: 037 62 00 01 02 8D 00 90 1E 8E 0C 21 01 9A 00 FD 00 00 03 38 01 41 F3 12 8E 7F 00 E6 03 99 61 5F 28 2C 72 00 5A 08 70 00 2B 04 7D C8 78 D6 0C 3A 9B 00 07 59 13 F1 AA AA 
Time:	09:30:30,616
Send:	220001

Fixed toLineMF: 037 62 00 01 02 8D 00 90 1E E8 0C 2D 01 5A 00 DB 00 00 02 C9 00 ED 80 B8 4C AD 84 5D 03 99 61 57 30 2C 72 00 5A 08 73 00 2B 04 9A FA DD 7B 05 03 01 00 06 30 12 53 AA AA 
Receive: 62 00 01 02 8D 00 90 1E E8 0C 2D 01 5A 00 DB 00 00 02 C9 00 ED 80 B8 4C AD 84 5D 03 99 61 57 30 2C 72 00 5A 08 73 00 2B 04 9A FA DD 7B 05 03 01 00 06 30 12 53 AA AA 

Fixed toLineMF: 037 62 00 01 02 8D 00 90 1E E8 0C 2D 01 5A 00 DB 00 00 02 C9 00 ED 80 B8 4C AD 84 5D 03 99 61 57 30 2C 72 00 5A 08 73 00 2B 04 9A FA DD 7B 05 03 01 00 06 30 12 53 AA AA 
Time:	09:30:31,007
Send:	220001

Fixed toLineMF: 037 62 00 01 02 8D 00 90 1E BA 0B 22 01 6C EE 80 39 4C 1F 85 BD 41 F3 12 8C DE 00 E6 03 99 61 51 E0 2C 72 00 5A 08 6D 00 2B 04 97 FA CC 7B 05 03 01 7D C8 78 D6 0C 3A 9B 
Receive: 62 00 01 02 8D 00 90 1E BA 0B 22 01 6C EE 80 39 4C 1F 85 BD 41 F3 12 8C DE 00 E6 03 99 61 51 E0 2C 72 00 5A 08 6D 00 2B 04 97 FA CC 7B 05 03 01 7D C8 78 D6 0C 3A 9B 

Fixed toLineMF: 037 62 00 01 02 8D 00 90 1E BA 0B 22 01 6C EE 80 39 4C 1F 85 BD 41 F3 12 8C DE 00 E6 03 99 61 51 E0 2C 72 00 5A 08 6D 00 2B 04 97 FA CC 7B 05 03 01 7D C8 78 D6 0C 3A 9B 
Time:	09:30:31,389
Send:	220001
Receive: NO DATA
Time:	09:30:31,682
Send:	220001
Receive: NO DATA
Time:	09:30:31,959
Send:	220001
Receive: NO DATA
Time:	09:30:32,245
Send:	220001
Receive: NO DATA
Time:	09:30:32,532
Send:	220001
Receive: NO DATA
Time:	09:30:32,810
Send:	220001
Receive: NO DATA
Time:	09:30:33,120
Send:	220001
Receive: NO DATA
Time:	09:30:33,400
Send:	220001
Receive: 62 00 01 02 8C 00 90 14 8C 08 F1 01 86 00 9F 00 00 02 A1 00 94 80 2E 4C 1E 8F 7D 41 F3 12 8A 57 00 E6 02 8F 61 38 3B 2C 72 00 5A 08 C0 00 2B 04 C4 FE 01 7B 05 03 01 7D C8 78 D6 0C 3A 9B 00 06 22 14 C7 AA AA 
Time:	09:30:33,803
Send:	220001

Fixed toLineMF: 03E 62 00 01 02 89 00 90 12 7A 07 05 01 8F 00 95 00 00 02 A4 00 83 80 2F 4C 27 91 3D 41 F3 12 88 5C 00 E6 02 8F 61 34 AD 2C 72 C5 FF F6 7B 05 03 01 7D C8 78 D6 0C 3A 9B 00 06 0F 15 FB AA AA 
Receive: 62 00 01 02 89 00 90 12 7A 07 05 01 8F 00 95 00 00 02 A4 00 83 80 2F 4C 27 91 3D 41 F3 12 88 5C 00 E6 02 8F 61 34 AD 2C 72 C5 FF F6 7B 05 03 01 7D C8 78 D6 0C 3A 9B 00 06 0F 15 FB AA AA 

Fixed toLineMF: 03E 62 00 01 02 89 00 90 12 7A 07 05 01 8F 00 95 00 00 02 A4 00 83 80 2F 4C 27 91 3D 41 F3 12 88 5C 00 E6 02 8F 61 34 AD 2C 72 C5 FF F6 7B 05 03 01 7D C8 78 D6 0C 3A 9B 00 06 0F 15 FB AA AA 
Time:	09:30:34,205
Send:	220001
Receive: NO DATA
Time:	09:30:34,496
Send:	220001
Receive: NO DATA
Time:	09:30:34,780
Send:	220001
Receive: NO DATA
Time:	09:30:35,093
Send:	220001
Receive: NO DATA
Time:	09:30:35,369
Send:	220001
Receive: NO DATA
Time:	09:30:35,664
Send:	220001
Receive: NO DATA
Time:	09:30:35,941
Send:	220001
Receive: NO DATA
Time:	09:30:36,228
Send:	220001
Receive: 62 00 01 02 8C 00 91 16 12 09 05 02 5D 01 23 14 5C 05 29 01 3F 80 41 4C 1F 7D DD 41 F3 12 88 4A 00 E6 04 CC 62 69 C3 2C 72 00 5A 08 C2 00 2B 04 C6 00 00 7B 05 03 01 7C C2 78 D6 0C 3A 9B 00 0B AC 20 29 AA AA 
Time:	09:30:36,643
Send:	220001
Receive: 62 00 01 02 8D 00 91 18 80 09 19 02 45 01 25 11 0A 04 B4 01 39 80 2E 4C 20 84 3D 41 F3 12 8A 7C 00 E6 04 CC 62 6C 6B 2C 72 00 5A 08 C2 00 2B 04 C5 FC 9A 7B 05 03 01 7C C0 78 D6 0C 3A 9B 00 0A AE 1D E6 AA AA 
Time:	09:30:37,134
Send:	220001
Receive: 62 00 01 02 8D 00 91 19 7A 09 1B 01 CF 00 F1 04 5C 03 C0 01 0F 80 31 4C 22 88 9D 41 F3 12 8B F7 00 E6 03 E9 61 63 92 2C 72 00 5A 08 B3 00 2B 04 BD FC 9F 7B 05 03 01 7C C0 78 D6 0C 3A 9B 00 08 96 19 17 AA AA 
Time:	09:30:37,535
Send:	220001
Receive: 62 00 01 02 8D 00 91 18 16 09 0C 01 C9 00 D6 00 00 03 7E 00 EE 80 57 4C 86 8B 9D 41 F3 12 8A DF 00 E6 03 E9 61 58 11 2C 72 00 5A 08 C0 00 2B 04 C4 FC 6F 7B 05 03 01 7D C8 78 D6 0C 3A 9B 00 07 DA 17 4B AA AA 
Time:	09:30:37,942
Send:	220001
Receive: 62 00 01 02 8D 00 91 19 D6 09 2B 01 88 00 D6 00 00 03 12 00 DB 80 B4 4C A2 85 DD 41 F3 12 8B 2F 00 E6 03 E9 61 57 30 2C 72 00 5A 08 B2 00 2B 04 BD FB F0 7B 05 03 01 7D C8 78 D6 0C 3A 9B 00 07 43 15 F8 AA AA 
Time:	09:30:38,345
Send:	220001

Fixed toLineMF: 03E 62 00 01 02 8D 00 91 17 BA 09 04 01 B2 00 D6 0D 14 03 3E 00 DC 80 3D 4C 27 88 1D 41 F3 12 8A B5 00 E6 00 5A 08 BF 00 2B 04 C4 FC 9B 7B 05 03 01 7C C8 78 D6 0C 3A 9B 00 07 61 16 38 AA AA 
Receive: 62 00 01 02 8D 00 91 17 BA 09 04 01 B2 00 D6 0D 14 03 3E 00 DC 80 3D 4C 27 88 1D 41 F3 12 8A B5 00 E6 00 5A 08 BF 00 2B 04 C4 FC 9B 7B 05 03 01 7C C8 78 D6 0C 3A 9B 00 07 61 16 38 AA AA 

Fixed toLineMF: 03E 62 00 01 02 8D 00 91 17 BA 09 04 01 B2 00 D6 0D 14 03 3E 00 DC 80 3D 4C 27 88 1D 41 F3 12 8A B5 00 E6 00 5A 08 BF 00 2B 04 C4 FC 9B 7B 05 03 01 7C C8 78 D6 0C 3A 9B 00 07 61 16 38 AA AA 
Time:	09:30:38,731
Send:	220001
Receive: 62 00 01 02 8D 00 91 18 BA 09 16 02 39 01 2A 11 0A 03 F3 01 09 80 38 4C 2A 8B 3D 41 F3 12 8A 99 00 E6 03 07 61 5F 28 2C 72 00 5A 08 BF 00 2B 04 C4 FC 9B 7B 05 03 01 7C C0 78 D6 0C 3A 9B 00 09 7D 1B 22 AA AA 
Time:	09:30:39,116
Send:	220001
Receive: 62 00 01 02 8D 00 91 19 AC 09 13 02 72 01 55 11 0A 04 9C 01 54 80 B9 4C AC 86 DD 41 F3 12 8C 5C 00 E6 04 FA 61 6F F9 2C 72 00 5A 08 AE 00 2B 04 BA FC A1 7B 05 03 01 7C C0 78 D6 0C 3A 9B 00 0A F1 1E 88 AA AA 
Time:	09:30:39,516
Send:	220001
Receive: 62 00 01 02 8D 00 91 1A 6A 0A 13 02 2D 01 43 10 9E 04 89 01 5D 80 C2 4C AD 82 DD 41 F3 12 8D 2C 00 E6 04 FA 61 72 9C 2C 72 00 5A 08 A2 00 2B 04 B4 FC A6 7B 05 03 01 7C C0 78 D6 0C 3A 9B 00 0A 34 1D 59 AA AA 
Time:	09:30:39,905
Send:	220001
Receive: 62 00 01 02 8D 00 91 1A D8 0A 10 02 2E 01 3C 0E 1E 04 69 01 56 80 2E 4C 21 86 1D 41 F3 12 8D 5D 00 E6 04 FA 61 6F 13 2C 72 00 5A 08 A2 00 2B 04 B4 FC A6 7B 05 03 01 7C C0 78 D6 0C 3A 9B 00 09 E8 1C B5 AA AA 
Time:	09:30:40,294
Send:	220001
Receive: 62 00 01 02 8D 00 91 1B 9C 0A 15 02 40 01 48 0C 0A 04 4F 01 51 80 2B 4C 1F 89 FD 41 F3 12 8D A6 00 E6 04 CC 61 70 DA 2C 72 00 5A 08 9A 00 2B 04 B0 FC A9 7B 05 03 01 7C C0 78 D6 0C 3A 9B 00 09 C0 1C 66 AA AA 
Time:	09:30:40,692
Send:	220001
Receive: 62 00 01 02 8D 00 91 1C 66 0B 15 02 0C 01 2F 05 D1 03 D8 01 33 80 30 4C 23 8D FD 41 F3 12 8D F9 00 E6 04 CC 61 67 20 2C 72 00 5A 08 90 00 2B 04 AA FC AD 7B 05 03 01 7C C0 78 D6 0C 3A 9B 00 08 C3 19 A1 AA AA 
Time:	09:30:41,102
Send:	220001
Receive: 62 00 01 02 8D 00 92 1D 86 0B 2C 01 DE 01 1C 04 8F 03 67 01 19 80 8A 4C 92 91 7D 41 F3 12 8E B0 00 E6 04 B1 61 5F 28 2C 72 00 5A 08 81 00 2B 04 A2 FC B3 7B 05 03 01 7C C0 78 D6 0C 3A 9B 00 07 CB 16 AA AA AA 
Time:	09:30:41,504
Send:	220001
Receive: NO DATA
Time:	09:30:41,798
Send:	220001
Receive: NO DATA
Time:	09:30:42,083
Send:	220001
Receive: NO DATA
Time:	09:30:42,368
Send:	220001
Receive: NO DATA
Time:	09:30:42,656
Send:	220001
Receive: NO DATA
Time:	09:30:42,948
Send:	220001
Receive: NO DATA
Time:	09:30:43,255
Send:	220001
Receive: NO DATA
Time:	09:30:43,547
Send:	220001
Receive: 62 00 01 02 8D 00 92 1B A6 0A 1E 01 32 00 B3 09 57 01 FB 00 9A 80 2B 4C 1D 90 5D 41 F3 12 8E C4 00 E6 02 CB 60 41 F5 2C 72 00 5A 08 99 00 2B 04 AF FC AA 7B 05 03 01 7C C8 78 D6 0C 3A 9B 00 04 A9 10 5F AA AA 
Time:	09:30:43,946
Send:	220001

Fixed toLineMF: 03E 62 00 01 02 8D 00 92 1A F4 0A 2E 01 74 00 DB 0C 42 02 6B 00 B6 80 2C 4C 21 92 DD 41 F3 12 8C A4 00 E6 02 CB 61 50 1E 2C 72 00 5A 08 A3 00 2B 04 B5 FC A6 7B 05 03 01 7C C0 78 D6 0C 3A 9B 
Receive: 62 00 01 02 8D 00 92 1A F4 0A 2E 01 74 00 DB 0C 42 02 6B 00 B6 80 2C 4C 21 92 DD 41 F3 12 8C A4 00 E6 02 CB 61 50 1E 2C 72 00 5A 08 A3 00 2B 04 B5 FC A6 7B 05 03 01 7C C0 78 D6 0C 3A 9B 

Fixed toLineMF: 03E 62 00 01 02 8D 00 92 1A F4 0A 2E 01 74 00 DB 0C 42 02 6B 00 B6 80 2C 4C 21 92 DD 41 F3 12 8C A4 00 E6 02 CB 61 50 1E 2C 72 00 5A 08 A3 00 2B 04 B5 FC A6 7B 05 03 01 7C C0 78 D6 0C 3A 9B 
Time:	09:30:44,352
Send:	220001
Receive: 62 00 01 02 8D 00 92 1B A0 0A 2C 02 2C 01 44 0C 42 03 83 01 0E 80 83 4C 86 95 DC 41 F3 12 8D 36 00 E6 03 62 61 61 D0 2C 72 00 5A 08 98 00 2B 04 AE FC AA 7B 05 03 01 7C C0 78 D6 0C 3A 9B 00 08 AA 19 B4 AA AA 
Time:	09:30:44,754
Send:	220001
Receive: 62 00 01 02 8D 00 92 1D 22 0B 29 02 6D 01 5C 09 F5 04 3E 01 62 80 BC 4C AB 8E FD 41 F3 12 8E F1 00 E6 03 62 61 71 BB 2C 72 00 5A 08 7F 00 2B 04 A1 FC B3 7B 05 03 01 7C C0 78 D6 0C 3A 9B 00 09 A9 1B 2B AA AA 
Time:	09:30:45,173
Send:	220001
Receive: 62 00 01 02 8D 00 92 1D DE 0B 13 02 07 01 28 00 00 03 C9 01 44 80 BD 4C A3 8B 1D 41 F3 12 8F 4B 00 E6 05 1E 61 65 59 2C 72 00 5A 08 77 00 2B 04 9C FA FD 7B 05 03 01 7D C8 78 D6 0C 3A 9B 00 08 A7 17 1F AA AA 
Time:	09:30:45,576
Send:	220001
Receive: 62 00 01 02 8D 00 93 1D 9C 0B 0E 01 96 00 FB 00 00 03 22 01 03 80 C1 4C A1 86 7D 41 F3 12 8D 58 00 E6 05 1E 61 59 D8 2C 72 00 5A 08 81 00 2B 04 A2 FB 1F 7B 05 03 01 7D C8 78 D6 0C 3A 9B 00 07 16 15 13 AA AA 
Time:	09:30:45,982
Send:	220001
Receive: 62 00 01 02 8D 00 93 1E F2 0B 1B 01 9F 00 F3 00 00 03 07 01 09 80 2E 4C 22 8A BD 41 F3 12 8D B0 00 E6 05 1E 61 58 11 2C 72 00 5A 08 6A 00 2B 04 96 FA C6 7B 05 03 01 7D C8 78 D6 0C 3A 9B 00 06 EF 13 40 AA AA 
Time:	09:30:46,372
Send:	220001
Receive: 62 00 01 02 8D 00 93 1C B6 0B 2F 01 3D 00 D6 00 00 02 60 00 BF 80 B0 4C 61 86 9D 41 F3 12 8D 18 00 E6 04 1C 61 4B AF 2C 72 00 5A 08 8D 00 2B 04 A9 FB 55 7B 05 03 01 7D C8 78 D6 0C 3A 9B 00 05 7B 12 12 AA AA 
Time:	09:30:46,764
Send:	220001
Receive: 62 00 01 02 8D 00 93 1D 94 0B 2E 01 60 00 D6 00 00 02 7C 00 CF 80 2B 4C 1D 8A DD 41 F3 12 8C B7 00 E6 04 1C 61 49 ED 2C 72 00 5A 08 7D 00 2B 04 A0 FB 11 7B 05 03 01 7D C8 78 D6 0C 3A 9B 00 05 AE 11 58 AA AA 
Time:	09:30:47,177
Send:	220001
Receive: 62 00 01 02 8D 00 93 1A 94 0A 0D 01 5E 00 A6 00 00 02 53 00 AA 80 2F 4C 21 8E 3D 41 F3 12 8D 0F 00 E6 02 A1 61 3C A5 2C 72 00 5A 08 AD 00 2B 04 BA FB E2 7B 05 03 01 7D C8 78 D6 0C 3A 9B 00 05 43 11 BD AA AA 
Time:	09:30:47,592
Send:	220001
Receive: 62 00 01 02 8D 00 93 1A A2 0A 1D 01 42 00 A9 00 00 02 11 00 94 80 2D 4C 1F 90 9D 41 F3 12 8E 7F 00 E6 02 A1 61 3B C4 2C 72 00 5A 08 AE 00 2B 04 BB FB DA 7B 05 03 01 7D C8 78 D6 0C 3A 9B 00 04 D6 10 F6 AA AA 
Time:	09:30:48,022
Send:	220001
Receive: 62 00 01 02 8D 00 93 18 CC 09 08 01 65 00 9A 00 00 02 53 00 A4 80 46 4C 9D 93 1D 41 F3 12 8C F6 00 E6 02 A1 61 3C A5 2C 72 00 5A 08 BE 00 2B 04 C3 FC 2C 7B 05 03 01 7D C8 78 D6 0C 3A 9B 00 05 48 11 AD AA AA 
Time:	09:30:48,402
Send:	220001
Receive: 62 00 01 02 8D 00 93 16 38 08 F9 01 71 00 9F 00 00 02 7E 00 99 80 BF 4C AE 8E 1D 41 F3 12 8B 21 00 E6 02 D8 61 39 FD 2C 72 00 5A 08 BE 00 2B 04 C3 FD 59 7B 05 03 01 7D C8 78 D6 0C 3A 9B 00 05 D9 12 C4 AA AA 
Time:	09:30:48,797
Send:	220001
Receive: 62 00 01 02 8B 00 93 14 36 08 02 01 60 00 9C 00 00 02 6E 00 81 80 2E 4C 23 90 7D 41 F3 12 89 6A 00 E6 02 D8 61 36 74 2C 72 00 5A 08 BF 00 2B 04 C4 FF 42 7B 05 03 01 7D C8 78 D6 0C 3A 9B 00 05 9C 14 85 AA AA 
Time:	09:30:49,186
Send:	220001
Receive: 62 00 01 02 8C 00 93 12 B2 07 10 01 BE 00 9A 00 D1 02 E3 00 92 80 2A 4C 1E 92 3D 41 F3 12 87 D5 00 E6 02 65 61 39 FD 2C 72 00 5A 08 BF 00 2B 04 C4 FF D2 7B 05 03 01 7D C8 78 D6 0C 3A 9B 00 06 2E 16 58 AA AA 
Time:	09:30:49,573
Send:	220001
Receive: 62 00 01 02 8C 00 93 12 7C 06 16 01 FA 00 C9 09 C2 03 5D 00 B1 80 45 4C 94 93 DC 41 F3 12 86 2E 00 E6 02 65 61 44 9D 2C 72 00 5A 08 C0 00 2B 04 C4 00 00 7B 05 03 01 7C C8 78 D6 0C 3A 9B 00 07 EC 1A 66 AA AA 
Time:	09:30:49,982
Send:	220001
Receive: 62 00 01 02 8C 00 93 12 A8 07 15 02 73 00 F3 0E F5 04 48 00 EB 80 C3 4C AF 8D FD 41 F3 12 85 4F 00 E6 02 65 61 4D 76 2C 72 00 5A 08 C0 00 2B 04 C5 00 00 7B 05 03 01 7C C0 78 D6 0C 3A 9B 00 09 CD 1E 1D AA AA 
Time:	09:30:50,375
Send:	220001
Receive: 62 00 01 02 8D 00 93 13 86 07 09 02 B7 01 08 11 DC 04 E1 01 15 80 C5 4C B2 8A DD 41 F3 12 85 EC 00 E6 04 73 61 53 A7 2C 72 00 5A 08 C1 00 2B 04 C5 00 00 7B 05 03 01 7C C0 78 D6 0C 3A 9B 00 0B 34 20 B3 AA AA 
Time:	09:30:50,775
Send:	220001
Receive: 62 00 01 02 8D 00 94 14 8C 08 0C 02 A4 01 23 11 DC 04 FC 01 20 80 C8 4C B4 88 3D 41 F3 12 86 5A 00 E6 04 73 61 58 F7 2C 72 00 5A 08 C1 00 2B 04 C5 00 00 7B 05 03 01 7C C0 78 D6 0C 3A 9B 00 0B B5 21 3B AA AA 
Time:	09:30:51,165
Send:	220001
Receive: 62 00 01 02 8D 00 94 16 2C 08 0F 02 7E 01 21 11 DC 04 F0 01 39 80 C9 4C B3 84 BD 41 F3 12 89 13 00 E6 05 1E 61 5F 28 2C 72 00 5A 08 C1 00 2B 04 C5 00 00 7B 05 03 01 7C C0 78 D6 0C 3A 9B 00 0B 2B 1F 11 AA AA 
Time:	09:30:51,556
Send:	220001
Receive: 62 00 01 02 8D 00 94 17 82 09 15 02 43 01 1E 11 DC 04 B1 01 3E 80 C4 4C 9E 81 1D 41 F3 12 8A CC 00 E6 05 1E 61 65 59 2C 72 00 5A 08 C1 00 2B 04 C5 FC 9A 7B 05 03 01 7C C0 78 D6 0C 3A 9B 00 0A 99 1D A8 AA AA 
Time:	09:30:51,978
Send:	220001
Receive: 62 00 01 02 8D 00 94 18 A2 09 15 02 40 01 2B 11 DC 04 95 01 47 80 2D 4C 22 83 DD 41 F3 12 8B A1 00 E6 05 1E 61 6C 6B 2C 72 00 5A 08 C0 00 2B 04 C5 FC 9A 7B 05 03 01 7C C0 78 D6 0C 3A 9B 00 0A 87 1D 97 AA AA 
Time:	09:30:52,366
Send:	220001
Receive: 62 00 01 02 8D 00 94 19 84 09 13 02 57 01 3C 11 DC 04 A1 01 52 80 39 4C 70 87 9D 41 F3 12 8C 2C 00 E6 04 FA 61 70 DA 2C 72 00 5A 08 B5 00 2B 04 BE FC 9F 7B 05 03 01 7C C0 78 D6 0C 3A 9B 00 0A 7A 1D BF AA AA 
Time:	09:30:52,764
Send:	220001
Receive: 62 00 01 02 8D 00 94 1A 6A 0A 14 02 52 01 44 13 8A 04 99 01 59 80 36 4C 24 86 3D 41 F3 12 8C A9 00 E6 04 FA 61 73 82 2C 72 00 5A 08 AC 00 2B 04 B9 FC A2 7B 05 03 01 7C C0 78 D6 0C 3A 9B 00 0A 77 1E 39 AA AA 
Time:	09:30:53,154
Send:	220001
Receive: 62 00 01 02 8D 00 94 1B E8 0B 19 02 8D 01 7D 13 F0 04 C2 01 73 80 2B 4C 1F 8A 5D 41 F3 12 8D 70 00 E6 05 FE 61 7B 75 2C 72 00 5A 08 98 00 2B 04 AE FC AA 7B 05 03 01 7C C0 78 D6 0C 3A 9B 00 0B 18 1F 68 AA AA 
Time:	09:30:53,564
Send:	220001
Receive: 62 00 01 02 8D 00 94 1E 64 0B 29 02 8D 01 73 12 47 04 AD 01 8E 80 91 4C 9D 8E BD 41 F3 12 8F 64 00 E6 05 FE 61 7C 5B 2C 72 00 5A 08 74 00 2B 04 9B FC B8 7B 05 03 01 7C C0 78 D6 0C 3A 9B 00 0A 91 1C AC AA AA 
Time:	09:30:53,972
Send:	220001
Receive: 62 00 01 02 8D 00 94 20 92 0C 2A 02 64 01 5C 0E F5 04 9F 01 A9 80 C3 4C B6 86 DD 41 F3 12 91 4D 00 E6 05 FE 61 7C 5B 2C 72 00 5A 08 55 00 2B 04 8A FC C4 7B 05 03 01 7C C0 78 D6 0C 3A 9B 00 09 F0 19 AC AA AA 
Time:	09:30:54,362
Send:	220001
Receive: 62 00 01 02 8D 00 94 22 08 0D 2B 01 F7 01 44 0C E1 04 07 01 85 80 C9 4C B7 82 3D 41 F3 12 92 55 00 E6 05 F0 60 7F 03 2C 72 00 5A 08 41 00 2B 04 7F FC CC 7B 05 03 01 7C C0 78 D6 0C 3A 9B 00 09 35 17 D7 AA AA 
Time:	09:30:54,764
Send:	220001
Receive: 62 00 01 02 8D 00 94 22 DE 0D 2C 01 DE 01 48 0B A3 03 ED 01 88 80 CA 4C B6 7D BD 41 F3 12 92 7F 00 E6 05 F0 60 81 AB 2C 72 00 5A 08 36 00 2B 04 79 FC D0 7B 05 03 01 7C C0 78 D6 0C 3A 9B 00 09 07 17 8B AA AA 
Time:	09:30:55,154
Send:	220001
Receive: 62 00 01 02 8D 00 94 23 9C 0D 2C 01 C9 01 52 0A 61 03 E1 01 89 80 C7 4C AC 79 3D 41 F3 12 92 BE 00 E6 05 69 60 83 6D 2C 72 00 5A 08 2E 00 2B 04 75 FC D3 7B 05 03 01 7C C0 78 D6 0C 3A 9B 00 08 F0 17 77 AA AA 
Time:	09:30:55,563
Send:	220001
Receive: 62 00 01 02 8D 00 94 24 40 0E 2D 01 95 01 37 07 E1 03 96 01 74 80 9D 4C 2A 74 7D 41 F3 12 91 7B 00 E6 05 69 60 7A 94 2C 72 00 5A 08 26 00 2B 04 71 FC D6 7B 05 03 01 7C C0 78 D6 0C 3A 9B 00 08 25 15 D9 AA AA 
Time:	09:30:55,955
Send:	220001
Receive: 62 00 01 02 8D 00 95 24 AC 0E 2D 01 9F 01 37 07 E1 03 76 01 66 80 2D 4C 21 7A DD 41 F3 12 91 05 00 E6 05 69 60 79 B3 2C 72 00 5A 08 22 00 2B 04 6E FC D8 7B 05 03 01 7C C0 78 D6 0C 3A 9B 00 07 D7 15 49 AA AA 
Time:	09:30:56,359
Send:	220001
Receive: 62 00 01 02 8D 00 95 25 36 0E 2D 01 C0 01 57 09 23 03 95 01 77 80 30 4C 24 7F 7D 41 F3 12 92 11 00 E6 04 CC 60 81 AB 2C 72 00 5A 08 1B 00 2B 04 6A FC DA 7B 05 03 01 7C C0 78 D6 0C 3A 9B 00 08 3F 16 54 AA AA 
Time:	09:30:56,817
Send:	220001
Receive: 62 00 01 02 8D 00 95 26 4A 0E 2D 01 DB 01 75 09 F5 03 A4 01 88 80 48 4C 55 85 3D 41 F3 12 92 E3 00 E6 04 CC 60 88 BD 2C 72 00 5A 08 0D 00 2B 04 63 FC E0 7B 05 03 01 7C C0 78 D6 0C 3A 9B 00 08 62 17 47 AA AA 
Time:	09:30:57,202
Send:	220001
Receive: 62 00 01 02 8D 00 95 27 56 0F 2E 01 E9 01 91 09 F5 03 9B 01 91 80 2F 4C 22 8A 1D 41 F3 12 93 6C 00 E6 05 DD 60 8C 46 2C 72 00 5A 08 00 00 2B 04 5C FC E5 7B 05 03 01 7C C0 78 D6 0C 3A 9B 00 08 41 17 AB AA AA 
Time:	09:30:57,616
Send:	220001
Receive: 62 00 01 02 8D 00 95 28 A4 0F 2E 02 04 01 AA 0E 56 03 9F 01 9F 80 2E 4C 20 8F 1D 41 F3 12 94 4D 00 E6 05 DD 60 91 96 2C 72 00 5A 07 F1 00 2B 04 54 FC EB 7B 05 03 01 7C C0 78 D6 0C 3A 9B 00 08 3C 18 48 AA AA 
Time:	09:30:58,025
Send:	220001
Receive: 62 00 01 02 8D 00 95 2A CA 10 2B 03 1F 02 5A 1C E1 05 0C 02 64 80 2C 4C 1F 94 BC 41 F3 12 95 C3 00 E6 05 DD 60 CC DD 2C 72 00 5A 07 E0 00 2B 04 4A FC F2 7B 05 03 01 7C C0 78 D6 0C 3A 9B 00 0B BA 20 33 AA AA 
Time:	09:30:58,427
Send:	220001
Receive: NO DATA
Time:	09:30:58,710
Send:	220001
Receive: NO DATA
Time:	09:30:59,010
Send:	220001
Receive: NO DATA
Time:	09:30:59,306
Send:	220001
Receive: NO DATA
Time:	09:30:59,597
Send:	220001
Receive: NO DATA
Time:	09:30:59,892
Send:	220001
Receive: NO DATA
Time:	09:31:00,185
Send:	220001
Receive: NO DATA
Time:	09:31:00,480
Send:	220001
Receive: 62 00 01 02 8D 00 95 2C 60 14 26 03 9C 02 A5 23 BD 06 34 03 0C 78 30 4C 20 81 BD 41 F3 12 95 E9 00 E6 0D F5 5F 66 3A 2C 72 00 5A 07 DB 00 2B 04 48 FC F3 7B 45 03 05 7C C2 78 D6 0C 3A 9B 00 0E 0F 25 3D AA AA 
Time:	09:31:00,883
Send:	220001
Receive: 62 00 01 02 8D 00 95 26 CE 16 28 03 7B 02 10 1D 85 05 EA 02 71 77 B0 4C AB 84 9D 41 F3 12 94 5D 00 E6 0D F5 5E 68 01 2C 72 00 5A 08 09 00 2B 04 61 FC E1 7B 45 03 05 7C C2 78 D6 0C 3A 9B 00 0D 8C 21 EF AA AA 
Time:	09:31:01,282
Send:	220001
Receive: 62 00 01 02 8D 00 95 21 FC 17 24 03 CF 02 33 29 8F 06 DC 02 99 7A CD 4C BF 7E DD 41 F3 12 92 B4 00 E6 0A 55 5E 6E 32 2C 72 00 5A 08 38 00 2B 04 7A FC CF 7B 45 03 05 7C C2 78 D6 0C 3A 9B 00 0F 7F 25 68 AA AA 
Time:	09:31:01,682
Send:	220001
Receive: 62 00 01 02 8D 00 95 22 A8 18 22 03 CB 02 2B 2A D1 07 42 02 C4 7C D3 4C BE 78 BD 41 F3 12 92 DE 00 E6 0A 55 5E 74 63 2C 72 00 5A 08 33 00 2B 04 77 FC D1 7B 45 03 01 7C C2 78 D6 0C 3A 9B 00 10 99 27 8C AA AA 
Time:	09:31:02,072
Send:	220001
Receive: 62 00 01 02 8D 00 96 23 A4 19 24 03 55 02 03 25 D1 06 D4 02 AE 7D D1 4C BB 73 FD 41 F3 12 93 DC 00 E6 0A 55 5E 74 63 2C 72 00 5A 08 26 00 2B 04 70 FC D6 7B 45 03 01 7C C2 78 D6 0C 3A 9B 00 0E 8F 23 84 AA AA 
Time:	09:31:02,473
Send:	220001
Receive: NO DATA
Time:	09:31:02,760
Send:	220001
Receive: NO DATA
Time:	09:31:03,038
Send:	220001
Receive: NO DATA
Time:	09:31:03,328
Send:	220001
Receive: NO DATA
Time:	09:31:03,604
Send:	220001
Receive: NO DATA
Time:	09:31:03,891
Send:	220001
Receive: NO DATA
Time:	09:31:04,175
Send:	220001
Receive: NO DATA
Time:	09:31:04,460
Send:	220001
Receive: NO DATA
Time:	09:31:04,755
Send:	220001
Receive: 62 00 01 02 88 00 96 13 1C 0E 21 01 AD 00 8B 00 00 02 36 00 65 78 30 4C 19 7F FD 41 F3 12 87 2A 00 E6 01 FF 5E 17 07 2C 72 00 5A 08 B2 00 2B 04 ED FF 87 7B 45 03 07 2D E8 78 D6 0C 3A 9B 00 05 C5 15 73 AA AA 
Time:	09:31:05,173
Send:	220001
Receive: 62 00 01 02 87 00 96 11 A0 0B 04 03 02 00 D3 00 00 03 DB 00 B9 79 2C 4C 1F 7F FD 41 F3 12 84 15 00 E6 00 00 5E 17 07 2C 72 00 5A 08 B3 00 2B 05 57 01 41 7B 45 03 03 2D E8 78 D6 0C 3A 9B 00 09 11 1D 1E AA AA 
Time:	09:31:05,565
Send:	220001
Receive: 62 00 01 02 8C 00 96 11 DA 09 FE 02 2C 00 CC 00 00 03 EE 00 C6 77 BF 4C B5 7C FD 41 F3 12 84 66 00 E6 00 00 5E 17 25 2C 72 00 5A 08 B4 00 2B 05 58 00 ED 7B 45 03 03 3D E8 78 D6 0C 3A 9B 00 08 E3 1C C8 AA AA 
Time:	09:31:05,963
Send:	220001
Receive: 62 00 01 02 8C 00 96 10 F0 08 FD 02 2B 00 C7 00 00 03 FD 00 B4 77 C9 4C B1 7A 7D 41 F3 12 82 DD 00 E6 00 00 5F 17 61 2C 72 00 5A 08 B5 00 2B 04 8E FF 97 7B 45 03 03 7D E0 78 D6 0C 3A 9B 00 09 4E 1D 91 AA AA 
Time:	09:31:06,362
Send:	220001
Receive: 62 00 01 02 8C 00 96 0F 6A 07 02 02 32 00 B0 00 00 04 39 00 B1 7A CB 4C AE 77 FD 41 F3 12 82 3F 00 E6 02 DD 5F 17 7F 2C 72 00 5A 08 B6 00 2B 04 4D FF EB 7B 45 03 03 7D E0 78 D6 0C 3A 9B 00 09 A2 1E 7C AA AA 
Time:	09:31:06,763
Send:	220001
Receive: 62 00 01 02 8C 00 96 0E B4 06 06 02 18 00 A9 00 00 04 28 00 A9 7C C9 4C AD 75 7D 41 F3 12 82 09 00 E6 02 DD 5F 17 7F 2C 72 00 5A 08 B7 00 2B 04 45 00 00 7B 45 03 03 7D E0 78 D6 0C 3A 9B 00 09 7C 1E 4E AA AA 
Time:	09:31:07,152
Send:	220001
Receive: 62 00 01 02 8C 00 96 0E 98 05 01 02 05 00 A9 00 00 04 24 00 AA 7E C4 4C 9F 73 1D 41 F3 12 81 FD 00 E6 02 79 5F 17 7F 2C 72 00 5A 08 B8 00 2B 04 46 01 FA 7B 45 03 03 7D E0 78 D6 0C 3A 9B 00 09 76 1E 33 AA AA 
Time:	09:31:07,542
Send:	220001
Receive: 62 00 01 02 8C 00 96 0E 82 03 04 02 02 00 A9 00 00 04 2A 00 A9 7F B6 4C 7E 70 BD 41 F3 12 82 0D 00 E6 02 79 5F 17 7F 2C 72 00 5A 08 B8 00 2B 04 46 02 05 7B 45 03 03 7D E0 78 D6 0C 3A 9B 00 09 7C 1E 81 AA AA 
Time:	09:31:07,948
Send:	220001
Receive: 62 00 01 02 8C 00 96 0E 20 02 0A 02 04 00 A4 00 00 04 26 00 A5 80 35 4C 24 74 3D 41 F3 12 82 05 00 E6 02 79 60 18 60 2C 72 00 5A 08 B9 00 2B 04 4C 00 00 7B 45 03 03 7D E0 78 D6 0C 3A 9B 00 09 9A 1E B5 AA AA 
Time:	09:31:08,327
Send:	220001
Receive: 62 00 01 02 8C 00 97 0E 1C 01 06 02 14 00 A6 00 00 04 34 00 A6 80 30 4C 25 76 9D 41 F3 12 82 2E 00 E6 02 41 60 18 60 2C 72 00 50 08 B9 00 2B 04 54 00 00 7B 45 03 03 7D E0 78 D6 0C 3A 9B 00 09 A7 1E D4 AA AA 
Time:	09:31:08,744
Send:	220001
Receive: 62 00 01 02 8C 00 97 0D EE 00 03 02 51 00 B3 00 00 04 80 00 AE 80 35 4C 29 78 FD 41 F3 12 83 0B 00 E6 02 41 60 18 60 2C 72 00 5A 08 BA 00 2B 04 5F 00 00 7B 45 03 07 7D E0 78 D6 0C 3A 9B 00 0A 55 20 9B AA AA 
Time:	09:31:09,135
Send:	220001

Fixed toLineMF: 03E 62 00 01 02 8D 00 97 0E 24 00 FE 02 3E 00 AE 00 00 04 75 00 B2 80 A1 4C 9B 77 5D 41 F3 12 82 EA 00 E6 02 CB 60 18 60 2C 72 55 00 00 7B 45 03 05 7D C0 78 D6 0C 3A 9B 00 0A 27 20 05 AA AA 
Receive: 62 00 01 02 8D 00 97 0E 24 00 FE 02 3E 00 AE 00 00 04 75 00 B2 80 A1 4C 9B 77 5D 41 F3 12 82 EA 00 E6 02 CB 60 18 60 2C 72 55 00 00 7B 45 03 05 7D C0 78 D6 0C 3A 9B 00 0A 27 20 05 AA AA 

Fixed toLineMF: 03E 62 00 01 02 8D 00 97 0E 24 00 FE 02 3E 00 AE 00 00 04 75 00 B2 80 A1 4C 9B 77 5D 41 F3 12 82 EA 00 E6 02 CB 60 18 60 2C 72 55 00 00 7B 45 03 05 7D C0 78 D6 0C 3A 9B 00 0A 27 20 05 AA AA 
Time:	09:31:09,515
Send:	220001
Receive: 62 00 01 02 8D 00 97 0D FA 00 09 02 26 00 AE 00 00 04 6A 00 AD 80 BA 4C A6 74 DD 41 F3 12 82 CC 00 E6 02 CB 60 19 41 2C 72 00 5A 08 BB 00 2B 04 58 00 00 7B 45 03 05 7D C0 78 D6 0C 3A 9B 00 0A 2D 20 1C AA AA 
Time:	09:31:09,904
Send:	220001

Fixed toLineMF: 03E 62 00 01 02 8D 00 97 0E 52 00 F7 04 94 01 B8 15 33 07 A7 01 34 80 3C 4C 24 76 DD 41 F3 12 86 8A 00 E6 02 CB 60 1E 91 2C 72 00 82 08 BB 00 2B 04 58 03 0D 7B 45 03 05 7C C2 78 D6 0C 3A 9B 
Receive: 62 00 01 02 8D 00 97 0E 52 00 F7 04 94 01 B8 15 33 07 A7 01 34 80 3C 4C 24 76 DD 41 F3 12 86 8A 00 E6 02 CB 60 1E 91 2C 72 00 82 08 BB 00 2B 04 58 03 0D 7B 45 03 05 7C C2 78 D6 0C 3A 9B 

Fixed toLineMF: 03E 62 00 01 02 8D 00 97 0E 52 00 F7 04 94 01 B8 15 33 07 A7 01 34 80 3C 4C 24 76 DD 41 F3 12 86 8A 00 E6 02 CB 60 1E 91 2C 72 00 82 08 BB 00 2B 04 58 03 0D 7B 45 03 05 7C C2 78 D6 0C 3A 9B 
Time:	09:31:10,285
Send:	220001
Receive: 62 00 01 02 8D 00 97 12 1C 01 FA 04 B0 02 24 04 FA 09 07 01 ED 80 C3 4C B5 72 5D 41 F3 12 8A 32 00 E6 06 66 60 2E 7C 2C 72 00 8C 08 BC 00 2B 04 58 03 5E 7B 45 03 05 7C C2 78 D6 0C 3A 9B 00 15 01 37 0A AA AA 
Time:	09:31:10,718
Send:	220001
Receive: 62 00 01 02 8D 00 97 15 3C 02 04 01 D8 00 AE 00 00 04 99 01 1D 80 BD 4C 7E 6E 7D 41 F3 12 87 02 00 E6 06 66 60 1C CA 2C 72 00 64 08 BC 00 2B 04 D0 FE 36 7B 45 03 05 7D C0 78 D6 0C 3A 9B 00 0A 26 1D 95 AA AA 
Time:	09:31:11,104
Send:	220001

Fixed toLineMF: 03E 62 00 01 02 8C 00 97 13 7C 02 F7 01 66 00 AB 00 00 03 5D 00 B3 80 28 4C 1A 72 3D 41 F3 12 86 29 00 E6 00 5A 08 BB 00 2B 04 FB FE 92 7B 45 03 05 7D C0 78 D6 0C 3A 9B 00 07 A3 19 E8 AA AA 
Receive: 62 00 01 02 8C 00 97 13 7C 02 F7 01 66 00 AB 00 00 03 5D 00 B3 80 28 4C 1A 72 3D 41 F3 12 86 29 00 E6 00 5A 08 BB 00 2B 04 FB FE 92 7B 45 03 05 7D C0 78 D6 0C 3A 9B 00 07 A3 19 E8 AA AA 

Fixed toLineMF: 03E 62 00 01 02 8C 00 97 13 7C 02 F7 01 66 00 AB 00 00 03 5D 00 B3 80 28 4C 1A 72 3D 41 F3 12 86 29 00 E6 00 5A 08 BB 00 2B 04 FB FE 92 7B 45 03 05 7D C0 78 D6 0C 3A 9B 00 07 A3 19 E8 AA AA 
Time:	09:31:11,490
Send:	220001
Receive: 62 00 01 02 8A 00 97 10 E2 02 1C 01 A5 00 B3 00 00 03 84 00 9A 80 28 4C 1A 74 5D 41 F3 12 85 53 00 E6 02 22 60 1C CA 2C 72 00 5A 08 BA 00 2B 05 23 FF AF 7B 45 03 05 7D C0 78 D6 0C 3A 9B 00 08 38 1B 53 AA AA 
Time:	09:31:11,882
Send:	220001
Receive: 62 00 01 02 8C 00 97 0F CC 02 0A 01 E5 00 B8 00 00 03 EB 00 A6 80 2A 4C 1E 76 9D 41 F3 12 82 EA 00 E6 02 22 60 1C CA 2C 72 00 5A 08 BA 00 2B 05 38 FF D8 7B 45 03 05 7D C0 78 D6 0C 3A 9B 00 09 02 1D 11 AA AA 
Time:	09:31:12,278
Send:	220001
Receive: 62 00 01 02 8C 00 97 10 00 02 04 03 C4 01 A7 1E C2 07 EF 01 8E 80 2B 4C 20 79 5D 41 F3 12 86 25 00 E6 02 8F 60 1E 91 2C 72 00 78 08 BA 00 2B 05 43 00 56 7B 45 03 05 7C C2 78 D6 0C 3A 9B 00 11 00 2F EE AA AA 
Time:	09:31:12,673
Send:	220001
Receive: 62 00 01 02 8D 00 97 19 F8 02 03 03 FA 02 47 1C E1 07 EA 02 7B 80 C2 4C B4 73 9D 41 F3 12 8E D3 00 E6 02 8F 60 29 31 2C 72 00 96 08 98 00 2B 05 2F FE 7D 7B 45 03 05 7C C2 78 D6 0C 3A 9B 00 12 CB 30 AC AA AA 
Time:	09:31:13,082
Send:	220001

Fixed toLineMF: 03E 62 00 01 02 8D 00 01 B8 1B 70 05 87 01 AF 80 2C 4C 20 78 FD 41 F3 12 8D 75 00 E6 06 CC 60 22 1A 2C 72 00 96 08 91 00 2B 05 2A FE 67 7B 45 03 05 7C C2 78 D6 0C 3A 9B 00 0C B1 24 6E AA AA 
Receive: 62 00 01 02 8D 00 01 B8 1B 70 05 87 01 AF 80 2C 4C 20 78 FD 41 F3 12 8D 75 00 E6 06 CC 60 22 1A 2C 72 00 96 08 91 00 2B 05 2A FE 67 7B 45 03 05 7C C2 78 D6 0C 3A 9B 00 0C B1 24 6E AA AA 

Fixed toLineMF: 03E 62 00 01 02 8D 00 01 B8 1B 70 05 87 01 AF 80 2C 4C 20 78 FD 41 F3 12 8D 75 00 E6 06 CC 60 22 1A 2C 72 00 96 08 91 00 2B 05 2A FE 67 7B 45 03 05 7C C2 78 D6 0C 3A 9B 00 0C B1 24 6E AA AA 
Time:	09:31:13,481
Send:	220001
Receive: 62 00 01 02 8B 00 98 19 64 06 06 03 E6 01 E8 1C 0F 07 1F 01 F3 80 AA 4C A4 79 BD 41 F3 12 8C 0F 00 E6 06 CC 60 25 A3 2C 72 00 96 08 B8 00 2B 05 42 FF 4E 7B 45 03 05 7C C2 78 D6 0C 3A 9B 00 10 4F 2A E2 AA AA 
Time:	09:31:13,882
Send:	220001
Receive: 62 00 01 02 87 00 98 17 E8 08 07 03 DF 01 DB 1B 05 07 57 01 EB 80 C1 4C B0 75 3D 41 F3 12 8C 27 00 E6 06 CC 5F 28 4B 2C 72 00 96 08 B9 00 2B 05 42 00 00 7B 45 03 05 7C C2 78 D6 0C 3A 9B 00 10 C2 2C 02 AA AA 
Time:	09:31:14,282
Send:	220001
Receive: 62 00 01 02 8C 00 98 19 B0 09 0C 02 F6 01 B1 1C 42 06 4D 01 D4 80 B6 4C 99 70 7D 41 F3 12 8C 7D 00 E6 07 68 5F 27 6A 2C 72 00 96 08 A6 00 2B 05 37 FE E1 7B 45 03 05 7C C2 78 D6 0C 3A 9B 00 0E 89 28 29 AA AA 
Time:	09:31:14,674
Send:	220001
Receive: NO DATA
Time:	09:31:14,949
Send:	220001
Receive: NO DATA
Time:	09:31:15,250
Send:	220001
Receive: NO DATA
Time:	09:31:15,534
Send:	220001
Receive: NO DATA
Time:	09:31:15,825
Send:	220001
Receive: NO DATA
Time:	09:31:16,107
Send:	220001
Receive: NO DATA
Time:	09:31:16,400
Send:	220001
Receive: NO DATA
Time:	09:31:16,700
Send:	220001
Receive: 62 00 01 02 8D 00 98 31 2A 12 21 04 8F 03 3B 16 A8 08 2C 04 7E 80 31 4C 25 7C 1D 41 F3 12 92 21 00 E6 0B 0C 5E 35 93 2C 72 00 96 07 D9 00 2B 04 BC FC F4 7B 45 03 01 7C C2 78 D6 0C 3A 9B 00 13 45 2C 50 AA AA 
Time:	09:31:17,136
Send:	220001

Fixed toLineMF: 03E 62 00 01 02 8D 00 98 30 AA 14 13 01 02 01 44 00 00 02 63 01 43 80 BF 4C AF 75 3D 41 F3 12 95 3A 00 E6 04 FA 5D 2F 62 2C 72 BB FA 39 7B 45 03 05 7D C8 78 D6 0C 3A 9B 00 04 EA 10 B1 AA AA 
Receive: 62 00 01 02 8D 00 98 30 AA 14 13 01 02 01 44 00 00 02 63 01 43 80 BF 4C AF 75 3D 41 F3 12 95 3A 00 E6 04 FA 5D 2F 62 2C 72 BB FA 39 7B 45 03 05 7D C8 78 D6 0C 3A 9B 00 04 EA 10 B1 AA AA 

Fixed toLineMF: 03E 62 00 01 02 8D 00 98 30 AA 14 13 01 02 01 44 00 00 02 63 01 43 80 BF 4C AF 75 3D 41 F3 12 95 3A 00 E6 04 FA 5D 2F 62 2C 72 BB FA 39 7B 45 03 05 7D C8 78 D6 0C 3A 9B 00 04 EA 10 B1 AA AA 
Time:	09:31:17,556
Send:	220001
Receive: 62 00 01 02 8D 00 98 2A B4 13 34 01 10 01 1E 00 00 01 FE 00 E6 80 2F 4C 19 7A 1D 41 F3 12 94 DE 00 E6 04 FA 5D 32 EB 2C 72 00 5A 07 D6 00 2B 04 BA FA 4B 7B 45 03 05 7D C8 78 D6 0C 3A 9B 00 04 D3 10 3B AA AA 
Time:	09:31:17,967
Send:	220001

Fixed toLineMF: 03E 62 00 01 02 8D 00 02 CD 28 1E 06 C4 03 10 80 B0 4C A4 7B 5D 41 F3 12 96 AA 00 E6 04 FA 5D 38 3B 2C 72 00 5A 07 E1 00 2B 04 C0 FC F1 7B 45 03 05 7C C2 78 D6 0C 3A 9B 00 0F DB 29 40 AA AA 
Receive: 62 00 01 02 8D 00 02 CD 28 1E 06 C4 03 10 80 B0 4C A4 7B 5D 41 F3 12 96 AA 00 E6 04 FA 5D 38 3B 2C 72 00 5A 07 E1 00 2B 04 C0 FC F1 7B 45 03 05 7C C2 78 D6 0C 3A 9B 00 0F DB 29 40 AA AA 

Fixed toLineMF: 03E 62 00 01 02 8D 00 02 CD 28 1E 06 C4 03 10 80 B0 4C A4 7B 5D 41 F3 12 96 AA 00 E6 04 FA 5D 38 3B 2C 72 00 5A 07 E1 00 2B 04 C0 FC F1 7B 45 03 05 7C C2 78 D6 0C 3A 9B 00 0F DB 29 40 AA AA 
Time:	09:31:18,345
Send:	220001
Receive: 62 00 01 02 8D 00 99 25 1E 15 20 04 F3 02 D0 30 A3 08 7C 03 66 80 BD 4C B4 78 FD 41 F3 12 92 D3 00 E6 0D 60 5D 41 14 2C 72 00 5A 08 15 00 2B 04 E0 FC DD 7B 45 03 05 7C C2 78 D6 0C 3A 9B 00 14 2A 2E 7F AA AA 
Time:	09:31:18,732
Send:	220001
Receive: 62 00 01 02 8D 00 99 20 BA 16 1F 04 12 02 5A 30 A3 07 F9 02 D3 80 CE 4C BC 72 7D 41 F3 12 91 0F 00 E6 0D 60 5D 3F 4D 2C 72 00 5A 08 4D 00 2B 05 02 FC C7 7B 45 03 05 7C C2 78 D6 0C 3A 9B 00 12 59 2B 58 AA AA 
Time:	09:31:19,113
Send:	220001
Receive: 62 00 01 02 8D 00 99 22 78 18 21 03 ED 02 82 34 94 07 DE 03 04 80 D0 4C B8 6C 3D 41 F3 12 93 03 00 E6 0A D4 5D 3F 4D 2C 72 00 5A 08 2D 00 2B 04 EE FC D3 7B 45 03 05 7C C2 78 D6 0C 3A 9B 00 12 4B 2B 1C AA AA 
Time:	09:31:19,504
Send:	220001
Receive: 62 00 01 02 8D 00 99 24 1A 19 21 03 E0 02 9B 34 CC 08 1A 03 37 80 CE 4C B2 65 9D 41 F3 12 93 CC 00 E6 0A D4 5D 42 D6 2C 72 00 5A 08 19 00 2B 04 E2 FC DB 7B 45 03 01 7C C2 78 D6 0C 3A 9B 00 12 8B 2C 34 AA AA 
Time:	09:31:19,912
Send:	220001
Receive: NO DATA
Time:	09:31:20,188
Send:	220001
Receive: NO DATA
Time:	09:31:20,470
Send:	220001
Receive: NO DATA
Time:	09:31:20,753
Send:	220001
Receive: NO DATA
Time:	09:31:21,066
Send:	220001
Receive: NO DATA
Time:	09:31:21,362
Send:	220001
Receive: NO DATA
Time:	09:31:21,675
Send:	220001
Receive: NO DATA
Time:	09:31:21,965
Send:	220001
Receive: 62 00 01 02 8D 00 99 29 5C 1D 30 01 9B 01 75 00 00 02 FC 01 5E 80 32 4C 1E 82 1D 41 F3 12 94 93 00 E6 06 66 5C 48 26 2C 72 00 5A 07 DA 00 2B 04 BC FA 52 7B 45 03 01 7D C8 78 D6 0C 3A 9B 00 06 A3 14 DC AA AA 
Time:	09:31:22,378
Send:	220001
Receive: 62 00 01 02 8D 00 99 28 0E 1C 14 01 62 01 2D 00 00 02 81 01 1B 80 32 4C 1D 87 7D 41 F3 12 93 8C 00 E6 04 A6 5C 4D 76 2C 72 00 5A 07 EB 00 2B 04 C6 FA 5A 7B 45 03 01 7D C8 78 D6 0C 3A 9B 00 05 C3 12 5A AA AA 
Time:	09:31:22,782
Send:	220001
Receive: 62 00 01 02 8D 00 99 28 B2 1C 33 01 4E 01 19 00 00 02 44 01 02 80 33 4C 1F 8A 7D 41 F3 12 93 E2 00 E6 04 A6 5C 51 E0 2C 72 00 5A 07 E4 00 2B 04 C2 FA 55 7B 45 03 01 7D C8 78 D6 0C 3A 9B 00 05 16 10 60 AA AA 
Time:	09:31:23,197
Send:	220001
Receive: 62 00 01 02 8D 00 99 27 D0 1C 34 01 12 00 D6 00 00 01 CD 00 CB 80 39 4C 76 8F 3D 41 F3 12 93 82 00 E6 03 7C 5C 50 FF 2C 72 00 5A 07 EB 00 2B 04 C7 FA 59 7B 45 03 01 7D C8 78 D6 0C 3A 9B 00 04 1A 0D FC AA AA 
Time:	09:31:23,592
Send:	220001
Receive: 62 00 01 02 8D 00 9A 26 84 1B 07 01 2C 00 D8 00 00 01 F8 00 D3 80 33 4C 1F 8E DD 41 F3 12 91 FD 00 E6 03 7C 5C 4E 57 2C 72 00 5A 07 FE 00 2B 04 D2 FA 60 7B 45 03 01 7D C8 78 D6 0C 3A 9B 00 04 7F 0E 36 AA AA 
Time:	09:31:24,001
Send:	220001
Receive: 62 00 01 02 8D 00 9A 25 5C 1A F9 01 50 00 D6 00 00 02 21 00 DD 80 35 4C 29 92 3D 41 F3 12 91 0A 00 E6 03 7C 5C 4B AF 2C 72 00 5A 08 0F 00 2B 04 DC FA 63 7B 45 03 01 7D C8 78 D6 0C 3A 9B 00 04 E4 0E B4 AA AA 
Time:	09:31:24,402
Send:	220001
Receive: 62 00 01 02 8D 00 9A 24 3A 19 ED 00 00 00 D1 00 00 02 37 00 E1 80 31 4C 1E 7F FD 41 F3 12 90 70 00 E6 03 BB 5D 00 00 2C 72 00 5A 08 1B 00 2B 04 E3 FA 67 7B 45 03 01 29 C9 78 D6 0C 3A 9B 00 05 15 0F 07 AA AA 
Time:	09:31:24,812
Send:	220001
Receive: 62 00 01 02 8D 00 9A 22 E6 18 ED 00 00 00 C7 00 00 02 3A 00 D8 80 2A 4C 16 7F FD 41 F3 12 8F BA 00 E6 03 BB 5D 00 00 2C 72 00 5A 08 2D 00 2B 04 EE FA 6C 7B 45 03 01 29 C9 78 D6 0C 3A 9B 00 05 1F 0E F3 AA AA 
Time:	09:31:25,261
Send:	220001
Receive: 62 00 01 02 8D 00 9A 21 AC 17 ED 00 00 00 BA 00 00 02 39 00 D2 80 29 4C 15 7F FD 41 F3 12 8F 5F 00 E6 00 00 5D 00 00 2C 72 00 5A 08 3D 00 2B 04 F8 FA 74 7B 45 03 01 29 C9 78 D6 0C 3A 9B 00 04 FC 0E A3 AA AA 
Time:	09:31:25,652
Send:	220001

Fixed toLineMF: 03E 62 00 01 02 8D 00 9A 20 5C 16 ED 00 00 BE 80 2C 4C 14 7F FD 41 F3 12 8F 3C 00 E6 00 00 5D 00 00 2C 72 00 5A 08 4F 00 2B 05 03 FA 91 7B 45 03 01 29 C9 78 D6 0C 3A 9B 00 04 C7 0E 52 AA AA 
Receive: 62 00 01 02 8D 00 9A 20 5C 16 ED 00 00 BE 80 2C 4C 14 7F FD 41 F3 12 8F 3C 00 E6 00 00 5D 00 00 2C 72 00 5A 08 4F 00 2B 05 03 FA 91 7B 45 03 01 29 C9 78 D6 0C 3A 9B 00 04 C7 0E 52 AA AA 

Fixed toLineMF: 03E 62 00 01 02 8D 00 9A 20 5C 16 ED 00 00 BE 80 2C 4C 14 7F FD 41 F3 12 8F 3C 00 E6 00 00 5D 00 00 2C 72 00 5A 08 4F 00 2B 05 03 FA 91 7B 45 03 01 29 C9 78 D6 0C 3A 9B 00 04 C7 0E 52 AA AA 
Time:	09:31:26,044
Send:	220001
Receive: 62 00 01 02 8D 00 9A 1F 2C 16 EE 00 00 00 A6 00 00 02 07 00 B0 80 29 4C 14 7F FD 41 F3 12 8F 32 00 E6 00 00 5E 00 00 2C 72 00 5A 08 5F 00 2B 05 0D FA D2 7B 45 03 01 29 C9 78 D6 0C 3A 9B 00 04 8B 0E 31 AA AA 
Time:	09:31:26,435
Send:	220001
Receive: 62 00 01 02 8D 00 9A 1D F0 15 EF 00 00 00 A9 00 00 01 E8 00 A0 80 2A 4C 14 7F FD 41 F3 12 8E F6 00 E6 00 00 5E 00 00 2C 72 00 5A 08 70 00 2B 05 17 FB 13 7B 45 03 01 29 C9 78 D6 0C 3A 9B 00 04 5A 0E 94 AA AA 
Time:	09:31:26,822
Send:	220001
Receive: 62 00 01 02 8D 00 9A 1C CA 14 EF 00 00 00 A6 00 00 01 D5 00 94 80 2A 4C 14 7F FD 41 F3 12 8E D3 00 E6 00 00 5E 00 00 2C 72 00 5A 08 82 00 2B 05 21 FB 50 7B 45 03 01 29 C9 78 D6 0C 3A 9B 00 04 25 0F 46 AA AA 
Time:	09:31:27,223
Send:	220001
Receive: 62 00 01 02 8D 00 9A 1B 88 13 F1 01 6E 00 A6 0F 94 01 F8 00 99 78 2B 4C 14 7F FD 41 F3 12 8E C4 00 E6 00 00 5E 17 07 2C 72 00 5A 08 93 00 2B 05 2C FC AC 7B 45 03 01 2C C8 78 D6 0C 3A 9B 00 04 6A 0F E0 AA AA 
Time:	09:31:27,606
Send:	220001
Receive: NO DATA
Time:	09:31:27,898
Send:	220001
Receive: NO DATA
Time:	09:31:28,174
Send:	220001
Receive: NO DATA
Time:	09:31:28,471
Send:	220001
Receive: NO DATA
Time:	09:31:28,760
Send:	220001
Receive: NO DATA
Time:	09:31:29,067
Send:	220001
Receive: NO DATA
Time:	09:31:29,372
Send:	220001
Receive: NO DATA
Time:	09:31:29,651
Send:	220001
Receive: 62 00 01 02 8D 00 9B 19 8E 12 2B 01 97 00 D6 04 8F 03 25 00 E4 80 48 4C 22 75 FD 41 F3 12 8B 80 00 E6 03 E9 5F 1E 91 2C 72 00 5A 08 B2 00 2B 05 3F FC A0 7B 45 03 01 7C C8 78 D6 0C 3A 9B 00 06 DB 15 71 AA AA 
Time:	09:31:30,053
Send:	220001
Receive: 62 00 01 02 8D 00 9B 19 14 12 29 01 8A 00 CC 04 8F 02 F5 00 CB 80 34 4C 23 78 BD 41 F3 12 8A C3 00 E6 03 E9 5F 20 58 2C 72 00 5A 08 B7 00 2B 05 41 FC 9E 7B 45 03 01 7C C8 78 D6 0C 3A 9B 00 06 BA 14 E8 AA AA 
Time:	09:31:30,452
Send:	220001

Fixed toLineMF: 03E 62 00 01 02 8D 00 00 C4 03 19 02 BE 00 C3 80 39 4C 29 7B 5D 41 F3 12 8A A7 00 E6 03 33 5F 22 FB 2C 72 00 5A 08 B2 00 2B 05 3E FC A0 7B 45 03 01 7C C8 78 D6 0C 3A 9B 00 06 5E 14 20 AA AA 
Receive: 62 00 01 02 8D 00 00 C4 03 19 02 BE 00 C3 80 39 4C 29 7B 5D 41 F3 12 8A A7 00 E6 03 33 5F 22 FB 2C 72 00 5A 08 B2 00 2B 05 3E FC A0 7B 45 03 01 7C C8 78 D6 0C 3A 9B 00 06 5E 14 20 AA AA 

Fixed toLineMF: 03E 62 00 01 02 8D 00 00 C4 03 19 02 BE 00 C3 80 39 4C 29 7B 5D 41 F3 12 8A A7 00 E6 03 33 5F 22 FB 2C 72 00 5A 08 B2 00 2B 05 3E FC A0 7B 45 03 01 7C C8 78 D6 0C 3A 9B 00 06 5E 14 20 AA AA 
Time:	09:31:30,845
Send:	220001

Fixed toLineMF: 037 62 00 01 02 8D 00 00 A9 00 00 02 79 00 AF 80 3B 4C 2F 7D BD 41 F3 12 8C 19 00 E6 03 33 5F 25 A3 2C 72 00 5A 08 B3 00 2B 05 3F FC 20 7B 45 03 01 7D C8 78 D6 0C 3A 9B 
Receive: 62 00 01 02 8D 00 00 A9 00 00 02 79 00 AF 80 3B 4C 2F 7D BD 41 F3 12 8C 19 00 E6 03 33 5F 25 A3 2C 72 00 5A 08 B3 00 2B 05 3F FC 20 7B 45 03 01 7D C8 78 D6 0C 3A 9B 

Fixed toLineMF: 037 62 00 01 02 8D 00 00 A9 00 00 02 79 00 AF 80 3B 4C 2F 7D BD 41 F3 12 8C 19 00 E6 03 33 5F 25 A3 2C 72 00 5A 08 B3 00 2B 05 3F FC 20 7B 45 03 01 7D C8 78 D6 0C 3A 9B 
Time:	09:31:31,217
Send:	220001
Receive: 62 00 01 02 8D 00 9B 17 C2 10 0A 01 41 00 9F 00 00 02 68 00 A3 80 A3 4C 8F 7C 3D 41 F3 12 8C 5C 00 E6 02 5A 5F 2A 12 2C 72 00 5A 08 B7 00 2B 05 41 FC 86 7B 45 03 01 7D C8 78 D6 0C 3A 9B 00 05 76 12 1D AA AA 
Time:	09:31:31,603
Send:	220001
Receive: 62 00 01 02 8D 00 9B 17 2A 10 08 01 44 00 9C 00 00 02 69 00 9D 80 30 4C 21 7D FD 41 F3 12 8C 14 00 E6 02 5A 5F 2E 7C 2C 72 00 5A 08 B7 00 2B 05 41 FC BC 7B 45 03 01 7D C8 78 D6 0C 3A 9B 00 05 87 12 31 AA AA 
Time:	09:31:32,014
Send:	220001
Receive: 62 00 01 02 8D 00 9B 16 7E 0F 1A 01 85 00 CC 24 28 02 D3 00 B2 80 2C 4C 1D 7F FD 41 F3 12 8A 1F 00 E6 02 5A 5F 34 AD 2C 72 00 5A 08 B7 00 2B 05 41 FC FD 7B 45 03 01 7C C8 78 D6 0C 3A 9B 00 06 52 14 01 AA AA 
Time:	09:31:32,428
Send:	220001
Receive: 62 00 01 02 8C 00 9B 15 DE 0F 0F 02 F5 01 61 27 14 04 E4 01 30 80 34 4C 28 82 BD 41 F3 12 88 78 00 E6 02 E1 5F 39 1C 2C 72 00 5A 08 B8 00 2B 05 42 FD 59 7B 45 03 01 7C C8 78 D6 0C 3A 9B 00 0B CB 20 B8 AA AA 
Time:	09:31:32,834
Send:	220001
Receive: 62 00 01 02 8D 00 9B 16 AA 0F 18 04 23 01 DB 27 B3 07 3E 01 D7 80 C7 4C B6 7D BD 41 F3 12 8B 8E 00 E6 02 E1 5F 43 BC 2C 72 00 5A 08 B8 00 2B 05 42 FC D4 7B 45 03 01 7C C2 78 D6 0C 3A 9B 00 10 A8 2B CE AA AA 
Time:	09:31:33,224
Send:	220001
Receive: 62 00 01 02 8C 00 9B 17 B8 10 1F 03 7A 01 8C 23 F5 06 C3 01 CA 80 CA 4C B3 79 3D 41 F3 12 8A BE 00 E6 07 5C 5F 43 BC 2C 72 00 5A 08 B8 00 2B 05 42 FC 9D 7B 45 03 01 7C C2 78 D6 0C 3A 9B 00 0E EE 27 EB AA AA 
Time:	09:31:33,622
Send:	220001
Receive: 62 00 01 02 8D 00 9B 18 D8 11 24 02 CE 01 6E 21 42 05 D0 01 95 80 BE 4C A0 74 DD 41 F3 12 8B 3D 00 E6 07 5C 5F 42 D6 2C 72 00 5A 08 B8 00 2B 05 42 FC 9E 7B 45 03 01 7C C2 78 D6 0C 3A 9B 00 0D 41 24 43 AA AA 
Time:	09:31:34,022
Send:	220001
Receive: 62 00 01 02 8D 00 9B 19 DC 12 25 02 A5 01 78 21 42 05 8B 01 9B 80 3A 4C 24 75 FD 41 F3 12 8C 6F 00 E6 07 5C 5F 45 7E 2C 72 00 5A 08 A7 00 2B 05 38 FC A4 7B 45 03 01 7C C2 78 D6 0C 3A 9B 00 0C A8 23 6A AA AA 
Time:	09:31:34,422
Send:	220001
Receive: 62 00 01 02 8D 00 9B 1A 8A 12 25 02 D2 01 93 21 42 05 99 01 A0 80 31 4C 23 7A 9D 41 F3 12 8C 9A 00 E6 06 05 5F 49 07 2C 72 00 5A 08 A1 00 2B 05 34 FC A6 7B 45 03 01 7C C2 78 D6 0C 3A 9B 00 0C C2 23 FA AA AA 
Time:	09:31:34,822
Send:	220001
Receive: 62 00 01 02 8D 00 9B 1B 86 13 27 02 A8 01 82 1C AD 05 3B 01 98 80 31 4C 23 7E FD 41 F3 12 8D 7A 00 E6 06 05 5F 4B AF 2C 72 00 5A 08 91 00 2B 05 2B FC AD 7B 45 03 01 7C C2 78 D6 0C 3A 9B 00 0B C5 21 C5 AA AA 
Time:	09:31:35,212
Send:	220001
Receive: 62 00 01 02 8D 00 9B 1C 74 14 28 02 BC 01 9B 1C 42 05 1F 01 A0 80 2F 4C 21 83 5D 41 F3 12 8E 52 00 E6 05 FE 5E 4F 38 2C 72 00 5A 08 82 00 2B 05 22 FC B2 7B 45 03 01 7C C2 78 D6 0C 3A 9B 00 0B C4 20 E9 AA AA 
Time:	09:31:35,612
Send:	220001

Fixed toLineMF: 03E 62 00 01 02 8D 00 9B 1D 70 14 29 02 91 01 7D 17 47 04 C0 01 41 F3 12 8E E7 00 E6 05 FE 5E 52 C6 2C 72 00 5A 08 75 00 2B 05 1A FC B7 7B 45 03 01 7C C0 78 D6 0C 3A 9B 00 0A E7 1E 2A AA AA 
Receive: 62 00 01 02 8D 00 9B 1D 70 14 29 02 91 01 7D 17 47 04 C0 01 41 F3 12 8E E7 00 E6 05 FE 5E 52 C6 2C 72 00 5A 08 75 00 2B 05 1A FC B7 7B 45 03 01 7C C0 78 D6 0C 3A 9B 00 0A E7 1E 2A AA AA 

Fixed toLineMF: 03E 62 00 01 02 8D 00 9B 1D 70 14 29 02 91 01 7D 17 47 04 C0 01 41 F3 12 8E E7 00 E6 05 FE 5E 52 C6 2C 72 00 5A 08 75 00 2B 05 1A FC B7 7B 45 03 01 7C C0 78 D6 0C 3A 9B 00 0A E7 1E 2A AA AA 
Time:	09:31:36,012
Send:	220001

Fixed toLineMF: 03E 62 00 01 02 8D 00 9B 1E 22 15 29 02 68 01 6E 13 F0 04 A9 01 41 F3 12 8F 50 00 E6 05 FE 5E 57 30 2C 72 00 5A 08 6D 00 2B 05 15 FC BB 7B 45 03 01 7C C0 78 D6 0C 3A 9B 00 0A A0 1C DE AA AA 
Receive: 62 00 01 02 8D 00 9B 1E 22 15 29 02 68 01 6E 13 F0 04 A9 01 41 F3 12 8F 50 00 E6 05 FE 5E 57 30 2C 72 00 5A 08 6D 00 2B 05 15 FC BB 7B 45 03 01 7C C0 78 D6 0C 3A 9B 00 0A A0 1C DE AA AA 

Fixed toLineMF: 03E 62 00 01 02 8D 00 9B 1E 22 15 29 02 68 01 6E 13 F0 04 A9 01 41 F3 12 8F 50 00 E6 05 FE 5E 57 30 2C 72 00 5A 08 6D 00 2B 05 15 FC BB 7B 45 03 01 7C C0 78 D6 0C 3A 9B 00 0A A0 1C DE AA AA 
Time:	09:31:36,444
Send:	220001
Receive: 62 00 01 02 8D 00 9B 1E 5A 15 17 01 CF 01 1E 03 BD 03 CD 01 47 80 B4 4C 95 7E 3D 41 F3 12 8F 69 00 E6 05 F9 5E 5C 80 2C 72 00 5A 08 6A 00 2B 05 13 FC BC 7B 45 03 01 7C C8 78 D6 0C 3A 9B 00 08 6A 17 16 AA AA 
Time:	09:31:36,934
Send:	220001
Receive: 62 00 01 02 8D 00 9B 1E 76 15 2B 01 E7 01 44 0D 4C 03 B4 01 3D 80 30 4C 22 84 7D 41 F3 12 8F 41 00 E6 05 F9 5E 64 78 2C 72 00 5A 08 68 00 2B 05 12 FC BD 7B 45 03 01 7C C8 78 D6 0C 3A 9B 00 08 A3 17 EC AA AA 
Time:	09:31:37,336
Send:	220001
Receive: 62 00 01 02 8D 00 9C 1E D4 15 29 02 B0 01 AA 18 F0 04 C9 01 9B 80 AD 4C A8 84 BD 41 F3 12 90 06 00 E6 05 1E 5E 6A A9 2C 72 00 5A 08 62 00 2B 05 0E FC BF 7B 45 03 01 7C C0 78 D6 0C 3A 9B 00 0B 37 1D 5F AA AA 
Time:	09:31:37,736
Send:	220001
Receive: 62 00 01 02 8D 00 9C 1F 6E 16 25 03 8A 02 1A 2B DC 06 46 02 2B 80 C9 4C B7 7F DD 41 F3 12 90 52 00 E6 05 1E 5E 70 DA 2C 72 00 5A 08 5A 00 2B 05 0A FC C2 7B 45 03 01 7C C2 78 D6 0C 3A 9B 00 0F 7E 26 E6 AA AA 
Time:	09:31:38,124
Send:	220001
Receive: 62 00 01 02 8D 00 9C 20 9A 16 20 03 ED 02 35 2C 7A 07 9A 02 BC 80 CD 4C B6 79 BD 41 F3 12 91 2E 00 E6 0B 6D 5E 7D 3C 2C 72 00 5A 08 4A 00 2B 05 00 FC C8 7B 45 03 01 7C C2 78 D6 0C 3A 9B 00 11 1C 29 53 AA AA 
Time:	09:31:38,517
Send:	220001
Receive: 62 00 01 02 8D 00 9C 21 EE 17 21 03 BB 02 47 31 AD 07 97 02 E2 80 CC 4C B4 73 9D 41 F3 12 92 CE 00 E6 0B 6D 5E 81 AB 2C 72 00 5A 08 38 00 2B 04 F5 FC CF 7B 45 03 01 7C C2 78 D6 0C 3A 9B 00 11 61 29 4C AA AA 
Time:	09:31:38,903
Send:	220001
Receive: 62 00 01 02 8D 00 9C 23 82 18 20 04 1D 02 AA 37 B3 08 85 03 51 80 CA 4C AC 6D 1D 41 F3 12 92 BE 00 E6 0B 6D 5D 90 B5 2C 72 00 5A 08 25 00 2B 04 E9 FC D7 7B 45 03 01 7C C2 78 D6 0C 3A 9B 00 13 71 2D 2C AA AA 
Time:	09:31:39,292
Send:	220001
Receive: 62 00 01 02 8D 00 9C 25 06 1A 20 04 08 02 E1 37 B3 08 A1 03 89 80 45 4C 22 6A BD 41 F3 12 92 31 00 E6 0C 44 5D A2 67 2C 72 00 5A 08 12 00 2B 04 DE FC DE 7B 45 03 01 7C C2 78 D6 0C 3A 9B 00 13 C0 2F 8E AA AA 
Time:	09:31:39,682
Send:	220001
Receive: 62 00 01 02 8D 00 9C 26 EE 1B 20 04 13 03 1B 37 47 08 63 03 96 80 30 4C 20 71 DD 41 F3 12 92 7F 00 E6 0C 44 5D A9 79 2C 72 00 5A 07 FA 00 2B 04 D0 FC E7 7B 45 03 01 7C C2 78 D6 0C 3A 9B 00 13 61 2F D5 AA AA 
Time:	09:31:40,078
Send:	220001
Receive: 62 00 01 02 8D 00 9C 28 02 1C 23 03 92 02 A5 2D F0 07 5F 03 44 80 30 4C 1E 77 3D 41 F3 12 94 B8 00 E6 0C 44 5D 99 8E 2C 72 00 5A 07 EE 00 2B 04 C8 FC EC 7B 45 03 01 7C C2 78 D6 0C 3A 9B 00 0F C0 29 3E AA AA 
Time:	09:31:40,521
Send:	220001
Receive: 62 00 01 02 8D 00 9C 29 EE 1D 26 03 50 02 A5 29 28 06 53 02 E5 80 30 4C 1E 7F FD 41 F3 12 96 9A 00 E6 0C 37 5C 91 96 2C 72 00 5A 07 D5 00 2B 04 B9 FC F6 7B 45 03 01 7C C2 78 D6 0C 3A 9B 00 0E A7 26 E0 AA AA 
Time:	09:31:40,932
Send:	220001
Receive: 62 00 01 02 8D 00 9C 2B 4E 1E 25 03 AD 02 D0 29 28 06 99 03 28 80 33 4C 1F 86 DD 41 F3 12 96 47 00 E6 0C 37 5C 98 A8 2C 72 00 5A 07 D2 00 2B 04 B7 FC F7 7B 45 03 01 7C C2 78 D6 0C 3A 9B 00 0F 1B 27 A9 AA AA 
Time:	09:31:41,324
Send:	220001
Receive: 62 00 01 02 8D 00 9C 2C D8 1F 25 04 0E 02 F5 2B 04 06 C5 03 5C 80 35 4C 22 8E 3D 41 F3 12 95 87 00 E6 0E 14 5C 9E DE 2C 72 00 5A 07 D1 00 2B 04 B7 FC F7 7B 45 03 01 7C C2 78 D6 0C 3A 9B 00 0F 99 28 82 AA AA 
Time:	09:31:41,737
Send:	220001
Receive: 62 00 01 02 8D 00 9C 2E BA 20 24 04 8C 03 31 2E 23 07 6A 03 D2 80 B8 4C AB 8F 5D 41 F3 12 93 82 00 E6 0E 14 5B AC 21 2C 72 00 5A 07 D0 00 2B 04 B6 FC F8 7B 45 03 01 7C C2 78 D6 0C 3A 9B 00 11 1C 2B 0B AA AA 
Time:	09:31:42,114
Send:	220001
Receive: 62 00 01 02 8D 00 9C 30 C6 22 22 04 B6 03 65 33 23 08 42 04 72 80 C6 4C AD 87 1D 41 F3 12 91 D8 00 E6 13 E9 5B B9 69 2C 72 00 5A 07 CF 00 2B 04 B6 FC F8 7B 45 03 01 7C C2 78 D6 0C 3A 9B 00 13 0A 2C B2 AA AA 
Time:	09:31:42,514
Send:	220001
Receive: 62 00 01 02 8D 00 9C 33 02 23 20 04 93 03 85 36 75 08 A2 04 DB 80 CE 4C AF 7E 7D 41 F3 12 90 8A 00 E6 13 E9 5B C1 5C 2C 72 00 5A 07 CE 00 2B 04 B5 FD 11 7B 45 03 01 7C C2 78 D6 0C 3A 9B 00 13 CA 2D 2B AA AA 
Time:	09:31:42,910
Send:	220001
Receive: 62 00 01 02 8D 00 9C 34 C0 25 20 03 9D 02 D2 0F FF 07 B3 04 A1 80 B2 4C 36 75 DD 41 F3 12 92 7A 00 E6 13 E9 5B C4 E5 2C 72 00 5A 07 CD 00 2B 04 B4 FD 38 7B 45 03 01 7C C2 78 D6 0C 3A 9B 00 11 9B 28 A8 AA AA 
Time:	09:31:43,297
Send:	220001
Receive: 62 00 01 02 8D 00 9C 31 F4 25 33 00 F6 01 28 00 00 02 44 01 3B 80 38 4C 20 78 7D 41 F3 12 95 3A 00 E6 0B 33 5A 6E 32 2C 72 00 5A 07 CC 00 2B 04 B4 F9 F4 7B 45 03 05 7D C8 78 D6 0C 3A 9B 00 05 1A 10 00 AA AA 
Time:	09:31:43,696
Send:	220001
Receive: 62 00 01 02 8D 00 9C 2B FA 25 34 00 ED 01 1E 00 00 01 D8 00 DF 80 30 4C 19 7C DD 41 F3 12 95 40 00 E6 0B 33 5A 5E 47 2C 72 00 5A 07 CB 00 2B 04 B3 FA 43 7B 45 03 05 7D C8 78 D6 0C 3A 9B 00 04 42 0F 62 AA AA 
Time:	09:31:44,085
Send:	220001

Fixed toLineMF: 03E 62 00 01 02 8D 00 9C 25 9C 24 0F 01 4E DF 78 31 4C 1A 7F FD 41 F3 12 90 1A 00 E6 02 E8 5A 52 C6 2C 72 00 5A 08 08 00 2B 04 D8 FC E2 7B 45 03 05 3C C8 78 D6 0C 3A 9B 00 05 4A 0F 4E AA AA 
Receive: 62 00 01 02 8D 00 9C 25 9C 24 0F 01 4E DF 78 31 4C 1A 7F FD 41 F3 12 90 1A 00 E6 02 E8 5A 52 C6 2C 72 00 5A 08 08 00 2B 04 D8 FC E2 7B 45 03 05 3C C8 78 D6 0C 3A 9B 00 05 4A 0F 4E AA AA 

Fixed toLineMF: 03E 62 00 01 02 8D 00 9C 25 9C 24 0F 01 4E DF 78 31 4C 1A 7F FD 41 F3 12 90 1A 00 E6 02 E8 5A 52 C6 2C 72 00 5A 08 08 00 2B 04 D8 FC E2 7B 45 03 05 3C C8 78 D6 0C 3A 9B 00 05 4A 0F 4E AA AA 
Time:	09:31:44,489
Send:	220001
Receive: 62 00 01 02 8D 00 9C 23 2E 25 20 04 53 02 91 2E FA 08 59 03 3B 79 C9 4C BA 7C 7D 41 F3 12 92 DE 00 E6 02 E8 5A FA 00 2C 72 00 5A 08 1B 00 2B 04 E3 FC DA 7B 45 03 05 3C C2 78 D6 0C 3A 9B 00 13 21 2C A1 AA AA 
Time:	09:31:44,872
Send:	220001
Receive: 62 00 01 02 8D 00 9C 22 8A 25 20 03 BD 02 5A 32 19 07 F7 03 06 77 C8 4C A9 75 FD 41 F3 12 92 EE 00 E6 02 E8 5A FA 00 2C 72 00 5A 08 26 00 2B 04 EA FC D6 7B 45 03 05 7C C2 78 D6 0C 3A 9B 00 12 3C 2A F4 AA AA 
Time:	09:31:45,264
Send:	220001
Receive: 62 00 01 02 8D 00 9D 23 06 26 20 04 04 02 AD 37 B3 08 8C 03 49 77 9E 4C 37 71 1D 41 F3 12 92 3B 00 E6 0B 52 5A FA 00 2C 72 00 5A 08 1E 00 2B 04 E5 FC D9 7B 45 03 01 7C C2 78 D6 0C 3A 9B 00 13 C1 2D E3 AA AA 
Time:	09:31:45,673
Send:	220001
Receive: 62 00 01 02 8D 00 9D 23 A6 26 1D 04 6C 02 D7 3A 32 09 41 03 A6 79 BE 4C AA 73 7D 41 F3 12 90 57 00 E6 0B 52 5A FA 00 2C 72 00 5A 08 18 00 2B 04 E1 FC DC 7B 45 03 01 7C C2 78 D6 0C 3A 9B 00 15 0C 30 8A AA AA 
Time:	09:31:46,056
Send:	220001
Receive: 62 00 01 02 8D 00 9D 24 72 27 1E 04 34 02 E6 39 94 09 18 03 A9 7C 4A 4C 27 72 5D 41 F3 12 90 D1 00 E6 0B 52 5A FA 00 2C 72 00 5A 08 0E 00 2B 04 DC FC E0 7B 45 03 01 7C C2 78 D6 0C 3A 9B 00 15 0D 31 19 AA AA 
Time:	09:31:46,445
Send:	220001
Receive: 62 00 01 02 8D 00 9D 25 30 28 20 03 FA 02 C6 36 75 08 6C 03 76 7D 3D 4C 26 79 3D 41 F3 12 92 CE 00 E6 0D DD 5A FA 00 2C 72 00 5A 08 04 00 2B 04 D6 FC E3 7B 45 03 01 7C C2 78 D6 0C 3A 9B 00 13 31 2E 98 AA AA 
Time:	09:31:46,843
Send:	220001
Receive: 62 00 01 02 8D 00 9D 25 C8 29 21 03 EF 02 B7 33 8A 07 FB 03 55 7F 3C 4C 26 80 1D 41 F3 12 93 9C 00 E6 0D DD 5A FA 00 2C 72 00 5A 07 FE 00 2B 04 D2 FC E6 7B 45 03 01 7C C2 78 D6 0C 3A 9B 00 12 30 2D 02 AA AA 
Time:	09:31:47,252
Send:	220001

Fixed toLineMF: 030 62 00 01 02 8D 00 9D 26 5E 29 22 04 17 02 AA 31 75 07 CF 03 41 F3 12 93 C2 00 E6 00 5A 07 F8 00 2B 04 CE FC E8 7B 45 03 01 7C C2 78 D6 0C 3A 9B 
Receive: 62 00 01 02 8D 00 9D 26 5E 29 22 04 17 02 AA 31 75 07 CF 03 41 F3 12 93 C2 00 E6 00 5A 07 F8 00 2B 04 CE FC E8 7B 45 03 01 7C C2 78 D6 0C 3A 9B 

Fixed toLineMF: 030 62 00 01 02 8D 00 9D 26 5E 29 22 04 17 02 AA 31 75 07 CF 03 41 F3 12 93 C2 00 E6 00 5A 07 F8 00 2B 04 CE FC E8 7B 45 03 01 7C C2 78 D6 0C 3A 9B 
Time:	09:31:47,639
Send:	220001
Receive: 62 00 01 02 8D 00 9D 26 F8 2A 23 03 ED 02 AD 31 0F 07 7C 03 3A 80 49 4C 25 88 5D 41 F3 12 94 52 00 E6 0C CC 5A FA 00 2C 72 00 5A 07 F0 00 2B 04 C9 FC EB 7B 45 03 01 7C C2 78 D6 0C 3A 9B 00 10 E2 2A E6 AA AA 
Time:	09:31:48,029
Send:	220001
Receive: 62 00 01 02 8D 00 9D 27 BA 2B 25 04 10 02 C6 30 38 07 7B 03 50 80 A4 4C 93 8B FD 41 F3 12 94 72 00 E6 0C CC 5A FA 00 2C 72 FF 5A 07 E5 00 2B 04 C3 FC EF 7B 45 03 01 7C C2 78 D6 0C 3A 9B 00 11 23 2B AC AA AA 
Time:	09:31:48,414
Send:	220001
Receive: 62 00 01 02 8D 00 9D 28 5A 2C 25 03 F2 02 B4 2D 51 07 14 03 29 80 41 4C 28 90 5D 41 F3 12 95 97 00 E6 0E 8A 5A FA 00 2C 72 FF 5A 07 DF 00 2B 04 BF FC F2 7B 45 03 01 7C C2 78 D6 0C 3A 9B 00 10 29 29 FC AA AA 
Time:	09:31:48,815
Send:	220001
Receive: 62 00 01 02 8D 00 9D 28 F8 2C 25 04 28 02 CB 2D 51 07 29 03 37 80 B5 4C A2 92 FD 41 F3 12 95 92 00 E6 0E 8A 5A FA 00 2C 72 FF 5A 07 D7 00 2B 04 BA FC F5 7B 45 03 01 7C C2 78 D6 0C 3A 9B 00 10 69 2A 96 AA AA 
Time:	09:31:49,204
Send:	220001
Receive: 62 00 01 02 8D 00 9D 29 96 2D 25 04 4A 02 DA 2D 51 07 38 03 4B 80 4F 4C 5B 95 5C 41 F3 12 95 9D 00 E6 0E 8A 5A FA 00 2C 72 FF 5A 07 D0 00 2B 04 B6 FC F7 7B 45 03 01 7C C2 78 D6 0C 3A 9B 00 10 75 2A CF AA AA 
Time:	09:31:49,603
Send:	220001
Receive: 62 00 01 02 8D 00 9D 2A 52 2E 26 03 B4 02 A3 27 E6 06 84 03 0C 80 49 4C 28 94 9C 41 F3 12 96 D1 00 E6 0E 8A 59 FA 00 2C 72 FF 5A 07 C9 00 2B 04 B2 FC FA 7B 45 03 01 7C C2 78 D6 0C 3A 9B 00 0E DA 27 58 AA AA 
Time:	09:31:50,004
Send:	220001
Receive: 62 00 01 02 8D 00 9D 2A CC 2E 27 03 A9 02 99 23 56 06 47 02 FA 80 AD 4C 9E 97 7C 41 F3 12 96 62 00 E6 0E 8A 59 FA 00 2C 72 00 5A 07 C8 00 2B 04 B1 FC FB 7B 45 03 01 7C C2 78 D6 0C 3A 9B 00 0E 90 26 A6 AA AA 
Time:	09:31:50,404
Send:	220001
Receive: 62 00 01 02 8D 00 9D 2B 34 2F 29 03 57 02 67 20 D6 05 84 02 A1 80 43 4C 2A 9A 3C 41 F3 12 95 B2 00 E6 0E B8 59 DE 8F 2C 72 00 5A 07 C8 00 2B 04 B1 FC FB 7B 45 03 01 7C C2 78 D6 0C 3A 9B 00 0C B5 22 9B AA AA 
Time:	09:31:50,792
Send:	220001
Receive: NO DATA
Time:	09:31:51,071
Send:	220001
Receive: NO DATA
Time:	09:31:51,356
Send:	220001
Receive: NO DATA
Time:	09:31:51,645
Send:	220001
Receive: NO DATA
Time:	09:31:51,920
Send:	220001
Receive: NO DATA
Time:	09:31:52,210
Send:	220001
Receive: NO DATA
Time:	09:31:52,518
Send:	220001
Receive: NO DATA
Time:	09:31:52,800
Send:	220001
Receive: 62 00 01 02 8D 00 9E 2C 68 30 26 03 AE 02 A0 24 94 06 54 03 1D 80 C0 4C 9F 94 3C 41 F3 12 95 BD 00 E6 07 AE 59 FA 00 2C 72 00 5A 07 C9 00 2B 04 B2 FC FA 7B 45 03 01 7C C2 78 D6 0C 3A 9B 00 0E 31 25 94 AA AA 
Time:	09:31:53,197
Send:	220001
Receive: 62 00 01 02 8D 00 9E 2D 00 31 29 03 75 02 73 20 6B 05 A1 02 CB 80 4B 4C 3C 9B 9C 41 F3 12 95 87 00 E6 0E 14 59 E4 C0 2C 72 00 5A 07 C9 00 2B 04 B2 FC FA 7B 45 03 01 7C C2 78 D6 0C 3A 9B 00 0C CD 22 8E AA AA 
Time:	09:31:53,582
Send:	220001
Receive: 62 00 01 02 8D 00 9E 2D 6E 31 2C 02 AD 02 12 0F C7 04 76 02 44 80 3E 4C 26 9C 1C 41 F3 12 96 A5 00 E6 0E 14 59 BB 2B 2C 72 00 5A 07 C9 00 2B 04 B2 FC FA 7B 45 03 01 7C C0 78 D6 0C 3A 9B 00 0A 49 1D 11 AA AA 
Time:	09:31:53,984
Send:	220001
Receive: 62 00 01 02 8D 00 9E 2D 60 31 2F 02 19 01 A5 00 00 03 4C 01 A6 80 43 4C 59 A0 7C 41 F3 12 95 14 00 E6 0E 14 59 8E EE 2C 72 00 5A 07 C9 00 2B 04 B2 FA 2E 7B 45 03 01 7D C8 78 D6 0C 3A 9B 00 07 15 15 AC AA AA 
Time:	09:31:54,372
Send:	220001
Receive: 62 00 01 02 8D 00 9E 2D 3A 31 32 01 72 01 46 00 00 02 4D 01 27 80 9A 4C 2C 98 DC 41 F3 12 95 40 00 E6 07 0A 59 6F 13 2C 72 00 5A 07 C8 00 2B 04 B1 FA 31 7B 45 03 01 7D C8 78 D6 0C 3A 9B 00 05 3F 11 A0 AA AA 
Time:	09:31:54,786
Send:	220001
Receive: 62 00 01 02 8D 00 9E 2C 78 31 35 01 26 01 0C 00 00 01 A0 00 C8 80 3C 4C 27 9F BC 41 F3 12 95 40 00 E6 07 0A 59 58 11 2C 72 00 5A 07 C8 00 2B 04 B1 FA 3B 7B 45 03 01 3D C8 78 D6 0C 3A 9B 00 03 BA 0D FA AA AA 
Time:	09:31:55,206
Send:	220001
Receive: 62 00 01 02 8D 00 9E 2C 6A 30 F3 00 00 01 0C 00 00 01 A0 00 C8 80 35 4C 1E 7F FD 41 F3 12 95 40 00 E6 03 D7 5A 00 00 2C 72 00 5A 07 C9 00 2B 04 B2 FA 3B 7B 45 03 01 29 C9 78 D6 0C 3A 9B 00 03 D0 0E 34 AA AA 
Time:	09:31:55,594
Send:	220001
Receive: 62 00 01 02 8D 00 9E 2B E0 2F F2 00 00 01 12 00 00 01 C0 00 D9 80 2F 4C 17 7F FD 41 F3 12 95 40 00 E6 03 D7 5A 00 00 2C 72 00 5A 07 C9 00 2B 04 B2 FA 42 7B 45 03 01 29 C9 78 D6 0C 3A 9B 00 04 07 0E BE AA AA 
Time:	09:31:55,992
Send:	220001
Receive: 62 00 01 02 8D 00 9E 2B 32 2F F1 00 00 01 12 00 00 01 CC 00 D8 80 2D 4C 15 7F FD 41 F3 12 95 40 00 E6 03 D7 5A 00 00 2C 72 00 5A 07 CA 00 2B 04 B2 FA 4B 7B 45 03 01 29 C9 78 D6 0C 3A 9B 00 04 21 0F 09 AA AA 
Time:	09:31:56,386
Send:	220001
Receive: 62 00 01 02 8D 00 9E 2A 90 2E F2 00 00 01 12 00 00 01 B4 00 CC 80 2D 4C 15 7F FD 41 F3 12 95 40 00 E6 00 00 5A 00 00 2C 72 00 5A 07 CB 00 2B 04 B3 FA 51 7B 45 03 01 29 C9 78 D6 0C 3A 9B 00 03 F0 0F 52 AA AA 
Time:	09:31:56,773
Send:	220001
Receive: 62 00 01 02 8D 00 9E 2A 10 2E F1 00 00 01 0C 00 00 01 E5 00 D2 80 2E 4C 15 7F FD 41 F3 12 95 1A 00 E6 00 00 5A 00 00 2C 72 00 5A 07 CE 00 2B 04 B5 FA 54 7B 45 03 01 29 C9 78 D6 0C 3A 9B 00 04 9C 0F 90 AA AA 
Time:	09:31:57,164
Send:	220001
Receive: 62 00 01 02 8D 00 9E 29 7C 2D EC 00 00 00 FB 00 00 02 1B 00 F7 80 2D 4C 15 7F FD 41 F3 12 94 93 00 E6 00 00 5B 00 00 2C 72 00 5A 07 D5 00 2B 04 B9 FA 56 7B 45 03 01 29 C9 78 D6 0C 3A 9B 00 04 EA 10 88 AA AA 
Time:	09:31:57,553
Send:	220001
Receive: 62 00 01 02 8D 00 9E 28 E2 2C ED 00 00 00 F3 00 00 02 0A 00 E9 80 2D 4C 15 7F FD 41 F3 12 94 17 00 E6 00 00 5B 00 00 2C 72 00 5A 07 DD 00 2B 04 BE FA 58 7B 45 03 01 29 C9 78 D6 0C 3A 9B 00 04 95 0F 54 AA AA 
Time:	09:31:57,935
Send:	220001
Receive: 62 00 01 02 8D 00 9F 28 46 2C FE 01 3E 00 E0 12 B3 01 B9 00 C2 78 2E 4C 17 7F FD 41 F3 12 93 82 00 E6 00 00 5B 17 07 2C 72 00 5A 07 E5 00 2B 04 C3 FC EF 7B 45 03 01 2C C8 78 D6 0C 3A 9B 00 03 E2 0D 73 AA AA 
Time:	09:31:58,333
Send:	220001
Receive: 62 00 01 02 8D 00 9F 28 38 2B 21 03 0D 02 2B 20 6B 04 62 01 D5 79 AD 4C A9 7F 9D 41 F3 12 94 B8 00 E6 03 7C 5B 17 7F 2C 72 00 5A 07 E7 00 2B 04 C4 FC EF 7B 45 03 01 3C C8 78 D6 0C 3A 9B 00 0A EB 1D D8 AA AA 
Time:	09:31:58,734
Send:	220001
Receive: 62 00 01 02 8D 00 9F 28 70 2B 27 03 9C 02 67 20 D6 06 02 02 AB 77 D3 4C B6 79 1D 41 F3 12 95 9D 00 E6 03 7C 5B 19 41 2C 72 00 5A 07 E2 00 2B 04 C1 FC F1 7B 45 03 01 7C C2 78 D6 0C 3A 9B 00 0D D0 24 9C AA AA 
Time:	09:31:59,153
Send:	220001
Receive: 62 00 01 02 8D 00 9F 28 A8 2C 2A 02 F4 02 26 1C 42 05 61 02 6A 77 9C 4C 2D 72 9D 41 F3 12 95 35 00 E6 0A 77 5B 1A 22 2C 72 00 5A 07 E1 00 2B 04 C1 FC F1 7B 45 03 01 7C C2 78 D6 0C 3A 9B 00 0C 06 21 18 AA AA 
Time:	09:31:59,543
Send:	220001
Receive: 62 00 01 02 8D 00 9F 29 00 2C 2D 02 1D 01 BB 11 75 03 DD 01 C2 7A 37 4C 21 7B 9D 41 F3 12 94 B3 00 E6 0A 77 5B 1B E9 2C 72 00 5A 07 DD 00 2B 04 BE FC F3 7B 45 03 01 7C C0 78 D6 0C 3A 9B 00 08 A7 19 63 AA AA 
Time:	09:31:59,937
Send:	220001
Receive: 62 00 01 02 8D 00 9F 29 0E 2C 2D 02 3E 01 CD 11 75 03 D0 01 B6 7C 37 4C 22 80 BD 41 F3 12 94 9D 00 E6 0A 77 5B 1D B0 2C 72 00 5A 07 DD 00 2B 04 BE FC F3 7B 45 03 01 7C C0 78 D6 0C 3A 9B 00 08 B1 19 7D AA AA 
Time:	09:32:00,336
Send:	220001
Receive: 62 00 01 02 8D 00 9F 29 34 2C 2E 02 02 01 95 00 00 03 65 01 8A 80 3B 4C 25 85 DD 41 F3 12 94 47 00 E6 07 8F 5B 1E 91 2C 72 00 5A 07 D9 00 2B 04 BC FA 58 7B 45 03 01 7D C8 78 D6 0C 3A 9B 00 07 89 16 D4 AA AA 
Time:	09:32:00,724
Send:	220001
Receive: 62 00 01 02 8D 00 9F 29 0C 2C 30 01 AA 01 4D 00 00 02 B3 01 37 80 3D 4C 29 8A 7D 41 F3 12 94 32 00 E6 07 8F 5B 20 58 2C 72 00 5A 07 DC 00 2B 04 BD FA 58 7B 45 03 01 7D C8 78 D6 0C 3A 9B 00 05 EB 13 39 AA AA 
Time:	09:32:01,116
Send:	220001
Receive: 62 00 01 02 8D 00 9F 28 FC 2C 33 01 70 01 21 00 00 02 3A 01 00 80 9E 4C 94 8E 9D 41 F3 12 94 42 00 E6 04 A6 5B 21 39 2C 72 00 5A 07 DB 00 2B 04 BD FA 59 7B 45 03 01 7D C8 78 D6 0C 3A 9B 00 04 FD 10 88 AA AA 
Time:	09:32:01,533
Send:	220001
Receive: 62 00 01 02 8D 00 9F 28 7C 2C 1B 01 02 00 DB 00 00 01 9A 00 B9 80 BE 4C 9E 87 9D 41 F3 12 94 27 00 E6 04 A6 5B 23 E1 2C 72 00 5A 07 DE 00 2B 04 BF FA 5B 7B 45 03 01 3D C8 78 D6 0C 3A 9B 00 03 C2 0D 44 AA AA 
Time:	09:32:02,016
Send:	220001
Receive: 62 00 01 02 8D 00 9F 28 0E 2B 1A 01 BD 01 91 1B 38 02 9A 01 1D 80 35 4C 27 8D DD 41 F3 12 93 57 00 E6 04 A6 5B 26 89 2C 72 00 5A 07 E6 00 2B 04 C3 FC EF 7B 45 03 01 3C C8 78 D6 0C 3A 9B 00 06 46 13 9A AA AA 
Time:	09:32:02,415
Send:	220001
Receive: 62 00 01 02 8D 00 9F 27 F2 2B 07 03 EF 02 73 20 D6 05 FF 02 9E 80 D0 4C BC 88 3D 41 F3 12 95 76 00 E6 05 D1 5B 29 31 2C 72 00 5A 07 E6 00 2B 04 C3 FC EF 7B 45 03 01 7C C2 78 D6 0C 3A 9B 00 0D E1 24 C1 AA AA 
Time:	09:32:02,808
Send:	220001
Receive: 62 00 01 02 8D 00 9F 28 4E 2B 27 03 92 02 5D 1F 61 05 FB 02 A9 80 D4 4C B7 81 9D 41 F3 12 95 A2 00 E6 05 D1 5B 2A 12 2C 72 00 5A 07 E3 00 2B 04 C1 FC F0 7B 45 03 01 7C C2 78 D6 0C 3A 9B 00 0D 81 24 28 AA AA 
Time:	09:32:03,229
Send:	220001
Receive: 62 00 01 02 8D 00 9F 28 64 2C 1E 01 FA 01 7F 00 00 03 DF 01 C1 80 7C 4C 26 7B BD 41 F3 12 94 72 00 E6 09 4E 5B 2A F3 2C 72 00 5A 07 E3 00 2B 04 C1 FA 5B 7B 45 03 01 7D C8 78 D6 0C 3A 9B 00 08 59 18 87 AA AA 
Time:	09:32:03,614
Send:	220001
Receive: 62 00 01 02 8D 00 9F 28 66 2C 11 01 B7 01 6B 00 00 03 0E 01 5F 80 35 4C 21 82 FD 41 F3 12 93 BC 00 E6 09 4E 5B 2C BA 2C 72 00 5A 07 E2 00 2B 04 C1 FA 5B 7B 45 03 01 7D C8 78 D6 0C 3A 9B 00 06 F3 15 43 AA AA 
Time:	09:32:04,013
Send:	220001
Receive: 62 00 01 02 8D 00 9F 28 30 2C 30 01 A3 01 73 11 A8 02 C7 01 37 80 38 4C 25 87 5D 41 F3 12 93 B2 00 E6 09 4E 5B 2F 62 2C 72 00 5A 07 E4 00 2B 04 C2 FC F0 7B 45 03 01 7C C8 78 D6 0C 3A 9B 00 06 46 13 DE AA AA 
Time:	09:32:04,408
Send:	220001
Receive: 62 00 01 02 8D 00 9F 28 52 2B 2A 03 63 02 3F 1C AD 05 49 02 58 80 BF 4C B1 85 FD 41 F3 12 95 25 00 E6 05 3B 5B 31 24 2C 72 00 5A 07 E2 00 2B 04 C1 FC F0 7B 45 03 01 7C C0 78 D6 0C 3A 9B 00 0C 30 21 31 AA AA 
Time:	09:32:04,793
Send:	220001
Receive: 62 00 01 02 8D 00 9F 28 AA 2C 2A 03 09 02 30 1C AD 05 3E 02 5B 80 C5 4C A5 7F DD 41 F3 12 95 4B 00 E6 05 3B 5B 32 EB 2C 72 00 5A 07 DD 00 2B 04 BE FC F2 7B 45 03 01 7C C0 78 D6 0C 3A 9B 00 0C 01 20 FD AA AA 
Time:	09:32:05,193
Send:	220001
Receive: 62 00 01 02 8D 00 9F 28 D8 2C 2B 02 D0 02 12 19 C2 04 D0 02 26 80 3D 4C 26 83 DD 41 F3 12 95 1F 00 E6 09 4E 5A 33 CC 2C 72 00 5A 07 DC 00 2B 04 BD FC F3 7B 45 03 01 7C C0 78 D6 0C 3A 9B 00 0A F8 1E AF AA AA 
Time:	09:32:05,594
Send:	220001
Receive: 62 00 01 02 8D 00 9F 29 1A 2C 2C 02 E1 02 10 18 B8 04 B4 02 1F 80 56 4C 6C 89 DD 41 F3 12 95 35 00 E6 09 4E 5A 35 93 2C 72 00 5A 07 D8 00 2B 04 BB FC F4 7B 45 03 01 7C C0 78 D6 0C 3A 9B 00 0A C0 1E 3E AA AA 
Time:	09:32:06,018
Send:	220001
Receive: 62 00 01 02 8D 00 9F 29 2C 2D 2D 02 29 01 98 09 23 03 C9 01 B1 80 49 4C 27 87 7D 41 F3 12 94 98 00 E6 09 4E 5A 37 55 2C 72 00 5A 07 D8 00 2B 04 BB FC F5 7B 45 03 01 7C C0 78 D6 0C 3A 9B 00 08 29 18 37 AA AA 
Time:	09:32:06,423
Send:	220001
Receive: 62 00 01 02 8D 00 9F 29 18 2C 2F 02 05 01 9F 09 8F 03 56 01 7F 80 38 4C 26 8C 7D 41 F3 12 94 52 00 E6 06 F9 5A 39 FD 2C 72 00 5A 07 D9 00 2B 04 BB FC F4 7B 45 03 01 7C C0 78 D6 0C 3A 9B 00 07 9D 16 F7 AA AA 
Time:	09:32:06,828
Send:	220001
Receive: 62 00 01 02 8D 00 A0 29 52 2D 2F 02 25 01 A5 09 8F 03 63 01 8B 80 82 4C 76 91 7D 41 F3 12 94 68 00 E6 06 F9 5A 3C A5 2C 72 00 5A 07 D4 00 2B 04 B9 FC F6 7B 45 03 01 7C C0 78 D6 0C 3A 9B 00 07 C0 17 44 AA AA 
Time:	09:32:07,216
Send:	220001
Receive: 62 00 01 02 8D 00 A0 29 3A 2D 2E 02 24 01 AA 0B 38 03 78 01 94 80 5E 4C 2B 8E 3D 41 F3 12 94 57 00 E6 06 F9 5A 3F 4D 2C 72 00 5A 07 D6 00 2B 04 BA FC F5 7B 45 03 01 7C C0 78 D6 0C 3A 9B 00 07 F4 17 BD AA AA 
Time:	09:32:07,614
Send:	220001
Receive: 62 00 01 02 8D 00 A0 29 36 2D 2E 02 20 01 AE 0B 38 03 83 01 96 80 B1 4C A2 8B DD 41 F3 12 94 68 00 E6 06 F9 5A 41 F5 2C 72 00 5A 07 D7 00 2B 04 BA FC F5 7B 45 03 01 7C C0 78 D6 0C 3A 9B 00 08 10 17 FA AA AA 
Time:	09:32:08,015
Send:	220001

Fixed toLineMF: 03E 62 00 01 02 8D 00 01 AE 10 6B 03 83 01 98 80 56 4C 53 90 FD 41 F3 12 94 52 00 E6 06 F9 5A 44 9D 2C 72 00 5A 07 D6 00 2B 04 BA FC F5 7B 45 03 01 7C C0 78 D6 0C 3A 9B 00 08 16 18 09 AA AA 
Receive: 62 00 01 02 8D 00 01 AE 10 6B 03 83 01 98 80 56 4C 53 90 FD 41 F3 12 94 52 00 E6 06 F9 5A 44 9D 2C 72 00 5A 07 D6 00 2B 04 BA FC F5 7B 45 03 01 7C C0 78 D6 0C 3A 9B 00 08 16 18 09 AA AA 

Fixed toLineMF: 03E 62 00 01 02 8D 00 01 AE 10 6B 03 83 01 98 80 56 4C 53 90 FD 41 F3 12 94 52 00 E6 06 F9 5A 44 9D 2C 72 00 5A 07 D6 00 2B 04 BA FC F5 7B 45 03 01 7C C0 78 D6 0C 3A 9B 00 08 16 18 09 AA AA 
Time:	09:32:08,407
Send:	220001
Receive: 62 00 01 02 8D 00 A0 29 50 2D 2C 02 7B 01 E5 13 8A 04 20 01 DE 80 B0 4C 95 89 BD 41 F3 12 95 0F 00 E6 07 8F 5A 48 26 2C 72 00 5A 07 D5 00 2B 04 B9 FC F6 7B 45 03 01 7C C0 78 D6 0C 3A 9B 00 09 7E 1B 56 AA AA 
Time:	09:32:08,803
Send:	220001
Receive: 62 00 01 02 8D 00 A0 29 80 2D 2C 02 86 01 E5 13 8A 04 28 01 E6 80 A4 4C 9B 8B FD 41 F3 12 95 1F 00 E6 07 8F 5A 4A CE 2C 72 00 5A 07 D2 00 2B 04 B7 FC F7 7B 45 03 01 7C C0 78 D6 0C 3A 9B 00 09 84 1B 68 AA AA 
Time:	09:32:09,193
Send:	220001
Receive: 62 00 01 02 8D 00 A0 29 8C 2D 2C 02 94 01 E5 13 8A 04 26 01 E7 80 4C 4C 6B 8F FD 41 F3 12 95 1F 00 E6 08 24 5A 4D 76 2C 72 00 5A 07 D2 00 2B 04 B7 FC F7 7B 45 03 01 7C C0 78 D6 0C 3A 9B 00 09 73 1B 46 AA AA 
Time:	09:32:09,596
Send:	220001
Receive: 62 00 01 02 8D 00 A0 29 92 2D 2C 02 99 01 EA 13 F0 04 2B 01 E6 80 3C 4C 2B 90 3D 41 F3 12 95 1F 00 E6 08 24 5A 50 FF 2C 72 00 5A 07 D3 00 2B 04 B8 FC F7 7B 45 03 01 7C C0 78 D6 0C 3A 9B 00 09 93 1B 9B AA AA 
Time:	09:32:09,996
Send:	220001
Receive: 62 00 01 02 8D 00 A0 29 F0 2D 2C 02 83 01 EA 13 8A 04 17 01 E5 80 57 4C 2C 8F FD 41 F3 12 95 30 00 E6 08 24 5A 53 A7 2C 72 00 5A 07 CD 00 2B 04 B4 FC F9 7B 45 03 01 7C C0 78 D6 0C 3A 9B 00 09 61 1B 27 AA AA 
Time:	09:32:10,394
Send:	220001

Fixed toLineMF: 03E 62 00 01 02 8D 00 A0 29 EE 2D 2D 02 3A 01 BE 0F 61 03 BF 01 B9 80 A9 4C 54 8D BD 41 F3 12 94 FF 00 E6 08 B9 5A 57 30 2C 72 B5 FC F8 7B 45 03 01 7C C0 78 D6 0C 3A 9B 00 08 81 19 0C AA AA 
Receive: 62 00 01 02 8D 00 A0 29 EE 2D 2D 02 3A 01 BE 0F 61 03 BF 01 B9 80 A9 4C 54 8D BD 41 F3 12 94 FF 00 E6 08 B9 5A 57 30 2C 72 B5 FC F8 7B 45 03 01 7C C0 78 D6 0C 3A 9B 00 08 81 19 0C AA AA 

Fixed toLineMF: 03E 62 00 01 02 8D 00 A0 29 EE 2D 2D 02 3A 01 BE 0F 61 03 BF 01 B9 80 A9 4C 54 8D BD 41 F3 12 94 FF 00 E6 08 B9 5A 57 30 2C 72 B5 FC F8 7B 45 03 01 7C C0 78 D6 0C 3A 9B 00 08 81 19 0C AA AA 
Time:	09:32:10,786
Send:	220001
Receive: 62 00 01 02 8D 00 A0 2A 06 2D 2E 02 77 01 F4 13 8A 03 CD 01 B9 80 5D 4C 7C 95 1C 41 F3 12 95 1A 00 E6 08 B9 5A 5B 9F 2C 72 00 5A 07 CD 00 2B 04 B4 FC F9 7B 45 03 01 7C C0 78 D6 0C 3A 9B 00 08 74 18 F9 AA AA 
Time:	09:32:11,194
Send:	220001
Receive: 62 00 01 02 8D 00 A0 2A 50 2E 2C 02 AE 02 0D 17 AD 04 68 02 0C 80 B0 4C 73 8D 5D 41 F3 12 95 76 00 E6 08 B9 5A 5F 28 2C 72 00 5A 07 CB 00 2B 04 B3 FC FA 7B 45 03 01 7C C0 78 D6 0C 3A 9B 00 0A 22 1C FC AA AA 
Time:	09:32:11,604
Send:	220001
Receive: 62 00 01 02 8D 00 A0 2A 98 2E 2C 02 C0 02 0D 16 DC 04 7E 02 1A 80 A4 4C 9E 8F BD 41 F3 12 95 8C 00 E6 08 B9 5A 62 B1 2C 72 00 5A 07 CB 00 2B 04 B3 FC FA 7B 45 03 01 7C C0 78 D6 0C 3A 9B 00 0A 35 1D 1F AA AA 
Time:	09:32:12,003
Send:	220001

Fixed toLineMF: 03E 62 00 01 02 8D 00 A0 2A BA 2E 2D 02 43 01 B4 0E F5 03 C7 01 CA 80 3B 4C 2B 93 DC 41 F3 12 95 4B 00 E6 00 5A 07 CB 00 2B 04 B3 FC FA 7B 45 03 01 7C C0 78 D6 0C 3A 9B 00 08 B4 19 8A AA AA 
Receive: 62 00 01 02 8D 00 A0 2A BA 2E 2D 02 43 01 B4 0E F5 03 C7 01 CA 80 3B 4C 2B 93 DC 41 F3 12 95 4B 00 E6 00 5A 07 CB 00 2B 04 B3 FC FA 7B 45 03 01 7C C0 78 D6 0C 3A 9B 00 08 B4 19 8A AA AA 

Fixed toLineMF: 03E 62 00 01 02 8D 00 A0 2A BA 2E 2D 02 43 01 B4 0E F5 03 C7 01 CA 80 3B 4C 2B 93 DC 41 F3 12 95 4B 00 E6 00 5A 07 CB 00 2B 04 B3 FC FA 7B 45 03 01 7C C0 78 D6 0C 3A 9B 00 08 B4 19 8A AA AA 
Time:	09:32:12,396
Send:	220001
Receive: 62 00 01 02 8D 00 A0 2A BA 2E 2E 02 31 01 A7 07 E1 03 6B 01 9B 80 43 4C 38 99 3C 41 F3 12 95 0A 00 E6 08 51 5A 6A A9 2C 72 00 5A 07 CB 00 2B 04 B3 FC FA 7B 45 03 01 7C C0 78 D6 0C 3A 9B 00 07 BD 17 34 AA AA 
Time:	09:32:12,794
Send:	220001
Receive: 62 00 01 02 8D 00 A0 2A C2 2E 30 01 EF 01 B1 0B A3 03 1F 01 75 80 49 4C 26 97 5C 41 F3 12 95 25 00 E6 08 51 5A 70 DA 2C 72 00 5A 07 CA 00 2B 04 B3 FC FA 7B 45 03 01 7C C0 78 D6 0C 3A 9B 00 07 06 15 98 AA AA 
Time:	09:32:13,193
Send:	220001

Fixed toLineMF: 03E 62 00 01 02 8D 00 A0 2A FA 2E 2C 03 03 02 44 1A 2D 04 66 02 0E 80 9E 4C 99 98 FC 41 F3 12 95 B2 00 E6 08 51 5A 76 2A 2C 72 B3 FC FA 7B 45 03 01 7C C0 78 D6 0C 3A 9B 00 0A 18 1C CE AA AA 
Receive: 62 00 01 02 8D 00 A0 2A FA 2E 2C 03 03 02 44 1A 2D 04 66 02 0E 80 9E 4C 99 98 FC 41 F3 12 95 B2 00 E6 08 51 5A 76 2A 2C 72 B3 FC FA 7B 45 03 01 7C C0 78 D6 0C 3A 9B 00 0A 18 1C CE AA AA 

Fixed toLineMF: 03E 62 00 01 02 8D 00 A0 2A FA 2E 2C 03 03 02 44 1A 2D 04 66 02 0E 80 9E 4C 99 98 FC 41 F3 12 95 B2 00 E6 08 51 5A 76 2A 2C 72 B3 FC FA 7B 45 03 01 7C C0 78 D6 0C 3A 9B 00 0A 18 1C CE AA AA 
Time:	09:32:13,583
Send:	220001
Receive: 62 00 01 02 8D 00 A0 2B 04 2F 2B 03 17 02 30 1A 99 04 DA 02 4B 80 CB 4C B2 94 3C 41 F3 12 95 BD 00 E6 08 51 5A 78 D2 2C 72 00 5A 07 CA 00 2B 04 B3 FC FA 7B 45 03 01 7C C0 78 D6 0C 3A 9B 00 0A FD 1E BD AA AA 
Time:	09:32:13,966
Send:	220001

Fixed toLineMF: 03E 62 00 01 02 8D 00 A0 2B 5A 2F 2B 02 DC 02 33 1B 05 04 D5 02 52 80 AF 4C 3D 8D FD 41 F3 12 95 CE 00 E6 08 51 5A 7D 3C 2C 72 B3 FC FA 7B 45 03 01 7C C0 78 D6 0C 3A 9B 00 0B 08 1E C4 AA AA 
Receive: 62 00 01 02 8D 00 A0 2B 5A 2F 2B 02 DC 02 33 1B 05 04 D5 02 52 80 AF 4C 3D 8D FD 41 F3 12 95 CE 00 E6 08 51 5A 7D 3C 2C 72 B3 FC FA 7B 45 03 01 7C C0 78 D6 0C 3A 9B 00 0B 08 1E C4 AA AA 

Fixed toLineMF: 03E 62 00 01 02 8D 00 A0 2B 5A 2F 2B 02 DC 02 33 1B 05 04 D5 02 52 80 AF 4C 3D 8D FD 41 F3 12 95 CE 00 E6 08 51 5A 7D 3C 2C 72 B3 FC FA 7B 45 03 01 7C C0 78 D6 0C 3A 9B 00 0B 08 1E C4 AA AA 
Time:	09:32:14,360
Send:	220001
Receive: 62 00 01 02 8D 00 A0 2B AC 2F 2C 02 BE 01 EF 15 33 04 75 02 22 80 5C 4C 6F 96 3C 41 F3 12 95 FF 00 E6 0A E1 5A 81 AB 2C 72 00 5A 07 CA 00 2B 04 B3 FC FA 7B 45 03 01 7C C0 78 D6 0C 3A 9B 00 09 99 1B A7 AA AA 
Time:	09:32:14,753
Send:	220001
Receive: 62 00 01 02 8D 00 A0 2B D6 2F 2D 02 7D 01 F4 14 C7 04 03 01 EF 80 37 4C 2A 97 FC 41 F3 12 96 10 00 E6 0A E1 5A 86 F6 2C 72 00 5A 07 CA 00 2B 04 B3 FC FA 7B 45 03 01 7C C0 78 D6 0C 3A 9B 00 09 3F 1A B4 AA AA 
Time:	09:32:15,156
Send:	220001
Receive: 62 00 01 02 8D 00 A0 2B F6 2F 2D 02 74 01 EF 12 E6 04 01 01 F4 80 AA 4C 82 96 9C 41 F3 12 96 10 00 E6 09 99 5A 8C 46 2C 72 00 5A 07 CA 00 2B 04 B2 FC FA 7B 45 03 01 7C C0 78 D6 0C 3A 9B 00 09 2E 1A 88 AA AA 
Time:	09:32:15,543
Send:	220001
Receive: 62 00 01 02 8D 00 A0 2B F4 30 2E 02 18 01 B6 0D 4C 03 6D 01 A5 80 A1 4C A1 99 7C 41 F3 12 95 0F 00 E6 09 99 5A 92 77 2C 72 00 5A 07 CA 00 2B 04 B2 FC FA 7B 45 03 01 7C C0 78 D6 0C 3A 9B 00 07 B7 17 0E AA AA 
Time:	09:32:15,943
Send:	220001
Receive: NO DATA
Time:	09:32:16,236
Send:	220001
Receive: NO DATA
Time:	09:32:16,529
Send:	220001
Receive: NO DATA
Time:	09:32:16,811
Send:	220001
Receive: NO DATA
Time:	09:32:17,110
Send:	220001
Receive: NO DATA
Time:	09:32:17,403
Send:	220001
Receive: NO DATA
Time:	09:32:17,696
Send:	220001
Receive: NO DATA
Time:	09:32:17,991
Send:	220001
Receive: 62 00 01 02 8D 00 A1 2B DC 2F 2F 01 D5 01 78 00 00 02 F9 01 73 80 B3 4C A2 9A BC 41 F3 12 95 30 00 E6 08 51 5A 81 AB 2C 72 00 5A 07 CA 00 2B 04 B2 FA 41 7B 45 03 01 7D C8 78 D6 0C 3A 9B 00 06 BA 14 DF AA AA 
Time:	09:32:18,377
Send:	220001
Receive: 62 00 01 02 8D 00 A1 2B 78 2F 33 01 7B 01 39 00 00 02 3D 01 13 80 35 4C 26 9D BC 41 F3 12 95 40 00 E6 07 0A 5A 6A A9 2C 72 00 5A 07 CA 00 2B 04 B2 FA 46 7B 45 03 01 7D C8 78 D6 0C 3A 9B 00 05 1E 11 52 AA AA 
Time:	09:32:18,766
Send:	220001
Receive: 62 00 01 02 8D 00 A1 2B 04 2F 35 01 1F 00 DB 00 00 01 A0 00 C7 80 3A 4C 2B A0 DC 41 F3 12 95 40 00 E6 07 0A 5A 55 6E 2C 72 00 5A 07 CA 00 2B 04 B2 FA 4D 7B 45 03 01 7D C8 78 D6 0C 3A 9B 00 03 74 0D 5C AA AA 
Time:	09:32:19,163
Send:	220001
Receive: 62 00 01 02 8D 00 A1 2A B8 2E F8 00 00 00 FE 00 00 01 B0 00 C9 80 2F 4C 1E 7F FD 41 F3 12 95 40 00 E6 03 7C 5A 00 00 2C 72 00 5A 07 CA 00 2B 04 B2 FA 4F 7B 45 03 01 29 C9 78 D6 0C 3A 9B 00 03 D8 0E 4F AA AA 
Time:	09:32:19,576
Send:	220001
Receive: 62 00 01 02 8D 00 A1 2A 22 2E F1 00 00 01 0C 00 00 01 CD 00 D5 80 2B 4C 19 7F FD 41 F3 12 95 40 00 E6 03 7C 5A 00 00 2C 72 00 5A 07 CC 00 2B 04 B4 FA 55 7B 45 03 01 29 C9 78 D6 0C 3A 9B 00 04 45 0F 44 AA AA 
Time:	09:32:19,989
Send:	220001
Receive: 62 00 01 02 8D 00 A1 29 90 2D 26 01 6E 01 69 16 05 02 17 00 ED 78 2E 4C 22 81 DD 41 F3 12 94 A8 00 E6 03 7C 5A 17 61 2C 72 00 5A 07 D3 00 2B 04 B8 FC F7 7B 45 03 01 3C C8 78 D6 0C 3A 9B 00 04 E5 10 8A AA AA 
Time:	09:32:20,397
Send:	220001
Receive: 62 00 01 02 8D 00 A1 29 44 2D 0C 02 BA 01 F9 14 5C 04 1F 01 E1 79 97 4C 98 83 3D 41 F3 12 95 25 00 E6 04 A6 5A 18 60 2C 72 00 5A 07 D9 00 2B 04 BB FC F4 7B 45 03 01 7C C0 78 D6 0C 3A 9B 00 09 7E 1B 5D AA AA 
Time:	09:32:20,808
Send:	220001
Receive: 62 00 01 02 8D 00 A1 29 4E 2D 22 02 08 01 AA 00 00 03 97 01 A1 80 B4 4C 6F 7E 1D 41 F3 12 94 72 00 E6 04 A6 5A 1A 22 2C 72 00 5A 07 D7 00 2B 04 BA FA 57 7B 45 03 01 7D C8 78 D6 0C 3A 9B 00 08 16 17 FA AA AA 
Time:	09:32:21,203
Send:	220001
Receive: 62 00 01 02 8D 00 A1 29 38 2D 30 01 A8 01 5A 00 00 02 C9 01 46 80 33 4C 24 83 FD 41 F3 12 94 A3 00 E6 05 D1 5A 1B 08 2C 72 00 5A 07 D7 00 2B 04 BB FA 59 7B 45 03 01 7D C8 78 D6 0C 3A 9B 00 06 36 13 D4 AA AA 
Time:	09:32:21,669
Send:	220001
Receive: 62 00 01 02 8D 00 A1 28 60 2C 15 01 69 01 08 05 D1 02 41 01 00 80 36 4C 2A 89 3D 41 F3 12 93 97 00 E6 05 D1 5A 1C CA 2C 72 00 5A 07 E3 00 2B 04 C1 FC F0 7B 45 03 01 7C C8 78 D6 0C 3A 9B 00 05 14 10 57 AA AA 
Time:	09:32:22,135
Send:	220001
Receive: 62 00 01 02 8D 00 A1 29 16 2C 2F 02 10 01 C2 0F C7 03 46 01 72 7E AE 4C 93 84 FD 41 F3 12 93 DC 00 E6 05 D1 5A 1E 91 2C 72 00 5A 07 D7 00 2B 04 BA FC F5 7B 45 03 01 7C C0 78 D6 0C 3A 9B 00 08 33 17 FA AA AA 
Time:	09:32:22,543
Send:	220001
Receive: 62 00 01 02 8D 00 A1 28 E8 2C 2E 02 37 01 BB 0F 61 03 AD 01 A6 7F BE 4C AD 83 FD 41 F3 12 94 47 00 E6 05 D1 5A 1F 72 2C 72 00 5A 07 DA 00 2B 04 BC FC F4 7B 45 03 01 7C C0 78 D6 0C 3A 9B 00 08 81 18 CF AA AA 
Time:	09:32:22,978
Send:	220001
Receive: 62 00 01 02 8D 00 A1 28 DA 2C 2C 02 D5 02 21 18 B8 04 6E 01 F7 80 3C 4C 29 85 5D 41 F3 12 95 0F 00 E6 05 D1 5A 21 39 2C 72 00 5A 07 DC 00 2B 04 BD FC F3 7B 45 03 01 7C C0 78 D6 0C 3A 9B 00 0A D9 1E 61 AA AA 
Time:	09:32:23,374
Send:	220001
Receive: 62 00 01 02 8D 00 A1 29 40 2C 26 03 D2 02 8C 23 56 06 4E 02 E2 80 C5 4C B3 7F 1D 41 F3 12 96 52 00 E6 0A 77 5A 22 FB 2C 72 00 5A 07 D7 00 2B 04 BA FC F5 7B 45 03 01 7C C2 78 D6 0C 3A 9B 00 0E 4C 25 F5 AA AA 
Time:	09:32:23,773
Send:	220001
Receive: 62 00 01 02 8D 00 A1 29 96 2D 29 03 28 02 49 1F FF 05 8A 02 8F 80 40 4C 28 7D 7D 41 F3 12 95 A8 00 E6 0A 77 5A 23 E1 2C 72 00 5A 07 D3 00 2B 04 B8 FC F6 7B 45 03 01 7C C2 78 D6 0C 3A 9B 00 0C 59 21 BF AA AA 
Time:	09:32:24,173
Send:	220001
Receive: 62 00 01 02 8D 00 A1 2A 16 2D 2C 02 7D 01 E3 10 6B 04 77 02 1D 80 35 4C 27 83 BD 41 F3 12 95 66 00 E6 09 E2 5A 25 A3 2C 72 00 5A 07 CC 00 2B 04 B4 FC F9 7B 45 03 01 7C C0 78 D6 0C 3A 9B 00 09 30 1A AF AA AA 
Time:	09:32:24,574
Send:	220001
Receive: 62 00 01 02 8D 00 A1 2A 30 2E 2F 01 D6 01 82 00 00 03 1F 01 77 80 32 4C 24 88 FD 41 F3 12 95 25 00 E6 09 E2 5A 26 89 2C 72 00 5A 07 CB 00 2B 04 B3 FA 56 7B 45 03 01 7D C8 78 D6 0C 3A 9B 00 06 BA 14 FA AA AA 
Time:	09:32:24,967
Send:	220001
Receive: 62 00 01 02 8D 00 A1 29 C0 2D 17 01 8B 01 41 00 00 02 73 01 1F 80 36 4C 27 8D 9D 41 F3 12 94 B3 00 E6 09 E2 5A 28 4B 2C 72 00 5A 07 CF 00 2B 04 B5 FA 58 7B 45 03 01 7D C8 78 D6 0C 3A 9B 00 05 55 11 C5 AA AA 
Time:	09:32:25,370
Send:	220001
Receive: 62 00 01 02 8D 00 A1 29 2E 2D 21 01 34 00 D8 00 00 01 DD 00 DC 80 3C 4C 32 91 9D 41 F3 12 94 32 00 E6 04 A6 5A 2A F3 2C 72 00 5A 07 D7 00 2B 04 BA FA 59 7B 45 03 01 7D C8 78 D6 0C 3A 9B 00 03 D0 0D BC AA AA 
Time:	09:32:25,781
Send:	220001
Receive: 62 00 01 02 8D 00 A1 29 F6 2C 30 02 25 01 EF 22 EB 03 1C 01 71 80 31 4C 24 91 1D 41 F3 12 95 25 00 E6 04 A6 5A 2E 7C 2C 72 00 5A 07 CA 00 2B 04 B3 FC FA 7B 45 03 01 3C C8 78 D6 0C 3A 9B 00 07 81 16 A9 AA AA 
Time:	09:32:26,205
Send:	220001
Receive: 62 00 01 02 8D 00 A1 29 A2 2D 1B 04 56 02 A5 24 FF 06 83 02 FB 80 CD 4C BD 8B 9D 41 F3 12 96 CC 00 E6 0D F5 5A 32 0A 2C 72 00 5A 07 D0 00 2B 04 B6 FC F8 7B 45 03 01 7C C2 78 D6 0C 3A 9B 00 0E D3 27 0E AA AA 
Time:	09:32:26,629
Send:	220001
Receive: 62 00 01 02 8D 00 A1 2A 1C 2D 26 03 EF 02 A5 25 6B 06 6D 02 FC 80 CD 4C B6 84 9D 41 F3 12 96 CC 00 E6 0D F5 5A 32 EB 2C 72 00 5A 07 CA 00 2B 04 B2 FC FA 7B 45 03 01 7C C2 78 D6 0C 3A 9B 00 0E A4 26 AA AA AA 
Time:	09:32:27,026
Send:	220001
Receive: 62 00 01 02 8D 00 A1 2A C0 2E 26 03 98 02 A0 24 FF 06 42 02 F3 80 B3 4C 37 7D BD 41 F3 12 96 52 00 E6 0D F5 5A 33 CC 2C 72 00 5A 07 CA 00 2B 04 B2 FC FA 7B 45 03 01 7C C2 78 D6 0C 3A 9B 00 0E 4B 25 DC AA AA 
Time:	09:32:27,423
Send:	220001
Receive: 62 00 01 02 8D 00 A1 2B 36 2F 2A 03 23 02 47 1D 85 05 4B 02 88 80 3A 4C 2F 86 7D 41 F3 12 95 B8 00 E6 0C CC 5A 33 CC 2C 72 00 5A 07 CA 00 2B 04 B2 FC FA 7B 45 03 01 7C C2 78 D6 0C 3A 9B 00 0B D8 20 8A AA AA 
Time:	09:32:27,830
Send:	220001
Receive: 62 00 01 02 8D 00 A1 2B A2 2F 2C 02 EB 02 33 1A 2D 04 B7 02 40 80 3B 4C 2E 8C FD 41 F3 12 95 E9 00 E6 0C CC 5A 35 93 2C 72 00 5A 07 C9 00 2B 04 B2 FC FA 7B 45 03 01 7C C0 78 D6 0C 3A 9B 00 0A BC 1E 17 AA AA 
Time:	09:32:28,216
Send:	220001
Receive: 62 00 01 02 8D 00 A1 2C 1C 30 27 03 C4 02 A5 23 56 05 F8 02 E2 80 BE 4C AF 88 3D 41 F3 12 95 CE 00 E6 0C 28 59 38 3B 2C 72 00 5A 07 C8 00 2B 04 B1 FC FB 7B 45 03 01 7C C2 78 D6 0C 3A 9B 00 0D C9 24 9C AA AA 
Time:	09:32:28,620
Send:	220001

Fixed toLineMF: 030 62 00 01 02 8D 00 A1 2C A4 30 25 04 C9 8E 80 75 4C 34 84 DD 0C 28 59 3C A5 2C 72 B1 FC FB 7B 45 03 01 7C C2 78 D6 0C 3A 9B 00 11 F1 2D A1 AA AA 
Receive: 62 00 01 02 8D 00 A1 2C A4 30 25 04 C9 8E 80 75 4C 34 84 DD 0C 28 59 3C A5 2C 72 B1 FC FB 7B 45 03 01 7C C2 78 D6 0C 3A 9B 00 11 F1 2D A1 AA AA 

Fixed toLineMF: 030 62 00 01 02 8D 00 A1 2C A4 30 25 04 C9 8E 80 75 4C 34 84 DD 0C 28 59 3C A5 2C 72 B1 FC FB 7B 45 03 01 7C C2 78 D6 0C 3A 9B 00 11 F1 2D A1 AA AA 
Time:	09:32:29,034
Send:	220001
Receive: 62 00 01 02 8D 00 A1 2D 98 31 1E 05 7A 03 FB 37 B3 09 BB 04 F4 80 BC 4C A9 7E 1D 41 F3 12 8E 4D 00 E6 0C 28 59 57 30 2C 72 00 5A 07 C7 00 2B 04 B1 FC FB 7B 45 03 01 7C C2 78 D6 0C 3A 9B 00 15 F2 33 36 AA AA 
Time:	09:32:29,477
Send:	220001
Receive: 62 00 01 02 8D 00 A1 2E E0 33 20 04 FE 03 B5 37 B3 08 EF 04 9D 80 44 4C 3A 7D 5D 41 F3 12 8F E2 00 E6 14 7A 59 50 1E 2C 72 00 5A 07 C7 00 2B 04 B1 FC FB 7B 45 03 01 7C C2 78 D6 0C 3A 9B 00 14 5F 30 A7 AA AA 
Time:	09:32:29,904
Send:	220001
Receive: 62 00 01 02 8D 00 A1 2F CE 34 20 04 D9 03 A1 36 E1 08 BF 04 9B 80 4A 4C 3F 7D 1D 41 F3 12 90 52 00 E6 14 7A 59 4E 57 2C 72 00 5A 07 C6 00 2B 04 B0 FC FC 7B 45 03 01 7C C2 78 D6 0C 3A 9B 00 14 1F 2F 5A AA AA 
Time:	09:32:30,309
Send:	220001
Receive: 62 00 01 02 8D 00 A1 30 CE 35 23 03 DF 02 AF 26 3D 07 74 04 01 80 64 4C 33 7A 1D 41 F3 12 92 DE 00 E6 13 33 58 49 07 2C 72 00 5A 07 C5 00 2B 04 AF FC FC 7B 45 03 01 7C C2 78 D6 0C 3A 9B 00 10 24 27 7C AA AA 
Time:	09:32:30,713
Send:	220001

Fixed toLineMF: 037 62 00 01 02 8D 00 02 67 22 4C 05 52 02 E4 80 35 4C 23 79 3D 13 33 58 42 D6 2C 72 00 5A 07 C3 00 2B 04 AF FC FC 7B 45 03 01 7C C2 78 D6 0C 3A 9B 00 0C 44 1F 76 AA AA 
Receive: 62 00 01 02 8D 00 02 67 22 4C 05 52 02 E4 80 35 4C 23 79 3D 13 33 58 42 D6 2C 72 00 5A 07 C3 00 2B 04 AF FC FC 7B 45 03 01 7C C2 78 D6 0C 3A 9B 00 0C 44 1F 76 AA AA 

Fixed toLineMF: 037 62 00 01 02 8D 00 02 67 22 4C 05 52 02 E4 80 35 4C 23 79 3D 13 33 58 42 D6 2C 72 00 5A 07 C3 00 2B 04 AF FC FC 7B 45 03 01 7C C2 78 D6 0C 3A 9B 00 0C 44 1F 76 AA AA 
Time:	09:32:31,093
Send:	220001
Receive: 62 00 01 02 8D 00 A1 31 9A 36 25 03 A8 02 D5 28 BD 06 99 03 9B 80 B1 4C A5 7B BD 41 F3 12 93 77 00 E6 0E EE 58 45 7E 2C 72 00 5A 07 C3 00 2B 04 AE FC FD 7B 45 03 01 7C C2 78 D6 0C 3A 9B 00 0F 37 25 0F AA AA 
Time:	09:32:31,483
Send:	220001

Fixed toLineMF: 03E 62 00 01 02 8D 00 A1 31 F4 36 26 03 69 02 C3 27 47 06 91 03 9D 80 B0 4C 89 73 9D 41 F3 12 93 47 00 E6 0E EE 58 47 45 2C 72 FF 5A 07 C2 00 2B 04 7C C2 78 D6 0C 3A 9B 00 0F 06 24 73 AA AA 
Receive: 62 00 01 02 8D 00 A1 31 F4 36 26 03 69 02 C3 27 47 06 91 03 9D 80 B0 4C 89 73 9D 41 F3 12 93 47 00 E6 0E EE 58 47 45 2C 72 FF 5A 07 C2 00 2B 04 7C C2 78 D6 0C 3A 9B 00 0F 06 24 73 AA AA 

Fixed toLineMF: 03E 62 00 01 02 8D 00 A1 31 F4 36 26 03 69 02 C3 27 47 06 91 03 9D 80 B0 4C 89 73 9D 41 F3 12 93 47 00 E6 0E EE 58 47 45 2C 72 FF 5A 07 C2 00 2B 04 7C C2 78 D6 0C 3A 9B 00 0F 06 24 73 AA AA 
Time:	09:32:31,882
Send:	220001
Receive: 62 00 01 02 8D 00 A1 32 64 36 1C 01 CC 01 B4 00 00 03 A4 02 10 80 5C 4C 2B 77 BD 41 F3 12 96 78 00 E6 0E EE 58 48 26 2C 72 00 5A 07 C2 00 2B 04 AE FA 01 7B 45 03 01 7D C8 78 D6 0C 3A 9B 00 08 58 16 BF AA AA 
Time:	09:32:32,284
Send:	220001
Receive: 62 00 01 02 8D 00 A1 31 B4 36 25 01 6B 01 52 00 00 02 AB 01 7D 80 50 4C 5F 7D 9D 41 F3 12 95 30 00 E6 06 66 58 4A CE 2C 72 00 5A 07 C1 00 2B 04 AD F9 FF 7B 45 03 01 7D C8 78 D7 0C 3A 9B 00 06 01 11 E4 AA AA 
Time:	09:32:32,703
Send:	220001
Receive: 62 00 01 02 8D 00 A1 31 2C 35 19 01 0D 01 16 00 00 01 E5 01 03 80 36 4C 23 7D FD 41 F3 12 95 40 00 E6 06 66 58 50 1E 2C 72 00 5A 07 C1 00 2B 04 AD FA 06 7B 45 03 01 7D C8 78 D7 0C 3A 9B 00 04 5C 0E 26 AA AA 
Time:	09:32:33,106
Send:	220001
Receive: 62 00 01 02 8D 00 A1 30 9E 35 F0 00 00 01 19 00 00 01 F1 01 08 80 31 4C 1E 7F FD 41 F3 12 95 40 00 E6 03 8E 58 00 00 2C 72 00 5A 07 C1 00 2B 04 AD FA 0D 7B 45 03 01 29 C9 78 D7 0C 3A 9B 00 04 70 0E FD AA AA 
Time:	09:32:33,515
Send:	220001
Receive: 62 00 01 02 8D 00 A1 2F DC 34 EE 00 00 01 2B 00 00 01 EF 01 05 80 2B 4C 17 7F FD 41 F3 12 95 40 00 E6 03 8E 58 00 00 2C 72 00 5A 07 C2 00 2B 04 AE FA 14 7B 45 03 01 29 C9 78 D7 0C 3A 9B 00 04 75 0F 17 AA AA 
Time:	09:32:33,924
Send:	220001
Receive: 62 00 01 02 8D 00 A1 2F 1E 33 EE 00 00 01 28 00 00 01 E2 00 F8 80 2B 4C 16 7F FD 41 F3 12 95 40 00 E6 03 8E 58 00 00 2C 72 00 5A 07 C3 00 2B 04 AE FA 1D 7B 45 03 01 29 C9 78 D7 0C 3A 9B 00 04 47 0F 31 AA AA 
Time:	09:32:34,315
Send:	220001
Receive: 62 00 01 02 8D 00 A1 2E 38 32 F0 00 00 01 23 00 00 01 DF 00 F3 80 2A 4C 15 7F FD 41 F3 12 95 40 00 E6 00 00 58 00 00 2C 72 00 5A 07 C4 00 2B 04 AF FA 29 7B 45 03 01 29 C9 78 D7 0C 3A 9B 00 04 48 0F 3B AA AA 
Time:	09:32:34,706
Send:	220001
Receive: 62 00 01 02 8D 00 A1 2D AC 31 F0 00 00 01 21 00 00 01 D8 00 ED 80 2B 4C 16 7F FD 41 F3 12 95 40 00 E6 00 00 58 00 00 2C 72 00 5A 07 C5 00 2B 04 AF FA 2F 7B 45 03 01 29 C9 78 D7 0C 3A 9B 00 04 3C 0F 21 AA AA 
Time:	09:32:35,103
Send:	220001
Receive: 62 00 01 02 8D 00 A1 2C C2 31 F0 00 00 01 1E 00 00 01 D3 00 E6 80 2B 4C 15 7F FD 41 F3 12 95 40 00 E6 00 00 59 00 00 2C 72 00 5A 07 C5 00 2B 04 B0 FA 3B 7B 45 03 01 29 C9 78 D7 0C 3A 9B 00 04 2E 0F 07 AA AA 
Time:	09:32:35,507
Send:	220001
Receive: 62 00 01 02 8D 00 A1 2D 74 30 1F 05 DC 04 34 72 BD 07 AC 03 9B 78 33 4C 3F 81 7D 41 F3 12 93 42 00 E6 00 00 59 17 07 2C 72 00 5A 07 C6 00 2B 04 B0 FC FB 7B 45 03 01 3C CA 78 D7 0C 3A 9B 00 12 D1 2E CA AA AA 
Time:	09:32:35,904
Send:	220001
Receive: 62 00 01 02 8D 00 A1 2D 3A 31 16 07 6A 08 57 65 A3 0D B3 06 F7 79 CF 4C B4 77 3D 41 F3 12 8E 48 00 E6 00 00 59 B1 71 2C 72 00 5A 07 C7 00 2B 04 B1 FC FB 7B 45 03 01 3C CA 78 D7 0C 3A 9B 00 1F 40 3D F5 AA AA 
Time:	09:32:36,304
Send:	220001
Receive: 62 00 01 02 8D 00 A1 2E AE 32 19 06 D4 06 42 6C 4C 0C FE 06 BB 77 C4 4C 9E 6E 7D 41 F3 12 8E 08 00 E6 1B 85 59 72 9C 2C 72 00 5A 07 C7 00 2B 04 B1 FC FB 7B 45 03 01 3C C2 78 D7 0C 3A 9B 00 1D 0E 3C 06 AA AA 
Time:	09:32:36,713
Send:	220001
Receive: 62 00 01 02 8D 00 A1 2F CA 34 1A 06 73 06 30 75 A8 0C AE 06 AE 79 73 4C 24 6C 3D 41 F3 12 8D C8 00 E6 1B 85 59 67 20 2C 72 00 5A 07 C6 00 2B 04 B0 FC FB 7B 45 03 01 3C C2 78 D7 0C 3A 9B 00 1D 0D 3B B8 AA AA 
Time:	09:32:37,123
Send:	220001
Receive: 62 00 01 02 8D 00 A1 31 66 35 1A 06 C3 06 3B 75 A8 0C B4 06 ED 7B 68 4C 2E 75 5D 41 F3 12 8D 58 00 E6 1C 71 59 6E 32 2C 72 00 5A 07 C6 00 2B 04 B0 FC FC 7B 45 03 01 3C C2 78 D7 0C 3A 9B 00 1D 26 3B 90 AA AA 
Time:	09:32:37,505
Send:	220001
Receive: 62 00 01 02 8D 00 A1 32 DC 37 19 06 97 06 6F 75 09 0C DA 07 38 7D B0 4C 3D 70 7D 41 F3 12 8D 61 00 E6 1C 71 58 7C 5B 2C 72 00 5A 07 C4 00 2B 04 AF FD 0F 7B 45 03 01 3C C2 78 D7 0C 3A 9B 00 1D 83 3B CF AA AA 
Time:	09:32:37,894
Send:	220001
Receive: 62 00 01 02 8D 00 A1 34 50 38 19 06 C9 06 AB 75 3D 0D 05 07 86 7E AD 4C 79 74 3D 41 F3 12 8D A1 00 E6 1C 71 58 90 B5 2C 72 00 5A 07 C3 00 2B 04 AE FD 32 7B 45 03 01 3C C2 78 D7 0C 3A 9B 00 1D E9 3C 04 AA AA 
Time:	09:32:38,294
Send:	220001
Receive: 62 00 01 02 8D 00 A1 35 BA 3A 19 06 D1 06 F3 75 3D 0D 60 07 EE 80 B4 4C 88 70 FD 41 F3 12 8D E1 00 E6 20 00 57 B0 90 2C 72 00 5A 07 C1 00 2B 04 AD FD 54 7B 45 03 01 3C C2 78 D7 0C 3A 9B 00 1E BA 3C 30 AA AA 
Time:	09:32:38,677
Send:	220001
Receive: 62 00 01 02 8D 00 A1 36 E4 3B 19 06 E2 07 A6 75 3D 0E 20 08 8A 80 AD 4C 2D 69 DD 41 F3 12 8E 17 00 E6 20 00 57 E2 18 2C 72 FF 5A 07 C0 00 2B 04 AC FD 6F 7B 45 03 01 3C C2 78 D7 0C 3A 9B 00 21 3D 3D 8C AA AA 
Time:	09:32:39,067
Send:	220001
Receive: 62 00 01 02 8D 00 A1 38 6C 3D 17 06 A7 07 5E 75 3D 0E 84 09 18 80 BB 4C 9D 67 1D 41 F3 12 8E 4D 00 E6 20 00 57 FA 00 2C 72 FF 5A 07 BE 00 2B 04 AB FD 94 7B 45 03 01 3C C2 78 D7 0C 3A 9B 00 21 86 3C 96 AA AA 
Time:	09:32:39,465
Send:	220001
Receive: 62 00 01 02 8D 00 A1 39 DA 3E 19 06 34 05 F0 74 65 0D F4 08 F5 80 85 4C 29 66 5D 41 F3 12 8E 98 00 E6 20 CB 56 FA 00 2C 72 FF 5A 07 BD 00 2B 04 AA FD B6 7B 45 03 01 3C C2 78 D7 0C 3A 9B 00 1F DE 39 B8 AA AA 
Time:	09:32:39,859
Send:	220001
Receive: 62 00 01 02 8D 00 A1 3A EC 40 1B 04 FD 04 B6 31 0F 0B DF 08 20 80 85 4C 2A 69 3D 41 F3 12 8E C4 00 E6 20 CB 56 FA 00 2C 72 FF 5A 07 BB 00 2B 04 AA FD CE 7B 45 03 01 3C C2 78 D7 0C 3A 9B 00 16 1E 2C B8 AA AA 
Time:	09:32:40,255
Send:	220001
Receive: 62 00 01 02 8D 00 A1 3A C4 3F 16 01 67 01 C7 00 00 03 F9 02 98 80 39 4C 1C 67 5D 41 F3 12 95 81 00 E6 05 98 56 BE B4 2C 72 00 5A 07 BA 00 2B 04 A9 FA CC 7B 45 03 01 3D C8 78 D7 0C 3A 9B 00 09 0D 15 3E AA AA 
Time:	09:32:40,647
Send:	220001
Receive: 62 00 01 02 8C 00 A1 3A 52 3F 14 01 5A 01 52 00 00 03 30 02 0D 80 3F 4C 2B 6D 9D 41 F3 12 94 62 00 E6 05 98 55 8C 46 2C 72 00 5A 07 BA 00 2B 04 A9 FA C3 7B 45 03 01 3D C8 78 D7 0C 3A 9B 00 06 A7 10 60 AA AA 
Time:	09:32:41,046
Send:	220001
Receive: 62 00 01 02 8C 00 A1 38 9A 3E 0A 00 FD 01 0C 00 00 02 3A 01 66 80 50 4C 2A 68 7D 41 F3 12 93 47 00 E6 05 98 55 6D 51 2C 72 00 5A 07 B9 00 2B 04 A9 FA 97 7B 45 03 03 3D E8 78 D7 0C 3A 9B 00 05 13 0D E0 AA AA 
Time:	09:32:41,468
Send:	220001
Receive: 62 00 01 02 8C 00 A1 35 9C 3B F0 00 00 01 12 00 00 02 0A 01 32 80 3A 4C 1E 7F FD 41 F3 12 94 12 00 E6 03 FF 56 00 00 2C 72 00 5A 07 BA 00 2B 04 A9 FA 4F 7B 45 03 03 29 E9 78 D7 0C 3A 9B 00 04 8E 0E 18 AA AA 
Time:	09:32:41,946
Send:	220001
Receive: 62 00 01 02 8C 00 A1 2F 7C 34 F1 00 00 01 0C 00 00 01 B1 00 E0 80 33 4C 16 7F FD 41 F3 12 95 40 00 E6 03 FF 56 00 00 2C 72 00 5A 07 BB 00 2B 04 A9 FA 23 7B 45 03 03 29 E9 78 D7 0C 3A 9B 00 03 D9 0E 3D AA AA 
Time:	09:32:42,336
Send:	220001
Receive: 62 00 01 02 8C 00 A1 29 88 2E F0 00 00 01 03 00 00 01 EB 00 DC 80 2F 4C 16 7F FD 41 F3 12 93 C2 00 E6 00 00 56 00 00 2C 72 00 5A 07 CA 00 2B 04 B2 FA 60 7B 45 03 03 29 E9 78 D7 0C 3A 9B 00 04 AB 0F 2B AA AA 
Time:	09:32:42,741
Send:	220001
Receive: 62 00 01 02 8C 00 A1 22 D0 26 ED 00 00 00 C7 00 00 02 4D 00 DC 80 2F 4C 16 7F FD 41 F3 12 8F 3C 00 E6 00 00 57 00 00 2C 72 00 5A 08 1C 00 2B 04 E4 FA 80 7B 45 03 03 29 E9 78 D7 0C 3A 9B 00 05 6A 0F 4F AA AA 
Time:	09:32:43,134
Send:	220001
Receive: 62 00 01 02 8C 00 A1 1D 90 20 EE 00 00 00 95 00 00 02 08 00 A5 80 2F 4C 16 7F FD 41 F3 12 8E D8 00 E6 00 00 57 00 00 2C 72 00 5A 08 5F 00 2B 05 0D FB 4C 7B 45 03 03 29 E9 78 D7 0C 3A 9B 00 04 5F 0F D8 AA AA 
Time:	09:32:43,524
Send:	220001
Receive: 62 00 01 02 8B 00 A1 18 E6 1B ED 00 00 00 92 00 00 02 3D 00 96 80 2F 4C 16 7F FD 41 F3 12 8D 36 00 E6 00 00 57 00 00 2C 72 00 5A 08 97 00 2B 05 2E FC 6D 7B 45 03 03 29 E9 78 D7 0C 3A 9B 00 05 5A 11 E1 AA AA 
Time:	09:32:43,924
Send:	220001
Receive: 62 00 01 02 8C 00 A1 16 88 18 EC 00 00 00 88 00 00 02 9B 00 A3 80 2E 4C 16 7F FD 41 F3 12 8A C7 00 E6 00 00 58 00 00 2C 72 00 5A 08 99 00 2B 05 2F FD 24 7B 45 03 03 29 E9 78 D7 0C 3A 9B 00 05 F5 13 61 AA AA 
Time:	09:32:44,344
Send:	220001
Receive: 62 00 01 02 8C 00 A1 15 5E 17 EC 00 00 00 79 00 00 02 87 00 98 80 2E 4C 16 7F FD 41 F3 12 8A D1 00 E6 00 00 58 00 00 2C 72 00 5A 08 9B 00 2B 05 30 FD 9A 7B 45 03 03 29 E9 78 D7 0C 3A 9B 00 05 A6 13 40 AA AA 
Time:	09:32:44,743
Send:	220001
Receive: NO DATA
Time:	09:32:45,045
Send:	220001
Receive: NO DATA
Time:	09:32:45,322
Send:	220001
Receive: NO DATA
Time:	09:32:45,606
Send:	220001
Receive: NO DATA
Time:	09:32:45,882
Send:	220001
Receive: NO DATA
Time:	09:32:46,169
Send:	220001
Receive: NO DATA
Time:	09:32:46,483
Send:	220001
Receive: NO DATA
Time:	09:32:46,772
Send:	220001
Receive: 62 00 01 02 8C 00 A1 15 86 11 2D 02 36 03 42 62 51 04 59 01 01 7C C8 4C A6 77 5D 41 F3 12 86 DA 00 E6 02 3D 59 17 07 2C 72 00 5A 08 A0 00 2B 05 8F FD 95 7B 45 03 01 7C CA 78 D7 0C 3A 9B 00 1D AC 3D F6 AA AA 
Time:	09:32:47,165
Send:	220001
Receive: 62 00 01 02 8D 00 A1 26 52 11 09 02 CB 00 E2 00 00 06 2C 03 66 80 D4 4C BA 75 9D 41 F3 12 95 D3 00 E6 14 AC 5A 1D B0 2C 72 00 5A 07 D0 00 2B 05 09 FA 68 7B 45 03 01 3D CA 78 D7 0C 3A 9B 00 07 41 19 68 AA AA 
Time:	09:32:47,558
Send:	220001
Receive: 62 00 01 02 8D 00 A1 29 3A 11 34 00 FB 00 D8 00 00 01 D0 00 CF 80 30 4C 1C 78 3D 41 F3 12 93 B7 00 E6 14 AC 5A 19 41 2C 72 00 5A 07 DB 00 2B 05 0F FA 5C 7B 45 03 05 3D C8 78 D7 0C 3A 9B 00 04 25 0E 0E AA AA 
Time:	09:32:47,953
Send:	220001
Receive: 62 00 01 02 8D 00 A1 25 44 11 21 03 FD 02 D2 31 75 05 71 02 02 80 34 4C 23 7C 1D 41 F3 12 94 27 00 E6 14 AC 59 1B 08 2C 72 00 5A 08 04 00 2B 05 2A FC E3 7B 45 03 05 7C CA 78 D7 0C 3A 9B 00 11 3D 2A 38 AA AA 
Time:	09:32:48,351
Send:	220001
Receive: 62 00 01 02 8D 00 A1 29 BC 11 26 03 9A 02 B2 29 28 06 55 02 F3 80 AC 4C 4A 74 DD 41 F3 12 96 BB 00 E6 0D 55 59 1C CA 2C 72 00 5A 07 C9 00 2B 05 04 FC FA 7B 45 03 05 7C C2 78 D7 0C 3A 9B 00 0E AC 26 FC AA AA 
Time:	09:32:48,741
Send:	220001
Receive: 62 00 01 02 8D 00 A1 22 A2 13 27 03 F5 02 44 24 C7 06 76 02 40 80 4F 4C 83 7D 9D 41 F3 12 90 66 00 E6 0D 55 59 1D B0 2C 72 00 5A 08 32 00 2B 05 48 FC D2 7B 45 03 05 7C C2 78 D7 0C 3A 9B 00 0E 3F 27 2D AA AA 
Time:	09:32:49,136
Send:	220001

Fixed toLineMF: 03E 62 00 01 02 8D 00 A1 1D F2 14 21 03 C9 02 3A 2B 3D 06 D8 02 46 80 5C 4C 2C 7A 1D 41 F3 12 8F 50 00 E6 09 62 59 20 58 2C 72 00 5A 08 57 00 2B 05 60 FC C3 7B 45 03 05 00 0F 7C 29 B7 AA AA 
Receive: 62 00 01 02 8D 00 A1 1D F2 14 21 03 C9 02 3A 2B 3D 06 D8 02 46 80 5C 4C 2C 7A 1D 41 F3 12 8F 50 00 E6 09 62 59 20 58 2C 72 00 5A 08 57 00 2B 05 60 FC C3 7B 45 03 05 00 0F 7C 29 B7 AA AA 

Fixed toLineMF: 03E 62 00 01 02 8D 00 A1 1D F2 14 21 03 C9 02 3A 2B 3D 06 D8 02 46 80 5C 4C 2C 7A 1D 41 F3 12 8F 50 00 E6 09 62 59 20 58 2C 72 00 5A 08 57 00 2B 05 60 FC C3 7B 45 03 05 00 0F 7C 29 B7 AA AA 
Time:	09:32:49,534
Send:	220001
Receive: 62 00 01 02 8D 00 A1 1F 34 15 20 04 4C 02 67 2E FA 07 B0 02 A5 80 BD 4C A9 7A DD 41 F3 12 90 24 00 E6 09 62 59 22 FB 2C 72 00 5A 08 49 00 2B 05 56 FC C9 7B 45 03 05 7C C2 78 D7 0C 3A 9B 00 11 D6 2B BD AA AA 
Time:	09:32:49,959
Send:	220001
Receive: 62 00 01 02 8D 00 A1 21 38 17 1E 04 B6 02 AD 36 E1 08 B9 03 46 80 D1 4C B9 74 7D 41 F3 12 91 1E 00 E6 09 62 59 27 6A 2C 72 00 5A 08 2D 00 2B 05 45 FC D3 7B 45 03 01 7C C2 78 D7 0C 3A 9B 00 13 D0 2E 59 AA AA 
Time:	09:32:50,356
Send:	220001
Receive: 62 00 01 02 8D 00 A1 23 5A 18 20 04 6C 02 B2 37 47 08 89 03 53 80 D5 4C B9 6D DD 41 F3 12 92 60 00 E6 0C CC 59 28 4B 2C 72 00 5A 08 15 00 2B 05 35 FC DD 7B 45 03 01 7C C2 78 D7 0C 3A 9B 00 13 51 2D 87 AA AA 
Time:	09:32:50,746
Send:	220001
Receive: 62 00 01 02 8D 00 A1 25 F2 1A 1F 04 98 03 4A 3A 9E 09 0C 03 CD 80 82 4C 2E 6A 9D 41 F3 12 90 B8 00 E6 0C CC 58 30 43 2C 72 00 5A 07 F4 00 2B 05 20 FC EA 7B 45 03 01 7C C2 78 D7 0C 3A 9B 00 14 DA 32 C9 AA AA 
Time:	09:32:51,136
Send:	220001
Receive: 62 00 01 02 8D 00 A1 28 F4 1C 1F 04 DE 03 B2 3B DB 09 5B 04 40 80 37 4C 24 72 1D 41 F3 12 8F C4 00 E6 10 48 58 37 55 2C 72 00 5A 07 CF 00 2B 05 08 FC F8 7B 45 03 01 7C C2 78 D7 0C 3A 9B 00 15 FC 35 1B AA AA 
Time:	09:32:51,534
Send:	220001
Receive: 62 00 01 02 8D 00 A1 2A FC 1E 20 04 E1 03 A4 39 C7 08 E1 04 33 80 3C 4C 23 79 FD 41 F3 12 90 8A 00 E6 10 48 58 34 AD 2C 72 00 5A 07 C3 00 2B 05 00 FC FD 7B 45 03 01 7C C2 78 D7 0C 3A 9B 00 14 40 31 98 AA AA 
Time:	09:32:51,933
Send:	220001
Receive: 62 00 01 02 8D 00 A1 2E 52 20 1E 05 89 04 23 3D BD 09 C4 05 0F 80 A8 4C 9F 7D 9D 41 F3 12 8E 0D 00 E6 10 48 58 3A E3 2C 72 00 5A 07 C2 00 2B 05 00 FC FD 7B 45 03 01 7C C2 78 D7 0C 3A 9B 00 16 B3 33 CA AA AA 
Time:	09:32:52,326
Send:	220001
Receive: 62 00 01 02 8D 00 A1 31 80 22 1E 05 1F 04 05 3D BD 09 C9 05 5E 80 C0 4C A6 74 BD 41 F3 12 8D 4E 00 E6 16 C1 57 39 1C 2C 72 00 5A 07 C1 00 2B 04 FF FC FD 7B 45 03 01 7C C2 78 D7 0C 3A 9B 00 16 67 31 F0 AA AA 
Time:	09:32:52,767
Send:	220001
Receive: 62 00 01 02 8D 00 A1 34 62 24 1E 04 FD 04 0F 37 47 09 8F 05 9A 80 48 4C 29 74 1D 41 F3 12 8D B5 00 E6 16 C1 57 38 3B 2C 72 00 5A 07 C0 00 2B 04 FE FD 33 7B 45 03 01 7C C2 78 D7 0C 3A 9B 00 12 88 2A DD AA AA 
Time:	09:32:53,167
Send:	220001
Receive: 62 00 01 02 8D 00 A1 34 BC 25 0E 01 0F 00 CC 00 00 02 98 01 81 80 45 4C 25 72 5D 41 F3 12 94 C3 00 E6 05 98 57 2C BA 2C 72 00 5A 07 BF 00 2B 04 FE FA 3B 7B 45 03 05 7D C8 78 D7 0C 3A 9B 00 05 4A 0F F5 AA AA 
Time:	09:32:53,568
Send:	220001
Receive: 62 00 01 02 8D 00 A1 30 CA 25 35 00 FC 01 1E 00 00 01 DC 00 FD 80 39 4C 24 77 1D 41 F3 12 95 40 00 E6 05 98 56 2F 62 2C 72 00 5A 07 BE 00 2B 04 FD FA 0E 7B 45 03 05 7D C8 78 D7 0C 3A 9B 00 03 FF 0E 6A AA AA 
Time:	09:32:53,965
Send:	220001
Receive: 62 00 01 02 8D 00 A1 28 12 25 20 03 9F 02 8F 27 B3 04 DC 01 D2 78 31 4C 1C 81 1D 41 F3 12 94 42 00 E6 05 98 56 2D 9B 2C 72 00 5A 07 E2 00 2B 05 15 FC F0 7B 45 03 05 3C C8 78 D7 0C 3A 9B 00 0F D1 26 16 AA AA 
Time:	09:32:54,353
Send:	220001
Receive: 62 00 01 02 8D 00 A1 22 A6 25 1F 05 29 02 BC 37 47 08 99 03 4F 79 D6 4C C5 7B 7D 41 F3 12 91 ED 00 E6 0E 45 56 35 93 2C 72 00 5A 08 16 00 2B 05 36 FC DD 7B 45 03 05 7C C2 78 D7 0C 3A 9B 00 14 53 2F 2E AA AA 
Time:	09:32:54,760
Send:	220001
Receive: 62 00 01 02 8D 00 A1 23 60 26 1D 05 6A 03 3B 3D BD 09 80 03 BB 75 DA 4C C1 74 BD 41 F3 12 8F 78 00 E6 0E 45 57 3D 86 2C 72 00 5A 08 0C 00 2B 05 2F FC E0 7B 45 03 01 7C C2 78 D7 0C 3A 9B 00 16 63 33 6E AA AA 
Time:	09:32:55,150
Send:	220001
Receive: 62 00 01 02 8D 00 A1 24 64 27 1A 05 C5 03 EC 43 FA 0A C4 04 49 78 DA 4C BD 6D 9D 41 F3 12 8F 5F 00 E6 11 99 57 5F 28 2C 72 00 5A 08 00 00 2B 05 27 FC E5 7B 45 03 01 7C C2 78 D7 0C 3A 9B 00 18 A0 38 87 AA AA 
Time:	09:32:55,544
Send:	220001

Fixed toLineMF: 03E 62 00 01 02 8D 00 A1 25 80 28 18 05 95 04 CF 48 C2 0B 69 04 BA 7A D0 4C AC 66 3D 41 F3 12 8F 5F 00 E6 11 99 57 AE C9 2C 72 00 5A 07 F4 00 2B 05 20 FC EA 7B 45 03 01 7C C2 78 D7 0C 3A 9B 
Receive: 62 00 01 02 8D 00 A1 25 80 28 18 05 95 04 CF 48 C2 0B 69 04 BA 7A D0 4C AC 66 3D 41 F3 12 8F 5F 00 E6 11 99 57 AE C9 2C 72 00 5A 07 F4 00 2B 05 20 FC EA 7B 45 03 01 7C C2 78 D7 0C 3A 9B 

Fixed toLineMF: 03E 62 00 01 02 8D 00 A1 25 80 28 18 05 95 04 CF 48 C2 0B 69 04 BA 7A D0 4C AC 66 3D 41 F3 12 8F 5F 00 E6 11 99 57 AE C9 2C 72 00 5A 07 F4 00 2B 05 20 FC EA 7B 45 03 01 7C C2 78 D7 0C 3A 9B 
Time:	09:32:55,920
Send:	220001
Receive: 62 00 01 02 8D 00 A1 26 A6 2A 19 05 63 05 23 48 C2 0B 92 04 F2 7C 3C 4C 25 69 5D 41 F3 12 8F 5F 00 E6 11 99 57 E2 FE 2C 72 00 5A 07 E5 00 2B 05 16 FC EF 7B 45 03 01 7C C2 78 D7 0C 3A 9B 00 1A 8B 3C 1A AA AA 
Time:	09:32:56,317
Send:	220001
Receive: 62 00 01 02 8D 00 A1 27 AA 2B 1A 05 95 05 7D 49 28 0B B1 05 21 7E 38 4C 22 71 1D 41 F3 12 8F 5F 00 E6 11 99 57 FA 00 2C 72 00 5A 07 DA 00 2B 05 0F FC F4 7B 45 03 01 7C C2 78 D7 0C 3A 9B 00 1A C1 3C 92 AA AA 
Time:	09:32:56,698
Send:	220001
Receive: 62 00 01 02 8D 00 A1 29 14 2C 19 05 F8 05 F0 49 28 0B D2 05 6B 80 3A 4C 24 79 1D 41 F3 12 8F 5F 00 E6 11 99 56 FA 00 2C 72 00 5A 07 C8 00 2B 05 04 FC FB 7B 45 03 01 3C C2 78 D7 0C 3A 9B 00 1B 2B 3C BC AA AA 
Time:	09:32:57,076
Send:	220001
Receive: 62 00 01 02 8D 00 A1 29 DC 2D 19 06 48 05 F7 49 28 0B F2 05 8C 80 3E 4C 28 7F 1D 41 F3 12 8F 5F 00 E6 11 99 56 FA 00 2C 72 00 5A 07 C0 00 2B 04 FE FC FE 7B 45 03 01 3C C2 78 D7 0C 3A 9B 00 1B 78 3C 76 AA AA 
Time:	09:32:57,466
Send:	220001
Receive: 62 00 01 02 8D 00 A1 2B 3E 2F 1A 05 B6 05 14 46 42 0B 33 05 6C 80 AC 4C 67 7D BD 41 F3 12 8F 05 00 E6 17 44 56 FA 00 2C 72 00 5A 07 BD 00 2B 04 FC FC FF 7B 45 03 01 3C C2 78 D7 0C 3A 9B 00 19 96 39 D6 AA AA 
Time:	09:32:57,847
Send:	220001
Receive: 62 00 01 02 8D 00 A2 2C 74 30 1D 05 8D 04 43 42 84 0A 19 05 00 80 55 4C 5E 88 3D 41 F3 12 8E BF 00 E6 17 44 56 FA 00 2C 72 00 5A 07 BC 00 2B 04 FC FC FF 7B 45 03 01 7C C2 78 D7 0C 3A 9B 00 17 C3 36 9E AA AA 
Time:	09:32:58,237
Send:	220001
Receive: 62 00 01 02 8D 00 A2 2D E2 31 1D 05 83 04 5C 41 E6 0A 5D 05 3D 80 B1 4C 82 82 9D 41 F3 12 8E 4D 00 E6 16 66 56 FA 00 2C 72 00 5A 07 BB 00 2B 04 FB FD 00 7B 45 03 01 7C C2 78 D7 0C 3A 9B 00 17 A7 36 0F AA AA 
Time:	09:32:58,633
Send:	220001
Receive: 62 00 01 02 8D 00 A2 2E F4 33 1D 05 6E 04 55 41 42 0A 4C 05 57 80 BA 4C 9F 80 DD 41 F3 12 8E 08 00 E6 16 66 56 FA 00 2C 72 00 5A 07 BA 00 2B 04 FB FD 00 7B 45 03 01 7C C2 78 D7 0C 3A 9B 00 17 AA 35 84 AA AA 
Time:	09:32:59,059
Send:	220001
Receive: 62 00 01 02 8D 00 A1 30 12 34 1D 05 78 04 48 40 DB 0A 47 05 7B 80 B1 4C 8B 82 3D 41 F3 12 8D B5 00 E6 16 66 55 FA 00 2C 72 00 5A 07 BA 00 2B 04 FA FD 00 7B 45 03 01 7C C2 78 D7 0C 3A 9B 00 17 6A 34 9E AA AA 
Time:	09:32:59,458
Send:	220001
Receive: 62 00 01 02 8D 00 A1 31 4A 35 1D 05 78 04 3E 40 DB 0A 36 05 92 80 6D 4C 2F 84 5D 41 F3 12 8D 66 00 E6 18 2D 55 FA 00 2C 72 00 5A 07 B9 00 2B 04 FA FD 00 7B 45 03 01 7C C2 78 D7 0C 3A 9B 00 17 5F 33 FA AA AA 
Time:	09:32:59,846
Send:	220001
Receive: 62 00 01 02 8D 00 A1 32 4E 36 1F 05 31 04 2D 40 04 0A 14 05 9B 80 64 4C 28 7F DD 41 F3 12 8D 49 00 E6 18 2D 55 FA 00 2C 72 FF 5A 07 B8 00 2B 04 F9 FD 06 7B 45 03 01 7C C2 78 D7 0C 3A 9B 00 17 17 33 28 AA AA 
Time:	09:33:00,238
Send:	220001
Receive: 62 00 01 02 8D 00 A1 33 44 37 1F 04 A4 03 C4 33 F5 09 62 05 6E 80 A8 4C 4A 7C 7D 41 F3 12 8D F4 00 E6 17 77 55 FA 00 2C 72 FF 5A 07 B8 00 2B 04 F9 FD 1E 7B 45 03 01 7C C2 78 D7 0C 3A 9B 00 13 D3 2D 6F AA AA 
Time:	09:33:00,624
Send:	220001
Receive: 62 00 01 02 8D 00 A1 33 36 38 1C 01 B1 01 B4 00 00 03 D6 02 29 80 3B 4C 1F 7F BD 41 F3 12 97 9A 00 E6 17 77 55 A7 B7 2C 72 00 5A 07 B8 00 2B 04 F9 FA 1C 7B 45 03 01 7D C8 78 D7 0C 3A 9B 00 08 7A 17 19 AA AA 
Time:	09:33:01,023
Send:	220001
Receive: 62 00 01 02 8D 00 A1 32 FE 37 1E 01 6F 01 52 00 00 02 D7 01 98 80 40 4C 2B 85 BD 41 F3 12 95 04 00 E6 17 77 55 81 AB 2C 72 00 5A 07 B7 00 2B 04 F9 FA 15 7B 45 03 01 7D C8 78 D7 0C 3A 9B 00 06 37 12 12 AA AA 
Time:	09:33:01,461
Send:	220001
Receive: 62 00 01 02 8D 00 A1 2F 36 37 F3 00 00 01 0F 00 00 01 A6 00 D6 80 50 4C 2B 7F FD 41 F3 12 95 40 00 E6 05 B0 55 00 00 2C 72 00 5A 07 B7 00 2B 04 F9 FA 2B 7B 45 03 05 29 C9 78 D7 0C 3A 9B 00 03 DD 0E 6B AA AA 
Time:	09:33:01,957
Send:	220001
Receive: 62 00 01 02 8D 00 A1 23 7C 36 FC 01 AA 00 C7 24 28 02 5A 00 E0 78 30 4C 16 7F FD 41 F3 12 8F B5 00 E6 05 B0 55 17 07 2C 72 00 5A 08 10 00 2B 05 32 FC DF 7B 45 03 05 2C C8 78 D7 0C 3A 9B 00 06 BA 13 38 AA AA 
Time:	09:33:02,343
Send:	220001
Receive: 62 00 01 02 8D 00 A1 24 FE 36 21 05 4D 03 06 38 51 08 45 03 60 79 D7 4C C4 7A BD 41 F3 12 93 47 00 E6 08 88 55 19 41 2C 72 00 5A 07 F5 00 2B 05 20 FC E9 7B 45 03 05 3C C2 78 D7 0C 3A 9B 00 14 99 31 70 AA AA 
Time:	09:33:02,736
Send:	220001
Receive: 62 00 01 02 8D 00 A1 25 66 37 14 07 15 07 07 53 23 0C C3 05 46 77 DC 4C BC 73 5D 41 F3 12 8F 5F 00 E6 08 88 56 87 DC 2C 72 00 5A 07 F1 00 2B 05 1E FC EB 7B 45 03 01 3C C2 78 D7 0C 3A 9B 00 1D 5A 3E 47 AA AA 
Time:	09:33:03,123
Send:	220001
Receive: 62 00 01 02 8D 00 A1 26 06 38 15 06 76 07 11 54 66 0C AF 05 50 77 DA 4C B9 6B FD 41 F3 12 8F 5F 00 E6 15 55 56 AC 21 2C 72 00 5A 07 E9 00 2B 05 19 FC EE 7B 45 03 01 3C C2 78 D7 0C 3A 9B 00 1D 22 3E 30 AA AA 
Time:	09:33:03,524
Send:	220001
Receive: 62 00 01 02 8D 00 A1 26 9A 39 16 05 C7 07 20 54 66 0C A1 05 68 7A CF 4C A3 64 3D 41 F3 12 8F 5F 00 E6 15 55 56 F2 E9 2C 72 00 5A 07 E4 00 2B 05 15 FC F0 7B 45 03 01 3C C2 78 D7 0C 3A 9B 00 1C FD 3E 09 AA AA 
Time:	09:33:03,926
Send:	220001
Receive: 62 00 01 02 8D 00 A1 27 40 3A 17 05 E4 07 7C 54 66 0C A4 05 78 7C 3D 4C 24 6A 3D 41 F3 12 8F 5F 00 E6 15 55 56 FA 00 2C 72 00 5A 07 DB 00 2B 05 10 FC F3 7B 45 03 01 3C C2 78 D7 0C 3A 9B 00 1D 1D 3E 13 AA AA 
Time:	09:33:04,334
Send:	220001
Receive: 62 00 01 02 8D 00 A2 27 E0 3A 17 06 2B 07 90 53 8F 0C B5 05 9B 7E 40 4C 2A 72 3D 41 F3 12 8F 5F 00 E6 15 86 56 FA 00 2C 72 00 5A 07 D3 00 2B 05 0A FC F7 7B 45 03 01 3C C2 78 D7 0C 3A 9B 00 1D 05 3D FF AA AA 
Time:	09:33:04,716
Send:	220001
Receive: 62 00 01 02 8D 00 A2 28 44 3B 1E 04 22 02 AA 02 0F 09 10 04 13 80 7C 4C 8E 7A 1D 41 F3 12 90 80 00 E6 15 86 56 FA 00 2C 72 00 5A 07 D0 00 2B 05 09 FA 68 7B 45 03 01 3D CA 78 D7 0C 3A 9B 00 13 E0 32 1A AA AA 
Time:	09:33:05,106
Send:	220001
Receive: 62 00 01 02 8D 00 A1 28 44 3B 2D 01 4B 01 57 00 00 03 9D 01 9B 80 39 4C 1D 76 7D 41 F3 12 93 FC 00 E6 04 A6 56 8E 0D 2C 72 00 5A 07 CF 00 2B 05 08 FA 69 7B 45 03 01 3D C8 78 D7 0C 3A 9B 00 08 3A 19 32 AA AA 
Time:	09:33:05,518
Send:	220001
Receive: 62 00 01 02 8D 00 A1 27 F8 3B 30 01 37 01 48 00 00 02 C1 01 36 80 35 4C 1C 7B 1D 41 F3 12 93 7C 00 E6 04 A6 55 77 0B 2C 72 00 5A 07 D1 00 2B 05 09 FA 6A 7B 45 03 01 7D C8 78 D7 0C 3A 9B 00 06 45 13 C4 AA AA 
Time:	09:33:05,905
Send:	220001
Receive: 62 00 01 02 8D 00 A2 27 9E 3A 31 01 37 01 1E 00 00 02 7F 01 16 80 36 4C 1D 7F 5D 41 F3 12 93 28 00 E6 04 A6 55 62 B1 2C 72 00 5A 07 D7 00 2B 05 0D FA 6D 7B 45 03 01 7D C8 78 D7 0C 3A 9B 00 05 AC 11 E0 AA AA 
Time:	09:33:06,298
Send:	220001
Receive: 62 00 01 02 8D 00 A2 27 32 3A 1E 00 ED 00 C7 00 00 01 C7 00 C4 80 38 4C 1F 82 DD 41 F3 12 92 C9 00 E6 03 7C 56 4F 38 2C 72 00 5A 07 DC 00 2B 05 10 FA 6E 7B 45 03 01 7D C8 78 D7 0C 3A 9B 00 03 FA 0D 79 AA AA 
Time:	09:33:06,698
Send:	220001
Receive: 62 00 01 02 8D 00 A2 26 BE 39 F1 01 1B 00 D1 00 00 01 C6 00 C1 80 35 4C 1C 7F FD 41 F3 12 92 55 00 E6 03 7C 56 00 00 2C 72 00 5A 07 E3 00 2B 05 15 FA 71 7B 45 03 01 29 C9 78 D7 0C 3A 9B 00 04 17 0D 99 AA AA 
Time:	09:33:07,095
Send:	220001
Receive: 62 00 01 02 8D 00 A2 26 46 38 F0 00 00 00 D3 00 00 01 DC 00 C8 80 31 4C 18 7F FD 41 F3 12 91 FD 00 E6 00 00 56 00 00 2C 72 00 5A 07 E9 00 2B 05 19 FA 71 7B 45 03 01 29 C9 78 D7 0C 3A 9B 00 04 49 0D DD AA AA 
Time:	09:33:07,494
Send:	220001
Receive: 62 00 01 02 8D 00 A2 25 C2 38 EF 00 00 00 D3 00 00 01 F6 00 D1 80 30 4C 16 7F FD 41 F3 12 91 AA 00 E6 00 00 56 00 00 2C 72 00 5A 07 F0 00 2B 05 1D FA 71 7B 45 03 01 29 C9 78 D7 0C 3A 9B 00 04 83 0E 31 AA AA 
Time:	09:33:07,900
Send:	220001
Receive: 62 00 01 02 8D 00 A2 25 5C 37 EE 00 00 00 D6 00 00 02 0B 00 D7 80 30 4C 16 7F FD 41 F3 12 91 52 00 E6 00 00 57 00 00 2C 72 00 5A 07 F6 00 2B 05 21 FA 72 7B 45 03 01 29 C9 78 D7 0C 3A 9B 00 04 BB 0E 8C AA AA 
Time:	09:33:08,296
Send:	220001
Receive: 62 00 01 02 8D 00 A2 24 EE 36 ED 00 00 00 D6 00 00 02 1B 00 DA 80 31 4C 16 7F FD 41 F3 12 90 C2 00 E6 00 00 57 00 00 2C 72 00 5A 07 FD 00 2B 05 26 FA 75 7B 45 03 01 29 C9 78 D7 0C 3A 9B 00 04 EB 0E CD AA AA 
Time:	09:33:08,684
Send:	220001
Receive: 62 00 01 02 8D 00 A2 24 5E 36 ED 00 00 00 D3 00 00 02 2B 00 DE 80 2F 4C 16 7F FD 41 F3 12 90 75 00 E6 00 00 57 00 00 2C 72 00 5A 08 04 00 2B 05 2A FA 77 7B 45 03 01 29 C9 78 D7 0C 3A 9B 00 05 0D 0F 06 AA AA 
Time:	09:33:09,068
Send:	220001
Receive: 62 00 01 02 8D 00 A2 24 14 35 ED 00 00 00 D6 00 00 02 37 00 E1 80 30 4C 16 7F FD 41 F3 12 90 57 00 E6 00 00 57 00 00 2C 72 00 5A 08 08 00 2B 05 2D FA 77 7B 45 03 01 29 C9 78 D7 0C 3A 9B 00 05 1E 0F 12 AA AA 
Time:	09:33:09,456
Send:	220001

Fixed toLineMF: 03E 62 00 01 02 8D 00 A2 23 A2 35 ED 00 00 00 D3 00 00 02 46 00 E4 80 30 4C 16 7F FD 41 F3 12 90 15 00 E6 00 00 58 00 00 2C 72 00 5A 08 0F 00 2B 05 31 FA 77 7B 45 03 01 00 05 35 0F 3A AA AA 
Receive: 62 00 01 02 8D 00 A2 23 A2 35 ED 00 00 00 D3 00 00 02 46 00 E4 80 30 4C 16 7F FD 41 F3 12 90 15 00 E6 00 00 58 00 00 2C 72 00 5A 08 0F 00 2B 05 31 FA 77 7B 45 03 01 00 05 35 0F 3A AA AA 

Fixed toLineMF: 03E 62 00 01 02 8D 00 A2 23 A2 35 ED 00 00 00 D3 00 00 02 46 00 E4 80 30 4C 16 7F FD 41 F3 12 90 15 00 E6 00 00 58 00 00 2C 72 00 5A 08 0F 00 2B 05 31 FA 77 7B 45 03 01 00 05 35 0F 3A AA AA 
Time:	09:33:09,852
Send:	220001

Fixed toLineMF: 03E 62 00 01 02 8D 00 A2 23 28 34 ED 00 00 00 D1 00 00 02 4F 00 E4 80 32 4C 16 7F FD 41 F3 12 8F E2 00 E6 00 00 58 00 00 2C 72 36 FA 7A 7B 45 03 01 29 C9 78 D7 0C 3A 9B 00 05 48 0F 54 AA AA 
Receive: 62 00 01 02 8D 00 A2 23 28 34 ED 00 00 00 D1 00 00 02 4F 00 E4 80 32 4C 16 7F FD 41 F3 12 8F E2 00 E6 00 00 58 00 00 2C 72 36 FA 7A 7B 45 03 01 29 C9 78 D7 0C 3A 9B 00 05 48 0F 54 AA AA 

Fixed toLineMF: 03E 62 00 01 02 8D 00 A2 23 28 34 ED 00 00 00 D1 00 00 02 4F 00 E4 80 32 4C 16 7F FD 41 F3 12 8F E2 00 E6 00 00 58 00 00 2C 72 36 FA 7A 7B 45 03 01 29 C9 78 D7 0C 3A 9B 00 05 48 0F 54 AA AA 
Time:	09:33:10,275
Send:	220001
Receive: 62 00 01 02 8D 00 A2 22 98 33 ED 00 00 00 C9 00 00 02 4A 00 DE 80 32 4C 16 7F FD 41 F3 12 8F A6 00 E6 00 00 58 00 00 2C 72 00 5A 08 1E 00 2B 05 3B FA 7C 7B 45 03 01 29 C9 78 D7 0C 3A 9B 00 05 51 0F 51 AA AA 
Time:	09:33:10,674
Send:	220001
Receive: 62 00 01 02 8D 00 A2 22 34 32 ED 00 00 00 C2 00 00 02 49 00 DC 80 30 4C 16 7F FD 41 F3 12 8F 7D 00 E6 00 00 58 00 00 2C 72 00 5A 08 23 00 2B 05 3E FA 7D 7B 45 03 01 29 C9 78 D7 0C 3A 9B 00 05 44 0F 28 AA AA 
Time:	09:33:11,064
Send:	220001
Receive: 62 00 01 02 8D 00 A2 21 D6 32 ED 00 00 00 BA 00 00 02 46 00 D8 80 30 4C 16 7F FD 41 F3 12 8F 5A 00 E6 00 00 59 00 00 2C 72 00 5A 08 28 00 2B 05 42 FA 7D 7B 45 03 01 29 C9 78 D7 0C 3A 9B 00 05 27 0E DB AA AA 
Time:	09:33:11,453
Send:	220001
Receive: 62 00 01 02 8D 00 A2 21 66 31 ED 00 00 00 B3 00 00 02 36 00 CF 80 30 4C 16 7F FD 41 F3 12 8F 50 00 E6 00 00 59 00 00 2C 72 00 5A 08 2F 00 2B 05 46 FA 80 7B 45 03 01 29 C9 78 D7 0C 3A 9B 00 05 15 0E A7 AA AA 
Time:	09:33:11,846
Send:	220001
Receive: 62 00 01 02 8D 00 A2 20 FC 30 ED 00 00 00 B0 00 00 02 34 00 CD 80 30 4C 16 7F FD 41 F3 12 8F 32 00 E6 00 00 59 00 00 2C 72 00 5A 08 34 00 2B 05 49 FA 81 7B 45 03 01 29 C9 78 D7 0C 3A 9B 00 05 19 0E A3 AA AA 
Time:	09:33:12,239
Send:	220001
Receive: 62 00 01 02 8D 00 A2 20 86 30 ED 00 00 00 AB 00 00 02 2A 00 C5 80 30 4C 16 7F FD 41 F3 12 8F 23 00 E6 00 00 59 00 00 2C 72 00 5A 08 3B 00 2B 05 4E FA 91 7B 45 03 01 29 C9 78 D7 0C 3A 9B 00 05 05 0E 8B AA AA 
Time:	09:33:12,625
Send:	220001
Receive: 62 00 01 02 8D 00 A2 20 1E 2F ED 00 00 00 A9 00 00 02 27 00 C1 80 30 4C 16 7F FD 41 F3 12 8F 05 00 E6 00 00 59 00 00 2C 72 00 5A 08 41 00 2B 05 51 FA A7 7B 45 03 01 29 C9 78 D7 0C 3A 9B 00 04 EE 0E 69 AA AA 
Time:	09:33:13,016
Send:	220001
Receive: 62 00 01 02 8D 00 A2 1F C2 2F ED 00 00 00 A9 00 00 02 24 00 C0 80 30 4C 16 7F FD 41 F3 12 8F 05 00 E6 00 00 59 00 00 2C 72 00 5A 08 46 00 2B 05 55 FA B8 7B 45 03 01 29 C9 78 D7 0C 3A 9B 00 04 ED 0E 73 AA AA 
Time:	09:33:13,413
Send:	220001
Receive: 62 00 01 02 8D 00 A2 1F 44 2E ED 00 00 00 A4 00 00 02 1E 00 BA 80 30 4C 16 7F FD 41 F3 12 8E F1 00 E6 00 00 59 00 00 2C 72 00 5A 08 4D 00 2B 05 59 FA D0 7B 45 03 01 29 C9 78 D7 0C 3A 9B 00 04 D7 0E 5D AA AA 
Time:	09:33:13,806
Send:	220001

Fixed toLineMF: 03E 62 00 01 02 8D 00 A2 1E D0 2D ED 00 00 00 A4 00 00 02 0B 00 B1 80 30 4C 16 7F FD 41 F3 12 8F 28 00 E6 00 00 5A 00 00 2C 72 5D FA EB 7B 45 03 01 29 C9 78 D7 0C 3A 9B 00 04 B5 0E 6F AA AA 
Receive: 62 00 01 02 8D 00 A2 1E D0 2D ED 00 00 00 A4 00 00 02 0B 00 B1 80 30 4C 16 7F FD 41 F3 12 8F 28 00 E6 00 00 5A 00 00 2C 72 5D FA EB 7B 45 03 01 29 C9 78 D7 0C 3A 9B 00 04 B5 0E 6F AA AA 

Fixed toLineMF: 03E 62 00 01 02 8D 00 A2 1E D0 2D ED 00 00 00 A4 00 00 02 0B 00 B1 80 30 4C 16 7F FD 41 F3 12 8F 28 00 E6 00 00 5A 00 00 2C 72 5D FA EB 7B 45 03 01 29 C9 78 D7 0C 3A 9B 00 04 B5 0E 6F AA AA 
Time:	09:33:14,188
Send:	220001

Fixed toLineMF: 03E 62 00 01 02 8D 00 A2 1E 60 2D EF 00 00 00 A1 00 00 01 F5 00 A7 80 2F 4C 16 7F FD 41 F3 12 8F 0F 00 E6 00 00 5A 00 00 2C 72 00 5A 08 5A 00 2B 05 29 C9 78 D7 0C 3A 9B 00 04 80 0E 52 AA AA 
Receive: 62 00 01 02 8D 00 A2 1E 60 2D EF 00 00 00 A1 00 00 01 F5 00 A7 80 2F 4C 16 7F FD 41 F3 12 8F 0F 00 E6 00 00 5A 00 00 2C 72 00 5A 08 5A 00 2B 05 29 C9 78 D7 0C 3A 9B 00 04 80 0E 52 AA AA 

Fixed toLineMF: 03E 62 00 01 02 8D 00 A2 1E 60 2D EF 00 00 00 A1 00 00 01 F5 00 A7 80 2F 4C 16 7F FD 41 F3 12 8F 0F 00 E6 00 00 5A 00 00 2C 72 00 5A 08 5A 00 2B 05 29 C9 78 D7 0C 3A 9B 00 04 80 0E 52 AA AA 
Time:	09:33:14,592
Send:	220001
Receive: 62 00 01 02 8D 00 A2 1E 0A 2C EF 00 00 00 9F 00 00 01 EC 00 A2 80 30 4C 16 7F FD 41 F3 12 8E FB 00 E6 00 00 5A 00 00 2C 72 00 5A 08 5F 00 2B 05 65 FB 10 7B 45 03 01 29 C9 78 D7 0C 3A 9B 00 04 6B 0E 64 AA AA 
Time:	09:33:14,978
Send:	220001
Receive: 62 00 01 02 8D 00 A2 1D A2 2C EF 00 00 00 A1 00 00 01 E3 00 9D 80 30 4C 16 7F FD 41 F3 12 8E EC 00 E6 00 00 5A 00 00 2C 72 00 5A 08 64 00 2B 05 68 FB 27 7B 45 03 01 29 C9 78 D7 0C 3A 9B 00 04 59 0E 94 AA AA 
Time:	09:33:15,384
Send:	220001
Receive: 62 00 01 02 8D 00 A2 1D 34 2B EF 00 00 00 A1 00 00 01 DF 00 99 80 30 4C 16 7F FD 41 F3 12 8E E2 00 E6 00 00 5A 00 00 2C 72 00 5A 08 6A 00 2B 05 6C FB 3E 7B 45 03 01 29 C9 78 D7 0C 3A 9B 00 04 42 0E B9 AA AA 
Time:	09:33:15,835
Send:	220001
Receive: 62 00 01 02 8D 00 A2 1C D4 2A EF 00 00 00 A1 00 00 01 D9 00 96 80 2F 4C 16 7F FD 41 F3 12 8E DD 00 E6 00 00 5A 00 00 2C 72 00 5A 08 6F 00 2B 05 6F FB 53 7B 45 03 01 29 C9 78 D7 0C 3A 9B 00 04 31 0F 07 AA AA 
Time:	09:33:16,239
Send:	220001
Receive: 62 00 01 02 8D 00 A2 1C 56 2A F0 00 00 00 A1 00 00 01 CD 00 8F 80 2F 4C 16 7F FD 41 F3 12 8E D3 00 E6 00 00 5A 00 00 2C 72 00 5A 08 77 00 2B 05 74 FB 71 7B 45 03 01 29 C9 78 D7 0C 3A 9B 00 04 34 0F 45 AA AA 
Time:	09:33:16,635
Send:	220001
Receive: 62 00 01 02 8D 00 A2 1B F4 29 EF 00 00 00 A4 00 00 01 D3 00 8F 80 2F 4C 16 7F FD 41 F3 12 8E C9 00 E6 00 00 5A 00 00 2C 72 00 5A 08 7C 00 2B 05 78 FB 85 7B 45 03 01 29 C9 78 D7 0C 3A 9B 00 04 3D 0F 7D AA AA 
Time:	09:33:17,023
Send:	220001
Receive: 62 00 01 02 8D 00 A2 1B 9A 28 EF 00 00 00 A4 00 00 01 E2 00 92 80 2F 4C 16 7F FD 41 F3 12 8E C4 00 E6 00 00 5B 00 00 2C 72 00 5A 08 81 00 2B 05 7B FB 9B 7B 45 03 01 29 C9 78 D7 0C 3A 9B 00 04 5D 0F C5 AA AA 
Time:	09:33:17,414
Send:	220001
Receive: 62 00 01 02 8D 00 A2 1B 3C 28 EE 00 00 00 A6 00 00 01 F2 00 95 80 2F 4C 16 7F FD 41 F3 12 8E BA 00 E6 00 00 5B 00 00 2C 72 00 5A 08 87 00 2B 05 7E FB B0 7B 45 03 01 29 C9 78 D7 0C 3A 9B 00 04 86 10 26 AA AA 
Time:	09:33:17,813
Send:	220001
Receive: 62 00 01 02 8D 00 A2 1A E0 27 ED 00 00 00 A9 00 00 02 0E 00 9B 80 2E 4C 16 7F FD 41 F3 12 8E A1 00 E6 00 00 5B 00 00 2C 72 00 5A 08 8C 00 2B 05 82 FB CA 7B 45 03 01 29 C9 78 D7 0C 3A 9B 00 04 B7 10 99 AA AA 
Time:	09:33:18,207
Send:	220001

Fixed toLineMF: 03E 62 00 01 02 8D 00 A2 1A 86 27 ED 00 00 00 A6 00 00 02 1E 00 9D 80 2E 4C 16 7F FD 41 F3 12 8E 3E 00 E6 00 5A 08 91 00 2B 05 85 FB DD 7B 45 03 01 29 C9 78 D7 0C 3A 9B 00 04 E4 10 FB AA AA 
Receive: 62 00 01 02 8D 00 A2 1A 86 27 ED 00 00 00 A6 00 00 02 1E 00 9D 80 2E 4C 16 7F FD 41 F3 12 8E 3E 00 E6 00 5A 08 91 00 2B 05 85 FB DD 7B 45 03 01 29 C9 78 D7 0C 3A 9B 00 04 E4 10 FB AA AA 

Fixed toLineMF: 03E 62 00 01 02 8D 00 A2 1A 86 27 ED 00 00 00 A6 00 00 02 1E 00 9D 80 2E 4C 16 7F FD 41 F3 12 8E 3E 00 E6 00 5A 08 91 00 2B 05 85 FB DD 7B 45 03 01 29 C9 78 D7 0C 3A 9B 00 04 E4 10 FB AA AA 
Time:	09:33:18,590
Send:	220001
Receive: 62 00 01 02 8D 00 A2 1A 1E 26 ED 00 00 00 A6 00 00 02 31 00 A1 80 2E 4C 16 7F FD 41 F3 12 8D BE 00 E6 00 00 5B 00 00 2C 72 00 5A 08 96 00 2B 05 89 FB F5 7B 45 03 01 29 C9 78 D7 0C 3A 9B 00 05 10 11 5D AA AA 
Time:	09:33:18,994
Send:	220001
Receive: 62 00 01 02 8D 00 A1 19 A6 26 ED 00 00 00 A4 00 00 02 44 00 A3 80 2E 4C 16 7F FD 41 F3 12 8D 49 00 E6 00 00 5B 00 00 2C 72 00 5A 08 9D 00 2B 05 8D FC 12 7B 45 03 01 29 C9 78 D7 0C 3A 9B 00 05 3D 11 B4 AA AA 
Time:	09:33:19,407
Send:	220001
Receive: 62 00 01 02 8D 00 A1 19 42 25 EC 00 00 00 A1 00 00 02 5A 00 A6 80 2D 4C 16 7F FD 41 F3 12 8C C1 00 E6 00 00 5B 00 00 2C 72 00 5A 08 A3 00 2B 05 91 FC 2D 7B 45 03 01 29 C9 78 D7 0C 3A 9B 00 05 6A 12 12 AA AA 
Time:	09:33:19,808
Send:	220001
Receive: 62 00 01 02 8D 00 A1 18 EC 25 EC 00 00 00 9A 00 00 02 5A 00 A5 80 2D 4C 16 7F FD 41 F3 12 8C B3 00 E6 00 00 5B 00 00 2C 72 00 5A 08 A6 00 2B 05 92 FC 41 7B 45 03 01 29 C9 78 D7 0C 3A 9B 00 05 6B 12 0E AA AA 
Time:	09:33:20,206
Send:	220001
Receive: 62 00 01 02 8C 00 A1 18 82 24 EC 00 00 00 97 00 00 02 52 00 A0 80 2D 4C 16 7F FD 41 F3 12 8C DE 00 E6 00 00 5B 00 00 2C 72 00 5A 08 A6 00 2B 05 93 FC 5F 7B 45 03 01 29 E9 78 D7 0C 3A 9B 00 05 52 11 CE AA AA 
Time:	09:33:20,597
Send:	220001
Receive: 62 00 01 02 8C 00 A1 18 1E 23 EC 00 00 00 95 00 00 02 50 00 9C 80 2D 4C 16 7F FD 41 F3 12 8C D4 00 E6 00 00 5B 00 00 2C 72 00 5A 08 A6 00 2B 05 93 FC 79 7B 45 03 03 29 E9 78 D7 0C 3A 9B 00 05 51 11 C1 AA AA 
Time:	09:33:20,993
Send:	220001
Receive: 62 00 01 02 8C 00 A1 17 BE 23 EC 00 00 00 95 00 00 02 53 00 9B 80 2D 4C 16 7F FD 41 F3 12 8C B3 00 E6 00 00 5B 00 00 2C 72 00 5A 08 A6 00 2B 05 93 FC 94 7B 45 03 07 29 E9 78 D7 0C 3A 9B 00 05 55 11 C4 AA AA 
Time:	09:33:21,385
Send:	220001
Receive: 62 00 01 02 89 00 A1 13 06 22 10 01 AC 00 95 00 00 02 63 00 71 78 2D 4C 16 7F FD 41 F3 12 87 9F 00 E6 00 00 5B 17 07 2C 72 00 5A 08 A6 00 2B 05 E1 FF 6A 7B 45 03 05 2D C8 78 D7 0C 3A 9B 00 05 BC 15 60 AA AA 
Time:	09:33:21,848
Send:	220001
Receive: 62 00 01 02 8B 00 A1 12 B4 22 0A 01 FB 00 C9 00 00 03 6C 00 B6 79 33 4C 21 80 FD 41 F3 12 85 F0 00 E6 00 00 5B 17 25 2C 72 00 5A 08 A7 00 2B 05 CC 01 83 7B 45 03 03 3D E8 78 D7 0C 3A 9B 00 07 E2 19 F2 AA AA 
Time:	09:33:22,255
Send:	220001
Receive: 62 00 01 02 8C 00 A1 12 84 1F 03 01 D0 00 B5 00 00 03 3E 00 A5 77 C5 4C B0 7D 1D 41 F3 12 86 86 00 E6 02 EE 5B 17 61 2C 72 00 5A 08 A7 00 2B 04 89 FE F1 7B 45 03 03 7D E0 78 D7 0C 3A 9B 00 07 80 19 9C AA AA 
Time:	09:33:22,663
Send:	220001
Receive: 62 00 01 02 8C 00 A1 10 86 1C 03 01 F2 00 B8 00 00 03 89 00 9C 77 C5 4C A0 7B 1D 41 F3 12 85 28 00 E6 02 EE 5B 17 7F 2C 72 00 5A 08 A7 00 2B 03 84 FF C0 7B 45 03 03 7D E0 78 D7 0C 3A 9B 00 08 7B 1B EC AA AA 
Time:	09:33:23,054
Send:	220001
Receive: 62 00 01 02 8C 00 A1 0F 34 19 FE 02 09 00 8D 00 00 03 F8 00 A2 7A CA 4C AD 78 1D 41 F3 12 82 8E 00 E6 02 C5 5B 17 7F 2C 72 00 5A 08 A7 00 2B 03 24 FF F8 7B 45 03 03 7D E0 78 D7 0C 3A 9B 00 09 1E 1D 62 AA AA 
Time:	09:33:23,473
Send:	220001
Receive: 62 00 01 02 8D 00 A1 0E A6 19 27 04 7D 03 68 7C 4C 06 9F 01 18 7C CE 4C AD 75 BD 41 F3 12 86 74 00 E6 02 C5 5B 18 60 2C 72 00 5A 08 A7 00 2B 03 19 00 00 7B 45 03 01 7C CA 78 D7 0C 3A 9B 00 0F D7 2D 5A AA AA 
Time:	09:33:23,878
Send:	220001
Receive: 62 00 01 02 8D 00 A1 17 36 19 FF 01 E8 00 0C 00 00 05 FB 01 DC 80 CE 4C B8 78 9D 41 F3 12 8D D7 00 E6 02 C5 5B 1D B0 2C 72 00 5A 08 93 00 2B 03 11 00 00 7B 45 03 01 3D CA 78 D7 0C 3A 9B 00 0A 13 1D 24 AA AA 
Time:	09:33:24,257
Send:	220001
Receive: 62 00 01 02 8D 00 A1 1B B6 19 15 01 0C 00 74 00 00 02 37 00 AB 80 68 4C 1E 73 7D 41 F3 12 8D B9 00 E6 02 FC 5B 1B E9 2C 72 00 5A 08 88 00 2B 03 0E FB B1 7B 45 03 05 3D C8 78 D7 0C 3A 9B 00 04 E9 10 F8 AA AA 
Time:	09:33:24,666
Send:	220001
Receive: 62 00 01 02 8D 00 A1 16 E6 18 2E 01 1A 00 77 00 00 02 2D 00 83 80 30 4C 1E 78 3D 41 F3 12 8B D1 00 E6 02 FC 5B 1E 91 2C 72 00 5A 08 A6 00 2B 03 18 FD 38 7B 45 03 05 7D C8 78 D7 0C 3A 9B 00 04 D8 11 5F AA AA 
Time:	09:33:25,066
Send:	220001
Receive: 62 00 01 02 8B 00 A1 12 A0 18 20 02 58 01 7D 1A 99 03 D1 00 B9 80 32 4C 1F 79 FD 41 F3 12 84 40 00 E6 02 FC 5B 21 39 2C 72 00 5A 08 A5 00 2B 03 18 FE AB 7B 45 03 05 7C CA 78 D7 0C 3A 9B 00 0A D7 21 43 AA AA 
Time:	09:33:25,460
Send:	220001
Receive: 62 00 01 02 8D 00 A1 1C 9C 17 29 02 D2 01 8E 1A CC 05 03 01 D4 80 BE 4C B3 78 9D 41 F3 12 91 9A 00 E6 03 50 5B 22 FB 2C 72 00 5A 08 4D 00 2B 02 F9 FC C7 7B 45 03 05 7C C0 78 D7 0C 3A 9B 00 0B 9D 1D 63 AA AA 
Time:	09:33:25,836
Send:	220001
Receive: 62 00 01 02 8D 00 A1 25 70 17 2B 02 50 01 A7 15 9E 04 79 01 E0 80 D1 4C BB 72 FD 41 F3 12 94 47 00 E6 03 50 5A 24 C2 2C 72 00 5A 08 02 00 2B 02 DE FC E4 7B 45 03 05 7C C0 78 D7 0C 3A 9B 00 0A 24 1A EB AA AA 
Time:	09:33:26,245
Send:	220001
Receive: 62 00 01 02 8D 00 A1 24 8A 18 2C 01 E2 01 4D 0C AE 03 DE 01 86 80 CD 4C B2 6D DD 41 F3 12 92 B4 00 E6 06 EE 5A 25 A3 2C 72 00 5A 08 10 00 2B 02 E3 FC DF 7B 45 03 05 7C C0 78 D7 0C 3A 9B 00 08 C3 16 F9 AA AA 
Time:	09:33:26,644
Send:	220001
Receive: 62 00 01 02 8D 00 A1 22 F0 18 2C 01 BC 01 37 08 4C 03 9F 01 63 80 D0 4C B5 69 7D 41 F3 12 90 E1 00 E6 06 EE 5A 27 6A 2C 72 00 5A 08 21 00 2B 02 E9 FC D8 7B 45 03 05 7C C0 78 D7 0C 3A 9B 00 07 93 14 55 AA AA 
Time:	09:33:27,044
Send:	220001
Receive: 62 00 01 02 8D 00 A1 22 BA 18 2E 01 50 00 F9 06 A3 02 CD 01 11 80 CA 4C A8 65 7D 41 F3 12 8F 46 00 E6 06 EE 5A 2A 12 2C 72 00 5A 08 22 00 2B 02 E9 FC D8 7B 45 03 05 7C C0 78 D7 0C 3A 9B 00 06 81 11 E4 AA AA 
Time:	09:33:27,426
Send:	220001
Receive: 62 00 01 02 8D 00 A1 22 64 18 2E 01 4F 00 F3 06 38 02 D0 01 11 80 BD 4C 2B 61 DE 41 F3 12 8F 23 00 E6 03 71 5A 2B D4 2C 72 00 5A 08 26 00 2B 02 EB FC D6 7B 45 03 05 7C C0 78 D7 0C 3A 9B 00 06 7B 11 CB AA AA 
Time:	09:33:27,834
Send:	220001
Receive: 62 00 01 02 8D 00 A1 22 0E 18 1E 01 2E 00 5B 01 3D 02 98 00 F8 80 66 4C 27 62 DD 41 F3 12 8E EC 00 E6 03 71 5A 2E 7C 2C 72 00 5A 08 2A 00 2B 02 EC FA 79 7B 45 03 01 7D C8 78 D7 0C 3A 9B 00 05 B8 0F A5 AA AA 
Time:	09:33:28,258
Send:	220001
Receive: 62 00 01 02 8D 00 A1 21 BA 17 11 01 10 00 AE 00 00 02 36 00 D1 80 2F 4C 20 66 1D 41 F3 12 8F 69 00 E6 02 48 5A 32 EB 2C 72 00 5A 08 2C 00 2B 02 ED FA 7C 7B 45 03 01 7D C8 78 D7 0C 3A 9B 00 04 FC 0E 6D AA AA 
Time:	09:33:28,675
Send:	220001
Receive: 62 00 01 02 8D 00 A1 1F C2 16 00 01 09 00 A9 00 00 02 2D 00 C3 80 2E 4C 1E 69 BD 41 F3 12 8E DD 00 E6 02 48 5A 39 FD 2C 72 00 5A 08 49 00 2B 02 F7 FA C0 7B 45 03 01 7D C8 78 D7 0C 3A 9B 00 05 11 0E A4 AA AA 
Time:	09:33:29,056
Send:	220001
Receive: 62 00 01 02 8D 00 A1 1F 1E 16 FF 01 03 00 A6 00 00 02 23 00 BA 80 30 4C 20 6B FD 41 F3 12 8E CE 00 E6 02 48 5A 3E 6C 2C 72 00 5A 08 52 00 2B 02 FA FA DF 7B 45 03 01 7D C8 78 D7 0C 3A 9B 00 05 05 0E C4 AA AA 
Time:	09:33:29,436
Send:	220001
Receive: 62 00 01 02 8D 00 A1 1E 38 15 F4 00 FA 00 A1 00 00 02 0E 00 AF 80 2D 4C 1D 6E 9D 41 F3 12 8F 00 00 E6 02 22 5A 40 2E 2C 72 00 5A 08 5D 00 2B 02 FE FB 0C 7B 45 03 01 7D C8 78 D7 0C 3A 9B 00 04 AD 0E D5 AA AA 
Time:	09:33:29,827
Send:	220001

Fixed toLineMF: 037 62 00 01 02 8D 00 A1 1D 22 14 EF 00 00 00 A4 00 00 01 D3 00 41 F3 12 8E DD 00 E6 02 22 5A 00 00 2C 72 00 5A 08 6B 00 2B 03 29 C9 78 D7 0C 3A 9B 00 04 2D 0E ED AA AA 
Receive: 62 00 01 02 8D 00 A1 1D 22 14 EF 00 00 00 A4 00 00 01 D3 00 41 F3 12 8E DD 00 E6 02 22 5A 00 00 2C 72 00 5A 08 6B 00 2B 03 29 C9 78 D7 0C 3A 9B 00 04 2D 0E ED AA AA 

Fixed toLineMF: 037 62 00 01 02 8D 00 A1 1D 22 14 EF 00 00 00 A4 00 00 01 D3 00 41 F3 12 8E DD 00 E6 02 22 5A 00 00 2C 72 00 5A 08 6B 00 2B 03 29 C9 78 D7 0C 3A 9B 00 04 2D 0E ED AA AA 
Time:	09:33:30,224
Send:	220001

Fixed toLineMF: 03E 62 00 01 02 8D 00 A1 1B F6 13 EF 00 00 00 A4 00 00 01 D3 00 8E 80 29 4C 18 7F FD 41 F3 12 8E C4 00 E6 00 00 5A 00 00 2C 72 00 5A 08 7D 00 2B 03 0A FB 8D 7B 45 03 01 29 C9 78 D7 0C 3A 9B 
Receive: 62 00 01 02 8D 00 A1 1B F6 13 EF 00 00 00 A4 00 00 01 D3 00 8E 80 29 4C 18 7F FD 41 F3 12 8E C4 00 E6 00 00 5A 00 00 2C 72 00 5A 08 7D 00 2B 03 0A FB 8D 7B 45 03 01 29 C9 78 D7 0C 3A 9B 

Fixed toLineMF: 03E 62 00 01 02 8D 00 A1 1B F6 13 EF 00 00 00 A4 00 00 01 D3 00 8E 80 29 4C 18 7F FD 41 F3 12 8E C4 00 E6 00 00 5A 00 00 2C 72 00 5A 08 7D 00 2B 03 0A FB 8D 7B 45 03 01 29 C9 78 D7 0C 3A 9B 
Time:	09:33:30,610
Send:	220001
Receive: 62 00 01 02 8B 00 A1 1B 02 13 EE 00 00 00 A4 00 00 01 FB 00 94 80 28 4C 17 7F FD 41 F3 12 8E B0 00 E6 00 00 5A 00 00 2C 72 00 5A 08 88 00 2B 03 0E FB C1 7B 45 03 01 29 E9 78 D7 0C 3A 9B 00 04 9F 10 4C AA AA 
Time:	09:33:30,987
Send:	220001
Receive: NO DATA
Time:	09:33:31,284
Send:	220001
Receive: NO DATA
Time:	09:33:31,571
Send:	220001
Receive: NO DATA
Time:	09:33:31,864
Send:	220001
Receive: NO DATA
Time:	09:33:32,154
Send:	220001
Receive: NO DATA
Time:	09:33:32,444
Send:	220001
Receive: NO DATA
Time:	09:33:32,751
Send:	220001
Receive: NO DATA
Time:	09:33:33,034
Send:	220001
Receive: 62 00 01 02 8D 00 A0 22 86 0D 0E 01 4A 00 BD 00 00 02 6C 00 E7 80 D1 4C BD 77 7D 41 F3 12 8F 05 00 E6 02 F3 5B 17 7F 2C 72 00 5A 08 2E 00 2B 03 62 FA 76 7B 45 03 05 7D C8 78 D7 0C 3A 9B 00 05 89 0F 78 AA AA 
Time:	09:33:33,424
Send:	220001
Receive: NO DATA
Time:	09:33:33,704
Send:	220001
Receive: NO DATA
Time:	09:33:34,005
Send:	220001
Receive: NO DATA
Time:	09:33:34,319
Send:	220001
Receive: NO DATA
Time:	09:33:34,615
Send:	220001
Receive: NO DATA
Time:	09:33:34,901
Send:	220001
Receive: NO DATA
Time:	09:33:35,206
Send:	220001
Receive: NO DATA
Time:	09:33:35,485
Send:	220001
Receive: 62 00 01 02 8D 00 A0 28 18 0F 2C 02 2F 01 EA 18 19 04 3D 01 E0 80 2D 4C 20 6D FD 41 F3 12 94 D9 00 E6 05 DD 5A 20 58 2C 72 00 5A 07 E0 00 2B 03 42 FC F2 7B 45 03 05 7C C0 78 D7 0C 3A 9B 00 09 C7 1B 92 AA AA 
Time:	09:33:35,898
Send:	220001
Receive: 62 00 01 02 8D 00 A0 29 CE 10 2C 02 51 02 0D 18 B8 04 56 01 FF 80 2C 4C 1F 73 DD 41 F3 12 95 4B 00 E6 05 DD 59 21 39 2C 72 00 5A 07 CB 00 2B 03 39 FC FA 7B 45 03 01 7C C0 78 D7 0C 3A 9B 00 09 FD 1C 9B AA AA 
Time:	09:33:36,326
Send:	220001
Receive: 62 00 01 02 8D 00 A0 2B A6 10 2C 02 62 02 1A 18 85 04 47 02 14 80 2D 4C 1F 79 BD 41 F3 12 96 2B 00 E6 07 8F 59 22 FB 2C 72 00 5A 07 C8 00 2B 03 38 FC FB 7B 45 03 01 7C C0 78 D7 0C 3A 9B 00 09 D8 1C 04 AA AA 
Time:	09:33:36,723
Send:	220001
Receive: 62 00 01 02 8D 00 A0 2D A2 11 2C 02 94 02 2E 19 5C 04 61 02 35 80 2F 4C 21 7F DD 41 F3 12 96 ED 00 E6 07 8F 59 23 E1 2C 72 00 5A 07 C7 00 2B 03 38 FC FB 7B 45 03 01 7C C0 78 D7 0C 3A 9B 00 0A 1D 1C 4B AA AA 
Time:	09:33:37,115
Send:	220001
Receive: 62 00 01 02 8D 00 A0 30 38 12 2A 03 72 02 8C 1F 2D 05 58 02 DD 80 8A 4C 89 86 3D 41 F3 12 95 87 00 E6 0C 16 59 25 A3 2C 72 00 5A 07 C6 00 2B 03 37 FC FC 7B 45 03 01 7C C0 78 D7 0C 3A 9B 00 0C BA 20 62 AA AA 
Time:	09:33:37,505
Send:	220001
Receive: 62 00 01 02 8D 00 A0 33 98 13 28 03 42 02 85 20 6B 05 B0 03 43 80 CB 4C BC 7B 7D 41 F3 12 94 A8 00 E6 0C 16 58 26 89 2C 72 00 5A 07 C5 00 2B 03 37 FD 22 7B 45 03 01 7C C2 78 D7 0C 3A 9B 00 0D 05 1F F7 AA AA 
Time:	09:33:37,913
Send:	220001
Receive: 62 00 01 02 8D 00 A0 35 36 15 0A 01 BB 01 12 00 00 03 A4 02 4F 80 D1 4C BE 74 1D 41 F3 12 96 15 00 E6 0C 16 58 28 4B 2C 72 00 5A 07 C4 00 2B 03 37 FA 43 7B 45 03 05 7D C8 78 D7 0C 3A 9B 00 07 CA 14 D9 AA AA 
Time:	09:33:38,304
Send:	220001
Receive: 62 00 01 02 8D 00 A0 31 AC 14 35 01 0D 01 21 00 00 01 F9 01 12 80 CD 4C AE 6F 1D 41 F3 12 95 40 00 E6 04 44 58 2A 12 2C 72 00 5A 07 C3 00 2B 03 36 FA 00 7B 45 03 05 7D C8 78 D7 0C 3A 9B 00 04 70 0E 8E AA AA 
Time:	09:33:38,713
Send:	220001
Receive: 62 00 01 02 8D 00 A0 2B 66 14 F2 00 00 01 0C 00 00 01 A4 00 C3 80 2B 4C 1B 7F FD 41 F3 12 95 1F 00 E6 04 44 58 00 00 2C 72 00 5A 07 C3 00 2B 03 36 FA 50 7B 45 03 05 29 C9 78 D7 0C 3A 9B 00 04 33 0E 9C AA AA 
Time:	09:33:39,108
Send:	220001
Receive: 62 00 01 02 8D 00 A0 24 3A 14 25 03 3B 01 F7 19 23 04 83 01 C8 78 A6 4C 80 7E BD 41 F3 12 93 C2 00 E6 06 EE 58 17 61 2C 72 00 5A 08 0C 00 2B 03 54 FC E0 7B 45 03 05 3C C8 78 D7 0C 3A 9B 00 0A B6 1B 23 AA AA 
Time:	09:33:39,486
Send:	220001
Receive: 62 00 01 02 8D 00 A0 23 06 15 28 03 25 01 B1 19 5C 05 5B 02 06 79 D5 4C C7 79 5D 41 F3 12 92 94 00 E6 06 EE 58 18 60 2C 72 00 5A 08 19 00 2B 03 5A FC DB 7B 45 03 05 7C C0 78 D7 0C 3A 9B 00 0C 51 1E C4 AA AA 
Time:	09:33:39,907
Send:	220001
Receive: 62 00 01 02 8D 00 A0 1F 5C 15 29 02 A5 01 78 1A 99 04 DF 01 B5 76 D5 4C C1 74 5D 41 F3 12 90 9E 00 E6 06 EE 58 1A 22 2C 72 00 5A 08 44 00 2B 03 6B FC CB 7B 45 03 05 7C C0 78 D7 0C 3A 9B 00 0B 14 1C AB AA AA 
Time:	09:33:40,313
Send:	220001
Receive: 62 00 01 02 8D 00 A0 1F C0 16 29 02 8C 01 89 1B D6 04 E3 01 B4 79 D4 4C BE 6F 7D 41 F3 12 90 75 00 E6 06 66 58 1B 08 2C 72 00 5A 08 40 00 2B 03 6A FC CC 7B 45 03 05 7C C0 78 D7 0C 3A 9B 00 0B 44 1D 16 AA AA 
Time:	09:33:40,704
Send:	220001
Receive: NO DATA
Time:	09:33:40,981
Send:	220001
Receive: NO DATA
Time:	09:33:41,274
Send:	220001
Receive: NO DATA
Time:	09:33:41,599
Send:	220001
Receive: NO DATA
Time:	09:33:41,898
Send:	220001
Receive: NO DATA
Time:	09:33:42,194
Send:	220001
Receive: NO DATA
Time:	09:33:42,486
Send:	220001
Receive: NO DATA
Time:	09:33:42,772
Send:	220001
Receive: 62 00 01 02 8D 00 A0 23 38 18 2B 02 24 01 87 18 19 04 A5 01 D2 80 AB 4C A4 5F 7E 41 F3 12 93 62 00 E6 05 E6 58 23 E1 2C 72 00 5A 08 15 00 2B 03 58 FC DD 7B 45 03 01 7C C0 78 D7 0C 3A 9B 00 0A A9 1B 24 AA AA 
Time:	09:33:43,177
Send:	220001
Receive: 62 00 01 02 8D 00 A0 23 9C 19 2B 02 01 01 70 14 5C 04 6C 01 BE 80 4F 4C 2C 60 1E 41 F3 12 93 C2 00 E6 05 69 58 24 C2 2C 72 00 5A 08 10 00 2B 03 56 FC DF 7B 45 03 01 7C C0 78 D7 0C 3A 9B 00 09 EC 19 8D AA AA 
Time:	09:33:43,573
Send:	220001
Receive: 62 00 01 02 8D 00 A0 23 DA 19 2C 01 AC 01 37 0E F5 03 AF 01 7A 80 39 4C 2C 64 FD 41 F3 12 91 B4 00 E6 05 69 58 26 89 2C 72 00 5A 08 0D 00 2B 03 55 FC E0 7B 45 03 01 7C C0 78 D7 0C 3A 9B 00 08 41 15 C8 AA AA 
Time:	09:33:43,965
Send:	220001
Receive: 62 00 01 02 8D 00 A0 23 FC 19 2D 01 B4 01 46 09 8F 03 8C 01 67 80 5A 4C 44 69 5D 41 F3 12 90 F5 00 E6 05 69 58 28 4B 2C 72 00 5A 08 0C 00 2B 03 54 FC E0 7B 45 03 01 7C C0 78 D7 0C 3A 9B 00 08 26 15 B6 AA AA 
Time:	09:33:44,364
Send:	220001
Receive: 62 00 01 02 8D 00 9F 23 F6 19 2D 01 97 01 2D 03 85 03 6A 01 5A 80 AE 4C A3 66 BD 41 F3 12 90 4D 00 E6 04 CC 58 2A 12 2C 72 00 5A 08 0C 00 2B 03 54 FC E0 7B 45 03 01 7C C0 78 D7 0C 3A 9B 00 07 9E 14 92 AA AA 
Time:	09:33:44,759
Send:	220001
Receive: 62 00 01 02 8D 00 9F 23 AE 19 1B 01 73 01 05 00 00 03 14 01 36 80 37 4C 2A 69 9D 41 F3 12 90 1A 00 E6 04 CC 58 2B D4 2C 72 00 5A 08 10 00 2B 03 56 FA 77 7B 45 03 01 7D C8 78 D7 0C 3A 9B 00 06 D2 12 C6 AA AA 
Time:	09:33:45,136
Send:	220001
Receive: 62 00 01 02 8D 00 9F 23 62 19 30 01 34 00 DB 00 00 02 8E 01 01 80 B4 4C A2 64 FD 41 F3 12 8F C9 00 E6 02 F3 58 2E 7C 2C 72 00 5A 08 14 00 2B 03 57 FA 76 7B 45 03 01 7D C8 78 D7 0C 3A 9B 00 05 DA 10 63 AA AA 
Time:	09:33:45,516
Send:	220001
Receive: 62 00 01 02 8D 00 9F 22 F6 18 1E 01 1A 00 C7 00 00 02 58 00 E9 80 3B 4C 2B 66 7D 41 F3 12 8F F1 00 E6 02 F3 58 32 0A 2C 72 00 5A 08 15 00 2B 03 58 FA 7A 7B 45 03 01 7D C8 78 D7 0C 3A 9B 00 05 68 0F 66 AA AA 
Time:	09:33:45,913
Send:	220001
Receive: 62 00 01 02 8D 00 9F 22 20 18 0F 01 0B 00 A9 00 00 02 21 00 C9 80 34 4C 26 69 DD 41 F3 12 8F A6 00 E6 02 F3 58 36 74 2C 72 00 5A 08 23 00 2B 03 5E FA 7D 7B 45 03 01 7D C8 78 D7 0C 3A 9B 00 04 E9 0E 3A AA AA 
Time:	09:33:46,299
Send:	220001
Receive: 62 00 01 02 8D 00 9F 21 52 17 15 01 11 00 B5 0B A3 02 27 00 CA 80 2E 4C 22 6C DD 41 F3 12 8F 6E 00 E6 02 48 58 3B C4 2C 72 00 5A 08 2E 00 2B 03 62 FC D3 7B 45 03 01 7C C8 78 D7 0C 3A 9B 00 05 1D 0E 8D AA AA 
Time:	09:33:46,721
Send:	220001

Fixed toLineMF: 03E 62 00 01 02 8D 00 01 4D 12 47 03 47 01 2C 80 AF 4C A7 6B 1D 41 F3 12 8F 5F 00 E6 02 48 59 41 14 2C 72 00 5A 08 32 00 2B 03 64 FC D2 7B 45 03 01 7C C0 78 D7 0C 3A 9B 00 07 BA 14 7D AA AA 
Receive: 62 00 01 02 8D 00 01 4D 12 47 03 47 01 2C 80 AF 4C A7 6B 1D 41 F3 12 8F 5F 00 E6 02 48 59 41 14 2C 72 00 5A 08 32 00 2B 03 64 FC D2 7B 45 03 01 7C C0 78 D7 0C 3A 9B 00 07 BA 14 7D AA AA 

Fixed toLineMF: 03E 62 00 01 02 8D 00 01 4D 12 47 03 47 01 2C 80 AF 4C A7 6B 1D 41 F3 12 8F 5F 00 E6 02 48 59 41 14 2C 72 00 5A 08 32 00 2B 03 64 FC D2 7B 45 03 01 7C C0 78 D7 0C 3A 9B 00 07 BA 14 7D AA AA 
Time:	09:33:47,105
Send:	220001
Receive: NO DATA
Time:	09:33:47,410
Send:	220001
Receive: NO DATA
Time:	09:33:47,705
Send:	220001
Receive: NO DATA
Time:	09:33:47,998
Send:	220001
Receive: NO DATA
Time:	09:33:48,292
Send:	220001
Receive: NO DATA
Time:	09:33:48,579
Send:	220001
Receive: NO DATA
Time:	09:33:48,881
Send:	220001
Receive: NO DATA
Time:	09:33:49,161
Send:	220001
Receive: 62 00 01 02 8D 00 9F 23 9A 19 1D 01 80 01 14 00 00 03 50 01 4D 80 34 4C 26 72 3D 41 F3 12 90 24 00 E6 03 EE 59 53 A7 2C 72 00 5A 08 13 00 2B 03 57 FA 74 7B 45 03 01 7D C8 78 D7 0C 3A 9B 00 07 54 13 EC AA AA 
Time:	09:33:49,547
Send:	220001
Receive: 62 00 01 02 8D 00 9F 23 4A 18 2F 01 47 00 DB 00 00 02 BC 01 10 80 3A 4C 2C 76 3D 41 F3 12 8F C4 00 E6 03 EE 59 59 D8 2C 72 00 5A 08 17 00 2B 03 59 FA 77 7B 45 03 01 7D C8 78 D7 0C 3A 9B 00 06 24 11 1C AA AA 
Time:	09:33:49,939
Send:	220001
Receive: 62 00 01 02 8D 00 9F 22 02 18 17 01 39 00 C9 00 00 02 98 00 F6 80 AC 4C 94 71 BD 41 F3 12 8E AB 00 E6 03 EE 59 53 A7 2C 72 00 5A 08 2A 00 2B 03 61 FA 7E 7B 45 03 01 7D C8 78 D7 0C 3A 9B 00 05 E3 10 52 AA AA 
Time:	09:33:50,343
Send:	220001

Fixed toLineMF: 03E 62 00 01 02 8D 00 00 A6 00 00 02 56 00 DD 80 34 4C 28 76 5D 41 F3 12 8F 14 00 E6 02 F3 59 49 ED 2C 72 00 5A 08 2E 00 2B 03 62 FA 7E 7B 45 03 01 7D C8 78 D7 0C 3A 9B 00 05 28 0E C1 AA AA 
Receive: 62 00 01 02 8D 00 00 A6 00 00 02 56 00 DD 80 34 4C 28 76 5D 41 F3 12 8F 14 00 E6 02 F3 59 49 ED 2C 72 00 5A 08 2E 00 2B 03 62 FA 7E 7B 45 03 01 7D C8 78 D7 0C 3A 9B 00 05 28 0E C1 AA AA 

Fixed toLineMF: 03E 62 00 01 02 8D 00 00 A6 00 00 02 56 00 DD 80 34 4C 28 76 5D 41 F3 12 8F 14 00 E6 02 F3 59 49 ED 2C 72 00 5A 08 2E 00 2B 03 62 FA 7E 7B 45 03 01 7D C8 78 D7 0C 3A 9B 00 05 28 0E C1 AA AA 
Time:	09:33:50,739
Send:	220001
Receive: 62 00 01 02 8D 00 9F 21 52 17 14 01 07 00 9F 00 00 02 17 00 C6 80 B2 4C A0 72 5D 41 F3 12 8F AB 00 E6 02 F3 59 46 5F 2C 72 00 5A 08 2E 00 2B 03 62 FA 80 7B 45 03 01 7D C8 78 D7 0C 3A 9B 00 04 C6 0D F0 AA AA 
Time:	09:33:51,143
Send:	220001
Receive: 62 00 01 02 8D 00 9F 20 C2 17 06 01 19 00 9F 00 00 02 26 00 C6 80 31 4C 23 77 1D 41 F3 12 8F 46 00 E6 02 48 59 44 9D 2C 72 00 5A 08 36 00 2B 03 66 FA 83 7B 45 03 01 7D C8 78 D7 0C 3A 9B 00 04 D0 0E 0C AA AA 
Time:	09:33:51,553
Send:	220001
Receive: 62 00 01 02 8D 00 9F 1F 4A 16 F8 01 0E 00 9A 00 00 02 0E 00 B4 80 30 4C 23 7A 9D 41 F3 12 8F 28 00 E6 02 48 59 41 F5 2C 72 00 5A 08 4C 00 2B 03 6F FA D6 7B 45 03 01 7D C8 78 D7 0C 3A 9B 00 04 B5 0E 02 AA AA 
Time:	09:33:51,959
Send:	220001

Fixed toLineMF: 03E 62 00 01 02 8D 00 9F 1E 76 15 EF 00 FC 00 95 00 00 01 DD 00 A1 80 2F 4C 23 7F FD 41 F3 12 8F 05 00 E6 02 48 59 00 00 2C 72 00 5A 08 57 00 2B 03 29 C9 78 D7 0C 3A 9B 00 04 55 0D D8 AA AA 
Receive: 62 00 01 02 8D 00 9F 1E 76 15 EF 00 FC 00 95 00 00 01 DD 00 A1 80 2F 4C 23 7F FD 41 F3 12 8F 05 00 E6 02 48 59 00 00 2C 72 00 5A 08 57 00 2B 03 29 C9 78 D7 0C 3A 9B 00 04 55 0D D8 AA AA 

Fixed toLineMF: 03E 62 00 01 02 8D 00 9F 1E 76 15 EF 00 FC 00 95 00 00 01 DD 00 A1 80 2F 4C 23 7F FD 41 F3 12 8F 05 00 E6 02 48 59 00 00 2C 72 00 5A 08 57 00 2B 03 29 C9 78 D7 0C 3A 9B 00 04 55 0D D8 AA AA 
Time:	09:33:52,333
Send:	220001
Receive: 62 00 01 02 8D 00 9F 1D 92 14 F0 00 00 00 97 00 00 01 CF 00 97 80 2A 4C 1B 7F FD 41 F3 12 8E EC 00 E6 02 8F 59 00 00 2C 72 00 5A 08 62 00 2B 03 78 FB 30 7B 45 03 01 29 C9 78 D7 0C 3A 9B 00 04 10 0E 25 AA AA 
Time:	09:33:52,746
Send:	220001
Receive: 62 00 01 02 8D 00 9F 1C 64 14 F1 00 00 00 97 00 00 01 B3 00 87 80 26 4C 18 7F FD 41 F3 12 8E CE 00 E6 02 8F 59 00 00 2C 72 00 5A 08 73 00 2B 03 7F FB 73 7B 45 03 01 29 C9 78 D7 0C 3A 9B 00 03 ED 0E B6 AA AA 
Time:	09:33:53,135
Send:	220001
Receive: 62 00 01 02 8D 00 9F 1B 64 13 EF 00 00 00 9A 00 00 01 D3 00 8C 80 26 4C 17 7F FD 41 F3 12 8E BA 00 E6 00 00 5A 00 00 2C 72 00 5A 08 81 00 2B 03 85 FB AB 7B 45 03 01 29 C9 78 D7 0C 3A 9B 00 04 41 0F 71 AA AA 
Time:	09:33:53,524
Send:	220001
Receive: 62 00 01 02 8D 00 9F 1A 38 12 EE 00 00 00 A4 00 00 02 11 00 96 80 26 4C 17 7F FD 41 F3 12 8E 75 00 E6 00 00 5A 00 00 2C 72 00 5A 08 93 00 2B 03 8C FB F7 7B 45 03 01 29 C9 78 D7 0C 3A 9B 00 04 E9 10 ED AA AA 
Time:	09:33:53,918
Send:	220001
Receive: 62 00 01 02 8D 00 9F 19 24 11 EC 00 00 00 A4 00 00 02 56 00 A5 80 25 4C 16 7F FD 41 F3 12 8C D0 00 E6 00 00 5A 00 00 2C 72 00 5A 08 A2 00 2B 03 92 FC 3D 7B 45 03 01 29 C9 78 D7 0C 3A 9B 00 05 6F 12 07 AA AA 
Time:	09:33:54,295
Send:	220001

Fixed toLineMF: 029 62 00 01 02 8B 00 9F 18 4C 11 EC 00 00 00 00 5A 00 00 2C 72 00 5A 08 A3 00 2B 03 92 FC 73 7B 45 03 03 29 E9 78 D7 0C 3A 9B 
Receive: 62 00 01 02 8B 00 9F 18 4C 11 EC 00 00 00 00 5A 00 00 2C 72 00 5A 08 A3 00 2B 03 92 FC 73 7B 45 03 03 29 E9 78 D7 0C 3A 9B 

Fixed toLineMF: 029 62 00 01 02 8B 00 9F 18 4C 11 EC 00 00 00 00 5A 00 00 2C 72 00 5A 08 A3 00 2B 03 92 FC 73 7B 45 03 03 29 E9 78 D7 0C 3A 9B 
Time:	09:33:54,670
Send:	220001
Receive: 62 00 01 02 8C 00 9F 16 B6 0F EC 00 00 00 A1 00 00 02 95 00 A0 80 26 4C 16 7F FD 41 F3 12 8A D1 00 E6 00 00 5A 00 00 2C 72 00 5A 08 A3 00 2B 03 93 FD 19 7B 45 03 07 29 E9 78 D7 0C 3A 9B 00 05 B9 13 B4 AA AA 
Time:	09:33:55,057
Send:	220001

Fixed toLineMF: 03E 62 00 01 02 86 00 9F 11 E4 0D 10 02 8C A6 78 26 4C 16 7F FD 41 F3 12 85 35 00 E6 00 00 5A 17 07 2C 72 00 5A 08 A3 00 2B 04 11 FF 47 7B 45 03 07 3D E8 78 D7 0C 3A 9B 00 08 08 1A B4 AA AA 
Receive: 62 00 01 02 86 00 9F 11 E4 0D 10 02 8C A6 78 26 4C 16 7F FD 41 F3 12 85 35 00 E6 00 00 5A 17 07 2C 72 00 5A 08 A3 00 2B 04 11 FF 47 7B 45 03 07 3D E8 78 D7 0C 3A 9B 00 08 08 1A B4 AA AA 

Fixed toLineMF: 03E 62 00 01 02 86 00 9F 11 E4 0D 10 02 8C A6 78 26 4C 16 7F FD 41 F3 12 85 35 00 E6 00 00 5A 17 07 2C 72 00 5A 08 A3 00 2B 04 11 FF 47 7B 45 03 07 3D E8 78 D7 0C 3A 9B 00 08 08 1A B4 AA AA 
Time:	09:33:55,433
Send:	220001
Receive: 62 00 01 02 8C 00 9F 11 8C 0A 03 02 00 00 B0 00 00 03 5A 00 A1 79 6E 4C 9E 81 BD 41 F3 12 86 18 00 E6 03 EE 5A 17 34 2C 72 00 5A 08 A4 00 2B 03 96 FF 5D 7B 45 03 07 3D E8 78 D7 0C 3A 9B 00 07 DC 1A 64 AA AA 
Time:	09:33:55,827
Send:	220001
Receive: 62 00 01 02 8C 00 9F 10 00 07 06 02 1C 00 B0 00 00 03 B7 00 A2 75 C5 4C B7 7C DD 41 F3 12 84 11 00 E6 03 EE 5B 17 70 2C 72 00 5A 08 A5 00 2B 03 4D FF CD 7B 45 03 07 7D E0 78 D7 0C 3A 9B 00 08 B7 1C 3D AA AA 
Time:	09:33:56,223
Send:	220001
Receive: 62 00 01 02 8C 00 9F 0F 7C 04 FE 02 28 00 AE 00 00 04 0B 00 B0 78 CD 4C B8 7A 7D 41 F3 12 82 22 00 E6 02 FC 5B 17 7F 2C 72 00 5A 08 A5 00 2B 03 4E 01 67 7B 45 03 03 7D E0 78 D7 0C 3A 9B 00 09 3D 1D 70 AA AA 
Time:	09:33:56,627
Send:	220001
Receive: 62 00 01 02 8C 00 9F 0E F6 02 06 01 FB 00 95 00 00 03 E2 00 A4 7A CC 4C B5 78 3D 41 F3 12 83 13 00 E6 02 FC 5B 17 7F 2C 72 00 5A 08 A5 00 2B 03 43 FF EB 7B 45 03 03 7D E0 78 D7 0C 3A 9B 00 08 C3 1C 96 AA AA 
Time:	09:33:57,046
Send:	220001
Receive: 62 00 01 02 8C 00 9F 0E 92 02 09 01 EA 00 97 00 00 03 C8 00 9A 7C CA 4C AE 75 FD 41 F3 12 83 AB 00 E6 02 FC 5B 17 7F 2C 72 00 5A 08 A5 00 2B 03 43 FF F8 7B 45 03 03 7D E0 78 D7 0C 3A 9B 00 08 A6 1C 83 AA AA 
Time:	09:33:57,436
Send:	220001

Fixed toLineMF: 03E 62 00 01 02 8C 00 9F 0E 26 01 0C 01 C6 00 7C 00 00 03 A2 00 8F 7E C0 4C 9A 73 FD 41 F3 12 84 8D 00 E6 02 32 5B 17 7F 2C 72 56 FF CD 7B 45 03 03 7D E0 78 D7 0C 3A 9B 00 08 31 1B A4 AA AA 
Receive: 62 00 01 02 8C 00 9F 0E 26 01 0C 01 C6 00 7C 00 00 03 A2 00 8F 7E C0 4C 9A 73 FD 41 F3 12 84 8D 00 E6 02 32 5B 17 7F 2C 72 56 FF CD 7B 45 03 03 7D E0 78 D7 0C 3A 9B 00 08 31 1B A4 AA AA 

Fixed toLineMF: 03E 62 00 01 02 8C 00 9F 0E 26 01 0C 01 C6 00 7C 00 00 03 A2 00 8F 7E C0 4C 9A 73 FD 41 F3 12 84 8D 00 E6 02 32 5B 17 7F 2C 72 56 FF CD 7B 45 03 03 7D E0 78 D7 0C 3A 9B 00 08 31 1B A4 AA AA 
Time:	09:33:57,823
Send:	220001

Fixed toLineMF: 03E 62 00 01 02 8C 00 9F 0D 7E 01 1C 01 82 00 83 00 00 03 4B 00 7B 80 6D 4C 2A 72 7D 41 F3 12 86 0F 00 E6 02 32 5B 18 60 2C 72 00 50 08 A6 00 2B 03 7C FF F3 7B 45 03 03 00 07 D6 1B 70 AA AA 
Receive: 62 00 01 02 8C 00 9F 0D 7E 01 1C 01 82 00 83 00 00 03 4B 00 7B 80 6D 4C 2A 72 7D 41 F3 12 86 0F 00 E6 02 32 5B 18 60 2C 72 00 50 08 A6 00 2B 03 7C FF F3 7B 45 03 03 00 07 D6 1B 70 AA AA 

Fixed toLineMF: 03E 62 00 01 02 8C 00 9F 0D 7E 01 1C 01 82 00 83 00 00 03 4B 00 7B 80 6D 4C 2A 72 7D 41 F3 12 86 0F 00 E6 02 32 5B 18 60 2C 72 00 50 08 A6 00 2B 03 7C FF F3 7B 45 03 03 00 07 D6 1B 70 AA AA 
Time:	09:33:58,228
Send:	220001

Fixed toLineMF: 029 62 00 01 02 8C 00 9F 0D 22 00 18 01 AE 00 8D 00 00 03 75 00 41 F3 12 85 A2 00 E6 00 50 08 A6 00 2B 03 8E 00 00 7B 45 03 03 
Receive: 62 00 01 02 8C 00 9F 0D 22 00 18 01 AE 00 8D 00 00 03 75 00 41 F3 12 85 A2 00 E6 00 50 08 A6 00 2B 03 8E 00 00 7B 45 03 03 

Fixed toLineMF: 029 62 00 01 02 8C 00 9F 0D 22 00 18 01 AE 00 8D 00 00 03 75 00 41 F3 12 85 A2 00 E6 00 50 08 A6 00 2B 03 8E 00 00 7B 45 03 03 
Time:	09:33:58,599
Send:	220001

Fixed toLineMF: 037 62 00 01 02 8C 00 9F 0C FE 00 08 01 ED 87 80 2A 4C 20 78 FD 01 D3 5B 18 60 2C 72 00 50 08 A6 00 2B 03 81 00 00 7B 45 03 01 7D C0 78 D7 0C 3A 9B 00 08 BF 1E 16 AA AA 
Receive: 62 00 01 02 8C 00 9F 0C FE 00 08 01 ED 87 80 2A 4C 20 78 FD 01 D3 5B 18 60 2C 72 00 50 08 A6 00 2B 03 81 00 00 7B 45 03 01 7D C0 78 D7 0C 3A 9B 00 08 BF 1E 16 AA AA 

Fixed toLineMF: 037 62 00 01 02 8C 00 9F 0C FE 00 08 01 ED 87 80 2A 4C 20 78 FD 01 D3 5B 18 60 2C 72 00 50 08 A6 00 2B 03 81 00 00 7B 45 03 01 7D C0 78 D7 0C 3A 9B 00 08 BF 1E 16 AA AA 
Time:	09:33:58,982
Send:	220001

Fixed toLineMF: 022 62 00 01 02 8D 00 94 80 2B 4C 21 7B 1D 41 F3 12 81 F0 00 E6 00 50 08 A6 00 2B 03 00 09 71 1E FA AA AA 
Receive: 62 00 01 02 8D 00 94 80 2B 4C 21 7B 1D 41 F3 12 81 F0 00 E6 00 50 08 A6 00 2B 03 00 09 71 1E FA AA AA 

Fixed toLineMF: 022 62 00 01 02 8D 00 94 80 2B 4C 21 7B 1D 41 F3 12 81 F0 00 E6 00 50 08 A6 00 2B 03 00 09 71 1E FA AA AA 
Time:	09:33:59,365
Send:	220001

Fixed toLineMF: 03E 62 00 01 02 8C 00 9F 0C A0 00 03 02 07 00 9C 00 00 04 1D 00 91 80 2C 4C 23 7C BD 41 F3 12 81 F0 00 E6 02 4F 5B 19 41 2C 72 00 50 08 A6 00 2B 03 84 00 00 7B 45 03 01 00 09 CB 1F CB AA AA 
Receive: 62 00 01 02 8C 00 9F 0C A0 00 03 02 07 00 9C 00 00 04 1D 00 91 80 2C 4C 23 7C BD 41 F3 12 81 F0 00 E6 02 4F 5B 19 41 2C 72 00 50 08 A6 00 2B 03 84 00 00 7B 45 03 01 00 09 CB 1F CB AA AA 

Fixed toLineMF: 03E 62 00 01 02 8C 00 9F 0C A0 00 03 02 07 00 9C 00 00 04 1D 00 91 80 2C 4C 23 7C BD 41 F3 12 81 F0 00 E6 02 4F 5B 19 41 2C 72 00 50 08 A6 00 2B 03 84 00 00 7B 45 03 01 00 09 CB 1F CB AA AA 
Time:	09:33:59,756
Send:	220001

Fixed toLineMF: 022 62 00 01 02 8C 00 9F 0C C6 00 F7 02 1B 99 80 2B 4C 22 7E FD 02 4F 5B 19 41 2C 72 00 0A 03 20 1A AA AA 
Receive: 62 00 01 02 8C 00 9F 0C C6 00 F7 02 1B 99 80 2B 4C 22 7E FD 02 4F 5B 19 41 2C 72 00 0A 03 20 1A AA AA 

Fixed toLineMF: 022 62 00 01 02 8C 00 9F 0C C6 00 F7 02 1B 99 80 2B 4C 22 7E FD 02 4F 5B 19 41 2C 72 00 0A 03 20 1A AA AA 
Time:	09:34:00,136
Send:	220001
Receive: 62 00 01 02 8C 00 9F 0C BA 00 01 02 31 00 9C 00 00 04 4E 00 96 80 2E 4C 27 81 1D 41 F3 12 82 81 00 E6 02 7D 5B 19 41 2C 72 00 50 08 A7 00 2B 03 5C 00 00 7B 45 03 01 7D E0 78 D7 0C 3A 9B 00 09 D5 20 59 AA AA 
Time:	09:34:00,533
Send:	220001

Fixed toLineMF: 030 62 00 01 02 8B 00 9F 0C 92 00 00 02 4E 00 92 00 00 04 61 00 9C 80 31 4C 29 83 7D 41 F3 12 82 B7 00 E6 02 7D 5B 1A 22 2C 72 00 09 E2 20 77 AA AA 
Receive: 62 00 01 02 8B 00 9F 0C 92 00 00 02 4E 00 92 00 00 04 61 00 9C 80 31 4C 29 83 7D 41 F3 12 82 B7 00 E6 02 7D 5B 1A 22 2C 72 00 09 E2 20 77 AA AA 

Fixed toLineMF: 030 62 00 01 02 8B 00 9F 0C 92 00 00 02 4E 00 92 00 00 04 61 00 9C 80 31 4C 29 83 7D 41 F3 12 82 B7 00 E6 02 7D 5B 1A 22 2C 72 00 09 E2 20 77 AA AA 
Time:	09:34:00,926
Send:	220001
Receive: 62 00 01 02 8C 00 9F 0C B2 00 FE 02 2E 00 92 00 00 04 38 00 98 80 38 4C 34 85 BD 41 F3 12 82 43 00 E6 02 7D 5B 1A 22 2C 72 00 50 08 A7 00 2B 03 51 00 00 7B 45 03 03 7D E2 78 D7 0C 3A 9B 00 09 9F 1F 9C AA AA 
Time:	09:34:01,314
Send:	220001
Receive: 62 00 01 02 8C 00 9F 0C 96 00 01 02 10 00 90 00 00 04 20 00 92 80 AD 4C A2 81 5D 41 F3 12 81 F9 00 E6 02 3F 5B 1A 22 2C 72 00 50 08 A7 00 2B 03 4C 00 00 7B 45 03 03 7D E2 78 D7 0C 3A 9B 00 09 65 1F 5E AA AA 
Time:	09:34:01,713
Send:	220001
Receive: 62 00 01 02 8C 00 9F 0C 80 00 04 02 07 00 8D 00 00 04 1A 00 91 80 68 4C 2D 7F 9D 41 F3 12 81 E8 00 E6 02 3F 5B 1B 08 2C 72 00 50 08 A7 00 2B 03 49 00 00 7B 45 03 03 7D E2 78 D7 0C 3A 9B 00 09 68 1F 4B AA AA 
Time:	09:34:02,154
Send:	220001

Fixed toLineMF: 037 62 00 01 02 8C 00 9F 0C 96 00 02 02 13 92 80 2D 4C 27 84 BD 02 3F 5B 1B E9 2C 72 00 50 08 A7 00 2B 03 44 00 00 7B 45 03 03 7D E2 78 D7 0C 3A 9B 00 09 18 1E E4 AA AA 
Receive: 62 00 01 02 8C 00 9F 0C 96 00 02 02 13 92 80 2D 4C 27 84 BD 02 3F 5B 1B E9 2C 72 00 50 08 A7 00 2B 03 44 00 00 7B 45 03 03 7D E2 78 D7 0C 3A 9B 00 09 18 1E E4 AA AA 

Fixed toLineMF: 037 62 00 01 02 8C 00 9F 0C 96 00 02 02 13 92 80 2D 4C 27 84 BD 02 3F 5B 1B E9 2C 72 00 50 08 A7 00 2B 03 44 00 00 7B 45 03 03 7D E2 78 D7 0C 3A 9B 00 09 18 1E E4 AA AA 
Time:	09:34:02,543
Send:	220001
Receive: 62 00 01 02 8C 00 9F 0C 96 00 05 02 14 00 8B 00 00 03 FD 00 91 80 31 4C 2B 86 DD 41 F3 12 82 71 00 E6 02 3F 5B 1B E9 2C 72 00 50 08 A7 00 2B 03 41 00 00 7B 45 03 03 7D E2 78 D7 0C 3A 9B 00 09 11 1E 93 AA AA 
Time:	09:34:02,946
Send:	220001
Receive: 62 00 01 02 8C 00 9F 0C 9A 00 07 02 12 00 8B 00 00 03 ED 00 8A 80 89 4C 77 88 FD 41 F3 12 82 D0 00 E6 02 3F 5B 1C CA 2C 72 00 50 08 A7 00 2B 03 34 00 00 7B 45 03 03 7D E0 78 D7 0C 3A 9B 00 09 0D 1E 8D AA AA 
Time:	09:34:03,345
Send:	220001
Receive: NO DATA
Time:	09:34:03,624
Send:	220001
Receive: NO DATA
Time:	09:34:03,903
Send:	220001
Receive: NO DATA
Time:	09:34:04,210
Send:	220001
Receive: NO DATA
Time:	09:34:04,494
Send:	220001
Receive: NO DATA
Time:	09:34:04,778
Send:	220001
Receive: NO DATA
Time:	09:34:05,078
Send:	220001
Receive: NO DATA
Time:	09:34:05,354
Send:	220001
Receive: 62 00 01 02 8C 00 9F 0C 9A 00 0A 01 FC 00 8B 00 00 03 ED 00 8B 80 AB 4C 98 83 1D 41 F3 12 82 D5 00 E6 02 4F 5C 1F 72 2C 72 00 50 08 A8 00 2B 02 E6 00 00 7B 45 03 03 7D E0 78 D7 0C 3A 9B 00 09 02 1E 88 AA AA 
Time:	09:34:05,768
Send:	220001
Receive: 62 00 01 02 8C 00 9F 0C 7C 00 07 02 01 00 8B 00 00 03 EC 00 8A 80 36 4C 2B 84 FD 41 F3 12 82 D5 00 E6 02 4F 5C 1F 72 2C 72 00 50 08 A9 00 2B 02 E3 00 00 7B 45 03 03 7D E0 78 D7 0C 3A 9B 00 09 0A 1E C1 AA AA 
Time:	09:34:06,148
Send:	220001
Receive: 62 00 01 02 8C 00 A0 0C 82 00 07 02 08 00 8B 00 00 03 ED 00 8A 80 2C 4C 28 87 1D 41 F3 12 82 D5 00 E6 02 3F 5C 20 58 2C 72 00 50 08 A9 00 2B 02 DE 00 00 7B 45 03 03 7D E0 78 D7 0C 3A 9B 00 09 1F 1E B3 AA AA 
Time:	09:34:06,553
Send:	220001
Receive: 62 00 01 02 8C 00 A0 0C 98 00 06 02 0F 00 8B 00 00 03 EA 00 8A 80 33 4C 2E 89 1D 41 F3 12 82 E1 00 E6 02 3F 5C 20 58 2C 72 00 50 08 A9 00 2B 02 D3 00 00 7B 45 03 03 7D E0 78 D7 0C 3A 9B 00 09 1B 1E 8D AA AA 
Time:	09:34:06,935
Send:	220001
Receive: 62 00 01 02 8C 00 A0 0C B6 00 02 02 00 00 8B 00 00 03 EA 00 8C 80 A8 4C A1 85 5D 41 F3 12 82 E1 00 E6 02 3F 5C 21 39 2C 72 00 50 08 A9 00 2B 02 BE 00 00 7B 45 03 03 7D E0 78 D7 0C 3A 9B 00 08 E5 1E 6E AA AA 
Time:	09:34:07,356
Send:	220001
Receive: 62 00 01 02 8C 00 A0 0C 90 00 04 01 F8 00 8B 00 00 03 E6 00 89 80 A7 4C 94 83 5D 41 F3 12 82 FE 00 E6 02 11 5C 22 1A 2C 72 00 50 08 AA 00 2B 02 B9 00 00 7B 45 03 03 7D E0 78 D7 0C 3A 9B 00 08 F4 1E C4 AA AA 
Time:	09:34:07,754
Send:	220001
Receive: 62 00 01 02 8C 00 A0 0C 78 00 07 02 0A 00 8B 00 00 03 F7 00 8C 80 2D 4C 29 86 FD 41 F3 12 82 96 00 E6 02 11 5C 22 FB 2C 72 00 50 08 AA 00 2B 02 BB 00 00 7B 45 03 03 7D E0 78 D7 0C 3A 9B 00 09 2C 1E DA AA AA 
Time:	09:34:08,138
Send:	220001
Receive: 62 00 01 02 8C 00 A0 0C 98 00 03 02 13 00 86 00 00 03 F7 00 8D 80 2E 4C 2A 88 FD 41 F3 12 82 9A 00 E6 02 4F 5C 23 E1 2C 72 00 50 08 AA 00 2B 02 B1 00 00 7B 45 03 03 7D E0 78 D7 0C 3A 9B 00 09 09 1E A5 AA AA 
Time:	09:34:08,528
Send:	220001
Receive: 62 00 01 02 8C 00 A0 0C A6 00 05 02 01 00 88 00 00 03 E6 00 8B 80 A2 4C A0 86 9D 41 F3 12 82 FA 00 E6 02 4F 5C 23 E1 2C 72 00 50 08 AA 00 2B 02 A3 00 00 7B 45 03 03 7D E0 78 D7 0C 3A 9B 00 08 F2 1E 6A AA AA 
Time:	09:34:08,917
Send:	220001
Receive: 62 00 01 02 8C 00 A0 0C 84 00 06 01 F2 00 88 00 00 03 D8 00 85 80 A9 4C 9E 84 7D 41 F3 12 83 4E 00 E6 02 4F 5C 24 C2 2C 72 00 50 08 AA 00 2B 02 9E 00 00 7B 45 03 03 7D E0 78 D7 0C 3A 9B 00 08 F5 1E 78 AA AA 
Time:	09:34:09,308
Send:	220001
Receive: 62 00 01 02 8C 00 A0 0C 80 00 08 01 FE 00 86 00 00 03 E0 00 84 80 30 4C 28 86 9D 41 F3 12 83 1C 00 E6 02 11 5C 25 A3 2C 72 00 50 08 AB 00 2B 02 9B 00 00 7B 45 03 03 7D E0 78 D7 0C 3A 9B 00 08 B9 1E 83 AA AA 
Time:	09:34:09,696
Send:	220001
Receive: 62 00 01 02 8C 00 A0 0C 88 00 08 02 06 00 86 00 00 03 DF 00 88 80 2A 4C 26 88 9D 41 F3 12 83 24 00 E6 02 11 5C 26 89 2C 72 00 50 08 AB 00 2B 02 99 00 00 7B 45 03 03 7D E0 78 D7 0C 3A 9B 00 08 DA 1E 59 AA AA 
Time:	09:34:10,077
Send:	220001
Receive: 62 00 01 02 8C 00 A0 0C 9E 00 03 02 0C 00 86 00 00 03 E0 00 8A 80 2E 4C 2B 8A 9D 41 F3 13 83 1C 00 E6 02 4F 5C 26 89 2C 72 00 50 08 AB 00 2B 02 8E 00 00 7B 45 03 03 7D E0 78 D7 0C 3A 9B 00 08 E6 1E 4E AA AA 
Time:	09:34:10,484
Send:	220001

Fixed toLineMF: 037 62 00 01 02 8C 00 00 86 00 00 03 E3 00 8A 80 9C 4C 98 88 BD 41 F3 13 83 0F 00 E6 02 4F 5C 27 6A 2C 72 00 50 08 AB 00 2B 02 7D E0 78 D7 0C 3A 9B 00 08 DB 1E 39 AA AA 
Receive: 62 00 01 02 8C 00 00 86 00 00 03 E3 00 8A 80 9C 4C 98 88 BD 41 F3 13 83 0F 00 E6 02 4F 5C 27 6A 2C 72 00 50 08 AB 00 2B 02 7D E0 78 D7 0C 3A 9B 00 08 DB 1E 39 AA AA 

Fixed toLineMF: 037 62 00 01 02 8C 00 00 86 00 00 03 E3 00 8A 80 9C 4C 98 88 BD 41 F3 13 83 0F 00 E6 02 4F 5C 27 6A 2C 72 00 50 08 AB 00 2B 02 7D E0 78 D7 0C 3A 9B 00 08 DB 1E 39 AA AA 
Time:	09:34:10,891
Send:	220001

Fixed toLineMF: 03E 62 00 01 02 8C 00 00 86 00 00 03 D9 00 88 80 AE 4C A4 86 BD 41 F3 13 83 46 00 E6 02 4F 5C 28 4B 2C 72 00 50 08 AB 00 2B 02 71 00 00 7B 45 03 03 7D E0 78 D7 0C 3A 9B 00 08 D1 1E 3A AA AA 
Receive: 62 00 01 02 8C 00 00 86 00 00 03 D9 00 88 80 AE 4C A4 86 BD 41 F3 13 83 46 00 E6 02 4F 5C 28 4B 2C 72 00 50 08 AB 00 2B 02 71 00 00 7B 45 03 03 7D E0 78 D7 0C 3A 9B 00 08 D1 1E 3A AA AA 

Fixed toLineMF: 03E 62 00 01 02 8C 00 00 86 00 00 03 D9 00 88 80 AE 4C A4 86 BD 41 F3 13 83 46 00 E6 02 4F 5C 28 4B 2C 72 00 50 08 AB 00 2B 02 71 00 00 7B 45 03 03 7D E0 78 D7 0C 3A 9B 00 08 D1 1E 3A AA AA 
Time:	09:34:11,280
Send:	220001

Fixed toLineMF: 03E 62 00 01 02 8C 00 A0 0C 80 00 08 01 F5 89 80 9C 4C 34 84 BD 41 F3 13 82 FA 00 E6 02 11 5C 2A 12 2C 72 00 50 08 AC 00 2B 02 71 00 00 7B 45 03 03 7D E0 78 D7 0C 3A 9B 00 08 E5 1E 70 AA AA 
Receive: 62 00 01 02 8C 00 A0 0C 80 00 08 01 F5 89 80 9C 4C 34 84 BD 41 F3 13 82 FA 00 E6 02 11 5C 2A 12 2C 72 00 50 08 AC 00 2B 02 71 00 00 7B 45 03 03 7D E0 78 D7 0C 3A 9B 00 08 E5 1E 70 AA AA 

Fixed toLineMF: 03E 62 00 01 02 8C 00 A0 0C 80 00 08 01 F5 89 80 9C 4C 34 84 BD 41 F3 13 82 FA 00 E6 02 11 5C 2A 12 2C 72 00 50 08 AC 00 2B 02 71 00 00 7B 45 03 03 7D E0 78 D7 0C 3A 9B 00 08 E5 1E 70 AA AA 
Time:	09:34:11,695
Send:	220001
Receive: 62 00 01 02 8C 00 A0 0C 8E 00 07 01 FD 00 88 00 00 03 DA 00 88 80 2B 4C 27 89 3D 41 F3 13 83 42 00 E6 02 11 5C 2A F3 2C 72 00 50 08 AC 00 2B 02 68 00 00 7B 45 03 03 7D E0 78 D7 0C 3A 9B 00 08 E8 1E 6A AA AA 
Time:	09:34:12,076
Send:	220001
Receive: 62 00 01 02 8C 00 A0 0C 96 00 04 02 0A 00 86 00 00 03 E4 00 8B 80 30 4C 2C 8B 3D 41 F3 13 83 07 00 E6 02 3F 5C 2B D4 2C 72 00 50 08 AC 00 2B 02 60 00 00 7B 45 03 03 7D E0 78 D7 0C 3A 9B 00 08 E3 1E 66 AA AA 
Time:	09:34:12,484
Send:	220001

Fixed toLineMF: 03E 62 00 01 02 8C 00 A1 0C 9C 00 07 02 01 00 86 00 00 03 E8 00 8C 80 A2 4C 9D 88 BD 41 F3 13 82 F2 00 E6 00 50 08 AC 00 2B 02 58 00 00 7B 45 03 03 7D E0 78 D7 0C 3A 9B 00 08 EF 1E 60 AA AA 
Receive: 62 00 01 02 8C 00 A1 0C 9C 00 07 02 01 00 86 00 00 03 E8 00 8C 80 A2 4C 9D 88 BD 41 F3 13 82 F2 00 E6 00 50 08 AC 00 2B 02 58 00 00 7B 45 03 03 7D E0 78 D7 0C 3A 9B 00 08 EF 1E 60 AA AA 

Fixed toLineMF: 03E 62 00 01 02 8C 00 A1 0C 9C 00 07 02 01 00 86 00 00 03 E8 00 8C 80 A2 4C 9D 88 BD 41 F3 13 82 F2 00 E6 00 50 08 AC 00 2B 02 58 00 00 7B 45 03 03 7D E0 78 D7 0C 3A 9B 00 08 EF 1E 60 AA AA 
Time:	09:34:12,876
Send:	220001
Receive: 62 00 01 02 8C 00 A1 0C 68 00 0C 01 ED 00 86 00 00 03 D3 00 85 80 A9 4C 9A 86 BD 41 F3 13 83 6C 00 E6 02 3F 5C 2D 9B 2C 72 00 50 08 AC 00 2B 02 5B 00 00 7B 45 03 03 7D E0 78 D7 0C 3A 9B 00 08 F5 1E B0 AA AA 
Time:	09:34:13,258
Send:	220001
Receive: 62 00 01 02 8C 00 A1 0C 60 00 06 01 F5 00 86 00 00 03 EA 00 88 80 55 4C 2F 85 5D 41 F3 13 82 E1 00 E6 02 05 5C 2E 7C 2C 72 00 50 08 AC 00 2B 02 61 00 00 7B 45 03 03 7D E0 78 D7 0C 3A 9B 00 08 E9 1E CC AA AA 
Time:	09:34:13,646
Send:	220001
Receive: 62 00 01 02 8C 00 A1 0C 70 00 07 02 0E 00 81 00 00 03 F4 00 8C 80 2A 4C 27 8A 3D 41 F3 13 82 AB 00 E6 02 05 5D 2F 62 2C 72 00 50 08 AD 00 2B 02 66 00 00 7B 45 03 03 7D E0 78 D7 0C 3A 9B 00 08 F0 1E 81 AA AA 
Time:	09:34:14,037
Send:	220001
Receive: 62 00 01 02 8C 00 A1 0C 98 00 05 02 05 00 81 00 00 03 DD 00 8A 80 2D 4C 2B 8C 3D 41 F3 13 83 2D 00 E6 02 05 5D 30 43 2C 72 00 50 08 AD 00 2B 02 5B 00 00 7B 45 03 03 7D E0 78 D7 0C 3A 9B 00 08 B5 1E 36 AA AA 
Time:	09:34:14,425
Send:	220001
Receive: 62 00 01 02 8C 00 A1 0C 94 00 09 01 F0 00 83 00 00 03 CF 00 87 80 A3 4C 9B 89 5D 41 F3 13 83 85 00 E6 02 4F 5D 32 0A 2C 72 00 50 08 AD 00 2B 02 56 00 00 7B 45 03 03 7D E0 78 D7 0C 3A 9B 00 08 9E 1E 1D AA AA 
Time:	09:34:14,817
Send:	220001
Receive: 62 00 01 02 8C 00 A1 0C 78 00 0B 01 E0 00 81 00 00 03 C1 00 82 80 95 4C 3D 87 7D 41 F3 13 83 D6 00 E6 02 4F 5D 32 EB 2C 72 00 50 08 AD 00 2B 02 56 00 00 7B 45 03 03 7D E0 78 D7 0C 3A 9B 00 08 C1 1E 3D AA AA 
Time:	09:34:15,225
Send:	220001
Receive: 62 00 01 02 8C 00 A1 0C 70 00 09 02 02 00 81 00 00 03 DC 00 89 80 2B 4C 28 8B FD 41 F3 13 83 31 00 E6 02 05 5D 33 CC 2C 72 00 50 08 AD 00 2B 02 5B 00 00 7B 45 03 03 7D E0 78 D7 0C 3A 9B 00 08 DF 1E 43 AA AA 
Time:	09:34:15,616
Send:	220001
Receive: 62 00 01 02 8C 00 A1 0C 9A 00 06 02 03 00 81 00 00 03 D3 00 88 80 2B 4C 29 8D FD 41 F3 13 83 6C 00 E6 02 05 5D 34 AD 2C 72 00 50 08 AD 00 2B 02 51 00 00 7B 45 03 03 7D E0 78 D7 0C 3A 9B 00 08 BD 1E 1C AA AA 
Time:	09:34:16,038
Send:	220001
Receive: 62 00 01 02 8C 00 A1 0C 92 00 09 01 F0 00 83 00 00 03 C5 00 85 80 A0 4C 9A 8B 5D 41 F3 13 83 BC 00 E6 02 05 5D 34 AD 2C 72 00 50 08 AE 00 2B 02 49 00 00 7B 45 03 03 7D E0 78 D7 0C 3A 9B 00 08 CD 1E 1B AA AA 
Time:	09:34:16,435
Send:	220001
Receive: 62 00 01 02 8C 00 A1 0C 7A 00 0C 01 F6 00 81 00 00 03 D6 00 87 80 A8 4C 9B 89 7D 41 F3 13 83 5F 00 E6 02 11 5D 34 AD 2C 72 00 50 08 AE 00 2B 02 46 00 00 7B 45 03 03 7D E0 78 D7 0C 3A 9B 00 08 B7 1E 45 AA AA 
Time:	09:34:16,826
Send:	220001
Receive: 62 00 01 02 8C 00 A1 0C 76 00 09 01 E6 00 83 00 00 03 B8 00 81 80 2B 4C 28 8C 1D 41 F3 13 84 09 00 E6 02 11 5D 33 CC 2C 72 00 50 08 AE 00 2B 02 46 00 00 7B 45 03 03 7D E0 78 D7 0C 3A 9B 00 08 CB 1E 36 AA AA 
Time:	09:34:17,207
Send:	220001
Receive: 62 00 01 02 8C 00 A1 0C 82 00 0B 01 F8 00 81 00 00 03 C1 00 83 80 2B 4C 28 8E 1D 41 F3 13 83 DA 00 E6 02 11 5D 33 CC 2C 72 00 50 08 AE 00 2B 02 41 00 00 7B 45 03 03 7D E0 78 D7 0C 3A 9B 00 08 B1 1E 3E AA AA 
Time:	09:34:17,586
Send:	220001
Receive: 62 00 01 02 8C 00 A1 0C 9E 00 07 01 F4 00 83 00 00 03 C2 00 85 80 8F 4C 7D 8C 9D 41 F3 13 83 D1 00 E6 02 11 5D 33 CC 2C 72 00 50 08 AE 00 2B 02 33 00 00 7B 45 03 03 7D E0 78 D7 0C 3A 9B 00 08 B2 1E 0C AA AA 
Time:	09:34:17,974
Send:	220001

Fixed toLineMF: 03E 62 00 01 02 8C 00 A2 0C 82 00 04 01 F6 00 83 00 00 03 CB 00 85 80 AA 4C A1 8A BD 41 F3 13 83 96 00 E6 02 11 5D 33 CC 2C 72 2E 00 00 7B 45 03 03 7D E0 78 D7 0C 3A 9B 00 08 B1 1E 2A AA AA 
Receive: 62 00 01 02 8C 00 A2 0C 82 00 04 01 F6 00 83 00 00 03 CB 00 85 80 AA 4C A1 8A BD 41 F3 13 83 96 00 E6 02 11 5D 33 CC 2C 72 2E 00 00 7B 45 03 03 7D E0 78 D7 0C 3A 9B 00 08 B1 1E 2A AA AA 

Fixed toLineMF: 03E 62 00 01 02 8C 00 A2 0C 82 00 04 01 F6 00 83 00 00 03 CB 00 85 80 AA 4C A1 8A BD 41 F3 13 83 96 00 E6 02 11 5D 33 CC 2C 72 2E 00 00 7B 45 03 03 7D E0 78 D7 0C 3A 9B 00 08 B1 1E 2A AA AA 
Time:	09:34:18,365
Send:	220001
Receive: 62 00 01 02 8C 00 A2 0C 92 00 08 01 F1 00 81 00 00 03 D0 00 87 80 64 4C 2E 89 5D 41 F3 13 83 7D 00 E6 02 11 5D 34 AD 2C 72 00 50 08 AF 00 2B 02 29 00 00 7B 45 03 03 7D E0 78 D7 0C 3A 9B 00 08 BC 1E 2A AA AA 
Time:	09:34:18,760
Send:	220001
Receive: 62 00 01 02 8C 00 A2 0C 9E 00 02 02 07 00 83 00 00 03 D5 00 88 80 2D 4C 2A 8E 3D 41 F3 13 83 5F 00 E6 02 11 5D 34 AD 2C 72 00 50 08 AF 00 2B 02 1E 00 00 7B 45 03 03 7D E0 78 D7 0C 3A 9B 00 08 BA 1D F7 AA AA 
Time:	09:34:19,165
Send:	220001
Receive: 62 00 01 02 8C 00 A2 0C A6 00 04 01 FB 00 83 00 00 03 CE 00 87 80 9C 4C 97 8C 5D 41 F3 13 83 85 00 E6 02 3F 5D 34 AD 2C 72 00 50 08 AF 00 2B 02 0E 00 00 7B 45 03 03 7D E0 78 D7 0C 3A 9B 00 08 AC 1D F4 AA AA 
Time:	09:34:19,575
Send:	220001
Receive: 62 00 01 02 8C 00 A2 0C 92 00 06 01 F1 00 83 00 00 03 C9 00 84 80 AB 4C A2 8A 5D 41 F3 13 83 A3 00 E6 02 3F 5D 33 CC 2C 72 00 50 08 AF 00 2B 02 06 00 00 7B 45 03 03 7D E0 78 D7 0C 3A 9B 00 08 B3 1E 15 AA AA 
Time:	09:34:19,964
Send:	220001

Fixed toLineMF: 03E 62 00 01 02 8C 00 A2 0C 70 00 0D 01 E8 00 83 00 00 03 C5 00 82 80 94 4C 32 88 7D 41 F3 13 83 C0 00 E6 02 3F 5D 33 CC 2C 72 08 00 00 7B 45 03 03 7D E0 78 D7 0C 3A 9B 00 08 A2 1E 4B AA AA 
Receive: 62 00 01 02 8C 00 A2 0C 70 00 0D 01 E8 00 83 00 00 03 C5 00 82 80 94 4C 32 88 7D 41 F3 13 83 C0 00 E6 02 3F 5D 33 CC 2C 72 08 00 00 7B 45 03 03 7D E0 78 D7 0C 3A 9B 00 08 A2 1E 4B AA AA 

Fixed toLineMF: 03E 62 00 01 02 8C 00 A2 0C 70 00 0D 01 E8 00 83 00 00 03 C5 00 82 80 94 4C 32 88 7D 41 F3 13 83 C0 00 E6 02 3F 5D 33 CC 2C 72 08 00 00 7B 45 03 03 7D E0 78 D7 0C 3A 9B 00 08 A2 1E 4B AA AA 
Time:	09:34:20,360
Send:	220001
Receive: 62 00 01 02 8C 00 A2 0C 6E 00 07 01 FA 00 81 00 00 03 CA 00 85 80 2B 4C 28 8C 9D 41 F3 13 83 A3 00 E6 02 05 5D 33 CC 2C 72 00 50 08 AF 00 2B 02 0E 00 00 7B 45 03 03 7D E0 78 D7 0C 3A 9B 00 08 D1 1E 5A AA AA 
Time:	09:34:20,800
Send:	220001
Receive: 62 00 01 02 8C 00 A2 0C 80 00 07 02 03 00 83 00 00 03 CD 00 85 80 2F 4C 2C 8E FD 41 F3 13 83 8E 00 E6 02 05 5D 33 CC 2C 72 00 50 08 B0 00 2B 02 06 00 00 7B 45 03 03 7D E0 78 D7 0C 3A 9B 00 08 CB 1E 51 AA AA 
Time:	09:34:21,194
Send:	220001
Receive: 62 00 01 02 8C 00 A2 0C 9E 00 FF 01 FB 00 81 00 00 03 D3 00 8A 80 A8 4C A2 8B 9D 41 F3 13 83 6C 00 E6 02 3F 5D 34 AD 2C 72 00 50 08 B0 00 2B 01 FE 00 00 7B 45 03 03 7D E0 78 D7 0C 3A 9B 00 08 C9 1E 19 AA AA 
Time:	09:34:21,594
Send:	220001

Fixed toLineMF: 030 62 00 01 02 8C 00 A2 0C 8A 00 09 01 F2 87 80 AD 4C A2 89 BD 02 3F 5D 33 CC 2C 72 00 50 08 B0 00 2B 01 FB 00 00 7B 45 03 03 00 08 BE 1E 28 AA AA 
Receive: 62 00 01 02 8C 00 A2 0C 8A 00 09 01 F2 87 80 AD 4C A2 89 BD 02 3F 5D 33 CC 2C 72 00 50 08 B0 00 2B 01 FB 00 00 7B 45 03 03 00 08 BE 1E 28 AA AA 

Fixed toLineMF: 030 62 00 01 02 8C 00 A2 0C 8A 00 09 01 F2 87 80 AD 4C A2 89 BD 02 3F 5D 33 CC 2C 72 00 50 08 B0 00 2B 01 FB 00 00 7B 45 03 03 00 08 BE 1E 28 AA AA 
Time:	09:34:21,978
Send:	220001

Fixed toLineMF: 03E 62 00 01 02 8C 00 A2 0C 6C 00 09 01 EA 00 81 00 00 03 D4 00 84 80 4A 4C 2B 87 FD 41 F3 13 83 63 00 E6 02 3F 5D 33 CC 2C 72 FE 00 00 7B 45 03 03 7D E0 78 D7 0C 3A 9B 00 08 CB 1E 51 AA AA 
Receive: 62 00 01 02 8C 00 A2 0C 6C 00 09 01 EA 00 81 00 00 03 D4 00 84 80 4A 4C 2B 87 FD 41 F3 13 83 63 00 E6 02 3F 5D 33 CC 2C 72 FE 00 00 7B 45 03 03 7D E0 78 D7 0C 3A 9B 00 08 CB 1E 51 AA AA 

Fixed toLineMF: 03E 62 00 01 02 8C 00 A2 0C 6C 00 09 01 EA 00 81 00 00 03 D4 00 84 80 4A 4C 2B 87 FD 41 F3 13 83 63 00 E6 02 3F 5D 33 CC 2C 72 FE 00 00 7B 45 03 03 7D E0 78 D7 0C 3A 9B 00 08 CB 1E 51 AA AA 
Time:	09:34:22,355
Send:	220001
Receive: 62 00 01 02 8C 00 A2 0C 68 00 09 01 FC 00 83 00 00 03 D0 00 85 80 2B 4C 27 8C 5D 41 F3 13 83 7D 00 E6 02 11 5D 33 CC 2C 72 00 50 08 B0 00 2B 02 03 00 00 7B 45 03 03 7D E0 78 D7 0C 3A 9B 00 08 D9 1E 54 AA AA 
Time:	09:34:22,747
Send:	220001
Receive: 62 00 01 02 8C 00 A2 0C 84 00 07 02 03 00 83 00 00 03 D1 00 87 80 2C 4C 29 8E 5D 41 F3 13 83 7D 00 E6 02 11 5D 33 CC 2C 72 00 50 08 B0 00 2B 01 FB 00 00 7B 45 03 03 7D E0 78 D7 0C 3A 9B 00 08 CC 1E 45 AA AA 
Time:	09:34:23,144
Send:	220001

Fixed toLineMF: 03E 62 00 01 02 8C 00 A2 0C 86 00 03 01 F9 00 81 00 00 03 D1 00 87 80 A4 4C 9E 8B 5D 41 F3 13 83 74 00 E6 02 11 5E 33 CC 2C 72 00 50 08 B1 00 2B 01 F8 00 00 7B 45 03 03 7D E0 78 D7 0C 3A 9B 
Receive: 62 00 01 02 8C 00 A2 0C 86 00 03 01 F9 00 81 00 00 03 D1 00 87 80 A4 4C 9E 8B 5D 41 F3 13 83 74 00 E6 02 11 5E 33 CC 2C 72 00 50 08 B1 00 2B 01 F8 00 00 7B 45 03 03 7D E0 78 D7 0C 3A 9B 

Fixed toLineMF: 03E 62 00 01 02 8C 00 A2 0C 86 00 03 01 F9 00 81 00 00 03 D1 00 87 80 A4 4C 9E 8B 5D 41 F3 13 83 74 00 E6 02 11 5E 33 CC 2C 72 00 50 08 B1 00 2B 01 F8 00 00 7B 45 03 03 7D E0 78 D7 0C 3A 9B 
Time:	09:34:23,530
Send:	220001
Receive: 62 00 01 02 8C 00 A2 0C 88 00 07 01 ED 00 81 00 00 03 CA 00 86 80 A9 4C 9E 89 5D 41 F3 13 83 A3 00 E6 02 11 5E 33 CC 2C 72 00 50 08 B1 00 2B 01 F0 00 00 7B 45 03 03 7D E0 78 D7 0C 3A 9B 00 08 B2 1E 31 AA AA 
Time:	09:34:23,916
Send:	220001
Receive: 62 00 01 02 8C 00 A2 0C 5A 00 07 01 E9 00 81 00 00 03 CD 00 85 80 66 4C 2D 87 9D 41 F3 13 83 8E 00 E6 02 11 5E 33 CC 2C 72 00 50 08 B1 00 2B 01 FB 00 00 7B 45 03 03 7D E0 78 D7 0C 3A 9B 00 08 C1 1E 78 AA AA 
Time:	09:34:24,314
Send:	220001
Receive: 62 00 01 02 8C 00 A3 0C 76 00 05 02 08 00 81 00 00 03 E0 00 8A 80 29 4C 26 8C 7D 41 F3 13 83 1C 00 E6 02 05 5E 34 AD 2C 72 00 50 08 B1 00 2B 02 01 00 00 7B 45 03 03 7D E0 78 D7 0C 3A 9B 00 08 DA 1E 4A AA AA 
Time:	09:34:24,725
Send:	220001
Receive: 62 00 01 02 8C 00 A3 0C 84 00 07 02 02 00 81 00 00 03 CC 00 86 80 2F 4C 2E 8E 7D 41 F3 13 83 96 00 E6 02 05 5E 33 CC 2C 72 00 50 08 B1 00 2B 01 FB 00 00 7B 45 03 03 7D E0 78 D7 0C 3A 9B 00 08 AE 1E 30 AA AA 
Time:	09:34:25,107
Send:	220001
Receive: 62 00 01 02 8C 00 A3 0C 8C 00 05 01 F4 00 81 00 00 03 CE 00 87 80 A8 4C 9F 8A 5D 41 F3 19 83 89 00 E6 02 22 5E 33 CC 2C 72 00 50 08 B1 00 2B 01 F9 00 00 7B 45 03 03 7D E0 78 D7 0C 3A 9B 00 08 C0 1E 39 AA AA 
Time:	09:34:25,507
Send:	220001
Receive: 62 00 01 02 8C 00 A3 0C 6A 00 07 01 ED 00 81 00 00 03 CF 00 84 80 A5 4C 7E 88 7D 41 F3 19 83 81 00 E6 02 22 5E 33 CC 2C 72 00 50 08 B1 00 2B 01 FE 00 00 7B 45 03 03 7D E0 78 D7 0C 3A 9B 00 08 AB 1E 68 AA AA 
Time:	09:34:25,908
Send:	220001

Fixed toLineMF: 03E 62 00 01 02 8C 00 A3 0C 68 00 0A 02 03 88 80 2B 4C 29 8B FD 41 F3 19 83 1C 00 E6 02 22 5E 34 AD 2C 72 00 50 08 B1 00 2B 02 06 00 00 7B 45 03 03 7D E0 78 D7 0C 3A 9B 00 08 F0 1E 7C AA AA 
Receive: 62 00 01 02 8C 00 A3 0C 68 00 0A 02 03 88 80 2B 4C 29 8B FD 41 F3 19 83 1C 00 E6 02 22 5E 34 AD 2C 72 00 50 08 B1 00 2B 02 06 00 00 7B 45 03 03 7D E0 78 D7 0C 3A 9B 00 08 F0 1E 7C AA AA 

Fixed toLineMF: 03E 62 00 01 02 8C 00 A3 0C 68 00 0A 02 03 88 80 2B 4C 29 8B FD 41 F3 19 83 1C 00 E6 02 22 5E 34 AD 2C 72 00 50 08 B1 00 2B 02 06 00 00 7B 45 03 03 7D E0 78 D7 0C 3A 9B 00 08 F0 1E 7C AA AA 
Time:	09:34:26,296
Send:	220001
Receive: 62 00 01 02 8C 00 A3 0C 6E 00 07 01 FF 00 83 00 00 03 CC 00 85 80 2B 4C 28 8D DD 41 F3 19 83 92 00 E6 02 3F 5E 33 CC 2C 72 00 50 08 B2 00 2B 02 09 00 00 7B 45 03 03 7D E0 78 D7 0C 3A 9B 00 08 D0 1E 5F AA AA 
Time:	09:34:26,695
Send:	220001
Receive: 62 00 01 02 8C 00 A3 0C 82 00 08 01 FC 00 81 00 00 03 D7 00 88 80 9F 4C 9A 8B 7D 41 F3 19 83 57 00 E6 02 3F 5E 33 CC 2C 72 00 50 08 B2 00 2B 02 04 00 00 7B 45 03 03 7D E0 78 D7 0C 3A 9B 00 08 C6 1E 37 AA AA 
Time:	09:34:27,087
Send:	220001
Receive: 62 00 01 02 8C 00 A3 0C 76 00 09 01 F6 00 81 00 00 03 D8 00 87 80 A6 4C 98 89 9D 41 F3 19 83 4E 00 E6 02 11 5E 33 CC 2C 72 00 50 08 B2 00 2B 02 06 00 00 7B 45 03 03 7D E0 78 D7 0C 3A 9B 00 08 DD 1E 5F AA AA 
Time:	09:34:27,485
Send:	220001
Receive: 62 00 01 02 8D 00 A3 0C 5E 00 07 01 F3 00 81 00 00 03 C8 00 84 80 37 4C 2D 8B 9D 41 F3 19 83 AB 00 E6 02 11 5E 33 CC 2C 72 00 50 08 B2 00 2B 02 0E 00 00 7B 45 03 03 7D E0 78 D7 0C 3A 9B 00 08 CD 1E 72 AA AA 
Time:	09:34:27,884
Send:	220001
Receive: 62 00 01 02 8D 00 A3 0C 8E 00 07 02 09 00 81 00 00 03 E0 00 89 80 2B 4C 28 8D 7D 41 F3 19 83 1C 00 E6 02 11 5E 34 AD 2C 72 00 50 08 B2 00 2B 02 0C 00 00 7B 45 03 01 7D C0 78 D7 0C 3A 9B 00 08 C1 1E 34 AA AA 
Time:	09:34:28,290
Send:	220001
Receive: 62 00 01 02 8D 00 A3 0C B0 00 01 02 CF 00 B3 00 00 04 C3 00 AD 80 89 4C 6F 8F 9D 41 F3 19 83 DE 00 E6 02 22 5E 3D 86 2C 72 00 5A 08 B3 00 2B 01 F1 00 A4 7B 45 03 05 7D C2 78 D7 0C 3A 9B 00 0A E9 23 53 AA AA 
Time:	09:34:28,679
Send:	220001
Receive: 62 00 01 02 8D 00 A3 0D FA 00 FE 02 45 00 7E 00 00 04 3B 00 AC 80 B4 4C B1 89 FD 41 F3 19 82 47 00 E6 02 22 5E 3A E3 2C 72 00 5A 08 B3 00 2B 01 C3 00 00 7B 45 03 05 7D C0 78 D7 0C 3A 9B 00 09 95 1E B5 AA AA 
Time:	09:34:29,079
Send:	220001
Receive: 62 00 01 02 8D 00 A3 0E 14 00 05 01 F4 00 7E 00 00 03 D0 00 97 80 C3 4C BB 87 BD 41 F3 19 83 7D 00 E6 02 53 5E 38 3B 2C 72 00 5A 08 B3 00 2B 01 B5 00 00 7B 45 03 05 7D C0 78 D7 0C 3A 9B 00 08 BE 1C CF AA AA 
Time:	09:34:29,510
Send:	220001
Receive: 62 00 01 02 8D 00 A3 0E 34 00 05 03 46 01 4B 18 85 05 58 00 DE 80 C4 4C B9 85 5D 41 F3 19 85 9D 00 E6 02 53 5E 4B AF 2C 72 00 78 08 B3 00 2B 01 B8 01 B3 7B 45 03 05 7C C2 78 D7 0C 3A 9B 00 0C 96 26 9A AA AA 
Time:	09:34:29,905
Send:	220001
Receive: 62 00 01 02 8D 00 A3 14 48 00 FD 05 17 02 4E 1B 05 09 61 02 53 80 C3 4C B8 81 3D 41 F3 19 8E 48 00 E6 02 53 5E FA 00 2C 72 00 96 08 B3 00 2B 01 B8 01 1E 7B 45 03 05 7C C2 78 D7 0C 3A 9B 00 15 00 34 EF AA AA 
Time:	09:34:30,297
Send:	220001
Receive: 62 00 01 02 8D 00 A3 17 30 01 05 03 9B 01 E8 19 5C 07 76 01 E0 80 84 4C 34 7C 9D 41 F3 19 8B DA 00 E6 08 C0 5E B1 71 2C 72 00 96 08 B3 00 2B 01 B8 00 00 7B 45 03 05 7C C2 78 D7 0C 3A 9B 00 10 E3 2C A3 AA AA 
Time:	09:34:30,695
Send:	220001
Receive: 62 00 01 02 8C 00 A3 15 7E 03 02 04 71 02 3A 19 5C 08 8B 01 FC 80 2B 4C 29 83 5D 41 F3 19 8B ED 00 E6 08 C0 5E FA 00 2C 72 00 96 08 B2 00 2B 01 B8 01 57 7B 45 03 05 7C C2 78 D7 0C 3A 9B 00 13 C1 33 C9 AA AA 
Time:	09:34:31,087
Send:	220001
Receive: 62 00 01 02 8D 00 A3 15 5C 05 FD 04 9D 02 35 12 47 08 F1 02 1C 80 B3 4C AF 80 1D 41 F3 19 8C 61 00 E6 08 D4 5D FA 00 2C 72 00 96 08 B1 00 2B 01 B8 01 44 7B 45 03 05 7C C2 78 D7 0C 3A 9B 00 14 6D 34 D4 AA AA 
Time:	09:34:31,478
Send:	220001

Fixed toLineMF: 03E 62 00 01 02 8D 00 A3 16 86 06 FF 01 DD 00 BA 00 00 04 7C 01 1E 80 7D 4C 31 7C 3D 41 F3 19 89 38 00 E6 08 D4 5D 5A B9 2C 72 00 6E 08 AF 00 2B 01 7D C8 78 D7 0C 3A 9B 00 0A 46 1D A1 AA AA 
Receive: 62 00 01 02 8D 00 A3 16 86 06 FF 01 DD 00 BA 00 00 04 7C 01 1E 80 7D 4C 31 7C 3D 41 F3 19 89 38 00 E6 08 D4 5D 5A B9 2C 72 00 6E 08 AF 00 2B 01 7D C8 78 D7 0C 3A 9B 00 0A 46 1D A1 AA AA 

Fixed toLineMF: 03E 62 00 01 02 8D 00 A3 16 86 06 FF 01 DD 00 BA 00 00 04 7C 01 1E 80 7D 4C 31 7C 3D 41 F3 19 89 38 00 E6 08 D4 5D 5A B9 2C 72 00 6E 08 AF 00 2B 01 7D C8 78 D7 0C 3A 9B 00 0A 46 1D A1 AA AA 
Time:	09:34:31,868
Send:	220001
Receive: 62 00 01 02 8D 00 A4 15 78 06 29 01 C3 01 2D 16 70 03 F7 00 ED 80 26 4C 22 80 9D 41 F3 19 87 33 00 E6 08 D4 5D 58 F7 2C 72 00 5A 08 AE 00 2B 01 C2 00 00 7B 45 03 05 FC C0 78 D7 0C 3A 9B 00 09 B8 1B FF AA AA 
Time:	09:34:32,249
Send:	220001

Fixed toLineMF: 03E 62 00 01 02 8D 00 A4 1B 10 06 28 02 78 01 A2 1D 19 05 0A 01 9B 80 2B 4C 28 84 9D 41 F3 19 8E 66 00 E6 05 62 5C 94 3E 2C 72 00 5A 08 84 00 2B 01 B9 FC B2 7B 45 03 05 00 0C 02 20 FB AA AA 
Receive: 62 00 01 02 8D 00 A4 1B 10 06 28 02 78 01 A2 1D 19 05 0A 01 9B 80 2B 4C 28 84 9D 41 F3 19 8E 66 00 E6 05 62 5C 94 3E 2C 72 00 5A 08 84 00 2B 01 B9 FC B2 7B 45 03 05 00 0C 02 20 FB AA AA 

Fixed toLineMF: 03E 62 00 01 02 8D 00 A4 1B 10 06 28 02 78 01 A2 1D 19 05 0A 01 9B 80 2B 4C 28 84 9D 41 F3 19 8E 66 00 E6 05 62 5C 94 3E 2C 72 00 5A 08 84 00 2B 01 B9 FC B2 7B 45 03 05 00 0C 02 20 FB AA AA 
Time:	09:34:32,649
Send:	220001
Receive: 62 00 01 02 8D 00 A4 1E 9A 07 15 02 8C 01 89 1A 99 04 FC 01 AF 80 2F 4C 30 89 5D 41 F3 19 8F B0 00 E6 05 62 5C 8B 65 2C 72 00 5A 08 5F 00 2B 01 B2 FC C0 7B 45 03 05 FC C0 78 D7 0C 3A 9B 00 0B 3D 1E 90 AA AA 
Time:	09:34:33,037
Send:	220001
Receive: 62 00 01 02 8D 00 A4 1C 8C 08 29 02 6B 01 82 1A 99 04 B6 01 73 80 28 4C 22 89 5D 41 F3 19 8D 97 00 E6 05 62 5C 80 C5 2C 72 00 5A 08 7E 00 2B 01 B8 FC B4 7B 45 03 05 FC C0 78 D7 0C 3A 9B 00 0B 12 20 05 AA AA 
Time:	09:34:33,444
Send:	220001

Fixed toLineMF: 03E 62 00 01 02 8D 00 A4 19 C0 09 0B 03 08 01 64 1A 99 05 72 01 81 80 36 4C 6A 8D 7D 41 F3 19 8B 7B 00 E6 05 FE 5C 77 0B 2C 72 00 5A 08 A7 00 2B 01 FC C2 78 D7 0C 3A 9B 00 0C 6E 22 7E AA AA 
Receive: 62 00 01 02 8D 00 A4 19 C0 09 0B 03 08 01 64 1A 99 05 72 01 81 80 36 4C 6A 8D 7D 41 F3 19 8B 7B 00 E6 05 FE 5C 77 0B 2C 72 00 5A 08 A7 00 2B 01 FC C2 78 D7 0C 3A 9B 00 0C 6E 22 7E AA AA 

Fixed toLineMF: 03E 62 00 01 02 8D 00 A4 19 C0 09 0B 03 08 01 64 1A 99 05 72 01 81 80 36 4C 6A 8D 7D 41 F3 19 8B 7B 00 E6 05 FE 5C 77 0B 2C 72 00 5A 08 A7 00 2B 01 FC C2 78 D7 0C 3A 9B 00 0C 6E 22 7E AA AA 
Time:	09:34:33,832
Send:	220001

Fixed toLineMF: 03E 62 00 01 02 8D 00 A4 1C 08 0A 28 02 6F 83 80 7D 4C 38 86 BD 41 F3 19 8D 97 00 E6 05 FE 5C 86 15 2C 72 00 5A 08 7C 00 2B 01 B8 FC B5 7B 45 03 05 FC C0 78 D7 0C 3A 9B 00 0B 84 21 30 AA AA 
Receive: 62 00 01 02 8D 00 A4 1C 08 0A 28 02 6F 83 80 7D 4C 38 86 BD 41 F3 19 8D 97 00 E6 05 FE 5C 86 15 2C 72 00 5A 08 7C 00 2B 01 B8 FC B5 7B 45 03 05 FC C0 78 D7 0C 3A 9B 00 0B 84 21 30 AA AA 

Fixed toLineMF: 03E 62 00 01 02 8D 00 A4 1C 08 0A 28 02 6F 83 80 7D 4C 38 86 BD 41 F3 19 8D 97 00 E6 05 FE 5C 86 15 2C 72 00 5A 08 7C 00 2B 01 B8 FC B5 7B 45 03 05 FC C0 78 D7 0C 3A 9B 00 0B 84 21 30 AA AA 
Time:	09:34:34,235
Send:	220001
Receive: 62 00 01 02 8D 00 A4 1E D8 0B 22 03 07 01 AE 20 6B 05 71 01 E0 80 88 4C 9A 8E 1D 41 F3 19 90 29 00 E6 07 AE 5C 97 C7 2C 72 00 5A 08 56 00 2B 01 B0 FC C4 7B 45 03 01 FC C0 78 D7 0C 3A 9B 00 0C 9B 20 C0 AA AA 
Time:	09:34:34,617
Send:	220001
Receive: 62 00 01 02 8D 00 A4 22 1C 0D 24 03 D1 02 5D 2D F0 07 37 02 C6 80 C4 4C BD 85 BD 41 F3 19 93 62 00 E6 07 AE 5B E3 DF 2C 72 00 5A 08 2A 00 2B 01 A7 FC D5 7B 45 03 01 FC C2 78 D7 0C 3A 9B 00 10 96 27 E4 AA AA 
Time:	09:34:35,027
Send:	220001
Receive: 62 00 01 02 8D 00 A4 26 12 0E 26 02 DC 02 3A 29 FA 06 0C 02 99 80 BF 4C B1 7F 7D 41 F3 19 95 3A 00 E6 07 AE 5B E4 C0 2C 72 00 5A 07 FA 00 2B 01 9D FC E7 7B 45 03 01 7C C2 78 D7 0C 3A 9B 00 0D B7 24 52 AA AA 
Time:	09:34:35,468
Send:	220001
Receive: 62 00 01 02 8D 00 A4 29 A0 10 27 03 07 02 94 29 C7 06 08 02 CE 80 24 4C 1E 84 FD 41 F3 19 96 52 00 E6 09 E2 5B FA 00 2C 72 00 5A 07 D2 00 2B 01 95 FC F7 7B 45 03 01 FC C2 78 D7 0C 3A 9B 00 0E 35 25 EC AA AA 
Time:	09:34:35,870
Send:	220001
Receive: 62 00 01 02 8D 00 A4 2D 96 11 26 03 61 02 D2 29 8F 06 46 03 2D 80 25 4C 1E 8C 1D 41 F3 19 95 25 00 E6 09 E2 5B FA 00 2C 72 00 5A 07 CE 00 2B 01 95 FC F8 7B 45 03 01 7C C2 78 D7 0C 3A 9B 00 0E BE 26 84 AA AA 
Time:	09:34:36,255
Send:	220001
Receive: 62 00 01 02 8D 00 A4 2E 82 12 0E 01 3D 00 95 00 00 02 8C 01 4A 80 2A 4C 25 92 DD 41 F3 19 95 40 00 E6 0C CC 5B 5D 61 2C 72 00 5A 07 CD 00 2B 01 94 FA 1F 7B 45 03 05 7D C8 78 D7 0C 3A 9B 00 04 71 0F CD AA AA 
Time:	09:34:36,654
Send:	220001
Receive: 62 00 01 02 8D 00 A4 29 E0 12 34 01 2E 00 F6 00 00 01 D9 00 D8 80 25 4C 1E 97 FC 41 F3 19 94 A8 00 E6 0C CC 5A 52 C6 2C 72 00 5A 07 D3 00 2B 01 96 FA 55 7B 45 03 05 7D C8 78 D7 0C 3A 9B 00 04 3A 0E FF AA AA 
Time:	09:34:37,058
Send:	220001
Receive: 62 00 01 02 8D 00 A4 28 06 12 F0 00 00 00 DD 03 BD 01 DC 00 D0 80 2B 4C 26 7F FD 41 F3 19 92 FD 00 E6 0C CC 5A 00 00 2C 72 00 5A 07 E6 00 2B 01 99 FC EF 7B 45 03 05 28 C9 78 D7 0C 3A 9B 00 04 B4 0E 7D AA AA 
Time:	09:34:37,447
Send:	220001
Receive: 62 00 01 02 8D 00 A4 20 D0 12 1C 04 4E 02 4E 25 33 06 35 02 2E 78 AA 4C A9 7E 9D 41 F3 19 90 A8 00 E6 00 00 5A 17 70 2C 72 00 5A 08 43 00 2B 01 AC FC CB 7B 45 03 05 3C CA 78 D7 0C 3A 9B 00 0E B5 24 CA AA AA 
Time:	09:34:37,837
Send:	220001
Receive: 62 00 01 02 8D 00 A4 20 70 13 25 03 72 01 DE 22 EB 05 FA 02 20 79 CC 4C C6 78 DD 41 F3 19 90 F5 00 E6 00 00 5A 18 60 2C 72 00 5A 08 41 00 2B 01 AC FC CC 7B 45 03 05 7C C2 78 D7 0C 3A 9B 00 0D 96 22 96 AA AA 
Time:	09:34:38,234
Send:	220001
Receive: 62 00 01 02 8D 00 A4 1C 8A 14 27 02 EA 01 B6 22 EB 05 74 01 AD 76 C8 4C BB 73 FD 41 F3 19 8D 97 00 E6 07 AE 5A 1A 22 2C 72 00 5A 08 7B 00 2B 01 B8 FC B5 7B 45 03 05 7C C2 78 D7 0C 3A 9B 00 0C 9F 23 2E AA AA 
Time:	09:34:38,646
Send:	220001
Receive: 62 00 01 02 8D 00 A4 1D A4 14 26 02 FC 01 CD 24 28 05 90 01 D9 79 41 4C 28 74 7D 41 F3 19 8F 50 00 E6 07 AE 5A 1B 08 2C 72 00 5A 08 60 00 2B 01 B2 FC C0 7B 45 03 05 7C C2 78 D7 0C 3A 9B 00 0C BE 22 CA AA AA 
Time:	09:34:39,048
Send:	220001
Receive: 62 00 01 02 8D 00 A4 1E 76 15 24 03 48 01 F4 26 A8 06 18 02 14 7B B1 4C AD 71 9D 41 F3 19 8F E7 00 E6 07 AE 5A 1C CA 2C 72 00 5A 08 59 00 2B 01 B1 FC C2 7B 45 03 01 7C C2 78 D7 0C 3A 9B 00 0E 4A 24 D5 AA AA 
Time:	09:34:39,446
Send:	220001
Receive: 62 00 01 02 8D 00 A4 1F C2 16 24 03 33 01 F4 26 A8 06 58 02 3C 7D B0 4C A3 6B DD 41 F3 19 90 AD 00 E6 08 1B 5A 1E 91 2C 72 00 5A 08 47 00 2B 01 AD FC C9 7B 45 03 01 7C C2 78 D7 0C 3A 9B 00 0E 9A 24 C3 AA AA 
Time:	09:34:39,825
Send:	220001
Receive: 62 00 01 02 8D 00 A3 20 EA 17 24 03 02 01 E5 26 3D 06 3D 02 47 7E BD 4C AE 66 3D 41 F3 19 91 95 00 E6 08 1B 5A 1F 72 2C 72 00 5A 08 38 00 2B 01 AA FC CF 7B 45 03 01 7C C2 78 D7 0C 3A 9B 00 0E 3C 23 49 AA AA 
Time:	09:34:40,218
Send:	220001
Receive: 62 00 01 02 8D 00 A3 22 38 18 26 02 D0 01 E5 26 3D 06 0E 02 4F 80 B9 4C A5 60 5E 41 F3 19 92 B9 00 E6 07 DF 5A 21 39 2C 72 00 5A 08 27 00 2B 01 A7 FC D6 7B 45 03 01 7C C2 78 D7 0C 3A 9B 00 0D E9 22 76 AA AA 
Time:	09:34:40,597
Send:	220001
Receive: 62 00 01 02 8D 00 A3 23 4A 18 27 02 C9 01 EA 25 D1 05 E8 02 4F 80 4B 4C 2D 62 9D 41 F3 19 93 A2 00 E6 07 DF 5A 22 1A 2C 72 00 5A 08 1A 00 2B 01 A4 FC DB 7B 45 03 01 7C C2 78 D7 0C 3A 9B 00 0D AA 21 D7 AA AA 
Time:	09:34:40,991
Send:	220001
Receive: 62 00 01 02 8D 00 A3 24 3C 19 27 02 AA 01 ED 25 D1 05 CD 02 5B 80 A3 4C 82 5D 7E 41 F3 19 94 0C 00 E6 07 DF 5A 23 E1 2C 72 00 5A 08 0F 00 2B 01 A2 FC DF 7B 45 03 01 7C C2 78 D7 0C 3A 9B 00 0D 55 21 47 AA AA 
Time:	09:34:41,388
Send:	220001
Receive: 62 00 01 02 8D 00 A3 25 34 1A 27 02 D2 02 06 25 6B 05 CE 02 68 80 2E 4C 28 64 7D 41 F3 19 94 68 00 E6 08 00 5A 24 C2 2C 72 00 5A 08 02 00 2B 01 9F FC E4 7B 45 03 01 7C C2 78 D7 0C 3A 9B 00 0D 5B 21 93 AA AA 
Time:	09:34:41,852
Send:	220001
Receive: 62 00 01 02 8D 00 A3 26 38 1A 28 02 CB 02 08 21 E1 05 95 02 5E 80 2D 4C 27 6A BD 41 F3 19 94 A3 00 E6 08 00 59 26 89 2C 72 00 5A 07 F6 00 2B 01 9D FC E9 7B 45 03 01 7C C2 78 D7 0C 3A 9B 00 0C 2E 1F F2 AA AA 
Time:	09:34:42,284
Send:	220001
Receive: 62 00 01 02 8D 00 A3 26 3C 1B 1F 01 A7 01 50 00 00 03 70 01 72 80 28 4C 21 71 1D 41 F3 19 91 F7 00 E6 06 66 59 28 4B 2C 72 00 5A 07 F7 00 2B 01 9D FA 68 7B 45 03 01 7D C8 78 D7 0C 3A 9B 00 07 C8 15 DD AA AA 
Time:	09:34:42,696
Send:	220001
Receive: 62 00 01 02 8D 00 A3 26 BE 1B 2F 01 88 01 3E 00 00 02 F5 01 3E 80 29 4C 23 75 9D 41 F3 19 91 E8 00 E6 06 66 59 2A 12 2C 72 00 5A 07 F3 00 2B 01 9C FA 65 7B 45 03 01 7D C8 78 D7 0C 3A 9B 00 06 F0 13 D1 AA AA 
Time:	09:34:43,085
Send:	220001
Receive: 62 00 01 02 8D 00 A3 26 4A 1A 25 01 63 01 1E 00 00 02 A1 01 20 80 8E 4C 75 76 7D 41 F3 19 92 3B 00 E6 04 44 59 2C BA 2C 72 00 5A 07 F3 00 2B 01 9C FA 68 7B 45 03 01 7D C8 78 D7 0C 3A 9B 00 06 0A 12 0C AA AA 
Time:	09:34:43,486
Send:	220001
Receive: 62 00 01 02 8D 00 A3 24 D6 1A 1C 01 43 00 D8 00 00 02 65 00 FA 80 35 4C 2B 79 BD 41 F3 19 91 0F 00 E6 04 44 59 2F 62 2C 72 00 5A 08 08 00 2B 01 A0 FA 70 7B 45 03 01 7D C8 78 D7 0C 3A 9B 00 05 74 0F F1 AA AA 
Time:	09:34:43,867
Send:	220001
Receive: 62 00 01 02 8D 00 A3 25 56 1A 24 01 1B 00 C4 00 00 02 1D 00 DC 80 B3 4C AA 74 5D 41 F3 19 90 FA 00 E6 04 44 59 32 0A 2C 72 00 5A 08 02 00 2B 01 9F FA 6C 7B 45 03 01 7D C8 78 D7 0C 3A 9B 00 04 E5 0E 8B AA AA 
Time:	09:34:44,257
Send:	220001
Receive: 62 00 01 02 8D 00 A3 24 38 19 0F 01 1F 00 C2 00 00 02 12 00 CF 80 2B 4C 27 78 5D 41 F3 19 90 1F 00 E6 03 33 59 36 74 2C 72 00 5A 08 10 00 2B 01 A2 FA 71 7B 45 03 01 7D C8 78 D7 0C 3A 9B 00 04 D4 0E 57 AA AA 
Time:	09:34:44,645
Send:	220001
Receive: 62 00 01 02 8D 00 A3 22 DE 18 FF 01 22 00 B0 00 00 02 17 00 CD 80 2C 4C 27 7B 9D 41 F3 19 8F EC 00 E6 03 33 59 3B C4 2C 72 00 5A 08 21 00 2B 01 A5 FA 77 7B 45 03 01 7D C8 78 D7 0C 3A 9B 00 04 CC 0E 37 AA AA 
Time:	09:34:45,028
Send:	220001

Fixed toLineMF: 03E 62 00 01 02 8D 00 A3 21 FC 18 F4 01 26 00 A6 00 00 02 1A 00 41 F3 19 8F B5 00 E6 03 33 5A 41 F5 2C 72 00 5A 08 2B 00 2B 01 A7 FA 7B 7B 45 03 01 7D C8 78 D7 0C 3A 9B 00 04 DB 0E 30 AA AA 
Receive: 62 00 01 02 8D 00 A3 21 FC 18 F4 01 26 00 A6 00 00 02 1A 00 41 F3 19 8F B5 00 E6 03 33 5A 41 F5 2C 72 00 5A 08 2B 00 2B 01 A7 FA 7B 7B 45 03 01 7D C8 78 D7 0C 3A 9B 00 04 DB 0E 30 AA AA 

Fixed toLineMF: 03E 62 00 01 02 8D 00 A3 21 FC 18 F4 01 26 00 A6 00 00 02 1A 00 41 F3 19 8F B5 00 E6 03 33 5A 41 F5 2C 72 00 5A 08 2B 00 2B 01 A7 FA 7B 7B 45 03 01 7D C8 78 D7 0C 3A 9B 00 04 DB 0E 30 AA AA 
Time:	09:34:45,439
Send:	220001
Receive: 62 00 01 02 8D 00 A3 20 D2 17 ED 00 00 00 A6 00 00 02 27 00 C6 80 30 4C 22 7F FD 41 F3 19 8F 32 00 E6 02 F3 5A 00 00 2C 72 00 5A 08 3B 00 2B 01 AB FA 7F 7B 45 03 01 29 C9 78 D7 0C 3A 9B 00 04 E1 0E 3A AA AA 
Time:	09:34:45,855
Send:	220001
Receive: 62 00 01 02 8D 00 A3 1F 8E 16 ED 00 00 00 A6 00 00 02 1D 00 BA 80 20 4C 19 7F FD 41 F3 19 8F 05 00 E6 02 F3 5A 00 00 2C 72 00 5A 08 4D 00 2B 01 AE FA C6 7B 45 03 01 29 C9 78 D7 0C 3A 9B 00 04 DB 0E 4E AA AA 
Time:	09:34:46,257
Send:	220001
Receive: 62 00 01 02 8D 00 A3 1E 78 15 EE 00 00 00 9F 00 00 01 F9 00 A8 80 1F 4C 17 7F FD 41 F3 19 8F 0A 00 E6 00 00 5A 00 00 2C 72 00 5A 08 5C 00 2B 01 B1 FB 00 7B 45 03 01 29 C9 78 D7 0C 3A 9B 00 04 76 0E 6A AA AA 
Time:	09:34:46,654
Send:	220001
Receive: 62 00 01 02 8B 00 A3 1D 44 14 EF 00 00 00 9F 00 00 01 D9 00 97 80 1F 4C 17 7F FD 41 F3 19 8E E2 00 E6 00 00 5B 00 00 2C 72 00 5A 08 6D 00 2B 01 B5 FB 42 7B 45 03 03 29 E9 78 D7 0C 3A 9B 00 04 2C 0E EF AA AA 
Time:	09:34:47,045
Send:	220001
Receive: 62 00 01 02 8C 00 A3 1B 2C 13 EF 00 00 00 A1 00 00 01 E8 00 8F 80 1F 4C 17 7F FD 41 F3 19 8E B0 00 E6 00 00 5B 00 00 2C 72 00 5A 08 8D 00 2B 01 BB FB C7 7B 45 03 07 29 E9 78 D7 0C 3A 9B 00 04 9D 10 57 AA AA 
Time:	09:34:47,454
Send:	220001
Receive: 62 00 01 02 8A 00 A3 16 60 11 EC 00 00 00 A1 00 00 02 6F 00 88 80 1F 4C 17 7F FD 41 F3 19 8A 32 00 E6 00 00 5B 00 00 2C 72 00 5A 08 A6 00 2B 01 C0 FD A6 7B 45 03 07 29 E9 78 D7 0C 3A 9B 00 05 4E 14 24 AA AA 
Time:	09:34:47,845
Send:	220001
Receive: 62 00 01 02 85 00 A3 11 FA 0F FE 02 05 00 AB 00 00 03 3D 00 A5 78 1F 4C 17 7F FD 41 F3 19 86 93 00 E6 00 00 5B 17 07 2C 72 00 5A 08 A7 00 2B 02 4C FE F1 7B 45 03 07 3D E8 78 D7 0C 3A 9B 00 07 55 19 38 AA AA 
Time:	09:34:48,235
Send:	220001
Receive: 62 00 01 02 89 00 A3 10 C0 0C 06 02 02 00 AB 00 00 03 5A 00 9A 79 4F 4C 9A 81 DD 41 F3 19 86 0B 00 E6 02 9A 5C 17 43 2C 72 00 5A 08 A8 00 2B 02 1A FF 95 7B 45 03 07 7D E8 78 D7 0C 3A 9B 00 07 E6 1A A9 AA AA 
Time:	09:34:48,616
Send:	220001
Receive: 62 00 01 02 8B 00 A3 0F F8 0A 00 02 30 00 B3 00 00 03 F0 00 AD 76 C0 4C B7 7C FD 41 F3 19 82 C0 00 E6 02 9A 5C 17 7F 2C 72 00 5A 08 AA 00 2B 02 17 02 88 7B 45 03 03 7D E0 78 D7 0C 3A 9B 00 09 18 1D 39 AA AA 
Time:	09:34:49,006
Send:	220001
Receive: 62 00 01 02 8C 00 A3 0F 70 08 05 02 16 00 A6 00 00 03 F6 00 AC 79 C8 4C BA 7A 9D 41 F3 19 82 9E 00 E6 02 9A 5C 17 7F 2C 72 00 5A 08 AA 00 2B 02 17 02 DC 7B 45 03 03 7D E0 78 D7 0C 3A 9B 00 09 0F 1D 2A AA AA 
Time:	09:34:49,397
Send:	220001
Receive: 62 00 01 02 8C 00 A3 0F 0C 07 02 01 D6 00 6D 00 00 03 AE 00 9A 7B C6 4C B5 78 5D 41 F3 19 84 48 00 E6 02 C5 5C 17 7F 2C 72 00 5A 08 AB 00 2B 02 12 FF EE 7B 45 03 03 7D E0 78 D7 0C 3A 9B 00 08 3C 1B 93 AA AA 
Time:	09:34:49,775
Send:	220001

Fixed toLineMF: 03E 62 00 01 02 8D 00 A3 0E C0 07 16 01 96 00 77 00 00 03 30 00 41 F3 19 86 25 00 E6 02 C5 5C 17 7F 2C 72 00 5A 08 AB 00 2B 02 0D FF FB 7B 45 03 03 7D E0 78 D7 0C 3A 9B 00 07 3E 19 B2 AA AA 
Receive: 62 00 01 02 8D 00 A3 0E C0 07 16 01 96 00 77 00 00 03 30 00 41 F3 19 86 25 00 E6 02 C5 5C 17 7F 2C 72 00 5A 08 AB 00 2B 02 0D FF FB 7B 45 03 03 7D E0 78 D7 0C 3A 9B 00 07 3E 19 B2 AA AA 

Fixed toLineMF: 03E 62 00 01 02 8D 00 A3 0E C0 07 16 01 96 00 77 00 00 03 30 00 41 F3 19 86 25 00 E6 02 C5 5C 17 7F 2C 72 00 5A 08 AB 00 2B 02 0D FF FB 7B 45 03 03 7D E0 78 D7 0C 3A 9B 00 07 3E 19 B2 AA AA 
Time:	09:34:50,169
Send:	220001
Receive: 62 00 01 02 89 00 A3 0E 72 07 16 01 AC 00 92 00 00 03 4A 00 85 7E BA 4C 98 75 5D 41 F3 19 86 0F 00 E6 01 CC 5C 17 7F 2C 72 00 5A 08 AB 00 2B 02 07 00 00 7B 45 03 01 7D E0 78 D7 0C 3A 9B 00 07 C1 1A CD AA AA 
Time:	09:34:50,575
Send:	220001
Receive: 62 00 01 02 8C 00 A3 0E 3E 07 0B 01 EA 00 9C 00 00 03 B4 00 94 80 2B 4C 27 78 9D 41 F3 19 84 22 00 E6 01 CC 5C 18 60 2C 72 00 5A 08 AC 00 2B 02 07 00 00 7B 45 03 01 7D C0 78 D7 0C 3A 9B 00 08 8C 1C 5E AA AA 
Time:	09:34:50,956
Send:	220001
Receive: 62 00 01 02 8D 00 A3 0E DC 07 EF 07 F4 06 B2 9B 7F 0C B9 02 26 80 28 4C 21 7A DD 41 F3 19 87 BE 00 E6 01 CC 5C E5 A6 2C 72 00 5A 08 AC 00 2B 02 0A 00 00 7B 45 03 01 3C CA 78 D7 0C 3A 9B 00 1E CF 3E C6 AA AA 
Time:	09:34:51,359
Send:	220001
Receive: 62 00 01 02 8D 00 A3 20 EA 06 FD 01 74 00 74 00 00 03 50 01 34 80 C7 4C BD 73 DD 41 F3 19 8F 5F 00 E6 0F 3B 5C 1D B0 2C 72 00 5A 08 3F 00 2B 01 F1 FA 75 7B 45 03 05 3D C8 78 D7 0C 3A 9B 00 07 91 15 8A AA AA 
Time:	09:34:51,767
Send:	220001
Receive: 62 00 01 02 8D 00 A3 1D 76 06 23 00 EA 00 A1 00 00 02 07 00 A0 80 C8 4C BA 71 7D 41 F3 19 8E C9 00 E6 0F 3B 5C 1F 72 2C 72 00 5A 08 7B 00 2B 01 FF FB 54 7B 45 03 05 7D C8 78 D7 0C 3A 9B 00 04 BA 10 A5 AA AA 
Time:	09:34:52,147
Send:	220001
Receive: 62 00 01 02 8D 00 A3 17 2E 06 13 01 28 00 A1 00 00 02 60 00 8F 80 23 4C 1E 73 BD 41 F3 19 8B 47 00 E6 01 EB 5C 22 1A 2C 72 00 5A 08 AB 00 2B 02 0A FD 1F 7B 45 03 05 7D C8 78 D7 0C 3A 9B 00 05 67 13 26 AA AA 
Time:	09:34:52,557
Send:	220001
Receive: 62 00 01 02 8D 00 A3 14 E2 06 FE 03 2B 01 64 1B 38 05 B7 01 59 80 26 4C 20 76 7D 41 F3 19 88 26 00 E6 01 EB 5C 25 A3 2C 72 00 5A 08 AA 00 2B 02 0A FD A5 7B 45 03 05 7C CA 78 D7 0C 3A 9B 00 0D 0A 23 ED AA AA 
Time:	09:34:52,946
Send:	220001
Receive: 62 00 01 02 8D 00 A3 18 FA 06 0E 02 85 01 55 1A 66 05 24 01 77 80 A6 4C 83 72 5D 41 F3 19 8C 19 00 E6 01 EB 5C 26 89 2C 72 00 5A 08 A1 00 2B 02 08 FC A7 7B 45 03 05 7C C2 78 D7 0C 3A 9B 00 0B 24 1F 82 AA AA 
Time:	09:34:53,335
Send:	220001
Receive: 62 00 01 02 8C 00 A3 19 06 06 15 02 4A 01 48 18 19 04 9A 01 46 80 2B 4C 26 78 BD 41 F3 19 8B 89 00 E6 04 23 5C 29 31 2C 72 00 5A 08 A9 00 2B 02 0A FC A3 7B 45 03 05 7C C0 78 D7 0C 3A 9B 00 0A C4 1E 92 AA AA 
Time:	09:34:53,715
Send:	220001
Receive: 62 00 01 02 8D 00 A3 18 72 07 13 02 4B 01 2F 15 9E 04 A2 01 37 80 A9 4C A9 76 DD 41 F3 19 8A 9D 00 E6 04 23 5C 2A F3 2C 72 00 5A 08 A8 00 2B 02 09 FC A4 7B 45 03 05 7C C0 78 D7 0C 3A 9B 00 0A B0 1E 0E AA AA 
Time:	09:34:54,115
Send:	220001
Receive: 62 00 01 02 89 00 A3 15 08 08 0E 02 57 01 0C 15 66 04 D5 01 17 80 2C 4C 26 78 9D 41 F3 19 86 2E 00 E6 03 E3 5B 2D 9B 2C 72 00 5A 08 A8 00 2B 02 09 FD F1 7B 45 03 05 7C C0 78 D7 0C 3A 9B 00 0B 36 20 40 AA AA 
Time:	09:34:54,505
Send:	220001
Receive: 62 00 01 02 8C 00 A3 15 4A 08 16 01 F7 00 EA 12 14 04 29 00 F4 80 30 4C 2B 7B FD 41 F3 19 86 A5 00 E6 03 E3 5B 30 43 2C 72 00 5A 08 A8 00 2B 02 09 FD B6 7B 45 03 05 7C C0 78 D7 0C 3A 9B 00 09 C9 1C F2 AA AA 
Time:	09:34:54,905
Send:	220001
Receive: 62 00 01 02 8C 00 A3 16 3C 08 0B 01 BA 00 C7 06 A3 03 A2 00 D2 80 2F 4C 2B 7F 1D 41 F3 19 86 29 00 E6 03 E3 5B 33 CC 2C 72 00 5A 08 A7 00 2B 02 09 FD 43 7B 45 03 05 7C C0 78 D7 0C 3A 9B 00 07 E3 19 4D AA AA 
Time:	09:34:55,297
Send:	220001
Receive: 62 00 01 02 8C 00 A3 16 80 08 FC 03 2F 01 C2 20 6B 05 30 01 60 80 23 4C 1E 81 BD 41 F3 19 8A BE 00 E6 02 65 5B 37 55 2C 72 00 5A 08 A7 00 2B 02 09 FC A4 7B 45 03 05 7C C8 78 D7 0C 3A 9B 00 0B 75 1F D5 AA AA 
Time:	09:34:55,697
Send:	220001
Receive: 62 00 01 02 8A 00 A3 13 DA 08 F2 01 EA 00 63 00 00 04 1C 00 D0 80 BF 4C BA 7E 9D 41 F3 19 83 E7 00 E6 02 65 5B 39 FD 2C 72 00 5A 08 A7 00 2B 02 09 FE F1 7B 45 03 05 7D C8 78 D7 0C 3A 9B 00 09 94 1E 64 AA AA 
Time:	09:34:56,108
Send:	220001
Receive: NO DATA
Time:	09:34:56,383
Send:	220001
Receive: NO DATA
Time:	09:34:56,679
Send:	220001
Receive: NO DATA
Time:	09:34:56,956
Send:	220001
Receive: NO DATA
Time:	09:34:57,238
Send:	220001
Receive: NO DATA
Time:	09:34:57,517
Send:	220001
Receive: NO DATA
Time:	09:34:57,824
Send:	220001
Receive: NO DATA
Time:	09:34:58,117
Send:	220001
Receive: 62 00 01 02 8B 00 A3 13 20 07 0D 02 85 01 16 14 C7 04 E1 01 08 80 B6 4C B1 86 DD 41 F3 19 85 8C 00 E6 03 FF 5B 5A B9 2C 72 00 5A 08 A8 00 2B 01 8E 00 00 7B 45 03 01 7C C0 78 D7 0C 3A 9B 00 0B B8 22 99 AA AA 
Time:	09:34:58,509
Send:	220001

Fixed toLineMF: 03E 62 00 01 02 8D 00 A3 14 4E 08 0B 02 57 00 EF 12 47 04 DB 01 13 80 B5 4C AD 83 3D 41 F3 19 85 E3 00 E6 03 FF 5C 5A B9 2C 72 00 5A 08 A8 00 2B 01 7C C0 78 D7 0C 3A 9B 00 0B 0B 20 7F AA AA 
Receive: 62 00 01 02 8D 00 A3 14 4E 08 0B 02 57 00 EF 12 47 04 DB 01 13 80 B5 4C AD 83 3D 41 F3 19 85 E3 00 E6 03 FF 5C 5A B9 2C 72 00 5A 08 A8 00 2B 01 7C C0 78 D7 0C 3A 9B 00 0B 0B 20 7F AA AA 

Fixed toLineMF: 03E 62 00 01 02 8D 00 A3 14 4E 08 0B 02 57 00 EF 12 47 04 DB 01 13 80 B5 4C AD 83 3D 41 F3 19 85 E3 00 E6 03 FF 5C 5A B9 2C 72 00 5A 08 A8 00 2B 01 7C C0 78 D7 0C 3A 9B 00 0B 0B 20 7F AA AA 
Time:	09:34:58,896
Send:	220001
Receive: 62 00 01 02 8C 00 A3 14 D8 08 0D 01 E1 00 D6 0D EB 04 31 00 EF 80 A0 4C 67 80 1D 41 F3 19 85 EC 00 E6 03 FF 5C 55 6E 2C 72 00 5A 08 A8 00 2B 01 8E FD C6 7B 45 03 01 7C C0 78 D7 0C 3A 9B 00 09 62 1D 20 AA AA 
Time:	09:34:59,295
Send:	220001
Receive: 62 00 01 02 8D 00 A3 14 D0 07 12 01 F1 00 D6 0E 56 04 08 00 EC 80 28 4C 23 85 BD 41 F3 19 86 9C 00 E6 03 0E 5C 57 30 2C 72 00 5A 08 A8 00 2B 01 8E FD A3 7B 45 03 01 7C C0 78 D7 0C 3A 9B 00 09 28 1B A4 AA AA 
Time:	09:34:59,678
Send:	220001
Receive: 62 00 01 02 8C 00 A3 14 5A 07 18 02 08 00 D6 0D EB 04 07 00 EA 80 2B 4C 25 88 9D 41 F3 19 86 70 00 E6 03 0E 5C 56 4F 2C 72 00 5A 08 A8 00 2B 01 8E FD E4 7B 45 03 01 7C C0 78 D7 0C 3A 9B 00 09 3A 1B E9 AA AA 
Time:	09:35:00,067
Send:	220001
Receive: 62 00 01 02 8C 00 A3 13 AA 07 11 01 D9 00 C7 00 33 03 BE 00 D7 80 33 4C 34 8A BD 41 F3 19 85 A6 00 E6 03 0E 5C 49 ED 2C 72 00 5A 08 A8 00 2B 01 8E FE 4F 7B 45 03 05 7D C8 78 D7 0C 3A 9B 00 08 77 1B BB AA AA 
Time:	09:35:00,457
Send:	220001
Receive: 62 00 01 02 8C 00 A3 11 BE 07 06 01 E4 00 AE 00 00 03 6C 00 A4 80 2A 4C 25 8C DD 41 F3 19 85 E3 00 E6 03 0E 5C 39 FD 2C 72 00 5A 08 A8 00 2B 01 A6 FF 5F 7B 45 03 05 7D C8 78 D7 0C 3A 9B 00 08 02 1A E5 AA AA 
Time:	09:35:00,888
Send:	220001
Receive: 62 00 01 02 8C 00 A3 10 02 06 04 02 13 00 AB 00 00 03 D3 00 A9 80 A6 4C A8 8B 3D 41 F3 19 83 78 00 E6 03 0E 5C 39 1C 2C 72 00 5A 08 A8 00 2B 01 B1 FF C3 7B 45 03 07 7D E0 78 D7 0C 3A 9B 00 08 DD 1C AF AA AA 
Time:	09:35:01,287
Send:	220001
Receive: 62 00 01 02 8C 00 A3 0F 3A 04 02 02 14 00 9C 00 00 03 E8 00 A5 80 BF 4C B6 88 FD 41 F3 19 82 EE 00 E6 02 C5 5C 38 3B 2C 72 00 5A 08 A9 00 2B 01 AB FF E8 7B 45 03 07 7D E0 78 D7 0C 3A 9B 00 08 FA 1D 17 AA AA 
Time:	09:35:01,694
Send:	220001
Receive: 62 00 01 02 8C 00 A3 0E B0 02 04 01 F9 00 8B 00 00 03 CF 00 9C 80 C2 4C B6 86 BD 41 F3 19 83 81 00 E6 02 C5 5C 38 3B 2C 72 00 5A 08 A9 00 2B 01 AE FF FE 7B 45 03 07 7D E0 78 D7 0C 3A 9B 00 08 B9 1C AA AA AA 
Time:	09:35:02,107
Send:	220001
Receive: 62 00 01 02 8C 00 A3 0E 7A 00 08 01 DD 00 86 00 00 03 AE 00 93 80 C2 4C B5 84 9D 41 F3 19 84 4D 00 E6 02 32 5C 38 3B 2C 72 00 5A 08 AA 00 2B 01 AE 00 00 7B 45 03 07 7D E0 78 D7 0C 3A 9B 00 08 6C 1C 24 AA AA 
Time:	09:35:02,487
Send:	220001
Receive: 62 00 01 02 8C 00 A4 0E 38 00 0B 01 D3 00 86 00 00 03 AA 00 91 80 C0 4C B1 82 9D 41 F3 19 84 62 00 E6 02 32 5C 38 3B 2C 72 00 5A 08 AA 00 2B 01 B4 00 00 7B 45 03 07 7D E0 78 D7 0C 3A 9B 00 08 6C 1C 33 AA AA 
Time:	09:35:02,878
Send:	220001
Receive: 62 00 01 02 8C 00 A4 0D EA 00 14 01 B8 00 88 00 00 03 9B 00 89 80 B8 4C A5 80 9D 41 F3 19 84 B8 00 E6 02 32 5C 38 3B 2C 72 00 5A 08 AB 00 2B 01 C1 00 1D 7B 45 03 07 FD E0 78 D7 0C 3A 9B 00 08 54 1C 87 AA AA 
Time:	09:35:03,267
Send:	220001
Receive: 62 00 01 02 8C 00 A4 0D FC 00 0A 01 D4 00 88 00 00 03 C5 00 94 80 A9 4C 2C 7E BD 41 F3 19 83 BC 00 E6 02 22 5C 39 1C 2C 72 00 5A 08 AC 00 2B 01 CF 00 00 7B 45 03 03 FD E0 78 D7 0C 3A 9B 00 08 A5 1C AB AA AA 
Time:	09:35:03,666
Send:	220001
Receive: 62 00 01 02 8C 00 A4 0D DC 00 06 01 B6 00 70 00 00 03 8E 00 85 80 37 4C 2C 81 7D 41 F3 19 85 0A 00 E6 02 22 5C 33 CC 2C 72 00 50 08 AC 00 2B 01 DC FF E3 7B 45 03 03 FD E0 78 D7 0C 3A 9B 00 07 BD 1B CA AA AA 
Time:	09:35:04,065
Send:	220001
Receive: 62 00 01 02 8C 00 A4 0D 64 00 11 01 A2 00 77 00 00 03 5F 00 80 80 2A 4C 26 83 3D 41 F3 19 85 FE 00 E6 02 22 5D 35 93 2C 72 00 50 08 AD 00 2B 02 05 FF E6 7B 45 03 03 FD E0 78 D7 0C 3A 9B 00 07 A6 1B A0 AA AA 
Time:	09:35:04,456
Send:	220001
Receive: 62 00 01 02 8C 00 A4 0C FE 00 0E 01 C6 00 83 00 00 03 84 00 7C 80 26 4C 23 85 5D 41 F3 19 85 46 00 E6 01 E0 5D 33 CC 2C 72 00 50 08 AD 00 2B 02 15 00 00 7B 45 03 03 FD E0 78 D7 0C 3A 9B 00 07 EC 1C A1 AA AA 
Time:	09:35:04,887
Send:	220001
Receive: 62 00 01 02 8C 00 A4 0C F2 00 04 01 FB 00 86 00 00 03 D4 00 8E 80 24 4C 20 87 3D 41 F3 19 83 68 00 E6 01 E0 5D 35 93 2C 72 00 50 08 AE 00 2B 02 1B FF F3 7B 45 03 03 FD E0 78 D7 0C 3A 9B 00 08 C2 1D B3 AA AA 
Time:	09:35:05,266
Send:	220001
Receive: 62 00 01 02 8C 00 A4 0C D2 00 FD 02 05 00 86 00 00 03 E6 00 8F 80 27 4C 24 89 1D 41 F3 19 82 FA 00 E6 01 E6 5D 35 93 2C 72 00 50 08 AE 00 2B 02 1B FF F8 7B 45 03 03 FD E0 78 D7 0C 3A 9B 00 08 F5 1E 3A AA AA 
Time:	09:35:05,677
Send:	220001
Receive: 62 00 01 02 8C 00 A4 0C B6 00 05 02 03 00 88 00 00 03 E2 00 8A 80 2B 4C 29 8B 3D 41 F3 19 83 13 00 E6 01 E6 5D 33 CC 2C 72 00 50 08 AF 00 2B 02 1B 00 00 7B 45 03 03 FD E0 78 D7 0C 3A 9B 00 08 F2 1E 85 AA AA 
Time:	09:35:06,056
Send:	220001
Receive: 62 00 01 02 8C 00 A4 0C A2 00 08 02 11 00 88 00 00 03 EE 00 8A 80 38 4C 2D 8C BD 41 F3 19 82 C8 00 E6 01 E6 5D 33 CC 2C 72 00 50 08 AF 00 2B 02 19 00 00 7B 45 03 03 FD E0 78 D7 0C 3A 9B 00 09 11 1E CE AA AA 
Time:	09:35:06,447
Send:	220001
Receive: 62 00 01 02 8C 00 A4 0C AC 00 FD 01 FD 00 88 00 00 03 EA 00 8C 80 A4 4C 9F 89 1D 41 F3 19 82 E1 00 E6 02 3F 5D 33 CC 2C 72 00 50 08 B0 00 2B 02 11 00 00 7B 45 03 03 FD E0 78 D7 0C 3A 9B 00 09 0A 1E A7 AA AA 
Time:	09:35:06,847
Send:	220001
Receive: 62 00 01 02 8C 00 A4 0C 8C 00 04 02 01 00 88 00 00 03 F7 00 8C 80 AC 4C 9C 86 FD 41 F3 19 82 96 00 E6 02 3F 5D 33 CC 2C 72 00 50 08 B0 00 2B 02 11 00 00 7B 45 03 03 FD E0 78 D7 0C 3A 9B 00 09 21 1E E0 AA AA 
Time:	09:35:07,237
Send:	220001
Receive: 62 00 01 02 8C 00 A4 0C 72 00 08 02 0C 00 86 00 00 03 FD 00 8A 80 2C 4C 29 8A 1D 41 F3 19 82 75 00 E6 02 11 5D 33 CC 2C 72 00 50 08 B0 00 2B 02 13 00 00 7B 45 03 03 FD E0 78 D7 0C 3A 9B 00 09 12 1F 1D AA AA 
Time:	09:35:07,617
Send:	220001
Receive: 62 00 01 02 8C 00 A4 0C 86 00 05 02 15 00 83 00 00 03 FF 00 8D 80 2D 4C 2B 8C 3D 41 F3 19 82 64 00 E6 02 11 5D 32 0A 2C 72 00 50 08 B0 00 2B 02 13 00 00 7B 45 03 03 FD E0 78 D7 0C 3A 9B 00 09 0E 1E F7 AA AA 
Time:	09:35:07,997
Send:	220001
Receive: 62 00 01 02 8C 00 A4 0C BC 00 02 02 98 00 C2 00 00 04 AE 00 B1 80 A1 4C 9C 89 5D 41 F3 19 83 9A 00 E6 02 11 5E 31 24 2C 72 00 5A 08 B1 00 2B 01 FB 00 94 7B 45 03 07 7D E2 78 D7 0C 3A 9B 00 0A D9 22 F2 AA AA 
Time:	09:35:08,378
Send:	220001
Receive: 62 00 01 02 8D 00 A4 0D E4 00 FD 02 4B 00 8D 00 00 04 56 00 AD 80 B9 4C B3 86 DD 41 F3 19 82 9A 00 E6 03 1B 5E 2F 62 2C 72 00 5A 08 B1 00 2B 01 CD 00 00 7B 45 03 05 7D C0 78 D7 0C 3A 9B 00 09 F5 1F C5 AA AA 
Time:	09:35:08,758
Send:	220001
Receive: 62 00 01 02 8D 00 A4 0E 2C 00 FE 03 15 01 5F 21 A8 05 10 00 CB 80 C2 4C B9 84 FD 41 F3 19 84 C1 00 E6 03 1B 5E 32 0A 2C 72 00 6E 08 B1 00 2B 01 C5 00 B4 7B 45 03 05 7C C2 78 D7 0C 3A 9B 00 0C AD 27 3C AA AA 
Time:	09:35:09,164
Send:	220001
Receive: 62 00 01 02 8D 00 A4 14 22 00 FE 05 6C 02 85 24 FF 09 21 02 5B 80 C7 4C BD 81 1D 41 F3 19 8F 32 00 E6 08 57 5E 50 1E 2C 72 00 96 08 B1 00 2B 01 C5 00 00 7B 45 03 05 7C C2 78 D7 0C 3A 9B 00 14 8E 34 63 AA AA 
Time:	09:35:09,547
Send:	220001
Receive: 62 00 01 02 8D 00 A5 1E 78 00 09 03 1A 01 78 0F 61 06 04 02 12 80 BD 4C AA 7B BD 41 F3 19 90 24 00 E6 08 57 5E 38 3B 2C 72 00 96 08 5F 00 2B 01 B4 FD 7B 7B 45 03 05 7C C2 78 D7 0C 3A 9B 00 0C EF 22 20 AA AA 
Time:	09:35:09,945
Send:	220001
Receive: 62 00 01 02 8C 00 A5 19 80 03 10 02 55 01 46 0F 61 04 C7 01 37 80 6F 4C 26 77 9D 41 F3 19 89 E3 00 E6 08 57 5D 39 FD 2C 72 00 96 08 B0 00 2B 01 C5 FF D0 7B 45 03 05 7C C0 78 D7 0C 3A 9B 00 0B 1E 1F 4A AA AA 
Time:	09:35:10,378
Send:	220001
Receive: 62 00 01 02 84 00 A5 11 08 05 06 04 76 02 6C 0B 6B 07 C2 01 2F 80 2C 4C 29 7E 7D 41 F3 19 86 8A 00 E6 04 90 5D 4A CE 2C 72 00 96 08 AF 00 2B 01 C5 07 0F 7B 45 03 05 7C CA 78 D7 0C 3A 9B 00 11 64 31 AD AA AA 
Time:	09:35:10,785
Send:	220001
Receive: 62 00 01 02 85 00 A5 10 58 06 E4 04 FB 01 23 00 00 09 76 01 DB 80 BA 4C B8 7B 7D 41 F3 19 88 8E 00 E6 04 90 5D A5 F0 2C 72 00 82 08 AE 00 2B 01 DA 01 9C 7B 45 03 05 3D CA 78 D7 0C 3A 9B 00 16 38 39 DE AA AA 
Time:	09:35:11,198
Send:	220001
Receive: 62 00 01 02 8C 00 A5 14 A8 06 F7 02 35 00 BA 00 00 05 0E 01 43 80 C2 4C B6 77 9D 41 F3 19 87 F0 00 E6 04 87 5C 2F 62 2C 72 00 5A 08 AD 00 2B 03 33 FE 00 7B 45 03 05 3D C2 78 D7 0C 3A 9B 00 0B 92 20 8B AA AA 
Time:	09:35:11,608
Send:	220001

Fixed toLineMF: 037 62 00 01 02 8D 00 A5 13 E6 05 06 01 84 00 BF 00 00 03 9B 00 C1 80 2B 4C 23 75 5D 41 F3 19 85 9D 00 E6 00 5A 08 AC 00 2B 02 76 FE 7F 7B 45 03 05 7D C0 78 D7 0C 3A 9B 
Receive: 62 00 01 02 8D 00 A5 13 E6 05 06 01 84 00 BF 00 00 03 9B 00 C1 80 2B 4C 23 75 5D 41 F3 19 85 9D 00 E6 00 5A 08 AC 00 2B 02 76 FE 7F 7B 45 03 05 7D C0 78 D7 0C 3A 9B 

Fixed toLineMF: 037 62 00 01 02 8D 00 A5 13 E6 05 06 01 84 00 BF 00 00 03 9B 00 C1 80 2B 4C 23 75 5D 41 F3 19 85 9D 00 E6 00 5A 08 AC 00 2B 02 76 FE 7F 7B 45 03 05 7D C0 78 D7 0C 3A 9B 
Time:	09:35:11,983
Send:	220001
Receive: 62 00 01 02 8D 00 A5 11 A2 05 07 01 C2 00 BD 00 00 03 A2 00 AD 80 24 4C 20 7A DD 41 F3 19 84 EC 00 E6 04 87 5C 2C BA 2C 72 00 5A 08 AB 00 2B 01 C9 FF 6A 7B 45 03 05 7D C0 78 D7 0C 3A 9B 00 08 72 1B F6 AA AA 
Time:	09:35:12,376
Send:	220001
Receive: 62 00 01 02 8C 00 A5 0F B8 05 09 01 F6 00 A9 00 00 03 FF 00 A9 80 27 4C 21 7D 3D 41 F3 19 82 64 00 E6 02 5E 5C 2A F3 2C 72 00 5A 08 AA 00 2B 01 A6 FF E6 7B 45 03 05 7D C0 78 D7 0C 3A 9B 00 09 36 1D B9 AA AA 
Time:	09:35:12,766
Send:	220001
Receive: 62 00 01 02 8B 00 A5 0E D0 05 0C 02 00 00 9A 00 00 04 02 00 A2 80 28 4C 24 7E FD 41 F3 19 82 58 00 E6 02 5E 5C 2A 12 2C 72 00 5A 08 AA 00 2B 01 C1 00 00 7B 45 03 05 7D E0 78 D7 0C 3A 9B 00 09 2F 1D C7 AA AA 
Time:	09:35:13,165
Send:	220001
Receive: 62 00 01 02 8C 00 A5 0E 82 04 09 01 FD 00 7E 00 00 03 EE 00 9E 80 2E 4C 2B 81 1D 41 F3 19 82 CC 00 E6 02 65 5C 29 31 2C 72 00 5A 08 AA 00 2B 01 D1 00 00 7B 45 03 07 7D E0 78 D7 0C 3A 9B 00 08 D0 1C EF AA AA 
Time:	09:35:13,558
Send:	220001
Receive: 62 00 01 02 8C 00 A5 0E 4A 02 0A 01 E7 00 7E 00 00 03 D5 00 97 80 AD 4C AA 7D DD 41 F3 19 83 63 00 E6 02 65 5C 27 6A 2C 72 00 5A 08 AA 00 2B 01 D9 00 00 7B 45 03 07 7D E0 78 D7 0C 3A 9B 00 08 BC 1C D2 AA AA 
Time:	09:35:13,936
Send:	220001

Fixed toLineMF: 03E 62 00 01 02 8D 00 A5 0E 10 02 0C 01 D0 00 7E 00 00 03 B7 00 93 80 B5 4C AA 7B DD 41 F3 19 84 15 00 E6 02 65 5C 25 A3 2C 72 00 5A 08 AB 00 2B 01 7D C0 78 D7 0C 3A 9B 00 08 71 1C 4A AA AA 
Receive: 62 00 01 02 8D 00 A5 0E 10 02 0C 01 D0 00 7E 00 00 03 B7 00 93 80 B5 4C AA 7B DD 41 F3 19 84 15 00 E6 02 65 5C 25 A3 2C 72 00 5A 08 AB 00 2B 01 7D C0 78 D7 0C 3A 9B 00 08 71 1C 4A AA AA 

Fixed toLineMF: 03E 62 00 01 02 8D 00 A5 0E 10 02 0C 01 D0 00 7E 00 00 03 B7 00 93 80 B5 4C AA 7B DD 41 F3 19 84 15 00 E6 02 65 5C 25 A3 2C 72 00 5A 08 AB 00 2B 01 7D C0 78 D7 0C 3A 9B 00 08 71 1C 4A AA AA 
Time:	09:35:14,334
Send:	220001
Receive: 62 00 01 02 8B 00 A5 0D EE 02 0E 01 D8 00 7E 00 00 03 CC 00 92 80 AD 4C 92 79 BD 41 F3 19 83 96 00 E6 01 EF 5C 24 C2 2C 72 00 5A 08 AB 00 2B 01 FD 00 00 7B 45 03 07 7D E0 78 D7 0C 3A 9B 00 08 EF 1D 4E AA AA 
Time:	09:35:14,718
Send:	220001
Receive: 62 00 01 02 8D 00 A5 0D D0 01 0A 03 4E 01 AC 2C AD 05 7A 00 D6 80 2B 4C 28 7D 1D 41 F3 19 85 F5 00 E6 01 EF 5C 27 6A 2C 72 00 78 08 AC 00 2B 02 02 02 28 7B 45 03 05 7C C2 78 D7 0C 3A 9B 00 0C D9 28 51 AA AA 
Time:	09:35:15,114
Send:	220001
Receive: 62 00 01 02 8D 00 A5 12 5C 00 F8 06 B8 03 BA 1E 23 0B 44 02 5B 80 BC 4C B9 7A 1D 41 F3 19 8A AB 00 E6 08 B4 5D 8D 2C 2C 72 00 96 08 AD 00 2B 02 02 02 F5 7B 45 03 05 3C C2 78 D7 0C 3A 9B 00 1A BD 3C E8 AA AA 
Time:	09:35:15,508
Send:	220001
Receive: 62 00 01 02 8C 00 A5 18 C0 01 F2 03 1E 01 57 00 00 06 BE 02 0A 80 C5 4C BB 75 3D 41 F3 19 8D 3F 00 E6 08 B4 5D 2F 62 2C 72 00 78 08 9E 00 2B 01 79 FD 9E 7B 45 03 05 3D CA 78 D7 0C 3A 9B 00 0E 7B 29 5E AA AA 
Time:	09:35:15,898
Send:	220001

Fixed toLineMF: 03E 62 00 01 02 8A 00 A5 19 D8 01 02 01 66 D6 80 21 4C 1D 76 DD 41 F3 19 8A C7 00 E6 08 B4 5D 2A F3 2C 72 00 5A 08 AC 00 2B 00 CA 00 00 7B 45 03 07 7D E8 78 D7 0C 3A 9B 00 06 DB 15 58 AA AA 
Receive: 62 00 01 02 8A 00 A5 19 D8 01 02 01 66 D6 80 21 4C 1D 76 DD 41 F3 19 8A C7 00 E6 08 B4 5D 2A F3 2C 72 00 5A 08 AC 00 2B 00 CA 00 00 7B 45 03 07 7D E8 78 D7 0C 3A 9B 00 06 DB 15 58 AA AA 

Fixed toLineMF: 03E 62 00 01 02 8A 00 A5 19 D8 01 02 01 66 D6 80 21 4C 1D 76 DD 41 F3 19 8A C7 00 E6 08 B4 5D 2A F3 2C 72 00 5A 08 AC 00 2B 00 CA 00 00 7B 45 03 07 7D E8 78 D7 0C 3A 9B 00 06 DB 15 58 AA AA 
Time:	09:35:16,277
Send:	220001

Fixed toLineMF: 03E 62 00 01 02 88 00 A5 15 06 00 17 01 0E 00 77 00 00 02 56 00 7E 80 25 4C 20 78 FD 41 F3 19 89 AB 00 E6 01 EB 5C 2D 9B 2C 72 00 5A 08 AD 00 2B 00 CA FE 0E 7B 45 03 07 7D E8 78 D7 0C 3A 9B 
Receive: 62 00 01 02 88 00 A5 15 06 00 17 01 0E 00 77 00 00 02 56 00 7E 80 25 4C 20 78 FD 41 F3 19 89 AB 00 E6 01 EB 5C 2D 9B 2C 72 00 5A 08 AD 00 2B 00 CA FE 0E 7B 45 03 07 7D E8 78 D7 0C 3A 9B 

Fixed toLineMF: 03E 62 00 01 02 88 00 A5 15 06 00 17 01 0E 00 77 00 00 02 56 00 7E 80 25 4C 20 78 FD 41 F3 19 89 AB 00 E6 01 EB 5C 2D 9B 2C 72 00 5A 08 AD 00 2B 00 CA FE 0E 7B 45 03 07 7D E8 78 D7 0C 3A 9B 
Time:	09:35:16,651
Send:	220001
Receive: 62 00 01 02 81 00 A5 11 E0 00 2B 01 73 00 9A 00 00 02 DA 00 83 80 22 4C 1F 7A 3D 41 F3 19 86 DA 00 E6 01 EB 5C 2C BA 2C 72 00 5A 08 AC 00 2B 01 2B FF 8F 7B 45 03 07 7D E8 78 D7 0C 3A 9B 00 06 E1 18 78 AA AA 
Time:	09:35:17,048
Send:	220001
Receive: 62 00 01 02 80 00 A5 10 1C 00 13 02 01 01 46 14 FA 03 C1 00 A5 80 23 4C 1F 7B FD 41 F3 19 83 D6 00 E6 01 EB 5C 2C BA 2C 72 00 64 08 AB 00 2B 01 9C 00 00 7B 45 03 05 7C C2 78 D7 0C 3A 9B 00 09 DA 1F 1E AA AA 
Time:	09:35:17,449
Send:	220001

Fixed toLineMF: 03E 62 00 01 02 84 00 A5 10 E8 00 02 04 00 01 B8 14 FA 06 BE 01 58 80 55 4C 56 7F 1D 41 F3 19 88 5C 00 E6 02 A5 5C 36 74 2C 72 9C 01 B9 7B 45 03 05 7C C2 78 D7 0C 3A 9B 00 10 0D 2E 0D AA AA 
Receive: 62 00 01 02 84 00 A5 10 E8 00 02 04 00 01 B8 14 FA 06 BE 01 58 80 55 4C 56 7F 1D 41 F3 19 88 5C 00 E6 02 A5 5C 36 74 2C 72 9C 01 B9 7B 45 03 05 7C C2 78 D7 0C 3A 9B 00 10 0D 2E 0D AA AA 

Fixed toLineMF: 03E 62 00 01 02 84 00 A5 10 E8 00 02 04 00 01 B8 14 FA 06 BE 01 58 80 55 4C 56 7F 1D 41 F3 19 88 5C 00 E6 02 A5 5C 36 74 2C 72 9C 01 B9 7B 45 03 05 7C C2 78 D7 0C 3A 9B 00 10 0D 2E 0D AA AA 
Time:	09:35:17,839
Send:	220001
Receive: 62 00 01 02 8A 00 A5 16 98 01 01 03 25 01 52 0C E1 06 51 01 B5 80 BE 4C B6 77 FD 41 F3 19 8A DA 00 E6 02 A5 5C 35 93 2C 72 00 96 08 AC 00 2B 01 9C 00 00 7B 45 03 05 7C C2 78 D7 0C 3A 9B 00 0E 14 26 54 AA AA 
Time:	09:35:18,236
Send:	220001
Receive: 62 00 01 02 8A 00 A5 18 E0 02 0A 02 5C 01 37 0C 0A 05 08 01 64 80 AC 4C 8D 73 DD 41 F3 19 8B 80 00 E6 05 B0 5C 35 93 2C 72 00 96 08 AC 00 2B 01 9C FF 51 7B 45 03 05 7C C2 78 D7 0C 3A 9B 00 0B 50 1F 9C AA AA 
Time:	09:35:18,625
Send:	220001

Fixed toLineMF: 03E 62 00 01 02 8A 00 A5 18 5C 03 10 02 30 37 80 2A 4C 26 77 1D 41 F3 19 8A BE 00 E6 05 B0 5C 39 1C 2C 72 00 96 08 AC 00 2B 01 9C FF D5 7B 45 03 05 7C C0 78 D7 0C 3A 9B 00 0A 7E 1D BB AA AA 
Receive: 62 00 01 02 8A 00 A5 18 5C 03 10 02 30 37 80 2A 4C 26 77 1D 41 F3 19 8A BE 00 E6 05 B0 5C 39 1C 2C 72 00 96 08 AC 00 2B 01 9C FF D5 7B 45 03 05 7C C0 78 D7 0C 3A 9B 00 0A 7E 1D BB AA AA 

Fixed toLineMF: 03E 62 00 01 02 8A 00 A5 18 5C 03 10 02 30 37 80 2A 4C 26 77 1D 41 F3 19 8A BE 00 E6 05 B0 5C 39 1C 2C 72 00 96 08 AC 00 2B 01 9C FF D5 7B 45 03 05 7C C0 78 D7 0C 3A 9B 00 0A 7E 1D BB AA AA 
Time:	09:35:19,020
Send:	220001
Receive: 62 00 01 02 8A 00 A6 17 7A 03 10 02 31 01 21 0B A3 04 82 01 27 80 29 4C 25 7A 9D 41 F3 19 8A 08 00 E6 05 B0 5C 3C A5 2C 72 00 96 08 AB 00 2B 01 9C 00 00 7B 45 03 05 7C C0 78 D7 0C 3A 9B 00 0A 6D 1D 9D AA AA 
Time:	09:35:19,435
Send:	220001
Receive: 62 00 01 02 8A 00 A6 16 C0 03 0F 02 64 01 2F 0B A3 04 C0 01 2F 80 2A 4C 27 7D DD 41 F3 19 89 3C 00 E6 04 28 5C 40 2E 2C 72 00 96 08 AB 00 2B 01 9C 00 53 7B 45 03 05 7C C0 78 D7 0C 3A 9B 00 0B 00 1E FA AA AA 
Time:	09:35:19,827
Send:	220001
Receive: 62 00 01 02 8A 00 A6 17 22 04 0E 02 77 01 25 08 4C 04 E2 01 41 80 92 4C 9C 7D BD 41 F3 19 8A 32 00 E6 04 28 5C 43 BC 2C 72 00 90 08 AB 00 2B 01 9C 00 00 7B 45 03 05 7C C0 78 D7 0C 3A 9B 00 0A DA 1E 94 AA AA 
Time:	09:35:20,245
Send:	220001
Receive: 62 00 01 02 8A 00 A6 15 BE 04 12 01 E2 01 0F 07 E1 04 1D 00 F3 80 45 4C 29 7A DD 41 F3 19 86 DA 00 E6 03 A7 5C 49 07 2C 72 00 8F 08 AB 00 2B 01 9C 00 89 7B 45 03 05 7C C0 78 D7 0C 3A 9B 00 09 B6 1D 9D AA AA 
Time:	09:35:20,637
Send:	220001
Receive: 62 00 01 02 8A 00 A6 13 7A 04 0D 02 B5 01 34 00 00 05 42 01 1F 80 28 4C 24 81 1D 41 F3 19 85 CD 00 E6 03 A7 5C 4E 57 2C 72 00 85 08 AB 00 2B 01 9C 00 FA 7B 45 03 05 7D C0 78 D7 0C 3A 9B 00 0B BB 23 0F AA AA 
Time:	09:35:21,049
Send:	220001
Receive: 62 00 01 02 8A 00 A6 14 AA 04 01 01 E3 00 B3 00 00 03 FF 00 EC 80 2B 4C 28 84 3D 41 F3 19 86 E3 00 E6 03 A7 5C 4A CE 2C 72 00 5D 08 AB 00 2B 02 30 FE 90 7B 45 03 05 7D C0 78 D7 0C 3A 9B 00 08 C4 1A F4 AA AA 
Time:	09:35:21,437
Send:	220001
Receive: 62 00 01 02 85 00 A6 12 D4 03 0C 01 8F 00 A1 00 00 03 2E 00 A1 80 28 4C 21 86 9D 41 F3 19 86 AE 00 E6 03 33 5C 49 ED 2C 72 00 5A 08 AB 00 2B 02 1F FE F3 7B 45 03 07 FD E0 78 D7 0C 3A 9B 00 07 5C 19 7E AA AA 
Time:	09:35:21,866
Send:	220001
Receive: 62 00 01 02 82 00 A6 10 C0 02 0B 01 C5 00 9F 00 00 03 6F 00 9B 80 25 4C 21 88 9D 41 F3 19 85 CD 00 E6 03 33 5C 48 26 2C 72 00 5A 08 AB 00 2B 02 2D FF A0 7B 45 03 07 FD E0 78 D7 0C 3A 9B 00 08 18 1B 3B AA AA 
Time:	09:35:22,294
Send:	220001
Receive: 62 00 01 02 85 00 A6 0F 3E 01 0B 01 FC 00 9F 00 00 03 C2 00 9D 80 29 4C 26 8B 3D 41 F3 19 83 D1 00 E6 02 58 5C 46 5F 2C 72 00 5A 08 AB 00 2B 02 55 FF EB 7B 45 03 07 FD E0 78 D7 0C 3A 9B 00 08 B7 1C AA AA AA 
Time:	09:35:22,686
Send:	220001
Receive: 62 00 01 02 8B 00 A6 0E C4 01 04 02 00 00 8D 00 00 03 C9 00 9C 80 80 4C 9B 8D 7D 41 F3 19 83 A3 00 E6 02 58 5C 45 7E 2C 72 00 5A 08 AC 00 2B 02 63 FF FE 7B 45 03 07 FD E0 78 D7 0C 3A 9B 00 08 BB 1C BC AA AA 
Time:	09:35:23,095
Send:	220001
Receive: 62 00 01 02 8C 00 A6 0E 76 00 0B 01 F1 00 88 00 00 03 C5 00 97 80 BB 4C B4 88 3D 41 F3 19 83 C0 00 E6 02 32 5C 43 BC 2C 72 00 5A 08 AC 00 2B 02 63 00 00 7B 45 03 07 FD E0 78 D7 0C 3A 9B 00 08 A6 1C A9 AA AA 
Time:	09:35:23,497
Send:	220001
Receive: 62 00 01 02 8C 00 A6 0E 2E 00 06 01 F0 00 88 00 00 03 D9 00 9A 80 BC 4C B1 86 1D 41 F3 19 83 46 00 E6 02 32 5D 42 D6 2C 72 00 5A 08 AD 00 2B 02 6E 00 00 7B 45 03 07 FD E0 78 D7 0C 3A 9B 00 08 D7 1D 17 AA AA 
Time:	09:35:23,916
Send:	220001
Receive: 62 00 01 02 8C 00 A6 0E 1A 00 0A 01 D1 00 7C 00 00 03 BA 00 94 80 BA 4C AD 83 FD 41 F3 19 84 00 00 E6 02 32 5D 41 14 2C 72 00 50 08 AE 00 2B 02 77 00 00 7B 45 03 03 FD E0 78 D7 0C 3A 9B 00 08 82 1C 62 AA AA 
Time:	09:35:24,298
Send:	220001

Fixed toLineMF: 03E 62 00 01 02 8C 00 A6 0D B2 00 10 01 87 80 80 B5 4C A3 82 3D 41 F3 19 86 06 00 E6 01 BE 5D 3F 4D 2C 72 00 50 08 AE 00 2B 02 97 FF DD 7B 45 03 03 FD E0 78 D7 0C 3A 9B 00 07 9F 1B 53 AA AA 
Receive: 62 00 01 02 8C 00 A6 0D B2 00 10 01 87 80 80 B5 4C A3 82 3D 41 F3 19 86 06 00 E6 01 BE 5D 3F 4D 2C 72 00 50 08 AE 00 2B 02 97 FF DD 7B 45 03 03 FD E0 78 D7 0C 3A 9B 00 07 9F 1B 53 AA AA 

Fixed toLineMF: 03E 62 00 01 02 8C 00 A6 0D B2 00 10 01 87 80 80 B5 4C A3 82 3D 41 F3 19 86 06 00 E6 01 BE 5D 3F 4D 2C 72 00 50 08 AE 00 2B 02 97 FF DD 7B 45 03 03 FD E0 78 D7 0C 3A 9B 00 07 9F 1B 53 AA AA 
Time:	09:35:24,713
Send:	220001
Receive: 62 00 01 02 8B 00 A6 0C FC 00 1C 01 9B 00 83 00 00 03 76 00 7D 80 28 4C 23 81 1D 41 F3 19 85 99 00 E6 01 BE 5D 3E 6C 2C 72 00 50 08 AF 00 2B 02 C0 00 00 7B 45 03 03 FD E0 78 D7 0C 3A 9B 00 08 71 1D 53 AA AA 
Time:	09:35:25,128
Send:	220001
Receive: 62 00 01 02 8C 00 A6 0C CE 00 0A 01 DF 00 83 00 00 03 D1 00 8A 80 23 4C 1F 86 3D 41 F3 19 83 7D 00 E6 02 30 5D 3C A5 2C 72 00 50 08 B0 00 2B 02 D8 00 00 7B 45 03 01 FD C0 78 D7 0C 3A 9B 00 08 EF 1E 2E AA AA 
Time:	09:35:25,518
Send:	220001
Receive: 62 00 01 02 8C 00 A6 0C D2 00 0D 01 E1 00 83 00 00 03 C7 00 85 80 26 4C 23 88 3D 41 F3 19 83 B4 00 E6 02 30 5E 3B C4 2C 72 00 50 08 B1 00 2B 02 CE 00 00 7B 45 03 01 FD C0 78 D7 0C 3A 9B 00 08 CA 1E 1F AA AA 
Time:	09:35:25,906
Send:	220001
Receive: 62 00 01 02 8C 00 A6 0C AE 00 10 01 EC 00 86 00 00 03 C8 00 82 80 29 4C 26 8A 3D 41 F3 19 83 AB 00 E6 02 30 5E 39 FD 2C 72 00 50 08 B1 00 2B 02 C9 00 00 7B 45 03 01 FD C0 78 D7 0C 3A 9B 00 08 B8 1E 51 AA AA 
Time:	09:35:26,294
Send:	220001
Receive: 62 00 01 02 8C 00 A6 0C C6 00 00 01 F9 00 86 00 00 03 D3 00 89 80 29 4C 27 8C 3D 41 F3 19 83 6C 00 E6 02 22 5E 38 3B 2C 72 00 50 08 B2 00 2B 02 C1 00 00 7B 45 03 01 FD C0 78 D7 0C 3A 9B 00 08 C1 1E 31 AA AA 
Time:	09:35:26,684
Send:	220001
Receive: 62 00 01 02 8D 00 A6 0C D4 00 02 02 01 00 86 00 00 03 D1 00 8A 80 62 4C 50 8E 3D 41 F3 19 83 7D 00 E6 02 22 5E 37 55 2C 72 00 50 08 B3 00 2B 02 A9 00 00 7B 45 03 01 FD C0 78 D7 0C 3A 9B 00 08 CE 1E 28 AA AA 
Time:	09:35:27,068
Send:	220001
Receive: 62 00 01 02 8D 00 A6 0C D0 00 04 01 F0 00 86 00 00 03 CC 00 88 80 A5 4C A0 89 DD 41 F3 19 83 96 00 E6 02 22 5E 36 74 2C 72 00 50 08 B3 00 2B 02 98 00 00 7B 45 03 01 FD C0 78 D7 0C 3A 9B 00 08 B0 1E 3F AA AA 
Time:	09:35:27,465
Send:	220001
Receive: 62 00 01 02 8D 00 A6 0C A4 00 07 01 EC 00 86 00 00 03 D3 00 87 80 A6 4C 7A 87 FD 41 F3 19 83 6C 00 E6 02 22 5E 34 AD 2C 72 00 50 08 B3 00 2B 02 90 00 00 7B 45 03 01 FD C0 78 D7 0C 3A 9B 00 08 D8 1E 72 AA AA 
Time:	09:35:27,865
Send:	220001
Receive: 62 00 01 02 8D 00 A6 0C A2 00 04 02 05 00 86 00 00 03 E0 00 8A 80 2C 4C 2A 8B 9D 41 F3 19 83 1C 00 E6 02 22 5E 32 EB 2C 72 00 50 08 B4 00 2B 02 83 00 00 7B 45 03 01 FD C0 78 D7 0C 3A 9B 00 08 E1 1E 81 AA AA 
Time:	09:35:28,277
Send:	220001
Receive: 62 00 01 02 8D 00 A6 0C C2 00 01 01 FE 00 86 00 00 03 DE 00 8C 80 92 4C 6B 8A 1D 41 F3 19 83 28 00 E6 02 3F 5E 32 0A 2C 72 00 50 08 B4 00 2B 02 70 00 00 7B 45 03 01 FD C0 78 D7 0C 3A 9B 00 08 DA 1E 55 AA AA 
Time:	09:35:28,678
Send:	220001
Receive: 62 00 01 02 8D 00 A6 0C A0 00 02 01 F5 00 86 00 00 03 D9 00 8A 80 AD 4C A4 88 1D 41 F3 19 83 46 00 E6 02 3F 5E 30 43 2C 72 00 50 08 B4 00 2B 02 68 00 00 7B 45 03 01 FD C0 78 D7 0C 3A 9B 00 08 E0 1E 77 AA AA 
Time:	09:35:29,065
Send:	220001
Receive: 62 00 01 02 8D 00 A6 0C 98 00 06 01 F2 00 86 00 00 03 DB 00 88 80 A8 4C 95 86 9D 41 F3 19 83 3D 00 E6 02 3F 5F 2F 62 2C 72 00 50 08 B5 00 2B 02 60 00 00 7B 45 03 01 7D C0 78 D7 0C 3A 9B 00 08 E8 1E 81 AA AA 
Time:	09:35:29,477
Send:	220001
Receive: 62 00 01 02 8D 00 A6 0C A0 00 03 01 FD 00 86 00 00 03 D8 00 8B 80 2C 4C 2A 89 FD 41 F3 19 83 4E 00 E6 02 11 5F 2D 9B 2C 72 00 50 08 B5 00 2B 02 55 00 00 7B 45 03 01 7D C0 78 D7 0C 3A 9B 00 08 E9 1E 77 AA AA 
Time:	09:35:29,865
Send:	220001
Receive: 62 00 01 02 8D 00 A6 0C B4 00 02 02 05 00 86 00 00 03 D6 00 8A 80 2D 4C 2B 8B 7D 41 F3 19 83 57 00 E6 02 11 5F 2C BA 2C 72 00 50 08 B5 00 2B 02 48 00 00 7B 45 03 01 7D C0 78 D7 0C 3A 9B 00 08 C6 1E 5A AA AA 
Time:	09:35:30,255
Send:	220001
Receive: NO DATA
Time:	09:35:30,537
Send:	220001
Receive: NO DATA
Time:	09:35:30,818
Send:	220001
Receive: NO DATA
Time:	09:35:31,131
Send:	220001
Receive: NO DATA
Time:	09:35:31,417
Send:	220001
Receive: NO DATA
Time:	09:35:31,704
Send:	220001
Receive: NO DATA
Time:	09:35:32,003
Send:	220001
Receive: NO DATA
Time:	09:35:32,284
Send:	220001
Receive: 62 00 01 02 8D 00 A6 0C 96 00 03 01 F8 00 86 00 00 03 D1 00 86 80 AC 4C A1 85 7D 41 F3 19 83 7D 00 E6 02 22 5F 23 E1 2C 72 00 50 08 B7 00 2B 02 0D 00 00 7B 45 03 01 7D C0 78 D7 0C 3A 9B 00 08 BE 1E 53 AA AA 
Time:	09:35:32,707
Send:	220001
Receive: 62 00 01 02 8D 00 A7 0C 7E 00 04 01 EA 00 86 00 00 03 C5 00 85 80 AB 4C 99 83 9D 41 F3 19 83 C0 00 E6 02 22 5F 22 1A 2C 72 00 50 08 B7 00 2B 02 0A 00 00 7B 45 03 01 7D C0 78 D7 0C 3A 9B 00 08 C9 1E 5E AA AA 
Time:	09:35:33,118
Send:	220001
Receive: 62 00 01 02 8D 00 A7 0C 72 00 09 01 F0 00 86 00 00 03 C4 00 84 80 2C 4C 2A 86 1D 41 F3 19 83 C5 00 E6 02 11 5F 20 58 2C 72 00 50 08 B7 00 2B 02 0A 00 00 7B 45 03 01 7D C0 78 D7 0C 3A 9B 00 08 C0 1E 67 AA AA 
Time:	09:35:33,505
Send:	220001
Receive: 62 00 01 02 8D 00 A7 0C 8E 00 01 02 05 00 86 00 00 03 D4 00 88 80 2E 4C 2B 88 1D 41 F3 19 83 63 00 E6 02 11 5F 1F 72 2C 72 00 50 08 B7 00 2B 02 05 00 00 7B 45 03 01 7D C0 78 D7 0C 3A 9B 00 08 B5 1E 49 AA AA 
Time:	09:35:33,887
Send:	220001
Receive: 62 00 01 02 8D 00 A7 0C AA 00 02 01 F5 00 83 00 00 03 C6 00 87 80 A3 4C A1 85 3D 41 F3 19 83 BC 00 E6 02 11 5F 1D B0 2C 72 00 50 08 B7 00 2B 01 F7 00 00 7B 45 03 01 7D C0 78 D7 0C 3A 9B 00 08 A8 1E 05 AA AA 
Time:	09:35:34,275
Send:	220001
Receive: 62 00 01 02 8D 00 A7 0C 94 00 0A 01 F2 00 86 00 00 03 C8 00 86 80 AC 4C A0 83 5D 41 F3 19 83 AB 00 E6 02 11 5F 1C CA 2C 72 00 50 08 B8 00 2B 01 F2 00 00 7B 45 03 01 7D C0 78 D7 0C 3A 9B 00 08 AF 1E 20 AA AA 
Time:	09:35:34,665
Send:	220001
Receive: 62 00 01 02 8D 00 A7 0C 8E 00 09 01 EA 00 86 00 00 03 C2 00 85 80 A5 4C 50 81 DD 41 F3 19 83 D1 00 E6 02 11 5F 1B E9 2C 72 00 50 08 B8 00 2B 01 ED 00 00 7B 45 03 01 7D C0 78 D7 0C 3A 9B 00 08 8D 1E 15 AA AA 
Time:	09:35:35,055
Send:	220001
Receive: 62 00 01 02 8D 00 A7 0C 8C 00 0A 01 F3 00 86 00 00 03 BE 00 82 80 32 4C 2B 84 3D 41 F3 19 83 EB 00 E6 02 11 5F 1A 22 2C 72 00 50 08 B8 00 2B 01 E4 00 00 7B 45 03 01 7D C0 78 D7 0C 3A 9B 00 08 82 1E 0B AA AA 
Time:	09:35:35,458
Send:	220001
Receive: NO DATA
Time:	09:35:35,740
Send:	220001
Receive: NO DATA
Time:	09:35:36,028
Send:	220001
Receive: NO DATA
Time:	09:35:36,319
Send:	220001
Receive: NO DATA
Time:	09:35:36,610
Send:	220001
Receive: NO DATA
Time:	09:35:36,889
Send:	220001
Receive: NO DATA
Time:	09:35:37,179
Send:	220001
Receive: NO DATA
Time:	09:35:37,454
Send:	220001
Receive: 62 00 01 02 8C 00 A7 0C 88 00 0E 01 EA 00 88 00 00 03 B8 00 85 80 AB 4C 9E 7D 7D 41 F3 16 84 09 00 E6 02 22 60 00 00 2C 72 00 50 08 CC 00 2B 01 93 00 00 7B 45 03 01 F9 C0 78 D7 0C 3A 9B 00 08 6F 1E 05 AA AA 
Time:	09:35:37,855
Send:	220001
Receive: 62 00 01 02 8D 00 A7 0C 84 00 03 01 F5 00 88 00 00 03 C3 00 87 80 34 4C 2A 7F 9D 41 F3 16 83 CD 00 E6 02 22 60 00 00 2C 72 00 50 08 D4 00 2B 01 8B 00 00 7B 45 03 01 F9 C0 78 D7 0C 3A 9B 00 08 82 1D FF AA AA 
Time:	09:35:38,249
Send:	220001

Fixed toLineMF: 03E 62 00 01 02 8D 00 A7 0C 8A 00 02 01 F6 00 88 00 00 03 BC 00 86 80 2B 4C 29 81 5D 41 F3 16 83 F3 00 E6 00 50 08 DC 00 2B 01 83 00 00 7B 45 03 01 F9 C0 78 D7 0C 3A 9B 00 08 98 1E 09 AA AA 
Receive: 62 00 01 02 8D 00 A7 0C 8A 00 02 01 F6 00 88 00 00 03 BC 00 86 80 2B 4C 29 81 5D 41 F3 16 83 F3 00 E6 00 50 08 DC 00 2B 01 83 00 00 7B 45 03 01 F9 C0 78 D7 0C 3A 9B 00 08 98 1E 09 AA AA 

Fixed toLineMF: 03E 62 00 01 02 8D 00 A7 0C 8A 00 02 01 F6 00 88 00 00 03 BC 00 86 80 2B 4C 29 81 5D 41 F3 16 83 F3 00 E6 00 50 08 DC 00 2B 01 83 00 00 7B 45 03 01 F9 C0 78 D7 0C 3A 9B 00 08 98 1E 09 AA AA 
Time:	09:35:38,634
Send:	220001
Receive: 62 00 01 02 8C 00 A7 0C 7E 00 09 01 F9 00 88 00 00 03 BA 00 83 80 31 4C 2D 83 3D 41 F3 16 84 00 00 E6 02 11 60 00 00 2C 72 00 50 08 E2 00 2B 01 78 00 00 7B 45 03 01 F9 C0 78 D7 0C 3A 9B 00 08 A8 1E 11 AA AA 
Time:	09:35:39,025
Send:	220001
Receive: 62 00 01 02 8C 00 A7 0C 70 00 0E 01 E5 00 88 00 00 03 AF 00 80 80 A5 4C 9F 7F 1D 41 F3 16 84 44 00 E6 02 11 60 00 00 2C 72 00 50 08 EA 00 2B 01 70 00 00 7B 45 03 01 F9 C0 78 D7 0C 3A 9B 00 08 B4 1E 2E AA AA 
Time:	09:35:39,417
Send:	220001

Fixed toLineMF: 03E 62 00 01 02 8C 00 A7 0C 76 00 07 01 E4 00 88 00 00 03 B2 00 82 80 A9 4C 9A 7D 3D 41 F3 16 84 33 00 E6 02 11 60 00 00 2C 72 00 50 08 F3 00 2B 01 65 00 00 7B 45 03 01 00 08 A0 1E 2C AA AA 
Receive: 62 00 01 02 8C 00 A7 0C 76 00 07 01 E4 00 88 00 00 03 B2 00 82 80 A9 4C 9A 7D 3D 41 F3 16 84 33 00 E6 02 11 60 00 00 2C 72 00 50 08 F3 00 2B 01 65 00 00 7B 45 03 01 00 08 A0 1E 2C AA AA 

Fixed toLineMF: 03E 62 00 01 02 8C 00 A7 0C 76 00 07 01 E4 00 88 00 00 03 B2 00 82 80 A9 4C 9A 7D 3D 41 F3 16 84 33 00 E6 02 11 60 00 00 2C 72 00 50 08 F3 00 2B 01 65 00 00 7B 45 03 01 00 08 A0 1E 2C AA AA 
Time:	09:35:39,803
Send:	220001
Receive: 62 00 01 02 8D 00 A7 0C 7C 00 06 01 F7 00 88 00 00 03 C3 00 83 80 2D 4C 2B 80 3D 41 F3 16 83 C9 00 E6 02 11 60 00 00 2C 72 00 50 08 F8 00 2B 01 5D 00 00 7B 45 03 01 F9 C0 78 D7 0C 3A 9B 00 08 92 1E 36 AA AA 
Time:	09:35:40,207
Send:	220001
Receive: 62 00 01 02 8D 00 A7 0C 8C 00 04 01 FC 00 88 00 00 03 C2 00 85 80 2F 4C 2B 82 1D 41 F3 16 83 D1 00 E6 02 3F 60 00 00 2C 72 00 50 09 00 00 2B 01 50 00 00 7B 45 03 01 F9 C0 78 D7 0C 3A 9B 00 08 A3 1E 1B AA AA 
Time:	09:35:40,589
Send:	220001
Receive: 62 00 01 02 8D 00 A7 0C 9A 00 06 01 F6 00 88 00 00 03 BF 00 84 80 A0 4C 9E 7F BD 41 F3 16 83 E2 00 E6 02 3F 60 00 00 2C 72 00 50 09 06 00 2B 01 3F 00 00 7B 45 03 01 F9 C0 78 D7 0C 3A 9B 00 08 95 1E 06 AA AA 
Time:	09:35:40,981
Send:	220001

Fixed toLineMF: 03E 62 00 01 02 8C 00 A8 0C 80 00 08 01 F1 00 88 00 00 03 CA 00 41 F3 16 83 9E 00 E6 02 3F 60 00 00 2C 72 00 50 09 0E 00 2B 01 37 00 00 7B 45 03 01 F9 C0 78 D7 0C 3A 9B 00 08 AA 1E 33 AA AA 
Receive: 62 00 01 02 8C 00 A8 0C 80 00 08 01 F1 00 88 00 00 03 CA 00 41 F3 16 83 9E 00 E6 02 3F 60 00 00 2C 72 00 50 09 0E 00 2B 01 37 00 00 7B 45 03 01 F9 C0 78 D7 0C 3A 9B 00 08 AA 1E 33 AA AA 

Fixed toLineMF: 03E 62 00 01 02 8C 00 A8 0C 80 00 08 01 F1 00 88 00 00 03 CA 00 41 F3 16 83 9E 00 E6 02 3F 60 00 00 2C 72 00 50 09 0E 00 2B 01 37 00 00 7B 45 03 01 F9 C0 78 D7 0C 3A 9B 00 08 AA 1E 33 AA AA 
Time:	09:35:41,388
Send:	220001
Receive: 62 00 01 02 8D 00 A8 0C 80 00 07 01 EB 00 88 00 00 03 C2 00 83 80 60 4C 2B 7F DD 41 F3 16 83 D1 00 E6 02 11 60 00 00 2C 72 00 50 09 14 00 2B 01 2F 00 00 7B 45 03 01 F9 C0 78 D7 0C 3A 9B 00 08 A0 1E 44 AA AA 
Time:	09:35:41,777
Send:	220001
Receive: 62 00 01 02 8D 00 A8 0C 80 00 05 01 FB 00 88 00 00 03 C5 00 85 80 32 4C 2C 81 9D 41 F3 16 83 C5 00 E6 02 11 60 00 00 2C 72 00 50 09 19 00 2B 01 2A 00 00 7B 45 03 01 F9 C0 78 D7 0C 3A 9B 00 08 AA 1E 36 AA AA 
Time:	09:35:42,185
Send:	220001

Fixed toLineMF: 03E 62 00 01 02 8D 00 A8 0C A4 00 07 01 F4 00 88 00 00 03 C6 00 87 80 9A 4C 49 7F 5D 41 F3 16 83 BC 00 E6 02 3F 60 00 00 2C 72 00 50 09 1F 00 2B 01 F9 C0 78 D7 0C 3A 9B 00 08 A0 1D EE AA AA 
Receive: 62 00 01 02 8D 00 A8 0C A4 00 07 01 F4 00 88 00 00 03 C6 00 87 80 9A 4C 49 7F 5D 41 F3 16 83 BC 00 E6 02 3F 60 00 00 2C 72 00 50 09 1F 00 2B 01 F9 C0 78 D7 0C 3A 9B 00 08 A0 1D EE AA AA 

Fixed toLineMF: 03E 62 00 01 02 8D 00 A8 0C A4 00 07 01 F4 00 88 00 00 03 C6 00 87 80 9A 4C 49 7F 5D 41 F3 16 83 BC 00 E6 02 3F 60 00 00 2C 72 00 50 09 1F 00 2B 01 F9 C0 78 D7 0C 3A 9B 00 08 A0 1D EE AA AA 
Time:	09:35:42,575
Send:	220001
Receive: 62 00 01 02 8C 00 A8 0C 8A 00 07 01 E8 00 88 00 00 03 B7 00 83 80 A9 4C 9F 7D 5D 41 F3 16 84 11 00 E6 02 3F 60 00 00 2C 72 00 50 09 25 00 2B 01 0C 00 00 7B 45 03 01 F9 C0 78 D7 0C 3A 9B 00 08 A1 1E 17 AA AA 
Time:	09:35:42,958
Send:	220001

Fixed toLineMF: 03E 62 00 01 02 8C 00 A8 0C 7E 00 05 01 EC 00 88 00 00 03 C5 00 84 80 A4 4C 43 7B FD 41 F3 16 83 C0 00 E6 02 3F 60 00 00 2C 72 00 50 09 2A 00 2B 01 09 00 00 7B 45 03 01 00 08 86 1E 31 AA AA 
Receive: 62 00 01 02 8C 00 A8 0C 7E 00 05 01 EC 00 88 00 00 03 C5 00 84 80 A4 4C 43 7B FD 41 F3 16 83 C0 00 E6 02 3F 60 00 00 2C 72 00 50 09 2A 00 2B 01 09 00 00 7B 45 03 01 00 08 86 1E 31 AA AA 

Fixed toLineMF: 03E 62 00 01 02 8C 00 A8 0C 7E 00 05 01 EC 00 88 00 00 03 C5 00 84 80 A4 4C 43 7B FD 41 F3 16 83 C0 00 E6 02 3F 60 00 00 2C 72 00 50 09 2A 00 2B 01 09 00 00 7B 45 03 01 00 08 86 1E 31 AA AA 
Time:	09:35:43,348
Send:	220001

Fixed toLineMF: 03E 62 00 01 02 8D 00 A8 0C 70 00 06 01 F7 85 80 2B 4C 28 7F FD 41 F3 16 83 B4 00 E6 02 05 60 00 00 2C 72 00 50 09 30 00 2D 01 09 00 00 7B 45 03 01 F9 C0 78 D7 0C 3A 9B 00 08 AE 1E 42 AA AA 
Receive: 62 00 01 02 8D 00 A8 0C 70 00 06 01 F7 85 80 2B 4C 28 7F FD 41 F3 16 83 B4 00 E6 02 05 60 00 00 2C 72 00 50 09 30 00 2D 01 09 00 00 7B 45 03 01 F9 C0 78 D7 0C 3A 9B 00 08 AE 1E 42 AA AA 

Fixed toLineMF: 03E 62 00 01 02 8D 00 A8 0C 70 00 06 01 F7 85 80 2B 4C 28 7F FD 41 F3 16 83 B4 00 E6 02 05 60 00 00 2C 72 00 50 09 30 00 2D 01 09 00 00 7B 45 03 01 F9 C0 78 D7 0C 3A 9B 00 08 AE 1E 42 AA AA 
Time:	09:35:43,733
Send:	220001
Receive: 62 00 01 02 8C 00 A8 0C 86 00 05 01 FD 00 86 00 00 03 C2 00 84 80 2E 4C 2B 81 DD 41 F3 16 83 D1 00 E6 02 05 60 00 00 2C 72 00 50 09 35 00 2D 00 FF 00 00 7B 45 03 01 F9 C0 78 D7 0C 3A 9B 00 08 9C 1E 0F AA AA 
Time:	09:35:44,125
Send:	220001
Receive: 62 00 01 02 8D 00 A8 0C 8E 00 02 01 F1 00 86 00 00 03 BF 00 84 80 9F 4C 92 7E DD 41 F3 16 83 E2 00 E6 02 11 60 00 00 2C 72 00 50 09 38 00 2D 00 F1 00 00 7B 45 03 01 F9 C0 78 D7 0C 3A 9B 00 08 88 1E 09 AA AA 
Time:	09:35:44,525
Send:	220001
Receive: 62 00 01 02 8D 00 A8 0C F6 00 FE 02 77 00 AE 00 00 04 9C 00 B0 80 A8 4C 9A 7C BD 41 F3 16 83 68 00 E6 02 11 60 00 00 2C 72 00 5A 09 3B 00 2D 00 E3 00 4B 7B 45 03 05 F9 C2 78 D7 0C 3A 9B 00 0A A3 22 0F AA AA 
Time:	09:35:44,914
Send:	220001
Receive: 62 00 01 02 8D 00 A8 0D DE 00 FF 02 34 00 92 00 00 04 3E 00 A9 80 B1 4C AD 7A 3D 41 F3 16 82 4F 00 E6 02 11 60 00 00 2C 72 00 5A 09 3B 00 2D 00 D0 00 00 7B 45 03 05 F9 C0 78 D7 0C 3A 9B 00 09 99 1F 11 AA AA 
Time:	09:35:45,318
Send:	220001
Receive: 62 00 01 02 8D 00 A8 0D F6 01 07 02 03 00 95 00 00 04 01 00 9D 80 BD 4C B6 77 FD 41 F3 16 82 5C 00 E6 02 84 60 00 00 2C 72 00 5A 09 3B 00 2D 00 D0 00 00 7B 45 03 05 F9 C0 78 D7 0C 3A 9B 00 09 1C 1E 10 AA AA 
Time:	09:35:45,735
Send:	220001

Fixed toLineMF: 03E 62 00 01 02 8D 00 A8 0E 9A 01 03 01 F9 00 79 00 00 03 FE 00 AB 80 BC 4C AC 75 7D 41 F3 16 82 71 00 E6 02 84 60 00 00 2C 72 E3 00 00 7B 45 03 05 F9 C0 78 D7 0C 3A 9B 00 09 04 1D 75 AA AA 
Receive: 62 00 01 02 8D 00 A8 0E 9A 01 03 01 F9 00 79 00 00 03 FE 00 AB 80 BC 4C AC 75 7D 41 F3 16 82 71 00 E6 02 84 60 00 00 2C 72 E3 00 00 7B 45 03 05 F9 C0 78 D7 0C 3A 9B 00 09 04 1D 75 AA AA 

Fixed toLineMF: 03E 62 00 01 02 8D 00 A8 0E 9A 01 03 01 F9 00 79 00 00 03 FE 00 AB 80 BC 4C AC 75 7D 41 F3 16 82 71 00 E6 02 84 60 00 00 2C 72 E3 00 00 7B 45 03 05 F9 C0 78 D7 0C 3A 9B 00 09 04 1D 75 AA AA 
Time:	09:35:46,115
Send:	220001
Receive: 62 00 01 02 8D 00 A8 0F E4 01 09 04 48 02 15 1C 42 06 EB 01 4F 80 AF 4C A1 72 BD 41 F3 16 87 C3 00 E6 04 A1 60 18 60 2C 72 00 82 09 3B 00 2D 00 E9 01 4D 7B 45 03 05 7C C2 78 D7 0C 3A 9B 00 10 5E 2F 6D AA AA 
Time:	09:35:46,515
Send:	220001
Receive: 62 00 01 02 8D 00 A8 1B 68 01 0D 03 4F 01 C2 1C AD 06 7B 02 31 80 BD 4C B8 71 7D 41 F3 16 8F BA 00 E6 04 A1 60 1A 22 2C 72 00 96 08 F7 00 2D 00 E2 FE 26 7B 45 03 05 7C C2 78 D7 0C 3A 9B 00 0E F8 26 2C AA AA 
Time:	09:35:46,922
Send:	220001
Receive: NO DATA
Time:	09:35:47,199
Send:	220001
Receive: NO DATA
Time:	09:35:47,476
Send:	220001
Receive: NO DATA
Time:	09:35:47,771
Send:	220001
Receive: NO DATA
Time:	09:35:48,046
Send:	220001
Receive: NO DATA
Time:	09:35:48,359
Send:	220001
Receive: NO DATA
Time:	09:35:48,650
Send:	220001
Receive: NO DATA
Time:	09:35:48,938
Send:	220001
Receive: 62 00 01 02 8D 00 A8 18 6C 08 0A 02 AC 01 64 12 47 05 5D 01 6A 80 A8 4C AA 70 7D 41 F3 16 8A AB 00 E6 04 65 5F 21 39 2C 72 00 96 09 35 00 2D 00 E8 FF DD 7B 45 03 05 7C C0 78 D7 0C 3A 9B 00 0C 59 22 83 AA AA 
Time:	09:35:49,327
Send:	220001
Receive: NO DATA
Time:	09:35:49,608
Send:	220001
Receive: NO DATA
Time:	09:35:49,906
Send:	220001
Receive: NO DATA
Time:	09:35:50,195
Send:	220001
Receive: NO DATA
Time:	09:35:50,471
Send:	220001
Receive: NO DATA
Time:	09:35:50,778
Send:	220001
Receive: NO DATA
Time:	09:35:51,088
Send:	220001
Receive: NO DATA
Time:	09:35:51,376
Send:	220001
Receive: 62 00 01 02 8D 00 A8 1C 98 0B 11 01 CE 00 DB 07 0F 03 73 01 12 80 28 4C 25 7F BD 41 F3 16 8D CD 00 E6 04 65 5E 2C BA 2C 72 00 8C 08 FF 00 2D 00 E3 FE 12 7B 45 03 05 7C C0 78 D7 0C 3A 9B 00 07 FA 18 A4 AA AA 
Time:	09:35:51,771
Send:	220001
Receive: 62 00 01 02 8D 00 A8 1D 30 0B 2C 01 A9 00 F3 07 0F 03 12 01 02 80 27 4C 23 82 1D 41 F3 16 8D 58 00 E6 04 65 5E 2E 7C 2C 72 00 8C 08 F1 00 2D 00 E2 FD 7F 7B 45 03 05 7C C0 78 D7 0C 3A 9B 00 07 04 14 9E AA AA 
Time:	09:35:52,165
Send:	220001

Fixed toLineMF: 037 62 00 01 02 8D 00 00 DB 00 00 02 AE 00 D0 80 2D 4C 28 85 1D 41 F3 16 8B 50 00 E6 03 33 5E 32 0A 2C 72 00 6E 09 0C 00 2D 00 E4 FD 0A 7B 45 03 01 7D C8 78 D7 0C 3A 9B 
Receive: 62 00 01 02 8D 00 00 DB 00 00 02 AE 00 D0 80 2D 4C 28 85 1D 41 F3 16 8B 50 00 E6 03 33 5E 32 0A 2C 72 00 6E 09 0C 00 2D 00 E4 FD 0A 7B 45 03 01 7D C8 78 D7 0C 3A 9B 

Fixed toLineMF: 037 62 00 01 02 8D 00 00 DB 00 00 02 AE 00 D0 80 2D 4C 28 85 1D 41 F3 16 8B 50 00 E6 03 33 5E 32 0A 2C 72 00 6E 09 0C 00 2D 00 E4 FD 0A 7B 45 03 01 7D C8 78 D7 0C 3A 9B 
Time:	09:35:52,542
Send:	220001
Receive: 62 00 01 02 8C 00 A8 1B EE 0A 17 01 28 00 88 00 00 02 02 00 98 80 27 4C 22 87 BD 41 F3 16 8E B5 00 E6 03 33 5E 37 55 2C 72 00 5A 09 0E 00 2D 00 E4 FB 93 7B 45 03 05 7D C8 78 D7 0C 3A 9B 00 04 AA 10 91 AA AA 
Time:	09:35:52,946
Send:	220001
Receive: 62 00 01 02 86 00 A9 16 E8 09 0E 01 5B 00 97 00 00 02 69 00 92 80 23 4C 21 8A 1D 41 F3 16 8B 42 00 E6 03 33 5E 38 3B 2C 72 00 5A 09 31 00 2D 00 E8 FD 37 7B 45 03 07 7D E8 78 D7 0C 3A 9B 00 05 84 12 E3 AA AA 
Time:	09:35:53,339
Send:	220001
Receive: 62 00 01 02 84 00 A9 13 5A 07 13 01 92 00 BF 00 00 02 C1 00 8F 80 2B 4C 29 8B DD 41 F3 16 88 A1 00 E6 02 08 5E 36 74 2C 72 00 5A 09 31 00 2D 00 F5 FE BF 7B 45 03 07 FD E8 78 D7 0C 3A 9B 00 06 A2 17 BC AA AA 
Time:	09:35:53,737
Send:	220001
Receive: 62 00 01 02 84 00 A9 11 52 05 02 02 06 00 B3 00 00 03 62 00 A0 80 29 4C 25 8D BD 41 F3 16 86 02 00 E6 02 08 5E 34 AD 2C 72 00 5A 09 32 00 2D 01 03 FF 6F 7B 45 03 07 FD E8 78 D7 0C 3A 9B 00 08 0C 1B 27 AA AA 
Time:	09:35:54,209
Send:	220001
Receive: 62 00 01 02 89 00 A9 0F B2 04 04 02 13 00 9F 00 00 03 BE 00 A0 80 B4 4C B4 8A FD 41 F3 16 83 E2 00 E6 02 DD 5E 32 EB 2C 72 00 5A 09 34 00 2D 00 FE FF D8 7B 45 03 07 7D E0 78 D7 0C 3A 9B 00 08 9B 1C 66 AA AA 
Time:	09:35:54,596
Send:	220001
Receive: 62 00 01 02 8C 00 A9 0F 38 04 06 02 0D 00 9F 00 00 03 CC 00 A1 80 C3 4C BA 88 BD 41 F3 16 83 96 00 E6 02 DD 5F 32 0A 2C 72 00 5A 09 34 00 2D 00 FE 01 B0 7B 45 03 03 7D E0 78 D7 0C 3A 9B 00 08 BC 1C AF AA AA 
Time:	09:35:55,034
Send:	220001
Receive: 62 00 01 02 8C 00 A9 0E FC 04 02 02 03 00 92 00 00 03 CA 00 9F 80 C4 4C B9 86 9D 41 F3 16 83 A3 00 E6 02 DD 5F 30 43 2C 72 00 5A 09 35 00 2D 00 FE 01 C9 7B 45 03 03 7D E0 78 D7 0C 3A 9B 00 08 A0 1C 7C AA AA 
Time:	09:35:55,434
Send:	220001
Receive: 62 00 01 02 8C 00 A9 0E D4 03 FF 01 C1 00 6A 00 00 03 6C 00 8C 80 C4 4C B9 84 7D 41 F3 16 85 DB 00 E6 02 79 5F 2F 62 2C 72 00 5A 09 36 00 2D 00 EE FF FE 7B 45 03 03 7D E0 78 D7 0C 3A 9B 00 07 8D 1A 7E AA AA 
Time:	09:35:55,846
Send:	220001
Receive: 62 00 01 02 8C 00 A9 0E 82 02 17 01 A2 00 79 00 00 03 2E 00 83 80 C3 4C B7 82 BD 41 F3 16 86 29 00 E6 02 79 5F 2D 9B 2C 72 00 5A 09 37 00 2D 00 E8 FF FB 7B 45 03 07 7D E0 78 D7 0C 3A 9B 00 07 3D 1A 08 AA AA 
Time:	09:35:56,252
Send:	220001
Receive: 62 00 01 02 8C 00 A9 0E 52 02 14 01 B0 00 83 00 00 03 4C 00 83 80 BE 4C AC 81 1D 41 F3 16 86 0F 00 E6 01 FF 5F 2B D4 2C 72 00 5A 09 37 00 2D 00 E6 00 00 7B 45 03 07 7D E0 78 D7 0C 3A 9B 00 07 A8 1A CF AA AA 
Time:	09:35:56,659
Send:	220001

Fixed toLineMF: 03E 62 00 01 02 8D 00 A9 0E 32 01 11 01 BE 00 88 00 00 03 6F 00 87 80 AF 4C 9D 7F 7D 01 FF 60 2A F3 2C 72 00 5A 09 38 00 2D 00 E3 00 00 7B 45 03 05 7D C0 78 D7 0C 3A 9B 00 07 F4 1B 64 AA AA 
Receive: 62 00 01 02 8D 00 A9 0E 32 01 11 01 BE 00 88 00 00 03 6F 00 87 80 AF 4C 9D 7F 7D 01 FF 60 2A F3 2C 72 00 5A 09 38 00 2D 00 E3 00 00 7B 45 03 05 7D C0 78 D7 0C 3A 9B 00 07 F4 1B 64 AA AA 

Fixed toLineMF: 03E 62 00 01 02 8D 00 A9 0E 32 01 11 01 BE 00 88 00 00 03 6F 00 87 80 AF 4C 9D 7F 7D 01 FF 60 2A F3 2C 72 00 5A 09 38 00 2D 00 E3 00 00 7B 45 03 05 7D C0 78 D7 0C 3A 9B 00 07 F4 1B 64 AA AA 
Time:	09:35:57,063
Send:	220001
Receive: 62 00 01 02 8D 00 A9 0E 88 01 FF 04 1D 01 BE 14 94 06 DB 01 28 80 A0 4C 32 7C 5D 41 F3 16 86 8A 00 E6 04 65 60 33 CC 2C 72 00 82 09 39 00 2D 00 E3 02 95 7B 45 03 05 7C C2 78 D7 0C 3A 9B 00 0F 6C 2D 25 AA AA 
Time:	09:35:57,477
Send:	220001
Receive: 62 00 01 02 8D 00 A9 10 1A 02 F4 03 92 00 9F 00 00 07 14 01 5C 80 BF 4C B6 79 7D 41 F3 16 87 FD 00 E6 04 65 60 40 2E 2C 72 00 78 09 3A 00 2D 01 22 00 EB 7B 45 03 05 7D CA 78 D7 0C 3A 9B 00 0D B6 29 7D AA AA 
Time:	09:35:57,896
Send:	220001
Receive: 62 00 01 02 8D 00 A9 13 42 02 03 01 74 00 83 00 00 03 64 00 B6 80 6A 4C 27 75 BD 41 F3 16 86 06 00 E6 04 65 60 2C BA 2C 72 00 5A 09 3A 00 2D 01 E5 FE 7F 7B 45 03 05 7D C0 78 D7 0C 3A 9B 00 07 4C 19 51 AA AA 
Time:	09:35:58,284
Send:	220001
Receive: 62 00 01 02 8D 00 A9 11 46 02 12 01 82 00 90 00 00 03 17 00 91 80 21 4C 1E 7A 3D 41 F3 16 86 93 00 E6 02 0C 60 2B D4 2C 72 00 5A 09 39 00 2D 02 10 FF 7C 7B 45 03 05 7D C0 78 D7 0C 3A 9B 00 07 1C 19 13 AA AA 
Time:	09:35:58,667
Send:	220001
Receive: 62 00 01 02 8B 00 A9 10 24 02 10 01 93 00 92 00 00 03 38 00 8F 80 24 4C 20 7B 9D 41 F3 16 86 25 00 E6 02 0C 60 2A F3 2C 72 00 5A 09 39 00 2D 02 1E FF BD 7B 45 03 07 7D E0 78 D7 0C 3A 9B 00 07 7A 1A 04 AA AA 
Time:	09:35:59,066
Send:	220001
Receive: 62 00 01 02 89 00 A9 0F 2E 01 12 01 B0 00 A1 00 00 03 5A 00 8D 80 25 4C 22 7D 5D 41 F3 16 86 02 00 E6 02 0C 60 29 31 2C 72 00 5A 09 39 00 2D 02 39 FF EB 7B 45 03 07 7D E0 78 D7 0C 3A 9B 00 08 19 1B 9E AA AA 
Time:	09:35:59,449
Send:	220001
Receive: 62 00 01 02 8D 00 A9 0E D8 01 02 01 FC 00 A6 00 00 03 D6 00 A1 80 28 4C 25 7F 7D 41 F3 16 83 5B 00 E6 02 0F 60 28 4B 2C 72 00 5A 09 39 00 2D 02 41 FF EE 7B 45 03 05 7D C0 78 D7 0C 3A 9B 00 08 E4 1D 3D AA AA 
Time:	09:35:59,857
Send:	220001
Receive: 62 00 01 02 8D 00 A9 0E 8E 01 01 02 0D 00 A4 00 00 03 FB 00 A0 80 9C 4C A1 7D DD 41 F3 16 82 81 00 E6 02 0F 60 26 89 2C 72 00 5A 09 39 00 2D 02 3C 00 00 7B 45 03 05 7D C0 78 D7 0C 3A 9B 00 09 3C 1E 0B AA AA 
Time:	09:36:00,257
Send:	220001
Receive: 62 00 01 02 8C 00 A9 0E 56 01 03 02 0A 00 A1 00 00 04 0F 00 A1 80 B7 4C AE 7B 7D 41 F3 16 82 09 00 E6 02 65 60 24 C2 2C 72 00 5A 09 3A 00 2D 02 39 00 00 7B 45 03 05 7D C0 78 D7 0C 3A 9B 00 09 54 1E 67 AA AA 
Time:	09:36:00,646
Send:	220001
Receive: 62 00 01 02 8D 00 A9 0E 38 01 07 01 F9 00 95 00 00 04 06 00 A1 80 B4 4C A5 79 3D 41 F3 16 82 43 00 E6 02 65 60 23 E1 2C 72 00 5A 09 3A 00 2D 02 3C 00 00 7B 45 03 05 7D C0 78 D7 0C 3A 9B 00 09 27 1D F9 AA AA 
Time:	09:36:01,038
Send:	220001
Receive: 62 00 01 02 8C 00 A9 0E 04 01 0A 01 E4 00 97 00 00 03 ED 00 9B 80 B3 4C A1 76 FD 41 F3 16 82 D5 00 E6 02 65 60 22 1A 2C 72 00 5A 09 3B 00 2D 02 41 00 00 7B 45 03 05 7D C0 78 D7 0C 3A 9B 00 09 03 1D CB AA AA 
Time:	09:36:01,435
Send:	220001
Receive: 62 00 01 02 8D 00 A9 0D F0 01 0C 01 DC 00 95 00 00 03 E7 00 9B 80 8F 4C 2A 74 BD 41 F3 16 82 F2 00 E6 02 22 60 21 39 2C 72 00 5A 09 3B 00 2D 02 52 00 00 7B 45 03 05 7D C0 78 D7 0C 3A 9B 00 08 EF 1D 9C AA AA 
Time:	09:36:01,844
Send:	220001
Receive: 62 00 01 02 8C 00 A9 0E 00 00 06 01 EE 00 92 00 00 03 E0 00 9B 80 2B 4C 28 79 9D 41 F3 16 83 1C 00 E6 02 22 60 1F 72 2C 72 00 5A 09 3B 00 2D 02 5A 00 00 7B 45 03 05 7D C0 78 D7 0C 3A 9B 00 08 E3 1D 50 AA AA 
Time:	09:36:02,254
Send:	220001
Receive: 62 00 01 02 8C 00 AA 0D FC 00 0A 01 F5 00 92 00 00 03 E2 00 99 80 34 4C 33 7B BD 41 F3 16 83 13 00 E6 02 22 60 1D B0 2C 72 00 5A 09 3B 00 2D 02 5A 00 00 7B 45 03 01 7D C0 78 D7 0C 3A 9B 00 08 BB 1D 75 AA AA 
Time:	09:36:02,667
Send:	220001
Receive: 62 00 01 02 8D 00 AA 0D EC 00 08 01 BA 00 6A 00 00 03 AB 00 8E 80 A7 4C 9C 77 3D 41 F3 16 84 5A 00 E6 02 22 60 1C CA 2C 72 00 50 09 3C 00 2D 02 65 FF D2 7B 45 03 01 7D C0 78 D7 0C 3A 9B 00 08 2C 1C 19 AA AA 
Time:	09:36:03,046
Send:	220001
Receive: 62 00 01 02 8C 00 AA 0D B2 00 0D 01 E0 00 AB 00 00 03 C5 00 91 80 A9 4C 9A 75 5D 41 F3 16 83 C5 00 E6 02 22 60 1B 08 2C 72 00 5A 09 3C 00 2D 02 78 00 08 7B 45 03 05 7D C0 78 D7 0C 3A 9B 00 09 08 1E 2E AA AA 
Time:	09:36:03,444
Send:	220001
Receive: 62 00 01 02 8D 00 AA 0D EC 00 03 02 15 00 A1 00 00 04 23 00 A3 80 28 4C 25 78 BD 41 F3 16 82 01 00 E6 02 11 60 1A 22 2C 72 00 5A 09 3C 00 2D 02 7B 00 00 7B 45 03 05 7D C0 78 D7 0C 3A 9B 00 09 83 1E D9 AA AA 
Time:	09:36:03,845
Send:	220001
Receive: 62 00 01 02 8D 00 AA 0E 0E 00 03 02 14 00 9C 0B A3 04 19 00 A3 80 87 4C 81 7B 1D 41 F3 16 81 E4 00 E6 02 11 61 19 41 2C 72 00 64 09 3D 00 2D 02 76 00 00 7B 45 03 05 7C C0 78 D7 0C 3A 9B 00 09 F7 20 0C AA AA 
Time:	09:36:04,228
Send:	220001
Receive: 62 00 01 02 8D 00 AA 10 E2 00 FB 04 D2 02 AD 21 0A 08 AD 01 D1 80 B6 4C AD 74 BD 41 F3 16 8A 03 00 E6 05 4A 61 22 FB 2C 72 00 8C 09 3D 00 2D 02 76 01 2A 7B 45 03 05 7C CA 78 D7 0C 3A 9B 00 14 2C 35 73 AA AA 
Time:	09:36:04,618
Send:	220001
Receive: 62 00 01 02 8D 00 AA 18 84 00 00 04 4B 02 21 20 6B 08 51 02 52 80 C0 4C B6 6F BD 41 F3 16 8E FB 00 E6 05 4A 61 23 E1 2C 72 00 96 09 39 00 2D 02 74 FF 35 7B 45 03 05 7C C2 78 D7 0C 3A 9B 00 13 33 31 84 AA AA 
Time:	09:36:05,008
Send:	220001
Receive: 62 00 01 02 8D 00 AA 18 CC 02 08 03 6C 01 CF 1E C2 07 20 01 EF 80 B4 4C A2 6A DD 41 F3 16 8C 05 00 E6 05 4A 60 20 58 2C 72 00 96 09 3D 00 2D 02 76 FF 76 7B 45 03 05 7C C2 78 D7 0C 3A 9B 00 10 2C 2B 41 AA AA 
Time:	09:36:05,426
Send:	220001
Receive: 62 00 01 02 8D 00 AA 16 B4 04 06 03 9D 01 C5 18 F0 07 3F 01 C4 80 27 4C 24 6E 9D 41 F3 16 8B 21 00 E6 07 1C 60 22 FB 2C 72 00 96 09 3C 00 2D 02 75 00 95 7B 45 03 05 7C C2 78 D7 0C 3A 9B 00 10 96 2D 0D AA AA 
Time:	09:36:05,850
Send:	220001
Receive: 62 00 01 02 8C 00 AA 13 9C 07 FD 05 08 02 C3 18 85 09 78 01 F9 80 2D 4C 2A 72 DD 41 F3 16 89 6F 00 E6 07 1C 60 41 14 2C 72 00 96 09 3A 00 2D 02 75 03 69 7B 45 03 05 7C C2 78 D7 0C 3A 9B 00 17 9B 3B 69 AA AA 
Time:	09:36:06,255
Send:	220001
Receive: 62 00 01 02 8D 00 AA 15 76 08 00 04 39 02 2B 17 AD 08 AA 02 11 80 AC 4C 9A 6B FD 41 F3 16 8C E3 00 E6 08 24 5F 31 24 2C 72 00 96 09 38 00 2D 02 74 01 06 7B 45 03 05 3C C2 78 D7 0C 3A 9B 00 13 AD 33 22 AA AA 
Time:	09:36:06,669
Send:	220001
Receive: 62 00 01 02 8C 00 AA 19 78 0A 0A 03 20 01 B4 1B A3 06 85 01 D5 80 2B 4C 25 6F FD 41 F3 16 8B CC 00 E6 08 24 5F 25 A3 2C 72 00 96 09 2F 00 2D 02 72 FF 20 7B 45 03 05 7C C2 78 D7 0C 3A 9B 00 0E AD 28 46 AA AA 
Time:	09:36:07,079
Send:	220001
Receive: 62 00 01 02 8C 00 AA 1D 68 0B 25 02 E7 01 E0 20 6B 05 C3 01 E2 80 25 4C 21 75 1D 41 F3 16 8F 05 00 E6 06 D3 5F 25 A3 2C 72 00 96 08 F3 00 2D 02 62 FE 0F 7B 45 03 05 7C C2 78 D7 0C 3A 9B 00 0D 3E 24 90 AA AA 
Time:	09:36:07,484
Send:	220001
Receive: 62 00 01 02 8D 00 AA 21 84 0C 24 03 AB 02 3D 2B A3 06 E7 02 95 80 B7 4C B8 73 BD 41 F3 16 92 60 00 E6 06 D3 5E 28 4B 2C 72 00 96 08 B8 00 2D 02 52 FC CC 7B 45 03 01 7C C2 78 D7 0C 3A 9B 00 0F EF 27 08 AA AA 
Time:	09:36:07,866
Send:	220001
Receive: 62 00 01 02 8D 00 AA 24 B2 0E 24 03 8D 02 58 2C 0F 06 DE 02 D1 80 C2 4C B9 6E FD 41 F3 16 94 AE 00 E6 06 D3 5E 29 31 2C 72 00 96 08 8B 00 2D 02 46 FC DD 7B 45 03 01 7C C2 78 D7 0C 3A 9B 00 0F 69 27 53 AA AA 
Time:	09:36:08,267
Send:	220001
Receive: 62 00 01 02 8D 00 AA 28 B6 0F 26 03 53 02 AA 2C 0F 06 5B 02 E2 80 28 4C 21 6F 1D 41 F3 16 96 6D 00 E6 0A 77 5E 2A F3 2C 72 00 96 08 5B 00 2D 02 39 FC EE 7B 45 03 01 7C C2 78 D7 0C 3A 9B 00 0E 91 27 35 AA AA 
Time:	09:36:08,654
Send:	220001
Receive: 62 00 01 02 8D 00 AA 2D 0E 11 25 03 84 02 DF 28 F0 06 70 03 34 80 25 4C 20 76 3D 41 F3 16 95 5B 00 E6 0A 77 5D 2C BA 2C 72 00 96 08 4A 00 2D 02 35 FC F5 7B 45 03 01 7C C2 78 D7 0C 3A 9B 00 0E A2 26 E5 AA AA 
Time:	09:36:09,038
Send:	220001
Receive: 62 00 01 02 8D 00 AB 2F A2 12 1A 02 2C 01 DE 00 00 04 05 02 2B 80 27 4C 22 7D 3D 41 F3 16 98 32 00 E6 0A 77 5D 2B D4 2C 72 00 78 08 49 00 2D 02 34 FA 5A 7B 45 03 01 7D C8 78 D7 0C 3A 9B 00 08 F0 19 36 AA AA 
Time:	09:36:09,426
Send:	220001
Receive: 62 00 01 02 8D 00 AB 30 F2 13 1C 01 C0 01 8C 00 00 03 25 01 B8 80 A2 4C A4 7D FD 41 F3 16 95 1A 00 E6 08 88 5D 2D 9B 2C 72 00 5A 08 47 00 2D 02 34 F9 FC 7B 45 03 01 7D C8 78 D7 0C 3A 9B 00 06 F6 14 8D AA AA 
Time:	09:36:09,817
Send:	220001
Receive: 62 00 01 02 8D 00 AB 30 E6 13 28 01 6C 01 50 00 00 02 79 01 55 80 2F 4C 27 7F 3D 41 F3 16 95 35 00 E6 08 88 5D 30 43 2C 72 00 5A 08 46 00 2D 02 34 F9 FA 7B 45 03 01 7D C8 78 D7 0C 3A 9B 00 05 8C 11 62 AA AA 
Time:	09:36:10,216
Send:	220001
Receive: 62 00 01 02 8D 00 AB 30 2C 12 35 01 27 01 1C 00 00 01 E2 00 FF 80 32 4C 3D 83 FD 41 F3 16 95 40 00 E6 04 FA 5C 32 EB 2C 72 00 5A 08 46 00 2D 02 34 FA 04 7B 45 03 01 7D C8 78 D7 0C 3A 9B 00 04 31 0E D3 AA AA 
Time:	09:36:10,636
Send:	220001
Receive: 62 00 01 02 8D 00 AB 2F 1A 12 0F 01 1E 01 1E 00 00 01 BF 00 E7 80 24 4C 1E 88 5D 41 F3 16 95 40 00 E6 04 FA 5C 35 93 2C 72 00 5A 08 46 00 2D 02 34 FA 11 7B 45 03 01 7D C8 78 D7 0C 3A 9B 00 04 03 0E B5 AA AA 
Time:	09:36:11,025
Send:	220001
Receive: 62 00 01 02 8D 00 AB 2B F6 11 FA 01 26 01 14 00 00 01 C3 00 D7 80 24 4C 1E 8C 9D 41 F3 16 95 40 00 E6 04 FA 5C 39 FD 2C 72 00 5A 08 46 00 2D 02 34 FA 3A 7B 45 03 01 7D E8 78 D7 0C 3A 9B 00 04 13 0F 05 AA AA 
Time:	09:36:11,416
Send:	220001
Receive: 62 00 01 02 8D 00 AB 28 EE 10 EF 00 00 00 FE 00 00 01 F2 00 DF 80 20 4C 19 7F FD 41 F3 16 93 F2 00 E6 03 D7 5C 00 00 2C 72 00 5A 08 58 00 2D 02 39 FA 54 7B 45 03 03 29 E9 78 D7 0C 3A 9B 00 04 94 0F 6B AA AA 
Time:	09:36:11,816
Send:	220001
Receive: 62 00 01 02 8D 00 AB 24 48 0E ED 00 00 00 C9 00 00 02 4D 00 E1 80 1F 4C 16 7F FD 41 F3 16 8F B0 00 E6 03 D7 5D 00 00 2C 72 00 5A 08 9D 00 2D 02 4B FA 67 7B 45 03 07 29 E9 78 D7 0C 3A 9B 00 05 5C 0F 5D AA AA 
Time:	09:36:12,205
Send:	220001
Receive: 62 00 01 02 8C 00 AB 1B 58 0C EF 00 00 00 95 00 00 01 FF 00 8D 80 1D 4C 16 7F FD 41 F3 16 8E 8E 00 E6 00 00 5D 00 00 2C 72 00 5A 09 1F 00 2D 02 6E FB F0 7B 45 03 07 29 E9 78 D7 0C 3A 9B 00 04 A4 10 6B AA AA 
Time:	09:36:12,585
Send:	220001

Fixed toLineMF: 03E 62 00 01 02 8A 00 AB 13 3C 09 0F 01 BB 00 92 00 00 02 4A 00 67 78 1D 4C 16 7F FD 41 F3 16 86 F0 00 E6 00 00 5D 00 00 2C 72 00 5A 09 2E 00 2D 02 A2 FF 95 7B 45 03 07 00 05 75 14 F8 AA AA 
Receive: 62 00 01 02 8A 00 AB 13 3C 09 0F 01 BB 00 92 00 00 02 4A 00 67 78 1D 4C 16 7F FD 41 F3 16 86 F0 00 E6 00 00 5D 00 00 2C 72 00 5A 09 2E 00 2D 02 A2 FF 95 7B 45 03 07 00 05 75 14 F8 AA AA 

Fixed toLineMF: 03E 62 00 01 02 8A 00 AB 13 3C 09 0F 01 BB 00 92 00 00 02 4A 00 67 78 1D 4C 16 7F FD 41 F3 16 86 F0 00 E6 00 00 5D 00 00 2C 72 00 5A 09 2E 00 2D 02 A2 FF 95 7B 45 03 07 00 05 75 14 F8 AA AA 
Time:	09:36:12,971
Send:	220001
Receive: 62 00 01 02 88 00 AB 11 52 07 FC 02 00 00 9F 00 00 03 4A 00 9F 78 1E 4C 18 7F FD 41 F3 16 86 44 00 E6 00 00 5D 00 00 2C 72 00 5A 09 2F 00 2D 03 34 FF 39 7B 45 03 07 B9 E8 78 D7 0C 3A 9B 00 07 8F 1A 10 AA AA 
Time:	09:36:13,348
Send:	220001
Receive: 62 00 01 02 8C 00 AB 10 9C 06 03 01 F2 00 A1 00 00 03 54 00 96 78 9C 4C B1 7E 1D 41 F3 16 86 0F 00 E6 02 D8 5E 00 00 2C 72 00 5A 09 30 00 2D 02 EC FF A7 7B 45 03 07 F9 E8 78 D7 0C 3A 9B 00 07 BA 1A 88 AA AA 
Time:	09:36:13,727
Send:	220001
Receive: 62 00 01 02 8C 00 AB 0F F2 05 01 02 11 00 AB 00 00 03 A9 00 A3 77 C4 4C BC 7C 1D 41 F3 16 84 78 00 E6 02 D8 5E 00 00 2C 72 00 5A 09 32 00 2D 02 E4 01 31 7B 45 03 03 F9 E0 78 D7 0C 3A 9B 00 08 7E 1C 26 AA AA 
Time:	09:36:14,133
Send:	220001
Receive: 62 00 01 02 8C 00 AB 0F 90 05 FE 02 10 00 A9 00 00 03 D0 00 A4 79 C7 4C BB 79 DD 41 F3 16 83 7D 00 E6 02 C5 5E 00 00 2C 72 00 5A 09 33 00 2D 02 E5 01 88 7B 45 03 03 F9 C0 78 D7 0C 3A 9B 00 08 C5 1C DE AA AA 
Time:	09:36:14,535
Send:	220001
Receive: 62 00 01 02 8D 00 AB 0E F6 05 05 02 04 00 A1 00 00 03 DB 00 A3 7C C6 4C B7 77 9D 41 F3 16 83 3D 00 E6 02 C5 5F 00 00 2C 72 00 5A 09 34 00 2D 02 D5 FF EB 7B 45 03 05 F9 C0 78 D7 0C 3A 9B 00 08 D6 1D 06 AA AA 
Time:	09:36:14,927
Send:	220001
Receive: 62 00 01 02 8C 00 AB 0E A8 05 03 01 FD 00 9C 00 00 03 D9 00 9E 7D C4 4C B3 75 7D 41 F3 16 83 46 00 E6 02 C5 5F 00 00 2C 72 00 5A 09 35 00 2D 02 BF FF FE 7B 45 03 05 F9 C0 78 D7 0C 3A 9B 00 08 D9 1D 31 AA AA 
Time:	09:36:15,317
Send:	220001
Receive: 62 00 01 02 8D 00 AB 10 C6 05 FE 02 CC 01 2F 1D EB 05 CC 01 35 7F C1 4C B0 72 7D 41 F3 16 86 C4 00 E6 02 65 5F 18 60 2C 72 00 5A 09 36 00 2D 02 BA 00 00 7B 45 03 05 7C CA 78 D7 0C 3A 9B 00 0D BC 27 C8 AA AA 
Time:	09:36:15,735
Send:	220001
Receive: 62 00 01 02 8D 00 AB 15 68 05 0E 02 A7 01 37 1D 85 05 7C 01 4F 80 BA 4C A2 6E 9D 41 F3 16 87 EB 00 E6 02 65 5F 19 41 2C 72 00 5A 09 37 00 2D 02 BA FD 4E 7B 45 03 05 7C C2 78 D7 0C 3A 9B 00 0C 5D 22 FC AA AA 
Time:	09:36:16,126
Send:	220001
Receive: 62 00 01 02 8C 00 AB 14 AC 07 15 02 83 01 37 1D 85 05 4D 01 2C 80 29 4C 24 71 FD 41 F3 16 85 EC 00 E6 04 A6 5F 1B 08 2C 72 00 5A 09 37 00 2D 02 BA FD F0 7B 45 03 05 7C C2 78 D7 0C 3A 9B 00 0C 2D 24 C8 AA AA 
Time:	09:36:16,536
Send:	220001
Receive: 62 00 01 02 8D 00 AB 15 AA 08 10 03 35 01 75 24 FF 06 27 01 94 80 28 4C 24 75 DD 41 F3 16 8A 32 00 E6 04 A6 5F 1C CA 2C 72 00 5A 09 37 00 2D 02 BB FD 12 7B 45 03 05 7C C2 78 D7 0C 3A 9B 00 0D DA 26 2D AA AA 
Time:	09:36:16,926
Send:	220001
Receive: 62 00 01 02 8D 00 AB 1A 04 09 24 02 CE 01 AC 24 FF 05 B1 01 AE 80 A7 4C 96 70 7D 41 F3 16 8C D4 00 E6 04 A6 5F 1D B0 2C 72 00 5A 09 22 00 2D 02 B4 FC A6 7B 45 03 05 7C C2 78 D7 0C 3A 9B 00 0C E8 25 6C AA AA 
Time:	09:36:17,304
Send:	220001
Receive: 62 00 01 02 8D 00 AC 1D 16 0B 25 03 2E 01 EA 24 94 05 DA 01 EB 80 26 4C 21 76 DD 41 F3 16 8F 05 00 E6 06 66 5F 1F 72 2C 72 00 5A 08 F7 00 2D 02 A7 FC B5 7B 45 03 05 7C C2 78 D7 0C 3A 9B 00 0D 86 25 27 AA AA 
Time:	09:36:17,707
Send:	220001
Receive: 62 00 01 02 8D 00 AC 20 7C 0C 25 03 40 01 D4 21 A8 06 22 02 3F 80 B8 4C B7 74 7D 41 F3 16 91 B9 00 E6 06 66 5F 20 58 2C 72 00 5A 08 C7 00 2D 02 99 FC C7 7B 45 03 05 7C C2 78 D7 0C 3A 9B 00 0D DF 22 F8 AA AA 
Time:	09:36:18,114
Send:	220001
Receive: 62 00 01 02 8D 00 AC 23 B4 0D 2A 02 6E 01 9D 1A 99 04 E6 01 FB 80 C5 4C BB 6E BD 41 F3 16 93 FC 00 E6 07 61 5F 21 39 2C 72 00 5A 08 9D 00 2D 02 8D FC D6 7B 45 03 05 7C C0 78 D7 0C 3A 9B 00 0B 17 1C E5 AA AA 
Time:	09:36:18,515
Send:	220001
Receive: 62 00 01 02 8D 00 AC 26 04 0E 2C 01 94 01 2B 06 05 03 85 01 7C 80 B1 4C 7A 69 7D 41 F3 16 92 6A 00 E6 07 61 5E 22 FB 2C 72 00 5A 08 7F 00 2D 02 84 FC E1 7B 45 03 05 7C C0 78 D7 0C 3A 9B 00 07 9D 15 BF AA AA 
Time:	09:36:18,894
Send:	220001
Receive: 62 00 01 02 8D 00 AC 24 8E 0E 2A 00 E3 00 9C 00 00 01 C9 00 BC 80 24 4C 1F 6E 3D 41 F3 16 91 66 00 E6 07 61 5E 24 C2 2C 72 00 5A 08 8E 00 2D 02 88 FA 65 7B 45 03 05 7D C8 78 D7 0C 3A 9B 00 03 EF 0D 14 AA AA 
Time:	09:36:19,295
Send:	220001

Fixed toLineMF: 03E 62 00 01 02 8D 00 AC 23 2A 0D 15 01 1E 00 BA 00 00 02 1B 00 CA 80 25 4C 20 71 9D 41 F3 16 8F C4 00 E6 02 22 5E 28 4B 2C 72 00 5A 08 AE 00 2D 02 7D C8 78 D7 0C 3A 9B 00 04 E8 0E 7A AA AA 
Receive: 62 00 01 02 8D 00 AC 23 2A 0D 15 01 1E 00 BA 00 00 02 1B 00 CA 80 25 4C 20 71 9D 41 F3 16 8F C4 00 E6 02 22 5E 28 4B 2C 72 00 5A 08 AE 00 2D 02 7D C8 78 D7 0C 3A 9B 00 04 E8 0E 7A AA AA 

Fixed toLineMF: 03E 62 00 01 02 8D 00 AC 23 2A 0D 15 01 1E 00 BA 00 00 02 1B 00 CA 80 25 4C 20 71 9D 41 F3 16 8F C4 00 E6 02 22 5E 28 4B 2C 72 00 5A 08 AE 00 2D 02 7D C8 78 D7 0C 3A 9B 00 04 E8 0E 7A AA AA 
Time:	09:36:19,684
Send:	220001
Receive: 62 00 01 02 8D 00 AC 22 42 0D 15 01 21 00 B8 00 00 02 24 00 C9 80 B0 4C AF 6F BD 41 F3 16 8F 82 00 E6 02 22 5E 2B D4 2C 72 00 5A 08 B3 00 2D 02 93 FA 70 7B 45 03 05 7D C8 78 D7 0C 3A 9B 00 04 F7 0E 80 AA AA 
Time:	09:36:20,087
Send:	220001
Receive: 62 00 01 02 8D 00 AC 20 42 0C 14 01 0E 00 A9 01 A8 02 1E 00 BF 80 BB 4C AB 6C DD 41 F3 16 8F 2D 00 E6 02 48 5E 2F 62 2C 72 00 5A 08 CB 00 2D 02 9A FA 8F 7B 45 03 05 7D C8 78 D7 0C 3A 9B 00 04 DA 0E 5F AA AA 
Time:	09:36:20,520
Send:	220001
Receive: 62 00 01 02 8D 00 AC 1E 38 0B 24 01 9F 01 3C 0E F5 03 24 01 11 80 24 4C 1F 70 7D 41 F3 16 8E 0D 00 E6 02 48 5E 34 AD 2C 72 00 5A 08 E4 00 2D 02 A2 FC BC 7B 45 03 05 7C C8 78 D7 0C 3A 9B 00 07 B9 15 27 AA AA 
Time:	09:36:20,937
Send:	220001
Receive: 62 00 01 02 8D 00 AC 1D 6A 0B 2B 01 C4 01 3E 11 0A 03 95 01 22 80 9A 4C 98 70 7D 41 F3 16 8E 30 00 E6 02 48 5E 37 55 2C 72 00 5A 08 FC 00 2D 02 A9 FC B3 7B 45 03 01 7C C0 78 D7 0C 3A 9B 00 08 87 18 C5 AA AA 
Time:	09:36:21,328
Send:	220001

Fixed toLineMF: 03E 62 00 01 02 8D 00 AC 20 E6 0C 2B 02 0D 01 4B 0F C7 04 02 01 73 80 85 4C 77 74 DD 41 F3 16 90 C7 00 E6 04 B1 5E 3A E3 2C 72 00 5A 08 C1 00 2D 02 7C C0 78 D7 0C 3A 9B 00 09 09 18 53 AA AA 
Receive: 62 00 01 02 8D 00 AC 20 E6 0C 2B 02 0D 01 4B 0F C7 04 02 01 73 80 85 4C 77 74 DD 41 F3 16 90 C7 00 E6 04 B1 5E 3A E3 2C 72 00 5A 08 C1 00 2D 02 7C C0 78 D7 0C 3A 9B 00 09 09 18 53 AA AA 

Fixed toLineMF: 03E 62 00 01 02 8D 00 AC 20 E6 0C 2B 02 0D 01 4B 0F C7 04 02 01 73 80 85 4C 77 74 DD 41 F3 16 90 C7 00 E6 04 B1 5E 3A E3 2C 72 00 5A 08 C1 00 2D 02 7C C0 78 D7 0C 3A 9B 00 09 09 18 53 AA AA 
Time:	09:36:21,710
Send:	220001
Receive: 62 00 01 02 8D 00 AC 21 3C 0C 2C 01 CA 01 32 0D 4C 03 A8 01 61 80 52 4C 2D 71 DD 41 F3 16 90 D6 00 E6 04 B1 5E 3D 86 2C 72 00 5A 08 B9 00 2D 02 95 FC CC 7B 45 03 01 7C C0 78 D7 0C 3A 9B 00 08 51 16 48 AA AA 
Time:	09:36:22,127
Send:	220001
Receive: 62 00 01 02 8D 00 AC 21 76 0D 2C 01 B6 01 32 15 9E 03 9E 01 5C 80 BC 4C B3 6D 3D 41 F3 16 90 99 00 E6 04 90 5E 41 F5 2C 72 00 5A 08 BB 00 2D 02 96 FC CB 7B 45 03 01 7C C0 78 D7 0C 3A 9B 00 08 4A 16 3B AA AA 
Time:	09:36:22,525
Send:	220001
Receive: 62 00 01 02 8D 00 AC 22 E0 0D 2B 02 1C 01 82 18 19 04 69 01 B5 80 B7 4C A7 68 9D 41 F3 16 93 38 00 E6 04 90 5E 44 9D 2C 72 00 5A 08 AA 00 2D 02 91 FC D2 7B 45 03 01 7C C0 78 D7 0C 3A 9B 00 0A 26 1A 8D AA AA 
Time:	09:36:22,944
Send:	220001
Receive: 62 00 01 02 8D 00 AC 24 AA 0E 2B 02 0C 01 91 18 19 04 5E 01 C3 80 2C 4C 25 69 7D 41 F3 16 94 17 00 E6 04 90 5E 48 26 2C 72 00 5A 08 92 00 2D 02 89 FC DA 7B 45 03 01 7C C0 78 D7 0C 3A 9B 00 09 CF 1A 8E AA AA 
Time:	09:36:23,335
Send:	220001
Receive: 62 00 01 02 8D 00 AC 26 7C 0E 2B 01 F4 01 A5 16 DC 04 12 01 BF 80 26 4C 21 6E 9D 41 F3 16 94 6D 00 E6 05 DD 5E 4A CE 2C 72 00 5A 08 7B 00 2D 02 83 FC E3 7B 45 03 01 7C C0 78 D7 0C 3A 9B 00 09 40 1A 24 AA AA 
Time:	09:36:23,735
Send:	220001
Receive: 62 00 01 02 8D 00 AC 28 A0 0F 2C 02 76 02 1C 1D EB 04 B6 02 1D 80 25 4C 20 74 3D 41 F3 16 95 1F 00 E6 05 DD 5E 4D 76 2C 72 00 5A 08 5F 00 2D 02 7A FC ED 7B 45 03 01 7C C0 78 D7 0C 3A 9B 00 0A F3 1F 25 AA AA 
Time:	09:36:24,136
Send:	220001
Receive: 62 00 01 02 8D 00 AC 2A 52 10 2C 02 29 01 F4 16 A8 04 28 01 F2 80 24 4C 1E 7A 1D 41 F3 16 95 71 00 E6 06 F9 5E 50 1E 2C 72 00 5A 08 4D 00 2D 02 75 FC F4 7B 45 03 01 7C C0 78 D7 0C 3A 9B 00 09 4D 1B 68 AA AA 
Time:	09:36:24,536
Send:	220001
Receive: 62 00 01 02 8D 00 AD 2B 82 11 2D 02 0A 01 EA 15 33 03 C7 01 D1 80 24 4C 1E 7F BD 41 F3 16 95 8C 00 E6 06 F9 5E 53 A7 2C 72 00 5A 08 4C 00 2D 02 75 FC F4 7B 45 03 01 7C C0 78 D7 0C 3A 9B 00 08 AC 19 CA AA AA 
Time:	09:36:24,920
Send:	220001
Receive: 62 00 01 02 8D 00 AD 2C E8 11 2E 02 16 01 E8 14 5C 03 AF 01 D6 80 25 4C 1E 85 5D 41 F3 16 95 CE 00 E6 06 F9 5E 57 30 2C 72 00 5A 08 4B 00 2D 02 74 FC F4 7B 45 03 01 7C C0 78 D7 0C 3A 9B 00 08 79 19 35 AA AA 
Time:	09:36:25,317
Send:	220001
Receive: 62 00 01 02 8D 00 AD 2E 7A 11 2E 02 3A 01 F2 14 5C 03 BC 01 EA 80 27 4C 22 8B 1D 41 F3 16 96 52 00 E6 07 AE 5D 5A B9 2C 72 00 5A 08 4A 00 2D 02 74 FC F5 7B 45 03 01 7C C0 78 D7 0C 3A 9B 00 08 96 19 5E AA AA 
Time:	09:36:25,708
Send:	220001
Receive: 62 00 01 02 8D 00 AD 2E D4 12 16 01 1A 00 AE 00 00 01 FE 01 06 80 9C 4C A0 8B 9D 41 F3 16 95 40 00 E6 07 AE 5D 5C 80 2C 72 00 5A 08 49 00 2D 02 74 FA 13 7B 45 03 05 7D C8 78 D7 0C 3A 9B 00 04 09 0E CD AA AA 
Time:	09:36:26,096
Send:	220001
Receive: 62 00 01 02 8D 00 AD 29 A2 12 34 01 1B 00 F9 00 00 01 CA 00 CE 80 23 4C 1D 90 5D 41 F3 16 94 32 00 E6 02 E8 5D 52 C6 2C 72 00 5A 08 56 00 2D 02 78 FA 4F 7B 45 03 05 7D C8 78 D7 0C 3A 9B 00 04 2C 0E 91 AA AA 
Time:	09:36:26,489
Send:	220001
Receive: 62 00 01 02 8D 00 AD 26 40 12 33 01 61 01 08 1C E1 02 2D 00 E7 80 3C 4C 30 94 1C 41 F3 16 91 95 00 E6 02 E8 5D 56 4F 2C 72 00 5A 08 7C 00 2D 02 83 FC E2 7B 45 03 05 FC C8 78 D7 0C 3A 9B 00 04 C6 0E C6 AA AA 
Time:	09:36:26,866
Send:	220001
Receive: 62 00 01 02 8D 00 AD 28 5A 11 26 03 7C 02 94 25 D1 06 21 02 D5 80 C3 4C BF 8D 7D 41 F3 16 96 78 00 E6 02 E8 5D ED 99 2C 72 00 5A 08 55 00 2D 02 78 FC F1 7B 45 03 05 7C C2 78 D7 0C 3A 9B 00 0D F8 25 A2 AA AA 
Time:	09:36:27,256
Send:	220001
Receive: 62 00 01 02 8D 00 AD 2C 24 12 28 03 39 02 7B 23 1E 05 BA 02 CB 80 28 4C 22 92 BD 41 F3 16 95 B8 00 E6 0C CC 5D E5 A6 2C 72 00 5A 08 48 00 2D 02 74 FC F5 7B 45 03 05 FC C2 78 D7 0C 3A 9B 00 0D 05 23 8D AA AA 
Time:	09:36:27,647
Send:	220001
Receive: 62 00 01 02 8D 00 AD 28 B2 13 27 03 E1 02 6C 24 28 06 17 02 A4 80 5D 4C 82 99 7C 41 F3 16 95 66 00 E6 0C CC 5D D5 B6 2C 72 00 5A 08 60 00 2D 02 7B FC ED 7B 45 03 05 FC C2 78 D7 0C 3A 9B 00 0E FF 26 66 AA AA 
Time:	09:36:28,036
Send:	220001
Receive: 62 00 01 02 8D 00 AD 1F 86 15 24 03 46 01 CF 23 BD 05 E4 01 ED 80 CB 4C C5 91 5D 41 F3 16 8E F1 00 E6 0C CC 5D A0 A0 2C 72 00 5A 08 E1 00 2D 02 A1 FC BD 7B 45 03 05 FC C2 78 D7 0C 3A 9B 00 0D CE 24 EA AA AA 
Time:	09:36:28,425
Send:	220001
Receive: 62 00 01 02 8D 00 AD 1F E2 16 23 03 8F 01 F9 29 FA 06 8E 02 53 80 CA 4C BF 8B DD 41 F3 16 91 14 00 E6 08 88 5D C1 5C 2C 72 00 5A 08 CA 00 2D 02 9A FC C6 7B 45 03 05 FC C2 78 D7 0C 3A 9B 00 0F 44 25 C6 AA AA 
Time:	09:36:28,835
Send:	220001
Receive: 62 00 01 02 8D 00 AD 21 66 17 24 03 62 01 F4 29 FA 06 9E 02 74 80 CA 4C BE 86 1D 41 F3 16 92 02 00 E6 08 88 5C C9 54 2C 72 00 5A 08 B3 00 2D 02 93 FC CE 7B 45 03 05 FC C2 78 D7 0C 3A 9B 00 0F 24 25 69 AA AA 
Time:	09:36:29,227
Send:	220001
Receive: 62 00 01 02 8D 00 AD 22 D4 18 25 03 20 01 F9 29 FA 06 75 02 7B 80 C8 4C B9 7F FD 41 F3 16 93 28 00 E6 09 D7 5C D0 66 2C 72 00 5A 08 A0 00 2D 02 8E FC D5 7B 45 03 01 FC C2 78 D7 0C 3A 9B 00 0E B4 24 69 AA AA 
Time:	09:36:29,627
Send:	220001
Receive: 62 00 01 02 8D 00 AD 24 1A 19 26 02 DA 01 F9 29 5C 06 35 02 83 80 C1 4C A9 79 FD 41 F3 16 94 1C 00 E6 09 D7 5C D4 D5 2C 72 00 5A 08 8F 00 2D 02 89 FC DB 7B 45 03 01 FC C2 78 D7 0C 3A 9B 00 0E 29 23 65 AA AA 
Time:	09:36:30,044
Send:	220001
Receive: 62 00 01 02 8D 00 AD 25 78 1A 27 02 F8 02 29 29 8F 06 51 02 9E 80 30 4C 24 7B DD 41 F3 16 94 A8 00 E6 09 D7 5C DE 8F 2C 72 FF 5A 08 7D 00 2D 02 83 FC E2 7B 45 03 01 FC C2 78 D7 0C 3A 9B 00 0E 91 24 CD AA AA 
Time:	09:36:30,435
Send:	220001
Receive: 62 00 01 02 8D 00 AD 26 A2 1B 28 03 00 02 3F 29 28 06 14 02 9A 80 2A 4C 23 82 1D 41 F3 16 95 0A 00 E6 09 99 5C E2 FE 2C 72 FF 5A 08 6F 00 2D 02 7F FC E7 7B 45 03 01 FC C2 78 D7 0C 3A 9B 00 0E 04 24 99 AA AA 
Time:	09:36:30,824
Send:	220001
Receive: 62 00 01 02 8D 00 AD 28 24 1C 28 03 29 02 5D 27 7A 06 0B 02 AD 80 29 4C 21 88 BD 41 F3 16 95 97 00 E6 09 99 5C E9 2F 2C 72 FF 5A 08 5B 00 2D 02 79 FC EF 7B 45 03 01 FC C2 78 D7 0C 3A 9B 00 0D D4 25 3C AA AA 
Time:	09:36:31,219
Send:	220001
Receive: NO DATA
Time:	09:36:31,518
Send:	220001
Receive: NO DATA
Time:	09:36:31,808
Send:	220001
Receive: NO DATA
Time:	09:36:32,091
Send:	220001
Receive: NO DATA
Time:	09:36:32,375
Send:	220001
Receive: NO DATA
Time:	09:36:32,677
Send:	220001
Receive: NO DATA
Time:	09:36:32,962
Send:	220001
Receive: NO DATA
Time:	09:36:33,256
Send:	220001
Receive: 62 00 01 02 8D 00 AD 2E 3E 20 31 01 91 01 5F 00 00 02 8B 01 4C 80 B2 4C A8 97 9C 41 F3 16 95 3A 00 E6 06 66 5B 77 EC 2C 72 00 5A 08 40 00 2D 02 71 FA 21 7B 45 03 01 7D C8 78 D7 0C 3A 9B 00 05 8B 12 6F AA AA 
Time:	09:36:33,681
Send:	220001
Receive: NO DATA
Time:	09:36:33,968
Send:	220001
Receive: NO DATA
Time:	09:36:34,265
Send:	220001
Receive: NO DATA
Time:	09:36:34,563
Send:	220001
Receive: NO DATA
Time:	09:36:34,854
Send:	220001
Receive: NO DATA
Time:	09:36:35,148
Send:	220001
Receive: NO DATA
Time:	09:36:35,450
Send:	220001
Receive: NO DATA
Time:	09:36:35,735
Send:	220001
Receive: 62 00 01 02 8D 00 AE 28 B4 1C ED 00 00 00 FE 00 00 01 F9 00 E1 80 1F 4C 16 7F FD 41 F3 16 93 DC 00 E6 00 00 5C 00 00 2C 72 00 5A 08 54 00 2D 02 77 FA 57 7B 45 03 01 29 C9 78 D7 0C 3A 9B 00 04 9F 0F 67 AA AA 
Time:	09:36:36,137
Send:	220001
Receive: 62 00 01 02 8D 00 AE 27 5C 1B EF 00 00 00 E0 00 00 01 E9 00 D2 80 20 4C 16 7F FD 41 F3 16 92 B4 00 E6 00 00 5C 00 00 2C 72 00 5A 08 67 00 2D 02 7D FA 5B 7B 45 03 01 29 C9 78 D7 0C 3A 9B 00 04 7B 0E 7F AA AA 
Time:	09:36:36,550
Send:	220001
Receive: 62 00 01 02 8D 00 AE 26 1E 1B EE 00 00 00 DD 00 00 02 08 00 DA 80 1F 4C 16 7F FD 41 F3 16 91 E8 00 E6 00 00 5C 00 00 2C 72 00 5A 08 77 00 2D 02 82 FA 62 7B 45 03 01 29 C9 78 D7 0C 3A 9B 00 04 B7 0E C2 AA AA 
Time:	09:36:36,946
Send:	220001
Receive: 62 00 01 02 8D 00 AE 25 14 1A ED 00 00 00 DB 00 00 02 2B 00 E2 80 1F 4C 16 7F FD 41 F3 16 90 EB 00 E6 00 00 5C 00 00 2C 72 00 5A 08 85 00 2D 02 86 FA 66 7B 45 03 01 29 C9 78 D7 0C 3A 9B 00 05 14 0F 26 AA AA 
Time:	09:36:37,337
Send:	220001
Receive: 62 00 01 02 8D 00 AE 23 C0 19 ED 00 00 00 CE 00 00 02 3A 00 DF 80 1F 4C 16 7F FD 41 F3 16 90 10 00 E6 00 00 5C 00 00 2C 72 00 5A 08 98 00 2D 02 8B FA 6B 7B 45 03 01 29 C9 78 D7 0C 3A 9B 00 05 20 0F 18 AA AA 
Time:	09:36:37,735
Send:	220001
Receive: 62 00 01 02 8D 00 AE 22 A4 18 ED 00 00 00 C7 00 00 02 40 00 DB 80 20 4C 16 7F FD 41 F3 16 8F AB 00 E6 00 00 5D 00 00 2C 72 00 5A 08 A6 00 2D 02 90 FA 71 7B 45 03 01 29 C9 78 D7 0C 3A 9B 00 05 30 0F 12 AA AA 
Time:	09:36:38,119
Send:	220001
Receive: 62 00 01 02 8D 00 AE 21 5E 17 ED 00 00 00 B3 00 00 02 3C 00 D1 80 24 4C 16 7F FD 41 F3 16 8F 37 00 E6 00 00 5D 00 00 2C 72 00 5A 08 B9 00 2D 02 95 FA 74 7B 45 03 01 29 C9 78 D7 0C 3A 9B 00 05 27 0E E3 AA AA 
Time:	09:36:38,518
Send:	220001
Receive: 62 00 01 02 8D 00 AE 20 5C 16 ED 00 00 00 AB 00 00 02 2A 00 C4 80 20 4C 16 7F FD 41 F3 16 8F 0F 00 E6 00 00 5D 00 00 2C 72 00 5A 08 C7 00 2D 02 99 FA 91 7B 45 03 01 29 C9 78 D7 0C 3A 9B 00 04 FA 0E 9E AA AA 
Time:	09:36:38,906
Send:	220001
Receive: 62 00 01 02 8D 00 AE 1F 0C 16 ED 00 00 00 A4 00 00 02 12 00 B4 80 21 4C 16 7F FD 41 F3 16 8F 0A 00 E6 00 00 5D 00 00 2C 72 00 5A 08 DB 00 2D 02 9F FA DB 7B 45 03 01 29 C9 78 D7 0C 3A 9B 00 04 BC 0E 91 AA AA 
Time:	09:36:39,298
Send:	220001
Receive: 62 00 01 02 8D 00 AE 1D FA 15 EF 00 00 00 A1 00 00 01 F1 00 A2 80 21 4C 16 7F FD 41 F3 16 8E F1 00 E6 00 00 5D 00 00 2C 72 00 5A 08 E9 00 2D 02 A3 FB 12 7B 45 03 01 29 C9 78 D7 0C 3A 9B 00 04 62 0E B3 AA AA 
Time:	09:36:39,716
Send:	220001
Receive: NO DATA
Time:	09:36:40,007
Send:	220001
Receive: NO DATA
Time:	09:36:40,286
Send:	220001
Receive: NO DATA
Time:	09:36:40,572
Send:	220001
Receive: NO DATA
Time:	09:36:40,855
Send:	220001
Receive: NO DATA
Time:	09:36:41,159
Send:	220001
Receive: NO DATA
Time:	09:36:41,446
Send:	220001
Receive: NO DATA
Time:	09:36:41,748
Send:	220001
Receive: 62 00 01 02 8D 00 AE 15 BE 0F EC 00 00 00 8D 09 8F 02 79 00 95 80 21 4C 16 7F FD 41 F3 16 8B 05 00 E6 00 00 5F 00 00 2C 72 00 5A 09 34 00 2D 02 B9 FD 67 7B 45 03 01 28 C9 78 D7 0C 3A 9B 00 05 97 13 19 AA AA 
Time:	09:36:42,142
Send:	220001
Receive: NO DATA
Time:	09:36:42,449
Send:	220001
Receive: NO DATA
Time:	09:36:42,725
Send:	220001
Receive: NO DATA
Time:	09:36:43,007
Send:	220001
Receive: NO DATA
Time:	09:36:43,301
Send:	220001
Receive: NO DATA
Time:	09:36:43,594
Send:	220001
Receive: NO DATA
Time:	09:36:43,900
Send:	220001
Receive: NO DATA
Time:	09:36:44,192
Send:	220001
Receive: 62 00 01 02 8D 00 AE 1C 12 13 20 03 AB 02 49 30 38 06 F4 02 2E 7D 2A 4C 21 74 BD 41 F3 16 8E 12 00 E6 08 00 5E 22 1A 2C 72 00 5A 09 06 00 2D 02 AC FC B0 7B 45 03 01 7C C2 78 D7 0C 3A 9B 00 10 1A 2C 92 AA AA 
Time:	09:36:44,579
Send:	220001
Receive: 62 00 01 02 8D 00 AE 1E 8C 15 20 04 44 02 62 30 A3 07 AA 02 A8 7F 2F 4C 29 7A 5D 41 F3 16 90 3D 00 E6 08 00 5E 22 FB 2C 72 00 5A 08 DC 00 2D 02 9F FC BF 7B 45 03 01 7C C2 78 D7 0C 3A 9B 00 11 98 2C 10 AA AA 
Time:	09:36:44,988
Send:	220001
Receive: 62 00 01 02 8D 00 AE 20 02 16 20 04 07 02 53 2F 61 07 A1 02 B2 80 BF 4C B5 73 FD 41 F3 16 90 F0 00 E6 08 00 5D 23 E1 2C 72 00 5A 08 CC 00 2D 02 9B FC C5 7B 45 03 01 7C C2 78 D7 0C 3A 9B 00 11 81 2A E6 AA AA 
Time:	09:36:45,406
Send:	220001
Receive: 62 00 01 02 8D 00 AE 22 08 17 24 03 4A 02 03 2A 66 06 98 02 81 80 C8 4C BB 6D DD 41 F3 16 92 AE 00 E6 0A 82 5D 22 FB 2C 72 00 5A 08 AB 00 2D 02 91 FC D1 7B 45 03 01 7C C2 78 D7 0C 3A 9B 00 0F 02 25 26 AA AA 
Time:	09:36:45,798
Send:	220001
Receive: 62 00 01 02 8D 00 AE 22 EC 18 28 02 3A 01 64 11 DC 04 EB 01 EB 80 C8 4C B7 68 1D 41 F3 16 93 22 00 E6 0A 82 5D 23 E1 2C 72 00 5A 08 A2 00 2D 02 8E FC D4 7B 45 03 01 7C C2 78 D7 0C 3A 9B 00 0B 43 1D 06 AA AA 
Time:	09:36:46,196
Send:	220001
Receive: 62 00 01 02 8D 00 AD 23 88 19 1C 01 7E 01 25 00 00 03 70 01 5D 80 AD 4C 31 63 5D 41 F3 16 90 4D 00 E6 04 6E 5C 25 A3 2C 72 00 5A 08 97 00 2D 02 8B FA 6B 7B 45 03 01 7D C8 78 D7 0C 3A 9B 00 07 CB 15 43 AA AA 
Time:	09:36:46,587
Send:	220001
Receive: 62 00 01 02 8D 00 AD 23 38 18 1E 01 6F 01 08 02 7A 03 0E 01 2E 80 2D 4C 27 68 DD 41 F3 16 8F CE 00 E6 04 6E 5C 27 6A 2C 72 00 5A 08 9C 00 2D 02 8C FA 6D 7B 45 03 01 7D C8 78 D7 0C 3A 9B 00 06 F2 13 5D AA AA 
Time:	09:36:46,996
Send:	220001
Receive: 62 00 01 02 8D 00 AD 23 0A 18 2B 02 31 01 A2 1A 99 04 45 01 A5 80 A0 4C 9A 68 FD 41 F3 16 93 28 00 E6 04 6E 5C 29 31 2C 72 00 5A 08 9E 00 2D 02 8D FC D6 7B 45 03 01 7C C0 78 D7 0C 3A 9B 00 09 D3 19 CF AA AA 
Time:	09:36:47,378
Send:	220001
Receive: 62 00 01 02 8D 00 AD 23 5A 19 1D 01 FD 01 4D 00 00 04 49 01 AE 80 C0 4C B2 63 DD 41 F3 16 93 47 00 E6 05 E6 5C 2A F3 2C 72 00 5A 08 99 00 2D 02 8C FA 6F 7B 45 03 01 7D C8 78 D7 0C 3A 9B 00 0A 1F 1A 71 AA AA 
Time:	09:36:47,776
Send:	220001
Receive: 62 00 01 02 8D 00 AD 23 48 18 1A 01 8F 01 28 00 00 03 85 01 61 80 AD 4C 48 60 7E 41 F3 16 90 9E 00 E6 05 E6 5C 2B D4 2C 72 00 5A 08 9A 00 2D 02 8C FA 6E 7B 45 03 01 7D C8 78 D7 0C 3A 9B 00 07 D3 15 44 AA AA 
Time:	09:36:48,168
Send:	220001
Receive: 62 00 01 02 8D 00 AD 22 F6 18 1C 01 65 00 FB 00 00 03 01 01 28 80 2E 4C 27 67 7D 41 F3 16 8F 8C 00 E6 03 EE 5C 2F 62 2C 72 00 5A 08 9F 00 2D 02 8D FA 70 7B 45 03 01 7D C8 78 D7 0C 3A 9B 00 06 E6 13 34 AA AA 
Time:	09:36:48,568
Send:	220001
Receive: 62 00 01 02 8D 00 AD 22 A0 18 2F 01 40 00 D3 00 00 02 9D 00 FF 80 61 4C 5D 6A 3D 41 F3 16 8F 5A 00 E6 03 EE 5C 31 24 2C 72 00 5A 08 A2 00 2D 02 8E FA 71 7B 45 03 01 7D C8 78 D7 0C 3A 9B 00 05 E4 10 B8 AA AA 
Time:	09:36:49,000
Send:	220001
Receive: 62 00 01 02 8D 00 AD 21 D0 17 1B 01 23 00 C4 00 00 02 71 00 EB 80 AC 4C 51 63 1D 41 F3 16 8F 2D 00 E6 03 EE 5C 36 74 2C 72 00 5A 08 AD 00 2D 02 92 FA 74 7B 45 03 01 7D C8 78 D7 0C 3A 9B 00 05 96 0F E2 AA AA 
Time:	09:36:49,396
Send:	220001
Receive: 62 00 01 02 8D 00 AD 21 0E 17 15 01 0B 00 A4 00 00 02 33 00 CB 80 2A 4C 22 66 9D 41 F3 16 8F 32 00 E6 02 F3 5C 3A E3 2C 72 00 5A 08 B9 00 2D 02 95 FA 79 7B 45 03 01 7D C8 78 D7 0C 3A 9B 00 05 05 0E 93 AA AA 
Time:	09:36:49,787
Send:	220001
Receive: 62 00 01 02 8D 00 AD 20 02 16 0A 00 F8 00 9F 00 00 02 17 00 BA 80 27 4C 1E 69 7D 41 F3 16 8F 2D 00 E6 02 F3 5C 41 F5 2C 72 00 5A 08 C9 00 2D 02 9A FA A7 7B 45 03 01 7D C8 78 D7 0C 3A 9B 00 04 D5 0E 59 AA AA 
Time:	09:36:50,186
Send:	220001
Receive: 62 00 01 02 8D 00 AD 1E AE 15 02 00 EF 00 95 00 00 01 FC 00 AC 80 26 4C 1D 6C 3D 41 F3 16 8F 23 00 E6 02 48 5D 41 14 2C 72 00 5A 08 DC 00 2D 02 9F FA F0 7B 45 03 01 7D C8 78 D7 0C 3A 9B 00 04 92 0E 3F AA AA 
Time:	09:36:50,576
Send:	220001
Receive: 62 00 01 02 8B 00 AD 1D 70 14 F6 00 E3 00 95 00 00 01 D8 00 96 80 25 4C 1C 6E BD 41 F3 16 8E E2 00 E6 02 48 5D 3D 86 2C 72 00 5A 08 EF 00 2D 02 A5 FB 34 7B 45 03 03 7D E8 78 D7 0C 3A 9B 00 04 27 0E AB AA AA 
Time:	09:36:50,958
Send:	220001
Receive: 62 00 01 02 8C 00 AD 1B E4 13 F1 01 13 00 97 00 00 01 B3 00 83 80 26 4C 1D 7F FD 41 F3 16 8E BA 00 E6 02 48 5D 00 00 2C 72 00 5A 09 07 00 2D 02 AC FB 91 7B 45 03 03 29 E9 78 D7 0C 3A 9B 00 04 28 0F 6E AA AA 
Time:	09:36:51,336
Send:	220001
Receive: 62 00 01 02 8C 00 AD 18 EA 11 ED 00 00 00 9A 00 00 02 24 00 8C 80 22 4C 19 7F FD 41 F3 16 8D D7 00 E6 00 00 5D 00 00 2C 72 00 5A 09 2E 00 2D 02 B8 FC 63 7B 45 03 07 29 E9 78 D7 0C 3A 9B 00 05 33 11 83 AA AA 
Time:	09:36:51,716
Send:	220001
Receive: 62 00 01 02 85 00 AD 12 62 10 17 01 D5 00 BD 00 00 02 A1 00 7B 78 20 4C 18 7F FD 41 F3 16 87 52 00 E6 00 00 5D 00 00 2C 72 00 5A 09 2F 00 2D 03 14 FF 84 7B 45 03 07 A9 E8 78 D7 0C 3A 9B 00 06 37 16 E4 AA AA 
Time:	09:36:52,098
Send:	220001
Receive: 62 00 01 02 87 00 AD 11 EC 0E FF 02 01 00 B8 00 00 03 54 00 A5 7B 28 4C 2B 80 FD 41 F3 16 86 37 00 E6 02 F3 5E 00 00 2C 72 00 5A 09 30 00 2D 02 C1 FF 23 7B 45 03 07 B9 E8 78 D7 0C 3A 9B 00 07 AA 1A 49 AA AA 
Time:	09:36:52,477
Send:	220001
Receive: 62 00 01 02 8C 00 AD 10 5A 0D FE 02 21 00 B3 00 00 03 A6 00 A3 75 BF 4C B6 7C 7D 41 F3 16 84 84 00 E6 02 F3 5E 00 00 2C 72 00 5A 09 32 00 2D 02 3C FF B2 7B 45 03 07 F9 E0 78 D7 0C 3A 9B 00 08 82 1C 2D AA AA 
Time:	09:36:52,882
Send:	220001

Fixed toLineMF: 03E 62 00 01 02 8D 00 AD 0F 6C 0C FD 02 12 A3 79 C7 4C BA 7A 3D 41 F3 16 83 81 00 E6 02 F3 5E 00 00 2C 72 00 5A 09 32 00 2D 02 04 FF E0 7B 45 03 03 F9 E0 78 D7 0C 3A 9B 00 08 C5 1C CD AA AA 
Receive: 62 00 01 02 8D 00 AD 0F 6C 0C FD 02 12 A3 79 C7 4C BA 7A 3D 41 F3 16 83 81 00 E6 02 F3 5E 00 00 2C 72 00 5A 09 32 00 2D 02 04 FF E0 7B 45 03 03 F9 E0 78 D7 0C 3A 9B 00 08 C5 1C CD AA AA 

Fixed toLineMF: 03E 62 00 01 02 8D 00 AD 0F 6C 0C FD 02 12 A3 79 C7 4C BA 7A 3D 41 F3 16 83 81 00 E6 02 F3 5E 00 00 2C 72 00 5A 09 32 00 2D 02 04 FF E0 7B 45 03 03 F9 E0 78 D7 0C 3A 9B 00 08 C5 1C CD AA AA 
Time:	09:36:53,290
Send:	220001
Receive: 62 00 01 02 8D 00 AD 11 2A 0C F1 0A 9F 07 E2 FF FF 0D 9E 02 E9 5E C6 4C AE 7F FD 41 F3 16 8B A1 00 E6 02 AE 5E A9 79 2C 72 00 5A 09 34 00 2D 01 F7 00 00 7B 45 03 01 3C CA 78 D7 0C 3A 9B 00 1F 2C 3F 46 AA AA 
Time:	09:36:53,706
Send:	220001

Fixed toLineMF: 03E 62 00 01 02 8D 00 AD 2F 8E 0C 0A 03 DC 02 96 00 00 06 E0 03 D6 80 CB 4C BF 7C 5D 41 F3 16 92 E8 00 E6 00 5A 08 4E 00 2D 01 C6 00 00 7B 45 03 01 3D CA 78 D7 0C 3A 9B 00 0E EB 26 0B AA AA 
Receive: 62 00 01 02 8D 00 AD 2F 8E 0C 0A 03 DC 02 96 00 00 06 E0 03 D6 80 CB 4C BF 7C 5D 41 F3 16 92 E8 00 E6 00 5A 08 4E 00 2D 01 C6 00 00 7B 45 03 01 3D CA 78 D7 0C 3A 9B 00 0E EB 26 0B AA AA 

Fixed toLineMF: 03E 62 00 01 02 8D 00 AD 2F 8E 0C 0A 03 DC 02 96 00 00 06 E0 03 D6 80 CB 4C BF 7C 5D 41 F3 16 92 E8 00 E6 00 5A 08 4E 00 2D 01 C6 00 00 7B 45 03 01 3D CA 78 D7 0C 3A 9B 00 0E EB 26 0B AA AA 
Time:	09:36:54,101
Send:	220001
Receive: 62 00 01 02 8D 00 AD 32 22 0C 2A 01 14 01 0F 00 00 01 F4 01 12 80 CB 4C BC 76 7D 41 F3 16 95 40 00 E6 03 8E 5E 17 07 2C 72 00 5A 08 4E 00 2D 01 C6 F9 E6 7B 45 03 05 7D C8 78 D7 0C 3A 9B 00 04 60 0E 6F AA AA 
Time:	09:36:54,511
Send:	220001
Receive: 62 00 01 02 8D 00 AD 2C 94 0C F2 00 00 01 12 00 00 01 AE 00 CD 80 23 4C 1C 7F FD 41 F3 16 95 40 00 E6 03 8E 5E 00 00 2C 72 00 5A 08 4D 00 2D 01 C5 FA 32 7B 45 03 05 29 C9 78 D7 0C 3A 9B 00 03 FB 0E E2 AA AA 
Time:	09:36:54,898
Send:	220001
Receive: 62 00 01 02 8D 00 AD 22 0E 0B 05 01 9A 00 BA 00 00 02 63 00 D7 80 1E 4C 16 7F FD 41 F3 16 8E 48 00 E6 03 8E 5E 17 07 2C 72 00 5A 08 C2 00 2D 01 DE FA 73 7B 45 03 05 2D C8 78 D7 0C 3A 9B 00 05 65 0F 91 AA AA 
Time:	09:36:55,287
Send:	220001

Fixed toLineMF: 03E 62 00 01 02 8D 00 AD 1D 3A 0B 31 01 1A 98 80 B3 4C B5 7D 9D 41 F3 16 8E E7 00 E6 02 FC 5E 17 7F 2C 72 00 5A 08 F4 00 2D 01 E9 FB 3B 7B 45 03 05 3D C8 78 D7 0C 3A 9B 00 04 40 0E AD AA AA 
Receive: 62 00 01 02 8D 00 AD 1D 3A 0B 31 01 1A 98 80 B3 4C B5 7D 9D 41 F3 16 8E E7 00 E6 02 FC 5E 17 7F 2C 72 00 5A 08 F4 00 2D 01 E9 FB 3B 7B 45 03 05 3D C8 78 D7 0C 3A 9B 00 04 40 0E AD AA AA 

Fixed toLineMF: 03E 62 00 01 02 8D 00 AD 1D 3A 0B 31 01 1A 98 80 B3 4C B5 7D 9D 41 F3 16 8E E7 00 E6 02 FC 5E 17 7F 2C 72 00 5A 08 F4 00 2D 01 E9 FB 3B 7B 45 03 05 3D C8 78 D7 0C 3A 9B 00 04 40 0E AD AA AA 
Time:	09:36:55,666
Send:	220001
Receive: 62 00 01 02 8D 00 AD 1C D6 0B 32 01 00 00 A9 00 00 01 B3 00 88 80 B8 4C A5 7B BD 41 F3 16 8E CE 00 E6 02 FC 5E 18 60 2C 72 00 5A 08 FC 00 2D 01 EB FB 5A 7B 45 03 05 7D C8 78 D7 0C 3A 9B 00 03 F7 0F 01 AA AA 
Time:	09:36:56,072
Send:	220001

Fixed toLineMF: 03E 62 00 01 02 8C 00 AD 19 B6 09 ED 00 00 00 A4 04 8F 02 2A 00 98 80 20 4C 19 7F FD 41 F3 16 8D D7 00 E6 00 00 5E 00 00 2C 72 F4 FC A3 7B 45 03 05 28 C9 78 D7 0C 3A 9B 00 05 05 11 62 AA AA 
Receive: 62 00 01 02 8C 00 AD 19 B6 09 ED 00 00 00 A4 04 8F 02 2A 00 98 80 20 4C 19 7F FD 41 F3 16 8D D7 00 E6 00 00 5E 00 00 2C 72 F4 FC A3 7B 45 03 05 28 C9 78 D7 0C 3A 9B 00 05 05 11 62 AA AA 

Fixed toLineMF: 03E 62 00 01 02 8C 00 AD 19 B6 09 ED 00 00 00 A4 04 8F 02 2A 00 98 80 20 4C 19 7F FD 41 F3 16 8D D7 00 E6 00 00 5E 00 00 2C 72 F4 FC A3 7B 45 03 05 28 C9 78 D7 0C 3A 9B 00 05 05 11 62 AA AA 
Time:	09:36:56,465
Send:	220001
Receive: 62 00 01 02 8C 00 AD 18 98 09 2E 02 9B 01 82 0E 1E 03 B5 01 04 78 1F 4C 18 7F FD 41 F3 16 8B 5F 00 E6 00 00 5E 17 07 2C 72 00 5A 09 30 00 2D 01 F6 FC A0 7B 45 03 05 2C C8 78 D7 0C 3A 9B 00 08 C0 1A 00 AA AA 
Time:	09:36:56,846
Send:	220001
Receive: 62 00 01 02 8D 00 AD 17 9E 09 0B 02 70 01 14 0D B8 04 3F 01 1A 7B BE 4C BE 7D 5D 41 F3 16 8A 6A 00 E6 00 00 5E 17 7F 2C 72 00 5A 09 31 00 2D 01 F6 FC B8 7B 45 03 05 3C C8 78 D7 0C 3A 9B 00 09 71 1B 6C AA AA 
Time:	09:36:57,249
Send:	220001

Fixed toLineMF: 03E 62 00 01 02 8D 00 AD 18 A2 09 10 02 3A 0E 75 C7 4C BC 79 FD 41 F3 16 8A B9 00 E6 04 9F 5E 17 52 2C 72 00 5A 09 31 00 2D 01 F6 FC A0 7B 45 03 05 7C C0 78 D7 0C 3A 9B 00 09 19 1A A9 AA AA 
Receive: 62 00 01 02 8D 00 AD 18 A2 09 10 02 3A 0E 75 C7 4C BC 79 FD 41 F3 16 8A B9 00 E6 04 9F 5E 17 52 2C 72 00 5A 09 31 00 2D 01 F6 FC A0 7B 45 03 05 7C C0 78 D7 0C 3A 9B 00 09 19 1A A9 AA AA 

Fixed toLineMF: 03E 62 00 01 02 8D 00 AD 18 A2 09 10 02 3A 0E 75 C7 4C BC 79 FD 41 F3 16 8A B9 00 E6 04 9F 5E 17 52 2C 72 00 5A 09 31 00 2D 01 F6 FC A0 7B 45 03 05 7C C0 78 D7 0C 3A 9B 00 09 19 1A A9 AA AA 
Time:	09:36:57,625
Send:	220001

Fixed toLineMF: 037 62 00 01 02 8D 00 AD 19 86 09 16 02 15 01 14 0D B8 03 D1 01 0E 78 C7 4C BA 76 BD 04 9F 5E 00 00 2C 72 00 5A 09 2C 00 2D 01 F5 FC A2 7B 45 03 01 F8 C0 78 D7 0C 3A 9B 
Receive: 62 00 01 02 8D 00 AD 19 86 09 16 02 15 01 14 0D B8 03 D1 01 0E 78 C7 4C BA 76 BD 04 9F 5E 00 00 2C 72 00 5A 09 2C 00 2D 01 F5 FC A2 7B 45 03 01 F8 C0 78 D7 0C 3A 9B 

Fixed toLineMF: 037 62 00 01 02 8D 00 AD 19 86 09 16 02 15 01 14 0D B8 03 D1 01 0E 78 C7 4C BA 76 BD 04 9F 5E 00 00 2C 72 00 5A 09 2C 00 2D 01 F5 FC A2 7B 45 03 01 F8 C0 78 D7 0C 3A 9B 
Time:	09:36:58,001
Send:	220001
Receive: 62 00 01 02 8D 00 AD 1A 3E 0A 1A 01 F2 01 21 0D B8 03 AE 01 0F 7A C6 4C B7 73 5D 41 F3 16 8C 4D 00 E6 04 9F 5E 00 00 2C 72 00 5A 09 1E 00 2D 01 F2 FC A7 7B 45 03 01 F8 C0 78 D7 0C 3A 9B 00 08 90 19 A8 AA AA 
Time:	09:36:58,386
Send:	220001

Fixed toLineMF: 03E 62 00 01 02 8D 00 AD 1A DC 0A 1A 01 E1 01 28 0D B8 03 A5 01 41 F3 16 8D 0A 00 E6 04 23 5E 00 00 2C 72 00 5A 09 13 00 2D 01 F0 FC AB 7B 45 03 01 F8 C0 78 D7 0C 3A 9B 00 08 62 19 83 AA AA 
Receive: 62 00 01 02 8D 00 AD 1A DC 0A 1A 01 E1 01 28 0D B8 03 A5 01 41 F3 16 8D 0A 00 E6 04 23 5E 00 00 2C 72 00 5A 09 13 00 2D 01 F0 FC AB 7B 45 03 01 F8 C0 78 D7 0C 3A 9B 00 08 62 19 83 AA AA 

Fixed toLineMF: 03E 62 00 01 02 8D 00 AD 1A DC 0A 1A 01 E1 01 28 0D B8 03 A5 01 41 F3 16 8D 0A 00 E6 04 23 5E 00 00 2C 72 00 5A 09 13 00 2D 01 F0 FC AB 7B 45 03 01 F8 C0 78 D7 0C 3A 9B 00 08 62 19 83 AA AA 
Time:	09:36:58,800
Send:	220001

Fixed toLineMF: 037 62 00 01 02 8D 00 AD 1B 50 0A 18 01 E8 22 7E 2B 4C 27 72 FD 04 23 5E 00 00 2C 72 00 5A 09 0C 00 2D 01 EE FC AD 7B 45 03 01 F8 C0 78 D7 0C 3A 9B 00 08 4E 19 6E AA AA 
Receive: 62 00 01 02 8D 00 AD 1B 50 0A 18 01 E8 22 7E 2B 4C 27 72 FD 04 23 5E 00 00 2C 72 00 5A 09 0C 00 2D 01 EE FC AD 7B 45 03 01 F8 C0 78 D7 0C 3A 9B 00 08 4E 19 6E AA AA 

Fixed toLineMF: 037 62 00 01 02 8D 00 AD 1B 50 0A 18 01 E8 22 7E 2B 4C 27 72 FD 04 23 5E 00 00 2C 72 00 5A 09 0C 00 2D 01 EE FC AD 7B 45 03 01 F8 C0 78 D7 0C 3A 9B 00 08 4E 19 6E AA AA 
Time:	09:36:59,194
Send:	220001
Receive: 62 00 01 02 8D 00 AD 1B C4 0A 18 01 FD 01 34 0D B8 03 BA 01 28 80 2A 4C 26 76 7D 41 F3 16 8E 21 00 E6 04 23 5E 00 00 2C 72 00 5A 09 08 00 2D 01 ED FC AF 7B 45 03 01 F8 C0 78 D7 0C 3A 9B 00 08 96 19 C0 AA AA 
Time:	09:36:59,586
Send:	220001
Receive: 62 00 01 02 8D 00 AD 1C 8C 0B 2B 01 E9 01 2B 0D B8 03 7A 01 1A 80 32 4C 2B 79 FD 41 F3 16 8E 48 00 E6 04 23 5E 00 00 2C 72 00 5A 08 FE 00 2D 01 EB FC B3 7B 45 03 01 F8 C0 78 D7 0C 3A 9B 00 08 32 18 73 AA AA 
Time:	09:36:59,979
Send:	220001
Receive: 62 00 01 02 8D 00 AD 1D DA 0B 2B 01 EC 01 2D 09 C2 03 83 01 27 80 B5 4C B4 78 3D 41 F3 16 8E FB 00 E6 04 23 5E 00 00 2C 72 00 5A 08 ED 00 2D 01 E8 FC B9 7B 45 03 01 F8 C0 78 D7 0C 3A 9B 00 08 14 17 39 AA AA 
Time:	09:37:00,357
Send:	220001
Receive: 62 00 01 02 8D 00 AD 1F 1E 0C 1C 01 D3 01 19 02 E6 03 6D 01 2F 80 C0 4C B5 75 7D 41 F3 16 8F 41 00 E6 04 B1 5E 00 00 2C 72 00 5A 08 D8 00 2D 01 E3 FC C0 7B 45 03 01 78 C8 78 D7 0C 3A 9B 00 07 9D 15 41 AA AA 
Time:	09:37:00,745
Send:	220001
Receive: 62 00 01 02 8D 00 AD 1F 94 0C 20 01 8F 00 EC 01 3D 02 FC 01 0B 80 C4 4C B7 71 FD 41 F3 16 8D EB 00 E6 04 B1 5E 00 00 2C 72 00 5A 08 D1 00 2D 01 E2 FA B0 7B 45 03 01 79 C8 78 D7 0C 3A 9B 00 06 83 12 58 AA AA 
Time:	09:37:01,137
Send:	220001

Fixed toLineMF: 03E 62 00 01 02 8D 00 AD 1F 66 0C 2F 01 5B 00 D8 01 3D 02 A0 00 E9 80 C5 4C B8 6E 7D 41 F3 16 8D 31 00 E6 03 33 5E 00 00 2C 72 00 5A 08 D5 00 2D 01 E2 FA BD 7B 45 03 01 00 05 F6 10 F4 AA AA 
Receive: 62 00 01 02 8D 00 AD 1F 66 0C 2F 01 5B 00 D8 01 3D 02 A0 00 E9 80 C5 4C B8 6E 7D 41 F3 16 8D 31 00 E6 03 33 5E 00 00 2C 72 00 5A 08 D5 00 2D 01 E2 FA BD 7B 45 03 01 00 05 F6 10 F4 AA AA 

Fixed toLineMF: 03E 62 00 01 02 8D 00 AD 1F 66 0C 2F 01 5B 00 D8 01 3D 02 A0 00 E9 80 C5 4C B8 6E 7D 41 F3 16 8D 31 00 E6 03 33 5E 00 00 2C 72 00 5A 08 D5 00 2D 01 E2 FA BD 7B 45 03 01 00 05 F6 10 F4 AA AA 
Time:	09:37:01,521
Send:	220001
Receive: 62 00 01 02 8D 00 AD 1F 26 0C 2F 01 3C 00 C4 01 3D 02 6B 00 D3 80 C5 4C B9 6B 5D 41 F3 16 8D AB 00 E6 03 33 5E 00 00 2C 72 00 5A 08 DA 00 2D 01 E3 FA D1 7B 45 03 01 79 C8 78 D7 0C 3A 9B 00 05 6F 10 0D AA AA 
Time:	09:37:01,946
Send:	220001
Receive: 62 00 01 02 8D 00 AD 1D DA 0B 31 01 0A 00 A9 05 66 01 F8 00 A9 80 58 4C 24 68 3D 41 F3 16 8F 05 00 E6 03 33 5E 00 00 2C 72 00 5A 08 EA 00 2D 01 E7 FC BA 7B 45 03 01 F8 C8 78 D7 0C 3A 9B 00 04 91 0E BA AA AA 
Time:	09:37:02,426
Send:	220001
Receive: 62 00 01 02 8D 00 AD 1B D0 0B 21 01 2F 00 D8 07 AE 02 23 00 A5 80 24 4C 1F 6D DD 41 F3 16 8E 39 00 E6 02 22 5E 00 00 2C 72 00 5A 09 0D 00 2D 01 EE FC AD 7B 45 03 01 F8 C8 78 D7 0C 3A 9B 00 05 16 11 BD AA AA 
Time:	09:37:02,806
Send:	220001
Receive: 62 00 01 02 8D 00 AD 1B A2 0A 2C 01 B2 01 21 08 4C 03 22 00 F8 80 24 4C 1F 70 BD 41 F3 16 8C B3 00 E6 02 22 5E 00 00 2C 72 00 5A 09 09 00 2D 01 EE FC AE 7B 45 03 01 F8 C0 78 D7 0C 3A 9B 00 07 46 16 E2 AA AA 
Time:	09:37:03,218
Send:	220001
Receive: 62 00 01 02 8D 00 AD 1A 9A 0A 2A 01 C4 00 F3 07 E1 03 5F 01 01 80 28 4C 24 73 DD 41 F3 16 8C D9 00 E6 03 C3 5E 00 00 2C 72 00 5A 09 19 00 2D 01 F1 FC A9 7B 45 03 01 F8 C0 78 D7 0C 3A 9B 00 07 6B 17 35 AA AA 
Time:	09:37:03,618
Send:	220001
Receive: NO DATA
Time:	09:37:03,919
Send:	220001
Receive: NO DATA
Time:	09:37:04,200
Send:	220001
Receive: NO DATA
Time:	09:37:04,514
Send:	220001
Receive: NO DATA
Time:	09:37:04,801
Send:	220001
Receive: NO DATA
Time:	09:37:05,076
Send:	220001
Receive: NO DATA
Time:	09:37:05,371
Send:	220001
Receive: NO DATA
Time:	09:37:05,649
Send:	220001

Fixed toLineMF: 037 62 00 01 02 8D 00 AD 1E C8 0B 2E 01 55 00 D8 02 B3 02 8A 00 DA 80 BD 4C AF 72 5D 41 F3 16 8C E3 00 E6 00 5A 08 E1 00 2D 01 E5 FC BD 7B 45 03 01 78 C8 78 D7 0C 3A 9B 
Receive: 62 00 01 02 8D 00 AD 1E C8 0B 2E 01 55 00 D8 02 B3 02 8A 00 DA 80 BD 4C AF 72 5D 41 F3 16 8C E3 00 E6 00 5A 08 E1 00 2D 01 E5 FC BD 7B 45 03 01 78 C8 78 D7 0C 3A 9B 

Fixed toLineMF: 037 62 00 01 02 8D 00 AD 1E C8 0B 2E 01 55 00 D8 02 B3 02 8A 00 DA 80 BD 4C AF 72 5D 41 F3 16 8C E3 00 E6 00 5A 08 E1 00 2D 01 E5 FC BD 7B 45 03 01 78 C8 78 D7 0C 3A 9B 
Time:	09:37:06,028
Send:	220001
Receive: 62 00 01 02 8D 00 AD 1D 04 0B 13 01 35 00 CE 03 51 02 43 00 BA 80 36 4C 23 6F DD 41 F3 16 8D C3 00 E6 03 D7 5E 00 00 2C 72 00 5A 08 F8 00 2D 01 EA FC B5 7B 45 03 01 78 C8 78 D7 0C 3A 9B 00 05 5E 10 EF AA AA 
Time:	09:37:06,440
Send:	220001

Fixed toLineMF: 030 62 00 01 02 8D 00 00 C2 03 51 02 11 00 A2 80 25 4C 22 75 5D 41 F3 16 8E A6 00 E6 02 65 5E 00 00 2C 72 00 5A 09 06 00 2D 01 ED FC B0 7B 45 03 01 
Receive: 62 00 01 02 8D 00 00 C2 03 51 02 11 00 A2 80 25 4C 22 75 5D 41 F3 16 8E A6 00 E6 02 65 5E 00 00 2C 72 00 5A 09 06 00 2D 01 ED FC B0 7B 45 03 01 

Fixed toLineMF: 030 62 00 01 02 8D 00 00 C2 03 51 02 11 00 A2 80 25 4C 22 75 5D 41 F3 16 8E A6 00 E6 02 65 5E 00 00 2C 72 00 5A 09 06 00 2D 01 ED FC B0 7B 45 03 01 
Time:	09:37:06,811
Send:	220001

Fixed toLineMF: 03E 62 00 01 02 8D 00 AD 1B 44 0A 15 01 2E 00 AB 04 23 02 0D 00 9F 80 25 4C 21 77 BD 02 65 5E 00 00 2C 72 00 5A 09 0F 00 2D 01 EF FC AC 7B 45 03 01 78 C8 78 D7 0C 3A 9B 00 04 97 10 6C AA AA 
Receive: 62 00 01 02 8D 00 AD 1B 44 0A 15 01 2E 00 AB 04 23 02 0D 00 9F 80 25 4C 21 77 BD 02 65 5E 00 00 2C 72 00 5A 09 0F 00 2D 01 EF FC AC 7B 45 03 01 78 C8 78 D7 0C 3A 9B 00 04 97 10 6C AA AA 

Fixed toLineMF: 03E 62 00 01 02 8D 00 AD 1B 44 0A 15 01 2E 00 AB 04 23 02 0D 00 9F 80 25 4C 21 77 BD 02 65 5E 00 00 2C 72 00 5A 09 0F 00 2D 01 EF FC AC 7B 45 03 01 78 C8 78 D7 0C 3A 9B 00 04 97 10 6C AA AA 
Time:	09:37:07,207
Send:	220001
Receive: 62 00 01 02 8D 00 AD 18 FA 09 00 01 54 00 A9 07 E1 02 4D 00 A2 80 25 4C 20 7A 3D 41 F3 16 8D 05 00 E6 02 22 5E 00 00 2C 72 00 5A 09 32 00 2D 01 F6 FC 9F 7B 45 03 01 F8 C8 78 D7 0C 3A 9B 00 05 42 11 D9 AA AA 
Time:	09:37:07,597
Send:	220001

Fixed toLineMF: 03E 62 00 01 02 8D 00 AD 17 A6 09 16 01 7B 00 C7 07 E1 02 A5 00 AD 80 99 4C AA 78 FD 41 F3 16 8A BE 00 E6 02 22 5E 00 00 2C 72 00 5A 09 33 00 2D 01 F8 C8 78 D7 0C 3A 9B 00 06 2B 13 D3 AA AA 
Receive: 62 00 01 02 8D 00 AD 17 A6 09 16 01 7B 00 C7 07 E1 02 A5 00 AD 80 99 4C AA 78 FD 41 F3 16 8A BE 00 E6 02 22 5E 00 00 2C 72 00 5A 09 33 00 2D 01 F8 C8 78 D7 0C 3A 9B 00 06 2B 13 D3 AA AA 

Fixed toLineMF: 03E 62 00 01 02 8D 00 AD 17 A6 09 16 01 7B 00 C7 07 E1 02 A5 00 AD 80 99 4C AA 78 FD 41 F3 16 8A BE 00 E6 02 22 5E 00 00 2C 72 00 5A 09 33 00 2D 01 F8 C8 78 D7 0C 3A 9B 00 06 2B 13 D3 AA AA 
Time:	09:37:07,997
Send:	220001

Fixed toLineMF: 030 62 00 01 02 8D 00 01 08 07 7A 03 0C 00 D2 80 B5 4C AA 76 9D 41 F3 16 8A BE 00 E6 02 22 5E 00 00 2C 72 F8 C0 78 D7 0C 3A 9B 00 07 58 16 76 AA AA 
Receive: 62 00 01 02 8D 00 01 08 07 7A 03 0C 00 D2 80 B5 4C AA 76 9D 41 F3 16 8A BE 00 E6 02 22 5E 00 00 2C 72 F8 C0 78 D7 0C 3A 9B 00 07 58 16 76 AA AA 

Fixed toLineMF: 030 62 00 01 02 8D 00 01 08 07 7A 03 0C 00 D2 80 B5 4C AA 76 9D 41 F3 16 8A BE 00 E6 02 22 5E 00 00 2C 72 F8 C0 78 D7 0C 3A 9B 00 07 58 16 76 AA AA 
Time:	09:37:08,378
Send:	220001
Receive: 62 00 01 02 8D 00 AD 16 A8 09 0D 01 D5 00 DB 06 38 03 90 00 E5 80 B4 4C AB 73 DD 41 F3 16 89 66 00 E6 03 5D 5F 00 00 2C 72 00 5A 09 34 00 2D 01 F7 FD 06 7B 45 03 01 F8 C0 78 D7 0C 3A 9B 00 08 23 18 77 AA AA 
Time:	09:37:08,798
Send:	220001
Receive: 62 00 01 02 8D 00 AD 18 14 09 14 01 AF 00 DB 06 38 03 4A 00 DD 80 B3 4C A1 71 1D 41 F3 16 8A 9D 00 E6 03 5D 5F 00 00 2C 72 00 5A 09 35 00 2D 01 F7 FC 9E 7B 45 03 01 F8 C0 78 D7 0C 3A 9B 00 07 86 16 F6 AA AA 
Time:	09:37:09,198
Send:	220001

Fixed toLineMF: 03E 62 00 01 02 8D 00 AD 16 EC 09 10 01 AB 00 D8 02 B3 03 52 00 D9 80 A9 4C 40 6E 7D 41 F3 16 8A 11 00 E6 03 33 5F 00 00 2C 72 00 5A 09 35 00 2D 01 F7 FC CA 7B 45 03 01 00 07 A1 17 3B AA AA 
Receive: 62 00 01 02 8D 00 AD 16 EC 09 10 01 AB 00 D8 02 B3 03 52 00 D9 80 A9 4C 40 6E 7D 41 F3 16 8A 11 00 E6 03 33 5F 00 00 2C 72 00 5A 09 35 00 2D 01 F7 FC CA 7B 45 03 01 00 07 A1 17 3B AA AA 

Fixed toLineMF: 03E 62 00 01 02 8D 00 AD 16 EC 09 10 01 AB 00 D8 02 B3 03 52 00 D9 80 A9 4C 40 6E 7D 41 F3 16 8A 11 00 E6 03 33 5F 00 00 2C 72 00 5A 09 35 00 2D 01 F7 FC CA 7B 45 03 01 00 07 A1 17 3B AA AA 
Time:	09:37:09,604
Send:	220001

Fixed toLineMF: 03E 62 00 01 02 8D 00 AD 17 36 08 0C 01 AB 00 D6 02 7A 03 3E 00 D3 80 2B 4C 28 72 9D 41 F3 16 8A 03 00 E6 03 33 5F 00 00 2C 72 00 5A 09 35 00 2D 01 79 C8 78 D7 0C 3A 9B 00 07 72 16 CD AA AA 
Receive: 62 00 01 02 8D 00 AD 17 36 08 0C 01 AB 00 D6 02 7A 03 3E 00 D3 80 2B 4C 28 72 9D 41 F3 16 8A 03 00 E6 03 33 5F 00 00 2C 72 00 5A 09 35 00 2D 01 79 C8 78 D7 0C 3A 9B 00 07 72 16 CD AA AA 

Fixed toLineMF: 03E 62 00 01 02 8D 00 AD 17 36 08 0C 01 AB 00 D6 02 7A 03 3E 00 D3 80 2B 4C 28 72 9D 41 F3 16 8A 03 00 E6 03 33 5F 00 00 2C 72 00 5A 09 35 00 2D 01 79 C8 78 D7 0C 3A 9B 00 07 72 16 CD AA AA 
Time:	09:37:10,004
Send:	220001

Fixed toLineMF: 03E 62 00 01 02 8D 00 AD 15 E0 08 08 01 AB 00 CC 01 3D 03 43 00 C7 80 33 4C 2C 74 FD 41 F3 16 88 0B 00 E6 03 33 5F 00 00 2C 72 00 5A 09 35 00 2D 01 F7 FD 5F 7B 45 03 01 79 C8 78 D7 0C 3A 9B 
Receive: 62 00 01 02 8D 00 AD 15 E0 08 08 01 AB 00 CC 01 3D 03 43 00 C7 80 33 4C 2C 74 FD 41 F3 16 88 0B 00 E6 03 33 5F 00 00 2C 72 00 5A 09 35 00 2D 01 F7 FD 5F 7B 45 03 01 79 C8 78 D7 0C 3A 9B 

Fixed toLineMF: 03E 62 00 01 02 8D 00 AD 15 E0 08 08 01 AB 00 CC 01 3D 03 43 00 C7 80 33 4C 2C 74 FD 41 F3 16 88 0B 00 E6 03 33 5F 00 00 2C 72 00 5A 09 35 00 2D 01 F7 FD 5F 7B 45 03 01 79 C8 78 D7 0C 3A 9B 
Time:	09:37:10,372
Send:	220001
Receive: 62 00 01 02 8D 00 AD 15 7C 08 05 01 A1 00 B0 01 3D 03 25 00 BF 80 2D 4C 26 77 5D 41 F3 16 88 AA 00 E6 03 0B 5F 00 00 2C 72 00 5A 09 35 00 2D 01 F7 FD 6C 7B 45 03 01 79 C8 78 D7 0C 3A 9B 00 07 36 16 88 AA AA 
Time:	09:37:10,799
Send:	220001
Receive: 62 00 01 02 8C 00 AD 13 A4 07 10 01 6C 00 B0 03 51 02 CD 00 97 80 A0 4C 98 74 FD 41 F3 16 89 01 00 E6 03 0B 5F 00 00 2C 72 00 5A 09 35 00 2D 01 F7 FF 59 7B 45 03 01 F9 C8 78 D7 0C 3A 9B 00 06 3E 16 70 AA AA 
Time:	09:37:11,197
Send:	220001
Receive: 62 00 01 02 8C 00 AD 13 B6 07 12 01 AA 00 C9 07 7A 03 3B 00 AE 80 26 4C 23 77 FD 41 F3 16 86 D1 00 E6 02 C7 5F 00 00 2C 72 00 5A 09 35 00 2D 01 F7 00 00 7B 45 03 01 F8 C8 78 D7 0C 3A 9B 00 07 28 18 93 AA AA 
Time:	09:37:11,599
Send:	220001
Receive: 62 00 01 02 8C 00 AD 13 4A 07 25 01 E5 00 D8 07 0F 03 A2 00 C8 80 29 4C 26 7A 3D 41 F3 16 85 B8 00 E6 02 C7 5F 00 00 2C 72 00 5A 09 36 00 2D 01 F7 00 00 7B 45 03 01 F8 C0 78 D7 0C 3A 9B 00 08 65 1B 44 AA AA 
Time:	09:37:11,999
Send:	220001
Receive: 62 00 01 02 8D 00 AD 13 92 07 0F 02 05 00 DB 07 0F 03 D9 00 D8 80 2F 4C 2B 7C DD 41 F3 16 85 C5 00 E6 02 C7 5F 00 00 2C 72 00 5A 09 36 00 2D 01 F7 00 00 7B 45 03 01 F8 C0 78 D7 0C 3A 9B 00 08 EE 1B FE AA AA 
Time:	09:37:12,388
Send:	220001
Receive: 62 00 01 02 8D 00 AD 13 E6 07 10 01 F9 00 D8 07 0F 03 D8 00 DA 80 AE 4C AB 79 DD 41 F3 16 85 DB 00 E6 03 9C 5F 00 00 2C 72 00 5A 09 36 00 2D 01 F7 00 00 7B 45 03 01 F8 C0 78 D7 0C 3A 9B 00 08 DA 1B CC AA AA 
Time:	09:37:12,776
Send:	220001
Receive: 62 00 01 02 8D 00 AD 14 1C 07 12 01 DD 00 D8 06 38 03 BE 00 D2 80 B0 4C A4 77 1D 41 F3 16 85 D2 00 E6 03 9C 5F 00 00 2C 72 00 5A 09 36 00 2D 01 F7 00 00 7B 45 03 01 F8 C0 78 D7 0C 3A 9B 00 08 A5 1B 6E AA AA 
Time:	09:37:13,166
Send:	220001
Receive: 62 00 01 02 8D 00 AD 14 6E 07 0D 01 E0 00 D8 06 38 03 C8 00 DA 80 A9 4C 3A 75 1D 41 F3 16 86 44 00 E6 03 7C 5F 00 00 2C 72 00 5A 09 36 00 2D 01 F7 FD E6 7B 45 03 01 F8 C0 78 D7 0C 3A 9B 00 08 7F 1A DD AA AA 
Time:	09:37:13,556
Send:	220001
Receive: 62 00 01 02 8D 00 AD 14 5C 07 0E 01 D6 00 D8 06 38 03 C0 00 D8 80 38 4C 28 72 DD 41 F3 16 86 29 00 E6 03 7C 5F 00 00 2C 72 00 5A 09 36 00 2D 01 F7 FD EB 7B 45 03 01 78 C0 78 D7 0C 3A 9B 00 08 88 1A D5 AA AA 
Time:	09:37:13,936
Send:	220001

Fixed toLineMF: 037 62 00 01 02 8D 00 00 D8 07 0F 03 B6 00 CE 80 2B 4C 28 78 7D 41 F3 16 85 BC 00 E6 03 7C 5F 00 00 2C 72 00 5A 09 36 00 2D 01 F7 FE 0C 7B 45 03 01 F8 C0 78 D7 0C 3A 9B 
Receive: 62 00 01 02 8D 00 00 D8 07 0F 03 B6 00 CE 80 2B 4C 28 78 7D 41 F3 16 85 BC 00 E6 03 7C 5F 00 00 2C 72 00 5A 09 36 00 2D 01 F7 FE 0C 7B 45 03 01 F8 C0 78 D7 0C 3A 9B 

Fixed toLineMF: 037 62 00 01 02 8D 00 00 D8 07 0F 03 B6 00 CE 80 2B 4C 28 78 7D 41 F3 16 85 BC 00 E6 03 7C 5F 00 00 2C 72 00 5A 09 36 00 2D 01 F7 FE 0C 7B 45 03 01 F8 C0 78 D7 0C 3A 9B 
Time:	09:37:14,319
Send:	220001
Receive: 62 00 01 02 8D 00 AD 14 22 07 11 01 F3 00 DB 07 E1 03 D0 00 D8 80 2C 4C 2A 7B 1D 41 F3 16 85 E8 00 E6 03 55 5F 00 00 2C 72 00 5A 09 36 00 2D 01 F7 FD FE 7B 45 03 01 F8 C0 78 D7 0C 3A 9B 00 08 BF 1B 65 AA AA 
Time:	09:37:14,699
Send:	220001

Fixed toLineMF: 037 62 00 01 02 8D 00 AD 14 94 08 12 02 1E 41 F3 16 87 0B 00 E6 03 55 5F 00 00 2C 72 00 5A 09 36 00 2D 01 F7 FD C0 7B 45 03 01 F8 C0 78 D7 0C 3A 9B 00 09 6B 1C 30 AA AA 
Receive: 62 00 01 02 8D 00 AD 14 94 08 12 02 1E 41 F3 16 87 0B 00 E6 03 55 5F 00 00 2C 72 00 5A 09 36 00 2D 01 F7 FD C0 7B 45 03 01 F8 C0 78 D7 0C 3A 9B 00 09 6B 1C 30 AA AA 

Fixed toLineMF: 037 62 00 01 02 8D 00 AD 14 94 08 12 02 1E 41 F3 16 87 0B 00 E6 03 55 5F 00 00 2C 72 00 5A 09 36 00 2D 01 F7 FD C0 7B 45 03 01 F8 C0 78 D7 0C 3A 9B 00 09 6B 1C 30 AA AA 
Time:	09:37:15,091
Send:	220001

Fixed toLineMF: 03E 62 00 01 02 8D 00 01 00 0D B8 04 53 01 08 80 AB 4C A1 74 DD 41 F3 16 88 06 00 E6 03 C6 5F 00 00 2C 72 00 5A 09 36 00 2D 01 F7 FD 74 7B 45 03 01 F8 C0 78 D7 0C 3A 9B 00 09 E9 1C AF AA AA 
Receive: 62 00 01 02 8D 00 01 00 0D B8 04 53 01 08 80 AB 4C A1 74 DD 41 F3 16 88 06 00 E6 03 C6 5F 00 00 2C 72 00 5A 09 36 00 2D 01 F7 FD 74 7B 45 03 01 F8 C0 78 D7 0C 3A 9B 00 09 E9 1C AF AA AA 

Fixed toLineMF: 03E 62 00 01 02 8D 00 01 00 0D B8 04 53 01 08 80 AB 4C A1 74 DD 41 F3 16 88 06 00 E6 03 C6 5F 00 00 2C 72 00 5A 09 36 00 2D 01 F7 FD 74 7B 45 03 01 F8 C0 78 D7 0C 3A 9B 00 09 E9 1C AF AA AA 
Time:	09:37:15,497
Send:	220001

Fixed toLineMF: 03E 62 00 01 02 8D 00 AD 16 46 08 0F 02 16 01 05 0D B8 04 2A 01 05 80 AD 4C A1 71 BD 41 F3 16 89 05 00 E6 03 C6 5F 00 00 2C 72 00 5A 09 36 00 2D 01 F7 FD 1D 7B 45 03 01 00 09 90 1B D1 AA AA 
Receive: 62 00 01 02 8D 00 AD 16 46 08 0F 02 16 01 05 0D B8 04 2A 01 05 80 AD 4C A1 71 BD 41 F3 16 89 05 00 E6 03 C6 5F 00 00 2C 72 00 5A 09 36 00 2D 01 F7 FD 1D 7B 45 03 01 00 09 90 1B D1 AA AA 

Fixed toLineMF: 03E 62 00 01 02 8D 00 AD 16 46 08 0F 02 16 01 05 0D B8 04 2A 01 05 80 AD 4C A1 71 BD 41 F3 16 89 05 00 E6 03 C6 5F 00 00 2C 72 00 5A 09 36 00 2D 01 F7 FD 1D 7B 45 03 01 00 09 90 1B D1 AA AA 
Time:	09:37:15,874
Send:	220001
Receive: 62 00 01 02 8D 00 AD 17 5E 09 10 02 25 01 14 0D B8 04 26 01 11 80 2B 4C 29 74 BD 41 F3 16 8A 60 00 E6 03 C6 5F 00 00 2C 72 00 5A 09 36 00 2D 01 F7 FC A1 7B 45 03 01 F8 C0 78 D7 0C 3A 9B 00 09 77 1B 8B AA AA 
Time:	09:37:16,267
Send:	220001
Receive: 62 00 01 02 8D 00 AD 18 4C 09 0F 02 33 01 23 0D B8 04 29 01 1E 80 70 4C 8A 77 1D 41 F3 16 8B 00 00 E6 04 5F 5F 00 00 2C 72 00 5A 09 35 00 2D 01 F7 FC 9E 7B 45 03 01 F8 C0 78 D7 0C 3A 9B 00 09 A8 1B EC AA AA 
Time:	09:37:16,662
Send:	220001
Receive: 62 00 01 02 8D 00 AD 19 6C 09 0E 02 1E 01 28 0D B8 04 2F 01 2D 80 B1 4C AA 70 1D 41 F3 16 8B D1 00 E6 04 5F 5F 00 00 2C 72 00 5A 09 2D 00 2D 01 F5 FC A1 7B 45 03 01 F8 C0 78 D7 0C 3A 9B 00 09 9A 1B E0 AA AA 
Time:	09:37:17,066
Send:	220001
Receive: 62 00 01 02 8D 00 AD 19 EE 0A 0F 02 07 01 2B 0D 4C 04 19 01 31 80 AB 4C 98 6D 5D 41 F3 16 8C 5C 00 E6 04 5F 5F 00 00 2C 72 00 5A 09 25 00 2D 01 F3 FC A4 7B 45 03 01 F8 C0 78 D7 0C 3A 9B 00 09 54 1B 7B AA AA 
Time:	09:37:17,456
Send:	220001
Receive: 62 00 01 02 8D 00 AD 1A 6A 0A 11 02 0C 01 2F 0D 4C 04 09 01 30 80 29 4C 26 70 9D 41 F3 16 8C B3 00 E6 04 83 5F 00 00 2C 72 00 5A 09 1D 00 2D 01 F2 FC A7 7B 45 03 01 F8 C0 78 D7 0C 3A 9B 00 09 14 1B 1D AA AA 
Time:	09:37:17,848
Send:	220001
Receive: 62 00 01 02 8D 00 AE 1B 12 0A 12 02 14 01 3C 0D 4C 03 FE 01 34 80 2A 4C 27 74 3D 41 F3 16 8D 36 00 E6 04 83 5F 00 00 2C 72 00 5A 09 13 00 2D 01 F0 FC AB 7B 45 03 01 F8 C0 78 D7 0C 3A 9B 00 09 0A 1B 21 AA AA 
Time:	09:37:18,268
Send:	220001

Fixed toLineMF: 03E 62 00 01 02 8D 00 AE 1B C2 0A 14 02 1D 01 48 0A CC 03 ED 01 36 80 2A 4C 26 77 FD 41 F3 16 8D BE 00 E6 04 CC 5E 00 00 2C 72 00 5A 09 0A 00 2D 01 EE FC AE 7B 45 03 01 F8 C0 78 D7 0C 3A 9B 
Receive: 62 00 01 02 8D 00 AE 1B C2 0A 14 02 1D 01 48 0A CC 03 ED 01 36 80 2A 4C 26 77 FD 41 F3 16 8D BE 00 E6 04 CC 5E 00 00 2C 72 00 5A 09 0A 00 2D 01 EE FC AE 7B 45 03 01 F8 C0 78 D7 0C 3A 9B 

Fixed toLineMF: 03E 62 00 01 02 8D 00 AE 1B C2 0A 14 02 1D 01 48 0A CC 03 ED 01 36 80 2A 4C 26 77 FD 41 F3 16 8D BE 00 E6 04 CC 5E 00 00 2C 72 00 5A 09 0A 00 2D 01 EE FC AE 7B 45 03 01 F8 C0 78 D7 0C 3A 9B 
Time:	09:37:18,639
Send:	220001
Receive: 62 00 01 02 8D 00 AE 1C 62 0B 13 01 FC 01 2F 07 7A 03 96 01 22 80 2F 4C 2A 7B 9D 41 F3 16 8E 26 00 E6 04 CC 5E 00 00 2C 72 00 5A 09 01 00 2D 01 EC FC B2 7B 45 03 01 F8 C0 78 D7 0C 3A 9B 00 08 49 18 93 AA AA 
Time:	09:37:19,056
Send:	220001
Receive: 62 00 01 02 8D 00 AE 1D 44 0B 2C 01 CF 01 21 07 7A 03 4C 01 11 80 AD 4C AD 79 3D 41 F3 16 8E 26 00 E6 04 CC 5E 00 00 2C 72 00 5A 08 F5 00 2D 01 E9 FC B6 7B 45 03 01 F8 C0 78 D7 0C 3A 9B 00 07 87 16 3C AA AA 
Time:	09:37:19,471
Send:	220001

Fixed toLineMF: 03E 62 00 01 02 8D 00 01 1C 07 0F 03 52 01 1D 80 B6 4C AF 74 DD 41 F3 16 8E B5 00 E6 04 44 5E 00 00 2C 72 00 5A 08 E4 00 2D 01 E6 FC BC 7B 45 03 01 F8 C0 78 D7 0C 3A 9B 00 07 98 15 96 AA AA 
Receive: 62 00 01 02 8D 00 01 1C 07 0F 03 52 01 1D 80 B6 4C AF 74 DD 41 F3 16 8E B5 00 E6 04 44 5E 00 00 2C 72 00 5A 08 E4 00 2D 01 E6 FC BC 7B 45 03 01 F8 C0 78 D7 0C 3A 9B 00 07 98 15 96 AA AA 

Fixed toLineMF: 03E 62 00 01 02 8D 00 01 1C 07 0F 03 52 01 1D 80 B6 4C AF 74 DD 41 F3 16 8E B5 00 E6 04 44 5E 00 00 2C 72 00 5A 08 E4 00 2D 01 E6 FC BC 7B 45 03 01 F8 C0 78 D7 0C 3A 9B 00 07 98 15 96 AA AA 
Time:	09:37:19,872
Send:	220001
Receive: 62 00 01 02 8D 00 AE 1F 68 0C 2D 01 CB 01 0F 05 66 03 61 01 2D 80 BC 4C B3 72 1D 41 F3 16 8F 3C 00 E6 04 44 5E 00 00 2C 72 00 5A 08 D4 00 2D 01 E2 FC C2 7B 45 03 01 F8 C0 78 D7 0C 3A 9B 00 07 6F 14 7B AA AA 
Time:	09:37:20,256
Send:	220001
Receive: 62 00 01 02 8D 00 AE 1F 7A 0C 29 01 6A 00 DB 02 7A 02 C4 00 F7 80 C3 4C B9 6E 7D 41 F3 16 8D 22 00 E6 04 1C 5E 00 00 2C 72 00 5A 08 D5 00 2D 01 E2 FA B5 7B 45 03 01 79 C8 78 D7 0C 3A 9B 00 06 33 11 7E AA AA 
Time:	09:37:20,658
Send:	220001
Receive: 62 00 01 02 8D 00 AE 1F 2A 0C 27 01 46 00 D1 02 7A 02 85 00 DB 80 C1 4C B6 6B 3D 41 F3 16 8D 36 00 E6 04 1C 5E 00 00 2C 72 00 5A 08 DB 00 2D 01 E4 FA D1 7B 45 03 01 79 C8 78 D7 0C 3A 9B 00 05 B1 10 A9 AA AA 
Time:	09:37:21,055
Send:	220001
Receive: 62 00 01 02 8D 00 AE 1E 50 0C 2F 01 2B 00 C7 02 E6 02 4C 00 C3 80 B9 4C A2 68 5D 41 F3 16 8D D7 00 E6 04 1C 5E 00 00 2C 72 00 5A 08 E7 00 2D 01 E6 FA FE 7B 45 03 01 79 C8 78 D7 0C 3A 9B 00 05 46 10 15 AA AA 
Time:	09:37:21,449
Send:	220001
Receive: 62 00 01 02 8D 00 AE 1D AA 0B 31 01 0E 00 B3 02 E6 01 FE 00 A5 80 26 4C 23 6B 5D 41 F3 16 8E E7 00 E6 02 8F 5E 00 00 2C 72 00 5A 08 F2 00 2D 01 E9 FB 25 7B 45 03 01 79 C8 78 D7 0C 3A 9B 00 04 58 0F 7D AA AA 
Time:	09:37:21,839
Send:	220001
Receive: 62 00 01 02 8D 00 AE 1B B4 0A 31 01 18 00 C7 06 38 01 F2 00 96 80 21 4C 1E 6E 7D 41 F3 16 8E BF 00 E6 02 8F 5E 00 00 2C 72 00 5A 09 0F 00 2D 01 EF FC AC 7B 45 03 01 F8 C8 78 D7 0C 3A 9B 00 04 8D 10 57 AA AA 
Time:	09:37:22,310
Send:	220001
Receive: 62 00 01 02 8D 00 AE 1A B2 0A 2E 01 60 01 08 08 4C 02 7C 00 BA 80 24 4C 22 70 FD 41 F3 16 8C 31 00 E6 02 41 5E 00 00 2C 72 00 5A 09 1B 00 2D 01 F1 FC A8 7B 45 03 01 F8 C8 78 D7 0C 3A 9B 00 06 32 14 3C AA AA 
Time:	09:37:22,698
Send:	220001
Receive: 62 00 01 02 8D 00 AE 1A AE 0A 2A 01 F2 01 23 08 4C 03 80 01 01 80 27 4C 23 73 DD 41 F3 16 8C 3F 00 E6 02 41 5E 00 00 2C 72 00 5A 09 20 00 2D 01 F2 FC A6 7B 45 03 01 F8 C0 78 D7 0C 3A 9B 00 08 3B 18 D9 AA AA 
Time:	09:37:23,088
Send:	220001
Receive: 62 00 01 02 8D 00 AE 1B 9E 0A 1D 01 C8 01 1E 08 4C 03 5D 01 09 80 A1 4C A2 72 5D 41 F3 16 8D 7A 00 E6 03 FF 5F 00 00 2C 72 00 5A 09 09 00 2D 01 EE FC AE 7B 45 03 01 F8 C0 78 D7 0C 3A 9B 00 07 B4 18 07 AA AA 
Time:	09:37:23,485
Send:	220001
Receive: 62 00 01 02 8D 00 AE 1C 68 0B 2B 01 E9 01 28 08 4C 03 7C 01 1D 80 28 4C 25 76 9D 41 F3 16 8E 75 00 E6 03 FF 5F 00 00 2C 72 00 5A 08 FC 00 2D 01 EB FC B3 7B 45 03 01 F8 C0 78 D7 0C 3A 9B 00 08 04 17 C3 AA AA 
Time:	09:37:23,888
Send:	220001
Receive: 62 00 01 02 8D 00 AE 1D 8C 0B 2B 01 FD 01 28 07 E1 03 89 01 2D 80 30 4C 2C 7A 3D 41 F3 16 8F 1E 00 E6 03 FF 5F 00 00 2C 72 00 5A 08 ED 00 2D 01 E8 FC B9 7B 45 03 01 F8 C0 78 D7 0C 3A 9B 00 08 2E 16 ED AA AA 
Time:	09:37:24,306
Send:	220001
Receive: 62 00 01 02 8D 00 AE 1E 98 0C 2B 01 DE 01 1C 07 0F 03 73 01 2F 80 BA 4C B4 75 5D 41 F3 16 8F 41 00 E6 04 B1 5F 00 00 2C 72 00 5A 08 E1 00 2D 01 E5 FC BD 7B 45 03 01 F8 C0 78 D7 0C 3A 9B 00 07 F1 15 A5 AA AA 
Time:	09:37:24,753
Send:	220001
Receive: 62 00 01 02 8D 00 AE 1F 50 0C 2D 01 99 00 DD 05 66 03 12 01 11 80 C4 4C B9 71 9D 41 F3 16 8E 17 00 E6 04 B1 5F 00 00 2C 72 00 5A 08 D9 00 2D 01 E3 FC C0 7B 45 03 01 F8 C0 78 D7 0C 3A 9B 00 06 9F 12 85 AA AA 
Time:	09:37:25,148
Send:	220001
Receive: 62 00 01 02 8D 00 AE 1F 78 0C 2F 01 63 00 DD 05 66 02 B0 00 EE 80 C3 4C BA 6E 3D 41 F3 16 8C F6 00 E6 03 A7 5F 00 00 2C 72 00 5A 08 D8 00 2D 01 E3 FC C0 7B 45 03 01 F8 C0 78 D7 0C 3A 9B 00 06 1D 11 50 AA AA 
Time:	09:37:25,536
Send:	220001
Receive: 62 00 01 02 8D 00 AE 1F 68 0C 2F 01 56 00 DD 05 66 02 A1 00 E8 80 C2 4C B7 6A FD 41 F3 16 8D 00 00 E6 03 A7 5E 00 00 2C 72 00 5A 08 DA 00 2D 01 E3 FC C0 7B 45 03 01 F8 C0 78 D7 0C 3A 9B 00 06 09 11 41 AA AA 
Time:	09:37:25,925
Send:	220001
Receive: 62 00 01 02 8D 00 AE 1F 56 0C 2F 01 4F 00 E0 05 66 02 9E 00 E6 80 BE 4C AD 67 BD 41 F3 16 8D 0F 00 E6 03 A7 5E 00 00 2C 72 00 5A 08 D9 00 2D 01 E3 FC C0 7B 45 03 01 F8 C0 78 D7 0C 3A 9B 00 05 FA 11 37 AA AA 
Time:	09:37:26,326
Send:	220001
Receive: 62 00 01 02 8D 00 AE 1E A0 0C 2E 01 4A 00 FE 05 D1 02 9B 00 E0 80 B4 4C 62 64 BD 41 F3 16 8C 9F 00 E6 02 FC 5F 00 00 2C 72 00 5A 08 E4 00 2D 01 E6 FC BC 7B 45 03 01 F8 C0 78 D7 0C 3A 9B 00 06 0D 12 1A AA AA 
Time:	09:37:26,736
Send:	220001
Receive: 62 00 01 02 8D 00 AE 1E C2 0B 2D 01 7A 01 03 05 D1 02 E5 00 FE 80 27 4C 22 69 3D 41 F3 16 8D 3A 00 E6 02 FC 5F 00 00 2C 72 00 5A 08 DF 00 2D 01 E4 FC BE 7B 45 03 01 F8 C0 78 D7 0C 3A 9B 00 06 CD 13 1B AA AA 
Time:	09:37:27,126
Send:	220001
Receive: 62 00 01 02 8D 00 AE 1E 4C 0C 2D 01 85 01 0C 06 38 02 F3 00 FB 80 7C 4C 96 6C 7D 41 F3 16 8C DE 00 E6 03 69 5F 00 00 2C 72 00 5A 08 EB 00 2D 01 E7 FC B9 7B 45 03 01 F8 C0 78 D7 0C 3A 9B 00 07 00 14 2D AA AA 
Time:	09:37:27,506
Send:	220001
Receive: 62 00 01 02 8D 00 AE 1F 92 0C 2C 01 98 01 0C 06 38 03 21 01 13 80 33 4C 47 6C 3D 41 F3 16 8E 21 00 E6 03 69 5F 00 00 2C 72 00 5A 08 D8 00 2D 01 E3 FC C0 7B 45 03 01 F8 C0 78 D7 0C 3A 9B 00 07 16 14 12 AA AA 
Time:	09:37:27,907
Send:	220001
Receive: 62 00 01 02 8D 00 AE 20 0C 0C 2E 01 7C 00 F9 05 D1 02 F9 01 0D 80 A2 4C 42 66 7D 41 F3 16 8E 12 00 E6 03 69 5F 00 00 2C 72 00 5A 08 CE 00 2D 01 E1 FC C4 7B 45 03 01 F8 C0 78 D7 0C 3A 9B 00 06 C1 12 E4 AA AA 
Time:	09:37:28,361
Send:	220001
Receive: 62 00 01 02 8D 00 AE 20 32 0C 2E 01 6E 00 F6 05 D1 02 E6 01 08 80 73 4C 34 62 7D 41 F3 16 8D F9 00 E6 03 A7 5F 00 00 2C 72 00 5A 08 CC 00 2D 01 E1 FC C5 7B 45 03 01 F8 C0 78 D7 0C 3A 9B 00 06 A5 12 6E AA AA 
Time:	09:37:28,768
Send:	220001
Receive: 62 00 01 02 8D 00 AE 1F D4 0C 2E 01 67 00 F3 05 D1 02 DC 01 02 80 B0 4C A8 62 DD 41 F3 16 8D 97 00 E6 03 A7 5F 00 00 2C 72 00 5A 08 D3 00 2D 01 E2 FC C2 7B 45 03 01 F8 C0 78 D7 0C 3A 9B 00 06 91 12 47 AA AA 
Time:	09:37:29,168
Send:	220001
Receive: 62 00 01 02 8D 00 AE 1F EE 0C 2E 01 60 00 F3 05 D1 02 D7 01 00 80 B1 4C A4 5F FE 41 F3 16 8D 88 00 E6 03 33 5F 00 00 2C 72 00 5A 08 D2 00 2D 01 E2 FC C3 7B 45 03 01 F8 C0 78 D7 0C 3A 9B 00 06 8F 12 4C AA AA 
Time:	09:37:29,548
Send:	220001
Receive: 62 00 01 02 8D 00 AE 20 2C 0C 2E 01 63 00 F1 05 D1 02 DA 01 02 80 A6 4C 82 5F FE 41 F3 16 8D B5 00 E6 03 33 5F 00 00 2C 72 00 5A 08 CE 00 2D 01 E1 FC C4 7B 45 03 01 F8 C0 78 D7 0C 3A 9B 00 06 8C 12 44 AA AA 
Time:	09:37:29,928
Send:	220001

Fixed toLineMF: 03E 62 00 01 02 8D 00 AE 20 46 0C 2E 01 65 00 F3 05 D1 02 DC 01 41 F3 16 8D D2 00 E6 03 33 5F 00 00 2C 72 00 5A 08 CC 00 2D 01 E1 FC C5 7B 45 03 01 F8 C0 78 D7 0C 3A 9B 00 06 95 12 51 AA AA 
Receive: 62 00 01 02 8D 00 AE 20 46 0C 2E 01 65 00 F3 05 D1 02 DC 01 41 F3 16 8D D2 00 E6 03 33 5F 00 00 2C 72 00 5A 08 CC 00 2D 01 E1 FC C5 7B 45 03 01 F8 C0 78 D7 0C 3A 9B 00 06 95 12 51 AA AA 

Fixed toLineMF: 03E 62 00 01 02 8D 00 AE 20 46 0C 2E 01 65 00 F3 05 D1 02 DC 01 41 F3 16 8D D2 00 E6 03 33 5F 00 00 2C 72 00 5A 08 CC 00 2D 01 E1 FC C5 7B 45 03 01 F8 C0 78 D7 0C 3A 9B 00 06 95 12 51 AA AA 
Time:	09:37:30,315
Send:	220001
Receive: 62 00 01 02 8D 00 AE 20 48 0C 2E 01 67 00 F3 05 D1 02 DF 01 07 80 AD 4C 9D 5F FE 41 F3 16 8D EB 00 E6 03 33 5F 00 00 2C 72 00 5A 08 CC 00 2D 01 E0 FC C5 7B 45 03 01 F8 C0 78 D7 0C 3A 9B 00 06 9C 12 52 AA AA 
Time:	09:37:30,696
Send:	220001

Fixed toLineMF: 03E 62 00 01 02 8D 00 AE 20 36 0C 2E 01 65 00 F6 05 D1 02 DD 01 41 F3 16 8D D7 00 E6 03 33 5F 00 00 2C 72 00 5A 08 CD 00 2D 01 E1 FC C4 7B 45 03 01 F8 C0 78 D7 0C 3A 9B 00 06 95 12 4B AA AA 
Receive: 62 00 01 02 8D 00 AE 20 36 0C 2E 01 65 00 F6 05 D1 02 DD 01 41 F3 16 8D D7 00 E6 03 33 5F 00 00 2C 72 00 5A 08 CD 00 2D 01 E1 FC C4 7B 45 03 01 F8 C0 78 D7 0C 3A 9B 00 06 95 12 4B AA AA 

Fixed toLineMF: 03E 62 00 01 02 8D 00 AE 20 36 0C 2E 01 65 00 F6 05 D1 02 DD 01 41 F3 16 8D D7 00 E6 03 33 5F 00 00 2C 72 00 5A 08 CD 00 2D 01 E1 FC C4 7B 45 03 01 F8 C0 78 D7 0C 3A 9B 00 06 95 12 4B AA AA 
Time:	09:37:31,096
Send:	220001
Receive: 62 00 01 02 8D 00 AE 20 30 0C 2E 01 A9 00 F3 05 D1 02 DC 01 04 80 B4 4C A4 7F 7D 41 F3 16 8D BE 00 E6 03 33 5F 00 00 2C 72 00 5A 08 CF 00 2D 01 E1 FC C4 7B 45 03 01 F8 C0 78 D7 0C 3A 9B 00 06 93 12 4D AA AA 
Time:	09:37:31,489
Send:	220001
Receive: 62 00 01 02 8D 00 AE 20 5C 0C 2E 01 A7 00 F3 05 D1 02 E6 01 07 80 C8 4C C1 7B FD 41 F3 16 8D E6 00 E6 03 33 5F 00 00 2C 72 00 5A 08 CD 00 2D 01 E1 FC C5 7B 45 03 01 F8 C0 78 D7 0C 3A 9B 00 06 A4 12 6C AA AA 
Time:	09:37:31,876
Send:	220001
Receive: 62 00 01 02 8D 00 AE 20 A0 0C 2E 01 A4 00 F3 05 D1 02 ED 01 0C 80 CB 4C C3 78 7D 41 F3 16 8E 2B 00 E6 03 33 5F 00 00 2C 72 00 5A 08 C9 00 2D 01 E0 FC C6 7B 45 03 01 F8 C0 78 D7 0C 3A 9B 00 06 AF 12 74 AA AA 
Time:	09:37:32,259
Send:	220001
Receive: 62 00 01 02 8D 00 AE 20 D2 0C 2E 01 9E 00 F3 05 D1 02 EC 01 0F 80 CB 4C C2 75 BD 41 F3 16 8E 66 00 E6 04 1C 5F 00 00 2C 72 00 5A 08 C5 00 2D 01 DF FC C7 7B 45 03 01 F8 C0 78 D7 0C 3A 9B 00 06 B0 12 68 AA AA 
Time:	09:37:32,657
Send:	220001
Receive: 62 00 01 02 8D 00 AE 21 08 0C 2E 01 93 00 F3 05 D1 02 EB 01 10 80 CB 4C C1 71 3D 41 F3 16 8E 75 00 E6 04 1C 5F 00 00 2C 72 00 5A 08 C3 00 2D 01 DF FC C8 7B 45 03 01 F8 C0 78 D7 0C 3A 9B 00 06 B2 12 6E AA AA 
Time:	09:37:33,076
Send:	220001
Receive: 62 00 01 02 8D 00 AE 20 F6 0C 2E 01 8C 00 F3 05 66 02 EA 01 0F 80 CB 4C C0 6E 9D 41 F3 16 8E 6B 00 E6 04 1C 5F 00 00 2C 72 00 5A 08 C4 00 2D 01 DF FC C8 7B 45 03 01 F8 C0 78 D7 0C 3A 9B 00 06 AE 12 63 AA AA 
Time:	09:37:33,457
Send:	220001
Receive: 62 00 01 02 8D 00 AE 20 EE 0C 2E 01 7E 00 F1 05 66 02 DD 01 0C 80 CA 4C BF 6A DD 41 F3 16 8E 3E 00 E6 03 A7 5F 00 00 2C 72 00 5A 08 C5 00 2D 01 DF FC C8 7B 45 03 01 F8 C0 78 D7 0C 3A 9B 00 06 98 12 2F AA AA 
Time:	09:37:33,866
Send:	220001

Fixed toLineMF: 03E 62 00 01 02 8D 00 00 EF 05 66 02 DA 01 08 80 C8 4C BC 67 5D 41 F3 16 8E 26 00 E6 03 A7 5F 00 00 2C 72 00 5A 08 C5 00 2D 01 DF FC C7 7B 45 03 01 F8 C0 78 D7 0C 3A 9B 00 06 86 11 FF AA AA 
Receive: 62 00 01 02 8D 00 00 EF 05 66 02 DA 01 08 80 C8 4C BC 67 5D 41 F3 16 8E 26 00 E6 03 A7 5F 00 00 2C 72 00 5A 08 C5 00 2D 01 DF FC C7 7B 45 03 01 F8 C0 78 D7 0C 3A 9B 00 06 86 11 FF AA AA 

Fixed toLineMF: 03E 62 00 01 02 8D 00 00 EF 05 66 02 DA 01 08 80 C8 4C BC 67 5D 41 F3 16 8E 26 00 E6 03 A7 5F 00 00 2C 72 00 5A 08 C5 00 2D 01 DF FC C7 7B 45 03 01 F8 C0 78 D7 0C 3A 9B 00 06 86 11 FF AA AA 
Time:	09:37:34,258
Send:	220001
Receive: 62 00 01 02 8D 00 AE 20 EE 0C 2E 01 6E 00 EF 05 66 02 D9 01 07 80 C7 4C BA 63 BD 41 F3 16 8E 26 00 E6 03 A7 5F 00 00 2C 72 00 5A 08 C5 00 2D 01 DF FC C8 7B 45 03 01 F8 C0 78 D7 0C 3A 9B 00 06 82 11 F0 AA AA 
Time:	09:37:34,656
Send:	220001

Fixed toLineMF: 030 62 00 01 02 8D 00 AE 20 E2 0C 2E 01 66 05 80 C5 4C B7 60 3E 41 F3 16 8E 17 00 E6 03 A7 5F 00 00 2C 72 DF FC C7 7B 45 03 01 00 06 86 11 FD AA AA 
Receive: 62 00 01 02 8D 00 AE 20 E2 0C 2E 01 66 05 80 C5 4C B7 60 3E 41 F3 16 8E 17 00 E6 03 A7 5F 00 00 2C 72 DF FC C7 7B 45 03 01 00 06 86 11 FD AA AA 

Fixed toLineMF: 030 62 00 01 02 8D 00 AE 20 E2 0C 2E 01 66 05 80 C5 4C B7 60 3E 41 F3 16 8E 17 00 E6 03 A7 5F 00 00 2C 72 DF FC C7 7B 45 03 01 00 06 86 11 FD AA AA 
Time:	09:37:35,029
Send:	220001
Receive: 62 00 01 02 8D 00 AE 20 E0 0C 2E 01 66 00 EF 05 66 02 D7 01 07 80 C3 4C B4 5F FE 41 F3 16 8E 1C 00 E6 03 A7 5F 00 00 2C 72 00 5A 08 C5 00 2D 01 DF FC C7 7B 45 03 01 F8 C0 78 D7 0C 3A 9B 00 06 86 11 F9 AA AA 
Time:	09:37:35,408
Send:	220001
Receive: 62 00 01 02 8D 00 AE 20 D6 0C 2E 01 64 00 EF 05 66 02 D5 01 05 80 C3 4C B2 5F FE 41 F3 16 8E 1C 00 E6 03 33 5F 00 00 2C 72 00 5A 08 C6 00 2D 01 DF FC C7 7B 45 03 01 F8 C0 78 D7 0C 3A 9B 00 06 7C 11 E1 AA AA 
Time:	09:37:35,796
Send:	220001
Receive: 62 00 01 02 8D 00 AE 20 C2 0C 2E 01 64 00 EC 05 66 02 D4 01 05 80 C2 4C B2 5F FE 41 F3 16 8E 08 00 E6 03 33 5F 00 00 2C 72 00 5A 08 C7 00 2D 01 DF FC C7 7B 45 03 01 F8 C0 78 D7 0C 3A 9B 00 06 84 11 FE AA AA 
Time:	09:37:36,196
Send:	220001
Receive: 62 00 01 02 8D 00 AE 20 AC 0C 2E 01 65 00 F1 05 66 02 D6 01 05 80 C1 4C B0 5F FE 41 F3 16 8E 0D 00 E6 03 33 5F 00 00 2C 72 00 5A 08 C7 00 2D 01 E0 FC C7 7B 45 03 01 F8 C0 78 D7 0C 3A 9B 00 06 7D 11 E7 AA AA 
Time:	09:37:36,578
Send:	220001
Receive: 62 00 01 02 8D 00 AE 20 7E 0C 2E 01 63 00 EF 05 66 02 D4 01 03 80 C1 4C AF 5F FE 41 F3 16 8D E6 00 E6 03 33 5F 00 00 2C 72 00 5A 08 CB 00 2D 01 E0 FC C5 7B 45 03 01 F8 C0 78 D7 0C 3A 9B 00 06 80 11 F8 AA AA 
Time:	09:37:36,976
Send:	220001
Receive: 62 00 01 02 8D 00 AE 20 66 0C 2E 01 A4 00 F1 05 66 02 D9 01 02 80 C8 4C BB 7D 7D 41 F3 16 8D DC 00 E6 03 33 5F 00 00 2C 72 00 5A 08 CC 00 2D 01 E1 FC C5 7B 45 03 01 F8 C0 78 D7 0C 3A 9B 00 06 97 12 32 AA AA 
Time:	09:37:37,368
Send:	220001
Receive: 62 00 01 02 8D 00 AE 20 66 0C 2E 01 9E 00 F1 05 D1 02 E0 01 05 80 CC 4C C3 7A 1D 41 F3 16 8D D2 00 E6 04 1C 5F 00 00 2C 72 00 5A 08 CD 00 2D 01 E1 FC C5 7B 45 03 01 F8 C0 78 D7 0C 3A 9B 00 06 A4 12 69 AA AA 
Time:	09:37:37,756
Send:	220001
Receive: 62 00 01 02 8D 00 AE 20 8A 0C 2E 01 97 00 F3 05 D1 02 E3 01 07 80 CC 4C C1 76 9D 41 F3 16 8D EF 00 E6 04 1C 5F 00 00 2C 72 00 5A 08 CB 00 2D 01 E0 FC C5 7B 45 03 01 F8 C0 78 D7 0C 3A 9B 00 06 A9 12 79 AA AA 
Time:	09:37:38,149
Send:	220001
Receive: 62 00 01 02 8D 00 AE 20 BC 0C 2E 01 95 00 F3 05 D1 02 EB 01 0C 80 CC 4C C0 72 DD 41 F3 16 8E 34 00 E6 04 1C 5F 00 00 2C 72 00 5A 08 C7 00 2D 01 E0 FC C7 7B 45 03 01 F8 C0 78 D7 0C 3A 9B 00 06 AF 12 81 AA AA 
Time:	09:37:38,591
Send:	220001
Receive: 62 00 01 02 8D 00 AE 20 C0 0C 2E 01 95 00 FE 06 38 02 FE 01 14 80 CB 4C BE 6E 7D 41 F3 16 8E 75 00 E6 04 1C 5F 00 00 2C 72 00 5A 08 C7 00 2D 01 DF FC C7 7B 45 03 01 F8 C0 78 D7 0C 3A 9B 00 06 DD 12 DD AA AA 
Time:	09:37:39,006
Send:	220001

Fixed toLineMF: 03E 62 00 01 02 8D 00 AE 20 F4 0C 2E 01 8E 00 FE 06 38 02 FC 01 16 80 CA 4C BC 6A DD 04 1C 5F 00 00 2C 72 00 5A 08 C3 00 2D 01 DF FC C8 7B 45 03 01 F8 C0 78 D7 0C 3A 9B 00 06 DB 12 D1 AA AA 
Receive: 62 00 01 02 8D 00 AE 20 F4 0C 2E 01 8E 00 FE 06 38 02 FC 01 16 80 CA 4C BC 6A DD 04 1C 5F 00 00 2C 72 00 5A 08 C3 00 2D 01 DF FC C8 7B 45 03 01 F8 C0 78 D7 0C 3A 9B 00 06 DB 12 D1 AA AA 

Fixed toLineMF: 03E 62 00 01 02 8D 00 AE 20 F4 0C 2E 01 8E 00 FE 06 38 02 FC 01 16 80 CA 4C BC 6A DD 04 1C 5F 00 00 2C 72 00 5A 08 C3 00 2D 01 DF FC C8 7B 45 03 01 F8 C0 78 D7 0C 3A 9B 00 06 DB 12 D1 AA AA 
Time:	09:37:39,389
Send:	220001
Receive: 62 00 01 02 8D 00 AE 21 2A 0C 2E 01 84 00 FE 06 38 02 F9 01 17 80 CB 4C BB 67 1D 41 F3 16 8E B0 00 E6 03 A7 5F 00 00 2C 72 00 5A 08 C1 00 2D 01 DE FC C9 7B 45 03 01 F8 C0 78 D7 0C 3A 9B 00 06 D2 12 C0 AA AA 
Time:	09:37:39,789
Send:	220001
Receive: 62 00 01 02 8D 00 AE 21 4E 0C 2E 01 80 01 00 06 38 02 FC 01 19 80 C7 4C B8 63 7D 41 F3 16 8E CE 00 E6 03 A7 5F 00 00 2C 72 00 5A 08 BF 00 2D 01 DE FC CA 7B 45 03 01 F8 C0 78 D7 0C 3A 9B 00 06 D8 12 D9 AA AA 
Time:	09:37:40,197
Send:	220001
Receive: 62 00 01 02 8D 00 AE 21 76 0D 2E 01 76 01 03 06 38 02 F8 01 18 80 C5 4C B5 5F FE 41 F3 16 8E CE 00 E6 03 EE 5F 00 00 2C 72 00 5A 08 BD 00 2D 01 DD FC CA 7B 45 03 01 F8 C0 78 D7 0C 3A 9B 00 06 D2 12 D1 AA AA 
Time:	09:37:40,609
Send:	220001
Receive: 62 00 01 02 8D 00 AF 21 A2 0D 2E 01 79 01 00 06 38 02 FC 01 1B 80 C3 4C AF 5F FE 41 F3 16 8E F6 00 E6 03 EE 5F 00 00 2C 72 00 5A 08 BB 00 2D 01 DD FC CB 7B 45 03 01 F8 C0 78 D7 0C 3A 9B 00 06 D5 12 DD AA AA 
Time:	09:37:41,011
Send:	220001
Receive: 62 00 01 02 8D 00 AF 21 C2 0D 2E 01 77 01 03 06 38 02 F9 01 1B 80 C3 4C B0 5F FE 41 F3 16 8E FB 00 E6 03 EE 5F 00 00 2C 72 00 5A 08 BA 00 2D 01 DD FC CC 7B 45 03 01 F8 C0 78 D7 0C 3A 9B 00 06 D7 12 E4 AA AA 
Time:	09:37:41,439
Send:	220001
Receive: NO DATA
Time:	09:37:41,771
Send:	220001
Receive: NO DATA
Time:	09:37:42,065
Send:	220001
Receive: NO DATA
Time:	09:37:42,358
Send:	220001
Receive: NO DATA
Time:	09:37:42,640
Send:	220001
Receive: NO DATA
Time:	09:37:42,931
Send:	220001
Receive: NO DATA
Time:	09:37:43,226
Send:	220001
Receive: NO DATA
Time:	09:37:43,502
Send:	220001
Receive: 62 00 01 02 8D 00 AF 1F 5C 0C 11 01 36 00 B3 01 A8 02 3D 00 C4 80 CF 4C C1 74 DD 41 F3 16 8E 7A 00 E6 03 A7 5F 00 00 2C 72 00 5A 08 DC 00 2D 01 E4 FA C3 7B 45 03 01 79 C8 78 D7 0C 3A 9B 00 05 07 0F 11 AA AA 
Time:	09:37:43,897
Send:	220001
Receive: 62 00 01 02 8D 00 AF 1D 96 0B 1D 01 01 00 A9 02 B3 01 CD 00 96 80 C9 4C B8 72 3D 41 F3 16 8E E7 00 E6 03 A7 5F 00 00 2C 72 00 5A 08 F5 00 2D 01 E9 FB 2B 7B 45 03 01 79 C8 78 D7 0C 3A 9B 00 04 25 0E 8E AA AA 
Time:	09:37:44,288
Send:	220001
Receive: 62 00 01 02 8D 00 AF 1B C6 0A 31 01 1C 00 C4 07 E1 01 E9 00 96 80 34 4C 1E 73 9D 41 F3 16 8E C4 00 E6 01 FF 5F 00 00 2C 72 00 5A 09 0F 00 2D 01 EF FC AC 7B 45 03 01 F8 C8 78 D7 0C 3A 9B 00 04 6B 10 03 AA AA 
Time:	09:37:44,676
Send:	220001
Receive: 62 00 01 02 8D 00 AF 1B 12 0A 2E 01 77 00 F3 07 E1 02 98 00 C6 80 26 4C 22 76 1D 41 F3 16 8B B4 00 E6 01 FF 5F 00 00 2C 72 00 5A 09 17 00 2D 01 F1 FC A9 7B 45 03 01 F8 C8 78 D7 0C 3A 9B 00 05 F9 13 CA AA AA 
Time:	09:37:45,060
Send:	220001
Receive: 62 00 01 02 8D 00 AF 1B 02 0A 2C 01 B9 00 DB 07 7A 03 0C 00 E4 80 2A 4C 25 78 3D 41 F3 16 8B B4 00 E6 01 FF 5F 00 00 2C 72 00 5A 09 1B 00 2D 01 F1 FC A8 7B 45 03 01 F8 C0 78 D7 0C 3A 9B 00 07 58 16 CC AA AA 
Time:	09:37:45,446
Send:	220001
Receive: 62 00 01 02 8D 00 AF 1B BC 0A 2C 01 B8 01 0F 05 D1 03 20 00 F4 80 9C 4C A0 77 7D 41 F3 16 8C 79 00 E6 03 C3 5F 00 00 2C 72 00 5A 09 0C 00 2D 01 EE FC AD 7B 45 03 01 F8 C0 78 D7 0C 3A 9B 00 07 38 16 BA AA AA 
Time:	09:37:45,839
Send:	220001

Fixed toLineMF: 03E 62 00 01 02 8D 00 AF 1C 94 0B 2D 01 9C 00 F9 03 BD 02 E8 00 EC 80 2C 4C 28 7A BD 41 F3 16 8C 14 00 E6 03 C3 5F 00 00 2C 72 00 5A 08 FF 00 2D 01 78 C8 78 D7 0C 3A 9B 00 06 80 14 AF AA AA 
Receive: 62 00 01 02 8D 00 AF 1C 94 0B 2D 01 9C 00 F9 03 BD 02 E8 00 EC 80 2C 4C 28 7A BD 41 F3 16 8C 14 00 E6 03 C3 5F 00 00 2C 72 00 5A 08 FF 00 2D 01 78 C8 78 D7 0C 3A 9B 00 06 80 14 AF AA AA 

Fixed toLineMF: 03E 62 00 01 02 8D 00 AF 1C 94 0B 2D 01 9C 00 F9 03 BD 02 E8 00 EC 80 2C 4C 28 7A BD 41 F3 16 8C 14 00 E6 03 C3 5F 00 00 2C 72 00 5A 08 FF 00 2D 01 78 C8 78 D7 0C 3A 9B 00 06 80 14 AF AA AA 
Time:	09:37:46,238
Send:	220001
Receive: 62 00 01 02 8D 00 AF 1D 12 0B 2E 01 72 00 DD 03 BD 02 8C 00 D1 80 2E 4C 2A 7D 9D 41 F3 16 8C 3F 00 E6 03 99 5F 00 00 2C 72 00 5A 08 FA 00 2D 01 EA FC B4 7B 45 03 01 78 C8 78 D7 0C 3A 9B 00 05 BF 12 7B AA AA 
Time:	09:37:46,660
Send:	220001
Receive: 62 00 01 02 8D 00 AF 1D 56 0B 2F 01 60 00 D8 03 BD 02 6F 00 C9 80 A2 4C 9D 7B 5D 41 F3 16 8C E8 00 E6 03 99 5F 00 00 2C 72 00 5A 08 F7 00 2D 01 EA FC B5 7B 45 03 01 78 C8 78 D7 0C 3A 9B 00 05 7D 11 A4 AA AA 
Time:	09:37:47,067
Send:	220001
Receive: 62 00 01 02 8D 00 AF 1C F2 0B 20 01 49 00 D1 03 BD 02 49 00 B9 80 AD 4C 99 78 9D 41 F3 16 8D 97 00 E6 03 99 5F 00 00 2C 72 00 5A 08 FF 00 2D 01 EB FC B2 7B 45 03 01 78 C8 78 D7 0C 3A 9B 00 05 10 11 49 AA AA 
Time:	09:37:47,468
Send:	220001
Receive: 62 00 01 02 8D 00 AF 1B EA 0B 16 01 39 00 BD 06 A3 02 1B 00 A8 80 26 4C 22 7B FD 41 F3 16 8E 7F 00 E6 02 CB 5F 00 00 2C 72 00 5A 09 0B 00 2D 01 EE FC AE 7B 45 03 01 F8 C8 78 D7 0C 3A 9B 00 04 D0 10 AA AA AA 
Time:	09:37:47,846
Send:	220001
Receive: 62 00 01 02 8D 00 AF 1B 9C 0A 25 01 59 00 D8 07 0F 02 3A 00 A9 80 29 4C 25 7E 7D 41 F3 16 8D AB 00 E6 02 CB 5F 00 00 2C 72 00 5A 09 15 00 2D 01 F0 FC AA 7B 45 03 01 F8 C0 78 D7 0C 3A 9B 00 05 AA 12 E5 AA AA 
Time:	09:37:48,236
Send:	220001
Receive: 62 00 01 02 8D 00 AF 1A BE 0A 13 01 C3 01 03 07 7A 03 02 00 E7 80 8B 4C A2 81 1D 41 F3 16 8B F7 00 E6 03 8E 5F 00 00 2C 72 00 5A 09 18 00 2D 01 F1 FC A9 7B 45 03 01 F8 C0 78 D7 0C 3A 9B 00 06 E0 15 FD AA AA 
Time:	09:37:48,619
Send:	220001
Receive: 62 00 01 02 8D 00 AF 1A 1C 0A 2A 01 F3 00 DD 05 D1 03 7D 00 FB 80 B3 4C A2 7A FD 41 F3 16 8B DA 00 E6 03 8E 5F 00 00 2C 72 00 5A 09 2C 00 2D 01 F5 FC A2 7B 45 03 01 F8 C0 78 D7 0C 3A 9B 00 07 AB 17 7B AA AA 
Time:	09:37:49,020
Send:	220001
Receive: 62 00 01 02 8D 00 AF 1C 0C 0A 2D 01 99 01 0A 06 05 02 EB 00 E2 80 C2 4C AE 78 1D 41 F3 16 8B B4 00 E6 03 8E 5F 00 00 2C 72 00 5A 09 0B 00 2D 01 EE FC AE 7B 45 03 01 F8 C0 78 D7 0C 3A 9B 00 07 04 16 1B AA AA 
Time:	09:37:49,408
Send:	220001
Receive: 62 00 01 02 8D 00 AF 1C 96 0A 2D 01 A5 01 03 05 D1 02 F0 00 F0 80 32 4C 30 7B 5D 41 F3 16 8C 4D 00 E6 03 99 5F 00 00 2C 72 00 5A 08 FC 00 2D 01 EB FC B3 7B 45 03 01 F8 C0 78 D7 0C 3A 9B 00 06 9F 14 CE AA AA 
Time:	09:37:49,799
Send:	220001
Receive: 62 00 01 02 8D 00 AF 1C BC 0B 2D 01 C0 01 08 05 D1 03 07 00 FB 80 2B 4C 28 7E 5D 41 F3 16 8C E3 00 E6 03 99 5F 00 00 2C 72 00 5A 08 FA 00 2D 01 EA FC B4 7B 45 03 01 F8 C0 78 D7 0C 3A 9B 00 07 00 14 F5 AA AA 
Time:	09:37:50,191
Send:	220001
Receive: 62 00 01 02 8D 00 AF 1D 1E 0B 2D 01 B5 01 0A 05 D1 03 05 00 FC 80 AF 4C AA 7B 9D 41 F3 16 8C F1 00 E6 03 99 5F 00 00 2C 72 00 5A 08 F7 00 2D 01 EA FC B5 7B 45 03 01 F8 C0 78 D7 0C 3A 9B 00 07 13 14 DD AA AA 
Time:	09:37:50,595
Send:	220001
Receive: 62 00 01 02 8D 00 AF 1D 7E 0B 1F 01 7C 00 DD 00 00 02 BE 00 E6 80 BB 4C B0 78 3D 41 F3 16 8B 93 00 E6 03 99 5F 00 00 2C 72 00 5A 08 F6 00 2D 01 EA FB 25 7B 45 03 01 79 C8 78 D7 0C 3A 9B 00 06 3A 13 33 AA AA 
Time:	09:37:51,006
Send:	220001
Receive: NO DATA
Time:	09:37:51,300
Send:	220001
Receive: NO DATA
Time:	09:37:51,580
Send:	220001
Receive: NO DATA
Time:	09:37:51,882
Send:	220001
Receive: NO DATA
Time:	09:37:52,176
Send:	220001
Receive: NO DATA
Time:	09:37:52,459
Send:	220001
Receive: NO DATA
Time:	09:37:52,759
Send:	220001
Receive: NO DATA
Time:	09:37:53,041
Send:	220001
Receive: NO DATA
Time:	09:37:53,345
Send:	220001
Receive: NO DATA
Time:	09:37:53,642
Send:	220001
Receive: NO DATA
Time:	09:37:53,940
Send:	220001
Receive: NO DATA
Time:	09:37:54,227
Send:	220001
Receive: NO DATA
Time:	09:37:54,509
Send:	220001
Receive: NO DATA
Time:	09:37:54,783
Send:	220001
Receive: NO DATA
Time:	09:37:55,065
Send:	220001
Receive: 62 00 01 02 8D 00 AF 10 D8 06 01 02 0C 00 AE 00 00 03 98 00 A9 77 BD 4C B7 7C DD 41 F3 16 85 13 00 E6 02 4D 60 00 00 2C 72 00 5A 09 3A 00 2D 01 F8 00 A2 7B 45 03 01 F9 C0 78 D7 0C 3A 9B 00 08 3D 1B 9C AA AA 
Time:	09:37:55,447
Send:	220001
Receive: 62 00 01 02 8C 00 AF 10 4E 06 FF 01 F4 00 A1 00 00 03 99 00 A3 7A C4 4C BA 7A BD 41 F3 16 84 E7 00 E6 02 D8 60 00 00 2C 72 00 5A 09 3B 00 2D 01 F8 00 FF 7B 45 03 01 F9 C0 78 D7 0C 3A 9B 00 08 37 1B 8D AA AA 
Time:	09:37:55,836
Send:	220001
Receive: 62 00 01 02 8C 00 AF 0F EE 06 FE 01 DC 00 9C 00 00 03 89 00 9F 7C C4 4C B9 78 9D 41 F3 16 85 31 00 E6 02 D8 60 00 00 2C 72 00 5A 09 3B 00 2D 01 F8 01 2D 7B 45 03 01 F9 C0 78 D7 0C 3A 9B 00 08 1B 1B 53 AA AA 
Time:	09:37:56,227
Send:	220001
Receive: 62 00 01 02 8D 00 AF 0F 48 05 06 01 D5 00 9A 00 00 03 89 00 96 7E C0 4C B2 76 9D 41 F3 16 85 28 00 E6 02 58 60 00 00 2C 72 00 5A 09 3B 00 2D 01 F8 FF E3 7B 45 03 05 F9 C0 78 D7 0C 3A 9B 00 08 24 1B 92 AA AA 
Time:	09:37:56,606
Send:	220001
Receive: NO DATA
Time:	09:37:56,885
Send:	220001
Receive: NO DATA
Time:	09:37:57,181
Send:	220001
Receive: NO DATA
Time:	09:37:57,480
Send:	220001
Receive: NO DATA
Time:	09:37:57,761
Send:	220001
Receive: NO DATA
Time:	09:37:58,040
Send:	220001
Receive: NO DATA
Time:	09:37:58,337
Send:	220001
Receive: NO DATA
Time:	09:37:58,622
Send:	220001
Receive: 62 00 01 02 8D 00 B0 0F 36 04 10 01 82 00 92 00 00 03 25 00 86 80 28 4C 24 70 BD 41 F3 16 86 32 00 E6 01 C3 61 17 16 2C 72 00 5A 09 3D 00 2D 02 42 FF DD 7B 45 03 05 7D C0 78 D7 0C 3A 9B 00 07 53 19 FD AA AA 
Time:	09:37:59,040
Send:	220001
Receive: 62 00 01 02 8D 00 B0 0E EC 03 04 03 0E 01 66 0B A3 05 3B 00 E5 80 26 4C 23 72 DD 41 F3 16 85 46 00 E6 01 C3 61 00 00 2C 72 00 78 09 3D 00 2D 02 47 01 4E 7B 45 03 05 F8 C2 78 D7 0C 3A 9B 00 0D 1F 27 F0 AA AA 
Time:	09:37:59,447
Send:	220001
Receive: NO DATA
Time:	09:37:59,734
Send:	220001
Receive: NO DATA
Time:	09:38:00,038
Send:	220001
Receive: NO DATA
Time:	09:38:00,334
Send:	220001
Receive: NO DATA
Time:	09:38:00,616
Send:	220001
Receive: NO DATA
Time:	09:38:00,902
Send:	220001
Receive: NO DATA
Time:	09:38:01,193
Send:	220001
Receive: NO DATA
Time:	09:38:01,494
Send:	220001
Receive: 62 00 01 02 8C 00 B0 0E C4 02 05 02 0F 00 A4 00 00 04 26 00 AE 80 25 4C 23 75 1D 41 F3 16 82 0D 00 E6 01 FF 60 17 7F 2C 72 00 5A 09 3C 00 2D 03 29 FF E5 7B 45 03 05 7D C0 78 D7 0C 3A 9B 00 09 63 1E 88 AA AA 
Time:	09:38:01,942
Send:	220001
Receive: 62 00 01 02 8A 00 B0 0E 94 02 0A 02 07 00 A4 00 00 04 03 00 A1 80 2F 4C 2D 78 1D 41 F3 16 82 4F 00 E6 01 FF 60 17 7F 2C 72 00 5A 09 3D 00 2D 03 31 FF FE 7B 45 03 07 7D E0 78 D7 0C 3A 9B 00 09 33 1E 1F AA AA 
Time:	09:38:02,441
Send:	220001
Receive: 62 00 01 02 8C 00 B0 0E 84 01 06 01 F5 00 9A 00 00 03 EE 00 9F 80 97 4C 94 76 BD 41 F3 16 82 CC 00 E6 02 65 61 18 60 2C 72 00 5A 09 3D 00 2D 03 2C 00 00 7B 45 03 07 7D E0 78 D7 0C 3A 9B 00 08 FE 1D 98 AA AA 
Time:	09:38:02,827
Send:	220001
Receive: 62 00 01 02 8D 00 B0 0E 56 00 08 01 EA 00 9A 00 00 03 E4 00 9C 80 B2 4C AB 74 7D 41 F3 16 83 07 00 E6 02 65 61 18 60 2C 72 00 5A 09 3D 00 2D 03 23 00 00 7B 45 03 05 7D E0 78 D7 0C 3A 9B 00 08 F2 1D 8B AA AA 
Time:	09:38:03,216
Send:	220001
Receive: 62 00 01 02 8C 00 B0 0E 42 00 04 01 E5 00 9A 00 00 03 E5 00 9D 80 AD 4C A1 72 3D 41 F3 16 83 03 00 E6 02 32 61 18 60 2C 72 00 5A 09 3D 00 2D 03 21 00 00 7B 45 03 07 7D E0 78 D7 0C 3A 9B 00 08 F2 1D 8C AA AA 
Time:	09:38:03,626
Send:	220001
Receive: 62 00 01 02 8D 00 B0 0E 22 00 07 01 DD 00 9A 00 00 03 E8 00 9B 80 54 4C 2B 70 9D 41 F3 16 82 F2 00 E6 02 32 61 18 60 2C 72 00 5A 09 3E 00 2D 03 1E 00 00 7B 45 03 05 7D C0 78 D7 0C 3A 9B 00 08 FA 1D AA AA AA 
Time:	09:38:04,107
Send:	220001
Receive: 62 00 01 02 8D 00 B0 0E 32 00 05 02 FF 01 46 19 5C 05 07 00 CD 80 2A 4C 27 76 7D 41 F3 16 84 AB 00 E6 02 98 61 00 00 2C 72 00 6E 09 3E 00 2D 03 21 00 B0 7B 45 03 05 78 C2 78 D7 0C 3A 9B 00 0B 8E 24 F3 AA AA 
Time:	09:38:04,586
Send:	220001
Receive: 62 00 01 02 8D 00 B0 14 DC 00 F7 03 24 00 9F 00 00 06 66 01 9B 80 BF 4C BB 72 9D 41 F3 16 8A 08 00 E6 02 98 61 17 07 2C 72 00 78 09 3E 00 2D 03 14 FF 8C 7B 45 03 05 7D C2 78 D7 0C 3A 9B 00 0E 6D 27 8D AA AA 
Time:	09:38:04,996
Send:	220001
Receive: 62 00 01 02 8C 00 B0 14 B0 00 0D 01 35 00 7C 00 00 02 BE 00 9B 80 35 4C 23 6F FD 41 F3 16 89 98 00 E6 02 98 61 17 07 2C 72 00 5A 09 3E 00 2D 02 84 FE 1D 7B 45 03 05 7D C0 78 D7 0C 3A 9B 00 06 1C 15 BC AA AA 
Time:	09:38:05,377
Send:	220001
Receive: 62 00 01 02 8C 00 B0 12 38 00 1D 01 4E 00 90 00 00 02 98 00 81 80 21 4C 1E 74 9D 41 F3 16 88 46 00 E6 01 F0 61 17 07 2C 72 00 5A 09 3E 00 2D 02 70 FF 14 7B 45 03 05 7D C0 78 D7 0C 3A 9B 00 05 F8 16 44 AA AA 
Time:	09:38:05,756
Send:	220001
Receive: 62 00 01 02 8C 00 B1 11 42 00 13 01 7B 00 B8 00 00 02 E0 00 82 80 22 4C 1F 75 BD 41 F3 16 86 BB 00 E6 01 F0 61 17 07 2C 72 00 5A 09 3D 00 2D 01 FB FF 97 7B 45 03 05 7D C0 78 D7 0C 3A 9B 00 07 53 19 BF AA AA 
Time:	09:38:06,138
Send:	220001
Receive: 62 00 01 02 8C 00 B1 0F 92 00 09 01 EF 00 B8 00 00 03 B8 00 9F 80 24 4C 21 77 BD 41 F3 16 84 09 00 E6 02 58 61 17 07 2C 72 00 5A 09 3D 00 2D 01 F9 FF E0 7B 45 03 01 7D C0 78 D7 0C 3A 9B 00 08 CE 1D 05 AA AA 
Time:	09:38:06,561
Send:	220001
Receive: 62 00 01 02 8D 00 B1 0E D4 00 01 01 EC 00 83 00 00 03 C7 00 9B 80 29 4C 29 79 DD 41 F3 16 83 B4 00 E6 02 58 61 17 07 2C 72 00 50 09 3D 00 2D 01 FE FF A4 7B 45 03 01 7D C0 78 D7 0C 3A 9B 00 08 64 1C 47 AA AA 
Time:	09:38:06,949
Send:	220001
Receive: 62 00 01 02 8B 00 B1 0E 20 00 06 01 B9 00 83 00 00 03 79 00 86 80 A4 4C A5 77 7D 41 F3 16 85 8C 00 E6 02 58 61 17 07 2C 72 00 50 09 3D 00 2D 01 FE FF D5 7B 45 03 03 7D E0 78 D7 0C 3A 9B 00 07 D6 1B D7 AA AA 
Time:	09:38:07,346
Send:	220001
Receive: 62 00 01 02 8C 00 B1 0D 72 00 0D 01 AA 00 83 00 00 03 6C 00 80 80 AB 4C 9D 75 BD 41 F3 16 85 DB 00 E6 01 E0 61 17 07 2C 72 00 50 09 3E 00 2D 02 0F FF F0 7B 45 03 03 7D E0 78 D7 0C 3A 9B 00 07 DB 1C 13 AA AA 
Time:	09:38:07,736
Send:	220001
Receive: 62 00 01 02 8C 00 B1 0D 10 00 0B 01 AE 00 83 00 00 03 66 00 7C 80 27 4C 24 78 FD 41 F3 16 85 F9 00 E6 01 E0 61 17 07 2C 72 00 50 09 3E 00 2D 02 0F 00 00 7B 45 03 03 7D E0 78 D7 0C 3A 9B 00 07 EC 1C 84 AA AA 
Time:	09:38:08,118
Send:	220001
Receive: 62 00 01 02 8C 00 B1 0C FE 00 09 01 C2 00 83 00 00 03 82 00 7C 80 25 4C 23 7A BD 41 F3 16 85 53 00 E6 02 01 61 17 07 2C 72 00 50 09 3F 00 2D 02 01 00 00 7B 45 03 03 7D E0 78 D7 0C 3A 9B 00 08 01 1C EF AA AA 
Time:	09:38:08,497
Send:	220001
Receive: 62 00 01 02 8C 00 B1 0C E6 00 0B 01 D1 00 86 00 00 03 91 00 80 80 26 4C 23 7C 7D 41 F3 16 84 FD 00 E6 02 01 61 17 07 2C 72 00 50 09 3F 00 2D 01 F4 00 00 7B 45 03 03 7D E0 78 D7 0C 3A 9B 00 08 14 1D 22 AA AA 
Time:	09:38:08,906
Send:	220001
Receive: NO DATA
Time:	09:38:09,186
Send:	220001
Receive: NO DATA
Time:	09:38:09,478
Send:	220001
Receive: NO DATA
Time:	09:38:09,766
Send:	220001
Receive: NO DATA
Time:	09:38:10,104
Send:	220001
Receive: NO DATA
Time:	09:38:10,388
Send:	220001
Receive: NO DATA
Time:	09:38:10,761
Send:	220001
Receive: NO DATA
Time:	09:38:11,063
Send:	220001
Receive: 62 00 01 02 8C 00 B1 0C B0 00 04 01 E2 00 88 00 00 03 B8 00 85 80 A7 4C 99 7E BD 41 F3 16 84 09 00 E6 02 30 62 17 7F 2C 72 00 50 09 43 00 2D 01 92 00 00 7B 45 03 03 7D E0 78 D7 0C 3A 9B 00 08 A1 1E 23 AA AA 
Time:	09:38:11,457
Send:	220001
Receive: 62 00 01 02 8C 00 B1 0C 9C 00 FD 01 FE 00 8B 00 00 03 D3 00 88 80 2C 4C 29 81 FD 41 F3 16 83 6C 00 E6 02 22 62 17 7F 2C 72 00 50 09 43 00 2D 01 88 00 00 7B 45 03 03 7D E0 78 D7 0C 3A 9B 00 08 B5 1E 55 AA AA 
Time:	09:38:11,888
Send:	220001
Receive: 62 00 01 02 8C 00 B1 0C A0 00 03 01 FB 00 88 00 00 03 CA 00 87 80 32 4C 2B 83 DD 41 F3 16 83 A3 00 E6 02 22 62 17 7F 2C 72 00 50 09 44 00 2D 01 80 00 00 7B 45 03 03 7D E0 78 D7 0C 3A 9B 00 08 AE 1E 4E AA AA 
Time:	09:38:12,291
Send:	220001
Receive: 62 00 01 02 8C 00 B1 0C A2 00 06 01 F8 00 88 00 00 03 D7 00 89 80 A1 4C 96 80 5D 41 F3 16 83 52 00 E6 02 11 62 18 60 2C 72 00 50 09 44 00 2D 01 75 00 00 7B 45 03 03 7D E0 78 D7 0C 3A 9B 00 08 BE 1E 6A AA AA 
Time:	09:38:12,686
Send:	220001
Receive: 62 00 01 02 8C 00 B1 0C 8A 00 04 01 EA 00 8B 00 00 03 CD 00 87 80 A3 4C 90 7E 9D 41 F3 16 83 8E 00 E6 02 11 62 18 60 2C 72 00 50 09 44 00 2D 01 72 00 00 7B 45 03 03 7D E0 78 D7 0C 3A 9B 00 08 C9 1E 98 AA AA 
Time:	09:38:13,079
Send:	220001
Receive: 62 00 01 02 8C 00 B1 0C 8E 00 02 01 EC 00 88 00 00 03 C5 00 85 80 2E 4C 2B 81 7D 41 F3 16 83 C0 00 E6 02 22 62 18 60 2C 72 00 50 09 44 00 2D 01 6A 00 00 7B 45 03 03 7D E0 78 D7 0C 3A 9B 00 08 BE 1E 84 AA AA 
Time:	09:38:13,520
Send:	220001
Receive: 62 00 01 02 8C 00 B1 0C 9E 00 04 01 F5 00 88 00 00 03 C9 00 87 80 2D 4C 2B 83 7D 41 F3 16 83 A7 00 E6 02 22 62 19 41 2C 72 00 50 09 45 00 2D 01 5C 00 00 7B 45 03 03 7D E0 78 D7 0C 3A 9B 00 08 C6 1E 64 AA AA 
Time:	09:38:13,917
Send:	220001
Receive: 62 00 01 02 8C 00 B1 0C 8C 00 04 01 F1 00 88 00 00 03 D0 00 87 80 A2 4C 9B 80 1D 41 F3 16 83 7D 00 E6 02 22 62 19 41 2C 72 00 50 09 45 00 2D 01 57 00 00 7B 45 03 03 7D E0 78 D7 0C 3A 9B 00 08 AD 1E 8C AA AA 
Time:	09:38:14,310
Send:	220001

Fixed toLineMF: 037 62 00 01 02 8C 00 B2 0C 92 00 01 01 E7 00 88 00 00 03 CB 00 41 F3 16 83 9A 00 E6 02 11 62 1A 22 2C 72 00 50 09 45 00 2D 01 51 00 00 7B 45 03 03 00 08 B3 1E 68 AA AA 
Receive: 62 00 01 02 8C 00 B2 0C 92 00 01 01 E7 00 88 00 00 03 CB 00 41 F3 16 83 9A 00 E6 02 11 62 1A 22 2C 72 00 50 09 45 00 2D 01 51 00 00 7B 45 03 03 00 08 B3 1E 68 AA AA 

Fixed toLineMF: 037 62 00 01 02 8C 00 B2 0C 92 00 01 01 E7 00 88 00 00 03 CB 00 41 F3 16 83 9A 00 E6 02 11 62 1A 22 2C 72 00 50 09 45 00 2D 01 51 00 00 7B 45 03 03 00 08 B3 1E 68 AA AA 
Time:	09:38:14,718
Send:	220001
Receive: 62 00 01 02 8C 00 B2 0C 8C 00 02 02 35 00 EC 00 00 04 3E 00 94 80 A8 4C 80 7C 5D 41 F3 16 82 4F 00 E6 02 11 63 1A 22 2C 72 00 5A 09 45 00 2D 01 4C 01 00 7B 45 03 07 7D E2 78 D7 0C 3A 9B 00 0A 16 21 AE AA AA 
Time:	09:38:15,173
Send:	220001
Receive: 62 00 01 02 8D 00 B2 0D CA 00 00 02 2F 00 90 00 00 04 31 00 A8 80 9C 4C A1 7F 9D 41 F3 16 82 2A 00 E6 02 84 63 1A 22 2C 72 00 5A 09 46 00 2D 01 10 00 00 7B 45 03 07 7D E0 78 D7 0C 3A 9B 00 09 8A 1F 20 AA AA 
Time:	09:38:15,562
Send:	220001
Receive: 62 00 01 02 8C 00 B2 0E 06 00 04 02 02 00 8D 00 00 03 F8 00 9D 80 B8 4C B3 7B 7D 41 F3 16 82 92 00 E6 02 84 63 1B 08 2C 72 00 5A 09 46 00 2D 01 08 00 00 7B 45 03 07 7D E0 78 D7 0C 3A 9B 00 09 06 1D DE AA AA 
Time:	09:38:15,948
Send:	220001
Receive: 62 00 01 02 8C 00 B2 0E 36 00 01 01 EB 00 8D 00 00 03 CF 00 99 80 C3 4C B8 79 5D 41 F3 16 83 81 00 E6 02 84 63 1B 08 2C 72 00 5A 09 46 00 2D 00 FA 00 00 7B 45 03 07 7D E0 78 D7 0C 3A 9B 00 08 A6 1D 05 AA AA 
Time:	09:38:16,326
Send:	220001
Receive: 62 00 01 02 8D 00 B2 0E 18 00 07 01 D6 00 8D 00 00 03 B7 00 93 80 C1 4C B5 77 3D 41 F3 16 84 11 00 E6 02 32 63 1B E9 2C 72 00 5A 09 46 00 2D 00 F8 00 00 7B 45 03 07 7D E0 78 D7 0C 3A 9B 00 08 7D 1C A4 AA AA 
Time:	09:38:16,738
Send:	220001
Receive: 62 00 01 02 8D 00 B2 0D F2 00 10 01 CC 00 8D 00 00 03 B1 00 94 80 BC 4C AB 75 5D 41 F3 16 84 37 00 E6 02 32 63 1B E9 2C 72 00 5A 09 46 00 2D 01 02 00 00 7B 45 03 07 7D C0 78 D7 0C 3A 9B 00 08 5A 1C 98 AA AA 
Time:	09:38:17,136
Send:	220001

Fixed toLineMF: 03E 62 00 01 02 8D 00 B2 0E 0C 00 0B 01 C2 00 8B 00 00 03 A5 00 91 80 AA 4C 2F 73 5D 41 F3 16 84 80 00 E6 01 EF 63 1C CA 2C 72 02 00 00 7B 45 03 05 7D C0 78 D7 0C 3A 9B 00 08 58 1C 59 AA AA 
Receive: 62 00 01 02 8D 00 B2 0E 0C 00 0B 01 C2 00 8B 00 00 03 A5 00 91 80 AA 4C 2F 73 5D 41 F3 16 84 80 00 E6 01 EF 63 1C CA 2C 72 02 00 00 7B 45 03 05 7D C0 78 D7 0C 3A 9B 00 08 58 1C 59 AA AA 

Fixed toLineMF: 03E 62 00 01 02 8D 00 B2 0E 0C 00 0B 01 C2 00 8B 00 00 03 A5 00 91 80 AA 4C 2F 73 5D 41 F3 16 84 80 00 E6 01 EF 63 1C CA 2C 72 02 00 00 7B 45 03 05 7D C0 78 D7 0C 3A 9B 00 08 58 1C 59 AA AA 
Time:	09:38:17,519
Send:	220001

Fixed toLineMF: 03E 62 00 01 02 8D 00 B2 0D EE 00 0D 01 B7 00 8D 00 00 03 A2 00 8D 80 5E 4C 2B 71 9D 01 EF 63 1C CA 2C 72 00 5A 09 46 00 2D 01 08 00 00 7B 45 03 05 7D C0 78 D7 0C 3A 9B 00 08 54 1C 6A AA AA 
Receive: 62 00 01 02 8D 00 B2 0D EE 00 0D 01 B7 00 8D 00 00 03 A2 00 8D 80 5E 4C 2B 71 9D 01 EF 63 1C CA 2C 72 00 5A 09 46 00 2D 01 08 00 00 7B 45 03 05 7D C0 78 D7 0C 3A 9B 00 08 54 1C 6A AA AA 

Fixed toLineMF: 03E 62 00 01 02 8D 00 B2 0D EE 00 0D 01 B7 00 8D 00 00 03 A2 00 8D 80 5E 4C 2B 71 9D 01 EF 63 1C CA 2C 72 00 5A 09 46 00 2D 01 08 00 00 7B 45 03 05 7D C0 78 D7 0C 3A 9B 00 08 54 1C 6A AA AA 
Time:	09:38:17,936
Send:	220001
Receive: 62 00 01 02 8D 00 B2 0D FC 00 0A 01 CE 00 8D 00 00 03 A7 00 91 80 29 4C 26 76 7D 41 F3 16 84 73 00 E6 01 EF 63 1D B0 2C 72 00 5A 09 46 00 2D 01 0D 00 00 7B 45 03 05 7D C0 78 D7 0C 3A 9B 00 08 5A 1C 6A AA AA 
Time:	09:38:18,316
Send:	220001
Receive: 62 00 01 02 8D 00 B2 0E 08 00 08 01 D0 00 8D 00 00 03 A8 00 8F 80 2C 4C 2D 78 7D 41 F3 16 84 6B 00 E6 02 22 63 1D B0 2C 72 00 5A 09 46 00 2D 01 0B 00 00 7B 45 03 05 7D C0 78 D7 0C 3A 9B 00 08 5D 1C 7D AA AA 
Time:	09:38:18,716
Send:	220001

Fixed toLineMF: 03E 62 00 01 02 8D 00 B2 0D FE 00 08 01 C1 00 8D 00 00 03 A1 00 41 F3 16 84 9A 00 E6 02 22 63 1E 91 2C 72 00 5A 09 47 00 2D 01 0D 00 00 7B 45 03 05 7D C0 78 D7 0C 3A 9B 00 08 56 1C 79 AA AA 
Receive: 62 00 01 02 8D 00 B2 0D FE 00 08 01 C1 00 8D 00 00 03 A1 00 41 F3 16 84 9A 00 E6 02 22 63 1E 91 2C 72 00 5A 09 47 00 2D 01 0D 00 00 7B 45 03 05 7D C0 78 D7 0C 3A 9B 00 08 56 1C 79 AA AA 

Fixed toLineMF: 03E 62 00 01 02 8D 00 B2 0D FE 00 08 01 C1 00 8D 00 00 03 A1 00 41 F3 16 84 9A 00 E6 02 22 63 1E 91 2C 72 00 5A 09 47 00 2D 01 0D 00 00 7B 45 03 05 7D C0 78 D7 0C 3A 9B 00 08 56 1C 79 AA AA 
Time:	09:38:19,106
Send:	220001
Receive: 62 00 01 02 8D 00 B2 0D E2 00 11 01 C4 00 8B 00 00 03 AF 00 92 80 AB 4C 64 72 DD 41 F3 16 84 48 00 E6 01 E0 63 1E 91 2C 72 00 5A 09 47 00 2D 01 1E 00 00 7B 45 03 01 7D C0 78 D7 0C 3A 9B 00 08 7D 1C A6 AA AA 
Time:	09:38:19,507
Send:	220001
Receive: NO DATA
Time:	09:38:19,800
Send:	220001
Receive: NO DATA
Time:	09:38:20,078
Send:	220001
Receive: NO DATA
Time:	09:38:20,368
Send:	220001
Receive: NO DATA
Time:	09:38:20,662
Send:	220001
Receive: NO DATA
Time:	09:38:20,945
Send:	220001
Receive: NO DATA
Time:	09:38:21,263
Send:	220001
Receive: NO DATA
Time:	09:38:21,545
Send:	220001
Receive: 62 00 01 02 8C 00 B2 0C A4 00 09 01 DA 00 86 00 00 03 BE 00 87 80 25 4C 22 7D 7D 41 F3 07 83 E2 00 E6 01 AD 63 22 FB 2C 72 00 50 09 49 00 2D 01 57 00 00 7B 45 03 01 7D C0 78 D7 0C 3A 9B 00 08 66 1D FA AA AA 
Time:	09:38:21,946
Send:	220001
Receive: 62 00 01 02 8C 00 B2 0C 98 00 0D 01 CC 00 86 00 00 03 9F 00 7C 80 25 4C 23 7F 5D 41 F3 07 84 9E 00 E6 01 AD 63 22 FB 2C 72 00 50 09 49 00 2D 01 44 00 00 7B 45 03 01 7D C0 78 D7 0C 3A 9B 00 08 BF 1E 51 AA AA 
Time:	09:38:22,327
Send:	220001
Receive: 62 00 01 02 8C 00 B2 0C A4 00 FB 01 E1 00 88 00 00 03 C0 00 82 80 28 4C 27 81 1D 41 F3 07 83 DE 00 E6 02 30 63 23 E1 2C 72 00 50 09 4A 00 2D 01 3A 00 00 7B 45 03 01 7D C0 78 D7 0C 3A 9B 00 08 AB 1E 4B AA AA 
Time:	09:38:22,746
Send:	220001
Receive: 62 00 01 02 8D 00 B2 0C 92 00 05 01 EC 00 88 00 00 03 C6 00 85 80 2B 4C 28 83 1D 41 F3 07 83 BC 00 E6 02 30 63 24 C2 2C 72 00 50 09 4A 00 2D 01 37 00 00 7B 45 03 01 7D C0 78 D7 0C 3A 9B 00 08 A9 1E 5E AA AA 
Time:	09:38:23,146
Send:	220001
Receive: 62 00 01 02 8D 00 B2 0C A6 00 02 01 EB 00 86 00 00 03 BF 00 85 80 33 4C 2A 84 FD 41 F3 07 83 E2 00 E6 02 22 64 25 A3 2C 72 00 50 09 4A 00 2D 01 29 00 00 7B 45 03 01 7D C0 78 D7 0C 3A 9B 00 08 9C 1E 39 AA AA 
Time:	09:38:23,575
Send:	220001
Receive: NO DATA
Time:	09:38:23,855
Send:	220001
Receive: NO DATA
Time:	09:38:24,135
Send:	220001
Receive: NO DATA
Time:	09:38:24,423
Send:	220001
Receive: NO DATA
Time:	09:38:24,727
Send:	220001
Receive: NO DATA
Time:	09:38:25,065
Send:	220001
Receive: NO DATA
Time:	09:38:25,438
Send:	220001
Receive: NO DATA
Time:	09:38:25,810
Send:	220001
Receive: 62 00 01 02 8D 00 B3 0D DA 00 11 01 B3 00 86 00 00 03 89 00 88 80 70 4C 2A 79 BD 41 F3 07 85 28 00 E6 01 EF 64 2A F3 2C 72 00 5A 09 4B 00 2D 00 ED 00 00 7B 45 03 05 7D C0 78 D7 0C 3A 9B 00 08 0F 1C 31 AA AA 
Time:	09:38:26,217
Send:	220001
Receive: 62 00 01 02 8D 00 B3 0D EE 00 0A 01 DA 00 8B 00 00 03 A2 00 90 80 2A 4C 26 7E 5D 41 F3 07 84 89 00 E6 01 EF 64 2B D4 2C 72 00 5A 09 4B 00 2D 00 FB 00 00 7B 45 03 05 7D C0 78 D7 0C 3A 9B 00 08 4C 1C 79 AA AA 
Time:	09:38:26,597
Send:	220001
Receive: 62 00 01 02 8D 00 B3 0D EA 00 08 01 D6 00 8D 00 00 03 A4 00 8E 80 30 4C 2E 80 3D 41 F3 07 84 89 00 E6 01 EF 64 2C BA 2C 72 00 5A 09 4B 00 2D 01 00 00 00 7B 45 03 05 7D C0 78 D7 0C 3A 9B 00 08 6B 1C B7 AA AA 
Time:	09:38:26,979
Send:	220001
Receive: 62 00 01 02 8D 00 B3 0E 00 00 07 01 D7 00 8D 00 00 03 BA 00 94 80 AB 4C A8 7C 5D 41 F3 07 84 00 00 E6 01 EF 64 2D 9B 2C 72 00 5A 09 4B 00 2D 01 03 00 00 7B 45 03 05 7D C0 78 D7 0C 3A 9B 00 08 92 1C DE AA AA 
Time:	09:38:27,367
Send:	220001
Receive: 62 00 01 02 8D 00 B3 0D D6 00 0E 01 CD 00 8D 00 00 03 BF 00 8F 80 AD 4C A2 7A 5D 41 F3 07 83 E2 00 E6 02 22 64 2E 7C 2C 72 00 5A 09 4B 00 2D 01 11 00 00 7B 45 03 05 7D C0 78 D7 0C 3A 9B 00 08 82 1D 35 AA AA 
Time:	09:38:27,781
Send:	220001
Receive: 62 00 01 02 8D 00 B3 0D D6 00 06 01 CC 00 8D 00 00 03 CB 00 93 80 36 4C 28 78 BD 41 F3 07 83 96 00 E6 02 22 64 2F 62 2C 72 00 5A 09 4B 00 2D 01 24 00 00 7B 45 03 01 7D C0 78 D7 0C 3A 9B 00 08 9E 1D 4D AA AA 
Time:	09:38:28,178
Send:	220001
Receive: 62 00 01 02 8D 00 B3 0D AC 00 04 01 B7 00 86 00 00 03 9B 00 89 80 29 4C 26 7D BD 41 F3 07 84 B8 00 E6 01 EF 64 31 24 2C 72 00 50 09 4C 00 2D 01 42 FF E8 7B 45 03 01 FD C0 78 D7 0C 3A 9B 00 08 54 1C F1 AA AA 
Time:	09:38:28,606
Send:	220001
Receive: 62 00 01 02 8C 00 B3 0D 3A 00 0C 01 B3 00 88 00 00 03 8E 00 80 80 27 4C 22 7F BD 41 F3 07 85 0A 00 E6 01 EF 64 32 0A 2C 72 00 50 09 4C 00 2D 01 58 00 00 7B 45 03 01 FD C0 78 D7 0C 3A 9B 00 08 67 1D 7C AA AA 
Time:	09:38:28,996
Send:	220001
Receive: 62 00 01 02 8C 00 B3 0C F6 00 09 01 C6 00 86 00 00 03 A7 00 82 80 25 4C 23 81 7D 41 F3 07 84 6F 00 E6 01 EF 64 32 EB 2C 72 00 50 09 4C 00 2D 01 60 00 00 7B 45 03 01 FD C0 78 D7 0C 3A 9B 00 08 7A 1D F5 AA AA 
Time:	09:38:29,398
Send:	220001
Receive: 62 00 01 02 8C 00 B3 0C D0 00 0F 01 D3 00 86 00 00 03 B0 00 80 80 26 4C 23 83 5D 41 F3 07 84 3C 00 E6 01 E6 64 32 0A 2C 72 00 50 09 4C 00 2D 01 5B 00 00 7B 45 03 01 FD C0 78 D7 0C 3A 9B 00 08 70 1E 25 AA AA 
Time:	09:38:29,786
Send:	220001
Receive: 62 00 01 02 8C 00 B3 0C CC 00 02 01 EA 00 86 00 00 03 CA 00 85 80 24 4C 22 85 3D 41 F3 07 83 A3 00 E6 01 E6 64 32 EB 2C 72 00 50 09 4C 00 2D 01 4D 00 00 7B 45 03 01 FD C0 78 D7 0C 3A 9B 00 08 82 1E 33 AA AA 
Time:	09:38:30,176
Send:	220001
Receive: 62 00 01 02 8C 00 B3 0C E2 00 FB 01 F2 00 83 00 00 03 D0 00 8A 80 28 4C 26 87 3D 41 F3 07 83 7D 00 E6 02 22 64 32 EB 2C 72 00 50 09 4C 00 2D 01 37 00 00 7B 45 03 01 FD C0 78 D7 0C 3A 9B 00 08 98 1E 15 AA AA 
Time:	09:38:30,576
Send:	220001
Receive: 62 00 01 02 8D 00 B3 0C C2 00 FD 01 EF 00 7E 00 00 03 C5 00 89 80 2E 4C 29 89 1D 41 F3 07 83 C0 00 E6 02 22 64 33 CC 2C 72 00 50 09 4C 00 2D 01 2F FF FE 7B 45 03 01 FD C0 78 D7 0C 3A 9B 00 08 9B 1E 0B AA AA 
Time:	09:38:30,966
Send:	220001
Receive: 62 00 01 02 8D 00 B3 0C C6 00 02 01 E2 00 7E 00 00 03 A7 00 84 80 31 4C 2B 8A 7D 41 F3 07 84 73 00 E6 02 22 64 32 EB 2C 72 00 50 09 4D 00 2D 01 21 00 00 7B 45 03 01 FD C0 78 D7 0C 3A 9B 00 08 40 1D 9D AA AA 
Time:	09:38:31,367
Send:	220001
Receive: 62 00 01 02 8D 00 B3 0C B4 00 09 01 C0 00 79 00 00 03 89 00 7F 80 A6 4C A0 85 DD 41 F3 07 85 28 00 E6 02 11 64 32 EB 2C 72 00 50 09 4D 00 2D 01 0B 00 00 7B 45 03 01 FD C0 78 D7 0C 3A 9B 00 08 0F 1D 3A AA AA 
Time:	09:38:31,851
Send:	220001
Receive: NO DATA
Time:	09:38:32,172
Send:	220001
Receive: NO DATA
Time:	09:38:32,453
Send:	220001
Receive: NO DATA
Time:	09:38:32,755
Send:	220001
Receive: NO DATA
Time:	09:38:33,040
Send:	220001
Receive: NO DATA
Time:	09:38:33,349
Send:	220001
Receive: NO DATA
Time:	09:38:33,654
Send:	220001
Receive: NO DATA
Time:	09:38:33,985
Send:	220001
Receive: 62 00 01 02 8C 00 B4 0C 9E 00 0C 01 BC 00 79 00 00 03 6D 00 76 80 A5 4C 39 87 BD 41 F3 07 85 D6 00 E6 01 F4 65 32 0A 2C 72 00 50 09 4E 00 2D 00 BC 00 00 7B 45 03 01 FD C0 78 D8 0C 3A 9B 00 07 F5 1D 19 AA AA 
Time:	09:38:34,416
Send:	220001
Receive: 62 00 01 02 8D 00 B4 0C 98 00 0A 01 BB 00 79 00 00 03 73 00 79 80 97 4C 2B 85 FD 41 F3 07 85 AF 00 E6 01 BA 65 32 0A 2C 72 00 50 09 4F 00 2D 00 B1 00 00 7B 45 03 01 FD C0 78 D8 0C 3A 9B 00 07 F5 1D 31 AA AA 
Time:	09:38:34,837
Send:	220001
Receive: 62 00 01 02 8D 00 B4 0C 8E 00 0D 01 D3 00 79 00 00 03 86 00 7E 80 29 4C 26 8A 3D 41 F3 08 85 35 00 E6 01 BA 65 32 EB 2C 72 00 50 09 4F 00 2D 00 AF 00 00 7B 45 03 01 FD C0 78 D8 0C 3A 9B 00 07 FC 1D 4E AA AA 
Time:	09:38:35,256
Send:	220001
Receive: 62 00 01 02 8D 00 B4 0C AE 00 02 01 D8 00 7C 00 00 03 85 00 7D 80 2A 4C 28 8B FD 41 F3 08 85 42 00 E6 01 F4 65 32 0A 2C 72 00 50 09 4F 00 2D 00 9E 00 00 7B 45 03 01 FD C0 78 D8 0C 3A 9B 00 08 02 1D 1D AA AA 
Time:	09:38:35,646
Send:	220001
Receive: 62 00 01 02 8D 00 B4 0C B2 00 06 01 CA 00 79 00 00 03 79 00 7C 80 9C 4C 88 89 9D 41 F3 08 85 8C 00 E6 01 F4 65 32 0A 2C 72 00 50 09 50 00 2D 00 8E 00 00 7B 45 03 01 FD C0 78 D8 0C 3A 9B 00 08 16 1D 13 AA AA 
Time:	09:38:36,026
Send:	220001
Receive: 62 00 01 02 8D 00 B4 0C 8A 00 07 01 C9 00 79 00 00 03 7D 00 79 80 AC 4C A4 87 DD 41 F3 08 85 72 00 E6 01 F4 65 32 0A 2C 72 00 50 09 50 00 2D 00 88 00 00 7B 45 03 01 FD C0 78 D8 0C 3A 9B 00 08 00 1D 4B AA AA 
Time:	09:38:36,425
Send:	220001

Fixed toLineMF: 030 62 00 01 02 8C 00 00 7C 00 00 03 73 00 41 F3 08 85 A6 00 E6 01 E6 65 32 0A 2C 72 00 50 09 50 00 2D 00 FD C0 78 D8 0C 3A 9B 00 08 12 1D 64 AA AA 
Receive: 62 00 01 02 8C 00 00 7C 00 00 03 73 00 41 F3 08 85 A6 00 E6 01 E6 65 32 0A 2C 72 00 50 09 50 00 2D 00 FD C0 78 D8 0C 3A 9B 00 08 12 1D 64 AA AA 

Fixed toLineMF: 030 62 00 01 02 8C 00 00 7C 00 00 03 73 00 41 F3 08 85 A6 00 E6 01 E6 65 32 0A 2C 72 00 50 09 50 00 2D 00 FD C0 78 D8 0C 3A 9B 00 08 12 1D 64 AA AA 
Time:	09:38:36,876
Send:	220001
Receive: 62 00 01 02 8D 00 B4 0C 92 00 07 01 D8 00 79 00 00 03 88 00 7D 80 2B 4C 27 89 5D 41 F3 08 85 2C 00 E6 01 E6 65 32 0A 2B FF 00 50 09 50 00 2D 00 80 00 00 7B 45 03 01 FD C0 78 D8 0C 3A 9B 00 08 15 1D 47 AA AA 
Time:	09:38:37,277
Send:	220001
Receive: 62 00 01 02 8D 00 B4 0C A8 00 09 01 D6 00 7C 00 00 03 7A 00 7D 80 2D 4C 2B 8B 1D 41 F3 08 85 88 00 E6 01 E6 65 32 0A 2B FF 00 50 09 51 00 2D 00 70 00 00 7B 45 03 01 FD C0 78 D8 0C 3A 9B 00 08 18 1D 3B AA AA 
Time:	09:38:37,767
Send:	220001

Fixed toLineMF: 03E 62 00 01 02 8D 00 B4 0C A0 00 0A 01 CB 00 7C 00 00 03 7B 00 7C 80 AA 4C A2 87 9D 41 F3 08 85 7F 00 E6 01 E6 65 32 0A 2B FF 00 50 09 51 00 2D 00 65 00 00 7B 45 03 01 FD C0 78 D8 0C 3A 9B 
Receive: 62 00 01 02 8D 00 B4 0C A0 00 0A 01 CB 00 7C 00 00 03 7B 00 7C 80 AA 4C A2 87 9D 41 F3 08 85 7F 00 E6 01 E6 65 32 0A 2B FF 00 50 09 51 00 2D 00 65 00 00 7B 45 03 01 FD C0 78 D8 0C 3A 9B 

Fixed toLineMF: 03E 62 00 01 02 8D 00 B4 0C A0 00 0A 01 CB 00 7C 00 00 03 7B 00 7C 80 AA 4C A2 87 9D 41 F3 08 85 7F 00 E6 01 E6 65 32 0A 2B FF 00 50 09 51 00 2D 00 65 00 00 7B 45 03 01 FD C0 78 D8 0C 3A 9B 
Time:	09:38:38,142
Send:	220001
Receive: 62 00 01 02 8C 00 B4 0C 6E 00 0D 01 BC 00 7C 00 00 03 6D 00 78 80 AB 4C A0 85 DD 41 F3 08 85 D2 00 E6 01 E6 65 31 24 2B FF 00 50 09 51 00 2D 00 62 00 00 7B 45 03 01 FD C0 78 D8 0C 3A 9B 00 08 1B 1D 78 AA AA 
Time:	09:38:38,548
Send:	220001
Receive: 62 00 01 02 8C 00 B4 0C 7A 00 FE 01 D6 00 7C 00 00 03 97 00 7B 80 2E 4C 24 84 7D 41 F3 08 84 D6 00 E6 01 E6 65 31 24 2B FF 00 50 09 51 00 2D 00 62 00 00 7B 45 03 01 FD C0 78 D8 0C 3A 9B 00 08 1E 1D A7 AA AA 
Time:	09:38:38,936
Send:	220001
Receive: 62 00 01 02 8D 00 B4 0C 94 00 02 01 E2 00 7C 00 00 03 96 00 7D 80 29 4C 27 89 1D 41 F3 08 84 D6 00 E6 01 E6 65 32 0A 2B FF 00 50 09 52 00 2D 00 5D 00 00 7B 45 03 01 FD C0 78 D8 0C 3A 9B 00 08 0D 1D 7C AA AA 
Time:	09:38:39,328
Send:	220001

Fixed toLineMF: 03E 62 00 01 02 8D 00 00 7C 00 00 03 93 00 80 80 3B 4C 2C 8A DD 41 F3 08 84 EC 00 E6 01 E6 65 32 0A 2B FF 00 50 09 52 00 2D 00 57 00 00 7B 45 03 01 FD C0 78 D8 0C 3A 9B 00 08 15 1D 7A AA AA 
Receive: 62 00 01 02 8D 00 00 7C 00 00 03 93 00 80 80 3B 4C 2C 8A DD 41 F3 08 84 EC 00 E6 01 E6 65 32 0A 2B FF 00 50 09 52 00 2D 00 57 00 00 7B 45 03 01 FD C0 78 D8 0C 3A 9B 00 08 15 1D 7A AA AA 

Fixed toLineMF: 03E 62 00 01 02 8D 00 00 7C 00 00 03 93 00 80 80 3B 4C 2C 8A DD 41 F3 08 84 EC 00 E6 01 E6 65 32 0A 2B FF 00 50 09 52 00 2D 00 57 00 00 7B 45 03 01 FD C0 78 D8 0C 3A 9B 00 08 15 1D 7A AA AA 
Time:	09:38:39,716
Send:	220001
Receive: 62 00 01 02 8D 00 B4 0C A0 00 07 01 D3 00 7C 00 00 03 8C 00 80 80 A6 4C 98 87 3D 41 F3 08 85 1B 00 E6 01 E6 65 32 0A 2B FF 00 50 09 52 00 2D 00 4F 00 00 7B 45 03 01 FD C0 78 D8 0C 3A 9B 00 08 36 1D 65 AA AA 
Time:	09:38:40,108
Send:	220001
Receive: 62 00 01 02 8D 00 B4 0C 92 00 0A 01 BE 00 7C 00 00 03 7A 00 79 80 A7 4C 89 85 7D 41 F3 08 85 88 00 E6 01 E6 65 31 24 2B FF 00 50 09 52 00 2D 00 41 00 00 7B 45 03 01 FD C0 78 D8 0C 3A 9B 00 08 25 1D 6E AA AA 
Time:	09:38:40,546
Send:	220001
Receive: 62 00 01 02 8D 00 B4 0C 80 00 09 01 BC 00 7E 00 00 03 7F 00 79 80 9A 4C 2D 83 BD 41 F3 08 85 69 00 E6 01 E6 65 31 24 2B FF 00 50 09 52 00 2D 00 41 00 00 7B 45 03 01 FD C0 78 D8 0C 3A 9B 00 08 3D 1D 89 AA AA 
Time:	09:38:40,957
Send:	220001
Receive: 62 00 01 02 8C 00 B4 0C 72 00 02 01 CB 00 79 00 00 03 7F 00 7B 80 2A 4C 28 87 DD 41 F3 08 85 65 00 E6 01 E6 65 31 24 2B FF 00 50 09 52 00 2D 00 41 00 00 7B 45 03 01 FD C0 78 D8 0C 3A 9B 00 08 37 1D 93 AA AA 
Time:	09:38:41,361
Send:	220001
Time:	09:38:41,798
Send:	ATZ
Receive: ELM327 V1.5
State: none 09:38:42,716
