AppVersion: 2.17.27
Android SDK: 30 (11)
Android device: Xiaomi MI 9
ECU: Автоопределение блока СУД
Connect: Bluetooth
State: connecting 07:15:53,534
Device: 27:88:08:BF:C4:F1
State: connected 07:15:55,071
Time:	07:15:55,177
Send:	AT@1
Receive: AT@1OBDII TO RS232 ADAPTER
Time:	07:15:55,410
Send:	ATZ
Receive: ATZELM327 V1.5
Time:	07:15:56,225
Send:	ATE0
Receive: ATE0OK
Time:	07:15:56,239
Send:	ATSP6
Receive: OK
Time:	07:15:56,255
Send:	ATAL
Receive: OK
Time:	07:15:56,272
Send:	ATD0
Receive: OK
Time:	07:15:56,288
Send:	ATST32
Receive: OK
Time:	07:15:56,305
Send:	ATSH7E0
Receive: OK
Time:	07:15:56,322
Send:	ATCRA7E8
Receive: OK
Time:	07:15:56,339
Send:	ATSW00
Receive: OK
Time:	07:15:56,355
Send:	ATCAF1
Receive: OK
Time:	07:15:56,372
Send:	22009A
Receive: 62 00 9A 49 37 38 35 56 53 43 33 00 00 
DBSQL: found 34 - 1
ECU: Автоопределение блока СУД
ВАЗ: Ителма M86CAN
Time:	07:15:56,900
Send:	220001
Receive: 62 00 01 02 7B 00 4A 00 00 00 F9 00 00 01 0C 00 00 10 67 00 00 80 67 58 67 7F FD 41 00 00 86 8A 00 E6 00 00 4B 00 00 1F C0 00 70 0A 3F 00 30 00 00 00 00 4A 05 03 00 01 C8 78 D1 0C 3A 9B 04 25 80 3F 83 AA AA 
Time:	07:15:57,241
Send:	220001
Receive: 62 00 01 02 7B 00 4A 00 00 00 F9 00 00 01 0C 00 00 10 67 00 00 80 66 58 67 7F FD 41 00 00 86 8A 00 E6 00 00 4B 00 00 1F C0 00 70 0A 3F 00 30 00 00 00 00 4A 05 03 00 01 C8 78 D1 0C 3A 9B 04 25 80 3F 82 AA AA 
Time:	07:15:57,642
Send:	220001
Receive: 62 00 01 02 7B 00 4A 00 00 00 F9 00 00 01 0C 00 00 10 67 00 00 80 66 58 66 7F FD 41 00 00 86 8A 00 E6 00 00 4B 00 00 1F C0 00 70 0A 3F 00 30 00 00 00 00 4A 05 03 00 01 C8 78 D1 0C 3A 9B 04 25 80 3F 82 AA AA 
Time:	07:15:58,030
Send:	220001
Receive: 62 00 01 02 7B 00 4A 00 00 00 F9 00 00 01 0C 00 00 10 67 00 00 80 66 58 67 7F FD 41 00 00 86 8A 00 E6 00 00 4B 00 00 1F C0 00 70 0A 3F 00 30 00 00 00 00 4A 05 03 00 01 C8 78 D1 0C 3A 9B 04 25 80 3F 83 AA AA 
Time:	07:15:58,414
Send:	220001

Fixed toLineMF: 022 62 00 01 02 7B 00 01 0C 00 00 10 67 00 41 00 00 86 8A 00 E6 00 70 0A 3F 00 30 00 01 C8 78 D1 0C 3A 9B 
Receive: 62 00 01 02 7B 00 01 0C 00 00 10 67 00 41 00 00 86 8A 00 E6 00 70 0A 3F 00 30 00 01 C8 78 D1 0C 3A 9B 

Fixed toLineMF: 022 62 00 01 02 7B 00 01 0C 00 00 10 67 00 41 00 00 86 8A 00 E6 00 70 0A 3F 00 30 00 01 C8 78 D1 0C 3A 9B 
Time:	07:15:58,797
Send:	220001
Receive: 62 00 01 02 7B 00 4A 00 00 00 F9 00 00 01 0C 00 00 10 66 00 00 80 66 58 67 7F FD 41 00 00 86 8A 00 E6 00 00 4B 00 00 1F C0 00 70 0A 3F 00 30 00 00 00 00 4A 05 03 00 01 C8 78 D1 0C 3A 9B 04 25 80 3F 83 AA AA 
Time:	07:15:59,191
Send:	220001
Receive: 62 00 01 02 7B 00 4A 00 00 00 F9 00 00 01 0C 00 00 10 66 00 00 80 66 58 66 7F FD 41 00 00 86 8A 00 E6 00 00 4B 00 00 1F C0 00 70 0A 3F 00 30 00 00 00 00 4A 05 03 00 01 C8 78 D1 0C 3A 9B 04 25 80 3F 82 AA AA 
Time:	07:15:59,584
Send:	220001
Receive: 62 00 01 02 7B 00 4A 00 00 00 F9 00 00 01 0C 00 00 10 66 00 00 80 66 58 67 7F FD 41 00 00 86 8A 00 E6 00 00 4B 00 00 1F C0 00 70 0A 3F 00 30 00 00 00 00 4A 05 03 00 01 C8 78 D1 0C 3A 9B 04 25 80 3F 80 AA AA 
Time:	07:15:59,973
Send:	220001
Receive: 62 00 01 02 7B 00 4A 00 00 00 F9 00 00 01 0C 00 00 10 66 00 00 80 66 58 67 7F FD 41 00 00 86 8A 00 E6 00 00 4B 00 00 1F C0 00 70 0A 3F 00 30 00 00 00 00 4A 05 03 00 01 C8 78 D1 0C 3A 9B 04 25 80 3F 84 AA AA 
Time:	07:16:00,362
Send:	220001
Receive: 62 00 01 02 7B 00 4A 00 00 00 F9 00 00 01 0C 00 00 10 66 00 00 80 66 58 67 7F FD 41 00 00 86 8A 00 E6 00 00 4B 00 00 1F C0 00 70 0A 3F 00 30 00 00 00 00 4A 05 03 00 01 C8 78 D1 0C 3A 9B 04 25 80 3F 80 AA AA 
Time:	07:16:00,753
Send:	220001
Receive: 62 00 01 02 7B 00 4A 00 00 00 F9 00 00 01 0C 00 00 10 67 00 00 80 66 58 67 7F FD 41 00 00 86 8A 00 E6 00 00 4B 00 00 1F C0 00 70 0A 3F 00 30 00 00 00 00 4A 05 03 00 01 C8 78 D1 0C 3A 9B 04 25 80 3F 7F AA AA 
Time:	07:16:01,144
Send:	220001
Receive: 62 00 01 02 7B 00 4A 00 00 00 F9 00 00 01 0C 00 00 10 67 00 00 80 66 58 67 7F FD 41 00 00 86 8A 00 E6 00 00 4B 00 00 1F C0 00 70 0A 3F 00 30 00 00 00 00 4A 05 03 00 01 C8 78 D1 0C 3A 9B 04 25 80 3F 80 AA AA 
Time:	07:16:01,552
Send:	220001
Receive: 62 00 01 02 7B 00 4A 00 00 00 F9 00 00 01 0C 00 00 10 67 00 00 80 66 58 67 7F FD 41 00 00 86 8A 00 E6 00 00 4B 00 00 1F C0 00 70 0A 3F 00 30 00 00 00 00 4A 05 03 00 01 C8 78 D1 0C 3A 9B 04 25 80 3F 82 AA AA 
Time:	07:16:01,945
Send:	220001
Receive: 62 00 01 02 61 00 4A 02 2A 00 F9 00 00 01 5C 00 00 10 67 00 64 80 67 58 67 7F FD 41 00 00 86 8A 00 E6 00 00 4B 00 00 1F C0 00 70 0A 3F 00 30 00 00 00 00 4A 05 03 01 01 C8 78 D1 0C 3A 9B 04 25 80 3D 89 AA AA 
Time:	07:16:02,351
Send:	220001

Fixed toLineMF: 03E 62 00 01 02 6B 00 4A 02 5A 00 F9 27 D2 01 57 00 00 0E 00 00 41 00 00 86 8A 00 E6 00 00 4B 00 00 1F C0 00 70 0A 3F 00 30 00 00 00 00 4A 05 03 01 01 C8 78 D1 0C 3A 9B 04 1F B4 3E 24 AA AA 
Receive: 62 00 01 02 6B 00 4A 02 5A 00 F9 27 D2 01 57 00 00 0E 00 00 41 00 00 86 8A 00 E6 00 00 4B 00 00 1F C0 00 70 0A 3F 00 30 00 00 00 00 4A 05 03 01 01 C8 78 D1 0C 3A 9B 04 1F B4 3E 24 AA AA 

Fixed toLineMF: 03E 62 00 01 02 6B 00 4A 02 5A 00 F9 27 D2 01 57 00 00 0E 00 00 41 00 00 86 8A 00 E6 00 00 4B 00 00 1F C0 00 70 0A 3F 00 30 00 00 00 00 4A 05 03 01 01 C8 78 D1 0C 3A 9B 04 1F B4 3E 24 AA AA 
Time:	07:16:02,766
Send:	220001
Receive: 62 00 01 02 6F 00 4A 06 68 00 05 0C 28 01 57 00 00 0B 9B 01 98 80 66 58 66 7F FD 41 00 00 86 8A 00 E6 00 00 4B 00 00 1F C0 00 70 0A 3F 00 30 00 00 00 00 4A 05 03 01 01 C8 78 D1 0C 3A 9B 04 16 AC 31 6F AA AA 
Time:	07:16:03,190
Send:	220001
Receive: 62 00 01 02 79 00 4A 16 66 00 13 06 82 01 23 00 00 06 4C 01 84 80 67 58 67 7F FD 41 00 00 89 73 00 E6 0C F8 4B 00 00 1F C0 00 70 0A 3E 00 30 00 00 FF 51 4A 05 03 01 01 C0 78 D1 0C 3A 9B 04 0E 8C 20 8B AA AA 
Time:	07:16:03,593
Send:	220001

Fixed toLineMF: 03E 62 00 01 02 7C 00 01 1C 00 00 05 5B 01 20 80 67 58 67 7F FD 41 00 00 85 DB 00 E6 0C F8 4B 00 00 1F C0 00 70 0A 3C 00 30 00 34 FF D8 4A 05 03 01 01 C2 78 D1 0C 3A 9B 00 0C 51 1E 5F AA AA 
Receive: 62 00 01 02 7C 00 01 1C 00 00 05 5B 01 20 80 67 58 67 7F FD 41 00 00 85 DB 00 E6 0C F8 4B 00 00 1F C0 00 70 0A 3C 00 30 00 34 FF D8 4A 05 03 01 01 C2 78 D1 0C 3A 9B 00 0C 51 1E 5F AA AA 

Fixed toLineMF: 03E 62 00 01 02 7C 00 01 1C 00 00 05 5B 01 20 80 67 58 67 7F FD 41 00 00 85 DB 00 E6 0C F8 4B 00 00 1F C0 00 70 0A 3C 00 30 00 34 FF D8 4A 05 03 01 01 C2 78 D1 0C 3A 9B 00 0C 51 1E 5F AA AA 
Time:	07:16:03,978
Send:	220001
Receive: 62 00 01 02 85 00 4A 13 84 00 12 05 41 01 19 00 00 05 67 01 27 80 67 58 67 7F FD 41 00 00 85 E8 00 E6 09 DC 4A 00 00 1F C0 00 70 0A 3B 00 30 00 D6 FF C2 4A 05 03 01 01 C2 78 D1 0C 3A 9B 00 0C 63 1E 40 AA AA 
Time:	07:16:04,382
Send:	220001
Receive: 62 00 01 02 8C 00 4A 13 96 00 09 05 3F 01 16 00 00 05 66 01 2F 80 67 58 67 7F FD 41 00 00 85 F0 00 E6 09 DC 4A 00 00 1F C0 00 70 0A 3A 00 30 01 17 FF B1 4A 05 03 01 01 C2 78 D1 0C 3A 9B 00 0C 59 1E 03 AA AA 
Time:	07:16:04,784
Send:	220001
Receive: 62 00 01 02 8C 00 4A 13 6C 00 0B 04 F3 01 16 00 00 05 4D 01 1F 80 66 58 67 7F FD 41 00 00 85 D6 00 E6 09 BC 4A 00 00 1F C0 00 70 0A 39 00 30 01 0B FF CC 4A 05 03 01 01 C2 78 D1 0C 3A 9B 00 0C 20 1D F3 AA AA 
Time:	07:16:05,170
Send:	220001
Receive: 62 00 01 02 8C 00 4A 13 28 00 09 05 24 01 12 00 00 05 50 01 1E 80 66 58 67 7F FD 41 00 00 85 D6 00 E6 09 BC 4A 00 00 1F C0 00 70 0A 39 00 30 00 F9 FF D6 4A 05 03 01 01 C2 78 D1 0C 3A 9B 00 0C 1E 1E 19 AA AA 
Time:	07:16:05,563
Send:	220001
Receive: 62 00 01 02 8C 00 4A 12 9E 00 0C 05 42 01 0A 00 00 05 51 01 13 80 66 58 67 7F FD 41 00 00 85 C0 00 E6 09 BC 4A 00 00 1F C0 00 70 0A 39 00 30 00 E5 FF EF 4A 05 03 01 01 C2 78 D1 0C 3A 9B 00 0C 1F 1E 75 AA AA 
Time:	07:16:05,950
Send:	220001
Receive: 62 00 01 02 8C 00 4A 12 7E 00 0B 05 28 01 05 00 00 05 46 01 12 80 6A 58 67 7F FD 41 00 00 85 B3 00 E6 09 11 4A 00 00 1F C0 00 70 0A 38 00 30 00 CC FF F2 4A 05 03 01 01 C2 78 D1 0C 3A 9B 00 0C 09 1E 49 AA AA 
Time:	07:16:06,346
Send:	220001
Receive: 62 00 01 02 8C 00 4A 12 06 00 0E 05 2B 00 F9 00 00 05 44 01 09 80 67 58 67 7F FD 41 00 00 85 A2 00 E6 09 11 4A 00 00 1F C0 00 70 0A 38 00 30 00 C7 00 00 4A 05 03 01 01 C2 78 D1 0C 3A 9B 00 0B FE 1E 49 AA AA 
Time:	07:16:06,751
Send:	220001
Receive: 62 00 01 02 8C 00 4A 11 BC 00 11 04 E2 00 F9 00 00 05 2D 00 FF 80 67 58 67 7F FD 41 00 00 85 69 00 E6 09 11 4A 00 00 1F C0 00 70 0A 38 00 30 00 D1 00 00 4A 05 03 01 01 C2 78 D1 0C 3A 9B 00 0B D3 1E 04 AA AA 
Time:	07:16:07,130
Send:	220001
Receive: 62 00 01 02 8C 00 4A 11 8A 00 13 04 BD 00 F6 00 00 05 25 00 FD 80 67 58 67 7F FD 41 00 00 85 5C 00 E6 08 5C 4A 00 00 1F C0 00 70 0A 38 00 30 00 ED 00 00 4A 05 03 01 01 C2 78 D1 0C 3A 9B 00 0B C3 1D E8 AA AA 
Time:	07:16:07,513
Send:	220001

Fixed toLineMF: 03E 62 00 01 02 8C 00 4A 11 60 00 14 04 D9 00 F6 00 00 05 26 00 41 00 00 85 39 00 E6 08 5C 4A 00 00 1F C0 00 70 0A 38 00 30 01 01 00 22 4A 05 03 01 01 C2 78 D1 0C 3A 9B 00 0B E0 1E 2E AA AA 
Receive: 62 00 01 02 8C 00 4A 11 60 00 14 04 D9 00 F6 00 00 05 26 00 41 00 00 85 39 00 E6 08 5C 4A 00 00 1F C0 00 70 0A 38 00 30 01 01 00 22 4A 05 03 01 01 C2 78 D1 0C 3A 9B 00 0B E0 1E 2E AA AA 

Fixed toLineMF: 03E 62 00 01 02 8C 00 4A 11 60 00 14 04 D9 00 F6 00 00 05 26 00 41 00 00 85 39 00 E6 08 5C 4A 00 00 1F C0 00 70 0A 38 00 30 01 01 00 22 4A 05 03 01 01 C2 78 D1 0C 3A 9B 00 0B E0 1E 2E AA AA 
Time:	07:16:07,928
Send:	220001
Receive: 62 00 01 02 8C 00 4A 11 66 00 12 04 BC 00 F3 00 00 05 2B 00 FF 80 66 58 67 7F FD 41 00 00 85 69 00 E6 07 DF 4A 00 00 1F C0 00 70 0A 38 00 30 01 1F 00 00 4A 05 03 01 01 C2 78 D1 0C 3A 9B 00 0B C8 1E 15 AA AA 
Time:	07:16:08,311
Send:	220001
Receive: 62 00 01 02 8C 00 4A 11 8E 00 13 04 96 00 F3 00 00 05 1C 00 FD 80 67 58 67 7F FD 41 00 00 85 53 00 E6 07 DF 4A 00 00 1F C0 00 70 0A 38 00 30 01 26 00 00 4A 05 03 01 01 C2 78 D1 0C 3A 9B 00 0B A6 1D DC AA AA 
Time:	07:16:08,714
Send:	220001
Receive: 62 00 01 02 8C 00 4A 11 9E 00 10 04 63 00 F3 00 00 05 0F 00 FB 80 67 58 67 7F FD 41 00 00 85 3E 00 E6 07 DF 4A 00 00 1F C0 00 70 0A 38 00 30 01 26 00 00 4A 05 03 01 01 C2 78 D1 0C 3A 9B 00 0B 92 1D C1 AA AA 
Time:	07:16:09,163
Send:	220001
Receive: 62 00 01 02 8C 00 4A 11 C2 00 10 04 42 00 F3 00 00 04 FB 00 F5 80 66 58 67 7F FD 41 00 00 85 0E 00 E6 07 61 4A 00 00 1F C0 00 70 0A 38 00 30 01 17 00 00 4A 05 03 01 01 C2 78 D1 0C 3A 9B 00 0B 68 1D 7A AA AA 
Time:	07:16:09,551
Send:	220001
Receive: 62 00 01 02 8C 00 4A 11 48 00 17 04 4C 00 E0 00 00 04 FF 00 F1 80 67 58 67 7F FD 41 00 00 85 01 00 E6 07 61 4A 00 00 1F C0 00 70 0A 38 00 30 01 29 00 00 4A 05 03 01 01 C2 78 D1 0C 3A 9B 00 0B 45 1D 3D AA AA 
Time:	07:16:09,943
Send:	220001
Receive: 62 00 01 02 8C 00 4A 11 AA 00 21 03 66 00 E0 00 00 04 B3 00 EF 80 67 58 67 7F FD 41 00 00 84 D6 00 E6 06 28 4A 00 00 1F C0 00 70 0A 38 00 30 01 35 00 00 4A 05 03 01 01 C0 78 D1 0C 3A 9B 00 0A 94 1B F4 AA AA 
Time:	07:16:10,350
Send:	220001
Receive: 62 00 01 02 8C 00 4A 12 A8 00 20 02 EF 00 E0 00 00 04 63 00 EA 80 66 58 67 7F FD 41 00 00 85 01 00 E6 06 28 4A 00 00 1F C0 00 70 0A 38 00 30 00 A4 FF DE 4A 05 03 01 01 C0 78 D1 0C 3A 9B 00 09 FA 1A 9B AA AA 
Time:	07:16:10,750
Send:	220001
Receive: 62 00 01 02 8C 00 4A 13 3A 00 18 03 0F 00 E7 00 00 04 47 00 E7 80 66 58 67 7F FD 41 00 00 85 24 00 E6 06 28 4A 00 00 1F C0 00 70 0A 38 00 30 FF B8 FF CC 4A 05 03 01 01 C0 78 D1 0C 3A 9B 00 09 AF 1A 2E AA AA 
Time:	07:16:11,206
Send:	220001
Receive: 62 00 01 02 8C 00 4A 12 42 00 15 03 C6 00 E7 00 00 04 6D 00 DC 80 66 58 67 7F FD 41 00 00 84 37 00 E6 05 55 4A 00 00 1F C0 00 70 0A 38 00 30 FF 07 00 00 4A 05 03 01 01 C0 78 D1 0C 3A 9B 00 0A 36 1B 73 AA AA 
Time:	07:16:11,614
Send:	220001
Receive: 62 00 01 02 8C 00 4A 11 44 00 17 04 63 00 E7 00 00 04 BC 00 E1 80 66 58 67 7F FD 41 00 00 84 55 00 E6 05 55 4A 00 00 1F C0 00 70 0A 38 00 30 FF 16 00 36 4A 05 03 01 01 C0 78 D1 0C 3A 9B 00 0A EF 1C C9 AA AA 
Time:	07:16:12,087
Send:	220001
Receive: 62 00 01 02 8C 00 4A 11 18 00 14 04 36 00 E7 00 00 04 E6 00 ED 80 67 58 67 7F FD 41 00 00 84 CD 00 E6 07 1C 4A 00 00 1F C0 00 70 0A 38 00 30 FF 52 00 00 4A 05 03 01 01 C0 78 D1 0C 3A 9B 00 0B 35 1D 63 AA AA 
Time:	07:16:12,534
Send:	220001
Receive: 62 00 01 02 8C 00 4A 11 84 00 11 03 BD 00 E7 00 00 04 D3 00 F0 80 67 58 67 7F FD 41 00 00 84 DF 00 E6 07 1C 4A 00 00 1F C0 00 70 0A 38 00 30 FF 5C 00 00 4A 05 03 01 01 C0 78 D1 0C 3A 9B 00 0A F5 1C E9 AA AA 
Time:	07:16:12,970
Send:	220001
Receive: 62 00 01 02 8C 00 4A 11 CE 00 0D 03 A5 00 E7 00 00 04 B8 00 EB 80 66 58 67 7F FD 41 00 00 84 B4 00 E6 06 26 4A 00 00 1F C0 00 70 0A 38 00 30 FF 5C 00 00 4A 05 03 01 01 C0 78 D1 0C 3A 9B 00 0A D3 1C AB AA AA 
Time:	07:16:13,410
Send:	220001
Receive: 62 00 01 02 8C 00 4A 11 62 00 0F 03 E3 00 E7 00 00 04 CE 00 EA 80 66 58 67 7F FD 41 00 00 84 AB 00 E6 06 26 4A 00 00 1F C0 00 70 0A 38 00 30 FF 68 00 00 4A 05 03 01 01 C0 78 D1 0C 3A 9B 00 0A FF 1D 0C AA AA 
Time:	07:16:13,811
Send:	220001
Receive: 62 00 01 02 8C 00 4A 11 42 00 11 03 ED 00 E7 00 00 04 DC 00 EC 80 66 58 67 7F FD 41 00 00 84 C9 00 E6 06 66 4A 00 00 1F C0 00 70 0A 38 00 30 FF 7C 00 00 4A 05 03 01 01 C0 78 D1 0C 3A 9B 00 0B 1B 1D 4A AA AA 
Time:	07:16:14,202
Send:	220001
Receive: 62 00 01 02 8C 00 4A 11 4E 00 10 03 D3 00 E7 00 00 04 D5 00 EC 80 66 58 67 7F FD 41 00 00 84 BC 00 E6 06 66 4A 00 00 1F C0 00 70 0A 38 00 30 FF 8E 00 00 4A 05 03 01 01 C0 78 D1 0C 3A 9B 00 0B 0C 1D 35 AA AA 
Time:	07:16:14,603
Send:	220001
Receive: 62 00 01 02 8C 00 4A 11 58 00 10 03 BF 00 E7 00 00 04 CE 00 E7 80 67 58 67 7F FD 41 00 00 84 91 00 E6 06 66 4A 00 00 1F C0 00 70 0A 38 00 30 FF 9A 00 00 4A 05 03 01 01 C0 78 D1 0C 3A 9B 00 0B 01 1D 33 AA AA 
Time:	07:16:14,994
Send:	220001
Receive: 62 00 01 02 8C 00 4A 11 64 00 0F 03 AF 00 E7 00 00 04 CD 00 ED 80 66 58 67 7F FD 41 00 00 84 C5 00 E6 06 26 4A 00 00 1F C0 00 70 0A 39 00 30 FF A4 00 00 4A 05 03 01 01 C0 78 D1 0C 3A 9B 00 0A FA 1D 29 AA AA 
Time:	07:16:15,383
Send:	220001
Receive: 62 00 01 02 8C 00 4A 11 90 00 0E 03 9F 00 E5 00 00 04 C1 00 EC 80 67 58 67 7F FD 41 00 00 84 B8 00 E6 06 26 4A 00 00 1F C0 00 70 0A 39 00 30 FF A7 00 00 4A 05 03 01 01 C0 78 D1 0C 3A 9B 00 0A E0 1C FA AA AA 
Time:	07:16:15,802
Send:	220001
Receive: 62 00 01 02 8C 00 4A 11 5E 00 0E 03 BB 00 E5 00 00 04 C7 00 EA 80 66 58 67 7F FD 41 00 00 84 AB 00 E6 05 B0 4A 00 00 1F C0 00 70 0A 39 00 30 FF B3 00 00 4A 05 03 01 01 C0 78 D1 0C 3A 9B 00 0A EC 1D 1A AA AA 
Time:	07:16:16,206
Send:	220001
Receive: 62 00 01 02 8C 00 4A 11 60 00 0F 03 BD 00 E5 00 00 04 C3 00 E7 80 66 58 67 7F FD 41 00 00 84 96 00 E6 05 B0 4A 00 00 1F C0 00 70 0A 39 00 30 FF BB 00 00 4A 05 03 01 01 C0 78 D1 0C 3A 9B 00 0A E8 1D 1A AA AA 
Time:	07:16:16,630
Send:	220001
Receive: 62 00 01 02 8C 00 4A 11 56 00 10 03 B1 00 E2 00 00 04 C6 00 EA 80 67 58 67 7F FD 41 00 00 84 A7 00 E6 05 B0 4A 00 00 1F C0 00 70 0A 39 00 30 FF C5 00 00 4A 05 03 01 01 C0 78 D1 0C 3A 9B 00 0A E9 1D 23 AA AA 
Time:	07:16:17,010
Send:	220001
Receive: 62 00 01 02 8C 00 4A 11 28 00 12 03 C6 00 E5 00 00 04 CA 00 E6 80 66 58 67 7F FD 41 00 00 84 89 00 E6 05 EC 4A 00 00 1F C0 00 70 0A 39 00 30 FF DE 00 04 4A 05 03 01 01 C0 78 D1 0C 3A 9B 00 0A FB 1D 50 AA AA 
Time:	07:16:17,422
Send:	220001
Receive: 62 00 01 02 8C 00 4A 11 2A 00 13 03 CD 00 E5 00 00 04 D4 00 EA 80 67 58 67 7F FD 41 00 00 84 AF 00 E6 05 EC 4A 00 00 1F C0 00 70 0A 39 00 30 FF F9 00 00 4A 05 03 01 01 C0 78 D1 0C 3A 9B 00 0B 09 1D 6F AA AA 
Time:	07:16:17,812
Send:	220001
Receive: 62 00 01 02 8C 00 4A 11 70 00 0E 03 96 00 E5 00 00 04 C9 00 EE 80 67 58 67 7F FD 41 F1 F4 84 D2 00 E6 05 E6 4A 00 00 1F C0 00 70 0A 39 00 30 00 00 00 00 4A 05 03 01 01 C0 78 D1 0C 3A 9B 00 0A E5 1D 33 AA AA 
Time:	07:16:18,223
Send:	220001
Receive: 62 00 01 02 8C 00 4A 11 6A 00 12 03 B8 00 E5 00 00 04 C2 00 E9 80 66 58 67 7F FD 41 F1 F4 84 A2 00 E6 05 E6 4A 00 00 1F C0 00 70 0A 3A 00 30 00 00 00 00 4A 05 03 01 01 C0 78 D1 0C 3A 9B 00 0A DE 1D 29 AA AA 
Time:	07:16:18,629
Send:	220001
Receive: 62 00 01 02 8C 00 4B 11 6A 00 0F 03 9D 00 E5 00 00 04 C0 00 E7 80 66 58 67 7F FD 41 F1 F4 84 91 00 E6 05 E6 4A 00 00 1F C0 00 6F 0A 3A 00 30 00 07 00 00 4A 05 03 01 01 C0 78 D1 0C 3A 9B 00 0A EC 1D 4C AA AA 
Time:	07:16:19,012
Send:	220001
Receive: 62 00 01 02 8C 00 4B 11 3A 00 11 03 B1 00 E5 00 00 04 D4 00 ED 80 66 58 67 7F FD 41 F1 F4 84 C5 00 E6 05 B0 4A 00 00 1F C0 00 6F 0A 3A 00 30 00 1D 00 00 4A 05 03 01 01 C0 78 D1 0C 3A 9B 00 0B 03 1D 89 AA AA 
Time:	07:16:19,403
Send:	220001
Receive: 62 00 01 02 8C 00 4B 11 4C 00 10 03 A9 00 E7 00 00 04 CC 00 EA 80 67 58 67 7F FD 41 F1 F4 84 AB 00 E6 05 B0 4A 00 00 1F C0 00 6F 0A 3A 00 30 00 2A 00 00 4A 05 03 01 01 C0 78 D1 0C 3A 9B 00 0A F9 1D 78 AA AA 
Time:	07:16:19,784
Send:	220001
Receive: 62 00 01 02 8C 00 4B 11 46 00 10 03 B4 00 E5 00 00 04 CE 00 E9 80 67 58 67 7F FD 41 F1 F4 84 A2 00 E6 05 A9 4A 00 00 1F C0 00 6F 0A 3A 00 30 00 36 00 00 4A 05 03 01 01 C0 78 D1 0C 3A 9B 00 0A FD 1D 85 AA AA 
Time:	07:16:20,176
Send:	220001
Receive: 62 00 01 02 8C 00 4B 11 48 00 10 03 9B 00 E5 00 00 04 CC 00 E7 80 67 58 67 7F FD 41 F1 F4 84 91 00 E6 05 A9 4A 00 00 1F C0 00 6F 0A 3A 00 30 00 3E 00 00 4A 05 03 01 01 C0 78 D1 0C 3A 9B 00 0A F8 1D 80 AA AA 
Time:	07:16:20,552
Send:	220001
Receive: NO DATA
Time:	07:16:20,825
Send:	220001
Receive: NO DATA
Time:	07:16:21,116
Send:	220001
Receive: NO DATA
Time:	07:16:21,399
Send:	220001
Receive: NO DATA
Time:	07:16:21,689
Send:	220001
Receive: NO DATA
Time:	07:16:21,964
Send:	220001
Receive: NO DATA
Time:	07:16:22,243
Send:	220001
Receive: NO DATA
Time:	07:16:22,538
Send:	220001
Receive: NO DATA
Time:	07:16:22,841
Send:	220001
Receive: 62 00 01 02 8C 00 4B 11 70 00 0C 03 C6 00 F1 00 00 04 F8 00 F6 80 66 58 67 7F FD 41 F1 F4 84 F4 00 E6 05 B0 4A 00 00 1F C0 00 6F 0A 3B 00 30 00 98 00 00 4A 05 03 01 01 C0 78 D1 0C 3A 9B 00 0B 6F 1E A0 AA AA 
Time:	07:16:23,241
Send:	220001
Receive: 62 00 01 02 8C 00 4B 11 76 00 0D 03 AD 00 EF 00 00 04 F8 00 F4 80 66 58 67 7F FD 41 F1 F4 85 0A 00 E6 05 B0 4A 00 00 1F C0 00 6F 0A 3C 00 30 00 93 00 00 4A 05 03 01 01 C0 78 D1 0C 3A 9B 00 0B 4E 1E 68 AA AA 
Time:	07:16:23,656
Send:	220001
Receive: 62 00 01 02 8C 00 4B 11 4C 00 0C 03 B4 00 EC 00 00 04 F1 00 ED 80 66 58 67 7F FD 41 F1 F4 84 DA 00 E6 05 B0 4A 00 00 1F C0 00 6F 0A 3C 00 30 00 96 00 00 4A 05 03 01 01 C0 78 D1 0C 3A 9B 00 0B 52 1E 75 AA AA 
Time:	07:16:24,061
Send:	220001
Receive: 62 00 01 02 8C 00 4B 11 2A 00 0D 03 AF 00 E7 00 00 04 EC 00 E8 80 66 58 66 7F FD 41 F1 F4 84 B4 00 E6 05 B0 4A 00 00 1F C0 00 6F 0A 3C 00 30 00 A0 00 00 4A 05 03 01 01 C0 78 D1 0C 3A 9B 00 0B 49 1E 68 AA AA 
Time:	07:16:24,490
Send:	220001
Receive: 62 00 01 02 8C 00 4C 11 12 00 0F 03 AC 00 E7 00 00 04 F5 00 F1 80 67 58 67 7F FD 41 F1 F4 84 F0 00 E6 05 B0 4A 00 00 1F C0 00 6F 0A 3C 00 30 00 BE 00 00 4A 05 03 01 01 C0 78 D1 0C 3A 9B 00 0B 58 1E 89 AA AA 
Time:	07:16:24,874
Send:	220001

Fixed toLineMF: 03E 62 00 01 02 8C 00 4C 11 38 00 0F 03 89 00 EA 00 00 04 E4 00 EC 80 66 58 67 7F FD 41 F1 F4 84 C9 00 E6 00 6F 0A 3C 00 30 00 C8 00 00 4A 05 03 01 01 C0 78 D1 0C 3A 9B 00 0B 36 1E 49 AA AA 
Receive: 62 00 01 02 8C 00 4C 11 38 00 0F 03 89 00 EA 00 00 04 E4 00 EC 80 66 58 67 7F FD 41 F1 F4 84 C9 00 E6 00 6F 0A 3C 00 30 00 C8 00 00 4A 05 03 01 01 C0 78 D1 0C 3A 9B 00 0B 36 1E 49 AA AA 

Fixed toLineMF: 03E 62 00 01 02 8C 00 4C 11 38 00 0F 03 89 00 EA 00 00 04 E4 00 EC 80 66 58 67 7F FD 41 F1 F4 84 C9 00 E6 00 6F 0A 3C 00 30 00 C8 00 00 4A 05 03 01 01 C0 78 D1 0C 3A 9B 00 0B 36 1E 49 AA AA 
Time:	07:16:25,270
Send:	220001

Fixed toLineMF: 03E 62 00 01 02 8C 00 00 EA 00 00 04 F0 00 F0 80 67 58 67 7F FD 41 F1 F4 84 EC 00 E6 05 A9 4A 00 00 1F C0 00 6E 0A 3C 00 30 00 D4 00 00 4A 05 03 01 01 C0 78 D1 0C 3A 9B 00 0B 2D 1E 38 AA AA 
Receive: 62 00 01 02 8C 00 00 EA 00 00 04 F0 00 F0 80 67 58 67 7F FD 41 F1 F4 84 EC 00 E6 05 A9 4A 00 00 1F C0 00 6E 0A 3C 00 30 00 D4 00 00 4A 05 03 01 01 C0 78 D1 0C 3A 9B 00 0B 2D 1E 38 AA AA 

Fixed toLineMF: 03E 62 00 01 02 8C 00 00 EA 00 00 04 F0 00 F0 80 67 58 67 7F FD 41 F1 F4 84 EC 00 E6 05 A9 4A 00 00 1F C0 00 6E 0A 3C 00 30 00 D4 00 00 4A 05 03 01 01 C0 78 D1 0C 3A 9B 00 0B 2D 1E 38 AA AA 
Time:	07:16:25,663
Send:	220001
Receive: 62 00 01 02 8C 00 4C 11 58 00 0D 03 9A 00 EA 00 00 04 E8 00 F2 80 66 58 67 7F FD 41 F1 F4 84 F0 00 E6 05 A9 4A 00 00 1F C0 00 6E 0A 3D 00 30 00 D2 00 00 4A 05 03 01 01 C0 78 D1 0C 3A 9B 00 0B 28 1E 31 AA AA 
Time:	07:16:26,063
Send:	220001
Receive: 62 00 01 02 8C 00 4C 11 6C 00 0B 03 80 00 E7 00 00 04 DE 00 F1 80 66 58 67 7F FD 41 F1 F4 84 E7 00 E6 05 69 4A 00 00 1F C0 00 6E 0A 3D 00 30 00 CA 00 00 4A 05 03 01 01 C0 78 D1 0C 3A 9B 00 0B 12 1E 0B AA AA 
Time:	07:16:26,440
Send:	220001
Receive: 62 00 01 02 8C 00 4C 11 34 00 0F 03 A1 00 E5 00 00 04 D8 00 E4 80 66 58 67 7F FD 41 F1 F4 84 9E 00 E6 05 69 4A 00 00 1F C0 00 6E 0A 3D 00 30 00 CA 00 00 4A 05 03 01 01 C0 78 D1 0C 3A 9B 00 0B 27 1E 39 AA AA 
Time:	07:16:26,830
Send:	220001
Receive: 62 00 01 02 8C 00 4C 11 2A 00 0E 03 9F 00 EA 00 00 04 E4 00 EF 80 67 58 67 7F FD 41 F1 F4 84 DA 00 E6 05 A9 4A 00 00 1F C0 00 6E 0A 3D 00 30 00 D7 00 00 4A 05 03 01 01 C0 78 D1 0C 3A 9B 00 0B 2A 1E 4E AA AA 
Time:	07:16:27,244
Send:	220001
Receive: 62 00 01 02 8C 00 4C 11 16 00 0F 03 A1 00 E5 00 00 04 E1 00 EB 80 66 58 67 7F FD 41 F1 F4 84 BC 00 E6 05 A9 4A 00 00 1F C0 00 6E 0A 3E 00 30 00 E3 00 00 4A 05 03 01 01 C0 78 D1 0C 3A 9B 00 0B 30 1E 5E AA AA 
Time:	07:16:27,641
Send:	220001
Receive: 62 00 01 02 8C 00 4C 10 C6 00 10 03 DB 00 E5 00 00 04 F8 00 E5 80 67 58 67 7F FD 41 F1 F4 84 AB 00 E6 05 A9 4A 00 00 1F C0 00 6E 0A 3E 00 30 01 09 00 43 4A 05 03 01 01 C0 78 D1 0C 3A 9B 00 0B 88 1F 19 AA AA 
Time:	07:16:28,062
Send:	220001

Fixed toLineMF: 03E 62 00 01 02 8C 00 4C 10 8C 00 10 04 00 00 E7 00 00 05 1C 00 F0 80 67 58 67 7F FD 41 F1 F4 85 1F 00 E6 05 F0 4A 00 00 1F C0 00 6E 0A 3E 00 30 01 59 00 2A 4A 05 03 01 00 0B AB 1F 67 AA AA 
Receive: 62 00 01 02 8C 00 4C 10 8C 00 10 04 00 00 E7 00 00 05 1C 00 F0 80 67 58 67 7F FD 41 F1 F4 85 1F 00 E6 05 F0 4A 00 00 1F C0 00 6E 0A 3E 00 30 01 59 00 2A 4A 05 03 01 00 0B AB 1F 67 AA AA 

Fixed toLineMF: 03E 62 00 01 02 8C 00 4C 10 8C 00 10 04 00 00 E7 00 00 05 1C 00 F0 80 67 58 67 7F FD 41 F1 F4 85 1F 00 E6 05 F0 4A 00 00 1F C0 00 6E 0A 3E 00 30 01 59 00 2A 4A 05 03 01 00 0B AB 1F 67 AA AA 
Time:	07:16:28,456
Send:	220001

Fixed toLineMF: 03E 62 00 01 02 8C 00 4C 10 C8 00 0F 03 B3 00 E5 00 00 05 10 00 F0 80 66 58 67 7F FD 41 F1 F4 85 1F 00 E6 05 F0 4A 00 00 1F C0 00 6E 0A 3E 00 30 01 8D 00 00 4A 05 03 01 01 C0 78 D1 0C 3A 9B 
Receive: 62 00 01 02 8C 00 4C 10 C8 00 0F 03 B3 00 E5 00 00 05 10 00 F0 80 66 58 67 7F FD 41 F1 F4 85 1F 00 E6 05 F0 4A 00 00 1F C0 00 6E 0A 3E 00 30 01 8D 00 00 4A 05 03 01 01 C0 78 D1 0C 3A 9B 

Fixed toLineMF: 03E 62 00 01 02 8C 00 4C 10 C8 00 0F 03 B3 00 E5 00 00 05 10 00 F0 80 66 58 67 7F FD 41 F1 F4 85 1F 00 E6 05 F0 4A 00 00 1F C0 00 6E 0A 3E 00 30 01 8D 00 00 4A 05 03 01 01 C0 78 D1 0C 3A 9B 
Time:	07:16:28,827
Send:	220001
Receive: 62 00 01 02 8C 00 4C 11 48 00 0C 03 82 00 E7 00 00 04 EB 00 F1 80 66 58 67 7F FD 41 F1 F4 84 F0 00 E6 05 36 4A 00 00 1F C0 00 6E 0A 3E 00 30 01 86 00 00 4A 05 03 01 01 C0 78 D1 0C 3A 9B 00 0B 32 1E 6D AA AA 
Time:	07:16:29,220
Send:	220001
Receive: 62 00 01 02 8C 00 4D 11 08 00 10 03 B4 00 E7 00 00 04 EB 00 EC 80 67 58 67 7F FD 41 F1 F4 84 CD 00 E6 05 36 4A 00 00 1F C0 00 6E 0A 3E 00 30 01 92 00 00 4A 05 03 01 01 C0 78 D1 0C 3A 9B 00 0B 39 1E 83 AA AA 
Time:	07:16:29,611
Send:	220001
Receive: NO DATA
Time:	07:16:29,887
Send:	220001
Receive: NO DATA
Time:	07:16:30,165
Send:	220001
Receive: NO DATA
Time:	07:16:30,474
Send:	220001
Receive: NO DATA
Time:	07:16:30,770
Send:	220001
Receive: NO DATA
Time:	07:16:31,083
Send:	220001
Receive: NO DATA
Time:	07:16:31,360
Send:	220001
Receive: NO DATA
Time:	07:16:31,648
Send:	220001

Fixed toLineMF: 03E 62 00 01 02 8C 00 4D 11 26 00 0F 03 8F 00 EA 00 00 04 E5 00 EA 80 66 58 66 7F FD 41 F1 F4 84 BC 00 E6 05 B5 4A 00 00 1F C0 00 6D 0A 40 00 30 02 06 00 00 4A 05 03 01 01 C0 78 D1 0C 3A 9B 
Receive: 62 00 01 02 8C 00 4D 11 26 00 0F 03 8F 00 EA 00 00 04 E5 00 EA 80 66 58 66 7F FD 41 F1 F4 84 BC 00 E6 05 B5 4A 00 00 1F C0 00 6D 0A 40 00 30 02 06 00 00 4A 05 03 01 01 C0 78 D1 0C 3A 9B 

Fixed toLineMF: 03E 62 00 01 02 8C 00 4D 11 26 00 0F 03 8F 00 EA 00 00 04 E5 00 EA 80 66 58 66 7F FD 41 F1 F4 84 BC 00 E6 05 B5 4A 00 00 1F C0 00 6D 0A 40 00 30 02 06 00 00 4A 05 03 01 01 C0 78 D1 0C 3A 9B 
Time:	07:16:32,019
Send:	220001
Receive: 62 00 01 02 8C 00 4D 11 48 00 0F 03 79 00 EA 00 00 04 DA 00 E9 80 66 58 67 7F FD 41 F1 F4 84 AB 00 E6 05 72 4A 00 00 1F C0 00 6D 0A 40 00 30 01 FC 00 00 4A 05 03 01 01 C0 78 D1 0C 3A 9B 00 0B 19 1E 67 AA AA 
Time:	07:16:32,422
Send:	220001
Receive: NO DATA
Time:	07:16:32,713
Send:	220001
Receive: NO DATA
Time:	07:16:33,014
Send:	220001
Receive: NO DATA
Time:	07:16:33,310
Send:	220001
Receive: NO DATA
Time:	07:16:33,622
Send:	220001
Receive: NO DATA
Time:	07:16:33,900
Send:	220001
Receive: NO DATA
Time:	07:16:34,192
Send:	220001
Receive: NO DATA
Time:	07:16:34,489
Send:	220001
Receive: 62 00 01 02 8C 00 4E 10 B0 00 0D 03 BB 00 EA 00 00 05 1A 00 F3 80 66 58 67 7F FD 41 F1 F3 85 28 00 E6 05 B5 4A 00 00 1F C0 00 6D 0A 41 00 30 02 8B 00 00 4A 05 03 01 01 C0 78 D1 0C 3A 9B 00 0B B3 1F BD AA AA 
Time:	07:16:34,903
Send:	220001
Receive: 62 00 01 02 8C 00 4E 10 B0 00 0F 03 B9 00 E7 00 00 05 15 00 EC 80 66 58 67 7F FD 41 F1 F3 85 01 00 E6 05 B5 4A 00 00 1F C0 00 6D 0A 41 00 30 02 B1 00 00 4A 05 03 01 01 C0 78 D1 0C 3A 9B 00 0B 9F 1F 9D AA AA 
Time:	07:16:35,280
Send:	220001
Receive: 62 00 01 02 8C 00 4E 10 F2 00 0E 03 94 00 EA 00 00 05 09 00 F4 80 67 58 67 7F FD 41 F1 F3 85 17 00 E6 05 B5 4A 00 00 1F C0 00 6D 0A 42 00 30 02 C0 00 00 4A 05 03 01 01 C0 78 D1 0C 3A 9B 00 0B 86 1F 65 AA AA 
Time:	07:16:35,690
Send:	220001
Receive: 62 00 01 02 8C 00 4E 11 3A 00 0F 03 74 00 EA 00 00 04 E4 00 EC 80 67 58 67 7F FD 41 F1 F3 84 C5 00 E6 05 B5 4A 00 00 1F C0 00 6D 0A 42 00 30 02 AE 00 00 4A 05 03 01 01 C0 78 D1 0C 3A 9B 00 0B 36 1E C1 AA AA 
Time:	07:16:36,082
Send:	220001
Receive: 62 00 01 02 8C 00 4E 11 2A 00 0F 03 89 00 EA 00 00 04 E6 00 E7 80 66 58 67 7F FD 41 F1 F3 84 A7 00 E6 05 36 4A 00 00 1F C0 00 6C 0A 42 00 30 02 A2 00 00 4A 05 03 01 01 C0 78 D1 0C 3A 9B 00 0B 34 1E BC AA AA 
Time:	07:16:36,471
Send:	220001
Receive: 62 00 01 02 8C 00 4E 11 6E 00 0D 03 68 00 EA 00 00 04 E1 00 F2 80 66 58 67 7F FD 41 F1 F3 84 F4 00 E6 05 36 4A 00 00 1F C0 00 6C 0A 42 00 30 02 86 FF F9 4A 05 03 01 01 C0 78 D1 0C 3A 9B 00 0B 12 1E 7D AA AA 
Time:	07:16:36,878
Send:	220001
Receive: 62 00 01 02 8C 00 4E 11 64 00 0D 03 77 00 EA 00 00 04 D4 00 EB 80 66 58 67 7F FD 41 F1 F3 84 B8 00 E6 05 69 4A 00 00 1F C0 00 6C 0A 43 00 30 02 4A 00 00 4A 05 03 01 01 C0 78 D1 0C 3A 9B 00 0B 18 1E 88 AA AA 
Time:	07:16:37,280
Send:	220001
Receive: 62 00 01 02 8C 00 4F 10 AE 00 0E 03 E3 00 E7 00 00 05 02 00 E7 80 66 58 67 7F FD 41 F1 F3 84 C5 00 E6 05 69 4A 00 00 1F C0 00 6C 0A 43 00 30 02 57 00 00 4A 05 03 01 01 C0 78 D1 0C 3A 9B 00 0B 74 1F 6A AA AA 
Time:	07:16:37,681
Send:	220001
Receive: 62 00 01 02 8C 00 4F 10 84 00 0D 03 E6 00 EA 00 00 05 1B 00 EC 80 67 58 67 7F FD 41 F1 F3 85 0A 00 E6 05 69 4A 00 00 1F C0 00 6C 0A 43 00 30 02 77 00 2F 4A 05 03 01 01 C0 78 D1 0C 3A 9B 00 0B C2 1F F7 AA AA 
Time:	07:16:38,060
Send:	220001
Receive: 62 00 01 02 8C 00 4F 10 62 00 0D 03 E0 00 E7 00 00 05 26 00 E7 80 67 58 67 7F FD 41 F1 F3 85 0E 00 E6 05 B5 4A 00 00 1F C0 00 6C 0A 44 00 30 02 A2 00 57 4A 05 03 01 01 C0 78 D1 0C 3A 9B 00 0B D0 20 21 AA AA 
Time:	07:16:38,441
Send:	220001
Receive: 62 00 01 02 8C 00 4F 10 BA 00 0D 03 A8 00 E5 00 00 05 1F 00 F6 80 66 58 67 7F FD 41 F1 F3 85 39 00 E6 05 B5 4A 00 00 1F C0 00 6C 0A 44 00 30 02 C3 00 00 4A 05 03 01 01 C0 78 D1 0C 3A 9B 00 0B 9A 1F D1 AA AA 
Time:	07:16:38,822
Send:	220001
Receive: 62 00 01 02 8C 00 4F 11 30 00 0C 03 6A 00 EA 00 00 04 ED 00 F0 80 67 58 67 7F FD 41 F1 F3 84 E3 00 E6 05 69 4A 00 00 1F C0 00 6C 0A 44 00 30 02 B4 00 00 4A 05 03 01 01 C0 78 D1 0C 3A 9B 00 0B 2F 1E D3 AA AA 
Time:	07:16:39,221
Send:	220001
Receive: 62 00 01 02 8C 00 4F 11 70 00 0D 03 57 00 EA 00 00 04 CF 00 EA 80 67 58 67 7F FD 41 F1 F3 84 AB 00 E6 05 69 4A 00 00 1F C0 00 6C 0A 44 00 30 02 75 00 00 4A 05 03 01 01 C0 78 D1 0C 3A 9B 00 0B 00 1E 6B AA AA 
Time:	07:16:39,611
Send:	220001
Receive: NO DATA
Time:	07:16:39,903
Send:	220001
Receive: NO DATA
Time:	07:16:40,193
Send:	220001
Receive: NO DATA
Time:	07:16:40,481
Send:	220001
Receive: NO DATA
Time:	07:16:40,760
Send:	220001
Receive: NO DATA
Time:	07:16:41,043
Send:	220001
Receive: NO DATA
Time:	07:16:41,352
Send:	220001
Receive: NO DATA
Time:	07:16:41,643
Send:	220001
Receive: 62 00 01 02 8C 00 50 10 94 00 0E 03 AA 00 E5 00 00 05 05 00 EC 80 66 58 67 7F FD 41 F1 F3 84 E7 00 E6 05 7B 4A 00 00 1F C0 00 6B 0A 45 00 30 02 D0 00 00 4A 05 03 01 01 C0 78 D1 0C 3A 9B 00 0B 70 1F 69 AA AA 
Time:	07:16:42,052
Send:	220001
Receive: 62 00 01 02 8C 00 50 11 1E 00 0C 03 40 00 E5 00 00 04 D9 00 E7 80 67 58 67 7F FD 41 F1 F3 84 9E 00 E6 05 41 4A 00 00 1F C0 00 6B 0A 45 00 30 02 BC 00 00 4A 05 03 01 01 C0 78 D1 0C 3A 9B 00 0B 08 1E 8F AA AA 
Time:	07:16:42,443
Send:	220001
Receive: SWITCH
Time:	07:16:42,846
Send:	1902af
Receive: 59 02 CD 05 32 00 89 04 22 00 08 AA AA 
Time:	07:16:43,138
Send:	1902af
Receive: 59 02 CD 05 32 00 89 04 22 00 08 AA AA 
Time:	07:16:43,438
Send:	1902af
Receive: 59 02 CD 05 32 00 89 04 22 00 08 AA AA 
Time:	07:16:43,727
Send:	1902af
Receive: 59 02 CD 05 32 00 89 04 22 00 08 AA AA 
Time:	07:16:44,037
Send:	1902af
Receive: 59 02 CD 05 32 00 89 04 22 00 08 AA AA 
Time:	07:16:44,342
Send:	1902af
Receive: SWITCH
Time:	07:16:44,678
Send:	220001
Receive: 62 00 01 02 8C 00 50 10 1A 00 0E 03 B1 00 DD 00 00 05 06 00 DF 80 66 58 67 7F FD 41 F1 F3 84 C1 00 E6 05 7B 4A 00 00 1F C0 00 6B 0A 47 00 30 02 91 00 64 4A 05 03 01 01 C0 78 D1 0C 3A 9B 00 0B 6E 1F 71 AA AA 
Time:	07:16:45,026
Send:	220001
Receive: 62 00 01 02 8C 00 51 10 3E 00 10 03 8B 00 DB 00 00 05 02 00 E8 80 66 58 67 7F FD 41 F1 F3 84 CD 00 E6 05 41 4A 00 00 1F C0 00 6B 0A 48 00 30 02 C4 00 00 4A 05 03 01 01 C0 78 D1 0C 3A 9B 00 0B 67 1F 6E AA AA 
Time:	07:16:45,426
Send:	220001
Receive: 62 00 01 02 8C 00 51 10 A0 00 0E 03 5F 00 DD 00 00 04 DE 00 E6 80 66 58 67 7F FD 41 F1 F3 84 96 00 E6 05 41 4A 00 00 1F C0 00 6B 0A 48 00 30 02 D1 00 00 4A 05 03 01 01 C0 78 D1 0C 3A 9B 00 0B 0C 1E AD AA AA 
Time:	07:16:45,811
Send:	220001
Receive: 62 00 01 02 8C 00 51 11 06 00 0F 03 15 00 DD 00 00 04 B5 00 DF 80 67 58 67 7F FD 41 F1 F3 84 44 00 E6 04 BC 4A 00 00 1F C0 00 6B 0A 48 00 30 02 BA 00 00 4A 05 03 01 01 C0 78 D1 0C 3A 9B 00 0A CB 1E 21 AA AA 
Time:	07:16:46,194
Send:	220001
Receive: 62 00 01 02 8C 00 51 11 8A 00 0F 02 F8 00 DD 00 00 04 92 00 E4 80 67 58 67 7F FD 41 F1 F3 84 80 00 E6 04 BC 4A 00 00 1F C0 00 6B 0A 49 00 30 02 50 FF E5 4A 05 03 01 01 C0 78 D1 0C 3A 9B 00 0A 5C 1D 34 AA AA 
Time:	07:16:46,602
Send:	220001
Receive: 62 00 01 02 8C 00 51 11 4C 00 0F 03 1B 00 DD 00 00 04 8B 00 DD 80 67 58 67 7F FD 41 F1 F3 84 2B 00 E6 04 BC 4A 00 00 1F C0 00 6A 0A 49 00 30 01 FB FF FE 4A 05 03 01 01 C0 78 D1 0C 3A 9B 00 0A 6F 1D 5B AA AA 
Time:	07:16:47,019
Send:	220001
Receive: 62 00 01 02 8C 00 51 10 DE 00 0E 03 54 00 DD 00 00 04 A2 00 D4 80 67 58 67 7F FD 41 F1 F3 83 C9 00 E6 04 BC 4A 00 00 1F C0 00 6A 0A 49 00 30 01 DA 00 00 4A 05 03 01 01 C0 78 D1 0C 3A 9B 00 0A C2 1E 0F AA AA 
Time:	07:16:47,422
Send:	220001
Receive: 62 00 01 02 8C 00 51 10 2A 00 0D 03 B6 00 DD 00 00 04 E7 00 DC 80 67 58 67 7F FD 41 F1 F3 84 5E 00 E6 04 BC 4A 00 00 1F C0 00 6A 0A 49 00 30 02 08 00 48 4A 05 03 01 01 C0 78 D1 0C 3A 9B 00 0B 3E 1F 1A AA AA 
Time:	07:16:47,802
Send:	220001
Receive: 62 00 01 02 8C 00 51 0F 9A 00 10 03 CC 00 DB 00 00 05 17 00 E4 80 67 58 67 7F FD 41 F1 F3 84 C9 00 E6 05 8B 4A 00 00 1F C0 00 6A 0A 49 00 30 02 8F 00 62 4A 05 03 01 01 C0 78 D1 0C 3A 9B 00 0B 9B 20 0E AA AA 
Time:	07:16:48,192
Send:	220001
Receive: 62 00 01 02 8C 00 51 10 28 00 0D 03 91 00 DB 00 00 04 FF 00 E6 80 66 58 67 7F FD 41 F1 F1 84 C1 00 E6 05 8B 4A 00 00 1F C0 00 6A 0A 49 00 30 02 C7 00 00 4A 05 03 01 01 C0 78 D1 0C 3A 9B 00 0B 6D 1F 84 AA AA 
Time:	07:16:48,573
Send:	220001
Receive: 62 00 01 02 8C 00 51 10 48 00 0D 03 69 00 DD 00 00 04 EB 00 DD 80 66 58 67 7F FD 41 F1 F1 84 6B 00 E6 05 8B 4A 00 00 1F C0 00 6A 0A 4A 00 30 02 D9 00 00 4A 05 03 01 01 C0 78 D1 0C 3A 9B 00 0B 3D 1F 20 AA AA 
Time:	07:16:48,953
Send:	220001
Receive: 62 00 01 02 8C 00 52 10 60 00 0F 03 7A 00 DD 00 00 04 E8 00 E6 80 66 58 67 7F FD 41 F1 F1 84 A2 00 E6 05 07 4A 00 00 1F C0 00 6A 0A 4A 00 30 02 F2 00 00 4A 05 03 01 01 C0 78 D1 0C 3A 9B 00 0B 23 1E EB AA AA 
Time:	07:16:49,352
Send:	220001
Receive: 62 00 01 02 8C 00 52 10 70 00 0F 03 5A 00 DD 00 00 04 D4 00 DA 80 67 58 67 7F FD 41 F1 F1 84 2F 00 E6 05 07 4A 00 00 1F C0 00 6A 0A 4B 00 30 02 F7 00 00 4A 05 03 01 01 C0 78 D1 0C 3A 9B 00 0B 2A 1E FB AA AA 
Time:	07:16:49,765
Send:	220001
Receive: 62 00 01 02 8D 00 52 10 A8 00 0E 03 3B 00 DD 00 00 04 D0 00 E8 80 67 58 67 7F FD 41 F1 F1 84 9E 00 E6 05 07 4A 00 00 1F C0 00 6A 0A 4B 00 30 03 01 00 00 4A 05 03 01 01 C0 78 D1 0C 3A 9B 00 0A E3 1E 6B AA AA 
Time:	07:16:50,163
Send:	220001
Receive: 62 00 01 02 8C 00 52 11 48 00 0F 02 F8 00 DD 00 00 04 93 00 DE 80 66 58 67 7F FD 41 F1 F1 84 33 00 E6 04 BC 4A 00 00 1F C0 00 6A 0A 4B 00 30 02 9C FF F6 4A 05 03 01 01 C0 78 D1 0C 3A 9B 00 0A 6B 1D 6A AA AA 
Time:	07:16:50,585
Send:	220001
Receive: 62 00 01 02 8C 00 52 11 1C 00 0E 03 28 00 DD 00 00 04 97 00 DD 80 66 58 67 7F FD 41 F1 F1 84 26 00 E6 04 BC 4A 00 00 1F C0 00 6A 0A 4B 00 30 02 3A FF FE 4A 05 03 01 01 C0 78 D1 0C 3A 9B 00 0A 77 1D 84 AA AA 
Time:	07:16:50,994
Send:	220001
Receive: 62 00 01 02 8C 00 52 10 84 00 0E 03 69 00 DD 00 00 04 BA 00 D8 80 67 58 67 7F FD 41 F1 F1 84 09 00 E6 04 BC 4A 00 00 1F C0 00 6A 0A 4B 00 30 02 3A 00 00 4A 05 03 01 01 C0 78 D1 0C 3A 9B 00 0A EF 1E 7F AA AA 
Time:	07:16:51,450
Send:	220001
Receive: 62 00 01 02 8C 00 52 10 10 00 0D 03 93 00 DB 00 00 04 EB 00 DD 80 67 58 67 7F FD 41 F1 F1 84 6B 00 E6 04 BC 4A 00 00 1F C0 00 6A 0A 4B 00 30 02 60 00 25 4A 05 03 01 01 C0 78 D1 0C 3A 9B 00 0B 58 1F 6B AA AA 
Time:	07:16:51,843
Send:	220001
Receive: 62 00 01 02 8C 00 52 0F C8 00 0E 03 99 00 DB 00 00 05 08 00 DC 80 66 58 67 7F FD 41 F1 F1 84 AF 00 E6 05 4A 4A 00 00 1F C0 00 69 0A 4C 00 30 02 CA 00 5A 4A 05 03 01 01 C0 78 D1 0C 3A 9B 00 0B 8E 1F DC AA AA 
Time:	07:16:52,224
Send:	220001
Receive: 62 00 01 02 8C 00 52 10 9A 00 0A 03 40 00 DB 00 00 04 DF 00 EA 80 66 58 66 7F FD 41 F1 F1 84 B4 00 E6 05 4A 4A 00 00 1F C0 00 69 0A 4C 00 30 02 D4 00 00 4A 05 03 01 01 C0 78 D1 0C 3A 9B 00 0B 02 1E B3 AA AA 
Time:	07:16:52,600
Send:	220001
Receive: NO DATA
Time:	07:16:52,888
Send:	220001
Receive: NO DATA
Time:	07:16:53,180
Send:	220001
Receive: NO DATA
Time:	07:16:53,470
Send:	220001
Receive: NO DATA
Time:	07:16:53,761
Send:	220001
Receive: NO DATA
Time:	07:16:54,052
Send:	220001
Receive: NO DATA
Time:	07:16:54,344
Send:	220001
Receive: NO DATA
Time:	07:16:54,633
Send:	220001
Receive: NO DATA
Time:	07:16:54,928
Send:	220001
Receive: NO DATA
Time:	07:16:55,205
Send:	220001
Receive: NO DATA
Time:	07:16:55,488
Send:	220001
Receive: NO DATA
Time:	07:16:55,778
Send:	220001
Receive: NO DATA
Time:	07:16:56,059
Send:	220001
Receive: NO DATA
Time:	07:16:56,344
Send:	220001
Receive: NO DATA
Time:	07:16:56,663
Send:	220001
Receive: 62 00 01 02 8C 00 54 10 44 00 0D 03 57 00 DB 00 00 04 DF 00 DC 80 4E 58 67 7F FD 41 F1 F1 84 51 00 E6 04 D9 4B 00 00 1F C0 00 68 0A 4F 00 30 03 58 00 00 4A 05 03 01 01 C0 78 D1 0C 3A 9B 00 0B 16 1E EE AA AA 
Time:	07:16:57,062
Send:	220001
Receive: 62 00 01 02 8C 00 54 10 4A 00 0E 03 59 00 DB 00 00 04 DC 00 E0 80 39 58 67 7F FD 41 F1 F1 84 6B 00 E6 04 CC 4B 00 00 1F C0 00 68 0A 4F 00 30 03 5F 00 00 4A 05 03 01 01 C0 78 D1 0C 3A 9B 00 0B 0E 1E DA AA AA 
Time:	07:16:57,444
Send:	220001
Receive: 62 00 01 02 8C 00 54 10 AC 00 0D 03 14 00 DB 00 00 04 B9 00 DA 80 27 58 67 7F FD 41 F1 F1 84 1A 00 E6 04 CC 4B 00 00 1F C0 00 68 0A 4F 00 30 03 49 00 00 4A 05 03 01 01 C0 78 D1 0C 3A 9B 00 0A D2 1E 56 AA AA 
Time:	07:16:57,830
Send:	220001
Receive: 62 00 01 02 8C 00 54 10 D0 00 0E 03 17 00 DB 00 00 04 A7 00 DC 80 15 58 67 7F FD 41 F1 F1 84 1A 00 E6 04 80 4B 00 00 1F C0 00 68 0A 50 00 30 03 12 00 00 4A 05 03 01 01 C0 78 D1 0C 3A 9B 00 0A A3 1D FF AA AA 
Time:	07:16:58,245
Send:	220001

Fixed toLineMF: 03E 62 00 01 02 8C 00 54 10 92 00 0E 03 2C 00 DB 00 00 04 AC 00 D5 80 08 58 67 7F FD 41 F1 F1 83 E2 00 E6 00 68 0A 50 00 30 02 FB 00 00 4A 05 03 01 01 C0 78 D1 0C 3A 9B 00 0A CD 1E 5B AA AA 
Receive: 62 00 01 02 8C 00 54 10 92 00 0E 03 2C 00 DB 00 00 04 AC 00 D5 80 08 58 67 7F FD 41 F1 F1 83 E2 00 E6 00 68 0A 50 00 30 02 FB 00 00 4A 05 03 01 01 C0 78 D1 0C 3A 9B 00 0A CD 1E 5B AA AA 

Fixed toLineMF: 03E 62 00 01 02 8C 00 54 10 92 00 0E 03 2C 00 DB 00 00 04 AC 00 D5 80 08 58 67 7F FD 41 F1 F1 83 E2 00 E6 00 68 0A 50 00 30 02 FB 00 00 4A 05 03 01 01 C0 78 D1 0C 3A 9B 00 0A CD 1E 5B AA AA 
Time:	07:16:58,661
Send:	220001
Receive: 62 00 01 02 8C 00 54 10 6C 00 0C 03 5C 00 DB 00 00 04 CB 00 DD 80 FD 58 67 7F FD 41 F1 F1 84 44 00 E6 04 80 4B 00 00 1F C0 00 68 0A 50 00 30 02 F1 00 00 4A 05 03 01 01 C0 78 D1 0C 3A 9B 00 0B 02 1E BD AA AA 
Time:	07:16:59,061
Send:	220001
Receive: 62 00 01 02 8B 00 54 0F 54 00 10 04 6A 01 23 00 00 05 33 00 CB 80 F8 58 66 7F FD 41 F1 F1 85 1F 00 E6 04 CC 4B 00 00 1F C0 00 68 0A 50 00 30 03 4C 01 26 4A 05 03 01 01 C0 78 D1 0C 3A 9B 00 0C EF 23 E6 AA AA 
Time:	07:16:59,443
Send:	220001
Receive: 62 00 01 02 88 00 54 0D FC 00 09 06 7D 01 8C 00 00 06 64 00 D3 80 F4 58 67 7F FD 41 F1 F1 86 56 00 E6 04 CC 4B 00 00 1F C0 00 68 0A 50 00 30 04 C1 02 BF 4A 05 03 01 01 C2 78 D1 0C 3A 9B 00 11 B5 2D CD AA AA 
Time:	07:16:59,830
Send:	220001
Receive: 62 00 01 02 8B 00 54 0D 7A 00 FC 07 AB 01 7D 00 00 07 93 01 04 80 EF 58 67 7F FD 41 F1 F1 86 8A 00 E6 07 2C 4B 00 00 1F C0 00 68 0A 51 00 30 06 D7 02 48 4A 05 03 01 01 C2 78 D1 0C 3A 9B 00 11 E8 2F 69 AA AA 
Time:	07:17:00,225
Send:	220001
Receive: 62 00 01 02 8B 00 55 0C 2C 00 F3 0A 07 01 D4 00 00 09 75 01 39 80 EA 58 67 7F FD 41 F1 F1 86 8A 00 E6 07 2C 4B 00 00 1F C0 00 68 0A 52 00 30 0A 39 03 4A 4A 05 03 01 01 C2 78 D1 0C 3A 9B 00 15 E0 36 DB AA AA 
Time:	07:17:00,623
Send:	220001

Fixed toLineMF: 03E 62 00 01 02 89 00 02 94 00 00 0A B3 01 39 80 E6 58 67 7F FD 41 F1 F1 86 8A 00 E6 07 2C 4B 00 00 1F C0 00 68 0A 52 00 30 0C 9B 04 7D 4A 05 03 01 01 CA 78 D1 0C 3A 9B 00 19 19 3C 51 AA AA 
Receive: 62 00 01 02 89 00 02 94 00 00 0A B3 01 39 80 E6 58 67 7F FD 41 F1 F1 86 8A 00 E6 07 2C 4B 00 00 1F C0 00 68 0A 52 00 30 0C 9B 04 7D 4A 05 03 01 01 CA 78 D1 0C 3A 9B 00 19 19 3C 51 AA AA 

Fixed toLineMF: 03E 62 00 01 02 89 00 02 94 00 00 0A B3 01 39 80 E6 58 67 7F FD 41 F1 F1 86 8A 00 E6 07 2C 4B 00 00 1F C0 00 68 0A 52 00 30 0C 9B 04 7D 4A 05 03 01 01 CA 78 D1 0C 3A 9B 00 19 19 3C 51 AA AA 
Time:	07:17:01,003
Send:	220001
Receive: 62 00 01 02 8C 00 55 0E 60 00 F7 04 11 00 D6 00 00 07 AF 01 3C 80 DD 58 67 7F FD 41 F1 F1 86 8A 00 E6 0B 93 4B 00 00 1F C0 00 68 0A 53 00 30 0C 9C 00 A3 4A 05 03 01 01 CA 78 D1 0C 3A 9B 00 11 BB 2D B0 AA AA 
Time:	07:17:01,411
Send:	220001

Fixed toLineMF: 037 62 00 01 02 8A 00 55 0E 48 00 FD 06 35 2C 80 D9 58 67 7F FD 0B 93 4B 00 00 1F C0 00 68 0A 53 00 30 0C 9C 01 8E 4A 05 03 01 01 C2 78 D1 0C 3A 9B 00 12 75 2F 4D AA AA 
Receive: 62 00 01 02 8A 00 55 0E 48 00 FD 06 35 2C 80 D9 58 67 7F FD 0B 93 4B 00 00 1F C0 00 68 0A 53 00 30 0C 9C 01 8E 4A 05 03 01 01 C2 78 D1 0C 3A 9B 00 12 75 2F 4D AA AA 

Fixed toLineMF: 037 62 00 01 02 8A 00 55 0E 48 00 FD 06 35 2C 80 D9 58 67 7F FD 0B 93 4B 00 00 1F C0 00 68 0A 53 00 30 0C 9C 01 8E 4A 05 03 01 01 C2 78 D1 0C 3A 9B 00 12 75 2F 4D AA AA 
Time:	07:17:01,801
Send:	220001
Receive: 62 00 01 02 8A 00 55 0E 42 00 FF 06 73 01 70 00 00 08 2F 01 4A 80 D7 58 67 7F FD 41 F1 F1 86 8A 00 E6 06 37 4B 00 00 1F C0 00 68 0A 53 00 30 0C 9C 01 54 4A 05 03 01 01 C2 78 D1 0C 3A 9B 00 12 79 2F 56 AA AA 
Time:	07:17:02,182
Send:	220001
Receive: 62 00 01 02 8B 00 55 0E DC 00 00 06 2F 01 25 00 00 07 EA 01 67 80 D4 58 67 7F FD 41 F1 F1 87 02 00 E6 06 37 4B 00 00 1F C0 00 67 0A 53 00 30 0C 9C 00 79 4A 05 03 01 01 C2 78 D1 0C 3A 9B 00 12 22 2E 50 AA AA 
Time:	07:17:02,583
Send:	220001
Receive: 62 00 01 02 8C 00 55 0F CC 00 00 04 B4 00 EA 00 00 06 F2 01 48 80 D4 58 67 7F FD 41 F1 F1 87 7B 00 E6 06 37 4B 00 00 1F C0 00 67 0A 53 00 30 0C 8D FF F9 4A 05 03 01 01 C2 78 D1 0C 3A 9B 00 0F FB 2A 49 AA AA 
Time:	07:17:02,973
Send:	220001

Fixed toLineMF: 03E 62 00 01 02 8B 00 00 FB 00 00 06 D4 01 36 80 D0 58 67 7F FD 41 F1 F1 86 F0 00 E6 05 27 4B 00 00 1F C0 00 67 0A 53 00 30 0C 8C 00 00 4A 05 03 01 01 C2 78 D1 0C 3A 9B 00 0F 3E 28 BE AA AA 
Receive: 62 00 01 02 8B 00 00 FB 00 00 06 D4 01 36 80 D0 58 67 7F FD 41 F1 F1 86 F0 00 E6 05 27 4B 00 00 1F C0 00 67 0A 53 00 30 0C 8C 00 00 4A 05 03 01 01 C2 78 D1 0C 3A 9B 00 0F 3E 28 BE AA AA 

Fixed toLineMF: 03E 62 00 01 02 8B 00 00 FB 00 00 06 D4 01 36 80 D0 58 67 7F FD 41 F1 F1 86 F0 00 E6 05 27 4B 00 00 1F C0 00 67 0A 53 00 30 0C 8C 00 00 4A 05 03 01 01 C2 78 D1 0C 3A 9B 00 0F 3E 28 BE AA AA 
Time:	07:17:03,353
Send:	220001
Receive: 62 00 01 02 8C 00 55 0F 9A 00 01 04 BD 01 21 00 00 07 01 01 37 80 D1 58 67 7F FD 41 F1 FA 86 B2 00 E6 05 27 4B 00 00 1F C0 00 67 0A 53 00 30 0C 9C 00 0A 4A 05 03 01 01 C2 78 D1 0C 3A 9B 00 0F DF 2A 35 AA AA 
Time:	07:17:03,741
Send:	220001
Receive: 62 00 01 02 8C 00 55 0F D4 00 02 04 AD 01 32 00 00 06 E5 01 42 80 D1 58 67 7F FD 41 F1 FA 87 52 00 E6 05 27 4B 00 00 1F C0 00 67 0A 53 00 30 0C 9A 00 00 4A 05 03 01 01 C2 78 D1 0C 3A 9B 00 0F BC 29 E1 AA AA 
Time:	07:17:04,150
Send:	220001
Receive: 62 00 01 02 8C 00 55 0F 44 00 02 05 9A 01 25 00 00 07 61 01 3D 80 D4 58 67 7F FD 41 F1 FA 86 8A 00 E6 06 9E 4B 00 00 1F C0 00 67 0A 53 00 30 0C 9C 00 25 4A 05 03 01 01 C2 78 D1 0C 3A 9B 00 10 9F 2B 92 AA AA 
Time:	07:17:04,553
Send:	220001

Fixed toLineMF: 03E 62 00 01 02 8B 00 56 0F 30 00 02 05 FA 01 37 00 00 07 9B 01 50 80 D0 58 67 7F FD 41 F1 FA 86 9C 00 E6 06 9E 4B 00 00 1F C0 00 67 0A 53 00 30 0C 9D 00 55 4A 05 03 01 00 10 FC 2C 47 AA AA 
Receive: 62 00 01 02 8B 00 56 0F 30 00 02 05 FA 01 37 00 00 07 9B 01 50 80 D0 58 67 7F FD 41 F1 FA 86 9C 00 E6 06 9E 4B 00 00 1F C0 00 67 0A 53 00 30 0C 9D 00 55 4A 05 03 01 00 10 FC 2C 47 AA AA 

Fixed toLineMF: 03E 62 00 01 02 8B 00 56 0F 30 00 02 05 FA 01 37 00 00 07 9B 01 50 80 D0 58 67 7F FD 41 F1 FA 86 9C 00 E6 06 9E 4B 00 00 1F C0 00 67 0A 53 00 30 0C 9D 00 55 4A 05 03 01 00 10 FC 2C 47 AA AA 
Time:	07:17:04,941
Send:	220001
Receive: 62 00 01 02 8B 00 56 0F 18 00 FD 04 D3 01 34 00 00 07 78 01 43 80 D1 58 67 7F FD 41 F1 FA 86 8A 00 E6 07 86 4B 00 00 1F C0 00 67 0A 54 00 30 0C 9D 00 4E 4A 05 03 01 01 C2 78 D1 0C 3A 9B 00 10 C3 2C 63 AA AA 
Time:	07:17:05,337
Send:	220001
Receive: 62 00 01 02 8C 00 56 0F 6C 00 FF 04 8E 01 00 00 00 07 61 01 55 80 D1 58 67 7F FD 41 F1 FA 87 38 00 E6 07 86 4B 00 00 1F C0 00 67 0A 54 00 30 0C 98 00 00 4A 05 03 01 01 C2 78 D1 0C 3A 9B 00 10 11 2B 05 AA AA 
Time:	07:17:05,733
Send:	220001
Receive: 62 00 01 02 8C 00 56 10 1C 00 03 04 95 01 2F 00 00 06 D1 01 3A 80 D1 58 67 7F FD 41 F1 FA 87 1D 00 E6 07 86 4B 00 00 1F C0 00 67 0A 54 00 30 0C 7A 00 00 4A 05 03 01 01 C2 78 D1 0C 3A 9B 00 0F 75 29 71 AA AA 
Time:	07:17:06,114
Send:	220001
Receive: 62 00 01 02 8C 00 56 10 98 00 03 04 1C 01 25 00 00 06 7F 01 2A 80 D0 58 66 7F FD 41 F1 FA 86 C8 00 E6 06 A0 4B 00 00 1F C0 00 67 0A 54 00 30 0C 45 00 00 4A 05 03 01 01 C2 78 D1 0C 3A 9B 00 0E CC 27 EB AA AA 
Time:	07:17:06,500
Send:	220001
Receive: NO DATA
Time:	07:17:06,797
Send:	220001
Receive: NO DATA
Time:	07:17:07,084
Send:	220001
Receive: NO DATA
Time:	07:17:07,367
Send:	220001
Receive: NO DATA
Time:	07:17:07,674
Send:	220001
Receive: NO DATA
Time:	07:17:07,958
Send:	220001
Receive: NO DATA
Time:	07:17:08,238
Send:	220001
Receive: NO DATA
Time:	07:17:08,514
Send:	220001
Receive: 62 00 01 02 8C 00 57 0F D2 00 01 04 C1 01 28 00 00 07 1E 01 40 80 D5 58 67 7F FD 41 F1 FA 86 D6 00 E6 07 80 4B 00 00 1F C0 00 66 0A 56 00 30 0C 9A 00 00 4A 05 03 01 01 C2 78 D1 0C 3A 9B 00 0F FA 2A A2 AA AA 
Time:	07:17:08,933
Send:	220001
Receive: 62 00 01 02 8C 00 57 0F F8 00 03 04 CF 01 37 00 00 06 EC 01 3C 80 D5 58 67 7F FD 41 F1 FA 87 07 00 E6 07 C3 4B 00 00 1F C0 00 66 0A 56 00 30 0C 90 00 00 4A 05 03 01 01 C2 78 D1 0C 3A 9B 00 0F CC 2A 3A AA AA 
Time:	07:17:09,325
Send:	220001
Receive: 62 00 01 02 8C 00 57 10 44 00 01 04 5D 01 21 00 00 06 CB 01 35 80 D7 58 67 7F FD 41 F1 FA 87 1D 00 E6 07 C3 4B 00 00 1F C0 00 66 0A 56 00 30 0C 77 00 00 4A 05 03 01 01 C2 78 D1 0C 3A 9B 00 0F 5F 29 48 AA AA 
Time:	07:17:09,715
Send:	220001
Receive: 62 00 01 02 8C 00 57 10 20 00 03 04 B5 01 34 00 00 06 D3 01 3E 80 D9 58 67 7F FD 41 F1 FA 87 45 00 E6 07 C3 4B 00 00 1F C0 00 66 0A 56 00 30 0C 63 00 00 4A 05 03 01 01 C2 78 D1 0C 3A 9B 00 0F 91 29 B9 AA AA 
Time:	07:17:10,110
Send:	220001
Receive: 62 00 01 02 8C 00 57 0F E4 00 03 04 8E 01 32 00 00 06 BB 01 1D 80 D7 58 67 7F FD 41 F1 FA 86 7D 00 E6 06 DA 4B 00 00 1F C0 00 66 0A 56 00 30 0C 5F 00 53 4A 05 03 01 01 C2 78 D1 0C 3A 9B 00 0F 92 2A 1E AA AA 
Time:	07:17:10,501
Send:	220001
Receive: 62 00 01 02 8C 00 57 0F A8 00 04 04 C7 01 50 00 00 06 EC 01 20 80 D8 58 67 7F FD 41 F1 FA 86 8A 00 E6 06 DA 4B 00 00 1F C0 00 66 0A 56 00 30 0C 78 00 53 4A 05 03 01 01 C2 78 D1 0C 3A 9B 00 0F D3 2A 5C AA AA 
Time:	07:17:10,883
Send:	220001
Receive: 62 00 01 02 8C 00 57 0F BA 00 03 04 E2 01 3C 00 00 07 05 01 3E 80 D9 58 67 7F FD 41 F1 FA 86 F5 00 E6 07 48 4B 00 00 1F C0 00 66 0A 57 00 30 0C 8F 00 00 4A 05 03 01 01 C2 78 D1 0C 3A 9B 00 10 0B 2A A2 AA AA 
Time:	07:17:11,289
Send:	220001
Receive: 62 00 01 02 8C 00 57 10 04 00 01 04 B8 01 23 00 00 06 F1 01 3D 80 D9 58 67 7F FD 41 F1 FA 87 1D 00 E6 07 48 4B 00 00 1F C0 00 66 0A 57 00 30 0C 96 00 00 4A 05 03 01 01 C2 78 D1 0C 3A 9B 00 0F BC 2A 12 AA AA 
Time:	07:17:11,676
Send:	220001
Receive: 62 00 01 02 8C 00 57 0F D8 00 03 04 C2 01 32 00 00 06 EF 01 38 80 E1 58 67 7F FD 41 F1 FA 86 DF 00 E6 07 48 4B 00 00 1F C0 00 66 0A 57 00 30 0C 9F 00 00 4A 05 03 01 01 C2 78 D1 0C 3A 9B 00 0F D0 2A 33 AA AA 
Time:	07:17:12,064
Send:	220001
Receive: 62 00 01 02 8C 00 57 0F C8 00 02 04 BB 01 37 00 00 06 D8 01 2B 80 DA 58 67 7F FD 41 F1 FA 86 8A 00 E6 06 D7 4B 00 00 1F C0 00 66 0A 57 00 30 0C 9F 00 0C 4A 05 03 01 01 C2 78 D1 0C 3A 9B 00 0F D6 2A BA AA AA 
Time:	07:17:12,620
Send:	220001
Receive: 62 00 01 02 8C 00 58 0F A6 00 04 05 05 01 21 00 00 07 31 01 4F 80 DA 58 67 7F FD 41 F1 FA 87 4E 00 E6 06 D7 4B 00 00 1F C0 00 66 0A 57 00 30 0C 9F 00 00 4A 05 03 01 01 C2 78 D1 0C 3A 9B 00 10 01 2A B9 AA AA 
Time:	07:17:13,011
Send:	220001
Receive: 62 00 01 02 8C 00 58 10 B4 00 05 03 DD 01 05 00 00 06 41 01 27 80 DB 58 67 7F FD 41 F1 FA 86 D1 00 E6 06 28 4B 00 00 1F C0 00 65 0A 58 00 30 0C 24 FF E0 4A 05 03 01 01 C2 78 D1 0C 3A 9B 00 0E 7F 27 6B AA AA 
Time:	07:17:13,414
Send:	220001
Receive: 62 00 01 02 8C 00 58 10 98 00 07 04 46 01 21 00 00 06 4F 01 31 80 DB 58 67 7F FD 41 F1 FA 87 14 00 E6 06 28 4B 00 00 1F C0 00 65 0A 58 00 30 0B BF FF E5 4A 05 03 01 01 C2 78 D1 0C 3A 9B 00 0E 2D 26 C8 AA AA 
Time:	07:17:13,801
Send:	220001
Receive: 62 00 01 02 8C 00 58 10 40 00 06 04 46 01 25 00 00 06 47 01 24 80 DD 58 67 7F FD 41 F1 FA 86 BB 00 E6 05 82 4B 00 00 1F C0 00 65 0A 58 00 30 0B 78 00 00 4A 05 03 01 01 C2 78 D1 0C 3A 9B 00 0E 5C 27 13 AA AA 
Time:	07:17:14,190
Send:	220001
Receive: 62 00 01 02 8C 00 58 10 30 00 08 03 F4 01 1E 00 00 06 19 01 0C 80 DB 58 67 7F FD 41 F1 FA 86 3B 00 E6 05 82 4B 00 00 1F C0 00 65 0A 58 00 30 0B 20 00 00 4A 05 03 01 01 C2 78 D1 0C 3A 9B 00 0E 0B 26 22 AA AA 
Time:	07:17:14,602
Send:	220001
Receive: 62 00 01 02 8C 00 58 0F EA 00 07 04 1C 01 21 00 00 06 32 01 0C 80 DC 58 67 7F FD 41 F1 FA 86 44 00 E6 05 82 4B 00 00 1F C0 00 65 0A 59 00 30 0B 11 00 11 4A 05 03 01 01 C2 78 D1 0C 3A 9B 00 0E 32 27 02 AA AA 
Time:	07:17:15,001
Send:	220001
Receive: 62 00 01 02 8C 00 58 10 28 00 05 03 F0 01 08 00 00 06 1F 01 13 80 DC 58 67 7F FD 41 F1 FA 86 63 00 E6 06 2C 4B 00 00 1F C0 00 65 0A 59 00 30 0A F8 00 00 4A 05 03 01 01 C2 78 D1 0C 3A 9B 00 0E 04 26 24 AA AA 
Time:	07:17:15,390
Send:	220001
Receive: 62 00 01 02 8C 00 58 10 0A 00 04 03 E1 00 F3 00 00 06 35 01 24 80 DD 58 67 7F FD 41 F1 FA 86 BB 00 E6 06 2C 4B 00 00 1F C0 00 65 0A 59 00 30 0B 00 FF EF 4A 05 03 01 01 C2 78 D1 0C 3A 9B 00 0E 37 26 C7 AA AA 
Time:	07:17:15,790
Send:	220001
Receive: 62 00 01 02 8C 00 58 10 60 00 07 03 E6 01 0C 00 00 05 ED 01 16 80 DF 58 67 7F FD 41 F1 FA 86 70 00 E6 05 4A 4B 00 00 1F C0 00 65 0A 5A 00 30 0A B5 FF EF 4A 05 03 01 01 C2 78 D1 0C 3A 9B 00 0D 82 25 21 AA AA 
Time:	07:17:16,200
Send:	220001
Receive: 62 00 01 02 8C 00 59 0F 9C 00 09 04 6F 01 23 00 00 06 30 01 10 80 DE 58 66 7F FD 41 F1 FA 86 44 00 E6 05 4A 4B 00 00 1F C0 00 65 0A 5A 00 30 0A BA 00 00 4A 05 03 01 01 C2 78 D1 0C 3A 9B 00 0E 66 27 12 AA AA 
Time:	07:17:16,615
Send:	220001
Receive: 62 00 01 02 8C 00 59 0F 8E 00 07 04 55 01 16 00 00 06 36 01 0B 80 DE 58 67 7F FD 41 F1 FA 86 44 00 E6 05 4A 4B 00 00 1F C0 00 65 0A 5A 00 30 0A BD 00 00 4A 05 03 01 01 C2 78 D1 0C 3A 9B 00 0E 22 26 C7 AA AA 
Time:	07:17:17,015
Send:	220001
Receive: 62 00 01 02 8C 00 59 0F 9A 00 05 03 D8 01 12 00 00 06 16 01 07 80 DF 58 67 7F FD 41 F1 FA 86 37 00 E6 06 66 4B 00 00 1F C0 00 65 0A 5A 00 30 0A C5 00 0F 4A 05 03 01 01 C2 78 D1 0C 3A 9B 00 0E 30 26 A0 AA AA 
Time:	07:17:17,405
Send:	220001
Receive: 62 00 01 02 8C 00 59 10 24 00 07 03 BF 00 FB 00 00 05 DD 01 0A 80 E0 58 67 7F FD 41 F1 FA 86 3F 00 E6 06 66 4B 00 00 1F C0 00 65 0A 5A 00 30 0A 90 00 00 4A 05 03 01 01 C2 78 D1 0C 3A 9B 00 0D 56 24 A0 AA AA 
Time:	07:17:17,793
Send:	220001
Receive: 62 00 01 02 8C 00 59 0F BC 00 08 03 FA 01 0C 00 00 06 09 01 0C 80 E3 58 67 7F FD 41 F1 FA 86 3F 00 E6 05 1E 4B 00 00 1F C0 00 64 0A 5B 00 30 0A 8B 00 00 4A 05 03 01 01 C2 78 D1 0C 3A 9B 00 0D DB 25 D8 AA AA 
Time:	07:17:18,202
Send:	220001
Receive: 62 00 01 02 8C 00 59 10 24 00 0A 03 AF 01 00 00 00 05 B7 01 07 80 DE 58 67 7F FD 41 F2 01 86 29 00 E6 05 1E 4B 00 00 1F C0 00 64 0A 5B 00 30 0A 53 FF FE 4A 05 03 01 01 C2 78 D1 0C 3A 9B 00 0D 03 23 EC AA AA 
Time:	07:17:18,593
Send:	220001
Receive: 62 00 01 02 8C 00 59 0F FA 00 0A 03 A5 01 05 00 00 05 A0 00 FA 80 DE 58 67 7F FD 41 F2 01 86 06 00 E6 05 1E 4B 00 00 1F C0 00 64 0A 5B 00 30 0A 26 00 00 4A 05 03 01 01 C2 78 D1 0C 3A 9B 00 0C EB 23 96 AA AA 
Time:	07:17:19,000
Send:	220001
Receive: NO DATA
Time:	07:17:19,277
Send:	220001
Receive: NO DATA
Time:	07:17:19,553
Send:	220001
Receive: NO DATA
Time:	07:17:19,830
Send:	220001
Receive: NO DATA
Time:	07:17:20,143
Send:	220001
Receive: NO DATA
Time:	07:17:20,419
Send:	220001
Receive: NO DATA
Time:	07:17:20,716
Send:	220001
Receive: NO DATA
Time:	07:17:20,999
Send:	220001
Receive: 62 00 01 02 8C 00 5A 0F B4 00 09 03 B4 00 F6 00 00 05 A0 00 F7 80 E0 58 67 7F FD 41 F2 01 86 06 00 E6 04 D9 4B 00 00 1F C0 00 64 0A 5D 00 30 09 E3 00 00 4A 05 03 01 01 C2 78 D1 0C 3A 9B 00 0C FB 23 B9 AA AA 
Time:	07:17:21,382
Send:	220001
Receive: 62 00 01 02 8C 00 5A 0F 92 00 09 03 A8 01 0C 00 00 05 AD 00 F5 80 EA 58 67 7F FD 41 F2 01 86 0B 00 E6 04 D9 4B 00 00 1F C0 00 64 0A 5D 00 30 09 E1 00 00 4A 05 03 01 01 C2 78 D1 0C 3A 9B 00 0D 4D 24 8F AA AA 
Time:	07:17:21,765
Send:	220001
Receive: 62 00 01 02 8C 00 5A 10 06 00 06 03 6A 00 EF 00 00 05 87 00 FE 80 DF 58 67 7F FD 41 F2 01 85 FE 00 E6 04 D9 4B 00 00 1F C0 00 64 0A 5E 00 30 09 B4 FF FB 4A 05 03 01 01 C2 78 D1 0C 3A 9B 00 0C 92 22 DD AA AA 
Time:	07:17:22,154
Send:	220001
Receive: 62 00 01 02 8C 00 5A 10 4E 00 08 03 6C 00 EF 00 00 05 75 00 FD 80 DF 58 67 7F FD 41 F2 01 85 EC 00 E6 04 CC 4B 00 00 1F C0 00 64 0A 5E 00 30 09 63 FF F1 4A 05 03 01 01 C2 78 D1 0C 3A 9B 00 0C 68 22 7E AA AA 
Time:	07:17:22,540
Send:	220001
Receive: 62 00 01 02 8C 00 5A 10 0C 00 08 03 7B 00 EF 00 00 05 76 00 F1 80 E0 58 67 7F FD 41 F2 01 85 F0 00 E6 04 CC 4B 00 00 1F C0 00 64 0A 5E 00 30 09 31 00 00 4A 05 03 01 01 C2 78 D1 0C 3A 9B 00 0C 93 22 D8 AA AA 
Time:	07:17:22,947
Send:	220001
Receive: 62 00 01 02 8C 00 5A 0F 78 00 06 03 81 00 F6 00 00 05 80 00 E5 80 E2 58 67 7F FD 41 F2 01 85 F5 00 E6 05 11 4B 00 00 1F C0 00 63 0A 5E 00 30 09 2E 00 3F 4A 05 03 01 01 C2 78 D1 0C 3A 9B 00 0C C9 23 C1 AA AA 
Time:	07:17:23,345
Send:	220001
Receive: 62 00 01 02 8C 00 5A 0F 7A 00 07 03 5C 00 F3 00 00 05 8C 00 ED 80 DF 58 67 7F FD 41 F2 01 85 F9 00 E6 05 11 4B 00 00 1F C0 00 63 0A 5E 00 30 09 3B 00 19 4A 05 03 01 01 C2 78 D1 0C 3A 9B 00 0D 01 23 E2 AA AA 
Time:	07:17:23,746
Send:	220001
Receive: 62 00 01 02 8C 00 5A 0F A6 00 07 03 8A 00 F1 00 00 05 9F 00 F6 80 E0 58 67 7F FD 41 F2 01 86 02 00 E6 05 11 4B 00 00 1F C0 00 63 0A 5F 00 30 09 3B 00 00 4A 05 03 01 01 C2 78 D1 0C 3A 9B 00 0C CD 23 93 AA AA 
Time:	07:17:24,134
Send:	220001
Receive: 62 00 01 02 8C 00 5B 0F B0 00 04 03 8C 00 EF 00 00 05 A9 00 FA 80 E1 58 67 7F FD 41 F2 01 86 0F 00 E6 04 E8 4B 00 00 1F C0 00 63 0A 5F 00 30 09 41 00 00 4A 05 03 01 01 C2 78 D1 0C 3A 9B 00 0C D2 23 77 AA AA 
Time:	07:17:24,551
Send:	220001
Receive: 62 00 01 02 8C 00 5B 0F F6 00 05 03 7C 00 EF 00 00 05 88 00 FD 80 E2 58 67 7F FD 41 F2 01 86 02 00 E6 04 E8 4B 00 00 1F C0 00 63 0A 60 00 30 09 28 FF F6 4A 05 03 01 01 C2 78 D1 0C 3A 9B 00 0C 9D 22 F1 AA AA 
Time:	07:17:24,943
Send:	220001
Receive: 62 00 01 02 8D 00 5B 0F D6 00 06 03 92 00 F1 00 00 05 8D 00 FB 80 E4 58 67 7F FD 41 F2 01 86 02 00 E6 05 11 4B 00 00 1F C0 00 63 0A 60 00 30 09 14 00 00 4A 05 03 01 01 C2 78 D1 0C 3A 9B 00 0C 96 22 EA AA AA 
Time:	07:17:25,341
Send:	220001
Receive: 62 00 01 02 8C 00 5B 0F C8 00 07 03 97 00 EF 00 00 05 90 00 F8 80 E1 58 67 7F FD 41 F2 01 85 FE 00 E6 05 11 4B 00 00 1F C0 00 63 0A 60 00 30 08 FD 00 00 4A 05 03 01 01 C2 78 D1 0C 3A 9B 00 0C A3 23 15 AA AA 
Time:	07:17:25,730
Send:	220001
Receive: 62 00 01 02 8C 00 5B 0F B0 00 07 03 8D 00 EF 00 00 05 8F 00 F2 80 E1 58 67 7F FD 41 F2 01 85 FE 00 E6 05 11 4B 00 00 1F C0 00 63 0A 60 00 30 08 EE 00 00 4A 05 03 01 01 C2 78 D1 0C 3A 9B 00 0C C1 23 51 AA AA 
Time:	07:17:26,122
Send:	220001
Receive: 62 00 01 02 8D 00 5B 10 02 00 05 03 69 00 EC 00 00 05 7A 00 F9 80 E1 58 66 7F FD 41 F2 01 85 F5 00 E6 04 E8 4B 00 00 1F C0 00 63 0A 60 00 30 08 BE FF F6 4A 05 03 01 01 C2 78 D1 0C 3A 9B 00 0C 77 22 9C AA AA 
Time:	07:17:26,520
Send:	220001
Receive: 62 00 01 02 8C 00 5B 0F D4 00 06 03 8D 00 EC 00 00 05 7F 00 F3 80 E2 58 67 7F FD 41 F2 01 85 F5 00 E6 04 E8 4B 00 00 1F C0 00 63 0A 61 00 30 08 9B 00 00 4A 05 03 01 01 C2 78 D1 0C 3A 9B 00 0C 91 22 D3 AA AA 
Time:	07:17:26,914
Send:	220001
Receive: 62 00 01 02 8C 00 5B 0F CE 00 05 03 7D 00 EA 00 00 05 78 00 F5 80 E6 58 67 7F FD 41 F2 01 85 F5 00 E6 04 A1 4B 00 00 1F C0 00 63 0A 61 00 30 08 82 00 00 4A 05 03 01 01 C2 78 D1 0C 3A 9B 00 0C 8B 22 C3 AA AA 
Time:	07:17:27,300
Send:	220001
Receive: 62 00 01 02 8C 00 5B 0F 86 00 07 03 86 00 EA 00 00 05 7E 00 EF 80 E1 58 67 7F FD 41 F2 01 85 F5 00 E6 04 A1 4B 00 00 1F C0 00 63 0A 61 00 30 08 7A 00 00 4A 05 03 01 01 C2 78 D1 0C 3A 9B 00 0C 99 22 FA AA AA 
Time:	07:17:27,710
Send:	220001
Receive: 62 00 01 02 8D 00 5C 0F 6E 00 06 03 99 00 EC 00 00 05 8F 00 F7 80 E2 58 67 7F FD 41 F2 01 85 FE 00 E6 04 A1 4B 00 00 1F C0 00 63 0A 61 00 30 08 84 00 00 4A 05 03 01 01 C2 78 D1 0C 3A 9B 00 0C AD 23 12 AA AA 
Time:	07:17:28,091
Send:	220001

Fixed toLineMF: 03E 62 00 01 02 8C 00 00 E7 00 00 05 79 00 F1 80 E2 58 67 7F FD 41 F2 01 85 F5 00 E6 05 11 4B 00 00 1F C0 00 63 0A 61 00 30 08 75 00 00 4A 05 03 01 01 C2 78 D1 0C 3A 9B 00 0C 88 22 BC AA AA 
Receive: 62 00 01 02 8C 00 00 E7 00 00 05 79 00 F1 80 E2 58 67 7F FD 41 F2 01 85 F5 00 E6 05 11 4B 00 00 1F C0 00 63 0A 61 00 30 08 75 00 00 4A 05 03 01 01 C2 78 D1 0C 3A 9B 00 0C 88 22 BC AA AA 

Fixed toLineMF: 03E 62 00 01 02 8C 00 00 E7 00 00 05 79 00 F1 80 E2 58 67 7F FD 41 F2 01 85 F5 00 E6 05 11 4B 00 00 1F C0 00 63 0A 61 00 30 08 75 00 00 4A 05 03 01 01 C2 78 D1 0C 3A 9B 00 0C 88 22 BC AA AA 
Time:	07:17:28,475
Send:	220001
Receive: 62 00 01 02 8C 00 5C 0F 6C 00 07 03 96 00 EA 00 00 05 85 00 F2 80 E3 58 67 7F FD 41 F2 01 85 F9 00 E6 05 11 4B 00 00 1F C0 00 63 0A 62 00 30 08 7B 00 00 4A 05 03 01 01 C2 78 D1 0C 3A 9B 00 0C AE 23 11 AA AA 
Time:	07:17:28,875
Send:	220001
Receive: 62 00 01 02 8C 00 5C 10 14 00 07 03 4D 00 EA 00 00 05 55 00 EF 80 E9 58 67 7F FD 41 F2 01 85 90 00 E6 04 90 4B 00 00 1F C0 00 63 0A 62 00 30 08 1F FF FE 4A 05 03 01 01 C2 78 D1 0C 3A 9B 00 0C 37 22 07 AA AA 
Time:	07:17:29,265
Send:	220001
Receive: 62 00 01 02 8C 00 5C 0F E2 00 07 03 61 00 EA 00 00 05 61 00 EC 80 E1 58 67 7F FD 41 F2 01 85 AB 00 E6 04 90 4B 00 00 1F C0 00 63 0A 62 00 30 07 FC 00 00 4A 05 03 01 01 C2 78 D1 0C 3A 9B 00 0C 59 22 51 AA AA 
Time:	07:17:29,673
Send:	220001
Receive: 62 00 01 02 8C 00 5C 0F 6C 00 07 03 93 00 EA 00 00 05 79 00 F1 80 E2 58 67 7F FD 41 F2 01 85 F5 00 E6 04 90 4B 00 00 1F C0 00 63 0A 62 00 30 08 04 00 00 4A 05 03 01 01 C2 78 D1 0C 3A 9B 00 0C 77 22 A7 AA AA 
Time:	07:17:30,082
Send:	220001
Receive: 62 00 01 02 8C 00 5C 0F A0 00 07 03 83 00 EC 00 00 05 6E 00 EB 80 E2 58 67 7F FD 41 F2 01 85 D2 00 E6 05 07 4B 00 00 1F C0 00 63 0A 62 00 30 07 C0 00 00 4A 05 03 01 01 C2 78 D1 0C 3A 9B 00 0C 69 22 89 AA AA 
Time:	07:17:30,473
Send:	220001
Receive: 62 00 01 02 8C 00 5C 0F F2 00 05 03 56 00 E5 00 00 05 61 00 F2 80 E0 58 67 7F FD 41 F2 01 85 B3 00 E6 05 07 4B 00 00 1F C0 00 62 0A 63 00 30 07 9A FF F9 4A 05 03 01 01 C2 78 D1 0C 3A 9B 00 0C 44 22 2D AA AA 
Time:	07:17:30,875
Send:	220001
Receive: 62 00 01 02 8C 00 5C 0F C4 00 07 03 71 00 E7 00 00 05 64 00 ED 80 E1 58 67 7F FD 41 F2 01 85 B8 00 E6 04 A1 4B 00 00 1F C0 00 62 0A 64 00 30 07 72 00 00 4A 05 03 01 01 C2 78 D1 0C 3A 9B 00 0C 54 22 45 AA AA 
Time:	07:17:31,260
Send:	220001
Receive: 62 00 01 02 8D 00 5C 0F 7C 00 07 03 6F 00 E7 00 00 05 67 00 EB 80 E1 58 67 7F FD 41 F2 01 85 BC 00 E6 04 A1 4B 00 00 1F C0 00 62 0A 64 00 30 07 72 00 00 4A 05 03 01 01 C2 78 D1 0C 3A 9B 00 0C 6D 22 7E AA AA 
Time:	07:17:31,653
Send:	220001
Receive: 62 00 01 02 8C 00 5D 0F B2 00 05 03 6A 00 E5 00 00 05 68 00 F0 80 E1 58 67 7F FD 41 F2 01 85 C5 00 E6 04 A1 4B 00 00 1F C0 00 62 0A 64 00 30 07 60 00 00 4A 05 03 01 01 C2 78 D1 0C 3A 9B 00 0C 50 22 3F AA AA 
Time:	07:17:32,053
Send:	220001
Receive: 62 00 01 02 8D 00 5D 0F D4 00 05 03 59 00 E5 00 00 05 57 00 F0 80 E3 58 67 7F FD 41 F2 01 85 95 00 E6 04 A1 4B 00 00 1F C0 00 62 0A 64 00 30 07 3F FF FB 4A 05 03 01 01 C2 78 D1 0C 3A 9B 00 0C 2B 21 ED AA AA 
Time:	07:17:32,433
Send:	220001
Receive: 62 00 01 02 8C 00 5D 0F EC 00 06 03 41 00 E2 00 00 05 4F 00 F2 80 E0 58 67 7F FD 41 F2 01 85 88 00 E6 04 A1 4B 00 00 1F C0 00 62 0A 64 00 30 07 14 FF EF 4A 05 03 01 01 C2 78 D1 0C 3A 9B 00 0C 08 21 A2 AA AA 
Time:	07:17:32,837
Send:	220001
Receive: 62 00 01 02 8C 00 5D 0F FA 00 06 03 2F 00 E0 00 00 05 2E 00 E8 80 E0 58 67 7F FD 41 F2 01 85 1F 00 E6 04 56 4B 00 00 1F C0 00 62 0A 65 00 30 06 C1 FF FE 4A 05 03 01 01 C2 78 D1 0C 3A 9B 00 0B D8 21 31 AA AA 
Time:	07:17:33,240
Send:	220001
Receive: 62 00 01 02 8C 00 5D 0F B4 00 06 03 41 00 E0 00 00 05 3B 00 E6 80 E0 58 67 7F FD 41 F2 01 85 39 00 E6 04 56 4B 00 00 1F C0 00 62 0A 65 00 30 06 A7 00 00 4A 05 03 01 01 C2 78 D1 0C 3A 9B 00 0B FA 21 81 AA AA 
Time:	07:17:33,631
Send:	220001
Receive: 62 00 01 02 8D 00 5D 0F D0 00 07 03 3B 00 E0 00 00 05 37 00 EA 80 E0 58 67 7F FD 41 F2 01 85 3E 00 E6 04 56 4B 00 00 1F C0 00 62 0A 65 00 30 06 8C FF FB 4A 05 03 01 01 C2 78 D1 0C 3A 9B 00 0B E0 21 42 AA AA 
Time:	07:17:34,022
Send:	220001
Receive: 62 00 01 02 8C 00 5D 0F A8 00 07 03 42 00 E0 00 00 05 39 00 E4 80 E3 58 67 7F FD 41 F2 01 85 31 00 E6 04 44 4B 00 00 1F C0 00 62 0A 65 00 30 06 72 00 00 4A 05 03 01 01 C2 78 D1 0C 3A 9B 00 0B F0 21 75 AA AA 
Time:	07:17:34,404
Send:	220001
Receive: 62 00 01 02 8D 00 5D 0F AE 00 06 03 40 00 DD 00 00 05 3A 00 E9 80 DF 58 67 7F FD 41 F2 01 85 39 00 E6 04 44 4B 00 00 1F C0 00 62 0A 65 00 30 06 61 FF FB 4A 05 03 01 01 C2 78 D1 0C 3A 9B 00 0B F3 21 70 AA AA 
Time:	07:17:34,804
Send:	220001
Receive: NO DATA
Time:	07:17:35,088
Send:	220001
Receive: NO DATA
Time:	07:17:35,380
Send:	220001
Receive: NO DATA
Time:	07:17:35,659
Send:	220001
Receive: NO DATA
Time:	07:17:35,952
Send:	220001
Receive: NO DATA
Time:	07:17:36,239
Send:	220001
Receive: NO DATA
Time:	07:17:36,528
Send:	220001
Receive: NO DATA
Time:	07:17:36,827
Send:	220001
Receive: 62 00 01 02 8C 00 5E 0F 8E 00 06 03 30 00 DB 00 00 05 24 00 DF 80 DF 58 66 7F FD 41 F2 01 84 F4 00 E6 04 7A 4B 00 00 1F C0 00 62 0A 67 00 30 05 C4 00 00 4A 05 03 01 01 C2 78 D1 0C 3A 9B 00 0B C3 21 0C AA AA 
Time:	07:17:37,221
Send:	220001
Receive: 62 00 01 02 8C 00 5E 0F 98 00 08 03 35 00 DB 00 00 05 28 00 E2 80 DF 58 67 7F FD 41 F2 01 84 FD 00 E6 04 7A 4B 00 00 1F C0 00 62 0A 67 00 30 05 AD 00 00 4A 05 03 01 01 C2 78 D1 0C 3A 9B 00 0B C3 21 05 AA AA 
Time:	07:17:37,643
Send:	220001
Receive: 62 00 01 02 8C 00 5E 0F 86 00 07 03 35 00 DB 00 00 05 25 00 E0 80 E0 58 67 7F FD 41 F2 01 84 F4 00 E6 04 7A 4B 00 00 1F C0 00 62 0A 68 00 30 05 9C 00 00 4A 05 03 01 01 C2 78 D1 0C 3A 9B 00 0B C6 21 40 AA AA 
Time:	07:17:38,062
Send:	220001
Receive: 62 00 01 02 8D 00 5E 0F C0 00 07 03 24 00 DB 00 00 05 17 00 DD 80 E0 58 67 7F FD 41 F2 01 84 C9 00 E6 04 7A 4B 00 00 1F C0 00 61 0A 68 00 30 05 55 00 00 4A 05 03 01 01 C2 78 D1 0C 3A 9B 00 0B 9C 20 C1 AA AA 
Time:	07:17:38,471
Send:	220001
Receive: 62 00 01 02 8D 00 5E 0F 62 00 08 03 3D 00 DB 00 00 05 25 00 DE 80 DE 58 67 7F FD 41 F2 01 84 F4 00 E6 04 7A 4B 00 00 1F C0 00 61 0A 68 00 30 05 52 00 00 4A 05 03 01 01 C2 78 D1 0C 3A 9B 00 0B CE 21 1A AA AA 
Time:	07:17:38,869
Send:	220001
Receive: 62 00 01 02 8D 00 5E 0F E4 00 06 03 0E 00 D8 00 00 05 0E 00 E1 80 DE 58 67 7F FD 41 F2 01 84 C1 00 E6 04 30 4B 00 00 1F C0 00 61 0A 68 00 30 04 FE FF F6 4A 05 03 01 01 C2 78 D1 0C 3A 9B 00 0B 98 20 AA AA AA 
Time:	07:17:39,330
Send:	220001
Receive: 62 00 01 02 8C 00 5E 0F 82 00 07 03 29 00 DB 00 00 05 15 00 DB 80 DE 58 67 7F FD 41 F2 01 84 C5 00 E6 04 30 4B 00 00 1F C0 00 61 0A 68 00 30 04 E3 00 00 4A 05 03 01 01 C2 78 D1 0C 3A 9B 00 0B A8 20 E4 AA AA 
Time:	07:17:39,804
Send:	220001
Receive: 62 00 01 02 8D 00 5F 0F 8C 00 06 03 29 00 D8 00 00 05 1B 00 E0 80 DE 58 67 7F FD 41 F2 01 84 D6 00 E6 04 44 4B 00 00 1F C0 00 61 0A 68 00 30 04 C9 00 00 4A 05 03 01 01 C2 78 D1 0C 3A 9B 00 0B AD 20 E1 AA AA 
Time:	07:17:40,295
Send:	220001

Fixed toLineMF: 022 62 00 01 02 8C 00 5F 0F 80 00 06 03 26 DD 80 DE 58 67 7F FD B2 00 00 4A 05 03 01 01 C2 78 D1 0C 3A 9B 
Receive: 62 00 01 02 8C 00 5F 0F 80 00 06 03 26 DD 80 DE 58 67 7F FD B2 00 00 4A 05 03 01 01 C2 78 D1 0C 3A 9B 

Fixed toLineMF: 022 62 00 01 02 8C 00 5F 0F 80 00 06 03 26 DD 80 DE 58 67 7F FD B2 00 00 4A 05 03 01 01 C2 78 D1 0C 3A 9B 
Time:	07:17:40,808
Send:	220001
Receive: 62 00 01 02 8C 00 5F 0F 7E 00 07 03 25 00 D6 00 00 05 14 00 DB 80 DE 58 67 7F FD 41 F2 01 84 C1 00 E6 04 44 4B 00 00 1F C0 00 61 0A 69 00 30 04 94 00 00 4A 05 03 01 01 C2 78 D1 0C 3A 9B 00 0B 96 20 B2 AA AA 
Time:	07:17:41,250
Send:	220001
Receive: 62 00 01 02 8D 00 5F 0F 9E 00 05 03 19 00 D6 00 00 05 0E 00 E1 80 DE 58 67 7F FD 41 F2 01 84 C1 00 E6 04 44 4B 00 00 1F C0 00 61 0A 69 00 30 04 7B FF F9 4A 05 03 01 01 C2 78 D1 0C 3A 9B 00 0B 91 20 95 AA AA 
Time:	07:17:41,752
Send:	220001
Receive: 62 00 01 02 8D 00 5F 0F 8E 00 06 03 12 00 D6 00 00 05 07 00 DB 80 DE 58 67 7F FD 41 F2 01 84 9E 00 E6 04 44 4C 00 00 1F C0 00 61 0A 6A 00 30 04 55 00 00 4A 05 03 01 01 C2 78 D1 0C 3A 9B 00 0B 84 20 7E AA AA 
Time:	07:17:42,175
Send:	220001
Receive: 62 00 01 02 8C 00 5F 0F 86 00 05 03 12 00 D3 00 00 05 03 00 D6 80 DD 58 67 7F FD 41 F2 01 84 8D 00 E6 04 44 4C 00 00 1F C0 00 61 0A 6B 00 30 04 2F 00 00 4A 05 03 01 01 C2 78 D1 0C 3A 9B 00 0B 6C 20 9A AA AA 
Time:	07:17:42,612
Send:	220001
Receive: 62 00 01 02 8D 00 5F 0F 70 00 05 03 12 00 D1 00 00 05 0A 00 DD 80 E0 58 67 7F FD 41 F2 01 84 A7 00 E6 04 44 4C 00 00 1F C0 00 61 0A 6B 00 30 04 2D 00 00 4A 05 03 01 01 C2 78 D1 0C 3A 9B 00 0B 7C 20 6D AA AA 
Time:	07:17:43,065
Send:	220001
Receive: 62 00 01 02 8D 00 5F 0F 84 00 04 03 1E 00 D3 00 00 05 04 00 DF 80 DD 58 67 7F FD 41 F2 01 84 A2 00 E6 04 0D 4C 00 00 1F C0 00 61 0A 6B 00 30 04 16 00 00 4A 05 03 01 01 C2 78 D1 0C 3A 9B 00 0B 6A 20 43 AA AA 
Time:	07:17:43,460
Send:	220001
Receive: 62 00 01 02 8D 00 5F 0F 2C 00 08 03 1F 00 D3 00 00 04 FC 00 D0 80 DD 58 67 7F FD 41 F2 01 84 7C 00 E6 04 0D 4C 00 00 1F C0 00 61 0A 6C 00 30 04 01 00 00 4A 05 03 01 01 C2 78 D1 0C 3A 9B 00 0B 71 20 83 AA AA 
Time:	07:17:43,843
Send:	220001
Receive: 62 00 01 02 8D 00 60 0F 8E 00 06 02 FB 00 D1 00 00 04 F6 00 DA 80 DD 58 67 7F FD 41 F2 01 84 6B 00 E6 04 30 4C 00 00 1F C0 00 61 0A 6C 00 30 03 E3 FF FE 4A 05 03 01 01 C2 78 D1 0C 3A 9B 00 0B 48 1F F3 AA AA 
Time:	07:17:44,290
Send:	220001
Receive: 62 00 01 02 8D 00 60 0F 56 00 08 03 0A 00 D1 00 00 04 F0 00 D4 80 DD 58 67 7F FD 41 F2 01 84 55 00 E6 04 30 4C 00 00 1F C0 00 61 0A 6C 00 30 03 C2 00 00 4A 05 03 01 01 C2 78 D1 0C 3A 9B 00 0B 51 20 17 AA AA 
Time:	07:17:44,691
Send:	220001
Receive: NO DATA
Time:	07:17:44,980
Send:	220001
Receive: NO DATA
Time:	07:17:45,257
Send:	220001
Receive: NO DATA
Time:	07:17:45,537
Send:	220001
Receive: NO DATA
Time:	07:17:45,817
Send:	220001
Receive: NO DATA
Time:	07:17:46,121
Send:	220001
Receive: NO DATA
Time:	07:17:46,398
Send:	220001
Receive: NO DATA
Time:	07:17:46,688
Send:	220001
Receive: NO DATA
Time:	07:17:46,975
Send:	220001
Receive: 62 00 01 02 8D 00 60 0F 3A 00 08 02 FC 00 C9 00 00 04 E0 00 D3 80 DB 58 67 7F FD 41 F2 01 84 26 00 E6 04 0D 4C 00 00 1F C0 00 60 0A 6D 00 30 03 1F 00 00 4A 05 03 01 01 C2 78 D1 0C 3A 9B 00 0B 1F 1F B5 AA AA 
Time:	07:17:47,404
Send:	220001
Receive: 62 00 01 02 8D 00 60 0F 50 00 06 02 EF 00 C9 00 00 04 DB 00 D3 80 DB 58 67 7F FD 41 F2 01 84 15 00 E6 04 0D 4C 00 00 1F C0 00 60 0A 6E 00 30 03 15 00 00 4A 05 03 01 01 C2 78 D1 0C 3A 9B 00 0B 0F 1F 91 AA AA 
Time:	07:17:47,792
Send:	220001
Receive: 62 00 01 02 8D 00 61 0F 4E 00 07 02 EF 00 C9 00 00 04 D5 00 D1 80 DB 58 67 7F FD 41 F2 01 84 04 00 E6 04 0D 4C 00 00 1F C0 00 60 0A 6E 00 30 03 09 00 00 4A 05 03 01 01 C2 78 D1 0C 3A 9B 00 0B 0D 1F 85 AA AA 
Time:	07:17:48,193
Send:	220001
Receive: 62 00 01 02 8C 00 61 0F 78 00 07 02 DF 00 C9 00 00 04 CA 00 D2 80 DC 58 67 7F FD 41 F2 01 83 E2 00 E6 04 0D 4C 00 00 1F C0 00 60 0A 6E 00 30 02 DB FF FB 4A 05 03 01 01 C0 78 D1 0C 3A 9B 00 0A EB 1F 43 AA AA 
Time:	07:17:48,570
Send:	220001
Receive: 62 00 01 02 8D 00 61 0F 66 00 07 02 EA 00 C9 00 00 04 CB 00 D0 80 DA 58 67 7F FD 41 F1 FF 83 E7 00 E6 04 0D 4C 00 00 1F C0 00 60 0A 6E 00 30 02 CC 00 00 4A 05 03 01 01 C0 78 D1 0C 3A 9B 00 0A EB 1F 4C AA AA 
Time:	07:17:48,960
Send:	220001
Receive: 62 00 01 02 8D 00 61 0F 86 00 07 02 D1 00 C9 00 00 04 BE 00 CE 80 DA 58 67 7F FD 41 F1 FF 83 C0 00 E6 03 F7 4C 00 00 1F C0 00 60 0A 6E 00 30 02 A3 00 00 4A 05 03 01 01 C0 78 D1 0C 3A 9B 00 0A D7 1F 0B AA AA 
Time:	07:17:49,362
Send:	220001
Receive: 62 00 01 02 8C 00 61 0F 56 00 08 02 F1 00 C7 00 00 04 CE 00 D1 80 DB 58 66 7F FD 41 F1 FF 83 EF 00 E6 03 F7 4C 00 00 1F C0 00 60 0A 6E 00 30 02 94 00 00 4A 05 03 01 01 C0 78 D1 0C 3A 9B 00 0A ED 1F 41 AA AA 
Time:	07:17:49,768
Send:	220001
Receive: 62 00 01 02 8D 00 61 0F 44 00 08 02 E4 00 C7 00 00 04 C3 00 CC 80 DC 58 67 7F FD 41 F1 FF 83 CD 00 E6 03 F7 4C 00 00 1F C0 00 60 0A 6F 00 30 02 7D 00 00 4A 05 03 01 01 C0 78 D1 0C 3A 9B 00 0A F1 1F 62 AA AA 
Time:	07:17:50,161
Send:	220001
Receive: 62 00 01 02 8D 00 61 0F 64 00 06 02 DD 00 C7 00 00 04 C3 00 D0 80 DA 58 67 7F FD 41 F1 FF 83 D1 00 E6 03 D7 4C 00 00 1F C0 00 60 0A 6F 00 30 02 66 FF FE 4A 05 03 01 01 C0 78 D1 0C 3A 9B 00 0A D1 1F 05 AA AA 
Time:	07:17:50,562
Send:	220001
Receive: 62 00 01 02 8C 00 61 0F 48 00 08 02 DB 00 C7 00 00 04 B9 00 CB 80 DA 58 67 7F FD 41 F1 FF 83 B4 00 E6 03 D7 4C 00 00 1F C0 00 60 0A 70 00 30 02 4F 00 00 4A 05 03 01 01 C0 78 D1 0C 3A 9B 00 0A CF 1F 06 AA AA 
Time:	07:17:50,972
Send:	220001
Receive: 62 00 01 02 8D 00 61 0F 2C 00 09 02 D4 00 C4 00 00 04 AA 00 C5 80 DA 58 67 7F FD 41 F1 FF 83 81 00 E6 03 A0 4C 00 00 1F C0 00 60 0A 70 00 30 02 29 00 00 4A 05 03 01 01 C0 78 D1 0C 3A 9B 00 0A B4 1E F2 AA AA 
Time:	07:17:51,362
Send:	220001
Receive: 62 00 01 02 8D 00 61 0F 58 00 08 02 C6 00 C2 00 00 04 AC 00 CD 80 DA 58 67 7F FD 41 F1 FF 83 89 00 E6 03 A0 4C 00 00 1F C0 00 60 0A 70 00 30 02 1A FF FB 4A 05 03 01 01 C0 78 D1 0C 3A 9B 00 0A 9D 1E 99 AA AA 
Time:	07:17:51,761
Send:	220001
Receive: 62 00 01 02 8C 00 61 0F 38 00 09 02 CE 00 C4 00 00 04 A1 00 C3 80 DD 58 67 7F FD 41 F1 FF 83 6C 00 E6 03 A0 4C 00 00 1F C0 00 60 0A 71 00 30 02 00 00 00 4A 05 03 01 01 C0 78 D1 0C 3A 9B 00 0A A3 1E C6 AA AA 
Time:	07:17:52,166
Send:	220001
Receive: 62 00 01 02 8D 00 62 0F 2C 00 08 02 CC 00 C2 00 00 04 A8 00 C8 80 D9 58 67 7F FD 41 F1 FF 83 7D 00 E6 03 B6 4C 00 00 1F C0 00 60 0A 71 00 30 01 F6 00 00 4A 05 03 01 01 C0 78 D1 0C 3A 9B 00 0A A4 1E B6 AA AA 
Time:	07:17:52,565
Send:	220001
Receive: NO DATA
Time:	07:17:52,856
Send:	220001
Receive: NO DATA
Time:	07:17:53,167
Send:	220001
Receive: NO DATA
Time:	07:17:53,484
Send:	220001
Receive: NO DATA
Time:	07:17:53,785
Send:	220001
Receive: NO DATA
Time:	07:17:54,068
Send:	220001
Receive: NO DATA
Time:	07:17:54,352
Send:	220001
Receive: NO DATA
Time:	07:17:54,653
Send:	220001
Receive: 62 00 01 02 8D 00 62 0F 3C 00 08 02 B8 00 BD 00 00 04 92 00 C4 80 D9 58 67 7F FD 41 F1 FF 83 3D 00 E6 03 B6 4C 00 00 1F C0 00 5F 0A 73 00 30 01 83 00 00 4A 05 03 01 01 C0 78 D1 0C 3A 9B 00 0A 72 1E 5A AA AA 
Time:	07:17:55,056
Send:	220001
Receive: 62 00 01 02 8D 00 62 0F 2C 00 09 02 B8 00 BF 00 00 04 8D 00 C3 80 D9 58 67 7F FD 41 F1 FF 83 2D 00 E6 03 A0 4C 00 00 1F C0 00 5F 0A 73 00 30 01 72 00 00 4A 05 03 01 01 C0 78 D1 0C 3A 9B 00 0A 69 1E 47 AA AA 
Time:	07:17:55,460
Send:	220001
Receive: 62 00 01 02 8D 00 62 0F 1A 00 08 02 BF 00 BD 00 00 04 93 00 C4 80 D9 58 67 7F FD 41 F1 FF 83 42 00 E6 03 A0 4C 00 00 1F C0 00 5F 0A 73 00 30 01 65 00 00 4A 05 03 01 01 C0 78 D1 0C 3A 9B 00 0A 77 1E 67 AA AA 
Time:	07:17:55,871
Send:	220001
Receive: 62 00 01 02 8C 00 62 0F 40 00 08 02 B3 00 BD 00 00 04 8C 00 C3 80 D9 58 67 7F FD 41 F1 FF 83 2D 00 E6 03 A0 4C 00 00 1F C0 00 5F 0A 73 00 30 01 51 00 00 4A 05 03 01 01 C0 78 D1 0C 3A 9B 00 0A 58 1E 37 AA AA 
Time:	07:17:56,260
Send:	220001
Receive: 62 00 01 02 8D 00 62 0F 30 00 08 02 B3 00 BD 00 00 04 89 00 C3 80 D8 58 66 7F FD 41 F1 FF 83 20 00 E6 03 A0 4C 00 00 1F C0 00 5F 0A 73 00 30 01 41 00 00 4A 05 03 01 01 C0 78 D1 0C 3A 9B 00 0A 5F 1E 36 AA AA 
Time:	07:17:56,644
Send:	220001
Receive: 62 00 01 02 8D 00 63 0F 2C 00 09 02 B2 00 BD 00 00 04 81 00 BC 80 D8 58 67 7F FD 41 F1 FF 83 0F 00 E6 03 A0 4C 00 00 1F C0 00 5F 0A 74 00 30 01 28 00 00 4A 05 03 01 01 C0 78 D1 0C 3A 9B 00 0A 4E 1E 22 AA AA 
Time:	07:17:57,031
Send:	220001
Receive: 62 00 01 02 8D 00 63 0F 18 00 08 02 B6 00 BD 00 00 04 85 00 C0 80 D8 58 67 7F FD 41 F1 FF 83 18 00 E6 03 A0 4C 00 00 1F C0 00 5F 0A 74 00 30 01 1E 00 00 4A 05 03 01 01 C0 78 D1 0C 3A 9B 00 0A 54 1E 21 AA AA 
Time:	07:17:57,415
Send:	220001
Receive: 62 00 01 02 8D 00 63 0F 16 00 09 02 B3 00 BD 00 00 04 83 00 BE 80 D9 58 67 7F FD 41 F1 FF 83 0F 00 E6 03 A0 4C 00 00 1F C0 00 5F 0A 74 00 30 01 11 00 00 4A 05 03 01 01 C0 78 D1 0C 3A 9B 00 0A 50 1E 19 AA AA 
Time:	07:17:57,810
Send:	220001
Receive: 62 00 01 02 8D 00 63 0F 22 00 0C 02 99 00 B5 00 00 04 71 00 BD 80 D9 58 67 7F FD 41 F1 FF 82 DD 00 E6 03 69 4C 00 00 1F C0 00 5F 0A 75 00 30 00 FF 00 00 4A 05 03 01 01 C0 78 D1 0C 3A 9B 00 0A 1B 1D AE AA AA 
Time:	07:17:58,210
Send:	220001
Receive: 62 00 01 02 8D 00 63 0F 06 00 0D 02 99 00 B8 00 00 04 65 00 BA 80 D8 58 67 7F FD 41 F1 FF 82 B7 00 E6 03 69 4C 00 00 1F C0 00 5F 0A 75 00 30 00 F5 00 00 4A 05 03 01 01 C0 78 D1 0C 3A 9B 00 0A 0D 1D 93 AA AA 
Time:	07:17:58,603
Send:	220001

Fixed toLineMF: 03E 62 00 01 02 8D 00 63 0F 30 00 0B 02 90 00 B8 00 00 04 5F 00 B9 80 D9 58 67 7F FD 41 F1 FF 82 AB 00 E6 00 5F 0A 75 00 30 00 DE 00 00 4A 05 03 01 01 C0 78 D1 0C 3A 9B 00 0A 03 1D 7C AA AA 
Receive: 62 00 01 02 8D 00 63 0F 30 00 0B 02 90 00 B8 00 00 04 5F 00 B9 80 D9 58 67 7F FD 41 F1 FF 82 AB 00 E6 00 5F 0A 75 00 30 00 DE 00 00 4A 05 03 01 01 C0 78 D1 0C 3A 9B 00 0A 03 1D 7C AA AA 

Fixed toLineMF: 03E 62 00 01 02 8D 00 63 0F 30 00 0B 02 90 00 B8 00 00 04 5F 00 B9 80 D9 58 67 7F FD 41 F1 FF 82 AB 00 E6 00 5F 0A 75 00 30 00 DE 00 00 4A 05 03 01 01 C0 78 D1 0C 3A 9B 00 0A 03 1D 7C AA AA 
Time:	07:17:58,996
Send:	220001
Receive: 62 00 01 02 8D 00 63 0F 38 00 0B 02 91 00 B8 00 00 04 58 00 B7 80 D8 58 67 7F FD 41 F1 FF 82 92 00 E6 03 69 4C 00 00 1F C0 00 5F 0A 75 00 30 00 C2 00 00 4A 05 03 01 01 C0 78 D1 0C 3A 9B 00 09 F0 1D 59 AA AA 
Time:	07:17:59,404
Send:	220001
Receive: 62 00 01 02 8D 00 63 0F 00 00 0C 02 A1 00 B8 00 00 04 63 00 B8 80 D8 58 67 7F FD 41 F1 FF 82 AF 00 E6 03 69 4C 00 00 1F C0 00 5F 0A 76 00 30 00 B5 00 00 4A 05 03 01 01 C0 78 D1 0C 3A 9B 00 0A 0A 1D 8D AA AA 
Time:	07:17:59,811
Send:	220001
Receive: 62 00 01 02 8D 00 63 0F 1A 00 0B 02 A0 00 B8 00 00 04 63 00 BA 80 D9 58 67 7F FD 41 F1 FF 82 B3 00 E6 03 81 4C 00 00 1F C0 00 5F 0A 76 00 30 00 A3 00 00 4A 05 03 01 01 C0 78 D1 0C 3A 9B 00 0A 08 1D 87 AA AA 
Time:	07:18:00,191
Send:	220001
Receive: 62 00 01 02 8D 00 63 0F 36 00 0A 02 94 00 B8 00 00 04 5E 00 BA 80 D6 58 67 7F FD 41 F1 FF 82 A7 00 E6 03 81 4C 00 00 1F C0 00 5F 0A 76 00 30 00 84 00 00 4A 05 03 01 01 C0 78 D1 0C 3A 9B 00 09 FE 1D 72 AA AA 
Time:	07:18:00,602
Send:	220001
Receive: 62 00 01 02 8C 00 63 0E F2 00 0C 02 B0 00 B8 00 00 04 68 00 B9 80 D7 58 67 7F FD 41 F1 FF 82 C0 00 E6 03 81 4C 00 00 1F C0 00 5F 0A 76 00 30 00 78 00 00 4A 05 03 01 01 C0 78 D1 0C 3A 9B 00 0A 1B 1D BE AA AA 
Time:	07:18:00,982
Send:	220001
Receive: 62 00 01 02 8D 00 64 0F 48 00 09 02 92 00 B5 00 00 04 69 00 C1 80 D8 58 66 7F FD 41 F1 FF 82 C4 00 E6 03 A0 4C 00 00 1F C0 00 5F 0A 77 00 30 00 54 FF F1 4A 05 03 01 01 C0 78 D1 0C 3A 9B 00 0A 07 1D 67 AA AA 
Time:	07:18:01,363
Send:	220007
Receive: 62 00 07 02 8C 00 64 0F 30 00 0A 02 8E 00 B8 00 00 04 53 00 00 04 40 00 00 00 00 00 00 00 00 26 F0 AA 
Time:	07:18:01,701
Send:	220007
Receive: 62 00 07 02 8D 00 64 0F 02 00 0A 02 9D 00 B8 00 00 04 62 00 00 07 39 00 00 02 20 00 00 00 00 26 F0 AA 
Time:	07:18:02,031
Send:	220007
Receive: 62 00 07 02 8D 00 64 0F 0E 00 0A 02 99 00 B5 00 00 04 62 02 20 04 40 00 00 02 20 00 00 00 00 26 F0 AA 
Time:	07:18:02,365
Send:	220002
Receive: 62 00 02 02 8D 00 64 0E F0 00 0B 02 A3 00 B5 00 00 04 60 8F 11 00 00 8F 55 00 00 8F BB 00 00 8F BB 00 00 00 00 00 00 00 00 00 00 00 00 80 0F 00 02 00 9B 00 00 00 00 
Time:	07:18:02,736
Send:	220002
Receive: 62 00 02 02 8D 00 64 0F 1A 00 09 02 8F 00 B5 00 00 04 56 8F 11 00 00 8F 55 00 00 8F BB 00 00 8F BB 00 00 00 00 00 00 00 00 00 00 00 00 80 0F 00 02 00 9B 00 00 00 00 
Time:	07:18:03,111
Send:	220002
Receive: 62 00 02 02 8D 00 64 0F 06 00 0A 02 98 00 B5 00 00 04 61 8F 11 00 00 8F 55 00 00 8F BB 00 00 8F BB 00 00 00 00 00 00 00 00 00 00 00 00 80 0F 00 02 00 9B 00 00 00 00 
Time:	07:18:03,474
Send:	220002
Receive: 62 00 02 02 8D 00 64 0F 1A 00 0A 02 91 00 B5 00 00 04 59 8F 11 00 00 8F 55 00 00 8F BB 00 00 8F BB 00 00 00 00 00 00 00 00 00 00 00 00 80 0F 00 02 00 9B 00 00 00 00 
Time:	07:18:03,837
Send:	220002
Receive: 62 00 02 02 8D 00 64 0E EE 00 0B 02 A2 00 B5 00 00 04 60 8F 11 00 00 8F 55 00 00 8F BB 00 00 8F BB 00 00 00 00 00 00 00 00 00 00 00 00 80 0F 00 02 00 9B 00 00 00 00 
Time:	07:18:04,223
Send:	220002
Receive: 62 00 02 02 8D 00 64 0E B2 00 0B 02 B2 00 B8 00 00 04 67 8F 11 00 00 8F 55 00 00 8F BB 00 00 8F BB 00 00 00 00 00 00 00 00 00 00 00 00 80 0F 00 02 00 9B 00 00 00 00 
Time:	07:18:04,595
Send:	220002
Receive: 62 00 02 02 8D 00 64 0F 12 00 09 02 88 00 B3 00 00 04 5F 8F 11 00 00 8F 55 00 00 8F BB 00 00 8F BB 00 00 00 00 00 00 00 00 00 00 00 00 80 0F 00 02 00 9B 00 00 00 00 
Time:	07:18:04,973
Send:	220002
Receive: 62 00 02 02 8D 00 64 0E F8 00 0B 02 8A 00 B3 00 00 04 4D 8F 11 00 00 8F 55 00 00 8F BB 00 00 8F BB 00 00 00 00 00 00 00 00 00 00 00 00 80 0F 00 02 00 9B 00 00 00 00 
Time:	07:18:05,338
Send:	220002
Receive: 62 00 02 02 8D 00 64 0E EE 00 0B 02 8E 00 B3 00 00 04 51 8F 11 00 00 8F 55 00 00 8F BB 00 00 8F BB 00 00 00 00 00 00 00 00 00 00 00 00 80 0F 00 02 00 9B 00 00 00 00 
Time:	07:18:05,702
Send:	220002
Receive: 62 00 02 02 8D 00 64 0E DA 00 0A 02 96 00 B3 00 00 04 54 8F 11 00 00 8F 55 00 00 8F BB 00 00 8F BB 00 00 00 00 00 00 00 00 00 00 00 00 80 0F 00 02 00 9B 00 00 00 00 
Time:	07:18:06,080
Send:	220002
Receive: 62 00 02 02 8D 00 65 0E 98 00 0B 02 AA 00 B3 00 00 04 5F 8F 11 00 00 8F 55 00 00 8F BB 00 00 8F BB 00 00 00 00 00 00 00 00 00 00 00 00 80 0F 00 02 00 9B 00 00 00 00 
Time:	07:18:06,448
Send:	220002
Receive: 62 00 02 02 8C 00 65 0E 72 00 0C 02 BE 00 B3 00 00 04 70 8F 11 00 00 8F 55 00 00 8F BB 00 00 8F BB 00 00 00 00 00 00 00 00 00 00 00 00 80 0F 00 02 00 9B 00 00 00 00 
Time:	07:18:06,805
Send:	220002
Receive: 62 00 02 02 8D 00 65 0E E4 00 09 02 8F 00 B3 00 00 04 63 8F 11 00 00 8F 55 00 00 8F BB 00 00 8F BB 00 00 00 00 00 00 00 00 00 00 00 00 80 0F 00 02 00 9B 00 00 00 00 
Time:	07:18:07,170
Send:	220002
Receive: 62 00 02 02 8D 00 65 0F 12 00 08 02 7F 00 B3 00 00 04 4E 8F 11 00 00 8F 55 00 00 8F BB 00 00 8F BB 00 00 00 00 00 00 00 00 00 00 00 00 80 0F 00 02 00 9B 00 00 00 00 
Time:	07:18:07,541
Send:	220002
Receive: 62 00 02 02 8C 00 65 0E D2 00 0B 02 91 00 B3 00 00 04 50 8F 11 00 00 8F 55 00 00 8F BB 00 00 8F BB 00 00 00 00 00 00 00 00 00 00 00 00 80 0F 00 02 00 9B 00 00 00 00 
Time:	07:18:07,913
Send:	220002
Receive: 62 00 02 02 8D 00 65 0F 22 00 09 02 7B 00 B0 00 00 04 4D 8F 11 00 00 8F 55 00 00 8F BB 00 00 8F BB 00 00 00 00 00 00 00 00 00 00 00 00 80 0F 00 02 00 9B 00 00 00 00 
Time:	07:18:08,295
Send:	220002
Receive: 62 00 02 02 8D 00 65 0E EC 00 0B 02 8A 00 B3 00 00 04 48 8F 11 00 00 8F 55 00 00 8F BB 00 00 8F BB 00 00 00 00 00 00 00 00 00 00 00 00 80 0F 00 02 00 9B 00 00 00 00 
Time:	07:18:08,662
Send:	220002
Receive: 62 00 02 02 8D 00 65 0E E4 00 0A 02 8E 00 B3 00 00 04 49 8F 11 00 00 8F 55 00 00 8F BB 00 00 8F BB 00 00 00 00 00 00 00 00 00 00 00 00 80 0F 00 02 00 9B 00 00 00 00 
Time:	07:18:09,031
Send:	220002
Receive: 62 00 02 02 8D 00 65 0E B6 00 0A 02 9C 00 B3 00 00 04 59 8F 11 00 00 8F 55 00 00 8F BB 00 00 8F BB 00 00 00 00 00 00 00 00 00 00 00 00 80 0F 00 02 00 9B 00 00 00 00 
Time:	07:18:09,425
Send:	220002
Receive: 62 00 02 02 8D 00 65 0E A6 00 0A 02 9D 00 B0 00 00 04 5F 8F 11 00 00 8F 55 00 00 8F BB 00 00 8F BB 00 00 00 00 00 00 00 00 00 00 00 00 80 0F 00 02 00 9B 00 00 00 00 
Time:	07:18:09,795
Send:	220002
Receive: 62 00 02 02 8D 00 65 0E 96 00 0B 02 A4 00 B0 00 00 04 5E 8F 11 00 00 8F 55 00 00 8F BB 00 00 8F BB 00 00 00 00 00 00 00 00 00 00 00 00 80 0F 00 02 00 9B 00 00 00 00 
Time:	07:18:10,168
Send:	220002
Receive: NO DATA
Time:	07:18:10,463
Send:	220002
Receive: NO DATA
Time:	07:18:10,756
Send:	220002
Receive: NO DATA
Time:	07:18:11,067
Send:	220002
Receive: NO DATA
Time:	07:18:11,353
Send:	220002
Receive: NO DATA
Time:	07:18:11,633
Send:	220002
Receive: NO DATA
Time:	07:18:11,936
Send:	220002
Receive: NO DATA
Time:	07:18:12,212
Send:	220002
Receive: 62 00 02 02 8D 00 66 0F 04 00 08 02 77 00 B0 00 00 04 4B 8F 11 00 00 8F 55 00 00 8F BB 00 00 8F BB 00 00 00 00 00 00 00 00 00 00 00 00 80 0F 00 02 00 9B 00 00 00 00 
Time:	07:18:12,589
Send:	220002
Receive: 62 00 02 02 8C 00 66 0E D4 00 0C 02 7F 00 B0 00 00 04 3F 8F 11 00 00 8F 55 00 00 8F BB 00 00 8F BB 00 00 00 00 00 00 00 00 00 00 00 00 80 0F 00 02 00 9B 00 00 00 00 
Time:	07:18:12,962
Send:	220002
Receive: 62 00 02 02 8C 00 66 0E 74 00 0C 02 AA 00 B0 00 00 04 5E 8F 11 00 00 8F 55 00 00 8F BB 00 00 8F BB 00 00 00 00 00 00 00 00 00 00 00 00 80 0F 00 02 00 9B 00 00 00 00 
Time:	07:18:13,352
Send:	220002
Receive: 62 00 02 02 8D 00 66 0E 52 00 09 02 BB 00 B0 00 00 04 73 8F 11 00 00 8F 55 00 00 8F BB 00 00 8F BB 00 00 00 00 00 00 00 00 00 00 00 00 80 0F 00 02 00 9B 00 00 00 00 
Time:	07:18:13,717
Send:	220002
Receive: 62 00 02 02 8D 00 66 0E 8E 00 0A 02 9B 00 B0 00 00 04 66 8F 11 00 00 8F 55 00 00 8F BB 00 00 8F BB 00 00 00 00 00 00 00 00 00 00 00 00 80 0F 00 02 00 9B 00 00 00 00 
Time:	07:18:14,086
Send:	220002
Receive: 62 00 02 02 8D 00 66 0E C0 00 0A 02 88 00 B0 00 00 04 51 8F 11 00 00 8F 55 00 00 8F BB 00 00 8F BB 00 00 00 00 00 00 00 00 00 00 00 00 80 0F 00 02 00 9B 00 00 00 00 
Time:	07:18:14,450
Send:	220002
Receive: 62 00 02 02 8D 00 66 0E D8 00 0A 02 80 00 B0 00 00 04 48 8F 11 00 00 8F 55 00 00 8F BB 00 00 8F BB 00 00 00 00 00 00 00 00 00 00 00 00 80 0F 00 02 00 9B 00 00 00 00 
Time:	07:18:14,818
Send:	220002
Receive: 62 00 02 02 8D 00 66 0E D2 00 0B 02 83 00 B0 00 00 04 44 8F 11 00 00 8F 55 00 00 8F BB 00 00 8F BB 00 00 00 00 00 00 00 00 00 00 00 00 80 0F 00 02 00 9B 00 00 00 00 
Time:	07:18:15,184
Send:	220002
Receive: 62 00 02 02 8D 00 66 0E B6 00 09 02 92 00 AE 00 00 04 4F 8F 11 00 00 8F 55 00 00 8F BB 00 00 8F BB 00 00 00 00 00 00 00 00 00 00 00 00 80 0F 00 02 00 9B 00 00 00 00 
Time:	07:18:15,561
Send:	220002
Receive: 62 00 02 02 8C 00 66 0E A4 00 0A 02 99 00 B0 00 00 04 50 8F 11 00 00 8F 55 00 00 8F BB 00 00 8F BB 00 00 00 00 00 00 00 00 00 00 00 00 80 0F 00 02 00 9B 00 00 00 00 
Time:	07:18:15,944
Send:	220002
Receive: 62 00 02 02 8D 00 66 0E 66 00 0A 02 B5 00 B0 00 00 04 6E 8F 11 00 00 8F 55 00 00 8F BB 00 00 8F BB 00 00 00 00 00 00 00 00 00 00 00 00 80 0F 00 02 00 9B 00 00 00 00 
Time:	07:18:16,318
Send:	220002

Fixed toLineMF: 029 62 00 02 02 8D 00 00 B0 00 00 04 5B 8F 11 00 00 8F 55 00 00 8F BB 00 00 8F BB 00 00 00 00 00 80 0F 00 02 00 9B 00 00 00 00 
Receive: 62 00 02 02 8D 00 00 B0 00 00 04 5B 8F 11 00 00 8F 55 00 00 8F BB 00 00 8F BB 00 00 00 00 00 80 0F 00 02 00 9B 00 00 00 00 

Fixed toLineMF: 029 62 00 02 02 8D 00 00 B0 00 00 04 5B 8F 11 00 00 8F 55 00 00 8F BB 00 00 8F BB 00 00 00 00 00 80 0F 00 02 00 9B 00 00 00 00 
Time:	07:18:16,688
Send:	220002

Fixed toLineMF: 030 62 00 02 02 8C 00 67 0E E6 00 0A 02 75 00 AE 00 00 04 40 8F 11 00 00 8F 55 00 00 8F BB 00 00 8F BB 00 00 00 00 00 00 00 00 00 00 00 00 80 0F 00 
Receive: 62 00 02 02 8C 00 67 0E E6 00 0A 02 75 00 AE 00 00 04 40 8F 11 00 00 8F 55 00 00 8F BB 00 00 8F BB 00 00 00 00 00 00 00 00 00 00 00 00 80 0F 00 

Fixed toLineMF: 030 62 00 02 02 8C 00 67 0E E6 00 0A 02 75 00 AE 00 00 04 40 8F 11 00 00 8F 55 00 00 8F BB 00 00 8F BB 00 00 00 00 00 00 00 00 00 00 00 00 80 0F 00 
Time:	07:18:17,034
Send:	220002

Fixed toLineMF: 030 62 00 02 02 8C 00 67 0E C8 00 0A 02 86 00 AE 00 00 04 46 8F 8F BB 00 00 8F BB 00 00 00 00 00 00 00 00 00 00 00 00 80 0F 00 02 00 9B 00 00 00 00 
Receive: 62 00 02 02 8C 00 67 0E C8 00 0A 02 86 00 AE 00 00 04 46 8F 8F BB 00 00 8F BB 00 00 00 00 00 00 00 00 00 00 00 00 80 0F 00 02 00 9B 00 00 00 00 

Fixed toLineMF: 030 62 00 02 02 8C 00 67 0E C8 00 0A 02 86 00 AE 00 00 04 46 8F 8F BB 00 00 8F BB 00 00 00 00 00 00 00 00 00 00 00 00 80 0F 00 02 00 9B 00 00 00 00 
Time:	07:18:17,397
Send:	220002
Receive: 62 00 02 02 8D 00 67 0E B0 00 0A 02 87 00 AE 00 00 04 46 8F 11 00 00 8F 55 00 00 8F BB 00 00 8F BB 00 00 00 00 00 00 00 00 00 00 00 00 80 0F 00 02 00 9B 00 00 00 00 
Time:	07:18:17,755
Send:	220002

Fixed toLineMF: 030 62 00 02 02 8D 00 00 AB 00 00 04 45 8F 11 00 00 8F 55 00 00 8F BB 00 00 8F BB 00 00 00 00 00 00 00 00 00 00 00 00 80 0F 00 02 00 9B 00 00 00 00 
Receive: 62 00 02 02 8D 00 00 AB 00 00 04 45 8F 11 00 00 8F 55 00 00 8F BB 00 00 8F BB 00 00 00 00 00 00 00 00 00 00 00 00 80 0F 00 02 00 9B 00 00 00 00 

Fixed toLineMF: 030 62 00 02 02 8D 00 00 AB 00 00 04 45 8F 11 00 00 8F 55 00 00 8F BB 00 00 8F BB 00 00 00 00 00 00 00 00 00 00 00 00 80 0F 00 02 00 9B 00 00 00 00 
Time:	07:18:18,129
Send:	220002
Receive: 62 00 02 02 8D 00 67 0E BE 00 0B 02 7E 00 AE 00 00 04 3D 8F 11 00 00 8F 55 00 00 8F BB 00 00 8F BB 00 00 00 00 00 00 00 00 00 00 00 00 80 0F 00 02 00 9B 00 00 00 00 
Time:	07:18:18,496
Send:	220002
Receive: 62 00 02 02 8C 00 67 0E 74 00 0B 02 96 00 AE 00 00 04 43 8F 11 00 00 8F 55 00 00 8F BB 00 00 8F BB 00 00 00 00 00 00 00 00 00 00 00 00 80 0F 00 02 00 9B 00 00 00 00 
Time:	07:18:18,887
Send:	220002

Fixed toLineMF: 030 62 00 02 02 8D 00 67 0E 7A 00 0A 02 96 00 AE 00 00 04 54 8F 11 00 00 8F 55 00 00 8F BB 00 00 8F BB 00 00 00 00 00 80 0F 00 02 00 9B 00 00 00 00 
Receive: 62 00 02 02 8D 00 67 0E 7A 00 0A 02 96 00 AE 00 00 04 54 8F 11 00 00 8F 55 00 00 8F BB 00 00 8F BB 00 00 00 00 00 80 0F 00 02 00 9B 00 00 00 00 

Fixed toLineMF: 030 62 00 02 02 8D 00 67 0E 7A 00 0A 02 96 00 AE 00 00 04 54 8F 11 00 00 8F 55 00 00 8F BB 00 00 8F BB 00 00 00 00 00 80 0F 00 02 00 9B 00 00 00 00 
Time:	07:18:19,243
Send:	220002

Fixed toLineMF: 022 62 00 02 02 8D 00 67 0E 78 00 0B 02 91 11 00 00 8F 55 00 00 00 00 00 00 00 00 00 02 00 9B 00 00 00 00 
Receive: 62 00 02 02 8D 00 67 0E 78 00 0B 02 91 11 00 00 8F 55 00 00 00 00 00 00 00 00 00 02 00 9B 00 00 00 00 

Fixed toLineMF: 022 62 00 02 02 8D 00 67 0E 78 00 0B 02 91 11 00 00 8F 55 00 00 00 00 00 00 00 00 00 02 00 9B 00 00 00 00 
Time:	07:18:19,611
Send:	220002

Fixed toLineMF: 022 62 00 02 02 8D 00 67 0E 8E 00 0A 02 8E 11 00 00 8F 55 00 00 00 00 00 00 00 00 00 02 00 9B 00 00 00 00 
Receive: 62 00 02 02 8D 00 67 0E 8E 00 0A 02 8E 11 00 00 8F 55 00 00 00 00 00 00 00 00 00 02 00 9B 00 00 00 00 

Fixed toLineMF: 022 62 00 02 02 8D 00 67 0E 8E 00 0A 02 8E 11 00 00 8F 55 00 00 00 00 00 00 00 00 00 02 00 9B 00 00 00 00 
Time:	07:18:19,976
Send:	220002

Fixed toLineMF: 029 62 00 02 02 8D 00 00 AB 00 00 04 42 8F 8F BB 00 00 8F BB 00 00 00 00 00 00 00 00 00 00 00 00 80 0F 00 02 00 9B 00 00 00 00 
Receive: 62 00 02 02 8D 00 00 AB 00 00 04 42 8F 8F BB 00 00 8F BB 00 00 00 00 00 00 00 00 00 00 00 00 80 0F 00 02 00 9B 00 00 00 00 

Fixed toLineMF: 029 62 00 02 02 8D 00 00 AB 00 00 04 42 8F 8F BB 00 00 8F BB 00 00 00 00 00 00 00 00 00 00 00 00 80 0F 00 02 00 9B 00 00 00 00 
Time:	07:18:20,338
Send:	220002
Receive: 62 00 02 02 8D 00 67 0E 96 00 0B 02 86 00 AB 00 00 04 42 8F 11 00 00 8F 55 00 00 8F BB 00 00 8F BB 00 00 00 00 00 00 00 00 00 00 00 00 80 0F 00 02 00 9B 00 00 00 00 
Time:	07:18:20,693
Send:	220002
Receive: 62 00 02 02 8D 00 67 0E BA 00 0A 02 76 00 AB 00 00 04 3B 8F 11 00 00 8F 55 00 00 8F BB 00 00 8F BB 00 00 00 00 00 00 00 00 00 00 00 00 80 0F 00 02 00 9B 00 00 00 00 
Time:	07:18:21,068
Send:	220002
Receive: 62 00 02 02 8D 00 67 0E 46 00 08 02 F6 00 C2 00 00 04 90 8F 11 00 00 8F 55 00 00 8F BB 00 00 8F BB 00 00 00 00 00 00 00 00 00 00 00 00 80 0F 00 02 00 9B 00 00 00 00 
Time:	07:18:21,447
Send:	220002
Receive: 62 00 02 02 8D 00 67 0E 80 00 04 02 E9 00 BF 00 00 04 AB 8F 11 00 00 8F 55 00 00 8F BB 00 00 8F BB 00 00 00 00 00 00 00 00 00 00 00 00 80 0F 00 02 00 9B 00 00 00 00 
Time:	07:18:21,813
Send:	220002
Receive: 62 00 02 02 8A 00 67 0E BE 00 02 02 C7 00 BD 00 00 04 9D 8F 11 00 00 8F 55 00 00 8F BB 00 00 8F BB 00 00 00 00 00 00 00 00 00 00 00 00 80 0F 00 02 00 9B 00 00 00 00 
Time:	07:18:22,189
Send:	220002
Receive: 62 00 02 02 8A 00 67 0E C2 00 05 02 99 00 B3 00 00 04 7E 8F 11 00 00 8F 55 00 00 8F BB 00 00 8F BB 00 00 00 00 00 00 00 00 00 00 00 00 80 0F 00 02 00 9B 00 00 00 00 
Time:	07:18:22,557
Send:	220002

Fixed toLineMF: 030 62 00 02 02 8A 00 68 0E 9E 00 05 02 A3 00 B5 00 00 04 73 8F 11 00 00 8F 55 00 00 8F BB 00 00 8F BB 00 00 00 00 00 80 0F 00 02 00 9B 00 00 00 00 
Receive: 62 00 02 02 8A 00 68 0E 9E 00 05 02 A3 00 B5 00 00 04 73 8F 11 00 00 8F 55 00 00 8F BB 00 00 8F BB 00 00 00 00 00 80 0F 00 02 00 9B 00 00 00 00 

Fixed toLineMF: 030 62 00 02 02 8A 00 68 0E 9E 00 05 02 A3 00 B5 00 00 04 73 8F 11 00 00 8F 55 00 00 8F BB 00 00 8F BB 00 00 00 00 00 80 0F 00 02 00 9B 00 00 00 00 
Time:	07:18:22,926
Send:	220002
Receive: 62 00 02 02 8A 00 68 0E DC 00 03 05 6F 01 50 06 A3 06 86 8F 11 00 00 8F 55 00 00 8F BB 00 00 8F BB 00 00 00 00 00 00 00 00 00 00 00 00 80 0F 00 02 00 9B 00 00 00 00 
Time:	07:18:23,288
Send:	220002
Receive: 62 00 02 02 8A 00 68 11 C0 00 FF 04 B4 01 5C 05 2E 06 D8 8F 11 00 00 8F 55 00 00 8F BB 00 00 8F BB 00 00 00 00 00 00 00 00 00 00 00 00 80 0F 00 02 00 9B 00 00 00 00 
Time:	07:18:23,660
Send:	220002
Receive: 62 00 02 02 86 00 68 0F CC 00 02 04 4F 01 A2 03 BD 06 A4 8F 11 00 00 8F 55 00 00 8F BB 00 00 8F BB 00 00 00 00 00 00 00 00 00 00 00 00 80 0F 00 02 00 9B 00 00 00 00 
Time:	07:18:24,014
Send:	220002
Receive: 62 00 02 02 81 00 68 0C 76 00 EB 07 4E 01 84 00 00 09 93 8F 11 00 00 8F 55 00 00 8F BB 00 00 8F BB 00 00 00 00 00 00 00 00 00 00 00 00 04 0F 00 02 00 9B 00 00 00 00 
Time:	07:18:24,390
Send:	220002
Receive: 62 00 02 02 86 00 68 0D C8 00 FA 02 D0 00 B5 00 00 05 E3 8F 11 00 00 8F 55 00 00 8F BB 00 00 8F BB 00 00 00 00 00 00 00 00 00 00 00 00 80 0F 00 02 00 9B 00 00 00 00 
Time:	07:18:24,749
Send:	220002
Receive: 62 00 02 02 89 00 68 0D 92 00 F7 07 12 01 73 0B A3 08 6D 8F 11 00 00 8F 55 00 00 8F BB 00 00 8F BB 00 00 00 00 00 00 00 00 00 00 00 00 80 0F 00 02 00 9B 00 00 00 00 
Time:	07:18:25,123
Send:	220002
Receive: 62 00 02 02 8A 00 68 13 5E 00 02 07 45 02 8F 1D EB 09 C5 8F 11 00 00 8F 55 00 00 8F BB 00 00 8F BB 00 00 00 00 00 00 00 00 00 00 00 00 80 0F 00 02 00 9B 00 00 00 00 
Time:	07:18:25,490
Send:	220002
Receive: 62 00 02 02 8B 00 68 1F 52 00 08 02 B9 01 9F 10 6B 06 62 8F 11 00 00 8F 55 00 00 8F BB 00 00 8F BB 00 00 00 00 00 00 00 00 00 00 00 00 80 0F 00 02 00 9B 00 00 00 00 
Time:	07:18:25,859
Send:	220002

Fixed toLineMF: 030 62 00 02 02 8B 00 68 1C 3A 00 27 02 2E 01 61 09 F5 04 CB 8F 11 00 00 8F 55 00 00 00 00 00 00 00 00 00 00 00 00 00 80 0F 00 02 00 9B 00 00 00 00 
Receive: 62 00 02 02 8B 00 68 1C 3A 00 27 02 2E 01 61 09 F5 04 CB 8F 11 00 00 8F 55 00 00 00 00 00 00 00 00 00 00 00 00 00 80 0F 00 02 00 9B 00 00 00 00 

Fixed toLineMF: 030 62 00 02 02 8B 00 68 1C 3A 00 27 02 2E 01 61 09 F5 04 CB 8F 11 00 00 8F 55 00 00 00 00 00 00 00 00 00 00 00 00 00 80 0F 00 02 00 9B 00 00 00 00 
Time:	07:18:26,213
Send:	220002
Receive: 62 00 02 02 8A 00 68 18 98 01 12 01 E3 00 FB 00 00 04 2B 8F 11 00 00 8F 55 00 00 8F BB 00 00 8F BB 00 00 00 00 00 00 00 00 00 00 00 00 80 0F 00 02 00 9B 00 00 00 00 
Time:	07:18:26,585
Send:	220002
Receive: 62 00 02 02 8A 00 68 17 04 01 0E 01 A5 00 C7 00 00 03 7E 8F 11 00 00 8F 55 00 00 8F BB 00 00 8F BB 00 00 00 00 00 00 00 00 00 00 00 00 80 0F 00 02 00 9B 00 00 00 00 
Time:	07:18:26,983
Send:	220002
Receive: 62 00 02 02 8A 00 68 15 48 00 17 01 A0 00 C7 06 38 03 4B 8F 11 00 00 8F 55 00 00 8F BB 00 00 8F BB 00 00 00 00 00 00 00 00 00 00 00 00 80 0F 00 02 00 9B 00 00 00 00 
Time:	07:18:27,345
Send:	220002
Receive: 62 00 02 02 8A 00 68 15 10 00 27 03 5B 01 55 07 7A 04 C2 8F 11 00 00 8F 55 00 00 8F BB 00 00 8F BB 00 00 00 00 00 00 00 00 00 00 00 00 80 0F 00 02 00 9B 00 00 00 00 
Time:	07:18:27,707
Send:	220002
Receive: 62 00 02 02 8A 00 68 14 34 01 09 03 A8 01 6B 07 7A 05 6A 8F 11 00 00 8F 55 00 00 8F BB 00 00 8F BB 00 00 00 00 00 00 00 00 00 00 00 00 80 0F 00 02 00 9B 00 00 00 00 
Time:	07:18:28,068
Send:	220002
Receive: 62 00 02 02 88 00 68 11 D2 02 FE 05 15 00 DD 00 66 07 0B 8F 11 00 00 8F 55 00 00 8F BB 00 00 8F BB 00 00 00 00 00 00 00 00 00 00 00 00 80 0F 00 02 00 9B 00 00 00 00 
Time:	07:18:28,444
Send:	220002
Receive: 62 00 02 02 88 00 69 10 16 02 FD 03 84 00 C9 00 00 05 F2 8F 11 00 00 8F 55 00 00 8F BB 00 00 8F BB 00 00 00 00 00 00 00 00 00 00 00 00 80 0F 00 02 00 9B 00 00 00 00 
Time:	07:18:28,827
Send:	220002
Receive: 62 00 02 02 8A 00 69 0F 4C 02 04 03 1C 00 C7 00 00 05 63 8F 11 00 00 8F 55 00 00 8F BB 00 00 8F BB 00 00 00 00 00 00 00 00 00 00 00 00 80 0F 00 02 00 9B 00 00 00 00 
Time:	07:18:29,185
Send:	220002
Receive: 62 00 02 02 8A 00 69 11 74 02 09 02 06 00 C9 00 00 04 5E 8F 11 00 00 8F 55 00 00 8F BB 00 00 8F BB 00 00 00 00 00 00 00 00 00 00 00 00 80 0F 00 02 00 9B 00 00 00 00 
Time:	07:18:29,552
Send:	220002
Receive: 62 00 02 02 8A 00 69 12 24 02 0F 01 E2 00 C9 00 9E 03 FC 8F 11 00 00 8F 55 00 00 8F BB 00 00 8F BB 00 00 00 00 00 00 00 00 00 00 00 00 80 0F 00 02 00 9B 00 00 00 00 
Time:	07:18:29,934
Send:	220002
Receive: 62 00 02 02 8A 00 69 11 3C 02 09 04 8D 01 7A 09 23 05 C4 8F 11 00 00 8F 55 00 00 8F BB 00 00 8F BB 00 00 00 00 00 00 00 00 00 00 00 00 80 0F 00 02 00 9B 00 00 00 00 
Time:	07:18:30,307
Send:	220002
Receive: 62 00 02 02 8A 00 69 11 BA 02 F7 06 04 01 AC 09 F5 08 6A 8F 11 00 00 8F 55 00 00 8F BB 00 00 8F BB 00 00 00 00 00 00 00 00 00 00 00 00 80 0F 00 02 00 9B 00 00 00 00 
Time:	07:18:30,668
Send:	220002

Fixed toLineMF: 030 62 00 02 02 8A 00 69 13 86 02 FC 04 19 11 00 00 8F 55 00 00 8F BB 00 00 8F BB 00 00 00 00 00 00 00 00 00 00 00 00 80 0F 00 02 00 9B 00 00 00 00 
Receive: 62 00 02 02 8A 00 69 13 86 02 FC 04 19 11 00 00 8F 55 00 00 8F BB 00 00 8F BB 00 00 00 00 00 00 00 00 00 00 00 00 80 0F 00 02 00 9B 00 00 00 00 

Fixed toLineMF: 030 62 00 02 02 8A 00 69 13 86 02 FC 04 19 11 00 00 8F 55 00 00 8F BB 00 00 8F BB 00 00 00 00 00 00 00 00 00 00 00 00 80 0F 00 02 00 9B 00 00 00 00 
Time:	07:18:31,027
Send:	220002
Receive: 62 00 02 02 86 00 69 11 1C 02 04 03 11 00 DD 00 00 05 56 8F 11 00 00 8F 55 00 00 8F BB 00 00 8F BB 00 00 00 00 00 00 00 00 00 00 00 00 80 0F 00 02 00 9B 00 00 00 00 
Time:	07:18:31,396
Send:	220002
Receive: 62 00 02 02 81 00 69 0D A6 02 EE 06 2E 00 B8 00 00 08 3A 8F 11 00 00 8F 55 00 00 8F BB 00 00 8F BB 00 00 00 00 00 00 00 00 00 00 00 00 04 0F 00 02 00 9B 00 00 00 00 
Time:	07:18:31,755
Send:	220002
Receive: 62 00 02 02 87 00 69 0F 52 02 FD 03 25 00 C4 00 00 05 CA 8F 11 00 00 8F 55 00 00 8F BB 00 00 8F BB 00 00 00 00 00 00 00 00 00 00 00 00 80 0F 00 02 00 9B 00 00 00 00 
Time:	07:18:32,119
Send:	220002
Receive: 62 00 02 02 8A 00 69 10 C8 03 07 02 54 00 C9 00 00 04 D3 8F 11 00 00 8F 55 00 00 8F BB 00 00 8F BB 00 00 00 00 00 00 00 00 00 00 00 00 80 0F 00 02 00 9B 00 00 00 00 
Time:	07:18:32,477
Send:	220002
Receive: 62 00 02 02 8B 00 69 12 AC 03 0E 03 F9 01 66 0E F5 05 CE 8F 11 00 00 8F 55 00 00 8F BB 00 00 8F BB 00 00 00 00 00 00 00 00 00 00 00 00 80 0F 00 02 00 9B 00 00 00 00 
Time:	07:18:32,846
Send:	220002
Receive: 62 00 02 02 8B 00 69 19 C8 03 11 03 10 01 8E 0B D6 05 B0 8F 11 00 00 8F 55 00 00 8F BB 00 00 8F BB 00 00 00 00 00 00 00 00 00 00 00 00 80 0F 00 02 00 9B 00 00 00 00 
Time:	07:18:33,229
Send:	220002
Receive: 62 00 02 02 8B 00 69 19 D0 03 10 02 3C 01 1C 00 D1 04 3E 8F 11 00 00 8F 55 00 00 8F BB 00 00 8F BB 00 00 00 00 00 00 00 00 00 00 00 00 80 0F 00 02 00 9B 00 00 00 00 
Time:	07:18:33,584
Send:	220002
Receive: NO DATA
Time:	07:18:33,861
Send:	220002
Receive: NO DATA
Time:	07:18:34,159
Send:	220002
Receive: NO DATA
Time:	07:18:34,456
Send:	220002
Receive: NO DATA
Time:	07:18:34,742
Send:	220002
Receive: NO DATA
Time:	07:18:35,036
Send:	220002
Receive: NO DATA
Time:	07:18:35,320
Send:	220002
Receive: NO DATA
Time:	07:18:35,613
Send:	220002

Fixed toLineMF: 030 62 00 02 02 8D 00 6A 13 12 00 0C 02 02 00 D6 00 00 03 AB 8F 8F BB 00 00 8F BB 00 00 00 00 00 01 00 01 00 00 00 00 80 0F 00 02 00 9C 00 01 00 00 
Receive: 62 00 02 02 8D 00 6A 13 12 00 0C 02 02 00 D6 00 00 03 AB 8F 8F BB 00 00 8F BB 00 00 00 00 00 01 00 01 00 00 00 00 80 0F 00 02 00 9C 00 01 00 00 

Fixed toLineMF: 030 62 00 02 02 8D 00 6A 13 12 00 0C 02 02 00 D6 00 00 03 AB 8F 8F BB 00 00 8F BB 00 00 00 00 00 01 00 01 00 00 00 00 80 0F 00 02 00 9C 00 01 00 00 
Time:	07:18:35,982
Send:	220002
Receive: 62 00 02 02 8D 00 6A 11 9C 00 07 02 62 00 D3 00 00 03 FC 8F 11 00 00 8F 55 00 00 8F BB 00 00 8F BB 00 00 00 00 00 01 00 01 00 00 00 00 80 0F 00 02 00 9C 00 01 00 00 
Time:	07:18:36,339
Send:	220002
Receive: 62 00 02 02 8D 00 6A 10 B2 00 02 02 8D 00 CC 00 00 04 36 8F 11 00 00 8F 55 00 00 8F BB 00 00 8F BB 00 00 00 00 00 01 00 01 00 00 00 00 80 0F 00 02 00 9C 00 01 00 00 
Time:	07:18:36,711
Send:	220002
Receive: 62 00 02 02 8D 00 6A 0F 5A 00 FF 02 C9 00 C4 02 E6 04 7E 8F 11 00 00 8F 55 00 00 8F BB 00 00 8F BB 00 00 00 00 00 01 00 01 00 00 00 00 80 0F 00 02 00 9C 00 01 00 00 
Time:	07:18:37,082
Send:	220002
Receive: 62 00 02 02 8D 00 6A 0F 0C 00 02 05 D3 01 8E 11 A8 06 DF 8F 11 00 00 8F 55 00 00 8F BB 00 00 8F BB 00 00 00 00 00 01 00 01 00 00 00 00 80 0F 00 02 00 9C 00 01 00 00 
Time:	07:18:37,445
Send:	220002
Receive: 62 00 02 02 8D 00 6A 12 66 00 FE 06 79 01 D6 12 47 08 64 8F 11 00 00 8F 55 00 00 8F BB 00 00 8F BB 00 00 00 00 00 01 00 01 00 00 00 00 80 0F 00 02 00 9C 00 01 00 00 
Time:	07:18:37,815
Send:	220002
Receive: 62 00 02 02 8C 00 6A 17 B8 01 02 03 77 01 46 0A CC 06 3B 8F 11 00 00 8F 55 00 00 8F BB 00 00 8F BB 00 00 00 00 00 01 00 01 00 00 00 00 80 0F 00 02 00 9C 00 01 00 00 
Time:	07:18:38,179
Send:	220002
Receive: 62 00 02 02 8C 00 6A 14 C4 02 09 02 C9 01 2B 08 4C 05 4D 8F 11 00 00 8F 55 00 00 8F BB 00 00 8F BB 00 00 00 00 00 01 00 01 00 00 00 00 80 0F 00 02 00 9C 00 01 00 00 
Time:	07:18:38,548
Send:	220002

Fixed toLineMF: 030 62 00 02 02 8A 00 6A 12 0E 03 04 04 BE 01 57 00 66 06 BC 8F 11 00 00 8F 55 00 00 8F BB 00 00 8F BB 00 00 00 00 00 01 00 01 00 00 00 00 80 0F 00 
Receive: 62 00 02 02 8A 00 6A 12 0E 03 04 04 BE 01 57 00 66 06 BC 8F 11 00 00 8F 55 00 00 8F BB 00 00 8F BB 00 00 00 00 00 01 00 01 00 00 00 00 80 0F 00 

Fixed toLineMF: 030 62 00 02 02 8A 00 6A 12 0E 03 04 04 BE 01 57 00 66 06 BC 8F 11 00 00 8F 55 00 00 8F BB 00 00 8F BB 00 00 00 00 00 01 00 01 00 00 00 00 80 0F 00 
Time:	07:18:38,924
Send:	220002
Receive: 62 00 02 02 8C 00 6A 12 48 03 08 02 1B 00 BF 00 00 04 8D 8F 11 00 00 8F 55 00 00 8F BB 00 00 8F BB 00 00 00 00 00 01 00 01 00 00 00 00 80 0F 00 02 00 9C 00 01 00 00 
Time:	07:18:39,287
Send:	220002
Receive: 62 00 02 02 8D 00 6A 11 2C 03 10 02 14 00 DB 07 7A 04 29 8F 11 00 00 8F 55 00 00 8F BB 00 00 8F BB 00 00 00 00 00 01 00 01 00 00 00 00 80 0F 00 02 00 9C 00 01 00 00 
Time:	07:18:39,647
Send:	220002
Receive: 62 00 02 02 8D 00 6A 12 98 03 10 02 EE 01 08 09 23 05 1B 8F 11 00 00 8F 55 00 00 8F BB 00 00 8F BB 00 00 00 00 00 01 00 01 00 00 00 00 80 0F 00 02 00 9C 00 01 00 00 
Time:	07:18:40,006
Send:	220002
Receive: 62 00 02 02 8C 00 6B 14 12 03 0C 02 FD 01 2F 08 4C 05 2D 8F 11 00 00 8F 55 00 00 8F BB 00 00 8F BB 00 00 00 00 00 01 00 01 00 00 00 00 80 0F 00 02 00 9C 00 01 00 00 
Time:	07:18:40,379
Send:	220002
Receive: 62 00 02 02 8C 00 6B 12 64 04 06 04 BA 01 89 00 00 06 B4 8F 11 00 00 8F 55 00 00 8F BB 00 00 8F BB 00 00 00 00 00 01 00 01 00 00 00 00 80 0F 00 02 00 9C 00 01 00 00 
Time:	07:18:40,738
Send:	220002
Receive: 62 00 02 02 8D 00 6B 13 30 05 04 02 81 00 C9 00 00 05 0A 8F 11 00 00 8F 55 00 00 8F BB 00 00 8F BB 00 00 00 00 00 01 00 01 00 00 00 00 80 0F 00 02 00 9C 00 01 00 00 
Time:	07:18:41,097
Send:	220002
Receive: 62 00 02 02 8D 00 6B 13 32 04 0E 01 CA 00 C7 00 00 03 F2 8F 11 00 00 8F 55 00 00 8F BB 00 00 8F BB 00 00 00 00 00 01 00 01 00 00 00 00 80 0F 00 02 00 9C 00 01 00 00 
Time:	07:18:41,465
Send:	220002
Receive: 62 00 02 02 8D 00 6B 12 5E 04 0F 01 E8 00 C7 00 00 03 D6 8F 11 00 00 8F 55 00 00 8F BB 00 00 8F BB 00 00 00 00 00 01 00 01 00 00 00 00 80 0F 00 02 00 9C 00 01 00 00 
Time:	07:18:41,827
Send:	220002
Receive: 62 00 02 02 8D 00 6B 12 5A 04 0D 01 F3 00 C9 00 00 03 C0 8F 11 00 00 8F 55 00 00 8F BB 00 00 8F BB 00 00 00 00 00 01 00 01 00 00 00 00 80 0F 00 02 00 9C 00 01 00 00 
Time:	07:18:42,201
Send:	220002
Receive: 62 00 02 02 8D 00 6B 12 56 04 09 02 04 00 C7 00 00 03 BA 8F 11 00 00 8F 55 00 00 8F BB 00 00 8F BB 00 00 00 00 00 01 00 01 00 00 00 00 80 0F 00 02 00 9C 00 01 00 00 
Time:	07:18:42,559
Send:	220002
Receive: 62 00 02 02 8C 00 6B 11 72 04 07 02 3F 00 C7 00 00 03 D6 8F 11 00 00 8F 55 00 00 8F BB 00 00 8F BB 00 00 00 00 00 01 00 01 00 00 00 00 80 0F 00 02 00 9C 00 01 00 00 
Time:	07:18:42,984
Send:	220002
Receive: 62 00 02 02 8C 00 6B 0F A6 03 01 02 A5 00 C7 00 00 04 58 8F 11 00 00 8F 55 00 00 8F BB 00 00 8F BB 00 00 00 00 00 01 00 01 00 00 00 00 80 0F 00 02 00 9C 00 01 00 00 
Time:	07:18:43,346
Send:	220002
Receive: 62 00 02 02 8C 00 6B 0E B4 03 01 02 EA 00 BD 00 00 04 97 8F 11 00 00 8F 55 00 00 8F BB 00 00 8F BB 00 00 00 00 00 01 00 01 00 00 00 00 80 0F 00 02 00 9C 00 01 00 00 
Time:	07:18:43,703
Send:	220002
Receive: 62 00 02 02 8C 00 6B 0E 34 02 07 02 85 00 9F 00 00 04 5D 8F 11 00 00 8F 55 00 00 8F BB 00 00 8F BB 00 00 00 00 00 01 00 01 00 00 00 00 80 0F 00 02 00 9C 00 01 00 00 
Time:	07:18:44,075
Send:	220002
Receive: 62 00 02 02 8C 00 6B 0E 4A 01 08 02 6A 00 9F 00 00 04 38 8F 11 00 00 8F 55 00 00 8F BB 00 00 8F BB 00 00 00 00 00 01 00 01 00 00 00 00 80 0F 00 02 00 9C 00 01 00 00 
Time:	07:18:44,439
Send:	220002
Receive: 62 00 02 02 8C 00 6B 0E 42 01 09 02 59 00 9F 00 00 04 27 8F 11 00 00 8F 55 00 00 8F BB 00 00 8F BB 00 00 00 00 00 01 00 01 00 00 00 00 80 0F 00 02 00 9C 00 01 00 00 
Time:	07:18:44,803
Send:	220002
Receive: 62 00 02 02 8D 00 6B 0E 22 00 0A 02 75 00 9F 00 00 04 3A 8F 11 00 00 8F 55 00 00 8F BB 00 00 8F BB 00 00 00 00 00 01 00 01 00 00 00 00 80 0F 00 02 00 9C 00 01 00 00 
Time:	07:18:45,175
Send:	220002
Receive: 62 00 02 02 8D 00 6C 0E 3C 00 09 02 6E 00 9F 00 00 04 31 8F 11 00 00 8F 55 00 00 8F BB 00 00 8F BB 00 00 00 00 00 01 00 01 00 00 00 00 80 0F 00 02 00 9C 00 01 00 00 
Time:	07:18:45,539
Send:	220002
Receive: 62 00 02 02 8D 00 6C 0E 3A 00 09 02 5C 00 9F 00 00 04 28 8F 11 00 00 8F 55 00 00 8F BB 00 00 8F BB 00 00 00 00 00 01 00 01 00 00 00 00 80 0F 00 02 00 9C 00 01 00 00 
Time:	07:18:45,903
Send:	220002
Receive: 62 00 02 02 8D 00 6C 0E 1C 00 0A 02 68 00 9F 00 00 04 30 8F 11 00 00 8F 55 00 00 8F BB 00 00 8F BB 00 00 00 00 00 01 00 01 00 00 00 00 80 0F 00 02 00 9C 00 01 00 00 
Time:	07:18:46,263
Send:	220002
Receive: 62 00 02 02 8D 00 6C 0E 0E 00 0A 02 6C 00 9F 00 00 04 31 8F 11 00 00 8F 55 00 00 8F BB 00 00 8F BB 00 00 00 00 00 01 00 01 00 00 00 00 80 0F 00 02 00 9C 00 01 00 00 
Time:	07:18:46,636
Send:	220002
Receive: 62 00 02 02 8D 00 6C 0D E4 00 0B 02 71 00 A1 00 00 04 37 8F 11 00 00 8F 55 00 00 8F BB 00 00 8F BB 00 00 00 00 00 01 00 01 00 00 00 00 80 0F 00 02 00 9C 00 01 00 00 
Time:	07:18:46,993
Send:	220002
Receive: 62 00 02 02 8D 00 6C 0E 1E 00 09 02 78 00 A1 00 00 04 3D 8F 11 00 00 8F 55 00 00 8F BB 00 00 8F BB 00 00 00 00 00 01 00 01 00 00 00 00 80 0F 00 02 00 9C 00 01 00 00 
Time:	07:18:47,403
Send:	220002
Receive: 62 00 02 02 8D 00 6C 0E 64 00 09 02 65 00 A6 00 00 04 2A 8F 11 00 00 8F 55 00 00 8F BB 00 00 8F BB 00 00 00 00 00 01 00 01 00 00 00 00 80 0F 00 02 00 9C 00 01 00 00 
Time:	07:18:47,763
Send:	220002
Receive: 62 00 02 02 8C 00 6C 0E 10 00 0A 02 5E 00 A6 00 00 04 2D 8F 11 00 00 8F 55 00 00 8F BB 00 00 8F BB 00 00 00 00 00 01 00 01 00 00 00 00 80 0F 00 02 00 9C 00 01 00 00 
Time:	07:18:48,144
Send:	220002
Receive: NO DATA
Time:	07:18:48,434
Send:	220002
Receive: NO DATA
Time:	07:18:48,724
Send:	220002
Receive: NO DATA
Time:	07:18:49,017
Send:	220002
Receive: NO DATA
Time:	07:18:49,302
Send:	220002
Receive: NO DATA
Time:	07:18:49,597
Send:	220002
Receive: NO DATA
Time:	07:18:49,892
Send:	220002
Receive: NO DATA
Time:	07:18:50,181
Send:	220002
Receive: 62 00 02 02 8D 00 6C 0E 60 00 06 02 A9 00 B3 00 00 04 70 8F 11 00 00 8F 55 00 00 8F BB 00 00 8F BB 00 00 00 00 00 01 00 01 00 00 00 00 80 0F 00 02 00 9C 00 01 00 00 
Time:	07:18:50,589
Send:	220002
Receive: 62 00 02 02 8D 00 6D 0E 8A 00 04 02 8F 00 B0 00 00 04 69 8F 11 00 00 8F 55 00 00 8F BB 00 00 8F BB 00 00 00 00 00 01 00 01 00 00 00 00 80 0F 00 02 00 9C 00 01 00 00 
Time:	07:18:50,941
Send:	220002
Receive: 62 00 02 02 8D 00 6D 0E CC 00 03 02 74 00 AE 00 00 04 55 8F 11 00 00 8F 55 00 00 8F BB 00 00 8F BB 00 00 00 00 00 01 00 01 00 00 00 00 80 0F 00 02 00 9C 00 01 00 00 
Time:	07:18:51,319
Send:	220002
Receive: 62 00 02 02 8D 00 6D 0E 50 00 07 03 A9 01 2F 07 7A 05 1B 8F 11 00 00 8F 55 00 00 8F BB 00 00 8F BB 00 00 00 00 00 01 00 01 00 00 00 00 80 0F 00 02 00 9C 00 01 00 00 
Time:	07:18:51,677
Send:	220002
Receive: NO DATA
Time:	07:18:51,963
Send:	220002
Receive: NO DATA
Time:	07:18:52,240
Send:	220002
Receive: NO DATA
Time:	07:18:52,525
Send:	220002
Receive: NO DATA
Time:	07:18:52,803
Send:	220002
Receive: NO DATA
Time:	07:18:53,094
Send:	220002
Receive: NO DATA
Time:	07:18:53,387
Send:	220002
Receive: NO DATA
Time:	07:18:53,663
Send:	220002
Receive: NO DATA
Time:	07:18:53,948
Send:	220002

Fixed toLineMF: 029 62 00 02 02 8D 00 6D 11 56 00 0C 01 F4 11 00 00 8F 55 00 00 8F BB 00 00 8F BB 00 00 00 00 00 01 00 01 02 00 9C 00 01 00 00 
Receive: 62 00 02 02 8D 00 6D 11 56 00 0C 01 F4 11 00 00 8F 55 00 00 8F BB 00 00 8F BB 00 00 00 00 00 01 00 01 02 00 9C 00 01 00 00 

Fixed toLineMF: 029 62 00 02 02 8D 00 6D 11 56 00 0C 01 F4 11 00 00 8F 55 00 00 8F BB 00 00 8F BB 00 00 00 00 00 01 00 01 02 00 9C 00 01 00 00 
Time:	07:18:54,309
Send:	220002
Receive: 62 00 02 02 8D 00 6D 11 84 00 09 04 21 01 8E 0C 75 05 A5 8F 11 00 00 8F 55 00 00 8F BB 00 00 8F BB 00 00 00 00 00 01 00 01 00 00 00 00 80 0F 00 02 00 9C 00 01 00 00 
Time:	07:18:54,668
Send:	220002
Receive: 62 00 02 02 8D 00 6D 15 3A 00 00 04 C8 01 98 0E F5 07 1B 8F 11 00 00 8F 55 00 00 8F BB 00 00 8F BB 00 00 00 00 00 01 00 01 00 00 00 00 80 0F 00 02 00 9C 00 01 00 00 
Time:	07:18:55,028
Send:	220002
Receive: 62 00 02 02 8D 00 6D 18 EA 00 07 03 4A 01 5F 0B D6 05 CF 8F 11 00 00 8F 55 00 00 8F BB 00 00 8F BB 00 00 00 00 00 01 00 01 00 00 00 00 80 0F 00 02 00 9C 00 01 00 00 
Time:	07:18:55,386
Send:	220002
Receive: 62 00 02 02 8D 00 6D 17 0E 01 09 03 4F 01 5A 0B A3 05 AB 8F 11 00 00 8F 55 00 00 8F BB 00 00 8F BB 00 00 00 00 00 01 00 01 00 00 00 00 80 0F 00 02 00 9C 00 01 00 00 
Time:	07:18:55,751
Send:	220002
Receive: 62 00 02 02 8D 00 6D 16 5C 01 0A 03 59 01 57 0B A3 05 BA 8F 11 00 00 8F 55 00 00 8F BB 00 00 8F BB 00 00 00 00 00 01 00 01 00 00 00 00 80 0F 00 02 00 9C 00 01 00 00 
Time:	07:18:56,101
Send:	220002
Receive: 62 00 02 02 8D 00 6E 15 B8 02 0B 03 76 01 61 0B A3 05 DE 8F 11 00 00 8F 55 00 00 8F BB 00 00 8F BB 00 00 00 00 00 01 00 01 00 00 00 00 80 0F 00 02 00 9C 00 01 00 00 
Time:	07:18:56,464
Send:	220002
Receive: 62 00 02 02 8D 00 6E 15 88 03 0A 03 9A 01 6B 0B A3 06 0D 8F 11 00 00 8F 55 00 00 8F BB 00 00 8F BB 00 00 00 00 00 00 00 00 00 00 00 00 80 0F 00 02 00 9C 00 01 00 00 
Time:	07:18:56,837
Send:	220002
Receive: NO DATA
Time:	07:18:57,117
Send:	220002
Receive: NO DATA
Time:	07:18:57,403
Send:	220002
Receive: NO DATA
Time:	07:18:57,691
Send:	220002
Receive: NO DATA
Time:	07:18:57,969
Send:	220002
Receive: NO DATA
Time:	07:18:58,263
Send:	220002
Receive: NO DATA
Time:	07:18:58,544
Send:	220002
Receive: NO DATA
Time:	07:18:58,828
Send:	220002
Receive: NO DATA
Time:	07:18:59,108
Send:	220002
Receive: 62 00 02 02 8D 00 6E 1E E2 06 12 02 CA 01 84 09 F5 04 EE 8F 11 00 00 8F 55 00 00 8F BB 00 00 8F BB 00 00 00 00 00 00 00 00 00 00 00 00 80 0F 00 02 00 9C 00 01 00 00 
Time:	07:18:59,474
Send:	220002

Fixed toLineMF: 030 62 00 02 02 8D 00 01 82 09 F5 04 CA 8F 11 00 00 8F 55 00 00 8F BB 00 00 8F BB 00 00 00 00 00 00 00 00 00 00 00 00 80 0F 00 02 00 9C 00 01 00 00 
Receive: 62 00 02 02 8D 00 01 82 09 F5 04 CA 8F 11 00 00 8F 55 00 00 8F BB 00 00 8F BB 00 00 00 00 00 00 00 00 00 00 00 00 80 0F 00 02 00 9C 00 01 00 00 

Fixed toLineMF: 030 62 00 02 02 8D 00 01 82 09 F5 04 CA 8F 11 00 00 8F 55 00 00 8F BB 00 00 8F BB 00 00 00 00 00 00 00 00 00 00 00 00 80 0F 00 02 00 9C 00 01 00 00 
Time:	07:18:59,865
Send:	220002
Receive: 62 00 02 02 8D 00 6E 1E 3E 06 17 02 A6 01 7D 09 F5 04 BC 8F 11 00 00 8F 55 00 00 8F BB 00 00 8F BB 00 00 00 00 00 00 00 00 00 00 00 00 80 0F 00 02 00 9C 00 01 00 00 
Time:	07:19:00,237
Send:	220002

Fixed toLineMF: 030 62 00 02 02 8D 00 6E 1E 16 07 1A 02 9B 01 7A 09 F5 04 AC 8F 11 00 00 8F 55 00 00 8F BB 00 00 8F BB 00 00 00 00 00 80 0F 00 02 00 9C 00 01 00 00 
Receive: 62 00 02 02 8D 00 6E 1E 16 07 1A 02 9B 01 7A 09 F5 04 AC 8F 11 00 00 8F 55 00 00 8F BB 00 00 8F BB 00 00 00 00 00 80 0F 00 02 00 9C 00 01 00 00 

Fixed toLineMF: 030 62 00 02 02 8D 00 6E 1E 16 07 1A 02 9B 01 7A 09 F5 04 AC 8F 11 00 00 8F 55 00 00 8F BB 00 00 8F BB 00 00 00 00 00 80 0F 00 02 00 9C 00 01 00 00 
Time:	07:19:00,599
Send:	220002
Receive: 62 00 02 02 8D 00 6E 1D 7C 08 26 02 9A 01 7A 09 F5 04 9C 8F 11 00 00 8F 55 00 00 8F BB 00 00 8F BB 00 00 00 00 00 00 00 00 00 00 00 00 80 0F 00 02 00 9C 00 01 00 00 
Time:	07:19:00,956
Send:	220002
Receive: 62 00 02 02 8D 00 6E 1D 1A 09 29 02 9B 01 7F 09 F5 04 99 8F 11 00 00 8F 55 00 00 8F BB 00 00 8F BB 00 00 00 00 00 00 00 00 00 00 00 00 80 0F 00 02 00 9C 00 01 00 00 
Time:	07:19:01,331
Send:	220002
Receive: 62 00 02 02 8D 00 6E 1C 0A 09 1E 02 AA 01 75 09 57 04 99 8F 11 00 00 8F 55 00 00 8F BB 00 00 8F BB 00 00 00 00 00 00 00 00 00 00 00 00 80 0F 00 02 00 9C 00 01 00 00 
Time:	07:19:01,698
Send:	220002
Receive: 62 00 02 02 8D 00 6E 1B 7C 0A 18 02 7C 01 69 09 23 04 93 8F 11 00 00 8F 55 00 00 8F BB 00 00 8F BB 00 00 00 00 00 00 00 00 00 00 00 00 80 0F 00 02 00 9C 00 01 00 00 
Time:	07:19:02,062
Send:	220002
Receive: 62 00 02 02 8D 00 6E 1C 8A 0B 26 02 82 01 78 09 23 04 7C 8F 11 00 00 8F 55 00 00 8F BB 00 00 8F BB 00 00 00 00 00 00 00 00 00 00 00 00 80 0F 00 02 00 9C 00 01 00 00 
Time:	07:19:02,439
Send:	220002
Receive: 62 00 02 02 8D 00 6F 1E 36 0B 29 02 A5 01 70 09 23 04 9D 8F 11 00 00 8F 55 00 00 8F BB 00 00 8F BB 00 00 00 00 00 00 00 00 00 00 00 00 80 0F 00 02 00 9C 00 01 00 00 
Time:	07:19:02,795
Send:	220002
Receive: 62 00 02 02 8D 00 6F 1F B2 0C 2A 02 C3 01 6B 08 B8 04 BD 8F 11 00 00 8F 55 00 00 8F BB 00 00 8F BB 00 00 00 00 00 00 00 00 00 00 00 00 80 0F 00 02 00 9C 00 01 00 00 
Time:	07:19:03,167
Send:	220002
Receive: 62 00 02 02 8D 00 6F 20 72 0C 2A 02 A9 01 5F 07 E1 04 A3 8F 11 00 00 8F 55 00 00 8F BB 00 00 8F BB 00 00 00 00 00 00 00 00 00 00 00 00 80 0F 00 02 00 9C 00 01 00 00 
Time:	07:19:03,527
Send:	220002
Receive: 62 00 02 02 8D 00 6F 20 B8 0C 17 02 5E 01 3C 00 00 04 43 8F 11 00 00 8F 55 00 00 8F BB 00 00 8F BB 00 00 00 00 00 00 00 00 00 00 00 00 00 0F 00 02 00 9C 00 01 00 00 
Time:	07:19:03,899
Send:	220002
Receive: 62 00 02 02 8D 00 6F 20 BA 0C 1A 02 37 01 2B 00 00 03 F9 8F 11 00 00 8F 55 00 00 8F BB 00 00 8F BB 00 00 00 00 00 00 00 00 00 00 00 00 00 0F 00 02 00 9C 00 01 00 00 
Time:	07:19:04,284
Send:	220002
Receive: 62 00 02 02 8D 00 6F 20 E6 0C 1A 02 0E 01 21 00 00 03 B2 8F 11 00 00 8F 55 00 00 8F BB 00 00 8F BB 00 00 00 00 00 00 00 00 00 00 00 00 00 0F 00 02 00 9C 00 01 00 00 
Time:	07:19:04,675
Send:	220002
Receive: 62 00 02 02 8D 00 6F 20 14 0C 1E 01 DF 01 00 00 00 03 67 8F 11 00 00 8F 55 00 00 8F BB 00 00 8F BB 00 00 00 00 00 00 00 00 00 00 00 00 00 0F 00 02 00 9C 00 01 00 00 
Time:	07:19:05,074
Send:	220002
Receive: 62 00 02 02 8D 00 6F 1F A8 0C 2E 01 9A 00 DD 00 00 02 F6 8F 11 00 00 8F 55 00 00 8F BB 00 00 8F BB 00 00 00 00 00 00 00 00 00 00 00 00 00 0F 00 02 00 9C 00 01 00 00 
Time:	07:19:05,441
Send:	220002
Receive: 62 00 02 02 8D 00 6F 1E C0 0C 2E 01 76 00 D6 00 00 02 B1 8F 11 00 00 8F 55 00 00 8F BB 00 00 8F BB 00 00 00 00 00 00 00 00 00 00 00 00 00 0F 00 02 00 9C 00 01 00 00 
Time:	07:19:05,820
Send:	220002
Receive: 62 00 02 02 8D 00 6F 1E 1C 0B 2F 01 63 00 CC 00 00 02 78 8F 11 00 00 8F 55 00 00 8F BB 00 00 8F BB 00 00 00 00 00 00 00 00 00 00 00 00 00 0F 00 02 00 9C 00 01 00 00 
Time:	07:19:06,182
Send:	220002
Receive: 62 00 02 02 8D 00 6F 1D 10 0B 30 01 64 00 E7 05 D1 02 5F 8F 11 00 00 8F 55 00 00 8F BB 00 00 8F BB 00 00 00 00 00 00 00 00 00 00 00 00 00 0F 00 02 00 9C 00 01 00 00 
Time:	07:19:06,543
Send:	220002
Receive: 62 00 02 02 8D 00 6F 1D 04 0B 2D 01 EA 01 2F 06 38 03 12 8F 11 00 00 8F 55 00 00 8F BB 00 00 8F BB 00 00 00 00 00 00 00 00 00 00 00 00 80 0F 00 02 00 9C 00 01 00 00 
Time:	07:19:06,923
Send:	220002
Receive: 62 00 02 02 8D 00 6F 1C 36 0B 2B 02 4E 01 44 04 FA 03 BA 8F 11 00 00 8F 55 00 00 8F BB 00 00 8F BB 00 00 00 00 00 00 00 00 00 00 00 00 80 0F 00 02 00 9C 00 01 00 00 
Time:	07:19:07,301
Send:	220002

Fixed toLineMF: 030 62 00 02 02 8D 00 6F 1D 98 0B 14 02 53 01 44 04 FA 03 E4 8F 11 00 00 8F 55 00 00 8F BB 00 00 8F BB 00 00 00 00 00 00 00 00 00 00 00 00 80 0F 00 
Receive: 62 00 02 02 8D 00 6F 1D 98 0B 14 02 53 01 44 04 FA 03 E4 8F 11 00 00 8F 55 00 00 8F BB 00 00 8F BB 00 00 00 00 00 00 00 00 00 00 00 00 80 0F 00 

Fixed toLineMF: 030 62 00 02 02 8D 00 6F 1D 98 0B 14 02 53 01 44 04 FA 03 E4 8F 11 00 00 8F 55 00 00 8F BB 00 00 8F BB 00 00 00 00 00 00 00 00 00 00 00 00 80 0F 00 
Time:	07:19:07,670
Send:	220002

Fixed toLineMF: 030 62 00 02 02 8D 00 6F 1C C6 0B 0C 02 0D 01 2F 00 66 03 9D 8F 11 00 00 8F 55 00 00 8F BB 00 00 8F BB 00 00 00 00 00 00 00 00 00 00 00 00 00 0F 00 
Receive: 62 00 02 02 8D 00 6F 1C C6 0B 0C 02 0D 01 2F 00 66 03 9D 8F 11 00 00 8F 55 00 00 8F BB 00 00 8F BB 00 00 00 00 00 00 00 00 00 00 00 00 00 0F 00 

Fixed toLineMF: 030 62 00 02 02 8D 00 6F 1C C6 0B 0C 02 0D 01 2F 00 66 03 9D 8F 11 00 00 8F 55 00 00 8F BB 00 00 8F BB 00 00 00 00 00 00 00 00 00 00 00 00 00 0F 00 
Time:	07:19:08,017
Send:	220002
Receive: 62 00 02 02 8D 00 6F 1D 98 0B 1B 02 0C 01 25 00 66 03 8E 8F 11 00 00 8F 55 00 00 8F BB 00 00 8F BB 00 00 00 00 00 00 00 00 00 00 00 00 00 0F 00 02 00 9C 00 01 00 00 
Time:	07:19:08,378
Send:	220002
Receive: NO DATA
Time:	07:19:08,667
Send:	220002
Receive: NO DATA
Time:	07:19:08,952
Send:	220002
Receive: NO DATA
Time:	07:19:09,244
Send:	220002
Receive: NO DATA
Time:	07:19:09,536
Send:	220002
Receive: NO DATA
Time:	07:19:09,851
Send:	220002
Receive: NO DATA
Time:	07:19:10,171
Send:	220002
Receive: NO DATA
Time:	07:19:10,469
Send:	220002
Receive: 62 00 02 02 8D 00 70 1A 08 0A 10 01 63 00 CC 09 23 02 3A 8F 11 00 00 8F 55 00 00 8F BB 00 00 8F BB 00 00 00 00 00 00 00 00 00 00 00 00 00 0F 00 02 00 9C 00 01 00 00 
Time:	07:19:10,840
Send:	220002
Receive: 62 00 02 02 8D 00 70 18 FE 09 18 02 03 01 08 12 47 03 1B 8F 11 00 00 8F 55 00 00 8F BB 00 00 8F BB 00 00 00 00 00 00 00 00 00 00 00 00 80 0F 00 02 00 9C 00 01 00 00 
Time:	07:19:11,298
Send:	220002
Receive: 62 00 02 02 8D 00 70 18 56 09 10 03 39 01 4D 12 47 04 D5 8F 11 00 00 8F 55 00 00 8F BB 00 00 8F BB 00 00 00 00 00 00 00 00 00 00 00 00 80 0F 00 02 00 9C 00 01 00 00 
Time:	07:19:11,685
Send:	220002
Receive: 62 00 02 02 8D 00 70 19 18 09 11 03 50 01 66 12 47 05 3E 8F 11 00 00 8F 55 00 00 8F BB 00 00 8F BB 00 00 00 00 00 00 00 00 00 00 00 00 80 0F 00 02 00 9C 00 01 00 00 
Time:	07:19:12,073
Send:	220002
Receive: 62 00 02 02 8D 00 70 1A 26 0A 10 02 EF 01 61 0F C7 05 1E 8F 11 00 00 8F 55 00 00 8F BB 00 00 8F BB 00 00 00 00 00 00 00 00 00 00 00 00 80 0F 00 02 00 9C 00 01 00 00 
Time:	07:19:12,488
Send:	220002
Receive: 62 00 02 02 8D 00 70 1B B4 0A 29 02 71 01 66 09 23 04 8B 8F 11 00 00 8F 55 00 00 8F BB 00 00 8F BB 00 00 00 00 00 00 00 00 00 00 00 00 80 0F 00 02 00 9C 00 01 00 00 
Time:	07:19:12,841
Send:	220002
Receive: 62 00 02 02 8D 00 70 1B FA 0B 14 02 5E 01 5C 00 00 04 5E 8F 11 00 00 8F 55 00 00 8F BB 00 00 8F BB 00 00 00 00 00 00 00 00 00 00 00 00 00 0F 00 02 00 9C 00 01 00 00 
Time:	07:19:13,194
Send:	220002
Receive: 62 00 02 02 8D 00 70 1C 72 0B 12 02 34 01 50 00 00 04 12 8F 11 00 00 8F 55 00 00 8F BB 00 00 8F BB 00 00 00 00 00 00 00 00 00 00 00 00 00 0F 00 02 00 9C 00 01 00 00 
Time:	07:19:13,577
Send:	220002
Receive: 62 00 02 02 8D 00 70 1C 4C 0B 1A 02 1E 01 44 00 00 03 E0 8F 11 00 00 8F 55 00 00 8F BB 00 00 8F BB 00 00 00 00 00 00 00 00 00 00 00 00 00 0F 00 02 00 9C 00 01 00 00 
Time:	07:19:13,975
Send:	220002
Receive: 62 00 02 02 8D 00 70 1C 68 0B 1A 01 F3 01 2B 00 00 03 97 8F 11 00 00 8F 55 00 00 8F BB 00 00 8F BB 00 00 00 00 00 00 00 00 00 00 00 00 00 0F 00 02 00 9C 00 01 00 00 
Time:	07:19:14,345
Send:	220002
Receive: 62 00 02 02 8D 00 70 1C 52 0B 1A 01 DE 01 1E 00 00 03 5F 8F 11 00 00 8F 55 00 00 8F BB 00 00 8F BB 00 00 00 00 00 00 00 00 00 00 00 00 00 0F 00 02 00 9C 00 01 00 00 
Time:	07:19:14,718
Send:	220002
Receive: 62 00 02 02 8D 00 70 1B 78 0A 17 01 C5 00 F9 00 00 03 2A 8F 11 00 00 8F 55 00 00 8F BB 00 00 8F BB 00 00 00 00 00 00 00 00 00 00 00 00 00 0F 00 02 00 9C 00 01 00 00 
Time:	07:19:15,078
Send:	220002
Receive: 62 00 02 02 8D 00 70 1A CA 0A 15 01 81 00 D8 00 00 02 D2 8F 11 00 00 8F 55 00 00 8F BB 00 00 8F BB 00 00 00 00 00 00 00 00 00 00 00 00 00 0F 00 02 00 9C 00 01 00 00 
Time:	07:19:15,447
Send:	220002
Receive: 62 00 02 02 8D 00 71 1A 8A 0A 2D 01 7E 00 D8 00 00 02 9D 8F 11 00 00 8F 55 00 00 8F BB 00 00 8F BB 00 00 00 00 00 00 00 00 00 00 00 00 00 0F 00 02 00 9C 00 01 00 00 
Time:	07:19:15,823
Send:	220002
Receive: 62 00 02 02 8D 00 71 18 B0 09 06 01 9C 00 C4 08 4C 02 DA 8F 11 00 00 8F 55 00 00 8F BB 00 00 8F BB 00 00 00 00 00 00 00 00 00 00 00 00 00 0F 00 02 00 9C 00 01 00 00 
Time:	07:19:16,219
Send:	220002
Receive: 62 00 02 02 8D 00 71 18 30 09 1D 02 58 01 0C 08 B8 03 A2 8F 11 00 00 8F 55 00 00 8F BB 00 00 8F BB 00 00 00 00 00 00 00 00 00 00 00 00 80 0F 00 02 00 9C 00 01 00 00 
Time:	07:19:16,593
Send:	220002
Receive: 62 00 02 02 8D 00 71 17 E0 09 05 02 AF 01 34 08 B8 04 46 8F 11 00 00 8F 55 00 00 8F BB 00 00 8F BB 00 00 00 00 00 00 00 00 00 00 00 00 80 0F 00 02 00 9C 00 01 00 00 
Time:	07:19:16,965
Send:	220002
Receive: 62 00 02 02 8D 00 71 17 F2 09 10 03 67 01 52 08 B8 05 06 8F 11 00 00 8F 55 00 00 8F BB 00 00 8F BB 00 00 00 00 00 00 00 00 00 00 00 00 80 0F 00 02 00 9C 00 01 00 00 
Time:	07:19:17,332
Send:	220002
Receive: 62 00 02 02 8D 00 71 18 3E 09 00 02 E2 01 37 08 B8 04 FB 8F 11 00 00 8F 55 00 00 8F BB 00 00 8F BB 00 00 00 00 00 00 00 00 00 00 00 00 80 0F 00 02 00 9C 00 01 00 00 
Time:	07:19:17,690
Send:	220002
Receive: 62 00 02 02 8D 00 71 18 42 09 11 02 DC 01 2F 08 B8 04 D6 8F 11 00 00 8F 55 00 00 8F BB 00 00 8F BB 00 00 00 00 00 00 00 00 00 00 00 00 80 0F 00 02 00 9C 00 01 00 00 
Time:	07:19:18,056
Send:	220002
Receive: 62 00 02 02 8D 00 71 1A 50 09 28 02 54 01 48 08 B8 04 5B 8F 11 00 00 8F 55 00 00 8F BB 00 00 8F BB 00 00 00 00 00 00 00 00 00 00 00 00 80 0F 00 02 00 9C 00 01 00 00 
Time:	07:19:18,415
Send:	220002
Receive: 62 00 02 02 8D 00 71 1B 0E 0A 1B 02 41 01 55 08 B8 04 58 8F 11 00 00 8F 55 00 00 8F BB 00 00 8F BB 00 00 00 00 00 00 00 00 00 00 00 00 80 0F 00 02 00 9C 00 01 00 00 
Time:	07:19:18,780
Send:	220002
Receive: 62 00 02 02 8D 00 71 1B 52 0B 11 02 61 01 4D 07 0F 04 71 8F 11 00 00 8F 55 00 00 8F BB 00 00 8F BB 00 00 00 00 00 00 00 00 00 00 00 00 80 0F 00 02 00 9C 00 01 00 00 
Time:	07:19:19,134
Send:	220002
Receive: 62 00 02 02 8D 00 71 1D 52 0B 17 02 47 01 66 05 66 04 38 8F 11 00 00 8F 55 00 00 8F BB 00 00 8F BB 00 00 00 00 00 00 00 00 00 00 00 00 80 0F 00 02 00 9C 00 01 00 00 
Time:	07:19:19,502
Send:	220002
Receive: 62 00 02 02 8D 00 71 1E 1A 0B 29 02 52 01 46 04 23 04 22 8F 11 00 00 8F 55 00 00 8F BB 00 00 8F BB 00 00 00 00 00 00 00 00 00 00 00 00 80 0F 00 02 00 9C 00 01 00 00 
Time:	07:19:19,864
Send:	220002
Receive: 62 00 02 02 8D 00 71 1D C2 0B 2A 02 2A 01 39 04 23 03 E3 8F 11 00 00 8F 55 00 00 8F BB 00 00 8F BB 00 00 00 00 00 00 00 00 00 00 00 00 80 0F 00 02 00 9C 00 01 00 00 
Time:	07:19:20,232
Send:	220002
Receive: 62 00 02 02 8D 00 71 1E 62 0C 25 01 FF 01 28 01 A8 03 AB 8F 11 00 00 8F 55 00 00 8F BB 00 00 8F BB 00 00 00 00 00 00 00 00 00 00 00 00 00 0F 00 02 00 9C 00 01 00 00 
Time:	07:19:20,590
Send:	220002
Receive: 62 00 02 02 8D 00 71 1E 7E 0C 2B 01 E4 01 19 00 D1 03 6D 8F 11 00 00 8F 55 00 00 8F BB 00 00 8F BB 00 00 00 00 00 00 00 00 00 00 00 00 00 0F 00 02 00 9C 00 01 00 00 
Time:	07:19:20,955
Send:	220002
Receive: NO DATA
Time:	07:19:21,237
Send:	220002
Receive: NO DATA
Time:	07:19:21,521
Send:	220002
Receive: NO DATA
Time:	07:19:21,800
Send:	220002
Receive: NO DATA
Time:	07:19:22,093
Send:	220002
Receive: NO DATA
Time:	07:19:22,392
Send:	220002
Receive: NO DATA
Time:	07:19:22,687
Send:	220002
Receive: NO DATA
Time:	07:19:22,967
Send:	220002
Receive: 62 00 02 02 8D 00 72 19 BA 0A 1D 01 40 00 A6 05 66 02 0F 8F 11 00 00 8F 55 00 00 8F BB 00 00 8F BB 00 00 00 00 00 00 00 00 00 00 00 00 00 0F 00 02 00 9C 00 01 00 00 
Time:	07:19:23,324
Send:	220002
Receive: 62 00 02 02 8D 00 72 18 8A 09 2E 01 E7 00 DD 0C 0A 02 F2 8F 11 00 00 8F 55 00 00 8F BB 00 00 8F BB 00 00 00 00 00 00 00 00 00 00 00 00 00 0F 00 02 00 9C 00 01 00 00 
Time:	07:19:23,702
Send:	220002
Receive: 62 00 02 02 8D 00 72 17 FE 09 1A 02 73 01 21 0C 0A 03 CF 8F 11 00 00 8F 55 00 00 8F BB 00 00 8F BB 00 00 00 00 00 01 00 00 00 00 00 00 80 0F 00 02 00 9D 00 01 00 00 
Time:	07:19:24,065
Send:	220002
Receive: 62 00 02 02 8D 00 72 17 66 09 11 02 DA 01 2F 0C 0A 04 77 8F 11 00 00 8F 55 00 00 8F BB 00 00 8F BB 00 00 00 00 00 01 00 00 00 00 00 00 80 0F 00 02 00 9D 00 01 00 00 
Time:	07:19:24,430
Send:	220002
Receive: 62 00 02 02 8D 00 72 18 28 09 0F 03 4E 01 4D 0B A3 05 2A 8F 11 00 00 8F 55 00 00 8F BB 00 00 8F BB 00 00 00 00 00 01 00 00 00 00 00 00 80 0F 00 02 00 9D 00 01 00 00 
Time:	07:19:24,791
Send:	220002
Receive: 62 00 02 02 8D 00 72 18 FC 09 0D 03 1A 01 48 0A CC 05 27 8F 11 00 00 8F 55 00 00 8F BB 00 00 8F BB 00 00 00 00 00 01 00 00 00 00 00 00 80 0F 00 02 00 9D 00 01 00 00 
Time:	07:19:25,156
Send:	220002
Receive: 62 00 02 02 8D 00 72 1A 0A 0A 17 02 AC 01 44 09 23 04 C8 8F 11 00 00 8F 55 00 00 8F BB 00 00 8F BB 00 00 00 00 00 01 00 00 00 00 00 00 80 0F 00 02 00 9D 00 01 00 00 
Time:	07:19:25,519
Send:	220002
Receive: 62 00 02 02 8D 00 72 1B 20 0A 28 02 1C 01 44 05 66 04 1B 8F 11 00 00 8F 55 00 00 8F BB 00 00 8F BB 00 00 00 00 00 01 00 00 00 00 00 00 80 0F 00 02 00 9D 00 01 00 00 
Time:	07:19:25,902
Send:	220002
Receive: 62 00 02 02 8D 00 72 1B CA 0A 20 02 11 01 50 02 0F 03 F5 8F 11 00 00 8F 55 00 00 8F BB 00 00 8F BB 00 00 00 00 00 01 00 00 00 00 00 00 00 0F 00 02 00 9D 00 01 00 00 
Time:	07:19:26,266
Send:	220002
Receive: 62 00 02 02 8D 00 72 1A EA 0A 12 02 3E 01 2F 01 A8 04 10 8F 11 00 00 8F 55 00 00 8F BB 00 00 8F BB 00 00 00 00 00 01 00 00 00 00 00 00 00 0F 00 02 00 9D 00 01 00 00 
Time:	07:19:26,625
Send:	220002
Receive: 62 00 02 02 8D 00 72 1B D2 0A 0B 01 D6 01 2B 02 7A 03 89 8F 11 00 00 8F 55 00 00 8F BB 00 00 8F BB 00 00 00 00 00 01 00 00 00 00 00 00 00 0F 00 02 00 9D 00 01 00 00 
Time:	07:19:26,991
Send:	220002
Receive: 62 00 02 02 8D 00 72 19 A8 0A 0D 02 26 00 F6 02 7A 03 CB 8F 11 00 00 8F 55 00 00 8F BB 00 00 8F BB 00 00 00 00 00 01 00 00 00 00 00 00 00 0F 00 02 00 9D 00 01 00 00 
Time:	07:19:27,352
Send:	220002
Receive: 62 00 02 02 8D 00 72 1A 0E 0A 17 01 A3 00 E2 03 F0 03 34 8F 11 00 00 8F 55 00 00 8F BB 00 00 8F BB 00 00 00 00 00 01 00 00 00 00 00 00 00 0F 00 02 00 9D 00 01 00 00 
Time:	07:19:27,716
Send:	220002
Receive: 62 00 02 02 8D 00 73 1A 16 09 2A 02 14 01 2D 07 0F 03 A1 8F 11 00 00 8F 55 00 00 8F BB 00 00 8F BB 00 00 00 00 00 01 00 00 00 00 00 00 00 0F 00 02 00 9D 00 01 00 00 
Time:	07:19:28,088
Send:	220002
Receive: 62 00 02 02 8D 00 73 19 46 0A 0A 02 9F 01 41 07 0F 04 8E 8F 11 00 00 8F 55 00 00 8F BB 00 00 8F BB 00 00 00 00 00 01 00 00 00 00 00 00 80 0F 00 02 00 9D 00 01 00 00 
Time:	07:19:28,462
Send:	220002
Receive: 62 00 02 02 8D 00 73 1A 96 09 18 02 4C 01 52 07 7A 04 5F 8F 11 00 00 8F 55 00 00 8F BB 00 00 8F BB 00 00 00 00 00 01 00 00 00 00 00 00 80 0F 00 02 00 9D 00 01 00 00 
Time:	07:19:28,821
Send:	220002
Receive: 62 00 02 02 8D 00 73 19 16 0A 00 02 79 01 32 07 7A 04 D3 8F 11 00 00 8F 55 00 00 8F BB 00 00 8F BB 00 00 00 00 00 01 00 00 00 00 00 00 80 0F 00 02 00 9D 00 01 00 00 
Time:	07:19:29,196
Send:	220002
Receive: 62 00 02 02 8D 00 73 19 86 09 12 02 8F 01 46 07 7A 04 A0 8F 11 00 00 8F 55 00 00 8F BB 00 00 8F BB 00 00 00 00 00 01 00 00 00 00 00 00 80 0F 00 02 00 9D 00 01 00 00 
Time:	07:19:29,557
Send:	220002
Receive: 62 00 02 02 8D 00 73 18 EE 09 0D 02 4F 01 2F 07 7A 04 AC 8F 11 00 00 8F 55 00 00 8F BB 00 00 8F BB 00 00 00 00 00 01 00 00 00 00 00 00 80 0F 00 02 00 9D 00 01 00 00 
Time:	07:19:29,928
Send:	220002
Receive: 62 00 02 02 8D 00 73 1A 0A 09 28 02 28 01 41 06 A3 04 62 8F 11 00 00 8F 55 00 00 8F BB 00 00 8F BB 00 00 00 00 00 02 00 00 00 00 00 00 80 0F 00 02 00 9E 00 01 00 00 
Time:	07:19:30,301
Send:	220002
Receive: 62 00 02 02 8D 00 73 19 FA 0A 15 01 F8 01 2B 06 A3 04 3F 8F 11 00 00 8F 55 00 00 8F BB 00 00 8F BB 00 00 00 00 00 02 00 00 00 00 00 00 80 0F 00 02 00 9E 00 01 00 00 
Time:	07:19:30,667
Send:	220002
Receive: 62 00 02 02 8D 00 73 19 BE 0A 10 02 6A 01 2F 04 FA 04 73 8F 11 00 00 8F 55 00 00 8F BB 00 00 8F BB 00 00 00 00 00 02 00 00 00 00 00 00 80 0F 00 02 00 9E 00 01 00 00 
Time:	07:19:31,037
Send:	220002
Receive: 62 00 02 02 8D 00 73 1A 3A 0A 17 02 05 01 2B 04 FA 04 0F 8F 11 00 00 8F 55 00 00 8F BB 00 00 8F BB 00 00 00 00 00 02 00 00 00 00 00 00 80 0F 00 02 00 9E 00 01 00 00 
Time:	07:19:31,408
Send:	220002
Receive: 62 00 02 02 8D 00 73 19 CA 0A 0E 02 6E 01 25 03 BD 04 4E 8F 11 00 00 8F 55 00 00 8F BB 00 00 8F BB 00 00 00 00 00 02 00 00 00 00 00 00 00 0F 00 02 00 9E 00 01 00 00 
Time:	07:19:31,772
Send:	220002
Receive: 62 00 02 02 8D 00 73 1A AC 0A 15 01 DA 01 21 03 BD 03 CF 8F 11 00 00 8F 55 00 00 8F BB 00 00 8F BB 00 00 00 00 00 02 00 00 00 00 00 00 00 0F 00 02 00 9E 00 01 00 00 
Time:	07:19:32,133
Send:	220002
Receive: 62 00 02 02 8D 00 73 19 8E 0A 02 02 2F 01 08 03 51 03 F8 8F 11 00 00 8F 55 00 00 8F BB 00 00 8F BB 00 00 00 00 00 02 00 00 00 00 00 00 00 0F 00 02 00 9E 00 01 00 00 
Time:	07:19:32,513
Send:	220002
Receive: 62 00 02 02 8D 00 73 19 92 09 18 01 A3 00 E5 04 23 03 54 8F 11 00 00 8F 55 00 00 8F BB 00 00 8F BB 00 00 00 00 00 02 00 00 00 00 00 00 00 0F 00 02 00 9E 00 01 00 00 
Time:	07:19:32,878
Send:	220002

Fixed toLineMF: 030 62 00 02 02 8D 00 74 17 4A 09 10 01 AF 00 D1 04 23 03 57 8F 11 00 00 8F 55 00 00 00 00 00 00 02 00 00 00 00 00 00 00 0F 00 02 00 9E 00 01 00 00 
Receive: 62 00 02 02 8D 00 74 17 4A 09 10 01 AF 00 D1 04 23 03 57 8F 11 00 00 8F 55 00 00 00 00 00 00 02 00 00 00 00 00 00 00 0F 00 02 00 9E 00 01 00 00 

Fixed toLineMF: 030 62 00 02 02 8D 00 74 17 4A 09 10 01 AF 00 D1 04 23 03 57 8F 11 00 00 8F 55 00 00 00 00 00 00 02 00 00 00 00 00 00 00 0F 00 02 00 9E 00 01 00 00 
Time:	07:19:33,237
Send:	220002

Fixed toLineMF: 030 62 00 02 02 8D 00 74 17 3E 08 0F 01 98 00 CE 04 8F 03 36 8F 11 00 00 8F 55 00 00 8F BB 00 00 8F BB 00 00 00 00 00 02 00 00 02 00 9E 00 01 00 00 
Receive: 62 00 02 02 8D 00 74 17 3E 08 0F 01 98 00 CE 04 8F 03 36 8F 11 00 00 8F 55 00 00 8F BB 00 00 8F BB 00 00 00 00 00 02 00 00 02 00 9E 00 01 00 00 

Fixed toLineMF: 030 62 00 02 02 8D 00 74 17 3E 08 0F 01 98 00 CE 04 8F 03 36 8F 11 00 00 8F 55 00 00 8F BB 00 00 8F BB 00 00 00 00 00 02 00 00 02 00 9E 00 01 00 00 
Time:	07:19:33,599
Send:	220002
Receive: 62 00 02 02 8D 00 74 15 3C 08 08 01 B5 00 CC 0C AE 03 46 8F 11 00 00 8F 55 00 00 8F BB 00 00 8F BB 00 00 00 00 00 02 00 00 00 00 00 00 00 0F 00 02 00 9E 00 01 00 00 
Time:	07:19:33,955
Send:	220002
Receive: 62 00 02 02 8D 00 74 15 1A 07 0B 01 F7 01 0A 0C E1 03 9E 8F 11 00 00 8F 55 00 00 8F BB 00 00 8F BB 00 00 00 00 00 02 00 00 00 00 00 00 00 0F 00 02 00 9E 00 01 00 00 
Time:	07:19:34,324
Send:	220002
Receive: 62 00 02 02 8D 00 74 14 72 07 0D 02 E6 01 28 0C E1 04 C6 8F 11 00 00 8F 55 00 00 8F BB 00 00 8F BB 00 00 00 00 00 02 00 00 00 00 00 00 80 0F 00 02 00 9E 00 01 00 00 
Time:	07:19:34,691
Send:	220002
Receive: 62 00 02 02 8D 00 74 14 9A 08 05 03 3C 01 2D 0C E1 05 85 8F 11 00 00 8F 55 00 00 8F BB 00 00 8F BB 00 00 00 00 00 02 00 00 00 00 00 00 80 0F 00 02 00 9E 00 01 00 00 
Time:	07:19:35,056
Send:	220002
Receive: 62 00 02 02 8D 00 74 15 BE 08 0B 02 A4 01 2F 0A CC 05 31 8F 11 00 00 8F 55 00 00 8F BB 00 00 8F BB 00 00 00 00 00 02 00 00 00 00 00 00 80 0F 00 02 00 9E 00 01 00 00 
Time:	07:19:35,421
Send:	220002
Receive: 62 00 02 02 8D 00 74 17 16 08 12 02 62 01 2B 08 B8 04 F3 8F 11 00 00 8F 55 00 00 8F BB 00 00 8F BB 00 00 00 00 00 02 00 00 00 00 00 00 80 0F 00 02 00 9E 00 01 00 00 
Time:	07:19:35,804
Send:	220002
Receive: 62 00 02 02 8D 00 74 17 08 09 15 02 16 01 16 07 E1 04 98 8F 11 00 00 8F 55 00 00 8F BB 00 00 8F BB 00 00 00 00 00 02 00 00 00 00 00 00 80 0F 00 02 00 9E 00 01 00 00 
Time:	07:19:36,173
Send:	220002
Receive: 62 00 02 02 8D 00 74 17 3A 09 10 02 3A 01 16 05 99 04 8B 8F 11 00 00 8F 55 00 00 8F BB 00 00 8F BB 00 00 00 00 00 02 00 00 00 00 00 00 80 0F 00 02 00 9E 00 01 00 00 
Time:	07:19:36,534
Send:	220002
Receive: 62 00 02 02 8D 00 74 18 0E 09 12 02 28 01 16 05 66 04 60 8F 11 00 00 8F 55 00 00 8F BB 00 00 8F BB 00 00 00 00 00 02 00 00 00 00 00 00 80 0F 00 02 00 9E 00 01 00 00 
Time:	07:19:36,914
Send:	220002
Receive: 62 00 02 02 8D 00 74 18 36 09 11 02 1D 01 12 04 FA 04 4D 8F 11 00 00 8F 55 00 00 8F BB 00 00 8F BB 00 00 00 00 00 02 00 00 00 00 00 00 80 0F 00 02 00 9E 00 01 00 00 
Time:	07:19:37,284
Send:	220002
Receive: 62 00 02 02 8D 00 74 17 DC 09 10 02 1C 01 0F 01 A8 04 4B 8F 11 00 00 8F 55 00 00 8F BB 00 00 8F BB 00 00 00 00 00 02 00 00 00 00 00 00 00 0F 00 02 00 9E 00 01 00 00 
Time:	07:19:37,660
Send:	220002

Fixed toLineMF: 030 62 00 02 02 8D 00 75 18 0A 09 0D 02 05 01 08 01 3D 04 32 8F 11 00 00 8F 55 00 00 8F BB 00 00 8F BB 00 00 00 00 00 02 00 00 02 00 9E 00 01 00 00 
Receive: 62 00 02 02 8D 00 75 18 0A 09 0D 02 05 01 08 01 3D 04 32 8F 11 00 00 8F 55 00 00 8F BB 00 00 8F BB 00 00 00 00 00 02 00 00 02 00 9E 00 01 00 00 

Fixed toLineMF: 030 62 00 02 02 8D 00 75 18 0A 09 0D 02 05 01 08 01 3D 04 32 8F 11 00 00 8F 55 00 00 8F BB 00 00 8F BB 00 00 00 00 00 02 00 00 02 00 9E 00 01 00 00 
Time:	07:19:38,033
Send:	220002

Fixed toLineMF: 030 62 00 02 02 8D 00 00 E0 04 8F 03 CF 8F 11 00 00 8F 55 00 00 8F BB 00 00 8F BB 00 00 00 00 00 02 00 00 00 00 00 00 00 0F 00 02 00 9E 00 01 00 00 
Receive: 62 00 02 02 8D 00 00 E0 04 8F 03 CF 8F 11 00 00 8F 55 00 00 8F BB 00 00 8F BB 00 00 00 00 00 02 00 00 00 00 00 00 00 0F 00 02 00 9E 00 01 00 00 

Fixed toLineMF: 030 62 00 02 02 8D 00 00 E0 04 8F 03 CF 8F 11 00 00 8F 55 00 00 8F BB 00 00 8F BB 00 00 00 00 00 02 00 00 00 00 00 00 00 0F 00 02 00 9E 00 01 00 00 
Time:	07:19:38,391
Send:	220002
Receive: 62 00 02 02 8D 00 75 16 D8 08 0B 02 1D 01 25 05 D1 04 0B 8F 11 00 00 8F 55 00 00 8F BB 00 00 8F BB 00 00 00 00 00 02 00 00 00 00 00 00 00 0F 00 02 00 9E 00 01 00 00 
Time:	07:19:38,762
Send:	220002
Receive: 62 00 02 02 8D 00 75 15 EE 08 0E 02 5F 01 0C 05 2E 04 7C 8F 11 00 00 8F 55 00 00 8F BB 00 00 8F BB 00 00 00 00 00 02 00 00 00 00 00 00 80 0F 00 02 00 9E 00 01 00 00 
Time:	07:19:39,134
Send:	220002
Receive: 62 00 02 02 8D 00 75 16 64 08 0E 02 30 01 0F 03 19 04 62 8F 11 00 00 8F 55 00 00 8F BB 00 00 8F BB 00 00 00 00 00 02 00 00 00 00 00 00 00 0F 00 02 00 9E 00 01 00 00 
Time:	07:19:39,527
Send:	220002

Fixed toLineMF: 030 62 00 02 02 8D 00 75 16 A0 08 12 01 E5 00 EF 02 E6 04 00 8F 8F BB 00 00 8F BB 00 00 00 00 00 02 00 00 00 00 00 00 00 0F 00 02 00 9E 00 01 00 00 
Receive: 62 00 02 02 8D 00 75 16 A0 08 12 01 E5 00 EF 02 E6 04 00 8F 8F BB 00 00 8F BB 00 00 00 00 00 02 00 00 00 00 00 00 00 0F 00 02 00 9E 00 01 00 00 

Fixed toLineMF: 030 62 00 02 02 8D 00 75 16 A0 08 12 01 E5 00 EF 02 E6 04 00 8F 8F BB 00 00 8F BB 00 00 00 00 00 02 00 00 00 00 00 00 00 0F 00 02 00 9E 00 01 00 00 
Time:	07:19:39,891
Send:	220002
Receive: 62 00 02 02 8D 00 75 16 74 08 13 01 E4 00 EC 02 E6 03 D1 8F 11 00 00 8F 55 00 00 8F BB 00 00 8F BB 00 00 00 00 00 02 00 00 00 00 00 00 00 0F 00 02 00 9E 00 01 00 00 
Time:	07:19:40,244
Send:	220002
Receive: 62 00 02 02 8D 00 75 15 EC 08 13 01 C6 00 D3 03 51 03 9B 8F 11 00 00 8F 55 00 00 8F BB 00 00 8F BB 00 00 00 00 00 02 00 00 00 00 00 00 00 0F 00 02 00 9E 00 01 00 00 
Time:	07:19:40,616
Send:	220002
Receive: 62 00 02 02 8D 00 75 16 16 08 12 01 C4 00 D6 03 51 03 77 8F 11 00 00 8F 55 00 00 8F BB 00 00 8F BB 00 00 00 00 00 02 00 00 00 00 00 00 00 0F 00 02 00 9E 00 01 00 00 
Time:	07:19:40,983
Send:	220002
Receive: 62 00 02 02 8D 00 75 15 0A 08 10 01 CB 00 D1 03 51 03 6D 8F 11 00 00 8F 55 00 00 8F BB 00 00 8F BB 00 00 00 00 00 02 00 00 00 00 00 00 00 0F 00 02 00 9E 00 01 00 00 
Time:	07:19:41,351
Send:	220002
Receive: 62 00 02 02 8D 00 75 14 74 08 0C 01 BC 00 D1 04 23 03 5D 8F 11 00 00 8F 55 00 00 8F BB 00 00 8F BB 00 00 00 00 00 02 00 00 00 00 00 00 00 0F 00 02 00 9E 00 01 00 00 
Time:	07:19:41,720
Send:	220002
Receive: 62 00 02 02 8D 00 75 14 32 07 15 02 17 00 DD 06 38 03 C7 8F 11 00 00 8F 55 00 00 8F BB 00 00 8F BB 00 00 00 00 00 02 00 00 00 00 00 00 00 0F 00 02 00 9E 00 01 00 00 
Time:	07:19:42,099
Send:	220002
Receive: 62 00 02 02 8D 00 76 13 C2 07 0E 02 E9 01 1C 06 A3 04 C3 8F 11 00 00 8F 55 00 00 8F BB 00 00 8F BB 00 00 00 00 00 02 00 00 00 00 00 00 80 0F 00 02 00 9E 00 01 00 00 
Time:	07:19:42,463
Send:	220002
Receive: 62 00 02 02 8D 00 76 14 98 08 0A 02 A0 01 1C 06 A3 04 E8 8F 11 00 00 8F 55 00 00 8F BB 00 00 8F BB 00 00 00 00 00 02 00 00 00 00 00 00 80 0F 00 02 00 9E 00 01 00 00 
Time:	07:19:42,824
Send:	220002
Receive: 62 00 02 02 8D 00 76 15 5A 08 0B 02 91 01 0C 04 FA 04 EE 8F 11 00 00 8F 55 00 00 8F BB 00 00 8F BB 00 00 00 00 00 02 00 00 00 00 00 00 80 0F 00 02 00 9E 00 01 00 00 
Time:	07:19:43,192
Send:	220002
Receive: 62 00 02 02 8D 00 76 14 7A 08 12 01 F6 00 EC 01 3D 04 40 8F 11 00 00 8F 55 00 00 8F BB 00 00 8F BB 00 00 00 00 00 02 00 00 00 00 00 00 00 0F 00 02 00 9E 00 01 00 00 
Time:	07:19:43,568
Send:	220002
Receive: 62 00 02 02 8D 00 76 15 24 08 0A 01 DE 00 DB 01 A8 04 05 8F 11 00 00 8F 55 00 00 8F BB 00 00 8F BB 00 00 00 00 00 02 00 00 00 00 00 00 00 0F 00 02 00 9E 00 01 00 00 
Time:	07:19:43,927
Send:	220002
Receive: 62 00 02 02 8C 00 76 13 2C 07 0B 01 C5 00 D3 02 E6 03 A2 8F 11 00 00 8F 55 00 00 8F BB 00 00 8F BB 00 00 00 00 00 02 00 00 00 00 00 00 80 0F 00 02 00 9E 00 01 00 00 
Time:	07:19:44,300
Send:	220002
Receive: 62 00 02 02 8D 00 76 13 BA 07 1A 02 1A 01 08 08 B8 04 00 8F 11 00 00 8F 55 00 00 8F BB 00 00 8F BB 00 00 00 00 00 02 00 00 00 00 00 00 80 0F 00 02 00 9E 00 01 00 00 
Time:	07:19:44,668
Send:	220002
Receive: 62 00 02 02 8D 00 76 12 CC 07 0B 02 E7 01 16 08 B8 04 E7 8F 11 00 00 8F 55 00 00 8F BB 00 00 8F BB 00 00 00 00 00 02 00 00 00 00 00 00 80 0F 00 02 00 9E 00 01 00 00 
Time:	07:19:45,032
Send:	220002
Receive: 62 00 02 02 8D 00 76 13 66 07 07 02 C3 00 FE 07 0F 05 20 8F 11 00 00 8F 55 00 00 8F BB 00 00 8F BB 00 00 00 00 00 02 00 00 00 00 00 00 80 0F 00 02 00 9E 00 01 00 00 
Time:	07:19:45,390
Send:	220002
Receive: 62 00 02 02 8D 00 76 14 28 07 10 02 34 00 F9 07 0F 04 A7 8F 11 00 00 8F 55 00 00 8F BB 00 00 8F BB 00 00 00 00 00 02 00 00 00 00 00 00 80 0F 00 02 00 9E 00 01 00 00 
Time:	07:19:45,751
Send:	220002
Receive: 62 00 02 02 8D 00 76 14 7C 07 13 02 33 00 F9 07 0F 04 98 8F 11 00 00 8F 55 00 00 8F BB 00 00 8F BB 00 00 00 00 00 02 00 00 00 00 00 00 80 0F 00 02 00 9E 00 01 00 00 
Time:	07:19:46,103
Send:	220002
Receive: 62 00 02 02 8D 00 76 14 A8 08 0D 02 72 00 F3 07 0F 04 BB 8F 11 00 00 8F 55 00 00 8F BB 00 00 8F BB 00 00 00 00 00 02 00 00 00 00 00 00 80 0F 00 02 00 9E 00 01 00 00 
Time:	07:19:46,461
Send:	220002
Receive: 62 00 02 02 8D 00 76 14 BE 08 12 02 3F 01 08 07 0F 04 8D 8F 11 00 00 8F 55 00 00 8F BB 00 00 8F BB 00 00 00 00 00 02 00 00 00 00 00 00 80 0F 00 02 00 9E 00 01 00 00 
Time:	07:19:46,825
Send:	220002
Receive: 62 00 02 02 8D 00 77 15 B0 08 10 02 4F 01 12 07 0F 04 95 8F 11 00 00 8F 55 00 00 8F BB 00 00 8F BB 00 00 00 00 00 02 00 00 00 00 00 00 80 0F 00 02 00 9E 00 01 00 00 
Time:	07:19:47,204
Send:	220002
Receive: 62 00 02 02 8D 00 77 16 62 08 10 02 3B 01 12 07 0F 04 94 8F 11 00 00 8F 55 00 00 8F BB 00 00 8F BB 00 00 00 00 00 02 00 00 00 00 00 00 80 0F 00 02 00 9E 00 01 00 00 
Time:	07:19:47,564
Send:	220002
Receive: 62 00 02 02 8D 00 77 16 90 08 10 02 4C 01 0F 07 0F 04 8F 8F 11 00 00 8F 55 00 00 8F BB 00 00 8F BB 00 00 00 00 00 02 00 00 00 00 00 00 80 0F 00 02 00 9E 00 01 00 00 
Time:	07:19:47,921
Send:	220002
Receive: 62 00 02 02 8D 00 77 16 FA 09 11 02 37 01 14 07 0F 04 88 8F 11 00 00 8F 55 00 00 8F BB 00 00 8F BB 00 00 00 00 00 02 00 00 00 00 00 00 80 0F 00 02 00 9E 00 01 00 00 
Time:	07:19:48,304
Send:	220002
Receive: 62 00 02 02 8D 00 77 17 8A 09 10 02 4E 01 14 06 38 04 82 8F 11 00 00 8F 55 00 00 8F BB 00 00 8F BB 00 00 00 00 00 02 00 00 00 00 00 00 80 0F 00 02 00 9E 00 01 00 00 
Time:	07:19:48,672
Send:	220002
Receive: 62 00 02 02 8D 00 77 17 D4 09 0F 02 36 01 0C 04 FA 04 74 8F 11 00 00 8F 55 00 00 8F BB 00 00 8F BB 00 00 00 00 00 02 00 00 00 00 00 00 80 0F 00 02 00 9E 00 01 00 00 
Time:	07:19:49,038
Send:	220002
Receive: 62 00 02 02 8D 00 77 17 DC 09 0F 02 05 00 FB 03 BD 04 42 8F 11 00 00 8F 55 00 00 8F BB 00 00 8F BB 00 00 00 00 00 02 00 00 00 00 00 00 00 0F 00 02 00 9E 00 01 00 00 
Time:	07:19:49,394
Send:	220002
Receive: 62 00 02 02 8D 00 77 17 CA 09 12 01 DE 00 EF 03 51 03 FC 8F 11 00 00 8F 55 00 00 8F BB 00 00 8F BB 00 00 00 00 00 02 00 00 00 00 00 00 00 0F 00 02 00 9E 00 01 00 00 
Time:	07:19:49,757
Send:	220002
Receive: 62 00 02 02 8D 00 77 17 7C 09 15 01 C7 00 DB 02 E6 03 B1 8F 11 00 00 8F 55 00 00 8F BB 00 00 8F BB 00 00 00 00 00 02 00 00 00 00 00 00 00 0F 00 02 00 9E 00 01 00 00 
Time:	07:19:50,130
Send:	220002
Receive: 62 00 02 02 8D 00 77 16 96 08 11 01 D3 00 DB 05 D1 03 99 8F 11 00 00 8F 55 00 00 8F BB 00 00 8F BB 00 00 00 00 00 02 00 00 00 00 00 00 00 0F 00 02 00 9E 00 01 00 00 
Time:	07:19:50,495
Send:	220002
Receive: 62 00 02 02 8D 00 77 17 3A 08 1A 02 3B 01 21 06 38 04 0A 8F 11 00 00 8F 55 00 00 8F BB 00 00 8F BB 00 00 00 00 00 02 00 00 00 00 00 00 00 0F 00 02 00 9E 00 01 00 00 
Time:	07:19:50,863
Send:	220002
Receive: 62 00 02 02 8D 00 77 16 6E 08 03 02 73 01 14 06 A3 04 9D 8F 11 00 00 8F 55 00 00 8F BB 00 00 8F BB 00 00 00 00 00 02 00 00 00 00 00 00 80 0F 00 02 00 9E 00 01 00 00 
Time:	07:19:51,224
Send:	220002
Receive: 62 00 02 02 8D 00 77 17 1C 08 0F 02 4B 01 14 06 A3 04 90 8F 11 00 00 8F 55 00 00 8F BB 00 00 8F BB 00 00 00 00 00 02 00 00 00 00 00 00 80 0F 00 02 00 9E 00 01 00 00 
Time:	07:19:51,582
Send:	220002
Receive: 62 00 02 02 8D 00 78 16 DC 08 10 02 12 01 05 06 A3 04 7B 8F 11 00 00 8F 55 00 00 8F BB 00 00 8F BB 00 00 00 01 00 02 00 00 00 00 00 00 80 0F 00 03 00 9E 00 01 00 00 
Time:	07:19:51,950
Send:	220002
Receive: 62 00 02 02 8D 00 78 17 32 08 12 02 77 01 32 06 DC 04 AD 8F 11 00 00 8F 55 00 00 8F BB 00 00 8F BB 00 00 00 01 00 02 00 00 00 00 00 00 80 0F 00 03 00 9E 00 01 00 00 
Time:	07:19:52,328
Send:	220002
Receive: 62 00 02 02 8D 00 78 17 AA 09 11 02 32 01 11 07 0F 04 8D 8F 11 00 00 8F 55 00 00 8F BB 00 00 8F BB 00 00 00 01 00 02 00 00 00 00 00 00 80 0F 00 03 00 9E 00 01 00 00 
Time:	07:19:52,694
Send:	220002

Fixed toLineMF: 030 62 00 02 02 8D 00 78 17 B2 09 13 02 2C 11 00 00 8F 55 00 00 8F BB 00 00 8F BB 00 00 00 01 00 02 00 00 00 00 00 00 80 0F 00 03 00 9E 00 01 00 00 
Receive: 62 00 02 02 8D 00 78 17 B2 09 13 02 2C 11 00 00 8F 55 00 00 8F BB 00 00 8F BB 00 00 00 01 00 02 00 00 00 00 00 00 80 0F 00 03 00 9E 00 01 00 00 

Fixed toLineMF: 030 62 00 02 02 8D 00 78 17 B2 09 13 02 2C 11 00 00 8F 55 00 00 8F BB 00 00 8F BB 00 00 00 01 00 02 00 00 00 00 00 00 80 0F 00 03 00 9E 00 01 00 00 
Time:	07:19:53,064
Send:	220002
Receive: 62 00 02 02 8D 00 78 17 94 09 11 02 30 01 0F 06 38 04 6E 8F 11 00 00 8F 55 00 00 8F BB 00 00 8F BB 00 00 00 01 00 02 00 00 00 00 00 00 80 0F 00 03 00 9E 00 01 00 00 
Time:	07:19:53,433
Send:	220002
Receive: 62 00 02 02 8D 00 78 18 04 09 12 02 29 01 0C 06 38 04 63 8F 11 00 00 8F 55 00 00 8F BB 00 00 8F BB 00 00 00 01 00 02 00 00 00 00 00 00 80 0F 00 03 00 9E 00 01 00 00 
Time:	07:19:53,793
Send:	220002
Receive: 62 00 02 02 8D 00 78 18 5A 09 13 02 14 01 0C 06 38 04 57 8F 11 00 00 8F 55 00 00 8F BB 00 00 8F BB 00 00 00 01 00 02 00 00 00 00 00 00 80 0F 00 03 00 9E 00 01 00 00 
Time:	07:19:54,162
Send:	220002
Receive: 62 00 02 02 8D 00 78 18 82 09 13 02 1B 01 0C 06 38 04 50 8F 11 00 00 8F 55 00 00 8F BB 00 00 8F BB 00 00 00 01 00 02 00 00 00 00 00 00 80 0F 00 03 00 9E 00 01 00 00 
Time:	07:19:54,528
Send:	220002
Receive: 62 00 02 02 8D 00 78 18 CE 09 14 02 15 01 0F 06 38 04 4D 8F 11 00 00 8F 55 00 00 8F BB 00 00 8F BB 00 00 00 01 00 02 00 00 00 00 00 00 80 0F 00 03 00 9E 00 01 00 00 
Time:	07:19:54,884
Send:	220002
Receive: 62 00 02 02 8D 00 78 19 06 09 14 02 05 01 12 06 38 04 42 8F 11 00 00 8F 55 00 00 8F BB 00 00 8F BB 00 00 00 01 00 02 00 00 00 00 00 00 80 0F 00 03 00 9E 00 01 00 00 
Time:	07:19:55,245
Send:	220002
Receive: 62 00 02 02 8D 00 78 19 38 09 15 02 13 01 14 06 38 04 3A 8F 11 00 00 8F 55 00 00 8F BB 00 00 8F BB 00 00 00 01 00 02 00 00 00 00 00 00 80 0F 00 03 00 9E 00 01 00 00 
Time:	07:19:55,639
Send:	220002
Receive: 62 00 02 02 8D 00 78 19 5E 09 11 02 14 01 12 01 A8 04 2C 8F 11 00 00 8F 55 00 00 8F BB 00 00 8F BB 00 00 00 01 00 02 00 00 00 00 00 00 00 0F 00 03 00 9E 00 01 00 00 
Time:	07:19:56,010
Send:	220002
Receive: 62 00 02 02 8D 00 78 19 12 09 0F 01 EF 00 F6 02 0F 04 08 8F 11 00 00 8F 55 00 00 8F BB 00 00 8F BB 00 00 00 01 00 02 00 00 00 00 00 00 00 0F 00 03 00 9E 00 01 00 00 
Time:	07:19:56,405
Send:	220002

Fixed toLineMF: 029 62 00 02 02 8D 00 78 18 70 09 12 01 C5 00 DD 02 0F 03 BD 8F 11 00 00 8F 55 00 00 8F BB 00 00 8F BB 00 00 00 00 00 00 0F 00 
Receive: 62 00 02 02 8D 00 78 18 70 09 12 01 C5 00 DD 02 0F 03 BD 8F 11 00 00 8F 55 00 00 8F BB 00 00 8F BB 00 00 00 00 00 00 0F 00 

Fixed toLineMF: 029 62 00 02 02 8D 00 78 18 70 09 12 01 C5 00 DD 02 0F 03 BD 8F 11 00 00 8F 55 00 00 8F BB 00 00 8F BB 00 00 00 00 00 00 0F 00 
Time:	07:19:56,749
Send:	220002
Receive: 62 00 02 02 8D 00 79 18 72 09 12 01 A8 00 D8 04 FA 03 89 8F 11 00 00 8F 55 00 00 8F BB 00 00 8F BB 00 00 00 01 00 02 00 00 00 00 00 00 00 0F 00 03 00 9E 00 01 00 00 
Time:	07:19:57,114
Send:	220002

Fixed toLineMF: 030 62 00 02 02 8D 00 79 17 4E 09 13 01 B7 00 D6 07 42 03 76 8F 11 00 00 8F 55 00 00 00 00 01 00 02 00 00 00 00 00 00 00 0F 00 03 00 9E 00 01 00 00 
Receive: 62 00 02 02 8D 00 79 17 4E 09 13 01 B7 00 D6 07 42 03 76 8F 11 00 00 8F 55 00 00 00 00 01 00 02 00 00 00 00 00 00 00 0F 00 03 00 9E 00 01 00 00 

Fixed toLineMF: 030 62 00 02 02 8D 00 79 17 4E 09 13 01 B7 00 D6 07 42 03 76 8F 11 00 00 8F 55 00 00 00 00 01 00 02 00 00 00 00 00 00 00 0F 00 03 00 9E 00 01 00 00 
Time:	07:19:57,482
Send:	220002
Receive: 62 00 02 02 8D 00 79 17 34 09 1C 02 63 01 21 07 7A 04 32 8F 11 00 00 8F 55 00 00 8F BB 00 00 8F BB 00 00 00 01 00 02 00 00 00 00 00 00 80 0F 00 03 00 9E 00 01 00 00 
Time:	07:19:57,857
Send:	220002
Receive: 62 00 02 02 8D 00 79 17 1E 09 09 02 70 01 21 07 7A 04 AB 8F 11 00 00 8F 55 00 00 8F BB 00 00 8F BB 00 00 00 01 00 02 00 00 00 00 00 00 80 0F 00 03 00 9E 00 01 00 00 
Time:	07:19:58,217
Send:	220002
Receive: 62 00 02 02 8C 00 79 16 86 09 0C 02 4E 01 03 04 FA 04 A5 8F 11 00 00 8F 55 00 00 8F BB 00 00 8F BB 00 00 00 01 00 02 00 00 00 00 00 00 04 0F 00 03 00 9E 00 01 00 00 
Time:	07:19:58,583
Send:	220002
Receive: 62 00 02 02 8D 00 79 17 CC 08 18 01 E2 00 F6 04 FA 04 0C 8F 11 00 00 8F 55 00 00 8F BB 00 00 8F BB 00 00 00 01 00 02 00 00 00 00 00 00 80 0F 00 03 00 9E 00 01 00 00 
Time:	07:19:58,948
Send:	220002
Receive: 62 00 02 02 8C 00 79 16 32 08 10 02 19 00 E7 02 E6 04 28 8F 11 00 00 8F 55 00 00 8F BB 00 00 8F BB 00 00 00 01 00 02 00 00 00 00 00 00 00 0F 00 03 00 9E 00 01 00 00 
Time:	07:19:59,304
Send:	220002
Receive: 62 00 02 02 8D 00 79 17 64 08 19 01 C8 00 DD 00 00 03 BC 8F 11 00 00 8F 55 00 00 8F BB 00 00 8F BB 00 00 00 01 00 02 00 00 00 00 00 00 00 0F 00 03 00 9E 00 01 00 00 
Time:	07:19:59,663
Send:	220002
Receive: 62 00 02 02 8D 00 79 16 4C 08 07 01 D0 00 DB 00 00 03 B0 8F 11 00 00 8F 55 00 00 8F BB 00 00 8F BB 00 00 00 01 00 02 00 00 00 00 00 00 00 0F 00 03 00 9E 00 01 00 00 
Time:	07:20:00,029
Send:	220002
Receive: 62 00 02 02 8D 00 79 16 56 08 0F 01 E5 00 DB 00 00 03 AC 8F 11 00 00 8F 55 00 00 8F BB 00 00 8F BB 00 00 00 01 00 02 00 00 00 00 00 00 00 0F 00 03 00 9E 00 01 00 00 
Time:	07:20:00,394
Send:	220002
Receive: 62 00 02 02 8D 00 79 14 E6 08 0D 01 C5 00 D6 00 00 03 8B 8F 11 00 00 8F 55 00 00 8F BB 00 00 8F BB 00 00 00 01 00 02 00 00 00 00 00 00 00 0F 00 03 00 9E 00 01 00 00 
Time:	07:20:00,763
Send:	220002
Receive: 62 00 02 02 8D 00 79 14 36 07 06 02 1B 00 D8 00 00 03 EA 8F 11 00 00 8F 55 00 00 8F BB 00 00 8F BB 00 00 00 01 00 02 00 00 00 00 00 00 00 0F 00 03 00 9E 00 01 00 00 
Time:	07:20:01,139
Send:	220002
Receive: 62 00 02 02 8C 00 79 13 2A 07 0A 02 03 00 D3 00 00 03 BB 8F 11 00 00 8F 55 00 00 8F BB 00 00 8F BB 00 00 00 01 00 02 00 00 00 00 00 00 80 0F 00 03 00 9E 00 01 00 00 
Time:	07:20:01,497
Send:	220002
Receive: 62 00 02 02 89 00 79 12 7C 07 04 02 2C 00 CC 00 00 03 F1 8F 11 00 00 8F 55 00 00 8F BB 00 00 8F BB 00 00 00 01 00 02 00 00 00 00 00 00 80 0F 00 03 00 9E 00 01 00 00 
Time:	07:20:01,861
Send:	220002
Receive: 62 00 02 02 8A 00 7A 11 B4 06 03 02 44 00 C7 00 00 04 11 8F 11 00 00 8F 55 00 00 8F BB 00 00 8F BB 00 00 00 01 00 02 00 00 00 00 00 00 80 0F 00 03 00 9E 00 01 00 00 
Time:	07:20:02,231
Send:	220002

Fixed toLineMF: 029 62 00 02 02 8C 00 7A 10 F0 06 02 02 45 11 00 00 8F 55 00 00 8F BB 00 00 8F BB 00 00 00 01 00 02 00 00 00 00 00 00 80 0F 00 
Receive: 62 00 02 02 8C 00 7A 10 F0 06 02 02 45 11 00 00 8F 55 00 00 8F BB 00 00 8F BB 00 00 00 01 00 02 00 00 00 00 00 00 80 0F 00 

Fixed toLineMF: 029 62 00 02 02 8C 00 7A 10 F0 06 02 02 45 11 00 00 8F 55 00 00 8F BB 00 00 8F BB 00 00 00 01 00 02 00 00 00 00 00 00 80 0F 00 
Time:	07:20:02,600
Send:	220002
Receive: 62 00 02 02 8D 00 7A 11 52 06 11 02 60 00 DB 13 1E 04 62 8F 11 00 00 8F 55 00 00 8F BB 00 00 8F BB 00 00 00 01 00 02 00 00 00 00 00 00 80 0F 00 03 00 9E 00 01 00 00 
Time:	07:20:02,967
Send:	220002
Receive: 62 00 02 02 8D 00 7A 10 7A 06 FE 03 41 01 0A 13 8A 05 55 8F 11 00 00 8F 55 00 00 8F BB 00 00 8F BB 00 00 00 01 00 02 00 00 00 00 00 00 80 0F 00 03 00 9E 00 01 00 00 
Time:	07:20:03,327
Send:	220002
Receive: 62 00 02 02 8D 00 7A 11 96 06 0E 02 F5 01 1C 19 C2 05 66 8F 11 00 00 8F 55 00 00 8F BB 00 00 8F BB 00 00 00 01 00 02 00 00 00 00 00 00 80 0F 00 03 00 9E 00 01 00 00 
Time:	07:20:03,698
Send:	220002

Fixed toLineMF: 030 62 00 02 02 8D 00 7A 12 CC 07 0B 03 56 01 46 1A 2D 06 3C 8F 11 00 00 8F 55 00 00 00 00 01 00 02 00 00 00 00 00 00 80 0F 00 03 00 9E 00 01 00 00 
Receive: 62 00 02 02 8D 00 7A 12 CC 07 0B 03 56 01 46 1A 2D 06 3C 8F 11 00 00 8F 55 00 00 00 00 01 00 02 00 00 00 00 00 00 80 0F 00 03 00 9E 00 01 00 00 

Fixed toLineMF: 030 62 00 02 02 8D 00 7A 12 CC 07 0B 03 56 01 46 1A 2D 06 3C 8F 11 00 00 8F 55 00 00 00 00 01 00 02 00 00 00 00 00 00 80 0F 00 03 00 9E 00 01 00 00 
Time:	07:20:04,054
Send:	220002
Receive: 62 00 02 02 8D 00 7A 13 7E 07 0A 03 13 01 3E 1A 2D 06 47 8F 11 00 00 8F 55 00 00 8F BB 00 00 8F BB 00 00 00 01 00 02 00 00 00 00 00 00 80 0F 00 03 00 9E 00 01 00 00 
Time:	07:20:04,413
Send:	220002
Receive: 62 00 02 02 8D 00 7A 14 BC 08 10 02 AA 01 37 1A 2D 05 E8 8F 11 00 00 8F 55 00 00 8F BB 00 00 8F BB 00 00 00 01 00 02 00 00 00 00 00 00 80 0F 00 03 00 9E 00 01 00 00 
Time:	07:20:04,783
Send:	220002

Fixed toLineMF: 030 62 00 02 02 8D 00 7A 16 30 08 13 02 AC 11 00 00 8F 55 00 00 8F BB 00 00 8F BB 00 00 00 00 00 00 00 00 00 00 00 00 80 0F 00 03 00 9E 00 01 00 00 
Receive: 62 00 02 02 8D 00 7A 16 30 08 13 02 AC 11 00 00 8F 55 00 00 8F BB 00 00 8F BB 00 00 00 00 00 00 00 00 00 00 00 00 80 0F 00 03 00 9E 00 01 00 00 

Fixed toLineMF: 030 62 00 02 02 8D 00 7A 16 30 08 13 02 AC 11 00 00 8F 55 00 00 8F BB 00 00 8F BB 00 00 00 00 00 00 00 00 00 00 00 00 80 0F 00 03 00 9E 00 01 00 00 
Time:	07:20:05,138
Send:	220002
Receive: 62 00 02 02 8D 00 7A 17 4A 08 17 02 8A 01 44 19 5C 05 8D 8F 11 00 00 8F 55 00 00 8F BB 00 00 8F BB 00 00 00 00 00 00 00 00 00 00 00 00 80 0F 00 03 00 9E 00 01 00 00 
Time:	07:20:05,497
Send:	220002

Fixed toLineMF: 030 62 00 02 02 8D 00 7A 18 6A 09 15 02 AA 01 4B 19 5C 05 92 8F 11 00 00 8F 55 00 00 8F BB 00 00 8F BB 00 00 00 00 00 00 00 00 03 00 9E 00 01 00 00 
Receive: 62 00 02 02 8D 00 7A 18 6A 09 15 02 AA 01 4B 19 5C 05 92 8F 11 00 00 8F 55 00 00 8F BB 00 00 8F BB 00 00 00 00 00 00 00 00 03 00 9E 00 01 00 00 

Fixed toLineMF: 030 62 00 02 02 8D 00 7A 18 6A 09 15 02 AA 01 4B 19 5C 05 92 8F 11 00 00 8F 55 00 00 8F BB 00 00 8F BB 00 00 00 00 00 00 00 00 03 00 9E 00 01 00 00 
Time:	07:20:05,869
Send:	220002
Receive: 62 00 02 02 8D 00 7A 19 9C 0A 16 02 BC 01 57 17 47 05 77 8F 11 00 00 8F 55 00 00 8F BB 00 00 8F BB 00 00 00 00 00 00 00 00 00 00 00 00 80 0F 00 03 00 9E 00 01 00 00 
Time:	07:20:06,225
Send:	220002
Receive: 62 00 02 02 8D 00 7A 1B 04 0A 1A 02 3F 01 46 0F FF 04 AF 8F 11 00 00 8F 55 00 00 8F BB 00 00 8F BB 00 00 00 00 00 00 00 00 00 00 00 00 80 0F 00 03 00 9E 00 01 00 00 
Time:	07:20:06,588
Send:	220002
Receive: 62 00 02 02 8D 00 7A 1C 4E 0A 29 02 2E 01 61 0F 28 04 5F 8F 11 00 00 8F 55 00 00 8F BB 00 00 8F BB 00 00 00 00 00 00 00 00 00 00 00 00 80 0F 00 03 00 9E 00 01 00 00 
Time:	07:20:06,952
Send:	220002
Receive: 62 00 02 02 8D 00 7A 1D 20 0B 1F 02 5B 01 61 0F 28 04 7C 8F 11 00 00 8F 55 00 00 8F BB 00 00 8F BB 00 00 00 00 00 00 00 00 00 00 00 00 80 0F 00 03 00 9E 00 01 00 00 
Time:	07:20:07,324
Send:	220002
Receive: 62 00 02 02 8D 00 7B 1E 7A 0B 29 02 7E 01 61 0C 0A 04 A2 8F 11 00 00 8F 55 00 00 8F BB 00 00 8F BB 00 00 00 00 00 00 00 00 00 00 00 00 80 0F 00 03 00 9E 00 01 00 00 
Time:	07:20:07,685
Send:	220002
Receive: 62 00 02 02 8D 00 7B 20 22 0C 2A 02 7D 01 5C 0B 38 04 BC 8F 11 00 00 8F 55 00 00 8F BB 00 00 8F BB 00 00 00 00 00 00 00 00 00 00 00 00 80 0F 00 03 00 9E 00 01 00 00 
Time:	07:20:08,047
Send:	220002
Receive: 62 00 02 02 8D 00 7B 20 F4 0C 2A 02 1F 01 34 07 E1 04 56 8F 11 00 00 8F 55 00 00 8F BB 00 00 8F BB 00 00 00 00 00 00 00 00 00 00 00 00 80 0F 00 03 00 9E 00 01 00 00 
Time:	07:20:08,414
Send:	220002
Receive: 62 00 02 02 8D 00 7B 21 A6 0D 1F 01 DF 01 2B 00 00 03 EE 8F 11 00 00 8F 55 00 00 8F BB 00 00 8F BB 00 00 00 00 00 00 00 00 00 00 00 00 00 0F 00 03 00 9E 00 01 00 00 
Time:	07:20:08,787
Send:	220002
Receive: 62 00 02 02 8D 00 7B 21 F2 0D 1F 01 B7 01 1C 00 00 03 AA 8F 11 00 00 8F 55 00 00 8F BB 00 00 8F BB 00 00 00 00 00 00 00 00 00 00 00 00 00 0F 00 03 00 9E 00 01 00 00 
Time:	07:20:09,160
Send:	220002
Receive: 62 00 02 02 8D 00 7B 21 F0 0D 1E 01 9D 01 0F 00 00 03 7B 8F 11 00 00 8F 55 00 00 8F BB 00 00 8F BB 00 00 00 00 00 00 00 00 00 00 00 00 00 0F 00 03 00 9E 00 01 00 00 
Time:	07:20:09,523
Send:	220002
Receive: 62 00 02 02 8D 00 7B 21 5A 0D 2D 01 64 00 DB 00 00 03 12 8F 11 00 00 8F 55 00 00 8F BB 00 00 8F BB 00 00 00 00 00 00 00 00 00 00 00 00 00 0F 00 03 00 9E 00 01 00 00 
Time:	07:20:09,881
Send:	220002
Receive: 62 00 02 02 8D 00 7B 21 34 0C 2E 01 52 00 D8 02 E6 02 D5 8F 11 00 00 8F 55 00 00 8F BB 00 00 8F BB 00 00 00 00 00 00 00 00 00 00 00 00 00 0F 00 03 00 9E 00 01 00 00 
Time:	07:20:10,244
Send:	220002

Fixed toLineMF: 030 62 00 02 02 8D 00 7B 20 46 0C 2F 01 3D 00 CC 09 23 02 AE 8F 11 00 00 8F 55 00 00 8F BB 00 00 8F BB 00 00 00 00 00 00 0F 00 03 00 9E 00 01 00 00 
Receive: 62 00 02 02 8D 00 7B 20 46 0C 2F 01 3D 00 CC 09 23 02 AE 8F 11 00 00 8F 55 00 00 8F BB 00 00 8F BB 00 00 00 00 00 00 0F 00 03 00 9E 00 01 00 00 

Fixed toLineMF: 030 62 00 02 02 8D 00 7B 20 46 0C 2F 01 3D 00 CC 09 23 02 AE 8F 11 00 00 8F 55 00 00 8F BB 00 00 8F BB 00 00 00 00 00 00 0F 00 03 00 9E 00 01 00 00 
Time:	07:20:10,611
Send:	220002
Receive: 62 00 02 02 8D 00 7B 20 58 0C 2D 01 99 01 25 0D 4C 03 5F 8F 11 00 00 8F 55 00 00 8F BB 00 00 8F BB 00 00 00 00 00 00 00 00 00 00 00 00 80 0F 00 03 00 9E 00 01 00 00 
Time:	07:20:10,965
Send:	220002
Receive: 62 00 02 02 8D 00 7B 20 A4 0C 2A 01 F7 01 5F 0D 4C 04 23 8F 11 00 00 8F 55 00 00 8F BB 00 00 8F BB 00 00 00 00 00 00 00 00 00 00 00 00 80 0F 00 03 00 9E 00 01 00 00 
Time:	07:20:11,322
Send:	220002
Receive: 62 00 02 02 8D 00 7B 21 96 0C 2A 02 03 01 5C 0D 4C 04 88 8F 11 00 00 8F 55 00 00 8F BB 00 00 8F BB 00 00 00 00 00 00 00 00 00 00 00 00 80 0F 00 03 00 9E 00 01 00 00 
Time:	07:20:11,685
Send:	220002
Receive: 62 00 02 02 8D 00 7B 22 94 0D 2A 01 DC 01 46 00 66 04 67 8F 11 00 00 8F 55 00 00 8F BB 00 00 8F BB 00 00 00 00 00 00 00 00 00 00 00 00 00 0F 00 03 00 9E 00 01 00 00 
Time:	07:20:12,041
Send:	220002

Fixed toLineMF: 030 62 00 02 02 8D 00 7B 21 30 0D 07 01 C2 01 2B 00 00 04 1D 8F 11 00 00 8F 55 00 00 8F BB 00 00 8F BB 00 00 00 00 00 00 00 00 03 00 9E 00 01 00 00 
Receive: 62 00 02 02 8D 00 7B 21 30 0D 07 01 C2 01 2B 00 00 04 1D 8F 11 00 00 8F 55 00 00 8F BB 00 00 8F BB 00 00 00 00 00 00 00 00 03 00 9E 00 01 00 00 

Fixed toLineMF: 030 62 00 02 02 8D 00 7B 21 30 0D 07 01 C2 01 2B 00 00 04 1D 8F 11 00 00 8F 55 00 00 8F BB 00 00 8F BB 00 00 00 00 00 00 00 00 03 00 9E 00 01 00 00 
Time:	07:20:12,413
Send:	220002

Fixed toLineMF: 030 62 00 02 02 8D 00 7B 21 F8 0C 22 01 9D 01 21 00 00 03 AF 8F 11 00 00 8F 55 00 00 8F BB 00 00 8F BB 00 00 00 00 00 00 00 00 03 00 9E 00 01 00 00 
Receive: 62 00 02 02 8D 00 7B 21 F8 0C 22 01 9D 01 21 00 00 03 AF 8F 11 00 00 8F 55 00 00 8F BB 00 00 8F BB 00 00 00 00 00 00 00 00 03 00 9E 00 01 00 00 

Fixed toLineMF: 030 62 00 02 02 8D 00 7B 21 F8 0C 22 01 9D 01 21 00 00 03 AF 8F 11 00 00 8F 55 00 00 8F BB 00 00 8F BB 00 00 00 00 00 00 00 00 03 00 9E 00 01 00 00 
Time:	07:20:12,808
Send:	220002
Receive: 62 00 02 02 8D 00 7C 20 36 0C 29 01 82 00 F9 00 00 03 6A 8F 11 00 00 8F 55 00 00 8F BB 00 00 8F BB 00 00 00 00 00 00 00 00 00 00 00 00 00 0F 00 03 00 9E 00 01 00 00 
Time:	07:20:13,179
Send:	220002
Receive: 62 00 02 02 8D 00 7C 20 9E 0C 23 01 7D 00 DB 00 00 03 2B 8F 11 00 00 8F 55 00 00 8F BB 00 00 8F BB 00 00 00 00 00 00 00 00 00 00 00 00 00 0F 00 03 00 9E 00 01 00 00 
Time:	07:20:13,533
Send:	220002
Receive: 62 00 02 02 8D 00 7C 20 34 0C 2E 01 56 00 D6 00 00 02 DA 8F 11 00 00 8F 55 00 00 8F BB 00 00 8F BB 00 00 00 00 00 00 00 00 00 00 00 00 00 0F 00 03 00 9E 00 01 00 00 
Time:	07:20:13,892
Send:	220002
Receive: 62 00 02 02 8D 00 7C 1E 88 0C 18 01 24 00 C4 06 38 02 79 8F 11 00 00 8F 55 00 00 8F BB 00 00 8F BB 00 00 00 00 00 00 00 00 00 00 00 00 00 0F 00 03 00 9E 00 01 00 00 
Time:	07:20:14,260
Send:	220002
Receive: 62 00 02 02 8D 00 7C 1E 94 0B 2D 01 64 01 12 0A CC 02 D4 8F 11 00 00 8F 55 00 00 8F BB 00 00 8F BB 00 00 00 00 00 00 00 00 00 00 00 00 00 0F 00 03 00 9E 00 01 00 00 
Time:	07:20:14,630
Send:	220002
Receive: 62 00 02 02 8D 00 7C 1D E0 0B 2B 01 EB 01 50 0A CC 03 C1 8F 11 00 00 8F 55 00 00 8F BB 00 00 8F BB 00 00 00 00 00 00 00 00 00 00 00 00 80 0F 00 03 00 9E 00 01 00 00 
Time:	07:20:14,990
Send:	220002
Receive: 62 00 02 02 8D 00 7C 1E EC 0B 29 02 75 01 70 0A CC 04 B7 8F 11 00 00 8F 55 00 00 8F BB 00 00 8F BB 00 00 00 00 00 00 00 00 00 00 00 00 80 0F 00 03 00 9E 00 01 00 00 
Time:	07:20:15,365
Send:	220002
Receive: 62 00 02 02 8D 00 7C 20 14 0C 29 02 67 01 66 09 F5 04 E5 8F 11 00 00 8F 55 00 00 8F BB 00 00 8F BB 00 00 00 00 00 00 00 00 00 00 00 00 80 0F 00 03 00 9E 00 01 00 00 
Time:	07:20:15,729
Send:	220002
Receive: 62 00 02 02 8D 00 7C 21 86 0D 2A 01 DE 01 37 04 FA 04 58 8F 11 00 00 8F 55 00 00 8F BB 00 00 8F BB 00 00 00 00 00 00 00 00 00 00 00 00 80 0F 00 03 00 9E 00 01 00 00 
Time:	07:20:16,091
Send:	220002

Fixed toLineMF: 030 62 00 02 02 8D 00 7C 22 0E 0D 15 01 B2 01 2B 00 00 03 DE 8F 8F BB 00 00 8F BB 00 00 00 00 00 00 00 00 00 00 00 00 00 0F 00 03 00 9E 00 01 00 00 
Receive: 62 00 02 02 8D 00 7C 22 0E 0D 15 01 B2 01 2B 00 00 03 DE 8F 8F BB 00 00 8F BB 00 00 00 00 00 00 00 00 00 00 00 00 00 0F 00 03 00 9E 00 01 00 00 

Fixed toLineMF: 030 62 00 02 02 8D 00 7C 22 0E 0D 15 01 B2 01 2B 00 00 03 DE 8F 8F BB 00 00 8F BB 00 00 00 00 00 00 00 00 00 00 00 00 00 0F 00 03 00 9E 00 01 00 00 
Time:	07:20:16,454
Send:	220002
Receive: 62 00 02 02 8D 00 7C 20 B4 0D 10 01 9F 01 12 00 00 03 A2 8F 11 00 00 8F 55 00 00 8F BB 00 00 8F BB 00 00 00 00 00 00 00 00 00 00 00 00 00 0F 00 03 00 9E 00 01 00 00 
Time:	07:20:16,820
Send:	220002
Receive: 62 00 02 02 8D 00 7C 21 88 0C 1E 01 8F 00 FB 00 00 03 60 8F 11 00 00 8F 55 00 00 8F BB 00 00 8F BB 00 00 00 00 00 00 00 00 00 00 00 00 00 0F 00 03 00 9E 00 01 00 00 
Time:	07:20:17,181
Send:	220002
Receive: 62 00 02 02 8D 00 7C 1F BC 0C 2E 01 48 00 D6 00 00 02 DA 8F 11 00 00 8F 55 00 00 8F BB 00 00 8F BB 00 00 00 00 00 00 00 00 00 00 00 00 00 0F 00 03 00 9E 00 01 00 00 
Time:	07:20:17,565
Send:	220002

Fixed toLineMF: 030 62 00 02 02 8D 00 7C 20 18 0C 2E 01 56 11 00 00 8F 55 00 00 8F BB 00 00 8F BB 00 00 00 00 00 00 00 00 00 00 00 00 00 0F 00 03 00 9E 00 01 00 00 
Receive: 62 00 02 02 8D 00 7C 20 18 0C 2E 01 56 11 00 00 8F 55 00 00 8F BB 00 00 8F BB 00 00 00 00 00 00 00 00 00 00 00 00 00 0F 00 03 00 9E 00 01 00 00 

Fixed toLineMF: 030 62 00 02 02 8D 00 7C 20 18 0C 2E 01 56 11 00 00 8F 55 00 00 8F BB 00 00 8F BB 00 00 00 00 00 00 00 00 00 00 00 00 00 0F 00 03 00 9E 00 01 00 00 
Time:	07:20:17,931
Send:	220002
Receive: 62 00 02 02 8D 00 7C 1E 8E 0C 2E 01 39 01 05 0B 6B 02 9E 8F 11 00 00 8F 55 00 00 8F BB 00 00 8F BB 00 00 00 00 00 00 00 00 00 00 00 00 00 0F 00 03 00 9E 00 01 00 00 
Time:	07:20:18,281
Send:	220002
Receive: 62 00 02 02 8D 00 7C 1F 8A 0B 2B 02 1E 01 57 0D B8 04 0E 8F 11 00 00 8F 55 00 00 8F BB 00 00 8F BB 00 00 00 00 00 00 00 00 00 00 00 00 80 0F 00 03 00 9E 00 01 00 00 
Time:	07:20:18,648
Send:	220002
Receive: 62 00 02 02 8D 00 7C 1D 86 0C 29 02 0C 01 61 0D B8 04 37 8F 11 00 00 8F 55 00 00 8F BB 00 00 8F BB 00 00 00 00 00 00 00 00 00 00 00 00 80 0F 00 03 00 9E 00 01 00 00 
Time:	07:20:19,004
Send:	220002
Receive: 62 00 02 02 8D 00 7C 21 04 0B 29 02 6B 01 70 0C 75 04 D0 8F 11 00 00 8F 55 00 00 8F BB 00 00 8F BB 00 00 00 00 00 00 00 00 00 01 00 00 80 0F 00 03 00 9E 00 01 00 01 
Time:	07:20:19,380
Send:	220002
Receive: 62 00 02 02 8D 00 7D 1F B8 0C 1A 02 13 01 3E 00 00 04 73 8F 11 00 00 8F 55 00 00 8F BB 00 00 8F BB 00 00 00 00 00 00 00 00 00 01 00 00 00 0F 00 03 00 9E 00 01 00 01 
Time:	07:20:19,760
Send:	220002
Receive: 62 00 02 02 8D 00 7D 20 22 0C 15 01 D1 01 28 00 00 04 16 8F 11 00 00 8F 55 00 00 8F BB 00 00 8F BB 00 00 00 00 00 00 00 00 00 01 00 00 00 0F 00 03 00 9E 00 01 00 01 
Time:	07:20:20,129
Send:	220002
Receive: 62 00 02 02 8D 00 7D 1F C2 0C 1D 01 B3 01 16 00 00 03 B0 8F 11 00 00 8F 55 00 00 8F BB 00 00 8F BB 00 00 00 00 00 00 00 00 00 01 00 00 00 0F 00 03 00 9E 00 01 00 01 
Time:	07:20:20,491
Send:	220002
Receive: 62 00 02 02 8D 00 7D 1F 68 0C 2C 01 73 00 F6 00 00 03 51 8F 11 00 00 8F 55 00 00 8F BB 00 00 8F BB 00 00 00 00 00 00 00 00 00 01 00 00 00 0F 00 03 00 9E 00 01 00 01 
Time:	07:20:20,854
Send:	220002
Receive: 62 00 02 02 8D 00 7D 1E 7E 0C 2D 01 4D 00 DB 00 00 02 D7 8F 11 00 00 8F 55 00 00 8F BB 00 00 8F BB 00 00 00 00 00 00 00 00 00 01 00 00 00 0F 00 03 00 9E 00 01 00 01 
Time:	07:20:21,222
Send:	220002
Receive: 62 00 02 02 8D 00 7D 1F 3C 0B 2D 01 6A 00 DB 00 00 02 D7 8F 11 00 00 8F 55 00 00 8F BB 00 00 8F BB 00 00 00 00 00 00 00 00 00 01 00 00 00 0F 00 03 00 9E 00 01 00 01 
Time:	07:20:21,594
Send:	220002
Receive: 62 00 02 02 8D 00 7D 1D 08 0B 2F 01 25 00 CC 00 00 02 53 8F 11 00 00 8F 55 00 00 8F BB 00 00 8F BB 00 00 00 00 00 00 00 00 00 01 00 00 00 0F 00 03 00 9E 00 01 00 01 
Time:	07:20:21,964
Send:	220002
Receive: 62 00 02 02 8D 00 7D 1D 50 0B 2F 01 46 00 C9 00 00 02 6F 8F 11 00 00 8F 55 00 00 8F BB 00 00 8F BB 00 00 00 00 00 00 00 00 00 01 00 00 00 0F 00 03 00 9E 00 01 00 01 
Time:	07:20:22,340
Send:	220002

Fixed toLineMF: 030 62 00 02 02 8D 00 7D 1A 68 0A 11 01 48 00 A1 00 00 02 43 8F 11 00 00 8F 55 00 00 8F BB 00 00 8F BB 00 00 00 00 00 00 00 00 00 01 00 00 00 0F 00 
Receive: 62 00 02 02 8D 00 7D 1A 68 0A 11 01 48 00 A1 00 00 02 43 8F 11 00 00 8F 55 00 00 8F BB 00 00 8F BB 00 00 00 00 00 00 00 00 00 01 00 00 00 0F 00 

Fixed toLineMF: 030 62 00 02 02 8D 00 7D 1A 68 0A 11 01 48 00 A1 00 00 02 43 8F 11 00 00 8F 55 00 00 8F BB 00 00 8F BB 00 00 00 00 00 00 00 00 00 01 00 00 00 0F 00 
Time:	07:20:22,692
Send:	220002

Fixed toLineMF: 030 62 00 02 02 8D 00 7D 19 58 0A 12 01 43 00 9A 04 23 02 26 8F 11 00 00 8F 55 00 00 8F BB 00 00 8F BB 00 00 00 00 00 00 00 00 00 01 00 00 00 0F 00 
Receive: 62 00 02 02 8D 00 7D 19 58 0A 12 01 43 00 9A 04 23 02 26 8F 11 00 00 8F 55 00 00 8F BB 00 00 8F BB 00 00 00 00 00 00 00 00 00 01 00 00 00 0F 00 

Fixed toLineMF: 030 62 00 02 02 8D 00 7D 19 58 0A 12 01 43 00 9A 04 23 02 26 8F 11 00 00 8F 55 00 00 8F BB 00 00 8F BB 00 00 00 00 00 00 00 00 00 01 00 00 00 0F 00 
Time:	07:20:23,057
Send:	220002
Receive: 62 00 02 02 8D 00 7D 18 8E 09 2E 01 56 00 9F 0C 0A 02 50 8F 11 00 00 8F 55 00 00 8F BB 00 00 8F BB 00 00 00 00 00 00 00 00 00 01 00 00 00 0F 00 03 00 9E 00 01 00 01 
Time:	07:20:23,413
Send:	220002
Receive: 62 00 02 02 8D 00 7D 17 A2 09 2B 01 BD 00 D8 0F 61 03 12 8F 11 00 00 8F 55 00 00 8F BB 00 00 8F BB 00 00 00 00 00 00 00 00 00 01 00 00 80 0F 00 03 00 9E 00 01 00 01 
Time:	07:20:23,776
Send:	220002
Receive: 62 00 02 02 8D 00 7D 17 84 09 1A 02 19 01 0F 10 33 03 C1 8F 11 00 00 8F 55 00 00 8F BB 00 00 8F BB 00 00 00 00 00 00 00 00 00 01 00 00 80 0F 00 03 00 9E 00 01 00 01 
Time:	07:20:24,158
Send:	220002
Receive: 62 00 02 02 8D 00 7D 17 F4 09 10 02 9A 01 3E 10 33 04 B9 8F 11 00 00 8F 55 00 00 8F BB 00 00 8F BB 00 00 00 00 00 00 00 00 00 01 00 00 80 0F 00 03 00 9E 00 01 00 01 
Time:	07:20:24,528
Send:	220002
Receive: 62 00 02 02 8D 00 7D 18 DE 09 0B 02 B0 01 48 10 33 05 3F 8F 11 00 00 8F 55 00 00 8F BB 00 00 8F BB 00 00 00 00 00 00 00 00 00 01 00 00 80 0F 00 03 00 9E 00 01 00 01 
Time:	07:20:24,892
Send:	220002
Receive: 62 00 02 02 8D 00 7D 19 38 0A 0D 02 5F 01 34 0E 1E 05 0B 8F 11 00 00 8F 55 00 00 8F BB 00 00 8F BB 00 00 00 00 00 00 00 00 00 01 00 00 80 0F 00 03 00 9E 00 01 00 01 
Time:	07:20:25,259
Send:	220002

Fixed toLineMF: 030 62 00 02 02 8D 00 7D 1A 18 0A 17 02 26 01 39 0E 1E 04 A7 8F 11 00 00 8F 55 00 00 8F BB 00 00 8F BB 00 00 00 00 00 00 00 00 00 01 00 00 80 0F 00 
Receive: 62 00 02 02 8D 00 7D 1A 18 0A 17 02 26 01 39 0E 1E 04 A7 8F 11 00 00 8F 55 00 00 8F BB 00 00 8F BB 00 00 00 00 00 00 00 00 00 01 00 00 80 0F 00 

Fixed toLineMF: 030 62 00 02 02 8D 00 7D 1A 18 0A 17 02 26 01 39 0E 1E 04 A7 8F 11 00 00 8F 55 00 00 8F BB 00 00 8F BB 00 00 00 00 00 00 00 00 00 01 00 00 80 0F 00 
Time:	07:20:25,628
Send:	220002
Receive: 62 00 02 02 8D 00 7D 1A 78 0A 1A 02 22 01 44 0D B8 04 8C 8F 11 00 00 8F 55 00 00 8F BB 00 00 8F BB 00 00 00 00 00 00 00 00 00 01 00 00 80 0F 00 03 00 9E 00 01 00 01 
Time:	07:20:25,995
Send:	220002
Receive: 62 00 02 02 8D 00 7E 1B 14 0A 1E 02 31 01 50 0C 0A 04 85 8F 11 00 00 8F 55 00 00 8F BB 00 00 8F BB 00 00 00 00 00 00 00 00 00 01 00 00 80 0F 00 03 00 9E 00 01 00 01 
Time:	07:20:26,355
Send:	220002

Fixed toLineMF: 030 62 00 02 02 8D 00 7E 1C 02 0A 19 02 2D 01 48 06 05 04 65 8F 11 00 00 8F 55 00 00 8F BB 00 00 8F BB 00 00 00 00 00 00 00 00 03 00 9E 00 01 00 01 
Receive: 62 00 02 02 8D 00 7E 1C 02 0A 19 02 2D 01 48 06 05 04 65 8F 11 00 00 8F 55 00 00 8F BB 00 00 8F BB 00 00 00 00 00 00 00 00 03 00 9E 00 01 00 01 

Fixed toLineMF: 030 62 00 02 02 8D 00 7E 1C 02 0A 19 02 2D 01 48 06 05 04 65 8F 11 00 00 8F 55 00 00 8F BB 00 00 8F BB 00 00 00 00 00 00 00 00 03 00 9E 00 01 00 01 
Time:	07:20:26,724
Send:	220002
Receive: 62 00 02 02 8C 00 7E 1C 9E 0B 18 02 00 01 2F 06 38 03 FE 8F 11 00 00 8F 55 00 00 8F BB 00 00 8F BB 00 00 00 00 00 00 00 00 00 01 00 00 80 0F 00 03 00 9E 00 01 00 01 
Time:	07:20:27,091
Send:	220002

Fixed toLineMF: 030 62 00 02 02 8C 00 7E 1D 0E 0B 2B 01 E8 01 2B 03 BD 03 AC 8F 11 00 00 8F 55 00 00 8F BB 00 00 8F BB 00 00 01 00 00 00 0F 00 03 00 9E 00 01 00 01 
Receive: 62 00 02 02 8C 00 7E 1D 0E 0B 2B 01 E8 01 2B 03 BD 03 AC 8F 11 00 00 8F 55 00 00 8F BB 00 00 8F BB 00 00 01 00 00 00 0F 00 03 00 9E 00 01 00 01 

Fixed toLineMF: 030 62 00 02 02 8C 00 7E 1D 0E 0B 2B 01 E8 01 2B 03 BD 03 AC 8F 11 00 00 8F 55 00 00 8F BB 00 00 8F BB 00 00 01 00 00 00 0F 00 03 00 9E 00 01 00 01 
Time:	07:20:27,464
Send:	220002
Receive: 62 00 02 02 8D 00 7E 1C 66 0B 2B 02 2E 01 50 0A CC 03 DE 8F 11 00 00 8F 55 00 00 8F BB 00 00 8F BB 00 00 00 00 00 00 00 00 00 01 00 00 00 0F 00 03 00 9E 00 01 00 01 
Time:	07:20:27,833
Send:	220002
Receive: 62 00 02 02 8D 00 7E 1C C8 0B 06 02 79 01 44 08 B8 04 75 8F 11 00 00 8F 55 00 00 8F BB 00 00 8F BB 00 00 00 00 00 00 00 00 00 01 00 00 80 0F 00 03 00 9E 00 01 00 01 
Time:	07:20:28,199
Send:	220002
Receive: 62 00 02 02 8D 00 7E 1E FA 0B 13 02 87 01 61 0B A3 04 B0 8F 11 00 00 8F 55 00 00 8F BB 00 00 8F BB 00 00 00 00 00 00 00 00 00 01 00 00 80 0F 00 03 00 9E 00 01 00 01 
Time:	07:20:28,578
Send:	220002
Receive: 62 00 02 02 8D 00 7E 1E 2C 0B 29 02 5F 01 5C 0B 38 04 8E 8F 11 00 00 8F 55 00 00 8F BB 00 00 8F BB 00 00 00 00 00 00 00 00 00 01 00 00 80 0F 00 03 00 9E 00 01 00 01 
Time:	07:20:28,954
Send:	220002
Receive: 62 00 02 02 8D 00 7E 1E A4 0C 29 02 35 01 55 0A CC 04 6D 8F 11 00 00 8F 55 00 00 8F BB 00 00 8F BB 00 00 00 00 00 00 00 00 00 01 00 00 80 0F 00 03 00 9E 00 01 00 01 
Time:	07:20:29,321
Send:	220002
Receive: 62 00 02 02 8D 00 7E 20 28 0C 2A 02 31 01 50 0A CC 04 81 8F 11 00 00 8F 55 00 00 8F BB 00 00 8F BB 00 00 00 00 00 00 00 00 00 01 00 00 80 0F 00 03 00 9E 00 01 00 01 
Time:	07:20:29,691
Send:	220002
Receive: 62 00 02 02 8D 00 7E 21 3E 0C 2A 02 1D 01 48 0E 1E 04 70 8F 11 00 00 8F 55 00 00 8F BB 00 00 8F BB 00 00 00 00 00 00 00 00 00 01 00 00 80 0F 00 03 00 9E 00 01 00 01 
Time:	07:20:30,057
Send:	220002
Receive: 62 00 02 02 8D 00 7E 21 EC 0D 2A 01 FB 01 4B 0E F5 04 56 8F 11 00 00 8F 55 00 00 8F BB 00 00 8F BB 00 00 00 00 00 00 00 00 00 01 00 00 80 0F 00 03 00 9E 00 01 00 01 
Time:	07:20:30,437
Send:	220002
Receive: 62 00 02 02 8D 00 7E 22 7A 0D 2A 01 EC 01 5C 0F C7 04 50 8F 11 00 00 8F 55 00 00 8F BB 00 00 8F BB 00 00 00 00 00 00 00 00 00 01 00 00 80 0F 00 03 00 9E 00 01 00 01 
Time:	07:20:30,791
Send:	220002
Receive: 62 00 02 02 8D 00 7E 23 0E 0D 2B 02 05 01 7D 13 1E 04 89 8F 11 00 00 8F 55 00 00 8F BB 00 00 8F BB 00 00 00 00 00 00 00 00 00 01 00 00 80 0F 00 03 00 9E 00 01 00 01 
Time:	07:20:31,158
Send:	220002
Receive: 62 00 02 02 8D 00 7E 23 B2 0D 2B 02 2B 01 7A 13 1E 04 BA 8F 11 00 00 8F 55 00 00 8F BB 00 00 8F BB 00 00 00 00 00 00 00 00 00 01 00 00 80 0F 00 03 00 9E 00 01 00 01 
Time:	07:20:31,517
Send:	220002
Receive: 62 00 02 02 8D 00 7E 24 E0 0E 2B 02 3A 01 9D 16 05 04 D1 8F 11 00 00 8F 55 00 00 8F BB 00 00 8F BB 00 00 00 00 00 00 00 00 00 01 00 00 80 0F 00 03 00 9E 00 01 00 01 
Time:	07:20:31,874
Send:	220002
Receive: 62 00 02 02 8D 00 7E 25 EE 0E 2B 02 3A 01 B6 16 70 04 BF 8F 11 00 00 8F 55 00 00 8F BB 00 00 8F BB 00 00 00 00 00 00 00 00 00 01 00 00 80 0F 00 03 00 9E 00 01 00 01 
Time:	07:20:32,240
Send:	220002
Receive: 62 00 02 02 8D 00 7E 26 EC 0F 2B 02 4C 01 D4 16 70 04 B8 8F 11 00 00 8F 55 00 00 8F BB 00 00 8F BB 00 00 00 00 00 00 00 00 00 01 00 00 80 0F 00 03 00 9E 00 01 00 01 
Time:	07:20:32,612
Send:	220002

Fixed toLineMF: 029 62 00 02 02 8D 00 7F 28 36 0F 2C 02 49 01 E3 00 00 04 A2 8F 11 00 00 8F 55 00 00 00 01 00 00 00 0F 00 03 00 9E 00 01 00 01 
Receive: 62 00 02 02 8D 00 7F 28 36 0F 2C 02 49 01 E3 00 00 04 A2 8F 11 00 00 8F 55 00 00 00 01 00 00 00 0F 00 03 00 9E 00 01 00 01 

Fixed toLineMF: 029 62 00 02 02 8D 00 7F 28 36 0F 2C 02 49 01 E3 00 00 04 A2 8F 11 00 00 8F 55 00 00 00 01 00 00 00 0F 00 03 00 9E 00 01 00 01 
Time:	07:20:32,994
Send:	220002
Receive: 62 00 02 02 8D 00 7F 27 9A 0F 17 01 0E 00 BD 00 00 02 8B 8F 11 00 00 8F 55 00 00 8F BB 00 00 8F BB 00 00 00 00 00 00 00 00 00 01 00 00 00 0F 00 03 00 9E 00 01 00 01 
Time:	07:20:33,351
Send:	220002
Receive: 62 00 02 02 8D 00 7F 24 34 0F 21 01 5D 00 D8 00 00 02 81 8F 11 00 00 8F 55 00 00 8F BB 00 00 8F BB 00 00 00 00 00 00 00 00 00 01 00 00 00 0F 00 03 00 9E 00 01 00 01 
Time:	07:20:33,719
Send:	220002
Receive: 62 00 02 02 8D 00 7F 20 0C 0F 18 01 62 00 BF 00 00 02 92 8F 11 00 00 8F 55 00 00 8F BB 00 00 8F BB 00 00 00 00 00 00 00 00 00 01 00 00 00 0F 00 03 00 9E 00 01 00 01 
Time:	07:20:34,073
Send:	220002

Fixed toLineMF: 030 62 00 02 02 8D 00 7F 1D 32 0F 30 01 97 01 57 0B 38 02 B4 8F 11 00 00 8F 55 00 00 8F BB 00 00 8F BB 00 00 01 00 00 00 0F 00 03 00 9E 00 01 00 01 
Receive: 62 00 02 02 8D 00 7F 1D 32 0F 30 01 97 01 57 0B 38 02 B4 8F 11 00 00 8F 55 00 00 8F BB 00 00 8F BB 00 00 01 00 00 00 0F 00 03 00 9E 00 01 00 01 

Fixed toLineMF: 030 62 00 02 02 8D 00 7F 1D 32 0F 30 01 97 01 57 0B 38 02 B4 8F 11 00 00 8F 55 00 00 8F BB 00 00 8F BB 00 00 01 00 00 00 0F 00 03 00 9E 00 01 00 01 
Time:	07:20:34,446
Send:	220002
Receive: 62 00 02 02 8D 00 7F 1A A4 0F 28 02 B4 01 64 14 5C 04 B5 8F 11 00 00 8F 55 00 00 8F BB 00 00 8F BB 00 00 00 00 00 00 00 00 00 01 00 00 80 0F 00 03 00 9E 00 01 00 01 
Time:	07:20:34,813
Send:	220002
Receive: 62 00 02 02 8D 00 7F 16 B2 0F 25 02 D2 01 28 13 F0 05 53 8F 11 00 00 8F 55 00 00 8F BB 00 00 8F BB 00 00 00 00 00 00 00 00 00 01 00 00 80 0F 00 03 00 9E 00 01 00 01 
Time:	07:20:35,169
Send:	220002
Receive: 62 00 02 02 8D 00 7F 16 DC 10 25 02 7E 01 25 13 F0 05 1A 8F 11 00 00 8F 55 00 00 8F BB 00 00 8F BB 00 00 00 00 00 00 00 00 00 01 00 00 80 0F 00 03 00 9E 00 01 00 01 
Time:	07:20:35,556
Send:	220002
Receive: 62 00 02 02 8D 00 7F 17 58 10 26 02 4D 01 25 13 F0 04 F1 8F 11 00 00 8F 55 00 00 8F BB 00 00 8F BB 00 00 00 00 00 00 00 00 00 01 00 00 80 0F 00 03 00 9E 00 01 00 01 
Time:	07:20:35,923
Send:	220002
Receive: 62 00 02 02 8D 00 7F 17 D8 10 27 02 59 01 25 13 F0 04 E5 8F 11 00 00 8F 55 00 00 8F BB 00 00 8F BB 00 00 00 00 00 00 00 00 00 01 00 00 80 0F 00 03 00 9E 00 01 00 01 
Time:	07:20:36,298
Send:	220002
Receive: 62 00 02 02 8D 00 7F 18 36 11 27 02 6F 01 25 13 1E 04 EA 8F 11 00 00 8F 55 00 00 8F BB 00 00 8F BB 00 00 00 00 00 00 00 00 00 01 00 00 80 0F 00 03 00 9E 00 01 00 01 
Time:	07:20:36,667
Send:	220002
Receive: 62 00 02 02 8D 00 7F 18 84 11 27 02 4C 01 16 10 33 04 D4 8F 11 00 00 8F 55 00 00 8F BB 00 00 8F BB 00 00 00 00 00 00 00 00 00 01 00 00 80 0F 00 03 00 9E 00 01 00 01 
Time:	07:20:37,037
Send:	220002
Receive: 62 00 02 02 8D 00 7F 19 14 11 28 02 05 01 16 0C AE 04 77 8F 11 00 00 8F 55 00 00 8F BB 00 00 8F BB 00 00 00 00 00 00 00 00 00 01 00 00 80 0F 00 03 00 9E 00 01 00 01 
Time:	07:20:37,405
Send:	220002
Receive: 62 00 02 02 8D 00 7F 19 0C 11 29 01 F2 00 FE 08 19 04 15 8F 11 00 00 8F 55 00 00 8F BB 00 00 8F BB 00 00 00 00 00 00 00 00 00 01 00 00 80 0F 00 03 00 9E 00 01 00 01 
Time:	07:20:37,760
Send:	220002
Receive: 62 00 02 02 8D 00 7F 19 2C 11 29 01 EF 00 F3 06 A3 03 F6 8F 11 00 00 8F 55 00 00 8F BB 00 00 8F BB 00 00 00 00 00 00 00 00 00 01 00 00 80 0F 00 03 00 9E 00 01 00 01 
Time:	07:20:38,141
Send:	220002
Receive: 62 00 02 02 8D 00 7F 19 44 11 2A 01 E2 00 E7 03 F0 03 B1 8F 11 00 00 8F 55 00 00 8F BB 00 00 8F BB 00 00 00 00 00 00 00 00 00 01 00 00 80 0F 00 03 00 9E 00 01 00 01 
Time:	07:20:38,523
Send:	220002

Fixed toLineMF: 030 62 00 02 02 8D 00 00 D8 00 00 03 8C 8F 11 00 00 8F 55 00 00 8F BB 00 00 8F BB 00 00 00 00 00 00 00 00 00 01 00 00 00 0F 00 03 00 9E 00 01 00 01 
Receive: 62 00 02 02 8D 00 00 D8 00 00 03 8C 8F 11 00 00 8F 55 00 00 8F BB 00 00 8F BB 00 00 00 00 00 00 00 00 00 01 00 00 00 0F 00 03 00 9E 00 01 00 01 

Fixed toLineMF: 030 62 00 02 02 8D 00 00 D8 00 00 03 8C 8F 11 00 00 8F 55 00 00 8F BB 00 00 8F BB 00 00 00 00 00 00 00 00 00 01 00 00 00 0F 00 03 00 9E 00 01 00 01 
Time:	07:20:38,901
Send:	220002
Receive: 62 00 02 02 8D 00 80 19 50 11 2B 01 96 00 D6 00 00 03 3A 8F 11 00 00 8F 55 00 00 8F BB 00 00 8F BB 00 00 00 00 00 00 00 00 00 01 00 00 00 0F 00 03 00 9E 00 01 00 01 
Time:	07:20:39,261
Send:	220002
Receive: 62 00 02 02 8D 00 80 18 36 11 18 01 9D 00 C4 00 00 03 3E 8F 11 00 00 8F 55 00 00 8F BB 00 00 8F BB 00 00 00 00 00 00 00 00 00 01 00 00 00 0F 00 03 00 9E 00 01 00 01 
Time:	07:20:39,623
Send:	220002

Fixed toLineMF: 030 62 00 02 02 8D 00 00 A9 00 00 02 FE 8F 11 00 00 8F 55 00 00 8F BB 00 00 8F BB 00 00 00 00 00 00 00 00 00 01 00 00 00 0F 00 03 00 9E 00 01 00 01 
Receive: 62 00 02 02 8D 00 00 A9 00 00 02 FE 8F 11 00 00 8F 55 00 00 8F BB 00 00 8F BB 00 00 00 00 00 00 00 00 00 01 00 00 00 0F 00 03 00 9E 00 01 00 01 

Fixed toLineMF: 030 62 00 02 02 8D 00 00 A9 00 00 02 FE 8F 11 00 00 8F 55 00 00 8F BB 00 00 8F BB 00 00 00 00 00 00 00 00 00 01 00 00 00 0F 00 03 00 9E 00 01 00 01 
Time:	07:20:39,998
Send:	220002
Receive: 62 00 02 02 8D 00 80 17 80 10 12 01 48 00 9A 00 00 02 A5 8F 11 00 00 8F 55 00 00 8F BB 00 00 8F BB 00 00 00 00 00 00 00 00 00 01 00 00 00 0F 00 03 00 9E 00 01 00 01 
Time:	07:20:40,360
Send:	220002
Receive: 62 00 02 02 8D 00 80 17 12 10 20 01 2F 00 86 00 00 02 6E 8F 11 00 00 8F 55 00 00 8F BB 00 00 8F BB 00 00 00 00 00 00 00 00 00 01 00 00 00 0F 00 03 00 9E 00 01 00 01 
Time:	07:20:40,719
Send:	220002
Receive: 62 00 02 02 8D 00 80 16 5E 0F 13 01 3D 00 88 00 D1 02 5C 8F 11 00 00 8F 55 00 00 8F BB 00 00 8F BB 00 00 00 00 00 00 00 00 00 01 00 00 00 0F 00 03 00 9E 00 01 00 01 
Time:	07:20:41,084
Send:	220002
Receive: 62 00 02 02 8D 00 80 15 4A 0E 06 01 4A 00 8B 00 00 02 6B 8F 11 00 00 8F 55 00 00 8F BB 00 00 8F BB 00 00 00 00 00 00 00 00 00 01 00 00 00 0F 00 03 00 9E 00 01 00 01 
Time:	07:20:41,452
Send:	220002

Fixed toLineMF: 030 62 00 02 02 88 00 80 11 A4 0E 18 01 A8 01 9D 00 00 02 87 8F 11 00 00 8F 55 00 00 00 00 00 00 00 00 00 00 01 00 00 04 0F 00 03 00 9E 00 01 00 01 
Receive: 62 00 02 02 88 00 80 11 A4 0E 18 01 A8 01 9D 00 00 02 87 8F 11 00 00 8F 55 00 00 00 00 00 00 00 00 00 00 01 00 00 04 0F 00 03 00 9E 00 01 00 01 

Fixed toLineMF: 030 62 00 02 02 88 00 80 11 A4 0E 18 01 A8 01 9D 00 00 02 87 8F 11 00 00 8F 55 00 00 00 00 00 00 00 00 00 00 01 00 00 04 0F 00 03 00 9E 00 01 00 01 
Time:	07:20:41,823
Send:	220002
Receive: 62 00 02 02 8A 00 80 11 0A 0E 01 02 D3 00 C7 00 00 04 84 8F 11 00 00 8F 55 00 00 8F BB 00 00 8F BB 00 00 00 00 00 00 00 00 00 01 00 00 00 0F 00 03 00 9E 00 01 00 01 
Time:	07:20:42,192
Send:	220002
Receive: 62 00 02 02 8D 00 80 11 8C 0E 03 02 57 00 B0 00 00 04 27 8F 11 00 00 8F 55 00 00 8F BB 00 00 8F BB 00 00 00 00 00 00 00 00 00 01 00 00 80 0F 00 03 00 9E 00 01 00 01 
Time:	07:20:42,567
Send:	220002

Fixed toLineMF: 029 62 00 02 02 8D 00 80 12 6E 0D 0A 01 F1 00 B0 00 00 03 C1 8F 8F BB 00 00 8F BB 00 00 00 00 00 00 00 00 00 01 00 00 80 0F 00 
Receive: 62 00 02 02 8D 00 80 12 6E 0D 0A 01 F1 00 B0 00 00 03 C1 8F 8F BB 00 00 8F BB 00 00 00 00 00 00 00 00 00 01 00 00 80 0F 00 

Fixed toLineMF: 029 62 00 02 02 8D 00 80 12 6E 0D 0A 01 F1 00 B0 00 00 03 C1 8F 8F BB 00 00 8F BB 00 00 00 00 00 00 00 00 00 01 00 00 80 0F 00 
Time:	07:20:42,921
Send:	220002
Receive: 62 00 02 02 8D 00 80 11 9C 0D 0A 01 F0 00 AE 00 00 03 9E 8F 11 00 00 8F 55 00 00 8F BB 00 00 8F BB 00 00 00 00 00 00 00 00 00 01 00 00 80 0F 00 03 00 9E 00 01 00 01 
Time:	07:20:43,284
Send:	220002
Receive: 62 00 02 02 8D 00 80 11 1A 0D 06 02 0C 00 AE 00 00 03 EA 8F 11 00 00 8F 55 00 00 8F BB 00 00 8F BB 00 00 00 00 00 00 00 00 00 01 00 00 80 0F 00 03 00 9E 00 01 00 01 
Time:	07:20:43,649
Send:	220002

Fixed toLineMF: 030 62 00 02 02 8D 00 80 11 3A 0D 07 02 0C 00 B3 00 00 03 F3 8F 11 00 00 8F 55 00 00 8F BB 00 00 8F BB 00 00 00 00 00 00 00 00 03 00 9E 00 01 00 01 
Receive: 62 00 02 02 8D 00 80 11 3A 0D 07 02 0C 00 B3 00 00 03 F3 8F 11 00 00 8F 55 00 00 8F BB 00 00 8F BB 00 00 00 00 00 00 00 00 03 00 9E 00 01 00 01 

Fixed toLineMF: 030 62 00 02 02 8D 00 80 11 3A 0D 07 02 0C 00 B3 00 00 03 F3 8F 11 00 00 8F 55 00 00 8F BB 00 00 8F BB 00 00 00 00 00 00 00 00 03 00 9E 00 01 00 01 
Time:	07:20:44,012
Send:	220002
Receive: 62 00 02 02 8D 00 80 10 46 0C 06 02 0B 00 B3 00 00 03 FC 8F 11 00 00 8F 55 00 00 8F BB 00 00 8F BB 00 00 00 00 00 00 00 00 00 01 00 00 80 0F 00 03 00 9E 00 01 00 01 
Time:	07:20:44,380
Send:	220002
Receive: 62 00 02 02 8D 00 80 0E E6 0C 06 02 62 00 B0 00 00 04 58 8F 11 00 00 8F 55 00 00 8F BB 00 00 8F BB 00 00 00 00 00 00 00 00 00 01 00 00 80 0F 00 03 00 9E 00 01 00 01 
Time:	07:20:44,743
Send:	220002
Receive: 62 00 02 02 8D 00 80 0E C0 0C 01 02 53 00 A6 00 00 04 73 8F 11 00 00 8F 55 00 00 8F BB 00 00 8F BB 00 00 00 00 00 00 00 00 00 01 00 00 80 0F 00 03 00 9E 00 01 00 01 
Time:	07:20:45,114
Send:	220002

Fixed toLineMF: 030 62 00 02 02 8D 00 81 0E 72 0B 05 02 4E 11 00 00 8F 55 00 00 8F BB 00 00 8F BB 00 00 00 00 00 00 00 00 00 01 00 00 80 0F 00 03 00 9E 00 01 00 01 
Receive: 62 00 02 02 8D 00 81 0E 72 0B 05 02 4E 11 00 00 8F 55 00 00 8F BB 00 00 8F BB 00 00 00 00 00 00 00 00 00 01 00 00 80 0F 00 03 00 9E 00 01 00 01 

Fixed toLineMF: 030 62 00 02 02 8D 00 81 0E 72 0B 05 02 4E 11 00 00 8F 55 00 00 8F BB 00 00 8F BB 00 00 00 00 00 00 00 00 00 01 00 00 80 0F 00 03 00 9E 00 01 00 01 
Time:	07:20:45,472
Send:	220002
Receive: 62 00 02 02 8D 00 81 0E 5A 0B 06 02 2B 00 A1 00 00 04 63 8F 11 00 00 8F 55 00 00 8F BB 00 00 8F BB 00 00 00 00 00 00 00 00 00 01 00 00 80 0F 00 03 00 9E 00 01 00 01 
Time:	07:20:45,838
Send:	220002
Receive: 62 00 02 02 8D 00 81 0E 4A 0B 06 02 1B 00 9F 00 00 04 57 8F 11 00 00 8F 55 00 00 8F BB 00 00 8F BB 00 00 00 00 00 00 00 00 00 01 00 00 80 0F 00 03 00 9E 00 01 00 01 
Time:	07:20:46,196
Send:	220002
Receive: NO DATA
Time:	07:20:46,485
Send:	220002
Receive: NO DATA
Time:	07:20:46,763
Send:	220002
Receive: NO DATA
Time:	07:20:47,062
Send:	220002
Receive: NO DATA
Time:	07:20:47,352
Send:	220002
Receive: NO DATA
Time:	07:20:47,648
Send:	220002
Receive: NO DATA
Time:	07:20:47,940
Send:	220002
Receive: NO DATA
Time:	07:20:48,218
Send:	220002

Fixed toLineMF: 030 62 00 02 02 8D 00 81 0F 56 09 1D 02 53 00 BF 00 00 04 A6 8F 11 00 00 8F 55 00 00 8F BB 00 00 8F BB 00 00 00 00 00 00 00 00 00 01 00 00 00 0F 00 
Receive: 62 00 02 02 8D 00 81 0F 56 09 1D 02 53 00 BF 00 00 04 A6 8F 11 00 00 8F 55 00 00 8F BB 00 00 8F BB 00 00 00 00 00 00 00 00 00 01 00 00 00 0F 00 

Fixed toLineMF: 030 62 00 02 02 8D 00 81 0F 56 09 1D 02 53 00 BF 00 00 04 A6 8F 11 00 00 8F 55 00 00 8F BB 00 00 8F BB 00 00 00 00 00 00 00 00 00 01 00 00 00 0F 00 
Time:	07:20:48,575
Send:	220002
Receive: 62 00 02 02 8D 00 81 11 6C 09 0B 01 B7 00 D6 00 00 03 AA 8F 11 00 00 8F 55 00 00 8F BB 00 00 8F BB 00 00 00 00 00 00 00 00 00 01 00 00 00 0F 00 03 00 9E 00 01 00 01 
Time:	07:20:48,940
Send:	220002
Receive: 62 00 02 02 8D 00 81 11 24 09 08 01 C2 00 95 00 00 03 C6 8F 11 00 00 8F 55 00 00 8F BB 00 00 8F BB 00 00 00 00 00 00 00 00 00 01 00 00 00 0F 00 03 00 9E 00 01 00 01 
Time:	07:20:49,314
Send:	220002
Receive: 62 00 02 02 8D 00 81 10 1C 09 0D 01 EE 00 A6 00 00 03 D4 8F 11 00 00 8F 55 00 00 8F BB 00 00 8F BB 00 00 00 00 00 00 00 00 00 01 00 00 80 0F 00 03 00 9E 00 01 00 01 
Time:	07:20:49,680
Send:	220002
Receive: 62 00 02 02 8D 00 81 0F 50 08 0A 02 21 00 A9 00 00 04 07 8F 11 00 00 8F 55 00 00 8F BB 00 00 8F BB 00 00 00 00 00 00 00 00 00 01 00 00 80 0F 00 03 00 9E 00 01 00 01 
Time:	07:20:50,055
Send:	220002
Receive: 62 00 02 02 8C 00 81 0E EA 08 09 02 44 00 A9 00 00 04 2D 8F 11 00 00 8F 55 00 00 8F BB 00 00 8F BB 00 00 00 00 00 00 00 00 00 01 00 00 80 0F 00 03 00 9E 00 01 00 01 
Time:	07:20:50,431
Send:	220002
Receive: 62 00 02 02 8D 00 81 0E A0 08 07 03 16 01 75 3C B2 04 F0 8F 11 00 00 8F 55 00 00 8F BB 00 00 8F BB 00 00 00 00 00 00 00 00 00 01 00 00 80 0F 00 03 00 9E 00 01 00 01 
Time:	07:20:50,807
Send:	220002
Receive: 62 00 02 02 8D 00 81 11 72 08 F8 01 C6 00 70 00 00 04 55 8F 11 00 00 8F 55 00 00 8F BB 00 00 8F BB 00 00 00 00 00 00 00 00 00 01 00 00 04 0F 00 03 00 9E 00 01 00 01 
Time:	07:20:51,167
Send:	220002
Receive: 62 00 02 02 8A 00 82 10 62 07 25 03 70 03 F3 8B 0E 06 91 8F 11 00 00 8F 55 00 00 8F BB 00 00 8F BB 00 00 00 00 00 00 00 00 00 01 00 00 04 0F 00 03 00 9E 00 01 00 01 
Time:	07:20:51,532
Send:	220002
Receive: 62 00 02 02 8D 00 82 14 BE 07 F6 01 DF 00 6A 00 00 04 DB 8F 11 00 00 8F 55 00 00 8F BB 00 00 8F BB 00 00 00 00 00 00 00 00 00 01 00 00 04 0F 00 03 00 9E 00 01 00 01 
Time:	07:20:51,897
Send:	220002
Receive: 62 00 02 02 8C 00 82 12 56 07 03 01 87 00 A6 00 00 03 82 8F 11 00 00 8F 55 00 00 8F BB 00 00 8F BB 00 00 00 00 00 00 00 00 00 01 00 00 00 0F 00 03 00 9E 00 01 00 01 
Time:	07:20:52,282
Send:	220002
Receive: 62 00 02 02 8A 00 82 0F EC 07 07 01 E8 00 AB 00 00 03 E1 8F 11 00 00 8F 55 00 00 8F BB 00 00 8F BB 00 00 00 00 00 00 00 00 00 01 00 00 00 0F 00 03 00 9E 00 01 00 01 
Time:	07:20:52,658
Send:	220002
Receive: 62 00 02 02 8C 00 82 0F D6 06 07 03 B7 01 21 12 7F 05 7D 8F 11 00 00 8F 55 00 00 8F BB 00 00 8F BB 00 00 00 00 00 00 00 00 00 01 00 00 80 0F 00 03 00 9E 00 01 00 01 
Time:	07:20:53,042
Send:	220002
Receive: 62 00 02 02 8D 00 82 14 F0 06 0C 02 E4 01 25 16 DC 05 C3 8F 11 00 00 8F 55 00 00 8F BB 00 00 8F BB 00 00 00 00 00 00 00 00 00 01 00 00 80 0F 00 03 00 9E 00 01 00 01 
Time:	07:20:53,418
Send:	220002
Receive: 62 00 02 02 8D 00 82 14 98 07 11 02 6F 01 28 15 9E 05 49 8F 11 00 00 8F 55 00 00 8F BB 00 00 8F BB 00 00 00 00 00 00 00 00 00 01 00 00 80 0F 00 03 00 9E 00 01 00 01 
Time:	07:20:53,791
Send:	220002
Receive: 62 00 02 02 8D 00 82 14 C8 07 0D 02 A7 01 21 15 9E 05 6E 8F 11 00 00 8F 55 00 00 8F BB 00 00 8F BB 00 00 00 00 00 00 00 00 00 01 00 00 80 0F 00 03 00 9E 00 01 00 01 
Time:	07:20:54,152
Send:	220002

Fixed toLineMF: 030 62 00 02 02 8D 00 82 15 16 08 10 02 B4 01 20 15 9E 05 64 8F 11 00 00 8F 55 00 00 8F BB 00 00 8F BB 00 00 01 00 00 80 0F 00 03 00 9E 00 01 00 01 
Receive: 62 00 02 02 8D 00 82 15 16 08 10 02 B4 01 20 15 9E 05 64 8F 11 00 00 8F 55 00 00 8F BB 00 00 8F BB 00 00 01 00 00 80 0F 00 03 00 9E 00 01 00 01 

Fixed toLineMF: 030 62 00 02 02 8D 00 82 15 16 08 10 02 B4 01 20 15 9E 05 64 8F 11 00 00 8F 55 00 00 8F BB 00 00 8F BB 00 00 01 00 00 80 0F 00 03 00 9E 00 01 00 01 
Time:	07:20:54,521
Send:	220002
Receive: 62 00 02 02 8D 00 82 16 4E 08 11 02 AB 01 28 15 9E 05 43 8F 11 00 00 8F 55 00 00 8F BB 00 00 8F BB 00 00 00 00 00 00 00 00 00 01 00 00 80 0F 00 03 00 9E 00 01 00 01 
Time:	07:20:54,887
Send:	220002
Receive: 62 00 02 02 8D 00 82 17 A4 09 15 02 79 01 39 15 9E 05 23 8F 11 00 00 8F 55 00 00 8F BB 00 00 8F BB 00 00 00 00 00 00 00 00 00 01 00 00 80 0F 00 03 00 9E 00 01 00 01 
Time:	07:20:55,247
Send:	220002
Receive: 62 00 02 02 8D 00 82 18 9C 09 0D 02 17 00 9A 00 00 04 AF 8F 11 00 00 8F 55 00 00 8F BB 00 00 8F BB 00 00 00 00 00 00 00 00 00 01 00 00 00 0F 00 03 00 9E 00 01 00 01 
Time:	07:20:55,617
Send:	220002
Receive: 62 00 02 02 8D 00 82 14 BC 09 09 01 4C 00 9F 00 00 02 F6 8F 11 00 00 8F 55 00 00 8F BB 00 00 8F BB 00 00 00 00 00 00 00 00 00 01 00 00 00 0F 00 03 00 9E 00 01 00 01 
Time:	07:20:55,975
Send:	220002

Fixed toLineMF: 030 62 00 02 02 8C 00 82 11 D2 09 11 02 04 00 C7 00 00 03 CA 8F 11 00 00 8F 55 00 00 8F BB 00 00 8F BB 00 00 01 00 00 00 0F 00 03 00 9E 00 01 00 01 
Receive: 62 00 02 02 8C 00 82 11 D2 09 11 02 04 00 C7 00 00 03 CA 8F 11 00 00 8F 55 00 00 8F BB 00 00 8F BB 00 00 01 00 00 00 0F 00 03 00 9E 00 01 00 01 

Fixed toLineMF: 030 62 00 02 02 8C 00 82 11 D2 09 11 02 04 00 C7 00 00 03 CA 8F 11 00 00 8F 55 00 00 8F BB 00 00 8F BB 00 00 01 00 00 00 0F 00 03 00 9E 00 01 00 01 
Time:	07:20:56,341
Send:	220002
Receive: 62 00 02 02 8D 00 82 11 94 08 06 02 1C 00 C4 00 00 03 E8 8F 11 00 00 8F 55 00 00 8F BB 00 00 8F BB 00 00 00 00 00 00 00 00 00 01 00 00 80 0F 00 03 00 9E 00 01 00 01 
Time:	07:20:56,713
Send:	220002
Receive: 62 00 02 02 8D 00 82 10 8E 08 03 02 6C 00 C2 00 00 04 42 8F 11 00 00 8F 55 00 00 8F BB 00 00 8F BB 00 00 00 00 00 00 00 00 00 01 00 00 80 0F 00 03 00 9E 00 01 00 01 
Time:	07:20:57,072
Send:	220002
Receive: 62 00 02 02 8D 00 82 0F DE 08 01 02 60 00 AE 00 00 04 63 8F 11 00 00 8F 55 00 00 8F BB 00 00 8F BB 00 00 00 00 00 00 00 00 00 01 00 00 80 0F 00 03 00 9E 00 01 00 01 
Time:	07:20:57,435
Send:	220002
Receive: 62 00 02 02 8D 00 83 0F EC 08 03 02 03 00 86 00 00 04 2C 8F 11 00 00 8F 55 00 00 8F BB 00 00 8F BB 00 00 00 00 00 00 00 00 00 01 00 00 80 0F 00 03 00 9E 00 01 00 01 
Time:	07:20:57,809
Send:	220002
Receive: 62 00 02 02 8C 00 83 0E EA 07 1B 02 26 00 C9 00 00 04 34 8F 11 00 00 8F 55 00 00 8F BB 00 00 8F BB 00 00 00 00 00 00 00 00 00 01 00 00 80 0F 00 03 00 9E 00 01 00 01 
Time:	07:20:58,171
Send:	220002

Fixed toLineMF: 030 62 00 02 02 8D 00 00 86 00 00 04 0A 8F 11 00 00 8F 55 00 00 8F BB 00 00 8F BB 00 00 00 00 00 00 00 00 00 01 00 00 80 0F 00 03 00 9E 00 01 00 01 
Receive: 62 00 02 02 8D 00 00 86 00 00 04 0A 8F 11 00 00 8F 55 00 00 8F BB 00 00 8F BB 00 00 00 00 00 00 00 00 00 01 00 00 80 0F 00 03 00 9E 00 01 00 01 

Fixed toLineMF: 030 62 00 02 02 8D 00 00 86 00 00 04 0A 8F 11 00 00 8F 55 00 00 8F BB 00 00 8F BB 00 00 00 00 00 00 00 00 00 01 00 00 80 0F 00 03 00 9E 00 01 00 01 
Time:	07:20:58,530
Send:	220002
Receive: 62 00 02 02 8D 00 83 0E 44 07 10 01 DE 00 86 00 00 03 DC 8F 11 00 00 8F 55 00 00 8F BB 00 00 8F BB 00 00 00 00 00 00 00 00 00 01 00 00 80 0F 00 03 00 9E 00 01 00 01 
Time:	07:20:58,899
Send:	220002
Receive: 62 00 02 02 8D 00 83 0E 30 07 0E 02 15 00 9C 00 00 04 15 8F 11 00 00 8F 55 00 00 8F BB 00 00 8F BB 00 00 00 00 00 00 00 00 00 01 00 00 80 0F 00 03 00 9E 00 01 00 01 
Time:	07:20:59,252
Send:	220002
Receive: 62 00 02 02 8D 00 83 0E 1A 06 08 02 19 00 A1 00 00 04 34 8F 11 00 00 8F 55 00 00 8F BB 00 00 8F BB 00 00 00 00 00 00 00 00 00 01 00 00 80 0F 00 03 00 9E 00 01 00 01 
Time:	07:20:59,624
Send:	220002

Fixed toLineMF: 030 62 00 02 02 8D 00 83 0D BE 06 08 02 2D 00 A6 00 00 04 68 8F 8F BB 00 00 8F BB 00 00 00 00 00 00 00 00 00 01 00 00 80 0F 00 03 00 9E 00 01 00 01 
Receive: 62 00 02 02 8D 00 83 0D BE 06 08 02 2D 00 A6 00 00 04 68 8F 8F BB 00 00 8F BB 00 00 00 00 00 00 00 00 00 01 00 00 80 0F 00 03 00 9E 00 01 00 01 

Fixed toLineMF: 030 62 00 02 02 8D 00 83 0D BE 06 08 02 2D 00 A6 00 00 04 68 8F 8F BB 00 00 8F BB 00 00 00 00 00 00 00 00 00 01 00 00 80 0F 00 03 00 9E 00 01 00 01 
Time:	07:21:00,005
Send:	220002
Receive: 62 00 02 02 8D 00 83 0D A8 06 06 02 42 00 A9 00 00 04 9D 8F 11 00 00 8F 55 00 00 8F BB 00 00 8F BB 00 00 00 00 00 00 00 00 00 01 00 00 80 0F 00 03 00 9E 00 01 00 01 
Time:	07:21:00,370
Send:	220002

Fixed toLineMF: 030 62 00 02 02 8D 00 83 0D A8 06 05 02 72 00 BD 00 00 04 C0 8F 11 00 00 8F 55 00 00 8F BB 00 00 8F BB 00 00 00 00 00 00 00 00 00 01 00 00 80 0F 00 
Receive: 62 00 02 02 8D 00 83 0D A8 06 05 02 72 00 BD 00 00 04 C0 8F 11 00 00 8F 55 00 00 8F BB 00 00 8F BB 00 00 00 00 00 00 00 00 00 01 00 00 80 0F 00 

Fixed toLineMF: 030 62 00 02 02 8D 00 83 0D A8 06 05 02 72 00 BD 00 00 04 C0 8F 11 00 00 8F 55 00 00 8F BB 00 00 8F BB 00 00 00 00 00 00 00 00 00 01 00 00 80 0F 00 
Time:	07:21:00,732
Send:	220002
Receive: 62 00 02 02 8D 00 83 0E 0A 05 01 02 92 00 BD 00 00 04 E4 8F 11 00 00 8F 55 00 00 8F BB 00 00 8F BB 00 00 00 00 00 00 00 00 00 01 00 00 80 0F 00 03 00 9E 00 01 00 01 
Time:	07:21:01,110
Send:	220002

Fixed toLineMF: 030 62 00 02 02 8D 00 83 0E 94 05 01 02 51 00 AB 00 00 04 B9 8F 11 00 00 8F 55 00 00 8F BB 00 00 8F BB 00 00 00 00 00 00 00 00 03 00 9E 00 01 00 01 
Receive: 62 00 02 02 8D 00 83 0E 94 05 01 02 51 00 AB 00 00 04 B9 8F 11 00 00 8F 55 00 00 8F BB 00 00 8F BB 00 00 00 00 00 00 00 00 03 00 9E 00 01 00 01 

Fixed toLineMF: 030 62 00 02 02 8D 00 83 0E 94 05 01 02 51 00 AB 00 00 04 B9 8F 11 00 00 8F 55 00 00 8F BB 00 00 8F BB 00 00 00 00 00 00 00 00 03 00 9E 00 01 00 01 
Time:	07:21:01,474
Send:	220002
Receive: 62 00 02 02 8C 00 83 0D FC 05 07 02 34 00 AB 00 00 04 A8 8F 11 00 00 8F 55 00 00 8F BB 00 00 8F BB 00 00 00 00 00 00 00 00 00 01 00 00 80 0F 00 03 00 9E 00 01 00 01 
Time:	07:21:01,851
Send:	220002
Receive: 62 00 02 02 8D 00 83 0D B4 05 06 02 49 00 A9 00 00 04 BE 8F 11 00 00 8F 55 00 00 8F BB 00 00 8F BB 00 00 00 00 00 00 00 00 00 01 00 00 80 0F 00 03 00 9E 00 01 00 01 
Time:	07:21:02,201
Send:	220002
Receive: 62 00 02 02 8D 00 83 0E 1A 04 04 02 57 00 A6 00 00 04 B7 8F 11 00 00 8F 55 00 00 8F BB 00 00 8F BB 00 00 00 00 00 00 00 00 00 01 00 00 80 0F 00 03 00 9E 00 01 00 01 
Time:	07:21:02,571
Send:	220002

Fixed toLineMF: 030 62 00 02 02 8D 00 83 0E 48 04 05 02 52 00 A9 00 00 04 9B 8F 11 00 00 8F 55 00 00 8F BB 00 00 8F BB 00 00 00 00 00 00 00 00 00 01 00 00 80 0F 00 
Receive: 62 00 02 02 8D 00 83 0E 48 04 05 02 52 00 A9 00 00 04 9B 8F 11 00 00 8F 55 00 00 8F BB 00 00 8F BB 00 00 00 00 00 00 00 00 00 01 00 00 80 0F 00 

Fixed toLineMF: 030 62 00 02 02 8D 00 83 0E 48 04 05 02 52 00 A9 00 00 04 9B 8F 11 00 00 8F 55 00 00 8F BB 00 00 8F BB 00 00 00 00 00 00 00 00 00 01 00 00 80 0F 00 
Time:	07:21:02,928
Send:	220002
Receive: 62 00 02 02 8D 00 83 0E 62 04 06 02 33 00 A9 00 00 04 8A 8F 11 00 00 8F 55 00 00 8F BB 00 00 8F BB 00 00 00 00 00 00 00 00 00 01 00 00 80 0F 00 03 00 9E 00 01 00 01 
Time:	07:21:03,305
Send:	220002
Receive: 62 00 02 02 8D 00 83 0D F8 04 06 02 34 00 A9 00 00 04 98 8F 11 00 00 8F 55 00 00 8F BB 00 00 8F BB 00 00 00 00 00 00 00 00 00 01 00 00 80 0F 00 03 00 9E 00 01 00 01 
Time:	07:21:03,678
Send:	220002
Receive: NO DATA
Time:	07:21:03,960
Send:	220002
Receive: NO DATA
Time:	07:21:04,236
Send:	220002
Receive: NO DATA
Time:	07:21:04,525
Send:	220002
Receive: NO DATA
Time:	07:21:04,811
Send:	220002
Receive: NO DATA
Time:	07:21:05,095
Send:	220002
Receive: NO DATA
Time:	07:21:05,387
Send:	220002
Receive: NO DATA
Time:	07:21:05,677
Send:	220002
Receive: 62 00 02 02 8D 00 84 0D D6 01 01 02 80 00 BA 00 00 04 DC 8F 11 00 00 8F 55 00 00 8F BB 00 00 8F BB 00 00 00 00 00 00 00 00 00 01 00 00 80 0F 00 03 00 9E 00 01 00 01 
Time:	07:21:06,049
Send:	220002
Receive: 62 00 02 02 8D 00 84 0E 0A 00 01 02 6D 00 AE 00 00 04 DF 8F 11 00 00 8F 55 00 00 8F BB 00 00 8F BB 00 00 00 00 00 00 00 00 00 01 00 00 80 0F 00 03 00 9E 00 01 00 01 
Time:	07:21:06,408
Send:	220002

Fixed toLineMF: 030 62 00 02 02 8D 00 84 0D A6 00 04 02 48 00 B0 00 00 04 D1 8F 11 00 00 8F 55 00 00 8F BB 00 00 8F BB 00 00 00 00 00 00 00 00 03 00 9E 00 01 00 01 
Receive: 62 00 02 02 8D 00 84 0D A6 00 04 02 48 00 B0 00 00 04 D1 8F 11 00 00 8F 55 00 00 8F BB 00 00 8F BB 00 00 00 00 00 00 00 00 03 00 9E 00 01 00 01 

Fixed toLineMF: 030 62 00 02 02 8D 00 84 0D A6 00 04 02 48 00 B0 00 00 04 D1 8F 11 00 00 8F 55 00 00 8F BB 00 00 8F BB 00 00 00 00 00 00 00 00 03 00 9E 00 01 00 01 
Time:	07:21:06,771
Send:	220002
Receive: 62 00 02 02 8C 00 84 0D 72 00 EA 08 4A 02 9E 26 0A 0B A2 8F 11 00 00 8F 55 00 00 8F BB 00 00 8F BB 00 00 00 00 00 00 00 00 00 00 00 00 04 0F 00 03 00 9E 00 01 00 01 
Time:	07:21:07,152
Send:	220002
Receive: 62 00 02 02 8D 00 84 15 18 00 F6 06 2E 03 7E 29 28 0B FD 8F 11 00 00 8F 55 00 00 8F BB 00 00 8F BB 00 00 00 00 00 00 00 00 00 00 00 00 80 0F 00 03 00 9E 00 01 00 01 
Time:	07:21:07,553
Send:	220002
Receive: 62 00 02 02 8D 00 84 1C B0 01 11 02 E6 02 0D 25 D1 07 0B 8F 11 00 00 8F 55 00 00 8F BB 00 00 8F BB 00 00 00 00 00 00 00 00 00 00 00 00 80 0F 00 03 00 9E 00 01 00 01 
Time:	07:21:07,974
Send:	220002
Receive: 62 00 02 02 8C 00 84 18 CA 02 E5 05 16 02 AA 26 70 09 8E 8F 11 00 00 8F 55 00 00 8F BB 00 00 8F BB 00 00 00 00 00 00 00 00 00 00 00 00 04 0F 00 03 00 9E 00 01 00 01 
Time:	07:21:08,348
Send:	220002
Receive: 62 00 02 02 8C 00 84 16 40 04 F9 05 3D 03 4A 26 A8 0B 00 8F 11 00 00 8F 55 00 00 8F BB 00 00 8F BB 00 00 00 00 00 00 00 00 00 00 00 00 04 0F 00 03 00 9E 00 01 00 01 
Time:	07:21:08,704
Send:	220002
Receive: 62 00 02 02 8D 00 84 19 32 05 00 04 1F 02 35 26 3D 09 19 8F 11 00 00 8F 55 00 00 8F BB 00 00 8F BB 00 00 00 00 00 00 00 00 00 00 00 00 80 0F 00 03 00 9E 00 01 00 01 
Time:	07:21:09,072
Send:	220002
Receive: 62 00 02 02 8D 00 84 18 E4 06 04 03 E7 02 26 26 3D 08 D4 8F 11 00 00 8F 55 00 00 8F BB 00 00 8F BB 00 00 00 00 00 00 00 00 00 00 00 00 80 0F 00 03 00 9E 00 01 00 01 
Time:	07:21:09,441
Send:	220002
Receive: 62 00 02 02 8C 00 84 17 16 08 03 04 EF 02 AD 26 3D 09 DE 8F 11 00 00 8F 55 00 00 8F BB 00 00 8F BB 00 00 00 00 00 00 00 00 00 00 00 00 80 0F 00 03 00 9E 00 01 00 01 
Time:	07:21:09,809
Send:	220002
Receive: 62 00 02 02 8D 00 84 19 BE 09 07 03 5C 01 EF 26 3D 07 E0 8F 11 00 00 8F 55 00 00 8F BB 00 00 8F BB 00 00 00 00 00 00 00 00 00 00 00 00 80 0F 00 03 00 9E 00 01 00 01 
Time:	07:21:10,187
Send:	220002
Receive: 62 00 02 02 8D 00 84 1C 0A 0A 22 02 AF 01 E8 26 3D 06 60 8F 11 00 00 8F 55 00 00 8F BB 00 00 8F BB 00 00 00 00 00 00 00 00 00 00 00 00 80 0F 00 03 00 9E 00 01 00 01 
Time:	07:21:10,561
Send:	220002
Receive: 62 00 02 02 8D 00 84 1E 6A 0B 23 03 40 01 F9 26 3D 06 A9 8F 11 00 00 8F 55 00 00 8F BB 00 00 8F BB 00 00 00 00 00 00 00 00 00 00 00 00 80 0F 00 03 00 9E 00 01 00 01 
Time:	07:21:10,930
Send:	220002
Receive: 62 00 02 02 8D 00 84 21 F4 0D 23 03 64 02 01 26 3D 06 EC 8F 11 00 00 8F 55 00 00 8F BB 00 00 8F BB 00 00 00 00 00 00 00 00 00 00 00 00 80 0F 00 03 00 9E 00 01 00 01 
Time:	07:21:11,299
Send:	220002
Receive: 62 00 02 02 8D 00 84 25 FC 0E 26 02 DB 02 29 26 3D 06 38 8F 11 00 00 8F 55 00 00 8F BB 00 00 8F BB 00 00 00 00 00 00 00 00 00 00 00 00 80 0F 00 03 00 9E 00 01 00 01 
Time:	07:21:11,704
Send:	220002
Receive: 62 00 02 02 8D 00 85 29 4A 0F 27 03 01 02 8A 26 3D 06 16 8F 11 00 00 8F 55 00 00 8F BB 00 00 8F BB 00 00 00 00 00 00 00 00 00 00 00 00 80 0F 00 03 00 9E 00 01 00 01 
Time:	07:21:12,071
Send:	220002
Receive: 62 00 02 02 8D 00 85 2B 44 10 20 02 66 02 1F 00 66 05 21 8F 11 00 00 8F 55 00 00 8F BB 00 00 8F BB 00 00 00 00 00 00 00 00 00 00 00 00 00 0F 00 03 00 9E 00 01 00 01 
Time:	07:21:12,437
Send:	220002
Receive: 62 00 02 02 8D 00 85 25 A0 10 1B 01 27 00 BF 00 00 02 46 8F 11 00 00 8F 55 00 00 8F BB 00 00 8F BB 00 00 00 00 00 00 00 00 00 00 00 00 00 0F 00 03 00 9E 00 01 00 01 
Time:	07:21:12,803
Send:	220002
Receive: 62 00 02 02 8D 00 85 20 14 10 17 01 37 00 9F 00 00 02 41 8F 11 00 00 8F 55 00 00 8F BB 00 00 8F BB 00 00 00 00 00 00 00 00 00 00 00 00 00 0F 00 03 00 9E 00 01 00 01 
Time:	07:21:13,162
Send:	220002
Receive: 62 00 02 02 8D 00 85 1D 30 10 31 01 12 00 A1 10 33 01 EB 8F 11 00 00 8F 55 00 00 8F BB 00 00 8F BB 00 00 00 00 00 00 00 00 00 00 00 00 00 0F 00 03 00 9E 00 01 00 01 
Time:	07:21:13,533
Send:	220002
Receive: 62 00 02 02 8D 00 85 1A 46 10 27 02 FB 01 75 1E 8A 05 35 8F 11 00 00 8F 55 00 00 8F BB 00 00 8F BB 00 00 00 00 00 00 00 00 00 00 00 00 80 0F 00 03 00 9E 00 01 00 01 
Time:	07:21:13,894
Send:	220002
Receive: 62 00 02 02 8D 00 85 18 92 11 23 03 1B 01 64 1F FF 05 F2 8F 11 00 00 8F 55 00 00 8F BB 00 00 8F BB 00 00 00 00 00 00 00 00 00 00 00 00 80 0F 00 03 00 9E 00 01 00 01 
Time:	07:21:14,262
Send:	220002
Receive: 62 00 02 02 8D 00 85 19 04 11 22 03 1B 01 8E 24 28 06 33 8F 11 00 00 8F 55 00 00 8F BB 00 00 8F BB 00 00 00 00 00 00 00 00 00 00 00 00 80 0F 00 03 00 9E 00 01 00 01 
Time:	07:21:14,624
Send:	220002
Receive: 62 00 02 02 8D 00 85 19 A0 12 23 02 FC 01 8C 23 56 06 35 8F 11 00 00 8F 55 00 00 8F BB 00 00 8F BB 00 00 00 00 00 00 00 00 00 00 00 00 80 0F 00 03 00 9E 00 01 00 01 
Time:	07:21:14,994
Send:	220002
Receive: NO DATA
Time:	07:21:15,283
Send:	220002
Receive: NO DATA
Time:	07:21:15,572
Send:	220002
Receive: NO DATA
Time:	07:21:15,870
Send:	220002
Receive: NO DATA
Time:	07:21:16,154
Send:	220002
Receive: NO DATA
Time:	07:21:16,447
Send:	220002
Receive: NO DATA
Time:	07:21:16,733
Send:	220002
Receive: NO DATA
Time:	07:21:17,026
Send:	220002
Receive: 62 00 02 02 8D 00 85 1E 96 15 26 02 D0 01 98 1B D6 05 74 8F 11 00 00 8F 55 00 00 8F BB 00 00 8F BB 00 00 00 00 00 00 00 00 00 00 00 00 80 0F 00 03 00 9E 00 01 00 01 
Time:	07:21:17,390
Send:	220002
Receive: 62 00 02 02 8D 00 85 1F 30 16 27 02 BB 01 93 1B D6 05 76 8F 11 00 00 8F 55 00 00 8F BB 00 00 8F BB 00 00 00 00 00 00 00 00 00 00 00 00 80 0F 00 03 00 9E 00 01 00 01 
Time:	07:21:17,757
Send:	220002
Receive: 62 00 02 02 8D 00 85 1F 56 16 14 02 01 01 2D 00 00 04 99 8F 11 00 00 8F 55 00 00 8F BB 00 00 8F BB 00 00 00 00 00 00 00 00 00 00 00 00 00 0F 00 03 00 9E 00 01 00 01 
Time:	07:21:18,117
Send:	220002
Receive: 62 00 02 02 8D 00 85 1F 0E 16 1E 01 AC 01 16 00 00 03 D5 8F 11 00 00 8F 55 00 00 8F BB 00 00 8F BB 00 00 00 00 00 00 00 00 00 00 00 00 00 0F 00 03 00 9E 00 01 00 01 
Time:	07:21:18,477
Send:	220002
Receive: NO DATA
Time:	07:21:18,770
Send:	220002
Receive: NO DATA
Time:	07:21:19,063
Send:	220002
Receive: NO DATA
Time:	07:21:19,337
Send:	220002
Receive: NO DATA
Time:	07:21:19,618
Send:	220002
Receive: NO DATA
Time:	07:21:19,912
Send:	220002
Receive: NO DATA
Time:	07:21:20,198
Send:	220002
Receive: NO DATA
Time:	07:21:20,488
Send:	220002
Receive: 62 00 02 02 8D 00 86 21 88 17 25 02 E4 01 CD 23 56 06 44 8F 11 00 00 8F 55 00 00 8F BB 00 00 8F BB 00 00 00 01 00 00 00 00 00 00 00 00 80 0F 00 04 00 9E 00 01 00 01 
Time:	07:21:20,858
Send:	220002
Receive: NO DATA
Time:	07:21:21,133
Send:	220002
Receive: NO DATA
Time:	07:21:21,410
Send:	220002
Receive: NO DATA
Time:	07:21:21,701
Send:	220002
Receive: NO DATA
Time:	07:21:21,997
Send:	220002
Receive: NO DATA
Time:	07:21:22,273
Send:	220002
Receive: NO DATA
Time:	07:21:22,554
Send:	220002
Receive: NO DATA
Time:	07:21:22,837
Send:	220002
Receive: NO DATA
Time:	07:21:23,113
Send:	220002
Receive: 62 00 02 02 8D 00 86 27 40 1B 27 03 15 02 33 22 EB 05 DC 8F 11 00 00 8F 55 00 00 8F BB 00 00 8F BB 00 00 00 01 00 00 00 00 00 00 00 00 80 0F 00 04 00 9E 00 01 00 01 
Time:	07:21:23,489
Send:	220002
Receive: 62 00 02 02 8D 00 86 28 6E 1C 29 03 46 02 56 22 EB 05 E5 8F 11 00 00 8F 55 00 00 8F BB 00 00 8F BB 00 00 00 01 00 00 00 00 00 00 00 00 80 0F 00 04 00 9E 00 01 00 01 
Time:	07:21:23,849
Send:	220002
Receive: 62 00 02 02 8D 00 86 29 64 1D 28 03 7A 02 71 22 EB 06 04 8F 11 00 00 8F 55 00 00 8F BB 00 00 8F BB 00 00 00 01 00 00 00 00 00 00 00 00 80 0F 00 04 00 9E 00 01 00 01 
Time:	07:21:24,217
Send:	220002
Receive: 62 00 02 02 8D 00 86 2A BC 1E 28 03 9D 02 80 22 EB 06 09 8F 11 00 00 8F 55 00 00 8F BB 00 00 8F BB 00 00 00 01 00 00 00 00 00 00 00 00 80 0F 00 04 00 9E 00 01 00 01 
Time:	07:21:24,571
Send:	220002
Receive: 62 00 02 02 8D 00 86 2B CC 1E 28 03 9C 02 8C 22 EB 05 FB 8F 11 00 00 8F 55 00 00 8F BB 00 00 8F BB 00 00 00 01 00 00 00 00 00 00 00 00 80 0F 00 04 00 9E 00 01 00 01 
Time:	07:21:24,945
Send:	220002
Receive: 62 00 02 02 8D 00 86 2D 14 1F 28 03 A2 02 94 22 EB 06 16 8F 11 00 00 8F 55 00 00 8F BB 00 00 8F BB 00 00 00 01 00 00 00 00 00 00 00 00 80 0F 00 04 00 9E 00 01 00 01 
Time:	07:21:25,311
Send:	220002
Receive: 62 00 02 02 8D 00 86 2D 5A 20 16 01 4C 00 D6 00 00 02 EC 8F 11 00 00 8F 55 00 00 8F BB 00 00 8F BB 00 00 00 01 00 00 00 00 00 00 00 00 00 0F 00 04 00 9E 00 01 00 01 
Time:	07:21:25,674
Send:	220002
Receive: 62 00 02 02 8D 00 86 2B 02 20 34 01 12 01 0C 00 00 01 BD 8F 11 00 00 8F 55 00 00 8F BB 00 00 8F BB 00 00 00 01 00 00 00 00 00 00 00 00 00 0F 00 04 00 9E 00 01 00 01 
Time:	07:21:26,049
Send:	220002
Receive: 62 00 02 02 8D 00 86 28 56 1F 34 01 4A 00 F6 00 00 01 FE 8F 11 00 00 8F 55 00 00 8F BB 00 00 8F BB 00 00 00 01 00 00 00 00 00 00 00 00 00 0F 00 04 00 9E 00 01 00 01 
Time:	07:21:26,410
Send:	220002
Receive: 62 00 02 02 8D 00 86 21 4E 1F 30 01 EB 01 66 1B 70 02 CC 8F 11 00 00 8F 55 00 00 8F BB 00 00 8F BB 00 00 00 01 00 00 00 00 00 00 00 00 00 0F 00 04 00 9E 00 01 00 01 
Time:	07:21:26,777
Send:	220002
Receive: 62 00 02 02 8D 00 86 1F 60 1F 26 03 B6 01 D4 1E 8A 05 AE 8F 11 00 00 8F 55 00 00 8F BB 00 00 8F BB 00 00 00 01 00 00 00 00 00 00 00 00 00 0F 00 04 00 9E 00 01 00 01 
Time:	07:21:27,137
Send:	220002
Receive: 62 00 02 02 8D 00 87 1D 36 1F 26 03 4D 01 B6 1E C2 05 AA 8F 11 00 00 8F 55 00 00 8F BB 00 00 8F BB 00 00 00 01 00 00 00 00 00 00 00 00 80 0F 00 04 00 9E 00 01 00 01 
Time:	07:21:27,500
Send:	220002
Receive: 62 00 02 02 8D 00 87 1D 44 1F 26 02 FC 01 B6 1F 94 05 87 8F 11 00 00 8F 55 00 00 8F BB 00 00 8F BB 00 00 00 01 00 00 00 00 00 00 00 00 80 0F 00 04 00 9E 00 01 00 01 
Time:	07:21:27,874
Send:	220002
Receive: 62 00 02 02 8D 00 87 1D 54 20 26 02 D4 01 CF 21 42 05 7E 8F 11 00 00 8F 55 00 00 8F BB 00 00 8F BB 00 00 00 01 00 00 00 00 00 00 00 00 80 0F 00 04 00 9E 00 01 00 01 
Time:	07:21:28,231
Send:	220002
Receive: 62 00 02 02 8D 00 87 1D C6 20 23 03 7A 02 1F 27 E6 06 69 8F 11 00 00 8F 55 00 00 8F BB 00 00 8F BB 00 00 00 01 00 00 00 00 00 00 00 00 80 0F 00 04 00 9E 00 01 00 01 
Time:	07:21:28,604
Send:	220002
Receive: 62 00 02 02 8D 00 87 1E 34 21 22 03 BA 02 1A 27 E6 06 C4 8F 11 00 00 8F 55 00 00 8F BB 00 00 8F BB 00 00 00 01 00 00 00 00 00 00 00 00 80 0F 00 04 00 9E 00 01 00 01 
Time:	07:21:28,961
Send:	220002
Receive: 62 00 02 02 8D 00 87 1E A8 21 22 03 8A 02 12 27 7A 06 D0 8F 11 00 00 8F 55 00 00 8F BB 00 00 8F BB 00 00 00 01 00 00 00 00 00 00 00 00 80 0F 00 04 00 9E 00 01 00 01 
Time:	07:21:29,341
Send:	220002
Receive: 62 00 02 02 8D 00 87 1F 30 22 23 03 69 02 08 27 7A 06 CF 8F 11 00 00 8F 55 00 00 8F BB 00 00 8F BB 00 00 00 01 00 00 00 00 00 00 00 00 80 0F 00 04 00 9E 00 01 00 01 
Time:	07:21:29,710
Send:	220002
Receive: 62 00 02 02 8D 00 87 1F A6 22 23 03 60 01 FE 27 7A 06 D4 8F 11 00 00 8F 55 00 00 8F BB 00 00 8F BB 00 00 00 01 00 00 00 00 00 00 00 00 80 0F 00 04 00 9E 00 01 00 01 
Time:	07:21:30,074
Send:	220002
Receive: 62 00 02 02 8D 00 87 1F E8 22 23 03 37 01 F4 27 7A 06 BA 8F 11 00 00 8F 55 00 00 8F BB 00 00 8F BB 00 00 00 01 00 00 00 00 00 00 00 00 80 0F 00 04 00 9E 00 01 00 01 
Time:	07:21:30,433
Send:	220002
Receive: 62 00 02 02 8D 00 87 20 44 23 23 03 13 01 F2 27 7A 06 A3 8F 11 00 00 8F 55 00 00 8F BB 00 00 8F BB 00 00 00 01 00 00 00 00 00 00 00 00 80 0F 00 04 00 9E 00 01 00 01 
Time:	07:21:30,801
Send:	220002

Fixed toLineMF: 029 62 00 02 02 8D 00 01 EA 27 14 06 94 8F 8F BB 00 00 8F BB 00 00 00 01 00 00 00 00 00 00 00 00 80 0F 00 04 00 9E 00 01 00 01 
Receive: 62 00 02 02 8D 00 01 EA 27 14 06 94 8F 8F BB 00 00 8F BB 00 00 00 01 00 00 00 00 00 00 00 00 80 0F 00 04 00 9E 00 01 00 01 

Fixed toLineMF: 029 62 00 02 02 8D 00 01 EA 27 14 06 94 8F 8F BB 00 00 8F BB 00 00 00 01 00 00 00 00 00 00 00 00 80 0F 00 04 00 9E 00 01 00 01 
Time:	07:21:31,158
Send:	220002
Receive: 62 00 02 02 8D 00 87 20 D0 23 23 02 FA 01 E8 27 14 06 8A 8F 11 00 00 8F 55 00 00 8F BB 00 00 8F BB 00 00 00 01 00 00 00 00 00 00 00 00 80 0F 00 04 00 9E 00 01 00 01 
Time:	07:21:31,512
Send:	220002

Fixed toLineMF: 030 62 00 02 02 8D 00 87 21 3C 24 24 02 FD 01 E8 27 B3 06 83 8F 11 00 00 8F 55 00 00 8F BB 00 00 8F BB 00 00 00 01 00 00 00 00 04 00 9E 00 01 00 01 
Receive: 62 00 02 02 8D 00 87 21 3C 24 24 02 FD 01 E8 27 B3 06 83 8F 11 00 00 8F 55 00 00 8F BB 00 00 8F BB 00 00 00 01 00 00 00 00 04 00 9E 00 01 00 01 

Fixed toLineMF: 030 62 00 02 02 8D 00 87 21 3C 24 24 02 FD 01 E8 27 B3 06 83 8F 11 00 00 8F 55 00 00 8F BB 00 00 8F BB 00 00 00 01 00 00 00 00 04 00 9E 00 01 00 01 
Time:	07:21:31,876
Send:	220002
Receive: 62 00 02 02 8D 00 87 21 70 24 24 02 F6 01 ED 27 7A 06 84 8F 11 00 00 8F 55 00 00 8F BB 00 00 8F BB 00 00 00 01 00 00 00 00 00 00 00 00 80 0F 00 04 00 9E 00 01 00 01 
Time:	07:21:32,235
Send:	220002
Receive: 62 00 02 02 8D 00 87 21 C0 24 25 03 16 01 EF 27 7A 06 91 8F 11 00 00 8F 55 00 00 8F BB 00 00 8F BB 00 00 00 01 00 00 00 00 00 00 00 00 80 0F 00 04 00 9E 00 01 00 01 
Time:	07:21:32,603
Send:	220002
Receive: 62 00 02 02 8D 00 87 22 26 25 25 03 06 01 F4 26 3D 06 89 8F 11 00 00 8F 55 00 00 8F BB 00 00 8F BB 00 00 00 01 00 00 00 00 00 00 00 00 80 0F 00 04 00 9E 00 01 00 01 
Time:	07:21:32,977
Send:	220002
Receive: 62 00 02 02 8D 00 87 22 72 25 26 02 F0 01 EA 24 C7 06 72 8F 11 00 00 8F 55 00 00 8F BB 00 00 8F BB 00 00 00 01 00 00 00 00 00 00 00 00 80 0F 00 04 00 9E 00 01 00 01 
Time:	07:21:33,351
Send:	220002
Receive: 62 00 02 02 8D 00 87 22 EE 26 28 02 B7 01 CF 21 42 06 0D 8F 11 00 00 8F 55 00 00 8F BB 00 00 8F BB 00 00 00 01 00 00 00 00 00 00 00 00 80 0F 00 04 00 9E 00 01 00 01 
Time:	07:21:33,713
Send:	220002
Receive: 62 00 02 02 8D 00 88 23 0C 26 27 02 A9 01 D4 21 42 05 E3 8F 11 00 00 8F 55 00 00 8F BB 00 00 8F BB 00 00 00 01 00 00 00 00 00 00 00 00 80 0F 00 04 00 9E 00 01 00 01 
Time:	07:21:34,083
Send:	220002
Receive: 62 00 02 02 8D 00 88 23 62 26 28 02 B8 01 D6 21 42 05 E5 8F 11 00 00 8F 55 00 00 8F BB 00 00 8F BB 00 00 00 01 00 00 00 00 00 00 00 00 80 0F 00 04 00 9E 00 01 00 01 
Time:	07:21:34,448
Send:	220002

Fixed toLineMF: 030 62 00 02 02 8D 00 01 C0 18 51 05 AA 8F 11 00 00 8F 55 00 00 8F BB 00 00 8F BB 00 00 00 01 00 00 00 00 00 00 00 00 80 0F 00 04 00 9E 00 01 00 01 
Receive: 62 00 02 02 8D 00 01 C0 18 51 05 AA 8F 11 00 00 8F 55 00 00 8F BB 00 00 8F BB 00 00 00 01 00 00 00 00 00 00 00 00 80 0F 00 04 00 9E 00 01 00 01 

Fixed toLineMF: 030 62 00 02 02 8D 00 01 C0 18 51 05 AA 8F 11 00 00 8F 55 00 00 8F BB 00 00 8F BB 00 00 00 01 00 00 00 00 00 00 00 00 80 0F 00 04 00 9E 00 01 00 01 
Time:	07:21:34,815
Send:	220002

Fixed toLineMF: 030 62 00 02 02 8D 00 88 23 BE 27 2B 02 15 01 98 1B 05 04 9D 8F 11 00 00 8F 55 00 00 8F BB 00 00 8F BB 00 00 00 01 00 00 00 00 00 00 00 00 80 0F 00 
Receive: 62 00 02 02 8D 00 88 23 BE 27 2B 02 15 01 98 1B 05 04 9D 8F 11 00 00 8F 55 00 00 8F BB 00 00 8F BB 00 00 00 01 00 00 00 00 00 00 00 00 80 0F 00 

Fixed toLineMF: 030 62 00 02 02 8D 00 88 23 BE 27 2B 02 15 01 98 1B 05 04 9D 8F 11 00 00 8F 55 00 00 8F BB 00 00 8F BB 00 00 00 01 00 00 00 00 00 00 00 00 80 0F 00 
Time:	07:21:35,180
Send:	220002
Receive: 62 00 02 02 8D 00 88 23 F6 27 27 02 D9 01 E3 21 42 05 D8 8F 11 00 00 8F 55 00 00 8F BB 00 00 8F BB 00 00 00 01 00 00 00 00 00 00 00 00 80 0F 00 04 00 9E 00 01 00 01 
Time:	07:21:35,554
Send:	220002
Receive: 62 00 02 02 8D 00 88 24 2C 27 27 02 C0 01 E3 21 42 05 F2 8F 11 00 00 8F 55 00 00 8F BB 00 00 8F BB 00 00 00 01 00 00 00 00 00 00 00 00 80 0F 00 04 00 9E 00 01 00 01 
Time:	07:21:35,925
Send:	220002
Receive: 62 00 02 02 8D 00 88 24 76 27 27 02 B8 01 E0 20 6B 05 D7 8F 11 00 00 8F 55 00 00 8F BB 00 00 8F BB 00 00 00 01 00 00 00 00 00 00 00 00 80 0F 00 04 00 9E 00 01 00 01 
Time:	07:21:36,297
Send:	220002
Receive: 62 00 02 02 8D 00 88 24 C0 28 28 02 AE 01 DB 1F 94 05 9F 8F 11 00 00 8F 55 00 00 8F BB 00 00 8F BB 00 00 00 01 00 00 00 00 00 00 00 00 80 0F 00 04 00 9E 00 01 00 01 
Time:	07:21:36,679
Send:	220002
Receive: NO DATA
Time:	07:21:36,984
Send:	220002
Receive: NO DATA
Time:	07:21:37,277
Send:	220002
Receive: NO DATA
Time:	07:21:37,564
Send:	220002
Receive: NO DATA
Time:	07:21:37,859
Send:	220002
Receive: NO DATA
Time:	07:21:38,140
Send:	220002
Receive: NO DATA
Time:	07:21:38,424
Send:	220002
Receive: NO DATA
Time:	07:21:38,715
Send:	220002
Receive: 62 00 02 02 8D 00 88 26 1A 29 1F 01 CE 01 73 00 00 03 F2 8F 11 00 00 8F 55 00 00 8F BB 00 00 8F BB 00 00 00 01 00 00 00 00 00 00 00 00 00 0F 00 04 00 9E 00 01 00 01 
Time:	07:21:39,100
Send:	220002
Receive: 62 00 02 02 8D 00 89 26 08 29 2D 01 BD 01 55 00 00 03 85 8F 11 00 00 8F 55 00 00 8F BB 00 00 8F BB 00 00 00 01 00 00 00 00 00 00 00 00 00 0F 00 04 00 9E 00 01 00 01 
Time:	07:21:39,478
Send:	220002
Receive: 62 00 02 02 8D 00 89 25 E2 29 2E 01 9C 01 2F 00 00 03 15 8F 11 00 00 8F 55 00 00 8F BB 00 00 8F BB 00 00 00 01 00 00 00 00 00 00 00 00 00 0F 00 04 00 9E 00 01 00 01 
Time:	07:21:39,848
Send:	220002
Receive: 62 00 02 02 8D 00 89 25 72 29 1D 01 76 01 0C 00 00 02 E0 8F 11 00 00 8F 55 00 00 8F BB 00 00 8F BB 00 00 00 01 00 00 00 00 00 00 00 00 00 0F 00 04 00 9E 00 01 00 01 
Time:	07:21:40,222
Send:	220002

Fixed toLineMF: 030 62 00 02 02 8D 00 89 25 60 28 32 01 11 00 B5 00 00 02 1E 8F 11 00 00 8F 55 00 00 8F BB 00 00 8F BB 00 00 00 01 00 00 00 00 04 00 9E 00 01 00 01 
Receive: 62 00 02 02 8D 00 89 25 60 28 32 01 11 00 B5 00 00 02 1E 8F 11 00 00 8F 55 00 00 8F BB 00 00 8F BB 00 00 00 01 00 00 00 00 04 00 9E 00 01 00 01 

Fixed toLineMF: 030 62 00 02 02 8D 00 89 25 60 28 32 01 11 00 B5 00 00 02 1E 8F 11 00 00 8F 55 00 00 8F BB 00 00 8F BB 00 00 00 01 00 00 00 00 04 00 9E 00 01 00 01 
Time:	07:21:40,582
Send:	220002
Receive: 62 00 02 02 8D 00 89 24 C4 28 09 01 07 00 B3 00 00 01 E8 8F 11 00 00 8F 55 00 00 8F BB 00 00 8F BB 00 00 00 01 00 00 00 00 00 00 00 00 10 0F 00 04 00 9E 00 01 00 01 
Time:	07:21:40,942
Send:	220002
Receive: 62 00 02 02 8D 00 89 24 44 27 EF 01 2D 00 B3 00 00 01 F8 8F 11 00 00 8F 55 00 00 8F BB 00 00 8F BB 00 00 00 01 00 00 00 00 00 00 00 00 10 0F 00 04 00 9E 00 01 00 01 
Time:	07:21:41,307
Send:	220002
Receive: 62 00 02 02 8D 00 89 23 C0 27 0D 01 4D 00 BA 16 05 02 07 8F 11 00 00 8F 55 00 00 8F BB 00 00 8F BB 00 00 00 01 00 00 00 00 00 00 00 00 10 0F 00 04 00 9E 00 01 00 01 
Time:	07:21:41,683
Send:	220002
Receive: 62 00 02 02 8D 00 89 23 8A 26 10 02 8A 01 9B 16 70 03 E7 8F 11 00 00 8F 55 00 00 8F BB 00 00 8F BB 00 00 00 01 00 00 00 00 00 00 00 00 00 0F 00 04 00 9E 00 01 00 01 
Time:	07:21:42,059
Send:	220002
Receive: 62 00 02 02 8D 00 89 23 5C 26 17 03 20 01 AA 16 70 05 09 8F 11 00 00 8F 55 00 00 8F BB 00 00 8F BB 00 00 00 01 00 00 00 00 00 00 00 00 80 0F 00 04 00 9E 00 01 00 01 
Time:	07:21:42,435
Send:	220002
Receive: 62 00 02 02 8D 00 89 23 76 26 29 02 D5 01 9B 16 05 05 1E 8F 11 00 00 8F 55 00 00 8F BB 00 00 8F BB 00 00 00 01 00 00 00 00 00 00 00 00 80 0F 00 04 00 9E 00 01 00 01 
Time:	07:21:42,810
Send:	220002
Receive: 62 00 02 02 8D 00 89 23 8A 26 2A 02 6A 01 89 16 05 04 C0 8F 11 00 00 8F 55 00 00 8F BB 00 00 8F BB 00 00 00 01 00 00 00 00 00 00 00 00 80 0F 00 04 00 9E 00 01 00 01 
Time:	07:21:43,170
Send:	220002
Receive: 62 00 02 02 8D 00 89 23 9C 26 2B 02 4E 01 84 16 05 04 AE 8F 11 00 00 8F 55 00 00 8F BB 00 00 8F BB 00 00 00 01 00 00 00 00 00 00 00 00 80 0F 00 04 00 9E 00 01 00 01 
Time:	07:21:43,548
Send:	220002
Receive: NO DATA
Time:	07:21:43,826
Send:	220002
Receive: NO DATA
Time:	07:21:44,108
Send:	220002
Receive: NO DATA
Time:	07:21:44,397
Send:	220002
Receive: NO DATA
Time:	07:21:44,685
Send:	220002
Receive: NO DATA
Time:	07:21:44,978
Send:	220002
Receive: NO DATA
Time:	07:21:45,264
Send:	220002
Receive: NO DATA
Time:	07:21:45,550
Send:	220002
Receive: 62 00 02 02 8D 00 8A 23 98 26 2B 02 26 01 7F 15 9E 04 9D 8F 11 00 00 8F 55 00 00 8F BB 00 00 8F BB 00 00 00 00 00 00 00 00 00 00 00 00 80 0F 00 04 00 9E 00 01 00 01 
Time:	07:21:45,952
Send:	220002
Receive: NO DATA
Time:	07:21:46,232
Send:	220002
Receive: NO DATA
Time:	07:21:46,520
Send:	220002
Receive: NO DATA
Time:	07:21:46,799
Send:	220002
Receive: NO DATA
Time:	07:21:47,091
Send:	220002
Receive: NO DATA
Time:	07:21:47,369
Send:	220002
Receive: NO DATA
Time:	07:21:47,657
Send:	220002
Receive: NO DATA
Time:	07:21:47,939
Send:	220002
Receive: NO DATA
Time:	07:21:48,226
Send:	220002
Receive: 62 00 02 02 8D 00 8A 23 C4 27 2B 02 22 01 7F 15 33 04 99 8F 11 00 00 8F 55 00 00 8F BB 00 00 8F BB 00 00 00 00 00 00 00 00 00 00 00 00 80 0F 00 04 00 9E 00 01 00 01 
Time:	07:21:48,583
Send:	220002
Receive: 62 00 02 02 8D 00 8A 23 C2 27 2B 02 12 01 7F 14 C7 04 99 8F 11 00 00 8F 55 00 00 8F BB 00 00 8F BB 00 00 00 00 00 00 00 00 00 00 00 00 80 0F 00 04 00 9E 00 01 00 01 
Time:	07:21:48,953
Send:	220002
Receive: 62 00 02 02 8D 00 8A 23 BA 27 2B 02 1E 01 7D 14 C7 04 94 8F 11 00 00 8F 55 00 00 8F BB 00 00 8F BB 00 00 00 00 00 00 00 00 00 00 00 00 80 0F 00 04 00 9E 00 01 00 01 
Time:	07:21:49,330
Send:	220002
Receive: 62 00 02 02 8D 00 8A 23 BE 27 2B 02 0E 01 7A 13 F0 04 8F 8F 11 00 00 8F 55 00 00 8F BB 00 00 8F BB 00 00 00 00 00 00 00 00 00 00 00 00 80 0F 00 04 00 9E 00 01 00 01 
Time:	07:21:49,694
Send:	220002
Receive: 62 00 02 02 8D 00 8A 23 A8 27 2B 02 18 01 73 12 47 04 7F 8F 11 00 00 8F 55 00 00 8F BB 00 00 8F BB 00 00 00 00 00 00 00 00 00 00 00 00 80 0F 00 04 00 9E 00 01 00 01 
Time:	07:21:50,090
Send:	220002

Fixed toLineMF: 030 62 00 02 02 8D 00 8A 23 AC 26 2B 01 ED 01 69 12 47 04 53 8F 11 00 00 8F 55 00 00 00 00 00 00 00 00 00 00 00 00 00 80 0F 00 04 00 9E 00 01 00 01 
Receive: 62 00 02 02 8D 00 8A 23 AC 26 2B 01 ED 01 69 12 47 04 53 8F 11 00 00 8F 55 00 00 00 00 00 00 00 00 00 00 00 00 00 80 0F 00 04 00 9E 00 01 00 01 

Fixed toLineMF: 030 62 00 02 02 8D 00 8A 23 AC 26 2B 01 ED 01 69 12 47 04 53 8F 11 00 00 8F 55 00 00 00 00 00 00 00 00 00 00 00 00 00 80 0F 00 04 00 9E 00 01 00 01 
Time:	07:21:50,440
Send:	220002

Fixed toLineMF: 030 62 00 02 02 8D 00 8A 23 AA 26 2B 01 FD 01 69 12 47 04 4A 8F 11 00 00 8F 55 00 00 8F BB 00 00 8F BB 00 00 00 00 00 80 0F 00 04 00 9E 00 01 00 01 
Receive: 62 00 02 02 8D 00 8A 23 AA 26 2B 01 FD 01 69 12 47 04 4A 8F 11 00 00 8F 55 00 00 8F BB 00 00 8F BB 00 00 00 00 00 80 0F 00 04 00 9E 00 01 00 01 

Fixed toLineMF: 030 62 00 02 02 8D 00 8A 23 AA 26 2B 01 FD 01 69 12 47 04 4A 8F 11 00 00 8F 55 00 00 8F BB 00 00 8F BB 00 00 00 00 00 80 0F 00 04 00 9E 00 01 00 01 
Time:	07:21:50,811
Send:	220002
Receive: 62 00 02 02 8D 00 8A 23 94 26 2B 01 EF 01 69 12 47 04 54 8F 11 00 00 8F 55 00 00 8F BB 00 00 8F BB 00 00 00 00 00 00 00 00 00 00 00 00 80 0F 00 04 00 9E 00 01 00 01 
Time:	07:21:51,179
Send:	220002

Fixed toLineMF: 030 62 00 02 02 8D 00 8A 23 92 26 2B 01 FF 01 66 12 47 04 4A 8F 11 00 00 8F 55 00 00 8F BB 00 00 8F BB 00 00 00 00 00 00 00 00 00 00 00 00 80 0F 00 
Receive: 62 00 02 02 8D 00 8A 23 92 26 2B 01 FF 01 66 12 47 04 4A 8F 11 00 00 8F 55 00 00 8F BB 00 00 8F BB 00 00 00 00 00 00 00 00 00 00 00 00 80 0F 00 

Fixed toLineMF: 030 62 00 02 02 8D 00 8A 23 92 26 2B 01 FF 01 66 12 47 04 4A 8F 11 00 00 8F 55 00 00 8F BB 00 00 8F BB 00 00 00 00 00 00 00 00 00 00 00 00 80 0F 00 
Time:	07:21:51,542
Send:	220002
Receive: 62 00 02 02 8D 00 8B 23 84 26 2B 01 F1 01 66 12 47 04 4B 8F 11 00 00 8F 55 00 00 8F BB 00 00 8F BB 00 00 00 00 00 00 00 00 00 00 00 00 80 0F 00 04 00 9E 00 01 00 01 
Time:	07:21:51,917
Send:	220002

Fixed toLineMF: 030 62 00 02 02 8D 00 8B 23 8C 26 2B 01 F6 11 00 00 8F 55 00 00 8F BB 00 00 8F BB 00 00 00 00 00 00 00 00 00 00 00 00 80 0F 00 04 00 9E 00 01 00 01 
Receive: 62 00 02 02 8D 00 8B 23 8C 26 2B 01 F6 11 00 00 8F 55 00 00 8F BB 00 00 8F BB 00 00 00 00 00 00 00 00 00 00 00 00 80 0F 00 04 00 9E 00 01 00 01 

Fixed toLineMF: 030 62 00 02 02 8D 00 8B 23 8C 26 2B 01 F6 11 00 00 8F 55 00 00 8F BB 00 00 8F BB 00 00 00 00 00 00 00 00 00 00 00 00 80 0F 00 04 00 9E 00 01 00 01 
Time:	07:21:52,270
Send:	220002
Receive: 62 00 02 02 8D 00 8B 23 7C 26 2B 01 F5 01 66 12 47 04 4E 8F 11 00 00 8F 55 00 00 8F BB 00 00 8F BB 00 00 00 00 00 00 00 00 00 00 00 00 80 0F 00 04 00 9E 00 01 00 01 
Time:	07:21:52,649
Send:	220002
Receive: 62 00 02 02 8D 00 8B 23 82 26 2B 01 F9 01 61 11 DC 04 4E 8F 11 00 00 8F 55 00 00 8F BB 00 00 8F BB 00 00 00 00 00 00 00 00 00 00 00 00 80 0F 00 04 00 9E 00 01 00 01 
Time:	07:21:53,014
Send:	220002
Receive: 62 00 02 02 8D 00 8B 23 68 26 2B 01 ED 01 5C 11 DC 04 46 8F 11 00 00 8F 55 00 00 8F BB 00 00 8F BB 00 00 00 00 00 00 00 00 00 00 00 00 80 0F 00 04 00 9E 00 01 00 01 
Time:	07:21:53,393
Send:	220002
Receive: 62 00 02 02 8D 00 8B 23 5A 26 2B 01 F4 01 5C 11 DC 04 41 8F 11 00 00 8F 55 00 00 8F BB 00 00 8F BB 00 00 00 00 00 00 00 00 00 00 00 00 80 0F 00 04 00 9E 00 01 00 01 
Time:	07:21:53,769
Send:	220002
Receive: 62 00 02 02 8D 00 8B 23 5A 26 2B 01 E8 01 5C 10 33 04 42 8F 11 00 00 8F 55 00 00 8F BB 00 00 8F BB 00 00 00 00 00 00 00 00 00 00 00 00 80 0F 00 04 00 9E 00 01 00 01 
Time:	07:21:54,133
Send:	220002

Fixed toLineMF: 029 62 00 02 02 8D 00 8B 23 4C 26 2C 01 D1 11 00 00 8F 55 00 00 8F BB 00 00 8F BB 00 00 00 00 00 80 0F 00 04 00 9E 00 01 00 01 
Receive: 62 00 02 02 8D 00 8B 23 4C 26 2C 01 D1 11 00 00 8F 55 00 00 8F BB 00 00 8F BB 00 00 00 00 00 80 0F 00 04 00 9E 00 01 00 01 

Fixed toLineMF: 029 62 00 02 02 8D 00 8B 23 4C 26 2C 01 D1 11 00 00 8F 55 00 00 8F BB 00 00 8F BB 00 00 00 00 00 80 0F 00 04 00 9E 00 01 00 01 
Time:	07:21:54,494
Send:	220002

Fixed toLineMF: 030 62 00 02 02 8D 00 8B 23 3A 26 2C 01 CB 01 44 0E 8A 03 EB 8F 11 00 00 8F 55 00 00 00 00 00 00 00 00 00 00 00 00 00 80 0F 00 04 00 9E 00 01 00 01 
Receive: 62 00 02 02 8D 00 8B 23 3A 26 2C 01 CB 01 44 0E 8A 03 EB 8F 11 00 00 8F 55 00 00 00 00 00 00 00 00 00 00 00 00 00 80 0F 00 04 00 9E 00 01 00 01 

Fixed toLineMF: 030 62 00 02 02 8D 00 8B 23 3A 26 2C 01 CB 01 44 0E 8A 03 EB 8F 11 00 00 8F 55 00 00 00 00 00 00 00 00 00 00 00 00 00 80 0F 00 04 00 9E 00 01 00 01 
Time:	07:21:54,848
Send:	220002
Receive: 62 00 02 02 8D 00 8B 23 30 26 2C 01 C8 01 44 0E 8A 03 F4 8F 11 00 00 8F 55 00 00 8F BB 00 00 8F BB 00 00 00 00 00 00 00 00 00 00 00 00 80 0F 00 04 00 9E 00 01 00 01 
Time:	07:21:55,215
Send:	220002

Fixed toLineMF: 030 62 00 02 02 8D 00 8B 23 2A 26 2C 01 D6 01 44 0E 8A 03 F4 8F 11 00 00 8F 55 00 00 8F BB 00 00 8F BB 00 00 00 00 00 00 00 00 04 00 9E 00 01 00 01 
Receive: 62 00 02 02 8D 00 8B 23 2A 26 2C 01 D6 01 44 0E 8A 03 F4 8F 11 00 00 8F 55 00 00 8F BB 00 00 8F BB 00 00 00 00 00 00 00 00 04 00 9E 00 01 00 01 

Fixed toLineMF: 030 62 00 02 02 8D 00 8B 23 2A 26 2C 01 D6 01 44 0E 8A 03 F4 8F 11 00 00 8F 55 00 00 8F BB 00 00 8F BB 00 00 00 00 00 00 00 00 04 00 9E 00 01 00 01 
Time:	07:21:55,571
Send:	220002

Fixed toLineMF: 030 62 00 02 02 8D 00 8B 23 30 26 2C 01 C4 01 41 0E 8A 03 F2 8F 8F BB 00 00 8F BB 00 00 00 00 00 00 00 00 00 00 00 00 80 0F 00 04 00 9E 00 01 00 01 
Receive: 62 00 02 02 8D 00 8B 23 30 26 2C 01 C4 01 41 0E 8A 03 F2 8F 8F BB 00 00 8F BB 00 00 00 00 00 00 00 00 00 00 00 00 80 0F 00 04 00 9E 00 01 00 01 

Fixed toLineMF: 030 62 00 02 02 8D 00 8B 23 30 26 2C 01 C4 01 41 0E 8A 03 F2 8F 8F BB 00 00 8F BB 00 00 00 00 00 00 00 00 00 00 00 00 80 0F 00 04 00 9E 00 01 00 01 
Time:	07:21:55,973
Send:	220002
Receive: 62 00 02 02 8D 00 8B 23 28 26 2C 01 D7 01 3E 0E 8A 03 F8 8F 11 00 00 8F 55 00 00 8F BB 00 00 8F BB 00 00 00 00 00 00 00 00 00 00 00 00 80 0F 00 04 00 9E 00 01 00 01 
Time:	07:21:56,335
Send:	220002

Fixed toLineMF: 030 62 00 02 02 8D 00 01 3E 0E 8A 03 F1 8F 11 00 00 8F 55 00 00 8F BB 00 00 8F BB 00 00 00 00 00 00 00 00 00 00 00 00 80 0F 00 04 00 9E 00 01 00 01 
Receive: 62 00 02 02 8D 00 01 3E 0E 8A 03 F1 8F 11 00 00 8F 55 00 00 8F BB 00 00 8F BB 00 00 00 00 00 00 00 00 00 00 00 00 80 0F 00 04 00 9E 00 01 00 01 

Fixed toLineMF: 030 62 00 02 02 8D 00 01 3E 0E 8A 03 F1 8F 11 00 00 8F 55 00 00 8F BB 00 00 8F BB 00 00 00 00 00 00 00 00 00 00 00 00 80 0F 00 04 00 9E 00 01 00 01 
Time:	07:21:56,712
Send:	220002
Receive: 62 00 02 02 8D 00 8B 23 0C 26 2C 01 D6 01 3E 0E 8A 03 F4 8F 11 00 00 8F 55 00 00 8F BB 00 00 8F BB 00 00 00 00 00 00 00 00 00 00 00 00 80 0F 00 04 00 9E 00 01 00 01 
Time:	07:21:57,093
Send:	220002
Receive: 62 00 02 02 8D 00 8B 23 02 26 2B 01 C6 01 3C 0E 8A 03 EB 8F 11 00 00 8F 55 00 00 8F BB 00 00 8F BB 00 00 00 00 00 00 00 00 00 00 00 00 80 0F 00 04 00 9E 00 01 00 01 
Time:	07:21:57,477
Send:	220002

Fixed toLineMF: 030 62 00 02 02 8D 00 01 3C 0E 8A 03 EB 8F 11 00 00 8F 55 00 00 8F BB 00 00 8F BB 00 00 00 00 00 00 00 00 00 00 00 00 80 0F 00 04 00 9E 00 01 00 01 
Receive: 62 00 02 02 8D 00 01 3C 0E 8A 03 EB 8F 11 00 00 8F 55 00 00 8F BB 00 00 8F BB 00 00 00 00 00 00 00 00 00 00 00 00 80 0F 00 04 00 9E 00 01 00 01 

Fixed toLineMF: 030 62 00 02 02 8D 00 01 3C 0E 8A 03 EB 8F 11 00 00 8F 55 00 00 8F BB 00 00 8F BB 00 00 00 00 00 00 00 00 00 00 00 00 80 0F 00 04 00 9E 00 01 00 01 
Time:	07:21:57,837
Send:	220002
Receive: 62 00 02 02 8D 00 8B 23 0E 26 2C 01 C7 01 3C 0E 8A 03 EB 8F 11 00 00 8F 55 00 00 8F BB 00 00 8F BB 00 00 00 00 00 00 00 00 00 00 00 00 80 0F 00 04 00 9E 00 01 00 01 
Time:	07:21:58,192
Send:	220002
Receive: 62 00 02 02 8D 00 8B 22 F0 26 2B 01 CD 01 3C 0E 1E 03 F2 8F 11 00 00 8F 55 00 00 8F BB 00 00 8F BB 00 00 00 00 00 00 00 00 00 00 00 00 80 0F 00 04 00 9E 00 01 00 01 
Time:	07:21:58,551
Send:	220002

Fixed toLineMF: 030 62 00 02 02 8D 00 8C 22 EC 26 2C 01 C1 11 00 00 8F 55 00 00 8F BB 00 00 8F BB 00 00 00 00 00 00 00 00 00 00 00 00 80 0F 00 04 00 9E 00 01 00 01 
Receive: 62 00 02 02 8D 00 8C 22 EC 26 2C 01 C1 11 00 00 8F 55 00 00 8F BB 00 00 8F BB 00 00 00 00 00 00 00 00 00 00 00 00 80 0F 00 04 00 9E 00 01 00 01 

Fixed toLineMF: 030 62 00 02 02 8D 00 8C 22 EC 26 2C 01 C1 11 00 00 8F 55 00 00 8F BB 00 00 8F BB 00 00 00 00 00 00 00 00 00 00 00 00 80 0F 00 04 00 9E 00 01 00 01 
Time:	07:21:58,911
Send:	220002
Receive: 62 00 02 02 8D 00 8C 22 DA 26 2B 01 DA 01 3C 0E 1E 03 F7 8F 11 00 00 8F 55 00 00 8F BB 00 00 8F BB 00 00 00 00 00 00 00 00 00 00 00 00 80 0F 00 04 00 9E 00 01 00 01 
Time:	07:21:59,293
Send:	220002

Fixed toLineMF: 030 62 00 02 02 8D 00 8C 22 D0 26 2B 01 CA 01 3E 0D B8 03 F9 8F 11 00 00 8F 55 00 00 8F BB 00 00 8F BB 00 00 00 00 00 80 0F 00 04 00 9E 00 01 00 01 
Receive: 62 00 02 02 8D 00 8C 22 D0 26 2B 01 CA 01 3E 0D B8 03 F9 8F 11 00 00 8F 55 00 00 8F BB 00 00 8F BB 00 00 00 00 00 80 0F 00 04 00 9E 00 01 00 01 

Fixed toLineMF: 030 62 00 02 02 8D 00 8C 22 D0 26 2B 01 CA 01 3E 0D B8 03 F9 8F 11 00 00 8F 55 00 00 8F BB 00 00 8F BB 00 00 00 00 00 80 0F 00 04 00 9E 00 01 00 01 
Time:	07:21:59,650
Send:	220002
Receive: 62 00 02 02 8D 00 8C 22 CA 25 2B 01 D5 01 3E 08 85 03 FC 8F 11 00 00 8F 55 00 00 8F BB 00 00 8F BB 00 00 00 00 00 00 00 00 00 00 00 00 80 0F 00 04 00 9E 00 01 00 01 
Time:	07:22:00,039
Send:	220002
Receive: 62 00 02 02 8D 00 8C 22 8E 25 1A 01 A4 01 1E 00 00 03 B8 8F 11 00 00 8F 55 00 00 8F BB 00 00 8F BB 00 00 00 00 00 00 00 00 00 00 00 00 00 0F 00 04 00 9E 00 01 00 01 
Time:	07:22:00,405
Send:	220002

Fixed toLineMF: 030 62 00 02 02 8D 00 8C 22 08 25 1A 01 80 11 00 00 8F 55 00 00 8F BB 00 00 8F BB 00 00 00 00 00 00 00 00 00 00 00 00 00 0F 00 04 00 9E 00 01 00 01 
Receive: 62 00 02 02 8D 00 8C 22 08 25 1A 01 80 11 00 00 8F 55 00 00 8F BB 00 00 8F BB 00 00 00 00 00 00 00 00 00 00 00 00 00 0F 00 04 00 9E 00 01 00 01 

Fixed toLineMF: 030 62 00 02 02 8D 00 8C 22 08 25 1A 01 80 11 00 00 8F 55 00 00 8F BB 00 00 8F BB 00 00 00 00 00 00 00 00 00 00 00 00 00 0F 00 04 00 9E 00 01 00 01 
Time:	07:22:00,765
Send:	220002
Receive: 62 00 02 02 8D 00 8C 22 46 25 2E 01 51 00 D8 00 00 02 D3 8F 11 00 00 8F 55 00 00 8F BB 00 00 8F BB 00 00 00 00 00 00 00 00 00 00 00 00 00 0F 00 04 00 9E 00 01 00 01 
Time:	07:22:01,131
Send:	220002
Receive: 62 00 02 02 8D 00 8C 21 CA 24 17 01 36 00 BD 00 00 02 98 8F 11 00 00 8F 55 00 00 8F BB 00 00 8F BB 00 00 00 00 00 00 00 00 00 00 00 00 00 0F 00 04 00 9E 00 01 00 01 
Time:	07:22:01,506
Send:	220002
Receive: 62 00 02 02 8D 00 8C 21 2C 24 08 01 07 00 95 00 00 02 1D 8F 11 00 00 8F 55 00 00 8F BB 00 00 8F BB 00 00 00 00 00 00 00 00 00 00 00 00 00 0F 00 04 00 9E 00 01 00 01 
Time:	07:22:01,863
Send:	220002
Receive: 62 00 02 02 8D 00 8C 20 CC 23 FD 01 07 00 92 00 00 02 14 8F 11 00 00 8F 55 00 00 8F BB 00 00 8F BB 00 00 00 00 00 00 00 00 00 00 00 00 10 0F 00 04 00 9E 00 01 00 01 
Time:	07:22:02,228
Send:	220002
Receive: 62 00 02 02 8D 00 8C 20 12 23 ED 00 00 00 95 00 00 02 0E 8F 11 00 00 8F 55 00 00 8F BB 00 00 8F BB 00 00 00 00 00 00 00 00 00 00 00 00 10 0F 00 04 00 9E 00 01 00 01 
Time:	07:22:02,596
Send:	220002
Receive: 62 00 02 02 8D 00 8C 1F 6E 22 EE 00 00 00 95 00 00 02 0B 8F 33 00 00 8F 55 00 00 8F BB 00 00 8F BB 00 00 00 00 00 00 00 00 00 00 00 00 10 0F 00 04 00 9E 00 01 00 01 
Time:	07:22:02,973
Send:	220002
Receive: 62 00 02 02 8D 00 8C 1E B2 21 FD 01 46 00 95 0B 6B 01 E5 8F 55 00 00 8F 55 00 00 8F BB 00 00 8F BB 00 00 00 00 00 00 00 00 00 00 00 00 10 0F 00 04 00 9E 00 01 00 01 
Time:	07:22:03,330
Send:	220002
Receive: 62 00 02 02 8D 00 8C 1E 64 21 24 01 70 00 CC 0F C7 02 37 8F 55 00 00 8F 55 00 00 8F BB 00 00 8F BB 00 00 00 00 00 00 00 00 00 00 00 00 00 0F 00 04 00 9E 00 01 00 01 
Time:	07:22:03,704
Send:	220002
Receive: 62 00 02 02 8D 00 8C 1E 52 20 2B 02 3E 01 5C 0F 94 03 AF 8F 55 00 00 8F 55 00 00 8F BB 00 00 8F BB 00 00 00 00 00 00 00 00 00 00 00 00 80 0F 00 04 00 9E 00 01 00 01 
Time:	07:22:04,079
Send:	220002
Receive: 62 00 02 02 8D 00 8C 1E 0A 20 1B 02 57 01 55 00 00 04 45 8F 55 00 00 8F 55 00 00 8F BB 00 00 8F BB 00 00 00 00 00 00 00 00 00 00 00 00 00 0F 00 04 00 9E 00 01 00 01 
Time:	07:22:04,442
Send:	220002
Receive: 62 00 02 02 8D 00 8C 1D A6 20 09 01 FE 01 2F 00 00 03 DC 8F 55 00 00 8F 55 00 00 8F BB 00 00 8F BB 00 00 00 00 00 00 00 00 00 00 00 00 00 0F 00 04 00 9E 00 01 00 01 
Time:	07:22:04,809
Send:	220002
Receive: 62 00 02 02 8D 00 8C 1D CA 20 1A 01 B7 01 16 00 00 03 63 8F 55 00 00 8F 55 00 00 8F BB 00 00 8F BB 00 00 00 00 00 00 00 00 00 00 00 00 00 0F 00 04 00 9E 00 01 00 01 
Time:	07:22:05,173
Send:	220002
Receive: 62 00 02 02 8D 00 8C 1D 8A 20 2D 01 8C 00 F6 00 00 03 06 8F 55 00 00 8F 55 00 00 8F BB 00 00 8F BB 00 00 00 00 00 00 00 00 00 00 00 00 00 0F 00 04 00 9E 00 01 00 01 
Time:	07:22:05,547
Send:	220002
Receive: 62 00 02 02 8D 00 8C 1D 46 20 2E 01 5D 00 D8 00 00 02 91 8F 55 00 00 8F 55 00 00 8F BB 00 00 8F BB 00 00 00 00 00 00 00 00 00 00 00 00 00 0F 00 04 00 9E 00 01 00 01 
Time:	07:22:05,921
Send:	220002
Receive: 62 00 02 02 8D 00 8C 1C BE 1F 30 01 32 00 AE 00 00 02 2D 8F 55 00 00 8F 55 00 00 8F BB 00 00 8F BB 00 00 00 00 00 00 00 00 00 00 00 00 00 0F 00 04 00 9E 00 01 00 01 
Time:	07:22:06,293
Send:	220002
Receive: NO DATA
Time:	07:22:06,602
Send:	220002
Receive: NO DATA
Time:	07:22:06,878
Send:	220002
Receive: NO DATA
Time:	07:22:07,156
Send:	220002
Receive: NO DATA
Time:	07:22:07,434
Send:	220002
Receive: NO DATA
Time:	07:22:07,719
Send:	220002
Receive: NO DATA
Time:	07:22:08,007
Send:	220002
Receive: NO DATA
Time:	07:22:08,283
Send:	220002
Receive: NO DATA
Time:	07:22:08,557
Send:	220002
Receive: 62 00 02 02 85 00 8D 11 98 19 07 02 7B 00 B8 00 00 03 FC 8F BB 00 00 8F 55 00 00 8F BB 00 00 8F BB 00 00 00 00 00 00 00 00 00 00 00 00 00 0F 00 04 00 9E 00 01 00 01 
Time:	07:22:08,923
Send:	220002
Receive: 62 00 02 02 8C 00 8D 11 DA 17 07 02 0B 00 B0 00 00 03 8B 8F BB 00 00 8F 55 00 00 8F BB 00 00 8F BB 00 00 00 00 00 00 00 00 00 00 00 00 00 0F 00 04 00 9E 00 01 00 01 
Time:	07:22:09,296
Send:	220002
Receive: 62 00 02 02 8C 00 8D 11 96 15 09 01 EA 00 AE 00 00 03 68 8F BB 00 00 8F 55 00 00 8F BB 00 00 8F BB 00 00 00 00 00 00 00 00 00 00 00 00 80 0F 00 04 00 9E 00 01 00 01 
Time:	07:22:09,677
Send:	220002
Receive: 62 00 02 02 8C 00 8D 10 A4 14 07 01 DF 00 AB 00 00 03 75 8F BB 00 00 8F 55 00 00 8F BB 00 00 8F BB 00 00 00 00 00 00 00 00 00 00 00 00 80 0F 00 04 00 9E 00 01 00 01 
Time:	07:22:10,045
Send:	220002
Receive: 62 00 02 02 8C 00 8D 0F 42 12 08 02 19 00 A6 00 00 03 C6 8F BB 00 00 8F 55 00 00 8F BB 00 00 8F BB 00 00 00 00 00 00 00 00 00 00 00 00 80 0F 00 04 00 9E 00 01 00 01 
Time:	07:22:10,408
Send:	220002
Receive: 62 00 02 02 8C 00 8D 0E 70 10 07 02 17 00 9A 00 00 04 00 8F BB 00 00 8F 55 00 00 8F BB 00 00 8F BB 00 00 00 00 00 00 00 00 00 00 00 00 80 0F 00 04 00 9E 00 01 00 01 
Time:	07:22:10,778
Send:	220002
Receive: 62 00 02 02 8C 00 8D 0E 7E 0F 05 02 3D 00 A1 00 00 04 54 8F BB 00 00 8F 55 00 00 8F BB 00 00 8F BB 00 00 00 00 00 00 00 00 00 00 00 00 80 0F 00 04 00 9E 00 01 00 01 
Time:	07:22:11,144
Send:	220002
Receive: 62 00 02 02 8C 00 8D 0E B2 0D 05 02 00 00 9F 00 00 04 1C 8F BB 00 00 8F 55 00 00 8F BB 00 00 8F BB 00 00 00 00 00 00 00 00 00 00 00 00 80 0F 00 04 00 9E 00 01 00 01 
Time:	07:22:11,499
Send:	220002
Receive: 62 00 02 02 8C 00 8D 0E 3A 0B 07 01 D5 00 6D 00 00 03 F3 8F BB 00 00 8F 55 00 00 8F BB 00 00 8F BB 00 00 00 00 00 00 00 00 00 00 00 00 80 0F 00 04 00 9E 00 01 00 01 
Time:	07:22:11,863
Send:	220002
Receive: 62 00 02 02 8C 00 8D 0D 96 0A 17 01 B9 00 A4 00 00 03 B4 8F BB 00 00 8F 55 00 00 8F BB 00 00 8F BB 00 00 00 00 00 00 00 00 00 00 00 00 80 0F 00 04 00 9E 00 01 00 01 
Time:	07:22:12,228
Send:	220002
Receive: 62 00 02 02 8C 00 8D 0D EA 09 02 02 78 00 A9 00 00 04 9B 8F BB 00 00 8F 55 00 00 8F BB 00 00 8F BB 00 00 00 00 00 00 00 00 00 00 00 00 80 0F 00 04 00 9E 00 01 00 01 
Time:	07:22:12,597
Send:	220002
Receive: 62 00 02 02 8C 00 8D 0E AE 09 03 02 26 00 A6 00 00 04 4C 8F BB 00 00 8F 55 00 00 8F BB 00 00 8F BB 00 00 00 00 00 00 00 00 00 00 00 00 80 0F 00 04 00 9E 00 01 00 01 
Time:	07:22:12,964
Send:	220002
Receive: 62 00 02 02 8C 00 8D 0E 1C 09 06 02 23 00 A9 00 00 04 5B 8F BB 00 00 8F 55 00 00 8F BB 00 00 8F BB 00 00 00 00 00 00 00 00 00 00 00 00 80 0F 00 04 00 9E 00 01 00 01 
Time:	07:22:13,329
Send:	220002
Receive: NO DATA
Time:	07:22:13,614
Send:	220002
Receive: NO DATA
Time:	07:22:13,893
Send:	220002
Receive: NO DATA
Time:	07:22:14,179
Send:	220002
Receive: NO DATA
Time:	07:22:14,473
Send:	220002
Receive: NO DATA
Time:	07:22:14,764
Send:	220002
Receive: NO DATA
Time:	07:22:15,044
Send:	220002
Receive: NO DATA
Time:	07:22:15,319
Send:	220002
Receive: NO DATA
Time:	07:22:15,598
Send:	220002
Receive: 62 00 02 02 8C 00 8E 0D AA 05 0C 02 1D 00 B0 00 00 04 16 8F BB 00 00 8F 55 00 00 8F BB 00 00 8F BB 00 00 00 00 00 00 00 00 00 00 00 00 80 0F 00 04 00 9E 00 01 00 01 
Time:	07:22:15,970
Send:	220002
Receive: NO DATA
Time:	07:22:16,256
Send:	220002
Receive: NO DATA
Time:	07:22:16,537
Send:	220002
Receive: NO DATA
Time:	07:22:16,824
Send:	220002
Receive: NO DATA
Time:	07:22:17,103
Send:	220002
Receive: NO DATA
Time:	07:22:17,389
Send:	220002
Receive: NO DATA
Time:	07:22:17,668
Send:	220002
Receive: NO DATA
Time:	07:22:17,943
Send:	220002
Receive: NO DATA
Time:	07:22:18,221
Send:	220002
Receive: 62 00 02 02 8D 00 8E 0E 24 04 06 02 26 00 A1 00 00 04 58 8F BB 00 00 8F 55 00 00 8F BB 00 00 8F BB 00 00 00 00 00 00 00 00 00 00 00 00 80 0F 00 04 00 9E 00 01 00 01 
Time:	07:22:18,591
Send:	220002
Receive: 62 00 02 02 8D 00 8E 0E 46 04 07 02 18 00 A1 00 00 04 45 8F BB 00 00 8F 55 00 00 8F BB 00 00 8F BB 00 00 00 00 00 00 00 00 00 00 00 00 80 0F 00 04 00 9E 00 01 00 01 
Time:	07:22:18,969
Send:	220002
Receive: 62 00 02 02 8D 00 8E 0E 18 03 08 02 17 00 A1 00 00 04 4D 8F BB 00 00 8F 55 00 00 8F BB 00 00 8F BB 00 00 00 00 00 00 00 00 00 00 00 00 80 0F 00 04 00 9E 00 01 00 01 
Time:	07:22:19,332
Send:	220002
Receive: 62 00 02 02 8D 00 8E 0E 10 03 09 02 1F 00 A4 00 00 04 50 8F BB 00 00 8F 55 00 00 8F BB 00 00 8F BB 00 00 00 00 00 00 00 00 00 00 00 00 80 0F 00 04 00 9E 00 01 00 01 
Time:	07:22:19,702
Send:	220002
Receive: 62 00 02 02 8D 00 8E 0E 20 03 05 02 10 00 8B 00 00 04 39 8F BB 00 00 8F 55 00 00 8F BB 00 00 8F BB 00 00 00 00 00 00 00 00 00 00 00 00 80 0F 00 04 00 9E 00 01 00 01 
Time:	07:22:20,126
Send:	220002
Receive: 62 00 02 02 8B 00 8E 0D C6 03 08 02 0A 00 9C 00 00 04 2C 8F BB 00 00 8F 55 00 00 8F BB 00 00 8F BB 00 00 00 00 00 00 00 00 00 00 00 00 80 0F 00 04 00 9E 00 01 00 01 
Time:	07:22:20,518
Send:	220002
Receive: 62 00 02 02 8C 00 8E 0D A4 02 0A 02 07 00 9A 00 00 04 34 8F BB 00 00 8F 55 00 00 8F BB 00 00 8F BB 00 00 00 00 00 00 00 00 00 00 00 00 80 0F 00 04 00 9E 00 01 00 01 
Time:	07:22:20,912
Send:	220002
Receive: 62 00 02 02 8C 00 8E 0D A4 01 07 02 35 00 9A 00 00 04 53 8F BB 00 00 8F 55 00 00 8F BB 00 00 8F BB 00 00 00 00 00 00 00 00 00 00 00 00 80 0F 00 04 00 9E 00 01 00 01 
Time:	07:22:21,290
Send:	220002
Receive: 62 00 02 02 8C 00 8E 0D 80 00 0D 01 EA 00 7E 00 00 03 E5 8F BB 00 00 8F 55 00 00 8F BB 00 00 8F BB 00 00 00 00 00 00 00 00 00 00 00 00 80 0F 00 04 00 9E 00 01 00 01 
Time:	07:22:21,675
Send:	220002

Fixed toLineMF: 030 62 00 02 02 8C 00 8E 0D 42 00 0F 01 D5 00 7E 00 00 03 AF 8F BB 00 00 8F 55 00 00 8F BB 00 00 8F BB 00 00 00 00 00 00 00 00 04 00 9E 00 01 00 01 
Receive: 62 00 02 02 8C 00 8E 0D 42 00 0F 01 D5 00 7E 00 00 03 AF 8F BB 00 00 8F 55 00 00 8F BB 00 00 8F BB 00 00 00 00 00 00 00 00 04 00 9E 00 01 00 01 

Fixed toLineMF: 030 62 00 02 02 8C 00 8E 0D 42 00 0F 01 D5 00 7E 00 00 03 AF 8F BB 00 00 8F 55 00 00 8F BB 00 00 8F BB 00 00 00 00 00 00 00 00 04 00 9E 00 01 00 01 
Time:	07:22:22,060
Send:	220002
Receive: 62 00 02 02 8C 00 8E 0C F6 00 17 01 D6 00 81 00 00 03 A2 8F BB 00 00 8F 55 00 00 8F BB 00 00 8F BB 00 00 00 00 00 00 00 00 00 00 00 00 80 0F 00 04 00 9E 00 01 00 01 
Time:	07:22:22,438
Send:	220002
Receive: 62 00 02 02 8C 00 8E 0D 2A 00 0B 01 EA 00 81 00 00 03 AD 8F BB 00 00 8F 55 00 00 8F BB 00 00 8F BB 00 00 00 00 00 00 00 00 00 00 00 00 80 0F 00 04 00 9E 00 01 00 01 
Time:	07:22:22,798
Send:	220002
Receive: 62 00 02 02 8C 00 8E 0D 0C 00 0E 01 EC 00 86 00 00 03 A8 8F BB 00 00 8F 55 00 00 8F BB 00 00 8F BB 00 00 00 00 00 00 00 00 00 00 00 00 80 0F 00 04 00 9E 00 01 00 01 
Time:	07:22:23,184
Send:	220002
Receive: 62 00 02 02 8C 00 8F 0C DA 00 0B 01 F8 00 8B 00 00 03 C6 8F BB 00 00 8F 55 00 00 8F BB 00 00 8F BB 00 00 00 00 00 00 00 00 00 00 00 00 80 0F 00 04 00 9E 00 01 00 01 
Time:	07:22:23,559
Send:	220002

Fixed toLineMF: 030 62 00 02 02 8C 00 00 8B 00 00 03 F0 8F BB 00 00 8F 55 00 00 8F BB 00 00 8F BB 00 00 00 00 00 00 00 00 00 00 00 00 80 0F 00 04 00 9E 00 01 00 01 
Receive: 62 00 02 02 8C 00 00 8B 00 00 03 F0 8F BB 00 00 8F 55 00 00 8F BB 00 00 8F BB 00 00 00 00 00 00 00 00 00 00 00 00 80 0F 00 04 00 9E 00 01 00 01 

Fixed toLineMF: 030 62 00 02 02 8C 00 00 8B 00 00 03 F0 8F BB 00 00 8F 55 00 00 8F BB 00 00 8F BB 00 00 00 00 00 00 00 00 00 00 00 00 80 0F 00 04 00 9E 00 01 00 01 
Time:	07:22:23,921
Send:	220002
Receive: 62 00 02 02 8C 00 8F 0C CA 00 07 02 1B 00 8D 00 00 03 F6 8F BB 00 00 8F 55 00 00 8F BB 00 00 8F BB 00 00 00 00 00 00 00 00 00 00 00 00 80 0F 00 04 00 9E 00 01 00 01 
Time:	07:22:24,301
Send:	220002
Receive: 62 00 02 02 8C 00 8F 0C DA 00 06 02 1C 00 8B 00 00 04 03 8F BB 00 00 8F 55 00 00 8F BB 00 00 8F BB 00 00 00 00 00 00 00 00 00 00 00 00 80 0F 00 04 00 9E 00 01 00 01 
Time:	07:22:24,665
Send:	220002
Receive: 62 00 02 02 8C 00 8F 0C CA 00 04 02 19 00 8D 00 00 04 09 8F BB 00 00 8F 55 00 00 8F BB 00 00 8F BB 00 00 00 00 00 00 00 00 00 00 00 00 80 0F 00 04 00 9E 00 01 00 01 
Time:	07:22:25,020
Send:	220002
Receive: 62 00 02 02 8C 00 8F 0C 80 00 07 02 19 00 90 00 00 04 12 8F BB 00 00 8F 55 00 00 8F BB 00 00 8F BB 00 00 00 00 00 00 00 00 00 00 00 00 80 0F 00 04 00 9E 00 01 00 01 
Time:	07:22:25,393
Send:	220002

Fixed toLineMF: 030 62 00 02 02 8C 00 8F 0C 5C 00 06 02 41 00 90 00 00 04 37 8F BB 00 00 8F 55 00 00 8F BB 00 00 8F BB 00 00 00 00 00 00 00 00 04 00 9E 00 01 00 01 
Receive: 62 00 02 02 8C 00 8F 0C 5C 00 06 02 41 00 90 00 00 04 37 8F BB 00 00 8F 55 00 00 8F BB 00 00 8F BB 00 00 00 00 00 00 00 00 04 00 9E 00 01 00 01 

Fixed toLineMF: 030 62 00 02 02 8C 00 8F 0C 5C 00 06 02 41 00 90 00 00 04 37 8F BB 00 00 8F 55 00 00 8F BB 00 00 8F BB 00 00 00 00 00 00 00 00 04 00 9E 00 01 00 01 
Time:	07:22:25,755
Send:	220002
Receive: 62 00 02 02 8C 00 8F 0C 5A 00 04 02 39 00 90 00 00 04 3A 8F BB 00 00 8F 55 00 00 8F BB 00 00 8F BB 00 00 00 00 00 00 00 00 00 00 00 00 80 0F 00 04 00 9E 00 01 00 01 
Time:	07:22:26,143
Send:	220002
Receive: 62 00 02 02 8C 00 8F 0C 9E 00 01 02 2B 00 90 00 00 04 39 8F BB 00 00 8F 55 00 00 8F BB 00 00 8F BB 00 00 00 00 00 00 00 00 00 00 00 00 80 0F 00 04 00 9E 00 01 00 01 
Time:	07:22:26,501
Send:	220002
Receive: 62 00 02 02 8C 00 8F 0C 9C 00 04 02 20 00 8D 00 00 04 30 8F BB 00 00 8F 55 00 00 8F BB 00 00 8F BB 00 00 00 00 00 00 00 00 00 00 00 00 80 0F 00 04 00 9E 00 01 00 01 
Time:	07:22:26,906
Send:	220002

Fixed toLineMF: 030 62 00 02 02 8C 00 8F 0C 2E 00 08 02 21 00 90 00 00 04 30 8F BB 00 00 8F 55 00 00 8F BB 00 00 8F BB 00 00 00 00 00 80 0F 00 04 00 9E 00 01 00 01 
Receive: 62 00 02 02 8C 00 8F 0C 2E 00 08 02 21 00 90 00 00 04 30 8F BB 00 00 8F 55 00 00 8F BB 00 00 8F BB 00 00 00 00 00 80 0F 00 04 00 9E 00 01 00 01 

Fixed toLineMF: 030 62 00 02 02 8C 00 8F 0C 2E 00 08 02 21 00 90 00 00 04 30 8F BB 00 00 8F 55 00 00 8F BB 00 00 8F BB 00 00 00 00 00 80 0F 00 04 00 9E 00 01 00 01 
Time:	07:22:27,259
Send:	220002
Receive: 62 00 02 02 8C 00 8F 0C 1A 00 06 02 32 00 90 00 00 04 3F 8F BB 00 00 8F 55 00 00 8F BB 00 00 8F BB 00 00 00 00 00 00 00 00 00 00 00 00 80 0F 00 04 00 9E 00 01 00 01 
Time:	07:22:27,626
Send:	220002
Receive: 62 00 02 02 8C 00 8F 0C 8A 00 01 02 4E 00 8D 00 00 04 55 8F BB 00 00 8F 55 00 00 8F BB 00 00 8F BB 00 00 00 00 00 00 00 00 00 00 00 00 80 0F 00 04 00 9E 00 01 00 01 
Time:	07:22:27,995
Send:	220002
Receive: NO DATA
Time:	07:22:28,272
Send:	220002
Receive: NO DATA
Time:	07:22:28,580
Send:	220002
Receive: NO DATA
Time:	07:22:28,858
Send:	220002
Receive: NO DATA
Time:	07:22:29,151
Send:	220002
Receive: NO DATA
Time:	07:22:29,434
Send:	220002
Receive: NO DATA
Time:	07:22:29,711
Send:	220002
Receive: NO DATA
Time:	07:22:30,009
Send:	220002
Receive: 62 00 02 02 8C 00 8F 0C 76 00 09 02 09 00 86 00 00 04 05 8F BB 00 00 8F 55 00 00 8F BB 00 00 8F BB 00 00 00 00 00 00 00 00 00 00 00 00 80 0F 00 04 00 9E 00 01 00 01 
Time:	07:22:30,404
Send:	220002

Fixed toLineMF: 029 62 00 02 02 8B 00 8F 0C 2C 00 0E 02 06 BB 00 00 8F 55 00 00 8F BB 00 00 8F BB 00 00 00 00 00 80 0F 00 04 00 9E 00 01 00 01 
Receive: 62 00 02 02 8B 00 8F 0C 2C 00 0E 02 06 BB 00 00 8F 55 00 00 8F BB 00 00 8F BB 00 00 00 00 00 80 0F 00 04 00 9E 00 01 00 01 

Fixed toLineMF: 029 62 00 02 02 8B 00 8F 0C 2C 00 0E 02 06 BB 00 00 8F 55 00 00 8F BB 00 00 8F BB 00 00 00 00 00 80 0F 00 04 00 9E 00 01 00 01 
Time:	07:22:30,773
Send:	220002
Receive: 62 00 02 02 8C 00 8F 0C 84 00 06 02 31 00 86 00 00 04 27 8F BB 00 00 8F 55 00 00 8F BB 00 00 8F BB 00 00 00 00 00 00 00 00 00 00 00 00 80 0F 00 04 00 9E 00 01 00 01 
Time:	07:22:31,128
Send:	220002
Receive: 62 00 02 02 8C 00 8F 0C 84 00 08 02 22 00 86 00 00 04 08 8F BB 00 00 8F 55 00 00 8F BB 00 00 8F BB 00 00 00 00 00 00 00 00 00 00 00 00 80 0F 00 04 00 9E 00 01 00 01 
Time:	07:22:31,492
Send:	220002
Receive: 62 00 02 02 8C 00 90 0C A4 00 07 02 0C 00 86 00 00 04 02 8F BB 00 00 8F 55 00 00 8F BB 00 00 8F BB 00 00 00 00 00 00 00 00 00 00 00 00 80 0F 00 04 00 9E 00 01 00 01 
Time:	07:22:31,855
Send:	220002
Receive: 62 00 02 02 8C 00 90 0C 8E 00 09 01 FD 00 86 00 00 03 ED 8F BB 00 00 8F 55 00 00 8F BB 00 00 8F BB 00 00 00 00 00 00 00 00 00 00 00 00 80 0F 00 04 00 9E 00 01 00 01 
Time:	07:22:32,226
Send:	220002
Receive: 62 00 02 02 8C 00 90 0C 62 00 09 02 19 00 86 00 00 04 04 8F BB 00 00 8F 55 00 00 8F BB 00 00 8F BB 00 00 00 00 00 00 00 00 00 00 00 00 80 0F 00 04 00 9E 00 01 00 01 
Time:	07:22:32,608
Send:	220002
Receive: 62 00 02 02 8C 00 90 0C 6E 00 0A 02 25 00 86 00 00 04 0E 8F BB 00 00 8F 55 00 00 8F BB 00 00 8F BB 00 00 00 00 00 00 00 00 00 00 00 00 80 0F 00 04 00 9E 00 01 00 01 
Time:	07:22:33,001
Send:	220002

Fixed toLineMF: 030 62 00 02 02 8C 00 90 0C 66 00 09 02 2C 00 83 00 00 04 1A 8F BB 00 00 8F 55 00 00 8F BB 00 00 8F BB 00 00 00 00 00 80 0F 00 04 00 9E 00 01 00 01 
Receive: 62 00 02 02 8C 00 90 0C 66 00 09 02 2C 00 83 00 00 04 1A 8F BB 00 00 8F 55 00 00 8F BB 00 00 8F BB 00 00 00 00 00 80 0F 00 04 00 9E 00 01 00 01 

Fixed toLineMF: 030 62 00 02 02 8C 00 90 0C 66 00 09 02 2C 00 83 00 00 04 1A 8F BB 00 00 8F 55 00 00 8F BB 00 00 8F BB 00 00 00 00 00 80 0F 00 04 00 9E 00 01 00 01 
Time:	07:22:33,389
Send:	220002

Fixed toLineMF: 01B 62 00 02 02 8C 00 90 0C 88 00 09 02 0F 00 86 00 00 04 07 8F 8F BB 00 00 8F BB 00 
Receive: 62 00 02 02 8C 00 90 0C 88 00 09 02 0F 00 86 00 00 04 07 8F 8F BB 00 00 8F BB 00 

Fixed toLineMF: 01B 62 00 02 02 8C 00 90 0C 88 00 09 02 0F 00 86 00 00 04 07 8F 8F BB 00 00 8F BB 00 
Time:	07:22:33,713
Send:	220002
Receive: 62 00 02 02 8C 00 90 0C 9A 00 08 02 09 00 86 00 00 04 05 8F BB 00 00 8F 55 00 00 8F BB 00 00 8F BB 00 00 00 00 00 00 00 00 00 00 00 00 80 0F 00 04 00 9E 00 01 00 01 
Time:	07:22:34,097
Send:	220002
Receive: 62 00 02 02 8C 00 90 0C 78 00 0C 01 FE 00 86 00 00 03 E2 8F BB 00 00 8F 55 00 00 8F BB 00 00 8F BB 00 00 00 00 00 00 00 00 00 00 00 00 80 0F 00 04 00 9E 00 01 00 01 
Time:	07:22:34,473
Send:	220002
Receive: 62 00 02 02 8C 00 90 0C 68 00 0A 02 26 00 83 00 00 04 10 8F BB 00 00 8F 55 00 00 8F BB 00 00 8F BB 00 00 00 00 00 00 00 00 00 00 00 00 80 0F 00 04 00 9E 00 01 00 01 
Time:	07:22:34,842
Send:	220002
Receive: 62 00 02 02 8C 00 90 0C E0 00 04 02 1D 00 83 00 00 04 01 8F BB 00 00 8F 55 00 00 8F BB 00 00 8F BB 00 00 00 00 00 00 00 00 00 00 00 00 80 0F 00 04 00 9E 00 01 00 01 
Time:	07:22:35,222
Send:	220002
Receive: 62 00 02 02 8C 00 90 0C A8 00 09 02 07 00 83 00 00 03 E8 8F BB 00 00 8F 55 00 00 8F BB 00 00 8F BB 00 00 00 00 00 00 00 00 00 00 00 00 80 0F 00 04 00 9E 00 01 00 01 
Time:	07:22:35,598
Send:	220002
Receive: 62 00 02 02 8C 00 90 0C 7E 00 0A 02 07 00 83 00 00 03 F6 8F BB 00 00 8F 55 00 00 8F BB 00 00 8F BB 00 00 00 00 00 00 00 00 00 00 00 00 80 0F 00 04 00 9E 00 01 00 01 
Time:	07:22:35,967
Send:	220002
Receive: 62 00 02 02 8C 00 90 0C 50 00 0A 02 0A 00 83 00 00 03 FC 8F BB 00 00 8F 55 00 00 8F BB 00 00 8F BB 00 00 00 00 00 00 00 00 00 00 00 00 80 0F 00 04 00 9E 00 01 00 01 
Time:	07:22:36,321
Send:	220002
Receive: 62 00 02 02 8D 00 90 0C A2 00 07 02 20 00 81 00 00 04 0E 8F BB 00 00 8F 55 00 00 8F BB 00 00 8F BB 00 00 00 00 00 00 00 00 00 00 00 00 80 0F 00 04 00 9E 00 01 00 01 
Time:	07:22:36,691
Send:	220002
Receive: 62 00 02 02 8D 00 90 0C C2 00 09 02 08 00 81 00 00 03 EF 8F BB 00 00 8F 55 00 00 8F BB 00 00 8F BB 00 00 00 00 00 00 00 00 00 00 00 00 80 0F 00 04 00 9E 00 01 00 01 
Time:	07:22:37,065
Send:	220002
Receive: 62 00 02 02 8D 00 90 0C A0 00 09 02 09 00 81 00 00 03 EC 8F BB 00 00 8F 55 00 00 8F BB 00 00 8F BB 00 00 00 00 00 00 00 00 00 00 00 00 80 0F 00 04 00 9E 00 01 00 01 
Time:	07:22:37,431
Send:	220002

Fixed toLineMF: 030 62 00 02 02 8D 00 90 0C A6 00 08 01 FC BB 00 00 8F 55 00 00 8F BB 00 00 8F BB 00 00 00 00 00 00 00 00 00 00 00 00 80 0F 00 04 00 9E 00 01 00 01 
Receive: 62 00 02 02 8D 00 90 0C A6 00 08 01 FC BB 00 00 8F 55 00 00 8F BB 00 00 8F BB 00 00 00 00 00 00 00 00 00 00 00 00 80 0F 00 04 00 9E 00 01 00 01 

Fixed toLineMF: 030 62 00 02 02 8D 00 90 0C A6 00 08 01 FC BB 00 00 8F 55 00 00 8F BB 00 00 8F BB 00 00 00 00 00 00 00 00 00 00 00 00 80 0F 00 04 00 9E 00 01 00 01 
Time:	07:22:37,791
Send:	220002
Receive: 62 00 02 02 8D 00 90 0C 66 00 0B 02 19 00 83 00 00 03 F5 8F BB 00 00 8F 55 00 00 8F BB 00 00 8F BB 00 00 00 00 00 00 00 00 00 00 00 00 80 0F 00 04 00 9E 00 01 00 01 
Time:	07:22:38,153
Send:	220002
Receive: 62 00 02 02 8D 00 90 0C 80 00 08 02 28 00 81 00 00 04 05 8F BB 00 00 8F 55 00 00 8F BB 00 00 8F BB 00 00 00 00 00 00 00 00 00 00 00 00 80 0F 00 04 00 9E 00 01 00 01 
Time:	07:22:38,522
Send:	220002
Receive: 62 00 02 02 8D 00 90 0C A8 00 09 02 0D 00 83 00 00 03 F2 8F BB 00 00 8F 55 00 00 8F BB 00 00 8F BB 00 00 00 00 00 00 00 00 00 00 00 00 80 0F 00 04 00 9E 00 01 00 01 
Time:	07:22:38,889
Send:	220002
Receive: 62 00 02 02 8D 00 90 0C 9C 00 09 02 0A 00 83 00 00 03 EC 8F BB 00 00 8F 55 00 00 8F BB 00 00 8F BB 00 00 00 00 00 00 00 00 00 00 00 00 80 0F 00 04 00 9E 00 01 00 01 
Time:	07:22:39,250
Send:	220002

Fixed toLineMF: 030 62 00 02 02 8D 00 90 0C A6 00 09 01 FF 00 81 00 00 03 EA 8F BB 00 00 8F 55 00 00 8F BB 00 00 8F BB 00 00 00 00 00 00 00 00 00 00 00 00 80 0F 00 
Receive: 62 00 02 02 8D 00 90 0C A6 00 09 01 FF 00 81 00 00 03 EA 8F BB 00 00 8F 55 00 00 8F BB 00 00 8F BB 00 00 00 00 00 00 00 00 00 00 00 00 80 0F 00 

Fixed toLineMF: 030 62 00 02 02 8D 00 90 0C A6 00 09 01 FF 00 81 00 00 03 EA 8F BB 00 00 8F 55 00 00 8F BB 00 00 8F BB 00 00 00 00 00 00 00 00 00 00 00 00 80 0F 00 
Time:	07:22:39,589
Send:	220002
Receive: 62 00 02 02 8D 00 90 0C 72 00 09 02 0D 00 83 00 00 03 EB 8F BB 00 00 8F 55 00 00 8F BB 00 00 8F BB 00 00 00 00 00 00 00 00 00 00 00 00 80 0F 00 04 00 9E 00 01 00 01 
Time:	07:22:39,941
Send:	220002

Fixed toLineMF: 030 62 00 02 02 8D 00 90 0C 76 00 09 02 1C BB 00 00 8F 55 00 00 8F BB 00 00 8F BB 00 00 00 00 00 00 00 00 00 00 00 00 80 0F 00 04 00 9E 00 01 00 01 
Receive: 62 00 02 02 8D 00 90 0C 76 00 09 02 1C BB 00 00 8F 55 00 00 8F BB 00 00 8F BB 00 00 00 00 00 00 00 00 00 00 00 00 80 0F 00 04 00 9E 00 01 00 01 

Fixed toLineMF: 030 62 00 02 02 8D 00 90 0C 76 00 09 02 1C BB 00 00 8F 55 00 00 8F BB 00 00 8F BB 00 00 00 00 00 00 00 00 00 00 00 00 80 0F 00 04 00 9E 00 01 00 01 
Time:	07:22:40,292
Time:	07:22:40,333
Send:	220002
Receive: 62 00 02 02 8D 00 90 0C AC 00 06 02 19 00 83 00 00 03 EE 8F BB 00 00 8F 55 00 00 8F BB 00 00 8F BB 00 00 00 00 00 00 00 00 00 00 00 00 80 0F 00 04 00 9E 00 01 00 01 
Time:	07:22:40,719
Send:	220002
Receive: 62 00 02 02 8D 00 90 0C 9A 00 09 01 FF 00 81 00 00 03 E2 8F BB 00 00 8F 55 00 00 8F BB 00 00 8F BB 00 00 00 00 00 00 00 00 00 00 00 00 80 0F 00 04 00 9E 00 01 00 01 
Time:	07:22:41,139
Send:	220002
Receive: 62 00 02 02 8D 00 90 0C 50 00 08 02 0E 00 83 00 00 04 02 8F BB 00 00 8F 55 00 00 8F BB 00 00 8F BB 00 00 00 00 00 00 00 00 00 00 00 00 80 0F 00 04 00 9E 00 01 00 01 
Time:	07:22:41,517
Send:	220002
Receive: 62 00 02 02 8C 00 90 0C 66 00 08 02 23 00 83 00 00 04 03 8F BB 00 00 8F 55 00 00 8F BB 00 00 8F BB 00 00 00 00 00 00 00 00 00 00 00 00 80 0F 00 04 00 9E 00 01 00 01 
Time:	07:22:41,902
Send:	220002
Receive: 62 00 02 02 8D 00 90 0C A4 00 06 02 1C 00 83 00 00 03 FF 8F BB 00 00 8F 55 00 00 8F BB 00 00 8F BB 00 00 00 00 00 00 00 00 00 00 00 00 80 0F 00 04 00 9E 00 01 00 01 
Time:	07:22:42,278
Send:	220002
Receive: 62 00 02 02 8D 00 90 0C 82 00 08 02 14 00 83 00 00 03 FA 8F BB 00 00 8F 55 00 00 8F BB 00 00 8F BB 00 00 00 00 00 00 00 00 00 00 00 00 80 0F 00 04 00 9E 00 01 00 01 
Time:	07:22:42,645
Send:	220002
Receive: 62 00 02 02 8D 00 90 0C 68 00 0A 02 0F 00 83 00 00 03 F7 8F BB 00 00 8F 55 00 00 8F BB 00 00 8F BB 00 00 00 00 00 00 00 00 00 00 00 00 80 0F 00 04 00 9E 00 01 00 01 
Time:	07:22:43,009
Send:	220002
Receive: 62 00 02 02 8D 00 90 0C 66 00 09 02 13 00 83 00 00 04 0A 8F BB 00 00 8F 55 00 00 8F BB 00 00 8F BB 00 00 00 00 00 00 00 00 00 00 00 00 80 0F 00 04 00 9E 00 01 00 01 
Time:	07:22:43,361
Send:	220002
Receive: 62 00 02 02 8D 00 90 0C 8E 00 07 02 17 00 83 00 00 04 00 8F BB 00 00 8F 55 00 00 8F BB 00 00 8F BB 00 00 00 00 00 00 00 00 00 00 00 00 80 0F 00 04 00 9E 00 01 00 01 
Time:	07:22:43,725
Send:	220002
Receive: 62 00 02 02 8D 00 91 0C 5E 00 09 02 21 00 83 00 00 03 FC 8F BB 00 00 8F 55 00 00 8F BB 00 00 8F BB 00 00 00 00 00 00 00 00 00 00 00 00 80 0F 00 04 00 9E 00 01 00 01 
Time:	07:22:44,085
Send:	220002
Receive: 62 00 02 02 8D 00 91 0C 80 00 09 02 05 00 83 00 00 03 F4 8F BB 00 00 8F 55 00 00 8F BB 00 00 8F BB 00 00 00 00 00 00 00 00 00 00 00 00 80 0F 00 04 00 9E 00 01 00 01 
Time:	07:22:44,463
Send:	220002
Receive: 62 00 02 02 8D 00 91 0C 64 00 07 02 0D 00 81 00 00 04 02 8F BB 00 00 8F 55 00 00 8F BB 00 00 8F BB 00 00 00 00 00 00 00 00 00 00 00 00 80 0F 00 04 00 9E 00 01 00 01 
Time:	07:22:44,836
Send:	220002
Receive: 62 00 02 02 8D 00 91 0C 8C 00 05 02 15 00 81 00 00 03 FE 8F BB 00 00 8F 55 00 00 8F BB 00 00 8F BB 00 00 00 00 00 00 00 00 00 00 00 00 80 0F 00 04 00 9E 00 01 00 01 
Time:	07:22:45,224
Send:	220002
Receive: 62 00 02 02 8D 00 91 0C 9E 00 09 02 11 00 83 00 00 03 ED 8F BB 00 00 8F 55 00 00 8F BB 00 00 8F BB 00 00 00 00 00 00 00 00 00 00 00 00 80 0F 00 04 00 9E 00 01 00 01 
Time:	07:22:45,598
Send:	220002
Receive: 62 00 02 02 8D 00 91 0C 9C 00 07 02 0E 00 83 00 00 03 F5 8F BB 00 00 8F 55 00 00 8F BB 00 00 8F BB 00 00 00 00 00 00 00 00 00 00 00 00 80 0F 00 04 00 9E 00 01 00 01 
Time:	07:22:45,959
Send:	220002
Receive: 62 00 02 02 8D 00 91 0C 4A 00 0B 01 FC 00 83 00 00 03 E5 8F BB 00 00 8F 55 00 00 8F BB 00 00 8F BB 00 00 00 00 00 00 00 00 00 00 00 00 80 0F 00 04 00 9E 00 01 00 01 
Time:	07:22:46,353
Send:	220002
Receive: 62 00 02 02 8D 00 91 0C 4C 00 08 02 13 00 83 00 00 03 F9 8F BB 00 00 8F 55 00 00 8F BB 00 00 8F BB 00 00 00 00 00 00 00 00 00 00 00 00 80 0F 00 04 00 9E 00 01 00 01 
Time:	07:22:46,712
Send:	220002
Receive: 62 00 02 02 8D 00 91 0C 7E 00 06 02 22 00 81 00 00 04 0A 8F BB 00 00 8F 55 00 00 8F BB 00 00 8F BB 00 00 00 00 00 00 00 00 00 00 00 00 80 0F 00 04 00 9E 00 01 00 01 
Time:	07:22:47,086
Send:	220002
Receive: 62 00 02 02 8D 00 91 0C 76 00 09 02 02 00 83 00 00 03 E3 8F BB 00 00 8F 55 00 00 8F BB 00 00 8F BB 00 00 00 00 00 00 00 00 00 00 00 00 80 0F 00 04 00 9E 00 01 00 01 
Time:	07:22:47,449
Send:	220002
Receive: 62 00 02 02 8D 00 91 0C 66 00 09 02 17 00 81 00 00 03 FF 8F BB 00 00 8F 55 00 00 8F BB 00 00 8F BB 00 00 00 00 00 00 00 00 00 00 00 00 80 0F 00 04 00 9E 00 01 00 01 
Time:	07:22:47,808
Send:	220002
Receive: 62 00 02 02 8D 00 91 0C 8E 00 08 01 FD 00 83 00 00 03 F0 8F BB 00 00 8F 55 00 00 8F BB 00 00 8F BB 00 00 00 00 00 00 00 00 00 00 00 00 80 0F 00 04 00 9E 00 01 00 01 
Time:	07:22:48,196
Send:	220002
Receive: 62 00 02 02 8C 00 91 0C 6E 00 09 02 14 00 81 00 00 03 ED 8F BB 00 00 8F 55 00 00 8F BB 00 00 8F BB 00 00 00 00 00 00 00 00 00 00 00 00 80 0F 00 04 00 9E 00 01 00 01 
Time:	07:22:48,556
Send:	220002
Receive: 62 00 02 02 8D 00 91 0C 94 00 08 02 16 00 81 00 00 03 F4 8F BB 00 00 8F 55 00 00 8F BB 00 00 8F BB 00 00 00 00 00 00 00 00 00 00 00 00 80 0F 00 04 00 9E 00 01 00 01 
Time:	07:22:48,917
Send:	220002
Receive: 62 00 02 02 8D 00 91 0C BC 00 07 02 0B 00 83 00 00 03 E7 8F BB 00 00 8F 55 00 00 8F BB 00 00 8F BB 00 00 00 00 00 00 00 00 00 00 00 00 80 0F 00 04 00 9E 00 01 00 01 
Time:	07:22:49,274
Send:	220002
Receive: 62 00 02 02 8C 00 91 0C 76 00 08 01 FB 00 83 00 00 03 D8 8F BB 00 00 8F 55 00 00 8F BB 00 00 8F BB 00 00 00 00 00 00 00 00 00 00 00 00 80 0F 00 04 00 9E 00 01 00 01 
Time:	07:22:49,641
Send:	220002
Receive: 62 00 02 02 8D 00 91 0C 54 00 0B 02 02 00 81 00 00 03 EB 8F BB 00 00 8F 55 00 00 8F BB 00 00 8F BB 00 00 00 00 00 00 00 00 00 00 00 00 80 0F 00 04 00 9E 00 01 00 01 
Time:	07:22:50,002
Send:	220002
Receive: 62 00 02 02 8D 00 91 0C 82 00 08 02 11 00 81 00 00 03 F2 8F BB 00 00 8F 55 00 00 8F BB 00 00 8F BB 00 00 00 00 00 00 00 00 00 00 00 00 80 0F 00 04 00 9E 00 01 00 01 
Time:	07:22:50,364
Send:	220002
Receive: 62 00 02 02 8D 00 91 0C 82 00 08 02 13 00 81 00 00 03 EB 8F BB 00 00 8F 55 00 00 8F BB 00 00 8F BB 00 00 00 00 00 00 00 00 00 00 00 00 80 0F 00 04 00 9E 00 01 00 01 
Time:	07:22:50,722
Send:	220002
Receive: 62 00 02 02 8D 00 91 0C 5E 00 08 02 0A 00 81 00 00 03 F0 8F BB 00 00 8F 55 00 00 8F BB 00 00 8F BB 00 00 00 00 00 00 00 00 00 00 00 00 80 0F 00 04 00 9E 00 01 00 01 
Time:	07:22:51,094
Send:	220002
Receive: 62 00 02 02 8D 00 91 0C 68 00 08 02 02 00 81 00 00 03 F3 8F BB 00 00 8F 55 00 00 8F BB 00 00 8F BB 00 00 00 00 00 00 00 00 00 00 00 00 80 0F 00 04 00 9E 00 01 00 01 
Time:	07:22:51,454
Send:	220002
Receive: 62 00 02 02 8D 00 91 0C 68 00 08 02 1A 00 81 00 00 03 F7 8F BB 00 00 8F 55 00 00 8F BB 00 00 8F BB 00 00 00 00 00 00 00 00 00 00 00 00 80 0F 00 04 00 9E 00 01 00 01 
Time:	07:22:51,824
Send:	220002
Receive: 62 00 02 02 8D 00 91 0C 80 00 08 02 0F 00 81 00 00 03 E7 8F BB 00 00 8F 55 00 00 8F BB 00 00 8F BB 00 00 00 00 00 00 00 00 00 00 00 00 80 0F 00 04 00 9E 00 01 00 01 
Time:	07:22:52,189
Send:	220002
Receive: 62 00 02 02 8D 00 91 0C 9A 00 08 01 FF 00 81 00 00 03 E1 8F BB 00 00 8F 55 00 00 8F BB 00 00 8F BB 00 00 00 00 00 00 00 00 00 00 00 00 80 0F 00 04 00 9E 00 01 00 01 
Time:	07:22:52,541
Send:	220002
Receive: SWITCH
Time:	07:22:52,906
Send:	220090
Receive: 62 00 90 58 54 41 47 46 4C 53 33 30 4C 59 33 38 30 35 36 30 
Time:	07:22:53,247
Send:	220091
Receive: 62 00 91 38 34 35 30 30 33 32 36 31 35 00 00 00 00 00 00 AA 
Time:	07:22:53,560
Send:	220092
Receive: 62 00 92 4D 38 36 20 76 33 2E 31 30 00 
Time:	07:22:53,859
Send:	220094
Receive: 62 00 94 74 37 32 34 5F 36 33 00 00 00 
Time:	07:22:54,164
Send:	220097
Receive: 62 00 97 32 31 31 37 39 53 20 31 2C 38 4C 20 56 56 54 AA AA 
Time:	07:22:54,470
Send:	220098
Receive: 62 00 98 FF FF FF FF FF FF FF AA AA AA 
Time:	07:22:54,763
Send:	220099
Receive: 62 00 99 32 38 2D 30 39 2D 32 30 31 38 
Time:	07:22:55,067
Send:	22009A
Receive: SWITCH
Time:	07:22:55,375
Send:	220002
Receive: 62 00 02 02 8D 00 91 0C 5C 00 08 02 10 00 81 00 00 03 E0 8F BB 00 00 8F 55 00 00 8F BB 00 00 8F BB 00 00 00 00 00 00 00 00 00 00 00 00 80 0F 00 04 00 9E 00 01 00 01 
Time:	07:22:55,748
Send:	220002
Receive: 62 00 02 02 8D 00 91 0C 8A 00 07 02 16 00 81 00 00 03 F3 8F BB 00 00 8F 55 00 00 8F BB 00 00 8F BB 00 00 00 00 00 00 00 00 00 00 00 00 80 0F 00 04 00 9E 00 01 00 01 
Time:	07:22:56,115
Send:	220002
Receive: 62 00 02 02 8D 00 92 0C 6C 00 08 02 06 00 81 00 00 03 E6 8F BB 00 00 8F 55 00 00 8F BB 00 00 8F BB 00 00 00 00 00 00 00 00 00 00 00 00 80 0F 00 04 00 9E 00 01 00 01 
Time:	07:22:56,486
Send:	220002
Receive: 62 00 02 02 8C 00 92 0C 42 00 09 02 06 00 81 00 00 03 E5 8F BB 00 00 8F 55 00 00 8F BB 00 00 8F BB 00 00 00 00 00 00 00 00 00 00 00 00 80 0F 00 04 00 9E 00 01 00 01 
Time:	07:22:56,861
Send:	220002
Receive: 62 00 02 02 8D 00 92 0C 60 00 09 02 0E 00 81 00 00 03 F0 8F BB 00 00 8F 55 00 00 8F BB 00 00 8F BB 00 00 00 00 00 00 00 00 00 00 00 00 80 0F 00 04 00 9E 00 01 00 01 
Time:	07:22:57,222
Send:	220002
Receive: 62 00 02 02 8D 00 92 0C AA 00 07 02 13 00 81 00 00 03 EE 8F BB 00 00 8F 55 00 00 8F BB 00 00 8F BB 00 00 00 00 00 00 00 00 00 00 00 00 80 0F 00 04 00 9E 00 01 00 01 
Time:	07:22:57,585
Send:	220002
Receive: 62 00 02 02 8D 00 92 0C B2 00 07 02 05 00 83 00 00 03 DF 8F BB 00 00 8F 55 00 00 8F BB 00 00 8F BB 00 00 00 00 00 00 00 00 00 00 00 00 80 0F 00 04 00 9E 00 01 00 01 
Time:	07:22:57,979
Send:	220002
Receive: 62 00 02 02 8C 00 92 0C 5A 00 0C 01 FB 00 83 00 00 03 D8 8F BB 00 00 8F 55 00 00 8F BB 00 00 8F BB 00 00 00 00 00 00 00 00 00 00 00 00 80 0F 00 04 00 9E 00 01 00 01 
Time:	07:22:58,340
Send:	220001
Receive: 62 00 01 02 8C 00 92 0C 56 00 08 01 FE 00 81 00 00 03 E3 00 85 80 33 58 2B 7B 7D 41 F2 00 83 20 00 E6 01 E6 54 35 93 1F C0 00 50 0A DB 00 30 FF 84 00 00 4A 05 03 01 7D C0 78 D2 0C 3A 9B 00 08 D9 1E 3A AA AA 
Time:	07:22:58,725
Send:	220001
Receive: 62 00 01 02 8D 00 92 0C 3C 00 09 02 1A 00 81 00 00 03 F4 00 87 80 2A 58 28 7D 7D 41 F2 00 82 BC 00 E6 01 E6 54 35 93 1F C0 00 50 0A DB 00 30 FF 9C 00 00 4A 05 03 01 7D C0 78 D2 0C 3A 9B 00 09 0E 1E 8D AA AA 
Time:	07:22:59,107
Send:	220001
Receive: 62 00 01 02 8D 00 92 0C A2 00 05 02 17 00 81 00 00 03 F1 00 8D 80 2F 58 2D 7F 9D 41 F2 00 82 CC 00 E6 02 05 54 35 93 1F C0 00 50 0A DC 00 30 FF 8C 00 00 4A 05 03 01 7D C0 78 D2 0C 3A 9B 00 08 FC 1D EF AA AA 
Time:	07:22:59,517
Send:	220001
Receive: 62 00 01 02 8D 00 92 0C 96 00 06 02 00 00 81 00 00 03 DC 00 87 80 AC 58 AA 7B DD 41 F2 00 83 4A 00 E6 02 05 54 35 93 1F C0 00 50 0A DC 00 30 FF 84 00 00 4A 05 03 01 7D C0 78 D2 0C 3A 9B 00 08 D4 1D F2 AA AA 
Time:	07:22:59,907
Send:	220001
Receive: 62 00 01 02 8D 00 92 0C 86 00 08 02 0A 00 81 00 00 03 EB 00 8A 80 AD 58 9F 79 DD 41 F2 00 82 F2 00 E6 01 E6 54 35 93 1F C0 00 50 0A DC 00 30 FF 84 00 00 4A 05 03 01 7D C0 78 D2 0C 3A 9B 00 08 F6 1E 0E AA AA 
Time:	07:23:00,298
Send:	220001
Receive: 62 00 01 02 8C 00 92 0C 3E 00 10 01 ED 00 81 00 00 03 D0 00 7E 80 A1 58 41 77 FD 41 F2 00 83 92 00 E6 01 E6 54 34 AD 1F C0 00 50 0A DD 00 30 FF 91 00 3D 4A 05 03 01 7D C0 78 D2 0C 3A 9B 00 08 B6 1E 57 AA AA 
Time:	07:23:00,727
Send:	220001
Receive: 62 00 01 02 8D 00 92 0C 78 00 09 02 24 00 83 00 00 04 09 00 91 80 29 58 27 7C 7D 41 F2 00 82 47 00 E6 01 E6 54 36 74 1F C0 00 50 0A DD 00 30 FF 99 00 00 4A 05 03 01 7D C0 78 D2 0C 3A 9B 00 09 21 1E 2C AA AA 
Time:	07:23:01,147
Send:	220001
Receive: 62 00 01 02 8D 00 92 0C 90 00 07 02 19 00 81 00 00 03 F0 00 8C 80 37 58 3A 7E 7D 41 F2 00 82 D5 00 E6 02 22 54 35 93 1F C0 00 50 0A DD 00 30 FF 91 00 00 4A 05 03 01 7D C0 78 D2 0C 3A 9B 00 08 E8 1E 0A AA AA 
Time:	07:23:01,547
Send:	220001
Receive: 62 00 01 02 8D 00 92 0C 7A 00 09 01 FE 00 83 00 00 03 E0 00 87 80 A4 58 9F 7A 1D 41 F2 00 83 35 00 E6 02 22 54 35 93 1F C0 00 50 0A DD 00 30 FF 8E 00 00 4A 05 03 01 7D C0 78 D2 0C 3A 9B 00 09 11 1E 28 AA AA 
Time:	07:23:01,928
Send:	220001
Receive: 62 00 01 02 8D 00 92 0C 62 00 09 02 05 00 83 00 00 03 EC 00 88 80 7F 58 38 78 1D 41 F2 00 82 EA 00 E6 01 D9 54 35 93 1F C0 00 50 0A DD 00 30 FF 96 00 00 4A 05 03 01 7D C0 78 D2 0C 3A 9B 00 09 0E 1E 4D AA AA 
Time:	07:23:02,334
Send:	220001
Receive: 62 00 01 02 8D 00 92 0C 66 00 09 02 1F 00 83 00 00 03 FD 00 8C 80 2B 58 27 7C FD 41 F2 00 82 8A 00 E6 01 D9 54 35 93 1F C0 00 50 0A DD 00 30 FF 9C 00 00 4A 05 03 01 7D C0 78 D2 0C 3A 9B 00 09 14 1E 53 AA AA 
Time:	07:23:02,755
Send:	220001
Receive: 62 00 01 02 8D 00 92 0C 7C 00 09 02 13 00 83 00 00 03 EA 00 87 80 36 58 4D 7F 1D 41 F2 00 82 FA 00 E6 01 D9 54 35 93 1F C0 00 50 0A DD 00 30 FF 96 00 00 4A 05 03 01 7D C0 78 D2 0C 3A 9B 00 09 03 1E 53 AA AA 
Time:	07:23:03,164
Send:	220001
Receive: 62 00 01 02 8D 00 92 0C 52 00 09 02 21 00 81 00 00 04 00 00 89 80 A8 58 A4 7B 3D 41 F2 00 82 75 00 E6 02 11 54 35 93 1F C0 00 50 0A DD 00 30 FF A6 00 00 4A 05 03 01 7D C0 78 D2 0C 3A 9B 00 09 09 1E 8F AA AA 
Time:	07:23:03,588
Send:	220001
Receive: 62 00 01 02 8D 00 92 0C 6E 00 07 02 0F 00 83 00 00 03 FE 00 8A 80 4B 58 31 78 FD 41 F2 00 82 81 00 E6 02 11 54 35 93 1F C0 00 50 0A DD 00 30 FF B1 00 00 4A 05 03 01 7D C0 78 D2 0C 3A 9B 00 09 09 1E 65 AA AA 
Time:	07:23:03,992
Send:	220001
Receive: 62 00 01 02 8D 00 92 0C 68 00 09 02 23 00 83 00 00 04 03 00 8F 80 30 58 2F 7E 3D 41 F2 00 82 68 00 E6 01 D9 54 37 55 1F C0 00 5A 0A DE 00 30 FF BE 00 00 4A 05 03 05 7D C0 78 D2 0C 3A 9B 00 09 35 1E 64 AA AA 
Time:	07:23:04,444
Send:	220001
Receive: 62 00 01 02 8D 00 92 0D 8A 00 FD 02 67 00 8B 00 00 04 78 00 B0 80 98 58 9A 7C FD 41 F2 00 82 F2 00 E6 01 D9 54 3B C4 1F C0 00 5A 0A DE 00 30 FF 67 00 00 4A 05 03 05 7D C2 78 D2 0C 3A 9B 00 0A 2E 1F 79 AA AA 
Time:	07:23:04,836
Send:	220001
Receive: 62 00 01 02 8D 00 92 0D DC 00 02 02 33 00 90 00 00 04 39 00 A4 80 BD 58 B8 7A 9D 41 F2 00 82 3B 00 E6 02 84 54 3A E3 1F C0 00 5A 0A DE 00 30 FF 61 00 00 4A 05 03 05 7D C0 78 D2 0C 3A 9B 00 09 9E 1E 2A AA AA 
Time:	07:23:05,235
Send:	220001
Receive: 62 00 01 02 8D 00 92 0D EE 00 05 02 0F 00 92 09 57 04 0D 00 9C 80 C3 58 B9 78 3D 41 F2 00 82 2E 00 E6 02 84 54 3B C4 1F C0 00 64 0A DE 00 30 FF 5F 00 00 4A 05 03 05 7C C0 78 D2 0C 3A 9B 00 0A 42 1F D2 AA AA 
Time:	07:23:05,633
Send:	220001
Receive: 62 00 01 02 8D 00 92 0F 68 00 F9 05 7E 02 3F 1E 56 09 07 01 BB 80 BD 58 AE 75 3D 41 F2 00 88 3D 00 E6 02 84 54 B4 FA 1F C0 00 8C 0A DE 00 30 FF 5F 02 C7 4A 05 03 05 7C CA 78 D2 0C 3A 9B 00 14 D9 36 11 AA AA 
Time:	07:23:06,036
Send:	220001
Receive: 62 00 01 02 8D 00 92 18 18 00 FF 03 DC 01 FC 1E 56 08 67 02 6C 80 BC 58 AE 70 7D 41 F2 00 8F 00 00 E6 08 88 54 FA 00 1F C0 00 96 0A D7 00 30 FF 5F FF 35 4A 05 03 05 7C C2 78 D2 0C 3A 9B 00 13 34 30 0C AA AA 
Time:	07:23:06,437
Send:	220001
Receive: 62 00 01 02 8D 00 92 17 F2 01 05 03 B7 01 DE 1D 19 07 C4 02 00 80 37 58 2B 73 1D 41 F2 00 8D 6B 00 E6 08 88 54 C2 42 1F C0 00 96 0A DE 00 30 FF 5F 00 00 4A 05 03 05 7C C2 78 D2 0C 3A 9B 00 11 B1 2D 0B AA AA 
Time:	07:23:06,824
Send:	220001
Receive: 62 00 01 02 8D 00 92 17 3E 03 06 03 D3 01 DE 1D 19 07 BF 01 F5 80 29 58 25 77 BD 41 F2 00 8C F6 00 E6 07 0A 54 C4 E5 1F C0 00 96 0A DD 00 30 FF 5F 00 00 4A 05 03 05 7C C2 78 D2 0C 3A 9B 00 11 B1 2D 0B AA AA 
Time:	07:23:07,228
Send:	220001
Receive: 62 00 01 02 8D 00 92 18 10 04 07 03 C4 01 CF 1D 19 07 87 02 05 80 2D 58 2A 7C 7D 41 F2 00 8C FB 00 E6 07 0A 54 BF 9A 1F C0 00 96 0A DD 00 30 FF 5F FF C3 4A 05 03 05 7C C2 78 D2 0C 3A 9B 00 11 40 2B FA AA AA 
Time:	07:23:07,627
Send:	220001
Receive: 62 00 01 02 8D 00 92 19 2E 06 09 03 5C 01 AA 1D 19 06 E5 01 F1 80 AA 58 A9 7A BD 41 F2 00 8B C7 00 E6 07 0A 54 AB 40 1F C0 00 96 0A D5 00 30 FF 5F FF 35 4A 05 03 05 7C C2 78 D2 0C 3A 9B 00 0F C2 28 CF AA AA 
Time:	07:23:08,017
Send:	220001
Receive: 62 00 01 02 8D 00 92 17 6E 07 0A 03 9D 01 D4 1C 42 07 55 01 D4 80 A8 58 81 76 1D 41 F2 00 8B 9C 00 E6 07 1C 54 B0 90 1F C0 00 96 0A DB 00 30 FF 5F 00 00 4A 05 03 05 7C C2 78 D2 0C 3A 9B 00 10 D5 2B 33 AA AA 
Time:	07:23:08,409
Send:	220001
Receive: 62 00 01 02 8D 00 92 17 50 09 05 03 BE 01 BB 1B D6 07 85 02 00 80 8F 58 80 79 3D 41 F2 00 8C DE 00 E6 07 1C 54 BE B4 1F C0 00 96 0A DA 00 30 FF 5F 00 00 4A 05 03 05 7C C2 78 D2 0C 3A 9B 00 11 2E 2B CE AA AA 
Time:	07:23:08,787
Send:	220001
Receive: 62 00 01 02 8D 00 92 19 B8 0A 0C 02 C7 01 7F 1B D6 06 21 01 CD 80 43 58 2E 7B 3D 41 F2 00 8C BC 00 E6 06 C1 53 A0 A0 1F C0 00 96 0A C6 00 30 FF 60 FE EC 4A 05 03 05 7C C2 78 D2 0C 3A 9B 00 0D FE 26 88 AA AA 
Time:	07:23:09,177
Send:	220001
Receive: 62 00 01 02 8D 00 92 1B 3C 0A 19 02 A8 01 8E 1B D6 05 7C 01 AE 80 26 58 21 7E 9D 41 F2 00 8D 92 00 E6 06 C1 53 96 05 1F C0 00 96 0A AD 00 30 FF 61 FE 96 4A 05 03 05 7C C2 78 D2 0C 3A 9B 00 0C 1A 20 FA AA AA 
Time:	07:23:09,579
Send:	220001
Receive: 62 00 01 02 8D 00 92 1E B8 0B 27 02 D8 01 93 1B D6 05 48 01 D2 80 30 58 4E 84 7D 41 F2 00 90 42 00 E6 06 C1 53 96 05 1F C0 00 96 0A 70 00 30 FF 65 FD 8B 4A 05 03 01 7C C2 78 D2 0C 3A 9B 00 0C 15 1E A9 AA AA 
Time:	07:23:09,977
Send:	220001
Receive: 62 00 01 02 8D 00 92 21 66 0C 28 02 D2 01 98 1B D6 05 69 02 04 80 C4 58 BD 7D BD 41 F2 00 92 46 00 E6 07 4F 53 9F BF 1F C0 00 96 0A 48 00 30 FF 67 FC DD 4A 05 03 01 7C C2 78 D2 0C 3A 9B 00 0C 5D 1E 61 AA AA 
Time:	07:23:10,380
Send:	220001
Receive: 62 00 01 02 8D 00 92 23 C0 0D 2A 02 59 01 7F 17 E6 04 E3 01 F0 80 C6 58 BD 78 1D 41 F2 00 93 F2 00 E6 07 4F 53 9D F8 1F C0 00 96 0A 24 00 30 FF 69 FC E8 4A 05 03 01 7C C0 78 D2 0C 3A 9B 00 0B 2E 1B D7 AA AA 
Time:	07:23:10,767
Send:	220001
Receive: 62 00 01 02 8D 00 92 25 3E 0E 2B 01 E2 01 7A 15 33 04 2F 01 B9 80 C0 58 AF 74 1D 41 F2 00 94 42 00 E6 07 4F 53 98 A8 1F C0 00 96 0A 0D 00 30 FF 6B FC EF 4A 05 03 01 7C C0 78 D2 0C 3A 9B 00 09 59 18 C1 AA AA 
Time:	07:23:11,159
Send:	220001
Receive: 62 00 01 02 8D 00 92 26 92 0E 2C 01 F7 01 A5 15 9E 04 0A 01 B9 80 27 58 21 78 7D 41 F2 00 94 52 00 E6 05 DD 53 9D F8 1F C0 00 96 09 FA 00 30 FF 6C FC F4 4A 05 03 01 7C C0 78 D2 0C 3A 9B 00 09 75 19 B1 AA AA 
Time:	07:23:11,567
Send:	220001
Receive: 62 00 01 02 8D 00 92 27 9A 0F 2D 02 06 01 AC 0C AE 04 03 01 C2 80 26 58 20 7D BD 41 F2 00 94 82 00 E6 05 DD 53 95 1F 1F C0 00 96 09 EC 00 30 FF 6D FC F9 4A 05 03 01 7C C0 78 D2 0C 3A 9B 00 08 A9 18 7B AA AA 
Time:	07:23:11,958
Send:	220001
Receive: 62 00 01 02 8D 00 92 28 5E 0F 2F 01 B8 01 7D 00 00 03 43 01 74 80 25 58 20 82 7D 41 F2 00 93 CC 00 E6 05 D1 53 84 4E 1F C0 00 6E 09 E0 00 30 FF 6D FA AD 4A 05 03 01 7D C8 78 D2 0C 3A 9B 00 07 43 15 CB AA AA 
Time:	07:23:12,346
Send:	220001
Receive: 62 00 01 02 8D 00 92 28 D6 0F 30 01 A1 01 5A 00 00 02 DC 01 4A 80 26 58 21 87 3D 41 F2 00 94 22 00 E6 05 D1 53 77 0B 1F C0 00 5A 09 DB 00 30 FF 6E FA 6F 4A 05 03 01 7D C8 78 D2 0C 3A 9B 00 06 6A 13 F3 AA AA 
Time:	07:23:12,747
Send:	220001
Receive: 62 00 01 02 8D 00 93 29 0A 0F 32 01 80 01 32 02 E6 02 78 01 1E 80 29 58 24 8B 9D 41 F2 00 94 4D 00 E6 05 D1 53 6A A9 1F C0 00 5A 09 D7 00 30 FF 6E FA 6D 4A 05 03 01 7D C8 78 D2 0C 3A 9B 00 05 8B 11 A6 AA AA 
Time:	07:23:13,127
Send:	220001
Receive: 62 00 01 02 8D 00 93 28 B0 0F 32 01 88 01 64 09 F5 02 72 01 18 80 90 58 96 8C 1D 41 F2 00 94 1C 00 E6 04 A6 53 74 63 1F C0 00 5A 09 DD 00 30 FF 6E FC FD 4A 05 03 01 7C C8 78 D2 0C 3A 9B 00 05 D7 12 88 AA AA 
Time:	07:23:13,505
Send:	220001
Receive: 62 00 01 02 8D 00 93 28 E0 0F 30 01 E3 01 82 09 F5 03 08 01 5E 80 2B 58 28 90 3D 41 F2 00 94 32 00 E6 04 A6 53 83 6D 1F C0 00 5A 09 DA 00 30 FF 6E FC FE 4A 05 03 01 7C C0 78 D2 0C 3A 9B 00 06 F3 15 16 AA AA 
Time:	07:23:13,888
Send:	220001
Receive: 62 00 01 02 8D 00 93 29 62 10 30 01 CE 01 66 00 00 02 E2 01 52 80 95 58 9B 90 FD 41 F2 00 94 9D 00 E6 06 66 53 7B 75 1F C0 00 5A 09 D2 00 30 FF 6E FA 6A 4A 05 03 01 7D C8 78 D2 0C 3A 9B 00 06 7C 14 1A AA AA 
Time:	07:23:14,293
Send:	220001
Receive: 62 00 01 02 8D 00 93 29 AC 10 32 01 8E 01 3E 00 00 02 71 01 1C 80 3E 58 2A 91 7D 41 F2 00 94 E4 00 E6 06 66 53 6E 32 1F C0 00 5A 09 CF 00 30 FF 6E FA 6A 4A 05 03 01 7D C8 78 D2 0C 3A 9B 00 05 7D 11 CD AA AA 
Time:	07:23:14,689
Send:	220001
Receive: 62 00 01 02 8D 00 93 29 62 10 33 01 67 01 19 00 00 02 27 00 FB 80 A0 58 A5 91 3D 41 F2 00 94 9D 00 E6 06 66 53 60 EA 1F C0 00 5A 09 D3 00 30 FF 6E FA 6C 4A 05 03 01 7D C8 78 D2 0C 3A 9B 00 04 F2 10 58 AA AA 
Time:	07:23:15,088
Send:	220001
Receive: 62 00 01 02 8D 00 93 28 68 0F 34 01 35 00 D8 00 00 01 DC 00 D2 80 BD 58 B2 8D 5D 41 F2 00 93 82 00 E6 04 11 53 50 FF 1F C0 00 5A 09 E4 00 30 FF 6D FA 6F 4A 05 03 01 7D C8 78 D2 0C 3A 9B 00 04 3E 0E 0E AA AA 
Time:	07:23:15,484
Send:	220001
Receive: 62 00 01 02 8D 00 93 27 B8 0F 24 01 23 00 D8 00 00 01 C6 00 C4 80 C7 58 BC 89 BD 41 F2 00 93 1D 00 E6 04 11 53 50 1E 1F C0 00 5A 09 EC 00 30 FF 6D FA 71 4A 05 03 01 7D C8 78 D2 0C 3A 9B 00 04 11 0D 7C AA AA 
Time:	07:23:15,876
Send:	220001

Fixed toLineMF: 037 62 00 01 02 8D 00 00 D1 00 00 02 11 00 D7 80 C7 58 B7 87 1D 41 F2 00 91 0F 00 E6 03 33 53 4B AF 1F C0 00 5A 0A 16 00 30 FF 6A FA 7C 4A 05 03 01 00 04 B1 0E 09 AA AA 
Receive: 62 00 01 02 8D 00 00 D1 00 00 02 11 00 D7 80 C7 58 B7 87 1D 41 F2 00 91 0F 00 E6 03 33 53 4B AF 1F C0 00 5A 0A 16 00 30 FF 6A FA 7C 4A 05 03 01 00 04 B1 0E 09 AA AA 

Fixed toLineMF: 037 62 00 01 02 8D 00 00 D1 00 00 02 11 00 D7 80 C7 58 B7 87 1D 41 F2 00 91 0F 00 E6 03 33 53 4B AF 1F C0 00 5A 0A 16 00 30 FF 6A FA 7C 4A 05 03 01 00 04 B1 0E 09 AA AA 
Time:	07:23:16,272
Send:	220001
Receive: 62 00 01 02 8D 00 93 22 AA 0D FB 01 6D 00 BF 00 00 02 52 00 DD 80 CB 58 BF 83 DD 41 F2 00 8F 5F 00 E6 03 33 53 46 5F 1F C0 00 5A 0A 42 00 30 FF 68 FA 88 4A 05 03 01 7D C8 78 D2 0C 3A 9B 00 05 5C 0E EA AA AA 
Time:	07:23:16,657
Send:	220001
Receive: 62 00 01 02 8D 00 93 20 0E 0C F4 01 4F 00 9F 00 00 02 40 00 C8 80 CC 58 B1 80 9D 41 F2 00 8E 7A 00 E6 03 33 53 41 F5 1F C0 00 5A 0A 6A 00 30 FF 65 FA C9 4A 05 03 01 7D C8 78 D2 0C 3A 9B 00 04 E2 0E 43 AA AA 
Time:	07:23:17,044
Send:	220001
Receive: 62 00 01 02 8D 00 93 1D 7C 0B F0 00 00 00 97 00 00 01 C2 00 8E 80 C6 58 8E 7F FD 41 F2 00 8E DD 00 E6 02 8F 54 00 00 1F C0 00 5A 0A 95 00 30 FF 63 FB 51 4A 05 03 01 29 C9 78 D2 0C 3A 9B 00 03 D4 0E 2A AA AA 
Time:	07:23:17,427
Send:	220001
Receive: 62 00 01 02 8D 00 93 1A C2 0A F0 01 54 00 9A 07 E1 01 E0 00 88 80 20 58 1A 7F FD 41 F2 00 8E A1 00 E6 02 8F 54 17 07 1F C0 00 5A 0A C5 00 30 FF 60 FC B7 4A 05 03 01 2C C8 78 D2 0C 3A 9B 00 04 88 0F D9 AA AA 
Time:	07:23:17,819
Send:	220001
Receive: 62 00 01 02 8D 00 93 18 1C 09 00 01 6D 00 9A 14 C7 02 3D 00 92 78 20 58 1B 80 7D 41 F2 00 8D 22 00 E6 02 B0 54 17 07 1F C0 00 5A 0A DB 00 30 FF 5F FC B0 4A 45 03 01 3C C8 78 D2 0C 3A 9B 00 05 37 11 23 AA AA 
Time:	07:23:18,218
Send:	220001
Receive: 62 00 01 02 8D 00 93 16 D0 08 2C 01 BA 00 D1 1D EB 02 D0 00 B5 78 A9 58 B2 7E DD 41 F2 00 8A 36 00 E6 02 B0 54 18 60 1F C0 00 5A 0A DD 00 30 FF 5F FC FF 4A 45 03 01 7C C8 78 D2 0C 3A 9B 00 06 6A 13 D0 AA AA 
Time:	07:23:18,614
Send:	220001
Receive: 62 00 01 02 8D 00 93 16 8E 08 0D 02 C1 01 50 1F FF 04 6E 01 0C 77 C6 58 BC 7C 1D 41 F2 00 88 78 00 E6 02 B0 54 19 41 1F C0 00 5A 0A DD 00 30 FF 5F FD 29 4A 45 03 01 7C C0 78 D2 0C 3A 9B 00 0A 57 1C 99 AA AA 
Time:	07:23:18,996
Send:	220001
Receive: 62 00 01 02 8D 00 93 18 44 09 0F 03 9C 01 B6 1F FF 05 DF 01 93 79 C8 58 BB 78 5D 41 F2 00 8B 09 00 E6 05 70 54 1B 08 1F C0 00 5A 0A DE 00 30 FF 5F FC AF 4A 45 03 01 7C C2 78 D2 0C 3A 9B 00 0D 81 23 F5 AA AA 
Time:	07:23:19,406
Send:	220001
Receive: 62 00 01 02 8D 00 93 1A 4A 0A 09 02 AE 01 61 11 3D 05 4A 01 8C 7C C8 58 B9 73 DD 41 F2 00 8C 9F 00 E6 05 70 55 1C CA 1F C0 00 5A 0A C3 00 30 FF 60 FC B7 4A 45 03 01 7C C2 78 D2 0C 3A 9B 00 0C 14 21 22 AA AA 
Time:	07:23:19,797
Send:	220001
Receive: 62 00 01 02 8D 00 93 1A 9A 0A 12 01 E0 01 14 00 00 03 F7 01 2A 80 29 58 22 74 DD 41 F2 00 8C BC 00 E6 04 23 55 1D B0 1F C0 00 5A 0A C3 00 30 FF 60 FB DF 4A 45 03 01 7D C8 78 D2 0C 3A 9B 00 08 D7 19 AE AA AA 
Time:	07:23:20,197
Send:	220001
Receive: 62 00 01 02 8D 00 93 1A DC 0A 17 01 DE 01 1C 09 C2 03 97 01 07 7F 26 58 21 78 3D 41 F2 00 8C 31 00 E6 04 23 54 1F 72 1F C0 00 5A 0A C5 00 30 FF 60 FC B7 4A 45 03 01 7C C8 78 D2 0C 3A 9B 00 08 62 18 5B AA AA 
Time:	07:23:20,607
Send:	220001
Receive: 62 00 01 02 8D 00 93 1A C2 0A 0D 02 1E 01 52 13 51 03 F0 01 2F 80 2E 58 2C 7B 7D 41 F2 00 8D 36 00 E6 04 23 54 20 58 1F C0 00 5A 0A B9 00 30 FF 61 FC BA 4A 45 03 01 7C C0 78 D2 0C 3A 9B 00 09 1F 1A 84 AA AA 
Time:	07:23:20,999
Send:	220001
Receive: 62 00 01 02 8D 00 93 1A 7A 0A 0C 02 9B 01 39 10 9E 04 97 01 4E 80 2A 58 28 7F 7D 41 F2 00 8C 19 00 E6 05 32 54 22 1A 1F C0 00 5A 0A CD 00 30 FF 60 FC B4 4A 45 03 01 7C C0 78 D2 0C 3A 9B 00 0A 6A 1C EF AA AA 
Time:	07:23:21,398
Send:	220001
Receive: 62 00 01 02 8D 00 93 1D 00 0A 18 01 EA 01 3C 00 00 03 B6 01 29 80 AC 58 9D 7A 7D 41 F2 00 8E 12 00 E6 05 32 54 23 E1 1F C0 00 5A 0A 9B 00 30 FF 62 FB 53 4A 45 03 01 7D C8 78 D2 0C 3A 9B 00 08 4C 18 9A AA AA 
Time:	07:23:21,799
Send:	220001
Receive: 62 00 01 02 8D 00 93 1B 8E 0A 0A 01 D3 01 19 00 00 03 77 01 12 80 2B 58 27 7D 9D 41 F2 00 8D C3 00 E6 04 23 54 25 A3 1F C0 00 5A 0A AC 00 30 FF 61 FB 9A 4A 45 03 01 7D C8 78 D2 0C 3A 9B 00 07 F3 17 69 AA AA 
Time:	07:23:22,202
Send:	220001
Receive: 62 00 01 02 8D 00 93 1C 0E 0A 1B 01 D3 01 19 00 00 03 4C 00 FA 80 2E 58 30 80 FD 41 F2 00 8C 9A 00 E6 04 23 54 28 4B 1F C0 00 5A 0A AD 00 30 FF 61 FB A4 4A 45 03 01 7D C8 78 D2 0C 3A 9B 00 07 B5 16 F5 AA AA 
Time:	07:23:22,599
Send:	220001
Receive: 62 00 01 02 8D 00 93 1B E2 0A 2D 01 82 00 DD 00 00 02 D0 00 E2 80 AB 58 AD 7F FD 41 F2 00 8B A1 00 E6 04 23 54 2A F3 1F C0 00 5A 0A A3 00 30 FF 62 FB 77 4A 45 03 01 7D C8 78 D2 0C 3A 9B 00 06 57 13 96 AA AA 
Time:	07:23:22,998
Send:	220001
Receive: 62 00 01 02 89 00 93 19 24 0A 0B 01 72 00 92 00 00 02 7F 00 A6 80 29 58 23 81 BD 41 F2 00 8B B9 00 E6 03 33 54 2E 7C 1F C0 00 5A 0A DD 00 30 FF 5F FC 7A 4A 45 03 07 7D E8 78 D2 0C 3A 9B 00 05 AB 12 29 AA AA 
Time:	07:23:23,407
Send:	220001
Receive: 62 00 01 02 84 00 93 14 C6 09 20 00 00 00 83 00 00 02 55 00 88 80 2B 58 8D 7F FD 41 F2 00 8A 60 00 E6 03 33 54 00 00 1F C0 00 5A 0A DC 00 30 FF 5F FE 08 4A 45 03 07 29 E9 78 D2 0C 3A 9B 00 05 79 13 3D AA AA 
Time:	07:23:23,797
Send:	220001
Receive: 62 00 01 02 83 00 93 11 04 07 0E 02 61 00 C7 00 00 03 9A 00 A6 78 24 58 1F 7F FD 41 F2 00 85 0A 00 E6 03 33 54 17 07 1F C0 00 5A 0A DD 00 30 00 27 FF 8E 4A 45 03 07 2D E8 78 D2 0C 3A 9B 00 08 72 1B 47 AA AA 
Time:	07:23:24,197
Send:	220001
Receive: 62 00 01 02 87 00 93 10 A4 06 05 02 5E 00 C2 00 00 04 03 00 B9 79 BA 58 B8 7E 7D 41 F2 00 82 F6 00 E6 03 33 54 17 34 1F C0 00 5A 0A DD 00 30 00 4A 00 CC 4A 45 03 03 3D E8 78 D2 0C 3A 9B 00 09 40 1C F6 AA AA 
Time:	07:23:24,640
Send:	220001

Fixed toLineMF: 03E 62 00 01 02 8C 00 00 AB 00 00 04 19 00 B7 76 C5 58 BB 7B DD 41 F2 00 82 1A 00 E6 03 33 54 17 70 1F C0 00 5A 0A DD 00 30 00 4A 01 26 4A 45 03 03 7D E0 78 D2 0C 3A 9B 00 09 45 1C FD AA AA 
Receive: 62 00 01 02 8C 00 00 AB 00 00 04 19 00 B7 76 C5 58 BB 7B DD 41 F2 00 82 1A 00 E6 03 33 54 17 70 1F C0 00 5A 0A DD 00 30 00 4A 01 26 4A 45 03 03 7D E0 78 D2 0C 3A 9B 00 09 45 1C FD AA AA 

Fixed toLineMF: 03E 62 00 01 02 8C 00 00 AB 00 00 04 19 00 B7 76 C5 58 BB 7B DD 41 F2 00 82 1A 00 E6 03 33 54 17 70 1F C0 00 5A 0A DD 00 30 00 4A 01 26 4A 45 03 03 7D E0 78 D2 0C 3A 9B 00 09 45 1C FD AA AA 
Time:	07:23:25,020
Send:	220001
Receive: 62 00 01 02 8C 00 93 0F C6 05 06 02 04 00 A1 00 00 03 E2 00 A8 79 C7 58 BB 79 7D 41 F2 00 83 24 00 E6 02 DD 54 17 7F 1F C0 00 5A 0A DE 00 30 00 4A 01 53 4A 45 03 03 7D E0 78 D2 0C 3A 9B 00 08 D1 1C 11 AA AA 
Time:	07:23:25,409
Send:	220001
Receive: 62 00 01 02 8C 00 93 0F 08 04 0A 02 04 00 A4 00 00 03 E2 00 A0 7B C4 58 B6 77 3D 41 F2 00 83 24 00 E6 02 DD 54 17 7F 1F C0 00 5A 0A DE 00 30 00 4A 01 DD 4A 45 03 03 7D E0 78 D2 0C 3A 9B 00 08 F0 1C 79 AA AA 
Time:	07:23:25,806
Send:	220001
Receive: 62 00 01 02 8C 00 93 0E B6 04 0A 02 0A 00 A4 00 00 04 01 00 A3 7D C0 58 AE 74 FD 41 F2 00 82 71 00 E6 02 79 55 17 7F 1F C0 00 5A 0A DF 00 30 00 4A 01 EB 4A 45 03 03 7D E0 78 D2 0C 3A 9B 00 09 26 1C FB AA AA 
Time:	07:23:26,186
Send:	220001
Receive: 62 00 01 02 8C 00 93 0E 9C 03 09 02 03 00 A4 00 00 04 0C 00 A5 7E BA 58 A4 72 9D 41 F2 00 82 32 00 E6 02 79 55 17 7F 1F C0 00 5A 0A DF 00 30 00 4A 01 F5 4A 45 03 03 7D E0 78 D2 0C 3A 9B 00 09 43 1D 33 AA AA 
Time:	07:23:26,584
Send:	220001
Receive: 62 00 01 02 8C 00 93 0E 3A 03 0D 01 DA 00 88 00 00 03 E4 00 9B 80 AA 58 68 70 5D 41 F2 00 83 18 00 E6 02 79 55 18 60 1F C0 00 5A 0A E0 00 30 00 62 00 00 4A 45 03 03 7D E0 78 D2 0C 3A 9B 00 08 DA 1C 72 AA AA 
Time:	07:23:26,970
Send:	220001
Receive: 62 00 01 02 8C 00 93 0D E8 02 11 01 D4 00 8B 00 00 03 C8 00 91 80 4D 58 2C 73 7D 41 F2 00 83 C5 00 E6 02 22 55 18 60 1F C0 00 5A 0A E0 00 30 00 7F 00 00 4A 45 03 03 7D E0 78 D2 0C 3A 9B 00 08 B2 1C 44 AA AA 
Time:	07:23:27,356
Send:	220001
Receive: 62 00 01 02 8C 00 93 0E 1A 02 0D 01 F0 00 90 00 00 03 D1 00 9A 80 2A 58 27 75 7D 41 F2 00 83 8E 00 E6 02 22 55 18 60 1F C0 00 5A 0A E0 00 30 00 97 00 00 4A 45 03 03 7D E0 78 D2 0C 3A 9B 00 08 A9 1C 11 AA AA 
Time:	07:23:27,746
Send:	220001
Receive: 62 00 01 02 8C 00 93 0D B6 01 0D 01 D9 00 90 00 00 03 C4 00 8C 80 2F 58 2F 77 9D 41 F2 00 83 DA 00 E6 02 22 55 18 60 1F C0 00 50 0A E0 00 30 00 B4 FF EE 4A 45 03 03 7D E0 78 D2 0C 3A 9B 00 08 8C 1C FA AA AA 
Time:	07:23:28,129
Send:	220001
Receive: 62 00 01 02 8C 00 93 0D 2E 00 0D 01 F9 00 92 00 00 03 EA 00 90 80 2A 58 27 79 9D 41 F2 00 82 FA 00 E6 02 01 55 19 41 1F C0 00 50 0A E1 00 30 00 E7 FF F6 4A 45 03 03 7D E0 78 D2 0C 3A 9B 00 08 E2 1D BE AA AA 
Time:	07:23:28,525
Send:	220001
Receive: 62 00 01 02 8C 00 93 0D 14 00 09 02 14 00 92 00 00 04 08 00 97 80 28 58 25 7B 9D 41 F2 00 82 47 00 E6 02 01 55 19 41 1F C0 00 50 0A E1 00 30 00 FC FF EE 4A 45 03 03 7D E0 78 D2 0C 3A 9B 00 09 27 1E 25 AA AA 
Time:	07:23:28,909
Send:	220001

Fixed toLineMF: 03E 62 00 01 02 8C 00 93 0C D4 00 09 02 0C 00 95 00 00 04 05 00 41 F2 00 82 58 00 E6 02 60 55 19 41 1F C0 00 50 0A E1 00 30 01 01 00 00 4A 45 03 03 7D E0 78 D2 0C 3A 9B 00 09 5B 1E 9C AA AA 
Receive: 62 00 01 02 8C 00 93 0C D4 00 09 02 0C 00 95 00 00 04 05 00 41 F2 00 82 58 00 E6 02 60 55 19 41 1F C0 00 50 0A E1 00 30 01 01 00 00 4A 45 03 03 7D E0 78 D2 0C 3A 9B 00 09 5B 1E 9C AA AA 

Fixed toLineMF: 03E 62 00 01 02 8C 00 93 0C D4 00 09 02 0C 00 95 00 00 04 05 00 41 F2 00 82 58 00 E6 02 60 55 19 41 1F C0 00 50 0A E1 00 30 01 01 00 00 4A 45 03 03 7D E0 78 D2 0C 3A 9B 00 09 5B 1E 9C AA AA 
Time:	07:23:29,288
Send:	220001
Receive: 62 00 01 02 8C 00 93 0C CE 00 05 02 2A 00 92 00 00 04 2A 00 96 80 2B 58 27 7F FD 41 F2 00 82 09 00 E6 02 60 55 1A 22 1F C0 00 50 0A E2 00 30 01 04 00 00 4A 45 03 03 7D E0 78 D2 0C 3A 9B 00 09 76 1E CA AA AA 
Time:	07:23:29,673
Send:	220001
Receive: 62 00 01 02 8C 00 93 0C DA 00 07 02 2E 00 95 00 00 04 27 00 96 80 31 58 31 82 1D 41 F2 00 82 05 00 E6 02 60 55 1A 22 1F C0 00 50 0A E2 00 30 00 E9 00 00 4A 45 03 03 7D E0 78 D2 0C 3A 9B 00 09 74 1E CE AA AA 
Time:	07:23:30,066
Send:	220001
Receive: 62 00 01 02 8C 00 93 0C B2 00 05 02 39 00 95 00 00 04 3B 00 96 80 9C 58 97 7F 1D 41 F2 00 82 3F 00 E6 02 7D 55 1A 22 1F C0 00 50 0A E2 00 30 00 EA 00 00 4A 45 03 03 7D E0 78 D2 0C 3A 9B 00 09 98 1F 26 AA AA 
Time:	07:23:30,454
Send:	220001
Receive: 62 00 01 02 8C 00 93 0C C0 00 03 02 1E 00 92 00 00 04 2D 00 94 80 A4 58 9A 7C DD 41 F2 00 82 15 00 E6 02 7D 55 1B 08 1F C0 00 50 0A E2 00 30 00 DC 00 00 4A 45 03 03 7D E0 78 D2 0C 3A 9B 00 09 78 1F 16 AA AA 
Time:	07:23:30,837
Send:	220001
Receive: 62 00 01 02 8C 00 93 0C 9E 00 04 02 1A 00 95 00 00 04 26 00 91 80 34 58 29 7E FD 41 F2 00 82 01 00 E6 02 4F 55 1B 08 1F C0 00 50 0A E3 00 30 00 D4 00 00 4A 45 03 03 7D E0 78 D2 0C 3A 9B 00 09 77 1F 4E AA AA 
Time:	07:23:31,231
Send:	220001
Receive: 62 00 01 02 8C 00 93 0C 48 00 04 02 40 00 92 00 00 04 43 00 94 80 2C 58 28 81 1D 41 F2 00 82 54 00 E6 02 4F 55 1B E9 1F C0 00 50 0A E3 00 30 00 EF 00 00 4A 45 03 03 7D E0 78 D2 0C 3A 9B 00 09 BD 1F DE AA AA 
Time:	07:23:31,621
Send:	220001
Receive: 62 00 01 02 8C 00 93 0C 76 00 03 02 4C 00 92 00 00 04 51 00 99 80 30 58 43 83 5D 41 F2 00 82 7D 00 E6 02 4F 55 1B E9 1F C0 00 50 0A E3 00 30 00 F2 00 00 4A 45 03 03 7D E0 78 D2 0C 3A 9B 00 09 DC 1F 97 AA AA 
Time:	07:23:32,019
Send:	220001
Receive: 62 00 01 02 8C 00 93 0C B0 00 04 02 19 00 92 00 00 04 27 00 91 80 AF 58 AB 7F 3D 41 F2 00 82 01 00 E6 02 7D 55 1C CA 1F C0 00 50 0A E3 00 30 00 DA 00 00 4A 45 03 03 7D E0 78 D2 0C 3A 9B 00 09 96 1F 31 AA AA 
Time:	07:23:32,395
Send:	220001
Receive: 62 00 01 02 8C 00 93 0C 92 00 05 02 21 00 8D 00 00 04 32 00 92 80 B2 58 A3 7D 1D 41 F2 00 82 22 00 E6 02 7D 55 1C CA 1F C0 00 50 0A E3 00 30 00 D4 00 00 4A 45 03 03 7D E0 78 D2 0C 3A 9B 00 09 87 1F 29 AA AA 
Time:	07:23:32,790
Send:	220001
Receive: 62 00 01 02 8C 00 94 0C 30 00 09 02 1C 00 90 00 00 04 1C 00 8A 80 35 58 2B 7F BD 41 F2 00 81 E0 00 E6 02 2E 55 1D B0 1F C0 00 50 0A E3 00 30 00 EF 00 1D 4A 45 03 03 7D E0 78 D2 0C 3A 9B 00 09 7B 1F A1 AA AA 
Time:	07:23:33,177
Send:	220001
Receive: 62 00 01 02 8C 00 94 0C 4C 00 05 02 35 00 8D 00 00 04 37 00 92 80 2B 58 29 81 BD 41 F2 00 82 32 00 E6 02 2E 55 1D B0 1F C0 00 50 0A E3 00 30 00 FF 00 00 4A 45 03 03 7D E0 78 D2 0C 3A 9B 00 09 A4 1F 7F AA AA 
Time:	07:23:33,567
Send:	220001
Receive: 62 00 01 02 8C 00 94 0C A4 00 04 02 26 00 88 00 00 04 1F 00 94 80 35 58 31 83 7D 41 F2 00 81 E8 00 E6 02 2E 55 1E 91 1F C0 00 50 0A E4 00 30 00 EF 00 00 4A 45 03 03 7D E0 78 D2 0C 3A 9B 00 09 48 1E 8D AA AA 
Time:	07:23:33,956
Send:	220001
Receive: 62 00 01 02 8C 00 94 0C BA 00 08 02 03 00 8B 00 00 03 F6 00 8D 80 AF 58 A9 7F 5D 41 F2 00 82 AF 00 E6 02 4F 56 1E 91 1F C0 00 50 0A E4 00 30 00 D7 00 00 4A 45 03 03 7D E0 78 D2 0C 3A 9B 00 09 0E 1E 48 AA AA 
Time:	07:23:34,347
Send:	220001
Receive: 62 00 01 02 8C 00 94 0C 8C 00 09 02 06 00 88 00 00 03 F7 00 88 80 AB 58 9E 7D 3D 41 F2 00 82 AF 00 E6 02 4F 56 1F 72 1F C0 00 50 0A E4 00 30 00 D2 00 00 4A 45 03 03 7D E0 78 D2 0C 3A 9B 00 09 0D 1E 50 AA AA 
Time:	07:23:34,758
Send:	220001
Receive: 62 00 01 02 8C 00 94 0C 70 00 0B 02 17 00 88 00 00 04 01 00 8D 80 2C 58 29 7F DD 41 F2 00 82 71 00 E6 02 4F 56 1F 72 1F C0 00 50 0A E4 00 30 00 DA 00 00 4A 45 03 03 7D E0 78 D2 0C 3A 9B 00 09 2E 1E 6A AA AA 
Time:	07:23:35,159
Send:	220001
Receive: 62 00 01 02 8C 00 94 0C B8 00 09 02 13 00 8B 00 00 03 F7 00 8D 80 2B 58 28 81 BD 41 F2 00 82 AB 00 E6 02 3F 56 20 58 1F C0 00 50 0A E4 00 30 00 C4 00 00 4A 45 03 03 7D E0 78 D2 0C 3A 9B 00 09 0D 1E 1D AA AA 
Time:	07:23:35,569
Send:	220001
Receive: 62 00 01 02 8C 00 94 0C BC 00 09 02 0C 00 8B 00 00 03 F5 00 8D 80 9C 58 9B 7F DD 41 F2 00 82 B7 00 E6 02 3F 56 20 58 1F C0 00 50 0A E4 00 30 00 B2 00 00 4A 45 03 03 7D E0 78 D2 0C 3A 9B 00 08 F9 1D FF AA AA 
Time:	07:23:35,957
Send:	220001
Receive: 62 00 01 02 8C 00 94 0C 72 00 0B 02 00 00 8B 00 00 03 E6 00 85 80 A7 58 99 7D DD 41 F2 00 83 13 00 E6 02 11 56 21 39 1F C0 00 50 0A E5 00 30 00 AF 00 00 4A 45 03 03 7D E0 78 D2 0C 3A 9B 00 08 F7 1E 7D AA AA 
Time:	07:23:36,357
Send:	220001
Receive: 62 00 01 02 8C 00 94 0C 6E 00 08 02 1A 00 88 00 00 04 05 00 8C 80 33 58 2B 7F FD 41 F2 00 82 5C 00 E6 02 11 56 22 1A 1F C0 00 50 0A E5 00 30 00 B7 00 00 4A 45 03 03 7D E0 78 D2 0C 3A 9B 00 09 43 1E A7 AA AA 
Time:	07:23:36,768
Send:	220001
Receive: 62 00 01 02 8C 00 94 0C C6 00 08 02 1F 00 88 00 00 04 08 00 94 80 2F 58 2D 81 FD 41 F2 00 82 47 00 E6 02 11 56 22 1A 1F C0 00 50 0A E5 00 30 00 9D FF FB 4A 45 03 03 7D E0 78 D2 0C 3A 9B 00 09 04 1E 36 AA AA 
Time:	07:23:37,147
Send:	220001
Receive: 62 00 01 02 8C 00 94 0C B0 00 06 02 10 00 8B 00 00 03 FB 00 8D 80 A6 58 A3 7E 9D 41 F2 00 82 96 00 E6 02 60 56 22 FB 1F C0 00 50 0A E5 00 30 00 8D 00 00 4A 45 03 03 7D E0 78 D2 0C 3A 9B 00 09 14 1E 45 AA AA 
Time:	07:23:37,537
Send:	220001
Receive: 62 00 01 02 8C 00 94 0C B6 00 08 01 FC 00 8B 00 00 03 ED 00 8B 80 A8 58 97 7C 7D 41 F2 00 82 EA 00 E6 02 60 56 23 E1 1F C0 00 50 0A E6 00 30 00 7A 00 00 4A 45 03 03 7D E0 78 D2 0C 3A 9B 00 09 14 1E 33 AA AA 
Time:	07:23:37,919
Send:	220001
Receive: 62 00 01 02 8C 00 94 0C 82 00 0A 01 FF 00 8B 00 00 03 F1 00 89 80 61 58 30 7A BD 41 F2 00 82 CC 00 E6 02 11 56 24 C2 1F C0 00 50 0A E6 00 30 00 75 00 00 4A 45 03 03 7D E0 78 D2 0C 3A 9B 00 09 07 1E 7F AA AA 
Time:	07:23:38,316
Send:	220001
Receive: 62 00 01 02 8C 00 94 0C 74 00 08 02 23 00 88 00 00 04 0E 00 8F 80 2A 58 27 7F DD 41 F2 00 82 26 00 E6 02 11 56 25 A3 1F C0 00 50 0A E6 00 30 00 7A 00 00 4A 45 03 03 7D E0 78 D2 0C 3A 9B 00 09 40 1E A5 AA AA 
Time:	07:23:38,706
Send:	220001
Receive: 62 00 01 02 8C 00 94 0C 96 00 08 02 20 00 88 00 00 04 04 00 8F 80 8D 58 8A 7E 9D 41 F1 F9 82 5C 00 E6 02 11 56 25 A3 1F C0 00 50 0A E6 00 30 00 6D 00 00 4A 45 03 03 7D E0 78 D2 0C 3A 9B 00 09 3D 1E 7F AA AA 
Time:	07:23:39,085
Send:	220001
Receive: 62 00 01 02 8C 00 94 0C 90 00 09 02 09 00 8B 00 00 03 FA 00 88 80 AB 58 A3 7C 7D 41 F1 F9 82 9E 00 E6 02 4F 56 26 89 1F C0 00 50 0A E6 00 30 00 5F 00 00 4A 45 03 03 7D E0 78 D2 0C 3A 9B 00 08 F8 1E 7E AA AA 
Time:	07:23:39,474
Send:	220001
Receive: 62 00 01 02 8C 00 95 0C 24 00 0C 02 1D 00 88 00 00 04 15 00 89 80 57 58 31 7A BD 41 F1 F9 82 01 00 E6 02 4F 56 27 6A 1F C0 00 50 0A E7 00 30 00 82 00 15 4A 45 03 03 7D E0 78 D2 0C 3A 9B 00 09 52 1F 5E AA AA 
Time:	07:23:39,878
Send:	220001
Receive: 62 00 01 02 8C 00 95 0C 80 00 02 02 31 00 88 00 00 04 32 00 98 80 2B 58 28 7F BD 41 F1 F9 82 26 00 E6 02 3F 56 28 4B 1F C0 00 50 0A E7 00 30 00 8D 00 00 4A 45 03 03 7D E0 78 D2 0C 3A 9B 00 09 8D 1E FF AA AA 
Time:	07:23:40,269
Send:	220001
Receive: 62 00 01 02 8C 00 95 0C 7C 00 06 02 1D 00 8B 00 00 04 16 00 8F 80 96 58 9D 7D DD 41 F1 F9 81 F9 00 E6 02 3F 56 28 4B 1F C0 00 50 0A E7 00 30 00 87 00 00 4A 45 03 03 7D E0 78 D2 0C 3A 9B 00 09 49 1E FC AA AA 
Time:	07:23:40,648
Send:	220001
Receive: 62 00 01 02 8C 00 95 0C 68 00 07 02 18 00 8B 00 00 04 1C 00 8F 80 AB 58 A1 7B BD 41 F1 F9 81 E4 00 E6 02 3F 56 29 31 1F C0 00 50 0A E7 00 30 00 8D 00 00 4A 45 03 03 7D E0 78 D2 0C 3A 9B 00 09 47 1F 07 AA AA 
Time:	07:23:41,052
Send:	220001
Receive: 62 00 01 02 8C 00 95 0C 40 00 08 02 0E 00 8B 00 00 04 12 00 8D 80 A5 58 90 79 9D 41 F1 F9 82 0D 00 E6 02 05 56 2A F3 1F C0 00 50 0A E7 00 30 00 A2 00 00 4A 45 03 03 7D E0 78 D2 0C 3A 9B 00 09 70 1F 26 AA AA 
Time:	07:23:41,449
Send:	220001
Receive: 62 00 01 02 8C 00 95 0C 48 00 06 02 2E 00 86 00 00 04 2A 00 91 80 2C 58 27 7D 3D 41 F1 F9 82 0D 00 E6 02 05 56 2B D4 1F C0 00 50 0A E7 00 30 00 B2 00 00 4A 45 03 03 7D E0 78 D2 0C 3A 9B 00 09 7C 1F 39 AA AA 
Time:	07:23:41,828
Send:	220001
Receive: 62 00 01 02 8C 00 95 0C 9A 00 06 02 23 00 86 00 00 04 1B 00 94 80 2E 58 2C 7F 7D 41 F1 F9 81 E0 00 E6 02 3F 56 2C BA 1F C0 00 50 0A E8 00 30 00 A7 00 00 4A 45 03 03 7D E0 78 D2 0C 3A 9B 00 09 57 1E A1 AA AA 
Time:	07:23:42,218
Send:	220001
Receive: 62 00 01 02 8C 00 95 0C AC 00 07 02 05 00 8B 00 00 03 FC 00 8C 80 A2 58 9D 7B FD 41 F1 F9 82 8E 00 E6 02 3F 56 2D 9B 1F C0 00 50 0A E8 00 30 00 95 00 00 4A 45 03 03 7D E0 78 D2 0C 3A 9B 00 09 25 1E 71 AA AA 
Time:	07:23:42,619
Send:	220001
Receive: 62 00 01 02 8C 00 95 0C A6 00 07 02 0E 00 86 00 00 04 02 00 8D 80 A7 58 7C 79 DD 41 F1 F9 82 6C 00 E6 02 3F 56 2E 7C 1F C0 00 50 0A E8 00 30 00 87 00 00 4A 45 03 03 7D E0 78 D2 0C 3A 9B 00 09 08 1E 87 AA AA 
Time:	07:23:43,006
Send:	220001
Receive: 62 00 01 02 8C 00 95 0C 5E 00 0A 02 11 00 88 00 00 04 02 00 8A 80 2D 58 2B 7C FD 41 F1 F9 82 6C 00 E6 01 E6 56 2F 62 1F C0 00 50 0A E8 00 30 00 92 00 00 4A 45 03 03 7D E0 78 D2 0C 3A 9B 00 09 44 1E E5 AA AA 
Time:	07:23:43,395
Send:	220001
Receive: 62 00 01 02 8C 00 95 0C 78 00 06 02 20 00 88 00 00 04 11 00 8F 80 2B 58 29 7F 1D 41 F1 F9 82 11 00 E6 01 E6 56 30 43 1F C0 00 50 0A E8 00 30 00 95 00 00 4A 45 03 03 7D E0 78 D2 0C 3A 9B 00 09 58 1E DE AA AA 
Time:	07:23:43,786
Send:	220001

Fixed toLineMF: 03E 62 00 01 02 8C 00 95 0C C2 00 03 02 18 00 86 00 00 04 0B 00 91 80 A3 58 A1 7C 5D 02 22 56 32 0A 1F C0 00 50 0A E8 00 30 00 7D 00 00 4A 45 03 03 7D E0 78 D2 0C 3A 9B 00 09 2B 1E 66 AA AA 
Receive: 62 00 01 02 8C 00 95 0C C2 00 03 02 18 00 86 00 00 04 0B 00 91 80 A3 58 A1 7C 5D 02 22 56 32 0A 1F C0 00 50 0A E8 00 30 00 7D 00 00 4A 45 03 03 7D E0 78 D2 0C 3A 9B 00 09 2B 1E 66 AA AA 

Fixed toLineMF: 03E 62 00 01 02 8C 00 95 0C C2 00 03 02 18 00 86 00 00 04 0B 00 91 80 A3 58 A1 7C 5D 02 22 56 32 0A 1F C0 00 50 0A E8 00 30 00 7D 00 00 4A 45 03 03 7D E0 78 D2 0C 3A 9B 00 09 2B 1E 66 AA AA 
Time:	07:23:44,168
Send:	220001
Receive: 62 00 01 02 8C 00 95 0C 6C 00 0A 02 0D 00 86 00 00 03 F8 00 88 80 AE 58 A6 7A BD 41 F1 F9 82 AB 00 E6 02 22 56 32 EB 1F C0 00 50 0A E9 00 30 00 82 00 00 4A 45 03 03 7D E0 78 D2 0C 3A 9B 00 09 47 1E D3 AA AA 
Time:	07:23:44,556
Send:	220001
Receive: 62 00 01 02 8C 00 95 0C 6C 00 06 02 23 00 86 00 00 04 21 00 92 80 54 58 2E 78 FD 41 F1 F9 81 F0 00 E6 02 22 56 33 CC 1F C0 00 50 0A E9 00 30 00 8D 00 00 4A 45 03 03 7D E0 78 D2 0C 3A 9B 00 09 59 1E DF AA AA 
Time:	07:23:44,947
Send:	220001
Receive: 62 00 01 02 8C 00 95 0C 90 00 07 02 1C 00 86 00 00 04 07 00 8E 80 2F 58 31 7E 3D 41 F1 F9 82 4B 00 E6 02 22 56 34 AD 1F C0 00 50 0A E9 00 30 00 82 00 00 4A 45 03 03 7D E0 78 D2 0C 3A 9B 00 09 3F 1E 81 AA AA 
Time:	07:23:45,336
Send:	220001
Receive: 62 00 01 02 8C 00 95 0C 9E 00 08 02 05 00 86 00 00 03 F3 00 89 80 A6 58 9F 79 DD 41 F1 F9 82 C0 00 E6 02 22 57 35 93 1F C0 00 50 0A E9 00 30 00 72 00 00 4A 45 03 03 7D E0 78 D2 0C 3A 9B 00 08 F3 1E 76 AA AA 
Time:	07:23:45,717
Send:	220001
Receive: 62 00 01 02 8C 00 95 0C 3C 00 0B 02 14 00 86 00 00 04 08 00 8A 80 9F 58 38 77 DD 41 F1 F9 82 47 00 E6 02 22 57 36 74 1F C0 00 50 0A E9 00 30 00 8A 00 00 4A 45 03 03 7D E0 78 D2 0C 3A 9B 00 09 3F 1F 09 AA AA 
Time:	07:23:46,123
Send:	220001
Receive: 62 00 01 02 8C 00 95 0C 7A 00 08 02 25 00 83 00 00 04 17 00 94 80 2B 58 29 7C 5D 41 F1 F9 81 F0 00 E6 02 05 57 37 55 1F C0 00 50 0A E9 00 30 00 8F 00 00 4A 45 03 03 7D E0 78 D2 0C 3A 9B 00 09 56 1E 9B AA AA 
Time:	07:23:46,514
Time:	07:23:46,541
Send:	220001
Receive: 62 00 01 02 8C 00 95 0C 92 00 09 02 0B 00 83 00 00 03 F9 00 8C 80 98 58 9C 7A FD 41 F1 F9 82 A3 00 E6 02 05 57 36 74 1F C0 00 50 0A E9 00 30 00 82 00 00 4A 45 03 03 7D E0 78 D2 0C 3A 9B 00 09 2A 1E 64 AA AA 
Time:	07:23:46,926
Send:	220001
Receive: 62 00 01 02 8C 00 95 0C 7A 00 09 02 04 00 83 00 00 03 EF 00 8A 80 A9 58 A1 78 DD 41 F1 F9 82 DD 00 E6 01 E6 57 36 74 1F C0 00 50 0A E9 00 30 00 7F 00 00 4A 45 03 03 7D E0 78 D2 0C 3A 9B 00 08 F8 1E 88 AA AA 
Time:	07:23:47,347
Send:	220001
Receive: 62 00 01 02 8C 00 95 0C 6C 00 09 01 FC 00 83 00 00 03 F5 00 89 80 56 58 2F 77 1D 41 F1 F9 82 B7 00 E6 01 E6 57 35 93 1F C0 00 50 0A EA 00 30 00 85 00 00 4A 45 03 03 7D E0 78 D2 0C 3A 9B 00 08 FF 1E 9E AA AA 
Time:	07:23:47,734
Send:	220001
Receive: 62 00 01 02 8C 00 95 0C 68 00 09 02 1F 00 83 00 00 04 0B 00 91 80 2B 58 27 7C 1D 41 F1 F9 82 3B 00 E6 01 E6 57 36 74 1F C0 00 50 0A EA 00 30 00 92 00 00 4A 45 03 03 7D E0 78 D2 0C 3A 9B 00 09 4F 1E AB AA AA 
Time:	07:23:48,141
Send:	220001
Receive: 62 00 01 02 8C 00 96 0C 80 00 09 02 19 00 83 00 00 03 FB 00 8C 80 7E 58 73 7E 3D 41 F1 F9 82 96 00 E6 02 22 57 36 74 1F C0 00 50 0A EA 00 30 00 8A 00 00 4A 45 03 03 7D E0 78 D2 0C 3A 9B 00 09 1F 1E 72 AA AA 
Time:	07:23:48,547
Send:	220001
Receive: NO DATA
Time:	07:23:48,832
Send:	220001
Receive: NO DATA
Time:	07:23:49,118
Send:	220001
Receive: NO DATA
Time:	07:23:49,445
Send:	220001
Receive: NO DATA
Time:	07:23:49,724
Send:	220001
Receive: NO DATA
Time:	07:23:50,004
Send:	220001
Receive: NO DATA
Time:	07:23:50,323
Send:	220001
Receive: NO DATA
Time:	07:23:50,621
Send:	220001
Receive: 62 00 01 02 8C 00 96 0C 56 00 0C 02 03 00 83 00 00 03 EE 00 87 80 A4 58 5B 78 1D 41 F1 F9 82 DD 00 E6 02 22 57 35 93 1F C0 00 50 0A EB 00 30 00 88 00 00 4A 45 03 03 7D E0 78 D2 0C 3A 9B 00 08 F3 1E B7 AA AA 
Time:	07:23:51,012
Send:	220001

Fixed toLineMF: 03E 62 00 01 02 8C 00 96 0C 90 00 06 02 1E 94 80 2C 58 29 7B DD 41 F1 F9 82 3B 00 E6 01 D9 57 37 55 1F C0 00 50 0A EC 00 30 00 8A 00 00 4A 45 03 03 7D E0 78 D2 0C 3A 9B 00 09 44 1E 6A AA AA 
Receive: 62 00 01 02 8C 00 96 0C 90 00 06 02 1E 94 80 2C 58 29 7B DD 41 F1 F9 82 3B 00 E6 01 D9 57 37 55 1F C0 00 50 0A EC 00 30 00 8A 00 00 4A 45 03 03 7D E0 78 D2 0C 3A 9B 00 09 44 1E 6A AA AA 

Fixed toLineMF: 03E 62 00 01 02 8C 00 96 0C 90 00 06 02 1E 94 80 2C 58 29 7B DD 41 F1 F9 82 3B 00 E6 01 D9 57 37 55 1F C0 00 50 0A EC 00 30 00 8A 00 00 4A 45 03 03 7D E0 78 D2 0C 3A 9B 00 09 44 1E 6A AA AA 
Time:	07:23:51,408
Send:	220001
Receive: 62 00 01 02 8C 00 96 0C B6 00 08 02 0D 00 86 00 00 03 E9 00 8C 80 64 58 6C 7D FD 41 F1 F9 83 03 00 E6 01 D9 57 36 74 1F C0 00 50 0A EC 00 30 00 6D 00 00 4A 45 03 03 7D E0 78 D2 0C 3A 9B 00 08 FB 1E 14 AA AA 
Time:	07:23:51,798
Send:	220001
Receive: 62 00 01 02 8C 00 96 0C 76 00 0A 01 FF 00 86 00 00 03 E2 00 83 80 A7 58 9F 78 FD 41 F1 F9 83 28 00 E6 01 E6 57 35 93 1F C0 00 50 0A EC 00 30 00 68 00 00 4A 45 03 03 7D E0 78 D2 0C 3A 9B 00 08 CB 1E 68 AA AA 
Time:	07:23:52,182
Send:	220001
Receive: 62 00 01 02 8C 00 96 0C 28 00 0E 01 FC 00 86 00 00 03 F1 00 85 80 40 58 29 77 5D 41 F1 F9 82 D0 00 E6 01 E6 57 35 93 1F C0 00 50 0A EC 00 30 00 88 00 15 4A 45 03 03 7D E0 78 D2 0C 3A 9B 00 09 23 1E FD AA AA 
Time:	07:23:52,577
Send:	220001

Fixed toLineMF: 030 62 00 01 02 8C 00 96 0C 52 00 08 02 2E 00 86 00 00 04 1E 00 8F 80 2A 58 28 7C 7D 41 F1 F9 81 E8 00 E6 01 E6 57 36 74 1F C0 00 50 0A EC 00 30 00 
Receive: 62 00 01 02 8C 00 96 0C 52 00 08 02 2E 00 86 00 00 04 1E 00 8F 80 2A 58 28 7C 7D 41 F1 F9 81 E8 00 E6 01 E6 57 36 74 1F C0 00 50 0A EC 00 30 00 

Fixed toLineMF: 030 62 00 01 02 8C 00 96 0C 52 00 08 02 2E 00 86 00 00 04 1E 00 8F 80 2A 58 28 7C 7D 41 F1 F9 81 E8 00 E6 01 E6 57 36 74 1F C0 00 50 0A EC 00 30 00 
Time:	07:23:52,943
Send:	220001
Receive: 62 00 01 02 8C 00 96 0C 6A 00 08 02 24 00 86 00 00 04 10 00 8D 80 61 58 80 7E 1D 41 F1 F9 82 1A 00 E6 02 11 57 36 74 1F C0 00 50 0A EC 00 30 00 98 00 00 4A 45 03 03 7D E0 78 D2 0C 3A 9B 00 09 45 1E DD AA AA 
Time:	07:23:53,335
Send:	220001
Receive: 62 00 01 02 8C 00 96 0C 68 00 08 02 13 00 86 00 00 04 0C 00 8D 80 AA 58 A4 79 1D 41 F1 F9 82 32 00 E6 02 11 57 36 74 1F C0 00 50 0A ED 00 30 00 9A 00 00 4A 45 03 03 7D E0 78 D2 0C 3A 9B 00 09 35 1E E5 AA AA 
Time:	07:23:53,754
Send:	220001
Receive: 62 00 01 02 8D 00 96 0C C8 00 00 02 75 00 A4 00 00 04 DA 00 B8 80 8D 58 33 76 BD 41 F1 F7 84 11 00 E6 02 11 57 3F 4D 1F C0 00 5A 0A ED 00 30 00 8A 00 58 4A 45 03 07 7D E2 78 D2 0C 3A 9B 00 0B 2A 22 B0 AA AA 
Time:	07:23:54,176
Send:	220001

Fixed toLineMF: 03E 62 00 01 02 8D 00 96 0D A6 00 03 02 38 AB 80 AF 58 AC 77 7D 41 F1 F7 82 AB 00 E6 02 A1 57 3B C4 1F C0 00 5A 0A ED 00 30 00 92 00 00 4A 45 03 05 7D C2 78 D2 0C 3A 9B 00 0A 04 1F 98 AA AA 
Receive: 62 00 01 02 8D 00 96 0D A6 00 03 02 38 AB 80 AF 58 AC 77 7D 41 F1 F7 82 AB 00 E6 02 A1 57 3B C4 1F C0 00 5A 0A ED 00 30 00 92 00 00 4A 45 03 05 7D C2 78 D2 0C 3A 9B 00 0A 04 1F 98 AA AA 

Fixed toLineMF: 03E 62 00 01 02 8D 00 96 0D A6 00 03 02 38 AB 80 AF 58 AC 77 7D 41 F1 F7 82 AB 00 E6 02 A1 57 3B C4 1F C0 00 5A 0A ED 00 30 00 92 00 00 4A 45 03 05 7D C2 78 D2 0C 3A 9B 00 0A 04 1F 98 AA AA 
Time:	07:23:54,571
Send:	220001
Receive: 62 00 01 02 8D 00 96 0E 2A 00 04 04 81 03 1F 24 94 06 F3 01 21 80 BA 58 B3 75 7D 41 F1 F7 86 8A 00 E6 02 A1 57 5D 61 1F C0 00 78 0A ED 00 30 00 92 01 AB 4A 45 03 05 7C C2 78 D2 0C 3A 9B 00 14 12 34 D7 AA AA 
Time:	07:23:54,948
Send:	220001
Receive: 62 00 01 02 8D 00 96 13 18 00 F6 07 43 04 61 26 3D 0C 2E 02 B8 80 BB 58 B2 71 5D 41 F1 F7 8A ED 00 E6 08 1E 57 FA 00 1F C0 00 96 0A ED 00 30 00 92 02 15 4A 45 03 05 3C C2 78 D2 0C 3A 9B 00 1E 8C 3E 0D AA AA 
Time:	07:23:55,348
Send:	220001
Receive: 62 00 01 02 8D 00 96 15 D4 02 F7 05 02 03 22 26 3D 0A B3 02 BA 80 C1 58 B9 6C 9D 41 F1 F7 8F 0F 00 E6 08 1E 57 FA 00 1F C0 00 96 0A ED 00 30 00 92 00 82 4A 45 03 05 3C C2 78 D2 0C 3A 9B 00 17 F5 39 4B AA AA 
Time:	07:23:55,728
Send:	220001
Receive: 62 00 01 02 8A 00 96 14 A0 04 F8 06 43 04 6B 26 3D 0C 21 02 78 80 32 58 28 6B 9D 41 F1 F7 89 3C 00 E6 08 1E 57 FA 00 1F C0 00 96 0A EC 00 30 00 92 02 FD 4A 45 03 05 3C C2 78 D2 0C 3A 9B 00 1B 27 3D B1 AA AA 
Time:	07:23:56,123
Send:	220001
Receive: 62 00 01 02 86 00 96 11 A8 06 FF 05 B9 03 D0 26 A8 0B 7F 02 50 80 B6 58 B0 68 1D 41 F1 F7 89 0A 00 E6 09 78 57 FA 00 1F C0 00 96 0A EB 00 30 00 92 04 D5 4A 45 03 05 3C C2 78 D2 0C 3A 9B 00 1A A0 3D 34 AA AA 
Time:	07:23:56,533
Send:	220001
Receive: 62 00 01 02 8C 00 96 15 96 08 F3 05 C8 04 46 27 E6 0C 95 03 17 80 2F 58 2D 68 1D 41 F1 F7 8D D7 00 E6 09 78 56 FA 00 1F C0 00 96 0A E9 00 30 00 92 00 CA 4A 45 03 05 3C C2 78 D2 0C 3A 9B 00 1C 5E 3C 6B AA AA 
Time:	07:23:56,924
Send:	220001
Receive: 62 00 01 02 8D 00 96 19 B4 09 05 04 28 02 85 27 E6 09 4E 02 AE 80 2D 58 2A 6D 5D 41 F1 F7 8F 46 00 E6 09 99 56 FA 00 1F C0 00 96 0A D3 00 30 00 91 FE EB 4A 45 03 05 3C C2 78 D2 0C 3A 9B 00 15 3B 34 7F AA AA 
Time:	07:23:57,309
Send:	220001

Fixed toLineMF: 03E 62 00 01 02 8D 00 02 2B 2B 70 07 72 02 84 80 23 58 1E 72 FD 41 F1 F7 8F DD 00 E6 09 99 56 F2 E9 1F C0 00 96 0A 8C 00 30 00 8D FD DC 4A 45 03 05 7C C2 78 D2 0C 3A 9B 00 11 0E 2A 57 AA AA 
Receive: 62 00 01 02 8D 00 02 2B 2B 70 07 72 02 84 80 23 58 1E 72 FD 41 F1 F7 8F DD 00 E6 09 99 56 F2 E9 1F C0 00 96 0A 8C 00 30 00 8D FD DC 4A 45 03 05 7C C2 78 D2 0C 3A 9B 00 11 0E 2A 57 AA AA 

Fixed toLineMF: 03E 62 00 01 02 8D 00 02 2B 2B 70 07 72 02 84 80 23 58 1E 72 FD 41 F1 F7 8F DD 00 E6 09 99 56 F2 E9 1F C0 00 96 0A 8C 00 30 00 8D FD DC 4A 45 03 05 7C C2 78 D2 0C 3A 9B 00 11 0E 2A 57 AA AA 
Time:	07:23:57,691
Send:	220001

Fixed toLineMF: 03E 62 00 01 02 8D 00 96 21 D4 0C 22 03 94 02 4C 2E 56 07 8E 02 EA 80 29 58 24 78 DD 09 99 55 FA 00 1F C0 00 96 0A 47 00 30 00 8A FC DD 4A 45 03 01 7C C2 78 D2 0C 3A 9B 00 11 56 28 96 AA AA 
Receive: 62 00 01 02 8D 00 96 21 D4 0C 22 03 94 02 4C 2E 56 07 8E 02 EA 80 29 58 24 78 DD 09 99 55 FA 00 1F C0 00 96 0A 47 00 30 00 8A FC DD 4A 45 03 01 7C C2 78 D2 0C 3A 9B 00 11 56 28 96 AA AA 

Fixed toLineMF: 03E 62 00 01 02 8D 00 96 21 D4 0C 22 03 94 02 4C 2E 56 07 8E 02 EA 80 29 58 24 78 DD 09 99 55 FA 00 1F C0 00 96 0A 47 00 30 00 8A FC DD 4A 45 03 01 7C C2 78 D2 0C 3A 9B 00 11 56 28 96 AA AA 
Time:	07:23:58,085
Send:	220001

Fixed toLineMF: 03E 62 00 01 02 8D 00 96 26 98 0E 24 03 4D 02 85 2E 8F 06 E4 03 05 80 56 58 38 79 3D 41 F1 F7 96 36 00 E6 0A D4 55 FA 00 1F C0 00 96 09 FF 00 30 00 86 FC F3 4A 45 03 01 00 0F 96 27 A4 AA AA 
Receive: 62 00 01 02 8D 00 96 26 98 0E 24 03 4D 02 85 2E 8F 06 E4 03 05 80 56 58 38 79 3D 41 F1 F7 96 36 00 E6 0A D4 55 FA 00 1F C0 00 96 09 FF 00 30 00 86 FC F3 4A 45 03 01 00 0F 96 27 A4 AA AA 

Fixed toLineMF: 03E 62 00 01 02 8D 00 96 26 98 0E 24 03 4D 02 85 2E 8F 06 E4 03 05 80 56 58 38 79 3D 41 F1 F7 96 36 00 E6 0A D4 55 FA 00 1F C0 00 96 09 FF 00 30 00 86 FC F3 4A 45 03 01 00 0F 96 27 A4 AA AA 
Time:	07:23:58,479
Send:	220001
Receive: 62 00 01 02 8D 00 96 29 FA 10 24 03 84 02 E3 2E 8F 06 EA 03 38 80 25 58 1F 7E 7D 41 F1 F7 97 7E 00 E6 0A D4 55 FA 00 1F C0 00 96 09 D1 00 30 00 83 FD 01 4A 45 03 01 7C C2 78 D2 0C 3A 9B 00 10 3D 29 6B AA AA 
Time:	07:23:58,857
Send:	220001
Receive: 62 00 01 02 8D 00 96 2E 3C 11 1C 02 EC 02 3D 00 00 05 C2 03 01 80 25 58 1F 85 DD 41 F1 F7 96 20 00 E6 0E 14 55 EA F1 1F C0 00 8C 09 D0 00 30 00 83 FA A3 4A 45 03 01 7D CA 78 D2 0C 3A 9B 00 0B D8 1F DA AA AA 
Time:	07:23:59,247
Send:	220001

Fixed toLineMF: 037 62 00 01 02 8D 00 96 2D 04 12 34 00 F9 E2 80 26 58 1F 8B 5D 41 F1 F7 95 40 00 E6 0E 14 54 58 F7 1F C0 83 FA 6C 4A 45 03 05 7D C8 78 D2 0C 3A 9B 00 03 F0 0E 5E AA AA 
Receive: 62 00 01 02 8D 00 96 2D 04 12 34 00 F9 E2 80 26 58 1F 8B 5D 41 F1 F7 95 40 00 E6 0E 14 54 58 F7 1F C0 83 FA 6C 4A 45 03 05 7D C8 78 D2 0C 3A 9B 00 03 F0 0E 5E AA AA 

Fixed toLineMF: 037 62 00 01 02 8D 00 96 2D 04 12 34 00 F9 E2 80 26 58 1F 8B 5D 41 F1 F7 95 40 00 E6 0E 14 54 58 F7 1F C0 83 FA 6C 4A 45 03 05 7D C8 78 D2 0C 3A 9B 00 03 F0 0E 5E AA AA 
Time:	07:23:59,629
Send:	220001
Receive: 62 00 01 02 8D 00 96 29 26 12 34 01 2F 00 E2 00 00 01 D6 00 D3 80 28 58 23 8F 3D 41 F1 F7 93 F2 00 E6 0E 14 54 51 E0 1F C0 00 5A 09 E0 00 30 00 84 FA 6A 4A 45 03 05 7D C8 78 D2 0C 3A 9B 00 04 36 0E 2F AA AA 
Time:	07:24:00,007
Send:	220001
Receive: 62 00 01 02 8D 00 97 23 2E 11 2F 01 BA 01 7D 0C 0A 02 A8 00 FA 78 24 58 1F 7F FD 41 F1 F7 8E 7F 00 E6 03 7C 54 4B AF 1F C0 00 5A 0A 42 00 30 00 89 FC DF 4A 45 03 05 3C C8 78 D2 0C 3A 9B 00 06 8F 11 A6 AA AA 
Time:	07:24:00,387
Send:	220001
Receive: 62 00 01 02 8D 00 97 1F 44 11 2A 02 34 01 44 10 9E 04 01 01 59 7B C8 58 C4 7B DD 41 F1 F7 8F A6 00 E6 03 7C 54 50 1E 1F C0 00 5A 0A 79 00 30 00 8C FC CE 4A 45 03 05 3C C0 78 D2 0C 3A 9B 00 09 0C 18 5D AA AA 
Time:	07:24:00,789
Send:	220001
Receive: 62 00 01 02 8D 00 97 1A 0A 12 29 02 1A 00 FE 0B A3 03 E1 01 17 75 C3 58 AD 78 5D 41 F1 F7 8B DF 00 E6 04 44 54 56 4F 1F C0 00 5A 0A D7 00 30 00 91 FC B1 4A 45 03 05 7C C0 78 D2 0C 3A 9B 00 08 B9 19 61 AA AA 
Time:	07:24:01,177
Send:	220001
Receive: 62 00 01 02 8D 00 97 17 EC 12 2E 01 1D 00 72 00 00 02 21 00 8A 80 8A 58 25 75 DD 41 F1 F7 8D 8D 00 E6 04 44 54 3A E3 1F C0 00 5A 0A DE 00 30 00 92 FC C1 4A 45 03 05 7D C8 78 D2 0C 3A 9B 00 04 E3 10 81 AA AA 
Time:	07:24:01,560
Send:	220001
Receive: 62 00 01 02 8D 00 97 15 26 11 2E 01 1F 00 74 00 00 02 0E 00 74 80 2E 58 2B 79 BD 41 F1 F7 8A C7 00 E6 04 44 54 37 55 1F C0 00 5A 0A DE 00 30 00 92 FD F0 4A 45 03 05 7D C8 78 D2 0C 3A 9B 00 04 BD 11 89 AA AA 
Time:	07:24:01,966
Send:	220001
Receive: NO DATA
Time:	07:24:02,256
Send:	220001
Receive: NO DATA
Time:	07:24:02,547
Send:	220001
Receive: NO DATA
Time:	07:24:02,839
Send:	220001
Receive: NO DATA
Time:	07:24:03,119
Send:	220001
Receive: NO DATA
Time:	07:24:03,403
Send:	220001
Receive: NO DATA
Time:	07:24:03,682
Send:	220001
Receive: NO DATA
Time:	07:24:03,972
Send:	220001
Receive: 62 00 01 02 8D 00 97 1C 6A 13 25 02 D7 01 FE 2A 66 05 D6 01 D1 80 26 58 21 78 7D 41 F1 F7 8D F4 00 E6 06 05 55 B3 33 1F C0 00 5A 0A 9F 00 30 00 A8 FC C2 4A 45 03 05 7C C2 78 D2 0C 3A 9B 00 0F 04 28 5A AA AA 
Time:	07:24:04,361
Send:	220001
Receive: 62 00 01 02 8D 00 97 1C 26 14 1F 03 F0 02 50 2F CC 07 7D 02 47 80 26 58 21 7D 9D 41 F1 F7 8E 43 00 E6 06 05 55 E4 C0 1F C0 00 5A 0A B1 00 30 00 A9 FC BD 4A 45 03 05 7C C2 78 D2 0C 3A 9B 00 11 B2 2C A1 AA AA 
Time:	07:24:04,748
Send:	220001
Receive: 62 00 01 02 8D 00 97 1E 50 15 1F 04 21 02 4E 31 0F 07 BE 02 A8 80 28 58 22 82 FD 41 F1 F7 90 1F 00 E6 06 05 55 F1 22 1F C0 00 5A 0A 82 00 30 00 A6 FC CB 4A 45 03 05 7C C2 78 D2 0C 3A 9B 00 11 C5 2B BF AA AA 
Time:	07:24:05,131
Send:	220001

Fixed toLineMF: 03E 62 00 01 02 8D 00 97 1F C4 16 20 03 D6 02 24 2C 0F 07 90 02 A4 80 B2 58 AF 7F FD 41 F1 F7 90 99 00 E6 00 5A 0A 6F 00 30 00 A5 FC D1 4A 45 03 01 7C C2 78 D2 0C 3A 9B 00 11 27 29 2D AA AA 
Receive: 62 00 01 02 8D 00 97 1F C4 16 20 03 D6 02 24 2C 0F 07 90 02 A4 80 B2 58 AF 7F FD 41 F1 F7 90 99 00 E6 00 5A 0A 6F 00 30 00 A5 FC D1 4A 45 03 01 7C C2 78 D2 0C 3A 9B 00 11 27 29 2D AA AA 

Fixed toLineMF: 03E 62 00 01 02 8D 00 97 1F C4 16 20 03 D6 02 24 2C 0F 07 90 02 A4 80 B2 58 AF 7F FD 41 F1 F7 90 99 00 E6 00 5A 0A 6F 00 30 00 A5 FC D1 4A 45 03 01 7C C2 78 D2 0C 3A 9B 00 11 27 29 2D AA AA 
Time:	07:24:05,527
Send:	220001
Receive: 62 00 01 02 8D 00 97 20 EA 17 27 02 57 01 4B 07 7A 05 1D 01 DC 80 C4 58 B9 7A 1D 41 F1 F7 91 9F 00 E6 0B 6D 55 8C 46 1F C0 00 5A 0A 5B 00 30 00 A4 FC D7 4A 45 03 01 7C C2 78 D2 0C 3A 9B 00 0B 57 1C 77 AA AA 
Time:	07:24:05,918
Send:	220001
Receive: 62 00 01 02 8D 00 97 21 26 17 2B 01 C9 01 2B 1A 99 03 EB 01 70 80 C9 58 BC 75 9D 41 F1 F7 91 4D 00 E6 05 07 55 7E 1D 1F C0 00 5A 0A 56 00 30 00 A4 FC D8 4A 45 03 01 7C C0 78 D2 0C 3A 9B 00 08 F6 17 02 AA AA 
Time:	07:24:06,296
Send:	220001
Receive: 62 00 01 02 8D 00 97 21 54 17 27 02 FB 01 E5 25 D1 05 EF 02 24 80 C8 58 BB 70 7D 41 F1 F7 91 C9 00 E6 05 07 55 BB 2B 1F C0 00 5A 0A 55 00 30 00 A4 FC D9 4A 45 03 01 7C C2 78 D2 0C 3A 9B 00 0D C0 21 A4 AA AA 
Time:	07:24:06,677
Send:	220001
Receive: 62 00 01 02 8D 00 97 21 EA 17 25 02 DB 01 D9 24 FF 06 42 02 58 80 BA 58 A1 6A 9D 41 F1 F7 92 75 00 E6 05 07 55 BE B4 1F C0 00 5A 0A 4A 00 30 00 A3 FC DC 4A 45 03 01 7C C2 78 D2 0C 3A 9B 00 0E 4B 22 B3 AA AA 
Time:	07:24:07,083
Send:	220001
Receive: 62 00 01 02 8D 00 97 22 6E 18 26 02 BD 01 C5 23 BD 05 EE 02 41 80 33 58 2F 6E 9D 41 F1 F7 92 B4 00 E6 07 DF 55 BB 2B 1F C0 00 5A 0A 42 00 30 00 A2 FC DF 4A 45 03 01 7C C2 78 D2 0C 3A 9B 00 0D 94 21 2C AA AA 
Time:	07:24:07,476
Send:	220001
Receive: 62 00 01 02 8D 00 97 22 D8 18 25 02 F4 01 FC 28 BD 06 64 02 6C 80 A5 58 A2 6C 5D 41 F1 F7 92 E3 00 E6 07 DF 55 CF 85 1F C0 00 5A 0A 3C 00 30 00 A2 FC E0 4A 45 03 01 7C C2 78 D2 0C 3A 9B 00 0E CE 23 A4 AA AA 
Time:	07:24:07,858
Send:	220001
Receive: 62 00 01 02 8D 00 97 23 56 18 25 03 1C 01 FC 28 51 06 86 02 86 80 41 58 4F 72 7D 41 F1 F7 93 82 00 E6 08 DC 54 D3 F4 1F C0 00 5A 0A 34 00 30 00 A2 FC E3 4A 45 03 01 7C C2 78 D2 0C 3A 9B 00 0E D1 23 98 AA AA 
Time:	07:24:08,248
Send:	220001
Receive: 62 00 01 02 8D 00 97 23 DE 19 25 02 F8 02 01 28 51 06 7E 02 8D 80 A8 58 9E 6C 5D 41 F1 F7 93 F2 00 E6 08 DC 54 D4 D5 1F C0 00 5A 0A 2B 00 30 00 A1 FC E6 4A 45 03 01 7C C2 78 D2 0C 3A 9B 00 0E F0 23 D8 AA AA 
Time:	07:24:08,628
Send:	220001

Fixed toLineMF: 03E 62 00 01 02 8D 00 97 24 7C 19 23 03 6B 02 42 2E 23 07 2B 02 41 F1 F7 94 37 00 E6 08 DC 54 FA 00 1F C0 00 5A 0A 22 00 30 00 A0 FC E8 4A 45 03 01 7C C2 78 D2 0C 3A 9B 00 10 66 27 32 AA AA 
Receive: 62 00 01 02 8D 00 97 24 7C 19 23 03 6B 02 42 2E 23 07 2B 02 41 F1 F7 94 37 00 E6 08 DC 54 FA 00 1F C0 00 5A 0A 22 00 30 00 A0 FC E8 4A 45 03 01 7C C2 78 D2 0C 3A 9B 00 10 66 27 32 AA AA 

Fixed toLineMF: 03E 62 00 01 02 8D 00 97 24 7C 19 23 03 6B 02 42 2E 23 07 2B 02 41 F1 F7 94 37 00 E6 08 DC 54 FA 00 1F C0 00 5A 0A 22 00 30 00 A0 FC E8 4A 45 03 01 7C C2 78 D2 0C 3A 9B 00 10 66 27 32 AA AA 
Time:	07:24:09,025
Send:	220001
Receive: 62 00 01 02 8D 00 97 25 4C 1A 23 03 88 02 60 2E 8F 07 49 02 FE 80 9B 58 9D 75 1D 41 F1 F7 94 98 00 E6 0B 33 54 FA 00 1F C0 00 5A 0A 15 00 30 00 A0 FC EC 4A 45 03 01 7C C2 78 D2 0C 3A 9B 00 10 A2 28 34 AA AA 
Time:	07:24:09,426
Send:	220001
Receive: 62 00 01 02 8D 00 97 26 1E 1A 24 03 A8 02 82 2F CC 07 40 03 03 80 2D 58 2B 7B DD 41 F1 F7 95 0A 00 E6 0B 33 54 FA 00 1F C0 00 5A 0A 07 00 30 00 9F FC F0 4A 45 03 01 7C C2 78 D2 0C 3A 9B 00 10 96 28 BE AA AA 
Time:	07:24:09,808
Send:	220001
Receive: 62 00 01 02 8D 00 97 27 22 1B 24 03 D9 02 94 2D B8 07 39 03 1D 80 39 58 47 82 9D 41 F1 F7 95 97 00 E6 0C 44 54 FA 00 1F C0 00 5A 09 F7 00 30 00 9E FC F5 4A 45 03 01 7C C2 78 D2 0C 3A 9B 00 10 8A 29 37 AA AA 
Time:	07:24:10,190
Send:	220001
Receive: 62 00 01 02 8D 00 97 27 CA 1C 25 03 81 02 79 2B 04 06 95 02 E9 80 33 58 2A 85 5D 41 F1 F7 96 9F 00 E6 0C 44 54 FA 00 1F C0 00 5A 09 EE 00 30 00 9D FC F8 4A 45 03 01 7C C2 78 D2 0C 3A 9B 00 0F 00 26 9A AA AA 
Time:	07:24:10,597
Send:	220001
Receive: 62 00 01 02 8D 00 97 28 C0 1C 25 03 E1 02 A3 2A D1 06 BE 03 07 80 33 58 2C 8C 1D 41 F1 F7 97 40 00 E6 0C 44 54 FA 00 1F C0 00 5A 09 DF 00 30 00 9C FC FD 4A 45 03 01 7C C2 78 D2 0C 3A 9B 00 0F 76 27 FA AA AA 
Time:	07:24:10,998
Send:	220001
Receive: 62 00 01 02 8D 00 97 29 96 1D 25 03 F3 02 B9 2A 66 06 CE 03 17 80 41 58 2B 8C 7D 41 F1 F7 97 CD 00 E6 0D F5 54 FA 00 1F C0 00 5A 09 D3 00 30 00 9C FD 00 4A 45 03 01 7C C2 78 D2 0C 3A 9B 00 0F 91 28 37 AA AA 
Time:	07:24:11,387
Send:	220001
Receive: 62 00 01 02 8D 00 97 2A 1C 1D 2C 02 84 02 01 1A 99 04 A0 02 27 80 97 58 7F 8E 5D 41 F1 F7 96 57 00 E6 0D F5 53 BB 2B 1F C0 00 5A 09 CB 00 30 00 9B FD 03 4A 45 03 01 7C C0 78 D2 0C 3A 9B 00 0A 8C 1D AD AA AA 
Time:	07:24:11,779
Send:	220001
Receive: 62 00 01 02 8D 00 97 2A 8C 1E 27 03 B6 02 99 24 FF 06 29 02 DA 80 A1 58 A2 8F 7D 41 F1 F7 97 EE 00 E6 0E 14 53 EE 7F 1F C0 00 5A 09 CA 00 30 00 9B FD 03 4A 45 03 01 7C C2 78 D2 0C 3A 9B 00 0E 05 24 D9 AA AA 
Time:	07:24:12,187
Send:	220001
Receive: 62 00 01 02 8D 00 97 2B B2 1E 26 03 D6 02 A3 25 D1 06 3D 02 FE 80 82 58 8E 94 9C 41 F1 F7 97 3B 00 E6 0E 14 53 FA 00 1F C0 00 5A 09 C9 00 30 00 9B FD 03 4A 45 03 01 7C C2 78 D2 0C 3A 9B 00 0E 27 24 F9 AA AA 
Time:	07:24:12,580
Send:	220001

Fixed toLineMF: 037 62 00 01 02 8D 00 97 2C 4A 1F 27 03 99 02 9E 24 FF 06 1A 02 FD 80 9E 58 9B 90 3D 41 F1 F7 96 FE 00 E6 9B FD 04 4A 45 03 01 7C C2 78 D2 0C 3A 9B 00 0E 01 24 97 AA AA 
Receive: 62 00 01 02 8D 00 97 2C 4A 1F 27 03 99 02 9E 24 FF 06 1A 02 FD 80 9E 58 9B 90 3D 41 F1 F7 96 FE 00 E6 9B FD 04 4A 45 03 01 7C C2 78 D2 0C 3A 9B 00 0E 01 24 97 AA AA 

Fixed toLineMF: 037 62 00 01 02 8D 00 97 2C 4A 1F 27 03 99 02 9E 24 FF 06 1A 02 FD 80 9E 58 9B 90 3D 41 F1 F7 96 FE 00 E6 9B FD 04 4A 45 03 01 7C C2 78 D2 0C 3A 9B 00 0E 01 24 97 AA AA 
Time:	07:24:12,961
Send:	220001
Receive: 62 00 01 02 8D 00 97 2C F0 1F 27 03 D2 02 A3 23 BD 06 21 03 06 80 8E 58 8F 96 1C 41 F1 F7 96 9F 00 E6 0E 14 53 FA 00 1F C0 00 5A 09 C8 00 30 00 9B FD 04 4A 45 03 01 7C C2 78 D2 0C 3A 9B 00 0D A7 23 C2 AA AA 
Time:	07:24:13,367
Send:	220001
Receive: 62 00 01 02 8D 00 97 2D 72 20 2B 02 F5 02 33 1C 42 04 E1 02 73 80 8D 58 89 95 FC 41 F1 F7 96 F8 00 E6 0E 14 53 CE A4 1F C0 00 5A 09 C8 00 30 00 9B FD 04 4A 45 03 01 7C C0 78 D2 0C 3A 9B 00 0A FA 1E 09 AA AA 
Time:	07:24:13,769
Send:	220001
Receive: 62 00 01 02 8D 00 98 2D BE 20 2C 02 AC 01 F2 08 85 04 65 02 3D 80 34 58 2D 95 FC 41 F1 F7 97 25 00 E6 0E 14 53 B7 A2 1F C0 00 5A 09 C7 00 30 00 9B FD 04 4A 45 03 01 7C C0 78 D2 0C 3A 9B 00 09 57 1A 8E AA AA 
Time:	07:24:14,150
Send:	220001
Receive: 62 00 01 02 8D 00 98 2D 48 20 2F 02 19 01 AC 00 00 03 69 01 B0 80 3E 58 29 95 1C 41 F1 F7 95 0F 00 E6 0A 3D 53 95 1F 1F C0 00 5A 09 C7 00 30 00 9B FA 43 4A 45 03 01 7D C8 78 D2 0C 3A 9B 00 07 8A 16 58 AA AA 
Time:	07:24:14,557
Send:	220001
Receive: 62 00 01 02 8D 00 98 2C CC 1F 30 01 AE 01 70 0D 7F 02 AE 01 55 80 AD 58 A4 92 3D 41 F1 F7 95 40 00 E6 0A 3D 53 81 AB 1F C0 00 5A 09 C7 00 30 00 9B FD 04 4A 45 03 01 7C C8 78 D2 0C 3A 9B 00 06 54 13 D4 AA AA 
Time:	07:24:14,937
Send:	220001
Receive: 62 00 01 02 8D 00 98 2C 4C 1F 2E 02 7E 02 15 17 AD 03 DA 01 D6 80 2C 58 26 95 DC 41 F1 F7 95 EF 00 E6 07 0A 53 B4 FA 1F C0 00 5A 09 C7 00 30 00 9B FD 04 4A 45 03 01 7C C0 78 D2 0C 3A 9B 00 09 46 1A 7B AA AA 
Time:	07:24:15,314
Send:	220001
Receive: 62 00 01 02 8D 00 98 2C 10 1F 2C 02 F1 02 29 1B D6 04 A0 02 39 80 B2 58 AD 95 1C 41 F1 F7 96 B5 00 E6 07 0A 53 C7 8D 1F C0 00 5A 09 C7 00 30 00 9B FD 04 4A 45 03 01 7C C0 78 D2 0C 3A 9B 00 0A 97 1D 5F AA AA 
Time:	07:24:15,724
Send:	220001
Receive: NO DATA
Time:	07:24:16,018
Send:	220001
Receive: NO DATA
Time:	07:24:16,293
Send:	220001
Receive: NO DATA
Time:	07:24:16,583
Send:	220001
Receive: NO DATA
Time:	07:24:16,868
Send:	220001
Receive: NO DATA
Time:	07:24:17,143
Send:	220001
Receive: NO DATA
Time:	07:24:17,424
Send:	220001
Receive: NO DATA
Time:	07:24:17,709
Send:	220001
Receive: NO DATA
Time:	07:24:18,006
Send:	220001
Receive: 62 00 01 02 8D 00 98 2F 0A 21 28 03 7C 02 80 21 A8 05 BE 02 F9 80 35 58 41 93 5D 41 F1 F7 95 EF 00 E6 0C CC 53 F0 41 1F C0 00 5A 09 C6 00 30 00 9B FD 04 4A 45 03 01 7C C2 78 D2 0C 3A 9B 00 0D 19 22 1D AA AA 
Time:	07:24:18,390
Send:	220001
Receive: 62 00 01 02 8D 00 98 2F 90 21 28 03 41 02 80 21 A8 05 BF 03 02 80 99 58 6D 8B 1D 41 F1 F7 95 B8 00 E6 0C CC 53 F1 22 1F C0 00 5A 09 C6 00 30 00 9B FD 04 4A 45 03 01 7C C2 78 D2 0C 3A 9B 00 0D 21 21 D5 AA AA 
Time:	07:24:18,777
Send:	220001
Receive: 62 00 01 02 8D 00 98 30 14 21 28 03 59 02 85 22 7F 05 DE 03 19 80 AF 58 A9 8C 1D 41 F1 F7 95 40 00 E6 0E 38 53 FA 00 1F C0 00 5A 09 C6 00 30 00 9B FD 04 4A 45 03 01 7C C2 78 D2 0C 3A 9B 00 0D 6E 22 04 AA AA 
Time:	07:24:19,168
Send:	220001

Fixed toLineMF: 03E 62 00 01 02 8D 00 98 30 78 22 28 03 4A 02 80 22 7F 05 DD 03 23 80 5F 58 30 8A DD 41 F1 F7 95 1A 00 E6 0E 38 52 FA 00 1F C0 00 5A 09 C6 00 30 00 9B FD 04 4A 45 03 01 7C C2 78 D2 0C 3A 9B 
Receive: 62 00 01 02 8D 00 98 30 78 22 28 03 4A 02 80 22 7F 05 DD 03 23 80 5F 58 30 8A DD 41 F1 F7 95 1A 00 E6 0E 38 52 FA 00 1F C0 00 5A 09 C6 00 30 00 9B FD 04 4A 45 03 01 7C C2 78 D2 0C 3A 9B 

Fixed toLineMF: 03E 62 00 01 02 8D 00 98 30 78 22 28 03 4A 02 80 22 7F 05 DD 03 23 80 5F 58 30 8A DD 41 F1 F7 95 1A 00 E6 0E 38 52 FA 00 1F C0 00 5A 09 C6 00 30 00 9B FD 04 4A 45 03 01 7C C2 78 D2 0C 3A 9B 
Time:	07:24:19,563
Send:	220001
Receive: 62 00 01 02 8D 00 98 31 0C 22 29 03 2E 02 7E 22 7F 05 DF 03 2B 80 AD 58 A3 86 9D 41 F1 F7 94 E4 00 E6 0E 38 52 FA 00 1F C0 FF 5A 09 C5 00 30 00 9B FD 05 4A 45 03 01 7C C2 78 D2 0C 3A 9B 00 0D 6B 21 5D AA AA 
Time:	07:24:19,969
Send:	220001
Receive: 62 00 01 02 8D 00 98 31 AA 22 29 03 2E 02 76 22 7F 05 E4 03 38 80 A0 58 9A 85 DD 41 F1 F7 94 8D 00 E6 0D 82 52 FA 00 1F C0 FF 5A 09 C5 00 30 00 9B FD 05 4A 45 03 01 7C C2 78 D2 0C 3A 9B 00 0D 69 20 EF AA AA 
Time:	07:24:20,356
Send:	220001

Fixed toLineMF: 03E 62 00 01 02 8D 00 98 31 CA 23 18 02 4B 01 E3 00 00 04 AF 02 8E 80 50 58 2F 83 7D 41 F1 F7 97 AB 00 E6 0D 82 52 C1 5C 1F C0 00 5A 09 C5 00 30 00 7D C8 78 D2 0C 3A 9B 00 09 C0 19 6F AA AA 
Receive: 62 00 01 02 8D 00 98 31 CA 23 18 02 4B 01 E3 00 00 04 AF 02 8E 80 50 58 2F 83 7D 41 F1 F7 97 AB 00 E6 0D 82 52 C1 5C 1F C0 00 5A 09 C5 00 30 00 7D C8 78 D2 0C 3A 9B 00 09 C0 19 6F AA AA 

Fixed toLineMF: 03E 62 00 01 02 8D 00 98 31 CA 23 18 02 4B 01 E3 00 00 04 AF 02 8E 80 50 58 2F 83 7D 41 F1 F7 97 AB 00 E6 0D 82 52 C1 5C 1F C0 00 5A 09 C5 00 30 00 7D C8 78 D2 0C 3A 9B 00 09 C0 19 6F AA AA 
Time:	07:24:20,751
Send:	220001
Receive: 62 00 01 02 8D 00 98 30 70 23 35 01 08 01 0A 00 00 01 EC 01 04 80 BA 58 B0 7F BD 41 F1 F7 95 40 00 E6 0D 82 52 64 78 1F C0 00 5A 09 C4 00 30 00 9B FA 1F 4A 45 03 05 7D C8 78 D2 0C 3A 9B 00 04 33 0E 70 AA AA 
Time:	07:24:21,156
Send:	220001
Receive: 62 00 01 02 8D 00 99 2B E4 22 35 00 00 01 08 00 00 01 AD 00 CD 80 29 58 1F 7F FD 41 F1 F7 95 40 00 E6 03 8E 52 58 11 1F C0 00 5A 09 C4 00 30 00 9B FA 58 4A 45 03 05 2D C9 78 D2 0C 3A 9B 00 03 B9 0D 9C AA AA 
Time:	07:24:21,559
Send:	220001
Receive: 62 00 01 02 8D 00 99 23 30 22 07 01 8E 00 C4 03 85 02 55 00 DC 80 22 58 18 7F FD 41 F1 F7 8F 3C 00 E6 03 8E 52 17 07 1F C0 00 5A 0A 3A 00 30 00 A2 FC E1 4A 45 03 05 3C C8 78 D2 0C 3A 9B 00 05 6F 0F 24 AA AA 
Time:	07:24:21,956
Send:	220001
Receive: 62 00 01 02 8D 00 99 1E DE 21 29 02 AD 01 82 16 70 04 6E 01 7C 79 C6 58 C4 7D 1D 41 F1 F7 8F 9B 00 E6 05 F9 52 17 7F 1F C0 00 5A 0A 73 00 30 00 A5 FC D0 4A 45 03 05 3C C8 78 D2 0C 3A 9B 00 0A A6 1B E5 AA AA 
Time:	07:24:22,345
Send:	220001
Receive: 62 00 01 02 8D 00 99 1E B6 21 27 03 46 01 CA 1F 2D 05 54 01 CD 77 CD 58 C1 78 9D 41 F1 F7 8F D3 00 E6 05 F9 53 19 41 1F C0 00 5A 0A 75 00 30 00 A6 FC CF 4A 45 03 05 7C C0 78 D2 0C 3A 9B 00 0C A0 20 54 AA AA 
Time:	07:24:22,746
Send:	220001
Receive: 62 00 01 02 8D 00 99 1F 0C 21 23 03 A3 02 06 27 47 06 78 02 36 77 CE 58 BF 73 3D 41 F1 F7 90 29 00 E6 05 F9 53 1B 08 1F C0 00 5A 0A 6E 00 30 00 A5 FC D1 4A 45 03 05 7C C2 78 D2 0C 3A 9B 00 0E C1 25 D3 AA AA 
Time:	07:24:23,150
Send:	220001
Receive: 62 00 01 02 8D 00 99 1F 56 22 23 03 72 01 FC 27 7A 06 93 02 43 7A CB 58 B6 6D BD 41 F1 F7 90 38 00 E6 09 99 53 1C CA 1F C0 00 5A 0A 6B 00 30 00 A5 FC D2 4A 45 03 01 7C C2 78 D2 0C 3A 9B 00 0F 13 25 BA AA AA 
Time:	07:24:23,546
Send:	220001
Receive: 62 00 01 02 8D 00 99 1F B4 22 25 02 D2 01 AC 20 D6 05 D6 02 0D 7C C6 58 B1 68 3D 41 F1 F7 90 BD 00 E6 09 99 53 1D B0 1F C0 00 5A 0A 66 00 30 00 A5 FC D4 4A 45 03 01 7C C2 78 D2 0C 3A 9B 00 0D 0B 20 D9 AA AA 
Time:	07:24:23,957
Send:	220001
Receive: 62 00 01 02 8D 00 99 1F E0 22 26 02 A4 01 AC 1F FF 05 A0 01 F7 7E C2 58 A8 62 FD 41 F1 F7 90 9E 00 E6 06 DA 53 1E 91 1F C0 00 5A 0A 64 00 30 00 A5 FC D4 4A 45 03 01 7C C2 78 D2 0C 3A 9B 00 0C C7 20 2B AA AA 
Time:	07:24:24,346
Send:	220001
Receive: 62 00 01 02 8D 00 99 1F E4 22 26 02 7C 01 A7 1F 94 05 80 01 EE 7F 9F 58 2B 60 DE 41 F1 F7 90 AD 00 E6 06 DA 53 20 58 1F C0 00 5A 0A 65 00 30 00 A5 FC D4 4A 45 03 01 7C C2 78 D2 0C 3A 9B 00 0C 98 1F AF AA AA 
Time:	07:24:24,738
Send:	220001
Receive: 62 00 01 02 8D 00 99 1F E4 22 2A 02 00 01 39 12 47 04 85 01 94 80 32 58 2D 65 FD 41 F1 F7 90 99 00 E6 06 DA 53 21 39 1F C0 00 5A 0A 64 00 30 00 A5 FC D4 4A 45 03 01 7C C0 78 D2 0C 3A 9B 00 0A 23 1A 1A AA AA 
Time:	07:24:25,126
Send:	220001
Receive: 62 00 01 02 8D 00 99 1F B6 22 2B 01 BB 01 25 0D 4C 03 C1 01 4C 80 3C 58 43 6A 3D 41 F1 F7 8F D3 00 E6 05 07 53 22 FB 1F C0 00 5A 0A 68 00 30 00 A5 FC D3 4A 45 03 01 7C C0 78 D2 0C 3A 9B 00 08 8A 16 41 AA AA 
Time:	07:24:25,520
Send:	220001
Receive: 62 00 01 02 8D 00 99 1F 8C 22 2B 02 05 01 75 16 05 04 19 01 6B 80 AA 58 9E 65 1D 41 F1 F7 90 52 00 E6 05 07 53 24 C2 1F C0 00 5A 0A 6B 00 30 00 A5 FC D2 4A 45 03 01 7C C0 78 D2 0C 3A 9B 00 09 98 18 E3 AA AA 
Time:	07:24:25,946
Send:	220001
Receive: 62 00 01 02 8D 00 99 1F 90 22 2A 02 7A 01 B1 20 6B 04 ED 01 B6 80 AD 58 9A 60 9E 41 F1 F7 90 7A 00 E6 05 7B 53 25 A3 1F C0 00 5A 0A 6A 00 30 00 A5 FC D2 4A 45 03 01 7C C0 78 D2 0C 3A 9B 00 0B D3 1E 26 AA AA 
Time:	07:24:26,336
Send:	220001
Receive: 62 00 01 02 8D 00 99 1F 76 22 29 02 5C 01 84 19 5C 05 08 01 BD 80 53 58 2E 5F FE 41 F1 F7 90 57 00 E6 05 7B 53 27 6A 1F C0 00 5A 0A 6B 00 30 00 A5 FC D2 4A 45 03 01 7C C0 78 D2 0C 3A 9B 00 0B 5D 1D 3D AA AA 
Time:	07:24:26,717
Send:	220001
Receive: 62 00 01 02 8D 00 9A 1F 94 22 28 02 6A 01 89 1B 05 05 0C 01 BF 80 36 58 3D 67 BD 41 F1 F7 90 48 00 E6 05 7B 53 28 4B 1F C0 00 5A 0A 6A 00 30 00 A5 FC D2 4A 45 03 01 7C C0 78 D2 0C 3A 9B 00 0B 87 1D 99 AA AA 
Time:	07:24:27,116
Send:	220001
Receive: 62 00 01 02 8D 00 9A 1F C4 22 28 02 5E 01 91 1D 19 05 23 01 CA 80 A8 58 97 61 5E 41 F1 F7 90 8F 00 E6 06 66 53 2A 12 1F C0 00 5A 0A 69 00 30 00 A5 FC D3 4A 45 03 01 7C C0 78 D2 0C 3A 9B 00 0B D8 1D EE AA AA 
Time:	07:24:27,506
Send:	220001
Receive: 62 00 01 02 8D 00 9A 20 14 23 27 02 96 01 A5 1E F5 05 6F 01 ED 80 9B 58 9F 62 FD 41 F1 F7 90 F5 00 E6 06 66 54 2B D4 1F C0 00 5A 0A 61 00 30 00 A4 FC D5 4A 45 03 01 7C C0 78 D2 0C 3A 9B 00 0C 79 1F 3D AA AA 
Time:	07:24:27,897
Send:	220001
Receive: 62 00 01 02 8D 00 9A 20 7A 23 26 02 B9 01 C5 22 14 05 D2 02 13 80 AA 58 9F 5D 9E 41 F1 F7 91 23 00 E6 06 66 54 2C BA 1F C0 00 5A 0A 5C 00 30 00 A4 FC D7 4A 45 03 01 7C C2 78 D2 0C 3A 9B 00 0D 4F 20 F1 AA AA 
Time:	07:24:28,278
Send:	220001
Receive: 62 00 01 02 8D 00 9A 20 E6 23 23 02 F0 01 CA 21 E1 06 52 02 51 80 45 58 35 5F 1E 41 F1 F7 91 61 00 E6 06 66 54 2E 7C 1F C0 00 5A 0A 54 00 30 00 A4 FC D9 4A 45 03 01 7C C2 78 D2 0C 3A 9B 00 0D D0 21 D6 AA AA 
Time:	07:24:28,678
Send:	220001

Fixed toLineMF: 030 62 00 01 02 8D 00 01 F2 28 84 06 48 02 41 F1 F7 91 CE 00 E6 00 5A 0A 4F 00 30 00 A3 FC DA 4A 45 03 01 7C C2 78 D2 0C 3A 9B 00 0E 47 22 C4 AA AA 
Receive: 62 00 01 02 8D 00 01 F2 28 84 06 48 02 41 F1 F7 91 CE 00 E6 00 5A 0A 4F 00 30 00 A3 FC DA 4A 45 03 01 7C C2 78 D2 0C 3A 9B 00 0E 47 22 C4 AA AA 

Fixed toLineMF: 030 62 00 01 02 8D 00 01 F2 28 84 06 48 02 41 F1 F7 91 CE 00 E6 00 5A 0A 4F 00 30 00 A3 FC DA 4A 45 03 01 7C C2 78 D2 0C 3A 9B 00 0E 47 22 C4 AA AA 
Time:	07:24:29,059
Send:	220001
Receive: 62 00 01 02 8D 00 9A 21 9A 24 25 02 F1 01 EA 27 14 06 56 02 57 80 39 58 2C 60 3E 41 F1 F7 92 07 00 E6 07 4F 54 31 24 1F C0 00 5A 0A 4A 00 30 00 A3 FC DC 4A 45 03 01 7C C2 78 D2 0C 3A 9B 00 0E 98 23 5A AA AA 
Time:	07:24:29,450
Send:	220001

Fixed toLineMF: 03E 62 00 01 02 8D 00 9A 22 18 25 25 02 E6 01 ED 27 14 06 58 02 60 80 A4 58 A0 5D 5E 41 F1 F7 92 7A 00 E6 07 4F 53 32 EB 1F C0 00 5A 0A 43 00 30 00 A2 FC DE 4A 45 03 01 7C C2 78 D2 0C 3A 9B 
Receive: 62 00 01 02 8D 00 9A 22 18 25 25 02 E6 01 ED 27 14 06 58 02 60 80 A4 58 A0 5D 5E 41 F1 F7 92 7A 00 E6 07 4F 53 32 EB 1F C0 00 5A 0A 43 00 30 00 A2 FC DE 4A 45 03 01 7C C2 78 D2 0C 3A 9B 

Fixed toLineMF: 03E 62 00 01 02 8D 00 9A 22 18 25 25 02 E6 01 ED 27 14 06 58 02 60 80 A4 58 A0 5D 5E 41 F1 F7 92 7A 00 E6 07 4F 53 32 EB 1F C0 00 5A 0A 43 00 30 00 A2 FC DE 4A 45 03 01 7C C2 78 D2 0C 3A 9B 
Time:	07:24:29,824
Send:	220001
Receive: 62 00 01 02 8D 00 9A 22 AE 25 25 02 FD 01 F4 26 A8 06 57 02 68 80 4B 58 66 62 9D 41 F1 F7 92 FD 00 E6 07 DF 53 33 CC 1F C0 00 5A 0A 3A 00 30 00 A2 FC E1 4A 45 03 01 7C C2 78 D2 0C 3A 9B 00 0E 83 23 0F AA AA 
Time:	07:24:30,215
Send:	220001
Receive: 62 00 01 02 8D 00 9A 23 46 26 26 02 F3 01 F4 26 3D 06 4C 02 71 80 3F 58 2D 61 1E 41 F1 F7 93 8C 00 E6 07 DF 53 35 93 1F C0 00 5A 0A 2F 00 30 00 A1 FC E4 4A 45 03 01 7C C2 78 D2 0C 3A 9B 00 0E 56 22 A8 AA AA 
Time:	07:24:30,617
Send:	220001
Receive: 62 00 01 02 8D 00 9A 23 D4 27 26 02 DD 01 FE 26 3D 06 44 02 78 80 A6 58 9D 5C 7E 41 F1 F7 93 E7 00 E6 07 DF 53 36 74 1F C0 00 5A 0A 26 00 30 00 A1 FC E7 4A 45 03 01 7C C2 78 D2 0C 3A 9B 00 0E 51 22 93 AA AA 
Time:	07:24:31,018
Send:	220001
Receive: 62 00 01 02 8D 00 9A 24 60 27 26 02 EF 01 FE 25 9E 06 35 02 81 80 32 58 32 61 FE 41 F1 F7 94 47 00 E6 08 88 53 38 3B 1F C0 00 5A 0A 1D 00 30 00 A0 FC EA 4A 45 03 01 7C C2 78 D2 0C 3A 9B 00 0E 23 22 66 AA AA 
Time:	07:24:31,416
Send:	220001
Receive: 62 00 01 02 8D 00 9A 24 F2 28 27 02 ED 02 0B 25 D1 06 2E 02 86 80 46 58 31 61 DE 41 F1 F7 94 B3 00 E6 08 88 53 39 FD 1F C0 FF 5A 0A 14 00 30 00 A0 FC ED 4A 45 03 01 7C C2 78 D2 0C 3A 9B 00 0E 1C 22 81 AA AA 
Time:	07:24:31,797
Send:	220001
Receive: 62 00 01 02 8D 00 9B 25 BC 29 28 03 08 02 1F 25 D1 06 25 02 8F 80 44 58 33 68 1D 41 F1 F7 95 2A 00 E6 08 88 53 3B C4 1F C0 FF 5A 0A 08 00 30 00 9F FC F0 4A 45 03 01 7C C2 78 D2 0C 3A 9B 00 0D FF 22 A2 AA AA 
Time:	07:24:32,194
Send:	220001
Receive: 62 00 01 02 8D 00 9B 26 40 29 28 03 1E 02 29 25 D1 06 10 02 8F 80 49 58 5F 6E 9D 41 F1 F7 95 81 00 E6 08 88 53 3D 86 1F C0 FF 5A 0A 00 00 30 00 9E FC F3 4A 45 03 01 7C C2 78 D2 0C 3A 9B 00 0D CA 22 B5 AA AA 
Time:	07:24:32,576
Send:	220001

Fixed toLineMF: 03E 62 00 01 02 8D 00 9B 26 A4 2A 28 03 15 02 3D 25 D1 06 24 02 99 80 95 58 71 69 FD 41 F1 F7 95 B8 00 E6 FF 5A 09 FA 00 30 00 9E FC F4 4A 45 03 01 7C C2 78 D2 0C 3A 9B 00 0E 11 23 8B AA AA 
Receive: 62 00 01 02 8D 00 9B 26 A4 2A 28 03 15 02 3D 25 D1 06 24 02 99 80 95 58 71 69 FD 41 F1 F7 95 B8 00 E6 FF 5A 09 FA 00 30 00 9E FC F4 4A 45 03 01 7C C2 78 D2 0C 3A 9B 00 0E 11 23 8B AA AA 

Fixed toLineMF: 03E 62 00 01 02 8D 00 9B 26 A4 2A 28 03 15 02 3D 25 D1 06 24 02 99 80 95 58 71 69 FD 41 F1 F7 95 B8 00 E6 FF 5A 09 FA 00 30 00 9E FC F4 4A 45 03 01 7C C2 78 D2 0C 3A 9B 00 0E 11 23 8B AA AA 
Time:	07:24:32,969
Send:	220001
Receive: 62 00 01 02 8D 00 9B 27 1A 2A 28 03 52 02 4E 24 61 06 32 02 AB 80 36 58 47 73 7D 41 F1 F7 95 FF 00 E6 09 99 53 40 2E 1F C0 FF 5A 09 F4 00 30 00 9E FC F6 4A 45 03 01 7C C2 78 D2 0C 3A 9B 00 0E 14 23 F5 AA AA 
Time:	07:24:33,356
Send:	220001
Receive: 62 00 01 02 8D 00 9B 27 78 2B 2B 02 89 01 DE 1B 05 05 08 02 39 80 35 58 28 75 1D 41 F1 F7 95 CE 00 E6 09 99 53 41 F5 1F C0 00 5A 09 EF 00 30 00 9D FC F8 4A 45 03 01 7C C2 78 D2 0C 3A 9B 00 0A E1 1D 8A AA AA 
Time:	07:24:33,735
Send:	220001
Receive: 62 00 01 02 8D 00 9B 28 04 2B 2D 01 E6 01 87 0D EB 03 D0 01 B3 80 2A 58 22 7A BD 41 F1 F7 94 3D 00 E6 09 99 53 43 BC 1F C0 00 5A 09 E5 00 30 00 9D FC FB 4A 45 03 01 7C C0 78 D2 0C 3A 9B 00 08 61 18 2C AA AA 
Time:	07:24:34,131
Send:	220001
Receive: 62 00 01 02 8D 00 9B 28 48 2C 2F 01 AC 01 66 00 00 03 18 01 63 80 29 58 21 7F 9D 41 F1 F7 93 AC 00 E6 05 D1 53 47 45 1F C0 00 5A 09 E3 00 30 00 9C FA 70 4A 45 03 01 7D C8 78 D2 0C 3A 9B 00 06 BA 14 CD AA AA 
Time:	07:24:34,518
Send:	220001
Receive: 62 00 01 02 8D 00 9B 28 A4 2C 31 01 70 01 34 00 00 02 81 01 20 80 2B 58 23 83 DD 41 F1 F7 94 0C 00 E6 05 D1 52 4B AF 1F C0 00 5A 09 DC 00 30 00 9C FA 71 4A 45 03 01 7D C8 78 D2 0C 3A 9B 00 05 9E 12 04 AA AA 
Time:	07:24:34,933
Send:	220001
Receive: 62 00 01 02 8D 00 9B 29 0E 2C 34 01 4A 01 2D 09 C2 02 1A 00 F1 80 37 58 52 87 DD 41 F1 F7 94 5D 00 E6 04 11 52 50 FF 1F C0 00 5A 09 D3 00 30 00 9C FD 00 4A 45 03 01 7C C8 78 D2 0C 3A 9B 00 04 E8 10 2B AA AA 
Time:	07:24:35,327
Send:	220001
Receive: 62 00 01 02 8D 00 9B 29 CA 2D 2D 02 C7 02 21 19 5C 04 43 01 E3 80 2B 58 25 88 BD 41 F1 F7 95 45 00 E6 04 11 52 55 6E 1F C0 00 5A 09 CB 00 30 00 9B FD 03 4A 45 03 01 7C C0 78 D2 0C 3A 9B 00 0A 2D 1C A4 AA AA 
Time:	07:24:35,718
Send:	220001
Receive: 62 00 01 02 8D 00 9B 2A 06 2D 2C 02 F7 02 24 1B 38 04 C5 02 31 80 4A 58 30 89 DD 41 F1 F7 96 8F 00 E6 04 11 53 58 11 1F C0 00 5A 09 C8 00 30 00 9B FD 04 4A 45 03 01 7C C0 78 D2 0C 3A 9B 00 0A F2 1E 72 AA AA 
Time:	07:24:36,106
Send:	220001
Receive: 62 00 01 02 8D 00 9B 2A AE 2E 2E 02 21 01 A5 00 00 03 A2 01 BB 80 39 58 27 8B 7D 41 F1 F7 95 35 00 E6 09 E2 53 5B 9F 1F C0 00 5A 09 C6 00 30 00 9B FA 63 4A 45 03 01 7D C8 78 D2 0C 3A 9B 00 07 F5 17 83 AA AA 
Time:	07:24:36,516
Send:	220001
Receive: 62 00 01 02 8D 00 9B 2B 3C 2F 30 01 BA 01 69 00 00 02 C1 01 4F 80 2C 58 25 90 7D 41 F1 F7 95 45 00 E6 09 E2 53 60 09 1F C0 00 5A 09 C6 00 30 00 9B FA 5C 4A 45 03 01 7D C8 78 D2 0C 3A 9B 00 06 1B 13 6C AA AA 
Time:	07:24:36,918
Send:	220001
Receive: 62 00 01 02 8D 00 9B 2B 68 2F 33 01 68 01 21 00 00 02 1A 01 03 80 35 58 36 94 DC 41 F1 F7 95 40 00 E6 05 1E 53 66 3A 1F C0 00 5A 09 C6 00 30 00 9B FA 59 4A 45 03 01 7D C8 78 D2 0C 3A 9B 00 04 9C 10 08 AA AA 
Time:	07:24:37,318
Send:	220001
Receive: 62 00 01 02 8D 00 9C 2B AC 2F 35 01 05 00 FE 00 00 01 74 00 B0 80 AE 58 A4 90 7D 41 F1 F7 95 40 00 E6 05 1E 53 57 30 1F C0 00 5A 09 C6 00 30 00 9B FA 57 4A 45 03 01 3D C8 78 D2 0C 3A 9B 00 03 71 0D 28 AA AA 
Time:	07:24:37,706
Send:	220001
Receive: 62 00 01 02 8D 00 9C 2B 6C 2F F3 00 00 01 00 00 00 01 A0 00 C1 80 2A 58 23 7F FD 41 F1 F7 95 40 00 E6 05 1E 53 00 00 1F C0 00 5A 09 C7 00 30 00 9B FA 59 4A 45 03 01 29 C9 78 D2 0C 3A 9B 00 03 BF 0D E6 AA AA 
Time:	07:24:38,096
Send:	220001
Receive: 62 00 01 02 8D 00 9C 2B 48 2F F2 00 00 01 08 00 00 01 BF 00 D3 80 1F 58 18 7F FD 41 F1 F7 95 40 00 E6 00 00 53 00 00 1F C0 00 5A 09 C7 00 30 00 9B FA 5B 4A 45 03 01 29 C9 78 D2 0C 3A 9B 00 04 02 0E 8D AA AA 
Time:	07:24:38,484
Send:	220001
Receive: 62 00 01 02 8D 00 9C 2B 3A 2F F1 00 00 01 08 00 00 01 C3 00 D6 80 1F 58 16 7F FD 41 F1 F7 95 40 00 E6 00 00 53 00 00 1F C0 00 5A 09 C8 00 30 00 9B FA 5B 4A 45 03 01 29 C9 78 D2 0C 3A 9B 00 04 09 0E 9C AA AA 
Time:	07:24:38,869
Send:	220001
Receive: 62 00 01 02 8D 00 9C 2B 0C 2F F3 00 00 01 08 03 19 01 A0 00 C4 80 1E 58 16 7F FD 41 F1 F7 95 40 00 E6 00 00 53 00 00 1F C0 00 5A 09 C8 00 30 00 9B FA 5D 4A 45 03 01 29 C9 78 D2 0C 3A 9B 00 04 00 0E BB AA AA 
Time:	07:24:39,266
Send:	220001
Receive: 62 00 01 02 8D 00 9C 2B 10 2E 35 01 32 01 44 0B 38 01 AE 00 C0 78 24 58 1F 80 DD 41 F1 F7 95 40 00 E6 00 00 53 17 07 1F C0 00 5A 09 C9 00 30 00 9B FD 03 4A 45 03 01 3C C8 78 D2 0C 3A 9B 00 04 5C 0F 69 AA AA 
Time:	07:24:39,659
Send:	220001
Receive: 62 00 01 02 8D 00 9C 2B D8 2F 30 02 0D 01 CF 10 9E 03 1A 01 7A 79 2B 58 25 85 5D 41 F1 F7 95 25 00 E6 00 00 54 18 60 1F C0 00 5A 09 CA 00 30 00 9B FD 03 4A 45 03 01 3C C0 78 D2 0C 3A 9B 00 07 A9 16 C3 AA AA 
Time:	07:24:40,045
Send:	220001
Receive: 62 00 01 02 8D 00 9C 2B 4A 2F 2E 02 3A 01 CF 11 0A 03 7F 01 A6 76 9F 58 8E 83 BD 41 F1 F7 95 1F 00 E6 08 51 54 19 41 1F C0 00 5A 09 CB 00 30 00 9B FD 03 4A 45 03 01 7C C0 78 D2 0C 3A 9B 00 07 EF 17 4B AA AA 
Time:	07:24:40,438
Send:	220001
Receive: 62 00 01 02 8D 00 9C 2B D8 2F 2E 02 49 01 CF 11 0A 03 77 01 AC 79 8E 58 96 88 1D 41 F1 F7 95 1A 00 E6 08 51 54 1B 08 1F C0 00 5A 09 CB 00 30 00 9B FD 03 4A 45 03 01 7C C0 78 D2 0C 3A 9B 00 07 E7 17 30 AA AA 
Time:	07:24:40,829
Send:	220001
Receive: 62 00 01 02 8D 00 9C 2C 4C 30 2E 02 38 01 C7 10 9E 03 6C 01 A9 7B 2F 58 2C 8A FD 41 F1 F7 95 0A 00 E6 07 AE 54 1B E9 1F C0 00 5A 09 CB 00 30 00 9B FD 03 4A 45 03 01 7C C0 78 D2 0C 3A 9B 00 07 CF 16 F5 AA AA 
Time:	07:24:41,227
Send:	220001
Receive: 62 00 01 02 8D 00 9C 2C 98 30 2F 02 1C 01 BB 00 00 03 59 01 A5 80 5E 58 2F 8A 1D 41 F1 F7 95 0F 00 E6 07 AE 54 1D B0 1F C0 00 5A 09 CB 00 30 00 9B FA 48 4A 45 03 01 7D C8 78 D2 0C 3A 9B 00 07 7E 16 36 AA AA 
Time:	07:24:41,629
Send:	220001
Receive: 62 00 01 02 8D 00 9C 2C C4 30 31 01 A1 01 66 00 00 02 97 01 4A 80 AC 58 AB 89 3D 41 F1 F7 95 40 00 E6 07 AE 54 1E 91 1F C0 00 5A 09 CA 00 30 00 9B FA 46 4A 45 03 01 7D C8 78 D2 0C 3A 9B 00 05 AA 12 4E AA AA 
Time:	07:24:42,021
Send:	220001
Receive: 62 00 01 02 8D 00 9C 2C A2 30 34 01 34 01 00 00 00 01 CC 00 E3 80 2B 58 27 8C 3D 41 F1 F7 95 40 00 E6 05 1E 53 20 58 1F C0 00 5A 09 CA 00 30 00 9B FA 49 4A 45 03 01 7D C8 78 D2 0C 3A 9B 00 03 D2 0E 06 AA AA 
Time:	07:24:42,419
Send:	220001
Receive: 62 00 01 02 8D 00 9C 2C 8E 30 FF 01 2A 01 0C 00 00 01 9D 00 CC 80 28 58 23 90 5D 41 F1 F7 95 40 00 E6 05 1E 53 22 1A 1F C0 00 5A 09 CA 00 30 00 9B FA 49 4A 45 03 01 3D C8 78 D2 0C 3A 9B 00 03 B7 0D BB AA AA 
Time:	07:24:42,806
Send:	220001
Receive: 62 00 01 02 8D 00 9C 2C 16 30 F2 00 00 01 0F 00 00 01 B6 00 D4 80 21 58 1A 7F FD 41 F1 F7 95 40 00 E6 00 00 53 00 00 1F C0 00 5A 09 CA 00 30 00 9B FA 50 4A 45 03 01 29 C9 78 D2 0C 3A 9B 00 03 F5 0E 56 AA AA 
Time:	07:24:43,187
Send:	220001
Receive: 62 00 01 02 8D 00 9C 2B AA 2F F1 00 00 01 0C 00 00 01 C4 00 DA 80 1D 58 17 7F FD 41 F1 F7 95 40 00 E6 00 00 53 00 00 1F C0 00 5A 09 CA 00 30 00 9B FA 55 4A 45 03 01 29 C9 78 D2 0C 3A 9B 00 04 0B 0E 94 AA AA 
Time:	07:24:43,565
Send:	220001
Receive: 62 00 01 02 8D 00 9C 2B 52 2F F1 01 6A 01 0A 07 AE 01 C9 00 D7 80 1D 58 16 7F FD 41 F1 F7 95 40 00 E6 00 00 53 00 00 1F C0 00 5A 09 CA 00 30 00 9B FD 03 4A 45 03 01 28 C8 78 D2 0C 3A 9B 00 04 17 0E B4 AA AA 
Time:	07:24:43,973
Send:	220001
Receive: 62 00 01 02 8D 00 9C 2B 14 2F 0E 01 5D 01 61 13 1E 01 F2 00 E6 78 26 58 23 81 FD 41 F1 F7 95 40 00 E6 03 D7 53 17 61 1F C0 00 5A 09 CA 00 30 00 9B FD 03 4A 45 03 01 3C C8 78 D2 0C 3A 9B 00 05 27 11 37 AA AA 
Time:	07:24:44,358
Send:	220001
Receive: 62 00 01 02 8D 00 9C 2A F4 2E 2E 02 79 01 F2 13 BD 03 AF 01 B8 78 2B 58 26 86 BD 41 F1 F7 95 45 00 E6 03 D7 54 18 60 1F C0 00 5A 09 CA 00 30 00 9B FD 03 4A 45 03 01 3C C0 78 D2 0C 3A 9B 00 08 BB 19 28 AA AA 
Time:	07:24:44,765
Send:	220001
Receive: 62 00 01 02 8D 00 9C 2B 4C 2F 2D 02 76 01 EF 13 F0 03 E2 01 DA 77 A5 58 85 83 9D 41 F1 F7 95 A8 00 E6 03 D7 54 1A 22 1F C0 00 5A 09 CB 00 30 00 9B FD 03 4A 45 03 01 7C C0 78 D2 0C 3A 9B 00 08 E3 19 87 AA AA 
Time:	07:24:45,164
Send:	220001
Receive: 62 00 01 02 8D 00 9D 2B 94 2F 2D 02 6A 01 E0 12 14 03 D4 01 D4 79 9C 58 9B 86 5D 41 F1 F7 95 A8 00 E6 08 F5 54 1B 08 1F C0 00 5A 09 CB 00 30 00 9B FD 03 4A 45 03 01 7C C0 78 D2 0C 3A 9B 00 08 8A 18 A9 AA AA 
Time:	07:24:45,545
Send:	220001
Receive: 62 00 01 02 8D 00 9D 2B D4 2F 2F 02 1D 01 B1 00 33 03 5A 01 9F 80 5E 58 92 8B 5D 41 F1 F7 95 0F 00 E6 08 F5 54 1C CA 1F C0 00 5A 09 CB 00 30 00 9B FA 52 4A 45 03 01 7D C8 78 D2 0C 3A 9B 00 07 66 16 05 AA AA 
Time:	07:24:45,937
Send:	220001
Receive: 62 00 01 02 8D 00 9D 2C 02 30 31 01 A2 01 64 00 00 02 8E 01 3E 80 2B 58 26 8B 5D 41 F1 F7 95 40 00 E6 06 66 54 1D B0 1F C0 00 5A 09 CA 00 30 00 9B FA 50 4A 45 03 01 7D C8 78 D2 0C 3A 9B 00 05 9A 12 2F AA AA 
Time:	07:24:46,316
Send:	220001
Receive: 62 00 01 02 8D 00 9D 2B CC 2F 34 01 40 00 FE 00 00 01 D3 00 DF 80 32 58 39 8F 9D 41 F1 F7 95 40 00 E6 06 66 53 1F 72 1F C0 00 5A 09 CA 00 30 00 9B FA 52 4A 45 03 01 7D C8 78 D2 0C 3A 9B 00 03 F5 0E 5C AA AA 
Time:	07:24:46,706
Send:	220001
Receive: 62 00 01 02 8D 00 9D 2B 60 2F 06 01 1F 01 05 00 00 01 8E 00 BC 80 28 58 23 8F 1D 41 F1 F7 95 40 00 E6 06 66 53 21 39 1F C0 00 5A 09 CA 00 30 00 9B FA 59 4A 45 03 01 3D C8 78 D2 0C 3A 9B 00 03 AA 0D A4 AA AA 
Time:	07:24:47,096
Send:	220001
Receive: 62 00 01 02 8D 00 9D 2A F8 2F F3 00 00 01 07 00 00 01 A4 00 C3 80 23 58 1C 7F FD 41 F1 F7 95 40 00 E6 03 33 53 00 00 1F C0 00 5A 09 CA 00 30 00 9B FA 5E 4A 45 03 01 29 C9 78 D2 0C 3A 9B 00 03 CE 0E 06 AA AA 
Time:	07:24:47,496
Send:	220001
Receive: 62 00 01 02 8D 00 9D 2A 7C 2E F1 00 00 01 03 00 00 01 C3 00 D3 80 1C 58 17 7F FD 41 F1 F7 95 40 00 E6 03 33 53 00 00 1F C0 00 5A 09 CA 00 30 00 9B FA 63 4A 45 03 01 29 C9 78 D2 0C 3A 9B 00 04 10 0E AB AA AA 
Time:	07:24:47,889
Send:	220001
Receive: 62 00 01 02 8D 00 9D 29 F2 2D F0 00 00 01 03 00 00 01 C4 00 D4 80 1C 58 16 7F FD 41 F1 F7 95 04 00 E6 00 00 54 00 00 1F C0 00 5A 09 CE 00 30 00 9B FA 68 4A 45 03 01 29 C9 78 D2 0C 3A 9B 00 03 F9 0E DE AA AA 
Time:	07:24:48,266
Send:	220001

Fixed toLineMF: 03E 62 00 01 02 8D 00 9D 29 84 2D F1 00 00 01 03 00 00 01 C6 00 CE 80 1C 58 16 7F FD 41 F1 F7 94 9D 00 E6 00 00 54 00 00 1F C0 00 5A 09 D5 00 30 00 29 C9 78 D2 0C 3A 9B 00 04 21 0E FE AA AA 
Receive: 62 00 01 02 8D 00 9D 29 84 2D F1 00 00 01 03 00 00 01 C6 00 CE 80 1C 58 16 7F FD 41 F1 F7 94 9D 00 E6 00 00 54 00 00 1F C0 00 5A 09 D5 00 30 00 29 C9 78 D2 0C 3A 9B 00 04 21 0E FE AA AA 

Fixed toLineMF: 03E 62 00 01 02 8D 00 9D 29 84 2D F1 00 00 01 03 00 00 01 C6 00 CE 80 1C 58 16 7F FD 41 F1 F7 94 9D 00 E6 00 00 54 00 00 1F C0 00 5A 09 D5 00 30 00 29 C9 78 D2 0C 3A 9B 00 04 21 0E FE AA AA 
Time:	07:24:48,667
Send:	220001
Receive: 62 00 01 02 8D 00 9D 28 DA 2C ED 00 00 00 F6 00 00 01 FC 00 E4 80 1E 58 16 7F FD 41 F1 F7 94 17 00 E6 00 00 54 00 00 1F C0 00 5A 09 DF 00 30 00 9C FA 6D 4A 45 03 01 29 C9 78 D2 0C 3A 9B 00 04 E1 0F B5 AA AA 
Time:	07:24:49,046
Send:	220001
Receive: 62 00 01 02 8D 00 9D 28 26 2B ED 00 00 00 D6 00 00 01 F2 00 DC 80 1C 58 16 7F FD 41 F1 F7 93 92 00 E6 00 00 54 00 00 1F C0 00 5A 09 EA 00 30 00 9D FA 6E 4A 45 03 01 29 C9 78 D2 0C 3A 9B 00 04 73 0F 14 AA AA 
Time:	07:24:49,439
Send:	220001
Receive: 62 00 01 02 8D 00 9D 27 80 2B F0 00 00 00 D8 00 00 01 E2 00 D0 80 1D 58 16 7F FD 41 F1 F7 92 EE 00 E6 00 00 54 00 00 1F C0 00 5A 09 F4 00 30 00 9E FA 6F 4A 45 03 01 29 C9 78 D2 0C 3A 9B 00 04 4C 0D F2 AA AA 
Time:	07:24:49,826
Send:	220001

Fixed toLineMF: 03E 62 00 01 02 8C 00 9D 26 DA 2A EE 00 00 00 DB 00 00 01 FB 00 41 F1 F7 92 75 00 E6 00 00 54 00 00 1F C0 00 5A 09 FD 00 30 00 9E FA 74 4A 45 03 01 29 E9 78 D2 0C 3A 9B 00 04 9D 0E 57 AA AA 
Receive: 62 00 01 02 8C 00 9D 26 DA 2A EE 00 00 00 DB 00 00 01 FB 00 41 F1 F7 92 75 00 E6 00 00 54 00 00 1F C0 00 5A 09 FD 00 30 00 9E FA 74 4A 45 03 01 29 E9 78 D2 0C 3A 9B 00 04 9D 0E 57 AA AA 

Fixed toLineMF: 03E 62 00 01 02 8C 00 9D 26 DA 2A EE 00 00 00 DB 00 00 01 FB 00 41 F1 F7 92 75 00 E6 00 00 54 00 00 1F C0 00 5A 09 FD 00 30 00 9E FA 74 4A 45 03 01 29 E9 78 D2 0C 3A 9B 00 04 9D 0E 57 AA AA 
Time:	07:24:50,212
Send:	220001
Receive: 62 00 01 02 8D 00 9D 25 56 28 ED 00 00 00 DB 00 00 02 2D 00 E3 80 1D 58 16 7F FD 41 F1 F7 91 0F 00 E6 00 00 54 00 00 1F C0 00 5A 0A 16 00 30 00 A0 FA 7A 4A 45 03 03 29 E9 78 D2 0C 3A 9B 00 05 09 0E C1 AA AA 
Time:	07:24:50,607
Send:	220001
Receive: 62 00 01 02 8C 00 9D 23 68 26 ED 00 00 00 D1 00 00 02 53 00 E6 80 1D 58 16 7F FD 41 F1 F7 8F E2 00 E6 00 00 54 00 00 1F C0 00 5A 0A 34 00 30 00 A2 FA 83 4A 45 03 07 29 E9 78 D2 0C 3A 9B 00 05 5B 0F 1E AA AA 
Time:	07:24:50,989
Send:	220001
Receive: 62 00 01 02 8C 00 9D 1E 9E 24 EE 00 00 00 AB 00 00 02 17 00 A8 80 1E 58 16 7F FD 41 F1 F7 8E A1 00 E6 00 00 54 00 00 1F C0 00 5A 0A 93 00 30 00 A7 FB 33 4A 45 03 07 29 E9 78 D2 0C 3A 9B 00 04 77 0F A8 AA AA 
Time:	07:24:51,366
Send:	220001
Receive: 62 00 01 02 8C 00 9D 17 FE 23 EC 00 00 00 A1 00 00 02 82 00 94 80 1E 58 16 7F FD 41 F1 F7 8A DF 00 E6 00 00 54 00 00 1F C0 00 5A 0A DD 00 30 00 AC FD 04 4A 45 03 07 29 E9 78 D2 0C 3A 9B 00 05 39 13 22 AA AA 
Time:	07:24:51,757
Send:	220001
Receive: 62 00 01 02 88 00 9D 11 2E 21 2A 02 D3 00 BA 00 00 03 F9 00 B0 78 1E 58 16 7F FD 41 F1 F7 83 20 00 E6 00 00 54 17 07 1F C0 00 5A 0A DE 00 30 01 73 FF A4 4A 45 03 07 3D EA 78 D2 0C 3A 9B 00 08 AC 1B E2 AA AA 
Time:	07:24:52,145
Send:	220001
Receive: 62 00 01 02 8C 00 9D 11 76 20 05 02 07 00 A4 00 00 03 6B 00 A8 78 83 58 9E 81 DD 41 F1 F7 85 F5 00 E6 04 1C 55 17 34 1F C0 00 5A 0A DF 00 30 01 31 FF 31 4A 45 03 07 3D E8 78 D2 0C 3A 9B 00 07 B6 19 B9 AA AA 
Time:	07:24:52,526
Send:	220001
Receive: 62 00 01 02 8C 00 9D 11 9A 1D 07 01 D7 00 A1 00 00 03 40 00 A0 77 C3 58 BA 7C 9D 41 F1 F7 86 7D 00 E6 04 1C 55 17 70 1F C0 00 5A 0A E0 00 30 FF FE FF 29 4A 45 03 03 7D E0 78 D2 0C 3A 9B 00 07 65 18 FB AA AA 
Time:	07:24:52,916
Send:	220001
Receive: 62 00 01 02 8C 00 9D 10 DA 1B 06 01 D1 00 A1 00 00 03 47 00 96 79 C3 58 B5 7A BD 41 F1 F7 86 32 00 E6 02 9A 55 17 7F 1F C0 00 5A 0A E0 00 30 FE B4 FF 94 4A 45 03 03 7D E0 78 D2 0C 3A 9B 00 07 92 19 8F AA AA 
Time:	07:24:53,318
Send:	220001
Receive: 62 00 01 02 89 00 9D 0F 36 19 06 01 F8 00 9F 00 00 03 8F 00 8F 7B BF 58 AE 78 BD 41 F1 F7 85 1B 00 E6 02 9A 55 17 7F 1F C0 00 5A 0A E0 00 30 FE 32 00 00 4A 45 03 03 7D E0 78 D2 0C 3A 9B 00 08 53 1B 79 AA AA 
Time:	07:24:53,699
Send:	220001
Receive: 62 00 01 02 8C 00 9D 0E 4C 16 06 02 08 00 8D 00 00 03 D9 00 99 7D BD 58 AD 76 BD 41 F1 F7 83 5F 00 E6 02 9A 55 17 7F 1F C0 00 5A 0A E0 00 30 FE 3D 00 00 4A 45 03 03 7D E0 78 D2 0C 3A 9B 00 08 C2 1C 60 AA AA 
Time:	07:24:54,115
Send:	220001
Receive: 62 00 01 02 8D 00 9D 0E A6 14 06 02 0F 00 9C 00 00 04 19 00 B1 7F C1 58 B2 74 5D 41 F1 F7 81 E0 00 E6 02 53 55 17 7F 1F C0 00 5A 0A E1 00 30 FE 42 04 41 4A 45 03 03 7D E0 78 D2 0C 3A 9B 00 09 41 1D 25 AA AA 
Time:	07:24:54,519
Send:	220001
Receive: 62 00 01 02 89 00 9D 0E 56 12 0E 01 9F 00 72 00 00 03 50 00 86 80 BF 58 6C 72 7D 41 F1 F7 86 0F 00 E6 02 53 55 18 60 1F C0 00 5A 0A E1 00 30 FE 0D 00 00 4A 45 03 03 7D E0 78 D2 0C 3A 9B 00 07 81 19 ED AA AA 
Time:	07:24:54,910
Send:	220001
Receive: 62 00 01 02 8C 00 9D 0D E8 10 1C 01 94 00 77 00 00 03 2E 00 78 80 2B 58 25 75 BD 41 F1 F7 86 29 00 E6 01 BE 55 18 60 1F C0 00 5A 0A E1 00 30 FE 17 00 07 4A 45 03 03 7D E0 78 D2 0C 3A 9B 00 07 6D 1A 37 AA AA 
Time:	07:24:55,297
Send:	220001
Receive: 62 00 01 02 8C 00 9D 0E 92 0D 01 02 47 00 B3 00 00 04 41 00 B0 80 2A 58 29 77 FD 41 F1 F7 82 4F 00 E6 01 BE 55 18 60 1F C0 00 5A 0A E1 00 30 FE 17 03 DF 4A 45 03 03 7D E0 78 D2 0C 3A 9B 00 09 D7 1E 9B AA AA 
Time:	07:24:55,704
Send:	220001
Receive: 62 00 01 02 8B 00 9D 0E 24 0B 0A 01 B9 00 77 00 00 03 A6 00 8B 80 AD 58 AD 74 DD 41 F1 F7 84 8D 00 E6 01 BE 55 19 41 1F C0 00 5A 0A E2 00 30 FD FA 00 32 4A 45 03 03 7D E0 78 D2 0C 3A 9B 00 08 27 1B AF AA AA 
Time:	07:24:56,090
Send:	220001
Receive: 62 00 01 02 87 00 9D 0D 76 0A 17 01 BC 00 8D 00 00 03 8F 00 80 80 B2 58 A3 72 FD 41 F1 F7 85 1B 00 E6 01 E0 55 19 41 1F C0 00 5A 0A E2 00 30 FE 2F 00 8F 4A 45 03 03 7D E0 78 D2 0C 3A 9B 00 07 EB 1B E3 AA AA 
Time:	07:24:56,466
Send:	220001
Receive: 62 00 01 02 8B 00 9D 0D 54 0A 0B 02 14 00 AB 00 00 04 0B 00 97 80 2B 58 25 75 5D 41 F1 F7 82 37 00 E6 01 E0 55 19 41 1F C0 00 5A 0A E2 00 30 FE 7F 03 92 4A 45 03 03 7D E0 78 D2 0C 3A 9B 00 09 E6 1F 2B AA AA 
Time:	07:24:56,855
Send:	220001
Receive: 62 00 01 02 8C 00 9D 0E 3E 09 FF 02 62 00 AB 00 00 04 8C 00 B9 80 2A 58 2A 77 DD 41 F1 F7 83 2D 00 E6 02 FE 55 19 41 1F C0 00 5A 0A E2 00 30 FE 7F 03 48 4A 45 03 03 7D E0 78 D2 0C 3A 9B 00 0A 4A 1F B0 AA AA 
Time:	07:24:57,256
Send:	220001
Receive: 62 00 01 02 8C 00 9D 0E A6 09 01 02 26 00 A4 00 00 04 58 00 B2 80 B3 58 AF 73 BD 41 F1 F7 82 92 00 E6 02 FE 55 1A 22 1F C0 00 5A 0A E2 00 30 FE 7F 03 35 4A 45 03 03 7D E0 78 D2 0C 3A 9B 00 09 CD 1E 9A AA AA 
Time:	07:24:57,659
Send:	220001
Receive: 62 00 01 02 8C 00 9D 0E 34 09 04 02 1E 00 A4 00 00 04 4F 00 AB 80 B3 58 A3 71 5D 41 F1 F7 82 79 00 E6 02 FE 55 1A 22 1F C0 00 5A 0A E2 00 30 FE 7F 03 52 4A 45 03 03 7D E0 78 D2 0C 3A 9B 00 09 D3 1E CF AA AA 
Time:	07:24:58,046
Send:	220001
Receive: 62 00 01 02 8C 00 9D 0E 04 08 04 02 10 00 A4 00 00 04 4E 00 A8 80 9C 58 33 6E FD 41 F1 F7 82 75 00 E6 02 53 55 1A 22 1F C0 00 5A 0A E2 00 30 FE 7F 03 52 4A 45 03 03 7D E0 78 D2 0C 3A 9B 00 09 D8 1E F4 AA AA 
Time:	07:24:58,426
Send:	220001
Receive: 62 00 01 02 8C 00 9D 0D FA 08 06 02 21 00 9F 00 00 04 4D 00 AA 80 2B 58 28 74 1D 41 F1 F7 82 71 00 E6 02 53 55 1A 22 1F C0 00 5A 0A E2 00 30 FE 7F 03 52 4A 45 03 03 7D E0 78 D2 0C 3A 9B 00 09 C9 1E BA AA AA 
Time:	07:24:58,807
Send:	220001
Receive: 62 00 01 02 8D 00 9D 0E 38 07 06 02 80 00 CE 80 42 04 A4 00 B9 80 94 58 97 73 3D 41 F1 F7 83 74 00 E6 02 98 55 1B E9 1F C0 00 5A 0A E2 00 30 FE 7F 00 00 4A 45 03 01 7C C2 78 D2 0C 3A 9B 00 0A 40 1F BD AA AA 
Time:	07:24:59,229
Send:	220001
Receive: 62 00 01 02 8D 00 9D 11 86 07 E8 02 32 00 18 00 00 06 1F 01 4D 80 B0 58 A1 6F FD 41 F1 F7 87 A3 00 E6 02 98 55 21 39 1F C0 00 5A 0A E2 00 30 FE 7F 01 47 4A 45 03 01 3D CA 78 D2 0C 3A 9B 00 0C EE 26 21 AA AA 
Time:	07:24:59,617
Send:	220001
Receive: 62 00 01 02 8C 00 9D 11 92 07 FE 01 A2 00 79 00 00 03 B6 00 B1 80 98 58 2A 6C FD 41 F1 F7 84 AF 00 E6 02 98 55 1C CA 1F C0 00 5A 0A E2 00 30 FE 7F FF 64 4A 45 03 05 3D C8 78 D2 0C 3A 9B 00 07 F7 1A 6B AA AA 
Time:	07:25:00,016
Send:	220001
Receive: 62 00 01 02 89 00 9D 0F 6A 06 16 01 84 00 7C 00 00 03 2B 00 83 80 26 58 22 71 7D 41 F1 F7 86 2E 00 E6 01 D3 55 1D B0 1F C0 00 5A 0A E1 00 30 FE DF FF F1 4A 45 03 05 7D C0 78 D2 0C 3A 9B 00 07 3F 19 59 AA AA 
Time:	07:25:00,397
Send:	220001
Receive: 62 00 01 02 8C 00 9D 0E AC 06 17 01 A8 00 8B 00 00 03 4F 00 88 80 24 58 21 73 3D 41 F1 F7 86 0F 00 E6 01 D3 55 1E 91 1F C0 00 5A 0A E1 00 30 FF 21 FF F6 4A 45 03 05 7D C0 78 D2 0C 3A 9B 00 07 9D 1A 13 AA AA 
Time:	07:25:00,786
Send:	220001
Receive: 62 00 01 02 8C 00 9D 0E A4 06 10 02 93 01 69 0F 28 04 6C 00 B5 80 26 58 24 75 1D 41 F1 F7 82 CC 00 E6 01 FF 55 1F 72 1F C0 00 5A 0A E0 00 30 FF 39 00 00 4A 45 03 05 7C C2 78 D2 0C 3A 9B 00 0C 4C 25 8B AA AA 
Time:	07:25:01,179
Send:	220001
Receive: 62 00 01 02 8D 00 9D 10 86 06 02 02 BD 00 DB 12 47 05 56 01 07 80 AC 58 AE 73 FD 41 F1 F7 85 B3 00 E6 01 FF 55 22 1A 1F C0 00 5A 0A E1 00 30 FF 39 00 00 4A 45 03 05 7C C2 78 D2 0C 3A 9B 00 0B FA 23 ED AA AA 
Time:	07:25:01,576
Send:	220001
Receive: 62 00 01 02 8C 00 9D 10 EE 06 08 02 52 00 D8 11 0A 04 C1 00 DA 80 AC 58 50 70 DD 41 F1 F7 84 15 00 E6 01 FF 55 23 E1 1F C0 00 5A 0A E1 00 30 FF 39 FF 07 4A 45 03 05 7C C0 78 D2 0C 3A 9B 00 0A EE 20 FE AA AA 
Time:	07:25:01,956
Send:	220001
Receive: 62 00 01 02 8D 00 9D 11 64 06 0B 02 33 00 D1 10 9E 04 8F 00 E6 80 2B 58 29 75 BD 41 F1 F7 84 96 00 E6 03 33 55 25 A3 1F C0 00 5A 0A E1 00 30 FF 39 FE 9C 4A 45 03 05 7C C0 78 D2 0C 3A 9B 00 0A 24 1F 20 AA AA 
Time:	07:25:02,350
Send:	220001
Receive: 62 00 01 02 8D 00 9D 11 CA 06 11 02 01 00 D3 10 9E 04 55 00 E4 80 2D 58 2A 72 1D 41 F1 F7 84 D6 00 E6 03 33 55 28 4B 1F C0 00 5A 0A E0 00 30 FF 39 FE 84 4A 45 03 05 7C C0 78 D2 0C 3A 9B 00 09 A9 1E 1D AA AA 
Time:	07:25:02,740
Send:	220001
Receive: 62 00 01 02 8D 00 9D 12 8E 07 14 01 FD 00 D3 10 33 04 26 00 DF 80 27 58 24 77 7D 41 F1 F7 84 FD 00 E6 03 33 55 2A F3 1F C0 00 5A 0A E0 00 30 FF 39 FE 5D 4A 45 03 05 7C C0 78 D2 0C 3A 9B 00 09 6B 1D 44 AA AA 
Time:	07:25:03,148
Send:	220001
Receive: 62 00 01 02 8D 00 9D 13 3E 07 15 02 0F 00 DB 11 0A 04 24 00 E3 80 27 58 24 7A 5D 41 F1 F7 85 4F 00 E6 03 33 55 2E 7C 1F C0 00 5A 0A E0 00 30 FF 39 FE 3A 4A 45 03 05 7C C0 78 D2 0C 3A 9B 00 09 78 1C E6 AA AA 
Time:	07:25:03,530
Send:	220001
Receive: 62 00 01 02 8D 00 9D 13 82 07 0A 02 7F 01 0C 13 1E 04 C7 01 02 80 2D 58 32 7D 5D 41 F1 F7 85 76 00 E6 03 33 55 32 0A 1F C0 00 5A 0A E0 00 30 FF 39 FE 3F 4A 45 03 05 7C C0 78 D2 0C 3A 9B 00 0B 3A 20 F4 AA AA 
Time:	07:25:03,918
Send:	220001
Receive: 62 00 01 02 8D 00 9D 13 FA 07 0D 02 23 01 28 12 14 04 69 00 F3 80 B3 58 AD 78 1D 41 F1 F7 85 EC 00 E6 03 C6 55 35 93 1F C0 00 5A 0A E0 00 30 FF 39 FE 1A 4A 45 03 05 7C C0 78 D2 0C 3A 9B 00 0A 27 1D B2 AA AA 
Time:	07:25:04,299
Send:	220001
Receive: 62 00 01 02 8D 00 9D 14 52 08 10 02 5F 01 28 14 94 04 AC 01 09 80 34 58 2C 79 BD 41 F1 F7 85 E8 00 E6 03 C6 55 39 1C 1F C0 00 5A 0A E0 00 30 FF 39 FE 10 4A 45 03 05 7C C0 78 D2 0C 3A 9B 00 0A E3 1F 73 AA AA 
Time:	07:25:04,676
Send:	220001
Receive: 62 00 01 02 8D 00 9D 14 D0 08 09 02 22 00 DB 09 C2 04 7B 01 02 80 AA 58 AE 78 7D 41 F1 F7 86 4D 00 E6 03 C6 55 3D 86 1F C0 00 5A 0A E0 00 30 FF 39 FD E3 4A 45 03 01 7C C0 78 D2 0C 3A 9B 00 0A 76 1E 56 AA AA 
Time:	07:25:05,076
Send:	220001
Receive: 62 00 01 02 8D 00 9D 15 E8 08 0D 01 E5 00 DB 00 9E 03 EF 00 F5 80 A7 58 90 75 5D 41 F1 F7 87 AC 00 E6 03 C6 55 42 D6 1F C0 00 5A 0A E0 00 30 FF 39 FD 38 4A 45 03 01 7D C8 78 D2 0C 3A 9B 00 09 00 19 E8 AA AA 
Time:	07:25:05,467
Send:	220001
Receive: 62 00 01 02 8D 00 9D 14 D0 08 04 01 DA 00 D6 00 D1 03 C5 00 D7 80 2B 58 23 77 7D 41 F1 F7 86 06 00 E6 03 C6 55 46 5F 1F C0 00 5A 0A E0 00 30 FF 39 FD E0 4A 45 03 01 7D C8 78 D2 0C 3A 9B 00 08 9A 1A 61 AA AA 
Time:	07:25:05,856
Send:	220001
Receive: 62 00 01 02 8D 00 9D 14 BA 07 09 01 EA 00 CE 02 0F 03 CD 00 DE 80 26 58 24 7A 1D 41 F1 F7 86 A5 00 E6 03 33 55 49 ED 1F C0 00 5A 0A DF 00 30 FF 39 FD CB 4A 45 03 01 7D C8 78 D2 0C 3A 9B 00 08 8F 19 DF AA AA 
Time:	07:25:06,238
Send:	220001
Receive: 62 00 01 02 8D 00 9D 14 12 07 09 01 C2 00 C4 04 8F 03 8F 00 C3 80 95 58 92 79 1D 41 F1 F7 85 D2 00 E6 03 33 55 45 7E 1F C0 00 5A 0A DF 00 30 FF 39 FE 22 4A 45 03 01 7C C8 78 D2 0C 3A 9B 00 08 3B 1A 2A AA AA 
Time:	07:25:06,629
Send:	220001
Receive: 62 00 01 02 8D 00 9D 12 A0 07 08 01 A9 00 A1 06 70 03 44 00 A8 80 2F 58 29 77 5D 41 F1 F7 86 8F 00 E6 03 33 55 3C A5 1F C0 00 5A 0A DF 00 30 FF 39 FF C1 4A 45 03 01 7C C8 78 D2 0C 3A 9B 00 07 5C 18 DE AA AA 
Time:	07:25:07,019
Send:	220001
Receive: 62 00 01 02 8D 00 9D 12 88 06 08 01 D3 00 C9 0A CC 03 77 00 B2 80 2A 58 26 7C DD 41 F1 F7 85 DB 00 E6 02 65 55 48 26 1F C0 00 5A 0A DF 00 30 FF 39 00 00 4A 45 03 01 7C C0 78 D2 0C 3A 9B 00 08 0F 1A 8F AA AA 
Time:	07:25:07,427
Send:	220001
Receive: 62 00 01 02 8D 00 9D 12 4A 07 15 02 24 00 DB 11 DC 03 EA 00 C6 80 30 58 2B 7F 3D 41 F1 F7 84 84 00 E6 02 65 55 4C 95 1F C0 00 5A 0A E0 00 30 FF 39 00 00 4A 45 03 01 7C C0 78 D2 0C 3A 9B 00 09 2E 1D 24 AA AA 
Time:	07:25:07,817
Send:	220001
Receive: 62 00 01 02 8D 00 9D 12 F6 07 09 02 30 00 D1 06 A3 04 41 00 E1 80 A6 58 A5 7C 1D 41 F1 F7 84 CD 00 E6 03 76 55 4C 95 1F C0 00 5A 0A E0 00 30 FF 39 00 00 4A 45 03 01 7C C0 78 D2 0C 3A 9B 00 09 8C 1D F1 AA AA 
Time:	07:25:08,224
Send:	220001

Fixed toLineMF: 03E 62 00 01 02 8D 00 9D 13 FC 07 09 02 1A 00 D3 03 51 04 2F 00 F1 80 AD 58 9E 79 3D 41 F1 F7 86 32 00 E6 03 76 55 50 1E 1F C0 00 5A 0A E0 00 30 FF 7D C8 78 D2 0C 3A 9B 00 09 3D 1C 17 AA AA 
Receive: 62 00 01 02 8D 00 9D 13 FC 07 09 02 1A 00 D3 03 51 04 2F 00 F1 80 AD 58 9E 79 3D 41 F1 F7 86 32 00 E6 03 76 55 50 1E 1F C0 00 5A 0A E0 00 30 FF 7D C8 78 D2 0C 3A 9B 00 09 3D 1C 17 AA AA 

Fixed toLineMF: 03E 62 00 01 02 8D 00 9D 13 FC 07 09 02 1A 00 D3 03 51 04 2F 00 F1 80 AD 58 9E 79 3D 41 F1 F7 86 32 00 E6 03 76 55 50 1E 1F C0 00 5A 0A E0 00 30 FF 7D C8 78 D2 0C 3A 9B 00 09 3D 1C 17 AA AA 
Time:	07:25:08,625
Send:	220001
Receive: 62 00 01 02 8D 00 9D 13 0E 07 0D 01 E5 00 CE 00 00 03 DE 00 CD 80 7F 58 39 76 7D 41 F1 F7 85 24 00 E6 03 76 55 4B AF 1F C0 00 5A 0A E0 00 30 FF 39 01 24 4A 45 03 01 7D C8 78 D2 0C 3A 9B 00 09 25 1C 64 AA AA 
Time:	07:25:09,016
Send:	220001

Fixed toLineMF: 03E 62 00 01 02 8D 00 9D 13 B8 07 02 01 F6 00 C7 00 00 03 E0 00 D5 80 2A 58 29 7B DD 41 F1 F7 85 8C 00 E6 03 55 55 44 9D 1F C0 00 5A 0A E0 00 30 FF 39 00 EC 4A 45 03 01 00 08 9B 1B 6E AA AA 
Receive: 62 00 01 02 8D 00 9D 13 B8 07 02 01 F6 00 C7 00 00 03 E0 00 D5 80 2A 58 29 7B DD 41 F1 F7 85 8C 00 E6 03 55 55 44 9D 1F C0 00 5A 0A E0 00 30 FF 39 00 EC 4A 45 03 01 00 08 9B 1B 6E AA AA 

Fixed toLineMF: 03E 62 00 01 02 8D 00 9D 13 B8 07 02 01 F6 00 C7 00 00 03 E0 00 D5 80 2A 58 29 7B DD 41 F1 F7 85 8C 00 E6 03 55 55 44 9D 1F C0 00 5A 0A E0 00 30 FF 39 00 EC 4A 45 03 01 00 08 9B 1B 6E AA AA 
Time:	07:25:09,402
Send:	220001
Receive: 62 00 01 02 8C 00 9E 11 B4 07 04 01 E9 00 AE 00 00 03 A1 00 B1 80 9F 58 9A 79 1D 41 F1 F7 85 28 00 E6 03 55 55 3E 6C 1F C0 00 5A 0A E0 00 30 FF 39 01 86 4A 45 03 01 7D C0 78 D2 0C 3A 9B 00 08 49 1B 1E AA AA 
Time:	07:25:09,807
Send:	220001
Receive: 62 00 01 02 8D 00 9E 11 88 06 00 01 DC 00 A6 07 7A 03 8B 00 A5 80 7D 58 2D 76 DD 41 F1 F7 85 5C 00 E6 02 36 55 3E 6C 1F C0 00 5A 0A E0 00 30 FF 39 00 00 4A 45 03 01 7C C0 78 D2 0C 3A 9B 00 08 3A 1B 00 AA AA 
Time:	07:25:10,190
Send:	220001
Receive: 62 00 01 02 8C 00 9E 0F A8 06 02 02 8F 00 CC 0E 8A 04 7F 00 BF 80 2C 58 32 7B FD 41 F1 F7 83 07 00 E6 02 36 55 41 F5 1F C0 00 5A 0A E0 00 30 FF 39 00 00 4A 45 03 01 7C C8 78 D2 0C 3A 9B 00 0A 1D 1F 34 AA AA 
Time:	07:25:10,586
Send:	220001
Receive: 62 00 01 02 8D 00 9E 0F DE 06 06 02 79 00 CE 0C 0A 04 BC 00 D4 80 BD 58 B9 77 3D 41 F1 F7 83 E7 00 E6 02 36 55 49 ED 1F C0 00 5A 0A E1 00 30 FF 39 00 00 4A 45 03 01 7C C0 78 D2 0C 3A 9B 00 0A EE 21 08 AA AA 
Time:	07:25:10,970
Send:	220001
Receive: 62 00 01 02 8C 00 9E 0F 46 06 02 02 97 00 C4 0D 4C 04 F6 00 D7 80 C1 58 B7 75 1D 41 F1 F7 84 66 00 E6 02 E3 55 49 07 1F C0 00 5A 0A E1 00 30 FF 39 00 00 4A 45 03 01 7C C0 78 D2 0C 3A 9B 00 0B 3D 21 D5 AA AA 
Time:	07:25:11,366
Send:	220001
Receive: 62 00 01 02 8A 00 9E 0F 18 06 05 02 6C 00 C7 0B 38 04 CC 00 BE 80 C0 58 B5 72 3D 41 F1 F7 83 E7 00 E6 02 E3 55 45 7E 1F C0 00 5A 0A E2 00 30 FF 39 00 00 4A 45 03 01 7C C0 78 D2 0C 3A 9B 00 0B 4B 22 95 AA AA 
Time:	07:25:11,748
Send:	220001
Receive: 62 00 01 02 8C 00 9E 0F 2E 05 04 02 5D 00 C4 0F C7 04 E0 00 CE 80 BC 58 AE 6F 7D 41 F1 F7 84 26 00 E6 02 E3 55 49 ED 1F C0 00 5A 0A E2 00 30 FF 39 00 00 4A 45 03 01 7C C0 78 D2 0C 3A 9B 00 0B 0C 21 EA AA AA 
Time:	07:25:12,136
Send:	220001
Receive: 62 00 01 02 8D 00 9E 0E C8 05 04 02 65 00 BF 17 47 04 F3 00 D3 80 B3 58 A1 6C 9D 41 F1 F7 84 5E 00 E6 02 C5 55 49 ED 1F C0 00 5A 0A E2 00 30 FF 39 FF D1 4A 45 03 01 7C C0 78 D2 0C 3A 9B 00 0B 57 22 33 AA AA 
Time:	07:25:12,517
Send:	220001
Receive: 62 00 01 02 8B 00 9E 0F 08 05 0B 02 68 00 D8 13 F0 04 EE 00 C9 80 34 58 28 6D BD 41 F1 F7 84 4D 00 E6 02 C5 55 4B AF 1F C0 00 5A 0A E2 00 30 FF 39 FF E3 4A 45 03 01 7C C0 78 D2 0C 3A 9B 00 0B 92 23 66 AA AA 
Time:	07:25:12,918
Send:	220001
Receive: 62 00 01 02 8D 00 9E 0F 50 05 0A 02 9E 00 D8 16 70 05 48 00 E5 80 2B 58 29 70 BD 41 F1 F7 85 61 00 E6 02 FC 55 51 E0 1F C0 00 5A 0A E2 00 30 FF 39 FF 7E 4A 45 03 01 7C C0 78 D2 0C 3A 9B 00 0C 0E 24 01 AA AA 
Time:	07:25:13,327
Send:	220001
Receive: 62 00 01 02 8D 00 9E 0F D4 06 06 02 94 00 D3 17 AD 05 6A 00 FA 80 9C 58 9D 6F 7D 41 F1 F7 85 D2 00 E6 02 FC 55 58 11 1F C0 00 5A 0A E3 00 30 FF 39 FF 1E 4A 45 03 01 7C C2 78 D2 0C 3A 9B 00 0C 1A 24 23 AA AA 
Time:	07:25:13,728
Send:	220001
Receive: 62 00 01 02 8D 00 9E 10 10 06 07 02 8D 00 D6 16 DC 05 56 00 FB 80 A2 58 5F 6C 5D 41 F1 F7 85 A2 00 E6 02 FC 55 56 4F 1F C0 00 5A 0A E3 00 30 FF 39 FF 21 4A 45 03 01 7C C2 78 D2 0C 3A 9B 00 0B EE 23 7D AA AA 
Time:	07:25:14,118
Send:	220001
Receive: 62 00 01 02 8D 00 9E 11 10 06 11 02 5F 00 DB 16 70 04 E2 00 EB 80 29 58 25 71 9D 41 F1 F7 84 BC 00 E6 03 50 55 56 4F 1F C0 00 5A 0A E3 00 30 FF 39 FE D4 4A 45 03 01 7C C2 78 D2 0C 3A 9B 00 0B 15 21 96 AA AA 
Time:	07:25:14,515
Send:	220001
Receive: 62 00 01 02 8C 00 9E 12 78 07 13 02 2C 00 DB 13 1E 04 9D 00 E7 80 28 58 25 74 9D 41 F1 F7 84 9E 00 E6 03 50 55 55 6E 1F C0 00 5A 0A E3 00 30 FF 39 FE 7A 4A 45 03 01 7C C0 78 D2 0C 3A 9B 00 0A C9 20 CC AA AA 
Time:	07:25:14,898
Send:	220001
Receive: 62 00 01 02 8D 00 9E 13 9C 07 0F 02 1C 00 D6 14 C7 04 6B 00 FF 80 28 58 24 77 BD 41 F1 F7 86 48 00 E6 03 33 55 57 30 1F C0 00 5A 0A E3 00 30 FF 39 FE 14 4A 45 03 01 7C C0 78 D2 0C 3A 9B 00 0A 0A 1D 72 AA AA 
Time:	07:25:15,304
Send:	220001
Receive: 62 00 01 02 8D 00 9E 14 00 07 0E 02 87 01 05 14 5C 04 DC 01 1B 80 2A 58 26 7A BD 41 F1 F7 86 82 00 E6 03 33 55 5E 47 1F C0 00 5A 0A E3 00 30 FF 39 FE 12 4A 45 03 01 7C C0 78 D2 0C 3A 9B 00 0B 42 1F C1 AA AA 
Time:	07:25:15,698
Send:	220001
Receive: 62 00 01 02 8D 00 9E 14 A4 08 0D 02 1C 00 EA 12 B3 04 67 00 FA 80 AC 58 AD 78 7D 41 F1 F7 85 E3 00 E6 03 33 55 58 11 1F C0 00 5A 0A E2 00 30 FF 39 FD F7 4A 45 03 01 7C C0 78 D2 0C 3A 9B 00 0A 1A 1D CE AA AA 
Time:	07:25:16,098
Send:	220001
Receive: 62 00 01 02 8D 00 9E 15 EC 08 10 02 07 00 E0 10 9E 04 2B 00 FE 80 A9 58 9E 75 5D 41 F1 F7 87 72 00 E6 03 55 55 58 F7 1F C0 00 5A 0A E2 00 30 FF 39 FD 53 4A 45 03 01 7C C0 78 D2 0C 3A 9B 00 09 64 1B 42 AA AA 
Time:	07:25:16,497
Send:	220001
Receive: 62 00 01 02 8D 00 9E 16 96 08 15 02 11 01 00 0E 56 04 2B 01 0C 80 2B 58 29 78 9D 41 F1 F7 89 86 00 E6 03 55 55 5E 47 1F C0 00 5A 0A E2 00 30 FF 39 FC E8 4A 45 03 01 7C C0 78 D2 0C 3A 9B 00 09 9A 1B 45 AA AA 
Time:	07:25:16,887
Send:	220001
Receive: 62 00 01 02 8D 00 9E 16 88 08 16 02 14 01 12 12 E6 04 18 01 04 80 8D 58 94 78 5D 41 F1 F7 89 5C 00 E6 03 A7 55 5D 61 1F C0 00 5A 0A E2 00 30 FF 39 FD 00 4A 45 03 01 7C C0 78 D2 0C 3A 9B 00 09 73 1A EC AA AA 
Time:	07:25:17,280
Send:	220001
Receive: 62 00 01 02 8D 00 9E 16 AE 08 10 02 12 01 03 10 9E 04 3F 01 16 80 A0 58 93 75 3D 41 F1 F7 8A 1A 00 E6 03 A7 55 5F 28 1F C0 00 5A 0A E2 00 30 FF 39 FC E6 4A 45 03 01 7C C0 78 D2 0C 3A 9B 00 09 AB 1B 62 AA AA 
Time:	07:25:17,686
Send:	220001
Receive: 62 00 01 02 8D 00 9E 17 06 08 12 02 50 01 21 12 47 04 80 01 22 80 29 58 26 78 5D 41 F1 F7 89 FA 00 E6 03 A7 55 62 B1 1F C0 00 5A 0A E2 00 30 FF 39 FC D6 4A 45 03 01 7C C0 78 D2 0C 3A 9B 00 0A 57 1C E0 AA AA 
Time:	07:25:18,088
Send:	220001
Receive: 62 00 01 02 8D 00 9E 17 88 09 0D 02 0C 01 03 11 0A 04 32 01 1D 80 99 58 A0 78 1D 41 F1 F7 8A D1 00 E6 04 28 55 60 09 1F C0 00 5A 0A E2 00 30 FF 39 FC AE 4A 45 03 01 7C C0 78 D2 0C 3A 9B 00 09 A2 1B 46 AA AA 
Time:	07:25:18,488
Send:	220001
Receive: 62 00 01 02 8D 00 9E 17 B8 09 10 02 1A 01 12 11 75 04 4B 01 1E 80 A2 58 56 74 DD 41 F1 F7 8A 8A 00 E6 04 28 55 61 D0 1F C0 00 5A 0A E2 00 30 FF 39 FC AE 4A 45 03 01 7C C0 78 D2 0C 3A 9B 00 09 D6 1B BF AA AA 
Time:	07:25:18,868
Send:	220001
Receive: 62 00 01 02 8D 00 9E 18 A4 09 12 02 2D 01 19 11 75 04 56 01 28 80 2A 58 29 78 3D 41 F1 F7 8A ED 00 E6 04 44 55 63 92 1F C0 00 5A 0A E2 00 30 FF 39 FC AE 4A 45 03 01 7C C0 78 D2 0C 3A 9B 00 0A 01 1C 0F AA AA 
Time:	07:25:19,262
Send:	220001
Receive: 62 00 01 02 8D 00 9E 19 26 09 13 01 F8 01 00 0A CC 04 02 01 1E 80 A1 58 A5 77 5D 41 F1 F7 8B B4 00 E6 04 44 55 60 EA 1F C0 00 5A 0A DD 00 30 FF 39 FC AF 4A 45 03 01 7C C0 78 D2 0C 3A 9B 00 09 02 19 F4 AA AA 
Time:	07:25:19,649
Send:	220001
Receive: 62 00 01 02 8D 00 9E 19 28 09 11 01 E3 00 F3 04 C7 03 DD 01 0F 80 A7 58 6D 73 FD 41 F1 F7 8B 76 00 E6 04 44 55 5B 9F 1F C0 00 5A 0A E1 00 30 FF 39 FC AE 4A 45 03 01 7C C0 78 D2 0C 3A 9B 00 08 B9 19 3C AA AA 
Time:	07:25:20,048
Send:	220001
Receive: 62 00 01 02 8D 00 9E 19 56 09 14 01 C0 00 E5 03 51 03 7F 00 F8 80 96 58 61 77 7D 41 F1 F7 8B AB 00 E6 03 8E 55 58 11 1F C0 00 5A 0A DA 00 30 FF 3A FC B0 4A 45 03 01 7C C8 78 D2 0C 3A 9B 00 07 FC 17 7B AA AA 
Time:	07:25:20,428
Send:	220001
Receive: 62 00 01 02 8D 00 9E 18 A2 09 11 01 A9 00 D3 03 51 03 61 00 E9 80 A6 58 9C 71 7D 41 F1 F7 8B 13 00 E6 03 8E 55 50 FF 1F C0 00 5A 0A E2 00 30 FF 39 FC AE 4A 45 03 01 7C C8 78 D2 0C 3A 9B 00 07 B2 16 D8 AA AA 
Time:	07:25:20,818
Send:	220001
Receive: 62 00 01 02 8D 00 9E 17 EA 09 0D 01 9D 00 D1 03 F0 03 47 00 D8 80 A5 58 78 6E BD 41 F1 F7 8A 4E 00 E6 03 07 55 49 ED 1F C0 00 5A 0A E2 00 30 FF 39 FC AE 4A 45 03 01 7C C8 78 D2 0C 3A 9B 00 07 7F 16 7B AA AA 
Time:	07:25:21,219
Send:	220001
Receive: 62 00 01 02 8D 00 9E 17 90 08 1C 01 A8 00 D8 19 C2 03 4D 00 DD 80 29 58 26 72 7D 41 F1 F7 8A 94 00 E6 03 07 55 54 88 1F C0 00 5A 0A E2 00 30 FF 39 FC AE 4A 45 03 01 7C C8 78 D2 0C 3A 9B 00 07 9D 16 AF AA AA 
Time:	07:25:21,626
Send:	220001

Fixed toLineMF: 03E 62 00 01 02 8D 00 9E 16 78 09 06 02 2D 01 03 0B 6B 04 41 01 05 80 2A 58 29 75 7D 41 F1 F7 88 0F 00 E6 03 07 55 58 11 1F C0 00 5A 0A E2 00 30 FF 39 FD 45 4A 45 03 01 7C C0 78 D2 0C 3A 9B 
Receive: 62 00 01 02 8D 00 9E 16 78 09 06 02 2D 01 03 0B 6B 04 41 01 05 80 2A 58 29 75 7D 41 F1 F7 88 0F 00 E6 03 07 55 58 11 1F C0 00 5A 0A E2 00 30 FF 39 FD 45 4A 45 03 01 7C C0 78 D2 0C 3A 9B 

Fixed toLineMF: 03E 62 00 01 02 8D 00 9E 16 78 09 06 02 2D 01 03 0B 6B 04 41 01 05 80 2A 58 29 75 7D 41 F1 F7 88 0F 00 E6 03 07 55 58 11 1F C0 00 5A 0A E2 00 30 FF 39 FD 45 4A 45 03 01 7C C0 78 D2 0C 3A 9B 
Time:	07:25:22,001
Send:	220001
Receive: 62 00 01 02 8D 00 9E 17 B6 09 10 01 FE 01 08 0E 1E 04 12 01 0A 80 96 58 42 73 FD 41 F1 F7 8A 24 00 E6 03 D7 55 5D 61 1F C0 00 5A 0A E2 00 30 FF 39 FC AE 4A 45 03 01 7C C0 78 D2 0C 3A 9B 00 09 6F 1A E4 AA AA 
Time:	07:25:22,400
Send:	220001
Receive: 62 00 01 02 8D 00 9E 17 36 08 13 01 FF 00 EC 0B A3 04 0E 01 11 80 2B 58 29 77 3D 41 F1 F7 8A BE 00 E6 03 D7 55 5E 47 1F C0 00 5A 0A E2 00 30 FF 39 FC AE 4A 45 03 01 7C C0 78 D2 0C 3A 9B 00 09 2B 1A 3D AA AA 
Time:	07:25:22,811
Send:	220001
Receive: 62 00 01 02 8D 00 9E 16 78 09 15 01 F0 00 D8 0A FF 03 D6 00 F4 80 51 58 95 7A 5D 41 F1 F7 89 8B 00 E6 03 59 55 58 F7 1F C0 00 5A 0A E2 00 30 FF 39 FD 18 4A 45 03 01 7C C0 78 D2 0C 3A 9B 00 08 9D 19 0E AA AA 
Time:	07:25:23,210
Send:	220001
Receive: 62 00 01 02 8C 00 9E 17 04 09 11 02 11 01 05 0A CC 04 14 00 FA 80 A3 58 57 74 9D 41 F1 F7 88 18 00 E6 03 59 55 58 F7 1F C0 00 5A 0A E2 00 30 FF 39 FD 18 4A 45 03 01 7C C0 78 D2 0C 3A 9B 00 09 7D 1B 0E AA AA 
Time:	07:25:23,606
Send:	220001
Receive: 62 00 01 02 8D 00 9E 18 62 09 15 01 F8 01 08 0F 61 03 F2 01 13 80 2B 58 28 77 FD 41 F1 F7 8B 4C 00 E6 03 59 55 60 09 1F C0 00 5A 0A E2 00 30 FF 39 FC AE 4A 45 03 01 7C C0 78 D2 0C 3A 9B 00 09 16 1A 0A AA AA 
Time:	07:25:24,000
Send:	220001
Receive: 62 00 01 02 8D 00 9E 17 D4 09 10 02 0D 00 FE 0F 61 04 26 01 20 80 96 58 98 77 7D 41 F1 F7 8B 34 00 E6 04 0A 55 60 09 1F C0 00 5A 0A E2 00 30 FF 39 FC AE 4A 45 03 01 7C C0 78 D2 0C 3A 9B 00 09 68 1A BD AA AA 
Time:	07:25:24,397
Send:	220001
Receive: 62 00 01 02 8D 00 9E 18 76 09 0F 02 0F 01 0A 0F 61 04 34 01 24 80 A2 58 59 74 1D 41 F1 F7 8B 3D 00 E6 04 0A 55 60 09 1F C0 00 5A 0A E2 00 30 FF 39 FC AE 4A 45 03 01 7C C0 78 D2 0C 3A 9B 00 09 A4 1B 3F AA AA 
Time:	07:25:24,800
Send:	220001
Receive: 62 00 01 02 8D 00 9E 19 00 09 0F 02 0C 01 0A 0F 61 04 27 01 24 80 2E 58 29 75 7D 41 F1 F7 8B 76 00 E6 03 E9 55 60 EA 1F C0 00 5A 0A E2 00 30 FF 39 FC AE 4A 45 03 01 7C C0 78 D2 0C 3A 9B 00 09 75 1A E4 AA AA 
Time:	07:25:25,186
Send:	220001
Receive: 62 00 01 02 8D 00 9E 19 62 0A 13 02 0A 01 0F 10 33 04 0A 01 22 80 33 58 2B 78 FD 41 F1 F7 8B CC 00 E6 03 E9 55 62 B1 1F C0 00 5A 0A DD 00 30 FF 39 FC AF 4A 45 03 01 7C C0 78 D2 0C 3A 9B 00 09 34 1A 66 AA AA 
Time:	07:25:25,577
Send:	220001
Receive: 62 00 01 02 8D 00 9E 19 D8 0A 13 02 2B 01 1E 10 33 04 26 01 2C 80 30 58 2C 7C 7D 41 F1 F7 8C 01 00 E6 03 E9 55 64 78 1F C0 00 5A 0A D6 00 30 FF 3A FC B1 4A 45 03 01 7C C0 78 D2 0C 3A 9B 00 09 80 1B 1E AA AA 
Time:	07:25:25,968
Send:	220001
Receive: 62 00 01 02 8D 00 9E 1B 24 0A 17 01 ED 01 23 0C E1 03 D5 01 27 80 A0 58 A0 79 FD 41 F1 F7 8D 3F 00 E6 04 83 55 66 3A 1F C0 00 5A 0A B8 00 30 FF 3C FC BA 4A 45 03 01 7C C0 78 D2 0C 3A 9B 00 08 E6 19 F9 AA AA 
Time:	07:25:26,355
Send:	220001
Receive: 62 00 01 02 8D 00 9E 1B 6C 0A 15 01 F8 01 2B 0B A3 03 CF 01 2E 80 2C 58 31 7E 7D 41 F1 F7 8D D7 00 E6 04 83 55 68 01 1F C0 00 5A 0A B0 00 30 FF 3D FC BD 4A 45 03 01 7C C0 78 D2 0C 3A 9B 00 08 97 19 7D AA AA 
Time:	07:25:26,750
Send:	220001
Receive: 62 00 01 02 8D 00 9E 1B 6A 0A 11 02 0F 01 34 0B A3 03 D9 01 2E 80 28 58 27 81 FD 41 F1 F7 8D 97 00 E6 04 83 55 65 59 1F C0 00 5A 0A B8 00 30 FF 3C FC BA 4A 45 03 01 7C C0 78 D2 0C 3A 9B 00 08 D5 19 AE AA AA 
Time:	07:25:27,138
Send:	220001
Receive: 62 00 01 02 8D 00 9E 1C 0C 0B 15 02 17 01 37 08 EB 03 D7 01 2B 80 91 58 95 81 FD 41 F1 F7 8D 75 00 E6 04 CC 55 64 78 1F C0 00 5A 0A B2 00 30 FF 3C FC BC 4A 45 03 01 7C C0 78 D2 0C 3A 9B 00 08 89 19 40 AA AA 
Time:	07:25:27,519
Send:	220001
Receive: 62 00 01 02 8D 00 9E 1D 9A 0B 21 01 F2 01 23 03 51 03 92 01 22 80 A1 58 A3 82 3D 41 F1 F7 8E 52 00 E6 04 CC 55 60 EA 1F C0 00 5A 0A 99 00 30 FF 3E FB 3A 4A 45 03 01 7D C8 78 D2 0C 3A 9B 00 08 03 17 DB AA AA 
Time:	07:25:27,908
Send:	220001

Fixed toLineMF: 03E 62 00 01 02 8D 00 9E 1D 72 0B 17 01 DB 01 0C 0E C2 03 69 01 1E 80 3A 58 2A 82 DD 41 F1 F7 8E EC 00 E6 03 FF 55 5D 61 1F C0 00 5A 0A 92 00 30 FF 3F FC C6 4A 45 03 01 7C C8 78 D2 0C 3A 9B 
Receive: 62 00 01 02 8D 00 9E 1D 72 0B 17 01 DB 01 0C 0E C2 03 69 01 1E 80 3A 58 2A 82 DD 41 F1 F7 8E EC 00 E6 03 FF 55 5D 61 1F C0 00 5A 0A 92 00 30 FF 3F FC C6 4A 45 03 01 7C C8 78 D2 0C 3A 9B 

Fixed toLineMF: 03E 62 00 01 02 8D 00 9E 1D 72 0B 17 01 DB 01 0C 0E C2 03 69 01 1E 80 3A 58 2A 82 DD 41 F1 F7 8E EC 00 E6 03 FF 55 5D 61 1F C0 00 5A 0A 92 00 30 FF 3F FC C6 4A 45 03 01 7C C8 78 D2 0C 3A 9B 
Time:	07:25:28,283
Send:	220001
Receive: 62 00 01 02 8D 00 9F 1D 32 0B 19 01 C2 01 14 00 00 03 46 01 07 80 BA 58 B6 7F 5D 41 F1 F7 8D 84 00 E6 03 FF 55 5D 61 1F C0 00 5A 0A A1 00 30 FF 3E FB 5B 4A 45 03 01 7D C8 78 D2 0C 3A 9B 00 07 7D 16 85 AA AA 
Time:	07:25:28,688
Send:	220001

Fixed toLineMF: 03E 62 00 01 02 8D 00 9F 1F 34 0B 23 02 1D 01 34 00 33 03 E3 01 41 F1 F7 8F D3 00 E6 03 FF 55 69 C3 1F C0 00 5A 0A 75 00 30 FF 41 FA D0 4A 45 03 01 7D C8 78 D2 0C 3A 9B 00 08 C6 17 66 AA AA 
Receive: 62 00 01 02 8D 00 9F 1F 34 0B 23 02 1D 01 34 00 33 03 E3 01 41 F1 F7 8F D3 00 E6 03 FF 55 69 C3 1F C0 00 5A 0A 75 00 30 FF 41 FA D0 4A 45 03 01 7D C8 78 D2 0C 3A 9B 00 08 C6 17 66 AA AA 

Fixed toLineMF: 03E 62 00 01 02 8D 00 9F 1F 34 0B 23 02 1D 01 34 00 33 03 E3 01 41 F1 F7 8F D3 00 E6 03 FF 55 69 C3 1F C0 00 5A 0A 75 00 30 FF 41 FA D0 4A 45 03 01 7D C8 78 D2 0C 3A 9B 00 08 C6 17 66 AA AA 
Time:	07:25:29,071
Send:	220001
Receive: 62 00 01 02 8D 00 9F 1D C8 0B 1D 01 CE 01 0C 00 00 03 7A 01 26 80 B9 58 B1 7C 7D 41 F1 F7 8F 0A 00 E6 05 7B 55 60 EA 1F C0 00 5A 0A 8E 00 30 FF 3F FB 28 4A 45 03 01 7D C8 78 D2 0C 3A 9B 00 08 06 15 96 AA AA 
Time:	07:25:29,457
Send:	220001
Receive: 62 00 01 02 8D 00 9F 1E CE 0B 1C 01 93 00 EC 00 00 03 28 01 0F 80 BB 58 B3 78 9D 41 F1 F7 8D DC 00 E6 05 7B 55 5A B9 1F C0 00 5A 0A 82 00 30 FF 40 FA FF 4A 45 03 01 7D C8 78 D2 0C 3A 9B 00 06 C0 13 56 AA AA 
Time:	07:25:29,848
Send:	220001
Receive: 62 00 01 02 8D 00 9F 1F 0A 0C 2D 01 68 00 D6 00 00 02 CC 00 F1 80 BB 58 AA 75 5D 41 F1 F7 8C 8C 00 E6 03 A7 55 54 88 1F C0 00 5A 0A 7E 00 30 FF 40 FA E8 4A 45 03 01 7D C8 78 D2 0C 3A 9B 00 06 30 11 EA AA AA 
Time:	07:25:30,248
Send:	220001
Receive: 62 00 01 02 8D 00 9F 1E 98 0B 2E 01 4F 00 C7 00 00 02 97 00 DD 80 B9 58 AB 72 3D 41 F1 F7 8C BC 00 E6 03 A7 55 4E 57 1F C0 00 5A 0A 84 00 30 FF 40 FB 01 4A 45 03 01 7D C8 78 D2 0C 3A 9B 00 05 C1 11 0F AA AA 
Time:	07:25:30,651
Send:	220001
Receive: 62 00 01 02 8D 00 9F 1D B0 0B 30 01 26 00 B8 02 0F 02 41 00 BA 80 A1 58 41 6F 5D 41 F1 F7 8D D7 00 E6 03 A7 55 46 5F 1F C0 00 5A 0A 94 00 30 FF 3F FB 37 4A 45 03 01 7D C8 78 D2 0C 3A 9B 00 04 F8 10 31 AA AA 
Time:	07:25:31,038
Send:	220001
Receive: 62 00 01 02 8D 00 9E 1B 9A 0B 1A 01 16 00 A4 0C 75 01 F9 00 9B 80 22 58 1F 73 BD 41 F1 F7 8E C9 00 E6 01 FF 55 41 14 1F C0 00 5A 0A B7 00 30 FF 3C FC BB 4A 45 03 01 7C C8 78 D2 0C 3A 9B 00 04 8C 10 06 AA AA 
Time:	07:25:31,417
Send:	220001
Receive: 62 00 01 02 8D 00 9F 1A 24 0A 10 01 70 00 CE 0C 0A 02 91 00 B5 80 22 58 20 76 3D 41 F1 F7 8B 9C 00 E6 01 FF 55 4C 95 1F C0 00 5A 0A D5 00 30 FF 3A FC B2 4A 45 03 01 7C C0 78 D2 0C 3A 9B 00 06 0D 13 52 AA AA 
Time:	07:25:31,818
Send:	220001
Receive: 62 00 01 02 8D 00 9F 1A F4 0A 2B 01 CE 01 28 0B 38 03 53 00 FF 80 29 58 27 78 FD 41 F1 F7 8C DE 00 E6 03 62 55 60 09 1F C0 00 5A 0A BC 00 30 FF 3C FC B9 4A 45 03 01 7C C0 78 D2 0C 3A 9B 00 07 F9 17 EC AA AA 
Time:	07:25:32,209
Send:	220001
Receive: 62 00 01 02 8D 00 9F 1B 4A 0A 2C 01 BD 01 08 04 8F 03 5F 01 0B 80 2F 58 4F 7C 5D 41 F1 F7 8D A6 00 E6 03 62 55 5D 61 1F C0 00 5A 0A B2 00 30 FF 3D FC BC 4A 45 03 01 7C C0 78 D2 0C 3A 9B 00 07 A9 17 35 AA AA 
Time:	07:25:32,618
Send:	220001
Receive: 62 00 01 02 8D 00 9F 1B A6 0A 2C 01 A0 00 F1 00 00 03 20 00 F8 80 26 58 23 7B BD 41 F1 F7 8C BC 00 E6 03 62 55 57 30 1F C0 00 5A 0A B4 00 30 FF 3C FB 94 4A 45 03 01 7D C8 78 D2 0C 3A 9B 00 07 26 15 AB AA AA 
Time:	07:25:32,999
Send:	220001
Receive: 62 00 01 02 8D 00 9E 1C 48 0B 1A 01 8E 00 DB 00 00 02 CF 00 DA 80 2A 58 27 7E BD 41 F1 F7 8B 5A 00 E6 03 D7 55 50 1E 1F C0 00 5A 0A B1 00 30 FF 3D FB 88 4A 45 03 01 7D C8 78 D2 0C 3A 9B 00 06 5C 14 53 AA AA 
Time:	07:25:33,400
Send:	220001
Receive: 62 00 01 02 8D 00 9F 1C 6E 0A 2E 01 6F 00 D6 00 00 02 88 00 CD 80 29 58 26 81 7D 41 F1 F7 8C 57 00 E6 03 D7 55 4D 76 1F C0 00 5A 0A A4 00 30 FF 3E FB 67 4A 45 03 01 7D C8 78 D2 0C 3A 9B 00 05 DC 12 87 AA AA 
Time:	07:25:33,805
Send:	220001
Receive: 62 00 01 02 8D 00 9E 1B C2 0B 11 01 75 00 CC 00 00 02 6E 00 B9 80 83 58 92 84 3D 41 F1 F7 8C A4 00 E6 02 A1 55 44 9D 1F C0 00 5A 0A BC 00 30 FF 3C FB B3 4A 45 03 01 7D C8 78 D2 0C 3A 9B 00 05 A5 12 93 AA AA 
Time:	07:25:34,199
Send:	220001
Receive: 62 00 01 02 8D 00 9E 1C 52 0A 2F 01 4B 00 BA 00 00 02 47 00 B7 80 A8 58 A4 7E 7D 41 F1 F7 8D 9C 00 E6 02 A1 55 42 D6 1F C0 00 5A 0A A6 00 30 FF 3D FB 69 4A 45 03 01 7D C8 78 D2 0C 3A 9B 00 05 16 11 0B AA AA 
Time:	07:25:34,598
Send:	220001
Receive: 62 00 01 02 8D 00 9F 19 B8 0A 1D 01 5A 00 9F 02 0F 02 3D 00 9B 80 2E 58 29 7F FD 41 F1 F7 8D 66 00 E6 02 A1 55 3A E3 1F C0 00 5A 0A E0 00 30 FF 39 FC 3C 4A 45 03 01 7D C8 78 D2 0C 3A 9B 00 05 2B 11 55 AA AA 
Time:	07:25:34,988
Send:	220001
Receive: 62 00 01 02 8D 00 9E 1A 6E 09 30 01 37 00 9A 06 70 02 0A 00 96 80 B2 58 AE 7D 3D 41 F1 F7 8E A6 00 E6 02 7D 56 40 2E 1F C0 00 5A 0A CB 00 30 FF 3B FC B5 4A 45 03 01 7C C8 78 D2 0C 3A 9B 00 04 BD 10 6E AA AA 
Time:	07:25:35,380
Send:	220001
Receive: 62 00 01 02 8D 00 9E 17 6E 09 0F 01 65 00 A1 0D B8 02 75 00 A1 80 BE 58 AD 7A FD 41 F1 F7 8B F2 00 E6 02 7D 56 40 2E 1F C0 00 5A 0A E4 00 30 FF 39 FC CD 4A 45 03 01 7C C8 78 D2 0C 3A 9B 00 05 9C 12 2D AA AA 
Time:	07:25:35,779
Send:	220001
Receive: 62 00 01 02 8D 00 9E 18 02 09 21 01 CE 00 D8 0A 61 03 44 00 D7 80 C0 58 B5 78 7D 41 F1 F7 8A 4E 00 E6 03 07 56 52 C6 1F C0 00 5A 0A E4 00 30 FF 39 FC AD 4A 45 03 01 7C C0 78 D2 0C 3A 9B 00 07 5A 16 12 AA AA 
Time:	07:25:36,179
Send:	220001
Receive: 62 00 01 02 8D 00 9E 17 C4 09 15 02 0F 01 16 09 8F 03 F5 01 0C 80 BD 58 AE 75 9D 41 F1 F7 8A C7 00 E6 03 07 56 5D 61 1F C0 00 5A 0A E5 00 30 FF 39 FC AD 4A 45 03 01 7C C0 78 D2 0C 3A 9B 00 09 28 1A 30 AA AA 
Time:	07:25:36,568
Send:	220001
Receive: 62 00 01 02 8D 00 9E 17 42 09 0D 01 FA 00 EC 07 0F 04 08 01 08 80 B2 58 9E 73 3D 41 F1 F7 8A 24 00 E6 03 07 56 57 30 1F C0 00 5A 0A E5 00 30 FF 39 FC CD 4A 45 03 01 7C C0 78 D2 0C 3A 9B 00 08 F3 19 C4 AA AA 
Time:	07:25:36,947
Send:	220001
Receive: 62 00 01 02 8D 00 9E 17 F0 09 13 01 BD 00 D8 03 51 03 98 00 F0 80 A0 58 2A 70 1D 41 F1 F7 8A 8F 00 E6 03 5D 56 54 88 1F C0 00 5A 0A E6 00 30 FF 39 FC AD 4A 45 03 01 7C C8 78 D2 0C 3A 9B 00 08 1F 17 DD AA AA 
Time:	07:25:37,337
Send:	220001
Receive: 62 00 01 02 8D 00 9E 17 28 09 0E 01 C0 00 D3 02 0F 03 79 00 E2 80 2C 58 29 74 FD 41 F1 F7 8A 03 00 E6 03 5D 56 4E 57 1F C0 00 5A 0A E6 00 30 FF 39 FC C7 4A 45 03 01 7D C8 78 D2 0C 3A 9B 00 07 E5 17 5A AA AA 
Time:	07:25:37,728
Send:	220001
Receive: 62 00 01 02 8D 00 9E 17 4A 09 0C 01 B2 00 CC 01 DC 03 56 00 D9 80 91 58 8F 74 3D 41 F1 F7 8A 08 00 E6 03 5D 56 4A CE 1F C0 00 5A 0A E6 00 30 FF 39 FC BD 4A 45 03 01 7D C8 78 D2 0C 3A 9B 00 07 99 16 A6 AA AA 
Time:	07:25:38,121
Send:	220001
Receive: 62 00 01 02 8D 00 9E 17 2C 08 14 01 A9 00 D1 00 00 03 51 00 D7 80 A8 58 96 71 9D 41 F1 F7 89 EC 00 E6 02 E1 56 4E 57 1F C0 00 5A 0A E6 00 30 FF 39 FC C7 4A 45 03 01 7D C8 78 D2 0C 3A 9B 00 07 99 16 B1 AA AA 
Time:	07:25:38,505
Send:	220001
Receive: 62 00 01 02 8D 00 9E 15 0C 08 04 01 C9 00 C4 06 05 03 75 00 CD 80 2B 58 27 74 BD 41 F1 F7 87 18 00 E6 02 E1 56 45 7E 1F C0 00 5A 0A E6 00 30 FF 39 FD D4 4A 45 03 01 7C C8 78 D2 0C 3A 9B 00 07 F4 18 05 AA AA 
Time:	07:25:38,921
Send:	220001
Receive: 62 00 01 02 8D 00 9E 15 DE 08 18 01 B9 00 D6 09 C2 03 6A 00 C4 80 2E 58 2E 77 5D 41 F1 F7 86 2E 00 E6 02 E1 56 4E 57 1F C0 00 5A 0A E6 00 30 FF 39 FD 6F 4A 45 03 01 7C C8 78 D2 0C 3A 9B 00 07 89 18 91 AA AA 
Time:	07:25:39,311
Send:	220001
Receive: 62 00 01 02 8C 00 9E 14 CC 08 0C 02 16 00 CE 0F C7 03 EC 00 F3 80 28 58 24 79 DD 41 F1 F7 88 58 00 E6 02 E1 56 52 C6 1F C0 00 5A 0A E6 00 30 FF 39 00 00 4A 45 03 01 7C C8 78 D2 0C 3A 9B 00 08 C8 19 70 AA AA 
Time:	07:25:39,708
Send:	220001
Receive: 62 00 01 02 8C 00 9E 14 C4 08 01 02 49 00 E2 09 8F 04 66 00 F6 80 A6 58 A4 77 3D 41 F1 F7 85 B3 00 E6 02 E1 56 54 88 1F C0 00 5A 0A E6 00 30 FF 39 00 00 4A 45 03 01 7C C0 78 D2 0C 3A 9B 00 09 D9 1D B5 AA AA 
Time:	07:25:40,088
Send:	220001
Receive: 62 00 01 02 8D 00 9E 16 18 08 0F 02 0F 00 E5 09 8F 04 1E 01 08 80 AA 58 A5 7A 5D 41 F1 F7 89 78 00 E6 03 9C 56 5B 9F 1F C0 00 5A 0A E6 00 30 FF 39 00 00 4A 45 03 01 7C C0 78 D2 0C 3A 9B 00 09 5D 1A B8 AA AA 
Time:	07:25:40,487
Send:	220001
Receive: 62 00 01 02 8D 00 9E 14 E8 08 0F 01 FE 00 D6 07 E1 04 05 00 EC 80 A7 58 38 74 DD 41 F1 F7 86 CD 00 E6 03 9C 56 51 E0 1F C0 00 5A 0A E6 00 30 FF 39 00 00 4A 45 03 01 7C C0 78 D2 0C 3A 9B 00 09 2E 1B 31 AA AA 
Time:	07:25:40,867
Send:	220001
Receive: 62 00 01 02 8D 00 9E 16 56 08 16 01 E9 00 D8 08 B8 03 D5 00 FB 80 32 58 46 79 1D 41 F1 F7 8A 24 00 E6 03 59 56 5A B9 1F C0 00 5A 0A E6 00 30 FF 39 00 00 4A 45 03 01 7C C0 78 D2 0C 3A 9B 00 08 99 19 05 AA AA 
Time:	07:25:41,250
Send:	220001
Receive: 62 00 01 02 8D 00 9E 15 C0 08 10 01 F9 00 E2 05 D1 03 F9 00 F8 80 9C 58 34 74 3D 41 F1 F7 88 8E 00 E6 03 59 56 54 88 1F C0 00 5A 0A E5 00 30 FF 39 FD 5C 4A 45 03 01 7C C0 78 D2 0C 3A 9B 00 08 F5 19 D1 AA AA 
Time:	07:25:41,638
Send:	220001
Receive: 62 00 01 02 8D 00 9E 16 22 08 0F 01 DE 00 DB 03 51 03 C1 00 E7 80 9D 58 99 74 DD 41 F1 F7 88 26 00 E6 03 59 56 50 1E 1F C0 00 5A 0A E5 00 30 FF 39 FD 52 4A 45 03 01 7C C8 78 D2 0C 3A 9B 00 08 96 19 04 AA AA 
Time:	07:25:42,041
Send:	220001
Receive: 62 00 01 02 8D 00 9E 16 7A 08 0D 01 C3 00 D6 04 23 03 96 00 DF 80 A4 58 78 72 1D 41 F1 F7 88 85 00 E6 03 0B 56 4D 76 1F C0 00 5A 0A E5 00 30 FF 39 FD 15 4A 45 03 01 7C C8 78 D2 0C 3A 9B 00 08 2B 18 1C AA AA 
Time:	07:25:42,419
Send:	220001
Receive: 62 00 01 02 8D 00 9E 15 CA 08 13 01 D9 00 D8 07 E1 03 A7 00 E3 80 2A 58 27 75 DD 41 F1 F7 88 7C 00 E6 03 0B 56 51 E0 1F C0 00 5A 0A E5 00 30 FF 39 FD 5F 4A 45 03 01 7C C8 78 D2 0C 3A 9B 00 08 57 18 6C AA AA 
Time:	07:25:42,809
Send:	220001

Fixed toLineMF: 03E 62 00 01 02 8D 00 9E 16 16 08 17 02 09 00 FB 07 E1 03 E5 00 EC 80 34 58 3B 78 9D 41 F1 F7 87 C7 00 E6 03 0B 56 55 6E 1F C0 00 5A 0A E5 00 30 FF 39 FD 5F 4A 45 03 01 7C C0 78 D2 0C 3A 9B 
Receive: 62 00 01 02 8D 00 9E 16 16 08 17 02 09 00 FB 07 E1 03 E5 00 EC 80 34 58 3B 78 9D 41 F1 F7 87 C7 00 E6 03 0B 56 55 6E 1F C0 00 5A 0A E5 00 30 FF 39 FD 5F 4A 45 03 01 7C C0 78 D2 0C 3A 9B 

Fixed toLineMF: 03E 62 00 01 02 8D 00 9E 16 16 08 17 02 09 00 FB 07 E1 03 E5 00 EC 80 34 58 3B 78 9D 41 F1 F7 87 C7 00 E6 03 0B 56 55 6E 1F C0 00 5A 0A E5 00 30 FF 39 FD 5F 4A 45 03 01 7C C0 78 D2 0C 3A 9B 
Time:	07:25:43,180
Send:	220001
Receive: 62 00 01 02 8D 00 9E 16 56 08 11 01 DE 00 DB 08 4C 03 D1 00 F4 80 A7 58 A6 73 BD 41 F1 F7 89 53 00 E6 03 0B 56 55 6E 1F C0 00 5A 0A E5 00 30 FF 39 FD 17 4A 45 03 01 7C C0 78 D2 0C 3A 9B 00 08 AA 19 28 AA AA 
Time:	07:25:43,588
Send:	220001
Receive: 62 00 01 02 8D 00 9E 16 B8 08 17 01 D1 00 E0 08 4C 03 A2 00 E4 80 2F 58 29 75 7D 41 F1 F7 88 CE 00 E6 03 0B 56 55 6E 1F C0 00 5A 0A E5 00 30 FF 39 FD 05 4A 45 03 01 7C C0 78 D2 0C 3A 9B 00 08 54 18 6A AA AA 
Time:	07:25:43,967
Send:	220001
Receive: 62 00 01 02 8D 00 9E 16 B2 08 17 01 E6 00 FB 11 75 03 C1 00 F5 80 2B 58 2A 77 9D 41 F1 F7 8A 11 00 E6 03 0B 56 58 F7 1F C0 00 5A 0A E5 00 30 FF 39 FC EA 4A 45 03 01 7C C0 78 D2 0C 3A 9B 00 08 ED 19 BB AA AA 
Time:	07:25:44,356
Send:	220001
Receive: 62 00 01 02 8D 00 9E 16 D6 09 0E 02 13 00 EF 08 B8 04 06 01 05 80 5F 58 89 7A 9D 41 F1 F7 89 CB 00 E6 03 0B 56 58 11 1F C0 00 5A 0A E5 00 30 FF 39 FC ED 4A 45 03 01 7C C0 78 D2 0C 3A 9B 00 09 1E 1A 22 AA AA 
Time:	07:25:44,749
Send:	220001
Receive: 62 00 01 02 8D 00 9E 17 84 09 0E 02 05 00 EC 08 B8 04 1F 01 12 80 A6 58 92 74 9D 41 F1 F7 8A 73 00 E6 03 0B 56 5A B9 1F C0 00 5A 0A E5 00 30 FF 39 FC AD 4A 45 03 01 7C C0 78 D2 0C 3A 9B 00 09 27 1A 39 AA AA 
Time:	07:25:45,130
Send:	220001
Receive: 62 00 01 02 8D 00 9E 17 B4 09 10 02 04 00 F1 0A 61 04 04 01 0F 80 2B 58 28 78 DD 41 F1 F7 8A 99 00 E6 03 B4 56 5A B9 1F C0 00 5A 0A E5 00 30 FF 39 FC AD 4A 45 03 01 7C C0 78 D2 0C 3A 9B 00 09 37 1A 5C AA AA 
Time:	07:25:45,527
Send:	220001
Receive: 62 00 01 02 8D 00 9F 17 5C 09 0E 01 FF 00 F1 07 E1 04 0D 01 09 80 9E 58 A2 76 3D 41 F1 F7 8A 03 00 E6 03 B4 56 58 F7 1F C0 00 5A 0A E5 00 30 FF 39 FC BF 4A 45 03 01 7C C0 78 D2 0C 3A 9B 00 09 30 1A 4C AA AA 
Time:	07:25:45,908
Send:	220001
Receive: 62 00 01 02 8D 00 9F 16 F6 09 01 01 E9 00 EA 04 FA 03 E3 00 F5 80 7E 58 2E 73 3D 41 F1 F7 88 E5 00 E6 03 B4 56 52 C6 1F C0 00 5A 0A E5 00 30 FF 39 FD 02 4A 45 03 01 7C C8 78 D2 0C 3A 9B 00 08 E7 19 BA AA AA 
Time:	07:25:46,291
Send:	220001
Receive: 62 00 01 02 8D 00 9F 17 0E 08 08 01 D9 01 00 09 23 03 A5 00 F1 80 33 58 57 78 DD 41 F1 F7 8A 5C 00 E6 03 B4 56 59 D8 1F C0 00 5A 0A E5 00 30 FF 39 FC B2 4A 45 03 01 7C C8 78 D2 0C 3A 9B 00 08 7E 18 BA AA AA 
Time:	07:25:46,687
Send:	220001
Receive: 62 00 01 02 8D 00 9F 16 4E 09 0E 01 F9 00 EC 00 00 03 F3 00 F2 80 9B 58 39 73 DD 41 F1 F7 88 0F 00 E6 03 B4 56 51 E0 1F C0 00 5A 0A E4 00 30 FF 39 FD 5F 4A 45 03 01 7D C8 78 D2 0C 3A 9B 00 09 11 1A 45 AA AA 
Time:	07:25:47,086
Send:	220001
Receive: 62 00 01 02 8D 00 9F 16 B4 08 0A 01 DC 00 D8 02 0F 03 A9 00 EC 80 82 58 86 78 7D 41 F1 F7 89 98 00 E6 03 59 56 50 FF 1F C0 00 5A 0A E4 00 30 FF 39 FC E5 4A 45 03 01 7D C8 78 D2 0C 3A 9B 00 08 57 18 66 AA AA 
Time:	07:25:47,479
Send:	220001
Receive: 62 00 01 02 8D 00 9F 15 52 08 07 01 B5 00 D6 01 A8 03 85 00 C9 80 A2 58 74 72 BD 41 F1 F7 85 F5 00 E6 03 59 56 47 45 1F C0 00 5A 0A E4 00 30 FF 39 FD CC 4A 45 03 01 7D C8 78 D2 0C 3A 9B 00 08 0E 19 27 AA AA 
Time:	07:25:47,888
Send:	220001
Receive: 62 00 01 02 8D 00 9F 16 3C 07 07 01 C7 00 C7 04 FA 03 81 00 E1 80 28 58 29 77 3D 41 F1 F7 88 81 00 E6 03 0B 56 48 26 1F C0 00 5A 0A E4 00 30 FF 39 FD 02 4A 45 03 01 7C C8 78 D2 0C 3A 9B 00 08 01 17 AE AA AA 
Time:	07:25:48,269
Send:	220001

Fixed toLineMF: 03E 62 00 01 02 88 00 9F 13 4E 08 0C 01 9F 00 9F 02 0F 03 35 00 A6 80 A0 58 9C 74 5D 41 F1 F7 86 D1 00 E6 00 5A 0A E4 00 30 FF 39 FF AE 4A 45 03 01 7D C8 78 D2 0C 3A 9B 00 07 89 18 C8 AA AA 
Receive: 62 00 01 02 88 00 9F 13 4E 08 0C 01 9F 00 9F 02 0F 03 35 00 A6 80 A0 58 9C 74 5D 41 F1 F7 86 D1 00 E6 00 5A 0A E4 00 30 FF 39 FF AE 4A 45 03 01 7D C8 78 D2 0C 3A 9B 00 07 89 18 C8 AA AA 

Fixed toLineMF: 03E 62 00 01 02 88 00 9F 13 4E 08 0C 01 9F 00 9F 02 0F 03 35 00 A6 80 A0 58 9C 74 5D 41 F1 F7 86 D1 00 E6 00 5A 0A E4 00 30 FF 39 FF AE 4A 45 03 01 7D C8 78 D2 0C 3A 9B 00 07 89 18 C8 AA AA 
Time:	07:25:48,655
Send:	220001
Receive: 62 00 01 02 8C 00 9F 13 2A 07 03 01 8A 00 A1 03 F0 02 FF 00 99 80 25 58 22 77 3D 41 F1 F7 87 96 00 E6 03 0B 56 3A E3 1F C0 00 5A 0A E4 00 30 FF 39 FF A1 4A 45 03 01 7C C8 78 D2 0C 3A 9B 00 06 F4 18 18 AA AA 
Time:	07:25:49,038
Send:	220001
Receive: 62 00 01 02 8D 00 9F 12 06 06 0F 01 B9 00 B0 07 7A 03 4A 00 A8 80 27 58 25 79 3D 41 F1 F7 86 74 00 E6 01 E4 56 41 F5 1F C0 00 5A 0A E5 00 30 FF 39 00 00 4A 45 03 01 7C C0 78 D2 0C 3A 9B 00 07 7D 19 3E AA AA 
Time:	07:25:49,440
Send:	220001
Receive: 62 00 01 02 8C 00 9F 11 20 06 11 02 84 00 F3 09 8F 04 4E 00 BF 80 2B 58 28 7B 7D 41 F1 F7 83 0F 00 E6 01 E4 56 48 26 1F C0 00 5A 0A E5 00 30 FF 39 00 00 4A 45 03 01 7C C0 78 D2 0C 3A 9B 00 0A 23 1F 31 AA AA 
Time:	07:25:49,836
Send:	220001
Receive: 62 00 01 02 8D 00 9F 11 82 06 01 02 53 00 D3 0C 0A 04 9C 00 EE 80 B8 58 B7 78 7D 41 F1 F7 84 DA 00 E6 03 71 56 50 1E 1F C0 00 5A 0A E6 00 30 FF 39 00 00 4A 45 03 01 7C C0 78 D2 0C 3A 9B 00 0A 5A 1F A7 AA AA 
Time:	07:25:50,230
Send:	220001
Receive: 62 00 01 02 8C 00 9F 10 9C 06 FD 02 7F 00 D3 0D EB 04 BA 00 D8 80 BB 58 AE 75 7D 41 F1 F7 84 0D 00 E6 03 71 56 4A CE 1F C0 00 5A 0A E6 00 30 FF 39 00 00 4A 45 03 01 7C C0 78 D2 0C 3A 9B 00 0A C9 20 C1 AA AA 
Time:	07:25:50,628
Send:	220001
Receive: 62 00 01 02 8D 00 9F 11 A0 06 0C 02 25 00 D1 0A CC 04 68 00 DD 80 BD 58 B2 72 7D 41 F1 F7 84 22 00 E6 03 71 56 4E 57 1F C0 00 5A 0A E6 00 30 FF 39 00 00 4A 45 03 01 7C C0 78 D2 0C 3A 9B 00 0A 07 1E FD AA AA 
Time:	07:25:51,010
Send:	220001
Receive: 62 00 01 02 8D 00 9F 11 34 06 0A 02 30 00 CC 0B 38 04 84 00 E1 80 35 58 2A 70 5D 41 F1 F7 84 55 00 E6 02 D8 56 4E 57 1F C0 00 5A 0A E6 00 30 FF 39 FE BC 4A 45 03 01 7C C0 78 D2 0C 3A 9B 00 0A 32 1F 5A AA AA 
Time:	07:25:51,408
Send:	220001
Receive: 62 00 01 02 8C 00 9F 11 52 06 0B 02 49 00 CE 19 FA 04 65 00 D0 80 2B 58 28 76 3D 41 F1 F7 83 8E 00 E6 02 D8 56 4A CE 1F C0 00 5A 0A E6 00 30 FF 39 FE D4 4A 45 03 01 7C C0 78 D2 0C 3A 9B 00 0A 20 1F 2F AA AA 
Time:	07:25:51,799
Send:	220001

Fixed toLineMF: 03E 62 00 01 02 8C 00 9F 11 D2 07 10 02 2E CF 80 98 58 8E 74 BD 41 F1 F7 83 8E 00 E6 03 12 56 4B AF 1F C0 00 5A 0A E6 00 30 FF 39 00 00 4A 45 03 01 7C C8 78 D2 0C 3A 9B 00 09 F9 1E DD AA AA 
Receive: 62 00 01 02 8C 00 9F 11 D2 07 10 02 2E CF 80 98 58 8E 74 BD 41 F1 F7 83 8E 00 E6 03 12 56 4B AF 1F C0 00 5A 0A E6 00 30 FF 39 00 00 4A 45 03 01 7C C8 78 D2 0C 3A 9B 00 09 F9 1E DD AA AA 

Fixed toLineMF: 03E 62 00 01 02 8C 00 9F 11 D2 07 10 02 2E CF 80 98 58 8E 74 BD 41 F1 F7 83 8E 00 E6 03 12 56 4B AF 1F C0 00 5A 0A E6 00 30 FF 39 00 00 4A 45 03 01 7C C8 78 D2 0C 3A 9B 00 09 F9 1E DD AA AA 
Time:	07:25:52,191
Send:	220001

Fixed toLineMF: 03E 62 00 01 02 8D 00 00 D1 0A CC 04 2A 00 D7 80 2E 58 2B 77 9D 41 F1 F7 84 55 00 E6 03 12 56 4F 38 1F C0 00 5A 0A E6 00 30 FF 39 00 00 4A 45 03 01 7C C8 78 D2 0C 3A 9B 00 09 8F 1E 05 AA AA 
Receive: 62 00 01 02 8D 00 00 D1 0A CC 04 2A 00 D7 80 2E 58 2B 77 9D 41 F1 F7 84 55 00 E6 03 12 56 4F 38 1F C0 00 5A 0A E6 00 30 FF 39 00 00 4A 45 03 01 7C C8 78 D2 0C 3A 9B 00 09 8F 1E 05 AA AA 

Fixed toLineMF: 03E 62 00 01 02 8D 00 00 D1 0A CC 04 2A 00 D7 80 2E 58 2B 77 9D 41 F1 F7 84 55 00 E6 03 12 56 4F 38 1F C0 00 5A 0A E6 00 30 FF 39 00 00 4A 45 03 01 7C C8 78 D2 0C 3A 9B 00 09 8F 1E 05 AA AA 
Time:	07:25:52,578
Send:	220001
Receive: 62 00 01 02 8D 00 9F 12 8E 07 0E 02 22 00 D3 09 F5 04 51 00 F0 80 2E 58 3F 7A 7D 41 F1 F7 85 88 00 E6 03 12 56 52 C6 1F C0 00 5A 0A E6 00 30 FF 39 00 00 4A 45 03 01 7C C0 78 D2 0C 3A 9B 00 09 EA 1D F2 AA AA 
Time:	07:25:52,984
Send:	220001
Receive: 62 00 01 02 8D 00 9F 12 32 07 0C 02 12 00 D3 09 F5 04 29 00 D4 80 8E 58 41 75 9D 41 F1 F7 84 62 00 E6 03 33 56 4C 95 1F C0 00 5A 0A E6 00 30 FF 39 00 00 4A 45 03 01 7C C0 78 D2 0C 3A 9B 00 09 77 1D DB AA AA 
Time:	07:25:53,384
Send:	220001
Receive: 62 00 01 02 8C 00 9F 12 64 07 10 02 20 00 D1 08 4C 04 1F 00 D0 80 29 58 26 7B 1D 41 F1 F7 83 F3 00 E6 03 33 56 4C 95 1F C0 00 5A 0A E6 00 30 FF 39 00 00 4A 45 03 01 7C C0 78 D2 0C 3A 9B 00 09 74 1D D1 AA AA 
Time:	07:25:53,780
Send:	220001
Receive: 62 00 01 02 8D 00 9F 13 3A 07 0C 02 0A 00 D3 08 4C 04 0A 00 D9 80 2D 58 2A 7D FD 41 F1 F7 85 0A 00 E6 03 33 56 4D 76 1F C0 00 5A 0A E6 00 30 FF 39 00 00 4A 45 03 01 7C C0 78 D2 0C 3A 9B 00 09 4A 1D 1F AA AA 
Time:	07:25:54,180
Send:	220001
Receive: 62 00 01 02 8D 00 9F 13 36 07 0D 01 FF 00 D1 08 4C 04 07 00 DB 80 A7 58 A0 7A 5D 41 F1 F7 85 39 00 E6 03 33 56 4D 76 1F C0 00 5A 0A E6 00 30 FF 39 FE 44 4A 45 03 01 7C C0 78 D2 0C 3A 9B 00 09 3B 1C D4 AA AA 
Time:	07:25:54,578
Send:	220001
Receive: 62 00 01 02 8D 00 9F 13 76 07 12 02 07 00 D3 06 38 04 1B 00 E2 80 9F 58 39 78 3D 41 F1 F7 85 65 00 E6 03 33 56 51 E0 1F C0 00 5A 0A E6 00 30 FF 39 FE 2C 4A 45 03 01 7C C0 78 D2 0C 3A 9B 00 09 33 1C CF AA AA 
Time:	07:25:54,960
Send:	220001
Receive: 62 00 01 02 8D 00 9F 14 20 07 12 02 17 00 D8 0E F5 04 18 00 EC 80 2C 58 2A 7C FD 41 F1 F7 85 FE 00 E6 03 55 56 54 88 1F C0 00 5A 0A E6 00 30 FF 39 FD F7 4A 45 03 01 7C C0 78 D2 0C 3A 9B 00 09 1B 1C 22 AA AA 
Time:	07:25:55,360
Send:	220001
Receive: 62 00 01 02 8D 00 9F 14 6A 08 10 02 13 00 D6 0E 8A 04 1E 00 F3 80 AD 58 A9 79 9D 41 F1 F7 86 F0 00 E6 03 55 56 55 6E 1F C0 00 5A 0A E6 00 30 FF 39 FD DC 4A 45 03 01 7C C0 78 D2 0C 3A 9B 00 09 46 1B 27 AA AA 
Time:	07:25:55,758
Send:	220001
Receive: 62 00 01 02 8D 00 9F 15 14 08 13 01 FB 00 D8 0D 4C 03 FD 00 F1 80 B4 58 A6 76 9D 41 F1 F7 87 9A 00 E6 03 55 56 57 30 1F C0 00 5A 0A E6 00 30 FF 39 FD 97 4A 45 03 01 7C C0 78 D2 0C 3A 9B 00 09 11 1A 6C AA AA 
Time:	07:25:56,155
Send:	220001
Receive: 62 00 01 02 8D 00 9F 15 92 08 13 02 05 00 EA 0C 42 04 0D 00 FA 80 AA 58 6B 73 DD 41 F1 F7 88 41 00 E6 03 59 56 58 11 1F C0 00 5A 0A E6 00 30 FF 39 FD 6C 4A 45 03 01 7C C0 78 D2 0C 3A 9B 00 09 30 1A 60 AA AA 
Time:	07:25:56,558
Send:	220001
Receive: 62 00 01 02 8D 00 9F 16 24 08 11 02 0A 00 F1 0C E1 04 13 01 02 80 2B 58 28 77 7D 41 F1 F7 89 0A 00 E6 03 59 56 58 F7 1F C0 00 5A 0A E6 00 30 FF 39 FD 32 4A 45 03 01 7C C0 78 D2 0C 3A 9B 00 09 40 1A 84 AA AA 
Time:	07:25:56,958
Send:	220001
Receive: 62 00 01 02 8D 00 9F 16 CA 08 11 02 12 00 F6 0A 61 04 10 01 07 80 7D 58 41 7A 9D 41 F1 F7 89 FA 00 E6 03 85 56 5A B9 1F C0 00 5A 0A E6 00 30 FF 39 FC EA 4A 45 03 01 7C C0 78 D2 0C 3A 9B 00 09 47 1A 8C AA AA 
Time:	07:25:57,349
Send:	220001
Receive: 62 00 01 02 8D 00 9F 17 3E 09 10 01 FC 00 FB 09 C2 04 11 01 0C 80 A1 58 54 74 7D 41 F1 F7 8A 5C 00 E6 03 85 56 5B 9F 1F C0 00 5A 0A E6 00 30 FF 39 FC AF 4A 45 03 01 7C C0 78 D2 0C 3A 9B 00 09 39 1A 6B AA AA 
Time:	07:25:57,752
Send:	220001
Receive: 62 00 01 02 8D 00 9F 17 7E 09 0C 01 FA 00 EC 04 8F 03 E8 01 02 80 2E 58 2D 79 7D 41 F1 F7 8A 60 00 E6 03 85 56 55 6E 1F C0 00 5A 0A E6 00 30 FF 39 FC AC 4A 45 03 01 7C C0 78 D2 0C 3A 9B 00 08 D7 19 97 AA AA 
Time:	07:25:58,148
Send:	220001
Receive: 62 00 01 02 8D 00 9F 17 A6 09 0E 01 E2 00 EC 07 7A 03 C9 00 FB 80 AA 58 A6 75 DD 41 F1 F7 8A 6E 00 E6 03 B4 56 55 6E 1F C0 00 5A 0A E6 00 30 FF 39 FC AC 4A 45 03 01 7C C8 78 D2 0C 3A 9B 00 08 A6 19 25 AA AA 
Time:	07:25:58,529
Send:	220001
Receive: 62 00 01 02 8D 00 9F 17 86 09 15 01 D9 01 00 0C 0A 03 CA 00 FD 80 A4 58 79 72 DD 41 F1 F7 8A A2 00 E6 03 B4 56 5A B9 1F C0 00 5A 0A E6 00 30 FF 39 FC AC 4A 45 03 01 7C C0 78 D2 0C 3A 9B 00 08 CB 19 72 AA AA 
Time:	07:25:58,907
Send:	220001
Receive: 62 00 01 02 8D 00 9F 17 4C 09 0D 02 20 01 05 0C 75 04 33 01 14 80 2A 58 28 77 1D 41 F1 F7 8A 65 00 E6 03 85 56 5B 9F 1F C0 00 5A 0A E6 00 30 FF 39 FC BF 4A 45 03 01 7C C0 78 D2 0C 3A 9B 00 09 95 1B 33 AA AA 
Time:	07:25:59,297
Send:	220001
Receive: 62 00 01 02 8D 00 9F 17 6C 09 0E 02 10 01 00 0D 7F 04 24 01 11 80 94 58 93 76 9D 41 F1 F7 8A 4E 00 E6 03 85 56 5B 9F 1F C0 00 5A 0A E6 00 30 FF 39 FC BA 4A 45 03 01 7C C0 78 D2 0C 3A 9B 00 09 6E 1A E0 AA AA 
Time:	07:25:59,716
Send:	220001
Receive: 62 00 01 02 8D 00 9F 17 CC 09 10 01 FD 00 FE 0C AE 04 16 01 0F 80 92 58 37 73 7D 41 F1 F7 8A 6E 00 E6 03 85 56 5C 80 1F C0 00 5A 0A E6 00 30 FF 39 FC AC 4A 45 03 01 7C C0 78 D2 0C 3A 9B 00 09 52 1A A5 AA AA 
Time:	07:26:00,119
Send:	220001
Receive: 62 00 01 02 8D 00 9F 18 98 09 11 02 0B 01 00 0B 38 04 0A 01 18 80 2B 58 2A 78 FD 41 F1 F7 8B 39 00 E6 03 B4 56 5E 47 1F C0 00 5A 0A E6 00 30 FF 39 FC AC 4A 45 03 01 7C C0 78 D2 0C 3A 9B 00 09 3A 1A 60 AA AA 
Time:	07:26:00,517
Send:	220001
Receive: 62 00 01 02 8D 00 9F 19 0A 09 11 01 F3 01 03 0E F5 04 03 01 1D 80 AD 58 A8 75 5D 41 F1 F7 8B AB 00 E6 03 B4 56 60 09 1F C0 00 5A 0A E1 00 30 FF 39 FC AE 4A 45 03 01 7C C0 78 D2 0C 3A 9B 00 09 23 1A 38 AA AA 
Time:	07:26:00,895
Send:	220001
Receive: 62 00 01 02 8D 00 9F 19 74 09 14 01 D7 01 05 0A CC 03 DD 01 19 80 A8 58 8A 71 DD 41 F1 F7 8B FC 00 E6 03 E9 56 60 EA 1F C0 00 5A 0A DB 00 30 FF 3A FC B0 4A 45 03 01 7C C0 78 D2 0C 3A 9B 00 08 D9 19 AB AA AA 
Time:	07:26:01,302
Send:	220001
Receive: 62 00 01 02 8D 00 9F 19 AE 09 13 01 EF 01 0A 0B 38 03 ED 01 1F 80 2B 58 28 75 DD 41 F1 F7 8C 2C 00 E6 03 E9 56 61 D0 1F C0 00 5A 0A D6 00 30 FF 3A FC B1 4A 45 03 01 7C C0 78 D2 0C 3A 9B 00 08 E8 19 E0 AA AA 
Time:	07:26:01,698
Send:	220001
Receive: 62 00 01 02 8D 00 9F 1A 10 0A 13 01 F1 01 0F 0B 38 03 DF 01 21 80 32 58 56 79 3D 41 F1 F7 8C 96 00 E6 03 E9 56 62 B1 1F C0 00 5A 0A CE 00 30 FF 3B FC B4 4A 45 03 01 7C C0 78 D2 0C 3A 9B 00 08 CB 19 BD AA AA 
Time:	07:26:02,090
Send:	220001
Receive: 62 00 01 02 8D 00 9F 1A 1C 0A 12 02 02 01 19 0A 61 03 F5 01 22 80 2B 58 28 78 BD 41 F1 F7 8C 65 00 E6 04 23 56 61 D0 1F C0 00 5A 0A D2 00 30 FF 3A FC B2 4A 45 03 01 7C C0 78 D2 0C 3A 9B 00 09 14 1A 59 AA AA 
Time:	07:26:02,479
Send:	220001
Receive: 62 00 01 02 8D 00 9F 1A 3E 0A 0F 02 0E 01 14 08 85 03 F5 01 25 80 2B 58 29 7C 1D 41 F1 F7 8C 79 00 E6 04 23 56 5F 28 1F C0 00 5A 0A D0 00 30 FF 3A FC B3 4A 45 03 01 7C C0 78 D2 0C 3A 9B 00 08 FD 1A 2C AA AA 
Time:	07:26:02,887
Send:	220001
Receive: 62 00 01 02 8D 00 9F 1A 80 0A 0F 02 05 01 0F 04 FA 03 F4 01 23 80 31 58 29 7B 9D 41 F1 F7 8C 61 00 E6 04 23 56 5D 61 1F C0 00 5A 0A CF 00 30 FF 3A FC B3 4A 45 03 01 7C C0 78 D2 0C 3A 9B 00 08 F4 1A 0D AA AA 
Time:	07:26:03,267
Send:	220001
Receive: 62 00 01 02 8D 00 9F 1B 4A 0A 15 01 CD 01 0A 01 70 03 78 01 0C 80 6A 58 8A 7E 1D 41 F1 F7 8D 49 00 E6 04 23 56 5C 80 1F C0 00 5A 0A BB 00 30 FF 3C FB A9 4A 45 03 01 7D C8 78 D2 0C 3A 9B 00 07 F7 17 D5 AA AA 
Time:	07:26:03,655
Send:	220001
Receive: 62 00 01 02 8D 00 9F 1A 0C 0A 0C 01 C4 00 F1 07 0F 03 57 00 F6 80 94 58 9D 7D DD 41 F1 F7 8B FC 00 E6 04 23 56 56 4F 1F C0 00 5A 0A D5 00 30 FF 3A FC B2 4A 45 03 01 7C C8 78 D2 0C 3A 9B 00 07 AC 16 FE AA AA 
Time:	07:26:04,066
Send:	220001
Receive: 62 00 01 02 8D 00 9F 1A B8 0A 20 01 BA 01 0C 07 0F 03 4C 00 FB 80 B7 58 AD 7A DD 41 F1 F7 8C 9F 00 E6 03 C3 56 5B 9F 1F C0 00 5A 0A C4 00 30 FF 3B FC B7 4A 45 03 01 7C C0 78 D2 0C 3A 9B 00 07 B0 17 43 AA AA 
Time:	07:26:04,458
Send:	220001
Receive: 62 00 01 02 8D 00 9F 18 C4 0A FF 01 EE 00 E0 07 7A 03 A1 00 FB 80 2E 58 4D 7D 9D 41 F1 F7 8B 34 00 E6 03 C3 56 53 A7 1F C0 00 5A 0A E6 00 30 FF 39 FC AD 4A 45 03 01 7C C0 78 D2 0C 3A 9B 00 08 0D 17 C6 AA AA 
Time:	07:26:04,861
Send:	220001
Receive: 62 00 01 02 8D 00 9F 1A 3A 09 17 01 E5 01 12 06 38 03 9B 00 FF 80 B6 58 98 77 FD 41 F1 F7 8B 98 00 E6 03 C3 56 5A B9 1F C0 00 5A 0A D5 00 30 FF 3A FC B2 4A 45 03 01 7C C0 78 D2 0C 3A 9B 00 08 CD 19 7A AA AA 
Time:	07:26:05,260
Send:	220001
Receive: 62 00 01 02 8D 00 9F 18 B6 09 09 01 CE 00 D8 05 D1 03 8C 00 FD 80 A7 58 AB 78 1D 41 F1 F7 8B B4 00 E6 03 C3 56 54 88 1F C0 00 5A 0A E6 00 30 FF 39 FC AD 4A 45 03 01 7C C8 78 D2 0C 3A 9B 00 07 D0 17 3E AA AA 
Time:	07:26:05,658
Send:	220001
Receive: 62 00 01 02 8D 00 9F 18 AA 09 13 01 B6 00 D8 06 38 03 57 00 DF 80 B8 58 AD 75 1D 41 F1 F7 8A 99 00 E6 03 C3 56 50 FF 1F C0 00 5A 0A E6 00 30 FF 39 FC AD 4A 45 03 01 7C C0 78 D2 0C 3A 9B 00 07 B2 16 E7 AA AA 
Time:	07:26:06,058
Send:	220001
Receive: 62 00 01 02 8D 00 9F 18 6E 09 16 01 AF 00 DB 08 B8 03 5F 00 EA 80 B3 58 A6 72 7D 41 F1 F7 8B 26 00 E6 03 07 56 55 6E 1F C0 00 5A 0A E6 00 30 FF 39 FC AD 4A 45 03 01 7C C0 78 D2 0C 3A 9B 00 07 B6 16 E4 AA AA 
Time:	07:26:06,451
Send:	220001
Receive: 62 00 01 02 8D 00 9F 18 4C 09 12 01 D8 00 EC 06 A3 03 BC 00 FA 80 A8 58 2E 6F 7D 41 F1 F7 8A 94 00 E6 03 07 56 56 4F 1F C0 00 5A 0A E6 00 30 FF 39 FC AD 4A 45 03 01 7C C0 78 D2 0C 3A 9B 00 08 8A 18 D7 AA AA 
Time:	07:26:06,858
Send:	220001
Receive: 62 00 01 02 8D 00 9F 19 46 09 17 01 C8 00 EF 08 4C 03 95 01 00 80 2B 58 2A 74 1D 41 F1 F7 8B AF 00 E6 03 8E 56 5B 9F 1F C0 00 5A 0A DD 00 30 FF 39 FC AF 4A 45 03 01 7C C0 78 D2 0C 3A 9B 00 08 5D 18 69 AA AA 
Time:	07:26:07,246
Send:	220001
Receive: 62 00 01 02 8D 00 9F 18 84 09 0F 01 C6 00 DD 04 C7 03 96 00 FA 80 9E 58 A1 72 BD 41 F1 F7 8B 5F 00 E6 03 8E 56 54 88 1F C0 00 5A 0A E6 00 30 FF 39 FC AC 4A 45 03 01 7C C0 78 D2 0C 3A 9B 00 08 10 17 AF AA AA 
Time:	07:26:07,636
Send:	220001
Receive: 62 00 01 02 8D 00 9F 18 66 09 14 01 B0 00 DD 06 A3 03 70 00 EA 80 AB 58 9F 6F BD 41 F1 F7 8A BE 00 E6 03 8E 56 54 88 1F C0 00 5A 0A E6 00 30 FF 39 FC AC 4A 45 03 01 7C C0 78 D2 0C 3A 9B 00 07 E9 17 63 AA AA 
Time:	07:26:08,053
Send:	220001

Fixed toLineMF: 03E 62 00 01 02 8D 00 9F 18 40 09 13 01 B5 00 DB 06 38 03 76 00 ED 80 36 58 2A 70 DD 41 F1 F7 8B 00 00 E6 03 07 56 54 88 1F C0 39 FC AC 4A 45 03 01 7C C0 78 D2 0C 3A 9B 00 07 E9 17 64 AA AA 
Receive: 62 00 01 02 8D 00 9F 18 40 09 13 01 B5 00 DB 06 38 03 76 00 ED 80 36 58 2A 70 DD 41 F1 F7 8B 00 00 E6 03 07 56 54 88 1F C0 39 FC AC 4A 45 03 01 7C C0 78 D2 0C 3A 9B 00 07 E9 17 64 AA AA 

Fixed toLineMF: 03E 62 00 01 02 8D 00 9F 18 40 09 13 01 B5 00 DB 06 38 03 76 00 ED 80 36 58 2A 70 DD 41 F1 F7 8B 00 00 E6 03 07 56 54 88 1F C0 39 FC AC 4A 45 03 01 7C C0 78 D2 0C 3A 9B 00 07 E9 17 64 AA AA 
Time:	07:26:08,447
Send:	220001

Fixed toLineMF: 03E 62 00 01 02 8D 00 A0 17 2A 09 0C 01 BF DF 80 31 58 2F 73 9D 41 F1 F7 89 B4 00 E6 03 07 56 4C 95 1F C0 00 5A 0A E6 00 30 FF 39 FC D4 4A 45 03 01 7C C8 78 D2 0C 3A 9B 00 07 EC 17 7A AA AA 
Receive: 62 00 01 02 8D 00 A0 17 2A 09 0C 01 BF DF 80 31 58 2F 73 9D 41 F1 F7 89 B4 00 E6 03 07 56 4C 95 1F C0 00 5A 0A E6 00 30 FF 39 FC D4 4A 45 03 01 7C C8 78 D2 0C 3A 9B 00 07 EC 17 7A AA AA 

Fixed toLineMF: 03E 62 00 01 02 8D 00 A0 17 2A 09 0C 01 BF DF 80 31 58 2F 73 9D 41 F1 F7 89 B4 00 E6 03 07 56 4C 95 1F C0 00 5A 0A E6 00 30 FF 39 FC D4 4A 45 03 01 7C C8 78 D2 0C 3A 9B 00 07 EC 17 7A AA AA 
Time:	07:26:08,829
Send:	220001
Receive: 62 00 01 02 8D 00 A0 17 B2 08 1C 01 D2 00 FB 09 23 03 98 00 F5 80 92 58 86 72 BD 41 F1 F7 8A E4 00 E6 03 07 56 5A B9 1F C0 00 5A 0A E6 00 30 FF 39 FC AC 4A 45 03 01 7C C8 78 D2 0C 3A 9B 00 08 7C 18 BC AA AA 
Time:	07:26:09,217
Send:	220001

Fixed toLineMF: 03E 62 00 01 02 8D 00 A0 15 FC 09 00 01 F3 F3 80 2E 58 2B 74 BD 41 F1 F7 88 8E 00 E6 03 07 56 50 1E 1F C0 00 5A 0A E7 00 30 FF 39 FD 64 4A 45 03 01 7C C8 78 D2 0C 3A 9B 00 08 BA 19 5B AA AA 
Receive: 62 00 01 02 8D 00 A0 15 FC 09 00 01 F3 F3 80 2E 58 2B 74 BD 41 F1 F7 88 8E 00 E6 03 07 56 50 1E 1F C0 00 5A 0A E7 00 30 FF 39 FD 64 4A 45 03 01 7C C8 78 D2 0C 3A 9B 00 08 BA 19 5B AA AA 

Fixed toLineMF: 03E 62 00 01 02 8D 00 A0 15 FC 09 00 01 F3 F3 80 2E 58 2B 74 BD 41 F1 F7 88 8E 00 E6 03 07 56 50 1E 1F C0 00 5A 0A E7 00 30 FF 39 FD 64 4A 45 03 01 7C C8 78 D2 0C 3A 9B 00 08 BA 19 5B AA AA 
Time:	07:26:09,636
Send:	220001
Receive: 62 00 01 02 8D 00 A0 17 5C 08 11 02 11 01 05 03 19 03 FF 00 F9 80 2D 58 29 77 BD 41 F1 F7 88 97 00 E6 03 07 56 58 11 1F C0 00 5A 0A E7 00 30 FF 39 FC D9 4A 45 03 01 7C C0 78 D2 0C 3A 9B 00 09 4B 1B 2E AA AA 
Time:	07:26:10,017
Send:	220001
Receive: 62 00 01 02 8D 00 A0 16 3E 08 01 01 ED 00 DB 09 F5 03 EC 00 FF 80 9B 58 9E 76 BD 41 F1 F7 89 F0 00 E6 03 7C 56 57 30 1F C0 00 5A 0A E7 00 30 FF 39 FD 04 4A 45 03 01 7C C8 78 D2 0C 3A 9B 00 08 C8 19 75 AA AA 
Time:	07:26:10,417
Send:	220001
Receive: 62 00 01 02 8C 00 A0 15 E2 08 14 01 C0 00 DB 02 0F 03 9A 00 D2 80 AE 58 9F 73 FD 41 F1 F7 86 82 00 E6 03 7C 56 4E 57 1F C0 00 5A 0A E7 00 30 FF 39 FD A6 4A 45 03 01 7D C8 78 D2 0C 3A 9B 00 08 5D 19 AC AA AA 
Time:	07:26:10,816
Send:	220001
Receive: 62 00 01 02 8D 00 A0 16 2A 08 0D 01 E0 00 D6 0A 2E 03 BB 00 EF 80 2B 58 28 76 FD 41 F1 F7 89 6A 00 E6 03 59 56 50 FF 1F C0 00 5A 0A E7 00 30 FF 39 FD 0C 4A 45 03 01 7C C8 78 D2 0C 3A 9B 00 08 6E 18 AA AA AA 
Time:	07:26:11,217
Send:	220001
Receive: 62 00 01 02 8D 00 A0 15 00 08 13 01 C6 00 D6 00 66 03 A2 00 CE 80 A3 58 9E 73 DD 41 F1 F7 85 EC 00 E6 03 59 56 4B AF 1F C0 00 5A 0A E7 00 30 FF 39 FD EE 4A 45 03 01 7D C8 78 D2 0C 3A 9B 00 08 41 1A 32 AA AA 
Time:	07:26:11,620
Send:	220001
Receive: 62 00 01 02 8D 00 A0 16 04 07 02 01 E1 00 D6 04 8F 03 BB 00 EE 80 27 58 27 77 BD 41 F1 F7 89 41 00 E6 03 59 56 52 C6 1F C0 00 5A 0A E7 00 30 FF 39 FD 19 4A 45 03 01 7C C8 78 D2 0C 3A 9B 00 08 74 18 BD AA AA 
Time:	07:26:12,008
Send:	220001

Fixed toLineMF: 03E 62 00 01 02 8B 00 A0 13 CE 08 0C 01 D5 00 CE 00 00 03 B5 00 C8 80 58 58 31 74 FD 03 0B 56 46 5F 1F C0 00 5A 0A E7 00 30 FF 39 FF 3B 4A 45 03 01 7D C8 78 D2 0C 3A 9B 00 08 B8 1B 0D AA AA 
Receive: 62 00 01 02 8B 00 A0 13 CE 08 0C 01 D5 00 CE 00 00 03 B5 00 C8 80 58 58 31 74 FD 03 0B 56 46 5F 1F C0 00 5A 0A E7 00 30 FF 39 FF 3B 4A 45 03 01 7D C8 78 D2 0C 3A 9B 00 08 B8 1B 0D AA AA 

Fixed toLineMF: 03E 62 00 01 02 8B 00 A0 13 CE 08 0C 01 D5 00 CE 00 00 03 B5 00 C8 80 58 58 31 74 FD 03 0B 56 46 5F 1F C0 00 5A 0A E7 00 30 FF 39 FF 3B 4A 45 03 01 7D C8 78 D2 0C 3A 9B 00 08 B8 1B 0D AA AA 
Time:	07:26:12,397
Send:	220001

Fixed toLineMF: 03E 62 00 01 02 8D 00 A0 14 D4 07 00 01 B0 00 A9 00 00 03 6B 00 41 F1 F7 85 F5 00 E6 03 0B 56 3F 4D 1F C0 00 5A 0A E7 00 30 FF 39 FE BC 4A 45 03 01 7D C0 78 D2 0C 3A 9B 00 07 B4 18 AF AA AA 
Receive: 62 00 01 02 8D 00 A0 14 D4 07 00 01 B0 00 A9 00 00 03 6B 00 41 F1 F7 85 F5 00 E6 03 0B 56 3F 4D 1F C0 00 5A 0A E7 00 30 FF 39 FE BC 4A 45 03 01 7D C0 78 D2 0C 3A 9B 00 07 B4 18 AF AA AA 

Fixed toLineMF: 03E 62 00 01 02 8D 00 A0 14 D4 07 00 01 B0 00 A9 00 00 03 6B 00 41 F1 F7 85 F5 00 E6 03 0B 56 3F 4D 1F C0 00 5A 0A E7 00 30 FF 39 FE BC 4A 45 03 01 7D C0 78 D2 0C 3A 9B 00 07 B4 18 AF AA AA 
Time:	07:26:12,786
Send:	220001
Receive: 62 00 01 02 8C 00 A0 13 00 07 01 01 73 00 86 00 00 02 E8 00 A1 80 8F 58 36 74 DD 41 F1 F7 88 F3 00 E6 02 0C 56 39 1C 1F C0 00 5A 0A E7 00 30 FF 39 FF 4E 4A 45 03 01 7D C0 78 D2 0C 3A 9B 00 06 D3 16 B2 AA AA 
Time:	07:26:13,191
Send:	220001
Receive: 62 00 01 02 8B 00 A0 11 0A 06 0C 01 8A 00 81 00 00 02 CD 00 7E 80 26 58 23 79 1D 41 F1 F7 86 B7 00 E6 02 0C 56 32 EB 1F C0 00 5A 0A E8 00 30 FF 39 00 E5 4A 45 03 01 7D C0 78 D2 0C 3A 9B 00 06 4F 16 C8 AA AA 
Time:	07:26:13,577
Send:	220001

Fixed toLineMF: 03E 62 00 01 02 8D 00 A0 10 CA 06 0C 01 E8 00 A9 0F C7 03 66 00 A0 80 35 58 61 7A DD 41 F1 F7 86 02 00 E6 02 0C 56 39 1C 1F C0 00 5A 0A E8 00 30 FF 7C C0 78 D2 0C 3A 9B 00 07 CB 1A 1F AA AA 
Receive: 62 00 01 02 8D 00 A0 10 CA 06 0C 01 E8 00 A9 0F C7 03 66 00 A0 80 35 58 61 7A DD 41 F1 F7 86 02 00 E6 02 0C 56 39 1C 1F C0 00 5A 0A E8 00 30 FF 7C C0 78 D2 0C 3A 9B 00 07 CB 1A 1F AA AA 

Fixed toLineMF: 03E 62 00 01 02 8D 00 A0 10 CA 06 0C 01 E8 00 A9 0F C7 03 66 00 A0 80 35 58 61 7A DD 41 F1 F7 86 02 00 E6 02 0C 56 39 1C 1F C0 00 5A 0A E8 00 30 FF 7C C0 78 D2 0C 3A 9B 00 07 CB 1A 1F AA AA 
Time:	07:26:13,971
Send:	220001
Receive: 62 00 01 02 8B 00 A0 0F 68 06 FF 02 86 00 D6 0E F5 04 75 00 B6 80 B8 58 B4 75 DD 41 F1 F7 82 E5 00 E6 02 48 56 40 2E 1F C0 00 5A 0A E8 00 30 FF 39 00 00 4A 45 03 01 7C C0 78 D2 0C 3A 9B 00 0A 1C 1F 84 AA AA 
Time:	07:26:14,368
Send:	220001
Receive: 62 00 01 02 8D 00 A0 0F BE 05 04 02 90 00 CE 0F 61 04 D2 00 E2 80 BF 58 B6 73 DD 41 F1 F7 84 6F 00 E6 02 48 57 44 9D 1F C0 00 5A 0A E9 00 30 FF 39 00 00 4A 45 03 01 7C C0 78 D2 0C 3A 9B 00 0A E0 21 0B AA AA 
Time:	07:26:14,768
Send:	220001
Receive: 62 00 01 02 8D 00 A0 0F DA 06 04 02 78 00 CE 11 0A 04 EA 00 DC 80 C0 58 B4 70 DD 41 F1 F7 84 5E 00 E6 02 48 57 49 ED 1F C0 00 5A 0A E9 00 30 FF 39 00 00 4A 45 03 01 7C C0 78 D2 0C 3A 9B 00 0B 2E 21 D2 AA AA 
Time:	07:26:15,148
Send:	220001
Receive: 62 00 01 02 8C 00 A0 10 50 06 09 02 4D 00 CE 10 9E 04 C6 00 D3 80 BB 58 AD 6D DD 41 F1 F7 83 EB 00 E6 03 16 57 4C 95 1F C0 00 5A 0A EA 00 30 FF 39 00 00 4A 45 03 01 7C C0 78 D2 0C 3A 9B 00 0B 10 21 7B AA AA 
Time:	07:26:15,530
Send:	220001
Receive: 62 00 01 02 8D 00 A0 10 B0 06 09 02 30 00 C7 10 33 04 AA 00 E0 80 A5 58 36 6A FD 41 F1 F7 84 44 00 E6 03 16 57 4E 57 1F C0 00 5A 0A EA 00 30 FF 39 FE D9 4A 45 03 01 7C C0 78 D2 0C 3A 9B 00 0A 78 20 04 AA AA 
Time:	07:26:15,928
Send:	220001
Receive: NO DATA
Time:	07:26:16,199
Send:	220001
Receive: NO DATA
Time:	07:26:16,478
Send:	220001
Receive: NO DATA
Time:	07:26:16,753
Send:	220001
Receive: NO DATA
Time:	07:26:17,050
Send:	220001
Receive: NO DATA
Time:	07:26:17,339
Send:	220001
Receive: NO DATA
Time:	07:26:17,622
Send:	220001
Receive: NO DATA
Time:	07:26:17,902
Send:	220001
Receive: NO DATA
Time:	07:26:18,182
Send:	220001
Receive: 62 00 01 02 8D 00 A0 14 A8 08 11 01 EB 00 D6 00 00 03 F4 00 E6 80 A8 58 9B 76 1D 41 F1 F7 86 3B 00 E6 03 0E 57 52 C6 1F C0 00 5A 0A E9 00 30 FF 39 FD D6 4A 45 03 01 7D C8 78 D2 0C 3A 9B 00 08 FD 1B 39 AA AA 
Time:	07:26:18,604
Send:	220001
Receive: NO DATA
Time:	07:26:18,887
Send:	220001
Receive: NO DATA
Time:	07:26:19,164
Send:	220001
Receive: NO DATA
Time:	07:26:19,459
Send:	220001
Receive: NO DATA
Time:	07:26:19,744
Send:	220001
Receive: NO DATA
Time:	07:26:20,032
Send:	220001
Receive: NO DATA
Time:	07:26:20,325
Send:	220001
Receive: NO DATA
Time:	07:26:20,606
Send:	220001
Receive: 62 00 01 02 8D 00 A1 15 CC 08 11 02 28 00 F1 0A 61 04 34 01 02 80 3B 58 29 78 7D 41 F1 F7 88 2F 00 E6 03 A7 56 58 11 1F C0 00 5A 0A E8 00 30 FF 39 FD 7C 4A 45 03 01 7C C0 78 D2 0C 3A 9B 00 09 94 1B 4C AA AA 
Time:	07:26:20,997
Send:	220001

Fixed toLineMF: 037 62 00 01 02 8D 00 A1 16 C2 08 12 02 09 02 80 A3 58 A2 76 1D 41 F1 F7 88 FC 00 E6 03 D7 56 5A B9 1F C0 00 5A 0A E8 00 30 FF 39 FC FE 4A 45 03 01 00 09 53 1A BD AA AA 
Receive: 62 00 01 02 8D 00 A1 16 C2 08 12 02 09 02 80 A3 58 A2 76 1D 41 F1 F7 88 FC 00 E6 03 D7 56 5A B9 1F C0 00 5A 0A E8 00 30 FF 39 FC FE 4A 45 03 01 00 09 53 1A BD AA AA 

Fixed toLineMF: 037 62 00 01 02 8D 00 A1 16 C2 08 12 02 09 02 80 A3 58 A2 76 1D 41 F1 F7 88 FC 00 E6 03 D7 56 5A B9 1F C0 00 5A 0A E8 00 30 FF 39 FC FE 4A 45 03 01 00 09 53 1A BD AA AA 
Time:	07:26:21,384
Send:	220001
Receive: 62 00 01 02 8D 00 A1 17 90 08 0F 01 FB 00 EC 0D 7F 03 FA 01 05 80 32 58 29 77 7D 41 F1 F7 89 D5 00 E6 03 D7 56 58 11 1F C0 00 5A 0A E8 00 30 FF 39 FC AC 4A 45 03 01 7C C0 78 D2 0C 3A 9B 00 09 16 1A 2D AA AA 
Time:	07:26:21,770
Send:	220001

Fixed toLineMF: 03E 62 00 01 02 8D 00 A1 17 7C 09 13 02 09 12 80 2F 58 2D 79 BD 41 F1 F7 8A E4 00 E6 03 D7 56 5E 47 1F C0 00 5A 0A E8 00 30 FF 39 FC AC 4A 45 03 01 7C C0 78 D2 0C 3A 9B 00 09 28 1A 49 AA AA 
Receive: 62 00 01 02 8D 00 A1 17 7C 09 13 02 09 12 80 2F 58 2D 79 BD 41 F1 F7 8A E4 00 E6 03 D7 56 5E 47 1F C0 00 5A 0A E8 00 30 FF 39 FC AC 4A 45 03 01 7C C0 78 D2 0C 3A 9B 00 09 28 1A 49 AA AA 

Fixed toLineMF: 03E 62 00 01 02 8D 00 A1 17 7C 09 13 02 09 12 80 2F 58 2D 79 BD 41 F1 F7 8A E4 00 E6 03 D7 56 5E 47 1F C0 00 5A 0A E8 00 30 FF 39 FC AC 4A 45 03 01 7C C0 78 D2 0C 3A 9B 00 09 28 1A 49 AA AA 
Time:	07:26:22,151
Send:	220001

Fixed toLineMF: 03E 62 00 01 02 8D 00 A1 17 DC 09 12 02 0B 01 00 0C AE 04 18 01 15 80 A9 58 A7 77 1D 41 F1 F7 8A C7 00 E6 04 0A 56 5E 47 1F C0 00 5A 0A E8 00 30 FF 7C C0 78 D2 0C 3A 9B 00 09 57 1A AF AA AA 
Receive: 62 00 01 02 8D 00 A1 17 DC 09 12 02 0B 01 00 0C AE 04 18 01 15 80 A9 58 A7 77 1D 41 F1 F7 8A C7 00 E6 04 0A 56 5E 47 1F C0 00 5A 0A E8 00 30 FF 7C C0 78 D2 0C 3A 9B 00 09 57 1A AF AA AA 

Fixed toLineMF: 03E 62 00 01 02 8D 00 A1 17 DC 09 12 02 0B 01 00 0C AE 04 18 01 15 80 A9 58 A7 77 1D 41 F1 F7 8A C7 00 E6 04 0A 56 5E 47 1F C0 00 5A 0A E8 00 30 FF 7C C0 78 D2 0C 3A 9B 00 09 57 1A AF AA AA 
Time:	07:26:22,543
Send:	220001
Receive: 62 00 01 02 8D 00 A1 18 06 09 10 02 08 01 08 09 F5 04 22 01 14 80 A6 58 94 73 DD 41 F1 F7 8A DF 00 E6 04 0A 56 5E 47 1F C0 00 5A 0A E8 00 30 FF 39 FC AC 4A 45 03 01 7C C0 78 D2 0C 3A 9B 00 09 69 1A D7 AA AA 
Time:	07:26:22,927
Send:	220001
Receive: 62 00 01 02 8D 00 A1 18 AE 09 11 02 0C 01 05 0C 0A 04 13 01 1C 80 2D 58 2B 78 9D 41 F1 F7 8B 34 00 E6 03 E9 56 5F 28 1F C0 00 5A 0A E7 00 30 FF 39 FC AC 4A 45 03 01 7C C0 78 D2 0C 3A 9B 00 09 57 1A AE AA AA 
Time:	07:26:23,310
Send:	220001

Fixed toLineMF: 03E 62 00 01 02 8D 00 A1 18 F6 09 12 01 FA 01 05 0D 4C 04 09 01 19 80 AD 58 A9 74 1D 41 F1 F7 8B 5A 00 E6 03 E9 56 60 09 1F C0 00 5A 0A E7 00 30 FF 7C C0 78 D2 0C 3A 9B 00 09 3B 1A 6B AA AA 
Receive: 62 00 01 02 8D 00 A1 18 F6 09 12 01 FA 01 05 0D 4C 04 09 01 19 80 AD 58 A9 74 1D 41 F1 F7 8B 5A 00 E6 03 E9 56 60 09 1F C0 00 5A 0A E7 00 30 FF 7C C0 78 D2 0C 3A 9B 00 09 3B 1A 6B AA AA 

Fixed toLineMF: 03E 62 00 01 02 8D 00 A1 18 F6 09 12 01 FA 01 05 0D 4C 04 09 01 19 80 AD 58 A9 74 1D 41 F1 F7 8B 5A 00 E6 03 E9 56 60 09 1F C0 00 5A 0A E7 00 30 FF 7C C0 78 D2 0C 3A 9B 00 09 3B 1A 6B AA AA 
Time:	07:26:23,724
Send:	220001
Receive: 62 00 01 02 8D 00 A1 19 60 09 15 01 DE 01 08 0C E1 03 EB 01 1A 80 92 58 2C 70 BD 41 F1 F7 8B E4 00 E6 03 E9 56 61 D0 1F C0 00 5A 0A DD 00 30 FF 39 FC AF 4A 45 03 01 7C C0 78 D2 0C 3A 9B 00 08 F5 19 F6 AA AA 
Time:	07:26:24,119
Send:	220001

Fixed toLineMF: 03E 62 00 01 02 8D 00 A1 19 7A 0A 11 01 FB 01 08 09 23 03 F7 01 1E 80 2B 58 28 77 1D 41 F1 F7 8B F7 00 E6 03 8E 56 5F 28 1F C0 39 FC AF 4A 45 03 01 7C C0 78 D2 0C 3A 9B 00 08 F6 19 FE AA AA 
Receive: 62 00 01 02 8D 00 A1 19 7A 0A 11 01 FB 01 08 09 23 03 F7 01 1E 80 2B 58 28 77 1D 41 F1 F7 8B F7 00 E6 03 8E 56 5F 28 1F C0 39 FC AF 4A 45 03 01 7C C0 78 D2 0C 3A 9B 00 08 F6 19 FE AA AA 

Fixed toLineMF: 03E 62 00 01 02 8D 00 A1 19 7A 0A 11 01 FB 01 08 09 23 03 F7 01 1E 80 2B 58 28 77 1D 41 F1 F7 8B F7 00 E6 03 8E 56 5F 28 1F C0 39 FC AF 4A 45 03 01 7C C0 78 D2 0C 3A 9B 00 08 F6 19 FE AA AA 
Time:	07:26:24,517
Send:	220001
Receive: 62 00 01 02 8D 00 A1 19 5C 0A 0E 01 DC 00 EF 04 FA 03 CB 01 0D 80 9F 58 70 73 DD 41 F1 F7 8B 9C 00 E6 03 8E 56 58 F7 1F C0 00 5A 0A E3 00 30 FF 39 FC AD 4A 45 03 01 7C C0 78 D2 0C 3A 9B 00 08 8D 18 F3 AA AA 
Time:	07:26:24,908
Send:	220001
Receive: 62 00 01 02 8D 00 A1 19 BC 09 14 01 B6 00 E5 04 FA 03 69 00 F3 80 A0 58 48 74 9D 41 F1 F7 8B AF 00 E6 03 62 56 54 88 1F C0 00 5A 0A DC 00 30 FF 3A FC AF 4A 45 03 01 7C C0 78 D2 0C 3A 9B 00 07 DE 17 4F AA AA 
Time:	07:26:25,300
Send:	220001
Receive: 62 00 01 02 8D 00 A1 18 9E 09 10 01 B9 00 D3 04 8F 03 5A 00 E9 80 99 58 93 77 7D 41 F1 F7 8B 34 00 E6 03 62 56 50 1E 1F C0 00 5A 0A E7 00 30 FF 39 FC AC 4A 45 03 01 7C C0 78 D2 0C 3A 9B 00 07 A7 16 C6 AA AA 
Time:	07:26:25,710
Send:	220001
Receive: 62 00 01 02 8D 00 A1 18 FC 09 12 01 A1 00 D6 05 66 03 3D 00 E2 80 B6 58 AC 72 1D 41 F1 F7 8A F2 00 E6 03 62 56 50 1E 1F C0 00 5A 0A E7 00 30 FF 39 FC AC 4A 45 03 01 7C C0 78 D2 0C 3A 9B 00 07 76 16 5D AA AA 
Time:	07:26:26,102
Send:	220001
Receive: 62 00 01 02 8D 00 A1 18 04 09 13 01 A8 00 D6 08 B8 03 5A 00 E2 80 AD 58 96 6F 7D 41 F1 F7 8A B5 00 E6 03 07 56 51 E0 1F C0 00 5A 0A E7 00 30 FF 39 FC AC 4A 45 03 01 7C C0 78 D2 0C 3A 9B 00 07 AB 16 E0 AA AA 
Time:	07:26:26,487
Send:	220001
Receive: 62 00 01 02 8D 00 A1 17 D6 09 1B 01 B7 00 D8 06 A3 03 70 00 E4 80 30 58 2D 71 DD 41 F1 F7 8A 9D 00 E6 03 07 56 55 6E 1F C0 00 5A 0A E7 00 30 FF 39 FC AC 4A 45 03 01 7C C0 78 D2 0C 3A 9B 00 07 D0 17 35 AA AA 
Time:	07:26:26,877
Send:	220001
Receive: 62 00 01 02 8D 00 A1 18 0C 09 16 01 FA 01 12 09 F5 03 DC 01 04 80 2D 58 2B 74 9D 41 F1 F7 8A BE 00 E6 03 07 56 5C 80 1F C0 00 5A 0A E7 00 30 FF 39 FC AC 4A 45 03 01 7C C0 78 D2 0C 3A 9B 00 08 F1 19 D2 AA AA 
Time:	07:26:27,279
Send:	220001
Receive: 62 00 01 02 8D 00 A1 18 88 09 0E 02 21 01 0C 09 F5 04 2D 01 20 80 61 58 60 77 FD 41 F1 F7 8B 18 00 E6 03 07 56 5E 47 1F C0 00 5A 0A E7 00 30 FF 39 FC AC 4A 45 03 01 7C C0 78 D2 0C 3A 9B 00 09 91 1B 2D AA AA 
Time:	07:26:27,680
Send:	220001

Fixed toLineMF: 03E 62 00 01 02 8D 00 A1 18 AE 09 11 01 FC 01 08 0D B8 04 14 01 1E 80 AC 58 A1 72 1D 03 07 56 60 09 1F C0 00 5A 0A E7 00 30 FF 39 FC AC 4A 45 03 01 7C C0 78 D2 0C 3A 9B 00 09 57 1A AA AA AA 
Receive: 62 00 01 02 8D 00 A1 18 AE 09 11 01 FC 01 08 0D B8 04 14 01 1E 80 AC 58 A1 72 1D 03 07 56 60 09 1F C0 00 5A 0A E7 00 30 FF 39 FC AC 4A 45 03 01 7C C0 78 D2 0C 3A 9B 00 09 57 1A AA AA AA 

Fixed toLineMF: 03E 62 00 01 02 8D 00 A1 18 AE 09 11 01 FC 01 08 0D B8 04 14 01 1E 80 AC 58 A1 72 1D 03 07 56 60 09 1F C0 00 5A 0A E7 00 30 FF 39 FC AC 4A 45 03 01 7C C0 78 D2 0C 3A 9B 00 09 57 1A AA AA AA 
Time:	07:26:28,071
Send:	220001

Fixed toLineMF: 030 62 00 01 02 8D 00 A1 19 16 09 11 01 FE 01 08 09 8F 04 0D 01 41 F1 F7 8B 47 00 E6 00 5A 0A E7 00 30 FF 7C C0 78 D2 0C 3A 9B 00 09 60 1A C2 AA AA 
Receive: 62 00 01 02 8D 00 A1 19 16 09 11 01 FE 01 08 09 8F 04 0D 01 41 F1 F7 8B 47 00 E6 00 5A 0A E7 00 30 FF 7C C0 78 D2 0C 3A 9B 00 09 60 1A C2 AA AA 

Fixed toLineMF: 030 62 00 01 02 8D 00 A1 19 16 09 11 01 FE 01 08 09 8F 04 0D 01 41 F1 F7 8B 47 00 E6 00 5A 0A E7 00 30 FF 7C C0 78 D2 0C 3A 9B 00 09 60 1A C2 AA AA 
Time:	07:26:28,462
Send:	220001

Fixed toLineMF: 03E 62 00 01 02 8D 00 A1 19 94 09 12 01 D9 01 0A 0A 61 03 BD 01 0E 80 4C 58 8B 77 DD 03 E9 56 5F 28 1F C0 00 5A 0A DA 00 30 FF 3A FC B0 4A 45 03 01 7C C0 78 D2 0C 3A 9B 00 08 F4 19 D6 AA AA 
Receive: 62 00 01 02 8D 00 A1 19 94 09 12 01 D9 01 0A 0A 61 03 BD 01 0E 80 4C 58 8B 77 DD 03 E9 56 5F 28 1F C0 00 5A 0A DA 00 30 FF 3A FC B0 4A 45 03 01 7C C0 78 D2 0C 3A 9B 00 08 F4 19 D6 AA AA 

Fixed toLineMF: 03E 62 00 01 02 8D 00 A1 19 94 09 12 01 D9 01 0A 0A 61 03 BD 01 0E 80 4C 58 8B 77 DD 03 E9 56 5F 28 1F C0 00 5A 0A DA 00 30 FF 3A FC B0 4A 45 03 01 7C C0 78 D2 0C 3A 9B 00 08 F4 19 D6 AA AA 
Time:	07:26:28,856
Send:	220001
Receive: 62 00 01 02 8D 00 A1 19 A6 0A 11 01 EA 01 00 06 38 03 DE 01 1B 80 35 58 32 77 3D 41 F1 F7 8C 2C 00 E6 03 E9 56 5F 28 1F C0 00 5A 0A DA 00 30 FF 3A FC B0 4A 45 03 01 7C C0 78 D2 0C 3A 9B 00 08 A7 19 67 AA AA 
Time:	07:26:29,256
Send:	220001
Receive: 62 00 01 02 8D 00 A1 19 B4 0A 11 01 CC 00 F6 0B 38 03 AC 01 0B 80 32 58 2C 73 7D 41 F1 F7 8C 19 00 E6 03 E9 56 5B 9F 1F C0 00 5A 0A DB 00 30 FF 3A FC B0 4A 45 03 01 7C C0 78 D2 0C 3A 9B 00 08 43 18 8C AA AA 
Time:	07:26:29,649
Send:	220001

Fixed toLineMF: 03E 62 00 01 02 8D 00 A1 19 C8 0A 0E 02 28 2D 80 28 58 25 79 FD 41 F1 F7 8C 01 00 E6 03 E9 56 61 D0 1F C0 00 5A 0A DC 00 30 FF 3A FC AF 4A 45 03 01 7C C0 78 D2 0C 3A 9B 00 09 72 1B 38 AA AA 
Receive: 62 00 01 02 8D 00 A1 19 C8 0A 0E 02 28 2D 80 28 58 25 79 FD 41 F1 F7 8C 01 00 E6 03 E9 56 61 D0 1F C0 00 5A 0A DC 00 30 FF 3A FC AF 4A 45 03 01 7C C0 78 D2 0C 3A 9B 00 09 72 1B 38 AA AA 

Fixed toLineMF: 03E 62 00 01 02 8D 00 A1 19 C8 0A 0E 02 28 2D 80 28 58 25 79 FD 41 F1 F7 8C 01 00 E6 03 E9 56 61 D0 1F C0 00 5A 0A DC 00 30 FF 3A FC AF 4A 45 03 01 7C C0 78 D2 0C 3A 9B 00 09 72 1B 38 AA AA 
Time:	07:26:30,033
Send:	220001
Receive: 62 00 01 02 8D 00 A1 1A 12 0A 0D 02 1F 01 16 08 EB 04 28 01 2A 80 57 58 2D 76 5D 41 F1 F7 8B E4 00 E6 04 83 56 60 09 1F C0 00 5A 0A D9 00 30 FF 3A FC B0 4A 45 03 01 7C C0 78 D2 0C 3A 9B 00 09 65 1B 02 AA AA 
Time:	07:26:30,428
Send:	220001
Receive: 62 00 01 02 8D 00 A1 1B 36 0A 17 01 DC 01 21 09 23 03 AF 01 15 80 8B 58 34 77 7D 41 F1 F7 8C D9 00 E6 04 83 56 60 EA 1F C0 00 5A 0A C0 00 30 FF 3C FC B8 4A 45 03 01 7C C0 78 D2 0C 3A 9B 00 08 96 19 58 AA AA 
Time:	07:26:30,826
Send:	220001

Fixed toLineMF: 03E 62 00 01 02 8D 00 A1 1B E2 0A 1A 01 FA 01 34 09 F5 03 CB 01 33 80 2A 58 28 7C BD 41 F1 F7 8E 48 00 E6 00 5A 0A AF 00 30 FF 3D FC BD 4A 45 03 01 7C C0 78 D2 0C 3A 9B 00 08 B8 19 5B AA AA 
Receive: 62 00 01 02 8D 00 A1 1B E2 0A 1A 01 FA 01 34 09 F5 03 CB 01 33 80 2A 58 28 7C BD 41 F1 F7 8E 48 00 E6 00 5A 0A AF 00 30 FF 3D FC BD 4A 45 03 01 7C C0 78 D2 0C 3A 9B 00 08 B8 19 5B AA AA 

Fixed toLineMF: 03E 62 00 01 02 8D 00 A1 1B E2 0A 1A 01 FA 01 34 09 F5 03 CB 01 33 80 2A 58 28 7C BD 41 F1 F7 8E 48 00 E6 00 5A 0A AF 00 30 FF 3D FC BD 4A 45 03 01 7C C0 78 D2 0C 3A 9B 00 08 B8 19 5B AA AA 
Time:	07:26:31,219
Send:	220001

Fixed toLineMF: 03E 62 00 01 02 8D 00 A1 1B 98 0A 10 02 00 01 1C 08 4C 03 CA 01 2E 80 28 58 27 80 3D 04 23 56 61 D0 1F C0 00 5A 0A B9 00 30 FF 3C FC BA 4A 45 03 01 7C C0 78 D2 0C 3A 9B 00 08 9A 19 4F AA AA 
Receive: 62 00 01 02 8D 00 A1 1B 98 0A 10 02 00 01 1C 08 4C 03 CA 01 2E 80 28 58 27 80 3D 04 23 56 61 D0 1F C0 00 5A 0A B9 00 30 FF 3C FC BA 4A 45 03 01 7C C0 78 D2 0C 3A 9B 00 08 9A 19 4F AA AA 

Fixed toLineMF: 03E 62 00 01 02 8D 00 A1 1B 98 0A 10 02 00 01 1C 08 4C 03 CA 01 2E 80 28 58 27 80 3D 04 23 56 61 D0 1F C0 00 5A 0A B9 00 30 FF 3C FC BA 4A 45 03 01 7C C0 78 D2 0C 3A 9B 00 08 9A 19 4F AA AA 
Time:	07:26:31,608
Send:	220001

Fixed toLineMF: 03E 62 00 01 02 8D 00 01 28 08 B8 03 C5 01 25 80 8B 58 54 7F FD 41 F1 F7 8D 66 00 E6 04 23 56 61 D0 1F C0 00 5A 0A B8 00 30 FF 3C FC BA 4A 45 03 01 7C C0 78 D2 0C 3A 9B 00 08 93 19 98 AA AA 
Receive: 62 00 01 02 8D 00 01 28 08 B8 03 C5 01 25 80 8B 58 54 7F FD 41 F1 F7 8D 66 00 E6 04 23 56 61 D0 1F C0 00 5A 0A B8 00 30 FF 3C FC BA 4A 45 03 01 7C C0 78 D2 0C 3A 9B 00 08 93 19 98 AA AA 

Fixed toLineMF: 03E 62 00 01 02 8D 00 01 28 08 B8 03 C5 01 25 80 8B 58 54 7F FD 41 F1 F7 8D 66 00 E6 04 23 56 61 D0 1F C0 00 5A 0A B8 00 30 FF 3C FC BA 4A 45 03 01 7C C0 78 D2 0C 3A 9B 00 08 93 19 98 AA AA 
Time:	07:26:31,996
Send:	220001
Receive: 62 00 01 02 8D 00 A1 1C E0 0B 14 01 E5 01 23 05 66 03 7E 01 17 80 3E 58 4A 83 7D 41 F1 F7 8D FE 00 E6 04 65 56 5F 28 1F C0 00 5A 0A A6 00 30 FF 3D FC C0 4A 45 03 01 7C C0 78 D2 0C 3A 9B 00 07 E0 17 DF AA AA 
Time:	07:26:32,388
Send:	220001
Receive: 62 00 01 02 8D 00 A1 1D 5E 0B 2D 01 91 00 EA 03 51 02 DA 00 EB 80 48 58 2B 82 1D 41 F1 F7 8B F7 00 E6 04 65 56 56 4F 1F C0 00 5A 0A 99 00 30 FF 3E FC C4 4A 45 03 01 7C C8 78 D2 0C 3A 9B 00 06 6E 13 9B AA AA 
Time:	07:26:32,780
Send:	220001
Receive: 62 00 01 02 8D 00 A1 1D 64 0B 2D 01 85 00 E0 00 D1 02 BE 00 E4 80 A6 58 8B 7E BD 41 F1 F7 8B 8E 00 E6 03 69 56 50 1E 1F C0 00 5A 0A 98 00 30 FF 3E FB 36 4A 45 03 01 7D C8 78 D2 0C 3A 9B 00 06 43 12 DB AA AA 
Time:	07:26:33,180
Send:	220001
Receive: 62 00 01 02 8D 00 A1 1D 3A 0B 2E 01 64 00 D1 00 D1 02 88 00 D0 80 A9 58 87 7B FD 41 F1 F7 8C 74 00 E6 03 69 56 49 ED 1F C0 00 5A 0A 9C 00 30 FF 3E FB 43 4A 45 03 01 7D C8 78 D2 0C 3A 9B 00 05 C8 12 03 AA AA 
Time:	07:26:33,567
Send:	220001
Receive: 62 00 01 02 8D 00 A1 1D 1C 0B 23 01 5B 00 CC 01 A8 02 65 00 C6 80 3C 58 2D 7F 5D 41 F1 F7 8D 18 00 E6 03 69 56 45 7E 1F C0 00 5A 0A A0 00 30 FF 3E FB 4F 4A 45 03 01 7D C8 78 D2 0C 3A 9B 00 05 5A 11 5C AA AA 
Time:	07:26:33,966
Send:	220001
Receive: 62 00 01 02 8D 00 A1 1C 6C 0B 30 01 3E 00 AE 01 A8 02 2A 00 AC 80 9A 58 3D 7D 7D 41 F1 F7 8E 39 00 E6 02 CB 56 3F 4D 1F C0 00 5A 0A AC 00 30 FF 3D FB 75 4A 45 03 01 7D C8 78 D2 0C 3A 9B 00 04 AD 10 58 AA AA 
Time:	07:26:34,369
Send:	220001

Fixed toLineMF: 03E 62 00 01 02 8D 00 A1 1B 94 0A 31 01 26 97 80 41 58 2A 7E 9D 41 F1 F7 8E C9 00 E6 02 CB 56 40 2E 1F C0 00 5A 0A B9 00 30 FF 3C FC BA 4A 45 03 01 7C C8 78 D2 0C 3A 9B 00 04 9C 10 38 AA AA 
Receive: 62 00 01 02 8D 00 A1 1B 94 0A 31 01 26 97 80 41 58 2A 7E 9D 41 F1 F7 8E C9 00 E6 02 CB 56 40 2E 1F C0 00 5A 0A B9 00 30 FF 3C FC BA 4A 45 03 01 7C C8 78 D2 0C 3A 9B 00 04 9C 10 38 AA AA 

Fixed toLineMF: 03E 62 00 01 02 8D 00 A1 1B 94 0A 31 01 26 97 80 41 58 2A 7E 9D 41 F1 F7 8E C9 00 E6 02 CB 56 40 2E 1F C0 00 5A 0A B9 00 30 FF 3C FC BA 4A 45 03 01 7C C8 78 D2 0C 3A 9B 00 04 9C 10 38 AA AA 
Time:	07:26:34,748
Send:	220001
Receive: 62 00 01 02 8D 00 A1 1B 30 0A 2E 01 68 00 CE 05 66 02 59 00 B2 80 28 58 25 80 FD 41 F1 F7 8D 0F 00 E6 02 CB 56 4C 95 1F C0 00 5A 0A C2 00 30 FF 3B FC B7 4A 45 03 01 7C C0 78 D2 0C 3A 9B 00 05 89 12 6F AA AA 
Time:	07:26:35,138
Send:	220001
Receive: 62 00 01 02 8D 00 A1 1A A4 0A 2D 01 8D 00 CC 04 23 02 98 00 C0 80 79 58 7A 83 9D 41 F1 F7 8B 9C 00 E6 02 A1 56 47 45 1F C0 00 5A 0A CC 00 30 FF 3B FC B4 4A 45 03 01 7C C8 78 D2 0C 3A 9B 00 06 14 13 86 AA AA 
Time:	07:26:35,558
Send:	220001
Receive: 62 00 01 02 8D 00 A1 1A 06 0A 16 01 81 00 BA 04 23 02 A3 00 C0 80 BB 58 B3 7E 3D 41 F1 F7 8B 50 00 E6 02 A1 56 41 F5 1F C0 00 5A 0A D6 00 30 FF 3A FC B1 4A 45 03 01 7C C8 78 D2 0C 3A 9B 00 05 E4 13 05 AA AA 
Time:	07:26:35,958
Send:	220001
Receive: 62 00 01 02 8D 00 A1 1A 3A 0A 2D 01 72 00 CC 06 A3 02 8F 00 BE 80 BF 58 B6 7B BD 41 F1 F7 8B D1 00 E6 02 7D 56 4D 76 1F C0 00 5A 0A D0 00 30 FF 3A FC B3 4A 45 03 01 7C C8 78 D2 0C 3A 9B 00 05 F6 13 58 AA AA 
Time:	07:26:36,340
Send:	220001
Receive: 62 00 01 02 8D 00 A1 19 56 0A 2C 01 A6 00 D3 06 A3 03 06 00 D3 80 B0 58 90 78 FD 41 F1 F7 8A F2 00 E6 02 7D 56 4D 76 1F C0 00 5A 0A E7 00 30 FF 39 FC AC 4A 45 03 01 7C C0 78 D2 0C 3A 9B 00 07 15 15 7E AA AA 
Time:	07:26:36,737
Send:	220001
Receive: 62 00 01 02 8D 00 A1 19 E2 09 16 01 92 00 D3 06 A3 03 05 00 DF 80 BB 58 B2 76 3D 41 F1 F7 8B 76 00 E6 02 7D 56 50 FF 1F C0 00 5A 0A D5 00 30 FF 3A FC B2 4A 45 03 01 7C C0 78 D2 0C 3A 9B 00 06 BA 15 04 AA AA 
Time:	07:26:37,136
Send:	220001
Receive: 62 00 01 02 8D 00 A1 19 1A 0A 0B 01 A0 00 D1 05 2E 03 19 00 D5 80 7D 58 28 73 7D 41 F1 F7 8A D1 00 E6 03 02 56 49 07 1F C0 00 5A 0A E9 00 30 FF 39 FC AC 4A 45 03 01 7C C8 78 D2 0C 3A 9B 00 07 36 15 C8 AA AA 
Time:	07:26:37,537
Send:	220001
Receive: 62 00 01 02 8D 00 A1 1A 06 09 2C 01 80 00 D3 06 A3 02 F3 00 DD 80 AC 58 AD 74 1D 41 F1 F7 8B 72 00 E6 03 02 57 51 E0 1F C0 00 5A 0A D1 00 30 FF 3A FC B3 4A 45 03 01 7C C8 78 D2 0C 3A 9B 00 06 A3 14 D2 AA AA 
Time:	07:26:37,930
Send:	220001
Receive: 62 00 01 02 8D 00 A1 17 E6 09 14 01 A7 00 C9 01 05 03 32 00 D7 80 31 58 28 75 3D 41 F1 F7 8A 94 00 E6 02 B0 57 45 7E 1F C0 00 5A 0A E9 00 30 FF 39 FC A6 4A 45 03 01 7D C8 78 D2 0C 3A 9B 00 07 4A 15 EE AA AA 
Time:	07:26:38,319
Send:	220001
Receive: 62 00 01 02 8D 00 A1 19 16 09 11 01 AB 00 D6 00 00 03 3B 00 DD 80 A9 58 A9 73 3D 41 F1 F7 8A A7 00 E6 02 B0 57 4E 57 1F C0 00 5A 0A E8 00 30 FF 39 FC 47 4A 45 03 01 7D C8 78 D2 0C 3A 9B 00 07 7F 16 7C AA AA 
Time:	07:26:38,728
Send:	220001
Receive: 62 00 01 02 8D 00 A1 17 F6 09 0A 01 98 00 C4 02 47 03 34 00 DF 80 AF 58 9B 70 9D 41 F1 F7 8A F2 00 E6 02 B0 57 49 07 1F C0 00 5A 0A E9 00 30 FF 39 FC 71 4A 45 03 01 7D C8 78 D2 0C 3A 9B 00 07 36 15 C0 AA AA 
Time:	07:26:39,129
Send:	220001
Receive: 62 00 01 02 8D 00 A1 16 D0 09 05 01 86 00 A9 02 7A 03 12 00 BA 80 A6 58 89 6E 1D 41 F1 F7 89 0E 00 E6 02 B0 57 40 2E 1F C0 00 5A 0A E9 00 30 FF 39 FD 2B 4A 45 03 01 7D C8 78 D2 0C 3A 9B 00 06 AC 15 3A AA AA 
Time:	07:26:39,519
Send:	220001
Receive: 62 00 01 02 8D 00 A1 16 A0 08 15 01 6E 00 B0 07 E1 02 D6 00 B6 80 24 58 24 71 3D 41 F1 F7 8A 3B 00 E6 02 B0 57 47 45 1F C0 00 5A 0A E9 00 30 FF 39 FC E9 4A 45 03 01 7C C8 78 D2 0C 3A 9B 00 06 94 14 6A AA AA 
Time:	07:26:39,910
Send:	220001
Receive: 62 00 01 02 8C 00 A1 14 EA 08 09 01 93 00 C7 04 5C 03 1F 00 AC 80 29 58 27 73 5D 41 F1 F7 87 9A 00 E6 02 6E 57 44 9D 1F C0 00 5A 0A EA 00 30 FF 39 FE 03 4A 45 03 01 7C C8 78 D2 0C 3A 9B 00 07 34 17 E2 AA AA 
Time:	07:26:40,310
Send:	220001

Fixed toLineMF: 03E 62 00 01 02 8D 00 A1 14 DC 07 08 01 B2 C4 80 25 58 24 75 DD 41 F1 F7 87 21 00 E6 02 6E 57 41 F5 1F C0 00 5A 0A EA 00 30 FF 39 FD BE 4A 45 03 01 7C C8 78 D2 0C 3A 9B 00 07 9E 17 C4 AA AA 
Receive: 62 00 01 02 8D 00 A1 14 DC 07 08 01 B2 C4 80 25 58 24 75 DD 41 F1 F7 87 21 00 E6 02 6E 57 41 F5 1F C0 00 5A 0A EA 00 30 FF 39 FD BE 4A 45 03 01 7C C8 78 D2 0C 3A 9B 00 07 9E 17 C4 AA AA 

Fixed toLineMF: 03E 62 00 01 02 8D 00 A1 14 DC 07 08 01 B2 C4 80 25 58 24 75 DD 41 F1 F7 87 21 00 E6 02 6E 57 41 F5 1F C0 00 5A 0A EA 00 30 FF 39 FD BE 4A 45 03 01 7C C8 78 D2 0C 3A 9B 00 07 9E 17 C4 AA AA 
Time:	07:26:40,707
Send:	220001
Receive: 62 00 01 02 8C 00 A1 12 F6 07 0E 01 9A 00 AE 01 3D 03 03 00 9A 80 2D 58 2B 77 DD 41 F1 F7 87 88 00 E6 02 6E 57 3B C4 1F C0 00 5A 0A EA 00 30 FF 39 FF C1 4A 45 03 01 7D C8 78 D2 0C 3A 9B 00 06 EF 18 02 AA AA 
Time:	07:26:41,100
Send:	220001
Receive: 62 00 01 02 8D 00 A1 12 B4 07 09 01 A5 00 A4 04 FA 03 0F 00 9C 80 2A 58 27 79 FD 41 F1 F7 87 4E 00 E6 02 0C 57 3B C4 1F C0 00 5A 0A EB 00 30 FF 38 FF C0 4A 45 03 01 7C C8 78 D2 0C 3A 9B 00 07 06 18 43 AA AA 
Time:	07:26:41,487
Send:	220001
Receive: 62 00 01 02 8D 00 A1 12 42 07 17 01 B9 00 C2 0A 99 03 39 00 A6 80 2D 58 2C 7B FD 41 F1 F7 86 C4 00 E6 02 0C 57 44 9D 1F C0 00 5A 0A EB 00 30 FF 38 00 00 4A 45 03 01 7C C0 78 D2 0C 3A 9B 00 07 72 19 2F AA AA 
Time:	07:26:41,896
Send:	220001
Receive: 62 00 01 02 8D 00 A1 12 4A 07 28 02 16 00 F9 0D B8 03 CA 00 BE 80 2C 58 29 7E 5D 41 F1 F7 84 D2 00 E6 02 EE 57 4D 76 1F C0 00 5A 0A EB 00 30 FF 38 00 00 4A 45 03 01 7C C0 78 D2 0C 3A 9B 00 08 E8 1C B2 AA AA 
Time:	07:26:42,290
Send:	220001
Receive: 62 00 01 02 8D 00 A1 13 38 07 0D 02 3D 00 EC 0A 99 04 61 00 E9 80 A9 58 A5 7A 1D 41 F1 F7 84 F4 00 E6 02 EE 57 51 E0 1F C0 00 5A 0A EB 00 30 FF 38 00 00 4A 45 03 01 7C C0 78 D2 0C 3A 9B 00 0A 14 1F 06 AA AA 
Time:	07:26:42,688
Send:	220001
Receive: 62 00 01 02 8D 00 A2 13 66 07 0B 02 10 00 CE 09 23 04 37 00 EC 80 B3 58 A7 77 3D 41 F1 F7 85 A2 00 E6 02 EE 57 50 1E 1F C0 00 5A 0A EB 00 30 FF 38 00 00 4A 45 03 01 7C C0 78 D2 0C 3A 9B 00 09 B1 1D 37 AA AA 
Time:	07:26:43,084
Send:	220001
Receive: 62 00 01 02 8D 00 A2 14 36 07 17 01 BF 00 D1 05 66 03 BC 00 C8 80 AC 58 9E 74 3D 41 F1 F7 85 7B 00 E6 03 55 57 4F 38 1F C0 00 5A 0A EB 00 30 FF 38 00 00 4A 45 03 01 7C C0 78 D2 0C 3A 9B 00 08 90 1B 85 AA AA 
Time:	07:26:43,488
Send:	220001
Receive: 62 00 01 02 8D 00 A2 15 0A 08 13 02 09 00 D3 09 F5 04 10 00 FF 80 26 58 24 77 7D 41 F1 F7 88 C5 00 E6 03 55 57 59 D8 1F C0 00 5A 0A EB 00 30 FF 38 FD 68 4A 45 03 01 7C C0 78 D2 0C 3A 9B 00 09 1F 1A 44 AA AA 
Time:	07:26:43,870
Send:	220001
Receive: 62 00 01 02 8A 00 A2 14 38 08 15 01 C9 00 D3 09 23 03 A5 00 C4 80 9E 58 55 75 3D 41 F1 F7 85 A6 00 E6 02 E8 57 4D 76 1F C0 00 5A 0A EB 00 30 FF 38 FE 2E 4A 45 03 01 7C C0 78 D2 0C 3A 9B 00 08 4F 1A D5 AA AA 
Time:	07:26:44,270
Send:	220001
Receive: NO DATA
Time:	07:26:44,547
Send:	220001
Receive: NO DATA
Time:	07:26:44,823
Send:	220001
Receive: NO DATA
Time:	07:26:45,110
Send:	220001
Receive: NO DATA
Time:	07:26:45,403
Send:	220001
Receive: NO DATA
Time:	07:26:45,686
Send:	220001
Receive: NO DATA
Time:	07:26:45,972
Send:	220001
Receive: NO DATA
Time:	07:26:46,261
Send:	220001
Receive: NO DATA
Time:	07:26:46,548
Send:	220001
Receive: 62 00 01 02 8C 00 A2 16 00 08 10 02 18 00 EF 09 8F 04 2B 00 F6 80 A4 58 A3 77 7D 41 F1 F7 86 D1 00 E6 03 D7 57 57 30 1F C0 00 5A 0A EA 00 30 FF 39 00 00 4A 45 03 01 7C C0 78 D2 0C 3A 9B 00 09 B2 1C 37 AA AA 
Time:	07:26:46,942
Send:	220001
Receive: 62 00 01 02 8D 00 A2 17 98 08 13 01 FF 01 05 0A 99 04 1B 01 17 80 A9 58 A1 74 5D 41 F1 F7 8A D6 00 E6 03 D7 57 60 EA 1F C0 00 5A 0A EA 00 30 FF 39 00 00 4A 45 03 01 7C C0 78 D2 0C 3A 9B 00 09 71 1A F6 AA AA 
Time:	07:26:47,331
Send:	220001
Receive: 62 00 01 02 8D 00 A2 17 EC 09 12 01 EC 00 E7 08 85 03 EE 01 13 80 2C 58 2A 77 9D 41 F1 F7 8B 55 00 E6 03 D7 57 5E 47 1F C0 00 5A 0A E9 00 30 FF 39 00 00 4A 45 03 01 7C C0 78 D2 0C 3A 9B 00 08 D9 19 94 AA AA 
Time:	07:26:47,728
Send:	220001
Receive: 62 00 01 02 8D 00 A2 18 3E 09 13 01 E3 00 F1 07 AE 03 D1 01 07 80 A4 58 A4 75 DD 41 F1 F7 8B 26 00 E6 03 D7 57 5B 9F 1F C0 00 5A 0A E9 00 30 FF 39 00 00 4A 45 03 01 7C C0 78 D2 0C 3A 9B 00 08 B6 19 41 AA AA 
Time:	07:26:48,108
Send:	220001
Receive: 62 00 01 02 8D 00 A2 18 E0 09 11 01 E1 00 F1 07 7A 03 DA 01 0E 80 A8 58 99 72 BD 41 F1 F7 8B 6D 00 E6 03 5D 56 5B 9F 1F C0 00 5A 0A E9 00 30 FF 39 FC AC 4A 45 03 01 7C C0 78 D2 0C 3A 9B 00 08 C7 19 68 AA AA 
Time:	07:26:48,508
Send:	220001
Receive: 62 00 01 02 8D 00 A2 18 F0 09 12 01 C6 00 EA 07 E1 03 AD 00 FF 80 9B 58 30 6F 7D 41 F1 F7 8B 47 00 E6 03 5D 56 58 11 1F C0 00 5A 0A E9 00 30 FF 39 FC AC 4A 45 03 01 7C C0 78 D2 0C 3A 9B 00 08 60 18 78 AA AA 
Time:	07:26:48,888
Send:	220001
Receive: 62 00 01 02 8D 00 A2 19 48 09 17 01 C7 00 EF 08 4C 03 8C 00 F7 80 30 58 2B 74 BD 41 F1 F7 8B 47 00 E6 03 33 56 59 D8 1F C0 00 5A 0A E6 00 30 FF 39 FC AC 4A 45 03 01 7C C0 78 D2 0C 3A 9B 00 08 3B 18 20 AA AA 
Time:	07:26:49,280
Send:	220001
Receive: 62 00 01 02 8D 00 A2 19 E0 09 18 01 FA 01 1C 09 F5 03 D9 01 14 80 82 58 79 77 FD 41 F1 F7 8B DF 00 E6 03 33 56 60 EA 1F C0 00 5A 0A DA 00 30 FF 3A FC B0 4A 45 03 01 7C C0 78 D2 0C 3A 9B 00 08 E1 19 C8 AA AA 
Time:	07:26:49,676
Send:	220001
Receive: 62 00 01 02 8D 00 A2 1A 26 0A 12 02 05 01 21 0B 38 03 FC 01 23 80 4E 58 55 77 7D 41 F1 F7 8C 27 00 E6 03 33 56 61 D0 1F C0 00 5A 0A D4 00 30 FF 3A FC B2 4A 45 03 01 7C C0 78 D2 0C 3A 9B 00 09 29 1A 81 AA AA 
Time:	07:26:50,087
Send:	220001
Receive: 62 00 01 02 8D 00 A2 1A 6C 0A 11 02 0A 01 1E 0E 8A 04 03 01 2F 80 8E 58 97 77 DD 41 F1 F7 8C D4 00 E6 04 23 56 64 78 1F C0 00 5A 0A CC 00 30 FF 3B FC B4 4A 45 03 01 7C C0 78 D2 0C 3A 9B 00 09 2D 1A BE AA AA 
Time:	07:26:50,481
Send:	220001
Receive: 62 00 01 02 8D 00 A2 1A 3A 0A 10 02 02 01 14 0E 8A 03 FF 01 2F 80 30 58 40 7A BD 41 F1 F7 8C ED 00 E6 04 23 56 63 92 1F C0 00 5A 0A D0 00 30 FF 3A FC B3 4A 45 03 01 7C C0 78 D2 0C 3A 9B 00 09 0E 1A 83 AA AA 
Time:	07:26:50,869
Send:	220001
Receive: 62 00 01 02 8D 00 A2 1A 98 0A 15 02 1A 01 2D 0E 8A 04 0B 01 21 80 38 58 26 76 1D 41 F1 F7 8B BE 00 E6 03 C3 56 60 EA 1F C0 00 5A 0A D5 00 30 FF 3A FC B2 4A 45 03 01 7C C0 78 D2 0C 3A 9B 00 09 C9 1B C1 AA AA 
Time:	07:26:51,268
Send:	220001
Receive: 62 00 01 02 8D 00 A2 1C 2E 0A 1A 02 0A 01 52 10 9E 04 02 01 49 80 9B 58 69 78 5D 41 F1 F7 8E 98 00 E6 03 C3 56 6F 13 1F C0 00 5A 0A A5 00 30 FF 3D FC C0 4A 45 03 01 7C C0 78 D2 0C 3A 9B 00 09 08 1A AA AA AA 
Time:	07:26:51,652
Send:	220001
Receive: 62 00 01 02 8D 00 A2 1A 96 0A 0D 02 10 01 14 0D B8 04 19 01 3C 80 2B 58 66 7C 9D 41 F1 F7 8D 3A 00 E6 03 C3 56 65 59 1F C0 00 5A 0A C7 00 30 FF 3B FC B6 4A 45 03 01 7C C0 78 D2 0C 3A 9B 00 08 E3 19 CA AA AA 
Time:	07:26:52,050
Send:	220001
Receive: 62 00 01 02 8C 00 A2 1A B8 0A 10 02 36 01 28 0A 99 04 1D 01 28 80 28 58 24 7B DD 41 F1 F7 8B F2 00 E6 04 65 56 60 EA 1F C0 00 5A 0A D6 00 30 FF 3A FC B1 4A 45 03 01 7C C0 78 D2 0C 3A 9B 00 09 66 1B 28 AA AA 
Time:	07:26:52,440
Send:	220001
Receive: 62 00 01 02 8D 00 A2 1C DE 0A 17 01 ED 01 34 0C E1 03 CB 01 35 80 37 58 2B 7A 1D 41 F1 F7 8E 26 00 E6 04 65 56 68 E2 1F C0 00 5A 0A A0 00 30 FF 3E FC C2 4A 45 03 01 7C C0 78 D2 0C 3A 9B 00 08 83 19 6C AA AA 
Time:	07:26:52,842
Send:	220001
Receive: 62 00 01 02 8D 00 A2 1C 14 0B 15 02 0C 01 2F 0D B8 03 E3 01 3F 80 2B 58 2F 7E FD 41 F1 F7 8E 93 00 E6 04 83 56 6A A9 1F C0 00 5A 0A A7 00 30 FF 3D FC C0 4A 45 03 01 7C C0 78 D2 0C 3A 9B 00 09 13 19 1C AA AA 
Time:	07:26:53,230
Send:	220001
Receive: 62 00 01 02 8D 00 A2 1C 1C 0B 2B 01 C8 01 16 0D B8 03 7E 01 13 80 A3 58 76 7C 9D 41 F1 F7 8D D7 00 E6 04 83 56 61 D0 1F C0 00 5A 0A B6 00 30 FF 3C FC BB 4A 45 03 01 7C C0 78 D2 0C 3A 9B 00 08 5C 18 38 AA AA 
Time:	07:26:53,617
Send:	220001
Receive: 62 00 01 02 8D 00 A2 1D D8 0B 2B 01 E0 01 25 0E 56 03 93 01 26 80 AB 58 AC 7E 9D 41 F1 F7 8E A1 00 E6 04 83 56 64 78 1F C0 00 5A 0A 9A 00 30 FF 3E FC C4 4A 45 03 01 7C C0 78 D2 0C 3A 9B 00 08 34 17 85 AA AA 
Time:	07:26:54,007
Send:	220001
Receive: 62 00 01 02 8D 00 A2 1F 36 0C 2A 01 EA 01 23 0A CC 03 C3 01 47 80 BC 58 B5 7A 9D 41 F1 F7 8F 8C 00 E6 04 B1 56 69 C3 1F C0 00 5A 0A 7E 00 30 FF 40 FC CC 4A 45 03 01 7C C0 78 D2 0C 3A 9B 00 08 89 16 DC AA AA 
Time:	07:26:54,399
Send:	220001
Receive: 62 00 01 02 8D 00 A2 20 72 0C 2C 01 DD 01 1E 0D B8 03 B6 01 54 80 C2 58 B6 76 9D 41 F1 F7 90 3D 00 E6 04 B1 56 6D 51 1F C0 00 5A 0A 67 00 30 FF 42 FC D3 4A 45 03 01 7C C0 78 D2 0C 3A 9B 00 08 80 16 19 AA AA 
Time:	07:26:54,813
Send:	220001
Receive: 62 00 01 02 8D 00 A2 21 2E 0C 2C 01 C6 01 1C 0C 75 03 A2 01 57 80 C2 58 B7 72 7D 41 F1 F7 90 75 00 E6 04 90 56 6F F9 1F C0 00 5A 0A 59 00 30 FF 43 FC D7 4A 45 03 01 7C C0 78 D2 0C 3A 9B 00 08 52 15 AE AA AA 
Time:	07:26:55,198
Send:	220001
Receive: 62 00 01 02 8D 00 A2 21 90 0D 2C 01 B3 01 19 0C E1 03 94 01 55 80 C3 58 B7 6E 5D 41 F1 F7 90 61 00 E6 04 90 56 70 DA 1F C0 00 5A 0A 53 00 30 FF 43 FC D9 4A 45 03 01 7C C0 78 D2 0C 3A 9B 00 08 24 15 5C AA AA 
Time:	07:26:55,605
Send:	220001
Receive: 62 00 01 02 8D 00 A2 22 70 0D 2C 01 9D 01 20 0E F5 03 81 01 54 80 C1 58 B2 6A 1D 41 F1 F7 90 5C 00 E6 04 90 56 72 9C 1F C0 00 5A 0A 47 00 30 FF 44 FC DD 4A 45 03 01 7C C0 78 D2 0C 3A 9B 00 07 EF 15 00 AA AA 
Time:	07:26:56,010
Send:	220001
Receive: 62 00 01 02 8D 00 A2 22 F4 0D 2D 01 8B 01 21 0E 8A 03 77 01 59 80 B8 58 A0 65 DD 41 F1 F7 90 5C 00 E6 04 6E 56 74 63 1F C0 00 5A 0A 3F 00 30 FF 45 FC E0 4A 45 03 01 7C C0 78 D2 0C 3A 9B 00 07 F2 15 19 AA AA 
Time:	07:26:56,400
Send:	220001

Fixed toLineMF: 03E 62 00 01 02 8D 00 A2 23 20 0D 2D 01 97 01 25 0F 28 03 7E 01 5C 80 2B 58 28 68 DD 41 F1 F7 90 85 00 E6 04 6E 56 75 44 1F C0 45 FC E0 4A 45 03 01 7C C0 78 D2 0C 3A 9B 00 07 E7 15 0D AA AA 
Receive: 62 00 01 02 8D 00 A2 23 20 0D 2D 01 97 01 25 0F 28 03 7E 01 5C 80 2B 58 28 68 DD 41 F1 F7 90 85 00 E6 04 6E 56 75 44 1F C0 45 FC E0 4A 45 03 01 7C C0 78 D2 0C 3A 9B 00 07 E7 15 0D AA AA 

Fixed toLineMF: 03E 62 00 01 02 8D 00 A2 23 20 0D 2D 01 97 01 25 0F 28 03 7E 01 5C 80 2B 58 28 68 DD 41 F1 F7 90 85 00 E6 04 6E 56 75 44 1F C0 45 FC E0 4A 45 03 01 7C C0 78 D2 0C 3A 9B 00 07 E7 15 0D AA AA 
Time:	07:26:56,791
Send:	220001
Receive: 62 00 01 02 8D 00 A2 23 B6 0D 2D 01 A0 01 28 0E 8A 03 78 01 5C 80 34 58 30 6D 3D 41 F1 F7 90 A8 00 E6 04 6E 56 76 2A 1F C0 00 5A 0A 34 00 30 FF 46 FC E3 4A 45 03 01 7C C0 78 D2 0C 3A 9B 00 07 E3 15 18 AA AA 
Time:	07:26:57,180
Send:	220001

Fixed toLineMF: 03E 62 00 01 02 8D 00 A2 24 6C 0E 2E 01 96 01 2F 0D 4C 03 5C 01 5F 80 2B 58 28 6E 1D 41 F1 F7 90 DB 00 E6 04 6E 56 77 EC 1F C0 00 5A 0A 29 00 30 FF 7C C0 78 D2 0C 3A 9B 00 07 B1 14 CE AA AA 
Receive: 62 00 01 02 8D 00 A2 24 6C 0E 2E 01 96 01 2F 0D 4C 03 5C 01 5F 80 2B 58 28 6E 1D 41 F1 F7 90 DB 00 E6 04 6E 56 77 EC 1F C0 00 5A 0A 29 00 30 FF 7C C0 78 D2 0C 3A 9B 00 07 B1 14 CE AA AA 

Fixed toLineMF: 03E 62 00 01 02 8D 00 A2 24 6C 0E 2E 01 96 01 2F 0D 4C 03 5C 01 5F 80 2B 58 28 6E 1D 41 F1 F7 90 DB 00 E6 04 6E 56 77 EC 1F C0 00 5A 0A 29 00 30 FF 7C C0 78 D2 0C 3A 9B 00 07 B1 14 CE AA AA 
Time:	07:26:57,583
Send:	220001
Receive: 62 00 01 02 8D 00 A2 24 8A 0E 2D 01 A8 01 37 0D 4C 03 6F 01 63 80 52 58 31 72 7D 41 F1 F7 91 0F 00 E6 04 6E 56 78 D2 1F C0 00 5A 0A 27 00 30 FF 46 FC E7 4A 45 03 01 7C C0 78 D2 0C 3A 9B 00 07 C8 15 0B AA AA 
Time:	07:26:57,987
Send:	220001
Receive: 62 00 01 02 8D 00 A2 24 F4 0E 2D 01 A4 01 32 08 B8 03 63 01 62 80 2B 58 28 72 DD 41 F1 F7 91 33 00 E6 04 CC 56 75 44 1F C0 00 5A 0A 21 00 30 FF 47 FC E9 4A 45 03 01 7C C0 78 D2 0C 3A 9B 00 07 B9 15 07 AA AA 
Time:	07:26:58,368
Send:	220001
Receive: 62 00 01 02 8D 00 A2 25 BC 0E 2E 01 B0 01 44 08 85 03 5A 01 60 80 29 58 26 76 5D 41 F1 F7 91 7B 00 E6 04 CC 56 77 EC 1F C0 00 5A 0A 18 00 30 FF 48 FC EB 4A 45 03 01 7C C0 78 D2 0C 3A 9B 00 07 BF 15 1F AA AA 
Time:	07:26:58,760
Send:	220001
Receive: 62 00 01 02 8D 00 A2 26 00 0E 2E 01 9B 01 3E 08 B8 03 2B 01 51 80 33 58 2B 74 FD 41 F1 F7 91 7B 00 E6 04 CC 56 71 BB 1F C0 00 5A 0A 14 00 30 FF 48 FC ED 4A 45 03 01 7C C0 78 D2 0C 3A 9B 00 07 67 14 6A AA AA 
Time:	07:26:59,166
Send:	220001
Receive: 62 00 01 02 8D 00 A2 26 7C 0E 2F 01 93 01 37 05 2E 02 F9 01 3D 80 33 58 29 7B 5D 41 F1 F7 91 F7 00 E6 04 CC 56 6D 51 1F C0 00 5A 0A 0D 00 30 FF 48 FC EF 4A 45 03 01 7C C0 78 D2 0C 3A 9B 00 06 B7 13 71 AA AA 
Time:	07:26:59,569
Send:	220001
Receive: 62 00 01 02 8D 00 A2 26 D8 0F 30 01 7D 01 21 05 D1 02 B0 01 24 80 2C 58 29 7F 9D 41 F1 F7 92 6F 00 E6 04 CC 56 63 92 1F C0 00 5A 0A 07 00 30 FF 49 FC F1 4A 45 03 01 7C C0 78 D2 0C 3A 9B 00 06 12 12 10 AA AA 
Time:	07:26:59,968
Send:	220001
Receive: 62 00 01 02 8D 00 A2 26 FA 0F 30 01 86 01 37 05 D1 02 C3 01 2F 80 A0 58 98 7D 3D 41 F1 F7 92 AE 00 E6 04 A6 56 69 C3 1F C0 00 5A 0A 04 00 30 FF 49 FC F2 4A 45 03 01 7C C0 78 D2 0C 3A 9B 00 06 52 12 D7 AA AA 
Time:	07:27:00,368
Send:	220001

Fixed toLineMF: 03E 62 00 01 02 8D 00 A2 27 34 0F 30 01 81 01 2D 06 A3 02 A5 01 24 80 49 58 2F 82 FD 41 F1 F7 92 EE 00 E6 04 A6 56 68 E2 1F C0 00 5A 09 FF 00 30 FF 49 FC F3 4A 45 03 01 00 06 14 12 54 AA AA 
Receive: 62 00 01 02 8D 00 A2 27 34 0F 30 01 81 01 2D 06 A3 02 A5 01 24 80 49 58 2F 82 FD 41 F1 F7 92 EE 00 E6 04 A6 56 68 E2 1F C0 00 5A 09 FF 00 30 FF 49 FC F3 4A 45 03 01 00 06 14 12 54 AA AA 

Fixed toLineMF: 03E 62 00 01 02 8D 00 A2 27 34 0F 30 01 81 01 2D 06 A3 02 A5 01 24 80 49 58 2F 82 FD 41 F1 F7 92 EE 00 E6 04 A6 56 68 E2 1F C0 00 5A 09 FF 00 30 FF 49 FC F3 4A 45 03 01 00 06 14 12 54 AA AA 
Time:	07:27:00,764
Send:	220001
Receive: 62 00 01 02 8D 00 A2 27 3E 0F 2F 01 92 01 61 09 8F 02 C9 01 33 80 AF 58 A7 80 7D 41 F1 F7 93 03 00 E6 04 A6 56 71 BB 1F C0 00 5A 09 FE 00 30 FF 49 FC F3 4A 45 03 01 7C C0 78 D2 0C 3A 9B 00 06 DB 14 46 AA AA 
Time:	07:27:01,159
Send:	220001
Receive: 62 00 01 02 8D 00 A2 27 A8 0F 2F 01 BD 01 4D 08 B8 03 0F 01 58 80 30 58 2E 85 BD 41 F1 F7 93 38 00 E6 05 3B 56 73 82 1F C0 00 5A 09 F9 00 30 FF 4A FC F5 4A 45 03 01 7C C0 78 D2 0C 3A 9B 00 06 FA 14 AE AA AA 
Time:	07:27:01,557
Send:	220001
Receive: 62 00 01 02 8D 00 A2 27 FC 0F 30 01 9A 01 4B 07 E1 02 CF 01 38 80 A1 58 A0 84 7D 41 F1 F7 93 67 00 E6 05 3B 56 71 BB 1F C0 00 5A 09 F4 00 30 FF 4A FC F6 4A 45 03 01 7C C0 78 D2 0C 3A 9B 00 06 6D 13 A2 AA AA 
Time:	07:27:01,961
Send:	220001

Fixed toLineMF: 03E 62 00 01 02 8D 00 A2 28 40 0F 30 01 B1 01 4D 07 E1 02 D3 01 3E 80 2A 58 27 89 7D 41 F1 F7 93 A2 00 E6 04 A6 56 72 9C 1F C0 4A FC F7 4A 45 03 01 7C C0 78 D2 0C 3A 9B 00 06 48 13 A3 AA AA 
Receive: 62 00 01 02 8D 00 A2 28 40 0F 30 01 B1 01 4D 07 E1 02 D3 01 3E 80 2A 58 27 89 7D 41 F1 F7 93 A2 00 E6 04 A6 56 72 9C 1F C0 4A FC F7 4A 45 03 01 7C C0 78 D2 0C 3A 9B 00 06 48 13 A3 AA AA 

Fixed toLineMF: 03E 62 00 01 02 8D 00 A2 28 40 0F 30 01 B1 01 4D 07 E1 02 D3 01 3E 80 2A 58 27 89 7D 41 F1 F7 93 A2 00 E6 04 A6 56 72 9C 1F C0 4A FC F7 4A 45 03 01 7C C0 78 D2 0C 3A 9B 00 06 48 13 A3 AA AA 
Time:	07:27:02,365
Send:	220001
Receive: 62 00 01 02 8D 00 A2 28 FC 0F 31 01 B3 01 66 08 B8 02 B7 01 3A 80 2D 58 29 8D BD 41 F1 F7 94 5D 00 E6 04 A6 56 78 D2 1F C0 00 5A 09 E4 00 30 FF 4B FC FB 4A 45 03 01 7C C0 78 D2 0C 3A 9B 00 06 5C 14 02 AA AA 
Time:	07:27:02,748
Send:	220001
Receive: 62 00 01 02 8D 00 A2 29 B2 10 30 01 ED 01 7D 09 F5 03 09 01 64 80 30 58 32 92 5D 41 F1 F7 94 CE 00 E6 04 A6 56 82 8C 1F C0 00 5A 09 DB 00 30 FF 4C FC FE 4A 45 03 01 7C C0 78 D2 0C 3A 9B 00 06 E0 15 24 AA AA 
Time:	07:27:03,139
Send:	220001
Receive: 62 00 01 02 8D 00 A2 2A 64 10 30 01 D2 01 7F 09 F5 02 F6 01 62 80 6D 58 36 8E 7D 41 F1 F7 95 35 00 E6 06 66 56 84 4E 1F C0 00 5A 09 D4 00 30 FF 4C FD 00 4A 45 03 01 7C C0 78 D2 0C 3A 9B 00 06 C4 14 E1 AA AA 
Time:	07:27:03,526
Send:	220001
Receive: 62 00 01 02 8D 00 A2 2B 52 10 30 01 CE 01 70 00 00 02 B9 01 50 80 2C 58 29 96 5C 41 F1 F7 95 40 00 E6 06 66 55 7C 5B 1F C0 00 5A 09 D4 00 30 FF 4C FA 54 4A 45 03 01 7D C8 78 D2 0C 3A 9B 00 06 26 13 83 AA AA 
Time:	07:27:03,917
Send:	220001
Receive: 62 00 01 02 8D 00 A2 2B E2 11 33 01 7D 01 3E 00 00 02 3F 01 16 80 A5 58 A1 93 5D 41 F1 F7 95 40 00 E6 05 C2 55 6D 51 1F C0 00 5A 09 D3 00 30 FF 4C FA 4D 4A 45 03 01 7D C8 78 D2 0C 3A 9B 00 05 12 11 0F AA AA 
Time:	07:27:04,320
Send:	220001
Receive: 62 00 01 02 8D 00 A2 2B 56 10 34 01 54 01 0F 00 00 01 D9 00 E2 80 2B 58 29 97 FC 41 F1 F7 95 40 00 E6 05 C2 55 5C 80 1F C0 00 5A 09 D3 00 30 FF 4C FA 54 4A 45 03 01 7D C8 78 D2 0C 3A 9B 00 04 2E 0F 00 AA AA 
Time:	07:27:04,728
Send:	220001
Receive: 62 00 01 02 8D 00 A2 29 CA 10 35 01 34 00 EF 00 00 01 B0 00 C4 80 AE 58 AD 95 3C 41 F1 F7 94 E4 00 E6 05 C2 55 53 A7 1F C0 00 5A 09 DB 00 30 FF 4C FA 63 4A 45 03 01 3D C8 78 D2 0C 3A 9B 00 03 C9 0D FB AA AA 
Time:	07:27:05,120
Send:	220001
Receive: 62 00 01 02 8D 00 A2 28 78 0F 0C 01 34 00 E0 00 00 01 C2 00 C8 80 AE 58 A3 91 7D 41 F1 F7 93 7C 00 E6 03 7C 55 50 FF 1F C0 00 5A 09 EF 00 30 FF 4A FA 69 4A 45 03 01 3D C8 78 D2 0C 3A 9B 00 04 0E 0D AF AA AA 
Time:	07:27:05,508
Send:	220001
Receive: 62 00 01 02 8D 00 A2 25 DC 0E FC 01 5F 00 D6 00 00 02 11 00 D3 80 BA 58 AA 8D DD 41 F1 F7 90 F0 00 E6 03 7C 55 4B AF 1F C0 00 5A 0A 19 00 30 FF 47 FA 73 4A 45 03 01 7D C8 78 D2 0C 3A 9B 00 04 E8 0E 85 AA AA 
Time:	07:27:05,899
Send:	220001
Receive: 62 00 01 02 8D 00 A2 23 8C 0D ED 01 63 00 CB 00 00 02 4A 00 E0 80 BA 58 A9 7F FD 41 F1 F7 8F C4 00 E6 03 BB 56 00 00 1F C0 00 5A 0A 3B 00 30 FF 45 FA 7F 4A 45 03 01 29 C9 78 D2 0C 3A 9B 00 05 46 0F 00 AA AA 
Time:	07:27:06,300
Send:	220001
Receive: 62 00 01 02 8D 00 A2 20 54 0C ED 00 00 00 A9 00 00 02 40 00 C8 80 1F 58 1A 7F FD 41 F1 F7 8E A6 00 E6 03 BB 56 00 00 1F C0 00 5A 0A 70 00 30 FF 41 FA B4 4A 45 03 01 29 C9 78 D2 0C 3A 9B 00 05 17 0E 97 AA AA 
Time:	07:27:06,703
Send:	220001
Receive: 62 00 01 02 8D 00 A2 1D 0A 0B F0 00 00 00 9A 00 00 01 C9 00 8F 80 1C 58 17 7F FD 41 F1 F7 8E D3 00 E6 03 BB 56 00 00 1F C0 00 5A 0A A5 00 30 FF 3D FB 5F 4A 45 03 01 29 C9 78 D2 0C 3A 9B 00 04 02 0E B3 AA AA 
Time:	07:27:07,088
Send:	220001
Receive: 62 00 01 02 8D 00 A2 19 DE 0A EE 00 00 00 9A 00 00 02 17 00 8F 80 1B 58 17 7F FD 41 F1 F7 8E 52 00 E6 00 00 56 00 00 1F C0 00 5A 0A E0 00 30 FF 39 FC 27 4A 45 03 01 29 C9 78 D2 0C 3A 9B 00 04 D5 10 9E AA AA 
Time:	07:27:07,479
Send:	220001
Receive: 62 00 01 02 8D 00 A2 17 32 09 EC 00 00 00 9A 00 00 02 76 00 9B 80 1B 58 17 7F FD 41 F1 F7 8B 6D 00 E6 00 00 56 00 00 1F C0 00 5A 0A E6 00 30 FF 39 FC F7 4A 45 03 01 29 C9 78 D2 0C 3A 9B 00 05 AB 12 42 AA AA 
Time:	07:27:07,867
Send:	220001
Receive: 62 00 01 02 8D 00 A2 15 06 08 EC 00 00 00 9A 00 00 02 79 00 88 80 1B 58 17 7F FD 41 F1 F7 8A 0C 00 E6 00 00 56 00 00 1F C0 00 5A 0A E7 00 30 FF 39 FD EC 4A 45 03 01 29 C9 78 D3 0C 3A 9B 00 05 BD 14 81 AA AA 
Time:	07:27:08,267
Send:	220001
Receive: 62 00 01 02 8D 00 A2 12 F2 07 F6 01 9D 00 8B 0C E1 02 8F 00 83 78 1C 58 17 7F FD 41 F1 F7 88 C0 00 E6 00 00 56 17 07 1F C0 00 5A 0A E8 00 30 FF 39 00 00 4A 45 03 01 2C C8 78 D3 0C 3A 9B 00 05 D8 15 67 AA AA 
Time:	07:27:08,648
Send:	220001
Receive: 62 00 01 02 8D 00 A2 11 3C 06 05 02 21 00 BD 1A 66 03 79 00 AB 79 21 58 1F 81 3D 41 F1 F7 85 C0 00 E6 00 00 57 17 7F 1F C0 00 5A 0A E9 00 30 FF 39 00 00 4A 45 03 01 3C C8 78 D3 0C 3A 9B 00 08 02 1A 89 AA AA 
Time:	07:27:09,026
Send:	220001
Receive: 62 00 01 02 8C 00 A2 10 9C 06 0E 02 F0 01 16 17 47 04 A6 00 D2 76 BC 58 BB 7D FD 41 F1 F7 83 B4 00 E6 03 33 57 18 60 1F C0 00 5A 0A EA 00 30 FF 39 00 00 4A 45 03 01 7C C8 78 D3 0C 3A 9B 00 0B 02 21 4D AA AA 
Time:	07:27:09,410
Send:	220001
Receive: 62 00 01 02 8D 00 A2 11 84 06 FF 02 9B 00 F1 17 AD 04 D6 00 F9 79 C8 58 BF 7A DD 41 F1 F7 85 06 00 E6 03 33 57 1A 22 1F C0 00 5A 0A EB 00 30 FF 38 00 00 4A 45 03 01 7C C0 78 D3 0C 3A 9B 00 0B 0A 21 97 AA AA 
Time:	07:27:09,808
Send:	220001
Receive: 62 00 01 02 8D 00 A2 12 2A 07 09 02 42 00 CE 14 94 04 90 00 EF 7B C6 58 B9 77 BD 41 F1 F7 84 FD 00 E6 03 D7 57 1B E9 1F C0 00 5A 0A EB 00 30 FF 38 00 00 4A 45 03 01 7C C0 78 D3 0C 3A 9B 00 0A 77 1F F5 AA AA 
Time:	07:27:10,202
Send:	220001
Receive: NO DATA
Time:	07:27:10,478
Send:	220001
Receive: NO DATA
Time:	07:27:10,759
Send:	220001
Receive: NO DATA
Time:	07:27:11,063
Send:	220001
Receive: NO DATA
Time:	07:27:11,356
Send:	220001
Receive: NO DATA
Time:	07:27:11,634
Send:	220001
Receive: NO DATA
Time:	07:27:11,909
Send:	220001
Receive: NO DATA
Time:	07:27:12,198
Send:	220001
Receive: NO DATA
Time:	07:27:12,478
Send:	220001
Receive: 62 00 01 02 8D 00 A2 17 04 09 0E 01 F8 00 EF 06 05 03 F0 01 02 80 89 58 30 76 3D 41 F1 F7 8A 2D 00 E6 03 F5 57 29 31 1F C0 00 5A 0A EA 00 30 FF 39 FC CB 4A 45 03 01 7C C0 78 D3 0C 3A 9B 00 08 F7 19 E0 AA AA 
Time:	07:27:12,868
Send:	220001
Receive: 62 00 01 02 8D 00 A2 16 FC 08 0E 01 EF 00 E7 04 FA 03 C9 00 F6 80 35 58 49 78 5D 41 F1 F7 89 E7 00 E6 03 85 57 2A F3 1F C0 00 5A 0A EA 00 30 FF 39 FC DE 4A 45 03 01 7C C8 78 D3 0C 3A 9B 00 08 8F 18 F1 AA AA 
Time:	07:27:13,268
Send:	220001
Receive: 62 00 01 02 8D 00 A2 16 B6 09 0D 01 D2 00 E2 03 BD 03 A7 00 E6 80 A4 58 9B 73 7D 41 F1 F7 88 CE 00 E6 03 85 57 2D 9B 1F C0 00 5A 0A E9 00 30 FF 39 FD 16 4A 45 03 01 7C C8 78 D3 0C 3A 9B 00 08 47 18 58 AA AA 
Time:	07:27:13,653
Send:	220001
Receive: 62 00 01 02 8D 00 A2 16 AC 08 0B 01 C0 00 D3 01 A8 03 72 00 DB 80 2E 58 2B 76 DD 41 F1 F7 88 FC 00 E6 03 85 57 32 0A 1F C0 00 5A 0A E9 00 30 FF 39 FC FE 4A 45 03 01 7D C8 78 D3 0C 3A 9B 00 07 E2 17 6D AA AA 
Time:	07:27:14,039
Send:	220001
Receive: 62 00 01 02 8D 00 A2 16 02 08 08 01 B5 00 CC 00 00 03 65 00 D0 80 9C 58 9E 75 1D 41 F1 F7 87 96 00 E6 03 33 57 36 74 1F C0 00 5A 0A E9 00 30 FF 39 FD 59 4A 45 03 01 7D C8 78 D3 0C 3A 9B 00 07 A6 17 90 AA AA 
Time:	07:27:14,428
Send:	220001
Receive: 62 00 01 02 8D 00 A2 14 48 08 05 01 B3 00 A9 00 00 03 56 00 BF 80 29 58 25 77 3D 41 F1 F7 86 A5 00 E6 03 33 57 3C A5 1F C0 00 5A 0A E9 00 30 FF 39 FE 11 4A 45 03 01 7D C8 78 D3 0C 3A 9B 00 07 A3 17 C2 AA AA 
Time:	07:27:14,829
Send:	220001
Receive: 62 00 01 02 8D 00 A2 13 CC 07 0B 01 82 00 95 00 00 02 E2 00 98 80 2D 58 51 79 7D 41 F1 F7 88 65 00 E6 02 39 57 3A E3 1F C0 00 5A 0A E9 00 30 FF 39 FF 56 4A 45 03 01 7D C8 78 D3 0C 3A 9B 00 06 6E 16 CB AA AA 
Time:	07:27:15,217
Send:	220001
Receive: 62 00 01 02 8D 00 A2 12 D6 07 08 01 A6 00 A4 00 00 03 1C 00 A5 80 2C 58 29 7B 5D 41 F1 F7 87 69 00 E6 02 39 57 3E 6C 1F C0 00 5A 0A E9 00 30 FF 39 FF 83 4A 45 03 01 7D C8 78 D3 0C 3A 9B 00 07 14 18 3C AA AA 
Time:	07:27:15,599
Send:	220001
Receive: 62 00 01 02 8D 00 A2 12 0C 07 07 01 BB 00 9F 00 00 03 2A 00 A1 80 2E 58 2B 7D 7D 41 F1 F7 86 E8 00 E6 02 39 57 3C A5 1F C0 00 5A 0A E9 00 30 FF 39 FF EB 4A 45 03 01 7D C0 78 D3 0C 3A 9B 00 07 3C 18 B4 AA AA 
Time:	07:27:15,996
Send:	220001
Receive: 62 00 01 02 8D 00 A2 11 3A 06 06 01 CD 00 9F 00 00 03 3A 00 97 80 A2 58 A0 7A DD 41 F1 F7 86 63 00 E6 02 36 57 39 1C 1F C0 00 5A 0A EA 00 30 FF 39 00 85 4A 45 03 01 7D C0 78 D3 0C 3A 9B 00 07 73 19 62 AA AA 
Time:	07:27:16,398
Send:	220001
Receive: 62 00 01 02 8D 00 A2 0F FC 06 06 01 E7 00 9C 00 00 03 8C 00 9A 80 B5 58 AD 78 DD 41 F1 F7 85 24 00 E6 02 36 57 39 1C 1F C0 00 5A 0A EA 00 30 FF 36 FF CE 4A 45 03 05 7D C0 78 D3 0C 3A 9B 00 08 3A 1B 31 AA AA 
Time:	07:27:16,803
Send:	220001
Receive: 62 00 01 02 8B 00 A2 0F 32 05 06 01 F2 00 8D 00 00 03 B3 00 9B 80 BD 58 B1 76 BD 41 F1 F7 84 40 00 E6 02 44 57 38 3B 1F C0 00 5A 0A EB 00 30 FF 3B FF E8 4A 45 03 05 7D E0 78 D3 0C 3A 9B 00 08 77 1B CC AA AA 
Time:	07:27:17,198
Send:	220001
Receive: 62 00 01 02 8C 00 A2 0E C0 04 07 01 E5 00 86 00 00 03 AC 00 97 80 BE 58 B3 74 9D 41 F1 F7 84 66 00 E6 02 44 57 38 3B 1F C0 00 5A 0A EB 00 30 FF 38 FF F6 4A 45 03 07 7D E0 78 D3 0C 3A 9B 00 08 64 1B AF AA AA 
Time:	07:27:17,586
Send:	220001
Receive: 62 00 01 02 8D 00 A2 0E 32 04 09 01 E7 00 86 00 00 03 BA 00 92 80 BE 58 B2 72 9D 41 F1 F7 84 1A 00 E6 02 44 57 37 55 1F C0 00 5A 0A EC 00 30 FF 4B 00 00 4A 45 03 05 7D C0 78 D3 0C 3A 9B 00 08 90 1C 37 AA AA 
Time:	07:27:17,970
Send:	220001
Receive: 62 00 01 02 8D 00 A2 0E 02 03 08 01 E9 00 86 00 00 03 CF 00 96 80 BE 58 B1 70 9D 41 F1 F7 83 96 00 E6 01 EF 57 38 3B 1F C0 00 5A 0A EC 00 30 FF 60 00 00 4A 45 03 05 7D C0 78 D3 0C 3A 9B 00 08 B5 1C 82 AA AA 
Time:	07:27:18,361
Send:	220001
Receive: 62 00 01 02 8D 00 A2 0D EA 03 08 01 DF 00 86 00 00 03 CF 00 94 80 BF 58 AF 6E FD 41 F1 F7 83 96 00 E6 01 EF 57 38 3B 1F C0 00 5A 0A ED 00 30 FF 70 00 00 4A 45 03 05 7D C0 78 D3 0C 3A 9B 00 08 B7 1C CE AA AA 
Time:	07:27:18,766
Send:	220001
Receive: 62 00 01 02 8D 00 A2 0D EC 02 07 01 EA 00 F9 0A FF 03 E4 00 99 80 B9 58 AA 6C DD 41 F1 F7 83 1C 00 E6 01 EF 57 39 FD 1F C0 00 64 0A ED 00 30 FF 83 00 00 4A 45 03 05 7C C0 78 D3 0C 3A 9B 00 09 D8 1F 2A AA AA 
Time:	07:27:19,149
Send:	220001
Receive: 62 00 01 02 8D 00 A2 0F C0 02 00 03 C0 01 89 0F C7 06 C3 01 4C 80 AD 58 9F 69 DD 41 F1 F7 87 E7 00 E6 01 EF 57 47 45 1F C0 00 8C 0A EE 00 30 FF 83 02 7B 4A 45 03 05 7C C2 78 D3 0C 3A 9B 00 0F 54 2C 94 AA AA 
Time:	07:27:19,547
Send:	220001
Receive: 62 00 01 02 8D 00 A2 15 78 03 FA 02 3A 00 B0 00 00 05 7D 01 6D 80 AD 58 53 65 BD 41 F1 F7 88 78 00 E6 01 EF 58 44 9D 1F C0 00 82 0A EE 00 30 FF 8B FF AB 4A 45 03 05 7D CA 78 D3 0C 3A 9B 00 0B DF 21 A9 AA AA 
Time:	07:27:19,927
Send:	220001
Receive: 62 00 01 02 84 00 A2 11 52 03 05 01 F3 00 9F 00 00 04 2C 00 C0 80 21 58 1E 69 5D 41 F1 F7 82 C0 00 E6 02 36 57 41 14 1F C0 00 5A 0A EE 00 30 00 D0 FF F0 4A 45 03 05 7D C8 78 D3 0C 3A 9B 00 09 48 1D 64 AA AA 
Time:	07:27:20,308
Send:	220001
Receive: 62 00 01 02 83 00 A2 0F 72 03 FB 01 B8 00 AB 08 4C 03 A9 00 8A 80 22 58 20 6B 9D 41 F1 F7 84 78 00 E6 02 36 57 3E 6C 1F C0 00 64 0A EE 00 30 02 9E 00 00 4A 45 03 05 7C C0 78 D3 0C 3A 9B 00 07 D3 1A CB AA AA 
Time:	07:27:20,708
Send:	220001
Receive: 62 00 01 02 88 00 A2 0F F8 02 06 03 4F 01 64 12 B3 06 00 01 25 80 25 58 23 6E 5D 41 F1 F7 86 B7 00 E6 02 36 57 68 01 1F C0 00 8C 0A ED 00 30 02 9E 02 93 4A 45 03 05 7C C2 78 D3 0C 3A 9B 00 0D A4 28 84 AA AA 
Time:	07:27:21,108
Send:	220001
Receive: 62 00 01 02 8D 00 A2 17 64 02 07 02 9E 01 19 00 00 06 47 01 DB 80 A5 58 9A 69 BD 41 F1 F7 8B CC 00 E6 04 AC 57 A8 98 1F C0 00 8C 0A ED 00 30 02 9E FF 9B 4A 45 03 05 7D CA 78 D3 0C 3A 9B 00 0E 72 26 E4 AA AA 
Time:	07:27:21,510
Send:	220001
Receive: 62 00 01 02 8C 00 A2 15 6A 02 0B 01 A3 00 AB 00 00 03 C2 00 D3 80 20 58 1D 6F 7D 41 F1 F7 85 D2 00 E6 04 AC 57 49 ED 1F C0 00 64 0A ED 00 30 03 63 FF 63 4A 45 03 05 7D C8 78 D3 0C 3A 9B 00 08 37 19 F6 AA AA 
Time:	07:27:21,905
Send:	220001
Receive: 62 00 01 02 8C 00 A2 12 E0 02 17 01 83 00 9F 00 00 03 2E 00 A4 80 21 58 1D 71 BD 41 F1 F7 86 EC 00 E6 01 DC 57 42 D6 1F C0 00 5A 0A EC 00 30 04 46 FE D8 4A 45 03 05 7D C0 78 D3 0C 3A 9B 00 07 43 18 D4 AA AA 
Time:	07:27:22,301
Send:	220001
Receive: 62 00 01 02 8D 00 A2 13 4C 02 22 02 8B 01 46 10 9E 04 A6 01 0A 80 23 58 21 74 1D 41 F1 F7 86 1C 00 E6 01 DC 57 49 07 1F C0 00 78 0A EC 00 30 04 4B 00 00 4A 45 03 05 7C C0 78 D3 0C 3A 9B 00 0A F7 1F 8D AA AA 
Time:	07:27:22,708
Send:	220001
Receive: 62 00 01 02 8D 00 A2 18 AC 02 09 02 C9 01 61 10 33 05 A1 01 98 80 AF 58 B1 72 5D 41 F1 F7 8C 01 00 E6 01 DC 57 4E 57 1F C0 00 96 0A E3 00 30 04 47 FF 1C 4A 45 03 05 7C C2 78 D3 0C 3A 9B 00 0C A5 22 D8 AA AA 
Time:	07:27:23,098
Send:	220001
Receive: 62 00 01 02 8B 00 A2 16 62 03 0F 01 F1 00 D8 00 00 04 3B 00 F3 80 32 58 29 72 FD 41 F1 F7 86 37 00 E6 05 B0 57 4F 38 1F C0 00 78 0A EC 00 30 04 DE 00 00 4A 45 03 05 7D C8 78 D3 0C 3A 9B 00 09 68 1C 43 AA AA 
Time:	07:27:23,498
Send:	220001
Receive: NO DATA
Time:	07:27:23,781
Send:	220001
Receive: NO DATA
Time:	07:27:24,084
Send:	220001
Receive: NO DATA
Time:	07:27:24,377
Send:	220001
Receive: NO DATA
Time:	07:27:24,666
Send:	220001
Receive: NO DATA
Time:	07:27:24,944
Send:	220001
Receive: NO DATA
Time:	07:27:25,223
Send:	220001
Receive: NO DATA
Time:	07:27:25,508
Send:	220001
Receive: 62 00 01 02 8D 00 A3 13 BE 03 2A 01 BF 01 12 0C 42 03 8C 00 C4 80 29 58 27 79 BD 41 F1 F7 85 DF 00 E6 03 55 57 50 FF 1F C0 00 6E 0A EB 00 30 05 A2 00 00 4A 45 03 05 7C C0 78 D3 0C 3A 9B 00 08 5B 1A 66 AA AA 
Time:	07:27:25,901
Send:	220001
Receive: 62 00 01 02 8D 00 A3 17 C8 03 11 03 4E 01 C0 15 9E 06 06 01 AF 80 AE 58 B1 78 DD 41 F1 F7 8B C7 00 E6 05 2D 57 93 5D 1F C0 00 96 0A EB 00 30 05 A2 00 00 4A 45 03 05 7C C2 78 D3 0C 3A 9B 00 0D 9C 25 42 AA AA 
Time:	07:27:26,289
Send:	220001
Receive: 62 00 01 02 8D 00 A3 18 5E 04 05 02 90 00 A6 00 00 05 58 01 5A 80 99 58 4D 78 9D 41 F1 F7 89 C2 00 E6 05 2D 57 7D 3C 1F C0 00 82 0A EB 00 30 05 A2 FF 76 4A 45 03 05 7D CA 78 D3 0C 3A 9B 00 0C A7 22 AA AA AA 
Time:	07:27:26,688
Send:	220001
Receive: 62 00 01 02 8D 00 A3 15 A8 05 08 01 C2 00 B3 00 00 03 D6 00 E7 80 2B 58 2A 75 7D 41 F1 F7 87 9A 00 E6 05 2D 57 4F 38 1F C0 00 5A 0A EB 00 30 06 5A FE 33 4A 45 03 05 7D C8 78 D3 0C 3A 9B 00 08 D0 19 FF AA AA 
Time:	07:27:27,065
Send:	220001
Receive: 62 00 01 02 8D 00 A3 14 90 05 0E 01 92 00 A9 00 00 03 43 00 B9 80 2B 58 28 78 DD 41 F1 F7 86 E3 00 E6 03 0B 57 48 26 1F C0 00 5A 0A EA 00 30 06 15 FE 13 4A 45 03 05 7D C0 78 D3 0C 3A 9B 00 07 50 18 33 AA AA 
Time:	07:27:27,460
Send:	220001

Fixed toLineMF: 03E 62 00 01 02 8D 00 A3 15 20 05 13 02 C7 01 32 11 0A 05 10 01 3F 80 28 58 25 7B 9D 41 F1 F7 88 EA 00 E6 03 0B 57 69 C3 1F C0 00 5A 0A EA 00 30 05 F0 00 00 4A 45 03 05 7C C0 78 D3 0C 3A 9B 
Receive: 62 00 01 02 8D 00 A3 15 20 05 13 02 C7 01 32 11 0A 05 10 01 3F 80 28 58 25 7B 9D 41 F1 F7 88 EA 00 E6 03 0B 57 69 C3 1F C0 00 5A 0A EA 00 30 05 F0 00 00 4A 45 03 05 7C C0 78 D3 0C 3A 9B 

Fixed toLineMF: 03E 62 00 01 02 8D 00 A3 15 20 05 13 02 C7 01 32 11 0A 05 10 01 3F 80 28 58 25 7B 9D 41 F1 F7 88 EA 00 E6 03 0B 57 69 C3 1F C0 00 5A 0A EA 00 30 05 F0 00 00 4A 45 03 05 7C C0 78 D3 0C 3A 9B 
Time:	07:27:27,828
Send:	220001
Receive: 62 00 01 02 8A 00 A3 14 7C 05 14 01 A5 00 D8 00 00 03 6A 00 9D 80 B5 58 AC 77 7D 41 F1 F7 85 F5 00 E6 02 9D 57 4B AF 1F C0 00 5A 0A EA 00 30 05 F0 FF 68 4A 45 03 05 7D C8 78 D3 0C 3A 9B 00 08 3A 1B 62 AA AA 
Time:	07:27:28,218
Send:	220001

Fixed toLineMF: 037 62 00 01 02 82 00 00 B3 00 00 05 32 00 41 F1 F7 85 1B 00 E6 02 9D 57 47 45 1F C0 00 5A 0A EA 00 30 07 C2 00 00 4A 45 03 05 7D CA 78 D3 0C 3A 9B 00 0B A8 24 FE AA AA 
Receive: 62 00 01 02 82 00 00 B3 00 00 05 32 00 41 F1 F7 85 1B 00 E6 02 9D 57 47 45 1F C0 00 5A 0A EA 00 30 07 C2 00 00 4A 45 03 05 7D CA 78 D3 0C 3A 9B 00 0B A8 24 FE AA AA 

Fixed toLineMF: 037 62 00 01 02 82 00 00 B3 00 00 05 32 00 41 F1 F7 85 1B 00 E6 02 9D 57 47 45 1F C0 00 5A 0A EA 00 30 07 C2 00 00 4A 45 03 05 7D CA 78 D3 0C 3A 9B 00 0B A8 24 FE AA AA 
Time:	07:27:28,604
Send:	220001
Receive: 62 00 01 02 83 00 A3 0F A8 06 FF 02 74 00 B0 00 00 04 B6 00 E2 80 A2 58 AB 78 3D 41 F1 F7 84 2B 00 E6 02 9D 57 49 07 1F C0 00 5A 0A EB 00 30 08 4D FF 83 4A 45 03 05 7D CA 78 D3 0C 3A 9B 00 0A D5 21 14 AA AA 
Time:	07:27:29,008
Send:	220001
Receive: 62 00 01 02 8C 00 A3 11 14 05 03 02 0B 00 B0 0B A3 04 26 00 CB 80 BD 58 B6 75 5D 41 F1 F7 83 78 00 E6 03 14 57 49 07 1F C0 00 5A 0A EB 00 30 07 78 FE B8 4A 45 03 05 7C C0 78 D3 0C 3A 9B 00 09 53 1D 9D AA AA 
Time:	07:27:29,390
Send:	220001
Receive: 62 00 01 02 8D 00 A3 13 D8 05 12 02 6C 01 1C 12 B3 05 27 01 2A 80 AE 58 A1 72 1D 41 F1 F7 86 56 00 E6 03 14 57 68 01 1F C0 00 5A 0A EB 00 30 07 78 00 00 4A 45 03 05 7C C0 78 D3 0C 3A 9B 00 0B C8 21 E4 AA AA 
Time:	07:27:29,777
Send:	220001
Receive: 62 00 01 02 87 00 A3 10 B4 06 0E 02 59 00 C9 00 00 04 8C 00 B5 80 2A 58 25 73 BD 41 F1 F7 83 28 00 E6 02 22 57 40 2E 1F C0 00 5A 0A EB 00 30 08 1E 00 00 4A 45 03 05 7D C8 78 D3 0C 3A 9B 00 0A 39 20 19 AA AA 
Time:	07:27:30,169
Send:	220001
Receive: 62 00 01 02 86 00 A3 0F 56 06 08 02 7B 00 BF 00 00 04 D0 00 D7 80 29 58 28 76 7D 41 F1 F7 84 11 00 E6 02 22 57 48 26 1F C0 00 5A 0A EC 00 30 09 19 FF C3 4A 45 03 05 7D C8 78 D3 0C 3A 9B 00 0A F1 21 57 AA AA 
Time:	07:27:30,569
Send:	220001
Receive: 62 00 01 02 8C 00 A3 10 20 06 03 02 45 00 AB 00 00 04 90 00 D9 80 A9 58 A9 73 5D 41 F1 F7 83 EB 00 E6 02 22 57 49 ED 1F C0 00 5A 0A EC 00 30 09 21 FF 73 4A 45 03 05 7D C0 78 D3 0C 3A 9B 00 09 E9 1E E4 AA AA 
Time:	07:27:30,959
Send:	220001
Receive: 62 00 01 02 8D 00 A3 12 5E 05 27 02 1E 01 12 0A FF 04 73 00 F7 80 B6 58 AC 70 9D 41 F1 F7 85 9D 00 E6 02 B3 57 5E 47 1F C0 00 5A 0A EC 00 30 08 A6 00 00 4A 45 03 05 7C C0 78 D3 0C 3A 9B 00 0A E2 1F CB AA AA 
Time:	07:27:31,349
Send:	220001
Receive: 62 00 01 02 8D 00 A3 14 C0 06 05 01 66 00 4D 00 00 03 9C 00 CB 80 29 58 27 73 DD 41 F1 F7 85 E8 00 E6 02 B3 57 48 26 1F C0 00 5A 0A EC 00 30 08 A6 FD CD 4A 45 03 05 7D C8 78 D3 0C 3A 9B 00 07 C2 1A 10 AA AA 
Time:	07:27:31,738
Send:	220001
Receive: 62 00 01 02 88 00 A3 11 96 06 05 02 23 00 CE 00 00 04 1B 00 C6 80 24 58 21 76 3D 41 F1 F7 83 39 00 E6 02 B3 57 49 ED 1F C0 00 5A 0A EC 00 30 09 21 FF 58 4A 45 03 05 7D C8 78 D3 0C 3A 9B 00 09 77 1D F7 AA AA 
Time:	07:27:32,131
Send:	220001

Fixed toLineMF: 03E 62 00 01 02 8B 00 00 CE 00 00 04 7A 00 D2 80 2B 58 2A 78 DD 41 F1 F7 83 9E 00 E6 02 D8 57 49 07 1F C0 00 5A 0A ED 00 30 09 24 FF 93 4A 45 03 05 7D C8 78 D3 0C 3A 9B 00 0A 43 1F AA AA AA 
Receive: 62 00 01 02 8B 00 00 CE 00 00 04 7A 00 D2 80 2B 58 2A 78 DD 41 F1 F7 83 9E 00 E6 02 D8 57 49 07 1F C0 00 5A 0A ED 00 30 09 24 FF 93 4A 45 03 05 7D C8 78 D3 0C 3A 9B 00 0A 43 1F AA AA AA 

Fixed toLineMF: 03E 62 00 01 02 8B 00 00 CE 00 00 04 7A 00 D2 80 2B 58 2A 78 DD 41 F1 F7 83 9E 00 E6 02 D8 57 49 07 1F C0 00 5A 0A ED 00 30 09 24 FF 93 4A 45 03 05 7D C8 78 D3 0C 3A 9B 00 0A 43 1F AA AA AA 
Time:	07:27:32,514
Send:	220001
Receive: NO DATA
Time:	07:27:32,825
Send:	220001
Receive: NO DATA
Time:	07:27:33,100
Send:	220001
Receive: NO DATA
Time:	07:27:33,394
Send:	220001
Receive: NO DATA
Time:	07:27:33,679
Send:	220001
Receive: NO DATA
Time:	07:27:33,954
Send:	220001
Receive: NO DATA
Time:	07:27:34,238
Send:	220001
Receive: NO DATA
Time:	07:27:34,522
Send:	220001
Receive: 62 00 01 02 8D 00 A4 0E F4 05 06 01 F4 00 9F 00 9E 04 1C 00 AC 80 AA 58 50 6D 3D 41 F1 F7 81 E0 00 E6 02 58 58 3F 4D 1F C0 00 5A 0A EE 00 30 04 99 FF E8 4A 45 03 05 FD C0 78 D3 0C 3A 9B 00 09 59 1D C4 AA AA 
Time:	07:27:34,908
Send:	220001
Receive: 62 00 01 02 8D 00 A4 0E B6 05 08 02 07 00 9F 00 00 04 1B 00 A5 80 32 58 29 6F 3D 41 F1 F7 81 E0 00 E6 02 0F 58 3E 6C 1F C0 00 5A 0A EF 00 30 04 34 FF FE 4A 45 03 05 FD C0 78 D3 0C 3A 9B 00 09 65 1E 0A AA AA 
Time:	07:27:35,301
Send:	220001
Receive: 62 00 01 02 8D 00 A4 0E 06 05 0B 02 23 00 9F 00 00 04 42 00 A3 80 2B 58 2B 71 9D 41 F1 F7 82 4F 00 E6 02 0F 58 3D 86 1F C0 00 5A 0A F0 00 30 04 34 00 00 4A 45 03 05 FD C0 78 D3 0C 3A 9B 00 09 CE 1F 31 AA AA 
Time:	07:27:35,709
Send:	220001
Receive: 62 00 01 02 8D 00 A4 0E 9C 05 04 02 0E 00 9C 00 00 04 3B 00 B2 80 9F 58 A2 6F FD 41 F1 F7 82 3F 00 E6 02 0F 58 3F 4D 1F C0 00 5A 0A F0 00 30 03 F2 FF EB 4A 45 03 05 FD C0 78 D3 0C 3A 9B 00 09 9E 1E 66 AA AA 
Time:	07:27:36,099
Send:	220001
Receive: 62 00 01 02 8C 00 A4 0E 36 05 07 02 10 00 9F 04 23 04 3E 00 A4 80 B1 58 A9 6D 9D 41 F1 F7 82 43 00 E6 02 44 58 3C A5 1F C0 00 5A 0A F1 00 30 03 C7 00 00 4A 45 03 05 FC C0 78 D3 0C 3A 9B 00 09 A5 1F 0E AA AA 
Time:	07:27:36,499
Send:	220001
Receive: 62 00 01 02 8D 00 A4 0D 44 04 0D 02 17 00 B0 04 8F 04 76 00 A0 80 83 58 2E 6B 3D 41 F1 F7 82 EE 00 E6 02 44 58 3E 6C 1F C0 00 5A 0A F1 00 30 03 C7 00 85 4A 45 03 05 FC C0 78 D3 0C 3A 9B 00 0A 38 21 0D AA AA 
Time:	07:27:36,889
Send:	220001
Receive: 62 00 01 02 8C 00 A4 0D 70 05 03 02 48 00 95 00 00 04 B0 00 B9 80 28 58 24 70 9D 41 F1 F7 83 96 00 E6 02 6A 58 41 14 1F C0 00 5A 0A F2 00 30 03 C8 00 00 4A 45 03 05 FD C2 78 D3 0C 3A 9B 00 0B 10 22 F8 AA AA 
Time:	07:27:37,288
Send:	220001
Receive: 62 00 01 02 8D 00 A4 0E 44 05 00 02 39 00 97 00 00 04 7C 00 BC 80 2A 58 29 73 1D 41 F1 F7 82 FE 00 E6 02 6A 58 40 2E 1F C0 00 5A 0A F3 00 30 03 BA FF F0 4A 45 03 05 FD C0 78 D3 0C 3A 9B 00 0A 2B 1F BE AA AA 
Time:	07:27:37,671
Send:	220001
Receive: 62 00 01 02 8D 00 A4 0E 9C 04 05 02 07 00 97 04 C7 04 26 00 A7 80 B0 58 AD 6F DD 41 F1 F7 82 01 00 E6 02 6A 58 3C A5 1F C0 00 5A 0A F3 00 30 03 3D 00 00 4A 45 03 05 FC C0 78 D3 0C 3A 9B 00 09 7E 1E 57 AA AA 
Time:	07:27:38,059
Send:	220001
Receive: 62 00 01 02 8D 00 A4 0E B2 04 02 03 35 00 F3 08 B8 05 F3 01 00 80 AF 58 A2 6D BD 41 F1 F7 86 25 00 E6 02 32 58 45 7E 1F C0 00 78 0A F3 00 30 03 3D 01 6B 4A 45 03 05 7C C2 78 D3 0C 3A 9B 00 0D 84 28 5D AA AA 
Time:	07:27:38,461
Send:	220001
Receive: 62 00 01 02 8B 00 A4 0E 2E 05 FD 03 6B 00 CE 00 00 07 06 01 09 80 B0 58 AA 6A 7D 41 F1 F7 86 8A 00 E6 02 32 59 5A B9 1F C0 00 78 0A F4 00 30 03 CD 05 E2 4A 45 03 05 7D C2 78 D3 0C 3A 9B 00 0E E4 2C 5A AA AA 
Time:	07:27:38,868
Send:	220001
Receive: 62 00 01 02 8D 00 A4 0F 06 05 02 02 1F 00 8B 00 00 04 F6 00 D7 80 AD 58 7B 67 7D 41 F1 F7 84 66 00 E6 02 C5 59 45 7E 1F C0 00 5A 0A F4 00 30 06 7B FF D0 4A 45 03 05 FD C2 78 D3 0C 3A 9B 00 0A E2 21 4E AA AA 
Time:	07:27:39,249
Send:	220001
Receive: 62 00 01 02 8D 00 A4 10 8A 05 0D 01 C0 00 90 00 00 03 FC 00 C1 80 27 58 24 6B FD 41 F1 F7 83 C5 00 E6 02 C5 59 49 07 1F C0 00 5A 0A F4 00 30 07 BE FF 4D 4A 45 03 05 FD C0 78 D3 0C 3A 9B 00 08 92 1C 0F AA AA 
Time:	07:27:39,651
Send:	220001
Receive: 62 00 01 02 8D 00 A4 12 24 05 20 01 78 00 A4 00 00 03 51 00 B0 80 26 58 23 6E 3D 41 F1 F7 86 70 00 E6 02 C5 58 49 ED 1F C0 00 5A 0A F3 00 30 07 0D FE 97 4A 45 03 05 FD C0 78 D3 0C 3A 9B 00 07 9C 19 CB AA AA 
Time:	07:27:40,049
Send:	220001
Receive: 62 00 01 02 8D 00 A4 12 72 05 0F 01 A7 00 BD 00 00 03 6D 00 B1 80 23 58 20 70 7D 41 F1 F7 85 F0 00 E6 02 0C 58 45 7E 1F C0 00 5A 0A F3 00 30 05 21 FE CD 4A 45 03 05 FD C0 78 D3 0C 3A 9B 00 07 F8 1A AF AA AA 
Time:	07:27:40,450
Send:	220001
Receive: 62 00 01 02 8D 00 A4 11 A8 04 06 01 DC 00 BD 00 00 03 AA 00 B4 80 24 58 21 72 BD 41 F1 F7 85 0E 00 E6 02 0C 58 41 14 1F C0 00 5A 0A F3 00 30 03 55 FF 3B 4A 45 03 05 FD C0 78 D3 0C 3A 9B 00 08 8E 1C 03 AA AA 
Time:	07:27:40,858
Send:	220001
Receive: 62 00 01 02 8D 00 A4 10 E4 04 04 03 45 01 55 0B 38 05 85 01 03 80 27 58 25 75 7D 41 F1 F7 86 06 00 E6 03 A7 58 53 A7 1F C0 00 78 0A F3 00 30 02 A2 00 18 4A 45 03 05 FC C2 78 D3 0C 3A 9B 00 0C BC 26 C5 AA AA 
Time:	07:27:41,273
Send:	220001
Receive: 62 00 01 02 8D 00 A4 16 0C 04 03 02 85 01 0F 00 66 05 6C 01 57 80 B6 58 A9 6F FD 41 F1 F7 89 01 00 E6 03 A7 58 6D 51 1F C0 00 8C 0A F3 00 30 02 A2 00 70 4A 45 03 05 FD C2 78 D3 0C 3A 9B 00 0C 73 22 5C AA AA 
Time:	07:27:41,665
Send:	220001
Receive: 62 00 01 02 8D 00 A4 15 90 05 0C 01 DD 00 C2 00 00 03 FA 00 F0 80 27 58 22 72 DD 41 F1 F7 87 9A 00 E6 03 A7 58 50 1E 1F C0 00 6E 0A F3 00 30 03 0D FF 6D 4A 45 03 05 FD C0 78 D3 0C 3A 9B 00 08 93 19 46 AA AA 
Time:	07:27:42,059
Send:	220001
Receive: 62 00 01 02 8D 00 A4 14 98 04 0E 01 61 00 9A 00 00 02 EC 00 A1 80 27 58 25 75 5D 41 F1 F7 88 B3 00 E6 02 BC 58 40 2E 1F C0 00 5A 0A F3 00 30 02 FD FE 3C 4A 45 03 05 FD C0 78 D3 0C 3A 9B 00 06 83 16 C1 AA AA 
Time:	07:27:42,457
Send:	220001
Receive: 62 00 01 02 8D 00 A4 12 D8 04 15 01 7D 00 9C 00 00 02 E6 00 97 80 26 58 23 77 3D 41 F1 F7 88 38 00 E6 02 BC 58 40 2E 1F C0 00 5A 0A F3 00 30 02 49 FE B7 4A 45 03 05 FD C0 78 D3 0C 3A 9B 00 06 B7 17 AB AA AA 
Time:	07:27:42,867
Send:	220001
Receive: 62 00 01 02 8D 00 A4 11 C4 04 0C 01 B2 00 A6 00 00 03 21 00 99 80 27 58 24 79 1D 41 F1 F7 86 CD 00 E6 01 F6 58 3D 86 1F C0 00 5A 0A F3 00 30 01 13 FF 40 4A 45 03 05 FD C0 78 D3 0C 3A 9B 00 07 5C 19 50 AA AA 
Time:	07:27:43,249
Send:	220001
Receive: 62 00 01 02 8D 00 A4 10 6E 04 05 01 EB 00 D3 0A FF 03 80 00 9C 80 2B 58 2B 7B 1D 41 F1 F7 85 76 00 E6 01 F6 58 3C A5 1F C0 00 64 0A F3 00 30 00 1A FF 33 4A 45 03 05 FC C0 78 D3 0C 3A 9B 00 0A 3E 1F CC AA AA 
Time:	07:27:43,649
Send:	220001
Receive: 62 00 01 02 8D 00 A4 11 80 03 FA 01 E6 00 70 08 4C 04 A3 00 F6 80 B8 58 B7 76 FD 41 F1 F7 85 2C 00 E6 01 F6 59 41 F5 1F C0 00 7D 0A F4 00 30 00 1A 00 00 4A 45 03 05 7C C0 78 D3 0C 3A 9B 00 0A 8D 20 89 AA AA 
Time:	07:27:44,040
Send:	220001
Receive: 62 00 01 02 8D 00 A5 12 7A 04 09 02 02 00 B3 00 66 04 27 00 D2 80 AF 58 9A 73 FD 41 F1 F7 84 04 00 E6 03 95 59 43 BC 1F C0 00 69 0A F4 00 30 00 60 00 00 4A 45 03 05 7D C8 78 D3 0C 3A 9B 00 09 26 1D 56 AA AA 
Time:	07:27:44,429
Send:	220001
Receive: 62 00 01 02 8A 00 A5 10 5C 03 0B 02 05 00 9F 05 66 03 F2 00 AA 80 2A 58 28 77 7D 41 F1 F7 82 C4 00 E6 03 95 59 3D 86 1F C0 00 64 0A F4 00 30 01 C1 FF 65 4A 45 03 05 FC C8 78 D3 0C 3A 9B 00 08 E3 1C BE AA AA 
Time:	07:27:44,829
Send:	220001
Receive: 62 00 01 02 89 00 A5 0E E6 04 06 03 8A 01 21 04 23 06 09 00 FF 80 AA 58 AA 75 9D 41 F1 F7 86 32 00 E6 04 1F 59 42 D6 1F C0 00 7E 0A F4 00 30 01 C1 03 C0 4A 45 03 05 7C C2 78 D3 0C 3A 9B 00 0D F5 29 51 AA AA 
Time:	07:27:45,221
Send:	220001
Receive: 62 00 01 02 8D 00 A5 11 2C 04 03 01 EC 00 81 00 00 04 2E 00 D0 80 BF 58 B7 72 7D 41 F1 F7 83 DA 00 E6 04 1F 59 3F 4D 1F C0 00 5A 0A F4 00 30 02 7A FF 78 4A 45 03 05 7D C0 78 D3 0C 3A 9B 00 09 52 1D BA AA AA 
Time:	07:27:45,627
Send:	220001
Receive: 62 00 01 02 8D 00 A5 11 22 04 13 01 9A 00 81 00 00 03 37 00 98 80 29 58 25 74 7D 41 F1 F7 86 70 00 E6 04 1F 59 3F 4D 1F C0 00 5A 0A F4 00 30 02 AD FF 6D 4A 45 03 05 FD C0 78 D3 0C 3A 9B 00 07 4C 19 36 AA AA 
Time:	07:27:46,017
Send:	220001
Receive: 62 00 01 02 8D 00 A5 10 96 03 29 02 B3 01 39 0C 0A 04 85 00 D3 80 29 58 27 76 7D 41 F1 F7 83 B4 00 E6 01 E4 59 42 D6 1F C0 00 6E 0A F4 00 30 02 8F 00 00 4A 45 03 05 FC C0 78 D3 0C 3A 9B 00 0A B6 20 EF AA AA 
Time:	07:27:46,409
Send:	220001
Receive: 62 00 01 02 8D 00 A5 13 26 03 03 03 7A 01 6B 0E 8A 06 9B 01 7E 80 BA 58 BA 73 7D 41 F1 F7 89 9D 00 E6 01 E4 59 4E 57 1F C0 00 96 0A F4 00 30 02 8F 01 3E 4A 45 03 05 7C C2 78 D3 0C 3A 9B 00 0F 35 29 ED AA AA 
Time:	07:27:46,809
Send:	220001
Receive: 62 00 01 02 8D 00 A5 14 E0 04 03 02 AC 01 1E 0A 61 05 CD 01 52 80 B6 58 A8 6F 5D 41 F1 F7 87 76 00 E6 05 3B 59 4E 57 1F C0 00 96 0A F5 00 30 02 8F 01 94 4A 45 03 05 7C C2 78 D3 0C 3A 9B 00 0D 2B 25 5D AA AA 
Time:	07:27:47,202
Send:	220001
Receive: 62 00 01 02 8D 00 A5 12 C6 04 07 03 4A 01 7F 09 F5 06 1D 01 32 80 27 58 24 72 1D 41 F1 F7 87 0B 00 E6 05 3B 59 56 4F 1F C0 00 95 0A F5 00 30 02 8F 04 24 4A 45 03 05 7C C2 78 D3 0C 3A 9B 00 0E 0F 29 CC AA AA 
Time:	07:27:47,610
Send:	220001
Receive: 62 00 01 02 8D 00 A5 12 D6 05 02 03 55 01 61 0A 61 06 94 01 60 80 63 58 3C 75 FD 41 F1 F7 88 A1 00 E6 05 3B 59 62 B1 1F C0 00 96 0A F4 00 30 02 8F 03 4D 4A 45 03 05 7C C2 78 D3 0C 3A 9B 00 0F 19 2C 15 AA AA 
Time:	07:27:48,011
Send:	220001
Receive: 62 00 01 02 8D 00 A5 12 F2 06 02 03 5A 01 6E 09 23 06 B4 01 61 80 41 58 2D 75 3D 41 F1 F7 88 B3 00 E6 05 55 59 6A A9 1F C0 00 92 0A F4 00 30 02 8F 03 18 4A 45 03 05 7C C2 78 D3 0C 3A 9B 00 0F 63 2C EB AA AA 
Time:	07:27:48,411
Send:	220001
Receive: 62 00 01 02 8D 00 A5 12 B0 07 01 03 6E 01 5F 03 51 06 B2 01 5E 80 8F 58 7C 75 DD 41 F1 F7 88 93 00 E6 05 55 59 6F F9 1F C0 00 82 0A F4 00 30 02 8F 02 3C 4A 45 03 05 7C C2 78 D3 0C 3A 9B 00 0F 3C 2C CA AA AA 
Time:	07:27:48,819
Send:	220001
Receive: 62 00 01 02 8C 00 A5 12 5A 07 07 01 D6 00 9F 03 BD 04 44 00 EC 80 2C 58 26 76 7D 41 F1 F7 85 4B 00 E6 02 F3 58 4E 57 1F C0 00 5A 0A F4 00 30 02 8F FE 7F 4A 45 03 05 FC C0 78 D3 0C 3A 9B 00 09 CA 1E 08 AA AA 
Time:	07:27:49,219
Send:	220001
Receive: 62 00 01 02 8D 00 A5 12 D0 07 19 01 89 00 92 03 51 03 40 00 A9 80 27 58 24 78 FD 41 F1 F7 86 A5 00 E6 02 F3 58 47 45 1F C0 00 5A 0A F3 00 30 02 8F FE BD 4A 45 03 05 FC C0 78 D3 0C 3A 9B 00 07 55 19 2A AA AA 
Time:	07:27:49,612
Send:	220001
Receive: 62 00 01 02 8D 00 A5 12 36 07 17 01 A7 00 AE 03 51 03 3B 00 A5 80 28 58 24 7A FD 41 F1 F7 86 A9 00 E6 02 F3 58 44 9D 1F C0 00 5A 0A F2 00 30 02 8F FE F0 4A 45 03 05 FC C0 78 D3 0C 3A 9B 00 07 88 19 AB AA AA 
Time:	07:27:50,012
Send:	220001
Receive: 62 00 01 02 8D 00 A5 11 CC 07 06 01 D7 00 B0 03 BD 03 6D 00 A9 80 2B 58 28 7D 3D 41 F1 F7 85 F0 00 E6 02 36 58 3F 4D 1F C0 00 5A 0A F1 00 30 02 8F FF 28 4A 45 03 05 FC C0 78 D3 0C 3A 9B 00 07 E3 1A 87 AA AA 
Time:	07:27:50,400
Send:	220001
Receive: 62 00 01 02 8D 00 A5 11 A4 06 0C 01 FC 00 D1 05 D1 03 CE 00 C6 80 A0 58 9F 7B 5D 41 F1 F7 84 EC 00 E6 02 36 58 41 F5 1F C0 00 5A 0A F2 00 30 02 7C 00 00 4A 45 03 01 FC C0 78 D3 0C 3A 9B 00 08 AF 1C 67 AA AA 
Time:	07:27:50,788
Send:	220001
Receive: 62 00 01 02 8C 00 A5 11 AC 07 0F 02 36 00 D1 05 D1 04 1A 00 C4 80 AF 58 9F 78 DD 41 F1 F7 83 0F 00 E6 02 9A 58 48 26 1F C0 00 5A 0A F2 00 30 02 7C 00 00 4A 45 03 01 FC C0 78 D3 0C 3A 9B 00 09 80 1E 1B AA AA 
Time:	07:27:51,179
Send:	220001
Receive: 62 00 01 02 8D 00 A5 12 64 07 0B 02 01 00 CE 05 66 04 0D 00 CE 80 AF 58 A5 76 1D 41 F1 F7 84 33 00 E6 02 9A 58 49 07 1F C0 00 5A 0A F3 00 30 02 7C 00 00 4A 45 03 01 FC C0 78 D3 0C 3A 9B 00 09 4D 1D BF AA AA 
Time:	07:27:51,589
Send:	220001
Receive: 62 00 01 02 8D 00 A5 12 D2 07 0B 01 FA 00 D1 05 66 04 01 00 D6 80 29 58 26 79 7D 41 F1 F7 85 01 00 E6 02 9A 58 4B AF 1F C0 00 5A 0A F3 00 30 02 7C 00 00 4A 45 03 01 FC C0 78 D3 0C 3A 9B 00 09 2C 1D 41 AA AA 
Time:	07:27:51,989
Send:	220001
Receive: 62 00 01 02 8D 00 A5 12 A4 07 08 02 05 00 C9 00 66 03 F3 00 CF 80 2B 58 29 7C 3D 41 F1 F7 84 DA 00 E6 02 EE 58 45 7E 1F C0 00 5A 0A F3 00 30 02 7C 01 3B 4A 45 03 01 FD C0 78 D3 0C 3A 9B 00 08 F9 1D 1A AA AA 
Time:	07:27:52,378
Send:	220001

Fixed toLineMF: 03E 62 00 01 02 8D 00 00 B0 02 0F 03 C2 00 C3 80 46 58 34 7E BD 41 F1 F7 85 1F 00 E6 02 EE 59 41 F5 1F C0 00 5A 0A F4 00 30 02 7C FF C0 4A 45 03 01 FD C0 78 D3 0C 3A 9B 00 08 97 1C 33 AA AA 
Receive: 62 00 01 02 8D 00 00 B0 02 0F 03 C2 00 C3 80 46 58 34 7E BD 41 F1 F7 85 1F 00 E6 02 EE 59 41 F5 1F C0 00 5A 0A F4 00 30 02 7C FF C0 4A 45 03 01 FD C0 78 D3 0C 3A 9B 00 08 97 1C 33 AA AA 

Fixed toLineMF: 03E 62 00 01 02 8D 00 00 B0 02 0F 03 C2 00 C3 80 46 58 34 7E BD 41 F1 F7 85 1F 00 E6 02 EE 59 41 F5 1F C0 00 5A 0A F4 00 30 02 7C FF C0 4A 45 03 01 FD C0 78 D3 0C 3A 9B 00 08 97 1C 33 AA AA 
Time:	07:27:52,764
Send:	220001
Receive: 62 00 01 02 8D 00 A5 12 44 07 04 01 D1 00 AB 02 0F 03 85 00 B2 80 AA 58 A5 7A 7D 41 F1 F7 85 AB 00 E6 02 EE 59 3F 4D 1F C0 00 5A 0A F4 00 30 02 7C FF E0 4A 45 03 01 FD C0 78 D3 0C 3A 9B 00 07 F8 1A B7 AA AA 
Time:	07:27:53,151
Send:	220001
Receive: 62 00 01 02 8D 00 A5 12 42 06 15 01 D0 00 C9 03 F0 03 93 00 B9 80 A1 58 37 78 1D 41 F1 F7 85 95 00 E6 02 8F 59 49 07 1F C0 00 5A 0A F4 00 30 02 7C 00 00 4A 45 03 01 FC C0 78 D3 0C 3A 9B 00 08 4E 1B 84 AA AA 
Time:	07:27:53,532
Send:	220001
Receive: 62 00 01 02 8D 00 A5 12 00 06 0F 02 0A 00 CC 02 0F 03 E4 00 CA 80 2C 58 2A 7C DD 41 F1 F7 84 D6 00 E6 02 8F 59 48 26 1F C0 00 5A 0A F4 00 30 02 7C 01 5E 4A 45 03 01 FD C0 78 D3 0C 3A 9B 00 08 F3 1D 09 AA AA 
Time:	07:27:53,910
Send:	220001
Receive: 62 00 01 02 8C 00 A5 11 8C 07 05 02 27 00 C2 02 0F 04 11 00 C9 80 A8 58 A4 79 3D 41 F1 F7 83 BC 00 E6 02 D8 59 43 BC 1F C0 00 5A 0A F5 00 30 02 7D 01 84 4A 45 03 01 FD C0 78 D3 0C 3A 9B 00 09 39 1D 8C AA AA 
Time:	07:27:54,309
Send:	220001
Receive: 62 00 01 02 8D 00 A5 12 00 07 04 01 EC 00 BF 00 00 03 D5 00 C3 80 AF 58 A6 76 9D 41 F1 F7 84 B4 00 E6 02 D8 59 44 9D 1F C0 00 5A 0A F6 00 30 02 7D 01 61 4A 45 03 01 FD C0 78 D3 0C 3A 9B 00 08 C1 1C 8E AA AA 
Time:	07:27:54,708
Send:	220001
Receive: 62 00 01 02 8D 00 A5 11 86 06 04 02 09 00 BF 00 00 03 DC 00 BD 80 29 58 26 7A 3D 41 F1 F7 84 55 00 E6 02 D8 59 43 BC 1F C0 00 5A 0A F6 00 30 02 7D 01 84 4A 45 03 01 FD C0 78 D3 0C 3A 9B 00 08 E7 1C D9 AA AA 
Time:	07:27:55,099
Send:	220001
Receive: 62 00 01 02 8D 00 A5 10 DE 06 04 02 2D 00 BA 00 00 04 11 00 C0 80 9F 58 9F 78 BD 41 F1 F7 83 13 00 E6 02 B3 59 42 D6 1F C0 00 5A 0A F6 00 30 02 7D 01 B4 4A 45 03 01 FD C0 78 D3 0C 3A 9B 00 09 55 1D BF AA AA 
Time:	07:27:55,498
Send:	220001
Receive: 62 00 01 02 8D 00 A5 10 B8 06 04 01 F4 00 9F 04 23 03 D1 00 B0 80 BD 58 B5 76 3D 41 F1 F7 83 FC 00 E6 02 B3 59 3F 4D 1F C0 00 5A 0A F7 00 30 02 7D 00 C0 4A 45 03 01 FC C0 78 D3 0C 3A 9B 00 08 A0 1C 2C AA AA 
Time:	07:27:55,882
Send:	220001
Receive: 62 00 01 02 8C 00 A5 10 0A 06 07 01 DD 00 9F 03 BD 03 B5 00 A0 80 C0 58 B1 73 FD 41 F1 F7 84 37 00 E6 02 48 59 3B C4 1F C0 00 5A 0A F7 00 30 02 7D 01 61 4A 45 03 01 FC C0 78 D3 0C 3A 9B 00 08 84 1B F6 AA AA 
Time:	07:27:56,269
Send:	220001
Receive: 62 00 01 02 8D 00 A5 0F DE 06 0A 02 07 00 86 08 B8 03 EE 00 B6 80 BA 58 A9 72 3D 41 F1 F7 83 70 00 E6 02 48 59 42 D6 1F C0 00 5A 0A F7 00 30 02 7D 00 00 4A 45 03 01 FC C0 78 D3 0C 3A 9B 00 08 93 1C 10 AA AA 
Time:	07:27:56,659
Send:	220001
Receive: 62 00 01 02 8C 00 A5 10 20 06 03 02 2E 00 D8 0A FF 04 50 00 BF 80 B8 58 A6 6F DD 41 F1 F7 82 9A 00 E6 02 48 59 49 ED 1F C0 00 5A 0A F7 00 30 02 7D 00 00 4A 45 03 01 FC C0 78 D3 0C 3A 9B 00 0A 6E 20 8B AA AA 
Time:	07:27:57,050
Send:	220001
Receive: 62 00 01 02 8D 00 A5 0F 8E 06 04 02 69 00 CC 10 33 04 E6 00 DD 80 B4 58 A6 6C FD 41 F1 F7 84 66 00 E6 02 AE 59 4D 76 1F C0 00 5A 0A F8 00 30 02 7D 00 00 4A 45 03 01 FC C0 78 D3 0C 3A 9B 00 0B 2C 22 1D AA AA 
Time:	07:27:57,439
Send:	220001

Fixed toLineMF: 03E 62 00 01 02 8C 00 A5 0F CE 06 0A 02 57 CA 80 AB 58 87 6A 1D 41 F1 F7 84 1E 00 E6 02 AE 59 4B AF 1F C0 00 5A 0A F8 00 30 02 7D 00 00 4A 45 03 01 FC C0 78 D3 0C 3A 9B 00 0B 5F 22 F6 AA AA 
Receive: 62 00 01 02 8C 00 A5 0F CE 06 0A 02 57 CA 80 AB 58 87 6A 1D 41 F1 F7 84 1E 00 E6 02 AE 59 4B AF 1F C0 00 5A 0A F8 00 30 02 7D 00 00 4A 45 03 01 FC C0 78 D3 0C 3A 9B 00 0B 5F 22 F6 AA AA 

Fixed toLineMF: 03E 62 00 01 02 8C 00 A5 0F CE 06 0A 02 57 CA 80 AB 58 87 6A 1D 41 F1 F7 84 1E 00 E6 02 AE 59 4B AF 1F C0 00 5A 0A F8 00 30 02 7D 00 00 4A 45 03 01 FC C0 78 D3 0C 3A 9B 00 0B 5F 22 F6 AA AA 
Time:	07:27:57,834
Send:	220001

Fixed toLineMF: 03E 62 00 01 02 8D 00 A5 10 76 06 12 02 5F 00 FE 18 19 04 EC 00 E6 80 2B 58 27 6D 1D 41 F1 F7 84 A7 00 E6 03 14 59 57 30 1F C0 00 5A 0A F9 00 30 02 7D 00 00 4A 45 03 01 00 0B EC 24 27 AA AA 
Receive: 62 00 01 02 8D 00 A5 10 76 06 12 02 5F 00 FE 18 19 04 EC 00 E6 80 2B 58 27 6D 1D 41 F1 F7 84 A7 00 E6 03 14 59 57 30 1F C0 00 5A 0A F9 00 30 02 7D 00 00 4A 45 03 01 00 0B EC 24 27 AA AA 

Fixed toLineMF: 03E 62 00 01 02 8D 00 A5 10 76 06 12 02 5F 00 FE 18 19 04 EC 00 E6 80 2B 58 27 6D 1D 41 F1 F7 84 A7 00 E6 03 14 59 57 30 1F C0 00 5A 0A F9 00 30 02 7D 00 00 4A 45 03 01 00 0B EC 24 27 AA AA 
Time:	07:27:58,234
Send:	220001
Receive: 62 00 01 02 8D 00 A5 11 58 06 08 02 65 00 DB 18 F0 05 3B 01 13 80 53 58 64 70 7D 41 F1 F7 85 B3 00 E6 03 14 59 61 D0 1F C0 00 5A 0A F9 00 30 02 7D FE 87 4A 45 03 01 FC C2 78 D3 0C 3A 9B 00 0B 97 23 B8 AA AA 
Time:	07:27:58,632
Send:	220001
Receive: 62 00 01 02 8C 00 A5 11 14 07 06 02 57 00 D1 11 DC 04 E8 00 F3 80 26 58 23 6E BD 41 F1 F7 84 F9 00 E6 03 14 59 51 E0 1F C0 00 5A 0A F9 00 30 02 7D FE D4 4A 45 03 01 FC C2 78 D3 0C 3A 9B 00 0A D0 21 5A AA AA 
Time:	07:27:59,032
Send:	220001
Receive: 62 00 01 02 8B 00 A5 11 F6 07 04 01 C8 00 9C 00 00 03 DE 00 B2 80 27 58 24 71 9D 41 F1 F7 83 B4 00 E6 03 33 59 3C A5 1F C0 00 5A 0A F9 00 30 02 96 FF 7D 4A 45 03 05 FD C8 78 D3 0C 3A 9B 00 08 B8 1C 61 AA AA 
Time:	07:27:59,420
Send:	220001
Receive: 62 00 01 02 85 00 A5 0F B4 06 08 01 FE 00 A4 00 00 04 01 00 AF 80 26 58 23 73 FD 41 F1 F7 82 71 00 E6 03 33 59 3F 4D 1F C0 00 5A 0A F8 00 30 03 97 FF CB 4A 45 03 05 FD C8 78 D3 0C 3A 9B 00 09 28 1D 63 AA AA 
Time:	07:27:59,819
Send:	220001
Receive: 62 00 01 02 8A 00 A5 0F 7E 06 06 02 0A 00 A4 00 00 04 0D 00 B2 80 2E 58 2B 76 5D 41 F1 F7 82 32 00 E6 02 58 59 3F 4D 1F C0 00 5A 0A F8 00 30 03 E2 FF CB 4A 45 03 05 FD C0 78 D3 0C 3A 9B 00 09 4D 1D A7 AA AA 
Time:	07:28:00,218
Send:	220001
Receive: 62 00 01 02 8D 00 A6 0F 86 06 08 02 98 01 0A 0E 1E 04 C0 00 C4 80 AE 58 AC 72 9D 41 F1 F7 83 DA 00 E6 02 58 59 41 14 1F C0 00 5A 0A F8 00 30 03 C4 00 00 4A 45 03 05 7C C2 78 D3 0C 3A 9B 00 0B 0D 21 D3 AA AA 
Time:	07:28:00,609
Send:	220001
Receive: 62 00 01 02 8D 00 A6 11 20 05 0B 02 15 00 9F 00 00 04 82 00 DC 80 BB 58 B3 6F 9D 41 F1 F7 84 1E 00 E6 02 58 59 45 7E 1F C0 00 5A 0A F8 00 30 03 C4 00 00 4A 45 03 05 7D C0 78 D3 0C 3A 9B 00 0A 61 20 1B AA AA 
Time:	07:28:01,002
Send:	220001
Receive: 62 00 01 02 81 00 A6 0D 88 06 FA 02 75 00 FB 00 00 04 BF 00 9A 80 55 58 2A 6D 5D 41 F1 F7 83 C5 00 E6 01 EB 59 3B C4 1F C0 00 5A 0A F8 00 30 05 99 01 7F 4A 45 03 05 FD C2 78 D3 0C 3A 9B 00 0A CC 24 FE AA AA 
Time:	07:28:01,397
Send:	220001
Receive: 62 00 01 02 82 00 A6 0D 30 05 EF 02 A3 00 A6 00 00 05 20 00 C8 80 22 58 1F 72 BD 41 F1 F7 84 E7 00 E6 01 EB 5A 48 26 1F C0 00 5A 0A F9 00 30 07 F5 00 00 4A 45 03 05 FD C2 78 D3 0C 3A 9B 00 0B AF 25 E9 AA AA 
Time:	07:28:01,789
Send:	220001
Receive: 62 00 01 02 8A 00 A6 0F 7E 05 FF 02 5C 00 C2 09 57 04 B7 00 D5 80 2A 58 2A 75 9D 41 F1 F7 83 E2 00 E6 02 F7 5A 49 ED 1F C0 00 5A 0A F9 00 30 07 E2 FF 25 4A 45 03 05 FC C0 78 D3 0C 3A 9B 00 0A 9D 20 B8 AA AA 
Time:	07:28:02,190
Send:	220001
Receive: 62 00 01 02 8D 00 A6 13 3E 05 17 02 3D 00 DB 0E 1E 04 C1 01 18 80 B5 58 B3 71 9D 41 F1 F7 86 D1 00 E6 02 F7 5A 62 B1 1F C0 00 5A 0A F9 00 30 07 E2 00 00 4A 45 03 05 FC C0 78 D3 0C 3A 9B 00 0A A8 1E C0 AA AA 
Time:	07:28:02,599
Send:	220001
Receive: 62 00 01 02 8B 00 A6 14 90 05 19 01 90 00 D8 00 00 03 4D 00 A8 80 4D 58 27 6E FD 41 F1 F7 86 67 00 E6 02 F7 5A 45 7E 1F C0 00 5A 0A F9 00 30 07 E2 FE D2 4A 45 03 05 FD C8 78 D3 0C 3A 9B 00 07 59 19 4A AA AA 
Time:	07:28:02,994
Send:	220001
Receive: 62 00 01 02 8B 00 A6 12 B0 05 0C 01 D4 00 CE 00 00 03 BA 00 C3 80 25 58 20 74 3D 41 F1 F7 85 42 00 E6 02 36 59 49 ED 1F C0 00 5A 0A F9 00 30 07 DA FE B9 4A 45 03 05 FD C8 78 D3 0C 3A 9B 00 08 98 1C 47 AA AA 
Time:	07:28:03,379
Send:	220001
Receive: 62 00 01 02 8D 00 A6 12 82 04 07 01 F0 00 CE 00 00 03 DD 00 C8 80 25 58 22 76 BD 41 F1 F7 84 E3 00 E6 02 36 59 47 45 1F C0 00 5A 0A F9 00 30 06 70 FE CC 4A 45 03 05 FD C0 78 D3 0C 3A 9B 00 08 CC 1C BC AA AA 
Time:	07:28:03,772
Send:	220001
Receive: 62 00 01 02 8D 00 A6 11 B8 04 0B 02 53 01 0C 05 99 04 3A 00 CE 80 27 58 25 79 5D 41 F1 F7 83 96 00 E6 02 B3 59 49 07 1F C0 00 6E 0A F9 00 30 05 79 00 00 4A 45 03 05 FC C0 78 D3 0C 3A 9B 00 09 67 1D F9 AA AA 
Time:	07:28:04,167
Send:	220001
Receive: 62 00 01 02 8D 00 A6 12 BE 04 04 02 C9 01 3C 05 D1 05 44 01 1C 80 AF 58 AF 77 5D 41 F1 F7 85 CD 00 E6 02 B3 59 5D 61 1F C0 00 89 0A F9 00 30 05 79 01 7F 4A 45 03 05 FC C0 78 D3 0C 3A 9B 00 0C 05 24 66 AA AA 
Time:	07:28:04,569
Send:	220001
Receive: 62 00 01 02 8D 00 A6 13 38 04 05 02 31 00 C4 00 00 04 D5 01 05 80 A8 58 97 73 DD 41 F1 F7 85 83 00 E6 02 B3 5A 55 6E 1F C0 00 73 0A F9 00 30 05 8F 00 00 4A 45 03 05 FD C8 78 D3 0C 3A 9B 00 0B 5C 22 70 AA AA 
Time:	07:28:04,961
Send:	220001
Receive: 62 00 01 02 8B 00 A6 12 02 04 FD 02 27 00 BD 00 00 04 58 00 D9 80 29 58 25 76 FD 41 F1 F7 84 1E 00 E6 03 33 5A 48 26 1F C0 00 5A 0A F9 00 30 06 73 FF 6D 4A 45 03 05 FD C8 78 D3 0C 3A 9B 00 09 9E 1E 6C AA AA 
Time:	07:28:05,350
Send:	220001
Receive: 62 00 01 02 8D 00 A6 11 DA 04 05 01 F4 00 BA 00 00 03 E7 00 C4 80 2C 58 2B 79 BD 41 F1 F7 84 7C 00 E6 03 33 59 48 26 1F C0 00 5A 0A F9 00 30 06 E1 FE FF 4A 45 03 05 FD C0 78 D3 0C 3A 9B 00 08 BD 1C 99 AA AA 
Time:	07:28:05,744
Send:	220001
Receive: 62 00 01 02 8D 00 A6 12 3C 04 08 01 E1 00 B8 00 00 03 AA 00 BC 80 2B 58 28 7C 3D 41 F1 F7 85 53 00 E6 03 33 59 46 5F 1F C0 00 5A 0A F9 00 30 05 B2 FE D4 4A 45 03 05 FD C0 78 D3 0C 3A 9B 00 08 55 1B 9E AA AA 
Time:	07:28:06,135
Send:	220001
Receive: 62 00 01 02 8D 00 A6 11 DE 04 0C 03 05 01 3E 07 42 04 FE 00 FD 80 2F 58 2B 7E BD 41 F1 F7 85 42 00 E6 02 8F 59 55 6E 1F C0 00 78 0A F9 00 30 05 39 00 00 4A 45 03 05 7C C0 78 D3 0C 3A 9B 00 0B 60 23 29 AA AA 
Time:	07:28:06,528
Send:	220001

Fixed toLineMF: 03E 62 00 01 02 8D 00 01 52 07 7A 05 8F 01 1E 80 B7 58 B2 7A 5D 41 F1 F7 86 21 00 E6 02 8F 59 61 D0 1F C0 00 8D 0A F9 00 30 05 39 02 9E 4A 45 03 05 FC C2 78 D3 0C 3A 9B 00 0C E3 27 35 AA AA 
Receive: 62 00 01 02 8D 00 01 52 07 7A 05 8F 01 1E 80 B7 58 B2 7A 5D 41 F1 F7 86 21 00 E6 02 8F 59 61 D0 1F C0 00 8D 0A F9 00 30 05 39 02 9E 4A 45 03 05 FC C2 78 D3 0C 3A 9B 00 0C E3 27 35 AA AA 

Fixed toLineMF: 03E 62 00 01 02 8D 00 01 52 07 7A 05 8F 01 1E 80 B7 58 B2 7A 5D 41 F1 F7 86 21 00 E6 02 8F 59 61 D0 1F C0 00 8D 0A F9 00 30 05 39 02 9E 4A 45 03 05 FC C2 78 D3 0C 3A 9B 00 0C E3 27 35 AA AA 
Time:	07:28:06,902
Send:	220001
Receive: 62 00 01 02 8C 00 A6 11 F8 05 09 02 87 00 CC 00 00 04 EC 00 E7 80 B4 58 A7 76 BD 41 F1 F7 84 AF 00 E6 04 44 59 4F 38 1F C0 00 6D 0A F9 00 30 06 12 00 00 4A 45 03 05 FD C0 78 D3 0C 3A 9B 00 0B 3D 22 72 AA AA 
Time:	07:28:07,301
Send:	220001
Receive: 62 00 01 02 84 00 A6 0F 0E 05 09 02 64 00 B3 00 00 04 C6 00 BE 80 A9 58 9C 73 FD 41 F1 F7 83 DA 00 E6 04 44 59 4D 76 1F C0 00 5A 0A F9 00 30 07 5F 00 00 4A 45 03 05 FD C0 78 D3 0C 3A 9B 00 0B 0B 22 AA AA AA 
Time:	07:28:07,719
Send:	220001
Receive: 62 00 01 02 8A 00 A6 0F 40 06 0A 02 2C 00 A9 00 00 04 84 00 BA 80 AE 58 A6 71 3D 41 F1 F7 83 13 00 E6 04 44 59 4B AF 1F C0 00 5A 0A F9 00 30 08 A0 FF F3 4A 45 03 05 FD C0 78 D3 0C 3A 9B 00 0A 50 20 67 AA AA 
Time:	07:28:08,110
Send:	220001

Fixed toLineMF: 030 62 00 01 02 8D 00 A6 0F 52 05 0F 02 10 00 A9 00 00 04 65 00 BA 80 B7 58 A8 6E 7D 02 79 59 49 ED 1F C0 31 FF E0 4A 45 03 05 00 0A 03 1F 85 AA AA 
Receive: 62 00 01 02 8D 00 A6 0F 52 05 0F 02 10 00 A9 00 00 04 65 00 BA 80 B7 58 A8 6E 7D 02 79 59 49 ED 1F C0 31 FF E0 4A 45 03 05 00 0A 03 1F 85 AA AA 

Fixed toLineMF: 030 62 00 01 02 8D 00 A6 0F 52 05 0F 02 10 00 A9 00 00 04 65 00 BA 80 B7 58 A8 6E 7D 02 79 59 49 ED 1F C0 31 FF E0 4A 45 03 05 00 0A 03 1F 85 AA AA 
Time:	07:28:08,495
Send:	220001
Receive: 62 00 01 02 8D 00 A6 0F 2A 05 0D 02 0A 00 A9 00 00 04 62 00 BB 80 AB 58 9A 6B FD 41 F1 F7 82 AF 00 E6 02 79 5A 49 07 1F C0 00 5A 0A F9 00 30 09 64 FF DB 4A 45 03 05 FD C0 78 D3 0C 3A 9B 00 0A 03 1F 5F AA AA 
Time:	07:28:08,879
Send:	220001
Receive: 62 00 01 02 8D 00 A6 0E DE 05 0C 02 23 00 AB 00 00 04 70 00 BA 80 2C 58 29 6E 5D 41 F1 F7 82 D9 00 E6 02 32 5A 47 45 1F C0 00 5A 0A F9 00 30 09 6A FF E8 4A 45 03 05 FD C0 78 D3 0C 3A 9B 00 0A 26 1F CC AA AA 
Time:	07:28:09,262
Send:	220001
Receive: 62 00 01 02 8D 00 A6 0E 9A 05 0E 02 34 00 B0 00 00 04 7F 00 B9 80 2E 58 2C 70 3D 41 F1 F7 83 07 00 E6 02 32 5A 46 5F 1F C0 00 5A 0A F9 00 30 09 6A FF FB 4A 45 03 05 FD C0 78 D3 0C 3A 9B 00 0A 65 20 5B AA AA 
Time:	07:28:09,649
Send:	220001
Receive: 62 00 01 02 8B 00 A6 0F 74 05 05 02 13 00 B0 00 00 04 73 00 C3 80 A5 58 92 6C 5D 41 F1 F7 82 E1 00 E6 02 32 5A 44 9D 1F C0 00 5A 0A FA 00 30 08 BF FF CE 4A 45 03 07 FD E0 78 D3 0C 3A 9B 00 0A 24 1F A3 AA AA 
Time:	07:28:10,047
Send:	220001
Receive: 62 00 01 02 8C 00 A6 0F 7E 04 04 02 2B 00 C9 00 00 04 92 00 C8 80 3C 58 2B 6E 1D 41 F1 F7 83 3D 00 E6 02 58 5A 43 BC 1F C0 00 5A 0A FA 00 30 07 FB FF CB 4A 45 03 07 FD E0 78 D3 0C 3A 9B 00 0A 6B 20 61 AA AA 
Time:	07:28:10,439
Send:	220001
Receive: 62 00 01 02 8C 00 A7 0F 26 02 00 02 57 00 C7 00 00 04 B2 00 C4 80 2B 58 2A 70 DD 41 F1 F7 83 9A 00 E6 02 58 5A 41 F5 1F C0 00 5A 0A FA 00 30 07 55 FF E8 4A 45 03 07 FD E0 78 D3 0C 3A 9B 00 0A D6 21 9D AA AA 
Time:	07:28:10,849
Send:	220001
Receive: 62 00 01 02 8A 00 A7 0F 88 00 FF 02 52 00 BF 00 00 04 B7 00 CF 80 4D 58 6F 73 9D 41 F1 F7 83 AB 00 E6 02 DD 5A 41 14 1F C0 00 5A 0A FB 00 30 06 8C FF C8 4A 45 03 07 FD E0 78 D3 0C 3A 9B 00 0A C1 21 1F AA AA 
Time:	07:28:11,242
Send:	220001
Receive: 62 00 01 02 8A 00 A7 0F 36 00 FE 02 47 00 BD 00 00 04 AB 00 C4 80 A7 58 A0 6E DD 41 F1 F7 83 85 00 E6 02 DD 5A 3F 4D 1F C0 00 5A 0A FB 00 30 05 CE FF E6 4A 45 03 05 FD C0 78 D3 0C 3A 9B 00 0A A6 21 2A AA AA 
Time:	07:28:11,639
Send:	220001
Receive: 62 00 01 02 8A 00 A7 0F 46 00 00 03 B7 01 95 18 85 06 8E 01 2A 80 45 58 2C 6C 3D 41 F1 F7 86 C0 00 E6 02 DD 5A 49 07 1F C0 00 78 0A FB 00 30 05 95 00 DB 4A 45 03 05 7C C2 78 D3 0C 3A 9B 00 0F 34 2C 67 AA AA 
Time:	07:28:12,037
Send:	220001
Receive: 62 00 01 02 8B 00 A7 14 B2 00 01 04 2A 02 0B 17 7A 08 39 02 0D 80 B5 58 B0 6B 5D 41 F1 F7 8D FE 00 E6 05 36 5A 5E 47 1F C0 00 96 0A FC 00 30 05 96 00 E4 4A 45 03 05 7C C2 78 D3 0C 3A 9B 00 12 5D 2F 76 AA AA 
Time:	07:28:12,432
Send:	220001
Receive: 62 00 01 02 8A 00 A7 17 5C 01 06 03 0C 01 7D 12 14 06 7B 01 A5 80 27 58 23 6D 5D 41 F1 F7 8A 0C 00 E6 05 36 5A 4E 57 1F C0 00 96 0A FC 00 30 05 96 00 00 4A 45 03 05 7C C2 78 D3 0C 3A 9B 00 0E C1 27 C2 AA AA 
Time:	07:28:12,829
Send:	220001
Receive: 62 00 01 02 8A 00 A7 15 5E 02 06 02 EB 01 4D 08 85 06 31 01 6D 80 28 58 25 71 5D 41 F1 F7 88 AA 00 E6 05 3B 5A 52 C6 1F C0 00 90 0A FB 00 30 05 95 01 7C 4A 45 03 05 7C C2 78 D3 0C 3A 9B 00 0D EF 27 86 AA AA 
Time:	07:28:13,221
Send:	220001
Receive: 62 00 01 02 8A 00 A7 14 C6 02 0E 01 D1 00 BD 00 00 04 15 00 F3 80 28 58 24 74 DD 41 F1 F7 86 CD 00 E6 05 3B 5A 4D 76 1F C0 00 68 0A FA 00 30 06 0B FE B9 4A 45 03 05 FD C0 78 D3 0C 3A 9B 00 09 3C 1B B3 AA AA 
Time:	07:28:13,617
Send:	220001
Receive: 62 00 01 02 8A 00 A7 14 4A 02 10 01 7C 00 A1 00 00 03 32 00 B0 80 26 58 23 77 5D 41 F1 F7 87 2A 00 E6 05 3B 59 4B AF 1F C0 00 5A 0A F9 00 30 05 DA FE 41 4A 45 03 05 FD C0 78 D3 0C 3A 9B 00 07 47 18 65 AA AA 
Time:	07:28:14,023
Send:	220001
Receive: 62 00 01 02 8A 00 A7 13 02 01 1A 01 89 00 A1 04 23 03 14 00 A0 80 26 58 22 79 7D 41 F1 F7 87 64 00 E6 02 39 59 49 ED 1F C0 00 64 0A F8 00 30 04 F0 FE BA 4A 45 03 05 FC C0 78 D3 0C 3A 9B 00 07 19 18 B0 AA AA 
Time:	07:28:14,421
Send:	220001
Receive: 62 00 01 02 8A 00 A7 12 92 01 26 02 50 01 28 04 FA 04 2C 00 DA 80 27 58 24 7B BD 41 F1 F7 84 89 00 E6 02 39 59 49 07 1F C0 00 85 0A F8 00 30 04 F0 01 0B 4A 45 03 05 FC C0 78 D3 0C 3A 9B 00 0A 3B 1F CA AA AA 
Time:	07:28:14,819
Send:	220001
Receive: 62 00 01 02 8A 00 A7 12 AA 01 0A 02 42 00 D1 01 A8 04 82 00 E9 80 A0 58 A3 7A DD 41 F1 F7 84 C9 00 E6 03 BB 59 47 45 1F C0 00 6C 0A F8 00 30 05 06 00 00 4A 45 03 05 7D C0 78 D3 0C 3A 9B 00 0A 1E 1F 90 AA AA 
Time:	07:28:15,220
Send:	220001
Receive: NO DATA
Time:	07:28:15,498
Send:	220001
Receive: NO DATA
Time:	07:28:15,777
Send:	220001
Receive: NO DATA
Time:	07:28:16,070
Send:	220001
Receive: NO DATA
Time:	07:28:16,363
Send:	220001
Receive: NO DATA
Time:	07:28:16,639
Send:	220001
Receive: NO DATA
Time:	07:28:16,918
Send:	220001
Receive: NO DATA
Time:	07:28:17,198
Send:	220001
Receive: NO DATA
Time:	07:28:17,476
Send:	220001
Receive: 62 00 01 02 8A 00 A7 0E A0 02 02 02 70 00 C7 00 00 04 D7 00 C3 80 2A 58 28 71 FD 41 F1 F7 84 09 00 E6 02 C5 5A 3E 6C 1F C0 00 5A 0A FA 00 30 07 68 00 00 4A 45 03 05 7D C2 78 D3 0C 3A 9B 00 0B 1D 23 18 AA AA 
Time:	07:28:17,870
Send:	220001
Receive: 62 00 01 02 8A 00 A7 0E 48 02 02 02 82 00 C7 00 00 04 F1 00 C4 80 32 58 2D 73 FD 41 F1 F7 84 5A 00 E6 02 B5 5A 3D 86 1F C0 00 5A 0A FB 00 30 07 68 00 00 4A 45 03 05 7D C2 78 D3 0C 3A 9B 00 0B 52 24 56 AA AA 
Time:	07:28:18,246
Send:	220001
Receive: 62 00 01 02 8A 00 A7 0D C0 02 04 02 7F 00 C7 00 00 05 04 00 C1 80 8A 58 31 72 FD 41 F1 F7 84 91 00 E6 02 B5 5A 3C A5 1F C0 00 5A 0A FB 00 30 07 8E 00 00 4A 45 03 05 7D C2 78 D3 0C 3A 9B 00 0B 8E 25 4D AA AA 
Time:	07:28:18,647
Send:	220001
Receive: 62 00 01 02 8A 00 A7 0D D6 02 02 02 89 00 C7 00 00 05 0F 00 C3 80 2B 58 28 74 7D 41 F1 F7 84 B4 00 E6 02 B5 5A 3B C4 1F C0 00 5A 0A FC 00 30 07 A4 00 00 4A 45 03 05 7D C2 78 D3 0C 3A 9B 00 0B 8E 25 7B AA AA 
Time:	07:28:19,029
Send:	220001
Receive: 62 00 01 02 8A 00 A7 0E 34 02 FB 02 A7 00 C4 00 00 05 1D 00 D5 80 2B 58 28 77 5D 41 F1 F7 84 DA 00 E6 02 A1 5A 39 FD 1F C0 00 5A 0A FC 00 30 07 A6 FF F3 4A 45 03 05 7D C2 78 D3 0C 3A 9B 00 0B BD 24 88 AA AA 
Time:	07:28:19,417
Send:	220001
Receive: 62 00 01 02 8A 00 A7 0F 08 01 FD 02 74 00 BF 00 00 04 E7 00 D1 80 AA 58 AA 74 FD 41 F1 F7 84 3C 00 E6 02 A1 5A 37 55 1F C0 00 5A 0A FC 00 30 07 0E FF DB 4A 45 03 07 7D E2 78 D3 0C 3A 9B 00 0B 21 22 49 AA AA 
Time:	07:28:19,810
Send:	220001
Receive: 62 00 01 02 8C 00 A7 0F 4E 00 FE 02 3F 00 B3 00 00 04 A0 00 C3 80 B6 58 AB 72 3D 41 F1 F7 83 68 00 E6 02 C5 5A 35 93 1F C0 00 5A 0A FC 00 30 06 3C FF E0 4A 45 03 07 7D E0 78 D3 0C 3A 9B 00 0A 6F 20 C8 AA AA 
Time:	07:28:20,202
Send:	220001
Receive: 62 00 01 02 8D 00 A7 0E F4 00 FF 02 28 00 B0 00 00 04 82 00 BE 80 AE 58 A1 6F 7D 41 F1 F7 83 0F 00 E6 02 C5 5A 34 AD 1F C0 00 5A 0A FC 00 30 05 B1 FF EB 4A 45 03 07 7D E0 78 D3 0C 3A 9B 00 0A 51 20 57 AA AA 
Time:	07:28:20,590
Send:	220001
Receive: 62 00 01 02 8C 00 A8 0E 74 00 05 02 1A 00 AE 00 00 04 6E 00 AE 80 95 58 2F 6C FD 41 F1 F7 82 D0 00 E6 02 C5 5A 32 EB 1F C0 00 5A 0A FC 00 30 05 5B 00 00 4A 45 03 07 7D E0 78 D3 0C 3A 9B 00 0A 35 20 88 AA AA 
Time:	07:28:20,988
Send:	220001
Receive: 62 00 01 02 8C 00 A8 0E 78 00 04 02 24 00 9C 00 00 04 5F 00 B3 80 2B 58 29 72 1D 41 F1 F7 82 AB 00 E6 02 65 5A 32 0A 1F C0 00 50 0A FD 00 30 05 36 FF FB 4A 45 03 03 7D E0 78 D3 0C 3A 9B 00 09 E6 1F 70 AA AA 
Time:	07:28:21,369
Send:	220001
Receive: 62 00 01 02 8B 00 A8 0E 34 00 06 01 EB 00 81 00 00 04 0A 00 9D 80 93 58 95 70 7D 41 F1 F7 82 3F 00 E6 02 65 5A 30 43 1F C0 00 50 0A FD 00 30 05 08 FF D3 4A 45 03 03 7D E0 78 D3 0C 3A 9B 00 09 3C 1E 00 AA AA 
Time:	07:28:21,751
Send:	220001
Receive: 62 00 01 02 8D 00 A8 0D E0 00 07 01 E5 00 81 00 00 03 F8 00 9B 80 A5 58 74 6E 5D 41 F1 F7 82 A7 00 E6 02 65 5A 2F 62 1F C0 00 50 0A FD 00 30 04 D3 FF D0 4A 45 03 03 7D C0 78 D3 0C 3A 9B 00 08 F6 1D AA AA AA 
Time:	07:28:22,152
Send:	220001
Receive: 62 00 01 02 8D 00 A8 0D A6 00 09 01 E0 00 86 00 00 03 DF 00 95 80 2D 58 2A 71 7D 41 F1 F7 83 39 00 E6 01 EF 5B 2D 9B 1F C0 00 50 0A FE 00 30 04 7D FF DB 4A 45 03 01 7D C0 78 D3 0C 3A 9B 00 08 CD 1D 7E AA AA 
Time:	07:28:22,548
Send:	220001
Receive: 62 00 01 02 8D 00 A8 0D 7C 00 08 01 E2 00 8D 00 00 03 DD 00 8F 80 2B 58 27 73 9D 41 F1 F7 83 46 00 E6 01 EF 5B 2C BA 1F C0 00 50 0A FF 00 30 04 12 FF EB 4A 45 03 01 7D C0 78 D3 0C 3A 9B 00 08 C1 1D DB AA AA 
Time:	07:28:22,949
Send:	220001
Receive: 62 00 01 02 8D 00 A8 0D 56 00 06 02 04 00 92 00 00 03 FE 00 99 80 2C 58 29 75 9D 41 F1 F7 82 85 00 E6 02 11 5B 2A F3 1F C0 00 50 0A FF 00 30 03 C1 FF E3 4A 45 03 01 7D C0 78 D3 0C 3A 9B 00 09 3E 1E 66 AA AA 
Time:	07:28:23,339
Send:	220001
Receive: 62 00 01 02 8D 00 A8 0D 7E 00 02 02 0C 00 92 00 00 04 0A 00 9B 80 2D 58 2B 77 DD 41 F1 F7 82 3B 00 E6 02 11 5B 2A 12 1F C0 00 50 0A FF 00 30 03 2E FF E3 4A 45 03 01 7D C0 78 D3 0C 3A 9B 00 09 49 1E 90 AA AA 
Time:	07:28:23,740
Send:	220001
Receive: 62 00 01 02 8D 00 A8 0D 4C 00 03 01 FA 00 92 00 00 04 0C 00 96 80 A5 58 A3 74 7D 41 F1 F7 82 32 00 E6 02 11 5B 28 4B 1F C0 00 50 0B 00 00 30 02 B5 FF F3 4A 45 03 01 7D C0 78 D3 0C 3A 9B 00 09 3F 1E DA AA AA 
Time:	07:28:24,127
Send:	220001
Receive: 62 00 01 02 8D 00 A8 0C E6 00 06 01 F9 00 92 00 00 04 16 00 90 80 47 58 2B 72 7D 41 F1 F7 81 F9 00 E6 02 30 5B 26 89 1F C0 00 50 0B 01 00 30 02 8F 00 00 4A 45 03 01 7D C0 78 D3 0C 3A 9B 00 09 62 1F 53 AA AA 
Time:	07:28:24,520
Send:	220001
Receive: NO DATA
Time:	07:28:24,797
Send:	220001
Receive: NO DATA
Time:	07:28:25,082
Send:	220001
Receive: NO DATA
Time:	07:28:25,372
Send:	220001
Receive: NO DATA
Time:	07:28:25,666
Send:	220001
Receive: NO DATA
Time:	07:28:25,947
Send:	220001
Receive: NO DATA
Time:	07:28:26,234
Send:	220001
Receive: NO DATA
Time:	07:28:26,531
Send:	220001
Receive: 62 00 01 02 8D 00 A8 0C 92 00 04 02 0E 00 8D 00 00 04 20 00 90 80 2C 58 29 7A 5D 41 F1 F7 81 F0 00 E6 02 11 5C 1E 91 1F C0 00 50 0B 03 00 30 01 FC 00 00 4A 45 03 01 7D C0 78 D3 0C 3A 9B 00 09 7B 1F 87 AA AA 
Time:	07:28:26,931
Send:	220001
Receive: 62 00 01 02 8D 00 A8 0C C8 00 02 02 10 00 88 00 00 04 17 00 94 80 31 58 2F 7C 7D 41 F1 F7 81 F0 00 E6 02 3F 5C 1C CA 1F C0 00 50 0B 03 00 30 01 E4 00 00 4A 45 03 01 7D C0 78 D3 0C 3A 9B 00 09 38 1E EE AA AA 
Time:	07:28:27,340
Send:	220001
Receive: 62 00 01 02 8D 00 A8 0C F6 00 05 01 F0 00 88 00 00 03 EE 00 8F 80 A0 58 93 79 3D 41 F1 F7 82 E1 00 E6 02 3F 5C 1B E9 1F C0 00 50 0B 03 00 30 01 BB FF FE 4A 45 03 01 7D C0 78 D3 0C 3A 9B 00 08 F9 1E 45 AA AA 
Time:	07:28:27,722
Send:	220001
Receive: 62 00 01 02 8D 00 A8 0C D0 00 0A 01 D8 00 88 00 00 03 C7 00 85 80 A3 58 8B 77 3D 41 F1 F7 83 C9 00 E6 02 3F 5C 1A 22 1F C0 00 50 0B 04 00 30 01 7B 00 00 4A 45 03 01 7D C0 78 D3 0C 3A 9B 00 08 C4 1E 40 AA AA 
Time:	07:28:28,121
Send:	220001
Receive: 62 00 01 02 8D 00 A9 0C AE 00 07 01 F3 00 86 00 00 03 E2 00 8A 80 29 58 26 7A BD 41 F1 F8 83 28 00 E6 01 E6 5C 18 60 1F C0 00 50 0B 05 00 30 01 6E 00 00 4A 45 03 01 7D C0 78 D3 0C 3A 9B 00 08 DE 1E 64 AA AA 
Time:	07:28:28,623
Send:	220001
Receive: 62 00 01 02 8D 00 A9 0C FA 00 03 01 F4 00 86 00 00 03 DA 00 8D 80 2B 58 28 7C BD 41 F1 F8 83 57 00 E6 01 E6 5C 17 7F 1F C0 00 50 0B 05 00 30 01 32 FF F6 4A 45 03 01 7D C0 78 D3 0C 3A 9B 00 08 C9 1D DD AA AA 
Time:	07:28:29,008
Send:	220001
Receive: 62 00 01 02 8D 00 A9 0C EA 00 08 01 DB 00 86 00 00 03 B8 00 85 80 94 58 93 7B 3D 41 F1 F8 84 22 00 E6 02 22 5C 00 00 1F C0 00 50 0B 05 00 30 00 F4 00 00 4A 45 03 01 F9 C0 78 D3 0C 3A 9B 00 08 8F 1D BB AA AA 
Time:	07:28:29,428
Send:	220001
Receive: 62 00 01 02 8D 00 A9 0C CE 00 07 01 DC 00 86 00 00 03 C4 00 87 80 A4 58 83 79 5D 41 F1 F8 83 DA 00 E6 02 22 5C 00 00 1F C0 00 50 0B 05 00 30 00 DC 00 00 4A 45 03 01 F9 C0 78 D3 0C 3A 9B 00 08 8F 1D CB AA AA 
Time:	07:28:29,807
Send:	220001
Receive: 62 00 01 02 8D 00 A9 0C C6 00 09 01 E5 00 86 00 00 03 C4 00 88 80 29 58 26 7D 1D 41 F1 F8 83 DA 00 E6 02 22 5C 00 00 1F C0 00 50 0B 05 00 30 00 C7 00 00 4A 45 03 01 F9 C0 78 D3 0C 3A 9B 00 08 BC 1D E0 AA AA 
Time:	07:28:30,222
Send:	220001
Receive: 62 00 01 02 8D 00 A9 0C C8 00 08 01 EA 00 86 00 00 03 C1 00 84 80 2A 58 27 7F 1D 41 F1 F8 83 EB 00 E6 02 22 5C 00 00 1F C0 00 50 0B 06 00 30 00 A6 00 00 4A 45 03 01 F9 C0 78 D3 0C 3A 9B 00 08 9A 1D E8 AA AA 
Time:	07:28:30,602
Send:	220001
Receive: 62 00 01 02 8D 00 A9 0C E0 00 05 01 F6 00 86 00 00 03 CE 00 8B 80 33 58 2E 80 DD 41 F1 F8 83 9E 00 E6 02 22 5C 00 00 1F C0 00 50 0B 06 00 30 00 7B FF FB 4A 45 03 01 F9 C0 78 D3 0C 3A 9B 00 08 AC 1D BA AA AA 
Time:	07:28:31,008
Time:	07:28:31,047
Send:	220001
Receive: 62 00 01 02 8D 00 A9 0C BE 00 09 01 E6 00 86 00 00 03 C7 00 88 80 A1 58 95 7D 5D 41 F1 F8 83 C9 00 E6 02 22 5C 00 00 1F C0 00 50 0B 06 00 30 00 66 00 00 4A 45 03 01 F9 C0 78 D3 0C 3A 9B 00 08 B4 1D E0 AA AA 
Time:	07:28:31,416
Send:	220001
Receive: 62 00 01 02 8D 00 A9 0C 72 00 0B 01 E4 00 86 00 00 03 C6 00 82 80 85 58 2F 7B 7D 41 F1 F8 83 D1 00 E6 02 22 5C 00 00 1F C0 00 50 0B 07 00 30 00 63 00 00 4A 45 03 01 F9 C0 78 D3 0C 3A 9B 00 08 B9 1E 68 AA AA 
Time:	07:28:31,810
Send:	220001
Receive: 62 00 01 02 8D 00 A9 0C 6A 00 07 02 04 00 86 00 00 03 E8 00 89 80 2B 58 28 80 1D 41 F1 F8 83 03 00 E6 02 3F 5C 00 00 1F C0 00 50 0B 07 00 30 00 71 00 00 4A 45 03 01 F9 C0 78 D3 0C 3A 9B 00 08 D6 1E 84 AA AA 
Time:	07:28:32,227
Send:	220001

Fixed toLineMF: 03E 62 00 01 02 8D 00 A9 0C C0 00 04 01 FF 00 86 00 00 03 DC 00 8C 80 2E 58 2D 82 1D 41 F1 F8 83 4A 00 E6 02 3F 5C 00 00 1F C0 00 50 0B 07 00 30 00 58 00 00 4A 45 03 01 F9 C0 78 D3 0C 3A 9B 
Receive: 62 00 01 02 8D 00 A9 0C C0 00 04 01 FF 00 86 00 00 03 DC 00 8C 80 2E 58 2D 82 1D 41 F1 F8 83 4A 00 E6 02 3F 5C 00 00 1F C0 00 50 0B 07 00 30 00 58 00 00 4A 45 03 01 F9 C0 78 D3 0C 3A 9B 

Fixed toLineMF: 03E 62 00 01 02 8D 00 A9 0C C0 00 04 01 FF 00 86 00 00 03 DC 00 8C 80 2E 58 2D 82 1D 41 F1 F8 83 4A 00 E6 02 3F 5C 00 00 1F C0 00 50 0B 07 00 30 00 58 00 00 4A 45 03 01 F9 C0 78 D3 0C 3A 9B 
Time:	07:28:32,592
Send:	220001

Fixed toLineMF: 03E 62 00 01 02 8D 00 A9 0C BE 00 05 01 EF 87 80 A4 58 A0 7E BD 41 F1 F8 83 9E 00 E6 02 3F 5C 00 00 1F C0 00 50 0B 08 00 30 00 43 00 00 4A 45 03 01 F9 C0 78 D3 0C 3A 9B 00 08 AE 1E 0C AA AA 
Receive: 62 00 01 02 8D 00 A9 0C BE 00 05 01 EF 87 80 A4 58 A0 7E BD 41 F1 F8 83 9E 00 E6 02 3F 5C 00 00 1F C0 00 50 0B 08 00 30 00 43 00 00 4A 45 03 01 F9 C0 78 D3 0C 3A 9B 00 08 AE 1E 0C AA AA 

Fixed toLineMF: 03E 62 00 01 02 8D 00 A9 0C BE 00 05 01 EF 87 80 A4 58 A0 7E BD 41 F1 F8 83 9E 00 E6 02 3F 5C 00 00 1F C0 00 50 0B 08 00 30 00 43 00 00 4A 45 03 01 F9 C0 78 D3 0C 3A 9B 00 08 AE 1E 0C AA AA 
Time:	07:28:33,004
Send:	220001
Receive: 62 00 01 02 8D 00 A9 0C 82 00 08 01 EC 00 86 00 00 03 D0 00 87 80 A9 58 9F 7C BD 41 F1 F8 83 92 00 E6 02 11 5C 00 00 1F C0 00 50 0B 08 00 30 00 46 00 00 4A 45 03 01 F9 C0 78 D3 0C 3A 9B 00 08 D4 1E 57 AA AA 
Time:	07:28:33,395
Send:	220001
Receive: 62 00 01 02 8D 00 A9 0C AA 00 06 01 FC 00 86 00 00 03 DA 00 8A 80 2D 58 2B 81 3D 41 F1 F8 83 57 00 E6 02 11 5D 00 00 1F C0 00 50 0B 08 00 30 00 35 00 00 4A 45 03 01 F9 C0 78 D3 0C 3A 9B 00 08 B6 1E 1D AA AA 
Time:	07:28:33,784
Send:	220001
Receive: 62 00 01 02 8D 00 A9 0C 7E 00 07 01 FE 00 86 00 00 03 D1 00 83 80 2F 58 2C 83 3D 41 F1 F8 83 89 00 E6 02 3F 5D 00 00 1F C0 00 50 0B 09 00 30 00 33 00 00 4A 45 03 01 F9 C0 78 D3 0C 3A 9B 00 08 B3 1E 68 AA AA 
Time:	07:28:34,167
Send:	220001
Receive: 62 00 01 02 8D 00 A9 0C 74 00 07 01 FB 00 86 00 00 03 DD 00 87 80 A3 58 9B 7F DD 41 F1 F8 83 42 00 E6 02 3F 5D 00 00 1F C0 00 50 0B 09 00 30 00 35 00 00 4A 45 03 01 F9 C0 78 D3 0C 3A 9B 00 08 D4 1E 7B AA AA 
Time:	07:28:34,595
Send:	220001
Receive: 62 00 01 02 8D 00 A9 0C 92 00 05 01 F1 00 86 00 00 03 DB 00 89 80 AA 58 A1 7D DD 41 F1 F8 83 4E 00 E6 02 3F 5D 00 00 1F C0 00 50 0B 09 00 30 00 30 00 00 4A 45 03 01 F9 C0 78 D3 0C 3A 9B 00 08 D7 1E 5B AA AA 
Time:	07:28:35,011
Send:	220001
Receive: 62 00 01 02 8D 00 A9 0C AE 00 04 01 E7 00 86 00 00 03 D1 00 86 80 A5 58 4D 7B DD 41 F1 F8 83 81 00 E6 02 11 5D 00 00 1F C0 00 50 0B 09 00 30 00 1D 00 00 4A 45 03 01 F9 C0 78 D3 0C 3A 9B 00 08 A7 1E 11 AA AA 
Time:	07:28:35,408
Send:	220001
Receive: 62 00 01 02 8D 00 A9 0C 74 00 09 01 E5 00 86 00 00 03 BD 00 80 80 2D 58 29 7F 1D 41 F1 F8 84 00 00 E6 02 11 5D 00 00 1F C0 00 50 0B 09 00 30 00 1D 00 00 4A 45 03 01 F9 C0 78 D3 0C 3A 9B 00 08 AF 1E 7B AA AA 
Time:	07:28:35,807
Send:	220001
Receive: 62 00 01 02 8D 00 A9 0C B2 00 05 01 F9 00 86 00 00 03 D5 00 8A 80 2B 58 29 80 FD 41 F1 F8 83 74 00 E6 02 4F 5D 00 00 1F C0 00 50 0B 09 00 31 00 10 00 00 4A 45 03 01 F9 C0 78 D3 0C 3A 9B 00 08 BA 1E 06 AA AA 
Time:	07:28:36,180
Send:	220001

Fixed toLineMF: 03E 62 00 01 02 8D 00 A9 0C 88 00 09 01 F4 85 80 97 58 50 7E DD 41 F1 F8 83 89 00 E6 02 4F 5D 00 00 1F C0 00 50 0B 09 00 31 00 0A 00 00 4A 45 03 01 F9 C0 78 D3 0C 3A 9B 00 08 C0 1E 38 AA AA 
Receive: 62 00 01 02 8D 00 A9 0C 88 00 09 01 F4 85 80 97 58 50 7E DD 41 F1 F8 83 89 00 E6 02 4F 5D 00 00 1F C0 00 50 0B 09 00 31 00 0A 00 00 4A 45 03 01 F9 C0 78 D3 0C 3A 9B 00 08 C0 1E 38 AA AA 

Fixed toLineMF: 03E 62 00 01 02 8D 00 A9 0C 88 00 09 01 F4 85 80 97 58 50 7E DD 41 F1 F8 83 89 00 E6 02 4F 5D 00 00 1F C0 00 50 0B 09 00 31 00 0A 00 00 4A 45 03 01 F9 C0 78 D3 0C 3A 9B 00 08 C0 1E 38 AA AA 
Time:	07:28:36,572
Send:	220001
Receive: 62 00 01 02 8D 00 A9 0C 7E 00 08 01 F2 00 86 00 00 03 D7 00 89 80 A3 58 71 7C DD 41 F1 F8 83 6C 00 E6 02 4F 5D 00 00 1F C0 00 50 0B 0A 00 31 00 0A 00 00 4A 45 03 01 F9 C0 78 D3 0C 3A 9B 00 08 D3 1E 4B AA AA 
Time:	07:28:36,967
Send:	220001
Receive: 62 00 01 02 8C 00 AA 0C 84 00 0A 01 E5 00 86 00 00 03 B8 00 7F 80 2E 58 2A 7F FD 41 F1 F8 84 22 00 E6 02 11 5D 00 00 1F C0 00 50 0B 0A 00 31 00 00 00 00 4A 45 03 01 F9 C0 78 D3 0C 3A 9B 00 08 7D 1E 1C AA AA 
Time:	07:28:37,377
Send:	220001
Receive: 62 00 01 02 8D 00 AA 0C 92 00 06 01 FD 00 83 00 00 03 D1 00 86 80 2D 58 2B 81 BD 41 F1 F8 83 85 00 E6 02 11 5D 00 00 1F C0 00 50 0B 0A 00 31 FF FE 00 00 4A 45 03 01 F9 C0 78 D3 0C 3A 9B 00 08 A5 1E 1A AA AA 
Time:	07:28:37,771
Send:	220001
Receive: 62 00 01 02 8D 00 AA 0C C6 00 06 01 F7 00 81 00 00 03 C3 00 86 80 36 58 35 80 7D 41 F1 F8 83 E2 00 E6 02 11 5D 00 00 1F C0 00 50 0B 0A 00 31 FF E8 00 00 4A 45 03 01 F9 C0 78 D3 0C 3A 9B 00 08 89 1D A6 AA AA 
Time:	07:28:38,160
Send:	220001
Receive: 62 00 01 02 8D 00 AA 0C AE 00 09 01 E0 00 81 00 00 03 AE 00 82 80 A9 58 A3 7F 3D 41 F1 F8 84 5E 00 E6 02 4F 5D 00 00 1F C0 00 50 0B 08 00 31 FF D8 00 00 4A 45 03 01 F9 C0 78 D3 0C 3A 9B 00 08 7D 1D 9C AA AA 
Time:	07:28:38,547
Send:	220001
Receive: 62 00 01 02 8D 00 AA 0C C6 00 07 01 DA 00 81 00 00 03 A9 00 83 80 A5 58 93 7C DD 41 F1 F8 84 7C 00 E6 02 4F 5D 00 00 1F C0 00 50 0B 08 00 31 FF BD 00 00 4A 45 03 01 F9 C0 78 D3 0C 3A 9B 00 08 65 1D 69 AA AA 
Time:	07:28:38,970
Send:	220001
Receive: 62 00 01 02 8D 00 AA 0C C6 00 06 01 E2 00 81 00 00 03 AC 00 82 80 4C 58 2D 7F 3D 41 F1 F8 84 6B 00 E6 02 22 5D 00 00 1F C0 00 50 0B 05 00 31 FF A5 00 00 4A 45 03 01 F9 C0 78 D3 0C 3A 9B 00 08 53 1D 6D AA AA 
Time:	07:28:39,383
Send:	220001
Receive: 62 00 01 02 8D 00 AA 0C 94 00 07 01 EE 00 81 00 00 03 B8 00 82 80 2B 58 28 80 FD 41 F1 F8 84 22 00 E6 02 22 5D 00 00 1F C0 00 50 0B 06 00 31 FF A2 00 00 4A 45 03 01 F9 C0 78 D3 0C 3A 9B 00 08 6E 1D AE AA AA 
Time:	07:28:39,777
Send:	220001
Receive: 62 00 01 02 8D 00 AA 0C C2 00 06 01 EB 00 81 00 00 03 A8 00 83 80 30 58 2D 82 DD 41 F1 F8 84 80 00 E6 02 22 5D 00 00 1F C0 00 50 0B 03 00 31 FF 8F 00 00 4A 45 03 01 F9 C0 78 D3 0C 3A 9B 00 08 5F 1D 52 AA AA 
Time:	07:28:40,172
Send:	220001
Receive: 62 00 01 02 8D 00 AA 0C BC 00 06 01 DA 00 81 00 00 03 9C 00 7F 80 A8 58 A4 7F 5D 41 F1 F8 84 C9 00 E6 02 22 5D 00 00 1F C0 00 50 0B 01 00 31 FF 7A 00 00 4A 45 03 01 F9 C0 78 D3 0C 3A 9B 00 08 43 1D 50 AA AA 
Time:	07:28:40,570
Send:	220001
Receive: 62 00 01 02 8D 00 AA 0C 96 00 09 01 D9 00 81 00 00 03 A4 00 80 80 A7 58 59 7D 7D 41 F1 F8 84 9E 00 E6 02 22 5D 00 00 1F C0 00 50 0B 01 00 31 FF 6F 00 00 4A 45 03 01 F9 C0 78 D3 0C 3A 9B 00 08 54 1D 8F AA AA 
Time:	07:28:40,959
Send:	220001
Receive: 62 00 01 02 8D 00 AA 0C 9E 00 09 01 DA 00 81 00 00 03 AE 00 84 80 58 58 2B 7C 3D 41 F1 F8 84 5E 00 E6 02 22 5D 00 00 1F C0 00 50 0B 01 00 31 FF 67 00 00 4A 45 03 01 F9 C0 78 D3 0C 3A 9B 00 08 68 1D 6E AA AA 
Time:	07:28:41,360
Send:	220001
Receive: 62 00 01 02 8D 00 AA 0C 9A 00 08 01 E8 00 81 00 00 03 AB 00 80 80 2C 58 29 80 DD 41 F1 F8 84 6F 00 E6 02 22 5D 00 00 1F C0 00 50 0B 01 00 31 FF 59 00 00 4A 45 03 01 F9 C0 78 D3 0C 3A 9B 00 08 48 1D 8C AA AA 
Time:	07:28:41,761
Send:	220001
Receive: 62 00 01 02 8D 00 AA 0C 9A 00 08 01 E5 00 81 00 00 03 9F 00 80 80 3D 58 3E 82 9D 41 F1 F8 84 B8 00 E6 02 22 5D 00 00 1F C0 00 50 0B 02 00 31 FF 51 00 00 4A 45 03 01 F9 C0 78 D3 0C 3A 9B 00 08 70 1D 5C AA AA 
Time:	07:28:42,157
Send:	220001
Receive: 62 00 01 02 8D 00 AA 0C A8 00 09 01 DC 00 81 00 00 03 A1 00 82 80 A8 58 A0 7E 7D 41 F1 F8 84 AB 00 E6 02 11 5D 00 00 1F C0 00 50 0B 02 00 31 FF 3E 00 00 4A 45 03 01 F9 C0 78 D3 0C 3A 9B 00 08 5C 1D 5C AA AA 
Time:	07:28:42,577
Send:	220001
Receive: 62 00 01 02 8D 00 AA 0C 72 00 09 01 DE 00 81 00 00 03 AA 00 7E 80 89 58 31 7C FD 41 F1 F8 84 78 00 E6 02 11 5D 00 00 1F C0 00 50 0B 02 00 31 FF 46 00 00 4A 45 03 01 F9 C0 78 D3 0C 3A 9B 00 08 52 1D B2 AA AA 
Time:	07:28:42,959
Send:	220001
Receive: 62 00 01 02 8D 00 AA 0C B6 00 05 01 EC 00 81 00 00 03 B2 00 85 80 2B 58 2A 81 DD 41 F1 F9 84 48 00 E6 02 22 5D 00 00 1F C0 00 50 0B 02 00 30 FF 31 00 00 4A 45 03 01 F9 C0 78 D3 0C 3A 9B 00 08 6A 1D 68 AA AA 
Time:	07:28:43,370
Send:	220001
Receive: NO DATA
Time:	07:28:43,658
Send:	220001
Receive: NO DATA
Time:	07:28:43,940
Send:	220001
Receive: NO DATA
Time:	07:28:44,221
Send:	220001
Receive: NO DATA
Time:	07:28:44,504
Send:	220001
Receive: NO DATA
Time:	07:28:44,809
Send:	220001
Receive: NO DATA
Time:	07:28:45,117
Send:	220001
Receive: NO DATA
Time:	07:28:45,417
Send:	220001
Receive: 62 00 01 02 8D 00 AA 0C A0 00 07 01 DE 00 7E 00 00 03 AC 00 83 80 A7 58 99 7D 3D 41 F1 F9 84 66 00 E6 02 22 5E 00 00 1F C0 00 50 0B 04 00 30 FF 18 00 00 4A 45 03 01 F9 C0 78 D3 0C 3A 9B 00 08 6B 1D 68 AA AA 
Time:	07:28:45,806
Send:	220001

Fixed toLineMF: 037 62 00 01 02 8D 00 AA 0C 82 00 0A 01 CA 79 80 32 58 2A 7B FD 41 F1 F9 85 01 00 E6 02 11 5E 00 00 1F C0 00 50 0B 04 00 30 FF 10 00 00 4A 45 03 01 F9 C0 78 D3 0C 3A 9B 
Receive: 62 00 01 02 8D 00 AA 0C 82 00 0A 01 CA 79 80 32 58 2A 7B FD 41 F1 F9 85 01 00 E6 02 11 5E 00 00 1F C0 00 50 0B 04 00 30 FF 10 00 00 4A 45 03 01 F9 C0 78 D3 0C 3A 9B 

Fixed toLineMF: 037 62 00 01 02 8D 00 AA 0C 82 00 0A 01 CA 79 80 32 58 2A 7B FD 41 F1 F9 85 01 00 E6 02 11 5E 00 00 1F C0 00 50 0B 04 00 30 FF 10 00 00 4A 45 03 01 F9 C0 78 D3 0C 3A 9B 
Time:	07:28:46,175
Send:	220001

Fixed toLineMF: 030 62 00 01 02 8D 00 AA 0C 64 00 06 01 FB 00 81 00 00 03 C3 00 85 80 2A 58 27 80 DD 41 F1 F9 83 E2 00 E6 02 11 5E 00 00 1F C0 00 50 0B 04 00 30 FF 
Receive: 62 00 01 02 8D 00 AA 0C 64 00 06 01 FB 00 81 00 00 03 C3 00 85 80 2A 58 27 80 DD 41 F1 F9 83 E2 00 E6 02 11 5E 00 00 1F C0 00 50 0B 04 00 30 FF 

Fixed toLineMF: 030 62 00 01 02 8D 00 AA 0C 64 00 06 01 FB 00 81 00 00 03 C3 00 85 80 2A 58 27 80 DD 41 F1 F9 83 E2 00 E6 02 11 5E 00 00 1F C0 00 50 0B 04 00 30 FF 
Time:	07:28:46,541
Send:	220001

Fixed toLineMF: 029 62 00 01 02 8D 00 81 80 2B 58 2A 82 3D 02 11 5E 00 00 1F C0 00 50 0B 04 00 30 FF F9 C0 78 D3 0C 3A 9B 00 08 6F 1D 99 AA AA 
Receive: 62 00 01 02 8D 00 81 80 2B 58 2A 82 3D 02 11 5E 00 00 1F C0 00 50 0B 04 00 30 FF F9 C0 78 D3 0C 3A 9B 00 08 6F 1D 99 AA AA 

Fixed toLineMF: 029 62 00 01 02 8D 00 81 80 2B 58 2A 82 3D 02 11 5E 00 00 1F C0 00 50 0B 04 00 30 FF F9 C0 78 D3 0C 3A 9B 00 08 6F 1D 99 AA AA 
Time:	07:28:46,939
Send:	220001

Fixed toLineMF: 030 62 00 01 02 8D 00 00 81 00 00 03 B0 00 83 80 A4 58 A2 7F BD 02 11 5E 00 00 1F C0 00 50 0B 04 00 30 FF F9 C0 78 D3 0C 3A 9B 00 08 6A 1D 89 AA AA 
Receive: 62 00 01 02 8D 00 00 81 00 00 03 B0 00 83 80 A4 58 A2 7F BD 02 11 5E 00 00 1F C0 00 50 0B 04 00 30 FF F9 C0 78 D3 0C 3A 9B 00 08 6A 1D 89 AA AA 

Fixed toLineMF: 030 62 00 01 02 8D 00 00 81 00 00 03 B0 00 83 80 A4 58 A2 7F BD 02 11 5E 00 00 1F C0 00 50 0B 04 00 30 FF F9 C0 78 D3 0C 3A 9B 00 08 6A 1D 89 AA AA 
Time:	07:28:47,325
Send:	220001

Fixed toLineMF: 037 62 00 01 02 8D 00 AA 0C 7C 00 09 01 D7 7E 80 A7 58 9E 7D DD 41 F1 F9 84 B4 00 E6 02 11 5E 00 00 1F C0 00 50 0B 05 00 30 FF 0B 00 00 4A 45 03 01 00 08 68 1D AF AA AA 
Receive: 62 00 01 02 8D 00 AA 0C 7C 00 09 01 D7 7E 80 A7 58 9E 7D DD 41 F1 F9 84 B4 00 E6 02 11 5E 00 00 1F C0 00 50 0B 05 00 30 FF 0B 00 00 4A 45 03 01 00 08 68 1D AF AA AA 

Fixed toLineMF: 037 62 00 01 02 8D 00 AA 0C 7C 00 09 01 D7 7E 80 A7 58 9E 7D DD 41 F1 F9 84 B4 00 E6 02 11 5E 00 00 1F C0 00 50 0B 05 00 30 FF 0B 00 00 4A 45 03 01 00 08 68 1D AF AA AA 
Time:	07:28:47,703
Send:	220001
Receive: 62 00 01 02 8D 00 AA 0C 78 00 09 01 E1 00 81 00 00 03 B2 00 80 80 37 58 2B 7C 7D 41 F1 F9 84 48 00 E6 02 11 5E 00 00 1F C0 00 50 0B 02 00 30 FF 10 00 00 4A 45 03 01 F9 C0 78 D3 0C 3A 9B 00 08 45 1D BB AA AA 
Time:	07:28:48,118
Send:	220001

Fixed toLineMF: 030 62 00 01 02 8D 00 AA 0C 88 00 08 01 F0 00 81 00 00 03 B6 00 41 F1 F9 84 2B 00 E6 02 11 5E 00 00 1F C0 15 00 00 4A 45 03 01 F9 C0 78 D3 0C 3A 9B 
Receive: 62 00 01 02 8D 00 AA 0C 88 00 08 01 F0 00 81 00 00 03 B6 00 41 F1 F9 84 2B 00 E6 02 11 5E 00 00 1F C0 15 00 00 4A 45 03 01 F9 C0 78 D3 0C 3A 9B 

Fixed toLineMF: 030 62 00 01 02 8D 00 AA 0C 88 00 08 01 F0 00 81 00 00 03 B6 00 41 F1 F9 84 2B 00 E6 02 11 5E 00 00 1F C0 15 00 00 4A 45 03 01 F9 C0 78 D3 0C 3A 9B 
Time:	07:28:48,500
Send:	220001

Fixed toLineMF: 029 62 00 01 02 8D 00 83 80 87 58 3B 7F FD 41 F1 F9 84 66 00 E6 02 11 5E 00 00 1F C0 00 50 0A FA 00 30 FF 00 08 56 1D 56 AA AA 
Receive: 62 00 01 02 8D 00 83 80 87 58 3B 7F FD 41 F1 F9 84 66 00 E6 02 11 5E 00 00 1F C0 00 50 0A FA 00 30 FF 00 08 56 1D 56 AA AA 

Fixed toLineMF: 029 62 00 01 02 8D 00 83 80 87 58 3B 7F FD 41 F1 F9 84 66 00 E6 02 11 5E 00 00 1F C0 00 50 0A FA 00 30 FF 00 08 56 1D 56 AA AA 
Time:	07:28:48,889
Send:	220001
Receive: 62 00 01 02 8D 00 AB 0C A4 00 0A 01 D1 00 81 00 00 03 92 00 7E 80 A7 58 9D 7E 3D 41 F1 F9 85 06 00 E6 02 22 5E 00 00 1F C0 00 50 0A F5 00 30 FE FA 00 00 4A 45 03 01 F9 C0 78 D3 0C 3A 9B 00 08 48 1D 5F AA AA 
Time:	07:28:49,282
Send:	220001

Fixed toLineMF: 03E 62 00 01 02 8D 00 AB 0C 60 00 08 01 D5 7A 80 99 58 3F 7C 7D 41 F1 F9 84 BC 00 E6 02 22 5E 00 00 1F C0 00 50 0A F0 00 30 FF 05 00 00 4A 45 03 01 F9 C0 78 D3 0C 3A 9B 00 08 32 1D BB AA AA 
Receive: 62 00 01 02 8D 00 AB 0C 60 00 08 01 D5 7A 80 99 58 3F 7C 7D 41 F1 F9 84 BC 00 E6 02 22 5E 00 00 1F C0 00 50 0A F0 00 30 FF 05 00 00 4A 45 03 01 F9 C0 78 D3 0C 3A 9B 00 08 32 1D BB AA AA 

Fixed toLineMF: 03E 62 00 01 02 8D 00 AB 0C 60 00 08 01 D5 7A 80 99 58 3F 7C 7D 41 F1 F9 84 BC 00 E6 02 22 5E 00 00 1F C0 00 50 0A F0 00 30 FF 05 00 00 4A 45 03 01 F9 C0 78 D3 0C 3A 9B 00 08 32 1D BB AA AA 
Time:	07:28:49,721
Send:	220001
Receive: NO DATA
Time:	07:28:50,013
Send:	220001
Receive: NO DATA
Time:	07:28:50,293
Send:	220001
Receive: NO DATA
Time:	07:28:50,582
Send:	220001
Receive: NO DATA
Time:	07:28:50,872
Send:	220001
Receive: NO DATA
Time:	07:28:51,168
Send:	220001
Receive: NO DATA
Time:	07:28:51,444
Send:	220001
Receive: NO DATA
Time:	07:28:51,749
Send:	220001

Fixed toLineMF: 03E 62 00 01 02 8D 00 00 81 00 00 03 A7 00 7F 80 2C 58 2A 7F FD 41 F1 F9 84 89 00 E6 02 22 5E 00 00 1F C0 00 50 0A D6 00 30 FF 1B 00 00 4A 45 03 01 F9 C0 78 D3 0C 3A 9B 00 08 56 1D 70 AA AA 
Receive: 62 00 01 02 8D 00 00 81 00 00 03 A7 00 7F 80 2C 58 2A 7F FD 41 F1 F9 84 89 00 E6 02 22 5E 00 00 1F C0 00 50 0A D6 00 30 FF 1B 00 00 4A 45 03 01 F9 C0 78 D3 0C 3A 9B 00 08 56 1D 70 AA AA 

Fixed toLineMF: 03E 62 00 01 02 8D 00 00 81 00 00 03 A7 00 7F 80 2C 58 2A 7F FD 41 F1 F9 84 89 00 E6 02 22 5E 00 00 1F C0 00 50 0A D6 00 30 FF 1B 00 00 4A 45 03 01 F9 C0 78 D3 0C 3A 9B 00 08 56 1D 70 AA AA 
Time:	07:28:52,157
Send:	220001
Receive: 62 00 01 02 8D 00 AB 0C 94 00 08 01 E6 00 81 00 00 03 A2 00 81 80 2E 58 2B 82 3D 41 F1 F9 84 A7 00 E6 02 11 5E 00 00 1F C0 00 50 0A D0 00 30 FF 18 00 00 4A 45 03 01 F9 C0 78 D3 0C 3A 9B 00 08 60 1D 85 AA AA 
Time:	07:28:52,599
Send:	220001

Fixed toLineMF: 037 62 00 01 02 8D 00 AB 0C 8E 00 08 01 E2 00 7E 00 00 03 A2 00 7F 80 9E 58 99 7F BD 41 F1 F9 84 A7 00 E6 13 00 00 4A 45 03 01 F9 C0 78 D3 0C 3A 9B 00 08 3F 1D 8A AA AA 
Receive: 62 00 01 02 8D 00 AB 0C 8E 00 08 01 E2 00 7E 00 00 03 A2 00 7F 80 9E 58 99 7F BD 41 F1 F9 84 A7 00 E6 13 00 00 4A 45 03 01 F9 C0 78 D3 0C 3A 9B 00 08 3F 1D 8A AA AA 

Fixed toLineMF: 037 62 00 01 02 8D 00 AB 0C 8E 00 08 01 E2 00 7E 00 00 03 A2 00 7F 80 9E 58 99 7F BD 41 F1 F9 84 A7 00 E6 13 00 00 4A 45 03 01 F9 C0 78 D3 0C 3A 9B 00 08 3F 1D 8A AA AA 
Time:	07:28:52,989
Send:	220001

Fixed toLineMF: 03E 62 00 01 02 8D 00 AB 0C 50 00 0C 01 D8 00 81 00 00 03 9F 00 7E 80 A3 58 92 7D FD 41 F1 F9 84 B4 00 E6 02 05 5E 00 00 1F C0 28 00 00 4A 45 03 01 F9 C0 78 D3 0C 3A 9B 00 08 74 1D EB AA AA 
Receive: 62 00 01 02 8D 00 AB 0C 50 00 0C 01 D8 00 81 00 00 03 9F 00 7E 80 A3 58 92 7D FD 41 F1 F9 84 B4 00 E6 02 05 5E 00 00 1F C0 28 00 00 4A 45 03 01 F9 C0 78 D3 0C 3A 9B 00 08 74 1D EB AA AA 

Fixed toLineMF: 03E 62 00 01 02 8D 00 AB 0C 50 00 0C 01 D8 00 81 00 00 03 9F 00 7E 80 A3 58 92 7D FD 41 F1 F9 84 B4 00 E6 02 05 5E 00 00 1F C0 28 00 00 4A 45 03 01 F9 C0 78 D3 0C 3A 9B 00 08 74 1D EB AA AA 
Time:	07:28:53,402
Send:	220001
Receive: 62 00 01 02 8D 00 AB 0C 4C 00 07 01 FC 00 81 00 00 03 C8 00 85 80 2D 58 29 81 5D 41 F1 F9 83 C5 00 E6 02 05 5E 00 00 1F C0 00 50 0A C6 00 30 FF 3E 00 00 4A 45 03 01 F9 C0 78 D3 0C 3A 9B 00 08 89 1E 16 AA AA 
Time:	07:28:53,855
Send:	220001

Fixed toLineMF: 03E 62 00 01 02 8D 00 AB 0C 92 00 07 01 EF 00 81 00 00 03 B2 00 83 80 3A 58 32 83 3D 41 F1 F9 84 48 00 E6 02 11 5E 00 00 1F C0 36 00 00 4A 45 03 01 F9 C0 78 D3 0C 3A 9B 00 08 72 1D 93 AA AA 
Receive: 62 00 01 02 8D 00 AB 0C 92 00 07 01 EF 00 81 00 00 03 B2 00 83 80 3A 58 32 83 3D 41 F1 F9 84 48 00 E6 02 11 5E 00 00 1F C0 36 00 00 4A 45 03 01 F9 C0 78 D3 0C 3A 9B 00 08 72 1D 93 AA AA 

Fixed toLineMF: 03E 62 00 01 02 8D 00 AB 0C 92 00 07 01 EF 00 81 00 00 03 B2 00 83 80 3A 58 32 83 3D 41 F1 F9 84 48 00 E6 02 11 5E 00 00 1F C0 36 00 00 4A 45 03 01 F9 C0 78 D3 0C 3A 9B 00 08 72 1D 93 AA AA 
Time:	07:28:54,265
Send:	220001
Receive: 62 00 01 02 8D 00 AB 0C A6 00 08 01 E5 00 81 00 00 03 B1 00 85 80 A7 58 9E 7E BD 41 F1 F9 84 4D 00 E6 02 11 5E 00 00 1F C0 00 50 0A C1 00 30 FF 2E 00 00 4A 45 03 01 F9 C0 78 D3 0C 3A 9B 00 08 67 1D 58 AA AA 
Time:	07:28:54,683
Send:	220001

Fixed toLineMF: 03E 62 00 01 02 8D 00 AB 0C 88 00 07 01 D7 00 81 00 00 03 9F 00 7E 80 A6 58 99 7C 7D 41 F1 F9 84 B8 00 E6 02 11 5E 00 00 1F C0 28 00 00 4A 45 03 01 F9 C0 78 D3 0C 3A 9B 00 08 59 1D 84 AA AA 
Receive: 62 00 01 02 8D 00 AB 0C 88 00 07 01 D7 00 81 00 00 03 9F 00 7E 80 A6 58 99 7C 7D 41 F1 F9 84 B8 00 E6 02 11 5E 00 00 1F C0 28 00 00 4A 45 03 01 F9 C0 78 D3 0C 3A 9B 00 08 59 1D 84 AA AA 

Fixed toLineMF: 03E 62 00 01 02 8D 00 AB 0C 88 00 07 01 D7 00 81 00 00 03 9F 00 7E 80 A6 58 99 7C 7D 41 F1 F9 84 B8 00 E6 02 11 5E 00 00 1F C0 28 00 00 4A 45 03 01 F9 C0 78 D3 0C 3A 9B 00 08 59 1D 84 AA AA 
Time:	07:28:55,092
Send:	220001
Receive: 62 00 01 02 8D 00 AB 0C 60 00 09 01 E5 00 81 00 00 03 AB 00 7E 80 2B 58 29 7F DD 41 F1 F9 84 6F 00 E6 02 11 5F 00 00 1F C0 00 50 0A B7 00 30 FF 33 00 00 4A 45 03 01 F9 C0 78 D3 0C 3A 9B 00 08 5E 1D D7 AA AA 
Time:	07:28:55,504
Send:	220001
Receive: NO DATA
Time:	07:28:55,811
Send:	220001
Receive: NO DATA
Time:	07:28:56,088
Send:	220001
Receive: NO DATA
Time:	07:28:56,388
Send:	220001
Receive: NO DATA
Time:	07:28:56,672
Send:	220001
Receive: NO DATA
Time:	07:28:56,958
Send:	220001
Receive: NO DATA
Time:	07:28:57,239
Send:	220001
Receive: NO DATA
Time:	07:28:57,580
Send:	220001
Receive: 62 00 01 02 8D 00 AB 0C 78 00 06 01 FC 00 7E 00 00 03 BC 00 84 80 2E 58 2B 82 1D 41 F1 F9 84 09 00 E6 02 11 5F 17 16 1F C0 00 50 0A A2 00 30 FF 61 00 00 4A 45 03 01 7D C0 78 D3 0C 3A 9B 00 08 8C 1D D5 AA AA 
Time:	07:28:57,996
Send:	220001
Receive: 62 00 01 02 8D 00 AB 0C A6 00 04 01 E9 00 81 00 00 03 A9 00 82 80 A1 58 A1 7F DD 41 F1 F9 84 7C 00 E6 02 22 5F 17 52 1F C0 00 50 0A A2 00 30 FF 4E 00 00 4A 45 03 01 7D C0 78 D3 0C 3A 9B 00 08 5D 1D 76 AA AA 
Time:	07:28:58,393
Send:	220001
Receive: 62 00 01 02 8D 00 AB 0C B4 00 06 01 E1 00 7E 00 00 03 A2 00 82 80 B2 58 A9 7D FD 41 F1 E5 84 A7 00 E6 02 22 5F 17 7F 1F C0 00 50 0A A2 00 30 FF 3E 00 00 4A 45 03 01 7D C0 78 D3 0C 3A 9B 00 08 4A 1D 3C AA AA 
Time:	07:28:58,806
Send:	220001
Receive: 62 00 01 02 8D 00 AB 0C 80 00 09 01 DE 00 81 00 00 03 9F 00 7E 80 AD 58 A1 7C 3D 41 F1 E5 84 B8 00 E6 01 D9 5F 17 7F 1F C0 00 50 0A A2 00 30 FF 38 00 00 4A 45 03 01 7D C0 78 D3 0C 3A 9B 00 08 54 1D 8F AA AA 
Time:	07:28:59,226
Send:	220001
Receive: 62 00 01 02 8D 00 AB 0C 6A 00 09 01 D6 00 7E 00 00 03 9D 00 7B 80 8D 58 31 7A 9D 41 F1 E5 84 C5 00 E6 01 D9 5F 17 7F 1F C0 00 50 0A A3 00 30 FF 3E 00 00 4A 45 03 01 7D C0 78 D3 0C 3A 9B 00 08 52 1D A8 AA AA 
Time:	07:28:59,627
Send:	220001
Receive: 62 00 01 02 8D 00 AB 0C 80 00 07 01 E8 00 7E 00 00 03 A5 00 7E 80 2B 58 29 7F 3D 41 F1 E5 84 96 00 E6 01 D9 5F 17 7F 1F C0 00 50 0A A3 00 30 FF 38 00 00 4A 45 03 01 7D C0 78 D3 0C 3A 9B 00 08 52 1D 82 AA AA 
Time:	07:29:00,035
Send:	220001
Receive: 62 00 01 02 8D 00 AB 0C 90 00 06 01 E5 00 7E 00 00 03 AA 00 83 80 95 58 34 7D 5D 41 F1 E5 84 78 00 E6 01 E6 5F 18 60 1F C0 00 50 0A A3 00 30 FF 35 00 00 4A 45 03 01 7D C0 78 D3 0C 3A 9B 00 08 74 1D 6D AA AA 
Time:	07:29:00,444
Send:	220001
Receive: 62 00 01 02 8C 00 AB 0C 76 00 0C 01 CD 00 7E 00 00 03 86 00 7A 80 AC 58 A4 7B 9D 41 F1 E5 85 4F 00 E6 01 E6 5F 18 60 1F C0 00 50 0A A3 00 30 FF 2D 00 00 4A 45 03 01 7D C0 78 D3 0C 3A 9B 00 08 2A 1D 9E AA AA 
Time:	07:29:00,838
Send:	220001
Receive: 62 00 01 02 8D 00 AB 0C 82 00 07 01 DC 00 7C 00 00 03 AB 00 82 80 9D 58 35 79 BD 41 F1 E5 84 6F 00 E6 01 E6 5F 18 60 1F C0 00 50 0A A4 00 30 FF 30 00 00 4A 45 03 01 7D C0 78 D3 0C 3A 9B 00 08 33 1D 70 AA AA 
Time:	07:29:01,245
Send:	220001
Receive: 62 00 01 02 8D 00 AB 0C 5C 00 0A 01 DC 00 7C 00 00 03 93 00 7A 80 31 58 2B 7D 9D 41 F1 E5 85 06 00 E6 01 E6 5F 18 60 1F C0 00 50 0A A4 00 30 FF 35 00 00 4A 45 03 01 7D C0 78 D3 0C 3A 9B 00 08 1A 1D AD AA AA 
Time:	07:29:01,637
Send:	220001
Receive: 62 00 01 02 8D 00 AB 0C 96 00 06 01 E4 00 79 00 00 03 9E 00 82 80 2C 58 2A 7F 7D 41 F1 E5 84 C1 00 E6 01 E6 5F 19 41 1F C0 00 50 0A A4 00 30 FF 35 00 00 4A 45 03 01 7D C0 78 D3 0C 3A 9B 00 08 44 1D 24 AA AA 
Time:	07:29:02,053
Send:	220001
Receive: 62 00 01 02 8D 00 AB 0C A6 00 0A 01 D8 00 79 00 00 03 8E 00 7E 80 9D 58 99 7C FD 41 F1 E5 85 1F 00 E6 02 22 5F 19 41 1F C0 00 50 0A A4 00 30 FF 25 00 00 4A 45 03 01 7D C0 78 D3 0C 3A 9B 00 08 36 1D 05 AA AA 
Time:	07:29:02,518
Send:	220001
Receive: 62 00 01 02 8D 00 AB 0C 6C 00 0B 01 D0 00 7C 00 00 03 85 00 7B 80 AD 58 A0 7A DD 41 F1 E5 85 58 00 E6 02 22 5F 1A 22 1F C0 00 50 0A A5 00 30 FF 28 00 00 4A 45 03 01 7D C0 78 D3 0C 3A 9B 00 08 4D 1D 41 AA AA 
Time:	07:29:02,939
Send:	220001
Receive: 62 00 01 02 8C 00 AC 0C 6C 00 09 01 DB 00 7C 00 00 03 89 00 77 80 32 58 2B 7D 5D 41 F1 E5 85 39 00 E6 01 AD 5F 1B 08 1F C0 00 50 0A A5 00 30 FF 28 00 00 4A 45 03 01 7D C0 78 D3 0C 3A 9B 00 07 E2 1D 7A AA AA 
Time:	07:29:03,349
Send:	220001
Receive: 62 00 01 02 8D 00 AC 0C 80 00 08 01 E8 00 7C 00 00 03 9F 00 82 80 2B 58 28 7F 1D 41 F1 E5 84 B8 00 E6 01 AD 5F 1B 08 1F C0 00 50 0A A5 00 30 FF 30 00 00 4A 45 03 01 7D C0 78 D3 0C 3A 9B 00 08 31 1D 14 AA AA 
Time:	07:29:03,806
Send:	220001
Receive: 62 00 01 02 8D 00 AC 0C 92 00 08 01 D3 00 7C 00 00 03 89 00 7B 80 A4 58 A2 7C 1D 41 F1 E5 85 3E 00 E6 01 F4 5F 1B E9 1F C0 00 50 0A A5 00 30 FF 22 00 00 4A 45 03 01 7D C0 78 D3 0C 3A 9B 00 08 12 1D 0E AA AA 
Time:	07:29:04,221
Send:	220001
Receive: 62 00 01 02 8D 00 AC 0C 6E 00 09 01 D8 00 79 00 00 03 91 00 7B 80 A8 58 97 7A 7D 41 F1 E5 85 0E 00 E6 01 F4 5F 1B E9 1F C0 00 50 0A A6 00 30 FF 25 00 00 4A 45 03 01 7D C0 78 D3 0C 3A 9B 00 08 12 1D 5F AA AA 
Time:	07:29:04,623
Send:	220001
Receive: 62 00 01 02 8D 00 AC 0C 5A 00 0A 01 C6 00 7C 00 00 03 83 00 7A 80 56 58 2D 78 FD 41 F1 E5 85 61 00 E6 01 F4 5F 1C CA 1F C0 00 50 0A A6 00 30 FF 30 00 00 4A 45 03 01 7D C0 78 D3 0C 3A 9B 00 08 3D 1D 5D AA AA 
Time:	07:29:05,081
Send:	220001
Receive: 62 00 01 02 8D 00 AC 0C 70 00 0A 01 DC 00 7C 00 00 03 90 00 7D 80 2E 58 2A 7E 3D 41 F1 E5 85 13 00 E6 01 E6 5F 1D B0 1F C0 00 50 0A A6 00 30 FF 35 00 00 4A 45 03 01 7D C0 78 D3 0C 3A 9B 00 08 35 1D 57 AA AA 
Time:	07:29:05,486
Send:	220001
Receive: 62 00 01 02 8D 00 AC 0C 8C 00 08 01 EC 00 7C 00 00 03 9A 00 80 80 7D 58 53 7F FD 41 F1 E5 84 D2 00 E6 01 E6 60 1D B0 1F C0 00 50 0A A6 00 30 FF 30 00 00 4A 45 03 01 7D C0 78 D3 0C 3A 9B 00 08 41 1D 44 AA AA 
Time:	07:29:05,902
Send:	220001
Receive: NO DATA
Time:	07:29:06,204
Send:	220001
Receive: NO DATA
Time:	07:29:06,566
Send:	220001
Receive: NO DATA
Time:	07:29:06,849
Send:	220001
Receive: NO DATA
Time:	07:29:07,136
Send:	220001
Receive: NO DATA
Time:	07:29:07,421
Send:	220001
Receive: NO DATA
Time:	07:29:07,710
Send:	220001
Receive: NO DATA
Time:	07:29:07,994
Send:	220001
Receive: 62 00 01 02 8D 00 AC 0C 84 00 09 01 DA 00 7C 00 00 03 95 00 7D 80 A8 58 9C 79 9D 41 F1 E5 84 F4 00 E6 01 E6 60 21 39 1F C0 00 50 0A A7 00 30 FF 35 00 00 4A 45 03 01 7D C0 78 D3 0C 3A 9B 00 08 2D 1D 48 AA AA 
Time:	07:29:08,407
Send:	220001
Receive: 62 00 01 02 8D 00 AC 0C 92 00 08 01 D7 00 7C 00 00 03 9C 00 7E 80 A3 58 55 77 BD 41 F1 E5 84 C9 00 E6 01 E6 60 22 1A 1F C0 00 50 0A A7 00 30 FF 2A 00 00 4A 45 03 01 7D C0 78 D3 0C 3A 9B 00 08 3A 1D 5D AA AA 
Time:	07:29:08,853
Send:	220001
Receive: 62 00 01 02 8D 00 AC 0C 6E 00 0B 01 CA 00 7C 00 00 03 8E 00 7B 80 31 58 2B 76 7D 41 F1 E5 85 1F 00 E6 01 BA 60 22 FB 1F C0 00 50 0A A7 00 30 FF 2D 00 00 4A 45 03 01 7D C0 78 D3 0C 3A 9B 00 08 31 1D A0 AA AA 
Time:	07:29:09,254
Send:	220001
Receive: 62 00 01 02 8D 00 AC 0C 32 00 0A 01 E8 00 7C 00 00 03 A1 00 7B 80 29 58 27 7B 7D 41 F1 E5 84 AB 00 E6 01 BA 60 23 E1 1F C0 00 50 0A A7 00 30 FF 48 00 02 4A 45 03 01 7D C0 78 D3 0C 3A 9B 00 08 6F 1D F7 AA AA 
Time:	07:29:09,663
Send:	220001
Receive: 62 00 01 02 8D 00 AC 0C 48 00 09 01 F7 00 7C 00 00 03 BB 00 81 80 2E 58 2A 7D 3D 41 F1 E5 84 11 00 E6 01 BA 60 24 C2 1F C0 00 50 0A A7 00 30 FF 58 00 00 4A 45 03 01 7D C0 78 D3 0C 3A 9B 00 08 7E 1D DB AA AA 
Time:	07:29:10,067
Send:	220001
Receive: 62 00 01 02 8D 00 AC 0C 78 00 08 01 DB 00 7C 00 00 03 9C 00 7E 80 A6 58 9F 79 DD 41 F1 E5 84 C9 00 E6 02 11 60 25 A3 1F C0 00 50 0A A8 00 30 FF 53 00 00 4A 45 03 01 7D C0 78 D3 0C 3A 9B 00 08 54 1D A8 AA AA 
Time:	07:29:10,476
Send:	220001
Receive: 62 00 01 02 8D 00 AC 0C 64 00 09 01 E1 00 7C 00 00 03 A9 00 7E 80 AA 58 9F 78 1D 41 F1 E5 84 7C 00 E6 02 11 60 25 A3 1F C0 00 50 0A A8 00 30 FF 58 00 00 4A 45 03 01 7D C0 78 D3 0C 3A 9B 00 08 5E 1D BE AA AA 
Time:	07:29:10,891
Send:	220001
Receive: 62 00 01 02 8D 00 AC 0C 60 00 07 01 D8 00 7C 00 00 03 A2 00 7D 80 51 58 2E 76 9D 41 F1 E5 84 A2 00 E6 01 BA 60 26 89 1F C0 00 50 0A A8 00 30 FF 60 00 00 4A 45 03 01 7D C0 78 D3 0C 3A 9B 00 08 4D 1D BF AA AA 
Time:	07:29:11,290
Send:	220001
Receive: 62 00 01 02 8D 00 AC 0C 8A 00 05 01 F0 00 79 00 00 03 B3 00 84 80 2B 58 28 7B 5D 41 F1 E5 84 40 00 E6 01 BA 60 28 4B 1F C0 00 50 0A A8 00 30 FF 60 00 00 4A 45 03 01 7D C0 78 D3 0C 3A 9B 00 08 77 1D A4 AA AA 
Time:	07:29:11,704
Send:	220001
Receive: 62 00 01 02 8D 00 AC 0C A2 00 09 01 DC 00 7C 00 00 03 9A 00 7F 80 94 58 72 79 9D 41 F1 E5 84 D6 00 E6 01 BA 60 29 31 1F C0 00 50 0A A9 00 30 FF 50 00 00 4A 45 03 01 7D C0 78 D3 0C 3A 9B 00 08 44 1D 5B AA AA 
Time:	07:29:12,090
Send:	220001
Receive: 62 00 01 02 8D 00 AC 0C 90 00 08 01 D8 00 7C 00 00 03 98 00 7F 80 A8 58 A0 77 DD 41 F1 E5 84 E3 00 E6 01 BA 60 2A 12 1F C0 00 50 0A A9 00 30 FF 45 00 00 4A 45 03 01 7D C0 78 D3 0C 3A 9B 00 08 45 1D 5B AA AA 
Time:	07:29:12,478
Send:	220001

Fixed toLineMF: 03E 62 00 01 02 8D 00 00 7C 00 00 03 9D 00 7F 80 6E 58 2E 76 3D 41 F1 E5 84 C1 00 E6 01 BA 60 2A F3 1F C0 00 50 0A A9 00 30 FF 40 00 00 4A 45 03 01 7D C0 78 D3 0C 3A 9B 00 08 4C 1D 76 AA AA 
Receive: 62 00 01 02 8D 00 00 7C 00 00 03 9D 00 7F 80 6E 58 2E 76 3D 41 F1 E5 84 C1 00 E6 01 BA 60 2A F3 1F C0 00 50 0A A9 00 30 FF 40 00 00 4A 45 03 01 7D C0 78 D3 0C 3A 9B 00 08 4C 1D 76 AA AA 

Fixed toLineMF: 03E 62 00 01 02 8D 00 00 7C 00 00 03 9D 00 7F 80 6E 58 2E 76 3D 41 F1 E5 84 C1 00 E6 01 BA 60 2A F3 1F C0 00 50 0A A9 00 30 FF 40 00 00 4A 45 03 01 7D C0 78 D3 0C 3A 9B 00 08 4C 1D 76 AA AA 
Time:	07:29:12,863
Send:	220001

Fixed toLineMF: 03E 62 00 01 02 8D 00 AC 0C 68 00 0A 01 DF 00 7C 00 00 03 97 00 7B 80 2F 58 2C 7A 3D 41 F1 E5 84 EC 00 E6 01 AD 60 2B D4 1F C0 00 50 0A A9 00 30 FF 45 00 00 4A 45 03 01 7D C0 78 D3 0C 3A 9B 
Receive: 62 00 01 02 8D 00 AC 0C 68 00 0A 01 DF 00 7C 00 00 03 97 00 7B 80 2F 58 2C 7A 3D 41 F1 E5 84 EC 00 E6 01 AD 60 2B D4 1F C0 00 50 0A A9 00 30 FF 45 00 00 4A 45 03 01 7D C0 78 D3 0C 3A 9B 

Fixed toLineMF: 03E 62 00 01 02 8D 00 AC 0C 68 00 0A 01 DF 00 7C 00 00 03 97 00 7B 80 2F 58 2C 7A 3D 41 F1 E5 84 EC 00 E6 01 AD 60 2B D4 1F C0 00 50 0A A9 00 30 FF 45 00 00 4A 45 03 01 7D C0 78 D3 0C 3A 9B 
Time:	07:29:13,251
Send:	220001
Receive: 62 00 01 02 8D 00 AC 0C 7A 00 08 01 F5 00 7C 00 00 03 B3 00 83 80 2F 58 2B 7C 1D 41 F1 E5 84 40 00 E6 01 AD 60 2C BA 1F C0 00 50 0A A9 00 30 FF 48 00 00 4A 45 03 01 7D C0 78 D3 0C 3A 9B 00 08 6D 1D A3 AA AA 
Time:	07:29:13,632
Send:	220001
Receive: 62 00 01 02 8D 00 AC 0C 7E 00 07 01 E3 00 7C 00 00 03 A8 00 81 80 A7 58 A3 78 3D 41 F1 E5 84 80 00 E6 01 AD 60 2D 9B 1F C0 00 50 0A A9 00 30 FF 45 00 00 4A 45 03 01 7D C0 78 D3 0C 3A 9B 00 08 6E 1D AE AA AA 
Time:	07:29:14,033
Send:	220001
Receive: 62 00 01 02 8D 00 AC 0C 68 00 08 01 DB 00 7C 00 00 03 9F 00 7B 80 AA 58 A1 76 7D 41 F1 E5 84 B8 00 E6 01 E6 60 2E 7C 1F C0 00 50 0A A9 00 30 FF 45 00 00 4A 45 03 01 7D C0 78 D3 0C 3A 9B 00 08 6E 1D CB AA AA 
Time:	07:29:14,417
Send:	220001
Receive: 62 00 01 02 8D 00 AC 0C 58 00 07 01 F0 00 79 00 00 03 BD 00 82 80 56 58 2C 75 1D 41 F1 E5 84 00 00 E6 01 E6 60 30 43 1F C0 00 50 0A A9 00 30 FF 53 00 00 4A 45 03 01 FD C0 78 D3 0C 3A 9B 00 08 67 1D FF AA AA 
Time:	07:29:14,819
Send:	220001
Receive: 62 00 01 02 8D 00 AC 0C 6A 00 07 01 FA 00 7C 00 00 03 C0 00 85 80 2C 58 2A 79 FD 41 F1 E5 83 F3 00 E6 01 E6 60 31 24 1F C0 00 50 0A A9 00 30 FF 5B 00 00 4A 45 03 01 FD C0 78 D3 0C 3A 9B 00 08 84 1D E0 AA AA 
Time:	07:29:15,251
Send:	220001
Receive: 62 00 01 02 8D 00 AC 0C 7E 00 08 01 DF 00 79 00 00 03 A5 00 7F 80 9D 58 9A 77 BD 41 F1 E5 84 96 00 E6 01 E6 60 32 0A 1F C0 00 50 0A A9 00 30 FF 56 00 00 4A 45 03 01 FD C0 78 D3 0C 3A 9B 00 08 63 1D C5 AA AA 
Time:	07:29:15,648
Send:	220001

Fixed toLineMF: 03E 62 00 01 02 8D 00 AC 0C 78 00 07 01 EE 00 77 00 00 03 B8 00 41 F1 E5 84 22 00 E6 01 E6 60 32 EB 1F C0 00 50 0A A9 00 30 FF 58 00 00 4A 45 03 01 FD C0 78 D3 0C 3A 9B 00 08 4C 1D D8 AA AA 
Receive: 62 00 01 02 8D 00 AC 0C 78 00 07 01 EE 00 77 00 00 03 B8 00 41 F1 E5 84 22 00 E6 01 E6 60 32 EB 1F C0 00 50 0A A9 00 30 FF 58 00 00 4A 45 03 01 FD C0 78 D3 0C 3A 9B 00 08 4C 1D D8 AA AA 

Fixed toLineMF: 03E 62 00 01 02 8D 00 AC 0C 78 00 07 01 EE 00 77 00 00 03 B8 00 41 F1 E5 84 22 00 E6 01 E6 60 32 EB 1F C0 00 50 0A A9 00 30 FF 58 00 00 4A 45 03 01 FD C0 78 D3 0C 3A 9B 00 08 4C 1D D8 AA AA 
Time:	07:29:16,132
Send:	220001
Receive: 62 00 01 02 8D 00 AC 0C 50 00 08 01 E1 00 79 00 00 03 AE 00 7D 80 85 58 34 73 BD 41 F1 E5 84 5E 00 E6 01 AD 60 32 0A 1F C0 00 50 0A AA 00 30 FF 66 00 00 4A 45 03 01 FD C0 78 D3 0C 3A 9B 00 08 2D 1E 05 AA AA 
Time:	07:29:16,575
Send:	220001
Receive: 62 00 01 02 8D 00 AC 0C 66 00 07 01 FB 00 72 00 00 03 C2 00 83 80 2A 58 27 78 9D 41 F1 E5 83 E2 00 E6 01 AD 60 32 EB 1F C0 00 50 0A AA 00 30 FF 7B 00 00 4A 45 03 01 FD C0 78 D3 0C 3A 9B 00 08 7B 1D E5 AA AA 
Time:	07:29:16,981
Send:	220001
Receive: 62 00 01 02 8D 00 AC 0C 9C 00 0A 01 D6 00 74 00 00 03 97 00 80 80 94 58 7D 76 DD 41 F1 E5 84 EC 00 E6 01 C7 60 32 EB 1F C0 00 50 0A AA 00 30 FF 6E 00 00 4A 45 03 01 FD C0 78 D3 0C 3A 9B 00 08 39 1D 37 AA AA 
Time:	07:29:17,368
Send:	220001
Receive: 62 00 01 02 8D 00 AD 0C 9C 00 0B 01 C8 00 77 00 00 03 85 00 7B 80 AC 58 A3 75 1D 41 F1 E5 85 53 00 E6 01 C7 60 32 EB 1F C0 00 50 0A AA 00 30 FF 60 00 00 4A 45 03 01 FD C0 78 D3 0C 3A 9B 00 08 10 1D 05 AA AA 
Time:	07:29:17,801
Send:	220001

Fixed toLineMF: 03E 62 00 01 02 8D 00 AD 0C 80 00 0B 01 C0 00 77 00 00 03 7C 00 79 80 77 58 32 73 7D 41 F1 E5 85 8C 00 E6 00 50 0A AA 00 30 FF 5E 00 00 4A 45 03 01 FD C0 78 D3 0C 3A 9B 00 08 0C 1D 0E AA AA 
Receive: 62 00 01 02 8D 00 AD 0C 80 00 0B 01 C0 00 77 00 00 03 7C 00 79 80 77 58 32 73 7D 41 F1 E5 85 8C 00 E6 00 50 0A AA 00 30 FF 5E 00 00 4A 45 03 01 FD C0 78 D3 0C 3A 9B 00 08 0C 1D 0E AA AA 

Fixed toLineMF: 03E 62 00 01 02 8D 00 AD 0C 80 00 0B 01 C0 00 77 00 00 03 7C 00 79 80 77 58 32 73 7D 41 F1 E5 85 8C 00 E6 00 50 0A AA 00 30 FF 5E 00 00 4A 45 03 01 FD C0 78 D3 0C 3A 9B 00 08 0C 1D 0E AA AA 
Time:	07:29:18,198
Send:	220001
Receive: 62 00 01 02 8D 00 AD 0C 78 00 0C 01 DC 00 74 00 00 03 95 00 7F 80 2A 58 27 77 DD 41 F1 E5 84 F4 00 E6 01 8C 60 32 EB 1F C0 00 50 0A AA 00 30 FF 60 00 00 4A 45 03 01 FD C0 78 D3 0C 3A 9B 00 08 34 1D 34 AA AA 
Time:	07:29:18,594
Send:	220001
Receive: 62 00 01 02 8D 00 AC 0C A6 00 0A 01 DA 00 77 00 00 03 86 00 7E 80 2B 58 2A 79 9D 41 F1 E5 85 4F 00 E6 01 8C 60 32 EB 1F C0 00 50 0A AA 00 30 FF 53 00 00 4A 45 03 01 FD C0 78 D3 0C 3A 9B 00 08 13 1C EB AA AA 
Time:	07:29:18,980
Send:	220001
Receive: 62 00 01 02 8D 00 AD 0C A2 00 09 01 DD 00 77 00 00 03 93 00 80 80 99 58 3C 78 DD 41 F1 E5 85 06 00 E6 01 C7 60 32 EB 1D 60 00 50 0A AB 00 30 FF 48 00 00 4A 45 03 01 FD C0 78 D3 0C 3A 9B 00 08 24 1D 01 AA AA 
Time:	07:29:19,400
Send:	220001
Receive: 62 00 01 02 8D 00 AD 0C 6A 00 0C 01 D1 00 77 00 00 03 81 00 78 80 A7 58 9D 77 3D 41 F1 E5 85 72 00 E6 01 C7 60 32 0A 1D 60 00 50 0A AB 00 30 FF 4B 00 00 4A 45 03 01 FD C0 78 D3 0C 3A 9B 00 07 FD 1D 51 AA AA 
Time:	07:29:19,792
Send:	220001
Receive: 62 00 01 02 8D 00 AD 0C 7E 00 09 01 D9 00 77 00 00 03 9B 00 80 80 A0 58 2F 75 7D 41 F1 E5 84 CD 00 E6 01 AD 61 32 EB 1D 60 00 50 0A AB 00 30 FF 4D 00 00 4A 45 03 01 FD C0 78 D3 0C 3A 9B 00 08 3A 1D 3C AA AA 
Time:	07:29:20,193
Send:	220001
Receive: 62 00 01 02 8D 00 AD 0C 82 00 0A 01 D7 00 77 00 00 03 88 00 7D 80 31 58 2B 79 7D 41 F1 E5 85 42 00 E6 01 AD 61 32 0A 1D 60 00 50 0A AC 00 30 FF 4B 00 00 4A 45 03 01 FD C0 78 D3 0C 3A 9B 00 08 2E 1D 3F AA AA 
Time:	07:29:20,587
Send:	220001
Receive: 62 00 01 02 8D 00 AD 0C 74 00 09 01 E4 00 77 00 00 03 8E 00 7D 80 34 58 2C 7B 3D 41 F1 E5 85 1F 00 E6 01 AD 61 32 EB 1D 60 00 50 0A AC 00 30 FF 4B 00 00 4A 45 03 01 FD C0 78 D3 0C 3A 9B 00 08 37 1D 68 AA AA 
Time:	07:29:20,984
Send:	220001
Receive: 62 00 01 02 8D 00 AD 0C 98 00 0A 01 D4 00 77 00 00 03 8E 00 7D 80 A7 58 A0 77 5D 41 F1 E5 85 1F 00 E6 01 F4 61 32 0A 1D 60 00 50 0A AC 00 30 FF 3A 00 00 4A 45 03 01 FD C0 78 D3 0C 3A 9B 00 08 22 1D 3C AA AA 
Time:	07:29:21,371
Send:	220001
Receive: 62 00 01 02 8C 00 AD 0C 74 00 0C 01 D8 00 77 00 00 03 93 00 7A 80 AD 58 A1 75 9D 41 F1 E5 84 FD 00 E6 01 F4 61 32 0A 1D 60 00 50 0A AC 00 30 FF 3A 00 00 4A 45 03 01 FD C0 78 D3 0C 3A 9B 00 08 2D 1D 6B AA AA 
Time:	07:29:21,757
Send:	220001
Receive: 62 00 01 02 8D 00 AD 0C 54 00 09 01 D5 00 77 00 00 03 9B 00 7E 80 9B 58 33 74 7D 41 F1 E5 84 CD 00 E6 01 F4 61 32 0A 1D 60 00 50 0A AC 00 30 FF 48 00 00 4A 45 03 01 FD C0 78 D3 0C 3A 9B 00 08 68 1D BD AA AA 
Time:	07:29:22,157
Send:	220001
Receive: 62 00 01 02 8D 00 AD 0C 5E 00 09 01 F9 00 79 00 00 03 B5 00 80 80 2B 58 29 79 3D 41 F1 E5 84 37 00 E6 01 BA 61 32 EB 1D 60 00 50 0A AC 00 30 FF 50 00 00 4A 45 03 01 FD C0 78 D3 0C 3A 9B 00 08 57 1D E6 AA AA 
Time:	07:29:22,569
Send:	220001

Fixed toLineMF: 03E 62 00 01 02 8D 00 AD 0C AA 00 05 01 DA 00 79 00 00 03 9F 00 41 F1 E5 84 B8 00 E6 01 BA 61 32 EB 1D 60 00 50 0A AC 00 30 FF 42 00 00 4A 45 03 01 FD C0 78 D3 0C 3A 9B 00 08 47 1D 72 AA AA 
Receive: 62 00 01 02 8D 00 AD 0C AA 00 05 01 DA 00 79 00 00 03 9F 00 41 F1 E5 84 B8 00 E6 01 BA 61 32 EB 1D 60 00 50 0A AC 00 30 FF 42 00 00 4A 45 03 01 FD C0 78 D3 0C 3A 9B 00 08 47 1D 72 AA AA 

Fixed toLineMF: 03E 62 00 01 02 8D 00 AD 0C AA 00 05 01 DA 00 79 00 00 03 9F 00 41 F1 E5 84 B8 00 E6 01 BA 61 32 EB 1D 60 00 50 0A AC 00 30 FF 42 00 00 4A 45 03 01 FD C0 78 D3 0C 3A 9B 00 08 47 1D 72 AA AA 
Time:	07:29:22,967
Send:	220001
Receive: 62 00 01 02 8D 00 AD 0C 86 00 0A 01 D6 00 7C 00 00 03 98 00 7E 80 AD 58 A6 75 FD 41 F1 E5 84 E3 00 E6 01 C7 61 32 0A 1D 60 00 50 0A AC 00 30 FF 40 00 00 4A 45 03 01 FD C0 78 D3 0C 3A 9B 00 08 50 1D A9 AA AA 
Time:	07:29:23,356
Send:	220001
Receive: 62 00 01 02 8D 00 AD 0C 4A 00 09 01 DA 00 7C 00 00 03 A2 00 7B 80 A6 58 71 74 3D 41 F1 E5 84 A7 00 E6 01 C7 61 32 0A 1D 60 00 50 0A AC 00 30 FF 4D 00 00 4A 45 03 01 FD C0 78 D3 0C 3A 9B 00 08 53 1E 20 AA AA 
Time:	07:29:23,758
Send:	220001

Fixed toLineMF: 03E 62 00 01 02 8C 00 AD 0C 32 00 0A 01 F1 7F 80 2C 58 28 79 5D 41 F1 E5 84 1A 00 E6 01 C7 61 32 EB 1B 4E 00 50 0A AC 00 30 FF 68 00 00 4A 45 03 01 FD C0 78 D3 0C 3A 9B 00 08 8F 1E 49 AA AA 
Receive: 62 00 01 02 8C 00 AD 0C 32 00 0A 01 F1 7F 80 2C 58 28 79 5D 41 F1 E5 84 1A 00 E6 01 C7 61 32 EB 1B 4E 00 50 0A AC 00 30 FF 68 00 00 4A 45 03 01 FD C0 78 D3 0C 3A 9B 00 08 8F 1E 49 AA AA 

Fixed toLineMF: 03E 62 00 01 02 8C 00 AD 0C 32 00 0A 01 F1 7F 80 2C 58 28 79 5D 41 F1 E5 84 1A 00 E6 01 C7 61 32 EB 1B 4E 00 50 0A AC 00 30 FF 68 00 00 4A 45 03 01 FD C0 78 D3 0C 3A 9B 00 08 8F 1E 49 AA AA 
Time:	07:29:24,151
Send:	220001
Receive: 62 00 01 02 8D 00 AD 0C 5A 00 06 01 F0 00 7C 00 00 03 B3 00 80 80 30 58 2E 7B 3D 41 F1 E5 84 40 00 E6 01 E6 61 32 0A 1B 4E 00 50 0A AD 00 30 FF 6E 00 00 4A 45 03 01 FD C0 78 D3 0C 3A 9B 00 08 90 1E 02 AA AA 
Time:	07:29:24,552
Send:	220001
Receive: 62 00 01 02 8D 00 AD 0C 88 00 06 01 E6 00 79 00 00 03 B2 00 81 80 A6 58 A0 77 7D 41 F1 E5 84 48 00 E6 01 E6 61 32 EB 1B 4E 00 50 0A AD 00 30 FF 66 00 00 4A 45 03 01 FD C0 78 D3 0C 3A 9B 00 08 5B 1D C3 AA AA 
Time:	07:29:24,951
Send:	220001
Receive: 62 00 01 02 8D 00 AD 0C 4C 00 0B 01 E2 00 7C 00 00 03 AC 00 7C 80 AD 58 A0 75 9D 41 F1 E5 84 66 00 E6 01 AD 61 32 0A 1B 4E 00 50 0A AD 00 30 FF 71 00 00 4A 45 03 01 FD C0 78 D3 0C 3A 9B 00 08 59 1E 30 AA AA 
Time:	07:29:25,363
Send:	220001
Receive: 62 00 01 02 8D 00 AD 0C 80 00 07 01 E1 00 7C 00 00 03 AC 00 7E 80 2B 58 29 77 DD 41 F1 E5 84 6B 00 E6 01 AD 61 32 0A 1B 4E 00 50 0A AD 00 30 FF 6E 00 00 4A 45 03 01 FD C0 78 D3 0C 3A 9B 00 08 55 1D E0 AA AA 
Time:	07:29:25,763
Send:	220001
Receive: 62 00 01 02 8D 00 AD 0C 72 00 09 01 E6 00 79 00 00 03 AC 00 82 80 2E 58 2A 79 3D 41 F1 E5 84 66 00 E6 01 AD 61 32 EB 1B 4E 00 50 0A AD 00 30 FF 73 00 00 4A 45 03 01 FD C0 78 D3 0C 3A 9B 00 08 86 1D D6 AA AA 
Time:	07:29:26,155
Send:	220001
Receive: 62 00 01 02 8D 00 AD 0C 96 00 08 01 DA 00 7C 00 00 03 A2 00 80 80 93 58 86 77 9D 41 F1 E5 84 A7 00 E6 01 E6 61 32 EB 1B 4E 00 50 0A AD 00 30 FF 66 00 00 4A 45 03 01 FD C0 78 D3 0C 3A 9B 00 08 61 1D 91 AA AA 
Time:	07:29:26,544
Send:	220001
Receive: 62 00 01 02 8D 00 AD 0C 56 00 0A 01 E5 00 7C 00 00 03 AD 00 7C 80 AA 58 A1 75 DD 41 F1 E5 84 62 00 E6 01 E6 61 32 0A 1B 4E 00 50 0A AD 00 30 FF 6E 00 00 4A 45 03 01 FD C0 78 D3 0C 3A 9B 00 08 62 1E 1A AA AA 
Time:	07:29:26,931
Send:	220001
Receive: 62 00 01 02 8D 00 AD 0C 68 00 08 01 D6 00 7C 00 00 03 AD 00 81 80 5B 58 2B 74 1D 41 F1 E5 84 62 00 E6 01 F4 61 32 EB 1B 4E 00 50 0A AD 00 30 FF 73 00 00 4A 45 03 01 FD C0 78 D3 0C 3A 9B 00 08 7D 1D E0 AA AA 
Time:	07:29:27,330
Send:	220001
Receive: 62 00 01 02 8D 00 AD 0C 6A 00 08 01 EE 00 79 00 00 03 B5 00 82 80 2B 58 29 78 BD 41 F1 E5 84 33 00 E6 01 F4 61 32 EB 1B 4E 00 50 0A AD 00 30 FF 7B 00 00 4A 45 03 01 FD C0 78 D3 0C 3A 9B 00 08 88 1D ED AA AA 
Time:	07:29:27,732
Send:	220001
Receive: 62 00 01 02 8D 00 AD 0C 82 00 08 01 EE 00 79 00 00 03 AC 00 80 80 39 58 36 7A 7D 41 F1 E5 84 66 00 E6 01 F4 61 32 EB 1B 4E 00 50 0A AD 00 30 FF 76 00 00 4A 45 03 01 FD C0 78 D3 0C 3A 9B 00 08 68 1D C3 AA AA 
Time:	07:29:28,115
Send:	220001
Receive: 62 00 01 02 8D 00 AD 0C 8E 00 08 01 DE 00 79 00 00 03 A5 00 81 80 A5 58 9C 77 DD 41 F1 E5 84 96 00 E6 01 E6 61 32 EB 19 86 00 50 0A AD 00 30 FF 6E 00 00 4A 45 03 01 FD C0 78 D3 0C 3A 9B 00 08 5F 1D 92 AA AA 
Time:	07:29:28,500
Send:	220001
Receive: 62 00 01 02 8D 00 AD 0C 72 00 09 01 D8 00 79 00 00 03 A4 00 7D 80 A7 58 99 76 1D 41 F1 E4 84 9A 00 E6 01 E6 61 32 EB 19 86 00 50 0A AD 00 30 FF 6E 00 00 4A 45 03 01 FD C0 78 D3 0C 3A 9B 00 08 54 1D C3 AA AA 
Time:	07:29:28,907
Send:	220001
Receive: 62 00 01 02 8D 00 AD 0C 28 00 0C 01 DE 00 7C 00 00 03 9F 00 7B 80 2E 58 2A 78 DD 41 F1 E4 84 B4 00 E6 01 AD 61 32 0A 19 86 00 50 0A AE 00 30 FF 86 00 1D 4A 45 03 01 FD C0 78 D3 0C 3A 9B 00 08 5E 1E 49 AA AA 
Time:	07:29:29,324
Send:	220001
