LogID,LogEntrySeconds,LogNotes,Напряжение батареи ( В),Температура охлаждающей жидкости ( °С),Обороты  двигателя ( об/мин),Скорость автомобиля ( км/час),Угол опережения зажигания ( °ПКВ),Длительность импульса впрыска ( мс),Положение дроссельной заслонки ( %),Положение педали газа ( %),Относительное заполнение воздухом ( %),Желаемое значение коэффициента лямбда (-),Напряжение датчика кислорода 1 ( В),Период сигнала датчика кислорода 1 ( с),Напряжение датчика кислорода 2 ( В),Текущий коэффициент коррекции длительности впрыска топлива (-),Фактор высотной коррекции (-),Адаптированное отклонение расхода воздуха во впускном колекторе мимо дросселя ( кг),Мультипликативная составляющая коррекции смеси самообучением (-),I-часть регулирования по датчику кислорода 2 (-),Фактор старения нейтрализатора (-),Расход топлива ( л/час),Температура впускного воздуха ( °С),Коэффициент продувки адсорбера ( %),Концентрация топлива в адсорбере (-),Величина отскока УОЗ при детонации ( °ПКВ),Желаемые обороты холостого хода ( об/мин),Разница крутящего момента от адаптированного крутящего момента ( %),Нормальная утечка воздуха через дроссель (-),Потребность в моменте для регулирования ХХ: I-часть ( %),Потребность в моменте для регулирования ХХ: PD-часть ( %),Температура охлаждающей жидкости при пуске ( °С),Проверка нейтрализатора завершена (-),Проверка системы улавливания паров бензина завершена (-),Проверка первого датчика кислорода завершена (-),Проверка второго датчика кислорода завершена (-),Контроллер обучен (-),Контроллер заблокирован (-),Запуск с обходом возможен (-),Пароль обхода запрограммирован (-),Ошибка связи с иммобилизатором (-),Быстрый старт разрешен (-),Реле бензонасоса (-),Флаг нажатия педали тормоза 2 (-),Флаг нажатия педали сцепления (-),Запрос на включение кондиционера (-),Реле кондиционера включено (-),Флаг высокого давления в системе кондиционера (-),Реле вентилятора охлаждения 1 (-),Реле вентилятора охлаждения 2 (-),Холостой ход (-),Признак обогащения по мощности  (-),Продувка адсорбера активирована (-),Готовность датчика кислорода 1 (-),Флаг обратной связи по датчику кислорода 1 (-),Готовность датчика кислорода 2 (-),Обратная связь по датчику кислорода 2 (-),Признак разрешения адаптации топливоподачи (-),Отсечка топливоподачи (-),Контроль детонации активен (-),Динамический счетчик не равен нулю (-),Обнаружение пропусков зажигания приостановлено (-),Признак обнаружения неровной дороги (-),Флаг нажатия педали тормоза 1 (-),Регистрация активна (-),Лампа индикации неисправностей (-),Время работы (-),Контрольная сумма ПЗУ (-),АБС присутствует (-),ESP присутствует (-),АКПП присутствует (-),ЦБКЭ присутствует (-),Круиз-контроль присутствует (-),Датчик скорости автомобиля присутствует (-),Окончание обучения электронных устройств (-),Клапан управления длиной каналов системы впуска (-),Доп. реле стартера (-),Цикловое наполнение по датчику абсолютного давления во впускном коллекторе ( мг/ц),Измеренное давление во впускном коллекторе ( мБар),Параметр адаптации демпфера в диапазоне 1  ( °),Параметр адаптации демпфера в диапазоне 2 ( °),Параметр адаптации демпфера в диапазоне 3 ( °),Параметр адаптации демпфера в диапазоне 4 ( °),Счетчик пропусков воспламенения для цилиндра 1. влияющих на токсичность (-),Счетчик пропусков воспламенения для цилиндра 3. влияющих на токсичность (-),Счетчик пропусков воспламенения для цилиндра 4. влияющих на токсичность (-),Счетчик пропусков воспламенения для цилиндра 2. влияющих на токсичность (-),Суммарный счетчик пропусков воспламенения. влияющих на работу нейтрализатора (-),Запрет распознавания. обороты меньше минимальных (-),Запрет распознавания. обороты больше максимальных (-),Запрет распознавания. изменение нагрузки (-),Запрет распознавания. изменение динамики двигателя (-),Запрет распознавания. нагрузка меньше порога (-),Условия отключения топливоподачи (-),Распознавание пропусков воспламенения приостановлено (-),Обучение в диапазоне 1 завершено (-),Обучение в диапазоне 2 завершено (-),Обучение в диапазоне 3 завершено (-),Обучение в диапазоне 4 завершено (-),Счетчик пропусков в цилиндре 1 за текущую поездку (-),Счетчик пропусков в цилиндре 3 за текущую поездку (-),Счетчик пропусков в цилиндре 4 за текущую поездку (-),Счетчик пропусков в цилиндре 2 за текущую поездку (-),Относительный уровень регулировки по детонации в цилиндре 1 (В),Относительный уровень регулировки по детонации в цилиндре 3 (В),Относительный уровень регулировки по детонации в цилиндре 4 (В),Относительный уровень регулировки по детонации в цилиндре 2 (В),Отскок угла опережения зажигания при детонации для цилиндра 1 ( °),Отскок угла опережения зажигания при детонации для цилиндра 3 ( °),Отскок угла опережения зажигания при детонации для цилиндра 4 ( °),Отскок угла опережения зажигания при детонации для цилиндра 2 ( °),Базовый угол опережения зажигания ( °),Максимальная задержка УОЗ ( °),АЦП Бортовое напряжение (В),АЦП Датчик температуры охлаждающей жидкости (В),АЦП Датчик температуры воздуха во впускном коллекторе (В),АЦП Напряжение датчика абсолютного давления во впускном коллекторе (В),АЦП Датчик положения дроссельной заслонки 1 (В),АЦП Датчик положения дроссельной заслонки 2 (В),АЦП Датчик положения педали газа 1 (В),АЦП Датчик положения педали газа 2 (В),АЦП Датчик кислорода 1 (В),АЦП Сопротивление датчика кислорода 1 (Ом),АЦП Датчик кислорода 2 (В),АЦП Сопротивление датчика кислорода 2 (Ом),АЦП Датчик детонации (В),АЦП Напряжение средней точки вентиляторов охлаждения (В),DFM Сигнал с генератора (-),Сигнал LT генератора (-),Сигнал с датчика давления масла (-),Круиз-конторль/ограничитель скорости разрешен (-),Круиз-конторль/ограничитель скорости активен (-),Круиз-конторль/ограничитель скорости вход 1 (-),Круиз-конторль/ограничитель скорости вход 2 (-),температура генератора ( °C),обороты генератора ( об/мин)
0,1,899,12.40,27.75,0,0.0,-5.250,0.000,6.49,0.000,98.44,1.01,0.52,-0.76,0.52,1.000,1.02,0.00,1.051,0.00,0.90,0.000,20.3,0.000,0.496,0.000,1240,7.00,4.5,0.00,0.00,27.8,1,1,0,0,1,1,0,0,0,0,0,0,0,0,0,0,0,0,1,0,0,0,0,0,0,0,0,0,0,1,0,0,1,1,5156.0,0C,1,1,0,1,1,0,1,0,1,600.00,1015.50,,,,,,,,,,,,,,,,,,,,,,,,,,,,,,,,,,,,,,,,,,,,,,,,,,,,,,,,,
1,2,383,12.40,27.75,0,0.0,-5.250,0.000,6.54,0.000,98.44,1.01,0.51,-0.76,0.52,1.000,1.02,0.00,1.051,0.00,0.90,0.000,20.3,0.000,0.496,0.000,1240,7.00,4.5,0.00,0.00,27.8,1,1,0,0,1,1,0,0,0,0,0,0,0,0,0,0,0,0,1,0,0,0,0,0,0,0,0,0,0,1,0,0,1,1,5156.0,0C,1,1,0,1,1,0,1,0,1,600.00,1015.69,,,,,,,,,,,,,,,,,,,,,,,,,,,,,,,,,,,,,,,,,,,,,,,,,,,,,,,,,
2,2,782,12.40,27.75,0,0.0,-5.250,0.000,6.49,0.000,98.44,1.01,0.52,-0.76,0.52,1.000,1.02,0.00,1.051,0.00,0.90,0.000,20.3,0.000,0.496,0.000,1240,7.00,4.5,0.00,0.00,27.8,1,1,0,0,1,1,0,0,0,0,0,0,0,0,0,0,0,0,1,0,0,0,0,0,0,0,0,0,0,1,0,0,1,1,5156.0,0C,1,1,0,1,1,0,1,0,1,600.00,1016.00,,,,,,,,,,,,,,,,,,,,,,,,,,,,,,,,,,,,,,,,,,,,,,,,,,,,,,,,,
3,3,181,12.40,27.75,0,0.0,-5.250,0.000,6.49,0.000,98.44,1.01,0.51,-0.76,0.52,1.000,1.02,0.00,1.051,0.00,0.90,0.000,20.3,0.000,0.496,0.000,1240,7.00,4.5,0.00,0.00,27.8,1,1,0,0,1,1,0,0,0,0,0,0,0,0,0,0,0,0,1,0,0,0,0,0,0,0,0,0,0,1,0,0,1,1,5156.0,0C,1,1,0,1,1,0,1,0,1,600.00,1015.81,,,,,,,,,,,,,,,,,,,,,,,,,,,,,,,,,,,,,,,,,,,,,,,,,,,,,,,,,
4,3,583,12.40,27.75,0,0.0,-5.250,0.000,6.54,0.000,98.44,1.01,0.52,-0.76,0.52,1.000,1.02,0.00,1.051,0.00,0.90,0.000,20.3,0.000,0.496,0.000,1240,7.00,4.5,0.00,0.00,27.8,1,1,0,0,1,1,0,0,0,0,0,0,0,0,0,0,0,0,1,0,0,0,0,0,0,0,0,0,0,1,0,0,1,1,5156.0,0C,1,1,0,1,1,0,1,0,1,600.00,1015.63,,,,,,,,,,,,,,,,,,,,,,,,,,,,,,,,,,,,,,,,,,,,,,,,,,,,,,,,,
5,4,15,12.40,27.75,0,0.0,-5.250,0.000,6.49,0.000,98.44,1.01,0.51,-0.76,0.52,1.000,1.02,0.00,1.051,0.00,0.90,0.000,20.3,0.000,0.496,0.000,1240,7.00,4.5,0.00,0.00,27.8,1,1,0,0,1,1,0,0,0,0,0,0,0,0,0,0,0,0,1,0,0,0,0,0,0,0,0,0,0,1,0,0,1,1,5156.0,0C,1,1,0,1,1,0,1,0,1,600.00,1015.94,,,,,,,,,,,,,,,,,,,,,,,,,,,,,,,,,,,,,,,,,,,,,,,,,,,,,,,,,
6,4,416,12.40,27.75,0,0.0,-5.250,0.000,6.54,0.000,98.44,1.01,0.51,-0.76,0.52,1.000,1.02,0.00,1.051,0.00,0.90,0.000,20.3,0.000,0.496,0.000,1240,7.00,4.5,0.00,0.00,27.8,1,1,0,0,1,1,0,0,0,0,0,0,0,0,0,0,0,0,1,0,0,0,0,0,0,0,0,0,0,1,0,0,1,1,5156.0,0C,1,1,0,1,1,0,1,0,1,600.00,1015.69,,,,,,,,,,,,,,,,,,,,,,,,,,,,,,,,,,,,,,,,,,,,,,,,,,,,,,,,,
7,4,833,12.40,27.75,0,0.0,-5.250,0.000,6.54,0.000,98.44,1.01,0.51,-0.76,0.52,1.000,1.02,0.00,1.051,0.00,0.90,0.000,20.3,0.000,0.496,0.000,1240,7.00,4.5,0.00,0.00,27.8,1,1,0,0,1,1,0,0,0,0,0,0,0,0,0,0,0,0,1,0,0,0,0,0,0,0,0,0,0,1,0,0,1,1,5156.0,0C,1,1,0,1,1,0,1,0,1,600.00,1015.56,,,,,,,,,,,,,,,,,,,,,,,,,,,,,,,,,,,,,,,,,,,,,,,,,,,,,,,,,
8,5,251,12.40,27.75,0,0.0,-5.250,0.000,6.54,0.000,98.44,1.01,0.51,-0.76,0.52,1.000,1.02,0.00,1.051,0.00,0.90,0.000,20.3,0.000,0.496,0.000,1240,7.00,4.5,0.00,0.00,27.8,1,1,0,0,1,1,0,0,0,0,0,0,0,0,0,0,0,0,1,0,0,0,0,0,0,0,0,0,0,1,0,0,1,1,5156.0,0C,1,1,0,1,1,0,1,0,1,600.00,1015.81,,,,,,,,,,,,,,,,,,,,,,,,,,,,,,,,,,,,,,,,,,,,,,,,,,,,,,,,,
9,5,645,12.40,27.75,0,0.0,-5.250,0.000,6.54,0.000,98.44,1.01,0.52,-0.76,0.52,1.000,1.02,0.00,1.051,0.00,0.90,0.000,20.3,0.000,0.496,0.000,1240,7.00,4.5,0.00,0.00,27.8,1,1,0,0,1,1,0,0,0,0,0,0,0,0,0,0,0,0,1,0,0,0,0,0,0,0,0,0,0,1,0,0,1,1,5156.0,0C,1,1,0,1,1,0,1,0,1,600.00,1015.50,,,,,,,,,,,,,,,,,,,,,,,,,,,,,,,,,,,,,,,,,,,,,,,,,,,,,,,,,
10,6,51,12.40,27.75,0,0.0,-5.250,0.000,6.49,0.000,98.44,1.01,0.51,-0.76,0.52,1.000,1.02,0.00,1.051,0.00,0.90,0.000,20.3,0.000,0.496,0.000,1240,7.00,4.5,0.00,0.00,27.8,1,1,0,0,1,1,0,0,0,0,0,0,0,0,0,0,0,0,1,0,0,0,0,0,0,0,0,0,0,1,0,0,1,1,5156.0,0C,1,1,0,1,1,0,1,0,1,600.00,1015.69,,,,,,,,,,,,,,,,,,,,,,,,,,,,,,,,,,,,,,,,,,,,,,,,,,,,,,,,,
11,6,441,12.40,27.75,0,0.0,-5.250,0.000,6.54,0.000,98.44,1.01,0.52,-0.76,0.52,1.000,1.02,0.00,1.051,0.00,0.90,0.000,20.3,0.000,0.496,0.000,1240,7.00,4.5,0.00,0.00,27.8,1,1,0,0,1,1,0,0,0,0,0,0,0,0,0,0,0,0,1,0,0,0,0,0,0,0,0,0,0,1,0,0,1,1,5156.0,0C,1,1,0,1,1,0,1,0,1,600.00,1015.50,,,,,,,,,,,,,,,,,,,,,,,,,,,,,,,,,,,,,,,,,,,,,,,,,,,,,,,,,
12,6,822,12.40,27.75,0,0.0,-5.250,0.000,6.54,0.000,98.44,1.01,0.51,-0.76,0.52,1.000,1.02,0.00,1.051,0.00,0.90,0.000,20.3,0.000,0.496,0.000,1240,7.00,4.5,0.00,0.00,27.8,1,1,0,0,1,1,0,0,0,0,0,0,0,0,0,0,0,0,1,0,0,0,0,0,0,0,0,0,0,1,0,0,1,1,5156.0,0C,1,1,0,1,1,0,1,0,1,600.00,1015.50,,,,,,,,,,,,,,,,,,,,,,,,,,,,,,,,,,,,,,,,,,,,,,,,,,,,,,,,,
13,7,223,12.40,27.75,0,0.0,-5.250,0.000,6.54,0.000,98.44,1.01,0.52,-0.76,0.52,1.000,1.02,0.00,1.051,0.00,0.90,0.000,20.3,0.000,0.496,0.000,1240,7.00,4.5,0.00,0.00,27.8,1,1,0,0,1,1,0,0,0,0,0,0,0,0,0,0,0,0,1,0,0,0,0,0,0,0,0,0,0,1,0,0,1,1,5156.0,0C,1,1,0,1,1,0,1,0,1,600.00,1015.56,,,,,,,,,,,,,,,,,,,,,,,,,,,,,,,,,,,,,,,,,,,,,,,,,,,,,,,,,
14,7,622,12.40,27.75,0,0.0,-5.250,0.000,6.49,0.000,98.44,1.01,0.52,-0.76,0.52,1.000,1.02,0.00,1.051,0.00,0.90,0.000,20.3,0.000,0.496,0.000,1240,7.00,4.5,0.00,0.00,27.8,1,1,0,0,1,1,0,0,0,0,0,0,0,0,0,0,0,0,1,0,0,0,0,0,0,0,0,0,0,1,0,0,1,1,5156.0,0C,1,1,0,1,1,0,1,0,1,600.00,1015.69,,,,,,,,,,,,,,,,,,,,,,,,,,,,,,,,,,,,,,,,,,,,,,,,,,,,,,,,,
15,8,13,12.40,27.75,0,0.0,-5.250,0.000,6.54,0.000,98.44,1.01,0.52,-0.76,0.52,1.000,1.02,0.00,1.051,0.00,0.90,0.000,21.0,0.000,0.496,0.000,1240,7.00,4.5,0.00,0.00,27.8,1,1,0,0,1,1,0,0,0,0,0,0,0,0,0,0,0,0,1,0,0,0,0,0,0,0,0,0,0,1,0,0,1,1,5156.0,0C,1,1,0,1,1,0,1,0,1,600.00,1015.69,,,,,,,,,,,,,,,,,,,,,,,,,,,,,,,,,,,,,,,,,,,,,,,,,,,,,,,,,
16,8,402,10.60,27.75,159,0.0,-5.250,0.000,7.30,0.000,98.44,1.01,0.51,-0.76,0.51,1.000,1.02,0.00,1.051,0.00,0.90,0.000,21.0,0.000,0.496,0.000,1240,7.01,4.5,0.00,0.00,27.8,1,1,0,0,1,1,0,0,0,0,1,0,0,0,0,0,0,0,1,0,0,0,0,0,0,0,0,0,0,1,0,0,1,1,5156.0,0C,1,1,0,1,1,0,1,0,1,600.00,1013.63,,,,,,,,,,,,,,,,,,,,,,,,,,,,,,,,,,,,,,,,,,,,,,,,,,,,,,,,,
17,8,859,11.00,27.75,252,0.0,-4.500,22.342,7.35,0.000,73.59,1.01,0.51,-0.76,0.51,1.000,1.02,0.00,1.051,0.00,0.90,3.298,21.0,0.000,0.496,0.000,1240,7.01,4.5,0.00,0.00,27.8,1,1,0,0,1,1,0,0,0,0,1,0,0,0,0,0,0,0,1,0,0,0,0,0,0,0,0,0,0,1,0,0,1,1,5156.0,0C,1,1,0,1,1,0,1,0,1,413.69,931.88,,,,,,,,,,,,,,,,,,,,,,,,,,,,,,,,,,,,,,,,,,,,,,,,,,,,,,,,,
18,9,241,12.10,27.75,1335,0.0,-3.750,7.590,7.35,0.000,39.45,1.05,0.52,-0.76,0.52,1.000,1.02,0.00,1.082,0.00,0.90,3.298,20.3,0.000,0.496,0.000,1240,7.00,4.5,0.00,-0.62,27.8,1,1,0,0,1,1,0,0,0,0,1,0,0,0,0,0,0,0,1,0,0,0,0,0,0,0,0,0,0,1,0,0,1,1,5156.0,0C,1,1,0,1,1,0,1,0,1,216.06,516.88,,,,,,,,,,,,,,,,,,,,,,,,,,,,,,,,,,,,,,,,,,,,,,,,,,,,,,,,,
19,9,644,12.30,27.75,1405,0.0,-2.250,5.504,7.35,0.000,31.95,1.07,0.52,-0.76,0.52,1.000,1.02,0.00,1.061,0.00,0.90,3.298,20.3,0.000,0.496,0.000,1240,7.00,4.5,0.00,-0.28,27.8,1,1,0,0,1,1,0,0,0,0,1,0,0,0,0,0,0,0,1,0,0,0,0,0,0,0,0,1,0,0,0,0,1,1,5156.0,0C,1,1,0,1,1,0,1,0,0,193.06,477.44,,,,,,,,,,,,,,,,,,,,,,,,,,,,,,,,,,,,,,,,,,,,,,,,,,,,,,,,,
20,10,44,12.60,27.75,1367,0.0,0.000,5.459,7.35,0.000,31.24,1.07,0.52,-0.76,0.52,1.000,1.02,0.00,1.057,0.00,0.90,3.354,20.3,0.000,0.496,0.000,1240,7.00,4.5,0.00,-0.24,27.8,1,1,0,0,1,1,0,0,0,0,1,0,0,0,0,0,0,0,1,0,0,0,0,0,0,0,0,1,0,0,0,0,1,1,5156.0,0C,1,1,0,1,1,0,1,0,0,189.94,479.94,,,,,,,,,,,,,,,,,,,,,,,,,,,,,,,,,,,,,,,,,,,,,,,,,,,,,,,,,
21,10,447,13.00,27.75,1332,0.0,2.250,5.466,7.35,0.000,31.34,1.07,0.52,-0.76,0.52,1.000,1.02,0.00,1.050,0.00,0.90,3.354,20.3,0.000,0.496,0.000,1240,6.99,4.5,-0.02,-0.11,27.8,1,1,0,0,1,1,0,0,0,0,1,0,0,0,0,0,0,0,1,0,0,0,0,0,0,0,0,1,0,0,0,0,1,1,5156.0,0C,1,1,0,1,1,0,1,0,0,192.31,490.00,,,,,,,,,,,,,,,,,,,,,,,,,,,,,,,,,,,,,,,,,,,,,,,,,,,,,,,,,
22,10,847,13.80,27.75,1306,0.0,0.750,5.626,7.30,0.000,31.92,1.07,0.51,-0.76,0.52,1.000,1.02,0.00,1.047,0.00,0.90,3.365,19.5,0.000,0.496,0.000,1240,6.99,4.5,-0.04,-0.08,27.8,1,1,0,0,1,1,0,0,0,0,1,0,0,0,0,0,0,0,1,0,0,0,0,0,0,0,0,1,0,0,0,0,1,1,5156.0,0C,1,1,0,1,1,0,1,0,0,195.19,500.00,,,,,,,,,,,,,,,,,,,,,,,,,,,,,,,,,,,,,,,,,,,,,,,,,,,,,,,,,
23,11,237,13.90,27.75,1297,0.0,-0.750,5.651,7.30,0.000,32.13,1.06,0.51,-0.76,0.52,1.000,1.02,0.00,1.046,0.00,0.90,3.365,19.5,0.000,0.496,0.000,1240,6.99,4.5,-0.09,-0.05,27.8,1,1,0,0,1,1,0,0,0,0,1,0,0,0,0,0,0,0,1,0,0,0,0,0,0,0,0,1,0,0,0,0,1,1,5156.0,0C,1,1,0,1,1,0,1,0,0,195.38,505.31,,,,,,,,,,,,,,,,,,,,,,,,,,,,,,,,,,,,,,,,,,,,,,,,,,,,,,,,,
24,13,734,14.00,27.75,1252,0.0,0.000,5.114,6.86,0.000,31.29,1.07,0.51,-0.76,0.52,1.000,1.02,0.00,1.046,0.00,0.90,3.212,19.5,0.000,0.496,0.000,1240,6.99,4.5,-0.25,0.00,27.8,1,1,0,0,1,1,0,0,0,0,1,0,0,0,0,0,0,0,1,0,0,0,0,0,0,0,0,1,0,0,0,0,1,1,5156.0,0C,1,1,0,1,1,0,1,0,0,190.44,505.00,,,,,,,,,,,,,,,,,,,,,,,,,,,,,,,,,,,,,,,,,,,,,,,,,,,,,,,,,
25,14,134,14.00,27.75,1241,0.0,2.250,5.069,6.86,0.000,31.24,1.07,0.52,-0.76,0.52,1.000,1.02,0.00,1.045,0.00,0.90,3.059,19.5,0.000,0.496,0.000,1240,6.99,4.5,-0.24,0.00,27.8,1,1,0,0,1,1,0,0,0,0,1,0,0,0,0,0,0,0,1,0,0,0,0,0,0,0,0,1,0,0,0,0,1,1,5156.0,0C,1,1,0,1,1,0,1,0,0,190.69,505.56,,,,,,,,,,,,,,,,,,,,,,,,,,,,,,,,,,,,,,,,,,,,,,,,,,,,,,,,,
26,14,570,14.00,27.75,1245,0.0,2.250,4.890,6.86,0.000,31.03,1.07,0.52,-0.76,0.52,1.000,1.02,0.00,1.045,0.00,0.90,3.059,19.5,0.000,0.496,0.000,1240,6.99,4.5,-0.25,0.00,27.8,1,1,0,0,1,1,0,0,0,0,1,0,0,0,0,0,0,0,1,0,0,0,0,0,0,0,0,1,0,0,0,0,1,1,5156.0,0C,1,1,0,1,1,0,1,0,0,188.94,503.94,,,,,,,,,,,,,,,,,,,,,,,,,,,,,,,,,,,,,,,,,,,,,,,,,,,,,,,,,
27,14,986,14.00,27.75,1239,0.0,1.500,4.794,6.86,0.000,30.84,1.07,0.52,-0.76,0.52,1.000,1.02,0.00,1.045,0.00,0.90,0.267,-42.0,94.142,0.719,-63.000,0,0.31,128.3,0.78,-48.07,114.0,0,1,0,0,0,1,0,1,1,1,1,1,0,1,1,0,0,1,0,0,0,0,0,0,0,0,1,1,0,1,0,0,0,0,7898.5,99,0,1,0,1,0,1,1,1,1,1,1,,,,,,,,,,,,,,,,,,,,,,,,,,,,,,,,,,,,,,,,,,,,,,,,,,,,,,,,,
28,15,383,14.00,27.75,1229,0.0,2.250,4.813,6.79,0.000,30.94,1.07,0.51,-0.76,0.52,1.000,1.02,0.00,1.045,0.00,0.90,2.786,19.5,0.000,0.496,0.000,1240,6.99,4.5,-0.20,0.00,27.8,1,1,0,0,1,1,0,0,0,0,1,0,0,0,0,0,0,0,1,0,0,0,0,0,0,0,0,1,0,0,0,0,1,1,5156.0,0C,1,1,0,1,1,0,1,0,0,188.38,507.00,,,,,,,,,,,,,,,,,,,,,,,,,,,,,,,,,,,,,,,,,,,,,,,,,,,,,,,,,
29,15,790,14.00,27.75,1229,0.0,2.250,4.685,6.79,0.000,30.68,1.07,0.51,-0.76,0.52,1.000,1.02,0.00,1.044,0.00,0.90,2.640,19.5,0.000,0.496,0.000,1240,6.99,4.5,-0.17,0.00,27.8,1,1,0,0,1,1,0,0,0,0,1,0,0,0,0,0,0,0,1,0,0,0,0,0,0,0,0,1,0,0,0,0,1,1,5156.0,0C,1,1,0,1,1,0,1,0,0,187.88,507.25,,,,,,,,,,,,,,,,,,,,,,,,,,,,,,,,,,,,,,,,,,,,,,,,,,,,,,,,,
30,16,188,14.00,27.75,1232,0.0,3.750,4.672,6.74,0.000,30.87,0.50,0.00,-1.33,0.96,0.007,0.00,12.70,1.883,0.01,1.00,0.968,42.0,84.395,0.916,0.000,110,-55.37,3703.4,-199.48,-199.48,-199.48,-199.48,-199.48,-199.48,-199.48,-199.48,-199.48,-199.48,-199.48,-199.48,-199.48,-199.48,-199.48,-199.48,-199.48,-199.48,-199.48,-199.48,-199.48,-199.48,-199.48,-199.48,-199.48,-199.48,-199.48,-199.48,-199.48,-199.48,-199.48,-199.48,-199.48,-199.48,-199.48,-199.48,-199.48,-199.48,,,,,,,,,,,,,,,,,,,,,,,,,,,,,,,,,,,,,,,,,,,,,,,,,,,,,,,,,,,,,,,,,,,,,
31,16,594,14.00,27.75,1232,0.0,3.750,4.576,6.74,0.000,30.61,1.07,0.52,-0.76,0.52,1.000,1.02,0.00,1.045,0.00,0.90,2.640,19.5,0.000,0.496,0.000,1240,6.99,4.5,-0.09,0.00,27.8,1,1,0,0,1,1,0,0,0,0,1,0,0,0,0,0,0,0,1,0,0,0,0,0,0,0,0,1,0,0,0,0,1,1,5156.0,0C,1,1,0,1,1,0,1,0,0,186.19,503.69,,,,,,,,,,,,,,,,,,,,,,,,,,,,,,,,,,,,,,,,,,,,,,,,,,,,,,,,,
32,17,4,14.00,27.75,1232,0.0,3.750,4.538,6.74,0.000,30.40,1.07,0.51,-0.76,0.52,1.000,1.02,0.00,1.044,0.00,0.90,2.640,19.5,0.000,0.496,0.000,1240,6.99,4.5,-0.06,0.00,27.8,1,1,0,0,1,1,0,0,0,0,1,0,0,0,0,0,0,0,1,0,0,0,0,0,0,0,0,1,0,0,0,0,1,1,5156.0,0C,1,1,0,1,1,0,1,0,0,184.94,502.88,,,,,,,,,,,,,,,,,,,,,,,,,,,,,,,,,,,,,,,,,,,,,,,,,,,,,,,,,
33,17,433,14.00,27.75,1223,0.0,3.750,4.538,6.69,0.000,30.38,1.07,0.52,-0.76,0.51,1.000,1.02,0.00,1.044,0.00,0.90,2.640,19.5,0.000,0.496,0.000,1240,6.99,4.5,-0.01,0.00,27.8,1,1,0,0,1,1,0,0,0,0,1,0,0,0,0,0,0,0,1,0,0,0,0,0,0,0,0,1,0,0,0,0,1,1,5156.0,0C,1,1,0,1,1,0,1,0,0,185.19,505.75,,,,,,,,,,,,,,,,,,,,,,,,,,,,,,,,,,,,,,,,,,,,,,,,,,,,,,,,,
34,17,841,14.00,28.50,1219,0.0,5.250,4.525,6.69,0.000,30.45,1.07,0.51,-0.76,0.52,1.000,1.02,0.00,1.044,0.00,0.90,2.492,19.5,0.000,0.496,0.000,1240,6.99,4.5,0.05,0.00,27.8,1,1,0,0,1,1,0,0,0,0,1,0,0,0,0,0,0,0,1,0,0,0,0,0,0,0,0,1,0,0,0,0,1,1,5156.0,0C,1,1,0,1,1,0,1,0,0,185.63,504.81,,,,,,,,,,,,,,,,,,,,,,,,,,,,,,,,,,,,,,,,,,,,,,,,,,,,,,,,,
35,18,221,14.00,28.50,1220,0.0,5.250,4.461,6.69,0.000,30.26,1.07,0.51,-0.76,0.52,1.000,1.02,0.00,1.044,0.00,0.90,2.492,19.5,0.000,0.496,0.000,1240,6.99,4.5,0.13,0.00,27.8,1,1,0,0,1,1,0,0,0,0,1,0,0,0,0,0,0,0,1,0,0,0,0,0,0,0,0,1,0,0,0,0,1,1,5156.0,0C,1,1,0,1,1,0,1,0,0,184.88,504.69,,,,,,,,,,,,,,,,,,,,,,,,,,,,,,,,,,,,,,,,,,,,,,,,,,,,,,,,,
36,18,635,14.00,28.50,1222,0.0,4.500,4.448,6.62,0.000,30.26,1.07,0.52,-0.76,0.52,1.000,1.02,0.00,1.044,0.00,0.90,2.492,19.5,0.000,0.496,0.000,1240,6.99,4.5,0.18,0.00,27.8,1,1,0,0,1,1,0,0,0,0,1,0,0,0,0,0,0,0,1,0,0,0,0,0,0,0,0,1,0,0,0,0,1,1,5156.0,0C,1,1,0,1,1,0,1,0,0,184.00,504.13,,,,,,,,,,,,,,,,,,,,,,,,,,,,,,,,,,,,,,,,,,,,,,,,,,,,,,,,,
37,19,76,14.00,28.50,1224,0.0,3.000,4.467,6.69,0.000,30.21,1.07,0.51,-0.76,0.52,1.000,1.02,0.00,1.044,0.00,0.90,2.492,19.5,0.000,0.496,0.000,1240,6.99,4.5,0.24,0.00,27.8,1,1,0,0,1,1,0,0,0,0,1,0,0,0,0,0,0,0,1,0,0,0,0,0,0,0,0,1,0,0,0,0,1,1,5156.0,0C,1,1,0,1,1,0,1,0,0,183.44,502.94,,,,,,,,,,,,,,,,,,,,,,,,,,,,,,,,,,,,,,,,,,,,,,,,,,,,,,,,,
38,19,494,14.00,28.50,1225,0.0,4.500,4.378,6.62,0.000,30.00,1.07,0.52,-0.76,0.51,1.000,1.02,0.00,1.044,0.00,0.90,2.492,19.5,0.000,0.496,0.000,1240,6.99,4.5,0.32,0.00,27.8,1,1,0,0,1,1,0,0,0,0,1,0,0,0,0,0,0,0,1,0,0,0,0,0,0,0,0,1,0,0,0,0,1,1,5156.0,0C,1,1,0,1,1,0,1,0,0,183.63,502.69,,,,,,,,,,,,,,,,,,,,,,,,,,,,,,,,,,,,,,,,,,,,,,,,,,,,,,,,,
39,19,895,14.00,28.50,1230,0.0,3.750,4.301,6.62,0.000,29.74,1.07,0.51,-0.76,0.51,1.000,1.02,0.00,1.043,0.00,0.90,2.492,19.5,0.000,0.496,0.000,1240,6.99,4.5,0.34,0.00,27.8,1,1,0,0,1,1,0,0,0,0,1,0,0,0,0,0,0,0,1,0,0,0,0,0,0,0,0,1,0,0,0,0,1,1,5156.0,0C,1,1,0,1,1,0,1,0,0,180.38,499.94,,,,,,,,,,,,,,,,,,,,,,,,,,,,,,,,,,,,,,,,,,,,,,,,,,,,,,,,,
40,20,293,14.00,28.50,1224,0.0,3.750,4.384,6.62,0.000,29.86,1.07,0.51,-0.76,0.52,1.000,1.02,0.00,1.043,0.00,0.90,2.492,19.5,0.000,0.496,0.000,1240,6.99,4.5,0.40,0.00,27.8,1,1,0,0,1,1,0,0,0,0,1,0,0,0,0,0,0,0,1,0,0,0,0,0,0,0,0,1,0,0,0,0,1,1,5156.0,0C,1,1,0,1,1,0,1,0,0,181.94,500.75,,,,,,,,,,,,,,,,,,,,,,,,,,,,,,,,,,,,,,,,,,,,,,,,,,,,,,,,,
41,22,745,14.00,28.50,1228,0.0,3.000,4.326,6.54,0.000,29.58,1.07,0.51,-0.76,0.52,1.000,1.02,0.00,1.043,0.00,0.90,2.492,19.5,0.000,0.496,0.000,1230,6.99,4.5,0.62,0.00,27.8,1,1,0,0,1,1,0,0,0,0,1,0,0,0,0,0,0,0,1,0,0,0,0,0,0,0,0,1,0,0,0,0,1,1,5156.0,0C,1,1,0,1,1,0,1,0,0,179.94,498.19,,,,,,,,,,,,,,,,,,,,,,,,,,,,,,,,,,,,,,,,,,,,,,,,,,,,,,,,,
42,23,152,14.00,28.50,1239,0.0,3.750,4.192,6.54,0.000,29.39,1.07,0.52,-0.76,0.52,1.000,0.06,-12.35,0.000,0.01,0.75,0.264,-42.0,94.142,0.703,-40.500,0,0.31,128.3,0.78,-48.07,114.0,0,1,0,0,0,1,0,1,1,1,1,1,0,1,1,0,0,1,0,0,0,0,0,0,0,0,1,1,0,1,0,0,0,0,2095.8,0B,0,1,0,1,0,1,1,1,1,1,1,,,,,,,,,,,,,,,,,,,,,,,,,,,,,,,,,,,,,,,,,,,,,,,,,,,,,,,,,
43,23,551,14.00,28.50,1226,0.0,3.000,4.269,6.54,0.000,29.46,1.07,0.52,-0.76,0.52,1.000,1.02,0.00,1.043,0.00,0.90,2.492,19.5,0.000,0.496,0.000,1230,6.99,4.5,0.66,0.00,27.8,1,1,0,0,1,1,0,0,0,0,1,0,0,0,0,0,0,0,1,0,0,0,0,0,0,0,0,1,0,0,0,0,1,1,5156.0,0C,1,1,0,1,1,0,1,0,0,179.06,499.44,,,,,,,,,,,,,,,,,,,,,,,,,,,,,,,,,,,,,,,,,,,,,,,,,,,,,,,,,
44,23,974,14.00,28.50,1228,0.0,2.250,4.237,6.54,0.000,29.51,1.07,0.51,-0.76,0.52,1.000,1.02,-1.33,1.044,0.00,0.90,2.348,19.5,0.000,0.496,0.000,1230,6.99,4.5,0.71,0.00,27.8,1,1,0,0,1,1,0,0,0,0,1,0,0,0,0,0,0,0,1,0,0,0,0,0,0,0,0,1,0,0,0,0,1,1,5156.0,0C,1,1,0,1,1,0,1,0,0,178.81,498.38,,,,,,,,,,,,,,,,,,,,,,,,,,,,,,,,,,,,,,,,,,,,,,,,,,,,,,,,,
45,24,417,14.00,28.50,1232,0.0,4.500,4.141,6.54,0.000,29.34,1.07,0.51,-0.76,0.52,1.000,1.02,-1.33,1.043,0.00,0.90,2.348,19.5,0.000,0.496,0.000,1230,6.99,4.5,0.72,0.00,27.8,1,1,0,0,1,1,0,0,0,0,1,0,0,0,0,0,0,0,1,0,0,0,0,0,0,0,0,1,0,0,0,0,1,1,5156.0,0C,1,1,0,1,1,0,1,0,0,178.50,496.94,,,,,,,,,,,,,,,,,,,,,,,,,,,,,,,,,,,,,,,,,,,,,,,,,,,,,,,,,
46,24,804,14.00,28.50,1224,0.0,3.000,4.205,6.54,0.000,29.34,1.07,0.52,-0.76,0.52,1.000,1.02,-1.33,1.042,0.00,0.90,2.348,19.5,0.000,0.496,0.000,1230,6.99,4.5,0.76,0.00,27.8,1,1,0,0,1,1,0,0,0,0,1,0,0,0,0,0,0,0,1,0,0,0,0,0,0,0,0,1,0,0,0,0,1,1,5156.0,0C,1,1,0,1,1,0,1,0,0,178.94,499.44,,,,,,,,,,,,,,,,,,,,,,,,,,,,,,,,,,,,,,,,,,,,,,,,,,,,,,,,,
47,25,211,14.00,28.50,1222,0.0,3.750,4.186,6.54,0.000,29.30,1.07,0.51,-0.76,0.52,1.000,1.02,-1.33,1.043,0.00,0.90,2.348,19.5,0.000,0.496,0.000,1230,6.99,4.5,0.81,0.00,27.8,1,1,0,0,1,1,0,0,0,0,1,0,0,0,0,0,0,0,1,0,0,0,0,0,0,0,0,1,0,0,0,0,1,1,5156.0,0C,1,1,0,1,1,0,1,0,0,178.19,500.31,,,,,,,,,,,,,,,,,,,,,,,,,,,,,,,,,,,,,,,,,,,,,,,,,,,,,,,,,
48,25,601,14.00,28.50,1228,0.0,3.750,4.147,6.54,0.000,29.30,1.45,0.04,-1.33,0.68,0.007,0.06,7.00,0.000,0.01,0.75,0.264,-42.0,94.533,0.703,0.750,1940,94.41,313.0,-78.91,8.72,-24.8,0,0,1,0,0,1,0,1,0,1,0,1,0,1,0,1,0,1,1,1,1,1,1,1,1,1,1,1,1,1,1,1,1,1,1,,,,,,,,,,,,,,,,,,,,,,,,,,,,,,,,,,,,,,,,,,,,,,,,,,,,,,,,,,,,,,,,,,,,,
49,26,6,14.00,28.50,1221,0.0,3.750,4.122,34.79,39.960,620.98,1.45,0.04,-1.33,0.59,0.007,0.06,7.00,0.000,0.01,0.75,17.613,-48.0,39.461,0.047,0.750,1940,94.41,313.0,-78.91,8.71,-24.8,0,1,1,0,0,1,0,1,0,1,0,1,0,1,0,1,0,1,1,1,1,1,1,1,1,1,1,1,1,1,1,1,1,1,1,,,,,,,,,,,,,,,,,,,,,,,,,,,,,,,,,,,,,,,,,,,,,,,,,,,,,,,,,,,,,,,,,,,,,
50,26,475,14.00,28.50,1228,0.0,3.000,4.141,53.54,39.960,620.98,1.45,0.04,-1.33,0.70,0.007,0.06,7.00,0.000,0.01,0.75,0.264,-42.0,94.533,0.703,30.000,0,0.31,128.3,0.78,-48.07,114.0,0,1,0,0,0,1,0,1,1,1,1,1,0,1,1,0,0,1,0,0,0,0,0,0,0,0,1,1,0,1,0,0,0,0,1327.8,31,0,1,0,1,0,1,1,1,1,1,1,,,,,,,,,,,,,,,,,,,,,,,,,,,,,,,,,,,,,,,,,,,,,,,,,,,,,,,,,
51,26,911,14.00,29.25,1229,0.0,5.250,4.141,6.54,0.000,29.16,1.07,0.51,-0.76,0.52,1.000,1.02,-1.33,1.043,0.00,0.90,2.348,19.5,0.000,0.496,0.000,1230,6.99,4.5,0.93,0.00,27.8,1,1,0,0,1,1,0,0,0,0,1,0,0,0,0,0,0,0,1,0,0,0,0,0,0,0,0,1,0,0,0,0,1,1,5156.0,0C,1,1,0,1,1,0,1,0,0,177.56,498.19,,,,,,,,,,,,,,,,,,,,,,,,,,,,,,,,,,,,,,,,,,,,,,,,,,,,,,,,,
52,27,319,14.00,29.25,1231,0.0,5.250,4.109,6.54,0.000,29.06,1.07,0.51,-0.76,0.52,1.000,1.02,-1.33,1.042,0.00,0.90,2.348,19.5,0.000,0.496,0.000,1230,6.99,4.5,0.78,-48.07,114.0,0,1,0,0,0,1,0,1,1,1,1,1,0,1,1,0,0,1,0,0,0,0,0,0,0,0,1,1,0,1,0,0,0,0,1199.8,1E,0,1,0,1,0,1,1,1,1,1,1,,,,,,,,,,,,,,,,,,,,,,,,,,,,,,,,,,,,,,,,,,,,,,,,,,,,,,,,,
53,27,661,14.00,29.25,1226,0.0,3.750,4.179,6.49,0.000,29.23,1.07,0.52,-0.76,0.52,1.000,0.06,7.00,0.000,0.01,0.75,0.264,-42.0,94.533,0.703,0.703,0.703,0.703,0.703,0.703,0.703,0.703,0.703,0.703,0.703,0.703,0.703,0.703,0.703,0.703,0.703,0.703,0.703,0.703,0.703,0.703,0.703,0.703,0.703,0.703,0.703,0.703,0.703,0.703,0.703,0.703,0.703,0.703,0.703,0.703,0.703,0.703,0.703,0.703,0.703,0.703,0.703,,,,,,,,,,,,,,,,,,,,,,,,,,,,,,,,,,,,,,,,,,,,,,,,,,,,,,,,,,,,,,,,,,,,,
54,28,48,14.00,29.25,1225,0.0,2.250,4.230,34.79,40.351,620.98,1.45,0.04,-1.33,0.59,0.007,0.06,7.00,0.000,0.01,0.75,0.264,-42.0,94.533,0.703,50.250,0,0.31,128.3,0.78,-49.63,114.0,0,1,0,0,0,1,0,1,1,1,1,1,0,1,1,0,0,1,0,0,0,0,0,0,0,0,1,1,0,1,0,0,0,0,1626.5,33,0,1,0,1,0,1,1,1,1,1,1,,,,,,,,,,,,,,,,,,,,,,,,,,,,,,,,,,,,,,,,,,,,,,,,,,,,,,,,,
55,28,436,14.00,29.25,1235,0.0,3.000,4.128,6.54,0.000,29.23,1.07,0.52,-0.76,0.52,1.000,1.02,-1.33,1.043,0.00,0.90,2.348,19.5,0.000,0.496,0.000,1230,6.99,4.5,0.99,0.00,27.8,1,1,0,0,1,1,0,0,0,0,1,0,0,0,0,0,0,0,1,0,0,0,0,0,0,0,0,0,0,0,0,0,1,1,5156.0,0C,1,1,0,1,1,0,1,0,0,177.13,497.88,,,,,,,,,,,,,,,,,,,,,,,,,,,,,,,,,,,,,,,,,,,,,,,,,,,,,,,,,
56,28,844,14.00,29.25,1228,0.0,3.000,4.134,6.49,0.000,29.04,1.07,0.51,-0.76,0.52,1.000,1.02,-1.33,1.043,0.00,0.90,2.348,19.5,0.000,0.496,0.000,1230,6.99,4.5,0.99,0.00,27.8,1,1,0,0,1,1,0,0,0,0,1,0,0,0,0,0,0,0,1,0,0,0,0,0,0,0,0,0,0,0,0,0,1,1,5156.0,0C,1,1,0,1,1,0,1,0,0,178.25,498.63,,,,,,,,,,,,,,,,,,,,,,,,,,,,,,,,,,,,,,,,,,,,,,,,,,,,,,,,,
57,29,231,14.00,29.25,1232,0.0,3.000,4.154,6.49,0.000,29.18,1.07,0.52,-0.76,0.52,1.000,1.02,-1.33,1.043,0.00,0.90,2.348,19.5,0.000,0.496,0.000,1230,6.99,4.5,1.01,0.00,27.8,1,1,0,0,1,1,0,0,0,0,1,0,0,0,0,0,0,0,1,0,0,0,0,0,0,0,0,0,0,0,0,0,1,1,5156.0,0C,1,1,0,1,1,0,1,0,0,177.38,498.75,,,,,,,,,,,,,,,,,,,,,,,,,,,,,,,,,,,,,,,,,,,,,,,,,,,,,,,,,
58,29,639,14.00,29.25,1220,0.0,5.250,4.160,6.49,0.000,28.99,1.07,0.51,-0.76,0.52,1.000,1.02,-1.33,1.042,0.00,0.90,0.264,-42.0,94.923,0.703,61.500,0,0.31,128.3,0.78,-49.63,114.0,0,1,0,0,0,1,0,1,1,1,1,1,0,1,1,0,0,1,0,0,0,0,0,0,0,0,1,1,0,1,0,0,0,0,1583.8,47,0,1,0,1,0,1,1,1,1,1,1,,,,,,,,,,,,,,,,,,,,,,,,,,,,,,,,,,,,,,,,,,,,,,,,,,,,,,,,,
59,30,41,14.00,29.25,1228,0.0,3.000,4.160,6.49,0.000,29.23,1.07,0.51,-0.76,0.52,1.000,1.02,-1.33,1.043,0.00,0.90,2.348,19.5,0.000,0.496,0.000,1230,6.99,4.5,1.04,0.00,27.8,1,1,0,0,1,1,0,0,0,0,1,0,0,0,0,0,0,0,1,0,0,0,0,0,0,0,0,0,0,0,0,0,1,1,5156.0,0C,1,1,0,1,1,0,1,0,0,177.25,499.69,,,,,,,,,,,,,,,,,,,,,,,,,,,,,,,,,,,,,,,,,,,,,,,,,,,,,,,,,
60,30,453,14.00,29.25,1232,0.0,3.000,4.128,6.49,0.000,29.06,1.07,0.51,-0.76,0.52,1.000,1.02,-1.33,1.043,0.00,0.90,2.348,19.5,0.000,0.496,0.000,1230,6.99,4.5,1.04,0.00,27.8,1,1,0,0,1,1,0,0,0,0,1,0,0,0,0,0,0,0,1,0,0,0,0,0,0,0,0,0,0,0,0,0,1,1,5156.0,0C,1,1,0,1,1,0,1,0,0,177.13,498.38,,,,,,,,,,,,,,,,,,,,,,,,,,,,,,,,,,,,,,,,,,,,,,,,,,,,,,,,,
61,32,917,14.00,30.00,1224,0.0,2.250,4.083,6.49,0.000,28.95,1.45,0.04,-1.33,0.64,0.007,0.00,12.50,1.898,0.01,0.00,0.963,42.0,84.395,0.916,0.000,110,0.88,1041.0,-199.48,-199.48,-199.48,-199.48,-199.48,-199.48,-199.48,-199.48,-199.48,-199.48,-199.48,-199.48,-199.48,-199.48,-199.48,-199.48,-199.48,-199.48,-199.48,-199.48,-199.48,-199.48,-199.48,-199.48,-199.48,-199.48,-199.48,-199.48,-199.48,-199.48,-199.48,-199.48,-199.48,-199.48,-199.48,-199.48,-199.48,-199.48,,,,,,,,,,,,,,,,,,,,,,,,,,,,,,,,,,,,,,,,,,,,,,,,,,,,,,,,,,,,,,,,,,,,,
62,33,302,14.00,30.00,1232,0.0,2.250,3.994,6.49,0.000,28.76,1.06,0.52,-0.76,0.52,1.000,1.02,-1.33,1.043,0.00,0.90,2.348,18.8,0.000,0.496,0.000,1220,6.99,4.5,1.18,0.00,27.8,1,1,0,0,1,1,0,0,0,0,1,0,0,0,0,0,0,0,1,0,0,0,0,0,0,0,0,0,0,0,0,0,1,1,5156.0,0C,1,1,0,1,1,0,1,0,0,174.63,495.31,,,,,,,,,,,,,,,,,,,,,,,,,,,,,,,,,,,,,,,,,,,,,,,,,,,,,,,,,
63,33,754,14.00,30.00,1220,0.0,3.750,4.064,6.49,0.000,28.73,1.06,0.51,-0.76,0.51,1.000,1.02,-1.33,1.042,0.00,0.90,2.348,18.8,0.000,0.496,0.000,1220,6.99,4.5,1.19,0.00,27.8,1,1,0,0,1,1,0,0,0,0,1,0,0,0,0,0,0,0,1,0,0,0,0,0,0,0,0,0,0,0,0,0,1,1,5156.0,0C,1,1,0,1,1,0,1,0,0,175.25,497.88,,,,,,,,,,,,,,,,,,,,,,,,,,,,,,,,,,,,,,,,,,,,,,,,,,,,,,,,,
64,34,143,14.00,30.00,1226,0.0,2.250,4.096,6.45,0.000,28.80,1.06,0.51,-0.76,0.52,1.000,1.02,-1.33,1.043,0.00,0.90,2.348,18.8,0.000,0.496,0.000,1220,6.99,4.5,1.21,0.00,27.8,1,1,0,0,1,1,0,0,0,0,1,0,0,0,0,0,0,0,1,0,0,0,0,0,0,0,0,0,0,0,0,0,1,1,5156.0,0C,1,1,0,1,1,0,1,0,0,175.19,498.75,,,,,,,,,,,,,,,,,,,,,,,,,,,,,,,,,,,,,,,,,,,,,,,,,,,,,,,,,
65,34,535,14.00,30.00,1219,0.0,7.500,4.077,6.49,0.000,28.66,1.06,0.51,-0.76,0.52,1.000,1.02,-1.33,1.041,0.00,0.90,2.348,18.8,0.000,0.496,0.000,1220,6.99,4.5,1.23,0.00,27.8,1,1,0,0,1,1,0,0,0,0,1,0,0,0,0,0,0,0,1,0,0,0,0,0,0,0,0,0,0,0,0,0,1,1,5156.0,0C,1,1,0,1,1,0,1,0,0,176.44,498.50,,,,,,,,,,,,,,,,,,,,,,,,,,,,,,,,,,,,,,,,,,,,,,,,,,,,,,,,,
66,34,924,14.00,30.00,1218,0.0,3.000,4.096,6.45,0.000,28.85,1.06,0.51,-0.76,0.52,1.000,1.02,-1.33,1.043,0.00,0.90,2.199,18.8,0.000,0.496,-72.750,0,0.31,128.3,0.78,-49.63,114.0,0,1,0,0,0,1,0,1,1,1,1,1,0,1,1,0,0,1,0,0,0,0,0,0,0,0,0,1,0,1,0,0,0,0,10842.5,3C,0,1,0,1,0,1,1,1,1,1,1,,,,,,,,,,,,,,,,,,,,,,,,,,,,,,,,,,,,,,,,,,,,,,,,,,,,,,,,,
67,35,322,14.00,30.00,1222,0.0,3.000,4.077,6.45,0.000,28.80,1.06,0.47,-0.76,0.52,1.000,1.02,-1.33,1.042,0.00,0.90,2.199,18.8,0.000,0.496,0.000,1220,6.99,4.5,1.28,0.00,27.8,1,1,0,0,1,1,0,0,0,0,1,0,0,0,0,0,0,0,1,0,0,0,0,0,0,0,0,0,0,0,0,0,1,1,5156.0,0C,1,1,0,1,1,0,1,0,0,175.38,498.88,,,,,,,,,,,,,,,,,,,,,,,,,,,,,,,,,,,,,,,,,,,,,,,,,,,,,,,,,
68,35,701,14.00,30.75,1217,0.0,6.750,3.955,6.45,0.000,28.52,1.06,0.41,-0.76,0.52,1.000,1.02,-1.33,1.041,0.00,0.90,2.199,18.8,0.000,0.496,0.000,1220,6.99,4.5,1.30,0.00,27.8,1,1,0,0,1,1,0,0,0,0,1,0,0,0,0,0,0,0,1,0,0,0,0,0,0,0,0,0,0,0,0,0,1,1,5156.0,0C,1,1,0,1,1,0,1,0,0,175.31,499.56,,,,,,,,,,,,,,,,,,,,,,,,,,,,,,,,,,,,,,,,,,,,,,,,,,,,,,,,,
69,36,110,14.00,30.75,1223,0.0,4.500,3.987,6.45,0.000,28.62,1.06,0.31,-0.76,0.52,1.000,1.02,-1.33,1.042,0.00,0.90,0.262,-42.0,95.705,0.703,-63.000,0,0.31,128.3,0.78,-49.63,114.0,0,1,0,0,0,1,0,1,1,1,1,1,0,1,1,0,0,1,0,0,0,0,0,0,0,0,0,1,0,1,0,0,0,0,10074.5,18,0,1,0,1,0,1,1,1,1,1,1,,,,,,,,,,,,,,,,,,,,,,,,,,,,,,,,,,,,,,,,,,,,,,,,,,,,,,,,,
70,36,504,14.00,30.75,1219,0.0,6.000,3.981,6.37,0.000,28.52,1.06,0.19,-0.76,0.52,1.000,0.05,-0.07,0.000,0.01,0.75,0.262,-42.0,95.705,0.703,-59.250,0,0.31,128.3,0.78,-49.63,114.0,0,1,0,0,0,1,0,1,1,1,1,1,0,1,1,0,0,1,0,0,0,0,0,0,0,0,0,1,0,1,0,0,0,0,10202.5,23,0,1,0,1,0,1,1,1,1,1,1,,,,,,,,,,,,,,,,,,,,,,,,,,,,,,,,,,,,,,,,,,,,,,,,,,,,,,,,,
71,36,892,14.00,-47.25,512,0.0,3.000,312.934,412.18,3.328,498.00,1.50,0.45,0.00,0.00,0.248,0.00,12.50,1.914,0.01,0.00,101.824,-48.0,39.461,0.047,0.750,1920,94.41,313.0,-78.91,8.53,-24.8,0,0,1,0,0,1,0,1,0,1,0,1,0,1,0,1,0,1,1,1,1,1,1,1,1,1,1,1,1,1,1,1,1,1,1,,,,,,,,,,,,,,,,,,,,,,,,,,,,,,,,,,,,,,,,,,,,,,,,,,,,,,,,,,,,,,,,,,,,,
72,37,316,14.00,30.75,1208,0.0,3.000,4.006,6.37,0.000,28.43,1.05,0.90,-0.76,0.52,1.000,1.02,-1.33,1.040,0.00,0.90,2.199,18.8,0.000,0.496,0.000,1220,7.00,4.5,1.39,0.00,27.8,1,1,0,0,1,1,0,0,0,0,1,0,0,0,0,0,0,0,1,0,0,0,0,0,0,0,0,0,0,0,0,0,1,1,5156.0,0C,1,1,0,1,1,0,1,0,0,172.81,498.69,,,,,,,,,,,,,,,,,,,,,,,,,,,,,,,,,,,,,,,,,,,,,,,,,,,,,,,,,
73,37,715,14.00,30.75,1220,0.0,6.750,3.846,6.37,0.000,28.24,1.05,0.60,-0.76,0.51,1.000,1.02,-1.33,1.042,0.00,0.90,2.199,18.8,0.000,0.496,0.000,1220,7.00,4.5,1.41,0.00,27.8,1,1,0,0,1,1,0,0,0,0,1,0,0,0,0,0,0,0,1,0,0,1,0,0,0,0,0,0,0,0,0,0,1,1,5156.0,0C,1,1,0,1,1,0,1,0,0,173.25,495.13,,,,,,,,,,,,,,,,,,,,,,,,,,,,,,,,,,,,,,,,,,,,,,,,,,,,,,,,,
74,38,123,14.00,30.75,1219,0.0,4.500,3.968,6.37,0.000,28.41,1.05,0.98,-0.76,0.51,1.000,1.02,-1.33,1.042,0.00,0.90,2.199,18.8,0.000,0.496,0.000,1220,7.00,4.5,1.43,0.00,27.8,1,1,0,0,1,1,0,0,0,0,1,0,0,0,0,0,0,0,1,0,0,1,0,0,0,0,0,0,0,0,0,0,1,1,5156.0,0C,1,1,0,1,1,0,1,0,0,173.50,494.88,,,,,,,,,,,,,,,,,,,,,,,,,,,,,,,,,,,,,,,,,,,,,,,,,,,,,,,,,
75,38,513,14.00,30.75,1223,0.0,3.000,3.936,6.37,0.000,28.31,1.05,0.49,-0.76,0.51,1.000,1.02,-1.33,1.042,0.00,0.90,2.199,18.8,0.000,0.496,0.000,1220,7.00,4.5,1.42,0.00,27.8,1,1,0,0,1,1,0,0,0,0,1,0,0,0,0,0,0,0,1,0,0,1,0,0,0,0,0,0,0,0,0,0,1,1,5156.0,0C,1,1,0,1,1,0,1,0,0,171.31,494.38,,,,,,,,,,,,,,,,,,,,,,,,,,,,,,,,,,,,,,,,,,,,,,,,,,,,,,,,,
76,38,912,14.00,30.75,1216,0.0,1.500,3.936,6.37,0.000,28.20,1.05,0.37,-0.76,0.52,1.000,1.02,-1.33,1.041,0.00,0.90,2.199,18.8,0.000,0.496,0.000,1220,7.00,4.5,1.44,0.00,27.8,1,1,0,0,1,1,0,0,0,0,1,0,0,0,0,0,0,0,1,0,0,1,0,0,0,0,0,0,0,0,0,0,1,1,5156.0,0C,1,1,0,1,1,0,1,0,0,171.81,493.56,,,,,,,,,,,,,,,,,,,,,,,,,,,,,,,,,,,,,,,,,,,,,,,,,,,,,,,,,
77,39,305,14.00,30.75,1219,0.0,5.250,3.981,6.32,0.000,28.24,1.05,0.31,-0.76,0.52,1.000,1.02,-1.32,1.042,0.00,0.90,2.199,18.8,0.000,0.496,-27.000,0,0.31,128.3,0.81,-49.63,114.0,0,1,0,0,0,1,0,1,1,1,1,1,0,1,1,0,0,1,0,0,0,0,0,0,0,0,0,1,0,1,0,0,0,0,8623.7,D2,0,1,0,1,0,1,1,1,1,1,1,,,,,,,,,,,,,,,,,,,,,,,,,,,,,,,,,,,,,,,,,,,,,,,,,,,,,,,,,
78,39,713,14.00,31.50,1215,0.0,6.000,4.019,6.25,0.000,28.08,1.05,0.88,-0.76,0.52,1.000,1.02,-1.32,1.041,0.00,0.90,2.199,18.8,0.000,0.496,0.000,1220,7.00,4.5,1.47,0.00,27.8,1,1,0,0,1,1,0,0,0,0,1,0,0,0,0,0,0,0,1,0,0,1,0,0,0,0,0,0,0,0,0,0,1,1,5156.0,0C,1,1,0,1,1,0,1,0,0,170.88,493.06,,,,,,,,,,,,,,,,,,,,,,,,,,,,,,,,,,,,,,,,,,,,,,,,,,,,,,,,,
79,40,136,14.00,31.50,1223,0.0,0.750,4.038,6.32,0.000,28.10,1.04,0.92,-0.76,0.52,1.000,1.02,-1.32,1.042,0.00,0.90,2.348,18.8,0.000,0.496,0.000,1220,7.00,4.5,1.47,0.00,27.8,1,1,0,0,1,1,0,0,0,0,1,0,0,0,0,0,0,0,1,0,0,1,0,0,0,0,0,0,0,0,0,0,1,1,5156.0,0C,1,1,0,1,1,0,1,0,0,171.75,490.81,,,,,,,,,,,,,,,,,,,,,,,,,,,,,,,,,,,,,,,,,,,,,,,,,,,,,,,,,
80,40,551,14.00,31.50,1229,0.0,1.500,4.006,6.32,0.000,28.08,1.04,0.94,-0.76,0.52,1.000,1.02,-1.32,1.043,0.00,0.90,2.348,18.8,0.000,0.496,0.000,1220,7.00,4.5,1.44,0.00,27.8,1,1,0,0,1,1,0,0,0,0,1,0,0,0,0,0,0,0,1,0,0,1,0,0,0,0,0,0,0,0,0,0,1,1,5156.0,0C,1,1,0,1,1,0,1,0,0,170.94,489.13,,,,,,,,,,,,,,,,,,,,,,,,,,,,,,,,,,,,,,,,,,,,,,,,,,,,,,,,,
81,41,1,14.00,31.50,1236,0.0,0.000,4.218,6.37,0.000,28.27,1.04,0.94,-0.76,0.52,1.000,1.02,-1.32,1.043,0.00,0.90,2.348,18.8,0.000,0.496,0.000,1220,7.00,4.5,1.39,0.00,27.8,1,1,0,0,1,1,0,0,0,0,1,0,0,0,0,0,0,0,1,0,0,1,0,0,0,0,0,0,0,0,0,0,1,1,5156.0,0C,1,1,0,1,1,0,1,0,0,171.25,487.94,,,,,,,,,,,,,,,,,,,,,,,,,,,,,,,,,,,,,,,,,,,,,,,,,,,,,,,,,
82,41,391,14.00,31.50,1234,0.0,2.250,4.090,6.32,0.000,27.98,1.03,0.95,-0.76,0.52,1.000,1.02,-1.32,1.042,0.00,0.90,2.348,18.8,0.000,0.496,0.000,1220,7.00,4.5,1.31,0.00,27.8,1,1,0,0,1,1,0,0,0,0,1,0,0,0,0,0,0,0,1,0,0,1,0,0,0,0,0,0,0,0,0,0,1,1,5156.0,0C,1,1,0,1,1,0,1,0,0,171.25,489.19,,,,,,,,,,,,,,,,,,,,,,,,,,,,,,,,,,,,,,,,,,,,,,,,,,,,,,,,,
83,41,778,14.00,31.50,1233,0.0,3.000,4.064,6.32,0.000,27.94,1.03,0.93,-0.76,0.52,1.000,1.02,-1.32,1.042,0.00,0.90,2.348,18.8,0.000,0.496,0.000,1220,7.00,4.5,1.26,0.00,27.8,1,1,0,0,1,1,0,0,0,0,1,0,0,0,0,0,0,0,0,0,0,0,0,0,0,0,0,1,0,1,0,0,0,0,7087.7,92,0,1,0,1,0,1,1,1,1,1,1,,,,,,,,,,,,,,,,,,,,,,,,,,,,,,,,,,,,,,,,,,,,,,,,,,,,,,,,,
84,42,183,14.00,31.50,1227,0.0,3.000,4.051,6.25,0.000,27.68,1.03,0.93,-0.76,0.52,1.000,1.02,-1.32,1.041,0.00,0.90,2.348,18.8,0.000,0.496,0.000,1220,7.00,4.5,1.23,0.00,27.8,1,1,0,0,1,1,0,0,0,0,1,0,0,0,0,0,0,0,1,0,0,1,0,0,0,0,0,0,0,0,0,0,1,1,5156.0,0C,1,1,0,1,1,0,1,0,0,169.56,490.19,,,,,,,,,,,,,,,,,,,,,,,,,,,,,,,,,,,,,,,,,,,,,,,,,,,,,,,,,
85,42,590,14.10,31.50,1226,0.0,3.750,4.051,6.32,0.000,27.82,1.02,0.93,-0.76,0.52,1.000,1.02,-1.32,1.042,0.00,0.90,2.348,18.8,0.000,0.496,0.000,1220,7.00,4.5,0.81,-49.63,114.0,0,1,0,0,0,1,0,1,1,1,1,1,0,1,1,0,0,1,0,0,0,0,0,0,0,0,0,1,0,1,0,0,0,0,6618.3,7B,0,1,0,1,0,1,1,1,1,1,1,,,,,,,,,,,,,,,,,,,,,,,,,,,,,,,,,,,,,,,,,,,,,,,,,,,,,,,,,
86,42,975,14.10,31.50,1233,0.0,3.000,3.987,6.13,0.000,27.49,1.02,0.93,-0.76,0.51,1.000,1.02,-1.32,1.042,0.00,0.90,2.348,18.8,0.000,0.496,0.000,1210,7.00,4.5,1.15,0.00,27.8,1,1,0,0,1,1,0,0,0,0,1,0,0,0,0,0,0,0,0,0,0,0,0,0,0,0,0,1,0,1,0,0,0,0,4655.7,1B,0,1,0,1,0,1,1,1,1,1,1,,,,,,,,,,,,,,,,,,,,,,,,,,,,,,,,,,,,,,,,,,,,,,,,,,,,,,,,,
87,43,383,14.10,31.50,1231,0.0,1.500,3.974,6.13,0.000,27.28,1.02,0.94,-0.76,0.52,1.000,1.02,-1.32,1.042,0.00,0.90,2.348,18.8,0.000,0.496,0.000,1210,7.00,4.5,1.11,0.00,27.8,1,1,0,0,1,1,0,0,0,0,1,0,0,0,0,0,0,0,1,0,0,1,0,0,0,0,0,0,0,0,0,0,1,1,5156.0,0C,1,1,0,1,1,0,1,0,0,166.25,480.19,,,,,,,,,,,,,,,,,,,,,,,,,,,,,,,,,,,,,,,,,,,,,,,,,,,,,,,,,
88,43,783,14.00,32.25,1229,0.0,2.250,4.083,6.13,0.000,27.49,1.01,0.94,-0.76,0.52,1.000,1.02,-1.32,1.042,0.00,0.90,2.348,18.8,0.000,0.496,0.000,1210,7.00,4.5,1.08,0.00,27.8,1,1,0,0,1,1,0,0,0,0,1,0,0,0,0,0,0,0,1,0,0,1,0,0,0,0,0,0,0,0,0,0,1,1,5156.0,0C,1,1,0,1,1,0,1,0,0,166.81,481.38,,,,,,,,,,,,,,,,,,,,,,,,,,,,,,,,,,,,,,,,,,,,,,,,,,,,,,,,,
89,44,191,14.00,32.25,1222,0.0,2.250,4.109,6.01,0.000,27.47,1.01,0.94,-0.76,0.52,1.000,1.02,-1.32,1.042,0.00,0.90,2.348,18.8,0.000,0.496,0.000,1210,7.00,4.5,1.07,0.00,27.8,1,1,0,0,1,1,0,0,0,0,1,0,0,0,0,0,0,0,1,0,0,1,0,0,0,0,0,0,0,0,0,0,1,1,5156.0,0C,1,1,0,1,1,0,1,0,0,166.94,484.50,,,,,,,,,,,,,,,,,,,,,,,,,,,,,,,,,,,,,,,,,,,,,,,,,,,,,,,,,
90,44,646,14.00,32.25,1216,0.0,3.750,4.102,6.08,0.000,27.45,1.01,0.95,-0.76,0.52,1.000,1.02,-1.32,1.041,0.00,0.90,2.348,18.8,0.000,0.496,0.000,1210,7.00,4.5,1.07,0.00,27.8,1,1,0,0,1,1,0,0,0,0,1,0,0,0,0,0,0,0,1,0,0,1,0,0,0,0,0,0,0,0,0,0,1,1,5156.0,0C,1,1,0,1,1,0,1,0,0,167.25,487.50,,,,,,,,,,,,,,,,,,,,,,,,,,,,,,,,,,,,,,,,,,,,,,,,,,,,,,,,,
91,45,42,14.10,32.25,1211,0.0,5.250,4.102,6.08,0.000,27.35,1.01,0.95,-0.76,0.52,1.000,1.02,-1.32,1.039,0.00,0.90,2.348,18.8,0.000,0.496,0.000,1210,7.00,4.5,1.10,0.00,27.8,1,1,0,0,1,1,0,0,0,0,1,0,0,0,0,0,0,0,1,0,0,1,0,0,0,0,0,0,0,0,0,0,1,1,5156.0,0C,1,1,0,1,1,0,1,0,0,167.38,487.88,,,,,,,,,,,,,,,,,,,,,,,,,,,,,,,,,,,,,,,,,,,,,,,,,,,,,,,,,
92,45,454,14.10,32.25,1210,0.0,4.500,4.090,6.08,0.000,27.40,1.01,0.95,-0.76,0.52,1.000,1.02,-1.32,1.040,0.00,0.90,2.348,18.8,0.000,0.496,0.000,1210,7.01,4.5,1.12,0.00,27.8,1,1,0,0,1,1,0,0,0,0,1,0,0,0,0,0,0,0,1,0,0,1,0,0,0,0,0,0,0,0,0,0,1,1,5156.0,0C,1,1,0,1,1,0,1,0,0,167.00,488.75,,,,,,,,,,,,,,,,,,,,,,,,,,,,,,,,,,,,,,,,,,,,,,,,,,,,,,,,,
93,45,861,14.10,32.25,1206,0.0,5.250,4.115,6.08,0.000,27.38,1.01,0.95,-0.76,0.52,1.000,1.02,-1.32,1.040,0.00,0.90,2.348,18.8,0.000,0.496,0.000,1210,7.01,4.5,1.16,0.00,27.8,1,1,0,0,1,1,0,0,0,0,1,0,0,0,0,0,0,0,1,0,0,1,0,0,0,0,0,0,0,0,0,0,1,1,5156.0,0C,1,1,0,1,1,0,1,0,0,167.56,489.88,,,,,,,,,,,,,,,,,,,,,,,,,,,,,,,,,,,,,,,,,,,,,,,,,,,,,,,,,
94,46,270,14.10,32.25,1215,0.0,3.750,4.090,6.01,0.000,27.35,1.00,0.96,-0.76,0.52,1.000,1.02,-1.32,1.040,0.00,0.90,2.348,18.8,0.000,0.496,0.000,1210,7.01,4.5,1.16,0.00,27.8,1,1,0,0,1,1,0,0,0,0,1,0,0,0,0,0,0,0,1,0,0,1,0,0,0,0,0,0,0,0,0,0,1,1,5156.0,0C,1,1,0,1,1,0,1,0,0,166.13,486.06,,,,,,,,,,,,,,,,,,,,,,,,,,,,,,,,,,,,,,,,,,,,,,,,,,,,,,,,,
95,46,661,14.10,32.25,1214,0.0,5.250,3.981,6.01,0.000,26.98,1.00,0.96,-0.76,0.52,1.000,1.02,-1.32,1.039,0.00,0.90,2.348,18.8,0.000,0.496,0.000,1210,7.01,4.5,1.16,0.00,27.8,1,1,0,0,1,1,0,0,0,0,1,0,0,0,0,0,0,0,1,0,0,1,0,0,0,0,0,0,0,0,0,0,1,1,5156.0,0C,1,1,0,1,1,0,1,0,0,165.38,485.25,,,,,,,,,,,,,,,,,,,,,,,,,,,,,,,,,,,,,,,,,,,,,,,,,,,,,,,,,
96,47,45,14.10,32.25,1215,0.0,4.500,4.058,6.08,0.000,27.28,1.00,0.95,-0.76,0.52,1.000,1.02,-1.32,1.041,0.00,0.90,2.348,18.8,0.000,0.496,0.000,1210,7.01,4.5,1.16,0.00,27.8,1,1,0,0,1,1,0,0,0,0,1,0,0,0,0,0,0,0,1,0,0,1,0,0,0,0,0,0,0,0,0,0,1,1,5156.0,0C,1,1,0,1,1,0,1,0,0,164.63,485.31,,,,,,,,,,,,,,,,,,,,,,,,,,,,,,,,,,,,,,,,,,,,,,,,,,,,,,,,,
97,47,456,14.10,33.00,1212,0.0,5.250,4.000,6.01,0.000,26.91,1.00,0.95,-0.76,0.52,1.000,1.02,-1.32,1.039,0.00,0.90,2.348,18.8,0.000,0.496,0.000,1210,7.01,4.5,1.16,0.00,27.8,1,1,0,0,1,1,0,0,0,0,1,0,0,0,0,0,0,0,1,0,0,1,0,0,0,0,0,0,0,0,0,0,1,1,5156.0,0C,1,1,0,1,1,0,1,0,0,164.38,487.19,,,,,,,,,,,,,,,,,,,,,,,,,,,,,,,,,,,,,,,,,,,,,,,,,,,,,,,,,
98,47,835,14.10,33.00,1205,0.0,4.500,4.019,6.01,0.000,26.91,1.00,0.95,-0.76,0.52,1.000,1.02,-1.32,1.039,0.00,0.90,2.348,18.8,0.000,0.496,0.000,1210,7.01,4.5,1.20,0.00,27.8,1,1,0,0,1,1,0,0,0,0,1,0,0,0,0,0,0,0,1,0,0,1,0,0,0,0,0,0,0,0,0,0,1,1,5156.0,0C,1,1,0,1,1,0,1,0,0,166.00,486.44,,,,,,,,,,,,,,,,,,,,,,,,,,,,,,,,,,,,,,,,,,,,,,,,,,,,,,,,,
99,50,391,14.10,33.00,1203,0.0,4.500,3.821,5.93,0.000,26.84,1.00,0.92,-0.76,0.52,0.937,1.02,-1.32,1.038,0.00,0.90,2.199,18.8,0.000,0.496,0.000,1210,7.01,4.5,1.24,0.00,27.8,1,1,0,0,1,1,0,0,0,0,1,0,0,0,0,0,0,0,1,0,0,1,1,0,0,0,0,0,0,0,0,0,1,1,5156.0,0C,1,1,0,1,1,0,1,0,0,163.06,485.75,,,,,,,,,,,,,,,,,,,,,,,,,,,,,,,,,,,,,,,,,,,,,,,,,,,,,,,,,
100,50,813,14.10,33.00,1201,0.0,4.500,3.744,6.01,0.000,26.84,1.00,0.92,-0.76,0.51,0.914,1.02,-1.32,1.038,0.00,0.90,2.053,18.8,0.000,0.496,0.000,1210,7.01,4.5,1.28,0.00,27.8,1,1,0,0,1,1,0,0,0,0,1,0,0,0,0,0,0,0,1,0,0,1,1,0,0,0,0,0,0,0,0,0,1,1,5156.0,0C,1,1,0,1,1,0,1,0,0,163.06,485.75,,,,,,,,,,,,,,,,,,,,,,,,,,,,,,,,,,,,,,,,,,,,,,,,,,,,,,,,,
101,51,306,14.10,33.75,1197,0.0,6.750,3.699,5.93,0.000,27.09,1.00,0.90,-0.76,0.52,0.891,1.02,-1.32,1.040,0.00,0.90,2.053,18.8,0.000,0.496,0.000,1210,7.01,4.5,1.33,0.00,27.8,1,1,0,0,1,1,0,0,0,0,1,0,0,0,0,0,0,0,1,0,0,1,1,0,0,0,0,0,0,0,0,0,1,1,5156.0,0C,1,1,0,1,1,0,1,0,0,163.69,487.00,,,,,,,,,,,,,,,,,,,,,,,,,,,,,,,,,,,,,,,,,,,,,,,,,,,,,,,,,
102,51,774,14.10,33.75,1192,0.0,5.250,3.610,6.01,0.000,27.05,1.00,0.81,-0.76,0.51,0.861,1.02,-1.32,1.039,0.00,0.90,2.053,18.8,0.000,0.496,0.000,1210,7.01,4.5,1.43,0.00,27.8,1,1,0,0,1,1,0,0,0,0,1,0,0,0,0,0,0,0,1,0,0,1,1,0,0,0,0,0,0,0,0,0,1,1,5156.0,0C,1,1,0,1,1,0,1,0,0,164.31,488.50,,,,,,,,,,,,,,,,,,,,,,,,,,,,,,,,,,,,,,,,,,,,,,,,,,,,,,,,,
103,52,215,14.10,33.75,1189,0.0,6.750,4.083,6.45,0.000,27.98,1.00,0.18,-0.76,0.52,0.897,1.02,-1.32,1.039,0.00,0.90,2.053,18.8,0.000,0.496,0.000,1210,7.02,4.5,1.54,0.00,27.8,1,1,0,0,1,1,0,0,0,0,1,0,0,0,0,0,0,0,1,0,0,1,1,0,0,0,0,0,0,0,0,0,1,1,5156.0,0C,1,1,0,1,1,0,1,0,0,170.88,501.50,,,,,,,,,,,,,,,,,,,,,,,,,,,,,,,,,,,,,,,,,,,,,,,,,,,,,,,,,
104,52,626,14.10,33.75,1196,0.0,3.750,4.230,6.32,0.000,28.92,1.00,0.67,-0.76,0.52,0.897,1.02,-1.32,1.041,0.00,0.90,2.053,18.8,0.000,0.496,0.000,1210,7.02,4.5,1.59,0.00,27.8,1,1,0,0,1,1,0,0,0,0,1,0,0,0,0,0,0,0,1,0,0,1,1,0,0,0,0,0,0,0,0,0,1,1,5156.0,0C,1,1,0,1,1,0,1,0,0,175.44,510.19,,,,,,,,,,,,,,,,,,,,,,,,,,,,,,,,,,,,,,,,,,,,,,,,,,,,,,,,,
105,53,33,14.10,33.75,1194,0.0,6.000,3.981,6.32,0.000,28.88,1.00,0.89,-0.76,0.52,0.872,1.02,-1.32,1.041,0.00,0.90,2.113,18.8,0.000,0.496,0.000,1200,7.02,4.5,1.64,0.00,27.8,1,1,0,0,1,1,0,0,0,0,1,0,0,0,0,0,0,0,1,0,0,1,1,0,0,0,0,0,0,0,0,0,1,1,5156.0,0C,1,1,0,1,1,0,1,0,0,175.63,511.13,,,,,,,,,,,,,,,,,,,,,,,,,,,,,,,,,,,,,,,,,,,,,,,,,,,,,,,,,
106,53,441,14.10,33.75,1188,0.0,4.500,3.904,6.32,0.000,28.80,1.00,0.84,-0.76,0.52,0.848,1.02,-1.32,1.040,0.00,0.90,2.113,18.8,0.000,0.496,0.000,1200,7.02,4.5,1.71,0.05,27.8,1,1,0,0,1,1,0,0,0,0,1,0,0,0,0,0,0,0,1,0,0,1,1,0,0,0,0,0,0,0,0,0,1,1,5156.0,0C,1,1,0,1,1,0,1,0,0,175.94,512.25,,,,,,,,,,,,,,,,,,,,,,,,,,,,,,,,,,,,,,,,,,,,,,,,,,,,,,,,,
107,53,907,14.10,33.75,1194,0.0,6.000,3.981,6.37,0.000,29.06,1.00,0.18,-0.76,0.52,0.875,1.02,-1.32,1.042,0.00,0.90,2.113,18.8,0.000,0.496,0.000,1200,7.02,4.5,1.78,0.00,27.8,1,1,0,0,1,1,0,0,0,0,1,0,0,0,0,0,0,0,1,0,0,1,1,0,0,0,0,0,0,0,0,0,1,1,5156.0,0C,1,1,0,1,1,0,1,0,0,177.50,513.75,,,,,,,,,,,,,,,,,,,,,,,,,,,,,,,,,,,,,,,,,,,,,,,,,,,,,,,,,
108,54,291,14.10,33.75,1197,0.0,3.750,4.090,6.37,0.000,29.13,1.00,0.22,-0.76,0.52,0.906,1.02,-1.32,1.042,0.00,0.90,2.113,18.8,0.000,0.496,0.000,1200,7.02,4.5,1.82,0.00,27.8,1,1,0,0,1,1,0,0,0,0,1,0,0,0,0,0,0,0,1,0,0,1,1,0,0,0,0,0,0,0,0,0,1,1,5156.0,0C,1,1,0,1,1,0,1,0,0,177.06,513.69,,,,,,,,,,,,,,,,,,,,,,,,,,,,,,,,,,,,,,,,,,,,,,,,,,,,,,,,,
109,54,690,14.10,34.50,1199,0.0,3.750,3.923,6.32,0.000,28.90,1.00,0.79,-0.76,0.52,0.886,1.02,-1.32,1.041,0.00,0.90,2.113,18.8,0.000,0.496,0.000,1200,7.02,4.5,1.86,0.00,27.8,1,1,0,0,1,1,0,0,0,0,1,0,0,0,0,0,0,0,1,0,0,1,1,0,0,0,0,0,0,0,0,0,1,1,5156.0,0C,1,1,0,1,1,0,1,0,0,175.88,511.94,,,,,,,,,,,,,,,,,,,,,,,,,,,,,,,,,,,,,,,,,,,,,,,,,,,,,,,,,
110,55,80,14.10,34.50,1194,0.0,4.500,3.885,6.37,0.000,28.95,1.00,0.81,-0.76,0.52,0.860,0.05,-0.07,0.000,0.01,0.75,0.258,-42.0,98.439,0.703,86.250,0,0.31,128.3,0.86,-49.63,114.0,0,1,0,0,0,1,0,1,1,1,1,1,0,1,1,0,0,1,0,0,0,0,0,0,0,0,1,1,0,1,0,0,0,0,133.3,14,0,1,0,1,0,1,1,1,1,1,1,,,,,,,,,,,,,,,,,,,,,,,,,,,,,,,,,,,,,,,,,,,,,,,,,,,,,,,,,
111,55,640,14.10,34.50,1191,0.0,8.250,4.051,6.37,0.000,28.92,1.00,0.20,-0.76,0.52,0.901,1.02,-1.32,1.040,0.00,0.90,2.199,18.8,0.000,0.496,0.000,1200,7.02,4.5,1.95,0.00,27.8,1,1,0,0,1,1,0,0,0,0,1,0,0,0,0,0,0,0,1,0,0,1,1,0,0,0,0,0,0,0,0,0,1,1,5156.0,0C,1,1,0,1,1,0,1,0,0,176.13,513.63,,,,,,,,,,,,,,,,,,,,,,,,,,,,,,,,,,,,,,,,,,,,,,,,,,,,,,,,,
112,56,41,14.10,34.50,1203,0.0,1.500,4.019,6.32,0.000,29.04,1.00,0.81,-0.76,0.52,0.892,1.02,-1.32,1.041,0.00,0.90,2.113,18.8,0.000,0.496,0.000,1200,7.02,4.5,1.97,0.00,27.8,1,1,0,0,1,1,0,0,0,0,1,0,0,0,0,0,0,0,1,0,0,1,1,0,0,0,0,0,0,0,0,0,1,1,5156.0,0C,1,1,0,1,1,0,1,0,0,175.50,511.63,,,,,,,,,,,,,,,,,,,,,,,,,,,,,,,,,,,,,,,,,,,,,,,,,,,,,,,,,
113,56,434,14.10,34.50,1195,0.0,4.500,3.859,6.32,0.000,28.80,1.00,0.21,-0.76,0.52,0.872,1.02,-1.32,1.041,0.00,0.90,2.113,18.8,0.000,0.496,0.000,1200,7.02,4.5,2.01,0.00,27.8,1,1,0,0,1,1,0,0,0,0,1,0,0,0,0,0,0,0,1,0,0,1,1,0,0,0,0,0,0,0,0,0,1,1,5156.0,0C,1,1,0,1,1,0,1,0,0,175.88,513.13,,,,,,,,,,,,,,,,,,,,,,,,,,,,,,,,,,,,,,,,,,,,,,,,,,,,,,,,,
114,56,823,14.10,34.50,1199,0.0,4.500,3.955,6.32,0.000,28.69,1.00,0.32,-0.76,0.52,0.921,1.02,-1.32,1.041,0.00,0.90,2.348,18.8,0.000,0.496,0.000,1200,7.02,4.5,2.04,0.00,27.8,1,1,0,0,1,1,0,0,0,0,1,0,0,0,0,0,0,0,0,0,0,0,0,0,0,0,0,1,0,1,0,0,0,0,10415.8,F3,0,1,0,1,0,1,1,1,1,1,1,,,,,,,,,,,,,,,,,,,,,,,,,,,,,,,,,,,,,,,,,,,,,,,,,,,,,,,,,
115,57,217,14.10,34.50,1193,0.0,9.000,3.936,6.32,0.000,28.76,1.00,0.81,-0.76,0.52,0.883,1.02,-1.32,1.040,0.00,0.90,2.348,18.8,0.000,0.496,0.000,1200,7.02,4.5,2.06,0.00,27.8,1,1,0,0,1,1,0,0,0,0,1,0,0,0,0,0,0,0,1,0,0,1,1,0,0,0,0,0,0,0,0,0,1,1,5156.0,0C,1,1,0,1,1,0,1,0,0,176.06,509.13,,,,,,,,,,,,,,,,,,,,,,,,,,,,,,,,,,,,,,,,,,,,,,,,,,,,,,,,,
116,57,595,14.10,34.50,1200,0.0,8.250,3.853,6.20,0.000,28.31,1.00,0.20,-0.76,0.52,0.922,1.02,-1.32,1.041,0.00,0.90,2.348,18.8,0.000,0.496,0.000,1200,7.02,4.5,2.08,0.00,27.8,1,1,0,0,1,1,0,0,0,0,1,0,0,0,0,0,0,0,1,0,0,1,1,0,0,0,0,0,0,0,0,0,1,1,5156.0,0C,1,1,0,1,1,0,1,0,0,172.44,504.44,,,,,,,,,,,,,,,,,,,,,,,,,,,,,,,,,,,,,,,,,,,,,,,,,,,,,,,,,
117,57,975,14.10,34.50,1202,0.0,2.250,4.013,6.20,0.000,28.24,1.00,0.65,-0.76,0.52,0.946,1.02,-1.32,1.041,0.00,0.90,2.113,18.8,0.000,0.496,0.000,1200,7.02,4.5,2.08,0.00,27.8,1,1,0,0,1,1,0,0,0,0,1,0,0,0,0,0,0,0,1,0,0,1,1,0,0,0,0,0,0,0,0,0,1,1,5156.0,0C,1,1,0,1,1,0,1,0,0,170.63,501.94,,,,,,,,,,,,,,,,,,,,,,,,,,,,,,,,,,,,,,,,,,,,,,,,,,,,,,,,,
118,58,361,14.10,35.25,1204,0.0,7.500,3.616,6.08,0.000,27.35,1.00,0.84,-0.76,0.52,0.899,1.02,-1.32,1.040,0.00,0.90,2.113,18.8,0.000,0.496,0.000,1200,7.02,4.5,2.08,0.00,27.8,1,1,0,0,1,1,0,0,0,0,1,0,0,0,0,0,0,0,1,0,0,1,1,0,0,0,0,0,0,0,0,0,1,1,5156.0,0C,1,1,0,1,1,0,1,0,0,168.13,494.94,,,,,,,,,,,,,,,,,,,,,,,,,,,,,,,,,,,,,,,,,,,,,,,,,,,,,,,,,
119,58,751,14.10,35.25,1192,0.0,5.250,3.744,6.08,0.000,27.16,1.00,0.19,-0.76,0.52,0.923,1.02,-1.32,1.038,0.00,0.90,1.972,18.8,0.000,0.496,0.000,1200,7.03,4.5,2.11,0.00,27.8,1,1,0,0,1,1,0,0,0,0,1,0,0,0,0,0,0,0,1,0,0,1,1,0,0,0,0,0,0,0,0,0,1,1,5156.0,0C,1,1,0,1,1,0,1,0,0,165.94,493.19,,,,,,,,,,,,,,,,,,,,,,,,,,,,,,,,,,,,,,,,,,,,,,,,,,,,,,,,,
120,59,186,14.10,35.25,1204,0.0,2.250,3.814,5.93,0.000,27.14,1.00,0.19,-0.76,0.52,0.941,1.02,-1.32,1.039,0.00,0.90,1.972,18.8,0.000,0.496,0.000,1200,7.03,4.5,2.11,0.00,27.8,1,1,0,0,1,1,0,0,0,0,1,0,0,0,0,0,0,0,1,0,0,1,1,0,0,0,0,0,0,0,0,0,1,1,5156.0,0C,1,1,0,1,1,0,1,0,0,163.56,488.63,,,,,,,,,,,,,,,,,,,,,,,,,,,,,,,,,,,,,,,,,,,,,,,,,,,,,,,,,
121,59,586,14.10,35.25,1200,0.0,3.750,3.859,5.93,0.000,26.77,1.00,0.58,-0.76,0.52,0.971,1.02,-1.32,1.038,0.00,0.90,1.972,18.8,0.000,0.496,0.000,1200,7.03,4.5,2.13,0.00,27.8,1,1,0,0,1,1,0,0,0,0,1,0,0,0,0,0,0,0,1,0,0,1,1,0,0,0,0,0,0,0,0,0,1,1,5156.0,0C,1,1,0,1,1,0,1,0,0,162.81,487.13,,,,,,,,,,,,,,,,,,,,,,,,,,,,,,,,,,,,,,,,,,,,,,,,,,,,,,,,,
122,59,971,14.10,35.25,1198,0.0,6.750,3.693,5.93,0.000,26.65,1.00,0.86,-0.76,0.52,0.925,1.02,-1.32,1.038,0.00,0.90,2.053,18.8,0.000,0.496,0.000,1200,7.03,4.5,2.13,0.00,27.8,1,1,0,0,1,1,0,0,0,0,1,0,0,0,0,0,0,0,1,0,0,1,1,0,0,0,0,0,0,0,0,0,1,1,5156.0,0C,1,1,0,1,1,0,1,0,0,162.94,486.00,,,,,,,,,,,,,,,,,,,,,,,,,,,,,,,,,,,,,,,,,,,,,,,,,,,,,,,,,
123,60,383,14.10,35.25,1197,0.0,8.250,3.629,5.93,0.000,26.60,1.00,0.84,-0.76,0.52,0.901,1.02,-1.32,1.038,0.00,0.90,2.053,18.8,0.000,0.496,0.000,1200,7.03,4.5,2.13,0.00,27.8,1,1,0,0,1,1,0,0,0,0,1,0,0,0,0,0,0,0,1,0,0,1,1,0,0,0,0,0,0,0,0,0,1,1,5156.0,0C,1,1,0,1,1,0,1,0,0,162.38,486.63,,,,,,,,,,,,,,,,,,,,,,,,,,,,,,,,,,,,,,,,,,,,,,,,,,,,,,,,,
124,60,767,14.10,35.25,1195,0.0,6.000,3.686,1440.63,14.179,620.74,1.45,0.11,-1.32,0.88,0.007,0.05,-7.03,0.000,0.01,0.75,0.258,-42.0,99.220,0.703,-45.750,0,0.31,128.3,0.86,-49.63,114.0,0,1,0,0,0,1,0,1,1,1,1,1,0,1,1,0,0,1,0,0,0,0,0,0,0,0,0,1,0,1,0,0,0,0,1839.7,73,0,1,0,1,0,1,1,1,1,1,1,,,,,,,,,,,,,,,,,,,,,,,,,,,,,,,,,,,,,,,,,,,,,,,,,,,,,,,,,
125,61,150,14.10,35.25,1196,0.0,6.000,3.763,1446.88,14.960,620.81,1.45,0.11,-1.32,1.01,0.007,0.05,-7.03,0.000,0.01,0.75,0.258,-42.0,99.611,0.703,-41.250,0,0.31,128.3,0.86,-49.63,114.0,0,1,0,0,0,1,0,1,1,1,1,1,0,1,1,0,0,1,0,0,0,0,0,0,0,0,0,1,0,1,0,0,0,0,1797.0,70,0,1,0,1,0,1,1,1,1,1,1,,,,,,,,,,,,,,,,,,,,,,,,,,,,,,,,,,,,,,,,,,,,,,,,,,,,,,,,,
126,61,554,14.10,35.25,1199,0.0,6.750,3.776,5.93,0.000,26.67,1.00,0.21,-0.76,0.52,0.958,1.02,-1.32,1.040,0.00,0.90,2.053,18.8,0.000,0.496,0.000,1200,7.03,4.5,2.18,0.00,27.8,1,1,0,0,1,1,0,0,0,0,1,0,0,0,0,0,0,0,1,0,0,1,1,0,0,0,0,0,0,0,0,0,1,1,5156.0,0C,1,1,0,1,1,0,1,0,0,162.50,486.81,,,,,,,,,,,,,,,,,,,,,,,,,,,,,,,,,,,,,,,,,,,,,,,,,,,,,,,,,
127,61,954,14.10,35.25,1195,0.0,4.500,3.770,6.01,0.000,26.63,1.00,0.80,-0.76,0.52,0.930,1.02,-1.32,1.036,0.00,0.90,2.199,18.8,0.000,0.496,0.000,1200,7.03,4.5,2.19,0.00,27.8,1,1,0,0,1,1,0,0,0,0,1,0,0,0,0,0,0,0,1,0,0,1,1,0,0,0,0,0,0,0,0,0,1,1,5156.0,0C,1,1,0,1,1,0,1,0,0,163.81,486.13,,,,,,,,,,,,,,,,,,,,,,,,,,,,,,,,,,,,,,,,,,,,,,,,,,,,,,,,,
128,62,368,14.10,36.00,1189,0.0,10.500,3.840,6.01,0.000,26.79,1.00,0.27,-0.76,0.51,0.950,1.02,-1.32,1.038,0.00,0.90,2.199,18.8,0.000,0.496,0.000,1200,7.03,4.5,2.22,0.00,27.8,1,1,0,0,1,1,0,0,0,0,1,0,0,0,0,0,0,0,1,0,0,1,1,0,0,0,0,0,0,0,0,0,1,1,5156.0,0C,1,1,0,1,1,0,1,0,0,163.19,488.50,,,,,,,,,,,,,,,,,,,,,,,,,,,,,,,,,,,,,,,,,,,,,,,,,,,,,,,,,
129,62,764,14.10,36.00,1192,0.0,7.500,3.680,5.93,0.000,26.79,1.00,0.86,-0.76,0.52,0.903,1.02,-1.32,1.038,0.00,0.90,1.972,18.8,0.000,0.496,0.000,1190,7.03,4.5,2.25,0.00,27.8,1,1,0,0,1,1,0,0,0,0,1,0,0,0,0,0,0,0,1,0,0,1,1,0,0,0,0,0,0,0,0,0,1,1,5156.0,0C,1,1,0,1,1,0,1,0,0,163.44,488.94,,,,,,,,,,,,,,,,,,,,,,,,,,,,,,,,,,,,,,,,,,,,,,,,,,,,,,,,,
130,63,175,14.10,36.00,1185,0.0,6.750,4.019,5.93,0.000,27.61,1.00,0.19,-0.76,0.52,0.926,1.02,-1.32,1.039,0.00,0.90,1.972,18.8,0.000,0.496,0.000,1190,7.03,4.5,2.30,0.00,27.8,1,1,0,0,1,1,0,0,0,0,1,0,0,0,0,0,0,0,1,0,0,1,1,0,0,0,0,0,0,0,0,0,1,1,5156.0,0C,1,1,0,1,1,0,1,0,0,168.06,498.00,,,,,,,,,,,,,,,,,,,,,,,,,,,,,,,,,,,,,,,,,,,,,,,,,,,,,,,,,
131,63,730,14.10,36.00,1193,0.0,6.000,3.859,6.01,0.000,27.02,1.00,0.31,-0.76,0.52,0.950,1.02,-1.32,1.038,0.00,0.90,1.972,18.8,0.000,0.496,0.000,1190,7.03,4.5,2.31,0.00,27.8,1,1,0,0,1,1,0,0,0,0,1,0,0,0,0,0,0,0,1,0,0,1,1,0,0,0,0,0,0,0,0,0,1,1,5156.0,0C,1,1,0,1,1,0,1,0,0,165.19,492.50,,,,,,,,,,,,,,,,,,,,,,,,,,,,,,,,,,,,,,,,,,,,,,,,,,,,,,,,,
132,64,200,14.10,36.00,1163,0.0,10.500,3.187,5.03,0.000,24.23,1.00,0.20,-0.76,0.52,0.898,1.02,-1.32,1.029,0.00,0.90,1.972,18.8,0.000,0.496,0.000,990,7.03,4.5,2.39,-0.26,27.8,1,1,0,0,1,1,0,0,0,0,1,0,0,0,0,0,0,0,1,0,0,1,1,0,0,0,0,0,0,0,0,0,1,1,5156.0,0C,1,1,0,1,1,0,1,0,0,148.00,457.13,,,,,,,,,,,,,,,,,,,,,,,,,,,,,,,,,,,,,,,,,,,,,,,,,,,,,,,,,
133,64,680,14.10,36.00,1114,0.0,6.750,3.405,5.10,0.000,24.05,1.00,0.19,-0.76,0.52,0.941,1.02,-1.32,1.029,0.00,0.90,1.972,18.8,0.000,0.496,0.000,990,7.03,4.5,2.43,-0.19,27.8,1,1,0,0,1,1,0,0,0,0,1,0,0,0,0,0,0,0,1,0,0,1,1,0,0,0,0,0,0,0,0,0,1,1,5156.0,0C,1,1,0,1,1,0,1,0,0,149.13,458.31,,,,,,,,,,,,,,,,,,,,,,,,,,,,,,,,,,,,,,,,,,,,,,,,,,,,,,,,,
134,65,332,14.00,36.00,1049,0.0,7.500,3.853,5.10,0.000,26.06,1.00,0.86,-0.76,0.52,0.930,1.02,-1.32,1.022,0.00,0.90,1.632,18.8,0.000,0.496,0.000,990,7.03,4.5,2.44,-0.02,27.8,1,1,0,0,1,1,0,0,0,0,1,0,0,0,0,0,0,0,1,0,0,1,1,0,0,0,0,0,0,0,0,0,1,1,5156.0,0C,1,1,0,1,1,0,1,0,0,160.00,480.63,,,,,,,,,,,,,,,,,,,,,,,,,,,,,,,,,,,,,,,,,,,,,,,,,,,,,,,,,
135,65,778,14.10,36.00,1012,0.0,4.500,3.974,5.10,0.000,27.66,1.00,0.97,-0.76,0.52,0.897,1.02,-1.32,1.026,0.00,0.90,1.632,18.8,0.000,0.496,0.000,990,7.03,4.5,2.48,0.00,27.8,1,1,0,0,1,1,0,0,0,0,1,0,0,0,0,0,0,0,1,0,0,1,1,0,0,0,0,0,0,0,0,0,1,1,5156.0,0C,1,1,0,1,1,0,1,0,0,169.63,501.06,,,,,,,,,,,,,,,,,,,,,,,,,,,,,,,,,,,,,,,,,,,,,,,,,,,,,,,,,
136,66,181,14.10,36.75,989,0.0,6.750,3.987,5.03,0.000,28.38,1.00,0.95,-0.76,0.52,0.870,1.02,-1.32,1.029,0.00,0.90,1.819,18.8,0.000,0.496,0.000,990,7.03,4.5,2.56,0.00,27.8,1,1,0,0,1,1,0,0,0,0,1,0,0,0,0,0,0,0,1,0,0,1,1,0,0,0,0,0,0,0,0,0,1,1,5156.0,0C,1,1,0,1,1,0,1,0,0,173.13,510.06,,,,,,,,,,,,,,,,,,,,,,,,,,,,,,,,,,,,,,,,,,,,,,,,,,,,,,,,,
137,66,556,14.10,36.75,981,0.0,3.750,3.904,5.03,0.000,28.50,1.00,0.92,-0.76,0.52,0.849,1.02,-1.32,1.029,0.00,0.90,1.819,18.8,0.000,0.496,0.000,990,7.03,4.5,2.65,0.00,27.8,1,1,0,0,1,1,0,0,0,0,1,0,0,0,0,0,0,0,1,0,0,1,1,0,0,0,0,0,0,0,0,0,1,1,5156.0,0C,1,1,0,1,1,0,1,0,0,174.13,512.38,,,,,,,,,,,,,,,,,,,,,,,,,,,,,,,,,,,,,,,,,,,,,,,,,,,,,,,,,
138,66,964,14.10,36.75,978,0.0,3.750,3.827,5.03,0.000,28.43,1.00,0.87,-0.76,0.52,0.832,1.02,-1.32,1.029,0.00,0.90,1.761,18.8,0.000,0.496,0.000,990,7.04,4.5,2.69,0.00,27.8,1,1,0,0,1,1,0,0,0,0,1,0,0,0,0,0,0,0,1,0,0,1,1,0,0,0,0,0,0,0,0,0,1,1,5156.0,0C,1,1,0,1,1,0,1,0,0,173.44,511.88,,,,,,,,,,,,,,,,,,,,,,,,,,,,,,,,,,,,,,,,,,,,,,,,,,,,,,,,,
139,67,368,14.00,36.75,978,0.0,4.500,3.827,5.10,0.000,28.45,1.00,0.19,-0.76,0.51,0.850,1.02,-1.32,1.029,0.00,0.90,1.761,18.8,0.000,0.496,0.000,990,7.04,4.5,2.80,0.00,27.8,1,1,0,0,1,1,0,0,0,0,1,0,0,0,0,0,0,0,1,0,0,1,1,0,0,0,0,0,0,0,0,0,1,1,5156.0,0C,1,1,0,1,1,0,1,0,0,173.88,511.69,,,,,,,,,,,,,,,,,,,,,,,,,,,,,,,,,,,,,,,,,,,,,,,,,,,,,,,,,
140,67,751,14.10,36.75,982,0.0,5.250,3.904,5.10,0.000,28.48,1.00,0.20,-0.76,0.52,0.871,1.02,-1.32,1.029,0.00,0.90,1.761,18.8,0.000,0.496,0.000,990,7.04,4.5,2.85,0.00,27.8,1,1,0,0,1,1,0,0,0,0,1,0,0,0,0,0,0,0,1,0,0,1,1,0,0,0,0,0,0,0,0,0,1,1,5156.0,0C,1,1,0,1,1,0,1,0,0,173.44,511.19,,,,,,,,,,,,,,,,,,,,,,,,,,,,,,,,,,,,,,,,,,,,,,,,,,,,,,,,,
141,68,155,14.10,36.75,986,0.0,4.500,3.968,5.03,0.000,28.52,1.00,0.21,-0.76,0.52,0.888,1.02,-1.32,1.030,0.00,0.90,1.761,18.8,0.000,0.496,0.000,990,7.04,4.5,2.87,0.00,27.8,1,1,0,0,1,1,0,0,0,0,1,0,0,0,0,0,0,0,1,0,0,1,1,0,0,0,0,0,0,0,0,0,1,1,5156.0,0C,1,1,0,1,1,0,1,0,0,174.19,512.38,,,,,,,,,,,,,,,,,,,,,,,,,,,,,,,,,,,,,,,,,,,,,,,,,,,,,,,,,
142,68,546,14.00,36.75,982,0.0,7.500,3.866,5.10,0.000,28.45,1.00,0.85,-0.76,0.52,0.860,1.02,-1.32,1.029,0.00,0.90,1.761,18.8,0.000,0.496,0.000,990,7.04,4.5,2.91,0.00,27.8,1,1,0,0,1,1,0,0,0,0,1,0,0,0,0,0,0,0,1,0,0,1,1,0,0,0,0,0,0,0,0,0,1,1,5156.0,0C,1,1,0,1,1,0,1,0,0,174.06,512.69,,,,,,,,,,,,,,,,,,,,,,,,,,,,,,,,,,,,,,,,,,,,,,,,,,,,,,,,,
143,68,936,14.10,36.75,975,0.0,8.250,3.802,5.10,0.000,28.52,1.00,0.81,-0.76,0.52,0.839,1.02,-1.32,1.030,0.00,0.90,1.643,18.8,0.000,0.496,0.000,990,7.04,4.5,2.97,0.00,27.8,1,1,0,0,1,1,0,0,0,0,1,0,0,0,0,0,0,0,1,0,0,1,1,0,0,0,0,0,0,0,0,0,1,1,5156.0,0C,1,1,0,1,1,0,1,0,0,174.00,515.81,,,,,,,,,,,,,,,,,,,,,,,,,,,,,,,,,,,,,,,,,,,,,,,,,,,,,,,,,
144,69,321,14.10,36.75,981,0.0,3.000,3.930,5.03,0.000,28.64,1.00,0.20,-0.76,0.52,0.877,1.02,-1.32,1.030,0.00,0.90,1.643,18.8,0.000,0.496,0.000,990,7.04,4.5,3.03,0.00,27.8,1,1,0,0,1,1,0,0,0,0,1,0,0,0,0,0,0,0,1,0,0,1,1,0,0,0,0,0,0,0,0,0,1,1,5156.0,0C,1,1,0,1,1,0,1,0,0,175.00,514.13,,,,,,,,,,,,,,,,,,,,,,,,,,,,,,,,,,,,,,,,,,,,,,,,,,,,,,,,,
145,69,723,14.10,36.75,982,0.0,6.000,3.974,5.10,0.000,28.52,1.00,0.28,-0.76,0.52,0.898,1.02,-1.32,1.030,0.00,0.90,1.643,18.8,0.000,0.496,0.000,990,7.04,4.5,3.05,0.00,27.8,1,1,0,0,1,1,0,0,0,0,1,0,0,0,0,0,0,0,1,0,0,1,1,0,0,0,0,0,0,0,0,0,1,1,5156.0,0C,1,1,0,1,1,0,1,0,0,174.44,513.44,,,,,,,,,,,,,,,,,,,,,,,,,,,,,,,,,,,,,,,,,,,,,,,,,,,,,,,,,
146,70,161,14.00,37.50,979,0.0,8.250,3.866,5.10,0.000,28.64,1.00,0.85,-0.76,0.52,0.858,1.02,-1.32,1.030,0.00,0.90,1.761,18.8,0.000,0.496,0.000,990,7.04,4.5,3.09,0.00,27.8,1,1,0,0,1,1,0,0,0,0,1,0,0,0,0,0,0,0,1,0,0,1,1,0,0,0,0,0,0,0,0,0,1,1,5156.0,0C,1,1,0,1,1,0,1,0,0,174.56,514.56,,,,,,,,,,,,,,,,,,,,,,,,,,,,,,,,,,,,,,,,,,,,,,,,,,,,,,,,,
147,70,554,14.10,37.50,988,0.0,6.000,3.923,5.03,0.000,28.62,1.00,0.20,-0.76,0.52,0.882,1.02,-1.32,1.030,0.00,0.90,1.761,18.8,0.000,0.496,0.000,990,7.04,4.5,3.12,0.00,27.8,1,1,0,0,1,1,0,0,0,0,1,0,0,0,0,0,0,0,1,0,0,1,1,0,0,0,0,0,0,0,0,0,1,1,5156.0,0C,1,1,0,1,1,0,1,0,0,174.19,513.56,,,,,,,,,,,,,,,,,,,,,,,,,,,,,,,,,,,,,,,,,,,,,,,,,,,,,,,,,
148,70,951,14.10,37.50,987,0.0,3.750,3.987,5.03,0.000,28.64,1.00,0.28,-0.76,0.52,0.897,1.02,-1.32,1.030,0.00,0.90,1.761,18.8,0.000,0.496,0.000,990,7.04,4.5,3.14,0.00,27.8,1,1,0,0,1,1,0,0,0,0,1,0,0,0,0,0,0,0,1,0,0,1,1,0,0,0,0,0,0,0,0,0,1,1,5156.0,0C,1,1,0,1,1,0,1,0,0,174.31,514.50,,,,,,,,,,,,,,,,,,,,,,,,,,,,,,,,,,,,,,,,,,,,,,,,,,,,,,,,,
149,71,347,14.10,37.50,986,0.0,3.750,3.789,5.03,0.000,28.48,1.00,0.84,-0.76,0.52,0.855,1.02,-1.32,1.029,0.00,0.90,1.761,18.8,0.000,0.496,0.000,990,7.04,4.5,3.16,0.00,27.8,1,1,0,0,1,1,0,0,0,0,1,0,0,0,0,0,0,0,1,0,0,1,1,0,0,0,0,0,0,0,0,0,1,1,5156.0,0C,1,1,0,1,1,0,1,0,0,173.06,513.25,,,,,,,,,,,,,,,,,,,,,,,,,,,,,,,,,,,,,,,,,,,,,,,,,,,,,,,,,
150,71,745,14.00,37.50,974,0.0,5.250,3.866,5.10,0.000,28.38,1.00,0.21,-0.76,0.52,0.873,1.02,-1.32,1.029,0.00,0.90,1.761,18.8,0.000,0.496,0.000,990,7.04,4.5,3.21,0.02,27.8,1,1,0,0,1,1,0,0,0,0,1,0,0,0,0,0,0,0,1,0,0,1,1,0,0,0,0,0,0,0,0,0,1,1,5156.0,0C,1,1,0,1,1,0,1,0,0,173.88,513.75,,,,,,,,,,,,,,,,,,,,,,,,,,,,,,,,,,,,,,,,,,,,,,,,,,,,,,,,,
151,72,134,14.10,37.50,986,0.0,3.750,3.898,5.03,0.000,28.45,1.00,0.20,-0.76,0.52,0.894,1.02,-1.32,1.029,0.00,0.90,1.643,18.8,0.000,0.496,0.000,990,7.04,4.5,3.22,0.00,27.8,1,1,0,0,1,1,0,0,0,0,1,0,0,0,0,0,0,0,1,0,0,1,1,0,0,0,0,0,0,0,0,0,1,1,5156.0,0C,1,1,0,1,1,0,1,0,0,173.31,512.63,,,,,,,,,,,,,,,,,,,,,,,,,,,,,,,,,,,,,,,,,,,,,,,,,,,,,,,,,
152,72,513,14.00,37.50,982,0.0,7.500,3.885,5.03,0.000,28.36,1.00,0.79,-0.76,0.51,0.883,1.02,-1.32,1.029,0.00,0.90,1.643,18.8,0.000,0.496,0.000,990,7.04,4.5,3.25,0.00,27.8,1,1,0,0,1,1,0,0,0,0,1,0,0,0,0,0,0,0,1,0,0,1,1,0,0,0,0,0,0,0,0,0,1,1,5156.0,0C,1,1,0,1,1,0,1,0,0,173.63,511.25,,,,,,,,,,,,,,,,,,,,,,,,,,,,,,,,,,,,,,,,,,,,,,,,,,,,,,,,,
153,72,904,14.00,37.50,980,0.0,4.500,3.840,5.10,0.000,28.43,1.45,0.13,-1.31,0.94,0.007,0.03,-0.37,0.000,0.01,0.75,0.213,-41.3,1.563,0.703,36.000,0,0.31,128.3,0.86,-49.63,114.0,0,1,0,0,0,1,0,1,1,1,1,1,0,1,1,0,0,1,0,0,0,0,0,0,0,0,0,1,0,1,0,0,0,0,9264.0,9,0,1,0,1,0,1,1,1,1,1,1,,,,,,,,,,,,,,,,,,,,,,,,,,,,,,,,,,,,,,,,,,,,,,,,,,,,,,,,,
154,73,321,14.10,37.50,981,0.0,4.500,3.872,5.03,0.000,28.48,1.00,0.21,-0.76,0.52,0.873,1.02,-1.32,1.029,0.00,0.90,1.643,18.8,0.000,0.496,0.000,990,7.04,4.5,3.30,0.00,27.8,1,1,0,0,1,1,0,0,0,0,1,0,0,0,0,0,0,0,1,0,0,1,1,0,0,0,0,0,0,0,0,0,1,1,5156.0,0C,1,1,0,1,1,0,1,0,0,173.19,512.56,,,,,,,,,,,,,,,,,,,,,,,,,,,,,,,,,,,,,,,,,,,,,,,,,,,,,,,,,
155,73,721,14.10,37.50,973,0.0,6.000,3.955,5.10,0.000,28.48,1.00,0.20,-0.76,0.52,0.895,1.02,-1.32,1.029,0.00,0.90,1.643,18.8,0.000,0.496,0.000,980,7.04,4.5,3.37,0.00,27.8,1,1,0,0,1,1,0,0,0,0,1,0,0,0,0,0,0,0,1,0,0,1,1,0,0,0,0,0,0,0,0,0,1,1,5156.0,0C,1,1,0,1,1,0,1,0,0,173.81,513.06,,,,,,,,,,,,,,,,,,,,,,,,,,,,,,,,,,,,,,,,,,,,,,,,,,,,,,,,,
156,74,141,14.10,38.25,978,0.0,6.750,3.949,5.03,0.000,28.31,1.00,0.70,-0.76,0.51,0.916,1.02,-1.32,1.029,0.00,0.90,1.761,18.8,0.000,0.496,0.000,980,7.05,4.5,3.39,0.00,27.8,1,1,0,0,1,1,0,0,0,0,1,0,0,0,0,0,0,0,1,0,0,1,1,0,0,0,0,0,0,0,0,0,1,1,5156.0,0C,1,1,0,1,1,0,1,0,0,172.81,510.38,,,,,,,,,,,,,,,,,,,,,,,,,,,,,,,,,,,,,,,,,,,,,,,,,,,,,,,,,
157,74,566,14.00,38.25,976,0.0,4.500,3.821,5.03,0.000,28.24,1.00,0.85,-0.76,0.52,0.870,1.02,-1.32,1.028,0.00,0.90,1.761,18.8,0.000,0.496,0.000,980,7.05,4.5,3.42,0.00,27.8,1,1,0,0,1,1,0,0,0,0,1,0,0,0,0,0,0,0,1,0,0,1,1,0,0,0,0,0,0,0,0,0,1,1,5156.0,0C,1,1,0,1,1,0,1,0,0,172.25,509.63,,,,,,,,,,,,,,,,,,,,,,,,,,,,,,,,,,,,,,,,,,,,,,,,,,,,,,,,,
158,74,961,14.00,38.25,978,0.0,1.500,3.853,5.03,0.000,28.08,1.00,0.20,-0.76,0.52,0.887,1.02,-1.32,1.028,0.00,0.90,1.699,18.8,0.000,0.496,0.000,980,7.05,4.5,3.44,0.00,27.8,1,1,0,0,1,1,0,0,0,0,1,0,0,0,0,0,0,0,1,0,0,1,1,0,0,0,0,0,0,0,0,0,1,1,5156.0,0C,1,1,0,1,1,0,1,0,0,170.94,509.06,,,,,,,,,,,,,,,,,,,,,,,,,,,,,,,,,,,,,,,,,,,,,,,,,,,,,,,,,
159,75,351,14.00,38.25,977,0.0,5.250,3.872,4.98,0.000,28.01,1.00,0.22,-0.76,0.52,0.908,1.02,-1.32,1.027,0.00,0.90,1.699,18.8,0.000,0.496,0.000,980,7.05,4.5,3.48,0.00,27.8,1,1,0,0,1,1,0,0,0,0,1,0,0,0,0,0,0,0,1,0,0,1,1,0,0,0,0,0,0,0,0,0,1,1,5156.0,0C,1,1,0,1,1,0,1,0,0,170.88,507.69,,,,,,,,,,,,,,,,,,,,,,,,,,,,,,,,,,,,,,,,,,,,,,,,,,,,,,,,,
160,75,755,14.00,38.25,984,0.0,2.250,3.878,4.91,0.000,28.08,1.00,0.75,-0.76,0.52,0.895,1.02,-1.32,1.028,0.00,0.90,1.699,18.8,0.000,0.496,0.000,980,7.05,4.5,3.49,0.00,27.8,1,1,0,0,1,1,0,0,0,0,1,0,0,0,0,0,0,0,1,0,0,1,1,0,0,0,0,0,0,0,0,0,1,1,5156.0,0C,1,1,0,1,1,0,1,0,0,170.75,506.38,,,,,,,,,,,,,,,,,,,,,,,,,,,,,,,,,,,,,,,,,,,,,,,,,,,,,,,,,
161,76,143,14.10,38.25,973,0.0,6.750,3.853,4.98,0.000,28.15,1.00,0.85,-0.76,0.51,0.874,1.02,-1.32,1.028,0.00,0.90,1.761,18.8,0.000,0.496,0.000,980,7.05,4.5,3.54,0.00,27.8,1,1,0,0,1,1,0,0,0,0,1,0,0,0,0,0,0,0,1,0,0,1,1,0,0,0,0,0,0,0,0,0,1,1,5156.0,0C,1,1,0,1,1,0,1,0,0,171.94,510.56,,,,,,,,,,,,,,,,,,,,,,,,,,,,,,,,,,,,,,,,,,,,,,,,,,,,,,,,,
162,76,523,14.10,38.25,977,0.0,8.250,3.770,4.98,0.000,28.13,1.00,0.77,-0.76,0.51,0.852,1.02,-1.32,1.028,0.00,0.90,1.761,18.8,0.000,0.496,0.000,980,7.05,4.5,3.57,0.00,27.8,1,1,0,0,1,1,0,0,0,0,1,0,0,0,0,0,0,0,1,0,0,1,1,0,0,0,0,0,0,0,0,0,1,1,5156.0,0C,1,1,0,1,1,0,1,0,0,171.38,509.44,,,,,,,,,,,,,,,,,,,,,,,,,,,,,,,,,,,,,,,,,,,,,,,,,,,,,,,,,
163,76,955,14.00,38.25,980,0.0,6.000,3.859,4.98,0.000,28.08,1.00,0.19,-0.76,0.52,0.892,1.02,-1.32,1.028,0.00,0.90,1.589,18.8,0.000,0.496,0.000,980,7.05,4.5,3.60,0.00,27.8,1,1,0,0,1,1,0,0,0,0,1,0,0,0,0,0,0,0,1,0,0,1,1,0,0,0,0,0,0,0,0,0,1,1,5156.0,0C,1,1,0,1,1,0,1,1,1,1,1,,,,,,,,,,,,,,,,,,,,,,,,,,,,,,,,,,,,,,,,,,,,,,,,,,,,,,,,,
164,77,333,14.00,38.25,985,0.0,0.750,3.962,4.98,0.000,28.13,1.00,0.25,-0.76,0.52,0.914,1.02,-1.32,1.028,0.00,0.90,1.589,18.8,0.000,0.496,0.000,980,7.05,4.5,3.61,0.00,27.8,1,1,0,0,1,1,0,0,0,0,1,0,0,0,0,0,0,0,1,0,0,1,1,0,0,0,0,0,0,0,0,0,1,1,5156.0,0C,1,1,0,1,1,0,1,0,0,170.94,508.00,,,,,,,,,,,,,,,,,,,,,,,,,,,,,,,,,,,,,,,,,,,,,,,,,,,,,,,,,
165,77,743,14.00,38.25,981,0.0,1.500,3.827,4.98,0.000,28.03,1.00,0.84,-0.76,0.51,0.880,1.02,-1.32,1.028,0.00,0.90,1.589,18.8,0.000,0.496,0.000,980,7.05,4.5,3.64,0.00,27.8,1,1,0,0,1,1,0,0,0,0,1,0,0,0,0,0,0,0,1,0,0,1,1,0,0,0,0,0,0,0,0,0,1,1,5156.0,0C,1,1,0,1,1,0,1,0,0,170.88,508.19,,,,,,,,,,,,,,,,,,,,,,,,,,,,,,,,,,,,,,,,,,,,,,,,,,,,,,,,,
166,78,135,14.00,39.00,975,0.0,8.250,3.776,4.98,0.000,28.08,1.00,0.80,-0.76,0.52,0.857,1.02,-1.32,1.028,0.00,0.90,1.589,18.8,0.000,0.496,0.000,980,7.05,4.5,3.66,0.00,27.8,1,1,0,0,1,1,0,0,0,0,1,0,0,0,0,0,0,0,1,0,0,1,1,0,0,0,0,0,0,0,0,0,1,1,5156.0,0C,1,1,0,1,1,0,1,0,0,171.50,509.25,,,,,,,,,,,,,,,,,,,,,,,,,,,,,,,,,,,,,,,,,,,,,,,,,,,,,,,,,
167,80,573,14.00,39.00,982,0.0,3.000,3.840,4.98,0.000,28.13,1.00,0.80,-0.76,0.52,0.889,1.02,-1.32,1.028,0.00,0.90,1.589,18.8,0.000,0.496,0.000,980,7.06,4.5,3.80,0.00,27.8,1,1,0,0,1,1,0,0,0,0,1,0,0,0,0,0,0,0,1,0,0,1,1,0,0,0,0,0,0,0,0,0,1,1,5156.0,0C,1,1,0,1,1,0,1,0,0,171.75,509.31,,,,,,,,,,,,,,,,,,,,,,,,,,,,,,,,,,,,,,,,,,,,,,,,,,,,,,,,,
168,80,977,14.00,39.00,974,0.0,4.500,3.802,4.98,0.000,28.10,1.00,0.86,-0.76,0.52,0.867,1.02,-1.32,1.028,0.00,0.90,1.643,18.8,0.000,0.496,0.000,980,7.06,4.5,3.82,0.00,27.8,1,1,0,0,1,1,0,0,0,0,1,0,0,0,0,0,0,0,1,0,0,1,1,0,0,0,0,0,0,0,0,0,1,1,5156.0,0C,1,1,0,1,1,0,1,0,0,171.00,509.88,,,,,,,,,,,,,,,,,,,,,,,,,,,,,,,,,,,,,,,,,,,,,,,,,,,,,,,,,
169,81,363,14.10,39.00,970,0.0,8.250,3.763,4.98,0.000,28.13,1.00,0.22,-0.76,0.52,0.850,1.02,-1.32,1.028,0.00,0.90,1.643,18.8,0.000,0.496,0.000,980,7.06,4.5,3.86,0.00,27.8,1,1,0,0,1,1,0,0,0,0,1,0,0,0,0,0,0,0,1,0,0,1,1,0,0,0,0,0,0,0,0,0,1,1,5156.0,0C,1,1,0,1,1,0,1,0,0,171.25,510.38,,,,,,,,,,,,,,,,,,,,,,,,,,,,,,,,,,,,,,,,,,,,,,,,,,,,,,,,,
170,81,858,14.10,39.75,975,0.0,1.500,3.866,4.98,0.000,28.15,1.00,0.20,-0.76,0.52,0.895,1.02,-1.32,1.028,0.00,0.90,1.643,18.8,0.000,0.496,0.000,980,7.06,4.5,3.88,0.00,27.8,1,1,0,0,1,1,0,0,0,0,1,0,0,0,0,0,0,0,1,0,0,1,1,0,0,0,0,0,0,0,0,0,1,1,5156.0,0C,1,1,0,1,1,0,1,0,0,171.44,509.50,,,,,,,,,,,,,,,,,,,,,,,,,,,,,,,,,,,,,,,,,,,,,,,,,,,,,,,,,
171,82,266,14.10,39.75,984,0.0,0.750,3.898,4.91,0.000,28.08,1.00,0.26,-0.76,0.51,0.917,1.02,-1.32,1.028,0.00,0.90,1.643,18.8,0.000,0.496,0.000,980,7.06,4.5,3.89,0.00,27.8,1,1,0,0,1,1,0,0,0,0,1,0,0,0,0,0,0,0,1,0,0,1,1,0,0,0,0,0,0,0,0,0,1,1,5156.0,0C,1,1,0,1,1,0,1,0,0,170.50,508.75,,,,,,,,,,,,,,,,,,,,,,,,,,,,,,,,,,,,,,,,,,,,,,,,,,,,,,,,,
172,84,961,14.10,39.75,976,0.0,2.250,3.872,4.98,0.000,28.03,1.00,0.21,-0.76,0.52,0.911,1.02,-1.32,1.028,0.00,0.90,1.643,18.8,9.178,0.496,0.000,970,7.06,4.5,3.99,0.00,27.8,1,1,0,0,1,1,0,0,0,0,1,0,0,0,0,0,0,0,1,0,1,1,1,0,0,0,0,0,0,0,0,0,1,1,5156.0,0C,1,1,0,1,1,0,1,0,0,170.56,508.31,,,,,,,,,,,,,,,,,,,,,,,,,,,,,,,,,,,,,,,,,,,,,,,,,,,,,,,,,
173,85,607,14.10,39.75,977,0.0,3.000,3.808,4.91,0.000,27.96,1.00,0.83,-0.76,0.52,0.891,1.02,-1.32,1.027,0.00,0.90,1.643,18.8,9.178,0.496,0.000,970,7.06,4.5,3.99,0.00,27.8,1,1,0,0,1,1,0,0,0,0,1,0,0,0,0,0,0,0,1,0,1,1,1,0,0,0,0,0,0,0,0,0,1,1,5156.0,0C,1,1,0,1,1,0,1,0,0,170.69,508.31,,,,,,,,,,,,,,,,,,,,,,,,,,,,,,,,,,,,,,,,,,,,,,,,,,,,,,,,,
174,85,998,14.10,40.50,970,0.0,9.000,3.821,4.98,0.000,27.98,1.00,0.20,-0.76,0.52,0.896,1.02,-1.32,1.027,0.00,0.90,1.643,18.8,9.522,0.496,0.000,970,7.06,4.5,4.03,0.00,27.8,1,1,0,0,1,1,0,0,0,0,1,0,0,0,0,0,0,0,1,0,1,1,1,0,0,0,0,0,0,0,0,0,1,1,5156.0,0C,1,1,0,1,1,0,1,0,0,171.13,508.38,,,,,,,,,,,,,,,,,,,,,,,,,,,,,,,,,,,,,,,,,,,,,,,,,,,,,,,,,
175,86,517,14.00,40.50,975,0.0,7.500,3.846,4.98,0.000,27.91,1.00,0.20,-0.76,0.52,0.918,1.02,-1.32,1.027,0.00,0.90,1.643,18.8,9.522,0.496,0.000,970,7.06,4.5,4.03,0.00,27.8,1,1,0,0,1,1,0,0,0,0,1,0,0,0,0,0,0,0,1,0,1,1,1,0,0,0,0,0,0,0,0,0,1,1,5156.0,0C,1,1,0,1,1,0,1,0,0,170.75,507.38,,,,,,,,,,,,,,,,,,,,,,,,,,,,,,,,,,,,,,,,,,,,,,,,,,,,,,,,,
176,86,913,14.10,40.50,980,0.0,3.750,3.840,4.91,0.000,27.94,1.00,0.84,-0.76,0.52,0.901,1.02,-1.32,1.027,0.00,0.90,1.761,18.8,9.522,0.496,0.000,970,7.07,4.5,4.00,0.00,27.8,1,1,0,0,1,1,0,0,0,0,1,0,0,0,0,0,0,0,1,0,1,1,1,0,0,0,0,0,0,0,0,0,1,1,5156.0,0C,1,1,0,1,1,0,1,0,0,169.63,506.75,,,,,,,,,,,,,,,,,,,,,,,,,,,,,,,,,,,,,,,,,,,,,,,,,,,,,,,,,
177,87,389,14.00,40.50,977,0.0,7.500,3.763,4.91,0.000,27.82,1.00,0.85,-0.76,0.52,0.880,1.02,-1.32,1.027,0.00,0.90,1.761,18.8,9.865,0.496,0.000,970,7.07,4.5,4.00,0.00,27.8,1,1,0,0,1,1,0,0,0,0,1,0,0,0,0,0,0,0,1,0,1,1,1,0,0,0,0,0,0,0,0,0,1,1,5156.0,0C,1,1,0,1,1,0,1,0,0,169.56,507.13,,,,,,,,,,,,,,,,,,,,,,,,,,,,,,,,,,,,,,,,,,,,,,,,,,,,,,,,,
178,87,816,14.00,40.50,972,0.0,0.000,3.802,4.86,0.000,27.91,1.00,0.19,-0.76,0.52,0.899,1.02,-1.32,1.027,0.00,0.90,1.589,18.8,9.865,0.496,0.000,970,7.07,4.5,4.03,0.00,27.8,1,1,0,0,1,1,0,0,0,0,1,0,0,0,0,0,0,0,1,0,1,1,1,0,0,0,0,0,0,0,0,0,1,1,5156.0,0C,1,1,0,1,1,0,1,0,0,169.88,506.88,,,,,,,,,,,,,,,,,,,,,,,,,,,,,,,,,,,,,,,,,,,,,,,,,,,,,,,,,
179,88,249,14.10,40.50,977,0.0,1.500,3.814,4.86,0.000,27.70,1.00,0.22,-0.76,0.52,0.921,1.02,-1.32,1.026,0.00,0.90,1.589,18.8,9.865,0.496,0.000,970,7.07,4.5,4.01,0.00,27.8,1,1,0,0,1,1,0,0,0,0,1,0,0,0,0,0,0,0,1,0,1,1,1,0,0,0,0,0,0,0,0,0,1,1,5156.0,0C,1,1,0,1,1,0,1,0,0,167.94,505.00,,,,,,,,,,,,,,,,,,,,,,,,,,,,,,,,,,,,,,,,,,,,,,,,,,,,,,,,,
180,88,789,14.00,40.50,976,0.0,2.250,3.731,4.86,0.000,27.59,1.00,0.83,-0.76,0.51,0.900,1.02,-1.32,1.026,0.00,0.90,1.589,18.8,10.208,0.496,0.000,970,7.07,4.5,4.02,0.00,27.8,1,1,0,0,1,1,0,0,0,0,1,0,0,0,0,0,0,0,1,0,1,1,1,0,0,0,0,0,0,0,0,0,1,1,5156.0,0C,1,1,0,1,1,0,1,0,0,168.63,504.31,,,,,,,,,,,,,,,,,,,,,,,,,,,,,,,,,,,,,,,,,,,,,,,,,,,,,,,,,
181,89,268,14.10,40.50,970,0.0,0.750,3.776,4.86,0.000,27.75,1.00,0.63,-0.76,0.52,0.875,1.02,-1.32,1.027,0.00,0.90,1.643,18.8,10.559,0.496,0.000,970,7.07,4.5,4.03,0.00,27.8,1,1,0,0,1,1,0,0,0,0,1,0,0,0,0,0,0,0,1,0,1,1,1,0,0,0,0,0,0,0,0,0,1,1,5156.0,0C,1,1,0,1,1,0,1,0,0,168.88,506.88,,,,,,,,,,,,,,,,,,,,,,,,,,,,,,,,,,,,,,,,,,,,,,,,,,,,,,,,,
182,89,853,14.00,41.25,979,0.0,3.000,3.846,4.91,0.000,27.80,1.00,0.22,-0.76,0.52,0.922,1.02,-1.32,1.027,0.00,0.90,1.643,18.8,10.559,0.496,0.000,970,7.07,4.5,4.01,0.00,27.8,1,1,0,0,1,1,0,0,0,0,1,0,0,0,0,0,0,0,1,0,1,1,1,0,0,0,0,0,0,0,0,0,1,1,5156.0,0C,1,1,0,1,1,0,1,0,0,169.31,504.13,,,,,,,,,,,,,,,,,,,,,,,,,,,,,,,,,,,,,,,,,,,,,,,,,,,,,,,,,
183,90,286,14.00,41.25,969,0.0,8.250,3.750,4.86,0.000,27.68,1.00,0.86,-0.76,0.51,0.884,1.02,-1.32,1.026,0.00,0.90,1.699,18.8,10.903,0.496,0.000,970,7.07,4.5,4.01,0.00,27.8,1,1,0,0,1,1,0,0,0,0,1,0,0,0,0,0,0,0,1,0,1,1,1,0,0,0,0,0,0,0,0,0,1,1,5156.0,0C,1,1,0,1,1,0,1,0,0,168.75,504.50,,,,,,,,,,,,,,,,,,,,,,,,,,,,,,,,,,,,,,,,,,,,,,,,,,,,,,,,,
184,90,741,14.00,41.25,964,0.0,4.500,3.878,4.91,0.000,27.75,1.00,0.20,-0.76,0.52,0.909,1.02,-1.32,1.027,0.00,0.90,1.699,18.8,11.246,0.496,0.000,970,7.07,4.5,4.02,0.00,27.8,1,1,0,0,1,1,0,0,0,0,1,0,0,0,0,0,0,0,1,0,1,1,1,0,0,0,0,0,0,0,0,0,1,1,5156.0,0C,1,1,0,1,1,0,1,0,0,169.00,507.63,,,,,,,,,,,,,,,,,,,,,,,,,,,,,,,,,,,,,,,,,,,,,,,,,,,,,,,,,
185,91,173,14.00,41.25,969,0.0,6.000,3.859,4.86,0.000,27.61,1.00,0.45,-0.76,0.52,0.930,1.02,-1.32,1.026,0.00,0.90,1.589,19.5,11.246,0.496,0.000,970,7.07,4.5,4.02,0.00,27.8,1,1,0,0,1,1,0,0,0,0,1,0,0,0,0,0,0,0,1,0,1,1,1,0,0,0,0,0,0,0,0,0,1,1,5156.0,0C,1,1,0,1,1,0,1,0,0,168.94,505.75,,,,,,,,,,,,,,,,,,,,,,,,,,,,,,,,,,,,,,,,,,,,,,,,,,,,,,,,,
186,91,622,14.00,41.25,977,0.0,6.750,3.770,4.86,0.000,27.66,1.00,0.85,-0.76,0.52,0.896,1.02,-1.32,1.026,0.00,0.90,1.589,19.5,11.597,0.496,0.000,970,7.07,4.5,4.00,0.00,27.8,1,1,0,0,1,1,0,0,0,0,1,0,0,0,0,0,0,0,1,0,1,1,1,0,0,0,0,0,0,0,0,0,1,1,5156.0,0C,1,1,0,1,1,0,1,0,0,168.19,504.25,,,,,,,,,,,,,,,,,,,,,,,,,,,,,,,,,,,,,,,,,,,,,,,,,,,,,,,,,
187,92,36,14.00,41.25,962,0.0,9.750,3.744,4.86,0.000,27.66,1.00,0.44,-0.76,0.52,0.877,1.02,-1.32,1.026,0.00,0.90,1.643,19.5,11.940,0.496,0.000,960,7.07,4.5,4.02,0.00,27.8,1,1,0,0,1,1,0,0,0,0,1,0,0,0,0,0,0,0,1,0,1,1,1,0,0,0,0,0,0,0,0,0,1,1,5156.0,0C,1,1,0,1,1,0,1,0,0,169.56,508.94,,,,,,,,,,,,,,,,,,,,,,,,,,,,,,,,,,,,,,,,,,,,,,,,,,,,,,,,,
188,92,598,14.10,41.25,968,0.0,1.500,3.878,4.86,0.000,27.89,1.00,0.23,-0.76,0.52,0.919,1.02,-1.32,1.027,0.00,0.90,1.643,19.5,11.940,0.496,0.000,960,7.07,4.5,4.03,0.00,27.8,1,1,0,0,1,1,0,0,0,0,1,0,0,0,0,0,0,0,1,0,1,1,1,0,0,0,0,0,0,0,0,0,1,1,5156.0,0C,1,1,0,1,1,0,1,0,0,169.81,508.19,,,,,,,,,,,,,,,,,,,,,,,,,,,,,,,,,,,,,,,,,,,,,,,,,,,,,,,,,
189,92,982,14.00,41.25,963,0.0,9.000,3.770,4.86,0.000,27.70,1.00,0.30,-0.76,0.52,0.884,1.02,-1.32,1.026,0.00,0.90,1.643,19.5,12.284,0.496,0.000,960,7.08,4.5,4.03,0.00,27.8,1,1,0,0,1,1,0,0,0,0,1,0,0,0,0,0,0,0,1,0,1,1,1,0,0,0,0,0,0,0,0,0,1,1,5156.0,0C,1,1,0,1,1,0,1,0,0,169.94,509.81,,,,,,,,,,,,,,,,,,,,,,,,,,,,,,,,,,,,,,,,,,,,,,,,,,,,,,,,,
190,93,577,14.00,42.00,964,0.0,8.250,3.885,4.86,0.000,27.75,1.00,0.28,-0.76,0.51,0.926,1.02,-1.32,1.027,0.00,0.90,1.643,19.5,12.284,0.496,0.000,960,7.08,4.5,4.05,0.00,27.8,1,1,0,0,1,1,0,0,0,0,1,0,0,0,0,0,0,0,1,0,1,1,1,0,0,0,0,0,0,0,0,0,1,1,5156.0,0C,1,1,0,1,1,0,1,0,0,170.00,507.69,,,,,,,,,,,,,,,,,,,,,,,,,,,,,,,,,,,,,,,,,,,,,,,,,,,,,,,,,
191,94,49,14.10,42.00,957,0.0,8.250,3.763,4.86,0.000,27.73,1.00,0.85,-0.76,0.52,0.882,1.02,-1.32,1.026,0.00,0.90,1.643,19.5,12.634,0.496,0.000,960,7.08,4.5,4.05,0.00,27.8,1,1,0,0,1,1,0,0,0,0,1,0,0,0,0,0,0,0,1,0,1,1,1,0,0,0,0,0,0,0,0,0,1,1,5156.0,0C,1,1,0,1,1,0,1,0,0,169.81,510.38,,,,,,,,,,,,,,,,,,,,,,,,,,,,,,,,,,,,,,,,,,,,,,,,,,,,,,,,,
192,94,481,14.00,42.00,959,0.0,8.250,3.821,4.86,0.000,27.84,1.00,0.21,-0.76,0.51,0.901,1.02,-1.32,1.027,0.00,0.90,1.643,19.5,12.978,0.496,0.000,960,7.08,4.5,4.07,0.00,27.8,1,1,0,0,1,1,0,0,0,0,1,0,0,0,0,0,0,0,1,0,1,1,1,0,0,0,0,0,0,0,0,0,1,1,5156.0,0C,1,1,0,1,1,0,1,0,0,170.06,508.25,,,,,,,,,,,,,,,,,,,,,,,,,,,,,,,,,,,,,,,,,,,,,,,,,,,,,,,,,
193,94,902,14.10,42.00,973,0.0,0.750,3.846,4.86,0.000,27.70,1.00,0.25,-0.76,0.52,0.928,1.02,-1.32,1.026,0.00,0.90,1.643,19.5,13.321,0.496,0.000,960,7.08,4.5,4.05,0.00,27.8,1,1,0,0,1,1,0,0,0,0,1,0,0,0,0,0,0,0,1,0,1,1,1,0,0,0,0,0,0,0,0,0,1,1,5156.0,0C,1,1,0,1,1,0,1,0,0,169.00,506.50,,,,,,,,,,,,,,,,,,,,,,,,,,,,,,,,,,,,,,,,,,,,,,,,,,,,,,,,,
194,95,381,14.10,42.00,970,0.0,6.000,3.770,4.86,0.000,27.80,1.00,0.84,-0.76,0.51,0.895,1.02,-1.32,1.027,0.00,0.90,1.643,19.5,13.664,0.496,0.000,960,7.08,4.5,4.03,0.00,27.8,1,1,0,0,1,1,0,0,0,0,1,0,0,0,0,0,0,0,1,0,1,1,1,0,0,0,0,0,0,0,0,0,1,1,5156.0,0C,1,1,0,1,1,0,1,0,0,169.38,506.38,,,,,,,,,,,,,,,,,,,,,,,,,,,,,,,,,,,,,,,,,,,,,,,,,,,,,,,,,
195,95,806,14.10,42.00,968,0.0,3.750,3.712,4.86,0.000,27.75,1.00,0.57,-0.76,0.51,0.872,1.02,-1.32,1.027,0.00,0.90,1.524,19.5,14.015,0.496,0.000,960,7.08,4.5,4.03,0.00,27.8,1,1,0,0,1,1,0,0,0,0,1,0,0,0,0,0,0,0,1,0,1,1,1,0,0,0,0,0,0,0,0,0,1,1,5156.0,0C,1,1,0,1,1,0,1,0,0,168.81,507.38,,,,,,,,,,,,,,,,,,,,,,,,,,,,,,,,,,,,,,,,,,,,,,,,,,,,,,,,,
196,96,201,14.10,42.00,958,0.0,3.750,3.859,4.86,0.000,27.84,1.00,0.21,-0.76,0.52,0.917,1.02,-1.32,1.027,0.00,0.90,1.524,19.5,14.359,0.496,0.000,960,7.08,4.5,4.05,0.00,27.8,1,1,0,0,1,1,0,0,0,0,1,0,0,0,0,0,0,0,1,0,1,1,1,0,0,0,0,0,0,0,0,0,1,1,5156.0,0C,1,1,0,1,1,0,1,0,0,170.50,510.00,,,,,,,,,,,,,,,,,,,,,,,,,,,,,,,,,,,,,,,,,,,,,,,,,,,,,,,,,
197,96,591,14.10,42.00,969,0.0,2.250,3.808,4.86,0.000,27.82,1.00,0.77,-0.76,0.52,0.907,1.02,-1.32,1.027,0.00,0.90,1.524,19.5,14.702,0.496,0.000,960,7.08,4.5,4.04,0.00,27.8,1,1,0,0,1,1,0,0,0,0,1,0,0,0,0,0,0,0,1,0,1,1,1,0,0,0,0,0,0,0,0,0,1,1,5156.0,0C,1,1,0,1,1,0,1,0,0,169.00,509.00,,,,,,,,,,,,,,,,,,,,,,,,,,,,,,,,,,,,,,,,,,,,,,,,,,,,,,,,,
198,96,981,14.00,42.00,955,0.0,6.750,3.782,4.86,0.000,27.82,1.00,0.84,-0.76,0.52,0.886,1.02,-1.32,1.027,0.00,0.90,1.589,19.5,14.702,0.496,0.000,960,7.08,4.5,4.06,0.00,27.8,1,1,0,0,1,1,0,0,0,0,1,0,0,0,0,0,0,0,1,0,1,1,1,0,0,0,0,0,0,0,0,0,1,1,5156.0,0C,1,1,0,1,1,0,1,0,0,170.06,511.94,,,,,,,,,,,,,,,,,,,,,,,,,,,,,,,,,,,,,,,,,,,,,,,,,,,,,,,,,
199,97,385,14.00,42.00,955,0.0,6.000,3.859,4.86,0.000,27.91,1.00,0.22,-0.76,0.51,0.906,1.02,-1.32,1.027,0.00,0.90,1.589,19.5,15.053,0.496,0.000,960,7.08,4.5,4.09,0.00,27.8,1,1,0,0,1,1,0,0,0,0,1,0,0,0,0,0,0,0,1,0,1,1,1,0,0,0,0,0,0,0,0,0,1,1,5156.0,0C,1,1,0,1,1,0,1,0,0,170.81,511.88,,,,,,,,,,,,,,,,,,,,,,,,,,,,,,,,,,,,,,,,,,,,,,,,,,,,,,,,,
200,97,828,14.10,42.75,965,0.0,4.500,3.782,4.86,0.000,27.87,1.00,0.73,-0.76,0.52,0.898,1.02,-1.32,1.027,0.00,0.90,1.589,19.5,15.396,0.496,0.000,960,7.08,4.5,4.07,0.00,27.8,1,1,0,0,1,1,0,0,0,0,1,0,0,0,0,0,0,0,1,0,1,1,1,0,0,0,0,0,0,0,0,0,1,1,5156.0,0C,1,1,0,1,1,0,1,0,0,169.75,509.13,,,,,,,,,,,,,,,,,,,,,,,,,,,,,,,,,,,,,,,,,,,,,,,,,,,,,,,,,
201,98,243,14.00,42.75,964,0.0,3.000,3.680,4.79,0.000,27.75,1.00,0.74,-0.76,0.52,0.878,1.02,-1.32,1.027,0.00,0.90,1.589,19.5,15.740,0.496,0.000,960,7.09,4.5,4.07,0.00,27.8,1,1,0,0,1,1,0,0,0,0,1,0,0,0,0,0,0,0,1,0,1,1,1,0,0,0,0,0,0,0,0,0,1,1,5156.0,0C,1,1,0,1,1,0,1,0,0,169.19,509.00,,,,,,,,,,,,,,,,,,,,,,,,,,,,,,,,,,,,,,,,,,,,,,,,,,,,,,,,,
202,98,704,14.10,42.75,962,0.0,2.250,3.840,4.86,0.000,27.89,1.00,0.19,-0.76,0.52,0.918,1.02,-1.32,1.027,0.00,0.90,1.589,19.5,16.091,0.496,0.000,960,7.09,4.5,4.07,0.00,27.8,1,1,0,0,1,1,0,0,0,0,1,0,0,0,0,0,0,0,1,0,1,1,1,0,0,0,0,0,0,0,0,0,1,1,5156.0,0C,1,1,0,1,1,0,1,0,0,169.63,508.63,,,,,,,,,,,,,,,,,,,,,,,,,,,,,,,,,,,,,,,,,,,,,,,,,,,,,,,,,
203,101,153,14.10,42.75,960,0.0,2.250,3.770,4.74,0.000,27.59,1.00,0.21,-0.76,0.52,0.918,1.02,-1.32,1.026,0.00,0.90,1.475,19.5,18.853,0.496,0.000,950,7.09,4.5,4.07,0.00,27.8,1,1,0,0,1,1,0,0,0,0,1,0,0,0,0,0,0,0,1,0,1,1,1,0,0,0,0,0,0,0,0,0,1,1,5156.0,0C,1,1,0,1,1,0,1,0,0,168.31,505.50,,,,,,,,,,,,,,,,,,,,,,,,,,,,,,,,,,,,,,,,,,,,,,,,,,,,,,,,,
204,101,623,14.00,42.75,968,0.0,0.750,3.834,4.74,0.000,27.49,1.00,0.38,-0.76,0.52,0.939,1.02,-1.32,1.026,0.00,0.90,1.475,19.5,19.196,0.496,0.000,950,7.09,4.5,4.05,0.00,27.8,1,1,0,0,1,1,0,0,0,0,1,0,0,0,0,0,0,0,1,0,1,1,1,0,0,0,0,0,0,0,0,0,1,1,5156.0,0C,1,1,0,1,1,0,1,0,0,167.13,504.94,,,,,,,,,,,,,,,,,,,,,,,,,,,,,,,,,,,,,,,,,,,,,,,,,,,,,,,,,
205,102,33,14.00,43.50,959,0.0,1.500,3.712,4.66,0.000,27.38,1.00,0.86,-0.76,0.51,0.896,1.02,-1.32,1.025,0.00,0.90,1.475,19.5,19.890,0.496,0.000,950,7.09,4.5,4.04,0.00,27.8,1,1,0,0,1,1,0,0,0,0,1,0,0,0,0,0,0,0,1,0,1,1,1,0,0,0,0,0,0,0,0,0,1,1,5156.0,0C,1,1,0,1,1,0,1,0,0,167.13,503.75,,,,,,,,,,,,,,,,,,,,,,,,,,,,,,,,,,,,,,,,,,,,,,,,,,,,,,,,,
206,102,422,14.00,43.50,955,0.0,5.250,3.578,4.66,0.000,27.23,1.00,0.82,-0.76,0.52,0.876,1.02,-1.32,1.025,0.00,0.90,1.475,19.5,19.890,0.496,0.000,950,7.09,4.5,4.04,0.00,27.8,1,1,0,0,1,1,0,0,0,0,1,0,0,0,0,0,0,0,1,0,1,1,1,0,0,0,0,0,0,0,0,0,1,1,5156.0,0C,1,1,0,1,1,0,1,0,0,167.25,505.38,,,,,,,,,,,,,,,,,,,,,,,,,,,,,,,,,,,,,,,,,,,,,,,,,,,,,,,,,
207,102,853,14.00,43.50,957,0.0,0.750,3.763,4.66,0.000,27.75,1.00,0.18,-0.76,0.52,0.912,1.02,-1.32,1.027,0.00,0.90,1.643,19.5,20.233,0.496,0.000,950,7.09,4.5,4.06,0.00,27.8,1,1,0,0,1,1,0,0,0,0,1,0,0,0,0,0,0,0,1,0,1,1,1,0,0,0,0,0,0,0,0,0,1,1,5156.0,0C,1,1,0,1,1,0,1,0,0,169.06,506.50,,,,,,,,,,,,,,,,,,,,,,,,,,,,,,,,,,,,,,,,,,,,,,,,,,,,,,,,,
208,103,341,14.00,43.50,961,0.0,6.750,3.712,4.66,0.000,27.40,1.00,0.81,-0.76,0.51,0.898,1.02,-1.32,1.025,0.00,0.90,1.643,19.5,20.233,0.496,0.000,950,7.09,4.5,4.00,0.00,27.8,1,1,0,0,1,1,0,0,0,0,1,0,0,0,0,0,0,0,1,0,1,1,1,0,0,0,0,0,0,0,0,0,1,1,5156.0,0C,1,1,0,1,1,0,1,0,0,166.06,502.25,,,,,,,,,,,,,,,,,,,,,,,,,,,,,,,,,,,,,,,,,,,,,,,,,,,,,,,,,
209,103,821,14.00,43.50,957,0.0,2.250,3.571,4.66,0.000,27.26,1.00,0.80,-0.76,0.52,0.872,1.02,-1.32,1.025,0.00,0.90,1.475,19.5,20.233,0.496,0.000,950,7.09,4.5,3.99,0.00,27.8,1,1,0,0,1,1,0,0,0,0,1,0,0,0,0,0,0,0,1,0,1,1,1,0,0,0,0,0,0,0,0,0,1,1,5156.0,0C,1,1,0,1,1,0,1,0,0,166.69,502.69,,,,,,,,,,,,,,,,,,,,,,,,,,,,,,,,,,,,,,,,,,,,,,,,,,,,,,,,,
210,104,246,14.10,43.50,957,0.0,4.500,3.680,4.61,0.000,27.33,1.00,0.19,-0.76,0.52,0.909,1.02,-1.32,1.025,0.00,0.90,1.475,19.5,20.233,0.496,0.000,950,7.09,4.5,3.99,0.00,27.8,1,1,0,0,1,1,0,0,0,0,1,0,0,0,0,0,0,0,1,0,1,1,1,0,0,0,0,0,0,0,0,0,1,1,5156.0,0C,1,1,0,1,1,0,1,0,0,166.13,502.06,,,,,,,,,,,,,,,,,,,,,,,,,,,,,,,,,,,,,,,,,,,,,,,,,,,,,,,,,
211,104,720,14.10,43.50,960,0.0,5.250,3.674,4.66,0.000,27.16,1.00,0.68,-0.76,0.52,0.906,1.02,-1.32,1.024,0.00,0.90,1.475,19.5,20.233,0.496,0.000,950,7.10,4.5,3.96,0.00,27.8,1,1,0,0,1,1,0,0,0,0,1,0,0,0,0,0,0,0,1,0,1,1,1,0,0,0,0,0,0,0,0,0,1,1,5156.0,0C,1,1,0,1,1,0,1,0,0,165.56,500.50,,,,,,,,,,,,,,,,,,,,,,,,,,,,,,,,,,,,,,,,,,,,,,,,,,,,,,,,,
212,105,191,14.00,43.50,947,0.0,11.250,3.693,4.74,0.000,27.19,1.00,0.29,-0.76,0.52,0.888,1.02,-1.32,1.024,0.00,0.90,1.475,19.5,19.547,0.496,0.000,950,7.10,4.5,3.98,0.03,27.8,1,1,0,0,1,1,0,0,0,0,1,0,0,0,0,0,0,0,1,0,1,1,1,0,0,0,0,0,0,0,0,0,1,1,5156.0,0C,1,1,0,1,1,0,1,0,0,168.50,509.69,,,,,,,,,,,,,,,,,,,,,,,,,,,,,,,,,,,,,,,,,,,,,,,,,,,,,,,,,
213,105,621,14.10,43.50,960,0.0,4.500,3.686,4.66,0.000,27.30,1.00,0.79,-0.76,0.52,0.899,1.02,-1.32,1.025,0.00,0.90,1.475,19.5,20.233,0.496,0.000,950,7.10,4.5,3.98,0.00,27.8,1,1,0,0,1,1,0,0,0,0,1,0,0,0,0,0,0,0,1,0,1,1,1,0,0,0,0,0,0,0,0,0,1,1,5156.0,0C,1,1,0,1,1,0,1,0,0,166.63,503.19,,,,,,,,,,,,,,,,,,,,,,,,,,,,,,,,,,,,,,,,,,,,,,,,,,,,,,,,,
214,106,27,14.10,43.50,948,0.0,8.250,3.699,4.61,0.000,27.49,1.00,0.83,-0.76,0.51,0.879,1.02,-1.32,1.026,0.00,0.90,1.475,19.5,19.890,0.496,0.000,950,7.10,4.5,3.99,0.00,27.8,1,1,0,0,1,1,0,0,0,0,1,0,0,0,0,0,0,0,1,0,1,1,1,0,0,0,0,0,0,0,0,0,1,1,5156.0,0C,1,1,0,1,1,0,1,0,0,167.44,505.75,,,,,,,,,,,,,,,,,,,,,,,,,,,,,,,,,,,,,,,,,,,,,,,,,,,,,,,,,
215,106,423,14.10,44.25,949,0.0,7.500,3.789,4.61,0.000,27.56,1.00,0.23,-0.76,0.52,0.912,1.02,-1.32,1.026,0.00,0.90,1.475,19.5,20.233,0.496,0.000,950,7.10,4.5,4.01,0.00,27.8,1,1,0,0,1,1,0,0,0,0,1,0,0,0,0,0,0,0,1,0,1,1,1,0,0,0,0,0,0,0,0,0,1,1,5156.0,0C,1,1,0,1,1,0,1,0,0,167.19,506.75,,,,,,,,,,,,,,,,,,,,,,,,,,,,,,,,,,,,,,,,,,,,,,,,,,,,,,,,,
216,106,816,14.10,44.25,950,0.0,6.750,3.821,4.61,0.000,27.52,1.00,0.65,-0.76,0.52,0.933,1.02,-1.32,1.026,0.00,0.90,1.589,19.5,20.233,0.496,0.000,950,7.10,4.5,4.03,0.00,27.8,1,1,0,0,1,1,0,0,0,0,1,0,0,0,0,0,0,0,1,0,1,1,1,0,0,0,0,0,0,0,0,0,1,1,5156.0,0C,1,1,0,1,1,0,1,0,0,167.13,506.13,,,,,,,,,,,,,,,,,,,,,,,,,,,,,,,,,,,,,,,,,,,,,,,,,,,,,,,,,
217,107,212,14.00,44.25,952,0.0,6.000,3.635,4.66,0.000,27.26,1.00,0.83,-0.76,0.51,0.889,1.02,-1.32,1.025,0.00,0.90,1.589,19.5,19.890,0.496,0.000,950,7.10,4.5,4.03,0.00,27.8,1,1,0,0,1,1,0,0,0,0,1,0,0,0,0,0,0,0,1,0,1,1,1,0,0,0,0,0,0,0,0,0,1,1,5156.0,0C,1,1,0,1,1,0,1,0,0,166.94,505.13,,,,,,,,,,,,,,,,,,,,,,,,,,,,,,,,,,,,,,,,,,,,,,,,,,,,,,,,,
218,107,635,14.00,44.25,947,0.0,7.500,3.654,4.66,0.000,27.45,1.00,0.25,-0.76,0.52,0.870,1.02,-1.32,1.025,0.00,0.90,1.589,19.5,19.890,0.496,0.000,950,7.10,4.5,4.04,0.00,27.8,1,1,0,0,1,1,0,0,0,0,1,0,0,0,0,0,0,0,1,0,1,1,1,0,0,0,0,0,0,0,0,0,1,1,5156.0,0C,1,1,0,1,1,0,1,0,0,168.25,506.63,,,,,,,,,,,,,,,,,,,,,,,,,,,,,,,,,,,,,,,,,,,,,,,,,,,,,,,,,
219,108,132,14.00,44.25,951,0.0,4.500,3.757,4.66,0.000,27.52,1.00,0.20,-0.76,0.52,0.912,1.02,-1.32,1.026,0.00,0.90,1.475,19.5,20.233,0.496,0.000,950,7.10,4.5,4.05,0.00,27.8,1,1,0,0,1,1,0,0,0,0,1,0,0,0,0,0,0,0,1,0,1,1,1,0,0,0,0,0,0,0,0,0,1,1,5156.0,0C,1,1,0,1,1,0,1,0,0,167.06,505.06,,,,,,,,,,,,,,,,,,,,,,,,,,,,,,,,,,,,,,,,,,,,,,,,,,,,,,,,,
220,108,573,14.10,44.25,959,0.0,3.000,3.738,4.54,0.000,27.02,1.00,0.27,-0.76,0.52,0.937,1.02,-1.32,1.024,0.00,0.90,1.475,19.5,20.233,0.496,0.000,950,7.10,4.5,4.00,0.00,27.8,1,1,0,0,1,1,0,0,0,0,1,0,0,0,0,0,0,0,1,0,1,1,1,0,0,0,0,0,0,0,0,0,1,1,5156.0,0C,1,1,0,1,1,0,1,0,0,163.94,497.06,,,,,,,,,,,,,,,,,,,,,,,,,,,,,,,,,,,,,,,,,,,,,,,,,,,,,,,,,
221,109,49,14.00,-48.00,11904,0.0,3.000,208.077,1146.88,64.570,620.67,1.45,0.18,-1.31,0.04,0.007,0.03,-8.36,0.529,0.01,0.75,0.204,-41.3,8.985,0.703,20.250,0,0.31,128.3,0.87,-49.63,114.0,0,1,0,0,0,1,0,1,1,1,1,1,0,1,1,0,0,1,0,0,0,0,0,0,0,0,0,1,0,1,0,0,0,0,3717.2,6A,0,1,0,1,0,1,1,1,1,1,1,,,,,,,,,,,,,,,,,,,,,,,,,,,,,,,,,,,,,,,,,,,,,,,,,,,,,,,,,
222,109,472,14.10,44.25,950,0.0,5.250,3.712,4.54,0.000,27.26,1.00,0.19,-0.76,0.52,0.929,1.02,-1.32,1.025,0.00,0.90,1.475,19.5,26.459,0.496,0.000,940,7.10,4.5,4.00,0.00,27.8,1,1,0,0,1,1,0,0,0,0,1,0,0,0,0,0,0,0,1,0,1,1,1,0,0,0,0,0,0,0,0,0,1,1,5156.0,0C,1,1,0,1,1,0,1,0,0,166.13,503.88,,,,,,,,,,,,,,,,,,,,,,,,,,,,,,,,,,,,,,,,,,,,,,,,,,,,,,,,,
223,109,949,14.10,44.25,953,0.0,6.000,3.725,4.49,0.000,27.16,1.00,0.22,-0.76,0.52,0.950,1.02,-1.32,1.024,0.00,0.90,1.428,19.5,26.459,0.496,0.000,940,7.10,4.5,3.98,0.00,27.8,1,1,0,0,1,1,0,0,0,0,1,0,0,0,0,0,0,0,1,0,1,1,1,0,0,0,0,0,0,0,0,0,1,1,5156.0,0C,1,1,0,1,1,0,1,1,1,1,1,,,,,,,,,,,,,,,,,,,,,,,,,,,,,,,,,,,,,,,,,,,,,,,,,,,,,,,,,
224,110,343,14.00,44.25,952,0.0,9.000,3.597,4.49,0.000,26.86,1.00,0.85,-0.76,0.52,0.919,1.02,-1.32,1.023,0.00,0.90,1.428,19.5,26.459,0.496,0.000,940,7.10,4.5,3.96,0.00,27.8,1,1,0,0,1,1,0,0,0,0,1,0,0,0,0,0,0,0,1,0,1,1,1,0,0,0,0,0,0,0,0,0,1,1,5156.0,0C,1,1,0,1,1,0,1,0,0,164.06,499.69,,,,,,,,,,,,,,,,,,,,,,,,,,,,,,,,,,,,,,,,,,,,,,,,,,,,,,,,,
225,110,782,14.00,45.00,947,0.0,4.500,3.718,4.49,0.000,27.21,1.00,0.28,-0.76,0.52,0.938,1.02,-1.32,1.024,0.00,0.90,1.428,19.5,26.459,0.496,0.000,940,7.10,4.5,3.97,0.00,27.8,1,1,0,0,1,1,0,0,0,0,1,0,0,0,0,0,0,0,1,0,1,1,1,0,0,0,0,0,0,0,0,0,1,1,5156.0,0C,1,1,0,1,1,0,1,0,0,165.94,502.25,,,,,,,,,,,,,,,,,,,,,,,,,,,,,,,,,,,,,,,,,,,,,,,,,,,,,,,,,
226,111,212,14.00,45.00,951,0.0,1.500,3.680,4.49,0.000,27.16,1.00,0.81,-0.76,0.52,0.926,1.02,-1.32,1.024,0.00,0.90,1.428,19.5,26.459,0.496,0.000,940,7.10,4.5,3.95,0.00,27.8,1,1,0,0,1,1,0,0,0,0,1,0,0,0,0,0,0,0,1,0,1,1,1,0,0,0,0,0,0,0,0,0,1,1,5156.0,0C,1,1,0,1,1,0,1,0,0,165.44,502.25,,,,,,,,,,,,,,,,,,,,,,,,,,,,,,,,,,,,,,,,,,,,,,,,,,,,,,,,,
227,111,627,14.10,-48.00,11776,0.0,3.000,219.546,1178.13,64.570,620.70,1.45,0.18,-1.31,0.12,0.007,0.03,-10.61,0.529,0.01,0.75,0.202,-41.3,9.375,0.703,6.750,0,0.31,128.3,0.87,-49.63,114.0,0,1,0,0,0,1,0,1,1,1,1,1,0,1,1,0,0,1,0,0,0,0,0,0,0,0,0,1,0,1,0,0,0,0,4058.5,69,0,1,0,1,0,1,1,1,1,1,1,,,,,,,,,,,,,,,,,,,,,,,,,,,,,,,,,,,,,,,,,,,,,,,,,,,,,,,,,
228,112,44,14.10,45.00,944,0.0,5.250,3.725,4.49,0.000,27.30,1.00,0.20,-0.76,0.52,0.934,1.02,-1.32,1.025,0.00,0.90,1.475,19.5,26.459,0.496,0.000,940,7.10,4.5,3.94,0.00,27.8,1,1,0,0,1,1,0,0,0,0,1,0,0,0,0,0,0,0,1,0,1,1,1,0,0,0,0,0,0,0,0,0,1,1,5156.0,0C,1,1,0,1,1,0,1,0,0,166.44,503.69,,,,,,,,,,,,,,,,,,,,,,,,,,,,,,,,,,,,,,,,,,,,,,,,,,,,,,,,,
229,112,542,14.10,45.00,954,0.0,6.000,3.680,4.49,0.000,26.98,1.00,0.26,-0.76,0.51,0.954,1.02,-1.32,1.024,0.00,0.90,1.475,19.5,26.459,0.496,0.000,940,7.10,4.5,3.92,0.00,27.8,1,1,0,0,1,1,0,0,0,0,1,0,0,0,0,0,0,0,1,0,1,1,1,0,0,0,0,0,0,0,0,0,1,1,5156.0,0C,1,1,0,1,1,0,1,0,0,164.38,498.25,,,,,,,,,,,,,,,,,,,,,,,,,,,,,,,,,,,,,,,,,,,,,,,,,,,,,,,,,
230,113,25,14.10,45.00,941,0.0,9.750,3.648,4.49,0.000,27.23,1.00,0.73,-0.76,0.52,0.902,1.02,-1.32,1.025,0.00,0.90,1.475,19.5,26.108,0.496,0.000,940,7.10,4.5,3.92,0.00,27.8,1,1,0,0,1,1,0,0,0,0,1,0,0,0,0,0,0,0,1,0,1,1,1,0,0,0,0,0,0,0,0,0,1,1,5156.0,0C,1,1,0,1,1,0,1,0,0,166.00,505.06,,,,,,,,,,,,,,,,,,,,,,,,,,,,,,,,,,,,,,,,,,,,,,,,,,,,,,,,,
231,113,406,14.00,45.00,946,0.0,7.500,3.763,4.49,0.000,27.19,1.00,0.20,-0.76,0.52,0.942,1.02,-1.32,1.024,0.00,0.90,1.475,19.5,26.459,0.496,0.000,940,7.11,4.5,3.91,0.00,27.8,1,1,0,0,1,1,0,0,0,0,1,0,0,0,0,0,0,0,1,0,1,1,1,0,0,0,0,0,0,0,0,0,1,1,5156.0,0C,1,1,0,1,1,0,1,0,0,166.06,503.94,,,,,,,,,,,,,,,,,,,,,,,,,,,,,,,,,,,,,,,,,,,,,,,,,,,,,,,,,
232,113,792,14.00,45.00,947,0.0,6.000,3.725,4.49,0.000,27.23,1.00,0.75,-0.76,0.52,0.932,1.02,-1.32,1.025,0.00,0.90,1.643,19.5,26.108,0.496,0.000,940,7.11,4.5,3.90,0.00,27.8,1,1,0,0,1,1,0,0,0,0,1,0,0,0,0,0,0,0,1,0,1,1,1,0,0,0,0,0,0,0,0,0,1,1,5156.0,0C,1,1,0,1,1,0,1,0,0,166.31,505.31,,,,,,,,,,,,,,,,,,,,,,,,,,,,,,,,,,,,,,,,,,,,,,,,,,,,,,,,,
233,114,183,14.00,45.00,941,0.0,8.250,3.661,4.54,0.000,27.19,1.00,0.84,-0.76,0.52,0.911,0.03,-0.37,0.515,0.01,0.75,0.202,-41.3,9.766,0.703,-3.000,0,0.31,128.3,0.87,-49.63,114.0,0,1,0,0,0,1,0,1,1,1,1,1,0,1,1,0,0,1,0,0,0,0,0,0,0,0,0,1,0,1,0,0,0,0,4698.5,A2,0,1,0,1,0,1,1,1,1,1,1,,,,,,,,,,,,,,,,,,,,,,,,,,,,,,,,,,,,,,,,,,,,,,,,,,,,,,,,,
234,114,660,14.10,45.00,947,0.0,9.000,3.680,4.49,0.000,27.21,1.00,0.22,-0.76,0.51,0.931,1.02,-1.32,1.024,0.00,0.90,1.643,19.5,26.459,0.496,0.000,940,7.11,4.5,3.89,0.00,27.8,1,1,0,0,1,1,0,0,0,0,1,0,0,0,0,0,0,0,1,0,1,1,1,0,0,0,0,0,0,0,0,0,1,1,5156.0,0C,1,1,0,1,1,0,1,0,0,166.38,502.94,,,,,,,,,,,,,,,,,,,,,,,,,,,,,,,,,,,,,,,,,,,,,,,,,,,,,,,,,
235,115,97,14.10,45.00,946,0.0,3.000,3.776,4.49,0.000,27.14,1.00,0.25,-0.76,0.52,0.956,1.02,-1.32,1.024,0.00,0.90,1.475,19.5,26.459,0.496,0.000,940,7.11,4.5,3.88,0.00,27.8,1,1,0,0,1,1,0,0,0,0,1,0,0,0,0,0,0,0,1,0,1,1,1,0,0,0,0,0,0,0,0,0,1,1,5156.0,0C,1,1,0,1,1,0,1,0,0,165.75,503.25,,,,,,,,,,,,,,,,,,,,,,,,,,,,,,,,,,,,,,,,,,,,,,,,,,,,,,,,,
236,115,635,14.10,45.75,946,0.0,5.250,3.718,4.49,0.000,27.28,1.00,0.85,-0.76,0.51,0.927,1.02,-1.32,1.025,0.00,0.90,1.475,19.5,26.459,0.496,0.000,940,7.11,4.5,3.86,0.00,27.8,1,1,0,0,1,1,0,0,0,0,1,0,0,0,0,0,0,0,1,0,1,1,1,0,0,0,0,0,0,0,0,0,1,1,5156.0,0C,1,1,0,1,1,0,1,0,0,164.94,502.13,,,,,,,,,,,,,,,,,,,,,,,,,,,,,,,,,,,,,,,,,,,,,,,,,,,,,,,,,
237,116,106,14.00,45.75,942,0.0,6.750,3.635,4.49,0.000,27.21,1.00,0.65,-0.76,0.52,0.905,1.02,-1.32,1.024,0.00,0.90,1.428,19.5,26.108,0.496,0.000,940,7.11,4.5,3.86,0.00,27.8,1,1,0,0,1,1,0,0,0,0,1,0,0,0,0,0,0,0,1,0,1,1,1,0,0,0,0,0,0,0,0,0,1,1,5156.0,0C,1,1,0,1,1,0,1,0,0,166.00,502.94,,,,,,,,,,,,,,,,,,,,,,,,,,,,,,,,,,,,,,,,,,,,,,,,,,,,,,,,,
238,116,585,14.10,45.75,950,0.0,0.750,3.757,4.49,0.000,27.21,1.00,0.26,-0.76,0.52,0.954,1.02,-1.32,1.024,0.00,0.90,1.428,19.5,26.459,0.496,0.000,940,7.11,4.5,3.82,0.00,27.8,1,1,0,0,1,1,0,0,0,0,1,0,0,0,0,0,0,0,1,0,1,1,1,0,0,0,0,0,0,0,0,0,1,1,5156.0,0C,1,1,0,1,1,0,1,0,0,165.25,503.63,,,,,,,,,,,,,,,,,,,,,,,,,,,,,,,,,,,,,,,,,,,,,,,,,,,,,,,,,
239,117,15,14.10,45.75,942,0.0,2.250,3.693,4.49,0.000,27.35,1.00,0.86,-0.76,0.52,0.915,1.02,-1.32,1.025,0.00,0.90,1.475,19.5,26.459,0.496,0.000,940,7.11,4.5,3.84,0.00,27.8,1,1,0,0,1,1,0,0,0,0,1,0,0,0,0,0,0,0,1,0,1,1,1,0,0,0,0,0,0,0,0,0,1,1,5156.0,0C,1,1,0,1,1,0,1,0,0,166.31,504.63,,,,,,,,,,,,,,,,,,,,,,,,,,,,,,,,,,,,,,,,,,,,,,,,,,,,,,,,,
240,117,483,14.10,45.75,942,0.0,3.750,3.674,4.49,0.000,27.33,1.00,0.74,-0.76,0.52,0.897,1.02,-1.32,1.025,0.00,0.90,1.475,19.5,26.108,0.496,0.000,940,7.11,4.5,3.83,0.00,27.8,1,1,0,0,1,1,0,0,0,0,1,0,0,0,0,0,0,0,1,0,1,1,1,0,0,0,0,0,0,0,0,0,1,1,5156.0,0C,1,1,0,1,1,0,1,0,0,165.81,506.63,,,,,,,,,,,,,,,,,,,,,,,,,,,,,,,,,,,,,,,,,,,,,,,,,,,,,,,,,
241,117,932,14.10,45.75,948,0.0,3.750,3.712,4.42,0.000,27.19,1.00,0.25,-0.76,0.52,0.946,1.02,-1.32,1.024,0.00,0.90,1.475,19.5,26.108,0.496,0.000,940,7.11,4.5,3.82,0.00,27.8,1,1,0,0,1,1,0,0,0,0,1,0,0,0,0,0,0,0,1,0,1,1,1,0,0,0,0,0,0,0,0,0,1,1,5156.0,0C,1,1,0,1,1,0,1,0,0,165.13,501.94,,,,,,,,,,,,,,,,,,,,,,,,,,,,,,,,,,,,,,,,,,,,,,,,,,,,,,,,,
242,118,373,14.00,45.75,939,0.0,3.000,3.642,4.49,0.000,26.88,1.00,0.79,-0.76,0.52,0.934,1.02,-1.32,1.023,0.00,0.90,1.475,19.5,25.422,0.496,0.000,940,7.11,4.5,3.80,0.02,27.8,1,1,0,0,1,1,0,0,0,0,1,0,0,0,0,0,0,0,1,0,1,1,1,0,0,0,0,0,0,0,0,0,1,1,5156.0,0C,1,1,0,1,1,0,1,0,0,166.00,504.13,,,,,,,,,,,,,,,,,,,,,,,,,,,,,,,,,,,,,,,,,,,,,,,,,,,,,,,,,
243,118,757,14.10,45.75,933,0.0,6.000,3.699,4.49,0.000,27.30,1.00,0.84,-0.76,0.52,0.908,1.02,-1.32,1.025,0.00,0.90,1.428,19.5,26.108,0.496,0.000,930,7.11,4.5,3.81,0.00,27.8,1,1,0,0,1,1,0,0,0,0,1,0,0,0,0,0,0,0,1,0,1,1,1,0,0,0,0,0,0,0,0,0,1,1,5156.0,0C,1,1,0,1,1,0,1,0,0,166.06,506.19,,,,,,,,,,,,,,,,,,,,,,,,,,,,,,,,,,,,,,,,,,,,,,,,,,,,,,,,,
244,119,182,14.10,45.75,939,0.0,4.500,3.693,4.49,0.000,27.23,1.00,0.22,-0.76,0.52,0.931,1.02,-1.32,1.024,0.00,0.90,1.428,19.5,26.108,0.496,0.000,930,7.11,4.5,3.82,0.00,27.8,1,1,0,0,1,1,0,0,0,0,1,0,0,0,0,0,0,0,1,0,1,1,1,0,0,0,0,0,0,0,0,0,1,1,5156.0,0C,1,1,0,1,1,0,1,0,0,165.19,503.25,,,,,,,,,,,,,,,,,,,,,,,,,,,,,,,,,,,,,,,,,,,,,,,,,,,,,,,,,
245,119,591,14.10,45.75,936,0.0,8.250,4.435,6.86,0.000,29.09,1.00,0.21,-0.76,0.52,0.951,1.02,-1.32,1.032,0.00,0.90,1.428,19.5,27.840,0.496,0.000,980,7.12,4.5,3.83,0.35,27.8,1,1,0,0,1,1,0,0,0,0,1,0,1,0,0,0,0,0,1,0,1,1,1,0,0,0,0,0,0,0,0,0,1,1,5156.0,0C,1,1,0,1,1,0,1,0,0,174.38,528.38,,,,,,,,,,,,,,,,,,,,,,,,,,,,,,,,,,,,,,,,,,,,,,,,,,,,,,,,,
246,119,995,14.10,45.75,989,0.0,-2.250,3.910,4.79,0.000,29.37,1.00,0.89,-0.76,0.51,0.929,1.02,-1.32,1.033,0.00,0.90,2.113,19.5,28.527,0.496,0.000,980,7.12,4.5,3.74,0.00,27.8,1,1,0,0,1,1,0,0,0,0,1,0,1,0,0,0,0,0,1,0,1,1,1,0,0,0,0,0,0,0,0,0,1,1,5156.0,0C,1,1,0,1,1,0,1,0,0,178.00,529.94,,,,,,,,,,,,,,,,,,,,,,,,,,,,,,,,,,,,,,,,,,,,,,,,,,,,,,,,,
247,120,415,13.80,46.50,975,0.0,1.500,3.808,4.86,0.000,28.78,1.00,0.91,-0.76,0.51,0.906,1.02,-1.32,1.030,0.00,0.90,2.113,19.5,27.840,0.496,0.000,980,7.12,4.5,3.77,0.00,27.8,1,1,0,0,1,1,0,0,0,0,1,0,1,0,0,0,0,0,1,0,1,1,1,0,0,0,0,0,0,0,0,0,1,1,5156.0,0C,1,1,0,1,1,0,1,0,0,174.38,524.94,,,,,,,,,,,,,,,,,,,,,,,,,,,,,,,,,,,,,,,,,,,,,,,,,,,,,,,,,
248,120,806,14.00,46.50,985,0.0,-0.750,3.744,4.91,0.000,28.48,1.00,0.21,-0.76,0.52,0.923,1.02,-1.32,1.029,0.00,0.90,1.524,19.5,28.527,0.496,0.000,980,7.12,4.5,3.78,0.00,27.8,1,1,0,0,1,1,0,0,0,0,1,0,1,0,0,0,0,0,1,0,1,1,1,0,0,0,0,0,0,0,0,0,1,1,5156.0,0C,1,1,0,1,1,0,1,0,0,174.63,525.31,,,,,,,,,,,,,,,,,,,,,,,,,,,,,,,,,,,,,,,,,,,,,,,,,,,,,,,,,
249,121,246,14.10,46.50,981,0.0,5.250,3.962,4.98,0.000,28.83,1.00,0.19,-0.76,0.52,0.944,1.02,-1.32,1.031,0.00,0.90,1.524,19.5,27.840,0.496,0.000,980,7.12,4.5,3.77,0.00,27.8,1,1,0,0,1,1,0,0,0,0,1,0,0,0,0,0,0,0,1,0,1,1,1,0,0,0,0,0,0,0,0,0,1,1,5156.0,0C,1,1,0,1,1,0,1,0,0,175.00,525.88,,,,,,,,,,,,,,,,,,,,,,,,,,,,,,,,,,,,,,,,,,,,,,,,,,,,,,,,,
250,121,655,14.10,46.50,982,0.0,2.250,3.661,4.61,0.000,27.59,1.00,0.22,-0.76,0.52,0.966,1.02,-1.32,1.026,0.00,0.90,1.524,19.5,26.802,0.496,0.000,930,7.12,4.5,3.79,-0.05,27.8,1,1,0,0,1,1,0,0,0,0,1,0,0,0,0,0,0,0,1,0,1,1,1,0,0,0,0,0,0,0,0,0,1,1,5156.0,0C,1,1,0,1,1,0,1,0,0,169.56,510.19,,,,,,,,,,,,,,,,,,,,,,,,,,,,,,,,,,,,,,,,,,,,,,,,,,,,,,,,,
251,122,63,14.10,46.50,967,0.0,5.250,3.590,4.42,0.000,26.93,1.00,0.84,-0.76,0.51,0.945,1.02,-1.32,1.023,0.00,0.90,1.643,19.5,26.108,0.496,0.000,930,7.12,4.5,3.78,0.00,27.8,1,1,0,0,1,1,0,0,0,0,1,0,0,0,0,0,0,0,1,0,1,1,1,0,0,0,0,0,0,0,0,0,1,1,5156.0,0C,1,1,0,1,1,0,1,0,0,163.44,498.63,,,,,,,,,,,,,,,,,,,,,,,,,,,,,,,,,,,,,,,,,,,,,,,,,,,,,,,,,
252,122,466,14.10,46.50,950,0.0,10.500,3.552,4.49,0.000,26.86,1.00,0.23,-0.76,0.51,0.927,1.02,-1.32,1.023,0.00,0.90,1.643,19.5,26.108,0.496,0.000,930,7.12,4.5,3.80,0.00,27.8,1,1,0,0,1,1,0,0,0,0,1,0,0,0,0,0,0,0,1,0,1,1,1,0,0,0,0,0,0,0,0,0,1,1,5156.0,0C,1,1,0,1,1,0,1,0,0,164.13,499.75,,,,,,,,,,,,,,,,,,,,,,,,,,,,,,,,,,,,,,,,,,,,,,,,,,,,,,,,,
253,122,863,14.10,46.50,947,0.0,9.000,3.674,4.37,0.000,26.67,1.00,0.21,-0.76,0.52,0.970,1.02,-1.32,1.022,0.00,0.90,1.475,19.5,26.108,0.496,0.000,930,7.12,4.5,3.81,0.00,27.8,1,1,0,0,1,1,0,0,0,0,1,0,0,0,0,0,0,0,1,0,1,1,1,0,0,0,0,0,0,0,0,0,1,1,5156.0,0C,1,1,0,1,1,0,1,0,0,162.13,494.94,,,,,,,,,,,,,,,,,,,,,,,,,,,,,,,,,,,,,,,,,,,,,,,,,,,,,,,,,
254,125,263,14.10,46.50,963,0.0,6.750,4.006,5.03,0.000,28.99,1.00,0.19,-0.76,0.52,0.934,1.02,-1.32,1.031,0.00,0.90,1.589,19.5,28.183,0.496,0.000,980,7.12,4.5,3.70,0.02,27.8,1,1,0,0,1,1,0,0,0,0,1,0,1,0,0,0,0,0,1,0,1,1,1,0,0,0,0,0,0,0,0,0,1,1,5156.0,0C,1,1,0,1,1,0,1,0,0,176.56,532.00,,,,,,,,,,,,,,,,,,,,,,,,,,,,,,,,,,,,,,,,,,,,,,,,,,,,,,,,,
255,125,662,14.10,47.25,973,0.0,3.000,3.981,4.86,0.000,28.80,1.00,0.21,-0.76,0.52,0.955,1.02,-1.32,1.031,0.00,0.90,1.589,19.5,27.489,0.496,0.000,980,7.12,4.5,3.74,0.00,27.8,1,1,0,0,1,1,0,0,0,0,1,0,0,0,0,0,0,0,1,0,1,1,1,0,0,0,0,0,0,0,0,0,1,1,5156.0,0C,1,1,0,1,1,0,1,0,0,176.13,525.94,,,,,,,,,,,,,,,,,,,,,,,,,,,,,,,,,,,,,,,,,,,,,,,,,,,,,,,,,
256,126,146,14.10,47.25,979,0.0,0.750,3.808,4.42,0.000,27.77,1.00,0.69,-0.76,0.52,0.976,1.02,-1.32,1.027,0.00,0.90,1.643,19.5,26.108,0.496,0.000,930,7.13,4.5,3.73,-0.05,27.8,1,1,0,0,1,1,0,0,0,0,1,0,0,0,0,0,0,0,1,0,1,1,1,0,0,0,0,0,0,0,0,0,1,1,5156.0,0C,1,1,0,1,1,0,1,0,0,168.38,507.50,,,,,,,,,,,,,,,,,,,,,,,,,,,,,,,,,,,,,,,,,,,,,,,,,,,,,,,,,
257,126,573,14.00,47.25,950,0.0,9.000,3.514,4.42,0.000,26.63,1.00,0.81,-0.76,0.52,0.927,1.02,-1.32,1.022,0.00,0.90,1.643,19.5,25.765,0.496,0.000,930,7.13,4.5,3.73,0.00,27.8,1,1,0,0,1,1,0,0,0,0,1,0,0,0,0,0,0,0,1,0,1,1,1,0,0,0,0,0,0,0,0,0,1,1,5156.0,0C,1,1,0,1,1,0,1,0,0,162.81,498.25,,,,,,,,,,,,,,,,,,,,,,,,,,,,,,,,,,,,,,,,,,,,,,,,,,,,,,,,,
258,126,965,14.10,47.25,938,0.0,7.500,3.680,4.42,0.000,26.67,1.00,0.21,-0.76,0.52,0.963,1.02,-1.32,1.022,0.00,0.90,1.475,19.5,25.765,0.496,0.000,930,7.13,4.5,3.76,0.00,27.8,1,1,0,0,1,1,0,0,0,0,1,0,0,0,0,0,0,0,1,0,1,1,1,0,0,0,0,0,0,0,0,0,1,1,5156.0,0C,1,1,0,1,1,0,1,0,0,162.94,498.94,,,,,,,,,,,,,,,,,,,,,,,,,,,,,,,,,,,,,,,,,,,,,,,,,,,,,,,,,
259,127,392,14.00,47.25,938,0.0,2.250,3.674,4.42,0.000,26.60,1.00,0.80,-0.76,0.52,0.952,1.02,-1.32,1.022,0.00,0.90,1.475,19.5,25.765,0.496,0.000,930,7.13,4.5,3.77,0.00,27.8,1,1,0,0,1,1,0,0,0,0,1,0,0,0,0,0,0,0,1,0,1,1,1,0,0,0,0,0,0,0,0,0,1,1,5156.0,0C,1,1,0,1,1,0,1,0,0,162.13,497.81,,,,,,,,,,,,,,,,,,,,,,,,,,,,,,,,,,,,,,,,,,,,,,,,,,,,,,,,,
260,127,815,14.10,47.25,942,0.0,4.500,3.565,4.37,0.000,26.53,1.00,0.86,-0.76,0.52,0.933,1.02,-1.32,1.022,0.00,0.90,1.428,19.5,25.765,0.496,0.000,930,7.13,4.5,3.74,0.00,27.8,1,1,0,0,1,1,0,0,0,0,1,0,0,0,0,0,0,0,1,0,1,1,1,0,0,0,0,0,0,0,0,0,1,1,5156.0,0C,1,1,0,1,1,0,1,0,0,161.88,495.69,,,,,,,,,,,,,,,,,,,,,,,,,,,,,,,,,,,,,,,,,,,,,,,,,,,,,,,,,
261,128,242,14.00,47.25,944,0.0,-0.750,4.166,4.98,0.000,29.32,1.00,0.33,-0.76,0.52,0.944,1.02,-1.32,1.033,0.00,0.90,1.428,19.5,29.221,0.496,0.000,980,7.13,4.5,3.71,0.00,27.8,1,1,0,0,1,1,0,0,0,0,1,0,1,0,0,0,0,0,1,0,1,1,1,0,0,0,0,0,0,0,0,0,1,1,5156.0,0C,1,1,0,1,1,0,1,0,0,180.44,536.13,,,,,,,,,,,,,,,,,,,,,,,,,,,,,,,,,,,,,,,,,,,,,,,,,,,,,,,,,
262,128,633,13.80,47.25,982,0.0,3.000,3.866,4.91,0.000,28.92,1.00,0.80,-0.76,0.52,0.932,1.02,-1.32,1.031,0.00,0.90,1.428,19.5,28.183,0.496,0.000,980,7.13,4.5,3.21,-49.63,114.0,0,1,0,0,0,1,0,1,1,1,1,1,0,1,1,0,0,1,0,0,0,0,0,0,0,0,0,1,0,1,0,0,0,0,10885.3,E9,0,1,0,1,0,1,1,1,1,1,1,,,,,,,,,,,,,,,,,,,,,,,,,,,,,,,,,,,,,,,,,,,,,,,,,,,,,,,,,
263,129,32,13.80,47.25,971,0.0,6.000,3.923,5.03,0.000,29.13,1.00,0.85,-0.76,0.52,0.909,1.02,-1.32,1.032,0.00,0.90,1.589,19.5,28.527,0.496,0.000,980,7.13,4.5,3.66,0.00,27.8,1,1,0,0,1,1,0,0,0,0,1,0,1,0,0,0,0,0,1,0,1,1,1,0,0,0,0,0,0,0,0,0,1,1,5156.0,0C,1,1,0,1,1,0,1,0,0,177.56,529.63,,,,,,,,,,,,,,,,,,,,,,,,,,,,,,,,,,,,,,,,,,,,,,,,,,,,,,,,,
264,129,425,13.80,47.25,979,0.0,4.500,4.339,6.49,5.679,30.26,1.00,0.20,-0.76,0.52,0.934,1.02,-1.32,1.036,0.00,0.90,1.589,19.5,28.527,0.496,0.000,1080,7.13,4.5,3.68,0.00,27.8,1,1,0,0,1,1,0,0,0,0,1,0,1,0,0,0,0,0,0,0,1,1,1,0,0,0,0,0,0,0,0,0,1,1,5156.0,0C,1,1,0,1,1,0,1,0,0,194.13,570.88,,,,,,,,,,,,,,,,,,,,,,,,,,,,,,,,,,,,,,,,,,,,,,,,,,,,,,,,,
265,129,818,13.80,47.25,1182,0.0,3.000,7.130,11.72,6.976,44.98,1.00,0.89,-0.76,0.51,0.925,1.02,-1.32,1.083,0.00,0.90,3.522,19.5,35.790,0.496,0.000,1480,7.13,4.5,3.68,0.92,27.8,1,1,0,0,1,1,0,0,0,0,1,0,1,0,0,0,0,0,0,0,1,1,1,0,0,0,0,1,0,0,0,0,1,1,5156.0,0C,1,1,0,1,1,0,1,0,0,283.75,739.63,,,,,,,,,,,,,,,,,,,,,,,,,,,,,,,,,,,,,,,,,,,,,,,,,,,,,,,,,
266,130,209,13.80,47.25,1464,0.0,2.250,5.178,8.94,5.194,38.84,1.00,0.93,-0.76,0.51,0.890,1.02,-1.32,1.078,0.00,0.90,3.522,19.5,33.715,0.496,0.000,1500,7.13,4.5,3.68,0.00,27.8,1,1,0,0,1,1,0,0,0,0,1,0,1,0,0,0,0,0,0,0,1,1,1,0,0,0,0,1,0,0,0,0,1,1,5156.0,0C,1,1,0,1,1,0,1,0,0,236.38,619.06,,,,,,,,,,,,,,,,,,,,,,,,,,,,,,,,,,,,,,,,,,,,,,,,,,,,,,,,,
267,132,636,13.80,48.00,1313,0.0,9.750,4.531,8.81,0.241,35.67,1.00,0.19,-0.76,0.52,0.922,0.05,1.88,0.806,0.01,0.75,113.382,104.3,39.461,0.047,21.750,1940,94.41,313.0,-78.91,10.66,-18.8,0,0,1,1,0,1,0,1,0,1,0,1,0,1,0,1,0,1,1,1,1,1,1,1,1,1,1,1,1,1,1,1,1,1,1,,,,,,,,,,,,,,,,,,,,,,,,,,,,,,,,,,,,,,,,,,,,,,,,,,,,,,,,,,,,,,,,,,,,,
268,133,25,13.80,48.00,1259,1.3,-0.750,3.251,5.10,0.000,29.39,1.00,0.17,-0.76,0.52,0.951,1.02,-1.32,1.045,0.00,0.90,2.492,19.5,35.790,0.496,0.000,900,7.13,4.5,4.75,-1.36,27.8,1,1,0,0,1,1,0,0,0,0,1,0,1,0,0,0,0,0,1,0,1,1,1,0,0,0,0,1,0,0,0,0,1,1,5156.0,0C,1,1,0,1,1,0,1,0,0,171.81,513.75,,,,,,,,,,,,,,,,,,,,,,,,,,,,,,,,,,,,,,,,,,,,,,,,,,,,,,,,,
269,133,425,13.80,48.00,1171,0.0,5.250,3.149,5.22,0.000,25.80,1.00,0.16,-0.76,0.52,0.975,1.02,-1.32,1.032,0.00,0.90,2.492,19.5,32.334,0.496,0.000,900,7.13,4.5,4.46,-0.77,27.8,1,1,0,0,1,1,0,0,0,0,1,0,1,0,0,0,0,0,1,0,1,1,1,0,0,0,0,0,0,0,0,0,1,1,5156.0,0C,1,1,0,1,1,0,1,0,0,157.13,483.56,,,,,,,,,,,,,,,,,,,,,,,,,,,,,,,,,,,,,,,,,,,,,,,,,,,,,,,,,
270,133,813,13.80,48.00,1099,0.0,6.000,6.842,10.03,4.866,38.39,1.00,0.18,-0.76,0.51,0.998,1.02,-1.32,1.058,0.00,0.90,2.739,19.5,42.351,0.496,0.000,1200,7.13,4.5,4.30,0.00,27.8,1,1,0,0,1,1,0,0,0,0,1,0,1,0,0,0,0,0,0,0,1,1,1,0,0,0,0,1,0,0,0,0,1,1,5156.0,0C,1,1,0,1,1,0,1,0,0,236.69,681.00,,,,,,,,,,,,,,,,,,,,,,,,,,,,,,,,,,,,,,,,,,,,,,,,,,,,,,,,,
271,134,202,13.80,48.00,1282,1.3,0.000,5.939,9.06,3.734,41.41,1.00,0.94,-0.76,0.51,0.960,1.02,-1.32,1.081,0.00,0.90,2.739,19.5,53.071,0.496,0.000,1480,7.13,4.5,4.30,1.35,27.8,1,1,0,0,1,1,0,0,0,0,1,0,1,0,0,0,0,0,0,0,1,1,1,0,0,0,0,1,0,0,0,0,1,1,5156.0,0C,1,1,0,1,1,0,1,0,0,250.63,669.13,,,,,,,,,,,,,,,,,,,,,,,,,,,,,,,,,,,,,,,,,,,,,,,,,,,,,,,,,
272,134,599,13.80,48.00,1258,2.5,5.250,4.416,6.45,0.000,35.58,1.00,0.83,-0.76,0.51,0.928,1.02,-1.32,1.057,0.00,0.90,2.739,19.5,43.740,0.496,0.000,1200,7.13,4.5,4.41,0.13,27.8,1,1,0,0,1,1,0,0,0,0,1,0,1,0,0,0,0,0,1,0,1,1,1,0,0,0,0,1,0,0,0,0,1,1,5156.0,0C,1,1,0,1,1,0,1,0,0,216.50,613.81,,,,,,,,,,,,,,,,,,,,,,,,,,,,,,,,,,,,,,,,,,,,,,,,,,,,,,,,,
273,134,982,13.80,48.00,1303,2.5,0.000,2.675,4.86,0.000,25.20,1.00,0.18,-0.76,0.52,0.965,1.02,-1.32,1.044,0.00,0.90,2.139,19.5,33.021,0.496,0.000,900,7.13,4.5,4.66,-1.51,27.8,1,1,0,0,1,1,0,0,0,0,1,0,1,0,0,0,0,0,1,0,1,1,1,0,0,0,0,0,0,0,0,0,1,1,5156.0,0C,1,1,0,1,1,0,1,0,0,150.81,461.25,,,,,,,,,,,,,,,,,,,,,,,,,,,,,,,,,,,,,,,,,,,,,,,,,,,,,,,,,
274,135,382,13.80,48.00,1188,2.5,7.500,2.912,4.98,0.000,23.23,1.00,0.16,-0.76,0.51,0.985,1.02,-1.32,1.036,0.00,0.90,2.139,19.5,29.564,0.496,0.000,900,7.13,4.5,4.37,-0.81,27.8,1,1,0,0,1,1,0,0,0,0,1,0,1,0,0,0,0,0,1,0,1,1,1,0,0,0,0,0,0,0,0,0,1,1,5156.0,0C,1,1,0,1,1,0,1,0,0,142.44,452.69,,,,,,,,,,,,,,,,,,,,,,,,,,,,,,,,,,,,,,,,,,,,,,,,,,,,,,,,,
275,135,818,13.80,48.75,1063,2.5,5.250,3.571,5.03,0.967,25.52,1.00,0.17,-0.76,0.51,1.005,1.02,-1.32,1.019,0.00,0.90,1.505,19.5,26.802,0.496,0.000,900,7.13,4.5,4.14,-0.22,27.8,1,1,0,0,1,1,0,0,0,0,1,0,1,0,0,0,0,0,1,0,1,1,1,0,0,0,0,0,0,0,0,0,1,1,5156.0,0C,1,1,0,1,1,0,1,0,0,158.50,485.56,,,,,,,,,,,,,,,,,,,,,,,,,,,,,,,,,,,,,,,,,,,,,,,,,,,,,,,,,
276,136,206,13.80,48.75,1062,1.3,0.750,7.360,10.99,7.633,41.32,1.00,0.81,-0.76,0.51,1.000,1.02,-1.32,1.062,0.00,0.90,1.505,19.5,32.677,0.496,0.000,1300,7.13,4.5,4.14,0.73,27.8,1,1,0,0,1,1,0,0,0,0,1,0,1,0,0,0,0,0,0,0,1,1,1,0,0,0,0,1,0,0,0,0,1,1,5156.0,0C,1,1,0,1,1,0,1,0,0,257.25,725.25,,,,,,,,,,,,,,,,,,,,,,,,,,,,,,,,,,,,,,,,,,,,,,,,,,,,,,,,,
277,138,703,13.80,48.75,1322,2.5,9.000,2.554,4.98,0.000,25.17,1.00,0.40,-0.76,0.51,0.909,1.02,-1.32,1.045,0.00,0.90,2.911,19.5,31.296,0.496,0.000,900,7.13,4.5,4.56,-0.98,27.8,1,1,0,0,1,1,0,0,0,0,1,0,1,0,0,0,0,0,1,0,1,1,1,0,0,0,0,0,0,0,0,0,1,1,5156.0,0C,1,1,0,1,1,0,1,0,0,151.50,455.31,,,,,,,,,,,,,,,,,,,,,,,,,,,,,,,,,,,,,,,,,,,,,,,,,,,,,,,,,
278,139,103,13.80,48.75,1167,3.8,15.750,2.758,4.86,0.000,22.73,1.00,0.16,-0.76,0.51,0.949,1.02,-1.32,1.037,0.00,0.90,1.376,19.5,28.527,0.496,0.000,900,7.13,4.5,4.72,-0.71,27.8,1,1,0,0,1,1,0,0,0,0,1,0,1,0,0,0,0,0,1,0,1,1,1,0,0,0,0,0,0,0,0,0,1,1,5156.0,0C,1,1,0,1,1,0,1,0,0,138.63,444.75,,,,,,,,,,,,,,,,,,,,,,,,,,,,,,,,,,,,,,,,,,,,,,,,,,,,,,,,,
279,139,506,13.80,48.75,1082,2.5,4.500,3.277,4.91,0.000,24.33,1.00,0.16,-0.76,0.51,0.968,1.02,-1.32,1.022,0.00,0.90,1.376,19.5,27.489,0.496,0.000,900,7.13,4.5,4.55,-0.37,27.8,1,1,0,0,1,1,0,0,0,0,1,0,1,0,0,0,0,0,1,0,1,1,1,0,0,0,0,0,0,0,0,0,1,1,5156.0,0C,1,1,0,1,1,0,1,0,0,150.81,469.69,,,,,,,,,,,,,,,,,,,,,,,,,,,,,,,,,,,,,,,,,,,,,,,,,,,,,,,,,
280,139,951,13.80,48.75,1008,2.5,2.250,3.776,4.98,0.000,26.58,1.00,0.19,-0.76,0.51,0.988,1.02,-1.32,1.022,0.00,0.90,1.456,19.5,26.802,0.496,0.000,900,7.13,4.5,4.43,-0.12,27.8,1,1,0,0,1,1,0,0,0,0,1,0,1,0,0,0,0,0,1,0,1,1,1,0,0,0,0,0,0,0,0,0,1,1,5156.0,0C,1,1,0,1,1,0,1,0,0,163.50,499.44,,,,,,,,,,,,,,,,,,,,,,,,,,,,,,,,,,,,,,,,,,,,,,,,,,,,,,,,,
281,140,352,13.80,48.75,967,1.3,-3.750,3.994,4.86,0.000,28.01,1.00,0.84,-0.76,0.51,0.971,1.02,-1.32,1.027,0.00,0.90,1.456,19.5,26.802,0.496,0.000,900,7.13,4.5,4.34,-0.07,27.8,1,1,0,0,1,1,0,0,0,0,1,0,1,0,0,0,0,0,1,0,1,1,1,0,0,0,0,0,0,0,0,0,1,1,5156.0,0C,1,1,0,1,1,0,1,0,0,171.44,520.50,,,,,,,,,,,,,,,,,,,,,,,,,,,,,,,,,,,,,,,,,,,,,,,,,,,,,,,,,
282,140,742,13.80,48.75,1020,1.3,-0.750,6.765,9.42,8.602,41.16,1.00,0.87,-0.76,0.51,0.947,1.02,-1.32,1.062,0.00,0.90,0.280,-41.3,13.281,0.703,-86.250,10,62.03,128.3,3.99,-48.07,114.0,0,1,0,0,0,1,0,1,1,1,1,1,0,1,1,0,0,1,0,0,0,0,0,0,0,0,1,1,1,1,0,0,0,0,7303.3,AC,0,1,0,1,0,1,1,1,1,1,1,,,,,,,,,,,,,,,,,,,,,,,,,,,,,,,,,,,,,,,,,,,,,,,,,,,,,,,,,
283,141,115,13.80,49.50,1327,1.3,-1.500,6.765,10.03,0.000,48.07,1.00,0.92,-0.76,0.51,0.914,1.02,-1.32,1.100,0.00,0.90,3.384,19.5,75.883,0.496,0.000,1400,7.14,4.5,4.34,0.62,27.8,1,1,0,0,1,1,0,0,0,0,1,0,1,0,0,0,0,0,1,0,1,1,1,0,0,0,0,1,0,1,0,0,1,1,5156.0,0C,1,1,0,1,1,0,1,0,0,266.06,688.50,,,,,,,,,,,,,,,,,,,,,,,,,,,,,,,,,,,,,,,,,,,,,,,,,,,,,,,,,
284,141,513,13.80,49.50,1360,1.3,5.250,2.886,4.86,0.000,27.49,1.00,0.20,-0.76,0.51,0.889,1.02,-1.32,1.058,0.00,0.90,3.384,19.5,34.752,0.496,0.000,1000,7.14,4.5,4.83,-0.90,27.8,1,1,0,0,1,1,0,0,0,0,1,0,1,0,0,0,0,0,1,0,1,1,1,0,0,0,0,0,0,1,0,0,1,1,5156.0,0C,1,1,0,1,1,0,1,0,0,161.25,459.88,,,,,,,,,,,,,,,,,,,,,,,,,,,,,,,,,,,,,,,,,,,,,,,,,,,,,,,,,
285,141,903,13.90,49.50,1226,1.3,19.500,2.317,4.54,0.000,20.63,1.00,0.15,-0.76,0.50,0.932,1.02,-1.32,1.046,0.00,0.90,1.066,19.5,28.527,0.496,0.000,900,7.14,4.5,5.03,-0.88,27.8,1,1,0,0,1,1,0,0,0,0,1,0,1,0,0,0,0,0,1,0,1,1,1,0,0,0,0,0,0,0,0,0,1,1,5156.0,0C,1,1,0,1,1,0,1,0,0,129.31,423.81,,,,,,,,,,,,,,,,,,,,,,,,,,,,,,,,,,,,,,,,,,,,,,,,,,,,,,,,,
286,142,285,13.80,49.50,1099,0.0,12.750,3.162,4.91,0.000,23.60,1.00,0.16,-0.76,0.49,0.950,1.02,-1.32,1.028,0.00,0.90,1.066,19.5,27.840,0.496,0.000,900,7.14,4.5,5.11,-0.42,27.8,1,1,0,0,1,1,0,0,0,0,1,1,1,0,0,0,0,0,1,0,1,1,1,0,0,0,0,0,0,0,0,1,1,1,5156.0,0C,1,1,0,1,1,0,1,0,0,145.63,459.13,,,,,,,,,,,,,,,,,,,,,,,,,,,,,,,,,,,,,,,,,,,,,,,,,,,,,,,,,
287,142,675,14.00,49.50,1030,0.0,2.250,3.750,5.15,0.000,26.70,1.00,0.18,-0.76,0.47,0.971,1.02,-1.32,1.023,0.00,0.90,1.066,19.5,27.840,0.496,0.000,900,7.14,4.5,5.04,-0.20,27.8,1,1,0,0,1,1,0,0,0,0,1,0,1,0,0,0,0,0,1,0,1,1,1,0,0,0,0,0,0,0,0,0,1,1,5156.0,0C,1,1,0,1,1,0,1,0,0,164.81,500.81,,,,,,,,,,,,,,,,,,,,,,,,,,,,,,,,,,,,,,,,,,,,,,,,,,,,,,,,,
288,143,76,14.00,49.50,995,0.0,5.250,6.893,10.74,13.803,36.59,1.00,0.73,-0.76,0.47,0.967,1.02,-1.32,1.049,0.00,0.90,1.699,19.5,29.564,0.496,0.000,1100,7.14,4.5,5.01,0.00,27.8,1,1,0,0,1,1,0,0,0,0,1,0,1,0,0,0,0,0,0,0,1,1,1,0,0,0,0,1,0,0,0,0,1,1,5156.0,0C,1,1,0,1,1,0,1,0,0,211.63,616.38,,,,,,,,,,,,,,,,,,,,,,,,,,,,,,,,,,,,,,,,,,,,,,,,,,,,,,,,,
289,143,472,14.00,49.50,1469,0.0,0.000,7.840,13.62,6.085,53.32,1.00,0.96,-0.76,0.46,0.933,1.02,-1.32,1.118,0.00,0.90,1.699,19.5,46.159,0.496,79.500,2540,-12.97,128.3,3.99,-48.07,114.0,0,1,0,0,0,1,0,1,1,1,1,1,0,1,1,0,0,1,0,0,0,0,0,0,0,0,1,1,0,0,1,0,0,0,8029.5,77,0,1,0,1,0,1,1,1,1,1,1,,,,,,,,,,,,,,,,,,,,,,,,,,,,,,,,,,,,,,,,,,,,,,,,,,,,,,,,,
290,143,906,14.00,49.50,1815,1.3,9.750,3.872,8.62,5.031,31.45,1.00,0.17,-0.76,0.40,0.956,1.02,-1.32,1.106,0.00,0.90,4.180,19.5,31.983,0.496,0.000,1500,6.99,4.5,4.90,-1.30,27.8,1,1,0,0,1,1,0,0,0,0,1,0,1,0,0,0,0,0,0,0,1,1,1,0,0,0,0,1,0,0,0,0,1,1,5156.0,0C,1,1,0,1,1,0,1,0,0,194.88,542.38,,,,,,,,,,,,,,,,,,,,,,,,,,,,,,,,,,,,,,,,,,,,,,,,,,,,,,,,,
291,144,302,13.80,49.50,1582,2.5,-11.250,4.685,8.62,5.194,32.91,1.00,0.47,-0.76,0.35,0.987,1.02,-1.32,1.081,0.00,0.90,4.180,19.5,33.715,0.496,0.000,1500,7.14,4.5,5.01,-0.09,27.8,1,1,0,0,1,1,0,0,0,0,1,0,1,0,0,0,0,0,0,0,1,1,1,0,0,0,0,1,0,0,0,0,1,1,5156.0,0C,1,1,0,1,1,0,1,0,0,202.13,544.00,,,,,,,,,,,,,,,,,,,,,,,,,,,,,,,,,,,,,,,,,,,,,,,,,,,,,,,,,
292,144,686,13.00,49.50,1162,3.8,-24.750,9.446,14.04,5.515,53.41,1.00,0.18,-0.76,0.31,0.979,1.02,-1.32,1.057,0.00,0.90,4.180,19.5,54.795,0.496,0.000,1500,7.14,4.5,5.01,4.74,27.8,1,1,0,0,1,1,0,0,0,0,1,0,1,0,0,0,0,0,0,0,1,1,1,0,0,0,0,1,0,1,0,0,1,1,5156.0,0C,1,1,0,1,1,0,1,0,0,335.75,867.63,,,,,,,,,,,,,,,,,,,,,,,,,,,,,,,,,,,,,,,,,,,,,,,,,,,,,,,,,
293,145,76,13.20,49.50,1067,6.3,-10.500,10.547,21.29,5.679,67.45,1.00,0.91,-0.76,0.30,0.954,1.02,-1.32,1.061,0.00,0.90,4.528,19.5,97.658,0.496,0.000,1500,7.14,4.5,5.01,4.50,27.8,1,1,0,0,1,1,0,0,0,0,1,0,1,0,0,0,0,0,0,0,1,1,1,0,0,0,0,1,0,0,0,0,1,1,5156.0,0C,1,1,0,1,1,0,1,0,0,405.19,975.63,,,,,,,,,,,,,,,,,,,,,,,,,,,,,,,,,,,,,,,,,,,,,,,,,,,,,,,,,
294,145,465,14.00,49.50,1065,7.5,-8.250,10.003,22.80,5.679,67.59,1.00,0.98,-0.76,0.25,0.922,1.02,-1.32,1.063,0.00,0.90,4.528,19.5,97.658,0.496,0.000,1500,7.14,4.5,5.01,4.58,27.8,1,1,0,0,1,1,0,0,0,0,1,0,1,0,0,0,0,0,0,0,1,1,1,0,0,0,0,1,0,0,0,0,1,1,5156.0,0C,1,1,0,1,1,0,1,0,0,414.69,979.81,,,,,,,,,,,,,,,,,,,,,,,,,,,,,,,,,,,,,,,,,,,,,,,,,,,,,,,,,
295,145,855,14.00,49.50,1245,8.8,-8.250,9.811,21.22,5.679,67.29,1.00,0.45,-0.76,0.16,0.889,1.02,-1.32,1.084,0.00,0.90,5.721,19.5,97.658,0.496,0.000,1500,7.14,4.5,5.01,1.86,27.8,1,1,0,0,1,1,0,0,0,0,1,0,1,0,0,0,0,0,0,0,1,1,1,0,0,0,0,1,0,0,0,0,1,1,5156.0,0C,1,1,0,1,1,0,1,0,0,410.19,955.19,,,,,,,,,,,,,,,,,,,,,,,,,,,,,,,,,,,,,,,,,,,,,,,,,,,,,,,,,
296,146,266,14.10,50.25,1421,10.0,-1.500,7.674,15.06,5.679,58.45,1.00,0.92,-0.76,0.15,0.890,1.02,-1.32,1.116,0.00,0.90,5.721,19.5,97.658,0.496,0.000,1500,7.14,4.5,5.01,0.16,27.8,1,1,0,0,1,1,0,0,0,0,1,0,1,0,0,0,0,0,0,0,1,1,1,0,0,0,0,1,0,0,0,0,1,1,5156.0,0C,1,1,0,1,1,0,1,0,0,351.06,852.81,,,,,,,,,,,,,,,,,,,,,,,,,,,,,,,,,,,,,,,,,,,,,,,,,,,,,,,,,
297,146,692,14.10,50.25,1677,12.5,10.500,4.397,11.84,5.515,42.54,1.00,0.18,-0.76,1.27,0.887,1.02,-1.32,1.103,0.00,0.90,5.721,19.5,82.444,0.496,0.000,1500,7.07,4.5,4.96,-0.97,27.8,1,1,0,0,1,1,0,0,0,0,1,0,1,0,0,0,0,0,0,0,1,1,1,0,0,0,0,1,0,0,0,0,1,1,5156.0,0C,1,1,0,1,1,0,1,0,0,262.56,695.31,,,,,,,,,,,,,,,,,,,,,,,,,,,,,,,,,,,,,,,,,,,,,,,,,,,,,,,,,
298,147,113,14.10,50.25,1735,12.5,6.000,3.507,10.64,6.007,34.45,1.00,0.16,-0.76,0.93,0.925,1.02,-1.32,1.103,0.00,0.90,3.313,19.5,66.896,0.496,0.000,1500,7.03,4.5,4.93,-1.13,27.8,1,1,0,0,1,1,0,0,0,0,1,0,1,0,0,0,0,0,0,0,1,1,1,0,0,0,0,1,0,1,0,0,1,1,5156.0,0C,1,1,0,1,1,0,1,0,0,215.63,603.88,,,,,,,,,,,,,,,,,,,,,,,,,,,,,,,,,,,,,,,,,,,,,,,,,,,,,,,,,
299,149,644,14.10,50.25,1621,12.5,2.250,2.720,9.35,5.194,18.70,1.00,0.17,-0.76,0.43,1.009,1.02,-1.32,1.086,0.00,0.90,2.348,19.5,34.058,0.496,0.000,900,7.13,4.5,2.98,-2.62,27.8,1,1,0,0,1,1,0,0,0,0,1,0,1,0,0,0,0,0,0,0,1,1,1,1,0,0,0,0,0,1,0,0,1,1,5156.0,0C,1,1,0,1,1,0,1,0,0,134.38,390.69,,,,,,,,,,,,,,,,,,,,,,,,,,,,,,,,,,,,,,,,,,,,,,,,,,,,,,,,,
300,150,52,14.10,50.25,1787,12.5,31.500,3.360,8.37,5.515,23.77,1.00,0.29,-0.76,0.92,0.983,1.02,-1.32,1.108,0.00,0.90,2.692,19.5,44.427,0.496,0.000,900,6.99,4.5,2.92,-2.56,27.8,1,1,0,0,1,1,0,0,0,0,1,0,1,0,0,0,0,0,0,0,1,1,1,1,0,0,0,0,0,0,0,0,1,1,5156.0,0C,1,1,0,1,1,0,1,0,0,149.38,428.38,,,,,,,,,,,,,,,,,,,,,,,,,,,,,,,,,,,,,,,,,,,,,,,,,,,,,,,,,
301,150,507,14.10,50.25,1890,12.5,30.750,3.315,7.10,2.593,23.51,1.00,0.19,-0.76,0.27,1.033,1.02,-1.32,1.118,0.00,0.90,2.692,19.5,41.314,0.496,0.000,900,6.92,4.5,2.89,-2.54,27.8,1,1,0,0,1,1,0,0,0,0,1,0,1,0,0,0,0,0,0,0,1,1,1,1,0,0,0,0,0,0,0,0,1,1,5156.0,0C,1,1,0,1,1,0,1,0,0,140.56,385.25,,,,,,,,,,,,,,,,,,,,,,,,,,,,,,,,,,,,,,,,,,,,,,,,,,,,,,,,,
302,150,903,14.10,50.25,1816,13.8,32.250,2.982,7.35,2.429,20.81,1.00,0.18,-0.76,0.65,1.033,1.02,-1.32,1.107,0.00,0.90,2.419,19.5,38.552,0.496,0.000,900,7.00,4.5,2.92,-2.57,27.8,1,1,0,0,1,1,0,0,0,0,1,0,1,0,0,0,0,0,0,0,1,1,1,1,0,0,0,0,0,0,0,0,1,1,5156.0,0C,1,1,0,1,1,0,1,0,0,129.75,380.94,,,,,,,,,,,,,,,,,,,,,,,,,,,,,,,,,,,,,,,,,,,,,,,,,,,,,,,,,
303,151,343,14.10,51.00,1885,13.8,32.250,3.008,7.35,2.429,21.07,1.00,0.84,-0.76,0.59,1.031,1.02,-1.32,1.112,0.00,0.90,2.419,19.5,39.246,0.496,0.000,900,6.95,4.5,2.90,-2.55,27.8,1,1,0,0,1,1,0,0,0,0,1,0,1,0,0,0,0,0,0,0,1,1,1,1,0,0,0,0,0,0,0,0,1,1,5156.0,0C,1,1,0,1,1,0,1,0,0,128.50,371.94,,,,,,,,,,,,,,,,,,,,,,,,,,,,,,,,,,,,,,,,,,,,,,,,,,,,,,,,,
304,153,825,14.10,51.00,2166,16.3,33.000,2.701,7.23,2.593,21.52,1.00,0.91,-0.76,0.94,0.860,1.02,-1.32,1.128,0.00,0.90,2.438,19.5,44.770,0.496,0.000,900,6.76,4.5,2.82,-2.48,27.8,1,1,0,0,1,1,0,0,0,0,1,0,0,0,0,0,0,0,0,0,1,1,1,1,0,0,0,0,0,0,0,0,1,1,5156.0,0C,1,1,0,1,1,0,1,0,0,131.13,339.13,,,,,,,,,,,,,,,,,,,,,,,,,,,,,,,,,,,,,,,,,,,,,,,,,,,,,,,,,
305,154,256,14.10,51.00,2171,16.3,21.750,2.598,7.06,0.000,21.21,1.00,0.81,-0.76,0.87,0.827,1.02,-1.32,1.127,0.00,0.90,2.438,19.5,42.702,0.496,0.000,900,6.76,4.5,2.82,-4.32,27.8,1,1,0,0,1,1,0,0,0,0,1,0,0,0,0,0,0,0,1,0,1,1,1,1,0,0,0,0,0,1,0,0,1,1,5156.0,0C,1,1,0,1,1,0,1,0,0,127.56,331.69,,,,,,,,,,,,,,,,,,,,,,,,,,,,,,,,,,,,,,,,,,,,,,,,,,,,,,,,,
306,158,766,14.10,51.75,1807,13.8,33.000,2.707,6.37,0.156,19.08,1.00,0.17,-0.76,0.19,1.012,1.02,-1.32,1.100,0.00,0.90,2.483,20.3,34.058,0.496,0.000,900,7.01,4.5,2.93,-3.54,27.8,1,1,0,0,1,1,0,0,0,0,1,0,0,0,0,0,0,0,1,0,1,1,1,1,1,0,0,0,0,1,0,0,1,1,5156.0,0C,1,1,0,1,1,0,1,0,0,111.63,345.94,,,,,,,,,,,,,,,,,,,,,,,,,,,,,,,,,,,,,,,,,,,,,,,,,,,,,,,,,
307,159,292,14.10,51.75,1829,13.8,33.750,2.445,5.88,0.156,16.88,1.00,0.18,-0.76,0.18,1.036,1.02,-1.32,1.091,0.00,0.90,1.980,20.3,32.334,0.496,0.000,900,6.99,4.5,2.92,-3.62,27.8,1,1,0,0,1,1,0,0,0,0,1,0,0,0,0,0,0,0,1,0,1,1,1,1,1,0,0,0,0,1,0,0,1,1,5156.0,0C,1,1,0,1,1,0,1,0,0,96.13,309.06,,,,,,,,,,,,,,,,,,,,,,,,,,,,,,,,,,,,,,,,,,,,,,,,,,,,,,,,,
308,159,749,14.10,51.75,1800,13.8,35.250,2.208,5.15,0.319,14.16,1.00,0.18,-0.76,0.19,1.068,1.02,-1.32,1.103,0.00,0.90,1.980,20.3,28.527,0.496,0.000,900,7.01,4.5,2.93,-3.54,27.8,1,1,0,0,1,1,0,0,0,0,1,0,0,0,0,0,0,0,1,0,1,1,1,1,1,0,0,0,0,1,0,0,1,1,5156.0,0C,1,1,0,1,1,0,1,0,0,86.44,287.69,,,,,,,,,,,,,,,,,,,,,,,,,,,,,,,,,,,,,,,,,,,,,,,,,,,,,,,,,
309,160,167,14.10,51.75,1760,12.5,35.250,2.240,4.79,0.647,13.78,1.00,0.20,-0.76,0.20,1.089,1.02,-1.32,1.105,0.00,0.90,1.537,20.3,26.459,0.496,0.000,900,7.04,4.5,2.94,-3.41,27.8,1,1,0,0,1,1,0,0,0,0,1,0,0,0,0,0,0,0,1,0,1,1,1,1,1,0,0,0,0,1,0,0,1,1,5156.0,0C,1,1,0,1,1,0,1,0,0,83.81,280.19,,,,,,,,,,,,,,,,,,,,,,,,,,,,,,,,,,,,,,,,,,,,,,,,,,,,,,,,,
310,160,564,14.10,51.75,1720,12.5,35.250,2.061,4.00,1.295,12.42,1.00,0.81,-0.76,0.80,1.077,1.02,-1.32,1.114,0.00,0.90,1.537,20.3,23.690,0.496,0.000,900,7.07,4.5,2.95,-3.27,27.8,1,1,0,0,1,1,0,0,0,0,1,0,0,0,0,0,0,0,1,0,1,1,1,1,1,0,0,0,0,1,0,0,1,1,5156.0,0C,1,1,0,1,1,0,1,0,0,75.19,259.44,,,,,,,,,,,,,,,,,,,,,,,,,,,,,,,,,,,,,,,,,,,,,,,,,,,,,,,,,
311,161,3,14.10,51.75,1647,12.5,18.000,2.080,3.93,2.109,12.75,1.00,0.95,-0.76,0.94,1.058,1.02,-1.32,1.111,0.00,0.90,1.241,20.3,23.346,0.496,0.000,900,7.12,4.5,2.97,-2.61,27.8,1,1,0,0,1,1,0,0,0,0,1,0,0,0,0,0,0,0,0,0,1,1,1,1,1,0,0,0,0,1,0,0,1,1,5156.0,0C,1,1,0,1,1,0,1,0,0,78.06,265.63,,,,,,,,,,,,,,,,,,,,,,,,,,,,,,,,,,,,,,,,,,,,,,,,,,,,,,,,,
312,161,502,14.10,51.75,1557,11.3,15.750,2.573,4.98,3.078,15.91,1.00,0.97,-0.76,0.97,1.039,1.02,-1.32,1.085,0.00,0.90,1.241,20.3,28.527,0.496,0.000,900,7.15,4.5,2.98,-2.62,27.8,1,1,0,0,1,1,0,0,0,0,1,0,0,0,0,0,0,0,0,0,1,1,1,1,1,0,0,0,0,1,0,0,1,1,5156.0,0C,1,1,0,1,1,0,1,0,0,96.69,304.13,,,,,,,,,,,,,,,,,,,,,,,,,,,,,,,,,,,,,,,,,,,,,,,,,,,,,,,,,
313,161,912,14.10,51.75,1552,11.3,23.250,3.360,6.79,3.078,21.42,1.00,0.96,-0.76,0.98,1.015,1.02,-1.32,1.088,0.00,0.90,1.851,20.3,35.790,0.496,0.000,900,7.15,4.5,2.98,-2.62,27.8,1,1,0,0,1,1,0,0,0,0,1,0,0,0,0,0,0,0,0,0,1,1,1,1,1,0,0,0,0,0,0,0,1,1,5156.0,0C,1,1,0,1,1,0,1,0,0,136.19,391.19,,,,,,,,,,,,,,,,,,,,,,,,,,,,,,,,,,,,,,,,,,,,,,,,,,,,,,,,,
314,162,345,14.10,51.75,1538,11.3,10.500,4.051,7.40,3.078,27.05,1.00,0.95,-0.76,0.98,0.989,1.02,-1.32,1.088,0.00,0.90,1.851,20.3,39.590,0.496,0.000,900,7.15,4.5,2.98,-2.62,27.8,1,1,0,0,1,1,0,0,0,0,1,0,0,0,0,0,0,0,0,0,1,1,1,1,1,0,0,0,0,0,0,0,1,1,5156.0,0C,1,1,0,1,1,0,1,0,0,165.94,456.50,,,,,,,,,,,,,,,,,,,,,,,,,,,,,,,,,,,,,,,,,,,,,,,,,,,,,,,,,
315,162,784,14.10,52.50,1589,11.3,9.750,3.821,7.15,3.078,27.40,1.00,0.94,-0.76,0.96,0.961,1.02,-1.32,1.090,0.00,0.90,1.851,20.3,39.933,0.496,0.000,900,7.15,4.5,2.98,-2.62,27.8,1,1,0,0,1,1,0,0,0,0,1,0,0,0,0,0,0,0,0,0,1,1,1,1,1,0,0,0,0,0,0,0,1,1,5156.0,0C,1,1,0,1,1,0,1,0,0,163.25,453.06,,,,,,,,,,,,,,,,,,,,,,,,,,,,,,,,,,,,,,,,,,,,,,,,,,,,,,,,,
316,163,283,14.10,52.50,1639,12.5,12.750,3.494,7.10,3.078,25.95,1.00,0.19,-0.76,0.68,0.965,1.02,-1.32,1.094,0.00,0.90,2.739,20.3,40.627,0.496,0.000,900,7.12,4.5,2.97,-2.61,27.8,1,1,0,0,1,1,0,0,0,0,1,0,0,0,0,0,0,0,0,0,1,1,1,1,1,0,0,0,0,0,0,0,1,1,5156.0,0C,1,1,0,1,1,0,1,0,0,156.19,439.00,,,,,,,,,,,,,,,,,,,,,,,,,,,,,,,,,,,,,,,,,,,,,,,,,,,,,,,,,
317,163,768,14.10,52.50,1668,12.5,14.250,3.424,7.10,2.921,24.89,1.00,0.20,-0.76,0.21,1.000,1.02,-1.32,1.098,0.00,0.90,2.739,20.3,40.627,0.496,0.000,900,7.10,4.5,2.96,-2.60,27.8,1,1,0,0,1,1,0,0,0,0,1,0,0,0,0,0,0,0,0,0,1,1,1,1,1,0,0,0,0,0,0,0,1,1,5156.0,0C,1,1,0,1,1,0,1,0,0,150.44,428.94,,,,,,,,,,,,,,,,,,,,,,,,,,,,,,,,,,,,,,,,,,,,,,,,,,,,,,,,,
318,164,210,14.10,52.50,1718,12.5,14.250,3.206,6.93,1.944,22.90,1.00,0.22,-0.76,0.22,1.035,1.02,-1.32,1.101,0.00,0.90,2.483,20.3,38.895,0.496,0.000,900,7.06,4.5,2.94,-2.59,27.8,1,1,0,0,1,1,0,0,0,0,1,0,0,0,0,0,0,0,0,0,1,1,1,1,1,0,0,0,0,0,0,0,1,1,5156.0,0C,1,1,0,1,1,0,1,0,0,139.63,406.50,,,,,,,,,,,,,,,,,,,,,,,,,,,,,,,,,,,,,,,,,,,,,,,,,,,,,,,,,
319,164,624,14.10,52.50,1737,12.5,18.000,3.238,7.06,1.781,22.05,1.00,0.22,-0.76,0.22,1.061,1.02,-1.32,1.104,0.00,0.90,2.483,20.3,38.552,0.496,0.000,900,7.05,4.5,2.94,-2.59,27.8,1,1,0,0,1,1,0,0,0,0,1,0,0,0,0,0,0,0,0,0,1,1,1,1,1,0,0,0,0,0,0,0,1,1,5156.0,0C,1,1,0,1,1,0,1,0,0,133.00,392.75,,,,,,,,,,,,,,,,,,,,,,,,,,,,,,,,,,,,,,,,,,,,,,,,,,,,,,,,,
320,165,55,14.10,52.50,1766,12.5,18.750,3.283,7.35,1.616,21.77,1.00,0.22,-0.76,0.22,1.088,1.02,-1.32,1.107,0.00,0.90,2.483,20.3,38.895,0.496,0.000,900,7.02,4.5,2.93,-2.58,27.8,1,1,0,0,1,1,0,0,0,0,1,0,0,0,0,0,0,0,0,0,1,1,1,1,1,0,0,0,0,0,0,0,1,1,5156.0,0C,1,1,0,1,1,0,1,0,0,131.19,391.06,,,,,,,,,,,,,,,,,,,,,,,,,,,,,,,,,,,,,,,,,,,,,,,,,,,,,,,,,
321,165,482,14.10,52.50,1824,12.5,18.000,3.379,7.47,1.616,22.01,1.00,0.20,-0.76,0.23,1.092,1.02,-1.32,1.111,0.00,0.90,2.483,20.3,39.590,0.496,0.000,900,6.98,4.5,2.91,-2.56,27.8,1,1,0,0,1,1,0,0,0,0,1,0,0,0,0,0,0,0,0,0,1,1,1,1,1,0,0,0,0,0,0,0,1,1,5156.0,0C,1,1,0,1,1,0,1,0,0,133.38,385.25,,,,,,,,,,,,,,,,,,,,,,,,,,,,,,,,,,,,,,,,,,,,,,,,,,,,,,,,,
322,165,886,14.10,52.50,1826,13.8,21.000,2.848,6.69,0.967,19.80,1.00,0.34,-0.76,0.77,1.066,1.02,-1.32,1.107,0.00,0.90,2.640,20.3,35.439,0.496,0.000,900,6.99,4.5,2.91,-3.63,27.8,1,1,0,0,1,1,0,0,0,0,1,0,0,0,0,0,0,0,1,0,1,1,1,1,1,0,0,0,0,1,0,0,1,1,5156.0,0C,1,1,0,1,1,0,1,0,0,119.94,351.44,,,,,,,,,,,,,,,,,,,,,,,,,,,,,,,,,,,,,,,,,,,,,,,,,,,,,,,,,
323,166,282,14.10,52.50,1845,13.8,33.750,2.643,6.08,0.000,17.67,1.00,0.88,-0.76,0.89,1.070,1.02,-1.32,1.096,0.00,0.90,2.640,20.3,33.371,0.496,0.000,900,6.98,4.5,2.91,-3.65,27.8,1,1,0,0,1,1,0,0,0,0,1,0,0,0,0,0,0,0,1,0,1,1,1,1,1,0,0,0,0,1,0,0,1,1,5156.0,0C,1,1,0,1,1,0,1,0,0,108.31,326.38,,,,,,,,,,,,,,,,,,,,,,,,,,,,,,,,,,,,,,,,,,,,,,,,,,,,,,,,,
324,166,665,14.10,52.50,1876,13.8,33.750,2.304,5.35,0.000,15.91,1.00,0.87,-0.76,0.87,1.046,1.02,-1.32,1.092,0.00,0.90,2.640,19.5,31.296,0.496,0.000,900,6.96,4.5,2.91,-3.72,27.8,1,1,0,0,1,1,0,0,0,0,1,0,0,0,0,0,0,0,1,0,1,1,1,1,1,0,0,0,0,1,0,0,1,1,5156.0,0C,1,1,0,1,1,0,1,0,0,95.50,297.00,,,,,,,,,,,,,,,,,,,,,,,,,,,,,,,,,,,,,,,,,,,,,,,,,,,,,,,,,
325,167,52,14.10,52.50,1852,13.8,35.250,2.189,5.22,0.000,14.77,1.00,0.19,-0.76,0.71,1.033,1.02,-1.32,1.099,0.00,0.90,1.761,19.5,29.564,0.496,0.000,900,6.97,4.5,2.91,-3.68,27.8,1,1,0,0,1,1,0,0,0,0,1,0,0,0,0,0,0,0,1,0,1,1,1,1,1,0,0,0,0,1,0,0,1,1,5156.0,0C,1,1,0,1,1,0,1,0,0,88.88,280.31,,,,,,,,,,,,,,,,,,,,,,,,,,,,,,,,,,,,,,,,,,,,,,,,,,,,,,,,,
326,167,444,14.10,52.50,1854,13.8,35.250,2.227,5.10,0.000,14.09,1.00,0.22,-0.76,0.22,1.077,1.02,-1.32,1.104,0.00,0.90,1.761,19.5,27.840,0.496,0.000,900,6.97,4.5,2.91,-3.68,27.8,1,1,0,0,1,1,0,0,0,0,1,0,0,0,0,0,0,0,1,0,1,1,1,1,1,0,0,0,0,1,0,0,1,1,5156.0,0C,1,1,0,1,1,0,1,0,0,84.13,271.69,,,,,,,,,,,,,,,,,,,,,,,,,,,,,,,,,,,,,,,,,,,,,,,,,,,,,,,,,
327,167,832,14.10,52.50,1771,13.8,35.250,2.054,4.25,0.562,12.89,1.00,0.81,-0.76,0.82,1.054,1.02,-1.32,1.111,0.00,0.90,1.537,19.5,24.727,0.496,0.000,900,7.04,4.5,2.94,-3.41,27.8,1,1,0,0,1,1,0,0,0,0,1,0,0,0,0,0,0,0,1,0,1,1,1,1,1,0,0,0,0,1,0,0,1,1,5156.0,0C,1,1,0,1,1,0,1,0,0,76.31,262.19,,,,,,,,,,,,,,,,,,,,,,,,,,,,,,,,,,,,,,,,,,,,,,,,,,,,,,,,,
328,168,243,14.10,52.50,1714,12.5,36.000,1.946,4.00,1.781,11.65,1.00,0.20,-0.76,0.20,1.079,1.02,-1.32,1.114,0.00,0.90,1.537,19.5,23.346,0.496,0.000,900,7.07,4.5,2.95,-2.59,27.8,1,1,0,0,1,1,0,0,0,0,1,0,0,0,0,0,0,0,0,0,1,1,1,1,1,0,0,0,0,1,0,0,1,1,5156.0,0C,1,1,0,1,1,0,1,0,0,74.81,258.25,,,,,,,,,,,,,,,,,,,,,,,,,,,,,,,,,,,,,,,,,,,,,,,,,,,,,,,,,
329,168,686,14.10,53.25,1625,11.3,24.000,2.163,4.61,3.734,13.29,1.00,0.87,-0.76,0.78,1.062,1.02,-1.32,1.107,0.00,0.90,1.537,19.5,27.146,0.496,0.000,900,7.12,4.5,2.97,-2.61,27.8,1,1,0,0,1,1,0,0,0,0,1,0,0,0,0,0,0,0,0,0,1,1,1,1,1,0,0,0,0,1,0,0,1,1,5156.0,0C,1,1,0,1,1,0,1,0,0,87.94,285.88,,,,,,,,,,,,,,,,,,,,,,,,,,,,,,,,,,,,,,,,,,,,,,,,,,,,,,,,,
330,169,92,14.10,53.25,1545,11.3,32.250,3.066,6.49,3.890,19.17,1.00,0.97,-0.76,0.96,1.039,1.02,-1.32,1.084,0.00,0.90,1.761,20.3,34.058,0.496,0.000,900,7.14,4.5,2.98,-2.62,27.8,1,1,0,0,1,1,0,0,0,0,1,0,0,0,0,0,0,0,0,0,1,1,1,1,1,0,0,0,0,0,0,0,1,1,5156.0,0C,1,1,0,1,1,0,1,0,0,122.56,359.63,,,,,,,,,,,,,,,,,,,,,,,,,,,,,,,,,,,,,,,,,,,,,,,,,,,,,,,,,
331,169,486,14.10,53.25,1547,11.3,12.750,3.923,7.35,3.890,25.24,1.00,0.97,-0.76,0.98,1.015,1.02,-1.32,1.086,0.00,0.90,1.761,20.3,38.209,0.496,0.000,900,7.15,4.5,2.98,-2.62,27.8,1,1,0,0,1,1,0,0,0,0,1,0,0,0,0,0,0,0,0,0,1,1,1,1,1,0,0,0,0,0,0,0,1,1,5156.0,0C,1,1,0,1,1,0,1,0,0,156.56,436.38,,,,,,,,,,,,,,,,,,,,,,,,,,,,,,,,,,,,,,,,,,,,,,,,,,,,,,,,,
332,169,864,14.10,53.25,1609,11.3,11.250,4.230,7.84,3.890,28.73,1.00,0.96,-0.76,0.98,0.987,1.02,-1.32,1.091,0.00,0.90,3.130,20.3,42.351,0.496,0.000,900,7.14,4.5,2.98,-2.62,27.8,1,1,0,0,1,1,0,0,0,0,1,0,0,0,0,0,0,0,0,0,1,1,1,1,1,0,0,0,0,0,0,0,1,1,5156.0,0C,1,1,0,1,1,0,1,0,0,175.38,479.50,,,,,,,,,,,,,,,,,,,,,,,,,,,,,,,,,,,,,,,,,,,,,,,,,,,,,,,,,
333,170,245,14.10,53.25,1677,12.5,14.250,3.699,7.71,3.890,27.40,1.00,0.93,-0.76,0.97,0.964,1.02,-1.32,1.098,0.00,0.90,3.130,20.3,43.740,0.496,0.000,900,7.09,4.5,2.96,-2.60,27.8,1,1,0,0,1,1,0,0,0,0,1,0,0,0,0,0,0,0,0,0,1,1,1,1,1,0,0,0,0,0,0,0,1,1,5156.0,0C,1,1,0,1,1,0,1,0,0,165.88,462.00,,,,,,,,,,,,,,,,,,,,,,,,,,,,,,,,,,,,,,,,,,,,,,,,,,,,,,,,,
334,170,636,14.10,53.25,1738,12.5,18.750,3.347,7.91,3.078,25.29,1.00,0.18,-0.76,0.22,0.990,1.02,-1.32,1.105,0.00,0.90,3.130,20.3,44.083,0.496,0.000,900,7.04,4.5,2.94,-2.58,27.8,1,1,0,0,1,1,0,0,0,0,1,0,0,0,0,0,0,0,0,0,1,1,1,1,1,0,0,0,0,0,0,0,1,1,5156.0,0C,1,1,0,1,1,0,1,0,0,152.13,436.31,,,,,,,,,,,,,,,,,,,,,,,,,,,,,,,,,,,,,,,,,,,,,,,,,,,,,,,,,
335,171,35,14.10,53.25,1752,12.5,16.500,3.270,7.47,2.757,23.81,1.00,0.19,-0.76,0.20,1.017,1.02,-1.32,1.106,0.00,0.90,2.483,20.3,41.665,0.496,0.000,900,7.03,4.5,2.93,-2.58,27.8,1,1,0,0,1,1,0,0,0,0,1,0,0,0,0,0,0,0,0,0,1,1,1,1,1,0,0,0,0,0,0,0,1,1,5156.0,0C,1,1,0,1,1,0,1,0,0,140.00,410.06,,,,,,,,,,,,,,,,,,,,,,,,,,,,,,,,,,,,,,,,,,,,,,,,,,,,,,,,,
336,171,414,14.10,53.25,1767,12.5,17.250,3.437,7.71,2.757,23.74,1.00,0.18,-0.76,0.20,1.047,1.02,-1.32,1.107,0.00,0.90,2.483,20.3,41.665,0.496,0.000,900,7.03,4.5,2.93,-2.58,27.8,1,1,0,0,1,1,0,0,0,0,1,0,0,0,0,0,0,0,0,0,1,1,1,1,1,0,0,0,0,0,0,0,1,1,5156.0,0C,1,1,0,1,1,0,1,0,0,143.63,414.50,,,,,,,,,,,,,,,,,,,,,,,,,,,,,,,,,,,,,,,,,,,,,,,,,,,,,,,,,
337,171,814,14.10,53.25,1792,13.8,15.750,3.539,7.84,2.429,23.48,1.00,0.19,-0.76,0.20,1.076,1.02,-1.32,1.106,0.00,0.90,2.860,20.3,40.284,0.496,0.000,900,7.02,4.5,2.93,-2.58,27.8,1,1,0,0,1,1,0,0,0,0,1,0,0,0,0,0,0,0,0,0,1,1,1,1,1,0,0,0,0,0,0,0,1,1,5156.0,0C,1,1,0,1,1,0,1,0,0,143.31,416.19,,,,,,,,,,,,,,,,,,,,,,,,,,,,,,,,,,,,,,,,,,,,,,,,,,,,,,,,,
338,172,212,14.10,53.25,1836,13.8,18.750,3.334,7.76,2.429,22.62,1.00,0.85,-0.76,0.73,1.064,1.02,-1.32,1.109,0.00,0.90,2.860,20.3,40.970,0.496,0.000,900,6.99,4.5,2.92,-2.56,27.8,1,1,0,0,1,1,0,0,0,0,1,0,0,0,0,0,0,0,0,0,1,1,1,1,1,0,0,0,0,0,0,0,1,1,5156.0,0C,1,1,0,1,1,0,1,0,0,137.56,397.19,,,,,,,,,,,,,,,,,,,,,,,,,,,,,,,,,,,,,,,,,,,,,,,,,,,,,,,,,
339,172,606,14.10,53.25,1908,13.8,25.500,3.232,7.35,1.460,21.91,1.00,0.87,-0.76,0.74,1.067,1.02,-1.32,1.116,0.00,0.90,2.860,19.5,39.590,0.496,0.000,900,6.93,4.5,2.89,-2.55,27.8,1,1,0,0,1,1,0,0,0,0,1,0,0,0,0,0,0,0,0,0,1,1,1,1,1,0,0,0,0,1,0,0,1,1,5156.0,0C,1,1,0,1,1,0,1,0,0,132.06,371.19,,,,,,,,,,,,,,,,,,,,,,,,,,,,,,,,,,,,,,,,,,,,,,,,,,,,,,,,,
340,173,1,14.10,53.25,1953,13.8,15.750,3.098,7.06,1.460,21.40,1.00,0.93,-0.76,0.92,1.038,1.02,-1.32,1.119,0.00,0.90,2.582,19.5,38.209,0.496,-60.750,2520,-47.35,128.3,1.16,-43.38,114.0,0,1,0,0,0,1,0,1,1,1,1,1,0,1,1,0,0,1,0,0,0,0,0,0,0,0,1,1,1,0,0,0,0,0,10115.5,C0,0,1,0,1,0,1,1,1,1,1,1,,,,,,,,,,,,,,,,,,,,,,,,,,,,,,,,,,,,,,,,,,,,,,,,,,,,,,,,,
341,175,423,14.10,54.00,2047,15.0,33.000,2.886,6.93,1.781,21.19,1.00,0.97,-0.76,0.98,0.970,1.02,-1.32,1.122,0.00,0.90,2.582,19.5,40.627,0.496,0.000,900,6.84,4.5,2.85,-2.51,27.8,1,1,0,0,1,1,0,0,0,0,1,0,0,0,0,0,0,0,0,0,1,1,1,1,1,0,0,0,0,0,0,0,1,1,5156.0,0C,1,1,0,1,1,0,1,0,0,128.75,335.69,,,,,,,,,,,,,,,,,,,,,,,,,,,,,,,,,,,,,,,,,,,,,,,,,,,,,,,,,
342,175,822,14.10,54.00,2073,15.0,33.000,2.797,6.93,1.616,20.91,1.00,0.95,-0.76,0.97,0.939,1.02,-1.32,1.122,0.00,0.90,2.511,19.5,40.970,0.496,0.000,900,6.82,4.5,2.85,-2.50,27.8,1,1,0,0,1,1,0,0,0,0,1,0,0,0,0,0,0,0,0,0,1,1,1,1,1,0,0,0,0,0,0,0,1,1,5156.0,0C,1,1,0,1,1,0,1,0,0,126.94,329.19,,,,,,,,,,,,,,,,,,,,,,,,,,,,,,,,,,,,,,,,,,,,,,,,,,,,,,,,,
343,176,226,14.10,54.00,2066,15.0,21.000,2.541,6.32,1.460,19.73,1.00,0.93,-0.76,0.97,0.908,1.02,-1.32,1.117,0.00,0.90,2.511,19.5,38.552,0.496,0.000,900,6.83,4.5,2.85,-2.51,27.8,1,1,0,0,1,1,0,0,0,0,1,0,0,0,0,0,0,0,0,0,1,1,1,1,1,0,0,0,0,1,0,0,1,1,5156.0,0C,1,1,0,1,1,0,1,0,0,118.38,312.50,,,,,,,,,,,,,,,,,,,,,,,,,,,,,,,,,,,,,,,,,,,,,,,,,,,,,,,,,
344,176,622,14.10,54.00,2057,15.0,34.500,2.195,5.40,1.460,17.18,1.00,0.85,-0.76,0.93,0.880,1.02,-1.32,1.107,0.00,0.90,2.511,19.5,35.790,0.496,0.000,900,6.83,4.5,2.85,-2.51,27.8,1,1,0,0,1,1,0,0,0,0,1,0,0,0,0,0,0,0,0,0,1,1,1,1,1,0,0,0,0,1,0,0,1,1,5156.0,0C,1,1,0,1,1,0,1,0,0,102.69,276.56,,,,,,,,,,,,,,,,,,,,,,,,,,,,,,,,,,,,,,,,,,,,,,,,,,,,,,,,,
345,177,35,14.10,54.00,2002,15.0,34.500,1.958,5.10,1.460,15.63,1.00,0.69,-0.76,0.90,0.854,1.02,-1.32,1.101,0.00,0.90,1.761,19.5,31.983,0.496,0.000,900,6.88,4.5,2.87,-2.52,27.8,1,1,0,0,1,1,0,0,0,0,1,0,0,0,0,0,0,0,0,0,1,1,1,1,1,0,0,0,0,1,0,0,1,1,5156.0,0C,1,1,0,1,1,0,1,0,0,91.38,263.38,,,,,,,,,,,,,,,,,,,,,,,,,,,,,,,,,,,,,,,,,,,,,,,,,,,,,,,,,
346,177,416,14.10,54.00,1970,13.8,35.250,2.003,5.15,2.429,14.98,1.00,0.17,-0.76,0.21,0.894,1.02,-1.32,1.105,0.00,0.90,1.761,19.5,32.334,0.496,0.000,900,6.88,4.5,2.87,-2.52,27.8,1,1,0,0,1,1,0,0,0,0,1,0,0,0,0,0,0,0,0,0,1,1,1,1,1,0,0,0,0,1,0,0,1,1,5156.0,0C,1,1,0,1,1,0,1,0,0,91.13,260.06,,,,,,,,,,,,,,,,,,,,,,,,,,,,,,,,,,,,,,,,,,,,,,,,,,,,,,,,,
347,177,812,14.10,54.00,1841,13.8,11.250,2.458,7.35,2.429,17.37,1.00,0.16,-0.76,0.19,0.918,1.02,-1.32,1.091,0.00,0.90,1.537,19.5,36.828,0.496,0.000,900,6.99,4.5,2.72,-49.63,114.0,0,1,0,0,0,1,0,1,1,1,1,1,0,1,1,0,0,1,0,0,0,0,0,0,0,0,1,1,1,0,0,0,0,0,2393.0,21,0,1,0,1,0,1,1,1,1,1,1,,,,,,,,,,,,,,,,,,,,,,,,,,,,,,,,,,,,,,,,,,,,,,,,,,,,,,,,,
348,178,225,14.10,54.00,1973,13.8,30.750,3.520,8.81,3.163,24.98,1.00,0.19,-0.76,0.20,0.948,1.02,-1.32,1.118,0.00,0.90,0.194,-42.0,81.642,0.703,-61.500,2520,-46.57,128.3,1.16,-49.63,114.0,0,1,0,0,0,1,0,1,1,1,1,1,0,1,1,0,0,1,0,0,0,0,0,0,0,0,1,0,0,1,0,0,0,0,3503.0,1E,0,1,0,1,0,1,1,1,1,1,1,,,,,,,,,,,,,,,,,,,,,,,,,,,,,,,,,,,,,,,,,,,,,,,,,,,,,,,,,
349,178,621,14.10,54.00,1971,13.8,31.500,3.366,7.59,2.593,24.59,1.00,0.17,-0.76,0.20,0.948,1.02,-1.32,1.131,0.00,0.90,1.537,19.5,43.389,0.496,0.000,900,6.87,4.5,2.87,-2.52,27.8,1,1,0,0,1,1,0,0,0,0,1,0,0,0,0,0,0,0,0,0,1,1,1,1,1,0,0,0,0,0,0,0,1,1,5156.0,0C,1,1,0,1,1,0,1,0,0,149.38,376.44,,,,,,,,,,,,,,,,,,,,,,,,,,,,,,,,,,,,,,,,,,,,,,,,,,,,,,,,,
350,179,17,14.10,54.00,1945,15.0,32.250,2.784,6.86,2.109,21.52,1.00,0.89,-0.76,0.89,0.925,1.02,-1.32,1.118,0.00,0.90,3.016,19.5,39.590,0.496,0.000,900,6.92,4.5,2.89,-2.54,27.8,1,1,0,0,1,1,0,0,0,0,1,0,0,0,0,0,0,0,0,0,1,1,1,1,1,0,0,0,0,0,0,0,1,1,5156.0,0C,1,1,0,1,1,0,1,0,0,132.44,351.19,,,,,,,,,,,,,,,,,,,,,,,,,,,,,,,,,,,,,,,,,,,,,,,,,,,,,,,,,
351,179,414,14.10,54.00,2126,15.0,33.000,2.944,7.06,2.272,21.21,1.00,0.78,-0.76,0.60,0.949,1.02,-1.32,1.124,0.00,0.90,3.016,19.5,42.008,0.496,0.000,900,6.79,4.5,2.84,-2.49,27.8,1,1,0,0,1,1,0,0,0,0,1,0,0,0,0,0,0,0,0,0,1,1,1,1,1,0,0,0,0,0,0,0,1,1,5156.0,0C,1,1,0,1,1,0,1,0,0,129.25,337.44,,,,,,,,,,,,,,,,,,,,,,,,,,,,,,,,,,,,,,,,,,,,,,,,,,,,,,,,,
352,179,798,14.10,54.00,2089,15.0,33.000,2.848,7.10,2.429,21.49,1.00,0.87,-0.76,0.90,0.917,1.02,-1.32,1.126,0.00,0.90,2.511,19.5,43.389,0.496,0.000,900,6.81,4.5,2.84,-2.50,27.8,1,1,0,0,1,1,0,0,0,0,1,0,0,0,0,0,0,0,0,0,1,1,1,1,1,0,0,0,0,0,0,0,1,1,5156.0,0C,1,1,0,1,1,0,1,0,0,131.19,338.13,,,,,,,,,,,,,,,,,,,,,,,,,,,,,,,,,,,,,,,,,,,,,,,,,,,,,,,,,
353,180,176,14.10,54.75,2074,15.0,33.000,2.765,6.98,2.272,21.56,1.00,0.92,-0.76,0.95,0.886,1.02,-1.32,1.124,0.00,0.90,2.511,19.5,42.008,0.496,0.000,900,6.83,4.5,2.85,-2.51,27.8,1,1,0,0,1,1,0,0,0,0,1,0,0,0,0,0,0,0,0,0,1,1,1,1,1,0,0,0,0,0,0,0,1,1,5156.0,0C,1,1,0,1,1,0,1,0,0,131.69,338.38,,,,,,,,,,,,,,,,,,,,,,,,,,,,,,,,,,,,,,,,,,,,,,,,,,,,,,,,,
354,180,592,14.10,54.75,2127,15.0,33.000,2.675,6.98,2.272,21.09,1.00,0.69,-0.76,0.87,0.854,1.02,-1.32,1.124,0.00,0.90,2.511,19.5,42.351,0.496,0.000,900,6.80,4.5,2.84,-2.50,27.8,1,1,0,0,1,1,0,0,0,0,1,0,0,0,0,0,0,0,0,0,1,1,1,1,1,0,0,0,0,0,0,0,1,1,5156.0,0C,1,1,0,1,1,0,1,0,0,128.81,332.19,,,,,,,,,,,,,,,,,,,,,,,,,,,,,,,,,,,,,,,,,,,,,,,,,,,,,,,,,
355,180,985,14.10,54.75,2158,16.3,33.000,2.714,6.98,2.272,20.79,1.00,0.25,-0.76,0.61,0.899,1.02,-1.32,1.124,0.00,0.90,2.262,19.5,43.046,0.496,0.000,900,6.77,4.5,2.83,-2.48,27.8,1,1,0,0,1,1,0,0,0,0,1,0,0,0,0,0,0,0,0,0,1,1,1,1,1,0,0,0,0,0,0,0,1,1,5156.0,0C,1,1,0,1,1,0,1,0,0,127.38,330.13,,,,,,,,,,,,,,,,,,,,,,,,,,,,,,,,,,,,,,,,,,,,,,,,,,,,,,,,,
356,183,443,14.10,54.75,2241,16.3,28.500,2.528,6.98,0.156,19.73,1.00,0.22,-0.76,0.54,0.884,1.02,-1.32,1.125,0.00,0.90,2.438,19.5,42.351,0.496,0.000,900,6.72,4.5,2.80,-4.34,27.8,1,1,0,0,1,1,0,0,0,0,1,0,0,0,0,0,0,0,1,0,1,1,1,1,1,0,0,0,0,1,0,0,1,1,5156.0,0C,1,1,0,1,1,0,1,0,0,121.56,320.31,,,,,,,,,,,,,,,,,,,,,,,,,,,,,,,,,,,,,,,,,,,,,,,,,,,,,,,,,
357,183,833,14.10,54.75,2177,16.3,20.250,2.387,6.01,0.000,18.61,1.00,0.87,-0.76,0.85,0.870,1.02,-1.32,1.118,0.00,0.90,2.163,19.5,37.514,0.496,0.000,900,6.77,4.5,2.82,-4.32,27.8,1,1,0,0,1,1,0,0,0,0,1,0,0,0,0,0,0,0,1,0,1,1,1,1,1,0,0,0,0,1,0,0,1,1,5156.0,0C,1,1,0,1,1,0,1,0,0,108.06,287.75,,,,,,,,,,,,,,,,,,,,,,,,,,,,,,,,,,,,,,,,,,,,,,,,,,,,,,,,,
358,184,237,14.10,54.75,2178,16.3,35.250,2.029,5.27,0.000,15.91,1.00,0.91,-0.76,0.93,0.842,1.02,-1.32,1.116,0.00,0.90,2.163,19.5,34.752,0.496,0.000,900,6.76,4.5,2.82,-4.32,27.8,1,1,0,0,1,1,0,0,0,0,1,0,0,0,0,0,0,0,1,0,1,1,1,1,1,0,0,0,0,1,0,0,1,1,5156.0,0C,1,1,0,1,1,0,1,0,0,96.69,260.81,,,,,,,,,,,,,,,,,,,,,,,,,,,,,,,,,,,,,,,,,,,,,,,,,,,,,,,,,
359,184,615,14.10,54.75,2083,15.0,24.000,1.933,4.91,0.000,15.19,1.00,0.94,-0.76,0.98,0.815,1.02,-1.32,1.110,0.00,0.90,2.163,19.5,30.945,0.496,0.000,900,6.82,4.5,2.85,-4.25,27.8,1,1,0,0,1,1,0,0,0,0,1,0,0,0,0,0,0,0,1,0,1,1,1,1,1,0,0,0,0,1,0,0,1,1,5156.0,0C,1,1,0,1,1,0,1,0,0,91.81,249.75,,,,,,,,,,,,,,,,,,,,,,,,,,,,,,,,,,,,,,,,,,,,,,,,,,,,,,,,,
360,185,13,14.10,54.75,2003,15.0,36.000,1.670,4.13,0.484,13.43,1.00,0.83,-0.76,0.91,0.791,1.02,-1.32,1.112,0.00,0.90,1.505,19.5,27.489,0.496,0.000,900,6.88,4.5,2.87,-4.03,27.8,1,1,0,0,1,1,0,0,0,0,1,0,0,0,0,0,0,0,1,0,1,1,1,1,1,0,0,0,0,1,0,0,1,1,5156.0,0C,1,1,0,1,1,0,1,0,0,80.31,234.44,,,,,,,,,,,,,,,,,,,,,,,,,,,,,,,,,,,,,,,,,,,,,,,,,,,,,,,,,
361,185,460,14.10,54.75,1879,13.8,36.750,1.421,3.81,2.429,10.92,1.00,0.17,-0.76,0.20,0.824,1.02,-1.32,1.116,0.00,0.90,1.505,19.5,24.033,0.496,0.000,900,6.97,4.5,2.91,-2.56,27.8,1,1,0,0,1,1,0,0,0,0,1,0,0,0,0,0,0,0,0,0,1,1,1,1,1,0,0,0,0,1,0,0,1,1,5156.0,0C,1,1,0,1,1,0,1,0,0,64.75,229.25,,,,,,,,,,,,,,,,,,,,,,,,,,,,,,,,,,,,,,,,,,,,,,,,,,,,,,,,,
362,185,873,14.10,54.75,1714,12.5,13.500,2.054,5.15,3.734,14.46,1.00,0.14,-0.76,0.18,0.849,1.02,-1.32,1.098,0.00,0.90,1.099,19.5,29.915,0.496,0.000,900,7.08,4.5,2.95,-2.60,27.8,1,1,0,0,1,1,0,0,0,0,1,0,0,0,0,0,0,0,0,0,1,1,1,1,1,0,0,0,0,1,0,0,1,1,5156.0,0C,1,1,0,1,1,0,1,0,0,89.13,290.56,,,,,,,,,,,,,,,,,,,,,,,,,,,,,,,,,,,,,,,,,,,,,,,,,,,,,,,,,
363,186,254,14.10,55.50,1655,11.3,32.250,2.906,6.79,4.546,20.55,1.00,0.15,-0.76,0.19,0.869,1.02,-1.32,1.093,0.00,0.90,1.099,19.5,35.096,0.496,0.000,900,7.11,4.5,2.97,-2.61,27.8,1,1,0,0,1,1,0,0,0,0,1,0,0,0,0,0,0,0,0,0,1,1,1,1,1,0,0,0,0,0,0,0,1,1,5156.0,0C,1,1,0,1,1,0,1,0,0,126.69,371.50,,,,,,,,,,,,,,,,,,,,,,,,,,,,,,,,,,,,,,,,,,,,,,,,,,,,,,,,,
364,186,716,14.10,55.50,1670,11.3,30.000,3.674,8.08,4.218,25.43,1.00,0.16,-0.76,0.21,0.889,1.02,-1.32,1.092,0.00,0.90,1.099,20.3,39.246,0.496,0.000,900,7.10,4.5,2.96,-2.61,27.8,1,1,0,0,1,1,0,0,0,0,1,0,0,0,0,0,0,0,0,0,1,1,1,1,1,0,0,0,0,0,0,0,1,1,5156.0,0C,1,1,0,1,1,0,1,0,0,165.44,457.50,,,,,,,,,,,,,,,,,,,,,,,,,,,,,,,,,,,,,,,,,,,,,,,,,,,,,,,,,
365,187,107,14.10,55.50,1733,12.5,30.000,3.558,8.08,3.734,26.39,1.00,0.16,-0.76,0.21,0.926,1.02,-1.32,1.102,0.00,0.90,2.739,20.3,42.351,0.496,0.000,900,7.05,4.5,2.94,-2.59,27.8,1,1,0,0,1,1,0,0,0,0,1,0,0,0,0,0,0,0,0,0,1,1,1,1,1,0,0,0,0,0,0,0,1,1,5156.0,0C,1,1,0,1,1,0,1,0,0,158.50,451.25,,,,,,,,,,,,,,,,,,,,,,,,,,,,,,,,,,,,,,,,,,,,,,,,,,,,,,,,,
366,187,512,14.10,55.50,1799,13.8,32.250,2.912,7.23,1.375,22.05,1.00,0.16,-0.76,0.20,0.955,1.02,-1.32,1.105,0.00,0.90,2.739,20.3,37.514,0.496,0.000,900,7.02,4.5,2.93,-2.57,27.8,1,1,0,0,1,1,0,0,0,0,1,0,0,0,0,0,0,0,0,0,1,1,1,1,1,0,0,0,0,0,0,0,1,1,5156.0,0C,1,1,0,1,1,0,1,0,0,132.38,393.63,,,,,,,,,,,,,,,,,,,,,,,,,,,,,,,,,,,,,,,,,,,,,,,,,,,,,,,,,
367,187,903,14.10,55.50,1846,13.8,18.000,2.918,7.06,0.647,21.09,1.00,0.16,-0.76,0.20,0.983,1.02,-1.32,1.113,0.00,0.90,2.199,20.3,36.828,0.496,0.000,900,6.97,4.5,2.91,-3.69,27.8,1,1,0,0,1,1,0,0,0,0,1,0,0,0,0,0,0,0,1,0,1,1,1,1,1,0,0,0,0,1,0,0,1,1,5156.0,0C,1,1,0,1,1,0,1,0,0,126.69,367.06,,,,,,,,,,,,,,,,,,,,,,,,,,,,,,,,,,,,,,,,,,,,,,,,,,,,,,,,,
368,188,304,14.00,55.50,1808,13.8,33.750,2.560,6.01,0.000,18.28,1.00,0.17,-0.76,0.20,1.009,1.02,-1.32,1.098,0.00,0.90,2.199,20.3,33.371,0.496,0.000,900,7.00,4.5,2.92,-3.56,27.8,1,1,0,0,1,1,0,0,0,0,1,0,0,0,0,0,0,0,1,0,1,1,1,1,1,0,0,0,0,1,0,0,1,1,5156.0,0C,1,1,0,1,1,0,1,0,0,110.56,336.94,,,,,,,,,,,,,,,,,,,,,,,,,,,,,,,,,,,,,,,,,,,,,,,,,,,,,,,,,
369,188,702,14.00,55.50,1811,13.8,34.500,2.221,5.35,0.241,15.49,1.00,0.17,-0.76,0.21,1.031,1.02,-1.32,1.093,0.00,0.90,2.199,20.3,30.945,0.496,0.000,900,7.01,4.5,2.92,-3.54,27.8,1,1,0,0,1,1,0,0,0,0,1,0,0,0,0,0,0,0,1,0,1,1,1,1,1,0,0,0,0,1,0,0,1,1,5156.0,0C,1,1,0,1,1,0,1,0,0,92.69,304.00,,,,,,,,,,,,,,,,,,,,,,,,,,,,,,,,,,,,,,,,,,,,,,,,,,,,,,,,,
370,189,86,14.00,55.50,1755,12.5,24.750,2.234,5.15,4.054,14.58,1.00,0.17,-0.76,0.21,1.053,1.02,-1.32,1.099,0.00,0.90,1.537,19.5,29.915,0.496,0.000,900,7.04,4.5,2.94,-2.58,27.8,1,1,0,0,1,1,0,0,0,0,1,0,0,0,0,0,0,0,0,0,1,1,1,1,1,0,0,0,0,1,0,0,1,1,5156.0,0C,1,1,0,1,1,0,1,0,0,88.00,291.69,,,,,,,,,,,,,,,,,,,,,,,,,,,,,,,,,,,,,,,,,,,,,,,,,,,,,,,,,
371,189,482,14.10,55.50,1737,12.5,33.000,3.027,7.10,4.546,18.98,1.00,0.17,-0.76,0.21,1.074,1.02,-1.32,1.098,0.00,0.90,1.537,19.5,36.133,0.496,0.000,900,7.04,4.5,2.94,-2.58,27.8,1,1,0,0,1,1,0,0,0,0,1,0,0,0,0,0,0,0,0,0,1,1,1,1,1,0,0,0,0,0,0,0,1,1,5156.0,0C,1,1,0,1,1,0,1,0,0,118.00,359.25,,,,,,,,,,,,,,,,,,,,,,,,,,,,,,,,,,,,,,,,,,,,,,,,,,,,,,,,,
372,189,885,14.10,55.50,1746,12.5,30.750,4.026,8.25,4.546,24.61,1.00,0.21,-0.76,0.23,1.101,1.02,-1.32,1.105,0.00,0.90,2.640,19.5,42.008,0.496,0.000,900,7.05,4.5,2.94,-2.59,27.8,1,1,0,0,1,1,0,0,0,0,1,0,0,0,0,0,0,0,0,0,1,1,1,1,1,0,0,0,0,0,0,0,1,1,5156.0,0C,1,1,0,1,1,0,1,0,0,150.31,433.13,,,,,,,,,,,,,,,,,,,,,,,,,,,,,,,,,,,,,,,,,,,,,,,,,,,,,,,,,
373,190,273,14.10,55.50,1851,13.8,30.750,3.930,8.69,4.382,25.92,1.00,0.91,-0.76,0.92,1.055,1.02,-1.32,1.112,0.00,0.90,2.640,19.5,45.121,0.496,0.000,900,6.98,4.5,2.91,-2.56,27.8,1,1,0,0,1,1,0,0,0,0,1,0,0,0,0,0,0,0,0,0,1,1,1,1,1,0,0,0,0,0,0,0,1,1,5156.0,0C,1,1,0,1,1,0,1,0,0,158.88,443.31,,,,,,,,,,,,,,,,,,,,,,,,,,,,,,,,,,,,,,,,,,,,,,,,,,,,,,,,,
374,192,681,14.10,56.25,2227,16.3,19.500,2.368,6.32,0.319,19.22,1.00,0.41,-0.76,0.83,0.847,1.02,-1.32,1.123,0.00,0.90,2.978,19.5,39.590,0.496,0.000,900,6.73,4.5,2.81,-4.33,27.8,1,1,0,0,1,1,0,0,0,0,1,0,0,0,0,0,0,0,1,0,1,1,1,1,1,0,0,0,0,1,0,0,1,1,5156.0,0C,1,1,0,1,1,0,1,0,0,115.19,306.81,,,,,,,,,,,,,,,,,,,,,,,,,,,,,,,,,,,,,,,,,,,,,,,,,,,,,,,,,
375,193,84,14.10,56.25,2211,16.3,34.500,2.048,5.40,1.703,16.08,1.00,0.83,-0.76,0.71,0.864,1.02,-1.32,1.119,0.00,0.90,2.163,19.5,36.477,0.496,0.000,900,6.73,4.5,2.81,-2.47,27.8,1,1,0,0,1,1,0,0,0,0,1,0,0,0,0,0,0,0,0,0,1,1,1,1,1,0,0,0,0,1,0,0,1,1,5156.0,0C,1,1,0,1,1,0,1,0,0,98.06,266.63,,,,,,,,,,,,,,,,,,,,,,,,,,,,,,,,,,,,,,,,,,,,,,,,,,,,,,,,,
376,193,483,14.10,56.25,2127,16.3,23.250,2.048,5.10,2.515,15.68,1.00,0.95,-0.76,0.94,0.837,1.02,-1.32,1.111,0.00,0.90,2.163,19.5,33.371,0.496,0.000,900,6.80,4.5,2.84,-2.49,27.8,1,1,0,0,1,1,0,0,0,0,1,0,0,0,0,0,0,0,0,0,1,1,1,1,1,0,0,0,0,1,0,0,1,1,5156.0,0C,1,1,0,1,1,0,1,0,0,94.44,254.94,,,,,,,,,,,,,,,,,,,,,,,,,,,,,,,,,,,,,,,,,,,,,,,,,,,,,,,,,
377,193,892,14.10,56.25,2109,15.0,34.500,2.394,7.06,2.921,18.63,1.00,0.89,-0.76,0.96,0.809,1.02,-1.32,1.116,0.00,0.90,1.505,19.5,42.008,0.496,0.000,900,6.80,4.5,2.84,-2.49,27.8,1,1,0,0,1,1,0,0,0,0,1,0,0,0,0,0,0,0,0,0,1,1,1,1,1,0,0,0,0,0,0,0,1,1,5156.0,0C,1,1,0,1,1,0,1,0,0,116.31,306.50,,,,,,,,,,,,,,,,,,,,,,,,,,,,,,,,,,,,,,,,,,,,,,,,,,,,,,,,,
378,194,328,14.10,56.25,2100,15.0,25.500,2.874,7.35,0.000,22.55,1.00,0.19,-0.76,0.22,0.844,1.02,-1.32,1.127,0.00,0.90,1.505,19.5,43.389,0.496,0.000,900,6.81,4.5,2.84,-4.28,27.8,1,1,0,0,1,1,0,0,0,0,1,0,0,0,0,0,0,0,1,0,1,1,1,1,1,0,0,0,0,1,0,0,1,1,5156.0,0C,1,1,0,1,1,0,1,0,0,137.25,351.88,,,,,,,,,,,,,,,,,,,,,,,,,,,,,,,,,,,,,,,,,,,,,,,,,,,,,,,,,
379,194,726,14.10,56.25,2069,15.0,18.000,2.720,6.79,0.000,21.28,1.00,0.20,-0.76,0.24,0.875,1.02,-1.32,1.123,0.00,0.90,1.505,19.5,40.284,0.496,0.000,900,6.82,4.5,2.85,-4.23,27.8,1,1,0,0,1,1,0,0,0,0,1,0,0,0,0,0,0,0,1,0,1,1,1,1,1,0,0,0,0,1,0,0,1,1,5156.0,0C,1,1,0,1,1,0,1,0,0,127.56,331.63,,,,,,,,,,,,,,,,,,,,,,,,,,,,,,,,,,,,,,,,,,,,,,,,,,,,,,,,,
380,195,126,14.10,56.25,2075,15.0,21.750,2.426,6.01,0.000,18.77,1.00,0.21,-0.76,0.25,0.904,1.02,-1.32,1.115,0.00,0.90,2.262,19.5,37.514,0.496,0.000,900,6.82,4.5,2.85,-4.24,27.8,1,1,0,0,1,1,0,0,0,0,1,0,0,0,0,0,0,0,1,0,1,1,1,1,1,0,0,0,0,1,0,0,1,1,5156.0,0C,1,1,0,1,1,0,1,0,0,112.88,300.38,,,,,,,,,,,,,,,,,,,,,,,,,,,,,,,,,,,,,,,,,,,,,,,,,,,,,,,,,
381,195,507,14.10,56.25,2013,15.0,34.500,2.093,5.27,0.967,16.45,1.00,0.83,-0.76,0.81,0.888,1.02,-1.32,1.099,0.00,0.90,2.262,19.5,33.371,0.496,0.000,900,6.87,4.5,2.87,-4.08,27.8,1,1,0,0,1,1,0,0,0,0,1,0,0,0,0,0,0,0,1,0,1,1,1,1,1,0,0,0,0,1,0,0,1,1,5156.0,0C,1,1,0,1,1,0,1,0,0,97.94,271.31,,,,,,,,,,,,,,,,,,,,,,,,,,,,,,,,,,,,,,,,,,,,,,,,,,,,,,,,,
382,195,936,14.10,56.25,1976,15.0,34.500,2.093,5.03,2.272,15.47,1.00,0.19,-0.76,0.25,0.917,1.02,-1.32,1.103,0.00,0.90,1.408,19.5,31.296,0.496,0.000,900,6.88,4.5,2.87,-2.52,27.8,1,1,0,0,1,1,0,0,0,0,1,0,0,0,0,0,0,0,0,0,1,1,1,1,1,0,0,0,0,1,0,0,1,1,5156.0,0C,1,1,0,1,1,0,1,0,0,94.69,261.31,,,,,,,,,,,,,,,,,,,,,,,,,,,,,,,,,,,,,,,,,,,,,,,,,,,,,,,,,
383,196,332,14.10,56.25,1961,13.8,33.750,2.464,6.98,2.593,17.63,1.00,0.23,-0.76,0.65,0.941,1.02,-1.32,1.101,0.00,0.90,1.408,19.5,38.209,0.496,0.000,900,6.90,4.5,2.88,-2.53,27.8,1,1,0,0,1,1,0,0,0,0,1,0,0,0,0,0,0,0,0,0,1,1,1,1,1,0,0,0,0,0,0,0,1,1,5156.0,0C,1,1,0,1,1,0,1,0,0,115.56,320.25,,,,,,,,,,,,,,,,,,,,,,,,,,,,,,,,,,,,,,,,,,,,,,,,,,,,,,,,,
384,196,726,14.10,56.25,1972,13.8,32.250,3.155,7.47,1.781,22.31,1.00,0.20,-0.76,0.24,0.970,1.02,-1.32,1.121,0.00,0.90,1.408,19.5,41.314,0.496,0.000,900,6.89,4.5,2.87,-2.53,27.8,1,1,0,0,1,1,0,0,0,0,1,0,0,0,0,0,0,0,0,0,1,1,1,1,1,0,0,0,0,0,0,0,1,1,5156.0,0C,1,1,0,1,1,0,1,0,0,137.75,363.13,,,,,,,,,,,,,,,,,,,,,,,,,,,,,,,,,,,,,,,,,,,,,,,,,,,,,,,,,
385,197,122,14.10,56.25,1987,15.0,15.750,2.906,6.86,0.000,21.70,1.00,0.86,-0.76,0.85,0.939,1.02,-1.32,1.121,0.00,0.90,2.582,19.5,38.895,0.496,0.000,900,6.88,4.5,2.87,-4.04,27.8,1,1,0,0,1,1,0,0,0,0,1,0,0,0,0,0,0,0,1,0,1,1,1,1,1,0,0,0,0,1,0,0,1,1,5156.0,0C,1,1,0,1,1,0,1,0,0,130.88,343.13,,,,,,,,,,,,,,,,,,,,,,,,,,,,,,,,,,,,,,,,,,,,,,,,,,,,,,,,,
386,197,526,14.10,56.25,2007,15.0,20.250,2.605,6.01,0.000,19.13,1.00,0.63,-0.76,0.48,0.976,1.02,-1.32,1.113,0.00,0.90,2.582,19.5,36.133,0.496,0.000,900,6.87,4.5,2.87,-4.08,27.8,1,1,0,0,1,1,0,0,0,0,1,0,0,0,0,0,0,0,1,0,1,1,1,1,1,0,0,0,0,1,0,0,1,1,5156.0,0C,1,1,0,1,1,0,1,0,0,114.00,307.31,,,,,,,,,,,,,,,,,,,,,,,,,,,,,,,,,,,,,,,,,,,,,,,,,,,,,,,,,
387,197,916,14.10,56.25,1978,15.0,34.500,2.118,5.27,0.000,16.22,1.00,0.84,-0.76,0.87,0.927,1.02,-1.32,1.097,0.00,0.90,1.877,19.5,33.021,0.496,0.000,900,6.89,4.5,2.87,-3.99,27.8,1,1,0,0,1,1,0,0,0,0,1,0,0,0,0,0,0,0,1,0,1,1,1,1,1,0,0,0,0,1,0,0,1,1,5156.0,0C,1,1,0,1,1,0,1,0,0,97.44,276.00,,,,,,,,,,,,,,,,,,,,,,,,,,,,,,,,,,,,,,,,,,,,,,,,,,,,,,,,,
388,198,315,14.00,56.25,1920,13.8,35.250,2.016,5.10,0.000,14.53,1.00,0.19,-0.76,0.24,0.960,1.02,-1.32,1.102,0.00,0.90,1.877,19.5,29.915,0.496,0.000,900,6.93,4.5,2.89,-3.84,27.8,1,1,0,0,1,1,0,0,0,0,1,0,0,0,0,0,0,0,1,0,1,1,1,1,1,0,0,0,0,1,0,0,1,1,5156.0,0C,1,1,0,1,1,0,1,0,0,86.13,266.81,,,,,,,,,,,,,,,,,,,,,,,,,,,,,,,,,,,,,,,,,,,,,,,,,,,,,,,,,
389,198,713,14.00,56.25,1807,13.8,36.000,1.882,4.79,0.000,12.54,1.00,0.16,-0.76,0.22,0.981,1.02,-1.32,1.113,0.00,0.90,1.877,19.5,26.108,0.496,0.000,900,7.03,4.5,2.93,-3.46,27.8,1,1,0,0,1,1,0,0,0,0,1,1,1,0,0,0,0,0,1,0,1,1,1,1,1,0,0,0,0,1,0,1,1,1,5156.0,0C,1,1,0,1,1,0,1,0,0,81.44,274.00,,,,,,,,,,,,,,,,,,,,,,,,,,,,,,,,,,,,,,,,,,,,,,,,,,,,,,,,,
390,201,136,14.10,57.00,1078,7.5,13.500,3.821,5.15,4.460,27.26,0.98,0.99,-0.76,1.02,0.917,1.02,-1.32,1.028,0.00,0.90,2.387,20.3,9.865,0.496,0.000,900,7.15,4.5,3.30,-0.82,27.8,1,1,0,0,1,1,0,0,0,0,1,0,1,0,0,0,0,0,0,0,1,1,1,1,1,0,0,0,0,0,0,0,1,1,5156.0,0C,1,1,0,1,1,0,1,0,0,169.13,510.81,,,,,,,,,,,,,,,,,,,,,,,,,,,,,,,,,,,,,,,,,,,,,,,,,,,,,,,,,
391,201,539,14.10,57.00,1127,7.5,15.750,3.392,5.22,3.734,26.16,0.99,0.94,-0.76,0.99,0.894,1.02,-1.32,1.034,0.00,0.90,2.387,20.3,10.559,0.496,0.000,900,7.15,4.5,3.30,-1.13,27.8,1,1,0,0,1,1,0,0,0,0,1,0,1,0,0,0,0,0,0,0,0,0,0,0,0,0,1,0,0,1,0,0,0,0,9605.0,75,0,1,0,1,0,1,1,1,1,1,1,,,,,,,,,,,,,,,,,,,,,,,,,,,,,,,,,,,,,,,,,,,,,,,,,,,,,,,,,
392,201,927,14.10,57.00,1106,8.8,11.250,3.450,5.22,3.163,26.27,1.00,0.19,-0.76,0.46,0.879,1.02,-1.32,1.032,0.00,0.90,1.694,20.3,11.246,0.496,0.000,900,7.15,4.5,3.30,-0.99,27.8,1,1,0,0,1,1,0,0,0,0,1,0,1,0,0,0,0,0,0,0,1,1,1,1,1,0,0,0,0,0,0,0,1,1,5156.0,0C,1,1,0,1,1,0,1,0,0,156.19,483.94,,,,,,,,,,,,,,,,,,,,,,,,,,,,,,,,,,,,,,,,,,,,,,,,,,,,,,,,,
393,202,347,14.00,57.00,1172,8.8,16.500,3.238,5.27,2.593,24.23,1.00,0.18,-0.76,0.22,0.926,1.02,-1.32,1.028,0.00,0.90,1.694,20.3,11.940,0.496,0.000,900,7.15,4.5,3.30,-1.15,27.8,1,1,0,0,1,1,0,0,0,0,1,0,1,0,0,0,0,0,0,0,1,1,1,1,1,0,0,0,0,0,0,0,1,1,5156.0,0C,1,1,0,1,1,0,1,0,0,150.06,469.88,,,,,,,,,,,,,,,,,,,,,,,,,,,,,,,,,,,,,,,,,,,,,,,,,,,,,,,,,
394,202,746,14.00,57.00,1177,8.8,12.750,3.251,5.27,2.757,24.54,1.00,0.18,-0.76,0.20,0.946,1.02,-1.32,1.038,0.00,0.90,1.694,20.3,12.634,0.496,0.000,900,7.15,4.5,3.30,-1.27,27.8,1,1,0,0,1,1,0,0,0,0,1,0,1,0,0,0,0,0,0,0,1,1,1,1,1,0,0,0,0,0,0,0,1,1,5156.0,0C,1,1,0,1,1,0,1,0,0,148.94,463.00,,,,,,,,,,,,,,,,,,,,,,,,,,,,,,,,,,,,,,,,,,,,,,,,,,,,,,,,,
395,203,135,14.10,57.00,1172,8.8,15.750,3.373,5.52,2.757,24.23,1.00,0.18,-0.76,0.21,0.968,1.02,-1.32,1.033,0.00,0.90,1.761,20.3,13.321,0.496,0.000,900,7.15,4.5,3.29,-1.13,27.8,1,1,0,0,1,1,0,0,0,0,1,0,1,0,0,0,0,0,0,0,1,1,1,1,1,0,0,0,0,0,0,0,1,1,5156.0,0C,1,1,0,1,1,0,1,0,0,149.25,469.94,,,,,,,,,,,,,,,,,,,,,,,,,,,,,,,,,,,,,,,,,,,,,,,,,,,,,,,,,
396,203,515,14.10,57.00,1218,8.8,9.750,3.770,6.08,3.078,26.34,1.00,0.18,-0.76,0.21,0.990,1.02,-1.32,1.039,0.00,0.90,1.761,20.3,14.359,0.496,0.000,900,7.14,4.5,3.29,-1.33,27.8,1,1,0,0,1,1,0,0,0,0,1,0,1,0,0,0,0,0,0,0,1,1,1,1,1,0,0,0,0,0,0,0,1,1,5156.0,0C,1,1,0,1,1,0,1,0,0,161.94,494.63,,,,,,,,,,,,,,,,,,,,,,,,,,,,,,,,,,,,,,,,,,,,,,,,,,,,,,,,,
397,203,907,14.10,57.00,1268,8.8,8.250,4.077,6.32,3.569,28.20,1.00,0.32,-0.76,0.27,1.014,1.02,-1.32,1.046,0.00,0.90,2.199,20.3,15.396,0.496,0.000,900,7.14,4.5,3.29,-1.53,27.8,1,1,0,0,1,1,0,0,0,0,1,0,1,0,0,0,0,0,0,0,1,1,1,1,1,0,0,0,0,0,0,0,1,1,5156.0,0C,1,1,0,1,1,0,1,0,0,170.44,497.13,,,,,,,,,,,,,,,,,,,,,,,,,,,,,,,,,,,,,,,,,,,,,,,,,,,,,,,,,
398,204,294,14.00,57.00,1297,8.8,7.500,3.987,6.18,3.569,28.48,1.00,0.91,-0.76,0.92,0.972,1.02,-1.32,1.053,0.00,0.90,2.199,19.5,16.434,0.496,0.000,900,7.14,4.5,3.29,-1.64,27.8,1,1,0,0,1,1,0,0,0,0,1,0,1,0,0,0,0,0,0,0,1,1,1,1,1,0,0,0,0,0,0,0,1,1,5156.0,0C,1,1,0,1,1,0,1,0,0,171.50,486.25,,,,,,,,,,,,,,,,,,,,,,,,,,,,,,,,,,,,,,,,,,,,,,,,,,,,,,,,,
399,204,685,14.00,57.00,1328,10.0,10.500,3.629,6.25,4.218,27.00,1.00,0.60,-0.76,0.89,0.946,1.02,-1.32,1.054,0.00,0.90,2.199,19.5,17.472,0.496,0.000,900,7.14,4.5,3.29,-1.74,27.8,1,1,0,0,1,1,0,0,0,0,1,0,1,0,0,0,0,0,0,0,1,1,1,1,1,0,0,0,0,0,0,0,1,1,5156.0,0C,1,1,0,1,1,0,1,0,0,165.19,469.00,,,,,,,,,,,,,,,,,,,,,,,,,,,,,,,,,,,,,,,,,,,,,,,,,,,,,,,,,
400,205,72,14.10,57.00,1377,10.0,11.250,3.994,6.79,4.218,27.94,1.00,0.62,-0.76,0.24,0.987,1.02,-1.32,1.060,0.00,0.90,2.238,19.5,18.509,0.496,0.000,900,7.14,4.5,3.29,-1.97,27.8,1,1,0,0,1,1,0,0,0,0,1,0,1,0,0,0,0,0,0,0,1,1,1,1,1,0,0,0,0,0,0,0,1,1,5156.0,0C,1,1,0,1,1,0,1,0,0,171.06,474.44,,,,,,,,,,,,,,,,,,,,,,,,,,,,,,,,,,,,,,,,,,,,,,,,,,,,,,,,,
401,205,472,14.10,57.00,1452,10.0,12.000,3.770,6.98,4.218,27.35,1.00,0.89,-0.76,0.89,0.942,1.02,-1.32,1.073,0.00,0.90,2.238,19.5,19.547,0.496,0.000,900,7.14,4.5,3.29,-2.38,27.8,1,1,0,0,1,1,0,0,0,0,1,0,1,0,0,0,0,0,0,0,1,1,1,1,1,0,0,0,0,0,0,0,1,1,5156.0,0C,1,1,0,1,1,0,1,0,0,166.31,460.69,,,,,,,,,,,,,,,,,,,,,,,,,,,,,,,,,,,,,,,,,,,,,,,,,,,,,,,,,
402,205,863,14.10,57.75,1508,11.3,12.750,3.712,7.15,5.194,26.77,1.00,0.20,-0.76,0.27,0.964,1.02,-1.32,1.081,0.00,0.90,2.406,19.5,20.928,0.496,0.000,900,7.14,4.5,3.29,-2.62,27.8,1,1,0,0,1,1,0,0,0,0,1,0,1,0,0,0,0,0,0,0,1,1,1,1,1,0,0,0,0,0,0,0,1,1,5156.0,0C,1,1,0,1,1,0,1,0,0,163.19,453.25,,,,,,,,,,,,,,,,,,,,,,,,,,,,,,,,,,,,,,,,,,,,,,,,,,,,,,,,,
403,206,272,14.10,57.75,1580,11.3,9.000,4.627,8.62,7.953,31.13,1.00,0.85,-0.76,0.72,0.954,1.02,-1.32,1.087,0.00,0.90,2.406,19.5,21.965,0.496,0.000,900,7.14,4.5,3.29,-2.62,27.8,1,1,0,0,1,1,0,0,0,0,1,0,0,0,0,0,0,0,0,0,1,1,1,1,1,0,0,0,0,0,0,0,1,1,5156.0,0C,1,1,0,1,1,0,1,0,0,190.00,513.25,,,,,,,,,,,,,,,,,,,,,,,,,,,,,,,,,,,,,,,,,,,,,,,,,,,,,,,,,
404,206,768,14.10,57.75,1651,11.3,12.000,4.288,8.86,9.093,31.10,1.00,0.94,-0.76,0.94,0.923,1.02,-1.32,1.096,0.00,0.90,2.406,19.5,23.346,0.496,0.000,900,7.09,4.5,3.27,-2.60,27.8,1,1,0,0,1,1,0,0,0,0,1,0,0,0,0,0,0,0,0,0,1,1,1,1,1,0,0,0,0,0,0,0,1,1,5156.0,0C,1,1,0,1,1,0,1,0,0,189.94,520.63,,,,,,,,,,,,,,,,,,,,,,,,,,,,,,,,,,,,,,,,,,,,,,,,,,,,,,,,,
405,207,162,14.10,57.75,1782,12.5,30.000,4.032,9.67,9.093,29.09,1.00,0.18,-0.76,0.22,0.959,1.02,-1.32,1.109,0.00,0.90,3.313,19.5,24.727,0.496,0.000,900,7.00,4.5,3.23,-2.57,27.8,1,1,0,0,1,1,0,0,0,0,1,0,0,0,0,0,0,0,0,0,1,1,1,1,1,0,0,0,0,0,0,0,1,1,5156.0,0C,1,1,0,1,1,0,1,0,0,177.19,496.81,,,,,,,,,,,,,,,,,,,,,,,,,,,,,,,,,,,,,,,,,,,,,,,,,,,,,,,,,
406,207,555,14.10,57.75,1840,13.8,16.500,4.416,10.03,9.248,30.19,1.00,0.17,-0.76,0.20,0.984,1.02,-1.32,1.114,0.00,0.90,3.313,19.5,25.765,0.496,0.000,900,6.96,4.5,3.21,-2.55,27.8,1,1,0,0,1,1,0,0,0,0,1,0,0,0,0,0,0,0,0,0,1,1,1,1,1,0,0,0,0,0,0,0,1,1,5156.0,0C,1,1,0,1,1,0,1,0,0,187.88,493.50,,,,,,,,,,,,,,,,,,,,,,,,,,,,,,,,,,,,,,,,,,,,,,,,,,,,,,,,,
407,207,942,14.10,57.75,2005,15.0,29.250,4.691,10.21,9.499,31.85,1.00,0.95,-0.76,0.90,0.964,1.02,-1.32,1.128,0.00,0.90,3.990,19.5,26.802,0.496,9.750,2520,-44.22,128.3,1.16,-49.63,114.0,0,1,0,0,0,1,0,1,1,1,1,1,0,1,1,0,0,1,0,0,0,0,0,0,0,0,0,0,1,1,0,0,0,0,3119.7,A4,0,1,0,1,0,1,1,1,1,1,1,,,,,,,,,,,,,,,,,,,,,,,,,,,,,,,,,,,,,,,,,,,,,,,,,,,,,,,,,
408,208,369,14.10,57.75,2188,16.3,15.000,3.187,3.76,0.000,26.32,1.00,0.99,-0.76,1.00,0.912,1.02,-1.32,1.145,0.00,0.90,3.990,19.5,28.183,0.496,0.000,900,6.74,4.5,3.11,-4.32,27.8,1,1,0,0,1,1,0,0,0,0,1,0,1,0,0,0,0,0,1,0,1,1,1,1,1,0,0,0,0,1,0,0,1,1,5156.0,0C,1,1,0,1,1,0,1,0,0,176.94,434.69,,,,,,,,,,,,,,,,,,,,,,,,,,,,,,,,,,,,,,,,,,,,,,,,,,,,,,,,,
409,208,755,14.10,57.75,1870,16.3,36.750,1.261,3.32,0.000,11.16,1.00,0.17,-0.76,0.75,0.890,1.02,-1.32,1.115,0.00,0.90,0.879,19.5,25.765,0.496,0.000,900,6.98,4.5,3.22,-3.61,27.8,1,1,0,0,1,1,0,0,0,0,1,0,1,0,0,0,0,0,1,0,1,1,1,1,1,0,0,0,0,1,0,0,1,1,5156.0,0C,1,1,0,1,1,0,1,0,0,68.13,244.56,,,,,,,,,,,,,,,,,,,,,,,,,,,,,,,,,,,,,,,,,,,,,,,,,,,,,,,,,
410,209,162,14.10,57.75,1497,16.3,34.500,1.766,3.44,4.623,13.15,1.00,0.16,-0.76,0.18,0.926,1.02,-1.32,1.097,0.00,0.90,0.879,19.5,23.690,0.496,0.000,900,7.14,4.5,3.29,-2.41,27.8,1,1,0,0,1,1,0,0,0,0,1,0,1,0,0,0,0,0,0,0,1,1,1,1,1,0,0,0,0,1,0,0,1,1,5156.0,0C,1,1,0,1,1,0,1,0,0,82.56,271.56,,,,,,,,,,,,,,,,,,,,,,,,,,,,,,,,,,,,,,,,,,,,,,,,,,,,,,,,,
411,209,567,14.10,57.75,1367,16.3,22.500,4.250,7.30,7.953,28.03,1.00,0.18,-0.76,0.19,0.940,1.02,-1.32,1.053,0.00,0.90,0.879,19.5,37.514,0.496,0.000,900,7.14,4.5,3.29,-1.79,27.8,1,1,0,0,1,1,0,0,0,0,1,0,1,0,0,0,0,0,0,0,1,1,1,1,1,0,0,0,0,1,0,0,1,1,5156.0,0C,1,1,0,1,1,0,1,0,0,176.06,498.00,,,,,,,,,,,,,,,,,,,,,,,,,,,,,,,,,,,,,,,,,,,,,,,,,,,,,,,,,
412,209,955,14.10,57.75,1270,16.3,27.750,4.160,6.74,9.093,30.28,1.00,0.74,-0.76,0.70,0.927,1.02,-1.32,1.045,0.00,0.90,2.449,19.5,36.828,0.496,0.000,900,7.14,4.5,3.29,-1.41,27.8,1,1,0,0,1,1,0,0,0,0,1,0,1,0,0,0,0,0,0,0,1,1,1,1,1,0,0,0,0,0,0,0,1,1,5156.0,0C,1,1,0,1,1,0,1,0,0,194.63,554.00,,,,,,,,,,,,,,,,,,,,,,,,,,,,,,,,,,,,,,,,,,,,,,,,,,,,,,,,,
413,210,356,14.10,57.75,1318,17.5,26.250,4.736,7.40,10.555,33.70,1.00,0.21,-0.76,0.23,0.962,1.02,-1.32,1.058,0.00,0.90,2.449,19.5,42.008,0.496,0.000,900,7.14,4.5,3.29,-1.75,27.8,1,1,0,0,1,1,0,0,0,0,1,0,1,0,0,0,0,0,0,0,1,1,1,1,1,0,0,1,0,0,0,0,1,1,5156.0,0C,1,1,0,1,1,0,1,0,0,187.75,526.56,,,,,,,,,,,,,,,,,,,,,,,,,,,,,,,,,,,,,,,,,,,,,,,,,,,,,,,,,
414,210,734,13.70,57.75,1245,17.5,30.750,3.674,9.67,11.687,27.35,1.45,0.11,-1.33,0.72,0.007,0.00,9.22,0.273,0.01,0.02,29.722,-48.0,39.461,0.047,93.000,2000,94.41,313.0,-199.53,-199.53,-199.53,-199.53,-199.53,-199.53,-199.53,-199.53,-199.53,-199.53,-199.53,-199.53,-199.53,-199.53,-199.53,-199.53,-199.53,-199.53,-199.53,-199.53,-199.53,-199.53,-199.53,-199.53,-199.53,-199.53,-199.53,-199.53,-199.53,-199.53,-199.53,-199.53,-199.53,-199.53,-199.53,-199.53,-199.53,-199.53,,,,,,,,,,,,,,,,,,,,,,,,,,,,,,,,,,,,,,,,,,,,,,,,,,,,,,,,,,,,,,,,,,,,,
415,211,133,14.00,57.75,1443,18.8,25.500,5.331,9.06,12.499,36.52,1.45,0.11,-1.36,1.15,0.007,0.05,-2.93,0.972,0.01,0.75,29.722,-48.0,39.461,0.047,93.000,1940,94.41,313.0,-78.91,10.90,-19.5,0,0,1,0,0,1,0,1,0,1,0,1,0,1,0,1,0,1,1,1,1,1,1,1,1,1,1,1,1,1,1,1,1,1,1,,,,,,,,,,,,,,,,,,,,,,,,,,,,,,,,,,,,,,,,,,,,,,,,,,,,,,,,,,,,,,,,,,,,,
416,211,522,14.00,57.75,1437,20.0,25.500,5.216,9.89,14.531,37.52,1.00,0.27,-0.76,0.85,0.934,1.02,-1.32,1.078,0.00,0.90,2.139,19.5,52.377,0.496,0.000,900,7.14,4.5,3.29,-2.28,27.8,1,1,0,0,1,1,0,0,0,0,1,0,1,0,0,0,0,0,0,0,1,1,1,1,1,0,0,1,0,0,0,0,1,1,5156.0,0C,1,1,0,1,1,0,1,0,0,229.56,608.56,,,,,,,,,,,,,,,,,,,,,,,,,,,,,,,,,,,,,,,,,,,,,,,,,,,,,,,,,
417,211,924,14.00,57.75,1562,21.3,21.750,7.302,14.40,19.976,48.30,1.00,0.21,-0.76,0.24,0.991,1.02,-1.32,1.114,0.00,0.90,3.889,19.5,84.520,0.496,0.000,900,7.14,4.5,3.29,0.00,27.8,1,1,0,0,1,1,0,0,0,0,1,0,0,0,0,0,0,0,0,0,1,1,1,1,1,0,0,1,0,0,0,0,1,1,5156.0,0C,1,1,0,1,1,0,1,0,0,301.44,756.63,,,,,,,,,,,,,,,,,,,,,,,,,,,,,,,,,,,,,,,,,,,,,,,,,,,,,,,,,
418,212,325,14.10,58.50,1677,22.5,21.000,6.682,13.99,19.812,48.73,1.00,0.20,-0.76,0.65,0.982,1.02,-1.32,1.116,0.00,0.90,3.889,19.5,97.658,0.496,0.000,900,7.08,4.5,3.26,0.00,27.8,1,1,0,0,1,1,0,0,0,0,1,0,0,0,0,0,0,0,0,0,1,1,1,1,1,0,0,1,0,0,0,0,1,1,5156.0,0C,1,1,0,1,1,0,1,0,0,291.44,753.75,,,,,,,,,,,,,,,,,,,,,,,,,,,,,,,,,,,,,,,,,,,,,,,,,,,,,,,,,
419,212,736,14.10,58.50,1812,23.8,22.500,6.560,14.94,19.812,46.52,1.00,0.17,-0.76,0.20,1.023,1.02,-1.32,1.115,0.00,0.90,3.889,19.5,97.658,0.496,0.000,900,6.98,4.5,3.22,-2.56,27.8,1,1,0,0,1,1,0,0,0,0,1,0,0,0,0,0,0,0,0,0,1,1,1,1,1,0,0,1,0,0,0,0,1,1,5156.0,0C,1,1,0,1,1,0,1,0,0,284.63,736.31,,,,,,,,,,,,,,,,,,,,,,,,,,,,,,,,,,,,,,,,,,,,,,,,,,,,,,,,,
420,213,125,14.10,58.50,1924,26.3,22.500,7.085,15.31,20.218,48.19,1.00,0.19,-0.76,0.21,1.067,1.02,-1.32,1.122,0.00,0.90,5.502,19.5,97.658,0.496,0.000,900,6.91,4.5,3.19,-2.54,27.8,1,1,0,0,1,1,0,0,0,0,1,0,0,0,0,0,0,0,0,0,1,1,1,1,1,0,0,1,0,0,0,0,1,1,5156.0,0C,1,1,0,1,1,0,1,0,0,302.44,722.94,,,,,,,,,,,,,,,,,,,,,,,,,,,,,,,,,,,,,,,,,,,,,,,,,,,,,,,,,
421,213,533,14.10,58.50,2075,27.5,22.500,7.059,15.01,19.164,49.88,1.00,0.93,-0.76,0.91,1.031,1.02,-1.32,1.135,0.00,0.90,5.502,19.5,97.658,0.496,0.000,900,6.80,4.5,3.13,-2.50,27.8,1,1,0,0,1,1,0,0,0,0,1,0,0,0,0,0,0,0,0,0,1,1,1,1,1,0,0,1,0,0,0,0,1,1,5156.0,0C,1,1,0,1,1,0,1,0,0,299.94,698.25,,,,,,,,,,,,,,,,,,,,,,,,,,,,,,,,,,,,,,,,,,,,,,,,,,,,,,,,,
422,213,946,14.10,58.50,2194,30.0,24.750,6.029,13.55,17.374,45.33,1.00,0.98,-0.76,1.00,0.983,1.02,-1.32,1.148,0.00,0.90,6.770,19.5,93.164,0.496,0.000,900,6.73,4.5,3.10,-2.47,27.8,1,1,0,0,1,1,0,0,0,0,1,0,0,0,0,0,0,0,0,0,1,1,1,1,1,0,0,1,0,0,0,0,1,1,5156.0,0C,1,1,0,1,1,0,1,0,0,271.75,636.81,,,,,,,,,,,,,,,,,,,,,,,,,,,,,,,,,,,,,,,,,,,,,,,,,,,,,,,,,
423,214,343,14.10,58.50,2298,31.3,27.000,5.434,13.31,16.562,42.49,1.00,0.96,-0.76,0.99,0.934,1.02,-1.32,1.156,0.00,0.90,6.770,18.8,89.357,0.496,0.000,900,6.67,4.5,3.07,-2.45,27.8,1,1,0,0,1,1,0,0,0,0,1,0,0,0,0,0,0,0,0,0,1,1,1,1,1,0,0,1,0,0,0,0,1,1,5156.0,0C,1,1,0,1,1,0,1,0,0,250.56,601.00,,,,,,,,,,,,,,,,,,,,,,,,,,,,,,,,,,,,,,,,,,,,,,,,,,,,,,,,,
424,214,749,14.10,58.50,2395,32.5,27.750,5.094,13.99,16.725,40.24,1.00,0.20,-0.76,0.65,0.920,1.02,-1.32,1.162,0.00,0.90,6.770,18.8,93.851,0.496,0.000,900,6.61,4.5,3.05,-2.42,27.8,1,1,0,0,1,1,0,0,0,0,1,0,0,0,0,0,0,0,0,0,1,1,1,1,1,0,0,1,0,0,0,0,1,1,5156.0,0C,1,1,0,1,1,0,1,0,0,245.81,600.00,,,,,,,,,,,,,,,,,,,,,,,,,,,,,,,,,,,,,,,,,,,,,,,,,,,,,,,,,
425,215,155,14.10,58.50,2474,33.8,29.250,4.659,12.94,14.046,35.74,1.00,0.18,-0.76,0.22,0.971,1.02,-1.32,1.164,0.00,0.90,5.577,18.8,83.825,0.496,0.000,900,6.56,4.5,3.02,-2.40,27.8,1,1,0,0,1,1,0,0,0,0,1,0,0,0,0,0,0,0,0,0,1,1,1,1,1,0,0,1,0,0,0,0,1,1,5156.0,0C,1,1,0,1,1,0,1,0,0,209.69,540.06,,,,,,,,,,,,,,,,,,,,,,,,,,,,,,,,,,,,,,,,,,,,,,,,,,,,,,,,,
426,215,544,14.10,58.50,2556,33.8,27.000,6.330,18.12,18.756,43.36,1.00,0.18,-0.76,0.22,1.019,1.02,-1.32,1.166,0.00,0.90,5.577,18.8,97.658,0.496,0.000,900,6.50,4.5,3.00,-2.39,27.8,1,1,0,0,1,1,0,0,0,0,1,0,0,0,0,0,0,0,0,0,1,1,1,1,1,0,0,1,0,0,0,0,1,1,5156.0,0C,1,1,0,1,1,0,1,0,0,274.56,691.69,,,,,,,,,,,,,,,,,,,,,,,,,,,,,,,,,,,,,,,,,,,,,,,,,,,,,,,,,
427,215,926,14.10,58.50,2648,36.3,21.750,5.184,13.55,0.000,36.87,1.00,0.19,-0.76,0.24,1.076,1.02,-1.32,1.173,0.00,0.90,8.002,18.8,90.738,0.496,0.000,900,6.45,4.5,2.98,-4.41,27.8,1,1,0,0,1,1,0,0,0,0,1,0,0,0,0,0,0,0,1,0,1,1,1,1,1,0,0,1,0,1,0,0,1,1,5156.0,0C,1,1,0,1,1,0,1,0,0,202.06,542.19,,,,,,,,,,,,,,,,,,,,,,,,,,,,,,,,,,,,,,,,,,,,,,,,,,,,,,,,,
428,216,316,14.10,58.50,2677,36.3,34.500,3.149,10.45,0.000,21.98,1.00,0.17,-0.76,0.22,1.121,1.02,-1.32,1.164,0.00,0.90,8.002,18.8,58.602,0.496,0.000,900,6.44,4.5,2.97,-4.42,27.8,1,1,0,0,1,1,0,0,0,0,1,0,0,0,0,0,0,0,1,0,1,1,1,1,1,0,0,0,0,1,0,0,1,1,5156.0,0C,1,1,0,1,1,0,1,0,0,128.13,377.81,,,,,,,,,,,,,,,,,,,,,,,,,,,,,,,,,,,,,,,,,,,,,,,,,,,,,,,,,
429,216,705,14.10,58.50,2695,36.3,22.500,2.906,9.30,0.000,18.05,1.00,0.20,-0.76,0.23,1.161,1.02,-1.32,1.165,0.00,0.90,8.002,18.8,51.339,0.496,0.000,900,6.42,4.5,2.96,-4.41,27.8,1,1,0,0,1,1,0,0,0,0,1,0,0,0,0,0,0,0,1,0,1,1,1,1,1,0,0,0,0,1,0,0,1,1,5156.0,0C,1,1,0,1,1,0,1,0,0,107.94,330.88,,,,,,,,,,,,,,,,,,,,,,,,,,,,,,,,,,,,,,,,,,,,,,,,,,,,,,,,,
430,217,83,14.00,58.50,2684,36.3,36.750,2.624,8.13,0.000,15.02,1.00,0.74,-0.76,0.26,1.195,1.02,-1.32,1.163,0.00,0.90,3.201,18.0,44.083,0.496,0.000,900,6.43,4.5,2.97,-4.41,27.8,1,1,0,0,1,1,0,0,0,0,1,1,0,0,0,0,0,0,1,0,1,1,1,1,1,0,0,0,0,1,0,1,1,1,5156.0,0C,1,1,0,1,1,0,1,0,0,92.63,297.44,,,,,,,,,,,,,,,,,,,,,,,,,,,,,,,,,,,,,,,,,,,,,,,,,,,,,,,,,
431,217,483,14.10,58.50,2481,33.8,19.500,2.714,6.37,0.000,16.01,1.00,0.93,-0.76,0.93,1.139,1.02,-1.32,1.139,0.00,0.90,3.201,18.0,35.096,0.496,0.000,900,6.57,4.5,3.03,-4.37,27.8,1,1,0,0,1,1,0,0,0,0,1,1,0,0,0,0,0,0,1,0,1,1,1,1,1,0,0,0,0,1,0,1,1,1,5156.0,0C,1,1,0,1,1,0,1,0,0,99.00,280.31,,,,,,,,,,,,,,,,,,,,,,,,,,,,,,,,,,,,,,,,,,,,,,,,,,,,,,,,,
432,217,887,14.00,58.50,2198,30.0,13.500,2.381,3.93,0.000,14.25,1.00,1.03,-0.76,1.05,1.109,1.02,-1.32,1.117,0.00,0.90,2.348,18.0,27.489,0.496,0.000,900,6.74,4.5,3.11,-4.31,27.8,1,1,0,0,1,1,0,0,0,0,1,1,0,0,0,0,0,0,1,0,1,1,1,1,1,0,0,0,0,1,0,1,1,1,5156.0,0C,1,1,0,1,1,0,1,0,0,86.25,239.88,,,,,,,,,,,,,,,,,,,,,,,,,,,,,,,,,,,,,,,,,,,,,,,,,,,,,,,,,
433,218,293,14.00,59.25,1972,26.3,13.500,1.869,3.56,0.000,11.74,1.00,1.04,-0.76,1.06,1.088,1.02,-1.32,1.117,0.00,0.90,2.348,18.8,24.727,0.496,0.000,900,6.89,4.5,3.17,-3.92,27.8,1,1,0,0,1,1,0,0,0,0,1,1,0,0,0,0,0,0,1,0,1,1,1,1,1,0,0,0,0,1,0,1,1,1,5156.0,0C,1,1,0,1,1,0,1,0,0,68.00,225.25,,,,,,,,,,,,,,,,,,,,,,,,,,,,,,,,,,,,,,,,,,,,,,,,,,,,,,,,,
434,218,703,14.00,59.25,1817,25.0,10.500,1.632,3.39,0.000,9.96,1.00,0.93,-0.76,1.05,1.068,1.02,-1.32,1.116,0.00,0.90,2.348,18.8,23.346,0.496,0.000,900,6.97,4.5,3.21,-3.56,27.8,1,1,0,0,1,1,0,0,0,0,1,1,0,0,0,0,0,0,1,0,1,1,1,1,1,0,0,0,0,1,0,1,1,1,5156.0,0C,1,1,0,1,1,0,1,0,0,62.31,232.31,,,,,,,,,,,,,,,,,,,,,,,,,,,,,,,,,,,,,,,,,,,,,,,,,,,,,,,,,
435,219,3,0.80,0.80,0.80,0.80,0.80,0.80,0.80,0.80,0.80,0.80,0.80,0.80,0.80,0.80,0.80,0.80,0.80,0.80,0.80,0.80,0.80,0.80,0.80,0.80,0.80,0.80,0.80,0.80,0.80,0.80,0.80,0.80,0.80,0.80,0.80,0.80,0.80,0.80,0.80,0.80,0.80,0.80,0.80,0.80,0.80,0.80,0.80,0.80,0.80,0.80,0.80,0.80,0.80,0.80,0.80,0.80,0.80,0.80,0.80,0.80,0.80,0.80,0.80,0.80,0.80,,,,,,,,,,,,,,,,,,,,,,,,,,,,,,,,,,,,,,,,,,,,,,,,,,,,,,,,,,,,,,,,,,,,,
436,221,143,14.10,59.25,2204,30.0,14.250,10.400,30.05,29.718,72.14,1.00,0.99,-0.76,1.03,0.961,1.02,-1.32,1.120,0.00,0.90,10.567,19.5,97.658,0.496,0.000,900,6.72,4.5,3.10,-2.47,27.8,1,1,0,0,1,1,0,0,0,0,1,0,0,0,0,0,0,0,0,0,1,1,1,1,0,0,0,1,0,0,0,0,1,1,5156.0,0C,1,1,0,1,1,0,1,0,0,445.06,958.75,,,,,,,,,,,,,,,,,,,,,,,,,,,,,,,,,,,,,,,,,,,,,,,,,,,,,,,,,
437,221,553,14.10,59.25,2385,32.5,16.500,9.875,33.33,29.718,72.33,1.00,0.99,-0.76,1.06,0.903,1.02,-1.32,1.120,0.00,0.90,10.567,18.8,97.658,0.496,0.000,900,6.61,4.5,3.05,-2.43,27.8,1,1,0,0,1,1,0,0,0,0,1,0,0,0,0,0,0,0,0,0,1,1,1,1,0,0,0,1,0,0,0,0,1,1,5156.0,0C,1,1,0,1,1,0,1,0,0,442.88,968.38,,,,,,,,,,,,,,,,,,,,,,,,,,,,,,,,,,,,,,,,,,,,,,,,,,,,,,,,,
438,221,937,14.10,59.25,2585,35.0,18.750,9.869,39.79,29.718,73.17,1.00,0.19,-0.76,0.37,0.913,1.02,-1.32,1.120,0.00,0.90,11.526,18.8,97.658,0.496,0.000,900,6.48,4.5,2.99,-2.38,27.8,1,1,0,0,1,1,0,0,0,0,1,0,0,0,0,0,0,0,0,0,1,1,1,1,0,0,0,1,0,0,0,0,1,1,5156.0,0C,1,1,0,1,1,0,1,0,0,457.25,975.63,,,,,,,,,,,,,,,,,,,,,,,,,,,,,,,,,,,,,,,,,,,,,,,,,,,,,,,,,
439,222,344,14.10,59.25,2805,37.5,18.750,10.746,38.50,29.390,75.05,1.00,0.18,-0.76,0.24,0.977,1.02,-1.32,1.115,0.00,0.90,11.526,18.8,97.658,0.496,0.000,900,6.43,4.5,2.96,-2.36,27.8,1,1,0,0,1,1,0,0,0,0,1,0,0,0,0,0,0,0,0,0,1,1,1,1,0,0,0,1,0,0,0,0,1,1,5156.0,0C,1,1,0,1,1,0,1,0,0,453.75,952.69,,,,,,,,,,,,,,,,,,,,,,,,,,,,,,,,,,,,,,,,,,,,,,,,,,,,,,,,,
440,222,745,14.10,59.25,3025,41.3,20.250,10.182,32.59,29.233,71.32,1.00,0.89,-0.76,0.88,0.972,1.02,-1.32,1.109,0.00,0.90,11.526,18.8,97.658,0.496,0.000,900,6.42,4.5,2.96,-2.36,27.8,1,1,0,0,1,1,0,0,0,0,1,0,0,0,0,0,0,0,0,0,1,1,1,1,0,0,0,1,0,0,0,0,1,1,5156.0,0C,1,1,0,1,1,0,1,0,0,434.38,912.63,,,,,,,,,,,,,,,,,,,,,,,,,,,,,,,,,,,,,,,,,,,,,,,,,,,,,,,,,
441,223,135,14.10,59.25,3042,42.5,18.000,0.550,2.29,0.000,12.98,1.00,0.93,-0.76,1.00,1.000,1.02,-1.32,1.166,0.00,0.90,14.872,18.0,77.951,0.496,0.000,900,6.42,4.5,2.96,-4.61,27.8,1,1,0,0,1,1,0,0,0,0,1,0,1,0,0,0,0,0,1,0,1,1,0,1,0,0,0,0,0,1,0,0,1,1,5156.0,0C,1,1,0,1,1,0,1,0,0,80.06,319.75,,,,,,,,,,,,,,,,,,,,,,,,,,,,,,,,,,,,,,,,,,,,,,,,,,,,,,,,,
442,223,516,14.10,59.25,2584,42.5,39.000,1.549,5.40,0.000,12.02,1.00,0.15,-0.76,0.24,1.011,1.02,-1.32,1.150,0.00,0.90,14.872,18.0,34.401,0.496,0.000,900,6.50,4.5,2.99,-4.39,27.8,1,1,0,0,1,1,0,0,0,0,1,0,1,0,0,0,0,0,1,0,1,1,1,1,0,0,0,0,0,1,0,0,1,1,5156.0,0C,1,1,0,1,1,0,1,0,0,70.69,230.13,,,,,,,,,,,,,,,,,,,,,,,,,,,,,,,,,,,,,,,,,,,,,,,,,,,,,,,,,
443,223,903,14.10,59.25,2235,42.5,25.500,6.566,14.23,15.100,43.62,1.00,0.95,-0.76,0.89,1.003,1.02,-1.32,1.139,0.00,0.90,4.109,18.0,80.369,0.496,0.000,900,6.72,4.5,3.10,-2.47,27.8,1,1,0,0,1,1,0,0,0,0,1,0,1,0,0,0,0,0,0,0,1,1,1,1,1,0,0,1,0,0,0,0,1,1,5156.0,0C,1,1,0,1,1,0,1,0,0,263.00,639.38,,,,,,,,,,,,,,,,,,,,,,,,,,,,,,,,,,,,,,,,,,,,,,,,,,,,,,,,,
444,224,296,14.10,60.00,2069,43.8,22.500,7.078,16.53,21.999,51.07,1.00,0.93,-0.76,0.98,0.957,1.02,-1.32,1.130,0.00,0.90,4.109,18.0,97.658,0.496,0.000,900,6.79,4.5,3.13,-2.49,27.8,1,1,0,0,1,1,0,0,0,0,1,0,1,0,0,0,0,0,0,0,1,1,1,1,1,0,0,1,0,0,0,0,1,1,5156.0,0C,1,1,0,1,1,0,1,0,0,311.69,731.31,,,,,,,,,,,,,,,,,,,,,,,,,,,,,,,,,,,,,,,,,,,,,,,,,,,,,,,,,
445,224,682,14.10,60.00,2141,45.0,15.000,10.720,30.52,28.171,72.94,1.00,0.77,-0.76,0.70,0.963,1.02,-1.32,1.120,0.00,0.90,4.109,18.0,97.658,0.496,0.000,900,6.74,4.5,3.11,-2.47,27.8,1,1,0,0,1,1,0,0,0,0,1,0,0,0,0,0,0,0,0,0,1,1,1,1,0,0,0,1,0,0,0,0,1,1,5156.0,0C,1,1,0,1,1,0,1,0,0,445.50,962.00,,,,,,,,,,,,,,,,,,,,,,,,,,,,,,,,,,,,,,,,,,,,,,,,,,,,,,,,,
446,225,72,14.10,60.00,2215,46.3,15.000,9.894,27.66,28.257,71.34,1.00,0.98,-0.76,1.01,0.907,1.02,-1.32,1.120,0.00,0.90,11.107,18.0,97.658,0.496,0.000,900,6.70,4.5,3.09,-2.46,27.8,1,1,0,0,1,1,0,0,0,0,1,0,0,0,0,0,0,0,0,0,1,1,1,1,0,0,0,1,0,0,0,0,1,1,5156.0,0C,1,1,0,1,1,0,1,0,0,434.31,943.88,,,,,,,,,,,,,,,,,,,,,,,,,,,,,,,,,,,,,,,,,,,,,,,,,,,,,,,,,
447,225,477,14.10,60.00,2283,47.5,15.750,9.299,26.22,27.929,70.50,1.00,0.99,-0.76,1.06,0.851,0.31,4.75,1.953,0.01,0.75,0.194,-42.0,51.954,0.703,-14.250,2520,-24.69,128.3,0.96,-48.07,114.0,0,1,0,0,0,1,0,1,1,1,1,1,0,1,1,0,0,1,0,0,0,0,0,0,0,0,0,1,0,1,1,0,0,0,9140.3,4C,0,1,0,1,0,1,1,1,1,1,1,,,,,,,,,,,,,,,,,,,,,,,,,,,,,,,,,,,,,,,,,,,,,,,,,,,,,,,,,
448,225,857,14.10,60.00,2351,50.0,17.250,8.454,26.10,27.358,68.32,1.00,0.98,-0.76,1.05,0.795,1.02,-1.32,1.120,0.00,0.90,9.393,18.0,97.658,0.496,0.000,900,6.61,4.5,3.05,-2.43,27.8,1,1,0,0,1,1,0,0,0,0,1,0,0,0,0,0,0,0,0,0,1,1,1,1,0,0,0,1,0,0,0,0,1,1,5156.0,0C,1,1,0,1,1,0,1,0,0,413.69,923.06,,,,,,,,,,,,,,,,,,,,,,,,,,,,,,,,,,,,,,,,,,,,,,,,,,,,,,,,,
449,226,245,14.10,60.00,2394,50.0,18.750,8.333,26.27,26.304,66.94,1.00,0.19,-0.76,0.77,0.795,1.02,-1.32,1.120,0.00,0.90,9.393,18.0,97.658,0.496,0.000,900,6.59,4.5,3.04,-2.42,27.8,1,1,0,0,1,1,0,0,0,0,1,0,0,0,0,0,0,0,0,0,1,1,1,1,1,0,0,1,0,0,0,0,1,1,5156.0,0C,1,1,0,1,1,0,1,0,0,404.63,919.81,,,,,,,,,,,,,,,,,,,,,,,,,,,,,,,,,,,,,,,,,,,,,,,,,,,,,,,,,
450,226,655,14.10,60.00,2459,52.5,20.250,7.942,24.63,25.171,62.93,1.00,0.20,-0.76,0.30,0.854,1.02,-1.32,1.120,0.00,0.90,9.393,18.0,97.658,0.496,0.000,900,6.55,4.5,3.02,-2.40,27.8,1,1,0,0,1,1,0,0,0,0,1,0,0,0,0,0,0,0,0,0,1,1,1,1,1,0,0,1,0,0,0,0,1,1,5156.0,0C,1,1,0,1,1,0,1,0,0,382.38,888.13,,,,,,,,,,,,,,,,,,,,,,,,,,,,,,,,,,,,,,,,,,,,,,,,,,,,,,,,,
451,227,145,14.10,60.00,2533,53.8,23.250,6.938,19.82,21.999,54.40,1.00,0.21,-0.76,0.31,0.913,1.02,-1.32,1.130,0.00,0.90,8.806,18.0,97.658,0.496,0.000,900,6.51,4.5,3.00,-2.39,27.8,1,1,0,0,1,1,0,0,0,0,1,0,0,0,0,0,0,0,0,0,1,1,1,1,1,0,0,1,0,0,0,0,1,1,5156.0,0C,1,1,0,1,1,0,1,0,0,314.50,769.19,,,,,,,,,,,,,,,,,,,,,,,,,,,,,,,,,,,,,,,,,,,,,,,,,,,,,,,,,
452,227,533,14.10,60.00,2562,53.8,33.750,2.470,10.21,0.000,23.70,1.00,0.16,-0.76,0.27,0.975,1.02,-1.32,1.161,0.00,0.90,8.806,17.3,66.201,0.496,0.000,900,6.48,4.5,2.99,-4.38,27.8,1,1,0,0,1,1,0,0,0,0,1,0,0,0,0,0,0,0,1,0,1,1,1,1,1,0,0,0,0,0,0,0,1,1,5156.0,0C,1,1,0,1,1,0,1,0,0,142.81,401.56,,,,,,,,,,,,,,,,,,,,,,,,,,,,,,,,,,,,,,,,,,,,,,,,,,,,,,,,,
453,227,891,14.10,60.00,2523,53.8,34.500,2.637,8.98,0.000,19.97,1.00,0.18,-0.76,0.27,1.012,1.02,-1.32,1.147,0.00,0.90,2.559,17.3,50.996,0.496,0.000,900,6.52,4.5,3.00,-4.37,27.8,1,1,0,0,1,1,0,0,0,0,1,0,0,0,0,0,0,0,1,0,1,1,1,1,1,0,0,0,0,1,0,0,1,1,5156.0,0C,1,1,0,1,1,0,1,1,1,1,1,,,,,,,,,,,,,,,,,,,,,,,,,,,,,,,,,,,,,,,,,,,,,,,,,,,,,,,,,
454,228,285,14.10,60.00,2548,53.8,36.000,2.541,8.08,0.000,17.70,1.00,0.19,-0.76,0.28,1.047,1.02,-1.32,1.147,0.00,0.90,2.559,17.3,44.083,0.496,0.000,900,6.50,4.5,3.00,-4.38,27.8,1,1,0,0,1,1,0,0,0,0,1,0,0,0,0,0,0,0,1,0,1,1,1,1,1,0,0,0,0,1,0,0,1,1,5156.0,0C,1,1,0,1,1,0,1,0,0,111.13,323.50,,,,,,,,,,,,,,,,,,,,,,,,,,,,,,,,,,,,,,,,,,,,,,,,,,,,,,,,,
455,228,664,14.10,60.00,2529,52.5,36.750,2.214,7.10,0.000,15.19,1.00,0.88,-0.76,0.93,1.025,1.02,-1.32,1.146,0.00,0.90,2.559,17.3,38.209,0.496,0.000,900,6.51,4.5,3.00,-4.37,27.8,1,1,0,0,1,1,0,0,0,0,1,0,0,0,0,0,0,0,1,0,1,1,1,1,1,0,0,0,0,1,0,0,1,1,5156.0,0C,1,1,0,1,1,0,1,0,0,94.19,282.69,,,,,,,,,,,,,,,,,,,,,,,,,,,,,,,,,,,,,,,,,,,,,,,,,,,,,,,,,
456,229,55,14.10,60.00,2482,52.5,37.500,1.843,5.10,0.000,12.26,1.00,0.87,-0.76,0.86,1.059,1.02,-1.32,1.147,0.00,0.90,2.238,17.3,31.640,0.496,0.000,900,6.52,4.5,3.01,-4.35,27.8,1,1,0,0,1,1,0,0,0,0,1,0,0,0,0,0,0,0,1,0,1,1,1,1,1,0,0,0,0,1,0,0,1,1,5156.0,0C,1,1,0,1,1,0,1,0,0,69.00,224.25,,,,,,,,,,,,,,,,,,,,,,,,,,,,,,,,,,,,,,,,,,,,,,,,,,,,,,,,,
457,229,445,14.10,60.00,2444,51.3,5.250,1.779,5.15,0.000,11.53,1.00,0.87,-0.76,0.96,1.007,1.02,-1.32,1.138,0.00,0.90,2.238,17.3,29.915,0.496,0.000,900,6.56,4.5,3.02,-4.36,27.8,1,1,0,0,1,1,0,0,0,0,1,0,0,0,0,0,0,0,1,0,1,1,1,1,1,0,0,0,0,1,0,0,1,1,5156.0,0C,1,1,0,1,1,0,1,0,0,71.00,224.13,,,,,,,,,,,,,,,,,,,,,,,,,,,,,,,,,,,,,,,,,,,,,,,,,,,,,,,,,
458,229,836,14.10,60.00,2407,51.3,-13.500,0.000,5.15,0.000,12.16,1.45,0.11,-1.45,0.49,0.007,0.00,0.04,0.000,0.01,0.75,0.194,-42.0,42.579,0.703,-22.500,2500,87.03,1766.7,0.91,-42.60,114.0,0,1,0,0,0,1,0,1,1,1,1,1,0,1,1,0,0,1,0,0,0,0,0,0,0,0,0,0,1,0,0,0,0,0,7810.3,4D,0,1,0,1,0,1,1,1,1,1,1,,,,,,,,,,,,,,,,,,,,,,,,,,,,,,,,,,,,,,,,,,,,,,,,,,,,,,,,,
459,230,217,14.00,60.75,2335,50.0,-14.250,0.000,5.03,0.000,13.22,1.00,0.13,-0.76,0.23,1.000,1.02,-1.32,1.128,0.00,0.90,0.000,18.0,0.000,0.496,0.000,900,6.63,4.5,3.06,-4.34,27.8,1,1,0,1,1,1,0,0,0,0,1,1,0,0,0,0,0,0,1,0,0,1,0,1,0,0,1,0,0,1,0,1,1,1,5156.0,0C,1,1,0,1,1,0,1,0,0,81.31,237.81,,,,,,,,,,,,,,,,,,,,,,,,,,,,,,,,,,,,,,,,,,,,,,,,,,,,,,,,,
460,230,617,14.00,60.75,2216,46.3,-14.250,0.000,4.66,0.000,13.43,1.00,0.12,-0.76,0.23,1.000,0.00,0.04,0.000,0.01,0.75,0.194,-42.0,58.985,0.703,-7.500,2500,97.18,1766.7,2.47,-17.60,114.0,0,1,0,0,0,1,0,1,1,1,1,1,0,1,1,0,0,1,0,0,0,0,0,0,0,0,1,0,1,0,0,0,0,0,1794.3,B2,0,1,0,1,0,1,1,1,1,1,1,,,,,,,,,,,,,,,,,,,,,,,,,,,,,,,,,,,,,,,,,,,,,,,,,,,,,,,,,
461,231,44,14.00,60.75,2078,43.8,-14.250,0.000,4.17,0.000,12.91,1.00,0.12,-0.76,0.22,1.000,1.02,-1.32,1.118,0.00,0.90,0.000,18.0,0.000,0.496,0.000,900,6.81,4.5,3.14,-4.20,27.8,1,1,0,1,1,1,0,0,0,0,1,1,0,0,0,0,0,0,1,0,0,1,0,1,0,0,1,0,0,1,0,1,1,1,5156.0,0C,1,1,0,1,1,0,1,0,0,77.19,224.25,,,,,,,,,,,,,,,,,,,,,,,,,,,,,,,,,,,,,,,,,,,,,,,,,,,,,,,,,
462,231,444,14.00,60.75,1941,41.3,-12.750,0.000,3.93,0.000,11.60,1.00,0.12,-0.76,0.22,1.000,1.02,-1.32,1.117,0.00,0.90,0.000,18.0,0.000,0.496,0.000,900,6.90,4.5,3.25,-17.60,114.0,0,1,0,0,0,1,0,1,1,1,1,1,0,1,1,0,0,1,0,0,0,0,0,0,0,0,0,0,1,0,0,0,0,0,3501.0,56,0,1,0,1,0,1,1,1,1,1,1,,,,,,,,,,,,,,,,,,,,,,,,,,,,,,,,,,,,,,,,,,,,,,,,,,,,,,,,,
463,231,852,14.00,60.75,1834,38.8,-12.000,0.000,3.93,0.000,10.80,1.00,0.12,-0.76,0.22,1.000,1.02,-1.32,1.116,0.00,0.90,0.000,18.8,0.000,0.496,0.000,900,6.97,4.5,3.21,-3.59,27.8,1,1,0,1,1,1,0,0,0,0,1,1,0,0,0,0,0,0,1,0,0,1,0,1,0,0,1,0,0,1,0,1,1,1,5156.0,0C,1,1,0,1,1,0,1,0,0,65.38,240.25,,,,,,,,,,,,,,,,,,,,,,,,,,,,,,,,,,,,,,,,,,,,,,,,,,,,,,,,,
464,232,278,13.90,60.75,1738,36.3,-12.750,0.000,3.93,0.000,11.39,1.00,0.12,-0.76,0.22,1.000,1.02,-1.32,1.115,0.00,0.90,0.000,18.8,0.000,0.496,0.000,900,7.03,4.5,3.24,-3.32,27.8,1,1,0,1,1,1,0,0,0,0,1,1,0,0,0,0,0,0,1,0,0,1,0,1,0,0,1,0,0,1,0,1,1,1,5156.0,0C,1,1,0,1,1,0,1,0,0,71.50,253.94,,,,,,,,,,,,,,,,,,,,,,,,,,,,,,,,,,,,,,,,,,,,,,,,,,,,,,,,,
465,232,655,14.00,60.75,1662,35.0,-14.250,0.000,3.93,0.000,12.77,1.00,0.12,-0.76,0.22,1.000,1.02,-1.32,1.111,0.00,0.90,0.000,18.8,0.000,0.496,0.000,900,7.09,4.5,3.27,-3.11,27.8,1,1,0,1,1,1,0,0,0,0,1,0,0,0,0,0,0,0,1,0,0,1,0,1,0,0,1,0,0,1,0,0,1,1,5156.0,0C,1,1,0,1,1,0,1,0,0,78.50,269.69,,,,,,,,,,,,,,,,,,,,,,,,,,,,,,,,,,,,,,,,,,,,,,,,,,,,,,,,,
466,233,57,14.10,60.75,1625,33.8,-14.250,0.000,3.93,0.000,13.57,1.00,0.12,-0.76,0.22,1.000,1.02,-1.32,1.104,0.00,0.90,0.000,18.8,0.000,0.496,0.000,900,7.12,4.5,3.28,-3.00,27.8,1,1,0,1,1,1,0,0,0,0,1,0,0,0,0,0,0,0,1,0,0,1,0,1,0,0,1,0,0,1,0,0,1,1,5156.0,0C,1,1,0,1,1,0,1,0,0,84.13,281.19,,,,,,,,,,,,,,,,,,,,,,,,,,,,,,,,,,,,,,,,,,,,,,,,,,,,,,,,,
467,233,440,14.00,60.75,1592,33.8,-2.250,2.496,3.88,15.991,13.57,0.97,0.13,-0.76,0.22,1.004,1.02,-1.32,1.103,0.00,0.90,0.000,19.5,8.995,0.496,39.750,2520,-69.22,1766.7,0.96,-43.38,114.0,0,1,0,0,0,1,0,1,1,1,1,1,0,1,1,0,0,1,0,0,0,0,0,0,0,0,1,0,1,0,0,0,0,0,4995.0,2,0,1,0,1,0,1,1,1,1,1,1,,,,,,,,,,,,,,,,,,,,,,,,,,,,,,,,,,,,,,,,,,,,,,,,,,,,,,,,,
468,233,833,14.10,61.50,1580,32.5,6.750,6.298,12.77,23.867,32.81,0.97,0.96,-0.76,0.93,0.984,1.02,-1.32,1.087,0.00,0.90,3.522,19.5,9.522,0.496,0.000,900,7.14,4.5,3.29,-2.62,27.8,1,1,0,1,1,1,0,0,0,0,1,0,0,0,0,0,0,0,0,0,1,1,1,1,1,0,0,0,0,1,0,0,1,1,5156.0,0C,1,1,0,1,1,0,1,0,0,243.94,642.56,,,,,,,,,,,,,,,,,,,,,,,,,,,,,,,,,,,,,,,,,,,,,,,,,,,,,,,,,
469,234,216,14.00,61.50,1602,33.8,9.000,12.365,33.03,26.632,76.29,0.96,1.00,-0.76,1.05,0.943,1.02,-1.32,1.120,0.00,0.90,3.522,19.5,61.364,0.496,0.000,900,7.13,4.5,3.28,-2.62,27.8,1,1,0,1,1,1,0,0,0,0,1,0,0,0,0,0,0,0,0,0,1,1,1,1,0,0,0,1,0,0,0,0,1,1,5156.0,0C,1,1,0,1,1,0,1,0,0,460.94,987.25,,,,,,,,,,,,,,,,,,,,,,,,,,,,,,,,,,,,,,,,,,,,,,,,,,,,,,,,,
470,234,624,14.10,61.50,1674,35.0,12.750,10.080,27.00,26.554,67.64,0.97,0.25,-0.76,0.92,0.935,1.02,-1.32,1.120,0.00,0.90,3.522,19.5,34.058,0.496,0.000,900,7.08,4.5,3.26,-2.60,27.8,1,1,0,1,1,1,0,0,0,0,1,0,0,0,0,0,0,0,0,0,1,1,1,1,0,0,0,1,0,0,0,0,1,1,5156.0,0C,1,1,0,1,1,0,1,0,0,413.50,951.50,,,,,,,,,,,,,,,,,,,,,,,,,,,,,,,,,,,,,,,,,,,,,,,,,,,,,,,,,
471,235,14,14.00,61.50,1755,36.3,17.250,9.318,22.02,24.678,59.77,0.98,0.31,-0.76,0.45,0.980,1.02,-1.32,1.120,0.00,0.90,7.869,19.5,23.346,0.496,0.000,900,7.03,4.5,3.24,-2.58,27.8,1,1,0,1,1,1,0,0,0,0,1,0,0,0,0,0,0,0,0,0,1,1,1,1,0,0,0,1,0,0,0,0,1,1,5156.0,0C,1,1,0,1,1,0,1,0,0,360.19,898.63,,,,,,,,,,,,,,,,,,,,,,,,,,,,,,,,,,,,,,,,,,,,,,,,,,,,,,,,,
472,235,406,14.00,61.50,1828,38.8,18.000,9.171,21.70,24.523,59.02,0.98,0.20,-0.76,0.30,0.991,1.02,-1.32,1.120,0.00,0.90,7.869,19.5,23.003,0.496,0.000,900,6.98,4.5,3.22,-2.56,27.8,1,1,0,1,1,1,0,0,0,0,1,0,0,0,0,0,0,0,0,0,1,1,1,1,1,0,0,1,0,0,0,0,1,1,5156.0,0C,1,1,0,1,1,0,1,0,0,363.19,882.69,,,,,,,,,,,,,,,,,,,,,,,,,,,,,,,,,,,,,,,,,,,,,,,,,,,,,,,,,
473,235,785,14.10,61.50,1902,40.0,18.750,9.005,20.68,23.709,58.90,0.99,0.86,-0.76,0.93,0.971,1.02,-1.32,1.120,0.00,0.90,7.749,18.8,21.271,0.496,0.000,900,6.92,4.5,3.19,-2.54,27.8,1,1,0,1,1,1,0,0,0,0,1,0,0,0,0,0,0,0,0,0,1,1,1,1,1,0,0,1,0,0,0,0,1,1,5156.0,0C,1,1,0,1,1,0,1,0,0,361.94,857.88,,,,,,,,,,,,,,,,,,,,,,,,,,,,,,,,,,,,,,,,,,,,,,,,,,,,,,,,,
474,236,208,14.00,61.50,1964,41.3,22.500,6.483,14.65,18.836,46.97,1.00,0.97,-0.76,1.03,0.923,1.02,-1.32,1.124,0.00,0.90,7.749,18.8,15.740,0.496,0.000,900,6.88,4.5,3.17,-2.52,27.8,1,1,0,1,1,1,0,0,0,0,1,0,0,0,0,0,0,0,0,0,1,1,1,1,1,0,0,1,0,0,0,0,1,1,5156.0,0C,1,1,0,1,1,0,1,0,0,283.69,699.31,,,,,,,,,,,,,,,,,,,,,,,,,,,,,,,,,,,,,,,,,,,,,,,,,,,,,,,,,
475,236,605,14.10,61.50,1992,42.5,14.250,3.411,7.96,0.000,30.19,1.00,0.94,-0.76,1.03,0.881,1.02,-1.32,1.125,0.00,0.90,7.749,18.8,14.359,0.496,0.000,900,6.86,4.5,3.16,-4.02,27.8,1,1,0,1,1,1,0,0,0,0,1,0,0,0,0,0,0,0,1,0,1,1,1,1,1,0,0,1,0,1,0,0,1,1,5156.0,0C,1,1,0,1,1,0,1,0,0,177.69,464.44,,,,,,,,,,,,,,,,,,,,,,,,,,,,,,,,,,,,,,,,,,,,,,,,,,,,,,,,,
476,237,16,14.10,61.50,1979,42.5,32.250,2.464,371.88,67.695,1208.53,1.45,0.11,-1.43,0.50,0.007,0.06,-11.43,0.301,0.01,0.75,7.693,124.5,39.559,0.047,93.750,2000,94.41,313.0,-78.91,6.43,-31.5,1,0,0,0,0,1,0,1,0,1,0,1,0,1,0,1,0,1,1,1,1,1,1,1,1,1,1,1,1,1,1,1,1,1,1,,,,,,,,,,,,,,,,,,,,,,,,,,,,,,,,,,,,,,,,,,,,,,,,,,,,,,,,,,,,,,,,,,,,,
477,237,403,14.10,61.50,1976,41.3,12.000,2.349,6.45,0.000,19.34,1.00,0.20,-0.76,0.66,0.857,1.02,-1.32,1.111,0.00,0.90,2.511,18.0,16.091,0.496,0.000,900,6.87,4.5,3.16,-3.97,27.8,1,1,0,1,1,1,0,0,0,0,1,0,0,0,0,0,0,0,1,0,1,1,1,1,1,0,0,0,0,1,0,0,1,1,5156.0,0C,1,1,0,1,1,0,1,0,0,115.44,322.38,,,,,,,,,,,,,,,,,,,,,,,,,,,,,,,,,,,,,,,,,,,,,,,,,,,,,,,,,
478,237,807,14.10,61.50,1976,41.3,34.500,2.022,5.35,0.000,16.08,1.00,0.19,-0.76,0.27,0.885,1.02,-1.32,1.095,0.00,0.90,1.761,18.0,17.121,0.496,0.000,900,6.86,4.5,3.16,-3.96,27.8,1,1,0,1,1,1,0,0,0,0,1,0,0,0,0,0,0,0,1,0,1,1,1,1,1,0,0,0,0,1,0,0,1,1,5156.0,0C,1,1,0,1,1,0,1,0,0,93.88,281.56,,,,,,,,,,,,,,,,,,,,,,,,,,,,,,,,,,,,,,,,,,,,,,,,,,,,,,,,,
479,238,218,14.10,62.25,1951,41.3,34.500,2.029,5.15,0.000,14.98,1.00,0.18,-0.76,0.28,0.907,1.02,-1.32,1.103,0.00,0.90,1.761,18.0,18.158,0.496,0.000,900,6.88,4.5,3.17,-3.93,27.8,1,1,0,1,1,1,0,0,0,0,1,0,0,0,0,0,0,0,1,0,1,1,1,1,1,0,0,0,0,1,0,0,1,1,5156.0,0C,1,1,0,1,1,0,1,0,0,90.25,266.56,,,,,,,,,,,,,,,,,,,,,,,,,,,,,,,,,,,,,,,,,,,,,,,,,,,,,,,,,
480,238,614,14.10,62.25,1919,40.0,20.250,1.824,3.93,0.000,12.91,1.00,0.18,-0.76,0.28,0.930,1.02,-1.32,1.114,0.00,0.90,0.194,-42.0,82.814,0.703,13.500,2510,16.71,1766.7,1.16,-43.38,114.0,0,1,0,0,0,1,0,1,1,1,1,1,0,1,1,0,0,1,0,0,0,0,0,0,0,0,0,0,1,0,0,0,0,0,5250.3,E1,0,1,0,1,0,1,1,1,1,1,1,,,,,,,,,,,,,,,,,,,,,,,,,,,,,,,,,,,,,,,,,,,,,,,,,,,,,,,,,
481,238,994,14.10,62.25,1876,40.0,5.250,1.626,4.00,0.000,11.16,1.00,0.15,-0.76,0.24,0.949,1.02,-1.32,1.116,0.00,0.90,1.174,18.8,22.309,0.496,0.000,900,6.94,4.5,3.20,-3.71,27.8,1,1,0,1,1,1,0,0,0,0,1,0,0,0,0,0,0,0,1,0,1,1,1,1,1,0,0,0,0,1,0,0,1,1,5156.0,0C,1,1,0,1,1,0,1,0,0,67.69,233.94,,,,,,,,,,,,,,,,,,,,,,,,,,,,,,,,,,,,,,,,,,,,,,,,,,,,,,,,,
482,239,382,14.10,62.25,1832,38.8,-12.000,0.000,3.93,0.000,10.80,1.00,0.15,-0.76,0.23,1.000,1.02,-1.32,1.116,0.00,0.90,1.174,18.8,0.000,0.496,0.000,900,6.96,4.5,3.21,-3.60,27.8,1,1,0,1,1,1,0,0,0,0,1,0,0,0,0,0,0,0,1,0,0,1,0,1,0,0,1,0,0,1,0,0,1,1,5156.0,0C,1,1,0,1,1,0,1,0,0,66.00,237.69,,,,,,,,,,,,,,,,,,,,,,,,,,,,,,,,,,,,,,,,,,,,,,,,,,,,,,,,,
483,239,782,14.10,62.25,1790,37.5,-12.000,0.000,3.93,0.000,10.85,1.00,0.13,-0.76,0.22,1.000,1.02,-1.32,1.116,0.00,0.90,0.000,18.8,0.000,0.496,0.000,900,6.99,4.5,3.22,-3.50,27.8,1,1,0,1,1,1,0,0,0,0,1,0,0,0,0,0,0,0,1,0,0,1,0,1,0,0,1,0,0,1,0,0,1,1,5156.0,0C,1,1,0,1,1,0,1,0,0,66.56,242.81,,,,,,,,,,,,,,,,,,,,,,,,,,,,,,,,,,,,,,,,,,,,,,,,,,,,,,,,,
484,240,175,13.90,62.25,1742,36.3,-13.500,0.000,4.00,0.000,11.67,1.00,0.12,-0.76,0.22,1.000,1.02,-1.32,1.115,0.00,0.90,0.000,18.8,0.000,0.496,0.000,900,7.03,4.5,3.24,-3.35,27.8,1,1,0,1,1,1,0,0,0,0,1,1,0,0,0,0,0,0,1,0,0,1,0,1,0,0,1,0,0,1,0,1,1,1,5156.0,0C,1,1,0,1,1,0,1,0,0,71.81,254.63,,,,,,,,,,,,,,,,,,,,,,,,,,,,,,,,,,,,,,,,,,,,,,,,,,,,,,,,,
485,240,586,14.00,62.25,1668,35.0,-14.250,0.000,4.05,0.000,12.82,1.00,0.12,-0.76,0.20,1.000,1.02,-1.32,1.110,0.00,0.90,0.000,18.8,0.000,0.496,0.000,900,7.09,4.5,3.27,-3.11,27.8,1,1,0,1,1,1,0,0,0,0,1,1,0,0,0,0,0,0,1,0,0,1,0,1,0,0,1,0,0,1,0,1,1,1,5156.0,0C,1,1,0,1,1,0,1,0,0,79.81,272.31,,,,,,,,,,,,,,,,,,,,,,,,,,,,,,,,,,,,,,,,,,,,,,,,,,,,,,,,,
486,240,986,13.90,62.25,1429,32.5,-15.000,0.000,4.05,0.000,15.19,1.00,0.12,-0.76,0.20,1.000,1.02,-1.32,1.079,0.00,0.90,0.000,18.8,0.000,0.496,0.000,900,7.13,4.5,3.29,-1.77,27.8,1,1,0,1,1,1,0,0,0,0,1,1,1,0,0,0,0,0,1,0,0,1,0,1,0,0,1,0,0,1,0,1,1,1,5156.0,0C,1,1,0,1,1,0,1,0,0,86.06,313.06,,,,,,,,,,,,,,,,,,,,,,,,,,,,,,,,,,,,,,,,,,,,,,,,,,,,,,,,,
487,241,375,13.20,62.25,1136,31.3,3.750,4.256,4.79,0.000,24.21,0.97,0.12,-0.76,0.20,1.004,1.02,-1.32,1.035,0.00,0.90,0.000,19.5,8.995,0.496,0.000,900,7.13,4.5,3.83,-0.87,27.8,1,1,0,1,1,1,0,0,0,0,1,1,1,0,0,0,0,0,1,0,1,1,1,1,0,0,0,0,0,1,0,1,1,1,5156.0,0C,1,1,0,1,1,0,1,0,0,143.31,461.50,,,,,,,,,,,,,,,,,,,,,,,,,,,,,,,,,,,,,,,,,,,,,,,,,,,,,,,,,
488,241,767,13.80,62.25,1143,28.8,0.000,3.494,4.74,0.000,22.03,0.97,0.93,-0.76,0.93,0.986,1.02,-1.32,1.039,0.00,0.90,1.761,19.5,9.087,0.496,0.000,900,7.14,4.5,3.13,-0.62,27.8,1,1,0,1,1,1,0,0,0,0,1,1,0,0,0,0,0,0,1,0,1,1,1,1,1,0,0,0,0,1,0,1,1,1,5156.0,0C,1,1,0,1,1,0,1,0,0,134.88,441.38,,,,,,,,,,,,,,,,,,,,,,,,,,,,,,,,,,,,,,,,,,,,,,,,,,,,,,,,,
489,242,163,14.00,62.25,1088,27.5,0.750,3.386,3.88,0.000,22.48,0.96,0.94,-0.76,1.01,0.968,1.02,-1.32,1.035,0.00,0.90,1.761,19.5,9.178,0.496,0.000,900,7.14,4.5,2.60,-0.42,27.8,1,1,0,1,1,1,0,0,0,0,1,1,0,0,0,0,0,0,1,0,1,1,1,1,1,0,0,0,0,0,0,1,1,1,5156.0,0C,1,1,0,1,1,0,1,0,0,135.38,442.13,,,,,,,,,,,,,,,,,,,,,,,,,,,,,,,,,,,,,,,,,,,,,,,,,,,,,,,,,
490,244,595,14.10,63.00,1321,22.5,33.750,2.829,9.42,6.163,17.98,1.00,0.18,-0.76,0.22,0.998,1.02,-1.32,1.067,0.00,0.90,1.099,19.5,12.978,0.496,0.000,900,7.14,4.5,2.06,-1.55,27.8,1,1,0,1,1,1,0,0,0,0,1,0,1,0,0,0,0,0,0,0,1,1,1,1,1,0,0,0,0,1,0,0,1,1,5156.0,0C,1,1,0,1,1,0,1,0,0,126.38,392.94,,,,,,,,,,,,,,,,,,,,,,,,,,,,,,,,,,,,,,,,,,,,,,,,,,,,,,,,,
491,245,6,14.10,63.00,1730,22.5,30.750,3.744,8.69,7.874,25.10,1.00,0.94,-0.76,0.92,0.978,1.02,-1.32,1.107,0.00,0.90,2.681,19.5,13.664,0.496,0.000,900,7.00,4.5,2.02,-2.57,27.8,1,1,0,1,1,1,0,0,0,0,1,0,1,0,0,0,0,0,0,0,1,1,1,1,1,0,0,0,0,0,0,0,1,1,5156.0,0C,1,1,0,1,1,0,1,0,0,155.56,450.81,,,,,,,,,,,,,,,,,,,,,,,,,,,,,,,,,,,,,,,,,,,,,,,,,,,,,,,,,
492,245,393,14.10,63.00,1683,22.5,29.250,4.205,8.20,7.788,28.57,1.00,0.82,-0.76,0.58,0.977,1.02,-1.32,1.098,0.00,0.90,2.681,19.5,14.359,0.496,0.000,900,7.07,4.5,2.04,-2.59,27.8,1,1,0,1,1,1,0,0,0,0,1,0,1,0,0,0,0,0,0,0,1,1,1,1,1,0,0,0,0,0,0,0,1,1,5156.0,0C,1,1,0,1,1,0,1,0,0,171.06,482.06,,,,,,,,,,,,,,,,,,,,,,,,,,,,,,,,,,,,,,,,,,,,,,,,,,,,,,,,,
493,245,797,14.10,63.00,1713,22.5,29.250,4.576,10.40,11.124,30.38,1.00,0.87,-0.76,0.93,0.945,1.02,-1.32,1.101,0.00,0.90,3.107,19.5,14.702,0.496,0.000,900,7.05,4.5,2.04,-2.59,27.8,1,1,0,1,1,1,0,0,0,0,1,0,1,0,0,0,0,0,0,0,1,1,1,1,1,0,0,0,0,0,0,0,1,1,5156.0,0C,1,1,0,1,1,0,1,0,0,190.00,533.13,,,,,,,,,,,,,,,,,,,,,,,,,,,,,,,,,,,,,,,,,,,,,,,,,,,,,,,,,
494,246,192,14.10,63.00,1760,23.8,29.250,4.403,9.79,11.124,30.89,1.00,0.19,-0.76,0.38,0.948,1.02,-1.32,1.104,0.00,0.90,3.107,19.5,15.396,0.496,0.000,900,7.02,4.5,2.03,-2.58,27.8,1,1,0,1,1,1,0,0,0,0,1,0,1,0,0,0,0,0,0,0,1,1,1,1,1,0,0,0,0,0,0,0,1,1,5156.0,0C,1,1,0,1,1,0,1,0,0,187.75,530.69,,,,,,,,,,,,,,,,,,,,,,,,,,,,,,,,,,,,,,,,,,,,,,,,,,,,,,,,,
495,248,687,14.10,63.75,2405,32.5,24.000,6.790,19.17,22.249,51.38,1.00,0.28,-0.76,0.87,0.774,1.02,-1.32,1.143,0.00,0.90,6.289,18.8,23.346,0.496,0.000,900,6.60,4.5,1.91,-2.42,27.8,1,1,0,1,1,1,0,0,0,0,1,0,0,0,0,0,0,0,0,0,1,1,1,1,1,0,0,1,0,0,0,0,1,1,5156.0,0C,1,1,0,1,1,0,1,0,0,316.31,764.38,,,,,,,,,,,,,,,,,,,,,,,,,,,,,,,,,,,,,,,,,,,,,,,,,,,,,,,,,
496,249,95,14.10,63.75,2548,33.8,24.000,7.290,21.09,22.249,52.41,1.00,0.18,-0.76,0.24,0.852,1.02,-1.32,1.136,0.00,0.90,6.751,18.8,25.422,0.496,0.000,900,6.51,4.5,1.88,-2.39,27.8,1,1,0,1,1,1,0,0,0,0,1,0,0,0,0,0,0,0,0,0,1,1,1,1,1,0,0,1,0,0,0,0,1,1,5156.0,0C,1,1,0,1,1,0,1,0,0,320.81,783.13,,,,,,,,,,,,,,,,,,,,,,,,,,,,,,,,,,,,,,,,,,,,,,,,,,,,,,,,,
497,249,475,14.10,-45.75,9998,306.3,6.000,337.536,134.38,13.007,272.72,1.45,0.11,-1.44,1.13,0.007,0.19,7.00,0.543,0.01,0.75,0.194,-42.0,23.047,0.703,72.750,2520,-3.60,1766.7,1.16,-48.07,114.0,0,1,0,0,0,1,0,1,1,1,1,1,0,1,1,0,0,1,0,0,0,0,0,0,0,0,0,0,1,0,1,0,0,0,1117.5,4D,0,1,0,1,0,1,1,1,1,1,1,,,,,,,,,,,,,,,,,,,,,,,,,,,,,,,,,,,,,,,,,,,,,,,,,,,,,,,,,
498,249,855,14.10,63.75,2840,38.8,24.000,8.256,23.78,22.405,54.28,1.00,0.17,-0.76,0.23,0.973,1.02,-1.32,1.125,0.00,0.90,9.862,18.0,27.840,0.496,0.000,900,6.42,4.5,1.86,-2.36,27.8,1,1,0,1,1,1,0,0,0,0,1,0,0,0,0,0,0,0,0,0,1,1,1,1,1,0,0,1,0,0,0,0,1,1,5156.0,0C,1,1,0,1,1,0,1,0,0,330.94,791.94,,,,,,,,,,,,,,,,,,,,,,,,,,,,,,,,,,,,,,,,,,,,,,,,,,,,,,,,,
499,250,246,14.10,63.75,2966,40.0,23.250,8.781,24.15,22.405,55.20,1.00,0.39,-0.76,0.29,1.019,1.02,-1.32,1.119,0.00,0.90,9.862,18.0,28.527,0.496,0.000,900,6.42,4.5,1.86,-2.36,27.8,1,1,0,1,1,1,0,0,0,0,1,0,0,0,0,0,0,0,0,0,1,1,1,1,1,0,0,1,0,0,0,0,1,1,5156.0,0C,1,1,0,1,1,0,1,0,0,339.63,792.94,,,,,,,,,,,,,,,,,,,,,,,,,,,,,,,,,,,,,,,,,,,,,,,,,,,,,,,,,
500,250,679,14.10,63.75,3173,42.5,23.250,8.090,23.36,22.405,55.57,1.00,0.91,-0.76,0.94,0.933,1.02,-1.32,1.112,0.00,0.90,9.862,18.0,27.489,0.496,0.000,900,6.42,4.5,1.85,-2.36,27.8,1,1,0,1,1,1,0,0,0,0,1,0,0,0,0,0,0,0,0,0,1,1,1,1,1,0,0,1,0,0,0,0,1,1,5156.0,0C,1,1,0,1,1,0,1,0,0,337.81,755.56,,,,,,,,,,,,,,,,,,,,,,,,,,,,,,,,,,,,,,,,,,,,,,,,,,,,,,,,,
501,251,67,14.10,63.75,3322,45.0,23.250,7.475,23.17,22.405,54.14,1.00,0.81,-0.76,0.94,0.863,1.02,-1.32,1.120,0.00,0.90,11.350,18.0,27.146,0.496,0.000,900,6.41,4.5,1.85,-2.22,27.8,1,1,0,1,1,1,0,0,0,0,1,0,0,0,0,0,0,0,0,0,1,1,1,1,1,0,0,1,0,0,0,0,1,1,5156.0,0C,1,1,0,1,1,0,1,0,0,330.25,734.63,,,,,,,,,,,,,,,,,,,,,,,,,,,,,,,,,,,,,,,,,,,,,,,,,,,,,,,,,
502,251,486,14.10,63.75,3433,47.5,12.000,4.269,13.75,0.000,36.70,1.00,0.93,-0.76,0.99,0.840,1.02,-1.32,1.157,0.00,0.90,11.350,18.0,24.033,0.496,0.000,900,6.41,4.5,1.85,-4.45,27.8,1,1,0,1,1,1,0,0,0,0,1,0,0,0,0,0,0,0,1,0,1,1,1,1,1,0,0,1,0,1,0,0,1,1,5156.0,0C,1,1,0,1,1,0,1,0,0,216.94,549.38,,,,,,,,,,,,,,,,,,,,,,,,,,,,,,,,,,,,,,,,,,,,,,,,,,,,,,,,,
503,251,873,14.10,63.75,3186,47.5,39.000,1.466,6.93,0.000,12.47,1.00,0.19,-0.76,0.27,0.858,1.02,-1.32,1.166,0.00,0.90,1.761,17.3,24.384,0.496,0.000,900,6.41,4.5,1.85,-4.69,27.8,1,1,0,1,1,1,0,0,0,0,1,0,1,0,0,0,0,0,1,0,1,1,1,1,1,0,0,0,0,1,0,0,1,1,5156.0,0C,1,1,0,1,1,0,1,0,0,74.88,239.38,,,,,,,,,,,,,,,,,,,,,,,,,,,,,,,,,,,,,,,,,,,,,,,,,,,,,,,,,
504,252,274,14.10,63.75,2763,46.3,39.000,1.453,6.54,0.000,10.29,1.00,0.15,-0.76,0.24,0.892,1.02,-1.32,1.165,0.00,0.90,1.761,17.3,26.108,0.496,0.000,900,6.41,4.5,1.85,-4.43,27.8,1,1,0,1,1,1,0,0,0,0,1,0,1,0,0,0,0,0,1,0,1,1,1,1,1,0,0,0,0,1,0,0,1,1,5156.0,0C,1,1,0,1,1,0,1,0,0,63.50,231.63,,,,,,,,,,,,,,,,,,,,,,,,,,,,,,,,,,,,,,,,,,,,,,,,,,,,,,,,,
505,252,694,14.10,63.75,2240,46.3,4.500,5.754,13.18,14.211,35.63,1.00,0.86,-0.76,0.31,0.898,1.02,-1.32,1.146,0.00,0.90,1.761,17.3,27.840,0.496,0.000,900,6.71,4.5,1.94,-2.46,27.8,1,1,0,1,1,1,0,0,0,0,1,0,1,0,0,0,0,0,0,0,1,1,1,1,1,0,0,1,0,0,0,0,1,1,5156.0,0C,1,1,0,1,1,0,1,0,0,212.63,524.19,,,,,,,,,,,,,,,,,,,,,,,,,,,,,,,,,,,,,,,,,,,,,,,,,,,,,,,,,
506,253,84,14.10,64.50,2247,47.5,23.250,7.456,16.89,20.867,51.80,1.00,0.98,-0.76,1.01,0.849,1.02,-1.32,1.141,0.00,0.90,5.687,17.3,33.371,0.496,0.000,900,6.67,4.5,1.93,-2.45,27.8,1,1,0,1,1,1,0,0,0,0,1,0,1,0,0,0,0,0,0,0,1,1,1,1,1,0,0,1,0,0,0,0,1,1,5156.0,0C,1,1,0,1,1,0,1,0,0,313.81,722.13,,,,,,,,,,,,,,,,,,,,,,,,,,,,,,,,,,,,,,,,,,,,,,,,,,,,,,,,,
507,253,484,14.10,64.50,2312,48.8,17.250,8.934,25.73,25.983,68.37,1.00,0.89,-0.76,0.98,0.793,1.02,-1.32,1.120,0.00,0.90,5.687,17.3,77.951,0.496,0.000,900,6.63,4.5,1.92,-2.43,27.8,1,1,0,1,1,1,0,0,0,0,1,0,0,0,0,0,0,0,0,0,1,1,1,1,1,0,0,1,0,0,0,0,1,1,5156.0,0C,1,1,0,1,1,0,1,0,0,416.06,919.25,,,,,,,,,,,,,,,,,,,,,,,,,,,,,,,,,,,,,,,,,,,,,,,,,,,,,,,,,
508,253,866,14.10,64.50,2390,50.0,19.500,8.294,25.00,25.983,64.66,1.00,0.20,-0.76,0.43,0.806,1.02,-1.32,1.120,0.00,0.90,8.806,17.3,76.913,0.496,0.000,900,6.59,4.5,1.90,-2.42,27.8,1,1,0,1,1,1,0,0,0,0,1,0,0,0,0,0,0,0,0,0,1,1,1,1,1,0,0,1,0,0,0,0,1,1,5156.0,0C,1,1,0,1,1,0,1,0,0,393.94,906.81,,,,,,,,,,,,,,,,,,,,,,,,,,,,,,,,,,,,,,,,,,,,,,,,,,,,,,,,,
509,254,266,14.10,64.50,2461,51.3,20.250,8.442,25.73,25.983,64.43,1.00,0.21,-0.76,0.28,0.864,1.02,-1.32,1.120,0.00,0.90,8.806,17.3,81.064,0.496,0.000,900,6.54,4.5,1.89,-2.40,27.8,1,1,0,1,1,1,0,0,0,0,1,0,0,0,0,0,0,0,0,0,1,1,1,1,1,0,0,1,0,0,0,0,1,1,5156.0,0C,1,1,0,1,1,0,1,0,0,393.00,907.75,,,,,,,,,,,,,,,,,,,,,,,,,,,,,,,,,,,,,,,,,,,,,,,,,,,,,,,,,
510,254,643,14.10,64.50,2516,52.5,21.000,8.608,1046.88,14.569,338.72,1.45,0.11,-1.43,0.48,0.007,0.25,0.03,1.725,0.01,0.75,0.194,-42.0,33.594,0.703,78.000,2520,-11.41,1766.7,1.16,-48.07,114.0,0,1,0,0,0,1,0,1,1,1,1,1,0,1,1,0,0,1,0,0,0,0,0,0,0,0,0,0,0,1,1,0,0,0,5470.7,B2,0,1,0,1,0,1,1,1,1,1,1,,,,,,,,,,,,,,,,,,,,,,,,,,,,,,,,,,,,,,,,,,,,,,,,,,,,,,,,,
511,255,64,14.10,64.50,2599,55.0,21.000,8.896,27.54,25.983,63.96,1.00,0.19,-0.76,0.28,0.971,1.02,-1.32,1.120,0.00,0.90,10.567,17.3,88.670,0.496,0.000,900,6.46,4.5,1.86,-2.37,27.8,1,1,0,1,1,1,0,0,0,0,1,0,0,0,0,0,0,0,0,0,1,1,1,1,1,0,0,1,0,0,0,0,1,1,5156.0,0C,1,1,0,1,1,0,1,0,0,391.25,907.19,,,,,,,,,,,,,,,,,,,,,,,,,,,,,,,,,,,,,,,,,,,,,,,,,,,,,,,,,
512,255,458,14.10,64.50,2674,56.3,21.750,8.806,25.98,24.117,60.77,1.00,0.20,-0.76,0.30,1.031,1.02,-1.32,1.120,0.00,0.90,10.567,17.3,83.482,0.496,0.000,900,6.42,4.5,1.94,-48.07,114.0,0,1,0,0,0,1,0,1,1,1,1,1,0,1,1,0,0,1,0,0,0,0,0,0,0,0,1,1,1,0,1,0,0,0,819.7,28,0,1,0,1,0,1,1,1,1,1,1,,,,,,,,,,,,,,,,,,,,,,,,,,,,,,,,,,,,,,,,,,,,,,,,,,,,,,,,,
513,255,846,14.10,64.50,2710,57.5,32.250,3.072,10.69,0.000,26.44,1.00,0.93,-0.76,0.96,1.026,1.02,-1.32,1.167,0.00,0.90,5.121,17.3,43.389,0.496,0.000,900,6.41,4.5,1.85,-4.41,27.8,1,1,0,1,1,1,0,0,0,0,1,0,0,0,0,0,0,0,1,0,1,1,1,1,1,0,0,0,0,1,0,0,1,1,5156.0,0C,1,1,0,1,1,0,1,0,0,145.31,441.44,,,,,,,,,,,,,,,,,,,,,,,,,,,,,,,,,,,,,,,,,,,,,,,,,,,,,,,,,
514,256,245,14.10,64.50,2715,57.5,23.250,2.560,9.55,2.593,18.07,1.00,0.17,-0.76,0.26,1.078,1.02,-1.32,1.166,0.00,0.90,5.121,17.3,45.464,0.496,0.000,900,6.41,4.5,1.85,-2.35,27.8,1,1,0,1,1,1,0,0,0,0,1,0,0,0,0,0,0,0,0,0,1,1,1,1,1,0,0,0,0,1,0,0,1,1,5156.0,0C,1,1,0,1,1,0,1,0,0,108.56,338.13,,,,,,,,,,,,,,,,,,,,,,,,,,,,,,,,,,,,,,,,,,,,,,,,,,,,,,,,,
515,256,654,14.10,64.50,2748,57.5,29.250,7.424,18.90,17.539,38.04,1.00,0.22,-0.76,0.27,1.122,1.02,-1.32,1.174,0.00,0.90,5.121,17.3,47.883,0.496,0.000,900,6.40,4.5,1.85,-2.35,27.8,1,1,0,1,1,1,0,0,0,0,1,0,0,0,0,0,0,0,0,0,1,1,1,1,1,0,0,1,0,0,0,0,1,1,5156.0,0C,1,1,0,1,1,0,1,0,0,266.81,688.81,,,,,,,,,,,,,,,,,,,,,,,,,,,,,,,,,,,,,,,,,,,,,,,,,,,,,,,,,
516,257,66,14.10,64.50,2783,58.8,27.000,7.104,18.97,17.702,44.09,1.00,0.88,-0.76,0.96,1.051,1.02,-1.32,1.162,0.00,0.90,10.215,17.3,54.795,0.496,0.000,900,6.40,4.5,1.85,-2.35,27.8,1,1,0,1,1,1,0,0,0,0,1,0,0,0,0,0,0,0,0,0,1,1,1,1,1,0,0,1,0,0,0,0,1,1,5156.0,0C,1,1,0,1,1,0,1,0,0,265.25,681.38,,,,,,,,,,,,,,,,,,,,,,,,,,,,,,,,,,,,,,,,,,,,,,,,,,,,,,,,,
517,257,457,14.10,64.50,2829,60.0,27.000,6.803,18.55,17.374,41.98,1.00,0.40,-0.76,0.86,1.075,1.02,-1.32,1.169,0.00,0.90,10.215,17.3,54.452,0.496,0.000,900,6.40,4.5,1.85,-2.35,27.8,1,1,0,1,1,1,0,0,0,0,1,0,0,0,0,0,0,0,0,0,1,1,1,1,1,0,0,1,0,0,0,0,1,1,5156.0,0C,1,1,0,1,1,0,1,0,0,255.25,657.19,,,,,,,,,,,,,,,,,,,,,,,,,,,,,,,,,,,,,,,,,,,,,,,,,,,,,,,,,
518,257,843,14.10,64.50,2876,61.3,27.000,6.906,18.97,17.374,41.91,1.00,0.22,-0.76,0.72,1.090,1.02,-1.32,1.166,0.00,0.90,8.454,17.3,55.833,0.496,0.000,900,6.40,4.5,1.85,-2.35,27.8,1,1,0,1,1,1,0,0,0,0,1,0,0,0,0,0,0,0,0,0,1,1,1,1,1,0,0,1,0,0,0,0,1,1,5156.0,0C,1,1,0,1,1,0,1,0,0,257.81,660.63,,,,,,,,,,,,,,,,,,,,,,,,,,,,,,,,,,,,,,,,,,,,,,,,,,,,,,,,,
519,258,248,14.10,64.50,2922,61.3,28.500,4.838,13.06,0.000,32.53,1.00,0.24,-0.76,0.75,1.084,1.02,-1.32,1.168,0.00,0.90,8.454,17.3,54.452,0.496,0.000,900,6.40,4.5,1.85,-4.53,27.8,1,1,0,1,1,1,0,0,0,0,1,0,0,0,0,0,0,0,1,0,1,1,1,1,1,0,0,1,0,1,0,0,1,1,5156.0,0C,1,1,0,1,1,0,1,0,0,176.63,489.13,,,,,,,,,,,,,,,,,,,,,,,,,,,,,,,,,,,,,,,,,,,,,,,,,,,,,,,,,
520,258,673,14.10,65.25,2932,61.3,35.250,3.053,10.40,0.000,20.04,1.00,0.18,-0.76,0.28,1.131,1.02,-1.32,1.165,0.00,0.90,8.454,17.3,55.489,0.496,0.000,900,6.40,4.5,1.85,-4.54,27.8,1,1,0,1,1,1,0,0,0,0,1,0,0,0,0,0,0,0,1,0,1,1,1,1,1,0,0,0,0,1,0,0,1,1,5156.0,0C,1,1,0,1,1,0,1,0,0,115.75,349.63,,,,,,,,,,,,,,,,,,,,,,,,,,,,,,,,,,,,,,,,,,,,,,,,,,,,,,,,,
521,259,66,14.10,65.25,2921,61.3,37.500,2.413,7.96,0.000,13.88,1.00,0.24,-0.76,0.31,1.180,1.02,-1.32,1.166,0.00,0.90,3.522,17.3,43.740,0.496,0.000,900,6.40,4.5,1.85,-4.53,27.8,1,1,0,1,1,1,0,0,0,0,1,0,0,0,0,0,0,0,1,0,1,1,1,1,1,0,0,0,0,1,0,0,1,1,5156.0,0C,1,1,0,1,1,0,1,0,0,84.00,280.00,,,,,,,,,,,,,,,,,,,,,,,,,,,,,,,,,,,,,,,,,,,,,,,,,,,,,,,,,
522,259,485,14.10,65.25,2858,61.3,39.750,1.837,6.49,1.375,9.91,1.00,0.23,-0.76,0.82,1.175,1.02,-1.32,1.166,0.00,0.90,3.522,17.3,34.401,0.496,0.000,900,6.40,4.5,1.85,-2.35,27.8,1,1,0,1,1,1,0,0,0,0,1,0,0,0,0,0,0,0,0,0,1,1,1,1,1,0,0,0,0,1,0,0,1,1,5156.0,0C,1,1,0,1,1,0,1,0,0,60.50,223.88,,,,,,,,,,,,,,,,,,,,,,,,,,,,,,,,,,,,,,,,,,,,,,,,,,,,,,,,,
523,259,874,14.10,65.25,2881,61.3,36.750,2.970,10.40,4.546,15.87,1.00,0.19,-0.76,0.29,1.209,1.02,-1.32,1.166,0.00,0.90,2.464,17.3,54.452,0.496,0.000,900,6.40,4.5,1.85,-2.35,27.8,1,1,0,1,1,1,0,0,0,0,1,0,0,0,0,0,0,0,0,0,1,1,1,1,1,0,0,0,0,1,0,0,1,1,5156.0,0C,1,1,0,1,1,0,1,0,0,98.56,312.56,,,,,,,,,,,,,,,,,,,,,,,,,,,,,,,,,,,,,,,,,,,,,,,,,,,,,,,,,
524,260,295,14.10,65.25,2909,60.0,35.250,3.270,10.50,4.866,18.66,1.00,0.78,-0.76,0.87,1.183,1.02,-1.32,1.165,0.00,0.90,2.464,17.3,58.602,0.496,0.000,900,6.40,4.5,1.85,-2.35,27.8,1,1,0,1,1,1,0,0,0,0,1,0,0,0,0,0,0,0,0,0,1,1,1,1,1,0,0,0,0,0,0,0,1,1,5156.0,0C,1,1,0,1,1,0,1,0,0,114.25,346.00,,,,,,,,,,,,,,,,,,,,,,,,,,,,,,,,,,,,,,,,,,,,,,,,,,,,,,,,,
525,260,707,14.10,65.25,2867,61.3,34.500,3.917,11.96,7.633,22.36,1.00,0.83,-0.76,0.89,1.184,1.02,-1.32,1.171,0.00,0.90,2.464,17.3,65.858,0.496,0.000,900,6.41,4.5,1.85,-2.35,27.8,1,1,0,1,1,1,0,0,0,0,1,0,0,0,0,0,0,0,0,0,1,1,1,1,1,0,0,0,0,0,0,0,1,1,5156.0,0C,1,1,0,1,1,0,1,0,0,137.25,400.00,,,,,,,,,,,,,,,,,,,,,,,,,,,,,,,,,,,,,,,,,,,,,,,,,,,,,,,,,
526,261,114,14.10,65.25,2886,61.3,33.750,3.930,12.04,7.788,22.90,1.00,0.83,-0.76,0.92,1.182,1.02,-1.32,1.174,0.00,0.90,4.930,17.3,66.896,0.496,0.000,900,6.41,4.5,1.85,-2.35,27.8,1,1,0,1,1,1,0,0,0,0,1,0,0,0,0,0,0,0,0,0,1,1,1,1,1,0,0,0,0,0,0,0,1,1,5156.0,0C,1,1,0,1,1,0,1,0,0,140.13,406.94,,,,,,,,,,,,,,,,,,,,,,,,,,,,,,,,,,,,,,,,,,,,,,,,,,,,,,,,,
527,261,514,14.10,65.25,2888,61.3,33.750,3.974,12.08,7.788,22.99,1.00,0.79,-0.76,0.63,1.189,1.02,-1.32,1.173,0.00,0.90,4.930,17.3,66.545,0.496,0.000,900,6.41,4.5,1.85,-2.35,27.8,1,1,0,1,1,1,0,0,0,0,1,0,0,0,0,0,0,0,0,0,1,1,1,1,1,0,0,0,0,0,0,0,1,1,5156.0,0C,1,1,0,1,1,0,1,0,0,140.38,405.75,,,,,,,,,,,,,,,,,,,,,,,,,,,,,,,,,,,,,,,,,,,,,,,,,,,,,,,,,
528,261,904,14.10,65.25,2893,61.3,34.500,3.584,10.74,0.000,20.93,1.00,0.78,-0.76,0.56,1.193,1.02,-1.32,1.166,0.00,0.90,5.283,17.3,58.946,0.496,0.000,900,6.41,4.5,1.85,-4.52,27.8,1,1,0,1,1,1,0,0,0,0,1,0,0,0,0,0,0,0,1,0,1,1,1,1,1,0,0,0,0,1,0,0,1,1,5156.0,0C,1,1,0,1,1,0,1,0,0,124.94,370.19,,,,,,,,,,,,,,,,,,,,,,,,,,,,,,,,,,,,,,,,,,,,,,,,,,,,,,,,,
529,262,304,14.10,65.25,2844,61.3,39.000,1.926,6.74,0.000,10.34,1.00,0.19,-0.76,0.55,1.196,1.02,-1.32,1.166,0.00,0.90,5.283,17.3,35.439,0.496,0.000,900,6.41,4.5,1.85,-4.49,27.8,1,1,0,1,1,1,0,0,0,0,1,0,1,0,0,0,0,0,1,0,1,1,1,1,1,0,0,0,0,1,0,0,1,1,5156.0,0C,1,1,0,1,1,0,1,0,0,62.69,229.94,,,,,,,,,,,,,,,,,,,,,,,,,,,,,,,,,,,,,,,,,,,,,,,,,,,,,,,,,
530,262,704,14.10,65.25,2668,60.0,39.000,2.099,6.13,0.000,10.66,1.00,0.24,-0.76,0.30,1.226,1.02,-1.32,1.159,0.00,0.90,5.283,17.3,32.677,0.496,0.000,900,6.44,4.5,1.86,-4.40,27.8,1,1,0,1,1,1,0,0,0,0,1,0,1,0,0,0,0,0,1,0,1,1,1,1,1,0,0,0,0,1,0,0,1,1,5156.0,0C,1,1,0,1,1,0,1,0,0,66.00,228.81,,,,,,,,,,,,,,,,,,,,,,,,,,,,,,,,,,,,,,,,,,,,,,,,,,,,,,,,,
531,263,104,14.10,65.25,2220,60.0,18.000,2.995,9.30,8.359,15.87,0.97,0.14,-0.76,0.22,1.000,1.02,-1.32,1.109,0.00,0.90,2.238,17.3,8.995,0.496,0.000,900,6.73,4.5,1.94,-2.47,27.8,1,1,0,1,1,1,0,0,0,0,1,0,1,0,0,0,0,0,0,0,1,1,1,1,0,0,0,0,0,1,0,0,1,1,5156.0,0C,1,1,0,1,1,0,1,0,0,102.94,282.00,,,,,,,,,,,,,,,,,,,,,,,,,,,,,,,,,,,,,,,,,,,,,,,,,,,,,,,,,
532,263,538,14.10,66.00,2084,60.0,30.750,5.069,10.21,10.796,30.38,0.98,1.02,-0.76,1.05,0.957,1.02,-1.32,1.134,0.00,0.90,2.238,18.0,9.178,0.496,0.000,900,6.78,4.5,1.96,-2.49,27.8,1,1,0,1,1,1,0,0,0,0,1,0,1,0,0,0,0,0,0,0,1,1,1,1,0,0,0,0,0,0,0,0,1,1,5156.0,0C,1,1,0,1,1,0,1,0,0,185.13,471.63,,,,,,,,,,,,,,,,,,,,,,,,,,,,,,,,,,,,,,,,,,,,,,,,,,,,,,,,,
533,263,943,14.10,66.00,2078,60.0,26.250,6.464,12.94,16.234,40.52,0.96,1.01,-0.76,1.08,0.915,1.02,-1.32,1.134,0.00,0.90,5.784,18.0,9.865,0.496,0.000,900,6.79,4.5,1.96,-2.49,27.8,1,1,0,1,1,1,0,0,0,0,1,0,0,0,0,0,0,0,0,0,1,1,1,1,1,0,0,1,0,0,0,0,1,1,5156.0,0C,1,1,0,1,1,0,1,0,0,253.69,618.69,,,,,,,,,,,,,,,,,,,,,,,,,,,,,,,,,,,,,,,,,,,,,,,,,,,,,,,,,
534,264,325,14.10,66.00,2083,60.0,25.500,6.291,13.31,16.890,42.80,0.97,1.00,-0.76,1.08,0.867,1.02,-1.32,1.134,0.00,0.90,5.784,18.0,10.559,0.496,0.000,900,6.79,4.5,1.96,-2.49,27.8,1,1,0,1,1,1,0,0,0,0,1,0,0,0,0,0,0,0,0,0,1,1,1,1,1,0,0,1,0,0,0,0,1,1,5156.0,0C,1,1,0,1,1,0,1,0,0,261.13,624.75,,,,,,,,,,,,,,,,,,,,,,,,,,,,,,,,,,,,,,,,,,,,,,,,,,,,,,,,,
535,264,716,14.10,66.00,2093,60.0,26.250,5.363,12.21,16.234,39.47,0.98,0.98,-0.76,1.07,0.821,1.02,-1.32,1.135,0.00,0.90,5.784,18.0,10.903,0.496,0.000,900,6.78,4.5,1.96,-2.49,27.8,1,1,0,1,1,1,0,0,0,0,1,0,0,0,0,0,0,0,0,0,1,1,1,1,1,0,0,1,0,0,0,0,1,1,5156.0,0C,1,1,0,1,1,0,1,0,0,240.25,583.94,,,,,,,,,,,,,,,,,,,,,,,,,,,,,,,,,,,,,,,,,,,,,,,,,,,,,,,,,
536,265,123,14.10,66.00,2107,60.0,27.000,5.075,12.21,15.914,38.79,0.98,0.94,-0.76,1.05,0.776,1.02,-1.32,1.136,0.00,0.90,4.777,18.0,11.597,0.496,0.000,900,6.77,4.5,1.96,-2.48,27.8,1,1,0,1,1,1,0,0,0,0,1,0,0,0,0,0,0,0,0,0,1,1,1,1,1,0,0,1,0,0,0,0,1,1,5156.0,0C,1,1,0,1,1,0,1,0,0,235.56,575.13,,,,,,,,,,,,,,,,,,,,,,,,,,,,,,,,,,,,,,,,,,,,,,,,,,,,,,,,,
537,265,514,14.10,66.00,2116,61.3,27.000,4.877,12.21,15.914,38.63,0.99,0.90,-0.76,1.03,0.732,1.02,-1.32,1.138,0.00,0.90,4.777,18.0,11.940,0.496,0.000,900,6.77,4.5,1.95,-2.48,27.8,1,1,0,1,1,1,0,0,0,0,1,0,0,0,0,0,0,0,0,0,1,1,1,1,1,0,0,1,0,0,0,0,1,1,5156.0,0C,1,1,0,1,1,0,1,0,0,236.44,576.38,,,,,,,,,,,,,,,,,,,,,,,,,,,,,,,,,,,,,,,,,,,,,,,,,,,,,,,,,
538,265,904,14.10,66.00,2125,61.3,27.750,4.890,12.33,16.077,38.81,1.00,0.20,-0.76,0.72,0.740,1.02,-1.32,1.139,0.00,0.90,4.023,18.0,12.634,0.496,0.000,900,6.76,4.5,1.95,-2.48,27.8,1,1,0,1,1,1,0,0,0,0,1,0,0,0,0,0,0,0,0,0,1,1,1,1,1,0,0,1,0,0,0,0,1,1,5156.0,0C,1,1,0,1,1,0,1,0,0,236.44,577.38,,,,,,,,,,,,,,,,,,,,,,,,,,,,,,,,,,,,,,,,,,,,,,,,,,,,,,,,,
539,266,307,14.10,66.00,2127,61.3,27.750,4.909,12.33,16.234,38.95,1.00,0.78,-0.76,0.80,0.743,1.02,-1.32,1.138,0.00,0.90,4.023,18.0,13.321,0.496,0.000,900,6.76,4.5,1.95,-2.48,27.8,1,1,0,1,1,1,0,0,0,0,1,0,0,0,0,0,0,0,0,0,1,1,1,1,1,0,0,1,0,0,0,0,1,1,5156.0,0C,1,1,0,1,1,0,1,0,0,238.31,579.88,,,,,,,,,,,,,,,,,,,,,,,,,,,,,,,,,,,,,,,,,,,,,,,,,,,,,,,,,
540,266,786,14.10,66.00,2132,61.3,27.000,4.992,12.40,16.234,39.19,1.00,0.22,-0.76,0.45,0.757,1.02,-1.32,1.139,0.00,0.90,4.023,18.0,13.664,0.496,0.000,900,6.76,4.5,1.95,-2.48,27.8,1,1,0,1,1,1,0,0,0,0,1,0,0,0,0,0,0,0,0,0,1,1,1,1,1,0,0,1,0,0,0,0,1,1,5156.0,0C,1,1,0,1,1,0,1,0,0,239.50,581.81,,,,,,,,,,,,,,,,,,,,,,,,,,,,,,,,,,,,,,,,,,,,,,,,,,,,,,,,,
541,267,184,14.10,66.00,2139,61.3,27.000,5.050,12.45,16.234,39.38,1.00,0.23,-0.76,0.65,0.762,1.02,-1.32,1.140,0.00,0.90,4.272,18.0,14.359,0.496,0.000,900,6.75,4.5,1.95,-2.48,27.8,1,1,0,1,1,1,0,0,0,0,1,0,0,0,0,0,0,0,0,0,1,1,1,1,1,0,0,1,0,0,0,0,1,1,5156.0,0C,1,1,0,1,1,0,1,0,0,239.88,582.31,,,,,,,,,,,,,,,,,,,,,,,,,,,,,,,,,,,,,,,,,,,,,,,,,,,,,,,,,
542,267,633,14.10,66.00,2148,61.3,27.000,4.979,12.57,16.234,39.82,1.00,0.81,-0.76,0.86,0.730,1.02,-1.32,1.141,0.00,0.90,4.272,18.0,15.053,0.496,0.000,900,6.74,4.5,1.95,-2.47,27.8,1,1,0,1,1,1,0,0,0,0,1,0,0,0,0,0,0,0,0,0,1,1,1,1,1,0,0,1,0,0,0,0,1,1,5156.0,0C,1,1,0,1,1,0,1,0,0,242.94,588.06,,,,,,,,,,,,,,,,,,,,,,,,,,,,,,,,,,,,,,,,,,,,,,,,,,,,,,,,,
543,268,46,14.10,66.00,2154,61.3,27.000,5.043,12.57,16.077,39.96,1.00,0.79,-0.76,0.78,0.744,1.02,-1.32,1.141,0.00,0.90,4.601,18.0,15.740,0.496,0.000,900,6.74,4.5,1.95,-2.47,27.8,1,1,0,1,1,1,0,0,0,0,1,0,0,0,0,0,0,0,0,0,1,1,1,1,1,0,0,1,0,0,0,0,1,1,5156.0,0C,1,1,0,1,1,0,1,0,0,242.19,586.69,,,,,,,,,,,,,,,,,,,,,,,,,,,,,,,,,,,,,,,,,,,,,,,,,,,,,,,,,
544,268,434,14.10,66.00,2162,62.5,27.000,5.011,12.57,16.077,39.66,1.00,0.79,-0.76,0.77,0.747,1.02,-1.32,1.143,0.00,0.90,4.601,18.0,16.091,0.496,0.000,900,6.73,4.5,1.94,-2.47,27.8,1,1,0,1,1,1,0,0,0,0,1,0,0,0,0,0,0,0,0,0,1,1,1,1,1,0,0,1,0,0,0,0,1,1,5156.0,0C,1,1,0,1,1,0,1,0,0,241.88,585.75,,,,,,,,,,,,,,,,,,,,,,,,,,,,,,,,,,,,,,,,,,,,,,,,,,,,,,,,,
545,268,813,14.10,66.00,2169,62.5,27.000,5.094,728.13,21.991,638.32,1.45,0.11,-1.46,0.32,0.007,0.13,-3.65,0.336,0.01,0.75,0.194,-42.0,61.329,0.703,93.750,2520,-31.72,1766.7,1.16,-48.07,114.0,0,1,0,0,0,1,0,1,1,1,1,1,0,1,1,0,0,1,0,0,0,0,0,0,0,0,1,1,1,1,0,0,0,0,646.0,7D,0,1,0,1,0,1,1,1,1,1,1,,,,,,,,,,,,,,,,,,,,,,,,,,,,,,,,,,,,,,,,,,,,,,,,,,,,,,,,,
546,269,216,14.10,66.75,2177,62.5,27.750,5.043,12.57,16.077,39.52,1.00,0.22,-0.76,0.76,0.765,1.02,-1.32,1.144,0.00,0.90,4.876,17.3,17.472,0.496,-0.750,900,6.72,4.5,1.94,-2.47,27.8,1,1,0,1,1,1,0,0,0,0,1,0,0,0,0,0,0,0,0,0,1,1,1,1,1,0,0,1,0,0,0,0,1,1,5156.0,0C,1,1,0,1,1,0,1,0,0,241.19,584.25,,,,,,,,,,,,,,,,,,,,,,,,,,,,,,,,,,,,,,,,,,,,,,,,,,,,,,,,,
547,269,603,14.10,66.75,2182,62.5,27.750,4.998,12.45,15.914,39.40,1.00,0.27,-0.76,0.81,0.757,1.02,-1.32,1.144,0.00,0.90,4.876,17.3,17.815,0.496,-0.750,900,6.72,4.5,1.94,-2.47,27.8,1,1,0,1,1,1,0,0,0,0,1,0,0,0,0,0,0,0,0,0,1,1,1,1,1,0,0,1,0,0,0,0,1,1,5156.0,0C,1,1,0,1,1,0,1,0,0,239.44,580.69,,,,,,,,,,,,,,,,,,,,,,,,,,,,,,,,,,,,,,,,,,,,,,,,,,,,,,,,,
548,270,4,14.10,66.75,2189,62.5,28.500,4.794,12.21,15.100,38.60,1.00,0.81,-0.76,0.87,0.736,1.02,-1.32,1.144,0.00,0.90,4.601,17.3,18.158,0.496,-0.750,900,6.72,4.5,1.94,-2.46,27.8,1,1,0,1,1,1,0,0,0,0,1,0,0,0,0,0,0,0,0,0,1,1,1,1,1,0,0,1,0,0,0,0,1,1,5156.0,0C,1,1,0,1,1,0,1,0,0,234.69,571.50,,,,,,,,,,,,,,,,,,,,,,,,,,,,,,,,,,,,,,,,,,,,,,,,,,,,,,,,,
549,270,405,14.10,66.75,2189,63.8,15.000,3.398,8.13,0.000,29.09,1.00,0.21,-0.76,0.51,0.790,1.02,-1.32,1.145,0.00,0.90,4.601,17.3,18.853,0.496,0.000,900,6.72,4.5,1.94,-4.30,27.8,1,1,0,1,1,1,0,0,0,0,1,0,0,0,0,0,0,0,1,0,1,1,1,1,1,0,0,1,0,1,0,0,1,1,5156.0,0C,1,1,0,1,1,0,1,0,0,176.13,446.88,,,,,,,,,,,,,,,,,,,,,,,,,,,,,,,,,,,,,,,,,,,,,,,,,,,,,,,,,
550,272,880,14.10,66.75,2156,62.5,29.250,4.384,10.99,12.827,34.55,1.00,0.26,-0.76,0.32,0.768,1.02,-1.32,1.142,0.00,0.90,4.061,17.3,24.727,0.496,0.000,900,6.74,4.5,1.95,-2.47,27.8,1,1,0,1,1,1,0,0,0,0,1,0,0,0,0,0,0,0,0,0,1,1,1,1,1,0,0,1,0,0,0,0,1,1,5156.0,0C,1,1,0,1,1,0,1,0,0,210.63,521.69,,,,,,,,,,,,,,,,,,,,,,,,,,,,,,,,,,,,,,,,,,,,,,,,,,,,,,,,,
551,273,262,14.10,66.75,2166,62.5,29.250,4.205,10.89,12.827,34.20,1.00,0.82,-0.76,0.86,0.739,1.02,-1.32,1.142,0.00,0.90,4.061,18.0,25.765,0.496,0.000,900,6.73,4.5,1.94,-48.07,114.0,0,1,0,0,0,1,0,1,1,1,1,1,0,1,1,0,0,1,0,0,0,0,0,0,0,0,1,0,1,1,0,0,0,0,304.0,4D,0,1,0,1,0,1,1,1,1,1,1,,,,,,,,,,,,,,,,,,,,,,,,,,,,,,,,,,,,,,,,,,,,,,,,,,,,,,,,,
552,273,657,14.10,66.75,2168,62.5,29.250,4.307,10.82,12.827,33.94,1.00,0.36,-0.76,0.33,0.785,1.02,-1.32,1.142,0.00,0.90,4.061,18.0,26.459,0.496,0.000,900,6.73,4.5,1.94,-2.47,27.8,1,1,0,1,1,1,0,0,0,0,1,0,0,0,0,0,0,0,0,0,1,1,1,1,1,0,0,1,0,0,0,0,1,1,5156.0,0C,1,1,0,1,1,0,1,0,0,206.69,513.38,,,,,,,,,,,,,,,,,,,,,,,,,,,,,,,,,,,,,,,,,,,,,,,,,,,,,,,,,
553,274,33,14.10,66.75,2173,62.5,29.250,4.109,10.64,12.335,33.66,1.00,0.54,-0.76,0.84,0.768,1.02,-1.32,1.143,0.00,0.90,4.061,18.0,27.489,0.496,0.000,900,6.73,4.5,1.94,-2.47,27.8,1,1,0,1,1,1,0,0,0,0,1,0,0,0,0,0,0,0,0,0,1,1,1,1,1,0,0,1,0,0,0,0,1,1,5156.0,0C,1,1,0,1,1,0,1,0,0,203.69,506.63,,,,,,,,,,,,,,,,,,,,,,,,,,,,,,,,,,,,,,,,,,,,,,,,,,,,,,,,,
554,274,440,14.10,66.75,2179,62.5,29.250,4.154,10.64,12.335,33.00,1.00,0.80,-0.76,0.62,0.780,1.02,-1.32,1.144,0.00,0.90,4.061,18.0,28.527,0.496,0.000,900,6.72,4.5,1.94,-2.47,27.8,1,1,0,1,1,1,0,0,0,0,1,0,0,0,0,0,0,0,0,0,1,1,1,1,1,0,0,1,0,0,0,0,1,1,5156.0,0C,1,1,0,1,1,0,1,0,0,201.75,502.50,,,,,,,,,,,,,,,,,,,,,,,,,,,,,,,,,,,,,,,,,,,,,,,,,,,,,,,,,
555,274,854,14.10,67.50,2178,62.5,30.000,4.064,10.40,11.850,32.34,1.00,0.23,-0.76,0.43,0.790,1.02,-1.32,1.144,0.00,0.90,3.793,18.0,29.564,0.496,0.000,900,6.72,4.5,1.94,-2.47,27.8,1,1,0,1,1,1,0,0,0,0,1,0,0,0,0,0,0,0,0,0,1,1,1,1,1,0,0,1,0,0,0,0,1,1,5156.0,0C,1,1,0,1,1,0,1,0,0,197.19,492.56,,,,,,,,,,,,,,,,,,,,,,,,,,,,,,,,,,,,,,,,,,,,,,,,,,,,,,,,,
556,275,245,14.10,67.50,2179,62.5,30.000,3.814,9.72,10.961,31.66,1.00,0.82,-0.76,0.85,0.756,1.02,-1.32,1.143,0.00,0.90,3.793,18.0,30.602,0.496,0.000,900,6.72,4.5,1.94,-2.47,27.8,1,1,0,1,1,1,0,0,0,0,1,0,0,0,0,0,0,0,0,0,1,1,1,1,1,0,0,1,0,0,0,0,1,1,5156.0,0C,1,1,0,1,1,0,1,0,0,188.13,473.06,,,,,,,,,,,,,,,,,,,,,,,,,,,,,,,,,,,,,,,,,,,,,,,,,,,,,,,,,
557,275,637,14.10,67.50,2179,62.5,30.750,3.667,9.42,10.225,29.30,1.00,0.35,-0.76,0.33,0.809,1.02,-1.32,1.143,0.00,0.90,3.793,18.0,31.983,0.496,0.000,900,6.72,4.5,1.94,-2.47,27.8,1,1,0,1,1,1,0,0,0,0,1,0,0,0,0,0,0,0,0,0,1,1,1,1,1,0,0,0,0,0,0,0,1,1,5156.0,0C,1,1,0,1,1,0,1,0,0,177.00,448.38,,,,,,,,,,,,,,,,,,,,,,,,,,,,,,,,,,,,,,,,,,,,,,,,,,,,,,,,,
558,276,23,14.10,67.50,2175,62.5,30.750,3.501,9.30,9.906,28.85,1.00,0.71,-0.76,0.84,0.761,1.02,-1.32,1.143,0.00,0.90,3.247,18.0,33.371,0.496,0.000,900,6.73,4.5,1.94,-2.47,27.8,1,1,0,1,1,1,0,0,0,0,1,0,0,0,0,0,0,0,0,0,1,1,1,1,1,0,0,0,0,0,0,0,1,1,5156.0,0C,1,1,0,1,1,0,1,0,0,176.13,446.56,,,,,,,,,,,,,,,,,,,,,,,,,,,,,,,,,,,,,,,,,,,,,,,,,,,,,,,,,
559,276,407,14.10,67.50,2173,62.5,30.750,3.565,9.30,9.906,28.88,1.00,0.84,-0.76,0.78,0.782,1.02,-1.32,1.143,0.00,0.90,3.247,18.0,34.752,0.496,0.000,900,6.73,4.5,1.94,-2.47,27.8,1,1,0,1,1,1,0,0,0,0,1,0,0,0,0,0,0,0,0,0,1,1,1,1,1,0,0,0,0,0,0,0,1,1,5156.0,0C,1,1,0,1,1,0,1,0,0,175.44,444.94,,,,,,,,,,,,,,,,,,,,,,,,,,,,,,,,,,,,,,,,,,,,,,,,,,,,,,,,,
560,276,796,14.10,67.50,2173,62.5,31.500,3.578,9.30,9.906,28.73,1.00,0.20,-0.76,0.30,0.796,1.02,-1.32,1.143,0.00,0.90,3.247,18.0,36.477,0.496,0.000,900,6.73,4.5,1.94,-2.47,27.8,1,1,0,1,1,1,0,0,0,0,1,0,0,0,0,0,0,0,0,0,1,1,1,1,1,0,0,0,0,0,0,0,1,1,5156.0,0C,1,1,0,1,1,0,1,0,0,175.25,444.56,,,,,,,,,,,,,,,,,,,,,,,,,,,,,,,,,,,,,,,,,,,,,,,,,,,,,,,,,
561,277,200,14.10,67.50,2161,62.5,16.500,2.701,7.06,0.000,23.30,1.00,0.22,-0.76,0.50,0.782,1.02,-1.32,1.136,0.00,0.90,3.247,18.0,38.209,0.496,0.000,900,6.74,4.5,1.94,-43.38,114.0,0,1,0,0,0,1,0,1,1,1,1,1,0,1,1,0,0,1,0,0,0,0,0,0,0,0,0,0,0,1,0,0,0,0,8067.7,B4,0,1,0,1,0,1,1,1,1,1,1,,,,,,,,,,,,,,,,,,,,,,,,,,,,,,,,,,,,,,,,,,,,,,,,,,,,,,,,,
562,277,597,14.10,67.50,2160,61.3,11.250,2.394,6.20,0.000,19.85,1.00,0.19,-0.76,0.26,0.837,1.02,-1.32,1.121,0.00,0.90,3.247,18.0,39.933,0.496,0.000,900,6.73,4.5,1.94,-4.30,27.8,1,1,0,1,1,1,0,0,0,0,1,0,0,0,0,0,0,0,1,0,1,1,1,1,1,0,0,0,0,1,0,0,1,1,5156.0,0C,1,1,0,1,1,0,1,0,0,119.50,319.31,,,,,,,,,,,,,,,,,,,,,,,,,,,,,,,,,,,,,,,,,,,,,,,,,,,,,,,,,
563,277,995,14.10,67.50,2135,61.3,25.500,2.118,5.15,0.000,16.71,1.00,0.76,-0.76,0.63,0.839,1.02,-1.32,1.111,0.00,0.90,1.761,18.0,34.752,0.496,0.000,900,6.75,4.5,1.95,-4.29,27.8,1,1,0,1,1,1,0,0,0,0,1,0,0,0,0,0,0,0,1,0,1,1,1,1,1,0,0,0,0,1,0,0,1,1,5156.0,0C,1,1,0,1,1,0,1,0,0,100.75,274.81,,,,,,,,,,,,,,,,,,,,,,,,,,,,,,,,,,,,,,,,,,,,,,,,,,,,,,,,,
564,278,393,14.10,67.50,2109,61.3,12.750,1.888,4.05,0.000,14.84,1.00,0.94,-0.76,0.98,0.812,1.02,-1.32,1.114,0.00,0.90,1.761,18.0,30.259,0.496,0.000,900,6.77,4.5,1.96,-4.28,27.8,1,1,0,1,1,1,0,0,0,0,1,0,0,0,0,0,0,0,1,0,1,1,1,1,1,0,0,0,0,1,0,0,1,1,5156.0,0C,1,1,0,1,1,0,1,0,0,87.94,245.44,,,,,,,,,,,,,,,,,,,,,,,,,,,,,,,,,,,,,,,,,,,,,,,,,,,,,,,,,
565,278,796,14.10,67.50,2086,60.0,1.500,1.542,3.32,0.000,11.74,1.00,0.18,-0.76,0.42,0.795,0.02,-4.57,0.529,0.01,0.75,0.194,-42.0,68.360,0.703,-94.500,2500,-86.41,1766.7,1.16,-43.38,114.0,0,1,0,0,0,1,0,1,1,1,1,1,0,1,1,0,0,1,0,0,0,0,0,0,0,0,0,0,1,0,0,0,0,0,5719.5,56,0,1,0,1,0,1,1,1,1,1,1,,,,,,,,,,,,,,,,,,,,,,,,,,,,,,,,,,,,,,,,,,,,,,,,,,,,,,,,,
566,279,214,14.10,67.50,2059,58.8,-12.750,0.000,3.56,0.000,11.46,1.00,0.16,-0.76,0.22,1.000,1.02,-1.32,1.120,0.00,0.90,1.004,18.0,0.000,0.496,0.000,900,6.80,4.5,1.97,-4.18,27.8,1,1,0,1,1,1,0,0,0,0,1,0,0,0,0,0,0,0,1,0,0,1,0,1,0,0,1,0,0,1,0,0,1,1,5156.0,0C,1,1,0,1,1,0,1,0,0,70.75,210.69,,,,,,,,,,,,,,,,,,,,,,,,,,,,,,,,,,,,,,,,,,,,,,,,,,,,,,,,,
567,279,604,14.10,67.50,2029,58.8,-13.500,0.000,3.93,0.000,12.05,1.00,0.13,-0.76,0.20,1.000,1.02,-1.32,1.120,0.00,0.90,1.004,18.0,0.000,0.496,0.000,900,6.82,4.5,1.97,-4.11,27.8,1,1,0,1,1,1,0,0,0,0,1,0,0,0,0,0,0,0,1,0,0,1,0,1,0,0,1,0,0,1,0,0,1,1,5156.0,0C,1,1,0,1,1,0,1,0,0,74.31,219.13,,,,,,,,,,,,,,,,,,,,,,,,,,,,,,,,,,,,,,,,,,,,,,,,,,,,,,,,,
568,280,16,14.10,67.50,1998,57.5,-14.250,0.000,4.00,0.000,12.40,1.00,0.12,-0.76,0.19,1.000,1.02,-1.32,1.118,0.00,0.90,0.000,18.0,0.000,0.496,0.000,900,6.85,4.5,1.98,-4.03,27.8,1,1,0,1,1,1,0,0,0,0,1,0,0,0,0,0,0,0,1,0,0,1,0,1,0,0,1,0,0,1,0,0,1,1,5156.0,0C,1,1,0,1,1,0,1,0,0,76.06,225.56,,,,,,,,,,,,,,,,,,,,,,,,,,,,,,,,,,,,,,,,,,,,,,,,,,,,,,,,,
569,280,426,14.10,-48.00,10496,0.0,1.500,18.022,1103.13,9.100,224.98,1.45,0.11,-1.43,0.18,0.007,0.00,0.04,0.000,0.01,0.75,0.194,-42.0,78.907,0.703,-88.500,2500,-13.75,1766.7,0.91,-42.60,114.0,0,1,0,0,0,1,0,1,1,1,1,1,0,1,1,0,0,1,0,0,0,0,0,0,0,0,0,0,1,0,0,0,0,0,7511.7,3A,0,1,0,1,0,1,1,1,1,1,1,,,,,,,,,,,,,,,,,,,,,,,,,,,,,,,,,,,,,,,,,,,,,,,,,,,,,,,,,
570,280,834,14.10,67.50,1942,56.3,-13.500,0.000,4.00,0.000,11.98,1.00,0.12,-0.76,0.19,1.000,1.02,-1.32,1.117,0.00,0.90,0.000,18.0,0.000,0.496,0.000,900,6.89,4.5,1.99,-3.88,27.8,1,1,0,1,1,1,0,0,0,0,1,0,0,0,0,0,0,0,1,0,0,1,0,1,0,0,1,0,0,1,0,0,1,1,5156.0,0C,1,1,0,1,1,0,1,0,0,73.00,230.19,,,,,,,,,,,,,,,,,,,,,,,,,,,,,,,,,,,,,,,,,,,,,,,,,,,,,,,,,
571,281,226,14.10,67.50,1915,55.0,-12.750,0.000,4.00,0.000,11.74,1.00,0.12,-0.76,0.20,1.000,1.02,-1.32,1.117,0.00,0.90,0.000,18.8,0.000,0.496,0.000,900,6.91,4.5,2.00,-3.83,27.8,1,1,0,1,1,1,0,0,0,0,1,0,0,0,0,0,0,0,1,0,0,1,0,1,0,0,1,0,0,1,0,0,1,1,5156.0,0C,1,1,0,1,1,0,1,0,0,70.94,232.31,,,,,,,,,,,,,,,,,,,,,,,,,,,,,,,,,,,,,,,,,,,,,,,,,,,,,,,,,
572,281,613,14.10,68.25,1884,53.8,-12.750,0.000,4.05,0.000,11.53,1.00,0.12,-0.76,0.19,1.000,1.02,-1.32,1.116,0.00,0.90,0.000,18.8,0.000,0.496,0.000,900,6.93,4.5,2.00,-3.74,27.8,1,1,0,1,1,1,0,0,0,0,1,0,0,0,0,0,0,0,1,0,0,1,0,1,0,0,1,0,0,1,0,0,1,1,5156.0,0C,1,1,0,1,1,0,1,0,0,70.50,237.06,,,,,,,,,,,,,,,,,,,,,,,,,,,,,,,,,,,,,,,,,,,,,,,,,,,,,,,,,
573,282,26,14.10,68.25,1857,53.8,-12.750,0.000,4.13,0.000,11.46,1.00,0.12,-0.76,0.19,1.000,1.02,-1.32,1.116,0.00,0.90,0.000,18.8,0.000,0.496,0.000,900,6.95,4.5,2.01,-3.67,27.8,1,1,0,1,1,1,0,0,0,0,1,0,0,0,0,0,0,0,1,0,0,1,0,1,0,0,1,0,0,1,0,0,1,1,5156.0,0C,1,1,0,1,1,0,1,0,0,70.56,241.38,,,,,,,,,,,,,,,,,,,,,,,,,,,,,,,,,,,,,,,,,,,,,,,,,,,,,,,,,
574,282,415,14.10,68.25,1829,52.5,-12.750,0.000,4.05,0.000,11.39,1.00,0.12,-0.76,0.19,1.000,1.02,-1.32,1.116,0.00,0.90,0.000,18.8,0.000,0.496,0.000,900,6.97,4.5,2.01,-3.59,27.8,1,1,0,1,1,1,0,0,0,0,1,0,0,0,0,0,0,0,1,0,0,1,0,1,0,0,1,0,0,1,0,0,1,1,5156.0,0C,1,1,0,1,1,0,1,0,0,69.63,246.69,,,,,,,,,,,,,,,,,,,,,,,,,,,,,,,,,,,,,,,,,,,,,,,,,,,,,,,,,
575,282,816,14.10,68.25,1802,51.3,-12.750,0.000,4.13,0.000,11.39,1.00,0.12,-0.76,0.20,1.000,1.02,-1.32,1.116,0.00,0.90,0.000,18.8,0.000,0.496,0.000,900,6.99,4.5,2.02,-3.53,27.8,1,1,0,1,1,1,0,0,0,0,1,0,0,0,0,0,0,0,1,0,0,1,0,1,0,0,1,0,0,1,0,0,1,1,5156.0,0C,1,1,0,1,1,0,1,0,0,69.63,250.13,,,,,,,,,,,,,,,,,,,,,,,,,,,,,,,,,,,,,,,,,,,,,,,,,,,,,,,,,
576,285,247,13.50,68.25,1121,41.3,0.000,3.552,4.30,0.000,21.87,0.97,0.16,-0.76,0.21,1.009,1.02,-1.32,1.040,0.00,0.90,1.548,19.5,9.018,0.496,0.000,900,7.14,4.5,2.57,-0.58,27.8,1,1,0,1,1,1,0,0,0,0,1,1,1,0,0,0,0,0,1,0,1,1,1,1,0,0,0,0,0,1,0,1,1,1,5156.0,0C,1,1,0,1,1,0,1,0,0,131.56,433.75,,,,,,,,,,,,,,,,,,,,,,,,,,,,,,,,,,,,,,,,,,,,,,,,,,,,,,,,,
577,285,634,14.00,68.25,1057,38.8,0.750,3.469,4.17,0.000,22.10,0.96,0.94,-0.76,0.96,0.977,1.02,-1.32,1.035,0.00,0.90,1.548,19.5,9.110,0.496,0.000,900,7.14,4.5,2.31,-0.27,27.8,1,1,0,1,1,1,0,0,0,0,1,1,1,0,0,0,0,0,1,0,1,1,1,1,1,0,0,0,0,1,0,1,1,1,5156.0,0C,1,1,0,1,1,0,1,0,0,137.19,445.63,,,,,,,,,,,,,,,,,,,,,,,,,,,,,,,,,,,,,,,,,,,,,,,,,,,,,,,,,
578,286,34,14.10,68.25,1025,36.3,2.250,3.917,4.66,0.000,25.57,0.96,0.97,-0.76,1.03,0.959,1.02,-1.32,1.023,0.00,0.90,1.576,19.5,9.178,0.496,0.000,900,7.14,4.5,2.23,3.23,27.8,1,1,0,1,1,1,0,0,0,0,1,1,0,0,0,0,0,0,1,0,1,1,1,1,1,0,0,0,0,0,0,1,1,1,5156.0,0C,1,1,0,1,1,0,1,0,0,153.13,480.56,,,,,,,,,,,,,,,,,,,,,,,,,,,,,,,,,,,,,,,,,,,,,,,,,,,,,,,,,
579,286,417,14.00,68.25,1008,32.5,0.750,2.886,3.15,0.000,20.93,0.98,0.98,-0.76,1.04,0.940,1.02,-1.32,1.043,0.00,0.90,1.576,19.5,9.178,0.496,0.000,900,7.14,4.5,1.68,-0.12,27.8,1,1,0,1,1,1,0,0,0,0,1,1,0,0,0,0,0,0,1,0,1,1,1,1,1,0,0,0,0,0,0,1,1,1,5156.0,0C,1,1,0,1,1,0,1,0,0,122.50,420.13,,,,,,,,,,,,,,,,,,,,,,,,,,,,,,,,,,,,,,,,,,,,,,,,,,,,,,,,,
580,286,852,14.00,68.25,950,30.0,12.000,2.899,3.56,0.000,20.48,0.98,0.93,-0.76,1.03,0.926,1.02,-1.32,1.047,0.00,0.90,1.133,19.5,9.178,0.496,0.000,900,7.14,4.5,1.58,-0.02,27.8,1,1,0,1,1,1,0,0,0,0,1,1,0,0,0,0,0,0,1,0,1,1,1,1,1,0,0,0,0,0,0,1,1,1,5156.0,0C,1,1,0,1,1,0,1,0,0,124.56,426.88,,,,,,,,,,,,,,,,,,,,,,,,,,,,,,,,,,,,,,,,,,,,,,,,,,,,,,,,,
581,287,277,14.00,68.25,905,26.3,12.750,3.667,7.10,0.000,24.94,0.99,0.21,-0.76,0.82,0.912,1.02,-1.32,1.016,0.00,0.90,1.133,19.5,9.178,0.496,0.000,900,7.14,4.5,1.60,3.67,27.8,1,1,0,1,1,1,0,0,0,0,1,1,0,0,0,0,0,0,1,0,1,1,1,1,1,0,0,1,0,0,0,1,1,1,5156.0,0C,1,1,0,1,1,0,1,0,0,159.13,500.75,,,,,,,,,,,,,,,,,,,,,,,,,,,,,,,,,,,,,,,,,,,,,,,,,,,,,,,,,
582,287,698,14.00,68.25,954,25.0,-1.500,3.853,4.74,0.000,27.42,1.00,0.86,-0.76,0.75,0.928,1.02,-1.32,1.025,0.00,0.90,1.133,19.5,9.522,0.496,0.000,900,7.14,4.5,1.59,-0.08,27.8,1,1,0,1,1,1,0,0,0,0,1,1,0,0,0,0,0,0,1,0,1,1,1,1,1,0,0,0,0,0,0,1,1,1,5156.0,0C,1,1,0,1,1,0,1,0,0,166.94,515.13,,,,,,,,,,,,,,,,,,,,,,,,,,,,,,,,,,,,,,,,,,,,,,,,,,,,,,,,,
583,288,114,14.00,68.25,918,23.8,6.750,3.904,3.88,0.000,27.28,1.00,0.89,-0.76,0.94,0.908,1.02,-1.32,1.025,0.00,0.90,1.589,19.5,9.522,0.496,0.000,900,7.14,4.5,1.48,0.00,27.8,1,1,0,1,1,1,0,0,0,0,1,1,0,0,0,0,0,0,1,0,1,1,1,1,1,0,0,0,0,0,0,1,1,1,5156.0,0C,1,1,0,1,1,0,1,0,0,166.31,519.19,,,,,,,,,,,,,,,,,,,,,,,,,,,,,,,,,,,,,,,,,,,,,,,,,,,,,,,,,
584,288,525,14.00,68.25,902,21.3,-1.500,3.194,3.32,0.000,24.14,1.00,0.20,-0.76,0.30,0.928,1.02,-1.32,1.018,0.00,0.90,1.589,19.5,9.522,0.496,0.000,900,7.14,4.5,1.49,0.00,27.8,1,1,0,1,1,1,0,0,0,0,1,1,0,0,0,0,0,0,1,0,1,1,1,1,1,0,0,0,0,0,0,1,1,1,5156.0,0C,1,1,0,1,1,0,1,0,0,144.38,468.88,,,,,,,,,,,,,,,,,,,,,,,,,,,,,,,,,,,,,,,,,,,,,,,,,,,,,,,,,
585,288,905,14.00,68.25,894,20.0,7.500,3.117,3.44,0.000,22.95,1.00,0.21,-0.76,0.26,0.944,1.02,-1.32,1.027,0.00,0.90,1.174,19.5,9.522,0.496,0.000,900,7.14,4.5,1.52,0.00,27.8,1,1,0,1,1,1,0,0,0,0,1,1,0,0,0,0,0,0,1,0,1,1,1,1,1,0,0,0,0,0,0,1,1,1,5156.0,0C,1,1,0,1,1,0,1,0,0,139.75,457.56,,,,,,,,,,,,,,,,,,,,,,,,,,,,,,,,,,,,,,,,,,,,,,,,,,,,,,,,,
586,289,299,14.00,68.25,928,17.5,-0.750,3.872,4.79,0.000,26.51,1.00,0.39,-0.76,0.37,0.963,1.02,-1.32,1.022,0.00,0.90,1.174,19.5,9.865,0.496,0.000,900,7.14,4.5,1.53,3.03,27.8,1,1,0,1,1,1,0,0,0,0,1,1,0,0,0,0,0,0,1,0,1,1,1,1,1,0,0,0,0,0,0,1,1,1,5156.0,0C,1,1,0,1,1,0,1,0,0,163.06,507.25,,,,,,,,,,,,,,,,,,,,,,,,,,,,,,,,,,,,,,,,,,,,,,,,,,,,,,,,,
587,289,704,14.00,68.25,931,15.0,0.000,3.610,3.32,0.000,26.44,1.00,0.90,-0.76,0.90,0.931,1.02,-1.32,1.021,0.00,0.90,1.174,19.5,9.865,0.496,0.000,900,7.14,4.5,1.51,0.00,27.8,1,1,0,1,1,1,0,0,0,0,1,1,0,0,0,0,0,0,1,0,1,1,1,1,1,0,0,0,0,0,0,1,1,1,5156.0,0C,1,1,0,1,1,0,1,0,0,162.00,507.69,,,,,,,,,,,,,,,,,,,,,,,,,,,,,,,,,,,,,,,,,,,,,,,,,,,,,,,,,
588,290,94,14.10,68.25,903,13.8,6.000,3.014,3.20,0.000,23.20,1.00,0.90,-0.76,0.94,0.912,1.02,-1.32,1.025,0.00,0.90,1.428,19.5,9.865,0.496,0.000,900,7.14,4.5,1.50,0.00,27.8,1,1,0,1,1,1,0,0,0,0,1,1,0,0,0,0,0,0,1,0,1,1,1,1,1,0,0,0,0,0,0,1,1,1,5156.0,0C,1,1,0,1,1,0,1,0,0,140.81,458.56,,,,,,,,,,,,,,,,,,,,,,,,,,,,,,,,,,,,,,,,,,,,,,,,,,,,,,,,,
589,290,476,14.10,68.25,908,11.3,-3.000,3.725,4.54,0.000,26.70,1.00,0.22,-0.76,0.88,0.896,1.02,-1.32,1.022,0.00,0.90,1.428,19.5,10.208,0.496,0.000,900,7.14,4.5,1.50,2.59,27.8,1,1,0,1,1,1,0,0,0,0,1,1,0,0,0,0,0,0,1,0,1,1,1,1,1,0,0,0,0,0,0,1,1,1,5156.0,0C,1,1,0,1,1,0,1,0,0,163.56,508.69,,,,,,,,,,,,,,,,,,,,,,,,,,,,,,,,,,,,,,,,,,,,,,,,,,,,,,,,,
590,290,884,14.00,68.25,917,8.8,-0.750,3.731,3.32,0.000,26.65,1.00,0.38,-0.76,0.26,0.936,1.02,-1.32,1.022,0.00,0.90,1.428,19.5,10.208,0.496,0.000,900,7.14,4.5,1.49,0.00,27.8,1,1,0,1,1,1,0,0,0,0,1,1,0,0,0,0,0,0,1,0,1,1,1,1,1,0,0,0,0,0,0,1,1,1,5156.0,0C,1,1,0,1,1,0,1,0,0,161.19,505.56,,,,,,,,,,,,,,,,,,,,,,,,,,,,,,,,,,,,,,,,,,,,,,,,,,,,,,,,,
591,291,298,14.00,68.25,888,6.3,9.000,3.213,4.37,0.000,24.87,1.00,0.84,-0.76,0.86,0.898,1.02,-1.32,1.016,0.00,0.90,1.428,19.5,10.208,0.496,0.000,900,7.14,4.5,1.48,1.59,27.8,1,1,0,1,1,1,0,0,0,0,1,1,0,0,0,0,0,0,1,0,1,1,1,1,1,0,0,0,0,0,0,1,1,1,5156.0,0C,1,1,0,1,1,0,1,0,0,155.81,496.75,,,,,,,,,,,,,,,,,,,,,,,,,,,,,,,,,,,,,,,,,,,,,,,,,,,,,,,,,
592,291,674,14.10,68.25,902,5.0,1.500,3.610,4.13,0.000,26.20,1.00,0.18,-0.76,0.23,0.927,1.02,-1.32,1.021,0.00,0.90,1.428,19.5,10.208,0.496,0.000,900,7.14,4.5,1.48,1.57,27.8,1,1,0,1,1,1,0,0,0,0,1,1,0,0,0,0,0,0,1,0,1,1,1,1,1,0,0,0,0,0,0,1,1,1,5156.0,0C,1,1,0,1,1,0,1,0,0,159.25,499.94,,,,,,,,,,,,,,,,,,,,,,,,,,,,,,,,,,,,,,,,,,,,,,,,,,,,,,,,,
593,292,77,14.00,68.25,910,3.8,0.000,3.360,3.08,0.000,24.94,1.00,0.69,-0.76,0.43,0.946,1.02,-1.32,1.016,0.00,0.90,1.428,19.5,10.559,0.496,0.000,900,7.14,4.5,1.46,0.00,27.8,1,1,0,1,1,1,0,0,0,0,1,1,0,0,0,0,0,0,1,0,1,1,1,1,1,0,0,0,0,0,0,1,1,1,5156.0,0C,1,1,0,1,1,0,1,0,0,152.38,485.06,,,,,,,,,,,,,,,,,,,,,,,,,,,,,,,,,,,,,,,,,,,,,,,,,,,,,,,,,
594,292,476,14.00,68.25,886,2.5,15.000,2.797,3.32,0.000,22.17,1.00,0.84,-0.76,0.86,0.906,1.02,-1.32,1.033,0.00,0.90,1.428,19.5,10.559,0.496,0.000,900,7.14,4.5,1.51,0.09,27.8,1,1,0,1,1,1,0,0,0,0,1,1,0,0,0,0,0,0,1,0,1,1,1,1,1,0,0,0,0,0,0,1,1,1,5156.0,0C,1,1,0,1,1,0,1,0,0,136.19,454.00,,,,,,,,,,,,,,,,,,,,,,,,,,,,,,,,,,,,,,,,,,,,,,,,,,,,,,,,,
595,292,876,14.00,68.25,885,1.3,9.000,2.854,3.39,0.000,21.59,1.00,0.19,-0.76,0.27,0.929,1.02,-1.32,1.038,0.00,0.90,1.174,19.5,10.559,0.496,0.000,800,7.14,4.5,1.57,-0.14,27.8,1,1,0,1,1,1,0,0,0,0,1,1,0,0,0,0,0,0,1,0,1,1,1,1,1,0,0,0,0,0,0,1,1,1,5156.0,0C,1,1,0,1,1,0,1,0,0,137.94,455.19,,,,,,,,,,,,,,,,,,,,,,,,,,,,,,,,,,,,,,,,,,,,,,,,,,,,,,,,,
596,293,250,14.00,68.25,858,1.3,8.250,2.944,853.13,14.569,260.81,1.45,0.11,-1.32,0.60,0.007,0.03,3.52,0.218,0.01,0.75,24.215,134.3,39.559,0.047,0.000,80,96.18,4804.2,-199.48,-199.48,-199.48,-199.48,-199.48,-199.48,-199.48,-199.48,-199.48,-199.48,-199.48,-199.48,-199.48,-199.48,-199.48,-199.48,-199.48,-199.48,-199.48,-199.48,-199.48,-199.48,-199.48,-199.48,-199.48,-199.48,-199.48,-199.48,-199.48,-199.48,-199.48,-199.48,-199.48,-199.48,-199.48,-199.48,-199.48,-199.48,,,,,,,,,,,,,,,,,,,,,,,,,,,,,,,,,,,,,,,,,,,,,,,,,,,,,,,,,,,,,,,,,,,,,
597,293,646,14.10,68.25,850,0.0,5.250,3.149,3.44,0.000,22.80,1.00,0.18,-0.76,0.22,0.955,1.02,-1.32,1.029,0.00,0.90,1.174,19.5,10.903,0.496,0.000,800,7.14,4.5,1.72,-0.06,27.8,1,1,0,1,1,1,0,0,0,0,1,1,0,0,0,0,0,0,1,0,1,1,1,1,1,0,0,0,0,0,0,1,1,1,5156.0,0C,1,1,0,1,1,0,1,0,0,134.50,466.94,,,,,,,,,,,,,,,,,,,,,,,,,,,,,,,,,,,,,,,,,,,,,,,,,,,,,,,,,
598,294,40,14.00,69.00,837,0.0,13.500,3.168,3.44,0.000,22.90,1.00,0.18,-0.76,0.21,0.970,1.02,-1.32,1.028,0.00,0.90,1.075,19.5,11.246,0.496,0.000,800,7.14,4.5,1.72,-0.05,27.8,1,1,0,1,1,1,0,0,0,0,1,0,0,0,0,0,0,0,1,0,1,1,1,1,1,0,0,0,0,0,0,0,1,1,5156.0,0C,1,1,0,1,1,0,1,0,0,135.88,471.63,,,,,,,,,,,,,,,,,,,,,,,,,,,,,,,,,,,,,,,,,,,,,,,,,,,,,,,,,
599,294,443,14.00,69.00,817,0.0,15.750,3.168,3.44,0.000,23.13,1.00,0.17,-0.76,0.20,0.985,1.02,-1.32,1.026,0.00,0.90,1.075,19.5,11.246,0.496,0.000,800,7.14,4.5,1.72,0.00,27.8,1,1,0,1,1,1,0,0,0,0,1,0,0,0,0,0,0,0,1,0,1,1,1,1,1,0,0,0,0,0,0,0,1,1,5156.0,0C,1,1,0,1,1,0,1,0,0,142.75,480.13,,,,,,,,,,,,,,,,,,,,,,,,,,,,,,,,,,,,,,,,,,,,,,,,,,,,,,,,,
600,294,837,13.90,69.00,806,0.0,15.000,3.238,3.44,0.000,23.18,1.00,0.18,-0.76,0.20,1.000,1.02,-1.32,1.026,0.00,0.90,1.271,19.5,11.597,0.496,0.000,800,7.14,4.5,1.72,0.00,27.8,1,1,0,1,1,1,0,0,0,0,1,0,0,0,0,0,0,0,1,0,1,1,1,1,1,0,0,0,0,0,0,0,1,1,5156.0,0C,1,1,0,1,1,0,1,0,0,147.00,485.94,,,,,,,,,,,,,,,,,,,,,,,,,,,,,,,,,,,,,,,,,,,,,,,,,,,,,,,,,
601,295,226,14.00,69.00,810,0.0,5.250,3.258,3.44,0.000,23.30,1.00,0.20,-0.76,0.22,1.017,1.02,-1.32,1.025,0.00,0.90,1.271,19.5,11.597,0.496,0.000,800,7.14,4.5,1.68,0.00,27.8,1,1,0,1,1,1,0,0,0,0,1,0,0,0,0,0,0,0,1,0,1,1,1,1,1,0,0,0,0,0,0,0,1,1,5156.0,0C,1,1,0,1,1,0,1,0,0,146.38,486.25,,,,,,,,,,,,,,,,,,,,,,,,,,,,,,,,,,,,,,,,,,,,,,,,,,,,,,,,,
602,295,616,14.00,69.00,806,0.0,-0.750,3.328,3.44,0.000,23.44,1.00,0.21,-0.76,0.22,1.033,1.02,-1.32,1.024,0.00,0.90,1.271,19.5,11.940,0.496,0.000,800,7.14,4.5,1.67,0.00,27.8,1,1,0,1,1,1,0,0,0,0,1,0,0,0,0,0,0,0,1,0,1,1,1,1,1,0,0,0,0,0,0,0,1,1,5156.0,0C,1,1,0,1,1,0,1,0,0,145.56,488.81,,,,,,,,,,,,,,,,,,,,,,,,,,,,,,,,,,,,,,,,,,,,,,,,,,,,,,,,,
603,296,27,14.00,69.00,810,0.0,-1.500,3.520,3.44,0.000,24.09,1.00,0.31,-0.76,0.27,1.049,1.02,-1.32,1.019,0.00,0.90,1.271,19.5,11.940,0.496,0.000,800,7.14,4.5,1.63,0.00,27.8,1,1,0,1,1,1,0,0,0,0,1,0,0,0,0,0,0,0,1,0,1,1,1,1,1,0,0,0,0,0,0,0,1,1,5156.0,0C,1,1,0,1,1,0,1,0,0,143.69,487.31,,,,,,,,,,,,,,,,,,,,,,,,,,,,,,,,,,,,,,,,,,,,,,,,,,,,,,,,,
604,296,417,14.10,69.00,809,0.0,1.500,3.334,3.44,0.000,23.70,1.00,0.83,-0.76,0.84,1.013,1.02,-1.32,1.022,0.00,0.90,1.271,19.5,12.284,0.496,0.000,800,7.14,4.5,1.61,0.00,27.8,1,1,0,1,1,1,0,0,0,0,1,0,0,0,0,0,0,0,1,0,1,1,1,1,1,0,0,0,0,0,0,0,1,1,5156.0,0C,1,1,0,1,1,0,1,0,0,144.75,487.00,,,,,,,,,,,,,,,,,,,,,,,,,,,,,,,,,,,,,,,,,,,,,,,,,,,,,,,,,
605,296,824,14.10,69.00,808,0.0,0.000,3.277,3.44,0.000,23.60,1.00,0.76,-0.76,0.82,0.998,1.02,-1.32,1.022,0.00,0.90,1.174,19.5,12.284,0.496,0.000,800,7.14,4.5,1.57,0.00,27.8,1,1,0,1,1,1,0,0,0,0,1,0,0,0,0,0,0,0,1,0,1,1,1,1,1,0,0,0,0,0,0,0,1,1,5156.0,0C,1,1,0,1,1,0,1,0,0,143.25,486.75,,,,,,,,,,,,,,,,,,,,,,,,,,,,,,,,,,,,,,,,,,,,,,,,,,,,,,,,,
606,297,225,14.10,69.00,801,0.0,6.750,3.373,3.39,0.000,23.67,1.00,0.20,-0.76,0.23,1.031,1.02,-1.32,1.022,0.00,0.90,1.174,19.5,12.634,0.496,0.000,800,7.14,4.5,1.56,0.00,27.8,1,1,0,1,1,1,0,0,0,0,1,0,0,0,0,0,0,0,1,0,1,1,1,1,1,0,0,0,0,0,0,0,1,1,5156.0,0C,1,1,0,1,1,0,1,0,0,145.56,489.25,,,,,,,,,,,,,,,,,,,,,,,,,,,,,,,,,,,,,,,,,,,,,,,,,,,,,,,,,
607,297,636,14.10,69.00,805,0.0,2.250,3.450,3.39,0.000,23.86,1.00,0.23,-0.76,0.25,1.048,1.02,-1.32,1.020,0.00,0.90,1.174,19.5,12.634,0.496,0.000,800,7.14,4.5,1.53,0.00,27.8,1,1,0,1,1,1,0,0,0,0,1,0,0,0,0,0,0,0,1,0,1,1,1,1,1,0,0,0,0,0,0,0,1,1,5156.0,0C,1,1,0,1,1,0,1,0,0,143.38,489.31,,,,,,,,,,,,,,,,,,,,,,,,,,,,,,,,,,,,,,,,,,,,,,,,,,,,,,,,,
608,298,34,14.10,-48.00,8896,0.0,2.250,412.877,884.38,63.789,957.07,1.45,0.11,-1.30,0.71,0.007,0.03,6.49,0.260,0.01,0.75,0.172,-41.3,13.672,0.703,-14.250,0,0.31,1766.7,1.16,-49.63,114.0,0,1,0,0,0,1,0,1,1,1,1,1,0,1,1,0,0,1,0,0,0,0,0,0,0,0,0,0,0,1,0,0,0,0,10586.3,64,0,1,0,1,0,1,1,1,1,1,1,,,,,,,,,,,,,,,,,,,,,,,,,,,,,,,,,,,,,,,,,,,,,,,,,,,,,,,,,
609,298,424,14.10,69.00,806,0.0,4.500,3.315,3.39,0.000,23.63,1.00,0.83,-0.76,0.86,1.009,1.02,-1.32,1.022,0.00,0.90,1.236,19.5,13.321,0.496,0.000,800,7.14,4.5,1.47,0.00,27.8,1,1,0,1,1,1,0,0,0,0,1,0,0,0,0,0,0,0,1,0,1,1,1,1,1,0,0,0,0,0,0,0,1,1,5156.0,0C,1,1,0,1,1,0,1,0,0,142.88,487.50,,,,,,,,,,,,,,,,,,,,,,,,,,,,,,,,,,,,,,,,,,,,,,,,,,,,,,,,,
610,298,825,14.10,69.00,795,0.0,9.000,3.309,3.39,0.000,23.51,1.00,0.21,-0.76,0.74,1.025,1.02,-1.32,1.023,0.00,0.90,1.236,19.5,13.664,0.496,0.000,800,7.14,4.5,1.49,0.00,27.8,1,1,0,1,1,1,0,0,0,0,1,0,0,0,0,0,0,0,1,0,1,1,1,1,1,0,0,0,0,0,0,0,1,1,5156.0,0C,1,1,0,1,1,0,1,0,0,147.13,490.94,,,,,,,,,,,,,,,,,,,,,,,,,,,,,,,,,,,,,,,,,,,,,,,,,,,,,,,,,
611,299,226,14.10,69.00,810,0.0,1.500,3.373,3.32,0.000,23.65,1.00,0.22,-0.76,0.23,1.041,1.02,-1.32,1.022,0.00,0.90,1.236,19.5,14.015,0.496,0.000,800,7.14,4.5,1.45,0.00,27.8,1,1,0,1,1,1,0,0,0,0,1,0,0,0,0,0,0,0,1,0,1,1,1,1,1,0,0,0,0,0,0,0,1,1,5156.0,0C,1,1,0,1,1,0,1,0,0,143.75,483.88,,,,,,,,,,,,,,,,,,,,,,,,,,,,,,,,,,,,,,,,,,,,,,,,,,,,,,,,,
612,299,633,14.10,69.00,809,0.0,3.750,3.315,3.32,0.000,23.53,1.00,0.81,-0.76,0.78,1.020,1.02,-1.32,1.023,0.00,0.90,1.236,19.5,14.015,0.496,0.000,800,7.14,4.5,1.41,0.00,27.8,1,1,0,1,1,1,0,0,0,0,1,0,0,0,0,0,0,0,1,0,1,1,1,1,1,0,0,0,0,0,0,0,1,1,5156.0,0C,1,1,0,1,1,0,1,0,0,140.13,485.31,,,,,,,,,,,,,,,,,,,,,,,,,,,,,,,,,,,,,,,,,,,,,,,,,,,,,,,,,
613,300,26,14.10,69.00,804,0.0,5.250,3.238,3.32,0.000,23.37,1.00,0.79,-0.76,0.85,1.005,1.02,-1.33,1.024,0.00,0.90,1.137,19.5,14.359,0.496,0.000,800,7.14,4.5,1.40,0.00,27.8,1,1,0,1,1,1,0,0,0,0,1,0,0,0,0,0,0,0,1,0,1,1,1,1,1,0,0,0,0,0,0,0,1,1,5156.0,0C,1,1,0,1,1,0,1,0,0,140.81,483.19,,,,,,,,,,,,,,,,,,,,,,,,,,,,,,,,,,,,,,,,,,,,,,,,,,,,,,,,,
614,300,426,14.10,69.00,798,0.0,6.750,3.296,3.32,0.000,23.25,1.00,0.21,-0.76,0.27,1.030,1.02,-1.33,1.025,0.00,0.90,1.137,19.5,14.702,0.496,0.000,800,7.14,4.5,1.40,0.00,27.8,1,1,0,1,1,1,0,0,0,0,1,0,0,0,0,0,0,0,1,0,1,1,1,1,1,0,0,0,0,0,0,0,1,1,5156.0,0C,1,1,0,1,1,0,1,0,0,143.25,484.69,,,,,,,,,,,,,,,,,,,,,,,,,,,,,,,,,,,,,,,,,,,,,,,,,,,,,,,,,
615,300,845,14.10,69.00,808,0.0,6.000,3.290,3.32,0.000,23.04,1.00,0.22,-0.76,0.22,1.046,1.02,-1.33,1.027,0.00,0.90,1.236,19.5,15.053,0.496,0.000,800,7.14,4.5,1.37,0.00,27.8,1,1,0,1,1,1,0,0,0,0,1,0,0,0,0,0,0,0,1,0,1,1,1,1,1,0,0,0,0,0,0,0,1,1,5156.0,0C,1,1,0,1,1,0,1,0,0,142.38,480.50,,,,,,,,,,,,,,,,,,,,,,,,,,,,,,,,,,,,,,,,,,,,,,,,,,,,,,,,,
616,301,224,14.10,69.00,807,0.0,6.000,3.245,3.32,0.000,23.11,1.00,0.81,-0.76,0.79,1.021,1.02,-1.33,1.026,0.00,0.90,1.236,19.5,15.396,0.496,0.000,800,7.14,4.5,1.33,0.00,27.8,1,1,0,1,1,1,0,0,0,0,1,0,0,0,0,0,0,0,1,0,1,1,1,1,1,0,0,0,0,0,0,0,1,1,5156.0,0C,1,1,0,1,1,0,1,0,0,142.00,480.94,,,,,,,,,,,,,,,,,,,,,,,,,,,,,,,,,,,,,,,,,,,,,,,,,,,,,,,,,
617,301,606,14.10,69.00,799,0.0,8.250,3.162,3.32,0.000,22.90,1.00,0.82,-0.76,0.84,1.007,1.02,-1.33,1.028,0.00,0.90,1.236,19.5,15.740,0.496,0.000,800,7.14,4.5,1.32,0.00,27.8,1,1,0,1,1,1,0,0,0,0,1,0,0,0,0,0,0,0,1,0,1,1,1,1,1,0,0,0,0,0,0,0,1,1,5156.0,0C,1,1,0,1,1,0,1,0,0,141.88,484.25,,,,,,,,,,,,,,,,,,,,,,,,,,,,,,,,,,,,,,,,,,,,,,,,,,,,,,,,,
618,302,19,14.10,69.00,802,0.0,2.250,3.334,3.27,0.000,23.34,1.00,0.23,-0.76,0.32,1.031,1.02,-1.33,1.024,0.00,0.90,1.137,20.3,16.091,0.496,0.000,800,7.14,4.5,1.31,0.00,27.8,1,1,0,1,1,1,0,0,0,0,1,0,0,0,0,0,0,0,1,0,1,1,1,1,1,0,0,0,0,0,0,0,1,1,5156.0,0C,1,1,0,1,1,0,1,0,0,141.56,482.44,,,,,,,,,,,,,,,,,,,,,,,,,,,,,,,,,,,,,,,,,,,,,,,,,,,,,,,,,
619,302,416,14.10,69.75,805,0.0,-1.500,3.418,3.32,0.000,23.55,1.00,0.22,-0.76,0.23,1.046,1.02,-1.33,1.023,0.00,0.90,1.137,20.3,16.434,0.496,0.000,800,7.14,4.5,1.28,0.00,27.8,1,1,0,1,1,1,0,0,0,0,1,0,0,0,0,0,0,0,1,0,1,1,1,1,1,0,0,0,0,0,0,0,1,1,5156.0,0C,1,1,0,1,1,0,1,0,0,141.00,481.75,,,,,,,,,,,,,,,,,,,,,,,,,,,,,,,,,,,,,,,,,,,,,,,,,,,,,,,,,
620,302,813,14.10,69.75,807,0.0,5.250,3.277,3.27,0.000,23.20,1.00,0.81,-0.76,0.80,1.022,1.02,-1.33,1.025,0.00,0.90,1.174,20.3,16.777,0.496,0.000,800,7.15,4.5,1.25,0.00,27.8,1,1,0,1,1,1,0,0,0,0,1,0,0,0,0,0,0,0,1,0,1,1,1,1,1,0,0,0,0,0,0,0,1,1,5156.0,0C,1,1,0,1,1,0,1,0,0,140.31,480.63,,,,,,,,,,,,,,,,,,,,,,,,,,,,,,,,,,,,,,,,,,,,,,,,,,,,,,,,,
621,303,195,14.10,69.75,799,0.0,6.000,3.302,3.20,0.000,23.46,1.00,0.83,-0.76,0.84,1.008,1.02,-1.33,1.024,0.00,0.90,1.174,20.3,17.121,0.496,0.000,800,7.15,4.5,1.26,0.00,27.8,1,1,0,1,1,1,0,0,0,0,1,0,0,0,0,0,0,0,1,0,1,1,1,1,1,0,0,0,0,0,0,0,1,1,5156.0,0C,1,1,0,1,1,0,1,0,0,140.81,484.31,,,,,,,,,,,,,,,,,,,,,,,,,,,,,,,,,,,,,,,,,,,,,,,,,,,,,,,,,
622,303,576,14.10,69.75,802,0.0,5.250,3.347,3.27,0.000,23.41,1.00,0.21,-0.76,0.25,1.038,1.02,-1.33,1.024,0.00,0.90,1.174,20.3,17.472,0.496,0.000,800,7.15,4.5,1.25,0.00,27.8,1,1,0,1,1,1,0,0,0,0,1,0,0,0,0,0,0,0,1,0,1,1,1,1,1,0,0,0,0,0,0,0,1,1,5156.0,0C,1,1,0,1,1,0,1,0,0,142.38,484.56,,,,,,,,,,,,,,,,,,,,,,,,,,,,,,,,,,,,,,,,,,,,,,,,,,,,,,,,,
623,303,967,14.10,69.75,804,0.0,3.000,3.398,3.27,0.000,23.37,1.00,0.35,-0.76,0.27,1.054,1.02,-1.33,1.024,0.00,0.90,1.236,20.3,17.815,0.496,0.000,800,7.15,4.5,1.23,0.00,27.8,1,1,0,1,1,1,0,0,0,0,1,0,0,0,0,0,0,0,1,0,1,1,1,1,1,0,0,0,0,0,0,0,1,1,5156.0,0C,1,1,0,1,1,0,1,0,0,142.75,483.38,,,,,,,,,,,,,,,,,,,,,,,,,,,,,,,,,,,,,,,,,,,,,,,,,,,,,,,,,
624,304,354,14.10,69.75,805,0.0,5.250,3.258,3.20,0.000,23.20,1.00,0.86,-0.76,0.83,1.022,1.02,-1.33,1.025,0.00,0.90,1.236,20.3,18.158,0.496,0.000,800,7.15,4.5,1.20,0.00,27.8,1,1,0,1,1,1,0,0,0,0,1,0,0,0,0,0,0,0,1,0,1,1,1,1,1,0,0,0,0,0,0,0,1,1,5156.0,0C,1,1,0,1,1,0,1,0,0,140.88,481.63,,,,,,,,,,,,,,,,,,,,,,,,,,,,,,,,,,,,,,,,,,,,,,,,,,,,,,,,,
625,304,753,14.10,69.75,794,0.0,5.250,3.270,3.20,0.000,23.34,1.00,0.83,-0.76,0.85,1.007,1.02,-1.33,1.024,0.00,0.90,1.137,20.3,18.509,0.496,0.000,800,7.15,4.5,1.22,0.00,27.8,1,1,0,1,1,1,0,0,0,0,1,0,0,0,0,0,0,0,1,0,1,1,1,1,1,0,0,0,0,0,0,0,1,1,5156.0,0C,1,1,0,1,1,0,1,0,0,140.81,486.44,,,,,,,,,,,,,,,,,,,,,,,,,,,,,,,,,,,,,,,,,,,,,,,,,,,,,,,,,
626,305,136,14.00,69.75,796,0.0,9.750,3.232,3.20,0.000,23.04,1.00,0.20,-0.76,0.32,1.030,1.02,-1.33,1.027,0.00,0.90,1.137,20.3,18.853,0.496,0.000,800,7.15,4.5,1.23,0.00,27.8,1,1,0,1,1,1,0,0,0,0,1,0,0,0,0,0,0,0,1,0,1,1,1,1,1,0,0,0,0,0,0,0,1,1,5156.0,0C,1,1,0,1,1,0,1,0,0,142.56,483.81,,,,,,,,,,,,,,,,,,,,,,,,,,,,,,,,,,,,,,,,,,,,,,,,,,,,,,,,,
627,305,525,14.10,69.75,799,0.0,6.750,3.334,3.20,0.000,23.18,1.00,0.22,-0.76,0.22,1.046,1.02,-1.33,1.026,0.00,0.90,1.137,20.3,19.547,0.496,0.000,800,7.15,4.5,1.23,0.00,27.8,1,1,0,1,1,1,0,0,0,0,1,0,0,0,0,0,0,0,1,0,1,1,1,1,1,0,0,0,0,0,0,0,1,1,5156.0,0C,1,1,0,1,1,0,1,0,0,142.13,482.88,,,,,,,,,,,,,,,,,,,,,,,,,,,,,,,,,,,,,,,,,,,,,,,,,,,,,,,,,
628,305,924,14.00,69.75,802,0.0,2.250,3.264,3.20,0.000,22.99,1.00,0.80,-0.76,0.76,1.028,1.02,-1.33,1.027,0.00,0.90,1.112,20.3,19.890,0.496,0.000,800,7.15,4.5,1.21,0.00,27.8,1,1,0,1,1,1,0,0,0,0,1,0,0,0,0,0,0,0,1,0,1,1,1,1,1,0,0,0,0,0,0,0,1,1,5156.0,0C,1,1,0,1,1,0,1,0,0,139.13,481.00,,,,,,,,,,,,,,,,,,,,,,,,,,,,,,,,,,,,,,,,,,,,,,,,,,,,,,,,,
629,306,343,14.10,69.75,794,0.0,7.500,3.142,3.20,0.000,22.62,1.00,0.78,-0.76,0.82,1.013,1.02,-1.33,1.030,0.00,0.90,1.112,20.3,20.233,0.496,0.000,800,7.15,4.5,1.21,0.00,27.8,1,1,0,1,1,1,0,0,0,0,1,0,0,0,0,0,0,0,1,0,1,1,1,1,1,0,0,0,0,0,0,0,1,1,5156.0,0C,1,1,0,1,1,0,1,0,0,141.88,480.94,,,,,,,,,,,,,,,,,,,,,,,,,,,,,,,,,,,,,,,,,,,,,,,,,,,,,,,,,
630,306,746,14.00,69.75,793,0.0,11.250,3.290,3.15,0.000,23.06,1.00,0.20,-0.76,0.25,1.031,1.02,-1.33,1.026,0.00,0.90,1.112,20.3,20.233,0.496,0.000,800,7.15,4.5,1.22,0.00,27.8,1,1,0,1,1,1,0,0,0,0,1,0,0,0,0,0,0,0,1,0,1,1,1,1,1,0,0,0,0,0,0,0,1,1,5156.0,0C,1,1,0,1,1,0,1,0,0,140.25,484.13,,,,,,,,,,,,,,,,,,,,,,,,,,,,,,,,,,,,,,,,,,,,,,,,,,,,,,,,,
631,307,178,14.00,69.75,798,0.0,12.000,3.258,3.15,0.000,22.66,1.00,0.20,-0.76,0.21,1.051,1.02,-1.33,1.030,0.00,0.90,1.112,20.3,20.577,0.496,0.000,800,7.15,4.5,1.23,0.00,27.8,1,1,0,1,1,1,0,0,0,0,1,0,0,0,0,0,0,0,1,0,1,1,1,1,1,0,0,0,0,0,0,0,1,1,5156.0,0C,1,1,0,1,1,0,1,0,0,140.44,479.94,,,,,,,,,,,,,,,,,,,,,,,,,,,,,,,,,,,,,,,,,,,,,,,,,,,,,,,,,
632,307,564,14.00,69.75,800,0.0,9.750,3.219,3.15,0.000,22.24,1.00,0.37,-0.76,0.43,1.065,1.02,-1.33,1.033,0.00,0.90,1.112,20.3,20.233,0.496,0.000,800,7.15,4.5,1.21,0.00,27.8,1,1,0,1,1,1,0,0,0,0,1,0,0,0,0,0,0,0,1,0,1,1,1,1,1,0,0,0,0,0,0,0,1,1,5156.0,0C,1,1,0,1,1,0,1,0,0,138.88,478.00,,,,,,,,,,,,,,,,,,,,,,,,,,,,,,,,,,,,,,,,,,,,,,,,,,,,,,,,,
633,307,954,14.10,69.75,808,0.0,3.000,3.181,3.15,0.000,22.48,1.00,0.87,-0.76,0.85,1.034,1.02,-1.33,1.031,0.00,0.90,1.271,20.3,20.577,0.496,0.000,800,7.15,4.5,1.16,0.00,27.8,1,1,0,1,1,1,0,0,0,0,1,0,0,0,0,0,0,0,1,0,1,1,1,1,1,0,0,0,0,0,0,0,1,1,5156.0,0C,1,1,0,1,1,0,1,0,0,137.31,474.50,,,,,,,,,,,,,,,,,,,,,,,,,,,,,,,,,,,,,,,,,,,,,,,,,,,,,,,,,
634,308,354,14.10,69.75,810,0.0,6.750,3.162,3.15,0.000,22.55,1.00,0.85,-0.76,0.86,1.018,1.02,-1.33,1.030,0.00,0.90,1.271,20.3,20.577,0.496,0.000,800,7.15,4.5,1.12,0.00,27.8,1,1,0,1,1,1,0,0,0,0,1,0,0,0,0,0,0,0,1,0,1,1,1,1,1,0,0,0,0,0,0,0,1,1,5156.0,0C,1,1,0,1,1,0,1,0,0,138.38,474.00,,,,,,,,,,,,,,,,,,,,,,,,,,,,,,,,,,,,,,,,,,,,,,,,,,,,,,,,,
635,308,797,14.10,69.75,807,0.0,6.000,3.110,3.15,0.000,22.43,1.00,0.77,-0.76,0.84,1.008,1.02,-1.33,1.031,0.00,0.90,1.271,20.3,20.577,0.496,0.000,800,7.15,4.5,1.10,0.00,27.8,1,1,0,1,1,1,0,0,0,0,1,0,0,0,0,0,0,0,1,0,1,1,1,1,1,0,0,0,0,0,0,0,1,1,5156.0,0C,1,1,0,1,1,0,1,0,0,137.06,473.56,,,,,,,,,,,,,,,,,,,,,,,,,,,,,,,,,,,,,,,,,,,,,,,,,,,,,,,,,
636,309,205,14.10,69.75,795,0.0,2.250,3.302,3.20,0.000,23.02,1.00,0.21,-0.76,0.22,1.040,1.02,-1.33,1.027,0.00,0.90,1.075,20.3,20.928,0.496,0.000,800,7.15,4.5,1.14,0.00,27.8,1,1,0,1,1,1,0,0,0,0,1,0,0,0,0,0,0,0,1,0,1,1,1,1,1,0,0,0,0,0,0,0,1,1,5156.0,0C,1,1,0,1,1,0,1,0,0,142.00,481.31,,,,,,,,,,,,,,,,,,,,,,,,,,,,,,,,,,,,,,,,,,,,,,,,,,,,,,,,,
637,309,594,14.10,69.75,806,0.0,3.750,3.341,3.15,0.000,23.04,1.00,0.24,-0.76,0.23,1.055,1.02,-1.33,1.027,0.00,0.90,1.075,20.3,20.577,0.496,0.000,800,7.16,4.5,1.11,0.00,27.8,1,1,0,1,1,1,0,0,0,0,1,0,0,0,0,0,0,0,1,0,1,1,1,1,1,0,0,0,0,0,0,0,1,1,5156.0,0C,1,1,0,1,1,0,1,0,0,137.69,478.56,,,,,,,,,,,,,,,,,,,,,,,,,,,,,,,,,,,,,,,,,,,,,,,,,,,,,,,,,
638,309,987,14.10,69.75,801,0.0,4.500,3.238,3.20,0.000,22.97,1.00,0.84,-0.76,0.84,1.019,1.02,-1.33,1.027,0.00,0.90,1.017,20.3,20.577,0.496,0.000,800,7.16,4.5,1.11,0.00,27.8,1,1,0,1,1,1,0,0,0,0,1,0,0,0,0,0,0,0,1,0,1,1,1,1,1,0,0,0,0,0,0,0,1,1,5156.0,0C,1,1,0,1,1,0,1,0,0,141.00,480.19,,,,,,,,,,,,,,,,,,,,,,,,,,,,,,,,,,,,,,,,,,,,,,,,,,,,,,,,,
639,310,399,14.10,69.75,794,0.0,6.750,3.219,3.20,0.000,23.11,1.00,0.35,-0.76,0.80,1.008,1.02,-1.33,1.026,0.00,0.90,1.017,20.3,20.233,0.496,0.000,800,7.16,4.5,1.13,0.00,27.8,1,1,0,1,1,1,0,0,0,0,1,0,0,0,0,0,0,0,1,0,1,1,1,1,1,0,0,0,0,0,0,0,1,1,5156.0,0C,1,1,0,1,1,0,1,0,0,140.88,482.50,,,,,,,,,,,,,,,,,,,,,,,,,,,,,,,,,,,,,,,,,,,,,,,,,,,,,,,,,
640,310,795,14.10,69.75,799,0.0,5.250,3.322,3.15,0.000,23.11,1.00,0.21,-0.76,0.22,1.048,1.02,-1.33,1.026,0.00,0.90,1.236,20.3,20.577,0.496,0.000,800,7.16,4.5,1.14,0.00,27.8,1,1,0,1,1,1,0,0,0,0,1,0,0,0,0,0,0,0,1,0,1,1,1,1,1,0,0,0,0,0,0,0,1,1,5156.0,0C,1,1,0,1,1,0,1,0,0,140.50,480.94,,,,,,,,,,,,,,,,,,,,,,,,,,,,,,,,,,,,,,,,,,,,,,,,,,,,,,,,,
641,311,175,14.10,70.50,799,0.0,5.250,3.296,3.20,0.000,23.02,1.00,0.79,-0.76,0.73,1.031,1.02,-1.33,1.027,0.00,0.90,1.236,21.0,20.577,0.496,0.000,800,7.16,4.5,1.13,0.00,27.8,1,1,0,1,1,1,0,0,0,0,1,0,0,0,0,0,0,0,1,0,1,1,1,1,1,0,0,0,0,0,0,0,1,1,5156.0,0C,1,1,0,1,1,0,1,0,0,140.50,481.06,,,,,,,,,,,,,,,,,,,,,,,,,,,,,,,,,,,,,,,,,,,,,,,,,,,,,,,,,
642,311,556,14.10,70.50,812,0.0,-2.250,4.730,4.25,0.000,29.81,1.00,0.84,-0.76,0.85,1.014,1.02,-1.33,1.035,0.00,0.90,1.236,21.0,24.727,0.496,0.000,900,7.16,4.5,1.09,0.41,27.8,1,1,0,1,1,1,0,0,0,0,1,0,1,0,0,0,0,0,1,0,1,1,1,1,1,0,0,1,0,0,0,0,1,1,5156.0,0C,1,1,0,1,1,0,1,0,0,181.00,579.13,,,,,,,,,,,,,,,,,,,,,,,,,,,,,,,,,,,,,,,,,,,,,,,,,,,,,,,,,
643,311,936,14.10,70.50,878,0.0,-1.500,3.974,3.52,0.000,27.33,1.00,0.84,-0.76,0.77,1.034,1.02,-1.33,1.025,0.00,0.90,1.552,21.0,23.690,0.496,0.000,900,7.16,4.5,0.99,0.00,27.8,1,1,0,1,1,1,0,0,0,0,1,0,1,0,0,0,0,0,1,0,1,1,1,1,1,0,0,1,0,0,0,0,1,1,5156.0,0C,1,1,0,1,1,0,1,0,0,163.63,514.81,,,,,,,,,,,,,,,,,,,,,,,,,,,,,,,,,,,,,,,,,,,,,,,,,,,,,,,,,
644,312,324,14.10,70.50,904,0.0,0.000,3.571,3.56,0.000,25.15,1.00,0.94,-0.76,0.94,1.009,1.02,-1.33,1.017,0.00,0.90,1.552,21.0,22.652,0.496,0.000,900,7.16,4.5,0.94,0.00,27.8,1,1,0,1,1,1,0,0,0,0,1,0,1,0,0,0,0,0,1,0,1,1,1,1,1,0,0,0,0,0,0,0,1,1,5156.0,0C,1,1,0,1,1,0,1,0,0,151.19,483.81,,,,,,,,,,,,,,,,,,,,,,,,,,,,,,,,,,,,,,,,,,,,,,,,,,,,,,,,,
645,312,715,14.10,70.50,901,0.0,3.000,3.334,3.52,0.000,23.88,1.00,0.95,-0.76,0.98,0.992,1.02,-1.33,1.020,0.00,0.90,1.552,21.0,21.965,0.496,0.000,900,7.16,4.5,0.93,0.00,27.8,1,1,0,1,1,1,0,0,0,0,1,0,1,0,0,0,0,0,1,0,1,1,1,1,1,0,0,0,0,0,0,0,1,1,5156.0,0C,1,1,0,1,1,0,1,0,0,146.00,472.44,,,,,,,,,,,,,,,,,,,,,,,,,,,,,,,,,,,,,,,,,,,,,,,,,,,,,,,,,
646,313,97,14.10,70.50,872,0.0,15.750,3.226,3.69,1.460,24.05,1.00,0.93,-0.76,0.97,0.975,1.02,-1.33,1.019,0.00,0.90,1.279,21.0,22.309,0.496,0.000,1000,7.16,4.5,1.00,0.35,27.8,1,1,0,1,1,1,0,0,0,0,1,0,1,0,0,0,0,0,0,0,1,1,1,1,1,0,0,0,0,0,0,0,1,1,5156.0,0C,1,1,0,1,1,0,1,0,0,151.69,493.25,,,,,,,,,,,,,,,,,,,,,,,,,,,,,,,,,,,,,,,,,,,,,,,,,,,,,,,,,
647,313,494,14.10,70.50,952,0.0,-8.250,7.334,9.18,6.163,47.16,1.00,0.22,-0.76,0.76,0.956,1.02,-1.33,1.057,0.00,0.90,0.301,-41.3,16.407,0.703,55.500,30,-91.88,1766.7,4.28,-41.82,114.0,0,1,0,0,0,1,0,1,1,1,1,1,0,1,1,0,0,1,1,1,1,1,1,1,1,1,1,1,1,1,1,1,1,1,1,,,,,,,,,,,,,,,,,,,,,,,,,,,,,,,,,,,,,,,,,,,,,,,,,,,,,,,,,,,,,,,,,,,,,
648,313,887,14.10,70.50,1444,0.0,2.250,5.613,9.30,6.491,40.71,1.00,0.94,-0.76,0.97,0.942,1.02,-1.33,1.090,0.00,0.90,4.132,21.0,28.527,0.496,0.000,1500,7.16,4.5,1.01,0.00,27.8,1,1,0,1,1,1,0,0,0,0,1,0,1,0,0,0,0,0,0,0,1,1,1,1,1,0,0,1,0,0,0,0,1,1,5156.0,0C,1,1,0,1,1,0,1,0,0,244.94,652.56,,,,,,,,,,,,,,,,,,,,,,,,,,,,,,,,,,,,,,,,,,,,,,,,,,,,,,,,,
649,314,284,14.10,70.50,1623,0.0,8.250,4.685,8.86,6.491,33.61,1.00,0.22,-0.76,0.36,0.954,1.02,-1.33,1.088,0.00,0.90,4.132,21.0,27.489,0.496,0.000,1500,7.15,4.5,1.01,-0.58,27.8,1,1,0,1,1,1,0,0,0,0,1,0,1,0,0,0,0,0,0,0,1,1,1,1,1,0,0,1,0,0,0,0,1,1,5156.0,0C,1,1,0,1,1,0,1,0,0,204.81,561.88,,,,,,,,,,,,,,,,,,,,,,,,,,,,,,,,,,,,,,,,,,,,,,,,,,,,,,,,,
650,314,675,14.10,70.50,1427,2.5,9.000,5.248,9.67,6.491,37.43,1.00,0.39,-0.76,0.84,0.909,1.02,-1.33,1.070,0.00,0.90,4.132,20.3,29.564,0.496,0.000,1500,7.16,4.5,1.01,0.85,27.8,1,1,0,1,1,1,0,0,0,0,1,0,1,0,0,0,0,0,0,0,1,1,1,1,1,0,0,1,0,0,0,0,1,1,5156.0,0C,1,1,0,1,1,0,1,0,0,225.00,621.19,,,,,,,,,,,,,,,,,,,,,,,,,,,,,,,,,,,,,,,,,,,,,,,,,,,,,,,,,
651,315,76,14.10,70.50,1322,3.8,1.500,6.957,12.70,7.633,48.82,1.00,0.79,-0.76,0.74,0.924,1.02,-1.33,1.088,0.00,0.90,3.184,20.3,41.314,0.496,0.000,1500,7.16,4.5,1.01,1.43,27.8,1,1,0,1,1,1,0,0,0,0,1,0,1,0,0,0,0,0,0,0,1,1,1,1,1,0,0,1,0,0,0,0,1,1,5156.0,0C,1,1,0,1,1,0,1,0,0,300.75,799.69,,,,,,,,,,,,,,,,,,,,,,,,,,,,,,,,,,,,,,,,,,,,,,,,,,,,,,,,,
652,315,469,14.10,70.50,1296,6.3,-3.750,8.403,16.72,7.633,58.73,1.00,0.87,-0.76,0.90,0.889,1.02,-1.33,1.086,0.00,0.90,3.184,20.3,71.389,0.496,0.000,1500,7.15,4.5,1.01,1.69,27.8,1,1,0,1,1,1,0,0,0,0,1,0,1,0,0,0,0,0,0,0,1,1,1,1,1,0,0,1,0,0,0,0,1,1,5156.0,0C,1,1,0,1,1,0,1,0,0,354.56,900.81,,,,,,,,,,,,,,,,,,,,,,,,,,,,,,,,,,,,,,,,,,,,,,,,,,,,,,,,,
653,315,855,14.00,70.50,1294,8.8,-5.250,9.491,21.09,7.953,64.78,1.00,0.20,-0.76,0.32,0.893,1.02,-1.33,1.084,0.00,0.90,4.642,20.3,97.658,0.496,0.000,1500,7.15,4.5,1.01,1.69,27.8,1,1,0,1,1,1,0,0,0,0,1,0,1,0,0,0,0,0,0,0,1,1,1,1,0,0,0,1,0,0,0,0,1,1,5156.0,0C,1,1,0,1,1,0,1,0,0,396.88,951.81,,,,,,,,,,,,,,,,,,,,,,,,,,,,,,,,,,,,,,,,,,,,,,,,,,,,,,,,,
654,316,274,14.10,70.50,1433,10.0,-1.500,7.558,15.67,7.953,57.49,1.00,0.60,-0.76,0.76,0.872,1.02,-1.33,1.119,0.00,0.90,4.642,20.3,97.658,0.496,0.000,1500,7.15,4.5,1.01,0.04,27.8,1,1,0,1,1,1,0,0,0,0,1,0,1,0,0,0,0,0,0,0,1,1,1,1,0,0,0,1,0,0,0,0,1,1,5156.0,0C,1,1,0,1,1,0,1,0,0,343.75,853.25,,,,,,,,,,,,,,,,,,,,,,,,,,,,,,,,,,,,,,,,,,,,,,,,,,,,,,,,,
655,316,664,14.10,70.50,1671,12.5,9.000,5.216,11.79,7.953,43.59,1.00,0.22,-0.76,0.39,0.935,1.02,-1.33,1.106,0.00,0.90,4.642,20.3,86.595,0.496,0.000,1500,7.08,4.5,1.00,-0.97,27.8,1,1,0,1,1,1,0,0,0,0,1,0,1,0,0,0,0,0,0,0,1,1,1,1,1,0,0,1,0,0,0,0,1,1,5156.0,0C,1,1,0,1,1,0,1,0,0,265.94,716.69,,,,,,,,,,,,,,,,,,,,,,,,,,,,,,,,,,,,,,,,,,,,,,,,,,,,,,,,,
656,317,74,14.10,70.50,1861,13.8,28.500,4.365,10.89,10.225,34.20,1.00,0.15,-0.76,0.18,0.974,1.02,-1.33,1.118,0.00,0.90,3.932,20.3,67.582,0.496,0.000,1500,6.95,4.5,0.98,-1.46,27.8,1,1,0,1,1,1,0,0,0,0,1,0,1,0,0,0,0,0,0,0,1,1,1,1,1,0,0,1,0,0,0,0,1,1,5156.0,0C,1,1,0,1,1,0,1,0,0,210.38,565.75,,,,,,,,,,,,,,,,,,,,,,,,,,,,,,,,,,,,,,,,,,,,,,,,,,,,,,,,,
657,317,468,14.10,70.50,2064,15.0,27.750,5.299,12.94,15.749,37.22,1.00,0.87,-0.76,0.72,0.974,1.02,-1.33,1.136,0.00,0.90,3.932,19.5,74.151,0.496,0.000,1500,6.82,4.5,0.96,-2.39,27.8,1,1,0,1,1,1,0,0,0,0,1,0,1,0,0,0,0,0,0,0,1,1,1,1,1,0,0,1,0,0,0,0,1,1,5156.0,0C,1,1,0,1,1,0,1,0,0,222.44,552.19,,,,,,,,,,,,,,,,,,,,,,,,,,,,,,,,,,,,,,,,,,,,,,,,,,,,,,,,,
658,317,858,14.10,70.50,2319,17.5,27.750,5.178,13.31,16.397,40.36,1.00,0.83,-0.76,0.87,0.925,1.02,-1.33,1.159,0.00,0.90,5.416,19.5,88.319,0.496,0.000,1500,6.66,4.5,0.94,-2.44,27.8,1,1,0,1,1,1,0,0,0,0,1,0,0,0,0,0,0,0,0,0,1,1,1,1,1,0,0,1,0,0,0,0,1,1,5156.0,0C,1,1,0,1,1,0,1,0,0,243.44,595.06,,,,,,,,,,,,,,,,,,,,,,,,,,,,,,,,,,,,,,,,,,,,,,,,,,,,,,,,,
659,318,255,14.10,70.50,2525,18.8,28.500,4.979,15.55,17.374,37.62,1.00,0.17,-0.76,0.20,0.958,1.02,-1.33,1.169,0.00,0.90,5.416,19.5,97.658,0.496,0.000,1500,6.53,4.5,0.92,-2.40,27.8,1,1,0,1,1,1,0,0,0,0,1,0,0,0,0,0,0,0,0,0,1,1,1,1,1,0,0,1,0,0,0,0,1,1,5156.0,0C,1,1,0,1,1,0,1,0,0,235.81,622.81,,,,,,,,,,,,,,,,,,,,,,,,,,,,,,,,,,,,,,,,,,,,,,,,,,,,,,,,,
660,318,646,14.10,70.50,2823,20.0,26.250,6.790,20.92,20.133,46.36,1.00,0.15,-0.76,0.19,1.015,1.02,-1.33,1.151,0.00,0.90,5.416,19.5,97.658,0.496,0.000,1500,6.44,4.5,0.91,-2.36,27.8,1,1,0,1,1,1,0,0,0,0,1,0,0,0,0,0,0,0,0,0,1,1,1,1,1,0,0,1,0,0,0,0,1,1,5156.0,0C,1,1,0,1,1,0,1,0,0,286.69,724.06,,,,,,,,,,,,,,,,,,,,,,,,,,,,,,,,,,,,,,,,,,,,,,,,,,,,,,,,,
661,319,46,14.10,70.50,3197,23.8,25.500,7.789,21.09,17.780,50.09,1.00,0.34,-0.76,0.21,1.078,1.02,-1.33,1.137,0.00,0.90,9.157,19.5,97.658,0.496,-0.750,1500,6.44,4.5,0.91,-2.36,27.8,1,1,0,1,1,1,0,0,0,0,1,0,0,0,0,0,0,0,0,0,1,1,1,1,1,0,0,1,0,0,0,0,1,1,5156.0,0C,1,1,0,1,1,0,1,0,0,282.81,655.75,,,,,,,,,,,,,,,,,,,,,,,,,,,,,,,,,,,,,,,,,,,,,,,,,,,,,,,,,
662,319,459,14.10,70.50,3087,25.0,27.750,1.594,6.49,0.000,11.74,1.00,0.88,-0.76,0.90,0.994,1.02,-1.33,1.166,0.00,0.90,0.215,-42.0,23.828,0.703,30.750,2500,41.71,1766.7,4.29,-43.38,114.0,0,1,0,0,0,1,0,1,1,1,1,1,0,1,1,0,0,1,0,0,0,0,0,0,0,0,0,0,1,0,0,0,0,0,5207.8,48,0,1,0,1,0,1,1,1,1,1,1,,,,,,,,,,,,,,,,,,,,,,,,,,,,,,,,,,,,,,,,,,,,,,,,,,,,,,,,,
663,319,846,14.10,70.50,2804,25.0,39.750,1.523,6.37,0.000,9.98,1.00,0.15,-0.76,0.18,1.018,1.02,-1.33,1.166,0.00,0.90,1.408,18.8,33.715,0.496,0.000,900,6.43,4.5,0.91,-4.47,27.8,1,1,0,1,1,1,0,0,0,0,1,0,1,0,0,0,0,0,1,0,1,1,1,1,1,0,0,0,0,1,0,0,1,1,5156.0,0C,1,1,0,1,1,0,1,0,0,64.44,232.38,,,,,,,,,,,,,,,,,,,,,,,,,,,,,,,,,,,,,,,,,,,,,,,,,,,,,,,,,
664,320,225,14.10,70.50,2494,25.0,31.500,3.488,11.79,8.281,21.14,1.00,0.17,-0.76,0.19,1.050,1.02,-1.33,1.145,0.00,0.90,1.408,18.8,54.452,0.496,0.000,900,6.56,4.5,0.92,-2.41,27.8,1,1,0,1,1,1,0,0,0,0,1,0,1,0,0,0,0,0,0,0,1,1,1,1,1,0,0,0,0,1,0,0,1,1,5156.0,0C,1,1,0,1,1,0,1,0,0,146.44,405.75,,,,,,,,,,,,,,,,,,,,,,,,,,,,,,,,,,,,,,,,,,,,,,,,,,,,,,,,,
665,320,633,14.10,70.50,2280,25.0,30.750,4.704,10.33,9.413,31.27,1.00,0.94,-0.76,0.92,1.009,1.02,-1.33,1.145,0.00,0.90,1.408,18.8,55.146,0.496,0.000,900,6.70,4.5,0.94,-2.46,27.8,1,1,0,1,1,1,0,0,0,0,1,0,1,0,0,0,0,0,0,0,1,1,1,1,1,0,0,0,0,0,0,0,1,1,5156.0,0C,1,1,0,1,1,0,1,0,0,191.44,483.19,,,,,,,,,,,,,,,,,,,,,,,,,,,,,,,,,,,,,,,,,,,,,,,,,,,,,,,,,
666,321,24,14.10,70.50,1957,26.3,28.500,5.485,13.13,15.749,35.46,1.00,0.55,-0.76,0.92,0.972,1.02,-1.33,1.126,0.00,0.90,4.023,18.8,68.276,0.496,0.000,900,6.88,4.5,0.97,-2.52,27.8,1,1,0,1,1,1,0,0,0,0,1,0,1,0,0,0,0,0,0,0,1,1,1,1,1,0,0,1,0,0,0,0,1,1,5156.0,0C,1,1,0,1,1,0,1,0,0,227.38,583.38,,,,,,,,,,,,,,,,,,,,,,,,,,,,,,,,,,,,,,,,,,,,,,,,,,,,,,,,,
667,321,416,14.10,70.50,2016,27.5,26.250,5.478,12.21,15.749,38.84,1.00,0.25,-0.76,0.68,0.998,1.02,-1.33,1.128,0.00,0.90,4.023,18.8,72.427,0.496,0.000,900,6.84,4.5,0.96,-2.51,27.8,1,1,0,1,1,1,0,0,0,0,1,0,1,0,0,0,0,0,0,0,1,1,1,1,1,0,0,1,0,0,0,0,1,1,5156.0,0C,1,1,0,1,1,0,1,0,0,235.50,601.50,,,,,,,,,,,,,,,,,,,,,,,,,,,,,,,,,,,,,,,,,,,,,,,,,,,,,,,,,
668,321,807,14.10,70.50,2096,28.8,24.000,6.259,14.89,19.976,46.59,1.00,0.86,-0.76,0.92,0.942,1.02,-1.33,1.137,0.00,0.90,5.784,18.8,97.658,0.496,0.000,900,6.79,4.5,0.96,-2.49,27.8,1,1,0,1,1,1,0,0,0,0,1,0,0,0,0,0,0,0,0,0,1,1,1,1,1,0,0,1,0,0,0,0,1,1,5156.0,0C,1,1,0,1,1,0,1,0,0,288.69,681.13,,,,,,,,,,,,,,,,,,,,,,,,,,,,,,,,,,,,,,,,,,,,,,,,,,,,,,,,,
669,322,205,14.10,70.50,2204,30.0,24.000,6.349,14.89,20.218,48.14,1.00,0.79,-0.76,0.72,0.935,1.02,-1.33,1.148,0.00,0.90,5.784,19.5,97.658,0.496,0.000,900,6.73,4.5,0.95,-2.47,27.8,1,1,0,1,1,1,0,0,0,0,1,0,0,0,0,0,0,0,0,0,1,1,1,1,1,0,0,1,0,0,0,0,1,1,5156.0,0C,1,1,0,1,1,0,1,0,0,290.69,684.19,,,,,,,,,,,,,,,,,,,,,,,,,,,,,,,,,,,,,,,,,,,,,,,,,,,,,,,,,
670,322,587,14.10,70.50,2316,31.3,25.500,6.016,15.06,19.812,46.17,1.00,0.22,-0.76,0.38,0.934,1.02,-1.33,1.156,0.00,0.90,0.194,-42.0,52.345,0.703,38.250,2520,-24.69,1766.7,1.16,-48.07,114.0,0,1,0,0,0,1,0,1,1,1,1,1,0,1,1,0,0,1,0,0,0,0,0,0,0,0,1,0,0,0,1,0,0,0,4102.8,D6,0,1,0,1,0,1,1,1,1,1,1,,,,,,,,,,,,,,,,,,,,,,,,,,,,,,,,,,,,,,,,,,,,,,,,,,,,,,,,,
671,322,993,14.10,70.50,2439,32.5,26.250,6.080,16.28,19.812,44.23,1.00,0.22,-0.76,0.24,0.985,1.02,-1.33,1.160,0.00,0.90,6.456,19.5,97.658,0.496,0.000,900,6.58,4.5,0.93,-2.41,27.8,1,1,0,1,1,1,0,0,0,0,1,0,0,0,0,0,0,0,0,0,1,1,1,1,1,0,0,1,0,0,0,0,1,1,5156.0,0C,1,1,0,1,1,0,1,0,0,269.25,672.94,,,,,,,,,,,,,,,,,,,,,,,,,,,,,,,,,,,,,,,,,,,,,,,,,,,,,,,,,
672,323,395,14.10,-46.50,11212,146.3,5.250,77.024,271.88,14.569,261.09,1.45,0.08,-1.49,0.38,0.007,0.17,-7.03,1.953,0.01,0.75,0.194,-42.0,34.766,0.703,33.750,2520,-12.19,1766.7,1.16,-48.07,114.0,0,1,0,0,0,1,0,1,1,1,1,1,0,1,1,0,0,1,0,0,0,0,0,0,0,0,0,0,0,0,1,0,0,0,3036.2,FE,0,1,0,1,0,1,1,1,1,1,1,,,,,,,,,,,,,,,,,,,,,,,,,,,,,,,,,,,,,,,,,,,,,,,,,,,,,,,,,
673,325,875,14.10,71.25,3031,41.3,36.000,2.970,9.89,0.000,19.01,1.00,0.79,-0.76,0.74,1.114,1.02,-1.33,1.165,0.00,0.90,4.696,18.8,54.452,0.496,0.000,900,6.43,4.5,0.91,-4.61,27.8,1,1,0,1,1,1,0,0,0,0,1,0,0,0,0,0,0,0,1,0,1,1,1,1,1,0,0,0,0,1,0,0,1,1,5156.0,0C,1,1,0,1,1,0,1,0,0,114.75,344.31,,,,,,,,,,,,,,,,,,,,,,,,,,,,,,,,,,,,,,,,,,,,,,,,,,,,,,,,,
674,326,255,14.10,71.25,2995,41.3,37.500,2.355,8.25,0.000,14.11,1.00,0.74,-0.76,0.63,1.125,1.02,-1.33,1.166,0.00,0.90,4.696,18.8,44.770,0.496,0.000,900,6.43,4.5,0.91,-4.59,27.8,1,1,0,1,1,1,0,0,0,0,1,0,0,0,0,0,0,0,1,0,1,1,1,1,1,0,0,0,0,1,0,0,1,1,5156.0,0C,1,1,0,1,1,0,1,0,0,85.69,284.19,,,,,,,,,,,,,,,,,,,,,,,,,,,,,,,,,,,,,,,,,,,,,,,,,,,,,,,,,
675,326,734,14.10,71.25,2892,40.0,39.000,1.997,6.45,0.000,10.95,1.00,0.19,-0.76,0.24,1.167,1.02,-1.33,1.166,0.00,0.90,4.696,18.8,34.752,0.496,0.000,900,6.42,4.5,0.91,-4.52,27.8,1,1,0,1,1,1,0,0,0,0,1,1,0,0,0,0,0,0,1,0,1,1,1,1,1,0,0,0,0,1,0,1,1,1,5156.0,0C,1,1,0,1,1,0,1,0,0,66.31,239.81,,,,,,,,,,,,,,,,,,,,,,,,,,,,,,,,,,,,,,,,,,,,,,,,,,,,,,,,,
676,327,117,14.10,71.25,2631,36.3,12.750,2.010,5.47,0.000,10.73,1.00,0.19,-0.76,0.22,1.198,1.02,-1.33,1.155,0.00,0.90,2.113,18.8,31.983,0.496,0.000,900,6.48,4.5,0.91,-4.40,27.8,1,1,0,1,1,1,0,0,0,0,1,1,0,0,0,0,0,0,1,0,1,1,1,1,1,0,0,0,0,1,0,1,1,1,5156.0,0C,1,1,0,1,1,0,1,0,0,64.19,222.06,,,,,,,,,,,,,,,,,,,,,,,,,,,,,,,,,,,,,,,,,,,,,,,,,,,,,,,,,
677,327,503,14.10,71.25,2433,33.8,-2.250,2.157,5.22,0.000,12.05,1.00,0.90,-0.76,0.93,1.163,1.02,-1.33,1.138,0.00,0.90,2.113,18.8,29.915,0.496,0.000,900,6.59,4.5,0.93,-4.36,27.8,1,1,0,1,1,1,0,0,0,0,1,1,0,0,0,0,0,0,1,0,1,1,1,1,1,0,0,0,0,1,0,1,1,1,5156.0,0C,1,1,0,1,1,0,1,0,0,75.19,230.56,,,,,,,,,,,,,,,,,,,,,,,,,,,,,,,,,,,,,,,,,,,,,,,,,,,,,,,,,
678,327,903,14.10,71.25,2294,31.3,-14.250,0.000,4.86,0.000,13.29,1.00,0.83,-0.76,0.98,1.000,1.02,-1.33,1.125,0.00,0.90,2.348,18.8,0.000,0.496,0.000,900,6.68,4.5,0.94,-4.33,27.8,1,1,0,1,1,1,0,0,0,0,1,1,0,0,0,0,0,0,1,0,0,1,0,1,0,0,1,0,0,1,0,0,1,1,5156.0,0C,1,1,0,1,1,0,1,0,0,81.13,236.75,,,,,,,,,,,,,,,,,,,,,,,,,,,,,,,,,,,,,,,,,,,,,,,,,,,,,,,,,
679,328,306,14.10,71.25,2166,28.8,-9.000,2.502,4.17,8.850,13.27,0.97,0.13,-0.76,0.18,1.000,1.02,-1.33,1.120,0.00,0.90,2.348,18.8,8.995,0.496,0.000,900,6.76,4.5,0.95,-2.48,27.8,1,1,0,1,1,1,0,0,0,0,1,0,0,0,0,0,0,0,0,0,1,1,0,1,0,0,0,0,0,1,0,0,1,1,5156.0,0C,1,1,0,1,1,0,1,0,0,80.50,231.00,,,,,,,,,,,,,,,,,,,,,,,,,,,,,,,,,,,,,,,,,,,,,,,,,,,,,,,,,
680,328,696,14.10,-47.25,3978,210.0,2.250,47.520,146.70,73.945,950.95,1.45,0.08,-1.42,0.49,0.007,0.06,7.00,0.184,0.01,0.75,0.194,-42.0,74.220,0.703,44.250,2520,-41.10,1766.7,0.96,-43.38,114.0,0,1,0,0,0,1,0,1,1,1,1,1,0,1,1,0,0,1,0,0,0,0,0,0,0,0,1,1,1,0,0,0,0,0,1837.8,8B,0,1,0,1,0,1,1,1,1,1,1,,,,,,,,,,,,,,,,,,,,,,,,,,,,,,,,,,,,,,,,,,,,,,,,,,,,,,,,,
681,329,74,14.10,71.25,1987,26.3,4.500,5.760,12.08,15.421,34.13,0.96,0.98,-0.76,1.03,0.952,1.02,-1.33,1.127,0.00,0.90,2.767,19.5,9.865,0.496,0.000,900,6.88,4.5,0.97,-2.52,27.8,1,1,0,1,1,1,0,0,0,0,1,0,0,0,0,0,0,0,0,0,1,1,1,1,1,0,0,1,0,0,0,0,1,1,5156.0,0C,1,1,0,1,1,0,1,0,0,212.63,543.88,,,,,,,,,,,,,,,,,,,,,,,,,,,,,,,,,,,,,,,,,,,,,,,,,,,,,,,,,
682,329,467,14.10,71.25,2002,27.5,27.000,5.850,12.65,16.234,37.73,0.96,0.95,-0.76,1.03,0.910,1.02,-1.33,1.127,0.00,0.90,2.767,19.5,10.559,0.496,0.000,900,6.86,4.5,0.97,-2.52,27.8,1,1,0,1,1,1,0,0,0,0,1,0,0,0,0,0,0,0,0,0,1,1,1,1,1,0,0,1,0,0,0,0,1,1,5156.0,0C,1,1,0,1,1,0,1,0,0,230.94,592.13,,,,,,,,,,,,,,,,,,,,,,,,,,,,,,,,,,,,,,,,,,,,,,,,,,,,,,,,,
683,329,843,14.10,71.25,2020,27.5,27.000,4.666,8.98,2.921,33.75,0.97,0.93,-0.76,1.02,0.878,1.02,-1.33,1.128,0.00,0.90,5.283,19.5,10.903,0.496,0.000,900,6.85,4.5,0.96,-2.51,27.8,1,1,0,1,1,1,0,0,0,0,1,0,0,0,0,0,0,0,0,0,1,1,1,1,1,0,0,1,0,0,0,0,1,1,5156.0,0C,1,1,0,1,1,0,1,0,0,190.13,495.94,,,,,,,,,,,,,,,,,,,,,,,,,,,,,,,,,,,,,,,,,,,,,,,,,,,,,,,,,
684,330,254,14.10,71.25,2007,27.5,31.500,3.104,7.47,7.304,24.16,0.98,0.89,-0.76,1.00,0.842,1.02,-1.33,1.125,0.00,0.90,5.283,19.5,11.246,0.496,0.000,900,6.87,4.5,0.97,-2.52,27.8,1,1,0,1,1,1,0,0,0,0,1,0,0,0,0,0,0,0,0,0,1,1,1,1,1,0,0,0,0,0,0,0,1,1,5156.0,0C,1,1,0,1,1,0,1,0,0,144.19,381.25,,,,,,,,,,,,,,,,,,,,,,,,,,,,,,,,,,,,,,,,,,,,,,,,,,,,,,,,,
685,330,657,14.10,71.25,1988,26.3,30.750,3.731,10.03,11.531,28.10,0.99,0.69,-0.76,0.95,0.799,1.02,-1.33,1.125,0.00,0.90,5.283,19.5,11.940,0.496,0.000,900,6.88,4.5,0.97,-2.52,27.8,1,1,0,1,1,1,0,0,0,0,1,0,0,0,0,0,0,0,0,0,1,1,1,1,1,0,0,0,0,0,0,0,1,1,5156.0,0C,1,1,0,1,1,0,1,0,0,173.38,457.31,,,,,,,,,,,,,,,,,,,,,,,,,,,,,,,,,,,,,,,,,,,,,,,,,,,,,,,,,
686,331,66,14.10,71.25,1983,26.3,29.250,4.205,10.28,12.178,30.94,1.00,0.21,-0.76,0.25,0.839,1.02,-1.33,1.124,0.00,0.90,3.051,19.5,12.634,0.496,0.000,900,6.88,4.5,0.97,-2.52,27.8,1,1,0,1,1,1,0,0,0,0,1,0,0,0,0,0,0,0,0,0,1,1,1,1,1,0,0,0,0,0,0,0,1,1,5156.0,0C,1,1,0,1,1,0,1,0,0,188.00,495.81,,,,,,,,,,,,,,,,,,,,,,,,,,,,,,,,,,,,,,,,,,,,,,,,,,,,,,,,,
687,331,477,14.10,71.25,1990,26.3,29.250,4.352,10.33,12.178,31.45,1.00,0.37,-0.76,0.26,0.867,1.02,-1.33,1.125,0.00,0.90,3.051,19.5,12.978,0.496,0.000,900,6.88,4.5,0.97,-2.52,27.8,1,1,0,1,1,1,0,0,0,0,1,0,0,0,0,0,0,0,0,0,1,1,1,1,1,0,0,0,0,0,0,0,1,1,5156.0,0C,1,1,0,1,1,0,1,0,0,191.19,502.19,,,,,,,,,,,,,,,,,,,,,,,,,,,,,,,,,,,,,,,,,,,,,,,,,,,,,,,,,
688,331,878,14.10,71.25,1999,27.5,30.000,4.218,10.21,11.850,31.36,1.00,0.79,-0.76,0.82,0.839,1.02,-1.33,1.126,0.00,0.90,3.522,19.5,13.664,0.496,0.000,900,6.87,4.5,0.97,-2.52,27.8,1,1,0,1,1,1,0,0,0,0,1,0,0,0,0,0,0,0,0,0,1,1,1,1,1,0,0,0,0,0,0,0,1,1,5156.0,0C,1,1,0,1,1,0,1,0,0,190.75,498.00,,,,,,,,,,,,,,,,,,,,,,,,,,,,,,,,,,,,,,,,,,,,,,,,,,,,,,,,,
689,332,299,14.10,71.25,2002,27.5,30.000,4.288,10.08,11.850,31.22,1.00,0.38,-0.76,0.32,0.867,1.02,-1.33,1.127,0.00,0.90,3.522,19.5,14.015,0.496,0.000,900,6.87,4.5,0.97,-2.52,27.8,1,1,0,1,1,1,0,0,0,0,1,0,0,0,0,0,0,0,0,0,1,1,1,1,1,0,0,0,0,0,0,0,1,1,5156.0,0C,1,1,0,1,1,0,1,0,0,189.69,493.25,,,,,,,,,,,,,,,,,,,,,,,,,,,,,,,,,,,,,,,,,,,,,,,,,,,,,,,,,
690,332,686,14.10,71.25,2008,27.5,30.000,4.045,10.03,12.015,30.80,1.00,0.79,-0.76,0.85,0.818,1.02,-1.33,1.126,0.00,0.90,3.522,19.5,14.702,0.496,0.000,900,6.87,4.5,0.97,-2.52,27.8,1,1,0,1,1,1,0,0,0,0,1,0,0,0,0,0,0,0,0,0,1,1,1,1,1,0,0,0,0,0,0,0,1,1,5156.0,0C,1,1,0,1,1,0,1,0,0,187.13,488.31,,,,,,,,,,,,,,,,,,,,,,,,,,,,,,,,,,,,,,,,,,,,,,,,,,,,,,,,,
691,333,66,14.10,71.25,2009,27.5,30.000,4.154,9.96,12.015,30.63,1.00,0.75,-0.76,0.33,0.863,1.02,-1.33,1.128,0.00,0.90,3.522,19.5,15.396,0.496,0.000,900,6.87,4.5,0.97,-2.52,27.8,1,1,0,1,1,1,0,0,0,0,1,0,0,0,0,0,0,0,0,0,1,1,1,1,1,0,0,0,0,0,0,0,1,1,5156.0,0C,1,1,0,1,1,0,1,0,0,187.38,486.88,,,,,,,,,,,,,,,,,,,,,,,,,,,,,,,,,,,,,,,,,,,,,,,,,,,,,,,,,
692,333,453,14.10,71.25,2012,27.5,30.000,4.083,10.13,12.335,31.13,1.00,0.78,-0.76,0.84,0.810,1.02,-1.33,1.128,0.00,0.90,3.522,19.5,15.740,0.496,0.000,900,6.86,4.5,0.97,-2.52,27.8,1,1,0,1,1,1,0,0,0,0,1,0,0,0,0,0,0,0,0,0,0,0,0,0,0,0,1,1,0,1,0,0,0,0,10287.7,EC,0,1,0,1,0,1,1,1,1,1,1,,,,,,,,,,,,,,,,,,,,,,,,,,,,,,,,,,,,,,,,,,,,,,,,,,,,,,,,,
693,333,824,14.10,71.25,2025,27.5,28.500,4.768,11.91,14.531,34.36,1.00,0.81,-0.76,0.80,0.817,1.02,-1.33,1.130,0.00,0.90,0.194,-42.0,76.954,0.703,93.000,1940,94.41,313.0,-199.53,-199.53,-199.53,-199.53,-199.53,-199.53,-199.53,-199.53,-199.53,-199.53,-199.53,-199.53,-199.53,-199.53,-199.53,-199.53,-199.53,-199.53,-199.53,-199.53,-199.53,-199.53,-199.53,-199.53,-199.53,-199.53,-199.53,-199.53,-199.53,-199.53,-199.53,-199.53,-199.53,-199.53,-199.53,-199.53,-199.53,-199.53,,,,,,,,,,,,,,,,,,,,,,,,,,,,,,,,,,,,,,,,,,,,,,,,,,,,,,,,,,,,,,,,,,,,,
694,334,217,14.10,71.25,2047,27.5,27.750,4.864,11.72,14.937,36.38,1.00,0.67,-0.76,0.84,0.821,1.02,-1.33,1.131,0.00,0.90,3.771,19.5,16.777,0.496,0.000,900,6.84,4.5,0.96,-2.51,27.8,1,1,0,1,1,1,0,0,0,0,1,0,0,0,0,0,0,0,0,0,1,1,1,1,1,0,0,1,0,0,0,0,1,1,5156.0,0C,1,1,0,1,1,0,1,0,0,221.19,560.38,,,,,,,,,,,,,,,,,,,,,,,,,,,,,,,,,,,,,,,,,,,,,,,,,,,,,,,,,
695,334,609,14.10,71.25,2061,27.5,27.750,4.787,11.25,14.124,36.28,1.00,0.38,-0.76,0.76,0.822,1.02,-1.33,1.133,0.00,0.90,3.771,19.5,17.472,0.496,0.000,900,6.83,4.5,0.96,-2.51,27.8,1,1,0,1,1,1,0,0,0,0,1,0,0,0,0,0,0,0,0,0,1,1,1,1,1,0,0,1,0,0,0,0,1,1,5156.0,0C,1,1,0,1,1,0,1,1,1,1,1,,,,,,,,,,,,,,,,,,,,,,,,,,,,,,,,,,,,,,,,,,,,,,,,,,,,,,,,,
696,335,2,14.10,71.25,2091,28.8,28.500,4.429,10.99,13.640,34.80,1.00,0.82,-0.76,0.86,0.787,0.11,-6.21,0.356,0.01,0.75,0.194,-42.0,71.485,0.703,43.500,2520,-39.54,1766.7,1.16,-48.07,114.0,0,1,0,0,0,1,0,1,1,1,1,1,0,1,1,0,0,1,0,0,0,0,0,0,0,0,1,0,1,1,0,0,0,0,2309.5,1B,0,1,0,1,0,1,1,1,1,1,1,,,,,,,,,,,,,,,,,,,,,,,,,,,,,,,,,,,,,,,,,,,,,,,,,,,,,,,,,
697,335,394,14.10,71.25,2097,28.8,29.250,4.045,10.13,12.499,31.48,1.00,0.24,-0.76,0.36,0.807,1.02,-1.33,1.135,0.00,0.90,4.272,19.5,18.509,0.496,43.500,2520,-38.75,1766.7,1.16,-48.07,114.0,0,1,0,0,0,1,0,1,1,1,1,1,0,1,1,0,0,1,0,0,0,0,0,0,0,0,1,1,0,1,0,0,0,0,10501.0,53,0,1,0,1,0,1,1,1,1,1,1,,,,,,,,,,,,,,,,,,,,,,,,,,,,,,,,,,,,,,,,,,,,,,,,,,,,,,,,,
698,335,776,14.10,71.25,2098,28.8,30.000,3.904,10.08,12.499,31.27,1.00,0.74,-0.76,0.86,0.758,1.02,-1.33,1.136,0.00,0.90,3.522,19.5,19.196,0.496,0.000,900,6.81,4.5,0.96,-2.50,27.8,1,1,0,1,1,1,0,0,0,0,1,0,0,0,0,0,0,0,0,0,1,1,1,1,1,0,0,1,0,0,0,0,1,1,5156.0,0C,1,1,0,1,1,0,1,0,0,190.94,483.19,,,,,,,,,,,,,,,,,,,,,,,,,,,,,,,,,,,,,,,,,,,,,,,,,,,,,,,,,
699,336,164,14.10,71.25,2097,28.8,30.000,3.936,1378.13,62.226,806.32,1.45,0.08,-1.45,0.31,0.007,0.09,10.48,0.398,0.01,0.75,0.194,-42.0,71.095,0.703,43.500,2520,-38.75,1766.7,1.16,-48.07,114.0,0,1,0,0,0,1,0,1,1,1,1,1,0,1,1,0,0,1,0,0,0,0,0,0,0,0,1,1,0,1,0,0,0,0,9050.3,0E,0,1,0,1,0,1,1,1,1,1,1,,,,,,,,,,,,,,,,,,,,,,,,,,,,,,,,,,,,,,,,,,,,,,,,,,,,,,,,,
700,336,562,14.10,71.25,2093,28.8,29.250,4.070,10.40,12.992,31.64,1.00,0.29,-0.76,0.57,0.794,1.02,-1.33,1.135,0.00,0.90,3.522,19.5,20.233,0.496,0.000,900,6.81,4.5,0.96,-2.50,27.8,1,1,0,1,1,1,0,0,0,0,1,0,0,0,0,0,0,0,0,0,1,1,1,1,1,0,0,1,0,0,0,0,1,1,5156.0,0C,1,1,0,1,1,0,1,1,1,1,1,,,,,,,,,,,,,,,,,,,,,,,,,,,,,,,,,,,,,,,,,,,,,,,,,,,,,,,,,
701,336,958,14.10,71.25,2110,28.8,27.750,4.704,11.60,14.937,36.45,1.00,0.22,-0.76,0.71,0.770,1.02,-1.33,1.138,0.00,0.90,3.771,19.5,21.271,0.496,0.000,900,6.79,4.5,0.96,-2.49,27.8,1,1,0,1,1,1,0,0,0,0,1,0,0,0,0,0,0,0,0,0,0,0,0,0,0,0,1,0,1,1,0,0,0,0,9947.0,7F,0,1,0,1,0,1,1,1,1,1,1,,,,,,,,,,,,,,,,,,,,,,,,,,,,,,,,,,,,,,,,,,,,,,,,,,,,,,,,,
702,337,334,14.10,71.25,2127,28.8,28.500,4.582,11.60,14.937,36.38,1.00,0.81,-0.76,0.76,0.758,1.02,-1.33,1.139,0.00,0.90,3.771,19.5,21.965,0.496,0.000,900,6.78,4.5,0.96,-2.49,27.8,1,1,0,1,1,1,0,0,0,0,1,0,0,0,0,0,0,0,0,0,1,1,1,1,1,0,0,1,0,0,0,0,1,1,5156.0,0C,1,1,0,1,1,0,1,0,0,221.88,549.94,,,,,,,,,,,,,,,,,,,,,,,,,,,,,,,,,,,,,,,,,,,,,,,,,,,,,,,,,
703,337,750,14.10,71.25,2145,28.8,29.250,4.704,11.60,14.937,36.38,1.00,0.63,-0.76,0.30,0.792,0.09,-3.86,0.453,0.01,0.75,140.546,-42.0,66.798,0.703,42.750,2520,-35.63,1766.7,1.16,-48.07,114.0,0,1,0,0,0,1,0,1,1,1,1,1,0,1,1,0,0,1,0,0,0,0,0,0,0,0,1,0,1,1,0,0,0,0,9179.0,49,0,1,0,1,0,1,1,1,1,1,1,,,,,,,,,,,,,,,,,,,,,,,,,,,,,,,,,,,,,,,,,,,,,,,,,,,,,,,,,
704,338,144,14.10,71.25,2166,28.8,29.250,4.621,11.60,14.937,36.16,1.00,0.22,-0.76,0.37,0.778,1.02,-1.33,1.144,0.00,0.90,4.023,19.5,23.346,0.496,-0.750,900,6.75,4.5,0.95,-2.48,27.8,1,1,0,1,1,1,0,0,0,0,1,0,0,0,0,0,0,0,0,0,1,1,1,1,1,0,0,1,0,0,0,0,1,1,5156.0,0C,1,1,0,1,1,0,1,0,0,219.63,544.06,,,,,,,,,,,,,,,,,,,,,,,,,,,,,,,,,,,,,,,,,,,,,,,,,,,,,,,,,
705,338,545,14.10,71.25,2183,30.0,29.250,4.538,11.60,14.937,36.05,1.00,0.80,-0.76,0.81,0.757,1.02,-1.33,1.143,0.00,0.90,4.023,19.5,24.033,0.496,-0.750,900,6.75,4.5,0.95,-2.47,27.8,1,1,0,1,1,1,0,0,0,0,1,0,0,0,0,0,0,0,0,0,1,1,1,1,1,0,0,1,0,0,0,0,1,1,5156.0,0C,1,1,0,1,1,0,1,0,0,219.88,544.06,,,,,,,,,,,,,,,,,,,,,,,,,,,,,,,,,,,,,,,,,,,,,,,,,,,,,,,,,
706,338,937,14.10,71.25,2207,30.0,28.500,4.883,13.06,17.046,37.76,1.00,0.81,-0.76,0.77,0.768,0.13,9.46,0.495,0.01,0.75,140.546,-42.0,61.329,0.703,93.000,1940,94.41,313.0,-78.91,11.73,-21.0,1,1,0,0,0,1,0,1,0,1,0,1,0,1,0,1,0,1,1,1,1,1,1,1,1,1,1,1,1,1,1,1,1,1,1,,,,,,,,,,,,,,,,,,,,,,,,,,,,,,,,,,,,,,,,,,,,,,,,,,,,,,,,,,,,,,,,,,,,,
707,339,314,14.10,71.25,2247,30.0,28.500,5.312,13.62,17.780,41.39,1.00,0.78,-0.76,0.75,0.762,1.02,-1.33,1.151,0.00,0.90,4.601,18.8,26.108,0.496,-0.750,900,6.70,4.5,0.94,-2.46,27.8,1,1,0,1,1,1,0,0,0,0,1,0,0,0,0,0,0,0,0,0,1,1,1,1,1,0,0,1,0,0,0,0,1,1,5156.0,0C,1,1,0,1,1,0,1,0,0,253.31,609.88,,,,,,,,,,,,,,,,,,,,,,,,,,,,,,,,,,,,,,,,,,,,,,,,,,,,,,,,,
708,339,725,14.10,71.25,2285,31.3,28.500,5.440,13.67,17.780,41.63,1.00,0.74,-0.76,0.57,0.765,1.02,-1.33,1.155,0.00,0.90,4.601,18.8,26.802,0.496,-1.500,900,6.68,4.5,0.94,-2.45,27.8,1,1,0,1,1,1,0,0,0,0,1,0,0,0,0,0,0,0,0,0,1,1,1,1,1,0,0,1,0,0,0,0,1,1,5156.0,0C,1,1,0,1,1,0,1,0,0,253.81,611.13,,,,,,,,,,,,,,,,,,,,,,,,,,,,,,,,,,,,,,,,,,,,,,,,,,,,,,,,,
709,340,116,14.10,71.25,2337,31.3,28.500,5.402,14.11,17.780,41.32,1.00,0.23,-0.76,0.33,0.789,1.02,-1.33,1.158,0.00,0.90,4.876,18.8,27.489,0.496,-1.500,900,6.64,4.5,0.94,-2.44,27.8,1,1,0,1,1,1,0,0,0,0,1,0,0,0,0,0,0,0,0,0,1,1,1,1,1,0,0,1,0,0,0,0,1,1,5156.0,0C,1,1,0,1,1,0,1,0,0,252.56,613.94,,,,,,,,,,,,,,,,,,,,,,,,,,,,,,,,,,,,,,,,,,,,,,,,,,,,,,,,,
710,340,524,14.10,71.25,2391,32.5,28.500,5.472,14.65,17.780,41.20,1.00,0.22,-0.76,0.44,0.809,1.02,-1.33,1.162,0.00,0.90,4.876,18.8,28.527,0.496,-1.500,900,6.61,4.5,0.93,-2.43,27.8,1,1,0,1,1,1,0,0,0,0,1,0,0,0,0,0,0,0,0,0,1,1,1,1,1,0,0,1,0,0,0,0,1,1,5156.0,0C,1,1,0,1,1,0,1,0,0,250.88,619.44,,,,,,,,,,,,,,,,,,,,,,,,,,,,,,,,,,,,,,,,,,,,,,,,,,,,,,,,,
711,340,905,14.10,71.25,2452,32.5,29.250,5.517,14.89,17.539,40.08,1.00,0.21,-0.76,0.25,0.860,1.02,-1.33,1.166,0.00,0.90,5.577,18.8,29.221,0.496,-1.500,900,6.57,4.5,0.92,-2.41,27.8,1,1,0,1,1,1,0,0,0,0,1,0,0,0,0,0,0,0,0,0,1,1,1,1,1,0,0,1,0,0,0,0,1,1,5156.0,0C,1,1,0,1,1,0,1,0,0,243.94,616.00,,,,,,,,,,,,,,,,,,,,,,,,,,,,,,,,,,,,,,,,,,,,,,,,,,,,,,,,,
712,341,306,14.10,71.25,2514,33.8,29.250,5.485,15.01,16.397,38.18,1.00,0.20,-0.76,0.24,0.912,1.02,-1.33,1.168,0.00,0.90,5.577,18.8,29.564,0.496,-0.750,900,6.53,4.5,0.92,-2.40,27.8,1,1,0,1,1,1,0,0,0,0,1,0,0,0,0,0,0,0,0,0,1,1,1,1,1,0,0,1,0,0,0,0,1,1,5156.0,0C,1,1,0,1,1,0,1,0,0,231.63,600.69,,,,,,,,,,,,,,,,,,,,,,,,,,,,,,,,,,,,,,,,,,,,,,,,,,,,,,,,,
713,341,697,14.10,71.25,2576,35.0,30.000,5.747,15.80,16.397,37.97,1.00,0.19,-0.76,0.22,0.964,1.02,-1.33,1.171,0.00,0.90,5.577,18.8,30.602,0.496,-1.500,900,6.50,4.5,0.92,-2.39,27.8,1,1,0,1,1,1,0,0,0,0,1,0,0,0,0,0,0,0,0,0,1,1,1,1,1,0,0,1,0,0,0,0,1,1,5156.0,0C,1,1,0,1,1,0,1,0,0,230.88,613.63,,,,,,,,,,,,,,,,,,,,,,,,,,,,,,,,,,,,,,,,,,,,,,,,,,,,,,,,,
714,342,85,14.10,71.25,2659,36.3,30.000,6.157,16.65,16.397,38.74,1.00,0.22,-0.76,0.24,1.017,1.02,-1.33,1.176,0.00,0.90,6.403,18.8,31.640,0.496,-1.500,900,6.45,4.5,0.91,-2.37,27.8,1,1,0,1,1,1,0,0,0,0,1,0,0,0,0,0,0,0,0,0,1,1,1,1,1,0,0,1,0,0,0,0,1,1,5156.0,0C,1,1,0,1,1,0,1,0,0,236.44,625.19,,,,,,,,,,,,,,,,,,,,,,,,,,,,,,,,,,,,,,,,,,,,,,,,,,,,,,,,,
715,342,473,14.10,71.25,2744,37.5,30.000,6.170,16.97,16.077,38.53,1.00,0.81,-0.76,0.78,1.030,1.02,-1.33,1.175,0.00,0.90,6.403,18.8,32.334,0.496,-1.500,900,6.43,4.5,0.91,-2.36,27.8,1,1,0,1,1,1,0,0,0,0,1,0,0,0,0,0,0,0,0,0,1,1,1,1,1,0,0,1,0,0,0,0,1,1,5156.0,0C,1,1,0,1,1,0,1,0,0,234.56,618.88,,,,,,,,,,,,,,,,,,,,,,,,,,,,,,,,,,,,,,,,,,,,,,,,,,,,,,,,,
716,342,867,14.10,71.25,2835,38.8,30.000,6.278,17.38,16.077,38.16,1.00,0.76,-0.76,0.60,1.056,1.02,-1.33,1.170,0.00,0.90,7.749,18.8,33.021,0.496,-1.500,900,6.43,4.5,0.91,-2.36,27.8,1,1,0,1,1,1,0,0,0,0,1,0,0,0,0,0,0,0,0,0,1,1,1,1,1,0,0,1,0,0,0,0,1,1,5156.0,0C,1,1,0,1,1,0,1,0,0,233.69,615.06,,,,,,,,,,,,,,,,,,,,,,,,,,,,,,,,,,,,,,,,,,,,,,,,,,,,,,,,,
717,343,263,14.10,71.25,2905,38.8,30.000,6.304,17.58,15.914,38.37,1.00,0.80,-0.76,0.54,1.057,1.02,-1.33,1.167,0.00,0.90,7.749,18.8,33.715,0.496,-1.500,900,6.43,4.5,0.91,-2.36,27.8,1,1,0,1,1,1,0,0,0,0,1,0,0,0,0,0,0,0,0,0,1,1,1,1,1,0,0,1,0,0,0,0,1,1,5156.0,0C,1,1,0,1,1,0,1,0,0,233.44,611.44,,,,,,,,,,,,,,,,,,,,,,,,,,,,,,,,,,,,,,,,,,,,,,,,,,,,,,,,,
718,343,665,14.10,71.25,2966,40.0,20.250,3.725,11.67,0.000,24.28,1.00,0.22,-0.76,0.29,1.083,1.02,-1.33,1.182,0.00,0.90,7.749,18.8,33.715,0.496,0.000,900,6.42,4.5,0.91,-4.57,27.8,1,1,0,1,1,1,0,0,0,0,1,0,0,0,0,0,0,0,1,0,1,1,1,1,1,0,0,0,0,1,0,0,1,1,5156.0,0C,1,1,0,1,1,0,1,0,0,123.38,367.56,,,,,,,,,,,,,,,,,,,,,,,,,,,,,,,,,,,,,,,,,,,,,,,,,,,,,,,,,
719,344,64,14.10,71.25,2718,40.0,39.750,1.747,6.25,0.000,10.22,1.00,0.16,-0.76,0.22,1.127,1.02,-1.33,1.163,0.00,0.90,2.817,18.8,33.021,0.496,0.000,900,6.43,4.5,0.91,-4.42,27.8,1,1,0,1,1,1,0,0,0,0,1,0,1,0,0,0,0,0,1,0,1,1,1,1,1,0,0,0,0,1,0,0,1,1,5156.0,0C,1,1,0,1,1,0,1,0,0,62.50,228.94,,,,,,,,,,,,,,,,,,,,,,,,,,,,,,,,,,,,,,,,,,,,,,,,,,,,,,,,,
720,344,458,14.10,71.25,2539,40.0,39.000,1.952,5.40,0.000,11.16,1.00,0.20,-0.76,0.24,1.148,1.02,-1.33,1.147,0.00,0.90,2.817,18.0,30.945,0.496,0.000,900,6.53,4.5,0.92,-4.39,27.8,1,1,0,1,1,1,0,0,0,0,1,0,1,0,0,0,0,0,1,0,1,1,1,1,1,0,0,0,0,1,0,0,1,1,5156.0,0C,1,1,0,1,1,0,1,0,0,71.56,227.63,,,,,,,,,,,,,,,,,,,,,,,,,,,,,,,,,,,,,,,,,,,,,,,,,,,,,,,,,
721,344,849,14.10,71.25,2127,38.8,7.500,2.394,4.49,0.890,14.09,1.00,0.16,-0.76,0.20,0.998,1.02,-1.33,1.112,0.00,0.90,2.438,18.0,8.995,0.496,0.000,900,6.80,4.5,0.96,-4.23,27.8,1,1,0,1,1,1,0,0,0,0,1,0,1,0,0,0,0,0,1,0,1,1,1,1,0,0,0,0,0,1,0,0,1,1,5156.0,0C,1,1,0,1,1,0,1,0,0,79.63,240.56,,,,,,,,,,,,,,,,,,,,,,,,,,,,,,,,,,,,,,,,,,,,,,,,,,,,,,,,,
722,345,246,14.10,71.25,1889,38.8,33.000,3.328,7.71,6.819,20.53,0.98,0.98,-0.76,1.01,0.990,1.02,-1.33,1.113,0.00,0.90,2.438,18.8,9.522,0.496,0.000,900,6.93,4.5,0.98,-2.54,27.8,1,1,0,1,1,1,0,0,0,0,1,0,1,0,0,0,0,0,0,0,1,1,1,1,1,0,0,0,0,1,0,0,1,1,5156.0,0C,1,1,0,1,1,0,1,0,0,126.75,379.88,,,,,,,,,,,,,,,,,,,,,,,,,,,,,,,,,,,,,,,,,,,,,,,,,,,,,,,,,
723,345,636,14.10,71.25,1845,38.8,32.250,3.674,9.59,8.850,22.90,0.96,0.92,-0.76,1.01,0.964,1.02,-1.33,1.112,0.00,0.90,2.438,18.8,9.865,0.496,0.000,900,6.95,4.5,0.98,-2.55,27.8,1,1,0,1,1,1,0,0,0,0,1,0,1,0,0,0,0,0,0,0,1,1,1,1,1,0,0,0,0,0,0,0,1,1,5156.0,0C,1,1,0,1,1,0,1,0,0,156.63,457.38,,,,,,,,,,,,,,,,,,,,,,,,,,,,,,,,,,,,,,,,,,,,,,,,,,,,,,,,,
724,346,27,14.10,71.25,1846,38.8,30.750,4.518,10.45,10.874,29.18,0.97,0.89,-0.76,1.01,0.930,1.02,-1.33,1.111,0.00,0.90,3.298,18.8,10.559,0.496,0.000,900,6.95,4.5,0.98,-2.55,27.8,1,1,0,1,1,1,0,0,0,0,1,0,1,0,0,0,0,0,0,0,0,0,0,0,0,0,1,1,0,1,0,0,0,0,4186.7,28,0,1,0,1,0,1,1,1,1,1,1,,,,,,,,,,,,,,,,,,,,,,,,,,,,,,,,,,,,,,,,,,,,,,,,,,,,,,,,,
725,346,454,14.10,71.25,1848,38.8,30.000,4.448,10.40,11.202,30.73,0.98,0.22,-0.76,0.91,0.899,1.02,-1.33,1.112,0.00,0.90,3.298,18.8,10.903,0.496,0.000,900,6.96,4.5,0.98,-2.55,27.8,1,1,0,1,1,1,0,0,0,0,1,0,0,0,0,0,0,0,0,0,1,1,1,1,1,0,0,0,0,0,0,0,1,1,5156.0,0C,1,1,0,1,1,0,1,0,0,188.38,526.63,,,,,,,,,,,,,,,,,,,,,,,,,,,,,,,,,,,,,,,,,,,,,,,,,,,,,,,,,
726,346,856,14.10,71.25,1862,38.8,29.250,4.621,10.28,11.202,30.87,0.98,0.33,-0.76,0.29,0.959,1.02,-1.33,1.114,0.00,0.90,3.522,18.8,11.597,0.496,0.000,900,6.95,4.5,0.98,-2.55,27.8,1,1,0,1,1,1,0,0,0,0,1,0,0,0,0,0,0,0,0,0,1,1,1,1,1,0,0,0,0,0,0,0,1,1,5156.0,0C,1,1,0,1,1,0,1,0,0,187.63,523.81,,,,,,,,,,,,,,,,,,,,,,,,,,,,,,,,,,,,,,,,,,,,,,,,,,,,,,,,,
727,347,244,14.10,71.25,1871,38.8,30.000,4.333,9.55,10.718,29.86,0.99,0.23,-0.76,0.75,0.950,1.02,-1.33,1.113,0.00,0.90,3.522,18.8,11.940,0.496,0.000,900,6.94,4.5,0.98,-2.55,27.8,1,1,0,1,1,1,0,0,0,0,1,0,0,0,0,0,0,0,0,0,1,1,1,1,1,0,0,0,0,0,0,0,1,1,5156.0,0C,1,1,0,1,1,0,1,0,0,178.06,492.81,,,,,,,,,,,,,,,,,,,,,,,,,,,,,,,,,,,,,,,,,,,,,,,,,,,,,,,,,
728,347,636,14.10,71.25,1875,40.0,30.750,3.885,9.30,10.390,27.45,1.00,0.80,-0.76,0.76,0.945,1.02,-1.33,1.114,0.00,0.90,3.522,18.8,12.634,0.496,0.000,900,6.95,4.5,0.98,-2.55,27.8,1,1,0,1,1,1,0,0,0,0,1,0,0,0,0,0,0,0,0,0,1,1,1,1,1,0,0,0,0,0,0,0,1,1,5156.0,0C,1,1,0,1,1,0,1,0,0,168.88,468.81,,,,,,,,,,,,,,,,,,,,,,,,,,,,,,,,,,,,,,,,,,,,,,,,,,,,,,,,,
729,348,27,14.10,71.25,1890,40.0,30.000,4.909,12.33,13.475,30.45,1.00,0.78,-0.76,0.49,0.984,1.02,-1.33,1.118,0.00,0.90,3.287,18.8,13.321,0.496,0.000,900,6.93,4.5,0.98,-2.54,27.8,1,1,0,1,1,1,0,0,0,0,1,0,0,0,0,0,0,0,0,0,1,1,1,1,1,0,0,0,0,0,0,0,1,1,5156.0,0C,1,1,0,1,1,0,1,0,0,197.56,536.44,,,,,,,,,,,,,,,,,,,,,,,,,,,,,,,,,,,,,,,,,,,,,,,,,,,,,,,,,
730,348,404,14.10,71.25,1901,40.0,28.500,5.702,13.48,14.211,36.30,1.00,0.84,-0.76,0.92,0.922,1.02,-1.33,1.118,0.00,0.90,3.287,18.8,14.015,0.496,0.000,900,6.92,4.5,0.97,-2.54,27.8,1,1,0,1,1,1,0,0,0,0,1,0,0,0,0,0,0,0,0,0,1,1,1,1,1,0,0,1,0,0,0,0,1,1,5156.0,0C,1,1,0,1,1,0,1,1,1,1,1,,,,,,,,,,,,,,,,,,,,,,,,,,,,,,,,,,,,,,,,,,,,,,,,,,,,,,,,,
731,348,794,14.10,71.25,1919,40.0,29.250,4.314,9.67,11.366,30.66,1.00,0.23,-0.76,0.63,0.929,1.02,-1.33,1.119,0.00,0.90,3.522,18.8,14.359,0.496,0.000,900,6.91,4.5,0.97,-2.54,27.8,1,1,0,1,1,1,0,0,0,0,1,0,0,0,0,0,0,0,0,0,1,1,1,1,1,0,0,1,0,0,0,0,1,1,5156.0,0C,1,1,0,1,1,0,1,0,0,185.44,499.69,,,,,,,,,,,,,,,,,,,,,,,,,,,,,,,,,,,,,,,,,,,,,,,,,,,,,,,,,
732,349,185,14.10,71.25,1948,41.3,30.750,3.949,9.30,10.225,28.43,1.00,0.83,-0.76,0.85,0.912,1.02,-1.33,1.122,0.00,0.90,3.522,18.8,14.702,0.496,0.000,900,6.89,4.5,0.97,-2.53,27.8,1,1,0,1,1,1,0,0,0,0,1,0,0,0,0,0,0,0,0,0,1,1,1,1,1,0,0,0,0,0,0,0,1,1,5156.0,0C,1,1,0,1,1,0,1,0,0,172.31,465.38,,,,,,,,,,,,,,,,,,,,,,,,,,,,,,,,,,,,,,,,,,,,,,,,,,,,,,,,,
733,349,576,14.10,71.25,1965,41.3,29.250,4.474,10.74,12.335,32.41,1.00,0.84,-0.76,0.91,0.873,1.02,-1.33,1.122,0.00,0.90,3.522,18.8,15.396,0.496,0.000,900,6.88,4.5,0.97,-2.52,27.8,1,1,0,1,1,1,0,0,0,0,1,0,0,0,0,0,0,0,0,0,1,1,1,1,1,0,0,0,0,0,0,0,1,1,5156.0,0C,1,1,0,1,1,0,1,0,0,196.81,523.00,,,,,,,,,,,,,,,,,,,,,,,,,,,,,,,,,,,,,,,,,,,,,,,,,,,,,,,,,
734,349,956,14.10,71.25,1999,42.5,27.000,5.082,12.33,15.421,37.15,1.00,0.83,-0.76,0.95,0.833,1.02,-1.33,1.127,0.00,0.90,4.227,18.8,16.091,0.496,0.000,900,6.86,4.5,0.97,-2.52,27.8,1,1,0,1,1,1,0,0,0,0,1,0,0,0,0,0,0,0,0,0,1,1,1,1,1,0,0,1,0,0,0,0,1,1,5156.0,0C,1,1,0,1,1,0,1,0,0,227.88,584.56,,,,,,,,,,,,,,,,,,,,,,,,,,,,,,,,,,,,,,,,,,,,,,,,,,,,,,,,,
735,352,386,14.10,72.00,2304,48.8,24.750,5.837,15.06,19.164,46.41,1.00,0.82,-0.76,0.86,0.749,1.02,-1.33,1.156,0.00,0.90,6.231,18.8,20.928,0.496,0.000,900,6.67,4.5,0.94,-2.44,27.8,1,1,0,1,1,1,0,0,0,0,1,0,0,0,0,0,0,0,0,0,1,1,1,1,1,0,0,1,0,0,0,0,1,1,5156.2,0C,1,1,0,1,1,0,1,0,0,283.56,675.63,,,,,,,,,,,,,,,,,,,,,,,,,,,,,,,,,,,,,,,,,,,,,,,,,,,,,,,,,
736,352,765,14.10,72.00,2347,50.0,30.750,3.526,8.98,4.866,30.45,1.00,0.21,-0.76,0.29,0.796,1.02,-1.33,1.157,0.00,0.90,4.109,18.8,19.890,0.496,0.000,900,6.64,4.5,0.93,-2.44,27.8,1,1,0,1,1,1,0,0,0,0,1,0,0,0,0,0,0,0,0,0,1,1,1,1,1,0,0,1,0,0,0,0,1,1,5156.2,0C,1,1,0,1,1,0,1,0,0,189.88,483.25,,,,,,,,,,,,,,,,,,,,,,,,,,,,,,,,,,,,,,,,,,,,,,,,,,,,,,,,,
737,353,158,14.10,72.00,2363,50.0,34.500,2.419,7.35,0.000,20.18,1.00,0.18,-0.76,0.22,0.833,1.02,-1.33,1.132,0.00,0.90,4.109,18.8,20.577,0.496,0.000,900,6.63,4.5,0.93,-4.35,27.8,1,1,0,1,1,1,0,0,0,0,1,0,0,0,0,0,0,0,1,0,1,1,1,1,1,0,0,0,0,1,0,0,1,1,5156.2,0C,1,1,0,1,1,0,1,0,0,122.69,336.81,,,,,,,,,,,,,,,,,,,,,,,,,,,,,,,,,,,,,,,,,,,,,,,,,,,,,,,,,
738,353,544,14.10,72.00,2362,50.0,35.250,2.310,7.06,0.000,18.05,1.00,0.19,-0.76,0.23,0.858,1.02,-1.33,1.132,0.00,0.90,4.109,18.8,21.614,0.496,0.000,900,6.63,4.5,0.93,-4.35,27.8,1,1,0,1,1,1,0,0,0,0,1,0,0,0,0,0,0,0,1,0,1,1,1,1,1,0,0,0,0,1,0,0,1,1,5156.2,0C,1,1,0,1,1,0,1,0,0,107.44,304.25,,,,,,,,,,,,,,,,,,,,,,,,,,,,,,,,,,,,,,,,,,,,,,,,,,,,,,,,,
739,353,925,14.10,72.00,2385,50.0,33.750,3.290,10.50,11.038,22.66,1.00,0.21,-0.76,0.26,0.892,1.02,-1.33,1.147,0.00,0.90,2.348,18.8,22.652,0.496,0.000,900,6.61,4.5,0.93,-2.43,27.8,1,1,0,1,1,1,0,0,0,0,1,0,0,0,0,0,0,0,0,0,1,1,1,1,1,0,0,0,0,0,0,0,1,1,5156.2,0C,1,1,0,1,1,0,1,0,0,154.44,415.19,,,,,,,,,,,,,,,,,,,,,,,,,,,,,,,,,,,,,,,,,,,,,,,,,,,,,,,,,
740,354,318,14.10,72.00,2401,50.0,30.750,4.493,12.04,12.663,31.66,1.00,0.89,-0.76,0.95,0.842,1.02,-1.33,1.159,0.00,0.90,2.348,18.8,23.690,0.496,0.000,900,6.60,4.5,0.93,-2.42,27.8,1,1,0,1,1,1,0,0,0,0,1,0,0,0,0,0,0,0,0,0,1,1,1,1,1,0,0,0,0,0,0,0,1,1,5156.2,0C,1,1,0,1,1,0,1,0,0,195.44,499.81,,,,,,,,,,,,,,,,,,,,,,,,,,,,,,,,,,,,,,,,,,,,,,,,,,,,,,,,,
741,354,696,14.10,-47.25,15624,82.5,3.750,163.853,390.63,36.054,1058.39,1.45,0.08,-1.48,0.60,0.007,0.06,7.00,0.488,0.01,0.75,0.194,-42.0,42.969,0.703,36.000,2520,-18.44,1766.7,1.16,-48.07,114.8,0,1,0,0,0,1,0,1,1,1,1,1,0,1,1,0,0,1,0,0,0,0,0,0,0,0,0,0,1,1,0,0,0,0,4399.8,D6,0,1,0,1,0,1,1,1,1,1,1,,,,,,,,,,,,,,,,,,,,,,,,,,,,,,,,,,,,,,,,,,,,,,,,,,,,,,,,,
742,355,85,14.10,72.00,2452,51.3,30.000,4.749,13.18,13.960,33.33,1.00,0.22,-0.76,0.26,0.868,1.02,-1.33,1.161,0.00,0.90,4.109,18.8,25.071,0.496,0.000,900,6.57,4.5,0.92,-2.41,27.8,1,1,0,1,1,1,0,0,0,0,1,0,0,0,0,0,0,0,0,0,1,1,1,1,1,0,0,1,0,0,0,0,1,1,5156.2,0C,1,1,0,1,1,0,1,0,0,204.81,528.31,,,,,,,,,,,,,,,,,,,,,,,,,,,,,,,,,,,,,,,,,,,,,,,,,,,,,,,,,
743,355,487,14.10,72.00,2470,52.5,29.250,4.986,13.48,14.289,34.90,1.00,0.20,-0.76,0.51,0.880,1.02,-1.33,1.163,0.00,0.90,4.109,18.8,25.765,0.496,0.000,900,6.56,4.5,0.92,-2.41,27.8,1,1,0,1,1,1,0,0,0,0,1,0,0,0,0,0,0,0,0,0,1,1,1,1,1,0,0,1,0,0,0,0,1,1,5156.2,0C,1,1,0,1,1,0,1,0,0,212.50,549.00,,,,,,,,,,,,,,,,,,,,,,,,,,,,,,,,,,,,,,,,,,,,,,,,,,,,,,,,,
744,355,887,14.10,72.00,2519,52.5,30.000,4.954,13.67,14.289,33.75,1.00,0.67,-0.76,0.55,0.930,1.02,-1.33,1.165,0.00,0.90,4.990,18.8,26.459,0.496,0.000,900,6.53,4.5,0.92,-2.40,27.8,1,1,0,1,1,1,0,0,0,0,1,0,0,0,0,0,0,0,0,0,1,1,1,1,1,0,0,1,0,0,0,0,1,1,5156.2,0C,1,1,0,1,1,0,1,0,0,205.81,544.19,,,,,,,,,,,,,,,,,,,,,,,,,,,,,,,,,,,,,,,,,,,,,,,,,,,,,,,,,
745,356,305,14.10,72.00,2565,53.8,30.750,5.050,14.53,14.124,33.45,1.00,0.18,-0.76,0.23,0.947,1.02,-1.33,1.166,0.00,0.90,4.990,18.8,27.489,0.496,0.000,900,6.51,4.5,0.92,-2.39,27.8,1,1,0,1,1,1,0,0,0,0,1,0,0,0,0,0,0,0,0,0,1,1,1,1,1,0,0,1,0,0,0,0,1,1,5156.2,0C,1,1,0,1,1,0,1,0,0,206.38,552.56,,,,,,,,,,,,,,,,,,,,,,,,,,,,,,,,,,,,,,,,,,,,,,,,,,,,,,,,,
746,356,705,14.10,72.00,2626,55.0,30.000,5.434,14.94,14.124,34.45,1.00,0.20,-0.76,0.24,0.998,1.02,-1.33,1.169,0.00,0.90,4.990,18.8,28.527,0.496,0.000,900,6.47,4.5,0.91,-2.37,27.8,1,1,0,1,1,1,0,0,0,0,1,0,0,0,0,0,0,0,0,0,1,1,1,1,1,0,0,1,0,0,0,0,1,1,5156.2,0C,1,1,0,1,1,0,1,0,0,209.56,566.81,,,,,,,,,,,,,,,,,,,,,,,,,,,,,,,,,,,,,,,,,,,,,,,,,,,,,,,,,
747,357,89,14.10,72.00,2673,56.3,30.000,3.085,9.55,0.000,20.84,1.00,0.18,-0.76,0.23,1.043,1.02,-1.33,1.162,0.00,0.90,6.080,18.8,29.221,0.496,0.000,900,6.45,4.5,0.91,-4.41,27.8,1,1,0,1,1,1,0,0,0,0,1,0,0,0,0,0,0,0,1,0,1,1,1,1,1,0,0,0,0,1,0,0,1,1,5156.2,0C,1,1,0,1,1,0,1,0,0,122.06,369.88,,,,,,,,,,,,,,,,,,,,,,,,,,,,,,,,,,,,,,,,,,,,,,,,,,,,,,,,,
748,357,495,14.10,72.75,2704,57.5,36.750,2.560,8.45,0.000,15.82,1.00,0.18,-0.76,0.22,1.080,1.02,-1.33,1.166,0.00,0.90,6.080,18.8,30.602,0.496,0.000,900,6.43,4.5,0.91,-4.42,27.8,1,1,0,1,1,1,0,0,0,0,1,0,0,0,0,0,0,0,1,0,1,1,1,1,1,0,0,0,0,1,0,0,1,1,5156.2,0C,1,1,0,1,1,0,1,0,0,94.31,308.06,,,,,,,,,,,,,,,,,,,,,,,,,,,,,,,,,,,,,,,,,,,,,,,,,,,,,,,,,
749,357,874,14.10,-47.25,3844,242.5,1.500,29.491,1540.63,14.569,267.33,1.45,0.08,-1.49,0.32,0.007,0.06,1.78,0.654,0.01,0.75,0.194,-42.0,22.657,0.703,30.750,2520,-3.60,1766.7,1.16,-43.38,114.8,0,1,0,0,0,1,0,1,1,1,1,1,0,1,1,0,0,1,1,1,1,1,1,1,1,1,1,1,1,1,1,1,1,1,1,,,,,,,,,,,,,,,,,,,,,,,,,,,,,,,,,,,,,,,,,,,,,,,,,,,,,,,,,,,,,,,,,,,,,
750,358,251,14.10,72.75,2745,58.8,6.000,4.762,13.43,10.390,25.45,1.00,0.34,-0.76,0.26,1.151,1.02,-1.33,1.169,0.00,0.90,2.238,18.8,34.058,0.496,0.000,900,6.43,4.5,1.16,-49.63,114.8,0,1,0,0,0,1,0,1,1,1,1,1,0,1,1,0,0,1,0,0,0,0,0,0,0,0,1,0,0,1,0,0,0,0,8324.7,33,0,1,0,1,0,1,1,1,1,1,1,,,,,,,,,,,,,,,,,,,,,,,,,,,,,,,,,,,,,,,,,,,,,,,,,,,,,,,,,
751,358,649,14.10,72.75,2799,58.8,33.000,4.787,13.43,11.124,26.95,1.00,0.28,-0.76,0.82,1.137,1.02,-1.33,1.173,0.00,0.90,2.238,18.8,35.096,0.496,0.000,900,6.43,4.5,0.91,-2.36,27.8,1,1,0,1,1,1,0,0,0,0,1,0,0,0,0,0,0,0,0,0,1,1,1,1,1,0,0,0,0,0,0,0,1,1,5156.2,0C,1,1,0,1,1,0,1,0,0,164.69,468.81,,,,,,,,,,,,,,,,,,,,,,,,,,,,,,,,,,,,,,,,,,,,,,,,,,,,,,,,,
752,359,49,14.10,72.75,2847,60.0,31.500,5.248,14.89,12.663,30.82,1.00,0.81,-0.76,0.88,1.085,1.02,-1.33,1.171,0.00,0.90,5.988,18.8,36.133,0.496,0.000,900,6.43,4.5,0.91,-2.36,27.8,1,1,0,1,1,1,0,0,0,0,1,0,0,0,0,0,0,0,0,0,1,1,1,1,1,0,0,0,0,0,0,0,1,1,5156.2,0C,1,1,0,1,1,0,1,0,0,188.88,518.38,,,,,,,,,,,,,,,,,,,,,,,,,,,,,,,,,,,,,,,,,,,,,,,,,,,,,,,,,
753,359,440,14.10,72.75,2893,61.3,31.500,5.210,14.84,12.421,30.87,1.00,0.21,-0.76,0.40,1.088,1.02,-1.33,1.171,0.00,0.90,5.988,18.8,37.514,0.496,0.000,900,6.43,4.5,0.91,-2.36,27.8,1,1,0,1,1,1,0,0,0,0,1,0,0,0,0,0,0,0,0,0,0,0,0,0,0,0,1,1,0,1,0,0,0,0,7600.0,6,0,1,0,1,0,1,1,1,1,1,1,,,,,,,,,,,,,,,,,,,,,,,,,,,,,,,,,,,,,,,,,,,,,,,,,,,,,,,,,
754,359,835,14.10,72.75,2941,62.5,26.250,3.213,10.45,0.000,20.39,1.00,0.18,-0.76,0.24,1.098,1.02,-1.33,1.165,0.00,0.90,3.874,18.8,38.895,0.496,0.000,900,6.43,4.5,0.91,-4.56,27.8,1,1,0,1,1,1,0,0,0,0,1,0,0,0,0,0,0,0,1,0,1,1,1,1,1,0,0,0,0,1,0,0,1,1,5156.2,0C,1,1,0,1,1,0,1,0,0,118.31,356.00,,,,,,,,,,,,,,,,,,,,,,,,,,,,,,,,,,,,,,,,,,,,,,,,,,,,,,,,,
755,360,256,14.10,72.75,2973,62.5,36.750,2.566,8.45,0.000,15.12,1.00,0.22,-0.76,0.26,1.139,1.02,-1.33,1.166,0.00,0.90,3.874,18.8,40.627,0.496,0.000,900,6.43,4.5,0.91,-4.58,27.8,1,1,0,1,1,1,0,0,0,0,1,0,0,0,0,0,0,0,1,0,1,1,1,1,1,0,0,0,0,1,0,0,1,1,5156.2,0C,1,1,0,1,1,0,1,0,0,85.25,283.25,,,,,,,,,,,,,,,,,,,,,,,,,,,,,,,,,,,,,,,,,,,,,,,,,,,,,,,,,
756,360,647,14.10,72.75,2969,62.5,39.000,1.933,6.69,0.000,10.50,1.00,0.27,-0.76,0.29,1.174,1.02,-1.33,1.166,0.00,0.90,3.874,18.8,35.790,0.496,0.000,900,6.43,4.5,0.91,-4.58,27.8,1,1,0,1,1,1,0,0,0,0,1,0,0,0,0,0,0,0,1,0,1,1,1,1,1,0,0,0,0,1,0,0,1,1,5156.2,0C,1,1,0,1,1,0,1,0,0,62.44,228.44,,,,,,,,,,,,,,,,,,,,,,,,,,,,,,,,,,,,,,,,,,,,,,,,,,,,,,,,,
757,361,68,14.10,72.75,3000,63.8,-1.500,2.029,6.79,0.000,10.36,1.00,0.18,-0.76,0.23,1.208,1.02,-1.33,1.166,0.00,0.90,2.113,18.8,36.133,0.496,0.000,900,6.43,4.5,0.91,-4.60,27.8,1,1,0,1,1,1,0,0,0,0,1,0,0,0,0,0,0,0,1,0,1,1,1,1,1,0,0,0,0,1,0,0,1,1,5156.2,0C,1,1,0,1,1,0,1,0,0,64.13,232.63,,,,,,,,,,,,,,,,,,,,,,,,,,,,,,,,,,,,,,,,,,,,,,,,,,,,,,,,,
758,361,466,14.10,72.75,2979,62.5,-12.000,0.000,7.10,0.000,11.06,1.00,0.12,-0.76,0.18,1.000,1.02,-1.33,1.166,0.00,0.90,2.113,18.8,0.000,0.496,0.000,900,6.43,4.5,0.91,-4.59,27.8,1,1,0,1,1,1,0,0,0,0,1,0,0,0,0,0,0,0,1,0,0,1,0,1,0,0,1,0,0,1,0,0,1,1,5156.2,0C,1,1,0,1,1,0,1,0,0,67.50,241.00,,,,,,,,,,,,,,,,,,,,,,,,,,,,,,,,,,,,,,,,,,,,,,,,,,,,,,,,,
759,361,853,14.10,72.75,2965,62.5,-12.000,0.000,7.10,0.000,11.09,1.00,0.12,-0.76,0.17,1.000,1.02,-1.33,1.166,0.00,0.90,0.194,-42.0,23.047,0.703,30.750,2500,28.43,1766.7,0.91,-42.60,114.8,0,1,0,0,0,1,0,1,1,1,1,1,0,1,1,0,0,1,0,0,0,0,0,0,0,0,0,0,1,0,0,0,0,0,2519.8,18,0,1,0,1,0,1,1,1,1,1,1,,,,,,,,,,,,,,,,,,,,,,,,,,,,,,,,,,,,,,,,,,,,,,,,,,,,,,,,,
760,362,238,14.10,72.75,2958,62.5,-10.500,0.000,7.10,1.944,10.27,1.00,0.12,-0.76,0.17,1.000,1.02,-1.33,1.166,0.00,0.90,0.000,18.8,0.000,0.496,0.000,900,6.43,4.5,0.91,-2.36,27.8,1,1,0,1,1,1,0,0,0,0,1,0,0,0,0,0,0,0,0,0,0,1,0,1,0,0,1,0,0,1,0,0,1,1,5156.2,0C,1,1,0,1,1,0,1,0,0,69.00,245.00,,,,,,,,,,,,,,,,,,,,,,,,,,,,,,,,,,,,,,,,,,,,,,,,,,,,,,,,,
761,362,636,14.10,72.75,2962,62.5,39.000,2.330,8.98,8.116,11.81,0.97,0.74,-0.76,0.22,1.017,1.02,-1.33,1.166,0.00,0.90,0.000,18.8,9.133,0.496,0.000,900,6.43,4.5,0.91,-2.36,27.8,1,1,0,1,1,1,0,0,0,0,1,0,0,0,0,0,0,0,0,0,1,1,1,1,0,0,0,0,0,1,0,0,1,1,5156.2,0C,1,1,0,1,1,0,1,0,0,80.56,272.38,,,,,,,,,,,,,,,,,,,,,,,,,,,,,,,,,,,,,,,,,,,,,,,,,,,,,,,,,
762,363,27,14.10,72.75,2953,62.5,11.250,4.474,13.43,10.062,24.12,0.97,0.82,-0.76,0.55,1.031,1.02,-1.33,1.182,0.00,0.90,3.169,18.8,9.522,0.496,0.000,900,6.43,4.5,0.91,-2.36,27.8,1,1,0,1,1,1,0,0,0,0,1,0,0,0,0,0,0,0,0,0,1,1,1,1,1,0,0,0,0,0,0,0,1,1,5156.2,0C,1,1,0,1,1,0,1,0,0,155.69,439.00,,,,,,,,,,,,,,,,,,,,,,,,,,,,,,,,,,,,,,,,,,,,,,,,,,,,,,,,,
763,363,413,14.10,72.75,2980,62.5,24.750,3.213,10.89,0.000,20.39,1.00,0.29,-0.76,0.89,0.987,1.02,-1.33,1.165,0.00,0.90,3.169,18.8,10.208,0.496,0.000,900,6.44,4.5,0.91,-4.59,27.8,1,1,0,1,1,1,0,0,0,0,1,0,0,0,0,0,0,0,1,0,1,1,1,1,1,0,0,0,0,1,0,0,1,1,5156.2,0C,1,1,0,1,1,0,1,0,0,119.69,356.94,,,,,,,,,,,,,,,,,,,,,,,,,,,,,,,,,,,,,,,,,,,,,,,,,,,,,,,,,
764,363,804,14.10,72.75,2993,63.8,37.500,2.528,8.69,0.000,14.88,1.00,0.21,-0.76,0.24,1.045,1.02,-1.33,1.166,0.00,0.90,3.169,18.8,10.559,0.496,0.000,900,6.44,4.5,0.91,-4.60,27.8,1,1,0,1,1,1,0,0,0,0,1,0,0,0,0,0,0,0,1,0,1,1,1,1,1,0,0,0,0,1,0,0,1,1,5156.2,0C,1,1,0,1,1,0,1,0,0,88.25,289.00,,,,,,,,,,,,,,,,,,,,,,,,,,,,,,,,,,,,,,,,,,,,,,,,,,,,,,,,,
765,364,204,14.10,72.75,2956,63.8,39.000,1.914,7.06,0.000,10.36,1.00,0.23,-0.76,0.26,1.080,1.02,-1.33,1.166,0.00,0.90,3.169,18.8,11.246,0.496,0.000,900,6.44,4.5,0.91,-4.57,27.8,1,1,0,1,1,1,0,0,0,0,1,0,0,0,0,0,0,0,1,0,1,1,1,1,1,0,0,0,0,1,0,0,1,1,5156.2,0C,1,1,0,1,1,0,1,0,0,63.19,229.94,,,,,,,,,,,,,,,,,,,,,,,,,,,,,,,,,,,,,,,,,,,,,,,,,,,,,,,,,
766,364,595,14.10,72.75,2973,62.5,5.250,2.010,7.10,5.437,10.34,0.99,0.17,-0.76,0.21,1.113,1.02,-1.33,1.166,0.00,0.90,3.169,18.8,11.597,0.496,0.000,900,6.44,4.5,0.91,-2.36,27.8,1,1,0,1,1,1,0,0,0,0,1,0,0,0,0,0,0,0,0,0,1,1,1,1,1,0,0,0,0,1,0,0,1,1,5156.2,0C,1,1,0,1,1,0,1,0,0,62.69,228.56,,,,,,,,,,,,,,,,,,,,,,,,,,,,,,,,,,,,,,,,,,,,,,,,,,,,,,,,,
767,367,15,14.10,72.75,3000,65.0,19.500,1.805,7.10,0.000,10.50,1.00,0.20,-0.76,0.72,1.035,1.02,-1.33,1.166,0.00,0.90,2.739,18.8,15.396,0.496,0.000,900,6.43,4.5,0.91,-4.60,27.8,1,1,0,1,1,1,0,0,0,0,1,0,0,0,0,0,0,0,1,0,1,1,1,1,1,0,0,0,0,1,0,0,1,1,5156.2,0C,1,1,0,1,1,0,1,0,0,66.50,230.56,,,,,,,,,,,,,,,,,,,,,,,,,,,,,,,,,,,,,,,,,,,,,,,,,,,,,,,,,
768,367,405,14.10,73.50,3002,63.8,-11.250,0.000,7.15,0.000,10.95,1.00,0.15,-0.76,0.20,1.000,1.02,-1.33,1.166,0.00,0.90,2.739,18.8,0.000,0.496,0.000,900,6.43,4.5,0.91,-4.60,27.8,1,1,0,1,1,1,0,0,0,0,1,0,0,0,0,0,0,0,1,0,0,1,0,1,0,0,1,0,0,1,0,0,1,1,5156.2,0C,1,1,0,1,1,0,1,0,0,67.69,239.69,,,,,,,,,,,,,,,,,,,,,,,,,,,,,,,,,,,,,,,,,,,,,,,,,,,,,,,,,
769,367,799,14.10,73.50,2966,62.5,11.250,2.093,1409.18,41.523,243.00,1.45,0.08,-1.49,0.32,0.007,0.06,12.53,0.180,0.01,0.75,0.194,-42.0,23.438,0.703,30.750,2520,-3.60,1766.7,0.96,-43.38,114.8,0,1,0,0,0,1,0,1,1,1,1,1,0,1,1,0,0,1,0,0,0,0,0,0,0,0,1,1,0,0,0,0,0,0,9858.3,32,0,1,0,1,0,1,1,1,1,1,1,,,,,,,,,,,,,,,,,,,,,,,,,,,,,,,,,,,,,,,,,,,,,,,,,,,,,,,,,
770,368,182,14.10,73.50,2970,62.5,10.500,4.838,14.65,11.202,26.34,0.98,0.22,-0.76,0.26,1.008,0.06,12.53,0.190,0.01,0.75,0.194,-42.0,23.438,0.703,30.750,2520,-3.60,1766.7,0.78,8.16,-27.0,1,1,0,1,0,1,0,1,0,1,0,1,0,1,0,1,0,1,1,1,1,1,1,1,1,1,1,1,1,1,1,1,1,1,1,,,,,,,,,,,,,,,,,,,,,,,,,,,,,,,,,,,,,,,,,,,,,,,,,,,,,,,,,,,,,,,,,,,,,
771,368,565,14.10,73.50,3006,63.8,32.250,4.806,14.28,11.038,29.09,0.96,0.85,-0.76,0.89,0.947,1.02,-1.33,1.176,0.00,0.90,2.464,18.8,9.865,0.496,0.000,900,6.43,4.5,0.91,-2.36,27.8,1,1,0,1,1,1,0,0,0,0,1,0,0,0,0,0,0,0,0,0,1,1,1,1,1,0,0,0,0,0,0,0,1,1,5156.2,0C,1,1,0,1,1,0,1,0,0,176.94,481.44,,,,,,,,,,,,,,,,,,,,,,,,,,,,,,,,,,,,,,,,,,,,,,,,,,,,,,,,,
772,368,984,14.10,73.50,3029,63.8,33.000,4.365,13.43,9.741,27.19,0.97,0.22,-0.76,0.25,0.963,1.02,-1.33,1.182,0.00,0.90,5.870,18.8,10.559,0.496,0.000,900,6.43,4.5,0.91,-2.36,27.8,1,1,0,1,1,1,0,0,0,0,1,0,0,0,0,0,0,0,0,0,1,1,1,1,1,0,0,0,0,0,0,0,1,1,5156.2,0C,1,1,0,1,1,0,1,0,0,164.31,451.56,,,,,,,,,,,,,,,,,,,,,,,,,,,,,,,,,,,,,,,,,,,,,,,,,,,,,,,,,
773,369,367,14.10,73.50,3053,63.8,33.750,4.243,13.06,9.248,26.02,0.98,0.21,-0.76,0.45,0.982,1.02,-1.33,1.187,0.00,0.90,5.870,18.8,10.903,0.496,0.000,900,6.43,4.5,0.91,-2.36,27.8,1,1,0,1,1,1,0,0,0,0,1,0,0,0,0,0,0,0,0,0,1,1,1,1,1,0,0,0,0,0,0,0,1,1,5156.2,0C,1,1,0,1,1,0,1,0,0,157.94,434.63,,,,,,,,,,,,,,,,,,,,,,,,,,,,,,,,,,,,,,,,,,,,,,,,,,,,,,,,,
774,369,774,14.10,73.50,3060,65.0,33.750,4.134,13.06,9.248,25.48,0.98,0.22,-0.76,0.71,0.983,1.02,-1.33,1.189,0.00,0.90,5.087,18.8,11.597,0.496,0.000,900,6.43,4.5,0.91,-2.36,27.8,1,1,0,1,1,1,0,0,0,0,1,0,0,0,0,0,0,0,0,0,1,1,1,1,1,0,0,0,0,0,0,0,1,1,5156.2,0C,1,1,0,1,1,0,1,0,0,155.56,428.44,,,,,,,,,,,,,,,,,,,,,,,,,,,,,,,,,,,,,,,,,,,,,,,,,,,,,,,,,
775,370,166,14.10,73.50,3073,65.0,17.250,3.014,10.21,0.000,19.88,1.00,0.22,-0.76,0.69,0.985,1.02,-1.33,1.165,0.00,0.90,5.087,18.8,11.940,0.496,0.000,900,6.43,4.5,0.91,-4.64,27.8,1,1,0,1,1,1,0,0,0,0,1,0,1,0,0,0,0,0,1,0,1,1,1,1,1,0,0,0,0,1,0,0,1,1,5156.2,0C,1,1,0,1,1,0,1,0,0,127.75,363.69,,,,,,,,,,,,,,,,,,,,,,,,,,,,,,,,,,,,,,,,,,,,,,,,,,,,,,,,,
776,370,556,14.10,73.50,2827,65.0,39.750,1.677,6.79,0.000,9.98,1.00,0.16,-0.76,0.22,0.986,1.02,-1.33,1.166,0.00,0.90,5.087,18.8,12.634,0.496,0.000,900,6.43,4.5,0.91,-4.48,27.8,1,1,0,1,1,1,0,0,0,0,1,0,1,0,0,0,0,0,1,0,1,1,1,1,1,0,0,0,0,1,0,0,1,1,5156.2,0C,1,1,0,1,1,0,1,0,0,61.56,228.19,,,,,,,,,,,,,,,,,,,,,,,,,,,,,,,,,,,,,,,,,,,,,,,,,,,,,,,,,
777,370,985,14.10,73.50,2619,65.0,39.000,1.888,6.20,0.000,11.23,1.00,0.17,-0.76,0.20,1.008,1.02,-1.33,1.154,0.00,0.90,1.600,18.8,13.321,0.496,0.000,900,6.48,4.5,0.91,-4.40,27.8,1,1,0,1,1,1,0,0,0,0,1,0,1,0,0,0,0,0,1,0,1,1,1,1,1,0,0,0,0,1,0,0,1,1,5156.2,0C,1,1,0,1,1,0,1,0,0,70.31,231.63,,,,,,,,,,,,,,,,,,,,,,,,,,,,,,,,,,,,,,,,,,,,,,,,,,,,,,,,,
778,371,364,14.10,73.50,2225,63.8,36.000,3.110,7.96,7.225,16.97,0.97,0.15,-0.76,0.19,1.006,1.02,-1.33,1.123,0.00,0.90,1.600,18.8,8.995,0.496,0.000,900,6.70,4.5,0.94,-2.46,27.8,1,1,0,1,1,1,0,0,0,0,1,0,1,0,0,0,0,0,0,0,1,1,1,1,0,0,0,0,0,1,0,0,1,1,5156.2,0C,1,1,0,1,1,0,1,0,0,100.31,289.88,,,,,,,,,,,,,,,,,,,,,,,,,,,,,,,,,,,,,,,,,,,,,,,,,,,,,,,,,
779,371,810,14.10,73.50,2213,63.8,31.500,4.333,9.11,7.953,26.46,0.98,1.00,-0.76,1.03,0.966,1.02,-1.33,1.147,0.00,0.90,4.061,18.8,9.522,0.496,0.000,900,6.72,4.5,0.95,-2.47,27.8,1,1,0,1,1,1,0,0,0,0,1,0,1,0,0,0,0,0,0,0,1,1,1,1,1,0,0,0,0,0,0,0,1,1,5156.2,0C,1,1,0,1,1,0,1,0,0,161.06,413.31,,,,,,,,,,,,,,,,,,,,,,,,,,,,,,,,,,,,,,,,,,,,,,,,,,,,,,,,,
780,372,195,14.10,73.50,2215,63.8,30.750,4.902,10.28,11.366,30.66,0.96,1.00,-0.76,1.04,0.925,1.02,-1.33,1.147,0.00,0.90,4.061,18.8,9.865,0.496,0.000,900,6.72,4.5,0.95,-2.47,27.8,1,1,0,1,1,1,0,0,0,0,1,0,0,0,0,0,0,0,0,0,1,1,1,1,1,0,0,0,0,0,0,0,1,1,5156.2,0C,1,1,0,1,1,0,1,0,0,187.00,472.75,,,,,,,,,,,,,,,,,,,,,,,,,,,,,,,,,,,,,,,,,,,,,,,,,,,,,,,,,
781,372,594,14.10,73.50,2218,63.8,30.000,4.698,10.40,12.178,31.36,0.97,0.99,-0.76,1.05,0.884,1.02,-1.33,1.148,0.00,0.90,4.061,18.8,10.559,0.496,0.000,900,6.72,4.5,0.95,-2.47,27.8,1,1,0,1,1,1,0,0,0,0,1,0,0,0,0,0,0,0,0,0,1,1,1,1,1,0,0,0,0,0,0,0,1,1,5156.2,0C,1,1,0,1,1,0,1,0,0,190.13,477.88,,,,,,,,,,,,,,,,,,,,,,,,,,,,,,,,,,,,,,,,,,,,,,,,,,,,,,,,,
782,372,993,14.10,73.50,2221,63.8,30.000,4.454,10.57,12.906,31.52,0.98,0.97,-0.76,1.04,0.840,1.02,-1.33,1.148,0.00,0.90,4.332,18.8,10.903,0.496,0.000,900,6.72,4.5,0.95,-2.47,27.8,1,1,0,1,1,1,0,0,0,0,1,0,0,0,0,0,0,0,0,0,1,1,1,1,1,0,0,0,0,0,0,0,1,1,5156.2,0C,1,1,0,1,1,0,1,0,0,191.88,481.94,,,,,,,,,,,,,,,,,,,,,,,,,,,,,,,,,,,,,,,,,,,,,,,,,,,,,,,,,
783,373,424,14.10,73.50,2226,63.8,30.000,4.474,10.94,13.147,32.63,0.98,0.95,-0.76,1.03,0.797,1.02,-1.33,1.149,0.00,0.90,4.332,18.8,11.597,0.496,0.000,900,6.71,4.5,0.95,-2.46,27.8,1,1,0,1,1,1,0,0,0,0,1,0,0,0,0,0,0,0,0,0,1,1,1,1,1,0,0,0,0,0,0,0,1,1,5156.2,0C,1,1,0,1,1,0,1,0,0,200.13,500.06,,,,,,,,,,,,,,,,,,,,,,,,,,,,,,,,,,,,,,,,,,,,,,,,,,,,,,,,,
784,373,815,14.10,73.50,2232,63.8,30.000,4.262,10.89,12.992,32.67,0.99,0.92,-0.76,1.02,0.753,1.02,-1.33,1.149,0.00,0.90,4.061,18.8,11.940,0.496,0.000,900,6.71,4.5,0.95,-2.46,27.8,1,1,0,1,1,1,0,0,0,0,1,0,0,0,0,0,0,0,0,0,1,1,1,1,1,0,0,1,0,0,0,0,1,1,5156.2,0C,1,1,0,1,1,0,1,0,0,198.63,496.88,,,,,,,,,,,,,,,,,,,,,,,,,,,,,,,,,,,,,,,,,,,,,,,,,,,,,,,,,
785,374,215,14.10,73.50,2241,65.0,30.750,4.070,10.89,12.992,32.58,1.00,0.83,-0.76,0.97,0.710,1.02,-1.33,1.150,0.00,0.90,4.061,18.8,12.634,0.496,0.000,900,6.70,4.5,0.95,-2.46,27.8,1,1,0,1,1,1,0,0,0,0,1,0,0,0,0,0,0,0,0,0,1,1,1,1,1,0,0,1,0,0,0,0,1,1,5156.2,0C,1,1,0,1,1,0,1,0,0,197.25,493.63,,,,,,,,,,,,,,,,,,,,,,,,,,,,,,,,,,,,,,,,,,,,,,,,,,,,,,,,,
786,374,603,14.10,73.50,2245,65.0,30.750,4.147,10.89,12.992,32.39,1.00,0.60,-0.76,0.85,0.747,1.02,-1.33,1.150,0.00,0.90,4.061,18.8,13.321,0.496,0.000,900,6.70,4.5,0.94,-2.46,27.8,1,1,0,1,1,1,0,0,0,0,1,0,0,0,0,0,0,0,0,0,1,1,1,1,1,0,0,1,0,0,0,0,1,1,5156.2,0C,1,1,0,1,1,0,1,0,0,197.56,494.38,,,,,,,,,,,,,,,,,,,,,,,,,,,,,,,,,,,,,,,,,,,,,,,,,,,,,,,,,
787,374,994,14.10,73.50,2246,65.0,32.250,3.514,8.86,8.930,28.55,1.00,0.21,-0.76,0.69,0.741,1.02,-1.33,1.150,0.00,0.90,3.793,18.8,13.664,0.496,0.000,900,6.70,4.5,0.94,-2.46,27.8,1,1,0,1,1,1,0,0,0,0,1,0,0,0,0,0,0,0,0,0,1,1,1,1,1,0,0,0,0,0,0,0,1,1,5156.2,0C,1,1,0,1,1,0,1,0,0,170.06,434.44,,,,,,,,,,,,,,,,,,,,,,,,,,,,,,,,,,,,,,,,,,,,,,,,,,,,,,,,,
788,375,387,14.10,73.50,2244,65.0,17.250,2.618,7.23,0.000,21.52,1.00,0.72,-0.76,0.39,0.751,1.02,-1.33,1.131,0.00,0.90,3.793,18.8,14.359,0.496,0.000,900,6.70,4.5,0.95,-4.33,27.8,1,1,0,1,1,1,0,0,0,0,1,0,0,0,0,0,0,0,1,0,1,1,1,1,1,0,0,0,0,1,0,0,1,1,5156.2,0C,1,1,0,1,1,0,1,0,0,130.38,346.00,,,,,,,,,,,,,,,,,,,,,,,,,,,,,,,,,,,,,,,,,,,,,,,,,,,,,,,,,
789,375,784,14.10,73.50,2221,65.0,12.000,2.259,5.47,0.000,18.19,1.00,0.22,-0.76,0.33,0.769,1.02,-1.33,1.123,0.00,0.90,2.163,18.8,15.053,0.496,0.000,900,6.72,4.5,0.95,-4.32,27.8,1,1,0,1,1,1,0,0,0,0,1,0,0,0,0,0,0,0,1,0,1,1,1,1,1,0,0,0,0,1,0,0,1,1,5156.2,0C,1,1,0,1,1,0,1,0,0,106.75,294.50,,,,,,,,,,,,,,,,,,,,,,,,,,,,,,,,,,,,,,,,,,,,,,,,,,,,,,,,,
790,376,175,14.10,73.50,2223,63.8,24.000,1.933,5.15,0.000,15.19,1.00,0.86,-0.76,0.89,0.735,1.02,-1.33,1.119,0.00,0.90,2.163,18.8,16.091,0.496,0.000,900,6.72,4.5,0.95,-4.32,27.8,1,1,0,1,1,1,0,0,0,0,1,0,0,0,0,0,0,0,1,0,1,1,1,1,1,0,0,0,0,1,0,0,1,1,5156.2,0C,1,1,0,1,1,0,1,0,0,92.56,258.88,,,,,,,,,,,,,,,,,,,,,,,,,,,,,,,,,,,,,,,,,,,,,,,,,,,,,,,,,
791,376,570,14.10,73.50,2207,63.8,12.750,1.574,3.93,0.000,12.16,1.00,0.20,-0.76,0.52,0.715,1.02,-1.33,1.124,0.00,0.90,2.163,18.8,17.121,0.496,0.000,900,6.73,4.5,0.95,-4.32,27.8,1,1,0,1,1,1,0,0,0,0,1,0,0,0,0,0,0,0,1,0,1,1,1,1,1,0,0,0,0,1,0,0,1,1,5156.2,0C,1,1,0,1,1,0,1,0,0,74.19,219.88,,,,,,,,,,,,,,,,,,,,,,,,,,,,,,,,,,,,,,,,,,,,,,,,,,,,,,,,,
792,376,992,14.10,-48.00,10304,0.0,1.500,3.277,1203.13,12.226,242.98,1.45,0.08,-1.43,1.03,0.007,0.02,-0.99,0.000,0.01,0.75,0.194,-42.0,63.673,0.703,41.250,2500,95.62,1766.7,0.91,-42.60,114.8,0,1,0,0,0,1,0,1,1,1,1,1,0,1,1,0,0,1,0,0,0,0,0,0,0,0,0,0,1,0,0,0,0,0,6146.2,8E,0,1,0,1,0,1,1,1,1,1,1,,,,,,,,,,,,,,,,,,,,,,,,,,,,,,,,,,,,,,,,,,,,,,,,,,,,,,,,,
793,377,376,14.10,73.50,2154,62.5,-13.500,0.000,4.00,0.000,12.09,1.00,0.14,-0.76,0.18,1.000,1.02,-1.33,1.123,0.00,0.90,1.079,18.8,0.000,0.496,0.000,900,6.77,4.5,0.95,-4.31,27.8,1,1,0,1,1,1,0,0,0,0,1,0,0,0,0,0,0,0,1,0,0,1,0,1,0,0,1,0,0,1,0,0,1,1,5156.2,0C,1,1,0,1,1,0,1,0,0,73.88,217.63,,,,,,,,,,,,,,,,,,,,,,,,,,,,,,,,,,,,,,,,,,,,,,,,,,,,,,,,,
794,377,773,14.10,73.50,2125,61.3,-13.500,0.000,4.00,0.000,12.26,1.00,0.12,-0.76,0.18,1.000,1.02,-1.33,1.122,0.00,0.90,0.000,19.5,0.000,0.496,0.000,900,6.78,4.5,0.96,-4.30,27.8,1,1,0,1,1,1,0,0,0,0,1,0,0,0,0,0,0,0,1,0,0,1,0,1,0,0,1,0,0,1,0,0,1,1,5156.2,0C,1,1,0,1,1,0,1,0,0,74.44,218.06,,,,,,,,,,,,,,,,,,,,,,,,,,,,,,,,,,,,,,,,,,,,,,,,,,,,,,,,,
795,378,173,14.10,73.50,2101,60.0,-4.500,2.355,4.13,11.772,12.47,0.97,0.12,-0.76,0.17,1.000,1.02,-1.33,1.121,0.00,0.90,0.194,-42.0,70.314,0.703,43.500,2520,-37.97,1766.7,0.96,-43.38,114.8,0,1,0,0,0,1,0,1,1,1,1,1,0,1,1,0,0,1,0,0,0,0,0,0,0,0,0,0,1,0,0,0,0,0,8023.5,CC,0,1,0,1,0,1,1,1,1,1,1,,,,,,,,,,,,,,,,,,,,,,,,,,,,,,,,,,,,,,,,,,,,,,,,,,,,,,,,,
796,378,594,14.10,73.50,2113,60.0,18.000,4.384,10.40,15.991,24.77,0.97,0.99,-0.76,0.97,0.977,1.02,-1.33,1.138,0.00,0.90,0.000,19.5,9.178,0.496,0.000,900,6.79,4.5,0.96,-2.49,27.8,1,1,0,1,1,1,0,0,0,0,1,0,0,0,0,0,0,0,0,0,1,1,1,1,0,0,0,0,0,1,0,0,1,1,5156.2,0C,1,1,0,1,1,0,1,0,0,152.00,391.75,,,,,,,,,,,,,,,,,,,,,,,,,,,,,,,,,,,,,,,,,,,,,,,,,,,,,,,,,
797,378,993,14.10,73.50,2091,60.0,24.000,6.483,12.70,16.234,40.05,0.96,0.99,-0.76,1.04,0.935,1.02,-1.33,1.135,0.00,0.90,5.029,19.5,9.865,0.496,0.000,900,6.81,4.5,0.96,-2.50,27.8,1,1,0,1,1,1,0,0,0,0,1,0,0,0,0,0,0,0,0,0,1,1,1,1,1,0,0,1,0,0,0,0,1,1,5156.2,0C,1,1,0,1,1,0,1,0,0,244.63,597.94,,,,,,,,,,,,,,,,,,,,,,,,,,,,,,,,,,,,,,,,,,,,,,,,,,,,,,,,,
798,379,385,14.10,73.50,2099,60.0,26.250,5.990,12.33,16.234,39.87,0.96,0.97,-0.76,1.05,0.890,1.02,-1.33,1.136,0.00,0.90,5.029,19.5,10.559,0.496,0.000,900,6.81,4.5,0.96,-2.50,27.8,1,1,0,1,1,1,0,0,0,0,1,0,0,0,0,0,0,0,0,0,1,1,1,1,1,0,0,1,0,0,0,0,1,1,5156.2,0C,1,1,0,1,1,0,1,0,0,242.19,590.94,,,,,,,,,,,,,,,,,,,,,,,,,,,,,,,,,,,,,,,,,,,,,,,,,,,,,,,,,
799,379,786,14.10,73.50,2113,61.3,27.000,5.440,12.08,16.234,38.74,0.98,0.96,-0.76,1.03,0.845,1.02,-1.33,1.137,0.00,0.90,4.777,19.5,10.903,0.496,0.000,900,6.80,4.5,0.96,-2.49,27.8,1,1,0,1,1,1,0,0,0,0,1,0,0,0,0,0,0,0,0,0,1,1,1,1,1,0,0,1,0,0,0,0,1,1,5156.2,0C,1,1,0,1,1,0,1,0,0,234.94,577.00,,,,,,,,,,,,,,,,,,,,,,,,,,,,,,,,,,,,,,,,,,,,,,,,,,,,,,,,,
800,380,166,14.10,73.50,2123,61.3,27.750,5.222,12.28,16.562,38.77,0.98,0.93,-0.76,1.02,0.801,1.02,-1.33,1.138,0.00,0.90,4.777,19.5,11.597,0.496,0.000,900,6.79,4.5,0.96,-2.49,27.8,1,1,0,1,1,1,0,0,0,0,1,0,0,0,0,0,0,0,0,0,1,1,1,1,1,0,0,1,0,0,0,0,1,1,5156.2,0C,1,1,0,1,1,0,1,0,0,236.19,579.25,,,,,,,,,,,,,,,,,,,,,,,,,,,,,,,,,,,,,,,,,,,,,,,,,,,,,,,,,
801,380,576,14.10,73.50,2140,61.3,27.750,5.024,12.28,16.562,38.91,0.99,0.90,-0.76,1.00,0.754,1.02,-1.33,1.140,0.00,0.90,4.777,19.5,11.940,0.496,0.000,900,6.78,4.5,0.96,-2.49,27.8,1,1,0,1,1,1,0,0,0,0,1,0,0,0,0,0,0,0,0,0,1,1,1,1,1,0,0,1,0,0,0,0,1,1,5156.2,0C,1,1,0,1,1,0,1,0,0,236.63,579.94,,,,,,,,,,,,,,,,,,,,,,,,,,,,,,,,,,,,,,,,,,,,,,,,,,,,,,,,,
802,380,966,14.10,73.50,2153,62.5,27.000,4.890,12.52,16.725,39.30,1.00,0.75,-0.76,0.96,0.708,1.02,-1.33,1.141,0.00,0.90,4.601,19.5,12.634,0.496,0.000,900,6.77,4.5,0.95,-2.48,27.8,1,1,0,1,1,1,0,0,0,0,1,0,0,0,0,0,0,0,0,0,1,1,1,1,1,0,0,1,0,0,0,0,1,1,5156.2,0C,1,1,0,1,1,0,1,0,0,239.56,585.44,,,,,,,,,,,,,,,,,,,,,,,,,,,,,,,,,,,,,,,,,,,,,,,,,,,,,,,,,
803,381,375,14.10,73.50,2166,62.5,27.000,5.024,12.70,16.725,39.59,1.00,0.72,-0.76,0.87,0.738,1.02,-1.33,1.142,0.00,0.90,4.601,19.5,13.321,0.496,0.000,900,6.76,4.5,0.95,-2.48,27.8,1,1,0,1,1,1,0,0,0,0,1,0,0,0,0,0,0,0,0,0,1,1,1,1,1,0,0,1,0,0,0,0,1,1,5156.2,0C,1,1,0,1,1,0,1,0,0,241.25,588.50,,,,,,,,,,,,,,,,,,,,,,,,,,,,,,,,,,,,,,,,,,,,,,,,,,,,,,,,,
804,381,753,14.10,73.50,2178,62.5,27.750,4.864,12.21,15.749,38.25,1.00,0.24,-0.76,0.72,0.755,1.02,-1.33,1.143,0.00,0.90,4.601,19.5,13.664,0.496,0.000,900,6.75,4.5,0.95,-2.47,27.8,1,1,0,1,1,1,0,0,0,0,1,0,0,0,0,0,0,0,0,0,1,1,1,1,1,0,0,1,0,0,0,0,1,1,5156.2,0C,1,1,0,1,1,0,1,0,0,233.06,572.06,,,,,,,,,,,,,,,,,,,,,,,,,,,,,,,,,,,,,,,,,,,,,,,,,,,,,,,,,
805,382,155,14.10,73.50,2187,62.5,27.750,4.845,12.21,15.749,37.99,1.00,0.23,-0.76,0.67,0.753,1.02,-1.33,1.145,0.00,0.90,4.601,18.8,14.359,0.496,0.000,900,6.74,4.5,0.95,-2.47,27.8,1,1,0,1,1,1,0,0,0,0,1,0,0,0,0,0,0,0,0,0,1,1,1,1,1,0,0,1,0,0,0,0,1,1,5156.2,0C,1,1,0,1,1,0,1,0,0,231.56,568.75,,,,,,,,,,,,,,,,,,,,,,,,,,,,,,,,,,,,,,,,,,,,,,,,,,,,,,,,,
806,382,555,14.10,73.50,2194,62.5,28.500,4.672,12.08,15.586,37.48,1.00,0.79,-0.76,0.88,0.724,1.02,-1.33,1.145,0.00,0.90,4.601,18.8,14.702,0.496,-0.750,900,6.74,4.5,0.95,-2.47,27.8,1,1,0,1,1,1,0,0,0,0,1,0,0,0,0,0,0,0,0,0,1,1,1,1,1,0,0,1,0,0,0,0,1,1,5156.2,0C,1,1,0,1,1,0,1,0,0,226.75,558.69,,,,,,,,,,,,,,,,,,,,,,,,,,,,,,,,,,,,,,,,,,,,,,,,,,,,,,,,,
807,382,967,14.10,73.50,2204,63.8,30.000,3.936,10.40,12.663,31.85,1.00,0.81,-0.76,0.77,0.741,1.02,-1.33,1.146,0.00,0.90,3.793,18.8,15.396,0.496,0.000,900,6.73,4.5,0.95,-2.47,27.8,1,1,0,1,1,1,0,0,0,0,1,0,0,0,0,0,0,0,0,0,1,1,1,1,1,0,0,1,0,0,0,0,1,1,5156.2,0C,1,1,0,1,1,0,1,0,0,194.25,488.94,,,,,,,,,,,,,,,,,,,,,,,,,,,,,,,,,,,,,,,,,,,,,,,,,,,,,,,,,
808,383,367,14.10,73.50,2207,63.8,30.000,4.045,10.45,12.663,31.69,1.00,0.28,-0.76,0.53,0.769,1.02,-1.33,1.147,0.00,0.90,3.793,18.8,15.740,0.496,0.000,900,6.73,4.5,0.95,-2.47,27.8,1,1,0,1,1,1,0,0,0,0,1,0,0,0,0,0,0,0,0,0,1,1,1,1,1,0,0,1,0,0,0,0,1,1,5156.2,0C,1,1,0,1,1,0,1,0,0,193.13,486.50,,,,,,,,,,,,,,,,,,,,,,,,,,,,,,,,,,,,,,,,,,,,,,,,,,,,,,,,,
809,383,767,14.10,73.50,2213,63.8,30.000,3.949,10.45,12.663,31.55,1.00,0.23,-0.76,0.78,0.733,1.02,-1.33,1.146,0.00,0.90,3.522,18.8,16.434,0.496,0.000,900,6.72,4.5,0.95,-2.47,27.8,1,1,0,1,1,1,0,0,0,0,1,0,0,0,0,0,0,0,0,0,1,1,1,1,1,0,0,1,0,0,0,0,1,1,5156.2,0C,1,1,0,1,1,0,1,0,0,192.06,484.19,,,,,,,,,,,,,,,,,,,,,,,,,,,,,,,,,,,,,,,,,,,,,,,,,,,,,,,,,
810,384,166,14.10,73.50,2212,63.8,30.000,3.987,10.50,12.663,31.88,1.00,0.81,-0.76,0.78,0.730,1.02,-1.33,1.146,0.00,0.90,3.522,18.8,16.777,0.496,0.000,900,6.72,4.5,0.95,-2.47,27.8,1,1,0,1,1,1,0,0,0,0,1,0,0,0,0,0,0,0,0,0,1,1,1,1,1,0,0,1,0,0,0,0,1,1,5156.2,0C,1,1,0,1,1,0,1,0,0,194.44,489.38,,,,,,,,,,,,,,,,,,,,,,,,,,,,,,,,,,,,,,,,,,,,,,,,,,,,,,,,,
811,384,565,14.10,73.50,2214,63.8,30.000,4.077,10.50,12.663,31.85,1.00,0.49,-0.76,0.71,0.764,1.02,-1.33,1.147,0.00,0.90,3.522,18.8,17.472,0.496,0.000,900,6.72,4.5,0.95,-2.47,27.8,1,1,0,1,1,1,0,0,0,0,1,0,0,0,0,0,0,0,0,0,1,1,1,1,1,0,0,1,0,0,0,0,1,1,5156.2,0C,1,1,0,1,1,0,1,0,0,194.19,488.44,,,,,,,,,,,,,,,,,,,,,,,,,,,,,,,,,,,,,,,,,,,,,,,,,,,,,,,,,
812,384,964,14.10,73.50,2221,63.8,30.000,3.968,10.50,12.663,31.62,1.00,0.22,-0.76,0.58,0.744,1.02,-1.33,1.148,0.00,0.90,3.522,18.8,17.815,0.496,0.000,900,6.72,4.5,0.95,-2.46,27.8,1,1,0,1,1,1,0,0,0,0,1,0,0,0,0,0,0,0,0,0,1,1,1,1,1,0,0,1,0,0,0,0,1,1,5156.2,0C,1,1,0,1,1,0,1,0,0,193.56,487.31,,,,,,,,,,,,,,,,,,,,,,,,,,,,,,,,,,,,,,,,,,,,,,,,,,,,,,,,,
813,385,377,14.10,73.50,2223,63.8,30.000,3.923,10.50,11.444,31.57,1.00,0.81,-0.76,0.82,0.727,1.02,-1.33,1.148,0.00,0.90,3.522,18.8,18.509,0.496,0.000,900,6.72,4.5,0.95,-2.46,27.8,1,1,0,1,1,1,0,0,0,0,1,0,0,0,0,0,0,0,0,0,1,1,1,1,1,0,0,1,0,0,0,0,1,1,5156.2,0C,1,1,0,1,1,0,1,0,0,189.88,479.13,,,,,,,,,,,,,,,,,,,,,,,,,,,,,,,,,,,,,,,,,,,,,,,,,,,,,,,,,
814,385,774,14.10,73.50,2228,63.8,30.750,3.808,10.13,10.961,30.38,1.00,0.82,-0.76,0.67,0.752,1.02,-1.33,1.148,0.00,0.90,3.522,18.8,19.196,0.496,0.000,900,6.71,4.5,0.95,-2.46,27.8,1,1,0,1,1,1,0,0,0,0,1,0,0,0,0,0,0,0,0,0,1,1,1,1,1,0,0,1,0,0,0,0,1,1,5156.2,0C,1,1,0,1,1,0,1,0,0,184.31,466.88,,,,,,,,,,,,,,,,,,,,,,,,,,,,,,,,,,,,,,,,,,,,,,,,,,,,,,,,,
815,386,166,14.10,73.50,2232,63.8,30.750,3.584,9.06,9.741,28.97,1.00,0.22,-0.76,0.40,0.768,1.02,-1.33,1.148,0.00,0.90,3.522,18.8,19.890,0.496,0.000,900,6.71,4.5,0.95,-2.46,27.8,1,1,0,1,1,1,0,0,0,0,1,0,0,0,0,0,0,0,0,0,1,1,1,1,1,0,0,0,0,0,0,0,1,1,5156.2,0C,1,1,0,1,1,0,1,0,0,176.19,449.06,,,,,,,,,,,,,,,,,,,,,,,,,,,,,,,,,,,,,,,,,,,,,,,,,,,,,,,,,
816,386,556,14.10,73.50,2230,63.8,31.500,3.270,9.06,9.413,26.91,1.00,0.27,-0.76,0.84,0.723,1.02,-1.33,1.148,0.00,0.90,3.522,18.8,20.928,0.496,0.000,900,6.71,4.5,0.95,-2.46,27.8,1,1,0,1,1,1,0,0,0,0,1,0,0,0,0,0,0,0,0,0,1,1,1,1,1,0,0,0,0,0,0,0,1,1,5156.2,0C,1,1,0,1,1,0,1,0,0,164.06,423.19,,,,,,,,,,,,,,,,,,,,,,,,,,,,,,,,,,,,,,,,,,,,,,,,,,,,,,,,,
817,386,967,14.10,73.50,2226,63.8,31.500,3.405,9.11,9.819,26.84,1.00,0.65,-0.76,0.36,0.775,1.02,-1.33,1.148,0.00,0.90,2.978,18.8,21.614,0.496,0.000,900,6.72,4.5,0.95,-2.46,27.8,1,1,0,1,1,1,0,0,0,0,1,0,0,0,0,0,0,0,0,0,1,1,1,1,1,0,0,0,0,0,0,0,1,1,5156.2,0C,1,1,0,1,1,0,1,0,0,164.06,422.38,,,,,,,,,,,,,,,,,,,,,,,,,,,,,,,,,,,,,,,,,,,,,,,,,,,,,,,,,
818,387,364,14.10,73.50,2231,63.8,30.750,3.789,10.03,11.202,29.25,1.00,0.74,-0.76,0.43,0.775,1.02,-1.33,1.149,0.00,0.90,2.978,18.8,22.652,0.496,0.000,900,6.71,4.5,0.95,-2.46,27.8,1,1,0,1,1,1,0,0,0,0,1,0,0,0,0,0,0,0,0,0,1,1,1,1,1,0,0,0,0,0,0,0,1,1,5156.2,0C,1,1,0,1,1,0,1,0,0,178.75,454.63,,,,,,,,,,,,,,,,,,,,,,,,,,,,,,,,,,,,,,,,,,,,,,,,,,,,,,,,,
819,387,760,14.10,73.50,2233,63.8,30.750,3.846,10.28,12.015,30.66,1.00,0.75,-0.76,0.85,0.723,1.02,-1.33,1.149,0.00,0.90,2.978,18.8,23.003,0.496,0.000,900,6.71,4.5,0.95,-2.46,27.8,1,1,0,1,1,1,0,0,0,0,1,0,0,0,0,0,0,0,0,0,1,1,1,1,1,0,0,0,0,0,0,0,1,1,5156.2,0C,1,1,0,1,1,0,1,0,0,188.56,476.06,,,,,,,,,,,,,,,,,,,,,,,,,,,,,,,,,,,,,,,,,,,,,,,,,,,,,,,,,
820,388,144,14.10,73.50,2238,65.0,30.000,3.987,10.33,12.015,31.08,1.00,0.37,-0.76,0.49,0.772,1.02,-1.33,1.150,0.00,0.90,3.522,18.8,24.033,0.496,0.000,900,6.70,4.5,0.95,-2.46,27.8,1,1,0,1,1,1,0,0,0,0,1,0,0,0,0,0,0,0,0,0,1,1,1,1,1,0,0,0,0,0,0,0,1,1,5156.2,0C,1,1,0,1,1,0,1,0,0,189.25,477.69,,,,,,,,,,,,,,,,,,,,,,,,,,,,,,,,,,,,,,,,,,,,,,,,,,,,,,,,,
821,388,544,14.10,73.50,2241,65.0,30.000,3.904,10.33,12.015,30.87,1.00,0.22,-0.76,0.42,0.767,1.02,-1.33,1.149,0.00,0.90,3.522,18.8,24.727,0.496,0.000,900,6.70,4.5,0.94,-2.46,27.8,1,1,0,1,1,1,0,0,0,0,1,0,0,0,0,0,0,0,0,0,1,1,1,1,1,0,0,0,0,0,0,0,1,1,5156.2,0C,1,1,0,1,1,0,1,0,0,188.81,476.44,,,,,,,,,,,,,,,,,,,,,,,,,,,,,,,,,,,,,,,,,,,,,,,,,,,,,,,,,
822,388,934,14.10,73.50,2243,65.0,30.750,3.776,10.33,12.015,30.75,1.00,0.39,-0.76,0.80,0.739,1.02,-1.33,1.150,0.00,0.90,3.522,18.8,25.765,0.496,0.000,900,6.70,4.5,0.94,-2.46,27.8,1,1,0,1,1,1,0,0,0,0,1,0,0,0,0,0,0,0,0,0,1,1,1,1,1,0,0,0,0,0,0,0,1,1,5156.2,0C,1,1,0,1,1,0,1,0,0,188.44,475.88,,,,,,,,,,,,,,,,,,,,,,,,,,,,,,,,,,,,,,,,,,,,,,,,,,,,,,,,,
823,389,334,14.10,73.50,2245,65.0,21.750,2.995,7.59,0.000,26.18,1.00,0.77,-0.76,0.82,0.743,1.02,-1.33,1.150,0.00,0.90,3.522,18.8,26.802,0.496,0.000,900,6.70,4.5,0.94,-4.33,27.8,1,1,0,1,1,1,0,0,0,0,1,0,0,0,0,0,0,0,1,0,1,1,1,1,1,0,0,0,0,1,0,0,1,1,5156.2,0C,1,1,0,1,1,0,1,0,0,153.56,398.94,,,,,,,,,,,,,,,,,,,,,,,,,,,,,,,,,,,,,,,,,,,,,,,,,,,,,,,,,
824,389,734,14.10,73.50,2236,63.8,17.250,2.547,6.98,0.000,20.95,1.00,0.21,-0.76,0.25,0.802,1.02,-1.33,1.127,0.00,0.90,3.522,18.8,28.183,0.496,0.000,900,6.71,4.5,0.95,-4.32,27.8,1,1,0,1,1,1,0,0,0,0,1,0,0,0,0,0,0,0,1,0,1,1,1,1,1,0,0,0,0,1,0,0,1,1,5156.2,0C,1,1,0,1,1,0,1,0,0,124.31,333.50,,,,,,,,,,,,,,,,,,,,,,,,,,,,,,,,,,,,,,,,,,,,,,,,,,,,,,,,,
825,390,146,14.10,73.50,2224,63.8,23.250,2.170,5.15,0.000,17.23,1.00,0.23,-0.76,0.27,0.833,1.02,-1.33,1.121,0.00,0.90,2.163,18.8,30.259,0.496,0.000,900,6.71,4.5,0.95,-4.32,27.8,1,1,0,1,1,1,0,0,0,0,1,0,0,0,0,0,0,0,1,0,1,1,1,1,1,0,0,0,0,1,0,0,1,1,5156.2,0C,1,1,0,1,1,0,1,0,0,100.31,278.81,,,,,,,,,,,,,,,,,,,,,,,,,,,,,,,,,,,,,,,,,,,,,,,,,,,,,,,,,
826,390,535,14.10,73.50,2202,63.8,12.750,1.875,4.79,0.000,14.98,1.00,0.61,-0.76,0.91,0.794,1.02,-1.33,1.121,0.00,0.90,2.163,18.8,32.334,0.496,0.000,900,6.73,4.5,0.95,-4.32,27.8,1,1,0,1,1,1,0,0,0,0,1,0,0,0,0,0,0,0,1,0,1,1,1,1,1,0,0,0,0,1,0,0,1,1,5156.2,0C,1,1,0,1,1,0,1,0,0,88.31,250.75,,,,,,,,,,,,,,,,,,,,,,,,,,,,,,,,,,,,,,,,,,,,,,,,,,,,,,,,,
827,390,937,14.10,73.50,2187,62.5,6.750,1.568,3.56,0.000,11.91,1.00,0.21,-0.76,0.30,0.798,1.02,-1.33,1.124,0.00,0.90,1.352,18.8,27.489,0.496,0.000,900,6.74,4.5,0.95,-4.32,27.8,1,1,0,1,1,1,0,0,0,0,1,0,0,0,0,0,0,0,1,0,1,1,1,1,1,0,0,0,0,1,0,0,1,1,5156.2,0C,1,1,0,1,1,0,1,0,0,70.63,212.88,,,,,,,,,,,,,,,,,,,,,,,,,,,,,,,,,,,,,,,,,,,,,,,,,,,,,,,,,
828,391,327,14.10,73.50,2167,62.5,-12.750,1.926,3.69,0.000,11.44,1.00,0.17,-0.76,0.21,1.000,1.02,-1.33,1.123,0.00,0.90,1.352,18.8,0.000,0.496,0.000,900,6.76,4.5,0.95,-4.32,27.8,1,1,0,1,1,1,0,0,0,0,1,0,0,0,0,0,0,0,1,0,0,1,0,1,0,0,1,0,0,1,0,0,1,1,5156.2,0C,1,1,0,1,1,0,1,0,0,70.38,211.25,,,,,,,,,,,,,,,,,,,,,,,,,,,,,,,,,,,,,,,,,,,,,,,,,,,,,,,,,
829,391,806,14.10,73.50,2142,61.3,-13.500,0.000,4.17,0.647,12.05,1.00,0.14,-0.76,0.18,1.000,1.02,-1.33,1.123,0.00,0.90,1.352,19.5,0.000,0.496,0.000,900,6.77,4.5,0.96,-4.31,27.8,1,1,0,1,1,1,0,0,0,0,1,0,0,0,0,0,0,0,1,0,0,1,0,1,0,0,1,0,0,1,0,0,1,1,5156.2,0C,1,1,0,1,1,0,1,0,0,75.56,221.19,,,,,,,,,,,,,,,,,,,,,,,,,,,,,,,,,,,,,,,,,,,,,,,,,,,,,,,,,
830,392,200,14.10,73.50,2109,60.0,8.250,2.534,5.10,8.687,14.06,0.97,0.20,-0.76,0.21,1.011,1.02,-1.33,1.116,0.00,0.90,0.000,19.5,9.133,0.496,0.000,900,6.80,4.5,0.96,-2.49,27.8,1,1,0,1,1,1,0,0,0,0,1,0,0,0,0,0,0,0,0,0,1,1,1,1,0,0,0,0,0,1,0,0,1,1,5156.2,0C,1,1,0,1,1,0,1,0,0,84.94,240.38,,,,,,,,,,,,,,,,,,,,,,,,,,,,,,,,,,,,,,,,,,,,,,,,,,,,,,,,,
831,392,595,14.10,73.50,2118,60.0,17.250,4.474,10.21,10.961,25.97,0.97,0.99,-0.76,1.03,0.963,1.02,-1.33,1.136,0.00,0.90,0.000,19.5,9.522,0.496,0.000,900,6.79,4.5,0.96,-2.49,27.8,1,1,0,1,1,1,0,0,0,0,1,0,0,0,0,0,0,0,0,0,1,1,1,1,1,0,0,0,0,1,0,0,1,1,5156.2,0C,1,1,0,1,1,0,1,0,0,162.06,418.75,,,,,,,,,,,,,,,,,,,,,,,,,,,,,,,,,,,,,,,,,,,,,,,,,,,,,,,,,
832,392,995,14.10,73.50,2091,60.0,19.500,4.960,10.28,11.687,31.57,0.96,0.99,-0.76,1.06,0.924,1.02,-1.33,1.135,0.00,0.90,4.272,19.5,10.208,0.496,0.000,900,6.81,4.5,0.96,-2.50,27.8,1,1,0,1,1,1,0,0,0,0,1,0,0,0,0,0,0,0,0,0,1,1,1,1,1,0,0,0,0,0,0,0,1,1,5156.2,0C,1,1,0,1,1,0,1,0,0,193.31,490.38,,,,,,,,,,,,,,,,,,,,,,,,,,,,,,,,,,,,,,,,,,,,,,,,,,,,,,,,,
833,393,388,14.10,73.50,2097,60.0,29.250,4.691,10.28,8.930,31.95,0.97,0.97,-0.76,1.04,0.883,1.02,-1.33,1.136,0.00,0.90,4.272,19.5,10.559,0.496,0.000,900,6.81,4.5,0.96,-2.50,27.8,1,1,0,1,1,1,0,0,0,0,1,0,0,0,0,0,0,0,0,0,1,1,1,1,1,0,0,0,0,0,0,0,1,1,5156.2,0C,1,1,0,1,1,0,1,0,0,195.56,493.88,,,,,,,,,,,,,,,,,,,,,,,,,,,,,,,,,,,,,,,,,,,,,,,,,,,,,,,,,
834,393,795,14.10,73.50,2094,60.0,15.750,2.982,6.93,0.000,22.76,1.00,0.94,-0.76,1.02,0.848,1.02,-1.33,1.128,0.00,0.90,2.767,19.5,11.246,0.496,0.000,900,6.81,4.5,0.96,-4.29,27.8,1,1,0,1,1,1,0,0,0,0,1,0,0,0,0,0,0,0,1,0,1,1,1,1,1,0,0,0,0,1,0,0,1,1,5156.2,0C,1,1,0,1,1,0,1,0,0,135.44,355.00,,,,,,,,,,,,,,,,,,,,,,,,,,,,,,,,,,,,,,,,,,,,,,,,,,,,,,,,,
835,394,178,14.10,73.50,2089,60.0,21.000,2.445,5.71,0.000,18.87,1.00,0.92,-0.76,1.01,0.816,1.02,-1.33,1.116,0.00,0.90,0.194,-42.0,72.267,0.703,43.500,2500,-95.79,1766.7,1.16,-43.38,114.8,0,1,0,0,0,1,0,1,1,1,1,1,0,1,1,0,0,1,0,0,0,0,0,0,0,0,1,1,1,0,0,0,0,0,301.8,17,0,1,0,1,0,1,1,1,1,1,1,,,,,,,,,,,,,,,,,,,,,,,,,,,,,,,,,,,,,,,,,,,,,,,,,,,,,,,,,
836,394,584,14.10,-48.00,10304,0.0,1.500,193.331,1384.38,71.601,1214.34,1.45,0.08,-1.42,0.12,0.007,0.08,0.75,0.246,0.01,0.75,0.194,-42.0,74.220,0.703,44.250,2500,-78.60,1766.7,4.29,-43.38,114.8,0,1,0,0,0,1,0,1,1,1,1,1,0,1,1,0,0,1,0,0,0,0,0,0,0,0,1,0,1,0,0,0,0,0,6487.8,DC,0,1,0,1,0,1,1,1,1,1,1,,,,,,,,,,,,,,,,,,,,,,,,,,,,,,,,,,,,,,,,,,,,,,,,,,,,,,,,,
837,394,970,14.10,73.50,1782,60.0,-5.250,14.406,290.63,11.835,1088.41,1.45,0.08,-1.43,0.48,0.007,0.03,3.52,1.912,0.01,0.75,0.194,-41.3,2.344,0.703,51.750,2520,-61.41,1766.7,4.09,-41.82,114.8,0,1,0,0,0,1,0,1,1,1,1,1,0,1,1,0,0,1,0,0,0,0,0,0,0,0,1,1,1,1,1,0,0,0,9781.0,DC,0,1,0,1,0,1,1,1,1,1,1,,,,,,,,,,,,,,,,,,,,,,,,,,,,,,,,,,,,,,,,,,,,,,,,,,,,,,,,,
838,395,385,14.10,73.50,3032,58.8,9.750,1.523,5.22,0.000,12.89,1.00,0.93,-0.76,1.00,0.961,1.02,-1.33,1.166,0.00,0.90,1.174,19.5,36.133,0.496,0.000,900,6.45,4.5,0.91,-4.63,27.8,1,1,0,1,1,1,0,0,0,0,1,0,1,0,0,0,0,0,1,0,1,1,1,1,0,0,0,0,0,1,0,0,1,1,5156.2,0C,1,1,0,1,1,0,1,0,0,77.94,284.31,,,,,,,,,,,,,,,,,,,,,,,,,,,,,,,,,,,,,,,,,,,,,,,,,,,,,,,,,
839,395,786,14.10,73.50,2576,58.8,39.750,1.530,5.27,0.000,10.34,1.00,0.14,-0.76,0.18,1.003,1.02,-1.33,1.146,0.00,0.90,1.279,19.5,30.945,0.496,0.000,900,6.54,4.5,0.92,-4.40,27.8,1,1,0,1,1,1,0,0,0,0,1,0,1,0,0,0,0,0,1,0,1,1,1,1,0,0,0,0,0,1,0,0,1,1,5156.2,0C,1,1,0,1,1,0,1,0,0,65.38,217.06,,,,,,,,,,,,,,,,,,,,,,,,,,,,,,,,,,,,,,,,,,,,,,,,,,,,,,,,,
840,396,185,14.10,73.50,2698,57.5,-9.000,0.000,6.37,0.000,9.47,1.00,0.16,-0.76,0.21,1.000,1.02,-1.33,1.166,0.00,0.90,1.279,19.5,0.000,0.496,0.000,900,6.44,4.5,0.91,-4.43,27.8,1,1,0,1,1,1,0,0,0,0,1,0,1,0,0,0,0,0,1,0,0,1,0,1,0,0,1,0,0,1,0,0,1,1,5156.2,0C,1,1,0,1,1,0,1,0,0,59.31,223.63,,,,,,,,,,,,,,,,,,,,,,,,,,,,,,,,,,,,,,,,,,,,,,,,,,,,,,,,,
841,396,577,14.10,73.50,2701,57.5,-12.750,0.000,6.93,0.000,11.74,1.00,0.12,-0.76,0.17,1.000,1.02,-1.33,1.166,0.00,0.90,1.279,19.5,0.000,0.496,0.000,900,6.44,4.5,0.91,-4.42,27.8,1,1,0,1,1,1,0,0,0,0,1,0,1,0,0,0,0,0,1,0,0,1,0,1,0,0,1,0,0,1,0,0,1,1,5156.2,0C,1,1,0,1,1,0,1,0,0,71.81,254.31,,,,,,,,,,,,,,,,,,,,,,,,,,,,,,,,,,,,,,,,,,,,,,,,,,,,,,,,,
842,396,956,14.10,73.50,2653,56.3,-14.250,0.000,6.62,0.000,12.16,1.00,0.12,-0.76,0.17,1.000,1.02,-1.33,1.160,0.00,0.90,0.000,19.5,0.000,0.496,0.000,900,6.47,4.5,0.91,-4.42,27.8,1,1,0,1,1,1,0,0,0,0,1,1,0,0,0,0,0,0,1,0,0,1,0,1,0,0,1,0,0,1,0,1,1,1,5156.2,0C,1,1,0,1,1,0,1,0,0,74.25,252.94,,,,,,,,,,,,,,,,,,,,,,,,,,,,,,,,,,,,,,,,,,,,,,,,,,,,,,,,,
843,397,355,14.10,73.50,2567,55.0,-15.000,0.000,6.25,0.000,12.91,1.00,0.12,-0.76,0.17,1.000,1.02,-1.33,1.150,0.00,0.90,0.000,19.5,0.000,0.496,0.000,900,6.52,4.5,0.92,-4.40,27.8,1,1,0,1,1,1,0,0,0,0,1,1,0,0,0,0,0,0,1,0,0,1,0,1,0,0,1,0,0,1,0,1,1,1,5156.2,0C,1,1,0,1,1,0,1,0,0,79.69,250.63,,,,,,,,,,,,,,,,,,,,,,,,,,,,,,,,,,,,,,,,,,,,,,,,,,,,,,,,,
844,397,761,14.10,73.50,2438,51.3,-14.250,0.000,5.40,0.000,12.91,1.00,0.11,-0.76,0.17,1.000,1.02,-1.33,1.138,0.00,0.90,0.000,19.5,0.000,0.496,0.000,900,6.60,4.5,0.93,-4.37,27.8,1,1,0,1,1,1,0,0,0,0,1,1,0,0,0,0,0,0,1,0,0,1,0,1,0,0,1,0,0,1,0,1,1,1,5156.2,0C,1,1,0,1,1,0,1,0,0,79.81,239.00,,,,,,,,,,,,,,,,,,,,,,,,,,,,,,,,,,,,,,,,,,,,,,,,,,,,,,,,,
845,398,185,14.10,73.50,2286,48.8,-14.250,0.000,5.10,0.000,13.95,1.00,0.11,-0.76,0.17,1.000,1.02,-1.33,1.125,0.00,0.90,0.000,19.5,0.000,0.496,0.000,900,6.69,4.5,0.94,-4.34,27.8,1,1,0,1,1,1,0,0,0,0,1,1,0,0,0,0,0,0,1,0,0,1,0,1,0,0,1,0,0,1,0,1,1,1,5156.2,0C,1,1,0,1,1,0,1,0,0,85.56,245.94,,,,,,,,,,,,,,,,,,,,,,,,,,,,,,,,,,,,,,,,,,,,,,,,,,,,,,,,,
846,398,576,14.10,73.50,2221,47.5,-14.250,0.000,4.79,0.000,13.95,1.00,0.12,-0.76,0.18,1.000,1.02,-1.33,1.122,0.00,0.90,0.000,19.5,0.000,0.496,0.000,900,6.73,4.5,0.95,-4.33,27.8,1,1,0,1,1,1,0,0,0,0,1,1,0,0,0,0,0,0,1,0,0,1,0,1,0,0,1,0,0,1,0,1,1,1,5156.2,0C,1,1,0,1,1,0,1,0,0,84.06,240.94,,,,,,,,,,,,,,,,,,,,,,,,,,,,,,,,,,,,,,,,,,,,,,,,,,,,,,,,,
847,398,971,14.10,73.50,2166,46.3,-14.250,0.000,4.54,0.000,13.57,1.00,0.11,-0.76,0.18,1.000,1.02,-1.33,1.120,0.00,0.90,0.194,-42.0,65.626,0.703,42.000,2500,94.06,1766.7,2.47,-17.60,114.8,0,1,0,0,0,1,0,1,1,1,1,1,0,1,1,0,0,1,0,0,0,0,0,0,0,0,1,0,1,0,0,0,0,0,2007.7,CC,0,1,0,1,0,1,1,1,1,1,1,,,,,,,,,,,,,,,,,,,,,,,,,,,,,,,,,,,,,,,,,,,,,,,,,,,,,,,,,
848,399,357,14.10,73.50,2111,45.0,-14.250,0.000,4.30,0.000,13.43,1.00,0.12,-0.76,0.18,1.000,1.02,-1.33,1.118,0.00,0.90,0.000,19.5,0.000,0.496,0.000,900,6.80,4.5,0.96,-4.31,27.8,1,1,0,1,1,1,0,0,0,0,1,1,0,0,0,0,0,0,1,0,0,1,0,1,0,0,1,0,0,1,0,1,1,1,5156.2,0C,1,1,0,1,1,0,1,0,0,81.25,232.06,,,,,,,,,,,,,,,,,,,,,,,,,,,,,,,,,,,,,,,,,,,,,,,,,,,,,,,,,
849,399,775,14.10,73.50,2055,43.8,-14.250,0.000,4.17,0.000,13.05,1.00,0.12,-0.76,0.18,1.000,1.02,-1.33,1.117,0.00,0.90,0.000,19.5,0.000,0.496,0.000,900,6.84,4.5,0.96,-4.18,27.8,1,1,0,1,1,1,0,0,0,0,1,1,0,0,0,0,0,0,1,0,0,1,0,1,0,0,1,0,0,1,0,1,1,1,5156.2,0C,1,1,0,1,1,0,1,0,0,79.69,230.81,,,,,,,,,,,,,,,,,,,,,,,,,,,,,,,,,,,,,,,,,,,,,,,,,,,,,,,,,
850,400,154,14.10,73.50,2000,42.5,-14.250,0.000,4.00,0.000,12.84,1.00,0.12,-0.76,0.19,1.000,1.02,-1.33,1.116,0.00,0.90,0.000,19.5,0.000,0.496,0.000,900,6.88,4.5,0.97,-4.05,27.8,1,1,0,1,1,1,0,0,0,0,1,1,0,0,0,0,0,0,1,0,0,1,0,1,0,0,1,0,0,1,0,1,1,1,5156.2,0C,1,1,0,1,1,0,1,0,0,78.06,231.44,,,,,,,,,,,,,,,,,,,,,,,,,,,,,,,,,,,,,,,,,,,,,,,,,,,,,,,,,
851,400,545,14.10,73.50,1962,41.3,-14.250,0.000,3.93,0.000,12.26,1.00,0.11,-0.76,0.18,1.000,1.02,-1.33,1.118,0.00,0.90,0.000,20.3,0.000,0.496,0.000,900,6.90,4.5,0.97,-3.95,27.8,1,1,0,1,1,1,0,0,0,0,1,1,0,0,0,0,0,0,1,0,0,1,0,1,0,0,1,0,0,1,0,1,1,1,5156.2,0C,1,1,0,1,1,0,1,0,0,73.19,230.13,,,,,,,,,,,,,,,,,,,,,,,,,,,,,,,,,,,,,,,,,,,,,,,,,,,,,,,,,
852,400,935,14.10,73.50,1911,40.0,-12.750,0.000,3.88,0.000,11.46,1.00,0.12,-0.76,0.19,1.000,1.02,-1.33,1.117,0.00,0.90,0.000,20.3,0.000,0.496,0.000,900,6.94,4.5,0.98,-3.81,27.8,1,1,0,1,1,1,0,0,0,0,1,1,0,0,0,0,0,0,1,0,0,1,0,1,0,0,1,0,0,1,0,1,1,1,5156.2,0C,1,1,0,1,1,0,1,0,0,69.75,232.44,,,,,,,,,,,,,,,,,,,,,,,,,,,,,,,,,,,,,,,,,,,,,,,,,,,,,,,,,
853,401,335,14.10,73.50,1859,38.8,-12.750,0.000,3.93,0.000,11.09,1.00,0.12,-0.76,0.19,1.000,1.02,-1.33,1.116,0.00,0.90,0.000,20.3,0.000,0.496,0.000,900,6.98,4.5,0.98,-3.68,27.8,1,1,0,1,1,1,0,0,0,0,1,1,0,0,0,0,0,0,1,0,0,1,0,1,0,0,1,0,0,1,0,1,1,1,5156.2,0C,1,1,0,1,1,0,1,0,0,67.69,238.19,,,,,,,,,,,,,,,,,,,,,,,,,,,,,,,,,,,,,,,,,,,,,,,,,,,,,,,,,
854,401,735,14.10,73.50,1818,38.8,-12.750,0.000,4.00,0.000,11.09,1.00,0.11,-0.76,0.19,1.000,1.02,-1.33,1.116,0.00,0.90,0.000,20.3,0.000,0.496,0.000,900,7.00,4.5,0.99,-3.58,27.8,1,1,0,1,1,1,0,0,0,0,1,0,0,0,0,0,0,0,1,0,0,1,0,1,0,0,1,0,0,1,0,0,1,1,5156.2,0C,1,1,0,1,1,0,1,0,0,66.81,243.69,,,,,,,,,,,,,,,,,,,,,,,,,,,,,,,,,,,,,,,,,,,,,,,,,,,,,,,,,
855,402,115,14.10,73.50,1791,37.5,15.750,2.445,6.79,14.124,13.08,0.97,0.13,-0.76,0.20,1.000,1.02,-1.33,1.110,0.00,0.90,0.000,20.3,8.995,0.496,0.000,900,7.02,4.5,0.99,-2.58,27.8,1,1,0,1,1,1,0,0,0,0,1,0,0,0,0,0,0,0,0,0,1,1,0,1,0,0,0,0,0,1,0,0,1,1,5156.2,0C,1,1,0,1,1,0,1,0,0,89.50,301.19,,,,,,,,,,,,,,,,,,,,,,,,,,,,,,,,,,,,,,,,,,,,,,,,,,,,,,,,,
856,402,495,14.10,73.50,1788,37.5,1.500,7.206,15.67,18.508,39.07,0.97,0.92,-0.76,0.88,0.981,1.02,-1.33,1.107,0.00,0.90,0.000,20.3,9.522,0.496,0.000,900,7.03,4.5,0.99,-2.58,27.8,1,1,0,1,1,1,0,0,0,0,1,0,0,0,0,0,0,0,0,0,1,1,1,1,0,0,0,1,0,1,0,0,1,1,5156.2,0C,1,1,0,1,1,0,1,0,0,249.69,687.81,,,,,,,,,,,,,,,,,,,,,,,,,,,,,,,,,,,,,,,,,,,,,,,,,,,,,,,,,
857,402,887,14.10,73.50,1830,38.8,21.000,7.802,16.16,20.133,49.48,0.96,0.90,-0.76,0.99,0.938,1.02,-1.33,1.117,0.00,0.90,6.603,20.3,11.940,0.496,0.000,900,6.99,4.5,0.99,-2.57,27.8,1,1,0,1,1,1,0,0,0,0,1,0,0,0,0,0,0,0,0,0,1,1,1,1,1,0,0,1,0,0,0,0,1,1,5156.2,0C,1,1,0,1,1,0,1,0,0,299.63,778.13,,,,,,,,,,,,,,,,,,,,,,,,,,,,,,,,,,,,,,,,,,,,,,,,,,,,,,,,,
858,403,307,14.10,73.50,1889,40.0,22.500,6.867,15.38,20.133,46.95,0.97,0.82,-0.76,0.94,0.893,1.02,-1.33,1.117,0.00,0.90,6.603,20.3,11.597,0.496,0.000,900,6.95,4.5,0.98,-2.55,27.8,1,1,0,1,1,1,0,0,0,0,1,0,0,0,0,0,0,0,0,0,1,1,1,1,1,0,0,1,0,0,0,0,1,1,5156.2,0C,1,1,0,1,1,0,1,0,0,288.50,735.31,,,,,,,,,,,,,,,,,,,,,,,,,,,,,,,,,,,,,,,,,,,,,,,,,,,,,,,,,
859,403,715,14.10,73.50,1949,41.3,23.250,6.771,15.01,19.976,46.45,0.98,0.83,-0.76,0.95,0.893,1.02,-1.33,1.124,0.00,0.90,6.603,20.3,11.940,0.496,0.000,900,6.91,4.5,0.97,-2.54,27.8,1,1,0,1,1,1,0,0,0,0,1,0,0,0,0,0,0,0,0,0,1,1,1,1,1,0,0,1,0,0,0,0,1,1,5156.2,0C,1,1,0,1,1,0,1,0,0,282.88,703.94,,,,,,,,,,,,,,,,,,,,,,,,,,,,,,,,,,,,,,,,,,,,,,,,,,,,,,,,,
860,404,125,14.10,73.50,1996,42.5,25.500,5.811,13.62,18.508,42.21,0.99,0.81,-0.76,0.95,0.849,1.02,-1.33,1.127,0.00,0.90,5.635,20.3,11.940,0.496,0.000,900,6.88,4.5,0.97,-2.52,27.8,1,1,0,1,1,1,0,0,0,0,1,0,0,0,0,0,0,0,0,0,1,1,1,1,1,0,0,1,0,0,0,0,1,1,5156.2,0C,1,1,0,1,1,0,1,0,0,255.38,648.75,,,,,,,,,,,,,,,,,,,,,,,,,,,,,,,,,,,,,,,,,,,,,,,,,,,,,,,,,
861,404,537,14.10,73.50,2036,42.5,25.500,5.798,13.62,18.508,42.63,1.00,0.81,-0.76,0.89,0.836,1.02,-1.33,1.130,0.00,0.90,5.635,20.3,12.634,0.496,0.000,900,6.85,4.5,0.96,-2.51,27.8,1,1,0,1,1,1,0,0,0,0,1,0,0,0,0,0,0,0,0,0,1,1,1,1,1,0,0,1,0,0,0,0,1,1,5156.2,0C,1,1,0,1,1,0,1,0,0,262.06,644.88,,,,,,,,,,,,,,,,,,,,,,,,,,,,,,,,,,,,,,,,,,,,,,,,,,,,,,,,,
862,404,917,14.10,73.50,2077,43.8,24.750,5.709,13.67,18.508,43.55,1.00,0.79,-0.76,0.91,0.790,1.02,-1.33,1.135,0.00,0.90,5.029,19.5,12.978,0.496,0.000,900,6.82,4.5,0.96,-2.50,27.8,1,1,0,1,1,1,0,0,0,0,1,0,0,0,0,0,0,0,0,0,1,1,1,1,1,0,0,1,0,0,0,0,1,1,5156.2,0C,1,1,0,1,1,0,1,0,0,264.75,638.63,,,,,,,,,,,,,,,,,,,,,,,,,,,,,,,,,,,,,,,,,,,,,,,,,,,,,,,,,
863,405,315,14.10,73.50,2114,45.0,25.500,5.696,13.87,18.836,44.02,1.00,0.76,-0.76,0.87,0.775,1.02,-1.33,1.138,0.00,0.90,5.029,19.5,13.664,0.496,0.000,900,6.80,4.5,0.96,-2.49,27.8,1,1,0,1,1,1,0,0,0,0,1,0,0,0,0,0,0,0,0,0,1,1,1,1,1,0,0,1,0,0,0,0,1,1,5156.2,0C,1,1,0,1,1,0,1,0,0,269.25,643.63,,,,,,,,,,,,,,,,,,,,,,,,,,,,,,,,,,,,,,,,,,,,,,,,,,,,,,,,,
864,405,698,14.10,73.50,2157,45.0,25.500,5.498,13.92,18.836,43.92,1.00,0.65,-0.76,0.88,0.727,1.02,-1.33,1.141,0.00,0.90,5.029,19.5,14.359,0.496,0.000,900,6.77,4.5,0.95,-2.48,27.8,1,1,0,1,1,1,0,0,0,0,1,0,0,0,0,0,0,0,0,0,1,1,1,1,1,0,0,1,0,0,0,0,1,1,5156.2,0C,1,1,0,1,1,0,1,0,0,267.94,640.63,,,,,,,,,,,,,,,,,,,,,,,,,,,,,,,,,,,,,,,,,,,,,,,,,,,,,,,,,
865,406,85,14.10,73.50,2194,46.3,25.500,5.600,14.28,18.999,43.92,1.00,0.81,-0.76,0.80,0.747,1.02,-1.33,1.146,0.00,0.90,5.145,19.5,14.702,0.496,0.000,900,6.74,4.5,0.95,-2.47,27.8,1,1,0,1,1,1,0,0,0,0,1,0,0,0,0,0,0,0,0,0,1,1,1,1,1,0,0,1,0,0,0,0,1,1,5156.2,0C,1,1,0,1,1,0,1,0,0,270.06,644.19,,,,,,,,,,,,,,,,,,,,,,,,,,,,,,,,,,,,,,,,,,,,,,,,,,,,,,,,,
866,406,475,14.10,72.75,2233,47.5,24.750,5.926,14.89,19.648,45.80,1.00,0.77,-0.76,0.80,0.755,1.02,-1.33,1.150,0.00,0.90,5.145,19.5,15.740,0.496,0.000,900,6.71,4.5,0.95,-2.46,27.8,1,1,0,1,1,1,0,0,0,0,1,0,0,0,0,0,0,0,0,0,1,1,1,1,1,0,0,1,0,0,0,0,1,1,5156.2,0C,1,1,0,1,1,0,1,0,0,279.81,663.81,,,,,,,,,,,,,,,,,,,,,,,,,,,,,,,,,,,,,,,,,,,,,,,,,,,,,,,,,
867,406,865,14.10,72.75,2282,47.5,24.750,6.227,15.75,20.461,47.46,1.00,0.23,-0.76,0.42,0.764,1.02,-1.33,1.154,0.00,0.90,5.416,19.5,16.777,0.496,0.000,900,6.68,4.5,0.94,-2.45,27.8,1,1,0,1,1,1,0,0,0,0,1,0,0,0,0,0,0,0,0,0,1,1,1,1,1,0,0,1,0,0,0,0,1,1,5156.2,0C,1,1,0,1,1,0,1,0,0,289.44,682.44,,,,,,,,,,,,,,,,,,,,,,,,,,,,,,,,,,,,,,,,,,,,,,,,,,,,,,,,,
868,407,258,14.10,72.75,2309,48.8,24.750,6.029,15.75,20.296,47.63,1.00,0.78,-0.76,0.86,0.717,1.02,-1.33,1.155,0.00,0.90,5.416,18.8,17.121,0.496,0.000,900,6.67,4.5,0.94,-2.44,27.8,1,1,0,1,1,1,0,0,0,0,1,0,0,0,0,0,0,0,0,0,1,1,1,1,1,0,0,1,0,0,0,0,1,1,5156.2,0C,1,1,0,1,1,0,1,0,0,285.56,682.31,,,,,,,,,,,,,,,,,,,,,,,,,,,,,,,,,,,,,,,,,,,,,,,,,,,,,,,,,
869,407,665,14.10,72.75,2392,50.0,23.250,7.405,21.34,23.304,54.49,1.00,0.21,-0.76,0.29,0.793,1.02,-1.33,1.131,0.00,0.90,5.416,18.8,21.271,0.496,0.000,900,6.61,4.5,0.93,-2.42,27.8,1,1,0,1,1,1,0,0,0,0,1,0,0,0,0,0,0,0,0,0,1,1,1,1,1,0,0,1,0,0,0,0,1,1,5156.2,0C,1,1,0,1,1,0,1,0,0,328.25,797.63,,,,,,,,,,,,,,,,,,,,,,,,,,,,,,,,,,,,,,,,,,,,,,,,,,,,,,,,,
870,408,100,14.10,72.75,2436,51.3,21.000,8.819,25.37,25.983,63.68,1.00,0.22,-0.76,0.30,0.838,1.02,-1.33,1.120,0.00,0.90,7.630,18.8,35.439,0.496,-0.750,900,6.59,4.5,0.93,-2.42,27.8,1,1,0,1,1,1,0,0,0,0,1,0,0,0,0,0,0,0,0,0,1,1,1,1,1,0,0,1,0,0,0,0,1,1,5156.2,0C,1,1,0,1,1,0,1,0,0,388.06,902.56,,,,,,,,,,,,,,,,,,,,,,,,,,,,,,,,,,,,,,,,,,,,,,,,,,,,,,,,,
871,408,515,14.10,72.75,2524,52.5,20.250,9.587,35.89,29.718,71.06,1.00,0.22,-0.76,0.29,0.877,1.02,-1.33,1.120,0.00,0.90,7.630,18.8,69.314,0.496,-0.750,900,6.53,4.5,0.92,-2.40,27.8,1,1,0,1,1,1,0,0,0,0,1,0,0,0,0,0,0,0,0,0,1,1,1,1,0,0,0,1,0,0,0,0,1,1,5156.2,0C,1,1,0,1,1,0,1,0,0,435.13,970.44,,,,,,,,,,,,,,,,,,,,,,,,,,,,,,,,,,,,,,,,,,,,,,,,,,,,,,,,,
872,408,917,14.10,72.75,2593,55.0,18.750,10.413,43.97,31.507,74.98,1.00,0.22,-0.76,0.27,0.938,1.02,-1.33,1.120,0.00,0.90,12.167,18.8,97.658,0.496,-0.750,900,6.49,4.5,0.91,-2.38,27.8,1,1,0,1,1,1,0,0,0,0,1,0,0,0,0,0,0,0,0,0,1,1,1,1,0,0,0,1,0,0,0,0,1,1,5156.2,0C,1,1,0,1,1,0,1,0,0,456.06,984.88,,,,,,,,,,,,,,,,,,,,,,,,,,,,,,,,,,,,,,,,,,,,,,,,,,,,,,,,,
873,409,305,14.10,72.75,2692,56.3,18.750,10.451,41.48,31.749,74.77,1.00,0.73,-0.76,0.79,0.952,1.02,-1.33,1.120,0.00,0.90,12.167,18.8,97.658,0.496,-0.750,900,6.43,4.5,0.91,-2.36,27.8,1,1,0,1,1,1,0,0,0,0,1,0,0,0,0,0,0,0,0,0,1,1,1,1,0,0,0,1,0,0,0,0,1,1,5156.2,0C,1,1,0,1,1,0,1,0,0,453.25,976.69,,,,,,,,,,,,,,,,,,,,,,,,,,,,,,,,,,,,,,,,,,,,,,,,,,,,,,,,,
874,409,715,14.10,72.75,2799,58.8,19.500,11.136,39.72,33.124,74.13,1.00,0.30,-0.76,0.37,1.030,1.02,-1.33,1.116,0.00,0.90,12.167,18.8,97.658,0.496,-0.750,900,6.42,4.5,0.91,-2.36,27.8,1,1,0,1,1,1,0,0,0,0,1,0,0,0,0,0,0,0,0,0,1,1,1,1,0,0,0,1,0,0,0,0,1,1,5156.2,0C,1,1,0,1,1,0,1,0,0,453.31,968.19,,,,,,,,,,,,,,,,,,,,,,,,,,,,,,,,,,,,,,,,,,,,,,,,,,,,,,,,,
875,410,106,14.10,72.75,2902,61.3,19.500,11.341,39.36,33.124,74.58,1.00,0.73,-0.76,0.86,1.010,1.02,-1.33,1.113,0.00,0.90,15.147,18.0,97.658,0.496,-0.750,900,6.42,4.5,0.90,-2.36,27.8,1,1,0,1,1,1,0,0,0,0,1,0,0,0,0,0,0,0,0,0,1,1,1,1,0,0,0,1,0,0,0,0,1,1,5156.2,0C,1,1,0,1,1,0,1,0,0,456.63,963.00,,,,,,,,,,,,,,,,,,,,,,,,,,,,,,,,,,,,,,,,,,,,,,,,,,,,,,,,,
876,410,507,14.10,72.75,3017,63.8,20.250,11.091,37.89,33.124,74.67,1.00,0.73,-0.76,0.93,0.980,1.02,-1.33,1.109,0.00,0.90,15.147,18.0,97.658,0.496,-0.750,900,6.42,4.5,0.90,-2.36,27.8,1,1,0,1,1,1,0,0,0,0,1,0,0,0,0,0,0,0,0,0,1,1,1,1,0,0,0,1,0,0,0,0,1,1,5156.2,0C,1,1,0,1,1,0,1,0,0,455.88,954.63,,,,,,,,,,,,,,,,,,,,,,,,,,,,,,,,,,,,,,,,,,,,,,,,,,,,,,,,,
877,410,906,14.10,72.75,3114,65.0,21.000,10.874,37.96,33.124,74.65,1.00,0.77,-0.76,0.95,0.981,0.45,4.03,1.953,0.01,0.75,139.995,-42.0,21.485,0.703,30.000,2520,-2.82,1766.7,0.96,-48.07,114.8,0,1,0,0,0,1,0,1,1,1,1,1,0,1,1,0,0,1,0,0,0,0,0,0,0,0,0,0,1,1,1,0,0,0,6281.8,5A,0,1,0,1,0,1,1,1,1,1,1,,,,,,,,,,,,,,,,,,,,,,,,,,,,,,,,,,,,,,,,,,,,,,,,,,,,,,,,,
878,411,285,14.10,72.75,3217,67.5,21.000,10.970,37.89,33.124,74.79,1.00,0.45,-0.76,0.97,0.990,1.02,-1.33,1.104,0.00,0.90,16.045,18.0,97.658,0.496,-1.500,900,6.42,4.5,0.90,-2.34,27.8,1,1,0,1,1,1,0,0,0,0,1,0,0,0,0,0,0,0,0,0,1,1,1,1,0,0,0,1,0,0,0,0,1,1,5156.2,0C,1,1,0,1,1,0,1,0,0,457.50,943.19,,,,,,,,,,,,,,,,,,,,,,,,,,,,,,,,,,,,,,,,,,,,,,,,,,,,,,,,,
879,411,748,14.10,72.75,3327,70.0,21.000,10.861,38.13,33.124,75.12,1.00,0.76,-0.76,1.00,0.971,1.02,-1.33,1.106,0.00,0.90,16.045,18.0,97.658,0.496,-1.500,900,6.41,4.5,0.90,-2.22,27.8,1,1,0,1,1,1,0,0,0,0,1,0,0,0,0,0,0,0,0,0,1,1,1,1,0,0,0,1,0,0,0,0,1,1,5156.2,0C,1,1,0,1,1,0,1,0,0,459.63,942.94,,,,,,,,,,,,,,,,,,,,,,,,,,,,,,,,,,,,,,,,,,,,,,,,,,,,,,,,,
880,412,147,14.10,72.75,3363,72.5,8.250,4.762,13.18,0.000,40.45,1.00,0.94,-0.76,1.06,0.935,1.02,-1.33,1.150,0.00,0.90,18.049,18.0,97.658,0.496,0.000,900,6.41,4.5,0.90,-4.53,27.8,1,1,0,1,1,1,0,0,0,0,1,0,0,0,0,0,0,0,1,0,1,1,1,1,0,0,0,1,0,1,0,0,1,1,5156.2,0C,1,1,0,1,1,0,1,0,0,176.81,512.38,,,,,,,,,,,,,,,,,,,,,,,,,,,,,,,,,,,,,,,,,,,,,,,,,,,,,,,,,
881,412,555,14.10,72.75,3161,72.5,39.750,1.299,6.01,0.000,10.78,1.00,0.84,-0.76,0.60,0.920,1.02,-1.33,1.166,0.00,0.90,18.049,17.3,37.514,0.496,0.000,900,6.41,4.5,0.90,-4.68,27.8,1,1,0,1,1,1,0,0,0,0,1,0,1,0,0,0,0,0,1,0,1,1,1,1,1,0,0,0,0,1,0,0,1,1,5156.2,0C,1,1,0,1,1,0,1,0,0,60.06,219.31,,,,,,,,,,,,,,,,,,,,,,,,,,,,,,,,,,,,,,,,,,,,,,,,,,,,,,,,,
882,412,935,14.10,72.75,2713,71.3,39.750,1.389,5.88,0.000,9.91,1.00,0.14,-0.76,0.25,0.948,1.02,-1.33,1.160,0.00,0.90,1.056,17.3,32.334,0.496,0.000,900,6.43,4.5,0.91,-4.42,27.8,1,1,0,1,1,1,0,0,0,0,1,0,1,0,0,0,0,0,1,0,1,1,1,1,0,0,0,0,0,1,0,0,1,1,5156.2,0C,1,1,0,1,1,0,1,0,0,67.56,228.81,,,,,,,,,,,,,,,,,,,,,,,,,,,,,,,,,,,,,,,,,,,,,,,,,,,,,,,,,
883,413,318,14.10,72.75,2554,71.3,29.250,5.600,16.89,16.234,37.43,1.00,0.68,-0.76,0.29,0.986,1.02,-1.33,1.170,0.00,0.90,1.056,17.3,92.470,0.496,0.000,900,6.48,4.5,0.91,-2.38,27.8,1,1,0,1,1,1,0,0,0,0,1,0,1,0,0,0,0,0,0,0,1,1,1,1,0,0,0,1,0,0,0,0,1,1,5156.2,0C,1,1,0,1,1,0,1,0,0,244.25,639.31,,,,,,,,,,,,,,,,,,,,,,,,,,,,,,,,,,,,,,,,,,,,,,,,,,,,,,,,,
884,413,707,14.10,72.75,2513,71.3,24.750,7.904,21.90,22.492,52.95,1.00,0.19,-0.76,0.28,1.007,1.02,-1.33,1.134,0.00,0.90,1.056,17.3,97.658,0.496,0.000,900,6.51,4.5,0.92,-2.39,27.8,1,1,0,1,1,1,0,0,0,0,1,0,1,0,0,0,0,0,0,0,1,1,1,1,1,0,0,1,0,0,0,0,1,1,5156.2,0C,1,1,0,1,1,0,1,0,0,350.75,846.38,,,,,,,,,,,,,,,,,,,,,,,,,,,,,,,,,,,,,,,,,,,,,,,,,,,,,,,,,
885,414,107,14.10,72.75,2533,72.5,21.000,9.670,28.27,24.358,65.09,1.00,0.33,-0.76,0.85,1.016,1.02,-1.33,1.120,0.00,0.90,9.604,18.0,97.658,0.496,0.000,900,6.51,4.5,0.92,-2.39,27.8,1,1,0,1,1,1,0,0,0,0,1,0,0,0,0,0,0,0,0,0,1,1,1,1,1,0,0,1,0,0,0,0,1,1,5156.2,0C,1,1,0,1,1,0,1,0,0,395.06,921.69,,,,,,,,,,,,,,,,,,,,,,,,,,,,,,,,,,,,,,,,,,,,,,,,,,,,,,,,,
886,414,511,14.10,72.75,2569,73.8,20.250,9.613,29.98,26.390,66.47,1.00,0.47,-0.76,0.88,0.988,1.02,-1.33,1.120,0.00,0.90,0.194,-42.0,30.860,0.703,93.000,1940,94.41,313.0,-78.91,19.84,-4.5,0,0,1,0,0,1,0,1,0,1,0,1,0,1,0,1,0,1,1,1,1,1,1,1,1,1,1,1,1,1,1,1,1,1,1,,,,,,,,,,,,,,,,,,,,,,,,,,,,,,,,,,,,,,,,,,,,,,,,,,,,,,,,,,,,,,,,,,,,,
887,414,895,14.10,72.75,2618,75.0,20.250,9.504,30.66,26.468,66.28,1.00,0.80,-0.76,0.87,0.988,1.02,-1.33,1.120,0.00,0.90,11.847,18.0,97.658,0.496,0.000,900,6.46,4.5,0.91,-2.37,27.8,1,1,0,1,1,1,0,0,0,0,1,0,0,0,0,0,0,0,0,0,1,1,1,1,1,0,0,1,0,0,0,0,1,1,5156.2,0C,1,1,0,1,1,0,1,0,0,405.38,937.63,,,,,,,,,,,,,,,,,,,,,,,,,,,,,,,,,,,,,,,,,,,,,,,,,,,,,,,,,
888,415,275,14.10,72.75,2657,76.3,20.250,9.485,30.30,26.468,65.72,1.00,0.81,-0.76,0.85,1.001,1.02,-1.33,1.120,0.00,0.90,11.847,18.0,97.658,0.496,0.000,900,6.44,4.5,0.91,-2.36,27.8,1,1,0,1,1,1,0,0,0,0,1,0,0,0,0,0,0,0,0,0,1,1,1,1,1,0,0,1,0,0,0,0,1,1,5156.2,0C,1,1,0,1,1,0,1,0,0,401.69,928.19,,,,,,,,,,,,,,,,,,,,,,,,,,,,,,,,,,,,,,,,,,,,,,,,,,,,,,,,,
889,415,655,14.10,72.75,2699,77.5,21.000,9.408,29.98,26.468,64.95,1.00,0.77,-0.76,0.90,1.008,1.02,-1.33,1.120,0.00,0.90,11.847,18.0,97.658,0.496,0.000,900,6.42,4.5,0.90,-2.35,27.8,1,1,0,1,1,1,0,0,0,0,1,0,0,0,0,0,0,0,0,0,1,1,1,1,1,0,0,1,0,0,0,0,1,1,5156.2,0C,1,1,0,1,1,0,1,0,0,397.69,925.13,,,,,,,,,,,,,,,,,,,,,,,,,,,,,,,,,,,,,,,,,,,,,,,,,,,,,,,,,
890,416,70,14.10,72.75,2733,78.8,21.000,9.370,29.61,26.468,64.50,1.00,0.68,-0.76,0.92,1.014,1.02,-1.33,1.119,0.00,0.90,11.526,18.0,97.658,0.496,0.000,900,6.41,4.5,0.90,-2.35,27.8,1,1,0,1,1,1,0,0,0,0,1,0,0,0,0,0,0,0,0,0,1,1,1,1,1,0,0,1,0,0,0,0,1,1,5156.2,0C,1,1,0,1,1,0,1,0,0,408.44,928.75,,,,,,,,,,,,,,,,,,,,,,,,,,,,,,,,,,,,,,,,,,,,,,,,,,,,,,,,,
891,416,455,14.10,72.75,2800,80.0,18.000,10.976,42.99,31.827,75.30,1.00,0.83,-0.76,1.00,0.990,1.02,-1.33,1.116,0.00,0.90,11.526,18.0,97.658,0.496,0.000,900,6.41,4.5,0.90,-2.35,27.8,1,1,0,1,1,1,0,0,0,0,1,0,0,0,0,0,0,0,0,0,1,1,1,1,0,0,0,1,0,0,0,0,1,1,5156.2,0C,1,1,0,1,1,0,1,0,0,460.81,978.81,,,,,,,,,,,,,,,,,,,,,,,,,,,,,,,,,,,,,,,,,,,,,,,,,,,,,,,,,
892,416,839,14.10,72.75,2838,81.3,18.750,10.931,41.97,32.070,75.14,1.00,0.75,-0.76,0.99,0.990,1.02,-1.33,1.115,0.00,0.90,15.147,18.0,97.658,0.496,0.000,900,6.41,4.5,0.90,-2.35,27.8,1,1,0,1,1,1,0,0,0,0,1,0,0,0,0,0,0,0,0,0,1,1,1,1,0,0,0,1,0,0,0,0,1,1,5156.2,0C,1,1,0,1,1,0,1,0,0,459.00,974.50,,,,,,,,,,,,,,,,,,,,,,,,,,,,,,,,,,,,,,,,,,,,,,,,,,,,,,,,,
893,417,237,14.10,72.75,2884,82.5,18.750,10.842,41.48,31.992,75.09,1.00,0.81,-0.76,1.00,0.977,1.02,-1.33,1.114,0.00,0.90,15.147,18.0,97.658,0.496,0.000,900,6.41,4.5,0.90,-2.35,27.8,1,1,0,1,1,1,0,0,0,0,1,0,0,0,0,0,0,0,0,0,1,1,1,1,0,0,0,1,0,0,0,0,1,1,5156.2,0C,1,1,0,1,1,0,1,0,0,460.44,972.69,,,,,,,,,,,,,,,,,,,,,,,,,,,,,,,,,,,,,,,,,,,,,,,,,,,,,,,,,
894,417,626,14.10,72.75,2937,85.0,18.750,10.573,40.21,31.992,74.98,1.00,0.65,-0.76,1.00,0.974,1.02,-1.33,1.112,0.00,0.90,15.147,17.3,97.658,0.496,0.000,900,6.41,4.5,0.90,-2.35,27.8,1,1,0,1,1,1,0,0,0,0,1,0,0,0,0,0,0,0,0,0,1,1,1,1,0,0,0,1,0,0,0,0,1,1,5156.2,0C,1,1,0,1,1,0,1,0,0,459.00,968.31,,,,,,,,,,,,,,,,,,,,,,,,,,,,,,,,,,,,,,,,,,,,,,,,,,,,,,,,,
895,418,18,14.10,72.75,2985,86.3,18.750,10.995,38.94,31.992,74.55,1.00,0.68,-0.76,1.00,0.994,1.02,-1.33,1.110,0.00,0.90,14.794,17.3,97.658,0.496,0.000,900,6.41,4.5,0.90,-2.35,27.8,1,1,0,1,1,1,0,0,0,0,1,0,0,0,0,0,0,0,0,0,1,1,1,1,0,0,0,1,0,0,0,0,1,1,5156.2,0C,1,1,0,1,1,0,1,0,0,456.00,959.38,,,,,,,,,,,,,,,,,,,,,,,,,,,,,,,,,,,,,,,,,,,,,,,,,,,,,,,,,
896,418,391,14.10,72.75,3033,87.5,19.500,10.726,38.38,31.992,74.32,1.00,0.78,-0.76,1.01,0.967,1.02,-1.33,1.109,0.00,0.90,14.794,17.3,97.658,0.496,0.000,900,6.41,4.5,0.90,-2.35,27.8,1,1,0,1,1,1,0,0,0,0,1,0,0,0,0,0,0,0,0,0,1,1,1,1,0,0,0,1,0,0,0,0,1,1,5156.2,0C,1,1,0,1,1,0,1,1,1,1,1,,,,,,,,,,,,,,,,,,,,,,,,,,,,,,,,,,,,,,,,,,,,,,,,,,,,,,,,,
897,418,776,14.10,72.75,3057,88.8,27.000,4.717,14.28,13.312,39.89,1.00,0.93,-0.76,1.09,0.958,1.02,-1.33,1.158,0.00,0.90,11.741,17.3,97.658,0.496,0.000,900,6.41,4.5,0.90,-2.35,27.8,1,1,0,1,1,1,0,0,0,0,1,0,0,0,0,0,0,0,0,0,1,1,1,1,0,0,0,1,0,0,0,0,1,1,5156.2,0C,1,1,0,1,1,0,1,0,0,238.50,663.44,,,,,,,,,,,,,,,,,,,,,,,,,,,,,,,,,,,,,,,,,,,,,,,,,,,,,,,,,
898,419,176,14.10,72.75,3064,88.8,36.750,2.240,9.23,0.000,17.63,1.00,0.16,-0.76,0.32,0.984,1.02,-1.33,1.165,0.00,0.90,11.741,17.3,54.452,0.496,0.000,900,6.40,4.5,0.90,-4.62,27.8,1,1,0,1,1,1,0,0,0,0,1,0,0,0,0,0,0,0,1,0,1,1,1,1,1,0,0,0,0,1,0,0,1,1,5156.2,0C,1,1,0,1,1,0,1,0,0,106.44,332.06,,,,,,,,,,,,,,,,,,,,,,,,,,,,,,,,,,,,,,,,,,,,,,,,,,,,,,,,,
899,419,566,14.10,72.75,3040,87.5,39.000,1.843,6.69,0.000,12.54,1.00,0.17,-0.76,0.27,1.024,1.02,-1.33,1.166,0.00,0.90,11.741,17.3,38.209,0.496,0.000,900,6.40,4.5,0.90,-4.60,27.8,1,1,0,1,1,1,0,0,0,0,1,0,0,0,0,0,0,0,1,0,1,1,1,1,1,0,0,0,0,1,0,0,1,1,5156.2,0C,1,1,0,1,1,0,1,0,0,73.75,255.31,,,,,,,,,,,,,,,,,,,,,,,,,,,,,,,,,,,,,,,,,,,,,,,,,,,,,,,,,
900,419,955,14.10,72.75,3022,87.5,0.750,1.683,6.79,0.000,10.36,1.00,0.16,-0.76,0.27,1.050,1.02,-1.33,1.166,0.00,0.90,1.408,17.3,36.477,0.496,0.000,900,6.40,4.5,0.90,-4.59,27.8,1,1,0,1,1,1,0,0,0,0,1,0,0,0,0,0,0,0,1,0,1,1,1,1,1,0,0,0,0,1,0,0,1,1,5156.2,0C,1,1,0,1,1,0,1,0,0,66.50,237.38,,,,,,,,,,,,,,,,,,,,,,,,,,,,,,,,,,,,,,,,,,,,,,,,,,,,,,,,,
901,420,337,14.10,72.75,3001,86.3,-12.000,0.000,7.15,0.000,10.95,1.45,0.08,-1.49,0.32,0.007,0.03,-11.54,0.000,0.01,0.75,0.194,-42.0,19.532,0.703,29.250,2500,29.21,1766.7,0.91,-42.60,114.8,0,1,0,0,0,1,0,1,1,1,1,1,0,1,1,0,0,1,0,0,0,0,0,0,0,0,0,0,1,0,0,0,0,0,2263.8,2B,0,1,0,1,0,1,1,1,1,1,1,,,,,,,,,,,,,,,,,,,,,,,,,,,,,,,,,,,,,,,,,,,,,,,,,,,,,,,,,
902,420,716,14.10,72.75,2959,85.0,-12.000,0.000,7.06,0.000,10.95,1.00,0.12,-0.76,0.23,1.000,1.02,-1.33,1.166,0.00,0.90,1.408,17.3,0.000,0.496,0.000,900,6.40,4.5,0.90,-4.55,27.8,1,1,0,1,1,1,0,0,0,0,1,0,0,0,0,0,0,0,1,0,0,1,0,1,0,0,1,0,0,1,0,0,1,1,5156.2,0C,1,1,0,1,1,0,1,0,0,67.13,242.38,,,,,,,,,,,,,,,,,,,,,,,,,,,,,,,,,,,,,,,,,,,,,,,,,,,,,,,,,
903,421,105,14.10,72.75,2930,85.0,-10.500,0.000,7.06,0.000,10.05,1.00,0.12,-0.76,0.23,1.000,1.02,-1.33,1.166,0.00,0.90,0.000,17.3,0.000,0.496,0.000,900,6.41,4.5,0.90,-4.54,27.8,1,1,0,1,1,1,0,0,0,0,1,0,0,0,0,0,0,0,1,0,0,1,0,1,0,0,1,0,0,1,0,0,1,1,5156.2,0C,1,1,0,1,1,0,1,0,0,62.25,242.19,,,,,,,,,,,,,,,,,,,,,,,,,,,,,,,,,,,,,,,,,,,,,,,,,,,,,,,,,
904,421,497,14.10,72.75,2908,83.8,-10.500,0.000,6.98,0.000,11.18,1.00,0.12,-0.76,0.23,1.000,1.02,-1.33,1.166,0.00,0.90,0.000,17.3,0.000,0.496,0.000,900,6.41,4.5,0.90,-4.53,27.8,1,1,0,1,1,1,0,0,0,0,1,0,0,0,0,0,0,0,1,0,0,1,0,1,0,0,1,0,0,1,0,0,1,1,5156.2,0C,1,1,0,1,1,0,1,0,0,70.81,242.75,,,,,,,,,,,,,,,,,,,,,,,,,,,,,,,,,,,,,,,,,,,,,,,,,,,,,,,,,
905,421,887,14.10,72.75,2868,82.5,-12.000,0.000,6.86,0.000,11.23,1.00,0.12,-0.76,0.23,1.000,1.02,-1.33,1.166,0.00,0.90,0.000,18.0,0.000,0.496,0.000,900,6.41,4.5,0.90,-4.51,27.8,1,1,0,1,1,1,0,0,0,0,1,0,0,0,0,0,0,0,1,0,0,1,0,1,0,0,1,0,0,1,0,0,1,1,5156.2,0C,1,1,0,1,1,0,1,0,0,68.94,248.25,,,,,,,,,,,,,,,,,,,,,,,,,,,,,,,,,,,,,,,,,,,,,,,,,,,,,,,,,
906,422,295,14.10,72.75,2840,82.5,-11.250,0.000,6.79,0.000,10.66,1.00,0.12,-0.76,0.22,1.000,1.02,-1.33,1.166,0.00,0.90,0.000,18.0,0.000,0.496,0.000,900,6.41,4.5,0.90,-4.50,27.8,1,1,0,1,1,1,0,0,0,0,1,0,0,0,0,0,0,0,1,0,0,1,0,1,0,0,1,0,0,1,0,0,1,1,5156.2,0C,1,1,0,1,1,0,1,0,0,65.38,239.56,,,,,,,,,,,,,,,,,,,,,,,,,,,,,,,,,,,,,,,,,,,,,,,,,,,,,,,,,
907,422,720,14.10,72.75,2811,81.3,-11.250,0.000,6.79,0.000,10.55,1.00,0.12,-0.76,0.22,1.000,1.02,-1.33,1.166,0.00,0.90,0.000,18.0,0.000,0.496,0.000,900,6.42,4.5,0.90,-4.47,27.8,1,1,0,1,1,1,0,0,0,0,1,0,0,0,0,0,0,0,1,0,0,1,0,1,0,0,1,0,0,1,0,0,1,1,5156.2,0C,1,1,0,1,1,0,1,0,0,64.69,238.13,,,,,,,,,,,,,,,,,,,,,,,,,,,,,,,,,,,,,,,,,,,,,,,,,,,,,,,,,
908,423,137,14.10,72.75,2778,80.0,-11.250,0.000,6.69,0.000,10.57,1.00,0.12,-0.76,0.22,1.000,1.02,-1.33,1.166,0.00,0.90,0.000,18.0,0.000,0.496,0.000,900,6.42,4.5,0.90,-4.46,27.8,1,1,0,1,1,1,0,0,0,0,1,0,0,0,0,0,0,0,1,0,0,1,0,1,0,0,1,0,0,1,0,0,1,1,5156.2,0C,1,1,0,1,1,0,1,0,0,67.69,246.13,,,,,,,,,,,,,,,,,,,,,,,,,,,,,,,,,,,,,,,,,,,,,,,,,,,,,,,,,
909,423,535,14.10,72.75,2742,78.8,-12.750,0.000,7.23,0.000,11.67,1.00,0.12,-0.76,0.22,1.000,1.02,-1.33,1.166,0.00,0.90,0.000,18.8,0.000,0.496,0.000,900,6.42,4.5,0.91,-4.44,27.8,1,1,0,1,1,1,0,0,0,0,1,0,0,0,0,0,0,0,1,0,0,1,0,1,0,0,1,0,0,1,0,0,1,1,5156.2,0C,1,1,0,1,1,0,1,0,0,72.00,257.31,,,,,,,,,,,,,,,,,,,,,,,,,,,,,,,,,,,,,,,,,,,,,,,,,,,,,,,,,
910,423,916,14.10,72.75,2714,78.8,-12.750,0.000,7.10,0.000,11.67,1.00,0.12,-0.76,0.23,1.000,1.02,-1.33,1.166,0.00,0.90,0.000,18.8,0.000,0.496,0.000,900,6.43,4.5,0.91,-4.43,27.8,1,1,0,1,1,1,0,0,0,0,1,0,0,0,0,0,0,0,1,0,0,1,0,1,0,0,1,0,0,1,0,0,1,1,5156.2,0C,1,1,0,1,1,0,1,0,0,71.31,256.00,,,,,,,,,,,,,,,,,,,,,,,,,,,,,,,,,,,,,,,,,,,,,,,,,,,,,,,,,
911,424,307,14.10,72.75,2689,77.5,-14.250,0.000,7.06,0.000,11.77,1.00,0.12,-0.76,0.22,1.000,1.02,-1.33,1.165,0.00,0.90,0.000,18.8,0.000,0.496,0.000,900,6.44,4.5,0.91,-4.42,27.8,1,1,0,1,1,1,0,0,0,0,1,0,0,0,0,0,0,0,1,0,0,1,0,1,0,0,1,0,0,1,0,0,1,1,5156.2,0C,1,1,0,1,1,0,1,0,0,72.50,256.13,,,,,,,,,,,,,,,,,,,,,,,,,,,,,,,,,,,,,,,,,,,,,,,,,,,,,,,,,
912,424,696,14.10,72.75,2658,76.3,-14.250,0.000,6.93,0.000,11.98,1.00,0.11,-0.76,0.22,1.000,1.02,-1.33,1.162,0.00,0.90,0.000,18.8,0.000,0.496,0.000,900,6.46,4.5,0.91,-4.41,27.8,1,1,0,1,1,1,0,0,0,0,1,0,0,0,0,0,0,0,1,0,0,1,0,1,0,0,1,0,0,1,0,0,1,1,5156.2,0C,1,1,0,1,1,0,1,0,0,73.38,255.50,,,,,,,,,,,,,,,,,,,,,,,,,,,,,,,,,,,,,,,,,,,,,,,,,,,,,,,,,
913,425,75,14.10,73.50,2629,76.3,-15.000,0.000,6.86,0.000,12.26,1.00,0.12,-0.76,0.22,1.000,1.02,-1.33,1.159,0.00,0.90,0.000,18.8,0.000,0.496,0.000,900,6.48,4.5,0.91,-4.40,27.8,1,1,0,1,1,1,0,0,0,0,1,0,0,0,0,0,0,0,1,0,0,1,0,1,0,0,1,0,0,1,0,0,1,1,5156.2,0C,1,1,0,1,1,0,1,0,0,75.50,256.13,,,,,,,,,,,,,,,,,,,,,,,,,,,,,,,,,,,,,,,,,,,,,,,,,,,,,,,,,
914,425,459,14.10,73.50,2600,75.0,-15.000,0.000,6.74,0.000,12.56,1.00,0.12,-0.76,0.22,1.000,1.02,-1.33,1.155,0.00,0.90,0.000,18.8,0.000,0.496,0.000,900,6.49,4.5,0.92,-4.40,27.8,1,1,0,1,1,1,0,0,0,0,1,0,0,0,0,0,0,0,1,0,0,1,0,1,0,0,1,0,0,1,0,0,1,1,5156.2,0C,1,1,0,1,1,0,1,0,0,77.44,255.75,,,,,,,,,,,,,,,,,,,,,,,,,,,,,,,,,,,,,,,,,,,,,,,,,,,,,,,,,
915,425,847,14.10,73.50,2582,75.0,-15.000,0.000,6.69,0.000,12.70,1.00,0.11,-0.76,0.22,1.000,1.02,-1.33,1.154,0.00,0.90,0.000,18.8,0.000,0.496,0.000,900,6.50,4.5,0.92,-4.40,27.8,1,1,0,1,1,1,0,0,0,0,1,0,0,0,0,0,0,0,1,0,0,1,0,1,0,0,1,0,0,1,0,0,1,1,5156.2,0C,1,1,0,1,1,0,1,0,0,78.38,255.69,,,,,,,,,,,,,,,,,,,,,,,,,,,,,,,,,,,,,,,,,,,,,,,,,,,,,,,,,
916,426,255,14.10,73.50,2556,73.8,3.750,2.061,5.47,7.382,10.48,0.97,0.13,-0.76,0.22,1.000,1.02,-1.33,1.150,0.00,0.90,0.000,19.5,8.995,0.496,0.000,900,6.52,4.5,0.92,-2.39,27.8,1,1,0,1,1,1,0,0,0,0,1,0,0,0,0,0,0,0,0,0,1,1,1,1,0,0,0,0,0,1,0,0,1,1,5156.2,0C,1,1,0,1,1,0,1,0,0,60.94,213.38,,,,,,,,,,,,,,,,,,,,,,,,,,,,,,,,,,,,,,,,,,,,,,,,,,,,,,,,,
917,426,677,14.10,73.50,2539,73.8,30.000,5.312,14.77,14.617,28.22,0.98,0.86,-0.76,0.96,0.982,1.02,-1.33,1.163,0.00,0.90,0.000,19.5,9.522,0.496,0.000,900,6.54,4.5,0.92,-2.40,27.8,1,1,0,1,1,1,0,0,0,0,1,0,0,0,0,0,0,0,0,0,1,1,1,1,0,0,0,0,0,0,0,0,1,1,5156.2,0C,1,1,0,1,1,0,1,0,0,165.44,465.94,,,,,,,,,,,,,,,,,,,,,,,,,,,,,,,,,,,,,,,,,,,,,,,,,,,,,,,,,
918,427,54,14.10,73.50,2551,73.8,27.750,6.682,16.28,15.914,40.31,0.96,0.91,-0.76,1.05,0.931,1.02,-1.33,1.171,0.00,0.90,5.760,19.5,10.208,0.496,0.000,900,6.52,4.5,0.92,-2.39,27.8,1,1,0,1,1,1,0,0,0,0,1,0,0,0,0,0,0,0,0,0,1,1,1,1,1,0,0,1,0,0,0,0,1,1,5156.2,0C,1,1,0,1,1,0,1,0,0,247.00,641.88,,,,,,,,,,,,,,,,,,,,,,,,,,,,,,,,,,,,,,,,,,,,,,,,,,,,,,,,,
919,427,475,14.10,73.50,2572,73.8,28.500,6.067,15.92,15.914,38.53,0.97,0.29,-0.76,0.94,0.915,1.02,-1.33,1.171,0.00,0.90,5.760,19.5,10.559,0.496,0.000,900,6.51,4.5,0.92,-2.39,27.8,1,1,0,1,1,1,0,0,0,0,1,0,0,0,0,0,0,0,0,0,1,1,1,1,1,0,0,1,0,0,0,0,1,1,5156.2,0C,1,1,0,1,1,0,1,0,0,234.63,620.13,,,,,,,,,,,,,,,,,,,,,,,,,,,,,,,,,,,,,,,,,,,,,,,,,,,,,,,,,
920,427,865,14.10,73.50,2585,75.0,28.500,6.163,15.92,15.914,37.97,0.98,0.61,-0.76,0.51,0.968,1.02,-1.33,1.171,0.00,0.90,6.723,19.5,11.246,0.496,0.000,900,6.50,4.5,0.92,-2.39,27.8,1,1,0,1,1,1,0,0,0,0,1,0,0,0,0,0,0,0,0,0,1,1,1,1,1,0,0,1,0,0,0,0,1,1,5156.2,0C,1,1,0,1,1,0,1,0,0,231.44,615.19,,,,,,,,,,,,,,,,,,,,,,,,,,,,,,,,,,,,,,,,,,,,,,,,,,,,,,,,,
921,428,248,14.10,73.50,2599,75.0,28.500,6.170,16.04,15.914,37.99,0.98,0.23,-0.76,0.36,0.975,1.02,-1.33,1.172,0.00,0.90,6.723,19.5,11.597,0.496,0.000,900,6.50,4.5,0.92,-2.38,27.8,1,1,0,1,1,1,0,0,0,0,1,0,0,0,0,0,0,0,0,0,1,1,1,1,1,0,0,1,0,0,0,0,1,1,5156.2,0C,1,1,0,1,1,0,1,0,0,234.31,621.50,,,,,,,,,,,,,,,,,,,,,,,,,,,,,,,,,,,,,,,,,,,,,,,,,,,,,,,,,
922,428,626,14.10,73.50,2618,75.0,28.500,6.189,16.24,16.234,38.16,0.99,0.22,-0.76,0.82,0.986,1.02,-1.33,1.173,0.00,0.90,6.723,18.8,12.284,0.496,0.000,900,6.48,4.5,0.91,-2.38,27.8,1,1,0,1,1,1,0,0,0,0,1,0,0,0,0,0,0,0,0,0,1,1,1,1,1,0,0,1,0,0,0,0,1,1,5156.2,0C,1,1,0,1,1,0,1,0,0,236.31,627.50,,,,,,,,,,,,,,,,,,,,,,,,,,,,,,,,,,,,,,,,,,,,,,,,,,,,,,,,,
923,429,17,14.10,73.50,2638,76.3,27.750,6.368,16.53,15.991,38.95,1.00,0.51,-0.76,0.86,1.001,1.02,-1.33,1.175,0.00,0.90,7.043,18.8,12.978,0.496,0.000,900,6.47,4.5,0.91,-2.37,27.8,1,1,0,1,1,1,0,0,0,0,1,0,0,0,0,0,0,0,0,0,1,1,1,1,1,0,0,1,0,0,0,0,1,1,5156.2,0C,1,1,0,1,1,0,1,0,0,238.75,632.44,,,,,,,,,,,,,,,,,,,,,,,,,,,,,,,,,,,,,,,,,,,,,,,,,,,,,,,,,
924,429,408,14.10,73.50,2655,76.3,28.500,6.330,16.41,15.671,38.46,1.00,0.44,-0.76,0.43,1.014,1.02,-1.33,1.176,0.00,0.90,7.043,18.8,13.321,0.496,0.000,900,6.45,4.5,0.91,-2.37,27.8,1,1,0,1,1,1,0,0,0,0,1,0,0,0,0,0,0,0,0,0,1,1,1,1,1,0,0,1,0,0,0,0,1,1,5156.2,0C,1,1,0,1,1,0,1,0,0,235.13,624.63,,,,,,,,,,,,,,,,,,,,,,,,,,,,,,,,,,,,,,,,,,,,,,,,,,,,,,,,,
925,429,805,14.10,73.50,2667,76.3,28.500,6.080,16.11,15.100,37.59,1.00,0.78,-0.76,0.66,1.000,1.02,-1.33,1.175,0.00,0.90,6.723,18.8,14.015,0.496,0.000,900,6.45,4.5,0.91,-2.37,27.8,1,1,0,1,1,1,0,0,0,0,1,0,0,0,0,0,0,0,0,0,1,1,1,1,1,0,0,1,0,0,0,0,1,1,5156.2,0C,1,1,0,1,1,0,1,0,0,227.69,608.00,,,,,,,,,,,,,,,,,,,,,,,,,,,,,,,,,,,,,,,,,,,,,,,,,,,,,,,,,
926,430,215,14.10,73.50,2680,77.5,32.250,4.403,13.06,9.499,29.46,1.00,0.83,-0.76,0.89,0.999,1.02,-1.33,1.168,0.00,0.90,6.723,18.8,14.015,0.496,0.000,900,6.44,4.5,0.91,-2.36,27.8,1,1,0,1,1,1,0,0,0,0,1,0,0,0,0,0,0,0,0,0,1,1,1,1,1,0,0,1,0,0,0,0,1,1,5156.2,0C,1,1,0,1,1,0,1,0,0,178.63,502.88,,,,,,,,,,,,,,,,,,,,,,,,,,,,,,,,,,,,,,,,,,,,,,,,,,,,,,,,,
927,430,595,14.10,73.50,2677,77.5,35.250,2.918,9.42,0.000,18.59,1.00,0.18,-0.76,0.27,1.044,1.02,-1.33,1.163,0.00,0.90,6.723,18.0,14.702,0.496,0.000,900,6.44,4.5,0.91,-4.41,27.8,1,1,0,1,1,1,0,0,0,0,1,0,0,0,0,0,0,0,1,0,1,1,1,1,1,0,0,0,0,1,0,0,1,1,5156.2,0C,1,1,0,1,1,0,1,0,0,109.56,342.38,,,,,,,,,,,,,,,,,,,,,,,,,,,,,,,,,,,,,,,,,,,,,,,,,,,,,,,,,
928,431,7,14.10,73.50,2664,76.3,37.500,2.413,7.76,0.000,14.23,1.00,0.20,-0.76,0.29,1.079,1.02,-1.33,1.162,0.00,0.90,2.879,18.0,15.396,0.496,0.000,900,6.45,4.5,0.91,-4.41,27.8,1,1,0,1,1,1,0,0,0,0,1,0,0,0,0,0,0,0,1,0,1,1,1,1,1,0,0,0,0,1,0,0,1,1,5156.2,0C,1,1,0,1,1,0,1,0,0,84.69,284.56,,,,,,,,,,,,,,,,,,,,,,,,,,,,,,,,,,,,,,,,,,,,,,,,,,,,,,,,,
929,431,401,14.10,73.50,2659,76.3,36.750,3.270,11.25,13.475,17.91,1.00,0.22,-0.76,0.30,1.111,1.02,-1.33,1.164,0.00,0.90,2.879,18.0,16.091,0.496,0.000,900,6.44,4.5,0.91,-2.36,27.8,1,1,0,1,1,1,0,0,0,0,1,0,0,0,0,0,0,0,0,0,1,1,1,1,1,0,0,0,0,1,0,0,1,1,5156.2,0C,1,1,0,1,1,0,1,0,0,116.31,356.81,,,,,,,,,,,,,,,,,,,,,,,,,,,,,,,,,,,,,,,,,,,,,,,,,,,,,,,,,
930,431,873,14.10,73.50,2667,76.3,27.000,7.622,18.04,17.046,41.81,1.00,0.94,-0.76,1.03,1.067,1.02,-1.33,1.175,0.00,0.90,8.325,18.0,17.815,0.496,0.000,900,6.44,4.5,0.91,-2.36,27.8,1,1,0,1,1,1,0,0,0,0,1,0,0,0,0,0,0,0,0,0,1,1,1,1,1,0,0,1,0,0,0,0,1,1,5156.2,0C,1,1,0,1,1,0,1,0,0,259.31,674.81,,,,,,,,,,,,,,,,,,,,,,,,,,,,,,,,,,,,,,,,,,,,,,,,,,,,,,,,,
931,432,258,14.10,73.50,2687,77.5,27.750,6.509,17.09,16.725,39.98,1.00,0.87,-0.76,1.04,0.999,1.02,-1.33,1.180,0.00,0.90,8.325,18.0,18.158,0.496,0.000,900,6.43,4.5,0.91,-2.36,27.8,1,1,0,1,1,1,0,0,0,0,1,0,0,0,0,0,0,0,0,0,1,1,1,1,1,0,0,1,0,0,0,0,1,1,5156.2,0C,1,1,0,1,1,0,1,0,0,244.81,644.63,,,,,,,,,,,,,,,,,,,,,,,,,,,,,,,,,,,,,,,,,,,,,,,,,,,,,,,,,
932,432,665,14.10,73.50,2700,77.5,27.750,6.502,17.14,16.725,39.54,1.00,0.23,-0.76,0.52,1.014,1.02,-1.33,1.180,0.00,0.90,8.325,18.0,18.509,0.496,0.000,900,6.42,4.5,0.90,-2.36,27.8,1,1,0,1,1,1,0,0,0,0,1,0,0,0,0,0,0,0,0,0,1,1,1,1,1,0,0,1,0,0,0,0,1,1,5156.2,0C,1,1,0,1,1,0,1,0,0,241.88,637.94,,,,,,,,,,,,,,,,,,,,,,,,,,,,,,,,,,,,,,,,,,,,,,,,,,,,,,,,,
933,433,75,14.10,73.50,2716,78.8,28.500,6.304,16.41,15.749,38.32,1.00,0.74,-0.76,0.55,1.028,1.02,-1.33,1.177,0.00,0.90,7.043,18.0,18.853,0.496,0.000,900,6.42,4.5,0.90,-2.36,27.8,1,1,0,1,1,1,0,0,0,0,1,0,0,0,0,0,0,0,0,0,1,1,1,1,1,0,0,1,0,0,0,0,1,1,5156.2,0C,1,1,0,1,1,0,1,0,0,230.69,612.88,,,,,,,,,,,,,,,,,,,,,,,,,,,,,,,,,,,,,,,,,,,,,,,,,,,,,,,,,
934,433,475,14.10,73.50,2733,78.8,33.000,3.814,11.18,5.843,24.68,1.00,0.19,-0.76,0.30,1.060,1.02,-1.33,1.168,0.00,0.90,7.043,18.0,18.853,0.496,0.000,900,6.42,4.5,0.90,-2.36,27.8,1,1,0,1,1,1,0,0,0,0,1,0,0,0,0,0,0,0,0,0,1,1,1,1,1,0,0,0,0,0,0,0,1,1,5156.2,0C,1,1,0,1,1,0,1,0,0,153.69,446.31,,,,,,,,,,,,,,,,,,,,,,,,,,,,,,,,,,,,,,,,,,,,,,,,,,,,,,,,,
935,433,866,14.10,73.50,2728,78.8,36.000,2.803,8.98,0.000,16.80,1.00,0.19,-0.76,0.28,1.100,1.02,-1.33,1.166,0.00,0.90,3.522,18.0,19.890,0.496,0.000,900,6.42,4.5,0.90,-4.43,27.8,1,1,0,1,1,1,0,0,0,0,1,0,0,0,0,0,0,0,1,0,1,1,1,1,1,0,0,0,0,1,0,0,1,1,5156.2,0C,1,1,0,1,1,0,1,0,0,101.38,324.13,,,,,,,,,,,,,,,,,,,,,,,,,,,,,,,,,,,,,,,,,,,,,,,,,,,,,,,,,
936,434,247,14.10,73.50,2719,78.8,37.500,2.355,7.59,0.000,13.36,1.00,0.22,-0.76,0.30,1.126,1.02,-1.33,1.166,0.00,0.90,3.522,18.0,20.577,0.496,0.000,900,6.42,4.5,0.90,-4.43,27.8,1,1,0,1,1,1,0,0,0,0,1,0,0,0,0,0,0,0,1,0,1,1,1,1,1,0,0,0,0,1,0,0,1,1,5156.2,0C,1,1,0,1,1,0,1,0,0,77.25,268.38,,,,,,,,,,,,,,,,,,,,,,,,,,,,,,,,,,,,,,,,,,,,,,,,,,,,,,,,,
937,434,632,14.10,73.50,2733,77.5,36.750,3.219,459.38,16.913,369.47,0.90,0.44,-0.56,0.30,0.248,0.00,9.22,0.438,0.01,0.00,22.558,141.0,39.559,0.047,93.000,2000,94.41,313.0,-78.91,6.08,-30.8,0,1,1,1,0,1,0,1,0,1,0,1,0,1,0,1,0,1,1,1,1,1,1,1,1,1,1,1,1,1,1,1,1,1,1,,,,,,,,,,,,,,,,,,,,,,,,,,,,,,,,,,,,,,,,,,,,,,,,,,,,,,,,,,,,,,,,,,,,,
938,435,25,14.10,73.50,2723,77.5,30.000,6.464,15.87,14.289,35.11,1.00,0.94,-0.76,1.04,1.105,1.02,-1.33,1.173,0.00,0.90,5.121,18.0,22.652,0.496,0.000,900,6.42,4.5,0.90,-2.36,27.8,1,1,0,1,1,1,0,0,0,0,1,0,0,0,0,0,0,0,0,0,1,1,1,1,1,0,0,1,0,0,0,0,1,1,5156.2,0C,1,1,0,1,1,0,1,0,0,218.75,586.88,,,,,,,,,,,,,,,,,,,,,,,,,,,,,,,,,,,,,,,,,,,,,,,,,,,,,,,,,
939,435,415,14.10,73.50,2733,78.8,28.500,6.349,16.41,15.265,37.36,1.00,0.91,-0.76,1.05,1.052,1.02,-1.33,1.175,0.00,0.90,5.121,18.0,23.690,0.496,0.000,900,6.42,4.5,0.90,-2.36,27.8,1,1,0,1,1,1,0,0,0,0,1,0,0,0,0,0,0,0,0,0,1,1,1,1,1,0,0,1,0,0,0,0,1,1,5156.2,0C,1,1,0,1,1,0,1,0,0,226.56,603.19,,,,,,,,,,,,,,,,,,,,,,,,,,,,,,,,,,,,,,,,,,,,,,,,,,,,,,,,,
940,435,795,14.10,73.50,2743,78.8,28.500,5.894,16.28,15.015,36.82,1.00,0.23,-0.76,0.91,1.003,1.02,-1.33,1.174,0.00,0.90,7.396,18.0,24.033,0.496,0.000,900,6.42,4.5,0.90,-2.36,27.8,1,1,0,1,1,1,0,0,0,0,1,0,0,0,0,0,0,0,0,0,1,1,1,1,1,0,0,1,0,0,0,0,1,1,5156.2,0C,1,1,0,1,1,0,1,0,0,224.94,599.31,,,,,,,,,,,,,,,,,,,,,,,,,,,,,,,,,,,,,,,,,,,,,,,,,,,,,,,,,
941,436,195,14.10,73.50,2758,80.0,29.250,5.702,15.92,14.211,35.53,1.00,0.80,-0.76,0.91,1.014,1.02,-1.33,1.172,0.00,0.90,7.396,18.0,24.384,0.496,0.000,900,6.42,4.5,0.90,-2.36,27.8,1,1,0,1,1,1,0,0,0,0,1,0,0,0,0,0,0,0,0,0,1,1,1,1,1,0,0,1,0,0,0,0,1,1,5156.2,0C,1,1,0,1,1,0,1,0,0,216.00,579.25,,,,,,,,,,,,,,,,,,,,,,,,,,,,,,,,,,,,,,,,,,,,,,,,,,,,,,,,,
942,436,595,14.10,73.50,2773,80.0,30.000,5.536,15.45,13.803,33.84,1.00,0.76,-0.76,0.49,1.044,1.02,-1.33,1.170,0.00,0.90,7.396,18.0,25.071,0.496,0.000,900,6.42,4.5,0.90,-2.36,27.8,1,1,0,1,1,1,0,0,0,0,1,0,0,0,0,0,0,0,0,0,1,1,1,1,1,0,0,1,0,0,0,0,1,1,5156.2,0C,1,1,0,1,1,0,1,0,0,205.69,557.19,,,,,,,,,,,,,,,,,,,,,,,,,,,,,,,,,,,,,,,,,,,,,,,,,,,,,,,,,
943,436,996,14.10,73.50,2780,80.0,30.750,3.398,10.40,0.000,22.97,1.00,0.20,-0.76,0.76,1.041,1.02,-1.33,1.168,0.00,0.90,6.691,18.0,25.422,0.496,0.000,900,6.42,4.5,0.90,-4.46,27.8,1,1,0,1,1,1,0,0,0,0,1,0,0,0,0,0,0,0,1,0,1,1,1,1,1,0,0,0,0,1,0,0,1,1,5156.2,0C,1,1,0,1,1,0,1,0,0,134.06,398.13,,,,,,,,,,,,,,,,,,,,,,,,,,,,,,,,,,,,,,,,,,,,,,,,,,,,,,,,,
944,437,414,14.10,73.50,2768,80.0,36.750,2.618,8.69,0.000,15.82,1.00,0.18,-0.76,0.27,1.096,1.02,-1.33,1.166,0.00,0.90,6.691,18.0,26.459,0.496,0.000,900,6.42,4.5,0.90,-4.46,27.8,1,1,0,1,1,1,0,0,0,0,1,0,0,0,0,0,0,0,1,0,1,1,1,1,1,0,0,0,0,1,0,0,1,1,5156.2,0C,1,1,0,1,1,0,1,0,0,95.94,311.25,,,,,,,,,,,,,,,,,,,,,,,,,,,,,,,,,,,,,,,,,,,,,,,,,,,,,,,,,
945,437,805,14.10,73.50,2759,80.0,39.000,2.093,6.74,0.000,11.77,1.00,0.18,-0.76,0.27,1.129,1.02,-1.33,1.166,0.00,0.90,2.464,18.0,28.183,0.496,0.000,900,6.42,4.5,0.90,-4.45,27.8,1,1,0,1,1,1,0,0,0,0,1,0,0,0,0,0,0,0,1,0,1,1,1,1,1,0,0,0,0,1,0,0,1,1,5156.2,0C,1,1,0,1,1,0,1,0,0,67.06,243.69,,,,,,,,,,,,,,,,,,,,,,,,,,,,,,,,,,,,,,,,,,,,,,,,,,,,,,,,,
946,438,188,14.10,73.50,2735,78.8,-3.750,1.830,6.13,0.000,9.70,1.00,0.16,-0.76,0.25,1.160,1.02,-1.33,1.166,0.00,0.90,2.464,18.0,30.602,0.496,0.000,900,6.42,4.5,0.90,-4.43,27.8,1,1,0,1,1,1,0,0,0,0,1,0,0,0,0,0,0,0,1,0,1,1,1,1,0,0,0,0,0,1,0,0,1,1,5156.2,0C,1,1,0,1,1,0,1,0,0,59.50,224.50,,,,,,,,,,,,,,,,,,,,,,,,,,,,,,,,,,,,,,,,,,,,,,,,,,,,,,,,,
947,438,578,14.10,-47.25,640,0.0,0.750,314.573,1303.13,9.882,272.98,1.45,0.08,-1.49,0.32,0.007,0.06,12.53,0.000,0.01,0.75,0.194,-42.0,21.875,0.703,30.000,2500,69.84,1766.7,0.91,-42.60,114.8,0,1,0,0,0,1,0,1,1,1,1,1,0,1,1,0,0,1,0,0,0,0,0,0,0,0,0,0,1,0,0,0,0,0,941.0,F2,0,1,0,1,0,1,1,1,1,1,1,,,,,,,,,,,,,,,,,,,,,,,,,,,,,,,,,,,,,,,,,,,,,,,,,,,,,,,,,
948,438,954,14.10,73.50,2679,77.5,-12.000,0.000,6.49,0.000,10.99,1.00,0.12,-0.76,0.22,1.000,1.02,-1.33,1.163,0.00,0.90,0.000,18.0,0.000,0.496,0.000,900,6.44,4.5,0.91,-4.41,27.8,1,1,0,1,1,1,0,0,0,0,1,0,0,0,0,0,0,0,1,0,0,1,0,1,0,0,1,0,0,1,0,0,1,1,5156.2,0C,1,1,0,1,1,0,1,0,0,67.75,241.75,,,,,,,,,,,,,,,,,,,,,,,,,,,,,,,,,,,,,,,,,,,,,,,,,,,,,,,,,
949,439,336,14.10,73.50,2659,76.3,-12.000,0.000,6.37,0.000,11.25,1.00,0.12,-0.76,0.22,1.000,1.02,-1.33,1.161,0.00,0.90,0.000,18.8,0.000,0.496,0.000,900,6.45,4.5,0.91,-4.41,27.8,1,1,0,1,1,1,0,0,0,0,1,0,0,0,0,0,0,0,1,0,0,1,0,1,0,0,1,0,0,1,0,0,1,1,5156.2,0C,1,1,0,1,1,0,1,0,0,69.56,242.50,,,,,,,,,,,,,,,,,,,,,,,,,,,,,,,,,,,,,,,,,,,,,,,,,,,,,,,,,
950,439,748,14.10,73.50,2629,76.3,-12.000,0.000,6.25,0.000,11.23,1.00,0.12,-0.76,0.22,1.000,1.02,-1.33,1.158,0.00,0.90,0.000,18.8,0.000,0.496,0.000,900,6.47,4.5,0.91,-4.40,27.8,1,1,0,1,1,1,0,0,0,0,1,0,0,0,0,0,0,0,1,0,0,1,0,1,0,0,1,0,0,1,0,0,1,1,5156.2,0C,1,1,0,1,1,0,1,0,0,70.00,239.69,,,,,,,,,,,,,,,,,,,,,,,,,,,,,,,,,,,,,,,,,,,,,,,,,,,,,,,,,
951,440,137,14.10,73.50,2599,75.0,-12.750,0.000,6.13,0.000,11.44,1.00,0.12,-0.76,0.22,1.000,1.02,-1.33,1.155,0.00,0.90,0.000,18.8,0.000,0.496,0.000,900,6.49,4.5,0.91,-4.40,27.8,1,1,0,1,1,1,0,0,0,0,1,0,0,0,0,0,0,0,1,0,0,1,0,1,0,0,1,0,0,1,0,0,1,1,5156.2,0C,1,1,0,1,1,0,1,0,0,70.31,237.81,,,,,,,,,,,,,,,,,,,,,,,,,,,,,,,,,,,,,,,,,,,,,,,,,,,,,,,,,
952,440,537,14.10,73.50,2570,73.8,-12.750,0.000,6.01,0.000,11.60,1.00,0.12,-0.76,0.22,1.000,1.02,-1.33,1.152,0.00,0.90,0.000,18.8,0.000,0.496,0.000,900,6.51,4.5,0.92,-4.39,27.8,1,1,0,1,1,1,0,0,0,0,1,0,0,0,0,0,0,0,1,0,0,1,0,1,0,0,1,0,0,1,0,0,1,1,5156.2,0C,1,1,0,1,1,0,1,0,0,71.69,237.00,,,,,,,,,,,,,,,,,,,,,,,,,,,,,,,,,,,,,,,,,,,,,,,,,,,,,,,,,
953,440,946,14.10,73.50,2541,73.8,-14.250,0.000,5.93,0.000,11.81,1.00,0.11,-0.76,0.22,1.000,1.02,-1.33,1.150,0.00,0.90,0.000,18.8,0.000,0.496,0.000,900,6.52,4.5,0.92,-4.39,27.8,1,1,0,1,1,1,0,0,0,0,1,0,0,0,0,0,0,0,1,0,0,1,0,1,0,0,1,0,0,1,0,0,1,1,5156.2,0C,1,1,0,1,1,0,1,0,0,72.63,236.63,,,,,,,,,,,,,,,,,,,,,,,,,,,,,,,,,,,,,,,,,,,,,,,,,,,,,,,,,
954,441,358,14.10,73.50,2510,72.5,-14.250,0.000,5.88,0.000,12.40,1.00,0.12,-0.76,0.22,1.000,1.02,-1.33,1.147,0.00,0.90,0.000,18.8,0.000,0.496,0.000,900,6.55,4.5,0.92,-4.38,27.8,1,1,0,1,1,1,0,0,0,0,1,0,0,0,0,0,0,0,1,0,0,1,0,1,0,0,1,0,0,1,0,0,1,1,5156.2,0C,1,1,0,1,1,0,1,0,0,75.19,239.50,,,,,,,,,,,,,,,,,,,,,,,,,,,,,,,,,,,,,,,,,,,,,,,,,,,,,,,,,
955,441,777,14.10,73.50,2482,71.3,-14.250,0.000,5.88,0.000,12.47,1.00,0.12,-0.76,0.22,1.000,1.02,-1.33,1.143,0.00,0.90,0.000,18.8,0.000,0.496,0.000,900,6.56,4.5,0.92,-4.38,27.8,1,1,0,1,1,1,0,0,0,0,1,0,0,0,0,0,0,0,1,0,0,1,0,1,0,0,1,0,0,1,0,0,1,1,5156.2,0C,1,1,0,1,1,0,1,0,0,76.56,240.63,,,,,,,,,,,,,,,,,,,,,,,,,,,,,,,,,,,,,,,,,,,,,,,,,,,,,,,,,
956,442,169,14.10,73.50,2451,70.0,-14.250,0.000,5.71,0.000,12.77,1.00,0.11,-0.76,0.22,1.000,1.02,-1.33,1.141,0.00,0.90,0.000,19.5,0.000,0.496,0.000,900,6.58,4.5,0.93,-4.37,27.8,1,1,0,1,1,1,0,0,0,0,1,0,0,0,0,0,0,0,1,0,0,1,0,1,0,0,1,0,0,1,0,0,1,1,5156.2,0C,1,1,0,1,1,0,1,0,0,78.25,241.44,,,,,,,,,,,,,,,,,,,,,,,,,,,,,,,,,,,,,,,,,,,,,,,,,,,,,,,,,
957,442,555,14.10,73.50,2427,70.0,4.500,2.170,5.22,8.499,11.53,0.97,0.15,-0.76,0.23,1.006,1.02,-1.33,1.139,0.00,0.90,0.000,19.5,8.995,0.496,0.000,900,6.60,4.5,0.93,-2.42,27.8,1,1,0,1,1,1,0,0,0,0,1,0,0,0,0,0,0,0,0,0,1,1,1,1,0,0,0,0,0,1,0,0,1,1,5156.2,0C,1,1,0,1,1,0,1,0,0,70.25,222.06,,,,,,,,,,,,,,,,,,,,,,,,,,,,,,,,,,,,,,,,,,,,,,,,,,,,,,,,,
958,442,945,14.10,73.50,2429,70.0,17.250,3.962,11.30,12.303,22.22,0.97,0.95,-0.76,1.03,0.977,1.02,-1.33,1.148,0.00,0.90,2.348,19.5,9.178,0.496,0.000,900,6.59,4.5,0.96,-43.38,114.8,0,1,0,0,0,1,0,1,1,1,1,1,0,1,1,0,0,1,0,0,0,0,0,0,0,0,1,0,0,1,0,0,0,0,5636.3,15,0,1,0,1,0,1,1,1,1,1,1,,,,,,,,,,,,,,,,,,,,,,,,,,,,,,,,,,,,,,,,,,,,,,,,,,,,,,,,,
959,443,325,14.10,73.50,2417,70.0,18.000,6.016,13.38,12.648,36.28,0.96,0.98,-0.76,1.09,0.932,1.02,-1.33,1.161,0.00,0.90,2.348,19.5,9.865,0.496,0.000,900,6.61,4.5,0.93,-2.42,27.8,1,1,0,1,1,1,0,0,0,0,1,0,0,0,0,0,0,0,0,0,1,1,1,1,1,0,0,1,0,0,0,0,1,1,5156.2,0C,1,1,0,1,1,0,1,0,0,220.63,551.38,,,,,,,,,,,,,,,,,,,,,,,,,,,,,,,,,,,,,,,,,,,,,,,,,,,,,,,,,
960,443,706,14.10,73.50,2425,70.0,30.750,4.902,12.08,12.413,32.44,0.96,0.96,-0.76,1.09,0.884,1.02,-1.33,1.160,0.00,0.90,2.348,19.5,10.208,0.496,0.000,900,6.60,4.5,0.93,-2.42,27.8,1,1,0,1,1,1,0,0,0,0,1,0,0,0,0,0,0,0,0,0,1,1,1,1,1,0,0,1,0,0,0,0,1,1,5156.2,0C,1,1,0,1,1,0,1,0,0,196.38,504.69,,,,,,,,,,,,,,,,,,,,,,,,,,,,,,,,,,,,,,,,,,,,,,,,,,,,,,,,,
961,444,86,14.10,73.50,2435,70.0,30.750,4.365,11.84,12.187,30.82,0.98,0.90,-0.76,1.07,0.837,1.02,-1.33,1.160,0.00,0.90,4.990,19.5,10.903,0.496,0.000,900,6.59,4.5,0.93,-2.42,27.8,1,1,0,1,1,1,0,0,0,0,1,0,0,0,0,0,0,0,0,0,1,1,1,1,1,0,0,1,0,0,0,0,1,1,5156.2,0C,1,1,0,1,1,0,1,0,0,188.00,488.81,,,,,,,,,,,,,,,,,,,,,,,,,,,,,,,,,,,,,,,,,,,,,,,,,,,,,,,,,
962,444,487,14.10,73.50,2441,70.0,30.750,4.166,11.96,12.187,30.56,0.98,0.22,-0.76,0.96,0.797,1.02,-1.33,1.160,0.00,0.90,4.990,19.5,11.597,0.496,0.000,900,6.59,4.5,0.93,-2.42,27.8,1,1,0,1,1,1,0,0,0,0,1,0,0,0,0,0,0,0,0,0,1,1,1,1,1,0,0,1,0,0,0,0,1,1,5156.2,0C,1,1,0,1,1,0,1,0,0,187.00,488.63,,,,,,,,,,,,,,,,,,,,,,,,,,,,,,,,,,,,,,,,,,,,,,,,,,,,,,,,,
963,444,877,14.10,73.50,2443,70.0,30.750,4.384,12.04,12.296,30.52,0.99,0.73,-0.76,0.42,0.866,1.02,-1.33,1.160,0.00,0.90,4.109,19.5,11.940,0.496,0.000,900,6.59,4.5,0.93,-2.42,27.8,1,1,0,1,1,1,0,0,0,0,1,0,0,0,0,0,0,0,0,0,1,1,1,1,1,0,0,1,0,0,0,0,1,1,5156.2,0C,1,1,0,1,1,0,1,0,0,186.88,488.81,,,,,,,,,,,,,,,,,,,,,,,,,,,,,,,,,,,,,,,,,,,,,,,,,,,,,,,,,
964,445,265,14.10,72.75,2451,70.0,31.500,4.326,11.96,11.890,30.38,1.00,0.22,-0.76,0.32,0.865,0.11,12.22,0.253,0.01,0.75,0.194,-42.0,42.579,0.703,36.000,2520,-17.66,1766.7,1.16,-48.07,114.8,0,1,0,0,0,1,0,1,1,1,1,1,0,1,1,0,0,1,0,0,0,0,0,0,0,0,1,1,0,1,0,0,0,0,6746.3,67,0,1,0,1,0,1,1,1,1,1,1,,,,,,,,,,,,,,,,,,,,,,,,,,,,,,,,,,,,,,,,,,,,,,,,,,,,,,,,,
965,445,676,14.10,72.75,2458,71.3,31.500,4.186,11.96,11.476,29.51,1.00,0.21,-0.76,0.56,0.874,1.02,-1.33,1.161,0.00,0.90,4.109,18.8,12.978,0.496,0.000,900,6.57,4.5,0.92,-2.41,27.8,1,1,0,1,1,1,0,0,0,0,1,0,0,0,0,0,0,0,0,0,1,1,1,1,1,0,0,1,0,0,0,0,1,1,5156.2,0C,1,1,0,1,1,0,1,0,0,181.31,478.81,,,,,,,,,,,,,,,,,,,,,,,,,,,,,,,,,,,,,,,,,,,,,,,,,,,,,,,,,
966,446,76,14.10,72.75,2464,71.3,31.500,4.045,11.47,10.507,28.97,1.00,0.81,-0.76,0.87,0.859,1.02,-1.33,1.161,0.00,0.90,4.109,18.8,13.664,0.496,0.000,900,6.57,4.5,0.92,-2.41,27.8,1,1,0,1,1,1,0,0,0,0,1,0,0,0,0,0,0,0,0,0,1,1,1,1,1,0,0,0,0,0,0,0,1,1,5156.2,0C,1,1,0,1,1,0,1,0,0,177.25,470.25,,,,,,,,,,,,,,,,,,,,,,,,,,,,,,,,,,,,,,,,,,,,,,,,,,,,,,,,,
967,446,465,14.10,72.75,2465,71.3,32.250,3.917,11.25,10.257,27.96,1.00,0.75,-0.76,0.82,0.864,1.02,-1.33,1.160,0.00,0.90,4.109,18.8,14.015,0.496,0.000,900,6.57,4.5,0.92,-2.41,27.8,1,1,0,1,1,1,0,0,0,0,1,0,0,0,0,0,0,0,0,0,1,1,1,1,1,0,0,0,0,0,0,0,1,1,5156.2,0C,1,1,0,1,1,0,1,0,0,170.63,456.56,,,,,,,,,,,,,,,,,,,,,,,,,,,,,,,,,,,,,,,,,,,,,,,,,,,,,,,,,
968,446,859,14.10,72.75,2467,71.3,32.250,4.064,11.35,10.375,27.59,1.00,0.41,-0.76,0.36,0.919,1.02,-1.33,1.160,0.00,0.90,4.109,18.8,14.702,0.496,0.000,900,6.57,4.5,0.92,-2.41,27.8,1,1,0,1,1,1,0,0,0,0,1,0,0,0,0,0,0,0,0,0,1,1,1,1,1,0,0,0,0,0,0,0,1,1,5156.2,0C,1,1,0,1,1,0,1,0,0,168.94,453.56,,,,,,,,,,,,,,,,,,,,,,,,,,,,,,,,,,,,,,,,,,,,,,,,,,,,,,,,,
969,447,256,14.10,72.75,2471,71.3,32.250,3.936,11.11,9.436,26.98,1.00,0.22,-0.76,0.49,0.915,1.02,-1.33,1.160,0.00,0.90,4.109,18.8,15.053,0.496,0.000,900,6.56,4.5,0.92,-2.41,27.8,1,1,0,1,1,1,0,0,0,0,1,0,0,0,0,0,0,0,0,0,1,1,1,1,1,0,0,0,0,0,0,0,1,1,5156.2,0C,1,1,0,1,1,0,1,0,0,164.25,443.44,,,,,,,,,,,,,,,,,,,,,,,,,,,,,,,,,,,,,,,,,,,,,,,,,,,,,,,,,
970,447,648,14.10,72.75,2469,71.3,32.250,3.853,11.06,9.734,26.53,1.00,0.24,-0.76,0.55,0.914,1.02,-1.33,1.160,0.00,0.90,4.109,18.8,15.740,0.496,0.000,900,6.56,4.5,0.92,-2.41,27.8,1,1,0,1,1,1,0,0,0,0,1,0,0,0,0,0,0,0,0,0,1,1,1,1,1,0,0,0,0,0,0,0,1,1,5156.2,0C,1,1,0,1,1,0,1,0,0,163.81,442.50,,,,,,,,,,,,,,,,,,,,,,,,,,,,,,,,,,,,,,,,,,,,,,,,,,,,,,,,,
971,448,37,14.10,72.75,2470,71.3,32.250,3.962,11.06,9.694,27.19,1.00,0.32,-0.76,0.85,0.910,1.02,-1.33,1.161,0.00,0.90,3.814,18.8,16.091,0.496,0.000,900,6.56,4.5,0.92,-2.41,27.8,1,1,0,1,1,1,0,0,0,0,1,0,0,0,0,0,0,0,0,0,1,1,1,1,1,0,0,0,0,0,0,0,1,1,5156.2,0C,1,1,0,1,1,0,1,0,0,164.69,444.25,,,,,,,,,,,,,,,,,,,,,,,,,,,,,,,,,,,,,,,,,,,,,,,,,,,,,,,,,
972,448,418,14.10,72.75,2470,71.3,32.250,3.789,10.99,9.383,26.79,1.00,0.57,-0.76,0.87,0.877,1.02,-1.33,1.160,0.00,0.90,3.814,18.8,16.777,0.496,0.000,900,6.56,4.5,0.92,-2.41,27.8,1,1,0,1,1,1,0,0,0,0,1,0,0,0,0,0,0,0,0,0,1,1,1,1,1,0,0,0,0,0,0,0,1,1,5156.2,0C,1,1,0,1,1,0,1,0,0,162.44,440.06,,,,,,,,,,,,,,,,,,,,,,,,,,,,,,,,,,,,,,,,,,,,,,,,,,,,,,,,,
973,448,806,14.10,72.75,2471,71.3,32.250,3.821,11.06,9.421,26.81,1.00,0.65,-0.76,0.82,0.887,1.02,-1.33,1.160,0.00,0.90,3.814,18.8,17.472,0.496,0.000,900,6.56,4.5,0.92,-2.41,27.8,1,1,0,1,1,1,0,0,0,0,1,0,0,0,0,0,0,0,0,0,1,1,1,1,1,0,0,0,0,0,0,0,1,1,5156.2,0C,1,1,0,1,1,0,1,0,0,163.94,442.38,,,,,,,,,,,,,,,,,,,,,,,,,,,,,,,,,,,,,,,,,,,,,,,,,,,,,,,,,
974,449,213,14.10,72.75,2471,71.3,24.000,3.814,10.89,0.000,26.34,1.00,0.22,-0.76,0.69,0.912,1.02,-1.33,1.160,0.00,0.90,3.814,18.8,17.815,0.496,0.000,900,6.56,4.5,0.92,-4.37,27.8,1,1,0,1,1,1,0,0,0,0,1,0,0,0,0,0,0,0,1,0,1,1,1,1,1,0,0,0,0,1,0,0,1,1,5156.2,0C,1,1,0,1,1,0,1,0,0,160.94,436.00,,,,,,,,,,,,,,,,,,,,,,,,,,,,,,,,,,,,,,,,,,,,,,,,,,,,,,,,,
975,449,595,14.10,72.75,2463,71.3,34.500,2.790,8.33,9.578,20.04,1.00,0.22,-0.76,0.40,0.919,1.02,-1.33,1.142,0.00,0.90,3.814,18.8,18.853,0.496,0.000,900,6.56,4.5,0.92,-2.41,27.8,1,1,0,1,1,1,0,0,0,0,1,0,0,0,0,0,0,0,0,0,1,1,1,1,1,0,0,0,0,1,0,0,1,1,5156.2,0C,1,1,0,1,1,0,1,0,0,123.13,347.63,,,,,,,,,,,,,,,,,,,,,,,,,,,,,,,,,,,,,,,,,,,,,,,,,,,,,,,,,
976,449,975,14.10,72.75,2472,71.3,25.500,7.450,20.56,26.304,45.07,1.00,0.90,-0.76,0.92,0.911,1.02,-1.33,1.158,0.00,0.90,3.227,18.8,19.890,0.496,0.000,900,6.56,4.5,0.92,-2.40,27.8,1,1,0,1,1,1,0,0,0,0,1,0,0,0,0,0,0,0,0,0,1,1,1,1,1,0,0,1,0,0,0,0,1,1,5156.2,0C,1,1,0,1,1,0,1,0,0,281.31,706.63,,,,,,,,,,,,,,,,,,,,,,,,,,,,,,,,,,,,,,,,,,,,,,,,,,,,,,,,,
977,450,361,14.10,72.75,2510,72.5,14.250,11.040,57.91,43.687,82.31,1.00,0.89,-0.76,1.02,0.851,1.02,-1.33,1.120,0.00,0.90,3.227,18.8,97.658,0.496,0.000,900,6.53,4.5,0.92,-2.40,27.8,1,1,0,1,1,1,0,0,0,0,1,0,0,0,0,0,0,0,0,0,1,1,1,1,0,0,0,1,0,0,0,0,1,1,5156.2,0C,1,1,0,1,1,0,1,0,0,499.44,997.63,,,,,,,,,,,,,,,,,,,,,,,,,,,,,,,,,,,,,,,,,,,,,,,,,,,,,,,,,
978,450,755,14.10,72.75,2541,72.5,15.750,10.131,54.93,43.929,80.23,1.00,0.74,-0.76,0.96,0.806,1.02,-1.33,1.120,0.00,0.90,3.227,18.8,97.658,0.496,0.000,900,6.52,4.5,0.92,-2.39,27.8,1,1,0,1,1,1,0,0,0,0,1,0,0,0,0,0,0,0,0,0,1,1,1,1,0,0,0,1,0,0,0,0,1,1,5156.2,0C,1,1,0,1,1,0,1,0,0,491.75,1001.50,,,,,,,,,,,,,,,,,,,,,,,,,,,,,,,,,,,,,,,,,,,,,,,,,,,,,,,,,
979,451,137,14.10,72.75,2592,73.8,16.500,10.349,49.39,44.172,77.63,1.00,0.20,-0.76,0.29,0.891,1.02,-1.33,1.120,0.00,0.90,12.485,18.8,97.658,0.496,0.000,900,6.49,4.5,0.91,-2.38,27.8,1,1,0,1,1,1,0,0,0,0,1,0,0,0,0,0,0,0,0,0,1,1,1,1,0,0,0,1,0,0,0,0,1,1,5156.2,0C,1,1,0,1,1,0,1,0,0,472.88,997.19,,,,,,,,,,,,,,,,,,,,,,,,,,,,,,,,,,,,,,,,,,,,,,,,,,,,,,,,,
980,451,528,14.10,72.75,2629,76.3,17.250,10.637,45.02,44.335,75.80,1.00,0.37,-0.76,0.36,0.953,1.02,-1.33,1.120,0.00,0.90,12.485,18.8,97.658,0.496,0.000,900,6.47,4.5,0.91,-2.37,27.8,1,1,0,1,1,1,0,0,0,0,1,0,0,0,0,0,0,0,0,0,1,1,1,1,0,0,0,1,0,0,0,0,1,1,5156.2,0C,1,1,0,1,1,0,1,0,0,461.25,986.50,,,,,,,,,,,,,,,,,,,,,,,,,,,,,,,,,,,,,,,,,,,,,,,,,,,,,,,,,
981,452,12,14.10,72.75,2674,77.5,18.000,10.547,41.19,44.335,74.30,1.00,0.34,-0.76,0.45,0.973,1.02,-1.33,1.120,0.00,0.90,12.485,18.0,97.658,0.496,0.000,900,6.44,4.5,0.91,-2.36,27.8,1,1,0,1,1,1,0,0,0,0,1,0,0,0,0,0,0,0,0,0,1,1,1,1,0,0,0,1,0,0,0,0,1,1,5156.2,0C,1,1,0,1,1,0,1,0,0,453.69,978.56,,,,,,,,,,,,,,,,,,,,,,,,,,,,,,,,,,,,,,,,,,,,,,,,,,,,,,,,,
982,452,435,14.10,72.75,2738,78.8,18.000,10.349,39.97,44.335,73.97,1.00,0.28,-0.76,0.89,0.982,1.02,-1.33,1.119,0.00,0.90,12.485,18.0,97.658,0.496,0.000,900,6.42,4.5,0.90,-2.36,27.8,1,1,0,1,1,1,0,0,0,0,1,0,0,0,0,0,0,0,0,0,1,1,1,1,0,0,0,1,0,0,0,0,1,1,5156.2,0C,1,1,0,1,1,0,1,0,0,452.06,971.06,,,,,,,,,,,,,,,,,,,,,,,,,,,,,,,,,,,,,,,,,,,,,,,,,,,,,,,,,
983,452,827,14.10,72.75,2790,80.0,18.750,10.944,39.97,44.984,74.16,1.00,0.44,-0.76,0.88,1.014,1.02,-1.33,1.117,0.00,0.90,14.442,18.0,97.658,0.496,0.000,900,6.42,4.5,0.90,-2.35,27.8,1,1,0,1,1,1,0,0,0,0,1,0,0,0,0,0,0,0,0,0,1,1,1,1,0,0,0,1,0,0,0,0,1,1,5156.2,0C,1,1,0,1,1,0,1,0,0,453.75,973.69,,,,,,,,,,,,,,,,,,,,,,,,,,,,,,,,,,,,,,,,,,,,,,,,,,,,,,,,,
984,453,234,14.10,72.75,2833,81.3,18.750,10.797,40.01,44.984,74.32,1.00,0.78,-0.76,0.95,0.991,1.02,-1.33,1.115,0.00,0.90,14.442,18.0,97.658,0.496,0.000,900,6.41,4.5,0.96,-48.07,114.8,0,1,0,0,0,1,0,1,1,1,1,1,0,1,1,0,0,1,0,0,0,0,0,0,0,0,0,0,1,1,1,0,0,0,5386.0,89,0,1,0,1,0,1,1,1,1,1,1,,,,,,,,,,,,,,,,,,,,,,,,,,,,,,,,,,,,,,,,,,,,,,,,,,,,,,,,,
985,453,625,14.10,72.75,2886,82.5,18.750,10.726,40.14,44.984,74.91,1.00,0.74,-0.76,0.97,0.968,1.02,-1.33,1.114,0.00,0.90,14.442,18.0,97.658,0.496,0.000,900,6.41,4.5,0.90,-2.35,27.8,1,1,0,1,1,1,0,0,0,0,1,0,0,0,0,0,0,0,0,0,1,1,1,1,0,0,0,1,0,0,0,0,1,1,5156.2,0C,1,1,0,1,1,0,1,0,0,458.56,966.69,,,,,,,,,,,,,,,,,,,,,,,,,,,,,,,,,,,,,,,,,,,,,,,,,,,,,,,,,
986,454,6,14.10,72.75,2935,85.0,18.750,10.938,40.09,44.656,75.30,1.00,0.66,-0.76,0.97,0.981,1.02,-1.33,1.112,0.00,0.90,14.442,17.3,97.658,0.496,0.000,900,6.41,4.5,0.90,-2.35,27.8,1,1,0,1,1,1,0,0,0,0,1,0,0,0,0,0,0,0,0,0,1,1,1,1,0,0,0,1,0,0,0,0,1,1,5156.2,0C,1,1,0,1,1,0,1,0,0,461.19,967.94,,,,,,,,,,,,,,,,,,,,,,,,,,,,,,,,,,,,,,,,,,,,,,,,,,,,,,,,,
987,454,397,14.10,72.75,2982,86.3,18.750,10.816,39.72,44.335,75.49,1.00,0.81,-0.76,1.00,0.961,1.02,-1.33,1.110,0.00,0.90,14.442,17.3,97.658,0.496,0.000,900,6.41,4.5,0.90,-2.35,27.8,1,1,0,1,1,1,0,0,0,0,1,0,0,0,0,0,0,0,0,0,1,1,1,1,0,0,0,1,0,0,0,0,1,1,5156.2,0C,1,1,0,1,1,0,1,0,0,462.31,964.00,,,,,,,,,,,,,,,,,,,,,,,,,,,,,,,,,,,,,,,,,,,,,,,,,,,,,,,,,
988,454,812,14.10,-43.50,5527,158.8,9.000,235.968,946.88,20.429,1202.91,1.45,0.08,-1.41,1.18,0.007,0.00,9.22,0.398,0.01,0.00,33.441,42.0,84.785,0.916,0.000,280,-25.60,836.2,-199.48,-199.48,-199.48,-199.48,-199.48,-199.48,-199.48,-199.48,-199.48,-199.48,-199.48,-199.48,-199.48,-199.48,-199.48,-199.48,-199.48,-199.48,-199.48,-199.48,-199.48,-199.48,-199.48,-199.48,-199.48,-199.48,-199.48,-199.48,-199.48,-199.48,-199.48,-199.48,-199.48,-199.48,-199.48,-199.48,-199.48,-199.48,,,,,,,,,,,,,,,,,,,,,,,,,,,,,,,,,,,,,,,,,,,,,,,,,,,,,,,,,,,,,,,,,,,,,
989,455,215,14.10,72.75,3057,88.8,18.750,4.378,13.13,0.000,39.26,1.00,0.93,-0.76,1.06,0.943,1.02,-1.33,1.160,0.00,0.90,15.654,17.3,97.658,0.496,0.000,900,6.40,4.5,0.90,-4.61,27.8,1,1,0,1,1,1,0,0,0,0,1,0,0,0,0,0,0,0,1,0,1,1,1,1,0,0,0,1,0,1,0,0,1,1,5156.2,0C,1,1,0,1,1,0,1,0,0,177.50,546.50,,,,,,,,,,,,,,,,,,,,,,,,,,,,,,,,,,,,,,,,,,,,,,,,,,,,,,,,,
990,455,607,14.10,72.75,3058,87.5,36.000,2.458,10.28,0.000,19.52,1.00,0.15,-0.76,0.28,0.974,1.02,-1.33,1.165,0.00,0.90,15.654,17.3,59.289,0.496,0.000,900,6.40,4.5,0.90,-4.62,27.8,1,1,0,1,1,1,0,0,0,0,1,0,0,0,0,0,0,0,1,0,1,1,1,1,1,0,0,0,0,1,0,0,1,1,5156.2,0C,1,1,0,1,1,0,1,0,0,117.56,347.88,,,,,,,,,,,,,,,,,,,,,,,,,,,,,,,,,,,,,,,,,,,,,,,,,,,,,,,,,
991,455,998,14.10,72.75,3059,87.5,35.250,3.366,13.87,16.803,22.88,1.00,0.16,-0.76,0.27,1.017,1.02,-1.33,1.181,0.00,0.90,3.130,17.3,75.883,0.496,0.000,900,6.40,4.5,0.90,-2.35,27.8,1,1,0,1,1,1,0,0,0,0,1,0,0,0,0,0,0,0,0,0,1,1,1,1,1,0,0,0,0,0,0,0,1,1,5156.2,0C,1,1,0,1,1,0,1,0,0,147.88,414.75,,,,,,,,,,,,,,,,,,,,,,,,,,,,,,,,,,,,,,,,,,,,,,,,,,,,,,,,,
992,456,398,14.10,72.75,3045,87.5,25.500,7.565,20.85,19.164,47.13,1.00,0.20,-0.76,0.29,1.076,1.02,-1.33,1.145,0.00,0.90,3.130,17.3,97.658,0.496,0.000,900,6.40,4.5,0.90,-2.35,27.8,1,1,0,1,1,1,0,0,0,0,1,0,0,0,0,0,0,0,0,0,1,1,1,1,1,0,0,1,0,0,0,0,1,1,5156.2,0C,1,1,0,1,1,0,1,0,0,289.88,717.44,,,,,,,,,,,,,,,,,,,,,,,,,,,,,,,,,,,,,,,,,,,,,,,,,,,,,,,,,
993,456,788,14.10,72.75,3059,88.8,27.000,6.374,18.04,17.617,42.68,1.00,0.23,-0.76,0.86,1.066,1.02,-1.33,1.154,0.00,0.90,9.785,17.3,97.658,0.496,0.000,900,6.40,4.5,0.90,-2.35,27.8,1,1,0,1,1,1,0,0,0,0,1,0,0,0,0,0,0,0,0,0,1,1,1,1,1,0,0,1,0,0,0,0,1,1,5156.2,0C,1,1,0,1,1,0,1,0,0,260.13,657.50,,,,,,,,,,,,,,,,,,,,,,,,,,,,,,,,,,,,,,,,,,,,,,,,,,,,,,,,,
994,457,177,14.10,72.75,3081,88.8,27.750,5.082,12.21,3.484,35.70,1.00,0.82,-0.76,0.85,1.083,1.02,-1.33,1.162,0.00,0.90,9.785,17.3,93.164,0.496,0.000,900,6.40,4.5,0.90,-2.35,27.8,1,1,0,1,1,1,0,0,0,0,1,0,0,0,0,0,0,0,0,0,1,1,1,1,1,0,0,1,0,0,0,0,1,1,5156.2,0C,1,1,0,1,1,0,1,0,0,216.63,563.75,,,,,,,,,,,,,,,,,,,,,,,,,,,,,,,,,,,,,,,,,,,,,,,,,,,,,,,,,
995,457,567,14.10,72.75,3076,88.8,32.250,2.912,9.67,2.835,19.20,1.00,0.22,-0.76,0.30,1.110,1.02,-1.33,1.165,0.00,0.90,9.785,17.3,55.833,0.496,0.000,900,6.40,4.5,0.90,-2.35,27.8,1,1,0,1,1,1,0,0,0,0,1,0,0,0,0,0,0,0,0,0,1,1,1,1,1,0,0,0,0,1,0,0,1,1,5156.2,0C,1,1,0,1,1,0,1,0,0,116.50,346.13,,,,,,,,,,,,,,,,,,,,,,,,,,,,,,,,,,,,,,,,,,,,,,,,,,,,,,,,,
996,457,968,14.10,72.75,3092,87.5,33.000,4.800,16.04,17.539,27.96,1.00,0.19,-0.76,0.30,1.126,1.02,-1.33,1.181,0.00,0.90,3.522,17.3,88.319,0.496,0.000,900,6.40,4.5,0.90,-2.35,27.8,1,1,0,1,1,1,0,0,0,0,1,0,0,0,0,0,0,0,0,0,1,1,1,1,1,0,0,0,0,0,0,0,1,1,5156.2,0C,1,1,0,1,1,0,1,0,0,165.63,453.19,,,,,,,,,,,,,,,,,,,,,,,,,,,,,,,,,,,,,,,,,,,,,,,,,,,,,,,,,
997,458,355,14.10,72.75,3070,88.8,26.250,7.296,19.82,18.100,45.66,1.00,0.87,-0.76,0.98,1.084,1.02,-1.33,1.147,0.00,0.90,3.522,17.3,97.658,0.496,0.000,900,6.40,4.5,0.90,-2.35,27.8,1,1,0,1,1,1,0,0,0,0,1,0,0,0,0,0,0,0,0,0,1,1,1,1,1,0,0,1,0,0,0,0,1,1,5156.2,0C,1,1,0,1,1,0,1,0,0,279.56,689.94,,,,,,,,,,,,,,,,,,,,,,,,,,,,,,,,,,,,,,,,,,,,,,,,,,,,,,,,,
998,458,747,14.10,72.75,3088,88.8,27.000,6.240,18.48,17.617,42.45,1.00,0.81,-0.76,0.96,1.036,1.02,-1.33,1.152,0.00,0.90,3.522,17.3,97.658,0.496,0.000,900,6.40,4.5,0.90,-2.35,27.8,1,1,0,1,1,1,0,0,0,0,1,0,0,0,0,0,0,0,0,0,1,1,1,1,1,0,0,1,0,0,0,0,1,1,5156.2,0C,1,1,0,1,1,0,1,0,0,254.06,637.06,,,,,,,,,,,,,,,,,,,,,,,,,,,,,,,,,,,,,,,,,,,,,,,,,,,,,,,,,
999,459,167,14.10,72.75,3102,88.8,27.750,5.946,17.33,16.397,38.79,1.00,0.30,-0.76,0.36,1.097,1.02,-1.33,1.157,0.00,0.90,9.002,17.3,97.658,0.496,0.000,900,6.41,4.5,0.90,-2.35,27.8,1,1,0,1,1,1,0,0,0,0,1,0,0,0,0,0,0,0,0,0,1,1,1,1,1,0,0,1,0,0,0,0,1,1,5156.2,0C,1,1,0,1,1,0,1,0,0,237.00,598.69,,,,,,,,,,,,,,,,,,,,,,,,,,,,,,,,,,,,,,,,,,,,,,,,,,,,,,,,,
1000,459,585,14.10,72.75,3101,90.0,21.750,3.142,10.40,0.000,22.99,1.00,0.39,-0.76,0.89,1.086,1.02,-1.33,1.182,0.00,0.90,9.002,17.3,63.783,0.496,0.000,900,6.41,4.5,0.90,-4.64,27.8,1,1,0,1,1,1,0,0,0,0,1,0,0,0,0,0,0,0,1,0,1,1,1,1,1,0,0,0,0,1,0,0,1,1,5156.2,0C,1,1,0,1,1,0,1,0,0,136.50,386.50,,,,,,,,,,,,,,,,,,,,,,,,,,,,,,,,,,,,,,,,,,,,,,,,,,,,,,,,,
1001,459,966,14.10,72.75,3092,88.8,36.750,2.483,8.33,0.000,16.27,1.00,0.83,-0.76,0.92,1.067,1.02,-1.33,1.166,0.00,0.90,4.304,17.3,48.226,0.496,0.000,900,6.41,4.5,1.16,-43.38,114.8,0,1,0,0,0,1,0,1,1,1,1,1,0,1,1,0,0,1,0,0,0,0,0,0,0,0,0,1,1,0,0,0,0,0,1368.3,DD,0,1,0,1,0,1,1,1,1,1,1,,,,,,,,,,,,,,,,,,,,,,,,,,,,,,,,,,,,,,,,,,,,,,,,,,,,,,,,,
1002,460,377,14.10,72.75,3035,88.8,18.750,1.754,6.86,0.000,10.50,1.00,0.77,-0.76,0.72,1.073,1.02,-1.33,1.166,0.00,0.90,4.304,17.3,36.477,0.496,0.000,900,6.41,4.5,0.90,-4.60,27.8,1,1,0,1,1,1,0,0,0,0,1,0,0,0,0,0,0,0,1,0,1,1,1,1,1,0,0,0,0,1,0,0,1,1,5156.2,0C,1,1,0,1,1,0,1,0,0,65.63,229.94,,,,,,,,,,,,,,,,,,,,,,,,,,,,,,,,,,,,,,,,,,,,,,,,,,,,,,,,,
1003,460,790,14.10,72.75,3042,87.5,-12.000,0.000,7.10,0.000,11.25,1.00,0.14,-0.76,0.27,1.000,1.02,-1.33,1.166,0.00,0.90,2.348,17.3,0.000,0.496,0.000,900,6.41,4.5,0.90,-4.61,27.8,1,1,0,1,1,1,0,0,0,0,1,0,0,0,0,0,0,0,1,0,0,1,0,1,0,0,1,0,0,1,0,0,1,1,5156.2,0C,1,1,0,1,1,0,1,0,0,69.75,241.25,,,,,,,,,,,,,,,,,,,,,,,,,,,,,,,,,,,,,,,,,,,,,,,,,,,,,,,,,
1004,461,182,14.10,72.75,3007,86.3,-12.000,0.000,7.06,0.000,11.09,1.00,0.12,-0.76,0.23,1.000,1.02,-1.33,1.166,0.00,0.90,2.348,17.3,0.000,0.496,30.000,2500,26.87,1766.7,0.91,-42.60,114.8,0,1,0,0,0,1,0,1,1,1,1,1,0,1,1,0,0,1,0,0,0,0,0,0,0,0,0,0,1,0,0,0,0,0,2221.2,23,0,1,0,1,0,1,1,1,1,1,1,,,,,,,,,,,,,,,,,,,,,,,,,,,,,,,,,,,,,,,,,,,,,,,,,,,,,,,,,
1005,461,578,14.10,72.75,2980,86.3,0.750,2.227,6.98,10.961,10.57,0.97,0.13,-0.76,0.23,1.000,1.02,-1.33,1.166,0.00,0.90,2.348,17.3,8.995,0.496,0.000,900,6.41,4.5,0.90,-2.35,27.8,1,1,0,1,1,1,0,0,0,0,1,0,0,0,0,0,0,0,0,0,1,1,1,1,0,0,0,0,0,1,0,0,1,1,5156.2,0C,1,1,0,1,1,0,1,0,0,63.50,233.13,,,,,,,,,,,,,,,,,,,,,,,,,,,,,,,,,,,,,,,,,,,,,,,,,,,,,,,,,
1006,461,970,14.10,72.75,2960,85.0,9.000,5.338,16.85,14.452,27.63,0.97,0.25,-0.76,0.44,1.000,1.02,-1.33,1.177,0.00,0.90,2.464,18.0,9.178,0.496,0.000,900,6.41,4.5,0.90,-2.35,27.8,1,1,0,1,1,1,0,0,0,0,1,0,0,0,0,0,0,0,0,0,1,1,1,1,0,0,0,0,0,0,0,0,1,1,5156.2,0C,1,1,0,1,1,0,1,0,0,162.06,459.69,,,,,,,,,,,,,,,,,,,,,,,,,,,,,,,,,,,,,,,,,,,,,,,,,,,,,,,,,
1007,462,359,14.10,72.75,2979,85.0,28.500,6.278,17.38,15.421,37.92,0.96,0.87,-0.76,0.99,0.941,1.02,-1.33,1.164,0.00,0.90,2.464,18.0,9.865,0.496,0.000,900,6.41,4.5,0.90,-2.35,27.8,1,1,0,1,1,1,0,0,0,0,1,0,0,0,0,0,0,0,0,0,1,1,1,1,1,0,0,1,0,0,0,0,1,1,5156.2,0C,1,1,0,1,1,0,1,0,0,231.06,606.88,,,,,,,,,,,,,,,,,,,,,,,,,,,,,,,,,,,,,,,,,,,,,,,,,,,,,,,,,
1008,462,760,14.10,72.75,2988,86.3,28.500,5.920,17.14,15.343,36.80,0.96,0.22,-0.76,0.59,0.939,1.02,-1.33,1.164,0.00,0.90,2.464,18.0,10.208,0.496,0.000,900,6.41,4.5,0.90,-2.35,27.8,1,1,0,1,1,1,0,0,0,0,1,0,0,0,0,0,0,0,0,0,1,1,1,1,1,0,0,1,0,0,0,0,1,1,5156.2,0C,1,1,0,1,1,0,1,0,0,223.19,590.31,,,,,,,,,,,,,,,,,,,,,,,,,,,,,,,,,,,,,,,,,,,,,,,,,,,,,,,,,
1009,463,155,14.10,72.75,2985,86.3,20.250,3.258,10.89,0.000,22.69,1.00,0.18,-0.76,0.32,0.973,1.02,-1.33,1.176,0.00,0.90,7.043,18.0,10.903,0.496,0.000,900,6.41,4.5,0.90,-4.57,27.8,1,1,0,1,1,1,0,0,0,0,1,0,0,0,0,0,0,0,1,0,1,1,1,1,1,0,0,0,0,1,0,0,1,1,5156.2,0C,1,1,0,1,1,0,1,0,0,143.31,417.25,,,,,,,,,,,,,,,,,,,,,,,,,,,,,,,,,,,,,,,,,,,,,,,,,,,,,,,,,
1010,463,570,14.10,72.75,2976,86.3,36.000,2.816,9.67,0.000,18.05,1.00,0.18,-0.76,0.28,1.004,1.02,-1.33,1.165,0.00,0.90,7.043,18.0,11.246,0.496,0.000,900,6.41,4.5,0.90,-4.57,27.8,1,1,0,1,1,1,0,0,0,0,1,0,0,0,0,0,0,0,1,0,1,1,1,1,1,0,0,0,0,1,0,0,1,1,5156.2,0C,1,1,0,1,1,0,1,0,0,99.81,316.94,,,,,,,,,,,,,,,,,,,,,,,,,,,,,,,,,,,,,,,,,,,,,,,,,,,,,,,,,
1011,463,996,14.10,72.75,2940,85.0,39.000,1.811,6.93,0.000,10.27,1.00,0.18,-0.76,0.28,1.051,1.02,-1.33,1.166,0.00,0.90,2.464,18.0,11.940,0.496,0.000,900,6.41,4.5,0.90,-4.55,27.8,1,1,0,1,1,1,0,0,0,0,1,0,0,0,0,0,0,0,1,0,1,1,1,1,1,0,0,0,0,1,0,0,1,1,5156.2,0C,1,1,0,1,1,0,1,0,0,62.13,229.44,,,,,,,,,,,,,,,,,,,,,,,,,,,,,,,,,,,,,,,,,,,,,,,,,,,,,,,,,
1012,464,378,14.10,72.75,2914,83.8,-11.250,1.869,6.86,0.000,10.43,1.00,0.17,-0.76,0.26,1.000,1.02,-1.33,1.166,0.00,0.90,2.464,18.0,0.000,0.496,0.000,900,6.41,4.5,0.90,-4.53,27.8,1,1,0,1,1,1,0,0,0,0,1,0,0,0,0,0,0,0,1,0,0,1,0,1,0,0,1,0,0,1,0,0,1,1,5156.2,0C,1,1,0,1,1,0,1,0,0,63.13,231.94,,,,,,,,,,,,,,,,,,,,,,,,,,,,,,,,,,,,,,,,,,,,,,,,,,,,,,,,,
1013,464,793,14.10,-47.25,1600,0.0,0.750,324.403,1421.88,9.491,272.98,1.45,0.08,-1.49,0.32,0.007,0.00,0.04,0.000,0.01,0.75,0.194,-42.0,21.094,0.703,30.000,2500,44.06,1766.7,0.91,-42.60,114.8,0,1,0,0,0,1,0,1,1,1,1,1,0,1,1,0,0,1,0,0,0,0,0,0,0,0,0,0,1,0,0,0,0,0,1026.3,EC,0,1,0,1,0,1,1,1,1,1,1,,,,,,,,,,,,,,,,,,,,,,,,,,,,,,,,,,,,,,,,,,,,,,,,,,,,,,,,,
1014,465,178,14.10,72.75,2867,82.5,-11.250,0.000,6.79,0.000,10.57,1.00,0.12,-0.76,0.22,1.000,1.02,-1.33,1.166,0.00,0.90,0.000,18.0,0.000,0.496,0.000,900,6.41,4.5,0.90,-4.51,27.8,1,1,0,1,1,1,0,0,0,0,1,0,0,0,0,0,0,0,1,0,0,1,0,1,0,0,1,0,0,1,0,0,1,1,5156.2,0C,1,1,0,1,1,0,1,0,0,64.81,238.06,,,,,,,,,,,,,,,,,,,,,,,,,,,,,,,,,,,,,,,,,,,,,,,,,,,,,,,,,
1015,465,559,14.10,72.75,2834,81.3,-11.250,0.000,6.74,0.000,10.48,1.00,0.12,-0.76,0.22,1.000,1.02,-1.33,1.166,0.00,0.90,0.000,18.0,0.000,0.496,0.000,900,6.42,4.5,0.90,-4.49,27.8,1,1,0,1,1,1,0,0,0,0,1,0,0,0,0,0,0,0,1,0,0,1,0,1,0,0,1,0,0,1,0,0,1,1,5156.2,0C,1,1,0,1,1,0,1,0,0,64.19,237.44,,,,,,,,,,,,,,,,,,,,,,,,,,,,,,,,,,,,,,,,,,,,,,,,,,,,,,,,,
1016,465,961,14.10,72.75,2812,81.3,-11.250,0.000,6.79,0.000,10.43,1.00,0.12,-0.76,0.22,1.000,1.02,-1.33,1.166,0.00,0.90,0.000,18.0,0.000,0.496,0.000,900,6.42,4.5,0.90,-4.47,27.8,1,1,0,1,1,1,0,0,0,0,1,0,0,0,0,0,0,0,1,0,0,1,0,1,0,0,1,0,0,1,0,0,1,1,5156.2,0C,1,1,0,1,1,0,1,0,0,64.50,238.06,,,,,,,,,,,,,,,,,,,,,,,,,,,,,,,,,,,,,,,,,,,,,,,,,,,,,,,,,
1017,466,361,14.10,73.50,2784,80.0,-11.250,0.000,6.74,0.000,10.50,1.00,0.12,-0.76,0.22,1.000,1.02,-1.33,1.166,0.00,0.90,0.000,18.0,0.000,0.496,0.000,900,6.42,4.5,0.90,-4.46,27.8,1,1,0,1,1,1,0,0,0,0,1,0,0,0,0,0,0,0,1,0,0,1,0,1,0,0,1,0,0,1,0,0,1,1,5156.2,0C,1,1,0,1,1,0,1,0,0,65.25,239.63,,,,,,,,,,,,,,,,,,,,,,,,,,,,,,,,,,,,,,,,,,,,,,,,,,,,,,,,,
1018,466,746,14.10,73.50,2754,80.0,-11.250,0.000,6.69,0.000,10.64,1.00,0.12,-0.76,0.22,1.000,1.02,-1.33,1.166,0.00,0.90,0.000,18.0,0.000,0.496,0.000,900,6.42,4.5,0.90,-4.45,27.8,1,1,0,1,1,1,0,0,0,0,1,0,0,0,0,0,0,0,1,0,0,1,0,1,0,0,1,0,0,1,0,0,1,1,5156.2,0C,1,1,0,1,1,0,1,0,0,65.63,240.31,,,,,,,,,,,,,,,,,,,,,,,,,,,,,,,,,,,,,,,,,,,,,,,,,,,,,,,,,
1019,467,137,14.10,73.50,2723,78.8,-11.250,0.000,6.69,0.000,10.73,1.00,0.12,-0.76,0.22,1.000,1.02,-1.33,1.166,0.00,0.90,0.000,18.8,0.000,0.496,0.000,900,6.42,4.5,0.91,-4.43,27.8,1,1,0,1,1,1,0,0,0,0,1,0,0,0,0,0,0,0,1,0,0,1,0,1,0,0,1,0,0,1,0,0,1,1,5156.2,0C,1,1,0,1,1,0,1,0,0,66.13,241.50,,,,,,,,,,,,,,,,,,,,,,,,,,,,,,,,,,,,,,,,,,,,,,,,,,,,,,,,,
1020,467,545,14.10,73.50,2691,77.5,-12.750,0.000,6.98,0.000,11.74,1.00,0.12,-0.76,0.22,1.000,1.02,-1.33,1.165,0.00,0.90,0.000,18.8,0.000,0.496,0.000,900,6.43,4.5,0.91,-4.42,27.8,1,1,0,1,1,1,0,0,0,0,1,0,0,0,0,0,0,0,1,0,0,1,0,1,0,0,1,0,0,1,0,0,1,1,5156.2,0C,1,1,0,1,1,0,1,0,0,72.13,253.94,,,,,,,,,,,,,,,,,,,,,,,,,,,,,,,,,,,,,,,,,,,,,,,,,,,,,,,,,
1021,467,969,14.10,73.50,2659,76.3,-14.250,0.000,6.93,0.000,12.09,1.00,0.11,-0.76,0.22,1.000,1.02,-1.33,1.162,0.00,0.90,0.000,18.8,0.000,0.496,0.000,900,6.45,4.5,0.91,-4.41,27.8,1,1,0,1,1,1,0,0,0,0,1,0,0,0,0,0,0,0,1,0,0,1,0,1,0,0,1,0,0,1,0,1,1,1,5156.2,0C,1,1,0,1,1,0,1,0,0,74.44,255.56,,,,,,,,,,,,,,,,,,,,,,,,,,,,,,,,,,,,,,,,,,,,,,,,,,,,,,,,,
1022,468,370,14.10,72.75,2617,75.0,-15.000,0.000,6.79,0.000,12.47,1.00,0.12,-0.76,0.22,1.000,1.02,-1.33,1.157,0.00,0.90,0.000,18.8,0.000,0.496,0.000,900,6.48,4.5,0.91,-4.40,27.8,1,1,0,1,1,1,0,0,0,0,1,1,0,0,0,0,0,0,1,0,0,1,0,1,0,0,1,0,0,1,0,1,1,1,5156.2,0C,1,1,0,1,1,0,1,0,0,76.81,255.38,,,,,,,,,,,,,,,,,,,,,,,,,,,,,,,,,,,,,,,,,,,,,,,,,,,,,,,,,
1023,470,776,14.10,72.75,2338,67.5,-14.250,0.000,5.15,0.000,12.84,1.00,0.12,-0.76,0.22,1.000,1.02,-1.33,1.129,0.00,0.90,0.000,19.5,0.000,0.496,0.000,900,6.65,4.5,0.94,-4.35,27.8,1,1,0,1,1,1,0,0,0,0,1,1,0,0,0,0,0,0,1,0,0,1,0,1,0,0,1,0,0,1,0,1,1,1,5156.2,0C,1,1,0,1,1,0,1,0,0,79.19,234.88,,,,,,,,,,,,,,,,,,,,,,,,,,,,,,,,,,,,,,,,,,,,,,,,,,,,,,,,,
1024,471,188,14.10,72.75,2286,66.3,-14.250,0.000,4.98,0.000,13.08,1.00,0.12,-0.76,0.23,1.000,1.02,-1.33,1.126,0.00,0.90,0.000,19.5,0.000,0.496,0.000,900,6.69,4.5,0.94,-4.34,27.8,1,1,0,1,1,1,0,0,0,0,1,1,0,0,0,0,0,0,1,0,0,1,0,1,0,0,1,0,0,1,0,1,1,1,5156.2,0C,1,1,0,1,1,0,1,0,0,80.69,236.00,,,,,,,,,,,,,,,,,,,,,,,,,,,,,,,,,,,,,,,,,,,,,,,,,,,,,,,,,
1025,471,608,14.00,72.75,2227,63.8,-14.250,0.000,4.74,0.000,13.15,1.00,0.12,-0.76,0.23,1.000,1.02,-1.33,1.123,0.00,0.90,0.000,19.5,0.000,0.496,0.000,900,6.72,4.5,0.95,-4.32,27.8,1,1,0,1,1,1,0,0,0,0,1,1,0,0,0,0,0,0,1,0,0,1,0,1,0,0,1,0,0,1,0,1,1,1,5156.2,0C,1,1,0,1,1,0,1,0,0,80.81,234.25,,,,,,,,,,,,,,,,,,,,,,,,,,,,,,,,,,,,,,,,,,,,,,,,,,,,,,,,,
1026,472,7,14.10,72.75,2119,61.3,-14.250,0.000,4.17,0.000,13.27,1.00,0.11,-0.76,0.23,1.000,1.02,-1.33,1.118,0.00,0.90,0.000,19.5,0.000,0.496,0.000,900,6.80,4.5,0.96,-4.30,27.8,1,1,0,1,1,1,0,0,0,0,1,1,0,0,0,0,0,0,1,0,0,1,0,1,0,0,1,0,0,1,0,1,1,1,5156.2,0C,1,1,0,1,1,0,1,0,0,80.63,231.38,,,,,,,,,,,,,,,,,,,,,,,,,,,,,,,,,,,,,,,,,,,,,,,,,,,,,,,,,
1027,472,419,14.00,72.75,1995,57.5,-14.250,0.000,4.00,0.000,12.49,1.00,0.11,-0.76,0.23,1.000,1.02,-1.33,1.117,0.00,0.90,0.000,19.5,0.000,0.496,0.000,900,6.88,4.5,0.97,-4.01,27.8,1,1,0,1,1,1,0,0,0,0,1,1,0,0,0,0,0,0,1,0,0,1,0,1,0,0,1,0,0,1,0,1,1,1,5156.2,0C,1,1,0,1,1,0,1,0,0,74.56,229.94,,,,,,,,,,,,,,,,,,,,,,,,,,,,,,,,,,,,,,,,,,,,,,,,,,,,,,,,,
1028,472,826,14.10,72.75,1876,53.8,-12.750,0.000,3.81,0.000,10.73,1.00,0.12,-0.76,0.23,1.000,1.02,-1.33,1.116,0.00,0.90,0.000,19.5,0.000,0.496,0.000,900,6.96,4.5,0.98,-3.70,27.8,1,1,0,1,1,1,0,0,0,0,1,1,0,0,0,0,0,0,1,0,0,1,0,1,0,0,1,0,0,1,0,1,1,1,5156.2,0C,1,1,0,1,1,0,1,0,0,64.31,232.50,,,,,,,,,,,,,,,,,,,,,,,,,,,,,,,,,,,,,,,,,,,,,,,,,,,,,,,,,
1029,473,217,14.00,72.75,1741,50.0,-12.750,0.000,3.88,0.000,10.99,1.00,0.12,-0.76,0.23,1.000,1.02,-1.33,1.115,0.00,0.90,0.000,19.5,0.000,0.496,0.000,900,7.05,4.5,0.99,-3.32,27.8,1,1,0,1,1,1,0,0,0,0,1,1,0,0,0,0,0,0,1,0,0,1,0,1,0,0,1,0,0,1,0,1,1,1,5156.2,0C,1,1,0,1,1,0,1,0,0,70.38,252.94,,,,,,,,,,,,,,,,,,,,,,,,,,,,,,,,,,,,,,,,,,,,,,,,,,,,,,,,,
1030,473,615,14.00,72.75,1602,46.3,-14.250,0.000,3.88,0.000,13.34,1.00,0.12,-0.76,0.23,1.000,1.02,-1.33,1.105,0.00,0.90,0.000,19.5,0.000,0.496,0.000,900,7.14,4.5,1.01,-2.90,27.8,1,1,0,1,1,1,0,0,0,0,1,1,1,0,0,0,0,0,1,0,0,1,0,1,0,0,1,0,0,1,0,1,1,1,5156.2,0C,1,1,0,1,1,0,1,0,0,84.19,281.38,,,,,,,,,,,,,,,,,,,,,,,,,,,,,,,,,,,,,,,,,,,,,,,,,,,,,,,,,
1031,474,17,13.30,72.75,1233,41.3,18.000,3.130,3.81,0.000,14.51,0.97,0.12,-0.76,0.23,1.000,1.02,-1.33,1.056,0.00,0.90,0.000,19.5,8.995,0.496,0.000,900,7.14,4.5,1.17,-0.35,27.8,1,1,0,1,1,1,0,0,0,0,1,1,1,0,0,0,0,0,1,0,1,1,0,1,0,0,0,0,0,1,0,1,1,1,5156.2,0C,1,1,0,1,1,0,1,0,0,97.94,359.75,,,,,,,,,,,,,,,,,,,,,,,,,,,,,,,,,,,,,,,,,,,,,,,,,,,,,,,,,
1032,474,450,13.20,72.75,1120,37.5,2.250,3.258,4.13,0.000,19.57,0.97,0.15,-0.76,0.25,1.002,1.02,-1.33,1.050,0.00,0.90,0.000,19.5,9.018,0.496,0.000,900,7.14,4.5,1.48,-0.54,27.8,1,1,0,1,1,1,0,0,0,0,1,1,1,0,0,0,0,0,1,0,1,1,1,1,0,0,0,0,0,1,0,1,1,1,5156.2,0C,1,1,0,1,1,0,1,0,0,120.56,411.56,,,,,,,,,,,,,,,,,,,,,,,,,,,,,,,,,,,,,,,,,,,,,,,,,,,,,,,,,
1033,474,837,13.70,-48.00,10816,0.0,2.250,194.970,412.18,6.062,894.00,1.23,0.46,-0.23,0.41,0.248,0.00,9.22,0.297,0.01,0.00,101.822,105.8,39.559,0.047,93.750,2320,94.41,313.0,-78.91,6.40,-27.8,0,0,1,0,0,1,0,1,0,1,0,1,0,1,0,1,0,1,1,1,1,1,1,1,1,1,1,1,1,1,1,1,1,1,1,,,,,,,,,,,,,,,,,,,,,,,,,,,,,,,,,,,,,,,,,,,,,,,,,,,,,,,,,,,,,,,,,,,,,
1034,475,217,14.00,72.75,976,26.3,5.250,3.379,4.00,0.000,22.22,0.96,0.93,-0.76,1.06,0.957,1.02,-1.33,1.032,0.00,0.90,1.505,20.3,9.178,0.496,0.000,900,7.15,4.5,1.35,-0.06,27.8,1,1,0,1,1,1,0,0,0,0,1,1,1,0,0,0,0,0,1,0,1,1,1,1,1,0,0,0,0,0,0,1,1,1,5156.2,0C,1,1,0,1,1,0,1,0,0,137.75,451.94,,,,,,,,,,,,,,,,,,,,,,,,,,,,,,,,,,,,,,,,,,,,,,,,,,,,,,,,,
1035,475,617,14.00,72.75,948,21.3,3.000,3.328,3.76,0.000,22.76,0.98,0.93,-0.76,1.08,0.940,1.02,-1.33,1.028,0.00,0.90,1.505,20.3,9.178,0.496,0.000,900,7.15,4.5,1.33,-0.03,27.8,1,1,0,1,1,1,0,0,0,0,1,1,1,0,0,0,0,0,1,0,1,1,1,1,1,0,0,0,0,0,0,1,1,1,5156.2,0C,1,1,0,1,1,0,1,0,0,138.25,453.56,,,,,,,,,,,,,,,,,,,,,,,,,,,,,,,,,,,,,,,,,,,,,,,,,,,,,,,,,
1036,476,5,14.00,72.75,921,16.3,5.250,3.277,3.69,0.000,22.90,0.98,0.91,-0.76,1.07,0.924,1.02,-1.33,1.027,0.00,0.90,1.361,20.3,9.178,0.496,0.000,900,7.15,4.5,1.34,0.00,27.8,1,1,0,1,1,1,0,0,0,0,1,1,1,0,0,0,0,0,1,0,1,1,1,1,1,0,0,0,0,0,0,1,1,1,5156.2,0C,1,1,0,1,1,0,1,0,0,140.31,457.88,,,,,,,,,,,,,,,,,,,,,,,,,,,,,,,,,,,,,,,,,,,,,,,,,,,,,,,,,
1037,476,425,13.90,72.75,907,15.0,9.750,3.130,3.56,0.000,22.62,0.99,0.88,-0.76,1.05,0.907,1.02,-1.33,1.029,0.00,0.90,1.361,20.3,9.178,0.496,0.000,900,7.15,4.5,1.36,0.00,27.8,1,1,0,1,1,1,0,0,0,0,1,1,1,0,0,0,0,0,1,0,1,1,1,1,1,0,0,0,0,0,0,1,1,1,5156.2,0C,1,1,0,1,1,0,1,0,0,137.75,454.13,,,,,,,,,,,,,,,,,,,,,,,,,,,,,,,,,,,,,,,,,,,,,,,,,,,,,,,,,
1038,476,847,14.00,72.75,897,13.8,6.750,3.014,3.56,0.000,22.50,1.00,0.83,-0.76,1.02,0.892,1.02,-1.33,1.030,0.00,0.90,1.208,20.3,9.522,0.496,0.000,900,7.15,4.5,1.40,0.00,27.8,1,1,0,1,1,1,0,0,0,0,1,1,1,0,0,0,0,0,1,0,1,1,1,1,1,0,0,0,0,0,0,1,1,1,5156.2,0C,1,1,0,1,1,0,1,0,0,137.38,457.38,,,,,,,,,,,,,,,,,,,,,,,,,,,,,,,,,,,,,,,,,,,,,,,,,,,,,,,,,
1039,477,275,13.70,72.75,890,12.5,6.750,3.130,3.56,0.000,22.85,1.00,0.21,-0.76,0.81,0.909,1.02,-1.33,1.027,0.00,0.90,1.208,20.3,9.522,0.496,0.000,900,7.15,4.5,1.47,0.00,27.8,1,1,0,1,1,1,0,0,0,0,1,1,1,0,0,0,0,0,1,0,1,1,1,1,1,0,0,0,0,0,0,1,1,1,5156.2,0C,1,1,0,1,1,0,1,0,0,139.06,458.81,,,,,,,,,,,,,,,,,,,,,,,,,,,,,,,,,,,,,,,,,,,,,,,,,,,,,,,,,
1040,477,695,14.00,72.75,908,12.5,3.750,3.597,4.17,0.000,25.10,1.00,0.20,-0.76,0.28,0.931,1.02,-1.33,1.017,0.00,0.90,1.208,20.3,9.522,0.496,0.000,900,7.15,4.5,1.49,2.62,27.8,1,1,0,1,1,1,0,0,0,0,1,1,0,0,0,0,0,0,1,0,1,1,1,1,1,0,0,0,0,0,0,1,1,1,5156.2,0C,1,1,0,1,1,0,1,0,0,153.81,489.75,,,,,,,,,,,,,,,,,,,,,,,,,,,,,,,,,,,,,,,,,,,,,,,,,,,,,,,,,
1041,478,87,14.00,72.75,920,12.5,2.250,3.533,4.13,0.000,25.45,1.00,0.84,-0.76,0.88,0.911,1.02,-1.33,1.018,0.00,0.90,1.428,20.3,9.522,0.496,0.000,900,7.15,4.5,1.49,2.61,27.8,1,1,0,1,1,1,0,0,0,0,1,0,0,0,0,0,0,0,1,0,1,1,1,1,1,0,0,0,0,0,0,0,1,1,5156.2,0C,1,1,0,1,1,0,1,0,0,155.25,492.63,,,,,,,,,,,,,,,,,,,,,,,,,,,,,,,,,,,,,,,,,,,,,,,,,,,,,,,,,
1042,478,498,14.10,72.75,921,11.3,3.000,3.424,4.13,0.000,25.31,1.00,0.84,-0.76,0.96,0.892,1.02,-1.33,1.018,0.00,0.90,1.428,20.3,9.865,0.496,0.000,900,7.15,4.5,1.49,2.62,27.8,1,1,0,1,1,1,0,0,0,0,1,0,0,0,0,0,0,0,1,0,1,1,1,1,1,0,0,0,0,0,0,0,1,1,5156.2,0C,1,1,0,1,1,0,1,0,0,155.06,492.88,,,,,,,,,,,,,,,,,,,,,,,,,,,,,,,,,,,,,,,,,,,,,,,,,,,,,,,,,
1043,478,900,14.10,72.75,914,10.0,4.500,3.379,4.13,0.000,25.43,1.00,0.24,-0.76,0.80,0.877,1.02,-1.33,1.018,0.00,0.90,1.318,20.3,9.865,0.496,0.000,900,7.15,4.5,1.49,2.62,27.8,1,1,0,1,1,1,0,0,0,0,1,0,0,0,0,0,0,0,1,0,1,1,1,1,1,0,0,0,0,0,0,0,1,1,5156.2,0C,1,1,0,1,1,0,1,0,0,155.19,495.25,,,,,,,,,,,,,,,,,,,,,,,,,,,,,,,,,,,,,,,,,,,,,,,,,,,,,,,,,
1044,479,315,14.10,72.75,915,8.8,1.500,3.494,4.05,0.000,25.43,1.00,0.22,-0.76,0.29,0.919,1.02,-1.33,1.018,0.00,0.90,1.318,20.3,9.865,0.496,0.000,900,7.15,4.5,1.49,2.62,27.8,1,1,0,1,1,1,0,0,0,0,1,0,0,0,0,0,0,0,1,0,1,1,1,1,1,0,0,0,0,0,0,0,1,1,5156.2,0C,1,1,0,1,1,0,1,0,0,155.44,494.69,,,,,,,,,,,,,,,,,,,,,,,,,,,,,,,,,,,,,,,,,,,,,,,,,,,,,,,,,
1045,481,756,14.00,72.75,891,0.0,5.250,3.034,3.27,0.000,23.02,1.00,0.81,-0.76,0.90,0.898,1.02,-1.33,1.026,0.00,0.90,1.064,20.3,10.559,0.496,0.000,800,7.15,4.5,1.54,-0.11,27.8,1,1,0,1,1,1,0,0,0,0,1,1,0,0,0,0,0,0,1,0,1,1,1,1,1,0,0,0,0,0,0,1,1,1,5156.2,0C,1,1,0,1,1,0,1,0,0,140.19,465.75,,,,,,,,,,,,,,,,,,,,,,,,,,,,,,,,,,,,,,,,,,,,,,,,,,,,,,,,,
1046,482,137,14.00,72.75,855,0.0,15.000,2.842,3.20,0.000,22.29,1.00,0.22,-0.76,0.71,0.891,1.02,-1.33,1.032,0.00,0.90,1.064,20.3,10.559,0.496,0.000,800,7.15,4.5,1.66,-0.04,27.8,1,1,0,1,1,1,0,0,0,0,1,1,0,0,0,0,0,0,1,0,1,1,1,1,1,0,0,0,0,0,0,1,1,1,5156.2,0C,1,1,0,1,1,0,1,0,0,134.94,462.31,,,,,,,,,,,,,,,,,,,,,,,,,,,,,,,,,,,,,,,,,,,,,,,,,,,,,,,,,
1047,482,514,14.00,72.75,841,0.0,12.000,2.816,3.20,0.000,21.47,1.00,0.18,-0.76,0.24,0.929,1.02,-1.33,1.038,0.00,0.90,1.064,20.3,10.903,0.496,0.000,800,7.15,4.5,1.71,-0.02,27.8,1,1,0,1,1,1,0,0,0,0,1,1,0,0,0,0,0,0,1,0,1,1,1,1,1,0,0,0,0,0,0,1,1,1,5156.2,0C,1,1,0,1,1,0,1,0,0,133.06,459.63,,,,,,,,,,,,,,,,,,,,,,,,,,,,,,,,,,,,,,,,,,,,,,,,,,,,,,,,,
1048,482,916,14.00,72.75,824,0.0,13.500,2.880,3.27,0.000,21.40,1.00,0.18,-0.76,0.23,0.942,1.02,-1.33,1.039,0.00,0.90,0.978,20.3,11.246,0.496,0.000,800,7.15,4.5,1.74,0.00,27.8,1,1,0,1,1,1,0,0,0,0,1,1,0,0,0,0,0,0,1,0,1,1,1,1,1,0,0,0,0,0,0,1,1,1,5156.2,0C,1,1,0,1,1,0,1,0,0,135.50,461.50,,,,,,,,,,,,,,,,,,,,,,,,,,,,,,,,,,,,,,,,,,,,,,,,,,,,,,,,,
1049,485,338,14.00,72.75,819,0.0,8.250,3.117,3.27,0.000,22.17,1.00,0.64,-0.76,0.83,0.997,1.02,-1.33,1.033,0.00,0.90,1.204,21.0,12.284,0.496,0.000,800,7.16,4.5,1.36,0.00,27.8,1,1,0,1,1,1,0,0,0,0,1,1,0,0,0,0,0,0,1,0,1,1,1,1,1,0,0,0,0,0,0,1,1,1,5156.2,0C,1,1,0,1,1,0,1,0,0,135.06,471.38,,,,,,,,,,,,,,,,,,,,,,,,,,,,,,,,,,,,,,,,,,,,,,,,,,,,,,,,,
1050,485,717,14.00,72.75,813,0.0,5.250,3.078,3.32,0.000,22.17,1.00,0.80,-0.76,0.90,0.982,1.02,-1.33,1.033,0.00,0.90,1.204,21.0,12.284,0.496,0.000,800,7.16,4.5,1.31,0.00,27.8,1,1,0,1,1,1,0,0,0,0,1,1,0,0,0,0,0,0,1,0,1,1,1,1,1,0,0,0,0,0,0,1,1,1,5156.2,0C,1,1,0,1,1,0,1,0,0,136.50,472.38,,,,,,,,,,,,,,,,,,,,,,,,,,,,,,,,,,,,,,,,,,,,,,,,,,,,,,,,,
1051,486,107,14.00,72.75,807,0.0,6.750,3.174,3.32,0.000,22.31,1.00,0.65,-0.76,0.87,1.009,1.02,-1.33,1.031,0.00,0.90,1.075,21.0,12.634,0.496,0.000,800,7.16,4.5,1.27,0.00,27.8,1,1,0,1,1,1,0,0,0,0,1,1,0,0,0,0,0,0,1,0,1,1,1,1,1,0,0,0,0,0,0,1,1,1,5156.2,0C,1,1,0,1,1,0,1,0,0,138.56,476.56,,,,,,,,,,,,,,,,,,,,,,,,,,,,,,,,,,,,,,,,,,,,,,,,,,,,,,,,,
1052,486,515,14.00,72.75,802,0.0,2.250,3.258,3.32,0.000,22.62,1.00,0.24,-0.76,0.26,1.023,1.02,-1.33,1.029,0.00,0.90,1.075,21.0,12.634,0.496,0.000,800,7.16,4.5,1.25,0.00,27.8,1,1,0,1,1,1,0,0,0,0,1,1,0,0,0,0,0,0,1,0,1,1,1,1,1,0,0,0,0,0,0,1,1,1,5156.2,0C,1,1,0,1,1,0,1,0,0,138.31,479.63,,,,,,,,,,,,,,,,,,,,,,,,,,,,,,,,,,,,,,,,,,,,,,,,,,,,,,,,,
1053,486,895,14.00,72.75,809,0.0,-2.250,3.213,3.32,0.000,22.73,1.00,0.77,-0.76,0.85,1.005,1.02,-1.33,1.028,0.00,0.90,1.200,21.0,12.978,0.496,0.000,800,7.16,4.5,1.21,0.00,27.8,1,1,0,1,1,1,0,0,0,0,1,1,0,0,0,0,0,0,1,0,1,1,1,1,1,0,0,0,0,0,0,1,1,1,5156.2,0C,1,1,0,1,1,0,1,0,0,137.00,478.69,,,,,,,,,,,,,,,,,,,,,,,,,,,,,,,,,,,,,,,,,,,,,,,,,,,,,,,,,
1054,487,261,14.00,72.75,809,0.0,4.500,3.200,3.32,0.000,22.90,1.00,0.78,-0.76,0.87,0.991,1.02,-1.33,1.027,0.00,0.90,1.200,21.0,13.321,0.496,0.000,800,7.16,4.5,1.17,0.00,27.8,1,1,0,1,1,1,0,0,0,0,1,1,0,0,0,0,0,0,1,0,1,1,1,1,1,0,0,0,0,0,0,1,1,1,5156.2,0C,1,1,0,1,1,0,1,1,1,1,1,,,,,,,,,,,,,,,,,,,,,,,,,,,,,,,,,,,,,,,,,,,,,,,,,,,,,,,,,
1055,487,666,14.00,72.75,804,0.0,9.750,3.174,3.32,0.000,23.13,1.00,0.27,-0.76,0.76,0.979,1.02,-1.33,1.025,0.00,0.90,1.200,21.0,13.664,0.496,0.000,800,7.16,4.5,1.17,0.00,27.8,1,1,0,1,1,1,0,0,0,0,1,1,0,0,0,0,0,0,1,0,1,1,1,1,1,0,0,0,0,0,0,1,1,1,5156.2,0C,1,1,0,1,1,0,1,0,0,141.31,482.81,,,,,,,,,,,,,,,,,,,,,,,,,,,,,,,,,,,,,,,,,,,,,,,,,,,,,,,,,
1056,488,61,14.00,72.75,807,0.0,9.750,3.245,3.32,0.000,22.88,1.45,0.08,-1.31,0.63,0.007,0.03,3.52,0.280,0.01,0.75,0.172,-41.3,17.188,0.703,86.250,0,0.31,1766.7,2.73,-24.63,114.8,0,1,0,0,0,1,0,1,1,1,1,1,0,1,1,0,0,1,0,0,0,0,0,0,0,0,0,0,0,1,0,0,0,0,9861.0,30,0,1,0,1,0,1,1,1,1,1,1,,,,,,,,,,,,,,,,,,,,,,,,,,,,,,,,,,,,,,,,,,,,,,,,,,,,,,,,,
1057,488,465,14.00,72.75,807,0.0,5.250,3.187,3.32,0.000,22.80,1.00,0.31,-0.76,0.82,0.995,1.02,-1.33,1.028,0.00,0.90,1.174,21.0,14.015,0.496,0.000,800,7.17,4.5,1.09,0.00,27.8,1,1,0,1,1,1,0,0,0,0,1,1,0,0,0,0,0,0,1,0,1,1,1,1,1,0,0,0,0,0,0,1,1,1,5156.2,0C,1,1,0,1,1,0,1,0,0,140.44,482.31,,,,,,,,,,,,,,,,,,,,,,,,,,,,,,,,,,,,,,,,,,,,,,,,,,,,,,,,,
1058,488,885,14.00,72.75,802,0.0,3.750,3.168,3.32,0.000,22.90,1.00,0.78,-0.76,0.86,0.980,1.02,-1.33,1.027,0.00,0.90,1.174,21.0,14.359,0.496,0.000,800,7.17,4.5,1.07,0.00,27.8,1,1,0,1,1,1,0,0,0,0,1,1,0,0,0,0,0,0,1,0,1,1,1,1,1,0,0,0,0,0,0,1,1,1,5156.2,0C,1,1,0,1,1,0,1,0,0,140.69,483.75,,,,,,,,,,,,,,,,,,,,,,,,,,,,,,,,,,,,,,,,,,,,,,,,,,,,,,,,,
1059,489,265,14.00,73.50,800,0.0,6.000,3.232,3.32,0.000,22.90,1.00,0.22,-0.76,0.33,1.011,1.02,-1.33,1.027,0.00,0.90,1.174,21.0,14.702,0.496,0.000,800,7.17,4.5,1.07,0.00,27.8,1,1,0,1,1,1,0,0,0,0,1,1,0,0,0,0,0,0,1,0,1,1,1,1,1,0,0,0,0,0,0,1,1,1,5156.2,0C,1,1,0,1,1,0,1,0,0,141.56,485.19,,,,,,,,,,,,,,,,,,,,,,,,,,,,,,,,,,,,,,,,,,,,,,,,,,,,,,,,,
1060,489,668,14.00,73.50,806,0.0,2.250,3.296,3.32,0.000,23.06,1.00,0.22,-0.76,0.28,1.025,1.02,-1.33,1.026,0.00,0.90,1.174,21.0,15.053,0.496,0.000,800,7.17,4.5,1.03,0.00,27.8,1,1,0,1,1,1,0,0,0,0,1,1,0,0,0,0,0,0,1,0,1,1,1,1,1,0,0,0,0,0,0,1,1,1,5156.2,0C,1,1,0,1,1,0,1,0,0,141.56,483.50,,,,,,,,,,,,,,,,,,,,,,,,,,,,,,,,,,,,,,,,,,,,,,,,,,,,,,,,,
1061,490,75,14.00,73.50,804,0.0,4.500,3.181,3.32,0.000,22.90,1.00,0.82,-0.76,0.86,0.992,1.02,-1.33,1.027,0.00,0.90,1.174,21.0,15.396,0.496,0.000,800,7.17,4.5,1.02,0.00,27.8,1,1,0,1,1,1,0,0,0,0,1,1,0,0,0,0,0,0,1,0,1,1,1,1,1,0,0,0,0,0,0,1,1,1,5156.2,0C,1,1,0,1,1,0,1,0,0,140.63,483.38,,,,,,,,,,,,,,,,,,,,,,,,,,,,,,,,,,,,,,,,,,,,,,,,,,,,,,,,,
1062,490,485,14.00,73.50,799,0.0,9.000,3.187,3.32,0.000,22.71,1.00,0.34,-0.76,0.84,1.013,1.02,-1.33,1.029,0.00,0.90,1.174,21.0,15.740,0.496,0.000,800,7.17,4.5,1.01,0.00,27.8,1,1,0,1,1,1,0,0,0,0,1,1,0,0,0,0,0,0,1,0,1,1,1,1,1,0,0,0,0,0,0,1,1,1,5156.2,0C,1,1,0,1,1,0,1,0,0,140.38,484.31,,,,,,,,,,,,,,,,,,,,,,,,,,,,,,,,,,,,,,,,,,,,,,,,,,,,,,,,,
1063,490,877,14.00,73.50,797,0.0,4.500,3.302,3.27,0.000,23.02,1.00,0.22,-0.76,0.69,1.028,1.02,-1.33,1.026,0.00,0.90,1.112,21.0,16.091,0.496,0.000,800,7.17,4.5,1.02,0.00,27.8,1,1,0,1,1,1,0,0,0,0,1,1,0,0,0,0,0,0,1,0,1,1,1,1,1,0,0,0,0,0,0,1,1,1,5156.2,0C,1,1,0,1,1,0,1,0,0,141.56,485.75,,,,,,,,,,,,,,,,,,,,,,,,,,,,,,,,,,,,,,,,,,,,,,,,,,,,,,,,,
1064,491,270,14.00,73.50,805,0.0,4.500,3.181,3.32,0.000,22.88,1.00,0.81,-0.76,0.85,0.995,1.02,-1.33,1.027,0.00,0.90,1.112,21.0,16.434,0.496,0.000,800,7.17,4.5,0.98,0.00,27.8,1,1,0,1,1,1,0,0,0,0,1,1,0,0,0,0,0,0,1,0,1,1,1,1,1,0,0,0,0,0,0,1,1,1,5156.2,0C,1,1,0,1,1,0,1,0,0,139.69,481.94,,,,,,,,,,,,,,,,,,,,,,,,,,,,,,,,,,,,,,,,,,,,,,,,,,,,,,,,,
1065,491,656,14.00,73.50,792,0.0,5.250,3.168,3.27,0.000,22.97,1.00,0.75,-0.76,0.85,0.983,1.02,-1.33,1.027,0.00,0.90,1.112,21.0,16.777,0.496,0.000,800,7.17,4.5,1.01,0.00,27.8,1,1,0,1,1,1,0,0,0,0,1,1,0,0,0,0,0,0,1,0,1,1,1,1,1,0,0,0,0,0,0,1,1,1,5156.2,0C,1,1,0,1,1,0,1,0,0,140.31,488.06,,,,,,,,,,,,,,,,,,,,,,,,,,,,,,,,,,,,,,,,,,,,,,,,,,,,,,,,,
1066,492,46,14.00,73.50,799,0.0,5.250,3.283,3.27,0.000,23.30,1.00,0.22,-0.76,0.34,1.017,1.02,-1.33,1.024,0.00,0.90,1.112,21.0,17.121,0.496,0.000,800,7.17,4.5,1.01,0.00,27.8,1,1,0,1,1,1,0,0,0,0,1,1,0,0,0,0,0,0,1,0,1,1,1,1,1,0,0,0,0,0,0,1,1,1,5156.2,0C,1,1,0,1,1,0,1,0,0,138.63,487.31,,,,,,,,,,,,,,,,,,,,,,,,,,,,,,,,,,,,,,,,,,,,,,,,,,,,,,,,,
1067,492,446,14.00,73.50,798,0.0,9.750,3.270,3.20,0.000,22.71,1.00,0.41,-0.76,0.79,1.035,1.02,-1.33,1.029,0.00,0.90,1.112,21.0,17.472,0.496,0.000,800,7.17,4.5,1.01,0.00,27.8,1,1,0,1,1,1,0,0,0,0,1,1,0,0,0,0,0,0,1,0,1,1,1,1,1,0,0,0,0,0,0,1,1,1,5156.2,0C,1,1,0,1,1,0,1,0,0,139.06,482.44,,,,,,,,,,,,,,,,,,,,,,,,,,,,,,,,,,,,,,,,,,,,,,,,,,,,,,,,,
1068,492,850,14.00,73.50,804,0.0,5.250,3.162,3.20,0.000,22.59,1.00,0.81,-0.76,0.87,1.008,1.02,-1.33,1.029,0.00,0.90,0.172,-41.3,17.969,0.703,52.500,0,0.31,1766.7,2.73,-24.63,114.8,0,1,0,0,0,1,0,1,1,1,1,1,0,1,1,0,0,1,0,0,0,0,0,0,0,0,0,0,0,1,0,0,0,0,7471.5,DE,0,1,0,1,0,1,1,1,1,1,1,,,,,,,,,,,,,,,,,,,,,,,,,,,,,,,,,,,,,,,,,,,,,,,,,,,,,,,,,
1069,493,245,14.00,73.50,806,0.0,5.250,3.091,3.20,0.000,22.38,1.00,0.83,-0.76,0.88,0.993,1.02,-1.33,1.031,0.00,0.90,1.137,21.8,18.158,0.496,0.000,800,7.17,4.5,0.95,0.00,27.8,1,1,0,1,1,1,0,0,0,0,1,1,0,0,0,0,0,0,1,0,1,1,1,1,1,0,0,0,0,0,0,1,1,1,5156.2,0C,1,1,0,1,1,0,1,0,0,137.00,475.19,,,,,,,,,,,,,,,,,,,,,,,,,,,,,,,,,,,,,,,,,,,,,,,,,,,,,,,,,
1070,493,649,14.00,73.50,804,0.0,6.000,3.059,3.20,0.000,22.24,1.00,0.24,-0.76,0.84,1.009,1.02,-1.33,1.032,0.00,0.90,1.137,21.8,18.853,0.496,0.000,800,7.17,4.5,0.94,0.00,27.8,1,1,0,1,1,1,0,0,0,0,1,1,0,0,0,0,0,0,1,0,1,1,1,1,1,0,0,0,0,0,0,1,1,1,5156.2,0C,1,1,0,1,1,0,1,0,0,135.69,475.25,,,,,,,,,,,,,,,,,,,,,,,,,,,,,,,,,,,,,,,,,,,,,,,,,,,,,,,,,
1071,494,57,14.00,73.50,808,0.0,3.000,3.181,3.08,0.000,22.31,1.00,0.22,-0.76,0.22,1.027,1.02,-1.33,1.031,0.00,0.90,1.045,21.8,19.196,0.496,0.000,800,7.17,4.5,0.89,0.00,27.8,1,1,0,1,1,1,0,0,0,0,1,1,0,0,0,0,0,0,1,0,1,1,1,1,1,0,0,0,0,0,0,1,1,1,5156.2,0C,1,1,0,1,1,0,1,0,0,135.06,475.19,,,,,,,,,,,,,,,,,,,,,,,,,,,,,,,,,,,,,,,,,,,,,,,,,,,,,,,,,
1072,494,455,14.00,73.50,801,0.0,7.500,3.194,3.15,0.000,22.22,1.00,0.47,-0.76,0.73,1.038,1.02,-1.33,1.032,0.00,0.90,1.045,21.8,18.509,0.496,0.000,800,7.17,4.5,0.89,0.00,27.8,1,1,0,1,1,1,0,0,0,0,1,1,0,0,0,0,0,0,1,0,1,1,1,1,1,0,0,0,0,0,0,1,1,1,5156.2,0C,1,1,0,1,1,0,1,0,0,137.13,476.56,,,,,,,,,,,,,,,,,,,,,,,,,,,,,,,,,,,,,,,,,,,,,,,,,,,,,,,,,
1073,494,875,14.00,-48.00,8256,0.0,2.250,288.358,821.88,62.226,1034.98,1.45,0.07,-1.32,0.32,0.007,0.02,-1.19,0.356,0.01,0.75,0.172,-41.3,18.360,0.703,21.750,0,0.31,1766.7,2.73,-24.63,114.8,0,1,0,0,0,1,0,1,1,1,1,1,0,1,1,0,0,1,0,0,0,0,0,0,0,0,0,0,0,1,0,0,0,0,5252.8,9B,0,1,0,1,0,1,1,1,1,1,1,,,,,,,,,,,,,,,,,,,,,,,,,,,,,,,,,,,,,,,,,,,,,,,,,,,,,,,,,
1074,495,257,14.00,73.50,800,0.0,11.250,3.059,3.15,0.000,22.38,1.00,0.35,-0.76,0.84,0.985,1.02,-1.33,1.031,0.00,0.90,1.075,21.8,17.472,0.496,0.000,800,7.17,4.5,0.87,0.00,27.8,1,1,0,1,1,1,0,0,0,0,1,1,0,0,0,0,0,0,1,0,1,1,1,1,1,0,0,0,0,0,0,1,1,1,5156.2,0C,1,1,0,1,1,0,1,1,1,1,1,,,,,,,,,,,,,,,,,,,,,,,,,,,,,,,,,,,,,,,,,,,,,,,,,,,,,,,,,
1075,495,645,14.00,-48.00,8064,0.0,2.250,314.573,846.88,16.913,339.05,1.45,0.07,-1.31,1.11,0.007,0.00,8.20,0.367,0.01,0.00,13.210,-48.0,39.559,0.047,93.750,2240,94.41,313.0,-78.91,6.52,-26.3,1,1,1,0,0,1,0,1,0,1,0,1,0,1,0,1,0,1,1,1,1,1,1,1,1,1,1,1,1,1,1,1,1,1,1,,,,,,,,,,,,,,,,,,,,,,,,,,,,,,,,,,,,,,,,,,,,,,,,,,,,,,,,,,,,,,,,,,,,,
1076,496,22,14.10,74.25,803,0.0,7.500,3.142,815.63,18.476,639.09,1.40,0.47,-0.42,0.09,0.248,0.00,8.20,0.367,0.01,0.00,10.458,-48.0,39.559,0.047,93.750,2240,94.41,313.0,-78.91,6.58,-26.3,0,1,0,0,0,1,0,1,0,1,0,1,0,1,0,1,0,1,1,1,1,1,1,1,1,1,1,1,1,1,1,1,1,1,1,,,,,,,,,,,,,,,,,,,,,,,,,,,,,,,,,,,,,,,,,,,,,,,,,,,,,,,,,,,,,,,,,,,,,
1077,496,424,14.00,74.25,810,0.0,6.750,3.136,3.15,0.000,22.05,1.00,0.78,-0.76,0.84,1.009,1.02,-1.33,1.034,0.00,0.90,1.045,21.8,16.091,0.496,0.000,800,7.18,4.5,0.79,0.00,27.8,1,1,0,1,1,1,0,0,0,0,1,1,0,0,0,0,0,0,1,0,1,1,1,1,1,0,0,0,0,0,0,1,1,1,5156.2,0C,1,1,0,1,1,0,1,0,0,133.31,470.31,,,,,,,,,,,,,,,,,,,,,,,,,,,,,,,,,,,,,,,,,,,,,,,,,,,,,,,,,
1078,496,832,14.00,74.25,806,0.0,6.750,3.078,3.08,0.000,22.01,1.00,0.81,-0.76,0.87,0.996,1.02,-1.33,1.034,0.00,0.90,1.045,21.8,15.396,0.496,0.000,800,7.18,4.5,0.76,0.00,27.8,1,1,0,1,1,1,0,0,0,0,1,1,0,0,0,0,0,0,1,0,1,1,1,1,1,0,0,0,0,0,0,1,1,1,5156.2,0C,1,1,0,1,1,0,1,0,0,131.63,471.31,,,,,,,,,,,,,,,,,,,,,,,,,,,,,,,,,,,,,,,,,,,,,,,,,,,,,,,,,
1079,497,316,14.00,74.25,808,0.0,5.250,3.155,3.15,0.000,22.03,1.00,0.21,-0.76,0.41,1.026,1.02,-1.33,1.034,0.00,0.90,1.045,21.8,14.702,0.496,0.000,800,7.18,4.5,0.75,0.00,27.8,1,1,0,1,1,1,0,0,0,0,1,1,0,0,0,0,0,0,1,0,1,1,1,1,1,0,0,0,0,0,0,1,1,1,5156.2,0C,1,1,0,1,1,0,1,0,0,130.50,470.13,,,,,,,,,,,,,,,,,,,,,,,,,,,,,,,,,,,,,,,,,,,,,,,,,,,,,,,,,
1080,497,758,14.00,74.25,805,0.0,8.250,3.066,3.15,0.000,21.52,1.00,0.72,-0.76,0.81,1.015,1.02,-1.33,1.038,0.00,0.90,1.174,21.8,14.015,0.496,0.000,800,7.18,4.5,0.71,0.00,27.8,1,1,0,1,1,1,0,0,0,0,1,1,0,0,0,0,0,0,1,0,1,1,1,1,1,0,0,0,0,0,0,1,1,1,5156.2,0C,1,1,0,1,1,0,1,0,0,133.19,469.69,,,,,,,,,,,,,,,,,,,,,,,,,,,,,,,,,,,,,,,,,,,,,,,,,,,,,,,,,
1081,498,165,14.00,74.25,800,0.0,11.250,3.002,778.13,60.664,1040.98,1.45,0.07,-1.33,0.10,0.007,0.03,3.52,0.266,0.01,0.75,0.172,-41.3,19.141,0.703,-18.000,0,0.31,1766.7,2.73,-24.63,114.8,0,1,0,0,0,1,0,1,1,1,1,1,0,1,1,0,0,1,0,0,0,0,0,0,0,0,0,0,0,1,0,0,0,0,2820.8,68,0,1,0,1,0,1,1,1,1,1,1,,,,,,,,,,,,,,,,,,,,,,,,,,,,,,,,,,,,,,,,,,,,,,,,,,,,,,,,,
1082,498,550,14.00,74.25,803,0.0,12.000,3.130,3.15,0.000,21.66,1.00,0.27,-0.76,0.83,1.026,1.02,-1.33,1.037,0.00,0.90,1.174,21.8,12.978,0.496,0.000,800,7.18,4.5,0.68,0.00,27.8,1,1,0,1,1,1,0,0,0,0,1,1,0,0,0,0,0,0,1,0,1,1,1,1,1,0,0,0,0,0,0,1,1,1,5156.2,0C,1,1,0,1,1,0,1,0,0,132.69,468.75,,,,,,,,,,,,,,,,,,,,,,,,,,,,,,,,,,,,,,,,,,,,,,,,,,,,,,,,,
1083,498,946,14.00,74.25,804,0.0,7.500,3.136,3.15,0.000,21.42,1.00,0.25,-0.76,0.33,1.037,1.02,-1.33,1.039,0.00,0.90,1.045,21.8,12.634,0.496,0.000,800,7.18,4.5,0.67,0.00,27.8,1,1,0,1,1,1,0,0,0,0,1,1,0,0,0,0,0,0,1,0,1,1,1,1,1,0,0,0,0,0,0,1,1,1,5156.2,0C,1,1,0,1,1,0,1,0,0,133.56,469.44,,,,,,,,,,,,,,,,,,,,,,,,,,,,,,,,,,,,,,,,,,,,,,,,,,,,,,,,,
1084,499,335,14.00,74.25,807,0.0,7.500,3.085,3.15,0.000,21.45,1.00,0.79,-0.76,0.81,1.018,1.02,-1.33,1.038,0.00,0.90,1.045,21.8,11.940,0.496,0.000,800,7.18,4.5,0.64,0.00,27.8,1,1,0,1,1,1,0,0,0,0,1,1,0,0,0,0,0,0,1,0,1,1,1,1,1,0,0,0,0,0,0,1,1,1,5156.2,0C,1,1,0,1,1,0,1,0,0,132.25,468.38,,,,,,,,,,,,,,,,,,,,,,,,,,,,,,,,,,,,,,,,,,,,,,,,,,,,,,,,,
1085,499,733,14.00,74.25,801,0.0,10.500,3.034,3.20,0.000,21.35,1.00,0.82,-0.76,0.89,1.005,0.02,-2.63,0.225,0.01,0.75,0.172,-41.3,19.141,0.703,-36.750,0,0.31,1766.7,2.73,-24.63,114.8,0,1,0,0,0,1,0,1,1,1,1,1,0,1,1,0,0,1,0,0,0,0,0,0,0,0,0,0,0,1,0,0,0,0,3247.5,48,0,1,0,1,0,1,1,1,1,1,1,,,,,,,,,,,,,,,,,,,,,,,,,,,,,,,,,,,,,,,,,,,,,,,,,,,,,,,,,
1086,500,115,14.00,74.25,793,0.0,18.000,3.027,3.20,0.000,21.35,1.00,0.41,-0.76,0.85,0.992,1.02,-1.33,1.039,0.00,0.90,1.045,21.8,10.903,0.496,0.000,800,7.18,4.5,0.63,0.00,27.8,1,1,0,1,1,1,0,0,0,0,1,1,0,0,0,0,0,0,1,0,1,1,1,1,1,0,0,0,0,0,0,1,1,1,5156.2,0C,1,1,0,1,1,0,1,0,0,131.50,474.44,,,,,,,,,,,,,,,,,,,,,,,,,,,,,,,,,,,,,,,,,,,,,,,,,,,,,,,,,
1087,500,506,14.00,74.25,803,0.0,3.000,3.283,815.63,14.179,237.07,1.45,0.07,-1.31,1.20,0.007,0.02,-2.63,0.204,0.01,0.75,0.172,-41.3,19.532,0.703,-40.500,0,0.31,1766.7,2.73,-24.63,114.8,0,1,0,0,0,1,0,1,1,1,1,1,0,1,1,0,0,1,0,0,0,0,0,0,0,0,0,0,0,1,0,0,0,0,2692.8,85,0,1,0,1,0,1,1,1,1,1,1,,,,,,,,,,,,,,,,,,,,,,,,,,,,,,,,,,,,,,,,,,,,,,,,,,,,,,,,,
1088,500,905,14.00,74.25,809,0.0,4.500,3.200,3.20,0.000,21.84,1.00,0.25,-0.76,0.66,1.040,1.02,-1.33,1.035,0.00,0.90,1.174,21.8,9.865,0.496,0.000,800,7.18,4.5,0.59,0.00,27.8,1,1,0,1,1,1,0,0,0,0,1,1,0,0,0,0,0,0,1,0,1,1,1,1,1,0,0,0,0,0,0,1,1,1,5156.2,0C,1,1,0,1,1,0,1,0,0,133.75,470.13,,,,,,,,,,,,,,,,,,,,,,,,,,,,,,,,,,,,,,,,,,,,,,,,,,,,,,,,,
1089,501,308,14.00,74.25,808,0.0,3.750,3.110,3.20,0.000,21.80,1.00,0.84,-0.76,0.87,1.005,1.02,-1.33,1.036,0.00,0.90,1.174,22.5,9.178,0.496,0.000,800,7.18,4.5,0.56,0.00,27.8,1,1,0,1,1,1,0,0,0,0,1,1,0,0,0,0,0,0,1,0,1,1,1,1,1,0,0,0,0,0,0,1,1,1,5156.2,0C,1,1,0,1,1,0,1,0,0,133.75,468.75,,,,,,,,,,,,,,,,,,,,,,,,,,,,,,,,,,,,,,,,,,,,,,,,,,,,,,,,,
1090,501,739,13.90,74.25,792,0.0,13.500,3.085,3.20,0.000,21.94,1.00,0.65,-0.76,0.85,0.994,1.02,-1.33,1.035,0.00,0.90,1.174,22.5,8.835,0.496,0.000,800,7.19,4.5,0.58,0.00,27.8,1,1,0,1,1,1,0,0,0,0,1,1,0,0,0,0,0,0,1,0,1,1,1,1,1,0,0,0,0,0,0,1,1,1,5156.2,0C,1,1,0,1,1,0,1,0,0,135.38,472.44,,,,,,,,,,,,,,,,,,,,,,,,,,,,,,,,,,,,,,,,,,,,,,,,,,,,,,,,,
1091,502,137,14.00,74.25,801,0.0,3.750,3.258,3.20,0.000,22.03,1.00,0.22,-0.76,0.31,1.030,1.02,-1.33,1.034,0.00,0.90,1.137,22.5,0.000,0.496,0.000,800,7.19,4.5,0.55,0.00,27.8,1,1,0,1,1,1,0,0,0,0,1,1,0,0,0,0,0,0,1,0,0,1,1,1,1,0,0,0,0,0,0,1,1,1,5156.2,0C,1,1,0,1,1,0,1,0,0,133.44,471.00,,,,,,,,,,,,,,,,,,,,,,,,,,,,,,,,,,,,,,,,,,,,,,,,,,,,,,,,,
1092,502,518,14.00,74.25,809,0.0,6.000,3.181,3.20,0.000,21.91,1.00,0.78,-0.76,0.81,1.012,1.02,-1.33,1.035,0.00,0.90,1.137,22.5,0.000,0.496,0.000,800,7.20,4.5,0.50,0.00,27.8,1,1,0,1,1,1,0,0,0,0,1,1,0,0,0,0,0,0,1,0,0,1,1,1,1,0,0,0,0,0,0,1,1,1,5156.2,0C,1,1,0,1,1,0,1,0,0,132.63,471.25,,,,,,,,,,,,,,,,,,,,,,,,,,,,,,,,,,,,,,,,,,,,,,,,,,,,,,,,,
1093,502,918,14.00,75.00,804,0.0,6.000,3.155,3.20,0.000,22.01,1.00,0.84,-0.76,0.87,0.998,1.02,-1.33,1.034,0.00,0.90,1.137,22.5,0.000,0.496,0.000,800,7.20,4.5,0.48,0.00,27.8,1,1,0,1,1,1,0,0,0,0,1,1,0,0,0,0,0,0,1,0,0,1,1,1,1,1,0,0,0,0,0,1,1,1,5156.2,0C,1,1,0,1,1,0,1,0,0,132.31,472.00,,,,,,,,,,,,,,,,,,,,,,,,,,,,,,,,,,,,,,,,,,,,,,,,,,,,,,,,,
1094,503,305,14.00,75.00,803,0.0,6.000,3.123,3.27,0.000,22.08,1.00,0.55,-0.76,0.85,0.984,1.02,-1.33,1.033,0.00,0.90,1.137,22.5,0.000,0.496,0.000,800,7.21,4.5,0.46,0.00,27.8,1,1,0,1,1,1,0,0,0,0,1,1,0,0,0,0,0,0,1,0,0,1,1,1,1,1,0,0,0,0,0,1,1,1,5156.2,0C,1,1,0,1,1,0,1,0,0,134.63,472.13,,,,,,,,,,,,,,,,,,,,,,,,,,,,,,,,,,,,,,,,,,,,,,,,,,,,,,,,,
1095,503,695,14.00,75.00,793,0.0,12.000,3.117,3.27,0.000,21.45,1.00,0.22,-0.76,0.27,1.018,1.02,-1.33,1.038,0.00,0.90,1.137,22.5,0.000,0.496,0.000,800,7.22,4.5,0.46,0.02,27.8,1,1,0,1,1,1,0,0,0,0,1,1,0,0,0,0,0,0,1,0,0,1,1,1,1,1,0,0,0,0,0,1,1,1,5156.2,0C,1,1,0,1,1,0,1,0,0,135.31,476.88,,,,,,,,,,,,,,,,,,,,,,,,,,,,,,,,,,,,,,,,,,,,,,,,,,,,,,,,,
1096,504,86,14.00,75.00,806,0.0,0.750,3.290,3.32,0.000,22.41,1.00,0.24,-0.76,0.25,1.033,0.03,0.55,0.000,0.01,0.75,0.172,-41.3,25.391,0.703,-87.000,0,0.31,1766.7,3.10,-24.63,114.8,0,1,0,0,0,1,0,1,1,1,1,1,0,1,1,0,0,1,0,0,0,0,0,0,0,0,0,0,0,1,0,0,0,0,3759.5,9E,0,1,0,1,0,1,1,1,1,1,1,,,,,,,,,,,,,,,,,,,,,,,,,,,,,,,,,,,,,,,,,,,,,,,,,,,,,,,,,
1097,504,474,14.00,75.00,803,0.0,6.000,3.162,3.32,0.000,21.87,1.00,0.80,-0.76,0.78,1.016,1.02,-1.33,1.035,0.00,0.90,1.112,22.5,0.000,0.496,0.000,800,7.24,4.5,0.41,0.00,27.8,1,1,0,1,1,1,0,0,0,0,1,1,0,0,0,0,0,0,1,0,0,1,1,1,1,1,0,0,0,0,0,1,1,1,5156.2,0C,1,1,0,1,1,0,1,0,0,135.25,475.13,,,,,,,,,,,,,,,,,,,,,,,,,,,,,,,,,,,,,,,,,,,,,,,,,,,,,,,,,
1098,504,855,14.00,75.00,806,0.0,5.250,3.162,3.32,0.000,22.10,1.00,0.83,-0.76,0.88,1.001,1.02,-1.33,1.033,0.00,0.90,1.137,22.5,0.000,0.496,0.000,800,7.25,4.5,0.38,0.00,27.8,1,1,0,1,1,1,0,0,0,0,1,1,0,0,0,0,0,0,1,0,0,1,1,1,1,1,0,0,0,0,0,1,1,1,5156.2,0C,1,1,0,1,1,0,1,0,0,135.81,474.25,,,,,,,,,,,,,,,,,,,,,,,,,,,,,,,,,,,,,,,,,,,,,,,,,,,,,,,,,
1099,505,246,14.10,75.00,799,0.0,6.750,3.117,3.32,0.000,22.01,1.00,0.78,-0.76,0.85,0.991,1.02,-1.33,1.034,0.00,0.90,1.137,22.5,0.000,0.496,0.000,800,7.26,4.5,0.37,0.00,27.8,1,1,0,1,1,1,0,0,0,0,1,1,0,0,0,0,0,0,1,0,0,1,1,1,1,1,0,0,0,0,0,1,1,1,5156.2,0C,1,1,0,1,1,0,1,0,0,135.38,478.00,,,,,,,,,,,,,,,,,,,,,,,,,,,,,,,,,,,,,,,,,,,,,,,,,,,,,,,,,
1100,505,631,14.00,75.00,795,0.0,3.000,3.206,815.63,18.866,489.02,1.45,0.04,-1.32,0.05,0.007,0.03,1.78,0.000,0.01,0.75,0.172,-41.3,29.688,0.703,90.750,0,0.31,1766.7,3.10,-24.63,114.8,0,1,0,0,0,1,0,1,1,1,1,1,0,1,1,0,0,1,0,0,0,0,0,0,0,0,0,0,0,1,0,0,0,0,5935.7,1B,0,1,0,1,0,1,1,1,1,1,1,,,,,,,,,,,,,,,,,,,,,,,,,,,,,,,,,,,,,,,,,,,,,,,,,,,,,,,,,
1101,506,15,14.10,75.00,796,0.0,4.500,3.290,3.32,0.000,22.55,1.00,0.22,-0.76,0.24,1.029,1.02,-1.33,1.030,0.00,0.90,1.236,22.5,0.000,0.496,0.000,800,7.27,4.5,0.38,0.00,27.8,1,1,0,1,1,1,0,0,0,0,1,1,0,0,0,0,0,0,1,0,0,1,1,1,1,1,0,0,0,0,0,1,1,1,5156.2,0C,1,1,0,1,1,0,1,0,0,137.75,481.44,,,,,,,,,,,,,,,,,,,,,,,,,,,,,,,,,,,,,,,,,,,,,,,,,,,,,,,,,
1102,506,417,14.00,75.00,801,0.0,3.000,3.302,3.32,0.000,22.95,1.00,0.80,-0.76,0.81,1.008,1.02,-1.33,1.027,0.00,0.90,1.236,22.5,0.000,0.496,0.000,800,7.27,4.5,0.37,0.00,27.8,1,1,0,1,1,1,0,0,0,0,1,1,0,0,0,0,0,0,1,0,0,1,1,1,1,1,0,0,0,0,0,1,1,1,5156.2,0C,1,1,0,1,1,0,1,0,0,138.19,481.56,,,,,,,,,,,,,,,,,,,,,,,,,,,,,,,,,,,,,,,,,,,,,,,,,,,,,,,,,
1103,506,856,14.00,75.00,800,0.0,4.500,3.168,3.32,0.000,22.45,1.00,0.82,-0.76,0.85,0.994,1.02,-1.33,1.030,0.00,0.90,1.137,22.5,0.000,0.496,0.000,800,7.28,4.5,0.35,0.00,27.8,1,1,0,1,1,1,0,0,0,0,1,1,0,0,0,0,0,0,1,0,0,1,1,1,1,1,0,0,0,0,0,1,1,1,5156.2,0C,1,1,0,1,1,0,1,0,0,139.06,480.38,,,,,,,,,,,,,,,,,,,,,,,,,,,,,,,,,,,,,,,,,,,,,,,,,,,,,,,,,
1104,507,238,14.00,75.00,792,0.0,9.750,3.117,3.39,0.000,22.38,1.00,0.23,-0.76,0.74,0.981,1.02,-1.33,1.031,0.00,0.90,1.137,22.5,0.000,0.496,0.000,800,7.29,4.5,0.37,0.00,27.8,1,1,0,1,1,1,0,0,0,0,1,1,0,0,0,0,0,0,1,0,0,1,1,1,1,1,0,0,0,0,0,1,1,1,5156.2,0C,1,1,0,1,1,0,1,0,0,139.06,483.75,,,,,,,,,,,,,,,,,,,,,,,,,,,,,,,,,,,,,,,,,,,,,,,,,,,,,,,,,
1105,507,630,14.00,75.00,796,0.0,3.750,3.392,3.32,0.000,23.18,1.00,0.21,-0.76,0.22,1.018,1.02,-1.33,1.025,0.00,0.90,1.137,22.5,0.000,0.496,0.000,800,7.30,4.5,0.39,0.00,27.8,1,1,0,1,1,1,0,0,0,0,1,1,0,0,0,0,0,0,1,0,0,1,1,1,1,1,0,0,0,0,0,1,1,1,5156.2,0C,1,1,0,1,1,0,1,0,0,139.38,489.19,,,,,,,,,,,,,,,,,,,,,,,,,,,,,,,,,,,,,,,,,,,,,,,,,,,,,,,,,
1106,508,28,14.10,75.00,801,0.0,9.000,3.424,3.32,0.000,23.46,1.00,0.29,-0.76,0.26,1.034,1.02,-1.33,1.023,0.00,0.90,1.236,22.5,0.000,0.496,0.000,800,7.31,4.5,0.38,0.00,27.8,1,1,0,1,1,1,0,0,0,0,1,0,0,0,0,0,0,0,1,0,0,1,1,1,1,1,0,0,0,0,0,0,1,1,5156.2,0C,1,1,0,1,1,0,1,0,0,140.19,487.56,,,,,,,,,,,,,,,,,,,,,,,,,,,,,,,,,,,,,,,,,,,,,,,,,,,,,,,,,
1107,508,418,14.00,75.00,803,0.0,5.250,3.251,3.32,0.000,22.99,1.00,0.80,-0.76,0.84,0.991,1.02,-1.33,1.026,0.00,0.90,1.236,22.5,0.000,0.496,0.000,800,7.32,4.5,0.35,0.00,27.8,1,1,0,1,1,1,0,0,0,0,1,0,0,0,0,0,0,0,1,0,0,1,1,1,1,1,0,0,0,0,0,0,1,1,5156.2,0C,1,1,0,1,1,0,1,0,0,140.94,483.25,,,,,,,,,,,,,,,,,,,,,,,,,,,,,,,,,,,,,,,,,,,,,,,,,,,,,,,,,
1108,508,814,14.00,75.00,797,0.0,3.750,3.379,3.32,0.000,23.81,1.00,0.79,-0.76,0.85,0.975,1.02,-1.33,1.020,0.00,0.90,1.236,22.5,0.000,0.496,0.000,800,7.32,4.6,0.35,0.00,27.8,1,1,0,1,1,1,0,0,0,0,1,1,0,0,0,0,0,0,1,0,0,1,1,1,1,1,0,0,0,0,0,1,1,1,5156.2,0C,1,1,0,1,1,0,1,0,0,146.38,495.13,,,,,,,,,,,,,,,,,,,,,,,,,,,,,,,,,,,,,,,,,,,,,,,,,,,,,,,,,
1109,509,207,14.00,75.00,798,0.0,2.250,3.341,3.27,0.000,23.51,1.00,0.24,-0.76,0.31,0.999,1.02,-1.33,1.022,0.00,0.90,1.236,22.5,0.000,0.496,0.000,800,7.33,4.6,0.35,0.00,27.8,1,1,0,1,1,1,0,0,0,0,1,1,0,0,0,0,0,0,1,0,0,1,1,1,1,1,0,0,0,0,0,1,1,1,5156.2,0C,1,1,0,1,1,0,1,0,0,140.88,489.00,,,,,,,,,,,,,,,,,,,,,,,,,,,,,,,,,,,,,,,,,,,,,,,,,,,,,,,,,
1110,509,595,14.00,75.00,799,0.0,0.000,3.322,3.20,0.000,22.97,1.00,0.25,-0.76,0.36,1.014,1.02,-1.33,1.026,0.00,0.90,1.236,22.5,0.000,0.496,0.000,800,7.34,4.6,0.34,0.00,27.8,1,1,0,1,1,1,0,0,0,0,1,1,0,0,0,0,0,0,1,0,0,1,1,1,1,1,0,0,0,0,0,1,1,1,5156.2,0C,1,1,0,1,1,0,1,0,0,138.25,483.56,,,,,,,,,,,,,,,,,,,,,,,,,,,,,,,,,,,,,,,,,,,,,,,,,,,,,,,,,
1111,509,995,14.00,75.00,797,0.0,6.750,3.142,3.20,0.000,22.36,1.00,0.80,-0.76,0.83,0.980,1.02,-1.33,1.031,0.00,0.90,1.137,22.5,0.000,0.496,0.000,800,7.35,4.6,0.34,0.00,27.8,1,1,0,1,1,1,0,0,0,0,1,1,0,0,0,0,0,0,1,0,0,1,1,1,1,1,0,0,0,0,0,1,1,1,5156.2,0C,1,1,0,1,1,0,1,0,0,137.88,479.75,,,,,,,,,,,,,,,,,,,,,,,,,,,,,,,,,,,,,,,,,,,,,,,,,,,,,,,,,
1112,510,375,14.00,75.00,793,0.0,6.750,3.238,3.20,0.000,22.43,1.00,0.27,-0.76,0.79,1.003,1.02,-1.33,1.031,0.00,0.90,1.137,22.5,0.000,0.496,0.000,800,7.35,4.6,0.35,0.00,27.8,1,1,0,1,1,1,0,0,0,0,1,1,0,0,0,0,0,0,1,0,0,1,1,1,1,1,0,0,0,0,0,1,1,1,5156.2,0C,1,1,0,1,1,0,1,0,0,136.31,478.50,,,,,,,,,,,,,,,,,,,,,,,,,,,,,,,,,,,,,,,,,,,,,,,,,,,,,,,,,
1113,510,817,14.10,75.00,829,0.0,0.000,4.000,3.81,0.000,26.53,1.00,0.23,-0.76,0.23,1.019,1.02,-1.33,1.022,0.00,0.90,1.662,22.5,0.000,0.496,0.000,900,7.35,4.6,0.22,0.05,27.8,1,1,0,1,1,1,0,0,0,0,1,1,1,0,0,0,0,0,1,0,0,1,1,1,1,1,0,0,0,0,0,1,1,1,5156.2,0C,1,1,0,1,1,0,1,0,0,163.63,522.56,,,,,,,,,,,,,,,,,,,,,,,,,,,,,,,,,,,,,,,,,,,,,,,,,,,,,,,,,
1114,511,206,14.10,75.00,893,0.0,0.000,3.514,3.27,0.000,24.23,1.00,0.92,-0.76,0.91,0.989,1.02,-1.33,1.017,0.00,0.90,1.662,22.5,0.000,0.496,0.000,900,7.35,4.6,0.16,0.00,27.8,1,1,0,1,1,1,0,0,0,0,1,0,1,0,0,0,0,0,1,0,0,1,1,1,1,1,0,0,0,0,0,0,1,1,5156.2,0C,1,1,0,1,1,0,1,0,0,146.69,477.63,,,,,,,,,,,,,,,,,,,,,,,,,,,,,,,,,,,,,,,,,,,,,,,,,,,,,,,,,
1115,511,606,14.10,75.00,901,0.0,5.250,3.290,4.54,4.054,22.83,1.00,0.94,-0.76,0.97,0.972,1.02,-1.33,1.027,0.00,0.90,1.662,22.5,8.995,0.496,0.000,1000,7.35,4.6,0.13,0.00,27.8,1,1,0,1,1,1,0,0,0,0,1,0,1,0,0,0,0,0,0,0,1,1,1,1,1,1,0,1,0,0,0,0,1,1,5156.2,0C,1,1,0,1,1,0,1,0,0,165.13,526.00,,,,,,,,,,,,,,,,,,,,,,,,,,,,,,,,,,,,,,,,,,,,,,,,,,,,,,,,,
1116,511,996,14.10,75.00,966,0.0,0.000,6.854,10.50,5.031,42.94,1.00,0.92,-0.76,0.97,0.949,1.02,-1.33,1.051,0.00,0.90,1.918,23.3,10.208,0.496,0.000,1400,7.35,4.6,0.13,2.74,27.8,1,1,0,1,1,1,0,0,0,0,1,0,1,0,0,0,0,0,0,0,1,1,1,1,1,0,0,1,0,0,0,0,1,1,5156.2,0C,1,1,0,1,1,0,1,0,0,266.88,756.63,,,,,,,,,,,,,,,,,,,,,,,,,,,,,,,,,,,,,,,,,,,,,,,,,,,,,,,,,
1117,512,387,13.50,75.00,910,0.0,-14.250,10.266,22.61,4.866,64.13,1.00,0.94,-0.76,0.99,0.921,1.02,-1.33,1.051,0.00,0.90,1.918,23.3,27.489,0.496,0.000,1500,7.35,4.6,0.13,6.69,27.8,1,1,0,1,1,1,0,0,0,0,1,0,1,0,0,0,0,0,0,0,1,1,1,1,0,0,0,1,0,1,0,0,1,1,5156.2,0C,1,1,0,1,1,0,1,0,0,403.94,990.06,,,,,,,,,,,,,,,,,,,,,,,,,,,,,,,,,,,,,,,,,,,,,,,,,,,,,,,,,
1118,512,785,13.30,75.00,901,2.5,-12.000,9.190,19.58,4.054,64.34,1.00,0.95,-0.76,0.99,0.893,1.02,-1.33,1.051,0.00,0.90,3.732,23.3,48.226,0.496,0.000,1500,7.35,4.6,0.13,6.25,27.8,1,1,0,1,1,1,0,0,0,0,1,0,1,0,0,0,0,0,0,0,1,1,1,1,0,0,0,1,0,0,0,0,1,1,5156.2,0C,1,1,0,1,1,0,1,0,0,382.25,973.75,,,,,,,,,,,,,,,,,,,,,,,,,,,,,,,,,,,,,,,,,,,,,,,,,,,,,,,,,
1119,513,185,14.00,75.00,1156,3.8,-7.500,8.595,20.56,3.734,62.02,1.00,0.95,-0.76,0.99,0.860,1.02,-1.33,1.071,0.00,0.90,3.732,23.3,37.858,0.496,0.000,1480,7.35,4.6,0.13,2.81,27.8,1,1,0,1,1,1,0,0,0,0,1,0,1,0,0,0,0,0,0,0,1,1,1,1,0,0,0,1,0,1,0,0,1,1,5156.2,0C,1,1,0,1,1,0,1,0,0,381.44,960.19,,,,,,,,,,,,,,,,,,,,,,,,,,,,,,,,,,,,,,,,,,,,,,,,,,,,,,,,,
1120,513,575,14.10,75.00,1195,5.0,-6.750,8.435,20.24,1.944,63.40,1.00,0.94,-0.76,0.99,0.826,1.02,-1.33,1.074,0.00,0.90,3.732,22.5,47.539,0.496,0.000,1330,7.35,4.6,0.13,1.26,27.8,1,1,0,1,1,1,0,0,0,0,1,0,1,0,0,0,0,0,0,0,1,1,1,1,0,0,0,1,0,0,0,0,1,1,5156.2,0C,1,1,0,1,1,0,1,0,0,387.00,965.19,,,,,,,,,,,,,,,,,,,,,,,,,,,,,,,,,,,,,,,,,,,,,,,,,,,,,,,,,
1121,513,965,14.00,75.00,1186,7.5,-6.000,8.122,20.07,1.944,62.41,1.00,0.88,-0.76,0.96,0.794,1.02,-1.33,1.071,0.00,0.90,4.403,22.5,51.339,0.496,0.000,1330,7.35,4.6,0.13,1.21,27.8,1,1,0,1,1,1,0,0,0,0,1,0,1,0,0,0,0,0,0,0,1,1,1,1,0,0,0,1,0,0,0,0,1,1,5156.2,0C,1,1,0,1,1,0,1,0,0,382.38,961.94,,,,,,,,,,,,,,,,,,,,,,,,,,,,,,,,,,,,,,,,,,,,,,,,,,,,,,,,,
1122,514,375,14.00,75.00,1192,8.8,-9.000,7.328,18.24,1.781,61.64,1.00,0.83,-0.76,0.91,0.760,1.02,-1.33,1.078,0.00,0.90,4.403,22.5,63.088,0.496,0.000,1300,7.35,4.6,0.13,0.65,27.8,1,1,0,1,1,1,0,0,0,0,1,0,1,0,0,0,0,0,0,0,1,1,1,1,0,0,0,1,0,0,0,0,1,1,5156.2,0C,1,1,0,1,1,0,1,0,0,372.00,952.56,,,,,,,,,,,,,,,,,,,,,,,,,,,,,,,,,,,,,,,,,,,,,,,,,,,,,,,,,
1123,514,765,14.10,75.00,1333,8.8,0.000,5.805,10.50,1.944,48.73,1.00,0.19,-0.76,0.22,0.792,1.02,-1.33,1.099,0.00,0.90,3.838,22.5,25.765,0.496,0.000,1330,7.34,4.6,0.13,-0.11,27.8,1,1,0,1,1,1,0,0,0,0,1,0,1,0,0,0,0,0,0,0,1,1,1,1,0,0,0,1,0,0,0,0,1,1,5156.2,0C,1,1,0,1,1,0,1,0,0,302.25,792.75,,,,,,,,,,,,,,,,,,,,,,,,,,,,,,,,,,,,,,,,,,,,,,,,,,,,,,,,,
1124,515,162,14.10,75.00,1354,10.0,3.750,3.296,5.35,1.295,31.59,1.00,0.18,-0.76,0.20,0.824,1.02,-1.33,1.053,0.00,0.90,3.838,21.8,17.815,0.496,0.000,1030,7.34,4.6,0.13,-0.51,27.8,1,1,0,1,1,1,0,0,0,0,1,0,1,0,0,0,0,0,0,0,1,1,1,1,1,0,0,1,0,0,0,0,1,1,5156.2,0C,1,1,0,1,1,0,1,0,0,200.50,580.63,,,,,,,,,,,,,,,,,,,,,,,,,,,,,,,,,,,,,,,,,,,,,,,,,,,,,,,,,
1125,515,565,14.10,75.00,1364,10.0,3.750,2.822,5.10,1.781,26.11,1.00,0.16,-0.76,0.18,0.844,1.02,-1.33,1.061,0.00,0.90,3.838,21.8,17.121,0.496,0.000,900,7.34,4.6,0.13,-2.03,27.8,1,1,0,1,1,1,0,0,0,0,1,0,1,0,0,0,0,0,0,0,1,1,1,1,1,0,0,0,0,0,0,0,1,1,5156.2,0C,1,1,0,1,1,0,1,0,0,149.63,444.31,,,,,,,,,,,,,,,,,,,,,,,,,,,,,,,,,,,,,,,,,,,,,,,,,,,,,,,,,
1126,515,975,14.10,75.00,1303,10.0,6.000,2.611,5.03,1.781,22.22,1.00,0.16,-0.76,0.18,0.871,1.02,-1.33,1.046,0.00,0.90,1.438,21.8,16.434,0.496,0.000,900,7.33,4.6,0.13,-1.51,27.8,1,1,0,1,1,1,0,0,0,0,1,0,1,0,0,0,0,0,0,0,1,1,1,1,1,0,0,0,0,0,0,0,1,1,5156.2,0C,1,1,0,1,1,0,1,0,0,136.19,429.50,,,,,,,,,,,,,,,,,,,,,,,,,,,,,,,,,,,,,,,,,,,,,,,,,,,,,,,,,
1127,516,380,14.10,75.00,1201,8.8,6.000,2.650,4.98,0.000,21.00,1.00,0.16,-0.76,0.17,0.890,1.02,-1.33,1.044,0.00,0.90,1.438,21.8,15.740,0.496,0.000,900,7.33,4.6,-0.01,-0.76,27.8,1,1,0,1,1,1,0,0,0,0,1,0,1,0,0,0,0,0,1,0,1,1,1,1,1,0,0,0,0,0,0,0,1,1,5156.2,0C,1,1,0,1,1,0,1,0,0,130.50,438.19,,,,,,,,,,,,,,,,,,,,,,,,,,,,,,,,,,,,,,,,,,,,,,,,,,,,,,,,,
1128,516,769,13.80,75.00,1038,8.8,-1.500,3.251,4.98,0.000,24.28,1.00,0.16,-0.76,0.18,0.908,1.02,-1.33,1.017,0.00,0.90,1.333,21.8,15.396,0.496,0.000,900,7.33,4.6,-0.01,-0.12,27.8,1,1,0,1,1,1,0,0,0,0,1,0,1,0,0,0,0,0,1,0,1,1,1,1,1,0,0,0,0,0,0,0,1,1,5156.2,0C,1,1,0,1,1,0,1,0,0,151.63,485.75,,,,,,,,,,,,,,,,,,,,,,,,,,,,,,,,,,,,,,,,,,,,,,,,,,,,,,,,,
1129,517,166,13.30,75.75,952,7.5,-5.250,3.706,4.54,0.000,26.77,1.00,0.18,-0.76,0.19,0.928,1.02,-1.33,1.023,0.00,0.90,1.333,21.8,14.702,0.496,0.000,900,7.33,4.6,-0.01,-0.04,27.8,1,1,0,1,1,1,0,0,0,0,1,1,1,0,0,0,0,0,1,0,1,1,1,1,1,0,0,0,0,0,0,1,1,1,5156.2,0C,1,1,0,1,1,0,1,0,0,164.56,519.19,,,,,,,,,,,,,,,,,,,,,,,,,,,,,,,,,,,,,,,,,,,,,,,,,,,,,,,,,
1130,517,571,13.60,75.75,921,6.3,5.250,3.469,3.88,0.000,25.50,1.00,0.54,-0.76,0.31,0.947,1.02,-1.33,1.018,0.00,0.90,1.333,21.8,14.359,0.496,0.000,900,7.33,4.6,0.00,0.00,27.8,1,1,0,1,1,1,0,0,0,0,1,1,1,0,0,0,0,0,1,0,1,1,1,1,1,0,0,0,0,0,0,1,1,1,5156.2,0C,1,1,0,1,1,0,1,0,0,155.56,500.69,,,,,,,,,,,,,,,,,,,,,,,,,,,,,,,,,,,,,,,,,,,,,,,,,,,,,,,,,
1131,517,975,14.00,75.75,902,3.8,6.750,3.238,3.56,0.000,24.73,1.00,0.83,-0.76,0.87,0.907,1.02,-1.33,1.015,0.00,0.90,1.279,21.8,13.664,0.496,0.000,900,7.34,4.6,0.02,0.00,27.8,1,1,0,1,1,1,0,0,0,0,1,1,1,0,0,0,0,0,1,0,1,1,1,1,1,0,0,0,0,0,0,1,1,1,5156.2,0C,1,1,0,1,1,0,1,0,0,150.94,492.81,,,,,,,,,,,,,,,,,,,,,,,,,,,,,,,,,,,,,,,,,,,,,,,,,,,,,,,,,
1132,518,337,14.10,75.75,897,3.8,5.250,3.482,3.52,11.609,25.99,1.00,0.75,-0.76,0.87,0.922,1.02,-1.33,1.020,0.00,0.90,1.279,21.8,13.664,0.496,0.000,1000,7.34,4.6,0.02,0.00,27.8,1,1,0,1,1,1,0,0,0,0,1,0,1,0,0,0,0,0,0,0,0,0,0,0,0,0,0,0,0,0,0,0,0,0,0,,,,,,,,,,,,,,,,,,,,,,,,,,,,,,,,,,,,,,,,,,,,,,,,,,,,,,,,,,,,,,,,,,,,,
1133,518,756,14.00,75.75,1026,2.5,-10.500,8.006,14.09,15.914,50.18,1.00,0.29,-0.76,0.40,0.941,1.02,-1.33,1.069,0.00,0.90,1.279,21.8,18.853,0.496,0.000,1300,7.34,4.6,0.02,0.87,27.8,1,1,0,1,1,1,0,0,0,0,1,0,1,0,0,0,0,0,0,0,1,1,1,1,1,0,0,1,0,1,0,0,1,1,5156.2,0C,1,1,0,1,1,0,1,0,0,324.25,857.50,,,,,,,,,,,,,,,,,,,,,,,,,,,,,,,,,,,,,,,,,,,,,,,,,,,,,,,,,
1134,519,144,14.10,75.75,1811,2.5,4.500,7.315,15.45,18.350,51.82,1.00,0.75,-0.76,0.91,0.880,1.02,-1.33,1.124,0.00,0.90,4.061,22.5,19.196,0.496,5.250,2530,-9.85,1766.7,4.28,-48.07,114.8,0,1,0,0,0,1,0,1,1,1,1,1,0,1,1,0,0,1,0,0,0,0,0,0,0,0,0,1,0,0,1,0,0,0,8156.8,8E,0,1,0,1,0,1,1,1,1,1,1,,,,,,,,,,,,,,,,,,,,,,,,,,,,,,,,,,,,,,,,,,,,,,,,,,,,,,,,,
1135,519,545,14.10,75.75,2046,5.0,8.250,4.947,11.11,12.992,38.09,1.00,0.91,-0.76,0.93,0.861,1.02,-1.33,1.127,0.00,0.90,4.061,22.5,16.091,0.496,0.000,1500,7.04,4.6,0.02,-2.24,27.8,1,1,0,1,1,1,0,0,0,0,1,0,1,0,0,0,0,0,0,0,1,1,1,1,1,0,0,1,0,0,0,0,1,1,5156.2,0C,1,1,0,1,1,0,1,0,0,206.75,572.75,,,,,,,,,,,,,,,,,,,,,,,,,,,,,,,,,,,,,,,,,,,,,,,,,,,,,,,,,
1136,519,938,14.00,75.75,1604,7.5,10.500,6.093,12.21,12.015,42.16,1.00,0.18,-0.76,0.20,0.884,1.02,-1.33,1.085,0.00,0.90,3.107,22.5,17.121,0.496,0.000,1500,7.34,4.6,0.02,-0.02,27.8,1,1,0,1,1,1,0,0,0,0,1,0,1,0,0,0,0,0,0,0,1,1,1,1,1,0,0,1,0,0,0,0,1,1,5156.2,0C,1,1,0,1,1,0,1,0,0,274.13,729.81,,,,,,,,,,,,,,,,,,,,,,,,,,,,,,,,,,,,,,,,,,,,,,,,,,,,,,,,,
1137,520,337,13.80,75.75,1408,10.0,-2.250,7.750,14.23,11.930,54.98,1.00,0.87,-0.76,0.85,0.872,1.02,-1.33,1.119,0.00,0.90,3.107,22.5,28.878,0.496,0.000,1500,7.34,4.6,0.02,0.73,27.8,1,1,0,1,1,1,0,0,0,0,1,0,1,0,0,0,0,0,0,0,1,1,1,1,1,0,0,1,0,0,0,0,1,1,5156.2,0C,1,1,0,1,1,0,1,0,0,313.75,802.81,,,,,,,,,,,,,,,,,,,,,,,,,,,,,,,,,,,,,,,,,,,,,,,,,,,,,,,,,
1138,522,787,14.00,-48.00,11268,37.5,2.250,376.832,1003.13,14.960,230.77,1.45,0.04,-1.30,1.25,0.007,0.03,5.16,0.287,0.01,0.75,0.215,-41.3,39.454,0.719,0.000,0,0.31,1766.7,4.28,-49.63,114.8,0,1,0,0,0,1,0,1,1,1,1,1,0,1,1,0,0,1,0,0,0,0,0,0,0,0,1,0,0,1,0,0,0,0,730.2,95,0,1,0,1,0,1,1,1,1,1,1,,,,,,,,,,,,,,,,,,,,,,,,,,,,,,,,,,,,,,,,,,,,,,,,,,,,,,,,,
1139,523,184,14.10,75.75,1062,3.8,-7.500,8.333,14.77,11.366,52.57,1.00,0.83,-0.76,0.74,0.918,1.02,-1.33,1.075,0.00,0.90,1.208,22.5,23.003,0.496,0.000,1400,7.34,4.6,0.78,1.24,27.8,1,1,0,1,1,1,0,0,0,0,1,0,1,0,0,0,0,0,0,0,1,1,1,1,1,0,0,1,0,1,0,0,1,1,5156.2,0C,1,1,0,1,1,0,1,0,0,330.38,867.75,,,,,,,,,,,,,,,,,,,,,,,,,,,,,,,,,,,,,,,,,,,,,,,,,,,,,,,,,
1140,523,575,14.10,75.75,1766,3.8,8.250,4.909,10.74,3.734,36.66,1.00,0.88,-0.76,0.95,0.878,1.02,-1.33,1.119,0.00,0.90,1.208,22.5,16.777,0.496,0.000,1480,7.16,4.6,0.76,-1.41,27.8,1,1,0,1,1,1,0,0,0,0,1,0,1,0,0,0,0,0,0,0,1,1,1,1,1,0,0,1,0,0,0,0,1,1,5156.2,0C,1,1,0,1,1,0,1,0,0,226.44,616.25,,,,,,,,,,,,,,,,,,,,,,,,,,,,,,,,,,,,,,,,,,,,,,,,,,,,,,,,,
1141,523,995,14.10,75.75,1974,5.0,9.750,2.893,6.93,2.593,23.18,1.00,0.87,-0.76,0.86,0.881,1.02,-1.33,1.119,0.00,0.90,3.756,22.5,16.777,0.496,0.000,1390,7.10,4.6,0.76,-2.14,27.8,1,1,0,1,1,1,0,0,0,0,1,0,1,0,0,0,0,0,0,0,1,1,1,1,1,0,0,0,0,0,0,0,1,1,5156.2,0C,1,1,0,1,1,0,1,0,0,133.94,384.06,,,,,,,,,,,,,,,,,,,,,,,,,,,,,,,,,,,,,,,,,,,,,,,,,,,,,,,,,
1142,524,381,13.90,75.75,1483,5.0,13.500,2.323,5.03,0.000,17.77,1.00,0.15,-0.76,0.18,0.904,1.02,-1.33,1.069,0.00,0.90,3.756,22.5,17.121,0.496,0.000,1120,7.34,4.6,0.90,-0.30,27.8,1,1,0,1,1,1,0,0,0,0,1,0,1,0,0,0,0,0,1,0,1,1,1,1,1,0,0,0,0,1,0,0,1,1,5156.2,0C,1,1,0,1,1,0,1,1,1,1,1,,,,,,,,,,,,,,,,,,,,,,,,,,,,,,,,,,,,,,,,,,,,,,,,,,,,,,,,,
1143,524,785,13.10,75.75,1035,6.3,6.750,3.853,6.01,1.944,25.55,1.00,0.17,-0.76,0.18,0.920,1.02,-1.33,1.018,0.00,0.90,1.290,22.5,17.472,0.496,0.000,1120,7.34,4.6,1.66,0.94,27.8,1,1,0,1,1,1,0,0,0,0,1,0,1,0,0,0,0,0,0,0,1,1,1,1,1,0,0,1,0,1,0,0,1,1,5156.2,0C,1,1,0,1,1,0,1,0,0,164.19,544.63,,,,,,,,,,,,,,,,,,,,,,,,,,,,,,,,,,,,,,,,,,,,,,,,,,,,,,,,,
1144,525,166,13.10,75.75,927,5.0,-29.250,10.099,34.38,14.960,230.81,1.45,0.04,-1.35,0.71,0.007,0.00,-10.85,0.805,0.01,0.01,18.176,1.5,39.559,0.047,-51.000,2020,94.41,313.0,-78.91,18.41,-3.0,1,1,0,0,0,1,0,1,0,1,0,1,0,1,0,1,0,1,1,1,1,1,1,1,1,1,1,1,1,1,1,1,1,1,1,,,,,,,,,,,,,,,,,,,,,,,,,,,,,,,,,,,,,,,,,,,,,,,,,,,,,,,,,,,,,,,,,,,,,
1145,525,554,13.90,75.00,1254,5.0,-6.000,4.006,2.78,0.000,35.51,1.00,0.90,-0.76,0.96,0.895,1.02,-1.33,1.068,0.00,0.90,1.290,22.5,51.682,0.496,0.000,1200,7.35,4.6,1.74,-0.46,27.8,1,1,0,1,1,1,0,0,0,0,1,0,1,0,0,0,0,0,1,0,1,1,1,1,0,1,0,1,0,1,0,0,1,1,5156.2,0C,1,1,0,1,1,0,1,0,0,226.44,622.31,,,,,,,,,,,,,,,,,,,,,,,,,,,,,,,,,,,,,,,,,,,,,,,,,,,,,,,,,
1146,525,934,14.10,75.00,1349,5.0,1.500,2.400,4.05,0.000,23.48,1.00,0.19,-0.76,0.88,0.884,1.02,-1.33,1.050,0.00,0.90,2.010,22.5,47.883,0.496,0.000,900,7.35,4.6,1.65,-1.19,27.8,1,1,0,1,1,1,0,0,0,0,1,0,1,0,0,0,0,0,1,0,1,1,1,1,1,1,0,0,0,1,0,0,1,1,5156.2,0C,1,1,0,1,1,0,1,0,0,134.69,428.81,,,,,,,,,,,,,,,,,,,,,,,,,,,,,,,,,,,,,,,,,,,,,,,,,,,,,,,,,
1147,526,335,14.00,75.00,1190,5.0,17.250,2.362,4.25,0.000,20.09,1.00,0.16,-0.76,0.17,0.927,1.02,-1.33,1.048,0.00,0.90,2.010,22.5,47.539,0.496,0.000,900,7.35,4.6,1.64,-0.70,27.8,1,1,0,1,1,1,0,0,0,0,1,0,1,0,0,0,0,0,1,0,1,1,1,1,1,1,0,0,0,0,0,0,1,1,5156.2,0C,1,1,0,1,1,0,1,0,0,125.00,426.31,,,,,,,,,,,,,,,,,,,,,,,,,,,,,,,,,,,,,,,,,,,,,,,,,,,,,,,,,
1148,526,724,14.00,75.00,1058,3.8,11.250,2.733,4.17,0.000,22.22,1.00,0.16,-0.76,0.17,0.944,1.02,-1.33,1.032,0.00,0.90,2.010,22.5,46.845,0.496,0.000,900,7.34,4.6,1.61,-0.26,27.8,1,1,0,1,1,1,0,0,0,0,1,1,1,0,0,0,0,0,1,0,1,1,1,1,1,1,0,0,0,0,0,1,1,1,5156.2,0C,1,1,0,1,1,0,1,0,0,141.25,461.56,,,,,,,,,,,,,,,,,,,,,,,,,,,,,,,,,,,,,,,,,,,,,,,,,,,,,,,,,
1149,527,115,14.00,75.00,973,2.5,6.000,2.995,3.93,0.000,23.93,1.00,0.17,-0.76,0.18,0.962,1.02,-1.33,1.019,0.00,0.90,1.090,22.5,46.159,0.496,0.000,900,7.34,4.6,1.73,-0.04,27.8,1,1,0,1,1,1,0,0,0,0,1,1,1,0,0,0,0,0,1,0,1,1,1,1,1,1,0,0,0,0,0,1,1,1,5156.2,0C,1,1,0,1,1,0,1,0,0,148.38,481.38,,,,,,,,,,,,,,,,,,,,,,,,,,,,,,,,,,,,,,,,,,,,,,,,,,,,,,,,,
1150,527,495,13.60,75.00,937,0.0,7.500,3.002,3.52,0.000,23.60,1.00,0.17,-0.76,0.18,0.979,1.02,-1.33,1.022,0.00,0.90,1.090,22.5,45.808,0.496,0.000,900,7.34,4.6,1.82,0.00,27.8,1,1,0,1,1,1,0,0,0,0,1,1,1,0,0,0,0,0,1,0,1,1,1,1,1,1,0,0,0,0,0,1,1,1,5156.2,0C,1,1,0,1,1,0,1,0,0,144.69,473.75,,,,,,,,,,,,,,,,,,,,,,,,,,,,,,,,,,,,,,,,,,,,,,,,,,,,,,,,,
1151,527,901,13.70,75.00,918,0.0,10.500,3.072,3.44,0.000,23.60,1.00,0.18,-0.76,0.19,0.997,1.02,-1.33,1.021,0.00,0.90,1.099,22.5,45.121,0.496,0.000,900,7.35,4.6,1.88,0.00,27.8,1,1,0,1,1,1,0,0,0,0,1,0,1,0,0,0,0,0,1,0,1,1,1,1,1,1,0,0,0,0,0,0,1,1,5156.2,0C,1,1,0,1,1,0,1,0,0,145.38,475.81,,,,,,,,,,,,,,,,,,,,,,,,,,,,,,,,,,,,,,,,,,,,,,,,,,,,,,,,,
1152,528,317,13.80,75.00,909,0.0,7.500,6.810,18.97,12.586,37.48,1.00,0.20,-0.76,0.21,1.016,1.02,-1.33,1.049,0.00,0.90,1.099,22.5,34.752,0.496,0.000,1200,7.35,4.6,1.89,1.40,27.8,1,1,0,1,1,1,0,0,0,0,1,0,1,0,0,0,0,0,0,0,1,1,1,1,1,1,0,1,0,0,0,0,1,1,5156.2,0C,1,1,0,1,1,0,1,0,0,302.88,834.13,,,,,,,,,,,,,,,,,,,,,,,,,,,,,,,,,,,,,,,,,,,,,,,,,,,,,,,,,
1153,528,736,13.80,75.00,1237,0.0,-6.000,11.974,24.80,12.499,72.38,1.00,0.95,-0.76,0.96,0.981,1.02,-1.33,1.096,0.00,0.90,1.099,22.5,97.658,0.496,0.000,1500,7.35,4.6,1.89,1.29,27.8,1,1,0,1,1,1,0,0,0,0,1,0,1,0,0,0,0,0,0,0,1,1,1,1,0,1,0,1,0,0,0,0,1,1,5156.2,0C,1,1,0,1,1,0,1,0,0,409.81,959.00,,,,,,,,,,,,,,,,,,,,,,,,,,,,,,,,,,,,,,,,,,,,,,,,,,,,,,,,,
1154,529,137,13.80,75.00,1472,1.3,-0.750,6.938,12.65,8.444,50.74,1.00,0.91,-0.76,0.98,0.943,1.02,-1.33,1.116,0.00,0.90,7.377,22.5,97.658,0.496,0.000,1500,7.35,4.6,1.89,0.00,27.8,1,1,0,1,1,1,0,0,0,0,1,0,1,0,0,0,0,0,0,0,1,1,1,1,0,1,0,1,0,0,0,0,1,1,5156.2,0C,1,1,0,1,1,0,1,0,0,299.19,780.63,,,,,,,,,,,,,,,,,,,,,,,,,,,,,,,,,,,,,,,,,,,,,,,,,,,,,,,,,
1155,529,545,13.80,75.00,1556,3.8,-3.750,2.861,3.32,0.000,28.22,1.00,0.20,-0.76,0.86,0.914,1.02,-1.33,1.088,0.00,0.90,7.377,22.5,62.058,0.496,0.000,1200,7.35,4.6,1.61,-0.96,27.8,1,1,0,1,1,1,0,0,0,0,1,0,1,0,0,0,0,0,1,0,1,1,1,1,1,1,0,0,0,0,0,0,1,1,5156.2,0C,1,1,0,1,1,0,1,0,0,147.81,436.44,,,,,,,,,,,,,,,,,,,,,,,,,,,,,,,,,,,,,,,,,,,,,,,,,,,,,,,,,
1156,529,948,13.80,75.00,1309,3.8,27.750,1.779,2.66,0.000,17.32,1.00,0.15,-0.76,0.17,0.957,1.02,-1.33,1.064,0.00,0.90,1.174,22.5,61.364,0.496,0.000,900,7.35,4.6,1.55,-1.22,27.8,1,1,0,1,1,1,0,0,0,0,1,0,1,0,0,0,0,0,1,0,1,1,1,1,1,1,0,0,0,0,0,0,1,1,5156.2,0C,1,1,0,1,1,0,1,0,0,101.38,368.75,,,,,,,,,,,,,,,,,,,,,,,,,,,,,,,,,,,,,,,,,,,,,,,,,,,,,,,,,
1157,530,335,13.60,75.00,1097,2.5,21.750,4.346,7.40,6.328,27.40,1.00,0.15,-0.76,0.16,0.974,1.02,-1.33,1.032,0.00,0.90,1.174,22.5,32.677,0.496,0.000,1300,7.35,4.6,1.61,0.99,27.8,1,1,0,1,1,1,0,0,0,0,1,0,1,0,0,0,0,0,0,0,1,1,1,1,1,1,0,0,0,0,0,0,1,1,5156.2,0C,1,1,0,1,1,0,1,0,0,178.13,555.50,,,,,,,,,,,,,,,,,,,,,,,,,,,,,,,,,,,,,,,,,,,,,,,,,,,,,,,,,
1158,530,715,13.80,75.00,1360,2.5,6.750,5.376,9.30,6.656,38.53,1.00,0.90,-0.76,0.87,0.953,0.03,3.52,1.103,0.01,0.75,0.323,-41.3,40.235,0.719,12.750,0,-45.79,1766.7,4.68,-48.07,114.8,0,1,0,0,0,1,0,1,1,1,1,1,0,1,1,0,0,1,0,0,0,0,0,0,0,0,0,1,1,1,0,0,0,0,5467.8,72,0,1,0,1,0,1,1,1,1,1,1,,,,,,,,,,,,,,,,,,,,,,,,,,,,,,,,,,,,,,,,,,,,,,,,,,,,,,,,,
1159,531,126,13.80,75.00,1425,3.8,13.500,2.765,3.88,0.000,23.02,1.00,0.18,-0.76,0.39,0.960,1.02,-1.33,1.060,0.00,0.90,3.522,22.5,51.339,0.496,0.000,1100,7.35,4.6,1.75,-0.99,27.8,1,1,0,1,1,1,0,0,0,0,1,0,1,0,0,0,0,0,1,0,1,1,1,1,1,1,0,0,0,0,0,0,1,1,5156.2,0C,1,1,0,1,1,0,1,0,0,130.56,393.94,,,,,,,,,,,,,,,,,,,,,,,,,,,,,,,,,,,,,,,,,,,,,,,,,,,,,,,,,
1160,531,530,14.00,75.00,1290,2.5,16.500,1.971,2.66,0.000,16.85,1.00,0.16,-0.76,0.18,0.977,1.02,-1.33,1.069,0.00,0.90,3.522,22.5,50.996,0.496,0.000,900,7.35,4.6,1.90,-1.14,27.8,1,1,0,1,1,1,0,0,0,0,1,1,1,0,0,0,0,0,1,0,1,1,1,1,1,1,0,0,0,0,0,1,1,1,5156.2,0C,1,1,0,1,1,0,1,0,0,99.44,363.94,,,,,,,,,,,,,,,,,,,,,,,,,,,,,,,,,,,,,,,,,,,,,,,,,,,,,,,,,
1161,531,926,14.00,75.00,1129,0.0,30.750,2.144,3.32,0.000,16.66,1.00,0.16,-0.76,0.18,0.991,1.02,-1.33,1.058,0.00,0.90,0.808,22.5,50.301,0.496,0.000,900,7.35,4.6,1.97,-0.55,27.8,1,1,0,1,1,1,0,0,0,0,1,1,1,0,0,0,0,0,1,0,1,1,1,1,1,1,0,0,0,0,0,1,1,1,5156.2,0C,1,1,0,1,1,0,1,0,0,107.69,385.88,,,,,,,,,,,,,,,,,,,,,,,,,,,,,,,,,,,,,,,,,,,,,,,,,,,,,,,,,
1162,532,316,14.00,75.00,1027,0.0,9.000,3.072,7.47,8.850,22.41,1.00,0.16,-0.76,0.18,1.004,1.02,-1.33,1.031,0.00,0.90,0.808,22.5,49.264,0.496,0.000,1000,7.35,4.6,1.98,0.00,27.8,1,1,0,1,1,1,0,0,0,0,1,0,1,0,0,0,0,0,0,0,1,1,1,1,1,1,0,0,0,0,0,0,1,1,5156.2,0C,1,1,0,1,1,0,1,0,0,156.81,498.94,,,,,,,,,,,,,,,,,,,,,,,,,,,,,,,,,,,,,,,,,,,,,,,,,,,,,,,,,
1163,532,720,14.00,75.00,1173,0.0,-5.250,9.357,18.97,18.593,56.13,1.00,0.89,-0.76,0.74,0.999,1.02,-1.33,1.091,0.00,0.90,0.808,22.5,97.658,0.496,0.000,1400,7.35,4.6,1.98,0.16,27.8,1,1,0,1,1,1,0,0,0,0,1,0,1,0,0,0,0,0,0,0,1,1,1,1,1,1,0,1,0,1,0,0,1,1,5156.2,0C,1,1,0,1,1,0,1,0,0,367.13,906.63,,,,,,,,,,,,,,,,,,,,,,,,,,,,,,,,,,,,,,,,,,,,,,,,,,,,,,,,,
1164,533,98,14.00,75.00,1696,1.3,2.250,6.240,13.62,15.100,46.88,1.00,0.87,-0.76,0.93,0.957,1.02,-1.33,1.114,0.00,0.90,5.053,22.5,97.658,0.496,0.000,1500,7.25,4.6,1.95,-1.10,27.8,1,1,0,1,1,1,0,0,0,0,1,0,1,0,0,0,0,0,0,0,1,1,1,1,1,1,0,1,0,0,0,0,1,1,5156.2,0C,1,1,0,1,1,0,1,1,1,1,1,,,,,,,,,,,,,,,,,,,,,,,,,,,,,,,,,,,,,,,,,,,,,,,,,,,,,,,,,
1165,533,495,13.70,75.75,1771,2.5,10.500,4.710,10.40,10.718,33.77,1.00,0.17,-0.76,0.19,1.010,0.14,4.75,1.137,0.01,0.75,0.323,-41.3,26.172,0.719,94.500,2540,-90.32,1766.7,4.68,-48.07,114.8,0,1,0,0,0,1,0,1,1,1,1,1,0,1,1,0,0,1,0,0,0,0,0,0,0,0,1,0,1,1,0,0,0,0,3035.5,B9,0,1,0,1,0,1,1,1,1,1,1,,,,,,,,,,,,,,,,,,,,,,,,,,,,,,,,,,,,,,,,,,,,,,,,,,,,,,,,,
1166,533,901,14.10,75.75,1571,5.0,5.250,5.715,10.13,8.765,40.13,1.00,0.91,-0.76,0.87,1.000,1.02,-1.33,1.084,0.00,0.90,4.304,22.5,58.946,0.496,0.000,1500,7.35,4.6,1.98,-0.16,27.8,1,1,0,1,1,1,0,0,0,0,1,0,1,0,0,0,0,0,0,0,1,1,1,1,1,1,0,1,0,0,0,0,1,1,5156.2,0C,1,1,0,1,1,0,1,0,0,242.38,652.81,,,,,,,,,,,,,,,,,,,,,,,,,,,,,,,,,,,,,,,,,,,,,,,,,,,,,,,,,
1167,534,306,14.10,75.75,1509,6.3,7.500,2.586,3.52,0.000,21.98,1.00,0.84,-0.76,0.91,0.970,1.02,-1.33,1.079,0.00,0.90,4.304,22.5,50.301,0.496,0.000,1200,7.35,4.6,2.01,-0.49,27.8,1,1,0,1,1,1,0,0,0,0,1,0,1,0,0,0,0,0,1,0,1,1,1,1,1,1,0,0,0,1,0,0,1,1,5156.2,0C,1,1,0,1,1,0,1,0,0,127.63,386.06,,,,,,,,,,,,,,,,,,,,,,,,,,,,,,,,,,,,,,,,,,,,,,,,,,,,,,,,,
1168,534,686,14.10,75.75,1354,6.3,9.000,1.965,3.08,0.000,16.66,1.00,0.16,-0.76,0.20,1.004,1.02,-1.33,1.075,0.00,0.90,4.304,22.5,49.958,0.496,0.000,900,7.35,4.6,2.09,-1.49,27.8,1,1,0,1,1,1,0,0,0,0,1,0,1,0,0,0,0,0,1,0,1,1,1,1,1,1,0,0,0,0,0,0,1,1,5156.2,0C,1,1,0,1,1,0,1,0,0,98.06,350.44,,,,,,,,,,,,,,,,,,,,,,,,,,,,,,,,,,,,,,,,,,,,,,,,,,,,,,,,,
1169,535,71,14.10,75.75,1321,6.3,1.500,8.275,12.65,18.187,48.59,1.00,0.18,-0.76,0.18,1.026,1.02,-1.33,1.109,0.00,0.90,0.914,22.5,79.339,0.496,-53.250,0,0.31,1766.7,4.68,-41.82,114.8,0,1,0,0,0,1,0,1,1,1,1,1,0,1,1,0,0,1,1,1,1,1,1,1,1,1,1,1,1,1,1,1,1,1,1,,,,,,,,,,,,,,,,,,,,,,,,,,,,,,,,,,,,,,,,,,,,,,,,,,,,,,,,,,,,,,,,,,,,,
1170,535,460,14.10,75.75,1959,6.3,27.750,5.382,11.96,14.124,37.29,1.00,0.18,-0.76,0.22,1.018,1.02,-1.33,1.131,0.00,0.90,0.914,22.5,71.733,0.496,-73.500,2520,-48.91,1766.7,4.68,-48.07,114.8,0,1,0,0,0,1,0,1,1,1,1,1,0,1,1,0,0,1,0,0,0,0,0,0,0,0,0,1,1,1,0,0,0,0,4187.3,9A,0,1,0,1,0,1,1,1,1,1,1,,,,,,,,,,,,,,,,,,,,,,,,,,,,,,,,,,,,,,,,,,,,,,,,,,,,,,,,,
1171,535,857,14.10,75.75,1894,7.5,30.000,3.885,9.79,11.038,29.32,1.00,0.68,-0.76,0.91,0.973,1.02,-1.33,1.110,0.00,0.90,3.756,22.5,54.108,0.496,0.000,900,7.17,4.6,2.08,-2.57,27.8,1,1,0,1,1,1,0,0,0,0,1,0,1,0,0,0,0,0,0,0,1,1,1,1,1,1,0,1,0,0,0,0,1,1,5156.2,0C,1,1,0,1,1,0,1,0,0,178.56,515.63,,,,,,,,,,,,,,,,,,,,,,,,,,,,,,,,,,,,,,,,,,,,,,,,,,,,,,,,,
1172,536,256,14.10,75.75,1589,10.0,10.500,5.043,8.94,11.609,34.27,1.00,0.77,-0.76,0.25,1.000,1.02,-1.33,1.081,0.00,0.90,3.756,22.5,48.226,0.496,0.000,900,7.35,4.6,2.13,-2.64,27.8,1,1,0,1,1,1,0,0,0,0,1,0,1,0,0,0,0,0,0,0,1,1,1,1,1,1,0,1,0,0,0,0,1,1,5156.2,0C,1,1,0,1,1,0,1,0,0,209.94,582.31,,,,,,,,,,,,,,,,,,,,,,,,,,,,,,,,,,,,,,,,,,,,,,,,,,,,,,,,,
1173,536,637,14.10,75.75,1593,11.3,14.250,5.869,11.96,17.211,42.23,1.00,0.88,-0.76,0.91,0.974,1.02,-1.33,1.101,0.00,0.90,3.756,22.5,75.189,0.496,0.000,900,7.33,4.6,2.12,-2.63,27.8,1,1,0,1,1,1,0,0,0,0,1,0,1,0,0,0,0,0,0,0,1,1,1,1,1,1,0,1,0,0,0,0,1,1,5156.2,0C,1,1,0,1,1,0,1,0,0,238.00,675.25,,,,,,,,,,,,,,,,,,,,,,,,,,,,,,,,,,,,,,,,,,,,,,,,,,,,,,,,,
1174,537,40,14.10,75.75,1865,13.8,25.500,5.773,13.31,16.234,40.76,1.00,0.17,-0.76,0.18,1.005,1.02,-1.33,1.118,0.00,0.90,4.180,22.5,77.264,0.496,0.000,900,7.14,4.6,2.07,-2.57,27.8,1,1,0,1,1,1,0,0,0,0,1,0,1,0,0,0,0,0,0,0,1,1,1,1,1,1,0,1,0,0,0,0,1,1,5156.2,0C,1,1,0,1,1,0,1,0,0,252.94,662.50,,,,,,,,,,,,,,,,,,,,,,,,,,,,,,,,,,,,,,,,,,,,,,,,,,,,,,,,,
1175,537,439,14.10,75.75,2136,15.0,26.250,5.824,12.94,16.234,41.60,1.00,0.90,-0.76,0.84,1.001,1.02,-1.33,1.146,0.00,0.90,4.180,22.5,82.101,0.496,0.000,900,6.95,4.6,2.01,-2.50,27.8,1,1,0,1,1,1,0,0,0,0,1,0,1,0,0,0,0,0,0,0,1,1,1,1,1,1,0,1,0,0,0,0,1,1,5156.2,0C,1,1,0,1,1,0,1,0,0,251.81,615.19,,,,,,,,,,,,,,,,,,,,,,,,,,,,,,,,,,,,,,,,,,,,,,,,,,,,,,,,,
1176,537,836,14.10,75.75,2454,17.5,24.750,6.445,18.90,21.437,46.71,1.45,0.04,-1.47,0.86,0.007,0.19,-5.29,1.953,0.01,0.75,0.194,-42.0,64.063,0.719,-96.000,2520,-20.00,1766.7,1.55,-48.07,114.8,0,1,0,0,0,1,0,1,1,1,1,1,0,1,1,0,0,1,0,0,0,0,0,0,0,0,0,1,0,0,1,0,0,0,7901.2,94,0,1,0,1,0,1,1,1,1,1,1,,,,,,,,,,,,,,,,,,,,,,,,,,,,,,,,,,,,,,,,,,,,,,,,,,,,,,,,,
1177,538,227,14.10,75.75,2847,20.0,23.250,9.222,27.73,25.171,60.52,1.00,0.16,-0.76,0.20,1.024,1.02,-1.33,1.112,0.00,0.90,7.043,22.5,97.658,0.496,0.000,900,6.63,4.6,1.92,-2.38,27.8,1,1,0,1,1,1,0,0,0,0,1,0,0,0,0,0,0,0,0,0,1,1,1,1,1,1,0,1,0,0,0,0,1,1,5156.2,0C,1,1,0,1,1,0,1,0,0,381.69,862.69,,,,,,,,,,,,,,,,,,,,,,,,,,,,,,,,,,,,,,,,,,,,,,,,,,,,,,,,,
1178,538,646,14.10,75.75,3397,25.0,21.750,9.216,27.78,25.983,63.26,1.00,0.87,-0.76,0.87,0.993,1.02,-1.33,1.109,0.00,0.90,7.043,21.8,97.658,0.496,0.000,900,6.63,4.6,1.92,-2.15,27.8,1,1,0,1,1,1,0,0,0,0,1,0,0,0,0,0,0,0,0,0,1,1,1,1,1,1,0,1,0,0,0,0,1,1,5156.2,0C,1,1,0,1,1,0,1,0,0,408.13,824.50,,,,,,,,,,,,,,,,,,,,,,,,,,,,,,,,,,,,,,,,,,,,,,,,,,,,,,,,,
1179,539,48,14.10,75.75,3791,28.8,6.000,4.090,13.79,0.000,34.92,1.00,0.98,-0.76,1.01,0.923,1.02,-1.33,1.159,0.00,0.90,16.288,21.8,95.232,0.496,0.000,900,6.62,4.6,1.92,-4.09,27.8,1,1,0,1,1,1,0,0,0,0,1,0,1,0,0,0,0,0,1,0,1,1,1,1,0,0,0,1,0,1,0,0,1,1,5156.2,0C,1,1,0,1,1,0,1,0,0,145.25,366.94,,,,,,,,,,,,,,,,,,,,,,,,,,,,,,,,,,,,,,,,,,,,,,,,,,,,,,,,,
1180,539,437,14.10,75.75,3465,28.8,25.500,1.690,7.10,0.000,13.52,1.00,0.94,-0.76,1.01,0.878,1.02,-1.33,1.158,0.00,0.90,16.288,21.8,44.083,0.496,0.000,900,6.62,4.6,1.92,-4.46,27.8,1,1,0,1,1,1,0,0,0,0,1,0,1,0,0,0,0,0,0,0,0,0,0,0,0,0,0,0,1,0,0,0,0,0,10583.8,5,0,1,0,1,0,1,1,1,1,1,1,,,,,,,,,,,,,,,,,,,,,,,,,,,,,,,,,,,,,,,,,,,,,,,,,,,,,,,,,
1181,539,826,14.10,75.75,3139,28.8,32.250,4.038,18.48,16.397,26.67,1.00,0.17,-0.76,0.20,0.912,1.02,-1.33,1.185,0.00,0.90,2.739,21.8,97.658,0.496,0.000,900,6.61,4.6,1.91,-2.37,27.8,1,1,0,1,1,1,0,0,0,0,1,0,1,0,0,0,0,0,0,0,1,1,1,1,0,1,0,0,0,1,0,0,1,1,5156.2,0C,1,1,0,1,1,0,1,0,0,197.56,538.88,,,,,,,,,,,,,,,,,,,,,,,,,,,,,,,,,,,,,,,,,,,,,,,,,,,,,,,,,
1182,540,256,14.10,75.75,2488,30.0,27.750,6.214,14.94,16.234,43.15,1.00,0.16,-0.76,0.18,0.968,1.02,-1.33,1.158,0.00,0.90,2.739,21.0,92.126,0.496,0.000,900,6.78,4.6,1.96,-2.44,27.8,1,1,0,1,1,1,0,0,0,0,1,0,1,0,0,0,0,0,0,0,1,1,1,1,1,1,0,1,0,0,0,0,1,1,5156.2,0C,1,1,0,1,1,0,1,0,0,273.75,659.00,,,,,,,,,,,,,,,,,,,,,,,,,,,,,,,,,,,,,,,,,,,,,,,,,,,,,,,,,
1183,542,749,14.10,76.50,3626,48.8,16.500,12.557,51.22,48.234,89.37,1.00,0.94,-0.76,0.98,0.905,1.02,-1.33,1.113,0.00,0.90,0.194,-42.0,44.532,0.719,85.500,2530,-82.50,1766.7,1.35,-48.07,114.8,0,1,0,0,0,1,0,1,1,1,1,1,0,1,1,0,0,1,0,0,0,0,0,0,0,0,1,0,0,0,0,1,0,0,1247.2,A8,0,1,0,1,0,1,1,1,1,1,1,,,,,,,,,,,,,,,,,,,,,,,,,,,,,,,,,,,,,,,,,,,,,,,,,,,,,,,,,
1184,543,161,14.10,76.50,3865,52.5,18.000,10.803,42.58,48.234,83.30,1.00,0.28,-0.76,0.94,0.868,1.02,-1.33,1.118,0.00,0.90,20.692,20.3,97.658,0.496,0.000,900,6.59,4.6,1.91,-1.63,27.8,1,1,0,1,1,1,0,0,0,0,1,0,0,0,0,0,0,0,0,0,1,1,1,1,0,1,0,1,0,0,0,0,1,1,5156.2,0C,1,1,0,1,1,0,1,0,0,506.50,941.13,,,,,,,,,,,,,,,,,,,,,,,,,,,,,,,,,,,,,,,,,,,,,,,,,,,,,,,,,
1185,543,566,14.10,76.50,4104,55.0,14.250,8.109,24.80,0.000,63.68,1.00,0.21,-0.76,0.60,0.939,1.02,-1.33,1.120,0.00,0.90,20.692,20.3,97.658,0.496,0.000,900,6.63,4.6,1.92,-3.74,27.8,1,1,0,1,1,1,0,0,0,0,1,0,0,0,0,0,0,0,1,0,1,1,1,1,0,0,0,1,0,1,0,0,1,1,5156.2,0C,1,1,0,1,1,0,1,0,0,253.31,590.56,,,,,,,,,,,,,,,,,,,,,,,,,,,,,,,,,,,,,,,,,,,,,,,,,,,,,,,,,
1186,543,966,14.10,76.50,3739,56.3,15.750,1.837,7.52,0.000,15.28,1.00,0.95,-0.76,1.01,0.865,1.02,-1.33,1.153,0.00,0.90,2.010,19.5,47.196,0.496,0.000,900,6.58,4.6,1.90,-4.13,27.8,1,1,0,1,1,1,0,0,0,0,1,0,1,0,0,0,0,0,1,0,1,1,1,1,0,0,0,0,0,1,0,0,1,1,5156.2,0C,1,1,0,1,1,0,1,0,0,93.81,239.38,,,,,,,,,,,,,,,,,,,,,,,,,,,,,,,,,,,,,,,,,,,,,,,,,,,,,,,,,
1187,544,376,14.10,76.50,3194,56.3,32.250,4.870,17.99,16.320,28.03,0.97,0.89,-0.76,0.98,0.977,1.02,-1.33,1.181,0.00,0.90,2.010,19.5,45.121,0.496,0.000,900,6.58,4.6,1.90,-2.36,27.8,1,1,0,1,1,1,0,0,0,0,1,0,1,0,0,0,0,0,0,0,1,1,1,1,0,0,0,0,0,1,0,0,1,1,5156.2,0C,1,1,0,1,1,0,1,0,0,162.94,455.94,,,,,,,,,,,,,,,,,,,,,,,,,,,,,,,,,,,,,,,,,,,,,,,,,,,,,,,,,
1188,544,767,14.10,76.50,2722,56.3,26.250,9.165,26.22,24.030,54.56,0.98,0.24,-0.76,0.31,1.022,1.02,-1.33,1.126,0.00,0.90,7.682,19.5,58.251,0.496,0.000,900,6.58,4.6,1.90,-2.36,27.8,1,1,0,1,1,1,0,0,0,0,1,0,1,0,0,0,0,0,0,0,1,1,1,1,1,0,0,1,0,0,0,0,1,1,5156.2,0C,1,1,0,1,1,0,1,0,0,323.19,805.19,,,,,,,,,,,,,,,,,,,,,,,,,,,,,,,,,,,,,,,,,,,,,,,,,,,,,,,,,
1189,545,166,14.10,76.50,2780,58.8,17.250,12.922,48.73,31.827,78.40,0.96,0.78,-0.76,0.46,1.042,1.02,-1.33,1.117,0.00,0.90,7.682,19.5,97.658,0.496,0.000,900,6.58,4.6,1.90,-2.36,27.8,1,1,0,1,1,1,0,0,0,0,1,0,1,0,0,0,0,0,0,0,1,1,1,1,0,1,0,1,0,0,0,0,1,1,5156.2,0C,1,1,0,1,1,0,1,0,0,471.19,988.56,,,,,,,,,,,,,,,,,,,,,,,,,,,,,,,,,,,,,,,,,,,,,,,,,,,,,,,,,
1190,545,569,14.10,76.50,2852,60.0,18.750,11.328,43.38,37.351,75.94,0.96,0.88,-0.76,0.94,0.970,1.02,-1.33,1.114,0.00,0.90,7.682,19.5,97.658,0.496,0.000,900,6.58,4.6,1.90,-2.36,27.8,1,1,0,1,1,1,0,0,0,0,1,0,0,0,0,0,0,0,0,0,1,1,1,1,0,1,0,1,0,0,0,0,1,1,5156.2,0C,1,1,0,1,1,0,1,0,0,461.31,979.00,,,,,,,,,,,,,,,,,,,,,,,,,,,,,,,,,,,,,,,,,,,,,,,,,,,,,,,,,
1191,545,969,14.10,-43.50,8217,171.3,9.000,203.200,627.98,52.851,1100.77,1.45,0.04,-1.42,0.19,0.007,0.41,6.28,1.953,0.01,0.75,0.194,-42.0,42.188,0.719,84.000,2520,-4.38,1766.7,1.35,-48.07,114.8,0,1,0,0,0,1,0,1,1,1,1,1,0,1,1,0,0,1,0,0,0,0,0,0,0,0,0,0,1,1,1,0,0,0,7348.7,87,0,1,0,1,0,1,1,1,1,1,1,,,,,,,,,,,,,,,,,,,,,,,,,,,,,,,,,,,,,,,,,,,,,,,,,,,,,,,,,
1192,546,376,14.10,76.50,3069,63.8,19.500,11.014,40.33,39.297,74.95,0.98,0.23,-0.76,0.79,0.974,1.02,-1.33,1.107,0.00,0.90,14.442,19.5,97.658,0.496,0.000,900,6.58,4.6,1.90,-2.36,27.8,1,1,0,1,1,1,0,0,0,0,1,0,0,0,0,0,0,0,0,0,1,1,1,1,0,1,0,1,0,0,0,0,1,1,5156.2,0C,1,1,0,1,1,0,1,0,0,459.25,963.50,,,,,,,,,,,,,,,,,,,,,,,,,,,,,,,,,,,,,,,,,,,,,,,,,,,,,,,,,
1193,546,757,14.10,76.50,3171,66.3,19.500,11.488,42.46,39.460,76.29,0.99,0.29,-0.76,0.90,0.999,1.02,-1.33,1.104,0.00,0.90,16.045,19.5,97.658,0.496,0.000,900,6.58,4.6,1.90,-2.36,27.8,1,1,0,1,1,1,0,0,0,0,1,0,0,0,0,0,0,0,0,0,1,1,1,1,0,1,0,1,0,0,0,0,1,1,5156.2,0C,1,1,0,1,1,0,1,0,0,467.31,966.38,,,,,,,,,,,,,,,,,,,,,,,,,,,,,,,,,,,,,,,,,,,,,,,,,,,,,,,,,
1194,547,157,14.10,76.50,3235,68.8,18.750,11.462,43.68,39.460,77.04,1.00,0.74,-0.76,0.92,0.986,1.02,-1.33,1.104,0.00,0.90,16.045,19.5,97.658,0.496,0.000,900,6.58,4.6,1.90,-2.33,27.8,1,1,0,1,1,1,0,0,0,0,1,0,0,0,0,0,0,0,0,0,1,1,1,1,0,1,0,1,0,0,0,0,1,1,5156.2,0C,1,1,0,1,1,0,1,0,0,473.56,971.19,,,,,,,,,,,,,,,,,,,,,,,,,,,,,,,,,,,,,,,,,,,,,,,,,,,,,,,,,
1195,547,556,14.10,76.50,3336,70.0,18.750,11.277,45.39,39.460,78.07,1.00,0.48,-0.76,0.95,0.996,1.02,-1.33,1.106,0.00,0.90,16.045,18.8,97.658,0.540,0.000,900,6.57,4.6,1.90,-2.21,27.8,1,1,0,1,1,1,0,0,0,0,1,0,0,0,0,0,0,0,0,0,1,1,1,1,0,1,0,1,0,0,0,0,1,1,5156.2,0C,1,1,0,1,1,0,1,0,0,478.44,972.50,,,,,,,,,,,,,,,,,,,,,,,,,,,,,,,,,,,,,,,,,,,,,,,,,,,,,,,,,
1196,549,978,14.10,77.25,2648,76.3,21.750,9.472,30.91,25.335,65.46,1.00,0.17,-0.76,0.23,0.942,1.02,-1.33,1.120,0.00,0.90,7.682,18.0,97.658,0.540,0.000,900,6.59,4.6,1.91,-2.37,27.8,1,1,0,1,1,1,0,0,0,0,1,0,1,0,0,0,0,0,0,0,1,1,1,1,1,1,0,1,0,0,0,0,1,1,5156.2,0C,1,1,0,1,1,0,1,0,0,392.31,921.75,,,,,,,,,,,,,,,,,,,,,,,,,,,,,,,,,,,,,,,,,,,,,,,,,,,,,,,,,
1197,550,366,14.10,77.25,2681,77.5,17.250,11.187,52.44,36.374,77.74,1.00,0.87,-0.76,0.87,0.954,1.02,-1.33,1.120,0.00,0.90,7.682,18.8,97.658,0.540,0.000,900,6.57,4.6,1.90,-2.36,27.8,1,1,0,1,1,1,0,0,0,0,1,0,0,0,0,0,0,0,0,0,1,1,1,1,0,1,0,1,0,0,0,0,1,1,5156.2,0C,1,1,0,1,1,0,1,0,0,474.25,996.94,,,,,,,,,,,,,,,,,,,,,,,,,,,,,,,,,,,,,,,,,,,,,,,,,,,,,,,,,
1198,550,756,14.10,77.25,2721,78.8,18.000,10.579,43.14,41.250,74.32,1.00,0.30,-0.76,0.54,0.968,1.02,-1.33,1.120,0.00,0.90,12.805,18.8,97.658,0.540,0.000,900,6.57,4.6,1.90,-2.36,27.8,1,1,0,1,1,1,0,0,0,0,1,0,0,0,0,0,0,0,0,0,1,1,1,1,0,1,0,1,0,0,0,0,1,1,5156.2,0C,1,1,0,1,1,0,1,0,0,452.56,983.63,,,,,,,,,,,,,,,,,,,,,,,,,,,,,,,,,,,,,,,,,,,,,,,,,,,,,,,,,
1199,551,156,14.10,77.25,2750,78.8,18.750,10.586,42.09,42.467,73.76,1.00,0.22,-0.76,0.76,0.981,1.02,-1.33,1.118,0.00,0.90,12.805,18.8,97.658,0.540,0.000,900,6.57,4.6,1.90,-2.36,27.8,1,1,0,1,1,1,0,0,0,0,1,0,0,0,0,0,0,0,0,0,1,1,1,1,0,1,0,1,0,0,0,0,1,1,5156.2,0C,1,1,0,1,1,0,1,0,0,451.00,978.75,,,,,,,,,,,,,,,,,,,,,,,,,,,,,,,,,,,,,,,,,,,,,,,,,,,,,,,,,
1200,553,582,14.10,78.00,3026,87.5,19.500,10.995,41.48,38.811,75.33,1.00,0.29,-0.76,0.87,0.999,1.02,-1.33,1.109,0.00,0.90,14.794,18.0,97.658,0.584,0.000,900,6.56,4.6,1.90,-2.36,27.8,1,1,0,1,1,1,0,0,0,0,1,0,0,0,0,0,0,0,0,0,1,1,1,1,0,1,0,1,0,0,0,0,1,1,5156.2,0C,1,1,0,1,1,0,1,0,0,461.25,970.88,,,,,,,,,,,,,,,,,,,,,,,,,,,,,,,,,,,,,,,,,,,,,,,,,,,,,,,,,
1201,554,7,14.10,78.00,3071,88.8,19.500,11.373,42.77,36.703,75.98,1.00,0.69,-0.76,0.94,0.996,1.02,-1.33,1.107,0.00,0.90,16.828,18.0,97.658,0.584,0.000,900,6.56,4.6,1.90,-2.36,27.8,1,1,0,1,1,1,0,0,0,0,1,0,0,0,0,0,0,0,0,0,1,1,1,1,0,1,0,1,0,0,0,0,1,1,5156.2,0C,1,1,0,1,1,0,1,0,0,465.81,973.00,,,,,,,,,,,,,,,,,,,,,,,,,,,,,,,,,,,,,,,,,,,,,,,,,,,,,,,,,
1202,554,403,14.10,78.00,3066,88.8,33.750,2.483,10.99,0.000,23.27,1.00,0.88,-0.76,1.05,0.969,1.02,-1.33,1.182,0.00,0.90,16.828,18.0,72.427,0.584,0.000,900,6.56,4.6,1.90,-4.63,27.8,1,1,0,1,1,1,0,0,0,0,1,0,0,0,0,0,0,0,1,0,1,1,1,1,0,0,0,0,0,1,0,0,1,1,5156.2,0C,1,1,0,1,1,0,1,0,0,138.50,444.19,,,,,,,,,,,,,,,,,,,,,,,,,,,,,,,,,,,,,,,,,,,,,,,,,,,,,,,,,
1203,554,796,14.10,78.00,3051,88.8,36.750,2.394,9.11,0.000,17.32,1.00,0.16,-0.76,0.24,1.031,1.02,-1.33,1.165,0.00,0.90,3.130,18.0,51.682,0.584,0.000,900,6.56,4.6,1.90,-4.61,27.8,1,1,0,1,1,1,0,0,0,0,1,0,0,0,0,0,0,0,1,0,1,1,1,1,1,0,0,0,0,1,0,0,1,1,5156.2,0C,1,1,0,1,1,0,1,0,0,103.50,321.56,,,,,,,,,,,,,,,,,,,,,,,,,,,,,,,,,,,,,,,,,,,,,,,,,,,,,,,,,
1204,555,196,14.10,78.75,3051,87.5,36.750,2.848,12.04,12.335,18.56,1.00,0.16,-0.76,0.25,1.071,1.02,-1.33,1.165,0.00,0.90,3.130,18.0,64.820,0.584,0.000,900,6.56,4.6,1.90,-2.35,27.8,1,1,0,1,1,1,0,0,0,0,1,0,0,0,0,0,0,0,0,0,1,1,1,1,1,0,0,0,0,1,0,0,1,1,5156.2,0C,1,1,0,1,1,0,1,0,0,121.38,357.13,,,,,,,,,,,,,,,,,,,,,,,,,,,,,,,,,,,,,,,,,,,,,,,,,,,,,,,,,
1205,555,588,14.10,78.75,3053,87.5,29.250,5.734,16.41,13.803,36.68,1.00,0.20,-0.76,0.27,1.124,1.02,-1.33,1.162,0.00,0.90,3.130,18.0,97.658,0.584,0.000,900,6.56,4.6,1.90,-2.35,27.8,1,1,0,1,1,1,0,0,0,0,1,0,0,0,0,0,0,0,0,0,1,1,1,1,1,1,0,1,0,0,0,0,1,1,5156.2,0C,1,1,0,1,1,0,1,0,0,220.44,588.19,,,,,,,,,,,,,,,,,,,,,,,,,,,,,,,,,,,,,,,,,,,,,,,,,,,,,,,,,
1206,555,989,14.10,78.75,3041,87.5,23.250,3.258,10.57,0.000,20.84,1.00,0.19,-0.76,0.51,1.143,1.02,-1.33,1.167,0.00,0.90,7.435,18.0,57.908,0.584,0.000,900,6.56,4.6,1.90,-4.61,27.8,1,1,0,1,1,1,0,0,0,0,1,0,0,0,0,0,0,0,1,0,1,1,1,1,1,0,0,0,0,1,0,0,1,1,5156.2,0C,1,1,0,1,1,0,1,0,0,124.38,372.19,,,,,,,,,,,,,,,,,,,,,,,,,,,,,,,,,,,,,,,,,,,,,,,,,,,,,,,,,
1207,556,395,14.10,78.75,3031,87.5,38.250,2.330,7.84,0.000,14.25,1.00,0.74,-0.76,0.80,1.124,1.02,-1.33,1.166,0.00,0.90,7.435,18.0,44.427,0.584,0.000,900,6.56,4.6,1.90,-4.61,27.8,1,1,0,1,1,1,0,0,0,0,1,0,0,0,0,0,0,0,1,0,1,1,1,1,1,0,0,0,0,1,0,0,1,1,5156.2,0C,1,1,0,1,1,0,1,0,0,85.44,285.94,,,,,,,,,,,,,,,,,,,,,,,,,,,,,,,,,,,,,,,,,,,,,,,,,,,,,,,,,
1208,556,810,14.10,78.75,3003,86.3,6.000,1.888,6.74,0.000,10.13,1.00,0.18,-0.76,0.26,1.182,1.02,-1.33,1.166,0.00,0.90,2.113,18.8,36.477,0.584,0.000,900,6.56,4.6,1.90,-4.60,27.8,1,1,0,1,1,1,0,0,0,0,1,0,0,0,0,0,0,0,1,0,1,1,1,1,1,0,0,0,0,1,0,0,1,1,5156.2,0C,1,1,0,1,1,0,1,0,0,62.19,231.31,,,,,,,,,,,,,,,,,,,,,,,,,,,,,,,,,,,,,,,,,,,,,,,,,,,,,,,,,
1209,557,210,14.10,78.75,2967,85.0,-11.250,0.000,7.10,0.000,10.73,1.00,0.13,-0.76,0.21,1.000,1.02,-1.33,1.166,0.00,0.90,2.113,18.8,0.000,0.584,0.000,900,6.56,4.6,1.90,-4.57,27.8,1,1,0,1,1,1,0,0,0,0,1,0,0,0,0,0,0,0,1,0,0,1,0,1,0,0,1,0,0,1,0,0,1,1,5156.2,0C,1,1,0,1,1,0,1,0,0,66.50,242.69,,,,,,,,,,,,,,,,,,,,,,,,,,,,,,,,,,,,,,,,,,,,,,,,,,,,,,,,,
1210,557,599,14.10,78.75,2944,85.0,-12.000,0.000,6.98,0.000,10.85,1.00,0.12,-0.76,0.20,1.000,1.02,-1.33,1.166,0.00,0.90,2.113,18.8,0.000,0.584,0.000,900,6.57,4.6,1.90,-4.56,27.8,1,1,0,1,1,1,0,0,0,0,1,0,0,0,0,0,0,0,1,0,0,1,0,1,0,0,1,0,0,1,0,0,1,1,5156.2,0C,1,1,0,1,1,0,1,0,0,66.44,243.25,,,,,,,,,,,,,,,,,,,,,,,,,,,,,,,,,,,,,,,,,,,,,,,,,,,,,,,,,
1211,558,7,14.10,78.75,2896,83.8,-11.250,0.000,6.98,0.000,10.71,1.00,0.12,-0.76,0.20,1.000,1.02,-1.33,1.166,0.00,0.90,0.000,18.8,0.000,0.584,0.000,900,6.57,4.6,1.90,-4.54,27.8,1,1,0,1,1,1,0,0,0,0,1,0,0,0,0,0,0,0,1,0,0,1,0,1,0,0,1,0,0,1,0,0,1,1,5156.2,0C,1,1,0,1,1,0,1,0,0,65.31,240.69,,,,,,,,,,,,,,,,,,,,,,,,,,,,,,,,,,,,,,,,,,,,,,,,,,,,,,,,,
1212,558,396,14.10,78.75,2867,82.5,-11.250,0.000,6.86,0.000,10.57,1.00,0.12,-0.76,0.19,1.000,1.02,-1.33,1.166,0.00,0.90,0.000,19.5,0.000,0.584,0.000,900,6.58,4.6,1.90,-4.53,27.8,1,1,0,1,1,1,0,0,0,0,1,0,0,0,0,0,0,0,1,0,0,1,0,1,0,0,1,0,0,1,0,0,1,1,5156.2,0C,1,1,0,1,1,0,1,0,0,65.06,240.44,,,,,,,,,,,,,,,,,,,,,,,,,,,,,,,,,,,,,,,,,,,,,,,,,,,,,,,,,
1213,558,800,14.10,78.75,2827,81.3,-11.250,0.000,6.74,0.000,10.50,1.00,0.12,-0.76,0.19,1.000,1.02,-1.33,1.166,0.00,0.90,0.000,19.5,0.000,0.584,0.000,900,6.58,4.6,1.90,-4.50,27.8,1,1,0,1,1,1,0,0,0,0,1,0,0,0,0,0,0,0,1,0,0,1,0,1,0,0,1,0,0,1,0,0,1,1,5156.2,0C,1,1,0,1,1,0,1,0,0,64.81,240.31,,,,,,,,,,,,,,,,,,,,,,,,,,,,,,,,,,,,,,,,,,,,,,,,,,,,,,,,,
1214,559,207,14.10,78.75,2792,81.3,0.750,2.035,6.79,6.000,9.82,0.97,0.13,-0.76,0.20,1.000,1.02,-1.33,1.166,0.00,0.90,0.000,19.5,8.995,0.584,0.000,900,6.58,4.6,1.90,-2.37,27.8,1,1,0,1,1,1,0,0,0,0,1,0,0,0,0,0,0,0,0,0,1,1,1,1,0,0,0,0,0,1,0,0,1,1,5156.2,0C,1,1,0,1,1,0,1,0,0,59.63,227.50,,,,,,,,,,,,,,,,,,,,,,,,,,,,,,,,,,,,,,,,,,,,,,,,,,,,,,,,,
1215,559,616,14.10,78.75,2834,80.0,35.250,3.872,13.55,12.882,20.67,0.97,0.19,-0.76,0.24,1.033,1.02,-1.33,1.165,0.00,0.90,0.000,20.3,9.178,0.584,0.000,900,6.59,4.6,1.91,-2.37,27.8,1,1,0,1,1,1,0,0,0,0,1,0,0,0,0,0,0,0,0,0,1,1,1,1,0,0,0,0,0,1,0,0,1,1,5156.2,0C,1,1,0,1,1,0,1,0,0,138.88,416.81,,,,,,,,,,,,,,,,,,,,,,,,,,,,,,,,,,,,,,,,,,,,,,,,,,,,,,,,,
1216,560,16,14.10,78.75,2785,80.0,30.000,6.170,16.04,13.507,35.20,0.96,0.89,-0.76,0.96,1.001,1.02,-1.33,1.171,0.00,0.90,6.340,20.3,9.865,0.584,0.000,900,6.59,4.6,1.91,-2.37,27.8,1,1,0,1,1,1,0,0,0,0,1,0,0,0,0,0,0,0,0,0,1,1,1,1,1,0,0,1,0,0,0,0,1,1,5156.2,0C,1,1,0,1,1,0,1,0,0,211.31,578.44,,,,,,,,,,,,,,,,,,,,,,,,,,,,,,,,,,,,,,,,,,,,,,,,,,,,,,,,,
1217,560,436,14.10,78.75,2804,81.3,30.750,5.690,15.63,12.999,33.40,0.96,0.22,-0.76,0.48,1.001,1.02,-1.33,1.169,0.00,0.90,6.340,20.3,10.208,0.584,0.000,900,6.59,4.6,1.91,-2.37,27.8,1,1,0,1,1,1,0,0,0,0,1,0,0,0,0,0,0,0,0,0,1,1,1,1,1,0,0,1,0,0,0,0,1,1,5156.2,0C,1,1,0,1,1,0,1,0,0,202.00,557.94,,,,,,,,,,,,,,,,,,,,,,,,,,,,,,,,,,,,,,,,,,,,,,,,,,,,,,,,,
1218,560,847,14.10,78.75,2800,80.0,31.500,5.530,15.63,13.445,32.46,0.98,0.21,-0.76,0.36,1.019,1.02,-1.33,1.169,0.00,0.90,6.340,20.3,10.903,0.584,0.000,900,6.59,4.6,1.91,-2.37,27.8,1,1,0,1,1,1,0,0,0,0,1,0,0,0,0,0,0,0,0,0,1,1,1,1,1,0,0,1,0,0,0,0,1,1,5156.2,0C,1,1,0,1,1,0,1,0,0,203.50,561.63,,,,,,,,,,,,,,,,,,,,,,,,,,,,,,,,,,,,,,,,,,,,,,,,,,,,,,,,,
1219,561,260,14.10,78.75,2814,81.3,30.750,5.517,15.38,12.609,32.39,0.98,0.40,-0.76,0.78,1.041,1.02,-1.33,1.169,0.00,0.90,6.340,20.3,11.597,0.584,0.000,900,6.59,4.6,1.91,-2.37,27.8,1,1,0,1,1,1,0,0,0,0,1,0,0,0,0,0,0,0,0,0,1,1,1,1,1,0,0,1,0,0,0,0,1,1,5156.2,0C,1,1,0,1,1,0,1,0,0,195.88,544.19,,,,,,,,,,,,,,,,,,,,,,,,,,,,,,,,,,,,,,,,,,,,,,,,,,,,,,,,,
1220,561,641,14.10,78.75,2820,81.3,31.500,5.242,14.53,12.148,30.75,0.99,0.21,-0.76,0.51,1.054,1.02,-1.33,1.170,0.00,0.90,6.340,20.3,11.940,0.584,0.000,900,6.59,4.6,1.91,-2.37,27.8,1,1,0,1,1,1,0,0,0,0,1,0,0,0,0,0,0,0,0,0,1,1,1,1,1,0,0,1,0,0,0,0,1,1,5156.2,0C,1,1,0,1,1,0,1,0,0,184.94,520.56,,,,,,,,,,,,,,,,,,,,,,,,,,,,,,,,,,,,,,,,,,,,,,,,,,,,,,,,,
1221,562,36,14.10,78.75,2824,81.3,32.250,4.672,13.06,9.248,28.76,1.00,0.85,-0.76,0.88,1.048,1.02,-1.33,1.171,0.00,0.90,6.340,20.3,12.634,0.584,0.000,900,6.59,4.6,1.91,-2.37,27.8,1,1,0,1,1,1,0,0,0,0,1,0,0,0,0,0,0,0,0,0,1,1,1,1,1,0,0,0,0,0,0,0,1,1,5156.2,0C,1,1,0,1,1,0,1,0,0,159.69,464.00,,,,,,,,,,,,,,,,,,,,,,,,,,,,,,,,,,,,,,,,,,,,,,,,,,,,,,,,,
1222,562,446,14.10,78.75,2818,81.3,34.500,3.923,12.33,8.460,22.24,1.00,0.21,-0.76,0.26,1.112,1.02,-1.33,1.169,0.00,0.90,6.340,19.5,12.978,0.584,0.000,900,6.59,4.6,1.91,-2.37,27.8,1,1,0,1,1,1,0,0,0,0,1,0,0,0,0,0,0,0,0,0,1,1,1,1,1,0,0,0,0,0,0,0,1,1,5156.2,0C,1,1,0,1,1,0,1,0,0,138.56,414.06,,,,,,,,,,,,,,,,,,,,,,,,,,,,,,,,,,,,,,,,,,,,,,,,,,,,,,,,,
1223,562,840,14.10,78.75,2813,81.3,35.250,3.290,10.21,1.999,19.08,1.00,0.79,-0.76,0.82,1.101,1.02,-1.33,1.165,0.00,0.90,4.227,19.5,13.664,0.584,0.000,900,6.59,4.6,1.91,-2.37,27.8,1,1,0,1,1,1,0,0,0,0,1,0,0,0,0,0,0,0,0,0,1,1,1,1,1,0,0,0,0,0,0,0,1,1,5156.2,0C,1,1,0,1,1,0,1,0,0,110.81,347.06,,,,,,,,,,,,,,,,,,,,,,,,,,,,,,,,,,,,,,,,,,,,,,,,,,,,,,,,,
1224,563,239,14.10,78.75,2798,81.3,37.500,2.547,8.08,1.999,13.66,1.00,0.33,-0.76,0.32,1.149,1.02,-1.33,1.166,0.00,0.90,4.227,19.5,14.359,0.584,0.000,900,6.58,4.6,1.90,-2.37,27.8,1,1,0,1,1,1,0,0,0,0,1,0,0,0,0,0,0,0,0,0,1,1,1,1,1,0,0,0,0,0,0,0,1,1,5156.2,0C,1,1,0,1,1,0,1,0,0,79.88,276.56,,,,,,,,,,,,,,,,,,,,,,,,,,,,,,,,,,,,,,,,,,,,,,,,,,,,,,,,,
1225,563,646,14.10,78.75,2787,80.0,38.250,2.400,8.13,0.000,12.54,1.00,0.20,-0.76,0.25,1.149,1.02,-1.33,1.166,0.00,0.90,4.227,19.5,14.702,0.584,0.000,900,6.58,4.6,1.90,-4.48,27.8,1,1,0,1,1,1,0,0,0,0,1,0,0,0,0,0,0,0,1,0,1,1,1,1,1,0,0,0,0,1,0,0,1,1,5156.2,0C,1,1,0,1,1,0,1,0,0,75.56,266.63,,,,,,,,,,,,,,,,,,,,,,,,,,,,,,,,,,,,,,,,,,,,,,,,,,,,,,,,,
1226,564,36,14.10,78.75,2768,80.0,21.750,1.907,6.54,0.000,9.26,1.00,0.20,-0.76,0.26,1.188,1.02,-1.33,1.166,0.00,0.90,2.464,19.5,16.091,0.584,0.000,900,6.58,4.6,1.90,-4.47,27.8,1,1,0,1,1,1,0,0,0,0,1,0,0,0,0,0,0,0,1,0,1,1,1,1,0,0,0,0,0,1,0,0,1,1,5156.2,0C,1,1,0,1,1,0,1,1,1,1,1,,,,,,,,,,,,,,,,,,,,,,,,,,,,,,,,,,,,,,,,,,,,,,,,,,,,,,,,,
1227,564,472,14.10,78.75,2736,78.8,3.750,0.000,6.54,0.000,9.30,1.00,0.19,-0.76,0.24,1.000,1.02,-1.33,1.166,0.00,0.90,2.464,19.5,0.000,0.584,0.000,900,6.59,4.6,1.90,-4.45,27.8,1,1,0,1,1,1,0,0,0,0,1,0,0,0,0,0,0,0,1,0,0,1,0,1,0,0,1,0,0,1,0,0,1,1,5156.2,0C,1,1,0,1,1,0,1,0,0,59.38,226.75,,,,,,,,,,,,,,,,,,,,,,,,,,,,,,,,,,,,,,,,,,,,,,,,,,,,,,,,,
1228,564,877,14.10,78.75,2697,77.5,-11.250,0.000,6.49,0.000,10.50,1.00,0.12,-0.76,0.18,1.000,1.02,-1.33,1.165,0.00,0.90,0.000,19.5,0.000,0.584,0.000,900,6.59,4.6,1.91,-4.43,27.8,1,1,0,1,1,1,0,0,0,0,1,0,0,0,0,0,0,0,1,0,0,1,0,1,0,0,1,0,0,1,0,0,1,1,5156.2,0C,1,1,0,1,1,0,1,0,0,64.50,239.13,,,,,,,,,,,,,,,,,,,,,,,,,,,,,,,,,,,,,,,,,,,,,,,,,,,,,,,,,
1229,565,280,14.10,78.75,2670,77.5,-11.250,0.000,6.45,0.000,10.85,1.00,0.12,-0.76,0.18,1.000,1.02,-1.33,1.162,0.00,0.90,0.000,20.3,0.000,0.584,0.000,900,6.61,4.6,1.91,-4.43,27.8,1,1,0,1,1,1,0,0,0,0,1,0,0,0,0,0,0,0,1,0,0,1,0,1,0,0,1,0,0,1,0,0,1,1,5156.2,0C,1,1,0,1,1,0,1,0,0,66.50,240.31,,,,,,,,,,,,,,,,,,,,,,,,,,,,,,,,,,,,,,,,,,,,,,,,,,,,,,,,,
1230,565,678,14.10,78.75,2639,76.3,-12.000,0.000,6.32,0.000,11.09,1.00,0.12,-0.76,0.18,1.000,1.02,-1.33,1.160,0.00,0.90,0.000,20.3,0.000,0.584,0.000,900,6.63,4.6,1.92,-4.42,27.8,1,1,0,1,1,1,0,0,0,0,1,0,0,0,0,0,0,0,1,0,0,1,0,1,0,0,1,0,0,1,0,0,1,1,5156.2,0C,1,1,0,1,1,0,1,0,0,68.06,240.31,,,,,,,,,,,,,,,,,,,,,,,,,,,,,,,,,,,,,,,,,,,,,,,,,,,,,,,,,
1231,566,68,14.10,78.75,2609,75.0,-12.000,0.000,6.13,0.000,11.18,1.00,0.12,-0.76,0.18,1.000,1.02,-1.33,1.156,0.00,0.90,0.000,20.3,0.000,0.584,0.000,900,6.65,4.6,1.93,-4.42,27.8,1,1,0,1,1,1,0,0,0,0,1,0,0,0,0,0,0,0,1,0,0,1,0,1,0,0,1,0,0,1,0,0,1,1,5156.2,0C,1,1,0,1,1,0,1,0,0,68.63,237.56,,,,,,,,,,,,,,,,,,,,,,,,,,,,,,,,,,,,,,,,,,,,,,,,,,,,,,,,,
1232,566,449,14.10,78.75,2578,75.0,-12.750,0.000,6.01,0.000,11.44,1.00,0.11,-0.76,0.18,1.000,1.02,-1.33,1.153,0.00,0.90,0.000,20.3,0.000,0.584,0.000,900,6.67,4.6,1.93,-4.41,27.8,1,1,0,1,1,1,0,0,0,0,1,0,0,0,0,0,0,0,1,0,0,1,0,1,0,0,1,0,0,1,0,0,1,1,5156.2,0C,1,1,0,1,1,0,1,0,0,70.38,238.19,,,,,,,,,,,,,,,,,,,,,,,,,,,,,,,,,,,,,,,,,,,,,,,,,,,,,,,,,
1233,566,847,14.10,78.75,2558,73.8,-12.750,0.000,6.08,0.000,11.65,1.00,0.12,-0.76,0.18,1.000,1.02,-1.33,1.152,0.00,0.90,0.000,20.3,0.000,0.584,0.000,900,6.68,4.6,1.93,-4.41,27.8,1,1,0,1,1,1,0,0,0,0,1,0,0,0,0,0,0,0,1,0,0,1,0,1,0,0,1,0,0,1,0,0,1,1,5156.2,0C,1,1,0,1,1,0,1,0,0,71.50,238.56,,,,,,,,,,,,,,,,,,,,,,,,,,,,,,,,,,,,,,,,,,,,,,,,,,,,,,,,,
1234,567,237,14.10,78.75,2530,72.5,-12.750,0.000,5.83,0.000,11.67,1.00,0.11,-0.76,0.18,1.000,1.02,-1.33,1.149,0.00,0.90,0.000,20.3,0.000,0.584,0.000,900,6.70,4.6,1.94,-4.41,27.8,1,1,0,1,1,1,0,0,0,0,1,0,0,0,0,0,0,0,1,0,0,1,0,1,0,0,1,0,0,1,0,0,1,1,5156.2,0C,1,1,0,1,1,0,1,0,0,70.81,233.75,,,,,,,,,,,,,,,,,,,,,,,,,,,,,,,,,,,,,,,,,,,,,,,,,,,,,,,,,
1235,567,626,14.10,78.75,2500,72.5,-12.000,0.000,5.52,0.000,11.18,1.00,0.12,-0.76,0.19,1.000,1.02,-1.33,1.146,0.00,0.90,0.000,21.0,0.000,0.584,0.000,900,6.72,4.6,1.94,-4.40,27.8,1,1,0,1,1,1,0,0,0,0,1,0,0,0,0,0,0,0,1,0,0,1,0,1,0,0,1,0,0,1,0,0,1,1,5156.2,0C,1,1,0,1,1,0,1,0,0,68.31,225.69,,,,,,,,,,,,,,,,,,,,,,,,,,,,,,,,,,,,,,,,,,,,,,,,,,,,,,,,,
1236,570,29,14.10,78.00,2337,67.5,-14.250,0.000,5.27,0.000,13.15,1.00,0.12,-0.76,0.19,1.000,1.02,-1.33,1.130,0.00,0.90,0.000,21.0,0.000,0.584,0.000,900,6.83,4.6,1.98,-4.37,27.8,1,1,0,1,1,1,0,0,0,0,1,0,0,0,0,0,0,0,1,0,0,1,0,1,0,0,1,0,0,1,0,0,1,1,5156.2,0C,1,1,0,1,1,0,1,0,0,80.88,240.75,,,,,,,,,,,,,,,,,,,,,,,,,,,,,,,,,,,,,,,,,,,,,,,,,,,,,,,,,
1237,570,426,14.10,78.00,2309,66.3,-14.250,0.000,5.22,0.000,13.27,1.00,0.11,-0.76,0.19,1.000,1.02,-1.33,1.127,0.00,0.90,0.000,21.0,0.000,0.584,0.000,900,6.85,4.6,1.98,-4.37,27.8,1,1,0,1,1,1,0,0,0,0,1,0,0,0,0,0,0,0,1,0,0,1,0,1,0,0,1,0,0,1,0,0,1,1,5156.2,0C,1,1,0,1,1,0,1,0,0,81.69,241.44,,,,,,,,,,,,,,,,,,,,,,,,,,,,,,,,,,,,,,,,,,,,,,,,,,,,,,,,,
1238,570,819,14.10,78.00,2285,66.3,-4.500,2.432,4.66,1.999,12.77,0.97,0.12,-0.76,0.19,1.000,1.02,-1.33,1.126,0.00,0.90,2.707,21.0,8.995,0.584,0.000,900,6.86,4.6,1.99,-2.46,27.8,1,1,0,1,1,1,0,0,0,0,1,0,0,0,0,0,0,0,0,0,1,1,1,1,0,0,0,0,0,1,0,0,1,1,5156.2,0C,1,1,0,1,1,0,1,0,0,77.06,230.63,,,,,,,,,,,,,,,,,,,,,,,,,,,,,,,,,,,,,,,,,,,,,,,,,,,,,,,,,
1239,571,216,14.10,78.00,2266,65.0,36.750,2.618,7.06,3.999,15.16,0.97,0.99,-0.76,1.00,0.981,1.02,-1.33,1.124,0.00,0.90,2.707,21.8,9.178,0.584,0.000,900,6.88,4.6,1.99,-2.47,27.8,1,1,0,1,1,1,0,0,0,0,1,0,0,0,0,0,0,0,0,0,1,1,1,1,0,0,0,0,0,1,0,0,1,1,5156.2,0C,1,1,0,1,1,0,1,0,0,100.25,282.38,,,,,,,,,,,,,,,,,,,,,,,,,,,,,,,,,,,,,,,,,,,,,,,,,,,,,,,,,
1240,571,700,14.10,78.00,2254,65.0,21.000,3.885,8.94,5.742,23.84,0.96,0.99,-0.76,1.07,0.948,1.02,-1.33,1.145,0.00,0.90,2.707,21.8,9.865,0.584,0.000,900,6.88,4.6,1.99,-2.47,27.8,1,1,0,1,1,1,0,0,0,0,1,0,0,0,0,0,0,0,0,0,1,1,1,1,1,0,0,0,0,0,0,0,1,1,5156.2,0C,1,1,0,1,1,0,1,0,0,149.00,391.13,,,,,,,,,,,,,,,,,,,,,,,,,,,,,,,,,,,,,,,,,,,,,,,,,,,,,,,,,
1241,572,176,14.10,78.00,2239,65.0,31.500,3.718,8.69,6.664,24.66,0.97,0.98,-0.76,1.08,0.902,1.02,-1.33,1.149,0.00,0.90,3.793,21.8,10.559,0.584,0.000,900,6.90,4.6,2.00,-2.47,27.8,1,1,0,1,1,1,0,0,0,0,1,0,0,0,0,0,0,0,0,0,1,1,1,1,1,0,0,0,0,0,0,0,1,1,5156.2,0C,1,1,0,1,1,0,1,0,0,151.31,396.56,,,,,,,,,,,,,,,,,,,,,,,,,,,,,,,,,,,,,,,,,,,,,,,,,,,,,,,,,
1242,572,602,14.10,78.00,2234,63.8,31.500,3.629,8.98,7.492,25.10,0.98,0.97,-0.76,1.07,0.856,1.02,-1.33,1.149,0.00,0.90,3.793,21.8,11.246,0.584,0.000,900,6.90,4.6,2.00,-2.47,27.8,1,1,0,1,1,1,0,0,0,0,1,0,0,0,0,0,0,0,0,0,1,1,1,1,1,0,0,0,0,0,0,0,1,1,5156.2,0C,1,1,0,1,1,0,1,0,0,154.19,403.13,,,,,,,,,,,,,,,,,,,,,,,,,,,,,,,,,,,,,,,,,,,,,,,,,,,,,,,,,
1243,572,996,14.10,78.00,2232,63.8,30.000,5.280,14.23,17.702,33.80,0.99,0.95,-0.76,1.06,0.817,1.02,-1.33,1.149,0.00,0.90,3.247,21.8,11.597,0.584,0.000,900,6.90,4.6,2.00,-2.48,27.8,1,1,0,1,1,1,0,0,0,0,1,0,0,0,0,0,0,0,0,0,1,1,1,1,1,0,0,1,0,0,0,0,1,1,5156.2,0C,1,1,0,1,1,0,1,0,0,215.31,538.56,,,,,,,,,,,,,,,,,,,,,,,,,,,,,,,,,,,,,,,,,,,,,,,,,,,,,,,,,
1244,573,397,14.10,78.00,2243,63.8,25.500,6.381,15.38,20.539,45.84,0.99,0.93,-0.76,1.04,0.768,1.02,-1.33,1.150,0.00,0.90,3.247,21.8,12.978,0.584,0.000,900,6.89,4.6,2.00,-2.47,27.8,1,1,0,1,1,1,0,0,0,0,1,0,0,0,0,0,0,0,0,0,1,1,1,1,1,0,0,1,0,0,0,0,1,1,5156.2,0C,1,1,0,1,1,0,1,0,0,282.69,674.75,,,,,,,,,,,,,,,,,,,,,,,,,,,,,,,,,,,,,,,,,,,,,,,,,,,,,,,,,
1245,573,789,14.10,78.00,2262,65.0,20.250,7.866,21.83,25.335,60.26,1.00,0.65,-0.76,0.98,0.716,1.02,-1.33,1.120,0.00,0.90,7.314,21.0,18.509,0.584,0.000,900,6.88,4.6,1.99,-2.47,27.8,1,1,0,1,1,1,0,0,0,0,1,0,0,0,0,0,0,0,0,0,1,1,1,1,1,0,0,1,0,0,0,0,1,1,5156.2,0C,1,1,0,1,1,0,1,0,0,373.38,855.81,,,,,,,,,,,,,,,,,,,,,,,,,,,,,,,,,,,,,,,,,,,,,,,,,,,,,,,,,
1246,574,186,14.10,77.25,2290,66.3,19.500,8.384,22.07,25.492,61.76,1.00,0.61,-0.76,0.96,0.790,1.02,-1.33,1.120,0.00,0.90,7.314,21.0,21.271,0.584,0.000,900,6.86,4.6,1.98,-2.46,27.8,1,1,0,1,1,1,0,0,0,0,1,0,0,0,0,0,0,0,0,0,1,1,1,1,1,0,0,1,0,0,0,0,1,1,5156.2,0C,1,1,0,1,1,0,1,0,0,379.25,867.00,,,,,,,,,,,,,,,,,,,,,,,,,,,,,,,,,,,,,,,,,,,,,,,,,,,,,,,,,
1247,574,579,14.10,77.25,2324,66.3,20.250,8.358,22.85,25.820,62.20,1.00,0.22,-0.76,0.85,0.781,1.02,-1.33,1.120,0.00,0.90,7.314,21.0,23.690,0.584,0.000,900,6.83,4.6,1.98,-2.45,27.8,1,1,0,1,1,1,0,0,0,0,1,0,0,0,0,0,0,0,0,0,1,1,1,1,1,0,0,1,0,0,0,0,1,1,5156.2,0C,1,1,0,1,1,0,1,0,0,380.06,878.13,,,,,,,,,,,,,,,,,,,,,,,,,,,,,,,,,,,,,,,,,,,,,,,,,,,,,,,,,
1248,574,988,14.10,77.25,2353,67.5,18.750,8.755,25.17,26.796,64.50,1.00,0.22,-0.76,0.82,0.799,1.02,-1.33,1.120,0.00,0.90,8.512,21.0,28.183,0.584,0.000,900,6.81,4.6,1.97,-2.44,27.8,1,1,0,1,1,1,0,0,0,0,1,0,0,0,0,0,0,0,0,0,1,1,1,1,1,0,0,1,0,0,0,0,1,1,5156.2,0C,1,1,0,1,1,0,1,0,0,389.69,905.69,,,,,,,,,,,,,,,,,,,,,,,,,,,,,,,,,,,,,,,,,,,,,,,,,,,,,,,,,
1249,575,413,14.10,77.25,2386,68.8,19.500,8.800,27.42,27.358,65.46,1.00,0.22,-0.76,0.90,0.802,1.02,-1.33,1.120,0.00,0.90,8.512,20.3,36.828,0.584,0.000,900,6.78,4.6,1.96,-2.44,27.8,1,1,0,1,1,1,0,0,0,0,1,0,0,0,0,0,0,0,0,0,1,1,1,1,1,0,0,1,0,0,0,0,1,1,5156.2,0C,1,1,0,1,1,0,1,0,0,402.25,930.31,,,,,,,,,,,,,,,,,,,,,,,,,,,,,,,,,,,,,,,,,,,,,,,,,,,,,,,,,
1250,575,816,14.10,77.25,2428,70.0,18.000,9.222,32.71,29.070,69.96,1.45,0.04,-1.43,0.48,0.007,0.00,9.22,1.289,0.01,0.01,68.667,42.0,84.785,0.916,0.916,0.916,0.916,0.916,0.916,0.916,0.916,0.916,0.916,0.916,0.916,0.916,0.916,0.916,0.916,0.916,0.916,0.916,0.916,0.916,0.916,0.916,0.916,0.916,0.916,0.916,0.916,0.916,0.916,0.916,0.916,0.916,0.916,0.916,0.916,0.916,0.916,0.916,0.916,0.916,0.916,0.916,,,,,,,,,,,,,,,,,,,,,,,,,,,,,,,,,,,,,,,,,,,,,,,,,,,,,,,,,,,,,,,,,,,,,
1251,576,230,14.10,77.25,2458,71.3,18.000,9.408,34.30,29.070,70.22,1.00,0.22,-0.76,0.65,0.878,1.02,-1.33,1.120,0.00,0.90,9.980,19.5,76.570,0.584,0.000,900,6.73,4.6,1.95,-2.42,27.8,1,1,0,1,1,1,0,0,0,0,1,0,0,0,0,0,0,0,0,0,1,1,1,1,1,0,0,1,0,0,0,0,1,1,5156.2,0C,1,1,0,1,1,0,1,0,0,430.44,969.56,,,,,,,,,,,,,,,,,,,,,,,,,,,,,,,,,,,,,,,,,,,,,,,,,,,,,,,,,
1252,576,619,14.10,77.25,2500,71.3,18.750,9.395,36.18,29.070,70.62,1.00,0.20,-0.76,0.40,0.905,1.02,-1.33,1.120,0.00,0.90,9.980,19.5,95.583,0.584,0.000,900,6.70,4.6,1.94,-2.40,27.8,1,1,0,1,1,1,0,0,0,0,1,0,0,0,0,0,0,0,0,0,1,1,1,1,0,0,0,1,0,0,0,0,1,1,5156.2,0C,1,1,0,1,1,0,1,0,0,433.13,973.13,,,,,,,,,,,,,,,,,,,,,,,,,,,,,,,,,,,,,,,,,,,,,,,,,,,,,,,,,
1253,577,17,14.10,77.25,2546,72.5,18.750,9.843,37.72,29.070,70.73,1.00,0.29,-0.76,0.31,0.966,1.02,-1.33,1.120,0.00,0.90,11.526,19.5,97.658,0.584,0.000,900,6.67,4.6,1.93,-2.39,27.8,1,1,0,1,1,1,0,0,0,0,1,0,0,0,0,0,0,0,0,0,1,1,1,1,0,1,0,1,0,0,0,0,1,1,5156.2,0C,1,1,0,1,1,0,1,0,0,434.44,980.06,,,,,,,,,,,,,,,,,,,,,,,,,,,,,,,,,,,,,,,,,,,,,,,,,,,,,,,,,
1254,577,417,14.10,-43.50,3475,133.8,8.250,378.502,546.88,20.819,404.98,1.45,0.04,-1.43,0.48,0.007,0.31,-1.50,1.953,0.01,0.41,0.194,-42.0,50.782,0.719,88.500,2520,-10.63,1766.7,1.35,-48.07,114.8,0,1,0,0,0,1,0,1,1,1,1,1,0,1,1,0,0,1,0,0,0,0,0,0,0,0,1,1,0,1,1,0,0,0,2484.8,10,0,1,0,1,0,1,1,1,1,1,1,,,,,,,,,,,,,,,,,,,,,,,,,,,,,,,,,,,,,,,,,,,,,,,,,,,,,,,,,
1255,577,819,14.10,77.25,2628,75.0,18.750,10.029,39.53,29.070,71.63,1.00,0.80,-0.76,0.72,0.970,1.02,-1.33,1.120,0.00,0.90,12.805,18.8,97.658,0.584,0.000,900,6.61,4.6,1.91,-2.37,27.8,1,1,0,1,1,1,0,0,0,0,1,0,0,0,0,0,0,0,0,0,1,1,1,1,0,1,0,1,0,0,0,0,1,1,5156.2,0C,1,1,0,1,1,0,1,0,0,439.25,979.56,,,,,,,,,,,,,,,,,,,,,,,,,,,,,,,,,,,,,,,,,,,,,,,,,,,,,,,,,
1256,578,213,14.10,77.25,2669,76.3,18.750,10.086,39.65,29.070,72.33,1.00,0.80,-0.76,0.85,0.967,1.02,-1.33,1.120,0.00,0.90,12.805,18.8,97.658,0.584,0.000,900,6.59,4.6,1.91,-2.37,27.8,1,1,0,1,1,1,0,0,0,0,1,0,0,0,0,0,0,0,0,0,1,1,1,1,0,1,0,1,0,0,0,0,1,1,5156.2,0C,1,1,0,1,1,0,1,0,0,442.44,977.31,,,,,,,,,,,,,,,,,,,,,,,,,,,,,,,,,,,,,,,,,,,,,,,,,,,,,,,,,
1257,578,612,14.10,76.50,2707,77.5,19.500,10.131,38.82,29.070,72.21,1.00,0.78,-0.76,0.88,0.979,1.02,-1.33,1.120,0.00,0.90,12.805,18.8,97.658,0.584,-0.750,900,6.57,4.6,1.90,-2.36,27.8,1,1,0,1,1,1,0,0,0,0,1,0,0,0,0,0,0,0,0,0,1,1,1,1,0,1,0,1,0,0,0,0,1,1,5156.2,0C,1,1,0,1,1,0,1,0,0,442.19,974.06,,,,,,,,,,,,,,,,,,,,,,,,,,,,,,,,,,,,,,,,,,,,,,,,,,,,,,,,,
1258,578,988,14.10,76.50,2758,78.8,20.250,10.150,36.99,29.070,71.46,1.00,0.82,-0.76,0.92,1.007,1.02,-1.33,1.118,0.00,0.90,14.089,18.8,97.658,0.629,-0.750,900,6.56,4.6,1.90,-2.36,27.8,1,1,0,1,1,1,0,0,0,0,1,0,0,0,0,0,0,0,0,0,1,1,1,1,0,1,0,1,0,0,0,0,1,1,5156.2,0C,1,1,0,1,1,0,1,0,0,437.00,967.94,,,,,,,,,,,,,,,,,,,,,,,,,,,,,,,,,,,,,,,,,,,,,,,,,,,,,,,,,
1259,579,369,14.10,76.50,2801,80.0,20.250,10.438,35.64,28.827,70.88,1.00,0.25,-0.76,0.89,1.043,1.02,-1.33,1.116,0.00,0.90,14.089,18.0,97.658,0.629,-0.750,900,6.56,4.6,1.90,-2.36,27.8,1,1,0,1,1,1,0,0,0,0,1,0,0,0,0,0,0,0,0,0,1,1,1,1,0,1,0,1,0,0,0,0,1,1,5156.2,0C,1,1,0,1,1,0,1,0,0,433.38,953.25,,,,,,,,,,,,,,,,,,,,,,,,,,,,,,,,,,,,,,,,,,,,,,,,,,,,,,,,,
1260,579,758,14.10,76.50,2839,81.3,21.000,10.131,34.13,28.577,69.47,1.00,0.77,-0.76,0.94,1.029,1.02,-1.33,1.115,0.00,0.90,14.089,18.0,97.658,0.629,-0.750,900,6.56,4.6,1.90,-2.36,27.8,1,1,0,1,1,1,0,0,0,0,1,0,0,0,0,0,0,0,0,0,1,1,1,1,0,1,0,1,0,0,0,0,1,1,5156.2,0C,1,1,0,1,1,0,1,0,0,425.19,944.25,,,,,,,,,,,,,,,,,,,,,,,,,,,,,,,,,,,,,,,,,,,,,,,,,,,,,,,,,
1261,580,159,14.10,76.50,2873,82.5,20.250,9.965,33.57,28.421,69.40,1.00,0.78,-0.76,0.96,1.001,1.02,-1.33,1.114,0.00,0.90,14.089,18.0,97.658,0.673,-0.750,900,6.56,4.6,1.90,-2.36,27.8,1,1,0,1,1,1,0,0,0,0,1,0,0,0,0,0,0,0,0,0,1,1,1,1,1,1,0,1,0,0,0,0,1,1,5156.2,0C,1,1,0,1,1,0,1,0,0,422.63,936.50,,,,,,,,,,,,,,,,,,,,,,,,,,,,,,,,,,,,,,,,,,,,,,,,,,,,,,,,,
1262,580,558,14.10,76.50,2916,83.8,21.000,9.926,33.08,28.421,69.09,1.00,0.81,-0.76,0.94,0.999,1.02,-1.33,1.113,0.00,0.90,14.089,18.0,97.658,0.673,-0.750,900,6.56,4.6,1.90,-2.35,27.8,1,1,0,1,1,1,0,0,0,0,1,0,0,0,0,0,0,0,0,0,1,1,1,1,1,1,0,1,0,0,0,0,1,1,5156.2,0C,1,1,0,1,1,0,1,0,0,421.31,932.06,,,,,,,,,,,,,,,,,,,,,,,,,,,,,,,,,,,,,,,,,,,,,,,,,,,,,,,,,
1263,580,976,14.10,76.50,2910,85.0,33.750,2.445,10.64,0.000,21.77,1.00,0.15,-0.76,0.52,1.013,1.02,-1.33,1.170,0.00,0.90,10.567,18.0,68.620,0.673,0.000,900,6.56,4.6,1.90,-4.53,27.8,1,1,0,1,1,1,0,0,0,0,1,0,0,0,0,0,0,0,1,0,1,1,1,1,1,0,0,0,0,1,0,0,1,1,5156.2,0C,1,1,0,1,1,0,1,0,0,135.31,435.31,,,,,,,,,,,,,,,,,,,,,,,,,,,,,,,,,,,,,,,,,,,,,,,,,,,,,,,,,
1264,581,406,14.10,76.50,2895,83.8,36.000,2.253,8.94,0.000,16.08,1.00,0.15,-0.76,0.24,1.054,1.02,-1.33,1.166,0.00,0.90,10.567,18.0,50.301,0.673,0.000,900,6.55,4.6,1.90,-4.52,27.8,1,1,0,1,1,1,0,0,0,0,1,0,0,0,0,0,0,0,1,0,1,1,1,1,1,0,0,0,0,1,0,0,1,1,5156.2,0C,1,1,0,1,1,0,1,0,0,97.81,317.06,,,,,,,,,,,,,,,,,,,,,,,,,,,,,,,,,,,,,,,,,,,,,,,,,,,,,,,,,
1265,581,800,14.10,76.50,2845,83.8,39.000,1.581,5.10,0.000,10.48,1.00,0.16,-0.76,0.25,1.089,1.02,-1.33,1.166,0.00,0.90,2.113,18.0,36.133,0.673,0.000,900,6.55,4.6,1.90,-4.49,27.8,1,1,0,1,1,1,0,0,0,0,1,0,0,0,0,0,0,0,1,0,1,1,1,1,1,0,0,0,0,1,0,0,1,1,5156.2,0C,1,1,0,1,1,0,1,0,0,59.94,226.19,,,,,,,,,,,,,,,,,,,,,,,,,,,,,,,,,,,,,,,,,,,,,,,,,,,,,,,,,
1266,582,199,14.10,76.50,2853,82.5,-9.750,1.882,6.49,0.000,10.15,1.00,0.15,-0.76,0.24,1.000,1.02,-1.33,1.166,0.00,0.90,2.113,18.0,0.000,0.673,0.000,900,6.55,4.6,1.90,-4.50,27.8,1,1,0,1,1,1,0,0,0,0,1,0,0,0,0,0,0,0,1,0,0,1,0,1,0,0,1,0,0,1,0,0,1,1,5156.2,0C,1,1,0,1,1,0,1,0,0,62.44,232.81,,,,,,,,,,,,,,,,,,,,,,,,,,,,,,,,,,,,,,,,,,,,,,,,,,,,,,,,,
1267,582,597,14.10,76.50,2832,81.3,-10.500,0.000,6.74,0.000,10.27,1.00,0.13,-0.76,0.22,1.000,1.02,-1.33,1.166,0.00,0.90,2.113,18.0,0.000,0.673,0.000,900,6.56,4.6,1.90,-4.49,27.8,1,1,0,1,1,1,0,0,0,0,1,0,0,0,0,0,0,0,1,0,0,1,0,1,0,0,1,0,0,1,0,0,1,1,5156.2,0C,1,1,0,1,1,0,1,0,0,62.75,234.06,,,,,,,,,,,,,,,,,,,,,,,,,,,,,,,,,,,,,,,,,,,,,,,,,,,,,,,,,
1268,582,987,14.10,76.50,2800,81.3,-10.500,0.000,6.69,0.000,10.29,1.00,0.12,-0.76,0.22,1.000,1.02,-1.33,1.166,0.00,0.90,0.000,18.0,0.000,0.673,0.000,900,6.56,4.6,1.90,-4.47,27.8,1,1,0,1,1,1,0,0,0,0,1,0,0,0,0,0,0,0,1,0,0,1,0,1,0,0,1,0,0,1,0,0,1,1,5156.2,0C,1,1,0,1,1,0,1,0,0,63.13,235.25,,,,,,,,,,,,,,,,,,,,,,,,,,,,,,,,,,,,,,,,,,,,,,,,,,,,,,,,,
1269,583,376,14.10,76.50,2759,80.0,-10.500,0.000,6.62,0.000,10.41,1.00,0.12,-0.76,0.22,1.000,1.02,-1.33,1.166,0.00,0.90,0.000,18.8,0.000,0.673,0.000,900,6.56,4.6,1.90,-4.45,27.8,1,1,0,1,1,1,0,0,0,0,1,0,0,0,0,0,0,0,1,0,0,1,0,1,0,0,1,0,0,1,0,0,1,1,5156.2,0C,1,1,0,1,1,0,1,0,0,64.00,238.00,,,,,,,,,,,,,,,,,,,,,,,,,,,,,,,,,,,,,,,,,,,,,,,,,,,,,,,,,
1270,583,796,14.10,76.50,2741,78.8,-11.250,0.000,6.54,0.000,10.43,1.00,0.12,-0.76,0.22,1.000,1.02,-1.33,1.166,0.00,0.90,0.000,18.8,0.000,0.673,0.000,900,6.57,4.6,1.90,-4.44,27.8,1,1,0,1,1,1,0,0,0,0,1,0,0,0,0,0,0,0,1,0,0,1,0,1,0,0,1,0,0,1,0,0,1,1,5156.2,0C,1,1,0,1,1,0,1,0,0,64.13,238.63,,,,,,,,,,,,,,,,,,,,,,,,,,,,,,,,,,,,,,,,,,,,,,,,,,,,,,,,,
1271,584,190,14.10,75.75,2710,78.8,-11.250,0.000,6.49,0.000,10.50,1.00,0.12,-0.76,0.21,1.000,1.02,-1.33,1.166,0.00,0.90,0.000,18.8,0.000,0.673,0.000,900,6.57,4.6,1.90,-4.43,27.8,1,1,0,1,1,1,0,0,0,0,1,0,0,0,0,0,0,0,1,0,0,1,0,1,0,0,1,0,0,1,0,0,1,1,5156.2,0C,1,1,0,1,1,0,1,0,0,64.06,238.63,,,,,,,,,,,,,,,,,,,,,,,,,,,,,,,,,,,,,,,,,,,,,,,,,,,,,,,,,
1272,584,597,14.10,75.75,2682,77.5,-11.250,0.000,6.49,0.000,10.71,1.00,0.12,-0.76,0.21,1.000,1.02,-1.33,1.164,0.00,0.90,0.000,19.5,0.000,0.673,0.000,900,6.59,4.6,1.91,-4.42,27.8,1,1,0,1,1,1,0,0,0,0,1,0,0,0,0,0,0,0,1,0,0,1,0,1,0,0,1,0,0,1,0,0,1,1,5156.2,0C,1,1,0,1,1,0,1,0,0,65.50,239.38,,,,,,,,,,,,,,,,,,,,,,,,,,,,,,,,,,,,,,,,,,,,,,,,,,,,,,,,,
1273,584,997,14.10,75.75,2657,76.3,-15.000,0.000,6.79,0.000,11.60,1.00,0.12,-0.76,0.21,1.000,1.02,-1.33,1.161,0.00,0.90,0.000,19.5,0.000,0.673,0.000,900,6.60,4.6,1.91,-4.42,27.8,1,1,0,1,1,1,0,0,0,0,1,0,0,0,0,0,0,0,1,0,0,1,0,1,0,0,1,0,0,1,0,0,1,1,5156.2,0C,1,1,0,1,1,0,1,0,0,71.88,250.50,,,,,,,,,,,,,,,,,,,,,,,,,,,,,,,,,,,,,,,,,,,,,,,,,,,,,,,,,
1274,585,386,14.10,75.75,2620,75.0,-14.250,0.000,6.74,0.000,12.05,1.00,0.12,-0.76,0.22,1.000,1.02,-1.33,1.158,0.00,0.90,0.000,19.5,0.000,0.673,0.000,900,6.63,4.6,1.92,-4.41,27.8,1,1,0,1,1,1,0,0,0,0,1,0,0,0,0,0,0,0,1,0,0,1,0,1,0,0,1,0,0,1,0,0,1,1,5156.2,0C,1,1,0,1,1,0,1,0,0,73.88,251.88,,,,,,,,,,,,,,,,,,,,,,,,,,,,,,,,,,,,,,,,,,,,,,,,,,,,,,,,,
1275,585,778,14.10,75.75,2594,75.0,-15.000,0.000,6.69,0.000,12.35,1.00,0.12,-0.76,0.22,1.000,1.02,-1.33,1.155,0.00,0.90,0.000,19.5,0.000,0.673,0.000,900,6.65,4.6,1.93,-4.41,27.8,1,1,0,1,1,1,0,0,0,0,1,0,0,0,0,0,0,0,1,0,0,1,0,1,0,0,1,0,0,1,0,0,1,1,5156.2,0C,1,1,0,1,1,0,1,0,0,76.13,252.75,,,,,,,,,,,,,,,,,,,,,,,,,,,,,,,,,,,,,,,,,,,,,,,,,,,,,,,,,
1276,586,176,14.10,75.75,2568,73.8,-15.000,0.000,6.69,0.000,12.63,1.00,0.12,-0.76,0.21,1.000,1.02,-1.33,1.152,0.00,0.90,0.000,20.3,0.000,0.673,0.000,900,6.67,4.6,1.93,-4.41,27.8,1,1,0,1,1,1,0,0,0,0,1,0,0,0,0,0,0,0,1,0,0,1,0,1,0,0,1,0,0,1,0,0,1,1,5156.2,0C,1,1,0,1,1,0,1,0,0,77.44,254.00,,,,,,,,,,,,,,,,,,,,,,,,,,,,,,,,,,,,,,,,,,,,,,,,,,,,,,,,,
1277,586,569,14.10,75.75,2542,72.5,-15.000,0.000,6.45,0.000,12.68,1.00,0.12,-0.76,0.22,1.000,1.02,-1.33,1.149,0.00,0.90,0.000,20.3,0.000,0.673,0.000,900,6.69,4.6,1.93,-4.40,27.8,1,1,0,1,1,1,0,0,0,0,1,0,0,0,0,0,0,0,1,0,0,1,0,1,0,0,1,0,0,1,0,0,1,1,5156.2,0C,1,1,0,1,1,0,1,0,0,77.44,250.88,,,,,,,,,,,,,,,,,,,,,,,,,,,,,,,,,,,,,,,,,,,,,,,,,,,,,,,,,
1278,586,976,14.10,75.75,2510,72.5,-14.250,0.000,6.13,0.000,12.63,1.00,0.12,-0.76,0.22,1.000,1.02,-1.33,1.146,0.00,0.90,0.000,20.3,0.000,0.673,0.000,900,6.71,4.6,1.94,-4.39,27.8,1,1,0,1,1,1,0,0,0,0,1,0,0,0,0,0,0,0,1,0,0,1,0,1,0,0,1,0,0,1,0,0,1,1,5156.2,0C,1,1,0,1,1,0,1,0,0,77.13,246.56,,,,,,,,,,,,,,,,,,,,,,,,,,,,,,,,,,,,,,,,,,,,,,,,,,,,,,,,,
1279,587,378,14.10,75.75,2485,71.3,-14.250,0.000,6.08,0.000,12.63,1.00,0.12,-0.76,0.22,1.000,1.02,-1.33,1.144,0.00,0.90,0.000,20.3,0.000,0.673,0.000,900,6.72,4.6,1.95,-4.39,27.8,1,1,0,1,1,1,0,0,0,0,1,0,0,0,0,0,0,0,1,0,0,1,0,1,0,0,1,0,0,1,0,0,1,1,5156.2,0C,1,1,0,1,1,0,1,0,0,77.13,243.94,,,,,,,,,,,,,,,,,,,,,,,,,,,,,,,,,,,,,,,,,,,,,,,,,,,,,,,,,
1280,587,768,14.10,75.75,2455,71.3,-14.250,0.000,5.88,0.000,12.84,1.00,0.11,-0.76,0.22,1.000,1.02,-1.33,1.141,0.00,0.90,0.000,20.3,0.000,0.673,0.000,900,6.74,4.6,1.95,-4.39,27.8,1,1,0,1,1,1,0,0,0,0,1,0,0,0,0,0,0,0,1,0,0,1,0,1,0,0,1,0,0,1,0,0,1,1,5156.2,0C,1,1,0,1,1,0,1,0,0,78.81,244.31,,,,,,,,,,,,,,,,,,,,,,,,,,,,,,,,,,,,,,,,,,,,,,,,,,,,,,,,,
1281,588,166,14.10,75.75,2429,70.0,-13.500,0.000,5.40,0.000,12.12,1.00,0.12,-0.76,0.22,1.000,1.02,-1.33,1.139,0.00,0.90,0.000,20.3,0.000,0.673,0.000,900,6.76,4.6,1.96,-4.39,27.8,1,1,0,1,1,1,0,0,0,0,1,0,0,0,0,0,0,0,1,0,0,1,0,1,0,0,1,0,0,1,0,0,1,1,5156.2,0C,1,1,0,1,1,0,1,0,0,74.06,232.06,,,,,,,,,,,,,,,,,,,,,,,,,,,,,,,,,,,,,,,,,,,,,,,,,,,,,,,,,
1282,588,568,14.10,75.75,2401,68.8,-14.250,0.000,5.35,0.000,12.47,1.00,0.12,-0.76,0.22,1.000,1.02,-1.33,1.136,0.00,0.90,0.000,20.3,0.000,0.673,0.000,900,6.78,4.6,1.96,-4.38,27.8,1,1,0,1,1,1,0,0,0,0,1,0,0,0,0,0,0,0,1,0,0,1,0,1,0,0,1,0,0,1,0,0,1,1,5156.2,0C,1,1,0,1,1,0,1,0,0,76.13,234.25,,,,,,,,,,,,,,,,,,,,,,,,,,,,,,,,,,,,,,,,,,,,,,,,,,,,,,,,,
1283,588,977,14.10,75.75,2370,68.8,-14.250,0.000,5.35,0.000,12.77,1.00,0.12,-0.76,0.22,1.000,1.02,-1.33,1.133,0.00,0.90,0.000,21.0,0.000,0.673,0.000,900,6.80,4.6,1.97,-4.37,27.8,1,1,0,1,1,1,0,0,0,0,1,0,0,0,0,0,0,0,1,0,0,1,0,1,0,0,1,0,0,1,0,0,1,1,5156.2,0C,1,1,0,1,1,0,1,0,0,78.25,237.19,,,,,,,,,,,,,,,,,,,,,,,,,,,,,,,,,,,,,,,,,,,,,,,,,,,,,,,,,
1284,589,369,14.10,75.75,2344,67.5,-14.250,0.000,5.27,0.000,12.94,1.00,0.12,-0.76,0.22,1.000,1.02,-1.33,1.130,0.00,0.90,0.000,21.0,0.000,0.673,0.000,900,6.82,4.6,1.97,-4.37,27.8,1,1,0,1,1,1,0,0,0,0,1,0,0,0,0,0,0,0,1,0,0,1,0,1,0,0,1,0,0,1,0,0,1,1,5156.2,0C,1,1,0,1,1,0,1,0,0,79.50,238.56,,,,,,,,,,,,,,,,,,,,,,,,,,,,,,,,,,,,,,,,,,,,,,,,,,,,,,,,,
1285,589,756,14.10,75.75,2318,66.3,-6.000,2.387,4.86,1.999,12.40,0.97,0.12,-0.76,0.22,1.000,1.02,-1.33,1.128,0.00,0.90,2.935,21.0,8.995,0.673,0.000,900,6.84,4.6,1.98,-2.45,27.8,1,1,0,1,1,1,0,0,0,0,1,0,0,0,0,0,0,0,0,0,1,1,1,1,0,0,0,0,0,1,0,0,1,1,5156.2,0C,1,1,0,1,1,0,1,0,0,75.88,229.38,,,,,,,,,,,,,,,,,,,,,,,,,,,,,,,,,,,,,,,,,,,,,,,,,,,,,,,,,
1286,590,176,14.10,75.00,2295,66.3,26.250,2.586,6.69,1.999,15.19,0.97,0.98,-0.76,1.04,0.981,1.02,-1.33,1.126,0.00,0.90,2.935,21.0,9.178,0.673,0.000,900,6.85,4.6,1.98,-2.46,27.8,1,1,0,1,1,1,0,0,0,0,1,0,0,0,0,0,0,0,0,0,1,1,1,1,0,0,0,0,0,1,0,0,1,1,5156.2,0C,1,1,0,1,1,0,1,0,0,93.56,267.06,,,,,,,,,,,,,,,,,,,,,,,,,,,,,,,,,,,,,,,,,,,,,,,,,,,,,,,,,
1287,590,566,14.10,75.00,2278,66.3,15.000,3.123,7.91,2.875,19.50,0.96,0.98,-0.76,1.09,0.949,1.02,-1.33,1.126,0.00,0.90,2.935,21.0,9.865,0.673,0.000,900,6.87,4.6,1.99,-2.47,27.8,1,1,0,1,1,1,0,0,0,0,1,0,0,0,0,0,0,0,0,0,1,1,1,1,1,0,0,0,0,0,0,0,1,1,5156.2,0C,1,1,0,1,1,0,1,0,0,119.38,327.13,,,,,,,,,,,,,,,,,,,,,,,,,,,,,,,,,,,,,,,,,,,,,,,,,,,,,,,,,
1288,590,969,14.10,75.00,2269,65.0,33.000,3.661,8.62,5.061,23.51,0.96,0.98,-0.76,1.10,0.915,1.02,-1.33,1.146,0.00,0.90,2.978,21.0,10.208,0.673,0.000,900,6.87,4.6,1.99,-2.47,27.8,1,1,0,1,1,1,0,0,0,0,1,0,0,0,0,0,0,0,0,0,1,1,1,1,1,0,0,0,0,0,0,0,1,1,5156.2,0C,1,1,0,1,1,0,1,0,0,143.88,380.00,,,,,,,,,,,,,,,,,,,,,,,,,,,,,,,,,,,,,,,,,,,,,,,,,,,,,,,,,
1289,591,358,14.10,75.00,2264,65.0,33.000,3.398,8.33,5.187,23.39,0.98,0.97,-0.76,1.10,0.878,1.02,-1.33,1.145,0.00,0.90,2.978,21.0,10.903,0.673,0.000,900,6.87,4.6,1.99,-2.47,27.8,1,1,0,1,1,1,0,0,0,0,1,0,0,0,0,0,0,0,0,0,1,1,1,1,1,0,0,0,0,0,0,0,1,1,5156.2,0C,1,1,0,1,1,0,1,0,0,142.75,377.25,,,,,,,,,,,,,,,,,,,,,,,,,,,,,,,,,,,,,,,,,,,,,,,,,,,,,,,,,
1290,591,886,14.10,75.00,2258,65.0,33.000,3.162,8.13,5.507,22.64,0.98,0.95,-0.76,1.09,0.843,1.02,-1.33,1.140,0.00,0.90,2.978,21.0,11.597,0.673,0.000,900,6.88,4.6,1.99,-2.47,27.8,1,1,0,1,1,1,0,0,0,0,1,0,0,0,0,0,0,0,0,0,1,1,1,1,1,0,0,0,0,0,0,0,1,1,5156.2,0C,1,1,0,1,1,0,1,0,0,137.69,365.19,,,,,,,,,,,,,,,,,,,,,,,,,,,,,,,,,,,,,,,,,,,,,,,,,,,,,,,,,
1291,592,300,14.10,75.00,2249,65.0,33.750,2.989,7.96,6.241,22.27,0.99,0.92,-0.76,1.07,0.800,1.02,-1.33,1.136,0.00,0.90,2.978,21.0,11.940,0.673,0.000,900,6.88,4.6,1.99,-2.47,27.8,1,1,0,1,1,1,0,0,0,0,1,0,0,0,0,0,0,0,0,0,1,1,1,1,1,0,0,0,0,0,0,0,1,1,5156.2,0C,1,1,0,1,1,0,1,0,0,136.06,360.88,,,,,,,,,,,,,,,,,,,,,,,,,,,,,,,,,,,,,,,,,,,,,,,,,,,,,,,,,
1292,592,698,14.10,75.00,2240,65.0,32.250,3.085,8.57,6.851,23.60,1.00,0.86,-0.76,1.05,0.765,1.02,-1.33,1.144,0.00,0.90,2.978,21.0,12.634,0.673,0.000,900,6.89,4.6,1.99,-2.47,27.8,1,1,0,1,1,1,0,0,0,0,1,0,0,0,0,0,0,0,0,0,1,1,1,1,1,0,0,0,0,0,0,0,1,1,5156.2,0C,1,1,0,1,1,0,1,0,0,145.75,383.88,,,,,,,,,,,,,,,,,,,,,,,,,,,,,,,,,,,,,,,,,,,,,,,,,,,,,,,,,
1293,593,98,14.10,75.00,2237,63.8,32.250,3.187,8.98,7.523,25.13,1.00,0.80,-0.76,1.02,0.727,1.02,-1.33,1.149,0.00,0.90,2.707,21.0,13.321,0.673,0.000,900,6.89,4.6,1.99,-2.47,27.8,1,1,0,1,1,1,0,0,0,0,1,0,0,0,0,0,0,0,0,0,1,1,1,1,1,0,0,0,0,0,0,0,1,1,5156.2,0C,1,1,0,1,1,0,1,0,0,153.75,401.25,,,,,,,,,,,,,,,,,,,,,,,,,,,,,,,,,,,,,,,,,,,,,,,,,,,,,,,,,
1294,593,480,14.10,75.00,2231,63.8,31.500,3.309,9.06,8.078,25.83,1.00,0.74,-0.76,0.98,0.738,1.02,-1.33,1.148,0.00,0.90,2.707,21.0,13.664,0.673,0.000,900,6.89,4.6,2.00,-2.47,27.8,1,1,0,1,1,1,0,0,0,0,1,0,0,0,0,0,0,0,0,0,1,1,1,1,1,0,0,0,0,0,0,0,1,1,5156.2,0C,1,1,0,1,1,0,1,0,0,158.38,411.81,,,,,,,,,,,,,,,,,,,,,,,,,,,,,,,,,,,,,,,,,,,,,,,,,,,,,,,,,
1295,593,876,14.10,75.00,2223,63.8,31.500,3.482,9.55,8.882,26.77,1.00,0.22,-0.76,0.91,0.749,1.02,-1.33,1.148,0.00,0.90,2.978,21.0,14.359,0.673,0.000,900,6.90,4.6,2.00,-2.47,27.8,1,1,0,1,1,1,0,0,0,0,1,0,0,0,0,0,0,0,0,0,1,1,1,1,1,0,0,0,0,0,0,0,1,1,5156.2,0C,1,1,0,1,1,0,1,0,0,164.69,425.56,,,,,,,,,,,,,,,,,,,,,,,,,,,,,,,,,,,,,,,,,,,,,,,,,,,,,,,,,
1296,594,267,14.10,74.25,2221,63.8,31.500,3.501,9.67,9.882,27.66,1.00,0.80,-0.76,0.96,0.727,1.02,-1.33,1.148,0.00,0.90,2.978,21.0,14.702,0.673,0.000,900,6.90,4.6,2.00,-2.47,27.8,1,1,0,1,1,1,0,0,0,0,1,0,0,0,0,0,0,0,0,0,1,1,1,1,1,0,0,0,0,0,0,0,1,1,5156.2,0C,1,1,0,1,1,0,1,0,0,170.31,438.06,,,,,,,,,,,,,,,,,,,,,,,,,,,,,,,,,,,,,,,,,,,,,,,,,,,,,,,,,
1297,594,676,14.10,74.25,2224,63.8,31.500,3.654,10.08,11.124,28.05,1.00,0.43,-0.76,0.83,0.772,1.02,-1.33,1.148,0.00,0.90,2.978,21.0,15.396,0.673,0.000,900,6.89,4.6,2.00,-2.47,27.8,1,1,0,1,1,1,0,0,0,0,1,0,0,0,0,0,0,0,0,0,1,1,1,1,1,0,0,0,0,0,0,0,1,1,5156.2,0C,1,1,0,1,1,0,1,0,0,166.63,429.88,,,,,,,,,,,,,,,,,,,,,,,,,,,,,,,,,,,,,,,,,,,,,,,,,,,,,,,,,
1298,595,60,14.10,74.25,2232,63.8,26.250,5.658,14.65,18.836,43.17,1.00,0.86,-0.76,1.00,0.705,1.02,-1.33,1.149,0.00,0.90,3.247,21.0,16.434,0.673,0.000,900,6.89,4.6,1.99,-2.47,27.8,1,1,0,1,1,1,0,0,0,0,1,0,0,0,0,0,0,0,0,0,1,1,1,1,1,0,0,1,0,0,0,0,1,1,5156.2,0C,1,1,0,1,1,0,1,0,0,265.81,638.50,,,,,,,,,,,,,,,,,,,,,,,,,,,,,,,,,,,,,,,,,,,,,,,,,,,,,,,,,
1299,595,471,14.10,74.25,2250,65.0,23.250,7.674,19.63,25.171,56.04,1.00,0.33,-0.76,0.61,0.764,1.02,-1.33,1.124,0.00,0.90,3.247,21.0,20.233,0.673,0.000,900,6.88,4.6,1.99,-2.47,27.8,1,1,0,1,1,1,0,0,0,0,1,0,0,0,0,0,0,0,0,0,1,1,1,1,1,0,0,1,0,0,0,0,1,1,5156.2,0C,1,1,0,1,1,0,1,0,0,333.94,776.81,,,,,,,,,,,,,,,,,,,,,,,,,,,,,,,,,,,,,,,,,,,,,,,,,,,,,,,,,
1300,595,861,14.10,74.25,2278,65.0,18.750,8.525,23.05,26.148,63.77,1.00,0.21,-0.76,0.71,0.776,1.02,-1.33,1.120,0.00,0.90,8.125,20.3,31.296,0.673,0.000,900,6.85,4.6,1.98,-2.46,27.8,1,1,0,1,1,1,0,0,0,0,1,0,0,0,0,0,0,0,0,0,1,1,1,1,1,0,0,1,0,0,0,0,1,1,5156.2,0C,1,1,0,1,1,0,1,0,0,390.94,883.50,,,,,,,,,,,,,,,,,,,,,,,,,,,,,,,,,,,,,,,,,,,,,,,,,,,,,,,,,
1301,596,266,14.10,74.25,2309,66.3,18.000,8.403,23.78,26.468,64.73,1.00,0.76,-0.76,0.90,0.748,1.02,-1.33,1.120,0.00,0.90,8.125,20.3,35.439,0.673,0.000,900,6.83,4.6,1.98,-2.45,27.8,1,1,0,1,1,1,0,0,0,0,1,0,0,0,0,0,0,0,0,0,1,1,1,1,1,0,0,1,0,0,0,0,1,1,5156.2,0C,1,1,0,1,1,0,1,0,0,392.56,894.31,,,,,,,,,,,,,,,,,,,,,,,,,,,,,,,,,,,,,,,,,,,,,,,,,,,,,,,,,
1302,596,676,14.10,74.25,2350,67.5,18.750,8.435,24.80,26.468,63.87,1.00,0.76,-0.76,0.87,0.791,1.02,-1.33,1.120,0.00,0.90,8.125,20.3,39.246,0.673,0.000,900,6.80,4.6,1.97,-2.44,27.8,1,1,0,1,1,1,0,0,0,0,1,0,0,0,0,0,0,0,0,0,1,1,1,1,1,0,0,1,0,0,0,0,1,1,5156.2,0C,1,1,0,1,1,0,1,0,0,390.94,903.94,,,,,,,,,,,,,,,,,,,,,,,,,,,,,,,,,,,,,,,,,,,,,,,,,,,,,,,,,
1303,597,57,14.10,74.25,2377,68.8,19.500,8.602,25.85,26.468,64.17,1.00,0.69,-0.76,0.85,0.818,1.02,-1.33,1.120,0.00,0.90,8.512,20.3,45.808,0.673,0.000,900,6.78,4.6,1.96,-2.44,27.8,1,1,0,1,1,1,0,0,0,0,1,0,0,0,0,0,0,0,0,0,1,1,1,1,1,0,0,1,0,0,0,0,1,1,5156.2,0C,1,1,0,1,1,0,1,0,0,393.69,917.69,,,,,,,,,,,,,,,,,,,,,,,,,,,,,,,,,,,,,,,,,,,,,,,,,,,,,,,,,
1304,597,439,14.10,74.25,2402,68.8,19.500,8.710,26.22,26.468,64.15,1.00,0.23,-0.76,0.43,0.852,1.02,-1.33,1.120,0.00,0.90,8.512,19.5,47.883,0.673,0.000,900,6.77,4.6,1.96,-2.43,27.8,1,1,0,1,1,1,0,0,0,0,1,0,0,0,0,0,0,0,0,0,1,1,1,1,1,0,0,1,0,0,0,0,1,1,5156.2,0C,1,1,0,1,1,0,1,0,0,393.75,920.19,,,,,,,,,,,,,,,,,,,,,,,,,,,,,,,,,,,,,,,,,,,,,,,,,,,,,,,,,
1305,597,860,14.10,74.25,2433,70.0,19.500,8.666,26.15,26.148,63.98,1.00,0.54,-0.76,0.89,0.870,1.02,-1.33,1.120,0.00,0.90,9.099,19.5,51.339,0.673,0.000,900,6.74,4.6,1.95,-2.42,27.8,1,1,0,1,1,1,0,0,0,0,1,0,0,0,0,0,0,0,0,0,1,1,1,1,1,0,0,1,0,0,0,0,1,1,5156.2,0C,1,1,0,1,1,0,1,0,0,391.00,914.75,,,,,,,,,,,,,,,,,,,,,,,,,,,,,,,,,,,,,,,,,,,,,,,,,,,,,,,,,
1306,598,249,14.10,74.25,2465,71.3,21.000,8.563,26.64,26.148,64.22,1.00,0.70,-0.76,0.91,0.865,1.02,-1.33,1.120,0.00,0.90,9.099,19.5,56.176,0.673,-0.750,900,6.72,4.6,1.94,-2.41,27.8,1,1,0,1,1,1,0,0,0,0,1,0,0,0,0,0,0,0,0,0,1,1,1,1,1,0,0,1,0,0,0,0,1,1,5156.2,0C,1,1,0,1,1,0,1,0,0,392.75,915.63,,,,,,,,,,,,,,,,,,,,,,,,,,,,,,,,,,,,,,,,,,,,,,,,,,,,,,,,,
1307,598,643,14.10,74.25,2501,71.3,21.000,8.986,27.37,26.148,64.45,1.00,0.64,-0.76,0.84,0.911,1.02,-1.33,1.120,0.00,0.90,9.099,19.5,63.783,0.673,-0.750,900,6.70,4.6,1.94,-2.40,27.8,1,1,0,1,1,1,0,0,0,0,1,0,0,0,0,0,0,0,0,0,1,1,1,1,1,0,0,1,0,0,0,0,1,1,5156.2,0C,1,1,0,1,1,0,1,0,0,394.38,918.75,,,,,,,,,,,,,,,,,,,,,,,,,,,,,,,,,,,,,,,,,,,,,,,,,,,,,,,,,
1308,599,39,14.10,74.25,2535,72.5,21.750,9.088,27.86,26.148,64.55,1.00,0.23,-0.76,0.36,0.964,1.02,-1.33,1.120,0.00,0.90,10.245,18.8,69.657,0.673,-0.750,900,6.67,4.6,1.93,-2.40,27.8,1,1,0,1,1,1,0,0,0,0,1,0,0,0,0,0,0,0,0,0,1,1,1,1,1,0,0,1,0,0,0,0,1,1,5156.2,0C,1,1,0,1,1,0,1,0,0,395.19,924.63,,,,,,,,,,,,,,,,,,,,,,,,,,,,,,,,,,,,,,,,,,,,,,,,,,,,,,,,,
1309,599,440,14.10,73.50,2575,73.8,21.750,9.184,28.39,26.148,64.45,1.00,0.25,-0.76,0.47,0.985,1.02,-1.33,1.120,0.00,0.90,10.245,18.8,71.389,0.673,-0.750,900,6.64,4.6,1.92,-2.38,27.8,1,1,0,1,1,1,0,0,0,0,1,0,0,0,0,0,0,0,0,0,1,1,1,1,1,0,0,1,0,0,0,0,1,1,5156.2,0C,1,1,0,1,1,0,1,0,0,395.44,924.50,,,,,,,,,,,,,,,,,,,,,,,,,,,,,,,,,,,,,,,,,,,,,,,,,,,,,,,,,
1310,599,846,14.10,73.50,2581,75.0,19.500,3.456,9.79,0.000,29.46,1.00,0.91,-0.76,0.99,0.945,1.02,-1.33,1.165,0.00,0.90,5.440,18.8,30.945,0.673,0.000,900,6.64,4.6,1.92,-4.40,27.8,1,1,0,1,1,1,0,0,0,0,1,0,0,0,0,0,0,0,1,0,1,1,1,1,1,0,0,1,0,1,0,0,1,1,5156.2,0C,1,1,0,1,1,0,1,0,0,155.25,463.31,,,,,,,,,,,,,,,,,,,,,,,,,,,,,,,,,,,,,,,,,,,,,,,,,,,,,,,,,
1311,600,229,14.10,73.50,2587,75.0,36.000,2.317,515.63,12.616,314.95,1.45,0.04,-1.47,0.78,0.007,0.14,-3.04,0.647,0.01,0.07,0.194,-42.0,49.220,0.719,87.750,2500,76.09,1766.7,1.16,-43.38,114.8,0,1,0,0,0,1,0,1,1,1,1,1,0,1,1,0,0,1,0,0,0,0,0,0,0,0,0,1,1,0,0,0,0,0,7811.3,ED,0,1,0,1,0,1,1,1,1,1,1,,,,,,,,,,,,,,,,,,,,,,,,,,,,,,,,,,,,,,,,,,,,,,,,,,,,,,,,,
1312,600,630,14.10,73.50,2579,73.8,35.250,3.162,11.72,13.312,20.95,1.00,0.16,-0.76,0.26,1.021,1.02,-1.33,1.153,0.00,0.90,5.440,18.8,34.058,0.673,0.000,900,6.63,4.6,1.92,-2.38,27.8,1,1,0,1,1,1,0,0,0,0,1,0,0,0,0,0,0,0,0,0,1,1,1,1,1,0,0,0,0,1,0,0,1,1,5156.2,0C,1,1,0,1,1,0,1,0,0,142.81,414.19,,,,,,,,,,,,,,,,,,,,,,,,,,,,,,,,,,,,,,,,,,,,,,,,,,,,,,,,,
1313,601,36,14.10,73.50,2574,73.8,28.500,6.016,15.67,14.452,37.80,1.00,0.87,-0.76,0.92,1.014,1.02,-1.33,1.171,0.00,0.90,4.481,18.8,36.477,0.673,0.000,900,6.64,4.6,1.92,-2.39,27.8,1,1,0,1,1,1,0,0,0,0,1,0,0,0,0,0,0,0,0,0,1,1,1,1,1,0,0,1,0,0,0,0,1,1,5156.2,0C,1,1,0,1,1,0,1,0,0,235.56,622.44,,,,,,,,,,,,,,,,,,,,,,,,,,,,,,,,,,,,,,,,,,,,,,,,,,,,,,,,,
1314,601,436,14.10,73.50,2578,73.8,27.750,6.285,16.41,15.914,40.15,1.00,0.80,-0.76,0.87,1.009,1.02,-1.33,1.173,0.00,0.90,4.481,18.8,38.552,0.673,0.000,900,6.64,4.6,1.92,-2.38,27.8,1,1,0,1,1,1,0,0,0,0,1,0,0,0,0,0,0,0,0,0,1,1,1,1,1,0,0,1,0,0,0,0,1,1,5156.2,0C,1,1,0,1,1,0,1,0,0,244.25,643.44,,,,,,,,,,,,,,,,,,,,,,,,,,,,,,,,,,,,,,,,,,,,,,,,,,,,,,,,,
1315,601,847,14.10,73.50,2594,75.0,27.750,6.400,16.72,16.562,40.27,1.00,0.73,-0.76,0.45,1.027,1.02,-1.33,1.173,0.00,0.90,7.362,18.8,39.590,0.673,0.000,900,6.63,4.6,1.92,-2.38,27.8,1,1,0,1,1,1,0,0,0,0,1,0,0,0,0,0,0,0,0,0,1,1,1,1,1,0,0,1,0,0,0,0,1,1,5156.2,0C,1,1,0,1,1,0,1,0,0,245.81,650.13,,,,,,,,,,,,,,,,,,,,,,,,,,,,,,,,,,,,,,,,,,,,,,,,,,,,,,,,,
1316,602,240,14.10,73.50,2618,75.0,27.000,6.778,17.58,17.374,42.47,1.00,0.83,-0.76,0.87,1.027,1.02,-1.33,1.170,0.00,0.90,7.362,18.8,37.858,0.673,0.000,900,6.62,4.6,1.91,-2.37,27.8,1,1,0,1,1,1,0,0,0,0,1,0,0,0,0,0,0,0,0,0,1,1,1,1,1,0,0,1,0,0,0,0,1,1,5156.2,0C,1,1,0,1,1,0,1,0,0,259.75,678.69,,,,,,,,,,,,,,,,,,,,,,,,,,,,,,,,,,,,,,,,,,,,,,,,,,,,,,,,,
1317,602,639,14.10,73.50,2636,76.3,26.250,7.290,18.48,18.350,44.91,1.00,0.42,-0.76,0.88,1.047,1.02,-1.33,1.160,0.00,0.90,7.362,18.8,36.133,0.673,0.000,900,6.61,4.6,1.91,-2.37,27.8,1,1,0,1,1,1,0,0,0,0,1,0,0,0,0,0,0,0,0,0,1,1,1,1,1,0,0,1,0,0,0,0,1,1,5156.2,0C,1,1,0,1,1,0,1,0,0,274.19,709.69,,,,,,,,,,,,,,,,,,,,,,,,,,,,,,,,,,,,,,,,,,,,,,,,,,,,,,,,,
1318,603,36,14.10,73.50,2651,76.3,27.000,6.976,18.41,18.350,44.11,1.00,0.79,-0.76,0.73,1.015,1.02,-1.33,1.164,0.00,0.90,8.002,18.8,32.334,0.673,0.000,900,6.60,4.6,1.91,-2.37,27.8,1,1,0,1,1,1,0,0,0,0,1,0,0,0,0,0,0,0,0,0,1,1,1,1,1,0,0,1,0,0,0,0,1,1,5156.2,0C,1,1,0,1,1,0,1,0,0,268.94,699.94,,,,,,,,,,,,,,,,,,,,,,,,,,,,,,,,,,,,,,,,,,,,,,,,,,,,,,,,,
1319,603,440,14.10,73.50,2669,76.3,27.000,6.925,18.48,18.350,43.78,1.00,0.84,-0.76,0.90,1.005,1.02,-1.33,1.166,0.00,0.90,8.002,18.8,28.878,0.673,0.000,900,6.59,4.6,1.91,-2.37,27.8,1,1,0,1,1,1,0,0,0,0,1,0,0,0,0,0,0,0,0,0,1,1,1,1,1,0,0,1,0,0,0,0,1,1,5156.2,0C,1,1,0,1,1,0,1,0,0,268.13,699.06,,,,,,,,,,,,,,,,,,,,,,,,,,,,,,,,,,,,,,,,,,,,,,,,,,,,,,,,,
1320,603,846,14.10,73.50,2692,77.5,27.000,6.970,18.97,18.350,43.99,1.00,0.78,-0.76,0.86,1.005,1.02,-1.33,1.166,0.00,0.90,8.002,18.8,25.765,0.673,0.000,900,6.57,4.6,1.90,-2.36,27.8,1,1,0,1,1,1,0,0,0,0,1,0,0,0,0,0,0,0,0,0,1,1,1,1,1,0,0,1,0,0,0,0,1,1,5156.2,0C,1,1,0,1,1,0,1,0,0,270.25,705.31,,,,,,,,,,,,,,,,,,,,,,,,,,,,,,,,,,,,,,,,,,,,,,,,,,,,,,,,,
1321,604,266,14.10,73.50,2707,77.5,27.000,7.117,18.85,18.187,43.99,1.00,0.71,-0.76,0.87,1.023,1.02,-1.33,1.165,0.00,0.90,8.002,18.8,22.652,0.673,0.000,900,6.57,4.6,1.90,-2.36,27.8,1,1,0,1,1,1,0,0,0,0,1,0,0,0,0,0,0,0,0,0,1,1,1,1,1,0,0,1,0,0,0,0,1,1,5156.2,0C,1,1,0,1,1,0,1,0,0,267.75,699.06,,,,,,,,,,,,,,,,,,,,,,,,,,,,,,,,,,,,,,,,,,,,,,,,,,,,,,,,,
1322,604,671,14.10,73.50,2729,78.8,27.000,7.123,18.73,17.702,43.17,1.00,0.36,-0.76,0.41,1.033,1.02,-1.33,1.169,0.00,0.90,8.002,18.8,18.158,0.673,0.000,900,6.57,4.6,1.90,-2.36,27.8,1,1,0,1,1,1,0,0,0,0,1,0,0,0,0,0,0,0,0,0,1,1,1,1,1,0,0,1,0,0,0,0,1,1,5156.2,0C,1,1,0,1,1,0,1,0,0,265.25,692.50,,,,,,,,,,,,,,,,,,,,,,,,,,,,,,,,,,,,,,,,,,,,,,,,,,,,,,,,,
1323,605,56,14.10,73.50,2741,78.8,27.000,6.675,18.04,16.725,41.98,1.00,0.80,-0.76,0.87,0.990,1.02,-1.33,1.174,0.00,0.90,8.806,18.8,14.702,0.673,0.000,900,6.57,4.6,1.90,-2.36,27.8,1,1,0,1,1,1,0,0,0,0,1,0,0,0,0,0,0,0,0,0,1,1,1,1,1,0,0,1,0,0,0,0,1,1,5156.2,0C,1,1,0,1,1,0,1,0,0,256.44,672.31,,,,,,,,,,,,,,,,,,,,,,,,,,,,,,,,,,,,,,,,,,,,,,,,,,,,,,,,,
1324,605,449,14.10,73.50,2761,78.8,27.750,6.438,17.82,16.725,40.34,1.00,0.67,-0.76,0.91,0.984,1.02,-1.33,1.177,0.00,0.90,8.806,18.8,12.284,0.673,0.000,900,6.57,4.6,1.90,-2.36,27.8,1,1,0,1,1,1,0,0,0,0,1,0,0,0,0,0,0,0,0,0,1,1,1,1,1,0,0,1,0,0,0,0,1,1,5156.2,0C,1,1,0,1,1,0,1,0,0,247.69,652.56,,,,,,,,,,,,,,,,,,,,,,,,,,,,,,,,,,,,,,,,,,,,,,,,,,,,,,,,,
1325,605,863,14.10,73.50,2775,80.0,27.000,6.880,18.97,17.859,42.80,1.00,0.46,-0.76,0.88,0.977,1.02,-1.33,1.168,0.00,0.90,8.101,18.8,9.178,0.673,0.000,900,6.57,4.6,1.90,-2.36,27.8,1,1,0,1,1,1,0,0,0,0,1,0,0,0,0,0,0,0,0,0,1,1,1,1,1,0,0,1,0,0,0,0,1,1,5156.2,0C,1,1,0,1,1,0,1,0,0,263.50,686.44,,,,,,,,,,,,,,,,,,,,,,,,,,,,,,,,,,,,,,,,,,,,,,,,,,,,,,,,,
1326,606,246,14.10,73.50,2792,80.0,27.000,6.387,16.53,13.147,40.69,1.00,0.71,-0.76,0.92,0.969,1.02,-1.33,1.175,0.00,0.90,8.101,18.8,0.000,0.673,0.000,900,6.57,4.6,1.90,-2.36,27.8,1,1,0,1,1,1,0,0,0,0,1,0,0,0,0,0,0,0,0,0,0,1,1,1,1,0,0,1,0,0,0,0,1,1,5156.2,0C,1,1,0,1,1,0,1,0,0,197.50,544.31,,,,,,,,,,,,,,,,,,,,,,,,,,,,,,,,,,,,,,,,,,,,,,,,,,,,,,,,,
1327,606,647,14.10,73.50,2789,80.0,35.250,2.989,10.40,0.000,19.76,1.00,0.16,-0.76,0.27,0.997,1.02,-1.33,1.165,0.00,0.90,8.101,18.8,0.000,0.673,0.000,900,6.56,4.6,1.90,-4.47,27.8,1,1,0,1,1,1,0,0,0,0,1,0,0,0,0,0,0,0,1,0,0,1,1,1,1,0,0,0,0,1,0,0,1,1,5156.2,0C,1,1,0,1,1,0,1,0,0,114.75,354.06,,,,,,,,,,,,,,,,,,,,,,,,,,,,,,,,,,,,,,,,,,,,,,,,,,,,,,,,,
1328,607,40,14.10,73.50,2776,80.0,36.750,2.464,8.37,0.000,14.67,1.00,0.18,-0.76,0.28,1.033,1.02,-1.33,1.166,0.00,0.90,3.169,18.8,0.000,0.673,0.000,900,6.56,4.6,1.90,-4.46,27.8,1,1,0,1,1,1,0,0,0,0,1,0,0,0,0,0,0,0,1,0,0,1,1,1,1,0,0,0,0,1,0,0,1,1,5156.2,0C,1,1,0,1,1,0,1,0,0,83.13,283.13,,,,,,,,,,,,,,,,,,,,,,,,,,,,,,,,,,,,,,,,,,,,,,,,,,,,,,,,,
1329,607,472,14.10,73.50,2741,80.0,39.750,1.664,6.93,0.000,9.05,1.00,0.18,-0.76,0.28,1.064,1.02,-1.33,1.166,0.00,0.90,3.169,18.8,0.000,0.673,0.000,900,6.56,4.6,1.90,-4.43,27.8,1,1,0,1,1,1,0,0,0,0,1,0,0,0,0,0,0,0,1,0,0,1,1,1,0,0,0,0,0,1,0,0,1,1,5156.2,0C,1,1,0,1,1,0,1,0,0,58.13,222.38,,,,,,,,,,,,,,,,,,,,,,,,,,,,,,,,,,,,,,,,,,,,,,,,,,,,,,,,,
1330,609,909,14.10,73.50,2869,82.5,18.750,10.579,38.43,29.554,73.78,1.00,0.78,-0.76,0.99,0.872,1.02,-1.33,1.114,0.00,0.90,13.033,18.8,0.000,0.673,0.000,900,6.57,4.6,1.90,-2.36,27.8,1,1,0,1,1,1,0,0,0,0,1,0,0,0,0,0,0,0,0,0,0,1,1,1,0,0,0,1,0,0,0,0,1,1,5156.2,0C,1,1,0,1,1,0,1,0,0,451.25,961.19,,,,,,,,,,,,,,,,,,,,,,,,,,,,,,,,,,,,,,,,,,,,,,,,,,,,,,,,,
1331,610,307,14.10,73.50,2911,83.8,18.750,10.560,39.43,30.367,74.53,1.00,0.75,-0.76,1.00,0.855,1.02,-1.33,1.113,0.00,0.90,13.033,18.8,0.000,0.673,0.000,900,6.57,4.6,1.90,-2.36,27.8,1,1,0,1,1,1,0,0,0,0,1,0,0,0,0,0,0,0,0,0,0,1,1,1,0,0,0,1,0,0,0,0,1,1,5156.2,0C,1,1,0,1,1,0,1,0,0,456.56,966.69,,,,,,,,,,,,,,,,,,,,,,,,,,,,,,,,,,,,,,,,,,,,,,,,,,,,,,,,,
1332,610,717,14.10,73.50,2951,85.0,19.500,10.266,35.45,29.554,72.09,1.00,0.74,-0.76,0.99,0.862,1.02,-1.33,1.111,0.00,0.90,13.033,18.8,0.000,0.673,0.000,900,6.56,4.6,1.90,-2.36,27.8,1,1,0,1,1,1,0,0,0,0,1,0,0,0,0,0,0,0,0,0,0,1,1,1,0,0,0,1,0,0,0,0,1,1,5156.2,0C,1,1,0,1,1,0,1,0,0,440.75,942.81,,,,,,,,,,,,,,,,,,,,,,,,,,,,,,,,,,,,,,,,,,,,,,,,,,,,,,,,,
1333,611,150,14.10,73.50,2994,86.3,21.000,9.939,32.42,28.742,69.40,1.00,0.45,-0.76,1.00,0.876,1.02,-1.33,1.110,0.00,0.90,12.681,18.0,0.000,0.673,0.000,900,6.56,4.6,1.90,-2.36,27.8,1,1,0,1,1,1,0,0,0,0,1,0,0,0,0,0,0,0,0,0,0,1,1,1,0,0,0,1,0,0,0,0,1,1,5156.2,0C,1,1,0,1,1,0,1,0,0,423.56,922.25,,,,,,,,,,,,,,,,,,,,,,,,,,,,,,,,,,,,,,,,,,,,,,,,,,,,,,,,,
1334,611,559,14.10,73.50,3026,86.3,21.000,9.280,29.32,27.358,65.55,1.00,0.26,-0.76,0.95,0.874,1.02,-1.33,1.109,0.00,0.90,12.681,18.0,0.000,0.673,0.000,900,6.56,4.6,1.90,-2.36,27.8,1,1,0,1,1,1,0,0,0,0,1,0,0,0,0,0,0,0,0,0,0,1,1,1,1,0,0,1,0,0,0,0,1,1,5156.2,0C,1,1,0,1,1,0,1,0,0,379.13,859.13,,,,,,,,,,,,,,,,,,,,,,,,,,,,,,,,,,,,,,,,,,,,,,,,,,,,,,,,,
1335,612,52,14.10,73.50,3057,87.5,23.250,8.134,24.27,22.405,55.43,1.00,0.23,-0.76,0.37,0.918,1.02,-1.33,1.115,0.00,0.90,10.959,18.0,0.000,0.673,0.000,900,6.56,4.6,1.90,-2.35,27.8,1,1,0,1,1,1,0,0,0,0,1,0,0,0,0,0,0,0,0,0,0,1,1,1,1,0,0,1,0,0,0,0,1,1,5156.2,0C,1,1,0,1,1,0,1,0,0,339.25,793.50,,,,,,,,,,,,,,,,,,,,,,,,,,,,,,,,,,,,,,,,,,,,,,,,,,,,,,,,,
1336,612,449,14.10,73.50,2970,87.5,39.000,1.293,5.59,0.000,10.92,1.00,0.17,-0.76,0.49,0.904,1.02,-1.33,1.166,0.00,0.90,10.959,18.0,0.000,0.673,0.000,900,6.55,4.6,1.90,-4.57,27.8,1,1,0,1,1,1,0,0,0,0,1,0,1,0,0,0,0,0,1,0,0,1,1,1,1,0,0,0,0,1,0,0,1,1,5156.2,0C,1,1,0,1,1,0,1,0,0,60.31,226.94,,,,,,,,,,,,,,,,,,,,,,,,,,,,,,,,,,,,,,,,,,,,,,,,,,,,,,,,,
1337,612,831,14.10,73.50,2605,87.5,39.000,1.632,6.08,0.000,11.06,1.00,0.14,-0.76,0.26,0.935,1.02,-1.33,1.152,0.00,0.90,1.279,17.3,0.000,0.673,0.000,900,6.63,4.6,1.92,-4.39,27.8,1,1,0,1,1,1,0,0,0,0,1,0,1,0,0,0,0,0,1,0,0,1,1,1,0,0,0,0,0,1,0,0,1,1,5156.2,0C,1,1,0,1,1,0,1,0,0,69.25,228.50,,,,,,,,,,,,,,,,,,,,,,,,,,,,,,,,,,,,,,,,,,,,,,,,,,,,,,,,,
1338,613,236,14.10,73.50,2388,86.3,38.250,2.054,6.69,5.109,13.01,1.00,0.20,-0.76,0.29,0.962,1.02,-1.33,1.132,0.00,0.90,1.279,17.3,0.000,0.673,0.000,900,6.75,4.6,1.95,-2.42,27.8,1,1,0,1,1,1,0,0,0,0,1,0,1,0,0,0,0,0,0,0,0,1,1,1,1,0,0,0,0,1,0,0,1,1,5156.2,0C,1,1,0,1,1,0,1,0,0,95.63,275.88,,,,,,,,,,,,,,,,,,,,,,,,,,,,,,,,,,,,,,,,,,,,,,,,,,,,,,,,,
1339,613,656,14.10,72.75,2344,86.3,29.250,6.374,14.23,15.265,38.30,1.00,0.97,-0.76,1.07,0.910,1.02,-1.33,1.157,0.00,0.90,1.279,18.0,0.000,0.673,0.000,900,6.76,4.6,1.96,-2.43,27.8,1,1,0,1,1,1,0,0,0,0,1,0,1,0,0,0,0,0,0,0,0,1,1,1,1,0,0,1,0,0,0,0,1,1,5156.2,0C,1,1,0,1,1,0,1,0,0,262.63,641.13,,,,,,,,,,,,,,,,,,,,,,,,,,,,,,,,,,,,,,,,,,,,,,,,,,,,,,,,,
1340,614,67,14.10,72.75,2342,86.3,26.250,6.579,15.06,16.890,44.18,1.00,0.96,-0.76,1.09,0.859,1.02,-1.33,1.156,0.00,0.90,7.043,18.0,0.000,0.673,0.000,900,6.77,4.6,1.96,-2.43,27.8,1,1,0,1,1,1,0,0,0,0,1,0,0,0,0,0,0,0,0,0,0,1,1,1,1,0,0,1,0,0,0,0,1,1,5156.2,0C,1,1,0,1,1,0,1,0,0,267.56,650.63,,,,,,,,,,,,,,,,,,,,,,,,,,,,,,,,,,,,,,,,,,,,,,,,,,,,,,,,,
1341,614,458,14.10,72.75,2347,86.3,26.250,5.958,14.70,17.702,42.77,1.00,0.92,-0.76,1.08,0.797,1.02,-1.33,1.157,0.00,0.90,7.043,18.0,0.000,0.673,0.000,900,6.77,4.6,1.96,-2.43,27.8,1,1,0,1,1,1,0,0,0,0,1,0,0,0,0,0,0,0,0,0,0,1,1,1,1,0,0,1,0,0,0,0,1,1,5156.2,0C,1,1,0,1,1,0,1,0,0,263.19,641.69,,,,,,,,,,,,,,,,,,,,,,,,,,,,,,,,,,,,,,,,,,,,,,,,,,,,,,,,,
1342,614,857,14.10,72.75,2350,87.5,27.000,5.766,14.72,17.702,42.70,1.00,0.87,-0.76,1.07,0.758,1.02,-1.33,1.158,0.00,0.90,5.870,18.0,0.000,0.673,0.000,900,6.77,4.6,1.96,-2.43,27.8,1,1,0,1,1,1,0,0,0,0,1,0,0,0,0,0,0,0,0,0,0,1,1,1,1,0,0,1,0,0,0,0,1,1,5156.2,0C,1,1,0,1,1,0,1,0,0,260.44,636.63,,,,,,,,,,,,,,,,,,,,,,,,,,,,,,,,,,,,,,,,,,,,,,,,,,,,,,,,,
1343,615,250,14.10,72.75,2357,87.5,27.750,4.864,13.01,12.586,37.76,1.00,0.80,-0.76,1.02,0.750,1.02,-1.33,1.158,0.00,0.90,5.870,18.0,0.000,0.673,0.000,900,6.77,4.6,1.96,-2.43,27.8,1,1,0,1,1,1,0,0,0,0,1,0,0,0,0,0,0,0,0,0,0,1,1,1,1,0,0,1,0,0,0,0,1,1,5156.2,0C,1,1,0,1,1,0,1,0,0,237.13,587.06,,,,,,,,,,,,,,,,,,,,,,,,,,,,,,,,,,,,,,,,,,,,,,,,,,,,,,,,,
1344,615,656,14.10,72.75,2354,87.5,30.750,4.109,11.43,12.499,31.88,1.00,0.41,-0.76,0.99,0.758,1.02,-1.33,1.157,0.00,0.90,5.870,18.0,0.000,0.673,0.000,900,6.77,4.6,1.96,-2.43,27.8,1,1,0,1,1,1,0,0,0,0,1,0,0,0,0,0,0,0,0,0,0,1,1,1,1,0,0,1,0,0,0,0,1,1,5156.2,0C,1,1,0,1,1,0,1,0,0,197.06,503.63,,,,,,,,,,,,,,,,,,,,,,,,,,,,,,,,,,,,,,,,,,,,,,,,,,,,,,,,,
1345,616,50,14.10,72.75,2348,87.5,30.750,3.718,9.11,2.835,30.12,1.00,0.83,-0.76,1.01,0.750,1.02,-1.33,1.157,0.00,0.90,4.109,18.0,0.000,0.673,0.000,900,6.77,4.6,1.96,-2.43,27.8,1,1,0,1,1,1,0,0,0,0,1,0,0,0,0,0,0,0,0,0,0,1,1,1,1,0,0,1,0,0,0,0,1,1,5156.2,0C,1,1,0,1,1,0,1,0,0,188.19,483.63,,,,,,,,,,,,,,,,,,,,,,,,,,,,,,,,,,,,,,,,,,,,,,,,,,,,,,,,,
1346,616,436,14.10,72.75,2342,86.3,18.750,2.707,7.64,0.000,21.63,1.00,0.21,-0.76,0.37,0.785,1.02,-1.33,1.138,0.00,0.90,0.194,-42.0,67.189,0.719,-93.750,2500,88.59,1766.7,1.15,-43.38,114.8,0,1,0,0,0,1,0,1,1,1,1,1,0,1,1,0,0,1,0,0,0,0,0,0,0,0,0,0,0,1,0,0,0,0,387.5,DD,0,1,0,1,0,1,1,1,1,1,1,,,,,,,,,,,,,,,,,,,,,,,,,,,,,,,,,,,,,,,,,,,,,,,,,,,,,,,,,
1347,616,820,14.10,72.75,2324,86.3,21.750,2.387,6.86,0.000,18.47,1.00,0.82,-0.76,0.92,0.771,1.02,-1.33,1.129,0.00,0.90,2.348,18.0,0.000,0.673,0.000,900,6.79,4.6,1.97,-4.34,27.8,1,1,0,1,1,1,0,0,0,0,1,0,0,0,0,0,0,0,1,0,0,1,1,1,1,0,0,0,0,1,0,0,1,1,5156.2,0C,1,1,0,1,1,0,1,0,0,110.00,309.44,,,,,,,,,,,,,,,,,,,,,,,,,,,,,,,,,,,,,,,,,,,,,,,,,,,,,,,,,
1348,617,218,14.10,72.75,2299,86.3,36.000,1.971,5.35,0.000,14.84,1.00,0.86,-0.76,1.00,0.750,1.02,-1.33,1.126,0.00,0.90,2.348,18.0,0.000,0.673,0.000,900,6.81,4.6,1.97,-4.33,27.8,1,1,0,1,1,1,0,0,0,0,1,0,0,0,0,0,0,0,1,0,0,1,1,1,1,0,0,0,0,1,0,0,1,1,5156.2,0C,1,1,0,1,1,0,1,0,0,89.06,257.50,,,,,,,,,,,,,,,,,,,,,,,,,,,,,,,,,,,,,,,,,,,,,,,,,,,,,,,,,
1349,617,620,14.10,72.75,2293,85.0,9.750,1.562,3.88,0.000,11.18,1.00,0.35,-0.76,0.99,0.750,1.02,-1.33,1.126,0.00,0.90,2.348,18.8,0.000,0.673,0.000,900,6.81,4.6,1.97,-4.34,27.8,1,1,0,1,1,1,0,0,0,0,1,0,0,0,0,0,0,0,1,0,0,1,1,1,1,0,0,0,0,1,0,0,1,1,5156.2,0C,1,1,0,1,1,0,1,0,0,67.44,210.56,,,,,,,,,,,,,,,,,,,,,,,,,,,,,,,,,,,,,,,,,,,,,,,,,,,,,,,,,
1350,618,36,14.10,72.75,2272,83.8,-12.750,0.000,4.25,0.000,11.44,1.00,0.16,-0.76,0.28,1.000,1.02,-1.33,1.126,0.00,0.90,1.079,18.8,0.000,0.673,0.000,900,6.83,4.6,1.97,-4.33,27.8,1,1,0,1,1,1,0,0,0,0,1,0,0,0,0,0,0,0,1,0,0,1,0,1,0,0,1,0,0,1,0,0,1,1,5156.2,0C,1,1,0,1,1,0,1,0,0,70.88,217.06,,,,,,,,,,,,,,,,,,,,,,,,,,,,,,,,,,,,,,,,,,,,,,,,,,,,,,,,,
1351,620,609,14.10,72.75,2161,80.0,25.500,8.838,17.46,22.249,50.32,0.97,1.01,-0.76,1.10,0.946,1.02,-1.33,1.138,0.00,0.90,0.000,19.5,0.000,0.673,0.000,900,6.92,4.6,2.00,-2.48,27.8,1,1,0,1,1,1,0,0,0,0,1,0,0,0,0,0,0,0,0,0,0,1,1,1,1,0,0,1,0,0,0,0,1,1,5156.2,0C,1,1,0,1,1,0,1,0,0,312.38,736.13,,,,,,,,,,,,,,,,,,,,,,,,,,,,,,,,,,,,,,,,,,,,,,,,,,,,,,,,,
1352,621,3,14.10,-45.75,9041,300.0,7.500,176.966,1421.66,75.898,1322.67,1.45,0.04,-1.43,0.48,0.007,0.25,6.28,0.000,0.01,0.07,0.194,-42.0,85.548,0.719,-84.000,2520,-35.63,1766.7,1.15,-48.07,114.8,0,1,0,0,0,1,0,1,1,1,1,1,0,1,1,0,0,1,0,0,0,0,0,0,0,0,1,1,1,0,1,0,0,0,10163.7,A7,0,1,0,1,0,1,1,1,1,1,1,,,,,,,,,,,,,,,,,,,,,,,,,,,,,,,,,,,,,,,,,,,,,,,,,,,,,,,,,
1353,621,410,14.10,72.75,2180,81.3,18.000,9.190,21.95,25.898,62.25,0.97,0.95,-0.76,1.09,0.841,1.02,-1.33,1.120,0.00,0.90,8.938,20.3,0.000,0.673,0.000,900,6.91,4.6,2.00,-2.48,27.8,1,1,0,1,1,1,0,0,0,0,1,0,0,0,0,0,0,0,0,0,0,1,1,1,1,0,0,1,0,0,0,0,1,1,5156.2,0C,1,1,0,1,1,0,1,0,0,381.13,871.00,,,,,,,,,,,,,,,,,,,,,,,,,,,,,,,,,,,,,,,,,,,,,,,,,,,,,,,,,
1354,621,816,14.10,72.75,2197,81.3,18.750,8.621,21.90,25.820,62.23,0.98,0.92,-0.76,1.08,0.787,1.02,-1.33,1.120,0.00,0.90,8.125,19.5,0.000,0.673,0.000,900,6.89,4.6,2.00,-2.47,27.8,1,1,0,1,1,1,0,0,0,0,1,0,0,0,0,0,0,0,0,0,0,1,1,1,1,0,0,1,0,0,0,0,1,1,5156.2,0C,1,1,0,1,1,0,1,0,0,379.25,868.38,,,,,,,,,,,,,,,,,,,,,,,,,,,,,,,,,,,,,,,,,,,,,,,,,,,,,,,,,
1355,622,218,14.10,72.75,2210,81.3,21.000,6.221,14.65,13.883,50.72,0.99,0.83,-0.76,1.05,0.750,1.02,-1.33,1.141,0.00,0.90,8.125,19.5,0.000,0.673,0.000,900,6.88,4.6,1.99,-2.47,27.8,1,1,0,1,1,1,0,0,0,0,1,0,0,0,0,0,0,0,0,0,0,1,1,1,1,0,0,1,0,0,0,0,1,1,5156.2,0C,1,1,0,1,1,0,1,0,0,302.38,722.13,,,,,,,,,,,,,,,,,,,,,,,,,,,,,,,,,,,,,,,,,,,,,,,,,,,,,,,,,
1356,622,638,14.10,72.75,2205,81.3,10.500,2.816,7.30,0.000,24.82,1.00,0.88,-0.76,1.05,0.750,1.02,-1.33,1.146,0.00,0.90,8.125,19.5,0.000,0.673,0.000,900,6.88,4.6,1.99,-4.32,27.8,1,1,0,1,1,1,0,0,0,0,1,0,0,0,0,0,0,0,1,0,0,1,1,1,1,0,0,0,0,1,0,0,1,1,5156.2,0C,1,1,0,1,1,0,1,0,0,143.25,378.19,,,,,,,,,,,,,,,,,,,,,,,,,,,,,,,,,,,,,,,,,,,,,,,,,,,,,,,,,
1357,623,26,14.10,72.75,2192,81.3,18.000,2.445,6.74,0.000,20.23,1.00,0.86,-0.76,1.04,0.750,1.02,-1.33,1.123,0.00,0.90,2.163,19.5,0.000,0.673,0.000,900,6.89,4.6,1.99,-4.32,27.8,1,1,0,1,1,1,0,0,0,0,1,0,0,0,0,0,0,0,1,0,0,1,1,1,1,0,0,0,0,1,0,0,1,1,5156.2,0C,1,1,0,1,1,0,1,0,0,117.50,320.75,,,,,,,,,,,,,,,,,,,,,,,,,,,,,,,,,,,,,,,,,,,,,,,,,,,,,,,,,
1358,623,422,14.10,72.75,2172,81.3,35.250,2.042,5.22,0.000,16.08,1.00,0.88,-0.76,1.05,0.750,1.02,-1.33,1.116,0.00,0.90,2.163,18.8,0.000,0.673,0.000,900,6.90,4.6,2.00,-4.31,27.8,1,1,0,1,1,1,0,0,0,0,1,0,0,0,0,0,0,0,1,0,0,1,1,1,1,0,0,0,0,1,0,0,1,1,5156.2,0C,1,1,0,1,1,0,1,0,0,96.50,269.94,,,,,,,,,,,,,,,,,,,,,,,,,,,,,,,,,,,,,,,,,,,,,,,,,,,,,,,,,
1359,623,826,14.10,72.75,2157,80.0,14.250,1.696,3.32,0.000,12.89,1.00,0.91,-0.76,1.07,0.750,1.02,-1.33,1.121,0.00,0.90,1.623,18.8,0.000,0.673,0.000,900,6.91,4.6,2.00,-4.31,27.8,1,1,0,1,1,1,0,0,0,0,1,0,0,0,0,0,0,0,1,0,0,1,1,1,1,0,0,0,0,1,0,0,1,1,5156.2,0C,1,1,0,1,1,0,1,0,0,75.25,223.13,,,,,,,,,,,,,,,,,,,,,,,,,,,,,,,,,,,,,,,,,,,,,,,,,,,,,,,,,
1360,624,228,14.10,72.75,2140,78.8,-12.750,1.907,3.69,0.000,11.37,1.00,0.18,-0.76,0.97,1.000,1.02,-1.33,1.123,0.00,0.90,1.623,18.8,0.000,0.673,0.000,900,6.92,4.6,2.00,-4.30,27.8,1,1,0,1,1,1,0,0,0,0,1,0,0,0,0,0,0,0,1,0,0,1,0,1,0,0,1,0,0,1,0,0,1,1,5156.2,0C,1,1,0,1,1,0,1,0,0,71.44,213.94,,,,,,,,,,,,,,,,,,,,,,,,,,,,,,,,,,,,,,,,,,,,,,,,,,,,,,,,,
1361,624,616,14.10,72.75,2120,78.8,-14.250,0.000,4.13,0.000,12.26,1.00,0.14,-0.76,0.24,1.000,1.02,-1.33,1.122,0.00,0.90,1.623,19.5,0.000,0.673,0.000,900,6.93,4.6,2.01,-4.30,27.8,1,1,0,1,1,1,0,0,0,0,1,0,0,0,0,0,0,0,1,0,0,1,0,1,0,0,1,0,0,1,0,0,1,1,5156.2,0C,1,1,0,1,1,0,1,0,0,75.88,222.69,,,,,,,,,,,,,,,,,,,,,,,,,,,,,,,,,,,,,,,,,,,,,,,,,,,,,,,,,
1362,625,30,14.10,72.75,2101,77.5,-14.250,0.000,4.13,0.000,12.70,1.00,0.12,-0.76,0.22,1.000,1.02,-1.33,1.120,0.00,0.90,0.000,19.5,0.000,0.673,0.000,900,6.95,4.6,2.01,-4.30,27.8,1,1,0,1,1,1,0,0,0,0,1,0,0,0,0,0,0,0,1,0,0,1,0,1,0,0,1,0,0,1,0,0,1,1,5156.2,0C,1,1,0,1,1,0,1,0,0,78.38,227.81,,,,,,,,,,,,,,,,,,,,,,,,,,,,,,,,,,,,,,,,,,,,,,,,,,,,,,,,,
1363,625,446,14.10,72.75,2083,77.5,-14.250,0.000,4.17,0.000,12.82,1.00,0.12,-0.76,0.22,1.000,1.02,-1.33,1.119,0.00,0.90,0.000,19.5,0.000,0.673,0.000,900,6.96,4.6,2.01,-4.26,27.8,1,1,0,1,1,1,0,0,0,0,1,0,0,0,0,0,0,0,1,0,0,1,0,1,0,0,1,0,0,1,0,0,1,1,5156.2,0C,1,1,0,1,1,0,1,0,0,78.75,229.44,,,,,,,,,,,,,,,,,,,,,,,,,,,,,,,,,,,,,,,,,,,,,,,,,,,,,,,,,
1364,625,868,14.10,72.75,2062,76.3,-14.250,0.000,4.13,0.000,12.89,1.00,0.12,-0.76,0.22,1.000,1.02,-1.33,1.118,0.00,0.90,0.000,19.5,0.000,0.673,0.000,900,6.98,4.6,2.02,-4.21,27.8,1,1,0,1,1,1,0,0,0,0,1,0,0,0,0,0,0,0,1,0,0,1,0,1,0,0,1,0,0,1,0,0,1,1,5156.2,0C,1,1,0,1,1,0,1,0,0,79.06,230.88,,,,,,,,,,,,,,,,,,,,,,,,,,,,,,,,,,,,,,,,,,,,,,,,,,,,,,,,,
1365,626,268,14.10,72.75,2036,75.0,-14.250,0.000,4.13,0.000,12.84,1.00,0.12,-0.76,0.22,1.000,1.02,-1.33,1.117,0.00,0.90,0.000,20.3,0.000,0.673,0.000,900,7.00,4.6,2.03,-4.14,27.8,1,1,0,1,1,1,0,0,0,0,1,0,0,0,0,0,0,0,1,0,0,1,0,1,0,0,1,0,0,1,0,0,1,1,5156.2,0C,1,1,0,1,1,0,1,0,0,78.81,231.38,,,,,,,,,,,,,,,,,,,,,,,,,,,,,,,,,,,,,,,,,,,,,,,,,,,,,,,,,
1366,626,657,14.10,72.75,2014,75.0,-14.250,0.000,4.05,0.000,12.91,1.00,0.12,-0.76,0.22,1.000,1.02,-1.33,1.116,0.00,0.90,0.000,20.3,0.000,0.673,0.000,900,7.02,4.6,2.03,-4.09,27.8,1,1,0,1,1,1,0,0,0,0,1,0,0,0,0,0,0,0,1,0,0,1,0,1,0,0,1,0,0,1,0,0,1,1,5156.2,0C,1,1,0,1,1,0,1,0,0,79.06,232.38,,,,,,,,,,,,,,,,,,,,,,,,,,,,,,,,,,,,,,,,,,,,,,,,,,,,,,,,,
1367,627,51,14.10,72.75,1999,73.8,-14.250,2.950,4.05,2.921,12.84,1.00,0.11,-0.76,0.22,1.000,1.02,-1.33,1.116,0.00,0.90,0.000,20.3,0.000,0.673,0.000,900,7.03,4.6,2.04,-2.52,27.8,1,1,0,1,1,1,0,0,0,0,1,0,0,0,0,0,0,0,0,0,0,1,0,1,0,0,0,0,0,1,0,0,1,1,5156.2,0C,1,1,0,1,1,0,1,0,0,78.94,232.13,,,,,,,,,,,,,,,,,,,,,,,,,,,,,,,,,,,,,,,,,,,,,,,,,,,,,,,,,
1368,627,452,14.10,72.75,1983,73.8,13.500,2.394,4.91,6.569,13.15,0.97,0.34,-0.76,0.25,1.034,1.02,-1.33,1.114,0.00,0.90,0.000,20.3,0.000,0.673,0.000,900,7.04,4.6,2.04,-2.53,27.8,1,1,0,1,1,1,0,0,0,0,1,0,0,0,0,0,0,0,0,0,0,1,1,1,0,0,0,0,0,1,0,0,1,1,5156.2,0C,1,1,0,1,1,0,1,0,0,81.06,242.50,,,,,,,,,,,,,,,,,,,,,,,,,,,,,,,,,,,,,,,,,,,,,,,,,,,,,,,,,
1369,627,850,14.10,72.75,1953,72.5,24.750,1.952,3.76,0.000,11.81,1.00,0.98,-0.76,1.08,0.992,1.02,-1.33,1.117,0.00,0.90,1.643,20.3,0.000,0.673,0.000,900,7.07,4.6,2.04,-3.93,27.8,1,1,0,1,1,1,0,0,0,0,1,0,1,0,0,0,0,0,1,0,0,1,1,1,1,0,0,0,0,1,0,0,1,1,5156.2,0C,1,1,0,1,1,0,1,0,0,67.63,224.44,,,,,,,,,,,,,,,,,,,,,,,,,,,,,,,,,,,,,,,,,,,,,,,,,,,,,,,,,
1370,630,278,14.10,72.75,2479,71.3,32.250,4.339,11.84,10.062,26.95,1.00,0.95,-0.76,1.05,0.977,1.02,-1.33,1.161,0.00,0.90,5.283,20.3,0.000,0.673,0.000,900,6.73,4.6,1.95,-2.41,27.8,1,1,0,1,1,1,0,0,0,0,1,0,1,0,0,0,0,0,0,0,0,1,1,1,1,0,0,0,0,0,0,0,1,1,5156.2,0C,1,1,0,1,1,0,1,0,0,166.63,453.06,,,,,,,,,,,,,,,,,,,,,,,,,,,,,,,,,,,,,,,,,,,,,,,,,,,,,,,,,
1371,630,670,14.10,72.75,2476,71.3,31.500,4.602,12.08,10.874,29.27,1.00,0.94,-0.76,1.06,0.933,1.02,-1.33,1.161,0.00,0.90,5.283,20.3,0.000,0.673,0.000,900,6.73,4.6,1.95,-2.41,27.8,1,1,0,1,1,1,0,0,0,0,1,0,0,0,0,0,0,0,0,0,0,1,1,1,1,0,0,0,0,0,0,0,1,1,5156.2,0C,1,1,0,1,1,0,1,0,0,178.69,477.13,,,,,,,,,,,,,,,,,,,,,,,,,,,,,,,,,,,,,,,,,,,,,,,,,,,,,,,,,
1372,633,168,14.10,72.75,2605,75.0,21.750,8.960,26.27,24.843,61.52,1.00,0.26,-0.76,0.70,0.899,1.02,-1.33,1.120,0.00,0.90,10.245,19.5,0.000,0.673,0.000,900,6.63,4.6,1.92,-2.38,27.8,1,1,0,1,1,1,0,0,0,0,1,0,0,0,0,0,0,0,0,0,0,1,1,1,1,0,0,1,0,0,0,0,1,1,5156.2,0C,1,1,0,1,1,0,1,0,0,376.81,891.44,,,,,,,,,,,,,,,,,,,,,,,,,,,,,,,,,,,,,,,,,,,,,,,,,,,,,,,,,
1373,633,577,14.10,72.75,2639,76.3,19.500,10.086,35.84,28.421,70.80,1.00,0.82,-0.76,0.88,0.869,1.02,-1.33,1.120,0.00,0.90,10.245,18.8,0.000,0.673,0.000,900,6.61,4.6,1.91,-2.37,27.8,1,1,0,1,1,1,0,0,0,0,1,0,0,0,0,0,0,0,0,0,0,1,1,1,0,0,0,1,0,0,0,0,1,1,5156.2,0C,1,1,0,1,1,0,1,0,0,432.94,965.81,,,,,,,,,,,,,,,,,,,,,,,,,,,,,,,,,,,,,,,,,,,,,,,,,,,,,,,,,
1374,633,977,14.10,72.75,2685,77.5,19.500,9.952,35.64,28.421,70.73,1.00,0.79,-0.76,0.86,0.862,1.02,-1.33,1.120,0.00,0.90,11.204,18.8,0.000,0.673,0.000,900,6.58,4.6,1.90,-2.36,27.8,1,1,0,1,1,1,0,0,0,0,1,0,0,0,0,0,0,0,0,0,0,1,1,1,0,0,0,1,0,0,0,0,1,1,5156.2,0C,1,1,0,1,1,0,1,0,0,432.69,962.94,,,,,,,,,,,,,,,,,,,,,,,,,,,,,,,,,,,,,,,,,,,,,,,,,,,,,,,,,
1375,634,376,14.10,72.75,2726,78.8,18.000,10.771,40.21,31.257,73.88,1.00,0.71,-0.76,0.91,0.902,1.02,-1.33,1.119,0.00,0.90,11.204,18.8,0.000,0.673,0.000,900,6.57,4.6,1.90,-2.36,27.8,1,1,0,1,1,1,0,0,0,0,1,0,0,0,0,0,0,0,0,0,0,1,1,1,0,0,0,1,0,0,0,0,1,1,5156.2,0C,1,1,0,1,1,0,1,0,0,453.19,976.94,,,,,,,,,,,,,,,,,,,,,,,,,,,,,,,,,,,,,,,,,,,,,,,,,,,,,,,,,
1376,634,766,14.10,72.75,2764,80.0,18.750,10.771,40.63,31.827,74.11,1.00,0.35,-0.76,0.91,0.902,1.02,-1.33,1.118,0.00,0.90,13.033,18.8,0.000,0.673,0.000,900,6.57,4.6,1.90,-2.36,27.8,1,1,0,1,1,1,0,0,0,0,1,0,0,0,0,0,0,0,0,0,0,1,1,1,0,0,0,1,0,0,0,0,1,1,5156.2,0C,1,1,0,1,1,0,1,0,0,453.25,973.06,,,,,,,,,,,,,,,,,,,,,,,,,,,,,,,,,,,,,,,,,,,,,,,,,,,,,,,,,
1377,635,160,14.10,72.75,2798,80.0,18.750,10.816,40.38,31.827,74.37,1.00,0.23,-0.76,0.83,0.902,1.02,-1.33,1.116,0.00,0.90,13.033,18.0,0.000,0.673,0.000,900,6.56,4.6,1.90,-2.36,27.8,1,1,0,1,1,1,0,0,0,0,1,0,0,0,0,0,0,0,0,0,0,0,0,0,0,0,0,0,1,1,1,0,0,0,4703.3,B4,0,1,0,1,0,1,1,1,1,1,1,,,,,,,,,,,,,,,,,,,,,,,,,,,,,,,,,,,,,,,,,,,,,,,,,,,,,,,,,
1378,635,557,14.10,72.75,2851,82.5,18.750,10.726,40.63,31.179,74.72,1.00,0.80,-0.76,0.96,0.882,1.02,-1.33,1.115,0.00,0.90,13.033,18.0,0.000,0.673,0.000,900,6.56,4.6,1.90,-2.36,27.8,1,1,0,1,1,1,0,0,0,0,1,0,0,0,0,0,0,0,0,0,0,1,1,1,0,0,0,1,0,0,0,0,1,1,5156.2,0C,1,1,0,1,1,0,1,0,0,457.31,972.88,,,,,,,,,,,,,,,,,,,,,,,,,,,,,,,,,,,,,,,,,,,,,,,,,,,,,,,,,
1379,635,966,14.10,72.75,2879,82.5,21.750,7.827,22.97,20.624,57.21,1.00,0.81,-0.76,0.98,0.872,1.02,-1.33,1.114,0.00,0.90,13.033,18.0,0.000,0.673,0.000,900,6.56,4.6,1.90,-2.36,27.8,1,1,0,1,1,1,0,0,0,0,1,0,0,0,0,0,0,0,0,0,0,1,1,1,0,0,0,1,0,0,0,0,1,1,5156.2,0C,1,1,0,1,1,0,1,0,0,243.88,677.88,,,,,,,,,,,,,,,,,,,,,,,,,,,,,,,,,,,,,,,,,,,,,,,,,,,,,,,,,
1380,636,376,14.10,72.75,2873,82.5,36.000,2.368,9.96,0.000,17.51,1.00,0.15,-0.76,0.27,0.906,1.02,-1.33,1.166,0.00,0.90,13.033,18.0,0.000,0.673,0.000,900,6.56,4.6,1.90,-4.51,27.8,1,1,0,1,1,1,0,0,0,0,1,0,0,0,0,0,0,0,1,0,0,1,1,1,1,0,0,0,0,1,0,0,1,1,5156.2,0C,1,1,0,1,1,0,1,0,0,106.19,334.06,,,,,,,,,,,,,,,,,,,,,,,,,,,,,,,,,,,,,,,,,,,,,,,,,,,,,,,,,
1381,636,766,14.10,72.75,2869,82.5,37.500,2.118,8.33,0.000,13.73,1.00,0.16,-0.76,0.26,0.944,1.02,-1.33,1.166,0.00,0.90,2.464,18.0,0.000,0.673,0.000,900,6.55,4.6,1.90,-4.51,27.8,1,1,0,1,1,1,0,0,0,0,1,0,0,0,0,0,0,0,1,0,0,1,1,1,1,0,0,0,0,1,0,0,1,1,5156.2,0C,1,1,0,1,1,0,1,0,0,83.94,283.69,,,,,,,,,,,,,,,,,,,,,,,,,,,,,,,,,,,,,,,,,,,,,,,,,,,,,,,,,
1382,637,166,14.10,72.75,2836,81.3,18.750,1.677,6.74,0.000,9.68,1.00,0.15,-0.76,0.26,0.976,1.02,-1.33,1.166,0.00,0.90,2.464,18.0,0.000,0.673,0.000,900,6.55,4.6,1.90,-4.49,27.8,1,1,0,1,1,1,0,0,0,0,1,0,0,0,0,0,0,0,1,0,0,1,1,1,0,0,0,0,0,1,0,0,1,1,5156.2,0C,1,1,0,1,1,0,1,0,0,58.81,223.13,,,,,,,,,,,,,,,,,,,,,,,,,,,,,,,,,,,,,,,,,,,,,,,,,,,,,,,,,
1383,637,582,14.10,72.75,2805,81.3,-10.500,0.000,6.79,0.000,10.43,1.00,0.13,-0.76,0.25,1.000,1.02,-1.33,1.166,0.00,0.90,2.464,18.0,0.000,0.673,0.000,900,6.55,4.6,1.90,-4.47,27.8,1,1,0,1,1,1,0,0,0,0,1,0,0,0,0,0,0,0,1,0,0,1,0,1,0,0,1,0,0,1,0,0,1,1,5156.2,0C,1,1,0,1,1,0,1,0,0,63.69,235.38,,,,,,,,,,,,,,,,,,,,,,,,,,,,,,,,,,,,,,,,,,,,,,,,,,,,,,,,,
1384,637,969,14.10,72.75,2773,80.0,-11.250,0.000,6.69,0.000,10.64,1.00,0.12,-0.76,0.23,1.000,1.02,-1.33,1.166,0.00,0.90,0.000,18.0,0.000,0.673,0.000,900,6.56,4.6,1.90,-4.45,27.8,1,1,0,1,1,1,0,0,0,0,1,0,0,0,0,0,0,0,1,0,0,1,0,1,0,0,1,0,0,1,0,0,1,1,5156.2,0C,1,1,0,1,1,0,1,0,0,65.00,239.13,,,,,,,,,,,,,,,,,,,,,,,,,,,,,,,,,,,,,,,,,,,,,,,,,,,,,,,,,
1385,638,366,14.10,72.75,2738,78.8,-7.500,2.163,6.62,8.444,10.34,0.97,0.12,-0.76,0.23,1.000,1.02,-1.33,1.166,0.00,0.90,0.000,18.0,0.000,0.673,0.000,900,6.56,4.6,1.90,-2.35,27.8,1,1,0,1,1,1,0,0,0,0,1,0,0,0,0,0,0,0,0,0,0,1,0,1,0,0,0,0,0,1,0,0,1,1,5156.2,0C,1,1,0,1,1,0,1,0,0,62.75,233.81,,,,,,,,,,,,,,,,,,,,,,,,,,,,,,,,,,,,,,,,,,,,,,,,,,,,,,,,,
1386,638,747,14.10,72.75,2726,78.8,32.250,5.293,15.63,19.648,26.67,0.97,0.21,-0.76,0.29,1.026,1.02,-1.33,1.168,0.00,0.90,4.227,18.0,0.000,0.673,0.000,900,6.56,4.6,1.90,-2.36,27.8,1,1,0,1,1,1,0,0,0,0,1,0,0,0,0,0,0,0,0,0,0,1,1,1,0,0,0,0,0,1,0,0,1,1,5156.2,0C,1,1,0,1,1,0,1,0,0,153.19,447.50,,,,,,,,,,,,,,,,,,,,,,,,,,,,,,,,,,,,,,,,,,,,,,,,,,,,,,,,,
1387,639,135,14.10,72.75,2727,78.8,15.750,9.421,24.27,21.350,54.98,0.97,0.92,-0.76,1.02,0.981,1.02,-1.33,1.125,0.00,0.90,4.227,18.8,0.000,0.673,0.000,900,6.56,4.6,1.90,-2.36,27.8,1,1,0,1,1,1,0,0,0,0,1,0,0,0,0,0,0,0,0,0,0,1,1,1,1,0,0,1,0,0,0,0,1,1,5156.2,0C,1,1,0,1,1,0,1,0,0,352.06,843.13,,,,,,,,,,,,,,,,,,,,,,,,,,,,,,,,,,,,,,,,,,,,,,,,,,,,,,,,,
1388,639,526,14.10,72.75,2754,78.8,20.250,10.605,31.74,25.820,67.76,0.96,0.86,-0.76,1.03,0.918,1.02,-1.33,1.118,0.00,0.90,4.227,18.8,0.000,0.673,0.000,900,6.57,4.6,1.90,-2.36,27.8,1,1,0,1,1,1,0,0,0,0,1,0,0,0,0,0,0,0,0,0,0,1,1,1,1,0,0,1,0,0,0,0,1,1,5156.2,0C,1,1,0,1,1,0,1,0,0,412.63,931.31,,,,,,,,,,,,,,,,,,,,,,,,,,,,,,,,,,,,,,,,,,,,,,,,,,,,,,,,,
1389,639,923,14.10,72.00,2788,80.0,21.000,9.773,29.81,26.148,65.02,0.97,0.25,-0.76,0.96,0.909,1.02,-1.33,1.117,0.00,0.90,12.328,18.8,0.000,0.673,0.000,900,6.57,4.6,1.90,-2.36,27.8,1,1,0,1,1,1,0,0,0,0,1,0,0,0,0,0,0,0,0,0,0,1,1,1,1,0,0,1,0,0,0,0,1,1,5156.2,0C,1,1,0,1,1,0,1,0,0,396.13,906.94,,,,,,,,,,,,,,,,,,,,,,,,,,,,,,,,,,,,,,,,,,,,,,,,,,,,,,,,,
1390,640,306,14.10,72.00,2819,81.3,21.000,9.805,29.81,26.468,64.66,0.98,0.22,-0.76,0.58,0.932,1.02,-1.33,1.116,0.00,0.90,12.328,18.8,0.000,0.673,0.000,900,6.57,4.6,1.90,-2.36,27.8,1,1,0,1,1,1,0,0,0,0,1,0,0,0,0,0,0,0,0,0,0,1,1,1,1,0,0,1,0,0,0,0,1,1,5156.2,0C,1,1,0,1,1,0,1,0,0,395.13,902.63,,,,,,,,,,,,,,,,,,,,,,,,,,,,,,,,,,,,,,,,,,,,,,,,,,,,,,,,,
1391,640,699,14.10,72.00,2847,81.3,21.000,9.990,29.61,26.468,64.45,0.99,0.61,-0.76,0.77,0.960,1.02,-1.33,1.115,0.00,0.90,12.328,18.8,0.000,0.673,0.000,900,6.56,4.6,1.90,-2.36,27.8,1,1,0,1,1,1,0,0,0,0,1,0,0,0,0,0,0,0,0,0,0,1,1,1,1,0,0,1,0,0,0,0,1,1,5156.2,0C,1,1,0,1,1,0,1,0,0,394.56,901.06,,,,,,,,,,,,,,,,,,,,,,,,,,,,,,,,,,,,,,,,,,,,,,,,,,,,,,,,,
1392,641,89,14.10,-45.00,11985,242.5,7.500,309.690,540.60,61.054,1094.74,1.45,0.04,-1.42,0.81,0.007,0.34,10.48,0.000,0.01,0.07,0.194,-42.0,40.235,0.719,82.500,2520,-2.82,1766.7,1.15,-48.07,114.8,0,1,0,0,0,1,0,1,1,1,1,1,0,1,1,0,0,1,0,0,0,0,0,0,0,0,0,0,0,1,1,0,0,0,6494.5,EC,0,1,0,1,0,1,1,1,1,1,1,,,,,,,,,,,,,,,,,,,,,,,,,,,,,,,,,,,,,,,,,,,,,,,,,,,,,,,,,
1393,641,503,14.10,72.00,2899,83.8,21.000,9.523,565.63,64.961,1112.74,1.45,0.04,-1.42,0.69,0.007,0.34,10.48,0.000,0.01,0.07,0.194,-42.0,39.844,0.719,82.500,2520,-2.82,1766.7,1.15,-48.07,114.8,0,1,0,0,0,1,0,1,1,1,1,1,0,1,1,0,0,1,0,0,0,0,0,0,0,0,0,0,0,1,1,0,0,0,6622.5,DA,0,1,0,1,0,1,1,1,1,1,1,,,,,,,,,,,,,,,,,,,,,,,,,,,,,,,,,,,,,,,,,,,,,,,,,,,,,,,,,
1394,641,877,14.10,72.00,2926,83.8,21.750,9.344,29.20,26.468,64.15,1.00,0.78,-0.76,0.95,0.894,1.02,-1.33,1.112,0.00,0.90,11.976,18.0,0.000,0.673,-0.750,900,6.56,4.6,1.90,-2.36,27.8,1,1,0,1,1,1,0,0,0,0,1,0,0,0,0,0,0,0,0,0,0,1,1,1,1,0,0,1,0,0,0,0,1,1,5156.2,0C,1,1,0,1,1,0,1,1,1,1,1,,,,,,,,,,,,,,,,,,,,,,,,,,,,,,,,,,,,,,,,,,,,,,,,,,,,,,,,,
1395,642,296,14.10,72.00,2952,85.0,21.750,9.235,29.00,26.468,64.01,1.00,0.53,-0.76,0.94,0.884,1.02,-1.33,1.111,0.00,0.90,11.976,18.0,0.000,0.673,-0.750,900,6.56,4.6,1.90,-2.35,27.8,1,1,0,1,1,1,0,0,0,0,1,0,0,0,0,0,0,0,0,0,0,1,1,1,1,0,0,1,0,0,0,0,1,1,5156.2,0C,1,1,0,1,1,0,1,0,0,391.88,887.13,,,,,,,,,,,,,,,,,,,,,,,,,,,,,,,,,,,,,,,,,,,,,,,,,,,,,,,,,
1396,642,699,14.10,72.00,2977,86.3,21.750,9.421,28.64,26.304,63.75,1.00,0.43,-0.76,0.95,0.911,1.02,-1.33,1.111,0.00,0.90,11.976,18.0,0.000,0.673,-0.750,900,6.56,4.6,1.90,-2.35,27.8,1,1,0,1,1,1,0,0,0,0,1,0,0,0,0,0,0,0,0,0,0,1,1,1,1,0,0,1,0,0,0,0,1,1,5156.2,0C,1,1,0,1,1,0,1,0,0,388.50,879.69,,,,,,,,,,,,,,,,,,,,,,,,,,,,,,,,,,,,,,,,,,,,,,,,,,,,,,,,,
1397,643,96,14.10,72.00,2999,86.3,22.500,9.280,28.39,26.304,63.40,1.00,0.22,-0.76,0.85,0.901,1.02,-1.33,1.110,0.00,0.90,11.623,18.0,0.000,0.673,-0.750,900,6.55,4.6,1.90,-2.35,27.8,1,1,0,1,1,1,0,0,0,0,1,0,0,0,0,0,0,0,0,0,0,1,1,1,1,0,0,1,0,0,0,0,1,1,5156.2,0C,1,1,0,1,1,0,1,0,0,386.38,872.63,,,,,,,,,,,,,,,,,,,,,,,,,,,,,,,,,,,,,,,,,,,,,,,,,,,,,,,,,
1398,643,496,14.10,72.00,2994,86.3,18.000,4.198,11.84,0.000,34.52,1.00,0.88,-0.76,0.93,0.877,1.02,-1.33,1.166,0.00,0.90,11.623,17.3,0.000,0.673,0.000,900,6.55,4.6,1.90,-4.58,27.8,1,1,0,1,1,1,0,0,0,0,1,0,0,0,0,0,0,0,1,0,0,1,1,1,1,0,0,1,0,1,0,0,1,1,5156.2,0C,1,1,0,1,1,0,1,0,0,189.25,551.38,,,,,,,,,,,,,,,,,,,,,,,,,,,,,,,,,,,,,,,,,,,,,,,,,,,,,,,,,
1399,643,899,14.10,72.00,2976,86.3,35.250,2.592,10.28,0.000,18.75,1.00,0.16,-0.76,0.28,0.902,1.02,-1.33,1.165,0.00,0.90,2.817,17.3,0.000,0.673,0.000,900,6.55,4.6,1.90,-4.57,27.8,1,1,0,1,1,1,0,0,0,0,1,0,0,0,0,0,0,0,1,0,0,1,1,1,1,0,0,0,0,1,0,0,1,1,5156.2,0C,1,1,0,1,1,0,1,0,0,112.44,346.00,,,,,,,,,,,,,,,,,,,,,,,,,,,,,,,,,,,,,,,,,,,,,,,,,,,,,,,,,
1400,644,307,14.10,72.00,2935,85.0,37.500,2.150,8.33,0.484,13.95,1.00,0.17,-0.76,0.28,0.940,1.02,-1.33,1.166,0.00,0.90,2.817,17.3,0.000,0.673,0.000,900,6.55,4.6,1.90,-4.54,27.8,1,1,0,1,1,1,0,0,0,0,1,0,0,0,0,0,0,0,1,0,0,1,1,1,1,0,0,0,0,1,0,0,1,1,5156.2,0C,1,1,0,1,1,0,1,0,0,81.13,276.38,,,,,,,,,,,,,,,,,,,,,,,,,,,,,,,,,,,,,,,,,,,,,,,,,,,,,,,,,
1401,644,706,14.10,72.00,2900,83.8,38.250,2.330,10.40,9.906,13.73,1.00,0.16,-0.76,0.27,0.975,1.02,-1.33,1.166,0.00,0.90,2.817,17.3,0.000,0.673,0.000,900,6.55,4.6,1.90,-2.35,27.8,1,1,0,1,1,1,0,0,0,0,1,0,0,0,0,0,0,0,0,0,0,1,1,1,1,0,0,0,0,1,0,0,1,1,5156.2,0C,1,1,0,1,1,0,1,0,0,88.63,294.19,,,,,,,,,,,,,,,,,,,,,,,,,,,,,,,,,,,,,,,,,,,,,,,,,,,,,,,,,
1402,645,99,14.10,72.00,2869,82.5,30.750,6.003,16.89,14.124,34.48,1.00,0.81,-0.76,0.49,0.989,1.02,-1.33,1.169,0.00,0.90,2.464,17.3,0.000,0.673,0.000,900,6.55,4.6,1.90,-2.35,27.8,1,1,0,1,1,1,0,0,0,0,1,0,0,0,0,0,0,0,0,0,0,1,1,1,1,0,0,1,0,0,0,0,1,1,5156.2,0C,1,1,0,1,1,0,1,0,0,217.69,585.44,,,,,,,,,,,,,,,,,,,,,,,,,,,,,,,,,,,,,,,,,,,,,,,,,,,,,,,,,
1403,645,551,14.10,72.00,2835,81.3,33.750,3.590,10.99,0.000,22.85,1.00,0.19,-0.76,0.34,1.031,1.02,-1.33,1.171,0.00,0.90,2.464,18.0,0.000,0.673,0.000,900,6.55,4.6,1.90,-4.49,27.8,1,1,0,1,1,1,0,0,0,0,1,0,0,0,0,0,0,0,1,0,0,1,1,1,1,0,0,0,0,1,0,0,1,1,5156.2,0C,1,1,0,1,1,0,1,0,0,136.31,405.13,,,,,,,,,,,,,,,,,,,,,,,,,,,,,,,,,,,,,,,,,,,,,,,,,,,,,,,,,
1404,645,967,14.10,72.00,2794,81.3,36.750,2.701,8.74,0.000,15.35,1.00,0.19,-0.76,0.30,1.082,1.02,-1.33,1.166,0.00,0.90,3.874,18.0,0.000,0.673,0.000,900,6.56,4.6,1.90,-4.46,27.8,1,1,0,1,1,1,0,0,0,0,1,0,0,0,0,0,0,0,1,0,0,1,1,1,1,0,0,0,0,1,0,0,1,1,5156.2,0C,1,1,0,1,1,0,1,0,0,93.75,307.50,,,,,,,,,,,,,,,,,,,,,,,,,,,,,,,,,,,,,,,,,,,,,,,,,,,,,,,,,
1405,646,359,14.10,72.00,2762,80.0,36.000,3.328,11.72,11.444,17.58,1.00,0.20,-0.76,0.31,1.116,1.02,-1.33,1.166,0.00,0.90,3.874,18.0,0.000,0.673,0.000,900,6.56,4.6,1.90,-2.35,27.8,1,1,0,1,1,1,0,0,0,0,1,0,0,0,0,0,0,0,0,0,0,1,1,1,1,0,0,0,0,1,0,0,1,1,5156.2,0C,1,1,0,1,1,0,1,0,0,105.19,333.06,,,,,,,,,,,,,,,,,,,,,,,,,,,,,,,,,,,,,,,,,,,,,,,,,,,,,,,,,
1406,646,756,14.10,72.00,2747,78.8,31.500,6.285,15.75,12.827,32.55,1.00,0.93,-0.76,0.99,1.089,1.02,-1.33,1.169,0.00,0.90,3.874,18.0,0.000,0.673,0.000,900,6.56,4.6,1.90,-2.35,27.8,1,1,0,1,1,1,0,0,0,0,1,0,0,0,0,0,0,0,0,0,0,1,1,1,1,0,0,0,0,0,0,0,1,1,5156.2,0C,1,1,0,1,1,0,1,0,0,205.69,561.31,,,,,,,,,,,,,,,,,,,,,,,,,,,,,,,,,,,,,,,,,,,,,,,,,,,,,,,,,
1407,647,150,14.10,72.00,2728,78.8,30.750,5.709,14.84,12.499,33.23,1.00,0.91,-0.76,1.06,1.036,1.02,-1.33,1.171,0.00,0.90,7.749,18.0,0.000,0.673,0.000,900,6.56,4.6,1.90,-2.36,27.8,1,1,0,1,1,1,0,0,0,0,1,0,0,0,0,0,0,0,0,0,0,1,1,1,1,0,0,1,0,0,0,0,1,1,5156.2,0C,1,1,0,1,1,0,1,0,0,198.44,546.56,,,,,,,,,,,,,,,,,,,,,,,,,,,,,,,,,,,,,,,,,,,,,,,,,,,,,,,,,
1408,647,546,14.10,72.00,2702,77.5,31.500,4.794,13.48,10.147,30.07,1.00,0.23,-0.76,0.94,0.993,1.02,-1.33,1.169,0.00,0.90,7.749,18.0,0.000,0.673,0.000,900,6.56,4.6,1.90,-2.36,27.8,1,1,0,1,1,1,0,0,0,0,1,0,0,0,0,0,0,0,0,0,0,1,1,1,1,0,0,1,0,0,0,0,1,1,5156.2,0C,1,1,0,1,1,0,1,0,0,168.38,482.88,,,,,,,,,,,,,,,,,,,,,,,,,,,,,,,,,,,,,,,,,,,,,,,,,,,,,,,,,
1409,647,940,14.10,72.00,2680,77.5,35.250,3.258,9.96,0.000,19.69,1.00,0.20,-0.76,0.30,1.059,1.02,-1.33,1.162,0.00,0.90,3.838,18.0,0.000,0.673,0.000,900,6.58,4.6,1.90,-4.41,27.8,1,1,0,1,1,1,0,0,0,0,1,0,0,0,0,0,0,0,1,0,0,1,1,1,1,0,0,0,0,1,0,0,1,1,5156.2,0C,1,1,0,1,1,0,1,0,0,114.69,354.56,,,,,,,,,,,,,,,,,,,,,,,,,,,,,,,,,,,,,,,,,,,,,,,,,,,,,,,,,
1410,648,332,14.10,72.00,2652,76.3,36.750,2.611,8.08,0.000,15.28,1.00,0.76,-0.76,0.84,1.056,1.02,-1.33,1.161,0.00,0.90,3.838,18.0,0.000,0.673,0.000,900,6.59,4.6,1.93,-43.38,114.8,0,1,0,0,0,1,0,1,1,1,1,1,0,1,1,0,0,1,0,0,0,0,0,0,0,0,1,0,1,0,0,0,0,0,6659.0,88,0,1,0,1,0,1,1,1,1,1,1,,,,,,,,,,,,,,,,,,,,,,,,,,,,,,,,,,,,,,,,,,,,,,,,,,,,,,,,,
1411,648,732,14.10,72.00,2647,76.3,34.500,4.378,13.67,12.421,22.90,1.00,0.60,-0.76,0.40,1.093,1.02,-1.33,1.163,0.00,0.90,3.838,18.8,0.000,0.673,0.000,900,6.59,4.6,1.91,-2.37,27.8,1,1,0,1,1,1,0,0,0,0,1,0,0,0,0,0,0,0,0,0,0,1,1,1,1,0,0,0,0,0,0,0,1,1,5156.2,0C,1,1,0,1,1,0,1,0,0,162.44,467.38,,,,,,,,,,,,,,,,,,,,,,,,,,,,,,,,,,,,,,,,,,,,,,,,,,,,,,,,,
1412,649,126,14.10,72.00,2656,76.3,30.750,5.894,15.06,13.147,33.96,1.00,0.91,-0.76,1.05,1.022,1.02,-1.33,1.170,0.00,0.90,4.801,18.8,0.000,0.673,0.000,900,6.59,4.6,1.91,-2.37,27.8,1,1,0,1,1,1,0,0,0,0,1,0,0,0,0,0,0,0,0,0,0,1,1,1,1,0,0,1,0,0,0,0,1,1,5156.2,0C,1,1,0,1,1,0,1,0,0,208.50,566.88,,,,,,,,,,,,,,,,,,,,,,,,,,,,,,,,,,,,,,,,,,,,,,,,,,,,,,,,,
1413,649,528,14.10,72.00,2637,76.3,21.750,3.514,10.13,0.000,23.53,1.00,0.19,-0.76,0.94,0.980,1.02,-1.33,1.163,0.00,0.90,4.801,18.8,0.000,0.673,0.000,900,6.61,4.6,1.91,-4.40,27.8,1,1,0,1,1,1,0,0,0,0,1,0,0,0,0,0,0,0,1,0,0,1,1,1,1,0,0,0,0,1,0,0,1,1,5156.2,0C,1,1,0,1,1,0,1,0,0,134.25,398.63,,,,,,,,,,,,,,,,,,,,,,,,,,,,,,,,,,,,,,,,,,,,,,,,,,,,,,,,,
1414,649,928,14.10,72.00,2616,75.0,36.000,2.925,8.94,0.000,17.84,1.00,0.22,-0.76,0.30,1.040,1.02,-1.33,1.158,0.00,0.90,3.522,18.8,0.000,0.673,0.000,900,6.62,4.6,1.92,-4.40,27.8,1,1,0,1,1,1,0,0,0,0,1,0,0,0,0,0,0,0,1,0,0,1,1,1,1,0,0,0,0,1,0,0,1,1,5156.2,0C,1,1,0,1,1,0,1,0,0,104.75,331.63,,,,,,,,,,,,,,,,,,,,,,,,,,,,,,,,,,,,,,,,,,,,,,,,,,,,,,,,,
1415,650,352,14.10,72.00,2604,75.0,37.500,2.413,7.64,6.007,14.23,1.00,0.78,-0.76,0.81,1.040,0.09,10.48,0.000,0.01,0.07,0.194,-42.0,47.657,0.719,87.000,2520,-8.29,1766.7,1.15,-43.38,114.8,0,1,0,0,0,1,0,1,1,1,1,1,0,1,1,0,0,1,0,0,0,0,0,0,0,0,1,0,1,0,0,0,0,0,6701.7,51,0,1,0,1,0,1,1,1,1,1,1,,,,,,,,,,,,,,,,,,,,,,,,,,,,,,,,,,,,,,,,,,,,,,,,,,,,,,,,,
1416,650,746,14.10,72.00,2591,75.0,32.250,6.605,16.89,17.046,33.26,1.00,0.85,-0.76,0.94,1.052,1.02,-1.33,1.167,0.00,0.90,3.522,18.8,0.000,0.673,0.000,900,6.63,4.6,1.92,-2.38,27.8,1,1,0,1,1,1,0,0,0,0,1,0,0,0,0,0,0,0,0,0,0,1,1,1,1,0,0,0,0,0,0,0,1,1,5156.2,0C,1,1,0,1,1,0,1,0,0,248.56,653.44,,,,,,,,,,,,,,,,,,,,,,,,,,,,,,,,,,,,,,,,,,,,,,,,,,,,,,,,,
1417,651,146,14.10,72.00,2598,75.0,27.000,7.334,17.94,17.374,44.18,1.00,0.92,-0.76,1.07,0.974,1.02,-1.33,1.163,0.00,0.90,7.362,18.8,0.000,0.673,0.000,900,6.63,4.6,1.92,-2.38,27.8,1,1,0,1,1,1,0,0,0,0,1,0,0,0,0,0,0,0,0,0,0,1,1,1,1,0,0,1,0,0,0,0,1,1,5156.2,0C,1,1,0,1,1,0,1,0,0,267.38,690.75,,,,,,,,,,,,,,,,,,,,,,,,,,,,,,,,,,,,,,,,,,,,,,,,,,,,,,,,,
1418,651,536,14.10,72.00,2613,75.0,27.000,6.554,17.46,17.133,42.12,1.00,0.80,-0.76,1.00,0.919,1.02,-1.33,1.171,0.00,0.90,7.362,18.8,0.000,0.673,87.000,2520,-8.29,1766.7,1.15,-48.07,114.8,0,1,0,0,0,1,0,1,1,1,1,1,0,1,1,0,0,1,0,0,0,0,0,0,0,0,0,0,0,0,1,0,0,0,49.5,C3,0,1,0,1,0,1,1,1,1,1,1,,,,,,,,,,,,,,,,,,,,,,,,,,,,,,,,,,,,,,,,,,,,,,,,,,,,,,,,,
1419,651,943,14.10,72.00,2626,75.0,28.500,5.850,15.92,15.421,37.52,1.45,0.04,-1.50,0.14,0.007,0.19,5.67,0.000,0.01,0.07,0.194,-42.0,46.485,0.719,86.250,2520,-7.50,1766.7,1.15,-48.07,114.8,0,1,0,0,0,1,0,1,1,1,1,1,0,1,1,0,0,1,0,0,0,0,0,0,0,0,0,1,1,1,0,0,0,0,3249.0,26,0,1,0,1,0,1,1,1,1,1,1,,,,,,,,,,,,,,,,,,,,,,,,,,,,,,,,,,,,,,,,,,,,,,,,,,,,,,,,,
1420,652,330,14.10,72.00,2627,76.3,32.250,3.840,10.99,4.460,27.12,1.00,0.77,-0.76,0.61,0.964,1.02,-1.33,1.165,0.00,0.90,6.723,18.8,0.000,0.673,86.250,2520,-7.50,1766.7,1.15,-49.63,114.8,0,1,0,0,0,1,0,1,1,1,1,1,0,1,1,0,0,1,1,1,1,1,1,1,1,1,1,1,1,1,1,1,1,1,1,,,,,,,,,,,,,,,,,,,,,,,,,,,,,,,,,,,,,,,,,,,,,,,,,,,,,,,,,,,,,,,,,,,,,
1421,652,705,14.10,72.00,2630,76.3,36.000,2.784,9.11,0.000,17.88,1.00,0.18,-0.76,0.28,1.003,0.19,5.67,0.000,0.01,0.07,0.194,-42.0,45.313,0.719,85.500,2500,72.96,1766.7,1.15,-43.38,114.8,0,1,0,0,0,1,0,1,1,1,1,1,0,1,1,0,0,1,1,1,1,1,1,1,1,1,1,1,1,1,1,1,1,1,1,,,,,,,,,,,,,,,,,,,,,,,,,,,,,,,,,,,,,,,,,,,,,,,,,,,,,,,,,,,,,,,,,,,,,
1422,653,92,14.10,72.00,2620,75.0,36.000,2.912,10.28,12.586,17.04,1.00,0.20,-0.76,0.30,1.038,1.02,-1.33,1.157,0.00,0.90,2.879,18.8,0.000,0.673,0.000,900,6.61,4.6,1.91,-2.37,27.8,1,1,0,1,1,1,0,0,0,0,1,0,0,0,0,0,0,0,0,0,0,0,0,0,0,0,0,1,1,0,0,0,0,0,8152.8,24,0,1,0,1,0,1,1,1,1,1,1,,,,,,,,,,,,,,,,,,,,,,,,,,,,,,,,,,,,,,,,,,,,,,,,,,,,,,,,,
1423,653,479,14.10,72.00,2640,75.0,27.000,8.506,21.22,18.999,47.58,1.00,0.93,-0.76,0.99,1.016,1.02,-1.33,1.149,0.00,0.90,2.879,18.8,0.000,0.673,0.000,900,6.60,4.6,1.91,-2.37,27.8,1,1,0,1,1,1,0,0,0,0,1,0,0,0,0,0,0,0,0,0,0,0,0,0,0,0,0,1,0,0,1,0,0,0,5810.5,0,0,1,0,1,0,1,1,1,1,1,1,,,,,,,,,,,,,,,,,,,,,,,,,,,,,,,,,,,,,,,,,,,,,,,,,,,,,,,,,
1424,653,883,14.10,-46.50,15500,107.5,5.250,116.346,571.88,69.258,1250.86,1.45,0.04,-1.49,0.43,0.007,0.23,3.31,0.000,0.01,0.07,0.194,-42.0,42.579,0.719,84.000,2520,-5.16,1766.7,1.15,-48.07,114.8,0,1,0,0,0,1,0,1,1,1,1,1,0,1,1,0,0,1,0,0,0,0,0,0,0,0,0,0,0,0,1,0,0,0,7260.5,43,0,1,0,1,0,1,1,1,1,1,1,,,,,,,,,,,,,,,,,,,,,,,,,,,,,,,,,,,,,,,,,,,,,,,,,,,,,,,,,
1425,654,268,14.10,72.00,2694,77.5,27.000,6.861,17.70,16.890,42.26,1.00,0.27,-0.76,0.42,0.972,1.02,-1.33,1.174,0.00,0.90,8.325,18.8,0.000,0.673,0.000,900,6.57,4.6,1.90,-2.36,27.8,1,1,0,1,1,1,0,0,0,0,1,0,0,0,0,0,0,0,0,0,0,1,1,1,1,0,0,1,0,0,0,0,1,1,5156.2,0C,1,1,0,1,1,0,1,0,0,256.75,671.06,,,,,,,,,,,,,,,,,,,,,,,,,,,,,,,,,,,,,,,,,,,,,,,,,,,,,,,,,
1426,654,666,14.10,72.00,2719,78.8,27.750,6.336,17.14,15.100,39.77,1.00,0.75,-0.76,0.49,0.962,1.02,-1.33,1.179,0.00,0.90,8.325,18.8,0.000,0.673,0.000,900,6.56,4.6,1.90,-2.36,27.8,1,1,0,1,1,1,0,0,0,0,1,0,0,0,0,0,0,0,0,0,0,1,1,1,1,0,0,1,0,0,0,0,1,1,5156.2,0C,1,1,0,1,1,0,1,0,0,243.00,640.00,,,,,,,,,,,,,,,,,,,,,,,,,,,,,,,,,,,,,,,,,,,,,,,,,,,,,,,,,
1427,655,56,14.10,72.00,2722,78.8,35.250,2.982,9.89,0.000,19.64,1.00,0.17,-0.76,0.28,1.003,0.20,11.50,0.000,0.01,0.07,0.194,-42.0,40.235,0.719,82.500,2500,67.50,1766.7,1.15,-43.38,114.8,0,1,0,0,0,1,0,1,1,1,1,1,0,1,1,0,0,1,0,0,0,0,0,0,0,0,1,1,1,0,0,0,0,0,5678.3,E2,0,1,0,1,0,1,1,1,1,1,1,,,,,,,,,,,,,,,,,,,,,,,,,,,,,,,,,,,,,,,,,,,,,,,,,,,,,,,,,
1428,655,476,14.10,72.00,2718,78.8,36.750,2.515,8.20,3.648,15.02,1.00,0.19,-0.76,0.28,1.040,1.02,-1.33,1.166,0.00,0.90,7.396,18.0,0.000,0.673,0.000,900,6.56,4.6,1.90,-2.36,27.8,1,1,0,1,1,1,0,0,0,0,1,0,0,0,0,0,0,0,0,0,0,1,1,1,1,0,0,0,0,1,0,0,1,1,5156.2,0C,1,1,0,1,1,0,1,0,0,91.50,302.06,,,,,,,,,,,,,,,,,,,,,,,,,,,,,,,,,,,,,,,,,,,,,,,,,,,,,,,,,
1429,655,859,14.10,72.00,2730,78.8,33.000,6.304,17.14,17.374,31.55,1.00,0.64,-0.76,0.31,1.079,1.02,-1.33,1.169,0.00,0.90,0.194,-42.0,39.844,0.719,82.500,2520,-2.82,1766.7,1.15,-49.63,114.8,0,1,0,0,0,1,0,1,1,1,1,1,0,1,1,0,0,1,0,0,0,0,0,0,0,0,1,1,0,1,0,0,0,0,5808.0,21,0,1,0,1,0,1,1,1,1,1,1,,,,,,,,,,,,,,,,,,,,,,,,,,,,,,,,,,,,,,,,,,,,,,,,,,,,,,,,,
1430,656,231,14.10,72.00,2752,78.8,27.000,7.680,18.90,17.374,44.37,1.00,0.93,-0.76,1.04,1.017,1.02,-1.33,1.162,0.00,0.90,3.874,18.0,0.000,0.673,0.000,900,6.56,4.6,1.90,-2.36,27.8,1,1,0,1,1,1,0,0,0,0,1,0,0,0,0,0,0,0,0,0,0,1,1,1,1,0,0,1,0,0,0,0,1,1,5156.2,0C,1,1,0,1,1,0,1,1,1,1,1,,,,,,,,,,,,,,,,,,,,,,,,,,,,,,,,,,,,,,,,,,,,,,,,,,,,,,,,,
1431,658,640,14.10,72.75,2847,82.5,-10.500,0.000,6.79,0.000,10.43,1.00,0.13,-0.76,0.24,1.000,1.02,-1.33,1.166,0.00,0.90,2.464,18.0,0.000,0.673,0.000,900,6.56,4.6,1.90,-4.50,27.8,1,1,0,1,1,1,0,0,0,0,1,0,0,0,0,0,0,0,1,0,0,1,0,1,0,0,1,0,0,1,0,0,1,1,5156.2,0C,1,1,0,1,1,0,1,0,0,64.00,234.63,,,,,,,,,,,,,,,,,,,,,,,,,,,,,,,,,,,,,,,,,,,,,,,,,,,,,,,,,
1432,659,46,14.10,72.75,2833,81.3,-11.250,0.000,6.74,0.000,10.50,1.00,0.12,-0.76,0.22,1.000,1.02,-1.33,1.166,0.00,0.90,0.000,18.0,0.000,0.673,0.000,900,6.56,4.6,1.90,-4.49,27.8,1,1,0,1,1,1,0,0,0,0,1,0,0,0,0,0,0,0,1,0,0,1,0,1,0,0,1,0,0,1,0,0,1,1,5156.2,0C,1,1,0,1,1,0,1,0,0,64.94,236.94,,,,,,,,,,,,,,,,,,,,,,,,,,,,,,,,,,,,,,,,,,,,,,,,,,,,,,,,,
1433,659,448,14.10,72.75,2825,81.3,-11.250,0.000,6.74,0.000,10.57,1.00,0.11,-0.76,0.22,1.000,1.02,-1.33,1.166,0.00,0.90,0.000,18.8,0.000,0.673,0.000,900,6.56,4.6,1.90,-4.49,27.8,1,1,0,1,1,1,0,0,0,0,1,0,0,0,0,0,0,0,1,0,0,1,0,1,0,0,1,0,0,1,0,0,1,1,5156.2,0C,1,1,0,1,1,0,1,0,0,64.31,235.38,,,,,,,,,,,,,,,,,,,,,,,,,,,,,,,,,,,,,,,,,,,,,,,,,,,,,,,,,
1434,659,845,14.10,-47.25,1280,0.0,0.750,314.573,1365.63,9.100,266.98,1.45,0.04,-1.49,0.32,0.007,0.00,0.04,0.000,0.01,0.07,0.194,-42.0,40.626,0.719,83.250,2500,51.09,1766.7,0.91,-42.60,114.8,0,1,0,0,0,1,0,1,1,1,1,1,0,1,1,0,0,1,0,0,0,0,0,0,0,0,0,0,1,0,0,0,0,0,471.7,C7,0,1,0,1,0,1,1,1,1,1,1,,,,,,,,,,,,,,,,,,,,,,,,,,,,,,,,,,,,,,,,,,,,,,,,,,,,,,,,,
1435,660,238,14.10,72.75,2808,81.3,-11.250,0.000,6.74,0.000,10.55,1.00,0.12,-0.76,0.22,1.000,1.02,-1.33,1.166,0.00,0.90,0.000,18.8,0.000,0.673,0.000,900,6.57,4.6,1.90,-4.48,27.8,1,1,0,1,1,1,0,0,0,0,1,0,0,0,0,0,0,0,1,0,0,1,0,1,0,0,1,0,0,1,0,0,1,1,5156.2,0C,1,1,0,1,1,0,1,0,0,64.44,235.75,,,,,,,,,,,,,,,,,,,,,,,,,,,,,,,,,,,,,,,,,,,,,,,,,,,,,,,,,
1436,660,612,14.10,72.75,2804,81.3,-11.250,0.000,6.74,0.000,10.57,1.00,0.12,-0.76,0.22,1.000,1.02,-1.33,1.166,0.00,0.90,0.000,18.8,0.000,0.673,0.000,900,6.57,4.6,1.90,-4.48,27.8,1,1,0,1,1,1,0,0,0,0,1,0,0,0,0,0,0,0,1,0,0,1,0,1,0,0,1,0,0,1,0,0,1,1,5156.2,0C,1,1,0,1,1,0,1,1,1,1,1,,,,,,,,,,,,,,,,,,,,,,,,,,,,,,,,,,,,,,,,,,,,,,,,,,,,,,,,,
1437,661,8,14.10,72.75,2802,80.0,-11.250,0.000,6.74,0.000,10.55,1.00,0.12,-0.76,0.22,1.000,1.02,-1.33,1.166,0.00,0.90,0.000,18.8,0.000,0.673,0.000,900,6.57,4.6,1.90,-4.49,27.8,1,1,0,1,1,1,0,0,0,0,1,0,0,0,0,0,0,0,1,0,0,1,0,1,0,0,1,0,0,1,0,0,1,1,5156.2,0C,1,1,0,1,1,0,1,0,0,64.63,236.44,,,,,,,,,,,,,,,,,,,,,,,,,,,,,,,,,,,,,,,,,,,,,,,,,,,,,,,,,
1438,661,409,14.10,72.75,2801,81.3,-12.750,0.000,7.35,0.000,11.60,1.00,0.12,-0.76,0.22,1.000,1.02,-1.33,1.166,0.00,0.90,0.000,19.5,0.000,0.673,0.000,900,6.58,4.6,1.90,-4.49,27.8,1,1,0,1,1,1,0,0,0,0,1,0,0,0,0,0,0,0,1,0,0,1,0,1,0,0,1,0,0,1,0,0,1,1,5156.2,0C,1,1,0,1,1,0,1,0,0,71.31,253.38,,,,,,,,,,,,,,,,,,,,,,,,,,,,,,,,,,,,,,,,,,,,,,,,,,,,,,,,,
1439,661,796,14.10,72.75,2794,80.0,-12.750,0.000,7.35,0.000,11.74,1.00,0.12,-0.76,0.22,1.000,1.02,-1.33,1.166,0.00,0.90,0.000,19.5,0.000,0.673,0.000,900,6.58,4.6,1.90,-4.48,27.8,1,1,0,1,1,1,0,0,0,0,1,0,0,0,0,0,0,0,1,0,0,1,0,1,0,0,1,0,0,1,0,0,1,1,5156.2,0C,1,1,0,1,1,0,1,0,0,71.56,253.94,,,,,,,,,,,,,,,,,,,,,,,,,,,,,,,,,,,,,,,,,,,,,,,,,,,,,,,,,
1440,662,196,14.10,72.75,2780,80.0,-12.750,0.000,7.30,0.000,11.74,1.00,0.12,-0.76,0.22,1.000,1.02,-1.33,1.166,0.00,0.90,0.000,19.5,0.000,0.673,0.000,900,6.58,4.6,1.69,-42.60,114.8,0,1,0,0,0,1,0,1,1,1,1,1,0,1,1,0,0,1,0,0,0,0,0,0,0,0,0,0,1,0,0,0,0,0,5378.5,EC,0,1,0,1,0,1,1,1,1,1,1,,,,,,,,,,,,,,,,,,,,,,,,,,,,,,,,,,,,,,,,,,,,,,,,,,,,,,,,,
1441,662,596,14.10,72.75,2754,78.8,-12.750,0.000,7.23,0.000,11.81,1.00,0.12,-0.76,0.22,1.000,1.02,-1.33,1.166,0.00,0.90,0.000,19.5,0.000,0.673,0.000,900,6.58,4.6,1.90,-4.45,27.8,1,1,0,1,1,1,0,0,0,0,1,0,0,0,0,0,0,0,1,0,0,1,0,1,0,0,1,0,0,1,0,0,1,1,5156.2,0C,1,1,0,1,1,0,1,0,0,72.31,256.06,,,,,,,,,,,,,,,,,,,,,,,,,,,,,,,,,,,,,,,,,,,,,,,,,,,,,,,,,
1442,663,9,14.10,72.75,2734,78.8,-12.750,0.000,7.15,0.000,11.77,1.00,0.11,-0.76,0.22,1.000,1.02,-1.33,1.166,0.00,0.90,0.000,19.5,0.000,0.673,0.000,900,6.58,4.6,1.90,-4.45,27.8,1,1,0,1,1,1,0,0,0,0,1,0,0,0,0,0,0,0,1,0,0,1,0,1,0,0,1,0,0,1,0,0,1,1,5156.2,0C,1,1,0,1,1,0,1,0,0,72.00,255.38,,,,,,,,,,,,,,,,,,,,,,,,,,,,,,,,,,,,,,,,,,,,,,,,,,,,,,,,,
1443,663,422,14.10,72.75,2711,77.5,-14.250,0.000,7.10,0.000,11.77,1.00,0.12,-0.76,0.22,1.000,1.02,-1.33,1.166,0.00,0.90,0.000,19.5,0.000,0.673,0.000,900,6.58,4.6,1.69,-42.60,114.8,0,1,0,0,0,1,0,1,1,1,1,1,0,1,1,0,0,1,0,0,0,0,0,0,0,0,0,0,1,0,0,0,0,0,6061.3,1B,0,1,0,1,0,1,1,1,1,1,1,,,,,,,,,,,,,,,,,,,,,,,,,,,,,,,,,,,,,,,,,,,,,,,,,,,,,,,,,
1444,663,830,14.10,72.75,2682,77.5,-14.250,0.000,7.06,0.000,12.05,1.00,0.12,-0.76,0.22,1.000,1.02,-1.33,1.164,0.00,0.90,0.000,19.5,0.000,0.673,0.000,900,6.60,4.6,1.91,-4.43,27.8,1,1,0,1,1,1,0,0,0,0,1,0,0,0,0,0,0,0,1,0,0,1,0,1,0,0,1,0,0,1,0,0,1,1,5156.2,0C,1,1,0,1,1,0,1,0,0,75.06,257.50,,,,,,,,,,,,,,,,,,,,,,,,,,,,,,,,,,,,,,,,,,,,,,,,,,,,,,,,,
1445,664,210,14.10,72.75,2648,76.3,-15.000,0.000,6.93,0.000,12.26,1.00,0.12,-0.76,0.23,1.000,1.02,-1.33,1.161,0.00,0.90,0.000,19.5,0.000,0.673,0.000,900,6.62,4.6,1.92,-4.42,27.8,1,1,0,1,1,1,0,0,0,0,1,0,0,0,0,0,0,0,1,0,0,1,0,1,0,0,1,0,0,1,0,0,1,1,5156.2,0C,1,1,0,1,1,0,1,0,0,75.13,255.81,,,,,,,,,,,,,,,,,,,,,,,,,,,,,,,,,,,,,,,,,,,,,,,,,,,,,,,,,
1446,664,611,14.10,72.75,2618,75.0,-15.000,0.000,6.74,0.000,12.61,1.00,0.11,-0.76,0.22,1.000,1.02,-1.33,1.157,0.00,0.90,0.000,19.5,0.000,0.673,0.000,900,6.64,4.6,1.92,-4.42,27.8,1,1,0,1,1,1,0,0,0,0,1,0,0,0,0,0,0,0,1,0,0,1,0,1,0,0,1,0,0,1,0,0,1,1,5156.2,0C,1,1,0,1,1,0,1,0,0,76.81,255.56,,,,,,,,,,,,,,,,,,,,,,,,,,,,,,,,,,,,,,,,,,,,,,,,,,,,,,,,,
1447,665,6,14.10,72.75,2593,75.0,-15.000,0.000,6.69,0.000,12.77,1.00,0.12,-0.76,0.22,1.000,1.02,-1.33,1.155,0.00,0.90,0.000,19.5,0.000,0.673,0.000,900,6.65,4.6,1.93,-4.41,27.8,1,1,0,1,1,1,0,0,0,0,1,0,0,0,0,0,0,0,1,0,0,1,0,1,0,0,1,0,0,1,0,0,1,1,5156.2,0C,1,1,0,1,1,0,1,0,0,78.06,254.63,,,,,,,,,,,,,,,,,,,,,,,,,,,,,,,,,,,,,,,,,,,,,,,,,,,,,,,,,
1448,665,396,14.10,72.75,2569,73.8,-15.000,0.000,6.69,0.000,12.94,1.00,0.11,-0.76,0.23,1.000,1.02,-1.33,1.152,0.00,0.90,0.000,19.5,0.000,0.673,0.000,900,6.67,4.6,1.93,-4.41,27.8,1,1,0,1,1,1,0,0,0,0,1,0,0,0,0,0,0,0,1,0,0,1,0,1,0,0,1,0,0,1,0,0,1,1,5156.2,0C,1,1,0,1,1,0,1,0,0,79.38,255.06,,,,,,,,,,,,,,,,,,,,,,,,,,,,,,,,,,,,,,,,,,,,,,,,,,,,,,,,,
1449,665,806,14.10,72.75,2540,73.8,-15.000,0.000,6.32,0.319,12.84,1.00,0.11,-0.76,0.23,1.000,1.02,-1.33,1.150,0.00,0.90,0.000,19.5,0.000,0.673,0.000,900,6.68,4.6,1.93,-4.40,27.8,1,1,0,1,1,1,0,0,0,0,1,0,0,0,0,0,0,0,1,0,0,1,0,1,0,0,1,0,0,1,0,0,1,1,5156.2,0C,1,1,0,1,1,0,1,0,0,78.69,250.25,,,,,,,,,,,,,,,,,,,,,,,,,,,,,,,,,,,,,,,,,,,,,,,,,,,,,,,,,
1450,666,224,14.10,72.75,2536,72.5,33.000,3.226,10.64,14.617,17.04,0.97,0.31,-0.76,0.27,1.015,1.02,-1.33,1.150,0.00,0.90,0.194,-42.0,55.470,0.719,91.500,2520,-13.75,1766.7,0.95,-43.38,114.8,0,1,0,0,0,1,0,1,1,1,1,1,0,1,1,0,0,1,0,0,0,0,0,0,0,0,1,1,1,0,0,0,0,0,4184.8,F7,0,1,0,1,0,1,1,1,1,1,1,,,,,,,,,,,,,,,,,,,,,,,,,,,,,,,,,,,,,,,,,,,,,,,,,,,,,,,,,
1451,666,714,14.10,72.75,2513,72.5,14.250,5.280,11.84,0.398,32.27,0.97,0.96,-0.76,1.07,0.953,1.02,-1.33,1.163,0.00,0.90,0.000,20.3,0.000,0.673,0.000,900,6.70,4.6,1.94,-4.40,27.8,1,1,0,1,1,1,0,0,0,0,1,0,0,0,0,0,0,0,1,0,0,1,1,1,1,0,0,1,0,1,0,0,1,1,5156.2,0C,1,1,0,1,1,0,1,0,0,188.69,503.63,,,,,,,,,,,,,,,,,,,,,,,,,,,,,,,,,,,,,,,,,,,,,,,,,,,,,,,,,
1452,667,146,14.10,72.75,2501,72.5,21.750,2.925,8.57,0.000,19.66,1.00,0.23,-0.76,0.68,0.933,1.02,-1.33,1.145,0.00,0.90,4.801,20.3,0.000,0.673,0.000,900,6.71,4.6,1.94,-4.39,27.8,1,1,0,1,1,1,0,0,0,0,1,0,0,0,0,0,0,0,1,0,0,1,1,1,1,0,0,0,0,1,0,0,1,1,5156.2,0C,1,1,0,1,1,0,1,0,0,119.50,344.19,,,,,,,,,,,,,,,,,,,,,,,,,,,,,,,,,,,,,,,,,,,,,,,,,,,,,,,,,
1453,667,556,14.10,72.75,2498,71.3,35.250,2.458,7.59,0.000,16.59,1.00,0.44,-0.76,0.59,0.914,1.02,-1.33,1.145,0.00,0.90,4.801,19.5,0.000,0.673,0.000,900,6.71,4.6,1.94,-4.39,27.8,1,1,0,1,1,1,0,0,0,0,1,0,0,0,0,0,0,0,1,0,0,1,1,1,1,0,0,0,0,1,0,0,1,1,5156.2,0C,1,1,0,1,1,0,1,0,0,99.44,296.38,,,,,,,,,,,,,,,,,,,,,,,,,,,,,,,,,,,,,,,,,,,,,,,,,,,,,,,,,
1454,667,947,14.10,72.75,2468,71.3,19.500,2.310,4.86,0.000,14.81,1.00,0.68,-0.76,0.65,0.954,1.02,-1.33,1.142,0.00,0.90,2.348,19.5,0.000,0.673,0.000,900,6.73,4.6,1.95,-4.39,27.8,1,1,0,1,1,1,0,0,0,0,1,0,0,0,0,0,0,0,1,0,0,1,1,1,1,0,0,0,0,1,0,0,1,1,5156.2,0C,1,1,0,1,1,0,1,0,0,73.06,232.69,,,,,,,,,,,,,,,,,,,,,,,,,,,,,,,,,,,,,,,,,,,,,,,,,,,,,,,,,
1455,668,347,14.10,72.75,2464,71.3,21.750,2.208,7.91,9.335,13.57,0.99,0.22,-0.76,0.70,0.933,1.02,-1.33,1.142,0.00,0.90,2.348,19.5,0.000,0.673,0.000,900,6.73,4.6,1.95,-2.41,27.8,1,1,0,1,1,1,0,0,0,0,1,0,0,0,0,0,0,0,0,0,0,1,1,1,1,0,0,0,0,1,0,0,1,1,5156.2,0C,1,1,0,1,1,0,1,0,0,98.69,290.06,,,,,,,,,,,,,,,,,,,,,,,,,,,,,,,,,,,,,,,,,,,,,,,,,,,,,,,,,
1456,668,746,14.10,72.75,2441,70.0,3.750,4.858,12.33,9.906,29.16,1.00,0.91,-0.76,1.00,0.906,1.02,-1.33,1.160,0.00,0.90,2.348,19.5,0.000,0.673,0.000,900,6.75,4.6,1.95,-2.42,27.8,1,1,0,1,1,1,0,0,0,0,1,0,0,0,0,0,0,0,0,0,0,1,1,1,1,0,0,0,0,0,0,0,1,1,5156.2,0C,1,1,0,1,1,0,1,0,0,184.19,483.81,,,,,,,,,,,,,,,,,,,,,,,,,,,,,,,,,,,,,,,,,,,,,,,,,,,,,,,,,
1457,669,157,14.10,72.75,2445,70.0,31.500,4.237,11.47,9.741,29.44,1.00,0.90,-0.76,1.06,0.848,1.02,-1.33,1.160,0.00,0.90,4.696,19.5,0.000,0.673,0.000,900,6.74,4.6,1.95,-2.42,27.8,1,1,0,1,1,1,0,0,0,0,1,0,0,0,0,0,0,0,0,0,0,1,1,1,1,0,0,0,0,0,0,0,1,1,5156.2,0C,1,1,0,1,1,0,1,0,0,180.19,473.19,,,,,,,,,,,,,,,,,,,,,,,,,,,,,,,,,,,,,,,,,,,,,,,,,,,,,,,,,
1458,669,580,14.10,72.75,2446,70.0,32.250,3.718,10.33,7.788,27.47,1.00,0.83,-0.76,1.03,0.814,1.02,-1.33,1.160,0.00,0.90,4.696,19.5,0.000,0.673,0.000,900,6.74,4.6,1.95,-2.42,27.8,1,1,0,1,1,1,0,0,0,0,1,0,0,0,0,0,0,0,0,0,0,1,1,1,1,0,0,0,0,0,0,0,1,1,5156.2,0C,1,1,0,1,1,0,1,0,0,155.63,421.50,,,,,,,,,,,,,,,,,,,,,,,,,,,,,,,,,,,,,,,,,,,,,,,,,,,,,,,,,
1459,670,1,14.10,72.75,2443,70.0,33.750,2.995,8.98,5.031,21.49,1.00,0.22,-0.76,0.31,0.856,1.02,-1.33,1.145,0.00,0.90,2.935,19.5,0.000,0.673,0.000,900,6.74,4.6,1.95,-2.42,27.8,1,1,0,1,1,1,0,0,0,0,1,0,0,0,0,0,0,0,0,0,0,1,1,1,1,0,0,0,0,0,0,0,1,1,5156.2,0C,1,1,0,1,1,0,1,0,0,130.88,361.25,,,,,,,,,,,,,,,,,,,,,,,,,,,,,,,,,,,,,,,,,,,,,,,,,,,,,,,,,
1460,670,387,14.10,72.00,2442,70.0,33.750,2.982,9.06,5.031,21.14,1.00,0.81,-0.76,0.84,0.850,1.02,-1.33,1.143,0.00,0.90,2.935,19.5,0.000,0.673,0.000,900,6.74,4.6,1.95,-2.42,27.8,1,1,0,1,1,1,0,0,0,0,1,0,0,0,0,0,0,0,0,0,0,1,1,1,1,0,0,0,0,0,0,0,1,1,5156.2,0C,1,1,0,1,1,0,1,0,0,131.19,359.00,,,,,,,,,,,,,,,,,,,,,,,,,,,,,,,,,,,,,,,,,,,,,,,,,,,,,,,,,
1461,670,816,14.10,72.00,2434,70.0,32.250,3.987,11.43,9.906,26.55,1.00,0.84,-0.76,0.90,0.844,1.02,-1.33,1.159,0.00,0.90,3.814,19.5,0.000,0.673,0.000,900,6.74,4.6,1.95,-2.42,27.8,1,1,0,1,1,1,0,0,0,0,1,0,0,0,0,0,0,0,0,0,0,1,1,1,1,0,0,0,0,0,0,0,1,1,5156.2,0C,1,1,0,1,1,0,1,0,0,167.63,444.25,,,,,,,,,,,,,,,,,,,,,,,,,,,,,,,,,,,,,,,,,,,,,,,,,,,,,,,,,
1462,671,209,14.10,72.00,2432,70.0,30.750,4.326,11.91,11.038,30.73,1.00,0.87,-0.76,1.02,0.800,1.02,-1.33,1.160,0.00,0.90,3.814,19.5,0.000,0.673,0.000,900,6.74,4.6,1.95,-2.42,27.8,1,1,0,1,1,1,0,0,0,0,1,0,0,0,0,0,0,0,0,0,0,1,1,1,1,0,0,0,0,0,0,0,1,1,5156.2,0C,1,1,0,1,1,0,1,0,0,188.50,488.13,,,,,,,,,,,,,,,,,,,,,,,,,,,,,,,,,,,,,,,,,,,,,,,,,,,,,,,,,
1463,671,600,14.10,72.00,2436,70.0,30.750,4.173,11.72,11.038,30.47,1.00,0.21,-0.76,0.67,0.796,1.02,-1.33,1.160,0.00,0.90,3.814,19.5,0.000,0.673,0.000,900,6.74,4.6,1.95,-2.42,27.8,1,1,0,1,1,1,0,0,0,0,1,0,0,0,0,0,0,0,0,0,0,1,1,1,1,0,0,0,0,0,0,0,1,1,5156.2,0C,1,1,0,1,1,0,1,0,0,186.00,483.63,,,,,,,,,,,,,,,,,,,,,,,,,,,,,,,,,,,,,,,,,,,,,,,,,,,,,,,,,
1464,671,988,14.10,72.00,2434,70.0,31.500,4.166,11.67,10.796,30.35,1.00,0.56,-0.76,0.83,0.790,1.02,-1.33,1.160,0.00,0.90,4.109,19.5,0.000,0.673,0.000,900,6.74,4.6,1.95,-2.42,27.8,1,1,0,1,1,1,0,0,0,0,1,0,0,0,0,0,0,0,0,0,0,1,1,1,1,0,0,0,0,0,0,0,1,1,5156.2,0C,1,1,0,1,1,0,1,0,0,182.69,478.06,,,,,,,,,,,,,,,,,,,,,,,,,,,,,,,,,,,,,,,,,,,,,,,,,,,,,,,,,
1465,672,397,14.10,72.00,2439,70.0,31.500,4.198,11.60,10.555,29.88,1.00,0.81,-0.76,0.77,0.816,1.02,-1.33,1.160,0.00,0.90,4.109,19.5,0.000,0.673,0.000,900,6.74,4.6,1.95,-2.42,27.8,1,1,0,1,1,1,0,0,0,0,1,0,0,0,0,0,0,0,0,0,0,1,1,1,1,0,0,0,0,0,0,0,1,1,5156.2,0C,1,1,0,1,1,0,1,0,0,182.31,475.00,,,,,,,,,,,,,,,,,,,,,,,,,,,,,,,,,,,,,,,,,,,,,,,,,,,,,,,,,
1466,672,787,14.10,72.00,2445,70.0,31.500,4.102,11.55,10.555,29.06,1.00,0.25,-0.76,0.34,0.840,1.02,-1.33,1.160,0.00,0.90,4.109,19.5,0.000,0.673,0.000,900,6.73,4.6,1.95,-2.42,27.8,1,1,0,1,1,1,0,0,0,0,1,0,0,0,0,0,0,0,0,0,0,1,1,1,1,0,0,0,0,0,0,0,1,1,5156.2,0C,1,1,0,1,1,0,1,0,0,177.88,468.38,,,,,,,,,,,,,,,,,,,,,,,,,,,,,,,,,,,,,,,,,,,,,,,,,,,,,,,,,
1467,673,201,14.10,72.00,2444,70.0,31.500,4.032,11.60,10.718,29.37,1.00,0.43,-0.76,0.87,0.795,1.02,-1.33,1.160,0.00,0.90,4.109,18.8,0.000,0.673,0.000,900,6.73,4.6,1.95,-2.42,27.8,1,1,0,1,1,1,0,0,0,0,1,0,0,0,0,0,0,0,0,0,0,1,1,1,1,0,0,0,0,0,0,0,1,1,5156.2,0C,1,1,0,1,1,0,1,0,0,180.00,472.31,,,,,,,,,,,,,,,,,,,,,,,,,,,,,,,,,,,,,,,,,,,,,,,,,,,,,,,,,
1468,673,617,14.10,72.00,2446,70.0,31.500,4.090,11.67,10.718,29.46,1.00,0.81,-0.76,0.87,0.810,1.02,-1.33,1.160,0.00,0.90,4.109,18.8,0.000,0.673,0.000,900,6.73,4.6,1.95,-2.41,27.8,1,1,0,1,1,1,0,0,0,0,1,0,0,0,0,0,0,0,0,0,0,1,1,1,1,0,0,0,0,0,0,0,1,1,5156.2,0C,1,1,0,1,1,0,1,0,0,180.56,473.81,,,,,,,,,,,,,,,,,,,,,,,,,,,,,,,,,,,,,,,,,,,,,,,,,,,,,,,,,
1469,674,8,14.10,72.00,2448,70.0,31.500,4.083,11.67,10.718,29.41,1.00,0.81,-0.76,0.87,0.810,1.02,-1.33,1.160,0.00,0.90,4.109,18.8,0.000,0.673,0.000,900,6.72,4.6,1.95,-2.41,27.8,1,1,0,1,1,1,0,0,0,0,1,0,0,0,0,0,0,0,0,0,0,1,1,1,1,0,0,0,0,0,0,0,1,1,5156.2,0C,1,1,0,1,1,0,1,0,0,180.63,474.81,,,,,,,,,,,,,,,,,,,,,,,,,,,,,,,,,,,,,,,,,,,,,,,,,,,,,,,,,
1470,674,398,14.10,72.00,2453,70.0,31.500,4.198,11.79,10.874,29.91,1.00,0.81,-0.76,0.67,0.821,1.02,-1.33,1.160,0.00,0.90,4.109,18.8,0.000,0.673,0.000,900,6.72,4.6,1.94,-2.41,27.8,1,1,0,1,1,1,0,0,0,0,1,0,0,0,0,0,0,0,0,0,0,1,1,1,1,0,0,0,0,0,0,0,1,1,5156.2,0C,1,1,0,1,1,0,1,0,0,183.75,481.25,,,,,,,,,,,,,,,,,,,,,,,,,,,,,,,,,,,,,,,,,,,,,,,,,,,,,,,,,
1471,674,781,14.10,72.00,2456,70.0,31.500,4.160,11.79,10.555,29.74,1.00,0.79,-0.76,0.77,0.823,1.02,-1.33,1.161,0.00,0.90,4.109,18.8,0.000,0.673,0.000,900,6.72,4.6,1.94,-2.41,27.8,1,1,0,1,1,1,0,0,0,0,1,0,0,0,0,0,0,0,0,0,0,1,1,1,1,0,0,0,0,0,0,0,1,1,5156.2,0C,1,1,0,1,1,0,1,0,0,183.25,480.19,,,,,,,,,,,,,,,,,,,,,,,,,,,,,,,,,,,,,,,,,,,,,,,,,,,,,,,,,
1472,675,173,14.10,72.00,2451,70.0,24.000,2.861,8.50,0.000,21.21,1.00,0.20,-0.76,0.29,0.847,1.02,-1.33,1.144,0.00,0.90,4.109,18.8,0.000,0.673,0.000,900,6.72,4.6,1.94,-4.37,27.8,1,1,0,1,1,1,0,0,0,0,1,0,0,0,0,0,0,0,1,0,0,1,1,1,1,0,0,0,0,1,0,0,1,1,5156.2,0C,1,1,0,1,1,0,1,0,0,127.88,355.56,,,,,,,,,,,,,,,,,,,,,,,,,,,,,,,,,,,,,,,,,,,,,,,,,,,,,,,,,
1473,675,562,14.10,72.00,2440,70.0,32.250,2.534,7.47,0.000,17.88,1.00,0.23,-0.76,0.50,0.881,1.02,-1.33,1.140,0.00,0.90,4.109,18.8,0.000,0.673,0.000,900,6.73,4.6,1.95,-4.37,27.8,1,1,0,1,1,1,0,0,0,0,1,0,0,0,0,0,0,0,1,0,0,1,1,1,1,0,0,0,0,1,0,0,1,1,5156.2,0C,1,1,0,1,1,0,1,0,0,108.38,313.00,,,,,,,,,,,,,,,,,,,,,,,,,,,,,,,,,,,,,,,,,,,,,,,,,,,,,,,,,
1474,675,963,14.10,72.00,2429,70.0,30.750,2.362,7.30,4.623,16.36,1.00,0.80,-0.76,0.88,0.873,1.02,-1.33,1.139,0.00,0.90,2.348,18.8,0.000,0.673,0.000,900,6.74,4.6,1.95,-2.42,27.8,1,1,0,1,1,1,0,0,0,0,1,0,0,0,0,0,0,0,0,0,0,1,1,1,1,0,0,0,0,1,0,0,1,1,5156.2,0C,1,1,0,1,1,0,1,0,0,106.00,305.31,,,,,,,,,,,,,,,,,,,,,,,,,,,,,,,,,,,,,,,,,,,,,,,,,,,,,,,,,
1475,678,496,14.10,72.00,2408,68.8,33.000,3.296,9.59,7.140,24.19,1.00,0.75,-0.76,0.81,0.794,1.02,-1.33,1.157,0.00,0.90,3.227,18.8,0.000,0.673,0.000,900,6.75,4.6,1.95,-2.42,27.8,1,1,0,1,1,1,0,0,0,0,1,0,0,0,0,0,0,0,0,0,0,1,1,1,1,0,0,0,0,0,0,0,1,1,5156.2,0C,1,1,0,1,1,0,1,0,0,148.06,397.94,,,,,,,,,,,,,,,,,,,,,,,,,,,,,,,,,,,,,,,,,,,,,,,,,,,,,,,,,
1476,678,878,14.10,72.00,2400,68.8,33.000,3.309,9.55,7.140,24.12,1.00,0.23,-0.76,0.36,0.803,1.02,-1.33,1.156,0.00,0.90,3.227,18.8,0.000,0.673,0.000,900,6.75,4.6,1.95,-2.42,27.8,1,1,0,1,1,1,0,0,0,0,1,0,0,0,0,0,0,0,0,0,0,1,1,1,1,0,0,0,0,0,0,0,1,1,5156.2,0C,1,1,0,1,1,0,1,0,0,147.69,396.94,,,,,,,,,,,,,,,,,,,,,,,,,,,,,,,,,,,,,,,,,,,,,,,,,,,,,,,,,
1477,679,268,14.10,72.00,2393,68.8,33.000,3.219,9.47,7.140,24.19,1.00,0.37,-0.76,0.87,0.759,1.02,-1.33,1.156,0.00,0.90,3.227,18.8,0.000,0.673,0.000,900,6.76,4.6,1.96,-2.43,27.8,1,1,0,1,1,1,0,0,0,0,1,0,0,0,0,0,0,0,0,0,0,1,1,1,1,0,0,0,0,0,0,0,1,1,5156.2,0C,1,1,0,1,1,0,1,0,0,148.38,396.50,,,,,,,,,,,,,,,,,,,,,,,,,,,,,,,,,,,,,,,,,,,,,,,,,,,,,,,,,
1478,679,657,14.10,72.00,2389,68.8,33.000,3.226,9.47,7.140,24.23,1.00,0.80,-0.76,0.86,0.760,1.02,-1.33,1.156,0.00,0.90,3.227,18.8,0.000,0.673,0.000,900,6.76,4.6,1.96,-2.43,27.8,1,1,0,1,1,1,0,0,0,0,1,0,0,0,0,0,0,0,0,0,0,1,1,1,1,0,0,0,0,0,0,0,1,1,5156.2,0C,1,1,0,1,1,0,1,0,0,147.94,396.13,,,,,,,,,,,,,,,,,,,,,,,,,,,,,,,,,,,,,,,,,,,,,,,,,,,,,,,,,
1479,680,67,14.10,72.00,2390,68.8,33.000,3.213,9.42,7.140,24.00,1.00,0.80,-0.76,0.81,0.766,1.02,-1.33,1.155,0.00,0.90,3.227,18.8,0.000,0.673,0.000,900,6.76,4.6,1.96,-2.43,27.8,1,1,0,1,1,1,0,0,0,0,1,0,0,0,0,0,0,0,0,0,0,1,1,1,1,0,0,0,0,0,0,0,1,1,5156.2,0C,1,1,0,1,1,0,1,0,0,147.06,394.25,,,,,,,,,,,,,,,,,,,,,,,,,,,,,,,,,,,,,,,,,,,,,,,,,,,,,,,,,
1480,680,450,14.10,72.00,2386,68.8,33.000,3.354,9.55,7.788,24.45,1.00,0.53,-0.76,0.48,0.796,1.02,-1.33,1.157,0.00,0.90,3.227,18.8,0.000,0.673,0.000,900,6.76,4.6,1.96,-2.43,27.8,1,1,0,1,1,1,0,0,0,0,1,0,0,0,0,0,0,0,0,0,0,1,1,1,1,0,0,0,0,0,0,0,1,1,5156.2,0C,1,1,0,1,1,0,1,0,0,152.00,406.19,,,,,,,,,,,,,,,,,,,,,,,,,,,,,,,,,,,,,,,,,,,,,,,,,,,,,,,,,
1481,680,829,14.10,72.00,2381,68.8,32.250,3.501,9.96,8.116,26.02,1.00,0.79,-0.76,0.78,0.766,1.02,-1.33,1.157,0.00,0.90,0.194,-42.0,66.017,0.719,-95.250,2520,-21.57,1766.7,1.15,-49.63,114.8,0,1,0,0,0,1,0,1,1,1,1,1,0,1,1,0,0,1,1,1,1,1,1,1,1,1,1,1,1,1,1,1,1,1,1,,,,,,,,,,,,,,,,,,,,,,,,,,,,,,,,,,,,,,,,,,,,,,,,,,,,,,,,,,,,,,,,,,,,,
1482,681,217,14.10,72.00,2379,68.8,32.250,3.514,9.89,7.953,25.85,1.00,0.41,-0.76,0.76,0.786,1.02,-1.33,1.157,0.00,0.90,3.522,18.8,0.000,0.673,0.000,900,6.77,4.6,1.96,-2.43,27.8,1,1,0,1,1,1,0,0,0,0,1,0,0,0,0,0,0,0,0,0,0,1,1,1,1,0,0,0,0,0,0,0,1,1,5156.2,0C,1,1,0,1,1,0,1,0,0,159.19,420.88,,,,,,,,,,,,,,,,,,,,,,,,,,,,,,,,,,,,,,,,,,,,,,,,,,,,,,,,,
1483,681,618,14.10,72.00,2376,68.8,32.250,3.373,9.79,7.953,25.66,1.00,0.64,-0.76,0.90,0.750,1.02,-1.33,1.158,0.00,0.90,3.522,18.8,0.000,0.673,0.000,900,6.77,4.6,1.96,-2.43,27.8,1,1,0,1,1,1,0,0,0,0,1,0,0,0,0,0,0,0,0,0,0,1,1,1,1,0,0,0,0,0,0,0,1,1,5156.2,0C,1,1,0,1,1,0,1,0,0,156.13,414.81,,,,,,,,,,,,,,,,,,,,,,,,,,,,,,,,,,,,,,,,,,,,,,,,,,,,,,,,,
1484,684,131,14.10,72.00,2357,67.5,32.250,3.386,9.67,7.953,25.71,1.00,0.73,-0.76,0.93,0.750,1.02,-1.33,1.157,0.00,0.90,3.227,18.8,0.000,0.673,0.000,900,6.78,4.6,1.96,-2.44,27.8,1,1,0,1,1,1,0,0,0,0,1,0,0,0,0,0,0,0,0,0,0,1,1,1,1,0,0,0,0,0,0,0,1,1,5156.2,0C,1,1,0,1,1,0,1,0,0,156.44,412.69,,,,,,,,,,,,,,,,,,,,,,,,,,,,,,,,,,,,,,,,,,,,,,,,,,,,,,,,,
1485,684,540,14.10,72.00,2358,67.5,32.250,3.392,9.59,7.953,25.71,1.00,0.79,-0.76,0.94,0.750,1.02,-1.33,1.157,0.00,0.90,3.227,18.8,0.000,0.673,0.000,900,6.78,4.6,1.96,-2.44,27.8,1,1,0,1,1,1,0,0,0,0,1,0,0,0,0,0,0,0,0,0,0,1,1,1,1,0,0,0,0,0,0,0,1,1,5156.2,0C,1,1,0,1,1,0,1,0,0,157.06,413.38,,,,,,,,,,,,,,,,,,,,,,,,,,,,,,,,,,,,,,,,,,,,,,,,,,,,,,,,,
1486,684,957,14.10,72.00,2349,67.5,32.250,3.424,9.59,7.953,25.73,1.00,0.79,-0.76,0.93,0.750,1.02,-1.33,1.157,0.00,0.90,3.227,18.8,0.000,0.673,0.000,900,6.79,4.6,1.97,-2.44,27.8,1,1,0,1,1,1,0,0,0,0,1,0,0,0,0,0,0,0,0,0,0,1,1,1,1,0,0,0,0,0,0,0,1,1,5156.2,0C,1,1,0,1,1,0,1,0,0,156.25,412.19,,,,,,,,,,,,,,,,,,,,,,,,,,,,,,,,,,,,,,,,,,,,,,,,,,,,,,,,,
1487,685,357,14.10,72.00,2350,67.5,32.250,3.398,9.59,7.953,25.66,1.00,0.79,-0.76,0.93,0.750,1.02,-1.33,1.157,0.00,0.90,3.227,18.8,0.000,0.673,0.000,900,6.78,4.6,1.96,-2.44,27.8,1,1,0,1,1,1,0,0,0,0,1,0,0,0,0,0,0,0,0,0,0,1,1,1,1,0,0,0,0,0,0,0,1,1,5156.2,0C,1,1,0,1,1,0,1,0,0,157.25,412.63,,,,,,,,,,,,,,,,,,,,,,,,,,,,,,,,,,,,,,,,,,,,,,,,,,,,,,,,,
1488,685,759,14.10,72.00,2348,67.5,32.250,3.398,9.59,7.953,25.76,1.00,0.81,-0.76,0.95,0.750,1.02,-1.33,1.157,0.00,0.90,3.227,18.8,0.000,0.673,0.000,900,6.78,4.6,1.96,-2.44,27.8,1,1,0,1,1,1,0,0,0,0,1,0,0,0,0,0,0,0,0,0,0,1,1,1,1,0,0,0,0,0,0,0,1,1,5156.2,0C,1,1,0,1,1,0,1,0,0,156.19,411.31,,,,,,,,,,,,,,,,,,,,,,,,,,,,,,,,,,,,,,,,,,,,,,,,,,,,,,,,,
1489,686,177,14.10,72.00,2347,67.5,32.250,4.058,9.55,7.953,25.52,1.00,0.96,-0.76,1.07,0.973,1.02,-1.33,1.157,0.00,0.90,3.227,18.8,0.000,0.673,0.000,900,6.79,4.6,1.97,-2.44,27.8,1,1,0,1,1,1,0,0,0,0,1,0,0,0,0,0,0,0,0,0,0,1,1,1,1,0,0,0,0,0,0,0,1,1,5156.2,0C,1,1,0,1,1,0,1,0,0,155.69,411.13,,,,,,,,,,,,,,,,,,,,,,,,,,,,,,,,,,,,,,,,,,,,,,,,,,,,,,,,,
1490,686,579,14.10,72.00,2342,67.5,32.250,3.910,9.55,7.953,25.78,1.00,0.97,-0.76,1.09,0.923,1.02,-1.33,1.157,0.00,0.90,3.227,18.8,0.000,0.673,0.000,900,6.79,4.6,1.97,-2.44,27.8,1,1,0,1,1,1,0,0,0,0,1,0,0,0,0,0,0,0,0,0,0,1,1,1,1,0,0,0,0,0,0,0,1,1,5156.2,0C,1,1,0,1,1,0,1,0,0,157.13,412.56,,,,,,,,,,,,,,,,,,,,,,,,,,,,,,,,,,,,,,,,,,,,,,,,,,,,,,,,,
1491,686,977,14.10,72.00,2340,67.5,32.250,3.750,9.42,7.953,25.55,1.00,0.96,-0.76,1.10,0.884,1.02,-1.33,1.156,0.00,0.90,3.814,18.8,0.000,0.673,0.000,900,6.79,4.6,1.97,-2.44,27.8,1,1,0,1,1,1,0,0,0,0,1,0,0,0,0,0,0,0,0,0,0,1,1,1,1,0,0,0,0,0,0,0,1,1,5156.2,0C,1,1,0,1,1,0,1,0,0,156.63,411.13,,,,,,,,,,,,,,,,,,,,,,,,,,,,,,,,,,,,,,,,,,,,,,,,,,,,,,,,,
1492,687,367,14.10,72.00,2339,67.5,32.250,3.616,9.42,7.953,25.50,1.00,0.95,-0.76,1.09,0.844,1.02,-1.33,1.156,0.00,0.90,3.814,18.8,0.000,0.673,0.000,900,6.79,4.6,1.97,-2.44,27.8,1,1,0,1,1,1,0,0,0,0,1,0,0,0,0,0,0,0,0,0,0,1,1,1,1,0,0,0,0,0,0,0,1,1,5156.2,0C,1,1,0,1,1,0,1,0,0,157.69,413.13,,,,,,,,,,,,,,,,,,,,,,,,,,,,,,,,,,,,,,,,,,,,,,,,,,,,,,,,,
1493,687,780,14.10,72.00,2335,67.5,32.250,3.526,9.42,7.953,25.52,1.00,0.94,-0.76,1.08,0.806,1.02,-1.33,1.156,0.00,0.90,3.522,18.8,0.000,0.673,0.000,900,6.80,4.6,1.97,-2.44,27.8,1,1,0,1,1,1,0,0,0,0,1,0,0,0,0,0,0,0,0,0,0,1,1,1,1,0,0,0,0,0,0,0,1,1,5156.2,0C,1,1,0,1,1,0,1,0,0,157.13,411.81,,,,,,,,,,,,,,,,,,,,,,,,,,,,,,,,,,,,,,,,,,,,,,,,,,,,,,,,,
1494,688,167,14.10,72.00,2332,67.5,32.250,3.450,9.42,7.953,25.76,1.00,0.91,-0.76,1.07,0.767,1.02,-1.33,1.156,0.00,0.90,3.522,18.8,0.000,0.673,0.000,900,6.80,4.6,1.97,-2.44,27.8,1,1,0,1,1,1,0,0,0,0,1,0,0,0,0,0,0,0,0,0,0,1,1,1,1,0,0,0,0,0,0,0,1,1,5156.2,0C,1,1,0,1,1,0,1,0,0,157.88,412.13,,,,,,,,,,,,,,,,,,,,,,,,,,,,,,,,,,,,,,,,,,,,,,,,,,,,,,,,,
1495,688,540,14.10,72.00,2332,67.5,32.250,3.418,9.47,7.953,25.80,1.00,0.87,-0.76,1.05,0.750,1.02,-1.33,1.156,0.00,0.90,3.522,18.8,0.000,0.673,0.000,900,6.80,4.6,1.97,-2.44,27.8,1,1,0,1,1,1,0,0,0,0,1,0,0,0,0,0,0,0,0,0,0,1,1,1,1,0,0,0,0,0,0,0,1,1,5156.2,0C,1,1,0,1,1,0,1,0,0,157.94,412.75,,,,,,,,,,,,,,,,,,,,,,,,,,,,,,,,,,,,,,,,,,,,,,,,,,,,,,,,,
1496,688,950,14.10,72.00,2327,67.5,32.250,3.398,9.42,7.953,25.66,1.00,0.87,-0.76,1.04,0.750,1.02,-1.33,1.156,0.00,0.90,3.227,18.8,0.000,0.673,0.000,900,6.80,4.6,1.97,-2.44,27.8,1,1,0,1,1,1,0,0,0,0,1,0,0,0,0,0,0,0,0,0,0,1,1,1,1,0,0,0,0,0,0,0,1,1,5156.2,0C,1,1,0,1,1,0,1,0,0,156.56,409.50,,,,,,,,,,,,,,,,,,,,,,,,,,,,,,,,,,,,,,,,,,,,,,,,,,,,,,,,,
1497,689,363,14.10,72.00,2327,67.5,32.250,3.398,9.30,7.953,25.76,1.00,0.87,-0.76,1.04,0.750,1.02,-1.33,1.156,0.00,0.90,3.227,18.8,0.000,0.673,0.000,900,6.80,4.6,1.97,-2.44,27.8,1,1,0,1,1,1,0,0,0,0,1,0,0,0,0,0,0,0,0,0,0,1,1,1,1,0,0,0,0,0,0,0,1,1,5156.2,0C,1,1,0,1,1,0,1,0,0,156.63,409.13,,,,,,,,,,,,,,,,,,,,,,,,,,,,,,,,,,,,,,,,,,,,,,,,,,,,,,,,,
1498,689,777,14.10,72.00,2323,66.3,32.250,3.354,9.35,7.953,25.48,1.00,0.87,-0.76,1.04,0.750,1.02,-1.33,1.156,0.00,0.90,3.227,18.8,0.000,0.673,0.000,900,6.80,4.6,1.97,-2.44,27.8,1,1,0,1,1,1,0,0,0,0,1,0,0,0,0,0,0,0,0,0,0,1,1,1,1,0,0,0,0,0,0,0,1,1,5156.2,0C,1,1,0,1,1,0,1,0,0,156.38,408.06,,,,,,,,,,,,,,,,,,,,,,,,,,,,,,,,,,,,,,,,,,,,,,,,,,,,,,,,,
1499,690,170,14.10,72.00,2321,66.3,32.250,3.405,9.35,7.953,25.76,1.00,0.87,-0.76,1.04,0.750,1.02,-1.33,1.156,0.00,0.90,3.227,18.8,0.000,0.673,0.000,900,6.80,4.6,1.97,-2.44,27.8,1,1,0,1,1,1,0,0,0,0,1,0,0,0,0,0,0,0,0,0,0,1,1,1,1,0,0,0,0,0,0,0,1,1,5156.2,0C,1,1,0,1,1,0,1,0,0,157.19,409.00,,,,,,,,,,,,,,,,,,,,,,,,,,,,,,,,,,,,,,,,,,,,,,,,,,,,,,,,,
1500,690,550,14.10,72.00,2318,66.3,32.250,4.083,9.30,7.953,25.66,1.00,0.97,-0.76,1.09,0.975,1.02,-1.33,1.156,0.00,0.90,3.227,18.8,0.000,0.673,0.000,900,6.81,4.6,1.97,-2.44,27.8,1,1,0,1,1,1,0,0,0,0,1,0,0,0,0,0,0,0,0,0,0,1,1,1,1,0,0,0,0,0,0,0,1,1,5156.2,0C,1,1,0,1,1,0,1,0,0,157.88,410.19,,,,,,,,,,,,,,,,,,,,,,,,,,,,,,,,,,,,,,,,,,,,,,,,,,,,,,,,,
1501,690,937,14.10,72.00,2314,66.3,32.250,3.994,9.23,7.953,25.76,1.00,0.98,-0.76,1.09,0.946,1.02,-1.33,1.156,0.00,0.90,4.109,18.8,0.000,0.673,0.000,900,6.81,4.6,1.97,-2.44,27.8,1,1,0,1,1,1,0,0,0,0,1,0,0,0,0,0,0,0,0,0,0,1,1,1,1,0,0,0,0,0,0,0,1,1,5156.2,0C,1,1,0,1,1,0,1,0,0,156.94,408.25,,,,,,,,,,,,,,,,,,,,,,,,,,,,,,,,,,,,,,,,,,,,,,,,,,,,,,,,,
1502,691,339,14.10,72.00,2312,66.3,32.250,3.814,9.23,7.953,25.57,1.00,0.98,-0.76,1.10,0.907,1.02,-1.33,1.156,0.00,0.90,4.109,18.8,0.000,0.673,0.000,900,6.81,4.6,1.97,-2.44,27.8,1,1,0,1,1,1,0,0,0,0,1,0,0,0,0,0,0,0,0,0,0,1,1,1,1,0,0,0,0,0,0,0,1,1,5156.2,0C,1,1,0,1,1,0,1,0,0,156.38,407.13,,,,,,,,,,,,,,,,,,,,,,,,,,,,,,,,,,,,,,,,,,,,,,,,,,,,,,,,,
1503,691,732,14.10,72.00,2310,66.3,32.250,3.686,9.11,7.788,25.48,1.00,0.97,-0.76,1.10,0.868,1.02,-1.33,1.156,0.00,0.90,0.194,-42.0,71.485,0.719,-91.500,2520,-25.47,1766.7,1.15,-49.63,114.8,0,1,0,0,0,1,0,1,1,1,1,1,0,1,1,0,0,1,0,0,0,0,0,0,0,0,1,0,0,1,0,0,0,0,7897.5,44,0,1,0,1,0,1,1,1,1,1,1,,,,,,,,,,,,,,,,,,,,,,,,,,,,,,,,,,,,,,,,,,,,,,,,,,,,,,,,,
1504,694,159,14.10,72.00,2228,63.8,-1.500,2.208,4.13,7.304,11.81,0.97,0.15,-0.76,0.25,1.000,1.02,-1.33,1.125,0.00,0.90,1.352,19.5,0.000,0.673,0.000,900,6.87,4.6,1.99,-2.47,27.8,1,1,0,1,1,1,0,0,0,0,1,0,0,0,0,0,0,0,0,0,0,1,0,1,0,0,0,0,0,1,0,0,1,1,5156.2,0C,1,1,0,1,1,0,1,0,0,74.44,220.88,,,,,,,,,,,,,,,,,,,,,,,,,,,,,,,,,,,,,,,,,,,,,,,,,,,,,,,,,
1505,694,540,14.10,72.00,2213,63.8,18.750,3.744,9.47,10.718,21.21,0.97,0.98,-0.76,1.06,0.988,1.02,-1.33,1.129,0.00,0.90,1.352,19.5,0.000,0.673,0.000,900,6.88,4.6,1.99,-2.47,27.8,1,1,0,1,1,1,0,0,0,0,1,0,0,0,0,0,0,0,0,0,0,1,1,1,0,0,0,0,0,1,0,0,1,1,5156.2,0C,1,1,0,1,1,0,1,0,0,149.50,388.19,,,,,,,,,,,,,,,,,,,,,,,,,,,,,,,,,,,,,,,,,,,,,,,,,,,,,,,,,
1506,694,939,14.10,72.00,2204,63.8,2.250,6.701,13.38,15.100,38.98,0.96,1.00,-0.76,1.10,0.946,1.02,-1.33,1.145,0.00,0.90,5.416,19.5,0.000,0.673,0.000,900,6.89,4.6,1.99,-2.47,27.8,1,1,0,1,1,1,0,0,0,0,1,0,0,0,0,0,0,0,0,0,0,1,1,1,1,0,0,1,0,0,0,0,1,1,5156.2,0C,1,1,0,1,1,0,1,0,0,247.00,596.75,,,,,,,,,,,,,,,,,,,,,,,,,,,,,,,,,,,,,,,,,,,,,,,,,,,,,,,,,
1507,695,334,14.10,72.00,2211,63.8,27.000,6.048,12.33,15.100,38.86,0.96,0.99,-0.76,1.11,0.900,1.02,-1.33,1.149,0.00,0.90,5.416,19.5,0.000,0.673,0.000,900,6.88,4.6,1.99,-2.47,27.8,1,1,0,1,1,1,0,0,0,0,1,0,0,0,0,0,0,0,0,0,0,1,1,1,1,0,0,1,0,0,0,0,1,1,5156.2,0C,1,1,0,1,1,0,1,0,0,233.63,571.19,,,,,,,,,,,,,,,,,,,,,,,,,,,,,,,,,,,,,,,,,,,,,,,,,,,,,,,,,
1508,695,727,14.10,72.00,2221,63.8,27.750,5.440,12.16,14.937,37.34,0.98,0.97,-0.76,1.10,0.852,1.02,-1.33,1.148,0.00,0.90,5.416,19.5,0.000,0.673,0.000,900,6.88,4.6,1.99,-2.47,27.8,1,1,0,1,1,1,0,0,0,0,1,0,0,0,0,0,0,0,0,0,0,1,1,1,1,0,0,1,0,0,0,0,1,1,5156.2,0C,1,1,0,1,1,0,1,0,0,227.50,558.63,,,,,,,,,,,,,,,,,,,,,,,,,,,,,,,,,,,,,,,,,,,,,,,,,,,,,,,,,
1509,696,128,14.10,72.00,2232,63.8,28.500,4.800,11.47,13.640,34.76,0.98,0.95,-0.76,1.10,0.807,1.02,-1.33,1.149,0.00,0.90,5.145,19.5,0.000,0.673,0.000,900,6.87,4.6,1.99,-2.47,27.8,1,1,0,1,1,1,0,0,0,0,1,0,0,0,0,0,0,0,0,0,0,1,1,1,1,0,0,1,0,0,0,0,1,1,5156.2,0C,1,1,0,1,1,0,1,0,0,212.44,526.88,,,,,,,,,,,,,,,,,,,,,,,,,,,,,,,,,,,,,,,,,,,,,,,,,,,,,,,,,
1510,696,563,14.10,72.00,2239,63.8,29.250,4.544,11.47,13.640,34.31,0.99,0.93,-0.76,1.08,0.762,1.02,-1.33,1.150,0.00,0.90,5.145,19.5,0.000,0.673,0.000,900,6.86,4.6,1.99,-2.46,27.8,1,1,0,1,1,1,0,0,0,0,1,0,0,0,0,0,0,0,0,0,0,1,1,1,1,0,0,1,0,0,0,0,1,1,5156.2,0C,1,1,0,1,1,0,1,0,0,210.19,522.06,,,,,,,,,,,,,,,,,,,,,,,,,,,,,,,,,,,,,,,,,,,,,,,,,,,,,,,,,
1511,696,978,14.10,72.00,2246,65.0,30.000,4.493,11.43,13.312,34.13,1.00,0.89,-0.76,1.06,0.750,1.02,-1.33,1.150,0.00,0.90,4.061,19.5,0.000,0.673,0.000,900,6.86,4.6,1.98,-2.46,27.8,1,1,0,1,1,1,0,0,0,0,1,0,0,0,0,0,0,0,0,0,0,1,1,1,1,0,0,1,0,0,0,0,1,1,5156.2,0C,1,1,0,1,1,0,1,0,0,208.00,517.69,,,,,,,,,,,,,,,,,,,,,,,,,,,,,,,,,,,,,,,,,,,,,,,,,,,,,,,,,
1512,697,361,14.10,72.00,2254,65.0,30.000,4.474,11.47,13.475,34.03,1.00,0.89,-0.76,1.05,0.750,1.02,-1.33,1.150,0.00,0.90,4.061,19.5,0.000,0.673,0.000,900,6.85,4.6,1.98,-2.46,27.8,1,1,0,1,1,1,0,0,0,0,1,0,0,0,0,0,0,0,0,0,0,1,1,1,1,0,0,1,0,0,0,0,1,1,5156.2,0C,1,1,0,1,1,0,1,0,0,207.56,516.56,,,,,,,,,,,,,,,,,,,,,,,,,,,,,,,,,,,,,,,,,,,,,,,,,,,,,,,,,
1513,697,778,14.10,72.00,2257,65.0,15.000,3.341,7.96,0.000,27.19,1.00,0.84,-0.76,1.04,0.750,1.02,-1.33,1.151,0.00,0.90,3.247,19.5,0.000,0.673,0.000,900,6.85,4.6,1.98,-4.34,27.8,1,1,0,1,1,1,0,0,0,0,1,0,0,0,0,0,0,0,1,0,0,1,1,1,1,0,0,0,0,1,0,0,1,1,5156.2,0C,1,1,0,1,1,0,1,0,0,165.63,424.88,,,,,,,,,,,,,,,,,,,,,,,,,,,,,,,,,,,,,,,,,,,,,,,,,,,,,,,,,
1514,698,187,14.10,72.00,2068,65.0,37.500,1.402,3.64,16.077,11.81,1.00,0.21,-0.76,1.02,0.741,1.02,-1.33,1.119,0.00,0.90,3.247,19.5,9.178,0.673,0.000,900,6.99,4.6,2.02,-2.51,27.8,1,1,0,1,1,1,0,0,0,0,1,0,1,0,0,0,0,0,0,0,1,1,1,1,1,0,0,0,0,1,0,0,1,1,5156.2,0C,1,1,0,1,1,0,1,0,0,71.56,214.88,,,,,,,,,,,,,,,,,,,,,,,,,,,,,,,,,,,,,,,,,,,,,,,,,,,,,,,,,
1515,698,577,14.10,72.00,3037,65.0,-7.500,4.077,1.07,0.000,34.43,1.00,0.95,-0.76,1.07,0.977,1.02,-1.33,1.161,0.00,0.90,3.247,19.5,14.702,0.673,0.000,900,6.58,4.6,1.90,-4.68,27.8,1,1,0,1,1,1,0,0,0,0,1,0,1,0,0,0,0,0,1,0,1,1,1,1,0,0,0,1,0,1,0,0,1,1,5156.2,0C,1,1,0,1,1,0,1,0,0,202.31,531.06,,,,,,,,,,,,,,,,,,,,,,,,,,,,,,,,,,,,,,,,,,,,,,,,,,,,,,,,,
1516,698,997,14.10,72.00,3152,63.8,39.750,1.766,6.98,0.000,11.84,1.00,0.94,-0.76,1.08,0.934,1.02,-1.33,1.166,0.00,0.90,2.739,18.8,10.903,0.673,0.000,900,6.57,4.6,1.90,-4.68,27.8,1,1,0,1,1,1,0,0,0,0,1,0,1,0,0,0,0,0,1,0,1,1,1,1,0,0,0,0,0,1,0,0,1,1,5156.2,0C,1,1,0,1,1,0,1,0,0,71.69,235.69,,,,,,,,,,,,,,,,,,,,,,,,,,,,,,,,,,,,,,,,,,,,,,,,,,,,,,,,,
1517,699,381,14.10,72.00,2957,63.8,-10.500,0.000,7.59,0.000,9.75,1.00,0.15,-0.76,0.26,1.000,1.02,-1.33,1.166,0.00,0.90,2.739,18.8,0.000,0.673,0.000,900,6.57,4.6,1.90,-4.57,27.8,1,1,0,1,1,1,0,0,0,0,1,0,1,0,0,0,0,0,1,0,0,1,0,1,0,0,1,0,0,1,0,0,1,1,5156.2,0C,1,1,0,1,1,0,1,0,0,63.88,232.31,,,,,,,,,,,,,,,,,,,,,,,,,,,,,,,,,,,,,,,,,,,,,,,,,,,,,,,,,
1518,699,781,14.10,72.00,2964,62.5,-12.000,0.000,7.15,0.000,11.25,1.00,0.12,-0.76,0.22,1.000,1.02,-1.33,1.166,0.00,0.90,0.000,18.8,0.000,0.673,0.000,900,6.57,4.6,1.90,-4.57,27.8,1,1,0,1,1,1,0,0,0,0,1,0,1,0,0,0,0,0,1,0,0,1,0,1,0,0,1,0,0,1,0,0,1,1,5156.2,0C,1,1,0,1,1,0,1,0,0,69.50,246.31,,,,,,,,,,,,,,,,,,,,,,,,,,,,,,,,,,,,,,,,,,,,,,,,,,,,,,,,,
1519,700,168,14.10,72.00,2937,62.5,-12.000,0.000,7.10,0.000,11.16,1.00,0.12,-0.76,0.22,1.000,1.02,-1.33,1.166,0.00,0.90,0.000,18.8,0.000,0.673,0.000,900,6.57,4.6,1.90,-4.56,27.8,1,1,0,1,1,1,0,0,0,0,1,0,1,0,0,0,0,0,1,0,0,1,0,1,0,0,1,0,0,1,0,0,1,1,5156.2,0C,1,1,0,1,1,0,1,0,0,68.88,244.19,,,,,,,,,,,,,,,,,,,,,,,,,,,,,,,,,,,,,,,,,,,,,,,,,,,,,,,,,
1520,702,860,14.10,72.00,2249,47.5,-14.250,0.000,4.61,0.000,13.22,1.00,0.12,-0.76,0.22,1.000,1.02,-1.33,1.124,0.00,0.90,0.000,19.5,0.000,0.673,0.000,900,6.86,4.6,1.98,-4.33,27.8,1,1,0,1,1,1,0,0,0,0,1,1,0,0,0,0,0,0,1,0,0,1,0,1,0,0,1,0,0,1,0,1,1,1,5156.2,0C,1,1,0,1,1,0,1,0,0,80.31,233.88,,,,,,,,,,,,,,,,,,,,,,,,,,,,,,,,,,,,,,,,,,,,,,,,,,,,,,,,,
1521,703,307,14.10,72.00,2159,46.3,-14.250,0.000,4.37,0.000,13.29,1.00,0.11,-0.76,0.23,1.000,1.02,-1.33,1.119,0.00,0.90,0.000,19.5,0.000,0.673,0.000,900,6.92,4.6,2.00,-4.31,27.8,1,1,0,1,1,1,0,0,0,0,1,1,0,0,0,0,0,0,1,0,0,1,0,1,0,0,1,0,0,1,0,1,1,1,5156.2,0C,1,1,0,1,1,0,1,0,0,80.88,231.38,,,,,,,,,,,,,,,,,,,,,,,,,,,,,,,,,,,,,,,,,,,,,,,,,,,,,,,,,
1522,703,697,14.10,72.00,1990,42.5,-14.250,0.000,4.00,0.000,12.54,1.00,0.11,-0.76,0.23,1.000,1.02,-1.33,1.117,0.00,0.90,0.000,19.5,0.000,0.673,0.000,900,7.04,4.6,2.04,-3.99,27.8,1,1,0,1,1,1,0,0,0,0,1,1,0,0,0,0,0,0,1,0,0,1,0,1,0,0,1,0,0,1,0,1,1,1,5156.2,0C,1,1,0,1,1,0,1,0,0,76.94,233.38,,,,,,,,,,,,,,,,,,,,,,,,,,,,,,,,,,,,,,,,,,,,,,,,,,,,,,,,,
1523,704,106,14.10,72.00,1901,40.0,-12.750,0.000,3.76,0.000,11.23,1.00,0.12,-0.76,0.23,1.000,1.02,-1.33,1.116,0.00,0.90,0.000,19.5,0.000,0.673,0.000,900,7.10,4.6,2.05,-3.77,27.8,1,1,0,1,1,1,0,0,0,0,1,1,0,0,0,0,0,0,0,0,0,0,0,0,0,0,0,0,1,0,0,0,0,0,2434.3,7B,0,1,0,1,0,1,1,1,1,1,1,,,,,,,,,,,,,,,,,,,,,,,,,,,,,,,,,,,,,,,,,,,,,,,,,,,,,,,,,
1524,704,512,14.10,72.00,1819,38.8,-12.000,0.000,3.81,0.000,10.66,1.00,0.12,-0.76,0.23,1.000,1.02,-1.33,1.115,0.00,0.90,0.000,20.3,0.000,0.673,0.000,900,7.16,4.6,2.07,-3.55,27.8,1,1,0,1,1,1,0,0,0,0,1,1,1,0,0,0,0,0,1,0,0,1,0,1,0,0,1,0,0,1,0,0,1,1,5156.2,0C,1,1,0,1,1,0,1,0,0,67.88,247.13,,,,,,,,,,,,,,,,,,,,,,,,,,,,,,,,,,,,,,,,,,,,,,,,,,,,,,,,,
1525,704,911,13.80,72.00,1440,38.8,-8.250,18.618,55.05,81.530,83.18,0.93,0.12,-0.76,0.23,1.000,1.02,-1.33,1.107,0.00,0.90,1.585,20.3,8.995,0.673,0.000,900,7.30,4.6,2.11,-2.04,27.8,1,1,0,1,1,1,0,0,0,0,1,0,1,0,0,0,0,0,0,0,1,1,0,1,0,0,0,1,0,1,0,0,1,1,5156.2,0C,1,1,0,1,1,0,1,0,0,485.44,1011.00,,,,,,,,,,,,,,,,,,,,,,,,,,,,,,,,,,,,,,,,,,,,,,,,,,,,,,,,,
1526,705,297,14.10,72.00,2620,38.8,14.250,1.754,4.42,0.000,13.64,1.00,0.97,-0.76,1.09,0.971,1.02,-1.33,1.163,0.00,0.90,1.585,20.3,8.995,0.673,0.000,900,6.60,4.6,1.91,-4.43,27.8,1,1,0,1,1,1,0,0,0,0,1,0,1,0,0,0,0,0,1,0,1,1,1,1,0,0,0,0,0,1,0,0,1,1,5156.2,0C,1,1,0,1,1,0,1,0,0,80.25,280.19,,,,,,,,,,,,,,,,,,,,,,,,,,,,,,,,,,,,,,,,,,,,,,,,,,,,,,,,,
1527,705,698,14.10,72.00,2472,37.5,38.250,1.837,5.22,0.000,11.23,1.00,0.19,-0.76,0.30,1.013,1.02,-1.33,1.138,0.00,0.90,1.585,20.3,8.995,0.673,0.000,900,6.75,4.6,1.95,-4.39,27.8,1,1,0,1,1,1,0,0,0,0,1,0,1,0,0,0,0,0,1,0,1,1,1,1,1,0,0,0,0,1,0,0,1,1,5156.2,0C,1,1,0,1,1,0,1,0,0,71.25,221.88,,,,,,,,,,,,,,,,,,,,,,,,,,,,,,,,,,,,,,,,,,,,,,,,,,,,,,,,,
1528,706,81,14.10,72.00,2289,37.5,18.000,2.118,5.03,0.000,13.15,1.00,0.94,-0.76,1.03,0.984,1.02,-1.33,1.126,0.00,0.90,1.761,20.3,8.995,0.673,0.000,900,6.85,4.6,1.98,-4.35,27.8,1,1,0,1,1,1,0,0,0,0,1,0,1,0,0,0,0,0,1,0,1,1,1,1,1,0,0,0,0,1,0,0,1,1,5156.2,0C,1,1,0,1,1,0,1,0,0,81.00,236.81,,,,,,,,,,,,,,,,,,,,,,,,,,,,,,,,,,,,,,,,,,,,,,,,,,,,,,,,,
1529,706,491,14.10,72.00,2247,36.3,-14.250,0.000,4.91,0.000,13.29,1.00,0.91,-0.76,1.09,1.000,1.02,-1.33,1.123,0.00,0.90,1.761,19.5,0.000,0.673,0.000,900,6.87,4.6,1.99,-4.34,27.8,1,1,0,1,1,1,0,0,0,0,1,0,1,0,0,0,0,0,1,0,0,1,0,1,0,0,1,0,0,1,0,0,1,1,5156.2,0C,1,1,0,1,1,0,1,0,0,82.38,237.50,,,,,,,,,,,,,,,,,,,,,,,,,,,,,,,,,,,,,,,,,,,,,,,,,,,,,,,,,
1530,706,870,14.10,72.00,2233,35.0,-14.250,0.000,4.66,0.000,13.08,1.00,0.12,-0.76,0.24,1.000,1.02,-1.33,1.125,0.00,0.90,0.000,19.5,0.000,0.673,0.000,900,6.87,4.6,1.99,-4.34,27.8,1,1,0,1,1,1,0,0,0,0,1,0,1,0,0,0,0,0,1,0,0,1,0,1,0,0,1,0,0,1,0,0,1,1,5156.2,0C,1,1,0,1,1,0,1,0,0,78.88,232.31,,,,,,,,,,,,,,,,,,,,,,,,,,,,,,,,,,,,,,,,,,,,,,,,,,,,,,,,,
1531,707,278,14.10,72.00,2526,33.8,-9.750,0.000,4.98,0.000,10.27,1.00,0.12,-0.76,0.24,1.000,1.02,-1.33,1.146,0.00,0.90,0.000,19.5,0.000,0.673,0.000,900,6.68,4.6,1.93,-4.39,27.8,1,1,0,1,1,1,0,0,0,0,1,0,1,0,0,0,0,0,1,0,0,1,0,1,0,0,1,0,0,1,0,0,1,1,5156.2,0C,1,1,0,1,1,0,1,0,0,65.19,214.50,,,,,,,,,,,,,,,,,,,,,,,,,,,,,,,,,,,,,,,,,,,,,,,,,,,,,,,,,
1532,707,670,14.10,72.00,2469,33.8,36.000,2.618,7.84,6.328,14.16,0.97,0.14,-0.76,0.25,1.007,1.02,-1.33,1.142,0.00,0.90,0.000,19.5,8.995,0.673,0.000,900,6.73,4.6,1.95,-2.42,27.8,1,1,0,1,1,1,0,0,0,0,1,0,0,0,0,0,0,0,0,0,1,1,1,1,0,0,0,0,0,1,0,0,1,1,5156.2,0C,1,1,0,1,1,0,1,0,0,88.88,264.81,,,,,,,,,,,,,,,,,,,,,,,,,,,,,,,,,,,,,,,,,,,,,,,,,,,,,,,,,
1533,708,60,14.10,72.00,2449,33.8,33.000,4.083,10.64,6.163,24.09,0.98,0.93,-0.76,1.05,0.965,1.02,-1.33,1.156,0.00,0.90,2.640,20.3,9.522,0.673,0.000,900,6.75,4.6,1.95,-2.42,27.8,1,1,0,1,1,1,0,0,0,0,1,0,0,0,0,0,0,0,0,0,1,1,1,1,1,0,0,0,0,0,0,0,1,1,5156.2,0C,1,1,0,1,1,0,1,0,0,147.50,398.63,,,,,,,,,,,,,,,,,,,,,,,,,,,,,,,,,,,,,,,,,,,,,,,,,,,,,,,,,
1534,708,447,14.10,72.00,2475,33.8,32.250,4.160,11.18,7.468,25.76,0.96,0.92,-0.76,1.08,0.934,1.02,-1.33,1.160,0.00,0.90,2.640,20.3,9.865,0.673,0.000,900,6.73,4.6,1.95,-2.41,27.8,1,1,0,1,1,1,0,0,0,0,1,0,0,0,0,0,0,0,0,0,1,1,1,1,1,0,0,0,0,0,0,0,1,1,5156.2,0C,1,1,0,1,1,0,1,0,0,156.56,431.44,,,,,,,,,,,,,,,,,,,,,,,,,,,,,,,,,,,,,,,,,,,,,,,,,,,,,,,,,
1535,708,841,14.10,72.00,2547,35.0,31.500,5.037,13.67,11.531,31.78,0.96,0.86,-0.76,1.07,0.890,1.02,-1.33,1.164,0.00,0.90,5.440,20.3,10.208,0.673,0.000,900,6.68,4.6,1.93,-2.40,27.8,1,1,0,1,1,1,0,0,0,0,1,0,0,0,0,0,0,0,0,0,1,1,1,1,1,0,0,0,0,0,0,0,1,1,5156.2,0C,1,1,0,1,1,0,1,0,0,195.13,526.25,,,,,,,,,,,,,,,,,,,,,,,,,,,,,,,,,,,,,,,,,,,,,,,,,,,,,,,,,
1536,709,257,14.10,72.00,2622,35.0,31.500,5.952,17.99,17.452,35.06,0.98,0.18,-0.76,0.32,0.911,1.02,-1.33,1.171,0.00,0.90,5.440,20.3,10.903,0.673,0.000,900,6.63,4.6,1.92,-2.38,27.8,1,1,0,1,1,1,0,0,0,0,1,0,0,0,0,0,0,0,0,0,1,1,1,1,1,0,0,1,0,0,0,0,1,1,5156.2,0C,1,1,0,1,1,0,1,0,0,262.81,683.19,,,,,,,,,,,,,,,,,,,,,,,,,,,,,,,,,,,,,,,,,,,,,,,,,,,,,,,,,
1537,709,658,14.10,72.00,2736,36.3,27.000,6.944,18.60,17.859,42.77,0.98,0.23,-0.76,0.32,0.968,1.02,-1.33,1.168,0.00,0.90,5.440,20.3,12.284,0.673,0.000,900,6.59,4.6,1.91,-2.37,27.8,1,1,0,1,1,1,0,0,0,0,1,0,0,0,0,0,0,0,0,0,1,1,1,1,1,0,0,1,0,0,0,0,1,1,5156.2,0C,1,1,0,1,1,0,1,0,0,262.06,676.69,,,,,,,,,,,,,,,,,,,,,,,,,,,,,,,,,,,,,,,,,,,,,,,,,,,,,,,,,
1538,710,57,14.10,72.00,2957,38.8,24.000,9.088,24.27,21.273,54.89,0.99,0.30,-0.76,0.37,1.012,1.02,-1.33,1.118,0.00,0.90,8.454,19.5,15.396,0.673,0.000,900,6.59,4.6,1.91,-2.37,27.8,1,1,0,1,1,1,0,0,0,0,1,0,0,0,0,0,0,0,0,0,1,1,1,1,1,0,0,1,0,0,0,0,1,1,5156.2,0C,1,1,0,1,1,0,1,0,0,338.13,791.19,,,,,,,,,,,,,,,,,,,,,,,,,,,,,,,,,,,,,,,,,,,,,,,,,,,,,,,,,
1539,710,461,14.10,72.00,3050,41.3,23.250,8.915,25.24,23.218,58.36,1.00,0.82,-0.76,0.96,0.946,0.23,9.46,0.322,0.01,0.07,0.194,-42.0,42.579,0.719,84.000,2520,-5.16,1766.7,1.16,-48.07,114.8,0,1,0,0,0,1,0,1,1,1,1,1,0,1,1,0,0,1,0,0,0,0,0,0,0,0,0,1,1,0,1,0,0,0,1074.8,EE,0,1,0,1,0,1,1,1,1,1,1,,,,,,,,,,,,,,,,,,,,,,,,,,,,,,,,,,,,,,,,,,,,,,,,,,,,,,,,,
1540,710,857,14.10,72.00,3180,43.8,13.500,5.120,14.84,0.000,39.54,1.00,0.88,-0.76,1.04,0.878,1.02,-1.33,1.152,0.00,0.90,10.176,19.5,14.015,0.673,0.000,900,6.58,4.6,1.90,-4.71,27.8,1,1,0,1,1,1,0,0,0,0,1,0,0,0,0,0,0,0,1,0,1,1,1,1,1,0,0,1,0,1,0,0,1,1,5156.2,0C,1,1,0,1,1,0,1,0,0,192.50,503.00,,,,,,,,,,,,,,,,,,,,,,,,,,,,,,,,,,,,,,,,,,,,,,,,,,,,,,,,,
1541,711,260,14.10,72.00,3130,43.8,18.000,2.726,10.89,0.000,21.80,1.00,0.82,-0.76,1.04,0.825,1.02,-1.33,1.174,0.00,0.90,10.176,18.8,13.664,0.673,0.000,900,6.58,4.6,1.90,-4.67,27.8,1,1,0,1,1,1,0,0,0,0,1,1,0,0,0,0,0,0,1,0,1,1,1,1,1,0,0,0,0,1,0,1,1,1,5156.2,0C,1,1,0,1,1,0,1,0,0,120.81,351.75,,,,,,,,,,,,,,,,,,,,,,,,,,,,,,,,,,,,,,,,,,,,,,,,,,,,,,,,,
1542,711,657,14.10,72.00,2756,38.8,39.000,0.000,6.54,0.000,10.27,1.00,0.14,-0.76,0.27,1.000,1.02,-1.33,1.166,0.00,0.90,10.176,18.8,0.000,0.673,0.000,900,6.57,4.6,1.90,-4.44,27.8,1,1,0,1,1,1,0,0,0,0,1,1,1,0,0,0,0,0,1,0,0,1,0,1,0,0,1,0,0,1,0,1,1,1,5156.2,0C,1,1,0,1,1,0,1,0,0,63.69,234.19,,,,,,,,,,,,,,,,,,,,,,,,,,,,,,,,,,,,,,,,,,,,,,,,,,,,,,,,,
1543,712,48,14.10,72.00,2348,37.5,-9.750,2.893,4.98,0.000,13.88,1.00,0.12,-0.76,0.25,1.000,1.02,-1.33,1.123,0.00,0.90,0.000,18.8,8.995,0.673,0.000,900,6.81,4.6,1.97,-4.34,27.8,1,1,0,1,1,1,0,0,0,0,1,1,1,0,0,0,0,0,1,0,1,1,0,1,0,0,0,0,0,1,0,1,1,1,5156.3,0C,1,1,0,1,1,0,1,0,0,89.50,250.31,,,,,,,,,,,,,,,,,,,,,,,,,,,,,,,,,,,,,,,,,,,,,,,,,,,,,,,,,
1544,712,438,14.10,72.00,1976,36.3,36.750,1.920,3.76,0.000,12.02,1.00,0.95,-0.76,0.96,0.978,1.02,-1.33,1.117,0.00,0.90,0.000,18.8,9.178,0.673,0.000,900,7.04,4.6,2.04,-3.91,27.8,1,1,0,1,1,1,0,0,0,0,1,1,1,0,0,0,0,0,1,0,1,1,1,1,0,0,0,0,0,1,0,1,1,1,5156.3,0C,1,1,0,1,1,0,1,0,0,69.88,228.69,,,,,,,,,,,,,,,,,,,,,,,,,,,,,,,,,,,,,,,,,,,,,,,,,,,,,,,,,
1545,712,829,14.10,72.00,1801,35.0,37.500,1.613,3.76,0.000,9.84,1.00,0.95,-0.76,1.10,0.960,1.02,-1.33,1.115,0.00,0.90,0.879,18.8,9.865,0.673,0.000,900,7.17,4.6,2.07,-3.44,27.8,1,1,0,1,1,1,0,0,0,0,1,1,1,0,0,0,0,0,1,0,1,1,1,1,0,0,0,0,0,1,0,1,1,1,5156.3,0C,1,1,0,1,1,0,1,0,0,63.81,238.25,,,,,,,,,,,,,,,,,,,,,,,,,,,,,,,,,,,,,,,,,,,,,,,,,,,,,,,,,
1546,715,289,14.00,72.00,977,15.0,4.500,2.925,3.03,0.000,21.12,0.98,0.92,-0.76,1.09,0.918,1.02,-1.33,1.041,0.00,0.90,1.643,19.5,0.000,0.673,0.000,900,7.30,4.6,1.36,-0.04,27.8,1,1,0,1,1,1,0,0,0,0,1,1,0,0,0,0,0,0,1,0,0,1,1,1,1,0,0,0,0,0,0,1,1,1,5156.3,0C,1,1,0,1,1,0,1,0,0,126.69,430.69,,,,,,,,,,,,,,,,,,,,,,,,,,,,,,,,,,,,,,,,,,,,,,,,,,,,,,,,,
1547,715,687,14.00,72.00,966,11.3,4.500,3.277,4.13,0.000,23.09,0.99,0.87,-0.76,1.08,0.902,1.02,-1.33,1.026,0.00,0.90,1.643,20.3,0.000,0.673,0.000,900,7.30,4.6,1.33,2.40,27.8,1,1,0,1,1,1,0,0,0,0,1,1,0,0,0,0,0,0,1,0,0,1,1,1,1,0,0,0,0,0,0,1,1,1,5156.3,0C,1,1,0,1,1,0,1,0,0,142.50,461.56,,,,,,,,,,,,,,,,,,,,,,,,,,,,,,,,,,,,,,,,,,,,,,,,,,,,,,,,,
1548,716,80,14.00,72.00,930,6.3,9.000,3.200,4.42,0.000,23.25,1.00,0.82,-0.76,1.04,0.885,1.02,-1.33,1.024,0.00,0.90,1.361,20.3,0.000,0.673,0.000,900,7.30,4.6,1.26,1.57,27.8,1,1,0,1,1,1,0,0,0,0,1,1,0,0,0,0,0,0,1,0,0,1,1,1,1,0,0,0,0,0,0,1,1,1,5156.3,0C,1,1,0,1,1,0,1,0,0,141.06,460.56,,,,,,,,,,,,,,,,,,,,,,,,,,,,,,,,,,,,,,,,,,,,,,,,,,,,,,,,,
1549,716,479,14.00,72.00,920,2.5,-0.750,3.149,3.56,0.000,23.81,1.00,0.81,-0.76,1.03,0.867,1.02,-1.33,1.020,0.00,0.90,1.361,20.3,0.000,0.673,0.000,900,7.31,4.6,1.24,0.00,27.8,1,1,0,1,1,1,0,0,0,0,1,1,1,0,0,0,0,0,1,0,0,1,1,1,1,0,0,0,0,0,0,1,1,1,5156.3,0C,1,1,0,1,1,0,1,0,0,144.44,469.88,,,,,,,,,,,,,,,,,,,,,,,,,,,,,,,,,,,,,,,,,,,,,,,,,,,,,,,,,
1550,716,867,14.10,72.00,903,0.0,5.250,3.072,3.56,0.000,23.18,1.00,0.29,-0.76,0.98,0.857,1.02,-1.33,1.025,0.00,0.90,1.174,20.3,0.000,0.673,0.000,900,7.31,4.6,1.15,-24.63,115.5,0,1,0,0,0,1,0,1,1,1,1,1,0,1,1,0,0,1,0,0,0,0,0,0,0,0,0,0,0,1,0,0,0,0,9434.0,F0,0,1,0,1,0,1,1,1,1,1,1,,,,,,,,,,,,,,,,,,,,,,,,,,,,,,,,,,,,,,,,,,,,,,,,,,,,,,,,,
1551,717,269,14.10,72.00,902,0.0,7.500,3.200,3.56,0.000,23.34,1.00,0.23,-0.76,0.92,0.899,1.02,-1.33,1.024,0.00,0.90,1.174,20.3,0.000,0.673,0.000,900,7.31,4.6,1.29,0.00,27.8,1,1,0,1,1,1,0,0,0,0,1,0,1,0,0,0,0,0,1,0,0,1,1,1,1,0,0,0,0,0,0,0,1,1,5156.3,0C,1,1,0,1,1,0,1,0,0,142.88,465.00,,,,,,,,,,,,,,,,,,,,,,,,,,,,,,,,,,,,,,,,,,,,,,,,,,,,,,,,,
1552,717,670,14.10,72.00,899,0.0,6.000,3.040,3.56,0.000,23.02,1.00,0.78,-0.76,0.94,0.872,1.02,-1.33,1.026,0.00,0.90,1.174,20.3,0.000,0.673,0.000,900,7.31,4.6,1.27,0.00,27.8,1,1,0,1,1,1,0,0,0,0,1,0,1,0,0,0,0,0,1,0,0,1,1,1,1,0,0,0,0,0,0,0,1,1,5156.3,0C,1,1,0,1,1,0,1,0,0,139.88,463.63,,,,,,,,,,,,,,,,,,,,,,,,,,,,,,,,,,,,,,,,,,,,,,,,,,,,,,,,,
1553,718,67,14.10,72.00,915,0.0,2.250,6.234,10.74,5.843,38.65,1.00,0.21,-0.76,0.87,0.856,1.02,-1.33,1.050,0.00,0.90,1.174,20.3,9.522,0.673,0.000,1300,7.31,4.6,1.28,2.43,27.8,1,1,0,1,1,1,0,0,0,0,1,0,1,0,0,0,0,0,0,0,1,1,1,1,1,0,0,1,0,0,0,0,1,1,5156.3,0C,1,1,0,1,1,0,1,0,0,231.75,682.50,,,,,,,,,,,,,,,,,,,,,,,,,,,,,,,,,,,,,,,,,,,,,,,,,,,,,,,,,
1554,718,470,14.10,72.00,1197,0.0,4.500,2.803,3.08,0.000,24.63,1.00,0.87,-0.76,1.00,0.851,1.02,-1.33,1.040,0.00,0.90,1.174,20.3,9.133,0.673,0.000,900,7.31,4.6,1.39,-0.72,27.8,1,1,0,1,1,1,0,0,0,0,1,0,1,0,0,0,0,0,1,0,1,1,1,1,1,0,0,0,0,0,0,0,1,1,5156.3,0C,1,1,0,1,1,0,1,0,0,152.19,474.44,,,,,,,,,,,,,,,,,,,,,,,,,,,,,,,,,,,,,,,,,,,,,,,,,,,,,,,,,
1555,718,887,14.00,72.00,1137,0.0,9.000,2.592,3.44,0.000,19.17,1.00,0.16,-0.76,0.25,0.882,1.02,-1.33,1.051,0.00,0.90,1.079,20.3,0.000,0.673,0.000,900,7.31,4.6,1.53,-0.50,27.8,1,1,0,1,1,1,0,0,0,0,1,0,1,0,0,0,0,0,1,0,0,1,1,1,1,0,0,0,0,0,0,0,1,1,5156.3,0C,1,1,0,1,1,0,1,0,0,116.50,403.31,,,,,,,,,,,,,,,,,,,,,,,,,,,,,,,,,,,,,,,,,,,,,,,,,,,,,,,,,
1556,719,290,14.10,72.00,1196,0.0,21.000,5.408,10.45,10.718,33.61,1.00,0.18,-0.76,0.26,0.901,1.02,-1.33,1.050,0.00,0.90,1.079,20.3,9.178,0.673,0.000,1300,7.31,4.6,1.57,0.00,27.8,1,1,0,1,1,1,0,0,0,0,1,0,1,0,0,0,0,0,0,0,1,1,1,1,1,0,0,1,0,0,0,0,1,1,5156.3,0C,1,1,0,1,1,0,1,0,0,195.75,569.69,,,,,,,,,,,,,,,,,,,,,,,,,,,,,,,,,,,,,,,,,,,,,,,,,,,,,,,,,
1557,719,690,14.10,72.00,1726,0.0,15.000,4.416,9.79,10.718,32.72,1.00,0.83,-0.76,0.98,0.869,1.02,-1.33,1.109,0.00,0.90,1.079,20.3,9.865,0.673,0.000,1500,7.17,4.6,1.54,-1.22,27.8,1,1,0,1,1,1,0,0,0,0,1,0,1,0,0,0,0,0,0,0,1,1,1,1,1,0,0,1,0,0,0,0,1,1,5156.3,0C,1,1,0,1,1,0,1,0,0,204.19,580.13,,,,,,,,,,,,,,,,,,,,,,,,,,,,,,,,,,,,,,,,,,,,,,,,,,,,,,,,,
1558,720,77,14.10,72.00,1680,1.3,9.000,5.485,10.94,10.718,37.29,1.00,0.76,-0.76,0.53,0.901,1.02,-1.33,1.095,0.00,0.90,3.298,20.3,10.559,0.673,0.000,1500,7.26,4.6,1.56,-0.84,27.8,1,1,0,1,1,1,0,0,0,0,1,0,1,0,0,0,0,0,0,0,1,1,1,1,1,0,0,1,0,0,0,0,1,1,5156.3,0C,1,1,0,1,1,0,1,0,0,229.81,629.94,,,,,,,,,,,,,,,,,,,,,,,,,,,,,,,,,,,,,,,,,,,,,,,,,,,,,,,,,
1559,720,469,14.10,72.00,1595,3.8,6.750,5.574,10.89,10.718,40.27,1.00,0.88,-0.76,1.00,0.865,1.02,-1.33,1.087,0.00,0.90,3.298,20.3,11.246,0.673,0.000,1500,7.31,4.6,1.57,-0.39,27.8,1,1,0,1,1,1,0,0,0,0,1,0,1,0,0,0,0,0,0,0,1,1,1,1,1,0,0,1,0,0,0,0,1,1,5156.3,0C,1,1,0,1,1,0,1,0,0,246.69,653.69,,,,,,,,,,,,,,,,,,,,,,,,,,,,,,,,,,,,,,,,,,,,,,,,,,,,,,,,,
1560,720,861,14.10,72.00,1511,6.3,6.000,5.805,11.67,10.718,42.38,1.00,0.22,-0.76,0.80,0.860,1.02,-1.33,1.086,0.00,0.90,3.704,20.3,12.284,0.673,0.000,1500,7.31,4.6,1.57,0.00,27.8,1,1,0,1,1,1,0,0,0,0,1,0,1,0,0,0,0,0,0,0,1,1,1,1,1,0,0,1,0,0,0,0,1,1,5156.3,0C,1,1,0,1,1,0,1,0,0,257.56,679.31,,,,,,,,,,,,,,,,,,,,,,,,,,,,,,,,,,,,,,,,,,,,,,,,,,,,,,,,,
1561,721,243,14.10,72.00,1484,7.5,5.250,6.362,11.96,10.718,44.88,1.00,0.57,-0.76,0.36,0.887,1.02,-1.33,1.098,0.00,0.90,3.704,20.3,13.321,0.673,0.000,1500,7.31,4.6,1.57,0.00,27.8,1,1,0,1,1,1,0,0,0,0,1,0,1,0,0,0,0,0,0,0,1,1,1,1,1,0,0,1,0,0,0,0,1,1,5156.3,0C,1,1,0,1,1,0,1,0,0,273.94,716.94,,,,,,,,,,,,,,,,,,,,,,,,,,,,,,,,,,,,,,,,,,,,,,,,,,,,,,,,,
1562,721,620,14.10,72.00,1504,10.0,4.500,6.163,11.67,10.961,44.27,1.00,0.31,-0.76,0.88,0.885,1.02,-1.33,1.096,0.00,0.90,3.704,20.3,13.664,0.673,0.000,1500,7.31,4.6,1.57,0.00,27.8,1,1,0,1,1,1,0,0,0,0,1,0,1,0,0,0,0,0,0,0,1,1,1,1,1,0,0,1,0,0,0,0,1,1,5156.3,0C,1,1,0,1,1,0,1,0,0,268.88,704.06,,,,,,,,,,,,,,,,,,,,,,,,,,,,,,,,,,,,,,,,,,,,,,,,,,,,,,,,,
1563,722,29,14.10,72.00,1723,12.5,27.000,4.589,11.30,13.475,35.74,1.00,0.20,-0.76,0.92,0.870,1.02,-1.33,1.106,0.00,0.90,3.889,20.3,13.321,0.673,0.000,1500,7.19,4.6,1.54,-1.14,27.8,1,1,0,1,1,1,0,0,0,0,1,0,1,0,0,0,0,0,0,0,1,1,1,1,1,0,0,1,0,0,0,0,1,1,5156.3,0C,1,1,0,1,1,0,1,0,0,211.69,619.38,,,,,,,,,,,,,,,,,,,,,,,,,,,,,,,,,,,,,,,,,,,,,,,,,,,,,,,,,
1564,722,423,14.10,72.00,1986,13.8,15.000,6.170,13.55,16.077,42.00,1.00,0.20,-0.76,0.27,0.909,1.02,-1.33,1.131,0.00,0.90,3.889,20.3,14.015,0.673,0.000,1500,7.01,4.6,1.50,-2.09,27.8,1,1,0,1,1,1,0,0,0,0,1,0,1,0,0,0,0,0,0,0,1,1,1,1,1,0,0,1,0,0,0,0,1,1,5156.3,0C,1,1,0,1,1,0,1,0,0,265.13,638.19,,,,,,,,,,,,,,,,,,,,,,,,,,,,,,,,,,,,,,,,,,,,,,,,,,,,,,,,,
1565,722,810,14.10,72.00,2325,16.3,24.750,6.643,17.33,20.296,47.09,1.00,0.94,-0.76,1.03,0.853,1.02,-1.33,1.154,0.00,0.90,6.770,19.5,15.396,0.673,0.000,1500,6.79,4.6,1.45,-2.44,27.8,1,1,0,1,1,1,0,0,0,0,1,0,0,0,0,0,0,0,0,0,1,1,1,1,1,0,0,1,0,0,0,0,1,1,5156.3,0C,1,1,0,1,1,0,1,0,0,290.63,718.06,,,,,,,,,,,,,,,,,,,,,,,,,,,,,,,,,,,,,,,,,,,,,,,,,,,,,,,,,
1566,723,219,14.10,72.00,2705,20.0,24.750,7.309,22.44,21.593,50.48,1.00,0.17,-0.76,0.26,0.882,1.02,-1.33,1.137,0.00,0.90,6.770,19.5,17.815,0.673,0.000,1500,6.59,4.6,1.41,-2.37,27.8,1,1,0,1,1,1,0,0,0,0,1,0,0,0,0,0,0,0,0,0,1,1,1,1,1,0,0,1,0,0,0,0,1,1,5156.3,0C,1,1,0,1,1,0,1,0,0,311.06,769.56,,,,,,,,,,,,,,,,,,,,,,,,,,,,,,,,,,,,,,,,,,,,,,,,,,,,,,,,,
1567,723,629,14.10,72.00,3144,22.5,20.250,6.458,16.77,0.000,44.65,1.00,0.21,-0.76,0.27,0.946,1.02,-1.33,1.145,0.00,0.90,6.770,19.5,16.777,0.673,0.000,1400,6.58,4.6,1.41,-4.36,27.8,1,1,0,1,1,1,0,0,0,0,1,0,0,0,0,0,0,0,1,0,1,1,1,1,1,0,0,1,0,1,0,0,1,1,5156.3,0C,1,1,0,1,1,0,1,0,0,247.25,600.38,,,,,,,,,,,,,,,,,,,,,,,,,,,,,,,,,,,,,,,,,,,,,,,,,,,,,,,,,
1568,724,30,14.10,72.00,3025,23.8,39.000,1.408,6.37,0.000,11.18,1.00,0.18,-0.76,0.84,0.885,1.02,-1.33,1.166,0.00,0.90,5.870,19.5,15.740,0.673,0.000,1000,6.58,4.6,1.41,-4.49,27.8,1,1,0,1,1,1,0,0,0,0,1,0,1,0,0,0,0,0,1,0,1,1,1,1,1,0,0,0,0,1,0,0,1,1,5156.3,0C,1,1,0,1,1,0,1,0,0,66.19,239.50,,,,,,,,,,,,,,,,,,,,,,,,,,,,,,,,,,,,,,,,,,,,,,,,,,,,,,,,,
1569,724,411,14.10,72.00,2649,23.8,39.000,1.664,6.13,0.000,11.37,1.00,0.14,-0.76,0.24,0.938,1.02,-1.33,1.156,0.00,0.90,5.870,18.8,16.777,0.673,0.000,900,6.62,4.6,1.42,-4.41,27.8,1,1,0,1,1,1,0,0,0,0,1,0,1,0,0,0,0,0,1,0,1,1,1,1,1,0,0,0,0,1,0,0,1,1,5156.3,0C,1,1,0,1,1,0,1,0,0,71.56,237.69,,,,,,,,,,,,,,,,,,,,,,,,,,,,,,,,,,,,,,,,,,,,,,,,,,,,,,,,,
1570,724,812,14.10,72.00,2536,23.8,31.500,5.312,14.28,13.234,32.67,1.00,0.87,-0.76,0.67,0.941,1.02,-1.33,1.165,0.00,0.90,5.760,18.8,17.815,0.673,0.000,900,6.67,4.6,1.43,-2.39,27.8,1,1,0,1,1,1,0,0,0,0,1,0,1,0,0,0,0,0,0,0,1,1,1,1,1,0,0,0,0,0,0,0,1,1,5156.3,0C,1,1,0,1,1,0,1,0,0,204.94,549.63,,,,,,,,,,,,,,,,,,,,,,,,,,,,,,,,,,,,,,,,,,,,,,,,,,,,,,,,,
1571,725,211,14.10,72.00,2372,26.3,27.750,6.112,13.75,14.289,40.92,1.00,0.89,-0.76,0.98,0.891,1.02,-1.33,1.155,0.00,0.90,5.760,18.8,18.509,0.673,0.000,900,6.79,4.6,1.46,-2.44,27.8,1,1,0,1,1,1,0,0,0,0,1,0,1,0,0,0,0,0,0,0,1,1,1,1,1,0,0,1,0,0,0,0,1,1,5156.3,0C,1,1,0,1,1,0,1,0,0,252.19,608.25,,,,,,,,,,,,,,,,,,,,,,,,,,,,,,,,,,,,,,,,,,,,,,,,,,,,,,,,,
1572,725,591,14.10,72.75,2066,27.5,26.250,6.054,13.67,18.187,42.98,1.00,0.90,-0.76,1.05,0.845,1.02,-1.33,1.137,0.00,0.90,5.760,18.8,19.547,0.673,0.000,900,6.96,4.6,1.49,-2.50,27.8,1,1,0,1,1,1,0,0,0,0,1,0,1,0,0,0,0,0,0,0,1,1,1,1,1,0,0,1,0,0,0,0,1,1,5156.3,0C,1,1,0,1,1,0,1,0,0,261.00,628.00,,,,,,,,,,,,,,,,,,,,,,,,,,,,,,,,,,,,,,,,,,,,,,,,,,,,,,,,,
1573,725,980,14.10,72.75,2158,28.8,25.500,5.722,13.87,18.428,43.31,1.00,0.91,-0.76,1.05,0.798,1.02,-1.33,1.141,0.00,0.90,5.283,18.8,20.233,0.673,0.000,900,6.90,4.6,1.48,-2.48,27.8,1,1,0,1,1,1,0,0,0,0,1,0,1,0,0,0,0,0,0,0,1,1,1,1,1,0,0,1,0,0,0,0,1,1,5156.3,0C,1,1,0,1,1,0,1,0,0,266.69,638.63,,,,,,,,,,,,,,,,,,,,,,,,,,,,,,,,,,,,,,,,,,,,,,,,,,,,,,,,,
1574,726,360,14.10,72.75,2268,30.0,25.500,5.805,14.97,19.484,45.09,1.00,0.85,-0.76,1.03,0.748,1.02,-1.33,1.155,0.00,0.90,5.283,18.8,21.271,0.673,0.000,900,6.83,4.6,1.46,-2.45,27.8,1,1,0,1,1,1,0,0,0,0,1,0,0,0,0,0,0,0,0,0,1,1,1,1,1,0,0,1,0,0,0,0,1,1,5156.3,0C,1,1,0,1,1,0,1,0,0,275.50,655.13,,,,,,,,,,,,,,,,,,,,,,,,,,,,,,,,,,,,,,,,,,,,,,,,,,,,,,,,,
1575,726,750,14.10,72.75,2350,31.3,26.250,5.805,15.75,19.648,44.88,1.00,0.20,-0.76,0.58,0.757,1.02,-1.33,1.157,0.00,0.90,5.283,18.8,21.965,0.673,0.000,900,6.78,4.6,1.45,-2.43,27.8,1,1,0,1,1,1,0,0,0,0,1,0,0,0,0,0,0,0,0,0,1,1,1,1,1,0,0,1,0,0,0,0,1,1,5156.3,0C,1,1,0,1,1,0,1,0,0,272.31,670.19,,,,,,,,,,,,,,,,,,,,,,,,,,,,,,,,,,,,,,,,,,,,,,,,,,,,,,,,,
1576,727,163,14.10,72.75,2473,33.8,26.250,5.901,16.77,19.648,43.95,1.00,0.18,-0.76,0.28,0.809,1.02,-1.33,1.160,0.00,0.90,5.870,18.8,22.652,0.673,0.000,900,6.70,4.6,1.43,-2.40,27.8,1,1,0,1,1,1,0,0,0,0,1,0,0,0,0,0,0,0,0,0,1,1,1,1,1,0,0,1,0,0,0,0,1,1,5156.3,0C,1,1,0,1,1,0,1,0,0,269.50,679.56,,,,,,,,,,,,,,,,,,,,,,,,,,,,,,,,,,,,,,,,,,,,,,,,,,,,,,,,,
1577,727,549,14.10,72.75,2589,35.0,27.000,6.214,18.36,19.484,44.51,1.00,0.17,-0.76,0.27,0.864,1.02,-1.33,1.162,0.00,0.90,5.870,18.8,24.033,0.673,0.000,900,6.63,4.6,1.42,-2.38,27.8,1,1,0,1,1,1,0,0,0,0,1,0,0,0,0,0,0,0,0,0,1,1,1,1,1,0,0,1,0,0,0,0,1,1,5156.3,0C,1,1,0,1,1,0,1,0,0,273.06,704.13,,,,,,,,,,,,,,,,,,,,,,,,,,,,,,,,,,,,,,,,,,,,,,,,,,,,,,,,,
1578,727,941,14.10,72.75,2708,36.3,26.250,6.560,19.58,18.671,44.88,1.00,0.17,-0.76,0.27,0.921,1.02,-1.33,1.161,0.00,0.90,7.043,18.8,25.071,0.673,0.000,900,6.57,4.6,1.41,-2.36,27.8,1,1,0,1,1,1,0,0,0,0,1,0,0,0,0,0,0,0,0,0,1,1,1,1,1,0,0,1,0,0,0,0,1,1,5156.3,0C,1,1,0,1,1,0,1,0,0,262.94,681.81,,,,,,,,,,,,,,,,,,,,,,,,,,,,,,,,,,,,,,,,,,,,,,,,,,,,,,,,,
1579,728,338,14.10,72.75,2828,37.5,30.750,4.749,14.60,12.178,32.53,1.00,0.17,-0.76,0.27,0.976,1.02,-1.33,1.169,0.00,0.90,7.043,18.8,22.652,0.673,0.000,900,6.57,4.6,1.41,-2.36,27.8,1,1,0,1,1,1,0,0,0,0,1,0,0,0,0,0,0,0,0,0,1,1,1,1,1,0,0,1,0,0,0,0,1,1,5156.3,0C,1,1,0,1,1,0,1,0,0,182.38,507.31,,,,,,,,,,,,,,,,,,,,,,,,,,,,,,,,,,,,,,,,,,,,,,,,,,,,,,,,,
1580,728,721,14.10,72.75,2861,38.8,33.000,3.475,11.43,0.000,23.60,1.00,0.17,-0.76,0.27,1.025,1.02,-1.33,1.174,0.00,0.90,7.043,18.8,23.003,0.673,0.000,900,6.57,4.6,1.41,-4.51,27.8,1,1,0,1,1,1,0,0,0,0,1,0,0,0,0,0,0,0,1,0,1,1,1,1,1,0,0,0,0,1,0,0,1,1,5156.3,0C,1,1,0,1,1,0,1,1,1,1,1,,,,,,,,,,,,,,,,,,,,,,,,,,,,,,,,,,,,,,,,,,,,,,,,,,,,,,,,,
1581,729,121,14.10,72.75,2895,38.8,36.000,2.726,9.55,0.000,16.97,1.00,0.17,-0.76,0.27,1.068,1.02,-1.33,1.166,0.00,0.90,4.227,18.8,24.033,0.673,0.000,900,6.57,4.6,1.41,-4.53,27.8,1,1,0,1,1,1,0,0,0,0,1,0,0,0,0,0,0,0,1,0,1,1,1,1,1,0,0,0,0,1,0,0,1,1,5156.3,0C,1,1,0,1,1,0,1,0,0,99.25,316.69,,,,,,,,,,,,,,,,,,,,,,,,,,,,,,,,,,,,,,,,,,,,,,,,,,,,,,,,,
1582,729,501,14.10,72.75,2903,40.0,38.250,2.240,8.08,0.000,13.15,1.00,0.18,-0.76,0.28,1.104,1.02,-1.33,1.166,0.00,0.90,4.227,18.8,25.422,0.673,0.000,900,6.56,4.6,1.41,-4.54,27.8,1,1,0,1,1,1,0,0,0,0,1,0,0,0,0,0,0,0,1,0,1,1,1,1,1,0,0,0,0,1,0,0,1,1,5156.3,0C,1,1,0,1,1,0,1,0,0,77.88,268.06,,,,,,,,,,,,,,,,,,,,,,,,,,,,,,,,,,,,,,,,,,,,,,,,,,,,,,,,,
1583,729,917,14.10,72.75,2851,38.8,39.000,1.856,6.45,0.000,10.36,1.00,0.17,-0.76,0.28,1.138,1.02,-1.33,1.166,0.00,0.90,2.113,18.8,26.802,0.673,0.000,900,6.56,4.6,1.41,-4.50,27.8,1,1,0,1,1,1,0,0,0,0,1,0,0,0,0,0,0,0,1,0,1,1,1,1,1,0,0,0,0,1,0,0,1,1,5156.3,0C,1,1,0,1,1,0,1,0,0,61.50,228.44,,,,,,,,,,,,,,,,,,,,,,,,,,,,,,,,,,,,,,,,,,,,,,,,,,,,,,,,,
1584,730,342,14.10,72.75,2832,38.8,20.250,1.798,6.54,0.000,9.54,1.00,0.17,-0.76,0.27,1.170,1.02,-1.33,1.166,0.00,0.90,2.113,18.8,29.221,0.673,0.000,900,6.56,4.6,1.41,-4.50,27.8,1,1,0,1,1,1,0,0,0,0,1,0,0,0,0,0,0,0,1,0,1,1,1,1,0,0,0,0,0,1,0,0,1,1,5156.3,0C,1,1,0,1,1,0,1,0,0,57.69,219.06,,,,,,,,,,,,,,,,,,,,,,,,,,,,,,,,,,,,,,,,,,,,,,,,,,,,,,,,,
1585,730,731,14.10,72.75,2789,37.5,0.750,1.862,6.45,0.000,9.68,1.00,0.16,-0.76,0.26,1.202,1.02,-1.33,1.166,0.00,0.90,2.113,18.8,31.296,0.673,0.000,900,6.57,4.6,1.41,-4.47,27.8,1,1,0,1,1,1,0,0,0,0,1,0,0,0,0,0,0,0,1,0,1,1,1,1,0,0,0,0,0,1,0,0,1,1,5156.3,0C,1,1,0,1,1,0,1,0,0,58.69,222.19,,,,,,,,,,,,,,,,,,,,,,,,,,,,,,,,,,,,,,,,,,,,,,,,,,,,,,,,,
1586,731,130,14.10,72.75,2729,37.5,-10.500,0.000,6.49,0.000,10.34,1.00,0.14,-0.76,0.25,1.000,1.02,-1.33,1.166,0.00,0.90,2.113,18.8,0.000,0.673,0.000,900,6.57,4.6,1.41,-4.43,27.8,1,1,0,1,1,1,0,0,0,0,1,0,0,0,0,0,0,0,1,0,0,1,0,1,0,0,1,0,0,1,0,1,1,1,5156.3,0C,1,1,0,1,1,0,1,0,0,66.13,239.31,,,,,,,,,,,,,,,,,,,,,,,,,,,,,,,,,,,,,,,,,,,,,,,,,,,,,,,,,
1587,731,521,14.10,72.75,2584,35.0,-14.250,0.000,5.83,0.000,12.05,1.00,0.12,-0.76,0.23,1.000,1.02,-1.33,1.151,0.00,0.90,2.113,18.8,0.000,0.673,0.000,900,6.65,4.6,1.43,-4.40,27.8,1,1,0,1,1,1,0,0,0,0,1,1,0,0,0,0,0,0,1,0,0,1,0,1,0,0,1,0,0,1,0,1,1,1,5156.3,0C,1,1,0,1,1,0,1,0,0,73.94,240.00,,,,,,,,,,,,,,,,,,,,,,,,,,,,,,,,,,,,,,,,,,,,,,,,,,,,,,,,,
1588,731,900,14.10,72.75,2400,32.5,-14.250,0.000,5.15,0.000,12.63,1.00,0.11,-0.76,0.22,1.000,1.02,-1.33,1.133,0.00,0.90,0.000,18.8,0.000,0.673,0.000,900,6.77,4.6,1.45,-4.36,27.8,1,1,0,1,1,1,0,0,0,0,1,1,0,0,0,0,0,0,1,0,0,1,0,1,0,0,1,0,0,1,0,1,1,1,5156.3,0C,1,1,0,1,1,0,1,0,0,78.00,234.25,,,,,,,,,,,,,,,,,,,,,,,,,,,,,,,,,,,,,,,,,,,,,,,,,,,,,,,,,
1589,732,310,14.10,72.75,2235,30.0,-14.250,0.000,4.49,0.000,13.15,1.00,0.12,-0.76,0.23,1.000,1.02,-1.33,1.123,0.00,0.90,0.000,19.5,0.000,0.673,0.000,900,6.87,4.6,1.47,-4.33,27.8,1,1,0,1,1,1,0,0,0,0,1,1,0,0,0,0,0,0,1,0,0,1,0,1,0,0,1,0,0,1,0,1,1,1,5156.3,0C,1,1,0,1,1,0,1,0,0,80.56,233.81,,,,,,,,,,,,,,,,,,,,,,,,,,,,,,,,,,,,,,,,,,,,,,,,,,,,,,,,,
1590,732,719,14.00,72.75,2069,28.8,-14.250,0.000,4.05,0.000,12.77,1.00,0.12,-0.76,0.23,1.000,1.02,-1.33,1.118,0.00,0.90,0.000,19.5,0.000,0.673,0.000,900,6.98,4.6,1.50,-4.20,27.8,1,1,0,1,1,1,0,0,0,0,1,1,0,0,0,0,0,0,1,0,0,1,0,1,0,0,1,0,0,1,0,1,1,1,5156.3,0C,1,1,0,1,1,0,1,0,0,77.56,228.31,,,,,,,,,,,,,,,,,,,,,,,,,,,,,,,,,,,,,,,,,,,,,,,,,,,,,,,,,
1591,733,99,14.10,72.75,1909,26.3,-12.750,0.000,3.76,0.000,10.95,1.00,0.12,-0.76,0.23,1.000,1.02,-1.33,1.116,0.00,0.90,0.000,19.5,0.000,0.673,0.000,900,7.10,4.6,1.52,-3.78,27.8,1,1,0,1,1,1,0,0,0,0,1,1,0,0,0,0,0,0,1,0,0,1,0,1,0,0,1,0,0,1,0,1,1,1,5156.3,0C,1,1,0,1,1,0,1,0,0,66.81,232.25,,,,,,,,,,,,,,,,,,,,,,,,,,,,,,,,,,,,,,,,,,,,,,,,,,,,,,,,,
1592,733,497,14.00,72.75,1819,25.0,-11.250,0.000,3.76,0.000,10.48,1.00,0.12,-0.76,0.23,1.000,1.02,-1.33,1.116,0.00,0.90,0.000,19.5,0.000,0.673,0.000,900,7.15,4.6,1.53,-3.56,27.8,1,1,0,1,1,1,0,0,0,0,1,1,0,0,0,0,0,0,1,0,0,1,0,1,0,0,1,0,0,1,0,1,1,1,5156.3,0C,1,1,0,1,1,0,1,0,0,64.50,238.50,,,,,,,,,,,,,,,,,,,,,,,,,,,,,,,,,,,,,,,,,,,,,,,,,,,,,,,,,
1593,733,899,14.00,72.75,1749,23.8,-12.750,0.000,3.81,0.000,10.88,1.00,0.12,-0.76,0.23,1.000,1.02,-1.33,1.115,0.00,0.90,0.000,20.3,0.000,0.673,0.000,900,7.20,4.6,1.54,-3.38,27.8,1,1,0,1,1,1,0,0,0,0,1,0,0,0,0,0,0,0,1,0,0,1,0,1,0,0,1,0,0,1,0,0,1,1,5156.3,0C,1,1,0,1,1,0,1,0,0,68.19,248.69,,,,,,,,,,,,,,,,,,,,,,,,,,,,,,,,,,,,,,,,,,,,,,,,,,,,,,,,,
1594,734,288,14.10,72.75,1681,22.5,4.500,2.150,3.81,11.444,11.32,0.97,0.13,-0.76,0.23,1.000,1.02,-1.33,1.114,0.00,0.90,0.000,20.3,8.995,0.673,0.000,900,7.26,4.6,1.55,-2.61,27.8,1,1,0,1,1,1,0,0,0,0,1,0,0,0,0,0,0,0,0,0,1,1,0,1,0,0,0,0,0,1,0,0,1,1,5156.3,0C,1,1,0,1,1,0,1,0,0,71.19,255.38,,,,,,,,,,,,,,,,,,,,,,,,,,,,,,,,,,,,,,,,,,,,,,,,,,,,,,,,,
1595,734,669,14.10,72.75,1665,21.3,15.000,3.475,7.96,14.617,20.30,0.97,0.88,-0.76,0.40,0.989,1.02,-1.33,1.093,0.00,0.90,0.000,20.3,9.178,0.673,0.000,900,7.26,4.6,1.56,-2.61,27.8,1,1,0,1,1,1,0,0,0,0,1,0,0,0,0,0,0,0,0,0,1,1,1,1,0,0,0,0,0,1,0,0,1,1,5156.3,0C,1,1,0,1,1,0,1,0,0,126.00,378.50,,,,,,,,,,,,,,,,,,,,,,,,,,,,,,,,,,,,,,,,,,,,,,,,,,,,,,,,,
1596,735,67,14.10,72.75,1683,22.5,15.750,5.990,11.84,15.100,34.99,0.96,0.96,-0.76,1.07,0.960,1.02,-1.33,1.097,0.00,0.90,2.543,20.3,9.865,0.673,0.000,900,7.24,4.6,1.55,-2.60,27.8,1,1,0,1,1,1,0,0,0,0,1,0,0,0,0,0,0,0,0,0,1,1,1,1,1,0,0,1,0,0,0,0,1,1,5156.3,0C,1,1,0,1,1,0,1,0,0,212.56,593.63,,,,,,,,,,,,,,,,,,,,,,,,,,,,,,,,,,,,,,,,,,,,,,,,,,,,,,,,,
1597,735,449,14.10,73.50,1771,23.8,23.250,6.560,13.79,17.374,43.10,0.97,0.88,-0.76,1.07,0.919,1.02,-1.33,1.110,0.00,0.90,2.543,20.3,11.246,0.673,0.000,900,7.18,4.6,1.54,-2.58,27.8,1,1,0,1,1,1,0,0,0,0,1,0,0,0,0,0,0,0,0,0,1,1,1,1,1,0,0,1,0,0,0,0,1,1,5156.3,0C,1,1,0,1,1,0,1,0,0,262.19,718.81,,,,,,,,,,,,,,,,,,,,,,,,,,,,,,,,,,,,,,,,,,,,,,,,,,,,,,,,,
1598,735,832,14.10,73.50,1887,25.0,23.250,7.194,15.55,19.648,46.62,0.98,0.35,-0.76,0.70,0.941,1.02,-1.33,1.119,0.00,0.90,6.104,20.3,11.940,0.673,0.000,900,7.10,4.6,1.52,-2.55,27.8,1,1,0,1,1,1,0,0,0,0,1,0,0,0,0,0,0,0,0,0,0,0,0,0,0,0,0,1,0,0,1,0,0,0,1202.2,8A,0,1,0,1,0,1,1,1,1,1,1,,,,,,,,,,,,,,,,,,,,,,,,,,,,,,,,,,,,,,,,,,,,,,,,,,,,,,,,,
1599,736,224,14.10,73.50,2057,27.5,19.500,8.614,18.97,23.381,58.57,0.98,0.90,-0.76,1.04,0.877,1.02,-1.33,1.120,0.00,0.90,6.104,20.3,15.396,0.673,0.000,900,6.99,4.6,1.50,-2.51,27.8,1,1,0,1,1,1,0,0,0,0,1,0,0,0,0,0,0,0,0,0,1,1,1,1,1,0,0,1,0,0,0,0,1,1,5156.3,0C,1,1,0,1,1,0,1,0,0,354.19,817.75,,,,,,,,,,,,,,,,,,,,,,,,,,,,,,,,,,,,,,,,,,,,,,,,,,,,,,,,,
1600,736,619,14.10,73.50,2163,28.8,21.000,7.680,18.12,23.218,55.57,0.99,0.91,-0.76,1.08,0.826,1.02,-1.33,1.125,0.00,0.90,6.104,20.3,14.702,0.673,0.000,900,6.92,4.6,1.48,-2.48,27.8,1,1,0,1,1,1,0,0,0,0,1,0,0,0,0,0,0,0,0,0,1,1,1,1,1,0,0,1,0,0,0,0,1,1,5156.3,0C,1,1,0,1,1,0,1,0,0,337.19,778.63,,,,,,,,,,,,,,,,,,,,,,,,,,,,,,,,,,,,,,,,,,,,,,,,,,,,,,,,,
1601,737,37,14.10,73.50,2304,31.3,22.500,7.405,19.17,23.381,55.45,1.00,0.89,-0.76,1.07,0.773,1.02,-1.33,1.128,0.00,0.90,7.043,20.3,15.396,0.673,0.000,900,6.83,4.6,1.46,-2.45,27.8,1,1,0,1,1,1,0,0,0,0,1,0,0,0,0,0,0,0,0,0,1,1,1,1,1,0,0,1,0,0,0,0,1,1,5156.3,0C,1,1,0,1,1,0,1,0,0,332.00,786.75,,,,,,,,,,,,,,,,,,,,,,,,,,,,,,,,,,,,,,,,,,,,,,,,,,,,,,,,,
1602,737,463,14.10,73.50,2450,32.5,24.750,5.843,15.55,16.968,45.70,1.00,0.19,-0.76,0.31,0.792,1.02,-1.33,1.156,0.00,0.90,7.043,19.5,14.702,0.673,0.000,900,6.73,4.6,1.44,-2.42,27.8,1,1,0,1,1,1,0,0,0,0,1,0,0,0,0,0,0,0,0,0,1,1,1,1,1,0,0,1,0,0,0,0,1,1,5156.3,0C,1,1,0,1,1,0,1,0,0,256.00,645.81,,,,,,,,,,,,,,,,,,,,,,,,,,,,,,,,,,,,,,,,,,,,,,,,,,,,,,,,,
1603,737,849,14.10,73.50,2507,33.8,32.250,2.726,9.18,0.000,23.30,1.00,0.17,-0.76,0.28,0.839,1.02,-1.33,1.157,0.00,0.90,3.201,19.5,13.321,0.673,0.000,900,6.70,4.6,1.43,-4.39,27.8,1,1,0,1,1,1,0,0,0,0,1,0,0,0,0,0,0,0,1,0,1,1,1,1,1,0,0,0,0,1,0,0,1,1,5156.3,0C,1,1,0,1,1,0,1,0,0,129.00,371.69,,,,,,,,,,,,,,,,,,,,,,,,,,,,,,,,,,,,,,,,,,,,,,,,,,,,,,,,,
1604,738,275,14.10,73.50,2526,33.8,36.000,2.272,8.33,0.000,17.25,1.00,0.16,-0.76,0.27,0.874,1.02,-1.33,1.149,0.00,0.90,3.201,19.5,14.015,0.673,0.000,900,6.68,4.6,1.43,-4.39,27.8,1,1,0,1,1,1,0,0,0,0,1,0,0,0,0,0,0,0,1,0,1,1,1,1,1,0,0,0,0,1,0,0,1,1,5156.3,0C,1,1,0,1,1,0,1,0,0,105.56,319.19,,,,,,,,,,,,,,,,,,,,,,,,,,,,,,,,,,,,,,,,,,,,,,,,,,,,,,,,,
1605,738,678,14.10,73.50,2486,33.8,13.500,2.349,7.40,0.000,16.52,1.00,0.17,-0.76,0.28,0.917,1.02,-1.33,1.144,0.00,0.90,3.201,19.5,14.702,0.673,0.000,900,6.71,4.6,1.44,-4.38,27.8,1,1,0,1,1,1,0,0,0,0,1,0,0,0,0,0,0,0,1,0,1,1,1,1,1,0,0,0,0,1,0,0,1,1,5156.3,0C,1,1,0,1,1,0,1,0,0,101.50,304.13,,,,,,,,,,,,,,,,,,,,,,,,,,,,,,,,,,,,,,,,,,,,,,,,,,,,,,,,,
1606,739,77,14.10,73.50,2512,33.8,36.750,2.118,6.93,0.000,14.25,1.00,0.19,-0.76,0.32,0.949,1.02,-1.33,1.147,0.00,0.90,2.348,18.8,15.740,0.673,0.000,900,6.68,4.6,1.43,-4.39,27.8,1,1,0,1,1,1,0,0,0,0,1,0,0,0,0,0,0,0,1,0,1,1,1,1,1,0,0,0,0,1,0,0,1,1,5156.3,0C,1,1,0,1,1,0,1,0,0,87.63,271.38,,,,,,,,,,,,,,,,,,,,,,,,,,,,,,,,,,,,,,,,,,,,,,,,,,,,,,,,,
1607,739,460,14.10,73.50,2421,32.5,38.250,1.760,4.91,0.000,11.95,1.00,0.88,-0.76,0.91,0.942,1.02,-1.33,1.141,0.00,0.90,2.348,18.8,16.777,0.673,0.000,900,6.74,4.6,1.44,-4.37,27.8,1,1,0,1,1,1,0,0,0,0,1,0,0,0,0,0,0,0,1,0,1,1,1,1,1,0,0,0,0,1,0,0,1,1,5156.3,0C,1,1,0,1,1,0,1,0,0,70.81,227.06,,,,,,,,,,,,,,,,,,,,,,,,,,,,,,,,,,,,,,,,,,,,,,,,,,,,,,,,,
1608,739,847,14.10,73.50,2378,32.5,14.250,1.779,4.98,0.000,11.91,1.00,0.80,-0.76,0.96,0.922,1.02,-1.33,1.134,0.00,0.90,1.466,18.8,17.815,0.673,0.000,900,6.78,4.6,1.45,-4.36,27.8,1,1,0,1,1,1,0,0,0,0,1,0,0,0,0,0,0,0,1,0,1,1,1,1,1,0,0,0,0,1,0,0,1,1,5156.3,0C,1,1,0,1,1,0,1,0,0,71.38,222.38,,,,,,,,,,,,,,,,,,,,,,,,,,,,,,,,,,,,,,,,,,,,,,,,,,,,,,,,,
1609,740,257,14.10,73.50,2305,31.3,-0.750,1.888,4.91,0.000,12.54,1.00,0.19,-0.76,0.29,0.944,1.02,-1.33,1.126,0.00,0.90,1.466,19.5,19.547,0.673,0.000,900,6.82,4.6,1.46,-4.34,27.8,1,1,0,1,1,1,0,0,0,0,1,0,0,0,0,0,0,0,1,0,1,1,1,1,1,0,0,0,0,1,0,0,1,1,5156.3,0C,1,1,0,1,1,0,1,0,0,76.94,229.38,,,,,,,,,,,,,,,,,,,,,,,,,,,,,,,,,,,,,,,,,,,,,,,,,,,,,,,,,
1610,740,647,14.10,73.50,2246,30.0,-8.250,1.933,4.74,0.000,13.05,1.00,0.80,-0.76,0.68,0.929,1.02,-1.33,1.124,0.00,0.90,1.466,19.5,20.928,0.673,0.000,900,6.86,4.6,1.47,-4.33,27.8,1,1,0,1,1,1,0,0,0,0,1,0,0,0,0,0,0,0,1,0,1,1,1,1,1,0,0,0,0,1,0,0,1,1,5156.3,0C,1,1,0,1,1,0,1,0,0,79.19,232.69,,,,,,,,,,,,,,,,,,,,,,,,,,,,,,,,,,,,,,,,,,,,,,,,,,,,,,,,,
1611,741,48,14.10,73.50,2185,30.0,-14.250,0.000,4.37,0.000,13.22,1.00,0.18,-0.76,0.30,1.000,1.02,-1.33,1.121,0.00,0.90,1.623,19.5,0.000,0.673,0.000,900,6.90,4.6,1.48,-4.32,27.8,1,1,0,1,1,1,0,0,0,0,1,0,0,0,0,0,0,0,1,0,0,1,0,1,0,0,1,0,0,1,0,0,1,1,5156.3,0C,1,1,0,1,1,0,1,0,0,81.00,233.44,,,,,,,,,,,,,,,,,,,,,,,,,,,,,,,,,,,,,,,,,,,,,,,,,,,,,,,,,
1612,741,457,14.10,73.50,2088,28.8,-14.250,0.000,4.17,0.000,12.91,1.00,0.12,-0.76,0.24,1.000,1.02,-1.33,1.119,0.00,0.90,1.623,19.5,0.000,0.673,0.000,900,6.96,4.6,1.49,-4.27,27.8,1,1,0,1,1,1,0,0,0,0,1,0,0,0,0,0,0,0,1,0,0,1,0,1,0,0,1,0,0,1,0,0,1,1,5156.3,0C,1,1,0,1,1,0,1,0,0,79.06,228.75,,,,,,,,,,,,,,,,,,,,,,,,,,,,,,,,,,,,,,,,,,,,,,,,,,,,,,,,,
1613,741,852,14.10,73.50,2024,27.5,-14.250,0.000,4.00,0.000,12.75,1.00,0.12,-0.76,0.23,1.000,1.02,-1.33,1.117,0.00,0.90,0.000,19.5,0.000,0.673,0.000,900,7.01,4.6,1.50,-4.10,27.8,1,1,0,1,1,1,0,0,0,0,1,0,0,0,0,0,0,0,1,0,0,1,0,1,0,0,1,0,0,1,0,0,1,1,5156.3,0C,1,1,0,1,1,0,1,0,0,77.63,229.50,,,,,,,,,,,,,,,,,,,,,,,,,,,,,,,,,,,,,,,,,,,,,,,,,,,,,,,,,
1614,742,260,14.10,73.50,1929,26.3,-12.750,0.000,3.81,0.000,11.44,1.00,0.12,-0.76,0.23,1.000,1.02,-1.33,1.117,0.00,0.90,0.000,20.3,0.000,0.673,0.000,900,7.08,4.6,1.52,-3.85,27.8,1,1,0,1,1,1,0,0,0,0,1,0,0,0,0,0,0,0,1,0,0,1,0,1,0,0,1,0,0,1,0,0,1,1,5156.3,0C,1,1,0,1,1,0,1,0,0,69.56,229.94,,,,,,,,,,,,,,,,,,,,,,,,,,,,,,,,,,,,,,,,,,,,,,,,,,,,,,,,,
1615,742,658,14.10,73.50,1870,25.0,-12.750,0.000,3.81,0.000,11.02,1.00,0.12,-0.76,0.23,1.000,1.02,-1.33,1.116,0.00,0.90,0.000,20.3,0.000,0.673,0.000,900,7.12,4.6,1.52,-3.72,27.8,1,1,0,1,1,1,0,0,0,0,1,0,0,0,0,0,0,0,1,0,0,1,0,1,0,0,1,0,0,1,0,0,1,1,5156.3,0C,1,1,0,1,1,0,1,0,0,67.19,233.56,,,,,,,,,,,,,,,,,,,,,,,,,,,,,,,,,,,,,,,,,,,,,,,,,,,,,,,,,
1616,743,58,14.10,73.50,1784,23.8,-12.000,0.000,3.88,0.000,10.73,1.00,0.11,-0.76,0.23,1.000,1.02,-1.33,1.115,0.00,0.90,0.000,20.3,0.000,0.673,0.000,900,7.19,4.6,1.54,-3.45,27.8,1,1,0,1,1,1,0,0,0,0,1,0,0,0,0,0,0,0,1,0,0,1,0,1,0,0,1,0,0,1,0,0,1,1,5156.3,0C,1,1,0,1,1,0,1,0,0,66.13,243.88,,,,,,,,,,,,,,,,,,,,,,,,,,,,,,,,,,,,,,,,,,,,,,,,,,,,,,,,,
1617,743,459,14.10,73.50,1729,23.8,-13.500,0.000,3.88,0.000,11.53,1.00,0.12,-0.76,0.23,1.000,1.02,-1.33,1.115,0.00,0.90,0.000,20.3,0.000,0.673,0.000,900,7.23,4.6,1.55,-3.29,27.8,1,1,0,1,1,1,0,0,0,0,1,0,0,0,0,0,0,0,1,0,0,1,0,1,0,0,1,0,0,1,0,0,1,1,5156.3,0C,1,1,0,1,1,0,1,0,0,71.56,256.19,,,,,,,,,,,,,,,,,,,,,,,,,,,,,,,,,,,,,,,,,,,,,,,,,,,,,,,,,
1618,743,857,14.00,74.25,1628,22.5,-14.250,0.000,3.88,0.000,13.15,1.00,0.12,-0.76,0.23,1.000,1.02,-1.33,1.107,0.00,0.90,0.000,20.3,0.000,0.673,0.000,900,7.30,4.6,1.56,-3.00,27.8,1,1,0,1,1,1,0,0,0,0,1,1,0,0,0,0,0,0,1,0,0,1,0,1,0,0,1,0,0,1,0,1,1,1,5156.3,0C,1,1,0,1,1,0,1,0,0,81.25,277.50,,,,,,,,,,,,,,,,,,,,,,,,,,,,,,,,,,,,,,,,,,,,,,,,,,,,,,,,,
1619,744,257,14.10,74.25,1538,20.0,-15.000,0.000,3.88,0.000,14.37,1.00,0.12,-0.76,0.23,1.000,1.02,-1.33,1.095,0.00,0.90,0.000,20.3,0.000,0.673,0.000,900,7.31,4.6,1.57,-2.68,27.8,1,1,0,1,1,1,0,0,0,0,1,1,1,0,0,0,0,0,1,0,0,1,0,1,0,0,1,0,0,1,0,1,1,1,5156.3,0C,1,1,0,1,1,0,1,0,0,90.56,295.75,,,,,,,,,,,,,,,,,,,,,,,,,,,,,,,,,,,,,,,,,,,,,,,,,,,,,,,,,
1620,744,642,13.50,74.25,1158,17.5,21.000,3.603,7.71,0.000,18.33,0.97,0.12,-0.76,0.23,1.000,1.02,-1.33,1.053,0.00,0.90,0.000,21.0,0.000,0.673,0.000,900,7.32,4.6,1.89,-0.43,27.8,1,1,0,1,1,1,0,0,0,0,1,1,1,0,0,0,0,0,1,0,0,1,0,1,0,0,0,0,0,1,0,1,1,1,5156.3,0C,1,1,0,1,1,0,1,0,0,102.56,370.31,,,,,,,,,,,,,,,,,,,,,,,,,,,,,,,,,,,,,,,,,,,,,,,,,,,,,,,,,
1621,745,19,13.80,74.25,1158,16.3,0.000,3.168,4.17,0.000,19.31,0.97,0.17,-0.76,0.25,1.002,1.02,-1.33,1.052,0.00,0.90,1.694,21.0,0.000,0.673,0.000,900,7.32,4.6,1.66,-0.82,27.8,1,1,0,1,1,1,0,0,0,0,1,1,1,0,0,0,0,0,1,0,0,1,1,1,0,0,0,0,0,1,0,1,1,1,5156.3,0C,1,1,0,1,1,0,1,0,0,117.25,404.25,,,,,,,,,,,,,,,,,,,,,,,,,,,,,,,,,,,,,,,,,,,,,,,,,,,,,,,,,
1622,745,410,14.00,74.25,1082,15.0,1.500,3.430,4.74,0.000,20.86,0.96,0.92,-0.76,1.00,0.973,1.02,-1.33,1.044,0.00,0.90,1.694,21.0,0.000,0.673,0.000,900,7.32,4.6,1.17,1.54,27.8,1,1,0,1,1,1,0,0,0,0,1,1,0,0,0,0,0,0,1,0,0,1,1,1,1,0,0,0,0,1,0,1,1,1,5156.3,0C,1,1,0,1,1,0,1,0,0,129.94,434.06,,,,,,,,,,,,,,,,,,,,,,,,,,,,,,,,,,,,,,,,,,,,,,,,,,,,,,,,,
1623,745,811,14.10,74.25,1043,13.8,-1.500,3.418,4.13,0.000,22.52,0.96,0.94,-0.76,1.08,0.955,1.02,-1.33,1.032,0.00,0.90,1.632,21.0,0.000,0.673,0.000,900,7.32,4.6,1.17,1.75,27.8,1,1,0,1,1,1,0,0,0,0,1,1,0,0,0,0,0,0,1,0,0,1,1,1,1,0,0,0,0,0,0,0,1,1,5156.3,0C,1,1,0,1,1,0,1,0,0,138.56,452.13,,,,,,,,,,,,,,,,,,,,,,,,,,,,,,,,,,,,,,,,,,,,,,,,,,,,,,,,,
1624,746,197,14.10,74.25,1062,13.8,30.750,3.334,7.47,21.515,23.06,0.98,0.94,-0.76,1.09,0.937,1.02,-1.33,1.034,0.00,0.90,1.632,21.0,9.178,0.673,0.000,900,7.32,4.6,1.17,0.00,27.8,1,1,0,1,1,1,0,0,0,0,1,0,0,0,0,0,0,0,0,0,1,1,1,1,1,0,0,0,0,0,0,0,1,1,5156.3,0C,1,1,0,1,1,0,1,0,0,142.25,462.50,,,,,,,,,,,,,,,,,,,,,,,,,,,,,,,,,,,,,,,,,,,,,,,,,,,,,,,,,
1625,746,600,14.10,74.25,1483,12.5,-1.500,15.629,44.21,56.194,81.70,0.98,0.56,-0.76,1.03,0.911,1.02,-1.33,1.120,0.00,0.90,1.632,21.0,72.427,0.673,0.000,900,7.32,4.6,1.17,-2.63,27.8,1,1,0,1,1,1,0,0,0,0,1,0,0,0,0,0,0,0,0,0,1,1,1,1,0,0,0,1,0,1,0,0,1,1,5156.3,0C,1,1,0,1,1,0,1,0,0,461.31,987.00,,,,,,,,,,,,,,,,,,,,,,,,,,,,,,,,,,,,,,,,,,,,,,,,,,,,,,,,,
1626,746,993,14.10,74.25,3154,12.5,6.000,1.850,2.95,0.000,15.70,1.00,0.95,-0.76,1.08,0.888,1.02,-1.33,1.166,0.00,0.90,11.107,21.0,10.903,0.673,0.000,900,6.61,4.6,1.05,-4.72,27.8,1,1,0,1,1,1,0,0,0,0,1,0,0,0,0,0,0,0,1,0,1,1,1,1,0,0,0,0,0,1,0,0,1,1,5156.3,0C,1,1,0,1,1,0,1,0,0,85.69,288.94,,,,,,,,,,,,,,,,,,,,,,,,,,,,,,,,,,,,,,,,,,,,,,,,,,,,,,,,,
1627,747,388,14.10,74.25,2800,12.5,39.750,1.517,6.54,0.000,9.84,1.00,0.14,-0.76,0.25,0.908,1.02,-1.33,1.166,0.00,0.90,11.107,21.0,11.246,0.673,66.750,2500,50.31,1766.7,4.29,-43.38,115.5,0,1,0,0,0,1,0,1,1,1,1,1,0,1,1,0,0,1,0,0,0,0,0,0,0,0,1,1,0,0,0,0,0,0,9389.0,69,0,1,0,1,0,1,1,1,1,1,1,,,,,,,,,,,,,,,,,,,,,,,,,,,,,,,,,,,,,,,,,,,,,,,,,,,,,,,,,
1628,747,780,14.10,74.25,2427,12.5,-12.000,2.291,5.35,0.000,12.26,1.00,0.16,-0.76,0.25,1.000,1.02,-1.33,1.130,0.00,0.90,0.000,21.0,8.995,0.673,0.000,900,6.79,4.6,1.08,-4.39,27.8,1,1,0,1,1,1,0,0,0,0,1,0,1,0,0,0,0,0,1,0,1,1,0,1,0,0,0,0,0,1,0,0,1,1,5156.3,0C,1,1,0,1,1,0,1,0,0,78.94,234.81,,,,,,,,,,,,,,,,,,,,,,,,,,,,,,,,,,,,,,,,,,,,,,,,,,,,,,,,,
1629,748,177,14.10,74.25,1990,12.5,12.000,1.952,4.13,0.000,12.26,1.00,0.95,-0.76,0.89,0.974,1.02,-1.33,1.117,0.00,0.90,0.000,20.3,9.133,0.673,0.000,900,7.07,4.6,1.13,-3.93,27.8,1,1,0,1,1,1,0,0,0,0,1,0,1,0,0,0,0,0,1,0,1,1,1,1,0,0,0,0,0,1,0,0,1,1,5156.3,0C,1,1,0,1,1,0,1,0,0,72.38,236.69,,,,,,,,,,,,,,,,,,,,,,,,,,,,,,,,,,,,,,,,,,,,,,,,,,,,,,,,,
1630,748,580,14.10,74.25,1667,12.5,27.000,2.874,6.25,2.921,17.37,0.97,0.87,-0.76,1.08,0.954,1.02,-1.33,1.085,0.00,0.90,0.000,20.3,9.522,0.673,0.000,900,7.29,4.6,1.16,-2.62,27.8,1,1,0,1,1,1,0,0,0,0,1,0,1,0,0,0,0,0,0,0,1,1,1,1,1,0,0,0,0,1,0,0,1,1,5156.3,0C,1,1,0,1,1,0,1,0,0,105.69,330.88,,,,,,,,,,,,,,,,,,,,,,,,,,,,,,,,,,,,,,,,,,,,,,,,,,,,,,,,,
1631,748,983,14.10,74.25,1658,12.5,33.000,2.637,5.35,2.593,17.25,0.96,0.92,-0.76,1.07,0.933,1.02,-1.33,1.085,0.00,0.90,1.957,20.3,10.208,0.673,0.000,900,7.28,4.6,1.16,-2.61,27.8,1,1,0,1,1,1,0,0,0,0,1,0,1,0,0,0,0,0,0,0,1,1,1,1,1,0,0,0,0,0,0,0,1,1,5156.3,0C,1,1,0,1,1,0,1,0,0,107.13,334.19,,,,,,,,,,,,,,,,,,,,,,,,,,,,,,,,,,,,,,,,,,,,,,,,,,,,,,,,,
1632,749,370,14.10,74.25,1678,12.5,33.000,2.470,5.40,2.593,16.97,0.97,0.90,-0.76,1.06,0.911,1.02,-1.33,1.087,0.00,0.90,1.957,20.3,10.559,0.673,0.000,900,7.25,4.6,1.15,-2.60,27.8,1,1,0,1,1,1,0,0,0,0,1,0,1,0,0,0,0,0,0,0,1,1,1,1,1,0,0,0,0,0,0,0,1,1,5156.3,0C,1,1,0,1,1,0,1,0,0,104.06,330.31,,,,,,,,,,,,,,,,,,,,,,,,,,,,,,,,,,,,,,,,,,,,,,,,,,,,,,,,,
1633,749,760,14.10,74.25,1667,12.5,33.000,2.490,5.47,2.757,17.32,0.98,0.43,-0.76,0.98,0.924,1.02,-1.33,1.088,0.00,0.90,1.761,20.3,11.246,0.673,0.000,900,7.25,4.6,1.15,-2.60,27.8,1,1,0,1,1,1,0,0,0,0,1,0,1,0,0,0,0,0,0,0,1,1,1,1,1,0,0,0,0,0,0,0,1,1,5156.3,0C,1,1,0,1,1,0,1,0,0,105.88,335.31,,,,,,,,,,,,,,,,,,,,,,,,,,,,,,,,,,,,,,,,,,,,,,,,,,,,,,,,,
1634,750,188,14.10,74.25,1675,12.5,32.250,3.130,7.52,3.890,21.45,0.99,0.21,-0.76,0.42,0.917,1.02,-1.33,1.098,0.00,0.90,1.761,20.3,11.940,0.673,0.000,900,7.25,4.6,1.15,-2.60,27.8,1,1,0,1,1,1,0,0,0,0,1,0,1,0,0,0,0,0,0,0,1,1,1,1,1,0,0,0,0,0,0,0,1,1,5156.3,0C,1,1,0,1,1,0,1,0,0,129.50,390.06,,,,,,,,,,,,,,,,,,,,,,,,,,,,,,,,,,,,,,,,,,,,,,,,,,,,,,,,,
1635,750,569,14.10,74.25,1739,12.5,30.750,3.328,7.52,4.546,22.76,1.00,0.21,-0.76,0.30,0.944,1.02,-1.33,1.103,0.00,0.90,1.761,20.3,12.634,0.673,0.000,900,7.21,4.6,1.15,-2.59,27.8,1,1,0,1,1,1,0,0,0,0,1,0,0,0,0,0,0,0,0,0,1,1,1,1,1,0,0,0,0,0,0,0,1,1,5156.3,0C,1,1,0,1,1,0,1,0,0,138.75,415.88,,,,,,,,,,,,,,,,,,,,,,,,,,,,,,,,,,,,,,,,,,,,,,,,,,,,,,,,,
1636,750,968,14.10,74.25,1826,13.8,32.250,3.219,7.64,4.546,21.66,1.00,0.23,-0.76,0.33,0.972,1.02,-1.33,1.110,0.00,0.90,2.419,20.3,13.321,0.673,0.000,900,7.15,4.6,1.14,-2.57,27.8,1,1,0,1,1,1,0,0,0,0,1,0,0,0,0,0,0,0,0,0,1,1,1,1,1,0,0,0,0,0,0,0,1,1,5156.3,0C,1,1,0,1,1,0,1,0,0,132.75,397.25,,,,,,,,,,,,,,,,,,,,,,,,,,,,,,,,,,,,,,,,,,,,,,,,,,,,,,,,,
1637,751,383,14.10,74.25,1915,13.8,32.250,3.206,7.64,3.890,21.94,1.00,0.90,-0.76,0.94,0.958,1.02,-1.33,1.117,0.00,0.90,2.419,20.3,14.015,0.673,0.000,900,7.09,4.6,1.13,-2.55,27.8,1,1,0,1,1,1,0,0,0,0,1,0,0,0,0,0,0,0,0,0,1,1,1,1,1,0,0,0,0,0,0,0,1,1,5156.3,0C,1,1,0,1,1,0,1,0,0,134.25,379.25,,,,,,,,,,,,,,,,,,,,,,,,,,,,,,,,,,,,,,,,,,,,,,,,,,,,,,,,,
1638,751,779,14.10,75.00,1983,15.0,32.250,3.040,7.10,2.429,21.54,1.00,0.92,-0.76,1.05,0.928,1.02,-1.33,1.121,0.00,0.90,2.582,20.3,14.702,0.673,0.000,900,7.04,4.6,1.12,-2.53,27.8,1,1,0,1,1,1,0,0,0,0,1,0,0,0,0,0,0,0,0,0,1,1,1,1,1,0,0,0,0,0,0,0,1,1,5156.3,0C,1,1,0,1,1,0,1,0,0,130.81,353.38,,,,,,,,,,,,,,,,,,,,,,,,,,,,,,,,,,,,,,,,,,,,,,,,,,,,,,,,,
1639,752,193,14.10,75.00,2021,15.0,21.750,2.586,6.08,0.562,18.98,1.00,0.93,-0.76,1.06,0.898,1.02,-1.33,1.113,0.00,0.90,2.582,20.3,15.396,0.673,0.000,900,7.02,4.6,1.12,-4.13,27.8,1,1,0,1,1,1,0,0,0,0,1,0,0,0,0,0,0,0,1,0,1,1,1,1,1,0,0,0,0,1,0,0,1,1,5156.3,0C,1,1,0,1,1,0,1,0,0,114.75,315.13,,,,,,,,,,,,,,,,,,,,,,,,,,,,,,,,,,,,,,,,,,,,,,,,,,,,,,,,,
1640,752,579,14.10,75.00,2023,15.0,30.750,2.182,5.27,0.000,16.29,1.00,0.92,-0.76,1.07,0.872,1.02,-1.33,1.101,0.00,0.90,2.582,20.3,16.434,0.673,0.000,900,7.02,4.6,1.12,-4.11,27.8,1,1,0,1,1,1,0,0,0,0,1,0,0,0,0,0,0,0,1,0,1,1,1,1,1,0,0,0,0,1,0,0,1,1,5156.3,0C,1,1,0,1,1,0,1,0,0,98.56,276.38,,,,,,,,,,,,,,,,,,,,,,,,,,,,,,,,,,,,,,,,,,,,,,,,,,,,,,,,,
1641,752,969,14.10,75.00,1992,15.0,35.250,1.952,4.91,0.000,14.84,1.00,0.89,-0.76,1.06,0.848,1.02,-1.33,1.105,0.00,0.90,1.761,20.3,17.815,0.673,0.000,900,7.05,4.6,1.12,-4.03,27.8,1,1,0,1,1,1,0,0,0,0,1,0,0,0,0,0,0,0,1,0,1,1,1,1,1,0,0,0,0,1,0,0,1,1,5156.3,0C,1,1,0,1,1,0,1,0,0,90.06,261.75,,,,,,,,,,,,,,,,,,,,,,,,,,,,,,,,,,,,,,,,,,,,,,,,,,,,,,,,,
1642,753,367,14.10,75.00,1918,13.8,36.000,1.728,4.37,0.000,12.91,1.00,0.20,-0.76,0.65,0.860,1.02,-1.33,1.112,0.00,0.90,1.761,20.3,19.196,0.673,0.000,900,7.10,4.6,1.13,-3.83,27.8,1,1,0,1,1,1,0,0,0,0,1,0,0,0,0,0,0,0,1,0,1,1,1,1,1,0,0,0,0,1,0,0,1,1,5156.3,0C,1,1,0,1,1,0,1,0,0,78.19,249.00,,,,,,,,,,,,,,,,,,,,,,,,,,,,,,,,,,,,,,,,,,,,,,,,,,,,,,,,,
1643,753,774,14.10,75.00,1856,13.8,15.000,1.478,4.05,0.000,10.78,1.00,0.16,-0.76,0.25,0.881,1.02,-1.33,1.116,0.00,0.90,1.174,20.3,21.271,0.673,0.000,900,7.15,4.6,1.14,-3.63,27.8,1,1,0,1,1,1,0,0,0,0,1,0,0,0,0,0,0,0,1,0,1,1,1,1,1,0,0,0,0,1,0,0,1,1,5156.3,0C,1,1,0,1,1,0,1,0,0,65.56,241.06,,,,,,,,,,,,,,,,,,,,,,,,,,,,,,,,,,,,,,,,,,,,,,,,,,,,,,,,,
1644,754,204,14.00,75.00,1766,12.5,22.500,1.594,4.00,0.000,11.18,1.00,0.14,-0.76,0.23,0.899,1.02,-1.33,1.115,0.00,0.90,1.174,20.3,23.346,0.673,0.000,900,7.21,4.6,1.15,-3.41,27.8,1,1,0,1,1,1,0,0,0,0,1,1,0,0,0,0,0,0,1,0,1,1,1,1,1,0,0,0,0,1,0,1,1,1,5156.3,0C,1,1,0,1,1,0,1,0,0,68.88,250.00,,,,,,,,,,,,,,,,,,,,,,,,,,,,,,,,,,,,,,,,,,,,,,,,,,,,,,,,,
1645,754,592,14.10,75.00,1630,11.3,3.000,1.856,3.64,0.000,13.22,1.00,0.15,-0.76,0.23,0.920,1.02,-1.33,1.106,0.00,0.90,1.174,21.0,23.346,0.673,0.000,900,7.30,4.6,1.16,-3.03,27.8,1,1,0,1,1,1,0,0,0,0,1,1,0,0,0,0,0,0,1,0,1,1,1,1,1,0,0,0,0,1,0,1,1,1,5156.3,0C,1,1,0,1,1,0,1,0,0,80.69,275.69,,,,,,,,,,,,,,,,,,,,,,,,,,,,,,,,,,,,,,,,,,,,,,,,,,,,,,,,,
1646,754,978,14.10,75.00,1477,11.3,-4.500,1.946,3.69,0.000,14.09,1.00,0.16,-0.76,0.24,0.937,1.02,-1.33,1.095,0.00,0.90,1.112,21.0,22.652,0.673,0.000,900,7.32,4.6,1.17,-2.43,27.8,1,1,0,1,1,1,0,0,0,0,1,0,0,0,0,0,0,0,1,0,1,1,1,1,1,0,0,0,0,1,0,0,1,1,5156.3,0C,1,1,0,1,1,0,1,0,0,87.13,287.44,,,,,,,,,,,,,,,,,,,,,,,,,,,,,,,,,,,,,,,,,,,,,,,,,,,,,,,,,
1647,755,361,14.00,75.00,1327,10.0,-15.000,0.000,3.56,0.000,14.44,1.00,0.16,-0.76,0.24,1.000,1.02,-1.33,1.079,0.00,0.90,1.112,21.0,0.000,0.673,0.000,900,7.32,4.6,1.17,-1.55,27.8,1,1,0,1,1,1,0,0,0,0,1,0,1,0,0,0,0,0,1,0,0,1,0,1,0,0,1,0,0,1,0,1,1,1,5156.3,0C,1,1,0,1,1,0,1,0,0,88.38,315.00,,,,,,,,,,,,,,,,,,,,,,,,,,,,,,,,,,,,,,,,,,,,,,,,,,,,,,,,,
1648,755,771,13.60,75.00,1108,7.5,20.250,3.757,4.25,0.000,21.07,0.97,0.14,-0.76,0.23,1.000,1.02,-1.33,1.043,0.00,0.90,1.886,21.0,0.000,0.673,0.000,900,7.32,4.6,1.68,-0.59,27.8,1,1,0,1,1,1,0,0,0,0,1,1,1,0,0,0,0,0,1,0,0,1,0,1,0,1,0,0,0,1,0,1,1,1,5156.3,0C,1,1,0,1,1,0,1,0,0,128.38,429.50,,,,,,,,,,,,,,,,,,,,,,,,,,,,,,,,,,,,,,,,,,,,,,,,,,,,,,,,,
1649,756,187,14.00,75.00,1084,6.3,0.000,3.251,4.13,0.000,20.32,0.97,0.94,-0.76,0.97,0.978,1.02,-1.33,1.047,0.00,0.90,1.886,21.0,0.000,0.673,0.000,900,7.32,4.6,1.48,-0.36,27.8,1,1,0,1,1,1,0,0,0,0,1,1,1,0,0,0,0,0,1,0,0,1,1,1,0,1,0,0,0,1,0,1,1,1,5156.3,0C,1,1,0,1,1,0,1,0,0,125.06,423.06,,,,,,,,,,,,,,,,,,,,,,,,,,,,,,,,,,,,,,,,,,,,,,,,,,,,,,,,,
1650,756,597,14.10,75.00,1017,3.8,0.750,3.315,4.00,0.000,21.54,0.96,0.94,-0.76,1.05,0.962,1.02,-1.33,1.038,0.00,0.90,1.886,21.0,0.000,0.673,0.000,900,7.32,4.6,1.26,-0.16,27.8,1,1,0,1,1,1,0,0,0,0,1,1,1,0,0,0,0,0,1,0,0,1,1,1,1,1,0,0,0,0,0,1,1,1,5156.3,0C,1,1,0,1,1,0,1,0,0,132.06,438.50,,,,,,,,,,,,,,,,,,,,,,,,,,,,,,,,,,,,,,,,,,,,,,,,,,,,,,,,,
1651,756,991,14.10,75.00,971,1.3,1.500,3.245,3.76,0.000,21.77,0.97,0.94,-0.76,1.06,0.946,1.02,-1.33,1.036,0.00,0.90,1.408,21.0,0.000,0.673,0.000,900,7.33,4.6,1.17,-0.08,27.8,1,1,0,1,1,1,0,0,0,0,1,1,1,0,0,0,0,0,1,0,0,1,1,1,1,1,0,0,0,0,0,1,1,1,5156.3,0C,1,1,0,1,1,0,1,0,0,133.94,444.75,,,,,,,,,,,,,,,,,,,,,,,,,,,,,,,,,,,,,,,,,,,,,,,,,,,,,,,,,
1652,757,379,14.10,75.00,951,1.3,2.250,3.187,3.64,0.000,21.91,0.98,0.93,-0.76,1.05,0.930,1.02,-1.33,1.035,0.00,0.90,1.408,21.8,0.000,0.673,0.000,900,7.33,4.6,1.06,-0.04,27.8,1,1,0,1,1,1,0,0,0,0,1,0,1,0,0,0,0,0,1,0,0,1,1,1,1,1,0,0,0,0,0,0,1,1,5156.3,0C,1,1,0,1,1,0,1,0,0,134.13,446.31,,,,,,,,,,,,,,,,,,,,,,,,,,,,,,,,,,,,,,,,,,,,,,,,,,,,,,,,,
1653,757,780,14.10,75.00,934,1.3,4.500,3.104,3.64,0.000,21.73,0.99,0.91,-0.76,1.04,0.914,1.02,-1.33,1.036,0.00,0.90,1.208,21.8,0.000,0.673,0.000,900,7.33,4.6,0.99,-0.01,27.8,1,1,0,1,1,1,0,0,0,0,1,0,1,0,0,0,0,0,1,0,0,1,1,1,1,1,0,0,0,0,0,0,1,1,5156.3,0C,1,1,0,1,1,0,1,0,0,133.13,445.63,,,,,,,,,,,,,,,,,,,,,,,,,,,,,,,,,,,,,,,,,,,,,,,,,,,,,,,,,
1654,758,180,14.10,75.00,922,0.0,4.500,3.091,3.56,0.000,22.10,0.99,0.89,-0.76,1.02,0.898,1.02,-1.33,1.033,0.00,0.90,1.208,21.8,0.000,0.673,0.000,900,7.33,4.6,0.95,0.00,27.8,1,1,0,1,1,1,0,0,0,0,1,0,1,0,0,0,0,0,1,0,0,1,1,1,1,1,0,0,0,0,0,0,1,1,5156.3,0C,1,1,0,1,1,0,1,0,0,135.00,449.06,,,,,,,,,,,,,,,,,,,,,,,,,,,,,,,,,,,,,,,,,,,,,,,,,,,,,,,,,
1655,758,561,14.10,75.00,977,0.0,3.000,5.344,7.06,3.734,34.10,1.00,0.83,-0.76,0.99,0.878,1.02,-1.33,1.048,0.00,0.90,0.280,-41.3,38.282,0.719,42.000,10,-37.97,1766.7,4.28,-48.07,115.5,0,1,0,0,0,1,0,1,1,1,1,1,0,1,1,0,0,1,0,0,0,0,0,0,0,0,0,0,1,1,0,0,0,0,9222.3,B8,0,1,0,1,0,1,1,1,1,1,1,,,,,,,,,,,,,,,,,,,,,,,,,,,,,,,,,,,,,,,,,,,,,,,,,,,,,,,,,
1656,758,957,14.10,75.00,1157,0.0,6.750,5.242,9.67,3.734,35.32,1.00,0.70,-0.76,0.98,0.850,1.02,-1.33,1.053,0.00,0.90,2.163,21.8,9.865,0.673,0.000,1480,7.33,4.6,0.95,3.06,27.8,1,1,0,1,1,1,0,0,0,0,1,0,1,0,0,0,0,0,0,0,1,1,1,1,1,0,0,1,0,0,0,0,1,1,5156.3,0C,1,1,0,1,1,0,1,0,0,209.38,633.88,,,,,,,,,,,,,,,,,,,,,,,,,,,,,,,,,,,,,,,,,,,,,,,,,,,,,,,,,
1657,759,371,14.10,75.00,1167,1.3,0.750,6.176,10.74,3.569,44.04,1.00,0.84,-0.76,0.84,0.863,1.02,-1.33,1.073,0.00,0.90,2.163,21.8,12.284,0.673,0.000,1460,7.33,4.6,0.95,2.76,27.8,1,1,0,1,1,1,0,0,0,0,1,0,1,0,0,0,0,0,0,0,1,1,1,1,1,0,0,1,0,0,0,0,1,1,5156.3,0C,1,1,0,1,1,0,1,0,0,269.56,766.69,,,,,,,,,,,,,,,,,,,,,,,,,,,,,,,,,,,,,,,,,,,,,,,,,,,,,,,,,
1658,759,779,14.10,75.00,1237,2.5,0.000,6.522,11.96,3.328,48.30,1.00,0.76,-0.76,0.88,0.830,1.02,-1.33,1.078,0.00,0.90,3.373,21.8,13.664,0.673,0.000,1440,7.33,4.6,0.95,1.90,27.8,1,1,0,1,1,1,0,0,0,0,1,0,1,0,0,0,0,0,0,0,1,1,1,1,1,0,0,1,0,0,0,0,1,1,5156.3,0C,1,1,0,1,1,0,1,0,0,293.56,803.44,,,,,,,,,,,,,,,,,,,,,,,,,,,,,,,,,,,,,,,,,,,,,,,,,,,,,,,,,
1659,760,179,14.10,75.00,1240,3.8,-1.500,7.072,14.70,3.241,53.79,1.00,0.80,-0.76,0.90,0.798,1.02,-1.33,1.077,0.00,0.90,3.373,21.8,17.472,0.673,0.000,1440,7.33,4.6,0.95,1.65,27.8,1,1,0,1,1,1,0,0,0,0,1,0,1,0,0,0,0,0,0,0,1,1,1,1,1,0,0,1,0,0,0,0,1,1,5156.3,0C,1,1,0,1,1,0,1,0,0,329.50,876.38,,,,,,,,,,,,,,,,,,,,,,,,,,,,,,,,,,,,,,,,,,,,,,,,,,,,,,,,,
1660,760,589,14.10,75.00,1215,6.3,-6.750,8.467,20.12,3.241,63.52,1.00,0.36,-0.76,0.56,0.814,1.02,-1.33,1.077,0.00,0.90,3.373,21.8,37.514,0.673,0.000,1440,7.33,4.6,0.95,1.86,27.8,1,1,0,1,1,1,0,0,0,0,1,0,1,0,0,0,0,0,0,0,1,1,1,1,0,0,0,1,0,0,0,0,1,1,5156.3,0C,1,1,0,1,1,0,1,0,0,388.56,958.69,,,,,,,,,,,,,,,,,,,,,,,,,,,,,,,,,,,,,,,,,,,,,,,,,,,,,,,,,
1661,760,977,14.10,75.00,1247,7.5,-3.750,7.693,17.82,2.921,59.86,1.00,0.21,-0.76,0.77,0.803,1.02,-1.33,1.078,0.00,0.90,4.109,21.0,32.677,0.673,0.000,1410,7.33,4.6,0.95,1.35,27.8,1,1,0,1,1,1,0,0,0,0,1,0,1,0,0,0,0,0,0,0,1,1,1,1,0,0,0,1,0,0,0,0,1,1,5156.3,0C,1,1,0,1,1,0,1,0,0,366.50,940.69,,,,,,,,,,,,,,,,,,,,,,,,,,,,,,,,,,,,,,,,,,,,,,,,,,,,,,,,,
1662,761,350,14.10,75.00,1267,8.8,-3.750,7.437,15.67,2.109,57.47,1.00,0.26,-0.76,0.59,0.837,1.02,-1.33,1.084,0.00,0.90,4.109,21.0,27.840,0.673,0.000,1350,7.32,4.6,0.95,0.73,27.8,1,1,0,1,1,1,0,0,0,0,1,0,1,0,0,0,0,0,0,0,1,1,1,1,1,0,0,1,0,0,0,0,1,1,5156.3,0C,1,1,0,1,1,0,1,1,1,1,1,,,,,,,,,,,,,,,,,,,,,,,,,,,,,,,,,,,,,,,,,,,,,,,,,,,,,,,,,
1663,761,737,14.10,75.00,1371,10.0,0.750,6.029,11.25,2.109,47.63,1.00,0.22,-0.76,0.47,0.829,1.02,-1.33,1.100,0.00,0.90,4.109,21.0,17.472,0.673,0.000,1350,7.32,4.6,0.95,-0.03,27.8,1,1,0,1,1,1,0,0,0,0,1,0,1,0,0,0,0,0,0,0,1,1,1,1,1,0,0,1,0,0,0,0,1,1,5156.3,0C,1,1,0,1,1,0,1,0,0,278.00,728.88,,,,,,,,,,,,,,,,,,,,,,,,,,,,,,,,,,,,,,,,,,,,,,,,,,,,,,,,,
1664,762,137,14.10,75.75,1478,11.3,7.500,3.379,6.79,0.484,30.05,1.00,0.18,-0.76,0.24,0.862,1.02,-1.33,1.074,0.00,0.90,3.522,21.0,14.015,0.673,0.000,1050,7.32,4.6,1.01,-1.05,27.8,1,1,0,1,1,1,0,0,0,0,1,0,1,0,0,0,0,0,1,0,1,1,1,1,1,0,0,1,0,0,0,0,1,1,5156.3,0C,1,1,0,1,1,0,1,0,0,181.50,508.63,,,,,,,,,,,,,,,,,,,,,,,,,,,,,,,,,,,,,,,,,,,,,,,,,,,,,,,,,
1665,762,519,14.10,75.75,1544,11.3,31.500,2.534,5.22,0.078,21.52,1.00,0.17,-0.76,0.23,0.888,1.02,-1.33,1.090,0.00,0.90,3.522,20.3,14.015,0.673,0.000,900,7.32,4.6,0.85,0.00,27.8,1,1,0,1,1,1,0,0,0,0,1,0,1,0,0,0,0,0,1,0,1,1,1,1,1,0,0,0,0,1,0,0,1,1,5156.3,0C,1,1,0,1,1,0,1,0,0,123.69,375.56,,,,,,,,,,,,,,,,,,,,,,,,,,,,,,,,,,,,,,,,,,,,,,,,,,,,,,,,,
1666,764,941,14.10,75.75,1106,8.8,10.500,3.808,6.08,3.890,25.03,1.00,0.26,-0.76,0.29,0.994,1.02,-1.33,1.034,0.00,0.90,1.303,21.0,17.121,0.673,0.000,900,7.32,4.6,0.56,0.00,27.8,1,1,0,1,1,1,0,0,0,0,1,0,1,0,0,0,0,0,0,0,1,1,1,1,1,0,0,0,0,0,0,0,1,1,5156.3,0C,1,1,0,1,1,0,1,0,0,158.13,484.69,,,,,,,,,,,,,,,,,,,,,,,,,,,,,,,,,,,,,,,,,,,,,,,,,,,,,,,,,
1667,765,337,14.10,75.75,1300,8.8,10.500,3.277,5.76,3.406,24.91,1.00,0.88,-0.76,0.95,0.955,1.02,-1.33,1.045,0.00,0.90,1.303,21.0,18.509,0.673,0.000,900,7.32,4.6,0.56,0.00,27.8,1,1,0,1,1,1,0,0,0,0,1,0,1,0,0,0,0,0,0,0,1,1,1,1,1,0,0,0,0,0,0,0,1,1,5156.3,0C,1,1,0,1,1,0,1,0,0,143.94,459.44,,,,,,,,,,,,,,,,,,,,,,,,,,,,,,,,,,,,,,,,,,,,,,,,,,,,,,,,,
1668,765,728,14.10,75.75,1226,8.8,12.750,2.867,4.86,3.078,22.43,1.00,0.19,-0.76,0.54,0.939,1.02,-1.33,1.044,0.00,0.90,1.303,21.0,20.233,0.673,0.000,900,7.32,4.6,0.56,-1.35,27.8,1,1,0,1,1,1,0,0,0,0,1,0,1,0,0,0,0,0,0,0,1,1,1,1,1,0,0,0,0,0,0,0,1,1,5156.3,0C,1,1,0,1,1,0,1,0,0,138.19,441.38,,,,,,,,,,,,,,,,,,,,,,,,,,,,,,,,,,,,,,,,,,,,,,,,,,,,,,,,,
1669,766,121,14.10,75.75,1281,8.8,14.250,2.835,4.91,3.078,21.68,1.00,0.19,-0.76,0.24,0.983,1.02,-1.33,1.045,0.00,0.90,1.613,21.0,21.965,0.673,0.000,900,7.32,4.6,0.56,-1.51,27.8,1,1,0,1,1,1,0,0,0,0,1,0,1,0,0,0,0,0,0,0,1,1,1,1,1,0,0,0,0,0,0,0,1,1,5156.3,0C,1,1,0,1,1,0,1,0,0,128.19,429.06,,,,,,,,,,,,,,,,,,,,,,,,,,,,,,,,,,,,,,,,,,,,,,,,,,,,,,,,,
1670,766,517,14.10,75.75,1292,8.8,11.250,3.098,4.98,3.078,22.50,1.00,0.19,-0.76,0.25,1.002,1.02,-1.33,1.053,0.00,0.90,1.613,21.0,23.690,0.673,0.000,900,7.32,4.6,0.56,-1.66,27.8,1,1,0,1,1,1,0,0,0,0,1,0,1,0,0,0,0,0,0,0,1,1,1,1,1,0,0,0,0,0,0,0,1,1,5156.3,0C,1,1,0,1,1,0,1,0,0,135.13,418.44,,,,,,,,,,,,,,,,,,,,,,,,,,,,,,,,,,,,,,,,,,,,,,,,,,,,,,,,,
1671,766,909,14.10,75.75,1290,8.8,12.750,3.008,4.98,3.078,22.24,1.00,0.78,-0.76,0.80,0.990,1.02,-1.33,1.050,0.00,0.90,1.529,21.0,26.108,0.673,0.000,900,7.32,4.6,0.56,-1.55,27.8,1,1,0,1,1,1,0,0,0,0,1,0,1,0,0,0,0,0,0,0,1,1,1,1,1,0,0,0,0,0,0,0,1,1,5156.3,0C,1,1,0,1,1,0,1,0,0,138.50,421.13,,,,,,,,,,,,,,,,,,,,,,,,,,,,,,,,,,,,,,,,,,,,,,,,,,,,,,,,,
1672,767,311,14.10,75.75,1298,10.0,16.500,2.899,5.03,3.078,21.61,1.00,0.31,-0.76,0.60,1.008,1.02,-1.33,1.046,0.00,0.90,1.529,21.0,28.183,0.673,0.000,900,7.32,4.6,0.56,-1.53,27.8,1,1,0,1,1,1,0,0,0,0,1,0,1,0,0,0,0,0,0,0,1,1,1,1,1,1,0,0,0,0,0,0,1,1,5156.3,0C,1,1,0,1,1,0,1,0,0,134.50,420.44,,,,,,,,,,,,,,,,,,,,,,,,,,,,,,,,,,,,,,,,,,,,,,,,,,,,,,,,,
1673,767,692,14.10,75.75,1354,10.0,14.250,2.893,5.10,2.835,21.33,1.00,0.64,-0.76,0.33,1.029,1.02,-1.33,1.051,0.00,0.90,1.529,21.0,30.602,0.673,0.000,900,7.33,4.6,0.56,-1.83,27.8,1,1,0,1,1,1,0,0,0,0,1,0,0,0,0,0,0,0,0,0,1,1,1,1,1,1,0,0,0,0,0,0,1,1,5156.3,0C,1,1,0,1,1,0,1,0,0,129.75,410.69,,,,,,,,,,,,,,,,,,,,,,,,,,,,,,,,,,,,,,,,,,,,,,,,,,,,,,,,,
1674,768,113,14.00,75.75,1343,10.0,10.500,2.931,5.03,1.944,21.84,1.00,0.20,-0.76,0.86,0.991,1.02,-1.33,1.056,0.00,0.90,1.600,21.0,29.915,0.673,0.000,900,7.33,4.6,0.56,-1.85,27.8,1,1,0,1,1,1,0,0,0,0,1,0,0,0,0,0,0,0,0,0,1,1,1,1,1,1,0,0,0,0,0,0,1,1,5156.3,0C,1,1,0,1,1,0,1,0,0,134.31,407.13,,,,,,,,,,,,,,,,,,,,,,,,,,,,,,,,,,,,,,,,,,,,,,,,,,,,,,,,,
1675,768,513,14.10,75.75,1349,10.0,10.500,2.714,5.03,1.295,20.53,1.00,0.82,-0.76,0.74,1.001,1.02,-1.33,1.047,0.00,0.90,1.600,21.8,27.840,0.673,0.000,900,7.33,4.6,0.56,-1.73,27.8,1,1,0,1,1,1,0,0,0,0,1,0,0,0,0,0,0,0,0,0,1,1,1,1,1,0,0,0,0,1,0,0,1,1,5156.3,0C,1,1,0,1,1,0,1,0,0,127.25,407.38,,,,,,,,,,,,,,,,,,,,,,,,,,,,,,,,,,,,,,,,,,,,,,,,,,,,,,,,,
1676,768,918,14.00,75.75,1286,8.8,-4.500,3.091,4.86,1.866,21.89,1.00,0.17,-0.76,0.26,1.018,1.02,-1.33,1.049,0.00,0.90,1.529,21.8,25.765,0.673,0.000,900,7.33,4.6,0.57,-0.99,27.8,1,1,0,1,1,1,0,0,0,0,1,0,0,0,0,0,0,0,0,0,1,1,1,1,1,1,0,0,0,1,0,0,1,1,5156.3,0C,1,1,0,1,1,0,1,0,0,130.88,413.63,,,,,,,,,,,,,,,,,,,,,,,,,,,,,,,,,,,,,,,,,,,,,,,,,,,,,,,,,
1677,769,311,14.00,76.50,1198,8.8,6.000,2.778,4.49,2.272,19.52,1.00,0.20,-0.76,0.25,1.037,1.02,-1.33,1.051,0.00,0.90,1.529,21.8,23.003,0.673,0.000,900,7.33,4.6,0.57,0.00,27.8,1,1,0,1,1,1,0,0,0,0,1,0,0,0,0,0,0,0,0,0,1,1,1,1,1,1,0,0,0,1,0,0,1,1,5156.3,0C,1,1,0,1,1,0,1,0,0,117.88,405.75,,,,,,,,,,,,,,,,,,,,,,,,,,,,,,,,,,,,,,,,,,,,,,,,,,,,,,,,,
1678,769,703,14.10,76.50,1205,7.5,14.250,2.886,4.91,3.241,20.63,1.00,0.19,-0.76,0.24,1.055,1.02,-1.33,1.046,0.00,0.90,1.529,21.8,28.183,0.673,0.000,900,7.33,4.6,0.57,0.00,27.8,1,1,0,1,1,1,0,0,0,0,1,0,0,0,0,0,0,0,0,0,1,1,1,1,1,1,0,0,0,0,0,0,1,1,5156.3,0C,1,1,0,1,1,0,1,0,0,129.31,423.88,,,,,,,,,,,,,,,,,,,,,,,,,,,,,,,,,,,,,,,,,,,,,,,,,,,,,,,,,
1679,770,97,14.10,76.50,1178,8.8,15.000,3.328,5.27,3.406,22.95,1.00,0.22,-0.76,0.29,1.073,1.02,-1.33,1.040,0.00,0.90,1.613,21.8,29.915,0.673,0.000,900,7.33,4.6,0.57,0.00,27.8,1,1,0,1,1,1,0,0,0,0,1,0,0,0,0,0,0,0,0,0,1,1,1,1,1,1,0,0,0,0,0,0,1,1,5156.3,0C,1,1,0,1,1,0,1,0,0,143.88,465.06,,,,,,,,,,,,,,,,,,,,,,,,,,,,,,,,,,,,,,,,,,,,,,,,,,,,,,,,,
1680,770,500,14.10,76.50,1223,8.8,10.500,3.366,5.35,3.406,24.33,1.00,0.78,-0.76,0.87,1.043,1.02,-1.33,1.040,0.00,0.90,1.613,21.8,30.602,0.673,0.000,900,7.33,4.6,0.57,0.00,27.8,1,1,0,1,1,1,0,0,0,0,1,0,0,0,0,0,0,0,0,0,1,1,1,1,1,1,0,0,0,0,0,0,1,1,5156.3,0C,1,1,0,1,1,0,1,0,0,150.31,472.75,,,,,,,,,,,,,,,,,,,,,,,,,,,,,,,,,,,,,,,,,,,,,,,,,,,,,,,,,
1681,770,880,14.10,76.50,1265,8.8,10.500,3.277,5.27,3.406,24.35,1.00,0.78,-0.76,0.89,1.020,1.02,-1.33,1.044,0.00,0.90,1.834,21.8,31.296,0.673,0.000,900,7.34,4.6,0.57,0.00,27.8,1,1,0,1,1,1,0,0,0,0,1,0,0,0,0,0,0,0,0,0,1,1,1,1,1,1,0,0,0,0,0,0,1,1,5156.3,0C,1,1,0,1,1,0,1,0,0,148.69,463.63,,,,,,,,,,,,,,,,,,,,,,,,,,,,,,,,,,,,,,,,,,,,,,,,,,,,,,,,,
1682,771,273,14.10,76.50,1302,8.8,11.250,3.226,5.27,3.406,24.21,1.00,0.81,-0.76,0.88,1.006,1.02,-1.33,1.048,0.00,0.90,1.834,21.8,31.640,0.673,0.000,900,7.34,4.6,0.57,-1.63,27.8,1,1,0,1,1,1,0,0,0,0,1,0,0,0,0,0,0,0,0,0,1,1,1,1,1,1,0,0,0,0,0,0,1,1,5156.3,0C,1,1,0,1,1,0,1,0,0,147.50,450.38,,,,,,,,,,,,,,,,,,,,,,,,,,,,,,,,,,,,,,,,,,,,,,,,,,,,,,,,,
1683,771,660,14.10,76.50,1333,10.0,11.250,3.194,5.35,3.406,23.55,1.00,0.78,-0.76,0.87,1.022,1.02,-1.33,1.053,0.00,0.90,1.834,21.8,31.983,0.673,0.000,900,7.34,4.6,0.57,-1.79,27.8,1,1,0,1,1,1,0,0,0,0,1,0,0,0,0,0,0,0,0,0,1,1,1,1,1,1,0,0,0,0,0,0,1,1,5156.3,0C,1,1,0,1,1,0,1,0,0,143.25,434.88,,,,,,,,,,,,,,,,,,,,,,,,,,,,,,,,,,,,,,,,,,,,,,,,,,,,,,,,,
1684,772,78,14.10,76.50,1368,10.0,12.000,3.053,5.27,3.406,22.95,1.00,0.85,-0.76,0.93,1.001,1.02,-1.33,1.059,0.00,0.90,1.918,21.8,32.334,0.673,0.000,900,7.34,4.6,0.57,-1.97,27.8,1,1,0,1,1,1,0,0,0,0,1,0,0,0,0,0,0,0,0,0,1,1,1,1,1,1,0,0,0,0,0,0,1,1,5156.3,0C,1,1,0,1,1,0,1,0,0,140.38,420.31,,,,,,,,,,,,,,,,,,,,,,,,,,,,,,,,,,,,,,,,,,,,,,,,,,,,,,,,,
1685,772,475,14.10,76.50,1382,10.0,13.500,3.034,5.35,3.406,22.73,1.00,0.21,-0.76,0.81,0.986,1.02,-1.33,1.062,0.00,0.90,1.918,21.8,32.677,0.673,0.000,900,7.34,4.6,0.77,-49.63,115.5,0,1,0,0,0,1,0,1,1,1,1,1,0,1,1,0,0,1,0,0,0,0,0,0,0,0,0,0,0,1,0,0,0,0,7342.8,B1,0,1,0,1,0,1,1,1,1,1,1,,,,,,,,,,,,,,,,,,,,,,,,,,,,,,,,,,,,,,,,,,,,,,,,,,,,,,,,,
1686,772,880,14.10,76.50,1402,10.0,15.750,3.085,5.35,3.406,22.22,1.00,0.65,-0.76,0.52,1.029,1.02,-1.33,1.066,0.00,0.90,1.843,21.8,33.021,0.673,0.000,900,7.34,4.6,0.57,-2.13,27.8,1,1,0,1,1,1,0,0,0,0,1,0,0,0,0,0,0,0,0,0,1,1,1,1,1,1,0,0,0,0,0,0,1,1,5156.3,0C,1,1,0,1,1,0,1,0,0,135.25,402.63,,,,,,,,,,,,,,,,,,,,,,,,,,,,,,,,,,,,,,,,,,,,,,,,,,,,,,,,,
1687,773,289,14.10,76.50,1435,10.0,18.750,2.874,5.35,3.406,21.45,1.00,0.81,-0.76,0.89,0.998,1.02,-1.33,1.069,0.00,0.90,1.843,21.8,33.371,0.673,0.000,900,7.34,4.6,0.57,-2.30,27.8,1,1,0,1,1,1,0,0,0,0,1,0,0,0,0,0,0,0,0,0,1,1,1,1,1,1,0,0,0,0,0,0,1,1,5156.3,0C,1,1,0,1,1,0,1,0,0,131.00,392.38,,,,,,,,,,,,,,,,,,,,,,,,,,,,,,,,,,,,,,,,,,,,,,,,,,,,,,,,,
1688,773,721,14.10,76.50,1471,10.0,16.500,3.117,5.93,3.406,22.13,1.00,0.21,-0.76,0.28,1.030,1.02,-1.33,1.076,0.00,0.90,1.843,21.8,33.715,0.673,0.000,900,7.34,4.6,0.57,-2.51,27.8,1,1,0,1,1,1,0,0,0,0,1,0,0,0,0,0,0,0,0,0,1,1,1,1,1,1,0,0,0,0,0,0,1,1,5156.3,0C,1,1,0,1,1,0,1,0,0,136.88,405.69,,,,,,,,,,,,,,,,,,,,,,,,,,,,,,,,,,,,,,,,,,,,,,,,,,,,,,,,,
1689,774,176,14.10,76.50,1493,11.3,11.250,3.104,5.88,3.241,22.57,1.00,0.84,-0.76,0.83,1.009,1.02,-1.33,1.081,0.00,0.90,1.937,21.8,33.715,0.673,0.000,900,7.34,4.6,0.57,-2.60,27.8,1,1,0,1,1,1,0,0,0,0,1,0,0,0,0,0,0,0,0,0,1,1,1,1,1,1,0,0,0,0,0,0,1,1,5156.3,0C,1,1,0,1,1,0,1,0,0,138.06,408.06,,,,,,,,,,,,,,,,,,,,,,,,,,,,,,,,,,,,,,,,,,,,,,,,,,,,,,,,,
1690,774,597,14.10,76.50,1528,11.3,13.500,3.136,5.88,3.241,22.27,1.00,0.22,-0.76,0.31,1.032,1.02,-1.33,1.083,0.00,0.90,1.937,21.8,34.058,0.673,0.000,900,7.34,4.6,0.57,-2.63,27.8,1,1,0,1,1,1,0,0,0,0,1,0,0,0,0,0,0,0,0,0,1,1,1,1,1,1,0,0,0,0,0,0,1,1,5156.3,0C,1,1,0,1,1,0,1,0,0,136.44,403.88,,,,,,,,,,,,,,,,,,,,,,,,,,,,,,,,,,,,,,,,,,,,,,,,,,,,,,,,,
1691,774,990,14.10,76.50,1567,11.3,13.500,3.053,5.93,3.241,22.24,1.00,0.86,-0.76,0.87,1.006,1.02,-1.33,1.087,0.00,0.90,2.038,21.8,34.401,0.673,0.000,900,7.34,4.6,0.57,-2.63,27.8,1,1,0,1,1,1,0,0,0,0,1,0,0,0,0,0,0,0,0,0,1,1,1,1,1,1,0,0,0,0,0,0,1,1,5156.3,0C,1,1,0,1,1,0,1,0,0,135.56,401.19,,,,,,,,,,,,,,,,,,,,,,,,,,,,,,,,,,,,,,,,,,,,,,,,,,,,,,,,,
1692,775,419,14.10,76.50,1601,11.3,12.750,2.957,5.88,2.921,21.98,1.00,0.78,-0.76,0.89,0.982,1.02,-1.33,1.090,0.00,0.90,2.038,21.8,34.401,0.673,0.000,900,7.33,4.6,0.57,-2.63,27.8,1,1,0,1,1,1,0,0,0,0,1,0,0,0,0,0,0,0,0,0,1,1,1,1,1,1,0,0,0,0,0,0,1,1,5156.3,0C,1,1,0,1,1,0,1,0,0,133.88,397.56,,,,,,,,,,,,,,,,,,,,,,,,,,,,,,,,,,,,,,,,,,,,,,,,,,,,,,,,,
1693,775,830,14.10,76.50,1611,11.3,10.500,2.880,5.57,0.804,21.02,1.00,0.22,-0.76,0.70,1.002,1.02,-1.33,1.090,0.00,0.90,1.957,21.8,32.677,0.673,0.000,900,7.33,4.6,0.56,-3.00,27.8,1,1,0,1,1,1,0,0,0,0,1,0,0,0,0,0,0,0,1,0,1,1,1,1,1,0,0,0,0,1,0,0,1,1,5156.3,0C,1,1,0,1,1,0,1,0,0,126.56,380.00,,,,,,,,,,,,,,,,,,,,,,,,,,,,,,,,,,,,,,,,,,,,,,,,,,,,,,,,,
1694,776,219,14.10,76.50,1597,11.3,9.750,2.688,5.22,0.804,19.95,1.00,0.84,-0.76,0.85,0.977,1.02,-1.33,1.088,0.00,0.90,1.957,21.8,30.602,0.673,0.000,900,7.34,4.6,0.57,-2.94,27.8,1,1,0,1,1,1,0,0,0,0,1,0,0,0,0,0,0,0,1,0,1,1,1,1,1,0,0,0,0,1,0,0,1,1,5156.3,0C,1,1,0,1,1,0,1,0,0,120.81,366.13,,,,,,,,,,,,,,,,,,,,,,,,,,,,,,,,,,,,,,,,,,,,,,,,,,,,,,,,,
1695,776,607,14.10,77.25,1550,11.3,7.500,2.598,5.03,0.804,19.29,1.00,0.30,-0.76,0.87,0.958,1.02,-1.33,1.082,0.00,0.90,1.957,21.8,27.840,0.673,0.000,900,7.34,4.6,0.57,-2.76,27.8,1,1,0,1,1,1,0,0,0,0,1,0,0,0,0,0,0,0,1,0,1,1,1,1,1,0,0,0,0,1,0,0,1,1,5156.3,0C,1,1,0,1,1,0,1,0,0,116.50,357.13,,,,,,,,,,,,,,,,,,,,,,,,,,,,,,,,,,,,,,,,,,,,,,,,,,,,,,,,,
1696,776,997,14.10,77.25,1503,11.3,1.500,2.554,4.66,3.078,18.28,1.00,0.21,-0.76,0.24,0.997,1.02,-1.33,1.081,0.00,0.90,1.666,21.8,26.802,0.673,0.000,900,7.34,4.6,0.57,-2.63,27.8,1,1,0,1,1,1,0,0,0,0,1,0,0,0,0,0,0,0,0,0,1,1,1,1,1,1,0,0,0,1,0,0,1,1,5156.3,0C,1,1,0,1,1,0,1,0,0,111.25,345.25,,,,,,,,,,,,,,,,,,,,,,,,,,,,,,,,,,,,,,,,,,,,,,,,,,,,,,,,,
1697,777,380,14.10,77.25,1453,10.0,17.250,2.675,5.03,4.703,18.87,1.00,0.25,-0.76,0.60,1.016,1.02,-1.33,1.076,0.00,0.90,1.666,21.8,30.945,0.673,0.000,900,7.34,4.6,0.57,-2.35,27.8,1,1,0,1,1,1,0,0,0,0,1,0,0,0,0,0,0,0,0,0,1,1,1,1,1,1,0,0,0,1,0,0,1,1,5156.3,0C,1,1,0,1,1,0,1,0,0,116.19,357.31,,,,,,,,,,,,,,,,,,,,,,,,,,,,,,,,,,,,,,,,,,,,,,,,,,,,,,,,,
1698,777,759,14.10,77.25,1483,10.0,15.000,3.501,6.93,4.703,23.74,1.00,0.21,-0.76,0.46,1.036,0.05,-12.56,0.702,0.01,0.07,0.194,-41.3,39.454,0.719,-52.500,2520,-42.66,1766.7,0.78,7.26,-27.8,1,1,0,0,0,1,0,1,0,1,0,1,0,1,0,1,0,1,1,1,1,1,1,1,1,1,1,1,1,1,1,1,1,1,1,,,,,,,,,,,,,,,,,,,,,,,,,,,,,,,,,,,,,,,,,,,,,,,,,,,,,,,,,,,,,,,,,,,,,
1699,778,156,14.10,77.25,1496,11.3,8.250,3.386,171.88,68.476,1059.02,1.45,0.04,-1.38,1.07,0.007,0.05,-12.56,0.730,0.01,0.07,102.916,72.8,39.559,0.047,-3.000,1920,94.42,313.0,-78.91,7.39,-27.8,1,1,0,1,0,1,0,1,0,1,0,1,0,1,0,1,0,1,1,1,1,1,1,1,1,1,1,1,1,1,1,1,1,1,1,,,,,,,,,,,,,,,,,,,,,,,,,,,,,,,,,,,,,,,,,,,,,,,,,,,,,,,,,,,,,,,,,,,,,
1700,778,529,14.10,77.25,1494,11.3,10.500,3.322,6.37,4.703,24.68,1.00,0.76,-0.76,0.87,0.992,1.02,-1.33,1.078,0.00,0.90,1.937,21.8,35.439,0.673,0.000,900,7.34,4.6,0.57,-2.55,27.8,1,1,0,1,1,1,0,0,0,0,1,0,0,0,0,0,0,0,0,0,1,1,1,1,1,1,0,0,0,0,0,0,1,1,5156.3,0C,1,1,0,1,1,0,1,0,0,150.13,435.19,,,,,,,,,,,,,,,,,,,,,,,,,,,,,,,,,,,,,,,,,,,,,,,,,,,,,,,,,
1701,778,918,14.10,77.25,1555,11.3,12.750,3.354,6.45,4.703,24.07,1.00,0.30,-0.76,0.26,1.034,1.02,-1.33,1.085,0.00,0.90,2.348,22.5,36.477,0.673,0.000,900,7.34,4.6,0.57,-2.64,27.8,1,1,0,1,1,1,0,0,0,0,1,0,0,0,0,0,0,0,0,0,1,1,1,1,1,1,0,0,0,0,0,0,1,1,5156.3,0C,1,1,0,1,1,0,1,0,0,147.25,428.44,,,,,,,,,,,,,,,,,,,,,,,,,,,,,,,,,,,,,,,,,,,,,,,,,,,,,,,,,
1702,779,308,14.10,77.25,1612,11.3,13.500,3.200,6.54,4.382,23.77,1.00,0.82,-0.76,0.85,0.989,1.02,-1.33,1.091,0.00,0.90,2.348,22.5,37.514,0.673,0.000,900,7.33,4.6,0.57,-2.63,27.8,1,1,0,1,1,1,0,0,0,0,1,0,0,0,0,0,0,0,0,0,1,1,1,1,1,1,0,0,0,0,0,0,1,1,5156.3,0C,1,1,0,1,1,0,1,0,0,145.63,425.25,,,,,,,,,,,,,,,,,,,,,,,,,,,,,,,,,,,,,,,,,,,,,,,,,,,,,,,,,
1703,781,762,14.10,77.25,1940,13.8,32.250,2.918,6.62,2.921,20.67,1.00,0.83,-0.76,0.87,1.036,1.02,-1.33,1.118,0.00,0.90,2.348,21.8,36.477,0.673,0.000,900,7.10,4.6,0.55,-2.55,27.8,1,1,0,1,1,1,0,0,0,0,1,0,0,0,0,0,0,0,0,0,1,1,1,1,1,1,0,0,0,0,0,0,1,1,5156.3,0C,1,1,0,1,1,0,1,0,0,126.44,351.19,,,,,,,,,,,,,,,,,,,,,,,,,,,,,,,,,,,,,,,,,,,,,,,,,,,,,,,,,
1704,782,147,14.10,77.25,1971,15.0,33.750,2.374,5.27,0.000,17.51,1.00,0.89,-0.76,0.94,1.009,1.02,-1.33,1.103,0.00,0.90,2.348,21.8,34.401,0.673,-57.750,2500,-26.25,1766.7,1.16,-43.38,115.5,0,1,0,0,0,1,0,1,1,1,1,1,0,1,1,0,0,1,0,0,0,0,0,0,0,0,0,1,1,0,0,0,0,0,7085.7,F5,0,1,0,1,0,1,1,1,1,1,1,,,,,,,,,,,,,,,,,,,,,,,,,,,,,,,,,,,,,,,,,,,,,,,,,,,,,,,,,
1705,782,538,14.10,77.25,1990,15.0,27.000,2.208,5.22,0.000,16.29,1.00,0.85,-0.76,0.92,0.990,1.02,-1.33,1.097,0.00,0.90,2.348,21.8,31.983,0.673,0.000,900,7.07,4.6,0.55,-4.04,27.8,1,1,0,1,1,1,0,0,0,0,1,0,0,0,0,0,0,0,1,0,1,1,1,1,1,0,0,0,0,1,0,0,1,1,5156.3,0C,1,1,0,1,1,0,1,0,0,97.56,283.56,,,,,,,,,,,,,,,,,,,,,,,,,,,,,,,,,,,,,,,,,,,,,,,,,,,,,,,,,
1706,782,920,14.10,78.00,1957,15.0,31.500,2.035,4.91,0.000,14.91,1.00,0.77,-0.76,0.89,0.965,1.02,-1.33,1.102,0.00,0.90,1.643,21.8,29.564,0.673,0.000,900,7.09,4.6,0.55,-3.96,27.8,1,1,0,1,1,1,0,0,0,0,1,0,0,0,0,0,0,0,1,0,1,1,1,1,1,0,0,0,0,1,0,0,1,1,5156.3,0C,1,1,0,1,1,0,1,0,0,88.50,271.94,,,,,,,,,,,,,,,,,,,,,,,,,,,,,,,,,,,,,,,,,,,,,,,,,,,,,,,,,
1707,783,300,14.10,78.00,1907,13.8,12.000,2.003,4.42,0.241,13.88,1.00,0.16,-0.76,0.19,0.999,1.02,-1.33,1.107,0.00,0.90,1.643,21.8,27.146,0.673,0.000,900,7.11,4.6,0.55,-3.86,27.8,1,1,0,1,1,1,0,0,0,0,1,0,0,0,0,0,0,0,1,0,1,1,1,1,1,0,0,0,0,1,0,0,1,1,5156.3,0C,1,1,0,1,1,0,1,0,0,83.25,255.75,,,,,,,,,,,,,,,,,,,,,,,,,,,,,,,,,,,,,,,,,,,,,,,,,,,,,,,,,
1708,783,674,14.10,78.00,1834,13.8,36.750,1.670,4.00,1.295,11.06,1.00,0.17,-0.76,0.21,1.018,1.02,-1.33,1.116,0.00,0.90,1.643,21.8,23.346,0.673,0.000,900,7.19,4.6,0.56,-3.59,27.8,1,1,0,1,1,1,0,0,0,0,1,0,0,0,0,0,0,0,1,0,1,1,1,1,1,0,0,0,0,1,0,0,1,1,5156.3,0C,1,1,0,1,1,0,1,1,1,1,1,,,,,,,,,,,,,,,,,,,,,,,,,,,,,,,,,,,,,,,,,,,,,,,,,,,,,,,,,
1709,784,68,14.10,78.00,1796,12.5,36.750,1.773,4.79,2.429,11.39,1.00,0.16,-0.76,0.19,1.037,1.02,-1.33,1.116,0.00,0.90,1.099,22.5,26.459,0.673,0.000,900,7.20,4.6,0.56,-2.58,27.8,1,1,0,1,1,1,0,0,0,0,1,0,0,0,0,0,0,0,0,0,1,1,1,1,1,1,0,0,0,1,0,0,1,1,5156.3,0C,1,1,0,1,1,0,1,0,0,71.50,257.50,,,,,,,,,,,,,,,,,,,,,,,,,,,,,,,,,,,,,,,,,,,,,,,,,,,,,,,,,
1710,784,464,14.10,78.00,1677,12.5,11.250,2.323,5.15,4.218,15.19,1.00,0.18,-0.76,0.19,1.057,1.02,-1.33,1.093,0.00,0.90,1.099,22.5,30.945,0.673,0.000,900,7.29,4.6,0.56,-2.62,27.8,1,1,0,1,1,1,0,0,0,0,1,0,0,0,0,0,0,0,0,0,1,1,1,1,1,1,0,0,0,1,0,0,1,1,5156.3,0C,1,1,0,1,1,0,1,0,0,93.06,307.88,,,,,,,,,,,,,,,,,,,,,,,,,,,,,,,,,,,,,,,,,,,,,,,,,,,,,,,,,
1711,784,851,14.10,78.00,1728,12.5,32.250,3.040,7.30,4.382,19.57,1.00,0.21,-0.76,0.23,1.078,1.02,-1.33,1.097,0.00,0.90,1.862,22.5,35.790,0.673,0.000,900,7.25,4.6,0.56,-2.60,27.8,1,1,0,1,1,1,0,0,0,0,1,0,0,0,0,0,0,0,0,0,1,1,1,1,1,1,0,0,0,0,0,0,1,1,5156.3,0C,1,1,0,1,1,0,1,0,0,122.56,376.38,,,,,,,,,,,,,,,,,,,,,,,,,,,,,,,,,,,,,,,,,,,,,,,,,,,,,,,,,
1712,785,267,14.10,78.00,1728,12.5,13.500,3.142,6.98,4.218,21.77,1.00,0.92,-0.76,0.89,1.055,1.02,-1.33,1.106,0.00,0.90,1.862,22.5,37.514,0.673,0.000,900,7.24,4.6,0.56,-2.60,27.8,1,1,0,1,1,1,0,0,0,0,1,0,0,0,0,0,0,0,0,0,1,1,1,1,1,1,0,0,0,0,0,0,1,1,5156.3,0C,1,1,0,1,1,0,1,0,0,132.69,405.31,,,,,,,,,,,,,,,,,,,,,,,,,,,,,,,,,,,,,,,,,,,,,,,,,,,,,,,,,
1713,785,692,14.10,78.00,1767,12.5,32.250,3.027,6.37,3.406,20.81,1.00,0.20,-0.76,0.28,1.071,1.02,-1.33,1.108,0.00,0.90,1.862,22.5,35.790,0.673,0.000,900,7.21,4.6,0.56,-2.59,27.8,1,1,0,1,1,1,0,0,0,0,1,0,0,0,0,0,0,0,0,0,1,1,1,1,1,1,0,0,0,0,0,0,1,1,5156.3,0C,1,1,0,1,1,0,1,0,0,126.13,388.50,,,,,,,,,,,,,,,,,,,,,,,,,,,,,,,,,,,,,,,,,,,,,,,,,,,,,,,,,
1714,786,90,14.10,78.00,1844,13.8,33.000,3.072,6.74,2.757,20.27,1.00,0.34,-0.76,0.78,1.099,1.02,-1.33,1.113,0.00,0.90,2.419,22.5,35.790,0.673,0.000,900,7.17,4.6,0.56,-2.58,27.8,1,1,0,1,1,1,0,0,0,0,1,0,0,0,0,0,0,0,0,0,1,1,1,1,1,1,0,0,0,0,0,0,1,1,5156.3,0C,1,1,0,1,1,0,1,0,0,125.44,366.81,,,,,,,,,,,,,,,,,,,,,,,,,,,,,,,,,,,,,,,,,,,,,,,,,,,,,,,,,
1715,786,505,14.10,78.00,1905,13.8,21.000,2.707,5.93,0.726,18.61,1.00,0.91,-0.76,0.93,1.067,1.02,-1.33,1.105,0.00,0.90,2.419,22.5,34.058,0.673,0.000,900,7.14,4.6,0.55,-3.83,27.8,1,1,0,1,1,1,0,0,0,0,1,0,0,0,0,0,0,0,1,0,1,1,1,1,1,0,0,0,0,1,0,0,1,1,5156.3,0C,1,1,0,1,1,0,1,0,0,112.19,332.06,,,,,,,,,,,,,,,,,,,,,,,,,,,,,,,,,,,,,,,,,,,,,,,,,,,,,,,,,
1716,786,890,14.10,78.00,1953,13.8,33.750,2.349,5.35,0.000,16.34,1.00,0.89,-0.76,0.95,1.041,1.02,-1.33,1.094,0.00,0.90,2.113,22.5,31.983,0.673,0.000,900,7.10,4.6,0.55,-3.96,27.8,1,1,0,1,1,1,0,0,0,0,1,0,0,0,0,0,0,0,1,0,1,1,1,1,1,0,0,0,0,1,0,0,1,1,5156.3,0C,1,1,0,1,1,0,1,0,0,97.69,290.56,,,,,,,,,,,,,,,,,,,,,,,,,,,,,,,,,,,,,,,,,,,,,,,,,,,,,,,,,
1717,787,296,14.10,78.00,1950,13.8,24.000,2.189,5.10,0.000,15.33,1.00,0.81,-0.76,0.93,1.017,1.02,-1.33,1.100,0.00,0.90,2.113,22.5,29.915,0.673,0.000,900,7.10,4.6,0.55,-3.96,27.8,1,1,0,1,1,1,0,0,0,0,1,0,0,0,0,0,0,0,1,0,1,1,1,1,1,0,0,0,0,1,0,0,1,1,5156.3,0C,1,1,0,1,1,0,1,0,0,92.63,276.56,,,,,,,,,,,,,,,,,,,,,,,,,,,,,,,,,,,,,,,,,,,,,,,,,,,,,,,,,
1718,787,698,14.10,78.00,1912,13.8,35.250,1.958,4.79,0.000,13.73,1.00,0.42,-0.76,0.90,0.997,1.02,-1.33,1.107,0.00,0.90,2.113,22.5,27.146,0.673,0.000,900,7.13,4.6,0.55,-3.83,27.8,1,1,0,1,1,1,0,0,0,0,1,0,0,0,0,0,0,0,1,0,1,1,1,1,1,0,0,0,0,1,0,0,1,1,5156.3,0C,1,1,0,1,1,0,1,0,0,83.13,265.00,,,,,,,,,,,,,,,,,,,,,,,,,,,,,,,,,,,,,,,,,,,,,,,,,,,,,,,,,
1719,788,117,14.10,78.00,1867,13.8,24.750,1.875,4.13,0.967,12.40,1.00,0.17,-0.76,0.19,1.036,1.02,-1.33,1.115,0.00,0.90,1.408,22.5,24.384,0.673,0.000,900,7.16,4.6,0.55,-3.75,27.8,1,1,0,1,1,1,0,0,0,0,1,0,0,0,0,0,0,0,1,0,1,1,1,1,1,0,0,0,0,1,0,0,1,1,5156.3,0C,1,1,0,1,1,0,1,0,0,75.88,249.19,,,,,,,,,,,,,,,,,,,,,,,,,,,,,,,,,,,,,,,,,,,,,,,,,,,,,,,,,
1720,788,511,14.10,78.00,1779,13.8,21.750,1.811,4.13,1.781,11.23,1.00,0.17,-0.76,0.20,1.056,1.02,-1.33,1.115,0.00,0.90,1.408,22.5,23.346,0.673,-54.750,2520,-65.32,1766.7,1.16,-43.38,115.5,0,1,0,0,0,1,0,1,1,1,1,1,0,1,1,0,0,1,0,0,0,0,0,0,0,0,0,0,1,0,0,0,0,0,4738.7,1,0,1,0,1,0,1,1,1,1,1,1,,,,,,,,,,,,,,,,,,,,,,,,,,,,,,,,,,,,,,,,,,,,,,,,,,,,,,,,,
1721,788,918,14.10,78.00,1750,12.5,35.250,2.106,5.10,3.648,13.20,1.00,0.17,-0.76,0.19,1.075,1.02,-1.33,1.108,0.00,0.90,1.318,22.5,29.564,0.673,0.000,900,7.24,4.6,0.56,-2.60,27.8,1,1,0,1,1,1,0,0,0,0,1,0,0,0,0,0,0,0,0,0,1,1,1,1,1,1,0,0,0,1,0,0,1,1,5156.3,0C,1,1,0,1,1,0,1,0,0,83.94,287.81,,,,,,,,,,,,,,,,,,,,,,,,,,,,,,,,,,,,,,,,,,,,,,,,,,,,,,,,,
1722,789,300,14.10,78.75,1702,12.5,20.250,2.893,4.98,3.890,18.35,1.00,0.20,-0.76,0.21,1.096,1.02,-1.33,1.092,0.00,0.90,1.318,22.5,31.640,0.673,0.000,900,7.28,4.6,0.56,-2.62,27.8,1,1,0,1,1,1,0,0,0,0,1,0,0,0,0,0,0,0,0,0,1,1,1,1,1,0,0,0,0,0,0,0,1,1,5156.3,0C,1,1,0,1,1,0,1,0,0,110.88,349.19,,,,,,,,,,,,,,,,,,,,,,,,,,,,,,,,,,,,,,,,,,,,,,,,,,,,,,,,,
1723,789,717,14.10,78.75,1760,12.5,32.250,3.034,6.69,3.078,20.55,1.00,0.83,-0.76,0.87,1.061,1.02,-1.33,1.105,0.00,0.90,1.318,22.5,35.439,0.673,0.000,900,7.23,4.6,0.56,-2.60,27.8,1,1,0,1,1,1,0,0,0,0,1,0,0,0,0,0,0,0,0,0,1,1,1,1,1,1,0,0,0,0,0,0,1,1,5156.3,0C,1,1,0,1,1,0,1,0,0,123.69,382.75,,,,,,,,,,,,,,,,,,,,,,,,,,,,,,,,,,,,,,,,,,,,,,,,,,,,,,,,,
1724,790,109,14.10,78.75,1826,13.8,21.000,2.938,6.45,0.000,19.20,1.00,0.22,-0.76,0.25,1.100,1.02,-1.33,1.105,0.00,0.90,2.419,22.5,34.058,0.673,0.000,900,7.19,4.6,0.56,-3.66,27.8,1,1,0,1,1,1,0,0,0,0,1,0,0,0,0,0,0,0,1,0,1,1,1,1,1,0,0,0,0,1,0,0,1,1,5156.3,0C,1,1,0,1,1,0,1,0,0,116.44,355.19,,,,,,,,,,,,,,,,,,,,,,,,,,,,,,,,,,,,,,,,,,,,,,,,,,,,,,,,,
1725,790,499,14.10,78.75,1868,13.8,27.750,2.541,5.57,0.000,17.25,1.00,0.82,-0.76,0.88,1.062,1.02,-1.33,1.095,0.00,0.90,2.419,22.5,32.334,0.673,0.000,900,7.16,4.6,0.55,-3.76,27.8,1,1,0,1,1,1,0,0,0,0,1,0,0,0,0,0,0,0,1,0,1,1,1,1,1,0,0,0,0,1,0,0,1,1,5156.3,0C,1,1,0,1,1,0,1,0,0,103.00,318.44,,,,,,,,,,,,,,,,,,,,,,,,,,,,,,,,,,,,,,,,,,,,,,,,,,,,,,,,,
1726,790,887,14.10,78.75,1887,13.8,34.500,2.330,5.35,0.000,15.26,1.00,0.21,-0.76,0.81,1.088,1.02,-1.33,1.096,0.00,0.90,1.877,22.5,30.259,0.673,0.000,900,7.15,4.6,0.55,-3.80,27.8,1,1,0,1,1,1,0,0,0,0,1,0,0,0,0,0,0,0,1,0,1,1,1,1,1,0,0,0,0,1,0,0,1,1,5156.3,0C,1,1,0,1,1,0,1,0,0,94.06,291.69,,,,,,,,,,,,,,,,,,,,,,,,,,,,,,,,,,,,,,,,,,,,,,,,,,,,,,,,,
1727,791,278,14.10,78.75,1893,13.8,35.250,2.208,5.03,0.000,14.58,1.00,0.87,-0.76,0.87,1.063,1.02,-1.33,1.101,0.00,0.90,1.877,22.5,27.840,0.673,0.000,900,7.15,4.6,0.55,-3.80,27.8,1,1,0,1,1,1,0,0,0,0,1,0,0,0,0,0,0,0,1,0,1,1,1,1,1,0,0,0,0,1,0,0,1,1,5156.3,0C,1,1,0,1,1,0,1,0,0,87.38,279.44,,,,,,,,,,,,,,,,,,,,,,,,,,,,,,,,,,,,,,,,,,,,,,,,,,,,,,,,,
1728,791,677,14.10,78.75,1857,13.8,36.000,1.984,4.74,0.000,13.15,1.00,0.28,-0.76,0.87,1.045,1.02,-1.33,1.110,0.00,0.90,1.877,22.5,25.422,0.673,0.000,900,7.17,4.6,0.56,-3.70,27.8,1,1,0,1,1,1,0,0,0,0,1,0,0,0,0,0,0,0,1,0,1,1,1,1,1,0,0,0,0,1,0,0,1,1,5156.3,0C,1,1,0,1,1,0,1,0,0,81.13,271.00,,,,,,,,,,,,,,,,,,,,,,,,,,,,,,,,,,,,,,,,,,,,,,,,,,,,,,,,,
1729,792,67,14.10,78.75,1849,13.8,36.750,1.843,4.05,0.000,11.65,1.00,0.20,-0.76,0.21,1.085,1.02,-1.33,1.116,0.00,0.90,1.318,22.5,24.033,0.673,0.000,900,7.17,4.6,0.56,-3.70,27.8,1,1,0,1,1,1,0,0,0,0,1,0,0,0,0,0,0,0,1,0,1,1,1,1,1,0,0,0,0,1,0,0,1,1,5156.3,0C,1,1,0,1,1,0,1,0,0,71.00,246.31,,,,,,,,,,,,,,,,,,,,,,,,,,,,,,,,,,,,,,,,,,,,,,,,,,,,,,,,,
1730,792,457,14.10,78.75,1754,12.5,15.000,1.901,3.93,0.000,11.39,1.00,0.17,-0.76,0.19,1.104,1.02,-1.33,1.115,0.00,0.90,1.318,22.5,23.690,0.673,0.000,900,7.24,4.6,0.56,-3.42,27.8,1,1,0,1,1,1,0,0,0,0,1,0,0,0,0,0,0,0,1,0,1,1,1,1,1,0,0,0,0,1,0,0,1,1,5156.3,0C,1,1,0,1,1,0,1,0,0,70.56,255.13,,,,,,,,,,,,,,,,,,,,,,,,,,,,,,,,,,,,,,,,,,,,,,,,,,,,,,,,,
1731,792,841,14.10,78.75,1629,12.5,-1.500,2.150,3.88,0.000,12.82,1.00,0.19,-0.76,0.20,1.123,1.02,-1.33,1.109,0.00,0.90,1.174,22.5,23.346,0.673,0.000,900,7.35,4.6,0.57,-2.99,27.8,1,1,0,1,1,1,0,0,0,0,1,0,0,0,0,0,0,0,1,0,1,1,1,1,1,0,0,0,0,1,0,0,1,1,5156.3,0C,1,1,0,1,1,0,1,0,0,79.56,274.88,,,,,,,,,,,,,,,,,,,,,,,,,,,,,,,,,,,,,,,,,,,,,,,,,,,,,,,,,
1732,793,231,14.10,78.75,1575,11.3,-1.500,2.259,3.76,0.000,13.41,1.00,0.22,-0.76,0.25,1.138,1.02,-1.33,1.104,0.00,0.90,1.174,22.5,22.652,0.673,0.000,900,7.35,4.6,0.57,-2.82,27.8,1,1,0,1,1,1,0,0,0,0,1,0,0,0,0,0,0,0,1,0,1,1,1,1,1,0,0,0,0,1,0,0,1,1,5156.3,0C,1,1,0,1,1,0,1,0,0,83.88,281.75,,,,,,,,,,,,,,,,,,,,,,,,,,,,,,,,,,,,,,,,,,,,,,,,,,,,,,,,,
1733,793,621,14.10,78.75,1446,10.0,-8.250,2.253,3.69,0.319,14.11,1.00,0.93,-0.76,0.96,1.098,1.02,-1.33,1.091,0.00,0.90,1.174,22.5,22.309,0.673,0.000,900,7.35,4.6,0.57,-2.30,27.8,1,1,0,1,1,1,0,0,0,0,1,0,0,0,0,0,0,0,1,0,1,1,1,1,1,0,0,0,0,1,0,0,1,1,5156.3,0C,1,1,0,1,1,0,1,0,0,86.38,292.44,,,,,,,,,,,,,,,,,,,,,,,,,,,,,,,,,,,,,,,,,,,,,,,,,,,,,,,,,
1734,794,59,14.10,78.75,1303,8.8,-15.000,2.464,3.56,2.351,14.53,1.00,0.21,-0.76,0.71,1.000,1.02,-1.33,1.079,0.00,0.90,1.118,23.3,8.995,0.673,0.000,900,7.35,4.6,0.57,-1.53,27.8,1,1,0,1,1,1,0,0,0,0,1,0,0,0,0,0,0,0,0,0,1,1,0,1,0,0,0,0,0,1,0,0,1,1,5156.3,0C,1,1,0,1,1,0,1,0,0,89.94,326.88,,,,,,,,,,,,,,,,,,,,,,,,,,,,,,,,,,,,,,,,,,,,,,,,,,,,,,,,,
1735,794,470,14.10,78.75,1176,7.5,12.000,2.598,4.54,3.569,16.22,0.97,0.88,-0.76,0.78,0.976,1.02,-1.33,1.068,0.00,0.90,1.118,23.3,9.178,0.673,0.000,900,7.36,4.6,0.57,-1.18,27.8,1,1,0,1,1,1,0,0,0,0,1,0,0,0,0,0,0,0,0,0,1,1,1,1,0,0,0,0,0,1,0,0,1,1,5156.3,0C,1,1,0,1,1,0,1,0,0,97.81,358.00,,,,,,,,,,,,,,,,,,,,,,,,,,,,,,,,,,,,,,,,,,,,,,,,,,,,,,,,,
1736,794,878,14.10,79.50,1138,7.5,18.000,3.059,4.79,5.031,19.38,0.96,0.89,-0.76,0.94,0.963,1.02,-1.33,1.051,0.00,0.90,1.408,23.3,9.865,0.673,0.000,900,7.36,4.6,0.57,-1.04,27.8,1,1,0,1,1,1,0,0,0,0,1,0,0,0,0,0,0,0,0,0,1,1,1,1,1,0,0,0,0,1,0,0,1,1,5156.3,0C,1,1,0,1,1,0,1,0,0,118.00,408.31,,,,,,,,,,,,,,,,,,,,,,,,,,,,,,,,,,,,,,,,,,,,,,,,,,,,,,,,,
1737,795,280,14.10,79.50,1163,7.5,30.000,3.181,6.08,5.194,21.70,0.96,0.89,-0.76,0.95,0.944,1.02,-1.33,1.043,0.00,0.90,1.408,23.3,10.559,0.673,0.000,900,7.36,4.6,0.57,-1.21,27.8,1,1,0,1,1,1,0,0,0,0,1,0,0,0,0,0,0,0,0,0,1,1,1,1,1,0,0,0,0,0,0,0,1,1,5156.3,0C,1,1,0,1,1,0,1,0,0,135.00,448.38,,,,,,,,,,,,,,,,,,,,,,,,,,,,,,,,,,,,,,,,,,,,,,,,,,,,,,,,,
1738,795,677,14.10,79.50,1211,8.8,9.000,3.693,5.93,5.194,26.06,0.98,0.25,-0.76,0.73,0.931,1.02,-1.33,1.042,0.00,0.90,1.408,23.3,11.246,0.673,0.000,900,7.36,4.6,0.57,-1.37,27.8,1,1,0,1,1,1,0,0,0,0,1,0,0,0,0,0,0,0,0,0,1,1,1,1,1,0,0,0,0,0,0,0,1,1,5156.3,0C,1,1,0,1,1,0,1,0,0,160.06,494.06,,,,,,,,,,,,,,,,,,,,,,,,,,,,,,,,,,,,,,,,,,,,,,,,,,,,,,,,,
1739,796,60,14.10,79.50,1260,8.8,8.250,3.558,5.64,5.194,26.13,0.98,0.85,-0.76,0.84,0.933,1.02,-1.33,1.044,0.00,0.90,2.053,23.3,11.597,0.673,0.000,900,7.36,4.6,0.57,-1.50,27.8,1,1,0,1,1,1,0,0,0,0,1,0,0,0,0,0,0,0,0,0,1,1,1,1,1,0,0,0,0,0,0,0,1,1,5156.3,0C,1,1,0,1,1,0,1,0,0,158.94,485.19,,,,,,,,,,,,,,,,,,,,,,,,,,,,,,,,,,,,,,,,,,,,,,,,,,,,,,,,,
1740,796,470,14.10,79.50,1307,10.0,12.000,3.264,5.59,5.194,24.63,0.99,0.82,-0.76,0.88,0.910,1.02,-1.33,1.050,0.00,0.90,2.053,23.3,12.284,0.673,0.000,900,7.36,4.6,0.57,-1.64,27.8,1,1,0,1,1,1,0,0,0,0,1,0,0,0,0,0,0,0,0,0,1,1,1,1,1,0,0,0,0,0,0,0,1,1,5156.3,0C,1,1,0,1,1,0,1,0,0,151.38,458.75,,,,,,,,,,,,,,,,,,,,,,,,,,,,,,,,,,,,,,,,,,,,,,,,,,,,,,,,,
1741,796,861,14.10,79.50,1358,10.0,15.000,3.213,5.59,5.194,23.70,1.00,0.21,-0.76,0.24,0.937,1.02,-1.33,1.058,0.00,0.90,1.918,23.3,13.321,0.673,0.000,900,7.36,4.6,0.57,-1.92,27.8,1,1,0,1,1,1,0,0,0,0,1,0,0,0,0,0,0,0,0,0,1,1,1,1,1,0,0,0,0,0,0,0,1,1,5156.3,0C,1,1,0,1,1,0,1,0,0,144.69,432.38,,,,,,,,,,,,,,,,,,,,,,,,,,,,,,,,,,,,,,,,,,,,,,,,,,,,,,,,,
1742,797,258,14.10,79.50,1417,10.0,20.250,3.072,5.71,5.194,22.55,1.00,0.79,-0.76,0.72,0.929,1.02,-1.33,1.068,0.00,0.90,1.918,23.3,14.015,0.673,0.000,900,7.36,4.6,0.57,-2.25,27.8,1,1,0,1,1,1,0,0,0,0,1,0,0,0,0,0,0,0,0,0,1,1,1,1,1,0,0,0,0,0,0,0,1,1,5156.3,0C,1,1,0,1,1,0,1,0,0,138.13,410.06,,,,,,,,,,,,,,,,,,,,,,,,,,,,,,,,,,,,,,,,,,,,,,,,,,,,,,,,,
1743,797,650,14.10,79.50,1481,11.3,17.250,3.123,6.37,5.194,22.88,1.00,0.22,-0.76,0.82,0.911,1.02,-1.33,1.078,0.00,0.90,1.918,23.3,14.702,0.673,0.000,900,7.36,4.6,0.57,-2.58,27.8,1,1,0,1,1,1,0,0,0,0,1,0,0,0,0,0,0,0,0,0,1,1,1,1,1,0,0,0,0,0,0,0,1,1,5156.3,0C,1,1,0,1,1,0,1,0,0,140.50,414.88,,,,,,,,,,,,,,,,,,,,,,,,,,,,,,,,,,,,,,,,,,,,,,,,,,,,,,,,,
1744,798,40,14.10,79.50,1538,11.3,14.250,3.366,6.62,5.194,23.70,1.00,0.21,-0.76,0.22,0.954,1.02,-1.33,1.086,0.00,0.90,1.937,23.3,15.396,0.673,0.000,900,7.36,4.6,0.57,-2.64,27.8,1,1,0,1,1,1,0,0,0,0,1,0,0,0,0,0,0,0,0,0,1,1,1,1,1,0,0,0,0,0,0,0,1,1,5156.3,0C,1,1,0,1,1,0,1,0,0,146.63,427.81,,,,,,,,,,,,,,,,,,,,,,,,,,,,,,,,,,,,,,,,,,,,,,,,,,,,,,,,,
1745,798,458,14.10,79.50,1596,11.3,12.000,3.386,6.79,5.194,24.54,1.00,0.83,-0.76,0.85,0.923,1.02,-1.33,1.089,0.00,0.90,1.937,23.3,16.777,0.673,0.000,900,7.35,4.6,0.57,-2.64,27.8,1,1,0,1,1,1,0,0,0,0,1,0,0,0,0,0,0,0,0,0,1,1,1,1,1,0,0,0,0,0,0,0,1,1,5156.3,0C,1,1,0,1,1,0,1,0,0,150.38,435.88,,,,,,,,,,,,,,,,,,,,,,,,,,,,,,,,,,,,,,,,,,,,,,,,,,,,,,,,,
1746,798,860,14.10,79.50,1632,11.3,12.000,3.213,6.79,5.194,23.93,1.00,0.84,-0.76,0.89,0.902,1.02,-1.33,1.095,0.00,0.90,2.348,23.3,17.472,0.673,0.000,900,7.32,4.6,0.56,-2.63,27.8,1,1,0,1,1,1,0,0,0,0,1,0,0,0,0,0,0,0,0,0,1,1,1,1,1,0,0,0,0,0,0,0,1,1,5156.3,0C,1,1,0,1,1,0,1,0,0,144.25,426.00,,,,,,,,,,,,,,,,,,,,,,,,,,,,,,,,,,,,,,,,,,,,,,,,,,,,,,,,,
1747,799,247,14.10,79.50,1695,12.5,15.000,3.149,7.23,5.194,22.99,1.00,0.21,-0.76,0.22,0.929,1.02,-1.33,1.100,0.00,0.90,2.348,22.5,18.853,0.673,0.000,900,7.27,4.6,0.56,-2.61,27.8,1,1,0,1,1,1,0,0,0,0,1,0,0,0,0,0,0,0,0,0,1,1,1,1,1,0,0,0,0,0,0,0,1,1,5156.3,0C,1,1,0,1,1,0,1,0,0,141.25,422.31,,,,,,,,,,,,,,,,,,,,,,,,,,,,,,,,,,,,,,,,,,,,,,,,,,,,,,,,,
1748,799,641,14.10,79.50,1689,12.5,12.000,3.341,284.38,16.132,248.84,1.45,0.04,-1.40,0.97,0.007,0.06,7.00,0.391,0.01,0.07,0.194,-41.3,32.422,0.719,-54.000,2520,-69.22,1766.7,1.16,-49.63,115.5,0,1,0,0,0,1,0,1,1,1,1,1,0,1,1,0,0,1,0,0,0,0,0,0,0,0,0,0,0,1,0,0,0,0,7769.7,59,0,1,0,1,0,1,1,1,1,1,1,,,,,,,,,,,,,,,,,,,,,,,,,,,,,,,,,,,,,,,,,,,,,,,,,,,,,,,,,
1749,800,49,14.10,79.50,1737,12.5,13.500,3.386,7.52,5.194,23.58,1.00,0.19,-0.76,0.21,0.976,1.02,-1.33,1.103,0.00,0.90,2.419,22.5,20.928,0.673,0.000,900,7.25,4.6,0.56,-2.60,27.8,1,1,0,1,1,1,0,0,0,0,1,0,0,0,0,0,0,0,0,0,1,1,1,1,1,0,0,0,0,0,0,0,1,1,5156.3,0C,1,1,0,1,1,0,1,0,0,139.94,422.44,,,,,,,,,,,,,,,,,,,,,,,,,,,,,,,,,,,,,,,,,,,,,,,,,,,,,,,,,
1750,800,437,14.10,80.25,1799,13.8,17.250,3.347,7.96,5.031,22.76,1.00,0.20,-0.76,0.22,1.005,1.02,-1.33,1.106,0.00,0.90,2.419,22.5,22.309,0.673,0.000,900,7.21,4.6,0.56,-2.59,27.8,1,1,0,1,1,1,0,0,0,0,1,0,0,0,0,0,0,0,0,0,1,1,1,1,1,0,0,0,0,0,0,0,1,1,5156.3,0C,1,1,0,1,1,0,1,0,0,141.69,421.88,,,,,,,,,,,,,,,,,,,,,,,,,,,,,,,,,,,,,,,,,,,,,,,,,,,,,,,,,
1751,800,827,14.10,80.25,1895,13.8,32.250,3.168,7.47,3.890,21.80,1.00,0.85,-0.76,0.57,1.001,1.02,-1.33,1.115,0.00,0.90,2.817,22.5,23.690,0.673,0.000,900,7.14,4.6,0.55,-2.56,27.8,1,1,0,1,1,1,0,0,0,0,1,0,0,0,0,0,0,0,0,0,1,1,1,1,1,0,0,0,0,0,0,0,1,1,5156.3,0C,1,1,0,1,1,0,1,0,0,132.25,385.25,,,,,,,,,,,,,,,,,,,,,,,,,,,,,,,,,,,,,,,,,,,,,,,,,,,,,,,,,
1752,801,227,14.10,80.25,1986,13.8,33.000,3.078,7.15,3.569,21.77,1.00,0.85,-0.76,0.87,0.973,1.02,-1.33,1.121,0.00,0.90,2.817,22.5,25.422,0.673,0.000,900,7.07,4.6,0.55,-2.54,27.8,1,1,0,1,1,1,0,0,0,0,1,0,0,0,0,0,0,0,0,0,1,1,1,1,1,0,0,0,0,0,0,0,1,1,5156.3,0C,1,1,0,1,1,0,1,0,0,131.00,358.88,,,,,,,,,,,,,,,,,,,,,,,,,,,,,,,,,,,,,,,,,,,,,,,,,,,,,,,,,
1753,801,622,14.10,80.25,2049,15.0,33.000,2.982,7.10,3.569,21.56,1.00,0.88,-0.76,0.94,0.941,1.02,-1.33,1.124,0.00,0.90,2.817,22.5,26.802,0.673,0.000,900,7.03,4.6,0.54,-2.52,27.8,1,1,0,1,1,1,0,0,0,0,1,0,0,0,0,0,0,0,0,0,1,1,1,1,1,0,0,0,0,0,0,0,1,1,5156.3,0C,1,1,0,1,1,0,1,0,0,130.88,350.50,,,,,,,,,,,,,,,,,,,,,,,,,,,,,,,,,,,,,,,,,,,,,,,,,,,,,,,,,
1754,802,27,14.10,80.25,2099,15.0,33.000,2.790,6.86,3.406,20.84,1.00,0.90,-0.76,0.96,0.910,1.02,-1.33,1.123,0.00,0.90,2.511,22.5,28.878,0.673,0.000,900,7.00,4.6,0.54,-2.51,27.8,1,1,0,1,1,1,0,0,0,0,1,0,0,0,0,0,0,0,0,0,1,1,1,1,1,0,0,0,0,0,0,0,1,1,5156.3,0C,1,1,0,1,1,0,1,0,0,126.50,337.94,,,,,,,,,,,,,,,,,,,,,,,,,,,,,,,,,,,,,,,,,,,,,,,,,,,,,,,,,
1755,802,408,14.10,80.25,2138,16.3,33.750,2.522,6.08,1.210,19.45,1.00,0.91,-0.76,0.97,0.880,1.02,-1.33,1.121,0.00,0.90,2.511,22.5,30.602,0.673,0.000,900,6.97,4.6,0.54,-2.50,27.8,1,1,0,1,1,1,0,0,0,0,1,0,0,0,0,0,0,0,0,0,1,1,1,1,1,0,0,0,0,0,0,0,1,1,5156.3,0C,1,1,0,1,1,0,1,0,0,116.00,316.19,,,,,,,,,,,,,,,,,,,,,,,,,,,,,,,,,,,,,,,,,,,,,,,,,,,,,,,,,
1756,802,789,14.10,80.25,2145,16.3,34.500,2.112,5.35,0.967,16.73,1.00,0.86,-0.76,0.95,0.850,1.02,-1.33,1.113,0.00,0.90,1.894,22.5,33.021,0.673,0.000,900,6.97,4.6,0.54,-4.34,27.8,1,1,0,1,1,1,0,0,0,0,1,0,0,0,0,0,0,0,1,0,1,1,1,1,1,0,0,0,0,1,0,0,1,1,5156.3,0C,1,1,0,1,1,0,1,0,0,101.19,280.81,,,,,,,,,,,,,,,,,,,,,,,,,,,,,,,,,,,,,,,,,,,,,,,,,,,,,,,,,
1757,803,213,14.10,80.25,2084,15.0,26.250,1.888,4.86,1.132,15.42,1.00,0.81,-0.76,0.92,0.824,1.02,-1.33,1.108,0.00,0.90,1.894,22.5,31.640,0.673,0.000,900,7.02,4.6,0.54,-4.27,27.8,1,1,0,1,1,1,0,0,0,0,1,0,0,0,0,0,0,0,1,0,1,1,1,1,1,0,0,0,0,1,0,0,1,1,5156.3,0C,1,1,0,1,1,0,1,0,0,92.81,261.88,,,,,,,,,,,,,,,,,,,,,,,,,,,,,,,,,,,,,,,,,,,,,,,,,,,,,,,,,
1758,803,607,14.10,80.25,2066,15.0,36.000,1.907,4.91,2.109,14.81,1.00,0.17,-0.76,0.18,0.854,1.02,-1.33,1.112,0.00,0.90,1.894,22.5,32.677,0.673,0.000,900,7.02,4.6,0.54,-2.52,27.8,1,1,0,1,1,1,0,0,0,0,1,0,0,0,0,0,0,0,0,0,1,1,1,1,1,1,0,0,0,1,0,0,1,1,5156.3,0C,1,1,0,1,1,0,1,0,0,91.63,257.50,,,,,,,,,,,,,,,,,,,,,,,,,,,,,,,,,,,,,,,,,,,,,,,,,,,,,,,,,
1759,806,54,14.10,80.25,1791,13.8,12.000,2.054,5.10,0.000,15.05,1.00,0.16,-0.76,0.27,0.962,0.06,2.90,0.598,0.01,0.07,101.263,59.3,39.559,0.047,93.750,2000,94.42,313.0,-78.91,4.46,-33.8,1,0,0,1,0,1,0,1,0,1,0,1,0,1,0,1,0,1,1,1,1,1,1,1,1,1,1,1,1,1,1,1,1,1,1,,,,,,,,,,,,,,,,,,,,,,,,,,,,,,,,,,,,,,,,,,,,,,,,,,,,,,,,,,,,,,,,,,,,,
1760,806,467,14.10,81.00,1870,13.8,36.000,1.875,5.10,0.000,13.22,1.00,0.21,-0.76,0.20,1.007,1.02,-1.33,1.108,0.00,0.90,2.262,22.5,27.840,0.673,0.000,900,7.20,4.6,0.56,-3.66,27.8,1,1,0,1,1,1,0,0,0,0,1,0,0,0,0,0,0,0,1,0,1,1,1,1,1,0,0,0,0,1,0,0,1,1,5156.3,0C,1,1,0,1,1,0,1,0,0,81.63,283.44,,,,,,,,,,,,,,,,,,,,,,,,,,,,,,,,,,,,,,,,,,,,,,,,,,,,,,,,,
1761,806,862,14.10,81.00,1843,12.5,26.250,2.093,4.79,0.000,14.18,1.00,0.18,-0.76,0.20,1.027,1.02,-1.33,1.103,0.00,0.90,1.447,22.5,27.146,0.673,0.000,900,7.16,4.6,0.38,-43.38,115.5,0,1,0,0,0,1,0,1,1,1,1,1,0,1,1,0,0,1,0,0,0,0,0,0,0,0,1,0,1,0,0,0,0,0,4226.8,3F,0,1,0,1,0,1,1,1,1,1,1,,,,,,,,,,,,,,,,,,,,,,,,,,,,,,,,,,,,,,,,,,,,,,,,,,,,,,,,,
1762,807,281,14.10,81.00,1704,12.5,24.000,2.029,3.93,0.000,12.98,1.00,0.18,-0.76,0.21,1.048,1.02,-1.33,1.108,0.00,0.90,1.447,22.5,23.003,0.673,0.000,900,7.30,4.6,0.56,-3.17,27.8,1,1,0,1,1,1,0,0,0,0,1,0,0,0,0,0,0,0,1,0,1,1,1,1,1,0,0,0,0,1,0,0,1,1,5156.3,0C,1,1,0,1,1,0,1,0,0,79.88,276.50,,,,,,,,,,,,,,,,,,,,,,,,,,,,,,,,,,,,,,,,,,,,,,,,,,,,,,,,,
1763,807,691,14.10,81.00,1736,12.5,36.000,1.971,4.86,2.023,12.33,1.00,0.73,-0.76,0.22,1.041,1.02,-1.33,1.114,0.00,0.90,1.447,22.5,27.146,0.673,0.000,900,7.25,4.6,0.56,-2.60,27.8,1,1,0,1,1,1,0,0,0,0,1,0,0,0,0,0,0,0,0,0,1,1,1,1,1,1,0,0,0,1,0,0,1,1,5156.3,0C,1,1,0,1,1,0,1,0,0,78.13,273.50,,,,,,,,,,,,,,,,,,,,,,,,,,,,,,,,,,,,,,,,,,,,,,,,,,,,,,,,,
1764,810,150,14.10,81.00,1505,11.3,7.500,3.475,6.08,3.569,25.05,1.00,0.86,-0.76,0.89,1.008,1.02,-1.33,1.080,0.00,0.90,1.937,23.3,34.752,0.673,0.000,900,7.36,4.6,0.57,-2.64,27.8,1,1,0,1,1,1,0,0,0,0,1,0,0,0,0,0,0,0,0,0,1,1,1,1,1,1,0,0,0,0,0,0,1,1,5156.3,0C,1,1,0,1,1,0,1,0,0,152.38,441.81,,,,,,,,,,,,,,,,,,,,,,,,,,,,,,,,,,,,,,,,,,,,,,,,,,,,,,,,,
1765,810,537,14.10,81.00,1534,11.3,11.250,2.963,5.27,2.835,22.20,1.00,0.81,-0.76,0.89,0.990,1.02,-1.33,1.087,0.00,0.90,1.937,23.3,33.371,0.673,0.000,900,7.36,4.6,0.57,-2.64,27.8,1,1,0,1,1,1,0,0,0,0,1,0,0,0,0,0,0,0,0,0,1,1,1,1,1,1,0,0,0,0,0,0,1,1,5156.3,0C,1,1,0,1,1,0,1,0,0,130.50,390.31,,,,,,,,,,,,,,,,,,,,,,,,,,,,,,,,,,,,,,,,,,,,,,,,,,,,,,,,,
1766,810,939,14.10,81.00,1542,11.3,12.750,2.701,5.22,2.109,20.25,1.00,0.72,-0.76,0.85,0.968,1.02,-1.33,1.085,0.00,0.90,1.851,23.3,31.296,0.673,0.000,900,7.36,4.6,0.57,-2.64,27.8,1,1,0,1,1,1,0,0,0,0,1,0,0,0,0,0,0,0,0,0,1,1,1,1,1,1,0,0,0,0,0,0,1,1,5156.3,0C,1,1,0,1,1,0,1,0,0,122.25,370.63,,,,,,,,,,,,,,,,,,,,,,,,,,,,,,,,,,,,,,,,,,,,,,,,,,,,,,,,,
1767,811,336,14.10,81.00,1551,11.3,12.750,2.733,5.22,2.109,19.59,1.00,0.24,-0.76,0.24,1.003,1.02,-1.33,1.084,0.00,0.90,1.851,23.3,30.945,0.673,0.000,900,7.36,4.6,0.57,-2.64,27.8,1,1,0,1,1,1,0,0,0,0,1,0,0,0,0,0,0,0,0,0,1,1,1,1,1,1,0,0,0,0,0,0,1,1,5156.3,0C,1,1,0,1,1,0,1,0,0,119.88,365.00,,,,,,,,,,,,,,,,,,,,,,,,,,,,,,,,,,,,,,,,,,,,,,,,,,,,,,,,,
1768,811,739,14.10,81.00,1552,11.3,13.500,2.643,5.22,2.109,19.52,1.00,0.79,-0.76,0.84,0.966,1.02,-1.33,1.084,0.00,0.90,1.851,23.3,30.602,0.673,0.000,900,7.36,4.6,0.57,-2.64,27.8,1,1,0,1,1,1,0,0,0,0,1,0,0,0,0,0,0,0,0,0,1,1,1,1,1,1,0,0,0,0,0,0,1,1,5156.3,0C,1,1,0,1,1,0,1,0,0,119.06,363.38,,,,,,,,,,,,,,,,,,,,,,,,,,,,,,,,,,,,,,,,,,,,,,,,,,,,,,,,,
1769,812,137,14.10,81.00,1562,11.3,17.250,2.714,5.27,2.593,19.59,1.00,0.21,-0.76,0.23,0.996,1.02,-1.33,1.084,0.00,0.90,1.666,23.3,32.334,0.673,-52.500,2520,-76.25,1766.7,1.55,-49.63,115.5,0,1,0,0,0,1,0,1,1,1,1,1,0,1,1,0,0,1,0,0,0,0,0,0,0,0,1,1,1,0,0,0,0,0,5251.7,CE,0,1,0,1,0,1,1,1,1,1,1,,,,,,,,,,,,,,,,,,,,,,,,,,,,,,,,,,,,,,,,,,,,,,,,,,,,,,,,,
1770,812,540,14.10,81.00,1594,11.3,15.750,3.270,6.93,3.890,22.88,1.00,0.22,-0.76,0.73,1.018,1.02,-1.33,1.089,0.00,0.90,1.666,23.3,36.828,0.673,0.000,900,7.36,4.6,0.57,-2.64,27.8,1,1,0,1,1,1,0,0,0,0,1,0,0,0,0,0,0,0,0,0,1,1,1,1,1,1,0,0,0,0,0,0,1,1,5156.3,0C,1,1,0,1,1,0,1,0,0,145.50,425.63,,,,,,,,,,,,,,,,,,,,,,,,,,,,,,,,,,,,,,,,,,,,,,,,,,,,,,,,,
1771,812,939,14.10,81.00,1633,11.3,11.250,3.283,6.79,3.890,24.40,1.00,0.84,-0.76,0.85,0.984,1.02,-1.33,1.094,0.00,0.90,2.348,23.3,37.514,0.673,0.000,900,7.33,4.6,0.56,-2.63,27.8,1,1,0,1,1,1,0,0,0,0,1,0,0,0,0,0,0,0,0,0,1,1,1,1,1,1,0,0,0,0,0,0,1,1,5156.3,0C,1,1,0,1,1,0,1,0,0,149.06,436.81,,,,,,,,,,,,,,,,,,,,,,,,,,,,,,,,,,,,,,,,,,,,,,,,,,,,,,,,,
1772,813,339,14.10,81.00,1674,12.5,11.250,3.251,6.20,3.406,23.48,1.00,0.20,-0.76,0.27,1.016,1.02,-1.33,1.097,0.00,0.90,2.348,23.3,36.828,0.673,0.000,900,7.30,4.6,0.56,-2.62,27.8,1,1,0,1,1,1,0,0,0,0,1,0,0,0,0,0,0,0,0,0,1,1,1,1,1,1,0,0,0,0,0,0,1,1,5156.3,0C,1,1,0,1,1,0,1,0,0,137.44,412.69,,,,,,,,,,,,,,,,,,,,,,,,,,,,,,,,,,,,,,,,,,,,,,,,,,,,,,,,,
1773,813,739,14.10,81.00,1706,12.5,15.000,2.995,6.45,3.241,21.21,1.00,0.22,-0.76,0.27,1.041,1.02,-1.33,1.100,0.00,0.90,2.348,23.3,36.133,0.673,0.000,900,7.28,4.6,0.56,-2.61,27.8,1,1,0,1,1,1,0,0,0,0,1,0,0,0,0,0,0,0,0,0,1,1,1,1,1,1,0,0,0,0,0,0,1,1,5156.3,0C,1,1,0,1,1,0,1,0,0,128.63,393.06,,,,,,,,,,,,,,,,,,,,,,,,,,,,,,,,,,,,,,,,,,,,,,,,,,,,,,,,,
1774,814,120,14.10,81.00,1736,12.5,16.500,3.066,6.74,3.241,20.98,1.00,0.21,-0.76,0.22,1.066,1.02,-1.33,1.102,0.00,0.90,2.277,23.3,36.477,0.673,-54.000,2520,-66.88,1766.7,1.55,-49.63,115.5,0,1,0,0,0,1,0,1,1,1,1,1,0,1,1,0,0,1,1,1,1,1,1,1,1,1,1,1,1,1,1,1,1,1,1,,,,,,,,,,,,,,,,,,,,,,,,,,,,,,,,,,,,,,,,,,,,,,,,,,,,,,,,,,,,,,,,,,,,,
1775,814,549,14.10,81.00,1774,12.5,16.500,3.155,7.10,3.241,21.02,1.00,0.24,-0.76,0.27,1.094,1.02,-1.33,1.106,0.00,0.90,2.277,23.3,36.828,0.673,0.000,900,7.23,4.6,0.56,-2.59,27.8,1,1,0,1,1,1,0,0,0,0,1,0,0,0,0,0,0,0,0,0,1,1,1,1,1,1,0,0,0,0,0,0,1,1,5156.3,0C,1,1,0,1,1,0,1,0,0,128.38,396.31,,,,,,,,,,,,,,,,,,,,,,,,,,,,,,,,,,,,,,,,,,,,,,,,,,,,,,,,,
1776,814,941,14.10,81.75,1823,13.8,15.750,3.290,7.30,3.241,21.26,1.00,0.62,-0.76,0.48,1.120,1.02,-1.33,1.112,0.00,0.90,0.194,-41.3,19.922,0.719,-55.500,2520,-60.63,1766.7,1.55,-49.63,115.5,0,1,0,0,0,1,0,1,1,1,1,1,0,1,1,0,0,1,0,0,0,0,0,0,0,0,0,0,0,1,0,0,0,0,985.3,4D,0,1,0,1,0,1,1,1,1,1,1,,,,,,,,,,,,,,,,,,,,,,,,,,,,,,,,,,,,,,,,,,,,,,,,,,,,,,,,,
1777,815,341,14.10,81.75,1879,13.8,20.250,2.982,6.74,0.000,20.30,1.00,0.81,-0.76,0.86,1.069,1.02,-1.33,1.116,0.00,0.90,2.640,22.5,36.133,0.673,0.000,900,7.15,4.6,0.55,-3.80,27.8,1,1,0,1,1,1,0,0,0,0,1,0,0,0,0,0,0,0,1,0,1,1,1,1,1,0,0,0,0,1,0,0,1,1,5156.3,0C,1,1,0,1,1,0,1,0,0,122.56,357.00,,,,,,,,,,,,,,,,,,,,,,,,,,,,,,,,,,,,,,,,,,,,,,,,,,,,,,,,,
1778,815,778,14.10,81.75,1899,13.8,21.000,2.624,5.93,0.000,18.21,1.00,0.67,-0.76,0.85,1.047,1.02,-1.33,1.103,0.00,0.90,2.640,22.5,33.371,0.673,0.000,900,7.14,4.6,0.55,-3.84,27.8,1,1,0,1,1,1,0,0,0,0,1,0,0,0,0,0,0,0,1,0,1,1,1,1,1,0,0,0,0,1,0,0,1,1,5156.3,0C,1,1,0,1,1,0,1,0,0,110.69,324.94,,,,,,,,,,,,,,,,,,,,,,,,,,,,,,,,,,,,,,,,,,,,,,,,,,,,,,,,,
1779,816,198,14.10,81.75,1915,13.8,34.500,2.266,5.27,0.000,15.49,1.00,0.82,-0.76,0.89,1.043,1.02,-1.33,1.097,0.00,0.90,2.113,22.5,30.602,0.673,0.000,900,7.13,4.6,0.55,-3.87,27.8,1,1,0,1,1,1,0,0,0,0,1,0,0,0,0,0,0,0,1,0,1,1,1,1,1,0,0,0,0,1,0,0,1,1,5156.3,0C,1,1,0,1,1,0,1,0,0,95.38,288.56,,,,,,,,,,,,,,,,,,,,,,,,,,,,,,,,,,,,,,,,,,,,,,,,,,,,,,,,,
1780,816,611,14.10,81.75,1910,13.8,24.750,2.163,5.10,0.000,14.58,1.00,0.79,-0.76,0.86,1.044,1.02,-1.33,1.102,0.00,0.90,2.113,22.5,28.183,0.673,0.000,900,7.14,4.6,0.55,-3.85,27.8,1,1,0,1,1,1,0,0,0,0,1,0,0,0,0,0,0,0,1,0,1,1,1,1,1,0,0,0,0,1,0,0,1,1,5156.3,0C,1,1,0,1,1,0,1,0,0,88.56,277.13,,,,,,,,,,,,,,,,,,,,,,,,,,,,,,,,,,,,,,,,,,,,,,,,,,,,,,,,,
1781,817,86,14.10,81.75,1843,13.8,14.250,1.901,4.74,0.000,12.77,1.00,0.44,-0.76,0.87,1.024,1.02,-1.33,1.112,0.00,0.90,1.643,22.5,25.071,0.673,0.000,900,7.19,4.6,0.56,-3.64,27.8,1,1,0,1,1,1,0,0,0,0,1,0,0,0,0,0,0,0,0,0,0,0,0,0,0,0,0,0,1,0,0,0,0,0,9346.8,12,0,1,0,1,0,1,1,1,1,1,1,,,,,,,,,,,,,,,,,,,,,,,,,,,,,,,,,,,,,,,,,,,,,,,,,,,,,,,,,
1782,817,555,14.10,81.75,1817,12.5,36.750,1.709,4.00,0.000,10.73,1.00,0.19,-0.76,0.18,1.066,1.02,-1.33,1.115,0.00,0.90,1.643,22.5,23.346,0.673,0.000,900,7.21,4.6,0.56,-3.57,27.8,1,1,0,1,1,1,0,0,0,0,1,0,0,0,0,0,0,0,1,0,1,1,1,1,1,0,0,0,0,1,0,0,1,1,5156.3,0C,1,1,0,1,1,0,1,0,0,66.31,246.06,,,,,,,,,,,,,,,,,,,,,,,,,,,,,,,,,,,,,,,,,,,,,,,,,,,,,,,,,
1783,818,52,14.10,81.75,1710,12.5,9.000,1.939,3.81,0.000,11.81,1.00,0.19,-0.76,0.20,1.091,1.02,-1.33,1.115,0.00,0.90,1.174,22.5,23.346,0.673,0.000,900,7.27,4.6,0.56,-3.32,27.8,1,1,0,1,1,1,0,0,0,0,1,0,0,0,0,0,0,0,1,0,1,1,1,1,1,0,0,0,0,1,0,0,1,1,5156.3,0C,1,1,0,1,1,0,1,0,0,72.13,259.44,,,,,,,,,,,,,,,,,,,,,,,,,,,,,,,,,,,,,,,,,,,,,,,,,,,,,,,,,
1784,818,537,14.10,81.75,1538,11.3,-6.000,2.195,3.64,0.000,14.16,1.00,0.18,-0.76,0.20,1.055,0.03,3.52,0.460,0.01,0.07,0.194,-41.3,41.016,0.719,-52.500,2520,92.50,1766.7,1.16,-43.38,115.5,0,1,0,0,0,1,0,1,1,1,1,1,0,1,1,0,0,1,0,0,0,0,0,0,0,0,1,0,1,0,0,0,0,0,3586.8,E6,0,1,0,1,0,1,1,1,1,1,1,,,,,,,,,,,,,,,,,,,,,,,,,,,,,,,,,,,,,,,,,,,,,,,,,,,,,,,,,
1785,818,938,14.10,81.75,1349,10.0,-15.000,0.000,3.69,0.000,14.46,1.00,0.16,-0.76,0.20,1.000,1.02,-1.33,1.082,0.00,0.90,0.000,23.3,0.000,0.673,0.000,900,7.35,4.6,0.57,-1.68,27.8,1,1,0,1,1,1,0,0,0,0,1,0,1,0,0,0,0,0,1,0,0,1,0,1,0,0,1,0,0,1,0,0,1,1,5156.3,0C,1,1,0,1,1,0,1,0,0,85.00,323.38,,,,,,,,,,,,,,,,,,,,,,,,,,,,,,,,,,,,,,,,,,,,,,,,,,,,,,,,,
1786,819,369,13.80,81.75,1145,10.0,0.000,3.136,4.17,0.000,18.40,1.45,0.04,-1.35,0.28,0.007,0.00,0.04,0.000,0.01,0.07,0.194,-41.3,41.407,0.719,47.250,2540,-8.29,1766.7,4.47,-43.38,115.5,0,1,0,0,0,1,0,1,1,1,1,1,0,1,1,0,0,1,0,0,0,0,0,0,0,0,1,1,1,0,0,0,0,0,814.7,CD,0,1,0,1,0,1,1,1,1,1,1,,,,,,,,,,,,,,,,,,,,,,,,,,,,,,,,,,,,,,,,,,,,,,,,,,,,,,,,,
1787,819,751,13.90,81.75,1059,8.8,2.250,3.232,4.13,0.000,20.11,0.97,0.93,-0.76,0.91,0.975,1.02,-1.33,1.047,0.00,0.90,1.505,23.3,0.000,0.673,0.000,900,7.36,4.6,0.73,-0.24,27.8,1,1,0,1,1,1,0,0,0,0,1,0,1,0,0,0,0,0,1,0,0,1,1,1,1,1,0,0,0,1,0,0,1,1,5156.3,0C,1,1,0,1,1,0,1,0,0,124.19,424.50,,,,,,,,,,,,,,,,,,,,,,,,,,,,,,,,,,,,,,,,,,,,,,,,,,,,,,,,,
1788,820,172,14.00,81.75,993,8.8,0.000,3.322,3.93,0.000,21.54,0.96,0.94,-0.76,0.98,0.960,1.02,-1.33,1.038,0.00,0.90,1.505,23.3,0.000,0.673,0.000,900,7.36,4.6,0.66,-0.11,27.8,1,1,0,1,1,1,0,0,0,0,1,0,1,0,0,0,0,0,1,0,0,1,1,1,1,1,0,0,0,0,0,0,1,1,5156.3,0C,1,1,0,1,1,0,1,0,0,132.25,443.13,,,,,,,,,,,,,,,,,,,,,,,,,,,,,,,,,,,,,,,,,,,,,,,,,,,,,,,,,
1789,820,621,14.10,81.75,958,8.8,-1.500,3.226,3.56,0.000,21.70,0.97,0.94,-0.76,0.99,0.943,1.02,-1.33,1.036,0.00,0.90,1.505,23.3,0.000,0.673,0.000,900,7.36,4.6,0.60,-0.06,27.8,1,1,0,1,1,1,0,0,0,0,1,0,1,0,0,0,0,0,1,0,0,1,1,1,1,1,0,0,0,0,0,0,1,1,5156.3,0C,1,1,0,1,1,0,1,0,0,132.63,445.06,,,,,,,,,,,,,,,,,,,,,,,,,,,,,,,,,,,,,,,,,,,,,,,,,,,,,,,,,
1790,821,41,14.10,81.75,944,7.5,2.250,3.078,3.44,0.000,21.19,0.98,0.93,-0.76,0.98,0.928,0.03,5.16,0.000,0.01,0.07,0.194,-41.3,42.579,0.719,-64.500,2550,-7.50,1766.7,4.67,-49.63,115.5,0,1,0,0,0,1,0,1,1,1,1,1,0,1,1,0,0,1,0,0,0,0,0,0,0,0,0,0,0,1,0,0,0,0,729.8,8A,0,1,0,1,0,1,1,1,1,1,1,,,,,,,,,,,,,,,,,,,,,,,,,,,,,,,,,,,,,,,,,,,,,,,,,,,,,,,,,
1791,821,448,13.90,81.75,923,6.3,6.000,3.091,3.52,0.000,21.38,0.99,0.91,-0.76,0.97,0.913,1.02,-1.33,1.039,0.00,0.90,1.208,23.3,0.000,0.673,0.000,900,7.36,4.6,0.50,0.00,27.8,1,1,0,1,1,1,0,0,0,0,1,1,1,0,0,0,0,0,0,0,0,0,0,0,0,0,0,0,0,1,0,0,0,0,2393.8,DD,0,1,0,1,0,1,1,1,1,1,1,,,,,,,,,,,,,,,,,,,,,,,,,,,,,,,,,,,,,,,,,,,,,,,,,,,,,,,,,
1792,821,877,14.10,81.75,914,3.8,4.500,3.040,3.52,0.000,21.66,1.00,0.90,-0.76,0.96,0.897,1.02,-1.33,1.037,0.00,0.90,1.208,23.3,0.000,0.673,0.000,900,7.36,4.6,0.49,0.00,27.8,1,1,0,1,1,1,0,0,0,0,1,1,1,0,0,0,0,0,1,0,0,1,1,1,1,1,0,0,0,0,0,1,1,1,5156.3,0C,1,1,0,1,1,0,1,0,0,133.25,449.00,,,,,,,,,,,,,,,,,,,,,,,,,,,,,,,,,,,,,,,,,,,,,,,,,,,,,,,,,
1793,822,291,14.10,81.75,905,2.5,5.250,4.211,7.30,8.281,28.24,1.00,0.84,-0.76,0.95,0.877,1.02,-1.33,1.029,0.00,0.90,1.208,23.3,9.178,0.673,0.000,1200,7.38,4.6,0.48,1.45,27.8,1,1,0,1,1,1,0,0,0,0,1,0,1,0,0,0,0,0,0,0,1,1,1,1,1,0,0,1,0,0,0,0,1,1,5156.3,0C,1,1,0,1,1,0,1,0,0,173.94,556.13,,,,,,,,,,,,,,,,,,,,,,,,,,,,,,,,,,,,,,,,,,,,,,,,,,,,,,,,,
1794,822,697,14.10,81.75,1197,2.5,1.500,6.048,10.45,8.116,41.95,1.45,0.04,-1.38,0.62,0.007,0.03,5.16,0.211,0.01,0.07,0.323,-41.3,44.141,0.719,-74.250,20,25.31,1766.7,4.28,-48.07,115.5,0,1,0,0,0,1,0,1,1,1,1,1,0,1,1,0,0,1,0,0,0,0,0,0,0,0,0,0,0,0,1,0,0,0,1330.0,33,0,1,0,1,0,1,1,1,1,1,1,,,,,,,,,,,,,,,,,,,,,,,,,,,,,,,,,,,,,,,,,,,,,,,,,,,,,,,,,
1795,823,90,14.10,81.75,1506,2.5,7.500,3.181,3.15,0.000,27.52,1.00,0.78,-0.76,0.93,0.838,1.02,-1.33,1.073,0.00,0.90,3.679,24.0,9.522,0.673,0.000,1210,7.38,4.6,0.49,-0.37,27.8,1,1,0,1,1,1,0,0,0,0,1,0,1,0,0,0,0,0,1,0,1,1,1,1,1,0,0,1,0,0,0,0,1,1,5156.3,0C,1,1,0,1,1,0,1,0,0,170.56,493.31,,,,,,,,,,,,,,,,,,,,,,,,,,,,,,,,,,,,,,,,,,,,,,,,,,,,,,,,,
1796,823,511,13.60,81.75,1240,3.8,17.250,2.458,3.88,0.000,19.92,1.00,0.16,-0.76,0.18,0.870,1.02,-1.33,1.049,0.00,0.90,3.679,23.3,9.178,0.673,0.000,900,7.38,4.6,1.63,-0.83,27.8,1,1,0,1,1,1,0,0,0,0,1,0,1,0,0,0,0,0,1,0,1,1,1,1,1,0,0,0,0,0,0,0,1,1,5156.3,0C,1,1,0,1,1,0,1,0,0,122.94,420.44,,,,,,,,,,,,,,,,,,,,,,,,,,,,,,,,,,,,,,,,,,,,,,,,,,,,,,,,,
1797,823,942,13.70,81.75,1136,3.8,16.500,2.509,3.88,0.000,18.77,1.00,0.15,-0.76,0.17,0.886,1.02,-1.33,1.053,0.00,0.90,1.127,23.3,0.000,0.673,0.000,900,7.37,4.6,1.93,-49.63,115.5,0,1,0,0,0,1,0,1,1,1,1,1,0,1,1,0,0,1,0,0,0,0,0,0,0,0,1,1,1,0,0,0,0,0,1753.5,1B,0,1,0,1,0,1,1,1,1,1,1,,,,,,,,,,,,,,,,,,,,,,,,,,,,,,,,,,,,,,,,,,,,,,,,,,,,,,,,,
1798,824,451,14.00,81.75,1069,2.5,11.250,2.733,3.93,0.000,19.57,1.00,0.17,-0.76,0.18,0.900,1.02,-1.33,1.048,0.00,0.90,1.127,23.3,0.000,0.673,0.000,900,7.37,4.6,2.25,-0.31,27.8,1,1,0,1,1,1,0,0,0,0,1,1,1,0,0,0,0,0,1,0,0,1,1,1,1,1,0,0,0,0,0,1,1,1,5156.3,0C,1,1,0,1,1,0,1,0,0,121.56,419.19,,,,,,,,,,,,,,,,,,,,,,,,,,,,,,,,,,,,,,,,,,,,,,,,,,,,,,,,,
1799,824,879,14.00,81.75,989,0.0,9.750,2.982,4.00,0.000,21.21,1.00,0.20,-0.76,0.20,0.920,1.02,-1.33,1.040,0.00,0.90,1.290,23.3,0.000,0.673,0.000,900,7.37,4.6,2.23,-0.11,27.8,1,1,0,1,1,1,0,0,0,0,1,1,1,0,0,0,0,0,1,0,0,1,1,1,1,1,0,0,0,0,0,1,1,1,5156.3,0C,1,1,0,1,1,0,1,0,0,132.44,444.56,,,,,,,,,,,,,,,,,,,,,,,,,,,,,,,,,,,,,,,,,,,,,,,,,,,,,,,,,
1800,825,261,14.10,81.75,952,0.0,2.250,3.302,4.00,0.000,22.95,1.00,0.31,-0.76,0.25,0.940,1.02,-1.33,1.027,0.00,0.90,1.290,23.3,0.000,0.673,0.000,900,7.37,4.6,2.20,-0.05,27.8,1,1,0,1,1,1,0,0,0,0,1,1,1,0,0,0,0,0,1,0,0,1,1,1,1,1,0,0,0,0,0,1,1,1,5156.3,0C,1,1,0,1,1,0,1,0,0,141.25,464.19,,,,,,,,,,,,,,,,,,,,,,,,,,,,,,,,,,,,,,,,,,,,,,,,,,,,,,,,,
1801,825,729,14.10,81.75,933,0.0,1.500,3.315,3.93,0.000,23.67,1.00,0.87,-0.76,0.88,0.904,1.02,-1.33,1.021,0.00,0.90,1.290,23.3,0.000,0.673,0.000,900,7.37,4.6,2.15,-0.01,27.8,1,1,0,1,1,1,0,0,0,0,1,1,1,0,0,0,0,0,1,0,0,1,1,1,1,1,0,0,0,0,0,1,1,1,5156.3,0C,1,1,0,1,1,0,1,0,0,144.69,474.00,,,,,,,,,,,,,,,,,,,,,,,,,,,,,,,,,,,,,,,,,,,,,,,,,,,,,,,,,
1802,826,159,14.00,81.75,921,0.0,3.000,3.341,3.93,0.000,24.33,1.00,0.85,-0.76,0.92,0.882,1.02,-1.33,1.016,0.00,0.90,1.318,23.3,0.000,0.673,0.000,900,7.37,4.6,2.12,0.00,27.8,1,1,0,1,1,1,0,0,0,0,1,1,1,0,0,0,0,0,1,0,0,1,1,1,1,1,0,0,0,0,0,1,1,1,5156.3,0C,1,1,0,1,1,0,1,0,0,149.25,485.63,,,,,,,,,,,,,,,,,,,,,,,,,,,,,,,,,,,,,,,,,,,,,,,,,,,,,,,,,
1803,826,578,13.80,81.75,913,0.0,0.750,3.270,3.93,0.000,24.49,1.00,0.82,-0.76,0.88,0.863,1.02,-1.33,1.015,0.00,0.90,1.318,23.3,0.000,0.673,0.000,900,7.37,4.6,2.11,0.00,27.8,1,1,0,1,1,1,0,0,0,0,1,1,1,0,0,0,0,0,1,0,0,1,1,1,1,1,0,0,0,0,0,1,1,1,5156.3,0C,1,1,0,1,1,0,1,0,0,150.19,487.94,,,,,,,,,,,,,,,,,,,,,,,,,,,,,,,,,,,,,,,,,,,,,,,,,,,,,,,,,
1804,827,51,13.70,81.75,901,0.0,3.750,3.622,7.71,6.976,26.13,1.00,0.23,-0.76,0.84,0.850,1.02,-1.33,1.021,0.00,0.90,1.279,23.3,8.995,0.673,0.000,1000,7.38,4.6,2.11,0.00,27.8,1,1,0,1,1,1,0,0,0,0,1,0,1,0,0,0,0,0,0,0,1,1,1,1,1,1,0,0,0,0,0,0,1,1,5156.3,0C,1,1,0,1,1,0,1,0,0,164.25,531.31,,,,,,,,,,,,,,,,,,,,,,,,,,,,,,,,,,,,,,,,,,,,,,,,,,,,,,,,,
1805,827,530,13.70,81.75,928,0.0,-3.750,7.258,10.74,7.468,47.41,1.00,0.20,-0.76,0.21,0.895,1.02,-1.33,1.051,0.00,0.90,1.279,23.3,11.597,0.673,0.000,1400,7.38,4.6,2.11,3.41,27.8,1,1,0,1,1,1,0,0,0,0,1,0,1,0,0,0,0,0,0,0,1,1,1,1,1,0,0,1,0,0,0,0,1,1,5156.3,0C,1,1,0,1,1,0,1,0,0,296.06,820.81,,,,,,,,,,,,,,,,,,,,,,,,,,,,,,,,,,,,,,,,,,,,,,,,,,,,,,,,,
1806,827,943,13.80,81.75,1241,0.0,-5.250,6.784,11.60,5.437,51.14,1.00,0.92,-0.76,0.94,0.845,1.02,-1.33,1.094,0.00,0.90,3.913,24.0,14.015,0.673,0.000,1500,7.38,4.6,2.11,1.50,27.8,1,1,0,1,1,1,0,0,0,0,1,0,1,0,0,0,0,0,0,0,1,1,1,1,1,0,0,1,0,0,0,0,1,1,5156.3,0C,1,1,0,1,1,0,1,0,0,301.50,800.13,,,,,,,,,,,,,,,,,,,,,,,,,,,,,,,,,,,,,,,,,,,,,,,,,,,,,,,,,
1807,828,329,13.80,-48.00,6784,0.0,3.000,108.141,128.13,14.960,368.55,1.45,0.04,-1.37,0.81,0.007,0.11,2.91,0.197,0.01,0.07,0.237,-41.3,44.141,0.719,-86.250,2540,-40.32,1766.7,4.29,-49.63,115.5,0,1,0,0,0,1,0,1,1,1,1,1,0,1,1,0,0,1,0,0,0,0,0,0,0,0,1,0,0,1,0,0,0,0,3887.2,6E,0,1,0,1,0,1,1,1,1,1,1,,,,,,,,,,,,,,,,,,,,,,,,,,,,,,,,,,,,,,,,,,,,,,,,,,,,,,,,,
1808,828,754,13.80,82.50,1320,0.0,6.000,2.253,3.88,0.000,18.94,1.00,0.17,-0.76,0.18,0.880,1.02,-1.33,1.057,0.00,0.90,3.913,23.3,9.178,0.673,0.000,900,7.37,4.6,1.86,-1.29,27.8,1,1,0,1,1,1,0,0,0,0,1,0,1,0,0,0,0,0,1,0,1,1,1,1,1,0,0,0,0,0,0,0,1,1,5156.3,0C,1,1,0,1,1,0,1,0,0,110.69,389.69,,,,,,,,,,,,,,,,,,,,,,,,,,,,,,,,,,,,,,,,,,,,,,,,,,,,,,,,,
1809,829,173,13.80,82.50,1109,0.0,12.000,2.509,3.88,2.109,18.56,1.00,0.16,-0.76,0.18,0.899,1.02,-1.33,1.051,0.00,0.90,1.174,23.3,8.995,0.673,0.000,1000,7.37,4.6,1.79,-0.39,27.8,1,1,0,1,1,1,0,0,0,0,1,0,1,0,0,0,0,0,0,0,1,1,1,1,1,0,0,0,0,0,0,0,1,1,5156.3,0C,1,1,0,1,1,0,1,0,0,114.38,403.75,,,,,,,,,,,,,,,,,,,,,,,,,,,,,,,,,,,,,,,,,,,,,,,,,,,,,,,,,
1810,831,750,13.60,82.50,956,3.8,3.750,3.706,4.17,0.000,26.91,1.00,0.83,-0.76,0.66,0.936,1.02,-1.33,1.024,0.00,0.90,1.408,23.3,0.000,0.673,0.000,900,7.37,4.6,3.52,-0.13,27.8,1,1,0,1,1,1,0,0,0,0,1,0,1,0,0,0,0,0,1,0,0,1,1,1,1,1,0,0,0,0,0,0,1,1,5156.3,0C,1,1,0,1,1,0,1,0,0,168.81,529.19,,,,,,,,,,,,,,,,,,,,,,,,,,,,,,,,,,,,,,,,,,,,,,,,,,,,,,,,,
1811,832,161,13.80,82.50,975,3.8,0.750,3.283,3.93,0.000,24.52,1.00,0.89,-0.76,0.92,0.917,1.02,-1.33,1.015,0.00,0.90,1.643,23.3,0.000,0.673,0.000,900,7.37,4.6,3.47,-0.08,27.8,1,1,0,1,1,1,0,0,0,0,1,0,1,0,0,0,0,0,1,0,0,1,1,1,1,1,0,0,0,0,0,0,1,1,5156.3,0C,1,1,0,1,1,0,1,0,0,147.25,479.44,,,,,,,,,,,,,,,,,,,,,,,,,,,,,,,,,,,,,,,,,,,,,,,,,,,,,,,,,
1812,832,592,13.70,82.50,940,2.5,8.250,3.162,3.93,0.000,23.77,1.00,0.76,-0.76,0.88,0.894,1.02,-1.33,1.020,0.00,0.90,1.643,23.3,9.087,0.673,0.000,900,7.37,4.6,3.46,-0.02,27.8,1,1,0,1,1,1,0,0,0,0,1,1,1,0,0,0,0,0,1,0,1,1,1,1,1,0,0,0,0,0,0,1,1,1,5156.3,0C,1,1,0,1,1,0,1,0,0,145.63,476.75,,,,,,,,,,,,,,,,,,,,,,,,,,,,,,,,,,,,,,,,,,,,,,,,,,,,,,,,,
1813,833,19,13.50,82.50,925,1.3,6.000,3.411,3.93,0.000,24.56,1.00,0.21,-0.76,0.48,0.927,1.02,-1.33,1.015,0.00,0.90,1.208,23.3,9.178,0.673,0.000,900,7.37,4.6,3.46,0.00,27.8,1,1,0,1,1,1,0,0,0,0,1,1,1,0,0,0,0,0,1,0,1,1,1,1,1,0,0,0,0,0,0,1,1,1,5156.3,0C,1,1,0,1,1,0,1,0,0,150.31,488.94,,,,,,,,,,,,,,,,,,,,,,,,,,,,,,,,,,,,,,,,,,,,,,,,,,,,,,,,,
1814,833,432,13.70,82.50,914,1.3,8.250,3.437,3.93,0.000,24.63,1.00,0.65,-0.76,0.34,0.945,1.02,-1.33,1.015,0.00,0.90,1.208,23.3,9.178,0.673,0.000,900,7.37,4.6,3.45,0.00,27.8,1,1,0,1,1,1,0,0,0,0,1,0,1,0,0,0,0,0,1,0,1,1,1,1,1,0,0,0,0,0,0,0,1,1,5156.3,0C,1,1,0,1,1,0,1,0,0,150.75,491.38,,,,,,,,,,,,,,,,,,,,,,,,,,,,,,,,,,,,,,,,,,,,,,,,,,,,,,,,,
1815,833,903,13.30,82.50,909,0.0,2.250,3.424,4.00,0.000,25.13,1.00,0.86,-0.76,0.88,0.902,1.02,-1.33,1.017,0.00,0.90,1.318,23.3,9.178,0.673,0.000,900,7.37,4.6,3.45,0.00,27.8,1,1,0,1,1,1,0,0,0,0,1,1,1,0,0,0,0,0,1,0,1,1,1,1,1,0,0,0,0,0,0,1,1,1,5156.3,0C,1,1,0,1,1,0,1,0,0,154.56,500.13,,,,,,,,,,,,,,,,,,,,,,,,,,,,,,,,,,,,,,,,,,,,,,,,,,,,,,,,,
1816,834,375,13.40,82.50,893,0.0,3.750,3.392,4.00,0.000,25.22,1.00,0.26,-0.76,0.81,0.917,1.02,-1.33,1.017,0.00,0.90,1.318,23.3,9.178,0.673,0.000,900,7.37,4.6,3.49,0.00,27.8,1,1,0,1,1,1,0,0,0,0,1,1,1,0,0,0,0,0,1,0,1,1,1,1,1,0,0,0,0,0,0,1,1,1,5156.3,0C,1,1,0,1,1,0,1,0,0,154.56,504.81,,,,,,,,,,,,,,,,,,,,,,,,,,,,,,,,,,,,,,,,,,,,,,,,,,,,,,,,,
1817,836,843,13.70,83.25,930,0.0,18.750,4.486,9.42,6.491,28.64,1.00,0.22,-0.76,0.21,0.955,1.02,-1.33,1.030,0.00,0.90,1.318,24.0,10.903,0.673,0.000,1100,7.38,4.6,4.95,0.89,27.8,1,1,0,1,1,1,0,0,0,0,1,0,1,0,0,0,0,0,0,0,1,1,1,1,1,0,0,1,0,0,0,0,1,1,5156.3,0C,1,1,0,1,1,0,1,0,0,181.69,595.44,,,,,,,,,,,,,,,,,,,,,,,,,,,,,,,,,,,,,,,,,,,,,,,,,,,,,,,,,
1818,837,236,13.80,83.25,1020,0.0,-5.250,7.590,12.33,6.734,50.51,1.45,0.04,-1.36,0.46,0.007,0.03,10.38,0.301,0.01,0.07,0.323,-41.3,44.532,0.719,63.750,40,8.90,1766.7,4.28,-41.82,115.5,0,1,0,0,0,1,0,1,1,1,1,1,0,1,1,0,0,1,0,0,0,0,0,0,0,0,0,1,0,0,1,0,0,0,10248.5,FA,0,1,0,1,0,1,1,1,1,1,1,,,,,,,,,,,,,,,,,,,,,,,,,,,,,,,,,,,,,,,,,,,,,,,,,,,,,,,,,
1819,837,622,13.80,83.25,1651,0.0,18.000,4.154,9.35,6.656,32.79,1.00,0.91,-0.76,0.97,0.884,1.02,-1.33,1.110,0.00,0.90,1.318,24.0,12.284,0.673,0.000,1500,7.26,4.6,4.86,-1.10,27.8,1,1,0,1,1,1,0,0,0,0,1,0,1,0,0,0,0,0,0,0,1,1,1,1,1,0,0,1,0,0,0,0,1,1,5156.3,0C,1,1,0,1,1,0,1,0,0,202.69,551.56,,,,,,,,,,,,,,,,,,,,,,,,,,,,,,,,,,,,,,,,,,,,,,,,,,,,,,,,,
1820,838,45,13.80,83.25,2007,0.0,17.250,3.782,8.86,5.921,27.73,1.00,0.87,-0.76,0.71,0.887,1.02,-1.33,1.130,0.00,0.90,3.287,24.0,12.634,0.673,0.000,1500,7.08,4.6,4.75,-2.15,27.8,1,1,0,1,1,1,0,0,0,0,1,0,1,0,0,0,0,0,0,0,1,1,1,1,1,0,0,0,0,0,0,0,1,1,5156.3,0C,1,1,0,1,1,0,1,0,0,167.50,445.25,,,,,,,,,,,,,,,,,,,,,,,,,,,,,,,,,,,,,,,,,,,,,,,,,,,,,,,,,
1821,838,448,13.80,83.25,1807,0.0,32.250,2.093,4.74,0.000,15.56,1.00,0.17,-0.76,0.26,0.893,1.02,-1.33,1.092,0.00,0.90,3.287,23.3,13.321,0.673,0.000,1100,7.25,4.6,4.86,-2.40,27.8,1,1,0,1,1,1,0,0,0,0,1,0,1,0,0,0,0,0,1,0,1,1,1,1,1,0,0,0,0,1,0,0,1,1,5156.3,0C,1,1,0,1,1,0,1,0,0,91.63,310.88,,,,,,,,,,,,,,,,,,,,,,,,,,,,,,,,,,,,,,,,,,,,,,,,,,,,,,,,,
1822,840,882,14.00,83.25,1142,0.0,-3.000,3.430,4.79,0.000,23.11,0.98,0.95,-0.76,0.91,0.975,1.02,-1.33,1.036,0.00,0.90,2.030,24.0,9.041,0.673,0.000,900,7.38,4.6,5.03,-0.81,27.8,1,1,0,1,1,1,0,0,0,0,1,0,1,0,0,0,0,0,1,0,1,1,1,1,0,0,0,0,0,1,0,0,1,1,5156.3,0C,1,1,0,1,1,0,1,0,0,140.50,464.38,,,,,,,,,,,,,,,,,,,,,,,,,,,,,,,,,,,,,,,,,,,,,,,,,,,,,,,,,
1823,841,341,14.00,83.25,1328,0.0,7.500,6.822,11.96,10.468,38.86,0.96,0.91,-0.76,0.97,0.951,1.02,-1.33,1.079,0.00,0.90,2.030,24.0,9.522,0.673,0.000,1300,7.38,4.6,4.87,0.00,27.8,1,1,0,1,1,1,0,0,0,0,1,0,1,0,0,0,0,0,0,0,1,1,1,1,1,0,0,1,0,0,0,0,1,1,5156.3,0C,1,1,0,1,1,0,1,0,0,239.13,649.44,,,,,,,,,,,,,,,,,,,,,,,,,,,,,,,,,,,,,,,,,,,,,,,,,,,,,,,,,
1824,841,788,14.10,83.25,2072,0.0,6.750,5.024,10.45,6.413,33.56,0.97,0.94,-0.76,0.98,0.910,1.02,-1.33,1.138,0.00,0.90,2.030,24.0,9.865,0.673,0.000,1500,7.02,4.6,4.64,-2.56,27.8,1,1,0,1,1,1,0,0,0,0,1,0,1,0,0,0,0,0,0,0,1,1,1,1,1,0,0,1,0,0,0,0,1,1,5156.3,0C,1,1,0,1,1,0,1,0,0,191.38,494.19,,,,,,,,,,,,,,,,,,,,,,,,,,,,,,,,,,,,,,,,,,,,,,,,,,,,,,,,,
1825,842,183,14.00,83.25,1853,0.0,30.750,3.469,7.71,2.351,25.41,0.98,0.85,-0.76,0.97,0.865,1.02,-1.33,1.106,0.00,0.90,4.272,24.0,10.559,0.673,21.750,2540,70.62,1766.7,4.28,-49.63,115.5,0,1,0,0,0,1,0,1,1,1,1,1,0,1,1,0,0,1,0,0,0,0,0,0,0,0,1,0,0,1,0,0,0,0,7770.0,DB,0,1,0,1,0,1,1,1,1,1,1,,,,,,,,,,,,,,,,,,,,,,,,,,,,,,,,,,,,,,,,,,,,,,,,,,,,,,,,,
1826,842,603,13.80,83.25,1360,2.5,12.000,3.014,7.23,1.944,23.39,0.99,0.19,-0.76,0.20,0.904,1.02,-1.33,1.037,0.00,0.90,4.272,24.0,11.246,0.673,0.000,1330,7.38,4.6,4.87,0.62,27.8,1,1,0,1,1,1,0,0,0,0,1,0,1,0,0,0,0,0,0,0,1,1,1,1,1,0,0,0,0,0,0,0,1,1,5156.3,0C,1,1,0,1,1,0,1,0,0,146.13,477.88,,,,,,,,,,,,,,,,,,,,,,,,,,,,,,,,,,,,,,,,,,,,,,,,,,,,,,,,,
1827,843,8,14.00,83.25,1169,3.8,-0.750,3.475,4.79,0.000,27.33,0.99,0.83,-0.76,0.64,0.903,1.02,-1.33,1.040,0.00,0.90,2.348,24.0,11.246,0.673,0.000,930,7.38,4.6,5.61,-0.39,27.8,1,1,0,1,1,1,0,0,0,0,1,0,1,0,0,0,0,0,1,0,1,1,1,1,1,0,0,0,0,1,0,0,1,1,5156.3,0C,1,1,0,1,1,0,1,0,0,171.88,527.31,,,,,,,,,,,,,,,,,,,,,,,,,,,,,,,,,,,,,,,,,,,,,,,,,,,,,,,,,
1828,845,539,13.80,84.00,1171,2.5,8.250,2.854,4.79,0.000,20.02,1.00,0.17,-0.76,0.18,0.957,1.02,-1.33,1.048,0.00,0.90,1.761,24.0,13.321,0.673,0.000,900,7.38,4.6,4.99,-0.65,27.8,1,1,0,1,1,1,0,0,0,0,1,1,1,0,0,0,0,0,1,0,1,1,1,1,1,0,0,0,0,0,0,1,1,1,5156.3,0C,1,1,0,1,1,0,1,0,0,126.00,430.75,,,,,,,,,,,,,,,,,,,,,,,,,,,,,,,,,,,,,,,,,,,,,,,,,,,,,,,,,
1829,848,132,14.10,84.00,916,0.0,3.750,3.232,3.93,0.000,24.70,1.00,0.23,-0.76,0.81,0.896,1.02,-1.33,1.015,0.00,0.90,1.318,24.0,14.702,0.673,0.000,900,7.39,4.6,3.74,0.00,27.8,1,1,0,1,1,1,0,0,0,0,1,0,1,0,0,0,0,0,1,0,1,1,1,1,1,0,0,0,0,0,0,0,1,1,5156.3,0C,1,1,0,1,1,0,1,0,0,150.56,492.63,,,,,,,,,,,,,,,,,,,,,,,,,,,,,,,,,,,,,,,,,,,,,,,,,,,,,,,,,
1830,848,522,14.10,84.00,919,0.0,0.000,3.251,3.81,0.000,24.42,1.00,0.25,-0.76,0.81,0.921,1.02,-1.33,1.015,0.00,0.90,1.318,24.8,15.053,0.673,0.000,800,7.39,4.6,3.70,0.00,27.8,1,1,0,1,1,1,0,0,0,0,1,0,0,0,0,0,0,0,1,0,1,1,1,1,1,0,0,0,0,0,0,0,1,1,5156.3,0C,1,1,0,1,1,0,1,0,0,148.19,487.13,,,,,,,,,,,,,,,,,,,,,,,,,,,,,,,,,,,,,,,,,,,,,,,,,,,,,,,,,
1831,848,910,14.10,84.00,900,0.0,-2.250,3.040,3.32,0.000,23.09,1.00,0.26,-0.76,0.28,0.937,1.02,-1.33,1.026,0.00,0.90,1.174,24.8,15.396,0.673,0.000,800,7.39,4.6,3.63,-0.14,27.8,1,1,0,1,1,1,0,0,0,0,1,0,0,0,0,0,0,0,1,0,1,1,1,1,1,0,0,0,0,0,0,0,1,1,5156.3,0C,1,1,0,1,1,0,1,0,0,138.75,469.25,,,,,,,,,,,,,,,,,,,,,,,,,,,,,,,,,,,,,,,,,,,,,,,,,,,,,,,,,
1832,849,301,14.10,84.00,867,0.0,9.000,2.880,3.32,0.000,22.03,1.00,0.22,-0.76,0.53,0.953,1.02,-1.33,1.034,0.00,0.90,1.174,24.8,15.740,0.673,0.000,800,7.39,4.6,3.58,-0.06,27.8,1,1,0,1,1,1,0,0,0,0,1,0,0,0,0,0,0,0,1,0,1,1,1,1,1,0,0,0,0,0,0,0,1,1,5156.3,0C,1,1,0,1,1,0,1,0,0,136.25,467.31,,,,,,,,,,,,,,,,,,,,,,,,,,,,,,,,,,,,,,,,,,,,,,,,,,,,,,,,,
1833,849,709,14.10,84.00,855,0.0,4.500,2.950,3.32,0.000,22.03,1.00,0.20,-0.76,0.23,0.969,1.02,-1.33,1.034,0.00,0.90,1.174,24.8,15.740,0.673,0.000,800,7.39,4.6,3.46,-0.07,27.8,1,1,0,1,1,1,0,0,0,0,1,0,0,0,0,0,0,0,1,0,1,1,1,1,1,0,0,0,0,0,0,0,1,1,5156.3,0C,1,1,0,1,1,0,1,0,0,137.25,468.38,,,,,,,,,,,,,,,,,,,,,,,,,,,,,,,,,,,,,,,,,,,,,,,,,,,,,,,,,
1834,850,89,14.10,84.00,848,0.0,2.250,2.970,3.32,0.000,21.94,1.00,0.19,-0.76,0.20,0.983,1.02,-1.33,1.034,0.00,0.90,1.137,24.8,16.091,0.673,0.000,800,7.39,4.6,3.27,-0.06,27.8,1,1,0,1,1,1,0,0,0,0,1,0,0,0,0,0,0,0,1,0,1,1,1,1,1,0,0,0,0,0,0,0,1,1,5156.3,0C,1,1,0,1,1,0,1,0,0,135.75,469.13,,,,,,,,,,,,,,,,,,,,,,,,,,,,,,,,,,,,,,,,,,,,,,,,,,,,,,,,,
1835,850,469,14.10,84.75,842,0.0,4.500,3.027,3.39,0.000,22.22,1.00,0.20,-0.76,0.21,0.999,1.02,-1.33,1.032,0.00,0.90,1.137,24.8,16.434,0.673,0.000,800,7.40,4.6,3.07,-0.04,27.8,1,1,0,1,1,1,0,0,0,0,1,0,0,0,0,0,0,0,1,0,1,1,1,1,1,0,0,0,0,0,0,0,1,1,5156.3,0C,1,1,0,1,1,0,1,0,0,135.13,471.31,,,,,,,,,,,,,,,,,,,,,,,,,,,,,,,,,,,,,,,,,,,,,,,,,,,,,,,,,
1836,850,868,14.10,84.75,841,0.0,3.750,3.142,3.39,0.000,22.52,1.00,0.20,-0.76,0.22,1.013,1.02,-1.33,1.030,0.00,0.90,1.103,24.8,17.121,0.673,0.000,800,7.40,4.6,2.90,-0.06,27.8,1,1,0,1,1,1,0,0,0,0,1,0,0,0,0,0,0,0,1,0,1,1,1,1,1,0,0,0,0,0,0,0,1,1,5156.3,0C,1,1,0,1,1,0,1,0,0,138.13,474.38,,,,,,,,,,,,,,,,,,,,,,,,,,,,,,,,,,,,,,,,,,,,,,,,,,,,,,,,,
1837,851,261,14.10,84.75,835,0.0,6.750,3.110,3.39,0.000,22.31,1.00,0.22,-0.76,0.22,1.027,1.02,-1.33,1.032,0.00,0.90,1.103,24.8,17.472,0.673,0.000,800,7.40,4.6,2.70,0.00,27.8,1,1,0,1,1,1,0,0,0,0,1,0,0,0,0,0,0,0,1,0,1,1,1,1,1,0,0,0,0,0,0,0,1,1,5156.3,0C,1,1,0,1,1,0,1,0,0,138.06,479.81,,,,,,,,,,,,,,,,,,,,,,,,,,,,,,,,,,,,,,,,,,,,,,,,,,,,,,,,,
1838,851,640,14.10,84.75,830,0.0,5.250,3.066,3.39,0.000,22.50,1.00,0.46,-0.76,0.79,1.001,1.02,-1.33,1.030,0.00,0.90,1.103,24.8,17.815,0.673,0.000,800,7.40,4.6,2.53,0.00,27.8,1,1,0,1,1,1,0,0,0,0,1,0,0,0,0,0,0,0,1,0,1,1,1,1,1,0,0,0,0,0,0,0,1,1,5156.3,0C,1,1,0,1,1,0,1,0,0,139.19,482.31,,,,,,,,,,,,,,,,,,,,,,,,,,,,,,,,,,,,,,,,,,,,,,,,,,,,,,,,,
1839,854,102,14.10,84.75,822,0.0,-2.250,3.219,3.39,0.000,23.44,1.00,0.80,-0.76,0.81,1.020,1.02,-1.33,1.023,0.00,0.90,1.174,25.5,20.233,0.673,0.000,800,7.41,4.6,1.92,0.00,27.8,1,1,0,1,1,1,0,0,0,0,1,0,0,0,0,0,0,0,1,0,1,1,1,1,1,1,0,0,0,0,0,0,1,1,5156.3,0C,1,1,0,1,1,0,1,0,0,142.38,492.13,,,,,,,,,,,,,,,,,,,,,,,,,,,,,,,,,,,,,,,,,,,,,,,,,,,,,,,,,
1840,854,560,14.10,84.75,816,0.0,1.500,3.155,3.39,0.000,23.41,1.00,0.79,-0.76,0.87,1.005,1.02,-1.33,1.023,0.00,0.90,1.174,25.5,20.577,0.673,0.000,800,7.41,4.6,1.86,0.00,27.8,1,1,0,1,1,1,0,0,0,0,1,0,0,0,0,0,0,0,1,0,1,1,1,1,1,1,0,0,0,0,0,0,1,1,5156.3,0C,1,1,0,1,1,0,1,0,0,143.25,493.88,,,,,,,,,,,,,,,,,,,,,,,,,,,,,,,,,,,,,,,,,,,,,,,,,,,,,,,,,
1841,855,35,14.10,84.75,809,0.0,6.750,3.258,3.32,0.000,23.53,1.00,0.22,-0.76,0.24,1.036,1.02,-1.33,1.022,0.00,0.90,1.174,25.5,20.577,0.673,0.000,800,7.41,4.6,1.80,0.00,27.8,1,1,0,1,1,1,0,0,0,0,1,0,0,0,0,0,0,0,1,0,1,1,1,1,1,1,0,0,0,0,0,0,1,1,5156.3,0C,1,1,0,1,1,0,1,0,0,143.50,495.50,,,,,,,,,,,,,,,,,,,,,,,,,,,,,,,,,,,,,,,,,,,,,,,,,,,,,,,,,
1842,855,438,14.10,84.75,815,0.0,1.500,3.251,3.32,0.000,23.16,1.00,0.24,-0.76,0.24,1.053,1.02,-1.33,1.025,0.00,0.90,1.174,25.5,20.233,0.673,0.000,800,7.41,4.6,1.73,0.00,27.8,1,1,0,1,1,1,0,0,0,0,1,0,0,0,0,0,0,0,1,0,1,1,1,1,1,1,0,0,0,0,0,0,1,1,5156.3,0C,1,1,0,1,1,0,1,0,0,141.75,489.94,,,,,,,,,,,,,,,,,,,,,,,,,,,,,,,,,,,,,,,,,,,,,,,,,,,,,,,,,
1843,855,832,14.10,84.75,816,0.0,0.750,3.123,3.27,0.000,22.97,1.00,0.79,-0.76,0.85,1.017,1.02,-1.33,1.026,0.00,0.90,1.075,25.5,20.577,0.673,0.000,800,7.41,4.6,1.66,0.00,27.8,1,1,0,1,1,1,0,0,0,0,1,0,0,0,0,0,0,0,1,0,1,1,1,1,1,1,0,0,0,0,0,0,1,1,5156.3,0C,1,1,0,1,1,0,1,0,0,139.13,487.00,,,,,,,,,,,,,,,,,,,,,,,,,,,,,,,,,,,,,,,,,,,,,,,,,,,,,,,,,
1844,858,339,14.10,85.50,818,0.0,3.750,3.066,3.08,0.000,21.63,1.00,0.21,-0.76,0.23,1.045,1.02,-1.33,1.037,0.00,0.90,0.978,26.3,20.233,0.661,0.000,800,7.42,4.6,1.26,0.00,27.8,1,1,0,1,1,1,0,0,0,0,1,0,0,0,0,0,0,0,1,0,1,1,1,1,1,1,0,0,0,0,0,0,1,1,5156.3,0C,1,1,0,1,1,0,1,0,0,133.13,470.44,,,,,,,,,,,,,,,,,,,,,,,,,,,,,,,,,,,,,,,,,,,,,,,,,,,,,,,,,
1845,858,793,14.00,85.50,820,0.0,7.500,2.982,3.08,0.000,21.45,1.00,0.77,-0.76,0.80,1.021,1.02,-1.33,1.038,0.00,0.90,0.978,26.3,19.890,0.661,0.000,800,7.42,4.6,1.14,0.00,27.8,1,1,0,1,1,1,0,0,0,0,1,0,0,0,0,0,0,0,1,0,1,1,1,1,1,1,0,0,0,0,0,0,1,1,5156.3,0C,1,1,0,1,1,0,1,0,0,131.88,470.44,,,,,,,,,,,,,,,,,,,,,,,,,,,,,,,,,,,,,,,,,,,,,,,,,,,,,,,,,
1846,859,171,14.00,85.50,803,0.0,8.250,2.938,3.15,0.000,21.40,1.00,0.23,-0.76,0.84,1.006,1.02,-1.33,1.039,0.00,0.90,1.045,26.3,19.890,0.661,0.000,800,7.42,4.6,1.10,0.00,27.8,1,1,0,1,1,1,0,0,0,0,1,0,0,0,0,0,0,0,1,0,1,1,1,1,1,1,0,0,0,0,0,0,1,1,5156.3,0C,1,1,0,1,1,0,1,0,0,132.00,475.94,,,,,,,,,,,,,,,,,,,,,,,,,,,,,,,,,,,,,,,,,,,,,,,,,,,,,,,,,
1847,859,559,14.10,85.50,814,0.0,2.250,3.123,3.08,0.000,21.87,1.00,0.19,-0.76,0.23,1.042,1.02,-1.20,1.035,0.00,0.90,1.045,26.3,20.233,0.661,0.000,800,7.42,4.6,1.05,0.00,27.8,1,1,0,1,1,1,0,0,0,0,1,0,0,0,0,0,0,0,1,0,1,1,1,1,1,1,0,0,0,0,0,0,1,1,5156.3,0C,1,1,0,1,1,0,1,0,0,133.56,472.25,,,,,,,,,,,,,,,,,,,,,,,,,,,,,,,,,,,,,,,,,,,,,,,,,,,,,,,,,
1848,859,959,14.00,85.50,814,0.0,0.750,3.053,3.08,0.000,21.70,1.00,0.78,-0.76,0.73,1.028,1.02,-1.20,1.036,0.00,0.90,1.075,26.3,19.890,0.661,0.000,800,7.42,4.6,0.99,0.00,27.8,1,1,0,1,1,1,0,0,0,0,1,0,0,0,0,0,0,0,1,0,1,1,1,1,1,1,0,0,0,0,0,0,1,1,5156.3,0C,1,1,0,1,1,0,1,0,0,130.88,472.00,,,,,,,,,,,,,,,,,,,,,,,,,,,,,,,,,,,,,,,,,,,,,,,,,,,,,,,,,
1849,860,390,14.00,85.50,807,0.0,7.500,2.963,3.15,0.000,21.42,1.00,0.27,-0.76,0.83,1.015,1.02,-1.20,1.039,0.00,0.90,1.075,26.3,19.890,0.661,0.000,800,7.42,4.6,0.96,0.00,27.8,1,1,0,1,1,1,0,0,0,0,1,0,0,0,0,0,0,0,1,0,1,1,1,1,1,1,0,0,0,0,0,0,1,1,5156.3,0C,1,1,0,1,1,0,1,0,0,132.44,475.25,,,,,,,,,,,,,,,,,,,,,,,,,,,,,,,,,,,,,,,,,,,,,,,,,,,,,,,,,
1850,860,768,14.00,85.50,809,0.0,3.000,3.104,3.15,0.000,21.61,1.00,0.48,-0.76,0.84,1.035,1.02,-1.20,1.037,0.00,0.90,1.045,26.3,19.890,0.644,0.000,800,7.42,4.6,0.92,0.00,27.8,1,1,0,1,1,1,0,0,0,0,1,0,0,0,0,0,0,0,1,0,1,1,1,1,1,1,0,0,0,0,0,0,1,1,5156.3,0C,1,1,0,1,1,0,1,0,0,132.75,474.06,,,,,,,,,,,,,,,,,,,,,,,,,,,,,,,,,,,,,,,,,,,,,,,,,,,,,,,,,
1851,861,178,14.10,85.50,819,0.0,2.250,3.066,3.08,0.000,21.66,1.00,0.79,-0.76,0.81,1.020,1.02,-1.20,1.037,0.00,0.90,1.045,26.3,20.233,0.644,0.000,800,7.42,4.6,0.84,0.00,27.8,1,1,0,1,1,1,0,0,0,0,1,0,0,0,0,0,0,0,1,0,1,1,1,1,1,1,0,0,0,0,0,0,1,1,5156.3,0C,1,1,0,1,1,0,1,0,0,132.31,469.75,,,,,,,,,,,,,,,,,,,,,,,,,,,,,,,,,,,,,,,,,,,,,,,,,,,,,,,,,
1852,861,581,14.10,85.50,815,0.0,7.500,3.027,3.08,0.000,21.66,1.00,0.85,-0.76,0.89,1.007,1.02,-1.20,1.037,0.00,0.90,1.045,26.3,19.890,0.644,0.000,800,7.42,4.6,0.78,0.00,27.8,1,1,0,1,1,1,0,0,0,0,1,0,0,0,0,0,0,0,1,0,1,1,1,1,1,1,0,0,0,0,0,0,1,1,5156.3,0C,1,1,0,1,1,0,1,0,0,131.44,471.00,,,,,,,,,,,,,,,,,,,,,,,,,,,,,,,,,,,,,,,,,,,,,,,,,,,,,,,,,
1853,862,0,14.00,85.50,811,0.0,3.750,3.002,3.08,0.000,21.63,1.00,0.58,-0.76,0.86,0.994,1.02,-1.20,1.037,0.00,0.90,0.950,26.3,19.890,0.644,0.000,800,7.43,4.6,0.74,0.00,27.8,1,1,0,1,1,1,0,0,0,0,1,0,0,0,0,0,0,0,1,0,1,1,1,1,1,1,0,0,0,0,0,0,1,1,5156.3,0C,1,1,0,1,1,0,1,0,0,132.88,473.44,,,,,,,,,,,,,,,,,,,,,,,,,,,,,,,,,,,,,,,,,,,,,,,,,,,,,,,,,
1854,862,377,14.10,85.50,803,0.0,7.500,3.027,3.08,0.000,21.28,1.00,0.23,-0.76,0.74,1.027,1.02,-1.20,1.040,0.00,0.90,0.172,-41.3,50.782,0.719,-14.250,0,0.31,1766.7,1.55,-49.63,115.5,0,1,0,0,0,1,0,1,1,1,1,1,0,1,1,0,0,1,0,0,0,0,0,0,0,0,0,0,0,1,0,0,0,0,3887.5,C0,0,1,0,1,0,1,1,1,1,1,1,,,,,,,,,,,,,,,,,,,,,,,,,,,,,,,,,,,,,,,,,,,,,,,,,,,,,,,,,
1855,862,768,14.10,85.50,812,0.0,0.000,3.040,3.08,0.000,21.56,1.00,0.75,-0.76,0.75,1.015,1.02,-1.20,1.037,0.00,0.90,1.075,26.3,19.890,0.644,0.000,800,7.43,4.6,0.67,0.00,27.8,1,1,0,1,1,1,0,0,0,0,1,0,0,0,0,0,0,0,1,0,1,1,1,1,1,1,0,0,0,0,0,0,1,1,5156.3,0C,1,1,0,1,1,0,1,0,0,132.06,472.63,,,,,,,,,,,,,,,,,,,,,,,,,,,,,,,,,,,,,,,,,,,,,,,,,,,,,,,,,
1856,863,171,14.10,85.50,810,0.0,6.000,2.989,3.08,0.000,21.47,1.00,0.84,-0.76,0.88,1.000,1.02,-1.20,1.038,0.00,0.90,1.075,26.3,19.890,0.644,0.000,800,7.43,4.6,0.62,0.00,27.8,1,1,0,1,1,1,0,0,0,0,1,0,0,0,0,0,0,0,1,0,1,1,1,1,1,1,0,0,0,0,0,0,1,1,5156.3,0C,1,1,0,1,1,0,1,0,0,131.88,472.25,,,,,,,,,,,,,,,,,,,,,,,,,,,,,,,,,,,,,,,,,,,,,,,,,,,,,,,,,
1857,863,599,14.10,85.50,807,0.0,4.500,2.944,3.08,0.000,21.47,1.00,0.56,-0.76,0.87,0.987,1.02,-1.20,1.038,0.00,0.90,1.075,26.3,19.890,0.644,0.000,800,7.43,4.6,0.59,0.00,27.8,1,1,0,1,1,1,0,0,0,0,1,0,0,0,0,0,0,0,1,0,1,1,1,1,1,1,0,0,0,0,0,0,1,1,5156.3,0C,1,1,0,1,1,0,1,0,0,131.38,471.94,,,,,,,,,,,,,,,,,,,,,,,,,,,,,,,,,,,,,,,,,,,,,,,,,,,,,,,,,
1858,864,11,14.00,86.25,798,0.0,10.500,3.008,759.38,17.304,789.05,1.45,0.34,-1.33,0.16,0.007,0.02,-5.80,0.391,0.01,0.23,0.172,-41.3,51.173,0.719,-51.000,0,0.31,1766.7,1.55,-49.63,115.5,0,1,0,0,0,1,0,1,1,1,1,1,0,1,1,0,0,1,0,0,0,0,0,0,0,0,0,0,0,1,0,0,0,0,3119.5,BE,0,1,0,1,0,1,1,1,1,1,1,,,,,,,,,,,,,,,,,,,,,,,,,,,,,,,,,,,,,,,,,,,,,,,,,,,,,,,,,
1859,864,439,14.00,86.25,808,0.0,-3.000,3.187,2.91,0.000,21.96,1.00,0.20,-0.76,0.24,1.034,1.02,-1.20,1.034,0.00,0.90,0.978,27.0,19.890,0.644,0.000,800,7.43,4.6,0.54,0.00,27.8,1,1,0,1,1,1,0,0,0,0,1,0,0,0,0,0,0,0,1,0,1,1,1,1,1,1,0,0,0,0,0,0,1,1,5156.3,0C,1,1,0,1,1,0,1,0,0,130.94,471.13,,,,,,,,,,,,,,,,,,,,,,,,,,,,,,,,,,,,,,,,,,,,,,,,,,,,,,,,,
1860,864,861,14.10,86.25,810,0.0,6.750,2.906,2.91,0.000,20.70,1.00,0.86,-0.76,0.87,0.997,1.02,-1.20,1.044,0.00,0.90,1.075,27.0,19.890,0.624,0.000,800,7.43,4.6,0.47,0.00,27.8,1,1,0,1,1,1,0,0,0,0,1,0,0,0,0,0,0,0,1,0,1,1,1,1,1,1,0,0,0,0,0,0,1,1,5156.3,0C,1,1,0,1,1,0,1,0,0,127.19,464.50,,,,,,,,,,,,,,,,,,,,,,,,,,,,,,,,,,,,,,,,,,,,,,,,,,,,,,,,,
1861,865,277,14.00,86.25,807,0.0,6.750,2.848,2.91,0.000,20.51,1.00,0.83,-0.76,0.88,0.983,1.02,-1.20,1.046,0.00,0.90,1.075,27.0,19.547,0.624,0.000,800,7.43,4.6,0.44,0.00,27.8,1,1,0,1,1,1,0,0,0,0,1,0,0,0,0,0,0,0,1,0,1,1,1,1,1,1,0,0,0,0,0,0,1,1,5156.3,0C,1,1,0,1,1,0,1,0,0,125.63,464.00,,,,,,,,,,,,,,,,,,,,,,,,,,,,,,,,,,,,,,,,,,,,,,,,,,,,,,,,,
1862,865,692,14.00,86.25,804,0.0,9.750,2.918,2.95,0.000,20.51,1.00,0.21,-0.76,0.65,1.002,1.02,-1.20,1.046,0.00,0.90,1.075,27.0,19.547,0.624,0.000,800,7.43,4.6,0.41,0.00,27.8,1,1,0,1,1,1,0,0,0,0,1,0,0,0,0,0,0,0,1,0,1,1,1,1,1,1,0,0,0,0,0,0,1,1,5156.3,0C,1,1,0,1,1,0,1,0,0,126.19,464.19,,,,,,,,,,,,,,,,,,,,,,,,,,,,,,,,,,,,,,,,,,,,,,,,,,,,,,,,,
1863,866,92,14.00,86.25,809,0.0,9.000,2.950,2.95,0.000,20.51,1.00,0.21,-0.76,0.23,1.015,1.02,-1.20,1.046,0.00,0.90,0.950,27.0,19.547,0.624,0.000,800,7.43,4.6,0.37,0.00,27.8,1,1,0,1,1,1,0,0,0,0,1,0,0,0,0,0,0,0,1,0,1,1,1,1,1,1,0,0,0,0,0,0,1,1,5156.3,0C,1,1,0,1,1,0,1,0,0,125.75,462.94,,,,,,,,,,,,,,,,,,,,,,,,,,,,,,,,,,,,,,,,,,,,,,,,,,,,,,,,,
1864,866,495,14.10,86.25,812,0.0,7.500,2.950,2.95,0.000,20.81,1.00,0.47,-0.76,0.78,0.995,1.02,-1.20,1.043,0.00,0.90,0.950,27.0,19.890,0.624,0.000,800,7.44,4.6,0.31,0.00,27.8,1,1,0,1,1,1,0,0,0,0,1,0,0,0,0,0,0,0,1,0,1,1,1,1,1,1,0,0,0,0,0,0,1,1,5156.3,0C,1,1,0,1,1,0,1,0,0,125.69,462.19,,,,,,,,,,,,,,,,,,,,,,,,,,,,,,,,,,,,,,,,,,,,,,,,,,,,,,,,,
1865,866,880,14.00,86.25,804,0.0,9.750,2.874,2.95,0.000,20.60,1.00,0.80,-0.76,0.85,0.982,1.02,-1.20,1.045,0.00,0.90,0.950,27.0,19.547,0.624,0.000,800,7.44,4.6,0.30,0.00,27.8,1,1,0,1,1,1,0,0,0,0,1,0,0,0,0,0,0,0,1,0,1,1,1,1,1,1,0,0,0,0,0,0,1,1,5156.3,0C,1,1,0,1,1,0,1,0,0,127.44,463.44,,,,,,,,,,,,,,,,,,,,,,,,,,,,,,,,,,,,,,,,,,,,,,,,,,,,,,,,,
1866,867,261,14.00,86.25,802,0.0,9.000,2.816,2.95,0.000,20.41,1.00,0.22,-0.76,0.81,1.000,1.02,-1.20,1.047,0.00,0.90,0.950,27.0,19.547,0.624,0.000,800,7.44,4.6,0.27,0.00,27.8,1,1,0,1,1,1,0,0,0,0,1,0,0,0,0,0,0,0,1,0,1,1,1,1,1,1,0,0,0,0,0,0,1,1,5156.3,0C,1,1,0,1,1,0,1,0,0,126.44,465.81,,,,,,,,,,,,,,,,,,,,,,,,,,,,,,,,,,,,,,,,,,,,,,,,,,,,,,,,,
1867,867,637,14.00,86.25,803,0.0,5.250,2.925,2.95,0.000,20.51,1.00,0.22,-0.76,0.23,1.012,1.02,-1.20,1.046,0.00,0.90,0.950,27.0,19.547,0.624,61.500,0,0.31,1766.7,1.55,-49.63,115.5,0,1,0,0,0,1,0,1,1,1,1,1,0,1,1,0,0,1,0,0,0,0,0,0,0,0,1,1,1,0,0,0,0,0,10458.2,14,0,1,0,1,0,1,1,1,1,1,1,,,,,,,,,,,,,,,,,,,,,,,,,,,,,,,,,,,,,,,,,,,,,,,,,,,,,,,,,
1868,868,68,14.00,86.25,809,0.0,7.500,3.027,2.95,0.000,20.98,1.00,0.26,-0.76,0.42,1.021,1.02,-1.20,1.042,0.00,0.90,0.950,27.0,19.547,0.624,0.000,800,7.44,4.6,0.22,0.00,27.8,1,1,0,1,1,1,0,0,0,0,1,0,0,0,0,0,0,0,1,0,1,1,1,1,1,1,0,0,0,0,0,0,1,1,5156.3,0C,1,1,0,1,1,0,1,0,0,126.69,464.19,,,,,,,,,,,,,,,,,,,,,,,,,,,,,,,,,,,,,,,,,,,,,,,,,,,,,,,,,
1869,868,458,14.00,86.25,808,0.0,6.000,2.950,2.95,0.000,20.81,1.00,0.83,-0.76,0.87,0.991,1.02,-1.20,1.043,0.00,0.90,0.950,27.0,19.547,0.624,0.000,800,7.44,4.6,0.16,0.00,27.8,1,1,0,1,1,1,0,0,0,0,1,0,0,0,0,0,0,0,1,0,1,1,1,1,1,1,0,0,0,0,0,0,1,1,5156.3,0C,1,1,0,1,1,0,1,0,0,127.13,464.56,,,,,,,,,,,,,,,,,,,,,,,,,,,,,,,,,,,,,,,,,,,,,,,,,,,,,,,,,
1870,868,871,14.10,86.25,805,0.0,8.250,2.874,2.95,0.000,20.55,1.00,0.58,-0.76,0.84,0.981,1.02,-1.20,1.045,0.00,0.90,0.978,27.0,19.547,0.624,0.000,800,7.44,4.6,0.14,0.00,27.8,1,1,0,1,1,1,0,0,0,0,1,0,0,0,0,0,0,0,1,0,1,1,1,1,1,1,0,0,0,0,0,0,1,1,5156.3,0C,1,1,0,1,1,0,1,0,0,126.13,464.44,,,,,,,,,,,,,,,,,,,,,,,,,,,,,,,,,,,,,,,,,,,,,,,,,,,,,,,,,
1871,869,272,14.10,86.25,809,0.0,1.500,3.091,2.95,0.000,21.28,1.00,0.24,-0.76,0.79,1.014,1.02,-1.20,1.040,0.00,0.90,0.978,27.0,19.890,0.601,0.000,800,7.44,4.6,0.12,0.00,27.8,1,1,0,1,1,1,0,0,0,0,1,0,0,0,0,0,0,0,1,0,1,1,1,1,1,1,0,0,0,0,0,0,1,1,5156.3,0C,1,1,0,1,1,0,1,0,0,126.69,464.56,,,,,,,,,,,,,,,,,,,,,,,,,,,,,,,,,,,,,,,,,,,,,,,,,,,,,,,,,
1872,869,710,14.10,86.25,812,0.0,5.250,2.976,2.95,0.000,20.81,1.00,0.80,-0.76,0.85,0.996,1.02,-1.20,1.043,0.00,0.90,0.978,27.0,19.547,0.601,0.000,800,7.44,4.6,0.07,0.00,27.8,1,1,0,1,1,1,0,0,0,0,1,0,0,0,0,0,0,0,1,0,1,1,1,1,1,1,0,0,0,0,0,0,1,1,5156.3,0C,1,1,0,1,1,0,1,0,0,128.69,463.63,,,,,,,,,,,,,,,,,,,,,,,,,,,,,,,,,,,,,,,,,,,,,,,,,,,,,,,,,
1873,870,98,14.00,86.25,802,0.0,4.500,2.893,2.95,0.000,20.51,1.00,0.84,-0.76,0.89,0.982,1.02,-1.20,1.046,0.00,0.90,0.978,27.0,19.547,0.601,0.000,800,7.44,4.6,0.06,0.00,27.8,1,1,0,1,1,1,0,0,0,0,1,0,0,0,0,0,0,0,1,0,1,1,1,1,1,1,0,0,0,0,0,0,1,1,5156.3,0C,1,1,0,1,1,0,1,0,0,129.63,466.00,,,,,,,,,,,,,,,,,,,,,,,,,,,,,,,,,,,,,,,,,,,,,,,,,,,,,,,,,
1874,870,500,14.00,86.25,800,0.0,6.750,2.982,753.13,23.163,974.98,1.45,0.34,-1.33,0.77,0.007,0.02,-5.80,0.391,0.01,0.45,0.172,-41.3,52.735,0.719,9.750,0,0.31,1766.7,1.55,-49.63,115.5,0,1,0,0,0,1,0,1,1,1,1,1,0,1,1,0,0,1,0,0,0,0,0,0,0,0,0,0,0,1,0,0,0,0,47.5,39,0,1,0,1,0,1,1,1,1,1,1,,,,,,,,,,,,,,,,,,,,,,,,,,,,,,,,,,,,,,,,,,,,,,,,,,,,,,,,,
1875,870,894,14.00,86.25,811,0.0,0.000,3.085,2.95,0.000,21.28,1.00,0.24,-0.76,0.73,1.014,1.02,-1.20,1.040,0.00,0.90,1.045,27.0,19.890,0.601,0.000,800,7.44,4.6,0.01,-0.02,27.8,1,1,0,1,1,1,0,0,0,0,1,0,0,0,0,0,0,0,1,0,1,1,1,1,1,1,0,0,0,0,0,0,1,1,5156.3,0C,1,1,0,1,1,0,1,0,0,129.00,465.19,,,,,,,,,,,,,,,,,,,,,,,,,,,,,,,,,,,,,,,,,,,,,,,,,,,,,,,,,
1876,871,272,14.00,87.00,804,0.0,5.250,2.912,3.03,0.000,20.70,1.00,0.81,-0.76,0.85,0.982,1.02,-1.20,1.044,0.00,0.90,1.045,27.8,19.547,0.601,0.000,800,7.45,4.6,-0.01,0.00,27.8,1,1,0,1,1,1,0,0,0,0,1,0,0,0,0,0,0,0,1,0,1,1,1,1,1,1,0,0,0,0,0,0,1,1,5156.3,0C,1,1,0,1,1,0,1,0,0,128.69,466.56,,,,,,,,,,,,,,,,,,,,,,,,,,,,,,,,,,,,,,,,,,,,,,,,,,,,,,,,,
1877,871,669,14.00,87.00,799,0.0,7.500,2.931,2.95,0.000,20.95,1.00,0.79,-0.76,0.86,0.970,1.02,-1.20,1.042,0.00,0.90,1.045,27.8,19.547,0.601,0.000,800,7.45,4.6,-0.01,0.00,27.8,1,1,0,1,1,1,0,0,0,0,1,0,0,0,0,0,0,0,1,0,1,1,1,1,1,1,0,0,0,0,0,0,1,1,5156.3,0C,1,1,0,1,1,0,1,0,0,129.06,468.50,,,,,,,,,,,,,,,,,,,,,,,,,,,,,,,,,,,,,,,,,,,,,,,,,,,,,,,,,
1878,872,51,14.00,87.00,798,0.0,6.750,3.014,2.95,0.000,21.02,1.00,0.21,-0.76,0.75,0.999,1.02,-1.20,1.042,0.00,0.90,0.950,27.8,19.547,0.601,0.000,800,7.45,4.6,-0.01,0.00,27.8,1,1,0,1,1,1,0,0,0,0,1,0,0,0,0,0,0,0,1,0,1,1,1,1,1,1,0,0,0,0,0,0,1,1,5156.3,0C,1,1,0,1,1,0,1,0,0,128.94,470.31,,,,,,,,,,,,,,,,,,,,,,,,,,,,,,,,,,,,,,,,,,,,,,,,,,,,,,,,,
1879,872,458,14.10,87.00,810,0.0,6.000,3.021,2.95,0.000,20.81,1.00,0.24,-0.76,0.61,1.012,1.02,-1.20,1.043,0.00,0.90,0.950,27.8,19.547,0.601,0.000,800,7.45,4.6,-0.06,0.00,27.8,1,1,0,1,1,1,0,0,0,0,1,0,0,0,0,0,0,0,1,0,1,1,1,1,1,1,0,0,0,0,0,0,1,1,5156.3,0C,1,1,0,1,1,0,1,0,0,127.31,464.38,,,,,,,,,,,,,,,,,,,,,,,,,,,,,,,,,,,,,,,,,,,,,,,,,,,,,,,,,
1880,872,853,14.00,87.00,809,0.0,4.500,2.982,2.95,0.000,20.98,1.00,0.83,-0.76,0.87,0.982,1.02,-1.20,1.042,0.00,0.90,0.950,27.8,19.196,0.579,0.000,800,7.45,4.6,-0.10,0.00,27.8,1,1,0,1,1,1,0,0,0,0,1,0,0,0,0,0,0,0,1,0,1,1,1,1,1,1,0,0,0,0,0,0,1,1,5156.3,0C,1,1,0,1,1,0,1,0,0,125.50,464.50,,,,,,,,,,,,,,,,,,,,,,,,,,,,,,,,,,,,,,,,,,,,,,,,,,,,,,,,,
1881,873,283,14.00,87.00,801,0.0,6.000,2.989,2.95,0.000,21.02,1.00,0.81,-0.76,0.87,0.973,1.02,-1.20,1.042,0.00,0.90,0.950,27.8,19.547,0.579,0.000,800,7.45,4.6,-0.09,0.00,27.8,1,1,0,1,1,1,0,0,0,0,1,0,0,0,0,0,0,0,1,0,1,1,1,1,1,1,0,0,0,0,0,0,1,1,5156.3,0C,1,1,0,1,1,0,1,0,0,129.38,467.56,,,,,,,,,,,,,,,,,,,,,,,,,,,,,,,,,,,,,,,,,,,,,,,,,,,,,,,,,
1882,873,786,14.00,87.00,798,0.0,6.750,3.008,3.03,0.000,21.07,1.00,0.72,-0.76,0.85,0.998,1.02,-1.20,1.041,0.00,0.90,0.950,27.8,19.547,0.579,0.000,800,7.45,4.6,-0.09,0.00,27.8,1,1,0,1,1,1,0,0,0,0,1,0,0,0,0,0,0,0,1,0,1,1,1,1,1,1,0,0,0,0,0,0,1,1,5156.3,0C,1,1,0,1,1,0,1,0,0,130.69,469.50,,,,,,,,,,,,,,,,,,,,,,,,,,,,,,,,,,,,,,,,,,,,,,,,,,,,,,,,,
1883,874,191,14.10,87.00,807,0.0,4.500,3.002,2.95,0.000,20.70,1.00,0.65,-0.76,0.71,1.014,1.02,-1.20,1.044,0.00,0.90,0.978,27.8,19.196,0.579,0.000,800,7.45,4.6,-0.13,0.00,27.8,1,1,0,1,1,1,0,0,0,0,1,0,0,0,0,0,0,0,1,0,1,1,1,1,1,1,0,0,0,0,0,0,1,1,5156.3,0C,1,1,0,1,1,0,1,0,0,127.31,464.44,,,,,,,,,,,,,,,,,,,,,,,,,,,,,,,,,,,,,,,,,,,,,,,,,,,,,,,,,
1884,874,608,14.00,87.00,804,0.0,6.750,2.944,2.95,0.000,20.81,1.00,0.80,-0.76,0.86,0.976,1.02,-1.21,1.043,0.00,0.90,0.978,27.8,19.547,0.579,0.000,800,7.45,4.6,-0.16,0.00,27.8,1,1,0,1,1,1,0,0,0,0,1,0,0,0,0,0,0,0,1,0,1,1,1,1,1,1,0,0,0,0,0,0,1,1,5156.3,0C,1,1,0,1,1,0,1,0,0,127.69,465.94,,,,,,,,,,,,,,,,,,,,,,,,,,,,,,,,,,,,,,,,,,,,,,,,,,,,,,,,,
1885,875,8,14.10,87.00,802,0.0,10.500,2.918,2.95,0.000,20.93,1.00,0.74,-0.76,0.85,0.966,1.02,-1.21,1.043,0.00,0.90,0.950,27.8,19.547,0.579,0.000,800,7.45,4.6,-0.17,0.00,27.8,1,1,0,1,1,1,0,0,0,0,1,0,0,0,0,0,0,0,1,0,1,1,1,1,1,1,0,0,0,0,0,0,1,1,5156.3,0C,1,1,0,1,1,0,1,0,0,126.69,465.63,,,,,,,,,,,,,,,,,,,,,,,,,,,,,,,,,,,,,,,,,,,,,,,,,,,,,,,,,
1886,875,410,14.10,87.00,803,0.0,6.750,2.950,2.95,0.000,20.51,1.00,0.22,-0.76,0.28,1.001,1.02,-1.21,1.046,0.00,0.90,0.950,27.8,19.196,0.579,0.000,800,7.45,4.6,-0.20,0.00,27.8,1,1,0,1,1,1,0,0,0,0,1,0,0,0,0,0,0,0,1,0,1,1,1,1,1,1,0,0,0,0,0,0,1,1,5156.3,0C,1,1,0,1,1,0,1,0,0,127.13,465.25,,,,,,,,,,,,,,,,,,,,,,,,,,,,,,,,,,,,,,,,,,,,,,,,,,,,,,,,,
1887,875,821,14.10,87.00,801,0.0,6.000,3.008,2.95,0.000,20.98,1.00,0.69,-0.76,0.79,0.986,1.02,-1.21,1.042,0.00,0.90,0.950,27.8,19.196,0.579,0.000,800,7.45,4.6,-0.21,0.00,27.8,1,1,0,1,1,1,0,0,0,0,1,0,0,0,0,0,0,0,1,0,1,1,1,1,1,1,0,0,0,0,0,0,1,1,5156.3,0C,1,1,0,1,1,0,1,0,0,127.88,466.56,,,,,,,,,,,,,,,,,,,,,,,,,,,,,,,,,,,,,,,,,,,,,,,,,,,,,,,,,
1888,876,251,14.10,87.00,804,0.0,6.000,2.944,2.91,0.000,20.91,1.00,0.81,-0.76,0.86,0.973,1.02,-1.21,1.043,0.00,0.90,0.950,27.8,19.547,0.579,0.000,800,7.45,4.6,-0.22,0.00,27.8,1,1,0,1,1,1,0,0,0,0,1,0,0,0,0,0,0,0,1,0,1,1,1,1,1,1,0,0,0,0,0,0,1,1,5156.3,0C,1,1,0,1,1,0,1,0,0,126.63,466.25,,,,,,,,,,,,,,,,,,,,,,,,,,,,,,,,,,,,,,,,,,,,,,,,,,,,,,,,,
1889,876,648,14.10,87.00,802,0.0,7.500,2.970,2.91,0.000,20.81,1.00,0.26,-0.76,0.83,1.001,1.02,-1.21,1.043,0.00,0.90,0.950,27.8,19.547,0.559,0.000,800,7.45,4.6,-0.24,0.00,27.8,1,1,0,1,1,1,0,0,0,0,1,0,0,0,0,0,0,0,1,0,1,1,1,1,1,1,0,0,0,0,0,0,1,1,5156.3,0C,1,1,0,1,1,0,1,0,0,127.44,466.69,,,,,,,,,,,,,,,,,,,,,,,,,,,,,,,,,,,,,,,,,,,,,,,,,,,,,,,,,
1890,877,41,14.10,87.00,805,0.0,7.500,2.976,2.95,0.000,20.60,1.00,0.22,-0.76,0.61,1.015,1.02,-1.21,1.045,0.00,0.90,0.950,27.8,19.196,0.559,0.000,800,7.45,4.6,-0.27,0.00,27.8,1,1,0,1,1,1,0,0,0,0,1,0,0,0,0,0,0,0,1,0,1,1,1,1,1,1,0,0,0,0,0,0,1,1,5156.3,0C,1,1,0,1,1,0,1,0,0,128.13,464.19,,,,,,,,,,,,,,,,,,,,,,,,,,,,,,,,,,,,,,,,,,,,,,,,,,,,,,,,,
1891,877,430,14.10,87.00,809,0.0,5.250,2.938,2.95,0.000,20.63,1.00,0.80,-0.76,0.84,0.990,1.02,-1.21,1.045,0.00,0.90,0.950,27.8,19.196,0.559,0.000,800,7.45,4.6,-0.31,0.00,27.8,1,1,0,1,1,1,0,0,0,0,1,0,0,0,0,0,0,0,1,0,1,1,1,1,1,1,0,0,0,0,0,0,1,1,5156.3,0C,1,1,0,1,1,0,1,0,0,126.50,463.63,,,,,,,,,,,,,,,,,,,,,,,,,,,,,,,,,,,,,,,,,,,,,,,,,,,,,,,,,
1892,877,818,14.10,87.00,808,0.0,6.000,2.899,2.95,0.000,20.63,1.00,0.83,-0.76,0.87,0.976,1.02,-1.21,1.045,0.00,0.90,0.950,27.8,19.196,0.559,0.000,800,7.45,4.6,-0.35,0.00,27.8,1,1,0,1,1,1,0,0,0,0,1,0,0,0,0,0,0,0,1,0,1,1,1,1,1,1,0,0,0,0,0,0,1,1,5156.3,0C,1,1,0,1,1,0,1,0,0,126.00,463.00,,,,,,,,,,,,,,,,,,,,,,,,,,,,,,,,,,,,,,,,,,,,,,,,,,,,,,,,,
1893,880,253,14.10,87.75,799,0.0,6.000,3.014,2.91,0.000,20.84,1.00,0.22,-0.76,0.24,1.007,1.02,-1.21,1.043,0.00,0.90,0.950,27.8,19.196,0.559,0.000,800,7.46,4.6,-0.38,0.00,27.8,1,1,0,1,1,1,0,0,0,0,1,0,0,0,0,0,0,0,1,0,1,1,1,1,1,1,0,0,0,0,0,0,1,1,5156.3,0C,1,1,0,1,1,0,1,0,0,127.81,468.06,,,,,,,,,,,,,,,,,,,,,,,,,,,,,,,,,,,,,,,,,,,,,,,,,,,,,,,,,
1894,880,669,14.10,87.75,808,0.0,3.750,3.059,2.91,0.000,21.05,1.00,0.28,-0.76,0.78,1.017,1.02,-1.21,1.042,0.00,0.90,0.950,27.8,19.547,0.559,0.000,800,7.46,4.6,-0.41,0.00,27.8,1,1,0,1,1,1,0,0,0,0,1,0,0,0,0,0,0,0,1,0,1,1,1,1,1,1,0,0,0,0,0,0,1,1,5156.3,0C,1,1,0,1,1,0,1,0,0,125.75,463.69,,,,,,,,,,,,,,,,,,,,,,,,,,,,,,,,,,,,,,,,,,,,,,,,,,,,,,,,,
1895,881,86,14.00,-48.00,7744,0.0,2.250,183.501,753.13,65.351,1052.95,1.45,0.25,-1.33,0.99,0.007,0.02,-7.13,0.384,0.01,0.70,0.172,-41.3,54.688,0.734,83.250,0,0.31,1766.7,1.55,-49.63,115.5,0,1,0,0,0,1,0,1,1,1,1,1,0,1,1,0,0,1,0,0,0,0,0,0,0,0,1,1,1,0,0,0,0,0,8836.8,6,0,1,0,1,0,1,1,1,1,1,1,,,,,,,,,,,,,,,,,,,,,,,,,,,,,,,,,,,,,,,,,,,,,,,,,,,,,,,,,
1896,881,479,14.10,87.75,799,0.0,7.500,3.027,2.91,0.000,21.05,1.00,0.25,-0.76,0.84,1.004,1.02,-1.21,1.042,0.00,0.90,0.950,27.8,19.547,0.542,0.000,800,7.46,4.6,-0.42,0.00,27.8,1,1,0,1,1,1,0,0,0,0,1,0,0,0,0,0,0,0,1,0,1,1,1,1,1,1,0,0,0,0,0,0,1,1,5156.3,0C,1,1,0,1,1,0,1,0,0,129.06,467.31,,,,,,,,,,,,,,,,,,,,,,,,,,,,,,,,,,,,,,,,,,,,,,,,,,,,,,,,,
1897,881,870,14.10,87.75,800,0.0,6.750,3.002,2.95,0.000,20.63,1.00,0.22,-0.76,0.58,1.017,1.02,-1.21,1.045,0.00,0.90,1.075,27.8,19.196,0.542,0.000,800,7.46,4.6,-0.42,0.00,27.8,1,1,0,1,1,1,0,0,0,0,1,0,0,0,0,0,0,0,1,0,1,1,1,1,1,1,0,0,0,0,0,0,1,1,5156.3,0C,1,1,0,1,1,0,1,0,0,128.56,466.44,,,,,,,,,,,,,,,,,,,,,,,,,,,,,,,,,,,,,,,,,,,,,,,,,,,,,,,,,
1898,882,275,14.10,87.75,801,0.0,4.500,2.912,2.95,0.000,20.46,1.45,0.25,-1.33,1.18,0.007,0.02,-1.19,0.384,0.01,0.70,0.172,-41.3,54.688,0.734,83.250,0,0.31,1766.7,1.55,-49.63,115.5,0,1,0,0,0,1,0,1,1,1,1,1,0,1,1,0,0,1,0,0,0,0,0,0,0,0,1,1,1,0,0,0,0,0,9178.2,17,0,1,0,1,0,1,1,1,1,1,1,,,,,,,,,,,,,,,,,,,,,,,,,,,,,,,,,,,,,,,,,,,,,,,,,,,,,,,,,
1899,882,663,14.00,-48.00,7744,0.0,2.250,162.202,412.21,19.344,1494.00,1.45,0.51,-0.49,0.18,0.271,0.00,8.20,1.094,0.01,1.00,59.443,-48.0,39.559,0.047,0.000,70,-12.41,1271.4,-199.48,-199.48,-199.48,-199.48,-199.48,-199.48,-199.48,-199.48,-199.48,-199.48,-199.48,-199.48,-199.48,-199.48,-199.48,-199.48,-199.48,-199.48,-199.48,-199.48,-199.48,-199.48,-199.48,-199.48,-199.48,-199.48,-199.48,-199.48,-199.48,-199.48,-199.48,-199.48,-199.48,-199.48,-199.48,-199.48,-199.48,-199.48,,,,,,,,,,,,,,,,,,,,,,,,,,,,,,,,,,,,,,,,,,,,,,,,,,,,,,,,,,,,,,,,,,,,,
1900,883,58,14.10,87.75,796,0.0,6.750,2.899,2.91,0.000,20.74,1.00,0.24,-0.76,0.83,0.973,1.02,-1.21,1.044,0.00,0.90,0.950,28.5,19.196,0.542,0.000,800,7.46,4.6,-0.45,0.00,27.8,1,1,0,1,1,1,0,0,0,0,1,0,0,0,0,0,0,0,1,0,1,1,1,1,1,1,0,0,0,0,0,0,1,1,5156.3,0C,1,1,0,1,1,0,1,0,0,127.06,467.44,,,,,,,,,,,,,,,,,,,,,,,,,,,,,,,,,,,,,,,,,,,,,,,,,,,,,,,,,
1901,883,469,14.10,87.75,794,0.0,6.000,2.995,2.91,0.000,20.81,1.00,0.22,-0.76,0.23,1.011,1.02,-1.21,1.043,0.00,0.90,0.950,28.5,19.196,0.542,0.000,800,7.46,4.6,-0.42,0.00,27.8,1,1,0,1,1,1,0,0,0,0,1,0,0,0,0,0,0,0,1,0,1,1,1,1,1,1,0,0,0,0,0,0,1,1,5156.3,0C,1,1,0,1,1,0,1,0,0,126.13,469.13,,,,,,,,,,,,,,,,,,,,,,,,,,,,,,,,,,,,,,,,,,,,,,,,,,,,,,,,,
1902,883,861,14.10,87.75,804,0.0,0.000,3.027,2.91,0.000,21.07,1.00,0.67,-0.76,0.79,0.993,1.02,-1.21,1.041,0.00,0.90,1.045,28.5,19.196,0.542,0.000,800,7.46,4.6,-0.45,0.00,27.8,1,1,0,1,1,1,0,0,0,0,1,0,0,0,0,0,0,0,1,0,1,1,1,1,1,1,0,0,0,0,0,0,1,1,5156.3,0C,1,1,0,1,1,0,1,0,0,126.88,465.75,,,,,,,,,,,,,,,,,,,,,,,,,,,,,,,,,,,,,,,,,,,,,,,,,,,,,,,,,
1903,884,246,14.00,87.75,796,0.0,4.500,2.963,740.63,60.664,1034.93,1.45,0.25,-1.33,0.66,0.007,0.02,-2.62,0.384,0.01,0.70,0.172,-41.3,55.079,0.734,83.250,0,0.31,1766.7,1.55,-49.63,115.5,0,1,0,0,0,1,0,1,1,1,1,1,0,1,1,0,0,1,0,0,0,0,0,0,0,0,1,1,1,0,0,0,0,0,8580.8,47,0,1,0,1,0,1,1,1,1,1,1,,,,,,,,,,,,,,,,,,,,,,,,,,,,,,,,,,,,,,,,,,,,,,,,,,,,,,,,,
1904,884,659,14.00,87.75,794,0.0,18.000,3.046,2.95,0.000,21.54,1.00,0.19,-0.76,0.83,0.970,1.02,-1.21,1.038,0.00,0.90,1.045,28.5,19.890,0.542,0.000,800,7.46,4.6,-0.41,0.00,27.8,1,1,0,1,1,1,0,0,0,0,1,0,0,0,0,0,0,0,1,0,1,1,1,1,1,1,0,0,0,0,0,0,1,1,5156.3,0C,1,1,0,1,1,0,1,0,0,133.25,473.69,,,,,,,,,,,,,,,,,,,,,,,,,,,,,,,,,,,,,,,,,,,,,,,,,,,,,,,,,
1905,885,49,14.00,87.75,798,0.0,9.750,2.963,2.95,0.000,20.60,1.00,0.26,-0.76,0.24,1.007,1.02,-1.21,1.045,0.00,0.90,1.075,28.5,19.196,0.525,0.000,800,7.46,4.6,-0.42,0.00,27.8,1,1,0,1,1,1,0,0,0,0,1,0,0,0,0,0,0,0,1,0,1,1,1,1,1,1,0,0,0,0,0,0,1,1,5156.3,0C,1,1,0,1,1,0,1,0,0,128.06,469.25,,,,,,,,,,,,,,,,,,,,,,,,,,,,,,,,,,,,,,,,,,,,,,,,,,,,,,,,,
1906,885,439,14.10,87.75,804,0.0,6.750,2.925,2.91,0.000,20.77,1.00,0.78,-0.76,0.83,0.976,1.02,-1.21,1.044,0.00,0.90,1.075,28.5,19.196,0.525,0.000,800,7.46,4.6,-0.44,0.00,27.8,1,1,0,1,1,1,0,0,0,0,1,0,0,0,0,0,0,0,1,0,1,1,1,1,1,1,0,0,0,0,0,0,1,1,5156.3,0C,1,1,0,1,1,0,1,0,0,127.63,463.63,,,,,,,,,,,,,,,,,,,,,,,,,,,,,,,,,,,,,,,,,,,,,,,,,,,,,,,,,
1907,885,820,14.00,87.75,798,0.0,6.750,2.886,2.91,0.000,20.63,1.00,0.57,-0.76,0.84,0.964,1.02,-1.21,1.045,0.00,0.90,0.978,28.5,19.196,0.525,0.000,800,7.46,4.6,-0.01,-49.63,115.5,0,1,0,0,0,1,0,1,1,1,1,1,0,1,1,0,0,1,0,0,0,0,0,0,0,0,1,1,1,0,0,0,0,0,9092.8,22,0,1,0,1,0,1,1,1,1,1,1,,,,,,,,,,,,,,,,,,,,,,,,,,,,,,,,,,,,,,,,,,,,,,,,,,,,,,,,,
1908,886,219,14.00,87.75,799,0.0,8.250,3.021,2.91,0.000,21.00,1.00,0.21,-0.76,0.22,0.997,1.02,-1.21,1.042,0.00,0.90,0.978,28.5,19.196,0.525,0.000,800,7.46,4.6,-0.43,0.00,27.8,1,1,0,1,1,1,0,0,0,0,1,0,0,0,0,0,0,0,1,0,1,1,1,1,1,1,0,0,0,0,0,0,1,1,5156.3,0C,1,1,0,1,1,0,1,0,0,126.00,467.25,,,,,,,,,,,,,,,,,,,,,,,,,,,,,,,,,,,,,,,,,,,,,,,,,,,,,,,,,
1909,886,602,14.10,87.75,803,0.0,6.000,3.021,2.91,0.000,20.84,1.00,0.23,-0.76,0.35,1.009,1.02,-1.21,1.043,0.00,0.90,0.978,28.5,19.196,0.525,0.000,800,7.46,4.6,-0.45,0.00,27.8,1,1,0,1,1,1,0,0,0,0,1,0,0,0,0,0,0,0,1,0,1,1,1,1,1,1,0,0,0,0,0,0,1,1,5156.3,0C,1,1,0,1,1,0,1,0,0,126.19,464.50,,,,,,,,,,,,,,,,,,,,,,,,,,,,,,,,,,,,,,,,,,,,,,,,,,,,,,,,,
1910,887,3,14.00,87.75,798,0.0,9.000,2.912,2.95,0.000,20.53,1.00,0.80,-0.76,0.84,0.984,1.02,-1.21,1.046,0.00,0.90,0.172,-41.3,55.470,0.734,81.000,0,0.31,1766.7,1.55,-49.63,115.5,0,1,0,0,0,1,0,1,1,1,1,1,0,1,1,0,0,1,0,0,0,0,0,0,0,0,1,1,1,0,0,0,0,0,10628.8,33,0,1,0,1,0,1,1,1,1,1,1,,,,,,,,,,,,,,,,,,,,,,,,,,,,,,,,,,,,,,,,,,,,,,,,,,,,,,,,,
1911,887,390,14.10,87.75,801,0.0,9.750,2.918,2.91,0.000,20.81,1.00,0.79,-0.76,0.86,0.972,1.02,-1.21,1.043,0.00,0.90,1.045,28.5,18.853,0.525,0.000,800,7.46,4.6,-0.47,0.00,27.8,1,1,0,1,1,1,0,0,0,0,1,0,0,0,0,0,0,0,1,0,1,1,1,1,1,1,0,0,0,0,0,0,1,1,5156.3,0C,1,1,0,1,1,0,1,0,0,126.94,464.81,,,,,,,,,,,,,,,,,,,,,,,,,,,,,,,,,,,,,,,,,,,,,,,,,,,,,,,,,
1912,887,773,14.00,87.75,798,0.0,9.000,2.925,2.91,0.000,20.51,1.00,0.22,-0.76,0.78,0.992,1.02,-1.21,1.046,0.00,0.90,0.950,28.5,18.509,0.525,0.000,800,7.46,4.6,-0.47,0.00,27.8,1,1,0,1,1,1,0,0,0,0,1,0,0,0,0,0,0,0,1,0,1,1,1,1,1,1,0,0,0,0,0,0,1,1,5156.3,0C,1,1,0,1,1,0,1,0,0,125.13,465.56,,,,,,,,,,,,,,,,,,,,,,,,,,,,,,,,,,,,,,,,,,,,,,,,,,,,,,,,,
1913,888,265,14.10,87.75,804,0.0,3.000,2.989,2.91,0.000,20.70,1.00,0.21,-0.76,0.24,1.005,1.02,-1.21,1.044,0.00,0.90,0.950,28.5,17.815,0.525,0.000,800,7.46,4.6,-0.49,0.00,27.8,1,1,0,1,1,1,0,0,0,0,1,0,0,0,0,0,0,0,1,0,1,1,1,1,1,1,0,0,0,0,0,0,1,1,5156.3,0C,1,1,0,1,1,0,1,0,0,125.75,463.25,,,,,,,,,,,,,,,,,,,,,,,,,,,,,,,,,,,,,,,,,,,,,,,,,,,,,,,,,
1914,888,660,14.10,87.75,801,0.0,9.750,2.867,2.91,0.000,20.30,1.00,0.49,-0.76,0.81,0.980,1.02,-1.21,1.047,0.00,0.90,0.950,28.5,17.121,0.525,0.000,800,7.46,4.6,-0.50,0.00,27.8,1,1,0,1,1,1,0,0,0,0,1,0,0,0,0,0,0,0,1,0,1,1,1,1,1,0,0,0,0,0,0,0,1,1,5156.3,0C,1,1,0,1,1,0,1,0,0,126.50,464.06,,,,,,,,,,,,,,,,,,,,,,,,,,,,,,,,,,,,,,,,,,,,,,,,,,,,,,,,,
1915,889,59,14.00,87.75,798,0.0,12.000,2.816,2.95,0.000,20.02,1.00,0.24,-0.76,0.83,0.969,1.02,-1.21,1.047,0.00,0.90,0.950,28.5,16.777,0.525,0.000,800,7.46,4.6,-0.51,0.00,27.8,1,1,0,1,1,1,0,0,0,0,1,0,0,0,0,0,0,0,1,0,1,1,1,1,1,0,0,0,0,0,0,0,1,1,5156.3,0C,1,1,0,1,1,0,1,0,0,123.56,463.44,,,,,,,,,,,,,,,,,,,,,,,,,,,,,,,,,,,,,,,,,,,,,,,,,,,,,,,,,
1916,889,472,14.10,87.75,800,0.0,7.500,3.002,2.91,0.000,20.79,1.00,0.22,-0.76,0.25,1.002,1.02,-1.21,1.044,0.00,0.90,0.950,28.5,16.091,0.525,0.000,800,7.47,4.6,-0.51,0.00,27.8,1,1,0,1,1,1,0,0,0,0,1,0,0,0,0,0,0,0,1,0,1,1,1,1,1,0,0,0,0,0,0,0,1,1,5156.3,0C,1,1,0,1,1,0,1,0,0,126.38,462.88,,,,,,,,,,,,,,,,,,,,,,,,,,,,,,,,,,,,,,,,,,,,,,,,,,,,,,,,,
1917,889,865,14.00,87.75,796,0.0,13.500,2.957,2.95,0.000,20.18,1.00,0.23,-0.76,0.25,1.015,1.02,-1.21,1.047,0.00,0.90,1.075,28.5,15.396,0.525,0.000,800,7.47,4.6,-0.51,0.00,27.8,1,1,0,1,1,1,0,0,0,0,1,0,0,0,0,0,0,0,1,0,1,1,1,1,1,0,0,0,0,0,0,0,1,1,5156.3,0C,1,1,0,1,1,0,1,0,0,126.88,466.00,,,,,,,,,,,,,,,,,,,,,,,,,,,,,,,,,,,,,,,,,,,,,,,,,,,,,,,,,
1918,890,270,14.00,87.75,801,0.0,12.750,2.880,2.91,0.000,19.92,1.00,0.75,-0.76,0.81,0.998,1.02,-1.21,1.047,0.00,0.90,1.075,28.5,15.053,0.525,0.000,800,7.47,4.6,-0.52,0.00,27.8,1,1,0,1,1,1,0,0,0,0,1,0,0,0,0,0,0,0,1,0,1,1,1,1,1,0,0,0,0,0,0,0,1,1,5156.3,0C,1,1,0,1,1,0,1,0,0,123.75,462.50,,,,,,,,,,,,,,,,,,,,,,,,,,,,,,,,,,,,,,,,,,,,,,,,,,,,,,,,,
1919,890,656,14.00,87.75,802,0.0,13.500,2.899,2.95,0.000,20.11,1.00,0.83,-0.76,0.87,0.985,1.02,-1.21,1.047,0.00,0.90,1.075,28.5,14.359,0.525,0.000,800,7.47,4.6,-0.57,0.00,27.8,1,1,0,1,1,1,0,0,0,0,1,0,0,0,0,0,0,0,1,0,1,1,1,1,1,0,0,0,0,0,0,0,1,1,5156.3,0C,1,1,0,1,1,0,1,0,0,120.81,460.69,,,,,,,,,,,,,,,,,,,,,,,,,,,,,,,,,,,,,,,,,,,,,,,,,,,,,,,,,
1920,891,49,14.10,88.50,800,0.0,9.000,2.925,2.91,0.000,20.63,1.00,0.62,-0.76,0.85,0.973,1.02,-1.21,1.045,0.00,0.90,0.922,28.5,14.015,0.525,0.000,800,7.47,4.6,-0.55,0.00,27.8,1,1,0,1,1,1,0,0,0,0,1,0,0,0,0,0,0,0,1,0,1,1,1,1,1,0,0,0,0,0,0,0,1,1,5156.3,0C,1,1,0,1,1,0,1,0,0,127.13,462.50,,,,,,,,,,,,,,,,,,,,,,,,,,,,,,,,,,,,,,,,,,,,,,,,,,,,,,,,,
1921,891,432,14.00,88.50,800,0.0,0.000,2.976,2.91,0.000,20.34,1.00,0.22,-0.76,0.26,1.002,1.02,-1.21,1.047,0.00,0.90,0.922,28.5,13.321,0.525,0.000,800,7.47,4.6,-0.56,0.00,27.8,1,1,0,1,1,1,0,0,0,0,1,0,0,0,0,0,0,0,1,0,1,1,1,1,1,0,0,0,0,0,0,0,1,1,5156.3,0C,1,1,0,1,1,0,1,0,0,126.69,461.19,,,,,,,,,,,,,,,,,,,,,,,,,,,,,,,,,,,,,,,,,,,,,,,,,,,,,,,,,
1922,891,830,14.00,88.50,803,0.0,3.000,3.117,2.95,0.000,20.74,1.00,0.28,-0.76,0.60,1.015,1.02,-1.21,1.044,0.00,0.90,1.045,28.5,12.978,0.525,0.000,800,7.47,4.6,-0.57,0.00,27.8,1,1,0,1,1,1,0,0,0,0,1,0,0,0,0,0,0,0,1,0,1,1,1,1,1,0,0,0,0,0,0,0,1,1,5156.3,0C,1,1,0,1,1,0,1,0,0,125.06,459.75,,,,,,,,,,,,,,,,,,,,,,,,,,,,,,,,,,,,,,,,,,,,,,,,,,,,,,,,,
1923,892,230,14.10,88.50,805,0.0,9.750,2.893,2.95,0.000,20.16,1.00,0.81,-0.76,0.84,0.981,1.02,-1.21,1.047,0.00,0.90,1.045,28.5,12.284,0.525,0.000,800,7.47,4.6,-0.60,0.00,27.8,1,1,0,1,1,1,0,0,0,0,1,0,0,0,0,0,0,0,1,0,1,1,1,1,1,0,0,0,0,0,0,0,1,1,5156.3,0C,1,1,0,1,1,0,1,0,0,120.88,460.88,,,,,,,,,,,,,,,,,,,,,,,,,,,,,,,,,,,,,,,,,,,,,,,,,,,,,,,,,
1924,892,641,14.10,88.50,800,0.0,10.500,2.835,2.95,0.000,20.04,1.00,0.24,-0.76,0.82,0.971,1.02,-1.21,1.047,0.00,0.90,1.045,28.5,11.940,0.525,0.000,800,7.47,4.6,-0.59,0.00,27.8,1,1,0,1,1,1,0,0,0,0,1,0,0,0,0,0,0,0,1,0,1,1,1,1,1,0,0,0,0,0,0,0,1,1,5156.3,0C,1,1,0,1,1,0,1,0,0,122.69,461.25,,,,,,,,,,,,,,,,,,,,,,,,,,,,,,,,,,,,,,,,,,,,,,,,,,,,,,,,,
1925,893,40,14.10,88.50,800,0.0,9.750,2.950,2.95,0.000,20.18,1.00,0.21,-0.76,0.22,1.005,1.02,-1.21,1.047,0.00,0.90,0.950,28.5,11.246,0.525,0.000,800,7.47,4.6,-0.59,0.00,27.8,1,1,0,1,1,1,0,0,0,0,1,0,0,0,0,0,0,0,1,0,1,1,1,1,1,0,0,0,0,0,0,0,1,1,5156.3,0C,1,1,0,1,1,0,1,0,0,125.56,459.81,,,,,,,,,,,,,,,,,,,,,,,,,,,,,,,,,,,,,,,,,,,,,,,,,,,,,,,,,
1926,893,441,14.00,88.50,802,0.0,13.500,2.950,2.95,0.000,20.34,1.00,0.76,-0.76,0.77,0.991,1.02,-1.21,1.047,0.00,0.90,0.950,28.5,10.559,0.525,0.000,800,7.47,4.6,-0.61,0.00,27.8,1,1,0,1,1,1,0,0,0,0,1,0,0,0,0,0,0,0,1,0,1,1,1,1,1,0,0,0,0,0,0,0,1,1,5156.3,0C,1,1,0,1,1,0,1,0,0,124.50,460.94,,,,,,,,,,,,,,,,,,,,,,,,,,,,,,,,,,,,,,,,,,,,,,,,,,,,,,,,,
1927,893,841,14.00,88.50,802,0.0,4.500,2.880,3.03,0.000,20.04,1.00,0.81,-0.76,0.84,0.981,1.02,-1.21,1.047,0.00,0.90,0.978,28.5,10.208,0.525,0.000,800,7.47,4.6,-0.63,0.00,27.8,1,1,0,1,1,1,0,0,0,0,1,0,0,0,0,0,0,0,1,0,1,1,1,1,1,0,0,0,0,0,0,0,1,1,5156.3,0C,1,1,0,1,1,0,1,0,0,123.13,459.88,,,,,,,,,,,,,,,,,,,,,,,,,,,,,,,,,,,,,,,,,,,,,,,,,,,,,,,,,
1928,894,222,14.10,88.50,802,0.0,6.000,2.931,3.03,0.000,20.30,1.00,0.25,-0.76,0.82,1.000,1.02,-1.21,1.047,0.00,0.90,0.978,28.5,9.522,0.525,0.000,800,7.47,4.6,-0.63,0.00,27.8,1,1,0,1,1,1,0,0,0,0,1,0,0,0,0,0,0,0,1,0,1,1,1,1,1,0,0,0,0,0,0,0,1,1,5156.3,0C,1,1,0,1,1,0,1,0,0,123.06,459.00,,,,,,,,,,,,,,,,,,,,,,,,,,,,,,,,,,,,,,,,,,,,,,,,,,,,,,,,,
1929,894,613,14.10,88.50,807,0.0,8.250,2.989,3.03,0.000,20.18,1.00,0.23,-0.76,0.24,1.012,1.02,-1.21,1.047,0.00,0.90,0.978,28.5,9.178,0.525,0.000,800,7.47,4.6,-0.68,0.00,27.8,1,1,0,1,1,1,0,0,0,0,1,0,0,0,0,0,0,0,1,0,1,1,1,1,1,0,0,0,0,0,0,0,1,1,5156.3,0C,1,1,0,1,1,0,1,0,0,122.81,457.94,,,,,,,,,,,,,,,,,,,,,,,,,,,,,,,,,,,,,,,,,,,,,,,,,,,,,,,,,
1930,894,990,14.10,88.50,806,0.0,6.750,2.944,2.95,0.000,20.27,1.00,0.80,-0.76,0.82,0.984,1.02,-1.21,1.047,0.00,0.90,1.045,28.5,0.000,0.525,0.000,800,7.47,4.6,-0.69,0.00,27.8,1,1,0,1,1,1,0,0,0,0,1,0,0,0,0,0,0,0,1,0,0,1,1,1,1,0,0,0,0,0,0,0,1,1,5156.3,0C,1,1,0,1,1,0,1,0,0,122.50,456.75,,,,,,,,,,,,,,,,,,,,,,,,,,,,,,,,,,,,,,,,,,,,,,,,,,,,,,,,,
1931,895,389,14.10,88.50,805,0.0,9.000,2.848,3.03,0.000,19.85,1.00,0.79,-0.76,0.84,0.973,1.02,-1.21,1.047,0.00,0.90,1.045,29.3,0.000,0.525,0.000,800,7.46,4.6,-0.69,0.00,27.8,1,1,0,1,1,1,0,0,0,0,1,0,0,0,0,0,0,0,1,0,0,1,1,1,1,1,0,0,0,0,0,0,1,1,5156.3,0C,1,1,0,1,1,0,1,0,0,124.75,456.06,,,,,,,,,,,,,,,,,,,,,,,,,,,,,,,,,,,,,,,,,,,,,,,,,,,,,,,,,
1932,895,789,14.10,88.50,805,0.0,9.000,2.816,3.03,0.000,19.78,1.00,0.66,-0.76,0.82,0.960,1.02,-1.21,1.047,0.00,0.90,1.045,29.3,0.000,0.525,0.000,800,7.46,4.6,-0.72,0.00,27.8,1,1,0,1,1,1,0,0,0,0,1,0,0,0,0,0,0,0,1,0,0,1,1,1,1,1,0,0,0,0,0,0,1,1,5156.3,0C,1,1,0,1,1,0,1,0,0,123.06,457.13,,,,,,,,,,,,,,,,,,,,,,,,,,,,,,,,,,,,,,,,,,,,,,,,,,,,,,,,,
1933,896,202,14.10,88.50,805,0.0,6.750,2.963,3.03,0.000,20.23,1.00,0.22,-0.76,0.22,0.992,1.02,-1.21,1.047,0.00,0.90,1.045,29.3,0.000,0.525,0.000,800,7.44,4.6,-0.72,0.00,27.8,1,1,0,1,1,1,0,0,0,0,1,0,0,0,0,0,0,0,1,0,0,1,1,1,1,1,0,0,0,0,0,0,1,1,5156.3,0C,1,1,0,1,1,0,1,0,0,124.00,457.31,,,,,,,,,,,,,,,,,,,,,,,,,,,,,,,,,,,,,,,,,,,,,,,,,,,,,,,,,
1934,896,592,14.00,88.50,801,0.0,7.500,2.950,3.03,0.000,19.97,1.00,0.26,-0.76,0.25,1.004,1.02,-1.21,1.047,0.00,0.90,1.045,29.3,0.000,0.525,0.000,800,7.42,4.6,-0.72,0.00,27.8,1,1,0,1,1,1,0,0,0,0,1,0,0,0,0,0,0,0,1,0,0,1,1,1,1,1,0,0,0,0,0,0,1,1,5156.3,0C,1,1,0,1,1,0,1,0,0,121.56,460.06,,,,,,,,,,,,,,,,,,,,,,,,,,,,,,,,,,,,,,,,,,,,,,,,,,,,,,,,,
1935,896,981,14.10,88.50,801,0.0,8.250,2.912,3.08,0.000,20.18,1.00,0.72,-0.76,0.82,0.971,1.02,-1.21,1.047,0.00,0.90,1.045,29.3,0.000,0.525,0.000,800,7.42,4.6,-0.71,0.00,27.8,1,1,0,1,1,1,0,0,0,0,1,0,0,0,0,0,0,0,1,0,0,1,1,1,1,1,0,0,0,0,0,0,1,1,5156.3,0C,1,1,0,1,1,0,1,0,0,124.50,459.81,,,,,,,,,,,,,,,,,,,,,,,,,,,,,,,,,,,,,,,,,,,,,,,,,,,,,,,,,
1936,897,411,14.10,88.50,795,0.0,7.500,2.963,3.08,0.000,20.11,1.00,0.23,-0.76,0.48,0.999,1.02,-1.21,1.047,0.00,0.90,1.045,29.3,0.000,0.525,0.000,800,7.40,4.6,-0.69,0.00,27.8,1,1,0,1,1,1,0,0,0,0,1,0,0,0,0,0,0,0,1,0,0,1,1,1,1,1,0,0,0,0,0,0,1,1,5156.3,0C,1,1,0,1,1,0,1,0,0,123.31,463.13,,,,,,,,,,,,,,,,,,,,,,,,,,,,,,,,,,,,,,,,,,,,,,,,,,,,,,,,,
1937,897,792,14.10,88.50,800,0.0,5.250,3.027,3.08,0.000,20.39,1.00,0.24,-0.76,0.30,1.011,1.02,-1.21,1.047,0.00,0.90,1.045,29.3,0.000,0.525,0.000,800,7.38,4.6,-0.69,0.00,27.8,1,1,0,1,1,1,0,0,0,0,1,0,0,0,0,0,0,0,1,0,0,1,1,1,1,1,0,0,0,0,0,0,1,1,5156.3,0C,1,1,0,1,1,0,1,0,0,125.06,462.63,,,,,,,,,,,,,,,,,,,,,,,,,,,,,,,,,,,,,,,,,,,,,,,,,,,,,,,,,
1938,898,182,14.10,88.50,801,0.0,6.000,2.982,3.08,0.000,20.55,1.00,0.82,-0.76,0.85,0.978,1.02,-1.21,1.045,0.00,0.90,1.045,29.3,0.000,0.525,0.000,800,7.37,4.6,-0.69,0.00,27.8,1,1,0,1,1,1,0,0,0,0,1,0,0,0,0,0,0,0,1,0,0,1,1,1,1,1,0,0,0,0,0,0,1,1,5156.3,0C,1,1,0,1,1,0,1,0,0,125.75,463.75,,,,,,,,,,,,,,,,,,,,,,,,,,,,,,,,,,,,,,,,,,,,,,,,,,,,,,,,,
1939,898,562,14.10,88.50,797,0.0,6.750,2.950,3.08,0.000,20.60,1.00,0.80,-0.76,0.86,0.966,1.02,-1.21,1.045,0.00,0.90,1.045,29.3,0.000,0.525,0.000,800,7.36,4.6,-0.67,0.00,27.8,1,1,0,1,1,1,0,0,0,0,1,0,0,0,0,0,0,0,1,0,0,1,1,1,1,1,0,0,0,0,0,0,1,1,5156.3,0C,1,1,0,1,1,0,1,0,0,124.31,465.13,,,,,,,,,,,,,,,,,,,,,,,,,,,,,,,,,,,,,,,,,,,,,,,,,,,,,,,,,
1940,898,960,14.10,88.50,795,0.0,11.250,2.957,3.08,0.000,20.34,1.45,0.25,-1.33,1.25,0.007,0.00,8.20,0.820,0.01,1.00,137.462,42.0,85.176,0.916,0.916,0.916,0.916,0.916,0.916,0.916,0.916,0.916,0.916,0.916,0.916,0.916,0.916,0.916,0.916,0.916,0.916,0.916,0.916,0.916,0.916,0.916,0.916,0.916,0.916,0.916,0.916,0.916,0.916,0.916,0.916,0.916,0.916,0.916,0.916,0.916,0.916,0.916,0.916,0.916,0.916,0.916,,,,,,,,,,,,,,,,,,,,,,,,,,,,,,,,,,,,,,,,,,,,,,,,,,,,,,,,,,,,,,,,,,,,,
1941,899,364,14.00,89.25,797,0.0,7.500,3.072,3.15,0.000,20.77,1.00,0.21,-0.76,0.23,1.000,1.02,-1.21,1.044,0.00,0.90,1.045,29.3,0.000,0.525,0.000,800,7.33,4.6,-0.63,0.00,27.8,1,1,0,1,1,1,0,0,0,0,1,0,0,0,0,0,0,0,1,0,0,1,1,1,1,1,0,0,0,0,0,0,1,1,5156.3,0C,1,1,0,1,1,0,1,0,0,125.81,466.31,,,,,,,,,,,,,,,,,,,,,,,,,,,,,,,,,,,,,,,,,,,,,,,,,,,,,,,,,
1942,899,756,14.10,89.25,799,0.0,9.750,3.123,3.08,0.000,21.00,1.00,0.30,-0.76,0.69,1.012,0.02,-3.95,0.000,0.01,0.63,0.172,-41.3,37.891,0.734,39.750,0,0.31,1766.7,1.54,-49.63,115.5,0,1,0,0,0,1,0,1,1,1,1,1,0,1,1,0,0,1,0,0,0,0,0,0,0,0,0,0,0,1,0,0,0,0,175.5,27,0,1,0,1,0,1,1,1,1,1,1,,,,,,,,,,,,,,,,,,,,,,,,,,,,,,,,,,,,,,,,,,,,,,,,,,,,,,,,,
1943,900,141,14.00,89.25,801,0.0,0.750,3.008,3.08,0.000,20.70,1.00,0.83,-0.76,0.84,0.999,1.02,-1.21,1.044,0.00,0.90,1.017,29.3,0.000,0.525,0.000,800,7.32,4.6,-0.61,0.00,27.8,1,1,0,1,1,1,0,0,0,0,1,0,0,0,0,0,0,0,1,0,0,1,1,1,1,1,0,0,0,0,0,0,1,1,5156.3,0C,1,1,0,1,1,0,1,0,0,126.31,465.94,,,,,,,,,,,,,,,,,,,,,,,,,,,,,,,,,,,,,,,,,,,,,,,,,,,,,,,,,
1944,900,540,14.00,89.25,792,0.0,11.250,2.950,3.15,0.000,20.46,1.00,0.81,-0.76,0.87,0.983,1.02,-1.21,1.046,0.00,0.90,1.017,29.3,0.000,0.525,0.000,800,7.30,4.6,-0.59,0.00,27.8,1,1,0,1,1,1,0,0,0,0,1,0,0,0,0,0,0,0,1,0,0,1,1,1,1,1,0,0,0,0,0,0,1,1,5156.3,0C,1,1,0,1,1,0,1,0,0,124.69,468.75,,,,,,,,,,,,,,,,,,,,,,,,,,,,,,,,,,,,,,,,,,,,,,,,,,,,,,,,,
1945,900,919,14.10,89.25,792,0.0,7.500,2.925,3.15,0.000,20.55,1.00,0.75,-0.76,0.86,0.974,1.02,-1.21,1.045,0.00,0.90,1.045,29.3,0.000,0.525,0.000,800,7.29,4.6,-0.56,0.00,27.8,1,1,0,1,1,1,0,0,0,0,1,0,0,0,0,0,0,0,1,0,0,1,1,1,1,1,0,0,0,0,0,0,1,1,5156.3,0C,1,1,0,1,1,0,1,0,0,127.31,470.50,,,,,,,,,,,,,,,,,,,,,,,,,,,,,,,,,,,,,,,,,,,,,,,,,,,,,,,,,
1946,901,319,14.10,89.25,788,0.0,6.000,3.021,3.15,0.000,20.81,1.00,0.22,-0.76,0.25,1.005,1.02,-1.21,1.043,0.00,0.90,1.045,29.3,0.000,0.525,0.000,800,7.28,4.6,-0.50,0.00,27.8,1,1,0,1,1,1,0,0,0,0,1,0,0,0,0,0,0,0,1,0,0,1,1,1,1,1,0,0,0,0,0,0,1,1,5156.3,0C,1,1,0,1,1,0,1,0,0,130.06,471.13,,,,,,,,,,,,,,,,,,,,,,,,,,,,,,,,,,,,,,,,,,,,,,,,,,,,,,,,,
1947,901,752,14.00,89.25,797,0.0,5.250,3.085,3.08,0.000,20.95,1.00,0.27,-0.76,0.67,1.017,1.02,-1.21,1.042,0.00,0.90,1.045,29.3,0.000,0.525,0.000,800,7.27,4.6,-0.49,0.00,27.8,1,1,0,1,1,1,0,0,0,0,1,0,0,0,0,0,0,0,1,0,0,1,1,1,1,1,0,0,0,0,0,0,1,1,5156.3,0C,1,1,0,1,1,0,1,0,0,128.50,469.38,,,,,,,,,,,,,,,,,,,,,,,,,,,,,,,,,,,,,,,,,,,,,,,,,,,,,,,,,
1948,902,150,14.10,89.25,795,0.0,10.500,3.040,3.08,0.000,21.14,1.00,0.82,-0.76,0.85,0.982,1.02,-1.21,1.041,0.00,0.90,1.137,29.3,0.000,0.525,0.000,800,7.26,4.5,-0.47,0.00,27.8,1,1,0,1,1,1,0,0,0,0,1,0,0,0,0,0,0,0,1,0,0,1,1,1,1,1,0,0,0,0,0,0,1,1,5156.3,0C,1,1,0,1,1,0,1,0,0,129.13,470.94,,,,,,,,,,,,,,,,,,,,,,,,,,,,,,,,,,,,,,,,,,,,,,,,,,,,,,,,,
1949,902,581,14.10,89.25,796,0.0,3.750,2.982,3.15,0.000,21.00,1.00,0.81,-0.76,0.86,0.972,1.02,-1.21,1.042,0.00,0.90,1.137,29.3,0.000,0.525,0.000,800,7.25,4.5,-0.45,0.00,27.8,1,1,0,1,1,1,0,0,0,0,1,0,0,0,0,0,0,0,1,0,0,1,1,1,1,1,0,0,0,0,0,0,1,1,5156.3,0C,1,1,0,1,1,0,1,0,0,127.56,470.69,,,,,,,,,,,,,,,,,,,,,,,,,,,,,,,,,,,,,,,,,,,,,,,,,,,,,,,,,
1950,902,981,14.10,89.25,792,0.0,5.250,3.174,3.15,0.000,21.59,1.00,0.20,-0.76,0.39,0.994,1.02,-1.21,1.037,0.00,0.90,1.045,29.3,0.000,0.525,0.000,800,7.24,4.5,-0.39,0.00,27.8,1,1,0,1,1,1,0,0,0,0,1,0,0,0,0,0,0,0,1,0,0,1,1,1,1,1,0,0,0,0,0,0,1,1,5156.3,0C,1,1,0,1,1,0,1,0,0,131.38,474.19,,,,,,,,,,,,,,,,,,,,,,,,,,,,,,,,,,,,,,,,,,,,,,,,,,,,,,,,,
1951,903,392,14.10,89.25,797,0.0,8.250,3.098,3.20,0.000,21.21,1.00,0.26,-0.76,0.25,1.007,1.02,-1.21,1.040,0.00,0.90,1.045,29.3,0.000,0.525,0.000,800,7.24,4.5,-0.39,0.00,27.8,1,1,0,1,1,1,0,0,0,0,1,0,0,0,0,0,0,0,1,0,0,1,1,1,1,1,0,0,0,0,0,0,1,1,5156.3,0C,1,1,0,1,1,0,1,0,0,129.06,472.00,,,,,,,,,,,,,,,,,,,,,,,,,,,,,,,,,,,,,,,,,,,,,,,,,,,,,,,,,
1952,903,799,14.10,89.25,804,0.0,3.750,3.027,3.15,0.000,21.19,1.00,0.78,-0.76,0.82,0.977,1.02,-1.21,1.040,0.00,0.90,1.137,29.3,0.000,0.525,0.000,800,7.24,4.5,-0.40,0.00,27.8,1,1,0,1,1,1,0,0,0,0,1,0,0,0,0,0,0,0,1,0,0,1,1,1,1,1,0,0,0,0,0,0,1,1,5156.3,0C,1,1,0,1,1,0,1,0,0,130.19,470.06,,,,,,,,,,,,,,,,,,,,,,,,,,,,,,,,,,,,,,,,,,,,,,,,,,,,,,,,,
1953,904,209,14.00,89.25,792,0.0,14.250,2.918,3.20,0.000,20.67,1.00,0.76,-0.76,0.84,0.964,1.02,-1.21,1.045,0.00,0.90,1.137,29.3,0.000,0.525,0.000,800,7.24,4.5,-0.38,0.02,27.8,1,1,0,1,1,1,0,0,0,0,1,0,0,0,0,0,0,0,1,0,0,1,1,1,1,1,0,0,0,0,0,0,1,1,5156.3,0C,1,1,0,1,1,0,1,0,0,126.81,474.44,,,,,,,,,,,,,,,,,,,,,,,,,,,,,,,,,,,,,,,,,,,,,,,,,,,,,,,,,
1954,904,623,14.10,89.25,796,0.0,3.750,3.130,3.20,0.000,21.54,1.00,0.22,-0.76,0.33,1.003,1.02,-1.21,1.038,0.00,0.90,1.137,29.3,0.000,0.525,0.000,800,7.24,4.5,-0.36,0.00,27.8,1,1,0,1,1,1,0,0,0,0,1,0,0,0,0,0,0,0,1,0,0,1,1,1,1,1,0,0,0,0,0,0,1,1,5156.3,0C,1,1,0,1,1,0,1,0,0,129.06,473.56,,,,,,,,,,,,,,,,,,,,,,,,,,,,,,,,,,,,,,,,,,,,,,,,,,,,,,,,,
1955,905,29,14.10,89.25,800,0.0,6.000,3.053,3.20,0.000,21.02,1.00,0.23,-0.76,0.56,1.017,1.02,-1.25,1.042,0.00,0.90,1.137,29.3,0.000,0.525,0.000,800,7.23,4.5,-0.36,0.00,27.8,1,1,0,1,1,1,0,0,0,0,1,0,0,0,0,0,0,0,1,0,0,1,1,1,1,1,0,0,0,0,0,0,1,1,5156.3,0C,1,1,0,1,1,0,1,0,0,128.88,470.44,,,,,,,,,,,,,,,,,,,,,,,,,,,,,,,,,,,,,,,,,,,,,,,,,,,,,,,,,
1956,905,430,14.10,89.25,800,0.0,5.250,3.014,3.20,0.000,21.14,1.00,0.80,-0.76,0.84,0.987,1.02,-1.25,1.041,0.00,0.90,1.137,29.3,0.000,0.525,0.000,800,7.23,4.5,-0.36,0.00,27.8,1,1,0,1,1,1,0,0,0,0,1,0,0,0,0,0,0,0,1,0,0,1,1,1,1,1,0,0,0,0,0,0,1,1,5156.3,0C,1,1,0,1,1,0,1,0,0,127.75,472.31,,,,,,,,,,,,,,,,,,,,,,,,,,,,,,,,,,,,,,,,,,,,,,,,,,,,,,,,,
1957,905,835,14.10,89.25,795,0.0,6.750,3.040,3.15,0.000,21.45,1.00,0.54,-0.76,0.83,0.975,1.02,-1.25,1.038,0.00,0.90,1.045,29.3,0.000,0.525,0.000,800,7.22,4.5,-0.02,-49.63,115.5,0,1,0,0,0,1,0,1,1,1,1,1,0,1,1,0,0,1,0,0,0,0,0,0,0,0,1,1,1,0,0,0,0,0,10116.8,BE,0,1,0,1,0,1,1,1,1,1,1,,,,,,,,,,,,,,,,,,,,,,,,,,,,,,,,,,,,,,,,,,,,,,,,,,,,,,,,,
1958,906,256,14.10,89.25,798,0.0,5.250,3.046,3.20,0.000,21.21,1.00,0.21,-0.76,0.23,1.008,0.02,-2.62,0.000,0.01,0.63,0.172,-41.3,23.438,0.719,-78.000,0,0.31,1766.7,1.54,-49.63,115.5,0,1,0,0,0,1,0,1,1,1,1,1,0,1,1,0,0,1,0,0,0,0,0,0,0,0,0,0,0,1,0,0,0,0,986.2,87,0,1,0,1,0,1,1,1,1,1,1,,,,,,,,,,,,,,,,,,,,,,,,,,,,,,,,,,,,,,,,,,,,,,,,,,,,,,,,,
1959,906,672,14.10,89.25,798,0.0,4.500,3.040,3.20,0.000,21.21,1.00,0.73,-0.76,0.80,0.992,1.02,-1.25,1.040,0.00,0.90,1.045,29.3,0.000,0.525,0.000,800,7.21,4.5,-0.31,0.00,27.8,1,1,0,1,1,1,0,0,0,0,1,0,0,0,0,0,0,0,1,0,0,1,1,1,1,1,0,0,0,0,0,0,1,1,5156.3,0C,1,1,0,1,1,0,1,0,0,129.56,473.06,,,,,,,,,,,,,,,,,,,,,,,,,,,,,,,,,,,,,,,,,,,,,,,,,,,,,,,,,
1960,907,79,14.10,89.25,794,0.0,8.250,2.970,3.15,0.000,20.98,1.00,0.77,-0.76,0.85,0.978,1.02,-1.25,1.042,0.00,0.90,1.137,29.3,0.000,0.525,0.000,800,7.21,4.5,-0.28,0.00,27.8,1,1,0,1,1,1,0,0,0,0,1,0,0,0,0,0,0,0,1,0,0,1,1,1,1,1,0,0,0,0,0,0,1,1,5156.3,0C,1,1,0,1,1,0,1,0,0,130.94,474.06,,,,,,,,,,,,,,,,,,,,,,,,,,,,,,,,,,,,,,,,,,,,,,,,,,,,,,,,,
1961,907,461,14.00,89.25,796,0.0,2.250,2.970,3.15,0.000,21.21,1.00,0.24,-0.76,0.78,0.969,1.02,-1.25,1.040,0.00,0.90,1.137,29.3,0.000,0.525,0.000,800,7.20,4.5,-0.27,0.00,27.8,1,1,0,1,1,1,0,0,0,0,1,0,0,0,0,0,0,0,1,0,0,1,1,1,1,1,0,0,0,0,0,0,1,1,5156.3,0C,1,1,0,1,1,0,1,0,0,130.69,472.75,,,,,,,,,,,,,,,,,,,,,,,,,,,,,,,,,,,,,,,,,,,,,,,,,,,,,,,,,
1962,907,872,14.10,89.25,794,0.0,7.500,3.034,3.20,0.000,20.95,1.00,0.21,-0.76,0.22,1.005,1.02,-1.25,1.042,0.00,0.90,1.017,29.3,0.000,0.525,0.000,800,7.19,4.5,-0.24,0.00,27.8,1,1,0,1,1,1,0,0,0,0,1,0,0,0,0,0,0,0,1,0,0,1,1,1,1,1,0,0,0,0,0,0,1,1,5156.3,0C,1,1,0,1,1,0,1,0,0,129.63,474.19,,,,,,,,,,,,,,,,,,,,,,,,,,,,,,,,,,,,,,,,,,,,,,,,,,,,,,,,,
1963,908,290,14.00,90.00,794,0.0,9.750,3.014,3.20,0.000,20.77,1.00,0.24,-0.76,0.45,1.018,1.02,-1.25,1.044,0.00,0.90,1.017,29.3,0.000,0.525,0.000,800,7.19,4.5,-0.23,0.00,27.8,1,1,0,1,1,1,0,0,0,0,1,0,0,0,0,0,0,0,1,0,0,1,1,1,1,1,0,0,0,0,0,0,1,1,5156.3,0C,1,1,0,1,1,0,1,0,0,128.56,473.31,,,,,,,,,,,,,,,,,,,,,,,,,,,,,,,,,,,,,,,,,,,,,,,,,,,,,,,,,
1964,908,709,14.10,90.00,793,0.0,5.250,2.982,3.15,0.000,20.98,1.00,0.80,-0.76,0.83,0.993,1.02,-1.25,1.042,0.00,0.90,1.017,29.3,0.000,0.525,0.000,800,7.18,4.5,-0.21,0.00,27.8,1,1,0,1,1,1,0,0,0,0,1,0,0,0,0,0,0,0,1,0,0,1,1,1,1,1,0,0,0,0,0,0,1,1,5156.3,0C,1,1,0,1,1,0,1,0,0,128.81,473.69,,,,,,,,,,,,,,,,,,,,,,,,,,,,,,,,,,,,,,,,,,,,,,,,,,,,,,,,,
1965,909,91,14.10,90.00,792,0.0,6.000,3.002,3.15,0.000,21.14,1.00,0.47,-0.76,0.83,0.981,1.02,-1.25,1.041,0.00,0.90,1.045,29.3,0.000,0.525,0.000,800,7.18,4.5,-0.17,0.00,27.8,1,1,0,1,1,1,0,0,0,0,1,0,0,0,0,0,0,0,1,0,0,1,1,1,1,1,0,0,0,0,0,0,1,1,5156.3,0C,1,1,0,1,1,0,1,0,0,129.69,473.13,,,,,,,,,,,,,,,,,,,,,,,,,,,,,,,,,,,,,,,,,,,,,,,,,,,,,,,,,
1966,909,508,14.10,90.00,794,0.0,6.000,3.040,3.15,0.000,20.95,1.00,0.21,-0.76,0.23,1.016,1.02,-1.25,1.042,0.00,0.90,1.045,29.3,0.000,0.525,0.000,800,7.17,4.5,-0.17,0.00,27.8,1,1,0,1,1,1,0,0,0,0,1,0,0,0,0,0,0,0,1,0,0,1,1,1,1,1,0,0,0,0,0,0,1,1,5156.3,0C,1,1,0,1,1,0,1,0,0,127.44,472.75,,,,,,,,,,,,,,,,,,,,,,,,,,,,,,,,,,,,,,,,,,,,,,,,,,,,,,,,,
1967,909,899,14.10,90.00,794,0.0,6.000,3.110,3.15,0.000,21.12,1.00,0.24,-0.76,0.27,1.029,1.02,-1.25,1.041,0.00,0.90,1.112,30.0,0.000,0.525,0.000,800,7.17,4.5,-0.14,0.00,27.8,1,1,0,1,1,1,0,0,0,0,1,0,0,0,0,0,0,0,1,0,0,1,1,1,1,1,0,0,0,0,0,0,1,1,5156.3,0C,1,1,0,1,1,0,1,0,0,129.25,472.56,,,,,,,,,,,,,,,,,,,,,,,,,,,,,,,,,,,,,,,,,,,,,,,,,,,,,,,,,
1968,910,279,14.00,90.00,799,0.0,0.000,3.059,3.15,0.000,21.12,1.00,0.80,-0.76,0.81,1.009,1.02,-1.25,1.041,0.00,0.90,1.112,30.0,0.000,0.525,0.000,800,7.17,4.5,-0.14,0.00,27.8,1,1,0,1,1,1,0,0,0,0,1,0,0,0,0,0,0,0,1,0,0,1,1,1,1,1,0,0,0,0,0,0,1,1,5156.3,0C,1,1,0,1,1,0,1,0,0,128.69,470.19,,,,,,,,,,,,,,,,,,,,,,,,,,,,,,,,,,,,,,,,,,,,,,,,,,,,,,,,,
1969,910,679,14.00,90.00,804,0.0,6.000,2.944,3.15,0.000,20.67,1.00,0.82,-0.76,0.88,0.996,1.02,-1.25,1.045,0.00,0.90,1.112,30.0,0.000,0.525,0.000,800,7.17,4.5,-0.17,0.00,27.8,1,1,0,1,1,1,0,0,0,0,1,0,0,0,0,0,0,0,1,0,0,1,1,1,1,1,0,0,0,0,0,0,1,1,5156.3,0C,1,1,0,1,1,0,1,0,0,126.44,467.44,,,,,,,,,,,,,,,,,,,,,,,,,,,,,,,,,,,,,,,,,,,,,,,,,,,,,,,,,
1970,911,83,14.10,90.00,791,0.0,9.000,2.995,3.15,0.000,20.98,1.00,0.79,-0.76,0.85,0.982,1.02,-1.25,1.042,0.00,0.90,1.045,30.0,0.000,0.525,0.000,800,7.17,4.5,-0.13,0.00,27.8,1,1,0,1,1,1,0,0,0,0,1,0,0,0,0,0,0,0,1,0,0,1,1,1,1,1,0,0,0,0,0,0,1,1,5156.3,0C,1,1,0,1,1,0,1,0,0,127.38,473.06,,,,,,,,,,,,,,,,,,,,,,,,,,,,,,,,,,,,,,,,,,,,,,,,,,,,,,,,,
1971,911,472,14.10,90.00,797,0.0,4.500,3.085,3.15,0.000,21.19,1.00,0.22,-0.76,0.24,1.013,1.02,-1.25,1.040,0.00,0.90,1.045,30.0,0.000,0.525,0.000,800,7.17,4.5,-0.12,0.00,27.8,1,1,0,1,1,1,0,0,0,0,1,0,0,0,0,0,0,0,1,0,0,1,1,1,1,1,0,0,0,0,0,0,1,1,5156.3,0C,1,1,0,1,1,0,1,0,0,128.63,470.25,,,,,,,,,,,,,,,,,,,,,,,,,,,,,,,,,,,,,,,,,,,,,,,,,,,,,,,,,
1972,911,869,14.00,90.00,797,0.0,6.000,3.040,3.15,0.000,20.84,1.00,0.24,-0.76,0.68,1.026,1.02,-1.25,1.043,0.00,0.90,1.137,30.0,0.000,0.525,0.000,800,7.16,4.5,-0.11,0.00,27.8,1,1,0,1,1,1,0,0,0,0,1,0,0,0,0,0,0,0,1,0,0,1,1,1,1,1,0,0,0,0,0,0,1,1,5156.3,0C,1,1,0,1,1,0,1,0,0,128.50,470.88,,,,,,,,,,,,,,,,,,,,,,,,,,,,,,,,,,,,,,,,,,,,,,,,,,,,,,,,,
1973,912,280,14.10,90.00,800,0.0,3.750,2.944,3.15,0.000,20.60,1.00,0.81,-0.76,0.84,1.001,1.02,-1.25,1.045,0.00,0.90,1.137,30.0,0.000,0.525,0.000,800,7.16,4.5,-0.13,0.00,27.8,1,1,0,1,1,1,0,0,0,0,1,0,0,0,0,0,0,0,1,0,0,1,1,1,1,1,0,0,0,0,0,0,1,1,5156.3,0C,1,1,0,1,1,0,1,0,0,128.31,469.00,,,,,,,,,,,,,,,,,,,,,,,,,,,,,,,,,,,,,,,,,,,,,,,,,,,,,,,,,
1974,912,741,14.00,90.00,802,0.0,3.000,2.976,3.15,0.000,20.88,1.00,0.80,-0.76,0.86,0.989,1.02,-1.25,1.043,0.00,0.90,1.137,30.0,0.000,0.525,0.000,800,7.16,4.5,-0.14,0.00,27.8,1,1,0,1,1,1,0,0,0,0,1,0,0,0,0,0,0,0,1,0,0,1,1,1,1,1,0,0,0,0,0,0,1,1,5156.3,0C,1,1,0,1,1,0,1,0,0,124.88,468.13,,,,,,,,,,,,,,,,,,,,,,,,,,,,,,,,,,,,,,,,,,,,,,,,,,,,,,,,,
1975,913,119,14.00,90.00,798,0.0,4.500,3.072,3.15,0.000,21.02,1.00,0.22,-0.76,0.40,1.006,1.02,-1.25,1.042,0.00,0.90,1.045,30.0,0.000,0.525,0.000,800,7.15,4.5,-0.14,0.00,27.8,1,1,0,1,1,1,0,0,0,0,1,0,0,0,0,0,0,0,1,0,0,1,1,1,1,1,0,0,0,0,0,0,1,1,5156.3,0C,1,1,0,1,1,0,1,0,0,127.19,470.56,,,,,,,,,,,,,,,,,,,,,,,,,,,,,,,,,,,,,,,,,,,,,,,,,,,,,,,,,
1976,913,529,14.00,90.00,799,0.0,3.000,3.168,3.15,0.000,21.28,1.00,0.22,-0.76,0.23,1.019,1.02,-1.25,1.040,0.00,0.90,1.045,30.0,0.000,0.525,0.000,800,7.15,4.5,-0.12,0.00,27.8,1,1,0,1,1,1,0,0,0,0,1,0,0,0,0,0,0,0,1,0,0,1,1,1,1,1,0,0,0,0,0,0,1,1,5156.3,0C,1,1,0,1,1,0,1,0,0,127.19,472.44,,,,,,,,,,,,,,,,,,,,,,,,,,,,,,,,,,,,,,,,,,,,,,,,,,,,,,,,,
1977,913,922,14.00,90.00,805,0.0,6.750,3.085,3.15,0.000,20.98,1.00,0.38,-0.76,0.73,1.033,1.02,-1.25,1.042,0.00,0.90,1.204,30.0,0.000,0.525,0.000,800,7.16,4.5,-0.14,0.00,27.8,1,1,0,1,1,1,0,0,0,0,1,0,0,0,0,0,0,0,1,0,0,1,1,1,1,1,0,0,0,0,0,0,1,1,5156.3,0C,1,1,0,1,1,0,1,0,0,127.38,467.56,,,,,,,,,,,,,,,,,,,,,,,,,,,,,,,,,,,,,,,,,,,,,,,,,,,,,,,,,
1978,914,318,14.10,90.00,800,0.0,5.250,2.995,3.15,0.000,20.74,1.00,0.82,-0.76,0.87,0.997,1.02,-1.25,1.044,0.00,0.90,1.204,30.0,0.000,0.525,0.000,800,7.16,4.5,-0.15,0.00,27.8,1,1,0,1,1,1,0,0,0,0,1,0,0,0,0,0,0,0,1,0,0,1,1,1,1,1,0,0,0,0,0,0,1,1,5156.3,0C,1,1,0,1,1,0,1,0,0,127.44,469.44,,,,,,,,,,,,,,,,,,,,,,,,,,,,,,,,,,,,,,,,,,,,,,,,,,,,,,,,,
1979,914,722,14.10,90.00,801,0.0,3.750,3.002,3.15,0.000,20.91,1.00,0.78,-0.76,0.86,0.983,1.02,-1.25,1.043,0.00,0.90,1.204,30.0,0.000,0.525,0.000,800,7.15,4.5,-0.15,0.00,27.8,1,1,0,1,1,1,0,0,0,0,1,0,0,0,0,0,0,0,1,0,0,1,1,1,1,1,0,0,0,0,0,0,1,1,5156.3,0C,1,1,0,1,1,0,1,0,0,127.44,469.44,,,,,,,,,,,,,,,,,,,,,,,,,,,,,,,,,,,,,,,,,,,,,,,,,,,,,,,,,
1980,917,202,14.10,90.75,800,0.0,6.000,3.014,3.15,0.000,20.98,1.00,0.79,-0.76,0.82,0.991,1.02,-1.25,1.042,0.00,0.90,1.174,30.0,0.000,0.525,0.000,800,7.13,4.5,-0.15,0.00,27.8,1,1,0,1,1,1,0,0,0,0,1,0,0,0,0,0,0,0,1,0,0,1,1,1,1,1,0,0,0,0,0,0,1,1,5156.3,0C,1,1,0,1,1,0,1,0,0,127.81,469.19,,,,,,,,,,,,,,,,,,,,,,,,,,,,,,,,,,,,,,,,,,,,,,,,,,,,,,,,,
1981,917,593,14.10,90.75,801,0.0,6.750,2.950,3.15,0.000,20.70,1.00,0.77,-0.76,0.84,0.978,1.02,-1.25,1.044,0.00,0.90,1.174,30.0,0.000,0.525,0.000,800,7.14,4.5,-0.16,0.00,27.8,1,1,0,1,1,1,0,0,0,0,1,0,0,0,0,0,0,0,1,0,0,1,1,1,1,1,0,0,0,0,0,0,1,1,5156.3,0C,1,1,0,1,1,0,1,0,0,127.44,469.13,,,,,,,,,,,,,,,,,,,,,,,,,,,,,,,,,,,,,,,,,,,,,,,,,,,,,,,,,
1982,917,970,14.10,90.75,795,0.0,6.750,2.957,3.15,0.000,20.98,1.00,0.71,-0.76,0.84,0.965,1.02,-1.25,1.042,0.00,0.90,1.017,30.0,0.000,0.525,0.000,800,7.14,4.5,-0.14,0.00,27.8,1,1,0,1,1,1,0,0,0,0,1,0,0,0,0,0,0,0,1,0,0,1,1,1,1,1,0,0,0,0,0,0,1,1,5156.3,0C,1,1,0,1,1,0,1,0,0,127.63,470.56,,,,,,,,,,,,,,,,,,,,,,,,,,,,,,,,,,,,,,,,,,,,,,,,,,,,,,,,,
1983,918,348,14.10,90.75,792,0.0,9.750,3.040,3.08,0.000,20.95,1.00,0.21,-0.76,0.23,0.997,1.02,-1.25,1.042,0.00,0.90,1.017,30.0,0.000,0.525,0.000,800,7.13,4.5,-0.11,0.00,27.8,1,1,0,1,1,1,0,0,0,0,1,0,0,0,0,0,0,0,1,0,0,1,1,1,1,1,0,0,0,0,0,0,1,1,5156.3,0C,1,1,0,1,1,0,1,0,0,129.81,472.63,,,,,,,,,,,,,,,,,,,,,,,,,,,,,,,,,,,,,,,,,,,,,,,,,,,,,,,,,
1984,918,731,14.00,90.75,795,0.0,3.000,3.072,3.08,0.000,21.07,1.00,0.22,-0.76,0.22,1.006,1.02,-1.25,1.041,0.00,0.90,1.017,30.0,0.000,0.525,0.000,800,7.13,4.5,-0.10,0.00,27.8,1,1,0,1,1,1,0,0,0,0,1,0,0,0,0,0,0,0,1,0,0,1,1,1,1,1,0,0,0,0,0,0,1,1,5156.3,0C,1,1,0,1,1,0,1,0,0,128.44,471.31,,,,,,,,,,,,,,,,,,,,,,,,,,,,,,,,,,,,,,,,,,,,,,,,,,,,,,,,,
1985,919,149,14.00,90.75,805,0.0,-2.250,3.098,3.08,0.000,21.33,1.00,0.76,-0.76,0.81,0.989,1.02,-1.25,1.039,0.00,0.90,1.137,30.0,0.000,0.525,0.000,800,7.13,4.5,-0.13,0.00,27.8,1,1,0,1,1,1,0,0,0,0,1,0,0,0,0,0,0,0,1,0,0,1,1,1,1,1,0,0,0,0,0,0,1,1,5156.3,0C,1,1,0,1,1,0,1,0,0,126.44,469.06,,,,,,,,,,,,,,,,,,,,,,,,,,,,,,,,,,,,,,,,,,,,,,,,,,,,,,,,,
1986,919,516,14.00,90.75,798,0.0,8.250,2.989,3.15,0.000,20.86,1.45,1.08,-1.33,0.66,0.007,0.03,1.78,0.000,0.01,0.63,0.172,-41.3,11.328,0.719,-5.250,1920,94.42,313.0,-199.53,-199.53,-199.53,-199.53,-199.53,-199.53,-199.53,-199.53,-199.53,-199.53,-199.53,-199.53,-199.53,-199.53,-199.53,-199.53,-199.53,-199.53,-199.53,-199.53,-199.53,-199.53,-199.53,-199.53,-199.53,-199.53,-199.53,-199.53,-199.53,-199.53,-199.53,-199.53,-199.53,-199.53,-199.53,-199.53,-199.53,-199.53,,,,,,,,,,,,,,,,,,,,,,,,,,,,,,,,,,,,,,,,,,,,,,,,,,,,,,,,,,,,,,,,,,,,,
1987,919,920,14.10,90.75,792,0.0,10.500,3.021,3.15,0.000,20.95,1.00,0.24,-0.76,0.78,0.995,1.02,-1.39,1.042,0.00,0.90,1.045,30.0,0.000,0.525,0.000,800,7.12,4.5,-0.08,0.00,27.8,1,1,0,1,1,1,0,0,0,0,1,0,0,0,0,0,0,0,1,0,0,1,1,1,1,1,0,0,0,0,0,0,1,1,5156.3,0C,1,1,0,1,1,0,1,0,0,128.94,471.13,,,,,,,,,,,,,,,,,,,,,,,,,,,,,,,,,,,,,,,,,,,,,,,,,,,,,,,,,
1988,920,320,14.10,90.75,795,0.0,6.000,3.040,3.15,0.000,20.86,1.00,0.22,-0.76,0.32,1.007,1.02,-1.39,1.043,0.00,0.90,1.045,30.0,0.000,0.525,0.000,800,7.12,4.5,-0.07,0.00,27.8,1,1,0,1,1,1,0,0,0,0,1,0,0,0,0,0,0,0,1,0,0,1,1,1,1,1,0,0,0,0,0,0,1,1,5156.3,0C,1,1,0,1,1,0,1,0,0,127.88,470.88,,,,,,,,,,,,,,,,,,,,,,,,,,,,,,,,,,,,,,,,,,,,,,,,,,,,,,,,,
1989,920,740,14.10,90.75,802,0.0,9.000,2.989,3.08,0.000,20.81,1.00,0.78,-0.76,0.80,0.986,1.02,-1.39,1.043,0.00,0.90,1.045,30.0,0.000,0.525,0.000,800,7.12,4.5,-0.08,0.00,27.8,1,1,0,1,1,1,0,0,0,0,1,0,0,0,0,0,0,0,1,0,0,1,1,1,1,1,0,0,0,0,0,0,1,1,5156.3,0C,1,1,0,1,1,0,1,0,0,126.19,468.38,,,,,,,,,,,,,,,,,,,,,,,,,,,,,,,,,,,,,,,,,,,,,,,,,,,,,,,,,
1990,921,153,14.10,90.75,797,0.0,6.000,2.957,3.15,0.000,20.84,1.00,0.80,-0.76,0.86,0.970,1.02,-1.39,1.043,0.00,0.90,1.045,30.0,0.000,0.525,0.000,800,7.12,4.5,-0.07,0.00,27.8,1,1,0,1,1,1,0,0,0,0,1,0,0,0,0,0,0,0,1,0,0,1,1,1,1,1,0,0,0,0,0,0,1,1,5156.3,0C,1,1,0,1,1,0,1,0,0,128.00,469.25,,,,,,,,,,,,,,,,,,,,,,,,,,,,,,,,,,,,,,,,,,,,,,,,,,,,,,,,,
1991,921,559,14.00,90.75,798,0.0,6.000,3.021,3.08,0.000,20.79,1.00,0.22,-0.76,0.33,1.002,1.02,-1.39,1.044,0.00,0.90,1.045,30.0,0.000,0.525,0.000,800,7.11,4.5,-0.07,0.00,27.8,1,1,0,1,1,1,0,0,0,0,1,0,0,0,0,0,0,0,1,0,0,1,1,1,1,1,0,0,0,0,0,0,1,1,5156.3,0C,1,1,0,1,1,0,1,0,0,127.25,469.50,,,,,,,,,,,,,,,,,,,,,,,,,,,,,,,,,,,,,,,,,,,,,,,,,,,,,,,,,
1992,921,938,14.10,90.75,799,0.0,6.750,3.008,3.15,0.000,20.60,1.00,0.23,-0.76,0.23,1.015,1.02,-1.39,1.045,0.00,0.90,1.174,30.0,0.000,0.525,0.000,800,7.11,4.5,-0.07,0.00,27.8,1,1,0,1,1,1,0,0,0,0,1,0,0,0,0,0,0,0,1,0,0,1,1,1,1,1,0,0,0,0,0,0,1,1,5156.3,0C,1,1,0,1,1,0,1,0,0,126.44,469.19,,,,,,,,,,,,,,,,,,,,,,,,,,,,,,,,,,,,,,,,,,,,,,,,,,,,,,,,,
1993,922,339,14.10,90.75,803,0.0,6.000,3.014,3.08,0.000,20.98,1.00,0.73,-0.76,0.80,0.994,1.02,-1.39,1.042,0.00,0.90,1.174,30.8,0.000,0.525,0.000,800,7.11,4.5,-0.08,0.00,27.8,1,1,0,1,1,1,0,0,0,0,1,0,0,0,0,0,0,0,1,0,0,1,1,1,1,1,0,0,0,0,0,0,1,1,5156.3,0C,1,1,0,1,1,0,1,0,0,126.88,467.25,,,,,,,,,,,,,,,,,,,,,,,,,,,,,,,,,,,,,,,,,,,,,,,,,,,,,,,,,
1994,922,734,14.10,90.75,796,0.0,6.750,2.957,3.15,0.000,20.70,1.00,0.79,-0.76,0.85,0.981,1.02,-1.39,1.044,0.00,0.90,1.174,30.8,0.000,0.525,0.000,800,7.11,4.5,-0.07,0.00,27.8,1,1,0,1,1,1,0,0,0,0,1,0,0,0,0,0,0,0,1,0,0,1,1,1,1,1,0,0,0,0,0,0,1,1,5156.3,0C,1,1,0,1,1,0,1,1,1,1,1,,,,,,,,,,,,,,,,,,,,,,,,,,,,,,,,,,,,,,,,,,,,,,,,,,,,,,,,,
1995,923,129,14.10,90.75,798,0.0,6.000,2.918,3.08,0.000,20.63,1.00,0.24,-0.76,0.82,0.972,1.02,-1.39,1.045,0.00,0.90,1.017,30.8,0.000,0.525,0.000,800,7.11,4.4,-0.07,0.00,27.8,1,1,0,1,1,1,0,0,0,0,1,0,0,0,0,0,0,0,1,0,0,1,1,1,1,1,0,0,0,0,0,0,1,1,5156.3,0C,1,1,0,1,1,0,1,0,0,125.94,469.88,,,,,,,,,,,,,,,,,,,,,,,,,,,,,,,,,,,,,,,,,,,,,,,,,,,,,,,,,
1996,923,530,14.10,90.75,798,0.0,6.750,3.034,3.15,0.000,20.86,1.00,0.21,-0.76,0.22,1.008,1.02,-1.39,1.043,0.00,0.90,1.017,30.8,0.000,0.525,0.000,800,7.11,4.4,-0.07,0.00,27.8,1,1,0,1,1,1,0,0,0,0,1,0,0,0,0,0,0,0,1,0,0,1,1,1,1,1,0,0,0,0,0,0,1,1,5156.3,0C,1,1,0,1,1,0,1,0,0,128.31,468.44,,,,,,,,,,,,,,,,,,,,,,,,,,,,,,,,,,,,,,,,,,,,,,,,,,,,,,,,,
1997,923,939,14.10,-48.00,8256,0.0,2.250,188.416,753.13,27.070,849.05,1.45,0.55,-1.33,0.86,0.007,0.03,1.78,0.000,0.01,0.63,0.172,-41.3,9.375,0.703,-24.750,0,0.31,1766.7,1.54,-49.63,115.5,0,1,0,0,0,1,0,1,1,1,1,1,0,1,1,0,0,1,0,0,0,0,0,0,0,0,1,1,1,0,0,0,0,0,10287.5,3A,0,1,0,1,0,1,1,1,1,1,1,,,,,,,,,,,,,,,,,,,,,,,,,,,,,,,,,,,,,,,,,,,,,,,,,,,,,,,,,
1998,926,361,14.10,91.50,793,0.0,3.750,2.970,3.15,0.000,20.91,1.00,0.74,-0.76,0.84,0.978,1.02,-1.39,1.043,0.00,0.90,1.045,30.8,0.000,0.525,0.000,800,7.10,4.4,-0.07,0.00,27.8,1,1,0,1,1,1,0,0,0,0,1,0,0,0,0,0,0,0,1,0,0,1,1,1,1,1,0,0,0,0,0,0,1,1,5156.3,0C,1,1,0,1,1,0,1,0,0,129.13,471.88,,,,,,,,,,,,,,,,,,,,,,,,,,,,,,,,,,,,,,,,,,,,,,,,,,,,,,,,,
1999,926,763,14.00,91.50,792,0.0,11.250,2.995,3.15,0.000,20.63,1.00,0.21,-0.76,0.22,1.009,1.02,-1.39,1.045,0.00,0.90,1.112,30.8,0.000,0.525,0.000,800,7.10,4.4,-0.05,0.00,27.8,1,1,0,1,1,1,0,0,0,0,1,0,0,0,0,0,0,0,1,0,0,1,1,1,1,1,0,0,0,0,0,0,1,1,5156.3,0C,1,1,0,1,1,0,1,0,0,128.63,472.31,,,,,,,,,,,,,,,,,,,,,,,,,,,,,,,,,,,,,,,,,,,,,,,,,,,,,,,,,
2000,927,170,14.00,91.50,798,0.0,6.750,3.034,3.15,0.000,20.63,1.00,0.23,-0.76,0.39,1.022,1.02,-1.39,1.045,0.00,0.90,1.112,30.8,0.000,0.525,0.000,800,7.10,4.4,-0.06,0.00,27.8,1,1,0,1,1,1,0,0,0,0,1,0,0,0,0,0,0,0,1,0,0,1,1,1,1,1,0,0,0,0,0,0,1,1,5156.3,0C,1,1,0,1,1,0,1,0,0,125.19,470.13,,,,,,,,,,,,,,,,,,,,,,,,,,,,,,,,,,,,,,,,,,,,,,,,,,,,,,,,,
2001,927,559,14.10,91.50,803,0.0,5.250,2.982,3.08,0.000,20.84,1.00,0.77,-0.76,0.83,0.990,1.02,-1.39,1.043,0.00,0.90,1.112,30.8,0.000,0.525,0.000,800,7.10,4.4,-0.07,0.00,27.8,1,1,0,1,1,1,0,0,0,0,1,0,0,0,0,0,0,0,1,0,0,1,1,1,1,1,0,0,0,0,0,0,1,1,5156.3,0C,1,1,0,1,1,0,1,0,0,126.94,467.75,,,,,,,,,,,,,,,,,,,,,,,,,,,,,,,,,,,,,,,,,,,,,,,,,,,,,,,,,
2002,927,958,14.10,91.50,801,0.0,6.750,3.053,3.15,0.000,20.95,1.00,0.73,-0.76,0.83,1.010,1.02,-1.39,1.042,0.00,0.90,1.045,30.8,0.000,0.525,0.000,800,7.09,4.4,-0.07,0.00,27.8,1,1,0,1,1,1,0,0,0,0,1,0,0,0,0,0,0,0,1,0,0,1,1,1,1,1,0,0,0,0,0,0,1,1,5156.3,0C,1,1,0,1,1,0,1,0,0,128.88,469.50,,,,,,,,,,,,,,,,,,,,,,,,,,,,,,,,,,,,,,,,,,,,,,,,,,,,,,,,,
2003,928,351,14.10,91.50,803,0.0,6.000,3.046,3.15,0.000,20.79,1.00,0.24,-0.76,0.67,1.022,1.02,-1.39,1.044,0.00,0.90,1.045,30.8,0.000,0.525,0.000,800,7.09,4.4,-0.08,0.00,27.8,1,1,0,1,1,1,0,0,0,0,1,0,0,0,0,0,0,0,1,0,0,1,1,1,1,1,0,0,0,0,0,0,1,1,5156.3,0C,1,1,0,1,1,0,1,0,0,126.94,468.69,,,,,,,,,,,,,,,,,,,,,,,,,,,,,,,,,,,,,,,,,,,,,,,,,,,,,,,,,
2004,928,733,14.10,91.50,804,0.0,3.750,2.982,3.08,0.000,20.81,1.00,0.78,-0.76,0.82,0.994,1.02,-1.39,1.043,0.00,0.90,1.045,30.8,0.000,0.525,0.000,800,7.09,4.4,-0.10,0.00,27.8,1,1,0,1,1,1,0,0,0,0,1,0,0,0,0,0,0,0,1,0,0,1,1,1,1,1,0,0,0,0,0,0,1,1,5156.3,0C,1,1,0,1,1,0,1,0,0,126.13,467.69,,,,,,,,,,,,,,,,,,,,,,,,,,,,,,,,,,,,,,,,,,,,,,,,,,,,,,,,,
2005,929,142,14.10,91.50,798,0.0,6.750,2.925,3.08,0.000,20.55,1.00,0.82,-0.76,0.86,0.981,1.02,-1.39,1.045,0.00,0.90,1.045,30.8,0.000,0.525,0.000,800,7.09,4.4,-0.10,0.00,27.8,1,1,0,1,1,1,0,0,0,0,1,0,0,0,0,0,0,0,1,0,0,1,1,1,1,1,0,0,0,0,0,0,1,1,5156.3,0C,1,1,0,1,1,0,1,0,0,128.06,469.88,,,,,,,,,,,,,,,,,,,,,,,,,,,,,,,,,,,,,,,,,,,,,,,,,,,,,,,,,
2006,929,541,14.10,91.50,796,0.0,11.250,2.995,3.15,0.000,20.77,1.00,0.23,-0.76,0.74,1.000,1.02,-1.39,1.044,0.00,0.90,1.045,30.8,0.000,0.525,0.000,800,7.08,4.4,-0.09,0.00,27.8,1,1,0,1,1,1,0,0,0,0,1,0,0,0,0,0,0,0,1,0,0,1,1,1,1,1,0,0,0,0,0,0,1,1,5156.3,0C,1,1,0,1,1,0,1,0,0,126.94,471.13,,,,,,,,,,,,,,,,,,,,,,,,,,,,,,,,,,,,,,,,,,,,,,,,,,,,,,,,,
2007,929,933,14.10,91.50,801,0.0,4.500,3.040,3.15,0.000,20.91,1.00,0.22,-0.76,0.24,1.014,1.02,-1.39,1.043,0.00,0.90,1.137,30.8,0.000,0.525,0.000,800,7.09,4.4,-0.09,0.00,27.8,1,1,0,1,1,1,0,0,0,0,1,0,0,0,0,0,0,0,1,0,0,1,1,1,1,1,0,0,0,0,0,0,1,1,5156.3,0C,1,1,0,1,1,0,1,0,0,127.13,469.00,,,,,,,,,,,,,,,,,,,,,,,,,,,,,,,,,,,,,,,,,,,,,,,,,,,,,,,,,
2008,930,320,14.10,91.50,799,0.0,3.000,3.014,3.15,0.000,20.86,1.00,0.71,-0.76,0.79,1.000,1.02,-1.39,1.043,0.00,0.90,1.137,30.8,0.000,0.525,0.000,800,7.09,4.4,-0.09,0.00,27.8,1,1,0,1,1,1,0,0,0,0,1,0,0,0,0,0,0,0,1,0,0,1,1,1,1,1,0,0,0,0,0,0,1,1,5156.3,0C,1,1,0,1,1,0,1,0,0,127.19,470.81,,,,,,,,,,,,,,,,,,,,,,,,,,,,,,,,,,,,,,,,,,,,,,,,,,,,,,,,,
2009,930,721,14.00,91.50,798,0.0,12.750,2.982,3.08,0.000,21.02,1.00,0.80,-0.76,0.85,0.988,1.02,-1.39,1.042,0.00,0.90,1.137,30.8,0.000,0.525,0.000,800,7.09,4.4,-0.08,0.00,27.8,1,1,0,1,1,1,0,0,0,0,1,0,0,0,0,0,0,0,1,0,0,1,1,1,1,1,0,0,0,0,0,0,1,1,5156.3,0C,1,1,0,1,1,0,1,0,0,128.63,469.75,,,,,,,,,,,,,,,,,,,,,,,,,,,,,,,,,,,,,,,,,,,,,,,,,,,,,,,,,
2010,931,121,14.00,91.50,794,0.0,10.500,2.918,3.15,0.000,20.53,1.00,0.22,-0.76,0.82,0.976,1.02,-1.39,1.046,0.00,0.90,1.075,30.8,0.000,0.525,0.000,800,7.09,4.4,-0.07,0.00,27.8,1,1,0,1,1,1,0,0,0,0,1,0,0,0,0,0,0,0,1,0,0,1,1,1,1,1,0,0,0,0,0,0,1,1,5156.3,0C,1,1,0,1,1,0,1,0,0,129.19,469.75,,,,,,,,,,,,,,,,,,,,,,,,,,,,,,,,,,,,,,,,,,,,,,,,,,,,,,,,,
2011,931,534,14.00,91.50,797,0.0,5.250,2.995,3.15,0.000,20.53,1.00,0.21,-0.76,0.23,1.012,1.02,-1.39,1.046,0.00,0.90,1.075,30.8,0.000,0.525,0.000,800,7.08,4.4,-0.07,0.00,27.8,1,1,0,1,1,1,0,0,0,0,1,0,0,0,0,0,0,0,1,0,0,1,1,1,1,1,0,0,0,0,0,0,1,1,5156.3,0C,1,1,0,1,1,0,1,0,0,128.00,470.44,,,,,,,,,,,,,,,,,,,,,,,,,,,,,,,,,,,,,,,,,,,,,,,,,,,,,,,,,
2012,931,952,14.00,91.50,802,0.0,0.750,3.059,3.08,0.000,20.79,1.00,0.66,-0.76,0.68,1.024,1.02,-1.39,1.044,0.00,0.90,1.137,30.8,0.000,0.525,0.000,800,7.08,4.4,-0.09,0.00,27.8,1,1,0,1,1,1,0,0,0,0,1,0,0,0,0,0,0,0,1,0,0,1,1,1,1,1,0,0,0,0,0,0,1,1,5156.3,0C,1,1,0,1,1,0,1,0,0,126.63,469.69,,,,,,,,,,,,,,,,,,,,,,,,,,,,,,,,,,,,,,,,,,,,,,,,,,,,,,,,,
2013,932,360,14.00,91.50,788,0.0,12.000,2.944,3.15,0.000,20.55,1.00,0.76,-0.76,0.85,0.987,1.02,-1.39,1.046,0.00,0.90,1.137,30.8,0.000,0.525,0.000,800,7.08,4.4,-0.04,0.00,27.8,1,1,0,1,1,1,0,0,0,0,1,0,0,0,0,0,0,0,1,0,0,1,1,1,1,1,0,0,0,0,0,0,1,1,5156.3,0C,1,1,0,1,1,0,1,0,0,129.31,474.25,,,,,,,,,,,,,,,,,,,,,,,,,,,,,,,,,,,,,,,,,,,,,,,,,,,,,,,,,
2014,932,758,14.00,91.50,794,0.0,9.000,2.963,3.15,0.000,20.63,1.00,0.22,-0.76,0.42,1.004,1.02,-1.39,1.045,0.00,0.90,1.017,30.8,0.000,0.525,0.000,800,7.08,4.4,-0.03,0.00,27.8,1,1,0,1,1,1,0,0,0,0,1,0,0,0,0,0,0,0,1,0,0,1,1,1,1,1,0,0,0,0,0,0,1,1,5156.3,0C,1,1,0,1,1,0,1,0,0,128.69,472.63,,,,,,,,,,,,,,,,,,,,,,,,,,,,,,,,,,,,,,,,,,,,,,,,,,,,,,,,,
2015,933,186,14.10,91.50,803,0.0,5.250,3.040,3.08,0.000,20.88,1.00,0.22,-0.76,0.23,1.017,1.02,-1.39,1.043,0.00,0.90,1.017,30.8,0.000,0.525,0.000,800,7.08,4.4,-0.05,0.00,27.8,1,1,0,1,1,1,0,0,0,0,1,0,0,0,0,0,0,0,1,0,0,1,1,1,1,1,0,0,0,0,0,0,1,1,5156.3,0C,1,1,0,1,1,0,1,0,0,127.69,469.56,,,,,,,,,,,,,,,,,,,,,,,,,,,,,,,,,,,,,,,,,,,,,,,,,,,,,,,,,
2016,933,581,14.10,91.50,800,0.0,4.500,2.944,3.15,0.000,20.55,1.00,0.80,-0.76,0.82,0.995,1.02,-1.39,1.045,0.00,0.90,1.017,30.8,0.000,0.525,0.000,800,7.08,4.4,-0.06,0.00,27.8,1,1,0,1,1,1,0,0,0,0,1,0,0,0,0,0,0,0,1,0,0,1,1,1,1,1,0,0,0,0,0,0,1,1,5156.3,0C,1,1,0,1,1,0,1,0,0,129.06,469.38,,,,,,,,,,,,,,,,,,,,,,,,,,,,,,,,,,,,,,,,,,,,,,,,,,,,,,,,,
2017,934,8,14.00,91.50,797,0.0,3.000,2.925,3.15,0.000,20.55,1.00,0.78,-0.76,0.84,0.981,1.02,-1.39,1.045,0.00,0.90,1.174,30.8,0.000,0.525,0.000,800,7.07,4.4,-0.07,0.00,27.8,1,1,0,1,1,1,0,0,0,0,1,0,0,0,0,0,0,0,1,0,0,1,1,1,1,1,0,0,0,0,0,0,1,1,5156.3,0C,1,1,0,1,1,0,1,0,0,125.44,469.75,,,,,,,,,,,,,,,,,,,,,,,,,,,,,,,,,,,,,,,,,,,,,,,,,,,,,,,,,
2018,934,413,14.10,91.50,795,0.0,7.500,2.995,3.15,0.000,20.67,1.00,0.21,-0.76,0.63,1.008,1.02,-1.39,1.045,0.00,0.90,1.174,30.8,0.000,0.525,0.000,800,7.07,4.4,-0.05,0.00,27.8,1,1,0,1,1,1,0,0,0,0,1,0,0,0,0,0,0,0,1,0,0,1,1,1,1,1,0,0,0,0,0,0,1,1,5156.3,0C,1,1,0,1,1,0,1,0,0,128.00,471.31,,,,,,,,,,,,,,,,,,,,,,,,,,,,,,,,,,,,,,,,,,,,,,,,,,,,,,,,,
2019,934,813,14.00,91.50,799,0.0,12.750,2.963,3.15,0.000,20.30,1.00,0.24,-0.76,0.33,1.021,1.02,-1.39,1.047,0.00,0.90,1.174,30.8,0.000,0.525,0.000,800,7.07,4.4,-0.07,0.00,27.8,1,1,0,1,1,1,0,0,0,0,1,0,0,0,0,0,0,0,1,0,0,1,1,1,1,1,0,0,0,0,0,0,1,1,5156.3,0C,1,1,0,1,1,0,1,0,0,127.75,470.44,,,,,,,,,,,,,,,,,,,,,,,,,,,,,,,,,,,,,,,,,,,,,,,,,,,,,,,,,
2020,935,219,14.10,92.25,801,0.0,4.500,3.040,3.15,0.000,21.02,1.00,0.74,-0.76,0.81,1.000,1.02,-1.40,1.042,0.00,0.90,1.174,31.5,0.000,0.525,0.000,800,7.07,4.4,-0.07,0.00,27.8,1,1,0,1,1,1,0,0,0,0,1,0,0,0,0,0,0,0,1,0,0,1,1,1,1,1,0,0,0,0,0,0,1,1,5156.3,0C,1,1,0,1,1,0,1,0,0,125.94,470.44,,,,,,,,,,,,,,,,,,,,,,,,,,,,,,,,,,,,,,,,,,,,,,,,,,,,,,,,,
2021,935,619,14.00,92.25,788,0.0,10.500,2.970,3.15,0.000,20.70,1.00,0.77,-0.76,0.86,0.988,1.02,-1.40,1.044,0.00,0.90,1.174,31.5,0.000,0.525,0.000,800,7.07,4.4,-0.03,0.07,27.8,1,1,0,1,1,1,0,0,0,0,1,0,0,0,0,0,0,0,1,0,0,1,1,1,1,1,0,0,0,0,0,0,1,1,5156.3,0C,1,1,0,1,1,0,1,0,0,126.31,475.44,,,,,,,,,,,,,,,,,,,,,,,,,,,,,,,,,,,,,,,,,,,,,,,,,,,,,,,,,
2022,936,140,14.10,92.25,797,0.0,6.000,3.034,3.15,0.000,20.91,1.00,0.22,-0.76,0.37,1.010,1.02,-1.40,1.043,0.00,0.90,1.075,31.5,0.000,0.525,0.000,800,7.07,4.4,-0.03,0.00,27.8,1,1,0,1,1,1,0,0,0,0,1,0,0,0,0,0,0,0,1,0,0,1,1,1,1,1,0,0,0,0,0,0,1,1,5156.3,0C,1,1,0,1,1,0,1,0,0,128.13,471.38,,,,,,,,,,,,,,,,,,,,,,,,,,,,,,,,,,,,,,,,,,,,,,,,,,,,,,,,,
2023,936,561,14.10,92.25,800,0.0,4.500,3.078,3.15,0.000,20.95,1.00,0.35,-0.76,0.64,1.026,1.02,-1.40,1.042,0.00,0.90,1.075,31.5,9.018,0.525,0.000,800,7.07,4.4,-0.04,0.00,27.8,1,1,0,1,1,1,0,0,0,0,1,0,0,0,0,0,0,0,1,0,1,1,1,1,1,0,0,0,0,0,0,0,1,1,5156.3,0C,1,1,0,1,1,0,1,0,0,126.75,470.69,,,,,,,,,,,,,,,,,,,,,,,,,,,,,,,,,,,,,,,,,,,,,,,,,,,,,,,,,
2024,936,969,14.10,92.25,805,0.0,4.500,3.021,3.15,0.000,21.07,1.00,0.79,-0.76,0.84,0.987,1.02,-1.40,1.041,0.00,0.90,1.075,31.5,9.133,0.525,0.000,800,7.07,4.4,-0.06,0.00,27.8,1,1,0,1,1,1,0,0,0,0,1,0,0,0,0,0,0,0,1,0,1,1,1,1,1,0,0,0,0,0,0,0,1,1,5156.3,0C,1,1,0,1,1,0,1,0,0,126.94,467.56,,,,,,,,,,,,,,,,,,,,,,,,,,,,,,,,,,,,,,,,,,,,,,,,,,,,,,,,,
2025,937,425,14.10,92.25,796,0.0,5.250,3.053,3.15,0.000,20.86,1.00,0.29,-0.76,0.80,1.015,1.02,-1.40,1.043,0.00,0.90,1.075,31.5,9.178,0.525,0.000,800,7.07,4.4,-0.04,0.00,27.8,1,1,0,1,1,1,0,0,0,0,1,0,0,0,0,0,0,0,1,0,1,1,1,1,1,0,0,0,0,0,0,0,1,1,5156.3,0C,1,1,0,1,1,0,1,0,0,128.44,471.31,,,,,,,,,,,,,,,,,,,,,,,,,,,,,,,,,,,,,,,,,,,,,,,,,,,,,,,,,
2026,937,820,14.10,92.25,798,0.0,0.750,3.072,3.15,0.000,20.86,1.00,0.59,-0.76,0.46,1.027,1.02,-1.40,1.043,0.00,0.90,1.112,31.5,9.178,0.525,0.000,800,7.07,4.4,-0.02,0.00,27.8,1,1,0,1,1,1,0,0,0,0,1,0,0,0,0,0,0,0,1,0,1,1,1,1,1,0,0,0,0,0,0,0,1,1,5156.3,0C,1,1,0,1,1,0,1,0,0,128.44,469.06,,,,,,,,,,,,,,,,,,,,,,,,,,,,,,,,,,,,,,,,,,,,,,,,,,,,,,,,,
2027,938,244,14.10,92.25,800,0.0,4.500,3.021,3.15,0.000,20.86,1.00,0.83,-0.76,0.85,0.996,1.02,-1.40,1.043,0.00,0.90,1.112,31.5,9.178,0.525,0.000,800,7.08,4.4,-0.04,0.00,27.8,1,1,0,1,1,1,0,0,0,0,1,0,0,0,0,0,0,0,1,0,1,1,1,1,1,0,0,0,0,0,0,0,1,1,5156.3,0C,1,1,0,1,1,0,1,0,0,126.69,468.00,,,,,,,,,,,,,,,,,,,,,,,,,,,,,,,,,,,,,,,,,,,,,,,,,,,,,,,,,
2028,938,661,14.00,92.25,796,0.0,6.000,2.963,3.15,0.000,20.79,1.00,0.77,-0.76,0.85,0.979,1.02,-1.40,1.044,0.00,0.90,1.112,31.5,9.178,0.525,0.000,800,7.08,4.4,-0.02,0.00,27.8,1,1,0,1,1,1,0,0,0,0,1,0,0,0,0,0,0,0,1,0,1,1,1,1,1,0,0,0,0,0,0,0,1,1,5156.3,0C,1,1,0,1,1,0,1,0,0,126.88,469.25,,,,,,,,,,,,,,,,,,,,,,,,,,,,,,,,,,,,,,,,,,,,,,,,,,,,,,,,,
2029,939,53,14.10,92.25,796,0.0,10.500,2.989,3.15,0.000,20.55,1.00,0.21,-0.76,0.31,1.008,1.02,-1.40,1.045,0.00,0.90,1.045,31.5,9.522,0.525,0.000,800,7.08,4.4,-0.02,0.00,27.8,1,1,0,1,1,1,0,0,0,0,1,0,0,0,0,0,0,0,1,0,1,1,1,1,1,0,0,0,0,0,0,0,1,1,5156.3,0C,1,1,0,1,1,0,1,0,0,127.88,471.69,,,,,,,,,,,,,,,,,,,,,,,,,,,,,,,,,,,,,,,,,,,,,,,,,,,,,,,,,
2030,939,432,14.00,92.25,796,0.0,6.000,3.085,3.15,0.000,20.98,1.00,0.24,-0.76,0.24,1.017,1.02,-1.40,1.042,0.00,0.90,1.045,31.5,9.522,0.525,0.000,800,7.08,4.4,-0.02,0.00,27.8,1,1,0,1,1,1,0,0,0,0,1,0,0,0,0,0,0,0,1,0,1,1,1,1,1,0,0,0,0,0,0,0,1,1,5156.3,0C,1,1,0,1,1,0,1,0,0,128.50,471.94,,,,,,,,,,,,,,,,,,,,,,,,,,,,,,,,,,,,,,,,,,,,,,,,,,,,,,,,,
2031,939,832,14.00,92.25,799,0.0,5.250,2.982,3.08,0.000,20.81,1.00,0.80,-0.76,0.82,0.999,1.02,-1.40,1.043,0.00,0.90,1.045,31.5,9.865,0.525,0.000,800,7.08,4.4,-0.02,0.00,27.8,1,1,0,1,1,1,0,0,0,0,1,0,0,0,0,0,0,0,1,0,1,1,1,1,1,0,0,0,0,0,0,0,1,1,5156.3,0C,1,1,0,1,1,0,1,0,0,126.56,470.69,,,,,,,,,,,,,,,,,,,,,,,,,,,,,,,,,,,,,,,,,,,,,,,,,,,,,,,,,
2032,940,223,14.00,92.25,797,0.0,3.750,3.002,3.15,0.000,21.00,1.00,0.82,-0.76,0.87,0.985,1.02,-1.40,1.042,0.00,0.90,1.045,31.5,9.865,0.525,-1.500,0,0.31,1766.7,0.78,6.26,-26.3,0,0,1,1,0,1,0,1,0,1,0,1,0,1,0,1,0,1,1,1,1,1,1,1,1,1,1,1,1,1,1,1,1,1,1,,,,,,,,,,,,,,,,,,,,,,,,,,,,,,,,,,,,,,,,,,,,,,,,,,,,,,,,,,,,,,,,,,,,,
2033,940,630,14.00,92.25,787,0.0,12.000,2.918,3.15,0.000,20.34,1.00,0.32,-0.76,0.83,1.004,1.02,-1.40,1.047,0.00,0.90,1.045,31.5,10.208,0.525,0.000,800,7.08,4.4,0.01,0.00,27.8,1,1,0,1,1,1,0,0,0,0,1,0,0,0,0,0,0,0,1,0,1,1,1,1,1,0,0,0,0,0,0,0,1,1,5156.3,0C,1,1,0,1,1,0,1,0,0,129.75,473.31,,,,,,,,,,,,,,,,,,,,,,,,,,,,,,,,,,,,,,,,,,,,,,,,,,,,,,,,,
2034,941,40,14.00,92.25,801,0.0,7.500,3.008,3.15,0.000,20.63,1.00,0.22,-0.76,0.42,1.017,1.02,-1.40,1.045,0.00,0.90,1.174,31.5,10.208,0.525,0.000,800,7.08,4.4,-0.01,0.00,27.8,1,1,0,1,1,1,0,0,0,0,1,0,0,0,0,0,0,0,1,0,1,1,1,1,1,0,0,0,0,0,0,0,1,1,5156.3,0C,1,1,0,1,1,0,1,0,0,127.13,470.50,,,,,,,,,,,,,,,,,,,,,,,,,,,,,,,,,,,,,,,,,,,,,,,,,,,,,,,,,
2035,941,445,14.00,92.25,797,0.0,6.000,2.995,3.08,0.000,20.84,1.00,0.80,-0.76,0.83,0.991,1.02,-1.40,1.043,0.00,0.90,1.174,31.5,10.559,0.525,0.000,800,7.08,4.4,0.00,0.00,27.8,1,1,0,1,1,1,0,0,0,0,1,0,0,0,0,0,0,0,1,0,1,1,1,1,1,0,0,0,0,0,0,0,1,1,5156.3,0C,1,1,0,1,1,0,1,0,0,128.56,470.50,,,,,,,,,,,,,,,,,,,,,,,,,,,,,,,,,,,,,,,,,,,,,,,,,,,,,,,,,
2036,941,851,14.10,92.25,802,0.0,3.750,2.963,3.08,0.000,20.88,1.00,0.83,-0.76,0.87,0.977,1.02,-1.40,1.043,0.00,0.90,1.045,31.5,10.559,0.525,0.000,800,7.08,4.4,-0.02,0.00,27.8,1,1,0,1,1,1,0,0,0,0,1,0,0,0,0,0,0,0,1,0,1,1,1,1,1,0,0,0,0,0,0,0,1,1,5156.3,0C,1,1,0,1,1,0,1,0,0,125.06,468.25,,,,,,,,,,,,,,,,,,,,,,,,,,,,,,,,,,,,,,,,,,,,,,,,,,,,,,,,,
2037,942,288,14.10,92.25,802,0.0,4.500,2.886,3.08,0.000,20.60,1.00,0.72,-0.76,0.85,0.966,1.02,-1.40,1.045,0.00,0.90,1.045,31.5,10.903,0.525,0.000,800,7.08,4.4,-0.02,0.00,27.8,1,1,0,1,1,1,0,0,0,0,1,0,0,0,0,0,0,0,1,0,1,1,1,1,1,0,0,0,0,0,0,0,1,1,5156.3,0C,1,1,0,1,1,0,1,0,0,126.25,466.00,,,,,,,,,,,,,,,,,,,,,,,,,,,,,,,,,,,,,,,,,,,,,,,,,,,,,,,,,
2038,942,699,14.00,92.25,806,0.0,9.750,2.944,3.08,0.000,20.46,1.00,0.24,-0.76,0.82,1.003,1.02,-1.40,1.046,0.00,0.90,1.045,31.5,11.246,0.525,0.000,800,7.08,4.4,-0.02,0.00,27.8,1,1,0,1,1,1,0,0,0,0,1,0,0,0,0,0,0,0,1,0,1,1,1,1,1,0,0,0,0,0,0,0,1,1,5156.3,0C,1,1,0,1,1,0,1,0,0,126.56,463.94,,,,,,,,,,,,,,,,,,,,,,,,,,,,,,,,,,,,,,,,,,,,,,,,,,,,,,,,,
2039,943,109,14.00,92.25,801,0.0,11.250,2.816,3.08,0.000,20.04,1.00,0.82,-0.76,0.89,0.974,1.02,-1.40,1.047,0.00,0.90,1.075,31.5,11.246,0.525,0.000,800,7.08,4.4,-0.05,0.00,27.8,1,1,0,1,1,1,0,0,0,0,1,0,0,0,0,0,0,0,1,0,1,1,1,1,1,0,0,0,0,0,0,0,1,1,5156.3,0C,1,1,0,1,1,0,1,0,0,125.06,465.94,,,,,,,,,,,,,,,,,,,,,,,,,,,,,,,,,,,,,,,,,,,,,,,,,,,,,,,,,
2040,943,528,14.00,92.25,799,0.0,9.000,2.771,3.08,0.000,19.97,1.00,0.83,-0.76,0.91,0.961,1.02,-1.40,1.047,0.00,0.90,1.075,31.5,11.597,0.525,0.000,800,7.08,4.4,-0.07,0.00,27.8,1,1,0,1,1,1,0,0,0,0,1,0,0,0,0,0,0,0,1,0,1,1,1,1,1,0,0,0,0,0,0,0,1,1,5156.3,0C,1,1,0,1,1,0,1,0,0,125.69,465.38,,,,,,,,,,,,,,,,,,,,,,,,,,,,,,,,,,,,,,,,,,,,,,,,,,,,,,,,,
2041,943,925,14.00,-48.00,7936,0.0,2.250,194.970,759.38,62.617,1040.93,1.45,0.41,-1.33,0.75,0.007,0.02,-8.46,0.232,0.01,0.63,0.172,-41.3,6.250,0.703,-20.250,0,0.31,1766.7,1.16,-49.63,115.5,0,1,0,0,0,1,0,1,1,1,1,1,0,1,1,0,0,1,0,0,0,0,0,0,0,0,1,1,1,0,0,0,0,0,7812.8,18,0,1,0,1,0,1,1,1,1,1,1,,,,,,,,,,,,,,,,,,,,,,,,,,,,,,,,,,,,,,,,,,,,,,,,,,,,,,,,,
2042,944,331,14.00,92.25,804,0.0,9.750,2.803,3.03,0.000,20.11,1.00,0.72,-0.76,0.89,0.959,1.02,-1.40,1.047,0.00,0.90,0.922,31.5,11.940,0.525,0.000,800,7.08,4.4,-0.10,0.00,27.8,1,1,0,1,1,1,0,0,0,0,1,0,0,0,0,0,0,0,1,0,1,1,1,1,1,0,0,0,0,0,0,0,1,1,5156.3,0C,1,1,0,1,1,0,1,0,0,125.00,463.38,,,,,,,,,,,,,,,,,,,,,,,,,,,,,,,,,,,,,,,,,,,,,,,,,,,,,,,,,
2043,944,760,14.10,92.25,804,0.0,4.500,2.835,3.03,0.000,20.44,1.00,0.84,-0.76,0.92,0.945,1.02,-1.40,1.047,0.00,0.90,0.922,31.5,11.940,0.525,0.000,800,7.08,4.4,-0.12,0.00,27.8,1,1,0,1,1,1,0,0,0,0,1,0,0,0,0,0,0,0,1,0,1,1,1,1,1,0,0,0,0,0,0,0,1,1,5156.3,0C,1,1,0,1,1,0,1,0,0,125.81,462.75,,,,,,,,,,,,,,,,,,,,,,,,,,,,,,,,,,,,,,,,,,,,,,,,,,,,,,,,,
2044,945,189,14.00,93.00,796,0.0,8.250,2.797,3.08,0.000,20.30,1.00,0.76,-0.76,0.88,0.934,1.02,-1.40,1.047,0.00,0.90,0.978,31.5,12.284,0.525,0.000,800,7.08,4.4,-0.13,0.00,27.8,1,1,0,1,1,1,0,0,0,0,1,0,0,0,0,0,0,0,1,0,1,1,1,1,1,0,0,0,0,0,0,0,1,1,5156.3,0C,1,1,0,1,1,0,1,0,0,123.88,467.00,,,,,,,,,,,,,,,,,,,,,,,,,,,,,,,,,,,,,,,,,,,,,,,,,,,,,,,,,
2045,945,607,14.00,93.00,799,0.0,6.750,2.861,3.03,0.000,20.55,1.00,0.54,-0.76,0.87,0.944,1.02,-1.40,1.045,0.00,0.90,0.978,31.5,12.634,0.525,0.000,800,7.08,4.4,-0.13,0.00,27.8,1,1,0,1,1,1,0,0,0,0,1,0,0,0,0,0,0,0,1,0,1,1,1,1,1,0,0,0,0,0,0,0,1,1,5156.3,0C,1,1,0,1,1,0,1,0,0,125.13,465.56,,,,,,,,,,,,,,,,,,,,,,,,,,,,,,,,,,,,,,,,,,,,,,,,,,,,,,,,,
2046,946,22,14.10,93.00,798,0.0,12.000,2.810,3.08,0.000,20.55,1.00,0.48,-0.76,0.85,0.933,1.02,-1.40,1.045,0.00,0.90,0.950,31.5,12.978,0.525,0.000,800,7.08,4.4,-0.13,0.00,27.8,1,1,0,1,1,1,0,0,0,0,1,0,0,0,0,0,0,0,1,0,1,1,1,1,1,0,0,0,0,0,0,0,1,1,5156.3,0C,1,1,0,1,1,0,1,0,0,125.56,465.56,,,,,,,,,,,,,,,,,,,,,,,,,,,,,,,,,,,,,,,,,,,,,,,,,,,,,,,,,
2047,946,401,14.00,93.00,801,0.0,9.750,2.810,3.08,0.000,20.18,1.00,0.21,-0.76,0.81,0.966,1.02,-1.40,1.047,0.00,0.90,0.950,31.5,13.321,0.525,0.000,800,7.08,4.4,-0.15,0.00,27.8,1,1,0,1,1,1,0,0,0,0,1,0,0,0,0,0,0,0,1,0,1,1,1,1,1,0,0,0,0,0,0,0,1,1,5156.3,0C,1,1,0,1,1,0,1,0,0,124.94,465.25,,,,,,,,,,,,,,,,,,,,,,,,,,,,,,,,,,,,,,,,,,,,,,,,,,,,,,,,,
2048,946,809,14.00,93.00,796,0.0,10.500,2.950,3.08,0.000,20.55,1.00,0.22,-0.76,0.80,0.978,1.02,-1.40,1.045,0.00,0.90,0.950,32.3,13.664,0.525,0.000,800,7.09,4.4,-0.14,0.00,27.8,1,1,0,1,1,1,0,0,0,0,1,0,0,0,0,0,0,0,1,0,1,1,1,1,1,0,0,0,0,0,0,0,1,1,5156.3,0C,1,1,0,1,1,0,1,0,0,125.25,468.75,,,,,,,,,,,,,,,,,,,,,,,,,,,,,,,,,,,,,,,,,,,,,,,,,,,,,,,,,
2049,947,211,14.10,93.00,803,0.0,5.250,2.899,2.95,0.000,20.84,1.00,0.74,-0.76,0.84,0.957,1.02,-1.40,1.043,0.00,0.90,0.950,32.3,13.664,0.525,0.000,800,7.09,4.4,-0.15,0.00,27.8,1,1,0,1,1,1,0,0,0,0,1,0,0,0,0,0,0,0,1,0,1,1,1,1,1,0,0,0,0,0,0,0,1,1,5156.3,0C,1,1,0,1,1,0,1,0,0,123.25,467.00,,,,,,,,,,,,,,,,,,,,,,,,,,,,,,,,,,,,,,,,,,,,,,,,,,,,,,,,,
2050,947,622,14.00,93.00,799,0.0,9.750,2.771,2.95,0.000,20.34,1.00,0.79,-0.76,0.88,0.944,1.02,-1.40,1.047,0.00,0.90,0.950,32.3,14.015,0.525,0.000,800,7.09,4.4,-0.15,0.00,27.8,1,1,0,1,1,1,0,0,0,0,1,0,0,0,0,0,0,0,1,0,1,1,1,1,1,0,0,0,0,0,0,0,1,1,5156.3,0C,1,1,0,1,1,0,1,0,0,122.19,464.06,,,,,,,,,,,,,,,,,,,,,,,,,,,,,,,,,,,,,,,,,,,,,,,,,,,,,,,,,
2051,948,9,14.00,93.00,791,0.0,9.000,2.752,2.95,0.000,19.71,1.00,0.24,-0.76,0.85,0.970,1.02,-1.40,1.047,0.00,0.90,0.922,32.3,14.359,0.525,0.000,800,7.09,4.4,-0.13,0.00,27.8,1,1,0,1,1,1,0,0,0,0,1,0,0,0,0,0,0,0,1,0,1,1,1,1,1,0,0,0,0,0,0,0,1,1,5156.3,0C,1,1,0,1,1,0,1,0,0,124.56,465.50,,,,,,,,,,,,,,,,,,,,,,,,,,,,,,,,,,,,,,,,,,,,,,,,,,,,,,,,,
2052,948,487,14.10,93.00,796,0.0,8.250,2.912,2.95,0.000,20.37,1.00,0.22,-0.76,0.22,0.982,1.02,-1.40,1.047,0.00,0.90,0.922,32.3,14.702,0.525,0.000,800,7.09,4.4,-0.11,0.00,27.8,1,1,0,1,1,1,0,0,0,0,1,0,0,0,0,0,0,0,1,0,1,1,1,1,1,0,0,0,0,0,0,0,1,1,5156.3,0C,1,1,0,1,1,0,1,0,0,124.31,463.38,,,,,,,,,,,,,,,,,,,,,,,,,,,,,,,,,,,,,,,,,,,,,,,,,,,,,,,,,
2053,948,902,14.10,93.00,805,0.0,8.250,2.880,2.95,0.000,20.02,1.00,0.64,-0.76,0.79,0.972,1.02,-1.40,1.047,0.00,0.90,0.950,32.3,15.396,0.525,0.000,800,7.09,4.4,-0.15,0.00,27.8,1,1,0,1,1,1,0,0,0,0,1,0,0,0,0,0,0,0,1,0,1,1,1,1,1,0,0,0,0,0,0,0,1,1,5156.3,0C,1,1,0,1,1,0,1,0,0,123.00,460.19,,,,,,,,,,,,,,,,,,,,,,,,,,,,,,,,,,,,,,,,,,,,,,,,,,,,,,,,,
2054,949,301,14.10,93.00,806,0.0,5.250,2.797,2.95,0.000,20.09,1.00,0.81,-0.76,0.85,0.959,1.02,-1.40,1.047,0.00,0.90,0.950,32.3,15.740,0.525,0.000,800,7.09,4.4,-0.18,0.00,27.8,1,1,0,1,1,1,0,0,0,0,1,0,0,0,0,0,0,0,1,0,1,1,1,1,1,0,0,0,0,0,0,0,1,1,5156.3,0C,1,1,0,1,1,0,1,0,0,122.25,459.88,,,,,,,,,,,,,,,,,,,,,,,,,,,,,,,,,,,,,,,,,,,,,,,,,,,,,,,,,
2055,949,693,14.10,93.00,799,0.0,6.000,2.886,2.95,0.000,20.34,1.00,0.23,-0.76,0.84,0.979,1.02,-1.40,1.047,0.00,0.90,0.950,32.3,16.091,0.525,0.000,800,7.09,4.4,-0.18,0.00,27.8,1,1,0,1,1,1,0,0,0,0,1,0,0,0,0,0,0,0,1,0,1,1,1,1,1,0,0,0,0,0,0,0,1,1,5156.3,0C,1,1,0,1,1,0,1,0,0,122.50,463.06,,,,,,,,,,,,,,,,,,,,,,,,,,,,,,,,,,,,,,,,,,,,,,,,,,,,,,,,,
2056,950,73,14.10,93.00,802,0.0,6.750,2.886,2.95,0.000,20.11,1.00,0.21,-0.76,0.36,0.992,1.02,-1.41,1.047,0.00,0.90,0.950,32.3,16.434,0.525,0.000,800,7.09,4.4,-0.18,0.00,27.8,1,1,0,1,1,1,0,0,0,0,1,0,0,0,0,0,0,0,1,0,1,1,1,1,1,0,0,0,0,0,0,0,1,1,5156.3,0C,1,1,0,1,1,0,1,0,0,124.38,462.94,,,,,,,,,,,,,,,,,,,,,,,,,,,,,,,,,,,,,,,,,,,,,,,,,,,,,,,,,
2057,950,471,14.10,93.00,807,0.0,6.000,2.957,2.95,0.000,20.39,1.00,0.74,-0.76,0.78,0.978,1.02,-1.41,1.047,0.00,0.90,0.950,32.3,16.777,0.525,0.000,800,7.09,4.4,-0.21,0.00,27.8,1,1,0,1,1,1,0,0,0,0,1,0,0,0,0,0,0,0,1,0,1,1,1,1,1,0,0,0,0,0,0,0,1,1,5156.3,0C,1,1,0,1,1,0,1,0,0,123.63,461.06,,,,,,,,,,,,,,,,,,,,,,,,,,,,,,,,,,,,,,,,,,,,,,,,,,,,,,,,,
2058,950,852,14.10,93.00,805,0.0,7.500,2.803,2.95,0.000,20.02,1.00,0.80,-0.76,0.86,0.966,1.02,-1.41,1.047,0.00,0.90,0.950,32.3,17.121,0.525,0.000,800,7.09,4.4,-0.23,0.00,27.8,1,1,0,1,1,1,0,0,0,0,1,0,0,0,0,0,0,0,1,0,1,1,1,1,1,0,0,0,0,0,0,0,1,1,5156.3,0C,1,1,0,1,1,0,1,0,0,123.50,461.63,,,,,,,,,,,,,,,,,,,,,,,,,,,,,,,,,,,,,,,,,,,,,,,,,,,,,,,,,
2059,951,243,14.10,93.00,805,0.0,3.000,2.938,2.95,0.000,20.55,1.00,0.78,-0.76,0.86,0.988,1.02,-1.41,1.046,0.00,0.90,0.950,32.3,17.472,0.525,0.000,800,7.09,4.4,-0.24,0.00,27.8,1,1,0,1,1,1,0,0,0,0,1,0,0,0,0,0,0,0,1,0,1,1,1,1,1,0,0,0,0,0,0,0,1,1,5156.3,0C,1,1,0,1,1,0,1,0,0,119.50,464.81,,,,,,,,,,,,,,,,,,,,,,,,,,,,,,,,,,,,,,,,,,,,,,,,,,,,,,,,,
2060,951,642,14.00,93.00,801,0.0,0.000,2.906,2.95,0.000,20.11,1.00,0.27,-0.76,0.35,1.003,1.02,-1.41,1.047,0.00,0.90,0.950,32.3,18.158,0.525,0.000,800,7.09,4.4,-0.23,0.00,27.8,1,1,0,1,1,1,0,0,0,0,1,0,0,0,0,0,0,0,1,0,1,1,1,1,1,1,0,0,0,0,0,0,1,1,5156.3,0C,1,1,0,1,1,0,1,0,0,121.75,463.06,,,,,,,,,,,,,,,,,,,,,,,,,,,,,,,,,,,,,,,,,,,,,,,,,,,,,,,,,
2061,952,43,14.00,93.00,806,0.0,0.750,2.957,2.95,0.000,20.37,1.00,0.68,-0.76,0.79,0.987,1.02,-1.41,1.047,0.00,0.90,0.922,32.3,18.509,0.525,0.000,800,7.09,4.4,-0.26,0.00,27.8,1,1,0,1,1,1,0,0,0,0,1,0,0,0,0,0,0,0,1,0,1,1,1,1,1,1,0,0,0,0,0,0,1,1,5156.3,0C,1,1,0,1,1,0,1,0,0,125.19,461.81,,,,,,,,,,,,,,,,,,,,,,,,,,,,,,,,,,,,,,,,,,,,,,,,,,,,,,,,,
2062,952,460,14.10,93.00,803,0.0,0.000,2.976,2.95,0.000,20.77,1.00,0.22,-0.76,0.88,0.972,1.02,-1.41,1.044,0.00,0.90,0.922,32.3,19.196,0.525,0.000,800,7.09,4.4,-0.28,0.00,27.8,1,1,0,1,1,1,0,0,0,0,1,0,0,0,0,0,0,0,1,0,1,1,1,1,1,1,0,0,0,0,0,0,1,1,5156.3,0C,1,1,0,1,1,0,1,0,0,126.13,466.69,,,,,,,,,,,,,,,,,,,,,,,,,,,,,,,,,,,,,,,,,,,,,,,,,,,,,,,,,
2063,952,862,14.00,93.00,800,0.0,0.750,2.976,2.95,0.000,20.63,1.00,0.68,-0.76,0.82,1.005,1.02,-1.41,1.045,0.00,0.90,0.978,32.3,19.196,0.525,0.000,800,7.09,4.4,-0.26,0.00,27.8,1,1,0,1,1,1,0,0,0,0,1,0,0,0,0,0,0,0,1,0,1,1,1,1,1,1,0,0,0,0,0,0,1,1,5156.3,0C,1,1,0,1,1,0,1,0,0,127.25,467.94,,,,,,,,,,,,,,,,,,,,,,,,,,,,,,,,,,,,,,,,,,,,,,,,,,,,,,,,,
2064,953,283,14.10,93.00,798,0.0,9.000,2.906,2.95,0.000,20.67,1.00,0.78,-0.76,0.86,0.968,1.02,-1.41,1.045,0.00,0.90,0.978,32.3,19.196,0.525,0.000,800,7.09,4.4,-0.26,0.00,27.8,1,1,0,1,1,1,0,0,0,0,1,0,0,0,0,0,0,0,1,0,1,1,1,1,1,1,0,0,0,0,0,0,1,1,5156.3,0C,1,1,0,1,1,0,1,0,0,127.69,468.69,,,,,,,,,,,,,,,,,,,,,,,,,,,,,,,,,,,,,,,,,,,,,,,,,,,,,,,,,
2065,953,697,14.10,93.00,798,0.0,9.750,2.906,2.95,0.000,20.30,1.00,0.69,-0.76,0.85,0.995,1.02,-1.41,1.047,0.00,0.90,0.978,32.3,18.853,0.525,0.000,800,7.09,4.4,-0.26,0.00,27.8,1,1,0,1,1,1,0,0,0,0,1,0,0,0,0,0,0,0,1,0,1,1,1,1,1,1,0,0,0,0,0,0,1,1,5156.3,0C,1,1,0,1,1,0,1,0,0,126.44,467.44,,,,,,,,,,,,,,,,,,,,,,,,,,,,,,,,,,,,,,,,,,,,,,,,,,,,,,,,,
2066,954,83,14.10,93.00,801,0.0,6.000,2.931,2.95,0.000,20.32,1.00,0.75,-0.76,0.83,0.980,1.02,-1.41,1.047,0.00,0.90,0.950,32.3,18.853,0.525,0.000,800,7.09,4.4,-0.28,0.00,27.8,1,1,0,1,1,1,0,0,0,0,1,0,0,0,0,0,0,0,1,0,1,1,1,1,1,1,0,0,0,0,0,0,1,1,5156.3,0C,1,1,0,1,1,0,1,0,0,125.69,466.44,,,,,,,,,,,,,,,,,,,,,,,,,,,,,,,,,,,,,,,,,,,,,,,,,,,,,,,,,
2067,954,482,14.10,93.00,799,0.0,6.750,2.861,2.95,0.000,20.34,1.00,0.81,-0.76,0.85,0.968,1.02,-1.41,1.047,0.00,0.90,0.950,32.3,18.853,0.525,0.000,800,7.09,4.4,-0.28,0.00,27.8,1,1,0,1,1,1,0,0,0,0,1,0,0,0,0,0,0,0,1,0,1,1,1,1,1,1,0,0,0,0,0,0,1,1,5156.3,0C,1,1,0,1,1,0,1,0,0,125.50,466.81,,,,,,,,,,,,,,,,,,,,,,,,,,,,,,,,,,,,,,,,,,,,,,,,,,,,,,,,,
2068,954,882,14.00,93.75,787,0.0,15.750,2.835,2.95,0.000,20.41,1.00,0.41,-0.76,0.85,0.955,1.02,-1.41,1.047,0.00,0.90,0.922,32.3,18.853,0.525,0.000,800,7.09,4.4,-0.24,0.07,27.8,1,1,0,1,1,1,0,0,0,0,1,0,0,0,0,0,0,0,1,0,1,1,1,1,1,1,0,0,0,0,0,0,1,1,5156.3,0C,1,1,0,1,1,0,1,0,0,124.25,471.38,,,,,,,,,,,,,,,,,,,,,,,,,,,,,,,,,,,,,,,,,,,,,,,,,,,,,,,,,
2069,955,261,14.00,93.75,796,0.0,5.250,3.078,2.95,0.000,21.02,1.00,0.49,-0.76,0.76,1.002,1.02,-1.41,1.042,0.00,0.90,0.922,32.3,18.853,0.506,0.000,800,7.09,4.4,-0.23,0.00,27.8,1,1,0,1,1,1,0,0,0,0,1,0,0,0,0,0,0,0,1,0,1,1,1,1,1,1,0,0,0,0,0,0,1,1,5156.3,0C,1,1,0,1,1,0,1,0,0,122.75,471.88,,,,,,,,,,,,,,,,,,,,,,,,,,,,,,,,,,,,,,,,,,,,,,,,,,,,,,,,,
2070,955,704,14.10,93.75,802,0.0,3.000,3.027,2.95,0.000,20.88,1.00,0.23,-0.76,0.54,1.015,1.02,-1.41,1.043,0.00,0.90,0.922,32.3,19.196,0.506,0.000,800,7.09,4.4,-0.23,0.00,27.8,1,1,0,1,1,1,0,0,0,0,1,0,0,0,0,0,0,0,1,0,1,1,1,1,1,1,0,0,0,0,0,0,1,1,5156.3,0C,1,1,0,1,1,0,1,0,0,127.63,468.63,,,,,,,,,,,,,,,,,,,,,,,,,,,,,,,,,,,,,,,,,,,,,,,,,,,,,,,,,
2071,956,120,14.00,93.75,797,0.0,11.250,2.829,2.95,0.000,20.27,1.00,0.82,-0.76,0.87,0.982,1.02,-1.41,1.047,0.00,0.90,1.075,32.3,18.853,0.506,0.000,800,7.09,4.4,-0.23,0.00,27.8,1,1,0,1,1,1,0,0,0,0,1,0,0,0,0,0,0,0,1,0,1,1,1,1,1,1,0,0,0,0,0,0,1,1,5156.3,0C,1,1,0,1,1,0,1,0,0,127.25,469.13,,,,,,,,,,,,,,,,,,,,,,,,,,,,,,,,,,,,,,,,,,,,,,,,,,,,,,,,,
2072,956,540,14.10,93.75,796,0.0,4.500,2.886,2.95,0.000,20.67,1.00,0.80,-0.76,0.86,0.969,1.02,-1.41,1.045,0.00,0.90,1.075,32.3,18.853,0.506,0.000,800,7.09,4.4,-0.23,0.00,27.8,1,1,0,1,1,1,0,0,0,0,1,0,0,0,0,0,0,0,1,0,1,1,1,1,1,1,0,0,0,0,0,0,1,1,5156.3,0C,1,1,0,1,1,0,1,0,0,126.81,468.25,,,,,,,,,,,,,,,,,,,,,,,,,,,,,,,,,,,,,,,,,,,,,,,,,,,,,,,,,
2073,956,950,14.00,93.75,796,0.0,5.250,2.950,2.95,0.000,20.63,1.00,0.23,-0.76,0.44,0.999,1.02,-1.41,1.045,0.00,0.90,0.950,32.3,18.853,0.506,0.000,800,7.09,4.4,-0.22,0.00,27.8,1,1,0,1,1,1,0,0,0,0,1,0,0,0,0,0,0,0,1,0,1,1,1,1,1,1,0,0,0,0,0,0,1,1,5156.3,0C,1,1,0,1,1,0,1,0,0,126.44,469.44,,,,,,,,,,,,,,,,,,,,,,,,,,,,,,,,,,,,,,,,,,,,,,,,,,,,,,,,,
2074,957,340,14.10,93.75,796,0.0,7.500,2.950,2.95,0.000,20.51,1.00,0.37,-0.76,0.74,1.011,1.02,-1.41,1.046,0.00,0.90,0.950,32.3,19.196,0.506,0.000,800,7.09,4.4,-0.20,0.00,27.8,1,1,0,1,1,1,0,0,0,0,1,0,0,0,0,0,0,0,1,0,1,1,1,1,1,1,0,0,0,0,0,0,1,1,5156.3,0C,1,1,0,1,1,0,1,0,0,126.81,468.31,,,,,,,,,,,,,,,,,,,,,,,,,,,,,,,,,,,,,,,,,,,,,,,,,,,,,,,,,
2075,957,745,14.00,93.75,791,0.0,7.500,2.912,2.95,0.000,20.55,1.00,0.81,-0.76,0.85,0.979,1.02,-1.41,1.046,0.00,0.90,0.950,32.3,18.853,0.506,0.000,800,7.09,4.4,-0.19,0.00,27.8,1,1,0,1,1,1,0,0,0,0,1,0,0,0,0,0,0,0,1,0,1,1,1,1,1,1,0,0,0,0,0,0,1,1,5156.3,0C,1,1,0,1,1,0,1,0,0,126.75,471.50,,,,,,,,,,,,,,,,,,,,,,,,,,,,,,,,,,,,,,,,,,,,,,,,,,,,,,,,,
2076,958,160,14.10,93.75,798,0.0,4.500,3.021,2.95,0.000,20.95,1.00,0.45,-0.76,0.85,1.000,1.02,-1.41,1.042,0.00,0.90,0.899,32.3,19.196,0.506,0.000,800,7.09,4.4,-0.18,0.00,27.8,1,1,0,1,1,1,0,0,0,0,1,0,0,0,0,0,0,0,1,0,1,1,1,1,1,1,0,0,0,0,0,0,1,1,5156.3,0C,1,1,0,1,1,0,1,0,0,125.19,468.63,,,,,,,,,,,,,,,,,,,,,,,,,,,,,,,,,,,,,,,,,,,,,,,,,,,,,,,,,
2077,958,590,14.10,93.75,799,0.0,10.500,3.040,2.95,0.000,20.74,1.00,0.58,-0.76,0.69,1.015,1.02,-1.41,1.044,0.00,0.90,0.899,32.3,19.196,0.506,0.000,800,7.10,4.4,-0.18,0.00,27.8,1,1,0,1,1,1,0,0,0,0,1,0,0,0,0,0,0,0,1,0,1,1,1,1,1,1,0,0,0,0,0,0,1,1,5156.3,0C,1,1,0,1,1,0,1,0,0,126.06,468.50,,,,,,,,,,,,,,,,,,,,,,,,,,,,,,,,,,,,,,,,,,,,,,,,,,,,,,,,,
2078,958,984,14.00,93.75,796,0.0,9.000,2.893,2.95,0.000,20.55,1.00,0.81,-0.76,0.86,0.988,1.02,-1.41,1.045,0.00,0.90,0.950,32.3,19.196,0.490,0.000,800,7.10,4.4,-0.18,0.00,27.8,1,1,0,1,1,1,0,0,0,0,1,0,0,0,0,0,0,0,1,0,1,1,1,1,1,1,0,0,0,0,0,0,1,1,5156.3,0C,1,1,0,1,1,0,1,0,0,126.38,469.13,,,,,,,,,,,,,,,,,,,,,,,,,,,,,,,,,,,,,,,,,,,,,,,,,,,,,,,,,
2079,959,390,14.00,93.75,796,0.0,6.000,2.880,2.95,0.000,20.51,1.00,0.62,-0.76,0.85,1.005,1.02,-1.41,1.046,0.00,0.90,0.950,32.3,19.196,0.490,0.000,800,7.10,4.4,-0.18,0.00,27.8,1,1,0,1,1,1,0,0,0,0,1,0,0,0,0,0,0,0,1,0,1,1,1,1,1,1,0,0,0,0,0,0,1,1,5156.3,0C,1,1,0,1,1,0,1,0,0,125.06,469.38,,,,,,,,,,,,,,,,,,,,,,,,,,,,,,,,,,,,,,,,,,,,,,,,,,,,,,,,,
2080,959,789,14.10,-48.00,7744,0.0,2.250,167.117,753.13,19.257,639.05,1.45,0.30,-1.33,1.25,0.007,0.02,-2.62,0.384,0.01,0.33,0.172,-41.3,8.203,0.703,-41.250,0,0.31,1766.7,1.55,-49.63,115.5,0,1,0,0,0,1,0,1,1,1,1,1,0,1,1,0,0,1,0,0,0,0,0,0,0,0,0,0,0,1,0,0,0,0,431.5,52,0,1,0,1,0,1,1,1,1,1,1,,,,,,,,,,,,,,,,,,,,,,,,,,,,,,,,,,,,,,,,,,,,,,,,,,,,,,,,,
2081,960,171,14.10,93.75,801,0.0,8.250,2.925,2.95,0.000,20.55,1.00,0.26,-0.76,0.83,0.990,1.02,-1.41,1.045,0.00,0.90,1.045,32.3,19.196,0.490,0.000,800,7.10,4.4,-0.18,0.00,27.8,1,1,0,1,1,1,0,0,0,0,1,0,0,0,0,0,0,0,1,0,1,1,1,1,1,1,0,0,0,0,0,0,1,1,5156.3,0C,1,1,0,1,1,0,1,0,0,126.75,467.81,,,,,,,,,,,,,,,,,,,,,,,,,,,,,,,,,,,,,,,,,,,,,,,,,,,,,,,,,
2082,960,560,14.00,93.75,796,0.0,12.000,2.867,2.95,0.000,20.44,1.00,0.74,-0.76,0.86,0.977,1.02,-1.41,1.047,0.00,0.90,1.045,33.0,18.853,0.490,0.000,800,7.10,4.4,-0.19,0.00,27.8,1,1,0,1,1,1,0,0,0,0,1,0,0,0,0,0,0,0,1,0,1,1,1,1,1,1,0,0,0,0,0,0,1,1,5156.3,0C,1,1,0,1,1,0,1,0,0,123.63,469.44,,,,,,,,,,,,,,,,,,,,,,,,,,,,,,,,,,,,,,,,,,,,,,,,,,,,,,,,,
2083,960,942,14.00,93.75,797,0.0,6.750,3.014,2.95,0.000,20.77,1.00,0.22,-0.76,0.81,1.009,0.02,-5.79,0.377,0.01,0.33,108.979,-48.0,39.559,0.047,-2.250,1920,94.42,313.0,-78.91,6.08,-26.3,1,0,0,1,0,1,0,1,0,1,0,1,0,1,0,1,0,1,1,1,1,1,1,1,1,1,1,1,1,1,1,1,1,1,1,,,,,,,,,,,,,,,,,,,,,,,,,,,,,,,,,,,,,,,,,,,,,,,,,,,,,,,,,,,,,,,,,,,,,
2084,961,330,14.10,93.75,803,0.0,5.250,2.995,2.95,0.000,20.70,1.00,0.23,-0.76,0.24,1.018,1.02,-1.41,1.044,0.00,0.90,0.978,33.0,19.196,0.490,0.000,800,7.10,4.4,-0.18,0.00,27.8,1,1,0,1,1,1,0,0,0,0,1,0,0,0,0,0,0,0,1,0,1,1,1,1,1,1,0,0,0,0,0,0,1,1,5156.3,0C,1,1,0,1,1,0,1,0,0,125.50,465.25,,,,,,,,,,,,,,,,,,,,,,,,,,,,,,,,,,,,,,,,,,,,,,,,,,,,,,,,,
2085,961,726,14.10,93.75,803,0.0,6.000,2.918,2.95,0.000,20.41,1.00,0.79,-0.76,0.81,1.000,1.02,-1.41,1.047,0.00,0.90,0.978,33.0,19.196,0.490,0.000,800,7.10,4.4,-0.21,0.00,27.8,1,1,0,1,1,1,0,0,0,0,1,0,0,0,0,0,0,0,1,0,1,1,1,1,1,1,0,0,0,0,0,0,1,1,5156.3,0C,1,1,0,1,1,0,1,0,0,124.69,465.56,,,,,,,,,,,,,,,,,,,,,,,,,,,,,,,,,,,,,,,,,,,,,,,,,,,,,,,,,
2086,962,110,14.00,93.75,803,0.0,5.250,2.918,2.91,0.000,20.55,1.00,0.81,-0.76,0.87,0.987,1.02,-1.41,1.045,0.00,0.90,0.950,33.0,19.196,0.490,0.000,800,7.10,4.4,-0.23,0.00,27.8,1,1,0,1,1,1,0,0,0,0,1,0,0,0,0,0,0,0,1,0,1,1,1,1,1,1,0,0,0,0,0,0,1,1,5156.3,0C,1,1,0,1,1,0,1,0,0,123.75,466.88,,,,,,,,,,,,,,,,,,,,,,,,,,,,,,,,,,,,,,,,,,,,,,,,,,,,,,,,,
2087,962,502,14.00,93.75,796,0.0,10.500,2.861,2.91,0.000,20.51,1.00,0.26,-0.76,0.83,0.977,1.02,-1.41,1.046,0.00,0.90,0.950,33.0,19.196,0.490,0.000,800,7.10,4.4,-0.20,0.00,27.8,1,1,0,1,1,1,0,0,0,0,1,0,0,0,0,0,0,0,1,0,1,1,1,1,1,1,0,0,0,0,0,0,1,1,5156.3,0C,1,1,0,1,1,0,1,0,0,127.63,467.19,,,,,,,,,,,,,,,,,,,,,,,,,,,,,,,,,,,,,,,,,,,,,,,,,,,,,,,,,
2088,962,882,14.10,93.75,798,0.0,7.500,2.995,2.91,0.000,20.63,1.00,0.21,-0.76,0.35,1.014,1.02,-1.41,1.045,0.00,0.90,1.045,33.0,19.196,0.473,0.000,800,7.10,4.4,-0.20,0.00,27.8,1,1,0,1,1,1,0,0,0,0,1,0,0,0,0,0,0,0,1,0,1,1,1,1,1,1,0,0,0,0,0,0,1,1,5156.3,0C,1,1,0,1,1,0,1,0,0,125.75,466.31,,,,,,,,,,,,,,,,,,,,,,,,,,,,,,,,,,,,,,,,,,,,,,,,,,,,,,,,,
2089,963,270,14.00,93.75,804,0.0,8.250,2.950,2.95,0.000,20.18,1.00,0.28,-0.76,0.74,1.026,1.02,-1.41,1.047,0.00,0.90,1.045,33.0,18.853,0.473,0.000,800,7.10,4.4,-0.23,0.00,27.8,1,1,0,1,1,1,0,0,0,0,1,0,0,0,0,0,0,0,1,0,1,1,1,1,1,1,0,0,0,0,0,0,1,1,5156.3,0C,1,1,0,1,1,0,1,0,0,124.13,465.13,,,,,,,,,,,,,,,,,,,,,,,,,,,,,,,,,,,,,,,,,,,,,,,,,,,,,,,,,
2090,963,652,14.00,93.75,804,0.0,6.000,2.925,759.38,65.742,1052.98,1.45,0.30,-1.33,1.10,0.007,0.02,-2.62,0.377,0.01,0.26,0.172,-41.3,8.594,0.703,-63.750,0,0.31,1766.7,1.55,-49.63,115.5,0,1,0,0,0,1,0,1,1,1,1,1,0,1,1,0,0,1,0,0,0,0,0,0,0,0,1,1,1,0,0,0,0,0,8580.8,13,0,1,0,1,0,1,1,1,1,1,1,,,,,,,,,,,,,,,,,,,,,,,,,,,,,,,,,,,,,,,,,,,,,,,,,,,,,,,,,
2091,964,40,14.00,93.75,796,0.0,14.250,2.938,2.91,0.000,20.74,1.00,0.82,-0.76,0.88,0.984,1.02,-1.41,1.044,0.00,0.90,0.950,33.0,18.853,0.473,0.000,800,7.10,4.4,-0.26,0.00,27.8,1,1,0,1,1,1,0,0,0,0,1,0,0,0,0,0,0,0,1,0,1,1,1,1,1,1,0,0,0,0,0,0,1,1,5156.3,0C,1,1,0,1,1,0,1,0,0,125.94,469.81,,,,,,,,,,,,,,,,,,,,,,,,,,,,,,,,,,,,,,,,,,,,,,,,,,,,,,,,,
2092,964,439,14.10,93.75,797,0.0,7.500,3.002,2.91,0.000,20.70,1.00,0.67,-0.76,0.86,1.014,1.02,-1.41,1.044,0.00,0.90,0.950,33.0,19.196,0.473,0.000,800,7.10,4.4,-0.24,0.00,27.8,1,1,0,1,1,1,0,0,0,0,1,0,0,0,0,0,0,0,1,0,1,1,1,1,1,1,0,0,0,0,0,0,1,1,5156.3,0C,1,1,0,1,1,0,1,0,0,125.94,467.31,,,,,,,,,,,,,,,,,,,,,,,,,,,,,,,,,,,,,,,,,,,,,,,,,,,,,,,,,
2093,964,840,14.10,93.75,807,0.0,4.500,2.912,2.95,0.000,20.41,1.00,0.70,-0.76,0.85,0.997,1.02,-1.41,1.047,0.00,0.90,1.075,33.0,18.853,0.473,0.000,800,7.10,4.4,-0.28,0.00,27.8,1,1,0,1,1,1,0,0,0,0,1,0,0,0,0,0,0,0,1,0,1,1,1,1,1,1,0,0,0,0,0,0,1,1,5156.3,0C,1,1,0,1,1,0,1,0,0,123.69,463.63,,,,,,,,,,,,,,,,,,,,,,,,,,,,,,,,,,,,,,,,,,,,,,,,,,,,,,,,,
2094,965,242,14.00,93.75,795,0.0,7.500,2.867,2.95,0.000,20.34,1.00,0.83,-0.76,0.87,0.984,1.02,-1.41,1.047,0.00,0.90,1.075,33.0,19.196,0.473,0.000,800,7.10,4.4,-0.26,0.00,27.8,1,1,0,1,1,1,0,0,0,0,1,0,0,0,0,0,0,0,1,0,1,1,1,1,1,1,0,0,0,0,0,0,1,1,5156.3,0C,1,1,0,1,1,0,1,0,0,125.56,467.94,,,,,,,,,,,,,,,,,,,,,,,,,,,,,,,,,,,,,,,,,,,,,,,,,,,,,,,,,
2095,965,639,14.00,93.75,791,0.0,14.250,2.931,2.95,0.000,20.41,1.00,0.21,-0.76,0.58,1.004,1.02,-1.41,1.047,0.00,0.90,1.075,33.0,18.853,0.473,0.000,800,7.10,4.4,-0.23,0.00,27.8,1,1,0,1,1,1,0,0,0,0,1,0,0,0,0,0,0,0,1,0,1,1,1,1,1,1,0,0,0,0,0,0,1,1,5156.3,0C,1,1,0,1,1,0,1,0,0,126.69,469.38,,,,,,,,,,,,,,,,,,,,,,,,,,,,,,,,,,,,,,,,,,,,,,,,,,,,,,,,,
2096,966,42,14.00,93.75,798,0.0,7.500,2.931,2.91,0.000,20.34,1.00,0.21,-0.76,0.29,1.017,1.02,-1.41,1.047,0.00,0.90,1.017,33.0,18.853,0.473,0.000,800,7.10,4.4,-0.23,0.00,27.8,1,1,0,1,1,1,0,0,0,0,1,0,0,0,0,0,0,0,1,0,1,1,1,1,1,1,0,0,0,0,0,0,1,1,5156.3,0C,1,1,0,1,1,0,1,0,0,126.06,466.88,,,,,,,,,,,,,,,,,,,,,,,,,,,,,,,,,,,,,,,,,,,,,,,,,,,,,,,,,
2097,966,460,14.10,93.75,801,0.0,6.000,2.950,2.95,0.000,20.55,1.00,0.80,-0.76,0.82,0.992,1.02,-1.41,1.046,0.00,0.90,1.017,33.0,18.853,0.456,0.000,800,7.10,4.4,-0.23,0.00,27.8,1,1,0,1,1,1,0,0,0,0,1,0,0,0,0,0,0,0,1,0,1,1,1,1,1,1,0,0,0,0,0,0,1,1,5156.3,0C,1,1,0,1,1,0,1,0,0,125.31,465.56,,,,,,,,,,,,,,,,,,,,,,,,,,,,,,,,,,,,,,,,,,,,,,,,,,,,,,,,,
2098,966,862,14.10,94.50,806,0.0,3.000,2.880,2.91,0.000,20.41,1.00,0.81,-0.76,0.87,0.975,1.02,-1.41,1.047,0.00,0.90,0.978,33.0,19.196,0.456,0.000,800,7.10,4.4,-0.27,0.00,27.8,1,1,0,1,1,1,0,0,0,0,1,0,0,0,0,0,0,0,1,0,1,1,1,1,1,1,0,0,0,0,0,0,1,1,5156.3,0C,1,1,0,1,1,0,1,0,0,125.31,464.00,,,,,,,,,,,,,,,,,,,,,,,,,,,,,,,,,,,,,,,,,,,,,,,,,,,,,,,,,
2099,967,261,14.10,94.50,798,0.0,7.500,2.925,2.91,0.000,20.25,1.00,0.28,-0.76,0.83,1.000,1.02,-1.41,1.047,0.00,0.90,0.978,33.0,18.853,0.456,0.000,800,7.10,4.4,-0.26,0.00,27.8,1,1,0,1,1,1,0,0,0,0,1,0,0,0,0,0,0,0,1,0,1,1,1,1,1,1,0,0,0,0,0,0,1,1,5156.3,0C,1,1,0,1,1,0,1,0,0,123.94,465.88,,,,,,,,,,,,,,,,,,,,,,,,,,,,,,,,,,,,,,,,,,,,,,,,,,,,,,,,,
2100,967,645,14.10,94.50,795,0.0,8.250,3.014,2.95,0.000,20.70,1.00,0.23,-0.76,0.30,1.012,1.02,-1.41,1.044,0.00,0.90,0.978,33.0,19.196,0.456,0.000,800,7.10,4.4,-0.23,0.00,27.8,1,1,0,1,1,1,0,0,0,0,1,0,0,0,0,0,0,0,1,0,1,1,1,1,1,1,0,0,0,0,0,0,1,1,5156.3,0C,1,1,0,1,1,0,1,0,0,127.69,469.81,,,,,,,,,,,,,,,,,,,,,,,,,,,,,,,,,,,,,,,,,,,,,,,,,,,,,,,,,
2101,968,47,14.10,94.50,804,0.0,0.000,2.950,2.95,0.000,20.53,1.00,0.76,-0.76,0.79,0.995,1.02,-1.41,1.046,0.00,0.90,1.075,33.0,18.853,0.456,0.000,800,7.10,4.4,-0.27,0.00,27.8,1,1,0,1,1,1,0,0,0,0,1,0,0,0,0,0,0,0,1,0,1,1,1,1,1,1,0,0,0,0,0,0,1,1,5156.3,0C,1,1,0,1,1,0,1,0,0,123.31,467.31,,,,,,,,,,,,,,,,,,,,,,,,,,,,,,,,,,,,,,,,,,,,,,,,,,,,,,,,,
2102,968,463,14.10,94.50,800,0.0,4.500,2.918,2.91,0.000,20.63,1.00,0.82,-0.76,0.88,0.979,1.02,-1.41,1.045,0.00,0.90,1.075,33.0,19.196,0.456,0.000,800,7.10,4.4,-0.26,0.00,27.8,1,1,0,1,1,1,0,0,0,0,1,0,0,0,0,0,0,0,1,0,1,1,1,1,1,1,0,0,0,0,0,0,1,1,5156.3,0C,1,1,0,1,1,0,1,0,0,126.25,467.00,,,,,,,,,,,,,,,,,,,,,,,,,,,,,,,,,,,,,,,,,,,,,,,,,,,,,,,,,
2103,968,865,14.10,94.50,799,0.0,6.750,2.861,2.91,0.000,20.37,1.00,0.26,-0.76,0.85,0.969,1.02,-1.41,1.047,0.00,0.90,0.950,33.0,18.853,0.456,0.000,800,7.10,4.4,-0.26,0.00,27.8,1,1,0,1,1,1,0,0,0,0,1,0,0,0,0,0,0,0,1,0,1,1,1,1,1,1,0,0,0,0,0,0,1,1,5156.3,0C,1,1,0,1,1,0,1,0,0,125.06,466.88,,,,,,,,,,,,,,,,,,,,,,,,,,,,,,,,,,,,,,,,,,,,,,,,,,,,,,,,,
2104,969,265,14.10,94.50,799,0.0,6.000,2.963,2.91,0.000,20.46,1.00,0.22,-0.76,0.53,1.003,1.02,-1.41,1.046,0.00,0.90,0.950,33.0,19.196,0.456,0.000,800,7.10,4.4,-0.25,0.00,27.8,1,1,0,1,1,1,0,0,0,0,1,0,0,0,0,0,0,0,1,0,1,1,1,1,1,1,0,0,0,0,0,0,1,1,5156.3,0C,1,1,0,1,1,0,1,0,0,125.56,466.94,,,,,,,,,,,,,,,,,,,,,,,,,,,,,,,,,,,,,,,,,,,,,,,,,,,,,,,,,
2105,969,695,14.10,94.50,799,0.0,5.250,3.014,2.95,0.000,20.51,1.00,0.74,-0.76,0.77,0.989,1.02,-1.41,1.046,0.00,0.90,0.950,33.0,19.196,0.456,0.000,800,7.10,4.4,-0.24,0.00,27.8,1,1,0,1,1,1,0,0,0,0,1,0,0,0,0,0,0,0,1,0,1,1,1,1,1,1,0,0,0,0,0,0,1,1,5156.3,0C,1,1,0,1,1,0,1,0,0,125.06,466.31,,,,,,,,,,,,,,,,,,,,,,,,,,,,,,,,,,,,,,,,,,,,,,,,,,,,,,,,,
2106,970,93,14.10,94.50,801,0.0,7.500,2.880,2.95,0.000,20.34,1.00,0.80,-0.76,0.84,0.976,1.02,-1.41,1.047,0.00,0.90,1.045,33.0,19.196,0.456,0.000,800,7.10,4.4,-0.26,0.00,27.8,1,1,0,1,1,1,0,0,0,0,1,0,0,0,0,0,0,0,1,0,1,1,1,1,1,1,0,0,0,0,0,0,1,1,5156.3,0C,1,1,0,1,1,0,1,0,0,123.81,465.88,,,,,,,,,,,,,,,,,,,,,,,,,,,,,,,,,,,,,,,,,,,,,,,,,,,,,,,,,
2107,970,481,14.10,94.50,788,0.0,12.750,2.925,2.91,0.000,20.18,1.00,0.58,-0.76,0.85,1.006,1.02,-1.41,1.047,0.00,0.90,1.045,33.0,18.853,0.439,0.000,800,7.10,4.4,-0.22,0.00,27.8,1,1,0,1,1,1,0,0,0,0,1,0,0,0,0,0,0,0,1,0,1,1,1,1,1,1,0,0,0,0,0,0,1,1,5156.3,0C,1,1,0,1,1,0,1,0,0,125.50,470.88,,,,,,,,,,,,,,,,,,,,,,,,,,,,,,,,,,,,,,,,,,,,,,,,,,,,,,,,,
2108,970,872,14.00,94.50,796,0.0,12.000,3.040,2.95,0.000,20.74,1.00,0.25,-0.76,0.44,1.018,1.02,-1.41,1.044,0.00,0.90,1.045,33.0,18.853,0.439,0.000,800,7.10,4.4,-0.23,0.00,27.8,1,1,0,1,1,1,0,0,0,0,1,0,0,0,0,0,0,0,1,0,1,1,1,1,1,1,0,0,0,0,0,0,1,1,5156.3,0C,1,1,0,1,1,0,1,0,0,123.13,468.06,,,,,,,,,,,,,,,,,,,,,,,,,,,,,,,,,,,,,,,,,,,,,,,,,,,,,,,,,
2109,971,265,14.00,94.50,803,0.0,5.250,2.931,2.95,0.000,20.53,1.00,0.81,-0.76,0.87,0.990,1.02,-1.41,1.046,0.00,0.90,1.045,33.0,19.196,0.439,0.000,800,7.10,4.4,-0.23,0.00,27.8,1,1,0,1,1,1,0,0,0,0,1,0,0,0,0,0,0,0,1,0,1,1,1,1,1,1,0,0,0,0,0,0,1,1,5156.3,0C,1,1,0,1,1,0,1,0,0,125.50,465.56,,,,,,,,,,,,,,,,,,,,,,,,,,,,,,,,,,,,,,,,,,,,,,,,,,,,,,,,,
2110,971,660,14.10,94.50,797,0.0,7.500,2.918,2.91,0.000,20.51,1.00,0.77,-0.76,0.87,0.977,1.02,-1.41,1.046,0.00,0.90,1.045,33.0,19.196,0.439,0.000,800,7.10,4.4,-0.23,0.00,27.8,1,1,0,1,1,1,0,0,0,0,1,0,0,0,0,0,0,0,1,0,1,1,1,1,1,1,0,0,0,0,0,0,1,1,5156.3,0C,1,1,0,1,1,0,1,0,0,125.44,467.56,,,,,,,,,,,,,,,,,,,,,,,,,,,,,,,,,,,,,,,,,,,,,,,,,,,,,,,,,
2111,972,42,14.00,94.50,793,0.0,6.000,2.931,2.95,0.000,20.37,1.00,0.72,-0.76,0.84,1.001,1.02,-1.41,1.047,0.00,0.90,0.950,33.0,18.509,0.439,0.000,800,7.10,4.4,-0.21,0.00,27.8,1,1,0,1,1,1,0,0,0,0,1,0,0,0,0,0,0,0,1,0,1,1,1,1,1,1,0,0,0,0,0,0,1,1,5156.3,0C,1,1,0,1,1,0,1,0,0,122.19,468.50,,,,,,,,,,,,,,,,,,,,,,,,,,,,,,,,,,,,,,,,,,,,,,,,,,,,,,,,,
2112,972,430,14.10,94.50,794,0.0,12.750,2.976,2.95,0.000,20.55,1.00,0.26,-0.76,0.83,1.011,1.02,-1.41,1.046,0.00,0.90,0.950,33.0,19.196,0.439,0.000,800,7.10,4.4,-0.20,0.00,27.8,1,1,0,1,1,1,0,0,0,0,1,0,0,0,0,0,0,0,1,0,1,1,1,1,1,1,0,0,0,0,0,0,1,1,5156.3,0C,1,1,0,1,1,0,1,0,0,125.81,467.56,,,,,,,,,,,,,,,,,,,,,,,,,,,,,,,,,,,,,,,,,,,,,,,,,,,,,,,,,
2113,972,822,14.10,94.50,800,0.0,8.250,2.861,2.91,0.000,20.30,1.00,0.77,-0.76,0.85,0.980,1.02,-1.41,1.047,0.00,0.90,1.045,33.0,18.853,0.439,0.000,800,7.10,4.4,-0.21,0.00,27.8,1,1,0,1,1,1,0,0,0,0,1,0,0,0,0,0,0,0,1,0,1,1,1,1,1,1,0,0,0,0,0,0,1,1,5156.3,0C,1,1,0,1,1,0,1,0,0,124.69,467.56,,,,,,,,,,,,,,,,,,,,,,,,,,,,,,,,,,,,,,,,,,,,,,,,,,,,,,,,,
2114,973,230,14.10,94.50,796,0.0,3.750,2.931,2.95,0.000,20.63,1.00,0.76,-0.76,0.86,0.968,1.02,-1.41,1.045,0.00,0.90,1.045,33.0,19.196,0.439,0.000,800,7.10,4.4,-0.20,0.00,27.8,1,1,0,1,1,1,0,0,0,0,1,0,0,0,0,0,0,0,1,0,1,1,1,1,1,1,0,0,0,0,0,0,1,1,5156.3,0C,1,1,0,1,1,0,1,0,0,123.19,469.81,,,,,,,,,,,,,,,,,,,,,,,,,,,,,,,,,,,,,,,,,,,,,,,,,,,,,,,,,
2115,973,613,14.00,94.50,792,0.0,11.250,2.938,2.91,0.000,20.55,1.00,0.21,-0.76,0.34,0.992,1.02,-1.41,1.045,0.00,0.90,1.045,33.0,19.196,0.439,0.000,800,7.10,4.4,-0.17,0.00,27.8,1,1,0,1,1,1,0,0,0,0,1,0,0,0,0,0,0,0,1,0,1,1,1,1,1,1,0,0,0,0,0,0,1,1,5156.3,0C,1,1,0,1,1,0,1,0,0,126.38,469.19,,,,,,,,,,,,,,,,,,,,,,,,,,,,,,,,,,,,,,,,,,,,,,,,,,,,,,,,,
2116,974,53,14.00,94.50,797,0.0,10.500,2.957,2.95,0.000,20.51,1.00,0.21,-0.76,0.24,1.004,1.02,-1.41,1.046,0.00,0.90,1.045,33.0,19.196,0.439,0.000,800,7.10,4.4,-0.17,0.00,27.8,1,1,0,1,1,1,0,0,0,0,1,0,0,0,0,0,0,0,1,0,1,1,1,1,1,1,0,0,0,0,0,0,1,1,5156.3,0C,1,1,0,1,1,0,1,0,0,125.44,467.56,,,,,,,,,,,,,,,,,,,,,,,,,,,,,,,,,,,,,,,,,,,,,,,,,,,,,,,,,
2117,974,442,14.00,94.50,798,0.0,9.750,2.842,3.03,0.000,20.11,1.00,0.75,-0.76,0.82,0.987,1.02,-1.41,1.047,0.00,0.90,1.045,33.0,18.853,0.425,0.000,800,7.10,4.4,-0.18,0.00,27.8,1,1,0,1,1,1,0,0,0,0,1,0,0,0,0,0,0,0,1,0,1,1,1,1,1,1,0,0,0,0,0,0,1,1,5156.3,0C,1,1,0,1,1,0,1,0,0,124.88,467.25,,,,,,,,,,,,,,,,,,,,,,,,,,,,,,,,,,,,,,,,,,,,,,,,,,,,,,,,,
2118,974,873,14.10,94.50,797,0.0,9.000,2.874,2.95,0.000,20.44,1.00,0.78,-0.76,0.84,0.975,1.02,-1.41,1.047,0.00,0.90,0.922,33.0,19.196,0.425,0.000,800,7.10,4.4,-0.17,0.00,27.8,1,1,0,1,1,1,0,0,0,0,1,0,0,0,0,0,0,0,1,0,1,1,1,1,1,1,0,0,0,0,0,0,1,1,5156.3,0C,1,1,0,1,1,0,1,0,0,126.75,466.25,,,,,,,,,,,,,,,,,,,,,,,,,,,,,,,,,,,,,,,,,,,,,,,,,,,,,,,,,
2119,975,260,14.10,94.50,798,0.0,6.000,2.912,2.95,0.000,20.27,1.00,0.21,-0.76,0.67,1.000,1.02,-1.41,1.047,0.00,0.90,0.922,33.0,19.196,0.425,0.000,800,7.11,4.4,-0.16,0.00,27.8,1,1,0,1,1,1,0,0,0,0,1,0,0,0,0,0,0,0,1,0,1,1,1,1,1,1,0,0,0,0,0,0,1,1,5156.3,0C,1,1,0,1,1,0,1,0,0,126.06,467.25,,,,,,,,,,,,,,,,,,,,,,,,,,,,,,,,,,,,,,,,,,,,,,,,,,,,,,,,,
2120,975,650,14.10,94.50,795,0.0,6.000,2.976,2.95,0.000,20.46,1.00,0.25,-0.76,0.24,1.012,1.02,-1.41,1.046,0.00,0.90,0.922,33.0,19.196,0.425,0.000,800,7.11,4.4,-0.14,0.00,27.8,1,1,0,1,1,1,0,0,0,0,1,0,0,0,0,0,0,0,1,0,1,1,1,1,1,1,0,0,0,0,0,0,1,1,5156.3,0C,1,1,0,1,1,0,1,0,0,126.13,469.19,,,,,,,,,,,,,,,,,,,,,,,,,,,,,,,,,,,,,,,,,,,,,,,,,,,,,,,,,
2121,976,43,14.10,94.50,797,0.0,7.500,2.938,2.95,0.000,20.63,1.00,0.67,-0.76,0.79,0.988,1.02,-1.41,1.045,0.00,0.90,1.045,33.0,19.196,0.425,0.000,800,7.11,4.4,-0.14,0.00,27.8,1,1,0,1,1,1,0,0,0,0,1,0,0,0,0,0,0,0,1,0,1,1,1,1,1,1,0,0,0,0,0,0,1,1,5156.3,0C,1,1,0,1,1,0,1,0,0,125.56,468.50,,,,,,,,,,,,,,,,,,,,,,,,,,,,,,,,,,,,,,,,,,,,,,,,,,,,,,,,,
2122,976,440,14.10,94.50,796,0.0,6.750,2.880,2.95,0.000,20.46,1.00,0.77,-0.76,0.86,0.975,1.02,-1.41,1.046,0.00,0.90,1.045,33.0,18.853,0.425,0.000,800,7.11,4.4,-0.14,0.00,27.8,1,1,0,1,1,1,0,0,0,0,1,0,0,0,0,0,0,0,1,0,1,1,1,1,1,1,0,0,0,0,0,0,1,1,5156.3,0C,1,1,0,1,1,0,1,0,0,125.88,469.56,,,,,,,,,,,,,,,,,,,,,,,,,,,,,,,,,,,,,,,,,,,,,,,,,,,,,,,,,
2123,976,822,14.10,94.50,791,0.0,10.500,2.893,2.95,0.000,20.60,1.00,0.22,-0.76,0.82,0.993,1.02,-1.41,1.045,0.00,0.90,0.950,33.8,18.853,0.425,0.000,800,7.11,4.4,-0.11,0.00,27.8,1,1,0,1,1,1,0,0,0,0,1,0,0,0,0,0,0,0,1,0,1,1,1,1,1,1,0,0,0,0,0,0,1,1,5156.3,0C,1,1,0,1,1,0,1,0,0,126.94,471.69,,,,,,,,,,,,,,,,,,,,,,,,,,,,,,,,,,,,,,,,,,,,,,,,,,,,,,,,,
2124,977,211,14.10,94.50,789,0.0,11.250,2.982,2.95,0.000,20.74,1.00,0.22,-0.76,0.26,1.005,1.02,-1.41,1.044,0.00,0.90,0.950,33.8,18.853,0.425,0.000,800,7.11,4.4,-0.08,0.00,27.8,1,1,0,1,1,1,0,0,0,0,1,0,0,0,0,0,0,0,1,0,1,1,1,1,1,1,0,0,0,0,0,0,1,1,5156.3,0C,1,1,0,1,1,0,1,0,0,124.38,473.75,,,,,,,,,,,,,,,,,,,,,,,,,,,,,,,,,,,,,,,,,,,,,,,,,,,,,,,,,
2125,977,607,14.10,94.50,798,0.0,3.000,3.021,2.95,0.000,20.67,1.00,0.33,-0.76,0.72,1.017,1.02,-1.41,1.045,0.00,0.90,0.950,33.8,19.196,0.425,0.000,800,7.11,4.4,-0.07,0.00,27.8,1,1,0,1,1,1,0,0,0,0,1,0,0,0,0,0,0,0,1,0,1,1,1,1,1,1,0,0,0,0,0,0,1,1,5156.3,0C,1,1,0,1,1,0,1,0,0,125.50,469.44,,,,,,,,,,,,,,,,,,,,,,,,,,,,,,,,,,,,,,,,,,,,,,,,,,,,,,,,,
2126,977,990,14.00,94.50,801,0.0,4.500,2.925,2.95,0.000,20.55,1.00,0.83,-0.76,0.87,0.982,1.02,-1.41,1.045,0.00,0.90,1.045,33.8,19.196,0.425,0.000,800,7.11,4.4,-0.08,0.00,27.8,1,1,0,1,1,1,0,0,0,0,1,0,0,0,0,0,0,0,1,0,1,1,1,1,1,1,0,0,0,0,0,0,1,1,5156.3,0C,1,1,0,1,1,0,1,0,0,124.25,468.69,,,,,,,,,,,,,,,,,,,,,,,,,,,,,,,,,,,,,,,,,,,,,,,,,,,,,,,,,
2127,978,370,14.00,95.25,798,0.0,15.000,2.848,2.95,0.000,20.53,1.00,0.77,-0.76,0.86,0.970,1.02,-1.41,1.046,0.00,0.90,1.045,33.8,19.196,0.425,0.000,800,7.11,4.4,-0.08,0.00,27.8,1,1,0,1,1,1,0,0,0,0,1,0,0,0,0,0,0,0,1,0,1,1,1,1,1,1,0,0,0,0,0,0,1,1,5156.3,0C,1,1,0,1,1,0,1,0,0,125.50,467.00,,,,,,,,,,,,,,,,,,,,,,,,,,,,,,,,,,,,,,,,,,,,,,,,,,,,,,,,,
2128,980,844,14.10,95.25,799,0.0,6.750,2.995,2.95,0.000,20.60,1.00,0.22,-0.76,0.40,1.018,1.02,-1.41,1.045,0.00,0.90,1.045,33.8,19.196,0.414,0.000,800,7.11,4.4,-0.10,0.00,27.8,1,1,0,1,1,1,0,0,0,0,1,0,0,0,0,0,0,0,1,0,1,1,1,1,1,1,0,0,0,0,0,0,1,1,5156.3,0C,1,1,0,1,1,0,1,0,0,126.13,469.56,,,,,,,,,,,,,,,,,,,,,,,,,,,,,,,,,,,,,,,,,,,,,,,,,,,,,,,,,
2129,981,232,14.00,95.25,802,0.0,1.500,2.963,2.95,0.000,20.60,1.00,0.77,-0.76,0.73,0.999,1.02,-1.41,1.045,0.00,0.90,1.045,33.8,19.196,0.414,0.000,800,7.11,4.4,-0.12,0.00,27.8,1,1,0,1,1,1,0,0,0,0,1,0,0,0,0,0,0,0,1,0,1,1,1,1,1,1,0,0,0,0,0,0,1,1,5156.3,0C,1,1,0,1,1,0,1,0,0,124.63,467.38,,,,,,,,,,,,,,,,,,,,,,,,,,,,,,,,,,,,,,,,,,,,,,,,,,,,,,,,,
2130,981,641,14.10,95.25,798,0.0,5.250,2.906,2.95,0.000,20.46,1.00,0.79,-0.76,0.86,0.986,1.02,-1.41,1.046,0.00,0.90,1.045,33.8,19.196,0.414,0.000,800,7.11,4.4,-0.11,0.00,27.8,1,1,0,1,1,1,0,0,0,0,1,0,0,0,0,0,0,0,1,0,1,1,1,1,1,1,0,0,0,0,0,0,1,1,5156.3,0C,1,1,0,1,1,0,1,0,0,125.00,470.06,,,,,,,,,,,,,,,,,,,,,,,,,,,,,,,,,,,,,,,,,,,,,,,,,,,,,,,,,
2131,982,38,14.00,95.25,794,0.0,12.000,2.918,2.95,0.000,20.84,1.00,0.49,-0.76,0.85,0.975,1.02,-1.41,1.043,0.00,0.90,0.922,33.8,19.196,0.414,-20.250,0,0.31,1766.7,1.55,-49.63,115.5,0,1,0,0,0,1,0,1,1,1,1,1,0,1,1,0,0,1,0,0,0,0,0,0,0,0,1,1,1,0,0,0,0,0,10244.8,5D,0,1,0,1,0,1,1,1,1,1,1,,,,,,,,,,,,,,,,,,,,,,,,,,,,,,,,,,,,,,,,,,,,,,,,,,,,,,,,,
2132,982,430,14.00,95.25,800,0.0,9.000,2.925,2.95,0.000,20.39,1.00,0.20,-0.76,0.22,1.010,1.02,-1.41,1.047,0.00,0.90,0.922,33.8,19.196,0.414,0.000,800,7.11,4.4,-0.09,0.00,27.8,1,1,0,1,1,1,0,0,0,0,1,0,0,0,0,0,0,0,1,0,1,1,1,1,1,1,0,0,0,0,0,0,1,1,5156.3,0C,1,1,0,1,1,0,1,0,0,126.00,468.25,,,,,,,,,,,,,,,,,,,,,,,,,,,,,,,,,,,,,,,,,,,,,,,,,,,,,,,,,
2133,982,830,14.00,95.25,800,0.0,8.250,2.995,2.95,0.000,20.46,1.00,0.23,-0.76,0.76,1.023,1.02,-1.41,1.046,0.00,0.90,1.045,33.8,18.853,0.414,0.000,800,7.11,4.4,-0.10,0.00,27.8,1,1,0,1,1,1,0,0,0,0,1,0,0,0,0,0,0,0,1,0,1,1,1,1,1,1,0,0,0,0,0,0,1,1,5156.3,0C,1,1,0,1,1,0,1,0,0,126.38,467.06,,,,,,,,,,,,,,,,,,,,,,,,,,,,,,,,,,,,,,,,,,,,,,,,,,,,,,,,,
2134,983,230,14.10,95.25,805,0.0,8.250,2.976,2.95,0.000,20.60,1.00,0.78,-0.76,0.83,1.001,1.02,-1.41,1.045,0.00,0.90,1.045,33.8,19.196,0.402,0.000,800,7.11,4.4,-0.13,0.00,27.8,1,1,0,1,1,1,0,0,0,0,1,0,0,0,0,0,0,0,1,0,1,1,1,1,1,1,0,0,0,0,0,0,1,1,5156.3,0C,1,1,0,1,1,0,1,0,0,123.50,466.00,,,,,,,,,,,,,,,,,,,,,,,,,,,,,,,,,,,,,,,,,,,,,,,,,,,,,,,,,
2135,983,698,14.00,95.25,801,0.0,6.000,2.861,2.95,0.000,20.11,1.00,0.79,-0.76,0.85,0.989,1.02,-1.41,1.047,0.00,0.90,1.045,33.8,18.853,0.402,0.000,800,7.11,4.4,-0.14,0.00,27.8,1,1,0,1,1,1,0,0,0,0,1,0,0,0,0,0,0,0,1,0,1,1,1,1,1,1,0,0,0,0,0,0,1,1,5156.3,0C,1,1,0,1,1,0,1,0,0,124.94,465.38,,,,,,,,,,,,,,,,,,,,,,,,,,,,,,,,,,,,,,,,,,,,,,,,,,,,,,,,,
2136,984,101,14.00,95.25,802,0.0,2.250,2.957,2.95,0.000,20.98,1.00,0.20,-0.76,0.38,0.977,1.02,-1.41,1.042,0.00,0.90,1.045,33.8,19.547,0.402,0.000,800,7.11,4.4,-0.12,0.00,27.8,1,1,0,1,1,1,0,0,0,0,1,0,0,0,0,0,0,0,1,0,1,1,1,1,1,1,0,0,0,0,0,0,1,1,5156.3,0C,1,1,0,1,1,0,1,0,0,125.06,469.19,,,,,,,,,,,,,,,,,,,,,,,,,,,,,,,,,,,,,,,,,,,,,,,,,,,,,,,,,
2137,984,512,14.10,95.25,803,0.0,3.750,2.982,2.95,0.000,20.53,1.00,0.23,-0.76,0.26,1.015,1.02,-1.41,1.046,0.00,0.90,1.045,33.8,18.853,0.402,0.000,800,7.11,4.4,-0.13,0.00,27.8,1,1,0,1,1,1,0,0,0,0,1,0,0,0,0,0,0,0,1,0,1,1,1,1,1,1,0,0,0,0,0,0,1,1,5156.3,0C,1,1,0,1,1,0,1,0,0,124.56,467.63,,,,,,,,,,,,,,,,,,,,,,,,,,,,,,,,,,,,,,,,,,,,,,,,,,,,,,,,,
2138,984,902,14.10,95.25,806,0.0,3.750,2.931,2.95,0.000,20.51,1.00,0.78,-0.76,0.80,0.999,1.02,-1.41,1.046,0.00,0.90,1.075,33.8,18.158,0.402,0.000,800,7.11,4.4,-0.15,0.00,27.8,1,1,0,1,1,1,0,0,0,0,1,0,0,0,0,0,0,0,1,0,1,1,1,1,1,1,0,0,0,0,0,0,1,1,5156.3,0C,1,1,0,1,1,0,1,0,0,124.69,466.00,,,,,,,,,,,,,,,,,,,,,,,,,,,,,,,,,,,,,,,,,,,,,,,,,,,,,,,,,
2139,985,300,14.00,95.25,798,0.0,1.500,2.867,2.95,0.000,20.11,1.00,0.85,-0.76,0.87,0.986,1.02,-1.41,1.047,0.00,0.90,1.075,33.8,17.815,0.402,0.000,800,7.11,4.4,-0.15,0.00,27.8,1,1,0,1,1,1,0,0,0,0,1,0,0,0,0,0,0,0,1,0,1,1,1,1,1,1,0,0,0,0,0,0,1,1,5156.3,0C,1,1,0,1,1,0,1,0,0,124.38,466.56,,,,,,,,,,,,,,,,,,,,,,,,,,,,,,,,,,,,,,,,,,,,,,,,,,,,,,,,,
2140,985,712,14.00,95.25,800,0.0,9.750,2.822,2.95,0.000,20.09,1.00,0.22,-0.76,0.83,0.975,1.02,-1.41,1.047,0.00,0.90,1.075,33.8,17.121,0.402,0.000,800,7.11,4.4,-0.16,0.00,27.8,1,1,0,1,1,1,0,0,0,0,1,0,0,0,0,0,0,0,1,0,1,1,1,1,1,0,0,0,0,0,0,0,1,1,5156.3,0C,1,1,0,1,1,0,1,0,0,124.81,465.94,,,,,,,,,,,,,,,,,,,,,,,,,,,,,,,,,,,,,,,,,,,,,,,,,,,,,,,,,
2141,986,109,14.10,95.25,801,0.0,6.750,2.963,2.95,0.000,20.32,1.00,0.21,-0.76,0.33,1.010,1.02,-1.41,1.047,0.00,0.90,0.950,33.8,16.777,0.402,0.000,800,7.11,4.4,-0.18,0.00,27.8,1,1,0,1,1,1,0,0,0,0,1,0,0,0,0,0,0,0,1,0,1,1,1,1,1,0,0,0,0,0,0,0,1,1,5156.3,0C,1,1,0,1,1,0,1,0,0,124.69,466.25,,,,,,,,,,,,,,,,,,,,,,,,,,,,,,,,,,,,,,,,,,,,,,,,,,,,,,,,,
2142,986,518,14.10,95.25,801,0.0,6.750,2.976,2.95,0.000,20.39,1.00,0.61,-0.76,0.72,1.022,1.02,-1.41,1.047,0.00,0.90,0.950,33.8,16.091,0.402,0.000,800,7.11,4.4,-0.19,0.00,27.8,1,1,0,1,1,1,0,0,0,0,1,0,0,0,0,0,0,0,1,0,1,1,1,1,1,0,0,0,0,0,0,0,1,1,5156.3,0C,1,1,0,1,1,0,1,0,0,123.50,465.25,,,,,,,,,,,,,,,,,,,,,,,,,,,,,,,,,,,,,,,,,,,,,,,,,,,,,,,,,
2143,986,903,14.10,95.25,801,0.0,7.500,2.893,2.95,0.000,20.23,1.00,0.74,-0.76,0.84,0.986,1.02,-1.41,1.047,0.00,0.90,1.045,33.8,15.396,0.402,0.000,800,7.11,4.4,-0.19,0.00,27.8,1,1,0,1,1,1,0,0,0,0,1,0,0,0,0,0,0,0,1,0,1,1,1,1,1,0,0,0,0,0,0,0,1,1,5156.3,0C,1,1,0,1,1,0,1,0,0,123.69,464.44,,,,,,,,,,,,,,,,,,,,,,,,,,,,,,,,,,,,,,,,,,,,,,,,,,,,,,,,,
2144,987,292,14.10,95.25,796,0.0,8.250,2.957,2.95,0.000,20.30,1.00,0.28,-0.76,0.81,1.012,1.02,-1.41,1.047,0.00,0.90,1.045,33.8,15.053,0.402,0.000,800,7.11,4.4,-0.19,0.00,27.8,1,1,0,1,1,1,0,0,0,0,1,0,0,0,0,0,0,0,1,0,1,1,1,1,1,0,0,0,0,0,0,0,1,1,5156.3,0C,1,1,0,1,1,0,1,0,0,125.94,467.19,,,,,,,,,,,,,,,,,,,,,,,,,,,,,,,,,,,,,,,,,,,,,,,,,,,,,,,,,
2145,987,672,14.10,95.25,803,0.0,7.500,2.995,2.95,0.000,20.34,1.00,0.23,-0.76,0.35,1.024,1.02,-1.41,1.047,0.00,0.90,1.045,33.8,14.359,0.402,0.000,800,7.11,4.4,-0.21,0.00,27.8,1,1,0,1,1,1,0,0,0,0,1,0,0,0,0,0,0,0,1,0,1,1,1,1,1,0,0,0,0,0,0,0,1,1,5156.3,0C,1,1,0,1,1,0,1,0,0,122.88,462.69,,,,,,,,,,,,,,,,,,,,,,,,,,,,,,,,,,,,,,,,,,,,,,,,,,,,,,,,,
2146,988,59,14.00,95.25,806,0.0,3.750,2.912,2.95,0.000,20.18,1.00,0.81,-0.76,0.83,0.998,1.02,-1.41,1.047,0.00,0.90,1.045,33.8,14.015,0.402,0.000,800,7.11,4.4,-0.24,0.00,27.8,1,1,0,1,1,1,0,0,0,0,1,0,0,0,0,0,0,0,1,0,1,1,1,1,1,0,0,0,0,0,0,0,1,1,5156.3,0C,1,1,0,1,1,0,1,0,0,122.81,461.88,,,,,,,,,,,,,,,,,,,,,,,,,,,,,,,,,,,,,,,,,,,,,,,,,,,,,,,,,
2147,988,452,14.00,95.25,798,0.0,9.750,2.835,2.95,0.000,19.88,1.00,0.68,-0.76,0.85,0.986,1.02,-1.41,1.047,0.00,0.90,1.045,33.8,13.321,0.402,0.000,800,7.11,4.4,-0.23,0.00,27.8,1,1,0,1,1,1,0,0,0,0,1,0,0,0,0,0,0,0,1,0,1,1,1,1,1,0,0,0,0,0,0,0,1,1,5156.3,0C,1,1,0,1,1,0,1,0,0,122.06,464.00,,,,,,,,,,,,,,,,,,,,,,,,,,,,,,,,,,,,,,,,,,,,,,,,,,,,,,,,,
2148,988,834,14.10,95.25,792,0.0,8.250,2.963,3.03,0.000,20.32,1.00,0.23,-0.76,0.83,1.015,1.02,-1.41,1.047,0.00,0.90,0.989,33.8,12.978,0.402,0.000,800,7.11,4.4,-0.20,0.00,27.8,1,1,0,1,1,1,0,0,0,0,1,0,0,0,0,0,0,0,1,0,1,1,1,1,1,0,0,0,0,0,0,0,1,1,5156.3,0C,1,1,0,1,1,0,1,0,0,123.94,465.75,,,,,,,,,,,,,,,,,,,,,,,,,,,,,,,,,,,,,,,,,,,,,,,,,,,,,,,,,
2149,989,255,14.10,95.25,795,0.0,12.000,2.970,3.03,0.000,20.11,1.00,0.24,-0.76,0.24,1.026,1.02,-1.41,1.047,0.00,0.90,0.989,33.8,12.284,0.402,0.000,800,7.11,4.4,-0.20,0.00,27.8,1,1,0,1,1,1,0,0,0,0,1,0,0,0,0,0,0,0,1,0,1,1,1,1,1,0,0,0,0,0,0,0,1,1,5156.3,0C,1,1,0,1,1,0,1,0,0,122.81,466.50,,,,,,,,,,,,,,,,,,,,,,,,,,,,,,,,,,,,,,,,,,,,,,,,,,,,,,,,,
2150,989,639,14.10,95.25,797,0.0,10.500,2.861,3.03,0.000,19.88,1.00,0.80,-0.76,0.84,0.999,1.02,-1.41,1.047,0.00,0.90,0.989,33.8,11.597,0.402,0.000,800,7.11,4.4,-0.19,0.00,27.8,1,1,0,1,1,1,0,0,0,0,1,0,0,0,0,0,0,0,1,0,1,1,1,1,1,0,0,0,0,0,0,0,1,1,5156.3,0C,1,1,0,1,1,0,1,0,0,121.69,465.13,,,,,,,,,,,,,,,,,,,,,,,,,,,,,,,,,,,,,,,,,,,,,,,,,,,,,,,,,
2151,990,31,14.10,96.00,804,0.0,5.250,2.906,3.03,0.000,20.30,1.00,0.77,-0.76,0.85,0.989,1.02,-1.41,1.047,0.00,0.90,1.045,33.8,11.246,0.402,0.000,800,7.11,4.4,-0.22,0.00,27.8,1,1,0,1,1,1,0,0,0,0,1,0,0,0,0,0,0,0,1,0,1,1,1,1,1,0,0,0,0,0,0,0,1,1,5156.3,0C,1,1,0,1,1,0,1,0,0,120.69,465.50,,,,,,,,,,,,,,,,,,,,,,,,,,,,,,,,,,,,,,,,,,,,,,,,,,,,,,,,,
2152,990,422,14.10,96.00,797,0.0,6.750,2.925,3.03,0.000,20.53,1.00,0.60,-0.76,0.84,0.980,1.02,-1.41,1.046,0.00,0.90,1.045,33.8,10.903,0.402,0.000,800,7.11,4.4,-0.19,0.00,27.8,1,1,0,1,1,1,0,0,0,0,1,0,0,0,0,0,0,0,1,0,1,1,1,1,1,0,0,0,0,0,0,0,1,1,5156.3,0C,1,1,0,1,1,0,1,0,0,124.81,465.56,,,,,,,,,,,,,,,,,,,,,,,,,,,,,,,,,,,,,,,,,,,,,,,,,,,,,,,,,
2153,990,822,14.10,96.00,799,0.0,7.500,2.976,3.08,0.000,20.23,1.00,0.21,-0.76,0.49,1.016,1.02,-1.41,1.047,0.00,0.90,1.045,33.8,10.208,0.402,0.000,800,7.12,4.4,-0.19,0.00,27.8,1,1,0,1,1,1,0,0,0,0,1,0,0,0,0,0,0,0,1,0,1,1,1,1,1,0,0,0,0,0,0,0,1,1,5156.3,0C,1,1,0,1,1,0,1,0,0,124.81,465.38,,,,,,,,,,,,,,,,,,,,,,,,,,,,,,,,,,,,,,,,,,,,,,,,,,,,,,,,,
2154,991,232,14.00,96.00,803,0.0,8.250,2.893,3.08,0.000,19.97,1.00,0.51,-0.76,0.75,1.001,1.02,-1.41,1.047,0.00,0.90,1.045,33.8,9.522,0.402,0.000,800,7.12,4.4,-0.23,0.00,27.8,1,1,0,1,1,1,0,0,0,0,1,0,0,0,0,0,0,0,1,0,1,1,1,1,1,0,0,0,0,0,0,0,1,1,5156.3,0C,1,1,0,1,1,0,1,0,0,123.56,463.81,,,,,,,,,,,,,,,,,,,,,,,,,,,,,,,,,,,,,,,,,,,,,,,,,,,,,,,,,
2155,991,656,14.10,96.00,797,0.0,8.250,2.899,3.08,0.000,20.16,1.00,0.81,-0.76,0.86,0.989,1.02,-1.41,1.047,0.00,0.90,1.045,33.8,9.178,0.402,0.000,800,7.12,4.4,-0.23,0.00,27.8,1,1,0,1,1,1,0,0,0,0,1,0,0,0,0,0,0,0,1,0,1,1,1,1,1,0,0,0,0,0,0,0,1,1,5156.3,0C,1,1,0,1,1,0,1,0,0,124.69,466.69,,,,,,,,,,,,,,,,,,,,,,,,,,,,,,,,,,,,,,,,,,,,,,,,,,,,,,,,,
2156,992,42,14.00,96.00,792,0.0,10.500,2.976,3.08,0.000,20.25,1.00,0.22,-0.76,0.74,1.013,1.02,-1.41,1.047,0.00,0.90,1.045,33.8,0.000,0.402,0.000,800,7.12,4.4,-0.19,0.00,27.8,1,1,0,1,1,1,0,0,0,0,1,0,0,0,0,0,0,0,1,0,0,1,1,1,1,1,0,0,0,0,0,0,1,1,5156.3,0C,1,1,0,1,1,0,1,0,0,125.88,470.81,,,,,,,,,,,,,,,,,,,,,,,,,,,,,,,,,,,,,,,,,,,,,,,,,,,,,,,,,
2157,992,421,14.10,96.00,804,0.0,2.250,3.053,3.15,0.000,20.70,1.00,0.22,-0.76,0.22,1.022,1.02,-1.41,1.044,0.00,0.90,1.045,33.8,0.000,0.402,0.000,800,7.11,4.4,-0.20,0.00,27.8,1,1,0,1,1,1,0,0,0,0,1,0,0,0,0,0,0,0,1,0,0,1,1,1,1,1,0,0,0,0,0,0,1,1,5156.3,0C,1,1,0,1,1,0,1,0,0,124.06,466.94,,,,,,,,,,,,,,,,,,,,,,,,,,,,,,,,,,,,,,,,,,,,,,,,,,,,,,,,,
2158,992,812,14.10,96.00,802,0.0,0.000,2.970,3.15,0.000,20.51,1.00,0.83,-0.76,0.82,0.998,1.02,-1.41,1.046,0.00,0.90,1.045,33.8,0.000,0.402,0.000,800,7.11,4.4,-0.20,0.00,27.8,1,1,0,1,1,1,0,0,0,0,1,0,0,0,0,0,0,0,1,0,0,1,1,1,1,1,0,0,0,0,0,0,1,1,5156.3,0C,1,1,0,1,1,0,1,0,0,126.75,467.00,,,,,,,,,,,,,,,,,,,,,,,,,,,,,,,,,,,,,,,,,,,,,,,,,,,,,,,,,
2159,993,209,14.00,96.00,801,0.0,2.250,2.995,3.08,0.000,20.67,1.00,0.77,-0.76,0.84,1.016,1.02,-1.41,1.045,0.00,0.90,1.045,33.8,0.000,0.402,0.000,800,7.10,4.4,-0.21,0.00,27.8,1,1,0,1,1,1,0,0,0,0,1,0,0,0,0,0,0,0,1,0,0,1,1,1,1,1,0,0,0,0,0,0,1,1,5156.3,0C,1,1,0,1,1,0,1,0,0,125.81,467.25,,,,,,,,,,,,,,,,,,,,,,,,,,,,,,,,,,,,,,,,,,,,,,,,,,,,,,,,,
2160,993,602,14.10,96.00,802,0.0,3.000,3.066,3.15,0.000,20.63,1.00,0.29,-0.76,0.74,1.028,1.02,-1.41,1.045,0.00,0.90,1.045,33.8,0.000,0.402,0.000,800,7.10,4.4,-0.22,0.00,27.8,1,1,0,1,1,1,0,0,0,0,1,0,0,0,0,0,0,0,1,0,0,1,1,1,1,1,0,0,0,0,0,0,1,1,5156.3,0C,1,1,0,1,1,0,1,0,0,124.00,469.38,,,,,,,,,,,,,,,,,,,,,,,,,,,,,,,,,,,,,,,,,,,,,,,,,,,,,,,,,
2161,994,10,14.00,96.00,794,0.0,6.750,2.976,3.15,0.000,20.53,1.00,0.80,-0.76,0.84,0.994,1.02,-1.41,1.046,0.00,0.90,1.075,33.8,0.000,0.402,0.000,800,7.09,4.4,-0.20,0.00,27.8,1,1,0,1,1,1,0,0,0,0,1,0,0,0,0,0,0,0,1,0,0,1,1,1,1,1,0,0,0,0,0,0,1,1,5156.3,0C,1,1,0,1,1,0,1,0,0,126.31,472.69,,,,,,,,,,,,,,,,,,,,,,,,,,,,,,,,,,,,,,,,,,,,,,,,,,,,,,,,,
2162,996,435,14.10,96.00,788,0.0,11.250,3.123,3.20,0.000,21.40,1.00,0.21,-0.76,0.22,1.002,1.02,-1.41,1.039,0.00,0.90,1.045,33.8,0.000,0.402,0.000,800,7.07,4.4,-0.04,0.00,27.8,1,1,0,1,1,1,0,0,0,0,1,0,0,0,0,0,0,0,1,0,0,1,1,1,1,1,0,0,0,0,0,0,1,1,5156.3,0C,1,1,0,1,1,0,1,0,0,130.44,478.31,,,,,,,,,,,,,,,,,,,,,,,,,,,,,,,,,,,,,,,,,,,,,,,,,,,,,,,,,
2163,996,814,14.10,96.00,804,0.0,4.500,3.104,3.20,0.000,21.21,1.00,0.22,-0.76,0.25,1.016,1.02,-1.41,1.040,0.00,0.90,1.137,33.8,0.000,0.402,0.000,800,7.07,4.4,-0.07,0.00,27.8,1,1,0,1,1,1,0,0,0,0,1,0,0,0,0,0,0,0,1,0,0,1,1,1,1,1,0,0,0,0,0,0,1,1,5156.3,0C,1,1,0,1,1,0,1,0,0,126.31,474.00,,,,,,,,,,,,,,,,,,,,,,,,,,,,,,,,,,,,,,,,,,,,,,,,,,,,,,,,,
2164,997,230,14.00,96.00,798,0.0,6.000,3.027,3.20,0.000,20.95,1.00,0.82,-0.76,0.85,0.990,1.02,-1.41,1.042,0.00,0.90,1.137,33.8,0.000,0.402,0.000,800,7.07,4.4,-0.07,0.00,27.8,1,1,0,1,1,1,0,0,0,0,1,0,0,0,0,0,0,0,1,0,0,1,1,1,1,1,0,0,0,0,0,0,1,1,5156.3,0C,1,1,0,1,1,0,1,0,0,128.00,475.25,,,,,,,,,,,,,,,,,,,,,,,,,,,,,,,,,,,,,,,,,,,,,,,,,,,,,,,,,
2165,997,613,14.10,96.00,795,0.0,10.500,3.021,3.20,0.000,21.21,1.00,0.38,-0.76,0.84,0.980,1.02,-1.41,1.040,0.00,0.90,1.137,33.8,0.000,0.402,0.000,800,7.07,4.4,-0.05,0.00,27.8,1,1,0,1,1,1,0,0,0,0,1,0,0,0,0,0,0,0,1,0,0,1,1,1,1,1,0,0,0,0,0,0,1,1,5156.3,0C,1,1,0,1,1,0,1,0,0,128.31,477.31,,,,,,,,,,,,,,,,,,,,,,,,,,,,,,,,,,,,,,,,,,,,,,,,,,,,,,,,,
2166,997,993,14.10,96.00,803,0.0,1.500,3.072,3.20,0.000,20.98,1.00,0.22,-0.76,0.78,1.016,1.02,-1.41,1.042,0.00,0.90,1.137,33.8,0.000,0.402,0.000,800,7.07,4.4,-0.06,0.00,27.8,1,1,0,1,1,1,0,0,0,0,1,0,0,0,0,0,0,0,1,0,0,1,1,1,1,1,0,0,0,0,0,0,1,1,5156.3,0C,1,1,0,1,1,0,1,0,0,128.63,472.44,,,,,,,,,,,,,,,,,,,,,,,,,,,,,,,,,,,,,,,,,,,,,,,,,,,,,,,,,
2167,998,412,14.10,96.00,800,0.0,6.750,3.008,3.27,0.000,20.74,1.00,0.78,-0.76,0.80,0.999,1.02,-1.41,1.044,0.00,0.90,1.137,33.8,0.000,0.402,0.000,800,7.07,4.4,-0.07,0.00,27.8,1,1,0,1,1,1,0,0,0,0,1,0,0,0,0,0,0,0,1,0,0,1,1,1,1,1,0,0,0,0,0,0,1,1,5156.3,0C,1,1,0,1,1,0,1,0,0,128.69,474.44,,,,,,,,,,,,,,,,,,,,,,,,,,,,,,,,,,,,,,,,,,,,,,,,,,,,,,,,,
2168,998,830,14.00,96.00,795,0.0,0.750,3.040,3.20,0.000,21.05,1.00,0.82,-0.76,0.86,0.986,1.02,-1.41,1.042,0.00,0.90,1.174,33.8,0.000,0.402,0.000,800,7.07,4.3,-0.05,0.00,27.8,1,1,0,1,1,1,0,0,0,0,1,0,0,0,0,0,0,0,1,0,0,1,1,1,1,1,0,0,0,0,0,0,1,1,5156.3,0C,1,1,0,1,1,0,1,0,0,127.25,478.00,,,,,,,,,,,,,,,,,,,,,,,,,,,,,,,,,,,,,,,,,,,,,,,,,,,,,,,,,
2169,999,233,14.00,96.00,793,0.0,3.000,3.117,3.20,0.000,21.28,1.00,0.22,-0.76,0.71,1.006,1.02,-1.41,1.040,0.00,0.90,1.174,33.8,0.000,0.402,0.000,800,7.06,4.3,-0.02,0.00,27.8,1,1,0,1,1,1,0,0,0,0,1,0,0,0,0,0,0,0,1,0,0,1,1,1,1,1,0,0,0,0,0,0,1,1,5156.3,0C,1,1,0,1,1,0,1,0,0,129.69,478.56,,,,,,,,,,,,,,,,,,,,,,,,,,,,,,,,,,,,,,,,,,,,,,,,,,,,,,,,,
2170,999,640,14.10,96.00,796,0.0,1.500,3.168,3.20,0.000,21.38,1.00,0.25,-0.76,0.37,1.018,1.02,-1.41,1.039,0.00,0.90,1.174,33.8,0.000,0.402,0.000,800,7.06,4.3,0.00,0.00,27.8,1,1,0,1,1,1,0,0,0,0,1,0,0,0,0,0,0,0,1,0,0,1,1,1,1,1,0,0,0,0,0,0,1,1,5156.3,0C,1,1,0,1,1,0,1,0,0,129.75,478.00,,,,,,,,,,,,,,,,,,,,,,,,,,,,,,,,,,,,,,,,,,,,,,,,,,,,,,,,,
2171,1000,61,14.10,96.00,799,0.0,6.000,3.008,3.20,0.000,21.02,1.00,0.81,-0.76,0.83,0.987,1.02,-1.41,1.042,0.00,0.90,1.137,33.8,0.000,0.402,0.000,800,7.06,4.3,-0.01,0.00,27.8,1,1,0,1,1,1,0,0,0,0,1,0,0,0,0,0,0,0,1,0,0,1,1,1,1,1,0,0,0,0,0,0,1,1,5156.3,0C,1,1,0,1,1,0,1,0,0,129.31,475.00,,,,,,,,,,,,,,,,,,,,,,,,,,,,,,,,,,,,,,,,,,,,,,,,,,,,,,,,,
2172,1000,460,14.10,96.00,796,0.0,7.500,2.931,3.20,0.000,20.74,1.00,0.73,-0.76,0.85,0.971,1.02,-1.41,1.044,0.00,0.90,1.137,33.8,0.000,0.402,0.000,800,7.06,4.3,-0.01,0.00,27.8,1,1,0,1,1,1,0,0,0,0,1,0,0,0,0,0,0,0,1,0,0,1,1,1,1,1,0,0,0,0,0,0,1,1,5156.3,0C,1,1,0,1,1,0,1,0,0,127.13,475.13,,,,,,,,,,,,,,,,,,,,,,,,,,,,,,,,,,,,,,,,,,,,,,,,,,,,,,,,,
2173,1000,881,14.10,96.00,792,0.0,7.500,3.066,3.20,0.000,21.09,1.00,0.22,-0.76,0.22,1.003,1.02,-1.41,1.041,0.00,0.90,1.045,33.8,0.000,0.402,0.000,800,7.06,4.3,0.02,0.00,27.8,1,1,0,1,1,1,0,0,0,0,1,0,0,0,0,0,0,0,1,0,0,1,1,1,1,1,0,0,0,0,0,0,1,1,5156.3,0C,1,1,0,1,1,0,1,0,0,129.88,477.63,,,,,,,,,,,,,,,,,,,,,,,,,,,,,,,,,,,,,,,,,,,,,,,,,,,,,,,,,
2174,1001,290,14.10,96.00,795,0.0,6.000,3.130,3.15,0.000,21.28,1.00,0.22,-0.76,0.23,1.017,1.02,-1.41,1.040,0.00,0.90,1.045,33.8,0.000,0.402,0.000,800,7.07,4.3,0.03,0.00,27.8,1,1,0,1,1,1,0,0,0,0,1,0,0,0,0,0,0,0,1,0,0,1,1,1,1,1,0,0,0,0,0,0,1,1,5156.3,0C,1,1,0,1,1,0,1,0,0,131.06,478.44,,,,,,,,,,,,,,,,,,,,,,,,,,,,,,,,,,,,,,,,,,,,,,,,,,,,,,,,,
2175,1001,693,14.10,96.00,803,0.0,4.500,3.066,3.20,0.000,21.19,1.00,0.79,-0.76,0.82,0.995,1.02,-1.41,1.040,0.00,0.90,1.045,33.8,0.000,0.402,0.000,800,7.07,4.3,0.01,0.00,27.8,1,1,0,1,1,1,0,0,0,0,1,0,0,0,0,0,0,0,1,0,0,1,1,1,1,1,0,0,0,0,0,0,1,1,5156.3,0C,1,1,0,1,1,0,1,0,0,128.06,474.81,,,,,,,,,,,,,,,,,,,,,,,,,,,,,,,,,,,,,,,,,,,,,,,,,,,,,,,,,
2176,1002,90,14.10,96.75,795,0.0,8.250,3.014,3.20,0.000,21.00,1.00,0.82,-0.76,0.87,0.982,1.02,-1.41,1.042,0.00,0.90,1.137,34.5,0.000,0.402,0.000,800,7.07,4.3,0.02,0.00,27.8,1,1,0,1,1,1,0,0,0,0,1,0,0,0,0,0,0,0,1,0,0,1,1,1,1,1,0,0,0,0,0,0,1,1,5156.3,0C,1,1,0,1,1,0,1,0,0,126.31,476.25,,,,,,,,,,,,,,,,,,,,,,,,,,,,,,,,,,,,,,,,,,,,,,,,,,,,,,,,,
2177,1002,503,14.10,96.75,800,0.0,3.000,3.066,3.20,0.000,21.07,1.00,0.22,-0.76,0.37,1.002,1.02,-1.41,1.041,0.00,0.90,1.137,34.5,0.000,0.402,0.000,800,7.07,4.3,0.02,0.00,27.8,1,1,0,1,1,1,0,0,0,0,1,0,0,0,0,0,0,0,1,0,0,1,1,1,1,1,0,0,0,0,0,0,1,1,5156.3,0C,1,1,0,1,1,0,1,0,0,127.50,474.25,,,,,,,,,,,,,,,,,,,,,,,,,,,,,,,,,,,,,,,,,,,,,,,,,,,,,,,,,
2178,1002,913,14.00,96.75,795,0.0,4.500,3.162,3.20,0.000,21.28,1.00,0.22,-0.76,0.23,1.015,1.02,-1.41,1.040,0.00,0.90,1.112,34.5,0.000,0.402,0.000,800,7.07,4.3,0.04,0.00,27.8,1,1,0,1,1,1,0,0,0,0,1,0,0,0,0,0,0,0,1,0,0,1,1,1,1,1,0,0,0,0,0,0,1,1,5156.3,0C,1,1,0,1,1,0,1,0,0,127.81,477.69,,,,,,,,,,,,,,,,,,,,,,,,,,,,,,,,,,,,,,,,,,,,,,,,,,,,,,,,,
2179,1003,330,14.10,96.75,795,0.0,11.250,3.200,3.20,0.000,21.40,1.00,0.28,-0.76,0.41,1.028,1.02,-1.41,1.039,0.00,0.90,1.112,34.5,0.000,0.402,0.000,800,7.07,4.3,0.07,0.00,27.8,1,1,0,1,1,1,0,0,0,0,1,0,0,0,0,0,0,0,1,0,0,1,1,1,1,1,0,0,0,0,0,0,1,1,5156.3,0C,1,1,0,1,1,0,1,0,0,130.50,477.50,,,,,,,,,,,,,,,,,,,,,,,,,,,,,,,,,,,,,,,,,,,,,,,,,,,,,,,,,
2180,1003,720,14.00,96.75,798,0.0,10.500,2.950,3.20,0.000,20.55,1.00,0.83,-0.76,0.86,0.995,1.02,-1.41,1.046,0.00,0.90,1.112,34.5,0.000,0.402,0.000,800,7.07,4.3,0.05,0.00,27.8,1,1,0,1,1,1,0,0,0,0,1,0,0,0,0,0,0,0,1,0,0,1,1,1,1,1,0,0,0,0,0,0,1,1,5156.3,0C,1,1,0,1,1,0,1,0,0,128.75,475.25,,,,,,,,,,,,,,,,,,,,,,,,,,,,,,,,,,,,,,,,,,,,,,,,,,,,,,,,,
2181,1004,101,14.10,96.75,790,0.0,9.750,3.014,3.15,0.000,21.02,1.00,0.82,-0.76,0.87,0.981,0.02,-3.95,0.000,0.01,0.71,0.172,-41.3,4.688,0.672,20.250,0,0.31,1766.7,1.54,-49.63,115.5,0,1,0,0,0,1,0,1,1,1,1,1,0,1,1,0,0,1,0,0,0,0,0,0,0,0,0,0,0,1,0,0,0,0,47.5,EE,0,1,0,1,0,1,1,1,1,1,1,,,,,,,,,,,,,,,,,,,,,,,,,,,,,,,,,,,,,,,,,,,,,,,,,,,,,,,,,
2182,1004,491,14.10,96.75,794,0.0,4.500,3.085,3.15,0.000,21.21,1.00,0.23,-0.76,0.70,1.003,1.02,-1.41,1.040,0.00,0.90,1.017,34.5,0.000,0.402,0.000,800,7.07,4.3,0.10,0.00,27.8,1,1,0,1,1,1,0,0,0,0,1,0,0,0,0,0,0,0,1,0,0,1,1,1,1,1,0,0,0,0,0,0,1,1,5156.3,0C,1,1,0,1,1,0,1,0,0,128.56,476.94,,,,,,,,,,,,,,,,,,,,,,,,,,,,,,,,,,,,,,,,,,,,,,,,,,,,,,,,,
2183,1004,897,14.10,96.75,800,0.0,6.000,3.059,3.20,0.000,20.88,1.00,0.22,-0.76,0.25,1.017,1.02,-1.41,1.043,0.00,0.90,1.137,34.5,0.000,0.402,0.000,800,7.07,4.3,0.09,0.00,27.8,1,1,0,1,1,1,0,0,0,0,1,0,0,0,0,0,0,0,1,0,0,1,1,1,1,1,0,0,0,0,0,0,1,1,5156.3,0C,1,1,0,1,1,0,1,0,0,128.50,474.38,,,,,,,,,,,,,,,,,,,,,,,,,,,,,,,,,,,,,,,,,,,,,,,,,,,,,,,,,
2184,1005,283,14.00,96.75,799,0.0,6.750,3.002,3.20,0.000,20.77,1.00,0.83,-0.76,0.83,0.993,1.02,-1.41,1.044,0.00,0.90,1.137,34.5,0.000,0.402,0.000,800,7.07,4.3,0.08,0.00,27.8,1,1,0,1,1,1,0,0,0,0,1,0,0,0,0,0,0,0,1,0,0,1,1,1,1,1,0,0,0,0,0,0,1,1,5156.3,0C,1,1,0,1,1,0,1,0,0,127.69,474.63,,,,,,,,,,,,,,,,,,,,,,,,,,,,,,,,,,,,,,,,,,,,,,,,,,,,,,,,,
2185,1005,691,14.10,96.75,800,0.0,5.250,2.970,3.20,0.000,20.79,1.00,0.80,-0.76,0.85,0.979,1.02,-1.41,1.044,0.00,0.90,1.137,34.5,0.000,0.402,0.000,800,7.07,4.3,0.07,0.00,27.8,1,1,0,1,1,1,0,0,0,0,1,0,0,0,0,0,0,0,1,0,0,1,1,1,1,1,0,0,0,0,0,0,1,1,5156.3,0C,1,1,0,1,1,0,1,0,0,127.69,473.44,,,,,,,,,,,,,,,,,,,,,,,,,,,,,,,,,,,,,,,,,,,,,,,,,,,,,,,,,
2186,1006,150,14.10,96.75,798,0.0,7.500,3.014,3.15,0.000,20.77,1.00,0.22,-0.76,0.71,0.999,1.02,-1.41,1.044,0.00,0.90,1.045,34.5,0.000,0.402,0.000,800,7.08,4.3,0.07,0.00,27.8,1,1,0,1,1,1,0,0,0,0,1,0,0,0,0,0,0,0,1,0,0,1,1,1,1,1,0,0,0,0,0,0,1,1,5156.3,0C,1,1,0,1,1,0,1,0,0,129.25,475.25,,,,,,,,,,,,,,,,,,,,,,,,,,,,,,,,,,,,,,,,,,,,,,,,,,,,,,,,,
2187,1006,563,14.10,96.75,797,0.0,6.750,3.110,3.20,0.000,21.21,1.00,0.22,-0.76,0.22,1.015,1.02,-1.41,1.040,0.00,0.90,1.045,34.5,0.000,0.402,0.000,800,7.08,4.3,0.08,0.00,27.8,1,1,0,1,1,1,0,0,0,0,1,0,0,0,0,0,0,0,1,0,0,1,1,1,1,1,0,0,0,0,0,0,1,1,5156.3,0C,1,1,0,1,1,0,1,0,0,128.44,474.75,,,,,,,,,,,,,,,,,,,,,,,,,,,,,,,,,,,,,,,,,,,,,,,,,,,,,,,,,
2188,1006,962,14.10,96.75,799,0.0,5.250,3.027,765.63,57.148,938.98,1.45,0.31,-1.33,0.66,0.007,0.03,1.78,0.000,0.01,0.71,0.172,-41.3,5.859,0.672,20.250,0,0.31,1766.7,1.54,-49.63,115.5,0,1,0,0,0,1,0,1,1,1,1,1,0,1,1,0,0,1,0,0,0,0,0,0,0,0,0,0,0,1,0,0,0,0,90.2,AC,0,1,0,1,0,1,1,1,1,1,1,,,,,,,,,,,,,,,,,,,,,,,,,,,,,,,,,,,,,,,,,,,,,,,,,,,,,,,,,
2189,1007,340,14.10,96.75,796,0.0,6.000,2.963,3.15,0.000,20.60,1.00,0.83,-0.76,0.87,0.984,1.02,-1.41,1.045,0.00,0.90,1.137,34.5,0.000,0.402,0.000,800,7.09,4.3,0.08,0.00,27.8,1,1,0,1,1,1,0,0,0,0,1,0,0,0,0,0,0,0,1,0,0,1,1,1,1,1,0,0,0,0,0,0,1,1,5156.3,0C,1,1,0,1,1,0,1,0,0,127.50,475.19,,,,,,,,,,,,,,,,,,,,,,,,,,,,,,,,,,,,,,,,,,,,,,,,,,,,,,,,,
2190,1007,736,14.10,96.75,794,0.0,4.500,3.008,3.20,0.000,21.14,1.00,0.69,-0.76,0.85,0.975,1.02,-1.41,1.041,0.00,0.90,1.137,34.5,0.000,0.402,0.000,800,7.09,4.3,0.11,0.00,27.8,1,1,0,1,1,1,0,0,0,0,1,0,0,0,0,0,0,0,1,0,0,1,1,1,1,1,0,0,0,0,0,0,1,1,5156.3,0C,1,1,0,1,1,0,1,0,0,128.25,477.25,,,,,,,,,,,,,,,,,,,,,,,,,,,,,,,,,,,,,,,,,,,,,,,,,,,,,,,,,
2191,1008,131,14.10,96.75,803,0.0,2.250,3.098,3.15,0.000,21.21,1.00,0.23,-0.76,0.57,1.006,1.02,-1.41,1.040,0.00,0.90,1.045,34.5,0.000,0.402,0.000,800,7.09,4.3,0.09,0.00,27.8,1,1,0,1,1,1,0,0,0,0,1,0,0,0,0,0,0,0,1,0,0,1,1,1,1,1,0,0,0,0,0,0,1,1,5156.3,0C,1,1,0,1,1,0,1,0,0,127.88,473.06,,,,,,,,,,,,,,,,,,,,,,,,,,,,,,,,,,,,,,,,,,,,,,,,,,,,,,,,,
2192,1008,572,14.00,96.75,802,0.0,8.250,2.957,3.20,0.000,20.51,1.00,0.34,-0.76,0.69,0.992,1.02,-1.41,1.046,0.00,0.90,1.045,34.5,0.000,0.402,0.000,800,7.09,4.3,0.08,0.00,27.8,1,1,0,1,1,1,0,0,0,0,1,0,0,0,0,0,0,0,1,0,0,1,1,1,1,1,0,0,0,0,0,0,1,1,5156.3,0C,1,1,0,1,1,0,1,0,0,128.13,471.69,,,,,,,,,,,,,,,,,,,,,,,,,,,,,,,,,,,,,,,,,,,,,,,,,,,,,,,,,
2193,1008,972,14.00,96.75,795,0.0,6.750,2.976,3.15,0.000,20.93,1.00,0.75,-0.76,0.84,0.975,1.02,-1.41,1.043,0.00,0.90,1.045,34.5,0.000,0.402,0.000,800,7.09,4.3,0.08,0.00,27.8,1,1,0,1,1,1,0,0,0,0,1,0,0,0,0,0,0,0,1,0,0,1,1,1,1,1,0,0,0,0,0,0,1,1,5156.3,0C,1,1,0,1,1,0,1,0,0,126.81,474.56,,,,,,,,,,,,,,,,,,,,,,,,,,,,,,,,,,,,,,,,,,,,,,,,,,,,,,,,,
2194,1009,364,14.10,96.75,795,0.0,6.000,3.034,3.20,0.000,20.81,1.00,0.22,-0.76,0.75,1.005,1.02,-1.41,1.043,0.00,0.90,1.045,34.5,0.000,0.402,0.000,800,7.10,4.3,0.08,0.00,27.8,1,1,0,1,1,1,0,0,0,0,1,0,0,0,0,0,0,0,1,0,0,1,1,1,1,1,0,0,0,0,0,0,1,1,5156.3,0C,1,1,0,1,1,0,1,0,0,128.06,475.19,,,,,,,,,,,,,,,,,,,,,,,,,,,,,,,,,,,,,,,,,,,,,,,,,,,,,,,,,
2195,1009,843,14.00,96.75,795,0.0,6.000,3.008,3.20,0.000,20.44,1.00,0.23,-0.76,0.27,1.017,1.02,-1.41,1.047,0.00,0.90,1.174,34.5,0.000,0.402,0.000,800,7.10,4.3,0.09,0.00,27.8,1,1,0,1,1,1,0,0,0,0,1,0,0,0,0,0,0,0,1,0,0,1,1,1,1,1,0,0,0,0,0,0,1,1,5156.3,0C,1,1,0,1,1,0,1,0,0,127.25,474.56,,,,,,,,,,,,,,,,,,,,,,,,,,,,,,,,,,,,,,,,,,,,,,,,,,,,,,,,,
2196,1010,246,14.10,96.75,804,0.0,7.500,3.040,3.15,0.000,21.12,1.45,0.31,-1.33,0.33,0.007,0.03,3.53,0.000,0.01,0.71,0.172,-41.3,8.203,0.672,16.500,0,0.31,1766.7,1.54,-49.63,115.5,0,1,0,0,0,1,0,1,1,1,1,1,0,1,1,0,0,1,0,0,0,0,0,0,0,0,1,1,1,0,0,0,0,0,10074.2,8C,0,1,0,1,0,1,1,1,1,1,1,,,,,,,,,,,,,,,,,,,,,,,,,,,,,,,,,,,,,,,,,,,,,,,,,,,,,,,,,
2197,1010,620,14.00,96.75,796,0.0,9.750,2.938,3.20,0.000,20.51,1.00,0.80,-0.76,0.87,0.984,1.02,-1.37,1.046,0.00,0.90,1.174,34.5,0.000,0.402,0.000,800,7.10,4.3,0.07,0.00,27.8,1,1,0,1,1,1,0,0,0,0,1,0,0,0,0,0,0,0,1,0,0,1,1,1,1,1,0,0,0,0,0,0,1,1,5156.3,0C,1,1,0,1,1,0,1,0,0,127.06,474.81,,,,,,,,,,,,,,,,,,,,,,,,,,,,,,,,,,,,,,,,,,,,,,,,,,,,,,,,,
2198,1011,4,14.10,96.75,798,0.0,4.500,3.059,3.20,0.000,20.93,1.00,0.24,-0.76,0.84,1.008,0.02,-3.95,0.000,0.01,0.71,0.172,-41.3,8.203,0.672,18.750,0,0.31,1766.7,1.54,-49.63,115.5,0,1,0,0,0,1,0,1,1,1,1,1,0,1,1,0,0,1,0,0,0,0,0,0,0,0,0,0,0,1,0,0,0,0,559.5,A1,0,1,0,1,0,1,1,1,1,1,1,,,,,,,,,,,,,,,,,,,,,,,,,,,,,,,,,,,,,,,,,,,,,,,,,,,,,,,,,
2199,1011,395,14.00,96.75,801,0.0,6.750,3.053,3.20,0.000,20.70,1.00,0.25,-0.76,0.25,1.021,1.02,-1.37,1.044,0.00,0.90,1.017,34.5,0.000,0.402,0.000,800,7.10,4.3,0.05,0.00,27.8,1,1,0,1,1,1,0,0,0,0,1,0,0,0,0,0,0,0,1,0,0,1,1,1,1,1,0,0,0,0,0,0,1,1,5156.3,0C,1,1,0,1,1,0,1,0,0,126.56,473.44,,,,,,,,,,,,,,,,,,,,,,,,,,,,,,,,,,,,,,,,,,,,,,,,,,,,,,,,,
2200,1011,773,14.10,96.75,799,0.0,6.000,3.021,3.15,0.000,20.88,1.00,0.79,-0.76,0.82,0.994,1.02,-1.37,1.043,0.00,0.90,1.174,34.5,0.000,0.402,0.000,800,7.10,4.3,0.05,0.00,27.8,1,1,0,1,1,1,0,0,0,0,1,0,0,0,0,0,0,0,1,0,0,1,1,1,1,1,0,0,0,0,0,0,1,1,5156.3,0C,1,1,0,1,1,0,1,0,0,127.25,474.19,,,,,,,,,,,,,,,,,,,,,,,,,,,,,,,,,,,,,,,,,,,,,,,,,,,,,,,,,
2201,1012,169,14.10,96.75,799,0.0,2.250,3.008,3.15,0.000,21.07,1.00,0.80,-0.76,0.85,0.981,1.02,-1.37,1.041,0.00,0.90,1.174,34.5,0.000,0.402,0.000,800,7.10,4.3,0.05,0.00,27.8,1,1,0,1,1,1,0,0,0,0,1,0,0,0,0,0,0,0,1,0,0,1,1,1,1,1,0,0,0,0,0,0,1,1,5156.3,0C,1,1,0,1,1,0,1,0,0,129.19,474.19,,,,,,,,,,,,,,,,,,,,,,,,,,,,,,,,,,,,,,,,,,,,,,,,,,,,,,,,,
2202,1012,581,14.10,96.75,795,0.0,9.750,2.989,3.15,0.000,21.21,1.00,0.26,-0.76,0.82,0.971,1.02,-1.37,1.040,0.00,0.90,1.174,34.5,0.000,0.402,0.000,800,7.10,4.3,0.08,0.00,27.8,1,1,0,1,1,1,0,0,0,0,1,0,0,0,0,0,0,0,1,0,0,1,1,1,1,1,0,0,0,0,0,0,1,1,5156.3,0C,1,1,0,1,1,0,1,0,0,130.00,476.88,,,,,,,,,,,,,,,,,,,,,,,,,,,,,,,,,,,,,,,,,,,,,,,,,,,,,,,,,
2203,1012,996,14.00,96.75,794,0.0,10.500,3.002,3.15,0.000,20.63,1.00,0.20,-0.76,0.24,1.006,1.02,-1.37,1.045,0.00,0.90,1.112,34.5,0.000,0.402,0.000,800,7.10,4.3,0.09,0.00,27.8,1,1,0,1,1,1,0,0,0,0,1,0,0,0,0,0,0,0,0,0,0,0,0,0,0,0,0,0,0,1,0,0,0,0,986.2,C1,0,1,0,1,0,1,1,1,1,1,1,,,,,,,,,,,,,,,,,,,,,,,,,,,,,,,,,,,,,,,,,,,,,,,,,,,,,,,,,
2204,1013,393,14.10,96.75,805,0.0,4.500,3.059,3.15,0.000,20.77,1.00,0.40,-0.76,0.40,1.019,1.02,-1.37,1.044,0.00,0.90,1.112,34.5,0.000,0.402,0.000,800,7.10,4.3,0.06,0.00,27.8,1,1,0,1,1,1,0,0,0,0,1,0,0,0,0,0,0,0,1,0,0,1,1,1,1,1,0,0,0,0,0,0,1,1,5156.3,0C,1,1,0,1,1,0,1,0,0,127.38,471.38,,,,,,,,,,,,,,,,,,,,,,,,,,,,,,,,,,,,,,,,,,,,,,,,,,,,,,,,,
2205,1013,787,14.00,96.75,800,0.0,3.750,2.963,3.15,0.000,20.55,1.00,0.82,-0.76,0.83,0.990,1.02,-1.37,1.045,0.00,0.90,1.174,34.5,0.000,0.402,0.000,800,7.10,4.3,0.76,-49.63,115.5,0,1,0,0,0,1,0,1,1,1,1,1,0,1,1,0,0,1,0,0,0,0,0,0,0,0,1,1,1,0,0,0,0,0,10330.2,84,0,1,0,1,0,1,1,1,1,1,1,,,,,,,,,,,,,,,,,,,,,,,,,,,,,,,,,,,,,,,,,,,,,,,,,,,,,,,,,
2206,1014,215,14.10,96.75,799,0.0,6.750,2.950,3.20,0.000,20.74,1.00,0.68,-0.76,0.85,0.976,1.02,-1.37,1.044,0.00,0.90,1.174,34.5,0.000,0.402,0.000,800,7.11,4.3,0.05,0.00,27.8,1,1,0,1,1,1,0,0,0,0,1,0,0,0,0,0,0,0,1,0,0,1,1,1,1,1,0,0,0,0,0,0,1,1,5156.3,0C,1,1,0,1,1,0,1,0,0,129.31,473.88,,,,,,,,,,,,,,,,,,,,,,,,,,,,,,,,,,,,,,,,,,,,,,,,,,,,,,,,,
2207,1014,666,14.00,96.75,796,0.0,5.250,3.066,3.15,0.000,20.98,1.00,0.22,-0.76,0.35,1.008,1.02,-1.37,1.042,0.00,0.90,1.174,34.5,0.000,0.402,0.000,800,7.11,4.3,0.07,0.00,27.8,1,1,0,1,1,1,0,0,0,0,1,0,0,0,0,0,0,0,1,0,0,1,1,1,1,1,0,0,0,0,0,0,1,1,5156.3,0C,1,1,0,1,1,0,1,0,0,130.19,473.38,,,,,,,,,,,,,,,,,,,,,,,,,,,,,,,,,,,,,,,,,,,,,,,,,,,,,,,,,
2208,1015,60,14.00,96.75,800,0.0,11.250,2.925,3.20,0.000,20.32,1.00,0.73,-0.76,0.75,0.995,1.02,-1.37,1.047,0.00,0.90,1.137,34.5,0.000,0.402,0.000,800,7.11,4.3,0.03,0.00,27.8,1,1,0,1,1,1,0,0,0,0,1,0,0,0,0,0,0,0,1,0,0,1,1,1,1,1,0,0,0,0,0,0,1,1,5156.3,0C,1,1,0,1,1,0,1,0,0,126.19,473.44,,,,,,,,,,,,,,,,,,,,,,,,,,,,,,,,,,,,,,,,,,,,,,,,,,,,,,,,,
2209,1015,452,14.00,97.50,800,0.0,12.000,2.912,3.20,0.000,20.32,1.00,0.78,-0.76,0.85,0.981,1.02,-1.37,1.047,0.00,0.90,1.137,34.5,0.000,0.402,0.000,800,7.11,4.3,0.02,0.00,27.8,1,1,0,1,1,1,0,0,0,0,1,0,0,0,0,0,0,0,1,0,0,1,1,1,1,1,0,0,0,0,0,0,1,1,5156.3,0C,1,1,0,1,1,0,1,0,0,123.63,471.31,,,,,,,,,,,,,,,,,,,,,,,,,,,,,,,,,,,,,,,,,,,,,,,,,,,,,,,,,
2210,1015,849,14.00,97.50,800,0.0,3.000,3.014,3.20,0.000,20.63,1.00,0.23,-0.76,0.53,1.010,1.02,-1.37,1.045,0.00,0.90,0.172,-41.3,10.547,0.672,3.750,0,0.31,1766.7,1.54,-49.63,115.5,0,1,0,0,0,1,0,1,1,1,1,1,0,1,1,0,0,1,0,0,0,0,0,0,0,0,1,1,1,0,0,0,0,0,9903.5,93,0,1,0,1,0,1,1,1,1,1,1,,,,,,,,,,,,,,,,,,,,,,,,,,,,,,,,,,,,,,,,,,,,,,,,,,,,,,,,,
2211,1016,233,14.10,97.50,804,0.0,6.000,3.085,3.20,0.000,20.88,1.00,0.24,-0.76,0.24,1.023,1.02,-1.37,1.043,0.00,0.90,1.112,34.5,0.000,0.402,0.000,800,7.11,4.3,0.00,0.00,27.8,1,1,0,1,1,1,0,0,0,0,1,0,0,0,0,0,0,0,1,0,0,1,1,1,1,1,0,0,0,0,0,0,1,1,5156.3,0C,1,1,0,1,1,0,1,0,0,128.00,471.88,,,,,,,,,,,,,,,,,,,,,,,,,,,,,,,,,,,,,,,,,,,,,,,,,,,,,,,,,
2212,1016,630,14.10,97.50,796,0.0,6.000,3.008,3.20,0.000,20.79,1.00,0.81,-0.76,0.84,0.997,1.02,-1.37,1.044,0.00,0.90,1.112,34.5,0.000,0.402,0.000,800,7.11,4.3,0.00,0.00,27.8,1,1,0,1,1,1,0,0,0,0,1,0,0,0,0,0,0,0,1,0,0,1,1,1,1,1,0,0,0,0,0,0,1,1,5156.3,0C,1,1,0,1,1,0,1,0,0,127.31,475.25,,,,,,,,,,,,,,,,,,,,,,,,,,,,,,,,,,,,,,,,,,,,,,,,,,,,,,,,,
2213,1017,21,14.10,97.50,798,0.0,6.000,2.989,3.20,0.000,20.88,1.00,0.80,-0.76,0.86,0.984,1.02,-1.37,1.043,0.00,0.90,1.045,34.5,0.000,0.402,0.000,800,7.11,4.3,0.76,-49.63,115.5,0,1,0,0,0,1,0,1,1,1,1,1,0,1,1,0,0,1,0,0,0,0,0,0,0,0,0,0,0,1,0,0,0,0,602.2,AE,0,1,0,1,0,1,1,1,1,1,1,,,,,,,,,,,,,,,,,,,,,,,,,,,,,,,,,,,,,,,,,,,,,,,,,,,,,,,,,
2214,1017,419,14.10,97.50,801,0.0,9.000,2.950,3.20,0.000,20.86,1.00,0.70,-0.76,0.85,0.973,1.02,-1.37,1.043,0.00,0.90,1.045,34.5,0.000,0.402,0.000,800,7.11,4.3,-0.01,0.00,27.8,1,1,0,1,1,1,0,0,0,0,1,0,0,0,0,0,0,0,1,0,0,1,1,1,1,1,0,0,0,0,0,0,1,1,5156.3,0C,1,1,0,1,1,0,1,0,0,127.50,472.38,,,,,,,,,,,,,,,,,,,,,,,,,,,,,,,,,,,,,,,,,,,,,,,,,,,,,,,,,
2215,1017,803,14.10,97.50,802,0.0,6.750,3.021,3.15,0.000,20.70,1.00,0.21,-0.76,0.27,1.007,1.02,-1.37,1.044,0.00,0.90,1.137,34.5,0.000,0.402,0.000,800,7.11,4.3,-0.02,0.00,27.8,1,1,0,1,1,1,0,0,0,0,1,0,0,0,0,0,0,0,1,0,0,1,1,1,1,1,0,0,0,0,0,0,1,1,5156.3,0C,1,1,0,1,1,0,1,0,0,127.63,470.88,,,,,,,,,,,,,,,,,,,,,,,,,,,,,,,,,,,,,,,,,,,,,,,,,,,,,,,,,
2216,1018,202,14.10,97.50,801,0.0,6.750,3.066,3.20,0.000,20.79,1.00,0.22,-0.76,0.29,1.019,1.02,-1.37,1.044,0.00,0.90,1.137,34.5,0.000,0.402,0.000,800,7.11,4.3,-0.04,0.00,27.8,1,1,0,1,1,1,0,0,0,0,1,0,0,0,0,0,0,0,1,0,0,1,1,1,1,1,0,0,0,0,0,0,1,1,5156.3,0C,1,1,0,1,1,0,1,0,0,126.69,472.44,,,,,,,,,,,,,,,,,,,,,,,,,,,,,,,,,,,,,,,,,,,,,,,,,,,,,,,,,
2217,1020,716,14.00,-48.00,8256,0.0,2.250,217.907,784.38,17.304,639.02,1.45,0.80,-1.33,0.31,0.007,0.00,8.20,0.219,0.01,1.00,137.462,42.0,85.176,0.916,0.000,70,-36.63,4932.2,-199.48,-199.48,-199.48,-199.48,-199.48,-199.48,-199.48,-199.48,-199.48,-199.48,-199.48,-199.48,-199.48,-199.48,-199.48,-199.48,-199.48,-199.48,-199.48,-199.48,-199.48,-199.48,-199.48,-199.48,-199.48,-199.48,-199.48,-199.48,-199.48,-199.48,-199.48,-199.48,-199.48,-199.48,-199.48,-199.48,-199.48,-199.48,,,,,,,,,,,,,,,,,,,,,,,,,,,,,,,,,,,,,,,,,,,,,,,,,,,,,,,,,,,,,,,,,,,,,
2218,1021,117,14.10,97.50,802,0.0,5.250,3.091,3.15,0.000,20.95,1.45,0.80,-1.33,0.55,0.007,0.00,0.81,0.231,-0.02,0.66,0.66,0.66,0.66,0.66,0.66,0.66,0.66,0.66,0.66,0.66,0.66,0.66,0.66,0.66,0.66,0.66,0.66,0.66,0.66,0.66,0.66,0.66,0.66,0.66,0.66,0.66,0.66,0.66,0.66,0.66,0.66,0.66,0.66,0.66,0.66,0.66,0.66,0.66,0.66,0.66,0.66,0.66,0.66,0.66,0.66,0.66,,,,,,,,,,,,,,,,,,,,,,,,,,,,,,,,,,,,,,,,,,,,,,,,,,,,,,,,,,,,,,,,,,,,,
2219,1021,503,14.10,-48.00,8384,0.0,2.250,183.501,759.38,63.789,1022.98,1.25,0.60,-2.18,0.06,0.458,0.00,0.81,0.230,-0.02,0.66,0.66,0.66,0.66,0.66,0.66,0.66,0.66,0.66,0.66,0.66,0.66,0.66,0.66,0.66,0.66,0.66,0.66,0.66,0.66,0.66,0.66,0.66,0.66,0.66,0.66,0.66,0.66,0.66,0.66,0.66,0.66,0.66,0.66,0.66,0.66,0.66,0.66,0.66,0.66,0.66,0.66,0.66,0.66,0.66,0.66,0.66,,,,,,,,,,,,,,,,,,,,,,,,,,,,,,,,,,,,,,,,,,,,,,,,,,,,,,,,,,,,,,,,,,,,,
2220,1021,894,14.10,97.50,800,0.0,5.250,2.989,3.15,0.000,20.84,1.00,0.82,-0.76,0.87,0.985,1.02,-1.37,1.043,0.00,0.90,1.045,34.5,0.000,0.402,-30.750,0,0.31,1766.7,1.54,-49.63,115.5,0,1,0,0,0,1,0,1,1,1,1,1,0,1,1,0,0,1,1,1,1,1,1,1,1,1,1,1,1,1,1,1,1,1,1,,,,,,,,,,,,,,,,,,,,,,,,,,,,,,,,,,,,,,,,,,,,,,,,,,,,,,,,,,,,,,,,,,,,,
2221,1022,292,14.10,45.00,8203,95.0,-69.000,210.310,412.16,62.313,762.00,1.40,0.55,0.00,0.00,0.201,0.00,8.20,0.195,0.01,1.00,137.462,42.0,85.176,0.916,0.000,70,-14.76,3703.4,-199.48,-199.48,-199.48,-199.48,-199.48,-199.48,-199.48,-199.48,-199.48,-199.48,-199.48,-199.48,-199.48,-199.48,-199.48,-199.48,-199.48,-199.48,-199.48,-199.48,-199.48,-199.48,-199.48,-199.48,-199.48,-199.48,-199.48,-199.48,-199.48,-199.48,-199.48,-199.48,-199.48,-199.48,-199.48,-199.48,-199.48,-199.48,,,,,,,,,,,,,,,,,,,,,,,,,,,,,,,,,,,,,,,,,,,,,,,,,,,,,,,,,,,,,,,,,,,,,
2222,1022,683,14.10,97.50,801,0.0,4.500,3.098,3.20,0.000,20.98,1.45,0.80,-1.33,0.51,0.007,0.02,-2.62,0.000,0.01,0.71,0.172,-41.3,8.594,0.687,-27.000,0,0.31,1766.7,1.54,-49.63,115.5,0,1,0,0,0,1,0,1,1,1,1,1,0,1,1,0,0,1,0,0,0,0,0,0,0,0,0,0,0,1,0,0,0,0,303.5,9B,0,1,0,1,0,1,1,1,1,1,1,,,,,,,,,,,,,,,,,,,,,,,,,,,,,,,,,,,,,,,,,,,,,,,,,,,,,,,,,
2223,1023,99,14.10,-48.00,8384,0.0,2.250,183.501,759.38,63.398,986.98,1.45,0.80,-1.33,0.94,0.007,0.03,3.53,0.000,0.01,0.71,0.172,-41.3,8.594,0.687,-33.000,0,0.31,1766.7,1.54,-49.63,115.5,0,1,0,0,0,1,0,1,1,1,1,1,0,1,1,0,0,1,0,0,0,0,0,0,0,0,1,1,1,0,0,0,0,0,10202.2,80,0,1,0,1,0,1,1,1,1,1,1,,,,,,,,,,,,,,,,,,,,,,,,,,,,,,,,,,,,,,,,,,,,,,,,,,,,,,,,,
2224,1023,483,14.00,-48.00,8256,0.0,2.250,194.970,753.13,63.008,1040.93,1.45,0.80,-1.33,0.75,0.007,0.03,3.53,0.000,0.01,0.71,0.172,-41.3,8.985,0.687,-5.250,1920,94.42,313.0,-199.53,-199.53,-199.53,-199.53,-199.53,-199.53,-199.53,-199.53,-199.53,-199.53,-199.53,-199.53,-199.53,-199.53,-199.53,-199.53,-199.53,-199.53,-199.53,-199.53,-199.53,-199.53,-199.53,-199.53,-199.53,-199.53,-199.53,-199.53,-199.53,-199.53,-199.53,-199.53,-199.53,-199.53,-199.53,-199.53,-199.53,-199.53,,,,,,,,,,,,,,,,,,,,,,,,,,,,,,,,,,,,,,,,,,,,,,,,,,,,,,,,,,,,,,,,,,,,,
2225,1023,868,14.10,97.50,793,0.0,5.250,3.072,3.20,0.000,20.95,1.00,0.22,-0.76,0.78,1.007,1.02,-1.37,1.042,0.00,0.90,1.045,34.5,0.000,0.402,0.000,800,7.09,4.3,-0.10,0.00,27.8,1,1,0,1,1,1,0,0,0,0,1,0,0,0,0,0,0,0,1,0,0,1,1,1,1,1,0,0,0,0,0,0,1,1,5156.3,0C,1,1,0,1,1,0,1,1,1,1,1,,,,,,,,,,,,,,,,,,,,,,,,,,,,,,,,,,,,,,,,,,,,,,,,,,,,,,,,,
2226,1024,247,14.10,45.75,8205,95.0,36.000,213.792,412.16,62.313,216.00,1.40,0.55,0.00,0.00,0.201,0.00,8.20,0.156,0.01,1.00,126.042,-48.0,39.559,0.047,0.000,80,12.59,4881.0,-199.48,-199.48,-199.48,-199.48,-199.48,-199.48,-199.48,-199.48,-199.48,-199.48,-199.48,-199.48,-199.48,-199.48,-199.48,-199.48,-199.48,-199.48,-199.48,-199.48,-199.48,-199.48,-199.48,-199.48,-199.48,-199.48,-199.48,-199.48,-199.48,-199.48,-199.48,-199.48,-199.48,-199.48,-199.48,-199.48,-199.48,-199.48,,,,,,,,,,,,,,,,,,,,,,,,,,,,,,,,,,,,,,,,,,,,,,,,,,,,,,,,,,,,,,,,,,,,,
2227,1024,668,14.00,97.50,798,0.0,7.500,3.066,3.15,0.000,21.21,1.00,0.80,-0.76,0.82,0.992,1.02,-1.37,1.040,0.00,0.90,1.045,34.5,0.000,0.402,0.000,800,7.09,4.3,-0.08,0.00,27.8,1,1,0,1,1,1,0,0,0,0,1,0,0,0,0,0,0,0,1,0,0,1,1,1,1,1,0,0,0,0,0,0,1,1,5156.3,0C,1,1,0,1,1,0,1,0,0,128.13,475.13,,,,,,,,,,,,,,,,,,,,,,,,,,,,,,,,,,,,,,,,,,,,,,,,,,,,,,,,,
2228,1025,52,14.00,97.50,795,0.0,9.750,2.950,3.20,0.000,20.55,1.00,0.77,-0.76,0.85,0.975,1.02,-1.37,1.045,0.00,0.90,1.137,34.5,0.000,0.402,-16.500,0,0.31,1766.7,1.54,-49.63,115.5,0,1,0,0,0,1,0,1,1,1,1,1,0,1,1,0,0,1,0,0,0,0,0,0,0,0,1,1,1,0,0,0,0,0,10202.2,B2,0,1,0,1,0,1,1,1,1,1,1,,,,,,,,,,,,,,,,,,,,,,,,,,,,,,,,,,,,,,,,,,,,,,,,,,,,,,,,,
2229,1025,454,14.00,97.50,796,0.0,6.750,3.059,759.38,17.304,836.98,1.45,0.80,-1.33,0.44,0.007,0.03,1.78,0.000,0.01,0.71,0.172,-41.3,7.813,0.687,-16.500,0,0.31,1766.7,1.54,-49.63,115.5,0,1,0,0,0,1,0,1,1,1,1,1,0,1,1,0,0,1,0,0,0,0,0,0,0,0,1,1,1,0,0,0,0,0,9818.2,B2,0,1,0,1,0,1,1,1,1,1,1,,,,,,,,,,,,,,,,,,,,,,,,,,,,,,,,,,,,,,,,,,,,,,,,,,,,,,,,,
2230,1025,838,14.00,-48.00,8256,0.0,2.250,186.778,746.88,16.913,273.02,1.45,0.74,-1.33,0.90,0.007,0.03,0.56,0.000,0.01,0.71,0.172,-41.3,7.813,0.687,-9.750,0,0.31,1766.7,1.54,-49.63,115.5,0,1,0,0,0,1,0,1,1,1,1,1,0,1,1,0,0,1,0,0,0,0,0,0,0,0,0,0,0,1,0,0,0,0,772.8,C4,0,1,0,1,0,1,1,1,1,1,1,,,,,,,,,,,,,,,,,,,,,,,,,,,,,,,,,,,,,,,,,,,,,,,,,,,,,,,,,
2231,1026,240,14.10,97.50,803,0.0,0.750,3.117,3.15,0.000,21.07,1.00,0.30,-0.76,0.64,1.022,1.02,-1.37,1.041,0.00,0.90,0.172,-41.3,6.641,0.687,-14.250,0,0.31,1766.7,1.54,-49.63,115.5,0,1,0,0,0,1,0,1,1,1,1,1,0,1,1,0,0,1,0,0,0,0,0,0,0,0,1,1,1,0,0,0,0,0,10159.5,87,0,1,0,1,0,1,1,1,1,1,1,,,,,,,,,,,,,,,,,,,,,,,,,,,,,,,,,,,,,,,,,,,,,,,,,,,,,,,,,
2232,1026,624,14.00,97.50,796,0.0,9.000,2.957,3.15,0.000,20.51,1.00,0.82,-0.76,0.87,0.986,1.02,-1.37,1.046,0.00,0.90,1.112,34.5,0.000,0.402,0.000,800,7.08,4.3,-0.06,0.00,27.8,1,1,0,1,1,1,0,0,0,0,1,0,0,0,0,0,0,0,1,0,0,1,1,1,1,1,0,0,0,0,0,0,1,1,5156.3,0C,1,1,0,1,1,0,1,1,1,1,1,,,,,,,,,,,,,,,,,,,,,,,,,,,,,,,,,,,,,,,,,,,,,,,,,,,,,,,,,
2233,1027,29,14.00,97.50,791,0.0,6.000,2.995,3.15,0.000,20.95,1.45,0.74,-1.33,0.55,0.007,0.02,-2.62,0.000,0.01,0.71,138.150,-48.0,39.559,0.047,-5.250,1920,94.42,313.0,-78.91,6.24,-26.3,0,1,0,1,0,1,0,1,0,1,0,1,0,1,0,1,0,1,1,1,1,1,1,1,1,1,1,1,1,1,1,1,1,1,1,,,,,,,,,,,,,,,,,,,,,,,,,,,,,,,,,,,,,,,,,,,,,,,,,,,,,,,,,,,,,,,,,,,,,
2234,1027,455,14.10,97.50,792,0.0,6.750,3.059,3.15,0.000,20.91,1.00,0.21,-0.76,0.22,1.004,1.02,-1.37,1.043,0.00,0.90,1.045,34.5,0.000,0.402,0.000,800,7.08,4.4,0.01,0.00,27.8,1,1,0,1,1,1,0,0,0,0,1,0,0,0,0,0,0,0,1,0,0,1,1,1,1,1,0,0,0,0,0,0,1,1,5156.3,0C,1,1,0,1,1,0,1,0,0,128.38,476.88,,,,,,,,,,,,,,,,,,,,,,,,,,,,,,,,,,,,,,,,,,,,,,,,,,,,,,,,,
2235,1027,831,14.00,97.50,802,0.0,5.250,3.104,3.15,0.000,21.02,1.00,0.67,-0.76,0.36,1.020,1.02,-1.37,1.042,0.00,0.90,1.137,34.5,0.000,0.402,0.000,800,7.08,4.4,-0.02,-49.63,115.5,0,1,0,0,0,1,0,1,1,1,1,1,0,1,1,0,0,1,1,1,1,1,1,1,1,1,1,1,1,1,1,1,1,1,1,,,,,,,,,,,,,,,,,,,,,,,,,,,,,,,,,,,,,,,,,,,,,,,,,,,,,,,,,,,,,,,,,,,,,
2236,1028,211,14.10,97.50,796,0.0,7.500,2.989,759.38,61.836,986.95,1.45,0.74,-1.33,0.83,0.007,0.03,1.78,0.000,0.01,0.71,0.172,-41.3,6.641,0.703,-1.500,0,0.31,1766.7,1.54,-49.63,115.5,0,1,0,0,0,1,0,1,1,1,1,1,0,1,1,0,0,1,0,0,0,0,0,0,0,0,1,1,1,0,0,0,0,0,8794.2,CA,0,1,0,1,0,1,1,1,1,1,1,,,,,,,,,,,,,,,,,,,,,,,,,,,,,,,,,,,,,,,,,,,,,,,,,,,,,,,,,
2237,1028,603,14.10,-48.00,8256,0.0,2.250,204.800,771.88,51.679,1016.91,0.57,0.55,0.00,0.00,0.201,0.00,8.20,0.141,0.01,0.00,1.101,-48.0,39.559,0.047,-5.250,1920,94.42,313.0,-78.91,6.26,-26.3,1,1,1,0,0,1,0,1,0,1,0,1,0,1,0,1,0,1,1,1,1,1,1,1,1,1,1,1,1,1,1,1,1,1,1,,,,,,,,,,,,,,,,,,,,,,,,,,,,,,,,,,,,,,,,,,,,,,,,,,,,,,,,,,,,,,,,,,,,,
2238,1029,0,14.10,98.25,801,0.0,3.750,3.046,3.15,0.000,20.88,1.00,0.21,-0.76,0.26,1.007,0.02,-2.62,0.000,0.01,0.71,0.172,-41.3,7.031,0.688,0.000,0,0.31,1766.7,1.54,-49.63,115.5,0,1,0,0,0,1,0,1,1,1,1,1,0,1,1,0,0,1,0,0,0,0,0,0,0,0,1,1,1,0,0,0,0,0,9988.8,8C,0,1,0,1,0,1,1,1,1,1,1,,,,,,,,,,,,,,,,,,,,,,,,,,,,,,,,,,,,,,,,,,,,,,,,,,,,,,,,,
2239,1029,376,14.00,98.25,800,0.0,1.500,2.957,3.15,0.000,20.44,1.00,0.75,-0.76,0.39,0.994,1.02,-1.37,1.047,0.00,0.90,0.172,-41.3,7.031,0.703,-1.500,0,0.31,1766.7,1.54,-49.63,115.5,0,1,0,0,0,1,0,1,1,1,1,1,0,1,1,0,0,1,0,0,0,0,0,0,0,0,1,1,1,0,0,0,0,0,8708.8,8D,0,1,0,1,0,1,1,1,1,1,1,,,,,,,,,,,,,,,,,,,,,,,,,,,,,,,,,,,,,,,,,,,,,,,,,,,,,,,,,
2240,1029,790,14.10,98.25,801,0.0,1.500,3.021,3.15,0.000,20.93,1.00,0.77,-0.76,0.83,0.981,1.02,-1.37,1.043,0.00,0.90,1.045,34.5,0.000,0.402,0.000,800,7.09,4.4,-0.01,0.00,27.8,1,1,0,1,1,1,0,0,0,0,1,0,0,0,0,0,0,0,1,0,0,1,1,1,1,1,0,0,0,0,0,0,1,1,5156.3,0C,1,1,0,1,1,0,1,0,0,125.75,472.75,,,,,,,,,,,,,,,,,,,,,,,,,,,,,,,,,,,,,,,,,,,,,,,,,,,,,,,,,
2241,1030,173,14.10,98.25,797,0.0,6.750,3.040,3.15,0.000,20.79,1.00,0.24,-0.76,0.76,1.007,1.02,-1.37,1.044,0.00,0.90,1.045,34.5,0.000,0.402,0.000,800,7.09,4.4,0.00,0.00,27.8,1,1,0,1,1,1,0,0,0,0,1,0,0,0,0,0,0,0,1,0,0,1,1,1,1,1,0,0,0,0,0,0,1,1,5156.3,0C,1,1,0,1,1,0,1,0,0,126.75,474.19,,,,,,,,,,,,,,,,,,,,,,,,,,,,,,,,,,,,,,,,,,,,,,,,,,,,,,,,,
2242,1030,582,14.10,98.25,800,0.0,5.250,3.059,3.15,0.000,20.70,1.00,0.29,-0.76,0.32,1.020,1.02,-1.37,1.044,0.00,0.90,1.045,34.5,0.000,0.402,0.000,800,7.09,4.4,-0.02,0.00,27.8,1,1,0,1,1,1,0,0,0,0,1,0,0,0,0,0,0,0,1,0,0,1,1,1,1,1,0,0,0,0,0,0,1,1,5156.3,0C,1,1,0,1,1,0,1,0,0,127.13,472.13,,,,,,,,,,,,,,,,,,,,,,,,,,,,,,,,,,,,,,,,,,,,,,,,,,,,,,,,,
2243,1030,960,14.00,98.25,800,0.0,6.000,2.925,3.15,0.000,20.25,1.00,0.78,-0.76,0.82,0.992,1.02,-1.37,1.047,0.00,0.90,1.137,34.5,0.000,0.402,0.000,800,7.09,4.4,-0.02,0.00,27.8,1,1,0,1,1,1,0,0,0,0,1,0,0,0,0,0,0,0,1,0,0,1,1,1,1,1,0,0,0,0,0,0,1,1,5156.3,0C,1,1,0,1,1,0,1,0,0,125.63,472.06,,,,,,,,,,,,,,,,,,,,,,,,,,,,,,,,,,,,,,,,,,,,,,,,,,,,,,,,,
