LogEntrySeconds,Напряжение батареи ( В),Температура охлаждающей жидкости ( °С),Обороты  двигателя ( об/мин),Желаемые обороты холостого хода ( об/мин),Угол опережения зажигания ( °ПКВ),Длительность импульса впрыска ( мс),Напряжение датчика кислорода 1 ( В),Напряжение датчика кислорода 2 ( В),Положение дроссельной заслонки ( %),Величина отскока УОЗ при детонации ( °ПКВ)
1,12.4,27.75,0.0,1240.0,-5.25,0.0,0.52,0.52,6.49,0.0
2,12.4,27.75,0.0,1240.0,-5.25,0.0,0.51,0.52,6.54,0.0
2,12.4,27.75,0.0,1240.0,-5.25,0.0,0.52,0.52,6.49,0.0
3,12.4,27.75,0.0,1240.0,-5.25,0.0,0.51,0.52,6.49,0.0
3,12.4,27.75,0.0,1240.0,-5.25,0.0,0.52,0.52,6.54,0.0
4,12.4,27.75,0.0,1240.0,-5.25,0.0,0.51,0.52,6.49,0.0
4,12.4,27.75,0.0,1240.0,-5.25,0.0,0.51,0.52,6.54,0.0
4,12.4,27.75,0.0,1240.0,-5.25,0.0,0.51,0.52,6.54,0.0
5,12.4,27.75,0.0,1240.0,-5.25,0.0,0.51,0.52,6.54,0.0
5,12.4,27.75,0.0,1240.0,-5.25,0.0,0.52,0.52,6.54,0.0
6,12.4,27.75,0.0,1240.0,-5.25,0.0,0.51,0.52,6.49,0.0
6,12.4,27.75,0.0,1240.0,-5.25,0.0,0.52,0.52,6.54,0.0
6,12.4,27.75,0.0,1240.0,-5.25,0.0,0.51,0.52,6.54,0.0
7,12.4,27.75,0.0,1240.0,-5.25,0.0,0.52,0.52,6.54,0.0
7,12.4,27.75,0.0,1240.0,-5.25,0.0,0.52,0.52,6.49,0.0
8,12.4,27.75,0.0,1240.0,-5.25,0.0,0.52,0.52,6.54,0.0
8,10.6,27.75,159.0,1240.0,-5.25,0.0,0.51,0.51,7.3,0.0
8,11.0,27.75,252.0,1240.0,-4.5,22.342,0.51,0.51,7.35,0.0
9,12.1,27.75,1335.0,1240.0,-3.75,7.59,0.52,0.52,7.35,0.0
9,12.3,27.75,1405.0,1240.0,-2.25,5.504,0.52,0.52,7.35,0.0
10,12.6,27.75,1367.0,1240.0,0.0,5.459,0.52,0.52,7.35,0.0
10,13.0,27.75,1332.0,1240.0,2.25,5.466,0.52,0.52,7.35,0.0
10,13.8,27.75,1306.0,1240.0,0.75,5.626,0.51,0.52,7.3,0.0
11,13.9,27.75,1297.0,1240.0,-0.75,5.651,0.51,0.52,7.3,0.0
13,14.0,27.75,1252.0,1240.0,0.0,5.114,0.51,0.52,6.86,0.0
14,14.0,27.75,1241.0,1240.0,2.25,5.069,0.52,0.52,6.86,0.0
14,14.0,27.75,1245.0,1240.0,2.25,4.89,0.52,0.52,6.86,0.0
15,14.0,27.75,1229.0,1240.0,2.25,4.813,0.51,0.52,6.79,0.0
15,14.0,27.75,1229.0,1240.0,2.25,4.685,0.51,0.52,6.79,0.0
16,14.0,27.75,1232.0,110.0,3.75,4.672,0.0,0.96,6.74,0.0
16,14.0,27.75,1232.0,1240.0,3.75,4.576,0.52,0.52,6.74,0.0
17,14.0,27.75,1232.0,1240.0,3.75,4.538,0.51,0.52,6.74,0.0
17,14.0,27.75,1223.0,1240.0,3.75,4.538,0.52,0.51,6.69,0.0
17,14.0,28.5,1219.0,1240.0,5.25,4.525,0.51,0.52,6.69,0.0
18,14.0,28.5,1220.0,1240.0,5.25,4.461,0.51,0.52,6.69,0.0
18,14.0,28.5,1222.0,1240.0,4.5,4.448,0.52,0.52,6.62,0.0
19,14.0,28.5,1224.0,1240.0,3.0,4.467,0.51,0.52,6.69,0.0
19,14.0,28.5,1225.0,1240.0,4.5,4.378,0.52,0.51,6.62,0.0
19,14.0,28.5,1230.0,1240.0,3.75,4.301,0.51,0.51,6.62,0.0
20,14.0,28.5,1224.0,1240.0,3.75,4.384,0.51,0.52,6.62,0.0
22,14.0,28.5,1228.0,1230.0,3.0,4.326,0.51,0.52,6.54,0.0
23,14.0,28.5,1226.0,1230.0,3.0,4.269,0.52,0.52,6.54,0.0
23,14.0,28.5,1228.0,1230.0,2.25,4.237,0.51,0.52,6.54,0.0
24,14.0,28.5,1232.0,1230.0,4.5,4.141,0.51,0.52,6.54,0.0
24,14.0,28.5,1224.0,1230.0,3.0,4.205,0.52,0.52,6.54,0.0
25,14.0,28.5,1222.0,1230.0,3.75,4.186,0.51,0.52,6.54,0.0
25,14.0,28.5,1228.0,1940.0,3.75,4.147,0.04,0.68,6.54,0.75
26,14.0,28.5,1221.0,1940.0,3.75,4.122,0.04,0.59,34.79,0.75
26,14.0,29.25,1229.0,1230.0,5.25,4.141,0.51,0.52,6.54,0.0
27,14.0,29.25,1231.0,1230.0,5.25,4.109,0.51,0.52,6.54,0.0
27,14.0,29.25,1226.0,0.703,3.75,4.179,0.52,0.52,6.49,0.703
28,14.0,29.25,1235.0,1230.0,3.0,4.128,0.52,0.52,6.54,0.0
28,14.0,29.25,1228.0,1230.0,3.0,4.134,0.51,0.52,6.49,0.0
29,14.0,29.25,1232.0,1230.0,3.0,4.154,0.52,0.52,6.49,0.0
30,14.0,29.25,1228.0,1230.0,3.0,4.16,0.51,0.52,6.49,0.0
30,14.0,29.25,1232.0,1230.0,3.0,4.128,0.51,0.52,6.49,0.0
32,14.0,30.0,1224.0,110.0,2.25,4.083,0.04,0.64,6.49,0.0
33,14.0,30.0,1232.0,1220.0,2.25,3.994,0.52,0.52,6.49,0.0
33,14.0,30.0,1220.0,1220.0,3.75,4.064,0.51,0.51,6.49,0.0
34,14.0,30.0,1226.0,1220.0,2.25,4.096,0.51,0.52,6.45,0.0
34,14.0,30.0,1219.0,1220.0,7.5,4.077,0.51,0.52,6.49,0.0
35,14.0,30.0,1222.0,1220.0,3.0,4.077,0.47,0.52,6.45,0.0
35,14.0,30.75,1217.0,1220.0,6.75,3.955,0.41,0.52,6.45,0.0
37,14.0,30.75,1208.0,1220.0,3.0,4.006,0.9,0.52,6.37,0.0
37,14.0,30.75,1220.0,1220.0,6.75,3.846,0.6,0.51,6.37,0.0
38,14.0,30.75,1219.0,1220.0,4.5,3.968,0.98,0.51,6.37,0.0
38,14.0,30.75,1223.0,1220.0,3.0,3.936,0.49,0.51,6.37,0.0
38,14.0,30.75,1216.0,1220.0,1.5,3.936,0.37,0.52,6.37,0.0
39,14.0,31.5,1215.0,1220.0,6.0,4.019,0.88,0.52,6.25,0.0
40,14.0,31.5,1223.0,1220.0,0.75,4.038,0.92,0.52,6.32,0.0
40,14.0,31.5,1229.0,1220.0,1.5,4.006,0.94,0.52,6.32,0.0
41,14.0,31.5,1236.0,1220.0,0.0,4.218,0.94,0.52,6.37,0.0
41,14.0,31.5,1234.0,1220.0,2.25,4.09,0.95,0.52,6.32,0.0
41,14.0,31.5,1233.0,1220.0,3.0,4.064,0.93,0.52,6.32,0.0
42,14.0,31.5,1227.0,1220.0,3.0,4.051,0.93,0.52,6.25,0.0
42,14.1,31.5,1226.0,1220.0,3.75,4.051,0.93,0.52,6.32,0.0
42,14.1,31.5,1233.0,1210.0,3.0,3.987,0.93,0.51,6.13,0.0
43,14.1,31.5,1231.0,1210.0,1.5,3.974,0.94,0.52,6.13,0.0
43,14.0,32.25,1229.0,1210.0,2.25,4.083,0.94,0.52,6.13,0.0
44,14.0,32.25,1222.0,1210.0,2.25,4.109,0.94,0.52,6.01,0.0
44,14.0,32.25,1216.0,1210.0,3.75,4.102,0.95,0.52,6.08,0.0
45,14.1,32.25,1211.0,1210.0,5.25,4.102,0.95,0.52,6.08,0.0
45,14.1,32.25,1210.0,1210.0,4.5,4.09,0.95,0.52,6.08,0.0
45,14.1,32.25,1206.0,1210.0,5.25,4.115,0.95,0.52,6.08,0.0
46,14.1,32.25,1215.0,1210.0,3.75,4.09,0.96,0.52,6.01,0.0
46,14.1,32.25,1214.0,1210.0,5.25,3.981,0.96,0.52,6.01,0.0
47,14.1,32.25,1215.0,1210.0,4.5,4.058,0.95,0.52,6.08,0.0
47,14.1,33.0,1212.0,1210.0,5.25,4.0,0.95,0.52,6.01,0.0
47,14.1,33.0,1205.0,1210.0,4.5,4.019,0.95,0.52,6.01,0.0
50,14.1,33.0,1203.0,1210.0,4.5,3.821,0.92,0.52,5.93,0.0
50,14.1,33.0,1201.0,1210.0,4.5,3.744,0.92,0.51,6.01,0.0
51,14.1,33.75,1197.0,1210.0,6.75,3.699,0.9,0.52,5.93,0.0
51,14.1,33.75,1192.0,1210.0,5.25,3.61,0.81,0.51,6.01,0.0
52,14.1,33.75,1189.0,1210.0,6.75,4.083,0.18,0.52,6.45,0.0
52,14.1,33.75,1196.0,1210.0,3.75,4.23,0.67,0.52,6.32,0.0
53,14.1,33.75,1194.0,1200.0,6.0,3.981,0.89,0.52,6.32,0.0
53,14.1,33.75,1188.0,1200.0,4.5,3.904,0.84,0.52,6.32,0.0
53,14.1,33.75,1194.0,1200.0,6.0,3.981,0.18,0.52,6.37,0.0
54,14.1,33.75,1197.0,1200.0,3.75,4.09,0.22,0.52,6.37,0.0
54,14.1,34.5,1199.0,1200.0,3.75,3.923,0.79,0.52,6.32,0.0
55,14.1,34.5,1191.0,1200.0,8.25,4.051,0.2,0.52,6.37,0.0
56,14.1,34.5,1203.0,1200.0,1.5,4.019,0.81,0.52,6.32,0.0
56,14.1,34.5,1195.0,1200.0,4.5,3.859,0.21,0.52,6.32,0.0
56,14.1,34.5,1199.0,1200.0,4.5,3.955,0.32,0.52,6.32,0.0
57,14.1,34.5,1193.0,1200.0,9.0,3.936,0.81,0.52,6.32,0.0
57,14.1,34.5,1200.0,1200.0,8.25,3.853,0.2,0.52,6.2,0.0
57,14.1,34.5,1202.0,1200.0,2.25,4.013,0.65,0.52,6.2,0.0
58,14.1,35.25,1204.0,1200.0,7.5,3.616,0.84,0.52,6.08,0.0
58,14.1,35.25,1192.0,1200.0,5.25,3.744,0.19,0.52,6.08,0.0
59,14.1,35.25,1204.0,1200.0,2.25,3.814,0.19,0.52,5.93,0.0
59,14.1,35.25,1200.0,1200.0,3.75,3.859,0.58,0.52,5.93,0.0
59,14.1,35.25,1198.0,1200.0,6.75,3.693,0.86,0.52,5.93,0.0
60,14.1,35.25,1197.0,1200.0,8.25,3.629,0.84,0.52,5.93,0.0
61,14.1,35.25,1199.0,1200.0,6.75,3.776,0.21,0.52,5.93,0.0
61,14.1,35.25,1195.0,1200.0,4.5,3.77,0.8,0.52,6.01,0.0
62,14.1,36.0,1189.0,1200.0,10.5,3.84,0.27,0.51,6.01,0.0
62,14.1,36.0,1192.0,1190.0,7.5,3.68,0.86,0.52,5.93,0.0
63,14.1,36.0,1185.0,1190.0,6.75,4.019,0.19,0.52,5.93,0.0
63,14.1,36.0,1193.0,1190.0,6.0,3.859,0.31,0.52,6.01,0.0
64,14.1,36.0,1163.0,990.0,10.5,3.187,0.2,0.52,5.03,0.0
64,14.1,36.0,1114.0,990.0,6.75,3.405,0.19,0.52,5.1,0.0
65,14.0,36.0,1049.0,990.0,7.5,3.853,0.86,0.52,5.1,0.0
65,14.1,36.0,1012.0,990.0,4.5,3.974,0.97,0.52,5.1,0.0
66,14.1,36.75,989.0,990.0,6.75,3.987,0.95,0.52,5.03,0.0
66,14.1,36.75,981.0,990.0,3.75,3.904,0.92,0.52,5.03,0.0
66,14.1,36.75,978.0,990.0,3.75,3.827,0.87,0.52,5.03,0.0
67,14.0,36.75,978.0,990.0,4.5,3.827,0.19,0.51,5.1,0.0
67,14.1,36.75,982.0,990.0,5.25,3.904,0.2,0.52,5.1,0.0
68,14.1,36.75,986.0,990.0,4.5,3.968,0.21,0.52,5.03,0.0
68,14.0,36.75,982.0,990.0,7.5,3.866,0.85,0.52,5.1,0.0
68,14.1,36.75,975.0,990.0,8.25,3.802,0.81,0.52,5.1,0.0
69,14.1,36.75,981.0,990.0,3.0,3.93,0.2,0.52,5.03,0.0
69,14.1,36.75,982.0,990.0,6.0,3.974,0.28,0.52,5.1,0.0
70,14.0,37.5,979.0,990.0,8.25,3.866,0.85,0.52,5.1,0.0
70,14.1,37.5,988.0,990.0,6.0,3.923,0.2,0.52,5.03,0.0
70,14.1,37.5,987.0,990.0,3.75,3.987,0.28,0.52,5.03,0.0
71,14.1,37.5,986.0,990.0,3.75,3.789,0.84,0.52,5.03,0.0
71,14.0,37.5,974.0,990.0,5.25,3.866,0.21,0.52,5.1,0.0
72,14.1,37.5,986.0,990.0,3.75,3.898,0.2,0.52,5.03,0.0
72,14.0,37.5,982.0,990.0,7.5,3.885,0.79,0.51,5.03,0.0
73,14.1,37.5,981.0,990.0,4.5,3.872,0.21,0.52,5.03,0.0
73,14.1,37.5,973.0,980.0,6.0,3.955,0.2,0.52,5.1,0.0
74,14.1,38.25,978.0,980.0,6.75,3.949,0.7,0.51,5.03,0.0
74,14.0,38.25,976.0,980.0,4.5,3.821,0.85,0.52,5.03,0.0
74,14.0,38.25,978.0,980.0,1.5,3.853,0.2,0.52,5.03,0.0
75,14.0,38.25,977.0,980.0,5.25,3.872,0.22,0.52,4.98,0.0
75,14.0,38.25,984.0,980.0,2.25,3.878,0.75,0.52,4.91,0.0
76,14.1,38.25,973.0,980.0,6.75,3.853,0.85,0.51,4.98,0.0
76,14.1,38.25,977.0,980.0,8.25,3.77,0.77,0.51,4.98,0.0
76,14.0,38.25,980.0,980.0,6.0,3.859,0.19,0.52,4.98,0.0
77,14.0,38.25,985.0,980.0,0.75,3.962,0.25,0.52,4.98,0.0
77,14.0,38.25,981.0,980.0,1.5,3.827,0.84,0.51,4.98,0.0
78,14.0,39.0,975.0,980.0,8.25,3.776,0.8,0.52,4.98,0.0
80,14.0,39.0,982.0,980.0,3.0,3.84,0.8,0.52,4.98,0.0
80,14.0,39.0,974.0,980.0,4.5,3.802,0.86,0.52,4.98,0.0
81,14.1,39.0,970.0,980.0,8.25,3.763,0.22,0.52,4.98,0.0
81,14.1,39.75,975.0,980.0,1.5,3.866,0.2,0.52,4.98,0.0
82,14.1,39.75,984.0,980.0,0.75,3.898,0.26,0.51,4.91,0.0
84,14.1,39.75,976.0,970.0,2.25,3.872,0.21,0.52,4.98,0.0
85,14.1,39.75,977.0,970.0,3.0,3.808,0.83,0.52,4.91,0.0
85,14.1,40.5,970.0,970.0,9.0,3.821,0.2,0.52,4.98,0.0
86,14.0,40.5,975.0,970.0,7.5,3.846,0.2,0.52,4.98,0.0
86,14.1,40.5,980.0,970.0,3.75,3.84,0.84,0.52,4.91,0.0
87,14.0,40.5,977.0,970.0,7.5,3.763,0.85,0.52,4.91,0.0
87,14.0,40.5,972.0,970.0,0.0,3.802,0.19,0.52,4.86,0.0
88,14.1,40.5,977.0,970.0,1.5,3.814,0.22,0.52,4.86,0.0
88,14.0,40.5,976.0,970.0,2.25,3.731,0.83,0.51,4.86,0.0
89,14.1,40.5,970.0,970.0,0.75,3.776,0.63,0.52,4.86,0.0
89,14.0,41.25,979.0,970.0,3.0,3.846,0.22,0.52,4.91,0.0
90,14.0,41.25,969.0,970.0,8.25,3.75,0.86,0.51,4.86,0.0
90,14.0,41.25,964.0,970.0,4.5,3.878,0.2,0.52,4.91,0.0
91,14.0,41.25,969.0,970.0,6.0,3.859,0.45,0.52,4.86,0.0
91,14.0,41.25,977.0,970.0,6.75,3.77,0.85,0.52,4.86,0.0
92,14.0,41.25,962.0,960.0,9.75,3.744,0.44,0.52,4.86,0.0
92,14.1,41.25,968.0,960.0,1.5,3.878,0.23,0.52,4.86,0.0
92,14.0,41.25,963.0,960.0,9.0,3.77,0.3,0.52,4.86,0.0
93,14.0,42.0,964.0,960.0,8.25,3.885,0.28,0.51,4.86,0.0
94,14.1,42.0,957.0,960.0,8.25,3.763,0.85,0.52,4.86,0.0
94,14.0,42.0,959.0,960.0,8.25,3.821,0.21,0.51,4.86,0.0
94,14.1,42.0,973.0,960.0,0.75,3.846,0.25,0.52,4.86,0.0
95,14.1,42.0,970.0,960.0,6.0,3.77,0.84,0.51,4.86,0.0
95,14.1,42.0,968.0,960.0,3.75,3.712,0.57,0.51,4.86,0.0
96,14.1,42.0,958.0,960.0,3.75,3.859,0.21,0.52,4.86,0.0
96,14.1,42.0,969.0,960.0,2.25,3.808,0.77,0.52,4.86,0.0
96,14.0,42.0,955.0,960.0,6.75,3.782,0.84,0.52,4.86,0.0
97,14.0,42.0,955.0,960.0,6.0,3.859,0.22,0.51,4.86,0.0
97,14.1,42.75,965.0,960.0,4.5,3.782,0.73,0.52,4.86,0.0
98,14.0,42.75,964.0,960.0,3.0,3.68,0.74,0.52,4.79,0.0
98,14.1,42.75,962.0,960.0,2.25,3.84,0.19,0.52,4.86,0.0
101,14.1,42.75,960.0,950.0,2.25,3.77,0.21,0.52,4.74,0.0
101,14.0,42.75,968.0,950.0,0.75,3.834,0.38,0.52,4.74,0.0
102,14.0,43.5,959.0,950.0,1.5,3.712,0.86,0.51,4.66,0.0
102,14.0,43.5,955.0,950.0,5.25,3.578,0.82,0.52,4.66,0.0
102,14.0,43.5,957.0,950.0,0.75,3.763,0.18,0.52,4.66,0.0
103,14.0,43.5,961.0,950.0,6.75,3.712,0.81,0.51,4.66,0.0
103,14.0,43.5,957.0,950.0,2.25,3.571,0.8,0.52,4.66,0.0
104,14.1,43.5,957.0,950.0,4.5,3.68,0.19,0.52,4.61,0.0
104,14.1,43.5,960.0,950.0,5.25,3.674,0.68,0.52,4.66,0.0
105,14.0,43.5,947.0,950.0,11.25,3.693,0.29,0.52,4.74,0.0
105,14.1,43.5,960.0,950.0,4.5,3.686,0.79,0.52,4.66,0.0
106,14.1,43.5,948.0,950.0,8.25,3.699,0.83,0.51,4.61,0.0
106,14.1,44.25,949.0,950.0,7.5,3.789,0.23,0.52,4.61,0.0
106,14.1,44.25,950.0,950.0,6.75,3.821,0.65,0.52,4.61,0.0
107,14.0,44.25,952.0,950.0,6.0,3.635,0.83,0.51,4.66,0.0
107,14.0,44.25,947.0,950.0,7.5,3.654,0.25,0.52,4.66,0.0
108,14.0,44.25,951.0,950.0,4.5,3.757,0.2,0.52,4.66,0.0
108,14.1,44.25,959.0,950.0,3.0,3.738,0.27,0.52,4.54,0.0
109,14.1,44.25,950.0,940.0,5.25,3.712,0.19,0.52,4.54,0.0
109,14.1,44.25,953.0,940.0,6.0,3.725,0.22,0.52,4.49,0.0
110,14.0,44.25,952.0,940.0,9.0,3.597,0.85,0.52,4.49,0.0
110,14.0,45.0,947.0,940.0,4.5,3.718,0.28,0.52,4.49,0.0
111,14.0,45.0,951.0,940.0,1.5,3.68,0.81,0.52,4.49,0.0
112,14.1,45.0,944.0,940.0,5.25,3.725,0.2,0.52,4.49,0.0
112,14.1,45.0,954.0,940.0,6.0,3.68,0.26,0.51,4.49,0.0
113,14.1,45.0,941.0,940.0,9.75,3.648,0.73,0.52,4.49,0.0
113,14.0,45.0,946.0,940.0,7.5,3.763,0.2,0.52,4.49,0.0
113,14.0,45.0,947.0,940.0,6.0,3.725,0.75,0.52,4.49,0.0
114,14.1,45.0,947.0,940.0,9.0,3.68,0.22,0.51,4.49,0.0
115,14.1,45.0,946.0,940.0,3.0,3.776,0.25,0.52,4.49,0.0
115,14.1,45.75,946.0,940.0,5.25,3.718,0.85,0.51,4.49,0.0
116,14.0,45.75,942.0,940.0,6.75,3.635,0.65,0.52,4.49,0.0
116,14.1,45.75,950.0,940.0,0.75,3.757,0.26,0.52,4.49,0.0
117,14.1,45.75,942.0,940.0,2.25,3.693,0.86,0.52,4.49,0.0
117,14.1,45.75,942.0,940.0,3.75,3.674,0.74,0.52,4.49,0.0
117,14.1,45.75,948.0,940.0,3.75,3.712,0.25,0.52,4.42,0.0
118,14.0,45.75,939.0,940.0,3.0,3.642,0.79,0.52,4.49,0.0
118,14.1,45.75,933.0,930.0,6.0,3.699,0.84,0.52,4.49,0.0
119,14.1,45.75,939.0,930.0,4.5,3.693,0.22,0.52,4.49,0.0
119,14.1,45.75,936.0,980.0,8.25,4.435,0.21,0.52,6.86,0.0
119,14.1,45.75,989.0,980.0,-2.25,3.91,0.89,0.51,4.79,0.0
120,13.8,46.5,975.0,980.0,1.5,3.808,0.91,0.51,4.86,0.0
120,14.0,46.5,985.0,980.0,-0.75,3.744,0.21,0.52,4.91,0.0
121,14.1,46.5,981.0,980.0,5.25,3.962,0.19,0.52,4.98,0.0
121,14.1,46.5,982.0,930.0,2.25,3.661,0.22,0.52,4.61,0.0
122,14.1,46.5,967.0,930.0,5.25,3.59,0.84,0.51,4.42,0.0
122,14.1,46.5,950.0,930.0,10.5,3.552,0.23,0.51,4.49,0.0
122,14.1,46.5,947.0,930.0,9.0,3.674,0.21,0.52,4.37,0.0
125,14.1,46.5,963.0,980.0,6.75,4.006,0.19,0.52,5.03,0.0
125,14.1,47.25,973.0,980.0,3.0,3.981,0.21,0.52,4.86,0.0
126,14.1,47.25,979.0,930.0,0.75,3.808,0.69,0.52,4.42,0.0
126,14.0,47.25,950.0,930.0,9.0,3.514,0.81,0.52,4.42,0.0
126,14.1,47.25,938.0,930.0,7.5,3.68,0.21,0.52,4.42,0.0
127,14.0,47.25,938.0,930.0,2.25,3.674,0.8,0.52,4.42,0.0
127,14.1,47.25,942.0,930.0,4.5,3.565,0.86,0.52,4.37,0.0
128,14.0,47.25,944.0,980.0,-0.75,4.166,0.33,0.52,4.98,0.0
128,13.8,47.25,982.0,980.0,3.0,3.866,0.8,0.52,4.91,0.0
129,13.8,47.25,971.0,980.0,6.0,3.923,0.85,0.52,5.03,0.0
129,13.8,47.25,979.0,1080.0,4.5,4.339,0.2,0.52,6.49,0.0
129,13.8,47.25,1182.0,1480.0,3.0,7.13,0.89,0.51,11.72,0.0
130,13.8,47.25,1464.0,1500.0,2.25,5.178,0.93,0.51,8.94,0.0
132,13.8,48.0,1313.0,1940.0,9.75,4.531,0.19,0.52,8.81,21.75
133,13.8,48.0,1259.0,900.0,-0.75,3.251,0.17,0.52,5.1,0.0
133,13.8,48.0,1171.0,900.0,5.25,3.149,0.16,0.52,5.22,0.0
133,13.8,48.0,1099.0,1200.0,6.0,6.842,0.18,0.51,10.03,0.0
134,13.8,48.0,1282.0,1480.0,0.0,5.939,0.94,0.51,9.06,0.0
134,13.8,48.0,1258.0,1200.0,5.25,4.416,0.83,0.51,6.45,0.0
134,13.8,48.0,1303.0,900.0,0.0,2.675,0.18,0.52,4.86,0.0
135,13.8,48.0,1188.0,900.0,7.5,2.912,0.16,0.51,4.98,0.0
135,13.8,48.75,1063.0,900.0,5.25,3.571,0.17,0.51,5.03,0.0
136,13.8,48.75,1062.0,1300.0,0.75,7.36,0.81,0.51,10.99,0.0
138,13.8,48.75,1322.0,900.0,9.0,2.554,0.4,0.51,4.98,0.0
139,13.8,48.75,1167.0,900.0,15.75,2.758,0.16,0.51,4.86,0.0
139,13.8,48.75,1082.0,900.0,4.5,3.277,0.16,0.51,4.91,0.0
139,13.8,48.75,1008.0,900.0,2.25,3.776,0.19,0.51,4.98,0.0
140,13.8,48.75,967.0,900.0,-3.75,3.994,0.84,0.51,4.86,0.0
140,13.8,48.75,1020.0,10.0,-0.75,6.765,0.87,0.51,9.42,-86.25
141,13.8,49.5,1327.0,1400.0,-1.5,6.765,0.92,0.51,10.03,0.0
141,13.8,49.5,1360.0,1000.0,5.25,2.886,0.2,0.51,4.86,0.0
141,13.9,49.5,1226.0,900.0,19.5,2.317,0.15,0.5,4.54,0.0
142,13.8,49.5,1099.0,900.0,12.75,3.162,0.16,0.49,4.91,0.0
142,14.0,49.5,1030.0,900.0,2.25,3.75,0.18,0.47,5.15,0.0
143,14.0,49.5,995.0,1100.0,5.25,6.893,0.73,0.47,10.74,0.0
143,14.0,49.5,1469.0,2540.0,0.0,7.84,0.96,0.46,13.62,79.5
143,14.0,49.5,1815.0,1500.0,9.75,3.872,0.17,0.4,8.62,0.0
144,13.8,49.5,1582.0,1500.0,-11.25,4.685,0.47,0.35,8.62,0.0
144,13.0,49.5,1162.0,1500.0,-24.75,9.446,0.18,0.31,14.04,0.0
145,13.2,49.5,1067.0,1500.0,-10.5,10.547,0.91,0.3,21.29,0.0
145,14.0,49.5,1065.0,1500.0,-8.25,10.003,0.98,0.25,22.8,0.0
145,14.0,49.5,1245.0,1500.0,-8.25,9.811,0.45,0.16,21.22,0.0
146,14.1,50.25,1421.0,1500.0,-1.5,7.674,0.92,0.15,15.06,0.0
146,14.1,50.25,1677.0,1500.0,10.5,4.397,0.18,1.27,11.84,0.0
147,14.1,50.25,1735.0,1500.0,6.0,3.507,0.16,0.93,10.64,0.0
149,14.1,50.25,1621.0,900.0,2.25,2.72,0.17,0.43,9.35,0.0
150,14.1,50.25,1787.0,900.0,31.5,3.36,0.29,0.92,8.37,0.0
150,14.1,50.25,1890.0,900.0,30.75,3.315,0.19,0.27,7.1,0.0
150,14.1,50.25,1816.0,900.0,32.25,2.982,0.18,0.65,7.35,0.0
151,14.1,51.0,1885.0,900.0,32.25,3.008,0.84,0.59,7.35,0.0
153,14.1,51.0,2166.0,900.0,33.0,2.701,0.91,0.94,7.23,0.0
154,14.1,51.0,2171.0,900.0,21.75,2.598,0.81,0.87,7.06,0.0
158,14.1,51.75,1807.0,900.0,33.0,2.707,0.17,0.19,6.37,0.0
159,14.1,51.75,1829.0,900.0,33.75,2.445,0.18,0.18,5.88,0.0
159,14.1,51.75,1800.0,900.0,35.25,2.208,0.18,0.19,5.15,0.0
160,14.1,51.75,1760.0,900.0,35.25,2.24,0.2,0.2,4.79,0.0
160,14.1,51.75,1720.0,900.0,35.25,2.061,0.81,0.8,4.0,0.0
161,14.1,51.75,1647.0,900.0,18.0,2.08,0.95,0.94,3.93,0.0
161,14.1,51.75,1557.0,900.0,15.75,2.573,0.97,0.97,4.98,0.0
161,14.1,51.75,1552.0,900.0,23.25,3.36,0.96,0.98,6.79,0.0
162,14.1,51.75,1538.0,900.0,10.5,4.051,0.95,0.98,7.4,0.0
162,14.1,52.5,1589.0,900.0,9.75,3.821,0.94,0.96,7.15,0.0
163,14.1,52.5,1639.0,900.0,12.75,3.494,0.19,0.68,7.1,0.0
163,14.1,52.5,1668.0,900.0,14.25,3.424,0.2,0.21,7.1,0.0
164,14.1,52.5,1718.0,900.0,14.25,3.206,0.22,0.22,6.93,0.0
164,14.1,52.5,1737.0,900.0,18.0,3.238,0.22,0.22,7.06,0.0
165,14.1,52.5,1766.0,900.0,18.75,3.283,0.22,0.22,7.35,0.0
165,14.1,52.5,1824.0,900.0,18.0,3.379,0.2,0.23,7.47,0.0
165,14.1,52.5,1826.0,900.0,21.0,2.848,0.34,0.77,6.69,0.0
166,14.1,52.5,1845.0,900.0,33.75,2.643,0.88,0.89,6.08,0.0
166,14.1,52.5,1876.0,900.0,33.75,2.304,0.87,0.87,5.35,0.0
167,14.1,52.5,1852.0,900.0,35.25,2.189,0.19,0.71,5.22,0.0
167,14.1,52.5,1854.0,900.0,35.25,2.227,0.22,0.22,5.1,0.0
167,14.1,52.5,1771.0,900.0,35.25,2.054,0.81,0.82,4.25,0.0
168,14.1,52.5,1714.0,900.0,36.0,1.946,0.2,0.2,4.0,0.0
168,14.1,53.25,1625.0,900.0,24.0,2.163,0.87,0.78,4.61,0.0
169,14.1,53.25,1545.0,900.0,32.25,3.066,0.97,0.96,6.49,0.0
169,14.1,53.25,1547.0,900.0,12.75,3.923,0.97,0.98,7.35,0.0
169,14.1,53.25,1609.0,900.0,11.25,4.23,0.96,0.98,7.84,0.0
170,14.1,53.25,1677.0,900.0,14.25,3.699,0.93,0.97,7.71,0.0
170,14.1,53.25,1738.0,900.0,18.75,3.347,0.18,0.22,7.91,0.0
171,14.1,53.25,1752.0,900.0,16.5,3.27,0.19,0.2,7.47,0.0
171,14.1,53.25,1767.0,900.0,17.25,3.437,0.18,0.2,7.71,0.0
171,14.1,53.25,1792.0,900.0,15.75,3.539,0.19,0.2,7.84,0.0
172,14.1,53.25,1836.0,900.0,18.75,3.334,0.85,0.73,7.76,0.0
172,14.1,53.25,1908.0,900.0,25.5,3.232,0.87,0.74,7.35,0.0
173,14.1,53.25,1953.0,2520.0,15.75,3.098,0.93,0.92,7.06,-60.75
175,14.1,54.0,2047.0,900.0,33.0,2.886,0.97,0.98,6.93,0.0
175,14.1,54.0,2073.0,900.0,33.0,2.797,0.95,0.97,6.93,0.0
176,14.1,54.0,2066.0,900.0,21.0,2.541,0.93,0.97,6.32,0.0
176,14.1,54.0,2057.0,900.0,34.5,2.195,0.85,0.93,5.4,0.0
177,14.1,54.0,2002.0,900.0,34.5,1.958,0.69,0.9,5.1,0.0
177,14.1,54.0,1970.0,900.0,35.25,2.003,0.17,0.21,5.15,0.0
177,14.1,54.0,1841.0,900.0,11.25,2.458,0.16,0.19,7.35,0.0
178,14.1,54.0,1973.0,2520.0,30.75,3.52,0.19,0.2,8.81,-61.5
178,14.1,54.0,1971.0,900.0,31.5,3.366,0.17,0.2,7.59,0.0
179,14.1,54.0,1945.0,900.0,32.25,2.784,0.89,0.89,6.86,0.0
179,14.1,54.0,2126.0,900.0,33.0,2.944,0.78,0.6,7.06,0.0
179,14.1,54.0,2089.0,900.0,33.0,2.848,0.87,0.9,7.1,0.0
180,14.1,54.75,2074.0,900.0,33.0,2.765,0.92,0.95,6.98,0.0
180,14.1,54.75,2127.0,900.0,33.0,2.675,0.69,0.87,6.98,0.0
180,14.1,54.75,2158.0,900.0,33.0,2.714,0.25,0.61,6.98,0.0
183,14.1,54.75,2241.0,900.0,28.5,2.528,0.22,0.54,6.98,0.0
183,14.1,54.75,2177.0,900.0,20.25,2.387,0.87,0.85,6.01,0.0
184,14.1,54.75,2178.0,900.0,35.25,2.029,0.91,0.93,5.27,0.0
184,14.1,54.75,2083.0,900.0,24.0,1.933,0.94,0.98,4.91,0.0
185,14.1,54.75,2003.0,900.0,36.0,1.67,0.83,0.91,4.13,0.0
185,14.1,54.75,1879.0,900.0,36.75,1.421,0.17,0.2,3.81,0.0
185,14.1,54.75,1714.0,900.0,13.5,2.054,0.14,0.18,5.15,0.0
186,14.1,55.5,1655.0,900.0,32.25,2.906,0.15,0.19,6.79,0.0
186,14.1,55.5,1670.0,900.0,30.0,3.674,0.16,0.21,8.08,0.0
187,14.1,55.5,1733.0,900.0,30.0,3.558,0.16,0.21,8.08,0.0
187,14.1,55.5,1799.0,900.0,32.25,2.912,0.16,0.2,7.23,0.0
187,14.1,55.5,1846.0,900.0,18.0,2.918,0.16,0.2,7.06,0.0
188,14.0,55.5,1808.0,900.0,33.75,2.56,0.17,0.2,6.01,0.0
188,14.0,55.5,1811.0,900.0,34.5,2.221,0.17,0.21,5.35,0.0
189,14.0,55.5,1755.0,900.0,24.75,2.234,0.17,0.21,5.15,0.0
189,14.1,55.5,1737.0,900.0,33.0,3.027,0.17,0.21,7.1,0.0
189,14.1,55.5,1746.0,900.0,30.75,4.026,0.21,0.23,8.25,0.0
190,14.1,55.5,1851.0,900.0,30.75,3.93,0.91,0.92,8.69,0.0
192,14.1,56.25,2227.0,900.0,19.5,2.368,0.41,0.83,6.32,0.0
193,14.1,56.25,2211.0,900.0,34.5,2.048,0.83,0.71,5.4,0.0
193,14.1,56.25,2127.0,900.0,23.25,2.048,0.95,0.94,5.1,0.0
193,14.1,56.25,2109.0,900.0,34.5,2.394,0.89,0.96,7.06,0.0
194,14.1,56.25,2100.0,900.0,25.5,2.874,0.19,0.22,7.35,0.0
194,14.1,56.25,2069.0,900.0,18.0,2.72,0.2,0.24,6.79,0.0
195,14.1,56.25,2075.0,900.0,21.75,2.426,0.21,0.25,6.01,0.0
195,14.1,56.25,2013.0,900.0,34.5,2.093,0.83,0.81,5.27,0.0
195,14.1,56.25,1976.0,900.0,34.5,2.093,0.19,0.25,5.03,0.0
196,14.1,56.25,1961.0,900.0,33.75,2.464,0.23,0.65,6.98,0.0
196,14.1,56.25,1972.0,900.0,32.25,3.155,0.2,0.24,7.47,0.0
197,14.1,56.25,1987.0,900.0,15.75,2.906,0.86,0.85,6.86,0.0
197,14.1,56.25,2007.0,900.0,20.25,2.605,0.63,0.48,6.01,0.0
197,14.1,56.25,1978.0,900.0,34.5,2.118,0.84,0.87,5.27,0.0
198,14.0,56.25,1920.0,900.0,35.25,2.016,0.19,0.24,5.1,0.0
198,14.0,56.25,1807.0,900.0,36.0,1.882,0.16,0.22,4.79,0.0
201,14.1,57.0,1078.0,900.0,13.5,3.821,0.99,1.02,5.15,0.0
201,14.1,57.0,1127.0,900.0,15.75,3.392,0.94,0.99,5.22,0.0
201,14.1,57.0,1106.0,900.0,11.25,3.45,0.19,0.46,5.22,0.0
202,14.0,57.0,1172.0,900.0,16.5,3.238,0.18,0.22,5.27,0.0
202,14.0,57.0,1177.0,900.0,12.75,3.251,0.18,0.2,5.27,0.0
203,14.1,57.0,1172.0,900.0,15.75,3.373,0.18,0.21,5.52,0.0
203,14.1,57.0,1218.0,900.0,9.75,3.77,0.18,0.21,6.08,0.0
203,14.1,57.0,1268.0,900.0,8.25,4.077,0.32,0.27,6.32,0.0
204,14.0,57.0,1297.0,900.0,7.5,3.987,0.91,0.92,6.18,0.0
204,14.0,57.0,1328.0,900.0,10.5,3.629,0.6,0.89,6.25,0.0
205,14.1,57.0,1377.0,900.0,11.25,3.994,0.62,0.24,6.79,0.0
205,14.1,57.0,1452.0,900.0,12.0,3.77,0.89,0.89,6.98,0.0
205,14.1,57.75,1508.0,900.0,12.75,3.712,0.2,0.27,7.15,0.0
206,14.1,57.75,1580.0,900.0,9.0,4.627,0.85,0.72,8.62,0.0
206,14.1,57.75,1651.0,900.0,12.0,4.288,0.94,0.94,8.86,0.0
207,14.1,57.75,1782.0,900.0,30.0,4.032,0.18,0.22,9.67,0.0
207,14.1,57.75,1840.0,900.0,16.5,4.416,0.17,0.2,10.03,0.0
207,14.1,57.75,2005.0,2520.0,29.25,4.691,0.95,0.9,10.21,9.75
208,14.1,57.75,2188.0,900.0,15.0,3.187,0.99,1.0,3.76,0.0
208,14.1,57.75,1870.0,900.0,36.75,1.261,0.17,0.75,3.32,0.0
209,14.1,57.75,1497.0,900.0,34.5,1.766,0.16,0.18,3.44,0.0
209,14.1,57.75,1367.0,900.0,22.5,4.25,0.18,0.19,7.3,0.0
209,14.1,57.75,1270.0,900.0,27.75,4.16,0.74,0.7,6.74,0.0
210,14.1,57.75,1318.0,900.0,26.25,4.736,0.21,0.23,7.4,0.0
210,13.7,57.75,1245.0,2000.0,30.75,3.674,0.11,0.72,9.67,93.0
211,14.0,57.75,1443.0,1940.0,25.5,5.331,0.11,1.15,9.06,93.0
211,14.0,57.75,1437.0,900.0,25.5,5.216,0.27,0.85,9.89,0.0
211,14.0,57.75,1562.0,900.0,21.75,7.302,0.21,0.24,14.4,0.0
212,14.1,58.5,1677.0,900.0,21.0,6.682,0.2,0.65,13.99,0.0
212,14.1,58.5,1812.0,900.0,22.5,6.56,0.17,0.2,14.94,0.0
213,14.1,58.5,1924.0,900.0,22.5,7.085,0.19,0.21,15.31,0.0
213,14.1,58.5,2075.0,900.0,22.5,7.059,0.93,0.91,15.01,0.0
213,14.1,58.5,2194.0,900.0,24.75,6.029,0.98,1.0,13.55,0.0
214,14.1,58.5,2298.0,900.0,27.0,5.434,0.96,0.99,13.31,0.0
214,14.1,58.5,2395.0,900.0,27.75,5.094,0.2,0.65,13.99,0.0
215,14.1,58.5,2474.0,900.0,29.25,4.659,0.18,0.22,12.94,0.0
215,14.1,58.5,2556.0,900.0,27.0,6.33,0.18,0.22,18.12,0.0
215,14.1,58.5,2648.0,900.0,21.75,5.184,0.19,0.24,13.55,0.0
216,14.1,58.5,2677.0,900.0,34.5,3.149,0.17,0.22,10.45,0.0
216,14.1,58.5,2695.0,900.0,22.5,2.906,0.2,0.23,9.3,0.0
217,14.0,58.5,2684.0,900.0,36.75,2.624,0.74,0.26,8.13,0.0
217,14.1,58.5,2481.0,900.0,19.5,2.714,0.93,0.93,6.37,0.0
217,14.0,58.5,2198.0,900.0,13.5,2.381,1.03,1.05,3.93,0.0
218,14.0,59.25,1972.0,900.0,13.5,1.869,1.04,1.06,3.56,0.0
218,14.0,59.25,1817.0,900.0,10.5,1.632,0.93,1.05,3.39,0.0
221,14.1,59.25,2204.0,900.0,14.25,10.4,0.99,1.03,30.05,0.0
221,14.1,59.25,2385.0,900.0,16.5,9.875,0.99,1.06,33.33,0.0
221,14.1,59.25,2585.0,900.0,18.75,9.869,0.19,0.37,39.79,0.0
222,14.1,59.25,2805.0,900.0,18.75,10.746,0.18,0.24,38.5,0.0
222,14.1,59.25,3025.0,900.0,20.25,10.182,0.89,0.88,32.59,0.0
223,14.1,59.25,3042.0,900.0,18.0,0.55,0.93,1.0,2.29,0.0
223,14.1,59.25,2584.0,900.0,39.0,1.549,0.15,0.24,5.4,0.0
223,14.1,59.25,2235.0,900.0,25.5,6.566,0.95,0.89,14.23,0.0
224,14.1,60.0,2069.0,900.0,22.5,7.078,0.93,0.98,16.53,0.0
224,14.1,60.0,2141.0,900.0,15.0,10.72,0.77,0.7,30.52,0.0
225,14.1,60.0,2215.0,900.0,15.0,9.894,0.98,1.01,27.66,0.0
225,14.1,60.0,2283.0,2520.0,15.75,9.299,0.99,1.06,26.22,-14.25
225,14.1,60.0,2351.0,900.0,17.25,8.454,0.98,1.05,26.1,0.0
226,14.1,60.0,2394.0,900.0,18.75,8.333,0.19,0.77,26.27,0.0
226,14.1,60.0,2459.0,900.0,20.25,7.942,0.2,0.3,24.63,0.0
227,14.1,60.0,2533.0,900.0,23.25,6.938,0.21,0.31,19.82,0.0
227,14.1,60.0,2562.0,900.0,33.75,2.47,0.16,0.27,10.21,0.0
227,14.1,60.0,2523.0,900.0,34.5,2.637,0.18,0.27,8.98,0.0
228,14.1,60.0,2548.0,900.0,36.0,2.541,0.19,0.28,8.08,0.0
228,14.1,60.0,2529.0,900.0,36.75,2.214,0.88,0.93,7.1,0.0
229,14.1,60.0,2482.0,900.0,37.5,1.843,0.87,0.86,5.1,0.0
229,14.1,60.0,2444.0,900.0,5.25,1.779,0.87,0.96,5.15,0.0
229,14.1,60.0,2407.0,2500.0,-13.5,0.0,0.11,0.49,5.15,-22.5
230,14.0,60.75,2335.0,900.0,-14.25,0.0,0.13,0.23,5.03,0.0
230,14.0,60.75,2216.0,2500.0,-14.25,0.0,0.12,0.23,4.66,-7.5
231,14.0,60.75,2078.0,900.0,-14.25,0.0,0.12,0.22,4.17,0.0
231,14.0,60.75,1941.0,900.0,-12.75,0.0,0.12,0.22,3.93,0.0
231,14.0,60.75,1834.0,900.0,-12.0,0.0,0.12,0.22,3.93,0.0
232,13.9,60.75,1738.0,900.0,-12.75,0.0,0.12,0.22,3.93,0.0
232,14.0,60.75,1662.0,900.0,-14.25,0.0,0.12,0.22,3.93,0.0
233,14.1,60.75,1625.0,900.0,-14.25,0.0,0.12,0.22,3.93,0.0
233,14.0,60.75,1592.0,2520.0,-2.25,2.496,0.13,0.22,3.88,39.75
233,14.1,61.5,1580.0,900.0,6.75,6.298,0.96,0.93,12.77,0.0
234,14.0,61.5,1602.0,900.0,9.0,12.365,1.0,1.05,33.03,0.0
234,14.1,61.5,1674.0,900.0,12.75,10.08,0.25,0.92,27.0,0.0
235,14.0,61.5,1755.0,900.0,17.25,9.318,0.31,0.45,22.02,0.0
235,14.0,61.5,1828.0,900.0,18.0,9.171,0.2,0.3,21.7,0.0
235,14.1,61.5,1902.0,900.0,18.75,9.005,0.86,0.93,20.68,0.0
236,14.0,61.5,1964.0,900.0,22.5,6.483,0.97,1.03,14.65,0.0
236,14.1,61.5,1992.0,900.0,14.25,3.411,0.94,1.03,7.96,0.0
237,14.1,61.5,1979.0,2000.0,32.25,2.464,0.11,0.5,371.88,93.75
237,14.1,61.5,1976.0,900.0,12.0,2.349,0.2,0.66,6.45,0.0
237,14.1,61.5,1976.0,900.0,34.5,2.022,0.19,0.27,5.35,0.0
238,14.1,62.25,1951.0,900.0,34.5,2.029,0.18,0.28,5.15,0.0
238,14.1,62.25,1919.0,2510.0,20.25,1.824,0.18,0.28,3.93,13.5
238,14.1,62.25,1876.0,900.0,5.25,1.626,0.15,0.24,4.0,0.0
239,14.1,62.25,1832.0,900.0,-12.0,0.0,0.15,0.23,3.93,0.0
239,14.1,62.25,1790.0,900.0,-12.0,0.0,0.13,0.22,3.93,0.0
240,13.9,62.25,1742.0,900.0,-13.5,0.0,0.12,0.22,4.0,0.0
240,14.0,62.25,1668.0,900.0,-14.25,0.0,0.12,0.2,4.05,0.0
240,13.9,62.25,1429.0,900.0,-15.0,0.0,0.12,0.2,4.05,0.0
241,13.2,62.25,1136.0,900.0,3.75,4.256,0.12,0.2,4.79,0.0
241,13.8,62.25,1143.0,900.0,0.0,3.494,0.93,0.93,4.74,0.0
242,14.0,62.25,1088.0,900.0,0.75,3.386,0.94,1.01,3.88,0.0
244,14.1,63.0,1321.0,900.0,33.75,2.829,0.18,0.22,9.42,0.0
245,14.1,63.0,1730.0,900.0,30.75,3.744,0.94,0.92,8.69,0.0
245,14.1,63.0,1683.0,900.0,29.25,4.205,0.82,0.58,8.2,0.0
245,14.1,63.0,1713.0,900.0,29.25,4.576,0.87,0.93,10.4,0.0
246,14.1,63.0,1760.0,900.0,29.25,4.403,0.19,0.38,9.79,0.0
248,14.1,63.75,2405.0,900.0,24.0,6.79,0.28,0.87,19.17,0.0
249,14.1,63.75,2548.0,900.0,24.0,7.29,0.18,0.24,21.09,0.0
249,14.1,63.75,2840.0,900.0,24.0,8.256,0.17,0.23,23.78,0.0
250,14.1,63.75,2966.0,900.0,23.25,8.781,0.39,0.29,24.15,0.0
250,14.1,63.75,3173.0,900.0,23.25,8.09,0.91,0.94,23.36,0.0
251,14.1,63.75,3322.0,900.0,23.25,7.475,0.81,0.94,23.17,0.0
251,14.1,63.75,3433.0,900.0,12.0,4.269,0.93,0.99,13.75,0.0
251,14.1,63.75,3186.0,900.0,39.0,1.466,0.19,0.27,6.93,0.0
252,14.1,63.75,2763.0,900.0,39.0,1.453,0.15,0.24,6.54,0.0
252,14.1,63.75,2240.0,900.0,4.5,5.754,0.86,0.31,13.18,0.0
253,14.1,64.5,2247.0,900.0,23.25,7.456,0.98,1.01,16.89,0.0
253,14.1,64.5,2312.0,900.0,17.25,8.934,0.89,0.98,25.73,0.0
253,14.1,64.5,2390.0,900.0,19.5,8.294,0.2,0.43,25.0,0.0
254,14.1,64.5,2461.0,900.0,20.25,8.442,0.21,0.28,25.73,0.0
254,14.1,64.5,2516.0,2520.0,21.0,8.608,0.11,0.48,1046.88,78.0
255,14.1,64.5,2599.0,900.0,21.0,8.896,0.19,0.28,27.54,0.0
255,14.1,64.5,2674.0,900.0,21.75,8.806,0.2,0.3,25.98,0.0
255,14.1,64.5,2710.0,900.0,32.25,3.072,0.93,0.96,10.69,0.0
256,14.1,64.5,2715.0,900.0,23.25,2.56,0.17,0.26,9.55,0.0
256,14.1,64.5,2748.0,900.0,29.25,7.424,0.22,0.27,18.9,0.0
257,14.1,64.5,2783.0,900.0,27.0,7.104,0.88,0.96,18.97,0.0
257,14.1,64.5,2829.0,900.0,27.0,6.803,0.4,0.86,18.55,0.0
257,14.1,64.5,2876.0,900.0,27.0,6.906,0.22,0.72,18.97,0.0
258,14.1,64.5,2922.0,900.0,28.5,4.838,0.24,0.75,13.06,0.0
258,14.1,65.25,2932.0,900.0,35.25,3.053,0.18,0.28,10.4,0.0
259,14.1,65.25,2921.0,900.0,37.5,2.413,0.24,0.31,7.96,0.0
259,14.1,65.25,2858.0,900.0,39.75,1.837,0.23,0.82,6.49,0.0
259,14.1,65.25,2881.0,900.0,36.75,2.97,0.19,0.29,10.4,0.0
260,14.1,65.25,2909.0,900.0,35.25,3.27,0.78,0.87,10.5,0.0
260,14.1,65.25,2867.0,900.0,34.5,3.917,0.83,0.89,11.96,0.0
261,14.1,65.25,2886.0,900.0,33.75,3.93,0.83,0.92,12.04,0.0
261,14.1,65.25,2888.0,900.0,33.75,3.974,0.79,0.63,12.08,0.0
261,14.1,65.25,2893.0,900.0,34.5,3.584,0.78,0.56,10.74,0.0
262,14.1,65.25,2844.0,900.0,39.0,1.926,0.19,0.55,6.74,0.0
262,14.1,65.25,2668.0,900.0,39.0,2.099,0.24,0.3,6.13,0.0
263,14.1,65.25,2220.0,900.0,18.0,2.995,0.14,0.22,9.3,0.0
263,14.1,66.0,2084.0,900.0,30.75,5.069,1.02,1.05,10.21,0.0
263,14.1,66.0,2078.0,900.0,26.25,6.464,1.01,1.08,12.94,0.0
264,14.1,66.0,2083.0,900.0,25.5,6.291,1.0,1.08,13.31,0.0
264,14.1,66.0,2093.0,900.0,26.25,5.363,0.98,1.07,12.21,0.0
265,14.1,66.0,2107.0,900.0,27.0,5.075,0.94,1.05,12.21,0.0
265,14.1,66.0,2116.0,900.0,27.0,4.877,0.9,1.03,12.21,0.0
265,14.1,66.0,2125.0,900.0,27.75,4.89,0.2,0.72,12.33,0.0
266,14.1,66.0,2127.0,900.0,27.75,4.909,0.78,0.8,12.33,0.0
266,14.1,66.0,2132.0,900.0,27.0,4.992,0.22,0.45,12.4,0.0
267,14.1,66.0,2139.0,900.0,27.0,5.05,0.23,0.65,12.45,0.0
267,14.1,66.0,2148.0,900.0,27.0,4.979,0.81,0.86,12.57,0.0
268,14.1,66.0,2154.0,900.0,27.0,5.043,0.79,0.78,12.57,0.0
268,14.1,66.0,2162.0,900.0,27.0,5.011,0.79,0.77,12.57,0.0
268,14.1,66.0,2169.0,2520.0,27.0,5.094,0.11,0.32,728.13,93.75
269,14.1,66.75,2177.0,900.0,27.75,5.043,0.22,0.76,12.57,-0.75
269,14.1,66.75,2182.0,900.0,27.75,4.998,0.27,0.81,12.45,-0.75
270,14.1,66.75,2189.0,900.0,28.5,4.794,0.81,0.87,12.21,-0.75
270,14.1,66.75,2189.0,900.0,15.0,3.398,0.21,0.51,8.13,0.0
272,14.1,66.75,2156.0,900.0,29.25,4.384,0.26,0.32,10.99,0.0
273,14.1,66.75,2166.0,900.0,29.25,4.205,0.82,0.86,10.89,0.0
273,14.1,66.75,2168.0,900.0,29.25,4.307,0.36,0.33,10.82,0.0
274,14.1,66.75,2173.0,900.0,29.25,4.109,0.54,0.84,10.64,0.0
274,14.1,66.75,2179.0,900.0,29.25,4.154,0.8,0.62,10.64,0.0
274,14.1,67.5,2178.0,900.0,30.0,4.064,0.23,0.43,10.4,0.0
275,14.1,67.5,2179.0,900.0,30.0,3.814,0.82,0.85,9.72,0.0
275,14.1,67.5,2179.0,900.0,30.75,3.667,0.35,0.33,9.42,0.0
276,14.1,67.5,2175.0,900.0,30.75,3.501,0.71,0.84,9.3,0.0
276,14.1,67.5,2173.0,900.0,30.75,3.565,0.84,0.78,9.3,0.0
276,14.1,67.5,2173.0,900.0,31.5,3.578,0.2,0.3,9.3,0.0
277,14.1,67.5,2161.0,900.0,16.5,2.701,0.22,0.5,7.06,0.0
277,14.1,67.5,2160.0,900.0,11.25,2.394,0.19,0.26,6.2,0.0
277,14.1,67.5,2135.0,900.0,25.5,2.118,0.76,0.63,5.15,0.0
278,14.1,67.5,2109.0,900.0,12.75,1.888,0.94,0.98,4.05,0.0
278,14.1,67.5,2086.0,2500.0,1.5,1.542,0.18,0.42,3.32,-94.5
279,14.1,67.5,2059.0,900.0,-12.75,0.0,0.16,0.22,3.56,0.0
279,14.1,67.5,2029.0,900.0,-13.5,0.0,0.13,0.2,3.93,0.0
280,14.1,67.5,1998.0,900.0,-14.25,0.0,0.12,0.19,4.0,0.0
280,14.1,67.5,1942.0,900.0,-13.5,0.0,0.12,0.19,4.0,0.0
281,14.1,67.5,1915.0,900.0,-12.75,0.0,0.12,0.2,4.0,0.0
281,14.1,68.25,1884.0,900.0,-12.75,0.0,0.12,0.19,4.05,0.0
282,14.1,68.25,1857.0,900.0,-12.75,0.0,0.12,0.19,4.13,0.0
282,14.1,68.25,1829.0,900.0,-12.75,0.0,0.12,0.19,4.05,0.0
282,14.1,68.25,1802.0,900.0,-12.75,0.0,0.12,0.2,4.13,0.0
285,13.5,68.25,1121.0,900.0,0.0,3.552,0.16,0.21,4.3,0.0
285,14.0,68.25,1057.0,900.0,0.75,3.469,0.94,0.96,4.17,0.0
286,14.1,68.25,1025.0,900.0,2.25,3.917,0.97,1.03,4.66,0.0
286,14.0,68.25,1008.0,900.0,0.75,2.886,0.98,1.04,3.15,0.0
286,14.0,68.25,950.0,900.0,12.0,2.899,0.93,1.03,3.56,0.0
287,14.0,68.25,905.0,900.0,12.75,3.667,0.21,0.82,7.1,0.0
287,14.0,68.25,954.0,900.0,-1.5,3.853,0.86,0.75,4.74,0.0
288,14.0,68.25,918.0,900.0,6.75,3.904,0.89,0.94,3.88,0.0
288,14.0,68.25,902.0,900.0,-1.5,3.194,0.2,0.3,3.32,0.0
288,14.0,68.25,894.0,900.0,7.5,3.117,0.21,0.26,3.44,0.0
289,14.0,68.25,928.0,900.0,-0.75,3.872,0.39,0.37,4.79,0.0
289,14.0,68.25,931.0,900.0,0.0,3.61,0.9,0.9,3.32,0.0
290,14.1,68.25,903.0,900.0,6.0,3.014,0.9,0.94,3.2,0.0
290,14.1,68.25,908.0,900.0,-3.0,3.725,0.22,0.88,4.54,0.0
290,14.0,68.25,917.0,900.0,-0.75,3.731,0.38,0.26,3.32,0.0
291,14.0,68.25,888.0,900.0,9.0,3.213,0.84,0.86,4.37,0.0
291,14.1,68.25,902.0,900.0,1.5,3.61,0.18,0.23,4.13,0.0
292,14.0,68.25,910.0,900.0,0.0,3.36,0.69,0.43,3.08,0.0
292,14.0,68.25,886.0,900.0,15.0,2.797,0.84,0.86,3.32,0.0
292,14.0,68.25,885.0,800.0,9.0,2.854,0.19,0.27,3.39,0.0
293,14.0,68.25,858.0,80.0,8.25,2.944,0.11,0.6,853.13,0.0
293,14.1,68.25,850.0,800.0,5.25,3.149,0.18,0.22,3.44,0.0
294,14.0,69.0,837.0,800.0,13.5,3.168,0.18,0.21,3.44,0.0
294,14.0,69.0,817.0,800.0,15.75,3.168,0.17,0.2,3.44,0.0
294,13.9,69.0,806.0,800.0,15.0,3.238,0.18,0.2,3.44,0.0
295,14.0,69.0,810.0,800.0,5.25,3.258,0.2,0.22,3.44,0.0
295,14.0,69.0,806.0,800.0,-0.75,3.328,0.21,0.22,3.44,0.0
296,14.0,69.0,810.0,800.0,-1.5,3.52,0.31,0.27,3.44,0.0
296,14.1,69.0,809.0,800.0,1.5,3.334,0.83,0.84,3.44,0.0
296,14.1,69.0,808.0,800.0,0.0,3.277,0.76,0.82,3.44,0.0
297,14.1,69.0,801.0,800.0,6.75,3.373,0.2,0.23,3.39,0.0
297,14.1,69.0,805.0,800.0,2.25,3.45,0.23,0.25,3.39,0.0
298,14.1,69.0,806.0,800.0,4.5,3.315,0.83,0.86,3.39,0.0
298,14.1,69.0,795.0,800.0,9.0,3.309,0.21,0.74,3.39,0.0
299,14.1,69.0,810.0,800.0,1.5,3.373,0.22,0.23,3.32,0.0
299,14.1,69.0,809.0,800.0,3.75,3.315,0.81,0.78,3.32,0.0
300,14.1,69.0,804.0,800.0,5.25,3.238,0.79,0.85,3.32,0.0
300,14.1,69.0,798.0,800.0,6.75,3.296,0.21,0.27,3.32,0.0
300,14.1,69.0,808.0,800.0,6.0,3.29,0.22,0.22,3.32,0.0
301,14.1,69.0,807.0,800.0,6.0,3.245,0.81,0.79,3.32,0.0
301,14.1,69.0,799.0,800.0,8.25,3.162,0.82,0.84,3.32,0.0
302,14.1,69.0,802.0,800.0,2.25,3.334,0.23,0.32,3.27,0.0
302,14.1,69.75,805.0,800.0,-1.5,3.418,0.22,0.23,3.32,0.0
302,14.1,69.75,807.0,800.0,5.25,3.277,0.81,0.8,3.27,0.0
303,14.1,69.75,799.0,800.0,6.0,3.302,0.83,0.84,3.2,0.0
303,14.1,69.75,802.0,800.0,5.25,3.347,0.21,0.25,3.27,0.0
303,14.1,69.75,804.0,800.0,3.0,3.398,0.35,0.27,3.27,0.0
304,14.1,69.75,805.0,800.0,5.25,3.258,0.86,0.83,3.2,0.0
304,14.1,69.75,794.0,800.0,5.25,3.27,0.83,0.85,3.2,0.0
305,14.0,69.75,796.0,800.0,9.75,3.232,0.2,0.32,3.2,0.0
305,14.1,69.75,799.0,800.0,6.75,3.334,0.22,0.22,3.2,0.0
305,14.0,69.75,802.0,800.0,2.25,3.264,0.8,0.76,3.2,0.0
306,14.1,69.75,794.0,800.0,7.5,3.142,0.78,0.82,3.2,0.0
306,14.0,69.75,793.0,800.0,11.25,3.29,0.2,0.25,3.15,0.0
307,14.0,69.75,798.0,800.0,12.0,3.258,0.2,0.21,3.15,0.0
307,14.0,69.75,800.0,800.0,9.75,3.219,0.37,0.43,3.15,0.0
307,14.1,69.75,808.0,800.0,3.0,3.181,0.87,0.85,3.15,0.0
308,14.1,69.75,810.0,800.0,6.75,3.162,0.85,0.86,3.15,0.0
308,14.1,69.75,807.0,800.0,6.0,3.11,0.77,0.84,3.15,0.0
309,14.1,69.75,795.0,800.0,2.25,3.302,0.21,0.22,3.2,0.0
309,14.1,69.75,806.0,800.0,3.75,3.341,0.24,0.23,3.15,0.0
309,14.1,69.75,801.0,800.0,4.5,3.238,0.84,0.84,3.2,0.0
310,14.1,69.75,794.0,800.0,6.75,3.219,0.35,0.8,3.2,0.0
310,14.1,69.75,799.0,800.0,5.25,3.322,0.21,0.22,3.15,0.0
311,14.1,70.5,799.0,800.0,5.25,3.296,0.79,0.73,3.2,0.0
311,14.1,70.5,812.0,900.0,-2.25,4.73,0.84,0.85,4.25,0.0
311,14.1,70.5,878.0,900.0,-1.5,3.974,0.84,0.77,3.52,0.0
312,14.1,70.5,904.0,900.0,0.0,3.571,0.94,0.94,3.56,0.0
312,14.1,70.5,901.0,900.0,3.0,3.334,0.95,0.98,3.52,0.0
313,14.1,70.5,872.0,1000.0,15.75,3.226,0.93,0.97,3.69,0.0
313,14.1,70.5,952.0,30.0,-8.25,7.334,0.22,0.76,9.18,55.5
313,14.1,70.5,1444.0,1500.0,2.25,5.613,0.94,0.97,9.3,0.0
314,14.1,70.5,1623.0,1500.0,8.25,4.685,0.22,0.36,8.86,0.0
314,14.1,70.5,1427.0,1500.0,9.0,5.248,0.39,0.84,9.67,0.0
315,14.1,70.5,1322.0,1500.0,1.5,6.957,0.79,0.74,12.7,0.0
315,14.1,70.5,1296.0,1500.0,-3.75,8.403,0.87,0.9,16.72,0.0
315,14.0,70.5,1294.0,1500.0,-5.25,9.491,0.2,0.32,21.09,0.0
316,14.1,70.5,1433.0,1500.0,-1.5,7.558,0.6,0.76,15.67,0.0
316,14.1,70.5,1671.0,1500.0,9.0,5.216,0.22,0.39,11.79,0.0
317,14.1,70.5,1861.0,1500.0,28.5,4.365,0.15,0.18,10.89,0.0
317,14.1,70.5,2064.0,1500.0,27.75,5.299,0.87,0.72,12.94,0.0
317,14.1,70.5,2319.0,1500.0,27.75,5.178,0.83,0.87,13.31,0.0
318,14.1,70.5,2525.0,1500.0,28.5,4.979,0.17,0.2,15.55,0.0
318,14.1,70.5,2823.0,1500.0,26.25,6.79,0.15,0.19,20.92,0.0
319,14.1,70.5,3197.0,1500.0,25.5,7.789,0.34,0.21,21.09,-0.75
319,14.1,70.5,3087.0,2500.0,27.75,1.594,0.88,0.9,6.49,30.75
319,14.1,70.5,2804.0,900.0,39.75,1.523,0.15,0.18,6.37,0.0
320,14.1,70.5,2494.0,900.0,31.5,3.488,0.17,0.19,11.79,0.0
320,14.1,70.5,2280.0,900.0,30.75,4.704,0.94,0.92,10.33,0.0
321,14.1,70.5,1957.0,900.0,28.5,5.485,0.55,0.92,13.13,0.0
321,14.1,70.5,2016.0,900.0,26.25,5.478,0.25,0.68,12.21,0.0
321,14.1,70.5,2096.0,900.0,24.0,6.259,0.86,0.92,14.89,0.0
322,14.1,70.5,2204.0,900.0,24.0,6.349,0.79,0.72,14.89,0.0
322,14.1,70.5,2316.0,2520.0,25.5,6.016,0.22,0.38,15.06,38.25
322,14.1,70.5,2439.0,900.0,26.25,6.08,0.22,0.24,16.28,0.0
325,14.1,71.25,3031.0,900.0,36.0,2.97,0.79,0.74,9.89,0.0
326,14.1,71.25,2995.0,900.0,37.5,2.355,0.74,0.63,8.25,0.0
326,14.1,71.25,2892.0,900.0,39.0,1.997,0.19,0.24,6.45,0.0
327,14.1,71.25,2631.0,900.0,12.75,2.01,0.19,0.22,5.47,0.0
327,14.1,71.25,2433.0,900.0,-2.25,2.157,0.9,0.93,5.22,0.0
327,14.1,71.25,2294.0,900.0,-14.25,0.0,0.83,0.98,4.86,0.0
328,14.1,71.25,2166.0,900.0,-9.0,2.502,0.13,0.18,4.17,0.0
329,14.1,71.25,1987.0,900.0,4.5,5.76,0.98,1.03,12.08,0.0
329,14.1,71.25,2002.0,900.0,27.0,5.85,0.95,1.03,12.65,0.0
329,14.1,71.25,2020.0,900.0,27.0,4.666,0.93,1.02,8.98,0.0
330,14.1,71.25,2007.0,900.0,31.5,3.104,0.89,1.0,7.47,0.0
330,14.1,71.25,1988.0,900.0,30.75,3.731,0.69,0.95,10.03,0.0
331,14.1,71.25,1983.0,900.0,29.25,4.205,0.21,0.25,10.28,0.0
331,14.1,71.25,1990.0,900.0,29.25,4.352,0.37,0.26,10.33,0.0
331,14.1,71.25,1999.0,900.0,30.0,4.218,0.79,0.82,10.21,0.0
332,14.1,71.25,2002.0,900.0,30.0,4.288,0.38,0.32,10.08,0.0
332,14.1,71.25,2008.0,900.0,30.0,4.045,0.79,0.85,10.03,0.0
333,14.1,71.25,2009.0,900.0,30.0,4.154,0.75,0.33,9.96,0.0
333,14.1,71.25,2012.0,900.0,30.0,4.083,0.78,0.84,10.13,0.0
333,14.1,71.25,2025.0,1940.0,28.5,4.768,0.81,0.8,11.91,93.0
334,14.1,71.25,2047.0,900.0,27.75,4.864,0.67,0.84,11.72,0.0
334,14.1,71.25,2061.0,900.0,27.75,4.787,0.38,0.76,11.25,0.0
335,14.1,71.25,2091.0,2520.0,28.5,4.429,0.82,0.86,10.99,43.5
335,14.1,71.25,2097.0,2520.0,29.25,4.045,0.24,0.36,10.13,43.5
335,14.1,71.25,2098.0,900.0,30.0,3.904,0.74,0.86,10.08,0.0
336,14.1,71.25,2097.0,2520.0,30.0,3.936,0.08,0.31,1378.13,43.5
336,14.1,71.25,2093.0,900.0,29.25,4.07,0.29,0.57,10.4,0.0
336,14.1,71.25,2110.0,900.0,27.75,4.704,0.22,0.71,11.6,0.0
337,14.1,71.25,2127.0,900.0,28.5,4.582,0.81,0.76,11.6,0.0
337,14.1,71.25,2145.0,2520.0,29.25,4.704,0.63,0.3,11.6,42.75
338,14.1,71.25,2166.0,900.0,29.25,4.621,0.22,0.37,11.6,-0.75
338,14.1,71.25,2183.0,900.0,29.25,4.538,0.8,0.81,11.6,-0.75
338,14.1,71.25,2207.0,1940.0,28.5,4.883,0.81,0.77,13.06,93.0
339,14.1,71.25,2247.0,900.0,28.5,5.312,0.78,0.75,13.62,-0.75
339,14.1,71.25,2285.0,900.0,28.5,5.44,0.74,0.57,13.67,-1.5
340,14.1,71.25,2337.0,900.0,28.5,5.402,0.23,0.33,14.11,-1.5
340,14.1,71.25,2391.0,900.0,28.5,5.472,0.22,0.44,14.65,-1.5
340,14.1,71.25,2452.0,900.0,29.25,5.517,0.21,0.25,14.89,-1.5
341,14.1,71.25,2514.0,900.0,29.25,5.485,0.2,0.24,15.01,-0.75
341,14.1,71.25,2576.0,900.0,30.0,5.747,0.19,0.22,15.8,-1.5
342,14.1,71.25,2659.0,900.0,30.0,6.157,0.22,0.24,16.65,-1.5
342,14.1,71.25,2744.0,900.0,30.0,6.17,0.81,0.78,16.97,-1.5
342,14.1,71.25,2835.0,900.0,30.0,6.278,0.76,0.6,17.38,-1.5
343,14.1,71.25,2905.0,900.0,30.0,6.304,0.8,0.54,17.58,-1.5
343,14.1,71.25,2966.0,900.0,20.25,3.725,0.22,0.29,11.67,0.0
344,14.1,71.25,2718.0,900.0,39.75,1.747,0.16,0.22,6.25,0.0
344,14.1,71.25,2539.0,900.0,39.0,1.952,0.2,0.24,5.4,0.0
344,14.1,71.25,2127.0,900.0,7.5,2.394,0.16,0.2,4.49,0.0
345,14.1,71.25,1889.0,900.0,33.0,3.328,0.98,1.01,7.71,0.0
345,14.1,71.25,1845.0,900.0,32.25,3.674,0.92,1.01,9.59,0.0
346,14.1,71.25,1846.0,900.0,30.75,4.518,0.89,1.01,10.45,0.0
346,14.1,71.25,1848.0,900.0,30.0,4.448,0.22,0.91,10.4,0.0
346,14.1,71.25,1862.0,900.0,29.25,4.621,0.33,0.29,10.28,0.0
347,14.1,71.25,1871.0,900.0,30.0,4.333,0.23,0.75,9.55,0.0
347,14.1,71.25,1875.0,900.0,30.75,3.885,0.8,0.76,9.3,0.0
348,14.1,71.25,1890.0,900.0,30.0,4.909,0.78,0.49,12.33,0.0
348,14.1,71.25,1901.0,900.0,28.5,5.702,0.84,0.92,13.48,0.0
348,14.1,71.25,1919.0,900.0,29.25,4.314,0.23,0.63,9.67,0.0
349,14.1,71.25,1948.0,900.0,30.75,3.949,0.83,0.85,9.3,0.0
349,14.1,71.25,1965.0,900.0,29.25,4.474,0.84,0.91,10.74,0.0
349,14.1,71.25,1999.0,900.0,27.0,5.082,0.83,0.95,12.33,0.0
352,14.1,72.0,2304.0,900.0,24.75,5.837,0.82,0.86,15.06,0.0
352,14.1,72.0,2347.0,900.0,30.75,3.526,0.21,0.29,8.98,0.0
353,14.1,72.0,2363.0,900.0,34.5,2.419,0.18,0.22,7.35,0.0
353,14.1,72.0,2362.0,900.0,35.25,2.31,0.19,0.23,7.06,0.0
353,14.1,72.0,2385.0,900.0,33.75,3.29,0.21,0.26,10.5,0.0
354,14.1,72.0,2401.0,900.0,30.75,4.493,0.89,0.95,12.04,0.0
355,14.1,72.0,2452.0,900.0,30.0,4.749,0.22,0.26,13.18,0.0
355,14.1,72.0,2470.0,900.0,29.25,4.986,0.2,0.51,13.48,0.0
355,14.1,72.0,2519.0,900.0,30.0,4.954,0.67,0.55,13.67,0.0
356,14.1,72.0,2565.0,900.0,30.75,5.05,0.18,0.23,14.53,0.0
356,14.1,72.0,2626.0,900.0,30.0,5.434,0.2,0.24,14.94,0.0
357,14.1,72.0,2673.0,900.0,30.0,3.085,0.18,0.23,9.55,0.0
357,14.1,72.75,2704.0,900.0,36.75,2.56,0.18,0.22,8.45,0.0
358,14.1,72.75,2745.0,900.0,6.0,4.762,0.34,0.26,13.43,0.0
358,14.1,72.75,2799.0,900.0,33.0,4.787,0.28,0.82,13.43,0.0
359,14.1,72.75,2847.0,900.0,31.5,5.248,0.81,0.88,14.89,0.0
359,14.1,72.75,2893.0,900.0,31.5,5.21,0.21,0.4,14.84,0.0
359,14.1,72.75,2941.0,900.0,26.25,3.213,0.18,0.24,10.45,0.0
360,14.1,72.75,2973.0,900.0,36.75,2.566,0.22,0.26,8.45,0.0
360,14.1,72.75,2969.0,900.0,39.0,1.933,0.27,0.29,6.69,0.0
361,14.1,72.75,3000.0,900.0,-1.5,2.029,0.18,0.23,6.79,0.0
361,14.1,72.75,2979.0,900.0,-12.0,0.0,0.12,0.18,7.1,0.0
361,14.1,72.75,2965.0,2500.0,-12.0,0.0,0.12,0.17,7.1,30.75
362,14.1,72.75,2958.0,900.0,-10.5,0.0,0.12,0.17,7.1,0.0
362,14.1,72.75,2962.0,900.0,39.0,2.33,0.74,0.22,8.98,0.0
363,14.1,72.75,2953.0,900.0,11.25,4.474,0.82,0.55,13.43,0.0
363,14.1,72.75,2980.0,900.0,24.75,3.213,0.29,0.89,10.89,0.0
363,14.1,72.75,2993.0,900.0,37.5,2.528,0.21,0.24,8.69,0.0
364,14.1,72.75,2956.0,900.0,39.0,1.914,0.23,0.26,7.06,0.0
364,14.1,72.75,2973.0,900.0,5.25,2.01,0.17,0.21,7.1,0.0
367,14.1,72.75,3000.0,900.0,19.5,1.805,0.2,0.72,7.1,0.0
367,14.1,73.5,3002.0,900.0,-11.25,0.0,0.15,0.2,7.15,0.0
367,14.1,73.5,2966.0,2520.0,11.25,2.093,0.08,0.32,1409.18,30.75
368,14.1,73.5,2970.0,2520.0,10.5,4.838,0.22,0.26,14.65,30.75
368,14.1,73.5,3006.0,900.0,32.25,4.806,0.85,0.89,14.28,0.0
368,14.1,73.5,3029.0,900.0,33.0,4.365,0.22,0.25,13.43,0.0
369,14.1,73.5,3053.0,900.0,33.75,4.243,0.21,0.45,13.06,0.0
369,14.1,73.5,3060.0,900.0,33.75,4.134,0.22,0.71,13.06,0.0
370,14.1,73.5,3073.0,900.0,17.25,3.014,0.22,0.69,10.21,0.0
370,14.1,73.5,2827.0,900.0,39.75,1.677,0.16,0.22,6.79,0.0
370,14.1,73.5,2619.0,900.0,39.0,1.888,0.17,0.2,6.2,0.0
371,14.1,73.5,2225.0,900.0,36.0,3.11,0.15,0.19,7.96,0.0
371,14.1,73.5,2213.0,900.0,31.5,4.333,1.0,1.03,9.11,0.0
372,14.1,73.5,2215.0,900.0,30.75,4.902,1.0,1.04,10.28,0.0
372,14.1,73.5,2218.0,900.0,30.0,4.698,0.99,1.05,10.4,0.0
372,14.1,73.5,2221.0,900.0,30.0,4.454,0.97,1.04,10.57,0.0
373,14.1,73.5,2226.0,900.0,30.0,4.474,0.95,1.03,10.94,0.0
373,14.1,73.5,2232.0,900.0,30.0,4.262,0.92,1.02,10.89,0.0
374,14.1,73.5,2241.0,900.0,30.75,4.07,0.83,0.97,10.89,0.0
374,14.1,73.5,2245.0,900.0,30.75,4.147,0.6,0.85,10.89,0.0
374,14.1,73.5,2246.0,900.0,32.25,3.514,0.21,0.69,8.86,0.0
375,14.1,73.5,2244.0,900.0,17.25,2.618,0.72,0.39,7.23,0.0
375,14.1,73.5,2221.0,900.0,12.0,2.259,0.22,0.33,5.47,0.0
376,14.1,73.5,2223.0,900.0,24.0,1.933,0.86,0.89,5.15,0.0
376,14.1,73.5,2207.0,900.0,12.75,1.574,0.2,0.52,3.93,0.0
377,14.1,73.5,2154.0,900.0,-13.5,0.0,0.14,0.18,4.0,0.0
377,14.1,73.5,2125.0,900.0,-13.5,0.0,0.12,0.18,4.0,0.0
378,14.1,73.5,2101.0,2520.0,-4.5,2.355,0.12,0.17,4.13,43.5
378,14.1,73.5,2113.0,900.0,18.0,4.384,0.99,0.97,10.4,0.0
378,14.1,73.5,2091.0,900.0,24.0,6.483,0.99,1.04,12.7,0.0
379,14.1,73.5,2099.0,900.0,26.25,5.99,0.97,1.05,12.33,0.0
379,14.1,73.5,2113.0,900.0,27.0,5.44,0.96,1.03,12.08,0.0
380,14.1,73.5,2123.0,900.0,27.75,5.222,0.93,1.02,12.28,0.0
380,14.1,73.5,2140.0,900.0,27.75,5.024,0.9,1.0,12.28,0.0
380,14.1,73.5,2153.0,900.0,27.0,4.89,0.75,0.96,12.52,0.0
381,14.1,73.5,2166.0,900.0,27.0,5.024,0.72,0.87,12.7,0.0
381,14.1,73.5,2178.0,900.0,27.75,4.864,0.24,0.72,12.21,0.0
382,14.1,73.5,2187.0,900.0,27.75,4.845,0.23,0.67,12.21,0.0
382,14.1,73.5,2194.0,900.0,28.5,4.672,0.79,0.88,12.08,-0.75
382,14.1,73.5,2204.0,900.0,30.0,3.936,0.81,0.77,10.4,0.0
383,14.1,73.5,2207.0,900.0,30.0,4.045,0.28,0.53,10.45,0.0
383,14.1,73.5,2213.0,900.0,30.0,3.949,0.23,0.78,10.45,0.0
384,14.1,73.5,2212.0,900.0,30.0,3.987,0.81,0.78,10.5,0.0
384,14.1,73.5,2214.0,900.0,30.0,4.077,0.49,0.71,10.5,0.0
384,14.1,73.5,2221.0,900.0,30.0,3.968,0.22,0.58,10.5,0.0
385,14.1,73.5,2223.0,900.0,30.0,3.923,0.81,0.82,10.5,0.0
385,14.1,73.5,2228.0,900.0,30.75,3.808,0.82,0.67,10.13,0.0
386,14.1,73.5,2232.0,900.0,30.75,3.584,0.22,0.4,9.06,0.0
386,14.1,73.5,2230.0,900.0,31.5,3.27,0.27,0.84,9.06,0.0
386,14.1,73.5,2226.0,900.0,31.5,3.405,0.65,0.36,9.11,0.0
387,14.1,73.5,2231.0,900.0,30.75,3.789,0.74,0.43,10.03,0.0
387,14.1,73.5,2233.0,900.0,30.75,3.846,0.75,0.85,10.28,0.0
388,14.1,73.5,2238.0,900.0,30.0,3.987,0.37,0.49,10.33,0.0
388,14.1,73.5,2241.0,900.0,30.0,3.904,0.22,0.42,10.33,0.0
388,14.1,73.5,2243.0,900.0,30.75,3.776,0.39,0.8,10.33,0.0
389,14.1,73.5,2245.0,900.0,21.75,2.995,0.77,0.82,7.59,0.0
389,14.1,73.5,2236.0,900.0,17.25,2.547,0.21,0.25,6.98,0.0
390,14.1,73.5,2224.0,900.0,23.25,2.17,0.23,0.27,5.15,0.0
390,14.1,73.5,2202.0,900.0,12.75,1.875,0.61,0.91,4.79,0.0
390,14.1,73.5,2187.0,900.0,6.75,1.568,0.21,0.3,3.56,0.0
391,14.1,73.5,2167.0,900.0,-12.75,1.926,0.17,0.21,3.69,0.0
391,14.1,73.5,2142.0,900.0,-13.5,0.0,0.14,0.18,4.17,0.0
392,14.1,73.5,2109.0,900.0,8.25,2.534,0.2,0.21,5.1,0.0
392,14.1,73.5,2118.0,900.0,17.25,4.474,0.99,1.03,10.21,0.0
392,14.1,73.5,2091.0,900.0,19.5,4.96,0.99,1.06,10.28,0.0
393,14.1,73.5,2097.0,900.0,29.25,4.691,0.97,1.04,10.28,0.0
393,14.1,73.5,2094.0,900.0,15.75,2.982,0.94,1.02,6.93,0.0
394,14.1,73.5,2089.0,2500.0,21.0,2.445,0.92,1.01,5.71,43.5
394,14.1,73.5,1782.0,2520.0,-5.25,14.406,0.08,0.48,290.63,51.75
395,14.1,73.5,3032.0,900.0,9.75,1.523,0.93,1.0,5.22,0.0
395,14.1,73.5,2576.0,900.0,39.75,1.53,0.14,0.18,5.27,0.0
396,14.1,73.5,2698.0,900.0,-9.0,0.0,0.16,0.21,6.37,0.0
396,14.1,73.5,2701.0,900.0,-12.75,0.0,0.12,0.17,6.93,0.0
396,14.1,73.5,2653.0,900.0,-14.25,0.0,0.12,0.17,6.62,0.0
397,14.1,73.5,2567.0,900.0,-15.0,0.0,0.12,0.17,6.25,0.0
397,14.1,73.5,2438.0,900.0,-14.25,0.0,0.11,0.17,5.4,0.0
398,14.1,73.5,2286.0,900.0,-14.25,0.0,0.11,0.17,5.1,0.0
398,14.1,73.5,2221.0,900.0,-14.25,0.0,0.12,0.18,4.79,0.0
398,14.1,73.5,2166.0,2500.0,-14.25,0.0,0.11,0.18,4.54,42.0
399,14.1,73.5,2111.0,900.0,-14.25,0.0,0.12,0.18,4.3,0.0
399,14.1,73.5,2055.0,900.0,-14.25,0.0,0.12,0.18,4.17,0.0
400,14.1,73.5,2000.0,900.0,-14.25,0.0,0.12,0.19,4.0,0.0
400,14.1,73.5,1962.0,900.0,-14.25,0.0,0.11,0.18,3.93,0.0
400,14.1,73.5,1911.0,900.0,-12.75,0.0,0.12,0.19,3.88,0.0
401,14.1,73.5,1859.0,900.0,-12.75,0.0,0.12,0.19,3.93,0.0
401,14.1,73.5,1818.0,900.0,-12.75,0.0,0.11,0.19,4.0,0.0
402,14.1,73.5,1791.0,900.0,15.75,2.445,0.13,0.2,6.79,0.0
402,14.1,73.5,1788.0,900.0,1.5,7.206,0.92,0.88,15.67,0.0
402,14.1,73.5,1830.0,900.0,21.0,7.802,0.9,0.99,16.16,0.0
403,14.1,73.5,1889.0,900.0,22.5,6.867,0.82,0.94,15.38,0.0
403,14.1,73.5,1949.0,900.0,23.25,6.771,0.83,0.95,15.01,0.0
404,14.1,73.5,1996.0,900.0,25.5,5.811,0.81,0.95,13.62,0.0
404,14.1,73.5,2036.0,900.0,25.5,5.798,0.81,0.89,13.62,0.0
404,14.1,73.5,2077.0,900.0,24.75,5.709,0.79,0.91,13.67,0.0
405,14.1,73.5,2114.0,900.0,25.5,5.696,0.76,0.87,13.87,0.0
405,14.1,73.5,2157.0,900.0,25.5,5.498,0.65,0.88,13.92,0.0
406,14.1,73.5,2194.0,900.0,25.5,5.6,0.81,0.8,14.28,0.0
406,14.1,72.75,2233.0,900.0,24.75,5.926,0.77,0.8,14.89,0.0
406,14.1,72.75,2282.0,900.0,24.75,6.227,0.23,0.42,15.75,0.0
407,14.1,72.75,2309.0,900.0,24.75,6.029,0.78,0.86,15.75,0.0
407,14.1,72.75,2392.0,900.0,23.25,7.405,0.21,0.29,21.34,0.0
408,14.1,72.75,2436.0,900.0,21.0,8.819,0.22,0.3,25.37,-0.75
408,14.1,72.75,2524.0,900.0,20.25,9.587,0.22,0.29,35.89,-0.75
408,14.1,72.75,2593.0,900.0,18.75,10.413,0.22,0.27,43.97,-0.75
409,14.1,72.75,2692.0,900.0,18.75,10.451,0.73,0.79,41.48,-0.75
409,14.1,72.75,2799.0,900.0,19.5,11.136,0.3,0.37,39.72,-0.75
410,14.1,72.75,2902.0,900.0,19.5,11.341,0.73,0.86,39.36,-0.75
410,14.1,72.75,3017.0,900.0,20.25,11.091,0.73,0.93,37.89,-0.75
410,14.1,72.75,3114.0,2520.0,21.0,10.874,0.77,0.95,37.96,30.0
411,14.1,72.75,3217.0,900.0,21.0,10.97,0.45,0.97,37.89,-1.5
411,14.1,72.75,3327.0,900.0,21.0,10.861,0.76,1.0,38.13,-1.5
412,14.1,72.75,3363.0,900.0,8.25,4.762,0.94,1.06,13.18,0.0
412,14.1,72.75,3161.0,900.0,39.75,1.299,0.84,0.6,6.01,0.0
412,14.1,72.75,2713.0,900.0,39.75,1.389,0.14,0.25,5.88,0.0
413,14.1,72.75,2554.0,900.0,29.25,5.6,0.68,0.29,16.89,0.0
413,14.1,72.75,2513.0,900.0,24.75,7.904,0.19,0.28,21.9,0.0
414,14.1,72.75,2533.0,900.0,21.0,9.67,0.33,0.85,28.27,0.0
414,14.1,72.75,2569.0,1940.0,20.25,9.613,0.47,0.88,29.98,93.0
414,14.1,72.75,2618.0,900.0,20.25,9.504,0.8,0.87,30.66,0.0
415,14.1,72.75,2657.0,900.0,20.25,9.485,0.81,0.85,30.3,0.0
415,14.1,72.75,2699.0,900.0,21.0,9.408,0.77,0.9,29.98,0.0
416,14.1,72.75,2733.0,900.0,21.0,9.37,0.68,0.92,29.61,0.0
416,14.1,72.75,2800.0,900.0,18.0,10.976,0.83,1.0,42.99,0.0
416,14.1,72.75,2838.0,900.0,18.75,10.931,0.75,0.99,41.97,0.0
417,14.1,72.75,2884.0,900.0,18.75,10.842,0.81,1.0,41.48,0.0
417,14.1,72.75,2937.0,900.0,18.75,10.573,0.65,1.0,40.21,0.0
418,14.1,72.75,2985.0,900.0,18.75,10.995,0.68,1.0,38.94,0.0
418,14.1,72.75,3033.0,900.0,19.5,10.726,0.78,1.01,38.38,0.0
418,14.1,72.75,3057.0,900.0,27.0,4.717,0.93,1.09,14.28,0.0
419,14.1,72.75,3064.0,900.0,36.75,2.24,0.16,0.32,9.23,0.0
419,14.1,72.75,3040.0,900.0,39.0,1.843,0.17,0.27,6.69,0.0
419,14.1,72.75,3022.0,900.0,0.75,1.683,0.16,0.27,6.79,0.0
420,14.1,72.75,3001.0,2500.0,-12.0,0.0,0.08,0.32,7.15,29.25
420,14.1,72.75,2959.0,900.0,-12.0,0.0,0.12,0.23,7.06,0.0
421,14.1,72.75,2930.0,900.0,-10.5,0.0,0.12,0.23,7.06,0.0
421,14.1,72.75,2908.0,900.0,-10.5,0.0,0.12,0.23,6.98,0.0
421,14.1,72.75,2868.0,900.0,-12.0,0.0,0.12,0.23,6.86,0.0
422,14.1,72.75,2840.0,900.0,-11.25,0.0,0.12,0.22,6.79,0.0
422,14.1,72.75,2811.0,900.0,-11.25,0.0,0.12,0.22,6.79,0.0
423,14.1,72.75,2778.0,900.0,-11.25,0.0,0.12,0.22,6.69,0.0
423,14.1,72.75,2742.0,900.0,-12.75,0.0,0.12,0.22,7.23,0.0
423,14.1,72.75,2714.0,900.0,-12.75,0.0,0.12,0.23,7.1,0.0
424,14.1,72.75,2689.0,900.0,-14.25,0.0,0.12,0.22,7.06,0.0
424,14.1,72.75,2658.0,900.0,-14.25,0.0,0.11,0.22,6.93,0.0
425,14.1,73.5,2629.0,900.0,-15.0,0.0,0.12,0.22,6.86,0.0
425,14.1,73.5,2600.0,900.0,-15.0,0.0,0.12,0.22,6.74,0.0
425,14.1,73.5,2582.0,900.0,-15.0,0.0,0.11,0.22,6.69,0.0
426,14.1,73.5,2556.0,900.0,3.75,2.061,0.13,0.22,5.47,0.0
426,14.1,73.5,2539.0,900.0,30.0,5.312,0.86,0.96,14.77,0.0
427,14.1,73.5,2551.0,900.0,27.75,6.682,0.91,1.05,16.28,0.0
427,14.1,73.5,2572.0,900.0,28.5,6.067,0.29,0.94,15.92,0.0
427,14.1,73.5,2585.0,900.0,28.5,6.163,0.61,0.51,15.92,0.0
428,14.1,73.5,2599.0,900.0,28.5,6.17,0.23,0.36,16.04,0.0
428,14.1,73.5,2618.0,900.0,28.5,6.189,0.22,0.82,16.24,0.0
429,14.1,73.5,2638.0,900.0,27.75,6.368,0.51,0.86,16.53,0.0
429,14.1,73.5,2655.0,900.0,28.5,6.33,0.44,0.43,16.41,0.0
429,14.1,73.5,2667.0,900.0,28.5,6.08,0.78,0.66,16.11,0.0
430,14.1,73.5,2680.0,900.0,32.25,4.403,0.83,0.89,13.06,0.0
430,14.1,73.5,2677.0,900.0,35.25,2.918,0.18,0.27,9.42,0.0
431,14.1,73.5,2664.0,900.0,37.5,2.413,0.2,0.29,7.76,0.0
431,14.1,73.5,2659.0,900.0,36.75,3.27,0.22,0.3,11.25,0.0
431,14.1,73.5,2667.0,900.0,27.0,7.622,0.94,1.03,18.04,0.0
432,14.1,73.5,2687.0,900.0,27.75,6.509,0.87,1.04,17.09,0.0
432,14.1,73.5,2700.0,900.0,27.75,6.502,0.23,0.52,17.14,0.0
433,14.1,73.5,2716.0,900.0,28.5,6.304,0.74,0.55,16.41,0.0
433,14.1,73.5,2733.0,900.0,33.0,3.814,0.19,0.3,11.18,0.0
433,14.1,73.5,2728.0,900.0,36.0,2.803,0.19,0.28,8.98,0.0
434,14.1,73.5,2719.0,900.0,37.5,2.355,0.22,0.3,7.59,0.0
434,14.1,73.5,2733.0,2000.0,36.75,3.219,0.44,0.3,459.38,93.0
435,14.1,73.5,2723.0,900.0,30.0,6.464,0.94,1.04,15.87,0.0
435,14.1,73.5,2733.0,900.0,28.5,6.349,0.91,1.05,16.41,0.0
435,14.1,73.5,2743.0,900.0,28.5,5.894,0.23,0.91,16.28,0.0
436,14.1,73.5,2758.0,900.0,29.25,5.702,0.8,0.91,15.92,0.0
436,14.1,73.5,2773.0,900.0,30.0,5.536,0.76,0.49,15.45,0.0
436,14.1,73.5,2780.0,900.0,30.75,3.398,0.2,0.76,10.4,0.0
437,14.1,73.5,2768.0,900.0,36.75,2.618,0.18,0.27,8.69,0.0
437,14.1,73.5,2759.0,900.0,39.0,2.093,0.18,0.27,6.74,0.0
438,14.1,73.5,2735.0,900.0,-3.75,1.83,0.16,0.25,6.13,0.0
438,14.1,73.5,2679.0,900.0,-12.0,0.0,0.12,0.22,6.49,0.0
439,14.1,73.5,2659.0,900.0,-12.0,0.0,0.12,0.22,6.37,0.0
439,14.1,73.5,2629.0,900.0,-12.0,0.0,0.12,0.22,6.25,0.0
440,14.1,73.5,2599.0,900.0,-12.75,0.0,0.12,0.22,6.13,0.0
440,14.1,73.5,2570.0,900.0,-12.75,0.0,0.12,0.22,6.01,0.0
440,14.1,73.5,2541.0,900.0,-14.25,0.0,0.11,0.22,5.93,0.0
441,14.1,73.5,2510.0,900.0,-14.25,0.0,0.12,0.22,5.88,0.0
441,14.1,73.5,2482.0,900.0,-14.25,0.0,0.12,0.22,5.88,0.0
442,14.1,73.5,2451.0,900.0,-14.25,0.0,0.11,0.22,5.71,0.0
442,14.1,73.5,2427.0,900.0,4.5,2.17,0.15,0.23,5.22,0.0
442,14.1,73.5,2429.0,900.0,17.25,3.962,0.95,1.03,11.3,0.0
443,14.1,73.5,2417.0,900.0,18.0,6.016,0.98,1.09,13.38,0.0
443,14.1,73.5,2425.0,900.0,30.75,4.902,0.96,1.09,12.08,0.0
444,14.1,73.5,2435.0,900.0,30.75,4.365,0.9,1.07,11.84,0.0
444,14.1,73.5,2441.0,900.0,30.75,4.166,0.22,0.96,11.96,0.0
444,14.1,73.5,2443.0,900.0,30.75,4.384,0.73,0.42,12.04,0.0
445,14.1,72.75,2451.0,2520.0,31.5,4.326,0.22,0.32,11.96,36.0
445,14.1,72.75,2458.0,900.0,31.5,4.186,0.21,0.56,11.96,0.0
446,14.1,72.75,2464.0,900.0,31.5,4.045,0.81,0.87,11.47,0.0
446,14.1,72.75,2465.0,900.0,32.25,3.917,0.75,0.82,11.25,0.0
446,14.1,72.75,2467.0,900.0,32.25,4.064,0.41,0.36,11.35,0.0
447,14.1,72.75,2471.0,900.0,32.25,3.936,0.22,0.49,11.11,0.0
447,14.1,72.75,2469.0,900.0,32.25,3.853,0.24,0.55,11.06,0.0
448,14.1,72.75,2470.0,900.0,32.25,3.962,0.32,0.85,11.06,0.0
448,14.1,72.75,2470.0,900.0,32.25,3.789,0.57,0.87,10.99,0.0
448,14.1,72.75,2471.0,900.0,32.25,3.821,0.65,0.82,11.06,0.0
449,14.1,72.75,2471.0,900.0,24.0,3.814,0.22,0.69,10.89,0.0
449,14.1,72.75,2463.0,900.0,34.5,2.79,0.22,0.4,8.33,0.0
449,14.1,72.75,2472.0,900.0,25.5,7.45,0.9,0.92,20.56,0.0
450,14.1,72.75,2510.0,900.0,14.25,11.04,0.89,1.02,57.91,0.0
450,14.1,72.75,2541.0,900.0,15.75,10.131,0.74,0.96,54.93,0.0
451,14.1,72.75,2592.0,900.0,16.5,10.349,0.2,0.29,49.39,0.0
451,14.1,72.75,2629.0,900.0,17.25,10.637,0.37,0.36,45.02,0.0
452,14.1,72.75,2674.0,900.0,18.0,10.547,0.34,0.45,41.19,0.0
452,14.1,72.75,2738.0,900.0,18.0,10.349,0.28,0.89,39.97,0.0
452,14.1,72.75,2790.0,900.0,18.75,10.944,0.44,0.88,39.97,0.0
453,14.1,72.75,2833.0,900.0,18.75,10.797,0.78,0.95,40.01,0.0
453,14.1,72.75,2886.0,900.0,18.75,10.726,0.74,0.97,40.14,0.0
454,14.1,72.75,2935.0,900.0,18.75,10.938,0.66,0.97,40.09,0.0
454,14.1,72.75,2982.0,900.0,18.75,10.816,0.81,1.0,39.72,0.0
455,14.1,72.75,3057.0,900.0,18.75,4.378,0.93,1.06,13.13,0.0
455,14.1,72.75,3058.0,900.0,36.0,2.458,0.15,0.28,10.28,0.0
455,14.1,72.75,3059.0,900.0,35.25,3.366,0.16,0.27,13.87,0.0
456,14.1,72.75,3045.0,900.0,25.5,7.565,0.2,0.29,20.85,0.0
456,14.1,72.75,3059.0,900.0,27.0,6.374,0.23,0.86,18.04,0.0
457,14.1,72.75,3081.0,900.0,27.75,5.082,0.82,0.85,12.21,0.0
457,14.1,72.75,3076.0,900.0,32.25,2.912,0.22,0.3,9.67,0.0
457,14.1,72.75,3092.0,900.0,33.0,4.8,0.19,0.3,16.04,0.0
458,14.1,72.75,3070.0,900.0,26.25,7.296,0.87,0.98,19.82,0.0
458,14.1,72.75,3088.0,900.0,27.0,6.24,0.81,0.96,18.48,0.0
459,14.1,72.75,3102.0,900.0,27.75,5.946,0.3,0.36,17.33,0.0
459,14.1,72.75,3101.0,900.0,21.75,3.142,0.39,0.89,10.4,0.0
459,14.1,72.75,3092.0,900.0,36.75,2.483,0.83,0.92,8.33,0.0
460,14.1,72.75,3035.0,900.0,18.75,1.754,0.77,0.72,6.86,0.0
460,14.1,72.75,3042.0,900.0,-12.0,0.0,0.14,0.27,7.1,0.0
461,14.1,72.75,3007.0,2500.0,-12.0,0.0,0.12,0.23,7.06,30.0
461,14.1,72.75,2980.0,900.0,0.75,2.227,0.13,0.23,6.98,0.0
461,14.1,72.75,2960.0,900.0,9.0,5.338,0.25,0.44,16.85,0.0
462,14.1,72.75,2979.0,900.0,28.5,6.278,0.87,0.99,17.38,0.0
462,14.1,72.75,2988.0,900.0,28.5,5.92,0.22,0.59,17.14,0.0
463,14.1,72.75,2985.0,900.0,20.25,3.258,0.18,0.32,10.89,0.0
463,14.1,72.75,2976.0,900.0,36.0,2.816,0.18,0.28,9.67,0.0
463,14.1,72.75,2940.0,900.0,39.0,1.811,0.18,0.28,6.93,0.0
464,14.1,72.75,2914.0,900.0,-11.25,1.869,0.17,0.26,6.86,0.0
465,14.1,72.75,2867.0,900.0,-11.25,0.0,0.12,0.22,6.79,0.0
465,14.1,72.75,2834.0,900.0,-11.25,0.0,0.12,0.22,6.74,0.0
465,14.1,72.75,2812.0,900.0,-11.25,0.0,0.12,0.22,6.79,0.0
466,14.1,73.5,2784.0,900.0,-11.25,0.0,0.12,0.22,6.74,0.0
466,14.1,73.5,2754.0,900.0,-11.25,0.0,0.12,0.22,6.69,0.0
467,14.1,73.5,2723.0,900.0,-11.25,0.0,0.12,0.22,6.69,0.0
467,14.1,73.5,2691.0,900.0,-12.75,0.0,0.12,0.22,6.98,0.0
467,14.1,73.5,2659.0,900.0,-14.25,0.0,0.11,0.22,6.93,0.0
468,14.1,72.75,2617.0,900.0,-15.0,0.0,0.12,0.22,6.79,0.0
470,14.1,72.75,2338.0,900.0,-14.25,0.0,0.12,0.22,5.15,0.0
471,14.1,72.75,2286.0,900.0,-14.25,0.0,0.12,0.23,4.98,0.0
471,14.0,72.75,2227.0,900.0,-14.25,0.0,0.12,0.23,4.74,0.0
472,14.1,72.75,2119.0,900.0,-14.25,0.0,0.11,0.23,4.17,0.0
472,14.0,72.75,1995.0,900.0,-14.25,0.0,0.11,0.23,4.0,0.0
472,14.1,72.75,1876.0,900.0,-12.75,0.0,0.12,0.23,3.81,0.0
473,14.0,72.75,1741.0,900.0,-12.75,0.0,0.12,0.23,3.88,0.0
473,14.0,72.75,1602.0,900.0,-14.25,0.0,0.12,0.23,3.88,0.0
474,13.3,72.75,1233.0,900.0,18.0,3.13,0.12,0.23,3.81,0.0
474,13.2,72.75,1120.0,900.0,2.25,3.258,0.15,0.25,4.13,0.0
475,14.0,72.75,976.0,900.0,5.25,3.379,0.93,1.06,4.0,0.0
475,14.0,72.75,948.0,900.0,3.0,3.328,0.93,1.08,3.76,0.0
476,14.0,72.75,921.0,900.0,5.25,3.277,0.91,1.07,3.69,0.0
476,13.9,72.75,907.0,900.0,9.75,3.13,0.88,1.05,3.56,0.0
476,14.0,72.75,897.0,900.0,6.75,3.014,0.83,1.02,3.56,0.0
477,13.7,72.75,890.0,900.0,6.75,3.13,0.21,0.81,3.56,0.0
477,14.0,72.75,908.0,900.0,3.75,3.597,0.2,0.28,4.17,0.0
478,14.0,72.75,920.0,900.0,2.25,3.533,0.84,0.88,4.13,0.0
478,14.1,72.75,921.0,900.0,3.0,3.424,0.84,0.96,4.13,0.0
478,14.1,72.75,914.0,900.0,4.5,3.379,0.24,0.8,4.13,0.0
479,14.1,72.75,915.0,900.0,1.5,3.494,0.22,0.29,4.05,0.0
481,14.0,72.75,891.0,800.0,5.25,3.034,0.81,0.9,3.27,0.0
482,14.0,72.75,855.0,800.0,15.0,2.842,0.22,0.71,3.2,0.0
482,14.0,72.75,841.0,800.0,12.0,2.816,0.18,0.24,3.2,0.0
482,14.0,72.75,824.0,800.0,13.5,2.88,0.18,0.23,3.27,0.0
485,14.0,72.75,819.0,800.0,8.25,3.117,0.64,0.83,3.27,0.0
485,14.0,72.75,813.0,800.0,5.25,3.078,0.8,0.9,3.32,0.0
486,14.0,72.75,807.0,800.0,6.75,3.174,0.65,0.87,3.32,0.0
486,14.0,72.75,802.0,800.0,2.25,3.258,0.24,0.26,3.32,0.0
486,14.0,72.75,809.0,800.0,-2.25,3.213,0.77,0.85,3.32,0.0
487,14.0,72.75,809.0,800.0,4.5,3.2,0.78,0.87,3.32,0.0
487,14.0,72.75,804.0,800.0,9.75,3.174,0.27,0.76,3.32,0.0
488,14.0,72.75,807.0,800.0,5.25,3.187,0.31,0.82,3.32,0.0
488,14.0,72.75,802.0,800.0,3.75,3.168,0.78,0.86,3.32,0.0
489,14.0,73.5,800.0,800.0,6.0,3.232,0.22,0.33,3.32,0.0
489,14.0,73.5,806.0,800.0,2.25,3.296,0.22,0.28,3.32,0.0
490,14.0,73.5,804.0,800.0,4.5,3.181,0.82,0.86,3.32,0.0
490,14.0,73.5,799.0,800.0,9.0,3.187,0.34,0.84,3.32,0.0
490,14.0,73.5,797.0,800.0,4.5,3.302,0.22,0.69,3.27,0.0
491,14.0,73.5,805.0,800.0,4.5,3.181,0.81,0.85,3.32,0.0
491,14.0,73.5,792.0,800.0,5.25,3.168,0.75,0.85,3.27,0.0
492,14.0,73.5,799.0,800.0,5.25,3.283,0.22,0.34,3.27,0.0
492,14.0,73.5,798.0,800.0,9.75,3.27,0.41,0.79,3.2,0.0
493,14.0,73.5,806.0,800.0,5.25,3.091,0.83,0.88,3.2,0.0
493,14.0,73.5,804.0,800.0,6.0,3.059,0.24,0.84,3.2,0.0
494,14.0,73.5,808.0,800.0,3.0,3.181,0.22,0.22,3.08,0.0
494,14.0,73.5,801.0,800.0,7.5,3.194,0.47,0.73,3.15,0.0
495,14.0,73.5,800.0,800.0,11.25,3.059,0.35,0.84,3.15,0.0
496,14.1,74.25,803.0,2240.0,7.5,3.142,0.47,0.09,815.63,93.75
496,14.0,74.25,810.0,800.0,6.75,3.136,0.78,0.84,3.15,0.0
496,14.0,74.25,806.0,800.0,6.75,3.078,0.81,0.87,3.08,0.0
497,14.0,74.25,808.0,800.0,5.25,3.155,0.21,0.41,3.15,0.0
497,14.0,74.25,805.0,800.0,8.25,3.066,0.72,0.81,3.15,0.0
498,14.0,74.25,803.0,800.0,12.0,3.13,0.27,0.83,3.15,0.0
498,14.0,74.25,804.0,800.0,7.5,3.136,0.25,0.33,3.15,0.0
499,14.0,74.25,807.0,800.0,7.5,3.085,0.79,0.81,3.15,0.0
500,14.0,74.25,793.0,800.0,18.0,3.027,0.41,0.85,3.2,0.0
500,14.0,74.25,809.0,800.0,4.5,3.2,0.25,0.66,3.2,0.0
501,14.0,74.25,808.0,800.0,3.75,3.11,0.84,0.87,3.2,0.0
501,13.9,74.25,792.0,800.0,13.5,3.085,0.65,0.85,3.2,0.0
502,14.0,74.25,801.0,800.0,3.75,3.258,0.22,0.31,3.2,0.0
502,14.0,74.25,809.0,800.0,6.0,3.181,0.78,0.81,3.2,0.0
502,14.0,75.0,804.0,800.0,6.0,3.155,0.84,0.87,3.2,0.0
503,14.0,75.0,803.0,800.0,6.0,3.123,0.55,0.85,3.27,0.0
503,14.0,75.0,793.0,800.0,12.0,3.117,0.22,0.27,3.27,0.0
504,14.0,75.0,803.0,800.0,6.0,3.162,0.8,0.78,3.32,0.0
504,14.0,75.0,806.0,800.0,5.25,3.162,0.83,0.88,3.32,0.0
505,14.1,75.0,799.0,800.0,6.75,3.117,0.78,0.85,3.32,0.0
506,14.1,75.0,796.0,800.0,4.5,3.29,0.22,0.24,3.32,0.0
506,14.0,75.0,801.0,800.0,3.0,3.302,0.8,0.81,3.32,0.0
506,14.0,75.0,800.0,800.0,4.5,3.168,0.82,0.85,3.32,0.0
507,14.0,75.0,792.0,800.0,9.75,3.117,0.23,0.74,3.39,0.0
507,14.0,75.0,796.0,800.0,3.75,3.392,0.21,0.22,3.32,0.0
508,14.1,75.0,801.0,800.0,9.0,3.424,0.29,0.26,3.32,0.0
508,14.0,75.0,803.0,800.0,5.25,3.251,0.8,0.84,3.32,0.0
508,14.0,75.0,797.0,800.0,3.75,3.379,0.79,0.85,3.32,0.0
509,14.0,75.0,798.0,800.0,2.25,3.341,0.24,0.31,3.27,0.0
509,14.0,75.0,799.0,800.0,0.0,3.322,0.25,0.36,3.2,0.0
509,14.0,75.0,797.0,800.0,6.75,3.142,0.8,0.83,3.2,0.0
510,14.0,75.0,793.0,800.0,6.75,3.238,0.27,0.79,3.2,0.0
510,14.1,75.0,829.0,900.0,0.0,4.0,0.23,0.23,3.81,0.0
511,14.1,75.0,893.0,900.0,0.0,3.514,0.92,0.91,3.27,0.0
511,14.1,75.0,901.0,1000.0,5.25,3.29,0.94,0.97,4.54,0.0
511,14.1,75.0,966.0,1400.0,0.0,6.854,0.92,0.97,10.5,0.0
512,13.5,75.0,910.0,1500.0,-14.25,10.266,0.94,0.99,22.61,0.0
512,13.3,75.0,901.0,1500.0,-12.0,9.19,0.95,0.99,19.58,0.0
513,14.0,75.0,1156.0,1480.0,-7.5,8.595,0.95,0.99,20.56,0.0
513,14.1,75.0,1195.0,1330.0,-6.75,8.435,0.94,0.99,20.24,0.0
513,14.0,75.0,1186.0,1330.0,-6.0,8.122,0.88,0.96,20.07,0.0
514,14.0,75.0,1192.0,1300.0,-9.0,7.328,0.83,0.91,18.24,0.0
514,14.1,75.0,1333.0,1330.0,0.0,5.805,0.19,0.22,10.5,0.0
515,14.1,75.0,1354.0,1030.0,3.75,3.296,0.18,0.2,5.35,0.0
515,14.1,75.0,1364.0,900.0,3.75,2.822,0.16,0.18,5.1,0.0
515,14.1,75.0,1303.0,900.0,6.0,2.611,0.16,0.18,5.03,0.0
516,14.1,75.0,1201.0,900.0,6.0,2.65,0.16,0.17,4.98,0.0
516,13.8,75.0,1038.0,900.0,-1.5,3.251,0.16,0.18,4.98,0.0
517,13.3,75.75,952.0,900.0,-5.25,3.706,0.18,0.19,4.54,0.0
517,13.6,75.75,921.0,900.0,5.25,3.469,0.54,0.31,3.88,0.0
517,14.0,75.75,902.0,900.0,6.75,3.238,0.83,0.87,3.56,0.0
518,14.1,75.75,897.0,1000.0,5.25,3.482,0.75,0.87,3.52,0.0
518,14.0,75.75,1026.0,1300.0,-10.5,8.006,0.29,0.4,14.09,0.0
519,14.1,75.75,1811.0,2530.0,4.5,7.315,0.75,0.91,15.45,5.25
519,14.1,75.75,2046.0,1500.0,8.25,4.947,0.91,0.93,11.11,0.0
519,14.0,75.75,1604.0,1500.0,10.5,6.093,0.18,0.2,12.21,0.0
520,13.8,75.75,1408.0,1500.0,-2.25,7.75,0.87,0.85,14.23,0.0
523,14.1,75.75,1062.0,1400.0,-7.5,8.333,0.83,0.74,14.77,0.0
523,14.1,75.75,1766.0,1480.0,8.25,4.909,0.88,0.95,10.74,0.0
523,14.1,75.75,1974.0,1390.0,9.75,2.893,0.87,0.86,6.93,0.0
524,13.9,75.75,1483.0,1120.0,13.5,2.323,0.15,0.18,5.03,0.0
524,13.1,75.75,1035.0,1120.0,6.75,3.853,0.17,0.18,6.01,0.0
525,13.1,75.75,927.0,2020.0,-29.25,10.099,0.04,0.71,34.38,-51.0
525,13.9,75.0,1254.0,1200.0,-6.0,4.006,0.9,0.96,2.78,0.0
525,14.1,75.0,1349.0,900.0,1.5,2.4,0.19,0.88,4.05,0.0
526,14.0,75.0,1190.0,900.0,17.25,2.362,0.16,0.17,4.25,0.0
526,14.0,75.0,1058.0,900.0,11.25,2.733,0.16,0.17,4.17,0.0
527,14.0,75.0,973.0,900.0,6.0,2.995,0.17,0.18,3.93,0.0
527,13.6,75.0,937.0,900.0,7.5,3.002,0.17,0.18,3.52,0.0
527,13.7,75.0,918.0,900.0,10.5,3.072,0.18,0.19,3.44,0.0
528,13.8,75.0,909.0,1200.0,7.5,6.81,0.2,0.21,18.97,0.0
528,13.8,75.0,1237.0,1500.0,-6.0,11.974,0.95,0.96,24.8,0.0
529,13.8,75.0,1472.0,1500.0,-0.75,6.938,0.91,0.98,12.65,0.0
529,13.8,75.0,1556.0,1200.0,-3.75,2.861,0.2,0.86,3.32,0.0
529,13.8,75.0,1309.0,900.0,27.75,1.779,0.15,0.17,2.66,0.0
530,13.6,75.0,1097.0,1300.0,21.75,4.346,0.15,0.16,7.4,0.0
531,13.8,75.0,1425.0,1100.0,13.5,2.765,0.18,0.39,3.88,0.0
531,14.0,75.0,1290.0,900.0,16.5,1.971,0.16,0.18,2.66,0.0
531,14.0,75.0,1129.0,900.0,30.75,2.144,0.16,0.18,3.32,0.0
532,14.0,75.0,1027.0,1000.0,9.0,3.072,0.16,0.18,7.47,0.0
532,14.0,75.0,1173.0,1400.0,-5.25,9.357,0.89,0.74,18.97,0.0
533,14.0,75.0,1696.0,1500.0,2.25,6.24,0.87,0.93,13.62,0.0
533,13.7,75.75,1771.0,2540.0,10.5,4.71,0.17,0.19,10.4,94.5
533,14.1,75.75,1571.0,1500.0,5.25,5.715,0.91,0.87,10.13,0.0
534,14.1,75.75,1509.0,1200.0,7.5,2.586,0.84,0.91,3.52,0.0
534,14.1,75.75,1354.0,900.0,9.0,1.965,0.16,0.2,3.08,0.0
535,14.1,75.75,1959.0,2520.0,27.75,5.382,0.18,0.22,11.96,-73.5
535,14.1,75.75,1894.0,900.0,30.0,3.885,0.68,0.91,9.79,0.0
536,14.1,75.75,1589.0,900.0,10.5,5.043,0.77,0.25,8.94,0.0
536,14.1,75.75,1593.0,900.0,14.25,5.869,0.88,0.91,11.96,0.0
537,14.1,75.75,1865.0,900.0,25.5,5.773,0.17,0.18,13.31,0.0
537,14.1,75.75,2136.0,900.0,26.25,5.824,0.9,0.84,12.94,0.0
537,14.1,75.75,2454.0,2520.0,24.75,6.445,0.04,0.86,18.9,-96.0
538,14.1,75.75,2847.0,900.0,23.25,9.222,0.16,0.2,27.73,0.0
538,14.1,75.75,3397.0,900.0,21.75,9.216,0.87,0.87,27.78,0.0
539,14.1,75.75,3791.0,900.0,6.0,4.09,0.98,1.01,13.79,0.0
539,14.1,75.75,3465.0,900.0,25.5,1.69,0.94,1.01,7.1,0.0
539,14.1,75.75,3139.0,900.0,32.25,4.038,0.17,0.2,18.48,0.0
540,14.1,75.75,2488.0,900.0,27.75,6.214,0.16,0.18,14.94,0.0
542,14.1,76.5,3626.0,2530.0,16.5,12.557,0.94,0.98,51.22,85.5
543,14.1,76.5,3865.0,900.0,18.0,10.803,0.28,0.94,42.58,0.0
543,14.1,76.5,4104.0,900.0,14.25,8.109,0.21,0.6,24.8,0.0
543,14.1,76.5,3739.0,900.0,15.75,1.837,0.95,1.01,7.52,0.0
544,14.1,76.5,3194.0,900.0,32.25,4.87,0.89,0.98,17.99,0.0
544,14.1,76.5,2722.0,900.0,26.25,9.165,0.24,0.31,26.22,0.0
545,14.1,76.5,2780.0,900.0,17.25,12.922,0.78,0.46,48.73,0.0
545,14.1,76.5,2852.0,900.0,18.75,11.328,0.88,0.94,43.38,0.0
546,14.1,76.5,3069.0,900.0,19.5,11.014,0.23,0.79,40.33,0.0
546,14.1,76.5,3171.0,900.0,19.5,11.488,0.29,0.9,42.46,0.0
547,14.1,76.5,3235.0,900.0,18.75,11.462,0.74,0.92,43.68,0.0
547,14.1,76.5,3336.0,900.0,18.75,11.277,0.48,0.95,45.39,0.0
549,14.1,77.25,2648.0,900.0,21.75,9.472,0.17,0.23,30.91,0.0
550,14.1,77.25,2681.0,900.0,17.25,11.187,0.87,0.87,52.44,0.0
550,14.1,77.25,2721.0,900.0,18.0,10.579,0.3,0.54,43.14,0.0
551,14.1,77.25,2750.0,900.0,18.75,10.586,0.22,0.76,42.09,0.0
553,14.1,78.0,3026.0,900.0,19.5,10.995,0.29,0.87,41.48,0.0
554,14.1,78.0,3071.0,900.0,19.5,11.373,0.69,0.94,42.77,0.0
554,14.1,78.0,3066.0,900.0,33.75,2.483,0.88,1.05,10.99,0.0
554,14.1,78.0,3051.0,900.0,36.75,2.394,0.16,0.24,9.11,0.0
555,14.1,78.75,3051.0,900.0,36.75,2.848,0.16,0.25,12.04,0.0
555,14.1,78.75,3053.0,900.0,29.25,5.734,0.2,0.27,16.41,0.0
555,14.1,78.75,3041.0,900.0,23.25,3.258,0.19,0.51,10.57,0.0
556,14.1,78.75,3031.0,900.0,38.25,2.33,0.74,0.8,7.84,0.0
556,14.1,78.75,3003.0,900.0,6.0,1.888,0.18,0.26,6.74,0.0
557,14.1,78.75,2967.0,900.0,-11.25,0.0,0.13,0.21,7.1,0.0
557,14.1,78.75,2944.0,900.0,-12.0,0.0,0.12,0.2,6.98,0.0
558,14.1,78.75,2896.0,900.0,-11.25,0.0,0.12,0.2,6.98,0.0
558,14.1,78.75,2867.0,900.0,-11.25,0.0,0.12,0.19,6.86,0.0
558,14.1,78.75,2827.0,900.0,-11.25,0.0,0.12,0.19,6.74,0.0
559,14.1,78.75,2792.0,900.0,0.75,2.035,0.13,0.2,6.79,0.0
559,14.1,78.75,2834.0,900.0,35.25,3.872,0.19,0.24,13.55,0.0
560,14.1,78.75,2785.0,900.0,30.0,6.17,0.89,0.96,16.04,0.0
560,14.1,78.75,2804.0,900.0,30.75,5.69,0.22,0.48,15.63,0.0
560,14.1,78.75,2800.0,900.0,31.5,5.53,0.21,0.36,15.63,0.0
561,14.1,78.75,2814.0,900.0,30.75,5.517,0.4,0.78,15.38,0.0
561,14.1,78.75,2820.0,900.0,31.5,5.242,0.21,0.51,14.53,0.0
562,14.1,78.75,2824.0,900.0,32.25,4.672,0.85,0.88,13.06,0.0
562,14.1,78.75,2818.0,900.0,34.5,3.923,0.21,0.26,12.33,0.0
562,14.1,78.75,2813.0,900.0,35.25,3.29,0.79,0.82,10.21,0.0
563,14.1,78.75,2798.0,900.0,37.5,2.547,0.33,0.32,8.08,0.0
563,14.1,78.75,2787.0,900.0,38.25,2.4,0.2,0.25,8.13,0.0
564,14.1,78.75,2768.0,900.0,21.75,1.907,0.2,0.26,6.54,0.0
564,14.1,78.75,2736.0,900.0,3.75,0.0,0.19,0.24,6.54,0.0
564,14.1,78.75,2697.0,900.0,-11.25,0.0,0.12,0.18,6.49,0.0
565,14.1,78.75,2670.0,900.0,-11.25,0.0,0.12,0.18,6.45,0.0
565,14.1,78.75,2639.0,900.0,-12.0,0.0,0.12,0.18,6.32,0.0
566,14.1,78.75,2609.0,900.0,-12.0,0.0,0.12,0.18,6.13,0.0
566,14.1,78.75,2578.0,900.0,-12.75,0.0,0.11,0.18,6.01,0.0
566,14.1,78.75,2558.0,900.0,-12.75,0.0,0.12,0.18,6.08,0.0
567,14.1,78.75,2530.0,900.0,-12.75,0.0,0.11,0.18,5.83,0.0
567,14.1,78.75,2500.0,900.0,-12.0,0.0,0.12,0.19,5.52,0.0
570,14.1,78.0,2337.0,900.0,-14.25,0.0,0.12,0.19,5.27,0.0
570,14.1,78.0,2309.0,900.0,-14.25,0.0,0.11,0.19,5.22,0.0
570,14.1,78.0,2285.0,900.0,-4.5,2.432,0.12,0.19,4.66,0.0
571,14.1,78.0,2266.0,900.0,36.75,2.618,0.99,1.0,7.06,0.0
571,14.1,78.0,2254.0,900.0,21.0,3.885,0.99,1.07,8.94,0.0
572,14.1,78.0,2239.0,900.0,31.5,3.718,0.98,1.08,8.69,0.0
572,14.1,78.0,2234.0,900.0,31.5,3.629,0.97,1.07,8.98,0.0
572,14.1,78.0,2232.0,900.0,30.0,5.28,0.95,1.06,14.23,0.0
573,14.1,78.0,2243.0,900.0,25.5,6.381,0.93,1.04,15.38,0.0
573,14.1,78.0,2262.0,900.0,20.25,7.866,0.65,0.98,21.83,0.0
574,14.1,77.25,2290.0,900.0,19.5,8.384,0.61,0.96,22.07,0.0
574,14.1,77.25,2324.0,900.0,20.25,8.358,0.22,0.85,22.85,0.0
574,14.1,77.25,2353.0,900.0,18.75,8.755,0.22,0.82,25.17,0.0
575,14.1,77.25,2386.0,900.0,19.5,8.8,0.22,0.9,27.42,0.0
575,14.1,77.25,2428.0,0.916,18.0,9.222,0.04,0.48,32.71,0.916
576,14.1,77.25,2458.0,900.0,18.0,9.408,0.22,0.65,34.3,0.0
576,14.1,77.25,2500.0,900.0,18.75,9.395,0.2,0.4,36.18,0.0
577,14.1,77.25,2546.0,900.0,18.75,9.843,0.29,0.31,37.72,0.0
577,14.1,77.25,2628.0,900.0,18.75,10.029,0.8,0.72,39.53,0.0
578,14.1,77.25,2669.0,900.0,18.75,10.086,0.8,0.85,39.65,0.0
578,14.1,76.5,2707.0,900.0,19.5,10.131,0.78,0.88,38.82,-0.75
578,14.1,76.5,2758.0,900.0,20.25,10.15,0.82,0.92,36.99,-0.75
579,14.1,76.5,2801.0,900.0,20.25,10.438,0.25,0.89,35.64,-0.75
579,14.1,76.5,2839.0,900.0,21.0,10.131,0.77,0.94,34.13,-0.75
580,14.1,76.5,2873.0,900.0,20.25,9.965,0.78,0.96,33.57,-0.75
580,14.1,76.5,2916.0,900.0,21.0,9.926,0.81,0.94,33.08,-0.75
580,14.1,76.5,2910.0,900.0,33.75,2.445,0.15,0.52,10.64,0.0
581,14.1,76.5,2895.0,900.0,36.0,2.253,0.15,0.24,8.94,0.0
581,14.1,76.5,2845.0,900.0,39.0,1.581,0.16,0.25,5.1,0.0
582,14.1,76.5,2853.0,900.0,-9.75,1.882,0.15,0.24,6.49,0.0
582,14.1,76.5,2832.0,900.0,-10.5,0.0,0.13,0.22,6.74,0.0
582,14.1,76.5,2800.0,900.0,-10.5,0.0,0.12,0.22,6.69,0.0
583,14.1,76.5,2759.0,900.0,-10.5,0.0,0.12,0.22,6.62,0.0
583,14.1,76.5,2741.0,900.0,-11.25,0.0,0.12,0.22,6.54,0.0
584,14.1,75.75,2710.0,900.0,-11.25,0.0,0.12,0.21,6.49,0.0
584,14.1,75.75,2682.0,900.0,-11.25,0.0,0.12,0.21,6.49,0.0
584,14.1,75.75,2657.0,900.0,-15.0,0.0,0.12,0.21,6.79,0.0
585,14.1,75.75,2620.0,900.0,-14.25,0.0,0.12,0.22,6.74,0.0
585,14.1,75.75,2594.0,900.0,-15.0,0.0,0.12,0.22,6.69,0.0
586,14.1,75.75,2568.0,900.0,-15.0,0.0,0.12,0.21,6.69,0.0
586,14.1,75.75,2542.0,900.0,-15.0,0.0,0.12,0.22,6.45,0.0
586,14.1,75.75,2510.0,900.0,-14.25,0.0,0.12,0.22,6.13,0.0
587,14.1,75.75,2485.0,900.0,-14.25,0.0,0.12,0.22,6.08,0.0
587,14.1,75.75,2455.0,900.0,-14.25,0.0,0.11,0.22,5.88,0.0
588,14.1,75.75,2429.0,900.0,-13.5,0.0,0.12,0.22,5.4,0.0
588,14.1,75.75,2401.0,900.0,-14.25,0.0,0.12,0.22,5.35,0.0
588,14.1,75.75,2370.0,900.0,-14.25,0.0,0.12,0.22,5.35,0.0
589,14.1,75.75,2344.0,900.0,-14.25,0.0,0.12,0.22,5.27,0.0
589,14.1,75.75,2318.0,900.0,-6.0,2.387,0.12,0.22,4.86,0.0
590,14.1,75.0,2295.0,900.0,26.25,2.586,0.98,1.04,6.69,0.0
590,14.1,75.0,2278.0,900.0,15.0,3.123,0.98,1.09,7.91,0.0
590,14.1,75.0,2269.0,900.0,33.0,3.661,0.98,1.1,8.62,0.0
591,14.1,75.0,2264.0,900.0,33.0,3.398,0.97,1.1,8.33,0.0
591,14.1,75.0,2258.0,900.0,33.0,3.162,0.95,1.09,8.13,0.0
592,14.1,75.0,2249.0,900.0,33.75,2.989,0.92,1.07,7.96,0.0
592,14.1,75.0,2240.0,900.0,32.25,3.085,0.86,1.05,8.57,0.0
593,14.1,75.0,2237.0,900.0,32.25,3.187,0.8,1.02,8.98,0.0
593,14.1,75.0,2231.0,900.0,31.5,3.309,0.74,0.98,9.06,0.0
593,14.1,75.0,2223.0,900.0,31.5,3.482,0.22,0.91,9.55,0.0
594,14.1,74.25,2221.0,900.0,31.5,3.501,0.8,0.96,9.67,0.0
594,14.1,74.25,2224.0,900.0,31.5,3.654,0.43,0.83,10.08,0.0
595,14.1,74.25,2232.0,900.0,26.25,5.658,0.86,1.0,14.65,0.0
595,14.1,74.25,2250.0,900.0,23.25,7.674,0.33,0.61,19.63,0.0
595,14.1,74.25,2278.0,900.0,18.75,8.525,0.21,0.71,23.05,0.0
596,14.1,74.25,2309.0,900.0,18.0,8.403,0.76,0.9,23.78,0.0
596,14.1,74.25,2350.0,900.0,18.75,8.435,0.76,0.87,24.8,0.0
597,14.1,74.25,2377.0,900.0,19.5,8.602,0.69,0.85,25.85,0.0
597,14.1,74.25,2402.0,900.0,19.5,8.71,0.23,0.43,26.22,0.0
597,14.1,74.25,2433.0,900.0,19.5,8.666,0.54,0.89,26.15,0.0
598,14.1,74.25,2465.0,900.0,21.0,8.563,0.7,0.91,26.64,-0.75
598,14.1,74.25,2501.0,900.0,21.0,8.986,0.64,0.84,27.37,-0.75
599,14.1,74.25,2535.0,900.0,21.75,9.088,0.23,0.36,27.86,-0.75
599,14.1,73.5,2575.0,900.0,21.75,9.184,0.25,0.47,28.39,-0.75
599,14.1,73.5,2581.0,900.0,19.5,3.456,0.91,0.99,9.79,0.0
600,14.1,73.5,2587.0,2500.0,36.0,2.317,0.04,0.78,515.63,87.75
600,14.1,73.5,2579.0,900.0,35.25,3.162,0.16,0.26,11.72,0.0
601,14.1,73.5,2574.0,900.0,28.5,6.016,0.87,0.92,15.67,0.0
601,14.1,73.5,2578.0,900.0,27.75,6.285,0.8,0.87,16.41,0.0
601,14.1,73.5,2594.0,900.0,27.75,6.4,0.73,0.45,16.72,0.0
602,14.1,73.5,2618.0,900.0,27.0,6.778,0.83,0.87,17.58,0.0
602,14.1,73.5,2636.0,900.0,26.25,7.29,0.42,0.88,18.48,0.0
603,14.1,73.5,2651.0,900.0,27.0,6.976,0.79,0.73,18.41,0.0
603,14.1,73.5,2669.0,900.0,27.0,6.925,0.84,0.9,18.48,0.0
603,14.1,73.5,2692.0,900.0,27.0,6.97,0.78,0.86,18.97,0.0
604,14.1,73.5,2707.0,900.0,27.0,7.117,0.71,0.87,18.85,0.0
604,14.1,73.5,2729.0,900.0,27.0,7.123,0.36,0.41,18.73,0.0
605,14.1,73.5,2741.0,900.0,27.0,6.675,0.8,0.87,18.04,0.0
605,14.1,73.5,2761.0,900.0,27.75,6.438,0.67,0.91,17.82,0.0
605,14.1,73.5,2775.0,900.0,27.0,6.88,0.46,0.88,18.97,0.0
606,14.1,73.5,2792.0,900.0,27.0,6.387,0.71,0.92,16.53,0.0
606,14.1,73.5,2789.0,900.0,35.25,2.989,0.16,0.27,10.4,0.0
607,14.1,73.5,2776.0,900.0,36.75,2.464,0.18,0.28,8.37,0.0
607,14.1,73.5,2741.0,900.0,39.75,1.664,0.18,0.28,6.93,0.0
609,14.1,73.5,2869.0,900.0,18.75,10.579,0.78,0.99,38.43,0.0
610,14.1,73.5,2911.0,900.0,18.75,10.56,0.75,1.0,39.43,0.0
610,14.1,73.5,2951.0,900.0,19.5,10.266,0.74,0.99,35.45,0.0
611,14.1,73.5,2994.0,900.0,21.0,9.939,0.45,1.0,32.42,0.0
611,14.1,73.5,3026.0,900.0,21.0,9.28,0.26,0.95,29.32,0.0
612,14.1,73.5,3057.0,900.0,23.25,8.134,0.23,0.37,24.27,0.0
612,14.1,73.5,2970.0,900.0,39.0,1.293,0.17,0.49,5.59,0.0
612,14.1,73.5,2605.0,900.0,39.0,1.632,0.14,0.26,6.08,0.0
613,14.1,73.5,2388.0,900.0,38.25,2.054,0.2,0.29,6.69,0.0
613,14.1,72.75,2344.0,900.0,29.25,6.374,0.97,1.07,14.23,0.0
614,14.1,72.75,2342.0,900.0,26.25,6.579,0.96,1.09,15.06,0.0
614,14.1,72.75,2347.0,900.0,26.25,5.958,0.92,1.08,14.7,0.0
614,14.1,72.75,2350.0,900.0,27.0,5.766,0.87,1.07,14.72,0.0
615,14.1,72.75,2357.0,900.0,27.75,4.864,0.8,1.02,13.01,0.0
615,14.1,72.75,2354.0,900.0,30.75,4.109,0.41,0.99,11.43,0.0
616,14.1,72.75,2348.0,900.0,30.75,3.718,0.83,1.01,9.11,0.0
616,14.1,72.75,2342.0,2500.0,18.75,2.707,0.21,0.37,7.64,-93.75
616,14.1,72.75,2324.0,900.0,21.75,2.387,0.82,0.92,6.86,0.0
617,14.1,72.75,2299.0,900.0,36.0,1.971,0.86,1.0,5.35,0.0
617,14.1,72.75,2293.0,900.0,9.75,1.562,0.35,0.99,3.88,0.0
618,14.1,72.75,2272.0,900.0,-12.75,0.0,0.16,0.28,4.25,0.0
620,14.1,72.75,2161.0,900.0,25.5,8.838,1.01,1.1,17.46,0.0
621,14.1,72.75,2180.0,900.0,18.0,9.19,0.95,1.09,21.95,0.0
621,14.1,72.75,2197.0,900.0,18.75,8.621,0.92,1.08,21.9,0.0
622,14.1,72.75,2210.0,900.0,21.0,6.221,0.83,1.05,14.65,0.0
622,14.1,72.75,2205.0,900.0,10.5,2.816,0.88,1.05,7.3,0.0
623,14.1,72.75,2192.0,900.0,18.0,2.445,0.86,1.04,6.74,0.0
623,14.1,72.75,2172.0,900.0,35.25,2.042,0.88,1.05,5.22,0.0
623,14.1,72.75,2157.0,900.0,14.25,1.696,0.91,1.07,3.32,0.0
624,14.1,72.75,2140.0,900.0,-12.75,1.907,0.18,0.97,3.69,0.0
624,14.1,72.75,2120.0,900.0,-14.25,0.0,0.14,0.24,4.13,0.0
625,14.1,72.75,2101.0,900.0,-14.25,0.0,0.12,0.22,4.13,0.0
625,14.1,72.75,2083.0,900.0,-14.25,0.0,0.12,0.22,4.17,0.0
625,14.1,72.75,2062.0,900.0,-14.25,0.0,0.12,0.22,4.13,0.0
626,14.1,72.75,2036.0,900.0,-14.25,0.0,0.12,0.22,4.13,0.0
626,14.1,72.75,2014.0,900.0,-14.25,0.0,0.12,0.22,4.05,0.0
627,14.1,72.75,1999.0,900.0,-14.25,2.95,0.11,0.22,4.05,0.0
627,14.1,72.75,1983.0,900.0,13.5,2.394,0.34,0.25,4.91,0.0
627,14.1,72.75,1953.0,900.0,24.75,1.952,0.98,1.08,3.76,0.0
630,14.1,72.75,2479.0,900.0,32.25,4.339,0.95,1.05,11.84,0.0
630,14.1,72.75,2476.0,900.0,31.5,4.602,0.94,1.06,12.08,0.0
633,14.1,72.75,2605.0,900.0,21.75,8.96,0.26,0.7,26.27,0.0
633,14.1,72.75,2639.0,900.0,19.5,10.086,0.82,0.88,35.84,0.0
633,14.1,72.75,2685.0,900.0,19.5,9.952,0.79,0.86,35.64,0.0
634,14.1,72.75,2726.0,900.0,18.0,10.771,0.71,0.91,40.21,0.0
634,14.1,72.75,2764.0,900.0,18.75,10.771,0.35,0.91,40.63,0.0
635,14.1,72.75,2798.0,900.0,18.75,10.816,0.23,0.83,40.38,0.0
635,14.1,72.75,2851.0,900.0,18.75,10.726,0.8,0.96,40.63,0.0
635,14.1,72.75,2879.0,900.0,21.75,7.827,0.81,0.98,22.97,0.0
636,14.1,72.75,2873.0,900.0,36.0,2.368,0.15,0.27,9.96,0.0
636,14.1,72.75,2869.0,900.0,37.5,2.118,0.16,0.26,8.33,0.0
637,14.1,72.75,2836.0,900.0,18.75,1.677,0.15,0.26,6.74,0.0
637,14.1,72.75,2805.0,900.0,-10.5,0.0,0.13,0.25,6.79,0.0
637,14.1,72.75,2773.0,900.0,-11.25,0.0,0.12,0.23,6.69,0.0
638,14.1,72.75,2738.0,900.0,-7.5,2.163,0.12,0.23,6.62,0.0
638,14.1,72.75,2726.0,900.0,32.25,5.293,0.21,0.29,15.63,0.0
639,14.1,72.75,2727.0,900.0,15.75,9.421,0.92,1.02,24.27,0.0
639,14.1,72.75,2754.0,900.0,20.25,10.605,0.86,1.03,31.74,0.0
639,14.1,72.0,2788.0,900.0,21.0,9.773,0.25,0.96,29.81,0.0
640,14.1,72.0,2819.0,900.0,21.0,9.805,0.22,0.58,29.81,0.0
640,14.1,72.0,2847.0,900.0,21.0,9.99,0.61,0.77,29.61,0.0
641,14.1,72.0,2899.0,2520.0,21.0,9.523,0.04,0.69,565.63,82.5
641,14.1,72.0,2926.0,900.0,21.75,9.344,0.78,0.95,29.2,-0.75
642,14.1,72.0,2952.0,900.0,21.75,9.235,0.53,0.94,29.0,-0.75
642,14.1,72.0,2977.0,900.0,21.75,9.421,0.43,0.95,28.64,-0.75
643,14.1,72.0,2999.0,900.0,22.5,9.28,0.22,0.85,28.39,-0.75
643,14.1,72.0,2994.0,900.0,18.0,4.198,0.88,0.93,11.84,0.0
643,14.1,72.0,2976.0,900.0,35.25,2.592,0.16,0.28,10.28,0.0
644,14.1,72.0,2935.0,900.0,37.5,2.15,0.17,0.28,8.33,0.0
644,14.1,72.0,2900.0,900.0,38.25,2.33,0.16,0.27,10.4,0.0
645,14.1,72.0,2869.0,900.0,30.75,6.003,0.81,0.49,16.89,0.0
645,14.1,72.0,2835.0,900.0,33.75,3.59,0.19,0.34,10.99,0.0
645,14.1,72.0,2794.0,900.0,36.75,2.701,0.19,0.3,8.74,0.0
646,14.1,72.0,2762.0,900.0,36.0,3.328,0.2,0.31,11.72,0.0
646,14.1,72.0,2747.0,900.0,31.5,6.285,0.93,0.99,15.75,0.0
647,14.1,72.0,2728.0,900.0,30.75,5.709,0.91,1.06,14.84,0.0
647,14.1,72.0,2702.0,900.0,31.5,4.794,0.23,0.94,13.48,0.0
647,14.1,72.0,2680.0,900.0,35.25,3.258,0.2,0.3,9.96,0.0
648,14.1,72.0,2652.0,900.0,36.75,2.611,0.76,0.84,8.08,0.0
648,14.1,72.0,2647.0,900.0,34.5,4.378,0.6,0.4,13.67,0.0
649,14.1,72.0,2656.0,900.0,30.75,5.894,0.91,1.05,15.06,0.0
649,14.1,72.0,2637.0,900.0,21.75,3.514,0.19,0.94,10.13,0.0
649,14.1,72.0,2616.0,900.0,36.0,2.925,0.22,0.3,8.94,0.0
650,14.1,72.0,2604.0,2520.0,37.5,2.413,0.78,0.81,7.64,87.0
650,14.1,72.0,2591.0,900.0,32.25,6.605,0.85,0.94,16.89,0.0
651,14.1,72.0,2598.0,900.0,27.0,7.334,0.92,1.07,17.94,0.0
651,14.1,72.0,2613.0,2520.0,27.0,6.554,0.8,1.0,17.46,87.0
651,14.1,72.0,2626.0,2520.0,28.5,5.85,0.04,0.14,15.92,86.25
652,14.1,72.0,2627.0,2520.0,32.25,3.84,0.77,0.61,10.99,86.25
652,14.1,72.0,2630.0,2500.0,36.0,2.784,0.18,0.28,9.11,85.5
653,14.1,72.0,2620.0,900.0,36.0,2.912,0.2,0.3,10.28,0.0
653,14.1,72.0,2640.0,900.0,27.0,8.506,0.93,0.99,21.22,0.0
654,14.1,72.0,2694.0,900.0,27.0,6.861,0.27,0.42,17.7,0.0
654,14.1,72.0,2719.0,900.0,27.75,6.336,0.75,0.49,17.14,0.0
655,14.1,72.0,2722.0,2500.0,35.25,2.982,0.17,0.28,9.89,82.5
655,14.1,72.0,2718.0,900.0,36.75,2.515,0.19,0.28,8.2,0.0
655,14.1,72.0,2730.0,2520.0,33.0,6.304,0.64,0.31,17.14,82.5
656,14.1,72.0,2752.0,900.0,27.0,7.68,0.93,1.04,18.9,0.0
658,14.1,72.75,2847.0,900.0,-10.5,0.0,0.13,0.24,6.79,0.0
659,14.1,72.75,2833.0,900.0,-11.25,0.0,0.12,0.22,6.74,0.0
659,14.1,72.75,2825.0,900.0,-11.25,0.0,0.11,0.22,6.74,0.0
660,14.1,72.75,2808.0,900.0,-11.25,0.0,0.12,0.22,6.74,0.0
660,14.1,72.75,2804.0,900.0,-11.25,0.0,0.12,0.22,6.74,0.0
661,14.1,72.75,2802.0,900.0,-11.25,0.0,0.12,0.22,6.74,0.0
661,14.1,72.75,2801.0,900.0,-12.75,0.0,0.12,0.22,7.35,0.0
661,14.1,72.75,2794.0,900.0,-12.75,0.0,0.12,0.22,7.35,0.0
662,14.1,72.75,2780.0,900.0,-12.75,0.0,0.12,0.22,7.3,0.0
662,14.1,72.75,2754.0,900.0,-12.75,0.0,0.12,0.22,7.23,0.0
663,14.1,72.75,2734.0,900.0,-12.75,0.0,0.11,0.22,7.15,0.0
663,14.1,72.75,2711.0,900.0,-14.25,0.0,0.12,0.22,7.1,0.0
663,14.1,72.75,2682.0,900.0,-14.25,0.0,0.12,0.22,7.06,0.0
664,14.1,72.75,2648.0,900.0,-15.0,0.0,0.12,0.23,6.93,0.0
664,14.1,72.75,2618.0,900.0,-15.0,0.0,0.11,0.22,6.74,0.0
665,14.1,72.75,2593.0,900.0,-15.0,0.0,0.12,0.22,6.69,0.0
665,14.1,72.75,2569.0,900.0,-15.0,0.0,0.11,0.23,6.69,0.0
665,14.1,72.75,2540.0,900.0,-15.0,0.0,0.11,0.23,6.32,0.0
666,14.1,72.75,2536.0,2520.0,33.0,3.226,0.31,0.27,10.64,91.5
666,14.1,72.75,2513.0,900.0,14.25,5.28,0.96,1.07,11.84,0.0
667,14.1,72.75,2501.0,900.0,21.75,2.925,0.23,0.68,8.57,0.0
667,14.1,72.75,2498.0,900.0,35.25,2.458,0.44,0.59,7.59,0.0
667,14.1,72.75,2468.0,900.0,19.5,2.31,0.68,0.65,4.86,0.0
668,14.1,72.75,2464.0,900.0,21.75,2.208,0.22,0.7,7.91,0.0
668,14.1,72.75,2441.0,900.0,3.75,4.858,0.91,1.0,12.33,0.0
669,14.1,72.75,2445.0,900.0,31.5,4.237,0.9,1.06,11.47,0.0
669,14.1,72.75,2446.0,900.0,32.25,3.718,0.83,1.03,10.33,0.0
670,14.1,72.75,2443.0,900.0,33.75,2.995,0.22,0.31,8.98,0.0
670,14.1,72.0,2442.0,900.0,33.75,2.982,0.81,0.84,9.06,0.0
670,14.1,72.0,2434.0,900.0,32.25,3.987,0.84,0.9,11.43,0.0
671,14.1,72.0,2432.0,900.0,30.75,4.326,0.87,1.02,11.91,0.0
671,14.1,72.0,2436.0,900.0,30.75,4.173,0.21,0.67,11.72,0.0
671,14.1,72.0,2434.0,900.0,31.5,4.166,0.56,0.83,11.67,0.0
672,14.1,72.0,2439.0,900.0,31.5,4.198,0.81,0.77,11.6,0.0
672,14.1,72.0,2445.0,900.0,31.5,4.102,0.25,0.34,11.55,0.0
673,14.1,72.0,2444.0,900.0,31.5,4.032,0.43,0.87,11.6,0.0
673,14.1,72.0,2446.0,900.0,31.5,4.09,0.81,0.87,11.67,0.0
674,14.1,72.0,2448.0,900.0,31.5,4.083,0.81,0.87,11.67,0.0
674,14.1,72.0,2453.0,900.0,31.5,4.198,0.81,0.67,11.79,0.0
674,14.1,72.0,2456.0,900.0,31.5,4.16,0.79,0.77,11.79,0.0
675,14.1,72.0,2451.0,900.0,24.0,2.861,0.2,0.29,8.5,0.0
675,14.1,72.0,2440.0,900.0,32.25,2.534,0.23,0.5,7.47,0.0
675,14.1,72.0,2429.0,900.0,30.75,2.362,0.8,0.88,7.3,0.0
678,14.1,72.0,2408.0,900.0,33.0,3.296,0.75,0.81,9.59,0.0
678,14.1,72.0,2400.0,900.0,33.0,3.309,0.23,0.36,9.55,0.0
679,14.1,72.0,2393.0,900.0,33.0,3.219,0.37,0.87,9.47,0.0
679,14.1,72.0,2389.0,900.0,33.0,3.226,0.8,0.86,9.47,0.0
680,14.1,72.0,2390.0,900.0,33.0,3.213,0.8,0.81,9.42,0.0
680,14.1,72.0,2386.0,900.0,33.0,3.354,0.53,0.48,9.55,0.0
680,14.1,72.0,2381.0,2520.0,32.25,3.501,0.79,0.78,9.96,-95.25
681,14.1,72.0,2379.0,900.0,32.25,3.514,0.41,0.76,9.89,0.0
681,14.1,72.0,2376.0,900.0,32.25,3.373,0.64,0.9,9.79,0.0
684,14.1,72.0,2357.0,900.0,32.25,3.386,0.73,0.93,9.67,0.0
684,14.1,72.0,2358.0,900.0,32.25,3.392,0.79,0.94,9.59,0.0
684,14.1,72.0,2349.0,900.0,32.25,3.424,0.79,0.93,9.59,0.0
685,14.1,72.0,2350.0,900.0,32.25,3.398,0.79,0.93,9.59,0.0
685,14.1,72.0,2348.0,900.0,32.25,3.398,0.81,0.95,9.59,0.0
686,14.1,72.0,2347.0,900.0,32.25,4.058,0.96,1.07,9.55,0.0
686,14.1,72.0,2342.0,900.0,32.25,3.91,0.97,1.09,9.55,0.0
686,14.1,72.0,2340.0,900.0,32.25,3.75,0.96,1.1,9.42,0.0
687,14.1,72.0,2339.0,900.0,32.25,3.616,0.95,1.09,9.42,0.0
687,14.1,72.0,2335.0,900.0,32.25,3.526,0.94,1.08,9.42,0.0
688,14.1,72.0,2332.0,900.0,32.25,3.45,0.91,1.07,9.42,0.0
688,14.1,72.0,2332.0,900.0,32.25,3.418,0.87,1.05,9.47,0.0
688,14.1,72.0,2327.0,900.0,32.25,3.398,0.87,1.04,9.42,0.0
689,14.1,72.0,2327.0,900.0,32.25,3.398,0.87,1.04,9.3,0.0
689,14.1,72.0,2323.0,900.0,32.25,3.354,0.87,1.04,9.35,0.0
690,14.1,72.0,2321.0,900.0,32.25,3.405,0.87,1.04,9.35,0.0
690,14.1,72.0,2318.0,900.0,32.25,4.083,0.97,1.09,9.3,0.0
690,14.1,72.0,2314.0,900.0,32.25,3.994,0.98,1.09,9.23,0.0
691,14.1,72.0,2312.0,900.0,32.25,3.814,0.98,1.1,9.23,0.0
691,14.1,72.0,2310.0,2520.0,32.25,3.686,0.97,1.1,9.11,-91.5
694,14.1,72.0,2228.0,900.0,-1.5,2.208,0.15,0.25,4.13,0.0
694,14.1,72.0,2213.0,900.0,18.75,3.744,0.98,1.06,9.47,0.0
694,14.1,72.0,2204.0,900.0,2.25,6.701,1.0,1.1,13.38,0.0
695,14.1,72.0,2211.0,900.0,27.0,6.048,0.99,1.11,12.33,0.0
695,14.1,72.0,2221.0,900.0,27.75,5.44,0.97,1.1,12.16,0.0
696,14.1,72.0,2232.0,900.0,28.5,4.8,0.95,1.1,11.47,0.0
696,14.1,72.0,2239.0,900.0,29.25,4.544,0.93,1.08,11.47,0.0
696,14.1,72.0,2246.0,900.0,30.0,4.493,0.89,1.06,11.43,0.0
697,14.1,72.0,2254.0,900.0,30.0,4.474,0.89,1.05,11.47,0.0
697,14.1,72.0,2257.0,900.0,15.0,3.341,0.84,1.04,7.96,0.0
698,14.1,72.0,2068.0,900.0,37.5,1.402,0.21,1.02,3.64,0.0
698,14.1,72.0,3037.0,900.0,-7.5,4.077,0.95,1.07,1.07,0.0
698,14.1,72.0,3152.0,900.0,39.75,1.766,0.94,1.08,6.98,0.0
699,14.1,72.0,2957.0,900.0,-10.5,0.0,0.15,0.26,7.59,0.0
699,14.1,72.0,2964.0,900.0,-12.0,0.0,0.12,0.22,7.15,0.0
700,14.1,72.0,2937.0,900.0,-12.0,0.0,0.12,0.22,7.1,0.0
702,14.1,72.0,2249.0,900.0,-14.25,0.0,0.12,0.22,4.61,0.0
703,14.1,72.0,2159.0,900.0,-14.25,0.0,0.11,0.23,4.37,0.0
703,14.1,72.0,1990.0,900.0,-14.25,0.0,0.11,0.23,4.0,0.0
704,14.1,72.0,1901.0,900.0,-12.75,0.0,0.12,0.23,3.76,0.0
704,14.1,72.0,1819.0,900.0,-12.0,0.0,0.12,0.23,3.81,0.0
704,13.8,72.0,1440.0,900.0,-8.25,18.618,0.12,0.23,55.05,0.0
705,14.1,72.0,2620.0,900.0,14.25,1.754,0.97,1.09,4.42,0.0
705,14.1,72.0,2472.0,900.0,38.25,1.837,0.19,0.3,5.22,0.0
706,14.1,72.0,2289.0,900.0,18.0,2.118,0.94,1.03,5.03,0.0
706,14.1,72.0,2247.0,900.0,-14.25,0.0,0.91,1.09,4.91,0.0
706,14.1,72.0,2233.0,900.0,-14.25,0.0,0.12,0.24,4.66,0.0
707,14.1,72.0,2526.0,900.0,-9.75,0.0,0.12,0.24,4.98,0.0
707,14.1,72.0,2469.0,900.0,36.0,2.618,0.14,0.25,7.84,0.0
708,14.1,72.0,2449.0,900.0,33.0,4.083,0.93,1.05,10.64,0.0
708,14.1,72.0,2475.0,900.0,32.25,4.16,0.92,1.08,11.18,0.0
708,14.1,72.0,2547.0,900.0,31.5,5.037,0.86,1.07,13.67,0.0
709,14.1,72.0,2622.0,900.0,31.5,5.952,0.18,0.32,17.99,0.0
709,14.1,72.0,2736.0,900.0,27.0,6.944,0.23,0.32,18.6,0.0
710,14.1,72.0,2957.0,900.0,24.0,9.088,0.3,0.37,24.27,0.0
710,14.1,72.0,3050.0,2520.0,23.25,8.915,0.82,0.96,25.24,84.0
710,14.1,72.0,3180.0,900.0,13.5,5.12,0.88,1.04,14.84,0.0
711,14.1,72.0,3130.0,900.0,18.0,2.726,0.82,1.04,10.89,0.0
711,14.1,72.0,2756.0,900.0,39.0,0.0,0.14,0.27,6.54,0.0
712,14.1,72.0,2348.0,900.0,-9.75,2.893,0.12,0.25,4.98,0.0
712,14.1,72.0,1976.0,900.0,36.75,1.92,0.95,0.96,3.76,0.0
712,14.1,72.0,1801.0,900.0,37.5,1.613,0.95,1.1,3.76,0.0
715,14.0,72.0,977.0,900.0,4.5,2.925,0.92,1.09,3.03,0.0
715,14.0,72.0,966.0,900.0,4.5,3.277,0.87,1.08,4.13,0.0
716,14.0,72.0,930.0,900.0,9.0,3.2,0.82,1.04,4.42,0.0
716,14.0,72.0,920.0,900.0,-0.75,3.149,0.81,1.03,3.56,0.0
716,14.1,72.0,903.0,900.0,5.25,3.072,0.29,0.98,3.56,0.0
717,14.1,72.0,902.0,900.0,7.5,3.2,0.23,0.92,3.56,0.0
717,14.1,72.0,899.0,900.0,6.0,3.04,0.78,0.94,3.56,0.0
718,14.1,72.0,915.0,1300.0,2.25,6.234,0.21,0.87,10.74,0.0
718,14.1,72.0,1197.0,900.0,4.5,2.803,0.87,1.0,3.08,0.0
718,14.0,72.0,1137.0,900.0,9.0,2.592,0.16,0.25,3.44,0.0
719,14.1,72.0,1196.0,1300.0,21.0,5.408,0.18,0.26,10.45,0.0
719,14.1,72.0,1726.0,1500.0,15.0,4.416,0.83,0.98,9.79,0.0
720,14.1,72.0,1680.0,1500.0,9.0,5.485,0.76,0.53,10.94,0.0
720,14.1,72.0,1595.0,1500.0,6.75,5.574,0.88,1.0,10.89,0.0
720,14.1,72.0,1511.0,1500.0,6.0,5.805,0.22,0.8,11.67,0.0
721,14.1,72.0,1484.0,1500.0,5.25,6.362,0.57,0.36,11.96,0.0
721,14.1,72.0,1504.0,1500.0,4.5,6.163,0.31,0.88,11.67,0.0
722,14.1,72.0,1723.0,1500.0,27.0,4.589,0.2,0.92,11.3,0.0
722,14.1,72.0,1986.0,1500.0,15.0,6.17,0.2,0.27,13.55,0.0
722,14.1,72.0,2325.0,1500.0,24.75,6.643,0.94,1.03,17.33,0.0
723,14.1,72.0,2705.0,1500.0,24.75,7.309,0.17,0.26,22.44,0.0
723,14.1,72.0,3144.0,1400.0,20.25,6.458,0.21,0.27,16.77,0.0
724,14.1,72.0,3025.0,1000.0,39.0,1.408,0.18,0.84,6.37,0.0
724,14.1,72.0,2649.0,900.0,39.0,1.664,0.14,0.24,6.13,0.0
724,14.1,72.0,2536.0,900.0,31.5,5.312,0.87,0.67,14.28,0.0
725,14.1,72.0,2372.0,900.0,27.75,6.112,0.89,0.98,13.75,0.0
725,14.1,72.75,2066.0,900.0,26.25,6.054,0.9,1.05,13.67,0.0
725,14.1,72.75,2158.0,900.0,25.5,5.722,0.91,1.05,13.87,0.0
726,14.1,72.75,2268.0,900.0,25.5,5.805,0.85,1.03,14.97,0.0
726,14.1,72.75,2350.0,900.0,26.25,5.805,0.2,0.58,15.75,0.0
727,14.1,72.75,2473.0,900.0,26.25,5.901,0.18,0.28,16.77,0.0
727,14.1,72.75,2589.0,900.0,27.0,6.214,0.17,0.27,18.36,0.0
727,14.1,72.75,2708.0,900.0,26.25,6.56,0.17,0.27,19.58,0.0
728,14.1,72.75,2828.0,900.0,30.75,4.749,0.17,0.27,14.6,0.0
728,14.1,72.75,2861.0,900.0,33.0,3.475,0.17,0.27,11.43,0.0
729,14.1,72.75,2895.0,900.0,36.0,2.726,0.17,0.27,9.55,0.0
729,14.1,72.75,2903.0,900.0,38.25,2.24,0.18,0.28,8.08,0.0
729,14.1,72.75,2851.0,900.0,39.0,1.856,0.17,0.28,6.45,0.0
730,14.1,72.75,2832.0,900.0,20.25,1.798,0.17,0.27,6.54,0.0
730,14.1,72.75,2789.0,900.0,0.75,1.862,0.16,0.26,6.45,0.0
731,14.1,72.75,2729.0,900.0,-10.5,0.0,0.14,0.25,6.49,0.0
731,14.1,72.75,2584.0,900.0,-14.25,0.0,0.12,0.23,5.83,0.0
731,14.1,72.75,2400.0,900.0,-14.25,0.0,0.11,0.22,5.15,0.0
732,14.1,72.75,2235.0,900.0,-14.25,0.0,0.12,0.23,4.49,0.0
732,14.0,72.75,2069.0,900.0,-14.25,0.0,0.12,0.23,4.05,0.0
733,14.1,72.75,1909.0,900.0,-12.75,0.0,0.12,0.23,3.76,0.0
733,14.0,72.75,1819.0,900.0,-11.25,0.0,0.12,0.23,3.76,0.0
733,14.0,72.75,1749.0,900.0,-12.75,0.0,0.12,0.23,3.81,0.0
734,14.1,72.75,1681.0,900.0,4.5,2.15,0.13,0.23,3.81,0.0
734,14.1,72.75,1665.0,900.0,15.0,3.475,0.88,0.4,7.96,0.0
735,14.1,72.75,1683.0,900.0,15.75,5.99,0.96,1.07,11.84,0.0
735,14.1,73.5,1771.0,900.0,23.25,6.56,0.88,1.07,13.79,0.0
735,14.1,73.5,1887.0,900.0,23.25,7.194,0.35,0.7,15.55,0.0
736,14.1,73.5,2057.0,900.0,19.5,8.614,0.9,1.04,18.97,0.0
736,14.1,73.5,2163.0,900.0,21.0,7.68,0.91,1.08,18.12,0.0
737,14.1,73.5,2304.0,900.0,22.5,7.405,0.89,1.07,19.17,0.0
737,14.1,73.5,2450.0,900.0,24.75,5.843,0.19,0.31,15.55,0.0
737,14.1,73.5,2507.0,900.0,32.25,2.726,0.17,0.28,9.18,0.0
738,14.1,73.5,2526.0,900.0,36.0,2.272,0.16,0.27,8.33,0.0
738,14.1,73.5,2486.0,900.0,13.5,2.349,0.17,0.28,7.4,0.0
739,14.1,73.5,2512.0,900.0,36.75,2.118,0.19,0.32,6.93,0.0
739,14.1,73.5,2421.0,900.0,38.25,1.76,0.88,0.91,4.91,0.0
739,14.1,73.5,2378.0,900.0,14.25,1.779,0.8,0.96,4.98,0.0
740,14.1,73.5,2305.0,900.0,-0.75,1.888,0.19,0.29,4.91,0.0
740,14.1,73.5,2246.0,900.0,-8.25,1.933,0.8,0.68,4.74,0.0
741,14.1,73.5,2185.0,900.0,-14.25,0.0,0.18,0.3,4.37,0.0
741,14.1,73.5,2088.0,900.0,-14.25,0.0,0.12,0.24,4.17,0.0
741,14.1,73.5,2024.0,900.0,-14.25,0.0,0.12,0.23,4.0,0.0
742,14.1,73.5,1929.0,900.0,-12.75,0.0,0.12,0.23,3.81,0.0
742,14.1,73.5,1870.0,900.0,-12.75,0.0,0.12,0.23,3.81,0.0
743,14.1,73.5,1784.0,900.0,-12.0,0.0,0.11,0.23,3.88,0.0
743,14.1,73.5,1729.0,900.0,-13.5,0.0,0.12,0.23,3.88,0.0
743,14.0,74.25,1628.0,900.0,-14.25,0.0,0.12,0.23,3.88,0.0
744,14.1,74.25,1538.0,900.0,-15.0,0.0,0.12,0.23,3.88,0.0
744,13.5,74.25,1158.0,900.0,21.0,3.603,0.12,0.23,7.71,0.0
745,13.8,74.25,1158.0,900.0,0.0,3.168,0.17,0.25,4.17,0.0
745,14.0,74.25,1082.0,900.0,1.5,3.43,0.92,1.0,4.74,0.0
745,14.1,74.25,1043.0,900.0,-1.5,3.418,0.94,1.08,4.13,0.0
746,14.1,74.25,1062.0,900.0,30.75,3.334,0.94,1.09,7.47,0.0
746,14.1,74.25,1483.0,900.0,-1.5,15.629,0.56,1.03,44.21,0.0
746,14.1,74.25,3154.0,900.0,6.0,1.85,0.95,1.08,2.95,0.0
747,14.1,74.25,2800.0,2500.0,39.75,1.517,0.14,0.25,6.54,66.75
747,14.1,74.25,2427.0,900.0,-12.0,2.291,0.16,0.25,5.35,0.0
748,14.1,74.25,1990.0,900.0,12.0,1.952,0.95,0.89,4.13,0.0
748,14.1,74.25,1667.0,900.0,27.0,2.874,0.87,1.08,6.25,0.0
748,14.1,74.25,1658.0,900.0,33.0,2.637,0.92,1.07,5.35,0.0
749,14.1,74.25,1678.0,900.0,33.0,2.47,0.9,1.06,5.4,0.0
749,14.1,74.25,1667.0,900.0,33.0,2.49,0.43,0.98,5.47,0.0
750,14.1,74.25,1675.0,900.0,32.25,3.13,0.21,0.42,7.52,0.0
750,14.1,74.25,1739.0,900.0,30.75,3.328,0.21,0.3,7.52,0.0
750,14.1,74.25,1826.0,900.0,32.25,3.219,0.23,0.33,7.64,0.0
751,14.1,74.25,1915.0,900.0,32.25,3.206,0.9,0.94,7.64,0.0
751,14.1,75.0,1983.0,900.0,32.25,3.04,0.92,1.05,7.1,0.0
752,14.1,75.0,2021.0,900.0,21.75,2.586,0.93,1.06,6.08,0.0
752,14.1,75.0,2023.0,900.0,30.75,2.182,0.92,1.07,5.27,0.0
752,14.1,75.0,1992.0,900.0,35.25,1.952,0.89,1.06,4.91,0.0
753,14.1,75.0,1918.0,900.0,36.0,1.728,0.2,0.65,4.37,0.0
753,14.1,75.0,1856.0,900.0,15.0,1.478,0.16,0.25,4.05,0.0
754,14.0,75.0,1766.0,900.0,22.5,1.594,0.14,0.23,4.0,0.0
754,14.1,75.0,1630.0,900.0,3.0,1.856,0.15,0.23,3.64,0.0
754,14.1,75.0,1477.0,900.0,-4.5,1.946,0.16,0.24,3.69,0.0
755,14.0,75.0,1327.0,900.0,-15.0,0.0,0.16,0.24,3.56,0.0
755,13.6,75.0,1108.0,900.0,20.25,3.757,0.14,0.23,4.25,0.0
756,14.0,75.0,1084.0,900.0,0.0,3.251,0.94,0.97,4.13,0.0
756,14.1,75.0,1017.0,900.0,0.75,3.315,0.94,1.05,4.0,0.0
756,14.1,75.0,971.0,900.0,1.5,3.245,0.94,1.06,3.76,0.0
757,14.1,75.0,951.0,900.0,2.25,3.187,0.93,1.05,3.64,0.0
757,14.1,75.0,934.0,900.0,4.5,3.104,0.91,1.04,3.64,0.0
758,14.1,75.0,922.0,900.0,4.5,3.091,0.89,1.02,3.56,0.0
758,14.1,75.0,977.0,10.0,3.0,5.344,0.83,0.99,7.06,42.0
758,14.1,75.0,1157.0,1480.0,6.75,5.242,0.7,0.98,9.67,0.0
759,14.1,75.0,1167.0,1460.0,0.75,6.176,0.84,0.84,10.74,0.0
759,14.1,75.0,1237.0,1440.0,0.0,6.522,0.76,0.88,11.96,0.0
760,14.1,75.0,1240.0,1440.0,-1.5,7.072,0.8,0.9,14.7,0.0
760,14.1,75.0,1215.0,1440.0,-6.75,8.467,0.36,0.56,20.12,0.0
760,14.1,75.0,1247.0,1410.0,-3.75,7.693,0.21,0.77,17.82,0.0
761,14.1,75.0,1267.0,1350.0,-3.75,7.437,0.26,0.59,15.67,0.0
761,14.1,75.0,1371.0,1350.0,0.75,6.029,0.22,0.47,11.25,0.0
762,14.1,75.75,1478.0,1050.0,7.5,3.379,0.18,0.24,6.79,0.0
762,14.1,75.75,1544.0,900.0,31.5,2.534,0.17,0.23,5.22,0.0
764,14.1,75.75,1106.0,900.0,10.5,3.808,0.26,0.29,6.08,0.0
765,14.1,75.75,1300.0,900.0,10.5,3.277,0.88,0.95,5.76,0.0
765,14.1,75.75,1226.0,900.0,12.75,2.867,0.19,0.54,4.86,0.0
766,14.1,75.75,1281.0,900.0,14.25,2.835,0.19,0.24,4.91,0.0
766,14.1,75.75,1292.0,900.0,11.25,3.098,0.19,0.25,4.98,0.0
766,14.1,75.75,1290.0,900.0,12.75,3.008,0.78,0.8,4.98,0.0
767,14.1,75.75,1298.0,900.0,16.5,2.899,0.31,0.6,5.03,0.0
767,14.1,75.75,1354.0,900.0,14.25,2.893,0.64,0.33,5.1,0.0
768,14.0,75.75,1343.0,900.0,10.5,2.931,0.2,0.86,5.03,0.0
768,14.1,75.75,1349.0,900.0,10.5,2.714,0.82,0.74,5.03,0.0
768,14.0,75.75,1286.0,900.0,-4.5,3.091,0.17,0.26,4.86,0.0
769,14.0,76.5,1198.0,900.0,6.0,2.778,0.2,0.25,4.49,0.0
769,14.1,76.5,1205.0,900.0,14.25,2.886,0.19,0.24,4.91,0.0
770,14.1,76.5,1178.0,900.0,15.0,3.328,0.22,0.29,5.27,0.0
770,14.1,76.5,1223.0,900.0,10.5,3.366,0.78,0.87,5.35,0.0
770,14.1,76.5,1265.0,900.0,10.5,3.277,0.78,0.89,5.27,0.0
771,14.1,76.5,1302.0,900.0,11.25,3.226,0.81,0.88,5.27,0.0
771,14.1,76.5,1333.0,900.0,11.25,3.194,0.78,0.87,5.35,0.0
772,14.1,76.5,1368.0,900.0,12.0,3.053,0.85,0.93,5.27,0.0
772,14.1,76.5,1382.0,900.0,13.5,3.034,0.21,0.81,5.35,0.0
772,14.1,76.5,1402.0,900.0,15.75,3.085,0.65,0.52,5.35,0.0
773,14.1,76.5,1435.0,900.0,18.75,2.874,0.81,0.89,5.35,0.0
773,14.1,76.5,1471.0,900.0,16.5,3.117,0.21,0.28,5.93,0.0
774,14.1,76.5,1493.0,900.0,11.25,3.104,0.84,0.83,5.88,0.0
774,14.1,76.5,1528.0,900.0,13.5,3.136,0.22,0.31,5.88,0.0
774,14.1,76.5,1567.0,900.0,13.5,3.053,0.86,0.87,5.93,0.0
775,14.1,76.5,1601.0,900.0,12.75,2.957,0.78,0.89,5.88,0.0
775,14.1,76.5,1611.0,900.0,10.5,2.88,0.22,0.7,5.57,0.0
776,14.1,76.5,1597.0,900.0,9.75,2.688,0.84,0.85,5.22,0.0
776,14.1,77.25,1550.0,900.0,7.5,2.598,0.3,0.87,5.03,0.0
776,14.1,77.25,1503.0,900.0,1.5,2.554,0.21,0.24,4.66,0.0
777,14.1,77.25,1453.0,900.0,17.25,2.675,0.25,0.6,5.03,0.0
777,14.1,77.25,1483.0,2520.0,15.0,3.501,0.21,0.46,6.93,-52.5
778,14.1,77.25,1496.0,1920.0,8.25,3.386,0.04,1.07,171.88,-3.0
778,14.1,77.25,1494.0,900.0,10.5,3.322,0.76,0.87,6.37,0.0
778,14.1,77.25,1555.0,900.0,12.75,3.354,0.3,0.26,6.45,0.0
779,14.1,77.25,1612.0,900.0,13.5,3.2,0.82,0.85,6.54,0.0
781,14.1,77.25,1940.0,900.0,32.25,2.918,0.83,0.87,6.62,0.0
782,14.1,77.25,1971.0,2500.0,33.75,2.374,0.89,0.94,5.27,-57.75
782,14.1,77.25,1990.0,900.0,27.0,2.208,0.85,0.92,5.22,0.0
782,14.1,78.0,1957.0,900.0,31.5,2.035,0.77,0.89,4.91,0.0
783,14.1,78.0,1907.0,900.0,12.0,2.003,0.16,0.19,4.42,0.0
783,14.1,78.0,1834.0,900.0,36.75,1.67,0.17,0.21,4.0,0.0
784,14.1,78.0,1796.0,900.0,36.75,1.773,0.16,0.19,4.79,0.0
784,14.1,78.0,1677.0,900.0,11.25,2.323,0.18,0.19,5.15,0.0
784,14.1,78.0,1728.0,900.0,32.25,3.04,0.21,0.23,7.3,0.0
785,14.1,78.0,1728.0,900.0,13.5,3.142,0.92,0.89,6.98,0.0
785,14.1,78.0,1767.0,900.0,32.25,3.027,0.2,0.28,6.37,0.0
786,14.1,78.0,1844.0,900.0,33.0,3.072,0.34,0.78,6.74,0.0
786,14.1,78.0,1905.0,900.0,21.0,2.707,0.91,0.93,5.93,0.0
786,14.1,78.0,1953.0,900.0,33.75,2.349,0.89,0.95,5.35,0.0
787,14.1,78.0,1950.0,900.0,24.0,2.189,0.81,0.93,5.1,0.0
787,14.1,78.0,1912.0,900.0,35.25,1.958,0.42,0.9,4.79,0.0
788,14.1,78.0,1867.0,900.0,24.75,1.875,0.17,0.19,4.13,0.0
788,14.1,78.0,1779.0,2520.0,21.75,1.811,0.17,0.2,4.13,-54.75
788,14.1,78.0,1750.0,900.0,35.25,2.106,0.17,0.19,5.1,0.0
789,14.1,78.75,1702.0,900.0,20.25,2.893,0.2,0.21,4.98,0.0
789,14.1,78.75,1760.0,900.0,32.25,3.034,0.83,0.87,6.69,0.0
790,14.1,78.75,1826.0,900.0,21.0,2.938,0.22,0.25,6.45,0.0
790,14.1,78.75,1868.0,900.0,27.75,2.541,0.82,0.88,5.57,0.0
790,14.1,78.75,1887.0,900.0,34.5,2.33,0.21,0.81,5.35,0.0
791,14.1,78.75,1893.0,900.0,35.25,2.208,0.87,0.87,5.03,0.0
791,14.1,78.75,1857.0,900.0,36.0,1.984,0.28,0.87,4.74,0.0
792,14.1,78.75,1849.0,900.0,36.75,1.843,0.2,0.21,4.05,0.0
792,14.1,78.75,1754.0,900.0,15.0,1.901,0.17,0.19,3.93,0.0
792,14.1,78.75,1629.0,900.0,-1.5,2.15,0.19,0.2,3.88,0.0
793,14.1,78.75,1575.0,900.0,-1.5,2.259,0.22,0.25,3.76,0.0
793,14.1,78.75,1446.0,900.0,-8.25,2.253,0.93,0.96,3.69,0.0
794,14.1,78.75,1303.0,900.0,-15.0,2.464,0.21,0.71,3.56,0.0
794,14.1,78.75,1176.0,900.0,12.0,2.598,0.88,0.78,4.54,0.0
794,14.1,79.5,1138.0,900.0,18.0,3.059,0.89,0.94,4.79,0.0
795,14.1,79.5,1163.0,900.0,30.0,3.181,0.89,0.95,6.08,0.0
795,14.1,79.5,1211.0,900.0,9.0,3.693,0.25,0.73,5.93,0.0
796,14.1,79.5,1260.0,900.0,8.25,3.558,0.85,0.84,5.64,0.0
796,14.1,79.5,1307.0,900.0,12.0,3.264,0.82,0.88,5.59,0.0
796,14.1,79.5,1358.0,900.0,15.0,3.213,0.21,0.24,5.59,0.0
797,14.1,79.5,1417.0,900.0,20.25,3.072,0.79,0.72,5.71,0.0
797,14.1,79.5,1481.0,900.0,17.25,3.123,0.22,0.82,6.37,0.0
798,14.1,79.5,1538.0,900.0,14.25,3.366,0.21,0.22,6.62,0.0
798,14.1,79.5,1596.0,900.0,12.0,3.386,0.83,0.85,6.79,0.0
798,14.1,79.5,1632.0,900.0,12.0,3.213,0.84,0.89,6.79,0.0
799,14.1,79.5,1695.0,900.0,15.0,3.149,0.21,0.22,7.23,0.0
799,14.1,79.5,1689.0,2520.0,12.0,3.341,0.04,0.97,284.38,-54.0
800,14.1,79.5,1737.0,900.0,13.5,3.386,0.19,0.21,7.52,0.0
800,14.1,80.25,1799.0,900.0,17.25,3.347,0.2,0.22,7.96,0.0
800,14.1,80.25,1895.0,900.0,32.25,3.168,0.85,0.57,7.47,0.0
801,14.1,80.25,1986.0,900.0,33.0,3.078,0.85,0.87,7.15,0.0
801,14.1,80.25,2049.0,900.0,33.0,2.982,0.88,0.94,7.1,0.0
802,14.1,80.25,2099.0,900.0,33.0,2.79,0.9,0.96,6.86,0.0
802,14.1,80.25,2138.0,900.0,33.75,2.522,0.91,0.97,6.08,0.0
802,14.1,80.25,2145.0,900.0,34.5,2.112,0.86,0.95,5.35,0.0
803,14.1,80.25,2084.0,900.0,26.25,1.888,0.81,0.92,4.86,0.0
803,14.1,80.25,2066.0,900.0,36.0,1.907,0.17,0.18,4.91,0.0
806,14.1,80.25,1791.0,2000.0,12.0,2.054,0.16,0.27,5.1,93.75
806,14.1,81.0,1870.0,900.0,36.0,1.875,0.21,0.2,5.1,0.0
806,14.1,81.0,1843.0,900.0,26.25,2.093,0.18,0.2,4.79,0.0
807,14.1,81.0,1704.0,900.0,24.0,2.029,0.18,0.21,3.93,0.0
807,14.1,81.0,1736.0,900.0,36.0,1.971,0.73,0.22,4.86,0.0
810,14.1,81.0,1505.0,900.0,7.5,3.475,0.86,0.89,6.08,0.0
810,14.1,81.0,1534.0,900.0,11.25,2.963,0.81,0.89,5.27,0.0
810,14.1,81.0,1542.0,900.0,12.75,2.701,0.72,0.85,5.22,0.0
811,14.1,81.0,1551.0,900.0,12.75,2.733,0.24,0.24,5.22,0.0
811,14.1,81.0,1552.0,900.0,13.5,2.643,0.79,0.84,5.22,0.0
812,14.1,81.0,1562.0,2520.0,17.25,2.714,0.21,0.23,5.27,-52.5
812,14.1,81.0,1594.0,900.0,15.75,3.27,0.22,0.73,6.93,0.0
812,14.1,81.0,1633.0,900.0,11.25,3.283,0.84,0.85,6.79,0.0
813,14.1,81.0,1674.0,900.0,11.25,3.251,0.2,0.27,6.2,0.0
813,14.1,81.0,1706.0,900.0,15.0,2.995,0.22,0.27,6.45,0.0
814,14.1,81.0,1736.0,2520.0,16.5,3.066,0.21,0.22,6.74,-54.0
814,14.1,81.0,1774.0,900.0,16.5,3.155,0.24,0.27,7.1,0.0
814,14.1,81.75,1823.0,2520.0,15.75,3.29,0.62,0.48,7.3,-55.5
815,14.1,81.75,1879.0,900.0,20.25,2.982,0.81,0.86,6.74,0.0
815,14.1,81.75,1899.0,900.0,21.0,2.624,0.67,0.85,5.93,0.0
816,14.1,81.75,1915.0,900.0,34.5,2.266,0.82,0.89,5.27,0.0
816,14.1,81.75,1910.0,900.0,24.75,2.163,0.79,0.86,5.1,0.0
817,14.1,81.75,1843.0,900.0,14.25,1.901,0.44,0.87,4.74,0.0
817,14.1,81.75,1817.0,900.0,36.75,1.709,0.19,0.18,4.0,0.0
818,14.1,81.75,1710.0,900.0,9.0,1.939,0.19,0.2,3.81,0.0
818,14.1,81.75,1538.0,2520.0,-6.0,2.195,0.18,0.2,3.64,-52.5
818,14.1,81.75,1349.0,900.0,-15.0,0.0,0.16,0.2,3.69,0.0
819,13.8,81.75,1145.0,2540.0,0.0,3.136,0.04,0.28,4.17,47.25
819,13.9,81.75,1059.0,900.0,2.25,3.232,0.93,0.91,4.13,0.0
820,14.0,81.75,993.0,900.0,0.0,3.322,0.94,0.98,3.93,0.0
820,14.1,81.75,958.0,900.0,-1.5,3.226,0.94,0.99,3.56,0.0
821,14.1,81.75,944.0,2550.0,2.25,3.078,0.93,0.98,3.44,-64.5
821,13.9,81.75,923.0,900.0,6.0,3.091,0.91,0.97,3.52,0.0
821,14.1,81.75,914.0,900.0,4.5,3.04,0.9,0.96,3.52,0.0
822,14.1,81.75,905.0,1200.0,5.25,4.211,0.84,0.95,7.3,0.0
822,14.1,81.75,1197.0,20.0,1.5,6.048,0.04,0.62,10.45,-74.25
823,14.1,81.75,1506.0,1210.0,7.5,3.181,0.78,0.93,3.15,0.0
823,13.6,81.75,1240.0,900.0,17.25,2.458,0.16,0.18,3.88,0.0
823,13.7,81.75,1136.0,900.0,16.5,2.509,0.15,0.17,3.88,0.0
824,14.0,81.75,1069.0,900.0,11.25,2.733,0.17,0.18,3.93,0.0
824,14.0,81.75,989.0,900.0,9.75,2.982,0.2,0.2,4.0,0.0
825,14.1,81.75,952.0,900.0,2.25,3.302,0.31,0.25,4.0,0.0
825,14.1,81.75,933.0,900.0,1.5,3.315,0.87,0.88,3.93,0.0
826,14.0,81.75,921.0,900.0,3.0,3.341,0.85,0.92,3.93,0.0
826,13.8,81.75,913.0,900.0,0.75,3.27,0.82,0.88,3.93,0.0
827,13.7,81.75,901.0,1000.0,3.75,3.622,0.23,0.84,7.71,0.0
827,13.7,81.75,928.0,1400.0,-3.75,7.258,0.2,0.21,10.74,0.0
827,13.8,81.75,1241.0,1500.0,-5.25,6.784,0.92,0.94,11.6,0.0
828,13.8,82.5,1320.0,900.0,6.0,2.253,0.17,0.18,3.88,0.0
829,13.8,82.5,1109.0,1000.0,12.0,2.509,0.16,0.18,3.88,0.0
831,13.6,82.5,956.0,900.0,3.75,3.706,0.83,0.66,4.17,0.0
832,13.8,82.5,975.0,900.0,0.75,3.283,0.89,0.92,3.93,0.0
832,13.7,82.5,940.0,900.0,8.25,3.162,0.76,0.88,3.93,0.0
833,13.5,82.5,925.0,900.0,6.0,3.411,0.21,0.48,3.93,0.0
833,13.7,82.5,914.0,900.0,8.25,3.437,0.65,0.34,3.93,0.0
833,13.3,82.5,909.0,900.0,2.25,3.424,0.86,0.88,4.0,0.0
834,13.4,82.5,893.0,900.0,3.75,3.392,0.26,0.81,4.0,0.0
836,13.7,83.25,930.0,1100.0,18.75,4.486,0.22,0.21,9.42,0.0
837,13.8,83.25,1020.0,40.0,-5.25,7.59,0.04,0.46,12.33,63.75
837,13.8,83.25,1651.0,1500.0,18.0,4.154,0.91,0.97,9.35,0.0
838,13.8,83.25,2007.0,1500.0,17.25,3.782,0.87,0.71,8.86,0.0
838,13.8,83.25,1807.0,1100.0,32.25,2.093,0.17,0.26,4.74,0.0
840,14.0,83.25,1142.0,900.0,-3.0,3.43,0.95,0.91,4.79,0.0
841,14.0,83.25,1328.0,1300.0,7.5,6.822,0.91,0.97,11.96,0.0
841,14.1,83.25,2072.0,1500.0,6.75,5.024,0.94,0.98,10.45,0.0
842,14.0,83.25,1853.0,2540.0,30.75,3.469,0.85,0.97,7.71,21.75
842,13.8,83.25,1360.0,1330.0,12.0,3.014,0.19,0.2,7.23,0.0
843,14.0,83.25,1169.0,930.0,-0.75,3.475,0.83,0.64,4.79,0.0
845,13.8,84.0,1171.0,900.0,8.25,2.854,0.17,0.18,4.79,0.0
848,14.1,84.0,916.0,900.0,3.75,3.232,0.23,0.81,3.93,0.0
848,14.1,84.0,919.0,800.0,0.0,3.251,0.25,0.81,3.81,0.0
848,14.1,84.0,900.0,800.0,-2.25,3.04,0.26,0.28,3.32,0.0
849,14.1,84.0,867.0,800.0,9.0,2.88,0.22,0.53,3.32,0.0
849,14.1,84.0,855.0,800.0,4.5,2.95,0.2,0.23,3.32,0.0
850,14.1,84.0,848.0,800.0,2.25,2.97,0.19,0.2,3.32,0.0
850,14.1,84.75,842.0,800.0,4.5,3.027,0.2,0.21,3.39,0.0
850,14.1,84.75,841.0,800.0,3.75,3.142,0.2,0.22,3.39,0.0
851,14.1,84.75,835.0,800.0,6.75,3.11,0.22,0.22,3.39,0.0
851,14.1,84.75,830.0,800.0,5.25,3.066,0.46,0.79,3.39,0.0
854,14.1,84.75,822.0,800.0,-2.25,3.219,0.8,0.81,3.39,0.0
854,14.1,84.75,816.0,800.0,1.5,3.155,0.79,0.87,3.39,0.0
855,14.1,84.75,809.0,800.0,6.75,3.258,0.22,0.24,3.32,0.0
855,14.1,84.75,815.0,800.0,1.5,3.251,0.24,0.24,3.32,0.0
855,14.1,84.75,816.0,800.0,0.75,3.123,0.79,0.85,3.27,0.0
858,14.1,85.5,818.0,800.0,3.75,3.066,0.21,0.23,3.08,0.0
858,14.0,85.5,820.0,800.0,7.5,2.982,0.77,0.8,3.08,0.0
859,14.0,85.5,803.0,800.0,8.25,2.938,0.23,0.84,3.15,0.0
859,14.1,85.5,814.0,800.0,2.25,3.123,0.19,0.23,3.08,0.0
859,14.0,85.5,814.0,800.0,0.75,3.053,0.78,0.73,3.08,0.0
860,14.0,85.5,807.0,800.0,7.5,2.963,0.27,0.83,3.15,0.0
860,14.0,85.5,809.0,800.0,3.0,3.104,0.48,0.84,3.15,0.0
861,14.1,85.5,819.0,800.0,2.25,3.066,0.79,0.81,3.08,0.0
861,14.1,85.5,815.0,800.0,7.5,3.027,0.85,0.89,3.08,0.0
862,14.0,85.5,811.0,800.0,3.75,3.002,0.58,0.86,3.08,0.0
862,14.1,85.5,812.0,800.0,0.0,3.04,0.75,0.75,3.08,0.0
863,14.1,85.5,810.0,800.0,6.0,2.989,0.84,0.88,3.08,0.0
863,14.1,85.5,807.0,800.0,4.5,2.944,0.56,0.87,3.08,0.0
864,14.0,86.25,808.0,800.0,-3.0,3.187,0.2,0.24,2.91,0.0
864,14.1,86.25,810.0,800.0,6.75,2.906,0.86,0.87,2.91,0.0
865,14.0,86.25,807.0,800.0,6.75,2.848,0.83,0.88,2.91,0.0
865,14.0,86.25,804.0,800.0,9.75,2.918,0.21,0.65,2.95,0.0
866,14.0,86.25,809.0,800.0,9.0,2.95,0.21,0.23,2.95,0.0
866,14.1,86.25,812.0,800.0,7.5,2.95,0.47,0.78,2.95,0.0
866,14.0,86.25,804.0,800.0,9.75,2.874,0.8,0.85,2.95,0.0
867,14.0,86.25,802.0,800.0,9.0,2.816,0.22,0.81,2.95,0.0
868,14.0,86.25,809.0,800.0,7.5,3.027,0.26,0.42,2.95,0.0
868,14.0,86.25,808.0,800.0,6.0,2.95,0.83,0.87,2.95,0.0
868,14.1,86.25,805.0,800.0,8.25,2.874,0.58,0.84,2.95,0.0
869,14.1,86.25,809.0,800.0,1.5,3.091,0.24,0.79,2.95,0.0
869,14.1,86.25,812.0,800.0,5.25,2.976,0.8,0.85,2.95,0.0
870,14.0,86.25,802.0,800.0,4.5,2.893,0.84,0.89,2.95,0.0
870,14.0,86.25,811.0,800.0,0.0,3.085,0.24,0.73,2.95,0.0
871,14.0,87.0,804.0,800.0,5.25,2.912,0.81,0.85,3.03,0.0
871,14.0,87.0,799.0,800.0,7.5,2.931,0.79,0.86,2.95,0.0
872,14.0,87.0,798.0,800.0,6.75,3.014,0.21,0.75,2.95,0.0
872,14.1,87.0,810.0,800.0,6.0,3.021,0.24,0.61,2.95,0.0
872,14.0,87.0,809.0,800.0,4.5,2.982,0.83,0.87,2.95,0.0
873,14.0,87.0,801.0,800.0,6.0,2.989,0.81,0.87,2.95,0.0
873,14.0,87.0,798.0,800.0,6.75,3.008,0.72,0.85,3.03,0.0
874,14.1,87.0,807.0,800.0,4.5,3.002,0.65,0.71,2.95,0.0
874,14.0,87.0,804.0,800.0,6.75,2.944,0.8,0.86,2.95,0.0
875,14.1,87.0,802.0,800.0,10.5,2.918,0.74,0.85,2.95,0.0
875,14.1,87.0,803.0,800.0,6.75,2.95,0.22,0.28,2.95,0.0
875,14.1,87.0,801.0,800.0,6.0,3.008,0.69,0.79,2.95,0.0
876,14.1,87.0,804.0,800.0,6.0,2.944,0.81,0.86,2.91,0.0
876,14.1,87.0,802.0,800.0,7.5,2.97,0.26,0.83,2.91,0.0
877,14.1,87.0,805.0,800.0,7.5,2.976,0.22,0.61,2.95,0.0
877,14.1,87.0,809.0,800.0,5.25,2.938,0.8,0.84,2.95,0.0
877,14.1,87.0,808.0,800.0,6.0,2.899,0.83,0.87,2.95,0.0
880,14.1,87.75,799.0,800.0,6.0,3.014,0.22,0.24,2.91,0.0
880,14.1,87.75,808.0,800.0,3.75,3.059,0.28,0.78,2.91,0.0
881,14.1,87.75,799.0,800.0,7.5,3.027,0.25,0.84,2.91,0.0
881,14.1,87.75,800.0,800.0,6.75,3.002,0.22,0.58,2.95,0.0
883,14.1,87.75,796.0,800.0,6.75,2.899,0.24,0.83,2.91,0.0
883,14.1,87.75,794.0,800.0,6.0,2.995,0.22,0.23,2.91,0.0
883,14.1,87.75,804.0,800.0,0.0,3.027,0.67,0.79,2.91,0.0
884,14.0,87.75,794.0,800.0,18.0,3.046,0.19,0.83,2.95,0.0
885,14.0,87.75,798.0,800.0,9.75,2.963,0.26,0.24,2.95,0.0
885,14.1,87.75,804.0,800.0,6.75,2.925,0.78,0.83,2.91,0.0
885,14.0,87.75,798.0,800.0,6.75,2.886,0.57,0.84,2.91,0.0
886,14.0,87.75,799.0,800.0,8.25,3.021,0.21,0.22,2.91,0.0
886,14.1,87.75,803.0,800.0,6.0,3.021,0.23,0.35,2.91,0.0
887,14.1,87.75,801.0,800.0,9.75,2.918,0.79,0.86,2.91,0.0
887,14.0,87.75,798.0,800.0,9.0,2.925,0.22,0.78,2.91,0.0
888,14.1,87.75,804.0,800.0,3.0,2.989,0.21,0.24,2.91,0.0
888,14.1,87.75,801.0,800.0,9.75,2.867,0.49,0.81,2.91,0.0
889,14.0,87.75,798.0,800.0,12.0,2.816,0.24,0.83,2.95,0.0
889,14.1,87.75,800.0,800.0,7.5,3.002,0.22,0.25,2.91,0.0
889,14.0,87.75,796.0,800.0,13.5,2.957,0.23,0.25,2.95,0.0
890,14.0,87.75,801.0,800.0,12.75,2.88,0.75,0.81,2.91,0.0
890,14.0,87.75,802.0,800.0,13.5,2.899,0.83,0.87,2.95,0.0
891,14.1,88.5,800.0,800.0,9.0,2.925,0.62,0.85,2.91,0.0
891,14.0,88.5,800.0,800.0,0.0,2.976,0.22,0.26,2.91,0.0
891,14.0,88.5,803.0,800.0,3.0,3.117,0.28,0.6,2.95,0.0
892,14.1,88.5,805.0,800.0,9.75,2.893,0.81,0.84,2.95,0.0
892,14.1,88.5,800.0,800.0,10.5,2.835,0.24,0.82,2.95,0.0
893,14.1,88.5,800.0,800.0,9.75,2.95,0.21,0.22,2.95,0.0
893,14.0,88.5,802.0,800.0,13.5,2.95,0.76,0.77,2.95,0.0
893,14.0,88.5,802.0,800.0,4.5,2.88,0.81,0.84,3.03,0.0
894,14.1,88.5,802.0,800.0,6.0,2.931,0.25,0.82,3.03,0.0
894,14.1,88.5,807.0,800.0,8.25,2.989,0.23,0.24,3.03,0.0
894,14.1,88.5,806.0,800.0,6.75,2.944,0.8,0.82,2.95,0.0
895,14.1,88.5,805.0,800.0,9.0,2.848,0.79,0.84,3.03,0.0
895,14.1,88.5,805.0,800.0,9.0,2.816,0.66,0.82,3.03,0.0
896,14.1,88.5,805.0,800.0,6.75,2.963,0.22,0.22,3.03,0.0
896,14.0,88.5,801.0,800.0,7.5,2.95,0.26,0.25,3.03,0.0
896,14.1,88.5,801.0,800.0,8.25,2.912,0.72,0.82,3.08,0.0
897,14.1,88.5,795.0,800.0,7.5,2.963,0.23,0.48,3.08,0.0
897,14.1,88.5,800.0,800.0,5.25,3.027,0.24,0.3,3.08,0.0
898,14.1,88.5,801.0,800.0,6.0,2.982,0.82,0.85,3.08,0.0
898,14.1,88.5,797.0,800.0,6.75,2.95,0.8,0.86,3.08,0.0
898,14.1,88.5,795.0,0.916,11.25,2.957,0.25,1.25,3.08,0.916
899,14.0,89.25,797.0,800.0,7.5,3.072,0.21,0.23,3.15,0.0
900,14.0,89.25,801.0,800.0,0.75,3.008,0.83,0.84,3.08,0.0
900,14.0,89.25,792.0,800.0,11.25,2.95,0.81,0.87,3.15,0.0
900,14.1,89.25,792.0,800.0,7.5,2.925,0.75,0.86,3.15,0.0
901,14.1,89.25,788.0,800.0,6.0,3.021,0.22,0.25,3.15,0.0
901,14.0,89.25,797.0,800.0,5.25,3.085,0.27,0.67,3.08,0.0
902,14.1,89.25,795.0,800.0,10.5,3.04,0.82,0.85,3.08,0.0
902,14.1,89.25,796.0,800.0,3.75,2.982,0.81,0.86,3.15,0.0
902,14.1,89.25,792.0,800.0,5.25,3.174,0.2,0.39,3.15,0.0
903,14.1,89.25,797.0,800.0,8.25,3.098,0.26,0.25,3.2,0.0
903,14.1,89.25,804.0,800.0,3.75,3.027,0.78,0.82,3.15,0.0
904,14.0,89.25,792.0,800.0,14.25,2.918,0.76,0.84,3.2,0.0
904,14.1,89.25,796.0,800.0,3.75,3.13,0.22,0.33,3.2,0.0
905,14.1,89.25,800.0,800.0,6.0,3.053,0.23,0.56,3.2,0.0
905,14.1,89.25,800.0,800.0,5.25,3.014,0.8,0.84,3.2,0.0
905,14.1,89.25,795.0,800.0,6.75,3.04,0.54,0.83,3.15,0.0
906,14.1,89.25,798.0,800.0,4.5,3.04,0.73,0.8,3.2,0.0
907,14.1,89.25,794.0,800.0,8.25,2.97,0.77,0.85,3.15,0.0
907,14.0,89.25,796.0,800.0,2.25,2.97,0.24,0.78,3.15,0.0
907,14.1,89.25,794.0,800.0,7.5,3.034,0.21,0.22,3.2,0.0
908,14.0,90.0,794.0,800.0,9.75,3.014,0.24,0.45,3.2,0.0
908,14.1,90.0,793.0,800.0,5.25,2.982,0.8,0.83,3.15,0.0
909,14.1,90.0,792.0,800.0,6.0,3.002,0.47,0.83,3.15,0.0
909,14.1,90.0,794.0,800.0,6.0,3.04,0.21,0.23,3.15,0.0
909,14.1,90.0,794.0,800.0,6.0,3.11,0.24,0.27,3.15,0.0
910,14.0,90.0,799.0,800.0,0.0,3.059,0.8,0.81,3.15,0.0
910,14.0,90.0,804.0,800.0,6.0,2.944,0.82,0.88,3.15,0.0
911,14.1,90.0,791.0,800.0,9.0,2.995,0.79,0.85,3.15,0.0
911,14.1,90.0,797.0,800.0,4.5,3.085,0.22,0.24,3.15,0.0
911,14.0,90.0,797.0,800.0,6.0,3.04,0.24,0.68,3.15,0.0
912,14.1,90.0,800.0,800.0,3.75,2.944,0.81,0.84,3.15,0.0
912,14.0,90.0,802.0,800.0,3.0,2.976,0.8,0.86,3.15,0.0
913,14.0,90.0,798.0,800.0,4.5,3.072,0.22,0.4,3.15,0.0
913,14.0,90.0,799.0,800.0,3.0,3.168,0.22,0.23,3.15,0.0
913,14.0,90.0,805.0,800.0,6.75,3.085,0.38,0.73,3.15,0.0
914,14.1,90.0,800.0,800.0,5.25,2.995,0.82,0.87,3.15,0.0
914,14.1,90.0,801.0,800.0,3.75,3.002,0.78,0.86,3.15,0.0
917,14.1,90.75,800.0,800.0,6.0,3.014,0.79,0.82,3.15,0.0
917,14.1,90.75,801.0,800.0,6.75,2.95,0.77,0.84,3.15,0.0
917,14.1,90.75,795.0,800.0,6.75,2.957,0.71,0.84,3.15,0.0
918,14.1,90.75,792.0,800.0,9.75,3.04,0.21,0.23,3.08,0.0
918,14.0,90.75,795.0,800.0,3.0,3.072,0.22,0.22,3.08,0.0
919,14.0,90.75,805.0,800.0,-2.25,3.098,0.76,0.81,3.08,0.0
919,14.0,90.75,798.0,1920.0,8.25,2.989,1.08,0.66,3.15,-5.25
919,14.1,90.75,792.0,800.0,10.5,3.021,0.24,0.78,3.15,0.0
920,14.1,90.75,795.0,800.0,6.0,3.04,0.22,0.32,3.15,0.0
920,14.1,90.75,802.0,800.0,9.0,2.989,0.78,0.8,3.08,0.0
921,14.1,90.75,797.0,800.0,6.0,2.957,0.8,0.86,3.15,0.0
921,14.0,90.75,798.0,800.0,6.0,3.021,0.22,0.33,3.08,0.0
921,14.1,90.75,799.0,800.0,6.75,3.008,0.23,0.23,3.15,0.0
922,14.1,90.75,803.0,800.0,6.0,3.014,0.73,0.8,3.08,0.0
922,14.1,90.75,796.0,800.0,6.75,2.957,0.79,0.85,3.15,0.0
923,14.1,90.75,798.0,800.0,6.0,2.918,0.24,0.82,3.08,0.0
923,14.1,90.75,798.0,800.0,6.75,3.034,0.21,0.22,3.15,0.0
926,14.1,91.5,793.0,800.0,3.75,2.97,0.74,0.84,3.15,0.0
926,14.0,91.5,792.0,800.0,11.25,2.995,0.21,0.22,3.15,0.0
927,14.0,91.5,798.0,800.0,6.75,3.034,0.23,0.39,3.15,0.0
927,14.1,91.5,803.0,800.0,5.25,2.982,0.77,0.83,3.08,0.0
927,14.1,91.5,801.0,800.0,6.75,3.053,0.73,0.83,3.15,0.0
928,14.1,91.5,803.0,800.0,6.0,3.046,0.24,0.67,3.15,0.0
928,14.1,91.5,804.0,800.0,3.75,2.982,0.78,0.82,3.08,0.0
929,14.1,91.5,798.0,800.0,6.75,2.925,0.82,0.86,3.08,0.0
929,14.1,91.5,796.0,800.0,11.25,2.995,0.23,0.74,3.15,0.0
929,14.1,91.5,801.0,800.0,4.5,3.04,0.22,0.24,3.15,0.0
930,14.1,91.5,799.0,800.0,3.0,3.014,0.71,0.79,3.15,0.0
930,14.0,91.5,798.0,800.0,12.75,2.982,0.8,0.85,3.08,0.0
931,14.0,91.5,794.0,800.0,10.5,2.918,0.22,0.82,3.15,0.0
931,14.0,91.5,797.0,800.0,5.25,2.995,0.21,0.23,3.15,0.0
931,14.0,91.5,802.0,800.0,0.75,3.059,0.66,0.68,3.08,0.0
932,14.0,91.5,788.0,800.0,12.0,2.944,0.76,0.85,3.15,0.0
932,14.0,91.5,794.0,800.0,9.0,2.963,0.22,0.42,3.15,0.0
933,14.1,91.5,803.0,800.0,5.25,3.04,0.22,0.23,3.08,0.0
933,14.1,91.5,800.0,800.0,4.5,2.944,0.8,0.82,3.15,0.0
934,14.0,91.5,797.0,800.0,3.0,2.925,0.78,0.84,3.15,0.0
934,14.1,91.5,795.0,800.0,7.5,2.995,0.21,0.63,3.15,0.0
934,14.0,91.5,799.0,800.0,12.75,2.963,0.24,0.33,3.15,0.0
935,14.1,92.25,801.0,800.0,4.5,3.04,0.74,0.81,3.15,0.0
935,14.0,92.25,788.0,800.0,10.5,2.97,0.77,0.86,3.15,0.0
936,14.1,92.25,797.0,800.0,6.0,3.034,0.22,0.37,3.15,0.0
936,14.1,92.25,800.0,800.0,4.5,3.078,0.35,0.64,3.15,0.0
936,14.1,92.25,805.0,800.0,4.5,3.021,0.79,0.84,3.15,0.0
937,14.1,92.25,796.0,800.0,5.25,3.053,0.29,0.8,3.15,0.0
937,14.1,92.25,798.0,800.0,0.75,3.072,0.59,0.46,3.15,0.0
938,14.1,92.25,800.0,800.0,4.5,3.021,0.83,0.85,3.15,0.0
938,14.0,92.25,796.0,800.0,6.0,2.963,0.77,0.85,3.15,0.0
939,14.1,92.25,796.0,800.0,10.5,2.989,0.21,0.31,3.15,0.0
939,14.0,92.25,796.0,800.0,6.0,3.085,0.24,0.24,3.15,0.0
939,14.0,92.25,799.0,800.0,5.25,2.982,0.8,0.82,3.08,0.0
940,14.0,92.25,787.0,800.0,12.0,2.918,0.32,0.83,3.15,0.0
941,14.0,92.25,801.0,800.0,7.5,3.008,0.22,0.42,3.15,0.0
941,14.0,92.25,797.0,800.0,6.0,2.995,0.8,0.83,3.08,0.0
941,14.1,92.25,802.0,800.0,3.75,2.963,0.83,0.87,3.08,0.0
942,14.1,92.25,802.0,800.0,4.5,2.886,0.72,0.85,3.08,0.0
942,14.0,92.25,806.0,800.0,9.75,2.944,0.24,0.82,3.08,0.0
943,14.0,92.25,801.0,800.0,11.25,2.816,0.82,0.89,3.08,0.0
943,14.0,92.25,799.0,800.0,9.0,2.771,0.83,0.91,3.08,0.0
944,14.0,92.25,804.0,800.0,9.75,2.803,0.72,0.89,3.03,0.0
944,14.1,92.25,804.0,800.0,4.5,2.835,0.84,0.92,3.03,0.0
945,14.0,93.0,796.0,800.0,8.25,2.797,0.76,0.88,3.08,0.0
945,14.0,93.0,799.0,800.0,6.75,2.861,0.54,0.87,3.03,0.0
946,14.1,93.0,798.0,800.0,12.0,2.81,0.48,0.85,3.08,0.0
946,14.0,93.0,801.0,800.0,9.75,2.81,0.21,0.81,3.08,0.0
946,14.0,93.0,796.0,800.0,10.5,2.95,0.22,0.8,3.08,0.0
947,14.1,93.0,803.0,800.0,5.25,2.899,0.74,0.84,2.95,0.0
947,14.0,93.0,799.0,800.0,9.75,2.771,0.79,0.88,2.95,0.0
948,14.0,93.0,791.0,800.0,9.0,2.752,0.24,0.85,2.95,0.0
948,14.1,93.0,796.0,800.0,8.25,2.912,0.22,0.22,2.95,0.0
948,14.1,93.0,805.0,800.0,8.25,2.88,0.64,0.79,2.95,0.0
949,14.1,93.0,806.0,800.0,5.25,2.797,0.81,0.85,2.95,0.0
949,14.1,93.0,799.0,800.0,6.0,2.886,0.23,0.84,2.95,0.0
950,14.1,93.0,802.0,800.0,6.75,2.886,0.21,0.36,2.95,0.0
950,14.1,93.0,807.0,800.0,6.0,2.957,0.74,0.78,2.95,0.0
950,14.1,93.0,805.0,800.0,7.5,2.803,0.8,0.86,2.95,0.0
951,14.1,93.0,805.0,800.0,3.0,2.938,0.78,0.86,2.95,0.0
951,14.0,93.0,801.0,800.0,0.0,2.906,0.27,0.35,2.95,0.0
952,14.0,93.0,806.0,800.0,0.75,2.957,0.68,0.79,2.95,0.0
952,14.1,93.0,803.0,800.0,0.0,2.976,0.22,0.88,2.95,0.0
952,14.0,93.0,800.0,800.0,0.75,2.976,0.68,0.82,2.95,0.0
953,14.1,93.0,798.0,800.0,9.0,2.906,0.78,0.86,2.95,0.0
953,14.1,93.0,798.0,800.0,9.75,2.906,0.69,0.85,2.95,0.0
954,14.1,93.0,801.0,800.0,6.0,2.931,0.75,0.83,2.95,0.0
954,14.1,93.0,799.0,800.0,6.75,2.861,0.81,0.85,2.95,0.0
954,14.0,93.75,787.0,800.0,15.75,2.835,0.41,0.85,2.95,0.0
955,14.0,93.75,796.0,800.0,5.25,3.078,0.49,0.76,2.95,0.0
955,14.1,93.75,802.0,800.0,3.0,3.027,0.23,0.54,2.95,0.0
956,14.0,93.75,797.0,800.0,11.25,2.829,0.82,0.87,2.95,0.0
956,14.1,93.75,796.0,800.0,4.5,2.886,0.8,0.86,2.95,0.0
956,14.0,93.75,796.0,800.0,5.25,2.95,0.23,0.44,2.95,0.0
957,14.1,93.75,796.0,800.0,7.5,2.95,0.37,0.74,2.95,0.0
957,14.0,93.75,791.0,800.0,7.5,2.912,0.81,0.85,2.95,0.0
958,14.1,93.75,798.0,800.0,4.5,3.021,0.45,0.85,2.95,0.0
958,14.1,93.75,799.0,800.0,10.5,3.04,0.58,0.69,2.95,0.0
958,14.0,93.75,796.0,800.0,9.0,2.893,0.81,0.86,2.95,0.0
959,14.0,93.75,796.0,800.0,6.0,2.88,0.62,0.85,2.95,0.0
960,14.1,93.75,801.0,800.0,8.25,2.925,0.26,0.83,2.95,0.0
960,14.0,93.75,796.0,800.0,12.0,2.867,0.74,0.86,2.95,0.0
960,14.0,93.75,797.0,1920.0,6.75,3.014,0.22,0.81,2.95,-2.25
961,14.1,93.75,803.0,800.0,5.25,2.995,0.23,0.24,2.95,0.0
961,14.1,93.75,803.0,800.0,6.0,2.918,0.79,0.81,2.95,0.0
962,14.0,93.75,803.0,800.0,5.25,2.918,0.81,0.87,2.91,0.0
962,14.0,93.75,796.0,800.0,10.5,2.861,0.26,0.83,2.91,0.0
962,14.1,93.75,798.0,800.0,7.5,2.995,0.21,0.35,2.91,0.0
963,14.0,93.75,804.0,800.0,8.25,2.95,0.28,0.74,2.95,0.0
964,14.0,93.75,796.0,800.0,14.25,2.938,0.82,0.88,2.91,0.0
964,14.1,93.75,797.0,800.0,7.5,3.002,0.67,0.86,2.91,0.0
964,14.1,93.75,807.0,800.0,4.5,2.912,0.7,0.85,2.95,0.0
965,14.0,93.75,795.0,800.0,7.5,2.867,0.83,0.87,2.95,0.0
965,14.0,93.75,791.0,800.0,14.25,2.931,0.21,0.58,2.95,0.0
966,14.0,93.75,798.0,800.0,7.5,2.931,0.21,0.29,2.91,0.0
966,14.1,93.75,801.0,800.0,6.0,2.95,0.8,0.82,2.95,0.0
966,14.1,94.5,806.0,800.0,3.0,2.88,0.81,0.87,2.91,0.0
967,14.1,94.5,798.0,800.0,7.5,2.925,0.28,0.83,2.91,0.0
967,14.1,94.5,795.0,800.0,8.25,3.014,0.23,0.3,2.95,0.0
968,14.1,94.5,804.0,800.0,0.0,2.95,0.76,0.79,2.95,0.0
968,14.1,94.5,800.0,800.0,4.5,2.918,0.82,0.88,2.91,0.0
968,14.1,94.5,799.0,800.0,6.75,2.861,0.26,0.85,2.91,0.0
969,14.1,94.5,799.0,800.0,6.0,2.963,0.22,0.53,2.91,0.0
969,14.1,94.5,799.0,800.0,5.25,3.014,0.74,0.77,2.95,0.0
970,14.1,94.5,801.0,800.0,7.5,2.88,0.8,0.84,2.95,0.0
970,14.1,94.5,788.0,800.0,12.75,2.925,0.58,0.85,2.91,0.0
970,14.0,94.5,796.0,800.0,12.0,3.04,0.25,0.44,2.95,0.0
971,14.0,94.5,803.0,800.0,5.25,2.931,0.81,0.87,2.95,0.0
971,14.1,94.5,797.0,800.0,7.5,2.918,0.77,0.87,2.91,0.0
972,14.0,94.5,793.0,800.0,6.0,2.931,0.72,0.84,2.95,0.0
972,14.1,94.5,794.0,800.0,12.75,2.976,0.26,0.83,2.95,0.0
972,14.1,94.5,800.0,800.0,8.25,2.861,0.77,0.85,2.91,0.0
973,14.1,94.5,796.0,800.0,3.75,2.931,0.76,0.86,2.95,0.0
973,14.0,94.5,792.0,800.0,11.25,2.938,0.21,0.34,2.91,0.0
974,14.0,94.5,797.0,800.0,10.5,2.957,0.21,0.24,2.95,0.0
974,14.0,94.5,798.0,800.0,9.75,2.842,0.75,0.82,3.03,0.0
974,14.1,94.5,797.0,800.0,9.0,2.874,0.78,0.84,2.95,0.0
975,14.1,94.5,798.0,800.0,6.0,2.912,0.21,0.67,2.95,0.0
975,14.1,94.5,795.0,800.0,6.0,2.976,0.25,0.24,2.95,0.0
976,14.1,94.5,797.0,800.0,7.5,2.938,0.67,0.79,2.95,0.0
976,14.1,94.5,796.0,800.0,6.75,2.88,0.77,0.86,2.95,0.0
976,14.1,94.5,791.0,800.0,10.5,2.893,0.22,0.82,2.95,0.0
977,14.1,94.5,789.0,800.0,11.25,2.982,0.22,0.26,2.95,0.0
977,14.1,94.5,798.0,800.0,3.0,3.021,0.33,0.72,2.95,0.0
977,14.0,94.5,801.0,800.0,4.5,2.925,0.83,0.87,2.95,0.0
978,14.0,95.25,798.0,800.0,15.0,2.848,0.77,0.86,2.95,0.0
980,14.1,95.25,799.0,800.0,6.75,2.995,0.22,0.4,2.95,0.0
981,14.0,95.25,802.0,800.0,1.5,2.963,0.77,0.73,2.95,0.0
981,14.1,95.25,798.0,800.0,5.25,2.906,0.79,0.86,2.95,0.0
982,14.0,95.25,800.0,800.0,9.0,2.925,0.2,0.22,2.95,0.0
982,14.0,95.25,800.0,800.0,8.25,2.995,0.23,0.76,2.95,0.0
983,14.1,95.25,805.0,800.0,8.25,2.976,0.78,0.83,2.95,0.0
983,14.0,95.25,801.0,800.0,6.0,2.861,0.79,0.85,2.95,0.0
984,14.0,95.25,802.0,800.0,2.25,2.957,0.2,0.38,2.95,0.0
984,14.1,95.25,803.0,800.0,3.75,2.982,0.23,0.26,2.95,0.0
984,14.1,95.25,806.0,800.0,3.75,2.931,0.78,0.8,2.95,0.0
985,14.0,95.25,798.0,800.0,1.5,2.867,0.85,0.87,2.95,0.0
985,14.0,95.25,800.0,800.0,9.75,2.822,0.22,0.83,2.95,0.0
986,14.1,95.25,801.0,800.0,6.75,2.963,0.21,0.33,2.95,0.0
986,14.1,95.25,801.0,800.0,6.75,2.976,0.61,0.72,2.95,0.0
986,14.1,95.25,801.0,800.0,7.5,2.893,0.74,0.84,2.95,0.0
987,14.1,95.25,796.0,800.0,8.25,2.957,0.28,0.81,2.95,0.0
987,14.1,95.25,803.0,800.0,7.5,2.995,0.23,0.35,2.95,0.0
988,14.0,95.25,806.0,800.0,3.75,2.912,0.81,0.83,2.95,0.0
988,14.0,95.25,798.0,800.0,9.75,2.835,0.68,0.85,2.95,0.0
988,14.1,95.25,792.0,800.0,8.25,2.963,0.23,0.83,3.03,0.0
989,14.1,95.25,795.0,800.0,12.0,2.97,0.24,0.24,3.03,0.0
989,14.1,95.25,797.0,800.0,10.5,2.861,0.8,0.84,3.03,0.0
990,14.1,96.0,804.0,800.0,5.25,2.906,0.77,0.85,3.03,0.0
990,14.1,96.0,797.0,800.0,6.75,2.925,0.6,0.84,3.03,0.0
990,14.1,96.0,799.0,800.0,7.5,2.976,0.21,0.49,3.08,0.0
991,14.0,96.0,803.0,800.0,8.25,2.893,0.51,0.75,3.08,0.0
991,14.1,96.0,797.0,800.0,8.25,2.899,0.81,0.86,3.08,0.0
992,14.0,96.0,792.0,800.0,10.5,2.976,0.22,0.74,3.08,0.0
992,14.1,96.0,804.0,800.0,2.25,3.053,0.22,0.22,3.15,0.0
992,14.1,96.0,802.0,800.0,0.0,2.97,0.83,0.82,3.15,0.0
993,14.0,96.0,801.0,800.0,2.25,2.995,0.77,0.84,3.08,0.0
993,14.1,96.0,802.0,800.0,3.0,3.066,0.29,0.74,3.15,0.0
994,14.0,96.0,794.0,800.0,6.75,2.976,0.8,0.84,3.15,0.0
996,14.1,96.0,788.0,800.0,11.25,3.123,0.21,0.22,3.2,0.0
996,14.1,96.0,804.0,800.0,4.5,3.104,0.22,0.25,3.2,0.0
997,14.0,96.0,798.0,800.0,6.0,3.027,0.82,0.85,3.2,0.0
997,14.1,96.0,795.0,800.0,10.5,3.021,0.38,0.84,3.2,0.0
997,14.1,96.0,803.0,800.0,1.5,3.072,0.22,0.78,3.2,0.0
998,14.1,96.0,800.0,800.0,6.75,3.008,0.78,0.8,3.27,0.0
998,14.0,96.0,795.0,800.0,0.75,3.04,0.82,0.86,3.2,0.0
999,14.0,96.0,793.0,800.0,3.0,3.117,0.22,0.71,3.2,0.0
999,14.1,96.0,796.0,800.0,1.5,3.168,0.25,0.37,3.2,0.0
1000,14.1,96.0,799.0,800.0,6.0,3.008,0.81,0.83,3.2,0.0
1000,14.1,96.0,796.0,800.0,7.5,2.931,0.73,0.85,3.2,0.0
1000,14.1,96.0,792.0,800.0,7.5,3.066,0.22,0.22,3.2,0.0
1001,14.1,96.0,795.0,800.0,6.0,3.13,0.22,0.23,3.15,0.0
1001,14.1,96.0,803.0,800.0,4.5,3.066,0.79,0.82,3.2,0.0
1002,14.1,96.75,795.0,800.0,8.25,3.014,0.82,0.87,3.2,0.0
1002,14.1,96.75,800.0,800.0,3.0,3.066,0.22,0.37,3.2,0.0
1002,14.0,96.75,795.0,800.0,4.5,3.162,0.22,0.23,3.2,0.0
1003,14.1,96.75,795.0,800.0,11.25,3.2,0.28,0.41,3.2,0.0
1003,14.0,96.75,798.0,800.0,10.5,2.95,0.83,0.86,3.2,0.0
1004,14.1,96.75,794.0,800.0,4.5,3.085,0.23,0.7,3.15,0.0
1004,14.1,96.75,800.0,800.0,6.0,3.059,0.22,0.25,3.2,0.0
1005,14.0,96.75,799.0,800.0,6.75,3.002,0.83,0.83,3.2,0.0
1005,14.1,96.75,800.0,800.0,5.25,2.97,0.8,0.85,3.2,0.0
1006,14.1,96.75,798.0,800.0,7.5,3.014,0.22,0.71,3.15,0.0
1006,14.1,96.75,797.0,800.0,6.75,3.11,0.22,0.22,3.2,0.0
1007,14.1,96.75,796.0,800.0,6.0,2.963,0.83,0.87,3.15,0.0
1007,14.1,96.75,794.0,800.0,4.5,3.008,0.69,0.85,3.2,0.0
1008,14.1,96.75,803.0,800.0,2.25,3.098,0.23,0.57,3.15,0.0
1008,14.0,96.75,802.0,800.0,8.25,2.957,0.34,0.69,3.2,0.0
1008,14.0,96.75,795.0,800.0,6.75,2.976,0.75,0.84,3.15,0.0
1009,14.1,96.75,795.0,800.0,6.0,3.034,0.22,0.75,3.2,0.0
1009,14.0,96.75,795.0,800.0,6.0,3.008,0.23,0.27,3.2,0.0
1010,14.0,96.75,796.0,800.0,9.75,2.938,0.8,0.87,3.2,0.0
1011,14.0,96.75,801.0,800.0,6.75,3.053,0.25,0.25,3.2,0.0
1011,14.1,96.75,799.0,800.0,6.0,3.021,0.79,0.82,3.15,0.0
1012,14.1,96.75,799.0,800.0,2.25,3.008,0.8,0.85,3.15,0.0
1012,14.1,96.75,795.0,800.0,9.75,2.989,0.26,0.82,3.15,0.0
1012,14.0,96.75,794.0,800.0,10.5,3.002,0.2,0.24,3.15,0.0
1013,14.1,96.75,805.0,800.0,4.5,3.059,0.4,0.4,3.15,0.0
1013,14.0,96.75,800.0,800.0,3.75,2.963,0.82,0.83,3.15,0.0
1014,14.1,96.75,799.0,800.0,6.75,2.95,0.68,0.85,3.2,0.0
1014,14.0,96.75,796.0,800.0,5.25,3.066,0.22,0.35,3.15,0.0
1015,14.0,96.75,800.0,800.0,11.25,2.925,0.73,0.75,3.2,0.0
1015,14.0,97.5,800.0,800.0,12.0,2.912,0.78,0.85,3.2,0.0
1016,14.1,97.5,804.0,800.0,6.0,3.085,0.24,0.24,3.2,0.0
1016,14.1,97.5,796.0,800.0,6.0,3.008,0.81,0.84,3.2,0.0
1017,14.1,97.5,798.0,800.0,6.0,2.989,0.8,0.86,3.2,0.0
1017,14.1,97.5,801.0,800.0,9.0,2.95,0.7,0.85,3.2,0.0
1017,14.1,97.5,802.0,800.0,6.75,3.021,0.21,0.27,3.15,0.0
1018,14.1,97.5,801.0,800.0,6.75,3.066,0.22,0.29,3.2,0.0
1021,14.1,97.5,802.0,0.66,5.25,3.091,0.8,0.55,3.15,0.66
1022,14.1,45.0,8203.0,70.0,-69.0,210.31,0.55,0.0,412.16,0.0
1023,14.1,97.5,793.0,800.0,5.25,3.072,0.22,0.78,3.2,0.0
1024,14.1,45.75,8205.0,80.0,36.0,213.792,0.55,0.0,412.16,0.0
1024,14.0,97.5,798.0,800.0,7.5,3.066,0.8,0.82,3.15,0.0
1026,14.0,97.5,796.0,800.0,9.0,2.957,0.82,0.87,3.15,0.0
1027,14.0,97.5,791.0,1920.0,6.0,2.995,0.74,0.55,3.15,-5.25
1027,14.1,97.5,792.0,800.0,6.75,3.059,0.21,0.22,3.15,0.0
1027,14.0,97.5,802.0,800.0,5.25,3.104,0.67,0.36,3.15,0.0
1029,14.1,98.25,801.0,800.0,1.5,3.021,0.77,0.83,3.15,0.0
1030,14.1,98.25,797.0,800.0,6.75,3.04,0.24,0.76,3.15,0.0
1030,14.1,98.25,800.0,800.0,5.25,3.059,0.29,0.32,3.15,0.0
1030,14.0,98.25,800.0,800.0,6.0,2.925,0.78,0.82,3.15,0.0
