LogEntrySeconds,Температура охлаждающей жидкости ( °С),Обороты  двигателя ( об/мин),Желаемые обороты холостого хода ( об/мин),Угол опережения зажигания ( °ПКВ),Длительность импульса впрыска ( мс),Напряжение датчика кислорода 1 ( В),Положение педали газа ( %),Положение дроссельной заслонки ( %),Скорость автомобиля ( км/час),Флаг нажатия педали сцепления (-),Величина отскока УОЗ при детонации ( °ПКВ),Счетчик пропусков в цилиндре 1 за текущую поездку (-),Счетчик пропусков в цилиндре 3 за текущую поездку (-),Счетчик пропусков в цилиндре 4 за текущую поездку (-),Счетчик пропусков в цилиндре 2 за текущую поездку (-)
1,27.75,0.0,1240.0,-5.25,0.0,0.52,0.0,6.49,0.0,0.0,0.0,,,,
2,27.75,0.0,1240.0,-5.25,0.0,0.51,0.0,6.54,0.0,0.0,0.0,,,,
2,27.75,0.0,1240.0,-5.25,0.0,0.52,0.0,6.49,0.0,0.0,0.0,,,,
3,27.75,0.0,1240.0,-5.25,0.0,0.51,0.0,6.49,0.0,0.0,0.0,,,,
3,27.75,0.0,1240.0,-5.25,0.0,0.52,0.0,6.54,0.0,0.0,0.0,,,,
4,27.75,0.0,1240.0,-5.25,0.0,0.51,0.0,6.49,0.0,0.0,0.0,,,,
4,27.75,0.0,1240.0,-5.25,0.0,0.51,0.0,6.54,0.0,0.0,0.0,,,,
4,27.75,0.0,1240.0,-5.25,0.0,0.51,0.0,6.54,0.0,0.0,0.0,,,,
5,27.75,0.0,1240.0,-5.25,0.0,0.51,0.0,6.54,0.0,0.0,0.0,,,,
5,27.75,0.0,1240.0,-5.25,0.0,0.52,0.0,6.54,0.0,0.0,0.0,,,,
6,27.75,0.0,1240.0,-5.25,0.0,0.51,0.0,6.49,0.0,0.0,0.0,,,,
6,27.75,0.0,1240.0,-5.25,0.0,0.52,0.0,6.54,0.0,0.0,0.0,,,,
6,27.75,0.0,1240.0,-5.25,0.0,0.51,0.0,6.54,0.0,0.0,0.0,,,,
7,27.75,0.0,1240.0,-5.25,0.0,0.52,0.0,6.54,0.0,0.0,0.0,,,,
7,27.75,0.0,1240.0,-5.25,0.0,0.52,0.0,6.49,0.0,0.0,0.0,,,,
8,27.75,0.0,1240.0,-5.25,0.0,0.52,0.0,6.54,0.0,0.0,0.0,,,,
8,27.75,159.0,1240.0,-5.25,0.0,0.51,0.0,7.3,0.0,0.0,0.0,,,,
8,27.75,252.0,1240.0,-4.5,22.342,0.51,0.0,7.35,0.0,0.0,0.0,,,,
9,27.75,1335.0,1240.0,-3.75,7.59,0.52,0.0,7.35,0.0,0.0,0.0,,,,
9,27.75,1405.0,1240.0,-2.25,5.504,0.52,0.0,7.35,0.0,0.0,0.0,,,,
10,27.75,1367.0,1240.0,0.0,5.459,0.52,0.0,7.35,0.0,0.0,0.0,,,,
10,27.75,1332.0,1240.0,2.25,5.466,0.52,0.0,7.35,0.0,0.0,0.0,,,,
10,27.75,1306.0,1240.0,0.75,5.626,0.51,0.0,7.3,0.0,0.0,0.0,,,,
11,27.75,1297.0,1240.0,-0.75,5.651,0.51,0.0,7.3,0.0,0.0,0.0,,,,
13,27.75,1252.0,1240.0,0.0,5.114,0.51,0.0,6.86,0.0,0.0,0.0,,,,
14,27.75,1241.0,1240.0,2.25,5.069,0.52,0.0,6.86,0.0,0.0,0.0,,,,
14,27.75,1245.0,1240.0,2.25,4.89,0.52,0.0,6.86,0.0,0.0,0.0,,,,
15,27.75,1229.0,1240.0,2.25,4.813,0.51,0.0,6.79,0.0,0.0,0.0,,,,
15,27.75,1229.0,1240.0,2.25,4.685,0.51,0.0,6.79,0.0,0.0,0.0,,,,
16,27.75,1232.0,1240.0,3.75,4.576,0.52,0.0,6.74,0.0,0.0,0.0,,,,
17,27.75,1232.0,1240.0,3.75,4.538,0.51,0.0,6.74,0.0,0.0,0.0,,,,
17,27.75,1223.0,1240.0,3.75,4.538,0.52,0.0,6.69,0.0,0.0,0.0,,,,
17,28.5,1219.0,1240.0,5.25,4.525,0.51,0.0,6.69,0.0,0.0,0.0,,,,
18,28.5,1220.0,1240.0,5.25,4.461,0.51,0.0,6.69,0.0,0.0,0.0,,,,
18,28.5,1222.0,1240.0,4.5,4.448,0.52,0.0,6.62,0.0,0.0,0.0,,,,
19,28.5,1224.0,1240.0,3.0,4.467,0.51,0.0,6.69,0.0,0.0,0.0,,,,
19,28.5,1225.0,1240.0,4.5,4.378,0.52,0.0,6.62,0.0,0.0,0.0,,,,
19,28.5,1230.0,1240.0,3.75,4.301,0.51,0.0,6.62,0.0,0.0,0.0,,,,
20,28.5,1224.0,1240.0,3.75,4.384,0.51,0.0,6.62,0.0,0.0,0.0,,,,
22,28.5,1228.0,1230.0,3.0,4.326,0.51,0.0,6.54,0.0,0.0,0.0,,,,
23,28.5,1226.0,1230.0,3.0,4.269,0.52,0.0,6.54,0.0,0.0,0.0,,,,
23,28.5,1228.0,1230.0,2.25,4.237,0.51,0.0,6.54,0.0,0.0,0.0,,,,
24,28.5,1232.0,1230.0,4.5,4.141,0.51,0.0,6.54,0.0,0.0,0.0,,,,
24,28.5,1224.0,1230.0,3.0,4.205,0.52,0.0,6.54,0.0,0.0,0.0,,,,
25,28.5,1222.0,1230.0,3.75,4.186,0.51,0.0,6.54,0.0,0.0,0.0,,,,
25,28.5,1228.0,1940.0,3.75,4.147,0.04,0.0,6.54,0.0,0.0,0.75,,,,
26,28.5,1221.0,1940.0,3.75,4.122,0.04,39.96,34.79,0.0,0.0,0.75,,,,
26,29.25,1229.0,1230.0,5.25,4.141,0.51,0.0,6.54,0.0,0.0,0.0,,,,
27,29.25,1231.0,1230.0,5.25,4.109,0.51,0.0,6.54,0.0,0.0,0.0,,,,
28,29.25,1235.0,1230.0,3.0,4.128,0.52,0.0,6.54,0.0,0.0,0.0,,,,
28,29.25,1228.0,1230.0,3.0,4.134,0.51,0.0,6.49,0.0,0.0,0.0,,,,
29,29.25,1232.0,1230.0,3.0,4.154,0.52,0.0,6.49,0.0,0.0,0.0,,,,
30,29.25,1228.0,1230.0,3.0,4.16,0.51,0.0,6.49,0.0,0.0,0.0,,,,
30,29.25,1232.0,1230.0,3.0,4.128,0.51,0.0,6.49,0.0,0.0,0.0,,,,
33,30.0,1232.0,1220.0,2.25,3.994,0.52,0.0,6.49,0.0,0.0,0.0,,,,
33,30.0,1220.0,1220.0,3.75,4.064,0.51,0.0,6.49,0.0,0.0,0.0,,,,
34,30.0,1226.0,1220.0,2.25,4.096,0.51,0.0,6.45,0.0,0.0,0.0,,,,
34,30.0,1219.0,1220.0,7.5,4.077,0.51,0.0,6.49,0.0,0.0,0.0,,,,
35,30.0,1222.0,1220.0,3.0,4.077,0.47,0.0,6.45,0.0,0.0,0.0,,,,
35,30.75,1217.0,1220.0,6.75,3.955,0.41,0.0,6.45,0.0,0.0,0.0,,,,
37,30.75,1208.0,1220.0,3.0,4.006,0.9,0.0,6.37,0.0,0.0,0.0,,,,
37,30.75,1220.0,1220.0,6.75,3.846,0.6,0.0,6.37,0.0,0.0,0.0,,,,
38,30.75,1219.0,1220.0,4.5,3.968,0.98,0.0,6.37,0.0,0.0,0.0,,,,
38,30.75,1223.0,1220.0,3.0,3.936,0.49,0.0,6.37,0.0,0.0,0.0,,,,
38,30.75,1216.0,1220.0,1.5,3.936,0.37,0.0,6.37,0.0,0.0,0.0,,,,
39,31.5,1215.0,1220.0,6.0,4.019,0.88,0.0,6.25,0.0,0.0,0.0,,,,
40,31.5,1223.0,1220.0,0.75,4.038,0.92,0.0,6.32,0.0,0.0,0.0,,,,
40,31.5,1229.0,1220.0,1.5,4.006,0.94,0.0,6.32,0.0,0.0,0.0,,,,
41,31.5,1236.0,1220.0,0.0,4.218,0.94,0.0,6.37,0.0,0.0,0.0,,,,
41,31.5,1234.0,1220.0,2.25,4.09,0.95,0.0,6.32,0.0,0.0,0.0,,,,
41,31.5,1233.0,1220.0,3.0,4.064,0.93,0.0,6.32,0.0,0.0,0.0,,,,
42,31.5,1227.0,1220.0,3.0,4.051,0.93,0.0,6.25,0.0,0.0,0.0,,,,
42,31.5,1226.0,1220.0,3.75,4.051,0.93,0.0,6.32,0.0,0.0,0.0,,,,
42,31.5,1233.0,1210.0,3.0,3.987,0.93,0.0,6.13,0.0,0.0,0.0,,,,
43,31.5,1231.0,1210.0,1.5,3.974,0.94,0.0,6.13,0.0,0.0,0.0,,,,
43,32.25,1229.0,1210.0,2.25,4.083,0.94,0.0,6.13,0.0,0.0,0.0,,,,
44,32.25,1222.0,1210.0,2.25,4.109,0.94,0.0,6.01,0.0,0.0,0.0,,,,
44,32.25,1216.0,1210.0,3.75,4.102,0.95,0.0,6.08,0.0,0.0,0.0,,,,
45,32.25,1211.0,1210.0,5.25,4.102,0.95,0.0,6.08,0.0,0.0,0.0,,,,
45,32.25,1210.0,1210.0,4.5,4.09,0.95,0.0,6.08,0.0,0.0,0.0,,,,
45,32.25,1206.0,1210.0,5.25,4.115,0.95,0.0,6.08,0.0,0.0,0.0,,,,
46,32.25,1215.0,1210.0,3.75,4.09,0.96,0.0,6.01,0.0,0.0,0.0,,,,
46,32.25,1214.0,1210.0,5.25,3.981,0.96,0.0,6.01,0.0,0.0,0.0,,,,
47,32.25,1215.0,1210.0,4.5,4.058,0.95,0.0,6.08,0.0,0.0,0.0,,,,
47,33.0,1212.0,1210.0,5.25,4.0,0.95,0.0,6.01,0.0,0.0,0.0,,,,
47,33.0,1205.0,1210.0,4.5,4.019,0.95,0.0,6.01,0.0,0.0,0.0,,,,
50,33.0,1203.0,1210.0,4.5,3.821,0.92,0.0,5.93,0.0,0.0,0.0,,,,
50,33.0,1201.0,1210.0,4.5,3.744,0.92,0.0,6.01,0.0,0.0,0.0,,,,
51,33.75,1197.0,1210.0,6.75,3.699,0.9,0.0,5.93,0.0,0.0,0.0,,,,
51,33.75,1192.0,1210.0,5.25,3.61,0.81,0.0,6.01,0.0,0.0,0.0,,,,
52,33.75,1189.0,1210.0,6.75,4.083,0.18,0.0,6.45,0.0,0.0,0.0,,,,
52,33.75,1196.0,1210.0,3.75,4.23,0.67,0.0,6.32,0.0,0.0,0.0,,,,
53,33.75,1194.0,1200.0,6.0,3.981,0.89,0.0,6.32,0.0,0.0,0.0,,,,
53,33.75,1188.0,1200.0,4.5,3.904,0.84,0.0,6.32,0.0,0.0,0.0,,,,
53,33.75,1194.0,1200.0,6.0,3.981,0.18,0.0,6.37,0.0,0.0,0.0,,,,
54,33.75,1197.0,1200.0,3.75,4.09,0.22,0.0,6.37,0.0,0.0,0.0,,,,
54,34.5,1199.0,1200.0,3.75,3.923,0.79,0.0,6.32,0.0,0.0,0.0,,,,
55,34.5,1191.0,1200.0,8.25,4.051,0.2,0.0,6.37,0.0,0.0,0.0,,,,
56,34.5,1203.0,1200.0,1.5,4.019,0.81,0.0,6.32,0.0,0.0,0.0,,,,
56,34.5,1195.0,1200.0,4.5,3.859,0.21,0.0,6.32,0.0,0.0,0.0,,,,
56,34.5,1199.0,1200.0,4.5,3.955,0.32,0.0,6.32,0.0,0.0,0.0,,,,
57,34.5,1193.0,1200.0,9.0,3.936,0.81,0.0,6.32,0.0,0.0,0.0,,,,
57,34.5,1200.0,1200.0,8.25,3.853,0.2,0.0,6.2,0.0,0.0,0.0,,,,
57,34.5,1202.0,1200.0,2.25,4.013,0.65,0.0,6.2,0.0,0.0,0.0,,,,
58,35.25,1204.0,1200.0,7.5,3.616,0.84,0.0,6.08,0.0,0.0,0.0,,,,
58,35.25,1192.0,1200.0,5.25,3.744,0.19,0.0,6.08,0.0,0.0,0.0,,,,
59,35.25,1204.0,1200.0,2.25,3.814,0.19,0.0,5.93,0.0,0.0,0.0,,,,
59,35.25,1200.0,1200.0,3.75,3.859,0.58,0.0,5.93,0.0,0.0,0.0,,,,
59,35.25,1198.0,1200.0,6.75,3.693,0.86,0.0,5.93,0.0,0.0,0.0,,,,
60,35.25,1197.0,1200.0,8.25,3.629,0.84,0.0,5.93,0.0,0.0,0.0,,,,
61,35.25,1199.0,1200.0,6.75,3.776,0.21,0.0,5.93,0.0,0.0,0.0,,,,
61,35.25,1195.0,1200.0,4.5,3.77,0.8,0.0,6.01,0.0,0.0,0.0,,,,
62,36.0,1189.0,1200.0,10.5,3.84,0.27,0.0,6.01,0.0,0.0,0.0,,,,
62,36.0,1192.0,1190.0,7.5,3.68,0.86,0.0,5.93,0.0,0.0,0.0,,,,
63,36.0,1185.0,1190.0,6.75,4.019,0.19,0.0,5.93,0.0,0.0,0.0,,,,
63,36.0,1193.0,1190.0,6.0,3.859,0.31,0.0,6.01,0.0,0.0,0.0,,,,
64,36.0,1163.0,990.0,10.5,3.187,0.2,0.0,5.03,0.0,0.0,0.0,,,,
64,36.0,1114.0,990.0,6.75,3.405,0.19,0.0,5.1,0.0,0.0,0.0,,,,
65,36.0,1049.0,990.0,7.5,3.853,0.86,0.0,5.1,0.0,0.0,0.0,,,,
65,36.0,1012.0,990.0,4.5,3.974,0.97,0.0,5.1,0.0,0.0,0.0,,,,
66,36.75,989.0,990.0,6.75,3.987,0.95,0.0,5.03,0.0,0.0,0.0,,,,
66,36.75,981.0,990.0,3.75,3.904,0.92,0.0,5.03,0.0,0.0,0.0,,,,
66,36.75,978.0,990.0,3.75,3.827,0.87,0.0,5.03,0.0,0.0,0.0,,,,
67,36.75,978.0,990.0,4.5,3.827,0.19,0.0,5.1,0.0,0.0,0.0,,,,
67,36.75,982.0,990.0,5.25,3.904,0.2,0.0,5.1,0.0,0.0,0.0,,,,
68,36.75,986.0,990.0,4.5,3.968,0.21,0.0,5.03,0.0,0.0,0.0,,,,
68,36.75,982.0,990.0,7.5,3.866,0.85,0.0,5.1,0.0,0.0,0.0,,,,
68,36.75,975.0,990.0,8.25,3.802,0.81,0.0,5.1,0.0,0.0,0.0,,,,
69,36.75,981.0,990.0,3.0,3.93,0.2,0.0,5.03,0.0,0.0,0.0,,,,
69,36.75,982.0,990.0,6.0,3.974,0.28,0.0,5.1,0.0,0.0,0.0,,,,
70,37.5,979.0,990.0,8.25,3.866,0.85,0.0,5.1,0.0,0.0,0.0,,,,
70,37.5,988.0,990.0,6.0,3.923,0.2,0.0,5.03,0.0,0.0,0.0,,,,
70,37.5,987.0,990.0,3.75,3.987,0.28,0.0,5.03,0.0,0.0,0.0,,,,
71,37.5,986.0,990.0,3.75,3.789,0.84,0.0,5.03,0.0,0.0,0.0,,,,
71,37.5,974.0,990.0,5.25,3.866,0.21,0.0,5.1,0.0,0.0,0.0,,,,
72,37.5,986.0,990.0,3.75,3.898,0.2,0.0,5.03,0.0,0.0,0.0,,,,
72,37.5,982.0,990.0,7.5,3.885,0.79,0.0,5.03,0.0,0.0,0.0,,,,
73,37.5,981.0,990.0,4.5,3.872,0.21,0.0,5.03,0.0,0.0,0.0,,,,
73,37.5,973.0,980.0,6.0,3.955,0.2,0.0,5.1,0.0,0.0,0.0,,,,
74,38.25,978.0,980.0,6.75,3.949,0.7,0.0,5.03,0.0,0.0,0.0,,,,
74,38.25,976.0,980.0,4.5,3.821,0.85,0.0,5.03,0.0,0.0,0.0,,,,
74,38.25,978.0,980.0,1.5,3.853,0.2,0.0,5.03,0.0,0.0,0.0,,,,
75,38.25,977.0,980.0,5.25,3.872,0.22,0.0,4.98,0.0,0.0,0.0,,,,
75,38.25,984.0,980.0,2.25,3.878,0.75,0.0,4.91,0.0,0.0,0.0,,,,
76,38.25,973.0,980.0,6.75,3.853,0.85,0.0,4.98,0.0,0.0,0.0,,,,
76,38.25,977.0,980.0,8.25,3.77,0.77,0.0,4.98,0.0,0.0,0.0,,,,
76,38.25,980.0,980.0,6.0,3.859,0.19,0.0,4.98,0.0,0.0,0.0,,,,
77,38.25,985.0,980.0,0.75,3.962,0.25,0.0,4.98,0.0,0.0,0.0,,,,
77,38.25,981.0,980.0,1.5,3.827,0.84,0.0,4.98,0.0,0.0,0.0,,,,
78,39.0,975.0,980.0,8.25,3.776,0.8,0.0,4.98,0.0,0.0,0.0,,,,
80,39.0,982.0,980.0,3.0,3.84,0.8,0.0,4.98,0.0,0.0,0.0,,,,
80,39.0,974.0,980.0,4.5,3.802,0.86,0.0,4.98,0.0,0.0,0.0,,,,
81,39.0,970.0,980.0,8.25,3.763,0.22,0.0,4.98,0.0,0.0,0.0,,,,
81,39.75,975.0,980.0,1.5,3.866,0.2,0.0,4.98,0.0,0.0,0.0,,,,
82,39.75,984.0,980.0,0.75,3.898,0.26,0.0,4.91,0.0,0.0,0.0,,,,
84,39.75,976.0,970.0,2.25,3.872,0.21,0.0,4.98,0.0,0.0,0.0,,,,
85,39.75,977.0,970.0,3.0,3.808,0.83,0.0,4.91,0.0,0.0,0.0,,,,
85,40.5,970.0,970.0,9.0,3.821,0.2,0.0,4.98,0.0,0.0,0.0,,,,
86,40.5,975.0,970.0,7.5,3.846,0.2,0.0,4.98,0.0,0.0,0.0,,,,
86,40.5,980.0,970.0,3.75,3.84,0.84,0.0,4.91,0.0,0.0,0.0,,,,
87,40.5,977.0,970.0,7.5,3.763,0.85,0.0,4.91,0.0,0.0,0.0,,,,
87,40.5,972.0,970.0,0.0,3.802,0.19,0.0,4.86,0.0,0.0,0.0,,,,
88,40.5,977.0,970.0,1.5,3.814,0.22,0.0,4.86,0.0,0.0,0.0,,,,
88,40.5,976.0,970.0,2.25,3.731,0.83,0.0,4.86,0.0,0.0,0.0,,,,
89,40.5,970.0,970.0,0.75,3.776,0.63,0.0,4.86,0.0,0.0,0.0,,,,
89,41.25,979.0,970.0,3.0,3.846,0.22,0.0,4.91,0.0,0.0,0.0,,,,
90,41.25,969.0,970.0,8.25,3.75,0.86,0.0,4.86,0.0,0.0,0.0,,,,
90,41.25,964.0,970.0,4.5,3.878,0.2,0.0,4.91,0.0,0.0,0.0,,,,
91,41.25,969.0,970.0,6.0,3.859,0.45,0.0,4.86,0.0,0.0,0.0,,,,
91,41.25,977.0,970.0,6.75,3.77,0.85,0.0,4.86,0.0,0.0,0.0,,,,
92,41.25,962.0,960.0,9.75,3.744,0.44,0.0,4.86,0.0,0.0,0.0,,,,
92,41.25,968.0,960.0,1.5,3.878,0.23,0.0,4.86,0.0,0.0,0.0,,,,
92,41.25,963.0,960.0,9.0,3.77,0.3,0.0,4.86,0.0,0.0,0.0,,,,
93,42.0,964.0,960.0,8.25,3.885,0.28,0.0,4.86,0.0,0.0,0.0,,,,
94,42.0,957.0,960.0,8.25,3.763,0.85,0.0,4.86,0.0,0.0,0.0,,,,
94,42.0,959.0,960.0,8.25,3.821,0.21,0.0,4.86,0.0,0.0,0.0,,,,
94,42.0,973.0,960.0,0.75,3.846,0.25,0.0,4.86,0.0,0.0,0.0,,,,
95,42.0,970.0,960.0,6.0,3.77,0.84,0.0,4.86,0.0,0.0,0.0,,,,
95,42.0,968.0,960.0,3.75,3.712,0.57,0.0,4.86,0.0,0.0,0.0,,,,
96,42.0,958.0,960.0,3.75,3.859,0.21,0.0,4.86,0.0,0.0,0.0,,,,
96,42.0,969.0,960.0,2.25,3.808,0.77,0.0,4.86,0.0,0.0,0.0,,,,
96,42.0,955.0,960.0,6.75,3.782,0.84,0.0,4.86,0.0,0.0,0.0,,,,
97,42.0,955.0,960.0,6.0,3.859,0.22,0.0,4.86,0.0,0.0,0.0,,,,
97,42.75,965.0,960.0,4.5,3.782,0.73,0.0,4.86,0.0,0.0,0.0,,,,
98,42.75,964.0,960.0,3.0,3.68,0.74,0.0,4.79,0.0,0.0,0.0,,,,
98,42.75,962.0,960.0,2.25,3.84,0.19,0.0,4.86,0.0,0.0,0.0,,,,
101,42.75,960.0,950.0,2.25,3.77,0.21,0.0,4.74,0.0,0.0,0.0,,,,
101,42.75,968.0,950.0,0.75,3.834,0.38,0.0,4.74,0.0,0.0,0.0,,,,
102,43.5,959.0,950.0,1.5,3.712,0.86,0.0,4.66,0.0,0.0,0.0,,,,
102,43.5,955.0,950.0,5.25,3.578,0.82,0.0,4.66,0.0,0.0,0.0,,,,
102,43.5,957.0,950.0,0.75,3.763,0.18,0.0,4.66,0.0,0.0,0.0,,,,
103,43.5,961.0,950.0,6.75,3.712,0.81,0.0,4.66,0.0,0.0,0.0,,,,
103,43.5,957.0,950.0,2.25,3.571,0.8,0.0,4.66,0.0,0.0,0.0,,,,
104,43.5,957.0,950.0,4.5,3.68,0.19,0.0,4.61,0.0,0.0,0.0,,,,
104,43.5,960.0,950.0,5.25,3.674,0.68,0.0,4.66,0.0,0.0,0.0,,,,
105,43.5,947.0,950.0,11.25,3.693,0.29,0.0,4.74,0.0,0.0,0.0,,,,
105,43.5,960.0,950.0,4.5,3.686,0.79,0.0,4.66,0.0,0.0,0.0,,,,
106,43.5,948.0,950.0,8.25,3.699,0.83,0.0,4.61,0.0,0.0,0.0,,,,
106,44.25,949.0,950.0,7.5,3.789,0.23,0.0,4.61,0.0,0.0,0.0,,,,
106,44.25,950.0,950.0,6.75,3.821,0.65,0.0,4.61,0.0,0.0,0.0,,,,
107,44.25,952.0,950.0,6.0,3.635,0.83,0.0,4.66,0.0,0.0,0.0,,,,
107,44.25,947.0,950.0,7.5,3.654,0.25,0.0,4.66,0.0,0.0,0.0,,,,
108,44.25,951.0,950.0,4.5,3.757,0.2,0.0,4.66,0.0,0.0,0.0,,,,
108,44.25,959.0,950.0,3.0,3.738,0.27,0.0,4.54,0.0,0.0,0.0,,,,
109,44.25,950.0,940.0,5.25,3.712,0.19,0.0,4.54,0.0,0.0,0.0,,,,
109,44.25,953.0,940.0,6.0,3.725,0.22,0.0,4.49,0.0,0.0,0.0,,,,
110,44.25,952.0,940.0,9.0,3.597,0.85,0.0,4.49,0.0,0.0,0.0,,,,
110,45.0,947.0,940.0,4.5,3.718,0.28,0.0,4.49,0.0,0.0,0.0,,,,
111,45.0,951.0,940.0,1.5,3.68,0.81,0.0,4.49,0.0,0.0,0.0,,,,
112,45.0,944.0,940.0,5.25,3.725,0.2,0.0,4.49,0.0,0.0,0.0,,,,
112,45.0,954.0,940.0,6.0,3.68,0.26,0.0,4.49,0.0,0.0,0.0,,,,
113,45.0,941.0,940.0,9.75,3.648,0.73,0.0,4.49,0.0,0.0,0.0,,,,
113,45.0,946.0,940.0,7.5,3.763,0.2,0.0,4.49,0.0,0.0,0.0,,,,
113,45.0,947.0,940.0,6.0,3.725,0.75,0.0,4.49,0.0,0.0,0.0,,,,
114,45.0,947.0,940.0,9.0,3.68,0.22,0.0,4.49,0.0,0.0,0.0,,,,
115,45.0,946.0,940.0,3.0,3.776,0.25,0.0,4.49,0.0,0.0,0.0,,,,
115,45.75,946.0,940.0,5.25,3.718,0.85,0.0,4.49,0.0,0.0,0.0,,,,
116,45.75,942.0,940.0,6.75,3.635,0.65,0.0,4.49,0.0,0.0,0.0,,,,
116,45.75,950.0,940.0,0.75,3.757,0.26,0.0,4.49,0.0,0.0,0.0,,,,
117,45.75,942.0,940.0,2.25,3.693,0.86,0.0,4.49,0.0,0.0,0.0,,,,
117,45.75,942.0,940.0,3.75,3.674,0.74,0.0,4.49,0.0,0.0,0.0,,,,
117,45.75,948.0,940.0,3.75,3.712,0.25,0.0,4.42,0.0,0.0,0.0,,,,
118,45.75,939.0,940.0,3.0,3.642,0.79,0.0,4.49,0.0,0.0,0.0,,,,
118,45.75,933.0,930.0,6.0,3.699,0.84,0.0,4.49,0.0,0.0,0.0,,,,
119,45.75,939.0,930.0,4.5,3.693,0.22,0.0,4.49,0.0,0.0,0.0,,,,
119,45.75,936.0,980.0,8.25,4.435,0.21,0.0,6.86,0.0,1.0,0.0,,,,
119,45.75,989.0,980.0,-2.25,3.91,0.89,0.0,4.79,0.0,1.0,0.0,,,,
120,46.5,975.0,980.0,1.5,3.808,0.91,0.0,4.86,0.0,1.0,0.0,,,,
120,46.5,985.0,980.0,-0.75,3.744,0.21,0.0,4.91,0.0,1.0,0.0,,,,
121,46.5,981.0,980.0,5.25,3.962,0.19,0.0,4.98,0.0,0.0,0.0,,,,
121,46.5,982.0,930.0,2.25,3.661,0.22,0.0,4.61,0.0,0.0,0.0,,,,
122,46.5,967.0,930.0,5.25,3.59,0.84,0.0,4.42,0.0,0.0,0.0,,,,
122,46.5,950.0,930.0,10.5,3.552,0.23,0.0,4.49,0.0,0.0,0.0,,,,
122,46.5,947.0,930.0,9.0,3.674,0.21,0.0,4.37,0.0,0.0,0.0,,,,
125,46.5,963.0,980.0,6.75,4.006,0.19,0.0,5.03,0.0,1.0,0.0,,,,
125,47.25,973.0,980.0,3.0,3.981,0.21,0.0,4.86,0.0,0.0,0.0,,,,
126,47.25,979.0,930.0,0.75,3.808,0.69,0.0,4.42,0.0,0.0,0.0,,,,
126,47.25,950.0,930.0,9.0,3.514,0.81,0.0,4.42,0.0,0.0,0.0,,,,
126,47.25,938.0,930.0,7.5,3.68,0.21,0.0,4.42,0.0,0.0,0.0,,,,
127,47.25,938.0,930.0,2.25,3.674,0.8,0.0,4.42,0.0,0.0,0.0,,,,
127,47.25,942.0,930.0,4.5,3.565,0.86,0.0,4.37,0.0,0.0,0.0,,,,
128,47.25,944.0,980.0,-0.75,4.166,0.33,0.0,4.98,0.0,1.0,0.0,,,,
128,47.25,982.0,980.0,3.0,3.866,0.8,0.0,4.91,0.0,0.0,0.0,,,,
129,47.25,971.0,980.0,6.0,3.923,0.85,0.0,5.03,0.0,1.0,0.0,,,,
129,47.25,979.0,1080.0,4.5,4.339,0.2,5.679,6.49,0.0,1.0,0.0,,,,
129,47.25,1182.0,1480.0,3.0,7.13,0.89,6.976,11.72,0.0,1.0,0.0,,,,
130,47.25,1464.0,1500.0,2.25,5.178,0.93,5.194,8.94,0.0,1.0,0.0,,,,
132,48.0,1313.0,1940.0,9.75,4.531,0.19,0.241,8.81,0.0,0.0,21.75,,,,
133,48.0,1259.0,900.0,-0.75,3.251,0.17,0.0,5.1,1.3,1.0,0.0,,,,
133,48.0,1171.0,900.0,5.25,3.149,0.16,0.0,5.22,0.0,1.0,0.0,,,,
133,48.0,1099.0,1200.0,6.0,6.842,0.18,4.866,10.03,0.0,1.0,0.0,,,,
134,48.0,1282.0,1480.0,0.0,5.939,0.94,3.734,9.06,1.3,1.0,0.0,,,,
134,48.0,1258.0,1200.0,5.25,4.416,0.83,0.0,6.45,2.5,1.0,0.0,,,,
134,48.0,1303.0,900.0,0.0,2.675,0.18,0.0,4.86,2.5,1.0,0.0,,,,
135,48.0,1188.0,900.0,7.5,2.912,0.16,0.0,4.98,2.5,1.0,0.0,,,,
135,48.75,1063.0,900.0,5.25,3.571,0.17,0.967,5.03,2.5,1.0,0.0,,,,
136,48.75,1062.0,1300.0,0.75,7.36,0.81,7.633,10.99,1.3,1.0,0.0,,,,
138,48.75,1322.0,900.0,9.0,2.554,0.4,0.0,4.98,2.5,1.0,0.0,,,,
139,48.75,1167.0,900.0,15.75,2.758,0.16,0.0,4.86,3.8,1.0,0.0,,,,
139,48.75,1082.0,900.0,4.5,3.277,0.16,0.0,4.91,2.5,1.0,0.0,,,,
139,48.75,1008.0,900.0,2.25,3.776,0.19,0.0,4.98,2.5,1.0,0.0,,,,
140,48.75,967.0,900.0,-3.75,3.994,0.84,0.0,4.86,1.3,1.0,0.0,,,,
141,49.5,1327.0,1400.0,-1.5,6.765,0.92,0.0,10.03,1.3,1.0,0.0,,,,
141,49.5,1360.0,1000.0,5.25,2.886,0.2,0.0,4.86,1.3,1.0,0.0,,,,
141,49.5,1226.0,900.0,19.5,2.317,0.15,0.0,4.54,1.3,1.0,0.0,,,,
142,49.5,1099.0,900.0,12.75,3.162,0.16,0.0,4.91,0.0,1.0,0.0,,,,
142,49.5,1030.0,900.0,2.25,3.75,0.18,0.0,5.15,0.0,1.0,0.0,,,,
143,49.5,995.0,1100.0,5.25,6.893,0.73,13.803,10.74,0.0,1.0,0.0,,,,
143,49.5,1469.0,2540.0,0.0,7.84,0.96,6.085,13.62,0.0,0.0,79.5,,,,
143,49.5,1815.0,1500.0,9.75,3.872,0.17,5.031,8.62,1.3,1.0,0.0,,,,
144,49.5,1582.0,1500.0,-11.25,4.685,0.47,5.194,8.62,2.5,1.0,0.0,,,,
144,49.5,1162.0,1500.0,-24.75,9.446,0.18,5.515,14.04,3.8,1.0,0.0,,,,
145,49.5,1067.0,1500.0,-10.5,10.547,0.91,5.679,21.29,6.3,1.0,0.0,,,,
145,49.5,1065.0,1500.0,-8.25,10.003,0.98,5.679,22.8,7.5,1.0,0.0,,,,
145,49.5,1245.0,1500.0,-8.25,9.811,0.45,5.679,21.22,8.8,1.0,0.0,,,,
146,50.25,1421.0,1500.0,-1.5,7.674,0.92,5.679,15.06,10.0,1.0,0.0,,,,
146,50.25,1677.0,1500.0,10.5,4.397,0.18,5.515,11.84,12.5,1.0,0.0,,,,
147,50.25,1735.0,1500.0,6.0,3.507,0.16,6.007,10.64,12.5,1.0,0.0,,,,
149,50.25,1621.0,900.0,2.25,2.72,0.17,5.194,9.35,12.5,1.0,0.0,,,,
150,50.25,1787.0,900.0,31.5,3.36,0.29,5.515,8.37,12.5,1.0,0.0,,,,
150,50.25,1890.0,900.0,30.75,3.315,0.19,2.593,7.1,12.5,1.0,0.0,,,,
150,50.25,1816.0,900.0,32.25,2.982,0.18,2.429,7.35,13.8,1.0,0.0,,,,
151,51.0,1885.0,900.0,32.25,3.008,0.84,2.429,7.35,13.8,1.0,0.0,,,,
153,51.0,2166.0,900.0,33.0,2.701,0.91,2.593,7.23,16.3,0.0,0.0,,,,
154,51.0,2171.0,900.0,21.75,2.598,0.81,0.0,7.06,16.3,0.0,0.0,,,,
158,51.75,1807.0,900.0,33.0,2.707,0.17,0.156,6.37,13.8,0.0,0.0,,,,
159,51.75,1829.0,900.0,33.75,2.445,0.18,0.156,5.88,13.8,0.0,0.0,,,,
159,51.75,1800.0,900.0,35.25,2.208,0.18,0.319,5.15,13.8,0.0,0.0,,,,
160,51.75,1760.0,900.0,35.25,2.24,0.2,0.647,4.79,12.5,0.0,0.0,,,,
160,51.75,1720.0,900.0,35.25,2.061,0.81,1.295,4.0,12.5,0.0,0.0,,,,
161,51.75,1647.0,900.0,18.0,2.08,0.95,2.109,3.93,12.5,0.0,0.0,,,,
161,51.75,1557.0,900.0,15.75,2.573,0.97,3.078,4.98,11.3,0.0,0.0,,,,
161,51.75,1552.0,900.0,23.25,3.36,0.96,3.078,6.79,11.3,0.0,0.0,,,,
162,51.75,1538.0,900.0,10.5,4.051,0.95,3.078,7.4,11.3,0.0,0.0,,,,
162,52.5,1589.0,900.0,9.75,3.821,0.94,3.078,7.15,11.3,0.0,0.0,,,,
163,52.5,1639.0,900.0,12.75,3.494,0.19,3.078,7.1,12.5,0.0,0.0,,,,
163,52.5,1668.0,900.0,14.25,3.424,0.2,2.921,7.1,12.5,0.0,0.0,,,,
164,52.5,1718.0,900.0,14.25,3.206,0.22,1.944,6.93,12.5,0.0,0.0,,,,
164,52.5,1737.0,900.0,18.0,3.238,0.22,1.781,7.06,12.5,0.0,0.0,,,,
165,52.5,1766.0,900.0,18.75,3.283,0.22,1.616,7.35,12.5,0.0,0.0,,,,
165,52.5,1824.0,900.0,18.0,3.379,0.2,1.616,7.47,12.5,0.0,0.0,,,,
165,52.5,1826.0,900.0,21.0,2.848,0.34,0.967,6.69,13.8,0.0,0.0,,,,
166,52.5,1845.0,900.0,33.75,2.643,0.88,0.0,6.08,13.8,0.0,0.0,,,,
166,52.5,1876.0,900.0,33.75,2.304,0.87,0.0,5.35,13.8,0.0,0.0,,,,
167,52.5,1852.0,900.0,35.25,2.189,0.19,0.0,5.22,13.8,0.0,0.0,,,,
167,52.5,1854.0,900.0,35.25,2.227,0.22,0.0,5.1,13.8,0.0,0.0,,,,
167,52.5,1771.0,900.0,35.25,2.054,0.81,0.562,4.25,13.8,0.0,0.0,,,,
168,52.5,1714.0,900.0,36.0,1.946,0.2,1.781,4.0,12.5,0.0,0.0,,,,
168,53.25,1625.0,900.0,24.0,2.163,0.87,3.734,4.61,11.3,0.0,0.0,,,,
169,53.25,1545.0,900.0,32.25,3.066,0.97,3.89,6.49,11.3,0.0,0.0,,,,
169,53.25,1547.0,900.0,12.75,3.923,0.97,3.89,7.35,11.3,0.0,0.0,,,,
169,53.25,1609.0,900.0,11.25,4.23,0.96,3.89,7.84,11.3,0.0,0.0,,,,
170,53.25,1677.0,900.0,14.25,3.699,0.93,3.89,7.71,12.5,0.0,0.0,,,,
170,53.25,1738.0,900.0,18.75,3.347,0.18,3.078,7.91,12.5,0.0,0.0,,,,
171,53.25,1752.0,900.0,16.5,3.27,0.19,2.757,7.47,12.5,0.0,0.0,,,,
171,53.25,1767.0,900.0,17.25,3.437,0.18,2.757,7.71,12.5,0.0,0.0,,,,
171,53.25,1792.0,900.0,15.75,3.539,0.19,2.429,7.84,13.8,0.0,0.0,,,,
172,53.25,1836.0,900.0,18.75,3.334,0.85,2.429,7.76,13.8,0.0,0.0,,,,
172,53.25,1908.0,900.0,25.5,3.232,0.87,1.46,7.35,13.8,0.0,0.0,,,,
173,53.25,1953.0,2520.0,15.75,3.098,0.93,1.46,7.06,13.8,0.0,-60.75,,,,
175,54.0,2047.0,900.0,33.0,2.886,0.97,1.781,6.93,15.0,0.0,0.0,,,,
175,54.0,2073.0,900.0,33.0,2.797,0.95,1.616,6.93,15.0,0.0,0.0,,,,
176,54.0,2066.0,900.0,21.0,2.541,0.93,1.46,6.32,15.0,0.0,0.0,,,,
176,54.0,2057.0,900.0,34.5,2.195,0.85,1.46,5.4,15.0,0.0,0.0,,,,
177,54.0,2002.0,900.0,34.5,1.958,0.69,1.46,5.1,15.0,0.0,0.0,,,,
177,54.0,1970.0,900.0,35.25,2.003,0.17,2.429,5.15,13.8,0.0,0.0,,,,
177,54.0,1841.0,900.0,11.25,2.458,0.16,2.429,7.35,13.8,0.0,0.0,,,,
178,54.0,1973.0,2520.0,30.75,3.52,0.19,3.163,8.81,13.8,0.0,-61.5,,,,
178,54.0,1971.0,900.0,31.5,3.366,0.17,2.593,7.59,13.8,0.0,0.0,,,,
179,54.0,1945.0,900.0,32.25,2.784,0.89,2.109,6.86,15.0,0.0,0.0,,,,
179,54.0,2126.0,900.0,33.0,2.944,0.78,2.272,7.06,15.0,0.0,0.0,,,,
179,54.0,2089.0,900.0,33.0,2.848,0.87,2.429,7.1,15.0,0.0,0.0,,,,
180,54.75,2074.0,900.0,33.0,2.765,0.92,2.272,6.98,15.0,0.0,0.0,,,,
180,54.75,2127.0,900.0,33.0,2.675,0.69,2.272,6.98,15.0,0.0,0.0,,,,
180,54.75,2158.0,900.0,33.0,2.714,0.25,2.272,6.98,16.3,0.0,0.0,,,,
183,54.75,2241.0,900.0,28.5,2.528,0.22,0.156,6.98,16.3,0.0,0.0,,,,
183,54.75,2177.0,900.0,20.25,2.387,0.87,0.0,6.01,16.3,0.0,0.0,,,,
184,54.75,2178.0,900.0,35.25,2.029,0.91,0.0,5.27,16.3,0.0,0.0,,,,
184,54.75,2083.0,900.0,24.0,1.933,0.94,0.0,4.91,15.0,0.0,0.0,,,,
185,54.75,2003.0,900.0,36.0,1.67,0.83,0.484,4.13,15.0,0.0,0.0,,,,
185,54.75,1879.0,900.0,36.75,1.421,0.17,2.429,3.81,13.8,0.0,0.0,,,,
185,54.75,1714.0,900.0,13.5,2.054,0.14,3.734,5.15,12.5,0.0,0.0,,,,
186,55.5,1655.0,900.0,32.25,2.906,0.15,4.546,6.79,11.3,0.0,0.0,,,,
186,55.5,1670.0,900.0,30.0,3.674,0.16,4.218,8.08,11.3,0.0,0.0,,,,
187,55.5,1733.0,900.0,30.0,3.558,0.16,3.734,8.08,12.5,0.0,0.0,,,,
187,55.5,1799.0,900.0,32.25,2.912,0.16,1.375,7.23,13.8,0.0,0.0,,,,
187,55.5,1846.0,900.0,18.0,2.918,0.16,0.647,7.06,13.8,0.0,0.0,,,,
188,55.5,1808.0,900.0,33.75,2.56,0.17,0.0,6.01,13.8,0.0,0.0,,,,
188,55.5,1811.0,900.0,34.5,2.221,0.17,0.241,5.35,13.8,0.0,0.0,,,,
189,55.5,1755.0,900.0,24.75,2.234,0.17,4.054,5.15,12.5,0.0,0.0,,,,
189,55.5,1737.0,900.0,33.0,3.027,0.17,4.546,7.1,12.5,0.0,0.0,,,,
189,55.5,1746.0,900.0,30.75,4.026,0.21,4.546,8.25,12.5,0.0,0.0,,,,
190,55.5,1851.0,900.0,30.75,3.93,0.91,4.382,8.69,13.8,0.0,0.0,,,,
192,56.25,2227.0,900.0,19.5,2.368,0.41,0.319,6.32,16.3,0.0,0.0,,,,
193,56.25,2211.0,900.0,34.5,2.048,0.83,1.703,5.4,16.3,0.0,0.0,,,,
193,56.25,2127.0,900.0,23.25,2.048,0.95,2.515,5.1,16.3,0.0,0.0,,,,
193,56.25,2109.0,900.0,34.5,2.394,0.89,2.921,7.06,15.0,0.0,0.0,,,,
194,56.25,2100.0,900.0,25.5,2.874,0.19,0.0,7.35,15.0,0.0,0.0,,,,
194,56.25,2069.0,900.0,18.0,2.72,0.2,0.0,6.79,15.0,0.0,0.0,,,,
195,56.25,2075.0,900.0,21.75,2.426,0.21,0.0,6.01,15.0,0.0,0.0,,,,
195,56.25,2013.0,900.0,34.5,2.093,0.83,0.967,5.27,15.0,0.0,0.0,,,,
195,56.25,1976.0,900.0,34.5,2.093,0.19,2.272,5.03,15.0,0.0,0.0,,,,
196,56.25,1961.0,900.0,33.75,2.464,0.23,2.593,6.98,13.8,0.0,0.0,,,,
196,56.25,1972.0,900.0,32.25,3.155,0.2,1.781,7.47,13.8,0.0,0.0,,,,
197,56.25,1987.0,900.0,15.75,2.906,0.86,0.0,6.86,15.0,0.0,0.0,,,,
197,56.25,2007.0,900.0,20.25,2.605,0.63,0.0,6.01,15.0,0.0,0.0,,,,
197,56.25,1978.0,900.0,34.5,2.118,0.84,0.0,5.27,15.0,0.0,0.0,,,,
198,56.25,1920.0,900.0,35.25,2.016,0.19,0.0,5.1,13.8,0.0,0.0,,,,
198,56.25,1807.0,900.0,36.0,1.882,0.16,0.0,4.79,13.8,1.0,0.0,,,,
201,57.0,1078.0,900.0,13.5,3.821,0.99,4.46,5.15,7.5,1.0,0.0,,,,
201,57.0,1127.0,900.0,15.75,3.392,0.94,3.734,5.22,7.5,1.0,0.0,,,,
201,57.0,1106.0,900.0,11.25,3.45,0.19,3.163,5.22,8.8,1.0,0.0,,,,
202,57.0,1172.0,900.0,16.5,3.238,0.18,2.593,5.27,8.8,1.0,0.0,,,,
202,57.0,1177.0,900.0,12.75,3.251,0.18,2.757,5.27,8.8,1.0,0.0,,,,
203,57.0,1172.0,900.0,15.75,3.373,0.18,2.757,5.52,8.8,1.0,0.0,,,,
203,57.0,1218.0,900.0,9.75,3.77,0.18,3.078,6.08,8.8,1.0,0.0,,,,
203,57.0,1268.0,900.0,8.25,4.077,0.32,3.569,6.32,8.8,1.0,0.0,,,,
204,57.0,1297.0,900.0,7.5,3.987,0.91,3.569,6.18,8.8,1.0,0.0,,,,
204,57.0,1328.0,900.0,10.5,3.629,0.6,4.218,6.25,10.0,1.0,0.0,,,,
205,57.0,1377.0,900.0,11.25,3.994,0.62,4.218,6.79,10.0,1.0,0.0,,,,
205,57.0,1452.0,900.0,12.0,3.77,0.89,4.218,6.98,10.0,1.0,0.0,,,,
205,57.75,1508.0,900.0,12.75,3.712,0.2,5.194,7.15,11.3,1.0,0.0,,,,
206,57.75,1580.0,900.0,9.0,4.627,0.85,7.953,8.62,11.3,0.0,0.0,,,,
206,57.75,1651.0,900.0,12.0,4.288,0.94,9.093,8.86,11.3,0.0,0.0,,,,
207,57.75,1782.0,900.0,30.0,4.032,0.18,9.093,9.67,12.5,0.0,0.0,,,,
207,57.75,1840.0,900.0,16.5,4.416,0.17,9.248,10.03,13.8,0.0,0.0,,,,
207,57.75,2005.0,2520.0,29.25,4.691,0.95,9.499,10.21,15.0,0.0,9.75,,,,
208,57.75,2188.0,900.0,15.0,3.187,0.99,0.0,3.76,16.3,1.0,0.0,,,,
208,57.75,1870.0,900.0,36.75,1.261,0.17,0.0,3.32,16.3,1.0,0.0,,,,
209,57.75,1497.0,900.0,34.5,1.766,0.16,4.623,3.44,16.3,1.0,0.0,,,,
209,57.75,1367.0,900.0,22.5,4.25,0.18,7.953,7.3,16.3,1.0,0.0,,,,
209,57.75,1270.0,900.0,27.75,4.16,0.74,9.093,6.74,16.3,1.0,0.0,,,,
210,57.75,1318.0,900.0,26.25,4.736,0.21,10.555,7.4,17.5,1.0,0.0,,,,
210,57.75,1245.0,2000.0,30.75,3.674,0.11,11.687,9.67,17.5,-199.53,93.0,,,,
211,57.75,1443.0,1940.0,25.5,5.331,0.11,12.499,9.06,18.8,0.0,93.0,,,,
211,57.75,1437.0,900.0,25.5,5.216,0.27,14.531,9.89,20.0,1.0,0.0,,,,
211,57.75,1562.0,900.0,21.75,7.302,0.21,19.976,14.4,21.3,0.0,0.0,,,,
212,58.5,1677.0,900.0,21.0,6.682,0.2,19.812,13.99,22.5,0.0,0.0,,,,
212,58.5,1812.0,900.0,22.5,6.56,0.17,19.812,14.94,23.8,0.0,0.0,,,,
213,58.5,1924.0,900.0,22.5,7.085,0.19,20.218,15.31,26.3,0.0,0.0,,,,
213,58.5,2075.0,900.0,22.5,7.059,0.93,19.164,15.01,27.5,0.0,0.0,,,,
213,58.5,2194.0,900.0,24.75,6.029,0.98,17.374,13.55,30.0,0.0,0.0,,,,
214,58.5,2298.0,900.0,27.0,5.434,0.96,16.562,13.31,31.3,0.0,0.0,,,,
214,58.5,2395.0,900.0,27.75,5.094,0.2,16.725,13.99,32.5,0.0,0.0,,,,
215,58.5,2474.0,900.0,29.25,4.659,0.18,14.046,12.94,33.8,0.0,0.0,,,,
215,58.5,2556.0,900.0,27.0,6.33,0.18,18.756,18.12,33.8,0.0,0.0,,,,
215,58.5,2648.0,900.0,21.75,5.184,0.19,0.0,13.55,36.3,0.0,0.0,,,,
216,58.5,2677.0,900.0,34.5,3.149,0.17,0.0,10.45,36.3,0.0,0.0,,,,
216,58.5,2695.0,900.0,22.5,2.906,0.2,0.0,9.3,36.3,0.0,0.0,,,,
217,58.5,2684.0,900.0,36.75,2.624,0.74,0.0,8.13,36.3,0.0,0.0,,,,
217,58.5,2481.0,900.0,19.5,2.714,0.93,0.0,6.37,33.8,0.0,0.0,,,,
217,58.5,2198.0,900.0,13.5,2.381,1.03,0.0,3.93,30.0,0.0,0.0,,,,
218,59.25,1972.0,900.0,13.5,1.869,1.04,0.0,3.56,26.3,0.0,0.0,,,,
218,59.25,1817.0,900.0,10.5,1.632,0.93,0.0,3.39,25.0,0.0,0.0,,,,
221,59.25,2204.0,900.0,14.25,10.4,0.99,29.718,30.05,30.0,0.0,0.0,,,,
221,59.25,2385.0,900.0,16.5,9.875,0.99,29.718,33.33,32.5,0.0,0.0,,,,
221,59.25,2585.0,900.0,18.75,9.869,0.19,29.718,39.79,35.0,0.0,0.0,,,,
222,59.25,2805.0,900.0,18.75,10.746,0.18,29.39,38.5,37.5,0.0,0.0,,,,
222,59.25,3025.0,900.0,20.25,10.182,0.89,29.233,32.59,41.3,0.0,0.0,,,,
223,59.25,3042.0,900.0,18.0,0.55,0.93,0.0,2.29,42.5,1.0,0.0,,,,
223,59.25,2584.0,900.0,39.0,1.549,0.15,0.0,5.4,42.5,1.0,0.0,,,,
223,59.25,2235.0,900.0,25.5,6.566,0.95,15.1,14.23,42.5,1.0,0.0,,,,
224,60.0,2069.0,900.0,22.5,7.078,0.93,21.999,16.53,43.8,1.0,0.0,,,,
224,60.0,2141.0,900.0,15.0,10.72,0.77,28.171,30.52,45.0,0.0,0.0,,,,
225,60.0,2215.0,900.0,15.0,9.894,0.98,28.257,27.66,46.3,0.0,0.0,,,,
225,60.0,2283.0,2520.0,15.75,9.299,0.99,27.929,26.22,47.5,0.0,-14.25,,,,
225,60.0,2351.0,900.0,17.25,8.454,0.98,27.358,26.1,50.0,0.0,0.0,,,,
226,60.0,2394.0,900.0,18.75,8.333,0.19,26.304,26.27,50.0,0.0,0.0,,,,
226,60.0,2459.0,900.0,20.25,7.942,0.2,25.171,24.63,52.5,0.0,0.0,,,,
227,60.0,2533.0,900.0,23.25,6.938,0.21,21.999,19.82,53.8,0.0,0.0,,,,
227,60.0,2562.0,900.0,33.75,2.47,0.16,0.0,10.21,53.8,0.0,0.0,,,,
227,60.0,2523.0,900.0,34.5,2.637,0.18,0.0,8.98,53.8,0.0,0.0,,,,
228,60.0,2548.0,900.0,36.0,2.541,0.19,0.0,8.08,53.8,0.0,0.0,,,,
228,60.0,2529.0,900.0,36.75,2.214,0.88,0.0,7.1,52.5,0.0,0.0,,,,
229,60.0,2482.0,900.0,37.5,1.843,0.87,0.0,5.1,52.5,0.0,0.0,,,,
229,60.0,2444.0,900.0,5.25,1.779,0.87,0.0,5.15,51.3,0.0,0.0,,,,
229,60.0,2407.0,2500.0,-13.5,0.0,0.11,0.0,5.15,51.3,0.0,-22.5,,,,
230,60.75,2335.0,900.0,-14.25,0.0,0.13,0.0,5.03,50.0,0.0,0.0,,,,
230,60.75,2216.0,2500.0,-14.25,0.0,0.12,0.0,4.66,46.3,0.0,-7.5,,,,
231,60.75,2078.0,900.0,-14.25,0.0,0.12,0.0,4.17,43.8,0.0,0.0,,,,
231,60.75,1941.0,900.0,-12.75,0.0,0.12,0.0,3.93,41.3,0.0,0.0,,,,
231,60.75,1834.0,900.0,-12.0,0.0,0.12,0.0,3.93,38.8,0.0,0.0,,,,
232,60.75,1738.0,900.0,-12.75,0.0,0.12,0.0,3.93,36.3,0.0,0.0,,,,
232,60.75,1662.0,900.0,-14.25,0.0,0.12,0.0,3.93,35.0,0.0,0.0,,,,
233,60.75,1625.0,900.0,-14.25,0.0,0.12,0.0,3.93,33.8,0.0,0.0,,,,
233,60.75,1592.0,2520.0,-2.25,2.496,0.13,15.991,3.88,33.8,0.0,39.75,,,,
233,61.5,1580.0,900.0,6.75,6.298,0.96,23.867,12.77,32.5,0.0,0.0,,,,
234,61.5,1602.0,900.0,9.0,12.365,1.0,26.632,33.03,33.8,0.0,0.0,,,,
234,61.5,1674.0,900.0,12.75,10.08,0.25,26.554,27.0,35.0,0.0,0.0,,,,
235,61.5,1755.0,900.0,17.25,9.318,0.31,24.678,22.02,36.3,0.0,0.0,,,,
235,61.5,1828.0,900.0,18.0,9.171,0.2,24.523,21.7,38.8,0.0,0.0,,,,
235,61.5,1902.0,900.0,18.75,9.005,0.86,23.709,20.68,40.0,0.0,0.0,,,,
236,61.5,1964.0,900.0,22.5,6.483,0.97,18.836,14.65,41.3,0.0,0.0,,,,
236,61.5,1992.0,900.0,14.25,3.411,0.94,0.0,7.96,42.5,0.0,0.0,,,,
237,61.5,1979.0,2000.0,32.25,2.464,0.11,67.695,371.88,42.5,0.0,93.75,,,,
237,61.5,1976.0,900.0,12.0,2.349,0.2,0.0,6.45,41.3,0.0,0.0,,,,
237,61.5,1976.0,900.0,34.5,2.022,0.19,0.0,5.35,41.3,0.0,0.0,,,,
238,62.25,1951.0,900.0,34.5,2.029,0.18,0.0,5.15,41.3,0.0,0.0,,,,
238,62.25,1919.0,2510.0,20.25,1.824,0.18,0.0,3.93,40.0,0.0,13.5,,,,
238,62.25,1876.0,900.0,5.25,1.626,0.15,0.0,4.0,40.0,0.0,0.0,,,,
239,62.25,1832.0,900.0,-12.0,0.0,0.15,0.0,3.93,38.8,0.0,0.0,,,,
239,62.25,1790.0,900.0,-12.0,0.0,0.13,0.0,3.93,37.5,0.0,0.0,,,,
240,62.25,1742.0,900.0,-13.5,0.0,0.12,0.0,4.0,36.3,0.0,0.0,,,,
240,62.25,1668.0,900.0,-14.25,0.0,0.12,0.0,4.05,35.0,0.0,0.0,,,,
240,62.25,1429.0,900.0,-15.0,0.0,0.12,0.0,4.05,32.5,1.0,0.0,,,,
241,62.25,1136.0,900.0,3.75,4.256,0.12,0.0,4.79,31.3,1.0,0.0,,,,
241,62.25,1143.0,900.0,0.0,3.494,0.93,0.0,4.74,28.8,0.0,0.0,,,,
242,62.25,1088.0,900.0,0.75,3.386,0.94,0.0,3.88,27.5,0.0,0.0,,,,
244,63.0,1321.0,900.0,33.75,2.829,0.18,6.163,9.42,22.5,1.0,0.0,,,,
245,63.0,1730.0,900.0,30.75,3.744,0.94,7.874,8.69,22.5,1.0,0.0,,,,
245,63.0,1683.0,900.0,29.25,4.205,0.82,7.788,8.2,22.5,1.0,0.0,,,,
245,63.0,1713.0,900.0,29.25,4.576,0.87,11.124,10.4,22.5,1.0,0.0,,,,
246,63.0,1760.0,900.0,29.25,4.403,0.19,11.124,9.79,23.8,1.0,0.0,,,,
248,63.75,2405.0,900.0,24.0,6.79,0.28,22.249,19.17,32.5,0.0,0.0,,,,
249,63.75,2548.0,900.0,24.0,7.29,0.18,22.249,21.09,33.8,0.0,0.0,,,,
249,63.75,2840.0,900.0,24.0,8.256,0.17,22.405,23.78,38.8,0.0,0.0,,,,
250,63.75,2966.0,900.0,23.25,8.781,0.39,22.405,24.15,40.0,0.0,0.0,,,,
250,63.75,3173.0,900.0,23.25,8.09,0.91,22.405,23.36,42.5,0.0,0.0,,,,
251,63.75,3322.0,900.0,23.25,7.475,0.81,22.405,23.17,45.0,0.0,0.0,,,,
251,63.75,3433.0,900.0,12.0,4.269,0.93,0.0,13.75,47.5,0.0,0.0,,,,
251,63.75,3186.0,900.0,39.0,1.466,0.19,0.0,6.93,47.5,1.0,0.0,,,,
252,63.75,2763.0,900.0,39.0,1.453,0.15,0.0,6.54,46.3,1.0,0.0,,,,
252,63.75,2240.0,900.0,4.5,5.754,0.86,14.211,13.18,46.3,1.0,0.0,,,,
253,64.5,2247.0,900.0,23.25,7.456,0.98,20.867,16.89,47.5,1.0,0.0,,,,
253,64.5,2312.0,900.0,17.25,8.934,0.89,25.983,25.73,48.8,0.0,0.0,,,,
253,64.5,2390.0,900.0,19.5,8.294,0.2,25.983,25.0,50.0,0.0,0.0,,,,
254,64.5,2461.0,900.0,20.25,8.442,0.21,25.983,25.73,51.3,0.0,0.0,,,,
254,64.5,2516.0,2520.0,21.0,8.608,0.11,14.569,1046.88,52.5,0.0,78.0,,,,
255,64.5,2599.0,900.0,21.0,8.896,0.19,25.983,27.54,55.0,0.0,0.0,,,,
255,64.5,2674.0,900.0,21.75,8.806,0.2,24.117,25.98,56.3,0.0,0.0,,,,
255,64.5,2710.0,900.0,32.25,3.072,0.93,0.0,10.69,57.5,0.0,0.0,,,,
256,64.5,2715.0,900.0,23.25,2.56,0.17,2.593,9.55,57.5,0.0,0.0,,,,
256,64.5,2748.0,900.0,29.25,7.424,0.22,17.539,18.9,57.5,0.0,0.0,,,,
257,64.5,2783.0,900.0,27.0,7.104,0.88,17.702,18.97,58.8,0.0,0.0,,,,
257,64.5,2829.0,900.0,27.0,6.803,0.4,17.374,18.55,60.0,0.0,0.0,,,,
257,64.5,2876.0,900.0,27.0,6.906,0.22,17.374,18.97,61.3,0.0,0.0,,,,
258,64.5,2922.0,900.0,28.5,4.838,0.24,0.0,13.06,61.3,0.0,0.0,,,,
258,65.25,2932.0,900.0,35.25,3.053,0.18,0.0,10.4,61.3,0.0,0.0,,,,
259,65.25,2921.0,900.0,37.5,2.413,0.24,0.0,7.96,61.3,0.0,0.0,,,,
259,65.25,2858.0,900.0,39.75,1.837,0.23,1.375,6.49,61.3,0.0,0.0,,,,
259,65.25,2881.0,900.0,36.75,2.97,0.19,4.546,10.4,61.3,0.0,0.0,,,,
260,65.25,2909.0,900.0,35.25,3.27,0.78,4.866,10.5,60.0,0.0,0.0,,,,
260,65.25,2867.0,900.0,34.5,3.917,0.83,7.633,11.96,61.3,0.0,0.0,,,,
261,65.25,2886.0,900.0,33.75,3.93,0.83,7.788,12.04,61.3,0.0,0.0,,,,
261,65.25,2888.0,900.0,33.75,3.974,0.79,7.788,12.08,61.3,0.0,0.0,,,,
261,65.25,2893.0,900.0,34.5,3.584,0.78,0.0,10.74,61.3,0.0,0.0,,,,
262,65.25,2844.0,900.0,39.0,1.926,0.19,0.0,6.74,61.3,1.0,0.0,,,,
262,65.25,2668.0,900.0,39.0,2.099,0.24,0.0,6.13,60.0,1.0,0.0,,,,
263,65.25,2220.0,900.0,18.0,2.995,0.14,8.359,9.3,60.0,1.0,0.0,,,,
263,66.0,2084.0,900.0,30.75,5.069,1.02,10.796,10.21,60.0,1.0,0.0,,,,
263,66.0,2078.0,900.0,26.25,6.464,1.01,16.234,12.94,60.0,0.0,0.0,,,,
264,66.0,2083.0,900.0,25.5,6.291,1.0,16.89,13.31,60.0,0.0,0.0,,,,
264,66.0,2093.0,900.0,26.25,5.363,0.98,16.234,12.21,60.0,0.0,0.0,,,,
265,66.0,2107.0,900.0,27.0,5.075,0.94,15.914,12.21,60.0,0.0,0.0,,,,
265,66.0,2116.0,900.0,27.0,4.877,0.9,15.914,12.21,61.3,0.0,0.0,,,,
265,66.0,2125.0,900.0,27.75,4.89,0.2,16.077,12.33,61.3,0.0,0.0,,,,
266,66.0,2127.0,900.0,27.75,4.909,0.78,16.234,12.33,61.3,0.0,0.0,,,,
266,66.0,2132.0,900.0,27.0,4.992,0.22,16.234,12.4,61.3,0.0,0.0,,,,
267,66.0,2139.0,900.0,27.0,5.05,0.23,16.234,12.45,61.3,0.0,0.0,,,,
267,66.0,2148.0,900.0,27.0,4.979,0.81,16.234,12.57,61.3,0.0,0.0,,,,
268,66.0,2154.0,900.0,27.0,5.043,0.79,16.077,12.57,61.3,0.0,0.0,,,,
268,66.0,2162.0,900.0,27.0,5.011,0.79,16.077,12.57,62.5,0.0,0.0,,,,
268,66.0,2169.0,2520.0,27.0,5.094,0.11,21.991,728.13,62.5,0.0,93.75,,,,
269,66.75,2177.0,900.0,27.75,5.043,0.22,16.077,12.57,62.5,0.0,-0.75,,,,
269,66.75,2182.0,900.0,27.75,4.998,0.27,15.914,12.45,62.5,0.0,-0.75,,,,
270,66.75,2189.0,900.0,28.5,4.794,0.81,15.1,12.21,62.5,0.0,-0.75,,,,
270,66.75,2189.0,900.0,15.0,3.398,0.21,0.0,8.13,63.8,0.0,0.0,,,,
272,66.75,2156.0,900.0,29.25,4.384,0.26,12.827,10.99,62.5,0.0,0.0,,,,
273,66.75,2166.0,900.0,29.25,4.205,0.82,12.827,10.89,62.5,0.0,0.0,,,,
273,66.75,2168.0,900.0,29.25,4.307,0.36,12.827,10.82,62.5,0.0,0.0,,,,
274,66.75,2173.0,900.0,29.25,4.109,0.54,12.335,10.64,62.5,0.0,0.0,,,,
274,66.75,2179.0,900.0,29.25,4.154,0.8,12.335,10.64,62.5,0.0,0.0,,,,
274,67.5,2178.0,900.0,30.0,4.064,0.23,11.85,10.4,62.5,0.0,0.0,,,,
275,67.5,2179.0,900.0,30.0,3.814,0.82,10.961,9.72,62.5,0.0,0.0,,,,
275,67.5,2179.0,900.0,30.75,3.667,0.35,10.225,9.42,62.5,0.0,0.0,,,,
276,67.5,2175.0,900.0,30.75,3.501,0.71,9.906,9.3,62.5,0.0,0.0,,,,
276,67.5,2173.0,900.0,30.75,3.565,0.84,9.906,9.3,62.5,0.0,0.0,,,,
276,67.5,2173.0,900.0,31.5,3.578,0.2,9.906,9.3,62.5,0.0,0.0,,,,
277,67.5,2161.0,900.0,16.5,2.701,0.22,0.0,7.06,62.5,0.0,0.0,,,,
277,67.5,2160.0,900.0,11.25,2.394,0.19,0.0,6.2,61.3,0.0,0.0,,,,
277,67.5,2135.0,900.0,25.5,2.118,0.76,0.0,5.15,61.3,0.0,0.0,,,,
278,67.5,2109.0,900.0,12.75,1.888,0.94,0.0,4.05,61.3,0.0,0.0,,,,
278,67.5,2086.0,2500.0,1.5,1.542,0.18,0.0,3.32,60.0,0.0,-94.5,,,,
279,67.5,2059.0,900.0,-12.75,0.0,0.16,0.0,3.56,58.8,0.0,0.0,,,,
279,67.5,2029.0,900.0,-13.5,0.0,0.13,0.0,3.93,58.8,0.0,0.0,,,,
280,67.5,1998.0,900.0,-14.25,0.0,0.12,0.0,4.0,57.5,0.0,0.0,,,,
280,67.5,1942.0,900.0,-13.5,0.0,0.12,0.0,4.0,56.3,0.0,0.0,,,,
281,67.5,1915.0,900.0,-12.75,0.0,0.12,0.0,4.0,55.0,0.0,0.0,,,,
281,68.25,1884.0,900.0,-12.75,0.0,0.12,0.0,4.05,53.8,0.0,0.0,,,,
282,68.25,1857.0,900.0,-12.75,0.0,0.12,0.0,4.13,53.8,0.0,0.0,,,,
282,68.25,1829.0,900.0,-12.75,0.0,0.12,0.0,4.05,52.5,0.0,0.0,,,,
282,68.25,1802.0,900.0,-12.75,0.0,0.12,0.0,4.13,51.3,0.0,0.0,,,,
285,68.25,1121.0,900.0,0.0,3.552,0.16,0.0,4.3,41.3,1.0,0.0,,,,
285,68.25,1057.0,900.0,0.75,3.469,0.94,0.0,4.17,38.8,1.0,0.0,,,,
286,68.25,1025.0,900.0,2.25,3.917,0.97,0.0,4.66,36.3,0.0,0.0,,,,
286,68.25,1008.0,900.0,0.75,2.886,0.98,0.0,3.15,32.5,0.0,0.0,,,,
286,68.25,950.0,900.0,12.0,2.899,0.93,0.0,3.56,30.0,0.0,0.0,,,,
287,68.25,905.0,900.0,12.75,3.667,0.21,0.0,7.1,26.3,0.0,0.0,,,,
287,68.25,954.0,900.0,-1.5,3.853,0.86,0.0,4.74,25.0,0.0,0.0,,,,
288,68.25,918.0,900.0,6.75,3.904,0.89,0.0,3.88,23.8,0.0,0.0,,,,
288,68.25,902.0,900.0,-1.5,3.194,0.2,0.0,3.32,21.3,0.0,0.0,,,,
288,68.25,894.0,900.0,7.5,3.117,0.21,0.0,3.44,20.0,0.0,0.0,,,,
289,68.25,928.0,900.0,-0.75,3.872,0.39,0.0,4.79,17.5,0.0,0.0,,,,
289,68.25,931.0,900.0,0.0,3.61,0.9,0.0,3.32,15.0,0.0,0.0,,,,
290,68.25,903.0,900.0,6.0,3.014,0.9,0.0,3.2,13.8,0.0,0.0,,,,
290,68.25,908.0,900.0,-3.0,3.725,0.22,0.0,4.54,11.3,0.0,0.0,,,,
290,68.25,917.0,900.0,-0.75,3.731,0.38,0.0,3.32,8.8,0.0,0.0,,,,
291,68.25,888.0,900.0,9.0,3.213,0.84,0.0,4.37,6.3,0.0,0.0,,,,
291,68.25,902.0,900.0,1.5,3.61,0.18,0.0,4.13,5.0,0.0,0.0,,,,
292,68.25,910.0,900.0,0.0,3.36,0.69,0.0,3.08,3.8,0.0,0.0,,,,
292,68.25,886.0,900.0,15.0,2.797,0.84,0.0,3.32,2.5,0.0,0.0,,,,
292,68.25,885.0,800.0,9.0,2.854,0.19,0.0,3.39,1.3,0.0,0.0,,,,
293,68.25,850.0,800.0,5.25,3.149,0.18,0.0,3.44,0.0,0.0,0.0,,,,
294,69.0,837.0,800.0,13.5,3.168,0.18,0.0,3.44,0.0,0.0,0.0,,,,
294,69.0,817.0,800.0,15.75,3.168,0.17,0.0,3.44,0.0,0.0,0.0,,,,
294,69.0,806.0,800.0,15.0,3.238,0.18,0.0,3.44,0.0,0.0,0.0,,,,
295,69.0,810.0,800.0,5.25,3.258,0.2,0.0,3.44,0.0,0.0,0.0,,,,
295,69.0,806.0,800.0,-0.75,3.328,0.21,0.0,3.44,0.0,0.0,0.0,,,,
296,69.0,810.0,800.0,-1.5,3.52,0.31,0.0,3.44,0.0,0.0,0.0,,,,
296,69.0,809.0,800.0,1.5,3.334,0.83,0.0,3.44,0.0,0.0,0.0,,,,
296,69.0,808.0,800.0,0.0,3.277,0.76,0.0,3.44,0.0,0.0,0.0,,,,
297,69.0,801.0,800.0,6.75,3.373,0.2,0.0,3.39,0.0,0.0,0.0,,,,
297,69.0,805.0,800.0,2.25,3.45,0.23,0.0,3.39,0.0,0.0,0.0,,,,
298,69.0,806.0,800.0,4.5,3.315,0.83,0.0,3.39,0.0,0.0,0.0,,,,
298,69.0,795.0,800.0,9.0,3.309,0.21,0.0,3.39,0.0,0.0,0.0,,,,
299,69.0,810.0,800.0,1.5,3.373,0.22,0.0,3.32,0.0,0.0,0.0,,,,
299,69.0,809.0,800.0,3.75,3.315,0.81,0.0,3.32,0.0,0.0,0.0,,,,
300,69.0,804.0,800.0,5.25,3.238,0.79,0.0,3.32,0.0,0.0,0.0,,,,
300,69.0,798.0,800.0,6.75,3.296,0.21,0.0,3.32,0.0,0.0,0.0,,,,
300,69.0,808.0,800.0,6.0,3.29,0.22,0.0,3.32,0.0,0.0,0.0,,,,
301,69.0,807.0,800.0,6.0,3.245,0.81,0.0,3.32,0.0,0.0,0.0,,,,
301,69.0,799.0,800.0,8.25,3.162,0.82,0.0,3.32,0.0,0.0,0.0,,,,
302,69.0,802.0,800.0,2.25,3.334,0.23,0.0,3.27,0.0,0.0,0.0,,,,
302,69.75,805.0,800.0,-1.5,3.418,0.22,0.0,3.32,0.0,0.0,0.0,,,,
302,69.75,807.0,800.0,5.25,3.277,0.81,0.0,3.27,0.0,0.0,0.0,,,,
303,69.75,799.0,800.0,6.0,3.302,0.83,0.0,3.2,0.0,0.0,0.0,,,,
303,69.75,802.0,800.0,5.25,3.347,0.21,0.0,3.27,0.0,0.0,0.0,,,,
303,69.75,804.0,800.0,3.0,3.398,0.35,0.0,3.27,0.0,0.0,0.0,,,,
304,69.75,805.0,800.0,5.25,3.258,0.86,0.0,3.2,0.0,0.0,0.0,,,,
304,69.75,794.0,800.0,5.25,3.27,0.83,0.0,3.2,0.0,0.0,0.0,,,,
305,69.75,796.0,800.0,9.75,3.232,0.2,0.0,3.2,0.0,0.0,0.0,,,,
305,69.75,799.0,800.0,6.75,3.334,0.22,0.0,3.2,0.0,0.0,0.0,,,,
305,69.75,802.0,800.0,2.25,3.264,0.8,0.0,3.2,0.0,0.0,0.0,,,,
306,69.75,794.0,800.0,7.5,3.142,0.78,0.0,3.2,0.0,0.0,0.0,,,,
306,69.75,793.0,800.0,11.25,3.29,0.2,0.0,3.15,0.0,0.0,0.0,,,,
307,69.75,798.0,800.0,12.0,3.258,0.2,0.0,3.15,0.0,0.0,0.0,,,,
307,69.75,800.0,800.0,9.75,3.219,0.37,0.0,3.15,0.0,0.0,0.0,,,,
307,69.75,808.0,800.0,3.0,3.181,0.87,0.0,3.15,0.0,0.0,0.0,,,,
308,69.75,810.0,800.0,6.75,3.162,0.85,0.0,3.15,0.0,0.0,0.0,,,,
308,69.75,807.0,800.0,6.0,3.11,0.77,0.0,3.15,0.0,0.0,0.0,,,,
309,69.75,795.0,800.0,2.25,3.302,0.21,0.0,3.2,0.0,0.0,0.0,,,,
309,69.75,806.0,800.0,3.75,3.341,0.24,0.0,3.15,0.0,0.0,0.0,,,,
309,69.75,801.0,800.0,4.5,3.238,0.84,0.0,3.2,0.0,0.0,0.0,,,,
310,69.75,794.0,800.0,6.75,3.219,0.35,0.0,3.2,0.0,0.0,0.0,,,,
310,69.75,799.0,800.0,5.25,3.322,0.21,0.0,3.15,0.0,0.0,0.0,,,,
311,70.5,799.0,800.0,5.25,3.296,0.79,0.0,3.2,0.0,0.0,0.0,,,,
311,70.5,812.0,900.0,-2.25,4.73,0.84,0.0,4.25,0.0,1.0,0.0,,,,
311,70.5,878.0,900.0,-1.5,3.974,0.84,0.0,3.52,0.0,1.0,0.0,,,,
312,70.5,904.0,900.0,0.0,3.571,0.94,0.0,3.56,0.0,1.0,0.0,,,,
312,70.5,901.0,900.0,3.0,3.334,0.95,0.0,3.52,0.0,1.0,0.0,,,,
313,70.5,872.0,1000.0,15.75,3.226,0.93,1.46,3.69,0.0,1.0,0.0,,,,
313,70.5,1444.0,1500.0,2.25,5.613,0.94,6.491,9.3,0.0,1.0,0.0,,,,
314,70.5,1623.0,1500.0,8.25,4.685,0.22,6.491,8.86,0.0,1.0,0.0,,,,
314,70.5,1427.0,1500.0,9.0,5.248,0.39,6.491,9.67,2.5,1.0,0.0,,,,
315,70.5,1322.0,1500.0,1.5,6.957,0.79,7.633,12.7,3.8,1.0,0.0,,,,
315,70.5,1296.0,1500.0,-3.75,8.403,0.87,7.633,16.72,6.3,1.0,0.0,,,,
315,70.5,1294.0,1500.0,-5.25,9.491,0.2,7.953,21.09,8.8,1.0,0.0,,,,
316,70.5,1433.0,1500.0,-1.5,7.558,0.6,7.953,15.67,10.0,1.0,0.0,,,,
316,70.5,1671.0,1500.0,9.0,5.216,0.22,7.953,11.79,12.5,1.0,0.0,,,,
317,70.5,1861.0,1500.0,28.5,4.365,0.15,10.225,10.89,13.8,1.0,0.0,,,,
317,70.5,2064.0,1500.0,27.75,5.299,0.87,15.749,12.94,15.0,1.0,0.0,,,,
317,70.5,2319.0,1500.0,27.75,5.178,0.83,16.397,13.31,17.5,0.0,0.0,,,,
318,70.5,2525.0,1500.0,28.5,4.979,0.17,17.374,15.55,18.8,0.0,0.0,,,,
318,70.5,2823.0,1500.0,26.25,6.79,0.15,20.133,20.92,20.0,0.0,0.0,,,,
319,70.5,3197.0,1500.0,25.5,7.789,0.34,17.78,21.09,23.8,0.0,-0.75,,,,
319,70.5,3087.0,2500.0,27.75,1.594,0.88,0.0,6.49,25.0,0.0,30.75,,,,
319,70.5,2804.0,900.0,39.75,1.523,0.15,0.0,6.37,25.0,1.0,0.0,,,,
320,70.5,2494.0,900.0,31.5,3.488,0.17,8.281,11.79,25.0,1.0,0.0,,,,
320,70.5,2280.0,900.0,30.75,4.704,0.94,9.413,10.33,25.0,1.0,0.0,,,,
321,70.5,1957.0,900.0,28.5,5.485,0.55,15.749,13.13,26.3,1.0,0.0,,,,
321,70.5,2016.0,900.0,26.25,5.478,0.25,15.749,12.21,27.5,1.0,0.0,,,,
321,70.5,2096.0,900.0,24.0,6.259,0.86,19.976,14.89,28.8,0.0,0.0,,,,
322,70.5,2204.0,900.0,24.0,6.349,0.79,20.218,14.89,30.0,0.0,0.0,,,,
322,70.5,2316.0,2520.0,25.5,6.016,0.22,19.812,15.06,31.3,0.0,38.25,,,,
322,70.5,2439.0,900.0,26.25,6.08,0.22,19.812,16.28,32.5,0.0,0.0,,,,
325,71.25,3031.0,900.0,36.0,2.97,0.79,0.0,9.89,41.3,0.0,0.0,,,,
326,71.25,2995.0,900.0,37.5,2.355,0.74,0.0,8.25,41.3,0.0,0.0,,,,
326,71.25,2892.0,900.0,39.0,1.997,0.19,0.0,6.45,40.0,0.0,0.0,,,,
327,71.25,2631.0,900.0,12.75,2.01,0.19,0.0,5.47,36.3,0.0,0.0,,,,
327,71.25,2433.0,900.0,-2.25,2.157,0.9,0.0,5.22,33.8,0.0,0.0,,,,
327,71.25,2294.0,900.0,-14.25,0.0,0.83,0.0,4.86,31.3,0.0,0.0,,,,
328,71.25,2166.0,900.0,-9.0,2.502,0.13,8.85,4.17,28.8,0.0,0.0,,,,
329,71.25,1987.0,900.0,4.5,5.76,0.98,15.421,12.08,26.3,0.0,0.0,,,,
329,71.25,2002.0,900.0,27.0,5.85,0.95,16.234,12.65,27.5,0.0,0.0,,,,
329,71.25,2020.0,900.0,27.0,4.666,0.93,2.921,8.98,27.5,0.0,0.0,,,,
330,71.25,2007.0,900.0,31.5,3.104,0.89,7.304,7.47,27.5,0.0,0.0,,,,
330,71.25,1988.0,900.0,30.75,3.731,0.69,11.531,10.03,26.3,0.0,0.0,,,,
331,71.25,1983.0,900.0,29.25,4.205,0.21,12.178,10.28,26.3,0.0,0.0,,,,
331,71.25,1990.0,900.0,29.25,4.352,0.37,12.178,10.33,26.3,0.0,0.0,,,,
331,71.25,1999.0,900.0,30.0,4.218,0.79,11.85,10.21,27.5,0.0,0.0,,,,
332,71.25,2002.0,900.0,30.0,4.288,0.38,11.85,10.08,27.5,0.0,0.0,,,,
332,71.25,2008.0,900.0,30.0,4.045,0.79,12.015,10.03,27.5,0.0,0.0,,,,
333,71.25,2009.0,900.0,30.0,4.154,0.75,12.015,9.96,27.5,0.0,0.0,,,,
333,71.25,2012.0,900.0,30.0,4.083,0.78,12.335,10.13,27.5,0.0,0.0,,,,
333,71.25,2025.0,1940.0,28.5,4.768,0.81,14.531,11.91,27.5,-199.53,93.0,,,,
334,71.25,2047.0,900.0,27.75,4.864,0.67,14.937,11.72,27.5,0.0,0.0,,,,
334,71.25,2061.0,900.0,27.75,4.787,0.38,14.124,11.25,27.5,0.0,0.0,,,,
335,71.25,2091.0,2520.0,28.5,4.429,0.82,13.64,10.99,28.8,0.0,43.5,,,,
335,71.25,2097.0,2520.0,29.25,4.045,0.24,12.499,10.13,28.8,0.0,43.5,,,,
335,71.25,2098.0,900.0,30.0,3.904,0.74,12.499,10.08,28.8,0.0,0.0,,,,
336,71.25,2097.0,2520.0,30.0,3.936,0.08,62.226,1378.13,28.8,0.0,43.5,,,,
336,71.25,2093.0,900.0,29.25,4.07,0.29,12.992,10.4,28.8,0.0,0.0,,,,
336,71.25,2110.0,900.0,27.75,4.704,0.22,14.937,11.6,28.8,0.0,0.0,,,,
337,71.25,2127.0,900.0,28.5,4.582,0.81,14.937,11.6,28.8,0.0,0.0,,,,
337,71.25,2145.0,2520.0,29.25,4.704,0.63,14.937,11.6,28.8,0.0,42.75,,,,
338,71.25,2166.0,900.0,29.25,4.621,0.22,14.937,11.6,28.8,0.0,-0.75,,,,
338,71.25,2183.0,900.0,29.25,4.538,0.8,14.937,11.6,30.0,0.0,-0.75,,,,
338,71.25,2207.0,1940.0,28.5,4.883,0.81,17.046,13.06,30.0,0.0,93.0,,,,
339,71.25,2247.0,900.0,28.5,5.312,0.78,17.78,13.62,30.0,0.0,-0.75,,,,
339,71.25,2285.0,900.0,28.5,5.44,0.74,17.78,13.67,31.3,0.0,-1.5,,,,
340,71.25,2337.0,900.0,28.5,5.402,0.23,17.78,14.11,31.3,0.0,-1.5,,,,
340,71.25,2391.0,900.0,28.5,5.472,0.22,17.78,14.65,32.5,0.0,-1.5,,,,
340,71.25,2452.0,900.0,29.25,5.517,0.21,17.539,14.89,32.5,0.0,-1.5,,,,
341,71.25,2514.0,900.0,29.25,5.485,0.2,16.397,15.01,33.8,0.0,-0.75,,,,
341,71.25,2576.0,900.0,30.0,5.747,0.19,16.397,15.8,35.0,0.0,-1.5,,,,
342,71.25,2659.0,900.0,30.0,6.157,0.22,16.397,16.65,36.3,0.0,-1.5,,,,
342,71.25,2744.0,900.0,30.0,6.17,0.81,16.077,16.97,37.5,0.0,-1.5,,,,
342,71.25,2835.0,900.0,30.0,6.278,0.76,16.077,17.38,38.8,0.0,-1.5,,,,
343,71.25,2905.0,900.0,30.0,6.304,0.8,15.914,17.58,38.8,0.0,-1.5,,,,
343,71.25,2966.0,900.0,20.25,3.725,0.22,0.0,11.67,40.0,0.0,0.0,,,,
344,71.25,2718.0,900.0,39.75,1.747,0.16,0.0,6.25,40.0,1.0,0.0,,,,
344,71.25,2539.0,900.0,39.0,1.952,0.2,0.0,5.4,40.0,1.0,0.0,,,,
344,71.25,2127.0,900.0,7.5,2.394,0.16,0.89,4.49,38.8,1.0,0.0,,,,
345,71.25,1889.0,900.0,33.0,3.328,0.98,6.819,7.71,38.8,1.0,0.0,,,,
345,71.25,1845.0,900.0,32.25,3.674,0.92,8.85,9.59,38.8,1.0,0.0,,,,
346,71.25,1846.0,900.0,30.75,4.518,0.89,10.874,10.45,38.8,1.0,0.0,,,,
346,71.25,1848.0,900.0,30.0,4.448,0.22,11.202,10.4,38.8,0.0,0.0,,,,
346,71.25,1862.0,900.0,29.25,4.621,0.33,11.202,10.28,38.8,0.0,0.0,,,,
347,71.25,1871.0,900.0,30.0,4.333,0.23,10.718,9.55,38.8,0.0,0.0,,,,
347,71.25,1875.0,900.0,30.75,3.885,0.8,10.39,9.3,40.0,0.0,0.0,,,,
348,71.25,1890.0,900.0,30.0,4.909,0.78,13.475,12.33,40.0,0.0,0.0,,,,
348,71.25,1901.0,900.0,28.5,5.702,0.84,14.211,13.48,40.0,0.0,0.0,,,,
348,71.25,1919.0,900.0,29.25,4.314,0.23,11.366,9.67,40.0,0.0,0.0,,,,
349,71.25,1948.0,900.0,30.75,3.949,0.83,10.225,9.3,41.3,0.0,0.0,,,,
349,71.25,1965.0,900.0,29.25,4.474,0.84,12.335,10.74,41.3,0.0,0.0,,,,
349,71.25,1999.0,900.0,27.0,5.082,0.83,15.421,12.33,42.5,0.0,0.0,,,,
352,72.0,2304.0,900.0,24.75,5.837,0.82,19.164,15.06,48.8,0.0,0.0,,,,
352,72.0,2347.0,900.0,30.75,3.526,0.21,4.866,8.98,50.0,0.0,0.0,,,,
353,72.0,2363.0,900.0,34.5,2.419,0.18,0.0,7.35,50.0,0.0,0.0,,,,
353,72.0,2362.0,900.0,35.25,2.31,0.19,0.0,7.06,50.0,0.0,0.0,,,,
353,72.0,2385.0,900.0,33.75,3.29,0.21,11.038,10.5,50.0,0.0,0.0,,,,
354,72.0,2401.0,900.0,30.75,4.493,0.89,12.663,12.04,50.0,0.0,0.0,,,,
355,72.0,2452.0,900.0,30.0,4.749,0.22,13.96,13.18,51.3,0.0,0.0,,,,
355,72.0,2470.0,900.0,29.25,4.986,0.2,14.289,13.48,52.5,0.0,0.0,,,,
355,72.0,2519.0,900.0,30.0,4.954,0.67,14.289,13.67,52.5,0.0,0.0,,,,
356,72.0,2565.0,900.0,30.75,5.05,0.18,14.124,14.53,53.8,0.0,0.0,,,,
356,72.0,2626.0,900.0,30.0,5.434,0.2,14.124,14.94,55.0,0.0,0.0,,,,
357,72.0,2673.0,900.0,30.0,3.085,0.18,0.0,9.55,56.3,0.0,0.0,,,,
357,72.75,2704.0,900.0,36.75,2.56,0.18,0.0,8.45,57.5,0.0,0.0,,,,
358,72.75,2745.0,900.0,6.0,4.762,0.34,10.39,13.43,58.8,0.0,0.0,,,,
358,72.75,2799.0,900.0,33.0,4.787,0.28,11.124,13.43,58.8,0.0,0.0,,,,
359,72.75,2847.0,900.0,31.5,5.248,0.81,12.663,14.89,60.0,0.0,0.0,,,,
359,72.75,2893.0,900.0,31.5,5.21,0.21,12.421,14.84,61.3,0.0,0.0,,,,
359,72.75,2941.0,900.0,26.25,3.213,0.18,0.0,10.45,62.5,0.0,0.0,,,,
360,72.75,2973.0,900.0,36.75,2.566,0.22,0.0,8.45,62.5,0.0,0.0,,,,
360,72.75,2969.0,900.0,39.0,1.933,0.27,0.0,6.69,62.5,0.0,0.0,,,,
361,72.75,3000.0,900.0,-1.5,2.029,0.18,0.0,6.79,63.8,0.0,0.0,,,,
361,72.75,2979.0,900.0,-12.0,0.0,0.12,0.0,7.1,62.5,0.0,0.0,,,,
361,72.75,2965.0,2500.0,-12.0,0.0,0.12,0.0,7.1,62.5,0.0,30.75,,,,
362,72.75,2958.0,900.0,-10.5,0.0,0.12,1.944,7.1,62.5,0.0,0.0,,,,
362,72.75,2962.0,900.0,39.0,2.33,0.74,8.116,8.98,62.5,0.0,0.0,,,,
363,72.75,2953.0,900.0,11.25,4.474,0.82,10.062,13.43,62.5,0.0,0.0,,,,
363,72.75,2980.0,900.0,24.75,3.213,0.29,0.0,10.89,62.5,0.0,0.0,,,,
363,72.75,2993.0,900.0,37.5,2.528,0.21,0.0,8.69,63.8,0.0,0.0,,,,
364,72.75,2956.0,900.0,39.0,1.914,0.23,0.0,7.06,63.8,0.0,0.0,,,,
364,72.75,2973.0,900.0,5.25,2.01,0.17,5.437,7.1,62.5,0.0,0.0,,,,
367,72.75,3000.0,900.0,19.5,1.805,0.2,0.0,7.1,65.0,0.0,0.0,,,,
367,73.5,3002.0,900.0,-11.25,0.0,0.15,0.0,7.15,63.8,0.0,0.0,,,,
367,73.5,2966.0,2520.0,11.25,2.093,0.08,41.523,1409.18,62.5,0.0,30.75,,,,
368,73.5,2970.0,2520.0,10.5,4.838,0.22,11.202,14.65,62.5,0.0,30.75,,,,
368,73.5,3006.0,900.0,32.25,4.806,0.85,11.038,14.28,63.8,0.0,0.0,,,,
368,73.5,3029.0,900.0,33.0,4.365,0.22,9.741,13.43,63.8,0.0,0.0,,,,
369,73.5,3053.0,900.0,33.75,4.243,0.21,9.248,13.06,63.8,0.0,0.0,,,,
369,73.5,3060.0,900.0,33.75,4.134,0.22,9.248,13.06,65.0,0.0,0.0,,,,
370,73.5,3073.0,900.0,17.25,3.014,0.22,0.0,10.21,65.0,1.0,0.0,,,,
370,73.5,2827.0,900.0,39.75,1.677,0.16,0.0,6.79,65.0,1.0,0.0,,,,
370,73.5,2619.0,900.0,39.0,1.888,0.17,0.0,6.2,65.0,1.0,0.0,,,,
371,73.5,2225.0,900.0,36.0,3.11,0.15,7.225,7.96,63.8,1.0,0.0,,,,
371,73.5,2213.0,900.0,31.5,4.333,1.0,7.953,9.11,63.8,1.0,0.0,,,,
372,73.5,2215.0,900.0,30.75,4.902,1.0,11.366,10.28,63.8,0.0,0.0,,,,
372,73.5,2218.0,900.0,30.0,4.698,0.99,12.178,10.4,63.8,0.0,0.0,,,,
372,73.5,2221.0,900.0,30.0,4.454,0.97,12.906,10.57,63.8,0.0,0.0,,,,
373,73.5,2226.0,900.0,30.0,4.474,0.95,13.147,10.94,63.8,0.0,0.0,,,,
373,73.5,2232.0,900.0,30.0,4.262,0.92,12.992,10.89,63.8,0.0,0.0,,,,
374,73.5,2241.0,900.0,30.75,4.07,0.83,12.992,10.89,65.0,0.0,0.0,,,,
374,73.5,2245.0,900.0,30.75,4.147,0.6,12.992,10.89,65.0,0.0,0.0,,,,
374,73.5,2246.0,900.0,32.25,3.514,0.21,8.93,8.86,65.0,0.0,0.0,,,,
375,73.5,2244.0,900.0,17.25,2.618,0.72,0.0,7.23,65.0,0.0,0.0,,,,
375,73.5,2221.0,900.0,12.0,2.259,0.22,0.0,5.47,65.0,0.0,0.0,,,,
376,73.5,2223.0,900.0,24.0,1.933,0.86,0.0,5.15,63.8,0.0,0.0,,,,
376,73.5,2207.0,900.0,12.75,1.574,0.2,0.0,3.93,63.8,0.0,0.0,,,,
377,73.5,2154.0,900.0,-13.5,0.0,0.14,0.0,4.0,62.5,0.0,0.0,,,,
377,73.5,2125.0,900.0,-13.5,0.0,0.12,0.0,4.0,61.3,0.0,0.0,,,,
378,73.5,2101.0,2520.0,-4.5,2.355,0.12,11.772,4.13,60.0,0.0,43.5,,,,
378,73.5,2113.0,900.0,18.0,4.384,0.99,15.991,10.4,60.0,0.0,0.0,,,,
378,73.5,2091.0,900.0,24.0,6.483,0.99,16.234,12.7,60.0,0.0,0.0,,,,
379,73.5,2099.0,900.0,26.25,5.99,0.97,16.234,12.33,60.0,0.0,0.0,,,,
379,73.5,2113.0,900.0,27.0,5.44,0.96,16.234,12.08,61.3,0.0,0.0,,,,
380,73.5,2123.0,900.0,27.75,5.222,0.93,16.562,12.28,61.3,0.0,0.0,,,,
380,73.5,2140.0,900.0,27.75,5.024,0.9,16.562,12.28,61.3,0.0,0.0,,,,
380,73.5,2153.0,900.0,27.0,4.89,0.75,16.725,12.52,62.5,0.0,0.0,,,,
381,73.5,2166.0,900.0,27.0,5.024,0.72,16.725,12.7,62.5,0.0,0.0,,,,
381,73.5,2178.0,900.0,27.75,4.864,0.24,15.749,12.21,62.5,0.0,0.0,,,,
382,73.5,2187.0,900.0,27.75,4.845,0.23,15.749,12.21,62.5,0.0,0.0,,,,
382,73.5,2194.0,900.0,28.5,4.672,0.79,15.586,12.08,62.5,0.0,-0.75,,,,
382,73.5,2204.0,900.0,30.0,3.936,0.81,12.663,10.4,63.8,0.0,0.0,,,,
383,73.5,2207.0,900.0,30.0,4.045,0.28,12.663,10.45,63.8,0.0,0.0,,,,
383,73.5,2213.0,900.0,30.0,3.949,0.23,12.663,10.45,63.8,0.0,0.0,,,,
384,73.5,2212.0,900.0,30.0,3.987,0.81,12.663,10.5,63.8,0.0,0.0,,,,
384,73.5,2214.0,900.0,30.0,4.077,0.49,12.663,10.5,63.8,0.0,0.0,,,,
384,73.5,2221.0,900.0,30.0,3.968,0.22,12.663,10.5,63.8,0.0,0.0,,,,
385,73.5,2223.0,900.0,30.0,3.923,0.81,11.444,10.5,63.8,0.0,0.0,,,,
385,73.5,2228.0,900.0,30.75,3.808,0.82,10.961,10.13,63.8,0.0,0.0,,,,
386,73.5,2232.0,900.0,30.75,3.584,0.22,9.741,9.06,63.8,0.0,0.0,,,,
386,73.5,2230.0,900.0,31.5,3.27,0.27,9.413,9.06,63.8,0.0,0.0,,,,
386,73.5,2226.0,900.0,31.5,3.405,0.65,9.819,9.11,63.8,0.0,0.0,,,,
387,73.5,2231.0,900.0,30.75,3.789,0.74,11.202,10.03,63.8,0.0,0.0,,,,
387,73.5,2233.0,900.0,30.75,3.846,0.75,12.015,10.28,63.8,0.0,0.0,,,,
388,73.5,2238.0,900.0,30.0,3.987,0.37,12.015,10.33,65.0,0.0,0.0,,,,
388,73.5,2241.0,900.0,30.0,3.904,0.22,12.015,10.33,65.0,0.0,0.0,,,,
388,73.5,2243.0,900.0,30.75,3.776,0.39,12.015,10.33,65.0,0.0,0.0,,,,
389,73.5,2245.0,900.0,21.75,2.995,0.77,0.0,7.59,65.0,0.0,0.0,,,,
389,73.5,2236.0,900.0,17.25,2.547,0.21,0.0,6.98,63.8,0.0,0.0,,,,
390,73.5,2224.0,900.0,23.25,2.17,0.23,0.0,5.15,63.8,0.0,0.0,,,,
390,73.5,2202.0,900.0,12.75,1.875,0.61,0.0,4.79,63.8,0.0,0.0,,,,
390,73.5,2187.0,900.0,6.75,1.568,0.21,0.0,3.56,62.5,0.0,0.0,,,,
391,73.5,2167.0,900.0,-12.75,1.926,0.17,0.0,3.69,62.5,0.0,0.0,,,,
391,73.5,2142.0,900.0,-13.5,0.0,0.14,0.647,4.17,61.3,0.0,0.0,,,,
392,73.5,2109.0,900.0,8.25,2.534,0.2,8.687,5.1,60.0,0.0,0.0,,,,
392,73.5,2118.0,900.0,17.25,4.474,0.99,10.961,10.21,60.0,0.0,0.0,,,,
392,73.5,2091.0,900.0,19.5,4.96,0.99,11.687,10.28,60.0,0.0,0.0,,,,
393,73.5,2097.0,900.0,29.25,4.691,0.97,8.93,10.28,60.0,0.0,0.0,,,,
393,73.5,2094.0,900.0,15.75,2.982,0.94,0.0,6.93,60.0,0.0,0.0,,,,
394,73.5,2089.0,2500.0,21.0,2.445,0.92,0.0,5.71,60.0,0.0,43.5,,,,
394,73.5,1782.0,2520.0,-5.25,14.406,0.08,11.835,290.63,60.0,0.0,51.75,,,,
395,73.5,3032.0,900.0,9.75,1.523,0.93,0.0,5.22,58.8,1.0,0.0,,,,
395,73.5,2576.0,900.0,39.75,1.53,0.14,0.0,5.27,58.8,1.0,0.0,,,,
396,73.5,2698.0,900.0,-9.0,0.0,0.16,0.0,6.37,57.5,1.0,0.0,,,,
396,73.5,2701.0,900.0,-12.75,0.0,0.12,0.0,6.93,57.5,1.0,0.0,,,,
396,73.5,2653.0,900.0,-14.25,0.0,0.12,0.0,6.62,56.3,0.0,0.0,,,,
397,73.5,2567.0,900.0,-15.0,0.0,0.12,0.0,6.25,55.0,0.0,0.0,,,,
397,73.5,2438.0,900.0,-14.25,0.0,0.11,0.0,5.4,51.3,0.0,0.0,,,,
398,73.5,2286.0,900.0,-14.25,0.0,0.11,0.0,5.1,48.8,0.0,0.0,,,,
398,73.5,2221.0,900.0,-14.25,0.0,0.12,0.0,4.79,47.5,0.0,0.0,,,,
398,73.5,2166.0,2500.0,-14.25,0.0,0.11,0.0,4.54,46.3,0.0,42.0,,,,
399,73.5,2111.0,900.0,-14.25,0.0,0.12,0.0,4.3,45.0,0.0,0.0,,,,
399,73.5,2055.0,900.0,-14.25,0.0,0.12,0.0,4.17,43.8,0.0,0.0,,,,
400,73.5,2000.0,900.0,-14.25,0.0,0.12,0.0,4.0,42.5,0.0,0.0,,,,
400,73.5,1962.0,900.0,-14.25,0.0,0.11,0.0,3.93,41.3,0.0,0.0,,,,
400,73.5,1911.0,900.0,-12.75,0.0,0.12,0.0,3.88,40.0,0.0,0.0,,,,
401,73.5,1859.0,900.0,-12.75,0.0,0.12,0.0,3.93,38.8,0.0,0.0,,,,
401,73.5,1818.0,900.0,-12.75,0.0,0.11,0.0,4.0,38.8,0.0,0.0,,,,
402,73.5,1791.0,900.0,15.75,2.445,0.13,14.124,6.79,37.5,0.0,0.0,,,,
402,73.5,1788.0,900.0,1.5,7.206,0.92,18.508,15.67,37.5,0.0,0.0,,,,
402,73.5,1830.0,900.0,21.0,7.802,0.9,20.133,16.16,38.8,0.0,0.0,,,,
403,73.5,1889.0,900.0,22.5,6.867,0.82,20.133,15.38,40.0,0.0,0.0,,,,
403,73.5,1949.0,900.0,23.25,6.771,0.83,19.976,15.01,41.3,0.0,0.0,,,,
404,73.5,1996.0,900.0,25.5,5.811,0.81,18.508,13.62,42.5,0.0,0.0,,,,
404,73.5,2036.0,900.0,25.5,5.798,0.81,18.508,13.62,42.5,0.0,0.0,,,,
404,73.5,2077.0,900.0,24.75,5.709,0.79,18.508,13.67,43.8,0.0,0.0,,,,
405,73.5,2114.0,900.0,25.5,5.696,0.76,18.836,13.87,45.0,0.0,0.0,,,,
405,73.5,2157.0,900.0,25.5,5.498,0.65,18.836,13.92,45.0,0.0,0.0,,,,
406,73.5,2194.0,900.0,25.5,5.6,0.81,18.999,14.28,46.3,0.0,0.0,,,,
406,72.75,2233.0,900.0,24.75,5.926,0.77,19.648,14.89,47.5,0.0,0.0,,,,
406,72.75,2282.0,900.0,24.75,6.227,0.23,20.461,15.75,47.5,0.0,0.0,,,,
407,72.75,2309.0,900.0,24.75,6.029,0.78,20.296,15.75,48.8,0.0,0.0,,,,
407,72.75,2392.0,900.0,23.25,7.405,0.21,23.304,21.34,50.0,0.0,0.0,,,,
408,72.75,2436.0,900.0,21.0,8.819,0.22,25.983,25.37,51.3,0.0,-0.75,,,,
408,72.75,2524.0,900.0,20.25,9.587,0.22,29.718,35.89,52.5,0.0,-0.75,,,,
408,72.75,2593.0,900.0,18.75,10.413,0.22,31.507,43.97,55.0,0.0,-0.75,,,,
409,72.75,2692.0,900.0,18.75,10.451,0.73,31.749,41.48,56.3,0.0,-0.75,,,,
409,72.75,2799.0,900.0,19.5,11.136,0.3,33.124,39.72,58.8,0.0,-0.75,,,,
410,72.75,2902.0,900.0,19.5,11.341,0.73,33.124,39.36,61.3,0.0,-0.75,,,,
410,72.75,3017.0,900.0,20.25,11.091,0.73,33.124,37.89,63.8,0.0,-0.75,,,,
410,72.75,3114.0,2520.0,21.0,10.874,0.77,33.124,37.96,65.0,0.0,30.0,,,,
411,72.75,3217.0,900.0,21.0,10.97,0.45,33.124,37.89,67.5,0.0,-1.5,,,,
411,72.75,3327.0,900.0,21.0,10.861,0.76,33.124,38.13,70.0,0.0,-1.5,,,,
412,72.75,3363.0,900.0,8.25,4.762,0.94,0.0,13.18,72.5,0.0,0.0,,,,
412,72.75,3161.0,900.0,39.75,1.299,0.84,0.0,6.01,72.5,1.0,0.0,,,,
412,72.75,2713.0,900.0,39.75,1.389,0.14,0.0,5.88,71.3,1.0,0.0,,,,
413,72.75,2554.0,900.0,29.25,5.6,0.68,16.234,16.89,71.3,1.0,0.0,,,,
413,72.75,2513.0,900.0,24.75,7.904,0.19,22.492,21.9,71.3,1.0,0.0,,,,
414,72.75,2533.0,900.0,21.0,9.67,0.33,24.358,28.27,72.5,0.0,0.0,,,,
414,72.75,2569.0,1940.0,20.25,9.613,0.47,26.39,29.98,73.8,0.0,93.0,,,,
414,72.75,2618.0,900.0,20.25,9.504,0.8,26.468,30.66,75.0,0.0,0.0,,,,
415,72.75,2657.0,900.0,20.25,9.485,0.81,26.468,30.3,76.3,0.0,0.0,,,,
415,72.75,2699.0,900.0,21.0,9.408,0.77,26.468,29.98,77.5,0.0,0.0,,,,
416,72.75,2733.0,900.0,21.0,9.37,0.68,26.468,29.61,78.8,0.0,0.0,,,,
416,72.75,2800.0,900.0,18.0,10.976,0.83,31.827,42.99,80.0,0.0,0.0,,,,
416,72.75,2838.0,900.0,18.75,10.931,0.75,32.07,41.97,81.3,0.0,0.0,,,,
417,72.75,2884.0,900.0,18.75,10.842,0.81,31.992,41.48,82.5,0.0,0.0,,,,
417,72.75,2937.0,900.0,18.75,10.573,0.65,31.992,40.21,85.0,0.0,0.0,,,,
418,72.75,2985.0,900.0,18.75,10.995,0.68,31.992,38.94,86.3,0.0,0.0,,,,
418,72.75,3033.0,900.0,19.5,10.726,0.78,31.992,38.38,87.5,0.0,0.0,,,,
418,72.75,3057.0,900.0,27.0,4.717,0.93,13.312,14.28,88.8,0.0,0.0,,,,
419,72.75,3064.0,900.0,36.75,2.24,0.16,0.0,9.23,88.8,0.0,0.0,,,,
419,72.75,3040.0,900.0,39.0,1.843,0.17,0.0,6.69,87.5,0.0,0.0,,,,
419,72.75,3022.0,900.0,0.75,1.683,0.16,0.0,6.79,87.5,0.0,0.0,,,,
420,72.75,3001.0,2500.0,-12.0,0.0,0.08,0.0,7.15,86.3,0.0,29.25,,,,
420,72.75,2959.0,900.0,-12.0,0.0,0.12,0.0,7.06,85.0,0.0,0.0,,,,
421,72.75,2930.0,900.0,-10.5,0.0,0.12,0.0,7.06,85.0,0.0,0.0,,,,
421,72.75,2908.0,900.0,-10.5,0.0,0.12,0.0,6.98,83.8,0.0,0.0,,,,
421,72.75,2868.0,900.0,-12.0,0.0,0.12,0.0,6.86,82.5,0.0,0.0,,,,
422,72.75,2840.0,900.0,-11.25,0.0,0.12,0.0,6.79,82.5,0.0,0.0,,,,
422,72.75,2811.0,900.0,-11.25,0.0,0.12,0.0,6.79,81.3,0.0,0.0,,,,
423,72.75,2778.0,900.0,-11.25,0.0,0.12,0.0,6.69,80.0,0.0,0.0,,,,
423,72.75,2742.0,900.0,-12.75,0.0,0.12,0.0,7.23,78.8,0.0,0.0,,,,
423,72.75,2714.0,900.0,-12.75,0.0,0.12,0.0,7.1,78.8,0.0,0.0,,,,
424,72.75,2689.0,900.0,-14.25,0.0,0.12,0.0,7.06,77.5,0.0,0.0,,,,
424,72.75,2658.0,900.0,-14.25,0.0,0.11,0.0,6.93,76.3,0.0,0.0,,,,
425,73.5,2629.0,900.0,-15.0,0.0,0.12,0.0,6.86,76.3,0.0,0.0,,,,
425,73.5,2600.0,900.0,-15.0,0.0,0.12,0.0,6.74,75.0,0.0,0.0,,,,
425,73.5,2582.0,900.0,-15.0,0.0,0.11,0.0,6.69,75.0,0.0,0.0,,,,
426,73.5,2556.0,900.0,3.75,2.061,0.13,7.382,5.47,73.8,0.0,0.0,,,,
426,73.5,2539.0,900.0,30.0,5.312,0.86,14.617,14.77,73.8,0.0,0.0,,,,
427,73.5,2551.0,900.0,27.75,6.682,0.91,15.914,16.28,73.8,0.0,0.0,,,,
427,73.5,2572.0,900.0,28.5,6.067,0.29,15.914,15.92,73.8,0.0,0.0,,,,
427,73.5,2585.0,900.0,28.5,6.163,0.61,15.914,15.92,75.0,0.0,0.0,,,,
428,73.5,2599.0,900.0,28.5,6.17,0.23,15.914,16.04,75.0,0.0,0.0,,,,
428,73.5,2618.0,900.0,28.5,6.189,0.22,16.234,16.24,75.0,0.0,0.0,,,,
429,73.5,2638.0,900.0,27.75,6.368,0.51,15.991,16.53,76.3,0.0,0.0,,,,
429,73.5,2655.0,900.0,28.5,6.33,0.44,15.671,16.41,76.3,0.0,0.0,,,,
429,73.5,2667.0,900.0,28.5,6.08,0.78,15.1,16.11,76.3,0.0,0.0,,,,
430,73.5,2680.0,900.0,32.25,4.403,0.83,9.499,13.06,77.5,0.0,0.0,,,,
430,73.5,2677.0,900.0,35.25,2.918,0.18,0.0,9.42,77.5,0.0,0.0,,,,
431,73.5,2664.0,900.0,37.5,2.413,0.2,0.0,7.76,76.3,0.0,0.0,,,,
431,73.5,2659.0,900.0,36.75,3.27,0.22,13.475,11.25,76.3,0.0,0.0,,,,
431,73.5,2667.0,900.0,27.0,7.622,0.94,17.046,18.04,76.3,0.0,0.0,,,,
432,73.5,2687.0,900.0,27.75,6.509,0.87,16.725,17.09,77.5,0.0,0.0,,,,
432,73.5,2700.0,900.0,27.75,6.502,0.23,16.725,17.14,77.5,0.0,0.0,,,,
433,73.5,2716.0,900.0,28.5,6.304,0.74,15.749,16.41,78.8,0.0,0.0,,,,
433,73.5,2733.0,900.0,33.0,3.814,0.19,5.843,11.18,78.8,0.0,0.0,,,,
433,73.5,2728.0,900.0,36.0,2.803,0.19,0.0,8.98,78.8,0.0,0.0,,,,
434,73.5,2719.0,900.0,37.5,2.355,0.22,0.0,7.59,78.8,0.0,0.0,,,,
434,73.5,2733.0,2000.0,36.75,3.219,0.44,16.913,459.38,77.5,0.0,93.0,,,,
435,73.5,2723.0,900.0,30.0,6.464,0.94,14.289,15.87,77.5,0.0,0.0,,,,
435,73.5,2733.0,900.0,28.5,6.349,0.91,15.265,16.41,78.8,0.0,0.0,,,,
435,73.5,2743.0,900.0,28.5,5.894,0.23,15.015,16.28,78.8,0.0,0.0,,,,
436,73.5,2758.0,900.0,29.25,5.702,0.8,14.211,15.92,80.0,0.0,0.0,,,,
436,73.5,2773.0,900.0,30.0,5.536,0.76,13.803,15.45,80.0,0.0,0.0,,,,
436,73.5,2780.0,900.0,30.75,3.398,0.2,0.0,10.4,80.0,0.0,0.0,,,,
437,73.5,2768.0,900.0,36.75,2.618,0.18,0.0,8.69,80.0,0.0,0.0,,,,
437,73.5,2759.0,900.0,39.0,2.093,0.18,0.0,6.74,80.0,0.0,0.0,,,,
438,73.5,2735.0,900.0,-3.75,1.83,0.16,0.0,6.13,78.8,0.0,0.0,,,,
438,73.5,2679.0,900.0,-12.0,0.0,0.12,0.0,6.49,77.5,0.0,0.0,,,,
439,73.5,2659.0,900.0,-12.0,0.0,0.12,0.0,6.37,76.3,0.0,0.0,,,,
439,73.5,2629.0,900.0,-12.0,0.0,0.12,0.0,6.25,76.3,0.0,0.0,,,,
440,73.5,2599.0,900.0,-12.75,0.0,0.12,0.0,6.13,75.0,0.0,0.0,,,,
440,73.5,2570.0,900.0,-12.75,0.0,0.12,0.0,6.01,73.8,0.0,0.0,,,,
440,73.5,2541.0,900.0,-14.25,0.0,0.11,0.0,5.93,73.8,0.0,0.0,,,,
441,73.5,2510.0,900.0,-14.25,0.0,0.12,0.0,5.88,72.5,0.0,0.0,,,,
441,73.5,2482.0,900.0,-14.25,0.0,0.12,0.0,5.88,71.3,0.0,0.0,,,,
442,73.5,2451.0,900.0,-14.25,0.0,0.11,0.0,5.71,70.0,0.0,0.0,,,,
442,73.5,2427.0,900.0,4.5,2.17,0.15,8.499,5.22,70.0,0.0,0.0,,,,
442,73.5,2429.0,900.0,17.25,3.962,0.95,12.303,11.3,70.0,0.0,0.0,,,,
443,73.5,2417.0,900.0,18.0,6.016,0.98,12.648,13.38,70.0,0.0,0.0,,,,
443,73.5,2425.0,900.0,30.75,4.902,0.96,12.413,12.08,70.0,0.0,0.0,,,,
444,73.5,2435.0,900.0,30.75,4.365,0.9,12.187,11.84,70.0,0.0,0.0,,,,
444,73.5,2441.0,900.0,30.75,4.166,0.22,12.187,11.96,70.0,0.0,0.0,,,,
444,73.5,2443.0,900.0,30.75,4.384,0.73,12.296,12.04,70.0,0.0,0.0,,,,
445,72.75,2451.0,2520.0,31.5,4.326,0.22,11.89,11.96,70.0,0.0,36.0,,,,
445,72.75,2458.0,900.0,31.5,4.186,0.21,11.476,11.96,71.3,0.0,0.0,,,,
446,72.75,2464.0,900.0,31.5,4.045,0.81,10.507,11.47,71.3,0.0,0.0,,,,
446,72.75,2465.0,900.0,32.25,3.917,0.75,10.257,11.25,71.3,0.0,0.0,,,,
446,72.75,2467.0,900.0,32.25,4.064,0.41,10.375,11.35,71.3,0.0,0.0,,,,
447,72.75,2471.0,900.0,32.25,3.936,0.22,9.436,11.11,71.3,0.0,0.0,,,,
447,72.75,2469.0,900.0,32.25,3.853,0.24,9.734,11.06,71.3,0.0,0.0,,,,
448,72.75,2470.0,900.0,32.25,3.962,0.32,9.694,11.06,71.3,0.0,0.0,,,,
448,72.75,2470.0,900.0,32.25,3.789,0.57,9.383,10.99,71.3,0.0,0.0,,,,
448,72.75,2471.0,900.0,32.25,3.821,0.65,9.421,11.06,71.3,0.0,0.0,,,,
449,72.75,2471.0,900.0,24.0,3.814,0.22,0.0,10.89,71.3,0.0,0.0,,,,
449,72.75,2463.0,900.0,34.5,2.79,0.22,9.578,8.33,71.3,0.0,0.0,,,,
449,72.75,2472.0,900.0,25.5,7.45,0.9,26.304,20.56,71.3,0.0,0.0,,,,
450,72.75,2510.0,900.0,14.25,11.04,0.89,43.687,57.91,72.5,0.0,0.0,,,,
450,72.75,2541.0,900.0,15.75,10.131,0.74,43.929,54.93,72.5,0.0,0.0,,,,
451,72.75,2592.0,900.0,16.5,10.349,0.2,44.172,49.39,73.8,0.0,0.0,,,,
451,72.75,2629.0,900.0,17.25,10.637,0.37,44.335,45.02,76.3,0.0,0.0,,,,
452,72.75,2674.0,900.0,18.0,10.547,0.34,44.335,41.19,77.5,0.0,0.0,,,,
452,72.75,2738.0,900.0,18.0,10.349,0.28,44.335,39.97,78.8,0.0,0.0,,,,
452,72.75,2790.0,900.0,18.75,10.944,0.44,44.984,39.97,80.0,0.0,0.0,,,,
453,72.75,2833.0,900.0,18.75,10.797,0.78,44.984,40.01,81.3,0.0,0.0,,,,
453,72.75,2886.0,900.0,18.75,10.726,0.74,44.984,40.14,82.5,0.0,0.0,,,,
454,72.75,2935.0,900.0,18.75,10.938,0.66,44.656,40.09,85.0,0.0,0.0,,,,
454,72.75,2982.0,900.0,18.75,10.816,0.81,44.335,39.72,86.3,0.0,0.0,,,,
455,72.75,3057.0,900.0,18.75,4.378,0.93,0.0,13.13,88.8,0.0,0.0,,,,
455,72.75,3058.0,900.0,36.0,2.458,0.15,0.0,10.28,87.5,0.0,0.0,,,,
455,72.75,3059.0,900.0,35.25,3.366,0.16,16.803,13.87,87.5,0.0,0.0,,,,
456,72.75,3045.0,900.0,25.5,7.565,0.2,19.164,20.85,87.5,0.0,0.0,,,,
456,72.75,3059.0,900.0,27.0,6.374,0.23,17.617,18.04,88.8,0.0,0.0,,,,
457,72.75,3081.0,900.0,27.75,5.082,0.82,3.484,12.21,88.8,0.0,0.0,,,,
457,72.75,3076.0,900.0,32.25,2.912,0.22,2.835,9.67,88.8,0.0,0.0,,,,
457,72.75,3092.0,900.0,33.0,4.8,0.19,17.539,16.04,87.5,0.0,0.0,,,,
458,72.75,3070.0,900.0,26.25,7.296,0.87,18.1,19.82,88.8,0.0,0.0,,,,
458,72.75,3088.0,900.0,27.0,6.24,0.81,17.617,18.48,88.8,0.0,0.0,,,,
459,72.75,3102.0,900.0,27.75,5.946,0.3,16.397,17.33,88.8,0.0,0.0,,,,
459,72.75,3101.0,900.0,21.75,3.142,0.39,0.0,10.4,90.0,0.0,0.0,,,,
459,72.75,3092.0,900.0,36.75,2.483,0.83,0.0,8.33,88.8,0.0,0.0,,,,
460,72.75,3035.0,900.0,18.75,1.754,0.77,0.0,6.86,88.8,0.0,0.0,,,,
460,72.75,3042.0,900.0,-12.0,0.0,0.14,0.0,7.1,87.5,0.0,0.0,,,,
461,72.75,3007.0,2500.0,-12.0,0.0,0.12,0.0,7.06,86.3,0.0,30.0,,,,
461,72.75,2980.0,900.0,0.75,2.227,0.13,10.961,6.98,86.3,0.0,0.0,,,,
461,72.75,2960.0,900.0,9.0,5.338,0.25,14.452,16.85,85.0,0.0,0.0,,,,
462,72.75,2979.0,900.0,28.5,6.278,0.87,15.421,17.38,85.0,0.0,0.0,,,,
462,72.75,2988.0,900.0,28.5,5.92,0.22,15.343,17.14,86.3,0.0,0.0,,,,
463,72.75,2985.0,900.0,20.25,3.258,0.18,0.0,10.89,86.3,0.0,0.0,,,,
463,72.75,2976.0,900.0,36.0,2.816,0.18,0.0,9.67,86.3,0.0,0.0,,,,
463,72.75,2940.0,900.0,39.0,1.811,0.18,0.0,6.93,85.0,0.0,0.0,,,,
464,72.75,2914.0,900.0,-11.25,1.869,0.17,0.0,6.86,83.8,0.0,0.0,,,,
465,72.75,2867.0,900.0,-11.25,0.0,0.12,0.0,6.79,82.5,0.0,0.0,,,,
465,72.75,2834.0,900.0,-11.25,0.0,0.12,0.0,6.74,81.3,0.0,0.0,,,,
465,72.75,2812.0,900.0,-11.25,0.0,0.12,0.0,6.79,81.3,0.0,0.0,,,,
466,73.5,2784.0,900.0,-11.25,0.0,0.12,0.0,6.74,80.0,0.0,0.0,,,,
466,73.5,2754.0,900.0,-11.25,0.0,0.12,0.0,6.69,80.0,0.0,0.0,,,,
467,73.5,2723.0,900.0,-11.25,0.0,0.12,0.0,6.69,78.8,0.0,0.0,,,,
467,73.5,2691.0,900.0,-12.75,0.0,0.12,0.0,6.98,77.5,0.0,0.0,,,,
467,73.5,2659.0,900.0,-14.25,0.0,0.11,0.0,6.93,76.3,0.0,0.0,,,,
468,72.75,2617.0,900.0,-15.0,0.0,0.12,0.0,6.79,75.0,0.0,0.0,,,,
470,72.75,2338.0,900.0,-14.25,0.0,0.12,0.0,5.15,67.5,0.0,0.0,,,,
471,72.75,2286.0,900.0,-14.25,0.0,0.12,0.0,4.98,66.3,0.0,0.0,,,,
471,72.75,2227.0,900.0,-14.25,0.0,0.12,0.0,4.74,63.8,0.0,0.0,,,,
472,72.75,2119.0,900.0,-14.25,0.0,0.11,0.0,4.17,61.3,0.0,0.0,,,,
472,72.75,1995.0,900.0,-14.25,0.0,0.11,0.0,4.0,57.5,0.0,0.0,,,,
472,72.75,1876.0,900.0,-12.75,0.0,0.12,0.0,3.81,53.8,0.0,0.0,,,,
473,72.75,1741.0,900.0,-12.75,0.0,0.12,0.0,3.88,50.0,0.0,0.0,,,,
473,72.75,1602.0,900.0,-14.25,0.0,0.12,0.0,3.88,46.3,1.0,0.0,,,,
474,72.75,1233.0,900.0,18.0,3.13,0.12,0.0,3.81,41.3,1.0,0.0,,,,
474,72.75,1120.0,900.0,2.25,3.258,0.15,0.0,4.13,37.5,1.0,0.0,,,,
475,72.75,976.0,900.0,5.25,3.379,0.93,0.0,4.0,26.3,1.0,0.0,,,,
475,72.75,948.0,900.0,3.0,3.328,0.93,0.0,3.76,21.3,1.0,0.0,,,,
476,72.75,921.0,900.0,5.25,3.277,0.91,0.0,3.69,16.3,1.0,0.0,,,,
476,72.75,907.0,900.0,9.75,3.13,0.88,0.0,3.56,15.0,1.0,0.0,,,,
476,72.75,897.0,900.0,6.75,3.014,0.83,0.0,3.56,13.8,1.0,0.0,,,,
477,72.75,890.0,900.0,6.75,3.13,0.21,0.0,3.56,12.5,1.0,0.0,,,,
477,72.75,908.0,900.0,3.75,3.597,0.2,0.0,4.17,12.5,0.0,0.0,,,,
478,72.75,920.0,900.0,2.25,3.533,0.84,0.0,4.13,12.5,0.0,0.0,,,,
478,72.75,921.0,900.0,3.0,3.424,0.84,0.0,4.13,11.3,0.0,0.0,,,,
478,72.75,914.0,900.0,4.5,3.379,0.24,0.0,4.13,10.0,0.0,0.0,,,,
479,72.75,915.0,900.0,1.5,3.494,0.22,0.0,4.05,8.8,0.0,0.0,,,,
481,72.75,891.0,800.0,5.25,3.034,0.81,0.0,3.27,0.0,0.0,0.0,,,,
482,72.75,855.0,800.0,15.0,2.842,0.22,0.0,3.2,0.0,0.0,0.0,,,,
482,72.75,841.0,800.0,12.0,2.816,0.18,0.0,3.2,0.0,0.0,0.0,,,,
482,72.75,824.0,800.0,13.5,2.88,0.18,0.0,3.27,0.0,0.0,0.0,,,,
485,72.75,819.0,800.0,8.25,3.117,0.64,0.0,3.27,0.0,0.0,0.0,,,,
485,72.75,813.0,800.0,5.25,3.078,0.8,0.0,3.32,0.0,0.0,0.0,,,,
486,72.75,807.0,800.0,6.75,3.174,0.65,0.0,3.32,0.0,0.0,0.0,,,,
486,72.75,802.0,800.0,2.25,3.258,0.24,0.0,3.32,0.0,0.0,0.0,,,,
486,72.75,809.0,800.0,-2.25,3.213,0.77,0.0,3.32,0.0,0.0,0.0,,,,
487,72.75,809.0,800.0,4.5,3.2,0.78,0.0,3.32,0.0,0.0,0.0,,,,
487,72.75,804.0,800.0,9.75,3.174,0.27,0.0,3.32,0.0,0.0,0.0,,,,
488,72.75,807.0,800.0,5.25,3.187,0.31,0.0,3.32,0.0,0.0,0.0,,,,
488,72.75,802.0,800.0,3.75,3.168,0.78,0.0,3.32,0.0,0.0,0.0,,,,
489,73.5,800.0,800.0,6.0,3.232,0.22,0.0,3.32,0.0,0.0,0.0,,,,
489,73.5,806.0,800.0,2.25,3.296,0.22,0.0,3.32,0.0,0.0,0.0,,,,
490,73.5,804.0,800.0,4.5,3.181,0.82,0.0,3.32,0.0,0.0,0.0,,,,
490,73.5,799.0,800.0,9.0,3.187,0.34,0.0,3.32,0.0,0.0,0.0,,,,
490,73.5,797.0,800.0,4.5,3.302,0.22,0.0,3.27,0.0,0.0,0.0,,,,
491,73.5,805.0,800.0,4.5,3.181,0.81,0.0,3.32,0.0,0.0,0.0,,,,
491,73.5,792.0,800.0,5.25,3.168,0.75,0.0,3.27,0.0,0.0,0.0,,,,
492,73.5,799.0,800.0,5.25,3.283,0.22,0.0,3.27,0.0,0.0,0.0,,,,
492,73.5,798.0,800.0,9.75,3.27,0.41,0.0,3.2,0.0,0.0,0.0,,,,
493,73.5,806.0,800.0,5.25,3.091,0.83,0.0,3.2,0.0,0.0,0.0,,,,
493,73.5,804.0,800.0,6.0,3.059,0.24,0.0,3.2,0.0,0.0,0.0,,,,
494,73.5,808.0,800.0,3.0,3.181,0.22,0.0,3.08,0.0,0.0,0.0,,,,
494,73.5,801.0,800.0,7.5,3.194,0.47,0.0,3.15,0.0,0.0,0.0,,,,
495,73.5,800.0,800.0,11.25,3.059,0.35,0.0,3.15,0.0,0.0,0.0,,,,
496,74.25,803.0,2240.0,7.5,3.142,0.47,18.476,815.63,0.0,0.0,93.75,,,,
496,74.25,810.0,800.0,6.75,3.136,0.78,0.0,3.15,0.0,0.0,0.0,,,,
496,74.25,806.0,800.0,6.75,3.078,0.81,0.0,3.08,0.0,0.0,0.0,,,,
497,74.25,808.0,800.0,5.25,3.155,0.21,0.0,3.15,0.0,0.0,0.0,,,,
497,74.25,805.0,800.0,8.25,3.066,0.72,0.0,3.15,0.0,0.0,0.0,,,,
498,74.25,803.0,800.0,12.0,3.13,0.27,0.0,3.15,0.0,0.0,0.0,,,,
498,74.25,804.0,800.0,7.5,3.136,0.25,0.0,3.15,0.0,0.0,0.0,,,,
499,74.25,807.0,800.0,7.5,3.085,0.79,0.0,3.15,0.0,0.0,0.0,,,,
500,74.25,793.0,800.0,18.0,3.027,0.41,0.0,3.2,0.0,0.0,0.0,,,,
500,74.25,809.0,800.0,4.5,3.2,0.25,0.0,3.2,0.0,0.0,0.0,,,,
501,74.25,808.0,800.0,3.75,3.11,0.84,0.0,3.2,0.0,0.0,0.0,,,,
501,74.25,792.0,800.0,13.5,3.085,0.65,0.0,3.2,0.0,0.0,0.0,,,,
502,74.25,801.0,800.0,3.75,3.258,0.22,0.0,3.2,0.0,0.0,0.0,,,,
502,74.25,809.0,800.0,6.0,3.181,0.78,0.0,3.2,0.0,0.0,0.0,,,,
502,75.0,804.0,800.0,6.0,3.155,0.84,0.0,3.2,0.0,0.0,0.0,,,,
503,75.0,803.0,800.0,6.0,3.123,0.55,0.0,3.27,0.0,0.0,0.0,,,,
503,75.0,793.0,800.0,12.0,3.117,0.22,0.0,3.27,0.0,0.0,0.0,,,,
504,75.0,803.0,800.0,6.0,3.162,0.8,0.0,3.32,0.0,0.0,0.0,,,,
504,75.0,806.0,800.0,5.25,3.162,0.83,0.0,3.32,0.0,0.0,0.0,,,,
505,75.0,799.0,800.0,6.75,3.117,0.78,0.0,3.32,0.0,0.0,0.0,,,,
506,75.0,796.0,800.0,4.5,3.29,0.22,0.0,3.32,0.0,0.0,0.0,,,,
506,75.0,801.0,800.0,3.0,3.302,0.8,0.0,3.32,0.0,0.0,0.0,,,,
506,75.0,800.0,800.0,4.5,3.168,0.82,0.0,3.32,0.0,0.0,0.0,,,,
507,75.0,792.0,800.0,9.75,3.117,0.23,0.0,3.39,0.0,0.0,0.0,,,,
507,75.0,796.0,800.0,3.75,3.392,0.21,0.0,3.32,0.0,0.0,0.0,,,,
508,75.0,801.0,800.0,9.0,3.424,0.29,0.0,3.32,0.0,0.0,0.0,,,,
508,75.0,803.0,800.0,5.25,3.251,0.8,0.0,3.32,0.0,0.0,0.0,,,,
508,75.0,797.0,800.0,3.75,3.379,0.79,0.0,3.32,0.0,0.0,0.0,,,,
509,75.0,798.0,800.0,2.25,3.341,0.24,0.0,3.27,0.0,0.0,0.0,,,,
509,75.0,799.0,800.0,0.0,3.322,0.25,0.0,3.2,0.0,0.0,0.0,,,,
509,75.0,797.0,800.0,6.75,3.142,0.8,0.0,3.2,0.0,0.0,0.0,,,,
510,75.0,793.0,800.0,6.75,3.238,0.27,0.0,3.2,0.0,0.0,0.0,,,,
510,75.0,829.0,900.0,0.0,4.0,0.23,0.0,3.81,0.0,1.0,0.0,,,,
511,75.0,893.0,900.0,0.0,3.514,0.92,0.0,3.27,0.0,1.0,0.0,,,,
511,75.0,901.0,1000.0,5.25,3.29,0.94,4.054,4.54,0.0,1.0,0.0,,,,
511,75.0,966.0,1400.0,0.0,6.854,0.92,5.031,10.5,0.0,1.0,0.0,,,,
512,75.0,910.0,1500.0,-14.25,10.266,0.94,4.866,22.61,0.0,1.0,0.0,,,,
512,75.0,901.0,1500.0,-12.0,9.19,0.95,4.054,19.58,2.5,1.0,0.0,,,,
513,75.0,1156.0,1480.0,-7.5,8.595,0.95,3.734,20.56,3.8,1.0,0.0,,,,
513,75.0,1195.0,1330.0,-6.75,8.435,0.94,1.944,20.24,5.0,1.0,0.0,,,,
513,75.0,1186.0,1330.0,-6.0,8.122,0.88,1.944,20.07,7.5,1.0,0.0,,,,
514,75.0,1192.0,1300.0,-9.0,7.328,0.83,1.781,18.24,8.8,1.0,0.0,,,,
514,75.0,1333.0,1330.0,0.0,5.805,0.19,1.944,10.5,8.8,1.0,0.0,,,,
515,75.0,1354.0,1030.0,3.75,3.296,0.18,1.295,5.35,10.0,1.0,0.0,,,,
515,75.0,1364.0,900.0,3.75,2.822,0.16,1.781,5.1,10.0,1.0,0.0,,,,
515,75.0,1303.0,900.0,6.0,2.611,0.16,1.781,5.03,10.0,1.0,0.0,,,,
516,75.0,1201.0,900.0,6.0,2.65,0.16,0.0,4.98,8.8,1.0,0.0,,,,
516,75.0,1038.0,900.0,-1.5,3.251,0.16,0.0,4.98,8.8,1.0,0.0,,,,
517,75.75,952.0,900.0,-5.25,3.706,0.18,0.0,4.54,7.5,1.0,0.0,,,,
517,75.75,921.0,900.0,5.25,3.469,0.54,0.0,3.88,6.3,1.0,0.0,,,,
517,75.75,902.0,900.0,6.75,3.238,0.83,0.0,3.56,3.8,1.0,0.0,,,,
518,75.75,897.0,1000.0,5.25,3.482,0.75,11.609,3.52,3.8,1.0,0.0,,,,
518,75.75,1026.0,1300.0,-10.5,8.006,0.29,15.914,14.09,2.5,1.0,0.0,,,,
519,75.75,1811.0,2530.0,4.5,7.315,0.75,18.35,15.45,2.5,0.0,5.25,,,,
519,75.75,2046.0,1500.0,8.25,4.947,0.91,12.992,11.11,5.0,1.0,0.0,,,,
519,75.75,1604.0,1500.0,10.5,6.093,0.18,12.015,12.21,7.5,1.0,0.0,,,,
520,75.75,1408.0,1500.0,-2.25,7.75,0.87,11.93,14.23,10.0,1.0,0.0,,,,
523,75.75,1062.0,1400.0,-7.5,8.333,0.83,11.366,14.77,3.8,1.0,0.0,,,,
523,75.75,1766.0,1480.0,8.25,4.909,0.88,3.734,10.74,3.8,1.0,0.0,,,,
523,75.75,1974.0,1390.0,9.75,2.893,0.87,2.593,6.93,5.0,1.0,0.0,,,,
524,75.75,1483.0,1120.0,13.5,2.323,0.15,0.0,5.03,5.0,1.0,0.0,,,,
524,75.75,1035.0,1120.0,6.75,3.853,0.17,1.944,6.01,6.3,1.0,0.0,,,,
525,75.75,927.0,2020.0,-29.25,10.099,0.04,14.96,34.38,5.0,0.0,-51.0,,,,
525,75.0,1254.0,1200.0,-6.0,4.006,0.9,0.0,2.78,5.0,1.0,0.0,,,,
525,75.0,1349.0,900.0,1.5,2.4,0.19,0.0,4.05,5.0,1.0,0.0,,,,
526,75.0,1190.0,900.0,17.25,2.362,0.16,0.0,4.25,5.0,1.0,0.0,,,,
526,75.0,1058.0,900.0,11.25,2.733,0.16,0.0,4.17,3.8,1.0,0.0,,,,
527,75.0,973.0,900.0,6.0,2.995,0.17,0.0,3.93,2.5,1.0,0.0,,,,
527,75.0,937.0,900.0,7.5,3.002,0.17,0.0,3.52,0.0,1.0,0.0,,,,
527,75.0,918.0,900.0,10.5,3.072,0.18,0.0,3.44,0.0,1.0,0.0,,,,
528,75.0,909.0,1200.0,7.5,6.81,0.2,12.586,18.97,0.0,1.0,0.0,,,,
528,75.0,1237.0,1500.0,-6.0,11.974,0.95,12.499,24.8,0.0,1.0,0.0,,,,
529,75.0,1472.0,1500.0,-0.75,6.938,0.91,8.444,12.65,1.3,1.0,0.0,,,,
529,75.0,1556.0,1200.0,-3.75,2.861,0.2,0.0,3.32,3.8,1.0,0.0,,,,
529,75.0,1309.0,900.0,27.75,1.779,0.15,0.0,2.66,3.8,1.0,0.0,,,,
530,75.0,1097.0,1300.0,21.75,4.346,0.15,6.328,7.4,2.5,1.0,0.0,,,,
531,75.0,1425.0,1100.0,13.5,2.765,0.18,0.0,3.88,3.8,1.0,0.0,,,,
531,75.0,1290.0,900.0,16.5,1.971,0.16,0.0,2.66,2.5,1.0,0.0,,,,
531,75.0,1129.0,900.0,30.75,2.144,0.16,0.0,3.32,0.0,1.0,0.0,,,,
532,75.0,1027.0,1000.0,9.0,3.072,0.16,8.85,7.47,0.0,1.0,0.0,,,,
532,75.0,1173.0,1400.0,-5.25,9.357,0.89,18.593,18.97,0.0,1.0,0.0,,,,
533,75.0,1696.0,1500.0,2.25,6.24,0.87,15.1,13.62,1.3,1.0,0.0,,,,
533,75.75,1771.0,2540.0,10.5,4.71,0.17,10.718,10.4,2.5,0.0,94.5,,,,
533,75.75,1571.0,1500.0,5.25,5.715,0.91,8.765,10.13,5.0,1.0,0.0,,,,
534,75.75,1509.0,1200.0,7.5,2.586,0.84,0.0,3.52,6.3,1.0,0.0,,,,
534,75.75,1354.0,900.0,9.0,1.965,0.16,0.0,3.08,6.3,1.0,0.0,,,,
535,75.75,1959.0,2520.0,27.75,5.382,0.18,14.124,11.96,6.3,0.0,-73.5,,,,
535,75.75,1894.0,900.0,30.0,3.885,0.68,11.038,9.79,7.5,1.0,0.0,,,,
536,75.75,1589.0,900.0,10.5,5.043,0.77,11.609,8.94,10.0,1.0,0.0,,,,
536,75.75,1593.0,900.0,14.25,5.869,0.88,17.211,11.96,11.3,1.0,0.0,,,,
537,75.75,1865.0,900.0,25.5,5.773,0.17,16.234,13.31,13.8,1.0,0.0,,,,
537,75.75,2136.0,900.0,26.25,5.824,0.9,16.234,12.94,15.0,1.0,0.0,,,,
537,75.75,2454.0,2520.0,24.75,6.445,0.04,21.437,18.9,17.5,0.0,-96.0,,,,
538,75.75,2847.0,900.0,23.25,9.222,0.16,25.171,27.73,20.0,0.0,0.0,,,,
538,75.75,3397.0,900.0,21.75,9.216,0.87,25.983,27.78,25.0,0.0,0.0,,,,
539,75.75,3791.0,900.0,6.0,4.09,0.98,0.0,13.79,28.8,1.0,0.0,,,,
539,75.75,3465.0,900.0,25.5,1.69,0.94,0.0,7.1,28.8,1.0,0.0,,,,
539,75.75,3139.0,900.0,32.25,4.038,0.17,16.397,18.48,28.8,1.0,0.0,,,,
540,75.75,2488.0,900.0,27.75,6.214,0.16,16.234,14.94,30.0,1.0,0.0,,,,
542,76.5,3626.0,2530.0,16.5,12.557,0.94,48.234,51.22,48.8,0.0,85.5,,,,
543,76.5,3865.0,900.0,18.0,10.803,0.28,48.234,42.58,52.5,0.0,0.0,,,,
543,76.5,4104.0,900.0,14.25,8.109,0.21,0.0,24.8,55.0,0.0,0.0,,,,
543,76.5,3739.0,900.0,15.75,1.837,0.95,0.0,7.52,56.3,1.0,0.0,,,,
544,76.5,3194.0,900.0,32.25,4.87,0.89,16.32,17.99,56.3,1.0,0.0,,,,
544,76.5,2722.0,900.0,26.25,9.165,0.24,24.03,26.22,56.3,1.0,0.0,,,,
545,76.5,2780.0,900.0,17.25,12.922,0.78,31.827,48.73,58.8,1.0,0.0,,,,
545,76.5,2852.0,900.0,18.75,11.328,0.88,37.351,43.38,60.0,0.0,0.0,,,,
546,76.5,3069.0,900.0,19.5,11.014,0.23,39.297,40.33,63.8,0.0,0.0,,,,
546,76.5,3171.0,900.0,19.5,11.488,0.29,39.46,42.46,66.3,0.0,0.0,,,,
547,76.5,3235.0,900.0,18.75,11.462,0.74,39.46,43.68,68.8,0.0,0.0,,,,
547,76.5,3336.0,900.0,18.75,11.277,0.48,39.46,45.39,70.0,0.0,0.0,,,,
549,77.25,2648.0,900.0,21.75,9.472,0.17,25.335,30.91,76.3,1.0,0.0,,,,
550,77.25,2681.0,900.0,17.25,11.187,0.87,36.374,52.44,77.5,0.0,0.0,,,,
550,77.25,2721.0,900.0,18.0,10.579,0.3,41.25,43.14,78.8,0.0,0.0,,,,
551,77.25,2750.0,900.0,18.75,10.586,0.22,42.467,42.09,78.8,0.0,0.0,,,,
553,78.0,3026.0,900.0,19.5,10.995,0.29,38.811,41.48,87.5,0.0,0.0,,,,
554,78.0,3071.0,900.0,19.5,11.373,0.69,36.703,42.77,88.8,0.0,0.0,,,,
554,78.0,3066.0,900.0,33.75,2.483,0.88,0.0,10.99,88.8,0.0,0.0,,,,
554,78.0,3051.0,900.0,36.75,2.394,0.16,0.0,9.11,88.8,0.0,0.0,,,,
555,78.75,3051.0,900.0,36.75,2.848,0.16,12.335,12.04,87.5,0.0,0.0,,,,
555,78.75,3053.0,900.0,29.25,5.734,0.2,13.803,16.41,87.5,0.0,0.0,,,,
555,78.75,3041.0,900.0,23.25,3.258,0.19,0.0,10.57,87.5,0.0,0.0,,,,
556,78.75,3031.0,900.0,38.25,2.33,0.74,0.0,7.84,87.5,0.0,0.0,,,,
556,78.75,3003.0,900.0,6.0,1.888,0.18,0.0,6.74,86.3,0.0,0.0,,,,
557,78.75,2967.0,900.0,-11.25,0.0,0.13,0.0,7.1,85.0,0.0,0.0,,,,
557,78.75,2944.0,900.0,-12.0,0.0,0.12,0.0,6.98,85.0,0.0,0.0,,,,
558,78.75,2896.0,900.0,-11.25,0.0,0.12,0.0,6.98,83.8,0.0,0.0,,,,
558,78.75,2867.0,900.0,-11.25,0.0,0.12,0.0,6.86,82.5,0.0,0.0,,,,
558,78.75,2827.0,900.0,-11.25,0.0,0.12,0.0,6.74,81.3,0.0,0.0,,,,
559,78.75,2792.0,900.0,0.75,2.035,0.13,6.0,6.79,81.3,0.0,0.0,,,,
559,78.75,2834.0,900.0,35.25,3.872,0.19,12.882,13.55,80.0,0.0,0.0,,,,
560,78.75,2785.0,900.0,30.0,6.17,0.89,13.507,16.04,80.0,0.0,0.0,,,,
560,78.75,2804.0,900.0,30.75,5.69,0.22,12.999,15.63,81.3,0.0,0.0,,,,
560,78.75,2800.0,900.0,31.5,5.53,0.21,13.445,15.63,80.0,0.0,0.0,,,,
561,78.75,2814.0,900.0,30.75,5.517,0.4,12.609,15.38,81.3,0.0,0.0,,,,
561,78.75,2820.0,900.0,31.5,5.242,0.21,12.148,14.53,81.3,0.0,0.0,,,,
562,78.75,2824.0,900.0,32.25,4.672,0.85,9.248,13.06,81.3,0.0,0.0,,,,
562,78.75,2818.0,900.0,34.5,3.923,0.21,8.46,12.33,81.3,0.0,0.0,,,,
562,78.75,2813.0,900.0,35.25,3.29,0.79,1.999,10.21,81.3,0.0,0.0,,,,
563,78.75,2798.0,900.0,37.5,2.547,0.33,1.999,8.08,81.3,0.0,0.0,,,,
563,78.75,2787.0,900.0,38.25,2.4,0.2,0.0,8.13,80.0,0.0,0.0,,,,
564,78.75,2768.0,900.0,21.75,1.907,0.2,0.0,6.54,80.0,0.0,0.0,,,,
564,78.75,2736.0,900.0,3.75,0.0,0.19,0.0,6.54,78.8,0.0,0.0,,,,
564,78.75,2697.0,900.0,-11.25,0.0,0.12,0.0,6.49,77.5,0.0,0.0,,,,
565,78.75,2670.0,900.0,-11.25,0.0,0.12,0.0,6.45,77.5,0.0,0.0,,,,
565,78.75,2639.0,900.0,-12.0,0.0,0.12,0.0,6.32,76.3,0.0,0.0,,,,
566,78.75,2609.0,900.0,-12.0,0.0,0.12,0.0,6.13,75.0,0.0,0.0,,,,
566,78.75,2578.0,900.0,-12.75,0.0,0.11,0.0,6.01,75.0,0.0,0.0,,,,
566,78.75,2558.0,900.0,-12.75,0.0,0.12,0.0,6.08,73.8,0.0,0.0,,,,
567,78.75,2530.0,900.0,-12.75,0.0,0.11,0.0,5.83,72.5,0.0,0.0,,,,
567,78.75,2500.0,900.0,-12.0,0.0,0.12,0.0,5.52,72.5,0.0,0.0,,,,
570,78.0,2337.0,900.0,-14.25,0.0,0.12,0.0,5.27,67.5,0.0,0.0,,,,
570,78.0,2309.0,900.0,-14.25,0.0,0.11,0.0,5.22,66.3,0.0,0.0,,,,
570,78.0,2285.0,900.0,-4.5,2.432,0.12,1.999,4.66,66.3,0.0,0.0,,,,
571,78.0,2266.0,900.0,36.75,2.618,0.99,3.999,7.06,65.0,0.0,0.0,,,,
571,78.0,2254.0,900.0,21.0,3.885,0.99,5.742,8.94,65.0,0.0,0.0,,,,
572,78.0,2239.0,900.0,31.5,3.718,0.98,6.664,8.69,65.0,0.0,0.0,,,,
572,78.0,2234.0,900.0,31.5,3.629,0.97,7.492,8.98,63.8,0.0,0.0,,,,
572,78.0,2232.0,900.0,30.0,5.28,0.95,17.702,14.23,63.8,0.0,0.0,,,,
573,78.0,2243.0,900.0,25.5,6.381,0.93,20.539,15.38,63.8,0.0,0.0,,,,
573,78.0,2262.0,900.0,20.25,7.866,0.65,25.335,21.83,65.0,0.0,0.0,,,,
574,77.25,2290.0,900.0,19.5,8.384,0.61,25.492,22.07,66.3,0.0,0.0,,,,
574,77.25,2324.0,900.0,20.25,8.358,0.22,25.82,22.85,66.3,0.0,0.0,,,,
574,77.25,2353.0,900.0,18.75,8.755,0.22,26.796,25.17,67.5,0.0,0.0,,,,
575,77.25,2386.0,900.0,19.5,8.8,0.22,27.358,27.42,68.8,0.0,0.0,,,,
576,77.25,2458.0,900.0,18.0,9.408,0.22,29.07,34.3,71.3,0.0,0.0,,,,
576,77.25,2500.0,900.0,18.75,9.395,0.2,29.07,36.18,71.3,0.0,0.0,,,,
577,77.25,2546.0,900.0,18.75,9.843,0.29,29.07,37.72,72.5,0.0,0.0,,,,
577,77.25,2628.0,900.0,18.75,10.029,0.8,29.07,39.53,75.0,0.0,0.0,,,,
578,77.25,2669.0,900.0,18.75,10.086,0.8,29.07,39.65,76.3,0.0,0.0,,,,
578,76.5,2707.0,900.0,19.5,10.131,0.78,29.07,38.82,77.5,0.0,-0.75,,,,
578,76.5,2758.0,900.0,20.25,10.15,0.82,29.07,36.99,78.8,0.0,-0.75,,,,
579,76.5,2801.0,900.0,20.25,10.438,0.25,28.827,35.64,80.0,0.0,-0.75,,,,
579,76.5,2839.0,900.0,21.0,10.131,0.77,28.577,34.13,81.3,0.0,-0.75,,,,
580,76.5,2873.0,900.0,20.25,9.965,0.78,28.421,33.57,82.5,0.0,-0.75,,,,
580,76.5,2916.0,900.0,21.0,9.926,0.81,28.421,33.08,83.8,0.0,-0.75,,,,
580,76.5,2910.0,900.0,33.75,2.445,0.15,0.0,10.64,85.0,0.0,0.0,,,,
581,76.5,2895.0,900.0,36.0,2.253,0.15,0.0,8.94,83.8,0.0,0.0,,,,
581,76.5,2845.0,900.0,39.0,1.581,0.16,0.0,5.1,83.8,0.0,0.0,,,,
582,76.5,2853.0,900.0,-9.75,1.882,0.15,0.0,6.49,82.5,0.0,0.0,,,,
582,76.5,2832.0,900.0,-10.5,0.0,0.13,0.0,6.74,81.3,0.0,0.0,,,,
582,76.5,2800.0,900.0,-10.5,0.0,0.12,0.0,6.69,81.3,0.0,0.0,,,,
583,76.5,2759.0,900.0,-10.5,0.0,0.12,0.0,6.62,80.0,0.0,0.0,,,,
583,76.5,2741.0,900.0,-11.25,0.0,0.12,0.0,6.54,78.8,0.0,0.0,,,,
584,75.75,2710.0,900.0,-11.25,0.0,0.12,0.0,6.49,78.8,0.0,0.0,,,,
584,75.75,2682.0,900.0,-11.25,0.0,0.12,0.0,6.49,77.5,0.0,0.0,,,,
584,75.75,2657.0,900.0,-15.0,0.0,0.12,0.0,6.79,76.3,0.0,0.0,,,,
585,75.75,2620.0,900.0,-14.25,0.0,0.12,0.0,6.74,75.0,0.0,0.0,,,,
585,75.75,2594.0,900.0,-15.0,0.0,0.12,0.0,6.69,75.0,0.0,0.0,,,,
586,75.75,2568.0,900.0,-15.0,0.0,0.12,0.0,6.69,73.8,0.0,0.0,,,,
586,75.75,2542.0,900.0,-15.0,0.0,0.12,0.0,6.45,72.5,0.0,0.0,,,,
586,75.75,2510.0,900.0,-14.25,0.0,0.12,0.0,6.13,72.5,0.0,0.0,,,,
587,75.75,2485.0,900.0,-14.25,0.0,0.12,0.0,6.08,71.3,0.0,0.0,,,,
587,75.75,2455.0,900.0,-14.25,0.0,0.11,0.0,5.88,71.3,0.0,0.0,,,,
588,75.75,2429.0,900.0,-13.5,0.0,0.12,0.0,5.4,70.0,0.0,0.0,,,,
588,75.75,2401.0,900.0,-14.25,0.0,0.12,0.0,5.35,68.8,0.0,0.0,,,,
588,75.75,2370.0,900.0,-14.25,0.0,0.12,0.0,5.35,68.8,0.0,0.0,,,,
589,75.75,2344.0,900.0,-14.25,0.0,0.12,0.0,5.27,67.5,0.0,0.0,,,,
589,75.75,2318.0,900.0,-6.0,2.387,0.12,1.999,4.86,66.3,0.0,0.0,,,,
590,75.0,2295.0,900.0,26.25,2.586,0.98,1.999,6.69,66.3,0.0,0.0,,,,
590,75.0,2278.0,900.0,15.0,3.123,0.98,2.875,7.91,66.3,0.0,0.0,,,,
590,75.0,2269.0,900.0,33.0,3.661,0.98,5.061,8.62,65.0,0.0,0.0,,,,
591,75.0,2264.0,900.0,33.0,3.398,0.97,5.187,8.33,65.0,0.0,0.0,,,,
591,75.0,2258.0,900.0,33.0,3.162,0.95,5.507,8.13,65.0,0.0,0.0,,,,
592,75.0,2249.0,900.0,33.75,2.989,0.92,6.241,7.96,65.0,0.0,0.0,,,,
592,75.0,2240.0,900.0,32.25,3.085,0.86,6.851,8.57,65.0,0.0,0.0,,,,
593,75.0,2237.0,900.0,32.25,3.187,0.8,7.523,8.98,63.8,0.0,0.0,,,,
593,75.0,2231.0,900.0,31.5,3.309,0.74,8.078,9.06,63.8,0.0,0.0,,,,
593,75.0,2223.0,900.0,31.5,3.482,0.22,8.882,9.55,63.8,0.0,0.0,,,,
594,74.25,2221.0,900.0,31.5,3.501,0.8,9.882,9.67,63.8,0.0,0.0,,,,
594,74.25,2224.0,900.0,31.5,3.654,0.43,11.124,10.08,63.8,0.0,0.0,,,,
595,74.25,2232.0,900.0,26.25,5.658,0.86,18.836,14.65,63.8,0.0,0.0,,,,
595,74.25,2250.0,900.0,23.25,7.674,0.33,25.171,19.63,65.0,0.0,0.0,,,,
595,74.25,2278.0,900.0,18.75,8.525,0.21,26.148,23.05,65.0,0.0,0.0,,,,
596,74.25,2309.0,900.0,18.0,8.403,0.76,26.468,23.78,66.3,0.0,0.0,,,,
596,74.25,2350.0,900.0,18.75,8.435,0.76,26.468,24.8,67.5,0.0,0.0,,,,
597,74.25,2377.0,900.0,19.5,8.602,0.69,26.468,25.85,68.8,0.0,0.0,,,,
597,74.25,2402.0,900.0,19.5,8.71,0.23,26.468,26.22,68.8,0.0,0.0,,,,
597,74.25,2433.0,900.0,19.5,8.666,0.54,26.148,26.15,70.0,0.0,0.0,,,,
598,74.25,2465.0,900.0,21.0,8.563,0.7,26.148,26.64,71.3,0.0,-0.75,,,,
598,74.25,2501.0,900.0,21.0,8.986,0.64,26.148,27.37,71.3,0.0,-0.75,,,,
599,74.25,2535.0,900.0,21.75,9.088,0.23,26.148,27.86,72.5,0.0,-0.75,,,,
599,73.5,2575.0,900.0,21.75,9.184,0.25,26.148,28.39,73.8,0.0,-0.75,,,,
599,73.5,2581.0,900.0,19.5,3.456,0.91,0.0,9.79,75.0,0.0,0.0,,,,
600,73.5,2587.0,2500.0,36.0,2.317,0.04,12.616,515.63,75.0,0.0,87.75,,,,
600,73.5,2579.0,900.0,35.25,3.162,0.16,13.312,11.72,73.8,0.0,0.0,,,,
601,73.5,2574.0,900.0,28.5,6.016,0.87,14.452,15.67,73.8,0.0,0.0,,,,
601,73.5,2578.0,900.0,27.75,6.285,0.8,15.914,16.41,73.8,0.0,0.0,,,,
601,73.5,2594.0,900.0,27.75,6.4,0.73,16.562,16.72,75.0,0.0,0.0,,,,
602,73.5,2618.0,900.0,27.0,6.778,0.83,17.374,17.58,75.0,0.0,0.0,,,,
602,73.5,2636.0,900.0,26.25,7.29,0.42,18.35,18.48,76.3,0.0,0.0,,,,
603,73.5,2651.0,900.0,27.0,6.976,0.79,18.35,18.41,76.3,0.0,0.0,,,,
603,73.5,2669.0,900.0,27.0,6.925,0.84,18.35,18.48,76.3,0.0,0.0,,,,
603,73.5,2692.0,900.0,27.0,6.97,0.78,18.35,18.97,77.5,0.0,0.0,,,,
604,73.5,2707.0,900.0,27.0,7.117,0.71,18.187,18.85,77.5,0.0,0.0,,,,
604,73.5,2729.0,900.0,27.0,7.123,0.36,17.702,18.73,78.8,0.0,0.0,,,,
605,73.5,2741.0,900.0,27.0,6.675,0.8,16.725,18.04,78.8,0.0,0.0,,,,
605,73.5,2761.0,900.0,27.75,6.438,0.67,16.725,17.82,78.8,0.0,0.0,,,,
605,73.5,2775.0,900.0,27.0,6.88,0.46,17.859,18.97,80.0,0.0,0.0,,,,
606,73.5,2792.0,900.0,27.0,6.387,0.71,13.147,16.53,80.0,0.0,0.0,,,,
606,73.5,2789.0,900.0,35.25,2.989,0.16,0.0,10.4,80.0,0.0,0.0,,,,
607,73.5,2776.0,900.0,36.75,2.464,0.18,0.0,8.37,80.0,0.0,0.0,,,,
607,73.5,2741.0,900.0,39.75,1.664,0.18,0.0,6.93,80.0,0.0,0.0,,,,
609,73.5,2869.0,900.0,18.75,10.579,0.78,29.554,38.43,82.5,0.0,0.0,,,,
610,73.5,2911.0,900.0,18.75,10.56,0.75,30.367,39.43,83.8,0.0,0.0,,,,
610,73.5,2951.0,900.0,19.5,10.266,0.74,29.554,35.45,85.0,0.0,0.0,,,,
611,73.5,2994.0,900.0,21.0,9.939,0.45,28.742,32.42,86.3,0.0,0.0,,,,
611,73.5,3026.0,900.0,21.0,9.28,0.26,27.358,29.32,86.3,0.0,0.0,,,,
612,73.5,3057.0,900.0,23.25,8.134,0.23,22.405,24.27,87.5,0.0,0.0,,,,
612,73.5,2970.0,900.0,39.0,1.293,0.17,0.0,5.59,87.5,1.0,0.0,,,,
612,73.5,2605.0,900.0,39.0,1.632,0.14,0.0,6.08,87.5,1.0,0.0,,,,
613,73.5,2388.0,900.0,38.25,2.054,0.2,5.109,6.69,86.3,1.0,0.0,,,,
613,72.75,2344.0,900.0,29.25,6.374,0.97,15.265,14.23,86.3,1.0,0.0,,,,
614,72.75,2342.0,900.0,26.25,6.579,0.96,16.89,15.06,86.3,0.0,0.0,,,,
614,72.75,2347.0,900.0,26.25,5.958,0.92,17.702,14.7,86.3,0.0,0.0,,,,
614,72.75,2350.0,900.0,27.0,5.766,0.87,17.702,14.72,87.5,0.0,0.0,,,,
615,72.75,2357.0,900.0,27.75,4.864,0.8,12.586,13.01,87.5,0.0,0.0,,,,
615,72.75,2354.0,900.0,30.75,4.109,0.41,12.499,11.43,87.5,0.0,0.0,,,,
616,72.75,2348.0,900.0,30.75,3.718,0.83,2.835,9.11,87.5,0.0,0.0,,,,
616,72.75,2342.0,2500.0,18.75,2.707,0.21,0.0,7.64,86.3,0.0,-93.75,,,,
616,72.75,2324.0,900.0,21.75,2.387,0.82,0.0,6.86,86.3,0.0,0.0,,,,
617,72.75,2299.0,900.0,36.0,1.971,0.86,0.0,5.35,86.3,0.0,0.0,,,,
617,72.75,2293.0,900.0,9.75,1.562,0.35,0.0,3.88,85.0,0.0,0.0,,,,
618,72.75,2272.0,900.0,-12.75,0.0,0.16,0.0,4.25,83.8,0.0,0.0,,,,
620,72.75,2161.0,900.0,25.5,8.838,1.01,22.249,17.46,80.0,0.0,0.0,,,,
621,72.75,2180.0,900.0,18.0,9.19,0.95,25.898,21.95,81.3,0.0,0.0,,,,
621,72.75,2197.0,900.0,18.75,8.621,0.92,25.82,21.9,81.3,0.0,0.0,,,,
622,72.75,2210.0,900.0,21.0,6.221,0.83,13.883,14.65,81.3,0.0,0.0,,,,
622,72.75,2205.0,900.0,10.5,2.816,0.88,0.0,7.3,81.3,0.0,0.0,,,,
623,72.75,2192.0,900.0,18.0,2.445,0.86,0.0,6.74,81.3,0.0,0.0,,,,
623,72.75,2172.0,900.0,35.25,2.042,0.88,0.0,5.22,81.3,0.0,0.0,,,,
623,72.75,2157.0,900.0,14.25,1.696,0.91,0.0,3.32,80.0,0.0,0.0,,,,
624,72.75,2140.0,900.0,-12.75,1.907,0.18,0.0,3.69,78.8,0.0,0.0,,,,
624,72.75,2120.0,900.0,-14.25,0.0,0.14,0.0,4.13,78.8,0.0,0.0,,,,
625,72.75,2101.0,900.0,-14.25,0.0,0.12,0.0,4.13,77.5,0.0,0.0,,,,
625,72.75,2083.0,900.0,-14.25,0.0,0.12,0.0,4.17,77.5,0.0,0.0,,,,
625,72.75,2062.0,900.0,-14.25,0.0,0.12,0.0,4.13,76.3,0.0,0.0,,,,
626,72.75,2036.0,900.0,-14.25,0.0,0.12,0.0,4.13,75.0,0.0,0.0,,,,
626,72.75,2014.0,900.0,-14.25,0.0,0.12,0.0,4.05,75.0,0.0,0.0,,,,
627,72.75,1999.0,900.0,-14.25,2.95,0.11,2.921,4.05,73.8,0.0,0.0,,,,
627,72.75,1983.0,900.0,13.5,2.394,0.34,6.569,4.91,73.8,0.0,0.0,,,,
627,72.75,1953.0,900.0,24.75,1.952,0.98,0.0,3.76,72.5,1.0,0.0,,,,
630,72.75,2479.0,900.0,32.25,4.339,0.95,10.062,11.84,71.3,1.0,0.0,,,,
630,72.75,2476.0,900.0,31.5,4.602,0.94,10.874,12.08,71.3,0.0,0.0,,,,
633,72.75,2605.0,900.0,21.75,8.96,0.26,24.843,26.27,75.0,0.0,0.0,,,,
633,72.75,2639.0,900.0,19.5,10.086,0.82,28.421,35.84,76.3,0.0,0.0,,,,
633,72.75,2685.0,900.0,19.5,9.952,0.79,28.421,35.64,77.5,0.0,0.0,,,,
634,72.75,2726.0,900.0,18.0,10.771,0.71,31.257,40.21,78.8,0.0,0.0,,,,
634,72.75,2764.0,900.0,18.75,10.771,0.35,31.827,40.63,80.0,0.0,0.0,,,,
635,72.75,2798.0,900.0,18.75,10.816,0.23,31.827,40.38,80.0,0.0,0.0,,,,
635,72.75,2851.0,900.0,18.75,10.726,0.8,31.179,40.63,82.5,0.0,0.0,,,,
635,72.75,2879.0,900.0,21.75,7.827,0.81,20.624,22.97,82.5,0.0,0.0,,,,
636,72.75,2873.0,900.0,36.0,2.368,0.15,0.0,9.96,82.5,0.0,0.0,,,,
636,72.75,2869.0,900.0,37.5,2.118,0.16,0.0,8.33,82.5,0.0,0.0,,,,
637,72.75,2836.0,900.0,18.75,1.677,0.15,0.0,6.74,81.3,0.0,0.0,,,,
637,72.75,2805.0,900.0,-10.5,0.0,0.13,0.0,6.79,81.3,0.0,0.0,,,,
637,72.75,2773.0,900.0,-11.25,0.0,0.12,0.0,6.69,80.0,0.0,0.0,,,,
638,72.75,2738.0,900.0,-7.5,2.163,0.12,8.444,6.62,78.8,0.0,0.0,,,,
638,72.75,2726.0,900.0,32.25,5.293,0.21,19.648,15.63,78.8,0.0,0.0,,,,
639,72.75,2727.0,900.0,15.75,9.421,0.92,21.35,24.27,78.8,0.0,0.0,,,,
639,72.75,2754.0,900.0,20.25,10.605,0.86,25.82,31.74,78.8,0.0,0.0,,,,
639,72.0,2788.0,900.0,21.0,9.773,0.25,26.148,29.81,80.0,0.0,0.0,,,,
640,72.0,2819.0,900.0,21.0,9.805,0.22,26.468,29.81,81.3,0.0,0.0,,,,
640,72.0,2847.0,900.0,21.0,9.99,0.61,26.468,29.61,81.3,0.0,0.0,,,,
641,72.0,2899.0,2520.0,21.0,9.523,0.04,64.961,565.63,83.8,0.0,82.5,,,,
641,72.0,2926.0,900.0,21.75,9.344,0.78,26.468,29.2,83.8,0.0,-0.75,,,,
642,72.0,2952.0,900.0,21.75,9.235,0.53,26.468,29.0,85.0,0.0,-0.75,,,,
642,72.0,2977.0,900.0,21.75,9.421,0.43,26.304,28.64,86.3,0.0,-0.75,,,,
643,72.0,2999.0,900.0,22.5,9.28,0.22,26.304,28.39,86.3,0.0,-0.75,,,,
643,72.0,2994.0,900.0,18.0,4.198,0.88,0.0,11.84,86.3,0.0,0.0,,,,
643,72.0,2976.0,900.0,35.25,2.592,0.16,0.0,10.28,86.3,0.0,0.0,,,,
644,72.0,2935.0,900.0,37.5,2.15,0.17,0.484,8.33,85.0,0.0,0.0,,,,
644,72.0,2900.0,900.0,38.25,2.33,0.16,9.906,10.4,83.8,0.0,0.0,,,,
645,72.0,2869.0,900.0,30.75,6.003,0.81,14.124,16.89,82.5,0.0,0.0,,,,
645,72.0,2835.0,900.0,33.75,3.59,0.19,0.0,10.99,81.3,0.0,0.0,,,,
645,72.0,2794.0,900.0,36.75,2.701,0.19,0.0,8.74,81.3,0.0,0.0,,,,
646,72.0,2762.0,900.0,36.0,3.328,0.2,11.444,11.72,80.0,0.0,0.0,,,,
646,72.0,2747.0,900.0,31.5,6.285,0.93,12.827,15.75,78.8,0.0,0.0,,,,
647,72.0,2728.0,900.0,30.75,5.709,0.91,12.499,14.84,78.8,0.0,0.0,,,,
647,72.0,2702.0,900.0,31.5,4.794,0.23,10.147,13.48,77.5,0.0,0.0,,,,
647,72.0,2680.0,900.0,35.25,3.258,0.2,0.0,9.96,77.5,0.0,0.0,,,,
648,72.0,2652.0,900.0,36.75,2.611,0.76,0.0,8.08,76.3,0.0,0.0,,,,
648,72.0,2647.0,900.0,34.5,4.378,0.6,12.421,13.67,76.3,0.0,0.0,,,,
649,72.0,2656.0,900.0,30.75,5.894,0.91,13.147,15.06,76.3,0.0,0.0,,,,
649,72.0,2637.0,900.0,21.75,3.514,0.19,0.0,10.13,76.3,0.0,0.0,,,,
649,72.0,2616.0,900.0,36.0,2.925,0.22,0.0,8.94,75.0,0.0,0.0,,,,
650,72.0,2604.0,2520.0,37.5,2.413,0.78,6.007,7.64,75.0,0.0,87.0,,,,
650,72.0,2591.0,900.0,32.25,6.605,0.85,17.046,16.89,75.0,0.0,0.0,,,,
651,72.0,2598.0,900.0,27.0,7.334,0.92,17.374,17.94,75.0,0.0,0.0,,,,
651,72.0,2613.0,2520.0,27.0,6.554,0.8,17.133,17.46,75.0,0.0,87.0,,,,
651,72.0,2626.0,2520.0,28.5,5.85,0.04,15.421,15.92,75.0,0.0,86.25,,,,
652,72.0,2627.0,2520.0,32.25,3.84,0.77,4.46,10.99,76.3,0.0,86.25,,,,
652,72.0,2630.0,2500.0,36.0,2.784,0.18,0.0,9.11,76.3,0.0,85.5,,,,
653,72.0,2620.0,900.0,36.0,2.912,0.2,12.586,10.28,75.0,0.0,0.0,,,,
653,72.0,2640.0,900.0,27.0,8.506,0.93,18.999,21.22,75.0,0.0,0.0,,,,
654,72.0,2694.0,900.0,27.0,6.861,0.27,16.89,17.7,77.5,0.0,0.0,,,,
654,72.0,2719.0,900.0,27.75,6.336,0.75,15.1,17.14,78.8,0.0,0.0,,,,
655,72.0,2722.0,2500.0,35.25,2.982,0.17,0.0,9.89,78.8,0.0,82.5,,,,
655,72.0,2718.0,900.0,36.75,2.515,0.19,3.648,8.2,78.8,0.0,0.0,,,,
655,72.0,2730.0,2520.0,33.0,6.304,0.64,17.374,17.14,78.8,0.0,82.5,,,,
656,72.0,2752.0,900.0,27.0,7.68,0.93,17.374,18.9,78.8,0.0,0.0,,,,
658,72.75,2847.0,900.0,-10.5,0.0,0.13,0.0,6.79,82.5,0.0,0.0,,,,
659,72.75,2833.0,900.0,-11.25,0.0,0.12,0.0,6.74,81.3,0.0,0.0,,,,
659,72.75,2825.0,900.0,-11.25,0.0,0.11,0.0,6.74,81.3,0.0,0.0,,,,
660,72.75,2808.0,900.0,-11.25,0.0,0.12,0.0,6.74,81.3,0.0,0.0,,,,
660,72.75,2804.0,900.0,-11.25,0.0,0.12,0.0,6.74,81.3,0.0,0.0,,,,
661,72.75,2802.0,900.0,-11.25,0.0,0.12,0.0,6.74,80.0,0.0,0.0,,,,
661,72.75,2801.0,900.0,-12.75,0.0,0.12,0.0,7.35,81.3,0.0,0.0,,,,
661,72.75,2794.0,900.0,-12.75,0.0,0.12,0.0,7.35,80.0,0.0,0.0,,,,
662,72.75,2780.0,900.0,-12.75,0.0,0.12,0.0,7.3,80.0,0.0,0.0,,,,
662,72.75,2754.0,900.0,-12.75,0.0,0.12,0.0,7.23,78.8,0.0,0.0,,,,
663,72.75,2734.0,900.0,-12.75,0.0,0.11,0.0,7.15,78.8,0.0,0.0,,,,
663,72.75,2711.0,900.0,-14.25,0.0,0.12,0.0,7.1,77.5,0.0,0.0,,,,
663,72.75,2682.0,900.0,-14.25,0.0,0.12,0.0,7.06,77.5,0.0,0.0,,,,
664,72.75,2648.0,900.0,-15.0,0.0,0.12,0.0,6.93,76.3,0.0,0.0,,,,
664,72.75,2618.0,900.0,-15.0,0.0,0.11,0.0,6.74,75.0,0.0,0.0,,,,
665,72.75,2593.0,900.0,-15.0,0.0,0.12,0.0,6.69,75.0,0.0,0.0,,,,
665,72.75,2569.0,900.0,-15.0,0.0,0.11,0.0,6.69,73.8,0.0,0.0,,,,
665,72.75,2540.0,900.0,-15.0,0.0,0.11,0.319,6.32,73.8,0.0,0.0,,,,
666,72.75,2536.0,2520.0,33.0,3.226,0.31,14.617,10.64,72.5,0.0,91.5,,,,
666,72.75,2513.0,900.0,14.25,5.28,0.96,0.398,11.84,72.5,0.0,0.0,,,,
667,72.75,2501.0,900.0,21.75,2.925,0.23,0.0,8.57,72.5,0.0,0.0,,,,
667,72.75,2498.0,900.0,35.25,2.458,0.44,0.0,7.59,71.3,0.0,0.0,,,,
667,72.75,2468.0,900.0,19.5,2.31,0.68,0.0,4.86,71.3,0.0,0.0,,,,
668,72.75,2464.0,900.0,21.75,2.208,0.22,9.335,7.91,71.3,0.0,0.0,,,,
668,72.75,2441.0,900.0,3.75,4.858,0.91,9.906,12.33,70.0,0.0,0.0,,,,
669,72.75,2445.0,900.0,31.5,4.237,0.9,9.741,11.47,70.0,0.0,0.0,,,,
669,72.75,2446.0,900.0,32.25,3.718,0.83,7.788,10.33,70.0,0.0,0.0,,,,
670,72.75,2443.0,900.0,33.75,2.995,0.22,5.031,8.98,70.0,0.0,0.0,,,,
670,72.0,2442.0,900.0,33.75,2.982,0.81,5.031,9.06,70.0,0.0,0.0,,,,
670,72.0,2434.0,900.0,32.25,3.987,0.84,9.906,11.43,70.0,0.0,0.0,,,,
671,72.0,2432.0,900.0,30.75,4.326,0.87,11.038,11.91,70.0,0.0,0.0,,,,
671,72.0,2436.0,900.0,30.75,4.173,0.21,11.038,11.72,70.0,0.0,0.0,,,,
671,72.0,2434.0,900.0,31.5,4.166,0.56,10.796,11.67,70.0,0.0,0.0,,,,
672,72.0,2439.0,900.0,31.5,4.198,0.81,10.555,11.6,70.0,0.0,0.0,,,,
672,72.0,2445.0,900.0,31.5,4.102,0.25,10.555,11.55,70.0,0.0,0.0,,,,
673,72.0,2444.0,900.0,31.5,4.032,0.43,10.718,11.6,70.0,0.0,0.0,,,,
673,72.0,2446.0,900.0,31.5,4.09,0.81,10.718,11.67,70.0,0.0,0.0,,,,
674,72.0,2448.0,900.0,31.5,4.083,0.81,10.718,11.67,70.0,0.0,0.0,,,,
674,72.0,2453.0,900.0,31.5,4.198,0.81,10.874,11.79,70.0,0.0,0.0,,,,
674,72.0,2456.0,900.0,31.5,4.16,0.79,10.555,11.79,70.0,0.0,0.0,,,,
675,72.0,2451.0,900.0,24.0,2.861,0.2,0.0,8.5,70.0,0.0,0.0,,,,
675,72.0,2440.0,900.0,32.25,2.534,0.23,0.0,7.47,70.0,0.0,0.0,,,,
675,72.0,2429.0,900.0,30.75,2.362,0.8,4.623,7.3,70.0,0.0,0.0,,,,
678,72.0,2408.0,900.0,33.0,3.296,0.75,7.14,9.59,68.8,0.0,0.0,,,,
678,72.0,2400.0,900.0,33.0,3.309,0.23,7.14,9.55,68.8,0.0,0.0,,,,
679,72.0,2393.0,900.0,33.0,3.219,0.37,7.14,9.47,68.8,0.0,0.0,,,,
679,72.0,2389.0,900.0,33.0,3.226,0.8,7.14,9.47,68.8,0.0,0.0,,,,
680,72.0,2390.0,900.0,33.0,3.213,0.8,7.14,9.42,68.8,0.0,0.0,,,,
680,72.0,2386.0,900.0,33.0,3.354,0.53,7.788,9.55,68.8,0.0,0.0,,,,
680,72.0,2381.0,2520.0,32.25,3.501,0.79,8.116,9.96,68.8,0.0,-95.25,,,,
681,72.0,2379.0,900.0,32.25,3.514,0.41,7.953,9.89,68.8,0.0,0.0,,,,
681,72.0,2376.0,900.0,32.25,3.373,0.64,7.953,9.79,68.8,0.0,0.0,,,,
684,72.0,2357.0,900.0,32.25,3.386,0.73,7.953,9.67,67.5,0.0,0.0,,,,
684,72.0,2358.0,900.0,32.25,3.392,0.79,7.953,9.59,67.5,0.0,0.0,,,,
684,72.0,2349.0,900.0,32.25,3.424,0.79,7.953,9.59,67.5,0.0,0.0,,,,
685,72.0,2350.0,900.0,32.25,3.398,0.79,7.953,9.59,67.5,0.0,0.0,,,,
685,72.0,2348.0,900.0,32.25,3.398,0.81,7.953,9.59,67.5,0.0,0.0,,,,
686,72.0,2347.0,900.0,32.25,4.058,0.96,7.953,9.55,67.5,0.0,0.0,,,,
686,72.0,2342.0,900.0,32.25,3.91,0.97,7.953,9.55,67.5,0.0,0.0,,,,
686,72.0,2340.0,900.0,32.25,3.75,0.96,7.953,9.42,67.5,0.0,0.0,,,,
687,72.0,2339.0,900.0,32.25,3.616,0.95,7.953,9.42,67.5,0.0,0.0,,,,
687,72.0,2335.0,900.0,32.25,3.526,0.94,7.953,9.42,67.5,0.0,0.0,,,,
688,72.0,2332.0,900.0,32.25,3.45,0.91,7.953,9.42,67.5,0.0,0.0,,,,
688,72.0,2332.0,900.0,32.25,3.418,0.87,7.953,9.47,67.5,0.0,0.0,,,,
688,72.0,2327.0,900.0,32.25,3.398,0.87,7.953,9.42,67.5,0.0,0.0,,,,
689,72.0,2327.0,900.0,32.25,3.398,0.87,7.953,9.3,67.5,0.0,0.0,,,,
689,72.0,2323.0,900.0,32.25,3.354,0.87,7.953,9.35,66.3,0.0,0.0,,,,
690,72.0,2321.0,900.0,32.25,3.405,0.87,7.953,9.35,66.3,0.0,0.0,,,,
690,72.0,2318.0,900.0,32.25,4.083,0.97,7.953,9.3,66.3,0.0,0.0,,,,
690,72.0,2314.0,900.0,32.25,3.994,0.98,7.953,9.23,66.3,0.0,0.0,,,,
691,72.0,2312.0,900.0,32.25,3.814,0.98,7.953,9.23,66.3,0.0,0.0,,,,
691,72.0,2310.0,2520.0,32.25,3.686,0.97,7.788,9.11,66.3,0.0,-91.5,,,,
694,72.0,2228.0,900.0,-1.5,2.208,0.15,7.304,4.13,63.8,0.0,0.0,,,,
694,72.0,2213.0,900.0,18.75,3.744,0.98,10.718,9.47,63.8,0.0,0.0,,,,
694,72.0,2204.0,900.0,2.25,6.701,1.0,15.1,13.38,63.8,0.0,0.0,,,,
695,72.0,2211.0,900.0,27.0,6.048,0.99,15.1,12.33,63.8,0.0,0.0,,,,
695,72.0,2221.0,900.0,27.75,5.44,0.97,14.937,12.16,63.8,0.0,0.0,,,,
696,72.0,2232.0,900.0,28.5,4.8,0.95,13.64,11.47,63.8,0.0,0.0,,,,
696,72.0,2239.0,900.0,29.25,4.544,0.93,13.64,11.47,63.8,0.0,0.0,,,,
696,72.0,2246.0,900.0,30.0,4.493,0.89,13.312,11.43,65.0,0.0,0.0,,,,
697,72.0,2254.0,900.0,30.0,4.474,0.89,13.475,11.47,65.0,0.0,0.0,,,,
697,72.0,2257.0,900.0,15.0,3.341,0.84,0.0,7.96,65.0,0.0,0.0,,,,
698,72.0,2068.0,900.0,37.5,1.402,0.21,16.077,3.64,65.0,1.0,0.0,,,,
698,72.0,3037.0,900.0,-7.5,4.077,0.95,0.0,1.07,65.0,1.0,0.0,,,,
698,72.0,3152.0,900.0,39.75,1.766,0.94,0.0,6.98,63.8,1.0,0.0,,,,
699,72.0,2957.0,900.0,-10.5,0.0,0.15,0.0,7.59,63.8,1.0,0.0,,,,
699,72.0,2964.0,900.0,-12.0,0.0,0.12,0.0,7.15,62.5,1.0,0.0,,,,
700,72.0,2937.0,900.0,-12.0,0.0,0.12,0.0,7.1,62.5,1.0,0.0,,,,
702,72.0,2249.0,900.0,-14.25,0.0,0.12,0.0,4.61,47.5,0.0,0.0,,,,
703,72.0,2159.0,900.0,-14.25,0.0,0.11,0.0,4.37,46.3,0.0,0.0,,,,
703,72.0,1990.0,900.0,-14.25,0.0,0.11,0.0,4.0,42.5,0.0,0.0,,,,
704,72.0,1901.0,900.0,-12.75,0.0,0.12,0.0,3.76,40.0,0.0,0.0,,,,
704,72.0,1819.0,900.0,-12.0,0.0,0.12,0.0,3.81,38.8,1.0,0.0,,,,
704,72.0,1440.0,900.0,-8.25,18.618,0.12,81.53,55.05,38.8,1.0,0.0,,,,
705,72.0,2620.0,900.0,14.25,1.754,0.97,0.0,4.42,38.8,1.0,0.0,,,,
705,72.0,2472.0,900.0,38.25,1.837,0.19,0.0,5.22,37.5,1.0,0.0,,,,
706,72.0,2289.0,900.0,18.0,2.118,0.94,0.0,5.03,37.5,1.0,0.0,,,,
706,72.0,2247.0,900.0,-14.25,0.0,0.91,0.0,4.91,36.3,1.0,0.0,,,,
706,72.0,2233.0,900.0,-14.25,0.0,0.12,0.0,4.66,35.0,1.0,0.0,,,,
707,72.0,2526.0,900.0,-9.75,0.0,0.12,0.0,4.98,33.8,1.0,0.0,,,,
707,72.0,2469.0,900.0,36.0,2.618,0.14,6.328,7.84,33.8,0.0,0.0,,,,
708,72.0,2449.0,900.0,33.0,4.083,0.93,6.163,10.64,33.8,0.0,0.0,,,,
708,72.0,2475.0,900.0,32.25,4.16,0.92,7.468,11.18,33.8,0.0,0.0,,,,
708,72.0,2547.0,900.0,31.5,5.037,0.86,11.531,13.67,35.0,0.0,0.0,,,,
709,72.0,2622.0,900.0,31.5,5.952,0.18,17.452,17.99,35.0,0.0,0.0,,,,
709,72.0,2736.0,900.0,27.0,6.944,0.23,17.859,18.6,36.3,0.0,0.0,,,,
710,72.0,2957.0,900.0,24.0,9.088,0.3,21.273,24.27,38.8,0.0,0.0,,,,
710,72.0,3050.0,2520.0,23.25,8.915,0.82,23.218,25.24,41.3,0.0,84.0,,,,
710,72.0,3180.0,900.0,13.5,5.12,0.88,0.0,14.84,43.8,0.0,0.0,,,,
711,72.0,3130.0,900.0,18.0,2.726,0.82,0.0,10.89,43.8,0.0,0.0,,,,
711,72.0,2756.0,900.0,39.0,0.0,0.14,0.0,6.54,38.8,1.0,0.0,,,,
712,72.0,2348.0,900.0,-9.75,2.893,0.12,0.0,4.98,37.5,1.0,0.0,,,,
712,72.0,1976.0,900.0,36.75,1.92,0.95,0.0,3.76,36.3,1.0,0.0,,,,
712,72.0,1801.0,900.0,37.5,1.613,0.95,0.0,3.76,35.0,1.0,0.0,,,,
715,72.0,977.0,900.0,4.5,2.925,0.92,0.0,3.03,15.0,0.0,0.0,,,,
715,72.0,966.0,900.0,4.5,3.277,0.87,0.0,4.13,11.3,0.0,0.0,,,,
716,72.0,930.0,900.0,9.0,3.2,0.82,0.0,4.42,6.3,0.0,0.0,,,,
716,72.0,920.0,900.0,-0.75,3.149,0.81,0.0,3.56,2.5,1.0,0.0,,,,
716,72.0,903.0,900.0,5.25,3.072,0.29,0.0,3.56,0.0,0.0,0.0,,,,
717,72.0,902.0,900.0,7.5,3.2,0.23,0.0,3.56,0.0,1.0,0.0,,,,
717,72.0,899.0,900.0,6.0,3.04,0.78,0.0,3.56,0.0,1.0,0.0,,,,
718,72.0,915.0,1300.0,2.25,6.234,0.21,5.843,10.74,0.0,1.0,0.0,,,,
718,72.0,1197.0,900.0,4.5,2.803,0.87,0.0,3.08,0.0,1.0,0.0,,,,
718,72.0,1137.0,900.0,9.0,2.592,0.16,0.0,3.44,0.0,1.0,0.0,,,,
719,72.0,1196.0,1300.0,21.0,5.408,0.18,10.718,10.45,0.0,1.0,0.0,,,,
719,72.0,1726.0,1500.0,15.0,4.416,0.83,10.718,9.79,0.0,1.0,0.0,,,,
720,72.0,1680.0,1500.0,9.0,5.485,0.76,10.718,10.94,1.3,1.0,0.0,,,,
720,72.0,1595.0,1500.0,6.75,5.574,0.88,10.718,10.89,3.8,1.0,0.0,,,,
720,72.0,1511.0,1500.0,6.0,5.805,0.22,10.718,11.67,6.3,1.0,0.0,,,,
721,72.0,1484.0,1500.0,5.25,6.362,0.57,10.718,11.96,7.5,1.0,0.0,,,,
721,72.0,1504.0,1500.0,4.5,6.163,0.31,10.961,11.67,10.0,1.0,0.0,,,,
722,72.0,1723.0,1500.0,27.0,4.589,0.2,13.475,11.3,12.5,1.0,0.0,,,,
722,72.0,1986.0,1500.0,15.0,6.17,0.2,16.077,13.55,13.8,1.0,0.0,,,,
722,72.0,2325.0,1500.0,24.75,6.643,0.94,20.296,17.33,16.3,0.0,0.0,,,,
723,72.0,2705.0,1500.0,24.75,7.309,0.17,21.593,22.44,20.0,0.0,0.0,,,,
723,72.0,3144.0,1400.0,20.25,6.458,0.21,0.0,16.77,22.5,0.0,0.0,,,,
724,72.0,3025.0,1000.0,39.0,1.408,0.18,0.0,6.37,23.8,1.0,0.0,,,,
724,72.0,2649.0,900.0,39.0,1.664,0.14,0.0,6.13,23.8,1.0,0.0,,,,
724,72.0,2536.0,900.0,31.5,5.312,0.87,13.234,14.28,23.8,1.0,0.0,,,,
725,72.0,2372.0,900.0,27.75,6.112,0.89,14.289,13.75,26.3,1.0,0.0,,,,
725,72.75,2066.0,900.0,26.25,6.054,0.9,18.187,13.67,27.5,1.0,0.0,,,,
725,72.75,2158.0,900.0,25.5,5.722,0.91,18.428,13.87,28.8,1.0,0.0,,,,
726,72.75,2268.0,900.0,25.5,5.805,0.85,19.484,14.97,30.0,0.0,0.0,,,,
726,72.75,2350.0,900.0,26.25,5.805,0.2,19.648,15.75,31.3,0.0,0.0,,,,
727,72.75,2473.0,900.0,26.25,5.901,0.18,19.648,16.77,33.8,0.0,0.0,,,,
727,72.75,2589.0,900.0,27.0,6.214,0.17,19.484,18.36,35.0,0.0,0.0,,,,
727,72.75,2708.0,900.0,26.25,6.56,0.17,18.671,19.58,36.3,0.0,0.0,,,,
728,72.75,2828.0,900.0,30.75,4.749,0.17,12.178,14.6,37.5,0.0,0.0,,,,
728,72.75,2861.0,900.0,33.0,3.475,0.17,0.0,11.43,38.8,0.0,0.0,,,,
729,72.75,2895.0,900.0,36.0,2.726,0.17,0.0,9.55,38.8,0.0,0.0,,,,
729,72.75,2903.0,900.0,38.25,2.24,0.18,0.0,8.08,40.0,0.0,0.0,,,,
729,72.75,2851.0,900.0,39.0,1.856,0.17,0.0,6.45,38.8,0.0,0.0,,,,
730,72.75,2832.0,900.0,20.25,1.798,0.17,0.0,6.54,38.8,0.0,0.0,,,,
730,72.75,2789.0,900.0,0.75,1.862,0.16,0.0,6.45,37.5,0.0,0.0,,,,
731,72.75,2729.0,900.0,-10.5,0.0,0.14,0.0,6.49,37.5,0.0,0.0,,,,
731,72.75,2584.0,900.0,-14.25,0.0,0.12,0.0,5.83,35.0,0.0,0.0,,,,
731,72.75,2400.0,900.0,-14.25,0.0,0.11,0.0,5.15,32.5,0.0,0.0,,,,
732,72.75,2235.0,900.0,-14.25,0.0,0.12,0.0,4.49,30.0,0.0,0.0,,,,
732,72.75,2069.0,900.0,-14.25,0.0,0.12,0.0,4.05,28.8,0.0,0.0,,,,
733,72.75,1909.0,900.0,-12.75,0.0,0.12,0.0,3.76,26.3,0.0,0.0,,,,
733,72.75,1819.0,900.0,-11.25,0.0,0.12,0.0,3.76,25.0,0.0,0.0,,,,
733,72.75,1749.0,900.0,-12.75,0.0,0.12,0.0,3.81,23.8,0.0,0.0,,,,
734,72.75,1681.0,900.0,4.5,2.15,0.13,11.444,3.81,22.5,0.0,0.0,,,,
734,72.75,1665.0,900.0,15.0,3.475,0.88,14.617,7.96,21.3,0.0,0.0,,,,
735,72.75,1683.0,900.0,15.75,5.99,0.96,15.1,11.84,22.5,0.0,0.0,,,,
735,73.5,1771.0,900.0,23.25,6.56,0.88,17.374,13.79,23.8,0.0,0.0,,,,
735,73.5,1887.0,900.0,23.25,7.194,0.35,19.648,15.55,25.0,0.0,0.0,,,,
736,73.5,2057.0,900.0,19.5,8.614,0.9,23.381,18.97,27.5,0.0,0.0,,,,
736,73.5,2163.0,900.0,21.0,7.68,0.91,23.218,18.12,28.8,0.0,0.0,,,,
737,73.5,2304.0,900.0,22.5,7.405,0.89,23.381,19.17,31.3,0.0,0.0,,,,
737,73.5,2450.0,900.0,24.75,5.843,0.19,16.968,15.55,32.5,0.0,0.0,,,,
737,73.5,2507.0,900.0,32.25,2.726,0.17,0.0,9.18,33.8,0.0,0.0,,,,
738,73.5,2526.0,900.0,36.0,2.272,0.16,0.0,8.33,33.8,0.0,0.0,,,,
738,73.5,2486.0,900.0,13.5,2.349,0.17,0.0,7.4,33.8,0.0,0.0,,,,
739,73.5,2512.0,900.0,36.75,2.118,0.19,0.0,6.93,33.8,0.0,0.0,,,,
739,73.5,2421.0,900.0,38.25,1.76,0.88,0.0,4.91,32.5,0.0,0.0,,,,
739,73.5,2378.0,900.0,14.25,1.779,0.8,0.0,4.98,32.5,0.0,0.0,,,,
740,73.5,2305.0,900.0,-0.75,1.888,0.19,0.0,4.91,31.3,0.0,0.0,,,,
740,73.5,2246.0,900.0,-8.25,1.933,0.8,0.0,4.74,30.0,0.0,0.0,,,,
741,73.5,2185.0,900.0,-14.25,0.0,0.18,0.0,4.37,30.0,0.0,0.0,,,,
741,73.5,2088.0,900.0,-14.25,0.0,0.12,0.0,4.17,28.8,0.0,0.0,,,,
741,73.5,2024.0,900.0,-14.25,0.0,0.12,0.0,4.0,27.5,0.0,0.0,,,,
742,73.5,1929.0,900.0,-12.75,0.0,0.12,0.0,3.81,26.3,0.0,0.0,,,,
742,73.5,1870.0,900.0,-12.75,0.0,0.12,0.0,3.81,25.0,0.0,0.0,,,,
743,73.5,1784.0,900.0,-12.0,0.0,0.11,0.0,3.88,23.8,0.0,0.0,,,,
743,73.5,1729.0,900.0,-13.5,0.0,0.12,0.0,3.88,23.8,0.0,0.0,,,,
743,74.25,1628.0,900.0,-14.25,0.0,0.12,0.0,3.88,22.5,0.0,0.0,,,,
744,74.25,1538.0,900.0,-15.0,0.0,0.12,0.0,3.88,20.0,1.0,0.0,,,,
744,74.25,1158.0,900.0,21.0,3.603,0.12,0.0,7.71,17.5,1.0,0.0,,,,
745,74.25,1158.0,900.0,0.0,3.168,0.17,0.0,4.17,16.3,1.0,0.0,,,,
745,74.25,1082.0,900.0,1.5,3.43,0.92,0.0,4.74,15.0,0.0,0.0,,,,
745,74.25,1043.0,900.0,-1.5,3.418,0.94,0.0,4.13,13.8,0.0,0.0,,,,
746,74.25,1062.0,900.0,30.75,3.334,0.94,21.515,7.47,13.8,0.0,0.0,,,,
746,74.25,1483.0,900.0,-1.5,15.629,0.56,56.194,44.21,12.5,0.0,0.0,,,,
746,74.25,3154.0,900.0,6.0,1.85,0.95,0.0,2.95,12.5,0.0,0.0,,,,
747,74.25,2800.0,2500.0,39.75,1.517,0.14,0.0,6.54,12.5,0.0,66.75,,,,
747,74.25,2427.0,900.0,-12.0,2.291,0.16,0.0,5.35,12.5,1.0,0.0,,,,
748,74.25,1990.0,900.0,12.0,1.952,0.95,0.0,4.13,12.5,1.0,0.0,,,,
748,74.25,1667.0,900.0,27.0,2.874,0.87,2.921,6.25,12.5,1.0,0.0,,,,
748,74.25,1658.0,900.0,33.0,2.637,0.92,2.593,5.35,12.5,1.0,0.0,,,,
749,74.25,1678.0,900.0,33.0,2.47,0.9,2.593,5.4,12.5,1.0,0.0,,,,
749,74.25,1667.0,900.0,33.0,2.49,0.43,2.757,5.47,12.5,1.0,0.0,,,,
750,74.25,1675.0,900.0,32.25,3.13,0.21,3.89,7.52,12.5,1.0,0.0,,,,
750,74.25,1739.0,900.0,30.75,3.328,0.21,4.546,7.52,12.5,0.0,0.0,,,,
750,74.25,1826.0,900.0,32.25,3.219,0.23,4.546,7.64,13.8,0.0,0.0,,,,
751,74.25,1915.0,900.0,32.25,3.206,0.9,3.89,7.64,13.8,0.0,0.0,,,,
751,75.0,1983.0,900.0,32.25,3.04,0.92,2.429,7.1,15.0,0.0,0.0,,,,
752,75.0,2021.0,900.0,21.75,2.586,0.93,0.562,6.08,15.0,0.0,0.0,,,,
752,75.0,2023.0,900.0,30.75,2.182,0.92,0.0,5.27,15.0,0.0,0.0,,,,
752,75.0,1992.0,900.0,35.25,1.952,0.89,0.0,4.91,15.0,0.0,0.0,,,,
753,75.0,1918.0,900.0,36.0,1.728,0.2,0.0,4.37,13.8,0.0,0.0,,,,
753,75.0,1856.0,900.0,15.0,1.478,0.16,0.0,4.05,13.8,0.0,0.0,,,,
754,75.0,1766.0,900.0,22.5,1.594,0.14,0.0,4.0,12.5,0.0,0.0,,,,
754,75.0,1630.0,900.0,3.0,1.856,0.15,0.0,3.64,11.3,0.0,0.0,,,,
754,75.0,1477.0,900.0,-4.5,1.946,0.16,0.0,3.69,11.3,0.0,0.0,,,,
755,75.0,1327.0,900.0,-15.0,0.0,0.16,0.0,3.56,10.0,1.0,0.0,,,,
755,75.0,1108.0,900.0,20.25,3.757,0.14,0.0,4.25,7.5,1.0,0.0,,,,
756,75.0,1084.0,900.0,0.0,3.251,0.94,0.0,4.13,6.3,1.0,0.0,,,,
756,75.0,1017.0,900.0,0.75,3.315,0.94,0.0,4.0,3.8,1.0,0.0,,,,
756,75.0,971.0,900.0,1.5,3.245,0.94,0.0,3.76,1.3,1.0,0.0,,,,
757,75.0,951.0,900.0,2.25,3.187,0.93,0.0,3.64,1.3,1.0,0.0,,,,
757,75.0,934.0,900.0,4.5,3.104,0.91,0.0,3.64,1.3,1.0,0.0,,,,
758,75.0,922.0,900.0,4.5,3.091,0.89,0.0,3.56,0.0,1.0,0.0,,,,
758,75.0,1157.0,1480.0,6.75,5.242,0.7,3.734,9.67,0.0,1.0,0.0,,,,
759,75.0,1167.0,1460.0,0.75,6.176,0.84,3.569,10.74,1.3,1.0,0.0,,,,
759,75.0,1237.0,1440.0,0.0,6.522,0.76,3.328,11.96,2.5,1.0,0.0,,,,
760,75.0,1240.0,1440.0,-1.5,7.072,0.8,3.241,14.7,3.8,1.0,0.0,,,,
760,75.0,1215.0,1440.0,-6.75,8.467,0.36,3.241,20.12,6.3,1.0,0.0,,,,
760,75.0,1247.0,1410.0,-3.75,7.693,0.21,2.921,17.82,7.5,1.0,0.0,,,,
761,75.0,1267.0,1350.0,-3.75,7.437,0.26,2.109,15.67,8.8,1.0,0.0,,,,
761,75.0,1371.0,1350.0,0.75,6.029,0.22,2.109,11.25,10.0,1.0,0.0,,,,
762,75.75,1478.0,1050.0,7.5,3.379,0.18,0.484,6.79,11.3,1.0,0.0,,,,
762,75.75,1544.0,900.0,31.5,2.534,0.17,0.078,5.22,11.3,1.0,0.0,,,,
764,75.75,1106.0,900.0,10.5,3.808,0.26,3.89,6.08,8.8,1.0,0.0,,,,
765,75.75,1300.0,900.0,10.5,3.277,0.88,3.406,5.76,8.8,1.0,0.0,,,,
765,75.75,1226.0,900.0,12.75,2.867,0.19,3.078,4.86,8.8,1.0,0.0,,,,
766,75.75,1281.0,900.0,14.25,2.835,0.19,3.078,4.91,8.8,1.0,0.0,,,,
766,75.75,1292.0,900.0,11.25,3.098,0.19,3.078,4.98,8.8,1.0,0.0,,,,
766,75.75,1290.0,900.0,12.75,3.008,0.78,3.078,4.98,8.8,1.0,0.0,,,,
767,75.75,1298.0,900.0,16.5,2.899,0.31,3.078,5.03,10.0,1.0,0.0,,,,
767,75.75,1354.0,900.0,14.25,2.893,0.64,2.835,5.1,10.0,0.0,0.0,,,,
768,75.75,1343.0,900.0,10.5,2.931,0.2,1.944,5.03,10.0,0.0,0.0,,,,
768,75.75,1349.0,900.0,10.5,2.714,0.82,1.295,5.03,10.0,0.0,0.0,,,,
768,75.75,1286.0,900.0,-4.5,3.091,0.17,1.866,4.86,8.8,0.0,0.0,,,,
769,76.5,1198.0,900.0,6.0,2.778,0.2,2.272,4.49,8.8,0.0,0.0,,,,
769,76.5,1205.0,900.0,14.25,2.886,0.19,3.241,4.91,7.5,0.0,0.0,,,,
770,76.5,1178.0,900.0,15.0,3.328,0.22,3.406,5.27,8.8,0.0,0.0,,,,
770,76.5,1223.0,900.0,10.5,3.366,0.78,3.406,5.35,8.8,0.0,0.0,,,,
770,76.5,1265.0,900.0,10.5,3.277,0.78,3.406,5.27,8.8,0.0,0.0,,,,
771,76.5,1302.0,900.0,11.25,3.226,0.81,3.406,5.27,8.8,0.0,0.0,,,,
771,76.5,1333.0,900.0,11.25,3.194,0.78,3.406,5.35,10.0,0.0,0.0,,,,
772,76.5,1368.0,900.0,12.0,3.053,0.85,3.406,5.27,10.0,0.0,0.0,,,,
772,76.5,1382.0,900.0,13.5,3.034,0.21,3.406,5.35,10.0,0.0,0.0,,,,
772,76.5,1402.0,900.0,15.75,3.085,0.65,3.406,5.35,10.0,0.0,0.0,,,,
773,76.5,1435.0,900.0,18.75,2.874,0.81,3.406,5.35,10.0,0.0,0.0,,,,
773,76.5,1471.0,900.0,16.5,3.117,0.21,3.406,5.93,10.0,0.0,0.0,,,,
774,76.5,1493.0,900.0,11.25,3.104,0.84,3.241,5.88,11.3,0.0,0.0,,,,
774,76.5,1528.0,900.0,13.5,3.136,0.22,3.241,5.88,11.3,0.0,0.0,,,,
774,76.5,1567.0,900.0,13.5,3.053,0.86,3.241,5.93,11.3,0.0,0.0,,,,
775,76.5,1601.0,900.0,12.75,2.957,0.78,2.921,5.88,11.3,0.0,0.0,,,,
775,76.5,1611.0,900.0,10.5,2.88,0.22,0.804,5.57,11.3,0.0,0.0,,,,
776,76.5,1597.0,900.0,9.75,2.688,0.84,0.804,5.22,11.3,0.0,0.0,,,,
776,77.25,1550.0,900.0,7.5,2.598,0.3,0.804,5.03,11.3,0.0,0.0,,,,
776,77.25,1503.0,900.0,1.5,2.554,0.21,3.078,4.66,11.3,0.0,0.0,,,,
777,77.25,1453.0,900.0,17.25,2.675,0.25,4.703,5.03,10.0,0.0,0.0,,,,
777,77.25,1483.0,2520.0,15.0,3.501,0.21,4.703,6.93,10.0,0.0,-52.5,,,,
778,77.25,1496.0,1920.0,8.25,3.386,0.04,68.476,171.88,11.3,0.0,-3.0,,,,
778,77.25,1494.0,900.0,10.5,3.322,0.76,4.703,6.37,11.3,0.0,0.0,,,,
778,77.25,1555.0,900.0,12.75,3.354,0.3,4.703,6.45,11.3,0.0,0.0,,,,
779,77.25,1612.0,900.0,13.5,3.2,0.82,4.382,6.54,11.3,0.0,0.0,,,,
781,77.25,1940.0,900.0,32.25,2.918,0.83,2.921,6.62,13.8,0.0,0.0,,,,
782,77.25,1971.0,2500.0,33.75,2.374,0.89,0.0,5.27,15.0,0.0,-57.75,,,,
782,77.25,1990.0,900.0,27.0,2.208,0.85,0.0,5.22,15.0,0.0,0.0,,,,
782,78.0,1957.0,900.0,31.5,2.035,0.77,0.0,4.91,15.0,0.0,0.0,,,,
783,78.0,1907.0,900.0,12.0,2.003,0.16,0.241,4.42,13.8,0.0,0.0,,,,
783,78.0,1834.0,900.0,36.75,1.67,0.17,1.295,4.0,13.8,0.0,0.0,,,,
784,78.0,1796.0,900.0,36.75,1.773,0.16,2.429,4.79,12.5,0.0,0.0,,,,
784,78.0,1677.0,900.0,11.25,2.323,0.18,4.218,5.15,12.5,0.0,0.0,,,,
784,78.0,1728.0,900.0,32.25,3.04,0.21,4.382,7.3,12.5,0.0,0.0,,,,
785,78.0,1728.0,900.0,13.5,3.142,0.92,4.218,6.98,12.5,0.0,0.0,,,,
785,78.0,1767.0,900.0,32.25,3.027,0.2,3.406,6.37,12.5,0.0,0.0,,,,
786,78.0,1844.0,900.0,33.0,3.072,0.34,2.757,6.74,13.8,0.0,0.0,,,,
786,78.0,1905.0,900.0,21.0,2.707,0.91,0.726,5.93,13.8,0.0,0.0,,,,
786,78.0,1953.0,900.0,33.75,2.349,0.89,0.0,5.35,13.8,0.0,0.0,,,,
787,78.0,1950.0,900.0,24.0,2.189,0.81,0.0,5.1,13.8,0.0,0.0,,,,
787,78.0,1912.0,900.0,35.25,1.958,0.42,0.0,4.79,13.8,0.0,0.0,,,,
788,78.0,1867.0,900.0,24.75,1.875,0.17,0.967,4.13,13.8,0.0,0.0,,,,
788,78.0,1779.0,2520.0,21.75,1.811,0.17,1.781,4.13,13.8,0.0,-54.75,,,,
788,78.0,1750.0,900.0,35.25,2.106,0.17,3.648,5.1,12.5,0.0,0.0,,,,
789,78.75,1702.0,900.0,20.25,2.893,0.2,3.89,4.98,12.5,0.0,0.0,,,,
789,78.75,1760.0,900.0,32.25,3.034,0.83,3.078,6.69,12.5,0.0,0.0,,,,
790,78.75,1826.0,900.0,21.0,2.938,0.22,0.0,6.45,13.8,0.0,0.0,,,,
790,78.75,1868.0,900.0,27.75,2.541,0.82,0.0,5.57,13.8,0.0,0.0,,,,
790,78.75,1887.0,900.0,34.5,2.33,0.21,0.0,5.35,13.8,0.0,0.0,,,,
791,78.75,1893.0,900.0,35.25,2.208,0.87,0.0,5.03,13.8,0.0,0.0,,,,
791,78.75,1857.0,900.0,36.0,1.984,0.28,0.0,4.74,13.8,0.0,0.0,,,,
792,78.75,1849.0,900.0,36.75,1.843,0.2,0.0,4.05,13.8,0.0,0.0,,,,
792,78.75,1754.0,900.0,15.0,1.901,0.17,0.0,3.93,12.5,0.0,0.0,,,,
792,78.75,1629.0,900.0,-1.5,2.15,0.19,0.0,3.88,12.5,0.0,0.0,,,,
793,78.75,1575.0,900.0,-1.5,2.259,0.22,0.0,3.76,11.3,0.0,0.0,,,,
793,78.75,1446.0,900.0,-8.25,2.253,0.93,0.319,3.69,10.0,0.0,0.0,,,,
794,78.75,1303.0,900.0,-15.0,2.464,0.21,2.351,3.56,8.8,0.0,0.0,,,,
794,78.75,1176.0,900.0,12.0,2.598,0.88,3.569,4.54,7.5,0.0,0.0,,,,
794,79.5,1138.0,900.0,18.0,3.059,0.89,5.031,4.79,7.5,0.0,0.0,,,,
795,79.5,1163.0,900.0,30.0,3.181,0.89,5.194,6.08,7.5,0.0,0.0,,,,
795,79.5,1211.0,900.0,9.0,3.693,0.25,5.194,5.93,8.8,0.0,0.0,,,,
796,79.5,1260.0,900.0,8.25,3.558,0.85,5.194,5.64,8.8,0.0,0.0,,,,
796,79.5,1307.0,900.0,12.0,3.264,0.82,5.194,5.59,10.0,0.0,0.0,,,,
796,79.5,1358.0,900.0,15.0,3.213,0.21,5.194,5.59,10.0,0.0,0.0,,,,
797,79.5,1417.0,900.0,20.25,3.072,0.79,5.194,5.71,10.0,0.0,0.0,,,,
797,79.5,1481.0,900.0,17.25,3.123,0.22,5.194,6.37,11.3,0.0,0.0,,,,
798,79.5,1538.0,900.0,14.25,3.366,0.21,5.194,6.62,11.3,0.0,0.0,,,,
798,79.5,1596.0,900.0,12.0,3.386,0.83,5.194,6.79,11.3,0.0,0.0,,,,
798,79.5,1632.0,900.0,12.0,3.213,0.84,5.194,6.79,11.3,0.0,0.0,,,,
799,79.5,1695.0,900.0,15.0,3.149,0.21,5.194,7.23,12.5,0.0,0.0,,,,
799,79.5,1689.0,2520.0,12.0,3.341,0.04,16.132,284.38,12.5,0.0,-54.0,,,,
800,79.5,1737.0,900.0,13.5,3.386,0.19,5.194,7.52,12.5,0.0,0.0,,,,
800,80.25,1799.0,900.0,17.25,3.347,0.2,5.031,7.96,13.8,0.0,0.0,,,,
800,80.25,1895.0,900.0,32.25,3.168,0.85,3.89,7.47,13.8,0.0,0.0,,,,
801,80.25,1986.0,900.0,33.0,3.078,0.85,3.569,7.15,13.8,0.0,0.0,,,,
801,80.25,2049.0,900.0,33.0,2.982,0.88,3.569,7.1,15.0,0.0,0.0,,,,
802,80.25,2099.0,900.0,33.0,2.79,0.9,3.406,6.86,15.0,0.0,0.0,,,,
802,80.25,2138.0,900.0,33.75,2.522,0.91,1.21,6.08,16.3,0.0,0.0,,,,
802,80.25,2145.0,900.0,34.5,2.112,0.86,0.967,5.35,16.3,0.0,0.0,,,,
803,80.25,2084.0,900.0,26.25,1.888,0.81,1.132,4.86,15.0,0.0,0.0,,,,
803,80.25,2066.0,900.0,36.0,1.907,0.17,2.109,4.91,15.0,0.0,0.0,,,,
806,80.25,1791.0,2000.0,12.0,2.054,0.16,0.0,5.1,13.8,0.0,93.75,,,,
806,81.0,1870.0,900.0,36.0,1.875,0.21,0.0,5.1,13.8,0.0,0.0,,,,
806,81.0,1843.0,900.0,26.25,2.093,0.18,0.0,4.79,12.5,0.0,0.0,,,,
807,81.0,1704.0,900.0,24.0,2.029,0.18,0.0,3.93,12.5,0.0,0.0,,,,
807,81.0,1736.0,900.0,36.0,1.971,0.73,2.023,4.86,12.5,0.0,0.0,,,,
810,81.0,1505.0,900.0,7.5,3.475,0.86,3.569,6.08,11.3,0.0,0.0,,,,
810,81.0,1534.0,900.0,11.25,2.963,0.81,2.835,5.27,11.3,0.0,0.0,,,,
810,81.0,1542.0,900.0,12.75,2.701,0.72,2.109,5.22,11.3,0.0,0.0,,,,
811,81.0,1551.0,900.0,12.75,2.733,0.24,2.109,5.22,11.3,0.0,0.0,,,,
811,81.0,1552.0,900.0,13.5,2.643,0.79,2.109,5.22,11.3,0.0,0.0,,,,
812,81.0,1562.0,2520.0,17.25,2.714,0.21,2.593,5.27,11.3,0.0,-52.5,,,,
812,81.0,1594.0,900.0,15.75,3.27,0.22,3.89,6.93,11.3,0.0,0.0,,,,
812,81.0,1633.0,900.0,11.25,3.283,0.84,3.89,6.79,11.3,0.0,0.0,,,,
813,81.0,1674.0,900.0,11.25,3.251,0.2,3.406,6.2,12.5,0.0,0.0,,,,
813,81.0,1706.0,900.0,15.0,2.995,0.22,3.241,6.45,12.5,0.0,0.0,,,,
814,81.0,1736.0,2520.0,16.5,3.066,0.21,3.241,6.74,12.5,0.0,-54.0,,,,
814,81.0,1774.0,900.0,16.5,3.155,0.24,3.241,7.1,12.5,0.0,0.0,,,,
814,81.75,1823.0,2520.0,15.75,3.29,0.62,3.241,7.3,13.8,0.0,-55.5,,,,
815,81.75,1879.0,900.0,20.25,2.982,0.81,0.0,6.74,13.8,0.0,0.0,,,,
815,81.75,1899.0,900.0,21.0,2.624,0.67,0.0,5.93,13.8,0.0,0.0,,,,
816,81.75,1915.0,900.0,34.5,2.266,0.82,0.0,5.27,13.8,0.0,0.0,,,,
816,81.75,1910.0,900.0,24.75,2.163,0.79,0.0,5.1,13.8,0.0,0.0,,,,
817,81.75,1843.0,900.0,14.25,1.901,0.44,0.0,4.74,13.8,0.0,0.0,,,,
817,81.75,1817.0,900.0,36.75,1.709,0.19,0.0,4.0,12.5,0.0,0.0,,,,
818,81.75,1710.0,900.0,9.0,1.939,0.19,0.0,3.81,12.5,0.0,0.0,,,,
818,81.75,1538.0,2520.0,-6.0,2.195,0.18,0.0,3.64,11.3,0.0,-52.5,,,,
818,81.75,1349.0,900.0,-15.0,0.0,0.16,0.0,3.69,10.0,1.0,0.0,,,,
819,81.75,1145.0,2540.0,0.0,3.136,0.04,0.0,4.17,10.0,0.0,47.25,,,,
819,81.75,1059.0,900.0,2.25,3.232,0.93,0.0,4.13,8.8,1.0,0.0,,,,
820,81.75,993.0,900.0,0.0,3.322,0.94,0.0,3.93,8.8,1.0,0.0,,,,
820,81.75,958.0,900.0,-1.5,3.226,0.94,0.0,3.56,8.8,1.0,0.0,,,,
821,81.75,944.0,2550.0,2.25,3.078,0.93,0.0,3.44,7.5,0.0,-64.5,,,,
821,81.75,923.0,900.0,6.0,3.091,0.91,0.0,3.52,6.3,1.0,0.0,,,,
821,81.75,914.0,900.0,4.5,3.04,0.9,0.0,3.52,3.8,1.0,0.0,,,,
822,81.75,905.0,1200.0,5.25,4.211,0.84,8.281,7.3,2.5,1.0,0.0,,,,
823,81.75,1506.0,1210.0,7.5,3.181,0.78,0.0,3.15,2.5,1.0,0.0,,,,
823,81.75,1240.0,900.0,17.25,2.458,0.16,0.0,3.88,3.8,1.0,0.0,,,,
823,81.75,1136.0,900.0,16.5,2.509,0.15,0.0,3.88,3.8,0.0,0.0,,,,
824,81.75,1069.0,900.0,11.25,2.733,0.17,0.0,3.93,2.5,1.0,0.0,,,,
824,81.75,989.0,900.0,9.75,2.982,0.2,0.0,4.0,0.0,1.0,0.0,,,,
825,81.75,952.0,900.0,2.25,3.302,0.31,0.0,4.0,0.0,1.0,0.0,,,,
825,81.75,933.0,900.0,1.5,3.315,0.87,0.0,3.93,0.0,1.0,0.0,,,,
826,81.75,921.0,900.0,3.0,3.341,0.85,0.0,3.93,0.0,1.0,0.0,,,,
826,81.75,913.0,900.0,0.75,3.27,0.82,0.0,3.93,0.0,1.0,0.0,,,,
827,81.75,901.0,1000.0,3.75,3.622,0.23,6.976,7.71,0.0,1.0,0.0,,,,
827,81.75,928.0,1400.0,-3.75,7.258,0.2,7.468,10.74,0.0,1.0,0.0,,,,
827,81.75,1241.0,1500.0,-5.25,6.784,0.92,5.437,11.6,0.0,1.0,0.0,,,,
828,82.5,1320.0,900.0,6.0,2.253,0.17,0.0,3.88,0.0,1.0,0.0,,,,
829,82.5,1109.0,1000.0,12.0,2.509,0.16,2.109,3.88,0.0,1.0,0.0,,,,
831,82.5,956.0,900.0,3.75,3.706,0.83,0.0,4.17,3.8,1.0,0.0,,,,
832,82.5,975.0,900.0,0.75,3.283,0.89,0.0,3.93,3.8,1.0,0.0,,,,
832,82.5,940.0,900.0,8.25,3.162,0.76,0.0,3.93,2.5,1.0,0.0,,,,
833,82.5,925.0,900.0,6.0,3.411,0.21,0.0,3.93,1.3,1.0,0.0,,,,
833,82.5,914.0,900.0,8.25,3.437,0.65,0.0,3.93,1.3,1.0,0.0,,,,
833,82.5,909.0,900.0,2.25,3.424,0.86,0.0,4.0,0.0,1.0,0.0,,,,
834,82.5,893.0,900.0,3.75,3.392,0.26,0.0,4.0,0.0,1.0,0.0,,,,
836,83.25,930.0,1100.0,18.75,4.486,0.22,6.491,9.42,0.0,1.0,0.0,,,,
837,83.25,1651.0,1500.0,18.0,4.154,0.91,6.656,9.35,0.0,1.0,0.0,,,,
838,83.25,2007.0,1500.0,17.25,3.782,0.87,5.921,8.86,0.0,1.0,0.0,,,,
838,83.25,1807.0,1100.0,32.25,2.093,0.17,0.0,4.74,0.0,1.0,0.0,,,,
840,83.25,1142.0,900.0,-3.0,3.43,0.95,0.0,4.79,0.0,1.0,0.0,,,,
841,83.25,1328.0,1300.0,7.5,6.822,0.91,10.468,11.96,0.0,1.0,0.0,,,,
841,83.25,2072.0,1500.0,6.75,5.024,0.94,6.413,10.45,0.0,1.0,0.0,,,,
842,83.25,1853.0,2540.0,30.75,3.469,0.85,2.351,7.71,0.0,0.0,21.75,,,,
842,83.25,1360.0,1330.0,12.0,3.014,0.19,1.944,7.23,2.5,1.0,0.0,,,,
843,83.25,1169.0,930.0,-0.75,3.475,0.83,0.0,4.79,3.8,1.0,0.0,,,,
845,84.0,1171.0,900.0,8.25,2.854,0.17,0.0,4.79,2.5,1.0,0.0,,,,
848,84.0,916.0,900.0,3.75,3.232,0.23,0.0,3.93,0.0,1.0,0.0,,,,
848,84.0,919.0,800.0,0.0,3.251,0.25,0.0,3.81,0.0,0.0,0.0,,,,
848,84.0,900.0,800.0,-2.25,3.04,0.26,0.0,3.32,0.0,0.0,0.0,,,,
849,84.0,867.0,800.0,9.0,2.88,0.22,0.0,3.32,0.0,0.0,0.0,,,,
849,84.0,855.0,800.0,4.5,2.95,0.2,0.0,3.32,0.0,0.0,0.0,,,,
850,84.0,848.0,800.0,2.25,2.97,0.19,0.0,3.32,0.0,0.0,0.0,,,,
850,84.75,842.0,800.0,4.5,3.027,0.2,0.0,3.39,0.0,0.0,0.0,,,,
850,84.75,841.0,800.0,3.75,3.142,0.2,0.0,3.39,0.0,0.0,0.0,,,,
851,84.75,835.0,800.0,6.75,3.11,0.22,0.0,3.39,0.0,0.0,0.0,,,,
851,84.75,830.0,800.0,5.25,3.066,0.46,0.0,3.39,0.0,0.0,0.0,,,,
854,84.75,822.0,800.0,-2.25,3.219,0.8,0.0,3.39,0.0,0.0,0.0,,,,
854,84.75,816.0,800.0,1.5,3.155,0.79,0.0,3.39,0.0,0.0,0.0,,,,
855,84.75,809.0,800.0,6.75,3.258,0.22,0.0,3.32,0.0,0.0,0.0,,,,
855,84.75,815.0,800.0,1.5,3.251,0.24,0.0,3.32,0.0,0.0,0.0,,,,
855,84.75,816.0,800.0,0.75,3.123,0.79,0.0,3.27,0.0,0.0,0.0,,,,
858,85.5,818.0,800.0,3.75,3.066,0.21,0.0,3.08,0.0,0.0,0.0,,,,
858,85.5,820.0,800.0,7.5,2.982,0.77,0.0,3.08,0.0,0.0,0.0,,,,
859,85.5,803.0,800.0,8.25,2.938,0.23,0.0,3.15,0.0,0.0,0.0,,,,
859,85.5,814.0,800.0,2.25,3.123,0.19,0.0,3.08,0.0,0.0,0.0,,,,
859,85.5,814.0,800.0,0.75,3.053,0.78,0.0,3.08,0.0,0.0,0.0,,,,
860,85.5,807.0,800.0,7.5,2.963,0.27,0.0,3.15,0.0,0.0,0.0,,,,
860,85.5,809.0,800.0,3.0,3.104,0.48,0.0,3.15,0.0,0.0,0.0,,,,
861,85.5,819.0,800.0,2.25,3.066,0.79,0.0,3.08,0.0,0.0,0.0,,,,
861,85.5,815.0,800.0,7.5,3.027,0.85,0.0,3.08,0.0,0.0,0.0,,,,
862,85.5,811.0,800.0,3.75,3.002,0.58,0.0,3.08,0.0,0.0,0.0,,,,
862,85.5,812.0,800.0,0.0,3.04,0.75,0.0,3.08,0.0,0.0,0.0,,,,
863,85.5,810.0,800.0,6.0,2.989,0.84,0.0,3.08,0.0,0.0,0.0,,,,
863,85.5,807.0,800.0,4.5,2.944,0.56,0.0,3.08,0.0,0.0,0.0,,,,
864,86.25,808.0,800.0,-3.0,3.187,0.2,0.0,2.91,0.0,0.0,0.0,,,,
864,86.25,810.0,800.0,6.75,2.906,0.86,0.0,2.91,0.0,0.0,0.0,,,,
865,86.25,807.0,800.0,6.75,2.848,0.83,0.0,2.91,0.0,0.0,0.0,,,,
865,86.25,804.0,800.0,9.75,2.918,0.21,0.0,2.95,0.0,0.0,0.0,,,,
866,86.25,809.0,800.0,9.0,2.95,0.21,0.0,2.95,0.0,0.0,0.0,,,,
866,86.25,812.0,800.0,7.5,2.95,0.47,0.0,2.95,0.0,0.0,0.0,,,,
866,86.25,804.0,800.0,9.75,2.874,0.8,0.0,2.95,0.0,0.0,0.0,,,,
867,86.25,802.0,800.0,9.0,2.816,0.22,0.0,2.95,0.0,0.0,0.0,,,,
868,86.25,809.0,800.0,7.5,3.027,0.26,0.0,2.95,0.0,0.0,0.0,,,,
868,86.25,808.0,800.0,6.0,2.95,0.83,0.0,2.95,0.0,0.0,0.0,,,,
868,86.25,805.0,800.0,8.25,2.874,0.58,0.0,2.95,0.0,0.0,0.0,,,,
869,86.25,809.0,800.0,1.5,3.091,0.24,0.0,2.95,0.0,0.0,0.0,,,,
869,86.25,812.0,800.0,5.25,2.976,0.8,0.0,2.95,0.0,0.0,0.0,,,,
870,86.25,802.0,800.0,4.5,2.893,0.84,0.0,2.95,0.0,0.0,0.0,,,,
870,86.25,811.0,800.0,0.0,3.085,0.24,0.0,2.95,0.0,0.0,0.0,,,,
871,87.0,804.0,800.0,5.25,2.912,0.81,0.0,3.03,0.0,0.0,0.0,,,,
871,87.0,799.0,800.0,7.5,2.931,0.79,0.0,2.95,0.0,0.0,0.0,,,,
872,87.0,798.0,800.0,6.75,3.014,0.21,0.0,2.95,0.0,0.0,0.0,,,,
872,87.0,810.0,800.0,6.0,3.021,0.24,0.0,2.95,0.0,0.0,0.0,,,,
872,87.0,809.0,800.0,4.5,2.982,0.83,0.0,2.95,0.0,0.0,0.0,,,,
873,87.0,801.0,800.0,6.0,2.989,0.81,0.0,2.95,0.0,0.0,0.0,,,,
873,87.0,798.0,800.0,6.75,3.008,0.72,0.0,3.03,0.0,0.0,0.0,,,,
874,87.0,807.0,800.0,4.5,3.002,0.65,0.0,2.95,0.0,0.0,0.0,,,,
874,87.0,804.0,800.0,6.75,2.944,0.8,0.0,2.95,0.0,0.0,0.0,,,,
875,87.0,802.0,800.0,10.5,2.918,0.74,0.0,2.95,0.0,0.0,0.0,,,,
875,87.0,803.0,800.0,6.75,2.95,0.22,0.0,2.95,0.0,0.0,0.0,,,,
875,87.0,801.0,800.0,6.0,3.008,0.69,0.0,2.95,0.0,0.0,0.0,,,,
876,87.0,804.0,800.0,6.0,2.944,0.81,0.0,2.91,0.0,0.0,0.0,,,,
876,87.0,802.0,800.0,7.5,2.97,0.26,0.0,2.91,0.0,0.0,0.0,,,,
877,87.0,805.0,800.0,7.5,2.976,0.22,0.0,2.95,0.0,0.0,0.0,,,,
877,87.0,809.0,800.0,5.25,2.938,0.8,0.0,2.95,0.0,0.0,0.0,,,,
877,87.0,808.0,800.0,6.0,2.899,0.83,0.0,2.95,0.0,0.0,0.0,,,,
880,87.75,799.0,800.0,6.0,3.014,0.22,0.0,2.91,0.0,0.0,0.0,,,,
880,87.75,808.0,800.0,3.75,3.059,0.28,0.0,2.91,0.0,0.0,0.0,,,,
881,87.75,799.0,800.0,7.5,3.027,0.25,0.0,2.91,0.0,0.0,0.0,,,,
881,87.75,800.0,800.0,6.75,3.002,0.22,0.0,2.95,0.0,0.0,0.0,,,,
883,87.75,796.0,800.0,6.75,2.899,0.24,0.0,2.91,0.0,0.0,0.0,,,,
883,87.75,794.0,800.0,6.0,2.995,0.22,0.0,2.91,0.0,0.0,0.0,,,,
883,87.75,804.0,800.0,0.0,3.027,0.67,0.0,2.91,0.0,0.0,0.0,,,,
884,87.75,794.0,800.0,18.0,3.046,0.19,0.0,2.95,0.0,0.0,0.0,,,,
885,87.75,798.0,800.0,9.75,2.963,0.26,0.0,2.95,0.0,0.0,0.0,,,,
885,87.75,804.0,800.0,6.75,2.925,0.78,0.0,2.91,0.0,0.0,0.0,,,,
885,87.75,798.0,800.0,6.75,2.886,0.57,0.0,2.91,0.0,0.0,0.0,,,,
886,87.75,799.0,800.0,8.25,3.021,0.21,0.0,2.91,0.0,0.0,0.0,,,,
886,87.75,803.0,800.0,6.0,3.021,0.23,0.0,2.91,0.0,0.0,0.0,,,,
887,87.75,801.0,800.0,9.75,2.918,0.79,0.0,2.91,0.0,0.0,0.0,,,,
887,87.75,798.0,800.0,9.0,2.925,0.22,0.0,2.91,0.0,0.0,0.0,,,,
888,87.75,804.0,800.0,3.0,2.989,0.21,0.0,2.91,0.0,0.0,0.0,,,,
888,87.75,801.0,800.0,9.75,2.867,0.49,0.0,2.91,0.0,0.0,0.0,,,,
889,87.75,798.0,800.0,12.0,2.816,0.24,0.0,2.95,0.0,0.0,0.0,,,,
889,87.75,800.0,800.0,7.5,3.002,0.22,0.0,2.91,0.0,0.0,0.0,,,,
889,87.75,796.0,800.0,13.5,2.957,0.23,0.0,2.95,0.0,0.0,0.0,,,,
890,87.75,801.0,800.0,12.75,2.88,0.75,0.0,2.91,0.0,0.0,0.0,,,,
890,87.75,802.0,800.0,13.5,2.899,0.83,0.0,2.95,0.0,0.0,0.0,,,,
891,88.5,800.0,800.0,9.0,2.925,0.62,0.0,2.91,0.0,0.0,0.0,,,,
891,88.5,800.0,800.0,0.0,2.976,0.22,0.0,2.91,0.0,0.0,0.0,,,,
891,88.5,803.0,800.0,3.0,3.117,0.28,0.0,2.95,0.0,0.0,0.0,,,,
892,88.5,805.0,800.0,9.75,2.893,0.81,0.0,2.95,0.0,0.0,0.0,,,,
892,88.5,800.0,800.0,10.5,2.835,0.24,0.0,2.95,0.0,0.0,0.0,,,,
893,88.5,800.0,800.0,9.75,2.95,0.21,0.0,2.95,0.0,0.0,0.0,,,,
893,88.5,802.0,800.0,13.5,2.95,0.76,0.0,2.95,0.0,0.0,0.0,,,,
893,88.5,802.0,800.0,4.5,2.88,0.81,0.0,3.03,0.0,0.0,0.0,,,,
894,88.5,802.0,800.0,6.0,2.931,0.25,0.0,3.03,0.0,0.0,0.0,,,,
894,88.5,807.0,800.0,8.25,2.989,0.23,0.0,3.03,0.0,0.0,0.0,,,,
894,88.5,806.0,800.0,6.75,2.944,0.8,0.0,2.95,0.0,0.0,0.0,,,,
895,88.5,805.0,800.0,9.0,2.848,0.79,0.0,3.03,0.0,0.0,0.0,,,,
895,88.5,805.0,800.0,9.0,2.816,0.66,0.0,3.03,0.0,0.0,0.0,,,,
896,88.5,805.0,800.0,6.75,2.963,0.22,0.0,3.03,0.0,0.0,0.0,,,,
896,88.5,801.0,800.0,7.5,2.95,0.26,0.0,3.03,0.0,0.0,0.0,,,,
896,88.5,801.0,800.0,8.25,2.912,0.72,0.0,3.08,0.0,0.0,0.0,,,,
897,88.5,795.0,800.0,7.5,2.963,0.23,0.0,3.08,0.0,0.0,0.0,,,,
897,88.5,800.0,800.0,5.25,3.027,0.24,0.0,3.08,0.0,0.0,0.0,,,,
898,88.5,801.0,800.0,6.0,2.982,0.82,0.0,3.08,0.0,0.0,0.0,,,,
898,88.5,797.0,800.0,6.75,2.95,0.8,0.0,3.08,0.0,0.0,0.0,,,,
899,89.25,797.0,800.0,7.5,3.072,0.21,0.0,3.15,0.0,0.0,0.0,,,,
900,89.25,801.0,800.0,0.75,3.008,0.83,0.0,3.08,0.0,0.0,0.0,,,,
900,89.25,792.0,800.0,11.25,2.95,0.81,0.0,3.15,0.0,0.0,0.0,,,,
900,89.25,792.0,800.0,7.5,2.925,0.75,0.0,3.15,0.0,0.0,0.0,,,,
901,89.25,788.0,800.0,6.0,3.021,0.22,0.0,3.15,0.0,0.0,0.0,,,,
901,89.25,797.0,800.0,5.25,3.085,0.27,0.0,3.08,0.0,0.0,0.0,,,,
902,89.25,795.0,800.0,10.5,3.04,0.82,0.0,3.08,0.0,0.0,0.0,,,,
902,89.25,796.0,800.0,3.75,2.982,0.81,0.0,3.15,0.0,0.0,0.0,,,,
902,89.25,792.0,800.0,5.25,3.174,0.2,0.0,3.15,0.0,0.0,0.0,,,,
903,89.25,797.0,800.0,8.25,3.098,0.26,0.0,3.2,0.0,0.0,0.0,,,,
903,89.25,804.0,800.0,3.75,3.027,0.78,0.0,3.15,0.0,0.0,0.0,,,,
904,89.25,792.0,800.0,14.25,2.918,0.76,0.0,3.2,0.0,0.0,0.0,,,,
904,89.25,796.0,800.0,3.75,3.13,0.22,0.0,3.2,0.0,0.0,0.0,,,,
905,89.25,800.0,800.0,6.0,3.053,0.23,0.0,3.2,0.0,0.0,0.0,,,,
905,89.25,800.0,800.0,5.25,3.014,0.8,0.0,3.2,0.0,0.0,0.0,,,,
905,89.25,795.0,800.0,6.75,3.04,0.54,0.0,3.15,0.0,0.0,0.0,,,,
906,89.25,798.0,800.0,4.5,3.04,0.73,0.0,3.2,0.0,0.0,0.0,,,,
907,89.25,794.0,800.0,8.25,2.97,0.77,0.0,3.15,0.0,0.0,0.0,,,,
907,89.25,796.0,800.0,2.25,2.97,0.24,0.0,3.15,0.0,0.0,0.0,,,,
907,89.25,794.0,800.0,7.5,3.034,0.21,0.0,3.2,0.0,0.0,0.0,,,,
908,90.0,794.0,800.0,9.75,3.014,0.24,0.0,3.2,0.0,0.0,0.0,,,,
908,90.0,793.0,800.0,5.25,2.982,0.8,0.0,3.15,0.0,0.0,0.0,,,,
909,90.0,792.0,800.0,6.0,3.002,0.47,0.0,3.15,0.0,0.0,0.0,,,,
909,90.0,794.0,800.0,6.0,3.04,0.21,0.0,3.15,0.0,0.0,0.0,,,,
909,90.0,794.0,800.0,6.0,3.11,0.24,0.0,3.15,0.0,0.0,0.0,,,,
910,90.0,799.0,800.0,0.0,3.059,0.8,0.0,3.15,0.0,0.0,0.0,,,,
910,90.0,804.0,800.0,6.0,2.944,0.82,0.0,3.15,0.0,0.0,0.0,,,,
911,90.0,791.0,800.0,9.0,2.995,0.79,0.0,3.15,0.0,0.0,0.0,,,,
911,90.0,797.0,800.0,4.5,3.085,0.22,0.0,3.15,0.0,0.0,0.0,,,,
911,90.0,797.0,800.0,6.0,3.04,0.24,0.0,3.15,0.0,0.0,0.0,,,,
912,90.0,800.0,800.0,3.75,2.944,0.81,0.0,3.15,0.0,0.0,0.0,,,,
912,90.0,802.0,800.0,3.0,2.976,0.8,0.0,3.15,0.0,0.0,0.0,,,,
913,90.0,798.0,800.0,4.5,3.072,0.22,0.0,3.15,0.0,0.0,0.0,,,,
913,90.0,799.0,800.0,3.0,3.168,0.22,0.0,3.15,0.0,0.0,0.0,,,,
913,90.0,805.0,800.0,6.75,3.085,0.38,0.0,3.15,0.0,0.0,0.0,,,,
914,90.0,800.0,800.0,5.25,2.995,0.82,0.0,3.15,0.0,0.0,0.0,,,,
914,90.0,801.0,800.0,3.75,3.002,0.78,0.0,3.15,0.0,0.0,0.0,,,,
917,90.75,800.0,800.0,6.0,3.014,0.79,0.0,3.15,0.0,0.0,0.0,,,,
917,90.75,801.0,800.0,6.75,2.95,0.77,0.0,3.15,0.0,0.0,0.0,,,,
917,90.75,795.0,800.0,6.75,2.957,0.71,0.0,3.15,0.0,0.0,0.0,,,,
918,90.75,792.0,800.0,9.75,3.04,0.21,0.0,3.08,0.0,0.0,0.0,,,,
918,90.75,795.0,800.0,3.0,3.072,0.22,0.0,3.08,0.0,0.0,0.0,,,,
919,90.75,805.0,800.0,-2.25,3.098,0.76,0.0,3.08,0.0,0.0,0.0,,,,
919,90.75,798.0,1920.0,8.25,2.989,1.08,0.0,3.15,0.0,-199.53,-5.25,,,,
919,90.75,792.0,800.0,10.5,3.021,0.24,0.0,3.15,0.0,0.0,0.0,,,,
920,90.75,795.0,800.0,6.0,3.04,0.22,0.0,3.15,0.0,0.0,0.0,,,,
920,90.75,802.0,800.0,9.0,2.989,0.78,0.0,3.08,0.0,0.0,0.0,,,,
921,90.75,797.0,800.0,6.0,2.957,0.8,0.0,3.15,0.0,0.0,0.0,,,,
921,90.75,798.0,800.0,6.0,3.021,0.22,0.0,3.08,0.0,0.0,0.0,,,,
921,90.75,799.0,800.0,6.75,3.008,0.23,0.0,3.15,0.0,0.0,0.0,,,,
922,90.75,803.0,800.0,6.0,3.014,0.73,0.0,3.08,0.0,0.0,0.0,,,,
922,90.75,796.0,800.0,6.75,2.957,0.79,0.0,3.15,0.0,0.0,0.0,,,,
923,90.75,798.0,800.0,6.0,2.918,0.24,0.0,3.08,0.0,0.0,0.0,,,,
923,90.75,798.0,800.0,6.75,3.034,0.21,0.0,3.15,0.0,0.0,0.0,,,,
926,91.5,793.0,800.0,3.75,2.97,0.74,0.0,3.15,0.0,0.0,0.0,,,,
926,91.5,792.0,800.0,11.25,2.995,0.21,0.0,3.15,0.0,0.0,0.0,,,,
927,91.5,798.0,800.0,6.75,3.034,0.23,0.0,3.15,0.0,0.0,0.0,,,,
927,91.5,803.0,800.0,5.25,2.982,0.77,0.0,3.08,0.0,0.0,0.0,,,,
927,91.5,801.0,800.0,6.75,3.053,0.73,0.0,3.15,0.0,0.0,0.0,,,,
928,91.5,803.0,800.0,6.0,3.046,0.24,0.0,3.15,0.0,0.0,0.0,,,,
928,91.5,804.0,800.0,3.75,2.982,0.78,0.0,3.08,0.0,0.0,0.0,,,,
929,91.5,798.0,800.0,6.75,2.925,0.82,0.0,3.08,0.0,0.0,0.0,,,,
929,91.5,796.0,800.0,11.25,2.995,0.23,0.0,3.15,0.0,0.0,0.0,,,,
929,91.5,801.0,800.0,4.5,3.04,0.22,0.0,3.15,0.0,0.0,0.0,,,,
930,91.5,799.0,800.0,3.0,3.014,0.71,0.0,3.15,0.0,0.0,0.0,,,,
930,91.5,798.0,800.0,12.75,2.982,0.8,0.0,3.08,0.0,0.0,0.0,,,,
931,91.5,794.0,800.0,10.5,2.918,0.22,0.0,3.15,0.0,0.0,0.0,,,,
931,91.5,797.0,800.0,5.25,2.995,0.21,0.0,3.15,0.0,0.0,0.0,,,,
931,91.5,802.0,800.0,0.75,3.059,0.66,0.0,3.08,0.0,0.0,0.0,,,,
932,91.5,788.0,800.0,12.0,2.944,0.76,0.0,3.15,0.0,0.0,0.0,,,,
932,91.5,794.0,800.0,9.0,2.963,0.22,0.0,3.15,0.0,0.0,0.0,,,,
933,91.5,803.0,800.0,5.25,3.04,0.22,0.0,3.08,0.0,0.0,0.0,,,,
933,91.5,800.0,800.0,4.5,2.944,0.8,0.0,3.15,0.0,0.0,0.0,,,,
934,91.5,797.0,800.0,3.0,2.925,0.78,0.0,3.15,0.0,0.0,0.0,,,,
934,91.5,795.0,800.0,7.5,2.995,0.21,0.0,3.15,0.0,0.0,0.0,,,,
934,91.5,799.0,800.0,12.75,2.963,0.24,0.0,3.15,0.0,0.0,0.0,,,,
935,92.25,801.0,800.0,4.5,3.04,0.74,0.0,3.15,0.0,0.0,0.0,,,,
935,92.25,788.0,800.0,10.5,2.97,0.77,0.0,3.15,0.0,0.0,0.0,,,,
936,92.25,797.0,800.0,6.0,3.034,0.22,0.0,3.15,0.0,0.0,0.0,,,,
936,92.25,800.0,800.0,4.5,3.078,0.35,0.0,3.15,0.0,0.0,0.0,,,,
936,92.25,805.0,800.0,4.5,3.021,0.79,0.0,3.15,0.0,0.0,0.0,,,,
937,92.25,796.0,800.0,5.25,3.053,0.29,0.0,3.15,0.0,0.0,0.0,,,,
937,92.25,798.0,800.0,0.75,3.072,0.59,0.0,3.15,0.0,0.0,0.0,,,,
938,92.25,800.0,800.0,4.5,3.021,0.83,0.0,3.15,0.0,0.0,0.0,,,,
938,92.25,796.0,800.0,6.0,2.963,0.77,0.0,3.15,0.0,0.0,0.0,,,,
939,92.25,796.0,800.0,10.5,2.989,0.21,0.0,3.15,0.0,0.0,0.0,,,,
939,92.25,796.0,800.0,6.0,3.085,0.24,0.0,3.15,0.0,0.0,0.0,,,,
939,92.25,799.0,800.0,5.25,2.982,0.8,0.0,3.08,0.0,0.0,0.0,,,,
940,92.25,787.0,800.0,12.0,2.918,0.32,0.0,3.15,0.0,0.0,0.0,,,,
941,92.25,801.0,800.0,7.5,3.008,0.22,0.0,3.15,0.0,0.0,0.0,,,,
941,92.25,797.0,800.0,6.0,2.995,0.8,0.0,3.08,0.0,0.0,0.0,,,,
941,92.25,802.0,800.0,3.75,2.963,0.83,0.0,3.08,0.0,0.0,0.0,,,,
942,92.25,802.0,800.0,4.5,2.886,0.72,0.0,3.08,0.0,0.0,0.0,,,,
942,92.25,806.0,800.0,9.75,2.944,0.24,0.0,3.08,0.0,0.0,0.0,,,,
943,92.25,801.0,800.0,11.25,2.816,0.82,0.0,3.08,0.0,0.0,0.0,,,,
943,92.25,799.0,800.0,9.0,2.771,0.83,0.0,3.08,0.0,0.0,0.0,,,,
944,92.25,804.0,800.0,9.75,2.803,0.72,0.0,3.03,0.0,0.0,0.0,,,,
944,92.25,804.0,800.0,4.5,2.835,0.84,0.0,3.03,0.0,0.0,0.0,,,,
945,93.0,796.0,800.0,8.25,2.797,0.76,0.0,3.08,0.0,0.0,0.0,,,,
945,93.0,799.0,800.0,6.75,2.861,0.54,0.0,3.03,0.0,0.0,0.0,,,,
946,93.0,798.0,800.0,12.0,2.81,0.48,0.0,3.08,0.0,0.0,0.0,,,,
946,93.0,801.0,800.0,9.75,2.81,0.21,0.0,3.08,0.0,0.0,0.0,,,,
946,93.0,796.0,800.0,10.5,2.95,0.22,0.0,3.08,0.0,0.0,0.0,,,,
947,93.0,803.0,800.0,5.25,2.899,0.74,0.0,2.95,0.0,0.0,0.0,,,,
947,93.0,799.0,800.0,9.75,2.771,0.79,0.0,2.95,0.0,0.0,0.0,,,,
948,93.0,791.0,800.0,9.0,2.752,0.24,0.0,2.95,0.0,0.0,0.0,,,,
948,93.0,796.0,800.0,8.25,2.912,0.22,0.0,2.95,0.0,0.0,0.0,,,,
948,93.0,805.0,800.0,8.25,2.88,0.64,0.0,2.95,0.0,0.0,0.0,,,,
949,93.0,806.0,800.0,5.25,2.797,0.81,0.0,2.95,0.0,0.0,0.0,,,,
949,93.0,799.0,800.0,6.0,2.886,0.23,0.0,2.95,0.0,0.0,0.0,,,,
950,93.0,802.0,800.0,6.75,2.886,0.21,0.0,2.95,0.0,0.0,0.0,,,,
950,93.0,807.0,800.0,6.0,2.957,0.74,0.0,2.95,0.0,0.0,0.0,,,,
950,93.0,805.0,800.0,7.5,2.803,0.8,0.0,2.95,0.0,0.0,0.0,,,,
951,93.0,805.0,800.0,3.0,2.938,0.78,0.0,2.95,0.0,0.0,0.0,,,,
951,93.0,801.0,800.0,0.0,2.906,0.27,0.0,2.95,0.0,0.0,0.0,,,,
952,93.0,806.0,800.0,0.75,2.957,0.68,0.0,2.95,0.0,0.0,0.0,,,,
952,93.0,803.0,800.0,0.0,2.976,0.22,0.0,2.95,0.0,0.0,0.0,,,,
952,93.0,800.0,800.0,0.75,2.976,0.68,0.0,2.95,0.0,0.0,0.0,,,,
953,93.0,798.0,800.0,9.0,2.906,0.78,0.0,2.95,0.0,0.0,0.0,,,,
953,93.0,798.0,800.0,9.75,2.906,0.69,0.0,2.95,0.0,0.0,0.0,,,,
954,93.0,801.0,800.0,6.0,2.931,0.75,0.0,2.95,0.0,0.0,0.0,,,,
954,93.0,799.0,800.0,6.75,2.861,0.81,0.0,2.95,0.0,0.0,0.0,,,,
954,93.75,787.0,800.0,15.75,2.835,0.41,0.0,2.95,0.0,0.0,0.0,,,,
955,93.75,796.0,800.0,5.25,3.078,0.49,0.0,2.95,0.0,0.0,0.0,,,,
955,93.75,802.0,800.0,3.0,3.027,0.23,0.0,2.95,0.0,0.0,0.0,,,,
956,93.75,797.0,800.0,11.25,2.829,0.82,0.0,2.95,0.0,0.0,0.0,,,,
956,93.75,796.0,800.0,4.5,2.886,0.8,0.0,2.95,0.0,0.0,0.0,,,,
956,93.75,796.0,800.0,5.25,2.95,0.23,0.0,2.95,0.0,0.0,0.0,,,,
957,93.75,796.0,800.0,7.5,2.95,0.37,0.0,2.95,0.0,0.0,0.0,,,,
957,93.75,791.0,800.0,7.5,2.912,0.81,0.0,2.95,0.0,0.0,0.0,,,,
958,93.75,798.0,800.0,4.5,3.021,0.45,0.0,2.95,0.0,0.0,0.0,,,,
958,93.75,799.0,800.0,10.5,3.04,0.58,0.0,2.95,0.0,0.0,0.0,,,,
958,93.75,796.0,800.0,9.0,2.893,0.81,0.0,2.95,0.0,0.0,0.0,,,,
959,93.75,796.0,800.0,6.0,2.88,0.62,0.0,2.95,0.0,0.0,0.0,,,,
960,93.75,801.0,800.0,8.25,2.925,0.26,0.0,2.95,0.0,0.0,0.0,,,,
960,93.75,796.0,800.0,12.0,2.867,0.74,0.0,2.95,0.0,0.0,0.0,,,,
960,93.75,797.0,1920.0,6.75,3.014,0.22,0.0,2.95,0.0,0.0,-2.25,,,,
961,93.75,803.0,800.0,5.25,2.995,0.23,0.0,2.95,0.0,0.0,0.0,,,,
961,93.75,803.0,800.0,6.0,2.918,0.79,0.0,2.95,0.0,0.0,0.0,,,,
962,93.75,803.0,800.0,5.25,2.918,0.81,0.0,2.91,0.0,0.0,0.0,,,,
962,93.75,796.0,800.0,10.5,2.861,0.26,0.0,2.91,0.0,0.0,0.0,,,,
962,93.75,798.0,800.0,7.5,2.995,0.21,0.0,2.91,0.0,0.0,0.0,,,,
963,93.75,804.0,800.0,8.25,2.95,0.28,0.0,2.95,0.0,0.0,0.0,,,,
964,93.75,796.0,800.0,14.25,2.938,0.82,0.0,2.91,0.0,0.0,0.0,,,,
964,93.75,797.0,800.0,7.5,3.002,0.67,0.0,2.91,0.0,0.0,0.0,,,,
964,93.75,807.0,800.0,4.5,2.912,0.7,0.0,2.95,0.0,0.0,0.0,,,,
965,93.75,795.0,800.0,7.5,2.867,0.83,0.0,2.95,0.0,0.0,0.0,,,,
965,93.75,791.0,800.0,14.25,2.931,0.21,0.0,2.95,0.0,0.0,0.0,,,,
966,93.75,798.0,800.0,7.5,2.931,0.21,0.0,2.91,0.0,0.0,0.0,,,,
966,93.75,801.0,800.0,6.0,2.95,0.8,0.0,2.95,0.0,0.0,0.0,,,,
966,94.5,806.0,800.0,3.0,2.88,0.81,0.0,2.91,0.0,0.0,0.0,,,,
967,94.5,798.0,800.0,7.5,2.925,0.28,0.0,2.91,0.0,0.0,0.0,,,,
967,94.5,795.0,800.0,8.25,3.014,0.23,0.0,2.95,0.0,0.0,0.0,,,,
968,94.5,804.0,800.0,0.0,2.95,0.76,0.0,2.95,0.0,0.0,0.0,,,,
968,94.5,800.0,800.0,4.5,2.918,0.82,0.0,2.91,0.0,0.0,0.0,,,,
968,94.5,799.0,800.0,6.75,2.861,0.26,0.0,2.91,0.0,0.0,0.0,,,,
969,94.5,799.0,800.0,6.0,2.963,0.22,0.0,2.91,0.0,0.0,0.0,,,,
969,94.5,799.0,800.0,5.25,3.014,0.74,0.0,2.95,0.0,0.0,0.0,,,,
970,94.5,801.0,800.0,7.5,2.88,0.8,0.0,2.95,0.0,0.0,0.0,,,,
970,94.5,788.0,800.0,12.75,2.925,0.58,0.0,2.91,0.0,0.0,0.0,,,,
970,94.5,796.0,800.0,12.0,3.04,0.25,0.0,2.95,0.0,0.0,0.0,,,,
971,94.5,803.0,800.0,5.25,2.931,0.81,0.0,2.95,0.0,0.0,0.0,,,,
971,94.5,797.0,800.0,7.5,2.918,0.77,0.0,2.91,0.0,0.0,0.0,,,,
972,94.5,793.0,800.0,6.0,2.931,0.72,0.0,2.95,0.0,0.0,0.0,,,,
972,94.5,794.0,800.0,12.75,2.976,0.26,0.0,2.95,0.0,0.0,0.0,,,,
972,94.5,800.0,800.0,8.25,2.861,0.77,0.0,2.91,0.0,0.0,0.0,,,,
973,94.5,796.0,800.0,3.75,2.931,0.76,0.0,2.95,0.0,0.0,0.0,,,,
973,94.5,792.0,800.0,11.25,2.938,0.21,0.0,2.91,0.0,0.0,0.0,,,,
974,94.5,797.0,800.0,10.5,2.957,0.21,0.0,2.95,0.0,0.0,0.0,,,,
974,94.5,798.0,800.0,9.75,2.842,0.75,0.0,3.03,0.0,0.0,0.0,,,,
974,94.5,797.0,800.0,9.0,2.874,0.78,0.0,2.95,0.0,0.0,0.0,,,,
975,94.5,798.0,800.0,6.0,2.912,0.21,0.0,2.95,0.0,0.0,0.0,,,,
975,94.5,795.0,800.0,6.0,2.976,0.25,0.0,2.95,0.0,0.0,0.0,,,,
976,94.5,797.0,800.0,7.5,2.938,0.67,0.0,2.95,0.0,0.0,0.0,,,,
976,94.5,796.0,800.0,6.75,2.88,0.77,0.0,2.95,0.0,0.0,0.0,,,,
976,94.5,791.0,800.0,10.5,2.893,0.22,0.0,2.95,0.0,0.0,0.0,,,,
977,94.5,789.0,800.0,11.25,2.982,0.22,0.0,2.95,0.0,0.0,0.0,,,,
977,94.5,798.0,800.0,3.0,3.021,0.33,0.0,2.95,0.0,0.0,0.0,,,,
977,94.5,801.0,800.0,4.5,2.925,0.83,0.0,2.95,0.0,0.0,0.0,,,,
978,95.25,798.0,800.0,15.0,2.848,0.77,0.0,2.95,0.0,0.0,0.0,,,,
980,95.25,799.0,800.0,6.75,2.995,0.22,0.0,2.95,0.0,0.0,0.0,,,,
981,95.25,802.0,800.0,1.5,2.963,0.77,0.0,2.95,0.0,0.0,0.0,,,,
981,95.25,798.0,800.0,5.25,2.906,0.79,0.0,2.95,0.0,0.0,0.0,,,,
982,95.25,800.0,800.0,9.0,2.925,0.2,0.0,2.95,0.0,0.0,0.0,,,,
982,95.25,800.0,800.0,8.25,2.995,0.23,0.0,2.95,0.0,0.0,0.0,,,,
983,95.25,805.0,800.0,8.25,2.976,0.78,0.0,2.95,0.0,0.0,0.0,,,,
983,95.25,801.0,800.0,6.0,2.861,0.79,0.0,2.95,0.0,0.0,0.0,,,,
984,95.25,802.0,800.0,2.25,2.957,0.2,0.0,2.95,0.0,0.0,0.0,,,,
984,95.25,803.0,800.0,3.75,2.982,0.23,0.0,2.95,0.0,0.0,0.0,,,,
984,95.25,806.0,800.0,3.75,2.931,0.78,0.0,2.95,0.0,0.0,0.0,,,,
985,95.25,798.0,800.0,1.5,2.867,0.85,0.0,2.95,0.0,0.0,0.0,,,,
985,95.25,800.0,800.0,9.75,2.822,0.22,0.0,2.95,0.0,0.0,0.0,,,,
986,95.25,801.0,800.0,6.75,2.963,0.21,0.0,2.95,0.0,0.0,0.0,,,,
986,95.25,801.0,800.0,6.75,2.976,0.61,0.0,2.95,0.0,0.0,0.0,,,,
986,95.25,801.0,800.0,7.5,2.893,0.74,0.0,2.95,0.0,0.0,0.0,,,,
987,95.25,796.0,800.0,8.25,2.957,0.28,0.0,2.95,0.0,0.0,0.0,,,,
987,95.25,803.0,800.0,7.5,2.995,0.23,0.0,2.95,0.0,0.0,0.0,,,,
988,95.25,806.0,800.0,3.75,2.912,0.81,0.0,2.95,0.0,0.0,0.0,,,,
988,95.25,798.0,800.0,9.75,2.835,0.68,0.0,2.95,0.0,0.0,0.0,,,,
988,95.25,792.0,800.0,8.25,2.963,0.23,0.0,3.03,0.0,0.0,0.0,,,,
989,95.25,795.0,800.0,12.0,2.97,0.24,0.0,3.03,0.0,0.0,0.0,,,,
989,95.25,797.0,800.0,10.5,2.861,0.8,0.0,3.03,0.0,0.0,0.0,,,,
990,96.0,804.0,800.0,5.25,2.906,0.77,0.0,3.03,0.0,0.0,0.0,,,,
990,96.0,797.0,800.0,6.75,2.925,0.6,0.0,3.03,0.0,0.0,0.0,,,,
990,96.0,799.0,800.0,7.5,2.976,0.21,0.0,3.08,0.0,0.0,0.0,,,,
991,96.0,803.0,800.0,8.25,2.893,0.51,0.0,3.08,0.0,0.0,0.0,,,,
991,96.0,797.0,800.0,8.25,2.899,0.81,0.0,3.08,0.0,0.0,0.0,,,,
992,96.0,792.0,800.0,10.5,2.976,0.22,0.0,3.08,0.0,0.0,0.0,,,,
992,96.0,804.0,800.0,2.25,3.053,0.22,0.0,3.15,0.0,0.0,0.0,,,,
992,96.0,802.0,800.0,0.0,2.97,0.83,0.0,3.15,0.0,0.0,0.0,,,,
993,96.0,801.0,800.0,2.25,2.995,0.77,0.0,3.08,0.0,0.0,0.0,,,,
993,96.0,802.0,800.0,3.0,3.066,0.29,0.0,3.15,0.0,0.0,0.0,,,,
994,96.0,794.0,800.0,6.75,2.976,0.8,0.0,3.15,0.0,0.0,0.0,,,,
996,96.0,788.0,800.0,11.25,3.123,0.21,0.0,3.2,0.0,0.0,0.0,,,,
996,96.0,804.0,800.0,4.5,3.104,0.22,0.0,3.2,0.0,0.0,0.0,,,,
997,96.0,798.0,800.0,6.0,3.027,0.82,0.0,3.2,0.0,0.0,0.0,,,,
997,96.0,795.0,800.0,10.5,3.021,0.38,0.0,3.2,0.0,0.0,0.0,,,,
997,96.0,803.0,800.0,1.5,3.072,0.22,0.0,3.2,0.0,0.0,0.0,,,,
998,96.0,800.0,800.0,6.75,3.008,0.78,0.0,3.27,0.0,0.0,0.0,,,,
998,96.0,795.0,800.0,0.75,3.04,0.82,0.0,3.2,0.0,0.0,0.0,,,,
999,96.0,793.0,800.0,3.0,3.117,0.22,0.0,3.2,0.0,0.0,0.0,,,,
999,96.0,796.0,800.0,1.5,3.168,0.25,0.0,3.2,0.0,0.0,0.0,,,,
1000,96.0,799.0,800.0,6.0,3.008,0.81,0.0,3.2,0.0,0.0,0.0,,,,
1000,96.0,796.0,800.0,7.5,2.931,0.73,0.0,3.2,0.0,0.0,0.0,,,,
1000,96.0,792.0,800.0,7.5,3.066,0.22,0.0,3.2,0.0,0.0,0.0,,,,
1001,96.0,795.0,800.0,6.0,3.13,0.22,0.0,3.15,0.0,0.0,0.0,,,,
1001,96.0,803.0,800.0,4.5,3.066,0.79,0.0,3.2,0.0,0.0,0.0,,,,
1002,96.75,795.0,800.0,8.25,3.014,0.82,0.0,3.2,0.0,0.0,0.0,,,,
1002,96.75,800.0,800.0,3.0,3.066,0.22,0.0,3.2,0.0,0.0,0.0,,,,
1002,96.75,795.0,800.0,4.5,3.162,0.22,0.0,3.2,0.0,0.0,0.0,,,,
1003,96.75,795.0,800.0,11.25,3.2,0.28,0.0,3.2,0.0,0.0,0.0,,,,
1003,96.75,798.0,800.0,10.5,2.95,0.83,0.0,3.2,0.0,0.0,0.0,,,,
1004,96.75,794.0,800.0,4.5,3.085,0.23,0.0,3.15,0.0,0.0,0.0,,,,
1004,96.75,800.0,800.0,6.0,3.059,0.22,0.0,3.2,0.0,0.0,0.0,,,,
1005,96.75,799.0,800.0,6.75,3.002,0.83,0.0,3.2,0.0,0.0,0.0,,,,
1005,96.75,800.0,800.0,5.25,2.97,0.8,0.0,3.2,0.0,0.0,0.0,,,,
1006,96.75,798.0,800.0,7.5,3.014,0.22,0.0,3.15,0.0,0.0,0.0,,,,
1006,96.75,797.0,800.0,6.75,3.11,0.22,0.0,3.2,0.0,0.0,0.0,,,,
1007,96.75,796.0,800.0,6.0,2.963,0.83,0.0,3.15,0.0,0.0,0.0,,,,
1007,96.75,794.0,800.0,4.5,3.008,0.69,0.0,3.2,0.0,0.0,0.0,,,,
1008,96.75,803.0,800.0,2.25,3.098,0.23,0.0,3.15,0.0,0.0,0.0,,,,
1008,96.75,802.0,800.0,8.25,2.957,0.34,0.0,3.2,0.0,0.0,0.0,,,,
1008,96.75,795.0,800.0,6.75,2.976,0.75,0.0,3.15,0.0,0.0,0.0,,,,
1009,96.75,795.0,800.0,6.0,3.034,0.22,0.0,3.2,0.0,0.0,0.0,,,,
1009,96.75,795.0,800.0,6.0,3.008,0.23,0.0,3.2,0.0,0.0,0.0,,,,
1010,96.75,796.0,800.0,9.75,2.938,0.8,0.0,3.2,0.0,0.0,0.0,,,,
1011,96.75,801.0,800.0,6.75,3.053,0.25,0.0,3.2,0.0,0.0,0.0,,,,
1011,96.75,799.0,800.0,6.0,3.021,0.79,0.0,3.15,0.0,0.0,0.0,,,,
1012,96.75,799.0,800.0,2.25,3.008,0.8,0.0,3.15,0.0,0.0,0.0,,,,
1012,96.75,795.0,800.0,9.75,2.989,0.26,0.0,3.15,0.0,0.0,0.0,,,,
1012,96.75,794.0,800.0,10.5,3.002,0.2,0.0,3.15,0.0,0.0,0.0,,,,
1013,96.75,805.0,800.0,4.5,3.059,0.4,0.0,3.15,0.0,0.0,0.0,,,,
1013,96.75,800.0,800.0,3.75,2.963,0.82,0.0,3.15,0.0,0.0,0.0,,,,
1014,96.75,799.0,800.0,6.75,2.95,0.68,0.0,3.2,0.0,0.0,0.0,,,,
1014,96.75,796.0,800.0,5.25,3.066,0.22,0.0,3.15,0.0,0.0,0.0,,,,
1015,96.75,800.0,800.0,11.25,2.925,0.73,0.0,3.2,0.0,0.0,0.0,,,,
1015,97.5,800.0,800.0,12.0,2.912,0.78,0.0,3.2,0.0,0.0,0.0,,,,
1016,97.5,804.0,800.0,6.0,3.085,0.24,0.0,3.2,0.0,0.0,0.0,,,,
1016,97.5,796.0,800.0,6.0,3.008,0.81,0.0,3.2,0.0,0.0,0.0,,,,
1017,97.5,798.0,800.0,6.0,2.989,0.8,0.0,3.2,0.0,0.0,0.0,,,,
1017,97.5,801.0,800.0,9.0,2.95,0.7,0.0,3.2,0.0,0.0,0.0,,,,
1017,97.5,802.0,800.0,6.75,3.021,0.21,0.0,3.15,0.0,0.0,0.0,,,,
1018,97.5,801.0,800.0,6.75,3.066,0.22,0.0,3.2,0.0,0.0,0.0,,,,
1023,97.5,793.0,800.0,5.25,3.072,0.22,0.0,3.2,0.0,0.0,0.0,,,,
1024,97.5,798.0,800.0,7.5,3.066,0.8,0.0,3.15,0.0,0.0,0.0,,,,
1026,97.5,796.0,800.0,9.0,2.957,0.82,0.0,3.15,0.0,0.0,0.0,,,,
1027,97.5,791.0,1920.0,6.0,2.995,0.74,0.0,3.15,0.0,0.0,-5.25,,,,
1027,97.5,792.0,800.0,6.75,3.059,0.21,0.0,3.15,0.0,0.0,0.0,,,,
1027,97.5,802.0,800.0,5.25,3.104,0.67,0.0,3.15,0.0,0.0,0.0,,,,
1029,98.25,801.0,800.0,1.5,3.021,0.77,0.0,3.15,0.0,0.0,0.0,,,,
1030,98.25,797.0,800.0,6.75,3.04,0.24,0.0,3.15,0.0,0.0,0.0,,,,
1030,98.25,800.0,800.0,5.25,3.059,0.29,0.0,3.15,0.0,0.0,0.0,,,,
1030,98.25,800.0,800.0,6.0,2.925,0.78,0.0,3.15,0.0,0.0,0.0,,,,
