timestamp|ID|direction|type|DLC|data
0.000000|211|Rx|d|8|8200FFFFA90000D1
0.000000|214|Rx|d|2|0
0.005997|3b7|Rx|d|6|37007FC000C0
0.005997|1b0|Rx|d|4|FF00FFC4
0.019988|211|Rx|d|8|8200FFFFA90000D1
0.019988|214|Rx|d|2|0
0.025985|350|Rx|d|8|C02F3AF91870A489
0.025985|1b0|Rx|d|4|FF00FFC4
0.025985|4de|Rx|d|3|C00000
0.025985|55d|Rx|d|8|00FD50C091800000
0.039974|211|Rx|d|8|8200FFFFA90000D1
0.039974|214|Rx|d|2|0
0.045976|1b0|Rx|d|4|FF00FFC4
0.045976|5de|Rx|d|8|2
0.053967|5df|Rx|d|3|9500
0.059962|211|Rx|d|8|8200FFFFA90000D1
0.059962|214|Rx|d|2|0
0.059962|218|Rx|d|1|98
0.059962|4fa|Rx|d|2|800
0.059962|671|Rx|d|2|200
0.063961|1b0|Rx|d|4|FF00FFC4
0.063961|657|Rx|d|2|C0CC
0.073953|4ac|Rx|d|5|83762A0080
0.073953|45c|Rx|d|6|00000000FFE0
0.079952|211|Rx|d|8|8200FFFFA90000D1
0.079952|214|Rx|d|2|0
0.085957|4f8|Rx|d|8|94C0000000000000
0.085957|1b0|Rx|d|4|FF00FFC4
0.093941|6fb|Rx|d|8|0F01A454FF0000FF
0.099938|211|Rx|d|8|8200FFFFA90000D1
0.099938|214|Rx|d|2|0
0.105934|3b7|Rx|d|6|37007FC000C0
0.105934|1b0|Rx|d|4|FF00FFC4
0.113930|646|Rx|d|8|000000020000000C
0.119926|211|Rx|d|8|8200FFFFA90000D1
0.119926|214|Rx|d|2|0
0.125922|5ce|Rx|d|3|FEFF00
0.125922|350|Rx|d|8|C02F3AF91870A489
0.125922|1b0|Rx|d|4|FF00FFC4
0.125922|4de|Rx|d|3|C00000
0.125922|55d|Rx|d|8|00FD50C091800000
0.139914|211|Rx|d|8|8200FFFFA90000D1
0.139914|214|Rx|d|2|0
0.145909|1b0|Rx|d|4|FF00FFC4
0.145909|5de|Rx|d|8|2
0.153905|5df|Rx|d|3|9500
0.159901|211|Rx|d|8|8200FFFFA90000D1
0.159901|214|Rx|d|2|0
0.159901|218|Rx|d|1|98
0.159901|4fa|Rx|d|2|800
0.159901|671|Rx|d|2|200
0.163898|1b0|Rx|d|4|FF00FFC4
0.163898|657|Rx|d|2|C0CC
0.173894|4ac|Rx|d|5|83752A0080
0.173894|45c|Rx|d|6|00000000FFE0
0.179889|211|Rx|d|8|8200FFFFA90000D1
0.179889|214|Rx|d|2|0
0.185885|4f8|Rx|d|8|94C0000000000000
0.185885|1b0|Rx|d|4|FF00FFC4
0.199877|211|Rx|d|8|8200FFFFA90000D1
0.199877|214|Rx|d|2|0
0.205872|3b7|Rx|d|6|37007FC000C0
0.205872|1b0|Rx|d|4|FF00FFC4
0.219864|211|Rx|d|8|8200FFFFA90000D1
0.219864|214|Rx|d|2|0
0.225864|350|Rx|d|8|C02F3AF91870A489
0.225864|1b0|Rx|d|4|FF00FFC4
0.225864|4de|Rx|d|3|C00000
0.225864|55d|Rx|d|8|00FD50C091800000
0.239852|211|Rx|d|8|8200FFFFA90000D1
0.239852|214|Rx|d|2|0
0.245848|1b0|Rx|d|4|FF00FFC4
0.245848|5de|Rx|d|8|2
0.253842|5df|Rx|d|3|9500
0.259839|211|Rx|d|8|8200FFFFA90000D1
0.259839|214|Rx|d|2|0
0.259839|218|Rx|d|1|98
0.259839|4fa|Rx|d|2|800
0.259839|671|Rx|d|2|200
0.263836|1b0|Rx|d|4|FF00FFC4
0.263836|657|Rx|d|2|C0CC
0.273830|4ac|Rx|d|5|83762A0080
0.273830|45c|Rx|d|6|00000000FFE0
0.279826|211|Rx|d|8|8200FFFFA90000D1
0.279826|214|Rx|d|2|0
0.285824|4f8|Rx|d|8|94C0000000000000
0.285824|1b0|Rx|d|4|FF00FFC4
0.299815|211|Rx|d|8|8200FFFFA90000D1
0.299815|214|Rx|d|2|0
0.305812|3b7|Rx|d|6|37007FC000C0
0.305812|1b0|Rx|d|4|FF00FFC4
0.319803|211|Rx|d|8|8200FFFFA90000D1
0.319803|214|Rx|d|2|0
0.325798|350|Rx|d|8|C02F3AF91870A489
0.325798|1b0|Rx|d|4|FF00FFC4
0.325798|4de|Rx|d|3|C00000
0.325798|55d|Rx|d|8|00FD50C091800000
0.339790|211|Rx|d|8|8200FFFFA90000D1
0.339790|214|Rx|d|2|0
0.345787|1b0|Rx|d|4|FF00FFC4
0.345787|5de|Rx|d|8|2
0.353781|5df|Rx|d|3|9500
0.359779|211|Rx|d|8|8200FFFFA90000D1
0.359779|214|Rx|d|2|0
0.359779|218|Rx|d|1|98
0.359779|4fa|Rx|d|2|800
0.359779|671|Rx|d|2|200
0.363775|1b0|Rx|d|4|FF00FFC4
0.363775|657|Rx|d|2|C0CC
0.384859|4ac|Rx|d|5|83762A0080
0.384859|45c|Rx|d|6|00000000FFE0
0.384859|211|Rx|d|8|8200FFFFA90000D1
0.384859|214|Rx|d|2|0
0.384859|4f8|Rx|d|8|94C0000000000000
0.384859|1b0|Rx|d|4|FF00FFC4
0.413097|211|Rx|d|8|8200FFFFA90000D1
0.413097|214|Rx|d|2|0
0.413097|3b7|Rx|d|6|37007FC000C0
0.413097|1b0|Rx|d|4|FF00FFC4
0.433873|211|Rx|d|8|8200FFFFA90000D1
0.433873|214|Rx|d|2|0
0.433873|350|Rx|d|8|C02F3AF91870A489
0.433873|1b0|Rx|d|4|FF00FFC4
0.433873|4de|Rx|d|3|C00000
0.433873|55d|Rx|d|8|00FD50C091800000
0.454326|211|Rx|d|8|8200FFFFA90000D1
0.454326|214|Rx|d|2|0
0.454326|1b0|Rx|d|4|FF00FFC4
0.454326|5de|Rx|d|8|2
0.454326|5df|Rx|d|3|9500
0.479321|211|Rx|d|8|8200FFFFA90000D1
0.479321|214|Rx|d|2|0
0.479321|218|Rx|d|1|98
0.479321|4fa|Rx|d|2|800
0.479321|671|Rx|d|2|200
0.479321|1b0|Rx|d|4|FF00FFC4
0.479321|657|Rx|d|2|C0CC
0.479321|4ac|Rx|d|5|83762A0080
0.479321|45c|Rx|d|6|00000000FFE0
0.479321|211|Rx|d|8|8200FFFFA90000D1
0.479321|214|Rx|d|2|0
0.494427|4f8|Rx|d|8|94C0000000000000
0.494427|1b0|Rx|d|4|FF00FFC4
0.514198|211|Rx|d|8|8200FFFFA90000D1
0.514198|214|Rx|d|2|0
0.514198|3b7|Rx|d|6|37007FC000C0
0.514198|1b0|Rx|d|4|FF00FFC4
0.529287|211|Rx|d|8|8200FFFFA90000D1
0.529287|214|Rx|d|2|0
0.529287|350|Rx|d|8|C02F3AF91870A489
0.529287|1b0|Rx|d|4|FF00FFC4
0.529287|4de|Rx|d|3|C00000
0.529287|55d|Rx|d|8|00FD50C091800000
0.554170|211|Rx|d|8|8200FFFFA90000D1
0.554170|214|Rx|d|2|0
0.554170|1b0|Rx|d|4|FF00FFC4
0.554170|5de|Rx|d|8|2
0.554170|5df|Rx|d|3|9500
0.585104|211|Rx|d|8|8200FFFFA90000D1
0.585104|214|Rx|d|2|0
0.585104|218|Rx|d|1|98
0.585104|4fa|Rx|d|2|800
0.585104|671|Rx|d|2|200
0.585104|1b0|Rx|d|4|FF00FFC4
0.585104|657|Rx|d|2|C0CC
0.585104|4ac|Rx|d|5|83762A0080
0.585104|45c|Rx|d|6|00000000FFE0
0.585104|211|Rx|d|8|8200FFFFA90000D1
0.585104|214|Rx|d|2|0
0.585104|4f8|Rx|d|8|94C0000000000000
0.585104|1b0|Rx|d|4|FF00FFC4
0.608860|211|Rx|d|8|8200FFFFA90000D1
0.608860|214|Rx|d|2|0
0.608860|3b7|Rx|d|6|37007FC000C0
0.608860|1b0|Rx|d|4|FF00FFC4
0.624272|646|Rx|d|8|000000020000000C
0.628778|211|Rx|d|8|8200FFFFA90000D1
0.628778|214|Rx|d|2|0
0.628778|350|Rx|d|8|C02F3AF91870A489
0.628778|1b0|Rx|d|4|FF00FFC4
0.628778|4de|Rx|d|3|C00000
0.628778|55d|Rx|d|8|00FD50C091800000
0.644290|211|Rx|d|8|8200FFFFA90000D1
0.644290|214|Rx|d|2|0
0.653525|1b0|Rx|d|4|FF00FFC4
0.653525|5de|Rx|d|8|2
0.653525|5df|Rx|d|3|9500
0.683755|211|Rx|d|8|8200FFFFA90000D1
0.683755|214|Rx|d|2|0
0.683755|218|Rx|d|1|98
0.683755|4fa|Rx|d|2|800
0.683755|671|Rx|d|2|200
0.683755|1b0|Rx|d|4|FF00FFC4
0.683755|657|Rx|d|2|C0CC
0.683755|4ac|Rx|d|5|83762A0080
0.683755|45c|Rx|d|6|00000000FFE0
0.683755|211|Rx|d|8|8200FFFFA90000D1
0.683755|214|Rx|d|2|0
0.683755|4f8|Rx|d|8|94C0000000000000
0.683755|1b0|Rx|d|4|FF00FFC4
0.706201|211|Rx|d|8|8200FFFFA90000D1
0.706201|214|Rx|d|2|0
0.706201|3b7|Rx|d|6|37007FC000C0
0.706201|1b0|Rx|d|4|FF00FFC4
0.733610|211|Rx|d|8|8200FFFFA90000D1
0.733610|214|Rx|d|2|0
0.733610|350|Rx|d|8|C02F3AF91870A489
0.733610|1b0|Rx|d|4|FF00FFC4
0.733610|4de|Rx|d|3|C00000
0.733610|55d|Rx|d|8|00FD50C091800000
0.749222|211|Rx|d|8|8200FFFFA90000D1
0.749222|214|Rx|d|2|0
0.749222|1b0|Rx|d|4|FF00FFC4
0.749222|5de|Rx|d|8|2
0.763888|5df|Rx|d|3|9500
0.763888|211|Rx|d|8|8200FFFFA90000D1
0.763888|214|Rx|d|2|0
0.763888|218|Rx|d|1|98
0.763888|4fa|Rx|d|2|800
0.763888|671|Rx|d|2|200
0.763888|1b0|Rx|d|4|FF00FFC4
0.763888|657|Rx|d|2|C0CC
0.763888|69f|Rx|d|4|0650859F
0.785461|4ac|Rx|d|5|83762A0080
0.785461|45c|Rx|d|6|00000000FFE0
0.785461|211|Rx|d|8|8200FFFFA90000D1
0.785461|214|Rx|d|2|0
0.785461|4f8|Rx|d|8|94C0000000000000
0.785461|1b0|Rx|d|4|FF00FFC4
0.814953|211|Rx|d|8|8200FFFFA90000D1
0.814953|214|Rx|d|2|0
0.814953|3b7|Rx|d|6|37007FC000C0
0.814953|1b0|Rx|d|4|FF00FFC4
0.834309|211|Rx|d|8|8200FFFFA90000D1
0.834309|214|Rx|d|2|0
0.834309|350|Rx|d|8|C02F3AF91870A489
0.834309|1b0|Rx|d|4|FF00FFC4
0.834309|4de|Rx|d|3|C00000
0.834309|55d|Rx|d|8|00FD50C091800000
0.844316|211|Rx|d|8|8200FFFFA90000D1
0.844316|214|Rx|d|2|0
0.853892|1b0|Rx|d|4|FF00FFC4
0.853892|5de|Rx|d|8|2
0.853892|5df|Rx|d|3|9500
0.874220|211|Rx|d|8|8200FFFFA90000D1
0.874220|214|Rx|d|2|0
0.874220|218|Rx|d|1|98
0.874220|4fa|Rx|d|2|800
0.874220|671|Rx|d|2|200
0.874220|1b0|Rx|d|4|FF00FFC4
0.874220|657|Rx|d|2|C0CC
0.874220|4ac|Rx|d|5|83762A0080
0.874220|45c|Rx|d|6|00000000FFE0
0.893442|211|Rx|d|8|8200FFFFA90000D1
0.893442|214|Rx|d|2|0
0.893442|4f8|Rx|d|8|94C0000000000000
0.893442|1b0|Rx|d|4|FF00FFC4
0.904020|211|Rx|d|8|8200FFFFA90000D1
0.904020|214|Rx|d|2|0
0.904020|3b7|Rx|d|6|37007FC000C0
0.904020|1b0|Rx|d|4|FF00FFC4
0.924028|211|Rx|d|8|8200FFFFA90000D1
0.924028|214|Rx|d|2|0
0.924028|350|Rx|d|8|C02F3AF91870A489
0.924028|1b0|Rx|d|4|FF00FFC4
0.924028|4de|Rx|d|3|C00000
0.924028|55d|Rx|d|8|00FD50C091800000
0.944020|211|Rx|d|8|8200FFFFA90000D1
0.944020|214|Rx|d|2|0
0.944020|1b0|Rx|d|4|FF00FFC4
0.944020|5de|Rx|d|8|2
0.959065|5df|Rx|d|3|9500
0.964088|211|Rx|d|8|8200FFFFA90000D1
0.964088|214|Rx|d|2|0
0.964088|218|Rx|d|1|98
0.964088|4fa|Rx|d|2|800
0.964088|671|Rx|d|2|200
0.964088|1b0|Rx|d|4|FF00FFC4
0.964088|657|Rx|d|2|C0CC
0.985649|4ac|Rx|d|5|83762A0080
0.985649|45c|Rx|d|6|00000000FFE0
0.985649|211|Rx|d|8|8200FFFFA90000D1
0.985649|214|Rx|d|2|0
0.985649|4f8|Rx|d|8|94C0000000000000
0.985649|1b0|Rx|d|4|FF00FFC4
1.004557|211|Rx|d|8|8200FFFFA90000D1
1.004557|214|Rx|d|2|0
1.004557|3b7|Rx|d|6|37007FC000C0
1.004557|1b0|Rx|d|4|FF00FFC4
1.033991|211|Rx|d|8|8200FFFFA90000D1
1.033991|214|Rx|d|2|0
1.033991|350|Rx|d|8|C02F3AF91870A489
1.033991|1b0|Rx|d|4|FF00FFC4
1.033991|4de|Rx|d|3|C00000
1.033991|55d|Rx|d|8|00FD50C091800000
1.044034|211|Rx|d|8|8200FFFFA90000D1
1.044034|214|Rx|d|2|0
1.052538|1b0|Rx|d|4|FF00FFC4
1.052538|5de|Rx|d|8|2
1.059221|5df|Rx|d|3|9500
1.064320|211|Rx|d|8|8200FFFFA90000D1
1.064320|214|Rx|d|2|0
1.064320|218|Rx|d|1|98
1.064320|4fa|Rx|d|2|800
1.064320|671|Rx|d|2|200
1.064320|1b0|Rx|d|4|FF00FFC4
1.064320|657|Rx|d|2|C0CC
1.085860|4ac|Rx|d|5|83762A0080
1.085860|45c|Rx|d|6|00000000FFE0
1.085860|211|Rx|d|8|8200FFFFA90000D1
1.085860|214|Rx|d|2|0
1.085860|4f8|Rx|d|8|94C0000000000000
1.085860|1b0|Rx|d|4|FF00FFC4
1.113856|211|Rx|d|8|8200FFFFA90000D1
1.113856|214|Rx|d|2|0
1.113856|3b7|Rx|d|6|37007FC000C0
1.113856|1b0|Rx|d|4|FF00FFC4
1.123689|646|Rx|d|8|000000020000000C
1.123689|211|Rx|d|8|8200FFFFA90000D1
1.123689|214|Rx|d|2|0
1.123689|350|Rx|d|8|C02F3AF91870A489
1.123689|1b0|Rx|d|4|FF00FFC4
1.123689|4de|Rx|d|3|C00000
1.123689|55d|Rx|d|8|00FD50C091800000
1.153928|211|Rx|d|8|8200FFFFA90000D1
1.153928|214|Rx|d|2|0
1.153928|1b0|Rx|d|4|FF00FFC4
1.153928|5de|Rx|d|8|2
1.163947|5df|Rx|d|3|9500
1.163947|211|Rx|d|8|8200FFFFA90000D1
1.163947|214|Rx|d|2|0
1.163947|218|Rx|d|1|98
1.163947|4fa|Rx|d|2|800
1.163947|671|Rx|d|2|200
1.163947|1b0|Rx|d|4|FF00FFC4
1.163947|657|Rx|d|2|C0CC
1.183498|4ac|Rx|d|5|83762A0080
1.183498|45c|Rx|d|6|00000000FFE0
1.183498|211|Rx|d|8|8200FFFFA90000D1
1.183498|214|Rx|d|2|0
1.183498|4f8|Rx|d|8|94C0000000000000
1.183498|1b0|Rx|d|4|FF00FFC4
1.204145|211|Rx|d|8|8200FFFFA90000D1
1.204145|214|Rx|d|2|0
1.204145|3b7|Rx|d|6|37007FC000C0
1.204542|1b0|Rx|d|4|FF00FFC4
1.234208|211|Rx|d|8|8200FFFFA90000D1
1.234208|214|Rx|d|2|0
1.234208|350|Rx|d|8|C02F3AF91870A489
1.234208|1b0|Rx|d|4|FF00FFC4
1.234208|4de|Rx|d|3|C00000
1.234208|55d|Rx|d|8|00FD50C091800000
1.243850|211|Rx|d|8|8200FFFFA90000D1
1.243850|214|Rx|d|2|0
1.254155|1b0|Rx|d|4|FF00FFC4
1.254155|5de|Rx|d|8|2
1.259163|5df|Rx|d|3|9500
1.259163|211|Rx|d|8|8200FFFFA90000D1
1.259163|214|Rx|d|2|0
1.259163|218|Rx|d|1|98
1.259163|4fa|Rx|d|2|800
1.259163|671|Rx|d|2|200
1.283873|1b0|Rx|d|4|FF00FFC4
1.283873|657|Rx|d|2|C0CC
1.283873|4ac|Rx|d|5|83762A0080
1.283873|45c|Rx|d|6|00000000FFE0
1.283873|211|Rx|d|8|8200FFFFA90000D1
1.283873|214|Rx|d|2|0
1.283873|4f8|Rx|d|8|94C0000000000000
1.283873|1b0|Rx|d|4|FF00FFC4
1.313784|211|Rx|d|8|8200FFFFA90000D1
1.313784|214|Rx|d|2|0
1.313784|3b7|Rx|d|6|37007FC000C0
1.313784|1b0|Rx|d|4|FF00FFC4
1.333363|211|Rx|d|8|8200FFFFA90000D1
1.333363|214|Rx|d|2|0
1.333363|350|Rx|d|8|C02F3AF91870A489
1.333363|1b0|Rx|d|4|FF00FFC4
1.333363|4de|Rx|d|3|C00000
1.333363|55d|Rx|d|8|00FD50C091800000
1.354223|211|Rx|d|8|8200FFFFA90000D1
1.354223|214|Rx|d|2|0
1.354223|1b0|Rx|d|4|FF00FFC4
1.354223|5de|Rx|d|8|2
1.354223|5df|Rx|d|3|9500
1.384124|211|Rx|d|8|8200FFFFA90000D1
1.384124|214|Rx|d|2|0
1.384124|218|Rx|d|1|98
1.384124|4fa|Rx|d|2|800
1.384124|671|Rx|d|2|200
1.384124|1b0|Rx|d|4|FF00FFC4
1.384124|657|Rx|d|2|C0CC
1.384124|4ac|Rx|d|5|83762A0080
1.384124|45c|Rx|d|6|00000000FFE0
1.384124|211|Rx|d|8|8200FFFFA90000D1
1.384124|214|Rx|d|2|0
1.384124|4f8|Rx|d|8|94C0000000000000
1.384124|1b0|Rx|d|4|FF00FFC4
1.405876|211|Rx|d|8|8200FFFFA90000D1
1.405876|214|Rx|d|2|0
1.405876|3b7|Rx|d|6|37007FC000C0
1.405876|1b0|Rx|d|4|FF00FFC4
1.434317|211|Rx|d|8|8200FFFFA90000D1
1.434317|214|Rx|d|2|0
1.434317|350|Rx|d|8|C02F3AF91870A489
1.434317|1b0|Rx|d|4|FF00FFC4
1.434317|4de|Rx|d|3|C00000
1.434317|55d|Rx|d|8|00FD50C091800000
1.444228|211|Rx|d|8|8200FFFFA90000D1
1.444228|214|Rx|d|2|0
1.444228|1b0|Rx|d|4|FF00FFC4
1.444228|5de|Rx|d|8|2
1.463308|5df|Rx|d|3|9500
1.463308|211|Rx|d|8|8200FFFFA90000D1
1.463308|214|Rx|d|2|0
1.463308|218|Rx|d|1|98
1.463308|4fa|Rx|d|2|800
1.463308|671|Rx|d|2|200
1.463308|1b0|Rx|d|4|FF00FFC4
1.463308|657|Rx|d|2|C0CC
1.484298|4ac|Rx|d|5|83762A0080
1.484298|45c|Rx|d|6|00000000FFE0
1.484298|211|Rx|d|8|8200FFFFA90000D1
1.484298|214|Rx|d|2|0
1.484298|4f8|Rx|d|8|94C0000000000000
1.484298|1b0|Rx|d|4|FF00FFC4
1.514074|211|Rx|d|8|8200FFFFA90000D1
1.514074|214|Rx|d|2|0
1.514074|3b7|Rx|d|6|37007FC000C0
1.514074|1b0|Rx|d|4|FF00FFC4
1.529089|211|Rx|d|8|8200FFFFA90000D1
1.529089|214|Rx|d|2|0
1.529089|350|Rx|d|8|C02F3AF91870A489
1.529089|1b0|Rx|d|4|FF00FFC4
1.529089|4de|Rx|d|3|C00000
1.529089|55d|Rx|d|8|00FD50C091800000
1.554284|211|Rx|d|8|8200FFFFA90000D1
1.554284|214|Rx|d|2|0
1.554284|1b0|Rx|d|4|FF00FFC4
1.554284|5de|Rx|d|8|2
1.554284|5df|Rx|d|3|9500
1.584142|211|Rx|d|8|8200FFFFA90000D1
1.584142|214|Rx|d|2|0
1.584142|218|Rx|d|1|98
1.584142|4fa|Rx|d|2|800
1.584142|671|Rx|d|2|200
1.584142|1b0|Rx|d|4|FF00FFC4
1.584167|657|Rx|d|2|C0CC
1.584167|4ac|Rx|d|5|83762A0080
1.584167|45c|Rx|d|6|00000000FFE0
1.584167|211|Rx|d|8|8200FFFFA90000D1
1.584167|214|Rx|d|2|0
1.584167|4f8|Rx|d|8|94C0000000000000
1.584167|1b0|Rx|d|4|FF00FFC4
1.613135|211|Rx|d|8|8200FFFFA90000D1
1.613135|214|Rx|d|2|0
1.613135|1b0|Rx|d|4|FF00FFC4
1.613135|3b7|Rx|d|6|37007FC000C0
1.613135|646|Rx|d|8|000000020000000C
1.633619|211|Rx|d|8|8200FFFFA90000D1
1.633619|214|Rx|d|2|0
1.633619|350|Rx|d|8|C02F3AF91870A489
1.633619|1b0|Rx|d|4|FF00FFC4
1.633619|4de|Rx|d|3|C00000
1.633619|55d|Rx|d|8|00FD50C091800000
1.654227|211|Rx|d|8|8200FFFFA90000D1
1.654227|214|Rx|d|2|0
1.654227|1b0|Rx|d|4|FF00FFC4
1.654227|5de|Rx|d|8|2
1.663978|5df|Rx|d|3|9500
1.663978|211|Rx|d|8|8200FFFFA90000D1
1.663978|214|Rx|d|2|0
1.663978|218|Rx|d|1|98
1.663978|4fa|Rx|d|2|800
1.663978|671|Rx|d|2|200
1.663978|1b0|Rx|d|4|FF00FFC4
1.663978|657|Rx|d|2|C0CC
1.685802|4ac|Rx|d|5|83762A0080
1.685802|45c|Rx|d|6|00000000FFE0
1.685802|211|Rx|d|8|8200FFFFA90000D1
1.685802|214|Rx|d|2|0
1.685802|4f8|Rx|d|8|94C0000000000000
1.685802|1b0|Rx|d|4|FF00FFC4
1.709028|211|Rx|d|8|8200FFFFA90000D1
1.709028|214|Rx|d|2|0
1.709028|1b0|Rx|d|4|FF00FFC4
1.709028|3b7|Rx|d|6|37007FC000C0
1.724082|211|Rx|d|8|8200FFFFA90000D1
1.724082|214|Rx|d|2|0
1.724082|350|Rx|d|8|C02F3AF91870A489
1.724082|1b0|Rx|d|4|FF00FFC4
1.724082|4de|Rx|d|3|C00000
1.724082|55d|Rx|d|8|00FD50C091800000
1.750842|211|Rx|d|8|8200FFFFA90000D1
1.750842|214|Rx|d|2|0
1.750842|1b0|Rx|d|4|FF00FFC4
1.750842|5de|Rx|d|8|2
1.750842|5df|Rx|d|3|9500
1.773600|211|Rx|d|8|8200FFFFA90000D1
1.773600|214|Rx|d|2|0
1.773600|218|Rx|d|1|98
1.773600|4fa|Rx|d|2|800
1.773600|671|Rx|d|2|200
1.773600|1b0|Rx|d|4|FF00FFC4
1.773600|657|Rx|d|2|C0CC
1.773600|69f|Rx|d|4|0650859F
1.773600|4ac|Rx|d|5|83762A0080
1.773600|45c|Rx|d|6|00000000FFE0
1.794192|211|Rx|d|8|8200FFFFA90000D1
1.794192|214|Rx|d|2|0
1.794192|1b0|Rx|d|4|FF00FFC4
1.794192|4f8|Rx|d|8|94C0000000000000
1.814523|211|Rx|d|8|8200FFFFA90000D1
1.814523|214|Rx|d|2|0
1.814523|1b0|Rx|d|4|FF00FFC4
1.814523|3b7|Rx|d|6|37007FC000C0
1.834412|211|Rx|d|8|8200FFFFA90000D1
1.834412|214|Rx|d|2|0
1.834412|350|Rx|d|8|C02F3AF91870A489
1.834412|1b0|Rx|d|4|FF00FFC4
1.834412|4de|Rx|d|3|C00000
1.834412|55d|Rx|d|8|00FD50C091800000
1.854242|211|Rx|d|8|8200FFFFA90000D1
1.854242|214|Rx|d|2|0
1.854242|1b0|Rx|d|4|FF00FFC4
1.854242|5de|Rx|d|8|2
1.864216|5df|Rx|d|3|9500
1.864216|211|Rx|d|8|8200FFFFA90000D1
1.864216|214|Rx|d|2|0
1.864216|218|Rx|d|1|98
1.864216|4fa|Rx|d|2|800
1.864216|671|Rx|d|2|200
1.864216|1b0|Rx|d|4|FF00FFC4
1.864216|657|Rx|d|2|C0CC
1.879107|4ac|Rx|d|5|83762A0080
1.879107|45c|Rx|d|6|00000000FFE0
1.884246|211|Rx|d|8|8200FFFFA90000D1
1.884246|214|Rx|d|2|0
1.884246|1b0|Rx|d|4|FF00FFC4
1.884246|4f8|Rx|d|8|94C0000000000000
1.908799|211|Rx|d|8|8200FFFFA90000D1
1.908799|214|Rx|d|2|0
1.908799|1b0|Rx|d|4|FF00FFC4
1.908799|3b7|Rx|d|6|37007FC000C0
1.923821|211|Rx|d|8|8200FFFFA90000D1
1.923821|214|Rx|d|2|0
1.928781|350|Rx|d|8|C02F3AF91870A489
1.928781|1b0|Rx|d|4|FF00FFC4
1.928781|4de|Rx|d|3|C00000
1.928781|55d|Rx|d|8|00FD50C091800000
1.944182|211|Rx|d|8|8200FFFFA90000D1
1.944182|214|Rx|d|2|0
1.944182|1b0|Rx|d|4|FF00FFC4
1.944182|5de|Rx|d|8|2
1.959083|5df|Rx|d|3|9500
1.959083|211|Rx|d|8|8200FFFFA90000D1
1.959083|214|Rx|d|2|0
1.959083|218|Rx|d|1|98
1.959083|4fa|Rx|d|2|800
1.959083|671|Rx|d|2|200
1.974133|1b0|Rx|d|4|FF00FFC4
1.974133|657|Rx|d|2|C0CC
1.974133|4ac|Rx|d|5|83762A0080
1.974133|45c|Rx|d|6|00000000FFE0
1.984427|211|Rx|d|8|8200FFFFA90000D1
1.984427|214|Rx|d|2|0
1.984427|1b0|Rx|d|4|FF00FFC4
1.984427|4f8|Rx|d|8|94C0000000000000
2.004349|211|Rx|d|8|8200FFFFA90000D1
2.004349|214|Rx|d|2|0
2.004349|1b0|Rx|d|4|FF00FFC4
2.004349|3b7|Rx|d|6|37007FC000C0
2.024378|211|Rx|d|8|8200FFFFA90000D1
2.024378|214|Rx|d|2|0
2.024378|350|Rx|d|8|C02F3AF91870A489
2.024378|1b0|Rx|d|4|FF00FFC4
2.024378|4de|Rx|d|3|C00000
2.024378|55d|Rx|d|8|00FD50C091800000
2.043950|211|Rx|d|8|8200FFFFA90000D1
2.043950|214|Rx|d|2|0
2.043950|1b0|Rx|d|4|FF00FFC4
2.043950|5de|Rx|d|8|2
2.064091|5df|Rx|d|3|9500
2.064091|211|Rx|d|8|8200FFFFA90000D1
2.064091|214|Rx|d|2|0
2.064091|218|Rx|d|1|98
2.064091|4fa|Rx|d|2|800
2.064091|671|Rx|d|2|200
2.064091|1b0|Rx|d|4|FF00FFC4
2.064091|657|Rx|d|2|C0CC
2.083450|4ac|Rx|d|5|83762A0080
2.083450|45c|Rx|d|6|00000000FFE0
2.083450|211|Rx|d|8|8200FFFFA90000D1
2.083450|214|Rx|d|2|0
2.083450|1b0|Rx|d|4|FF00FFC4
2.083450|4f8|Rx|d|8|94C0000000000000
2.113181|211|Rx|d|8|8200FFFFA90000D1
2.113181|214|Rx|d|2|0
2.113181|1b0|Rx|d|4|FF00FFC4
2.113181|3b7|Rx|d|6|37007FC000C0
2.124274|646|Rx|d|8|000000020000000C
2.124274|211|Rx|d|8|8200FFFFA90000D1
2.124274|214|Rx|d|2|0
2.124274|350|Rx|d|8|C02F3AF91870A489
2.124274|1b0|Rx|d|4|FF00FFC4
2.124274|4de|Rx|d|3|C00000
2.124274|55d|Rx|d|8|00FD50C091800000
2.154285|211|Rx|d|8|8200FFFFA90000D1
2.154285|214|Rx|d|2|0
2.154285|1b0|Rx|d|4|FF00FFC4
2.154285|5de|Rx|d|8|2
2.154285|5df|Rx|d|3|9500
2.173972|211|Rx|d|8|8200FFFFA90000D1
2.173972|214|Rx|d|2|0
2.173972|218|Rx|d|1|98
2.173972|4fa|Rx|d|2|800
2.173972|671|Rx|d|2|200
2.173972|1b0|Rx|d|4|FF00FFC4
2.173972|657|Rx|d|2|C0CC
2.173972|4ac|Rx|d|5|83762A0080
2.173972|45c|Rx|d|6|00000000FFE0
2.194206|211|Rx|d|8|8200FFFFA90000D1
2.194206|214|Rx|d|2|0
2.194206|1b0|Rx|d|4|FF00FFC4
2.194206|4f8|Rx|d|8|94C0000000000000
2.213538|211|Rx|d|8|8200FFFFA90000D1
2.213538|214|Rx|d|2|0
2.213538|1b0|Rx|d|4|FF00FFC4
2.213538|3b7|Rx|d|6|37007FC000C0
2.233785|211|Rx|d|8|8200FFFFA90000D1
2.233785|214|Rx|d|2|0
2.233785|350|Rx|d|8|C02F3AF91870A489
2.233785|1b0|Rx|d|4|FF00FFC4
2.233785|4de|Rx|d|3|C00000
2.233785|55d|Rx|d|8|00FD50C091800000
2.244267|211|Rx|d|8|8200FFFFA90000D1
2.244267|214|Rx|d|2|0
2.248730|1b0|Rx|d|4|FF00FFC4
2.248730|5de|Rx|d|8|2
2.258699|5df|Rx|d|3|9500
2.263789|211|Rx|d|8|8200FFFFA90000D1
2.263789|214|Rx|d|2|0
2.263789|218|Rx|d|1|98
2.263789|4fa|Rx|d|2|800
2.263789|671|Rx|d|2|200
2.263789|1b0|Rx|d|4|FF00FFC4
2.263789|657|Rx|d|2|C0CC
2.286300|4ac|Rx|d|5|83762A0080
2.286300|45c|Rx|d|6|00000000FFE0
2.286300|211|Rx|d|8|8200FFFFA90000D1
2.286300|214|Rx|d|2|0
2.286300|1b0|Rx|d|4|FF00FFC4
2.286300|4f8|Rx|d|8|94C0000000000000
2.314325|211|Rx|d|8|8200FFFFA90000D1
2.314325|214|Rx|d|2|0
2.314325|1b0|Rx|d|4|FF00FFC4
2.314325|3b7|Rx|d|6|37007FC000C0
2.329035|211|Rx|d|8|8200FFFFA90000D1
2.329035|214|Rx|d|2|0
2.329035|350|Rx|d|8|C02F3AF91870A489
2.329035|1b0|Rx|d|4|FF00FFC4
2.329035|4de|Rx|d|3|C00000
2.329035|55d|Rx|d|8|00FD50C091800000
2.344155|211|Rx|d|8|8200FFFFA90000D1
2.344155|214|Rx|d|2|0
2.353871|1b0|Rx|d|4|FF00FFC4
2.353871|5de|Rx|d|8|2
2.353871|5df|Rx|d|3|9500
2.373847|211|Rx|d|8|8200FFFFA90000D1
2.373847|214|Rx|d|2|0
2.373847|218|Rx|d|1|98
2.373847|4fa|Rx|d|2|800
2.373847|671|Rx|d|2|200
2.373847|1b0|Rx|d|4|FF00FFC4
2.373847|657|Rx|d|2|C0CC
2.373847|4ac|Rx|d|5|83762A0080
2.373847|45c|Rx|d|6|00000000FFE0
2.386278|211|Rx|d|8|8200FFFFA90000D1
2.386278|214|Rx|d|2|0
2.386278|1b0|Rx|d|4|FF00FFC4
2.386278|4f8|Rx|d|8|94C0000000000000
2.403906|211|Rx|d|8|8200FFFFA90000D1
2.403906|214|Rx|d|2|0
2.414110|1b0|Rx|d|4|FF00FFC4
2.414110|3b7|Rx|d|6|37007FC000C0
2.433881|211|Rx|d|8|8200FFFFA90000D1
2.433881|214|Rx|d|2|0
2.433881|350|Rx|d|8|C02F3AF91870A489
2.433881|1b0|Rx|d|4|FF00FFC4
2.433881|4de|Rx|d|3|C00000
2.433881|55d|Rx|d|8|00FD50C091800000
2.448798|211|Rx|d|8|8200FFFFA90000D1
2.448798|214|Rx|d|2|0
2.448798|1b0|Rx|d|4|FF00FFC4
2.448798|5de|Rx|d|8|2
2.454164|5df|Rx|d|3|9500
2.474149|211|Rx|d|8|8200FFFFA90000D1
2.474149|214|Rx|d|2|0
2.474149|218|Rx|d|1|98
2.474149|4fa|Rx|d|2|800
2.474149|671|Rx|d|2|200
2.474149|1b0|Rx|d|4|FF00FFC4
2.474149|657|Rx|d|2|C0CC
2.474149|4ac|Rx|d|5|83762A0080
2.474149|45c|Rx|d|6|00000000FFE0
2.486434|211|Rx|d|8|8200FFFFA90000D1
2.486434|214|Rx|d|2|0
2.486434|1b0|Rx|d|4|FF00FFC4
2.486434|4f8|Rx|d|8|94C0000000000000
2.513497|211|Rx|d|8|8200FFFFA90000D1
2.513497|214|Rx|d|2|0
2.513497|1b0|Rx|d|4|FF00FFC4
2.513497|3b7|Rx|d|6|37007FC000C0
2.533744|211|Rx|d|8|8200FFFFA90000D1
2.533744|214|Rx|d|2|0
2.533744|350|Rx|d|8|C02F3AF91870A489
2.533744|1b0|Rx|d|4|FF00FFC4
2.533744|4de|Rx|d|3|C00000
2.533744|55d|Rx|d|8|00FD50C091800000
2.544152|211|Rx|d|8|8200FFFFA90000D1
2.544152|214|Rx|d|2|0
2.554128|1b0|Rx|d|4|FF00FFC4
2.554128|5de|Rx|d|8|2
2.554128|5df|Rx|d|3|9500
2.574022|211|Rx|d|8|8200FFFFA90000D1
2.574022|214|Rx|d|2|0
2.574022|218|Rx|d|1|98
2.574022|4fa|Rx|d|2|800
2.574022|671|Rx|d|2|200
2.574022|1b0|Rx|d|4|FF00FFC4
2.574022|657|Rx|d|2|C0CC
2.584003|4ac|Rx|d|5|83762A0080
2.584003|45c|Rx|d|6|00000000FFE0
2.586440|211|Rx|d|8|8200FFFFA90000D1
2.586440|214|Rx|d|2|0
2.586440|1b0|Rx|d|4|FF00FFC4
2.586440|4f8|Rx|d|8|94C0000000000000
2.614532|211|Rx|d|8|8200FFFFA90000D1
2.614532|214|Rx|d|2|0
2.614532|1b0|Rx|d|4|FF00FFC4
2.614532|3b7|Rx|d|6|37007FC000C0
2.619038|646|Rx|d|8|000000020000000C
2.619038|211|Rx|d|8|8200FFFFA90000D1
2.619038|214|Rx|d|2|0
2.643936|350|Rx|d|8|C02F3AF91870A489
2.643936|1b0|Rx|d|4|FF00FFC4
2.643936|4de|Rx|d|3|C00000
2.643936|55d|Rx|d|8|00FD50C091800000
2.649197|211|Rx|d|8|8200FFFFA90000D1
2.649197|214|Rx|d|2|0
2.649197|1b0|Rx|d|4|FF00FFC4
2.649197|5de|Rx|d|8|2
2.662954|5df|Rx|d|3|9500
2.674097|211|Rx|d|8|8200FFFFA90000D1
2.674308|214|Rx|d|2|0
2.674308|218|Rx|d|1|98
2.674308|4fa|Rx|d|2|800
2.674308|671|Rx|d|2|200
2.674308|1b0|Rx|d|4|FF00FFC4
2.674308|657|Rx|d|2|C0CC
2.674308|4ac|Rx|d|5|83762A0080
2.674308|45c|Rx|d|6|00000000FFE0
2.694160|211|Rx|d|8|8200FFFFA90000D1
2.694160|214|Rx|d|2|0
2.694160|1b0|Rx|d|4|FF00FFC4
2.694160|4f8|Rx|d|8|94C0000000000000
2.714079|211|Rx|d|8|8200FFFFA90000D1
2.714079|214|Rx|d|2|0
2.714079|1b0|Rx|d|4|FF00FFC4
2.714079|3b7|Rx|d|6|37007FC000C0
2.724158|211|Rx|d|8|8200FFFFA90000D1
2.724158|214|Rx|d|2|0
2.733834|350|Rx|d|8|C02F3AF91870A489
2.733834|1b0|Rx|d|4|FF00FFC4
2.733834|4de|Rx|d|3|C00000
2.733834|55d|Rx|d|8|00FD50C091800000
2.753227|211|Rx|d|8|8200FFFFA90000D1
2.753227|214|Rx|d|2|0
2.753227|1b0|Rx|d|4|FF00FFC4
2.753227|5de|Rx|d|8|2
2.764509|5df|Rx|d|3|9500
2.764509|211|Rx|d|8|8200FFFFA90000D1
2.764509|214|Rx|d|2|0
2.764509|218|Rx|d|1|98
2.764509|4fa|Rx|d|2|800
2.764509|671|Rx|d|2|200
2.764509|1b0|Rx|d|4|FF00FFC4
2.764509|657|Rx|d|2|C0CC
2.764509|69f|Rx|d|4|0650859F
2.778729|4ac|Rx|d|5|83762A0080
2.778729|45c|Rx|d|6|00000000FFE0
2.778729|211|Rx|d|8|8200FFFFA90000D1
2.778729|214|Rx|d|2|0
2.794172|1b0|Rx|d|4|FF00FFC4
2.794172|4f8|Rx|d|8|94C0000000000000
2.804039|211|Rx|d|8|8200FFFFA90000D1
2.804039|214|Rx|d|2|0
2.809280|1b0|Rx|d|4|FF00FFC4
2.809280|3b7|Rx|d|6|37007FC000C0
2.828715|211|Rx|d|8|8200FFFFA90000D1
2.828715|214|Rx|d|2|0
2.828715|350|Rx|d|8|C02F3AF91870A489
2.828715|1b0|Rx|d|4|FF00FFC4
2.828715|4de|Rx|d|3|C00000
2.828715|55d|Rx|d|8|00FD50C091800000
2.854435|211|Rx|d|8|8200FFFFA90000D1
2.854466|214|Rx|d|2|0
2.854466|1b0|Rx|d|4|FF00FFC4
2.854466|5de|Rx|d|8|2
2.854466|5df|Rx|d|3|9500
2.884485|211|Rx|d|8|8200FFFFA90000D1
2.884485|214|Rx|d|2|0
2.884485|218|Rx|d|1|98
2.884485|4fa|Rx|d|2|800
2.884485|671|Rx|d|2|200
2.884485|1b0|Rx|d|4|FF00FFC4
2.884485|657|Rx|d|2|C0CC
2.884485|4ac|Rx|d|5|83762A0080
2.884485|45c|Rx|d|6|00000000FFE0
2.884485|211|Rx|d|8|8200FFFFA90000D1
2.884485|214|Rx|d|2|0
2.884485|1b0|Rx|d|4|FF00FFC4
2.884485|4f8|Rx|d|8|94C0000000000000
2.908908|211|Rx|d|8|8200FFFFA90000D1
2.908908|214|Rx|d|2|0
2.908908|1b0|Rx|d|4|FF00FFC4
2.908908|3b7|Rx|d|6|37007FC000C0
2.924016|211|Rx|d|8|8200FFFFA90000D1
2.924016|214|Rx|d|2|0
2.924016|350|Rx|d|8|C02F3AF91870A489
2.924016|1b0|Rx|d|4|FF00FFC4
2.924016|4de|Rx|d|3|C00000
2.924016|55d|Rx|d|8|00FD50C091800000
2.943860|211|Rx|d|8|8200FFFFA90000D1
2.943860|214|Rx|d|2|0
2.943860|1b0|Rx|d|4|FF00FFC4
2.943860|5de|Rx|d|8|2
2.963949|5df|Rx|d|3|9500
2.963949|211|Rx|d|8|8200FFFFA90000D1
2.963949|214|Rx|d|2|0
2.963949|218|Rx|d|1|98
2.963949|4fa|Rx|d|2|800
2.963949|671|Rx|d|2|200
2.963949|1b0|Rx|d|4|FF00FFC4
2.963949|657|Rx|d|2|C0CC
2.978996|4ac|Rx|d|5|83762A0080
2.978996|45c|Rx|d|6|00000000FFE0
2.984036|211|Rx|d|8|8200FFFFA90000D1
2.984036|214|Rx|d|2|0
2.984036|1b0|Rx|d|4|FF00FFC4
2.984036|4f8|Rx|d|8|94C0000000000000
3.014484|211|Rx|d|8|8200FFFFA90000D1
3.014484|214|Rx|d|2|0
3.014484|1b0|Rx|d|4|FF00FFC4
3.014484|3b7|Rx|d|6|37007FC000C0
3.025805|211|Rx|d|8|8200FFFFA90000D1
3.025805|214|Rx|d|2|0
3.025805|350|Rx|d|8|C02F3AF91870A489
3.025805|1b0|Rx|d|4|FF00FFC4
3.025805|4de|Rx|d|3|C00000
3.025805|55d|Rx|d|8|00FD50C091800000
3.053882|211|Rx|d|8|8200FFFFA90000D1
3.053882|214|Rx|d|2|0
3.054164|1b0|Rx|d|4|FF00FFC4
3.054164|5de|Rx|d|8|2
3.064175|5df|Rx|d|3|9500
3.064175|211|Rx|d|8|8200FFFFA90000D1
3.064175|214|Rx|d|2|0
3.064175|218|Rx|d|1|98
3.064175|4fa|Rx|d|2|800
3.064175|671|Rx|d|2|200
3.064175|1b0|Rx|d|4|FF00FFC4
3.064175|657|Rx|d|2|C0CC
3.087158|4ac|Rx|d|5|83762A0080
3.087158|45c|Rx|d|6|00000000FFE0
3.087158|211|Rx|d|8|8200FFFFA90000D1
3.087158|214|Rx|d|2|0
3.087158|1b0|Rx|d|4|FF00FFC4
3.087158|4f8|Rx|d|8|94C0000000000000
3.104516|6fb|Rx|d|8|0F01A454FF0000FF
3.104516|211|Rx|d|8|8200FFFFA90000D1
3.104516|214|Rx|d|2|0
3.104516|1b0|Rx|d|4|FF00FFC4
3.104516|3b7|Rx|d|6|37007FC000C0
3.134556|646|Rx|d|8|000000020000000C
3.134556|211|Rx|d|8|8200FFFFA90000D1
3.134556|214|Rx|d|2|0
3.134556|350|Rx|d|8|C02F3AF91870A489
3.134556|1b0|Rx|d|4|FF00FFC4
3.134556|4de|Rx|d|3|C00000
3.134556|5ce|Rx|d|3|FEFF00
3.134556|55d|Rx|d|8|00FD50C091800000
3.145871|211|Rx|d|8|8200FFFFA90000D1
3.145871|214|Rx|d|2|0
3.145871|1b0|Rx|d|4|FF00FFC4
3.145871|5de|Rx|d|8|2
3.164123|5df|Rx|d|3|9500
3.164123|211|Rx|d|8|8200FFFFA90000D1
3.164123|214|Rx|d|2|0
3.164123|218|Rx|d|1|98
3.164123|4fa|Rx|d|2|800
3.164123|671|Rx|d|2|200
3.164123|1b0|Rx|d|4|FF00FFC4
3.164123|657|Rx|d|2|C0CC
3.183768|4ac|Rx|d|5|83762A0080
3.183768|45c|Rx|d|6|00000000FFE0
3.183768|211|Rx|d|8|8200FFFFA90000D1
3.183768|214|Rx|d|2|0
3.183768|1b0|Rx|d|4|FF00FFC4
3.183768|4f8|Rx|d|8|94C0000000000000
3.214397|211|Rx|d|8|8200FFFFA90000D1
3.214397|214|Rx|d|2|0
3.214397|1b0|Rx|d|4|FF00FFC4
3.214397|3b7|Rx|d|6|37007FC000C0
3.234212|211|Rx|d|8|8200FFFFA90000D1
3.234212|214|Rx|d|2|0
3.234212|350|Rx|d|8|C02F3AF91870A489
3.234212|1b0|Rx|d|4|FF00FFC4
3.234212|4de|Rx|d|3|C00000
3.234212|55d|Rx|d|8|00FD50C091800000
3.254205|211|Rx|d|8|8200FFFFA90000D1
3.254205|214|Rx|d|2|0
3.254205|1b0|Rx|d|4|FF00FFC4
3.254205|5de|Rx|d|8|2
3.254205|5df|Rx|d|3|9500
3.274005|211|Rx|d|8|8200FFFFA90000D1
3.274005|214|Rx|d|2|0
3.274005|218|Rx|d|1|98
3.274005|4fa|Rx|d|2|800
3.274005|671|Rx|d|2|200
3.274005|1b0|Rx|d|4|FF00FFC4
3.274005|657|Rx|d|2|C0CC
3.274005|4ac|Rx|d|5|83762A0080
3.274005|45c|Rx|d|6|00000000FFE0
3.294164|211|Rx|d|8|8200FFFFA90000D1
3.294164|214|Rx|d|2|0
3.294164|1b0|Rx|d|4|FF00FFC4
3.294164|4f8|Rx|d|8|94C0000000000000
3.303745|211|Rx|d|8|8200FFFFA90000D1
3.303745|214|Rx|d|2|0
3.308837|1b0|Rx|d|4|FF00FFC4
3.308837|3b7|Rx|d|6|37007FC000C0
3.334344|211|Rx|d|8|8200FFFFA90000D1
3.334344|214|Rx|d|2|0
3.334344|350|Rx|d|8|C02F3AF91870A489
3.334344|1b0|Rx|d|4|FF00FFC4
3.334344|4de|Rx|d|3|C00000
3.334344|55d|Rx|d|8|00FD50C091800000
3.354165|211|Rx|d|8|8200FFFFA90000D1
3.354165|214|Rx|d|2|0
3.354165|1b0|Rx|d|4|FF00FFC4
3.354165|5de|Rx|d|8|2
3.363972|5df|Rx|d|3|9500
3.373758|211|Rx|d|8|8200FFFFA90000D1
3.373758|214|Rx|d|2|0
3.373758|218|Rx|d|1|98
3.373758|4fa|Rx|d|2|800
3.373758|671|Rx|d|2|200
3.373758|1b0|Rx|d|4|FF00FFC4
3.373758|657|Rx|d|2|C0CC
3.379122|4ac|Rx|d|5|83762A0080
3.379122|45c|Rx|d|6|00000000FFE0
3.381972|211|Rx|d|8|8200FFFFA90000D1
3.381972|214|Rx|d|2|0
3.383611|1b0|Rx|d|4|FF00FFC4
3.383611|4f8|Rx|d|8|94C0000000000000
3.400303|211|Rx|d|8|8200FFFFA90000D1
3.400303|214|Rx|d|2|0
3.402304|1b0|Rx|d|4|FF00FFC4
3.402304|3b7|Rx|d|6|37007FC000C0
3.420290|211|Rx|d|8|8200FFFFA90000D1
3.420290|214|Rx|d|2|0
3.420290|350|Rx|d|8|C02F3AF91870A489
3.420290|1b0|Rx|d|4|FF00FFC4
3.420290|4de|Rx|d|3|C00000
3.420290|55d|Rx|d|8|00FD50C091800000
3.440277|211|Rx|d|8|8200FFFFA90000D1
3.440277|214|Rx|d|2|0
3.440277|1b0|Rx|d|4|FF00FFC4
3.440277|5de|Rx|d|8|2
3.452272|5df|Rx|d|3|9500
3.460265|211|Rx|d|8|8200FFFFA90000D1
3.460265|214|Rx|d|2|0
3.460265|218|Rx|d|1|98
3.460265|4fa|Rx|d|2|800
3.460265|671|Rx|d|2|200
3.462265|1b0|Rx|d|4|FF00FFC4
3.462265|657|Rx|d|2|C0CC
3.472258|4ac|Rx|d|5|83762A0080
3.472258|45c|Rx|d|6|00000000FFE0
3.478255|211|Rx|d|8|8200FFFFA90000D1
3.478255|214|Rx|d|2|0
3.482253|1b0|Rx|d|4|FF00FFC4
3.482253|4f8|Rx|d|8|94C0000000000000
3.498243|211|Rx|d|8|8200FFFFA90000D1
3.498243|214|Rx|d|2|0
3.503808|1b0|Rx|d|4|FF00FFC4
3.503808|3b7|Rx|d|6|37007FC000C0
3.534502|211|Rx|d|8|8200FFFFA90000D1
3.534502|214|Rx|d|2|0
3.534502|350|Rx|d|8|C02F3AF91870A489
3.534502|1b0|Rx|d|4|FF00FFC4
3.534502|4de|Rx|d|3|C00000
3.534502|55d|Rx|d|8|00FD50C091800000
3.553954|211|Rx|d|8|8200FFFFA90000D1
3.553954|214|Rx|d|2|0
3.553954|1b0|Rx|d|4|FF00FFC4
3.553954|5de|Rx|d|8|2
3.564119|5df|Rx|d|3|9500
3.564119|211|Rx|d|8|8200FFFFA90000D1
3.564119|214|Rx|d|2|0
3.564119|218|Rx|d|1|98
3.564119|4fa|Rx|d|2|800
3.564119|671|Rx|d|2|200
3.564119|1b0|Rx|d|4|FF00FFC4
3.564119|657|Rx|d|2|C0CC
3.584187|4ac|Rx|d|5|83762A0080
3.584187|45c|Rx|d|6|00000000FFE0
3.584187|211|Rx|d|8|8200FFFFA90000D1
3.584187|214|Rx|d|2|0
3.584187|1b0|Rx|d|4|FF00FFC4
3.584187|4f8|Rx|d|8|94C0000000000000
3.604491|211|Rx|d|8|8200FFFFA90000D1
3.604491|214|Rx|d|2|0
3.604491|1b0|Rx|d|4|FF00FFC4
3.604491|3b7|Rx|d|6|37007FC000C0
3.623960|646|Rx|d|8|000000020000000C
3.623960|211|Rx|d|8|8200FFFFA90000D1
3.623960|214|Rx|d|2|0
3.623960|350|Rx|d|8|C02F3AF91870A489
3.623960|1b0|Rx|d|4|FF00FFC4
3.623960|4de|Rx|d|3|C00000
3.623960|55d|Rx|d|8|00FD50C091800000
3.649152|211|Rx|d|8|8200FFFFA90000D1
3.649152|214|Rx|d|2|0
3.649152|1b0|Rx|d|4|FF00FFC4
3.649152|5de|Rx|d|8|2
3.664403|5df|Rx|d|3|9500
3.664403|211|Rx|d|8|8200FFFFA90000D1
3.664403|214|Rx|d|2|0
3.664403|218|Rx|d|1|98
3.664403|4fa|Rx|d|2|800
3.664403|671|Rx|d|2|200
3.664403|1b0|Rx|d|4|FF00FFC4
3.664403|657|Rx|d|2|C0CC
3.687149|4ac|Rx|d|5|83762A0080
3.687149|45c|Rx|d|6|00000000FFE0
3.687149|211|Rx|d|8|8200FFFFA90000D1
3.687149|214|Rx|d|2|0
3.687149|1b0|Rx|d|4|FF00FFC4
3.687149|4f8|Rx|d|8|94C0000000000000
3.703879|211|Rx|d|8|8200FFFFA90000D1
3.703879|214|Rx|d|2|0
3.703879|1b0|Rx|d|4|FF00FFC4
3.703879|3b7|Rx|d|6|37007FC000C0
3.734109|211|Rx|d|8|8200FFFFA90000D1
3.734109|214|Rx|d|2|0
3.734109|350|Rx|d|8|C02F3AF91870A489
3.734109|1b0|Rx|d|4|FF00FFC4
3.734109|4de|Rx|d|3|C00000
3.734109|55d|Rx|d|8|00FD50C091800000
3.744251|211|Rx|d|8|8200FFFFA90000D1
3.754018|214|Rx|d|2|0
3.754018|1b0|Rx|d|4|FF00FFC4
3.754037|5de|Rx|d|8|2
3.754037|5df|Rx|d|3|9500
3.784612|211|Rx|d|8|8200FFFFA90000D1
3.784612|214|Rx|d|2|0
3.784612|218|Rx|d|1|98
3.784612|4fa|Rx|d|2|800
3.784612|671|Rx|d|2|200
3.784612|1b0|Rx|d|4|FF00FFC4
3.784612|657|Rx|d|2|C0CC
3.784612|69f|Rx|d|4|0650859F
3.784612|4ac|Rx|d|5|83762A0080
3.784612|45c|Rx|d|6|00000000FFE0
3.784612|211|Rx|d|8|8200FFFFA90000D1
3.784612|214|Rx|d|2|0
3.784612|1b0|Rx|d|4|FF00FFC4
3.784612|4f8|Rx|d|8|94C0000000000000
3.813809|211|Rx|d|8|8200FFFFA90000D1
3.813809|214|Rx|d|2|0
3.813809|1b0|Rx|d|4|FF00FFC4
3.813809|3b7|Rx|d|6|37007FC000C0
3.828902|211|Rx|d|8|8200FFFFA90000D1
3.828902|214|Rx|d|2|0
3.828902|350|Rx|d|8|C02F3AF91870A489
3.828902|1b0|Rx|d|4|FF00FFC4
3.828902|4de|Rx|d|3|C00000
3.828902|55d|Rx|d|8|00FD50C091800000
3.843923|211|Rx|d|8|8200FFFFA90000D1
3.843923|214|Rx|d|2|0
3.843923|1b0|Rx|d|4|FF00FFC4
3.843923|5de|Rx|d|8|2
3.854096|5df|Rx|d|3|9500
3.874317|211|Rx|d|8|8200FFFFA90000D1
3.874317|214|Rx|d|2|0
3.874317|218|Rx|d|1|98
3.874317|4fa|Rx|d|2|800
3.874317|671|Rx|d|2|200
3.874317|1b0|Rx|d|4|FF00FFC4
3.874317|657|Rx|d|2|C0CC
3.884086|4ac|Rx|d|5|83762A0080
3.884086|45c|Rx|d|6|00000000FFE0
3.884086|211|Rx|d|8|8200FFFFA90000D1
3.884086|214|Rx|d|2|0
3.884086|1b0|Rx|d|4|FF00FFC4
3.884086|4f8|Rx|d|8|94C0000000000000
3.909168|211|Rx|d|8|8200FFFFA90000D1
3.909168|214|Rx|d|2|0
3.909168|1b0|Rx|d|4|FF00FFC4
3.909168|3b7|Rx|d|6|37007FC000C0
3.924295|211|Rx|d|8|8200FFFFA90000D1
3.924295|214|Rx|d|2|0
3.928800|350|Rx|d|8|C02F3AF91870A489
3.928800|1b0|Rx|d|4|FF00FFC4
3.928800|4de|Rx|d|3|C00000
3.928800|55d|Rx|d|8|00FD50C091800000
3.943815|211|Rx|d|8|8200FFFFA90000D1
3.943815|214|Rx|d|2|0
3.949161|1b0|Rx|d|4|FF00FFC4
3.949161|5de|Rx|d|8|2
3.959127|5df|Rx|d|3|9500
3.964210|211|Rx|d|8|8200FFFFA90000D1
3.964210|214|Rx|d|2|0
3.964210|218|Rx|d|1|98
3.964210|4fa|Rx|d|2|800
3.964210|671|Rx|d|2|200
3.964210|1b0|Rx|d|4|FF00FFC4
3.964210|657|Rx|d|2|C0CC
3.973957|4ac|Rx|d|5|83762A0080
3.973957|45c|Rx|d|6|00000000FFE0
3.980143|211|Rx|d|8|8200FFFFA90000D1
3.980143|214|Rx|d|2|0
3.982140|1b0|Rx|d|4|FF00FFC4
3.982140|4f8|Rx|d|8|94C0000000000000
4.000129|211|Rx|d|8|8200FFFFA90000D1
4.000129|214|Rx|d|2|0
4.000129|1b0|Rx|d|4|FF00FFC4
4.006129|3b7|Rx|d|6|37007FC000C0
4.020117|211|Rx|d|8|8200FFFFA90000D1
4.020117|214|Rx|d|2|0
4.020117|350|Rx|d|8|C02F3AF91870A489
4.020117|1b0|Rx|d|4|FF00FFC4
4.020117|4de|Rx|d|3|C00000
4.020117|55d|Rx|d|8|00FD50C091800000
4.040105|211|Rx|d|8|8200FFFFA90000D1
4.040105|214|Rx|d|2|0
4.040105|1b0|Rx|d|4|FF00FFC4
4.040105|5de|Rx|d|8|2
4.052100|5df|Rx|d|3|9500
4.060092|211|Rx|d|8|8200FFFFA90000D1
4.060092|214|Rx|d|2|0
4.060092|218|Rx|d|1|98
4.060092|4fa|Rx|d|2|800
4.060092|671|Rx|d|2|200
4.062092|1b0|Rx|d|4|FF00FFC4
4.062092|657|Rx|d|2|C0CC
4.072084|4ac|Rx|d|5|83762A0080
4.072084|45c|Rx|d|6|00000000FFE0
4.080081|211|Rx|d|8|8200FFFFA90000D1
4.080081|214|Rx|d|2|0
4.080081|1b0|Rx|d|4|FF00FFC4
4.086144|4f8|Rx|d|8|94C0000000000000
4.103819|211|Rx|d|8|8200FFFFA90000D1
4.103819|214|Rx|d|2|0
4.113963|1b0|Rx|d|4|FF00FFC4
4.113963|3b7|Rx|d|6|37007FC000C0
4.113963|646|Rx|d|8|000000020000000C
4.143790|211|Rx|d|8|8200FFFFA90000D1
4.143790|214|Rx|d|2|0
4.143790|350|Rx|d|8|C02F3AF91870A489
4.143790|1b0|Rx|d|4|FF00FFC4
4.143790|4de|Rx|d|3|C00000
4.143790|55d|Rx|d|8|00FD50C091800000
4.154351|211|Rx|d|8|8200FFFFA90000D1
4.154351|214|Rx|d|2|0
4.154351|1b0|Rx|d|4|FF00FFC4
4.154351|5de|Rx|d|8|2
4.154351|5df|Rx|d|3|9500
4.174079|211|Rx|d|8|8200FFFFA90000D1
4.174079|214|Rx|d|2|0
4.174079|218|Rx|d|1|98
4.174079|4fa|Rx|d|2|800
4.174079|671|Rx|d|2|200
4.174079|1b0|Rx|d|4|FF00FFC4
4.174079|657|Rx|d|2|C0CC
4.174079|4ac|Rx|d|5|83762A0080
4.174079|45c|Rx|d|6|00000000FFE0
4.188542|211|Rx|d|8|8200FFFFA90000D1
4.188542|214|Rx|d|2|0
4.188542|1b0|Rx|d|4|FF00FFC4
4.188542|4f8|Rx|d|8|94C0000000000000
4.205339|211|Rx|d|8|8200FFFFA90000D1
4.205339|214|Rx|d|2|0
4.205339|1b0|Rx|d|4|FF00FFC4
4.205339|3b7|Rx|d|6|37007FC000C0
4.218408|211|Rx|d|8|8200FFFFA90000D1
4.218408|214|Rx|d|2|0
4.222405|350|Rx|d|8|C02F3AF91870A489
4.222405|1b0|Rx|d|4|FF00FFC4
4.222405|4de|Rx|d|3|C00000
4.222405|55d|Rx|d|8|00FD50C091800000
4.238397|211|Rx|d|8|8200FFFFA90000D1
4.238397|214|Rx|d|2|0
4.242393|1b0|Rx|d|4|FF00FFC4
4.242393|5de|Rx|d|8|2
4.252388|5df|Rx|d|3|9500
4.258383|211|Rx|d|8|8200FFFFA90000D1
4.258383|214|Rx|d|2|0
4.258383|218|Rx|d|1|98
4.258383|4fa|Rx|d|2|800
4.258383|671|Rx|d|2|200
4.264380|1b0|Rx|d|4|FF00FFC4
4.264380|657|Rx|d|2|C0CC
4.272374|4ac|Rx|d|5|83762A0080
4.272374|45c|Rx|d|6|00000000FFE0
4.278370|211|Rx|d|8|8200FFFFA90000D1
4.278370|214|Rx|d|2|0
4.284367|1b0|Rx|d|4|FF00FFC4
4.284367|4f8|Rx|d|8|94C0000000000000
4.298358|211|Rx|d|8|8200FFFFA90000D1
4.298358|214|Rx|d|2|0
4.302356|1b0|Rx|d|4|FF00FFC4
4.304354|3b7|Rx|d|6|37007FC000C0
4.318348|211|Rx|d|8|8200FFFFA90000D1
4.318348|214|Rx|d|2|0
4.323798|350|Rx|d|8|C02F3AF91870A489
4.323798|1b0|Rx|d|4|FF00FFC4
4.323798|4de|Rx|d|3|C00000
4.323798|55d|Rx|d|8|00FD50C091800000
4.354137|211|Rx|d|8|8200FFFFA90000D1
4.354137|214|Rx|d|2|0
4.354137|1b0|Rx|d|4|FF00FFC4
4.354137|5de|Rx|d|8|2
4.358878|5df|Rx|d|3|9500
4.358878|211|Rx|d|8|8200FFFFA90000D1
4.358878|214|Rx|d|2|0
4.358878|218|Rx|d|1|98
4.358878|4fa|Rx|d|2|800
4.358878|671|Rx|d|2|200
4.373956|1b0|Rx|d|4|FF00FFC4
4.373956|657|Rx|d|2|C0CC
4.378934|4ac|Rx|d|5|83762A0080
4.378934|45c|Rx|d|6|00000000FFE0
4.378934|211|Rx|d|8|8200FFFFA90000D1
4.378934|214|Rx|d|2|0
4.394241|1b0|Rx|d|4|FF00FFC4
4.394241|4f8|Rx|d|8|94C0000000000000
4.414136|211|Rx|d|8|8200FFFFA90000D1
4.414136|214|Rx|d|2|0
4.414136|1b0|Rx|d|4|FF00FFC4
4.414136|3b7|Rx|d|6|37007FC000C0
4.423813|211|Rx|d|8|8200FFFFA90000D1
4.423813|214|Rx|d|2|0
4.428820|350|Rx|d|8|C02F3AF91870A489
4.428820|1b0|Rx|d|4|FF00FFC4
4.428820|4de|Rx|d|3|C00000
4.428820|55d|Rx|d|8|00FD50C091800000
4.448981|211|Rx|d|8|8200FFFFA90000D1
4.448981|214|Rx|d|2|0
4.448981|1b0|Rx|d|4|FF00FFC4
4.448981|5de|Rx|d|8|2
4.463163|5df|Rx|d|3|9500
4.463163|211|Rx|d|8|8200FFFFA90000D1
4.463163|214|Rx|d|2|0
4.463163|218|Rx|d|1|98
4.463163|4fa|Rx|d|2|800
4.463163|671|Rx|d|2|200
4.463163|1b0|Rx|d|4|FF00FFC4
4.463163|657|Rx|d|2|C0CC
4.488579|4ac|Rx|d|5|83762A0080
4.488579|45c|Rx|d|6|00000000FFE0
4.488579|211|Rx|d|8|8200FFFFA90000D1
4.488579|214|Rx|d|2|0
4.488579|1b0|Rx|d|4|FF00FFC4
4.488579|4f8|Rx|d|8|94C0000000000000
4.513337|211|Rx|d|8|8200FFFFA90000D1
4.513337|214|Rx|d|2|0
4.513337|1b0|Rx|d|4|FF00FFC4
4.513337|3b7|Rx|d|6|37007FC000C0
4.529016|211|Rx|d|8|8200FFFFA90000D1
4.529016|214|Rx|d|2|0
4.529016|350|Rx|d|8|C02F3AF91870A489
4.529016|1b0|Rx|d|4|FF00FFC4
4.529016|4de|Rx|d|3|C00000
4.529016|55d|Rx|d|8|00FD50C091800000
4.544313|211|Rx|d|8|8200FFFFA90000D1
4.544313|214|Rx|d|2|0
4.544313|1b0|Rx|d|4|FF00FFC4
4.544313|5de|Rx|d|8|2
4.561340|5df|Rx|d|3|9500
4.561340|211|Rx|d|8|8200FFFFA90000D1
4.561340|214|Rx|d|2|0
4.561340|218|Rx|d|1|98
4.561340|4fa|Rx|d|2|800
4.561340|671|Rx|d|2|200
4.561340|1b0|Rx|d|4|FF00FFC4
4.561340|657|Rx|d|2|C0CC
4.584269|4ac|Rx|d|5|83762A0080
4.584269|45c|Rx|d|6|00000000FFE0
4.584269|211|Rx|d|8|8200FFFFA90000D1
4.584269|214|Rx|d|2|0
4.584269|1b0|Rx|d|4|FF00FFC4
4.584269|4f8|Rx|d|8|94C0000000000000
4.609051|211|Rx|d|8|8200FFFFA90000D1
4.609051|214|Rx|d|2|0
4.609051|1b0|Rx|d|4|FF00FFC4
4.609051|3b7|Rx|d|6|37007FC000C0
4.624246|646|Rx|d|8|000000020000000C
4.624246|211|Rx|d|8|8200FFFFA90000D1
4.624246|214|Rx|d|2|0
4.624246|350|Rx|d|8|C02F3AF91870A489
4.624246|1b0|Rx|d|4|FF00FFC4
4.624246|4de|Rx|d|3|C00000
4.624246|55d|Rx|d|8|00FD50C091800000
4.653154|211|Rx|d|8|8200FFFFA90000D1
4.653154|214|Rx|d|2|0
4.653154|1b0|Rx|d|4|FF00FFC4
4.653154|5de|Rx|d|8|2
4.653154|5df|Rx|d|3|9500
4.678058|211|Rx|d|8|8200FFFFA90000D1
4.678058|214|Rx|d|2|0
4.678058|218|Rx|d|1|98
4.678058|4fa|Rx|d|2|800
4.678058|671|Rx|d|2|200
4.678058|1b0|Rx|d|4|FF00FFC4
4.678058|657|Rx|d|2|C0CC
4.678058|4ac|Rx|d|5|83762A0080
4.678058|45c|Rx|d|6|00000000FFE0
4.683687|211|Rx|d|8|8200FFFFA90000D1
4.683687|214|Rx|d|2|0
4.688968|1b0|Rx|d|4|FF00FFC4
4.688968|4f8|Rx|d|8|94C0000000000000
4.708940|211|Rx|d|8|8200FFFFA90000D1
4.708940|214|Rx|d|2|0
4.708940|1b0|Rx|d|4|FF00FFC4
4.708940|3b7|Rx|d|6|37007FC000C0
4.733846|211|Rx|d|8|8200FFFFA90000D1
4.733846|214|Rx|d|2|0
4.733846|350|Rx|d|8|C02F3AF91870A489
4.733846|1b0|Rx|d|4|FF00FFC4
4.733846|4de|Rx|d|3|C00000
4.733846|55d|Rx|d|8|00FD50C091800000
4.751847|211|Rx|d|8|8200FFFFA90000D1
4.751847|214|Rx|d|2|0
4.751847|1b0|Rx|d|4|FF00FFC4
4.751847|5de|Rx|d|8|2
4.753868|5df|Rx|d|3|9500
4.768929|211|Rx|d|8|8200FFFFA90000D1
4.768929|214|Rx|d|2|0
4.768929|218|Rx|d|1|98
4.768929|4fa|Rx|d|2|800
4.768929|671|Rx|d|2|200
4.768929|1b0|Rx|d|4|FF00FFC4
4.768929|657|Rx|d|2|C0CC
4.768929|69f|Rx|d|4|0650859F
4.783698|4ac|Rx|d|5|83762A0080
4.783698|45c|Rx|d|6|00000000FFE0
4.783698|211|Rx|d|8|8200FFFFA90000D1
4.783698|214|Rx|d|2|0
4.783698|1b0|Rx|d|4|FF00FFC4
4.783698|4f8|Rx|d|8|94C0000000000000
4.814154|211|Rx|d|8|8200FFFFA90000D1
4.814154|214|Rx|d|2|0
4.814154|1b0|Rx|d|4|FF00FFC4
4.814154|3b7|Rx|d|6|37007FC000C0
4.834391|211|Rx|d|8|8200FFFFA90000D1
4.834391|214|Rx|d|2|0
4.834391|350|Rx|d|8|C02F3AF91870A489
4.834391|1b0|Rx|d|4|FF00FFC4
4.834391|4de|Rx|d|3|C00000
4.834391|55d|Rx|d|8|00FD50C091800000
4.848923|211|Rx|d|8|8200FFFFA90000D1
4.848923|214|Rx|d|2|0
4.848923|1b0|Rx|d|4|FF00FFC4
4.848923|5de|Rx|d|8|2
4.863758|5df|Rx|d|3|9500
4.874342|211|Rx|d|8|8200FFFFA90000D1
4.874342|214|Rx|d|2|0
4.874342|218|Rx|d|1|98
4.874342|4fa|Rx|d|2|800
4.874342|671|Rx|d|2|200
4.874342|1b0|Rx|d|4|FF00FFC4
4.874342|657|Rx|d|2|C0CC
4.874342|4ac|Rx|d|5|83762A0080
4.874342|45c|Rx|d|6|00000000FFE0
4.889330|211|Rx|d|8|8200FFFFA90000D1
4.889330|214|Rx|d|2|0
4.889330|1b0|Rx|d|4|FF00FFC4
4.889330|4f8|Rx|d|8|94C0000000000000
4.903909|211|Rx|d|8|8200FFFFA90000D1
4.903909|214|Rx|d|2|0
4.903909|1b0|Rx|d|4|FF00FFC4
4.908831|3b7|Rx|d|6|37007FC000C0
4.928961|211|Rx|d|8|8200FFFFA90000D1
4.928961|214|Rx|d|2|0
4.928961|350|Rx|d|8|C02F3AF91870A489
4.928961|1b0|Rx|d|4|FF00FFC4
4.928961|4de|Rx|d|3|C00000
4.928961|55d|Rx|d|8|00FD50C091800000
4.944274|211|Rx|d|8|8200FFFFA90000D1
4.944274|214|Rx|d|2|0
4.944274|1b0|Rx|d|4|FF00FFC4
4.944274|5de|Rx|d|8|2
4.958754|5df|Rx|d|3|9500
4.958754|211|Rx|d|8|8200FFFFA90000D1
4.958754|214|Rx|d|2|0
4.958754|218|Rx|d|1|98
4.958754|4fa|Rx|d|2|800
4.958754|671|Rx|d|2|200
4.958754|1b0|Rx|d|4|FF00FFC4
4.958754|657|Rx|d|2|C0CC
4.973816|4ac|Rx|d|5|83752A0080
4.978586|45c|Rx|d|6|00000000FFE0
4.978586|211|Rx|d|8|8200FFFFA90000D1
4.978586|214|Rx|d|2|0
4.978586|1b0|Rx|d|4|FF00FFC4
4.993732|4f8|Rx|d|8|94C0000000000000
5.003747|211|Rx|d|8|8200FFFFA90000D1
5.003747|214|Rx|d|2|0
5.003747|1b0|Rx|d|4|FF00FFC4
5.008616|3b7|Rx|d|6|37007FC000C0
5.023760|211|Rx|d|8|8200FFFFA90000D1
5.023760|214|Rx|d|2|0
5.023760|350|Rx|d|8|C02F3AF91870A489
5.023760|1b0|Rx|d|4|FF00FFC4
5.023760|4de|Rx|d|3|C00000
5.028764|55d|Rx|d|8|00FD50C091800000
5.043654|211|Rx|d|8|8200FFFFA90000D1
5.043654|214|Rx|d|2|0
5.043654|1b0|Rx|d|4|FF00FFC4
5.043654|5de|Rx|d|8|2
5.059153|5df|Rx|d|3|9500
5.059153|211|Rx|d|8|8200FFFFA90000D1
5.059153|214|Rx|d|2|0
5.059153|218|Rx|d|1|98
5.059153|4fa|Rx|d|2|800
5.059153|671|Rx|d|2|200
5.059153|1b0|Rx|d|4|FF00FFC4
5.059153|657|Rx|d|2|C0CC
5.078976|4ac|Rx|d|5|83762A0080
5.078976|45c|Rx|d|6|00000000FFE0
5.078976|211|Rx|d|8|8200FFFFA90000D1
5.078976|214|Rx|d|2|0
5.078976|1b0|Rx|d|4|FF00FFC4
5.094321|4f8|Rx|d|8|94C0000000000000
5.114305|211|Rx|d|8|8200FFFFA90000D1
5.114305|214|Rx|d|2|0
5.114305|1b0|Rx|d|4|FF00FFC4
5.114305|3b7|Rx|d|6|37007FC000C0
5.123410|646|Rx|d|8|000000020000000C
5.123410|211|Rx|d|8|8200FFFFA90000D1
5.123410|214|Rx|d|2|0
5.123410|350|Rx|d|8|C02F3AF91870A489
5.123410|1b0|Rx|d|4|FF00FFC4
5.123410|4de|Rx|d|3|C00000
5.123410|55d|Rx|d|8|00FD50C091800000
5.153466|211|Rx|d|8|8200FFFFA90000D1
5.153466|214|Rx|d|2|0
5.153466|1b0|Rx|d|4|FF00FFC4
5.153466|5de|Rx|d|8|2
5.153466|5df|Rx|d|3|9500
5.164187|211|Rx|d|8|8200FFFFA90000D1
5.164187|214|Rx|d|2|0
5.164187|218|Rx|d|1|98
5.164187|4fa|Rx|d|2|800
5.164187|671|Rx|d|2|200
5.164187|1b0|Rx|d|4|FF00FFC4
5.164187|657|Rx|d|2|C0CC
5.189441|4ac|Rx|d|5|83762A0080
5.189441|45c|Rx|d|6|00000000FFE0
5.189441|211|Rx|d|8|8200FFFFA90000D1
5.189441|214|Rx|d|2|0
5.189441|1b0|Rx|d|4|FF00FFC4
5.189441|4f8|Rx|d|8|94C0000000000000
5.213998|211|Rx|d|8|8200FFFFA90000D1
5.213998|214|Rx|d|2|0
5.213998|1b0|Rx|d|4|FF00FFC4
5.213998|3b7|Rx|d|6|37007FC000C0
5.234280|211|Rx|d|8|8200FFFFA90000D1
5.234280|214|Rx|d|2|0
5.234280|350|Rx|d|8|C02F3AF91870A489
5.234280|1b0|Rx|d|4|FF00FFC4
5.234280|4de|Rx|d|3|C00000
5.234280|55d|Rx|d|8|00FD50C091800000
5.254140|211|Rx|d|8|8200FFFFA90000D1
5.254140|214|Rx|d|2|0
5.254140|1b0|Rx|d|4|FF00FFC4
5.254140|5de|Rx|d|8|2
5.263823|5df|Rx|d|3|9500
5.263823|211|Rx|d|8|8200FFFFA90000D1
5.263823|214|Rx|d|2|0
5.263823|218|Rx|d|1|98
5.263823|4fa|Rx|d|2|800
5.263823|671|Rx|d|2|200
5.263823|1b0|Rx|d|4|FF00FFC4
5.263823|657|Rx|d|2|C0CC
5.285920|4ac|Rx|d|5|83762A0080
5.285920|45c|Rx|d|6|00000000FFE0
5.285920|211|Rx|d|8|8200FFFFA90000D1
5.285920|214|Rx|d|2|0
5.285920|1b0|Rx|d|4|FF00FFC4
5.285920|4f8|Rx|d|8|94C0000000000000
5.297912|211|Rx|d|8|8200FFFFA90000D1
5.297912|214|Rx|d|2|0
5.303910|1b0|Rx|d|4|FF00FFC4
5.303910|3b7|Rx|d|6|37007FC000C0
5.317901|211|Rx|d|8|8200FFFFA90000D1
5.317901|214|Rx|d|2|0
5.323897|350|Rx|d|8|C02F3AF91870A489
5.323897|1b0|Rx|d|4|FF00FFC4
5.323897|4de|Rx|d|3|C00000
5.323897|55d|Rx|d|8|00FD50C091800000
5.339886|211|Rx|d|8|8200FFFFA90000D1
5.339886|214|Rx|d|2|0
5.339886|1b0|Rx|d|4|FF00FFC4
5.339886|5de|Rx|d|8|2
5.351879|5df|Rx|d|3|9500
5.359874|211|Rx|d|8|8200FFFFA90000D1
5.359874|214|Rx|d|2|0
5.359874|218|Rx|d|1|98
5.359874|4fa|Rx|d|2|800
5.359874|671|Rx|d|2|200
5.361873|1b0|Rx|d|4|FF00FFC4
5.361873|657|Rx|d|2|C0CC
5.371867|4ac|Rx|d|5|83762A0080
5.371867|45c|Rx|d|6|00000000FFE0
5.379861|211|Rx|d|8|8200FFFFA90000D1
5.379861|214|Rx|d|2|0
5.379861|1b0|Rx|d|4|FF00FFC4
5.385858|4f8|Rx|d|8|94C0000000000000
5.399849|211|Rx|d|8|8200FFFFA90000D1
5.399849|214|Rx|d|2|0
5.401848|1b0|Rx|d|4|FF00FFC4
5.403848|3b7|Rx|d|6|37007FC000C0
5.419838|211|Rx|d|8|8200FFFFA90000D1
5.419838|214|Rx|d|2|0
5.419838|350|Rx|d|8|C02F3AF91870A489
5.419838|1b0|Rx|d|4|FF00FFC4
5.419838|4de|Rx|d|3|C00000
5.419838|55d|Rx|d|8|00FD50C091800000
5.439825|211|Rx|d|8|8200FFFFA90000D1
5.439825|214|Rx|d|2|0
5.439825|1b0|Rx|d|4|FF00FFC4
5.439825|5de|Rx|d|8|2
5.451818|5df|Rx|d|3|9500
5.459812|211|Rx|d|8|8200FFFFA90000D1
5.459812|214|Rx|d|2|0
5.459812|218|Rx|d|1|98
5.459812|4fa|Rx|d|2|800
5.459812|671|Rx|d|2|200
5.461811|1b0|Rx|d|4|FF00FFC4
5.461811|657|Rx|d|2|C0CC
5.471807|4ac|Rx|d|5|83762A0080
5.471807|45c|Rx|d|6|00000000FFE0
5.479801|211|Rx|d|8|8200FFFFA90000D1
5.479801|214|Rx|d|2|0
5.481798|1b0|Rx|d|4|FF00FFC4
5.483797|4f8|Rx|d|8|94C0000000000000
5.499788|211|Rx|d|8|8200FFFFA90000D1
5.499788|214|Rx|d|2|0
5.499788|1b0|Rx|d|4|FF00FFC4
5.505785|3b7|Rx|d|6|37007FC000C0
5.519776|211|Rx|d|8|8200FFFFA90000D1
5.519776|214|Rx|d|2|0
5.519776|350|Rx|d|8|C02F3AF91870A489
5.519776|1b0|Rx|d|4|FF00FFC4
5.519776|4de|Rx|d|3|C00000
5.519776|55d|Rx|d|8|00FD50C091800000
5.554095|211|Rx|d|8|8200FFFFA90000D1
5.554095|214|Rx|d|2|0
5.554095|1b0|Rx|d|4|FF00FFC4
5.554095|5de|Rx|d|8|2
5.554095|5df|Rx|d|3|9500
5.578840|211|Rx|d|8|8200FFFFA90000D1
5.578840|214|Rx|d|2|0
5.578840|218|Rx|d|1|98
5.578840|4fa|Rx|d|2|800
5.578840|671|Rx|d|2|200
5.578840|1b0|Rx|d|4|FF00FFC4
5.578840|657|Rx|d|2|C0CC
5.578840|4ac|Rx|d|5|83762A0080
5.578840|45c|Rx|d|6|00000000FFE0
5.578840|211|Rx|d|8|8200FFFFA90000D1
5.578840|214|Rx|d|2|0
5.578840|1b0|Rx|d|4|FF00FFC4
5.593984|4f8|Rx|d|8|94C0000000000000
5.613702|211|Rx|d|8|8200FFFFA90000D1
5.613702|214|Rx|d|2|0
5.613702|1b0|Rx|d|4|FF00FFC4
5.613702|3b7|Rx|d|6|37007FC000C0
5.613702|646|Rx|d|8|000000020000000C
5.639694|211|Rx|d|8|8200FFFFA90000D1
5.639694|214|Rx|d|2|0
5.639694|350|Rx|d|8|C02F3AF91870A489
5.639694|1b0|Rx|d|4|FF00FFC4
5.639694|4de|Rx|d|3|C00000
5.639694|55d|Rx|d|8|00FD50C091800000
5.639694|211|Rx|d|8|8200FFFFA90000D1
5.639694|214|Rx|d|2|0
5.639694|1b0|Rx|d|4|FF00FFC4
5.639694|5de|Rx|d|8|2
5.663872|5df|Rx|d|3|9500
5.663872|211|Rx|d|8|8200FFFFA90000D1
5.663872|214|Rx|d|2|0
5.663872|218|Rx|d|1|98
5.663872|4fa|Rx|d|2|800
5.663872|671|Rx|d|2|200
5.663872|1b0|Rx|d|4|FF00FFC4
5.663872|657|Rx|d|2|C0CC
5.683964|4ac|Rx|d|5|83762A0080
5.683964|45c|Rx|d|6|00000000FFE0
5.683964|211|Rx|d|8|8200FFFFA90000D1
5.683964|214|Rx|d|2|0
5.683964|1b0|Rx|d|4|FF00FFC4
5.683964|4f8|Rx|d|8|94C0000000000000
5.712826|211|Rx|d|8|8200FFFFA90000D1
5.712826|214|Rx|d|2|0
5.712826|1b0|Rx|d|4|FF00FFC4
5.712826|3b7|Rx|d|6|37007FC000C0
5.728825|211|Rx|d|8|8200FFFFA90000D1
5.728825|214|Rx|d|2|0
5.728825|350|Rx|d|8|C02F3AF91870A489
5.728825|1b0|Rx|d|4|FF00FFC4
5.728825|4de|Rx|d|3|C00000
5.728825|55d|Rx|d|8|00FD50C091800000
5.753802|211|Rx|d|8|8200FFFFA90000D1
5.753802|214|Rx|d|2|0
5.753802|1b0|Rx|d|4|FF00FFC4
5.753802|5de|Rx|d|8|2
5.763391|5df|Rx|d|3|9500
5.763391|211|Rx|d|8|8200FFFFA90000D1
5.763391|214|Rx|d|2|0
5.763391|218|Rx|d|1|98
5.763391|4fa|Rx|d|2|800
5.763391|671|Rx|d|2|200
5.763391|1b0|Rx|d|4|FF00FFC4
5.763391|657|Rx|d|2|C0CC
5.763391|69f|Rx|d|4|0650859F
5.789022|4ac|Rx|d|5|83762A0080
5.789022|45c|Rx|d|6|00000000FFE0
5.789022|211|Rx|d|8|8200FFFFA90000D1
5.789022|214|Rx|d|2|0
5.789022|1b0|Rx|d|4|FF00FFC4
5.789022|4f8|Rx|d|8|94C0000000000000
5.814451|211|Rx|d|8|8200FFFFA90000D1
5.814480|214|Rx|d|2|0
5.814480|1b0|Rx|d|4|FF00FFC4
5.814480|3b7|Rx|d|6|37007FC000C0
5.824312|211|Rx|d|8|8200FFFFA90000D1
5.824312|214|Rx|d|2|0
5.824312|350|Rx|d|8|C02F3AF91870A489
5.824312|1b0|Rx|d|4|FF00FFC4
5.824312|4de|Rx|d|3|C00000
5.824312|55d|Rx|d|8|00FD50C091800000
5.853768|211|Rx|d|8|8200FFFFA90000D1
5.853768|214|Rx|d|2|0
5.853768|1b0|Rx|d|4|FF00FFC4
5.853768|5de|Rx|d|8|2
5.863848|5df|Rx|d|3|9500
5.863848|211|Rx|d|8|8200FFFFA90000D1
5.863848|214|Rx|d|2|0
5.863848|218|Rx|d|1|98
5.863848|4fa|Rx|d|2|800
5.863848|671|Rx|d|2|200
5.863848|1b0|Rx|d|4|FF00FFC4
5.863848|657|Rx|d|2|C0CC
5.876274|4ac|Rx|d|5|83762A0080
5.876274|45c|Rx|d|6|00000000FFE0
5.876274|211|Rx|d|8|8200FFFFA90000D1
5.876274|214|Rx|d|2|0
5.882576|1b0|Rx|d|4|FF00FFC4
5.882576|4f8|Rx|d|8|94C0000000000000
5.898563|211|Rx|d|8|8200FFFFA90000D1
5.898563|214|Rx|d|2|0
5.900562|1b0|Rx|d|4|FF00FFC4
5.900562|3b7|Rx|d|6|37007FC000C0
5.918552|211|Rx|d|8|8200FFFFA90000D1
5.918552|214|Rx|d|2|0
5.918552|350|Rx|d|8|C02F3AF91870A489
5.918552|1b0|Rx|d|4|FF00FFC4
5.920550|4de|Rx|d|3|C00000
5.920550|55d|Rx|d|8|00FD50C091800000
5.938538|211|Rx|d|8|8200FFFFA90000D1
5.938538|214|Rx|d|2|0
5.938538|1b0|Rx|d|4|FF00FFC4
5.938538|5de|Rx|d|8|2
5.950532|5df|Rx|d|3|9500
5.958527|211|Rx|d|8|8200FFFFA90000D1
5.958527|214|Rx|d|2|0
5.958527|218|Rx|d|1|98
5.958527|4fa|Rx|d|2|800
5.958527|671|Rx|d|2|200
5.958527|1b0|Rx|d|4|FF00FFC4
5.958527|657|Rx|d|2|C0CC
5.970520|4ac|Rx|d|5|83762A0080
5.970520|45c|Rx|d|6|00000000FFE0
5.978514|211|Rx|d|8|8200FFFFA90000D1
5.978514|214|Rx|d|2|0
5.978514|1b0|Rx|d|4|FF00FFC4
5.984510|4f8|Rx|d|8|94C0000000000000
6.003871|211|Rx|d|8|8200FFFFA90000D1
6.003871|214|Rx|d|2|0
6.003871|1b0|Rx|d|4|FF00FFC4
6.009061|3b7|Rx|d|6|37007FC000C0
6.023926|211|Rx|d|8|8200FFFFA90000D1
6.023926|214|Rx|d|2|0
6.023926|350|Rx|d|8|C02F3AF91870A489
6.023926|1b0|Rx|d|4|FF00FFC4
6.023926|4de|Rx|d|3|C00000
6.023926|55d|Rx|d|8|00FD50C091800000
6.044010|211|Rx|d|8|8200FFFFA90000D1
6.044010|214|Rx|d|2|0
6.044010|1b0|Rx|d|4|FF00FFC4
6.044010|5de|Rx|d|8|2
6.058796|5df|Rx|d|3|9500
6.063841|211|Rx|d|8|8200FFFFA90000D1
6.063841|214|Rx|d|2|0
6.063841|218|Rx|d|1|98
6.063841|4fa|Rx|d|2|800
6.063841|671|Rx|d|2|200
6.063841|1b0|Rx|d|4|FF00FFC4
6.063841|657|Rx|d|2|C0CC
6.073941|4ac|Rx|d|5|83762A0080
6.073941|45c|Rx|d|6|00000000FFE0
6.083981|211|Rx|d|8|8200FFFFA90000D1
6.083981|214|Rx|d|2|0
6.083981|1b0|Rx|d|4|FF00FFC4
6.083981|4f8|Rx|d|8|94C0000000000000
6.092561|6fb|Rx|d|8|0F01A454FF0000FF
6.103815|211|Rx|d|8|8200FFFFA90000D1
6.103815|214|Rx|d|2|0
6.103815|1b0|Rx|d|4|FF00FFC4
6.103815|3b7|Rx|d|6|37007FC000C0
6.123879|646|Rx|d|8|000000020000000C
6.123879|211|Rx|d|8|8200FFFFA90000D1
6.123879|214|Rx|d|2|0
6.123879|350|Rx|d|8|C02F3AF91870A489
6.123879|1b0|Rx|d|4|FF00FFC4
6.123879|4de|Rx|d|3|C00000
6.123879|55d|Rx|d|8|00FD50C091800000
6.123879|5ce|Rx|d|3|FEFF00
6.154022|211|Rx|d|8|8200FFFFA90000D1
6.154022|214|Rx|d|2|0
6.154022|1b0|Rx|d|4|FF00FFC4
6.154022|5de|Rx|d|8|2
6.154022|5df|Rx|d|3|9500
6.173815|211|Rx|d|8|8200FFFFA90000D1
6.173815|214|Rx|d|2|0
6.173815|218|Rx|d|1|98
6.173815|4fa|Rx|d|2|800
6.173815|671|Rx|d|2|200
6.173815|1b0|Rx|d|4|FF00FFC4
6.173815|657|Rx|d|2|C0CC
6.173815|4ac|Rx|d|5|83762A0080
6.173815|45c|Rx|d|6|00000000FFE0
6.194132|211|Rx|d|8|8200FFFFA90000D1
6.194132|214|Rx|d|2|0
6.194132|1b0|Rx|d|4|FF00FFC4
6.194132|4f8|Rx|d|8|94C0000000000000
6.210396|211|Rx|d|8|8200FFFFA90000D1
6.210396|214|Rx|d|2|0
6.210396|1b0|Rx|d|4|FF00FFC4
6.210396|3b7|Rx|d|6|37007FC000C0
6.224040|211|Rx|d|8|8200FFFFA90000D1
6.224040|214|Rx|d|2|0
6.224040|350|Rx|d|8|C02F3AF91870A489
6.224040|1b0|Rx|d|4|FF00FFC4
6.224040|4de|Rx|d|3|C00000
6.224040|55d|Rx|d|8|00FD50C091800000
6.254129|211|Rx|d|8|8200FFFFA90000D1
6.254129|214|Rx|d|2|0
6.254129|1b0|Rx|d|4|FF00FFC4
6.254129|5de|Rx|d|8|2
6.259272|5df|Rx|d|3|9500
6.259272|211|Rx|d|8|8200FFFFA90000D1
6.259272|214|Rx|d|2|0
6.259272|218|Rx|d|1|98
6.259272|4fa|Rx|d|2|800
6.259272|671|Rx|d|2|200
6.259272|1b0|Rx|d|4|FF00FFC4
6.259272|657|Rx|d|2|C0CC
6.283535|4ac|Rx|d|5|83762A0080
6.283535|45c|Rx|d|6|00000000FFE0
6.283535|211|Rx|d|8|8200FFFFA90000D1
6.283535|214|Rx|d|2|0
6.283535|1b0|Rx|d|4|FF00FFC4
6.283535|4f8|Rx|d|8|94C0000000000000
6.309167|211|Rx|d|8|8200FFFFA90000D1
6.309167|214|Rx|d|2|0
6.309167|1b0|Rx|d|4|FF00FFC4
6.309167|3b7|Rx|d|6|37007FC000C0
6.328850|211|Rx|d|8|8200FFFFA90000D1
6.328850|214|Rx|d|2|0
6.328850|350|Rx|d|8|C02F3AF91870A489
6.328850|1b0|Rx|d|4|FF00FFC4
6.328850|4de|Rx|d|3|C00000
6.328850|55d|Rx|d|8|00FD50C091800000
6.348567|211|Rx|d|8|8200FFFFA90000D1
6.348567|214|Rx|d|2|0
6.348567|1b0|Rx|d|4|FF00FFC4
6.348567|5de|Rx|d|8|2
6.348567|5df|Rx|d|3|9500
6.368995|211|Rx|d|8|8200FFFFA90000D1
6.368995|214|Rx|d|2|0
6.368995|218|Rx|d|1|98
6.368995|4fa|Rx|d|2|800
6.368995|671|Rx|d|2|200
6.368995|1b0|Rx|d|4|FF00FFC4
6.368995|657|Rx|d|2|C0CC
6.368995|4ac|Rx|d|5|83762A0080
6.368995|45c|Rx|d|6|00000000FFE0
6.394188|211|Rx|d|8|8200FFFFA90000D1
6.394188|214|Rx|d|2|0
6.394188|1b0|Rx|d|4|FF00FFC4
6.394188|4f8|Rx|d|8|94C0000000000000
6.410725|211|Rx|d|8|8200FFFFA90000D1
6.410725|214|Rx|d|2|0
6.410725|1b0|Rx|d|4|FF00FFC4
6.410725|3b7|Rx|d|6|37007FC000C0
6.434258|211|Rx|d|8|8200FFFFA90000D1
6.434258|214|Rx|d|2|0
6.434258|350|Rx|d|8|C02F3AF91870A489
6.434258|1b0|Rx|d|4|FF00FFC4
6.434258|4de|Rx|d|3|C00000
6.434258|55d|Rx|d|8|00FD50C091800000
6.454456|211|Rx|d|8|8200FFFFA90000D1
6.454456|214|Rx|d|2|0
6.454456|1b0|Rx|d|4|FF00FFC4
6.454456|5de|Rx|d|8|2
6.454456|5df|Rx|d|3|9500
6.474336|211|Rx|d|8|8200FFFFA90000D1
6.474336|214|Rx|d|2|0
6.474336|218|Rx|d|1|98
6.474336|4fa|Rx|d|2|800
6.474336|671|Rx|d|2|200
6.474336|1b0|Rx|d|4|FF00FFC4
6.474336|657|Rx|d|2|C0CC
6.474336|4ac|Rx|d|5|83762A0080
6.474336|45c|Rx|d|6|00000000FFE0
6.499141|211|Rx|d|8|8200FFFFA90000D1
6.499141|214|Rx|d|2|0
6.499141|1b0|Rx|d|4|FF00FFC4
6.499141|4f8|Rx|d|8|94C0000000000000
6.499141|211|Rx|d|8|8200FFFFA90000D1
6.499141|214|Rx|d|2|0
6.499141|1b0|Rx|d|4|FF00FFC4
6.510746|3b7|Rx|d|6|37007FC000C0
6.533900|211|Rx|d|8|8200FFFFA90000D1
6.533900|214|Rx|d|2|0
6.533900|350|Rx|d|8|C02F3AF91870A489
6.533900|1b0|Rx|d|4|FF00FFC4
6.533900|4de|Rx|d|3|C00000
6.533900|55d|Rx|d|8|00FD50C091800000
6.554193|211|Rx|d|8|8200FFFFA90000D1
6.554193|214|Rx|d|2|0
6.554193|1b0|Rx|d|4|FF00FFC4
6.554193|5de|Rx|d|8|2
6.554193|5df|Rx|d|3|9500
6.578780|211|Rx|d|8|8200FFFFA90000D1
6.578780|214|Rx|d|2|0
6.578780|218|Rx|d|1|98
6.578780|4fa|Rx|d|2|800
6.578780|671|Rx|d|2|200
6.578780|1b0|Rx|d|4|FF00FFC4
6.578780|657|Rx|d|2|C0CC
6.578780|4ac|Rx|d|5|83762A0080
6.578780|45c|Rx|d|6|00000000FFE0
6.578780|211|Rx|d|8|8200FFFFA90000D1
6.578780|214|Rx|d|2|0
6.578780|1b0|Rx|d|4|FF00FFC4
6.604170|4f8|Rx|d|8|94C0000000000000
6.604170|211|Rx|d|8|8200FFFFA90000D1
6.604170|214|Rx|d|2|0
6.604170|1b0|Rx|d|4|FF00FFC4
6.604170|3b7|Rx|d|6|37007FC000C0
6.614111|646|Rx|d|8|000000020000000C
6.634416|211|Rx|d|8|8200FFFFA90000D1
6.634416|214|Rx|d|2|0
6.634416|350|Rx|d|8|C02F3AF91870A489
6.634416|1b0|Rx|d|4|FF00FFC4
6.634416|4de|Rx|d|3|C00000
6.634416|55d|Rx|d|8|00FD50C091800000
6.654585|211|Rx|d|8|8200FFFFA90000D1
6.654615|214|Rx|d|2|0
6.654615|1b0|Rx|d|4|FF00FFC4
6.654615|5de|Rx|d|8|2
6.664065|5df|Rx|d|3|9500
6.664065|211|Rx|d|8|8200FFFFA90000D1
6.664065|214|Rx|d|2|0
6.664065|218|Rx|d|1|98
6.664065|4fa|Rx|d|2|800
6.664065|671|Rx|d|2|200
6.664065|1b0|Rx|d|4|FF00FFC4
6.664065|657|Rx|d|2|C0CC
6.694027|4ac|Rx|d|5|83762A0080
6.694027|45c|Rx|d|6|00000000FFE0
6.694027|211|Rx|d|8|8200FFFFA90000D1
6.694027|214|Rx|d|2|0
6.694027|1b0|Rx|d|4|FF00FFC4
6.694027|4f8|Rx|d|8|94C0000000000000
6.700564|211|Rx|d|8|8200FFFFA90000D1
6.700564|214|Rx|d|2|0
6.700564|1b0|Rx|d|4|FF00FFC4
6.703988|3b7|Rx|d|6|37007FC000C0
6.734466|211|Rx|d|8|8200FFFFA90000D1
6.734466|214|Rx|d|2|0
6.734466|350|Rx|d|8|C02F3AF91870A489
6.734466|1b0|Rx|d|4|FF00FFC4
6.734466|4de|Rx|d|3|C00000
6.734466|55d|Rx|d|8|00FD50C091800000
6.754479|211|Rx|d|8|8200FFFFA90000D1
6.754479|214|Rx|d|2|0
6.754479|1b0|Rx|d|4|FF00FFC4
6.754479|5de|Rx|d|8|2
6.754479|5df|Rx|d|3|9500
6.784417|211|Rx|d|8|8200FFFFA90000D1
6.784448|214|Rx|d|2|0
6.784448|218|Rx|d|1|98
6.784448|4fa|Rx|d|2|800
6.784448|671|Rx|d|2|200
6.784448|1b0|Rx|d|4|FF00FFC4
6.784448|657|Rx|d|2|C0CC
6.784448|69f|Rx|d|4|0650859F
6.784448|4ac|Rx|d|5|83762A0080
6.784448|45c|Rx|d|6|00000000FFE0
6.784448|211|Rx|d|8|8200FFFFA90000D1
6.784448|214|Rx|d|2|0
6.784448|1b0|Rx|d|4|FF00FFC4
6.784448|4f8|Rx|d|8|94C0000000000000
6.811373|211|Rx|d|8|8200FFFFA90000D1
6.811373|214|Rx|d|2|0
6.811373|1b0|Rx|d|4|FF00FFC4
6.811373|3b7|Rx|d|6|37007FC000C0
6.833458|211|Rx|d|8|8200FFFFA90000D1
6.833458|214|Rx|d|2|0
6.833458|350|Rx|d|8|C02F3AF91870A489
6.833458|1b0|Rx|d|4|FF00FFC4
6.833458|4de|Rx|d|3|C00000
6.833458|55d|Rx|d|8|00FD50C091800000
6.848734|211|Rx|d|8|8200FFFFA90000D1
6.848734|214|Rx|d|2|0
6.848734|1b0|Rx|d|4|FF00FFC4
6.848734|5de|Rx|d|8|2
6.848734|5df|Rx|d|3|9500
6.874172|211|Rx|d|8|8200FFFFA90000D1
6.874172|214|Rx|d|2|0
6.874172|218|Rx|d|1|98
6.874172|4fa|Rx|d|2|800
6.874172|671|Rx|d|2|200
6.874172|1b0|Rx|d|4|FF00FFC4
6.874172|657|Rx|d|2|C0CC
6.874172|4ac|Rx|d|5|83762A0080
6.874172|45c|Rx|d|6|00000000FFE0
6.894227|211|Rx|d|8|8200FFFFA90000D1
6.894227|214|Rx|d|2|0
6.894227|1b0|Rx|d|4|FF00FFC4
6.894227|4f8|Rx|d|8|94C0000000000000
6.907970|211|Rx|d|8|8200FFFFA90000D1
6.907970|214|Rx|d|2|0
6.907970|1b0|Rx|d|4|FF00FFC4
6.907970|3b7|Rx|d|6|37007FC000C0
6.924188|211|Rx|d|8|8200FFFFA90000D1
6.924188|214|Rx|d|2|0
6.924188|350|Rx|d|8|C02F3AF91870A489
6.924188|1b0|Rx|d|4|FF00FFC4
6.924188|4de|Rx|d|3|C00000
6.924188|55d|Rx|d|8|00FD50C091800000
6.948871|211|Rx|d|8|8200FFFFA90000D1
6.948871|214|Rx|d|2|0
6.948871|1b0|Rx|d|4|FF00FFC4
6.948871|5de|Rx|d|8|2
6.954177|5df|Rx|d|3|9500
6.964173|211|Rx|d|8|8200FFFFA90000D1
6.964173|214|Rx|d|2|0
6.964173|218|Rx|d|1|98
6.964173|4fa|Rx|d|2|800
6.964173|671|Rx|d|2|200
6.964173|1b0|Rx|d|4|FF00FFC4
6.964173|657|Rx|d|2|C0CC
6.974168|4ac|Rx|d|5|83762A0080
6.974168|45c|Rx|d|6|00000000FFE0
6.984603|211|Rx|d|8|8200FFFFA90000D1
6.984603|214|Rx|d|2|0
6.984603|1b0|Rx|d|4|FF00FFC4
6.994266|4f8|Rx|d|8|94C0000000000000
7.004073|211|Rx|d|8|8200FFFFA90000D1
7.004073|214|Rx|d|2|0
7.004073|1b0|Rx|d|4|FF00FFC4
7.009103|3b7|Rx|d|6|37007FC000C0
7.033858|211|Rx|d|8|8200FFFFA90000D1
7.033858|214|Rx|d|2|0
7.033858|350|Rx|d|8|C02F3AF91870A489
7.033858|1b0|Rx|d|4|FF00FFC4
7.033858|4de|Rx|d|3|C00000
7.033858|55d|Rx|d|8|00FD50C091800000
7.049214|211|Rx|d|8|8200FFFFA90000D1
7.049214|214|Rx|d|2|0
7.049214|1b0|Rx|d|4|FF00FFC4
7.049214|5de|Rx|d|8|2
7.049214|5df|Rx|d|3|9500
7.059935|211|Rx|d|8|8200FFFFA90000D1
7.059935|214|Rx|d|2|0
7.059935|218|Rx|d|1|98
7.059935|4fa|Rx|d|2|800
7.059935|671|Rx|d|2|200
7.059935|1b0|Rx|d|4|FF00FFC4
7.059935|657|Rx|d|2|C0CC
7.071927|4ac|Rx|d|5|83762A0080
7.071927|45c|Rx|d|6|00000000FFE0
7.077932|211|Rx|d|8|8200FFFFA90000D1
7.077932|214|Rx|d|2|0
7.083920|1b0|Rx|d|4|FF00FFC4
7.083920|4f8|Rx|d|8|94C0000000000000
7.097912|211|Rx|d|8|8200FFFFA90000D1
7.097912|214|Rx|d|2|0
7.103909|1b0|Rx|d|4|FF00FFC4
7.103909|3b7|Rx|d|6|37007FC000C0
7.113901|646|Rx|d|8|000000020000000C
7.119898|211|Rx|d|8|8200FFFFA90000D1
7.119898|214|Rx|d|2|0
7.121896|350|Rx|d|8|C02F3AF91870A489
7.121896|1b0|Rx|d|4|FF00FFC4
7.121896|4de|Rx|d|3|C00000
7.121896|55d|Rx|d|8|00FD50C091800000
7.137887|211|Rx|d|8|8200FFFFA90000D1
7.137887|214|Rx|d|2|0
7.143882|1b0|Rx|d|4|FF00FFC4
7.143882|5de|Rx|d|8|2
7.151878|5df|Rx|d|3|9500
7.157878|211|Rx|d|8|8200FFFFA90000D1
7.157878|214|Rx|d|2|0
7.157878|218|Rx|d|1|98
7.157878|4fa|Rx|d|2|800
7.157878|671|Rx|d|2|200
7.163870|1b0|Rx|d|4|FF00FFC4
7.163870|657|Rx|d|2|C0CC
7.171865|4ac|Rx|d|5|83762A0080
7.171865|45c|Rx|d|6|00000000FFE0
7.177862|211|Rx|d|8|8200FFFFA90000D1
7.177862|214|Rx|d|2|0
7.183858|1b0|Rx|d|4|FF00FFC4
7.183858|4f8|Rx|d|8|94C0000000000000
7.201848|211|Rx|d|8|8200FFFFA90000D1
7.201848|214|Rx|d|2|0
7.203846|1b0|Rx|d|4|FF00FFC4
7.203846|3b7|Rx|d|6|37007FC000C0
7.234063|211|Rx|d|8|8200FFFFA90000D1
7.234063|214|Rx|d|2|0
7.234063|350|Rx|d|8|C02F3AF91870A489
7.234063|1b0|Rx|d|4|FF00FFC4
7.234063|4de|Rx|d|3|C00000
7.234063|55d|Rx|d|8|00FD50C091800000
7.254198|211|Rx|d|8|8200FFFFA90000D1
7.254198|214|Rx|d|2|0
7.254198|1b0|Rx|d|4|FF00FFC4
7.254198|5de|Rx|d|8|2
7.263949|5df|Rx|d|3|9500
7.263949|211|Rx|d|8|8200FFFFA90000D1
7.263949|214|Rx|d|2|0
7.263949|218|Rx|d|1|98
7.263949|4fa|Rx|d|2|800
7.263949|671|Rx|d|2|200
7.263949|1b0|Rx|d|4|FF00FFC4
7.263949|657|Rx|d|2|C0CC
7.293489|4ac|Rx|d|5|83762A0080
7.293489|45c|Rx|d|6|00000000FFE0
7.293489|211|Rx|d|8|8200FFFFA90000D1
7.293489|214|Rx|d|2|0
7.293489|1b0|Rx|d|4|FF00FFC4
7.293489|4f8|Rx|d|8|94C0000000000000
7.312156|211|Rx|d|8|8200FFFFA90000D1
7.312156|214|Rx|d|2|0
7.312156|1b0|Rx|d|4|FF00FFC4
7.312156|3b7|Rx|d|6|37007FC000C0
7.325479|211|Rx|d|8|8200FFFFA90000D1
7.325479|214|Rx|d|2|0
7.325479|350|Rx|d|8|C02F3AF91870A489
7.325479|1b0|Rx|d|4|FF00FFC4
7.325479|4de|Rx|d|3|C00000
7.325479|55d|Rx|d|8|00FD50C091800000
7.344084|211|Rx|d|8|8200FFFFA90000D1
7.344084|214|Rx|d|2|0
7.344084|1b0|Rx|d|4|FF00FFC4
7.344084|5de|Rx|d|8|2
7.363971|5df|Rx|d|3|9500
7.363971|211|Rx|d|8|8200FFFFA90000D1
7.363971|214|Rx|d|2|0
7.363971|218|Rx|d|1|98
7.363971|4fa|Rx|d|2|800
7.363971|671|Rx|d|2|200
7.363971|1b0|Rx|d|4|FF00FFC4
7.363971|657|Rx|d|2|C0CC
7.388794|4ac|Rx|d|5|83762A0080
7.388794|45c|Rx|d|6|00000000FFE0
7.388794|211|Rx|d|8|8200FFFFA90000D1
7.388794|214|Rx|d|2|0
7.388794|1b0|Rx|d|4|FF00FFC4
7.388794|4f8|Rx|d|8|94C0000000000000
7.412265|211|Rx|d|8|8200FFFFA90000D1
7.412265|214|Rx|d|2|0
7.412265|1b0|Rx|d|4|FF00FFC4
7.412265|3b7|Rx|d|6|37007FC000C0
7.434300|211|Rx|d|8|8200FFFFA90000D1
7.434300|214|Rx|d|2|0
7.434300|350|Rx|d|8|C02F3AF91870A489
7.434300|1b0|Rx|d|4|FF00FFC4
7.434300|4de|Rx|d|3|C00000
7.434300|55d|Rx|d|8|00FD50C091800000
7.444063|211|Rx|d|8|8200FFFFA90000D1
7.444063|214|Rx|d|2|0
7.444063|1b0|Rx|d|4|FF00FFC4
7.444063|5de|Rx|d|8|2
7.449945|5df|Rx|d|3|9500
7.469048|211|Rx|d|8|8200FFFFA90000D1
7.469048|214|Rx|d|2|0
7.469048|218|Rx|d|1|98
7.469048|4fa|Rx|d|2|800
7.469048|671|Rx|d|2|200
7.469048|1b0|Rx|d|4|FF00FFC4
7.469048|657|Rx|d|2|C0CC
7.469048|4ac|Rx|d|5|83762A0080
7.469048|45c|Rx|d|6|00000000FFE0
7.489136|211|Rx|d|8|8200FFFFA90000D1
7.489136|214|Rx|d|2|0
7.489136|1b0|Rx|d|4|FF00FFC4
7.489136|4f8|Rx|d|8|94C0000000000000
7.512351|211|Rx|d|8|8200FFFFA90000D1
7.512351|214|Rx|d|2|0
7.512351|1b0|Rx|d|4|FF00FFC4
7.512351|3b7|Rx|d|6|37007FC000C0
7.533571|211|Rx|d|8|8200FFFFA90000D1
7.533571|214|Rx|d|2|0
7.533571|350|Rx|d|8|C02F3AF91870A489
7.533571|1b0|Rx|d|4|FF00FFC4
7.533571|4de|Rx|d|3|C00000
7.533571|55d|Rx|d|8|00FD50C091800000
7.553397|211|Rx|d|8|8200FFFFA90000D1
7.553397|214|Rx|d|2|0
7.553397|1b0|Rx|d|4|FF00FFC4
7.553397|5de|Rx|d|8|2
7.553397|5df|Rx|d|3|9500
7.569966|211|Rx|d|8|8200FFFFA90000D1
7.569966|214|Rx|d|2|0
7.569966|218|Rx|d|1|98
7.569966|4fa|Rx|d|2|800
7.569966|671|Rx|d|2|200
7.569966|1b0|Rx|d|4|FF00FFC4
7.569966|657|Rx|d|2|C0CC
7.569966|4ac|Rx|d|5|83762A0080
7.569966|45c|Rx|d|6|00000000FFE0
7.584477|211|Rx|d|8|8200FFFFA90000D1
7.584477|214|Rx|d|2|0
7.584477|1b0|Rx|d|4|FF00FFC4
7.584477|4f8|Rx|d|8|94C0000000000000
7.612367|211|Rx|d|8|8200FFFFA90000D1
7.612367|214|Rx|d|2|0
7.612367|1b0|Rx|d|4|FF00FFC4
7.612367|3b7|Rx|d|6|37007FC000C0
7.612367|646|Rx|d|8|000000020000000C
7.643862|211|Rx|d|8|8200FFFFA90000D1
7.643862|214|Rx|d|2|0
7.643862|350|Rx|d|8|C02F3AF91870A489
7.643862|1b0|Rx|d|4|FF00FFC4
7.643862|4de|Rx|d|3|C00000
7.643862|55d|Rx|d|8|00FD50C091800000
7.643862|211|Rx|d|8|8200FFFFA90000D1
7.643862|214|Rx|d|2|0
7.643862|1b0|Rx|d|4|FF00FFC4
7.643862|5de|Rx|d|8|2
7.673936|5df|Rx|d|3|9500
7.673936|211|Rx|d|8|8200FFFFA90000D1
7.673936|214|Rx|d|2|0
7.673936|218|Rx|d|1|98
7.673936|4fa|Rx|d|2|800
7.673936|671|Rx|d|2|200
7.673936|1b0|Rx|d|4|FF00FFC4
7.673936|657|Rx|d|2|C0CC
7.673936|4ac|Rx|d|5|83752A0080
7.673936|45c|Rx|d|6|00000000FFE0
7.696374|211|Rx|d|8|8200FFFFA90000D1
7.696374|214|Rx|d|2|0
7.696374|1b0|Rx|d|4|FF00FFC4
7.696374|4f8|Rx|d|8|94C0000000000000
7.704020|211|Rx|d|8|8200FFFFA90000D1
7.704020|214|Rx|d|2|0
7.704020|1b0|Rx|d|4|FF00FFC4
7.704020|3b7|Rx|d|6|37007FC000C0
7.734473|211|Rx|d|8|8200FFFFA90000D1
7.734473|214|Rx|d|2|0
7.734473|350|Rx|d|8|C02F3AF91870A489
7.734473|1b0|Rx|d|4|FF00FFC4
7.734473|4de|Rx|d|3|C00000
7.734473|55d|Rx|d|8|00FD50C091800000
7.748822|211|Rx|d|8|8200FFFFA90000D1
7.748822|214|Rx|d|2|0
7.748822|1b0|Rx|d|4|FF00FFC4
7.748822|5de|Rx|d|8|2
7.748822|5df|Rx|d|3|9500
7.774634|211|Rx|d|8|8200FFFFA90000D1
7.774634|214|Rx|d|2|0
7.774634|218|Rx|d|1|98
7.774634|4fa|Rx|d|2|800
7.774634|671|Rx|d|2|200
7.774634|1b0|Rx|d|4|FF00FFC4
7.774634|657|Rx|d|2|C0CC
7.774634|69f|Rx|d|4|0650859F
7.774634|4ac|Rx|d|5|83762A0080
7.774634|45c|Rx|d|6|00000000FFE0
7.799073|211|Rx|d|8|8200FFFFA90000D1
7.799073|214|Rx|d|2|0
7.799073|1b0|Rx|d|4|FF00FFC4
7.799073|4f8|Rx|d|8|94C0000000000000
7.804569|211|Rx|d|8|8200FFFFA90000D1
7.804569|214|Rx|d|2|0
7.804569|1b0|Rx|d|4|FF00FFC4
7.812912|3b7|Rx|d|6|37007FC000C0
7.824161|211|Rx|d|8|8200FFFFA90000D1
7.824161|214|Rx|d|2|0
7.824161|350|Rx|d|8|C02F3AF91870A489
7.824161|1b0|Rx|d|4|FF00FFC4
7.824161|4de|Rx|d|3|C00000
7.824161|55d|Rx|d|8|00FD50C091800000
7.853490|211|Rx|d|8|8200FFFFA90000D1
7.853490|214|Rx|d|2|0
7.853490|1b0|Rx|d|4|FF00FFC4
7.853490|5de|Rx|d|8|2
7.853490|5df|Rx|d|3|9500
7.884285|211|Rx|d|8|8200FFFFA90000D1
7.884285|214|Rx|d|2|0
7.884285|218|Rx|d|1|98
7.884285|4fa|Rx|d|2|800
7.884285|671|Rx|d|2|200
7.884285|1b0|Rx|d|4|FF00FFC4
7.884285|657|Rx|d|2|C0CC
7.884285|4ac|Rx|d|5|83752A0080
7.884285|45c|Rx|d|6|00000000FFE0
7.884285|211|Rx|d|8|8200FFFFA90000D1
7.884285|214|Rx|d|2|0
7.884285|1b0|Rx|d|4|FF00FFC4
7.884285|4f8|Rx|d|8|94C0000000000000
7.909103|211|Rx|d|8|8200FFFFA90000D1
7.909103|214|Rx|d|2|0
7.909103|1b0|Rx|d|4|FF00FFC4
7.909103|3b7|Rx|d|6|37007FC000C0
7.923955|211|Rx|d|8|8200FFFFA90000D1
7.923955|214|Rx|d|2|0
7.923955|350|Rx|d|8|C02F3AF91870A489
7.923955|1b0|Rx|d|4|FF00FFC4
7.923955|4de|Rx|d|3|C00000
7.923955|55d|Rx|d|8|00FD50C091800000
7.943946|211|Rx|d|8|8200FFFFA90000D1
7.943946|214|Rx|d|2|0
7.943946|1b0|Rx|d|4|FF00FFC4
7.943946|5de|Rx|d|8|2
7.953746|5df|Rx|d|3|9500
7.974510|211|Rx|d|8|8200FFFFA90000D1
7.974510|214|Rx|d|2|0
7.974510|218|Rx|d|1|98
7.974510|4fa|Rx|d|2|800
7.974510|671|Rx|d|2|200
7.974510|1b0|Rx|d|4|FF00FFC4
7.974510|657|Rx|d|2|C0CC
7.984085|4ac|Rx|d|5|83762A0080
7.984085|45c|Rx|d|6|00000000FFE0
7.994281|211|Rx|d|8|8200FFFFA90000D1
7.994281|214|Rx|d|2|0
7.994281|1b0|Rx|d|4|FF00FFC4
7.994281|4f8|Rx|d|8|94C0000000000000
8.012494|211|Rx|d|8|8200FFFFA90000D1
8.012494|214|Rx|d|2|0
8.012494|1b0|Rx|d|4|FF00FFC4
8.012494|3b7|Rx|d|6|37007FC000C0
8.034228|211|Rx|d|8|8200FFFFA90000D1
8.034228|214|Rx|d|2|0
8.034228|350|Rx|d|8|C02F3AF91870A489
8.034228|1b0|Rx|d|4|FF00FFC4
8.034228|4de|Rx|d|3|C00000
8.034228|55d|Rx|d|8|00FD50C091800000
8.051972|211|Rx|d|8|8200FFFFA90000D1
8.051972|214|Rx|d|2|0
8.051972|1b0|Rx|d|4|FF00FFC4
8.051972|5de|Rx|d|8|2
8.053969|5df|Rx|d|3|9500
8.057455|211|Rx|d|8|8200FFFFA90000D1
8.057455|214|Rx|d|2|0
8.059453|218|Rx|d|1|98
8.059453|4fa|Rx|d|2|800
8.059453|671|Rx|d|2|200
8.059453|1b0|Rx|d|4|FF00FFC4
8.059453|657|Rx|d|2|C0CC
8.071446|4ac|Rx|d|5|83762A0080
8.071446|45c|Rx|d|6|00000000FFE0
8.079441|211|Rx|d|8|8200FFFFA90000D1
8.079441|214|Rx|d|2|0
8.079441|1b0|Rx|d|4|FF00FFC4
8.083438|4f8|Rx|d|8|94C0000000000000
8.097430|211|Rx|d|8|8200FFFFA90000D1
8.097430|214|Rx|d|2|0
8.097430|1b0|Rx|d|4|FF00FFC4
8.103427|3b7|Rx|d|6|37007FC000C0
8.113713|646|Rx|d|8|000000020000000C
8.119679|211|Rx|d|8|8200FFFFA90000D1
8.119679|214|Rx|d|2|0
8.119679|350|Rx|d|8|C02F3AF91870A489
8.119679|1b0|Rx|d|4|FF00FFC4
8.119679|4de|Rx|d|3|C00000
8.119679|55d|Rx|d|8|00FD50C091800000
8.137667|211|Rx|d|8|8200FFFFA90000D1
8.137667|214|Rx|d|2|0
8.137667|1b0|Rx|d|4|FF00FFC4
8.137667|5de|Rx|d|8|2
8.149660|5df|Rx|d|3|9500
8.157655|211|Rx|d|8|8200FFFFA90000D1
8.157655|214|Rx|d|2|0
8.157655|218|Rx|d|1|98
8.157655|4fa|Rx|d|2|800
8.157655|671|Rx|d|2|200
8.157655|1b0|Rx|d|4|FF00FFC4
8.157655|657|Rx|d|2|C0CC
8.169648|4ac|Rx|d|5|83762A0080
8.169648|45c|Rx|d|6|00000000FFE0
8.193079|211|Rx|d|8|8200FFFFA90000D1
8.193079|214|Rx|d|2|0
8.193079|1b0|Rx|d|4|FF00FFC4
8.193079|4f8|Rx|d|8|94C0000000000000
8.208740|211|Rx|d|8|8200FFFFA90000D1
8.208740|214|Rx|d|2|0
8.208740|1b0|Rx|d|4|FF00FFC4
8.208740|3b7|Rx|d|6|37007FC000C0
8.234257|211|Rx|d|8|8200FFFFA90000D1
8.234257|214|Rx|d|2|0
8.234257|350|Rx|d|8|C02F3AF91870A489
8.234257|1b0|Rx|d|4|FF00FFC4
8.234257|4de|Rx|d|3|C00000
8.234257|55d|Rx|d|8|00FD50C091800000
8.244069|211|Rx|d|8|8200FFFFA90000D1
8.244069|214|Rx|d|2|0
8.244069|1b0|Rx|d|4|FF00FFC4
8.244069|5de|Rx|d|8|2
8.263190|5df|Rx|d|3|9500
8.263190|211|Rx|d|8|8200FFFFA90000D1
8.263190|214|Rx|d|2|0
8.263190|218|Rx|d|1|98
8.263190|4fa|Rx|d|2|800
8.263190|671|Rx|d|2|200
8.263190|1b0|Rx|d|4|FF00FFC4
8.263190|657|Rx|d|2|C0CC
8.289074|4ac|Rx|d|5|83762A0080
8.289074|45c|Rx|d|6|00000000FFE0
8.289074|211|Rx|d|8|8200FFFFA90000D1
8.289074|214|Rx|d|2|0
8.289074|1b0|Rx|d|4|FF00FFC4
8.289074|4f8|Rx|d|8|94C0000000000000
8.304200|211|Rx|d|8|8200FFFFA90000D1
8.304200|214|Rx|d|2|0
8.312629|1b0|Rx|d|4|FF00FFC4
8.312629|3b7|Rx|d|6|37007FC000C0
8.334062|211|Rx|d|8|8200FFFFA90000D1
8.334062|214|Rx|d|2|0
8.334062|350|Rx|d|8|C02F3AF91870A489
8.334062|1b0|Rx|d|4|FF00FFC4
8.334062|4de|Rx|d|3|C00000
8.334062|55d|Rx|d|8|00FD50C091800000
8.349137|211|Rx|d|8|8200FFFFA90000D1
8.349137|214|Rx|d|2|0
8.349137|1b0|Rx|d|4|FF00FFC4
8.349137|5de|Rx|d|8|2
8.349137|5df|Rx|d|3|9500
8.374322|211|Rx|d|8|8200FFFFA90000D1
8.374322|214|Rx|d|2|0
8.374322|218|Rx|d|1|98
8.374322|4fa|Rx|d|2|800
8.374322|671|Rx|d|2|200
8.374322|1b0|Rx|d|4|FF00FFC4
8.374322|657|Rx|d|2|C0CC
8.374322|4ac|Rx|d|5|83762A0080
8.374322|45c|Rx|d|6|00000000FFE0
8.404044|211|Rx|d|8|8200FFFFA90000D1
8.404044|214|Rx|d|2|0
8.404044|1b0|Rx|d|4|FF00FFC4
8.404044|4f8|Rx|d|8|94C0000000000000
8.404044|211|Rx|d|8|8200FFFFA90000D1
8.404044|214|Rx|d|2|0
8.404044|1b0|Rx|d|4|FF00FFC4
8.404044|3b7|Rx|d|6|37007FC000C0
8.434031|211|Rx|d|8|8200FFFFA90000D1
8.434031|214|Rx|d|2|0
8.434031|350|Rx|d|8|C02F3AF91870A489
8.434031|1b0|Rx|d|4|FF00FFC4
8.434031|4de|Rx|d|3|C00000
8.434031|55d|Rx|d|8|00FD50C091800000
8.448883|211|Rx|d|8|8200FFFFA90000D1
8.448883|214|Rx|d|2|0
8.448883|1b0|Rx|d|4|FF00FFC4
8.448883|5de|Rx|d|8|2
8.453938|5df|Rx|d|3|9500
8.474317|211|Rx|d|8|8200FFFFA90000D1
8.474317|214|Rx|d|2|0
8.474317|218|Rx|d|1|98
8.474317|4fa|Rx|d|2|800
8.474317|671|Rx|d|2|200
8.474317|1b0|Rx|d|4|FF00FFC4
8.474317|657|Rx|d|2|C0CC
8.474317|4ac|Rx|d|5|83752A0080
8.474317|45c|Rx|d|6|00000000FFE0
8.503748|211|Rx|d|8|8200FFFFA90000D1
8.503748|214|Rx|d|2|0
8.503748|1b0|Rx|d|4|FF00FFC4
8.503748|4f8|Rx|d|8|94C0000000000000
8.503748|211|Rx|d|8|8200FFFFA90000D1
8.503748|214|Rx|d|2|0
8.504088|1b0|Rx|d|4|FF00FFC4
8.504088|3b7|Rx|d|6|37007FC000C0
8.534154|211|Rx|d|8|8200FFFFA90000D1
8.534154|214|Rx|d|2|0
8.534154|350|Rx|d|8|C02F3AF91870A489
8.534154|1b0|Rx|d|4|FF00FFC4
8.534154|4de|Rx|d|3|C00000
8.534154|55d|Rx|d|8|00FD50C091800000
8.543842|211|Rx|d|8|8200FFFFA90000D1
8.543842|214|Rx|d|2|0
8.543842|1b0|Rx|d|4|FF00FFC4
8.543842|5de|Rx|d|8|2
8.549520|5df|Rx|d|3|9500
8.557515|211|Rx|d|8|8200FFFFA90000D1
8.557515|214|Rx|d|2|0
8.557515|218|Rx|d|1|98
8.557515|4fa|Rx|d|2|800
8.557515|671|Rx|d|2|200
8.557515|1b0|Rx|d|4|FF00FFC4
8.557515|657|Rx|d|2|C0CC
8.569512|4ac|Rx|d|5|83762A0080
8.569512|45c|Rx|d|6|00000000FFE0
8.579501|211|Rx|d|8|8200FFFFA90000D1
8.579501|214|Rx|d|2|0
8.579501|1b0|Rx|d|4|FF00FFC4
8.583500|4f8|Rx|d|8|94C0000000000000
8.597491|211|Rx|d|8|8200FFFFA90000D1
8.597491|214|Rx|d|2|0
8.599489|1b0|Rx|d|4|FF00FFC4
8.603486|3b7|Rx|d|6|37007FC000C0
8.613481|646|Rx|d|8|000000020000000C
8.619477|211|Rx|d|8|8200FFFFA90000D1
8.619477|214|Rx|d|2|0
8.619477|350|Rx|d|8|C02F3AF91870A489
8.619477|1b0|Rx|d|4|FF00FFC4
8.619477|4de|Rx|d|3|C00000
8.619477|55d|Rx|d|8|00FD50C091800000
8.637466|211|Rx|d|8|8200FFFFA90000D1
8.637466|214|Rx|d|2|0
8.637466|1b0|Rx|d|4|FF00FFC4
8.637466|5de|Rx|d|8|2
8.649458|5df|Rx|d|3|9500
8.657454|211|Rx|d|8|8200FFFFA90000D1
8.657454|214|Rx|d|2|0
8.659452|218|Rx|d|1|98
8.659452|4fa|Rx|d|2|800
8.659452|671|Rx|d|2|200
8.659452|1b0|Rx|d|4|FF00FFC4
8.659452|657|Rx|d|2|C0CC
8.669446|4ac|Rx|d|5|83762A0080
8.669446|45c|Rx|d|6|00000000FFE0
8.678441|211|Rx|d|8|8200FFFFA90000D1
8.678441|214|Rx|d|2|0
8.678441|1b0|Rx|d|4|FF00FFC4
8.685436|4f8|Rx|d|8|94C0000000000000
8.697429|211|Rx|d|8|8200FFFFA90000D1
8.697429|214|Rx|d|2|0
8.697429|1b0|Rx|d|4|FF00FFC4
8.703425|3b7|Rx|d|6|37007FC000C0
8.717417|211|Rx|d|8|8200FFFFA90000D1
8.717417|214|Rx|d|2|0
8.719416|350|Rx|d|8|C02F3AF91870A489
8.719416|1b0|Rx|d|4|FF00FFC4
8.719416|4de|Rx|d|3|C00000
8.719416|55d|Rx|d|8|00FD50C091800000
8.737404|211|Rx|d|8|8200FFFFA90000D1
8.737404|214|Rx|d|2|0
8.739403|1b0|Rx|d|4|FF00FFC4
8.739403|5de|Rx|d|8|2
8.749399|5df|Rx|d|3|9500
8.757392|211|Rx|d|8|8200FFFFA90000D1
8.757392|214|Rx|d|2|0
8.757392|218|Rx|d|1|98
8.757392|4fa|Rx|d|2|800
8.757392|671|Rx|d|2|200
8.757392|1b0|Rx|d|4|FF00FFC4
8.757392|657|Rx|d|2|C0CC
8.759390|69f|Rx|d|4|0650859F
8.769384|4ac|Rx|d|5|83762A0080
8.769384|45c|Rx|d|6|00000000FFE0
8.777380|211|Rx|d|8|8200FFFFA90000D1
8.777380|214|Rx|d|2|0
8.777380|1b0|Rx|d|4|FF00FFC4
8.783376|4f8|Rx|d|8|94C0000000000000
8.797367|211|Rx|d|8|8200FFFFA90000D1
8.797367|214|Rx|d|2|0
8.799366|1b0|Rx|d|4|FF00FFC4
8.803364|3b7|Rx|d|6|37007FC000C0
8.818867|211|Rx|d|8|8200FFFFA90000D1
8.818867|214|Rx|d|2|0
8.818867|350|Rx|d|8|C02F3AF91870A489
8.818867|1b0|Rx|d|4|FF00FFC4
8.818867|4de|Rx|d|3|C00000
8.818867|55d|Rx|d|8|00FD50C091800000
8.838776|211|Rx|d|8|8200FFFFA90000D1
8.838776|214|Rx|d|2|0
8.838776|1b0|Rx|d|4|FF00FFC4
8.838776|5de|Rx|d|8|2
8.858786|5df|Rx|d|3|9500
8.858786|211|Rx|d|8|8200FFFFA90000D1
8.858786|214|Rx|d|2|0
8.858786|218|Rx|d|1|98
8.858786|4fa|Rx|d|2|800
8.858786|671|Rx|d|2|200
8.858786|1b0|Rx|d|4|FF00FFC4
8.858786|657|Rx|d|2|C0CC
8.874203|4ac|Rx|d|5|83762A0080
8.874203|45c|Rx|d|6|00000000FFE0
8.894053|211|Rx|d|8|8200FFFFA90000D1
8.894053|214|Rx|d|2|0
8.894053|1b0|Rx|d|4|FF00FFC4
8.894053|4f8|Rx|d|8|94C0000000000000
8.912936|211|Rx|d|8|8200FFFFA90000D1
8.912936|214|Rx|d|2|0
8.912936|1b0|Rx|d|4|FF00FFC4
8.912936|3b7|Rx|d|6|37007FC000C0
8.924514|211|Rx|d|8|8200FFFFA90000D1
8.924514|214|Rx|d|2|0
8.924514|350|Rx|d|8|C02F3AF91870A489
8.924514|1b0|Rx|d|4|FF00FFC4
8.924514|4de|Rx|d|3|C00000
8.924514|55d|Rx|d|8|00FD50C091800000
8.944408|211|Rx|d|8|8200FFFFA90000D1
8.944436|214|Rx|d|2|0
8.944436|1b0|Rx|d|4|FF00FFC4
8.944436|5de|Rx|d|8|2
8.954047|5df|Rx|d|3|9500
8.963713|211|Rx|d|8|8200FFFFA90000D1
8.963713|214|Rx|d|2|0
8.963713|218|Rx|d|1|98
8.963713|4fa|Rx|d|2|800
8.963713|671|Rx|d|2|200
8.963713|1b0|Rx|d|4|FF00FFC4
8.963713|657|Rx|d|2|C0CC
8.970695|4ac|Rx|d|5|83762A0080
8.970695|45c|Rx|d|6|00000000FFE0
8.978690|211|Rx|d|8|8200FFFFA90000D1
8.978690|214|Rx|d|2|0
8.980689|1b0|Rx|d|4|FF00FFC4
8.980689|4f8|Rx|d|8|94C0000000000000
8.998677|211|Rx|d|8|8200FFFFA90000D1
8.998677|214|Rx|d|2|0
9.000675|1b0|Rx|d|4|FF00FFC4
9.000675|3b7|Rx|d|6|37007FC000C0
9.018665|211|Rx|d|8|8200FFFFA90000D1
9.018665|214|Rx|d|2|0
9.020664|350|Rx|d|8|C02F3AF91870A489
9.020664|1b0|Rx|d|4|FF00FFC4
9.020664|4de|Rx|d|3|C00000
9.020664|55d|Rx|d|8|00FD50C091800000
9.038917|211|Rx|d|8|8200FFFFA90000D1
9.038917|214|Rx|d|2|0
9.040917|1b0|Rx|d|4|FF00FFC4
9.040917|5de|Rx|d|8|2
9.050910|5df|Rx|d|3|9500
9.058905|211|Rx|d|8|8200FFFFA90000D1
9.058905|214|Rx|d|2|0
9.058905|218|Rx|d|1|98
9.058905|4fa|Rx|d|2|800
9.058905|671|Rx|d|2|200
9.060904|1b0|Rx|d|4|FF00FFC4
9.060904|657|Rx|d|2|C0CC
9.070898|4ac|Rx|d|5|83762A0080
9.070898|45c|Rx|d|6|00000000FFE0
9.084372|211|Rx|d|8|8200FFFFA90000D1
9.084372|214|Rx|d|2|0
9.084372|1b0|Rx|d|4|FF00FFC4
9.084372|4f8|Rx|d|8|94C0000000000000
9.104073|6fb|Rx|d|8|0F01A454FF0000FF
9.104073|211|Rx|d|8|8200FFFFA90000D1
9.104073|214|Rx|d|2|0
9.104073|1b0|Rx|d|4|FF00FFC4
9.104073|3b7|Rx|d|6|37007FC000C0
9.128847|646|Rx|d|8|000000020000000C
9.128847|211|Rx|d|8|8200FFFFA90000D1
9.128847|214|Rx|d|2|0
9.128847|350|Rx|d|8|C02F3AF91870A489
9.128847|1b0|Rx|d|4|FF00FFC4
9.128847|4de|Rx|d|3|C00000
9.128847|55d|Rx|d|8|00FD50C091800000
9.128847|5ce|Rx|d|3|FEFF00
9.144236|211|Rx|d|8|8200FFFFA90000D1
9.144236|214|Rx|d|2|0
9.144236|1b0|Rx|d|4|FF00FFC4
9.144236|5de|Rx|d|8|2
9.164521|5df|Rx|d|3|9500
9.164521|211|Rx|d|8|8200FFFFA90000D1
9.164521|214|Rx|d|2|0
9.164521|218|Rx|d|1|98
9.164521|4fa|Rx|d|2|800
9.164521|671|Rx|d|2|200
9.164521|1b0|Rx|d|4|FF00FFC4
9.164521|657|Rx|d|2|C0CC
9.184217|4ac|Rx|d|5|83762A0080
9.184217|45c|Rx|d|6|00000000FFE0
9.184217|211|Rx|d|8|8200FFFFA90000D1
9.184217|214|Rx|d|2|0
9.184217|1b0|Rx|d|4|FF00FFC4
9.184217|4f8|Rx|d|8|94C0000000000000
9.198145|211|Rx|d|8|8200FFFFA90000D1
9.198145|214|Rx|d|2|0
9.198145|1b0|Rx|d|4|FF00FFC4
9.204644|3b7|Rx|d|6|37007FC000C0
9.218635|211|Rx|d|8|8200FFFFA90000D1
9.218635|214|Rx|d|2|0
9.218635|350|Rx|d|8|C02F3AF91870A489
9.218635|1b0|Rx|d|4|FF00FFC4
9.218635|4de|Rx|d|3|C00000
9.218635|55d|Rx|d|8|00FD50C091800000
9.238626|211|Rx|d|8|8200FFFFA90000D1
9.238626|214|Rx|d|2|0
9.238626|1b0|Rx|d|4|FF00FFC4
9.238626|5de|Rx|d|8|2
9.250618|5df|Rx|d|3|9500
9.258613|211|Rx|d|8|8200FFFFA90000D1
9.258613|214|Rx|d|2|0
9.258613|218|Rx|d|1|98
9.258613|4fa|Rx|d|2|800
9.258613|671|Rx|d|2|200
9.260612|1b0|Rx|d|4|FF00FFC4
9.260612|657|Rx|d|2|C0CC
9.270606|4ac|Rx|d|5|83762A0080
9.270606|45c|Rx|d|6|00000000FFE0
9.278601|211|Rx|d|8|8200FFFFA90000D1
9.278601|214|Rx|d|2|0
9.278601|1b0|Rx|d|4|FF00FFC4
9.284598|4f8|Rx|d|8|94C0000000000000
9.298588|211|Rx|d|8|8200FFFFA90000D1
9.298588|214|Rx|d|2|0
9.300587|1b0|Rx|d|4|FF00FFC4
9.300587|3b7|Rx|d|6|37007FC000C0
9.324128|211|Rx|d|8|8200FFFFA90000D1
9.324128|214|Rx|d|2|0
9.333399|350|Rx|d|8|C02F3AF91870A489
9.333399|1b0|Rx|d|4|FF00FFC4
9.333399|4de|Rx|d|3|C00000
9.333399|55d|Rx|d|8|00FD50C091800000
9.353805|211|Rx|d|8|8200FFFFA90000D1
9.353805|214|Rx|d|2|0
9.353805|1b0|Rx|d|4|FF00FFC4
9.353805|5de|Rx|d|8|2
9.364055|5df|Rx|d|3|9500
9.364055|211|Rx|d|8|8200FFFFA90000D1
9.364055|214|Rx|d|2|0
9.364055|218|Rx|d|1|98
9.364055|4fa|Rx|d|2|800
9.364055|671|Rx|d|2|200
9.364055|1b0|Rx|d|4|FF00FFC4
9.364055|657|Rx|d|2|C0CC
9.394379|4ac|Rx|d|5|83762A0080
9.394379|45c|Rx|d|6|00000000FFE0
9.394379|211|Rx|d|8|8200FFFFA90000D1
9.394379|214|Rx|d|2|0
9.394379|1b0|Rx|d|4|FF00FFC4
9.394379|4f8|Rx|d|8|94C0000000000000
9.408762|211|Rx|d|8|8200FFFFA90000D1
9.408762|214|Rx|d|2|0
9.408762|1b0|Rx|d|4|FF00FFC4
9.408762|3b7|Rx|d|6|37007FC000C0
9.433545|211|Rx|d|8|8200FFFFA90000D1
9.433545|214|Rx|d|2|0
9.433545|350|Rx|d|8|C02F3AF91870A489
9.433545|1b0|Rx|d|4|FF00FFC4
9.433545|4de|Rx|d|3|C00000
9.433545|55d|Rx|d|8|00FD50C091800000
9.443848|211|Rx|d|8|8200FFFFA90000D1
9.443848|214|Rx|d|2|0
9.443848|1b0|Rx|d|4|FF00FFC4
9.443848|5de|Rx|d|8|2
9.473766|5df|Rx|d|3|9500
9.473766|211|Rx|d|8|8200FFFFA90000D1
9.473766|214|Rx|d|2|0
9.473766|218|Rx|d|1|98
9.473766|4fa|Rx|d|2|800
9.473766|671|Rx|d|2|200
9.473766|1b0|Rx|d|4|FF00FFC4
9.473766|657|Rx|d|2|C0CC
9.484044|4ac|Rx|d|5|83762A0080
9.484044|45c|Rx|d|6|00000000FFE0
9.484044|211|Rx|d|8|8200FFFFA90000D1
9.484044|214|Rx|d|2|0
9.484044|1b0|Rx|d|4|FF00FFC4
9.484044|4f8|Rx|d|8|94C0000000000000
9.508720|211|Rx|d|8|8200FFFFA90000D1
9.508720|214|Rx|d|2|0
9.508720|1b0|Rx|d|4|FF00FFC4
9.508720|3b7|Rx|d|6|37007FC000C0
9.524452|211|Rx|d|8|8200FFFFA90000D1
9.524452|214|Rx|d|2|0
9.524452|350|Rx|d|8|C02F3AF91870A489
9.524452|1b0|Rx|d|4|FF00FFC4
9.524452|4de|Rx|d|3|C00000
9.524452|55d|Rx|d|8|00FD50C091800000
9.553812|211|Rx|d|8|8200FFFFA90000D1
9.553812|214|Rx|d|2|0
9.553812|1b0|Rx|d|4|FF00FFC4
9.553812|5de|Rx|d|8|2
9.553812|5df|Rx|d|3|9500
9.573818|211|Rx|d|8|8200FFFFA90000D1
9.573818|214|Rx|d|2|0
9.573818|218|Rx|d|1|98
9.573818|4fa|Rx|d|2|800
9.573818|671|Rx|d|2|200
9.573818|1b0|Rx|d|4|FF00FFC4
9.573818|657|Rx|d|2|C0CC
9.573818|4ac|Rx|d|5|83762A0080
9.573818|45c|Rx|d|6|00000000FFE0
9.593931|211|Rx|d|8|8200FFFFA90000D1
9.593931|214|Rx|d|2|0
9.593931|1b0|Rx|d|4|FF00FFC4
9.593931|4f8|Rx|d|8|94C0000000000000
9.614052|211|Rx|d|8|8200FFFFA90000D1
9.614052|214|Rx|d|2|0
9.614052|1b0|Rx|d|4|FF00FFC4
9.614052|3b7|Rx|d|6|37007FC000C0
9.614052|646|Rx|d|8|000000020000000C
9.644303|211|Rx|d|8|8200FFFFA90000D1
9.644303|214|Rx|d|2|0
9.644303|350|Rx|d|8|C02F3AF91870A489
9.644303|1b0|Rx|d|4|FF00FFC4
9.644303|4de|Rx|d|3|C00000
9.644303|55d|Rx|d|8|00FD50C091800000
9.644303|211|Rx|d|8|8200FFFFA90000D1
9.644303|214|Rx|d|2|0
9.644303|1b0|Rx|d|4|FF00FFC4
9.644303|5de|Rx|d|8|2
9.664112|5df|Rx|d|3|9500
9.664112|211|Rx|d|8|8200FFFFA90000D1
9.664112|214|Rx|d|2|0
9.664112|218|Rx|d|1|98
9.664112|4fa|Rx|d|2|800
9.664112|671|Rx|d|2|200
9.664112|1b0|Rx|d|4|FF00FFC4
9.664112|657|Rx|d|2|C0CC
9.684137|4ac|Rx|d|5|83762A0080
9.684137|45c|Rx|d|6|00000000FFE0
9.684137|211|Rx|d|8|8200FFFFA90000D1
9.684137|214|Rx|d|2|0
9.689023|1b0|Rx|d|4|FF00FFC4
9.689023|4f8|Rx|d|8|94C0000000000000
9.708781|211|Rx|d|8|8200FFFFA90000D1
9.708781|214|Rx|d|2|0
9.708781|1b0|Rx|d|4|FF00FFC4
9.708781|3b7|Rx|d|6|37007FC000C0
9.733874|211|Rx|d|8|8200FFFFA90000D1
9.733874|214|Rx|d|2|0
9.733874|350|Rx|d|8|C02F3AF91870A489
9.733874|1b0|Rx|d|4|FF00FFC4
9.733874|4de|Rx|d|3|C00000
9.733874|55d|Rx|d|8|00FD50C091800000
9.754114|211|Rx|d|8|8200FFFFA90000D1
9.754114|214|Rx|d|2|0
9.754114|1b0|Rx|d|4|FF00FFC4
9.754114|5de|Rx|d|8|2
9.754114|5df|Rx|d|3|9500
9.778940|211|Rx|d|8|8200FFFFA90000D1
9.778940|214|Rx|d|2|0
9.778940|218|Rx|d|1|98
9.778940|4fa|Rx|d|2|800
9.778940|671|Rx|d|2|200
9.778940|1b0|Rx|d|4|FF00FFC4
9.778940|657|Rx|d|2|C0CC
9.778940|69f|Rx|d|4|0650859F
9.778940|4ac|Rx|d|5|83762A0080
9.778940|45c|Rx|d|6|00000000FFE0
9.778940|211|Rx|d|8|8200FFFFA90000D1
9.778940|214|Rx|d|2|0
9.778940|1b0|Rx|d|4|FF00FFC4
9.801267|4f8|Rx|d|8|94C0000000000000
9.801267|211|Rx|d|8|8200FFFFA90000D1
9.801267|214|Rx|d|2|0
9.801267|1b0|Rx|d|4|FF00FFC4
9.801267|3b7|Rx|d|6|37007FC000C0
9.828815|211|Rx|d|8|8200FFFFA90000D1
9.828815|214|Rx|d|2|0
9.828815|350|Rx|d|8|C02F3AF91870A489
9.828815|1b0|Rx|d|4|FF00FFC4
9.828815|4de|Rx|d|3|C00000
9.828815|55d|Rx|d|8|00FD50C091800000
9.844320|211|Rx|d|8|8200FFFFA90000D1
9.844320|214|Rx|d|2|0
9.844320|1b0|Rx|d|4|FF00FFC4
9.844320|5de|Rx|d|8|2
9.864012|5df|Rx|d|3|9500
9.873870|211|Rx|d|8|8200FFFFA90000D1
9.873870|214|Rx|d|2|0
9.873870|218|Rx|d|1|98
9.873870|4fa|Rx|d|2|800
9.873870|671|Rx|d|2|200
9.873870|1b0|Rx|d|4|FF00FFC4
9.873870|657|Rx|d|2|C0CC
9.873870|4ac|Rx|d|5|83762A0080
9.873870|45c|Rx|d|6|00000000FFE0
9.893234|211|Rx|d|8|8200FFFFA90000D1
9.893234|214|Rx|d|2|0
9.893234|1b0|Rx|d|4|FF00FFC4
9.893234|4f8|Rx|d|8|94C0000000000000
9.903991|211|Rx|d|8|8200FFFFA90000D1
9.903991|214|Rx|d|2|0
9.903991|1b0|Rx|d|4|FF00FFC4
9.913918|3b7|Rx|d|6|37007FC000C0
9.924024|211|Rx|d|8|8200FFFFA90000D1
9.924024|214|Rx|d|2|0
9.924024|350|Rx|d|8|C02F3AF91870A489
9.924024|1b0|Rx|d|4|FF00FFC4
9.924024|4de|Rx|d|3|C00000
9.924024|55d|Rx|d|8|00FD50C091800000
9.943782|211|Rx|d|8|8200FFFFA90000D1
9.943782|214|Rx|d|2|0
9.943782|1b0|Rx|d|4|FF00FFC4
9.943782|5de|Rx|d|8|2
9.954097|5df|Rx|d|3|9500
9.973940|211|Rx|d|8|8200FFFFA90000D1
9.973940|214|Rx|d|2|0
9.973940|218|Rx|d|1|98
9.973940|4fa|Rx|d|2|800
9.973940|671|Rx|d|2|200
9.973940|1b0|Rx|d|4|FF00FFC4
9.973940|657|Rx|d|2|C0CC
9.973940|4ac|Rx|d|5|83762A0080
9.973940|45c|Rx|d|6|00000000FFE0
9.994153|211|Rx|d|8|8200FFFFA90000D1
9.994153|214|Rx|d|2|0
9.994153|1b0|Rx|d|4|FF00FFC4
9.994153|4f8|Rx|d|8|94C0000000000000
10.013560|211|Rx|d|8|8200FFFFA90000D1
10.013560|214|Rx|d|2|0
10.013560|1b0|Rx|d|4|FF00FFC4
10.013819|3b7|Rx|d|6|37007FC000C0
10.034079|211|Rx|d|8|8200FFFFA90000D1
10.034079|214|Rx|d|2|0
10.034079|350|Rx|d|8|C02F3AF91870A489
10.034079|1b0|Rx|d|4|FF00FFC4
10.034079|4de|Rx|d|3|C00000
10.034079|55d|Rx|d|8|00FD50C091800000
10.040262|211|Rx|d|8|8200FFFFA90000D1
10.040262|214|Rx|d|2|0
10.040262|1b0|Rx|d|4|FF00FFC4
10.040262|5de|Rx|d|8|2
10.064284|5df|Rx|d|3|9500
10.064284|211|Rx|d|8|8200FFFFA90000D1
10.064284|214|Rx|d|2|0
10.064284|218|Rx|d|1|98
10.064284|4fa|Rx|d|2|800
10.064284|671|Rx|d|2|200
10.064284|1b0|Rx|d|4|FF00FFC4
10.064284|657|Rx|d|2|C0CC
10.084098|4ac|Rx|d|5|83762A0080
10.084098|45c|Rx|d|6|00000000FFE0
10.084098|211|Rx|d|8|8200FFFFA90000D1
10.084098|214|Rx|d|2|0
10.084098|1b0|Rx|d|4|FF00FFC4
10.084098|4f8|Rx|d|8|94C0000000000000
10.114273|211|Rx|d|8|8200FFFFA90000D1
10.114297|214|Rx|d|2|0
10.114297|1b0|Rx|d|4|FF00FFC4
10.114297|3b7|Rx|d|6|37007FC000C0
10.114297|646|Rx|d|8|000000020000000C
10.144184|211|Rx|d|8|8200FFFFA90000D1
10.144184|214|Rx|d|2|0
10.144184|350|Rx|d|8|C02F3AF91870A489
10.144184|1b0|Rx|d|4|FF00FFC4
10.144184|4de|Rx|d|3|C00000
10.144184|55d|Rx|d|8|00FD50C091800000
10.151378|211|Rx|d|8|8200FFFFA90000D1
10.151378|214|Rx|d|2|0
10.151378|1b0|Rx|d|4|FF00FFC4
10.151378|5de|Rx|d|8|2
10.153375|5df|Rx|d|3|9500
10.158028|211|Rx|d|8|8200FFFFA90000D1
10.158028|214|Rx|d|2|0
10.158028|218|Rx|d|1|98
10.158028|4fa|Rx|d|2|800
10.158028|671|Rx|d|2|200
10.158028|1b0|Rx|d|4|FF00FFC4
10.158028|657|Rx|d|2|C0CC
10.170020|4ac|Rx|d|5|83762A0080
10.170020|45c|Rx|d|6|00000000FFE0
10.178016|211|Rx|d|8|8200FFFFA90000D1
10.178016|214|Rx|d|2|0
10.178016|1b0|Rx|d|4|FF00FFC4
10.182016|4f8|Rx|d|8|94C0000000000000
10.198005|211|Rx|d|8|8200FFFFA90000D1
10.198005|214|Rx|d|2|0
10.198005|1b0|Rx|d|4|FF00FFC4
10.204000|3b7|Rx|d|6|37007FC000C0
10.217992|211|Rx|d|8|8200FFFFA90000D1
10.217992|214|Rx|d|2|0
10.217992|350|Rx|d|8|C02F3AF91870A489
10.217992|1b0|Rx|d|4|FF00FFC4
10.217992|4de|Rx|d|3|C00000
10.217992|55d|Rx|d|8|00FD50C091800000
10.237979|211|Rx|d|8|8200FFFFA90000D1
10.237979|214|Rx|d|2|0
10.239977|1b0|Rx|d|4|FF00FFC4
10.239977|5de|Rx|d|8|2
10.249971|5df|Rx|d|3|9500
10.257967|211|Rx|d|8|8200FFFFA90000D1
10.257967|214|Rx|d|2|0
10.257967|218|Rx|d|1|98
10.257967|4fa|Rx|d|2|800
10.257967|671|Rx|d|2|200
10.257967|1b0|Rx|d|4|FF00FFC4
10.257967|657|Rx|d|2|C0CC
10.284414|4ac|Rx|d|5|83762A0080
10.284414|45c|Rx|d|6|00000000FFE0
10.284414|211|Rx|d|8|8200FFFFA90000D1
10.284414|214|Rx|d|2|0
10.284414|1b0|Rx|d|4|FF00FFC4
10.284414|4f8|Rx|d|8|94C0000000000000
10.304293|211|Rx|d|8|8200FFFFA90000D1
10.304293|214|Rx|d|2|0
10.304293|1b0|Rx|d|4|FF00FFC4
10.304293|3b7|Rx|d|6|37007FC000C0
10.334070|211|Rx|d|8|8200FFFFA90000D1
10.334070|214|Rx|d|2|0
10.334070|350|Rx|d|8|C02F3AF91870A489
10.334070|1b0|Rx|d|4|FF00FFC4
10.334070|4de|Rx|d|3|C00000
10.334070|55d|Rx|d|8|00FD50C091800000
10.354002|211|Rx|d|8|8200FFFFA90000D1
10.354002|214|Rx|d|2|0
10.354002|1b0|Rx|d|4|FF00FFC4
10.354002|5de|Rx|d|8|2
10.363674|5df|Rx|d|3|9500
10.363674|211|Rx|d|8|8200FFFFA90000D1
10.363674|214|Rx|d|2|0
10.364021|218|Rx|d|1|98
10.364021|4fa|Rx|d|2|800
10.364021|671|Rx|d|2|200
10.364021|1b0|Rx|d|4|FF00FFC4
10.364021|657|Rx|d|2|C0CC
10.393723|4ac|Rx|d|5|83752A0080
10.393723|45c|Rx|d|6|00000000FFE0
10.393723|211|Rx|d|8|8200FFFFA90000D1
10.393723|214|Rx|d|2|0
10.393723|1b0|Rx|d|4|FF00FFC4
10.393723|4f8|Rx|d|8|94C0000000000000
10.408664|211|Rx|d|8|8200FFFFA90000D1
10.408664|214|Rx|d|2|0
10.408664|1b0|Rx|d|4|FF00FFC4
10.408664|3b7|Rx|d|6|37007FC000C0
10.433557|211|Rx|d|8|8200FFFFA90000D1
10.433557|214|Rx|d|2|0
10.433557|350|Rx|d|8|C02F3AF91870A489
10.433557|1b0|Rx|d|4|FF00FFC4
10.433557|4de|Rx|d|3|C00000
10.433557|55d|Rx|d|8|00FD50C091800000
10.448966|211|Rx|d|8|8200FFFFA90000D1
10.448966|214|Rx|d|2|0
10.448966|1b0|Rx|d|4|FF00FFC4
10.448966|5de|Rx|d|8|2
10.454048|5df|Rx|d|3|9500
10.463932|211|Rx|d|8|8200FFFFA90000D1
10.463932|214|Rx|d|2|0
10.463932|218|Rx|d|1|98
10.463932|4fa|Rx|d|2|800
10.463932|671|Rx|d|2|200
10.463932|1b0|Rx|d|4|FF00FFC4
10.463932|657|Rx|d|2|C0CC
10.483839|4ac|Rx|d|5|83762A0080
10.483839|45c|Rx|d|6|00000000FFE0
10.483839|211|Rx|d|8|8200FFFFA90000D1
10.483839|214|Rx|d|2|0
10.483839|1b0|Rx|d|4|FF00FFC4
10.483839|4f8|Rx|d|8|94C0000000000000
10.503865|211|Rx|d|8|8200FFFFA90000D1
10.503865|214|Rx|d|2|0
10.503865|1b0|Rx|d|4|FF00FFC4
10.503865|3b7|Rx|d|6|37007FC000C0
10.518112|211|Rx|d|8|8200FFFFA90000D1
10.518112|214|Rx|d|2|0
10.518112|350|Rx|d|8|C02F3AF91870A489
10.518112|1b0|Rx|d|4|FF00FFC4
10.518112|4de|Rx|d|3|C00000
10.518112|55d|Rx|d|8|00FD50C091800000
10.537948|211|Rx|d|8|8200FFFFA90000D1
10.537948|214|Rx|d|2|0
10.537948|1b0|Rx|d|4|FF00FFC4
10.537948|5de|Rx|d|8|2
10.549941|5df|Rx|d|3|9500
10.557936|211|Rx|d|8|8200FFFFA90000D1
10.557936|214|Rx|d|2|0
10.557936|218|Rx|d|1|98
10.557936|4fa|Rx|d|2|800
10.557936|671|Rx|d|2|200
10.559934|1b0|Rx|d|4|FF00FFC4
10.559934|657|Rx|d|2|C0CC
10.569929|4ac|Rx|d|5|83762A0080
10.569929|45c|Rx|d|6|00000000FFE0
10.577924|211|Rx|d|8|8200FFFFA90000D1
10.577924|214|Rx|d|2|0
10.577924|1b0|Rx|d|4|FF00FFC4
10.583920|4f8|Rx|d|8|94C0000000000000
10.597912|211|Rx|d|8|8200FFFFA90000D1
10.597912|214|Rx|d|2|0
10.597912|1b0|Rx|d|4|FF00FFC4
10.603908|3b7|Rx|d|6|37007FC000C0
10.613902|646|Rx|d|8|000000020000000C
10.634001|211|Rx|d|8|8200FFFFA90000D1
10.634001|214|Rx|d|2|0
10.634001|350|Rx|d|8|C02F3AF91870A489
10.634001|1b0|Rx|d|4|FF00FFC4
10.634001|4de|Rx|d|3|C00000
10.634001|55d|Rx|d|8|00FD50C091800000
10.653905|211|Rx|d|8|8200FFFFA90000D1
10.653905|214|Rx|d|2|0
10.653905|1b0|Rx|d|4|FF00FFC4
10.653905|5de|Rx|d|8|2
10.663006|5df|Rx|d|3|9500
10.673564|211|Rx|d|8|8200FFFFA90000D1
10.673564|214|Rx|d|2|0
10.673564|218|Rx|d|1|98
10.673564|4fa|Rx|d|2|800
10.673564|671|Rx|d|2|200
10.673564|1b0|Rx|d|4|FF00FFC4
10.673564|657|Rx|d|2|C0CC
10.673564|4ac|Rx|d|5|83762A0080
10.673564|45c|Rx|d|6|00000000FFE0
10.699024|211|Rx|d|8|8200FFFFA90000D1
10.699024|214|Rx|d|2|0
10.699024|1b0|Rx|d|4|FF00FFC4
10.699024|4f8|Rx|d|8|94C0000000000000
10.699024|211|Rx|d|8|8200FFFFA90000D1
10.699024|214|Rx|d|2|0
10.699024|1b0|Rx|d|4|FF00FFC4
10.719139|3b7|Rx|d|6|37007FC000C0
10.723810|211|Rx|d|8|8200FFFFA90000D1
10.723810|214|Rx|d|2|0
10.723810|350|Rx|d|8|C02F3AF91870A489
10.723810|1b0|Rx|d|4|FF00FFC4
10.723810|4de|Rx|d|3|C00000
10.723810|55d|Rx|d|8|00FD50C091800000
10.741731|211|Rx|d|8|8200FFFFA90000D1
10.741731|214|Rx|d|2|0
10.743729|1b0|Rx|d|4|FF00FFC4
10.743729|5de|Rx|d|8|2
10.749450|5df|Rx|d|3|9500
10.757445|211|Rx|d|8|8200FFFFA90000D1
10.757445|214|Rx|d|2|0
10.757445|218|Rx|d|1|98
10.757445|4fa|Rx|d|2|800
10.759444|671|Rx|d|2|200
10.759444|1b0|Rx|d|4|FF00FFC4
10.759444|657|Rx|d|2|C0CC
10.759444|69f|Rx|d|4|0650859F
10.769438|4ac|Rx|d|5|83752A0080
10.769438|45c|Rx|d|6|00000000FFE0
10.777433|211|Rx|d|8|8200FFFFA90000D1
10.777433|214|Rx|d|2|0
10.777433|1b0|Rx|d|4|FF00FFC4
10.783429|4f8|Rx|d|8|94C0000000000000
10.797424|211|Rx|d|8|8200FFFFA90000D1
10.797424|214|Rx|d|2|0
10.799419|1b0|Rx|d|4|FF00FFC4
10.803417|3b7|Rx|d|6|37007FC000C0
10.817408|211|Rx|d|8|8200FFFFA90000D1
10.817408|214|Rx|d|2|0
10.819408|350|Rx|d|8|C02F3AF91870A489
10.819408|1b0|Rx|d|4|FF00FFC4
10.819408|4de|Rx|d|3|C00000
10.819408|55d|Rx|d|8|00FD50C091800000
10.837396|211|Rx|d|8|8200FFFFA90000D1
10.837396|214|Rx|d|2|0
10.837396|1b0|Rx|d|4|FF00FFC4
10.837396|5de|Rx|d|8|2
10.849388|5df|Rx|d|3|9500
10.857383|211|Rx|d|8|8200FFFFA90000D1
10.857383|214|Rx|d|2|0
10.857383|218|Rx|d|1|98
10.857383|4fa|Rx|d|2|800
10.859382|671|Rx|d|2|200
10.859382|1b0|Rx|d|4|FF00FFC4
10.859382|657|Rx|d|2|C0CC
10.883858|4ac|Rx|d|5|83762A0080
10.883858|45c|Rx|d|6|00000000FFE0
10.893898|211|Rx|d|8|8200FFFFA90000D1
10.893898|214|Rx|d|2|0
10.893898|1b0|Rx|d|4|FF00FFC4
10.893898|4f8|Rx|d|8|94C0000000000000
10.904119|211|Rx|d|8|8200FFFFA90000D1
10.904119|214|Rx|d|2|0
10.904119|1b0|Rx|d|4|FF00FFC4
10.908625|3b7|Rx|d|6|37007FC000C0
10.923897|211|Rx|d|8|8200FFFFA90000D1
10.923897|214|Rx|d|2|0
10.923897|350|Rx|d|8|C02F3AF91870A489
10.923897|1b0|Rx|d|4|FF00FFC4
10.923897|4de|Rx|d|3|C00000
10.923897|55d|Rx|d|8|00FD50C091800000
10.944164|211|Rx|d|8|8200FFFFA90000D1
10.944164|214|Rx|d|2|0
10.944164|1b0|Rx|d|4|FF00FFC4
10.944164|5de|Rx|d|8|2
10.958615|5df|Rx|d|3|9500
10.958615|211|Rx|d|8|8200FFFFA90000D1
10.958615|214|Rx|d|2|0
10.958615|218|Rx|d|1|98
10.958615|4fa|Rx|d|2|800
10.958615|1b0|Rx|d|4|FF00FFC4
10.958615|671|Rx|d|2|200
10.958615|657|Rx|d|2|C0CC
10.972408|4ac|Rx|d|5|83762A0080
10.972408|45c|Rx|d|6|00000000FFE0
10.984233|211|Rx|d|8|8200FFFFA90000D1
10.984233|214|Rx|d|2|0
10.984233|1b0|Rx|d|4|FF00FFC4
10.988921|4f8|Rx|d|8|94C0000000000000
11.004493|211|Rx|d|8|8200FFFFA90000D1
11.004493|214|Rx|d|2|0
11.004493|1b0|Rx|d|4|FF00FFC4
11.004493|3b7|Rx|d|6|37007FC000C0
11.023886|211|Rx|d|8|8200FFFFA90000D1
11.023886|214|Rx|d|2|0
11.023886|350|Rx|d|8|C02F3AF91870A489
11.023886|1b0|Rx|d|4|FF00FFC4
11.023886|4de|Rx|d|3|C00000
11.023886|55d|Rx|d|8|00FD50C091800000
11.044210|211|Rx|d|8|8200FFFFA90000D1
11.044210|214|Rx|d|2|0
11.054008|1b0|Rx|d|4|FF00FFC4
11.054008|5de|Rx|d|8|2
11.054008|5df|Rx|d|3|9500
11.074188|211|Rx|d|8|8200FFFFA90000D1
11.074188|214|Rx|d|2|0
11.074188|218|Rx|d|1|98
11.074188|4fa|Rx|d|2|800
11.074188|671|Rx|d|2|200
11.074188|1b0|Rx|d|4|FF00FFC4
11.074188|657|Rx|d|2|C0CC
11.074188|4ac|Rx|d|5|83762A0080
11.074188|45c|Rx|d|6|00000000FFE0
11.089807|211|Rx|d|8|8200FFFFA90000D1
11.089807|214|Rx|d|2|0
11.089807|1b0|Rx|d|4|FF00FFC4
11.089807|4f8|Rx|d|8|94C0000000000000
11.108637|211|Rx|d|8|8200FFFFA90000D1
11.108637|214|Rx|d|2|0
11.108637|1b0|Rx|d|4|FF00FFC4
11.108637|3b7|Rx|d|6|37007FC000C0
11.124261|646|Rx|d|8|000000020000000C
11.124261|211|Rx|d|8|8200FFFFA90000D1
11.124261|214|Rx|d|2|0
11.124261|350|Rx|d|8|C02F3AF91870A489
11.124261|1b0|Rx|d|4|FF00FFC4
11.124261|4de|Rx|d|3|C00000
11.124261|55d|Rx|d|8|00FD50C091800000
11.144580|211|Rx|d|8|8200FFFFA90000D1
11.144580|214|Rx|d|2|0
11.144580|1b0|Rx|d|4|FF00FFC4
11.144580|5de|Rx|d|8|2
11.158722|5df|Rx|d|3|9500
11.158722|211|Rx|d|8|8200FFFFA90000D1
11.158722|214|Rx|d|2|0
11.158722|218|Rx|d|1|98
11.158722|4fa|Rx|d|2|800
11.158722|671|Rx|d|2|200
11.158722|1b0|Rx|d|4|FF00FFC4
11.158722|657|Rx|d|2|C0CC
11.184100|4ac|Rx|d|5|83762A0080
11.184100|45c|Rx|d|6|00000000FFE0
11.184100|211|Rx|d|8|8200FFFFA90000D1
11.184100|214|Rx|d|2|0
11.184100|1b0|Rx|d|4|FF00FFC4
11.184100|4f8|Rx|d|8|94C0000000000000
11.207769|211|Rx|d|8|8200FFFFA90000D1
11.207769|214|Rx|d|2|0
11.207769|1b0|Rx|d|4|FF00FFC4
11.207769|3b7|Rx|d|6|37007FC000C0
11.234221|211|Rx|d|8|8200FFFFA90000D1
11.234221|214|Rx|d|2|0
11.234221|350|Rx|d|8|C02F3AF91870A489
11.234254|1b0|Rx|d|4|FF00FFC4
11.234254|4de|Rx|d|3|C00000
11.234254|55d|Rx|d|8|00FD50C091800000
11.244203|211|Rx|d|8|8200FFFFA90000D1
11.244203|214|Rx|d|2|0
11.244203|1b0|Rx|d|4|FF00FFC4
11.244203|5de|Rx|d|8|2
11.264330|5df|Rx|d|3|9500
11.268641|211|Rx|d|8|8200FFFFA90000D1
11.268641|214|Rx|d|2|0
11.268641|218|Rx|d|1|98
11.268641|4fa|Rx|d|2|800
11.268641|671|Rx|d|2|200
11.268641|1b0|Rx|d|4|FF00FFC4
11.268641|657|Rx|d|2|C0CC
11.268641|4ac|Rx|d|5|83762A0080
11.268641|45c|Rx|d|6|00000000FFE0
11.288891|211|Rx|d|8|8200FFFFA90000D1
11.288891|214|Rx|d|2|0
11.288891|1b0|Rx|d|4|FF00FFC4
11.288891|4f8|Rx|d|8|94C0000000000000
11.304288|211|Rx|d|8|8200FFFFA90000D1
11.304288|214|Rx|d|2|0
11.304288|1b0|Rx|d|4|FF00FFC4
11.304288|3b7|Rx|d|6|37007FC000C0
11.321029|211|Rx|d|8|8200FFFFA90000D1
11.321029|214|Rx|d|2|0
11.321029|350|Rx|d|8|C02F3AF91870A489
11.321029|1b0|Rx|d|4|FF00FFC4
11.321029|4de|Rx|d|3|C00000
11.321029|55d|Rx|d|8|00FD50C091800000
11.344041|211|Rx|d|8|8200FFFFA90000D1
11.344041|214|Rx|d|2|0
11.344041|1b0|Rx|d|4|FF00FFC4
11.344041|5de|Rx|d|8|2
11.354064|5df|Rx|d|3|9500
11.374157|211|Rx|d|8|8200FFFFA90000D1
11.374157|214|Rx|d|2|0
11.374157|218|Rx|d|1|98
11.374157|4fa|Rx|d|2|800
11.374157|671|Rx|d|2|200
11.374157|1b0|Rx|d|4|FF00FFC4
11.374157|657|Rx|d|2|C0CC
11.384067|4ac|Rx|d|5|83762A0080
11.384067|45c|Rx|d|6|00000000FFE0
11.384067|211|Rx|d|8|8200FFFFA90000D1
11.384067|214|Rx|d|2|0
11.384067|1b0|Rx|d|4|FF00FFC4
11.384067|4f8|Rx|d|8|94C0000000000000
11.413720|211|Rx|d|8|8200FFFFA90000D1
11.413720|214|Rx|d|2|0
11.413720|1b0|Rx|d|4|FF00FFC4
11.413720|3b7|Rx|d|6|37007FC000C0
11.424274|211|Rx|d|8|8200FFFFA90000D1
11.424274|214|Rx|d|2|0
11.424274|350|Rx|d|8|C02F3AF91870A489
11.424274|1b0|Rx|d|4|FF00FFC4
11.424274|4de|Rx|d|3|C00000
11.424274|55d|Rx|d|8|00FD50C091800000
11.438528|211|Rx|d|8|8200FFFFA90000D1
11.438528|214|Rx|d|2|0
11.438528|1b0|Rx|d|4|FF00FFC4
11.438528|5de|Rx|d|8|2
11.463700|5df|Rx|d|3|9500
11.463700|211|Rx|d|8|8200FFFFA90000D1
11.463700|214|Rx|d|2|0
11.463700|218|Rx|d|1|98
11.463700|4fa|Rx|d|2|800
11.463700|671|Rx|d|2|200
11.463700|1b0|Rx|d|4|FF00FFC4
11.463700|657|Rx|d|2|C0CC
11.483674|4ac|Rx|d|5|83762A0080
11.483674|45c|Rx|d|6|00000000FFE0
11.494227|211|Rx|d|8|8200FFFFA90000D1
11.494227|214|Rx|d|2|0
11.494227|1b0|Rx|d|4|FF00FFC4
11.494227|4f8|Rx|d|8|94C0000000000000
11.509218|211|Rx|d|8|8200FFFFA90000D1
11.509218|214|Rx|d|2|0
11.509218|1b0|Rx|d|4|FF00FFC4
11.509218|3b7|Rx|d|6|37007FC000C0
11.523933|211|Rx|d|8|8200FFFFA90000D1
11.523933|214|Rx|d|2|0
11.523933|350|Rx|d|8|C02F3AF91870A489
11.523933|1b0|Rx|d|4|FF00FFC4
11.523933|4de|Rx|d|3|C00000
11.523933|55d|Rx|d|8|00FD50C091800000
11.544110|211|Rx|d|8|8200FFFFA90000D1
11.544110|214|Rx|d|2|0
11.544110|1b0|Rx|d|4|FF00FFC4
11.544110|5de|Rx|d|8|2
11.556126|5df|Rx|d|3|9500
11.556126|211|Rx|d|8|8200FFFFA90000D1
11.556126|214|Rx|d|2|0
11.556126|218|Rx|d|1|98
11.556126|4fa|Rx|d|2|800
11.556126|671|Rx|d|2|200
11.556126|1b0|Rx|d|4|FF00FFC4
11.556126|657|Rx|d|2|C0CC
11.573743|4ac|Rx|d|5|83762A0080
11.573743|45c|Rx|d|6|00000000FFE0
11.603663|211|Rx|d|8|8200FFFFA90000D1
11.603663|214|Rx|d|2|0
11.603663|1b0|Rx|d|4|FF00FFC4
11.603684|4f8|Rx|d|8|94C0000000000000
11.603684|211|Rx|d|8|8200FFFFA90000D1
11.603684|214|Rx|d|2|0
11.603684|1b0|Rx|d|4|FF00FFC4
11.603684|3b7|Rx|d|6|37007FC000C0
11.629128|646|Rx|d|8|000000020000000C
11.629128|211|Rx|d|8|8200FFFFA90000D1
11.629128|214|Rx|d|2|0
11.629128|350|Rx|d|8|C02F3AF91870A489
11.629128|1b0|Rx|d|4|FF00FFC4
11.629128|4de|Rx|d|3|C00000
11.629128|55d|Rx|d|8|00FD50C091800000
11.644031|211|Rx|d|8|8200FFFFA90000D1
11.644031|214|Rx|d|2|0
11.644031|1b0|Rx|d|4|FF00FFC4
11.644031|5de|Rx|d|8|2
11.663813|5df|Rx|d|3|9500
11.663813|211|Rx|d|8|8200FFFFA90000D1
11.663813|214|Rx|d|2|0
11.663813|218|Rx|d|1|98
11.663813|4fa|Rx|d|2|800
11.663813|1b0|Rx|d|4|FF00FFC4
11.663813|671|Rx|d|2|200
11.663813|657|Rx|d|2|C0CC
11.678321|4ac|Rx|d|5|83762A0080
11.678321|45c|Rx|d|6|00000000FFE0
11.678321|211|Rx|d|8|8200FFFFA90000D1
11.678321|214|Rx|d|2|0
11.678321|1b0|Rx|d|4|FF00FFC4
11.687318|4f8|Rx|d|8|94C0000000000000
11.697310|211|Rx|d|8|8200FFFFA90000D1
11.697310|214|Rx|d|2|0
11.697310|1b0|Rx|d|4|FF00FFC4
11.703306|3b7|Rx|d|6|37007FC000C0
11.717297|211|Rx|d|8|8200FFFFA90000D1
11.717297|214|Rx|d|2|0
11.719297|350|Rx|d|8|C02F3AF91870A489
11.719297|1b0|Rx|d|4|FF00FFC4
11.719297|4de|Rx|d|3|C00000
11.719297|55d|Rx|d|8|00FD50C091800000
11.737284|211|Rx|d|8|8200FFFFA90000D1
11.737284|214|Rx|d|2|0
11.739284|1b0|Rx|d|4|FF00FFC4
11.739284|5de|Rx|d|8|2
11.749278|5df|Rx|d|3|9500
11.757272|211|Rx|d|8|8200FFFFA90000D1
11.757272|214|Rx|d|2|0
11.757272|218|Rx|d|1|98
11.757272|1b0|Rx|d|4|FF00FFC4
11.757272|4fa|Rx|d|2|800
11.757272|657|Rx|d|2|C0CC
11.757272|671|Rx|d|2|200
11.757272|69f|Rx|d|4|0650859F
11.769265|4ac|Rx|d|5|83762A0080
11.769265|45c|Rx|d|6|00000000FFE0
11.777262|211|Rx|d|8|8200FFFFA90000D1
11.777262|214|Rx|d|2|0
11.779259|1b0|Rx|d|4|FF00FFC4
11.783256|4f8|Rx|d|8|94C0000000000000
11.797248|211|Rx|d|8|8200FFFFA90000D1
11.797248|214|Rx|d|2|0
11.799247|1b0|Rx|d|4|FF00FFC4
11.803247|3b7|Rx|d|6|37007FC000C0
11.818236|211|Rx|d|8|8200FFFFA90000D1
11.818236|214|Rx|d|2|0
11.818236|350|Rx|d|8|C02F3AF91870A489
11.818236|1b0|Rx|d|4|FF00FFC4
11.818236|4de|Rx|d|3|C00000
11.818236|55d|Rx|d|8|00FD50C091800000
11.844038|211|Rx|d|8|8200FFFFA90000D1
11.844038|214|Rx|d|2|0
11.844038|1b0|Rx|d|4|FF00FFC4
11.844038|5de|Rx|d|8|2
11.853961|5df|Rx|d|3|9500
11.874073|211|Rx|d|8|8200FFFFA90000D1
11.874073|214|Rx|d|2|0
11.874073|218|Rx|d|1|98
11.874073|1b0|Rx|d|4|FF00FFC4
11.874073|4fa|Rx|d|2|800
11.874073|657|Rx|d|2|C0CC
11.874073|671|Rx|d|2|200
11.874073|4ac|Rx|d|5|83762A0080
11.874073|45c|Rx|d|6|00000000FFE0
11.903812|211|Rx|d|8|8200FFFFA90000D1
11.903812|214|Rx|d|2|0
11.903812|1b0|Rx|d|4|FF00FFC4
11.903812|4f8|Rx|d|8|94C0000000000000
11.903812|211|Rx|d|8|8200FFFFA90000D1
11.903812|214|Rx|d|2|0
11.903812|1b0|Rx|d|4|FF00FFC4
11.903812|3b7|Rx|d|6|37007FC000C0
11.924141|211|Rx|d|8|8200FFFFA90000D1
11.924141|214|Rx|d|2|0
11.924141|350|Rx|d|8|C02F3AF91870A489
11.924141|1b0|Rx|d|4|FF00FFC4
11.924141|4de|Rx|d|3|C00000
11.924141|55d|Rx|d|8|00FD50C091800000
11.944496|211|Rx|d|8|8200FFFFA90000D1
11.944496|214|Rx|d|2|0
11.944496|1b0|Rx|d|4|FF00FFC4
11.944496|5de|Rx|d|8|2
11.953566|5df|Rx|d|3|9500
11.957727|211|Rx|d|8|8200FFFFA90000D1
11.957727|214|Rx|d|2|0
11.957727|218|Rx|d|1|98
11.957727|4fa|Rx|d|2|800
11.957727|1b0|Rx|d|4|FF00FFC4
11.957727|671|Rx|d|2|200
11.957727|657|Rx|d|2|C0CC
11.969720|4ac|Rx|d|5|83762A0080
11.969720|45c|Rx|d|6|00000000FFE0
11.977716|211|Rx|d|8|8200FFFFA90000D1
11.977716|214|Rx|d|2|0
11.979714|1b0|Rx|d|4|FF00FFC4
11.983711|4f8|Rx|d|8|94C0000000000000
11.997702|211|Rx|d|8|8200FFFFA90000D1
11.997702|214|Rx|d|2|0
11.997702|1b0|Rx|d|4|FF00FFC4
12.003699|3b7|Rx|d|6|37007FC000C0
12.017690|211|Rx|d|8|8200FFFFA90000D1
12.017690|214|Rx|d|2|0
12.017690|350|Rx|d|8|C02F3AF91870A489
12.017690|1b0|Rx|d|4|FF00FFC4
12.017690|4de|Rx|d|3|C00000
12.017690|55d|Rx|d|8|00FD50C091800000
12.037678|211|Rx|d|8|8200FFFFA90000D1
12.037678|214|Rx|d|2|0
12.037678|1b0|Rx|d|4|FF00FFC4
12.037678|5de|Rx|d|8|2
12.049670|5df|Rx|d|3|9500
12.057666|211|Rx|d|8|8200FFFFA90000D1
12.057666|214|Rx|d|2|0
12.057666|218|Rx|d|1|98
12.057666|4fa|Rx|d|2|800
12.057666|671|Rx|d|2|200
12.057666|1b0|Rx|d|4|FF00FFC4
12.057666|657|Rx|d|2|C0CC
12.069658|4ac|Rx|d|5|83762A0080
12.069658|45c|Rx|d|6|00000000FFE0
12.093840|211|Rx|d|8|8200FFFFA90000D1
12.093840|214|Rx|d|2|0
12.093840|1b0|Rx|d|4|FF00FFC4
12.093840|4f8|Rx|d|8|94C0000000000000
12.103351|6fb|Rx|d|8|0F01A454FF0000FF
12.103351|211|Rx|d|8|8200FFFFA90000D1
12.103351|214|Rx|d|2|0
12.103351|1b0|Rx|d|4|FF00FFC4
12.103351|3b7|Rx|d|6|37007FC000C0
12.123906|646|Rx|d|8|000000020000000C
12.133934|211|Rx|d|8|8200FFFFA90000D1
12.133934|214|Rx|d|2|0
12.133934|350|Rx|d|8|C02F3AF91870A489
12.133934|1b0|Rx|d|4|FF00FFC4
12.133934|4de|Rx|d|3|C00000
12.133934|55d|Rx|d|8|00FD50C091800000
12.133934|5ce|Rx|d|3|FEFF00
12.154300|211|Rx|d|8|8200FFFFA90000D1
12.154300|214|Rx|d|2|0
12.154300|1b0|Rx|d|4|FF00FFC4
12.154300|5de|Rx|d|8|2
12.154300|5df|Rx|d|3|9500
12.168718|211|Rx|d|8|8200FFFFA90000D1
12.168718|214|Rx|d|2|0
12.168718|218|Rx|d|1|98
12.168718|4fa|Rx|d|2|800
12.168718|1b0|Rx|d|4|FF00FFC4
12.168718|671|Rx|d|2|200
12.168718|657|Rx|d|2|C0CC
12.168718|4ac|Rx|d|5|83762A0080
12.168718|45c|Rx|d|6|00000000FFE0
12.187436|211|Rx|d|8|8200FFFFA90000D1
12.187436|214|Rx|d|2|0
12.187436|1b0|Rx|d|4|FF00FFC4
12.187436|4f8|Rx|d|8|94C0000000000000
12.204005|211|Rx|d|8|8200FFFFA90000D1
12.204005|214|Rx|d|2|0
12.204005|1b0|Rx|d|4|FF00FFC4
12.204005|3b7|Rx|d|6|37007FC000C0
12.234564|211|Rx|d|8|8200FFFFA90000D1
12.234564|214|Rx|d|2|0
12.234564|350|Rx|d|8|C02F3AF91870A489
12.234564|1b0|Rx|d|4|FF00FFC4
12.234564|4de|Rx|d|3|C00000
12.234594|55d|Rx|d|8|00FD50C091800000
12.248784|211|Rx|d|8|8200FFFFA90000D1
12.248784|214|Rx|d|2|0
12.248784|1b0|Rx|d|4|FF00FFC4
12.248784|5de|Rx|d|8|2
12.254066|5df|Rx|d|3|9500
12.264094|211|Rx|d|8|8200FFFFA90000D1
12.264094|214|Rx|d|2|0
12.264094|218|Rx|d|1|98
12.264094|4fa|Rx|d|2|800
12.264094|1b0|Rx|d|4|FF00FFC4
12.264094|671|Rx|d|2|200
12.264094|657|Rx|d|2|C0CC
12.283988|4ac|Rx|d|5|83762A0080
12.283988|45c|Rx|d|6|00000000FFE0
12.283988|211|Rx|d|8|8200FFFFA90000D1
12.283988|214|Rx|d|2|0
12.283988|1b0|Rx|d|4|FF00FFC4
12.283988|4f8|Rx|d|8|94C0000000000000
12.305622|211|Rx|d|8|8200FFFFA90000D1
12.305622|214|Rx|d|2|0
12.305622|1b0|Rx|d|4|FF00FFC4
12.305622|3b7|Rx|d|6|37007FC000C0
12.333781|211|Rx|d|8|8200FFFFA90000D1
12.333781|214|Rx|d|2|0
12.333781|350|Rx|d|8|C02F3AF91870A489
12.333781|1b0|Rx|d|4|FF00FFC4
12.333781|4de|Rx|d|3|C00000
12.333781|55d|Rx|d|8|00FD50C091800000
12.353969|211|Rx|d|8|8200FFFFA90000D1
12.353969|214|Rx|d|2|0
12.353969|1b0|Rx|d|4|FF00FFC4
12.353969|5de|Rx|d|8|2
12.357832|5df|Rx|d|3|9500
12.357832|211|Rx|d|8|8200FFFFA90000D1
12.357832|214|Rx|d|2|0
12.357832|218|Rx|d|1|98
12.357832|1b0|Rx|d|4|FF00FFC4
12.357832|4fa|Rx|d|2|800
12.357832|657|Rx|d|2|C0CC
12.357832|671|Rx|d|2|200
12.379004|4ac|Rx|d|5|83762A0080
12.379004|45c|Rx|d|6|00000000FFE0
12.379004|211|Rx|d|8|8200FFFFA90000D1
12.379004|214|Rx|d|2|0
12.379004|1b0|Rx|d|4|FF00FFC4
12.404058|4f8|Rx|d|8|94C0000000000000
12.413552|211|Rx|d|8|8200FFFFA90000D1
12.413552|214|Rx|d|2|0
12.413552|1b0|Rx|d|4|FF00FFC4
12.413552|3b7|Rx|d|6|37007FC000C0
12.433701|211|Rx|d|8|8200FFFFA90000D1
12.433701|214|Rx|d|2|0
12.433701|350|Rx|d|8|C02F3AF91870A489
12.433701|1b0|Rx|d|4|FF00FFC4
12.433701|4de|Rx|d|3|C00000
12.433701|55d|Rx|d|8|00FD50C091800000
12.448942|211|Rx|d|8|8200FFFFA90000D1
12.448942|214|Rx|d|2|0
12.448942|1b0|Rx|d|4|FF00FFC4
12.448942|5de|Rx|d|8|2
12.448942|5df|Rx|d|3|9500
12.464016|211|Rx|d|8|8200FFFFA90000D1
12.464016|214|Rx|d|2|0
12.464016|218|Rx|d|1|98
12.464016|1b0|Rx|d|4|FF00FFC4
12.464016|4fa|Rx|d|2|800
12.464016|657|Rx|d|2|C0CC
12.464016|671|Rx|d|2|200
12.483909|4ac|Rx|d|5|83762A0080
12.483909|45c|Rx|d|6|00000000FFE0
12.493686|211|Rx|d|8|8200FFFFA90000D1
12.493686|214|Rx|d|2|0
12.493686|1b0|Rx|d|4|FF00FFC4
12.493686|4f8|Rx|d|8|94C0000000000000
12.513714|211|Rx|d|8|8200FFFFA90000D1
12.513714|214|Rx|d|2|0
12.513714|1b0|Rx|d|4|FF00FFC4
12.513714|3b7|Rx|d|6|37007FC000C0
12.534228|211|Rx|d|8|8200FFFFA90000D1
12.534228|214|Rx|d|2|0
12.534228|350|Rx|d|8|C02F3AF91870A489
12.534228|1b0|Rx|d|4|FF00FFC4
12.534228|4de|Rx|d|3|C00000
12.534228|55d|Rx|d|8|00FD50C091800000
12.543975|211|Rx|d|8|8200FFFFA90000D1
12.543975|214|Rx|d|2|0
12.543975|1b0|Rx|d|4|FF00FFC4
12.543975|5de|Rx|d|8|2
12.558013|5df|Rx|d|3|9500
12.564047|211|Rx|d|8|8200FFFFA90000D1
12.564047|214|Rx|d|2|0
12.564047|218|Rx|d|1|98
12.564047|1b0|Rx|d|4|FF00FFC4
12.564047|4fa|Rx|d|2|800
12.564047|657|Rx|d|2|C0CC
12.564047|671|Rx|d|2|200
12.574086|4ac|Rx|d|5|83762A0080
12.574086|45c|Rx|d|6|00000000FFE0
12.591034|211|Rx|d|8|8200FFFFA90000D1
12.591034|214|Rx|d|2|0
12.591034|1b0|Rx|d|4|FF00FFC4
12.591034|4f8|Rx|d|8|94C0000000000000
12.603833|211|Rx|d|8|8200FFFFA90000D1
12.603833|214|Rx|d|2|0
12.603833|1b0|Rx|d|4|FF00FFC4
12.614186|3b7|Rx|d|6|37007FC000C0
12.614186|646|Rx|d|8|000000020000000C
12.638953|211|Rx|d|8|8200FFFFA90000D1
12.638953|214|Rx|d|2|0
12.638953|350|Rx|d|8|C02F3AF91870A489
12.638953|1b0|Rx|d|4|FF00FFC4
12.638953|4de|Rx|d|3|C00000
12.638953|55d|Rx|d|8|00FD50C091800000
12.638953|211|Rx|d|8|8200FFFFA90000D1
12.638953|214|Rx|d|2|0
12.638953|1b0|Rx|d|4|FF00FFC4
12.638953|5de|Rx|d|8|2
12.655316|5df|Rx|d|3|9500
12.655316|211|Rx|d|8|8200FFFFA90000D1
12.655316|214|Rx|d|2|0
12.655316|1b0|Rx|d|4|FF00FFC4
12.655316|218|Rx|d|1|98
12.658169|657|Rx|d|2|C0CC
12.658169|4fa|Rx|d|2|800
12.660113|671|Rx|d|2|200
12.668108|4ac|Rx|d|5|83762A0080
12.668108|45c|Rx|d|6|00000000FFE0
12.678102|211|Rx|d|8|8200FFFFA90000D1
12.678102|214|Rx|d|2|0
12.678102|1b0|Rx|d|4|FF00FFC4
12.682099|4f8|Rx|d|8|94C0000000000000
12.698089|211|Rx|d|8|8200FFFFA90000D1
12.698089|214|Rx|d|2|0
12.698089|1b0|Rx|d|4|FF00FFC4
12.702092|3b7|Rx|d|6|37007FC000C0
12.718077|211|Rx|d|8|8200FFFFA90000D1
12.718077|214|Rx|d|2|0
12.718077|350|Rx|d|8|C02F3AF91870A489
12.718077|1b0|Rx|d|4|FF00FFC4
12.718077|4de|Rx|d|3|C00000
12.718077|55d|Rx|d|8|00FD50C091800000
12.738064|211|Rx|d|8|8200FFFFA90000D1
12.738064|214|Rx|d|2|0
12.738064|1b0|Rx|d|4|FF00FFC4
12.738064|5de|Rx|d|8|2
12.748061|5df|Rx|d|3|9500
12.758051|211|Rx|d|8|8200FFFFA90000D1
12.758051|214|Rx|d|2|0
12.758051|218|Rx|d|1|98
12.758051|1b0|Rx|d|4|FF00FFC4
12.758051|4fa|Rx|d|2|800
12.758051|657|Rx|d|2|C0CC
12.758051|671|Rx|d|2|200
12.758051|69f|Rx|d|4|0650859F
12.768046|4ac|Rx|d|5|83762A0080
12.768046|45c|Rx|d|6|00000000FFE0
12.794319|211|Rx|d|8|8200FFFFA90000D1
12.794319|214|Rx|d|2|0
12.794319|1b0|Rx|d|4|FF00FFC4
12.794319|4f8|Rx|d|8|94C0000000000000
12.804108|211|Rx|d|8|8200FFFFA90000D1
12.804108|214|Rx|d|2|0
12.804108|1b0|Rx|d|4|FF00FFC4
12.804108|3b7|Rx|d|6|37007FC000C0
12.833744|211|Rx|d|8|8200FFFFA90000D1
12.833744|214|Rx|d|2|0
12.833961|350|Rx|d|8|C02F3AF91870A489
12.833961|1b0|Rx|d|4|FF00FFC4
12.833961|4de|Rx|d|3|C00000
12.833961|55d|Rx|d|8|00FD50C091800000
12.853520|211|Rx|d|8|8200FFFFA90000D1
12.853520|214|Rx|d|2|0
12.853520|1b0|Rx|d|4|FF00FFC4
12.853520|5de|Rx|d|8|2
12.858336|5df|Rx|d|3|9500
12.858336|211|Rx|d|8|8200FFFFA90000D1
12.858336|214|Rx|d|2|0
12.858336|218|Rx|d|1|98
12.858336|1b0|Rx|d|4|FF00FFC4
12.858336|4fa|Rx|d|2|800
12.858336|657|Rx|d|2|C0CC
12.858336|671|Rx|d|2|200
12.884127|4ac|Rx|d|5|83762A0080
12.884127|45c|Rx|d|6|00000000FFE0
12.884127|211|Rx|d|8|8200FFFFA90000D1
12.884390|214|Rx|d|2|0
12.884390|1b0|Rx|d|4|FF00FFC4
12.884390|4f8|Rx|d|8|94C0000000000000
12.903834|211|Rx|d|8|8200FFFFA90000D1
12.903834|214|Rx|d|2|0
12.903834|1b0|Rx|d|4|FF00FFC4
12.903834|3b7|Rx|d|6|37007FC000C0
12.924063|211|Rx|d|8|8200FFFFA90000D1
12.924063|214|Rx|d|2|0
12.924063|350|Rx|d|8|C02F3AF91870A489
12.924063|1b0|Rx|d|4|FF00FFC4
12.924063|4de|Rx|d|3|C00000
12.924063|55d|Rx|d|8|00FD50C091800000
12.943677|211|Rx|d|8|8200FFFFA90000D1
12.943677|214|Rx|d|2|0
12.943677|1b0|Rx|d|4|FF00FFC4
12.943677|5de|Rx|d|8|2
12.953977|5df|Rx|d|3|9500
12.963750|211|Rx|d|8|8200FFFFA90000D1
12.963750|214|Rx|d|2|0
12.963750|218|Rx|d|1|98
12.963750|4fa|Rx|d|2|800
12.963750|1b0|Rx|d|4|FF00FFC4
12.963750|671|Rx|d|2|200
12.963750|657|Rx|d|2|C0CC
12.973820|4ac|Rx|d|5|83762A0080
12.973820|45c|Rx|d|6|00000000FFE0
12.983729|211|Rx|d|8|8200FFFFA90000D1
12.983729|214|Rx|d|2|0
12.983729|1b0|Rx|d|4|FF00FFC4
12.988982|4f8|Rx|d|8|94C0000000000000
13.001951|211|Rx|d|8|8200FFFFA90000D1
13.001951|214|Rx|d|2|0
13.001951|1b0|Rx|d|4|FF00FFC4
13.003607|3b7|Rx|d|6|37007FC000C0
13.017976|211|Rx|d|8|8200FFFFA90000D1
13.017976|214|Rx|d|2|0
13.017976|350|Rx|d|8|C02F3AF91870A489
13.017976|1b0|Rx|d|4|FF00FFC4
13.017976|4de|Rx|d|3|C00000
13.017976|55d|Rx|d|8|00FD50C091800000
13.037964|211|Rx|d|8|8200FFFFA90000D1
13.037964|214|Rx|d|2|0
13.037964|1b0|Rx|d|4|FF00FFC4
13.037964|5de|Rx|d|8|2
13.047958|5df|Rx|d|3|9500
13.057952|211|Rx|d|8|8200FFFFA90000D1
13.057952|214|Rx|d|2|0
13.057952|1b0|Rx|d|4|FF00FFC4
13.057952|218|Rx|d|1|98
13.057952|657|Rx|d|2|C0CC
13.057952|4fa|Rx|d|2|800
13.057952|671|Rx|d|2|200
13.067945|4ac|Rx|d|5|83762A0080
13.067945|45c|Rx|d|6|00000000FFE0
13.077943|211|Rx|d|8|8200FFFFA90000D1
13.077943|214|Rx|d|2|0
13.077943|1b0|Rx|d|4|FF00FFC4
13.081937|4f8|Rx|d|8|94C0000000000000
13.097926|211|Rx|d|8|8200FFFFA90000D1
13.097926|214|Rx|d|2|0
13.097926|1b0|Rx|d|4|FF00FFC4
13.101924|3b7|Rx|d|6|37007FC000C0
13.111917|646|Rx|d|8|000000020000000C
13.117914|211|Rx|d|8|8200FFFFA90000D1
13.117914|214|Rx|d|2|0
13.117914|350|Rx|d|8|C02F3AF91870A489
13.117914|1b0|Rx|d|4|FF00FFC4
13.117914|4de|Rx|d|3|C00000
13.117914|55d|Rx|d|8|00FD50C091800000
13.154376|211|Rx|d|8|8200FFFFA90000D1
13.154376|214|Rx|d|2|0
13.154376|1b0|Rx|d|4|FF00FFC4
13.154376|5de|Rx|d|8|2
13.154376|5df|Rx|d|3|9500
13.183606|211|Rx|d|8|8200FFFFA90000D1
13.183606|214|Rx|d|2|0
13.183606|218|Rx|d|1|98
13.183606|1b0|Rx|d|4|FF00FFC4
13.183606|4fa|Rx|d|2|800
13.183606|657|Rx|d|2|C0CC
13.183606|671|Rx|d|2|200
13.183606|4ac|Rx|d|5|83762A0080
13.183606|45c|Rx|d|6|00000000FFE0
13.183606|211|Rx|d|8|8200FFFFA90000D1
13.183606|214|Rx|d|2|0
13.183606|1b0|Rx|d|4|FF00FFC4
13.183606|4f8|Rx|d|8|94C0000000000000
13.214278|211|Rx|d|8|8200FFFFA90000D1
13.214278|214|Rx|d|2|0
13.214278|1b0|Rx|d|4|FF00FFC4
13.214278|3b7|Rx|d|6|37007FC000C0
13.224018|211|Rx|d|8|8200FFFFA90000D1
13.224018|214|Rx|d|2|0
13.224018|350|Rx|d|8|C02F3AF91870A489
13.224018|1b0|Rx|d|4|FF00FFC4
13.224018|4de|Rx|d|3|C00000
13.224018|55d|Rx|d|8|00FD50C091800000
13.238679|211|Rx|d|8|8200FFFFA90000D1
13.238679|214|Rx|d|2|0
13.238679|1b0|Rx|d|4|FF00FFC4
13.238679|5de|Rx|d|8|2
13.263934|5df|Rx|d|3|9500
13.263934|211|Rx|d|8|8200FFFFA90000D1
13.263934|214|Rx|d|2|0
13.263934|1b0|Rx|d|4|FF00FFC4
13.263934|218|Rx|d|1|98
13.263934|657|Rx|d|2|C0CC
13.263934|4fa|Rx|d|2|800
13.263934|671|Rx|d|2|200
13.294048|4ac|Rx|d|5|83762A0080
13.294048|45c|Rx|d|6|00000000FFE0
13.294048|211|Rx|d|8|8200FFFFA90000D1
13.294048|214|Rx|d|2|0
13.294048|1b0|Rx|d|4|FF00FFC4
13.294048|4f8|Rx|d|8|94C0000000000000
13.313254|211|Rx|d|8|8200FFFFA90000D1
13.313254|214|Rx|d|2|0
13.313254|1b0|Rx|d|4|FF00FFC4
13.313254|3b7|Rx|d|6|37007FC000C0
13.324028|211|Rx|d|8|8200FFFFA90000D1
13.324028|214|Rx|d|2|0
13.324028|350|Rx|d|8|C02F3AF91870A489
13.324028|1b0|Rx|d|4|FF00FFC4
13.324028|4de|Rx|d|3|C00000
13.324028|55d|Rx|d|8|00FD50C091800000
13.354238|211|Rx|d|8|8200FFFFA90000D1
13.354238|214|Rx|d|2|0
13.354238|1b0|Rx|d|4|FF00FFC4
13.354238|5de|Rx|d|8|2
13.354238|5df|Rx|d|3|9500
13.374097|211|Rx|d|8|8200FFFFA90000D1
13.374097|214|Rx|d|2|0
13.374097|1b0|Rx|d|4|FF00FFC4
13.374097|218|Rx|d|1|98
13.374097|657|Rx|d|2|C0CC
13.374097|4fa|Rx|d|2|800
13.374097|671|Rx|d|2|200
13.374097|4ac|Rx|d|5|83762A0080
13.374097|45c|Rx|d|6|00000000FFE0
13.398919|211|Rx|d|8|8200FFFFA90000D1
13.398919|214|Rx|d|2|0
13.398919|1b0|Rx|d|4|FF00FFC4
13.398919|4f8|Rx|d|8|94C0000000000000
13.398919|211|Rx|d|8|8200FFFFA90000D1
13.398919|214|Rx|d|2|0
13.398919|1b0|Rx|d|4|FF00FFC4
13.418684|3b7|Rx|d|6|37007FC000C0
13.418684|211|Rx|d|8|8200FFFFA90000D1
13.418684|214|Rx|d|2|0
13.418684|350|Rx|d|8|C02F3AF91870A489
13.418684|1b0|Rx|d|4|FF00FFC4
13.418684|4de|Rx|d|3|C00000
13.418684|55d|Rx|d|8|00FD50C091800000
13.454155|211|Rx|d|8|8200FFFFA90000D1
13.454155|214|Rx|d|2|0
13.454155|1b0|Rx|d|4|FF00FFC4
13.454155|5de|Rx|d|8|2
13.454155|5df|Rx|d|3|9500
13.474044|211|Rx|d|8|8200FFFFA90000D1
13.474044|214|Rx|d|2|0
13.474044|218|Rx|d|1|98
13.474044|1b0|Rx|d|4|FF00FFC4
13.474044|657|Rx|d|2|C0CC
13.474044|4fa|Rx|d|2|800
13.474044|671|Rx|d|2|200
13.474044|4ac|Rx|d|5|83762A0080
13.474044|45c|Rx|d|6|00000000FFE0
13.498925|211|Rx|d|8|8200FFFFA90000D1
13.498925|214|Rx|d|2|0
13.498925|1b0|Rx|d|4|FF00FFC4
13.498925|4f8|Rx|d|8|94C0000000000000
13.498925|211|Rx|d|8|8200FFFFA90000D1
13.498925|214|Rx|d|2|0
13.498925|1b0|Rx|d|4|FF00FFC4
13.518907|3b7|Rx|d|6|37007FC000C0
13.518907|211|Rx|d|8|8200FFFFA90000D1
13.518907|214|Rx|d|2|0
13.518907|350|Rx|d|8|C02F3AF91870A489
13.518907|1b0|Rx|d|4|FF00FFC4
13.518907|4de|Rx|d|3|C00000
13.518907|55d|Rx|d|8|00FD50C091800000
13.553717|211|Rx|d|8|8200FFFFA90000D1
13.553717|214|Rx|d|2|0
13.553717|1b0|Rx|d|4|FF00FFC4
13.553717|5de|Rx|d|8|2
13.564244|5df|Rx|d|3|9500
13.564244|211|Rx|d|8|8200FFFFA90000D1
13.564244|214|Rx|d|2|0
13.564244|1b0|Rx|d|4|FF00FFC4
13.564244|657|Rx|d|2|C0CC
13.564244|218|Rx|d|1|98
13.564244|4fa|Rx|d|2|800
13.564244|671|Rx|d|2|200
13.584230|4ac|Rx|d|5|83762A0080
13.584230|45c|Rx|d|6|00000000FFE0
13.584230|211|Rx|d|8|8200FFFFA90000D1
13.584230|214|Rx|d|2|0
13.584230|1b0|Rx|d|4|FF00FFC4
13.584230|4f8|Rx|d|8|94C0000000000000
13.605809|211|Rx|d|8|8200FFFFA90000D1
13.605809|214|Rx|d|2|0
13.605809|1b0|Rx|d|4|FF00FFC4
13.605809|3b7|Rx|d|6|37007FC000C0
13.613362|646|Rx|d|8|000000020000000C
13.619358|211|Rx|d|8|8200FFFFA90000D1
13.619358|214|Rx|d|2|0
13.619358|350|Rx|d|8|C02F3AF91870A489
13.619358|1b0|Rx|d|4|FF00FFC4
13.619358|4de|Rx|d|3|C00000
13.619358|55d|Rx|d|8|00FD50C091800000
13.637347|211|Rx|d|8|8200FFFFA90000D1
13.637347|1b0|Rx|d|4|FF00FFC4
13.637347|214|Rx|d|2|0
13.637347|5de|Rx|d|8|2
13.647341|5df|Rx|d|3|9500
13.657335|211|Rx|d|8|8200FFFFA90000D1
13.657335|1b0|Rx|d|4|FF00FFC4
13.657335|214|Rx|d|2|0
13.657335|657|Rx|d|2|C0CC
13.657335|218|Rx|d|1|98
13.657335|4fa|Rx|d|2|800
13.659333|671|Rx|d|2|200
13.667328|4ac|Rx|d|5|83762A0080
13.667328|45c|Rx|d|6|00000000FFE0
13.677323|211|Rx|d|8|8200FFFFA90000D1
13.677323|1b0|Rx|d|4|FF00FFC4
13.677323|214|Rx|d|2|0
13.683318|4f8|Rx|d|8|94C0000000000000
13.697310|211|Rx|d|8|8200FFFFA90000D1
13.697310|1b0|Rx|d|4|FF00FFC4
13.697310|214|Rx|d|2|0
13.703306|3b7|Rx|d|6|37007FC000C0
13.717297|211|Rx|d|8|8200FFFFA90000D1
13.717297|350|Rx|d|8|C02F3AF91870A489
13.717297|214|Rx|d|2|0
13.717297|1b0|Rx|d|4|FF00FFC4
13.717297|4de|Rx|d|3|C00000
13.717297|55d|Rx|d|8|00FD50C091800000
13.743910|211|Rx|d|8|8200FFFFA90000D1
13.743910|1b0|Rx|d|4|FF00FFC4
13.743910|214|Rx|d|2|0
13.743910|5de|Rx|d|8|2
13.758925|5df|Rx|d|3|9500
13.758925|211|Rx|d|8|8200FFFFA90000D1
13.758925|214|Rx|d|2|0
13.758925|1b0|Rx|d|4|FF00FFC4
13.758925|218|Rx|d|1|98
13.758925|657|Rx|d|2|C0CC
13.758925|4fa|Rx|d|2|800
13.758925|69f|Rx|d|4|0650859F
13.758925|671|Rx|d|2|200
13.774236|4ac|Rx|d|5|83762A0080
13.774236|45c|Rx|d|6|00000000FFE0
13.794023|211|Rx|d|8|8200FFFFA90000D1
13.794023|214|Rx|d|2|0
13.794023|1b0|Rx|d|4|FF00FFC4
13.794023|4f8|Rx|d|8|94C0000000000000
13.814033|211|Rx|d|8|8200FFFFA90000D1
13.814033|214|Rx|d|2|0
13.814033|1b0|Rx|d|4|FF00FFC4
13.814033|3b7|Rx|d|6|37007FC000C0
13.824294|211|Rx|d|8|8200FFFFA90000D1
13.824294|350|Rx|d|8|C02F3AF91870A489
13.824294|214|Rx|d|2|0
13.824294|1b0|Rx|d|4|FF00FFC4
13.824294|4de|Rx|d|3|C00000
13.824294|55d|Rx|d|8|00FD50C091800000
13.844371|211|Rx|d|8|8200FFFFA90000D1
13.844371|1b0|Rx|d|4|FF00FFC4
13.844371|214|Rx|d|2|0
13.844371|5de|Rx|d|8|2
13.863836|5df|Rx|d|3|9500
13.873263|211|Rx|d|8|8200FFFFA90000D1
13.873263|1b0|Rx|d|4|FF00FFC4
13.873263|214|Rx|d|2|0
13.873263|657|Rx|d|2|C0CC
13.873263|218|Rx|d|1|98
13.873263|4fa|Rx|d|2|800
13.873263|671|Rx|d|2|200
13.883931|4ac|Rx|d|5|83762A0080
13.883931|45c|Rx|d|6|00000000FFE0
13.893694|211|Rx|d|8|8200FFFFA90000D1
13.893694|1b0|Rx|d|4|FF00FFC4
13.893694|214|Rx|d|2|0
13.893694|4f8|Rx|d|8|94C0000000000000
13.903982|211|Rx|d|8|8200FFFFA90000D1
13.903982|1b0|Rx|d|4|FF00FFC4
13.903982|214|Rx|d|2|0
13.903982|3b7|Rx|d|6|37007FC000C0
13.923868|211|Rx|d|8|8200FFFFA90000D1
13.923868|350|Rx|d|8|C02F3AF91870A489
13.923868|214|Rx|d|2|0
13.923868|1b0|Rx|d|4|FF00FFC4
13.923868|4de|Rx|d|3|C00000
13.923868|55d|Rx|d|8|00FD50C091800000
13.944244|211|Rx|d|8|8200FFFFA90000D1
13.944244|1b0|Rx|d|4|FF00FFC4
13.944244|214|Rx|d|2|0
13.944244|5de|Rx|d|8|2
13.954220|5df|Rx|d|3|9500
13.965873|211|Rx|d|8|8200FFFFA90000D1
13.965873|1b0|Rx|d|4|FF00FFC4
13.965873|214|Rx|d|2|0
13.965873|657|Rx|d|2|C0CC
13.965873|218|Rx|d|1|98
13.965873|4fa|Rx|d|2|800
13.965873|671|Rx|d|2|200
13.965873|4ac|Rx|d|5|83762A0080
13.965873|45c|Rx|d|6|00000000FFE0
13.978711|211|Rx|d|8|8200FFFFA90000D1
13.978711|1b0|Rx|d|4|FF00FFC4
13.978711|214|Rx|d|2|0
13.982708|4f8|Rx|d|8|94C0000000000000
13.998699|211|Rx|d|8|8200FFFFA90000D1
13.998699|1b0|Rx|d|4|FF00FFC4
13.998699|214|Rx|d|2|0
14.002695|3b7|Rx|d|6|37007FC000C0
14.018686|350|Rx|d|8|C02F3AF91870A489
14.018686|211|Rx|d|8|8200FFFFA90000D1
14.018686|1b0|Rx|d|4|FF00FFC4
14.018686|214|Rx|d|2|0
14.018686|4de|Rx|d|3|C00000
14.018686|55d|Rx|d|8|00FD50C091800000
14.038673|1b0|Rx|d|4|FF00FFC4
14.038673|211|Rx|d|8|8200FFFFA90000D1
14.038673|5de|Rx|d|8|2
14.038673|214|Rx|d|2|0
14.048668|5df|Rx|d|3|9500
14.058662|211|Rx|d|8|8200FFFFA90000D1
14.058662|1b0|Rx|d|4|FF00FFC4
14.058662|214|Rx|d|2|0
14.058662|657|Rx|d|2|C0CC
14.058662|218|Rx|d|1|98
14.058662|4fa|Rx|d|2|800
14.058662|671|Rx|d|2|200
14.068655|4ac|Rx|d|5|83762A0080
14.068655|45c|Rx|d|6|00000000FFE0
14.078650|1b0|Rx|d|4|FF00FFC4
14.078650|211|Rx|d|8|8200FFFFA90000D1
14.078650|214|Rx|d|2|0
14.082647|4f8|Rx|d|8|94C0000000000000
14.103971|1b0|Rx|d|4|FF00FFC4
14.103971|211|Rx|d|8|8200FFFFA90000D1
14.103971|214|Rx|d|2|0
14.103971|3b7|Rx|d|6|37007FC000C0
14.123928|646|Rx|d|8|000000020000000C
14.123928|211|Rx|d|8|8200FFFFA90000D1
14.123928|350|Rx|d|8|C02F3AF91870A489
14.123928|214|Rx|d|2|0
14.123928|1b0|Rx|d|4|FF00FFC4
14.123928|4de|Rx|d|3|C00000
14.123928|55d|Rx|d|8|00FD50C091800000
14.154285|1b0|Rx|d|4|FF00FFC4
14.154285|211|Rx|d|8|8200FFFFA90000D1
14.154285|5de|Rx|d|8|2
14.154285|214|Rx|d|2|0
14.154285|5df|Rx|d|3|9500
14.179100|1b0|Rx|d|4|FF00FFC4
14.179100|211|Rx|d|8|8200FFFFA90000D1
14.179100|657|Rx|d|2|C0CC
14.179100|214|Rx|d|2|0
14.179100|218|Rx|d|1|98
14.179100|4fa|Rx|d|2|800
14.179100|671|Rx|d|2|200
14.179100|4ac|Rx|d|5|83762A0080
14.179100|45c|Rx|d|6|00000000FFE0
14.179100|211|Rx|d|8|8200FFFFA90000D1
14.179100|1b0|Rx|d|4|FF00FFC4
14.179100|214|Rx|d|2|0
14.199765|4f8|Rx|d|8|94C0000000000000
14.199765|211|Rx|d|8|8200FFFFA90000D1
14.199765|1b0|Rx|d|4|FF00FFC4
14.199765|214|Rx|d|2|0
14.199765|3b7|Rx|d|6|37007FC000C0
14.233987|211|Rx|d|8|8200FFFFA90000D1
14.233987|350|Rx|d|8|C02F3AF91870A489
14.233987|214|Rx|d|2|0
14.233987|1b0|Rx|d|4|FF00FFC4
14.233987|4de|Rx|d|3|C00000
14.233987|55d|Rx|d|8|00FD50C091800000
14.254196|211|Rx|d|8|8200FFFFA90000D1
14.254196|1b0|Rx|d|4|FF00FFC4
14.254196|214|Rx|d|2|0
14.254196|5de|Rx|d|8|2
14.263757|5df|Rx|d|3|9500
14.263757|211|Rx|d|8|8200FFFFA90000D1
14.263757|1b0|Rx|d|4|FF00FFC4
14.263757|214|Rx|d|2|0
14.263757|657|Rx|d|2|C0CC
14.263757|218|Rx|d|1|98
14.263757|4fa|Rx|d|2|800
14.263757|671|Rx|d|2|200
14.284181|4ac|Rx|d|5|83762A0080
14.284181|45c|Rx|d|6|00000000FFE0
14.284181|211|Rx|d|8|8200FFFFA90000D1
14.284181|1b0|Rx|d|4|FF00FFC4
14.284181|214|Rx|d|2|0
14.284181|4f8|Rx|d|8|94C0000000000000
14.304003|211|Rx|d|8|8200FFFFA90000D1
14.304003|1b0|Rx|d|4|FF00FFC4
14.304003|214|Rx|d|2|0
14.304003|3b7|Rx|d|6|37007FC000C0
14.326438|211|Rx|d|8|8200FFFFA90000D1
14.326438|350|Rx|d|8|C02F3AF91870A489
14.326438|214|Rx|d|2|0
14.326438|1b0|Rx|d|4|FF00FFC4
14.326438|4de|Rx|d|3|C00000
14.326438|55d|Rx|d|8|00FD50C091800000
14.353783|211|Rx|d|8|8200FFFFA90000D1
14.353783|1b0|Rx|d|4|FF00FFC4
14.353783|214|Rx|d|2|0
14.353783|5de|Rx|d|8|2
14.353783|5df|Rx|d|3|9500
14.383547|211|Rx|d|8|8200FFFFA90000D1
14.383547|214|Rx|d|2|0
14.383547|1b0|Rx|d|4|FF00FFC4
14.383547|657|Rx|d|2|C0CC
14.383547|218|Rx|d|1|98
14.383547|4fa|Rx|d|2|800
14.383547|671|Rx|d|2|200
14.383547|4ac|Rx|d|5|83762A0080
14.383547|45c|Rx|d|6|00000000FFE0
14.393744|211|Rx|d|8|8200FFFFA90000D1
14.393744|1b0|Rx|d|4|FF00FFC4
14.393744|214|Rx|d|2|0
14.393744|4f8|Rx|d|8|94C0000000000000
14.403700|211|Rx|d|8|8200FFFFA90000D1
14.403700|1b0|Rx|d|4|FF00FFC4
14.403700|214|Rx|d|2|0
14.413451|3b7|Rx|d|6|37007FC000C0
14.433913|211|Rx|d|8|8200FFFFA90000D1
14.433913|350|Rx|d|8|C02F3AF91870A489
14.433913|1b0|Rx|d|4|FF00FFC4
14.433913|214|Rx|d|2|0
14.433913|4de|Rx|d|3|C00000
14.433913|55d|Rx|d|8|00FD50C091800000
14.445310|211|Rx|d|8|8200FFFFA90000D1
14.445310|1b0|Rx|d|4|FF00FFC4
14.445310|5de|Rx|d|8|2
14.445310|214|Rx|d|2|0
14.445310|5df|Rx|d|3|9500
14.474242|211|Rx|d|8|8200FFFFA90000D1
14.474242|1b0|Rx|d|4|FF00FFC4
14.474242|657|Rx|d|2|C0CC
14.474242|214|Rx|d|2|0
14.474242|218|Rx|d|1|98
14.474242|4fa|Rx|d|2|800
14.474242|671|Rx|d|2|200
14.474242|4ac|Rx|d|5|83762A0080
14.474242|45c|Rx|d|6|00000000FFE0
14.498935|211|Rx|d|8|8200FFFFA90000D1
14.498935|1b0|Rx|d|4|FF00FFC4
14.498935|214|Rx|d|2|0
14.498935|4f8|Rx|d|8|94C0000000000000
14.498935|211|Rx|d|8|8200FFFFA90000D1
14.498935|1b0|Rx|d|4|FF00FFC4
14.498935|214|Rx|d|2|0
14.518941|3b7|Rx|d|6|37007FC000C0
14.518941|211|Rx|d|8|8200FFFFA90000D1
14.518941|350|Rx|d|8|C02F3AF91870A489
14.518941|214|Rx|d|2|0
14.518941|1b0|Rx|d|4|FF00FFC4
14.518941|4de|Rx|d|3|C00000
14.518941|55d|Rx|d|8|00FD50C091800000
14.543921|211|Rx|d|8|8200FFFFA90000D1
14.543921|1b0|Rx|d|4|FF00FFC4
14.543921|214|Rx|d|2|0
14.543921|5de|Rx|d|8|2
14.564188|5df|Rx|d|3|9500
14.568817|211|Rx|d|8|8200FFFFA90000D1
14.568817|1b0|Rx|d|4|FF00FFC4
14.568817|214|Rx|d|2|0
14.568817|657|Rx|d|2|C0CC
14.568817|218|Rx|d|1|98
14.568817|4fa|Rx|d|2|800
14.568817|671|Rx|d|2|200
14.568817|4ac|Rx|d|5|83762A0080
14.568817|45c|Rx|d|6|00000000FFE0
14.588761|211|Rx|d|8|8200FFFFA90000D1
14.588761|1b0|Rx|d|4|FF00FFC4
14.588761|214|Rx|d|2|0
14.588761|4f8|Rx|d|8|94C0000000000000
14.604106|1b0|Rx|d|4|FF00FFC4
14.604106|211|Rx|d|8|8200FFFFA90000D1
14.604106|214|Rx|d|2|0
14.604106|3b7|Rx|d|6|37007FC000C0
14.624117|646|Rx|d|8|000000020000000C
14.634156|350|Rx|d|8|C02F3AF91870A489
14.634156|211|Rx|d|8|8200FFFFA90000D1
14.634156|1b0|Rx|d|4|FF00FFC4
14.634156|214|Rx|d|2|0
14.634156|4de|Rx|d|3|C00000
14.634156|55d|Rx|d|8|00FD50C091800000
14.653717|1b0|Rx|d|4|FF00FFC4
14.653717|211|Rx|d|8|8200FFFFA90000D1
14.653717|5de|Rx|d|8|2
14.653717|214|Rx|d|2|0
14.659094|5df|Rx|d|3|9500
14.659094|1b0|Rx|d|4|FF00FFC4
14.659094|211|Rx|d|8|8200FFFFA90000D1
14.659094|657|Rx|d|2|C0CC
14.659094|214|Rx|d|2|0
14.659094|218|Rx|d|1|98
14.659094|4fa|Rx|d|2|800
14.659094|671|Rx|d|2|200
14.682170|4ac|Rx|d|5|83762A0080
14.682170|45c|Rx|d|6|00000000FFE0
14.682170|1b0|Rx|d|4|FF00FFC4
14.682170|211|Rx|d|8|8200FFFFA90000D1
14.682170|214|Rx|d|2|0
14.682170|4f8|Rx|d|8|94C0000000000000
14.704152|1b0|Rx|d|4|FF00FFC4
14.704152|211|Rx|d|8|8200FFFFA90000D1
14.704152|214|Rx|d|2|0
14.704152|3b7|Rx|d|6|37007FC000C0
14.734409|350|Rx|d|8|C02F3AF91870A489
14.734409|211|Rx|d|8|8200FFFFA90000D1
14.734409|1b0|Rx|d|4|FF00FFC4
14.734409|214|Rx|d|2|0
14.734409|4de|Rx|d|3|C00000
14.734409|55d|Rx|d|8|00FD50C091800000
14.753589|1b0|Rx|d|4|FF00FFC4
14.753589|211|Rx|d|8|8200FFFFA90000D1
14.753589|5de|Rx|d|8|2
14.753589|214|Rx|d|2|0
14.753589|5df|Rx|d|3|9500
14.772777|1b0|Rx|d|4|FF00FFC4
14.772777|211|Rx|d|8|8200FFFFA90000D1
14.772777|657|Rx|d|2|C0CC
14.772777|214|Rx|d|2|0
14.772777|69f|Rx|d|4|0650859F
14.772777|218|Rx|d|1|98
14.772777|4fa|Rx|d|2|800
14.772777|671|Rx|d|2|200
14.772777|4ac|Rx|d|5|83762A0080
14.772777|45c|Rx|d|6|00000000FFE0
14.796819|1b0|Rx|d|4|FF00FFC4
14.796819|211|Rx|d|8|8200FFFFA90000D1
14.796819|214|Rx|d|2|0
14.796819|4f8|Rx|d|8|94C0000000000000
14.796819|1b0|Rx|d|4|FF00FFC4
14.796819|211|Rx|d|8|8200FFFFA90000D1
14.796819|214|Rx|d|2|0
14.802823|3b7|Rx|d|6|37007FC000C0
14.818806|350|Rx|d|8|C02F3AF91870A489
14.818806|211|Rx|d|8|8200FFFFA90000D1
14.818806|1b0|Rx|d|4|FF00FFC4
14.818806|214|Rx|d|2|0
14.818806|4de|Rx|d|3|C00000
14.818806|55d|Rx|d|8|00FD50C091800000
14.838792|1b0|Rx|d|4|FF00FFC4
14.838792|211|Rx|d|8|8200FFFFA90000D1
14.838792|5de|Rx|d|8|2
14.838792|214|Rx|d|2|0
14.848787|5df|Rx|d|3|9500
14.858780|1b0|Rx|d|4|FF00FFC4
14.858780|657|Rx|d|2|C0CC
14.858780|211|Rx|d|8|8200FFFFA90000D1
14.858780|214|Rx|d|2|0
14.858780|218|Rx|d|1|98
14.858780|4fa|Rx|d|2|800
14.858780|671|Rx|d|2|200
14.866776|4ac|Rx|d|5|83762A0080
14.866776|45c|Rx|d|6|00000000FFE0
14.878768|1b0|Rx|d|4|FF00FFC4
14.878768|211|Rx|d|8|8200FFFFA90000D1
14.878768|214|Rx|d|2|0
14.882765|4f8|Rx|d|8|94C0000000000000
14.898757|1b0|Rx|d|4|FF00FFC4
14.898757|211|Rx|d|8|8200FFFFA90000D1
14.898757|214|Rx|d|2|0
14.902753|3b7|Rx|d|6|37007FC000C0
14.918743|350|Rx|d|8|C02F3AF91870A489
14.918743|211|Rx|d|8|8200FFFFA90000D1
14.918743|1b0|Rx|d|4|FF00FFC4
14.918743|214|Rx|d|2|0
14.918743|4de|Rx|d|3|C00000
14.918743|55d|Rx|d|8|00FD50C091800000
14.938732|1b0|Rx|d|4|FF00FFC4
14.938732|211|Rx|d|8|8200FFFFA90000D1
14.938732|5de|Rx|d|8|2
14.938732|214|Rx|d|2|0
14.946726|5df|Rx|d|3|9500
14.958719|1b0|Rx|d|4|FF00FFC4
14.958719|211|Rx|d|8|8200FFFFA90000D1
14.958719|657|Rx|d|2|C0CC
14.958719|214|Rx|d|2|0
14.958719|218|Rx|d|1|98
14.958719|4fa|Rx|d|2|800
14.958719|671|Rx|d|2|200
14.968712|4ac|Rx|d|5|83762A0080
14.968712|45c|Rx|d|6|00000000FFE0
14.978707|1b0|Rx|d|4|FF00FFC4
14.978707|211|Rx|d|8|8200FFFFA90000D1
14.978707|214|Rx|d|2|0
14.982705|4f8|Rx|d|8|94C0000000000000
14.998695|1b0|Rx|d|4|FF00FFC4
14.998695|211|Rx|d|8|8200FFFFA90000D1
14.998695|214|Rx|d|2|0
15.002692|3b7|Rx|d|6|37007FC000C0
15.018682|350|Rx|d|8|C02F3AF91870A489
15.018682|211|Rx|d|8|8200FFFFA90000D1
15.018682|1b0|Rx|d|4|FF00FFC4
15.018682|4de|Rx|d|3|C00000
15.018682|214|Rx|d|2|0
15.018682|55d|Rx|d|8|00FD50C091800000
15.038669|1b0|Rx|d|4|FF00FFC4
15.038669|211|Rx|d|8|8200FFFFA90000D1
15.038669|5de|Rx|d|8|2
15.038669|214|Rx|d|2|0
15.048664|5df|Rx|d|3|9500
15.058657|1b0|Rx|d|4|FF00FFC4
15.058657|211|Rx|d|8|8200FFFFA90000D1
15.058657|657|Rx|d|2|C0CC
15.058657|214|Rx|d|2|0
15.058657|218|Rx|d|1|98
15.058657|4fa|Rx|d|2|800
15.058657|671|Rx|d|2|200
15.068652|4ac|Rx|d|5|83762A0080
15.068652|45c|Rx|d|6|00000000FFE0
15.078646|211|Rx|d|8|8200FFFFA90000D1
15.078646|1b0|Rx|d|4|FF00FFC4
15.078646|214|Rx|d|2|0
15.082643|4f8|Rx|d|8|94C0000000000000
15.092637|6fb|Rx|d|8|0F01A454FF0000FF
15.098633|211|Rx|d|8|8200FFFFA90000D1
15.098633|1b0|Rx|d|4|FF00FFC4
15.098633|214|Rx|d|2|0
15.102633|3b7|Rx|d|6|37007FC000C0
15.112624|646|Rx|d|8|000000020000000C
15.120130|350|Rx|d|8|C02F3AF91870A489
15.120130|211|Rx|d|8|8200FFFFA90000D1
15.120130|1b0|Rx|d|4|FF00FFC4
15.120130|4de|Rx|d|3|C00000
15.120130|214|Rx|d|2|0
15.120130|55d|Rx|d|8|00FD50C091800000
15.123128|5ce|Rx|d|3|FEFF00
15.137120|211|Rx|d|8|8200FFFFA90000D1
15.137120|1b0|Rx|d|4|FF00FFC4
15.137120|214|Rx|d|2|0
15.137120|5de|Rx|d|8|2
15.147114|5df|Rx|d|3|9500
15.157107|1b0|Rx|d|4|FF00FFC4
15.157107|211|Rx|d|8|8200FFFFA90000D1
15.157107|657|Rx|d|2|C0CC
15.157107|214|Rx|d|2|0
15.157107|218|Rx|d|1|98
15.157107|4fa|Rx|d|2|800
15.159106|671|Rx|d|2|200
15.170099|4ac|Rx|d|5|83762A0080
15.170099|45c|Rx|d|6|00000000FFE0
15.178112|1b0|Rx|d|4|FF00FFC4
15.178112|211|Rx|d|8|8200FFFFA90000D1
15.178112|214|Rx|d|2|0
15.182110|4f8|Rx|d|8|94C0000000000000
15.198102|211|Rx|d|8|8200FFFFA90000D1
15.198102|1b0|Rx|d|4|FF00FFC4
15.198102|214|Rx|d|2|0
15.202099|3b7|Rx|d|6|37007FC000C0
15.218089|350|Rx|d|8|C02F3AF91870A489
15.218089|211|Rx|d|8|8200FFFFA90000D1
15.218089|1b0|Rx|d|4|FF00FFC4
15.218089|214|Rx|d|2|0
15.218089|4de|Rx|d|3|C00000
15.218089|55d|Rx|d|8|00FD50C091800000
15.238076|1b0|Rx|d|4|FF00FFC4
15.238076|211|Rx|d|8|8200FFFFA90000D1
15.238076|5de|Rx|d|8|2
15.238076|214|Rx|d|2|0
15.248071|5df|Rx|d|3|9500
15.258064|1b0|Rx|d|4|FF00FFC4
15.258064|211|Rx|d|8|8200FFFFA90000D1
15.258064|657|Rx|d|2|C0CC
15.258064|214|Rx|d|2|0
15.258064|218|Rx|d|1|98
15.258064|4fa|Rx|d|2|800
15.258064|671|Rx|d|2|200
15.268058|4ac|Rx|d|5|83762A0080
15.268058|45c|Rx|d|6|00000000FFE0
15.278051|1b0|Rx|d|4|FF00FFC4
15.278051|211|Rx|d|8|8200FFFFA90000D1
15.278051|214|Rx|d|2|0
15.282048|4f8|Rx|d|8|94C0000000000000
15.298038|1b0|Rx|d|4|FF00FFC4
15.298038|211|Rx|d|8|8200FFFFA90000D1
15.298038|214|Rx|d|2|0
15.302035|3b7|Rx|d|6|37007FC000C0
15.318027|350|Rx|d|8|C02F3AF91870A489
15.318027|211|Rx|d|8|8200FFFFA90000D1
15.318027|1b0|Rx|d|4|FF00FFC4
15.318027|214|Rx|d|2|0
15.318027|4de|Rx|d|3|C00000
15.318027|55d|Rx|d|8|00FD50C091800000
15.338016|1b0|Rx|d|4|FF00FFC4
15.338016|211|Rx|d|8|8200FFFFA90000D1
15.338016|5de|Rx|d|8|2
15.338016|214|Rx|d|2|0
15.348009|5df|Rx|d|3|9500
15.358002|1b0|Rx|d|4|FF00FFC4
15.358002|657|Rx|d|2|C0CC
15.358002|211|Rx|d|8|8200FFFFA90000D1
15.358002|214|Rx|d|2|0
15.358002|218|Rx|d|1|98
15.358002|4fa|Rx|d|2|800
15.358002|671|Rx|d|2|200
15.367996|4ac|Rx|d|5|83762A0080
15.367996|45c|Rx|d|6|00000000FFE0
15.377989|1b0|Rx|d|4|FF00FFC4
15.377989|211|Rx|d|8|8200FFFFA90000D1
15.377989|214|Rx|d|2|0
15.381988|4f8|Rx|d|8|94C0000000000000
15.397977|1b0|Rx|d|4|FF00FFC4
15.397977|211|Rx|d|8|8200FFFFA90000D1
15.397977|214|Rx|d|2|0
15.401974|3b7|Rx|d|6|37007FC000C0
15.417965|350|Rx|d|8|C02F3AF91870A489
15.417965|1b0|Rx|d|4|FF00FFC4
15.417965|4de|Rx|d|3|C00000
15.417965|211|Rx|d|8|8200FFFFA90000D1
15.417965|55d|Rx|d|8|00FD50C091800000
15.417965|214|Rx|d|2|0
15.437952|1b0|Rx|d|4|FF00FFC4
15.437952|5de|Rx|d|8|2
15.437952|211|Rx|d|8|8200FFFFA90000D1
15.437952|214|Rx|d|2|0
15.447946|5df|Rx|d|3|9500
15.457940|1b0|Rx|d|4|FF00FFC4
15.457940|657|Rx|d|2|C0CC
15.457940|211|Rx|d|8|8200FFFFA90000D1
15.457940|214|Rx|d|2|0
15.457940|218|Rx|d|1|98
15.457940|4fa|Rx|d|2|800
15.457940|671|Rx|d|2|200
15.467934|4ac|Rx|d|5|83762A0080
15.467934|45c|Rx|d|6|00000000FFE0
15.477928|1b0|Rx|d|4|FF00FFC4
15.477928|211|Rx|d|8|8200FFFFA90000D1
15.477928|214|Rx|d|2|0
15.481925|4f8|Rx|d|8|94C0000000000000
15.497915|1b0|Rx|d|4|FF00FFC4
15.497915|211|Rx|d|8|8200FFFFA90000D1
15.497915|214|Rx|d|2|0
15.503912|3b7|Rx|d|6|37007FC000C0
15.517903|350|Rx|d|8|C02F3AF91870A489
15.517903|1b0|Rx|d|4|FF00FFC4
15.517903|4de|Rx|d|3|C00000
15.517903|211|Rx|d|8|8200FFFFA90000D1
15.517903|55d|Rx|d|8|00FD50C091800000
15.517903|214|Rx|d|2|0
15.535893|1b0|Rx|d|4|FF00FFC4
15.537892|5de|Rx|d|8|2
15.537892|211|Rx|d|8|8200FFFFA90000D1
15.537892|214|Rx|d|2|0
15.549884|5df|Rx|d|3|9500
15.557879|1b0|Rx|d|4|FF00FFC4
15.557879|657|Rx|d|2|C0CC
15.557879|211|Rx|d|8|8200FFFFA90000D1
15.557879|214|Rx|d|2|0
15.557879|218|Rx|d|1|98
15.557879|4fa|Rx|d|2|800
15.557879|671|Rx|d|2|200
15.567872|4ac|Rx|d|5|83762A0080
15.567872|45c|Rx|d|6|00000000FFE0
15.577867|1b0|Rx|d|4|FF00FFC4
15.577867|211|Rx|d|8|8200FFFFA90000D1
15.577867|214|Rx|d|2|0
15.581865|4f8|Rx|d|8|94C0000000000000
15.595855|1b0|Rx|d|4|FF00FFC4
15.595855|211|Rx|d|8|8200FFFFA90000D1
15.595855|214|Rx|d|2|0
15.601851|3b7|Rx|d|6|37007FC000C0
15.611846|646|Rx|d|8|000000020000000C
15.617841|350|Rx|d|8|C02F3AF91870A489
15.617841|1b0|Rx|d|4|FF00FFC4
15.617841|4de|Rx|d|3|C00000
15.617841|211|Rx|d|8|8200FFFFA90000D1
15.617841|55d|Rx|d|8|00FD50C091800000
15.617841|214|Rx|d|2|0
15.635831|1b0|Rx|d|4|FF00FFC4
15.637829|5de|Rx|d|8|2
15.637829|211|Rx|d|8|8200FFFFA90000D1
15.637829|214|Rx|d|2|0
15.647823|5df|Rx|d|3|9500
15.655818|1b0|Rx|d|4|FF00FFC4
15.655818|657|Rx|d|2|C0CC
15.657817|211|Rx|d|8|8200FFFFA90000D1
15.657817|214|Rx|d|2|0
15.657817|218|Rx|d|1|98
15.657817|4fa|Rx|d|2|800
15.657817|671|Rx|d|2|200
15.665816|4ac|Rx|d|5|83762A0080
15.667811|45c|Rx|d|6|00000000FFE0
15.675806|1b0|Rx|d|4|FF00FFC4
15.675806|211|Rx|d|8|8200FFFFA90000D1
15.675806|214|Rx|d|2|0
15.681802|4f8|Rx|d|8|94C0000000000000
15.695793|1b0|Rx|d|4|FF00FFC4
15.695793|211|Rx|d|8|8200FFFFA90000D1
15.695793|214|Rx|d|2|0
15.701790|3b7|Rx|d|6|37007FC000C0
15.715782|350|Rx|d|8|C02F3AFA1870A489
15.715782|1b0|Rx|d|4|FF00FFC4
15.715782|4de|Rx|d|3|C00000
15.715782|211|Rx|d|8|8200FFFFA90000D1
15.715782|55d|Rx|d|8|00FD50C091800000
15.715782|214|Rx|d|2|0
15.735773|1b0|Rx|d|4|FF00FFC4
15.735773|5de|Rx|d|8|2
15.735773|211|Rx|d|8|8200FFFFA90000D1
15.735773|214|Rx|d|2|0
15.745763|5df|Rx|d|3|9500
15.758756|1b0|Rx|d|4|FF00FFC4
15.758756|657|Rx|d|2|C0CC
15.758756|69f|Rx|d|4|0650859F
15.758756|211|Rx|d|8|8200FFFFA90000D1
15.758756|214|Rx|d|2|0
15.758756|218|Rx|d|1|98
15.758756|4fa|Rx|d|2|800
15.758756|671|Rx|d|2|200
15.765751|4ac|Rx|d|5|83762A0080
15.765751|45c|Rx|d|6|00000000FFE0
15.775753|1b0|Rx|d|4|FF00FFC4
15.775753|211|Rx|d|8|8200FFFFA90000D1
15.775753|214|Rx|d|2|0
15.781740|4f8|Rx|d|8|94C0000000000000
15.795735|1b0|Rx|d|4|FF00FFC4
15.795735|211|Rx|d|8|8200FFFFA90000D1
15.795735|214|Rx|d|2|0
15.801729|3b7|Rx|d|6|37007FC000C0
15.815721|350|Rx|d|8|C02F3AFA1870A489
15.817718|1b0|Rx|d|4|FF00FFC4
15.817718|211|Rx|d|8|8200FFFFA90000D1
15.817718|4de|Rx|d|3|C00000
15.817718|214|Rx|d|2|0
15.817718|55d|Rx|d|8|00FD50C091800000
15.835708|1b0|Rx|d|4|FF00FFC4
15.835708|5de|Rx|d|8|2
15.835708|211|Rx|d|8|8200FFFFA90000D1
15.835708|214|Rx|d|2|0
15.845705|5df|Rx|d|3|9500
15.857694|1b0|Rx|d|4|FF00FFC4
15.857694|657|Rx|d|2|C0CC
15.857694|211|Rx|d|8|8200FFFFA90000D1
15.857694|214|Rx|d|2|0
15.857694|218|Rx|d|1|98
15.857694|4fa|Rx|d|2|800
15.857694|671|Rx|d|2|200
15.865689|4ac|Rx|d|5|83762A0080
15.865689|45c|Rx|d|6|00000000FFE0
15.895672|1b0|Rx|d|4|FF00FFC4
15.895672|211|Rx|d|8|8200FFFFA90000D1
15.895672|214|Rx|d|2|0
15.895672|4f8|Rx|d|8|94C0000000000000
15.895672|1b0|Rx|d|4|FF00FFC4
15.895672|211|Rx|d|8|8200FFFFA90000D1
15.895672|214|Rx|d|2|0
15.902670|3b7|Rx|d|6|37007FC000C0
15.917658|350|Rx|d|8|C02F3AFA1870A489
15.917658|211|Rx|d|8|8200FFFFA90000D1
15.917658|1b0|Rx|d|4|FF00FFC4
15.917658|214|Rx|d|2|0
15.917658|4de|Rx|d|3|C00000
15.917658|55d|Rx|d|8|00FD50C091800000
15.937655|1b0|Rx|d|4|FF00FFC4
15.937655|5de|Rx|d|8|2
15.937655|211|Rx|d|8|8200FFFFA90000D1
15.937655|214|Rx|d|2|0
15.947639|5df|Rx|d|3|9500
15.958147|1b0|Rx|d|4|FF00FFC4
15.958147|657|Rx|d|2|C0CC
15.958147|211|Rx|d|8|8200FFFFA90000D1
15.958147|214|Rx|d|2|0
15.958147|218|Rx|d|1|98
15.958147|4fa|Rx|d|2|800
15.958147|671|Rx|d|2|200
15.966143|4ac|Rx|d|5|83752A0080
15.966143|45c|Rx|d|6|00000000FFE0
15.976135|1b0|Rx|d|4|FF00FFC4
15.976135|211|Rx|d|8|8200FFFFA90000D1
15.976135|214|Rx|d|2|0
15.982132|4f8|Rx|d|8|94C0000000000000
16.000121|1b0|Rx|d|4|FF00FFC4
16.000121|211|Rx|d|8|8200FFFFA90000D1
16.000121|214|Rx|d|2|0
16.000121|3b7|Rx|d|6|37007FC000C0
16.016111|350|Rx|d|8|C02F3AFA1870A489
16.016111|1b0|Rx|d|4|FF00FFC4
16.016111|211|Rx|d|8|8200FFFFA90000D1
16.016111|4de|Rx|d|3|C00000
16.016111|214|Rx|d|2|0
16.016111|55d|Rx|d|8|00FD50C091800000
16.041097|1b0|Rx|d|4|FF00FFC4
16.041097|5de|Rx|d|8|2
16.041097|211|Rx|d|8|8200FFFFA90000D1
16.041097|214|Rx|d|2|0
16.046093|5df|Rx|d|3|9500
16.057088|1b0|Rx|d|4|FF00FFC4
16.057088|657|Rx|d|2|C0CC
16.057088|211|Rx|d|8|8200FFFFA90000D1
16.057088|214|Rx|d|2|0
16.057088|218|Rx|d|1|98
16.057088|4fa|Rx|d|2|800
16.057088|671|Rx|d|2|200
16.066081|4ac|Rx|d|5|83762A0080
16.066081|45c|Rx|d|6|00000000FFE0
16.076074|1b0|Rx|d|4|FF00FFC4
16.078072|211|Rx|d|8|8200FFFFA90000D1
16.078072|214|Rx|d|2|0
16.082071|4f8|Rx|d|8|94C0000000000000
16.096062|1b0|Rx|d|4|FF00FFC4
16.096062|211|Rx|d|8|8200FFFFA90000D1
16.096062|214|Rx|d|2|0
16.102059|3b7|Rx|d|6|37007FC000C0
16.112053|646|Rx|d|8|000000020000000C
16.118049|350|Rx|d|8|C02F3AFA1870A489
16.118049|1b0|Rx|d|4|FF00FFC4
16.118049|4de|Rx|d|3|C00000
16.120047|55d|Rx|d|8|00FD50C091800000
16.120047|211|Rx|d|8|8200FFFFA90000D1
16.120047|214|Rx|d|2|0
16.139603|1b0|Rx|d|4|FF00FFC4
16.139603|5de|Rx|d|8|2
16.140933|211|Rx|d|8|8200FFFFA90000D1
16.140933|214|Rx|d|2|0
16.150958|5df|Rx|d|3|9500
16.161020|1b0|Rx|d|4|FF00FFC4
16.161020|657|Rx|d|2|C0CC
16.161020|211|Rx|d|8|8200FFFFA90000D1
16.161020|214|Rx|d|2|0
16.161020|218|Rx|d|1|98
16.161020|4fa|Rx|d|2|800
16.161020|671|Rx|d|2|200
16.170876|4ac|Rx|d|5|83762A0080
16.170876|45c|Rx|d|6|00000000FFE0
16.180738|1b0|Rx|d|4|FF00FFC4
16.180738|211|Rx|d|8|8200FFFFA90000D1
16.180738|214|Rx|d|2|0
16.180738|4f8|Rx|d|8|94C0000000000000
16.200614|1b0|Rx|d|4|FF00FFC4
16.200614|211|Rx|d|8|8200FFFFA90000D1
16.200614|214|Rx|d|2|0
16.200614|3b7|Rx|d|6|37007FC000C0
16.220835|350|Rx|d|8|C02F3AFA1870A489
16.220835|1b0|Rx|d|4|FF00FFC4
16.220835|4de|Rx|d|3|C00000
16.220835|55d|Rx|d|8|00FD50C091800000
16.220835|211|Rx|d|8|8200FFFFA90000D1
16.220835|214|Rx|d|2|0
16.241005|1b0|Rx|d|4|FF00FFC4
16.241005|5de|Rx|d|8|2
16.241005|211|Rx|d|8|8200FFFFA90000D1
16.241005|214|Rx|d|2|0
16.251328|5df|Rx|d|3|9500
16.261215|1b0|Rx|d|4|FF00FFC4
16.261215|657|Rx|d|2|C0CC
16.261215|211|Rx|d|8|8200FFFFA90000D1
16.261215|214|Rx|d|2|0
16.261215|218|Rx|d|1|98
16.261215|4fa|Rx|d|2|800
16.261215|671|Rx|d|2|200
16.271380|4ac|Rx|d|5|83762A0080
16.271380|45c|Rx|d|6|00000000FFE0
16.281702|1b0|Rx|d|4|FF00FFC4
16.281702|211|Rx|d|8|8200FFFFA90000D1
16.281702|214|Rx|d|2|0
16.283728|4f8|Rx|d|8|94C0000000000000
16.301903|1b0|Rx|d|4|FF00FFC4
16.301903|211|Rx|d|8|8200FFFFA90000D1
16.301903|214|Rx|d|2|0
16.303931|3b7|Rx|d|6|37007FC000C0
16.319421|350|Rx|d|8|C02F3AFA1870A489
16.319421|1b0|Rx|d|4|FF00FFC4
16.319421|4de|Rx|d|3|C00000
16.319421|55d|Rx|d|8|00FD50C091800000
16.319421|211|Rx|d|8|8200FFFFA90000D1
16.319421|214|Rx|d|2|0
16.338883|1b0|Rx|d|4|FF00FFC4
16.338883|5de|Rx|d|8|2
16.338883|211|Rx|d|8|8200FFFFA90000D1
16.338883|214|Rx|d|2|0
16.348904|5df|Rx|d|3|9500
16.356069|1b0|Rx|d|4|FF00FFC4
16.356069|657|Rx|d|2|C0CC
16.362127|211|Rx|d|8|8200FFFFA90000D1
16.362127|214|Rx|d|2|0
16.362127|218|Rx|d|1|98
16.362127|4fa|Rx|d|2|800
16.362127|671|Rx|d|2|200
16.367605|4ac|Rx|d|5|83762A0080
16.367605|45c|Rx|d|6|00000000FFE0
16.382231|1b0|Rx|d|4|FF00FFC4
16.382231|211|Rx|d|8|8200FFFFA90000D1
16.382231|214|Rx|d|2|0
16.382231|4f8|Rx|d|8|94C0000000000000
16.399075|1b0|Rx|d|4|FF00FFC4
16.399075|211|Rx|d|8|8200FFFFA90000D1
16.399075|214|Rx|d|2|0
16.406366|3b7|Rx|d|6|37007FC000C0
16.416443|350|Rx|d|8|C02F3AFA1870A489
16.416443|1b0|Rx|d|4|FF00FFC4
16.416443|4de|Rx|d|3|C00000
16.416443|55d|Rx|d|8|00FD50C091800000
16.416443|211|Rx|d|8|8200FFFFA90000D1
16.416443|214|Rx|d|2|0
16.436536|1b0|Rx|d|4|FF00FFC4
16.436536|5de|Rx|d|8|2
16.438535|211|Rx|d|8|8200FFFFA90000D1
16.438535|214|Rx|d|2|0
16.446572|5df|Rx|d|3|9500
16.456603|1b0|Rx|d|4|FF00FFC4
16.456603|657|Rx|d|2|C0CC
16.456603|211|Rx|d|8|8200FFFFA90000D1
16.456603|214|Rx|d|2|0
16.456603|218|Rx|d|1|98
16.456603|4fa|Rx|d|2|800
16.456603|671|Rx|d|2|200
16.466596|4ac|Rx|d|5|83762A0080
16.466596|45c|Rx|d|6|00000000FFE0
16.476592|1b0|Rx|d|4|FF00FFC4
16.478589|211|Rx|d|8|8200FFFFA90000D1
16.478589|214|Rx|d|2|0
16.482586|4f8|Rx|d|8|94C0000000000000
16.496619|1b0|Rx|d|4|FF00FFC4
16.496619|211|Rx|d|8|8200FFFFA90000D1
16.496619|214|Rx|d|2|0
16.502615|3b7|Rx|d|6|37007FC000C0
16.516638|350|Rx|d|8|C02F3AFA1870A489
16.516638|1b0|Rx|d|4|FF00FFC4
16.516638|4de|Rx|d|3|C00000
16.516638|55d|Rx|d|8|00FD50C091800000
16.516638|211|Rx|d|8|8200FFFFA90000D1
16.516638|214|Rx|d|2|0
16.536626|1b0|Rx|d|4|FF00FFC4
16.536626|5de|Rx|d|8|2
16.536626|211|Rx|d|8|8200FFFFA90000D1
16.536626|214|Rx|d|2|0
16.546620|5df|Rx|d|3|9500
16.556614|1b0|Rx|d|4|FF00FFC4
16.556614|657|Rx|d|2|C0CC
16.556614|211|Rx|d|8|8200FFFFA90000D1
16.556614|214|Rx|d|2|0
16.556614|218|Rx|d|1|98
16.556614|4fa|Rx|d|2|800
16.556614|671|Rx|d|2|200
16.566607|4ac|Rx|d|5|83762A0080
16.566607|45c|Rx|d|6|00000000FFE0
16.576638|1b0|Rx|d|4|FF00FFC4
16.578636|211|Rx|d|8|8200FFFFA90000D1
16.578636|214|Rx|d|2|0
16.582634|4f8|Rx|d|8|94C0000000000000
16.596625|1b0|Rx|d|4|FF00FFC4
16.596625|211|Rx|d|8|8200FFFFA90000D1
16.596625|214|Rx|d|2|0
16.602623|3b7|Rx|d|6|37007FC000C0
16.612616|646|Rx|d|8|000000020000000C
16.618611|350|Rx|d|8|C02F3AFA1870A489
16.618611|1b0|Rx|d|4|FF00FFC4
16.618611|4de|Rx|d|3|C00000
16.618611|211|Rx|d|8|8200FFFFA90000D1
16.618611|55d|Rx|d|8|00FD50C091800000
16.618611|214|Rx|d|2|0
16.636602|1b0|Rx|d|4|FF00FFC4
16.636602|5de|Rx|d|8|2
16.636602|211|Rx|d|8|8200FFFFA90000D1
16.636602|214|Rx|d|2|0
16.646594|5df|Rx|d|3|9500
16.656588|1b0|Rx|d|4|FF00FFC4
16.656588|657|Rx|d|2|C0CC
16.656588|211|Rx|d|8|8200FFFFA90000D1
16.656588|214|Rx|d|2|0
16.656588|218|Rx|d|1|98
16.656588|4fa|Rx|d|2|800
16.656588|671|Rx|d|2|200
16.666586|4ac|Rx|d|5|83752A0080
16.666586|45c|Rx|d|6|00000000FFE0
16.676578|1b0|Rx|d|4|FF00FFC4
16.676578|211|Rx|d|8|8200FFFFA90000D1
16.676578|214|Rx|d|2|0
16.682574|4f8|Rx|d|8|94C0000000000000
16.696565|1b0|Rx|d|4|FF00FFC4
16.696565|211|Rx|d|8|8200FFFFA90000D1
16.696565|214|Rx|d|2|0
16.702560|3b7|Rx|d|6|37007FC000C0
16.734115|350|Rx|d|8|C02F3AFA1870A489
16.734115|1b0|Rx|d|4|FF00FFC4
16.734115|4de|Rx|d|3|C00000
16.734115|211|Rx|d|8|8200FFFFA90000D1
16.734115|55d|Rx|d|8|00FD50C091800000
16.734115|214|Rx|d|2|0
16.744072|1b0|Rx|d|4|FF00FFC4
16.744072|5de|Rx|d|8|2
16.744072|211|Rx|d|8|8200FFFFA90000D1
16.744072|214|Rx|d|2|0
16.744072|5df|Rx|d|3|9500
16.774190|1b0|Rx|d|4|FF00FFC4
16.774190|657|Rx|d|2|C0CC
16.774190|69f|Rx|d|4|0650859F
16.774190|211|Rx|d|8|8200FFFFA90000D1
16.774190|214|Rx|d|2|0
16.774190|218|Rx|d|1|98
16.774190|4fa|Rx|d|2|800
16.774190|671|Rx|d|2|200
16.774190|4ac|Rx|d|5|83762A0080
16.774190|45c|Rx|d|6|00000000FFE0
16.774190|1b0|Rx|d|4|FF00FFC4
16.774190|211|Rx|d|8|8200FFFFA90000D1
16.803007|214|Rx|d|2|0
16.803007|4f8|Rx|d|8|94C0000000000000
16.803007|1b0|Rx|d|4|FF00FFC4
16.803007|211|Rx|d|8|8200FFFFA90000D1
16.813747|214|Rx|d|2|0
16.813747|3b7|Rx|d|6|37007FC000C0
16.813747|350|Rx|d|8|C02F3AFA1870A489
16.813747|1b0|Rx|d|4|FF00FFC4
16.823691|4de|Rx|d|3|C00000
16.823691|211|Rx|d|8|8200FFFFA90000D1
16.823691|55d|Rx|d|8|00FD50C091800000
16.823691|214|Rx|d|2|0
16.836127|1b0|Rx|d|4|FF00FFC4
16.836127|5de|Rx|d|8|2
16.836127|211|Rx|d|8|8200FFFFA90000D1
16.836127|214|Rx|d|2|0
16.846121|5df|Rx|d|3|9500
16.856114|1b0|Rx|d|4|FF00FFC4
16.856114|657|Rx|d|2|C0CC
16.856114|211|Rx|d|8|8200FFFFA90000D1
16.858117|214|Rx|d|2|0
16.858117|218|Rx|d|1|98
16.858117|4fa|Rx|d|2|800
16.858117|671|Rx|d|2|200
16.866108|4ac|Rx|d|5|83762A0080
16.866108|45c|Rx|d|6|00000000FFE0
16.876102|1b0|Rx|d|4|FF00FFC4
16.876102|211|Rx|d|8|8200FFFFA90000D1
16.876102|214|Rx|d|2|0
16.882098|4f8|Rx|d|8|94C0000000000000
16.896090|1b0|Rx|d|4|FF00FFC4
16.896090|211|Rx|d|8|8200FFFFA90000D1
16.896090|214|Rx|d|2|0
16.902086|3b7|Rx|d|6|37007FC000C0
16.916078|350|Rx|d|8|C02F3AFA1870A489
16.916078|1b0|Rx|d|4|FF00FFC4
16.916078|4de|Rx|d|3|C00000
16.916078|55d|Rx|d|8|00FD50C091800000
16.918075|211|Rx|d|8|8200FFFFA90000D1
16.918075|214|Rx|d|2|0
16.936067|1b0|Rx|d|4|FF00FFC4
16.936067|5de|Rx|d|8|2
16.938068|211|Rx|d|8|8200FFFFA90000D1
16.938068|214|Rx|d|2|0
16.946060|5df|Rx|d|3|9500
16.956052|1b0|Rx|d|4|FF00FFC4
16.956052|657|Rx|d|2|C0CC
16.957285|211|Rx|d|8|8200FFFFA90000D1
16.957285|214|Rx|d|2|0
16.957285|218|Rx|d|1|98
16.957285|4fa|Rx|d|2|800
16.957285|671|Rx|d|2|200
16.983864|4ac|Rx|d|5|83762A0080
16.983864|45c|Rx|d|6|00000000FFE0
16.983864|1b0|Rx|d|4|FF00FFC4
16.994215|211|Rx|d|8|8200FFFFA90000D1
16.994215|214|Rx|d|2|0
16.994215|4f8|Rx|d|8|94C0000000000000
16.994215|1b0|Rx|d|4|FF00FFC4
17.018667|211|Rx|d|8|8200FFFFA90000D1
17.018667|214|Rx|d|2|0
17.018667|3b7|Rx|d|6|37007FC000C0
17.018667|350|Rx|d|8|C02F3AFA1870A489
17.018667|1b0|Rx|d|4|FF00FFC4
17.018667|4de|Rx|d|3|C00000
17.018667|55d|Rx|d|8|00FD50C091800000
17.018667|211|Rx|d|8|8200FFFFA90000D1
17.018667|214|Rx|d|2|0
17.053888|1b0|Rx|d|4|FF00FFC4
17.053888|5de|Rx|d|8|2
17.053888|211|Rx|d|8|8200FFFFA90000D1
17.053888|214|Rx|d|2|0
17.053888|5df|Rx|d|3|9500
17.053888|1b0|Rx|d|4|FF00FFC4
17.053888|657|Rx|d|2|C0CC
17.084252|211|Rx|d|8|8200FFFFA90000D1
17.084252|214|Rx|d|2|0
17.084252|218|Rx|d|1|98
17.084252|4fa|Rx|d|2|800
17.084252|671|Rx|d|2|200
17.084252|4ac|Rx|d|5|83762A0080
17.084252|45c|Rx|d|6|00000000FFE0
17.084252|1b0|Rx|d|4|FF00FFC4
17.084252|211|Rx|d|8|8200FFFFA90000D1
17.084252|214|Rx|d|2|0
17.084252|4f8|Rx|d|8|94C0000000000000
17.103834|1b0|Rx|d|4|FF00FFC4
17.103834|211|Rx|d|8|8200FFFFA90000D1
17.103834|214|Rx|d|2|0
17.103834|3b7|Rx|d|6|37007FC000C0
17.133913|646|Rx|d|8|000000020000000C
17.133913|350|Rx|d|8|C02F3AFA1870A489
17.133913|1b0|Rx|d|4|FF00FFC4
17.133913|4de|Rx|d|3|C00000
17.133913|55d|Rx|d|8|00FD50C091800000
17.133913|211|Rx|d|8|8200FFFFA90000D1
17.133913|214|Rx|d|2|0
17.133913|1b0|Rx|d|4|FF00FFC4
17.133913|5de|Rx|d|8|2
17.164076|211|Rx|d|8|8200FFFFA90000D1
17.164076|214|Rx|d|2|0
17.164230|5df|Rx|d|3|9500
17.164230|1b0|Rx|d|4|FF00FFC4
17.164230|657|Rx|d|2|C0CC
17.164230|211|Rx|d|8|8200FFFFA90000D1
17.164230|214|Rx|d|2|0
17.164230|218|Rx|d|1|98
17.164230|4fa|Rx|d|2|800
17.164230|671|Rx|d|2|200
17.164230|4ac|Rx|d|5|83762A0080
17.164230|45c|Rx|d|6|00000000FFE0
17.188904|1b0|Rx|d|4|FF00FFC4
17.188904|211|Rx|d|8|8200FFFFA90000D1
17.188904|214|Rx|d|2|0
17.188904|4f8|Rx|d|8|94C0000000000000
17.199052|1b0|Rx|d|4|FF00FFC4
17.199052|211|Rx|d|8|8200FFFFA90000D1
17.199052|214|Rx|d|2|0
17.215302|3b7|Rx|d|6|37007FC000C0
17.215302|350|Rx|d|8|C02F3AFA1870A489
17.215302|1b0|Rx|d|4|FF00FFC4
17.215302|4de|Rx|d|3|C00000
17.215302|55d|Rx|d|8|00FD50C091800000
17.223650|211|Rx|d|8|8200FFFFA90000D1
17.223650|214|Rx|d|2|0
17.238693|1b0|Rx|d|4|FF00FFC4
17.238693|5de|Rx|d|8|2
17.244086|211|Rx|d|8|8200FFFFA90000D1
17.244086|214|Rx|d|2|0
17.244086|5df|Rx|d|3|9500
17.264141|1b0|Rx|d|4|FF00FFC4
17.264141|657|Rx|d|2|C0CC
17.264141|211|Rx|d|8|8200FFFFA90000D1
17.264141|214|Rx|d|2|0
17.264141|218|Rx|d|1|98
17.264141|4fa|Rx|d|2|800
17.264141|671|Rx|d|2|200
17.264141|4ac|Rx|d|5|83762A0080
17.264141|45c|Rx|d|6|00000000FFE0
17.288742|1b0|Rx|d|4|FF00FFC4
17.288742|211|Rx|d|8|8200FFFFA90000D1
17.288742|214|Rx|d|2|0
17.288742|4f8|Rx|d|8|94C0000000000000
17.302997|1b0|Rx|d|4|FF00FFC4
17.309118|211|Rx|d|8|8200FFFFA90000D1
17.309118|214|Rx|d|2|0
17.309118|3b7|Rx|d|6|37007FC000C0
17.323863|350|Rx|d|8|C02F3AFA1870A489
17.323863|1b0|Rx|d|4|FF00FFC4
17.323863|4de|Rx|d|3|C00000
17.323863|55d|Rx|d|8|00FD50C091800000
17.323863|211|Rx|d|8|8200FFFFA90000D1
17.323863|214|Rx|d|2|0
17.339091|1b0|Rx|d|4|FF00FFC4
17.339091|5de|Rx|d|8|2
17.339091|211|Rx|d|8|8200FFFFA90000D1
17.339091|214|Rx|d|2|0
17.349097|5df|Rx|d|3|9500
17.359421|1b0|Rx|d|4|FF00FFC4
17.359421|657|Rx|d|2|C0CC
17.359421|211|Rx|d|8|8200FFFFA90000D1
17.359421|214|Rx|d|2|0
17.359421|218|Rx|d|1|98
17.359421|4fa|Rx|d|2|800
17.359421|671|Rx|d|2|200
17.373797|4ac|Rx|d|5|83762A0080
17.373797|45c|Rx|d|6|00000000FFE0
17.373797|1b0|Rx|d|4|FF00FFC4
17.373797|211|Rx|d|8|8200FFFFA90000D1
17.383389|214|Rx|d|2|0
17.383389|4f8|Rx|d|8|94C0000000000000
17.403589|1b0|Rx|d|4|FF00FFC4
17.403589|211|Rx|d|8|8200FFFFA90000D1
17.403589|214|Rx|d|2|0
17.403589|3b7|Rx|d|6|37007FC000C0
17.423988|350|Rx|d|8|C02F3AFA1870A489
17.423988|1b0|Rx|d|4|FF00FFC4
17.423988|4de|Rx|d|3|C00000
17.423988|55d|Rx|d|8|00FD50C091800000
17.423988|211|Rx|d|8|8200FFFFA90000D1
17.423988|214|Rx|d|2|0
17.454174|1b0|Rx|d|4|FF00FFC4
17.454174|5de|Rx|d|8|2
17.454174|211|Rx|d|8|8200FFFFA90000D1
17.454174|214|Rx|d|2|0
17.454174|5df|Rx|d|3|9500
17.458973|1b0|Rx|d|4|FF00FFC4
17.458973|657|Rx|d|2|C0CC
17.458973|211|Rx|d|8|8200FFFFA90000D1
17.458973|214|Rx|d|2|0
17.458973|218|Rx|d|1|98
17.458973|4fa|Rx|d|2|800
17.458973|671|Rx|d|2|200
17.473903|4ac|Rx|d|5|83762A0080
17.473903|45c|Rx|d|6|00000000FFE0
17.473903|1b0|Rx|d|4|FF00FFC4
17.473903|211|Rx|d|8|8200FFFFA90000D1
17.494033|214|Rx|d|2|0
17.494033|4f8|Rx|d|8|94C0000000000000
17.494033|1b0|Rx|d|4|FF00FFC4
17.494033|211|Rx|d|8|8200FFFFA90000D1
17.499475|214|Rx|d|2|0
17.499475|3b7|Rx|d|6|37007FC000C0
17.517464|350|Rx|d|8|C02F3AFA1870A489
17.517464|1b0|Rx|d|4|FF00FFC4
17.517464|4de|Rx|d|3|C00000
17.517464|55d|Rx|d|8|00FD50C091800000
17.517464|211|Rx|d|8|8200FFFFA90000D1
17.517464|214|Rx|d|2|0
17.537452|1b0|Rx|d|4|FF00FFC4
17.537452|5de|Rx|d|8|2
17.537452|211|Rx|d|8|8200FFFFA90000D1
17.537452|214|Rx|d|2|0
17.547445|5df|Rx|d|3|9500
17.557440|1b0|Rx|d|4|FF00FFC4
17.557440|657|Rx|d|2|C0CC
17.557440|211|Rx|d|8|8200FFFFA90000D1
17.557440|214|Rx|d|2|0
17.557440|218|Rx|d|1|98
17.557440|4fa|Rx|d|2|800
17.557440|671|Rx|d|2|200
17.567433|4ac|Rx|d|5|83762A0080
17.567433|45c|Rx|d|6|00000000FFE0
17.577428|1b0|Rx|d|4|FF00FFC4
17.577428|211|Rx|d|8|8200FFFFA90000D1
17.577428|214|Rx|d|2|0
17.583423|4f8|Rx|d|8|94C0000000000000
17.597415|1b0|Rx|d|4|FF00FFC4
17.597415|211|Rx|d|8|8200FFFFA90000D1
17.597415|214|Rx|d|2|0
17.603410|3b7|Rx|d|6|37007FC000C0
17.611904|646|Rx|d|8|000000020000000C
17.617661|350|Rx|d|8|C02F3AFA1870A489
17.617661|1b0|Rx|d|4|FF00FFC4
17.617661|4de|Rx|d|3|C00000
17.617661|55d|Rx|d|8|00FD50C091800000
17.623698|211|Rx|d|8|8200FFFFA90000D1
17.623698|214|Rx|d|2|0
17.638678|1b0|Rx|d|4|FF00FFC4
17.638678|5de|Rx|d|8|2
17.638678|211|Rx|d|8|8200FFFFA90000D1
17.638678|214|Rx|d|2|0
17.654128|5df|Rx|d|3|9500
17.654128|1b0|Rx|d|4|FF00FFC4
17.654128|657|Rx|d|2|C0CC
17.654128|211|Rx|d|8|8200FFFFA90000D1
17.654128|214|Rx|d|2|0
17.663597|218|Rx|d|1|98
17.663597|4fa|Rx|d|2|800
17.663597|671|Rx|d|2|200
17.663597|4ac|Rx|d|5|83762A0080
17.663597|45c|Rx|d|6|00000000FFE0
17.678621|1b0|Rx|d|4|FF00FFC4
17.683720|211|Rx|d|8|8200FFFFA90000D1
17.683720|214|Rx|d|2|0
17.689006|4f8|Rx|d|8|94C0000000000000
17.703691|1b0|Rx|d|4|FF00FFC4
17.708594|211|Rx|d|8|8200FFFFA90000D1
17.708594|214|Rx|d|2|0
17.708594|3b7|Rx|d|6|37007FC000C0
17.724387|350|Rx|d|8|C02F3AFA1870A489
17.724387|1b0|Rx|d|4|FF00FFC4
17.724387|4de|Rx|d|3|C00000
17.724387|55d|Rx|d|8|00FD50C091800000
17.724387|211|Rx|d|8|8200FFFFA90000D1
17.724387|214|Rx|d|2|0
17.738766|1b0|Rx|d|4|FF00FFC4
17.738766|5de|Rx|d|8|2
17.738766|211|Rx|d|8|8200FFFFA90000D1
17.738766|214|Rx|d|2|0
17.753366|5df|Rx|d|3|9500
17.764189|1b0|Rx|d|4|FF00FFC4
17.764189|657|Rx|d|2|C0CC
17.764189|69f|Rx|d|4|0650859F
17.764189|211|Rx|d|8|8200FFFFA90000D1
17.764189|214|Rx|d|2|0
17.764189|218|Rx|d|1|98
17.764189|4fa|Rx|d|2|800
17.764189|671|Rx|d|2|200
17.764189|4ac|Rx|d|5|83762A0080
17.764189|45c|Rx|d|6|00000000FFE0
17.778596|1b0|Rx|d|4|FF00FFC4
17.778596|211|Rx|d|8|8200FFFFA90000D1
17.778596|214|Rx|d|2|0
17.794092|4f8|Rx|d|8|94C0000000000000
17.794092|1b0|Rx|d|4|FF00FFC4
17.809020|211|Rx|d|8|8200FFFFA90000D1
17.809020|214|Rx|d|2|0
17.809020|3b7|Rx|d|6|37007FC000C0
17.823684|350|Rx|d|8|C02F3AFA1870A489
17.823684|1b0|Rx|d|4|FF00FFC4
17.823684|4de|Rx|d|3|C00000
17.823684|55d|Rx|d|8|00FD50C091800000
17.823684|211|Rx|d|8|8200FFFFA90000D1
17.823684|214|Rx|d|2|0
17.843913|1b0|Rx|d|4|FF00FFC4
17.843913|5de|Rx|d|8|2
17.853848|211|Rx|d|8|8200FFFFA90000D1
17.853848|214|Rx|d|2|0
17.853848|5df|Rx|d|3|9500
17.853848|1b0|Rx|d|4|FF00FFC4
17.853848|657|Rx|d|2|C0CC
17.873366|211|Rx|d|8|8200FFFFA90000D1
17.873366|214|Rx|d|2|0
17.873366|218|Rx|d|1|98
17.873366|4fa|Rx|d|2|800
17.873366|671|Rx|d|2|200
17.873366|4ac|Rx|d|5|83762A0080
17.873366|45c|Rx|d|6|00000000FFE0
17.873366|1b0|Rx|d|4|FF00FFC4
17.903500|211|Rx|d|8|8200FFFFA90000D1
17.903500|214|Rx|d|2|0
17.903500|4f8|Rx|d|8|94C0000000000000
17.903500|1b0|Rx|d|4|FF00FFC4
17.903500|211|Rx|d|8|8200FFFFA90000D1
17.903500|214|Rx|d|2|0
17.903500|3b7|Rx|d|6|37007FC000C0
17.923746|350|Rx|d|8|C02F3AFA1870A489
17.923746|1b0|Rx|d|4|FF00FFC4
17.923746|4de|Rx|d|3|C00000
17.923746|55d|Rx|d|8|00FD50C091800000
17.923746|211|Rx|d|8|8200FFFFA90000D1
17.923746|214|Rx|d|2|0
17.943797|1b0|Rx|d|4|FF00FFC4
17.943797|5de|Rx|d|8|2
17.948596|211|Rx|d|8|8200FFFFA90000D1
17.948596|214|Rx|d|2|0
17.948596|5df|Rx|d|3|9500
17.964102|1b0|Rx|d|4|FF00FFC4
17.964102|657|Rx|d|2|C0CC
17.968922|211|Rx|d|8|8200FFFFA90000D1
17.968922|214|Rx|d|2|0
17.968922|218|Rx|d|1|98
17.968922|4fa|Rx|d|2|800
17.968922|671|Rx|d|2|200
17.968922|4ac|Rx|d|5|83752A0080
17.968922|45c|Rx|d|6|00000000FFE0
17.977344|1b0|Rx|d|4|FF00FFC4
17.984153|211|Rx|d|8|8200FFFFA90000D1
17.984153|214|Rx|d|2|0
17.984153|4f8|Rx|d|8|94C0000000000000
17.999065|1b0|Rx|d|4|FF00FFC4
18.003594|211|Rx|d|8|8200FFFFA90000D1
18.003594|214|Rx|d|2|0
18.003594|3b7|Rx|d|6|37007FC000C0
18.023813|350|Rx|d|8|C02F3AFA1870A489
18.023813|1b0|Rx|d|4|FF00FFC4
18.023813|4de|Rx|d|3|C00000
18.023813|55d|Rx|d|8|00FD50C091800000
18.023813|211|Rx|d|8|8200FFFFA90000D1
18.023813|214|Rx|d|2|0
18.035780|1b0|Rx|d|4|FF00FFC4
18.035780|5de|Rx|d|8|2
18.035780|211|Rx|d|8|8200FFFFA90000D1
18.035780|214|Rx|d|2|0
18.045778|5df|Rx|d|3|9500
18.058775|1b0|Rx|d|4|FF00FFC4
18.058775|657|Rx|d|2|C0CC
18.058775|211|Rx|d|8|8200FFFFA90000D1
18.058775|214|Rx|d|2|0
18.058775|218|Rx|d|1|98
18.058775|4fa|Rx|d|2|800
18.058775|671|Rx|d|2|200
18.073842|4ac|Rx|d|5|83762A0080
18.073842|45c|Rx|d|6|00000000FFE0
18.073842|1b0|Rx|d|4|FF00FFC4
18.073842|211|Rx|d|8|8200FFFFA90000D1
18.083893|214|Rx|d|2|0
18.094257|4f8|Rx|d|8|94C0000000000000
18.094257|6fb|Rx|d|8|0F01A454FF0000FF
18.094257|1b0|Rx|d|4|FF00FFC4
18.094257|211|Rx|d|8|8200FFFFA90000D1
18.094257|214|Rx|d|2|0
18.114288|3b7|Rx|d|6|37007FC000C0
18.114288|646|Rx|d|8|000000020000000C
18.114288|350|Rx|d|8|C02F3AFA1870A489
18.114288|1b0|Rx|d|4|FF00FFC4
18.114288|4de|Rx|d|3|C00000
18.114288|55d|Rx|d|8|00FD50C091800000
18.114288|211|Rx|d|8|8200FFFFA90000D1
18.114288|214|Rx|d|2|0
18.134118|5ce|Rx|d|3|FEFF00
18.134118|1b0|Rx|d|4|FF00FFC4
18.134118|5de|Rx|d|8|2
18.134118|211|Rx|d|8|8200FFFFA90000D1
18.134118|214|Rx|d|2|0
18.158779|5df|Rx|d|3|9500
18.158779|1b0|Rx|d|4|FF00FFC4
18.158779|657|Rx|d|2|C0CC
18.158779|211|Rx|d|8|8200FFFFA90000D1
18.158779|214|Rx|d|2|0
18.158779|218|Rx|d|1|98
18.158779|4fa|Rx|d|2|800
18.158779|671|Rx|d|2|200
18.184123|4ac|Rx|d|5|83762A0080
18.184123|45c|Rx|d|6|00000000FFE0
18.184123|1b0|Rx|d|4|FF00FFC4
18.184355|211|Rx|d|8|8200FFFFA90000D1
18.184355|214|Rx|d|2|0
18.184355|4f8|Rx|d|8|94C0000000000000
18.204027|1b0|Rx|d|4|FF00FFC4
18.204027|211|Rx|d|8|8200FFFFA90000D1
18.204027|214|Rx|d|2|0
18.214443|3b7|Rx|d|6|37007FC000C0
18.214443|350|Rx|d|8|C02F3AFA1870A489
18.214443|1b0|Rx|d|4|FF00FFC4
18.214443|4de|Rx|d|3|C00000
18.214443|55d|Rx|d|8|00FD50C091800000
18.214443|211|Rx|d|8|8200FFFFA90000D1
18.214443|214|Rx|d|2|0
18.243719|1b0|Rx|d|4|FF00FFC4
18.243719|5de|Rx|d|8|2
18.243719|211|Rx|d|8|8200FFFFA90000D1
18.243719|214|Rx|d|2|0
18.254120|5df|Rx|d|3|9500
18.254120|1b0|Rx|d|4|FF00FFC4
18.254120|657|Rx|d|2|C0CC
18.254120|211|Rx|d|8|8200FFFFA90000D1
18.269112|214|Rx|d|2|0
18.269112|218|Rx|d|1|98
18.269112|4fa|Rx|d|2|800
18.269112|671|Rx|d|2|200
18.269112|4ac|Rx|d|5|83762A0080
18.269112|45c|Rx|d|6|00000000FFE0
18.278650|1b0|Rx|d|4|FF00FFC4
18.284022|211|Rx|d|8|8200FFFFA90000D1
18.284022|214|Rx|d|2|0
18.284022|4f8|Rx|d|8|94C0000000000000
18.313956|1b0|Rx|d|4|FF00FFC4
18.313956|211|Rx|d|8|8200FFFFA90000D1
18.313956|214|Rx|d|2|0
18.313956|3b7|Rx|d|6|37007FC000C0
18.323762|350|Rx|d|8|C02F3AFA1870A489
18.323762|1b0|Rx|d|4|FF00FFC4
18.323762|4de|Rx|d|3|C00000
18.323762|55d|Rx|d|8|00FD50C091800000
18.334007|211|Rx|d|8|8200FFFFA90000D1
18.334007|214|Rx|d|2|0
18.334007|1b0|Rx|d|4|FF00FFC4
18.334007|5de|Rx|d|8|2
18.334007|211|Rx|d|8|8200FFFFA90000D1
18.350327|214|Rx|d|2|0
18.350327|5df|Rx|d|3|9500
18.364065|1b0|Rx|d|4|FF00FFC4
18.364065|657|Rx|d|2|C0CC
18.364065|211|Rx|d|8|8200FFFFA90000D1
18.364065|214|Rx|d|2|0
18.364065|218|Rx|d|1|98
18.364065|4fa|Rx|d|2|800
18.364065|671|Rx|d|2|200
18.364065|4ac|Rx|d|5|83762A0080
18.364065|45c|Rx|d|6|00000000FFE0
18.383711|1b0|Rx|d|4|FF00FFC4
18.383711|211|Rx|d|8|8200FFFFA90000D1
18.383711|214|Rx|d|2|0
18.383711|4f8|Rx|d|8|94C0000000000000
18.414225|1b0|Rx|d|4|FF00FFC4
18.414225|211|Rx|d|8|8200FFFFA90000D1
18.414225|214|Rx|d|2|0
18.414225|3b7|Rx|d|6|37007FC000C0
18.414225|350|Rx|d|8|C02F3AFA1870A489
18.414225|1b0|Rx|d|4|FF00FFC4
18.414225|4de|Rx|d|3|C00000
18.414225|55d|Rx|d|8|00FD50C091800000
18.443649|211|Rx|d|8|8200FFFFA90000D1
18.443649|214|Rx|d|2|0
18.443649|1b0|Rx|d|4|FF00FFC4
18.443649|5de|Rx|d|8|2
18.443649|211|Rx|d|8|8200FFFFA90000D1
18.443649|214|Rx|d|2|0
18.443649|5df|Rx|d|3|9500
18.473471|1b0|Rx|d|4|FF00FFC4
18.473471|657|Rx|d|2|C0CC
18.473471|211|Rx|d|8|8200FFFFA90000D1
18.473471|214|Rx|d|2|0
18.473471|218|Rx|d|1|98
18.473471|4fa|Rx|d|2|800
18.473471|671|Rx|d|2|200
18.473471|4ac|Rx|d|5|83762A0080
18.473471|45c|Rx|d|6|00000000FFE0
18.473471|1b0|Rx|d|4|FF00FFC4
18.493682|211|Rx|d|8|8200FFFFA90000D1
18.493682|214|Rx|d|2|0
18.493682|4f8|Rx|d|8|94C0000000000000
18.493682|1b0|Rx|d|4|FF00FFC4
18.524344|211|Rx|d|8|8200FFFFA90000D1
18.524344|214|Rx|d|2|0
18.524344|3b7|Rx|d|6|37007FC000C0
18.524344|350|Rx|d|8|C02F3AFA1870A489
18.524344|1b0|Rx|d|4|FF00FFC4
18.524344|4de|Rx|d|3|C00000
18.524344|55d|Rx|d|8|00FD50C091800000
18.524344|211|Rx|d|8|8200FFFFA90000D1
18.524344|214|Rx|d|2|0
18.554498|1b0|Rx|d|4|FF00FFC4
18.554498|5de|Rx|d|8|2
18.554498|211|Rx|d|8|8200FFFFA90000D1
18.554498|214|Rx|d|2|0
18.554498|5df|Rx|d|3|9500
18.554498|1b0|Rx|d|4|FF00FFC4
18.554498|657|Rx|d|2|C0CC
18.574072|211|Rx|d|8|8200FFFFA90000D1
18.574072|214|Rx|d|2|0
18.574072|218|Rx|d|1|98
18.574072|4fa|Rx|d|2|800
18.574072|671|Rx|d|2|200
18.574072|4ac|Rx|d|5|83762A0080
18.574072|45c|Rx|d|6|00000000FFE0
18.574072|1b0|Rx|d|4|FF00FFC4
18.598423|211|Rx|d|8|8200FFFFA90000D1
18.598423|214|Rx|d|2|0
18.598423|4f8|Rx|d|8|94C0000000000000
18.598423|1b0|Rx|d|4|FF00FFC4
18.598423|211|Rx|d|8|8200FFFFA90000D1
18.598423|214|Rx|d|2|0
18.618958|3b7|Rx|d|6|37007FC000C0
18.618958|646|Rx|d|8|000000020000000C
18.618958|350|Rx|d|8|C02F3AFA1870A489
18.618958|1b0|Rx|d|4|FF00FFC4
18.618958|4de|Rx|d|3|C00000
18.618958|55d|Rx|d|8|00FD50C091800000
18.624223|211|Rx|d|8|8200FFFFA90000D1
18.624223|214|Rx|d|2|0
18.644563|1b0|Rx|d|4|FF00FFC4
18.644563|5de|Rx|d|8|2
18.644563|211|Rx|d|8|8200FFFFA90000D1
18.644563|214|Rx|d|2|0
18.644563|5df|Rx|d|3|9500
18.668651|1b0|Rx|d|4|FF00FFC4
18.668651|657|Rx|d|2|C0CC
18.668651|211|Rx|d|8|8200FFFFA90000D1
18.668651|214|Rx|d|2|0
18.668651|218|Rx|d|1|98
18.668651|4fa|Rx|d|2|800
18.668651|671|Rx|d|2|200
18.668651|4ac|Rx|d|5|83762A0080
18.668651|45c|Rx|d|6|00000000FFE0
18.678801|1b0|Rx|d|4|FF00FFC4
18.678801|211|Rx|d|8|8200FFFFA90000D1
18.678801|214|Rx|d|2|0
18.699093|4f8|Rx|d|8|94C0000000000000
18.699093|1b0|Rx|d|4|FF00FFC4
18.699093|211|Rx|d|8|8200FFFFA90000D1
18.699093|214|Rx|d|2|0
18.719838|3b7|Rx|d|6|37007FC000C0
18.719838|350|Rx|d|8|C02F3AFA1870A489
18.719838|1b0|Rx|d|4|FF00FFC4
18.719838|4de|Rx|d|3|C00000
18.719838|55d|Rx|d|8|00FD50C091800000
18.719838|211|Rx|d|8|8200FFFFA90000D1
18.719838|214|Rx|d|2|0
18.744119|1b0|Rx|d|4|FF00FFC4
18.744119|5de|Rx|d|8|2
18.744119|211|Rx|d|8|8200FFFFA90000D1
18.744119|214|Rx|d|2|0
18.744119|5df|Rx|d|3|9500
18.774370|1b0|Rx|d|4|FF00FFC4
18.774401|657|Rx|d|2|C0CC
18.774401|69f|Rx|d|4|0650859F
18.774401|211|Rx|d|8|8200FFFFA90000D1
18.774401|214|Rx|d|2|0
18.774401|218|Rx|d|1|98
18.774401|4fa|Rx|d|2|800
18.774401|671|Rx|d|2|200
18.774401|4ac|Rx|d|5|83762A0080
18.774401|45c|Rx|d|6|00000000FFE0
18.774401|1b0|Rx|d|4|FF00FFC4
18.794113|211|Rx|d|8|8200FFFFA90000D1
18.794113|214|Rx|d|2|0
18.794113|4f8|Rx|d|8|94C0000000000000
18.794113|1b0|Rx|d|4|FF00FFC4
18.814439|211|Rx|d|8|8200FFFFA90000D1
18.814439|214|Rx|d|2|0
18.814439|3b7|Rx|d|6|37007FC000C0
18.814439|350|Rx|d|8|C02F3AFA1870A489
18.814439|1b0|Rx|d|4|FF00FFC4
18.814439|4de|Rx|d|3|C00000
18.814439|55d|Rx|d|8|00FD50C091800000
18.844135|211|Rx|d|8|8200FFFFA90000D1
18.844135|214|Rx|d|2|0
18.844135|1b0|Rx|d|4|FF00FFC4
18.844135|5de|Rx|d|8|2
18.844135|211|Rx|d|8|8200FFFFA90000D1
18.844135|214|Rx|d|2|0
18.844135|5df|Rx|d|3|9500
18.873760|1b0|Rx|d|4|FF00FFC4
18.873760|657|Rx|d|2|C0CC
18.873760|211|Rx|d|8|8200FFFFA90000D1
18.873760|214|Rx|d|2|0
18.873760|218|Rx|d|1|98
18.873760|4fa|Rx|d|2|800
18.873760|671|Rx|d|2|200
18.873760|4ac|Rx|d|5|83762A0080
18.873760|45c|Rx|d|6|00000000FFE0
18.873760|1b0|Rx|d|4|FF00FFC4
18.904120|211|Rx|d|8|8200FFFFA90000D1
18.904120|214|Rx|d|2|0
18.904120|4f8|Rx|d|8|94C0000000000000
18.904120|1b0|Rx|d|4|FF00FFC4
18.904120|211|Rx|d|8|8200FFFFA90000D1
18.904120|214|Rx|d|2|0
18.904120|3b7|Rx|d|6|37007FC000C0
18.923963|350|Rx|d|8|C02F3AFA1870A489
18.923963|1b0|Rx|d|4|FF00FFC4
18.923963|4de|Rx|d|3|C00000
18.923963|55d|Rx|d|8|00FD50C091800000
18.923963|211|Rx|d|8|8200FFFFA90000D1
18.923963|214|Rx|d|2|0
18.938906|1b0|Rx|d|4|FF00FFC4
18.938906|5de|Rx|d|8|2
18.944233|211|Rx|d|8|8200FFFFA90000D1
18.944233|214|Rx|d|2|0
18.949187|5df|Rx|d|3|9500
18.963725|1b0|Rx|d|4|FF00FFC4
18.963725|657|Rx|d|2|C0CC
18.968789|211|Rx|d|8|8200FFFFA90000D1
18.968789|214|Rx|d|2|0
18.968789|218|Rx|d|1|98
18.968789|4fa|Rx|d|2|800
18.968789|671|Rx|d|2|200
18.968789|4ac|Rx|d|5|83752A0080
18.968789|45c|Rx|d|6|00000000FFE0
18.979362|1b0|Rx|d|4|FF00FFC4
18.979362|211|Rx|d|8|8200FFFFA90000D1
18.979362|214|Rx|d|2|0
18.984004|4f8|Rx|d|8|94C0000000000000
18.998799|1b0|Rx|d|4|FF00FFC4
18.998799|211|Rx|d|8|8200FFFFA90000D1
18.998799|214|Rx|d|2|0
19.013824|3b7|Rx|d|6|37007FC000C0
19.024209|350|Rx|d|8|C02F3AFA1870A489
19.024209|1b0|Rx|d|4|FF00FFC4
19.024209|4de|Rx|d|3|C00000
19.024209|55d|Rx|d|8|00FD50C091800000
19.024209|211|Rx|d|8|8200FFFFA90000D1
19.024209|214|Rx|d|2|0
19.054093|1b0|Rx|d|4|FF00FFC4
19.054093|5de|Rx|d|8|2
19.054093|211|Rx|d|8|8200FFFFA90000D1
19.054093|214|Rx|d|2|0
19.054093|5df|Rx|d|3|9500
19.054093|1b0|Rx|d|4|FF00FFC4
19.054093|657|Rx|d|2|C0CC
19.074101|211|Rx|d|8|8200FFFFA90000D1
19.074101|214|Rx|d|2|0
19.074101|218|Rx|d|1|98
19.074101|4fa|Rx|d|2|800
19.074101|671|Rx|d|2|200
19.074101|4ac|Rx|d|5|83752A0080
19.074101|45c|Rx|d|6|00000000FFE0
19.074101|1b0|Rx|d|4|FF00FFC4
19.093893|211|Rx|d|8|8200FFFFA90000D1
19.093893|214|Rx|d|2|0
19.093893|4f8|Rx|d|8|94C0000000000000
19.103931|1b0|Rx|d|4|FF00FFC4
19.106221|211|Rx|d|8|8200FFFFA90000D1
19.106221|214|Rx|d|2|0
19.106221|3b7|Rx|d|6|37007FC000C0
19.123142|646|Rx|d|8|000000020000000C
19.123142|350|Rx|d|8|C02F3AFA1870A489
19.123142|1b0|Rx|d|4|FF00FFC4
19.123142|4de|Rx|d|3|C00000
19.123142|55d|Rx|d|8|00FD50C091800000
19.123142|211|Rx|d|8|8200FFFFA90000D1
19.123142|214|Rx|d|2|0
19.135821|1b0|Rx|d|4|FF00FFC4
19.135821|5de|Rx|d|8|2
19.135821|211|Rx|d|8|8200FFFFA90000D1
19.135821|214|Rx|d|2|0
19.145816|5df|Rx|d|3|9500
19.155809|1b0|Rx|d|4|FF00FFC4
19.155809|657|Rx|d|2|C0CC
19.157812|211|Rx|d|8|8200FFFFA90000D1
19.157812|214|Rx|d|2|0
19.157812|218|Rx|d|1|98
19.157812|4fa|Rx|d|2|800
19.157812|671|Rx|d|2|200
19.165803|4ac|Rx|d|5|83762A0080
19.165803|45c|Rx|d|6|00000000FFE0
19.175797|1b0|Rx|d|4|FF00FFC4
19.175797|211|Rx|d|8|8200FFFFA90000D1
19.175797|214|Rx|d|2|0
19.181793|4f8|Rx|d|8|94C0000000000000
19.195785|1b0|Rx|d|4|FF00FFC4
19.195785|211|Rx|d|8|8200FFFFA90000D1
19.195785|214|Rx|d|2|0
19.201781|3b7|Rx|d|6|37007FC000C0
19.215772|350|Rx|d|8|C02F3AFA1870A489
19.215772|1b0|Rx|d|4|FF00FFC4
19.215772|4de|Rx|d|3|C00000
19.215772|55d|Rx|d|8|00FD50C091800000
19.217771|211|Rx|d|8|8200FFFFA90000D1
19.217771|214|Rx|d|2|0
19.235760|1b0|Rx|d|4|FF00FFC4
19.235760|5de|Rx|d|8|2
19.237758|211|Rx|d|8|8200FFFFA90000D1
19.237758|214|Rx|d|2|0
19.245756|5df|Rx|d|3|9500
19.263858|1b0|Rx|d|4|FF00FFC4
19.263858|657|Rx|d|2|C0CC
19.273939|211|Rx|d|8|8200FFFFA90000D1
19.273939|214|Rx|d|2|0
19.273939|218|Rx|d|1|98
19.273939|4fa|Rx|d|2|800
19.273939|671|Rx|d|2|200
19.273939|4ac|Rx|d|5|83762A0080
19.273939|45c|Rx|d|6|00000000FFE0
19.278875|1b0|Rx|d|4|FF00FFC4
19.278875|211|Rx|d|8|8200FFFFA90000D1
19.278875|214|Rx|d|2|0
19.304104|4f8|Rx|d|8|94C0000000000000
19.304104|1b0|Rx|d|4|FF00FFC4
19.304104|211|Rx|d|8|8200FFFFA90000D1
19.304104|214|Rx|d|2|0
19.304104|3b7|Rx|d|6|37007FC000C0
19.323917|350|Rx|d|8|C02F3AFA1870A489
19.323917|1b0|Rx|d|4|FF00FFC4
19.323917|4de|Rx|d|3|C00000
19.323917|55d|Rx|d|8|00FD50C091800000
19.323917|211|Rx|d|8|8200FFFFA90000D1
19.323917|214|Rx|d|2|0
19.338734|1b0|Rx|d|4|FF00FFC4
19.338734|5de|Rx|d|8|2
19.338734|211|Rx|d|8|8200FFFFA90000D1
19.338734|214|Rx|d|2|0
19.364001|5df|Rx|d|3|9500
19.364001|1b0|Rx|d|4|FF00FFC4
19.364001|657|Rx|d|2|C0CC
19.364001|211|Rx|d|8|8200FFFFA90000D1
19.364001|214|Rx|d|2|0
19.364001|218|Rx|d|1|98
19.364001|4fa|Rx|d|2|800
19.364001|671|Rx|d|2|200
19.364001|4ac|Rx|d|5|83752A0080
19.364001|45c|Rx|d|6|00000000FFE0
19.385276|1b0|Rx|d|4|FF00FFC4
19.385276|211|Rx|d|8|8200FFFFA90000D1
19.385276|214|Rx|d|2|0
19.385276|4f8|Rx|d|8|94C0000000000000
19.396069|1b0|Rx|d|4|FF00FFC4
19.396069|211|Rx|d|8|8200FFFFA90000D1
19.396069|214|Rx|d|2|0
19.402069|3b7|Rx|d|6|37007FC000C0
19.416056|350|Rx|d|8|C02F3AFA1870A489
19.416056|1b0|Rx|d|4|FF00FFC4
19.416056|4de|Rx|d|3|C00000
19.416056|55d|Rx|d|8|00FD50C091800000
19.418055|211|Rx|d|8|8200FFFFA90000D1
19.418055|214|Rx|d|2|0
19.436045|1b0|Rx|d|4|FF00FFC4
19.436045|5de|Rx|d|8|2
19.436045|211|Rx|d|8|8200FFFFA90000D1
19.436045|214|Rx|d|2|0
19.446038|5df|Rx|d|3|9500
19.456031|1b0|Rx|d|4|FF00FFC4
19.456031|657|Rx|d|2|C0CC
19.456031|211|Rx|d|8|8200FFFFA90000D1
19.456031|214|Rx|d|2|0
19.456031|218|Rx|d|1|98
19.456031|4fa|Rx|d|2|800
19.456031|671|Rx|d|2|200
19.466026|4ac|Rx|d|5|83762A0080
19.466026|45c|Rx|d|6|00000000FFE0
19.476019|1b0|Rx|d|4|FF00FFC4
19.478019|211|Rx|d|8|8200FFFFA90000D1
19.478019|214|Rx|d|2|0
19.482017|4f8|Rx|d|8|94C0000000000000
19.496007|1b0|Rx|d|4|FF00FFC4
19.498009|211|Rx|d|8|8200FFFFA90000D1
19.498009|214|Rx|d|2|0
19.502004|3b7|Rx|d|6|37007FC000C0
19.524413|350|Rx|d|8|C02F3AFA1870A489
19.524413|1b0|Rx|d|4|FF00FFC4
19.524413|4de|Rx|d|3|C00000
19.524413|55d|Rx|d|8|00FD50C091800000
19.524413|211|Rx|d|8|8200FFFFA90000D1
19.524413|214|Rx|d|2|0
19.544396|1b0|Rx|d|4|FF00FFC4
19.544396|5de|Rx|d|8|2
19.554072|211|Rx|d|8|8200FFFFA90000D1
19.554072|214|Rx|d|2|0
19.554072|5df|Rx|d|3|9500
19.554072|1b0|Rx|d|4|FF00FFC4
19.554072|657|Rx|d|2|C0CC
19.574408|211|Rx|d|8|8200FFFFA90000D1
19.574408|214|Rx|d|2|0
19.574408|218|Rx|d|1|98
19.574408|4fa|Rx|d|2|800
19.574408|671|Rx|d|2|200
19.574408|4ac|Rx|d|5|83762A0080
19.574408|45c|Rx|d|6|00000000FFE0
19.574408|1b0|Rx|d|4|FF00FFC4
19.588853|211|Rx|d|8|8200FFFFA90000D1
19.588853|214|Rx|d|2|0
19.588853|4f8|Rx|d|8|94C0000000000000
19.598771|1b0|Rx|d|4|FF00FFC4
19.603852|211|Rx|d|8|8200FFFFA90000D1
19.603852|214|Rx|d|2|0
19.603852|3b7|Rx|d|6|37007FC000C0
19.619266|646|Rx|d|8|000000020000000C
19.619266|350|Rx|d|8|C02F3AFA1870A489
19.619266|1b0|Rx|d|4|FF00FFC4
19.619266|4de|Rx|d|3|C00000
19.619266|55d|Rx|d|8|00FD50C091800000
19.619266|211|Rx|d|8|8200FFFFA90000D1
19.619266|214|Rx|d|2|0
19.643453|1b0|Rx|d|4|FF00FFC4
19.643453|5de|Rx|d|8|2
19.643453|211|Rx|d|8|8200FFFFA90000D1
19.643453|214|Rx|d|2|0
19.643453|5df|Rx|d|3|9500
19.673996|1b0|Rx|d|4|FF00FFC4
19.673996|657|Rx|d|2|C0CC
19.673996|211|Rx|d|8|8200FFFFA90000D1
19.673996|214|Rx|d|2|0
19.673996|218|Rx|d|1|98
19.673996|4fa|Rx|d|2|800
19.673996|671|Rx|d|2|200
19.673996|4ac|Rx|d|5|83762A0080
19.673996|45c|Rx|d|6|00000000FFE0
19.673996|1b0|Rx|d|4|FF00FFC4
19.673996|211|Rx|d|8|8200FFFFA90000D1
19.673996|214|Rx|d|2|0
19.703975|4f8|Rx|d|8|94C0000000000000
19.703975|1b0|Rx|d|4|FF00FFC4
19.703975|211|Rx|d|8|8200FFFFA90000D1
19.703975|214|Rx|d|2|0
19.703975|3b7|Rx|d|6|37007FC000C0
19.723843|350|Rx|d|8|C02F3AFA1870A489
19.723843|1b0|Rx|d|4|FF00FFC4
19.723843|4de|Rx|d|3|C00000
19.723843|55d|Rx|d|8|00FD50C091800000
19.723843|211|Rx|d|8|8200FFFFA90000D1
19.723843|214|Rx|d|2|0
19.736205|1b0|Rx|d|4|FF00FFC4
19.736205|5de|Rx|d|8|2
19.736205|211|Rx|d|8|8200FFFFA90000D1
19.736205|214|Rx|d|2|0
19.749209|5df|Rx|d|3|9500
19.773864|1b0|Rx|d|4|FF00FFC4
19.773864|657|Rx|d|2|C0CC
19.773864|69f|Rx|d|4|0650859F
19.773864|211|Rx|d|8|8200FFFFA90000D1
19.773864|214|Rx|d|2|0
19.784371|218|Rx|d|1|98
19.784371|4fa|Rx|d|2|800
19.784371|671|Rx|d|2|200
19.784371|4ac|Rx|d|5|83762A0080
19.784371|45c|Rx|d|6|00000000FFE0
19.784371|1b0|Rx|d|4|FF00FFC4
19.784371|211|Rx|d|8|8200FFFFA90000D1
19.784371|214|Rx|d|2|0
19.784371|4f8|Rx|d|8|94C0000000000000
19.813507|1b0|Rx|d|4|FF00FFC4
19.813507|211|Rx|d|8|8200FFFFA90000D1
19.813507|214|Rx|d|2|0
19.813507|3b7|Rx|d|6|37007FC000C0
19.813507|350|Rx|d|8|C02F3AFA1870A489
19.813507|1b0|Rx|d|4|FF00FFC4
19.813507|4de|Rx|d|3|C00000
19.813507|55d|Rx|d|8|00FD50C091800000
19.813507|211|Rx|d|8|8200FFFFA90000D1
19.843844|214|Rx|d|2|0
19.843844|1b0|Rx|d|4|FF00FFC4
19.843844|5de|Rx|d|8|2
19.843844|211|Rx|d|8|8200FFFFA90000D1
19.843844|214|Rx|d|2|0
19.843844|5df|Rx|d|3|9500
19.869020|1b0|Rx|d|4|FF00FFC4
19.869020|657|Rx|d|2|C0CC
19.869020|211|Rx|d|8|8200FFFFA90000D1
19.869020|214|Rx|d|2|0
19.869020|218|Rx|d|1|98
19.869020|4fa|Rx|d|2|800
19.869020|671|Rx|d|2|200
19.869020|4ac|Rx|d|5|83762A0080
19.869020|45c|Rx|d|6|00000000FFE0
19.884129|1b0|Rx|d|4|FF00FFC4
19.884129|211|Rx|d|8|8200FFFFA90000D1
19.884129|214|Rx|d|2|0
19.884129|4f8|Rx|d|8|94C0000000000000
19.903810|1b0|Rx|d|4|FF00FFC4
19.903810|211|Rx|d|8|8200FFFFA90000D1
19.903810|214|Rx|d|2|0
19.903810|3b7|Rx|d|6|37007FC000C0
19.918687|350|Rx|d|8|C02F3AFA1870A489
19.918687|1b0|Rx|d|4|FF00FFC4
19.918687|4de|Rx|d|3|C00000
19.918687|55d|Rx|d|8|00FD50C091800000
19.918687|211|Rx|d|8|8200FFFFA90000D1
19.923740|214|Rx|d|2|0
19.938835|1b0|Rx|d|4|FF00FFC4
19.938835|5de|Rx|d|8|2
19.938835|211|Rx|d|8|8200FFFFA90000D1
19.943946|214|Rx|d|2|0
19.943946|5df|Rx|d|3|9500
19.958710|1b0|Rx|d|4|FF00FFC4
19.958710|657|Rx|d|2|C0CC
19.958710|211|Rx|d|8|8200FFFFA90000D1
19.958710|214|Rx|d|2|0
19.958710|218|Rx|d|1|98
19.958710|4fa|Rx|d|2|800
19.958710|671|Rx|d|2|200
19.973914|4ac|Rx|d|5|83752A0080
19.973914|45c|Rx|d|6|00000000FFE0
19.973914|1b0|Rx|d|4|FF00FFC4
19.973914|211|Rx|d|8|8200FFFFA90000D1
19.984317|214|Rx|d|2|0
19.984317|4f8|Rx|d|8|94C0000000000000
19.996871|1b0|Rx|d|4|FF00FFC4
19.996871|211|Rx|d|8|8200FFFFA90000D1
19.996871|214|Rx|d|2|0
20.008901|3b7|Rx|d|6|37007FC000C0
20.016940|350|Rx|d|8|C02F3AFA1870A489
20.016940|1b0|Rx|d|4|FF00FFC4
20.016940|4de|Rx|d|3|C00000
20.016940|55d|Rx|d|8|00FD50C091800000
20.018945|211|Rx|d|8|8200FFFFA90000D1
20.018945|214|Rx|d|2|0
20.037102|1b0|Rx|d|4|FF00FFC4
20.037102|5de|Rx|d|8|2
20.038608|211|Rx|d|8|8200FFFFA90000D1
20.038608|214|Rx|d|2|0
20.047105|5df|Rx|d|3|9500
20.057145|1b0|Rx|d|4|FF00FFC4
20.057145|657|Rx|d|2|C0CC
20.063686|211|Rx|d|8|8200FFFFA90000D1
20.063686|214|Rx|d|2|0
20.063686|218|Rx|d|1|98
20.063686|4fa|Rx|d|2|800
20.063686|671|Rx|d|2|200
20.063686|4ac|Rx|d|5|83752A0080
20.063686|45c|Rx|d|6|00000000FFE0
20.075277|1b0|Rx|d|4|FF00FFC4
20.077310|211|Rx|d|8|8200FFFFA90000D1
20.077310|214|Rx|d|2|0
20.085356|4f8|Rx|d|8|94C0000000000000
20.095232|1b0|Rx|d|4|FF00FFC4
20.095232|211|Rx|d|8|8200FFFFA90000D1
20.095232|214|Rx|d|2|0
20.105257|3b7|Rx|d|6|37007FC000C0
20.115360|646|Rx|d|8|000000020000000C
20.115360|350|Rx|d|8|C02F3AFA1870A489
20.115360|1b0|Rx|d|4|FF00FFC4
20.115360|4de|Rx|d|3|C00000
20.115360|55d|Rx|d|8|00FD50C091800000
20.117377|211|Rx|d|8|8200FFFFA90000D1
20.117377|214|Rx|d|2|0
20.135265|1b0|Rx|d|4|FF00FFC4
20.135265|5de|Rx|d|8|2
20.137287|211|Rx|d|8|8200FFFFA90000D1
20.137287|214|Rx|d|2|0
20.145263|5df|Rx|d|3|9500
20.157225|1b0|Rx|d|4|FF00FFC4
20.157225|657|Rx|d|2|C0CC
20.157225|211|Rx|d|8|8200FFFFA90000D1
20.157225|214|Rx|d|2|0
20.157225|218|Rx|d|1|98
20.157225|4fa|Rx|d|2|800
20.157225|671|Rx|d|2|200
20.173237|4ac|Rx|d|5|83762A0080
20.173237|45c|Rx|d|6|00000000FFE0
20.173237|1b0|Rx|d|4|FF00FFC4
20.183943|211|Rx|d|8|8200FFFFA90000D1
20.183943|214|Rx|d|2|0
20.183943|4f8|Rx|d|8|94C0000000000000
20.198710|1b0|Rx|d|4|FF00FFC4
20.198710|211|Rx|d|8|8200FFFFA90000D1
20.198710|214|Rx|d|2|0
20.223782|3b7|Rx|d|6|37007FC000C0
20.223782|350|Rx|d|8|C02F3AFA1870A489
20.223782|1b0|Rx|d|4|FF00FFC4
20.223782|4de|Rx|d|3|C00000
20.223782|55d|Rx|d|8|00FD50C091800000
20.223782|211|Rx|d|8|8200FFFFA90000D1
20.223782|214|Rx|d|2|0
20.244483|1b0|Rx|d|4|FF00FFC4
20.244483|5de|Rx|d|8|2
20.244483|211|Rx|d|8|8200FFFFA90000D1
20.244483|214|Rx|d|2|0
20.244483|5df|Rx|d|3|9500
20.263995|1b0|Rx|d|4|FF00FFC4
20.263995|657|Rx|d|2|C0CC
20.263995|211|Rx|d|8|8200FFFFA90000D1
20.263995|214|Rx|d|2|0
20.263995|218|Rx|d|1|98
20.263995|4fa|Rx|d|2|800
20.263995|671|Rx|d|2|200
20.263995|4ac|Rx|d|5|83762A0080
20.263995|45c|Rx|d|6|00000000FFE0
20.275435|1b0|Rx|d|4|FF00FFC4
20.275435|211|Rx|d|8|8200FFFFA90000D1
20.275435|214|Rx|d|2|0
20.294158|4f8|Rx|d|8|94C0000000000000
20.294158|1b0|Rx|d|4|FF00FFC4
20.314060|211|Rx|d|8|8200FFFFA90000D1
20.314060|214|Rx|d|2|0
20.314060|3b7|Rx|d|6|37007FC000C0
20.314060|350|Rx|d|8|C02F3AFA1870A489
20.314060|1b0|Rx|d|4|FF00FFC4
20.314060|4de|Rx|d|3|C00000
20.314060|55d|Rx|d|8|00FD50C091800000
20.344171|211|Rx|d|8|8200FFFFA90000D1
20.344171|214|Rx|d|2|0
20.344171|1b0|Rx|d|4|FF00FFC4
20.344171|5de|Rx|d|8|2
20.344171|211|Rx|d|8|8200FFFFA90000D1
20.344171|214|Rx|d|2|0
20.344171|5df|Rx|d|3|9500
20.373823|1b0|Rx|d|4|FF00FFC4
20.373823|657|Rx|d|2|C0CC
20.373823|211|Rx|d|8|8200FFFFA90000D1
20.373823|214|Rx|d|2|0
20.373823|218|Rx|d|1|98
20.373823|4fa|Rx|d|2|800
20.373823|671|Rx|d|2|200
20.373823|4ac|Rx|d|5|83762A0080
20.373823|45c|Rx|d|6|00000000FFE0
20.373823|1b0|Rx|d|4|FF00FFC4
20.394030|211|Rx|d|8|8200FFFFA90000D1
20.394030|214|Rx|d|2|0
20.394030|4f8|Rx|d|8|94C0000000000000
20.394030|1b0|Rx|d|4|FF00FFC4
20.408967|211|Rx|d|8|8200FFFFA90000D1
20.408967|214|Rx|d|2|0
20.408967|3b7|Rx|d|6|37007FC000C0
20.418965|350|Rx|d|8|C02F3AFA1870A489
20.418965|1b0|Rx|d|4|FF00FFC4
20.418965|4de|Rx|d|3|C00000
20.418965|55d|Rx|d|8|00FD50C091800000
20.418965|211|Rx|d|8|8200FFFFA90000D1
20.418965|214|Rx|d|2|0
20.444012|1b0|Rx|d|4|FF00FFC4
20.444012|5de|Rx|d|8|2
20.444012|211|Rx|d|8|8200FFFFA90000D1
20.444012|214|Rx|d|2|0
20.444012|5df|Rx|d|3|9500
20.464591|1b0|Rx|d|4|FF00FFC4
20.464591|657|Rx|d|2|C0CC
20.464591|211|Rx|d|8|8200FFFFA90000D1
20.464591|214|Rx|d|2|0
20.464591|218|Rx|d|1|98
20.464591|4fa|Rx|d|2|800
20.464591|671|Rx|d|2|200
20.464591|4ac|Rx|d|5|83762A0080
20.464591|45c|Rx|d|6|00000000FFE0
20.483760|1b0|Rx|d|4|FF00FFC4
20.483760|211|Rx|d|8|8200FFFFA90000D1
20.483760|214|Rx|d|2|0
20.483760|4f8|Rx|d|8|94C0000000000000
20.513163|1b0|Rx|d|4|FF00FFC4
20.513163|211|Rx|d|8|8200FFFFA90000D1
20.513163|214|Rx|d|2|0
20.513163|3b7|Rx|d|6|37007FC000C0
20.513163|350|Rx|d|8|C02F3AFA1870A489
20.513163|1b0|Rx|d|4|FF00FFC4
20.513163|4de|Rx|d|3|C00000
20.513163|55d|Rx|d|8|00FD50C091800000
20.529162|211|Rx|d|8|8200FFFFA90000D1
20.529162|214|Rx|d|2|0
20.545159|1b0|Rx|d|4|FF00FFC4
20.545159|5de|Rx|d|8|2
20.545159|211|Rx|d|8|8200FFFFA90000D1
20.545159|214|Rx|d|2|0
20.553314|5df|Rx|d|3|9500
20.563848|1b0|Rx|d|4|FF00FFC4
20.563848|657|Rx|d|2|C0CC
20.563848|211|Rx|d|8|8200FFFFA90000D1
20.563848|214|Rx|d|2|0
20.563848|218|Rx|d|1|98
20.563848|4fa|Rx|d|2|800
20.563848|671|Rx|d|2|200
20.563848|4ac|Rx|d|5|83762A0080
20.563848|45c|Rx|d|6|00000000FFE0
20.583787|1b0|Rx|d|4|FF00FFC4
20.583787|211|Rx|d|8|8200FFFFA90000D1
20.583787|214|Rx|d|2|0
20.583787|4f8|Rx|d|8|94C0000000000000
20.614007|1b0|Rx|d|4|FF00FFC4
20.614007|211|Rx|d|8|8200FFFFA90000D1
20.614007|214|Rx|d|2|0
20.614007|3b7|Rx|d|6|37007FC000C0
20.614007|646|Rx|d|8|000000020000000C
20.614007|350|Rx|d|8|C02F3AFA1870A489
20.614007|1b0|Rx|d|4|FF00FFC4
20.614007|4de|Rx|d|3|C00000
20.614007|55d|Rx|d|8|00FD50C091800000
20.614007|211|Rx|d|8|8200FFFFA90000D1
20.624121|214|Rx|d|2|0
20.644405|1b0|Rx|d|4|FF00FFC4
20.644405|5de|Rx|d|8|2
20.644405|211|Rx|d|8|8200FFFFA90000D1
20.644405|214|Rx|d|2|0
20.644405|5df|Rx|d|3|9500
20.655616|1b0|Rx|d|4|FF00FFC4
20.655616|657|Rx|d|2|C0CC
20.655616|211|Rx|d|8|8200FFFFA90000D1
20.655616|214|Rx|d|2|0
20.655616|218|Rx|d|1|98
20.655616|4fa|Rx|d|2|800
20.655616|671|Rx|d|2|200
20.665611|4ac|Rx|d|5|83762A0080
20.665611|45c|Rx|d|6|00000000FFE0
20.675602|1b0|Rx|d|4|FF00FFC4
20.675602|211|Rx|d|8|8200FFFFA90000D1
20.675602|214|Rx|d|2|0
20.681599|4f8|Rx|d|8|94C0000000000000
20.695591|1b0|Rx|d|4|FF00FFC4
20.695591|211|Rx|d|8|8200FFFFA90000D1
20.695591|214|Rx|d|2|0
20.701586|3b7|Rx|d|6|37007FC000C0
20.715578|350|Rx|d|8|C02F3AFA1870A489
20.715578|1b0|Rx|d|4|FF00FFC4
20.715578|4de|Rx|d|3|C00000
20.715578|55d|Rx|d|8|00FD50C091800000
20.715578|211|Rx|d|8|8200FFFFA90000D1
20.715578|214|Rx|d|2|0
20.735566|1b0|Rx|d|4|FF00FFC4
20.735566|5de|Rx|d|8|2
20.735566|211|Rx|d|8|8200FFFFA90000D1
20.735566|214|Rx|d|2|0
20.745562|5df|Rx|d|3|9500
20.755553|1b0|Rx|d|4|FF00FFC4
20.755553|657|Rx|d|2|C0CC
20.755553|69f|Rx|d|4|0650859F
20.757560|211|Rx|d|8|8200FFFFA90000D1
20.757560|214|Rx|d|2|0
20.757560|218|Rx|d|1|98
20.757560|4fa|Rx|d|2|800
20.757560|671|Rx|d|2|200
20.774305|4ac|Rx|d|5|83762A0080
20.774305|45c|Rx|d|6|00000000FFE0
20.775637|1b0|Rx|d|4|FF00FFC4
20.783846|211|Rx|d|8|8200FFFFA90000D1
20.783846|214|Rx|d|2|0
20.788582|4f8|Rx|d|8|94C0000000000000
20.804155|1b0|Rx|d|4|FF00FFC4
20.804155|211|Rx|d|8|8200FFFFA90000D1
20.804155|214|Rx|d|2|0
20.804155|3b7|Rx|d|6|37007FC000C0
20.834138|350|Rx|d|8|C02F3AFA1870A489
20.834138|1b0|Rx|d|4|FF00FFC4
20.834138|4de|Rx|d|3|C00000
20.834138|55d|Rx|d|8|00FD50C091800000
20.834138|211|Rx|d|8|8200FFFFA90000D1
20.834138|214|Rx|d|2|0
20.834138|1b0|Rx|d|4|FF00FFC4
20.834138|5de|Rx|d|8|2
20.864126|211|Rx|d|8|8200FFFFA90000D1
20.864126|214|Rx|d|2|0
20.864126|5df|Rx|d|3|9500
20.864126|1b0|Rx|d|4|FF00FFC4
20.864126|657|Rx|d|2|C0CC
20.864126|211|Rx|d|8|8200FFFFA90000D1
20.864126|214|Rx|d|2|0
20.864126|218|Rx|d|1|98
20.864126|4fa|Rx|d|2|800
20.864126|671|Rx|d|2|200
20.864126|4ac|Rx|d|5|83752A0080
20.864126|45c|Rx|d|6|00000000FFE0
20.884377|1b0|Rx|d|4|FF00FFC4
20.884377|211|Rx|d|8|8200FFFFA90000D1
20.884377|214|Rx|d|2|0
20.884377|4f8|Rx|d|8|94C0000000000000
20.895890|1b0|Rx|d|4|FF00FFC4
20.895890|211|Rx|d|8|8200FFFFA90000D1
20.895890|214|Rx|d|2|0
20.903748|3b7|Rx|d|6|37007FC000C0
20.918995|350|Rx|d|8|C02F3AFA1870A489
20.918995|1b0|Rx|d|4|FF00FFC4
20.918995|4de|Rx|d|3|C00000
20.918995|55d|Rx|d|8|00FD50C091800000
20.920306|211|Rx|d|8|8200FFFFA90000D1
20.920306|214|Rx|d|2|0
20.934298|1b0|Rx|d|4|FF00FFC4
20.934298|5de|Rx|d|8|2
20.934298|211|Rx|d|8|8200FFFFA90000D1
20.934298|214|Rx|d|2|0
20.944291|5df|Rx|d|3|9500
20.956283|1b0|Rx|d|4|FF00FFC4
20.956283|657|Rx|d|2|C0CC
20.956283|211|Rx|d|8|8200FFFFA90000D1
20.956283|214|Rx|d|2|0
20.956283|218|Rx|d|1|98
20.956283|4fa|Rx|d|2|800
20.956283|671|Rx|d|2|200
20.966277|4ac|Rx|d|5|83762A0080
20.966277|45c|Rx|d|6|00000000FFE0
20.974272|1b0|Rx|d|4|FF00FFC4
20.976783|211|Rx|d|8|8200FFFFA90000D1
20.976783|214|Rx|d|2|0
20.982780|4f8|Rx|d|8|94C0000000000000
20.994772|1b0|Rx|d|4|FF00FFC4
20.996771|211|Rx|d|8|8200FFFFA90000D1
20.996771|214|Rx|d|2|0
21.002767|3b7|Rx|d|6|37007FC000C0
21.014761|350|Rx|d|8|C02F3AFA1870A489
21.014761|1b0|Rx|d|4|FF00FFC4
21.014761|4de|Rx|d|3|C00000
21.014761|55d|Rx|d|8|00FD50C091800000
21.014761|211|Rx|d|8|8200FFFFA90000D1
21.014761|214|Rx|d|2|0
21.034748|1b0|Rx|d|4|FF00FFC4
21.034748|5de|Rx|d|8|2
21.034748|211|Rx|d|8|8200FFFFA90000D1
21.034748|214|Rx|d|2|0
21.049256|5df|Rx|d|3|9500
21.064214|1b0|Rx|d|4|FF00FFC4
21.064214|657|Rx|d|2|C0CC
21.068945|211|Rx|d|8|8200FFFFA90000D1
21.068945|214|Rx|d|2|0
21.068945|218|Rx|d|1|98
21.068945|4fa|Rx|d|2|800
21.068945|671|Rx|d|2|200
21.068945|4ac|Rx|d|5|83762A0080
21.068945|45c|Rx|d|6|00000000FFE0
21.075876|1b0|Rx|d|4|FF00FFC4
21.075876|211|Rx|d|8|8200FFFFA90000D1
21.075876|214|Rx|d|2|0
21.093902|4f8|Rx|d|8|94C0000000000000
21.093902|6fb|Rx|d|8|0F01A454FF0000FF
21.093902|1b0|Rx|d|4|FF00FFC4
21.123714|211|Rx|d|8|8200FFFFA90000D1
21.123714|214|Rx|d|2|0
21.123714|3b7|Rx|d|6|37007FC000C0
21.123714|646|Rx|d|8|000000020000000C
21.123714|350|Rx|d|8|C02F3AFA1870A489
21.123714|1b0|Rx|d|4|FF00FFC4
21.123714|4de|Rx|d|3|C00000
21.123714|55d|Rx|d|8|00FD50C091800000
21.123714|211|Rx|d|8|8200FFFFA90000D1
21.123714|214|Rx|d|2|0
21.123714|5ce|Rx|d|3|FEFF00
21.153786|1b0|Rx|d|4|FF00FFC4
21.153786|5de|Rx|d|8|2
21.153786|211|Rx|d|8|8200FFFFA90000D1
21.153786|214|Rx|d|2|0
21.153786|5df|Rx|d|3|9500
21.153786|1b0|Rx|d|4|FF00FFC4
21.153786|657|Rx|d|2|C0CC
21.168655|211|Rx|d|8|8200FFFFA90000D1
21.168655|214|Rx|d|2|0
21.168655|218|Rx|d|1|98
21.168655|4fa|Rx|d|2|800
21.168655|671|Rx|d|2|200
21.168655|4ac|Rx|d|5|83762A0080
21.168655|45c|Rx|d|6|00000000FFE0
21.176160|1b0|Rx|d|4|FF00FFC4
21.176160|211|Rx|d|8|8200FFFFA90000D1
21.176160|214|Rx|d|2|0
21.193855|4f8|Rx|d|8|94C0000000000000
21.193855|1b0|Rx|d|4|FF00FFC4
21.193855|211|Rx|d|8|8200FFFFA90000D1
21.193855|214|Rx|d|2|0
21.223646|3b7|Rx|d|6|37007FC000C0
21.223646|350|Rx|d|8|C02F3AFA1870A489
21.223646|1b0|Rx|d|4|FF00FFC4
21.223646|4de|Rx|d|3|C00000
21.223646|55d|Rx|d|8|00FD50C091800000
21.223646|211|Rx|d|8|8200FFFFA90000D1
21.223646|214|Rx|d|2|0
21.243986|1b0|Rx|d|4|FF00FFC4
21.243986|5de|Rx|d|8|2
21.253119|211|Rx|d|8|8200FFFFA90000D1
21.253119|214|Rx|d|2|0
21.253119|5df|Rx|d|3|9500
21.253119|1b0|Rx|d|4|FF00FFC4
21.253119|657|Rx|d|2|C0CC
21.276096|211|Rx|d|8|8200FFFFA90000D1
21.276096|214|Rx|d|2|0
21.276096|218|Rx|d|1|98
21.276096|4fa|Rx|d|2|800
21.276096|671|Rx|d|2|200
21.276096|4ac|Rx|d|5|83762A0080
21.276096|45c|Rx|d|6|00000000FFE0
21.276096|1b0|Rx|d|4|FF00FFC4
21.276096|211|Rx|d|8|8200FFFFA90000D1
21.276096|214|Rx|d|2|0
21.293957|4f8|Rx|d|8|94C0000000000000
21.293957|1b0|Rx|d|4|FF00FFC4
21.293957|211|Rx|d|8|8200FFFFA90000D1
21.293957|214|Rx|d|2|0
21.301796|3b7|Rx|d|6|37007FC000C0
21.323903|350|Rx|d|8|C02F3AFA1870A489
21.323903|1b0|Rx|d|4|FF00FFC4
21.323903|4de|Rx|d|3|C00000
21.323903|55d|Rx|d|8|00FD50C091800000
21.323903|211|Rx|d|8|8200FFFFA90000D1
21.323903|214|Rx|d|2|0
21.344063|1b0|Rx|d|4|FF00FFC4
21.344063|5de|Rx|d|8|2
21.344063|211|Rx|d|8|8200FFFFA90000D1
21.344063|214|Rx|d|2|0
21.344063|5df|Rx|d|3|9500
21.364371|1b0|Rx|d|4|FF00FFC4
21.364371|657|Rx|d|2|C0CC
21.364371|211|Rx|d|8|8200FFFFA90000D1
21.364371|214|Rx|d|2|0
21.364371|218|Rx|d|1|98
21.364371|4fa|Rx|d|2|800
21.364371|671|Rx|d|2|200
21.364371|4ac|Rx|d|5|83762A0080
21.364371|45c|Rx|d|6|00000000FFE0
21.383984|1b0|Rx|d|4|FF00FFC4
21.383984|211|Rx|d|8|8200FFFFA90000D1
21.383984|214|Rx|d|2|0
21.383984|4f8|Rx|d|8|94C0000000000000
21.403820|1b0|Rx|d|4|FF00FFC4
21.403820|211|Rx|d|8|8200FFFFA90000D1
21.403820|214|Rx|d|2|0
21.403820|3b7|Rx|d|6|37007FC000C0
21.426131|350|Rx|d|8|C02F3AFA1870A489
21.426131|1b0|Rx|d|4|FF00FFC4
21.426131|4de|Rx|d|3|C00000
21.426131|55d|Rx|d|8|00FD50C091800000
21.426131|211|Rx|d|8|8200FFFFA90000D1
21.426131|214|Rx|d|2|0
21.439283|1b0|Rx|d|4|FF00FFC4
21.439283|5de|Rx|d|8|2
21.439283|211|Rx|d|8|8200FFFFA90000D1
21.443850|214|Rx|d|2|0
21.443850|5df|Rx|d|3|9500
21.463734|1b0|Rx|d|4|FF00FFC4
21.463734|657|Rx|d|2|C0CC
21.463734|211|Rx|d|8|8200FFFFA90000D1
21.463734|214|Rx|d|2|0
21.463734|218|Rx|d|1|98
21.463734|4fa|Rx|d|2|800
21.463734|671|Rx|d|2|200
21.463734|4ac|Rx|d|5|83762A0080
21.463734|45c|Rx|d|6|00000000FFE0
21.476313|1b0|Rx|d|4|FF00FFC4
21.476313|211|Rx|d|8|8200FFFFA90000D1
21.476313|214|Rx|d|2|0
21.493232|4f8|Rx|d|8|94C0000000000000
21.501384|1b0|Rx|d|4|FF00FFC4
21.501384|211|Rx|d|8|8200FFFFA90000D1
21.501384|214|Rx|d|2|0
21.501384|3b7|Rx|d|6|37007FC000C0
21.519108|350|Rx|d|8|C02F3AFA1870A489
21.519108|1b0|Rx|d|4|FF00FFC4
21.519108|4de|Rx|d|3|C00000
21.519108|55d|Rx|d|8|00FD50C091800000
21.519108|211|Rx|d|8|8200FFFFA90000D1
21.519108|214|Rx|d|2|0
21.543628|1b0|Rx|d|4|FF00FFC4
21.543628|5de|Rx|d|8|2
21.543628|211|Rx|d|8|8200FFFFA90000D1
21.543628|214|Rx|d|2|0
21.543628|5df|Rx|d|3|9500
21.563477|1b0|Rx|d|4|FF00FFC4
21.563477|657|Rx|d|2|C0CC
21.563477|211|Rx|d|8|8200FFFFA90000D1
21.563477|214|Rx|d|2|0
21.563477|218|Rx|d|1|98
21.563477|4fa|Rx|d|2|800
21.563477|671|Rx|d|2|200
21.563477|4ac|Rx|d|5|83762A0080
21.563477|45c|Rx|d|6|00000000FFE0
21.584164|1b0|Rx|d|4|FF00FFC4
21.584164|211|Rx|d|8|8200FFFFA90000D1
21.584164|214|Rx|d|2|0
21.584164|4f8|Rx|d|8|94C0000000000000
21.614005|1b0|Rx|d|4|FF00FFC4
21.614005|211|Rx|d|8|8200FFFFA90000D1
21.614005|214|Rx|d|2|0
21.614005|3b7|Rx|d|6|37007FC000C0
21.614005|646|Rx|d|8|000000020000000C
21.614005|350|Rx|d|8|C02F3AFA1870A489
21.614005|1b0|Rx|d|4|FF00FFC4
21.614005|4de|Rx|d|3|C00000
21.614005|55d|Rx|d|8|00FD50C091800000
21.634059|211|Rx|d|8|8200FFFFA90000D1
21.634059|214|Rx|d|2|0
21.634059|1b0|Rx|d|4|FF00FFC4
21.634059|5de|Rx|d|8|2
21.654102|211|Rx|d|8|8200FFFFA90000D1
21.654102|214|Rx|d|2|0
21.654102|5df|Rx|d|3|9500
21.654102|1b0|Rx|d|4|FF00FFC4
21.654102|657|Rx|d|2|C0CC
21.668712|211|Rx|d|8|8200FFFFA90000D1
21.668712|214|Rx|d|2|0
21.668712|218|Rx|d|1|98
21.668712|4fa|Rx|d|2|800
21.668712|671|Rx|d|2|200
21.668712|4ac|Rx|d|5|83762A0080
21.668712|45c|Rx|d|6|00000000FFE0
21.673195|1b0|Rx|d|4|FF00FFC4
21.677189|211|Rx|d|8|8200FFFFA90000D1
21.677189|214|Rx|d|2|0
21.681186|4f8|Rx|d|8|94C0000000000000
21.703740|1b0|Rx|d|4|FF00FFC4
21.703740|211|Rx|d|8|8200FFFFA90000D1
21.703740|214|Rx|d|2|0
21.703740|3b7|Rx|d|6|37007FC000C0
21.728952|350|Rx|d|8|C02F3AFA1870A489
21.728952|1b0|Rx|d|4|FF00FFC4
21.728952|4de|Rx|d|3|C00000
21.728952|55d|Rx|d|8|00FD50C091800000
21.728952|211|Rx|d|8|8200FFFFA90000D1
21.728952|214|Rx|d|2|0
21.743735|1b0|Rx|d|4|FF00FFC4
21.743735|5de|Rx|d|8|2
21.754026|211|Rx|d|8|8200FFFFA90000D1
21.754026|214|Rx|d|2|0
21.754026|5df|Rx|d|3|9500
21.754026|1b0|Rx|d|4|FF00FFC4
21.754026|657|Rx|d|2|C0CC
21.754026|69f|Rx|d|4|0650859F
21.776112|211|Rx|d|8|8200FFFFA90000D1
21.776112|214|Rx|d|2|0
21.776112|218|Rx|d|1|98
21.776112|4fa|Rx|d|2|800
21.776112|671|Rx|d|2|200
21.776112|4ac|Rx|d|5|83762A0080
21.776112|45c|Rx|d|6|00000000FFE0
21.776112|1b0|Rx|d|4|FF00FFC4
21.776112|211|Rx|d|8|8200FFFFA90000D1
21.776112|214|Rx|d|2|0
21.797813|4f8|Rx|d|8|94C0000000000000
21.797813|1b0|Rx|d|4|FF00FFC4
21.797813|211|Rx|d|8|8200FFFFA90000D1
21.797813|214|Rx|d|2|0
21.803807|3b7|Rx|d|6|37007FC000C0
21.823284|350|Rx|d|8|C02F3AFA1870A489
21.823284|1b0|Rx|d|4|FF00FFC4
21.823284|4de|Rx|d|3|C00000
21.823284|55d|Rx|d|8|00FD50C091800000
21.823284|211|Rx|d|8|8200FFFFA90000D1
21.823284|214|Rx|d|2|0
21.854378|1b0|Rx|d|4|FF00FFC4
21.854378|5de|Rx|d|8|2
21.854378|211|Rx|d|8|8200FFFFA90000D1
21.854378|214|Rx|d|2|0
21.854378|5df|Rx|d|3|9500
21.854378|1b0|Rx|d|4|FF00FFC4
21.854378|657|Rx|d|2|C0CC
21.876156|211|Rx|d|8|8200FFFFA90000D1
21.876156|214|Rx|d|2|0
21.876156|218|Rx|d|1|98
21.876156|4fa|Rx|d|2|800
21.876156|671|Rx|d|2|200
21.876156|4ac|Rx|d|5|83762A0080
21.876156|45c|Rx|d|6|00000000FFE0
21.876156|1b0|Rx|d|4|FF00FFC4
21.876156|211|Rx|d|8|8200FFFFA90000D1
21.876156|214|Rx|d|2|0
21.893907|4f8|Rx|d|8|94C0000000000000
21.893907|1b0|Rx|d|4|FF00FFC4
21.913900|211|Rx|d|8|8200FFFFA90000D1
21.913900|214|Rx|d|2|0
21.913900|3b7|Rx|d|6|37007FC000C0
21.913900|350|Rx|d|8|C02F3AFA1870A489
21.913900|1b0|Rx|d|4|FF00FFC4
21.913900|4de|Rx|d|3|C00000
21.913900|55d|Rx|d|8|00FD50C091800000
21.913900|211|Rx|d|8|8200FFFFA90000D1
21.913900|214|Rx|d|2|0
21.938750|1b0|Rx|d|4|FF00FFC4
21.938750|5de|Rx|d|8|2
21.938750|211|Rx|d|8|8200FFFFA90000D1
21.938750|214|Rx|d|2|0
21.954050|5df|Rx|d|3|9500
21.954050|1b0|Rx|d|4|FF00FFC4
21.954050|657|Rx|d|2|C0CC
21.954050|211|Rx|d|8|8200FFFFA90000D1
21.954050|214|Rx|d|2|0
21.968856|218|Rx|d|1|98
21.968856|4fa|Rx|d|2|800
21.968856|671|Rx|d|2|200
21.968856|4ac|Rx|d|5|83752A0080
21.968856|45c|Rx|d|6|00000000FFE0
21.976415|1b0|Rx|d|4|FF00FFC4
21.976415|211|Rx|d|8|8200FFFFA90000D1
21.976415|214|Rx|d|2|0
21.988965|4f8|Rx|d|8|94C0000000000000
21.999026|1b0|Rx|d|4|FF00FFC4
21.999026|211|Rx|d|8|8200FFFFA90000D1
21.999026|214|Rx|d|2|0
22.008919|3b7|Rx|d|6|37007FC000C0
22.018621|350|Rx|d|8|C02F3AFA1870A489
22.018621|1b0|Rx|d|4|FF00FFC4
22.018621|4de|Rx|d|3|C00000
22.018621|55d|Rx|d|8|00FD50C091800000
22.018621|211|Rx|d|8|8200FFFFA90000D1
22.018621|214|Rx|d|2|0
22.038754|1b0|Rx|d|4|FF00FFC4
22.038754|5de|Rx|d|8|2
22.038754|211|Rx|d|8|8200FFFFA90000D1
22.038754|214|Rx|d|2|0
22.053088|5df|Rx|d|3|9500
22.053088|1b0|Rx|d|4|FF00FFC4
22.053088|657|Rx|d|2|C0CC
22.074335|211|Rx|d|8|8200FFFFA90000D1
22.074335|214|Rx|d|2|0
22.074335|218|Rx|d|1|98
22.074335|4fa|Rx|d|2|800
22.074335|671|Rx|d|2|200
22.074335|4ac|Rx|d|5|83762A0080
22.074335|45c|Rx|d|6|00000000FFE0
22.074335|1b0|Rx|d|4|FF00FFC4
22.074335|211|Rx|d|8|8200FFFFA90000D1
22.074335|214|Rx|d|2|0
22.093769|4f8|Rx|d|8|94C0000000000000
22.093769|1b0|Rx|d|4|FF00FFC4
22.093769|211|Rx|d|8|8200FFFFA90000D1
22.093769|214|Rx|d|2|0
22.124266|3b7|Rx|d|6|37007FC000C0
22.124266|646|Rx|d|8|000000020000000C
22.124266|350|Rx|d|8|C02F3AFA1870A489
22.124266|1b0|Rx|d|4|FF00FFC4
22.124266|4de|Rx|d|3|C00000
22.124266|55d|Rx|d|8|00FD50C091800000
22.124266|211|Rx|d|8|8200FFFFA90000D1
22.124266|214|Rx|d|2|0
22.144300|1b0|Rx|d|4|FF00FFC4
22.144300|5de|Rx|d|8|2
22.144300|211|Rx|d|8|8200FFFFA90000D1
22.144300|214|Rx|d|2|0
22.144300|5df|Rx|d|3|9500
22.173882|1b0|Rx|d|4|FF00FFC4
22.173882|657|Rx|d|2|C0CC
22.173882|211|Rx|d|8|8200FFFFA90000D1
22.173882|214|Rx|d|2|0
22.173882|218|Rx|d|1|98
22.173882|4fa|Rx|d|2|800
22.173882|671|Rx|d|2|200
22.173882|4ac|Rx|d|5|83762A0080
22.173882|45c|Rx|d|6|00000000FFE0
22.173882|1b0|Rx|d|4|FF00FFC4
22.173882|211|Rx|d|8|8200FFFFA90000D1
22.173882|214|Rx|d|2|0
22.194301|4f8|Rx|d|8|94C0000000000000
22.194301|1b0|Rx|d|4|FF00FFC4
22.194301|211|Rx|d|8|8200FFFFA90000D1
22.194301|214|Rx|d|2|0
22.214886|3b7|Rx|d|6|37007FC000C0
22.214886|350|Rx|d|8|C02F3AFA1870A489
22.214886|1b0|Rx|d|4|FF00FFC4
22.214886|4de|Rx|d|3|C00000
22.214886|55d|Rx|d|8|00FD50C091800000
22.214886|211|Rx|d|8|8200FFFFA90000D1
22.214886|214|Rx|d|2|0
22.244189|1b0|Rx|d|4|FF00FFC4
22.244189|5de|Rx|d|8|2
22.244189|211|Rx|d|8|8200FFFFA90000D1
22.244189|214|Rx|d|2|0
22.244189|5df|Rx|d|3|9500
22.264217|1b0|Rx|d|4|FF00FFC4
22.264217|657|Rx|d|2|C0CC
22.264217|211|Rx|d|8|8200FFFFA90000D1
22.264217|214|Rx|d|2|0
22.264217|218|Rx|d|1|98
22.264217|4fa|Rx|d|2|800
22.264217|671|Rx|d|2|200
22.264217|4ac|Rx|d|5|83762A0080
22.264217|45c|Rx|d|6|00000000FFE0
22.284108|1b0|Rx|d|4|FF00FFC4
22.284108|211|Rx|d|8|8200FFFFA90000D1
22.284108|214|Rx|d|2|0
22.294134|4f8|Rx|d|8|94C0000000000000
22.294134|1b0|Rx|d|4|FF00FFC4
22.294134|211|Rx|d|8|8200FFFFA90000D1
22.294134|214|Rx|d|2|0
22.313397|3b7|Rx|d|6|37007FC000C0
22.323976|350|Rx|d|8|C02F3AFA1870A489
22.323976|1b0|Rx|d|4|FF00FFC4
22.323976|4de|Rx|d|3|C00000
22.323976|55d|Rx|d|8|00FD50C091800000
22.323976|211|Rx|d|8|8200FFFFA90000D1
22.323976|214|Rx|d|2|0
22.343057|1b0|Rx|d|4|FF00FFC4
22.343057|5de|Rx|d|8|2
22.343057|211|Rx|d|8|8200FFFFA90000D1
22.343057|214|Rx|d|2|0
22.343057|5df|Rx|d|3|9500
22.353739|1b0|Rx|d|4|FF00FFC4
22.353739|657|Rx|d|2|C0CC
22.359740|211|Rx|d|8|8200FFFFA90000D1
22.359740|214|Rx|d|2|0
22.359740|218|Rx|d|1|98
22.359740|4fa|Rx|d|2|800
22.359740|671|Rx|d|2|200
22.363734|4ac|Rx|d|5|83762A0080
22.363734|45c|Rx|d|6|00000000FFE0
22.373726|1b0|Rx|d|4|FF00FFC4
22.379723|211|Rx|d|8|8200FFFFA90000D1
22.379723|214|Rx|d|2|0
22.379723|4f8|Rx|d|8|94C0000000000000
22.393714|1b0|Rx|d|4|FF00FFC4
22.399711|211|Rx|d|8|8200FFFFA90000D1
22.399711|214|Rx|d|2|0
22.401709|3b7|Rx|d|6|37007FC000C0
22.413702|350|Rx|d|8|C02F3AFA1870A489
22.413702|1b0|Rx|d|4|FF00FFC4
22.413702|4de|Rx|d|3|C00000
22.413702|55d|Rx|d|8|00FD50C091800000
22.417700|211|Rx|d|8|8200FFFFA90000D1
22.417700|214|Rx|d|2|0
22.433690|1b0|Rx|d|4|FF00FFC4
22.433690|5de|Rx|d|8|2
22.439685|211|Rx|d|8|8200FFFFA90000D1
22.439685|214|Rx|d|2|0
22.445683|5df|Rx|d|3|9500
22.453678|1b0|Rx|d|4|FF00FFC4
22.453678|657|Rx|d|2|C0CC
22.461672|211|Rx|d|8|8200FFFFA90000D1
22.461672|214|Rx|d|2|0
22.461672|218|Rx|d|1|98
22.461672|4fa|Rx|d|2|800
22.461672|671|Rx|d|2|200
22.463672|4ac|Rx|d|5|83762A0080
22.463672|45c|Rx|d|6|00000000FFE0
22.476894|1b0|Rx|d|4|FF00FFC4
22.483954|211|Rx|d|8|8200FFFFA90000D1
22.483954|214|Rx|d|2|0
22.483954|4f8|Rx|d|8|94C0000000000000
22.514041|1b0|Rx|d|4|FF00FFC4
22.514041|211|Rx|d|8|8200FFFFA90000D1
22.514041|214|Rx|d|2|0
22.514041|3b7|Rx|d|6|37007FC000C0
22.514041|350|Rx|d|8|C02F3AFA1870A489
22.514041|1b0|Rx|d|4|FF00FFC4
22.514041|4de|Rx|d|3|C00000
22.514041|55d|Rx|d|8|00FD50C091800000
22.538868|211|Rx|d|8|8200FFFFA90000D1
22.538868|214|Rx|d|2|0
22.538868|1b0|Rx|d|4|FF00FFC4
22.538868|5de|Rx|d|8|2
22.538868|211|Rx|d|8|8200FFFFA90000D1
22.538868|214|Rx|d|2|0
22.554122|5df|Rx|d|3|9500
22.554122|1b0|Rx|d|4|FF00FFC4
22.554122|657|Rx|d|2|C0CC
22.573587|211|Rx|d|8|8200FFFFA90000D1
22.573587|214|Rx|d|2|0
22.573587|218|Rx|d|1|98
22.573587|4fa|Rx|d|2|800
22.573587|671|Rx|d|2|200
22.573587|4ac|Rx|d|5|83762A0080
22.573587|45c|Rx|d|6|00000000FFE0
22.573587|1b0|Rx|d|4|FF00FFC4
22.588745|211|Rx|d|8|8200FFFFA90000D1
22.588745|214|Rx|d|2|0
22.588745|4f8|Rx|d|8|94C0000000000000
22.603934|1b0|Rx|d|4|FF00FFC4
22.603934|211|Rx|d|8|8200FFFFA90000D1
22.603934|214|Rx|d|2|0
22.603934|3b7|Rx|d|6|37007FC000C0
22.628693|646|Rx|d|8|000000020000000C
22.628693|350|Rx|d|8|C02F3AFA1870A489
22.628693|1b0|Rx|d|4|FF00FFC4
22.628693|4de|Rx|d|3|C00000
22.628693|55d|Rx|d|8|00FD50C091800000
22.628693|211|Rx|d|8|8200FFFFA90000D1
22.628693|214|Rx|d|2|0
22.639195|1b0|Rx|d|4|FF00FFC4
22.639195|5de|Rx|d|8|2
22.643785|211|Rx|d|8|8200FFFFA90000D1
22.643785|214|Rx|d|2|0
22.643785|5df|Rx|d|3|9500
22.673358|1b0|Rx|d|4|FF00FFC4
22.673358|657|Rx|d|2|C0CC
22.673358|211|Rx|d|8|8200FFFFA90000D1
22.673358|214|Rx|d|2|0
22.673358|218|Rx|d|1|98
22.673358|4fa|Rx|d|2|800
22.673358|671|Rx|d|2|200
22.673358|4ac|Rx|d|5|83762A0080
22.673358|45c|Rx|d|6|00000000FFE0
22.676701|1b0|Rx|d|4|FF00FFC4
22.676701|211|Rx|d|8|8200FFFFA90000D1
22.676701|214|Rx|d|2|0
22.693632|4f8|Rx|d|8|94C0000000000000
22.700146|1b0|Rx|d|4|FF00FFC4
22.700146|211|Rx|d|8|8200FFFFA90000D1
22.700146|214|Rx|d|2|0
22.700146|3b7|Rx|d|6|37007FC000C0
22.723669|350|Rx|d|8|C02F3AFA1870A489
22.723669|1b0|Rx|d|4|FF00FFC4
22.723669|4de|Rx|d|3|C00000
22.723669|55d|Rx|d|8|00FD50C091800000
22.723669|211|Rx|d|8|8200FFFFA90000D1
22.723669|214|Rx|d|2|0
22.743508|1b0|Rx|d|4|FF00FFC4
22.743508|5de|Rx|d|8|2
22.743508|211|Rx|d|8|8200FFFFA90000D1
22.743508|214|Rx|d|2|0
22.754358|5df|Rx|d|3|9500
22.754358|1b0|Rx|d|4|FF00FFC4
22.754358|657|Rx|d|2|C0CC
22.754358|69f|Rx|d|4|0650859F
22.754358|211|Rx|d|8|8200FFFFA90000D1
22.754358|214|Rx|d|2|0
22.764180|218|Rx|d|1|98
22.764180|4fa|Rx|d|2|800
22.764180|671|Rx|d|2|200
22.764180|4ac|Rx|d|5|83762A0080
22.764180|45c|Rx|d|6|00000000FFE0
22.784476|1b0|Rx|d|4|FF00FFC4
22.784476|211|Rx|d|8|8200FFFFA90000D1
22.784476|214|Rx|d|2|0
22.784476|4f8|Rx|d|8|94C0000000000000
22.813352|1b0|Rx|d|4|FF00FFC4
22.813352|211|Rx|d|8|8200FFFFA90000D1
22.813352|214|Rx|d|2|0
22.813352|3b7|Rx|d|6|37007FC000C0
22.818733|350|Rx|d|8|C02F3AFA1870A489
22.818733|1b0|Rx|d|4|FF00FFC4
22.818733|4de|Rx|d|3|C00000
22.818733|55d|Rx|d|8|00FD50C091800000
22.818733|211|Rx|d|8|8200FFFFA90000D1
22.818733|214|Rx|d|2|0
22.843696|1b0|Rx|d|4|FF00FFC4
22.843696|5de|Rx|d|8|2
22.843696|211|Rx|d|8|8200FFFFA90000D1
22.843696|214|Rx|d|2|0
22.843696|5df|Rx|d|3|9500
22.858601|1b0|Rx|d|4|FF00FFC4
22.858601|657|Rx|d|2|C0CC
22.858601|211|Rx|d|8|8200FFFFA90000D1
22.858601|214|Rx|d|2|0
22.858601|218|Rx|d|1|98
22.858601|4fa|Rx|d|2|800
22.858601|671|Rx|d|2|200
22.877027|4ac|Rx|d|5|83762A0080
22.877027|45c|Rx|d|6|00000000FFE0
22.877027|1b0|Rx|d|4|FF00FFC4
22.877027|211|Rx|d|8|8200FFFFA90000D1
22.877027|214|Rx|d|2|0
22.888934|4f8|Rx|d|8|94C0000000000000
22.904043|1b0|Rx|d|4|FF00FFC4
22.904043|211|Rx|d|8|8200FFFFA90000D1
22.904043|214|Rx|d|2|0
22.904043|3b7|Rx|d|6|37007FC000C0
22.924001|350|Rx|d|8|C02F3AFA1870A489
22.924001|1b0|Rx|d|4|FF00FFC4
22.924001|4de|Rx|d|3|C00000
22.924001|55d|Rx|d|8|00FD50C091800000
22.924001|211|Rx|d|8|8200FFFFA90000D1
22.924001|214|Rx|d|2|0
22.938894|1b0|Rx|d|4|FF00FFC4
22.938894|5de|Rx|d|8|2
22.938894|211|Rx|d|8|8200FFFFA90000D1
22.938894|214|Rx|d|2|0
22.948984|5df|Rx|d|3|9500
22.973840|1b0|Rx|d|4|FF00FFC4
22.973840|657|Rx|d|2|C0CC
22.973840|211|Rx|d|8|8200FFFFA90000D1
22.973840|214|Rx|d|2|0
22.973840|218|Rx|d|1|98
22.973840|4fa|Rx|d|2|800
22.973840|671|Rx|d|2|200
22.977158|4ac|Rx|d|5|83762A0080
22.977158|45c|Rx|d|6|00000000FFE0
22.977158|1b0|Rx|d|4|FF00FFC4
22.977158|211|Rx|d|8|8200FFFFA90000D1
22.977158|214|Rx|d|2|0
22.993778|4f8|Rx|d|8|94C0000000000000
23.003463|1b0|Rx|d|4|FF00FFC4
23.003463|211|Rx|d|8|8200FFFFA90000D1
23.003463|214|Rx|d|2|0
23.003463|3b7|Rx|d|6|37007FC000C0
23.023424|350|Rx|d|8|C02F3AFA1870A489
23.023424|1b0|Rx|d|4|FF00FFC4
23.023424|4de|Rx|d|3|C00000
23.023424|55d|Rx|d|8|00FD50C091800000
23.023424|211|Rx|d|8|8200FFFFA90000D1
23.023424|214|Rx|d|2|0
23.043713|1b0|Rx|d|4|FF00FFC4
23.043713|5de|Rx|d|8|2
23.043713|211|Rx|d|8|8200FFFFA90000D1
23.043713|214|Rx|d|2|0
23.053901|5df|Rx|d|3|9500
23.053901|1b0|Rx|d|4|FF00FFC4
23.053901|657|Rx|d|2|C0CC
23.053901|211|Rx|d|8|8200FFFFA90000D1
23.053901|214|Rx|d|2|0
23.053901|218|Rx|d|1|98
23.053901|4fa|Rx|d|2|800
23.053901|671|Rx|d|2|200
23.065032|4ac|Rx|d|5|83762A0080
23.065032|45c|Rx|d|6|00000000FFE0
23.077440|1b0|Rx|d|4|FF00FFC4
23.077440|211|Rx|d|8|8200FFFFA90000D1
23.077440|214|Rx|d|2|0
23.089096|4f8|Rx|d|8|94C0000000000000
23.104255|1b0|Rx|d|4|FF00FFC4
23.104255|211|Rx|d|8|8200FFFFA90000D1
23.104255|214|Rx|d|2|0
23.104255|3b7|Rx|d|6|37007FC000C0
23.133757|646|Rx|d|8|000000020000000C
23.133757|350|Rx|d|8|C02F3AFA1870A489
23.133757|1b0|Rx|d|4|FF00FFC4
23.133757|4de|Rx|d|3|C00000
23.133757|55d|Rx|d|8|00FD50C091800000
23.133757|211|Rx|d|8|8200FFFFA90000D1
23.133757|214|Rx|d|2|0
23.133757|1b0|Rx|d|4|FF00FFC4
23.133757|5de|Rx|d|8|2
23.153860|211|Rx|d|8|8200FFFFA90000D1
23.153860|214|Rx|d|2|0
23.153860|5df|Rx|d|3|9500
23.164106|1b0|Rx|d|4|FF00FFC4
23.164106|657|Rx|d|2|C0CC
23.164106|211|Rx|d|8|8200FFFFA90000D1
23.164106|214|Rx|d|2|0
23.164106|218|Rx|d|1|98
23.164106|4fa|Rx|d|2|800
23.164106|671|Rx|d|2|200
23.164106|4ac|Rx|d|5|83762A0080
23.164106|45c|Rx|d|6|00000000FFE0
23.183714|1b0|Rx|d|4|FF00FFC4
23.183714|211|Rx|d|8|8200FFFFA90000D1
23.183714|214|Rx|d|2|0
23.193913|4f8|Rx|d|8|94C0000000000000
23.193913|1b0|Rx|d|4|FF00FFC4
23.205834|211|Rx|d|8|8200FFFFA90000D1
23.205834|214|Rx|d|2|0
23.205834|3b7|Rx|d|6|37007FC000C0
23.224312|350|Rx|d|8|C02F3AFA1870A489
23.224312|1b0|Rx|d|4|FF00FFC4
23.224312|4de|Rx|d|3|C00000
23.224312|55d|Rx|d|8|00FD50C091800000
23.224312|211|Rx|d|8|8200FFFFA90000D1
23.224312|214|Rx|d|2|0
23.244341|1b0|Rx|d|4|FF00FFC4
23.244341|5de|Rx|d|8|2
23.244341|211|Rx|d|8|8200FFFFA90000D1
23.244341|214|Rx|d|2|0
23.244341|5df|Rx|d|3|9500
23.273690|1b0|Rx|d|4|FF00FFC4
23.273690|657|Rx|d|2|C0CC
23.273690|211|Rx|d|8|8200FFFFA90000D1
23.273690|214|Rx|d|2|0
23.273690|218|Rx|d|1|98
23.273690|4fa|Rx|d|2|800
23.273690|671|Rx|d|2|200
23.273690|4ac|Rx|d|5|83762A0080
23.273690|45c|Rx|d|6|00000000FFE0
23.273690|1b0|Rx|d|4|FF00FFC4
23.293414|211|Rx|d|8|8200FFFFA90000D1
23.293414|214|Rx|d|2|0
23.293414|4f8|Rx|d|8|94C0000000000000
23.293939|1b0|Rx|d|4|FF00FFC4
23.324181|211|Rx|d|8|8200FFFFA90000D1
23.324181|214|Rx|d|2|0
23.324181|3b7|Rx|d|6|37007FC000C0
23.324181|350|Rx|d|8|C02F3AFA1870A489
23.324181|1b0|Rx|d|4|FF00FFC4
23.324181|4de|Rx|d|3|C00000
23.324181|55d|Rx|d|8|00FD50C091800000
23.324181|211|Rx|d|8|8200FFFFA90000D1
23.324181|214|Rx|d|2|0
23.346230|1b0|Rx|d|4|FF00FFC4
23.346230|5de|Rx|d|8|2
23.346230|211|Rx|d|8|8200FFFFA90000D1
23.346230|214|Rx|d|2|0
23.346230|5df|Rx|d|3|9500
23.359067|1b0|Rx|d|4|FF00FFC4
23.359067|657|Rx|d|2|C0CC
23.363653|211|Rx|d|8|8200FFFFA90000D1
23.363653|214|Rx|d|2|0
23.363653|218|Rx|d|1|98
23.363653|4fa|Rx|d|2|800
23.363653|671|Rx|d|2|200
23.363653|4ac|Rx|d|5|83762A0080
23.363653|45c|Rx|d|6|00000000FFE0
23.377051|1b0|Rx|d|4|FF00FFC4
23.377051|211|Rx|d|8|8200FFFFA90000D1
23.377051|214|Rx|d|2|0
23.398919|4f8|Rx|d|8|94C0000000000000
23.398919|1b0|Rx|d|4|FF00FFC4
23.398919|211|Rx|d|8|8200FFFFA90000D1
23.398919|214|Rx|d|2|0
23.398919|3b7|Rx|d|6|37007FC000C0
23.418941|350|Rx|d|8|C02F3AFA1870A489
23.418941|1b0|Rx|d|4|FF00FFC4
23.418941|4de|Rx|d|3|C00000
23.418941|55d|Rx|d|8|00FD50C091800000
23.418941|211|Rx|d|8|8200FFFFA90000D1
23.418941|214|Rx|d|2|0
23.435648|1b0|Rx|d|4|FF00FFC4
23.435648|5de|Rx|d|8|2
23.435648|211|Rx|d|8|8200FFFFA90000D1
23.435648|214|Rx|d|2|0
23.448777|5df|Rx|d|3|9500
23.455262|1b0|Rx|d|4|FF00FFC4
23.455262|657|Rx|d|2|C0CC
23.455262|211|Rx|d|8|8200FFFFA90000D1
23.455262|214|Rx|d|2|0
23.455262|218|Rx|d|1|98
23.455262|4fa|Rx|d|2|800
23.455262|671|Rx|d|2|200
23.473893|4ac|Rx|d|5|83762A0080
23.473893|45c|Rx|d|6|00000000FFE0
23.473893|1b0|Rx|d|4|FF00FFC4
23.473893|211|Rx|d|8|8200FFFFA90000D1
23.473893|214|Rx|d|2|0
23.488872|4f8|Rx|d|8|94C0000000000000
23.503676|1b0|Rx|d|4|FF00FFC4
23.503676|211|Rx|d|8|8200FFFFA90000D1
23.503676|214|Rx|d|2|0
23.503676|3b7|Rx|d|6|37007FC000C0
23.518781|350|Rx|d|8|C02F3AFA1870A489
23.518781|1b0|Rx|d|4|FF00FFC4
23.518781|4de|Rx|d|3|C00000
23.518781|55d|Rx|d|8|00FD50C091800000
23.518781|211|Rx|d|8|8200FFFFA90000D1
23.518781|214|Rx|d|2|0
23.538745|1b0|Rx|d|4|FF00FFC4
23.538745|5de|Rx|d|8|2
23.538745|211|Rx|d|8|8200FFFFA90000D1
23.538745|214|Rx|d|2|0
23.546231|5df|Rx|d|3|9500
23.559056|1b0|Rx|d|4|FF00FFC4
23.559056|657|Rx|d|2|C0CC
23.559056|211|Rx|d|8|8200FFFFA90000D1
23.559056|214|Rx|d|2|0
23.559056|218|Rx|d|1|98
23.559056|4fa|Rx|d|2|800
23.559056|671|Rx|d|2|200
23.573805|4ac|Rx|d|5|83752A0080
23.573805|45c|Rx|d|6|00000000FFE0
23.573805|1b0|Rx|d|4|FF00FFC4
23.573805|211|Rx|d|8|8200FFFFA90000D1
23.573805|214|Rx|d|2|0
23.582245|4f8|Rx|d|8|94C0000000000000
23.598755|1b0|Rx|d|4|FF00FFC4
23.598755|211|Rx|d|8|8200FFFFA90000D1
23.598755|214|Rx|d|2|0
23.609058|3b7|Rx|d|6|37007FC000C0
23.613673|646|Rx|d|8|000000020000000C
23.618678|350|Rx|d|8|C02F3AFA1870A489
23.618678|1b0|Rx|d|4|FF00FFC4
23.618678|4de|Rx|d|3|C00000
23.618678|55d|Rx|d|8|00FD50C091800000
23.618678|211|Rx|d|8|8200FFFFA90000D1
23.618678|214|Rx|d|2|0
23.643545|1b0|Rx|d|4|FF00FFC4
23.643545|5de|Rx|d|8|2
23.643545|211|Rx|d|8|8200FFFFA90000D1
23.643545|214|Rx|d|2|0
23.653161|5df|Rx|d|3|9500
23.664712|1b0|Rx|d|4|FF00FFC4
23.664712|657|Rx|d|2|C0CC
23.664712|211|Rx|d|8|8200FFFFA90000D1
23.664712|214|Rx|d|2|0
23.664712|218|Rx|d|1|98
23.664712|4fa|Rx|d|2|800
23.664712|671|Rx|d|2|200
23.664712|4ac|Rx|d|5|83762A0080
23.664712|45c|Rx|d|6|00000000FFE0
23.684042|1b0|Rx|d|4|FF00FFC4
23.684042|211|Rx|d|8|8200FFFFA90000D1
23.684042|214|Rx|d|2|0
23.684042|4f8|Rx|d|8|94C0000000000000
23.694660|1b0|Rx|d|4|FF00FFC4
23.694660|211|Rx|d|8|8200FFFFA90000D1
23.694660|214|Rx|d|2|0
23.702654|3b7|Rx|d|6|37007FC000C0
23.714647|350|Rx|d|8|C02F3AFA1870A489
23.714647|1b0|Rx|d|4|FF00FFC4
23.714647|4de|Rx|d|3|C00000
23.714647|55d|Rx|d|8|00FD50C091800000
23.716646|211|Rx|d|8|8200FFFFA90000D1
23.716646|214|Rx|d|2|0
23.732636|1b0|Rx|d|4|FF00FFC4
23.734634|5de|Rx|d|8|2
23.734634|211|Rx|d|8|8200FFFFA90000D1
23.734634|214|Rx|d|2|0
23.744628|5df|Rx|d|3|9500
23.752625|1b0|Rx|d|4|FF00FFC4
23.752625|657|Rx|d|2|C0CC
23.752625|69f|Rx|d|4|0650859F
23.756621|211|Rx|d|8|8200FFFFA90000D1
23.756621|214|Rx|d|2|0
23.756621|218|Rx|d|1|98
23.756621|4fa|Rx|d|2|800
23.756621|671|Rx|d|2|200
23.762617|4ac|Rx|d|5|83762A0080
23.764619|45c|Rx|d|6|00000000FFE0
23.772611|1b0|Rx|d|4|FF00FFC4
23.778608|211|Rx|d|8|8200FFFFA90000D1
23.778608|214|Rx|d|2|0
23.784605|4f8|Rx|d|8|94C0000000000000
23.792602|1b0|Rx|d|4|FF00FFC4
23.798595|211|Rx|d|8|8200FFFFA90000D1
23.798595|214|Rx|d|2|0
23.804591|3b7|Rx|d|6|37007FC000C0
23.812587|350|Rx|d|8|C02F3AFA1870A489
23.812587|1b0|Rx|d|4|FF00FFC4
23.812587|4de|Rx|d|3|C00000
23.812587|55d|Rx|d|8|00FD50C091800000
23.823201|211|Rx|d|8|8200FFFFA90000D1
23.823201|214|Rx|d|2|0
23.843981|1b0|Rx|d|4|FF00FFC4
23.843981|5de|Rx|d|8|2
23.843981|211|Rx|d|8|8200FFFFA90000D1
23.843981|214|Rx|d|2|0
23.843981|5df|Rx|d|3|9500
23.873589|1b0|Rx|d|4|FF00FFC4
23.874064|657|Rx|d|2|C0CC
23.874064|211|Rx|d|8|8200FFFFA90000D1
23.874064|214|Rx|d|2|0
23.874064|218|Rx|d|1|98
23.874064|4fa|Rx|d|2|800
23.874064|671|Rx|d|2|200
23.874064|4ac|Rx|d|5|83762A0080
23.874064|45c|Rx|d|6|00000000FFE0
23.877590|1b0|Rx|d|4|FF00FFC4
23.877590|211|Rx|d|8|8200FFFFA90000D1
23.877590|214|Rx|d|2|0
23.894411|4f8|Rx|d|8|94C0000000000000
23.894411|1b0|Rx|d|4|FF00FFC4
23.894411|211|Rx|d|8|8200FFFFA90000D1
23.894411|214|Rx|d|2|0
23.913687|3b7|Rx|d|6|37007FC000C0
23.913687|350|Rx|d|8|C02F3AFA1870A489
23.913687|1b0|Rx|d|4|FF00FFC4
23.913687|4de|Rx|d|3|C00000
23.913687|55d|Rx|d|8|00FD50C091800000
23.913687|211|Rx|d|8|8200FFFFA90000D1
23.913687|214|Rx|d|2|0
23.938813|1b0|Rx|d|4|FF00FFC4
23.938813|5de|Rx|d|8|2
23.938813|211|Rx|d|8|8200FFFFA90000D1
23.938813|214|Rx|d|2|0
23.948887|5df|Rx|d|3|9500
23.958903|1b0|Rx|d|4|FF00FFC4
23.958903|657|Rx|d|2|C0CC
23.958903|211|Rx|d|8|8200FFFFA90000D1
23.958903|214|Rx|d|2|0
23.958903|218|Rx|d|1|98
23.958903|4fa|Rx|d|2|800
23.958903|671|Rx|d|2|200
23.974047|4ac|Rx|d|5|83762A0080
23.974047|45c|Rx|d|6|00000000FFE0
23.974047|1b0|Rx|d|4|FF00FFC4
23.974047|211|Rx|d|8|8200FFFFA90000D1
23.974047|214|Rx|d|2|0
23.988964|4f8|Rx|d|8|94C0000000000000
23.998890|1b0|Rx|d|4|FF00FFC4
23.998890|211|Rx|d|8|8200FFFFA90000D1
23.998890|214|Rx|d|2|0
24.003962|3b7|Rx|d|6|37007FC000C0
24.018798|350|Rx|d|8|C02F3AFA1870A489
24.018798|1b0|Rx|d|4|FF00FFC4
24.018798|4de|Rx|d|3|C00000
24.018798|55d|Rx|d|8|00FD50C091800000
24.018798|211|Rx|d|8|8200FFFFA90000D1
24.018798|214|Rx|d|2|0
24.043722|1b0|Rx|d|4|FF00FFC4
24.043722|5de|Rx|d|8|2
24.043722|211|Rx|d|8|8200FFFFA90000D1
24.043722|214|Rx|d|2|0
24.043722|5df|Rx|d|3|9500
24.074432|1b0|Rx|d|4|FF00FFC4
24.074432|657|Rx|d|2|C0CC
24.074432|211|Rx|d|8|8200FFFFA90000D1
24.074432|214|Rx|d|2|0
24.074432|218|Rx|d|1|98
24.074432|4fa|Rx|d|2|800
24.074432|671|Rx|d|2|200
24.074432|4ac|Rx|d|5|83762A0080
24.074432|45c|Rx|d|6|00000000FFE0
24.074432|1b0|Rx|d|4|FF00FFC4
24.074432|211|Rx|d|8|8200FFFFA90000D1
24.074432|214|Rx|d|2|0
24.081324|4f8|Rx|d|8|94C0000000000000
24.098852|6fb|Rx|d|8|0F01A454FF0000FF
24.098852|1b0|Rx|d|4|FF00FFC4
24.098852|211|Rx|d|8|8200FFFFA90000D1
24.098852|214|Rx|d|2|0
24.104125|3b7|Rx|d|6|37007FC000C0
24.123813|646|Rx|d|8|000000020000000C
24.123813|350|Rx|d|8|C02F3AFA1870A489
24.123813|1b0|Rx|d|4|FF00FFC4
24.123813|4de|Rx|d|3|C00000
24.123813|55d|Rx|d|8|00FD50C091800000
24.123813|211|Rx|d|8|8200FFFFA90000D1
24.123813|214|Rx|d|2|0
24.133099|5ce|Rx|d|3|FEFF00
24.133099|1b0|Rx|d|4|FF00FFC4
24.133099|5de|Rx|d|8|2
24.133099|211|Rx|d|8|8200FFFFA90000D1
24.133099|214|Rx|d|2|0
24.154055|5df|Rx|d|3|9500
24.158889|1b0|Rx|d|4|FF00FFC4
24.158889|657|Rx|d|2|C0CC
24.158889|211|Rx|d|8|8200FFFFA90000D1
24.158889|214|Rx|d|2|0
24.158889|218|Rx|d|1|98
24.158889|4fa|Rx|d|2|800
24.158889|671|Rx|d|2|200
24.178240|4ac|Rx|d|5|83762A0080
24.178240|45c|Rx|d|6|00000000FFE0
24.178240|1b0|Rx|d|4|FF00FFC4
24.178240|211|Rx|d|8|8200FFFFA90000D1
24.178240|214|Rx|d|2|0
24.193633|4f8|Rx|d|8|94C0000000000000
24.193633|1b0|Rx|d|4|FF00FFC4
24.193633|211|Rx|d|8|8200FFFFA90000D1
24.193633|214|Rx|d|2|0
24.219001|3b7|Rx|d|6|37007FC000C0
24.219001|350|Rx|d|8|C02F3AFA1870A489
24.219001|1b0|Rx|d|4|FF00FFC4
24.219001|4de|Rx|d|3|C00000
24.219001|55d|Rx|d|8|00FD50C091800000
24.219001|211|Rx|d|8|8200FFFFA90000D1
24.219001|214|Rx|d|2|0
24.243799|1b0|Rx|d|4|FF00FFC4
24.243799|5de|Rx|d|8|2
24.243799|211|Rx|d|8|8200FFFFA90000D1
24.243799|214|Rx|d|2|0
24.254052|5df|Rx|d|3|9500
24.254052|1b0|Rx|d|4|FF00FFC4
24.254052|657|Rx|d|2|C0CC
24.254052|211|Rx|d|8|8200FFFFA90000D1
24.254052|214|Rx|d|2|0
24.278093|218|Rx|d|1|98
24.278093|4fa|Rx|d|2|800
24.278093|671|Rx|d|2|200
24.278093|4ac|Rx|d|5|83762A0080
24.278093|45c|Rx|d|6|00000000FFE0
24.278093|1b0|Rx|d|4|FF00FFC4
24.278093|211|Rx|d|8|8200FFFFA90000D1
24.278093|214|Rx|d|2|0
24.303735|4f8|Rx|d|8|94C0000000000000
24.303735|1b0|Rx|d|4|FF00FFC4
24.303735|211|Rx|d|8|8200FFFFA90000D1
24.303735|214|Rx|d|2|0
24.303735|3b7|Rx|d|6|37007FC000C0
24.323721|350|Rx|d|8|C02F3AFA1870A489
24.323721|1b0|Rx|d|4|FF00FFC4
24.323721|4de|Rx|d|3|C00000
24.323721|55d|Rx|d|8|00FD50C091800000
24.323721|211|Rx|d|8|8200FFFFA90000D1
24.323721|214|Rx|d|2|0
24.343146|1b0|Rx|d|4|FF00FFC4
24.343146|5de|Rx|d|8|2
24.343146|211|Rx|d|8|8200FFFFA90000D1
24.343146|214|Rx|d|2|0
24.353294|5df|Rx|d|3|9500
24.353294|1b0|Rx|d|4|FF00FFC4
24.353684|657|Rx|d|2|C0CC
24.353684|211|Rx|d|8|8200FFFFA90000D1
24.353684|214|Rx|d|2|0
24.378055|218|Rx|d|1|98
24.378055|4fa|Rx|d|2|800
24.378055|671|Rx|d|2|200
24.378055|4ac|Rx|d|5|83762A0080
24.378055|45c|Rx|d|6|00000000FFE0
24.378055|1b0|Rx|d|4|FF00FFC4
24.378055|211|Rx|d|8|8200FFFFA90000D1
24.378055|214|Rx|d|2|0
24.393772|4f8|Rx|d|8|94C0000000000000
24.398745|1b0|Rx|d|4|FF00FFC4
24.398745|211|Rx|d|8|8200FFFFA90000D1
24.398745|214|Rx|d|2|0
24.413983|3b7|Rx|d|6|37007FC000C0
24.423638|350|Rx|d|8|C02F3AFA1870A489
24.423638|1b0|Rx|d|4|FF00FFC4
24.423638|4de|Rx|d|3|C00000
24.423638|55d|Rx|d|8|00FD50C091800000
24.423638|211|Rx|d|8|8200FFFFA90000D1
24.423638|214|Rx|d|2|0
24.444114|1b0|Rx|d|4|FF00FFC4
24.444114|5de|Rx|d|8|2
24.444114|211|Rx|d|8|8200FFFFA90000D1
24.444114|214|Rx|d|2|0
24.452697|5df|Rx|d|3|9500
24.452697|1b0|Rx|d|4|FF00FFC4
24.452697|657|Rx|d|2|C0CC
24.474078|211|Rx|d|8|8200FFFFA90000D1
24.474078|214|Rx|d|2|0
24.474078|218|Rx|d|1|98
24.474078|4fa|Rx|d|2|800
24.474078|671|Rx|d|2|200
24.474078|4ac|Rx|d|5|83762A0080
24.474078|45c|Rx|d|6|00000000FFE0
24.474078|1b0|Rx|d|4|FF00FFC4
24.474078|211|Rx|d|8|8200FFFFA90000D1
24.474078|214|Rx|d|2|0
24.493989|4f8|Rx|d|8|94C0000000000000
24.493989|1b0|Rx|d|4|FF00FFC4
24.493989|211|Rx|d|8|8200FFFFA90000D1
24.493989|214|Rx|d|2|0
24.513340|3b7|Rx|d|6|37007FC000C0
24.513340|350|Rx|d|8|C02F3AFA1870A489
24.513340|1b0|Rx|d|4|FF00FFC4
24.513340|4de|Rx|d|3|C00000
24.513340|55d|Rx|d|8|00FD50C091800000
24.513340|211|Rx|d|8|8200FFFFA90000D1
24.513340|214|Rx|d|2|0
24.544002|1b0|Rx|d|4|FF00FFC4
24.544002|5de|Rx|d|8|2
24.544002|211|Rx|d|8|8200FFFFA90000D1
24.544002|214|Rx|d|2|0
24.544002|5df|Rx|d|3|9500
24.568955|1b0|Rx|d|4|FF00FFC4
24.568955|657|Rx|d|2|C0CC
24.568955|211|Rx|d|8|8200FFFFA90000D1
24.568955|214|Rx|d|2|0
24.568955|218|Rx|d|1|98
24.568955|4fa|Rx|d|2|800
24.568955|671|Rx|d|2|200
24.568955|4ac|Rx|d|5|83752A0080
24.568955|45c|Rx|d|6|00000000FFE0
24.577544|1b0|Rx|d|4|FF00FFC4
24.577544|211|Rx|d|8|8200FFFFA90000D1
24.577544|214|Rx|d|2|0
24.583860|4f8|Rx|d|8|94C0000000000000
24.593384|1b0|Rx|d|4|FF00FFC4
24.595385|211|Rx|d|8|8200FFFFA90000D1
24.595385|214|Rx|d|2|0
24.601380|3b7|Rx|d|6|37007FC000C0
24.611374|646|Rx|d|8|000000020000000C
24.611374|350|Rx|d|8|C02F3AFA1870A489
24.611374|1b0|Rx|d|4|FF00FFC4
24.611374|4de|Rx|d|3|C00000
24.611374|55d|Rx|d|8|00FD50C091800000
24.617369|211|Rx|d|8|8200FFFFA90000D1
24.617369|214|Rx|d|2|0
24.633360|1b0|Rx|d|4|FF00FFC4
24.633360|5de|Rx|d|8|2
24.635359|211|Rx|d|8|8200FFFFA90000D1
24.635359|214|Rx|d|2|0
24.643353|5df|Rx|d|3|9500
24.653349|1b0|Rx|d|4|FF00FFC4
24.653349|657|Rx|d|2|C0CC
24.655347|211|Rx|d|8|8200FFFFA90000D1
24.655347|214|Rx|d|2|0
24.655347|218|Rx|d|1|98
24.655347|4fa|Rx|d|2|800
24.655347|671|Rx|d|2|200
24.663342|4ac|Rx|d|5|83762A0080
24.663342|45c|Rx|d|6|00000000FFE0
24.673335|1b0|Rx|d|4|FF00FFC4
24.675334|211|Rx|d|8|8200FFFFA90000D1
24.675334|214|Rx|d|2|0
24.681331|4f8|Rx|d|8|94C0000000000000
24.693323|1b0|Rx|d|4|FF00FFC4
24.693323|211|Rx|d|8|8200FFFFA90000D1
24.693323|214|Rx|d|2|0
24.705315|3b7|Rx|d|6|37007FC000C0
24.713311|350|Rx|d|8|C02F3AFA1870A489
24.713311|1b0|Rx|d|4|FF00FFC4
24.713311|4de|Rx|d|3|C00000
24.713311|55d|Rx|d|8|00FD50C091800000
24.715310|211|Rx|d|8|8200FFFFA90000D1
24.715310|214|Rx|d|2|0
24.743520|1b0|Rx|d|4|FF00FFC4
24.743520|5de|Rx|d|8|2
24.743520|211|Rx|d|8|8200FFFFA90000D1
24.743520|214|Rx|d|2|0
24.753844|5df|Rx|d|3|9500
24.753844|1b0|Rx|d|4|FF00FFC4
24.753844|657|Rx|d|2|C0CC
24.753844|69f|Rx|d|4|0650859F
24.753844|211|Rx|d|8|8200FFFFA90000D1
24.753844|214|Rx|d|2|0
24.753844|218|Rx|d|1|98
24.753844|4fa|Rx|d|2|800
24.763460|671|Rx|d|2|200
24.774038|4ac|Rx|d|5|83762A0080
24.774038|45c|Rx|d|6|00000000FFE0
24.774038|1b0|Rx|d|4|FF00FFC4
24.774038|211|Rx|d|8|8200FFFFA90000D1
24.774038|214|Rx|d|2|0
24.794126|4f8|Rx|d|8|94C0000000000000
24.794126|1b0|Rx|d|4|FF00FFC4
24.794126|211|Rx|d|8|8200FFFFA90000D1
24.794126|214|Rx|d|2|0
24.823990|3b7|Rx|d|6|37007FC000C0
24.823990|350|Rx|d|8|C02F3AFA1870A489
24.823990|1b0|Rx|d|4|FF00FFC4
24.823990|4de|Rx|d|3|C00000
24.823990|55d|Rx|d|8|00FD50C091800000
24.823990|211|Rx|d|8|8200FFFFA90000D1
24.823990|214|Rx|d|2|0
24.843453|1b0|Rx|d|4|FF00FFC4
24.843453|5de|Rx|d|8|2
24.843453|211|Rx|d|8|8200FFFFA90000D1
24.843453|214|Rx|d|2|0
24.843453|5df|Rx|d|3|9500
24.853188|1b0|Rx|d|4|FF00FFC4
24.853188|657|Rx|d|2|C0CC
24.863525|211|Rx|d|8|8200FFFFA90000D1
24.873789|214|Rx|d|2|0
24.873789|218|Rx|d|1|98
24.873789|4fa|Rx|d|2|800
24.873789|671|Rx|d|2|200
24.873789|4ac|Rx|d|5|83762A0080
24.873789|45c|Rx|d|6|00000000FFE0
24.873789|1b0|Rx|d|4|FF00FFC4
24.873789|211|Rx|d|8|8200FFFFA90000D1
24.873789|214|Rx|d|2|0
24.888726|4f8|Rx|d|8|94C0000000000000
24.903431|1b0|Rx|d|4|FF00FFC4
24.903431|211|Rx|d|8|8200FFFFA90000D1
24.903431|214|Rx|d|2|0
24.903431|3b7|Rx|d|6|37007FC000C0
24.923702|350|Rx|d|8|C02F3AFA1870A489
24.923702|1b0|Rx|d|4|FF00FFC4
24.923702|4de|Rx|d|3|C00000
24.923702|55d|Rx|d|8|00FD50C091800000
24.923702|211|Rx|d|8|8200FFFFA90000D1
24.923702|214|Rx|d|2|0
24.938699|1b0|Rx|d|4|FF00FFC4
24.938699|5de|Rx|d|8|2
24.938699|211|Rx|d|8|8200FFFFA90000D1
24.938699|214|Rx|d|2|0
24.948618|5df|Rx|d|3|9500
24.958997|1b0|Rx|d|4|FF00FFC4
24.958997|657|Rx|d|2|C0CC
24.958997|211|Rx|d|8|8200FFFFA90000D1
24.958997|214|Rx|d|2|0
24.963561|218|Rx|d|1|98
24.963561|4fa|Rx|d|2|800
24.963561|671|Rx|d|2|200
24.963561|4ac|Rx|d|5|83762A0080
24.963561|45c|Rx|d|6|00000000FFE0
24.973338|1b0|Rx|d|4|FF00FFC4
24.973338|211|Rx|d|8|8200FFFFA90000D1
24.973338|214|Rx|d|2|0
24.982336|4f8|Rx|d|8|94C0000000000000
24.992331|1b0|Rx|d|4|FF00FFC4
24.998327|211|Rx|d|8|8200FFFFA90000D1
24.998327|214|Rx|d|2|0
25.004323|3b7|Rx|d|6|37007FC000C0
25.012318|350|Rx|d|8|C02F3AFA1870A489
25.012318|1b0|Rx|d|4|FF00FFC4
25.012318|4de|Rx|d|3|C00000
25.012318|55d|Rx|d|8|00FD50C091800000
25.016315|211|Rx|d|8|8200FFFFA90000D1
25.016315|214|Rx|d|2|0
25.032306|1b0|Rx|d|4|FF00FFC4
25.032306|5de|Rx|d|8|2
25.038302|211|Rx|d|8|8200FFFFA90000D1
25.038302|214|Rx|d|2|0
25.044297|5df|Rx|d|3|9500
25.052293|1b0|Rx|d|4|FF00FFC4
25.052293|657|Rx|d|2|C0CC
25.058289|211|Rx|d|8|8200FFFFA90000D1
25.058289|214|Rx|d|2|0
25.058289|218|Rx|d|1|98
25.058289|4fa|Rx|d|2|800
25.058289|671|Rx|d|2|200
25.062287|4ac|Rx|d|5|83762A0080
25.062287|45c|Rx|d|6|00000000FFE0
25.072281|1b0|Rx|d|4|FF00FFC4
25.078278|211|Rx|d|8|8200FFFFA90000D1
25.078278|214|Rx|d|2|0
25.084273|4f8|Rx|d|8|94C0000000000000
25.113926|1b0|Rx|d|4|FF00FFC4
25.113926|211|Rx|d|8|8200FFFFA90000D1
25.113926|214|Rx|d|2|0
25.113926|3b7|Rx|d|6|37007FC000C0
25.113926|646|Rx|d|8|000000020000000C
25.113926|350|Rx|d|8|C02F3AFA1870A489
25.113926|1b0|Rx|d|4|FF00FFC4
25.113926|4de|Rx|d|3|C00000
25.113926|55d|Rx|d|8|00FD50C091800000
25.113926|211|Rx|d|8|8200FFFFA90000D1
25.113926|214|Rx|d|2|0
25.144128|1b0|Rx|d|4|FF00FFC4
25.144128|5de|Rx|d|8|2
25.144128|211|Rx|d|8|8200FFFFA90000D1
25.144128|214|Rx|d|2|0
25.144128|5df|Rx|d|3|9500
25.174179|1b0|Rx|d|4|FF00FFC4
25.174179|657|Rx|d|2|C0CC
25.174179|211|Rx|d|8|8200FFFFA90000D1
25.174179|214|Rx|d|2|0
25.174179|218|Rx|d|1|98
25.174179|4fa|Rx|d|2|800
25.174179|671|Rx|d|2|200
25.174179|4ac|Rx|d|5|83752A0080
25.174179|45c|Rx|d|6|00000000FFE0
25.174179|1b0|Rx|d|4|FF00FFC4
25.174179|211|Rx|d|8|8200FFFFA90000D1
25.174179|214|Rx|d|2|0
25.194100|4f8|Rx|d|8|94C0000000000000
25.194100|1b0|Rx|d|4|FF00FFC4
25.194100|211|Rx|d|8|8200FFFFA90000D1
25.194100|214|Rx|d|2|0
25.207261|3b7|Rx|d|6|37007FC000C0
25.213262|350|Rx|d|8|C02F3AFA1870A489
25.213262|1b0|Rx|d|4|FF00FFC4
25.213262|4de|Rx|d|3|C00000
25.213262|55d|Rx|d|8|00FD50C091800000
25.213262|211|Rx|d|8|8200FFFFA90000D1
25.213262|214|Rx|d|2|0
25.232159|1b0|Rx|d|4|FF00FFC4
25.232159|5de|Rx|d|8|2
25.238155|211|Rx|d|8|8200FFFFA90000D1
25.238155|214|Rx|d|2|0
25.244151|5df|Rx|d|3|9500
25.252147|1b0|Rx|d|4|FF00FFC4
25.252147|657|Rx|d|2|C0CC
25.258143|211|Rx|d|8|8200FFFFA90000D1
25.258143|214|Rx|d|2|0
25.258143|218|Rx|d|1|98
25.258143|4fa|Rx|d|2|800
25.258143|671|Rx|d|2|200
25.262141|4ac|Rx|d|5|83762A0080
25.262141|45c|Rx|d|6|00000000FFE0
25.272133|1b0|Rx|d|4|FF00FFC4
25.278130|211|Rx|d|8|8200FFFFA90000D1
25.278130|214|Rx|d|2|0
25.284126|4f8|Rx|d|8|94C0000000000000
25.292121|1b0|Rx|d|4|FF00FFC4
25.298117|211|Rx|d|8|8200FFFFA90000D1
25.298117|214|Rx|d|2|0
25.304114|3b7|Rx|d|6|37007FC000C0
25.314108|350|Rx|d|8|C02F3AFA1870A489
25.314108|1b0|Rx|d|4|FF00FFC4
25.314108|4de|Rx|d|3|C00000
25.314108|55d|Rx|d|8|00FD50C091800000
25.314108|211|Rx|d|8|8200FFFFA90000D1
25.314108|214|Rx|d|2|0
25.332097|1b0|Rx|d|4|FF00FFC4
25.332097|5de|Rx|d|8|2
25.337590|211|Rx|d|8|8200FFFFA90000D1
25.337590|214|Rx|d|2|0
25.364088|5df|Rx|d|3|9500
25.364088|1b0|Rx|d|4|FF00FFC4
25.364088|657|Rx|d|2|C0CC
25.364088|211|Rx|d|8|8200FFFFA90000D1
25.364088|214|Rx|d|2|0
25.364088|218|Rx|d|1|98
25.364088|4fa|Rx|d|2|800
25.364088|671|Rx|d|2|200
25.364088|4ac|Rx|d|5|83752A0080
25.364088|45c|Rx|d|6|00000000FFE0
25.378050|1b0|Rx|d|4|FF00FFC4
25.378050|211|Rx|d|8|8200FFFFA90000D1
25.378050|214|Rx|d|2|0
25.394045|4f8|Rx|d|8|94C0000000000000
25.398572|1b0|Rx|d|4|FF00FFC4
25.398572|211|Rx|d|8|8200FFFFA90000D1
25.398572|214|Rx|d|2|0
25.413098|3b7|Rx|d|6|37007FC000C0
25.423987|350|Rx|d|8|C02F3AFA1870A489
25.423987|1b0|Rx|d|4|FF00FFC4
25.423987|4de|Rx|d|3|C00000
25.423987|55d|Rx|d|8|00FD50C091800000
25.423987|211|Rx|d|8|8200FFFFA90000D1
25.423987|214|Rx|d|2|0
25.438577|1b0|Rx|d|4|FF00FFC4
25.438577|5de|Rx|d|8|2
25.438577|211|Rx|d|8|8200FFFFA90000D1
25.438577|214|Rx|d|2|0
25.449156|5df|Rx|d|3|9500
25.453151|1b0|Rx|d|4|FF00FFC4
25.453151|657|Rx|d|2|C0CC
25.453151|211|Rx|d|8|8200FFFFA90000D1
25.453151|214|Rx|d|2|0
25.453151|218|Rx|d|1|98
25.457150|4fa|Rx|d|2|800
25.457150|671|Rx|d|2|200
25.463149|4ac|Rx|d|5|83752A0080
25.463149|45c|Rx|d|6|00000000FFE0
25.473864|1b0|Rx|d|4|FF00FFC4
25.473864|211|Rx|d|8|8200FFFFA90000D1
25.473864|214|Rx|d|2|0
25.481858|4f8|Rx|d|8|94C0000000000000
25.493851|1b0|Rx|d|4|FF00FFC4
25.495849|211|Rx|d|8|8200FFFFA90000D1
25.495849|214|Rx|d|2|0
25.501846|3b7|Rx|d|6|37007FC000C0
25.513837|350|Rx|d|8|C02F3AFA1870A489
25.513837|1b0|Rx|d|4|FF00FFC4
25.513837|4de|Rx|d|3|C00000
25.513837|55d|Rx|d|8|00FD50C091800000
25.513837|211|Rx|d|8|8200FFFFA90000D1
25.513837|214|Rx|d|2|0
25.533825|1b0|Rx|d|4|FF00FFC4
25.533825|5de|Rx|d|8|2
25.533825|211|Rx|d|8|8200FFFFA90000D1
25.533825|214|Rx|d|2|0
25.543819|5df|Rx|d|3|9500
25.553812|1b0|Rx|d|4|FF00FFC4
25.553812|657|Rx|d|2|C0CC
25.555812|211|Rx|d|8|8200FFFFA90000D1
25.555812|214|Rx|d|2|0
25.555812|218|Rx|d|1|98
25.555812|4fa|Rx|d|2|800
25.555812|671|Rx|d|2|200
25.563807|4ac|Rx|d|5|83762A0080
25.563807|45c|Rx|d|6|00000000FFE0
25.573803|1b0|Rx|d|4|FF00FFC4
25.573803|211|Rx|d|8|8200FFFFA90000D1
25.573803|214|Rx|d|2|0
25.581797|4f8|Rx|d|8|94C0000000000000
25.593788|1b0|Rx|d|4|FF00FFC4
25.595787|211|Rx|d|8|8200FFFFA90000D1
25.595787|214|Rx|d|2|0
25.601783|3b7|Rx|d|6|37007FC000C0
25.611778|646|Rx|d|8|000000020000000C
25.611778|350|Rx|d|8|C02F3AFA1870A489
25.611778|1b0|Rx|d|4|FF00FFC4
25.611778|4de|Rx|d|3|C00000
25.611778|55d|Rx|d|8|00FD50C091800000
25.617773|211|Rx|d|8|8200FFFFA90000D1
25.617773|214|Rx|d|2|0
25.633764|1b0|Rx|d|4|FF00FFC4
25.633764|5de|Rx|d|8|2
25.633764|211|Rx|d|8|8200FFFFA90000D1
25.633764|214|Rx|d|2|0
25.644757|5df|Rx|d|3|9500
25.653752|1b0|Rx|d|4|FF00FFC4
25.653752|657|Rx|d|2|C0CC
25.655750|211|Rx|d|8|8200FFFFA90000D1
25.655750|214|Rx|d|2|0
25.655750|218|Rx|d|1|98
25.655750|4fa|Rx|d|2|800
25.655750|671|Rx|d|2|200
25.663744|4ac|Rx|d|5|83762A0080
25.663744|45c|Rx|d|6|00000000FFE0
25.673738|1b0|Rx|d|4|FF00FFC4
25.673738|211|Rx|d|8|8200FFFFA90000D1
25.673738|214|Rx|d|2|0
25.681737|4f8|Rx|d|8|94C0000000000000
25.693727|1b0|Rx|d|4|FF00FFC4
25.695725|211|Rx|d|8|8200FFFFA90000D1
25.695725|214|Rx|d|2|0
25.701722|3b7|Rx|d|6|37007FC000C0
25.714714|350|Rx|d|8|C02F3AFA1870A489
25.714714|1b0|Rx|d|4|FF00FFC4
25.714714|4de|Rx|d|3|C00000
25.714714|55d|Rx|d|8|00FD50C091800000
25.714714|211|Rx|d|8|8200FFFFA90000D1
25.714714|214|Rx|d|2|0
25.733702|1b0|Rx|d|4|FF00FFC4
25.733702|5de|Rx|d|8|2
25.733702|211|Rx|d|8|8200FFFFA90000D1
25.733702|214|Rx|d|2|0
25.743695|5df|Rx|d|3|9500
25.753691|1b0|Rx|d|4|FF00FFC4
25.753691|657|Rx|d|2|C0CC
25.753691|69f|Rx|d|4|0650859F
25.755690|211|Rx|d|8|8200FFFFA90000D1
25.755690|214|Rx|d|2|0
25.755690|218|Rx|d|1|98
25.755690|4fa|Rx|d|2|800
25.755690|671|Rx|d|2|200
25.763685|4ac|Rx|d|5|83762A0080
25.763685|45c|Rx|d|6|00000000FFE0
25.773678|1b0|Rx|d|4|FF00FFC4
25.775676|211|Rx|d|8|8200FFFFA90000D1
25.775676|214|Rx|d|2|0
25.781673|4f8|Rx|d|8|94C0000000000000
25.793665|1b0|Rx|d|4|FF00FFC4
25.793665|211|Rx|d|8|8200FFFFA90000D1
25.793665|214|Rx|d|2|0
25.801660|3b7|Rx|d|6|37007FC000C0
25.813653|350|Rx|d|8|C02F3AFA1870A489
25.813653|1b0|Rx|d|4|FF00FFC4
25.813653|4de|Rx|d|3|C00000
25.813653|55d|Rx|d|8|00FD50C091800000
25.815652|211|Rx|d|8|8200FFFFA90000D1
25.815652|214|Rx|d|2|0
25.833640|1b0|Rx|d|4|FF00FFC4
25.833640|5de|Rx|d|8|2
25.833640|211|Rx|d|8|8200FFFFA90000D1
25.833640|214|Rx|d|2|0
25.843635|5df|Rx|d|3|9500
25.853629|1b0|Rx|d|4|FF00FFC4
25.853629|657|Rx|d|2|C0CC
25.853629|211|Rx|d|8|8200FFFFA90000D1
25.853629|214|Rx|d|2|0
25.857629|218|Rx|d|1|98
25.857629|4fa|Rx|d|2|800
25.857629|671|Rx|d|2|200
25.863771|4ac|Rx|d|5|83762A0080
25.863771|45c|Rx|d|6|00000000FFE0
25.884175|1b0|Rx|d|4|FF00FFC4
25.884443|211|Rx|d|8|8200FFFFA90000D1
25.884443|214|Rx|d|2|0
25.884478|4f8|Rx|d|8|94C0000000000000
25.908533|1b0|Rx|d|4|FF00FFC4
25.908533|211|Rx|d|8|8200FFFFA90000D1
25.908533|214|Rx|d|2|0
25.908533|3b7|Rx|d|6|37007FC000C0
25.918776|350|Rx|d|8|C02F3AFA1870A489
25.918776|1b0|Rx|d|4|FF00FFC4
25.918776|4de|Rx|d|3|C00000
25.918776|55d|Rx|d|8|00FD50C091800000
25.918776|211|Rx|d|8|8200FFFFA90000D1
25.918776|214|Rx|d|2|0
25.938821|1b0|Rx|d|4|FF00FFC4
25.938821|5de|Rx|d|8|2
25.938821|211|Rx|d|8|8200FFFFA90000D1
25.938821|214|Rx|d|2|0
25.953912|5df|Rx|d|3|9500
25.958733|1b0|Rx|d|4|FF00FFC4
25.958733|657|Rx|d|2|C0CC
25.958733|211|Rx|d|8|8200FFFFA90000D1
25.958733|214|Rx|d|2|0
25.958733|218|Rx|d|1|98
25.958733|4fa|Rx|d|2|800
25.958733|671|Rx|d|2|200
25.968798|4ac|Rx|d|5|83762A0080
25.968798|45c|Rx|d|6|00000000FFE0
25.977904|1b0|Rx|d|4|FF00FFC4
25.977904|211|Rx|d|8|8200FFFFA90000D1
25.977904|214|Rx|d|2|0
25.986290|4f8|Rx|d|8|94C0000000000000
25.992895|1b0|Rx|d|4|FF00FFC4
25.994894|211|Rx|d|8|8200FFFFA90000D1
25.994894|214|Rx|d|2|0
26.000890|3b7|Rx|d|6|37007FC000C0
26.012883|350|Rx|d|8|C02F3AFA1870A489
26.012883|1b0|Rx|d|4|FF00FFC4
26.012883|4de|Rx|d|3|C00000
26.012883|55d|Rx|d|8|00FD50C091800000
26.012883|211|Rx|d|8|8200FFFFA90000D1
26.012883|214|Rx|d|2|0
26.032870|1b0|Rx|d|4|FF00FFC4
26.032870|5de|Rx|d|8|2
26.034869|211|Rx|d|8|8200FFFFA90000D1
26.034869|214|Rx|d|2|0
26.042864|5df|Rx|d|3|9500
26.052858|1b0|Rx|d|4|FF00FFC4
26.052858|657|Rx|d|2|C0CC
26.052858|211|Rx|d|8|8200FFFFA90000D1
26.052858|214|Rx|d|2|0
26.054857|218|Rx|d|1|98
26.054857|4fa|Rx|d|2|800
26.054857|671|Rx|d|2|200
26.062851|4ac|Rx|d|5|83762A0080
26.062851|45c|Rx|d|6|00000000FFE0
26.072846|1b0|Rx|d|4|FF00FFC4
26.076844|211|Rx|d|8|8200FFFFA90000D1
26.076844|214|Rx|d|2|0
26.082840|4f8|Rx|d|8|94C0000000000000
26.092833|1b0|Rx|d|4|FF00FFC4
26.092833|211|Rx|d|8|8200FFFFA90000D1
26.092833|214|Rx|d|2|0
26.102827|3b7|Rx|d|6|37007FC000C0
26.123842|646|Rx|d|8|000000020000000C
26.123842|350|Rx|d|8|C02F3AFA1870A489
26.123842|1b0|Rx|d|4|FF00FFC4
26.123842|4de|Rx|d|3|C00000
26.123842|55d|Rx|d|8|00FD50C091800000
26.123842|211|Rx|d|8|8200FFFFA90000D1
26.123842|214|Rx|d|2|0
26.143837|1b0|Rx|d|4|FF00FFC4
26.143837|5de|Rx|d|8|2
26.143837|211|Rx|d|8|8200FFFFA90000D1
26.143837|214|Rx|d|2|0
26.153741|5df|Rx|d|3|9500
26.163946|1b0|Rx|d|4|FF00FFC4
26.163946|657|Rx|d|2|C0CC
26.163946|211|Rx|d|8|8200FFFFA90000D1
26.163946|214|Rx|d|2|0
26.163946|218|Rx|d|1|98
26.163946|4fa|Rx|d|2|800
26.163946|671|Rx|d|2|200
26.163946|4ac|Rx|d|5|83762A0080
26.163946|45c|Rx|d|6|00000000FFE0
26.184148|1b0|Rx|d|4|FF00FFC4
26.184148|211|Rx|d|8|8200FFFFA90000D1
26.184148|214|Rx|d|2|0
26.184148|4f8|Rx|d|8|94C0000000000000
26.213430|1b0|Rx|d|4|FF00FFC4
26.213430|211|Rx|d|8|8200FFFFA90000D1
26.213430|214|Rx|d|2|0
26.213430|3b7|Rx|d|6|37007FC000C0
26.213771|350|Rx|d|8|C02F3AFA1870A489
26.213771|1b0|Rx|d|4|FF00FFC4
26.213771|4de|Rx|d|3|C00000
26.213771|55d|Rx|d|8|00FD50C091800000
26.213771|211|Rx|d|8|8200FFFFA90000D1
26.213771|214|Rx|d|2|0
26.236219|1b0|Rx|d|4|FF00FFC4
26.236219|5de|Rx|d|8|2
26.236219|211|Rx|d|8|8200FFFFA90000D1
26.236219|214|Rx|d|2|0
26.242213|5df|Rx|d|3|9500
26.264161|1b0|Rx|d|4|FF00FFC4
26.264161|657|Rx|d|2|C0CC
26.264161|211|Rx|d|8|8200FFFFA90000D1
26.264161|214|Rx|d|2|0
26.264161|218|Rx|d|1|98
26.264161|4fa|Rx|d|2|800
26.264161|671|Rx|d|2|200
26.264161|4ac|Rx|d|5|83762A0080
26.264161|45c|Rx|d|6|00000000FFE0
26.283977|1b0|Rx|d|4|FF00FFC4
26.283977|211|Rx|d|8|8200FFFFA90000D1
26.283977|214|Rx|d|2|0
26.283977|4f8|Rx|d|8|94C0000000000000
26.298510|1b0|Rx|d|4|FF00FFC4
26.298510|211|Rx|d|8|8200FFFFA90000D1
26.298510|214|Rx|d|2|0
26.309142|3b7|Rx|d|6|37007FC000C0
26.323486|350|Rx|d|8|C02F3AFA1870A489
26.323486|1b0|Rx|d|4|FF00FFC4
26.323486|4de|Rx|d|3|C00000
26.323486|55d|Rx|d|8|00FD50C091800000
26.323486|211|Rx|d|8|8200FFFFA90000D1
26.323486|214|Rx|d|2|0
26.343750|1b0|Rx|d|4|FF00FFC4
26.343750|5de|Rx|d|8|2
26.343750|211|Rx|d|8|8200FFFFA90000D1
26.343750|214|Rx|d|2|0
26.343750|5df|Rx|d|3|9500
26.368973|1b0|Rx|d|4|FF00FFC4
26.368973|657|Rx|d|2|C0CC
26.368973|211|Rx|d|8|8200FFFFA90000D1
26.368973|214|Rx|d|2|0
26.368973|218|Rx|d|1|98
26.368973|4fa|Rx|d|2|800
26.368973|671|Rx|d|2|200
26.368973|4ac|Rx|d|5|83762A0080
26.368973|45c|Rx|d|6|00000000FFE0
26.370975|1b0|Rx|d|4|FF00FFC4
26.378017|211|Rx|d|8|8200FFFFA90000D1
26.378017|214|Rx|d|2|0
26.393807|4f8|Rx|d|8|94C0000000000000
26.393807|1b0|Rx|d|4|FF00FFC4
26.393807|211|Rx|d|8|8200FFFFA90000D1
26.393807|214|Rx|d|2|0
26.413792|3b7|Rx|d|6|37007FC000C0
26.424023|350|Rx|d|8|C02F3AFA1870A489
26.424023|1b0|Rx|d|4|FF00FFC4
26.424023|4de|Rx|d|3|C00000
26.424023|55d|Rx|d|8|00FD50C091800000
26.424023|211|Rx|d|8|8200FFFFA90000D1
26.424023|214|Rx|d|2|0
26.439032|1b0|Rx|d|4|FF00FFC4
26.439032|5de|Rx|d|8|2
26.439032|211|Rx|d|8|8200FFFFA90000D1
26.439032|214|Rx|d|2|0
26.453670|5df|Rx|d|3|9500
26.453670|1b0|Rx|d|4|FF00FFC4
26.453670|657|Rx|d|2|C0CC
26.453670|211|Rx|d|8|8200FFFFA90000D1
26.453670|214|Rx|d|2|0
26.473893|218|Rx|d|1|98
26.473893|4fa|Rx|d|2|800
26.473893|671|Rx|d|2|200
26.473893|4ac|Rx|d|5|83762A0080
26.473893|45c|Rx|d|6|00000000FFE0
26.473893|1b0|Rx|d|4|FF00FFC4
26.473893|211|Rx|d|8|8200FFFFA90000D1
26.473893|214|Rx|d|2|0
26.493855|4f8|Rx|d|8|94C0000000000000
26.493855|1b0|Rx|d|4|FF00FFC4
26.493855|211|Rx|d|8|8200FFFFA90000D1
26.493855|214|Rx|d|2|0
26.523878|3b7|Rx|d|6|37007FC000C0
26.523878|350|Rx|d|8|C02F3AFA1870A489
26.523878|1b0|Rx|d|4|FF00FFC4
26.523878|4de|Rx|d|3|C00000
26.523878|55d|Rx|d|8|00FD50C091800000
26.523878|211|Rx|d|8|8200FFFFA90000D1
26.523878|214|Rx|d|2|0
26.534197|1b0|Rx|d|4|FF00FFC4
26.534197|5de|Rx|d|8|2
26.534197|211|Rx|d|8|8200FFFFA90000D1
26.534197|214|Rx|d|2|0
26.563797|5df|Rx|d|3|9500
26.563797|1b0|Rx|d|4|FF00FFC4
26.563797|657|Rx|d|2|C0CC
26.563797|211|Rx|d|8|8200FFFFA90000D1
26.563797|214|Rx|d|2|0
26.563797|218|Rx|d|1|98
26.563797|4fa|Rx|d|2|800
26.563797|671|Rx|d|2|200
26.563797|4ac|Rx|d|5|83762A0080
26.563797|45c|Rx|d|6|00000000FFE0
26.584328|1b0|Rx|d|4|FF00FFC4
26.584328|211|Rx|d|8|8200FFFFA90000D1
26.584328|214|Rx|d|2|0
26.584328|4f8|Rx|d|8|94C0000000000000
26.613646|1b0|Rx|d|4|FF00FFC4
26.613646|211|Rx|d|8|8200FFFFA90000D1
26.613646|214|Rx|d|2|0
26.613646|3b7|Rx|d|6|37007FC000C0
26.613646|646|Rx|d|8|000000020000000C
26.613646|350|Rx|d|8|C02F3AFA1870A489
26.613646|1b0|Rx|d|4|FF00FFC4
26.613646|4de|Rx|d|3|C00000
26.613646|55d|Rx|d|8|00FD50C091800000
26.613646|211|Rx|d|8|8200FFFFA90000D1
26.613646|214|Rx|d|2|0
26.644105|1b0|Rx|d|4|FF00FFC4
26.644105|5de|Rx|d|8|2
26.644105|211|Rx|d|8|8200FFFFA90000D1
26.644105|214|Rx|d|2|0
26.644105|5df|Rx|d|3|9500
26.663401|1b0|Rx|d|4|FF00FFC4
26.663401|657|Rx|d|2|C0CC
26.663401|211|Rx|d|8|8200FFFFA90000D1
26.663401|214|Rx|d|2|0
26.663401|218|Rx|d|1|98
26.663401|4fa|Rx|d|2|800
26.663401|671|Rx|d|2|200
26.663401|4ac|Rx|d|5|83762A0080
26.663401|45c|Rx|d|6|00000000FFE0
26.684149|1b0|Rx|d|4|FF00FFC4
26.684149|211|Rx|d|8|8200FFFFA90000D1
26.684149|214|Rx|d|2|0
26.684149|4f8|Rx|d|8|94C0000000000000
26.703601|1b0|Rx|d|4|FF00FFC4
26.703601|211|Rx|d|8|8200FFFFA90000D1
26.703601|214|Rx|d|2|0
26.703601|3b7|Rx|d|6|37007FC000C0
26.723835|350|Rx|d|8|C02F3AFA1870A489
26.723835|1b0|Rx|d|4|FF00FFC4
26.723835|4de|Rx|d|3|C00000
26.723835|55d|Rx|d|8|00FD50C091800000
26.723835|211|Rx|d|8|8200FFFFA90000D1
26.723835|214|Rx|d|2|0
26.733908|1b0|Rx|d|4|FF00FFC4
26.733908|5de|Rx|d|8|2
26.733908|211|Rx|d|8|8200FFFFA90000D1
26.733908|214|Rx|d|2|0
26.753517|5df|Rx|d|3|9500
26.763863|1b0|Rx|d|4|FF00FFC4
26.763863|657|Rx|d|2|C0CC
26.763863|69f|Rx|d|4|0650859F
26.763863|211|Rx|d|8|8200FFFFA90000D1
26.763863|214|Rx|d|2|0
26.763863|218|Rx|d|1|98
26.763863|4fa|Rx|d|2|800
26.763863|671|Rx|d|2|200
26.773996|4ac|Rx|d|5|83762A0080
26.773996|45c|Rx|d|6|00000000FFE0
26.773996|1b0|Rx|d|4|FF00FFC4
26.773996|211|Rx|d|8|8200FFFFA90000D1
26.773996|214|Rx|d|2|0
26.793237|4f8|Rx|d|8|94C0000000000000
26.793237|1b0|Rx|d|4|FF00FFC4
26.793237|211|Rx|d|8|8200FFFFA90000D1
26.793237|214|Rx|d|2|0
26.823863|3b7|Rx|d|6|37007FC000C0
26.823863|350|Rx|d|8|C02F3AFA1870A489
26.823863|1b0|Rx|d|4|FF00FFC4
26.823863|4de|Rx|d|3|C00000
26.823863|55d|Rx|d|8|00FD50C091800000
26.823863|211|Rx|d|8|8200FFFFA90000D1
26.823863|214|Rx|d|2|0
26.833962|1b0|Rx|d|4|FF00FFC4
26.833962|5de|Rx|d|8|2
26.839079|211|Rx|d|8|8200FFFFA90000D1
26.839079|214|Rx|d|2|0
26.839079|5df|Rx|d|3|9500
26.858594|1b0|Rx|d|4|FF00FFC4
26.858594|657|Rx|d|2|C0CC
26.858594|211|Rx|d|8|8200FFFFA90000D1
26.858594|214|Rx|d|2|0
26.858594|218|Rx|d|1|98
26.858594|4fa|Rx|d|2|800
26.858594|671|Rx|d|2|200
26.868644|4ac|Rx|d|5|83762A0080
26.868644|45c|Rx|d|6|00000000FFE0
26.870887|1b0|Rx|d|4|FF00FFC4
26.875980|211|Rx|d|8|8200FFFFA90000D1
26.875980|214|Rx|d|2|0
26.881976|4f8|Rx|d|8|94C0000000000000
26.891970|1b0|Rx|d|4|FF00FFC4
26.897967|211|Rx|d|8|8200FFFFA90000D1
26.897967|214|Rx|d|2|0
26.903962|3b7|Rx|d|6|37007FC000C0
26.911957|350|Rx|d|8|C02F3AFA1870A489
26.911957|1b0|Rx|d|4|FF00FFC4
26.911957|4de|Rx|d|3|C00000
26.911957|55d|Rx|d|8|00FD50C091800000
26.915955|211|Rx|d|8|8200FFFFA90000D1
26.915955|214|Rx|d|2|0
26.931946|1b0|Rx|d|4|FF00FFC4
26.931946|5de|Rx|d|8|2
26.937941|211|Rx|d|8|8200FFFFA90000D1
26.937941|214|Rx|d|2|0
26.943938|5df|Rx|d|3|9500
26.951932|1b0|Rx|d|4|FF00FFC4
26.951932|657|Rx|d|2|C0CC
26.957929|211|Rx|d|8|8200FFFFA90000D1
26.957929|214|Rx|d|2|0
26.957929|218|Rx|d|1|98
26.957929|4fa|Rx|d|2|800
26.957929|671|Rx|d|2|200
26.961927|4ac|Rx|d|5|83762A0080
26.961927|45c|Rx|d|6|00000000FFE0
26.971920|1b0|Rx|d|4|FF00FFC4
26.977918|211|Rx|d|8|8200FFFFA90000D1
26.977918|214|Rx|d|2|0
26.983915|4f8|Rx|d|8|94C0000000000000
26.993956|1b0|Rx|d|4|FF00FFC4
26.993956|211|Rx|d|8|8200FFFFA90000D1
26.993956|214|Rx|d|2|0
27.009019|3b7|Rx|d|6|37007FC000C0
27.009019|350|Rx|d|8|C02F3AFA1870A489
27.009019|1b0|Rx|d|4|FF00FFC4
27.009019|4de|Rx|d|3|C00000
27.023799|55d|Rx|d|8|00FD50C091800000
27.023799|211|Rx|d|8|8200FFFFA90000D1
27.023799|214|Rx|d|2|0
27.033491|1b0|Rx|d|4|FF00FFC4
27.033491|5de|Rx|d|8|2
27.038796|211|Rx|d|8|8200FFFFA90000D1
27.038796|214|Rx|d|2|0
27.053673|5df|Rx|d|3|9500
27.053673|1b0|Rx|d|4|FF00FFC4
27.053673|657|Rx|d|2|C0CC
27.064113|211|Rx|d|8|8200FFFFA90000D1
27.064113|214|Rx|d|2|0
27.064113|218|Rx|d|1|98
27.064113|4fa|Rx|d|2|800
27.064113|671|Rx|d|2|200
27.064113|4ac|Rx|d|5|83752A0080
27.064113|45c|Rx|d|6|00000000FFE0
27.083854|1b0|Rx|d|4|FF00FFC4
27.083854|211|Rx|d|8|8200FFFFA90000D1
27.083854|214|Rx|d|2|0
27.093974|4f8|Rx|d|8|94C0000000000000
27.103855|1b0|Rx|d|4|FF00FFC4
27.103855|6fb|Rx|d|8|0F01A454FF0000FF
27.103855|211|Rx|d|8|8200FFFFA90000D1
27.103855|214|Rx|d|2|0
27.106030|3b7|Rx|d|6|37007FC000C0
27.112025|350|Rx|d|8|C02F3AFA1870A489
27.112025|646|Rx|d|8|000000020000000C
27.112025|1b0|Rx|d|4|FF00FFC4
27.112025|4de|Rx|d|3|C00000
27.112025|55d|Rx|d|8|00FD50C091800000
27.116024|211|Rx|d|8|8200FFFFA90000D1
27.116024|214|Rx|d|2|0
27.132841|5ce|Rx|d|3|FEFF00
27.138868|1b0|Rx|d|4|FF00FFC4
27.138868|5de|Rx|d|8|2
27.138868|211|Rx|d|8|8200FFFFA90000D1
27.138868|214|Rx|d|2|0
27.138868|5df|Rx|d|3|9500
27.154009|1b0|Rx|d|4|FF00FFC4
27.154009|657|Rx|d|2|C0CC
27.154009|211|Rx|d|8|8200FFFFA90000D1
27.154009|214|Rx|d|2|0
27.154009|218|Rx|d|1|98
27.154009|4fa|Rx|d|2|800
27.154009|671|Rx|d|2|200
27.173873|4ac|Rx|d|5|83762A0080
27.173873|45c|Rx|d|6|00000000FFE0
27.173873|1b0|Rx|d|4|FF00FFC4
27.173873|211|Rx|d|8|8200FFFFA90000D1
27.173873|214|Rx|d|2|0
27.194007|4f8|Rx|d|8|94C0000000000000
27.194007|1b0|Rx|d|4|FF00FFC4
27.194007|211|Rx|d|8|8200FFFFA90000D1
27.194007|214|Rx|d|2|0
27.223877|3b7|Rx|d|6|37007FC000C0
27.223877|350|Rx|d|8|C02F3AFA1870A489
27.223877|1b0|Rx|d|4|FF00FFC4
27.223877|4de|Rx|d|3|C00000
27.223877|55d|Rx|d|8|00FD50C091800000
27.223877|211|Rx|d|8|8200FFFFA90000D1
27.223877|214|Rx|d|2|0
27.234358|1b0|Rx|d|4|FF00FFC4
27.234358|5de|Rx|d|8|2
27.234358|211|Rx|d|8|8200FFFFA90000D1
27.234358|214|Rx|d|2|0
27.253096|5df|Rx|d|3|9500
27.253096|1b0|Rx|d|4|FF00FFC4
27.253096|657|Rx|d|2|C0CC
27.253096|211|Rx|d|8|8200FFFFA90000D1
27.253096|214|Rx|d|2|0
27.258230|218|Rx|d|1|98
27.258230|4fa|Rx|d|2|800
27.258230|671|Rx|d|2|200
27.273667|4ac|Rx|d|5|83762A0080
27.273667|45c|Rx|d|6|00000000FFE0
27.274087|1b0|Rx|d|4|FF00FFC4
27.274087|211|Rx|d|8|8200FFFFA90000D1
27.274087|214|Rx|d|2|0
27.294203|4f8|Rx|d|8|94C0000000000000
27.294203|1b0|Rx|d|4|FF00FFC4
27.294203|211|Rx|d|8|8200FFFFA90000D1
27.294203|214|Rx|d|2|0
27.319019|3b7|Rx|d|6|37007FC000C0
27.319019|350|Rx|d|8|C02F3AFA1870A489
27.319019|1b0|Rx|d|4|FF00FFC4
27.319019|4de|Rx|d|3|C00000
27.319019|55d|Rx|d|8|00FD50C091800000
27.319019|211|Rx|d|8|8200FFFFA90000D1
27.319019|214|Rx|d|2|0
27.333978|1b0|Rx|d|4|FF00FFC4
27.333978|5de|Rx|d|8|2
27.343973|211|Rx|d|8|8200FFFFA90000D1
27.343973|214|Rx|d|2|0
27.343973|5df|Rx|d|3|9500
27.373729|1b0|Rx|d|4|FF00FFC4
27.373729|657|Rx|d|2|C0CC
27.373729|211|Rx|d|8|8200FFFFA90000D1
27.373729|214|Rx|d|2|0
27.373729|218|Rx|d|1|98
27.373729|4fa|Rx|d|2|800
27.373729|671|Rx|d|2|200
27.373729|4ac|Rx|d|5|83752A0080
27.373729|45c|Rx|d|6|00000000FFE0
27.373729|1b0|Rx|d|4|FF00FFC4
27.373729|211|Rx|d|8|8200FFFFA90000D1
27.373729|214|Rx|d|2|0
27.383879|4f8|Rx|d|8|94C0000000000000
27.392315|1b0|Rx|d|4|FF00FFC4
27.398313|211|Rx|d|8|8200FFFFA90000D1
27.398313|214|Rx|d|2|0
27.415673|3b7|Rx|d|6|37007FC000C0
27.415673|350|Rx|d|8|C02F3AFA1870A489
27.415673|1b0|Rx|d|4|FF00FFC4
27.415673|4de|Rx|d|3|C00000
27.415673|55d|Rx|d|8|00FD50C091800000
27.415673|211|Rx|d|8|8200FFFFA90000D1
27.415673|214|Rx|d|2|0
27.431278|1b0|Rx|d|4|FF00FFC4
27.431278|5de|Rx|d|8|2
27.437273|211|Rx|d|8|8200FFFFA90000D1
27.437273|214|Rx|d|2|0
27.443269|5df|Rx|d|3|9500
27.451265|1b0|Rx|d|4|FF00FFC4
27.451265|657|Rx|d|2|C0CC
27.457261|211|Rx|d|8|8200FFFFA90000D1
27.457261|214|Rx|d|2|0
27.457261|218|Rx|d|1|98
27.457261|4fa|Rx|d|2|800
27.457261|671|Rx|d|2|200
27.461258|4ac|Rx|d|5|83762A0080
27.461258|45c|Rx|d|6|00000000FFE0
27.471258|1b0|Rx|d|4|FF00FFC4
27.477249|211|Rx|d|8|8200FFFFA90000D1
27.477249|214|Rx|d|2|0
27.483245|4f8|Rx|d|8|94C0000000000000
27.491241|1b0|Rx|d|4|FF00FFC4
27.497237|211|Rx|d|8|8200FFFFA90000D1
27.497237|214|Rx|d|2|0
27.503232|3b7|Rx|d|6|37007FC000C0
27.511228|350|Rx|d|8|C02F3AFA1870A489
27.511228|1b0|Rx|d|4|FF00FFC4
27.511228|4de|Rx|d|3|C00000
27.511228|55d|Rx|d|8|00FD50C091800000
27.516226|211|Rx|d|8|8200FFFFA90000D1
27.516226|214|Rx|d|2|0
27.532215|1b0|Rx|d|4|FF00FFC4
27.532215|5de|Rx|d|8|2
27.543764|211|Rx|d|8|8200FFFFA90000D1
27.543764|214|Rx|d|2|0
27.553626|5df|Rx|d|3|9500
27.563717|1b0|Rx|d|4|FF00FFC4
27.563717|657|Rx|d|2|C0CC
27.563717|211|Rx|d|8|8200FFFFA90000D1
27.563717|214|Rx|d|2|0
27.563717|218|Rx|d|1|98
27.563717|4fa|Rx|d|2|800
27.563717|671|Rx|d|2|200
27.573866|4ac|Rx|d|5|83762A0080
27.573866|45c|Rx|d|6|00000000FFE0
27.573866|1b0|Rx|d|4|FF00FFC4
27.573866|211|Rx|d|8|8200FFFFA90000D1
27.573866|214|Rx|d|2|0
27.594095|4f8|Rx|d|8|94C0000000000000
27.603301|1b0|Rx|d|4|FF00FFC4
27.603301|211|Rx|d|8|8200FFFFA90000D1
27.603301|214|Rx|d|2|0
27.603301|3b7|Rx|d|6|37007FC000C0
27.628960|350|Rx|d|8|C02F3AFA1870A489
27.628960|1b0|Rx|d|4|FF00FFC4
27.628960|646|Rx|d|8|000000020000000C
27.628960|4de|Rx|d|3|C00000
27.628960|55d|Rx|d|8|00FD50C091800000
27.628960|211|Rx|d|8|8200FFFFA90000D1
27.628960|214|Rx|d|2|0
27.628960|1b0|Rx|d|4|FF00FFC4
27.628960|5de|Rx|d|8|2
27.653272|211|Rx|d|8|8200FFFFA90000D1
27.653272|214|Rx|d|2|0
27.653272|5df|Rx|d|3|9500
27.653272|1b0|Rx|d|4|FF00FFC4
27.653272|657|Rx|d|2|C0CC
27.653272|211|Rx|d|8|8200FFFFA90000D1
27.653272|214|Rx|d|2|0
27.653272|218|Rx|d|1|98
27.653272|4fa|Rx|d|2|800
27.653272|671|Rx|d|2|200
27.662342|4ac|Rx|d|5|83762A0080
27.662342|45c|Rx|d|6|00000000FFE0
27.678820|1b0|Rx|d|4|FF00FFC4
27.678820|211|Rx|d|8|8200FFFFA90000D1
27.678820|214|Rx|d|2|0
27.678820|4f8|Rx|d|8|94C0000000000000
27.692471|1b0|Rx|d|4|FF00FFC4
27.698467|211|Rx|d|8|8200FFFFA90000D1
27.698467|214|Rx|d|2|0
27.704463|3b7|Rx|d|6|37007FC000C0
27.712460|350|Rx|d|8|C02F3AFA1870A489
27.712460|1b0|Rx|d|4|FF00FFC4
27.712460|4de|Rx|d|3|C00000
27.712460|55d|Rx|d|8|00FD50C091800000
27.716457|211|Rx|d|8|8200FFFFA90000D1
27.716457|214|Rx|d|2|0
27.732446|1b0|Rx|d|4|FF00FFC4
27.732446|5de|Rx|d|8|2
27.738443|211|Rx|d|8|8200FFFFA90000D1
27.738443|214|Rx|d|2|0
27.742441|5df|Rx|d|3|9500
27.752437|1b0|Rx|d|4|FF00FFC4
27.752437|657|Rx|d|2|C0CC
27.752437|69f|Rx|d|4|0650859F
27.756431|211|Rx|d|8|8200FFFFA90000D1
27.756431|214|Rx|d|2|0
27.756431|218|Rx|d|1|98
27.756431|4fa|Rx|d|2|800
27.756431|671|Rx|d|2|200
27.762427|4ac|Rx|d|5|83762A0080
27.762427|45c|Rx|d|6|00000000FFE0
27.772421|1b0|Rx|d|4|FF00FFC4
27.778418|211|Rx|d|8|8200FFFFA90000D1
27.778418|214|Rx|d|2|0
27.784415|4f8|Rx|d|8|94C0000000000000
27.792410|1b0|Rx|d|4|FF00FFC4
27.803775|211|Rx|d|8|8200FFFFA90000D1
27.803775|214|Rx|d|2|0
27.813775|3b7|Rx|d|6|37007FC000C0
27.813775|350|Rx|d|8|C02F3AFA1870A489
27.813775|1b0|Rx|d|4|FF00FFC4
27.813775|4de|Rx|d|3|C00000
27.813775|55d|Rx|d|8|00FD50C091800000
27.813775|211|Rx|d|8|8200FFFFA90000D1
27.813775|214|Rx|d|2|0
27.844020|1b0|Rx|d|4|FF00FFC4
27.844020|5de|Rx|d|8|2
27.844020|211|Rx|d|8|8200FFFFA90000D1
27.844020|214|Rx|d|2|0
27.848526|5df|Rx|d|3|9500
27.863620|1b0|Rx|d|4|FF00FFC4
27.863620|657|Rx|d|2|C0CC
27.863620|211|Rx|d|8|8200FFFFA90000D1
27.863620|214|Rx|d|2|0
27.863620|218|Rx|d|1|98
27.863620|4fa|Rx|d|2|800
27.863620|671|Rx|d|2|200
27.873609|4ac|Rx|d|5|83762A0080
27.873609|45c|Rx|d|6|00000000FFE0
27.879405|1b0|Rx|d|4|FF00FFC4
27.879405|211|Rx|d|8|8200FFFFA90000D1
27.879405|214|Rx|d|2|0
27.883942|4f8|Rx|d|8|94C0000000000000
27.894218|1b0|Rx|d|4|FF00FFC4
27.898557|211|Rx|d|8|8200FFFFA90000D1
27.898557|214|Rx|d|2|0
27.898557|3b7|Rx|d|6|37007FC000C0
27.919307|350|Rx|d|8|C02F3AFA1870A489
27.919307|1b0|Rx|d|4|FF00FFC4
27.919307|4de|Rx|d|3|C00000
27.919307|55d|Rx|d|8|00FD50C091800000
27.919307|211|Rx|d|8|8200FFFFA90000D1
27.919307|214|Rx|d|2|0
27.938754|1b0|Rx|d|4|FF00FFC4
27.938754|5de|Rx|d|8|2
27.938754|211|Rx|d|8|8200FFFFA90000D1
27.938754|214|Rx|d|2|0
27.938754|5df|Rx|d|3|9500
27.958593|1b0|Rx|d|4|FF00FFC4
27.958593|657|Rx|d|2|C0CC
27.958593|211|Rx|d|8|8200FFFFA90000D1
27.958593|214|Rx|d|2|0
27.958593|218|Rx|d|1|98
27.958593|4fa|Rx|d|2|800
27.958593|671|Rx|d|2|200
27.963655|4ac|Rx|d|5|83752A0080
27.963655|45c|Rx|d|6|00000000FFE0
27.979219|1b0|Rx|d|4|FF00FFC4
27.979219|211|Rx|d|8|8200FFFFA90000D1
27.979219|214|Rx|d|2|0
27.979219|4f8|Rx|d|8|94C0000000000000
27.991277|1b0|Rx|d|4|FF00FFC4
28.001584|211|Rx|d|8|8200FFFFA90000D1
28.001584|214|Rx|d|2|0
28.003609|3b7|Rx|d|6|37007FC000C0
28.013926|350|Rx|d|8|C02F3AFA1870A489
28.013926|1b0|Rx|d|4|FF00FFC4
28.013926|4de|Rx|d|3|C00000
28.013926|55d|Rx|d|8|00FD50C091800000
28.019185|211|Rx|d|8|8200FFFFA90000D1
28.019185|214|Rx|d|2|0
28.030493|1b0|Rx|d|4|FF00FFC4
28.030493|5de|Rx|d|8|2
28.040483|211|Rx|d|8|8200FFFFA90000D1
28.040483|214|Rx|d|2|0
28.040483|5df|Rx|d|3|9500
28.052732|1b0|Rx|d|4|FF00FFC4
28.052732|657|Rx|d|2|C0CC
28.052732|211|Rx|d|8|8200FFFFA90000D1
28.052732|214|Rx|d|2|0
28.058971|218|Rx|d|1|98
28.058971|4fa|Rx|d|2|800
28.058971|671|Rx|d|2|200
28.058971|4ac|Rx|d|5|83762A0080
28.058971|45c|Rx|d|6|00000000FFE0
28.070963|1b0|Rx|d|4|FF00FFC4
28.076960|211|Rx|d|8|8200FFFFA90000D1
28.076960|214|Rx|d|2|0
28.082956|4f8|Rx|d|8|94C0000000000000
28.090951|1b0|Rx|d|4|FF00FFC4
28.096947|211|Rx|d|8|8200FFFFA90000D1
28.096947|214|Rx|d|2|0
28.102944|3b7|Rx|d|6|37007FC000C0
28.112941|350|Rx|d|8|C02F3AFA1870A489
28.112941|1b0|Rx|d|4|FF00FFC4
28.112941|4de|Rx|d|3|C00000
28.112941|55d|Rx|d|8|00FD50C091800000
28.112941|646|Rx|d|8|000000020000000C
28.112941|211|Rx|d|8|8200FFFFA90000D1
28.112941|214|Rx|d|2|0
28.131036|1b0|Rx|d|4|FF00FFC4
28.131036|5de|Rx|d|8|2
28.137032|211|Rx|d|8|8200FFFFA90000D1
28.137032|214|Rx|d|2|0
28.143029|5df|Rx|d|3|9500
28.151025|1b0|Rx|d|4|FF00FFC4
28.151025|657|Rx|d|2|C0CC
28.157021|211|Rx|d|8|8200FFFFA90000D1
28.157021|214|Rx|d|2|0
28.157021|218|Rx|d|1|98
28.157021|4fa|Rx|d|2|800
28.157021|671|Rx|d|2|200
28.163018|4ac|Rx|d|5|83762A0080
28.163018|45c|Rx|d|6|00000000FFE0
28.171013|1b0|Rx|d|4|FF00FFC4
28.183899|211|Rx|d|8|8200FFFFA90000D1
28.183899|214|Rx|d|2|0
28.183899|4f8|Rx|d|8|94C0000000000000
28.203748|1b0|Rx|d|4|FF00FFC4
28.203748|211|Rx|d|8|8200FFFFA90000D1
28.203748|214|Rx|d|2|0
28.203748|3b7|Rx|d|6|37007FC000C0
28.224229|350|Rx|d|8|C02F3AFA1870A489
28.224229|1b0|Rx|d|4|FF00FFC4
28.224229|4de|Rx|d|3|C00000
28.224229|55d|Rx|d|8|00FD50C091800000
28.224229|211|Rx|d|8|8200FFFFA90000D1
28.224229|214|Rx|d|2|0
28.240959|1b0|Rx|d|4|FF00FFC4
28.240959|5de|Rx|d|8|2
28.240959|211|Rx|d|8|8200FFFFA90000D1
28.240959|214|Rx|d|2|0
28.240959|5df|Rx|d|3|9500
28.258901|1b0|Rx|d|4|FF00FFC4
28.258901|657|Rx|d|2|C0CC
28.258901|211|Rx|d|8|8200FFFFA90000D1
28.258901|214|Rx|d|2|0
28.258901|218|Rx|d|1|98
28.258901|4fa|Rx|d|2|800
28.258901|671|Rx|d|2|200
28.258901|4ac|Rx|d|5|83752A0080
28.258901|45c|Rx|d|6|00000000FFE0
28.284020|1b0|Rx|d|4|FF00FFC4
28.284020|211|Rx|d|8|8200FFFFA90000D1
28.284020|214|Rx|d|2|0
28.284020|4f8|Rx|d|8|94C0000000000000
28.295352|1b0|Rx|d|4|FF00FFC4
28.295352|211|Rx|d|8|8200FFFFA90000D1
28.295352|214|Rx|d|2|0
28.301347|3b7|Rx|d|6|37007FC000C0
28.323883|350|Rx|d|8|C02F3AFA1870A489
28.323883|1b0|Rx|d|4|FF00FFC4
28.323883|4de|Rx|d|3|C00000
28.323883|55d|Rx|d|8|00FD50C091800000
28.323883|211|Rx|d|8|8200FFFFA90000D1
28.323883|214|Rx|d|2|0
28.338734|1b0|Rx|d|4|FF00FFC4
28.338734|5de|Rx|d|8|2
28.338734|211|Rx|d|8|8200FFFFA90000D1
28.338734|214|Rx|d|2|0
28.338734|5df|Rx|d|3|9500
28.364219|1b0|Rx|d|4|FF00FFC4
28.364219|657|Rx|d|2|C0CC
28.364219|211|Rx|d|8|8200FFFFA90000D1
28.364219|214|Rx|d|2|0
28.364219|218|Rx|d|1|98
28.364219|4fa|Rx|d|2|800
28.364219|671|Rx|d|2|200
28.364219|4ac|Rx|d|5|83752A0080
28.364219|45c|Rx|d|6|00000000FFE0
28.388858|1b0|Rx|d|4|FF00FFC4
28.388858|211|Rx|d|8|8200FFFFA90000D1
28.388858|214|Rx|d|2|0
28.388858|4f8|Rx|d|8|94C0000000000000
28.388858|1b0|Rx|d|4|FF00FFC4
28.414026|211|Rx|d|8|8200FFFFA90000D1
28.414026|214|Rx|d|2|0
28.414026|3b7|Rx|d|6|37007FC000C0
28.414026|350|Rx|d|8|C02F3AFA1870A489
28.414026|1b0|Rx|d|4|FF00FFC4
28.414026|4de|Rx|d|3|C00000
28.414026|55d|Rx|d|8|00FD50C091800000
28.414026|211|Rx|d|8|8200FFFFA90000D1
28.414026|214|Rx|d|2|0
28.438713|1b0|Rx|d|4|FF00FFC4
28.438713|5de|Rx|d|8|2
28.438713|211|Rx|d|8|8200FFFFA90000D1
28.438713|214|Rx|d|2|0
28.438713|5df|Rx|d|3|9500
28.463877|1b0|Rx|d|4|FF00FFC4
28.463877|657|Rx|d|2|C0CC
28.463877|211|Rx|d|8|8200FFFFA90000D1
28.463877|214|Rx|d|2|0
28.463877|218|Rx|d|1|98
28.463877|4fa|Rx|d|2|800
28.463877|671|Rx|d|2|200
28.463877|4ac|Rx|d|5|83762A0080
28.463877|45c|Rx|d|6|00000000FFE0
28.493736|1b0|Rx|d|4|FF00FFC4
28.493736|211|Rx|d|8|8200FFFFA90000D1
28.493736|214|Rx|d|2|0
28.493736|4f8|Rx|d|8|94C0000000000000
28.503664|1b0|Rx|d|4|FF00FFC4
28.503678|211|Rx|d|8|8200FFFFA90000D1
28.503678|214|Rx|d|2|0
28.503678|3b7|Rx|d|6|37007FC000C0
28.528377|350|Rx|d|8|C02F3AFA1870A489
28.528377|1b0|Rx|d|4|FF00FFC4
28.528377|4de|Rx|d|3|C00000
28.528377|55d|Rx|d|8|00FD50C091800000
28.528377|211|Rx|d|8|8200FFFFA90000D1
28.528377|214|Rx|d|2|0
28.539059|1b0|Rx|d|4|FF00FFC4
28.539059|5de|Rx|d|8|2
28.539059|211|Rx|d|8|8200FFFFA90000D1
28.539059|214|Rx|d|2|0
28.540856|5df|Rx|d|3|9500
28.563951|1b0|Rx|d|4|FF00FFC4
28.563951|657|Rx|d|2|C0CC
28.563951|211|Rx|d|8|8200FFFFA90000D1
28.563951|214|Rx|d|2|0
28.563951|218|Rx|d|1|98
28.563951|4fa|Rx|d|2|800
28.563951|671|Rx|d|2|200
28.563951|4ac|Rx|d|5|83762A0080
28.563951|45c|Rx|d|6|00000000FFE0
28.583611|1b0|Rx|d|4|FF00FFC4
28.583611|211|Rx|d|8|8200FFFFA90000D1
28.583611|214|Rx|d|2|0
28.583611|4f8|Rx|d|8|94C0000000000000
28.603866|1b0|Rx|d|4|FF00FFC4
28.603866|211|Rx|d|8|8200FFFFA90000D1
28.603866|214|Rx|d|2|0
28.603866|3b7|Rx|d|6|37007FC000C0
28.624033|350|Rx|d|8|C02F3AFA1870A489
28.624033|1b0|Rx|d|4|FF00FFC4
28.624033|4de|Rx|d|3|C00000
28.624033|55d|Rx|d|8|00FD50C091800000
28.624033|646|Rx|d|8|000000020000000C
28.624033|211|Rx|d|8|8200FFFFA90000D1
28.624033|214|Rx|d|2|0
28.640840|1b0|Rx|d|4|FF00FFC4
28.640840|5de|Rx|d|8|2
28.640840|211|Rx|d|8|8200FFFFA90000D1
28.640840|214|Rx|d|2|0
28.640840|5df|Rx|d|3|9500
28.653992|1b0|Rx|d|4|FF00FFC4
28.653992|657|Rx|d|2|C0CC
28.653992|211|Rx|d|8|8200FFFFA90000D1
28.653992|214|Rx|d|2|0
28.653992|218|Rx|d|1|98
28.653992|4fa|Rx|d|2|800
28.653992|671|Rx|d|2|200
28.673188|4ac|Rx|d|5|83762A0080
28.673188|45c|Rx|d|6|00000000FFE0
28.673188|1b0|Rx|d|4|FF00FFC4
28.673188|211|Rx|d|8|8200FFFFA90000D1
28.673188|214|Rx|d|2|0
28.703704|4f8|Rx|d|8|94C0000000000000
28.703704|1b0|Rx|d|4|FF00FFC4
28.703704|211|Rx|d|8|8200FFFFA90000D1
28.703704|214|Rx|d|2|0
28.713776|3b7|Rx|d|6|37007FC000C0
28.713776|350|Rx|d|8|C02F3AFA1870A489
28.713776|1b0|Rx|d|4|FF00FFC4
28.713776|4de|Rx|d|3|C00000
28.713776|55d|Rx|d|8|00FD50C091800000
28.713776|211|Rx|d|8|8200FFFFA90000D1
28.713776|214|Rx|d|2|0
28.738486|1b0|Rx|d|4|FF00FFC4
28.738486|5de|Rx|d|8|2
28.738486|211|Rx|d|8|8200FFFFA90000D1
28.738486|214|Rx|d|2|0
28.741159|5df|Rx|d|3|9500
28.764086|1b0|Rx|d|4|FF00FFC4
28.764086|657|Rx|d|2|C0CC
28.764086|69f|Rx|d|4|0650859F
28.764086|211|Rx|d|8|8200FFFFA90000D1
28.764086|214|Rx|d|2|0
28.764086|218|Rx|d|1|98
28.773915|4fa|Rx|d|2|800
28.773915|671|Rx|d|2|200
28.773915|4ac|Rx|d|5|83762A0080
28.773915|45c|Rx|d|6|00000000FFE0
28.773915|1b0|Rx|d|4|FF00FFC4
28.773915|211|Rx|d|8|8200FFFFA90000D1
28.773915|214|Rx|d|2|0
28.797806|4f8|Rx|d|8|94C0000000000000
28.797806|1b0|Rx|d|4|FF00FFC4
28.797806|211|Rx|d|8|8200FFFFA90000D1
28.797806|214|Rx|d|2|0
28.813875|3b7|Rx|d|6|37007FC000C0
28.823716|350|Rx|d|8|C02F3AFA1870A489
28.823716|1b0|Rx|d|4|FF00FFC4
28.823716|4de|Rx|d|3|C00000
28.823716|55d|Rx|d|8|00FD50C091800000
28.823716|211|Rx|d|8|8200FFFFA90000D1
28.823716|214|Rx|d|2|0
28.841220|1b0|Rx|d|4|FF00FFC4
28.841220|5de|Rx|d|8|2
28.841220|211|Rx|d|8|8200FFFFA90000D1
28.841220|214|Rx|d|2|0
28.843745|5df|Rx|d|3|9500
28.853627|1b0|Rx|d|4|FF00FFC4
28.853627|657|Rx|d|2|C0CC
28.853627|211|Rx|d|8|8200FFFFA90000D1
28.853627|214|Rx|d|2|0
28.853627|218|Rx|d|1|98
28.853627|4fa|Rx|d|2|800
28.853627|671|Rx|d|2|200
28.874003|4ac|Rx|d|5|83762A0080
28.874003|45c|Rx|d|6|00000000FFE0
28.874003|1b0|Rx|d|4|FF00FFC4
28.874263|211|Rx|d|8|8200FFFFA90000D1
28.874263|214|Rx|d|2|0
28.898642|4f8|Rx|d|8|94C0000000000000
28.898642|1b0|Rx|d|4|FF00FFC4
28.898642|211|Rx|d|8|8200FFFFA90000D1
28.898642|214|Rx|d|2|0
28.898642|3b7|Rx|d|6|37007FC000C0
28.915706|350|Rx|d|8|C02F3AFA1870A489
28.915706|1b0|Rx|d|4|FF00FFC4
28.915706|4de|Rx|d|3|C00000
28.915706|55d|Rx|d|8|00FD50C091800000
28.915706|211|Rx|d|8|8200FFFFA90000D1
28.915706|214|Rx|d|2|0
28.930917|1b0|Rx|d|4|FF00FFC4
28.930917|5de|Rx|d|8|2
28.936914|211|Rx|d|8|8200FFFFA90000D1
28.936914|214|Rx|d|2|0
28.942909|5df|Rx|d|3|9500
28.950905|1b0|Rx|d|4|FF00FFC4
28.950905|657|Rx|d|2|C0CC
28.956902|211|Rx|d|8|8200FFFFA90000D1
28.956902|214|Rx|d|2|0
28.956902|218|Rx|d|1|98
28.956902|4fa|Rx|d|2|800
28.956902|671|Rx|d|2|200
28.962899|4ac|Rx|d|5|83762A0080
28.962899|45c|Rx|d|6|00000000FFE0
28.970893|1b0|Rx|d|4|FF00FFC4
28.976888|211|Rx|d|8|8200FFFFA90000D1
28.976888|214|Rx|d|2|0
28.982886|4f8|Rx|d|8|94C0000000000000
28.990881|1b0|Rx|d|4|FF00FFC4
28.996876|211|Rx|d|8|8200FFFFA90000D1
28.996876|214|Rx|d|2|0
29.002873|3b7|Rx|d|6|37007FC000C0
29.010869|350|Rx|d|8|C02F3AFA1870A489
29.010869|1b0|Rx|d|4|FF00FFC4
29.010869|4de|Rx|d|3|C00000
29.010869|55d|Rx|d|8|00FD50C091800000
29.016865|211|Rx|d|8|8200FFFFA90000D1
29.016865|214|Rx|d|2|0
29.030856|1b0|Rx|d|4|FF00FFC4
29.030856|5de|Rx|d|8|2
29.041143|211|Rx|d|8|8200FFFFA90000D1
29.041143|214|Rx|d|2|0
29.041143|5df|Rx|d|3|9500
29.053260|1b0|Rx|d|4|FF00FFC4
29.053260|657|Rx|d|2|C0CC
29.059069|211|Rx|d|8|8200FFFFA90000D1
29.059069|214|Rx|d|2|0
29.059069|218|Rx|d|1|98
29.059069|4fa|Rx|d|2|800
29.059069|671|Rx|d|2|200
29.059069|4ac|Rx|d|5|83762A0080
29.059069|45c|Rx|d|6|00000000FFE0
29.071073|1b0|Rx|d|4|FF00FFC4
29.080995|211|Rx|d|8|8200FFFFA90000D1
29.080995|214|Rx|d|2|0
29.083023|4f8|Rx|d|8|94C0000000000000
29.093934|1b0|Rx|d|4|FF00FFC4
29.101363|211|Rx|d|8|8200FFFFA90000D1
29.101363|214|Rx|d|2|0
29.101363|3b7|Rx|d|6|37007FC000C0
29.113875|350|Rx|d|8|C02F3AFA1870A489
29.113875|1b0|Rx|d|4|FF00FFC4
29.113875|4de|Rx|d|3|C00000
29.113875|55d|Rx|d|8|00FD50C091800000
29.113875|646|Rx|d|8|000000020000000C
29.113875|211|Rx|d|8|8200FFFFA90000D1
29.113875|214|Rx|d|2|0
29.143756|1b0|Rx|d|4|FF00FFC4
29.143756|5de|Rx|d|8|2
29.143756|211|Rx|d|8|8200FFFFA90000D1
29.143756|214|Rx|d|2|0
29.148305|5df|Rx|d|3|9500
29.148305|1b0|Rx|d|4|FF00FFC4
29.148305|657|Rx|d|2|C0CC
29.174157|211|Rx|d|8|8200FFFFA90000D1
29.174157|214|Rx|d|2|0
29.174157|218|Rx|d|1|98
29.174157|4fa|Rx|d|2|800
29.174157|671|Rx|d|2|200
29.174157|4ac|Rx|d|5|83752A0080
29.174157|45c|Rx|d|6|00000000FFE0
29.174157|1b0|Rx|d|4|FF00FFC4
29.174157|211|Rx|d|8|8200FFFFA90000D1
29.174157|214|Rx|d|2|0
29.203195|4f8|Rx|d|8|94C0000000000000
29.203195|1b0|Rx|d|4|FF00FFC4
29.203195|211|Rx|d|8|8200FFFFA90000D1
29.203195|214|Rx|d|2|0
29.203195|3b7|Rx|d|6|37007FC000C0
29.223740|350|Rx|d|8|C02F3AFA1870A489
29.223740|1b0|Rx|d|4|FF00FFC4
29.223740|4de|Rx|d|3|C00000
29.223740|55d|Rx|d|8|00FD50C091800000
29.223740|211|Rx|d|8|8200FFFFA90000D1
29.223740|214|Rx|d|2|0
29.253748|1b0|Rx|d|4|FF00FFC4
29.253748|5de|Rx|d|8|2
29.253748|211|Rx|d|8|8200FFFFA90000D1
29.253748|214|Rx|d|2|0
29.253748|5df|Rx|d|3|9500
29.253748|1b0|Rx|d|4|FF00FFC4
29.253748|657|Rx|d|2|C0CC
29.253748|211|Rx|d|8|8200FFFFA90000D1
29.253748|214|Rx|d|2|0
29.253748|218|Rx|d|1|98
29.253748|4fa|Rx|d|2|800
29.253748|671|Rx|d|2|200
29.274078|4ac|Rx|d|5|83762A0080
29.274078|45c|Rx|d|6|00000000FFE0
29.284092|1b0|Rx|d|4|FF00FFC4
29.284092|211|Rx|d|8|8200FFFFA90000D1
29.284092|214|Rx|d|2|0
29.293800|4f8|Rx|d|8|94C0000000000000
29.293800|1b0|Rx|d|4|FF00FFC4
29.293800|211|Rx|d|8|8200FFFFA90000D1
29.293800|214|Rx|d|2|0
29.313930|3b7|Rx|d|6|37007FC000C0
29.313930|350|Rx|d|8|C02F3AFA1870A489
29.313930|1b0|Rx|d|4|FF00FFC4
29.313930|4de|Rx|d|3|C00000
29.313930|55d|Rx|d|8|00FD50C091800000
29.313930|211|Rx|d|8|8200FFFFA90000D1
29.313930|214|Rx|d|2|0
29.343352|1b0|Rx|d|4|FF00FFC4
29.343352|5de|Rx|d|8|2
29.343352|211|Rx|d|8|8200FFFFA90000D1
29.343352|214|Rx|d|2|0
29.343352|5df|Rx|d|3|9500
29.373851|1b0|Rx|d|4|FF00FFC4
29.373851|657|Rx|d|2|C0CC
29.373851|211|Rx|d|8|8200FFFFA90000D1
29.373851|214|Rx|d|2|0
29.373851|218|Rx|d|1|98
29.373851|4fa|Rx|d|2|800
29.373851|671|Rx|d|2|200
29.373851|4ac|Rx|d|5|83762A0080
29.373851|45c|Rx|d|6|00000000FFE0
29.373851|1b0|Rx|d|4|FF00FFC4
29.373851|211|Rx|d|8|8200FFFFA90000D1
29.373851|214|Rx|d|2|0
29.393540|4f8|Rx|d|8|94C0000000000000
29.393540|1b0|Rx|d|4|FF00FFC4
29.393540|211|Rx|d|8|8200FFFFA90000D1
29.393540|214|Rx|d|2|0
29.418485|3b7|Rx|d|6|37007FC000C0
29.418485|350|Rx|d|8|C02F3AFA1870A489
29.418485|1b0|Rx|d|4|FF00FFC4
29.418485|4de|Rx|d|3|C00000
29.418485|55d|Rx|d|8|00FD50C091800000
29.418485|211|Rx|d|8|8200FFFFA90000D1
29.418485|214|Rx|d|2|0
29.443742|1b0|Rx|d|4|FF00FFC4
29.443742|5de|Rx|d|8|2
29.443742|211|Rx|d|8|8200FFFFA90000D1
29.443742|214|Rx|d|2|0
29.448573|5df|Rx|d|3|9500
29.448573|1b0|Rx|d|4|FF00FFC4
29.448573|657|Rx|d|2|C0CC
29.474148|211|Rx|d|8|8200FFFFA90000D1
29.474148|214|Rx|d|2|0
29.474148|218|Rx|d|1|98
29.474148|4fa|Rx|d|2|800
29.474148|671|Rx|d|2|200
29.474148|4ac|Rx|d|5|83762A0080
29.474148|45c|Rx|d|6|00000000FFE0
29.474148|1b0|Rx|d|4|FF00FFC4
29.474148|211|Rx|d|8|8200FFFFA90000D1
29.474148|214|Rx|d|2|0
29.493950|4f8|Rx|d|8|94C0000000000000
29.493950|1b0|Rx|d|4|FF00FFC4
29.493950|211|Rx|d|8|8200FFFFA90000D1
29.493950|214|Rx|d|2|0
29.508787|3b7|Rx|d|6|37007FC000C0
29.508787|350|Rx|d|8|C02F3AFA1870A489
29.508787|1b0|Rx|d|4|FF00FFC4
29.508787|4de|Rx|d|3|C00000
29.508787|55d|Rx|d|8|00FD50C091800000
29.522629|211|Rx|d|8|8200FFFFA90000D1
29.522629|214|Rx|d|2|0
29.530573|1b0|Rx|d|4|FF00FFC4
29.530573|5de|Rx|d|8|2
29.536569|211|Rx|d|8|8200FFFFA90000D1
29.536569|214|Rx|d|2|0
29.542565|5df|Rx|d|3|9500
29.550561|1b0|Rx|d|4|FF00FFC4
29.550561|657|Rx|d|2|C0CC
29.556557|211|Rx|d|8|8200FFFFA90000D1
29.556557|214|Rx|d|2|0
29.556557|218|Rx|d|1|98
29.556557|4fa|Rx|d|2|800
29.556557|671|Rx|d|2|200
29.560554|4ac|Rx|d|5|83762A0080
29.560554|45c|Rx|d|6|00000000FFE0
29.570549|1b0|Rx|d|4|FF00FFC4
29.576544|211|Rx|d|8|8200FFFFA90000D1
29.576544|214|Rx|d|2|0
29.582542|4f8|Rx|d|8|94C0000000000000
29.590537|1b0|Rx|d|4|FF00FFC4
29.596536|211|Rx|d|8|8200FFFFA90000D1
29.596536|214|Rx|d|2|0
29.602529|3b7|Rx|d|6|37007FC000C0
29.610524|350|Rx|d|8|C02F3AFA1870A489
29.610524|1b0|Rx|d|4|FF00FFC4
29.610524|4de|Rx|d|3|C00000
29.610524|55d|Rx|d|8|00FD50C091800000
29.610524|646|Rx|d|8|000000020000000C
29.614522|211|Rx|d|8|8200FFFFA90000D1
29.614522|214|Rx|d|2|0
29.630512|1b0|Rx|d|4|FF00FFC4
29.630512|5de|Rx|d|8|2
29.636508|211|Rx|d|8|8200FFFFA90000D1
29.636508|214|Rx|d|2|0
29.649043|5df|Rx|d|3|9500
29.649043|1b0|Rx|d|4|FF00FFC4
29.649043|657|Rx|d|2|C0CC
29.663912|211|Rx|d|8|8200FFFFA90000D1
29.663912|214|Rx|d|2|0
29.663912|218|Rx|d|1|98
29.663912|4fa|Rx|d|2|800
29.663912|671|Rx|d|2|200
29.663912|4ac|Rx|d|5|83762A0080
29.663912|45c|Rx|d|6|00000000FFE0
29.673715|1b0|Rx|d|4|FF00FFC4
29.684236|211|Rx|d|8|8200FFFFA90000D1
29.684236|214|Rx|d|2|0
29.684236|4f8|Rx|d|8|94C0000000000000
29.713930|1b0|Rx|d|4|FF00FFC4
29.713930|211|Rx|d|8|8200FFFFA90000D1
29.713930|214|Rx|d|2|0
29.713930|3b7|Rx|d|6|37007FC000C0
29.718688|350|Rx|d|8|C02F3AFA1870A489
29.718688|1b0|Rx|d|4|FF00FFC4
29.718688|4de|Rx|d|3|C00000
29.718688|55d|Rx|d|8|00FD50C091800000
29.718688|211|Rx|d|8|8200FFFFA90000D1
29.718688|214|Rx|d|2|0
29.734029|1b0|Rx|d|4|FF00FFC4
29.734029|5de|Rx|d|8|2
29.738534|211|Rx|d|8|8200FFFFA90000D1
29.738534|214|Rx|d|2|0
29.738534|5df|Rx|d|3|9500
29.753500|1b0|Rx|d|4|FF00FFC4
29.753500|657|Rx|d|2|C0CC
29.753500|69f|Rx|d|4|0650859F
29.753500|211|Rx|d|8|8200FFFFA90000D1
29.753500|214|Rx|d|2|0
29.753500|218|Rx|d|1|98
29.753500|4fa|Rx|d|2|800
29.753500|671|Rx|d|2|200
29.760015|4ac|Rx|d|5|83752A0080
29.760015|45c|Rx|d|6|00000000FFE0
29.770009|1b0|Rx|d|4|FF00FFC4
29.776005|211|Rx|d|8|8200FFFFA90000D1
29.776005|214|Rx|d|2|0
29.782000|4f8|Rx|d|8|94C0000000000000
29.789996|1b0|Rx|d|4|FF00FFC4
29.795993|211|Rx|d|8|8200FFFFA90000D1
29.795993|214|Rx|d|2|0
29.801989|3b7|Rx|d|6|37007FC000C0
29.809984|350|Rx|d|8|C02F3AFA1870A489
29.809984|1b0|Rx|d|4|FF00FFC4
29.809984|4de|Rx|d|3|C00000
29.809984|55d|Rx|d|8|00FD50C091800000
29.815983|211|Rx|d|8|8200FFFFA90000D1
29.815983|214|Rx|d|2|0
29.829977|1b0|Rx|d|4|FF00FFC4
29.829977|5de|Rx|d|8|2
29.835973|211|Rx|d|8|8200FFFFA90000D1
29.835973|214|Rx|d|2|0
29.841970|5df|Rx|d|3|9500
29.849969|1b0|Rx|d|4|FF00FFC4
29.849969|657|Rx|d|2|C0CC
29.855962|211|Rx|d|8|8200FFFFA90000D1
29.855962|214|Rx|d|2|0
29.855962|218|Rx|d|1|98
29.855962|4fa|Rx|d|2|800
29.855962|671|Rx|d|2|200
29.859959|4ac|Rx|d|5|83762A0080
29.859959|45c|Rx|d|6|00000000FFE0
29.869615|1b0|Rx|d|4|FF00FFC4
29.888987|211|Rx|d|8|8200FFFFA90000D1
29.888987|214|Rx|d|2|0
29.888987|4f8|Rx|d|8|94C0000000000000
29.888987|1b0|Rx|d|4|FF00FFC4
29.914335|211|Rx|d|8|8200FFFFA90000D1
29.914335|214|Rx|d|2|0
29.914335|3b7|Rx|d|6|37007FC000C0
29.914335|350|Rx|d|8|C02F3AFA1870A489
29.914335|1b0|Rx|d|4|FF00FFC4
29.914335|4de|Rx|d|3|C00000
29.914335|55d|Rx|d|8|00FD50C091800000
29.914335|211|Rx|d|8|8200FFFFA90000D1
29.914335|214|Rx|d|2|0
29.934014|1b0|Rx|d|4|FF00FFC4
29.934014|5de|Rx|d|8|2
29.934014|211|Rx|d|8|8200FFFFA90000D1
29.934014|214|Rx|d|2|0
29.948760|5df|Rx|d|3|9500
29.948760|1b0|Rx|d|4|FF00FFC4
29.948760|657|Rx|d|2|C0CC
29.968673|211|Rx|d|8|8200FFFFA90000D1
29.968673|214|Rx|d|2|0
29.968673|218|Rx|d|1|98
29.968673|4fa|Rx|d|2|800
29.968673|671|Rx|d|2|200
29.968673|4ac|Rx|d|5|83762A0080
29.968673|45c|Rx|d|6|00000000FFE0
29.968673|1b0|Rx|d|4|FF00FFC4
29.983705|211|Rx|d|8|8200FFFFA90000D1
29.983705|214|Rx|d|2|0
29.983705|4f8|Rx|d|8|94C0000000000000
29.999027|1b0|Rx|d|4|FF00FFC4
29.999027|211|Rx|d|8|8200FFFFA90000D1
29.999027|214|Rx|d|2|0
30.003557|3b7|Rx|d|6|37007FC000C0
30.018755|350|Rx|d|8|C02F3AFA1870A489
30.018755|1b0|Rx|d|4|FF00FFC4
30.018755|4de|Rx|d|3|C00000
30.018755|55d|Rx|d|8|00FD50C091800000
30.018755|211|Rx|d|8|8200FFFFA90000D1
30.018755|214|Rx|d|2|0
30.033742|1b0|Rx|d|4|FF00FFC4
30.033742|5de|Rx|d|8|2
30.038811|211|Rx|d|8|8200FFFFA90000D1
30.038811|214|Rx|d|2|0
30.038811|5df|Rx|d|3|9500
30.058623|1b0|Rx|d|4|FF00FFC4
30.058623|657|Rx|d|2|C0CC
30.058623|211|Rx|d|8|8200FFFFA90000D1
30.058623|214|Rx|d|2|0
30.058623|218|Rx|d|1|98
30.058623|4fa|Rx|d|2|800
30.058623|671|Rx|d|2|200
30.058623|4ac|Rx|d|5|83752A0080
30.058623|45c|Rx|d|6|00000000FFE0
30.084140|1b0|Rx|d|4|FF00FFC4
30.084140|211|Rx|d|8|8200FFFFA90000D1
30.084140|214|Rx|d|2|0
30.084140|4f8|Rx|d|8|94C0000000000000
30.103858|1b0|Rx|d|4|FF00FFC4
30.103858|6fb|Rx|d|8|0F01A454FF0000FF
30.103858|211|Rx|d|8|8200FFFFA90000D1
30.103858|214|Rx|d|2|0
30.103858|3b7|Rx|d|6|37007FC000C0
30.113594|350|Rx|d|8|C02F3AFA1870A489
30.113594|1b0|Rx|d|4|FF00FFC4
30.113594|4de|Rx|d|3|C00000
30.113594|55d|Rx|d|8|00FD50C091800000
30.113594|646|Rx|d|8|000000020000000C
30.113594|211|Rx|d|8|8200FFFFA90000D1
30.113594|214|Rx|d|2|0
30.121786|5ce|Rx|d|3|FEFF00
30.129780|1b0|Rx|d|4|FF00FFC4
30.129780|5de|Rx|d|8|2
30.135783|211|Rx|d|8|8200FFFFA90000D1
30.135783|214|Rx|d|2|0
30.141773|5df|Rx|d|3|9500
30.149767|1b0|Rx|d|4|FF00FFC4
30.149767|657|Rx|d|2|C0CC
30.155764|211|Rx|d|8|8200FFFFA90000D1
30.155764|214|Rx|d|2|0
30.155764|218|Rx|d|1|98
30.155764|4fa|Rx|d|2|800
30.155764|671|Rx|d|2|200
30.159761|4ac|Rx|d|5|83762A0080
30.159761|45c|Rx|d|6|00000000FFE0
30.169755|1b0|Rx|d|4|FF00FFC4
30.175752|211|Rx|d|8|8200FFFFA90000D1
30.175752|214|Rx|d|2|0
30.181748|4f8|Rx|d|8|94C0000000000000
30.189743|1b0|Rx|d|4|FF00FFC4
30.195740|211|Rx|d|8|8200FFFFA90000D1
30.195740|214|Rx|d|2|0
30.201736|3b7|Rx|d|6|37007FC000C0
30.209731|350|Rx|d|8|C02F3AFA1870A489
30.209731|1b0|Rx|d|4|FF00FFC4
30.209731|4de|Rx|d|3|C00000
30.209731|55d|Rx|d|8|00FD50C091800000
30.215727|211|Rx|d|8|8200FFFFA90000D1
30.215727|214|Rx|d|2|0
30.233609|1b0|Rx|d|4|FF00FFC4
30.233609|5de|Rx|d|8|2
30.233609|211|Rx|d|8|8200FFFFA90000D1
30.233609|214|Rx|d|2|0
30.254019|5df|Rx|d|3|9500
30.254019|1b0|Rx|d|4|FF00FFC4
30.254019|657|Rx|d|2|C0CC
30.258525|211|Rx|d|8|8200FFFFA90000D1
30.258525|214|Rx|d|2|0
30.258525|218|Rx|d|1|98
30.258525|4fa|Rx|d|2|800
30.258525|671|Rx|d|2|200
30.263652|4ac|Rx|d|5|83762A0080
30.263652|45c|Rx|d|6|00000000FFE0
30.279036|1b0|Rx|d|4|FF00FFC4
30.279036|211|Rx|d|8|8200FFFFA90000D1
30.279036|214|Rx|d|2|0
30.293738|4f8|Rx|d|8|94C0000000000000
30.298543|1b0|Rx|d|4|FF00FFC4
30.298543|211|Rx|d|8|8200FFFFA90000D1
30.298543|214|Rx|d|2|0
30.298543|3b7|Rx|d|6|37007FC000C0
30.322672|350|Rx|d|8|C02F3AFA1870A489
30.322672|1b0|Rx|d|4|FF00FFC4
30.322672|4de|Rx|d|3|C00000
30.322672|55d|Rx|d|8|00FD50C091800000
30.322672|211|Rx|d|8|8200FFFFA90000D1
30.322672|214|Rx|d|2|0
30.338809|1b0|Rx|d|4|FF00FFC4
30.338809|5de|Rx|d|8|2
30.338809|211|Rx|d|8|8200FFFFA90000D1
30.338809|214|Rx|d|2|0
30.343927|5df|Rx|d|3|9500
30.355359|1b0|Rx|d|4|FF00FFC4
30.355359|657|Rx|d|2|C0CC
30.355359|211|Rx|d|8|8200FFFFA90000D1
30.355359|214|Rx|d|2|0
30.355359|218|Rx|d|1|98
30.355359|4fa|Rx|d|2|800
30.355359|671|Rx|d|2|200
30.373156|4ac|Rx|d|5|83762A0080
30.373156|45c|Rx|d|6|00000000FFE0
30.373156|1b0|Rx|d|4|FF00FFC4
30.373156|211|Rx|d|8|8200FFFFA90000D1
30.373156|214|Rx|d|2|0
30.380664|4f8|Rx|d|8|94C0000000000000
30.390657|1b0|Rx|d|4|FF00FFC4
30.396653|211|Rx|d|8|8200FFFFA90000D1
30.396653|214|Rx|d|2|0
30.402660|3b7|Rx|d|6|37007FC000C0
30.410644|350|Rx|d|8|C02F3AFA1870A489
30.410644|1b0|Rx|d|4|FF00FFC4
30.410644|4de|Rx|d|3|C00000
30.410644|55d|Rx|d|8|00FD50C091800000
30.414646|211|Rx|d|8|8200FFFFA90000D1
30.414646|214|Rx|d|2|0
30.430632|1b0|Rx|d|4|FF00FFC4
30.430632|5de|Rx|d|8|2
30.436629|211|Rx|d|8|8200FFFFA90000D1
30.436629|214|Rx|d|2|0
30.442625|5df|Rx|d|3|9500
30.450620|1b0|Rx|d|4|FF00FFC4
30.450620|657|Rx|d|2|C0CC
30.456619|211|Rx|d|8|8200FFFFA90000D1
30.456619|214|Rx|d|2|0
30.458615|218|Rx|d|1|98
30.458615|4fa|Rx|d|2|800
30.458615|671|Rx|d|2|200
30.458615|4ac|Rx|d|5|83762A0080
30.458615|45c|Rx|d|6|00000000FFE0
30.470608|1b0|Rx|d|4|FF00FFC4
30.476604|211|Rx|d|8|8200FFFFA90000D1
30.476604|214|Rx|d|2|0
30.482600|4f8|Rx|d|8|94C0000000000000
30.490595|1b0|Rx|d|4|FF00FFC4
30.496595|211|Rx|d|8|8200FFFFA90000D1
30.496595|214|Rx|d|2|0
30.509318|3b7|Rx|d|6|37007FC000C0
30.509318|350|Rx|d|8|C02F3AFA1870A489
30.509318|1b0|Rx|d|4|FF00FFC4
30.509318|4de|Rx|d|3|C00000
30.509318|55d|Rx|d|8|00FD50C091800000
30.522796|211|Rx|d|8|8200FFFFA90000D1
30.522796|214|Rx|d|2|0
30.533671|1b0|Rx|d|4|FF00FFC4
30.533671|5de|Rx|d|8|2
30.543834|211|Rx|d|8|8200FFFFA90000D1
30.543834|214|Rx|d|2|0
30.548795|5df|Rx|d|3|9500
30.548795|1b0|Rx|d|4|FF00FFC4
30.548795|657|Rx|d|2|C0CC
30.568520|211|Rx|d|8|8200FFFFA90000D1
30.568520|214|Rx|d|2|0
30.568520|218|Rx|d|1|98
30.568520|4fa|Rx|d|2|800
30.568520|671|Rx|d|2|200
30.568520|4ac|Rx|d|5|83762A0080
30.568520|45c|Rx|d|6|00000000FFE0
30.573984|1b0|Rx|d|4|FF00FFC4
30.573984|211|Rx|d|8|8200FFFFA90000D1
30.573984|214|Rx|d|2|0
30.604180|4f8|Rx|d|8|94C0000000000000
30.604180|1b0|Rx|d|4|FF00FFC4
30.604180|211|Rx|d|8|8200FFFFA90000D1
30.604180|214|Rx|d|2|0
30.604180|3b7|Rx|d|6|37007FC000C0
30.620262|350|Rx|d|8|C02F3AFA1870A489
30.620262|1b0|Rx|d|4|FF00FFC4
30.620262|4de|Rx|d|3|C00000
30.620262|55d|Rx|d|8|00FD50C091800000
30.620262|646|Rx|d|8|000000020000000C
30.620262|211|Rx|d|8|8200FFFFA90000D1
30.620262|214|Rx|d|2|0
30.633651|1b0|Rx|d|4|FF00FFC4
30.633651|5de|Rx|d|8|2
30.643577|211|Rx|d|8|8200FFFFA90000D1
30.643577|214|Rx|d|2|0
30.648584|5df|Rx|d|3|9500
30.653701|1b0|Rx|d|4|FF00FFC4
30.653701|657|Rx|d|2|C0CC
30.653701|211|Rx|d|8|8200FFFFA90000D1
30.653701|214|Rx|d|2|0
30.653701|218|Rx|d|1|98
30.653701|4fa|Rx|d|2|800
30.653701|671|Rx|d|2|200
30.673869|4ac|Rx|d|5|83762A0080
30.673869|45c|Rx|d|6|00000000FFE0
30.673869|1b0|Rx|d|4|FF00FFC4
30.673869|211|Rx|d|8|8200FFFFA90000D1
30.673869|214|Rx|d|2|0
30.688941|4f8|Rx|d|8|94C0000000000000
30.688941|1b0|Rx|d|4|FF00FFC4
30.712915|211|Rx|d|8|8200FFFFA90000D1
30.712915|214|Rx|d|2|0
30.712915|3b7|Rx|d|6|37007FC000C0
30.712915|350|Rx|d|8|C02F3AFA1870A489
30.712915|1b0|Rx|d|4|FF00FFC4
30.712915|4de|Rx|d|3|C00000
30.712915|55d|Rx|d|8|00FD50C091800000
30.712915|211|Rx|d|8|8200FFFFA90000D1
30.712915|214|Rx|d|2|0
30.734098|1b0|Rx|d|4|FF00FFC4
30.734098|5de|Rx|d|8|2
30.734098|211|Rx|d|8|8200FFFFA90000D1
30.734098|214|Rx|d|2|0
30.748959|5df|Rx|d|3|9500
30.753494|1b0|Rx|d|4|FF00FFC4
30.753494|657|Rx|d|2|C0CC
30.753494|69f|Rx|d|4|0650859F
30.753494|211|Rx|d|8|8200FFFFA90000D1
30.753494|214|Rx|d|2|0
30.753494|218|Rx|d|1|98
30.753494|4fa|Rx|d|2|800
30.753494|671|Rx|d|2|200
30.773546|4ac|Rx|d|5|83762A0080
30.773546|45c|Rx|d|6|00000000FFE0
30.773546|1b0|Rx|d|4|FF00FFC4
30.773546|211|Rx|d|8|8200FFFFA90000D1
30.773546|214|Rx|d|2|0
30.788777|4f8|Rx|d|8|94C0000000000000
30.788777|1b0|Rx|d|4|FF00FFC4
30.803829|211|Rx|d|8|8200FFFFA90000D1
30.803829|214|Rx|d|2|0
30.803829|3b7|Rx|d|6|37007FC000C0
30.813855|350|Rx|d|8|C02F3AFA1870A489
30.813855|1b0|Rx|d|4|FF00FFC4
30.813855|4de|Rx|d|3|C00000
30.813855|55d|Rx|d|8|00FD50C091800000
30.823557|211|Rx|d|8|8200FFFFA90000D1
30.823557|214|Rx|d|2|0
30.833770|1b0|Rx|d|4|FF00FFC4
30.833770|5de|Rx|d|8|2
30.833770|211|Rx|d|8|8200FFFFA90000D1
30.833770|214|Rx|d|2|0
30.843356|5df|Rx|d|3|9500
30.853577|1b0|Rx|d|4|FF00FFC4
30.853577|657|Rx|d|2|C0CC
30.855605|211|Rx|d|8|8200FFFFA90000D1
30.855605|214|Rx|d|2|0
30.855605|218|Rx|d|1|98
30.855605|4fa|Rx|d|2|800
30.855605|671|Rx|d|2|200
30.859904|4ac|Rx|d|5|83762A0080
30.859904|45c|Rx|d|6|00000000FFE0
30.884061|1b0|Rx|d|4|FF00FFC4
30.884061|211|Rx|d|8|8200FFFFA90000D1
30.884061|214|Rx|d|2|0
30.884061|4f8|Rx|d|8|94C0000000000000
30.908673|1b0|Rx|d|4|FF00FFC4
30.908673|211|Rx|d|8|8200FFFFA90000D1
30.908673|214|Rx|d|2|0
30.908673|3b7|Rx|d|6|37007FC000C0
30.908673|350|Rx|d|8|C02F3AFA1870A489
30.908673|1b0|Rx|d|4|FF00FFC4
30.908673|4de|Rx|d|3|C00000
30.908673|55d|Rx|d|8|00FD50C091800000
30.923642|211|Rx|d|8|8200FFFFA90000D1
30.923642|214|Rx|d|2|0
30.933694|1b0|Rx|d|4|FF00FFC4
30.933694|5de|Rx|d|8|2
30.938573|211|Rx|d|8|8200FFFFA90000D1
30.938573|214|Rx|d|2|0
30.938573|5df|Rx|d|3|9500
30.953530|1b0|Rx|d|4|FF00FFC4
30.953530|657|Rx|d|2|C0CC
30.953530|211|Rx|d|8|8200FFFFA90000D1
30.953530|214|Rx|d|2|0
30.953530|218|Rx|d|1|98
30.953530|4fa|Rx|d|2|800
30.953530|671|Rx|d|2|200
30.973827|4ac|Rx|d|5|83762A0080
30.973827|45c|Rx|d|6|00000000FFE0
30.982633|1b0|Rx|d|4|FF00FFC4
30.982633|211|Rx|d|8|8200FFFFA90000D1
30.982633|214|Rx|d|2|0
30.982633|4f8|Rx|d|8|94C0000000000000
30.999019|1b0|Rx|d|4|FF00FFC4
30.999019|211|Rx|d|8|8200FFFFA90000D1
30.999019|214|Rx|d|2|0
31.008886|3b7|Rx|d|6|37007FC000C0
31.008886|350|Rx|d|8|C02F3AFA1870A489
31.008886|1b0|Rx|d|4|FF00FFC4
31.008886|4de|Rx|d|3|C00000
31.008886|55d|Rx|d|8|00FD50C091800000
31.034064|211|Rx|d|8|8200FFFFA90000D1
31.034064|214|Rx|d|2|0
31.034064|1b0|Rx|d|4|FF00FFC4
31.034064|5de|Rx|d|8|2
31.034064|211|Rx|d|8|8200FFFFA90000D1
31.034064|214|Rx|d|2|0
31.053859|5df|Rx|d|3|9500
31.053859|1b0|Rx|d|4|FF00FFC4
31.053859|657|Rx|d|2|C0CC
31.053859|211|Rx|d|8|8200FFFFA90000D1
31.053859|214|Rx|d|2|0
31.053859|218|Rx|d|1|98
31.053859|4fa|Rx|d|2|800
31.053859|671|Rx|d|2|200
31.073871|4ac|Rx|d|5|83762A0080
31.073871|45c|Rx|d|6|00000000FFE0
31.073871|1b0|Rx|d|4|FF00FFC4
31.073871|211|Rx|d|8|8200FFFFA90000D1
31.073871|214|Rx|d|2|0
31.093713|4f8|Rx|d|8|94C0000000000000
31.093713|1b0|Rx|d|4|FF00FFC4
31.098495|211|Rx|d|8|8200FFFFA90000D1
31.098495|214|Rx|d|2|0
31.103680|3b7|Rx|d|6|37007FC000C0
31.113909|350|Rx|d|8|C02F3AFA1870A489
31.113909|1b0|Rx|d|4|FF00FFC4
31.113909|4de|Rx|d|3|C00000
31.113909|55d|Rx|d|8|00FD50C091800000
31.118910|646|Rx|d|8|000000020000000C
31.118910|211|Rx|d|8|8200FFFFA90000D1
31.118910|214|Rx|d|2|0
31.143075|1b0|Rx|d|4|FF00FFC4
31.143075|5de|Rx|d|8|2
31.143075|211|Rx|d|8|8200FFFFA90000D1
31.143075|214|Rx|d|2|0
31.143075|5df|Rx|d|3|9500
31.174088|1b0|Rx|d|4|FF00FFC4
31.174088|657|Rx|d|2|C0CC
31.174088|211|Rx|d|8|8200FFFFA90000D1
31.174088|214|Rx|d|2|0
31.174088|218|Rx|d|1|98
31.174088|4fa|Rx|d|2|800
31.174088|671|Rx|d|2|200
31.174088|4ac|Rx|d|5|83762A0080
31.174088|45c|Rx|d|6|00000000FFE0
31.174088|1b0|Rx|d|4|FF00FFC4
31.174088|211|Rx|d|8|8200FFFFA90000D1
31.174088|214|Rx|d|2|0
31.204461|4f8|Rx|d|8|94C0000000000000
31.204461|1b0|Rx|d|4|FF00FFC4
31.204461|211|Rx|d|8|8200FFFFA90000D1
31.204461|214|Rx|d|2|0
31.204461|3b7|Rx|d|6|37007FC000C0
31.224023|350|Rx|d|8|C02F3AFA1870A489
31.224023|1b0|Rx|d|4|FF00FFC4
31.224023|4de|Rx|d|3|C00000
31.224023|55d|Rx|d|8|00FD50C091800000
31.224023|211|Rx|d|8|8200FFFFA90000D1
31.224023|214|Rx|d|2|0
31.235889|1b0|Rx|d|4|FF00FFC4
31.235889|5de|Rx|d|8|2
31.235889|211|Rx|d|8|8200FFFFA90000D1
31.235889|214|Rx|d|2|0
31.254100|5df|Rx|d|3|9500
31.254100|1b0|Rx|d|4|FF00FFC4
31.254100|657|Rx|d|2|C0CC
31.254100|211|Rx|d|8|8200FFFFA90000D1
31.254100|214|Rx|d|2|0
31.254100|218|Rx|d|1|98
31.254100|4fa|Rx|d|2|800
31.254100|671|Rx|d|2|200
31.283828|4ac|Rx|d|5|83762A0080
31.283828|45c|Rx|d|6|00000000FFE0
31.283828|1b0|Rx|d|4|FF00FFC4
31.283828|211|Rx|d|8|8200FFFFA90000D1
31.283828|214|Rx|d|2|0
31.283828|4f8|Rx|d|8|94C0000000000000
31.308470|1b0|Rx|d|4|FF00FFC4
31.308470|211|Rx|d|8|8200FFFFA90000D1
31.308470|214|Rx|d|2|0
31.308470|3b7|Rx|d|6|37007FC000C0
31.314019|350|Rx|d|8|C02F3AFA1870A489
31.314019|1b0|Rx|d|4|FF00FFC4
31.314019|4de|Rx|d|3|C00000
31.314019|55d|Rx|d|8|00FD50C091800000
31.314019|211|Rx|d|8|8200FFFFA90000D1
31.314019|214|Rx|d|2|0
31.343878|1b0|Rx|d|4|FF00FFC4
31.343878|5de|Rx|d|8|2
31.343878|211|Rx|d|8|8200FFFFA90000D1
31.343878|214|Rx|d|2|0
31.343878|5df|Rx|d|3|9500
31.362620|1b0|Rx|d|4|FF00FFC4
31.362620|657|Rx|d|2|C0CC
31.362620|211|Rx|d|8|8200FFFFA90000D1
31.362620|214|Rx|d|2|0
31.362620|218|Rx|d|1|98
31.362620|4fa|Rx|d|2|800
31.362620|671|Rx|d|2|200
31.362620|4ac|Rx|d|5|83762A0080
31.362620|45c|Rx|d|6|00000000FFE0
31.384062|1b0|Rx|d|4|FF00FFC4
31.384062|211|Rx|d|8|8200FFFFA90000D1
31.384062|214|Rx|d|2|0
31.393967|4f8|Rx|d|8|94C0000000000000
31.393967|1b0|Rx|d|4|FF00FFC4
31.393967|211|Rx|d|8|8200FFFFA90000D1
31.393967|214|Rx|d|2|0
31.423061|3b7|Rx|d|6|37007FC000C0
31.423061|350|Rx|d|8|C02F3AFA1870A489
31.423061|1b0|Rx|d|4|FF00FFC4
31.423061|4de|Rx|d|3|C00000
31.423061|55d|Rx|d|8|00FD50C091800000
31.423061|211|Rx|d|8|8200FFFFA90000D1
31.423061|214|Rx|d|2|0
31.439058|1b0|Rx|d|4|FF00FFC4
31.439058|5de|Rx|d|8|2
31.447233|211|Rx|d|8|8200FFFFA90000D1
31.447233|214|Rx|d|2|0
31.447233|5df|Rx|d|3|9500
31.464080|1b0|Rx|d|4|FF00FFC4
31.464080|657|Rx|d|2|C0CC
31.464080|211|Rx|d|8|8200FFFFA90000D1
31.464080|214|Rx|d|2|0
31.464080|218|Rx|d|1|98
31.464080|4fa|Rx|d|2|800
31.464080|671|Rx|d|2|200
31.473977|4ac|Rx|d|5|83752A0080
31.473977|45c|Rx|d|6|00000000FFE0
31.473977|1b0|Rx|d|4|FF00FFC4
31.473977|211|Rx|d|8|8200FFFFA90000D1
31.473977|214|Rx|d|2|0
31.493538|4f8|Rx|d|8|94C0000000000000
31.493538|1b0|Rx|d|4|FF00FFC4
31.493538|211|Rx|d|8|8200FFFFA90000D1
31.493538|214|Rx|d|2|0
31.514064|3b7|Rx|d|6|37007FC000C0
31.514064|350|Rx|d|8|C02F3AFA1870A489
31.514064|1b0|Rx|d|4|FF00FFC4
31.514064|4de|Rx|d|3|C00000
31.514064|55d|Rx|d|8|00FD50C091800000
31.514064|211|Rx|d|8|8200FFFFA90000D1
31.514064|214|Rx|d|2|0
31.543908|1b0|Rx|d|4|FF00FFC4
31.543908|5de|Rx|d|8|2
31.543908|211|Rx|d|8|8200FFFFA90000D1
31.543908|214|Rx|d|2|0
31.543908|5df|Rx|d|3|9500
31.558742|1b0|Rx|d|4|FF00FFC4
31.558742|657|Rx|d|2|C0CC
31.558742|211|Rx|d|8|8200FFFFA90000D1
31.558742|214|Rx|d|2|0
31.558742|218|Rx|d|1|98
31.558742|4fa|Rx|d|2|800
31.558742|671|Rx|d|2|200
31.558742|4ac|Rx|d|5|83762A0080
31.558742|45c|Rx|d|6|00000000FFE0
31.573950|1b0|Rx|d|4|FF00FFC4
31.573950|211|Rx|d|8|8200FFFFA90000D1
31.573950|214|Rx|d|2|0
31.604112|4f8|Rx|d|8|94C0000000000000
31.604112|1b0|Rx|d|4|FF00FFC4
31.604112|211|Rx|d|8|8200FFFFA90000D1
31.604112|214|Rx|d|2|0
31.604112|3b7|Rx|d|6|37007FC000C0
31.618545|350|Rx|d|8|C02F3AFA1870A489
31.618545|1b0|Rx|d|4|FF00FFC4
31.618545|4de|Rx|d|3|C00000
31.618545|55d|Rx|d|8|00FD50C091800000
31.618545|646|Rx|d|8|000000020000000C
31.618545|211|Rx|d|8|8200FFFFA90000D1
31.618545|214|Rx|d|2|0
31.633570|1b0|Rx|d|4|FF00FFC4
31.633570|5de|Rx|d|8|2
31.638525|211|Rx|d|8|8200FFFFA90000D1
31.638525|214|Rx|d|2|0
31.638525|5df|Rx|d|3|9500
31.663196|1b0|Rx|d|4|FF00FFC4
31.663196|657|Rx|d|2|C0CC
31.663196|211|Rx|d|8|8200FFFFA90000D1
31.663196|214|Rx|d|2|0
31.663196|218|Rx|d|1|98
31.663196|4fa|Rx|d|2|800
31.663196|671|Rx|d|2|200
31.663196|4ac|Rx|d|5|83762A0080
31.663196|45c|Rx|d|6|00000000FFE0
31.693370|1b0|Rx|d|4|FF00FFC4
31.693370|211|Rx|d|8|8200FFFFA90000D1
31.693370|214|Rx|d|2|0
31.693370|4f8|Rx|d|8|94C0000000000000
31.693370|1b0|Rx|d|4|FF00FFC4
31.693370|211|Rx|d|8|8200FFFFA90000D1
31.693370|214|Rx|d|2|0
31.713878|3b7|Rx|d|6|37007FC000C0
31.713878|350|Rx|d|8|C02F3AFA1870A489
31.713878|1b0|Rx|d|4|FF00FFC4
31.713878|4de|Rx|d|3|C00000
31.713878|55d|Rx|d|8|00FD50C091800000
31.713878|211|Rx|d|8|8200FFFFA90000D1
31.713878|214|Rx|d|2|0
31.730291|1b0|Rx|d|4|FF00FFC4
31.730291|5de|Rx|d|8|2
31.736289|211|Rx|d|8|8200FFFFA90000D1
31.736289|214|Rx|d|2|0
31.738286|5df|Rx|d|3|9500
31.763961|1b0|Rx|d|4|FF00FFC4
31.763961|657|Rx|d|2|C0CC
31.763961|69f|Rx|d|4|0650859F
31.763961|211|Rx|d|8|8200FFFFA90000D1
31.763961|214|Rx|d|2|0
31.763961|218|Rx|d|1|98
31.763961|4fa|Rx|d|2|800
31.763961|671|Rx|d|2|200
31.763961|4ac|Rx|d|5|83762A0080
31.763961|45c|Rx|d|6|00000000FFE0
31.793514|1b0|Rx|d|4|FF00FFC4
31.793514|211|Rx|d|8|8200FFFFA90000D1
31.793514|214|Rx|d|2|0
31.793514|4f8|Rx|d|8|94C0000000000000
31.793514|1b0|Rx|d|4|FF00FFC4
31.793514|211|Rx|d|8|8200FFFFA90000D1
31.793514|214|Rx|d|2|0
31.823565|3b7|Rx|d|6|37007FC000C0
31.823565|350|Rx|d|8|C02F3AFA1870A489
31.823565|1b0|Rx|d|4|FF00FFC4
31.823565|4de|Rx|d|3|C00000
31.823565|55d|Rx|d|8|00FD50C091800000
31.823565|211|Rx|d|8|8200FFFFA90000D1
31.823565|214|Rx|d|2|0
31.838611|1b0|Rx|d|4|FF00FFC4
31.838611|5de|Rx|d|8|2
31.838611|211|Rx|d|8|8200FFFFA90000D1
31.838611|214|Rx|d|2|0
31.838611|5df|Rx|d|3|9500
31.862978|1b0|Rx|d|4|FF00FFC4
31.862978|657|Rx|d|2|C0CC
31.862978|211|Rx|d|8|8200FFFFA90000D1
31.862978|214|Rx|d|2|0
31.862978|218|Rx|d|1|98
31.862978|4fa|Rx|d|2|800
31.862978|671|Rx|d|2|200
31.862978|4ac|Rx|d|5|83752A0080
31.862978|45c|Rx|d|6|00000000FFE0
31.883850|1b0|Rx|d|4|FF00FFC4
31.883850|211|Rx|d|8|8200FFFFA90000D1
31.883850|214|Rx|d|2|0
31.883850|4f8|Rx|d|8|94C0000000000000
31.903608|1b0|Rx|d|4|FF00FFC4
31.903608|211|Rx|d|8|8200FFFFA90000D1
31.903608|214|Rx|d|2|0
31.903608|3b7|Rx|d|6|37007FC000C0
31.918534|350|Rx|d|8|C02F3AFA1870A489
31.918534|1b0|Rx|d|4|FF00FFC4
31.918534|4de|Rx|d|3|C00000
31.918534|55d|Rx|d|8|00FD50C091800000
31.918534|211|Rx|d|8|8200FFFFA90000D1
31.918534|214|Rx|d|2|0
31.933603|1b0|Rx|d|4|FF00FFC4
31.933603|5de|Rx|d|8|2
31.933603|211|Rx|d|8|8200FFFFA90000D1
31.933603|214|Rx|d|2|0
31.954151|5df|Rx|d|3|9500
31.954151|1b0|Rx|d|4|FF00FFC4
31.954151|657|Rx|d|2|C0CC
31.954151|211|Rx|d|8|8200FFFFA90000D1
31.954151|214|Rx|d|2|0
31.954151|218|Rx|d|1|98
31.954151|4fa|Rx|d|2|800
31.954151|671|Rx|d|2|200
31.968660|4ac|Rx|d|5|83762A0080
31.968660|45c|Rx|d|6|00000000FFE0
31.968660|1b0|Rx|d|4|FF00FFC4
31.984223|211|Rx|d|8|8200FFFFA90000D1
31.984223|214|Rx|d|2|0
31.984223|4f8|Rx|d|8|94C0000000000000
32.003915|1b0|Rx|d|4|FF00FFC4
32.003915|211|Rx|d|8|8200FFFFA90000D1
32.003915|214|Rx|d|2|0
32.003915|3b7|Rx|d|6|37007FC000C0
32.018815|350|Rx|d|8|C02F3AFA1870A489
32.018815|1b0|Rx|d|4|FF00FFC4
32.018815|4de|Rx|d|3|C00000
32.018815|55d|Rx|d|8|00FD50C091800000
32.018815|211|Rx|d|8|8200FFFFA90000D1
32.018815|214|Rx|d|2|0
32.033853|1b0|Rx|d|4|FF00FFC4
32.033853|5de|Rx|d|8|2
32.033853|211|Rx|d|8|8200FFFFA90000D1
32.033853|214|Rx|d|2|0
32.043810|5df|Rx|d|3|9500
32.053414|1b0|Rx|d|4|FF00FFC4
32.053414|657|Rx|d|2|C0CC
32.053414|211|Rx|d|8|8200FFFFA90000D1
32.053414|214|Rx|d|2|0
32.053414|218|Rx|d|1|98
32.053414|4fa|Rx|d|2|800
32.053414|671|Rx|d|2|200
32.068720|4ac|Rx|d|5|83762A0080
32.068720|45c|Rx|d|6|00000000FFE0
32.068720|1b0|Rx|d|4|FF00FFC4
32.078600|211|Rx|d|8|8200FFFFA90000D1
32.078600|214|Rx|d|2|0
32.085416|4f8|Rx|d|8|94C0000000000000
32.097208|1b0|Rx|d|4|FF00FFC4
32.097208|211|Rx|d|8|8200FFFFA90000D1
32.097208|214|Rx|d|2|0
32.105486|3b7|Rx|d|6|37007FC000C0
32.113773|350|Rx|d|8|C02F3AFA1870A489
32.113773|1b0|Rx|d|4|FF00FFC4
32.113773|4de|Rx|d|3|C00000
32.113773|55d|Rx|d|8|00FD50C091800000
32.113773|646|Rx|d|8|000000020000000C
32.115810|211|Rx|d|8|8200FFFFA90000D1
32.115810|214|Rx|d|2|0
32.133932|1b0|Rx|d|4|FF00FFC4
32.133932|5de|Rx|d|8|2
32.136065|211|Rx|d|8|8200FFFFA90000D1
32.136065|214|Rx|d|2|0
32.138095|5df|Rx|d|3|9500
32.153828|1b0|Rx|d|4|FF00FFC4
32.153828|657|Rx|d|2|C0CC
32.153828|211|Rx|d|8|8200FFFFA90000D1
32.153828|214|Rx|d|2|0
32.153828|218|Rx|d|1|98
32.153828|4fa|Rx|d|2|800
32.153828|671|Rx|d|2|200
32.163903|4ac|Rx|d|5|83752A0080
32.163903|45c|Rx|d|6|00000000FFE0
32.168488|1b0|Rx|d|4|FF00FFC4
32.176680|211|Rx|d|8|8200FFFFA90000D1
32.176680|214|Rx|d|2|0
32.185419|4f8|Rx|d|8|94C0000000000000
32.191412|1b0|Rx|d|4|FF00FFC4
32.197409|211|Rx|d|8|8200FFFFA90000D1
32.197409|214|Rx|d|2|0
32.203750|3b7|Rx|d|6|37007FC000C0
32.209745|350|Rx|d|8|C02F3AFA1870A489
32.209745|1b0|Rx|d|4|FF00FFC4
32.209745|4de|Rx|d|3|C00000
32.209745|55d|Rx|d|8|00FD50C091800000
32.215743|211|Rx|d|8|8200FFFFA90000D1
32.215743|214|Rx|d|2|0
32.229733|1b0|Rx|d|4|FF00FFC4
32.229733|5de|Rx|d|8|2
32.235730|211|Rx|d|8|8200FFFFA90000D1
32.235730|214|Rx|d|2|0
32.241727|5df|Rx|d|3|9500
32.249722|1b0|Rx|d|4|FF00FFC4
32.249722|657|Rx|d|2|C0CC
32.255717|211|Rx|d|8|8200FFFFA90000D1
32.255717|214|Rx|d|2|0
32.255717|218|Rx|d|1|98
32.255717|4fa|Rx|d|2|800
32.255717|671|Rx|d|2|200
32.259714|4ac|Rx|d|5|83762A0080
32.259714|45c|Rx|d|6|00000000FFE0
32.269709|1b0|Rx|d|4|FF00FFC4
32.275707|211|Rx|d|8|8200FFFFA90000D1
32.275707|214|Rx|d|2|0
32.281702|4f8|Rx|d|8|94C0000000000000
32.289697|1b0|Rx|d|4|FF00FFC4
32.295693|211|Rx|d|8|8200FFFFA90000D1
32.295693|214|Rx|d|2|0
32.301689|3b7|Rx|d|6|37007FC000C0
32.309688|350|Rx|d|8|C02F3AFA1870A489
32.309688|1b0|Rx|d|4|FF00FFC4
32.309688|4de|Rx|d|3|C00000
32.309688|55d|Rx|d|8|00FD50C091800000
32.315337|211|Rx|d|8|8200FFFFA90000D1
32.315337|214|Rx|d|2|0
32.343367|1b0|Rx|d|4|FF00FFC4
32.343367|5de|Rx|d|8|2
32.343367|211|Rx|d|8|8200FFFFA90000D1
32.343367|214|Rx|d|2|0
32.352985|5df|Rx|d|3|9500
32.352985|1b0|Rx|d|4|FF00FFC4
32.352985|657|Rx|d|2|C0CC
32.352985|211|Rx|d|8|8200FFFFA90000D1
32.352985|214|Rx|d|2|0
32.352985|218|Rx|d|1|98
32.352985|4fa|Rx|d|2|800
32.352985|671|Rx|d|2|200
32.373812|4ac|Rx|d|5|83762A0080
32.373812|45c|Rx|d|6|00000000FFE0
32.373812|1b0|Rx|d|4|FF00FFC4
32.373812|211|Rx|d|8|8200FFFFA90000D1
32.373812|214|Rx|d|2|0
32.403960|4f8|Rx|d|8|94C0000000000000
32.403960|1b0|Rx|d|4|FF00FFC4
32.403960|211|Rx|d|8|8200FFFFA90000D1
32.403960|214|Rx|d|2|0
32.403960|3b7|Rx|d|6|37007FC000C0
32.423926|350|Rx|d|8|C02F3AFA1870A489
32.423926|1b0|Rx|d|4|FF00FFC4
32.423926|4de|Rx|d|3|C00000
32.423926|55d|Rx|d|8|00FD50C091800000
32.423926|211|Rx|d|8|8200FFFFA90000D1
32.423926|214|Rx|d|2|0
32.443791|1b0|Rx|d|4|FF00FFC4
32.443791|5de|Rx|d|8|2
32.443791|211|Rx|d|8|8200FFFFA90000D1
32.443791|214|Rx|d|2|0
32.453143|5df|Rx|d|3|9500
32.453143|1b0|Rx|d|4|FF00FFC4
32.453143|657|Rx|d|2|C0CC
32.453143|211|Rx|d|8|8200FFFFA90000D1
32.453143|214|Rx|d|2|0
32.453143|218|Rx|d|1|98
32.453143|4fa|Rx|d|2|800
32.463704|671|Rx|d|2|200
32.468830|4ac|Rx|d|5|83752A0080
32.468830|45c|Rx|d|6|00000000FFE0
32.468830|1b0|Rx|d|4|FF00FFC4
32.492983|211|Rx|d|8|8200FFFFA90000D1
32.492983|214|Rx|d|2|0
32.492983|4f8|Rx|d|8|94C0000000000000
32.492983|1b0|Rx|d|4|FF00FFC4
32.492983|211|Rx|d|8|8200FFFFA90000D1
32.492983|214|Rx|d|2|0
32.513913|3b7|Rx|d|6|37007FC000C0
32.513913|350|Rx|d|8|C02F3AFA1870A489
32.513913|1b0|Rx|d|4|FF00FFC4
32.513913|4de|Rx|d|3|C00000
32.513913|55d|Rx|d|8|00FD50C091800000
32.513913|211|Rx|d|8|8200FFFFA90000D1
32.513913|214|Rx|d|2|0
32.543680|1b0|Rx|d|4|FF00FFC4
32.543680|5de|Rx|d|8|2
32.543680|211|Rx|d|8|8200FFFFA90000D1
32.543680|214|Rx|d|2|0
32.543680|5df|Rx|d|3|9500
32.573709|1b0|Rx|d|4|FF00FFC4
32.573709|657|Rx|d|2|C0CC
32.573709|211|Rx|d|8|8200FFFFA90000D1
32.573709|214|Rx|d|2|0
32.573709|218|Rx|d|1|98
32.573709|4fa|Rx|d|2|800
32.573709|671|Rx|d|2|200
32.573709|4ac|Rx|d|5|83762A0080
32.573709|45c|Rx|d|6|00000000FFE0
32.583084|1b0|Rx|d|4|FF00FFC4
32.583084|211|Rx|d|8|8200FFFFA90000D1
32.583084|214|Rx|d|2|0
32.583084|4f8|Rx|d|8|94C0000000000000
32.603661|1b0|Rx|d|4|FF00FFC4
32.603661|211|Rx|d|8|8200FFFFA90000D1
32.603661|214|Rx|d|2|0
32.603661|3b7|Rx|d|6|37007FC000C0
32.623584|350|Rx|d|8|C02F3AFA1870A489
32.623584|1b0|Rx|d|4|FF00FFC4
32.623584|4de|Rx|d|3|C00000
32.623584|55d|Rx|d|8|00FD50C091800000
32.623584|646|Rx|d|8|000000020000000C
32.623584|211|Rx|d|8|8200FFFFA90000D1
32.623584|214|Rx|d|2|0
32.638807|1b0|Rx|d|4|FF00FFC4
32.638807|5de|Rx|d|8|2
32.638807|211|Rx|d|8|8200FFFFA90000D1
32.638807|214|Rx|d|2|0
32.643914|5df|Rx|d|3|9500
32.663351|1b0|Rx|d|4|FF00FFC4
32.663351|657|Rx|d|2|C0CC
32.663351|211|Rx|d|8|8200FFFFA90000D1
32.663351|214|Rx|d|2|0
32.663351|218|Rx|d|1|98
32.663351|4fa|Rx|d|2|800
32.663351|671|Rx|d|2|200
32.674049|4ac|Rx|d|5|83762A0080
32.674049|45c|Rx|d|6|00000000FFE0
32.674049|1b0|Rx|d|4|FF00FFC4
32.674049|211|Rx|d|8|8200FFFFA90000D1
32.674049|214|Rx|d|2|0
32.691557|4f8|Rx|d|8|94C0000000000000
32.691557|1b0|Rx|d|4|FF00FFC4
32.704007|211|Rx|d|8|8200FFFFA90000D1
32.704032|214|Rx|d|2|0
32.704032|3b7|Rx|d|6|37007FC000C0
32.718118|350|Rx|d|8|C02F3AFA1870A489
32.718118|1b0|Rx|d|4|FF00FFC4
32.718118|4de|Rx|d|3|C00000
32.718118|55d|Rx|d|8|00FD50C091800000
32.718118|211|Rx|d|8|8200FFFFA90000D1
32.718118|214|Rx|d|2|0
32.743731|1b0|Rx|d|4|FF00FFC4
32.743731|5de|Rx|d|8|2
32.743731|211|Rx|d|8|8200FFFFA90000D1
32.743731|214|Rx|d|2|0
32.753765|5df|Rx|d|3|9500
32.753765|1b0|Rx|d|4|FF00FFC4
32.753765|657|Rx|d|2|C0CC
32.753765|69f|Rx|d|4|0650859F
32.753765|211|Rx|d|8|8200FFFFA90000D1
32.753765|214|Rx|d|2|0
32.753765|218|Rx|d|1|98
32.753765|4fa|Rx|d|2|800
32.753765|671|Rx|d|2|200
32.774066|4ac|Rx|d|5|83762A0080
32.774066|45c|Rx|d|6|00000000FFE0
32.774133|1b0|Rx|d|4|FF00FFC4
32.778639|211|Rx|d|8|8200FFFFA90000D1
32.778639|214|Rx|d|2|0
32.788545|4f8|Rx|d|8|94C0000000000000
32.793822|1b0|Rx|d|4|FF00FFC4
32.793822|211|Rx|d|8|8200FFFFA90000D1
32.793822|214|Rx|d|2|0
32.813585|3b7|Rx|d|6|37007FC000C0
32.813585|350|Rx|d|8|C02F3AFA1870A489
32.813585|1b0|Rx|d|4|FF00FFC4
32.813585|4de|Rx|d|3|C00000
32.813585|55d|Rx|d|8|00FD50C091800000
32.813585|211|Rx|d|8|8200FFFFA90000D1
32.813585|214|Rx|d|2|0
32.829465|1b0|Rx|d|4|FF00FFC4
32.829465|5de|Rx|d|8|2
32.835460|211|Rx|d|8|8200FFFFA90000D1
32.835460|214|Rx|d|2|0
32.841456|5df|Rx|d|3|9500
32.849451|1b0|Rx|d|4|FF00FFC4
32.849451|657|Rx|d|2|C0CC
32.855448|211|Rx|d|8|8200FFFFA90000D1
32.855448|214|Rx|d|2|0
32.855448|218|Rx|d|1|98
32.855448|4fa|Rx|d|2|800
32.855448|671|Rx|d|2|200
32.859446|4ac|Rx|d|5|83762A0080
32.859446|45c|Rx|d|6|00000000FFE0
32.869438|1b0|Rx|d|4|FF00FFC4
32.875436|211|Rx|d|8|8200FFFFA90000D1
32.875436|214|Rx|d|2|0
32.881432|4f8|Rx|d|8|94C0000000000000
32.889427|1b0|Rx|d|4|FF00FFC4
32.895423|211|Rx|d|8|8200FFFFA90000D1
32.895423|214|Rx|d|2|0
32.901420|3b7|Rx|d|6|37007FC000C0
32.909415|350|Rx|d|8|C02F3AFA1870A489
32.909415|1b0|Rx|d|4|FF00FFC4
32.909415|4de|Rx|d|3|C00000
32.909415|55d|Rx|d|8|00FD50C091800000
32.915411|211|Rx|d|8|8200FFFFA90000D1
32.915411|214|Rx|d|2|0
32.939181|1b0|Rx|d|4|FF00FFC4
32.939181|5de|Rx|d|8|2
32.939181|211|Rx|d|8|8200FFFFA90000D1
32.939181|214|Rx|d|2|0
32.939181|5df|Rx|d|3|9500
32.953471|1b0|Rx|d|4|FF00FFC4
32.953471|657|Rx|d|2|C0CC
32.953471|211|Rx|d|8|8200FFFFA90000D1
32.953471|214|Rx|d|2|0
32.953471|218|Rx|d|1|98
32.953471|4fa|Rx|d|2|800
32.953471|671|Rx|d|2|200
32.974068|4ac|Rx|d|5|83752A0080
32.974068|45c|Rx|d|6|00000000FFE0
32.974068|1b0|Rx|d|4|FF00FFC4
32.974068|211|Rx|d|8|8200FFFFA90000D1
32.974068|214|Rx|d|2|0
33.003769|4f8|Rx|d|8|94C0000000000000
33.003769|1b0|Rx|d|4|FF00FFC4
33.003769|211|Rx|d|8|8200FFFFA90000D1
33.003769|214|Rx|d|2|0
33.003769|3b7|Rx|d|6|37007FC000C0
33.024151|350|Rx|d|8|C02F3AFA1870A489
33.024151|1b0|Rx|d|4|FF00FFC4
33.024151|4de|Rx|d|3|C00000
33.024151|55d|Rx|d|8|00FD50C091800000
33.024151|211|Rx|d|8|8200FFFFA90000D1
33.024151|214|Rx|d|2|0
33.043885|1b0|Rx|d|4|FF00FFC4
33.043885|5de|Rx|d|8|2
33.043885|211|Rx|d|8|8200FFFFA90000D1
33.043885|214|Rx|d|2|0
33.045455|5df|Rx|d|3|9500
33.049605|1b0|Rx|d|4|FF00FFC4
33.049605|657|Rx|d|2|C0CC
33.063842|211|Rx|d|8|8200FFFFA90000D1
33.063842|214|Rx|d|2|0
33.063842|218|Rx|d|1|98
33.063842|4fa|Rx|d|2|800
33.063842|671|Rx|d|2|200
33.063842|4ac|Rx|d|5|83762A0080
33.063842|45c|Rx|d|6|00000000FFE0
33.094060|1b0|Rx|d|4|FF00FFC4
33.094060|211|Rx|d|8|8200FFFFA90000D1
33.094060|214|Rx|d|2|0
33.094060|4f8|Rx|d|8|94C0000000000000
33.094060|1b0|Rx|d|4|FF00FFC4
33.094060|6fb|Rx|d|8|0F01A454FF0000FF
33.094060|211|Rx|d|8|8200FFFFA90000D1
33.094060|214|Rx|d|2|0
33.113080|3b7|Rx|d|6|37007FC000C0
33.113080|350|Rx|d|8|C02F3AFA1870A489
33.113080|1b0|Rx|d|4|FF00FFC4
33.113080|4de|Rx|d|3|C00000
33.113080|55d|Rx|d|8|00FD50C091800000
33.113080|646|Rx|d|8|000000020000000C
33.113080|211|Rx|d|8|8200FFFFA90000D1
33.113080|214|Rx|d|2|0
33.134019|5ce|Rx|d|3|FEFF00
33.134019|1b0|Rx|d|4|FF00FFC4
33.134019|5de|Rx|d|8|2
33.134019|211|Rx|d|8|8200FFFFA90000D1
33.134019|214|Rx|d|2|0
33.164014|5df|Rx|d|3|9500
33.164014|1b0|Rx|d|4|FF00FFC4
33.164014|657|Rx|d|2|C0CC
33.164014|211|Rx|d|8|8200FFFFA90000D1
33.164014|214|Rx|d|2|0
33.164014|218|Rx|d|1|98
33.164014|4fa|Rx|d|2|800
33.164014|671|Rx|d|2|200
33.164014|4ac|Rx|d|5|83762A0080
33.164014|45c|Rx|d|6|00000000FFE0
33.183904|1b0|Rx|d|4|FF00FFC4
33.183904|211|Rx|d|8|8200FFFFA90000D1
33.183904|214|Rx|d|2|0
33.183904|4f8|Rx|d|8|94C0000000000000
33.213652|1b0|Rx|d|4|FF00FFC4
33.213652|211|Rx|d|8|8200FFFFA90000D1
33.213652|214|Rx|d|2|0
33.213652|3b7|Rx|d|6|37007FC000C0
33.213652|350|Rx|d|8|C02F3AFA1870A489
33.213652|1b0|Rx|d|4|FF00FFC4
33.213652|4de|Rx|d|3|C00000
33.213652|55d|Rx|d|8|00FD50C091800000
33.213652|211|Rx|d|8|8200FFFFA90000D1
33.213652|214|Rx|d|2|0
33.233732|1b0|Rx|d|4|FF00FFC4
33.233732|5de|Rx|d|8|2
33.233732|211|Rx|d|8|8200FFFFA90000D1
33.233732|214|Rx|d|2|0
33.253750|5df|Rx|d|3|9500
33.253750|1b0|Rx|d|4|FF00FFC4
33.253750|657|Rx|d|2|C0CC
33.264185|211|Rx|d|8|8200FFFFA90000D1
33.264185|214|Rx|d|2|0
33.264185|218|Rx|d|1|98
33.264185|4fa|Rx|d|2|800
33.264185|671|Rx|d|2|200
33.264185|4ac|Rx|d|5|83762A0080
33.264185|45c|Rx|d|6|00000000FFE0
33.288430|1b0|Rx|d|4|FF00FFC4
33.288430|211|Rx|d|8|8200FFFFA90000D1
33.288430|214|Rx|d|2|0
33.288430|4f8|Rx|d|8|94C0000000000000
33.293629|1b0|Rx|d|4|FF00FFC4
33.293629|211|Rx|d|8|8200FFFFA90000D1
33.293629|214|Rx|d|2|0
33.318752|3b7|Rx|d|6|37007FC000C0
33.318752|350|Rx|d|8|C02F3AFA1870A489
33.318752|1b0|Rx|d|4|FF00FFC4
33.318752|4de|Rx|d|3|C00000
33.318752|55d|Rx|d|8|00FD50C091800000
33.318752|211|Rx|d|8|8200FFFFA90000D1
33.318752|214|Rx|d|2|0
33.333977|1b0|Rx|d|4|FF00FFC4
33.333977|5de|Rx|d|8|2
33.344163|211|Rx|d|8|8200FFFFA90000D1
33.344163|214|Rx|d|2|0
33.344163|5df|Rx|d|3|9500
33.373139|1b0|Rx|d|4|FF00FFC4
33.373554|657|Rx|d|2|C0CC
33.373554|211|Rx|d|8|8200FFFFA90000D1
33.373554|214|Rx|d|2|0
33.373573|218|Rx|d|1|98
33.373573|4fa|Rx|d|2|800
33.373573|671|Rx|d|2|200
33.373573|4ac|Rx|d|5|83762A0080
33.373573|45c|Rx|d|6|00000000FFE0
33.373573|1b0|Rx|d|4|FF00FFC4
33.373573|211|Rx|d|8|8200FFFFA90000D1
33.373573|214|Rx|d|2|0
33.393997|4f8|Rx|d|8|94C0000000000000
33.400187|1b0|Rx|d|4|FF00FFC4
33.400187|211|Rx|d|8|8200FFFFA90000D1
33.400187|214|Rx|d|2|0
33.400187|3b7|Rx|d|6|37007FC000C0
33.418689|350|Rx|d|8|C02F3AFA1870A489
33.418689|1b0|Rx|d|4|FF00FFC4
33.418689|4de|Rx|d|3|C00000
33.418689|55d|Rx|d|8|00FD50C091800000
33.418689|211|Rx|d|8|8200FFFFA90000D1
33.418689|214|Rx|d|2|0
33.433999|1b0|Rx|d|4|FF00FFC4
33.434159|5de|Rx|d|8|2
33.434159|211|Rx|d|8|8200FFFFA90000D1
33.434159|214|Rx|d|2|0
33.463829|5df|Rx|d|3|9500
33.463829|1b0|Rx|d|4|FF00FFC4
33.463829|657|Rx|d|2|C0CC
33.463829|211|Rx|d|8|8200FFFFA90000D1
33.463829|214|Rx|d|2|0
33.463829|218|Rx|d|1|98
33.463829|4fa|Rx|d|2|800
33.463829|671|Rx|d|2|200
33.463829|4ac|Rx|d|5|83762A0080
33.463829|45c|Rx|d|6|00000000FFE0
33.483961|1b0|Rx|d|4|FF00FFC4
33.483961|211|Rx|d|8|8200FFFFA90000D1
33.483961|214|Rx|d|2|0
33.483961|4f8|Rx|d|8|94C0000000000000
33.512956|1b0|Rx|d|4|FF00FFC4
33.512956|211|Rx|d|8|8200FFFFA90000D1
33.512956|214|Rx|d|2|0
33.512956|3b7|Rx|d|6|37007FC000C0
33.512956|350|Rx|d|8|C02F3AFA1870A489
33.512956|1b0|Rx|d|4|FF00FFC4
33.512956|4de|Rx|d|3|C00000
33.512956|55d|Rx|d|8|00FD50C091800000
33.512956|211|Rx|d|8|8200FFFFA90000D1
33.512956|214|Rx|d|2|0
33.543591|1b0|Rx|d|4|FF00FFC4
33.543591|5de|Rx|d|8|2
33.543591|211|Rx|d|8|8200FFFFA90000D1
33.543591|214|Rx|d|2|0
33.543591|5df|Rx|d|3|9500
33.573685|1b0|Rx|d|4|FF00FFC4
33.573685|657|Rx|d|2|C0CC
33.573685|211|Rx|d|8|8200FFFFA90000D1
33.573685|214|Rx|d|2|0
33.573685|218|Rx|d|1|98
33.573685|4fa|Rx|d|2|800
33.573685|671|Rx|d|2|200
33.573685|4ac|Rx|d|5|83762A0080
33.573685|45c|Rx|d|6|00000000FFE0
33.573685|1b0|Rx|d|4|FF00FFC4
33.573685|211|Rx|d|8|8200FFFFA90000D1
33.573685|214|Rx|d|2|0
33.604004|4f8|Rx|d|8|94C0000000000000
33.604004|1b0|Rx|d|4|FF00FFC4
33.604004|211|Rx|d|8|8200FFFFA90000D1
33.604004|214|Rx|d|2|0
33.604004|3b7|Rx|d|6|37007FC000C0
33.623563|350|Rx|d|8|C02F3AFA1870A489
33.623563|1b0|Rx|d|4|FF00FFC4
33.623563|4de|Rx|d|3|C00000
33.623563|55d|Rx|d|8|00FD50C091800000
33.623563|646|Rx|d|8|000000020000000C
33.623563|211|Rx|d|8|8200FFFFA90000D1
33.623563|214|Rx|d|2|0
33.633731|1b0|Rx|d|4|FF00FFC4
33.633731|5de|Rx|d|8|2
33.637844|211|Rx|d|8|8200FFFFA90000D1
33.637844|214|Rx|d|2|0
33.639298|5df|Rx|d|3|9500
33.650193|1b0|Rx|d|4|FF00FFC4
33.650193|657|Rx|d|2|C0CC
33.656189|211|Rx|d|8|8200FFFFA90000D1
33.656189|214|Rx|d|2|0
33.656189|218|Rx|d|1|98
33.656189|4fa|Rx|d|2|800
33.656189|671|Rx|d|2|200
33.658190|4ac|Rx|d|5|83762A0080
33.658190|45c|Rx|d|6|00000000FFE0
33.670180|1b0|Rx|d|4|FF00FFC4
33.676177|211|Rx|d|8|8200FFFFA90000D1
33.676177|214|Rx|d|2|0
33.682173|4f8|Rx|d|8|94C0000000000000
33.690168|1b0|Rx|d|4|FF00FFC4
33.696166|211|Rx|d|8|8200FFFFA90000D1
33.696166|214|Rx|d|2|0
33.702161|3b7|Rx|d|6|37007FC000C0
33.710157|350|Rx|d|8|C02F3AFA1870A489
33.710157|1b0|Rx|d|4|FF00FFC4
33.710157|4de|Rx|d|3|C00000
33.710157|55d|Rx|d|8|00FD50C091800000
33.716152|211|Rx|d|8|8200FFFFA90000D1
33.716152|214|Rx|d|2|0
33.730144|1b0|Rx|d|4|FF00FFC4
33.730144|5de|Rx|d|8|2
33.736140|211|Rx|d|8|8200FFFFA90000D1
33.736140|214|Rx|d|2|0
33.740138|5df|Rx|d|3|9500
33.750131|1b0|Rx|d|4|FF00FFC4
33.750131|657|Rx|d|2|C0CC
33.750131|69f|Rx|d|4|0650859F
33.756127|211|Rx|d|8|8200FFFFA90000D1
33.756127|214|Rx|d|2|0
33.756127|218|Rx|d|1|98
33.756127|4fa|Rx|d|2|800
33.756127|671|Rx|d|2|200
33.758127|4ac|Rx|d|5|83752A0080
33.758127|45c|Rx|d|6|00000000FFE0
33.773637|1b0|Rx|d|4|FF00FFC4
33.784129|211|Rx|d|8|8200FFFFA90000D1
33.784129|214|Rx|d|2|0
33.784129|4f8|Rx|d|8|94C0000000000000
33.813945|1b0|Rx|d|4|FF00FFC4
33.813945|211|Rx|d|8|8200FFFFA90000D1
33.813945|214|Rx|d|2|0
33.813945|3b7|Rx|d|6|37007FC000C0
33.813945|350|Rx|d|8|C02F3AFA1870A489
33.813945|1b0|Rx|d|4|FF00FFC4
33.813945|4de|Rx|d|3|C00000
33.813945|55d|Rx|d|8|00FD50C091800000
33.813945|211|Rx|d|8|8200FFFFA90000D1
33.813945|214|Rx|d|2|0
33.844155|1b0|Rx|d|4|FF00FFC4
33.844155|5de|Rx|d|8|2
33.844155|211|Rx|d|8|8200FFFFA90000D1
33.844155|214|Rx|d|2|0
33.844155|5df|Rx|d|3|9500
33.871135|1b0|Rx|d|4|FF00FFC4
33.871135|657|Rx|d|2|C0CC
33.871135|211|Rx|d|8|8200FFFFA90000D1
33.871135|214|Rx|d|2|0
33.871135|218|Rx|d|1|98
33.871135|4fa|Rx|d|2|800
33.871135|671|Rx|d|2|200
33.871135|4ac|Rx|d|5|83762A0080
33.871135|45c|Rx|d|6|00000000FFE0
33.871135|1b0|Rx|d|4|FF00FFC4
33.893995|211|Rx|d|8|8200FFFFA90000D1
33.893995|214|Rx|d|2|0
33.893995|4f8|Rx|d|8|94C0000000000000
33.893995|1b0|Rx|d|4|FF00FFC4
33.893995|211|Rx|d|8|8200FFFFA90000D1
33.893995|214|Rx|d|2|0
33.905574|3b7|Rx|d|6|37007FC000C0
33.918895|350|Rx|d|8|C02F3AFA1870A489
33.918895|1b0|Rx|d|4|FF00FFC4
33.918895|4de|Rx|d|3|C00000
33.918895|55d|Rx|d|8|00FD50C091800000
33.918895|211|Rx|d|8|8200FFFFA90000D1
33.918895|214|Rx|d|2|0
33.933954|1b0|Rx|d|4|FF00FFC4
33.933954|5de|Rx|d|8|2
33.938960|211|Rx|d|8|8200FFFFA90000D1
33.938960|214|Rx|d|2|0
33.943605|5df|Rx|d|3|9500
33.953536|1b0|Rx|d|4|FF00FFC4
33.953536|657|Rx|d|2|C0CC
33.953536|211|Rx|d|8|8200FFFFA90000D1
33.953536|214|Rx|d|2|0
33.953536|218|Rx|d|1|98
33.953536|4fa|Rx|d|2|800
33.953536|671|Rx|d|2|200
33.968584|4ac|Rx|d|5|83752A0080
33.968584|45c|Rx|d|6|00000000FFE0
33.968584|1b0|Rx|d|4|FF00FFC4
33.983620|211|Rx|d|8|8200FFFFA90000D1
33.983620|214|Rx|d|2|0
33.983620|4f8|Rx|d|8|94C0000000000000
33.993820|1b0|Rx|d|4|FF00FFC4
33.993820|211|Rx|d|8|8200FFFFA90000D1
33.993820|214|Rx|d|2|0
34.018864|3b7|Rx|d|6|37007FC000C0
34.018864|350|Rx|d|8|C02F3AFA1870A489
34.018864|1b0|Rx|d|4|FF00FFC4
34.018864|4de|Rx|d|3|C00000
34.018864|55d|Rx|d|8|00FD50C091800000
34.018864|211|Rx|d|8|8200FFFFA90000D1
34.018864|214|Rx|d|2|0
34.033852|1b0|Rx|d|4|FF00FFC4
34.033852|5de|Rx|d|8|2
34.038727|211|Rx|d|8|8200FFFFA90000D1
34.038727|214|Rx|d|2|0
34.038727|5df|Rx|d|3|9500
34.063949|1b0|Rx|d|4|FF00FFC4
34.063949|657|Rx|d|2|C0CC
34.063949|211|Rx|d|8|8200FFFFA90000D1
34.063949|214|Rx|d|2|0
34.063949|218|Rx|d|1|98
34.063949|4fa|Rx|d|2|800
34.063949|671|Rx|d|2|200
34.063949|4ac|Rx|d|5|83762A0080
34.063949|45c|Rx|d|6|00000000FFE0
34.093714|1b0|Rx|d|4|FF00FFC4
34.093714|211|Rx|d|8|8200FFFFA90000D1
34.093714|214|Rx|d|2|0
34.093714|4f8|Rx|d|8|94C0000000000000
34.093714|1b0|Rx|d|4|FF00FFC4
34.093714|211|Rx|d|8|8200FFFFA90000D1
34.093714|214|Rx|d|2|0
34.113807|3b7|Rx|d|6|37007FC000C0
34.113807|350|Rx|d|8|C02F3AFA1870A489
34.113807|1b0|Rx|d|4|FF00FFC4
34.113807|4de|Rx|d|3|C00000
34.113807|55d|Rx|d|8|00FD50C091800000
34.113807|646|Rx|d|8|000000020000000C
34.113807|211|Rx|d|8|8200FFFFA90000D1
34.113807|214|Rx|d|2|0
34.138975|1b0|Rx|d|4|FF00FFC4
34.138975|5de|Rx|d|8|2
34.138975|211|Rx|d|8|8200FFFFA90000D1
34.138975|214|Rx|d|2|0
34.138975|5df|Rx|d|3|9500
34.164118|1b0|Rx|d|4|FF00FFC4
34.164118|657|Rx|d|2|C0CC
34.164118|211|Rx|d|8|8200FFFFA90000D1
34.164118|214|Rx|d|2|0
34.164118|218|Rx|d|1|98
34.164118|4fa|Rx|d|2|800
34.164118|671|Rx|d|2|200
34.164118|4ac|Rx|d|5|83752A0080
34.164118|45c|Rx|d|6|00000000FFE0
34.184129|1b0|Rx|d|4|FF00FFC4
34.184129|211|Rx|d|8|8200FFFFA90000D1
34.184129|214|Rx|d|2|0
34.184129|4f8|Rx|d|8|94C0000000000000
34.203794|1b0|Rx|d|4|FF00FFC4
34.203794|211|Rx|d|8|8200FFFFA90000D1
34.203794|214|Rx|d|2|0
34.203794|3b7|Rx|d|6|37007FC000C0
34.223769|350|Rx|d|8|C02F3AFA1870A489
34.223769|1b0|Rx|d|4|FF00FFC4
34.223769|4de|Rx|d|3|C00000
34.223769|55d|Rx|d|8|00FD50C091800000
34.223769|211|Rx|d|8|8200FFFFA90000D1
34.223769|214|Rx|d|2|0
34.233596|1b0|Rx|d|4|FF00FFC4
34.233596|5de|Rx|d|8|2
34.239636|211|Rx|d|8|8200FFFFA90000D1
34.239636|214|Rx|d|2|0
34.239636|5df|Rx|d|3|9500
34.263682|1b0|Rx|d|4|FF00FFC4
34.263682|657|Rx|d|2|C0CC
34.263682|211|Rx|d|8|8200FFFFA90000D1
34.263682|214|Rx|d|2|0
34.263682|218|Rx|d|1|98
34.263682|4fa|Rx|d|2|800
34.263682|671|Rx|d|2|200
34.263682|4ac|Rx|d|5|83752A0080
34.263682|45c|Rx|d|6|00000000FFE0
34.293789|1b0|Rx|d|4|FF00FFC4
34.293789|211|Rx|d|8|8200FFFFA90000D1
34.293789|214|Rx|d|2|0
34.293789|4f8|Rx|d|8|94C0000000000000
34.303808|1b0|Rx|d|4|FF00FFC4
34.303808|211|Rx|d|8|8200FFFFA90000D1
34.303808|214|Rx|d|2|0
34.314443|3b7|Rx|d|6|37007FC000C0
34.314443|350|Rx|d|8|C02F3AFA1870A489
34.314443|1b0|Rx|d|4|FF00FFC4
34.314443|4de|Rx|d|3|C00000
34.314443|55d|Rx|d|8|00FD50C091800000
34.314443|211|Rx|d|8|8200FFFFA90000D1
34.314443|214|Rx|d|2|0
34.339554|1b0|Rx|d|4|FF00FFC4
34.339554|5de|Rx|d|8|2
34.339554|211|Rx|d|8|8200FFFFA90000D1
34.339554|214|Rx|d|2|0
34.339554|5df|Rx|d|3|9500
34.364098|1b0|Rx|d|4|FF00FFC4
34.364098|657|Rx|d|2|C0CC
34.364098|211|Rx|d|8|8200FFFFA90000D1
34.364098|214|Rx|d|2|0
34.364098|218|Rx|d|1|98
34.364098|4fa|Rx|d|2|800
34.364098|671|Rx|d|2|200
34.364098|4ac|Rx|d|5|83762A0080
34.364098|45c|Rx|d|6|00000000FFE0
34.383417|1b0|Rx|d|4|FF00FFC4
34.383417|211|Rx|d|8|8200FFFFA90000D1
34.383417|214|Rx|d|2|0
34.383417|4f8|Rx|d|8|94C0000000000000
34.413995|1b0|Rx|d|4|FF00FFC4
34.413995|211|Rx|d|8|8200FFFFA90000D1
34.413995|214|Rx|d|2|0
34.413995|3b7|Rx|d|6|37007FC000C0
34.413995|350|Rx|d|8|C02F3AFA1870A489
34.413995|1b0|Rx|d|4|FF00FFC4
34.413995|4de|Rx|d|3|C00000
34.413995|55d|Rx|d|8|00FD50C091800000
34.413995|211|Rx|d|8|8200FFFFA90000D1
34.413995|214|Rx|d|2|0
34.439505|1b0|Rx|d|4|FF00FFC4
34.439505|5de|Rx|d|8|2
34.439505|211|Rx|d|8|8200FFFFA90000D1
34.439505|214|Rx|d|2|0
34.439505|5df|Rx|d|3|9500
34.457793|1b0|Rx|d|4|FF00FFC4
34.457793|657|Rx|d|2|C0CC
34.457793|211|Rx|d|8|8200FFFFA90000D1
34.457793|214|Rx|d|2|0
34.457793|218|Rx|d|1|98
34.457793|4fa|Rx|d|2|800
34.457793|671|Rx|d|2|200
34.463503|4ac|Rx|d|5|83762A0080
34.463503|45c|Rx|d|6|00000000FFE0
34.484084|1b0|Rx|d|4|FF00FFC4
34.484084|211|Rx|d|8|8200FFFFA90000D1
34.484084|214|Rx|d|2|0
34.484084|4f8|Rx|d|8|94C0000000000000
34.504055|1b0|Rx|d|4|FF00FFC4
34.504055|211|Rx|d|8|8200FFFFA90000D1
34.504055|214|Rx|d|2|0
34.504055|3b7|Rx|d|6|37007FC000C0
34.534007|350|Rx|d|8|C02F3AFA1870A489
34.534007|1b0|Rx|d|4|FF00FFC4
34.534007|4de|Rx|d|3|C00000
34.534007|55d|Rx|d|8|00FD50C091800000
34.534007|211|Rx|d|8|8200FFFFA90000D1
34.534007|214|Rx|d|2|0
34.538765|1b0|Rx|d|4|FF00FFC4
34.538765|5de|Rx|d|8|2
34.538765|211|Rx|d|8|8200FFFFA90000D1
34.538765|214|Rx|d|2|0
34.538765|5df|Rx|d|3|9500
34.563798|1b0|Rx|d|4|FF00FFC4
34.563798|657|Rx|d|2|C0CC
34.563798|211|Rx|d|8|8200FFFFA90000D1
34.563798|214|Rx|d|2|0
34.563798|218|Rx|d|1|98
34.563798|4fa|Rx|d|2|800
34.563798|671|Rx|d|2|200
34.568582|4ac|Rx|d|5|83762A0080
34.568582|45c|Rx|d|6|00000000FFE0
34.568582|1b0|Rx|d|4|FF00FFC4
34.583985|211|Rx|d|8|8200FFFFA90000D1
34.583985|214|Rx|d|2|0
34.583985|4f8|Rx|d|8|94C0000000000000
34.613091|1b0|Rx|d|4|FF00FFC4
34.613091|211|Rx|d|8|8200FFFFA90000D1
34.613091|214|Rx|d|2|0
34.613091|3b7|Rx|d|6|37007FC000C0
34.613091|350|Rx|d|8|C02F3AFA1870A489
34.613091|1b0|Rx|d|4|FF00FFC4
34.613091|4de|Rx|d|3|C00000
34.613091|55d|Rx|d|8|00FD50C091800000
34.613091|646|Rx|d|8|000000020000000C
34.613091|211|Rx|d|8|8200FFFFA90000D1
34.613091|214|Rx|d|2|0
34.639614|1b0|Rx|d|4|FF00FFC4
34.639614|5de|Rx|d|8|2
34.639614|211|Rx|d|8|8200FFFFA90000D1
34.639614|214|Rx|d|2|0
34.639614|5df|Rx|d|3|9500
34.658577|1b0|Rx|d|4|FF00FFC4
34.658577|657|Rx|d|2|C0CC
34.658577|211|Rx|d|8|8200FFFFA90000D1
34.658577|214|Rx|d|2|0
34.658577|218|Rx|d|1|98
34.658577|4fa|Rx|d|2|800
34.658577|671|Rx|d|2|200
34.658577|4ac|Rx|d|5|83762A0080
34.658577|45c|Rx|d|6|00000000FFE0
34.683533|1b0|Rx|d|4|FF00FFC4
34.683533|211|Rx|d|8|8200FFFFA90000D1
34.683533|214|Rx|d|2|0
34.683533|4f8|Rx|d|8|94C0000000000000
34.693970|1b0|Rx|d|4|FF00FFC4
34.693970|211|Rx|d|8|8200FFFFA90000D1
34.693970|214|Rx|d|2|0
34.724069|3b7|Rx|d|6|37007FC000C0
34.724069|350|Rx|d|8|C02F3AFA1870A489
34.724069|1b0|Rx|d|4|FF00FFC4
34.724069|4de|Rx|d|3|C00000
34.724069|55d|Rx|d|8|00FD50C091800000
34.724069|211|Rx|d|8|8200FFFFA90000D1
34.724069|214|Rx|d|2|0
34.739731|1b0|Rx|d|4|FF00FFC4
34.739731|5de|Rx|d|8|2
34.739731|211|Rx|d|8|8200FFFFA90000D1
34.739731|214|Rx|d|2|0
34.739731|5df|Rx|d|3|9500
34.758905|1b0|Rx|d|4|FF00FFC4
34.758905|657|Rx|d|2|C0CC
34.758905|69f|Rx|d|4|0650859F
34.758905|211|Rx|d|8|8200FFFFA90000D1
34.758905|214|Rx|d|2|0
34.758905|218|Rx|d|1|98
34.758905|4fa|Rx|d|2|800
34.758905|671|Rx|d|2|200
34.758905|4ac|Rx|d|5|83762A0080
34.758905|45c|Rx|d|6|00000000FFE0
34.784253|1b0|Rx|d|4|FF00FFC4
34.784253|211|Rx|d|8|8200FFFFA90000D1
34.784253|214|Rx|d|2|0
34.784253|4f8|Rx|d|8|94C0000000000000
34.805651|1b0|Rx|d|4|FF00FFC4
34.805651|211|Rx|d|8|8200FFFFA90000D1
34.805651|214|Rx|d|2|0
34.805651|3b7|Rx|d|6|37007FC000C0
34.805651|350|Rx|d|8|C02F3AFA1870A489
34.805651|1b0|Rx|d|4|FF00FFC4
34.805651|4de|Rx|d|3|C00000
34.807469|55d|Rx|d|8|00FD50C091800000
34.816109|211|Rx|d|8|8200FFFFA90000D1
34.816109|214|Rx|d|2|0
34.828102|1b0|Rx|d|4|FF00FFC4
34.828102|5de|Rx|d|8|2
34.836098|211|Rx|d|8|8200FFFFA90000D1
34.836098|214|Rx|d|2|0
34.836098|5df|Rx|d|3|9500
34.848090|1b0|Rx|d|4|FF00FFC4
34.848090|657|Rx|d|2|C0CC
34.856086|211|Rx|d|8|8200FFFFA90000D1
34.856086|214|Rx|d|2|0
34.856086|218|Rx|d|1|98
34.856086|4fa|Rx|d|2|800
34.856086|671|Rx|d|2|200
34.858084|4ac|Rx|d|5|83762A0080
34.858084|45c|Rx|d|6|00000000FFE0
34.868077|1b0|Rx|d|4|FF00FFC4
34.876072|211|Rx|d|8|8200FFFFA90000D1
34.876072|214|Rx|d|2|0
34.882069|4f8|Rx|d|8|94C0000000000000
34.888065|1b0|Rx|d|4|FF00FFC4
34.896061|211|Rx|d|8|8200FFFFA90000D1
34.896061|214|Rx|d|2|0
34.902056|3b7|Rx|d|6|37007FC000C0
34.908052|350|Rx|d|8|C02F3AFA1870A489
34.908052|1b0|Rx|d|4|FF00FFC4
34.908052|4de|Rx|d|3|C00000
34.908052|55d|Rx|d|8|00FD50C091800000
34.916048|211|Rx|d|8|8200FFFFA90000D1
34.916048|214|Rx|d|2|0
34.933835|1b0|Rx|d|4|FF00FFC4
34.933835|5de|Rx|d|8|2
34.933835|211|Rx|d|8|8200FFFFA90000D1
34.933835|214|Rx|d|2|0
34.943977|5df|Rx|d|3|9500
34.953932|1b0|Rx|d|4|FF00FFC4
34.953932|657|Rx|d|2|C0CC
34.963012|211|Rx|d|8|8200FFFFA90000D1
34.963012|214|Rx|d|2|0
34.963012|218|Rx|d|1|98
34.963012|4fa|Rx|d|2|800
34.963012|671|Rx|d|2|200
34.963012|4ac|Rx|d|5|83762A0080
34.963012|45c|Rx|d|6|00000000FFE0
34.978557|1b0|Rx|d|4|FF00FFC4
34.978557|211|Rx|d|8|8200FFFFA90000D1
34.978557|214|Rx|d|2|0
34.988443|4f8|Rx|d|8|94C0000000000000
34.993513|1b0|Rx|d|4|FF00FFC4
34.993513|211|Rx|d|8|8200FFFFA90000D1
34.993513|214|Rx|d|2|0
35.023528|3b7|Rx|d|6|37007FC000C0
35.023528|350|Rx|d|8|C02F3AFA1870A489
35.023528|1b0|Rx|d|4|FF00FFC4
35.023528|4de|Rx|d|3|C00000
35.023528|55d|Rx|d|8|00FD50C091800000
35.023528|211|Rx|d|8|8200FFFFA90000D1
35.023528|214|Rx|d|2|0
35.034276|1b0|Rx|d|4|FF00FFC4
35.034276|5de|Rx|d|8|2
35.038783|211|Rx|d|8|8200FFFFA90000D1
35.038783|214|Rx|d|2|0
35.040312|5df|Rx|d|3|9500
35.064077|1b0|Rx|d|4|FF00FFC4
35.064077|657|Rx|d|2|C0CC
35.064077|211|Rx|d|8|8200FFFFA90000D1
35.064077|214|Rx|d|2|0
35.064077|218|Rx|d|1|98
35.064077|4fa|Rx|d|2|800
35.064077|671|Rx|d|2|200
35.064077|4ac|Rx|d|5|83762A0080
35.064077|45c|Rx|d|6|00000000FFE0
35.093473|1b0|Rx|d|4|FF00FFC4
35.093473|211|Rx|d|8|8200FFFFA90000D1
35.093473|214|Rx|d|2|0
35.093473|4f8|Rx|d|8|94C0000000000000
35.104184|1b0|Rx|d|4|FF00FFC4
35.104184|211|Rx|d|8|8200FFFFA90000D1
35.104184|214|Rx|d|2|0
35.104184|3b7|Rx|d|6|37007FC000C0
35.123777|350|Rx|d|8|C02F3AFA1870A489
35.123777|1b0|Rx|d|4|FF00FFC4
35.123777|4de|Rx|d|3|C00000
35.123777|55d|Rx|d|8|00FD50C091800000
35.123777|646|Rx|d|8|000000020000000C
35.123777|211|Rx|d|8|8200FFFFA90000D1
35.123777|214|Rx|d|2|0
35.133945|1b0|Rx|d|4|FF00FFC4
35.133945|5de|Rx|d|8|2
35.138721|211|Rx|d|8|8200FFFFA90000D1
35.138721|214|Rx|d|2|0
35.138721|5df|Rx|d|3|9500
35.153728|1b0|Rx|d|4|FF00FFC4
35.153728|657|Rx|d|2|C0CC
35.153728|211|Rx|d|8|8200FFFFA90000D1
35.153728|214|Rx|d|2|0
35.153728|218|Rx|d|1|98
35.153728|4fa|Rx|d|2|800
35.153728|671|Rx|d|2|200
35.173863|4ac|Rx|d|5|83762A0080
35.173863|45c|Rx|d|6|00000000FFE0
35.173863|1b0|Rx|d|4|FF00FFC4
35.173863|211|Rx|d|8|8200FFFFA90000D1
35.173863|214|Rx|d|2|0
35.193119|4f8|Rx|d|8|94C0000000000000
35.193119|1b0|Rx|d|4|FF00FFC4
35.193119|211|Rx|d|8|8200FFFFA90000D1
35.193119|214|Rx|d|2|0
35.214073|3b7|Rx|d|6|37007FC000C0
35.214073|350|Rx|d|8|C02F3AFA1870A489
35.214073|1b0|Rx|d|4|FF00FFC4
35.214073|4de|Rx|d|3|C00000
35.214073|55d|Rx|d|8|00FD50C091800000
35.214073|211|Rx|d|8|8200FFFFA90000D1
35.214073|214|Rx|d|2|0
35.238506|1b0|Rx|d|4|FF00FFC4
35.238506|5de|Rx|d|8|2
35.238506|211|Rx|d|8|8200FFFFA90000D1
35.238506|214|Rx|d|2|0
35.238506|5df|Rx|d|3|9500
35.254041|1b0|Rx|d|4|FF00FFC4
35.254041|657|Rx|d|2|C0CC
35.254041|211|Rx|d|8|8200FFFFA90000D1
35.254041|214|Rx|d|2|0
35.254041|218|Rx|d|1|98
35.254041|4fa|Rx|d|2|800
35.254041|671|Rx|d|2|200
35.282385|4ac|Rx|d|5|83762A0080
35.282385|45c|Rx|d|6|00000000FFE0
35.282385|1b0|Rx|d|4|FF00FFC4
35.282385|211|Rx|d|8|8200FFFFA90000D1
35.282385|214|Rx|d|2|0
35.282385|4f8|Rx|d|8|94C0000000000000
35.313888|1b0|Rx|d|4|FF00FFC4
35.313888|211|Rx|d|8|8200FFFFA90000D1
35.313888|214|Rx|d|2|0
35.313888|3b7|Rx|d|6|37007FC000C0
35.313888|350|Rx|d|8|C02F3AFA1870A489
35.313888|1b0|Rx|d|4|FF00FFC4
35.313888|4de|Rx|d|3|C00000
35.313888|55d|Rx|d|8|00FD50C091800000
35.313888|211|Rx|d|8|8200FFFFA90000D1
35.313888|214|Rx|d|2|0
35.340464|1b0|Rx|d|4|FF00FFC4
35.340464|5de|Rx|d|8|2
35.340464|211|Rx|d|8|8200FFFFA90000D1
35.340464|214|Rx|d|2|0
35.343549|5df|Rx|d|3|9500
35.363988|1b0|Rx|d|4|FF00FFC4
35.363988|657|Rx|d|2|C0CC
35.363988|211|Rx|d|8|8200FFFFA90000D1
35.363988|214|Rx|d|2|0
35.363988|218|Rx|d|1|98
35.363988|4fa|Rx|d|2|800
35.363988|671|Rx|d|2|200
35.363988|4ac|Rx|d|5|83752A0080
35.363988|45c|Rx|d|6|00000000FFE0
35.384022|1b0|Rx|d|4|FF00FFC4
35.384022|211|Rx|d|8|8200FFFFA90000D1
35.384022|214|Rx|d|2|0
35.384022|4f8|Rx|d|8|94C0000000000000
35.402802|1b0|Rx|d|4|FF00FFC4
35.402802|211|Rx|d|8|8200FFFFA90000D1
35.402802|214|Rx|d|2|0
35.402802|3b7|Rx|d|6|37007FC000C0
35.423301|350|Rx|d|8|C02F3AFA1870A489
35.423301|1b0|Rx|d|4|FF00FFC4
35.423301|4de|Rx|d|3|C00000
35.423301|55d|Rx|d|8|00FD50C091800000
35.423301|211|Rx|d|8|8200FFFFA90000D1
35.423301|214|Rx|d|2|0
35.440572|1b0|Rx|d|4|FF00FFC4
35.440572|5de|Rx|d|8|2
35.440572|211|Rx|d|8|8200FFFFA90000D1
35.440572|214|Rx|d|2|0
35.440572|5df|Rx|d|3|9500
35.458510|1b0|Rx|d|4|FF00FFC4
35.458510|657|Rx|d|2|C0CC
35.458510|211|Rx|d|8|8200FFFFA90000D1
35.458510|214|Rx|d|2|0
35.458510|218|Rx|d|1|98
35.458510|4fa|Rx|d|2|800
35.458510|671|Rx|d|2|200
35.458510|4ac|Rx|d|5|83762A0080
35.458510|45c|Rx|d|6|00000000FFE0
35.473536|1b0|Rx|d|4|FF00FFC4
35.483827|211|Rx|d|8|8200FFFFA90000D1
35.483827|214|Rx|d|2|0
35.483827|4f8|Rx|d|8|94C0000000000000
35.513892|1b0|Rx|d|4|FF00FFC4
35.513892|211|Rx|d|8|8200FFFFA90000D1
35.513892|214|Rx|d|2|0
35.513892|3b7|Rx|d|6|37007FC000C0
35.513892|350|Rx|d|8|C02F3AFA1870A489
35.513892|1b0|Rx|d|4|FF00FFC4
35.513892|4de|Rx|d|3|C00000
35.513892|55d|Rx|d|8|00FD50C091800000
35.513892|211|Rx|d|8|8200FFFFA90000D1
35.513892|214|Rx|d|2|0
35.540547|1b0|Rx|d|4|FF00FFC4
35.540547|5de|Rx|d|8|2
35.540547|211|Rx|d|8|8200FFFFA90000D1
35.540547|214|Rx|d|2|0
35.540547|5df|Rx|d|3|9500
35.558784|1b0|Rx|d|4|FF00FFC4
35.558784|657|Rx|d|2|C0CC
35.558784|211|Rx|d|8|8200FFFFA90000D1
35.558784|214|Rx|d|2|0
35.558784|218|Rx|d|1|98
35.558784|4fa|Rx|d|2|800
35.558784|671|Rx|d|2|200
35.558784|4ac|Rx|d|5|83762A0080
35.558784|45c|Rx|d|6|00000000FFE0
35.573764|1b0|Rx|d|4|FF00FFC4
35.573764|211|Rx|d|8|8200FFFFA90000D1
35.573764|214|Rx|d|2|0
35.598503|4f8|Rx|d|8|94C0000000000000
35.598503|1b0|Rx|d|4|FF00FFC4
35.598503|211|Rx|d|8|8200FFFFA90000D1
35.598503|214|Rx|d|2|0
35.603970|3b7|Rx|d|6|37007FC000C0
35.613465|350|Rx|d|8|C02F3AFA1870A489
35.613465|1b0|Rx|d|4|FF00FFC4
35.613465|4de|Rx|d|3|C00000
35.613465|55d|Rx|d|8|00FD50C091800000
35.613465|646|Rx|d|8|000000020000000C
35.613465|211|Rx|d|8|8200FFFFA90000D1
35.613465|214|Rx|d|2|0
35.633516|1b0|Rx|d|4|FF00FFC4
35.633516|5de|Rx|d|8|2
35.633516|211|Rx|d|8|8200FFFFA90000D1
35.633516|214|Rx|d|2|0
35.643808|5df|Rx|d|3|9500
35.653904|1b0|Rx|d|4|FF00FFC4
35.653904|657|Rx|d|2|C0CC
35.656177|211|Rx|d|8|8200FFFFA90000D1
35.656177|214|Rx|d|2|0
35.656177|218|Rx|d|1|98
35.656177|4fa|Rx|d|2|800
35.656177|671|Rx|d|2|200
35.656177|4ac|Rx|d|5|83762A0080
35.656177|45c|Rx|d|6|00000000FFE0
35.683755|1b0|Rx|d|4|FF00FFC4
35.683755|211|Rx|d|8|8200FFFFA90000D1
35.683755|214|Rx|d|2|0
35.683755|4f8|Rx|d|8|94C0000000000000
35.704118|1b0|Rx|d|4|FF00FFC4
35.704118|211|Rx|d|8|8200FFFFA90000D1
35.704118|214|Rx|d|2|0
35.704118|3b7|Rx|d|6|37007FC000C0
35.723628|350|Rx|d|8|C02F3AFA1870A489
35.723628|1b0|Rx|d|4|FF00FFC4
35.723628|4de|Rx|d|3|C00000
35.723628|55d|Rx|d|8|00FD50C091800000
35.723628|211|Rx|d|8|8200FFFFA90000D1
35.723628|214|Rx|d|2|0
35.733678|1b0|Rx|d|4|FF00FFC4
35.733678|5de|Rx|d|8|2
35.740392|211|Rx|d|8|8200FFFFA90000D1
35.740392|214|Rx|d|2|0
35.740392|5df|Rx|d|3|9500
35.753610|1b0|Rx|d|4|FF00FFC4
35.753610|657|Rx|d|2|C0CC
35.753610|69f|Rx|d|4|0650859F
35.753610|211|Rx|d|8|8200FFFFA90000D1
35.753610|214|Rx|d|2|0
35.753610|218|Rx|d|1|98
35.753610|4fa|Rx|d|2|800
35.753610|671|Rx|d|2|200
35.768638|4ac|Rx|d|5|83762A0080
35.768638|45c|Rx|d|6|00000000FFE0
35.768638|1b0|Rx|d|4|FF00FFC4
35.783866|211|Rx|d|8|8200FFFFA90000D1
35.783866|214|Rx|d|2|0
35.783866|4f8|Rx|d|8|94C0000000000000
35.808514|1b0|Rx|d|4|FF00FFC4
35.808514|211|Rx|d|8|8200FFFFA90000D1
35.808514|214|Rx|d|2|0
35.808514|3b7|Rx|d|6|37007FC000C0
35.808514|350|Rx|d|8|C02F3AFA1870A489
35.808514|1b0|Rx|d|4|FF00FFC4
35.808514|4de|Rx|d|3|C00000
35.808514|55d|Rx|d|8|00FD50C091800000
35.824103|211|Rx|d|8|8200FFFFA90000D1
35.824103|214|Rx|d|2|0
35.833720|1b0|Rx|d|4|FF00FFC4
35.833720|5de|Rx|d|8|2
35.833720|211|Rx|d|8|8200FFFFA90000D1
35.833720|214|Rx|d|2|0
35.848350|5df|Rx|d|3|9500
35.853510|1b0|Rx|d|4|FF00FFC4
35.853510|657|Rx|d|2|C0CC
35.853510|211|Rx|d|8|8200FFFFA90000D1
35.853510|214|Rx|d|2|0
35.853510|218|Rx|d|1|98
35.853510|4fa|Rx|d|2|800
35.853510|671|Rx|d|2|200
35.873942|4ac|Rx|d|5|83762A0080
35.873942|45c|Rx|d|6|00000000FFE0
35.873942|1b0|Rx|d|4|FF00FFC4
35.873942|211|Rx|d|8|8200FFFFA90000D1
35.873942|214|Rx|d|2|0
35.893809|4f8|Rx|d|8|94C0000000000000
35.893809|1b0|Rx|d|4|FF00FFC4
35.893809|211|Rx|d|8|8200FFFFA90000D1
35.893809|214|Rx|d|2|0
35.907202|3b7|Rx|d|6|37007FC000C0
35.907202|350|Rx|d|8|C02F3AFA1870A489
35.907202|1b0|Rx|d|4|FF00FFC4
35.907202|4de|Rx|d|3|C00000
35.907202|55d|Rx|d|8|00FD50C091800000
35.918536|211|Rx|d|8|8200FFFFA90000D1
35.918536|214|Rx|d|2|0
35.933574|1b0|Rx|d|4|FF00FFC4
35.933574|5de|Rx|d|8|2
35.933574|211|Rx|d|8|8200FFFFA90000D1
35.933574|214|Rx|d|2|0
35.942620|5df|Rx|d|3|9500
35.950536|1b0|Rx|d|4|FF00FFC4
35.950536|657|Rx|d|2|C0CC
35.960699|211|Rx|d|8|8200FFFFA90000D1
35.960699|214|Rx|d|2|0
35.960699|218|Rx|d|1|98
35.960699|4fa|Rx|d|2|800
35.960699|671|Rx|d|2|200
35.960699|4ac|Rx|d|5|83762A0080
35.960699|45c|Rx|d|6|00000000FFE0
35.970950|1b0|Rx|d|4|FF00FFC4
35.978931|211|Rx|d|8|8200FFFFA90000D1
35.978931|214|Rx|d|2|0
35.978931|4f8|Rx|d|8|94C0000000000000
35.991286|1b0|Rx|d|4|FF00FFC4
35.991286|211|Rx|d|8|8200FFFFA90000D1
35.991286|214|Rx|d|2|0
36.003609|3b7|Rx|d|6|37007FC000C0
36.013665|350|Rx|d|8|C02F3AFA1870A489
36.013665|1b0|Rx|d|4|FF00FFC4
36.013665|4de|Rx|d|3|C00000
36.013665|55d|Rx|d|8|00FD50C091800000
36.018930|211|Rx|d|8|8200FFFFA90000D1
36.018930|214|Rx|d|2|0
36.032347|1b0|Rx|d|4|FF00FFC4
36.032347|5de|Rx|d|8|2
36.034345|211|Rx|d|8|8200FFFFA90000D1
36.034345|214|Rx|d|2|0
36.038342|5df|Rx|d|3|9500
36.054558|1b0|Rx|d|4|FF00FFC4
36.054558|657|Rx|d|2|C0CC
36.054558|211|Rx|d|8|8200FFFFA90000D1
36.054558|214|Rx|d|2|0
36.054558|218|Rx|d|1|98
36.054558|4fa|Rx|d|2|800
36.054558|671|Rx|d|2|200
36.062816|4ac|Rx|d|5|83752A0080
36.062816|45c|Rx|d|6|00000000FFE0
36.072919|1b0|Rx|d|4|FF00FFC4
36.072919|211|Rx|d|8|8200FFFFA90000D1
36.072919|214|Rx|d|2|0
36.085035|4f8|Rx|d|8|94C0000000000000
36.088542|1b0|Rx|d|4|FF00FFC4
36.098379|6fb|Rx|d|8|0F01A454FF0000FF
36.098379|211|Rx|d|8|8200FFFFA90000D1
36.098379|214|Rx|d|2|0
36.105401|3b7|Rx|d|6|37007FC000C0
36.105401|350|Rx|d|8|C02F3AFA1870A489
36.105401|1b0|Rx|d|4|FF00FFC4
36.105401|4de|Rx|d|3|C00000
36.105401|55d|Rx|d|8|00FD50C091800000
36.115490|646|Rx|d|8|000000020000000C
36.115490|211|Rx|d|8|8200FFFFA90000D1
36.115490|214|Rx|d|2|0
36.125422|5ce|Rx|d|3|FEFF00
36.128428|1b0|Rx|d|4|FF00FFC4
36.128428|5de|Rx|d|8|2
36.138489|211|Rx|d|8|8200FFFFA90000D1
36.138489|214|Rx|d|2|0
36.138489|5df|Rx|d|3|9500
36.148987|1b0|Rx|d|4|FF00FFC4
36.148987|657|Rx|d|2|C0CC
36.156244|211|Rx|d|8|8200FFFFA90000D1
36.156244|214|Rx|d|2|0
36.156244|218|Rx|d|1|98
36.156244|4fa|Rx|d|2|800
36.156244|671|Rx|d|2|200
36.156244|4ac|Rx|d|5|83762A0080
36.156244|45c|Rx|d|6|00000000FFE0
36.167530|1b0|Rx|d|4|FF00FFC4
36.184558|211|Rx|d|8|8200FFFFA90000D1
36.184558|214|Rx|d|2|0
36.186644|4f8|Rx|d|8|94C0000000000000
36.186644|1b0|Rx|d|4|FF00FFC4
36.196606|211|Rx|d|8|8200FFFFA90000D1
36.196606|214|Rx|d|2|0
36.206807|3b7|Rx|d|6|37007FC000C0
36.206807|350|Rx|d|8|C02F3AFA1870A489
36.206807|1b0|Rx|d|4|FF00FFC4
36.206807|4de|Rx|d|3|C00000
36.206807|55d|Rx|d|8|00FD50C091800000
36.216813|211|Rx|d|8|8200FFFFA90000D1
36.216813|214|Rx|d|2|0
36.234165|1b0|Rx|d|4|FF00FFC4
36.234165|5de|Rx|d|8|2
36.234165|211|Rx|d|8|8200FFFFA90000D1
36.234165|214|Rx|d|2|0
36.246633|5df|Rx|d|3|9500
36.246633|1b0|Rx|d|4|FF00FFC4
36.246633|657|Rx|d|2|C0CC
36.256798|211|Rx|d|8|8200FFFFA90000D1
36.256798|214|Rx|d|2|0
36.256798|218|Rx|d|1|98
36.256798|4fa|Rx|d|2|800
36.256798|671|Rx|d|2|200
36.256798|4ac|Rx|d|5|83762A0080
36.256798|45c|Rx|d|6|00000000FFE0
36.273884|1b0|Rx|d|4|FF00FFC4
36.273884|211|Rx|d|8|8200FFFFA90000D1
36.273884|214|Rx|d|2|0
36.286788|4f8|Rx|d|8|94C0000000000000
36.286788|1b0|Rx|d|4|FF00FFC4
36.297627|211|Rx|d|8|8200FFFFA90000D1
36.297627|214|Rx|d|2|0
36.301705|3b7|Rx|d|6|37007FC000C0
36.307505|350|Rx|d|8|C02F3AFA1870A489
36.307505|1b0|Rx|d|4|FF00FFC4
36.307505|4de|Rx|d|3|C00000
36.307505|55d|Rx|d|8|00FD50C091800000
36.315500|211|Rx|d|8|8200FFFFA90000D1
36.315500|214|Rx|d|2|0
36.327492|1b0|Rx|d|4|FF00FFC4
36.327492|5de|Rx|d|8|2
36.335489|211|Rx|d|8|8200FFFFA90000D1
36.335489|214|Rx|d|2|0
36.335489|5df|Rx|d|3|9500
36.347480|1b0|Rx|d|4|FF00FFC4
36.347480|657|Rx|d|2|C0CC
36.355475|211|Rx|d|8|8200FFFFA90000D1
36.355475|214|Rx|d|2|0
36.355475|218|Rx|d|1|98
36.355475|4fa|Rx|d|2|800
36.355475|671|Rx|d|2|200
36.357474|4ac|Rx|d|5|83762A0080
36.357474|45c|Rx|d|6|00000000FFE0
36.367468|1b0|Rx|d|4|FF00FFC4
36.375463|211|Rx|d|8|8200FFFFA90000D1
36.375463|214|Rx|d|2|0
36.381459|4f8|Rx|d|8|94C0000000000000
36.387455|1b0|Rx|d|4|FF00FFC4
36.395450|211|Rx|d|8|8200FFFFA90000D1
36.395450|214|Rx|d|2|0
36.401447|3b7|Rx|d|6|37007FC000C0
36.407442|350|Rx|d|8|C02F3AFA1870A489
36.407442|1b0|Rx|d|4|FF00FFC4
36.407442|4de|Rx|d|3|C00000
36.407442|55d|Rx|d|8|00FD50C091800000
36.415437|211|Rx|d|8|8200FFFFA90000D1
36.415437|214|Rx|d|2|0
36.443665|1b0|Rx|d|4|FF00FFC4
36.443665|5de|Rx|d|8|2
36.443665|211|Rx|d|8|8200FFFFA90000D1
36.443665|214|Rx|d|2|0
36.448680|5df|Rx|d|3|9500
36.448680|1b0|Rx|d|4|FF00FFC4
36.448680|657|Rx|d|2|C0CC
36.464072|211|Rx|d|8|8200FFFFA90000D1
36.464072|214|Rx|d|2|0
36.464072|218|Rx|d|1|98
36.464072|4fa|Rx|d|2|800
36.464072|671|Rx|d|2|200
36.464072|4ac|Rx|d|5|83762A0080
36.464072|45c|Rx|d|6|00000000FFE0
36.473651|1b0|Rx|d|4|FF00FFC4
36.473651|211|Rx|d|8|8200FFFFA90000D1
36.473651|214|Rx|d|2|0
36.504042|4f8|Rx|d|8|94C0000000000000
36.504042|1b0|Rx|d|4|FF00FFC4
36.504042|211|Rx|d|8|8200FFFFA90000D1
36.504042|214|Rx|d|2|0
36.504042|3b7|Rx|d|6|37007FC000C0
36.523532|350|Rx|d|8|C02F3AFA1870A489
36.523532|1b0|Rx|d|4|FF00FFC4
36.523532|4de|Rx|d|3|C00000
36.523532|55d|Rx|d|8|00FD50C091800000
36.523532|211|Rx|d|8|8200FFFFA90000D1
36.523532|214|Rx|d|2|0
36.535403|1b0|Rx|d|4|FF00FFC4
36.535403|5de|Rx|d|8|2
36.535403|211|Rx|d|8|8200FFFFA90000D1
36.535403|214|Rx|d|2|0
36.543740|5df|Rx|d|3|9500
36.563747|1b0|Rx|d|4|FF00FFC4
36.563747|657|Rx|d|2|C0CC
36.563747|211|Rx|d|8|8200FFFFA90000D1
36.563747|214|Rx|d|2|0
36.563747|218|Rx|d|1|98
36.563747|4fa|Rx|d|2|800
36.563747|671|Rx|d|2|200
36.563747|4ac|Rx|d|5|83752A0080
36.563747|45c|Rx|d|6|00000000FFE0
36.582888|1b0|Rx|d|4|FF00FFC4
36.582888|211|Rx|d|8|8200FFFFA90000D1
36.582888|214|Rx|d|2|0
36.594128|4f8|Rx|d|8|94C0000000000000
36.594128|1b0|Rx|d|4|FF00FFC4
36.594128|211|Rx|d|8|8200FFFFA90000D1
36.594128|214|Rx|d|2|0
36.623225|3b7|Rx|d|6|37007FC000C0
36.623225|350|Rx|d|8|C02F3AFA1870A489
36.623225|1b0|Rx|d|4|FF00FFC4
36.623225|4de|Rx|d|3|C00000
36.623225|55d|Rx|d|8|00FD50C091800000
36.623225|646|Rx|d|8|000000020000000C
36.623225|211|Rx|d|8|8200FFFFA90000D1
36.623225|214|Rx|d|2|0
36.634118|1b0|Rx|d|4|FF00FFC4
36.634118|5de|Rx|d|8|2
36.644169|211|Rx|d|8|8200FFFFA90000D1
36.644169|214|Rx|d|2|0
36.644169|5df|Rx|d|3|9500
36.658085|1b0|Rx|d|4|FF00FFC4
36.658085|657|Rx|d|2|C0CC
36.658085|211|Rx|d|8|8200FFFFA90000D1
36.658085|214|Rx|d|2|0
36.658085|218|Rx|d|1|98
36.658085|4fa|Rx|d|2|800
36.658085|671|Rx|d|2|200
36.658085|4ac|Rx|d|5|83762A0080
36.658085|45c|Rx|d|6|00000000FFE0
36.678457|1b0|Rx|d|4|FF00FFC4
36.678457|211|Rx|d|8|8200FFFFA90000D1
36.678457|214|Rx|d|2|0
36.693727|4f8|Rx|d|8|94C0000000000000
36.703739|1b0|Rx|d|4|FF00FFC4
36.703739|211|Rx|d|8|8200FFFFA90000D1
36.703739|214|Rx|d|2|0
36.703739|3b7|Rx|d|6|37007FC000C0
36.734229|350|Rx|d|8|C02F3AFA1870A489
36.734229|1b0|Rx|d|4|FF00FFC4
36.734229|4de|Rx|d|3|C00000
36.734229|55d|Rx|d|8|00FD50C091800000
36.734229|211|Rx|d|8|8200FFFFA90000D1
36.734229|214|Rx|d|2|0
36.734229|1b0|Rx|d|4|FF00FFC4
36.734229|5de|Rx|d|8|2
36.734229|211|Rx|d|8|8200FFFFA90000D1
36.734229|214|Rx|d|2|0
36.764141|5df|Rx|d|3|9500
36.764141|1b0|Rx|d|4|FF00FFC4
36.764141|657|Rx|d|2|C0CC
36.764141|69f|Rx|d|4|0650859F
36.764141|211|Rx|d|8|8200FFFFA90000D1
36.764141|214|Rx|d|2|0
36.764141|218|Rx|d|1|98
36.764141|4fa|Rx|d|2|800
36.764141|671|Rx|d|2|200
36.764141|4ac|Rx|d|5|83762A0080
36.764141|45c|Rx|d|6|00000000FFE0
36.794069|1b0|Rx|d|4|FF00FFC4
36.794069|211|Rx|d|8|8200FFFFA90000D1
36.794069|214|Rx|d|2|0
36.794069|4f8|Rx|d|8|94C0000000000000
36.795329|1b0|Rx|d|4|FF00FFC4
36.795329|211|Rx|d|8|8200FFFFA90000D1
36.795329|214|Rx|d|2|0
36.814002|3b7|Rx|d|6|37007FC000C0
36.816000|350|Rx|d|8|C02F3AFA1870A489
36.816000|1b0|Rx|d|4|FF00FFC4
36.816000|4de|Rx|d|3|C00000
36.816000|55d|Rx|d|8|00FD50C091800000
36.816000|211|Rx|d|8|8200FFFFA90000D1
36.816000|214|Rx|d|2|0
36.827993|1b0|Rx|d|4|FF00FFC4
36.827993|5de|Rx|d|8|2
36.833989|211|Rx|d|8|8200FFFFA90000D1
36.833989|214|Rx|d|2|0
36.837987|5df|Rx|d|3|9500
36.847981|1b0|Rx|d|4|FF00FFC4
36.847981|657|Rx|d|2|C0CC
36.853979|211|Rx|d|8|8200FFFFA90000D1
36.853979|214|Rx|d|2|0
36.853979|218|Rx|d|1|98
36.853979|4fa|Rx|d|2|800
36.853979|671|Rx|d|2|200
36.859973|4ac|Rx|d|5|83762A0080
36.859973|45c|Rx|d|6|00000000FFE0
36.867968|1b0|Rx|d|4|FF00FFC4
36.873964|211|Rx|d|8|8200FFFFA90000D1
36.873964|214|Rx|d|2|0
36.881960|4f8|Rx|d|8|94C0000000000000
36.887956|1b0|Rx|d|4|FF00FFC4
36.893952|211|Rx|d|8|8200FFFFA90000D1
36.893952|214|Rx|d|2|0
36.901947|3b7|Rx|d|6|37007FC000C0
36.907943|350|Rx|d|8|C02F3AFA1870A489
36.907943|1b0|Rx|d|4|FF00FFC4
36.907943|4de|Rx|d|3|C00000
36.907943|55d|Rx|d|8|00FD50C091800000
36.913940|211|Rx|d|8|8200FFFFA90000D1
36.913940|214|Rx|d|2|0
36.927931|1b0|Rx|d|4|FF00FFC4
36.927931|5de|Rx|d|8|2
36.933928|211|Rx|d|8|8200FFFFA90000D1
36.933928|214|Rx|d|2|0
36.943726|5df|Rx|d|3|9500
36.958996|1b0|Rx|d|4|FF00FFC4
36.958996|657|Rx|d|2|C0CC
36.958996|211|Rx|d|8|8200FFFFA90000D1
36.958996|214|Rx|d|2|0
36.958996|218|Rx|d|1|98
36.958996|4fa|Rx|d|2|800
36.958996|671|Rx|d|2|200
36.958996|4ac|Rx|d|5|83762A0080
36.958996|45c|Rx|d|6|00000000FFE0
36.978506|1b0|Rx|d|4|FF00FFC4
36.978506|211|Rx|d|8|8200FFFFA90000D1
36.978506|214|Rx|d|2|0
36.988890|4f8|Rx|d|8|94C0000000000000
36.993945|1b0|Rx|d|4|FF00FFC4
36.993945|211|Rx|d|8|8200FFFFA90000D1
36.993945|214|Rx|d|2|0
37.008640|3b7|Rx|d|6|37007FC000C0
37.014105|350|Rx|d|8|C02F3AFA1870A489
37.014105|1b0|Rx|d|4|FF00FFC4
37.014105|4de|Rx|d|3|C00000
37.014105|55d|Rx|d|8|00FD50C091800000
37.014105|211|Rx|d|8|8200FFFFA90000D1
37.014105|214|Rx|d|2|0
37.043817|1b0|Rx|d|4|FF00FFC4
37.043817|5de|Rx|d|8|2
37.043817|211|Rx|d|8|8200FFFFA90000D1
37.043817|214|Rx|d|2|0
37.048831|5df|Rx|d|3|9500
37.053926|1b0|Rx|d|4|FF00FFC4
37.053926|657|Rx|d|2|C0CC
37.053926|211|Rx|d|8|8200FFFFA90000D1
37.053926|214|Rx|d|2|0
37.053926|218|Rx|d|1|98
37.053926|4fa|Rx|d|2|800
37.053926|671|Rx|d|2|200
37.073370|4ac|Rx|d|5|83762A0080
37.073370|45c|Rx|d|6|00000000FFE0
37.073370|1b0|Rx|d|4|FF00FFC4
37.073370|211|Rx|d|8|8200FFFFA90000D1
37.073370|214|Rx|d|2|0
37.103760|4f8|Rx|d|8|94C0000000000000
37.103760|1b0|Rx|d|4|FF00FFC4
37.103760|211|Rx|d|8|8200FFFFA90000D1
37.103760|214|Rx|d|2|0
37.103760|3b7|Rx|d|6|37007FC000C0
37.134375|350|Rx|d|8|C02F3AFA1870A489
37.134375|1b0|Rx|d|4|FF00FFC4
37.134375|4de|Rx|d|3|C00000
37.134375|55d|Rx|d|8|00FD50C091800000
37.134375|646|Rx|d|8|000000020000000C
37.134375|211|Rx|d|8|8200FFFFA90000D1
37.134375|214|Rx|d|2|0
37.134375|1b0|Rx|d|4|FF00FFC4
37.134375|5de|Rx|d|8|2
37.134375|211|Rx|d|8|8200FFFFA90000D1
37.134375|214|Rx|d|2|0
37.134375|5df|Rx|d|3|9500
37.164236|1b0|Rx|d|4|FF00FFC4
37.164236|657|Rx|d|2|C0CC
37.164236|211|Rx|d|8|8200FFFFA90000D1
37.164236|214|Rx|d|2|0
37.164236|218|Rx|d|1|98
37.164236|4fa|Rx|d|2|800
37.164236|671|Rx|d|2|200
37.164236|4ac|Rx|d|5|83752A0080
37.164236|45c|Rx|d|6|00000000FFE0
37.173913|1b0|Rx|d|4|FF00FFC4
37.178913|211|Rx|d|8|8200FFFFA90000D1
37.178913|214|Rx|d|2|0
37.178913|4f8|Rx|d|8|94C0000000000000
37.193696|1b0|Rx|d|4|FF00FFC4
37.193696|211|Rx|d|8|8200FFFFA90000D1
37.193696|214|Rx|d|2|0
37.213751|3b7|Rx|d|6|37007FC000C0
37.213751|350|Rx|d|8|C02F3AFA1870A489
37.213751|1b0|Rx|d|4|FF00FFC4
37.213751|4de|Rx|d|3|C00000
37.213751|55d|Rx|d|8|00FD50C091800000
37.213751|211|Rx|d|8|8200FFFFA90000D1
37.213751|214|Rx|d|2|0
37.234061|1b0|Rx|d|4|FF00FFC4
37.234061|5de|Rx|d|8|2
37.234061|211|Rx|d|8|8200FFFFA90000D1
37.234061|214|Rx|d|2|0
37.234061|5df|Rx|d|3|9500
37.253951|1b0|Rx|d|4|FF00FFC4
37.253951|657|Rx|d|2|C0CC
37.253951|211|Rx|d|8|8200FFFFA90000D1
37.253951|214|Rx|d|2|0
37.253951|218|Rx|d|1|98
37.253951|4fa|Rx|d|2|800
37.253951|671|Rx|d|2|200
37.264053|4ac|Rx|d|5|83762A0080
37.264053|45c|Rx|d|6|00000000FFE0
37.264053|1b0|Rx|d|4|FF00FFC4
37.293984|211|Rx|d|8|8200FFFFA90000D1
37.293984|214|Rx|d|2|0
37.293984|4f8|Rx|d|8|94C0000000000000
37.293984|1b0|Rx|d|4|FF00FFC4
37.293984|211|Rx|d|8|8200FFFFA90000D1
37.293984|214|Rx|d|2|0
37.323834|3b7|Rx|d|6|37007FC000C0
37.323834|350|Rx|d|8|C02F3AFA1870A489
37.323834|1b0|Rx|d|4|FF00FFC4
37.323834|4de|Rx|d|3|C00000
37.323834|55d|Rx|d|8|00FD50C091800000
37.323834|211|Rx|d|8|8200FFFFA90000D1
37.323834|214|Rx|d|2|0
37.343792|1b0|Rx|d|4|FF00FFC4
37.343792|5de|Rx|d|8|2
37.343792|211|Rx|d|8|8200FFFFA90000D1
37.343792|214|Rx|d|2|0
37.343792|5df|Rx|d|3|9500
37.369674|1b0|Rx|d|4|FF00FFC4
37.369674|657|Rx|d|2|C0CC
37.369674|211|Rx|d|8|8200FFFFA90000D1
37.369674|214|Rx|d|2|0
37.369674|218|Rx|d|1|98
37.369674|4fa|Rx|d|2|800
37.369674|671|Rx|d|2|200
37.369674|4ac|Rx|d|5|83762A0080
37.369674|45c|Rx|d|6|00000000FFE0
37.369674|1b0|Rx|d|4|FF00FFC4
37.383233|211|Rx|d|8|8200FFFFA90000D1
37.383233|214|Rx|d|2|0
37.383233|4f8|Rx|d|8|94C0000000000000
37.398776|1b0|Rx|d|4|FF00FFC4
37.398776|211|Rx|d|8|8200FFFFA90000D1
37.398776|214|Rx|d|2|0
37.403809|3b7|Rx|d|6|37007FC000C0
37.413812|350|Rx|d|8|C02F3AFA1870A489
37.413812|1b0|Rx|d|4|FF00FFC4
37.413812|4de|Rx|d|3|C00000
37.413812|55d|Rx|d|8|00FD50C091800000
37.413812|211|Rx|d|8|8200FFFFA90000D1
37.413812|214|Rx|d|2|0
37.433888|1b0|Rx|d|4|FF00FFC4
37.433888|5de|Rx|d|8|2
37.433888|211|Rx|d|8|8200FFFFA90000D1
37.433888|214|Rx|d|2|0
37.433888|5df|Rx|d|3|9500
37.453803|1b0|Rx|d|4|FF00FFC4
37.453803|657|Rx|d|2|C0CC
37.453803|211|Rx|d|8|8200FFFFA90000D1
37.453803|214|Rx|d|2|0
37.453803|218|Rx|d|1|98
37.453803|4fa|Rx|d|2|800
37.453803|671|Rx|d|2|200
37.459073|4ac|Rx|d|5|83762A0080
37.459073|45c|Rx|d|6|00000000FFE0
37.473962|1b0|Rx|d|4|FF00FFC4
37.473962|211|Rx|d|8|8200FFFFA90000D1
37.473962|214|Rx|d|2|0
37.483945|4f8|Rx|d|8|94C0000000000000
37.485509|1b0|Rx|d|4|FF00FFC4
37.493509|211|Rx|d|8|8200FFFFA90000D1
37.493509|214|Rx|d|2|0
37.501498|3b7|Rx|d|6|37007FC000C0
37.507494|350|Rx|d|8|C02F3AFA1870A489
37.507494|1b0|Rx|d|4|FF00FFC4
37.507494|4de|Rx|d|3|C00000
37.507494|55d|Rx|d|8|00FD50C091800000
37.513490|211|Rx|d|8|8200FFFFA90000D1
37.513490|214|Rx|d|2|0
37.527482|1b0|Rx|d|4|FF00FFC4
37.527482|5de|Rx|d|8|2
37.533480|211|Rx|d|8|8200FFFFA90000D1
37.533480|214|Rx|d|2|0
37.539475|5df|Rx|d|3|9500
37.547470|1b0|Rx|d|4|FF00FFC4
37.547470|657|Rx|d|2|C0CC
37.553466|211|Rx|d|8|8200FFFFA90000D1
37.553466|214|Rx|d|2|0
37.553466|218|Rx|d|1|98
37.553466|4fa|Rx|d|2|800
37.553466|671|Rx|d|2|200
37.557464|4ac|Rx|d|5|83762A0080
37.557464|45c|Rx|d|6|00000000FFE0
37.567458|1b0|Rx|d|4|FF00FFC4
37.573456|211|Rx|d|8|8200FFFFA90000D1
37.575454|214|Rx|d|2|0
37.581450|4f8|Rx|d|8|94C0000000000000
37.587445|1b0|Rx|d|4|FF00FFC4
37.593441|211|Rx|d|8|8200FFFFA90000D1
37.593441|214|Rx|d|2|0
37.601437|3b7|Rx|d|6|37007FC000C0
37.607433|350|Rx|d|8|C02F3AFA1870A489
37.607433|1b0|Rx|d|4|FF00FFC4
37.607433|4de|Rx|d|3|C00000
37.607433|55d|Rx|d|8|00FD50C091800000
37.611430|646|Rx|d|8|000000020000000C
37.611430|211|Rx|d|8|8200FFFFA90000D1
37.611430|214|Rx|d|2|0
37.633638|1b0|Rx|d|4|FF00FFC4
37.633638|5de|Rx|d|8|2
37.638885|211|Rx|d|8|8200FFFFA90000D1
37.638885|214|Rx|d|2|0
37.638885|5df|Rx|d|3|9500
37.658799|1b0|Rx|d|4|FF00FFC4
37.658799|657|Rx|d|2|C0CC
37.658799|211|Rx|d|8|8200FFFFA90000D1
37.658799|214|Rx|d|2|0
37.658799|218|Rx|d|1|98
37.658799|4fa|Rx|d|2|800
37.658799|671|Rx|d|2|200
37.658799|4ac|Rx|d|5|83752A0080
37.658799|45c|Rx|d|6|00000000FFE0
37.673989|1b0|Rx|d|4|FF00FFC4
37.673989|211|Rx|d|8|8200FFFFA90000D1
37.673989|214|Rx|d|2|0
37.688554|4f8|Rx|d|8|94C0000000000000
37.688554|1b0|Rx|d|4|FF00FFC4
37.703930|211|Rx|d|8|8200FFFFA90000D1
37.703930|214|Rx|d|2|0
37.708869|3b7|Rx|d|6|37007FC000C0
37.708869|350|Rx|d|8|C02F3AFA1870A489
37.708869|1b0|Rx|d|4|FF00FFC4
37.708869|4de|Rx|d|3|C00000
37.708869|55d|Rx|d|8|00FD50C091800000
37.724317|211|Rx|d|8|8200FFFFA90000D1
37.724317|214|Rx|d|2|0
37.724317|1b0|Rx|d|4|FF00FFC4
37.724317|5de|Rx|d|8|2
37.744075|211|Rx|d|8|8200FFFFA90000D1
37.744075|214|Rx|d|2|0
37.744075|5df|Rx|d|3|9500
37.750071|1b0|Rx|d|4|FF00FFC4
37.750071|657|Rx|d|2|C0CC
37.750071|69f|Rx|d|4|0650859F
37.754068|211|Rx|d|8|8200FFFFA90000D1
37.754068|214|Rx|d|2|0
37.754068|218|Rx|d|1|98
37.754068|4fa|Rx|d|2|800
37.754068|671|Rx|d|2|200
37.756068|4ac|Rx|d|5|83762A0080
37.756068|45c|Rx|d|6|00000000FFE0
37.773758|1b0|Rx|d|4|FF00FFC4
37.778892|211|Rx|d|8|8200FFFFA90000D1
37.778892|214|Rx|d|2|0
37.783921|4f8|Rx|d|8|94C0000000000000
37.789147|1b0|Rx|d|4|FF00FFC4
37.799001|211|Rx|d|8|8200FFFFA90000D1
37.799001|214|Rx|d|2|0
37.808570|3b7|Rx|d|6|37007FC000C0
37.808570|350|Rx|d|8|C02F3AFA1870A489
37.808570|1b0|Rx|d|4|FF00FFC4
37.808570|4de|Rx|d|3|C00000
37.808570|55d|Rx|d|8|00FD50C091800000
37.823776|211|Rx|d|8|8200FFFFA90000D1
37.823776|214|Rx|d|2|0
37.838970|1b0|Rx|d|4|FF00FFC4
37.838970|5de|Rx|d|8|2
37.838970|211|Rx|d|8|8200FFFFA90000D1
37.838970|214|Rx|d|2|0
37.838970|5df|Rx|d|3|9500
37.853995|1b0|Rx|d|4|FF00FFC4
37.853995|657|Rx|d|2|C0CC
37.858928|211|Rx|d|8|8200FFFFA90000D1
37.858928|214|Rx|d|2|0
37.858928|218|Rx|d|1|98
37.858928|4fa|Rx|d|2|800
37.858928|671|Rx|d|2|200
37.858928|4ac|Rx|d|5|83752A0080
37.858928|45c|Rx|d|6|00000000FFE0
37.866456|1b0|Rx|d|4|FF00FFC4
37.884044|211|Rx|d|8|8200FFFFA90000D1
37.884044|214|Rx|d|2|0
37.884044|4f8|Rx|d|8|94C0000000000000
37.884044|1b0|Rx|d|4|FF00FFC4
37.903594|211|Rx|d|8|8200FFFFA90000D1
37.903594|214|Rx|d|2|0
37.903594|3b7|Rx|d|6|37007FC000C0
37.918997|350|Rx|d|8|C02F3AFA1870A489
37.918997|1b0|Rx|d|4|FF00FFC4
37.918997|4de|Rx|d|3|C00000
37.918997|55d|Rx|d|8|00FD50C091800000
37.918997|211|Rx|d|8|8200FFFFA90000D1
37.918997|214|Rx|d|2|0
37.934145|1b0|Rx|d|4|FF00FFC4
37.934145|5de|Rx|d|8|2
37.934145|211|Rx|d|8|8200FFFFA90000D1
37.934145|214|Rx|d|2|0
37.943708|5df|Rx|d|3|9500
37.953749|1b0|Rx|d|4|FF00FFC4
37.953749|657|Rx|d|2|C0CC
37.958627|211|Rx|d|8|8200FFFFA90000D1
37.958627|214|Rx|d|2|0
37.958627|218|Rx|d|1|98
37.958627|4fa|Rx|d|2|800
37.958627|671|Rx|d|2|200
37.958627|4ac|Rx|d|5|83762A0080
37.958627|45c|Rx|d|6|00000000FFE0
37.973559|1b0|Rx|d|4|FF00FFC4
37.973559|211|Rx|d|8|8200FFFFA90000D1
37.973559|214|Rx|d|2|0
37.988672|4f8|Rx|d|8|94C0000000000000
37.988672|1b0|Rx|d|4|FF00FFC4
38.004027|211|Rx|d|8|8200FFFFA90000D1
38.004027|214|Rx|d|2|0
38.004027|3b7|Rx|d|6|37007FC000C0
38.013563|350|Rx|d|8|C02F3AFA1870A489
38.013563|1b0|Rx|d|4|FF00FFC4
38.013563|4de|Rx|d|3|C00000
38.013563|55d|Rx|d|8|00FD50C091800000
38.013563|211|Rx|d|8|8200FFFFA90000D1
38.013563|214|Rx|d|2|0
38.033743|1b0|Rx|d|4|FF00FFC4
38.033743|5de|Rx|d|8|2
38.039073|211|Rx|d|8|8200FFFFA90000D1
38.039073|214|Rx|d|2|0
38.039073|5df|Rx|d|3|9500
38.053939|1b0|Rx|d|4|FF00FFC4
38.053939|657|Rx|d|2|C0CC
38.053939|211|Rx|d|8|8200FFFFA90000D1
38.053939|214|Rx|d|2|0
38.053939|218|Rx|d|1|98
38.053939|4fa|Rx|d|2|800
38.053939|671|Rx|d|2|200
38.053939|4ac|Rx|d|5|83762A0080
38.053939|45c|Rx|d|6|00000000FFE0
38.068676|1b0|Rx|d|4|FF00FFC4
38.079024|211|Rx|d|8|8200FFFFA90000D1
38.079024|214|Rx|d|2|0
38.079024|4f8|Rx|d|8|94C0000000000000
38.089361|1b0|Rx|d|4|FF00FFC4
38.097566|211|Rx|d|8|8200FFFFA90000D1
38.097566|214|Rx|d|2|0
38.103629|3b7|Rx|d|6|37007FC000C0
38.109953|350|Rx|d|8|C02F3AFA1870A489
38.109953|1b0|Rx|d|4|FF00FFC4
38.109953|4de|Rx|d|3|C00000
38.109953|55d|Rx|d|8|00FD50C091800000
38.109953|646|Rx|d|8|000000020000000C
38.119884|211|Rx|d|8|8200FFFFA90000D1
38.119884|214|Rx|d|2|0
38.130280|1b0|Rx|d|4|FF00FFC4
38.130280|5de|Rx|d|8|2
38.135526|211|Rx|d|8|8200FFFFA90000D1
38.135526|214|Rx|d|2|0
38.135526|5df|Rx|d|3|9500
38.146724|1b0|Rx|d|4|FF00FFC4
38.146724|657|Rx|d|2|C0CC
38.154719|211|Rx|d|8|8200FFFFA90000D1
38.154719|214|Rx|d|2|0
38.154719|218|Rx|d|1|98
38.154719|4fa|Rx|d|2|800
38.154719|671|Rx|d|2|200
38.154719|4ac|Rx|d|5|83762A0080
38.154719|45c|Rx|d|6|00000000FFE0
38.166711|1b0|Rx|d|4|FF00FFC4
38.174706|211|Rx|d|8|8200FFFFA90000D1
38.174706|214|Rx|d|2|0
38.182703|4f8|Rx|d|8|94C0000000000000
38.188699|1b0|Rx|d|4|FF00FFC4
38.194694|211|Rx|d|8|8200FFFFA90000D1
38.194694|214|Rx|d|2|0
38.202689|3b7|Rx|d|6|37007FC000C0
38.208686|350|Rx|d|8|C02F3AFA1870A489
38.208686|1b0|Rx|d|4|FF00FFC4
38.208686|4de|Rx|d|3|C00000
38.208686|55d|Rx|d|8|00FD50C091800000
38.214682|211|Rx|d|8|8200FFFFA90000D1
38.214682|214|Rx|d|2|0
38.226674|1b0|Rx|d|4|FF00FFC4
38.226674|5de|Rx|d|8|2
38.234669|211|Rx|d|8|8200FFFFA90000D1
38.234669|214|Rx|d|2|0
38.234669|5df|Rx|d|3|9500
38.246662|1b0|Rx|d|4|FF00FFC4
38.246662|657|Rx|d|2|C0CC
38.254657|211|Rx|d|8|8200FFFFA90000D1
38.254657|214|Rx|d|2|0
38.254657|218|Rx|d|1|98
38.254657|4fa|Rx|d|2|800
38.254657|671|Rx|d|2|200
38.256655|4ac|Rx|d|5|83762A0080
38.256655|45c|Rx|d|6|00000000FFE0
38.268993|1b0|Rx|d|4|FF00FFC4
38.279170|211|Rx|d|8|8200FFFFA90000D1
38.279170|214|Rx|d|2|0
38.279170|4f8|Rx|d|8|94C0000000000000
38.291086|1b0|Rx|d|4|FF00FFC4
38.291086|211|Rx|d|8|8200FFFFA90000D1
38.291086|214|Rx|d|2|0
38.303549|3b7|Rx|d|6|37007FC000C0
38.313525|350|Rx|d|8|C02F3AFA1870A489
38.313525|1b0|Rx|d|4|FF00FFC4
38.313525|4de|Rx|d|3|C00000
38.313525|55d|Rx|d|8|00FD50C091800000
38.318654|211|Rx|d|8|8200FFFFA90000D1
38.318654|214|Rx|d|2|0
38.331785|1b0|Rx|d|4|FF00FFC4
38.331785|5de|Rx|d|8|2
38.333816|211|Rx|d|8|8200FFFFA90000D1
38.333816|214|Rx|d|2|0
38.333816|5df|Rx|d|3|9500
38.351969|1b0|Rx|d|4|FF00FFC4
38.351969|657|Rx|d|2|C0CC
38.351969|211|Rx|d|8|8200FFFFA90000D1
38.351969|214|Rx|d|2|0
38.351969|218|Rx|d|1|98
38.353507|4fa|Rx|d|2|800
38.353507|671|Rx|d|2|200
38.361812|4ac|Rx|d|5|83752A0080
38.361812|45c|Rx|d|6|00000000FFE0
38.369185|1b0|Rx|d|4|FF00FFC4
38.373882|211|Rx|d|8|8200FFFFA90000D1
38.373882|214|Rx|d|2|0
38.383642|4f8|Rx|d|8|94C0000000000000
38.385422|1b0|Rx|d|4|FF00FFC4
38.393677|211|Rx|d|8|8200FFFFA90000D1
38.393677|214|Rx|d|2|0
38.401652|3b7|Rx|d|6|37007FC000C0
38.407648|350|Rx|d|8|C02F3AFA1870A489
38.407648|1b0|Rx|d|4|FF00FFC4
38.407648|4de|Rx|d|3|C00000
38.407648|55d|Rx|d|8|00FD50C091800000
38.413643|211|Rx|d|8|8200FFFFA90000D1
38.413643|214|Rx|d|2|0
38.427635|1b0|Rx|d|4|FF00FFC4
38.427635|5de|Rx|d|8|2
38.433632|211|Rx|d|8|8200FFFFA90000D1
38.433632|214|Rx|d|2|0
38.437629|5df|Rx|d|3|9500
38.447623|1b0|Rx|d|4|FF00FFC4
38.447623|657|Rx|d|2|C0CC
38.453620|211|Rx|d|8|8200FFFFA90000D1
38.453620|214|Rx|d|2|0
38.453620|218|Rx|d|1|98
38.453620|4fa|Rx|d|2|800
38.453620|671|Rx|d|2|200
38.457617|4ac|Rx|d|5|83762A0080
38.457617|45c|Rx|d|6|00000000FFE0
38.467611|1b0|Rx|d|4|FF00FFC4
38.473607|211|Rx|d|8|8200FFFFA90000D1
38.473607|214|Rx|d|2|0
38.481602|4f8|Rx|d|8|94C0000000000000
38.487598|1b0|Rx|d|4|FF00FFC4
38.493594|211|Rx|d|8|8200FFFFA90000D1
38.493594|214|Rx|d|2|0
38.501590|3b7|Rx|d|6|37007FC000C0
38.507586|350|Rx|d|8|C02F3AFA1870A489
38.507586|1b0|Rx|d|4|FF00FFC4
38.507586|4de|Rx|d|3|C00000
38.507586|55d|Rx|d|8|00FD50C091800000
38.519071|211|Rx|d|8|8200FFFFA90000D1
38.519071|214|Rx|d|2|0
38.530582|1b0|Rx|d|4|FF00FFC4
38.530582|5de|Rx|d|8|2
38.540468|211|Rx|d|8|8200FFFFA90000D1
38.540468|214|Rx|d|2|0
38.540468|5df|Rx|d|3|9500
38.550445|1b0|Rx|d|4|FF00FFC4
38.550445|657|Rx|d|2|C0CC
38.558778|211|Rx|d|8|8200FFFFA90000D1
38.558778|214|Rx|d|2|0
38.558778|218|Rx|d|1|98
38.558778|4fa|Rx|d|2|800
38.558778|671|Rx|d|2|200
38.558778|4ac|Rx|d|5|83762A0080
38.558778|45c|Rx|d|6|00000000FFE0
38.572251|1b0|Rx|d|4|FF00FFC4
38.572251|211|Rx|d|8|8200FFFFA90000D1
38.572251|214|Rx|d|2|0
38.582101|4f8|Rx|d|8|94C0000000000000
38.591981|1b0|Rx|d|4|FF00FFC4
38.593513|211|Rx|d|8|8200FFFFA90000D1
38.593513|214|Rx|d|2|0
38.603396|3b7|Rx|d|6|37007FC000C0
38.613741|350|Rx|d|8|C02F3AFA1870A489
38.613741|1b0|Rx|d|4|FF00FFC4
38.613741|4de|Rx|d|3|C00000
38.613741|55d|Rx|d|8|00FD50C091800000
38.613741|646|Rx|d|8|000000020000000C
38.613741|211|Rx|d|8|8200FFFFA90000D1
38.613741|214|Rx|d|2|0
38.631861|1b0|Rx|d|4|FF00FFC4
38.631861|5de|Rx|d|8|2
38.633393|211|Rx|d|8|8200FFFFA90000D1
38.633393|214|Rx|d|2|0
38.643863|5df|Rx|d|3|9500
38.652528|1b0|Rx|d|4|FF00FFC4
38.652528|657|Rx|d|2|C0CC
38.652528|211|Rx|d|8|8200FFFFA90000D1
38.652528|214|Rx|d|2|0
38.652528|218|Rx|d|1|98
38.652528|4fa|Rx|d|2|800
38.652528|671|Rx|d|2|200
38.662358|4ac|Rx|d|5|83762A0080
38.662358|45c|Rx|d|6|00000000FFE0
38.670251|1b0|Rx|d|4|FF00FFC4
38.679065|211|Rx|d|8|8200FFFFA90000D1
38.679065|214|Rx|d|2|0
38.679065|4f8|Rx|d|8|94C0000000000000
38.692040|1b0|Rx|d|4|FF00FFC4
38.692040|211|Rx|d|8|8200FFFFA90000D1
38.692040|214|Rx|d|2|0
38.702357|3b7|Rx|d|6|37007FC000C0
38.712336|350|Rx|d|8|C02F3AFA1870A489
38.712336|1b0|Rx|d|4|FF00FFC4
38.712336|4de|Rx|d|3|C00000
38.712336|55d|Rx|d|8|00FD50C091800000
38.718548|211|Rx|d|8|8200FFFFA90000D1
38.718548|214|Rx|d|2|0
38.730483|1b0|Rx|d|4|FF00FFC4
38.730483|5de|Rx|d|8|2
38.740484|211|Rx|d|8|8200FFFFA90000D1
38.740484|214|Rx|d|2|0
38.740484|5df|Rx|d|3|9500
38.750327|1b0|Rx|d|4|FF00FFC4
38.750327|657|Rx|d|2|C0CC
38.750327|69f|Rx|d|4|0650859F
38.759236|211|Rx|d|8|8200FFFFA90000D1
38.759236|214|Rx|d|2|0
38.759236|218|Rx|d|1|98
38.759236|4fa|Rx|d|2|800
38.759236|671|Rx|d|2|200
38.759236|4ac|Rx|d|5|83752A0080
38.759236|45c|Rx|d|6|00000000FFE0
38.770235|1b0|Rx|d|4|FF00FFC4
38.782247|211|Rx|d|8|8200FFFFA90000D1
38.782247|214|Rx|d|2|0
38.789130|4f8|Rx|d|8|94C0000000000000
38.789130|1b0|Rx|d|4|FF00FFC4
38.799062|211|Rx|d|8|8200FFFFA90000D1
38.799062|214|Rx|d|2|0
38.799062|3b7|Rx|d|6|37007FC000C0
38.812020|350|Rx|d|8|C02F3AFA1870A489
38.812020|1b0|Rx|d|4|FF00FFC4
38.812020|4de|Rx|d|3|C00000
38.812020|55d|Rx|d|8|00FD50C091800000
38.812020|211|Rx|d|8|8200FFFFA90000D1
38.812020|214|Rx|d|2|0
38.832208|1b0|Rx|d|4|FF00FFC4
38.832208|5de|Rx|d|8|2
38.832208|211|Rx|d|8|8200FFFFA90000D1
38.832208|214|Rx|d|2|0
38.842088|5df|Rx|d|3|9500
38.851977|1b0|Rx|d|4|FF00FFC4
38.851977|657|Rx|d|2|C0CC
38.853499|211|Rx|d|8|8200FFFFA90000D1
38.853499|214|Rx|d|2|0
38.853499|218|Rx|d|1|98
38.853499|4fa|Rx|d|2|800
38.853499|671|Rx|d|2|200
38.863931|4ac|Rx|d|5|83752A0080
38.863931|45c|Rx|d|6|00000000FFE0
38.863931|1b0|Rx|d|4|FF00FFC4
38.873902|211|Rx|d|8|8200FFFFA90000D1
38.873902|214|Rx|d|2|0
38.883735|4f8|Rx|d|8|94C0000000000000
38.889016|1b0|Rx|d|4|FF00FFC4
38.898948|211|Rx|d|8|8200FFFFA90000D1
38.898948|214|Rx|d|2|0
38.903573|3b7|Rx|d|6|37007FC000C0
38.913917|350|Rx|d|8|C02F3AFA1870A489
38.913917|1b0|Rx|d|4|FF00FFC4
38.913917|4de|Rx|d|3|C00000
38.913917|55d|Rx|d|8|00FD50C091800000
38.913917|211|Rx|d|8|8200FFFFA90000D1
38.913917|214|Rx|d|2|0
38.931790|1b0|Rx|d|4|FF00FFC4
38.931790|5de|Rx|d|8|2
38.931790|211|Rx|d|8|8200FFFFA90000D1
38.931790|214|Rx|d|2|0
38.942093|5df|Rx|d|3|9500
38.950260|1b0|Rx|d|4|FF00FFC4
38.950260|657|Rx|d|2|C0CC
38.960440|211|Rx|d|8|8200FFFFA90000D1
38.960440|214|Rx|d|2|0
38.960440|218|Rx|d|1|98
38.960440|4fa|Rx|d|2|800
38.960440|671|Rx|d|2|200
38.960440|4ac|Rx|d|5|83752A0080
38.960440|45c|Rx|d|6|00000000FFE0
38.970766|1b0|Rx|d|4|FF00FFC4
38.972797|211|Rx|d|8|8200FFFFA90000D1
38.972797|214|Rx|d|2|0
38.980623|4f8|Rx|d|8|94C0000000000000
38.990495|1b0|Rx|d|4|FF00FFC4
39.000353|211|Rx|d|8|8200FFFFA90000D1
39.000353|214|Rx|d|2|0
39.002376|3b7|Rx|d|6|37007FC000C0
39.010418|350|Rx|d|8|C02F3AFA1870A489
39.010418|1b0|Rx|d|4|FF00FFC4
39.010418|4de|Rx|d|3|C00000
39.010418|55d|Rx|d|8|00FD50C091800000
39.018719|211|Rx|d|8|8200FFFFA90000D1
39.018719|214|Rx|d|2|0
39.032261|1b0|Rx|d|4|FF00FFC4
39.032261|5de|Rx|d|8|2
39.032261|211|Rx|d|8|8200FFFFA90000D1
39.032261|214|Rx|d|2|0
39.040986|5df|Rx|d|3|9500
39.051022|1b0|Rx|d|4|FF00FFC4
39.051022|657|Rx|d|2|C0CC
39.051022|211|Rx|d|8|8200FFFFA90000D1
39.051022|214|Rx|d|2|0
39.068618|218|Rx|d|1|98
39.068618|4fa|Rx|d|2|800
39.068618|671|Rx|d|2|200
39.068618|4ac|Rx|d|5|83762A0080
39.068618|45c|Rx|d|6|00000000FFE0
39.071672|1b0|Rx|d|4|FF00FFC4
39.071672|211|Rx|d|8|8200FFFFA90000D1
39.071672|214|Rx|d|2|0
39.083545|4f8|Rx|d|8|94C0000000000000
39.090217|1b0|Rx|d|4|FF00FFC4
39.092215|6fb|Rx|d|8|0F01A454FF0000FF
39.092215|211|Rx|d|8|8200FFFFA90000D1
39.092215|214|Rx|d|2|0
39.101250|3b7|Rx|d|6|37007FC000C0
39.107282|350|Rx|d|8|C02F3AFA1870A489
39.107282|1b0|Rx|d|4|FF00FFC4
39.107282|4de|Rx|d|3|C00000
39.107282|55d|Rx|d|8|00FD50C091800000
39.111281|646|Rx|d|8|000000020000000C
39.111281|211|Rx|d|8|8200FFFFA90000D1
39.111281|214|Rx|d|2|0
39.121314|5ce|Rx|d|3|FEFF00
39.127347|1b0|Rx|d|4|FF00FFC4
39.127347|5de|Rx|d|8|2
39.133343|211|Rx|d|8|8200FFFFA90000D1
39.133343|214|Rx|d|2|0
39.137439|5df|Rx|d|3|9500
39.147433|1b0|Rx|d|4|FF00FFC4
39.147433|657|Rx|d|2|C0CC
39.153429|211|Rx|d|8|8200FFFFA90000D1
39.153429|214|Rx|d|2|0
39.153429|218|Rx|d|1|98
39.153429|4fa|Rx|d|2|800
39.153429|671|Rx|d|2|200
39.157427|4ac|Rx|d|5|83752A0080
39.157427|45c|Rx|d|6|00000000FFE0
39.167421|1b0|Rx|d|4|FF00FFC4
39.173416|211|Rx|d|8|8200FFFFA90000D1
39.173416|214|Rx|d|2|0
39.181412|4f8|Rx|d|8|94C0000000000000
39.187408|1b0|Rx|d|4|FF00FFC4
39.193404|211|Rx|d|8|8200FFFFA90000D1
39.193404|214|Rx|d|2|0
39.204455|3b7|Rx|d|6|37007FC000C0
39.204455|350|Rx|d|8|C02F3AFA1870A489
39.204455|1b0|Rx|d|4|FF00FFC4
39.204455|4de|Rx|d|3|C00000
39.204455|55d|Rx|d|8|00FD50C091800000
39.214355|211|Rx|d|8|8200FFFFA90000D1
39.214355|214|Rx|d|2|0
39.232528|1b0|Rx|d|4|FF00FFC4
39.232528|5de|Rx|d|8|2
39.232528|211|Rx|d|8|8200FFFFA90000D1
39.232528|214|Rx|d|2|0
39.242401|5df|Rx|d|3|9500
39.248684|1b0|Rx|d|4|FF00FFC4
39.248684|657|Rx|d|2|C0CC
39.254805|211|Rx|d|8|8200FFFFA90000D1
39.254805|214|Rx|d|2|0
39.254805|218|Rx|d|1|98
39.254805|4fa|Rx|d|2|800
39.254805|671|Rx|d|2|200
39.254805|4ac|Rx|d|5|83762A0080
39.254805|45c|Rx|d|6|00000000FFE0
39.268937|1b0|Rx|d|4|FF00FFC4
39.278733|211|Rx|d|8|8200FFFFA90000D1
39.278733|214|Rx|d|2|0
39.285979|4f8|Rx|d|8|94C0000000000000
39.288596|1b0|Rx|d|4|FF00FFC4
39.296245|211|Rx|d|8|8200FFFFA90000D1
39.296245|214|Rx|d|2|0
39.306441|3b7|Rx|d|6|37007FC000C0
39.306441|350|Rx|d|8|C02F3AFA1870A489
39.306441|1b0|Rx|d|4|FF00FFC4
39.306441|4de|Rx|d|3|C00000
39.306441|55d|Rx|d|8|00FD50C091800000
39.316555|211|Rx|d|8|8200FFFFA90000D1
39.316555|214|Rx|d|2|0
39.333707|1b0|Rx|d|4|FF00FFC4
39.333707|5de|Rx|d|8|2
39.337215|211|Rx|d|8|8200FFFFA90000D1
39.337215|214|Rx|d|2|0
39.337215|5df|Rx|d|3|9500
39.345325|1b0|Rx|d|4|FF00FFC4
39.345325|657|Rx|d|2|C0CC
39.355347|211|Rx|d|8|8200FFFFA90000D1
39.355347|214|Rx|d|2|0
39.355347|218|Rx|d|1|98
39.355347|4fa|Rx|d|2|800
39.355347|671|Rx|d|2|200
39.355347|4ac|Rx|d|5|83762A0080
39.355347|45c|Rx|d|6|00000000FFE0
39.365623|1b0|Rx|d|4|FF00FFC4
39.375673|211|Rx|d|8|8200FFFFA90000D1
39.375673|214|Rx|d|2|0
39.385787|4f8|Rx|d|8|94C0000000000000
39.385787|1b0|Rx|d|4|FF00FFC4
39.395691|211|Rx|d|8|8200FFFFA90000D1
39.395691|214|Rx|d|2|0
39.405751|3b7|Rx|d|6|37007FC000C0
39.407779|350|Rx|d|8|C02F3AFA1870A489
39.407779|1b0|Rx|d|4|FF00FFC4
39.407779|4de|Rx|d|3|C00000
39.407779|55d|Rx|d|8|00FD50C091800000
39.415750|211|Rx|d|8|8200FFFFA90000D1
39.415750|214|Rx|d|2|0
39.425772|1b0|Rx|d|4|FF00FFC4
39.425772|5de|Rx|d|8|2
39.435774|211|Rx|d|8|8200FFFFA90000D1
39.435774|214|Rx|d|2|0
39.435774|5df|Rx|d|3|9500
39.448149|1b0|Rx|d|4|FF00FFC4
39.448149|657|Rx|d|2|C0CC
39.458126|211|Rx|d|8|8200FFFFA90000D1
39.458126|214|Rx|d|2|0
39.458126|218|Rx|d|1|98
39.458126|4fa|Rx|d|2|800
39.458126|671|Rx|d|2|200
39.463904|4ac|Rx|d|5|83762A0080
39.463904|45c|Rx|d|6|00000000FFE0
39.467902|1b0|Rx|d|4|FF00FFC4
39.473896|211|Rx|d|8|8200FFFFA90000D1
39.473896|214|Rx|d|2|0
39.481891|4f8|Rx|d|8|94C0000000000000
39.487888|1b0|Rx|d|4|FF00FFC4
39.493884|211|Rx|d|8|8200FFFFA90000D1
39.493884|214|Rx|d|2|0
39.501879|3b7|Rx|d|6|37007FC000C0
39.507876|350|Rx|d|8|C02F3AFA1870A489
39.507876|1b0|Rx|d|4|FF00FFC4
39.507876|4de|Rx|d|3|C00000
39.507876|55d|Rx|d|8|00FD50C091800000
39.513871|211|Rx|d|8|8200FFFFA90000D1
39.513871|214|Rx|d|2|0
39.525864|1b0|Rx|d|4|FF00FFC4
39.525864|5de|Rx|d|8|2
39.533863|211|Rx|d|8|8200FFFFA90000D1
39.533863|214|Rx|d|2|0
39.533863|5df|Rx|d|3|9500
39.545852|1b0|Rx|d|4|FF00FFC4
39.545852|657|Rx|d|2|C0CC
39.553847|211|Rx|d|8|8200FFFFA90000D1
39.553847|214|Rx|d|2|0
39.553847|218|Rx|d|1|98
39.553847|4fa|Rx|d|2|800
39.553847|671|Rx|d|2|200
39.555847|4ac|Rx|d|5|83752A0080
39.555847|45c|Rx|d|6|00000000FFE0
39.565840|1b0|Rx|d|4|FF00FFC4
39.573835|211|Rx|d|8|8200FFFFA90000D1
39.573835|214|Rx|d|2|0
39.581829|4f8|Rx|d|8|94C0000000000000
39.588701|1b0|Rx|d|4|FF00FFC4
39.599203|211|Rx|d|8|8200FFFFA90000D1
39.599203|214|Rx|d|2|0
39.599203|3b7|Rx|d|6|37007FC000C0
39.609592|350|Rx|d|8|C02F3AFA1870A489
39.609592|1b0|Rx|d|4|FF00FFC4
39.609592|4de|Rx|d|3|C00000
39.609592|55d|Rx|d|8|00FD50C091800000
39.613616|646|Rx|d|8|000000020000000C
39.613616|211|Rx|d|8|8200FFFFA90000D1
39.613616|214|Rx|d|2|0
39.628200|1b0|Rx|d|4|FF00FFC4
39.630227|5de|Rx|d|8|2
39.638589|211|Rx|d|8|8200FFFFA90000D1
39.638589|214|Rx|d|2|0
39.638589|5df|Rx|d|3|9500
39.651039|1b0|Rx|d|4|FF00FFC4
39.651039|657|Rx|d|2|C0CC
39.653567|211|Rx|d|8|8200FFFFA90000D1
39.653567|214|Rx|d|2|0
39.658924|218|Rx|d|1|98
39.658924|4fa|Rx|d|2|800
39.658924|671|Rx|d|2|200
39.658924|4ac|Rx|d|5|83752A0080
39.658924|45c|Rx|d|6|00000000FFE0
39.670838|1b0|Rx|d|4|FF00FFC4
39.670838|211|Rx|d|8|8200FFFFA90000D1
39.670838|214|Rx|d|2|0
39.681119|4f8|Rx|d|8|94C0000000000000
39.688900|1b0|Rx|d|4|FF00FFC4
39.693498|211|Rx|d|8|8200FFFFA90000D1
39.693498|214|Rx|d|2|0
39.703824|3b7|Rx|d|6|37007FC000C0
39.709166|350|Rx|d|8|C02F3AFA1870A489
39.709166|1b0|Rx|d|4|FF00FFC4
39.709166|4de|Rx|d|3|C00000
39.709166|55d|Rx|d|8|00FD50C091800000
39.713294|211|Rx|d|8|8200FFFFA90000D1
39.713294|214|Rx|d|2|0
39.729068|1b0|Rx|d|4|FF00FFC4
39.729068|5de|Rx|d|8|2
39.738981|211|Rx|d|8|8200FFFFA90000D1
39.738981|214|Rx|d|2|0
39.738981|5df|Rx|d|3|9500
39.748789|1b0|Rx|d|4|FF00FFC4
39.748789|657|Rx|d|2|C0CC
39.748789|69f|Rx|d|4|0650859F
39.753921|211|Rx|d|8|8200FFFFA90000D1
39.753921|214|Rx|d|2|0
39.753921|218|Rx|d|1|98
39.753921|4fa|Rx|d|2|800
39.753921|671|Rx|d|2|200
39.753921|4ac|Rx|d|5|83762A0080
39.753921|45c|Rx|d|6|00000000FFE0
39.768908|1b0|Rx|d|4|FF00FFC4
39.779294|211|Rx|d|8|8200FFFFA90000D1
39.779294|214|Rx|d|2|0
39.779294|4f8|Rx|d|8|94C0000000000000
39.789129|1b0|Rx|d|4|FF00FFC4
39.793729|211|Rx|d|8|8200FFFFA90000D1
39.793729|214|Rx|d|2|0
39.801526|3b7|Rx|d|6|37007FC000C0
39.808839|350|Rx|d|8|C02F3AFA1870A489
39.808839|1b0|Rx|d|4|FF00FFC4
39.808839|4de|Rx|d|3|C00000
39.808839|55d|Rx|d|8|00FD50C091800000
39.814037|211|Rx|d|8|8200FFFFA90000D1
39.814037|214|Rx|d|2|0
39.829187|1b0|Rx|d|4|FF00FFC4
39.829187|5de|Rx|d|8|2
39.833745|211|Rx|d|8|8200FFFFA90000D1
39.833745|214|Rx|d|2|0
39.833745|5df|Rx|d|3|9500
39.848787|1b0|Rx|d|4|FF00FFC4
39.848787|657|Rx|d|2|C0CC
39.853548|211|Rx|d|8|8200FFFFA90000D1
39.853548|214|Rx|d|2|0
39.853548|218|Rx|d|1|98
39.855923|4fa|Rx|d|2|800
39.855923|671|Rx|d|2|200
39.855923|4ac|Rx|d|5|83762A0080
39.855923|45c|Rx|d|6|00000000FFE0
39.868929|1b0|Rx|d|4|FF00FFC4
39.874298|211|Rx|d|8|8200FFFFA90000D1
39.874298|214|Rx|d|2|0
39.882294|4f8|Rx|d|8|94C0000000000000
39.888290|1b0|Rx|d|4|FF00FFC4
39.894289|211|Rx|d|8|8200FFFFA90000D1
39.894289|214|Rx|d|2|0
39.902280|3b7|Rx|d|6|37007FC000C0
39.908278|350|Rx|d|8|C02F3AFA1870A489
39.908278|1b0|Rx|d|4|FF00FFC4
39.908278|4de|Rx|d|3|C00000
39.908278|55d|Rx|d|8|00FD50C091800000
39.914273|211|Rx|d|8|8200FFFFA90000D1
39.914273|214|Rx|d|2|0
39.926266|1b0|Rx|d|4|FF00FFC4
39.926266|5de|Rx|d|8|2
39.934261|211|Rx|d|8|8200FFFFA90000D1
39.934261|214|Rx|d|2|0
39.936259|5df|Rx|d|3|9500
39.946253|1b0|Rx|d|4|FF00FFC4
39.946253|657|Rx|d|2|C0CC
39.954253|211|Rx|d|8|8200FFFFA90000D1
39.954253|214|Rx|d|2|0
39.954253|218|Rx|d|1|98
39.954253|4fa|Rx|d|2|800
39.954253|671|Rx|d|2|200
39.956248|4ac|Rx|d|5|83762A0080
39.956248|45c|Rx|d|6|00000000FFE0
39.966241|1b0|Rx|d|4|FF00FFC4
39.974237|211|Rx|d|8|8200FFFFA90000D1
39.974237|214|Rx|d|2|0
39.982232|4f8|Rx|d|8|94C0000000000000
39.988228|1b0|Rx|d|4|FF00FFC4
39.998631|211|Rx|d|8|8200FFFFA90000D1
39.998631|214|Rx|d|2|0
40.001295|3b7|Rx|d|6|37007FC000C0
40.011098|350|Rx|d|8|C02F3AFA1870A489
40.011098|1b0|Rx|d|4|FF00FFC4
40.011098|4de|Rx|d|3|C00000
40.011098|55d|Rx|d|8|00FD50C091800000
40.013693|211|Rx|d|8|8200FFFFA90000D1
40.013693|214|Rx|d|2|0
40.028753|1b0|Rx|d|4|FF00FFC4
40.028753|5de|Rx|d|8|2
40.033837|211|Rx|d|8|8200FFFFA90000D1
40.033837|214|Rx|d|2|0
40.033837|5df|Rx|d|3|9500
40.049048|1b0|Rx|d|4|FF00FFC4
40.049048|657|Rx|d|2|C0CC
40.058940|211|Rx|d|8|8200FFFFA90000D1
40.058940|214|Rx|d|2|0
40.058940|218|Rx|d|1|98
40.060975|4fa|Rx|d|2|800
40.060975|671|Rx|d|2|200
40.060975|4ac|Rx|d|5|83762A0080
40.060975|45c|Rx|d|6|00000000FFE0
40.068885|1b0|Rx|d|4|FF00FFC4
40.073486|211|Rx|d|8|8200FFFFA90000D1
40.073486|214|Rx|d|2|0
40.083496|4f8|Rx|d|8|94C0000000000000
40.088546|1b0|Rx|d|4|FF00FFC4
40.093505|211|Rx|d|8|8200FFFFA90000D1
40.093505|214|Rx|d|2|0
40.103871|3b7|Rx|d|6|37007FC000C0
40.103871|350|Rx|d|8|C02F3AFA1870A489
40.103871|1b0|Rx|d|4|FF00FFC4
40.103871|4de|Rx|d|3|C00000
40.103871|55d|Rx|d|8|00FD50C091800000
40.113891|646|Rx|d|8|000000020000000C
40.113891|211|Rx|d|8|8200FFFFA90000D1
40.113891|214|Rx|d|2|0
40.129148|1b0|Rx|d|4|FF00FFC4
40.129148|5de|Rx|d|8|2
40.138994|211|Rx|d|8|8200FFFFA90000D1
40.138994|214|Rx|d|2|0
40.141048|5df|Rx|d|3|9500
40.148847|1b0|Rx|d|4|FF00FFC4
40.148847|657|Rx|d|2|C0CC
40.153903|211|Rx|d|8|8200FFFFA90000D1
40.153903|214|Rx|d|2|0
40.158725|218|Rx|d|1|98
40.158725|4fa|Rx|d|2|800
40.158725|671|Rx|d|2|200
40.158725|4ac|Rx|d|5|83762A0080
40.158725|45c|Rx|d|6|00000000FFE0
40.169011|1b0|Rx|d|4|FF00FFC4
40.178853|211|Rx|d|8|8200FFFFA90000D1
40.178853|214|Rx|d|2|0
40.180893|4f8|Rx|d|8|94C0000000000000
40.188871|1b0|Rx|d|4|FF00FFC4
40.193454|211|Rx|d|8|8200FFFFA90000D1
40.193454|214|Rx|d|2|0
40.203470|3b7|Rx|d|6|37007FC000C0
40.208766|350|Rx|d|8|C02F3AFA1870A489
40.208766|1b0|Rx|d|4|FF00FFC4
40.208766|4de|Rx|d|3|C00000
40.208766|55d|Rx|d|8|00FD50C091800000
40.219349|211|Rx|d|8|8200FFFFA90000D1
40.219349|214|Rx|d|2|0
40.228603|1b0|Rx|d|4|FF00FFC4
40.228603|5de|Rx|d|8|2
40.238769|211|Rx|d|8|8200FFFFA90000D1
40.238769|214|Rx|d|2|0
40.238769|5df|Rx|d|3|9500
40.246160|1b0|Rx|d|4|FF00FFC4
40.246160|657|Rx|d|2|C0CC
40.254397|211|Rx|d|8|8200FFFFA90000D1
40.254397|214|Rx|d|2|0
40.254397|218|Rx|d|1|98
40.254397|4fa|Rx|d|2|800
40.254397|671|Rx|d|2|200
40.254397|4ac|Rx|d|5|83762A0080
40.254397|45c|Rx|d|6|00000000FFE0
40.266390|1b0|Rx|d|4|FF00FFC4
40.274385|211|Rx|d|8|8200FFFFA90000D1
40.274385|214|Rx|d|2|0
40.282381|4f8|Rx|d|8|94C0000000000000
40.288380|1b0|Rx|d|4|FF00FFC4
40.294374|211|Rx|d|8|8200FFFFA90000D1
40.294374|214|Rx|d|2|0
40.302368|3b7|Rx|d|6|37007FC000C0
40.308364|350|Rx|d|8|C02F3AFA1870A489
40.308364|1b0|Rx|d|4|FF00FFC4
40.308364|4de|Rx|d|3|C00000
40.308364|55d|Rx|d|8|00FD50C091800000
40.314361|211|Rx|d|8|8200FFFFA90000D1
40.314361|214|Rx|d|2|0
40.326353|1b0|Rx|d|4|FF00FFC4
40.326353|5de|Rx|d|8|2
40.334349|211|Rx|d|8|8200FFFFA90000D1
40.334349|214|Rx|d|2|0
40.334349|5df|Rx|d|3|9500
40.346342|1b0|Rx|d|4|FF00FFC4
40.346342|657|Rx|d|2|C0CC
40.354336|211|Rx|d|8|8200FFFFA90000D1
40.354336|214|Rx|d|2|0
40.354336|218|Rx|d|1|98
40.354336|4fa|Rx|d|2|800
40.354336|671|Rx|d|2|200
40.356335|4ac|Rx|d|5|83762A0080
40.356335|45c|Rx|d|6|00000000FFE0
40.366328|1b0|Rx|d|4|FF00FFC4
40.373910|211|Rx|d|8|8200FFFFA90000D1
40.373910|214|Rx|d|2|0
40.383792|4f8|Rx|d|8|94C0000000000000
40.383792|1b0|Rx|d|4|FF00FFC4
40.393604|211|Rx|d|8|8200FFFFA90000D1
40.393604|214|Rx|d|2|0
40.401437|3b7|Rx|d|6|37007FC000C0
40.408773|350|Rx|d|8|C02F3AFA1870A489
40.408773|1b0|Rx|d|4|FF00FFC4
40.408773|4de|Rx|d|3|C00000
40.408773|55d|Rx|d|8|00FD50C091800000
40.418599|211|Rx|d|8|8200FFFFA90000D1
40.418599|214|Rx|d|2|0
40.429042|1b0|Rx|d|4|FF00FFC4
40.429042|5de|Rx|d|8|2
40.438945|211|Rx|d|8|8200FFFFA90000D1
40.438945|214|Rx|d|2|0
40.438945|5df|Rx|d|3|9500
40.448663|1b0|Rx|d|4|FF00FFC4
40.448663|657|Rx|d|2|C0CC
40.453840|211|Rx|d|8|8200FFFFA90000D1
40.453840|214|Rx|d|2|0
40.453840|218|Rx|d|1|98
40.453840|4fa|Rx|d|2|800
40.458886|671|Rx|d|2|200
40.458886|4ac|Rx|d|5|83762A0080
40.458886|45c|Rx|d|6|00000000FFE0
40.469085|1b0|Rx|d|4|FF00FFC4
40.473672|211|Rx|d|8|8200FFFFA90000D1
40.473672|214|Rx|d|2|0
40.481982|4f8|Rx|d|8|94C0000000000000
40.488737|1b0|Rx|d|4|FF00FFC4
40.494259|211|Rx|d|8|8200FFFFA90000D1
40.494259|214|Rx|d|2|0
40.504373|3b7|Rx|d|6|37007FC000C0
40.504373|350|Rx|d|8|C02F3AFA1870A489
40.504373|1b0|Rx|d|4|FF00FFC4
40.504373|4de|Rx|d|3|C00000
40.504373|55d|Rx|d|8|00FD50C091800000
40.518674|211|Rx|d|8|8200FFFFA90000D1
40.518674|214|Rx|d|2|0
40.529183|1b0|Rx|d|4|FF00FFC4
40.529183|5de|Rx|d|8|2
40.539004|211|Rx|d|8|8200FFFFA90000D1
40.539004|214|Rx|d|2|0
40.539004|5df|Rx|d|3|9500
40.548981|1b0|Rx|d|4|FF00FFC4
40.548981|657|Rx|d|2|C0CC
40.553047|211|Rx|d|8|8200FFFFA90000D1
40.553047|214|Rx|d|2|0
40.553047|218|Rx|d|1|98
40.553047|4fa|Rx|d|2|800
40.553047|671|Rx|d|2|200
40.553047|4ac|Rx|d|5|83762A0080
40.553047|45c|Rx|d|6|00000000FFE0
40.568875|1b0|Rx|d|4|FF00FFC4
40.578732|211|Rx|d|8|8200FFFFA90000D1
40.578732|214|Rx|d|2|0
40.582809|4f8|Rx|d|8|94C0000000000000
40.582809|1b0|Rx|d|4|FF00FFC4
40.598930|211|Rx|d|8|8200FFFFA90000D1
40.598930|214|Rx|d|2|0
40.598930|3b7|Rx|d|6|37007FC000C0
40.608805|350|Rx|d|8|C02F3AFA1870A489
40.608805|1b0|Rx|d|4|FF00FFC4
40.608805|4de|Rx|d|3|C00000
40.608805|55d|Rx|d|8|00FD50C091800000
40.610882|646|Rx|d|8|000000020000000C
40.612912|211|Rx|d|8|8200FFFFA90000D1
40.612912|214|Rx|d|2|0
40.629019|1b0|Rx|d|4|FF00FFC4
40.629019|5de|Rx|d|8|2
40.639151|211|Rx|d|8|8200FFFFA90000D1
40.639151|214|Rx|d|2|0
40.639151|5df|Rx|d|3|9500
40.649084|1b0|Rx|d|4|FF00FFC4
40.649084|657|Rx|d|2|C0CC
40.653136|211|Rx|d|8|8200FFFFA90000D1
40.653136|214|Rx|d|2|0
40.653136|218|Rx|d|1|98
40.653136|4fa|Rx|d|2|800
40.653136|671|Rx|d|2|200
40.653136|4ac|Rx|d|5|83762A0080
40.653136|45c|Rx|d|6|00000000FFE0
40.668859|1b0|Rx|d|4|FF00FFC4
40.678474|211|Rx|d|8|8200FFFFA90000D1
40.678474|214|Rx|d|2|0
40.689268|4f8|Rx|d|8|94C0000000000000
40.689268|1b0|Rx|d|4|FF00FFC4
40.699173|211|Rx|d|8|8200FFFFA90000D1
40.699173|214|Rx|d|2|0
40.699173|3b7|Rx|d|6|37007FC000C0
40.709004|350|Rx|d|8|C02F3AFA1870A489
40.709004|1b0|Rx|d|4|FF00FFC4
40.709004|4de|Rx|d|3|C00000
40.709004|55d|Rx|d|8|00FD50C091800000
40.713566|211|Rx|d|8|8200FFFFA90000D1
40.713566|214|Rx|d|2|0
40.728819|1b0|Rx|d|4|FF00FFC4
40.728819|5de|Rx|d|8|2
40.738605|211|Rx|d|8|8200FFFFA90000D1
40.738605|214|Rx|d|2|0
40.738605|5df|Rx|d|3|9500
40.751151|1b0|Rx|d|4|FF00FFC4
40.751151|657|Rx|d|2|C0CC
40.751151|69f|Rx|d|4|0650859F
40.753250|211|Rx|d|8|8200FFFFA90000D1
40.753250|214|Rx|d|2|0
40.753250|218|Rx|d|1|98
40.753250|4fa|Rx|d|2|800
40.753250|671|Rx|d|2|200
40.753250|4ac|Rx|d|5|83752A0080
40.753250|45c|Rx|d|6|00000000FFE0
40.769081|1b0|Rx|d|4|FF00FFC4
40.778923|211|Rx|d|8|8200FFFFA90000D1
40.778923|214|Rx|d|2|0
40.780958|4f8|Rx|d|8|94C0000000000000
40.788751|1b0|Rx|d|4|FF00FFC4
40.793302|211|Rx|d|8|8200FFFFA90000D1
40.793302|214|Rx|d|2|0
40.803598|3b7|Rx|d|6|37007FC000C0
40.803598|350|Rx|d|8|C02F3AFA1870A489
40.803598|1b0|Rx|d|4|FF00FFC4
40.803598|4de|Rx|d|3|C00000
40.803598|55d|Rx|d|8|00FD50C091800000
40.813417|211|Rx|d|8|8200FFFFA90000D1
40.813417|214|Rx|d|2|0
40.828864|1b0|Rx|d|4|FF00FFC4
40.828864|5de|Rx|d|8|2
40.838845|211|Rx|d|8|8200FFFFA90000D1
40.838845|214|Rx|d|2|0
40.842161|5df|Rx|d|3|9500
40.849011|1b0|Rx|d|4|FF00FFC4
40.849011|657|Rx|d|2|C0CC
40.858694|211|Rx|d|8|8200FFFFA90000D1
40.858694|214|Rx|d|2|0
40.858694|218|Rx|d|1|98
40.858694|4fa|Rx|d|2|800
40.858694|671|Rx|d|2|200
40.858694|4ac|Rx|d|5|83762A0080
40.858694|45c|Rx|d|6|00000000FFE0
40.868942|1b0|Rx|d|4|FF00FFC4
40.878896|211|Rx|d|8|8200FFFFA90000D1
40.878896|214|Rx|d|2|0
40.878896|4f8|Rx|d|8|94C0000000000000
40.888753|1b0|Rx|d|4|FF00FFC4
40.894822|211|Rx|d|8|8200FFFFA90000D1
40.894822|214|Rx|d|2|0
40.903114|3b7|Rx|d|6|37007FC000C0
40.903114|350|Rx|d|8|C02F3AFA1870A489
40.903114|1b0|Rx|d|4|FF00FFC4
40.903114|4de|Rx|d|3|C00000
40.903114|55d|Rx|d|8|00FD50C091800000
40.915611|211|Rx|d|8|8200FFFFA90000D1
40.915611|214|Rx|d|2|0
40.928620|1b0|Rx|d|4|FF00FFC4
40.928620|5de|Rx|d|8|2
40.938523|211|Rx|d|8|8200FFFFA90000D1
40.938523|214|Rx|d|2|0
40.938523|5df|Rx|d|3|9500
40.945598|1b0|Rx|d|4|FF00FFC4
40.945598|657|Rx|d|2|C0CC
40.955599|211|Rx|d|8|8200FFFFA90000D1
40.955599|214|Rx|d|2|0
40.955599|218|Rx|d|1|98
40.955599|4fa|Rx|d|2|800
40.955599|671|Rx|d|2|200
40.955599|4ac|Rx|d|5|83762A0080
40.955599|45c|Rx|d|6|00000000FFE0
40.965562|1b0|Rx|d|4|FF00FFC4
40.975577|211|Rx|d|8|8200FFFFA90000D1
40.975577|214|Rx|d|2|0
40.985519|4f8|Rx|d|8|94C0000000000000
40.988525|1b0|Rx|d|4|FF00FFC4
40.995694|211|Rx|d|8|8200FFFFA90000D1
40.995694|214|Rx|d|2|0
41.004141|3b7|Rx|d|6|37007FC000C0
41.004141|350|Rx|d|8|C02F3AFA1870A489
41.004141|1b0|Rx|d|4|FF00FFC4
41.004141|4de|Rx|d|3|C00000
41.004141|55d|Rx|d|8|00FD50C091800000
41.015993|211|Rx|d|8|8200FFFFA90000D1
41.015993|214|Rx|d|2|0
41.025899|1b0|Rx|d|4|FF00FFC4
41.025899|5de|Rx|d|8|2
41.035981|211|Rx|d|8|8200FFFFA90000D1
41.035981|214|Rx|d|2|0
41.035981|5df|Rx|d|3|9500
41.046015|1b0|Rx|d|4|FF00FFC4
41.046015|657|Rx|d|2|C0CC
41.056028|211|Rx|d|8|8200FFFFA90000D1
41.056028|214|Rx|d|2|0
41.056028|218|Rx|d|1|98
41.056028|4fa|Rx|d|2|800
41.056028|671|Rx|d|2|200
41.056028|4ac|Rx|d|5|83762A0080
41.056028|45c|Rx|d|6|00000000FFE0
41.066022|1b0|Rx|d|4|FF00FFC4
41.075986|211|Rx|d|8|8200FFFFA90000D1
41.075986|214|Rx|d|2|0
41.083851|4f8|Rx|d|8|94C0000000000000
41.083851|1b0|Rx|d|4|FF00FFC4
41.093603|211|Rx|d|8|8200FFFFA90000D1
41.093603|214|Rx|d|2|0
41.105525|3b7|Rx|d|6|37007FC000C0
41.105525|350|Rx|d|8|C02F3AFA1870A489
41.105525|1b0|Rx|d|4|FF00FFC4
41.105525|4de|Rx|d|3|C00000
41.105525|55d|Rx|d|8|00FD50C091800000
41.113371|646|Rx|d|8|000000020000000C
41.113371|211|Rx|d|8|8200FFFFA90000D1
41.113371|214|Rx|d|2|0
41.126362|1b0|Rx|d|4|FF00FFC4
41.126362|5de|Rx|d|8|2
41.134361|211|Rx|d|8|8200FFFFA90000D1
41.134361|214|Rx|d|2|0
41.134361|5df|Rx|d|3|9500
41.145468|1b0|Rx|d|4|FF00FFC4
41.145468|657|Rx|d|2|C0CC
41.155615|211|Rx|d|8|8200FFFFA90000D1
41.155615|214|Rx|d|2|0
41.155615|218|Rx|d|1|98
41.155615|4fa|Rx|d|2|800
41.155615|671|Rx|d|2|200
41.155615|4ac|Rx|d|5|83762A0080
41.155615|45c|Rx|d|6|00000000FFE0
41.165708|1b0|Rx|d|4|FF00FFC4
41.175676|211|Rx|d|8|8200FFFFA90000D1
41.175676|214|Rx|d|2|0
41.186042|4f8|Rx|d|8|94C0000000000000
41.186042|1b0|Rx|d|4|FF00FFC4
41.196057|211|Rx|d|8|8200FFFFA90000D1
41.196057|214|Rx|d|2|0
41.205913|3b7|Rx|d|6|37007FC000C0
41.205913|350|Rx|d|8|C02F3AFA1870A489
41.205913|1b0|Rx|d|4|FF00FFC4
41.205913|4de|Rx|d|3|C00000
41.205913|55d|Rx|d|8|00FD50C091800000
41.215977|211|Rx|d|8|8200FFFFA90000D1
41.215977|214|Rx|d|2|0
41.225924|1b0|Rx|d|4|FF00FFC4
41.225924|5de|Rx|d|8|2
41.235932|211|Rx|d|8|8200FFFFA90000D1
41.235932|214|Rx|d|2|0
41.235932|5df|Rx|d|3|9500
41.245877|1b0|Rx|d|4|FF00FFC4
41.245877|657|Rx|d|2|C0CC
41.255850|211|Rx|d|8|8200FFFFA90000D1
41.255850|214|Rx|d|2|0
41.255850|218|Rx|d|1|98
41.255850|4fa|Rx|d|2|800
41.255850|671|Rx|d|2|200
41.255850|4ac|Rx|d|5|83762A0080
41.255850|45c|Rx|d|6|00000000FFE0
41.265942|1b0|Rx|d|4|FF00FFC4
41.276259|211|Rx|d|8|8200FFFFA90000D1
41.276259|214|Rx|d|2|0
41.286244|4f8|Rx|d|8|94C0000000000000
41.286244|1b0|Rx|d|4|FF00FFC4
41.296326|211|Rx|d|8|8200FFFFA90000D1
41.296326|214|Rx|d|2|0
41.304312|3b7|Rx|d|6|37007FC000C0
41.304312|350|Rx|d|8|C02F3AFA1870A489
41.304312|1b0|Rx|d|4|FF00FFC4
41.304312|4de|Rx|d|3|C00000
41.304312|55d|Rx|d|8|00FD50C091800000
41.316622|211|Rx|d|8|8200FFFFA90000D1
41.316622|214|Rx|d|2|0
41.326032|1b0|Rx|d|4|FF00FFC4
41.326032|5de|Rx|d|8|2
41.335278|211|Rx|d|8|8200FFFFA90000D1
41.335278|214|Rx|d|2|0
41.337566|5df|Rx|d|3|9500
41.345566|1b0|Rx|d|4|FF00FFC4
41.345566|657|Rx|d|2|C0CC
41.353561|211|Rx|d|8|8200FFFFA90000D1
41.353561|214|Rx|d|2|0
41.353561|218|Rx|d|1|98
41.353561|4fa|Rx|d|2|800
41.353561|671|Rx|d|2|200
41.355560|4ac|Rx|d|5|83762A0080
41.355560|45c|Rx|d|6|00000000FFE0
41.365554|1b0|Rx|d|4|FF00FFC4
41.373549|211|Rx|d|8|8200FFFFA90000D1
41.373549|214|Rx|d|2|0
41.381543|4f8|Rx|d|8|94C0000000000000
41.387542|1b0|Rx|d|4|FF00FFC4
41.393536|211|Rx|d|8|8200FFFFA90000D1
41.393536|214|Rx|d|2|0
41.401532|3b7|Rx|d|6|37007FC000C0
41.407528|350|Rx|d|8|C02F3AFA1870A489
41.407528|1b0|Rx|d|4|FF00FFC4
41.407528|4de|Rx|d|3|C00000
41.407528|55d|Rx|d|8|00FD50C091800000
41.413524|211|Rx|d|8|8200FFFFA90000D1
41.413524|214|Rx|d|2|0
41.425517|1b0|Rx|d|4|FF00FFC4
41.425517|5de|Rx|d|8|2
41.433512|211|Rx|d|8|8200FFFFA90000D1
41.433512|214|Rx|d|2|0
41.433512|5df|Rx|d|3|9500
41.445505|1b0|Rx|d|4|FF00FFC4
41.445505|657|Rx|d|2|C0CC
41.453499|211|Rx|d|8|8200FFFFA90000D1
41.453499|214|Rx|d|2|0
41.453499|218|Rx|d|1|98
41.453499|4fa|Rx|d|2|800
41.455498|671|Rx|d|2|200
41.455498|4ac|Rx|d|5|83762A0080
41.455498|45c|Rx|d|6|00000000FFE0
41.465645|1b0|Rx|d|4|FF00FFC4
41.475572|211|Rx|d|8|8200FFFFA90000D1
41.475572|214|Rx|d|2|0
41.485565|4f8|Rx|d|8|94C0000000000000
41.485565|1b0|Rx|d|4|FF00FFC4
41.495523|211|Rx|d|8|8200FFFFA90000D1
41.495523|214|Rx|d|2|0
41.505619|3b7|Rx|d|6|37007FC000C0
41.505619|350|Rx|d|8|C02F3AFA1870A489
41.505619|1b0|Rx|d|4|FF00FFC4
41.505619|4de|Rx|d|3|C00000
41.505619|55d|Rx|d|8|00FD50C091800000
41.515667|211|Rx|d|8|8200FFFFA90000D1
41.515667|214|Rx|d|2|0
41.525586|1b0|Rx|d|4|FF00FFC4
41.525586|5de|Rx|d|8|2
41.535555|211|Rx|d|8|8200FFFFA90000D1
41.535555|214|Rx|d|2|0
41.535555|5df|Rx|d|3|9500
41.545600|1b0|Rx|d|4|FF00FFC4
41.545600|657|Rx|d|2|C0CC
41.555636|211|Rx|d|8|8200FFFFA90000D1
41.555636|214|Rx|d|2|0
41.555636|218|Rx|d|1|98
41.555636|4fa|Rx|d|2|800
41.555636|671|Rx|d|2|200
41.555636|4ac|Rx|d|5|83762A0080
41.555636|45c|Rx|d|6|00000000FFE0
41.565706|1b0|Rx|d|4|FF00FFC4
41.575601|211|Rx|d|8|8200FFFFA90000D1
41.575601|214|Rx|d|2|0
41.585743|4f8|Rx|d|8|94C0000000000000
41.585743|1b0|Rx|d|4|FF00FFC4
41.596010|211|Rx|d|8|8200FFFFA90000D1
41.596010|214|Rx|d|2|0
41.601350|3b7|Rx|d|6|37007FC000C0
41.607347|350|Rx|d|8|C02F3AFA1870A489
41.607347|1b0|Rx|d|4|FF00FFC4
41.607347|4de|Rx|d|3|C00000
41.607347|55d|Rx|d|8|00FD50C091800000
41.611345|646|Rx|d|8|000000020000000C
41.611345|211|Rx|d|8|8200FFFFA90000D1
41.611345|214|Rx|d|2|0
41.625336|1b0|Rx|d|4|FF00FFC4
41.625336|5de|Rx|d|8|2
41.633334|211|Rx|d|8|8200FFFFA90000D1
41.633334|214|Rx|d|2|0
41.635330|5df|Rx|d|3|9500
41.645324|1b0|Rx|d|4|FF00FFC4
41.645324|657|Rx|d|2|C0CC
41.653319|211|Rx|d|8|8200FFFFA90000D1
41.653319|214|Rx|d|2|0
41.653319|218|Rx|d|1|98
41.653319|4fa|Rx|d|2|800
41.653319|671|Rx|d|2|200
41.653319|4ac|Rx|d|5|83762A0080
41.653319|45c|Rx|d|6|00000000FFE0
41.665311|1b0|Rx|d|4|FF00FFC4
41.673307|211|Rx|d|8|8200FFFFA90000D1
41.673307|214|Rx|d|2|0
41.681302|4f8|Rx|d|8|94C0000000000000
41.687298|1b0|Rx|d|4|FF00FFC4
41.693294|211|Rx|d|8|8200FFFFA90000D1
41.693294|214|Rx|d|2|0
41.701289|3b7|Rx|d|6|37007FC000C0
41.707285|350|Rx|d|8|C02F3AFA1870A489
41.707285|1b0|Rx|d|4|FF00FFC4
41.707285|4de|Rx|d|3|C00000
41.707285|55d|Rx|d|8|00FD50C091800000
41.714069|211|Rx|d|8|8200FFFFA90000D1
41.714069|214|Rx|d|2|0
41.726708|1b0|Rx|d|4|FF00FFC4
41.726708|5de|Rx|d|8|2
41.737004|211|Rx|d|8|8200FFFFA90000D1
41.737004|214|Rx|d|2|0
41.737004|5df|Rx|d|3|9500
41.747309|1b0|Rx|d|4|FF00FFC4
41.747309|657|Rx|d|2|C0CC
41.747309|69f|Rx|d|4|0650859F
41.757604|211|Rx|d|8|8200FFFFA90000D1
41.757604|214|Rx|d|2|0
41.757604|218|Rx|d|1|98
41.757604|4fa|Rx|d|2|800
41.757604|671|Rx|d|2|200
41.757604|4ac|Rx|d|5|83762A0080
41.757604|45c|Rx|d|6|00000000FFE0
41.767556|1b0|Rx|d|4|FF00FFC4
41.777445|211|Rx|d|8|8200FFFFA90000D1
41.777445|214|Rx|d|2|0
41.787781|4f8|Rx|d|8|94C0000000000000
41.789811|1b0|Rx|d|4|FF00FFC4
41.797827|211|Rx|d|8|8200FFFFA90000D1
41.797827|214|Rx|d|2|0
41.807982|3b7|Rx|d|6|37007FC000C0
41.807982|350|Rx|d|8|C02F3AFA1870A489
41.807982|1b0|Rx|d|4|FF00FFC4
41.807982|4de|Rx|d|3|C00000
41.807982|55d|Rx|d|8|00FD50C091800000
41.817933|211|Rx|d|8|8200FFFFA90000D1
41.817933|214|Rx|d|2|0
41.828072|1b0|Rx|d|4|FF00FFC4
41.828072|5de|Rx|d|8|2
41.838715|211|Rx|d|8|8200FFFFA90000D1
41.838715|214|Rx|d|2|0
41.838715|5df|Rx|d|3|9500
41.848871|1b0|Rx|d|4|FF00FFC4
41.848871|657|Rx|d|2|C0CC
41.859009|211|Rx|d|8|8200FFFFA90000D1
41.859009|214|Rx|d|2|0
41.859009|218|Rx|d|1|98
41.861031|4fa|Rx|d|2|800
41.861031|671|Rx|d|2|200
41.861031|4ac|Rx|d|5|83762A0080
41.861031|45c|Rx|d|6|00000000FFE0
41.869185|1b0|Rx|d|4|FF00FFC4
41.879053|211|Rx|d|8|8200FFFFA90000D1
41.879053|214|Rx|d|2|0
41.879053|4f8|Rx|d|8|94C0000000000000
41.889215|1b0|Rx|d|4|FF00FFC4
41.894235|211|Rx|d|8|8200FFFFA90000D1
41.894235|214|Rx|d|2|0
41.903915|3b7|Rx|d|6|37007FC000C0
41.903915|350|Rx|d|8|C02F3AFA1870A489
41.903915|1b0|Rx|d|4|FF00FFC4
41.903915|4de|Rx|d|3|C00000
41.903915|55d|Rx|d|8|00FD50C091800000
41.913734|211|Rx|d|8|8200FFFFA90000D1
41.913734|214|Rx|d|2|0
41.929238|1b0|Rx|d|4|FF00FFC4
41.929238|5de|Rx|d|8|2
41.939027|211|Rx|d|8|8200FFFFA90000D1
41.939027|214|Rx|d|2|0
41.939027|5df|Rx|d|3|9500
41.949441|1b0|Rx|d|4|FF00FFC4
41.949441|657|Rx|d|2|C0CC
41.954053|211|Rx|d|8|8200FFFFA90000D1
41.954053|214|Rx|d|2|0
41.959675|218|Rx|d|1|98
41.959675|4fa|Rx|d|2|800
41.959675|671|Rx|d|2|200
41.959675|4ac|Rx|d|5|83762A0080
41.959675|45c|Rx|d|6|00000000FFE0
41.968840|1b0|Rx|d|4|FF00FFC4
41.978997|211|Rx|d|8|8200FFFFA90000D1
41.978997|214|Rx|d|2|0
41.978997|4f8|Rx|d|8|94C0000000000000
41.988809|1b0|Rx|d|4|FF00FFC4
41.999182|211|Rx|d|8|8200FFFFA90000D1
41.999182|214|Rx|d|2|0
42.002249|3b7|Rx|d|6|37007FC000C0
42.012094|350|Rx|d|8|C02F3AFA1870A489
42.012094|1b0|Rx|d|4|FF00FFC4
42.012094|4de|Rx|d|3|C00000
42.012094|55d|Rx|d|8|00FD50C091800000
42.013614|211|Rx|d|8|8200FFFFA90000D1
42.013614|214|Rx|d|2|0
42.029266|1b0|Rx|d|4|FF00FFC4
42.029266|5de|Rx|d|8|2
42.039097|211|Rx|d|8|8200FFFFA90000D1
42.039097|214|Rx|d|2|0
42.042156|5df|Rx|d|3|9500
42.048973|1b0|Rx|d|4|FF00FFC4
42.048973|657|Rx|d|2|C0CC
42.053548|211|Rx|d|8|8200FFFFA90000D1
42.053548|214|Rx|d|2|0
42.053548|218|Rx|d|1|98
42.053548|4fa|Rx|d|2|800
42.053548|671|Rx|d|2|200
42.053548|4ac|Rx|d|5|83762A0080
42.053548|45c|Rx|d|6|00000000FFE0
42.070359|1b0|Rx|d|4|FF00FFC4
42.093959|211|Rx|d|8|8200FFFFA90000D1
42.093959|214|Rx|d|2|0
42.093959|4f8|Rx|d|8|94C0000000000000
42.093959|1b0|Rx|d|4|FF00FFC4
42.093959|6fb|Rx|d|8|0F01A454FF0000FF
42.093959|211|Rx|d|8|8200FFFFA90000D1
42.093959|214|Rx|d|2|0
42.124407|3b7|Rx|d|6|37007FC000C0
42.124407|350|Rx|d|8|C02F3AFA1870A489
42.124407|1b0|Rx|d|4|FF00FFC4
42.124407|4de|Rx|d|3|C00000
42.124407|55d|Rx|d|8|00FD50C091800000
42.124407|646|Rx|d|8|000000020000000C
42.124407|211|Rx|d|8|8200FFFFA90000D1
42.124407|214|Rx|d|2|0
42.124407|5ce|Rx|d|3|FEFF00
42.124407|1b0|Rx|d|4|FF00FFC4
42.124407|5de|Rx|d|8|2
42.154243|211|Rx|d|8|8200FFFFA90000D1
42.154243|214|Rx|d|2|0
42.154243|5df|Rx|d|3|9500
42.154243|1b0|Rx|d|4|FF00FFC4
42.154243|657|Rx|d|2|C0CC
42.154243|211|Rx|d|8|8200FFFFA90000D1
42.154243|214|Rx|d|2|0
42.154243|218|Rx|d|1|98
42.154243|4fa|Rx|d|2|800
42.154243|671|Rx|d|2|200
42.154243|4ac|Rx|d|5|83762A0080
42.154243|45c|Rx|d|6|00000000FFE0
42.168597|1b0|Rx|d|4|FF00FFC4
42.183435|211|Rx|d|8|8200FFFFA90000D1
42.183435|214|Rx|d|2|0
42.185086|4f8|Rx|d|8|94C0000000000000
42.185086|1b0|Rx|d|4|FF00FFC4
42.194028|211|Rx|d|8|8200FFFFA90000D1
42.194028|214|Rx|d|2|0
42.202023|3b7|Rx|d|6|37007FC000C0
42.208019|350|Rx|d|8|C02F3AFA1870A489
42.208019|1b0|Rx|d|4|FF00FFC4
42.208019|4de|Rx|d|3|C00000
42.208019|55d|Rx|d|8|00FD50C091800000
42.214016|211|Rx|d|8|8200FFFFA90000D1
42.214016|214|Rx|d|2|0
42.226009|1b0|Rx|d|4|FF00FFC4
42.226009|5de|Rx|d|8|2
42.234003|211|Rx|d|8|8200FFFFA90000D1
42.234003|214|Rx|d|2|0
42.234003|5df|Rx|d|3|9500
42.245996|1b0|Rx|d|4|FF00FFC4
42.245996|657|Rx|d|2|C0CC
42.253993|211|Rx|d|8|8200FFFFA90000D1
42.253993|214|Rx|d|2|0
42.253993|218|Rx|d|1|98
42.253993|4fa|Rx|d|2|800
42.253993|671|Rx|d|2|200
42.253993|4ac|Rx|d|5|83752A0080
42.253993|45c|Rx|d|6|00000000FFE0
42.265984|1b0|Rx|d|4|FF00FFC4
42.273979|211|Rx|d|8|8200FFFFA90000D1
42.273979|214|Rx|d|2|0
42.281974|4f8|Rx|d|8|94C0000000000000
42.287970|1b0|Rx|d|4|FF00FFC4
42.293966|211|Rx|d|8|8200FFFFA90000D1
42.293966|214|Rx|d|2|0
42.303580|3b7|Rx|d|6|37007FC000C0
42.303580|350|Rx|d|8|C02F3AFA1870A489
42.303580|1b0|Rx|d|4|FF00FFC4
42.303580|4de|Rx|d|3|C00000
42.303580|55d|Rx|d|8|00FD50C091800000
42.328659|211|Rx|d|8|8200FFFFA90000D1
42.328659|214|Rx|d|2|0
42.328659|1b0|Rx|d|4|FF00FFC4
42.328659|5de|Rx|d|8|2
42.343761|211|Rx|d|8|8200FFFFA90000D1
42.343761|214|Rx|d|2|0
42.343761|5df|Rx|d|3|9500
42.343761|1b0|Rx|d|4|FF00FFC4
42.343761|657|Rx|d|2|C0CC
42.363640|211|Rx|d|8|8200FFFFA90000D1
42.363640|214|Rx|d|2|0
42.363640|218|Rx|d|1|98
42.363640|4fa|Rx|d|2|800
42.363640|671|Rx|d|2|200
42.363640|4ac|Rx|d|5|83762A0080
42.363640|45c|Rx|d|6|00000000FFE0
42.370298|1b0|Rx|d|4|FF00FFC4
42.383557|211|Rx|d|8|8200FFFFA90000D1
42.383557|214|Rx|d|2|0
42.393838|4f8|Rx|d|8|94C0000000000000
42.393838|1b0|Rx|d|4|FF00FFC4
42.393838|211|Rx|d|8|8200FFFFA90000D1
42.393838|214|Rx|d|2|0
42.423713|3b7|Rx|d|6|37007FC000C0
42.423713|350|Rx|d|8|C02F3AFA1870A489
42.423713|1b0|Rx|d|4|FF00FFC4
42.423713|4de|Rx|d|3|C00000
42.423713|55d|Rx|d|8|00FD50C091800000
42.423713|211|Rx|d|8|8200FFFFA90000D1
42.423713|214|Rx|d|2|0
42.423713|1b0|Rx|d|4|FF00FFC4
42.423713|5de|Rx|d|8|2
42.453328|211|Rx|d|8|8200FFFFA90000D1
42.453328|214|Rx|d|2|0
42.453328|5df|Rx|d|3|9500
42.453328|1b0|Rx|d|4|FF00FFC4
42.453328|657|Rx|d|2|C0CC
42.453328|211|Rx|d|8|8200FFFFA90000D1
42.453328|214|Rx|d|2|0
42.453328|218|Rx|d|1|98
42.453328|4fa|Rx|d|2|800
42.453328|671|Rx|d|2|200
42.453328|4ac|Rx|d|5|83762A0080
42.453328|45c|Rx|d|6|00000000FFE0
42.470455|1b0|Rx|d|4|FF00FFC4
42.482750|211|Rx|d|8|8200FFFFA90000D1
42.482750|214|Rx|d|2|0
42.494063|4f8|Rx|d|8|94C0000000000000
42.494063|1b0|Rx|d|4|FF00FFC4
42.494063|211|Rx|d|8|8200FFFFA90000D1
42.494063|214|Rx|d|2|0
42.523305|3b7|Rx|d|6|37007FC000C0
42.523305|350|Rx|d|8|C02F3AFA1870A489
42.523305|1b0|Rx|d|4|FF00FFC4
42.523305|4de|Rx|d|3|C00000
42.523305|55d|Rx|d|8|00FD50C091800000
42.523305|211|Rx|d|8|8200FFFFA90000D1
42.523305|214|Rx|d|2|0
42.533444|1b0|Rx|d|4|FF00FFC4
42.533444|5de|Rx|d|8|2
42.543608|211|Rx|d|8|8200FFFFA90000D1
42.543608|214|Rx|d|2|0
42.543608|5df|Rx|d|3|9500
42.543608|1b0|Rx|d|4|FF00FFC4
42.543608|657|Rx|d|2|C0CC
42.563230|211|Rx|d|8|8200FFFFA90000D1
42.563230|214|Rx|d|2|0
42.563230|218|Rx|d|1|98
42.563230|4fa|Rx|d|2|800
42.563230|671|Rx|d|2|200
42.563230|4ac|Rx|d|5|83752A0080
42.563230|45c|Rx|d|6|00000000FFE0
42.563230|1b0|Rx|d|4|FF00FFC4
42.584020|211|Rx|d|8|8200FFFFA90000D1
42.584020|214|Rx|d|2|0
42.584020|4f8|Rx|d|8|94C0000000000000
42.584020|1b0|Rx|d|4|FF00FFC4
42.608732|211|Rx|d|8|8200FFFFA90000D1
42.608732|214|Rx|d|2|0
42.608732|3b7|Rx|d|6|37007FC000C0
42.608732|350|Rx|d|8|C02F3AFA1870A489
42.608732|1b0|Rx|d|4|FF00FFC4
42.608732|4de|Rx|d|3|C00000
42.608732|55d|Rx|d|8|00FD50C091800000
42.608732|646|Rx|d|8|000000020000000C
42.634104|211|Rx|d|8|8200FFFFA90000D1
42.634104|214|Rx|d|2|0
42.634104|1b0|Rx|d|4|FF00FFC4
42.634104|5de|Rx|d|8|2
42.644198|211|Rx|d|8|8200FFFFA90000D1
42.644198|214|Rx|d|2|0
42.644198|5df|Rx|d|3|9500
42.644198|1b0|Rx|d|4|FF00FFC4
42.644198|657|Rx|d|2|C0CC
42.663815|211|Rx|d|8|8200FFFFA90000D1
42.663815|214|Rx|d|2|0
42.663815|218|Rx|d|1|98
42.664212|4fa|Rx|d|2|800
42.664212|671|Rx|d|2|200
42.664212|4ac|Rx|d|5|83752A0080
42.664212|45c|Rx|d|6|00000000FFE0
42.664212|1b0|Rx|d|4|FF00FFC4
42.684172|211|Rx|d|8|8200FFFFA90000D1
42.684172|214|Rx|d|2|0
42.688468|4f8|Rx|d|8|94C0000000000000
42.688468|1b0|Rx|d|4|FF00FFC4
42.704032|211|Rx|d|8|8200FFFFA90000D1
42.704032|214|Rx|d|2|0
42.713757|3b7|Rx|d|6|37007FC000C0
42.713757|350|Rx|d|8|C02F3AFA1870A489
42.713757|1b0|Rx|d|4|FF00FFC4
42.713757|4de|Rx|d|3|C00000
42.713757|55d|Rx|d|8|00FD50C091800000
42.713757|211|Rx|d|8|8200FFFFA90000D1
42.713757|214|Rx|d|2|0
42.733605|1b0|Rx|d|4|FF00FFC4
42.733605|5de|Rx|d|8|2
42.733605|211|Rx|d|8|8200FFFFA90000D1
42.733605|214|Rx|d|2|0
42.733605|5df|Rx|d|3|9500
42.754029|1b0|Rx|d|4|FF00FFC4
42.754029|657|Rx|d|2|C0CC
42.754029|69f|Rx|d|4|0650859F
42.754029|211|Rx|d|8|8200FFFFA90000D1
42.754029|214|Rx|d|2|0
42.754029|218|Rx|d|1|98
42.754029|4fa|Rx|d|2|800
42.754029|671|Rx|d|2|200
42.754029|4ac|Rx|d|5|83752A0080
42.754029|45c|Rx|d|6|00000000FFE0
42.768606|1b0|Rx|d|4|FF00FFC4
42.774117|211|Rx|d|8|8200FFFFA90000D1
42.774117|214|Rx|d|2|0
42.793509|4f8|Rx|d|8|94C0000000000000
42.793509|1b0|Rx|d|4|FF00FFC4
42.793509|211|Rx|d|8|8200FFFFA90000D1
42.793509|214|Rx|d|2|0
42.813427|3b7|Rx|d|6|37007FC000C0
42.813427|350|Rx|d|8|C02F3AFA1870A489
42.813784|1b0|Rx|d|4|FF00FFC4
42.813784|4de|Rx|d|3|C00000
42.813784|55d|Rx|d|8|00FD50C091800000
42.813784|211|Rx|d|8|8200FFFFA90000D1
42.813784|214|Rx|d|2|0
42.844193|1b0|Rx|d|4|FF00FFC4
42.844193|5de|Rx|d|8|2
42.844193|211|Rx|d|8|8200FFFFA90000D1
42.844193|214|Rx|d|2|0
42.844193|5df|Rx|d|3|9500
42.844193|1b0|Rx|d|4|FF00FFC4
42.844193|657|Rx|d|2|C0CC
42.863665|211|Rx|d|8|8200FFFFA90000D1
42.863665|214|Rx|d|2|0
42.863665|218|Rx|d|1|98
42.863665|4fa|Rx|d|2|800
42.863665|671|Rx|d|2|200
42.863665|4ac|Rx|d|5|83762A0080
42.863665|45c|Rx|d|6|00000000FFE0
42.863665|1b0|Rx|d|4|FF00FFC4
42.873913|211|Rx|d|8|8200FFFFA90000D1
42.873913|214|Rx|d|2|0
42.888881|4f8|Rx|d|8|94C0000000000000
42.888881|1b0|Rx|d|4|FF00FFC4
42.898907|211|Rx|d|8|8200FFFFA90000D1
42.898907|214|Rx|d|2|0
42.898907|3b7|Rx|d|6|37007FC000C0
42.913790|350|Rx|d|8|C02F3AFA1870A489
42.913790|1b0|Rx|d|4|FF00FFC4
42.913790|4de|Rx|d|3|C00000
42.913790|55d|Rx|d|8|00FD50C091800000
42.913790|211|Rx|d|8|8200FFFFA90000D1
42.913790|214|Rx|d|2|0
42.929219|1b0|Rx|d|4|FF00FFC4
42.929219|5de|Rx|d|8|2
42.939066|211|Rx|d|8|8200FFFFA90000D1
42.939066|214|Rx|d|2|0
42.939066|5df|Rx|d|3|9500
42.949201|1b0|Rx|d|4|FF00FFC4
42.949201|657|Rx|d|2|C0CC
42.959045|211|Rx|d|8|8200FFFFA90000D1
42.959045|214|Rx|d|2|0
42.959045|218|Rx|d|1|98
42.959045|4fa|Rx|d|2|800
42.959045|671|Rx|d|2|200
42.959045|4ac|Rx|d|5|83762A0080
42.959045|45c|Rx|d|6|00000000FFE0
42.973721|1b0|Rx|d|4|FF00FFC4
42.973721|211|Rx|d|8|8200FFFFA90000D1
42.973721|214|Rx|d|2|0
42.983575|4f8|Rx|d|8|94C0000000000000
42.983575|1b0|Rx|d|4|FF00FFC4
42.998632|211|Rx|d|8|8200FFFFA90000D1
42.998632|214|Rx|d|2|0
43.003666|3b7|Rx|d|6|37007FC000C0
43.008930|350|Rx|d|8|C02F3AFA1870A489
43.008930|1b0|Rx|d|4|FF00FFC4
43.008930|4de|Rx|d|3|C00000
43.008930|55d|Rx|d|8|00FD50C091800000
43.018725|211|Rx|d|8|8200FFFFA90000D1
43.018725|214|Rx|d|2|0
43.033748|1b0|Rx|d|4|FF00FFC4
43.033748|5de|Rx|d|8|2
43.033748|211|Rx|d|8|8200FFFFA90000D1
43.033748|214|Rx|d|2|0
43.033748|5df|Rx|d|3|9500
43.053678|1b0|Rx|d|4|FF00FFC4
43.053678|657|Rx|d|2|C0CC
43.053678|211|Rx|d|8|8200FFFFA90000D1
43.053678|214|Rx|d|2|0
43.053678|218|Rx|d|1|98
43.053678|4fa|Rx|d|2|800
43.053678|671|Rx|d|2|200
43.053678|4ac|Rx|d|5|83752A0080
43.053678|45c|Rx|d|6|00000000FFE0
43.073795|1b0|Rx|d|4|FF00FFC4
43.073795|211|Rx|d|8|8200FFFFA90000D1
43.073795|214|Rx|d|2|0
43.093783|4f8|Rx|d|8|94C0000000000000
43.093783|1b0|Rx|d|4|FF00FFC4
43.098339|211|Rx|d|8|8200FFFFA90000D1
43.098339|214|Rx|d|2|0
43.103677|3b7|Rx|d|6|37007FC000C0
43.113258|350|Rx|d|8|C02F3AFA1870A489
43.113258|1b0|Rx|d|4|FF00FFC4
43.113258|4de|Rx|d|3|C00000
43.113258|55d|Rx|d|8|00FD50C091800000
43.113258|646|Rx|d|8|000000020000000C
43.113258|211|Rx|d|8|8200FFFFA90000D1
43.113258|214|Rx|d|2|0
43.143864|1b0|Rx|d|4|FF00FFC4
43.143864|5de|Rx|d|8|2
43.143864|211|Rx|d|8|8200FFFFA90000D1
43.143864|214|Rx|d|2|0
43.143864|5df|Rx|d|3|9500
43.143864|1b0|Rx|d|4|FF00FFC4
43.143864|657|Rx|d|2|C0CC
43.163431|211|Rx|d|8|8200FFFFA90000D1
43.163431|214|Rx|d|2|0
43.163431|218|Rx|d|1|98
43.163431|4fa|Rx|d|2|800
43.163431|671|Rx|d|2|200
43.163431|4ac|Rx|d|5|83752A0080
43.163431|45c|Rx|d|6|00000000FFE0
43.171708|1b0|Rx|d|4|FF00FFC4
43.173730|211|Rx|d|8|8200FFFFA90000D1
43.173730|214|Rx|d|2|0
43.194071|4f8|Rx|d|8|94C0000000000000
43.194071|1b0|Rx|d|4|FF00FFC4
43.203168|211|Rx|d|8|8200FFFFA90000D1
43.203168|214|Rx|d|2|0
43.203168|3b7|Rx|d|6|37007FC000C0
43.203168|350|Rx|d|8|C02F3AFA1870A489
43.203168|1b0|Rx|d|4|FF00FFC4
43.203168|4de|Rx|d|3|C00000
43.203168|55d|Rx|d|8|00FD50C091800000
43.233754|211|Rx|d|8|8200FFFFA90000D1
43.233754|214|Rx|d|2|0
43.233754|1b0|Rx|d|4|FF00FFC4
43.233754|5de|Rx|d|8|2
43.233754|211|Rx|d|8|8200FFFFA90000D1
43.233754|214|Rx|d|2|0
43.233754|5df|Rx|d|3|9500
43.253796|1b0|Rx|d|4|FF00FFC4
43.253796|657|Rx|d|2|C0CC
43.253796|211|Rx|d|8|8200FFFFA90000D1
43.253796|214|Rx|d|2|0
43.253796|218|Rx|d|1|98
43.253796|4fa|Rx|d|2|800
43.253796|4ac|Rx|d|5|83762A0080
43.253796|671|Rx|d|2|200
43.253796|45c|Rx|d|6|00000000FFE0
43.269164|1b0|Rx|d|4|FF00FFC4
43.283985|211|Rx|d|8|8200FFFFA90000D1
43.283985|214|Rx|d|2|0
43.293358|4f8|Rx|d|8|94C0000000000000
43.293358|1b0|Rx|d|4|FF00FFC4
43.293358|211|Rx|d|8|8200FFFFA90000D1
43.293358|214|Rx|d|2|0
43.314097|3b7|Rx|d|6|37007FC000C0
43.314097|350|Rx|d|8|C02F3AFA1870A489
43.314097|1b0|Rx|d|4|FF00FFC4
43.314097|4de|Rx|d|3|C00000
43.314097|55d|Rx|d|8|00FD50C091800000
43.314097|211|Rx|d|8|8200FFFFA90000D1
43.314097|214|Rx|d|2|0
43.334039|1b0|Rx|d|4|FF00FFC4
43.334039|5de|Rx|d|8|2
43.334039|211|Rx|d|8|8200FFFFA90000D1
43.334039|214|Rx|d|2|0
43.334039|5df|Rx|d|3|9500
43.363931|1b0|Rx|d|4|FF00FFC4
43.363931|657|Rx|d|2|C0CC
43.363931|211|Rx|d|8|8200FFFFA90000D1
43.363931|214|Rx|d|2|0
43.363931|218|Rx|d|1|98
43.363931|4fa|Rx|d|2|800
43.363931|671|Rx|d|2|200
43.363931|4ac|Rx|d|5|83762A0080
43.363931|45c|Rx|d|6|00000000FFE0
43.363931|1b0|Rx|d|4|FF00FFC4
43.378222|211|Rx|d|8|8200FFFFA90000D1
43.378222|214|Rx|d|2|0
43.383247|4f8|Rx|d|8|94C0000000000000
43.383247|1b0|Rx|d|4|FF00FFC4
43.392816|211|Rx|d|8|8200FFFFA90000D1
43.392816|214|Rx|d|2|0
43.400811|3b7|Rx|d|6|37007FC000C0
43.406807|350|Rx|d|8|C02F3AFA1870A489
43.406807|1b0|Rx|d|4|FF00FFC4
43.406807|4de|Rx|d|3|C00000
43.406807|55d|Rx|d|8|00FD50C091800000
43.412805|211|Rx|d|8|8200FFFFA90000D1
43.412805|214|Rx|d|2|0
43.424796|1b0|Rx|d|4|FF00FFC4
43.424796|5de|Rx|d|8|2
43.432792|211|Rx|d|8|8200FFFFA90000D1
43.432792|214|Rx|d|2|0
43.432792|5df|Rx|d|3|9500
43.444784|1b0|Rx|d|4|FF00FFC4
43.444784|657|Rx|d|2|C0CC
43.452778|211|Rx|d|8|8200FFFFA90000D1
43.452778|214|Rx|d|2|0
43.452778|218|Rx|d|1|98
43.452778|4fa|Rx|d|2|800
43.452778|671|Rx|d|2|200
43.452778|4ac|Rx|d|5|83762A0080
43.452778|45c|Rx|d|6|00000000FFE0
43.464771|1b0|Rx|d|4|FF00FFC4
43.472766|211|Rx|d|8|8200FFFFA90000D1
43.472766|214|Rx|d|2|0
43.480762|4f8|Rx|d|8|94C0000000000000
43.486758|1b0|Rx|d|4|FF00FFC4
43.492754|211|Rx|d|8|8200FFFFA90000D1
43.492754|214|Rx|d|2|0
43.513358|3b7|Rx|d|6|37007FC000C0
43.513358|350|Rx|d|8|C02F3AFA1870A489
43.513358|1b0|Rx|d|4|FF00FFC4
43.513358|4de|Rx|d|3|C00000
43.513358|55d|Rx|d|8|00FD50C091800000
43.513358|211|Rx|d|8|8200FFFFA90000D1
43.513358|214|Rx|d|2|0
43.543761|1b0|Rx|d|4|FF00FFC4
43.543761|5de|Rx|d|8|2
43.543761|211|Rx|d|8|8200FFFFA90000D1
43.543761|214|Rx|d|2|0
43.543761|5df|Rx|d|3|9500
43.543761|1b0|Rx|d|4|FF00FFC4
43.543761|657|Rx|d|2|C0CC
43.563284|211|Rx|d|8|8200FFFFA90000D1
43.563284|214|Rx|d|2|0
43.563284|218|Rx|d|1|98
43.563284|4fa|Rx|d|2|800
43.563284|671|Rx|d|2|200
43.563284|4ac|Rx|d|5|83762A0080
43.563284|45c|Rx|d|6|00000000FFE0
43.563284|1b0|Rx|d|4|FF00FFC4
43.593937|211|Rx|d|8|8200FFFFA90000D1
43.593937|214|Rx|d|2|0
43.593937|4f8|Rx|d|8|94C0000000000000
43.593937|1b0|Rx|d|4|FF00FFC4
43.593937|211|Rx|d|8|8200FFFFA90000D1
43.593937|214|Rx|d|2|0
43.613751|3b7|Rx|d|6|37007FC000C0
43.613751|350|Rx|d|8|C02F3AFA1870A489
43.613751|1b0|Rx|d|4|FF00FFC4
43.613751|4de|Rx|d|3|C00000
43.613751|55d|Rx|d|8|00FD50C091800000
43.613751|646|Rx|d|8|000000020000000C
43.613751|211|Rx|d|8|8200FFFFA90000D1
43.613751|214|Rx|d|2|0
43.634111|1b0|Rx|d|4|FF00FFC4
43.634111|5de|Rx|d|8|2
43.634111|211|Rx|d|8|8200FFFFA90000D1
43.634111|214|Rx|d|2|0
43.634111|5df|Rx|d|3|9500
43.653716|1b0|Rx|d|4|FF00FFC4
43.653716|657|Rx|d|2|C0CC
43.653716|211|Rx|d|8|8200FFFFA90000D1
43.653716|214|Rx|d|2|0
43.653716|218|Rx|d|1|98
43.653716|4fa|Rx|d|2|800
43.653716|671|Rx|d|2|200
43.653716|4ac|Rx|d|5|83762A0080
43.653716|45c|Rx|d|6|00000000FFE0
43.683196|1b0|Rx|d|4|FF00FFC4
43.683196|211|Rx|d|8|8200FFFFA90000D1
43.683196|214|Rx|d|2|0
43.683196|4f8|Rx|d|8|94C0000000000000
43.683196|1b0|Rx|d|4|FF00FFC4
43.713635|211|Rx|d|8|8200FFFFA90000D1
43.713635|214|Rx|d|2|0
43.713635|3b7|Rx|d|6|37007FC000C0
43.713635|350|Rx|d|8|C02F3AFA1870A489
43.713635|1b0|Rx|d|4|FF00FFC4
43.713635|4de|Rx|d|3|C00000
43.713635|55d|Rx|d|8|00FD50C091800000
43.713635|211|Rx|d|8|8200FFFFA90000D1
43.713635|214|Rx|d|2|0
43.743608|1b0|Rx|d|4|FF00FFC4
43.743608|5de|Rx|d|8|2
43.743608|211|Rx|d|8|8200FFFFA90000D1
43.743608|214|Rx|d|2|0
43.743608|5df|Rx|d|3|9500
43.743608|1b0|Rx|d|4|FF00FFC4
43.743608|657|Rx|d|2|C0CC
43.743608|69f|Rx|d|4|0650859F
43.764056|211|Rx|d|8|8200FFFFA90000D1
43.764056|214|Rx|d|2|0
43.764056|218|Rx|d|1|98
43.764056|4fa|Rx|d|2|800
43.764056|671|Rx|d|2|200
43.764056|4ac|Rx|d|5|83752A0080
43.764056|45c|Rx|d|6|00000000FFE0
43.764056|1b0|Rx|d|4|FF00FFC4
43.779408|211|Rx|d|8|8200FFFFA90000D1
43.779408|214|Rx|d|2|0
43.779408|4f8|Rx|d|8|94C0000000000000
43.786441|1b0|Rx|d|4|FF00FFC4
43.794436|211|Rx|d|8|8200FFFFA90000D1
43.794436|214|Rx|d|2|0
43.800433|3b7|Rx|d|6|37007FC000C0
43.806429|350|Rx|d|8|C02F3AFA1870A489
43.806429|1b0|Rx|d|4|FF00FFC4
43.806429|4de|Rx|d|3|C00000
43.806429|55d|Rx|d|8|00FD50C091800000
43.814425|211|Rx|d|8|8200FFFFA90000D1
43.814425|214|Rx|d|2|0
43.824418|1b0|Rx|d|4|FF00FFC4
43.824418|5de|Rx|d|8|2
43.834413|211|Rx|d|8|8200FFFFA90000D1
43.834413|214|Rx|d|2|0
43.834413|5df|Rx|d|3|9500
43.844406|1b0|Rx|d|4|FF00FFC4
43.844406|657|Rx|d|2|C0CC
43.854400|211|Rx|d|8|8200FFFFA90000D1
43.854400|214|Rx|d|2|0
43.854400|218|Rx|d|1|98
43.854400|4fa|Rx|d|2|800
43.854400|671|Rx|d|2|200
43.854400|4ac|Rx|d|5|83762A0080
43.854400|45c|Rx|d|6|00000000FFE0
43.864393|1b0|Rx|d|4|FF00FFC4
43.874386|211|Rx|d|8|8200FFFFA90000D1
43.874386|214|Rx|d|2|0
43.882382|4f8|Rx|d|8|94C0000000000000
43.882382|1b0|Rx|d|4|FF00FFC4
43.894375|211|Rx|d|8|8200FFFFA90000D1
43.894375|214|Rx|d|2|0
43.903362|3b7|Rx|d|6|37007FC000C0
43.908435|350|Rx|d|8|C02F3AFA1870A489
43.908435|1b0|Rx|d|4|FF00FFC4
43.908435|4de|Rx|d|3|C00000
43.908435|55d|Rx|d|8|00FD50C091800000
43.918644|211|Rx|d|8|8200FFFFA90000D1
43.918644|214|Rx|d|2|0
43.928514|1b0|Rx|d|4|FF00FFC4
43.928514|5de|Rx|d|8|2
43.939125|211|Rx|d|8|8200FFFFA90000D1
43.939125|214|Rx|d|2|0
43.939125|5df|Rx|d|3|9500
43.948987|1b0|Rx|d|4|FF00FFC4
43.948987|657|Rx|d|2|C0CC
43.958742|211|Rx|d|8|8200FFFFA90000D1
43.958742|214|Rx|d|2|0
43.958742|218|Rx|d|1|98
43.958742|4fa|Rx|d|2|800
43.958742|671|Rx|d|2|200
43.958742|4ac|Rx|d|5|83762A0080
43.958742|45c|Rx|d|6|00000000FFE0
43.969022|1b0|Rx|d|4|FF00FFC4
43.975573|211|Rx|d|8|8200FFFFA90000D1
43.975573|214|Rx|d|2|0
43.983548|4f8|Rx|d|8|94C0000000000000
43.985580|1b0|Rx|d|4|FF00FFC4
43.995484|211|Rx|d|8|8200FFFFA90000D1
43.995484|214|Rx|d|2|0
44.008750|3b7|Rx|d|6|37007FC000C0
44.008750|350|Rx|d|8|C02F3AFA1870A489
44.008750|1b0|Rx|d|4|FF00FFC4
44.008750|4de|Rx|d|3|C00000
44.008750|55d|Rx|d|8|00FD50C091800000
44.015709|211|Rx|d|8|8200FFFFA90000D1
44.015709|214|Rx|d|2|0
44.025829|1b0|Rx|d|4|FF00FFC4
44.025829|5de|Rx|d|8|2
44.038571|211|Rx|d|8|8200FFFFA90000D1
44.038571|214|Rx|d|2|0
44.038571|5df|Rx|d|3|9500
44.046249|1b0|Rx|d|4|FF00FFC4
44.046249|657|Rx|d|2|C0CC
44.056211|211|Rx|d|8|8200FFFFA90000D1
44.056211|214|Rx|d|2|0
44.056211|218|Rx|d|1|98
44.056211|4fa|Rx|d|2|800
44.056211|671|Rx|d|2|200
44.056211|4ac|Rx|d|5|83762A0080
44.056211|45c|Rx|d|6|00000000FFE0
44.066243|1b0|Rx|d|4|FF00FFC4
44.076289|211|Rx|d|8|8200FFFFA90000D1
44.076289|214|Rx|d|2|0
44.088614|4f8|Rx|d|8|94C0000000000000
44.088614|1b0|Rx|d|4|FF00FFC4
44.096629|211|Rx|d|8|8200FFFFA90000D1
44.096629|214|Rx|d|2|0
44.103736|3b7|Rx|d|6|37007FC000C0
44.106539|350|Rx|d|8|C02F3AFA1870A489
44.106539|1b0|Rx|d|4|FF00FFC4
44.106539|4de|Rx|d|3|C00000
44.106539|55d|Rx|d|8|00FD50C091800000
44.116568|646|Rx|d|8|000000020000000C
44.116568|211|Rx|d|8|8200FFFFA90000D1
44.116568|214|Rx|d|2|0
44.132842|1b0|Rx|d|4|FF00FFC4
44.132842|5de|Rx|d|8|2
44.132842|211|Rx|d|8|8200FFFFA90000D1
44.132842|214|Rx|d|2|0
44.132842|5df|Rx|d|3|9500
44.148716|1b0|Rx|d|4|FF00FFC4
44.148716|657|Rx|d|2|C0CC
44.158819|211|Rx|d|8|8200FFFFA90000D1
44.158819|214|Rx|d|2|0
44.158819|218|Rx|d|1|98
44.158819|4fa|Rx|d|2|800
44.158819|4ac|Rx|d|5|83752A0080
44.158819|45c|Rx|d|6|00000000FFE0
44.158819|671|Rx|d|2|200
44.173282|1b0|Rx|d|4|FF00FFC4
44.173282|211|Rx|d|8|8200FFFFA90000D1
44.173282|214|Rx|d|2|0
44.198869|4f8|Rx|d|8|94C0000000000000
44.198869|1b0|Rx|d|4|FF00FFC4
44.198869|211|Rx|d|8|8200FFFFA90000D1
44.198869|214|Rx|d|2|0
44.198869|3b7|Rx|d|6|37007FC000C0
44.223166|350|Rx|d|8|C02F3AFA1870A489
44.223166|1b0|Rx|d|4|FF00FFC4
44.223166|4de|Rx|d|3|C00000
44.223166|55d|Rx|d|8|00FD50C091800000
44.223166|211|Rx|d|8|8200FFFFA90000D1
44.223166|214|Rx|d|2|0
44.223166|1b0|Rx|d|4|FF00FFC4
44.223166|5de|Rx|d|8|2
44.253988|211|Rx|d|8|8200FFFFA90000D1
44.253988|214|Rx|d|2|0
44.253988|5df|Rx|d|3|9500
44.253988|1b0|Rx|d|4|FF00FFC4
44.253988|657|Rx|d|2|C0CC
44.253988|211|Rx|d|8|8200FFFFA90000D1
44.253988|214|Rx|d|2|0
44.253988|218|Rx|d|1|98
44.253988|4ac|Rx|d|5|83762A0080
44.253988|4fa|Rx|d|2|800
44.253988|45c|Rx|d|6|00000000FFE0
44.253988|671|Rx|d|2|200
44.273550|1b0|Rx|d|4|FF00FFC4
44.273550|211|Rx|d|8|8200FFFFA90000D1
44.273550|214|Rx|d|2|0
44.280771|4f8|Rx|d|8|94C0000000000000
44.286764|1b0|Rx|d|4|FF00FFC4
44.292760|211|Rx|d|8|8200FFFFA90000D1
44.292760|214|Rx|d|2|0
44.300762|3b7|Rx|d|6|37007FC000C0
44.306751|350|Rx|d|8|C02F3AFA1870A489
44.306751|1b0|Rx|d|4|FF00FFC4
44.306751|4de|Rx|d|3|C00000
44.306751|55d|Rx|d|8|00FD50C091800000
44.312748|211|Rx|d|8|8200FFFFA90000D1
44.312748|214|Rx|d|2|0
44.324741|1b0|Rx|d|4|FF00FFC4
44.324741|5de|Rx|d|8|2
44.332736|211|Rx|d|8|8200FFFFA90000D1
44.332736|214|Rx|d|2|0
44.332736|5df|Rx|d|3|9500
44.344854|1b0|Rx|d|4|FF00FFC4
44.344854|657|Rx|d|2|C0CC
44.352849|211|Rx|d|8|8200FFFFA90000D1
44.352849|214|Rx|d|2|0
44.352849|218|Rx|d|1|98
44.352849|4fa|Rx|d|2|800
44.354847|4ac|Rx|d|5|83762A0080
44.354847|671|Rx|d|2|200
44.354847|45c|Rx|d|6|00000000FFE0
44.364840|1b0|Rx|d|4|FF00FFC4
44.372835|211|Rx|d|8|8200FFFFA90000D1
44.372835|214|Rx|d|2|0
44.380830|4f8|Rx|d|8|94C0000000000000
44.386827|1b0|Rx|d|4|FF00FFC4
44.392823|211|Rx|d|8|8200FFFFA90000D1
44.392823|214|Rx|d|2|0
44.413514|3b7|Rx|d|6|37007FC000C0
44.413514|350|Rx|d|8|C02F3AFA1870A489
44.413514|1b0|Rx|d|4|FF00FFC4
44.413514|4de|Rx|d|3|C00000
44.413514|55d|Rx|d|8|00FD50C091800000
44.413514|211|Rx|d|8|8200FFFFA90000D1
44.413514|214|Rx|d|2|0
44.443441|1b0|Rx|d|4|FF00FFC4
44.443441|5de|Rx|d|8|2
44.443441|211|Rx|d|8|8200FFFFA90000D1
44.443441|214|Rx|d|2|0
44.443441|5df|Rx|d|3|9500
44.443441|1b0|Rx|d|4|FF00FFC4
44.443441|657|Rx|d|2|C0CC
44.463926|211|Rx|d|8|8200FFFFA90000D1
44.463926|214|Rx|d|2|0
44.463926|218|Rx|d|1|98
44.463926|4fa|Rx|d|2|800
44.463926|4ac|Rx|d|5|83762A0080
44.463926|671|Rx|d|2|200
44.463926|45c|Rx|d|6|00000000FFE0
44.463926|1b0|Rx|d|4|FF00FFC4
44.493766|211|Rx|d|8|8200FFFFA90000D1
44.493766|214|Rx|d|2|0
44.493766|4f8|Rx|d|8|94C0000000000000
44.493948|1b0|Rx|d|4|FF00FFC4
44.493948|211|Rx|d|8|8200FFFFA90000D1
44.493948|214|Rx|d|2|0
44.523976|3b7|Rx|d|6|37007FC000C0
44.523976|350|Rx|d|8|C02F3AFA1870A489
44.523976|1b0|Rx|d|4|FF00FFC4
44.523976|4de|Rx|d|3|C00000
44.523976|55d|Rx|d|8|00FD50C091800000
44.523976|211|Rx|d|8|8200FFFFA90000D1
44.523976|214|Rx|d|2|0
44.523976|1b0|Rx|d|4|FF00FFC4
44.523976|5de|Rx|d|8|2
44.536642|211|Rx|d|8|8200FFFFA90000D1
44.536642|214|Rx|d|2|0
44.536642|5df|Rx|d|3|9500
44.554170|1b0|Rx|d|4|FF00FFC4
44.554170|657|Rx|d|2|C0CC
44.563811|211|Rx|d|8|8200FFFFA90000D1
44.563811|214|Rx|d|2|0
44.563811|218|Rx|d|1|98
44.563811|4fa|Rx|d|2|800
44.563811|4ac|Rx|d|5|83752A0080
44.563811|671|Rx|d|2|200
44.563811|45c|Rx|d|6|00000000FFE0
44.563811|1b0|Rx|d|4|FF00FFC4
44.587804|211|Rx|d|8|8200FFFFA90000D1
44.587804|214|Rx|d|2|0
44.587804|4f8|Rx|d|8|94C0000000000000
44.587804|1b0|Rx|d|4|FF00FFC4
44.613881|211|Rx|d|8|8200FFFFA90000D1
44.613881|214|Rx|d|2|0
44.613881|3b7|Rx|d|6|37007FC000C0
44.613881|350|Rx|d|8|C02F3AFA1870A489
44.613881|1b0|Rx|d|4|FF00FFC4
44.613881|4de|Rx|d|3|C00000
44.613881|55d|Rx|d|8|00FD50C091800000
44.613881|646|Rx|d|8|000000020000000C
44.613881|211|Rx|d|8|8200FFFFA90000D1
44.613881|214|Rx|d|2|0
44.635741|1b0|Rx|d|4|FF00FFC4
44.635741|5de|Rx|d|8|2
44.635741|211|Rx|d|8|8200FFFFA90000D1
44.635741|214|Rx|d|2|0
44.635741|5df|Rx|d|3|9500
44.651339|1b0|Rx|d|4|FF00FFC4
44.651339|657|Rx|d|2|C0CC
44.653847|211|Rx|d|8|8200FFFFA90000D1
44.653847|214|Rx|d|2|0
44.653847|218|Rx|d|1|98
44.653847|4fa|Rx|d|2|800
44.653847|4ac|Rx|d|5|83762A0080
44.653847|671|Rx|d|2|200
44.653847|45c|Rx|d|6|00000000FFE0
44.663827|1b0|Rx|d|4|FF00FFC4
44.673816|211|Rx|d|8|8200FFFFA90000D1
44.673816|214|Rx|d|2|0
44.681811|4f8|Rx|d|8|94C0000000000000
44.681811|1b0|Rx|d|4|FF00FFC4
44.693803|211|Rx|d|8|8200FFFFA90000D1
44.693803|214|Rx|d|2|0
44.701798|3b7|Rx|d|6|37007FC000C0
44.703797|350|Rx|d|8|C02F3AFA1870A489
44.703797|1b0|Rx|d|4|FF00FFC4
44.703797|4de|Rx|d|3|C00000
44.703797|55d|Rx|d|8|00FD50C091800000
44.713791|211|Rx|d|8|8200FFFFA90000D1
44.713791|214|Rx|d|2|0
44.723784|1b0|Rx|d|4|FF00FFC4
44.723784|5de|Rx|d|8|2
44.733778|211|Rx|d|8|8200FFFFA90000D1
44.733778|214|Rx|d|2|0
44.733778|5df|Rx|d|3|9500
44.743773|1b0|Rx|d|4|FF00FFC4
44.743773|657|Rx|d|2|C0CC
44.743773|69f|Rx|d|4|0650859F
44.753766|211|Rx|d|8|8200FFFFA90000D1
44.753766|214|Rx|d|2|0
44.753766|218|Rx|d|1|98
44.753766|4ac|Rx|d|5|83762A0080
44.753766|4fa|Rx|d|2|800
44.753766|45c|Rx|d|6|00000000FFE0
44.753766|671|Rx|d|2|200
44.763759|1b0|Rx|d|4|FF00FFC4
44.773755|211|Rx|d|8|8200FFFFA90000D1
44.773755|214|Rx|d|2|0
44.781749|4f8|Rx|d|8|94C0000000000000
44.781749|1b0|Rx|d|4|FF00FFC4
44.793742|211|Rx|d|8|8200FFFFA90000D1
44.793742|214|Rx|d|2|0
44.801736|3b7|Rx|d|6|37007FC000C0
44.803738|350|Rx|d|8|C02F3AFA1870A489
44.803738|1b0|Rx|d|4|FF00FFC4
44.803738|4de|Rx|d|3|C00000
44.803738|55d|Rx|d|8|00FD50C091800000
44.813731|211|Rx|d|8|8200FFFFA90000D1
44.813731|214|Rx|d|2|0
44.823722|1b0|Rx|d|4|FF00FFC4
44.823722|5de|Rx|d|8|2
44.833716|211|Rx|d|8|8200FFFFA90000D1
44.833716|214|Rx|d|2|0
44.833716|5df|Rx|d|3|9500
44.843710|1b0|Rx|d|4|FF00FFC4
44.843710|657|Rx|d|2|C0CC
44.853704|211|Rx|d|8|8200FFFFA90000D1
44.853704|214|Rx|d|2|0
44.853704|218|Rx|d|1|98
44.853704|4ac|Rx|d|5|83752A0080
44.853704|4fa|Rx|d|2|800
44.853704|45c|Rx|d|6|00000000FFE0
44.853704|671|Rx|d|2|200
44.863698|1b0|Rx|d|4|FF00FFC4
44.873692|211|Rx|d|8|8200FFFFA90000D1
44.873692|214|Rx|d|2|0
44.881687|4f8|Rx|d|8|94C0000000000000
44.881687|1b0|Rx|d|4|FF00FFC4
44.893680|211|Rx|d|8|8200FFFFA90000D1
44.893680|214|Rx|d|2|0
44.901674|3b7|Rx|d|6|37007FC000C0
44.901674|350|Rx|d|8|C02F3AFA1870A489
44.901674|1b0|Rx|d|4|FF00FFC4
44.901674|4de|Rx|d|3|C00000
44.901674|55d|Rx|d|8|00FD50C091800000
44.913667|211|Rx|d|8|8200FFFFA90000D1
44.913667|214|Rx|d|2|0
44.923660|1b0|Rx|d|4|FF00FFC4
44.923660|5de|Rx|d|8|2
44.933655|211|Rx|d|8|8200FFFFA90000D1
44.933655|214|Rx|d|2|0
44.933655|5df|Rx|d|3|9500
44.943649|1b0|Rx|d|4|FF00FFC4
44.943649|657|Rx|d|2|C0CC
44.953643|211|Rx|d|8|8200FFFFA90000D1
44.953643|214|Rx|d|2|0
44.953643|4ac|Rx|d|5|83752A0080
44.953643|218|Rx|d|1|98
44.953643|45c|Rx|d|6|00000000FFE0
44.953643|4fa|Rx|d|2|800
44.953643|671|Rx|d|2|200
44.963636|1b0|Rx|d|4|FF00FFC4
44.973631|211|Rx|d|8|8200FFFFA90000D1
44.973631|214|Rx|d|2|0
44.981626|4f8|Rx|d|8|94C0000000000000
44.981626|1b0|Rx|d|4|FF00FFC4
44.993619|211|Rx|d|8|8200FFFFA90000D1
44.993619|214|Rx|d|2|0
45.001613|3b7|Rx|d|6|37007FC000C0
45.001613|350|Rx|d|8|C02F3AFA1870A489
45.001613|1b0|Rx|d|4|FF00FFC4
45.001613|4de|Rx|d|3|C00000
45.001613|55d|Rx|d|8|00FD50C091800000
45.013606|211|Rx|d|8|8200FFFFA90000D1
45.013606|214|Rx|d|2|0
45.023599|1b0|Rx|d|4|FF00FFC4
45.023599|5de|Rx|d|8|2
45.033594|211|Rx|d|8|8200FFFFA90000D1
45.033594|214|Rx|d|2|0
45.033594|5df|Rx|d|3|9500
45.043587|1b0|Rx|d|4|FF00FFC4
45.043587|657|Rx|d|2|C0CC
45.053582|211|Rx|d|8|8200FFFFA90000D1
45.053582|214|Rx|d|2|0
45.053582|4ac|Rx|d|5|83762A0080
45.053582|218|Rx|d|1|98
45.053582|45c|Rx|d|6|00000000FFE0
45.053582|4fa|Rx|d|2|800
45.053582|671|Rx|d|2|200
45.063575|1b0|Rx|d|4|FF00FFC4
45.073568|211|Rx|d|8|8200FFFFA90000D1
45.073568|214|Rx|d|2|0
45.081564|4f8|Rx|d|8|94C0000000000000
45.081564|1b0|Rx|d|4|FF00FFC4
45.091558|6fb|Rx|d|8|0F01A454FF0000FF
45.091558|211|Rx|d|8|8200FFFFA90000D1
45.091558|214|Rx|d|2|0
45.101551|3b7|Rx|d|6|37007FC000C0
45.101551|350|Rx|d|8|C02F3AFA1870A489
45.101551|1b0|Rx|d|4|FF00FFC4
45.101551|4de|Rx|d|3|C00000
45.101551|55d|Rx|d|8|00FD50C091800000
45.111545|646|Rx|d|8|000000020000000C
45.111545|211|Rx|d|8|8200FFFFA90000D1
45.111545|214|Rx|d|2|0
45.121539|5ce|Rx|d|3|FEFF00
45.123538|1b0|Rx|d|4|FF00FFC4
45.123538|5de|Rx|d|8|2
45.133535|211|Rx|d|8|8200FFFFA90000D1
45.133535|214|Rx|d|2|0
45.133535|5df|Rx|d|3|9500
45.143526|1b0|Rx|d|4|FF00FFC4
45.143526|657|Rx|d|2|C0CC
45.153520|211|Rx|d|8|8200FFFFA90000D1
45.153520|214|Rx|d|2|0
45.153520|4ac|Rx|d|5|83762A0080
45.153520|218|Rx|d|1|98
45.153520|45c|Rx|d|6|00000000FFE0
45.153520|4fa|Rx|d|2|800
45.153520|671|Rx|d|2|200
45.163513|1b0|Rx|d|4|FF00FFC4
45.174507|211|Rx|d|8|8200FFFFA90000D1
45.174507|214|Rx|d|2|0
45.181503|4f8|Rx|d|8|94C0000000000000
45.181503|1b0|Rx|d|4|FF00FFC4
45.193497|211|Rx|d|8|8200FFFFA90000D1
45.193497|214|Rx|d|2|0
45.201490|3b7|Rx|d|6|37007FC000C0
45.203489|350|Rx|d|8|C02F3AFA1870A489
45.203489|1b0|Rx|d|4|FF00FFC4
45.203489|4de|Rx|d|3|C00000
45.203489|55d|Rx|d|8|00FD50C091800000
45.215597|211|Rx|d|8|8200FFFFA90000D1
45.215597|214|Rx|d|2|0
45.231839|1b0|Rx|d|4|FF00FFC4
45.231839|5de|Rx|d|8|2
45.231839|211|Rx|d|8|8200FFFFA90000D1
45.231839|214|Rx|d|2|0
45.231839|5df|Rx|d|3|9500
45.245578|1b0|Rx|d|4|FF00FFC4
45.245578|657|Rx|d|2|C0CC
45.255631|211|Rx|d|8|8200FFFFA90000D1
45.255631|214|Rx|d|2|0
45.255631|218|Rx|d|1|98
45.255631|4ac|Rx|d|5|83752A0080
45.255631|4fa|Rx|d|2|800
45.255631|45c|Rx|d|6|00000000FFE0
45.255631|671|Rx|d|2|200
45.266000|1b0|Rx|d|4|FF00FFC4
45.276076|211|Rx|d|8|8200FFFFA90000D1
45.276076|214|Rx|d|2|0
45.286327|4f8|Rx|d|8|94C0000000000000
45.286327|1b0|Rx|d|4|FF00FFC4
45.296450|211|Rx|d|8|8200FFFFA90000D1
45.296450|214|Rx|d|2|0
45.306492|3b7|Rx|d|6|37007FC000C0
45.308531|350|Rx|d|8|C02F3AFA1870A489
45.308531|1b0|Rx|d|4|FF00FFC4
45.308531|4de|Rx|d|3|C00000
45.308531|55d|Rx|d|8|00FD50C091800000
45.316754|211|Rx|d|8|8200FFFFA90000D1
45.316754|214|Rx|d|2|0
45.326724|1b0|Rx|d|4|FF00FFC4
45.326724|5de|Rx|d|8|2
45.337039|211|Rx|d|8|8200FFFFA90000D1
45.337039|214|Rx|d|2|0
45.337039|5df|Rx|d|3|9500
45.347174|1b0|Rx|d|4|FF00FFC4
45.347174|657|Rx|d|2|C0CC
45.359071|211|Rx|d|8|8200FFFFA90000D1
45.359071|214|Rx|d|2|0
45.359071|4ac|Rx|d|5|83752A0080
45.359071|218|Rx|d|1|98
45.359071|45c|Rx|d|6|00000000FFE0
45.359071|4fa|Rx|d|2|800
45.359071|671|Rx|d|2|200
45.359071|1b0|Rx|d|4|FF00FFC4
45.377031|211|Rx|d|8|8200FFFFA90000D1
45.377031|214|Rx|d|2|0
45.386922|4f8|Rx|d|8|94C0000000000000
45.388955|1b0|Rx|d|4|FF00FFC4
45.397046|211|Rx|d|8|8200FFFFA90000D1
45.397046|214|Rx|d|2|0
45.403777|3b7|Rx|d|6|37007FC000C0
45.403777|350|Rx|d|8|C02F3AFA1870A489
45.403777|1b0|Rx|d|4|FF00FFC4
45.403777|4de|Rx|d|3|C00000
45.403777|55d|Rx|d|8|00FD50C091800000
45.417248|211|Rx|d|8|8200FFFFA90000D1
45.417248|214|Rx|d|2|0
45.427315|1b0|Rx|d|4|FF00FFC4
45.427315|5de|Rx|d|8|2
45.433352|211|Rx|d|8|8200FFFFA90000D1
45.433352|214|Rx|d|2|0
45.433352|5df|Rx|d|3|9500
45.442469|1b0|Rx|d|4|FF00FFC4
45.442469|657|Rx|d|2|C0CC
45.454462|211|Rx|d|8|8200FFFFA90000D1
45.454462|214|Rx|d|2|0
45.454462|4ac|Rx|d|5|83752A0080
45.454462|218|Rx|d|1|98
45.454462|45c|Rx|d|6|00000000FFE0
45.454462|4fa|Rx|d|2|800
45.454462|671|Rx|d|2|200
45.462457|1b0|Rx|d|4|FF00FFC4
45.472451|211|Rx|d|8|8200FFFFA90000D1
45.472451|214|Rx|d|2|0
45.480448|4f8|Rx|d|8|94C0000000000000
45.480448|1b0|Rx|d|4|FF00FFC4
45.492441|211|Rx|d|8|8200FFFFA90000D1
45.492441|214|Rx|d|2|0
45.500433|3b7|Rx|d|6|37007FC000C0
45.502433|350|Rx|d|8|C02F3AFA1870A489
45.502433|1b0|Rx|d|4|FF00FFC4
45.502433|4de|Rx|d|3|C00000
45.502433|55d|Rx|d|8|00FD50C091800000
45.512427|211|Rx|d|8|8200FFFFA90000D1
45.512427|214|Rx|d|2|0
45.522420|1b0|Rx|d|4|FF00FFC4
45.522420|5de|Rx|d|8|2
45.534414|211|Rx|d|8|8200FFFFA90000D1
45.534414|214|Rx|d|2|0
45.534414|5df|Rx|d|3|9500
45.542408|1b0|Rx|d|4|FF00FFC4
45.542408|657|Rx|d|2|C0CC
45.554582|211|Rx|d|8|8200FFFFA90000D1
45.554582|214|Rx|d|2|0
45.554582|4ac|Rx|d|5|83752A0080
45.554582|218|Rx|d|1|98
45.554582|45c|Rx|d|6|00000000FFE0
45.554582|4fa|Rx|d|2|800
45.554582|671|Rx|d|2|200
45.567627|1b0|Rx|d|4|FF00FFC4
45.593516|211|Rx|d|8|8200FFFFA90000D1
45.593516|214|Rx|d|2|0
45.603887|4f8|Rx|d|8|94C0000000000000
45.603887|1b0|Rx|d|4|FF00FFC4
45.603887|211|Rx|d|8|8200FFFFA90000D1
45.603887|214|Rx|d|2|0
45.603887|3b7|Rx|d|6|37007FC000C0
45.603887|350|Rx|d|8|C02F3AFA1870A489
45.603887|1b0|Rx|d|4|FF00FFC4
45.603887|4de|Rx|d|3|C00000
45.603887|55d|Rx|d|8|00FD50C091800000
45.623444|646|Rx|d|8|000000020000000C
45.623444|211|Rx|d|8|8200FFFFA90000D1
45.623444|214|Rx|d|2|0
45.633943|1b0|Rx|d|4|FF00FFC4
45.633943|5de|Rx|d|8|2
45.633943|211|Rx|d|8|8200FFFFA90000D1
45.633943|214|Rx|d|2|0
45.633943|5df|Rx|d|3|9500
45.653903|1b0|Rx|d|4|FF00FFC4
45.653903|657|Rx|d|2|C0CC
45.653903|211|Rx|d|8|8200FFFFA90000D1
45.653903|214|Rx|d|2|0
45.653903|4ac|Rx|d|5|83752A0080
45.653903|218|Rx|d|1|98
45.653903|45c|Rx|d|6|00000000FFE0
45.653903|4fa|Rx|d|2|800
45.653903|671|Rx|d|2|200
45.674006|1b0|Rx|d|4|FF00FFC4
45.674006|211|Rx|d|8|8200FFFFA90000D1
45.674006|214|Rx|d|2|0
45.693584|4f8|Rx|d|8|94C0000000000000
45.693584|1b0|Rx|d|4|FF00FFC4
45.693584|211|Rx|d|8|8200FFFFA90000D1
45.693584|214|Rx|d|2|0
45.723972|3b7|Rx|d|6|37007FC000C0
45.723972|350|Rx|d|8|C02F3AFA1870A489
45.723972|1b0|Rx|d|4|FF00FFC4
45.723972|4de|Rx|d|3|C00000
45.723972|55d|Rx|d|8|00FD50C091800000
45.723972|211|Rx|d|8|8200FFFFA90000D1
45.723972|214|Rx|d|2|0
45.733645|1b0|Rx|d|4|FF00FFC4
45.733645|5de|Rx|d|8|2
45.743554|211|Rx|d|8|8200FFFFA90000D1
45.743554|214|Rx|d|2|0
45.743554|5df|Rx|d|3|9500
45.743554|1b0|Rx|d|4|FF00FFC4
45.743554|657|Rx|d|2|C0CC
45.743554|69f|Rx|d|4|0650859F
45.767543|211|Rx|d|8|8200FFFFA90000D1
45.767543|214|Rx|d|2|0
45.767543|4ac|Rx|d|5|83762A0080
45.767543|218|Rx|d|1|98
45.767543|45c|Rx|d|6|00000000FFE0
45.767543|4fa|Rx|d|2|800
45.767543|671|Rx|d|2|200
45.767543|1b0|Rx|d|4|FF00FFC4
45.783170|211|Rx|d|8|8200FFFFA90000D1
45.783170|214|Rx|d|2|0
45.783170|4f8|Rx|d|8|94C0000000000000
45.783170|1b0|Rx|d|4|FF00FFC4
45.802637|211|Rx|d|8|8200FFFFA90000D1
45.802637|214|Rx|d|2|0
45.802637|3b7|Rx|d|6|37007FC000C0
45.802637|350|Rx|d|8|C02F3AFA1870A489
45.802637|1b0|Rx|d|4|FF00FFC4
45.802637|4de|Rx|d|3|C00000
45.802637|55d|Rx|d|8|00FD50C091800000
45.813353|211|Rx|d|8|8200FFFFA90000D1
45.813353|214|Rx|d|2|0
45.823345|1b0|Rx|d|4|FF00FFC4
45.823345|5de|Rx|d|8|2
45.833340|211|Rx|d|8|8200FFFFA90000D1
45.833340|214|Rx|d|2|0
45.833340|5df|Rx|d|3|9500
45.843334|1b0|Rx|d|4|FF00FFC4
45.843334|657|Rx|d|2|C0CC
45.853328|211|Rx|d|8|8200FFFFA90000D1
45.853328|214|Rx|d|2|0
45.853328|4ac|Rx|d|5|83752A0080
45.853328|45c|Rx|d|6|00000000FFE0
45.853328|218|Rx|d|1|98
45.853328|4fa|Rx|d|2|800
45.853328|671|Rx|d|2|200
45.863321|1b0|Rx|d|4|FF00FFC4
45.873315|211|Rx|d|8|8200FFFFA90000D1
45.873315|214|Rx|d|2|0
45.881312|4f8|Rx|d|8|94C0000000000000
45.881312|1b0|Rx|d|4|FF00FFC4
45.893303|211|Rx|d|8|8200FFFFA90000D1
45.893303|214|Rx|d|2|0
45.901297|3b7|Rx|d|6|37007FC000C0
45.903298|350|Rx|d|8|C02F3AFA1870A489
45.903298|1b0|Rx|d|4|FF00FFC4
45.903298|4de|Rx|d|3|C00000
45.903298|55d|Rx|d|8|00FD50C091800000
45.913291|211|Rx|d|8|8200FFFFA90000D1
45.913291|214|Rx|d|2|0
45.923589|1b0|Rx|d|4|FF00FFC4
45.923589|5de|Rx|d|8|2
45.938618|211|Rx|d|8|8200FFFFA90000D1
45.938618|214|Rx|d|2|0
45.938618|5df|Rx|d|3|9500
45.948707|1b0|Rx|d|4|FF00FFC4
45.948707|657|Rx|d|2|C0CC
45.958758|211|Rx|d|8|8200FFFFA90000D1
45.958758|214|Rx|d|2|0
45.958758|4ac|Rx|d|5|83752A0080
45.958758|45c|Rx|d|6|00000000FFE0
45.958758|218|Rx|d|1|98
45.958758|4fa|Rx|d|2|800
45.958758|671|Rx|d|2|200
45.968201|1b0|Rx|d|4|FF00FFC4
45.978502|211|Rx|d|8|8200FFFFA90000D1
45.978502|214|Rx|d|2|0
45.978502|4f8|Rx|d|8|94C0000000000000
45.988464|1b0|Rx|d|4|FF00FFC4
45.993889|211|Rx|d|8|8200FFFFA90000D1
45.993889|214|Rx|d|2|0
46.000623|3b7|Rx|d|6|37007FC000C0
46.003785|350|Rx|d|8|C02F3AFA1870A489
46.003785|1b0|Rx|d|4|FF00FFC4
46.003785|4de|Rx|d|3|C00000
46.008309|55d|Rx|d|8|00FD50C091800000
46.013915|211|Rx|d|8|8200FFFFA90000D1
46.013915|214|Rx|d|2|0
46.023531|1b0|Rx|d|4|FF00FFC4
46.023531|5de|Rx|d|8|2
46.033814|211|Rx|d|8|8200FFFFA90000D1
46.033814|214|Rx|d|2|0
46.038445|5df|Rx|d|3|9500
46.048563|1b0|Rx|d|4|FF00FFC4
46.048563|657|Rx|d|2|C0CC
46.053666|211|Rx|d|8|8200FFFFA90000D1
46.053666|4ac|Rx|d|5|83752A0080
46.053666|214|Rx|d|2|0
46.053666|45c|Rx|d|6|00000000FFE0
46.053666|218|Rx|d|1|98
46.053666|4fa|Rx|d|2|800
46.059074|671|Rx|d|2|200
46.063678|1b0|Rx|d|4|FF00FFC4
46.073712|211|Rx|d|8|8200FFFFA90000D1
46.073712|214|Rx|d|2|0
46.083577|4f8|Rx|d|8|94C0000000000000
46.083577|1b0|Rx|d|4|FF00FFC4
46.093431|211|Rx|d|8|8200FFFFA90000D1
46.093431|214|Rx|d|2|0
46.101038|3b7|Rx|d|6|37007FC000C0
46.101038|350|Rx|d|8|C02F3AFA1870A489
46.101038|1b0|Rx|d|4|FF00FFC4
46.101038|4de|Rx|d|3|C00000
46.101038|55d|Rx|d|8|00FD50C091800000
46.111316|646|Rx|d|8|000000020000000C
46.111316|211|Rx|d|8|8200FFFFA90000D1
46.111316|214|Rx|d|2|0
46.123879|1b0|Rx|d|4|FF00FFC4
46.123879|5de|Rx|d|8|2
46.140031|211|Rx|d|8|8200FFFFA90000D1
46.140031|5df|Rx|d|3|9500
46.140031|214|Rx|d|2|0
46.148834|1b0|Rx|d|4|FF00FFC4
46.148834|657|Rx|d|2|C0CC
46.156835|211|Rx|d|8|8200FFFFA90000D1
46.156835|4ac|Rx|d|5|83762A0080
46.156835|214|Rx|d|2|0
46.156835|45c|Rx|d|6|00000000FFE0
46.156835|218|Rx|d|1|98
46.156835|4fa|Rx|d|2|800
46.156835|671|Rx|d|2|200
46.173931|1b0|Rx|d|4|FF00FFC4
46.173931|211|Rx|d|8|8200FFFFA90000D1
46.173931|214|Rx|d|2|0
46.203894|4f8|Rx|d|8|94C0000000000000
46.203894|1b0|Rx|d|4|FF00FFC4
46.203894|211|Rx|d|8|8200FFFFA90000D1
46.203894|214|Rx|d|2|0
46.203894|3b7|Rx|d|6|37007FC000C0
46.203894|350|Rx|d|8|C02F3AFA1870A489
46.203894|1b0|Rx|d|4|FF00FFC4
46.203894|4de|Rx|d|3|C00000
46.203894|55d|Rx|d|8|00FD50C091800000
46.233640|211|Rx|d|8|8200FFFFA90000D1
46.233640|214|Rx|d|2|0
46.233640|1b0|Rx|d|4|FF00FFC4
46.233640|5de|Rx|d|8|2
46.233640|211|Rx|d|8|8200FFFFA90000D1
46.233640|5df|Rx|d|3|9500
46.233640|214|Rx|d|2|0
46.253651|1b0|Rx|d|4|FF00FFC4
46.253651|657|Rx|d|2|C0CC
46.263529|211|Rx|d|8|8200FFFFA90000D1
46.263529|4ac|Rx|d|5|83762A0080
46.263529|214|Rx|d|2|0
46.263529|45c|Rx|d|6|00000000FFE0
46.263529|218|Rx|d|1|98
46.263529|4fa|Rx|d|2|800
46.263529|671|Rx|d|2|200
46.273533|1b0|Rx|d|4|FF00FFC4
46.273533|211|Rx|d|8|8200FFFFA90000D1
46.273533|214|Rx|d|2|0
46.282794|4f8|Rx|d|8|94C0000000000000
46.282794|1b0|Rx|d|4|FF00FFC4
46.303804|211|Rx|d|8|8200FFFFA90000D1
46.303804|214|Rx|d|2|0
46.308929|3b7|Rx|d|6|37007FC000C0
46.308929|350|Rx|d|8|C02F3AFA1870A489
46.308929|1b0|Rx|d|4|FF00FFC4
46.308929|4de|Rx|d|3|C00000
46.308929|55d|Rx|d|8|00FD50C091800000
46.323558|211|Rx|d|8|8200FFFFA90000D1
46.323558|214|Rx|d|2|0
46.333427|1b0|Rx|d|4|FF00FFC4
46.333427|5de|Rx|d|8|2
46.333427|211|Rx|d|8|8200FFFFA90000D1
46.333427|5df|Rx|d|3|9500
46.333427|214|Rx|d|2|0
46.353880|1b0|Rx|d|4|FF00FFC4
46.353880|657|Rx|d|2|C0CC
46.363966|211|Rx|d|8|8200FFFFA90000D1
46.363966|4ac|Rx|d|5|83762A0080
46.363966|214|Rx|d|2|0
46.363966|45c|Rx|d|6|00000000FFE0
46.363966|218|Rx|d|1|98
46.363966|4fa|Rx|d|2|800
46.363966|671|Rx|d|2|200
46.363966|1b0|Rx|d|4|FF00FFC4
46.384148|211|Rx|d|8|8200FFFFA90000D1
46.384148|214|Rx|d|2|0
46.384148|4f8|Rx|d|8|94C0000000000000
46.384148|1b0|Rx|d|4|FF00FFC4
46.405895|211|Rx|d|8|8200FFFFA90000D1
46.405895|214|Rx|d|2|0
46.405895|3b7|Rx|d|6|37007FC000C0
46.405895|350|Rx|d|8|C02F3AFA1870A489
46.405895|1b0|Rx|d|4|FF00FFC4
46.405895|4de|Rx|d|3|C00000
46.405895|55d|Rx|d|8|00FD50C091800000
46.412450|211|Rx|d|8|8200FFFFA90000D1
46.412450|214|Rx|d|2|0
46.422443|1b0|Rx|d|4|FF00FFC4
46.422443|5de|Rx|d|8|2
46.432437|211|Rx|d|8|8200FFFFA90000D1
46.432437|5df|Rx|d|3|9500
46.432437|214|Rx|d|2|0
46.442431|1b0|Rx|d|4|FF00FFC4
46.442431|657|Rx|d|2|C0CC
46.454424|211|Rx|d|8|8200FFFFA90000D1
46.454424|4ac|Rx|d|5|83762A0080
46.454424|214|Rx|d|2|0
46.454424|45c|Rx|d|6|00000000FFE0
46.454424|218|Rx|d|1|98
46.454424|4fa|Rx|d|2|800
46.454424|671|Rx|d|2|200
46.462418|1b0|Rx|d|4|FF00FFC4
46.472412|211|Rx|d|8|8200FFFFA90000D1
46.472412|214|Rx|d|2|0
46.480408|4f8|Rx|d|8|94C0000000000000
46.480408|1b0|Rx|d|4|FF00FFC4
46.492401|211|Rx|d|8|8200FFFFA90000D1
46.492401|214|Rx|d|2|0
46.500395|3b7|Rx|d|6|37007FC000C0
46.502394|350|Rx|d|8|C02F3AFA1870A489
46.502394|1b0|Rx|d|4|FF00FFC4
46.502394|4de|Rx|d|3|C00000
46.502394|55d|Rx|d|8|00FD50C091800000
46.512387|211|Rx|d|8|8200FFFFA90000D1
46.512387|214|Rx|d|2|0
46.523639|1b0|Rx|d|4|FF00FFC4
46.523639|5de|Rx|d|8|2
46.540592|211|Rx|d|8|8200FFFFA90000D1
46.540592|5df|Rx|d|3|9500
46.540592|214|Rx|d|2|0
46.540592|1b0|Rx|d|4|FF00FFC4
46.540592|657|Rx|d|2|C0CC
46.563608|4ac|Rx|d|5|83762A0080
46.563608|211|Rx|d|8|8200FFFFA90000D1
46.563608|45c|Rx|d|6|00000000FFE0
46.563608|214|Rx|d|2|0
46.563608|218|Rx|d|1|98
46.563608|4fa|Rx|d|2|800
46.563608|671|Rx|d|2|200
46.563608|1b0|Rx|d|4|FF00FFC4
46.583746|211|Rx|d|8|8200FFFFA90000D1
46.583746|214|Rx|d|2|0
46.583746|4f8|Rx|d|8|94C0000000000000
46.583746|1b0|Rx|d|4|FF00FFC4
46.613821|211|Rx|d|8|8200FFFFA90000D1
46.613821|214|Rx|d|2|0
46.613821|3b7|Rx|d|6|37007FC000C0
46.613821|350|Rx|d|8|C02F3AFA1870A489
46.613821|1b0|Rx|d|4|FF00FFC4
46.613821|4de|Rx|d|3|C00000
46.613821|55d|Rx|d|8|00FD50C091800000
46.613821|646|Rx|d|8|000000020000000C
46.613821|211|Rx|d|8|8200FFFFA90000D1
46.613821|214|Rx|d|2|0
46.638862|1b0|Rx|d|4|FF00FFC4
46.638862|5de|Rx|d|8|2
46.638862|211|Rx|d|8|8200FFFFA90000D1
46.638862|5df|Rx|d|3|9500
46.638862|214|Rx|d|2|0
46.643663|1b0|Rx|d|4|FF00FFC4
46.643663|657|Rx|d|2|C0CC
46.654059|211|Rx|d|8|8200FFFFA90000D1
46.654059|4ac|Rx|d|5|83762A0080
46.654059|214|Rx|d|2|0
46.654059|45c|Rx|d|6|00000000FFE0
46.654059|218|Rx|d|1|98
46.654059|4fa|Rx|d|2|800
46.654059|671|Rx|d|2|200
46.664052|1b0|Rx|d|4|FF00FFC4
46.674047|211|Rx|d|8|8200FFFFA90000D1
46.674047|214|Rx|d|2|0
46.682041|4f8|Rx|d|8|94C0000000000000
46.682041|1b0|Rx|d|4|FF00FFC4
46.694036|211|Rx|d|8|8200FFFFA90000D1
46.694036|214|Rx|d|2|0
46.702029|3b7|Rx|d|6|37007FC000C0
46.704032|350|Rx|d|8|C02F3AFA1870A489
46.704032|1b0|Rx|d|4|FF00FFC4
46.704032|4de|Rx|d|3|C00000
46.704032|55d|Rx|d|8|00FD50C091800000
46.714021|211|Rx|d|8|8200FFFFA90000D1
46.714021|214|Rx|d|2|0
46.724017|1b0|Rx|d|4|FF00FFC4
46.724017|5de|Rx|d|8|2
46.734009|211|Rx|d|8|8200FFFFA90000D1
46.734009|5df|Rx|d|3|9500
46.734009|214|Rx|d|2|0
46.744003|1b0|Rx|d|4|FF00FFC4
46.744003|657|Rx|d|2|C0CC
46.744003|69f|Rx|d|4|0650859F
46.753996|211|Rx|d|8|8200FFFFA90000D1
46.753996|4ac|Rx|d|5|83752A0080
46.753996|214|Rx|d|2|0
46.753996|45c|Rx|d|6|00000000FFE0
46.753996|218|Rx|d|1|98
46.753996|4fa|Rx|d|2|800
46.753996|671|Rx|d|2|200
46.763990|1b0|Rx|d|4|FF00FFC4
46.773985|211|Rx|d|8|8200FFFFA90000D1
46.773985|214|Rx|d|2|0
46.781979|4f8|Rx|d|8|94C0000000000000
46.781979|1b0|Rx|d|4|FF00FFC4
46.793972|211|Rx|d|8|8200FFFFA90000D1
46.793972|214|Rx|d|2|0
46.801967|3b7|Rx|d|6|37007FC000C0
46.803967|350|Rx|d|8|C02F3AFA1870A489
46.803967|1b0|Rx|d|4|FF00FFC4
46.803967|4de|Rx|d|3|C00000
46.803967|55d|Rx|d|8|00FD50C091800000
46.814959|211|Rx|d|8|8200FFFFA90000D1
46.814959|214|Rx|d|2|0
46.823954|1b0|Rx|d|4|FF00FFC4
46.823954|5de|Rx|d|8|2
46.833947|211|Rx|d|8|8200FFFFA90000D1
46.833947|5df|Rx|d|3|9500
46.833947|214|Rx|d|2|0
46.843942|1b0|Rx|d|4|FF00FFC4
46.843942|657|Rx|d|2|C0CC
46.854934|211|Rx|d|8|8200FFFFA90000D1
46.854934|4ac|Rx|d|5|83752A0080
46.854934|45c|Rx|d|6|00000000FFE0
46.854934|214|Rx|d|2|0
46.854934|218|Rx|d|1|98
46.854934|4fa|Rx|d|2|800
46.854934|671|Rx|d|2|200
46.863929|1b0|Rx|d|4|FF00FFC4
46.873923|211|Rx|d|8|8200FFFFA90000D1
46.873923|214|Rx|d|2|0
46.881918|4f8|Rx|d|8|94C0000000000000
46.881918|1b0|Rx|d|4|FF00FFC4
46.893910|211|Rx|d|8|8200FFFFA90000D1
46.893910|214|Rx|d|2|0
46.901906|3b7|Rx|d|6|37007FC000C0
46.903905|350|Rx|d|8|C02F3AFA1870A489
46.903905|1b0|Rx|d|4|FF00FFC4
46.903905|4de|Rx|d|3|C00000
46.903905|55d|Rx|d|8|00FD50C091800000
46.913898|211|Rx|d|8|8200FFFFA90000D1
46.913898|214|Rx|d|2|0
46.923892|1b0|Rx|d|4|FF00FFC4
46.923892|5de|Rx|d|8|2
46.933886|211|Rx|d|8|8200FFFFA90000D1
46.933886|5df|Rx|d|3|9500
46.933886|214|Rx|d|2|0
46.943879|1b0|Rx|d|4|FF00FFC4
46.943879|657|Rx|d|2|C0CC
46.953874|211|Rx|d|8|8200FFFFA90000D1
46.953874|4ac|Rx|d|5|83762A0080
46.953874|214|Rx|d|2|0
46.953874|45c|Rx|d|6|00000000FFE0
46.953874|218|Rx|d|1|98
46.953874|4fa|Rx|d|2|800
46.953874|671|Rx|d|2|200
46.963757|1b0|Rx|d|4|FF00FFC4
46.978877|211|Rx|d|8|8200FFFFA90000D1
46.978877|214|Rx|d|2|0
46.983410|4f8|Rx|d|8|94C0000000000000
46.983410|1b0|Rx|d|4|FF00FFC4
47.003842|211|Rx|d|8|8200FFFFA90000D1
47.003842|214|Rx|d|2|0
47.003842|3b7|Rx|d|6|37007FC000C0
47.003842|350|Rx|d|8|C02F3AFA1870A489
47.003842|1b0|Rx|d|4|FF00FFC4
47.003842|4de|Rx|d|3|C00000
47.003842|55d|Rx|d|8|00FD50C091800000
47.023832|211|Rx|d|8|8200FFFFA90000D1
47.023832|214|Rx|d|2|0
47.023832|1b0|Rx|d|4|FF00FFC4
47.023832|5de|Rx|d|8|2
47.043782|5df|Rx|d|3|9500
47.043782|211|Rx|d|8|8200FFFFA90000D1
47.043782|214|Rx|d|2|0
47.043782|1b0|Rx|d|4|FF00FFC4
47.043782|657|Rx|d|2|C0CC
47.064033|4ac|Rx|d|5|83762A0080
47.064033|211|Rx|d|8|8200FFFFA90000D1
47.064033|45c|Rx|d|6|00000000FFE0
47.064033|214|Rx|d|2|0
47.064033|218|Rx|d|1|98
47.064033|4fa|Rx|d|2|800
47.064033|671|Rx|d|2|200
47.073813|1b0|Rx|d|4|FF00FFC4
47.083855|211|Rx|d|8|8200FFFFA90000D1
47.083855|214|Rx|d|2|0
47.090529|4f8|Rx|d|8|94C0000000000000
47.090529|1b0|Rx|d|4|FF00FFC4
47.090529|211|Rx|d|8|8200FFFFA90000D1
47.090529|214|Rx|d|2|0
47.108596|3b7|Rx|d|6|37007FC000C0
47.108596|350|Rx|d|8|C02F3AFA1870A489
47.108596|1b0|Rx|d|4|FF00FFC4
47.108596|4de|Rx|d|3|C00000
47.108596|55d|Rx|d|8|00FD50C091800000
47.108596|646|Rx|d|8|000000020000000C
47.123732|211|Rx|d|8|8200FFFFA90000D1
47.123732|214|Rx|d|2|0
47.128880|1b0|Rx|d|4|FF00FFC4
47.128880|5de|Rx|d|8|2
47.138504|5df|Rx|d|3|9500
47.138504|211|Rx|d|8|8200FFFFA90000D1
47.138504|214|Rx|d|2|0
47.143704|1b0|Rx|d|4|FF00FFC4
47.143704|657|Rx|d|2|C0CC
47.164058|4ac|Rx|d|5|83762A0080
47.164058|211|Rx|d|8|8200FFFFA90000D1
47.164058|45c|Rx|d|6|00000000FFE0
47.164058|214|Rx|d|2|0
47.164058|218|Rx|d|1|98
47.164058|4fa|Rx|d|2|800
47.164058|671|Rx|d|2|200
47.173833|1b0|Rx|d|4|FF00FFC4
47.173833|211|Rx|d|8|8200FFFFA90000D1
47.173833|214|Rx|d|2|0
47.203543|4f8|Rx|d|8|94C0000000000000
47.203885|1b0|Rx|d|4|FF00FFC4
47.203885|211|Rx|d|8|8200FFFFA90000D1
47.203885|214|Rx|d|2|0
47.203885|3b7|Rx|d|6|37007FC000C0
47.203885|350|Rx|d|8|C02F3AFA1870A489
47.203885|1b0|Rx|d|4|FF00FFC4
47.203885|4de|Rx|d|3|C00000
47.203885|55d|Rx|d|8|00FD50C091800000
47.234012|211|Rx|d|8|8200FFFFA90000D1
47.234012|214|Rx|d|2|0
47.234012|1b0|Rx|d|4|FF00FFC4
47.234012|5de|Rx|d|8|2
47.235291|5df|Rx|d|3|9500
47.235291|211|Rx|d|8|8200FFFFA90000D1
47.235291|214|Rx|d|2|0
47.242669|1b0|Rx|d|4|FF00FFC4
47.242669|657|Rx|d|2|C0CC
47.252662|4ac|Rx|d|5|83762A0080
47.252662|211|Rx|d|8|8200FFFFA90000D1
47.252662|45c|Rx|d|6|00000000FFE0
47.252662|214|Rx|d|2|0
47.252662|218|Rx|d|1|98
47.254663|4fa|Rx|d|2|800
47.254663|671|Rx|d|2|200
47.262655|1b0|Rx|d|4|FF00FFC4
47.272650|211|Rx|d|8|8200FFFFA90000D1
47.272650|214|Rx|d|2|0
47.280645|4f8|Rx|d|8|94C0000000000000
47.280645|1b0|Rx|d|4|FF00FFC4
47.292638|211|Rx|d|8|8200FFFFA90000D1
47.292638|214|Rx|d|2|0
47.300633|3b7|Rx|d|6|37007FC000C0
47.302631|350|Rx|d|8|C02F3AFA1870A489
47.302631|1b0|Rx|d|4|FF00FFC4
47.302631|4de|Rx|d|3|C00000
47.302631|55d|Rx|d|8|00FD50C091800000
47.312626|211|Rx|d|8|8200FFFFA90000D1
47.312626|214|Rx|d|2|0
47.322619|1b0|Rx|d|4|FF00FFC4
47.322619|5de|Rx|d|8|2
47.332613|5df|Rx|d|3|9500
47.332613|211|Rx|d|8|8200FFFFA90000D1
47.332613|214|Rx|d|2|0
47.342606|1b0|Rx|d|4|FF00FFC4
47.342606|657|Rx|d|2|C0CC
47.353499|4ac|Rx|d|5|83762A0080
47.353499|45c|Rx|d|6|00000000FFE0
47.353499|211|Rx|d|8|8200FFFFA90000D1
47.353499|214|Rx|d|2|0
47.353499|218|Rx|d|1|98
47.353499|4fa|Rx|d|2|800
47.353499|671|Rx|d|2|200
47.383911|1b0|Rx|d|4|FF00FFC4
47.383911|211|Rx|d|8|8200FFFFA90000D1
47.383911|214|Rx|d|2|0
47.383911|4f8|Rx|d|8|94C0000000000000
47.383911|1b0|Rx|d|4|FF00FFC4
47.413385|211|Rx|d|8|8200FFFFA90000D1
47.413385|214|Rx|d|2|0
47.413385|3b7|Rx|d|6|37007FC000C0
47.413385|350|Rx|d|8|C02F3AFA1870A489
47.413385|1b0|Rx|d|4|FF00FFC4
47.413385|4de|Rx|d|3|C00000
47.413385|55d|Rx|d|8|00FD50C091800000
47.413385|211|Rx|d|8|8200FFFFA90000D1
47.413385|214|Rx|d|2|0
47.442181|1b0|Rx|d|4|FF00FFC4
47.442181|5de|Rx|d|8|2
47.442181|5df|Rx|d|3|9500
47.442181|211|Rx|d|8|8200FFFFA90000D1
47.442181|214|Rx|d|2|0
47.442181|1b0|Rx|d|4|FF00FFC4
47.442181|657|Rx|d|2|C0CC
47.464132|4ac|Rx|d|5|83762A0080
47.464132|211|Rx|d|8|8200FFFFA90000D1
47.464132|45c|Rx|d|6|00000000FFE0
47.464132|214|Rx|d|2|0
47.464132|218|Rx|d|1|98
47.464132|4fa|Rx|d|2|800
47.464132|671|Rx|d|2|200
47.473526|1b0|Rx|d|4|FF00FFC4
47.473526|211|Rx|d|8|8200FFFFA90000D1
47.473526|214|Rx|d|2|0
47.493635|4f8|Rx|d|8|94C0000000000000
47.493635|1b0|Rx|d|4|FF00FFC4
47.493635|211|Rx|d|8|8200FFFFA90000D1
47.493635|214|Rx|d|2|0
47.508460|3b7|Rx|d|6|37007FC000C0
47.508460|350|Rx|d|8|C02F3AFA1870A489
47.508460|1b0|Rx|d|4|FF00FFC4
47.508460|4de|Rx|d|3|C00000
47.508460|55d|Rx|d|8|00FD50C091800000
47.524039|211|Rx|d|8|8200FFFFA90000D1
47.524039|214|Rx|d|2|0
47.524039|1b0|Rx|d|4|FF00FFC4
47.524039|5de|Rx|d|8|2
47.543551|5df|Rx|d|3|9500
47.543551|211|Rx|d|8|8200FFFFA90000D1
47.543551|214|Rx|d|2|0
47.543551|1b0|Rx|d|4|FF00FFC4
47.543551|657|Rx|d|2|C0CC
47.563749|4ac|Rx|d|5|83762A0080
47.563749|211|Rx|d|8|8200FFFFA90000D1
47.563749|45c|Rx|d|6|00000000FFE0
47.563749|214|Rx|d|2|0
47.563749|218|Rx|d|1|98
47.563749|4fa|Rx|d|2|800
47.563749|671|Rx|d|2|200
47.563749|1b0|Rx|d|4|FF00FFC4
47.583745|211|Rx|d|8|8200FFFFA90000D1
47.583745|214|Rx|d|2|0
47.583745|4f8|Rx|d|8|94C0000000000000
47.592846|1b0|Rx|d|4|FF00FFC4
47.598787|211|Rx|d|8|8200FFFFA90000D1
47.598787|214|Rx|d|2|0
47.603850|3b7|Rx|d|6|37007FC000C0
47.603850|350|Rx|d|8|C02F3AFA1870A489
47.603850|1b0|Rx|d|4|FF00FFC4
47.603850|4de|Rx|d|3|C00000
47.603850|55d|Rx|d|8|00FD50C091800000
47.623448|646|Rx|d|8|000000020000000C
47.623448|211|Rx|d|8|8200FFFFA90000D1
47.623448|214|Rx|d|2|0
47.623448|1b0|Rx|d|4|FF00FFC4
47.623448|5de|Rx|d|8|2
47.642333|5df|Rx|d|3|9500
47.642333|211|Rx|d|8|8200FFFFA90000D1
47.642333|214|Rx|d|2|0
47.642333|1b0|Rx|d|4|FF00FFC4
47.642333|657|Rx|d|2|C0CC
47.663900|4ac|Rx|d|5|83762A0080
47.663900|211|Rx|d|8|8200FFFFA90000D1
47.663900|45c|Rx|d|6|00000000FFE0
47.663900|214|Rx|d|2|0
47.663900|218|Rx|d|1|98
47.663900|4fa|Rx|d|2|800
47.663900|671|Rx|d|2|200
47.663900|1b0|Rx|d|4|FF00FFC4
47.694259|211|Rx|d|8|8200FFFFA90000D1
47.694259|214|Rx|d|2|0
47.694259|4f8|Rx|d|8|94C0000000000000
47.694259|1b0|Rx|d|4|FF00FFC4
47.694259|211|Rx|d|8|8200FFFFA90000D1
47.694259|214|Rx|d|2|0
47.714114|3b7|Rx|d|6|37007FC000C0
47.714114|350|Rx|d|8|C02F3AFA1870A489
47.714114|1b0|Rx|d|4|FF00FFC4
47.714114|4de|Rx|d|3|C00000
47.714114|55d|Rx|d|8|00FD50C091800000
47.714114|211|Rx|d|8|8200FFFFA90000D1
47.714114|214|Rx|d|2|0
47.725347|1b0|Rx|d|4|FF00FFC4
47.725347|5de|Rx|d|8|2
47.734145|5df|Rx|d|3|9500
47.734145|211|Rx|d|8|8200FFFFA90000D1
47.734145|214|Rx|d|2|0
47.742140|1b0|Rx|d|4|FF00FFC4
47.742140|657|Rx|d|2|C0CC
47.742140|69f|Rx|d|4|0650859F
47.754134|4ac|Rx|d|5|83762A0080
47.754134|211|Rx|d|8|8200FFFFA90000D1
47.754134|45c|Rx|d|6|00000000FFE0
47.754134|214|Rx|d|2|0
47.754134|218|Rx|d|1|98
47.754134|4fa|Rx|d|2|800
47.754134|671|Rx|d|2|200
47.762128|1b0|Rx|d|4|FF00FFC4
47.774121|211|Rx|d|8|8200FFFFA90000D1
47.774121|214|Rx|d|2|0
47.782116|4f8|Rx|d|8|94C0000000000000
47.782116|1b0|Rx|d|4|FF00FFC4
47.794109|211|Rx|d|8|8200FFFFA90000D1
47.794109|214|Rx|d|2|0
47.802104|3b7|Rx|d|6|37007FC000C0
47.804103|350|Rx|d|8|C02F3AFA1870A489
47.804103|1b0|Rx|d|4|FF00FFC4
47.804103|4de|Rx|d|3|C00000
47.804103|55d|Rx|d|8|00FD50C091800000
47.814097|211|Rx|d|8|8200FFFFA90000D1
47.814097|214|Rx|d|2|0
47.824093|1b0|Rx|d|4|FF00FFC4
47.824093|5de|Rx|d|8|2
47.834084|5df|Rx|d|3|9500
47.834084|211|Rx|d|8|8200FFFFA90000D1
47.834084|214|Rx|d|2|0
47.842079|1b0|Rx|d|4|FF00FFC4
47.842079|657|Rx|d|2|C0CC
47.853594|4ac|Rx|d|5|83762A0080
47.853594|45c|Rx|d|6|00000000FFE0
47.853594|211|Rx|d|8|8200FFFFA90000D1
47.853594|214|Rx|d|2|0
47.853594|218|Rx|d|1|98
47.853594|4fa|Rx|d|2|800
47.853594|671|Rx|d|2|200
47.868793|1b0|Rx|d|4|FF00FFC4
47.884316|211|Rx|d|8|8200FFFFA90000D1
47.884316|214|Rx|d|2|0
47.884316|4f8|Rx|d|8|94C0000000000000
47.884316|1b0|Rx|d|4|FF00FFC4
47.902984|211|Rx|d|8|8200FFFFA90000D1
47.902984|214|Rx|d|2|0
47.902984|3b7|Rx|d|6|37007FC000C0
47.902984|350|Rx|d|8|C02F3AFA1870A489
47.902984|1b0|Rx|d|4|FF00FFC4
47.902984|4de|Rx|d|3|C00000
47.902984|55d|Rx|d|8|00FD50C091800000
47.918638|211|Rx|d|8|8200FFFFA90000D1
47.918638|214|Rx|d|2|0
47.928700|1b0|Rx|d|4|FF00FFC4
47.928700|5de|Rx|d|8|2
47.938705|5df|Rx|d|3|9500
47.938705|211|Rx|d|8|8200FFFFA90000D1
47.938705|214|Rx|d|2|0
47.943695|1b0|Rx|d|4|FF00FFC4
47.943695|657|Rx|d|2|C0CC
47.963806|4ac|Rx|d|5|83762A0080
47.963806|45c|Rx|d|6|00000000FFE0
47.963806|211|Rx|d|8|8200FFFFA90000D1
47.963806|214|Rx|d|2|0
47.963806|218|Rx|d|1|98
47.963806|4fa|Rx|d|2|800
47.963806|671|Rx|d|2|200
47.968812|1b0|Rx|d|4|FF00FFC4
47.978450|211|Rx|d|8|8200FFFFA90000D1
47.978450|214|Rx|d|2|0
47.983842|4f8|Rx|d|8|94C0000000000000
47.983842|1b0|Rx|d|4|FF00FFC4
47.998800|211|Rx|d|8|8200FFFFA90000D1
47.998800|214|Rx|d|2|0
47.998800|3b7|Rx|d|6|37007FC000C0
48.013552|350|Rx|d|8|C02F3AFA1870A489
48.013552|1b0|Rx|d|4|FF00FFC4
48.013552|4de|Rx|d|3|C00000
48.013552|55d|Rx|d|8|00FD50C091800000
48.013552|211|Rx|d|8|8200FFFFA90000D1
48.013552|214|Rx|d|2|0
48.028670|1b0|Rx|d|4|FF00FFC4
48.028670|5de|Rx|d|8|2
48.048723|5df|Rx|d|3|9500
48.048723|211|Rx|d|8|8200FFFFA90000D1
48.048723|214|Rx|d|2|0
48.048723|1b0|Rx|d|4|FF00FFC4
48.048723|657|Rx|d|2|C0CC
48.062744|4ac|Rx|d|5|83762A0080
48.062744|45c|Rx|d|6|00000000FFE0
48.062744|211|Rx|d|8|8200FFFFA90000D1
48.062744|214|Rx|d|2|0
48.062744|218|Rx|d|1|98
48.062744|4fa|Rx|d|2|800
48.062744|671|Rx|d|2|200
48.062744|1b0|Rx|d|4|FF00FFC4
48.083615|211|Rx|d|8|8200FFFFA90000D1
48.083615|214|Rx|d|2|0
48.083615|4f8|Rx|d|8|94C0000000000000
48.083615|1b0|Rx|d|4|FF00FFC4
48.104244|6fb|Rx|d|8|0F01A454FF0000FF
48.104244|211|Rx|d|8|8200FFFFA90000D1
48.104244|214|Rx|d|2|0
48.104244|3b7|Rx|d|6|37007FC000C0
48.104244|350|Rx|d|8|C02F3AFA1870A489
48.104244|1b0|Rx|d|4|FF00FFC4
48.104244|4de|Rx|d|3|C00000
48.104244|55d|Rx|d|8|00FD50C091800000
48.123623|646|Rx|d|8|000000020000000C
48.123623|211|Rx|d|8|8200FFFFA90000D1
48.123623|214|Rx|d|2|0
48.123623|5ce|Rx|d|3|FEFF00
48.123623|1b0|Rx|d|4|FF00FFC4
48.123623|5de|Rx|d|8|2
48.142675|5df|Rx|d|3|9500
48.142675|211|Rx|d|8|8200FFFFA90000D1
48.142675|214|Rx|d|2|0
48.142675|1b0|Rx|d|4|FF00FFC4
48.142675|657|Rx|d|2|C0CC
48.163654|4ac|Rx|d|5|83752A0080
48.163654|45c|Rx|d|6|00000000FFE0
48.163654|211|Rx|d|8|8200FFFFA90000D1
48.163654|214|Rx|d|2|0
48.163654|218|Rx|d|1|98
48.163654|4fa|Rx|d|2|800
48.163654|671|Rx|d|2|200
48.163654|1b0|Rx|d|4|FF00FFC4
48.183580|211|Rx|d|8|8200FFFFA90000D1
48.183580|214|Rx|d|2|0
48.183580|4f8|Rx|d|8|94C0000000000000
48.183580|1b0|Rx|d|4|FF00FFC4
48.213684|211|Rx|d|8|8200FFFFA90000D1
48.213684|214|Rx|d|2|0
48.213684|3b7|Rx|d|6|37007FC000C0
48.213684|350|Rx|d|8|C02F3AFA1870A489
48.213684|1b0|Rx|d|4|FF00FFC4
48.213684|4de|Rx|d|3|C00000
48.213684|55d|Rx|d|8|00FD50C091800000
48.223899|211|Rx|d|8|8200FFFFA90000D1
48.223899|214|Rx|d|2|0
48.223899|1b0|Rx|d|4|FF00FFC4
48.223899|5de|Rx|d|8|2
48.254108|5df|Rx|d|3|9500
48.254108|211|Rx|d|8|8200FFFFA90000D1
48.254108|214|Rx|d|2|0
48.254108|1b0|Rx|d|4|FF00FFC4
48.254108|657|Rx|d|2|C0CC
48.254108|4ac|Rx|d|5|83762A0080
48.254108|45c|Rx|d|6|00000000FFE0
48.254108|211|Rx|d|8|8200FFFFA90000D1
48.254108|214|Rx|d|2|0
48.254108|218|Rx|d|1|98
48.254108|4fa|Rx|d|2|800
48.254108|671|Rx|d|2|200
48.273055|1b0|Rx|d|4|FF00FFC4
48.273055|211|Rx|d|8|8200FFFFA90000D1
48.273055|214|Rx|d|2|0
48.303548|4f8|Rx|d|8|94C0000000000000
48.303548|1b0|Rx|d|4|FF00FFC4
48.303548|211|Rx|d|8|8200FFFFA90000D1
48.303548|214|Rx|d|2|0
48.303548|3b7|Rx|d|6|37007FC000C0
48.303548|350|Rx|d|8|C02F3AFA1870A489
48.303548|1b0|Rx|d|4|FF00FFC4
48.303548|4de|Rx|d|3|C00000
48.303548|55d|Rx|d|8|00FD50C091800000
48.323762|211|Rx|d|8|8200FFFFA90000D1
48.323762|214|Rx|d|2|0
48.323762|1b0|Rx|d|4|FF00FFC4
48.323762|5de|Rx|d|8|2
48.353677|5df|Rx|d|3|9500
48.353677|211|Rx|d|8|8200FFFFA90000D1
48.353677|214|Rx|d|2|0
48.353677|1b0|Rx|d|4|FF00FFC4
48.353677|657|Rx|d|2|C0CC
48.353677|4ac|Rx|d|5|83762A0080
48.353677|45c|Rx|d|6|00000000FFE0
48.353677|211|Rx|d|8|8200FFFFA90000D1
48.353677|214|Rx|d|2|0
48.353677|218|Rx|d|1|98
48.353677|4fa|Rx|d|2|800
48.353677|671|Rx|d|2|200
48.373665|1b0|Rx|d|4|FF00FFC4
48.373665|211|Rx|d|8|8200FFFFA90000D1
48.373665|214|Rx|d|2|0
48.394393|4f8|Rx|d|8|94C0000000000000
48.394393|1b0|Rx|d|4|FF00FFC4
48.394393|211|Rx|d|8|8200FFFFA90000D1
48.394393|214|Rx|d|2|0
48.424021|3b7|Rx|d|6|37007FC000C0
48.424021|350|Rx|d|8|C02F3AFA1870A489
48.424021|1b0|Rx|d|4|FF00FFC4
48.424021|4de|Rx|d|3|C00000
48.424021|55d|Rx|d|8|00FD50C091800000
48.424021|211|Rx|d|8|8200FFFFA90000D1
48.424021|214|Rx|d|2|0
48.424021|1b0|Rx|d|4|FF00FFC4
48.424021|5de|Rx|d|8|2
48.442897|5df|Rx|d|3|9500
48.442897|211|Rx|d|8|8200FFFFA90000D1
48.442897|214|Rx|d|2|0
48.453574|1b0|Rx|d|4|FF00FFC4
48.453574|657|Rx|d|2|C0CC
48.462656|4ac|Rx|d|5|83762A0080
48.462656|45c|Rx|d|6|00000000FFE0
48.462656|211|Rx|d|8|8200FFFFA90000D1
48.462656|214|Rx|d|2|0
48.462656|218|Rx|d|1|98
48.462656|4fa|Rx|d|2|800
48.462656|671|Rx|d|2|200
48.462656|1b0|Rx|d|4|FF00FFC4
48.494064|211|Rx|d|8|8200FFFFA90000D1
48.494064|214|Rx|d|2|0
48.494064|4f8|Rx|d|8|94C0000000000000
48.494064|1b0|Rx|d|4|FF00FFC4
48.494064|211|Rx|d|8|8200FFFFA90000D1
48.494064|214|Rx|d|2|0
48.508593|3b7|Rx|d|6|37007FC000C0
48.508593|350|Rx|d|8|C02F3AFA1870A489
48.508593|1b0|Rx|d|4|FF00FFC4
48.508593|4de|Rx|d|3|C00000
48.508593|55d|Rx|d|8|00FD50C091800000
48.513589|211|Rx|d|8|8200FFFFA90000D1
48.513589|214|Rx|d|2|0
48.521622|1b0|Rx|d|4|FF00FFC4
48.521622|5de|Rx|d|8|2
48.531615|5df|Rx|d|3|9500
48.531615|211|Rx|d|8|8200FFFFA90000D1
48.531615|214|Rx|d|2|0
48.541609|1b0|Rx|d|4|FF00FFC4
48.541609|657|Rx|d|2|C0CC
48.551602|4ac|Rx|d|5|83762A0080
48.551602|45c|Rx|d|6|00000000FFE0
48.551602|211|Rx|d|8|8200FFFFA90000D1
48.551602|214|Rx|d|2|0
48.551602|218|Rx|d|1|98
48.551602|4fa|Rx|d|2|800
48.551602|671|Rx|d|2|200
48.561597|1b0|Rx|d|4|FF00FFC4
48.573589|211|Rx|d|8|8200FFFFA90000D1
48.573589|214|Rx|d|2|0
48.581585|4f8|Rx|d|8|94C0000000000000
48.581585|1b0|Rx|d|4|FF00FFC4
48.593578|211|Rx|d|8|8200FFFFA90000D1
48.593578|214|Rx|d|2|0
48.601572|3b7|Rx|d|6|37007FC000C0
48.601572|350|Rx|d|8|C02F3AFA1870A489
48.601572|1b0|Rx|d|4|FF00FFC4
48.601572|4de|Rx|d|3|C00000
48.601572|55d|Rx|d|8|00FD50C091800000
48.611568|646|Rx|d|8|000000020000000C
48.611568|211|Rx|d|8|8200FFFFA90000D1
48.611568|214|Rx|d|2|0
48.621560|1b0|Rx|d|4|FF00FFC4
48.621560|5de|Rx|d|8|2
48.631553|5df|Rx|d|3|9500
48.633553|211|Rx|d|8|8200FFFFA90000D1
48.633553|214|Rx|d|2|0
48.653735|1b0|Rx|d|4|FF00FFC4
48.653735|657|Rx|d|2|C0CC
48.655524|4ac|Rx|d|5|83752A0080
48.655524|45c|Rx|d|6|00000000FFE0
48.655524|211|Rx|d|8|8200FFFFA90000D1
48.655524|214|Rx|d|2|0
48.655524|218|Rx|d|1|98
48.655524|4fa|Rx|d|2|800
48.655524|671|Rx|d|2|200
48.668713|1b0|Rx|d|4|FF00FFC4
48.683873|211|Rx|d|8|8200FFFFA90000D1
48.683873|214|Rx|d|2|0
48.683873|4f8|Rx|d|8|94C0000000000000
48.683873|1b0|Rx|d|4|FF00FFC4
48.708820|211|Rx|d|8|8200FFFFA90000D1
48.708820|214|Rx|d|2|0
48.708820|3b7|Rx|d|6|37007FC000C0
48.708820|350|Rx|d|8|C02F3AFA1870A489
48.708820|1b0|Rx|d|4|FF00FFC4
48.708820|4de|Rx|d|3|C00000
48.708820|55d|Rx|d|8|00FD50C091800000
48.719061|211|Rx|d|8|8200FFFFA90000D1
48.719061|214|Rx|d|2|0
48.728785|1b0|Rx|d|4|FF00FFC4
48.728785|5de|Rx|d|8|2
48.743515|5df|Rx|d|3|9500
48.743515|211|Rx|d|8|8200FFFFA90000D1
48.743515|214|Rx|d|2|0
48.743515|1b0|Rx|d|4|FF00FFC4
48.743515|657|Rx|d|2|C0CC
48.743515|69f|Rx|d|4|0650859F
48.765294|4ac|Rx|d|5|83762A0080
48.765294|45c|Rx|d|6|00000000FFE0
48.765294|211|Rx|d|8|8200FFFFA90000D1
48.765294|214|Rx|d|2|0
48.765294|218|Rx|d|1|98
48.765294|4fa|Rx|d|2|800
48.765294|671|Rx|d|2|200
48.765294|1b0|Rx|d|4|FF00FFC4
48.773462|211|Rx|d|8|8200FFFFA90000D1
48.773462|214|Rx|d|2|0
48.781457|4f8|Rx|d|8|94C0000000000000
48.781457|1b0|Rx|d|4|FF00FFC4
48.793450|211|Rx|d|8|8200FFFFA90000D1
48.793450|214|Rx|d|2|0
48.801446|3b7|Rx|d|6|37007FC000C0
48.801446|350|Rx|d|8|C02F3AFA1870A489
48.801446|1b0|Rx|d|4|FF00FFC4
48.801446|4de|Rx|d|3|C00000
48.801446|55d|Rx|d|8|00FD50C091800000
48.813438|211|Rx|d|8|8200FFFFA90000D1
48.813438|214|Rx|d|2|0
48.821432|1b0|Rx|d|4|FF00FFC4
48.821432|5de|Rx|d|8|2
48.831426|5df|Rx|d|3|9500
48.831426|211|Rx|d|8|8200FFFFA90000D1
48.831426|214|Rx|d|2|0
48.841420|1b0|Rx|d|4|FF00FFC4
48.841420|657|Rx|d|2|C0CC
48.851414|4ac|Rx|d|5|83762A0080
48.851414|45c|Rx|d|6|00000000FFE0
48.853413|211|Rx|d|8|8200FFFFA90000D1
48.853413|214|Rx|d|2|0
48.853413|218|Rx|d|1|98
48.853413|4fa|Rx|d|2|800
48.853413|671|Rx|d|2|200
48.861408|1b0|Rx|d|4|FF00FFC4
48.873403|211|Rx|d|8|8200FFFFA90000D1
48.873403|214|Rx|d|2|0
48.881395|4f8|Rx|d|8|94C0000000000000
48.881395|1b0|Rx|d|4|FF00FFC4
48.903781|211|Rx|d|8|8200FFFFA90000D1
48.903781|214|Rx|d|2|0
48.903781|3b7|Rx|d|6|37007FC000C0
48.903781|350|Rx|d|8|C02F3AFA1870A489
48.903781|1b0|Rx|d|4|FF00FFC4
48.903781|4de|Rx|d|3|C00000
48.903781|55d|Rx|d|8|00FD50C091800000
48.928758|211|Rx|d|8|8200FFFFA90000D1
48.928758|214|Rx|d|2|0
48.928758|1b0|Rx|d|4|FF00FFC4
48.928758|5de|Rx|d|8|2
48.933834|5df|Rx|d|3|9500
48.938662|211|Rx|d|8|8200FFFFA90000D1
48.938662|214|Rx|d|2|0
48.953595|1b0|Rx|d|4|FF00FFC4
48.953595|657|Rx|d|2|C0CC
48.958420|4ac|Rx|d|5|83752A0080
48.958420|45c|Rx|d|6|00000000FFE0
48.958420|211|Rx|d|8|8200FFFFA90000D1
48.958420|214|Rx|d|2|0
48.958420|218|Rx|d|1|98
48.958420|4fa|Rx|d|2|800
48.958420|671|Rx|d|2|200
48.973993|1b0|Rx|d|4|FF00FFC4
48.984129|211|Rx|d|8|8200FFFFA90000D1
48.984129|214|Rx|d|2|0
48.984129|4f8|Rx|d|8|94C0000000000000
48.984129|1b0|Rx|d|4|FF00FFC4
49.013407|211|Rx|d|8|8200FFFFA90000D1
49.013407|214|Rx|d|2|0
49.013407|3b7|Rx|d|6|37007FC000C0
49.013407|350|Rx|d|8|C02F3AFA1870A489
49.013407|1b0|Rx|d|4|FF00FFC4
49.013407|4de|Rx|d|3|C00000
49.013407|55d|Rx|d|8|00FD50C091800000
49.013407|211|Rx|d|8|8200FFFFA90000D1
49.013407|214|Rx|d|2|0
49.033609|1b0|Rx|d|4|FF00FFC4
49.033609|5de|Rx|d|8|2
49.043556|5df|Rx|d|3|9500
49.043556|211|Rx|d|8|8200FFFFA90000D1
49.043556|214|Rx|d|2|0
49.043556|1b0|Rx|d|4|FF00FFC4
49.043556|657|Rx|d|2|C0CC
49.073472|4ac|Rx|d|5|83752A0080
49.073472|45c|Rx|d|6|00000000FFE0
49.073472|211|Rx|d|8|8200FFFFA90000D1
49.073472|214|Rx|d|2|0
49.073472|218|Rx|d|1|98
49.073472|4fa|Rx|d|2|800
49.073472|671|Rx|d|2|200
49.073472|1b0|Rx|d|4|FF00FFC4
49.073472|211|Rx|d|8|8200FFFFA90000D1
49.073472|214|Rx|d|2|0
49.098421|4f8|Rx|d|8|94C0000000000000
49.098421|1b0|Rx|d|4|FF00FFC4
49.098421|211|Rx|d|8|8200FFFFA90000D1
49.098421|214|Rx|d|2|0
49.098421|3b7|Rx|d|6|37007FC000C0
49.123901|350|Rx|d|8|C02F3AFA1870A489
49.123901|1b0|Rx|d|4|FF00FFC4
49.123901|4de|Rx|d|3|C00000
49.123901|55d|Rx|d|8|00FD50C091800000
49.123901|646|Rx|d|8|000000020000000C
49.123901|211|Rx|d|8|8200FFFFA90000D1
49.123901|214|Rx|d|2|0
49.123901|1b0|Rx|d|4|FF00FFC4
49.123901|5de|Rx|d|8|2
49.139532|5df|Rx|d|3|9500
49.139532|211|Rx|d|8|8200FFFFA90000D1
49.139532|214|Rx|d|2|0
49.139532|1b0|Rx|d|4|FF00FFC4
49.139532|657|Rx|d|2|C0CC
49.163667|4ac|Rx|d|5|83762A0080
49.163667|45c|Rx|d|6|00000000FFE0
49.163667|211|Rx|d|8|8200FFFFA90000D1
49.163667|214|Rx|d|2|0
49.163667|218|Rx|d|1|98
49.163667|4fa|Rx|d|2|800
49.163667|671|Rx|d|2|200
49.163667|1b0|Rx|d|4|FF00FFC4
49.183916|211|Rx|d|8|8200FFFFA90000D1
49.183916|214|Rx|d|2|0
49.183916|4f8|Rx|d|8|94C0000000000000
49.183916|1b0|Rx|d|4|FF00FFC4
49.213661|211|Rx|d|8|8200FFFFA90000D1
49.213661|214|Rx|d|2|0
49.213661|3b7|Rx|d|6|37007FC000C0
49.213661|350|Rx|d|8|C02F3AFA1870A489
49.213661|1b0|Rx|d|4|FF00FFC4
49.213661|4de|Rx|d|3|C00000
49.213661|55d|Rx|d|8|00FD50C091800000
49.213661|211|Rx|d|8|8200FFFFA90000D1
49.213661|214|Rx|d|2|0
49.234236|1b0|Rx|d|4|FF00FFC4
49.234236|5de|Rx|d|8|2
49.234236|5df|Rx|d|3|9500
49.234236|211|Rx|d|8|8200FFFFA90000D1
49.234236|214|Rx|d|2|0
49.248278|1b0|Rx|d|4|FF00FFC4
49.248278|657|Rx|d|2|C0CC
49.256059|4ac|Rx|d|5|83752A0080
49.256059|45c|Rx|d|6|00000000FFE0
49.256059|211|Rx|d|8|8200FFFFA90000D1
49.256059|214|Rx|d|2|0
49.256059|218|Rx|d|1|98
49.256059|4fa|Rx|d|2|800
49.256059|671|Rx|d|2|200
49.273496|1b0|Rx|d|4|FF00FFC4
49.273496|211|Rx|d|8|8200FFFFA90000D1
49.273496|214|Rx|d|2|0
49.294202|4f8|Rx|d|8|94C0000000000000
49.294202|1b0|Rx|d|4|FF00FFC4
49.294202|211|Rx|d|8|8200FFFFA90000D1
49.294202|214|Rx|d|2|0
49.314122|3b7|Rx|d|6|37007FC000C0
49.314122|350|Rx|d|8|C02F3AFA1870A489
49.314122|1b0|Rx|d|4|FF00FFC4
49.314122|4de|Rx|d|3|C00000
49.314122|55d|Rx|d|8|00FD50C091800000
49.314122|211|Rx|d|8|8200FFFFA90000D1
49.314122|214|Rx|d|2|0
49.338687|1b0|Rx|d|4|FF00FFC4
49.338687|5de|Rx|d|8|2
49.338687|5df|Rx|d|3|9500
49.338687|211|Rx|d|8|8200FFFFA90000D1
49.338687|214|Rx|d|2|0
49.353748|1b0|Rx|d|4|FF00FFC4
49.353748|657|Rx|d|2|C0CC
49.353748|4ac|Rx|d|5|83762A0080
49.353748|45c|Rx|d|6|00000000FFE0
49.353748|211|Rx|d|8|8200FFFFA90000D1
49.353748|214|Rx|d|2|0
49.353748|218|Rx|d|1|98
49.353748|4fa|Rx|d|2|800
49.353748|671|Rx|d|2|200
49.373878|1b0|Rx|d|4|FF00FFC4
49.373878|211|Rx|d|8|8200FFFFA90000D1
49.373878|214|Rx|d|2|0
49.385725|4f8|Rx|d|8|94C0000000000000
49.385725|1b0|Rx|d|4|FF00FFC4
49.404053|211|Rx|d|8|8200FFFFA90000D1
49.404053|214|Rx|d|2|0
49.404053|3b7|Rx|d|6|37007FC000C0
49.404053|350|Rx|d|8|C02F3AFA1870A489
49.404053|1b0|Rx|d|4|FF00FFC4
49.404053|4de|Rx|d|3|C00000
49.404053|55d|Rx|d|8|00FD50C091800000
49.433650|211|Rx|d|8|8200FFFFA90000D1
49.433650|214|Rx|d|2|0
49.433650|1b0|Rx|d|4|FF00FFC4
49.433650|5de|Rx|d|8|2
49.443865|5df|Rx|d|3|9500
49.443865|211|Rx|d|8|8200FFFFA90000D1
49.443865|214|Rx|d|2|0
49.453564|1b0|Rx|d|4|FF00FFC4
49.453564|657|Rx|d|2|C0CC
49.453564|4ac|Rx|d|5|83762A0080
49.453564|45c|Rx|d|6|00000000FFE0
49.453564|211|Rx|d|8|8200FFFFA90000D1
49.453564|214|Rx|d|2|0
49.453564|218|Rx|d|1|98
49.453564|4fa|Rx|d|2|800
49.453564|671|Rx|d|2|200
49.483927|1b0|Rx|d|4|FF00FFC4
49.483927|211|Rx|d|8|8200FFFFA90000D1
49.483927|214|Rx|d|2|0
49.483927|4f8|Rx|d|8|94C0000000000000
49.483927|1b0|Rx|d|4|FF00FFC4
49.508546|211|Rx|d|8|8200FFFFA90000D1
49.508546|214|Rx|d|2|0
49.508546|3b7|Rx|d|6|37007FC000C0
49.508546|350|Rx|d|8|C02F3AFA1870A489
49.508546|1b0|Rx|d|4|FF00FFC4
49.508546|4de|Rx|d|3|C00000
49.508546|55d|Rx|d|8|00FD50C091800000
49.523672|211|Rx|d|8|8200FFFFA90000D1
49.523672|214|Rx|d|2|0
49.528508|1b0|Rx|d|4|FF00FFC4
49.528508|5de|Rx|d|8|2
49.543463|5df|Rx|d|3|9500
49.543463|211|Rx|d|8|8200FFFFA90000D1
49.543463|214|Rx|d|2|0
49.548621|1b0|Rx|d|4|FF00FFC4
49.548621|657|Rx|d|2|C0CC
49.558435|4ac|Rx|d|5|83762A0080
49.558435|45c|Rx|d|6|00000000FFE0
49.558435|211|Rx|d|8|8200FFFFA90000D1
49.558435|214|Rx|d|2|0
49.558435|218|Rx|d|1|98
49.558435|4fa|Rx|d|2|800
49.558435|671|Rx|d|2|200
49.574059|1b0|Rx|d|4|FF00FFC4
49.574059|211|Rx|d|8|8200FFFFA90000D1
49.574059|214|Rx|d|2|0
49.603731|4f8|Rx|d|8|94C0000000000000
49.603731|1b0|Rx|d|4|FF00FFC4
49.603731|211|Rx|d|8|8200FFFFA90000D1
49.603731|214|Rx|d|2|0
49.603731|3b7|Rx|d|6|37007FC000C0
49.603731|350|Rx|d|8|C02F3AFA1870A489
49.603731|1b0|Rx|d|4|FF00FFC4
49.603731|4de|Rx|d|3|C00000
49.603731|55d|Rx|d|8|00FD50C091800000
49.628470|646|Rx|d|8|000000020000000C
49.628470|211|Rx|d|8|8200FFFFA90000D1
49.628470|214|Rx|d|2|0
49.628470|1b0|Rx|d|4|FF00FFC4
49.628470|5de|Rx|d|8|2
49.643507|5df|Rx|d|3|9500
49.643507|211|Rx|d|8|8200FFFFA90000D1
49.643507|214|Rx|d|2|0
49.643507|1b0|Rx|d|4|FF00FFC4
49.643507|657|Rx|d|2|C0CC
49.663715|4ac|Rx|d|5|83752A0080
49.663715|45c|Rx|d|6|00000000FFE0
49.663715|211|Rx|d|8|8200FFFFA90000D1
49.663715|214|Rx|d|2|0
49.663715|218|Rx|d|1|98
49.663715|4fa|Rx|d|2|800
49.663715|671|Rx|d|2|200
49.663715|1b0|Rx|d|4|FF00FFC4
49.692574|211|Rx|d|8|8200FFFFA90000D1
49.692574|214|Rx|d|2|0
49.692574|4f8|Rx|d|8|94C0000000000000
49.692574|1b0|Rx|d|4|FF00FFC4
49.692574|211|Rx|d|8|8200FFFFA90000D1
49.692574|214|Rx|d|2|0
49.718689|3b7|Rx|d|6|37007FC000C0
49.718689|350|Rx|d|8|C02F3AFA1870A489
49.718689|1b0|Rx|d|4|FF00FFC4
49.718689|4de|Rx|d|3|C00000
49.718689|55d|Rx|d|8|00FD50C091800000
49.718689|211|Rx|d|8|8200FFFFA90000D1
49.718689|214|Rx|d|2|0
49.733971|1b0|Rx|d|4|FF00FFC4
49.733971|5de|Rx|d|8|2
49.733971|5df|Rx|d|3|9500
49.733971|211|Rx|d|8|8200FFFFA90000D1
49.733971|214|Rx|d|2|0
49.764006|1b0|Rx|d|4|FF00FFC4
49.764006|657|Rx|d|2|C0CC
49.764006|69f|Rx|d|4|0650859F
49.764006|4ac|Rx|d|5|83752A0080
49.764006|45c|Rx|d|6|00000000FFE0
49.764006|211|Rx|d|8|8200FFFFA90000D1
49.764006|214|Rx|d|2|0
49.764006|218|Rx|d|1|98
49.764006|4fa|Rx|d|2|800
49.764006|671|Rx|d|2|200
49.764006|1b0|Rx|d|4|FF00FFC4
49.778550|211|Rx|d|8|8200FFFFA90000D1
49.778550|214|Rx|d|2|0
49.778550|4f8|Rx|d|8|94C0000000000000
49.793593|1b0|Rx|d|4|FF00FFC4
49.793593|211|Rx|d|8|8200FFFFA90000D1
49.793593|214|Rx|d|2|0
49.813925|3b7|Rx|d|6|37007FC000C0
49.813925|350|Rx|d|8|C02F3AFA1870A489
49.813925|1b0|Rx|d|4|FF00FFC4
49.813925|4de|Rx|d|3|C00000
49.813925|55d|Rx|d|8|00FD50C091800000
49.823887|211|Rx|d|8|8200FFFFA90000D1
49.823887|214|Rx|d|2|0
49.823887|1b0|Rx|d|4|FF00FFC4
49.823887|5de|Rx|d|8|2
49.848777|5df|Rx|d|3|9500
49.848777|211|Rx|d|8|8200FFFFA90000D1
49.848777|214|Rx|d|2|0
49.848777|1b0|Rx|d|4|FF00FFC4
49.848777|657|Rx|d|2|C0CC
49.858739|4ac|Rx|d|5|83752A0080
49.858739|45c|Rx|d|6|00000000FFE0
49.858739|211|Rx|d|8|8200FFFFA90000D1
49.858739|214|Rx|d|2|0
49.858739|218|Rx|d|1|98
49.858739|4fa|Rx|d|2|800
49.858739|671|Rx|d|2|200
49.863836|1b0|Rx|d|4|FF00FFC4
49.883725|211|Rx|d|8|8200FFFFA90000D1
49.883725|214|Rx|d|2|0
49.885724|4f8|Rx|d|8|94C0000000000000
49.885724|1b0|Rx|d|4|FF00FFC4
49.903758|211|Rx|d|8|8200FFFFA90000D1
49.903758|214|Rx|d|2|0
49.908688|3b7|Rx|d|6|37007FC000C0
49.908688|350|Rx|d|8|C02F3AFA1870A489
49.908688|1b0|Rx|d|4|FF00FFC4
49.908688|4de|Rx|d|3|C00000
49.908688|55d|Rx|d|8|00FD50C091800000
49.918742|211|Rx|d|8|8200FFFFA90000D1
49.918742|214|Rx|d|2|0
49.928827|1b0|Rx|d|4|FF00FFC4
49.928827|5de|Rx|d|8|2
49.938378|5df|Rx|d|3|9500
49.943434|211|Rx|d|8|8200FFFFA90000D1
49.943434|214|Rx|d|2|0
49.943434|1b0|Rx|d|4|FF00FFC4
49.943434|657|Rx|d|2|C0CC
49.958557|4ac|Rx|d|5|83762A0080
49.958557|45c|Rx|d|6|00000000FFE0
49.958557|211|Rx|d|8|8200FFFFA90000D1
49.958557|214|Rx|d|2|0
49.958557|218|Rx|d|1|98
49.958557|4fa|Rx|d|2|800
49.958557|671|Rx|d|2|200
49.968502|1b0|Rx|d|4|FF00FFC4
49.978453|211|Rx|d|8|8200FFFFA90000D1
49.978453|214|Rx|d|2|0
49.983526|4f8|Rx|d|8|94C0000000000000
49.988832|1b0|Rx|d|4|FF00FFC4
49.998813|211|Rx|d|8|8200FFFFA90000D1
49.998813|214|Rx|d|2|0
49.998813|3b7|Rx|d|6|37007FC000C0
50.013152|350|Rx|d|8|C02F3AFA1870A489
50.013152|1b0|Rx|d|4|FF00FFC4
50.013152|4de|Rx|d|3|C00000
50.013152|55d|Rx|d|8|00FD50C091800000
50.013152|211|Rx|d|8|8200FFFFA90000D1
50.013152|214|Rx|d|2|0
50.028420|1b0|Rx|d|4|FF00FFC4
50.028420|5de|Rx|d|8|2
50.038401|5df|Rx|d|3|9500
50.038401|211|Rx|d|8|8200FFFFA90000D1
50.038401|214|Rx|d|2|0
50.046466|1b0|Rx|d|4|FF00FFC4
50.046466|657|Rx|d|2|C0CC
50.056518|4ac|Rx|d|5|83762A0080
50.056518|45c|Rx|d|6|00000000FFE0
50.056518|211|Rx|d|8|8200FFFFA90000D1
50.056518|214|Rx|d|2|0
50.056518|218|Rx|d|1|98
50.056518|4fa|Rx|d|2|800
50.056518|671|Rx|d|2|200
50.066527|1b0|Rx|d|4|FF00FFC4
50.083625|211|Rx|d|8|8200FFFFA90000D1
50.083625|214|Rx|d|2|0
50.086553|4f8|Rx|d|8|94C0000000000000
50.086553|1b0|Rx|d|4|FF00FFC4
50.096527|211|Rx|d|8|8200FFFFA90000D1
50.096527|214|Rx|d|2|0
50.113957|3b7|Rx|d|6|37007FC000C0
50.113957|350|Rx|d|8|C02F3AFA1870A489
50.113957|1b0|Rx|d|4|FF00FFC4
50.113957|4de|Rx|d|3|C00000
50.113957|55d|Rx|d|8|00FD50C091800000
50.113957|646|Rx|d|8|000000020000000C
50.113957|211|Rx|d|8|8200FFFFA90000D1
50.113957|214|Rx|d|2|0
50.125318|1b0|Rx|d|4|FF00FFC4
50.125318|5de|Rx|d|8|2
50.133414|5df|Rx|d|3|9500
50.133414|211|Rx|d|8|8200FFFFA90000D1
50.133414|214|Rx|d|2|0
50.145536|1b0|Rx|d|4|FF00FFC4
50.145536|657|Rx|d|2|C0CC
50.155685|4ac|Rx|d|5|83762A0080
50.155685|45c|Rx|d|6|00000000FFE0
50.155685|211|Rx|d|8|8200FFFFA90000D1
50.155685|214|Rx|d|2|0
50.155685|218|Rx|d|1|98
50.155685|4fa|Rx|d|2|800
50.155685|671|Rx|d|2|200
50.165899|1b0|Rx|d|4|FF00FFC4
50.178070|211|Rx|d|8|8200FFFFA90000D1
50.178070|214|Rx|d|2|0
50.178070|4f8|Rx|d|8|94C0000000000000
50.178070|1b0|Rx|d|4|FF00FFC4
50.191821|211|Rx|d|8|8200FFFFA90000D1
50.191821|214|Rx|d|2|0
50.203810|3b7|Rx|d|6|37007FC000C0
50.203810|350|Rx|d|8|C02F3AFA1870A489
50.203810|1b0|Rx|d|4|FF00FFC4
50.203810|4de|Rx|d|3|C00000
50.206686|55d|Rx|d|8|00FD50C091800000
50.216763|211|Rx|d|8|8200FFFFA90000D1
50.216763|214|Rx|d|2|0
50.227078|1b0|Rx|d|4|FF00FFC4
50.227078|5de|Rx|d|8|2
50.237099|5df|Rx|d|3|9500
50.237099|211|Rx|d|8|8200FFFFA90000D1
50.237099|214|Rx|d|2|0
50.247469|1b0|Rx|d|4|FF00FFC4
50.247469|657|Rx|d|2|C0CC
50.257288|4ac|Rx|d|5|83752A0080
50.257288|45c|Rx|d|6|00000000FFE0
50.257288|211|Rx|d|8|8200FFFFA90000D1
50.257288|214|Rx|d|2|0
50.257288|218|Rx|d|1|98
50.257288|4fa|Rx|d|2|800
50.257288|671|Rx|d|2|200
50.263485|1b0|Rx|d|4|FF00FFC4
50.278017|211|Rx|d|8|8200FFFFA90000D1
50.278017|214|Rx|d|2|0
50.283481|4f8|Rx|d|8|94C0000000000000
50.283481|1b0|Rx|d|4|FF00FFC4
50.298375|211|Rx|d|8|8200FFFFA90000D1
50.298375|214|Rx|d|2|0
50.300048|3b7|Rx|d|6|37007FC000C0
50.300048|350|Rx|d|8|C02F3AFA1870A489
50.300048|1b0|Rx|d|4|FF00FFC4
50.303571|4de|Rx|d|3|C00000
50.303571|55d|Rx|d|8|00FD50C091800000
50.318124|211|Rx|d|8|8200FFFFA90000D1
50.318124|214|Rx|d|2|0
50.328469|1b0|Rx|d|4|FF00FFC4
50.328469|5de|Rx|d|8|2
50.343692|5df|Rx|d|3|9500
50.343692|211|Rx|d|8|8200FFFFA90000D1
50.343692|214|Rx|d|2|0
50.343692|1b0|Rx|d|4|FF00FFC4
50.343692|657|Rx|d|2|C0CC
50.353528|4ac|Rx|d|5|83752A0080
50.353528|45c|Rx|d|6|00000000FFE0
50.353528|211|Rx|d|8|8200FFFFA90000D1
50.353528|214|Rx|d|2|0
50.353528|218|Rx|d|1|98
50.353528|4fa|Rx|d|2|800
50.353528|671|Rx|d|2|200
50.363385|1b0|Rx|d|4|FF00FFC4
50.373529|211|Rx|d|8|8200FFFFA90000D1
50.373529|214|Rx|d|2|0
50.383628|4f8|Rx|d|8|94C0000000000000
50.383628|1b0|Rx|d|4|FF00FFC4
50.393744|211|Rx|d|8|8200FFFFA90000D1
50.393744|214|Rx|d|2|0
50.403663|3b7|Rx|d|6|37007FC000C0
50.403663|350|Rx|d|8|C02F3AFA1870A489
50.403663|1b0|Rx|d|4|FF00FFC4
50.403663|4de|Rx|d|3|C00000
50.403663|55d|Rx|d|8|00FD50C091800000
50.413524|211|Rx|d|8|8200FFFFA90000D1
50.413524|214|Rx|d|2|0
50.423857|1b0|Rx|d|4|FF00FFC4
50.423857|5de|Rx|d|8|2
50.433671|5df|Rx|d|3|9500
50.433671|211|Rx|d|8|8200FFFFA90000D1
50.433671|214|Rx|d|2|0
50.441236|1b0|Rx|d|4|FF00FFC4
50.441236|657|Rx|d|2|C0CC
50.453730|4ac|Rx|d|5|83762A0080
50.453730|45c|Rx|d|6|00000000FFE0
50.453730|211|Rx|d|8|8200FFFFA90000D1
50.453730|214|Rx|d|2|0
50.453730|218|Rx|d|1|98
50.453730|4fa|Rx|d|2|800
50.453730|671|Rx|d|2|200
50.461083|1b0|Rx|d|4|FF00FFC4
50.473485|211|Rx|d|8|8200FFFFA90000D1
50.473485|214|Rx|d|2|0
50.482964|4f8|Rx|d|8|94C0000000000000
50.482964|1b0|Rx|d|4|FF00FFC4
50.493378|211|Rx|d|8|8200FFFFA90000D1
50.493378|214|Rx|d|2|0
50.503655|3b7|Rx|d|6|37007FC000C0
50.503655|350|Rx|d|8|C02F3AFA1870A489
50.503655|1b0|Rx|d|4|FF00FFC4
50.503655|4de|Rx|d|3|C00000
50.503655|55d|Rx|d|8|00FD50C091800000
50.513552|211|Rx|d|8|8200FFFFA90000D1
50.513552|214|Rx|d|2|0
50.521782|1b0|Rx|d|4|FF00FFC4
50.521782|5de|Rx|d|8|2
50.533620|5df|Rx|d|3|9500
50.533620|211|Rx|d|8|8200FFFFA90000D1
50.533620|214|Rx|d|2|0
50.542054|1b0|Rx|d|4|FF00FFC4
50.542054|657|Rx|d|2|C0CC
50.552423|4ac|Rx|d|5|83752A0080
50.552423|45c|Rx|d|6|00000000FFE0
50.552423|211|Rx|d|8|8200FFFFA90000D1
50.552423|214|Rx|d|2|0
50.552423|218|Rx|d|1|98
50.552423|4fa|Rx|d|2|800
50.552423|671|Rx|d|2|200
50.563835|1b0|Rx|d|4|FF00FFC4
50.573650|211|Rx|d|8|8200FFFFA90000D1
50.573650|214|Rx|d|2|0
50.604011|4f8|Rx|d|8|94C0000000000000
50.604011|1b0|Rx|d|4|FF00FFC4
50.604011|211|Rx|d|8|8200FFFFA90000D1
50.604011|214|Rx|d|2|0
50.604011|3b7|Rx|d|6|37007FC000C0
50.604011|350|Rx|d|8|C02F3AFA1870A489
50.604011|1b0|Rx|d|4|FF00FFC4
50.604011|4de|Rx|d|3|C00000
50.604011|55d|Rx|d|8|00FD50C091800000
50.623484|646|Rx|d|8|000000020000000C
50.623484|211|Rx|d|8|8200FFFFA90000D1
50.623484|214|Rx|d|2|0
50.623484|1b0|Rx|d|4|FF00FFC4
50.623484|5de|Rx|d|8|2
50.643889|5df|Rx|d|3|9500
50.643889|211|Rx|d|8|8200FFFFA90000D1
50.643889|214|Rx|d|2|0
50.643889|1b0|Rx|d|4|FF00FFC4
50.643889|657|Rx|d|2|C0CC
50.664148|4ac|Rx|d|5|83752A0080
50.664148|45c|Rx|d|6|00000000FFE0
50.664148|211|Rx|d|8|8200FFFFA90000D1
50.664148|214|Rx|d|2|0
50.664148|218|Rx|d|1|98
50.664148|4fa|Rx|d|2|800
50.664148|671|Rx|d|2|200
50.664148|1b0|Rx|d|4|FF00FFC4
50.673749|211|Rx|d|8|8200FFFFA90000D1
50.673749|214|Rx|d|2|0
50.693820|4f8|Rx|d|8|94C0000000000000
50.693820|1b0|Rx|d|4|FF00FFC4
50.698860|211|Rx|d|8|8200FFFFA90000D1
50.698860|214|Rx|d|2|0
50.703463|3b7|Rx|d|6|37007FC000C0
50.703463|350|Rx|d|8|C02F3AFA1870A489
50.703463|1b0|Rx|d|4|FF00FFC4
50.703463|4de|Rx|d|3|C00000
50.703463|55d|Rx|d|8|00FD50C091800000
50.723677|211|Rx|d|8|8200FFFFA90000D1
50.723677|214|Rx|d|2|0
50.723677|1b0|Rx|d|4|FF00FFC4
50.723677|5de|Rx|d|8|2
50.740879|5df|Rx|d|3|9500
50.740879|211|Rx|d|8|8200FFFFA90000D1
50.740879|214|Rx|d|2|0
50.740879|1b0|Rx|d|4|FF00FFC4
50.740879|657|Rx|d|2|C0CC
50.740879|69f|Rx|d|4|0650859F
50.763619|4ac|Rx|d|5|83762A0080
50.763619|45c|Rx|d|6|00000000FFE0
50.763619|211|Rx|d|8|8200FFFFA90000D1
50.763619|214|Rx|d|2|0
50.763619|218|Rx|d|1|98
50.763619|4fa|Rx|d|2|800
50.763619|671|Rx|d|2|200
50.763619|1b0|Rx|d|4|FF00FFC4
50.774036|211|Rx|d|8|8200FFFFA90000D1
50.774036|214|Rx|d|2|0
50.793559|4f8|Rx|d|8|94C0000000000000
50.793559|1b0|Rx|d|4|FF00FFC4
50.804276|211|Rx|d|8|8200FFFFA90000D1
50.804276|214|Rx|d|2|0
50.804276|3b7|Rx|d|6|37007FC000C0
50.804276|350|Rx|d|8|C02F3AFA1870A489
50.804276|1b0|Rx|d|4|FF00FFC4
50.804276|4de|Rx|d|3|C00000
50.804276|55d|Rx|d|8|00FD50C091800000
50.823794|211|Rx|d|8|8200FFFFA90000D1
50.823794|214|Rx|d|2|0
50.823794|1b0|Rx|d|4|FF00FFC4
50.823794|5de|Rx|d|8|2
50.843943|5df|Rx|d|3|9500
50.843943|211|Rx|d|8|8200FFFFA90000D1
50.843943|214|Rx|d|2|0
50.853975|1b0|Rx|d|4|FF00FFC4
50.853975|657|Rx|d|2|C0CC
50.853975|4ac|Rx|d|5|83762A0080
50.853975|45c|Rx|d|6|00000000FFE0
50.853975|211|Rx|d|8|8200FFFFA90000D1
50.853975|214|Rx|d|2|0
50.853975|218|Rx|d|1|98
50.853975|4fa|Rx|d|2|800
50.853975|671|Rx|d|2|200
50.870992|1b0|Rx|d|4|FF00FFC4
50.870992|211|Rx|d|8|8200FFFFA90000D1
50.870992|214|Rx|d|2|0
50.893687|4f8|Rx|d|8|94C0000000000000
50.893687|1b0|Rx|d|4|FF00FFC4
50.893687|211|Rx|d|8|8200FFFFA90000D1
50.893687|214|Rx|d|2|0
50.901101|3b7|Rx|d|6|37007FC000C0
50.901101|350|Rx|d|8|C02F3AFA1870A489
50.901101|1b0|Rx|d|4|FF00FFC4
50.901101|4de|Rx|d|3|C00000
50.901101|55d|Rx|d|8|00FD50C091800000
50.913094|211|Rx|d|8|8200FFFFA90000D1
50.913094|214|Rx|d|2|0
50.921089|1b0|Rx|d|4|FF00FFC4
50.921089|5de|Rx|d|8|2
50.931083|5df|Rx|d|3|9500
50.931083|211|Rx|d|8|8200FFFFA90000D1
50.931083|214|Rx|d|2|0
50.941076|1b0|Rx|d|4|FF00FFC4
50.941076|657|Rx|d|2|C0CC
50.951071|4ac|Rx|d|5|83762A0080
50.951071|45c|Rx|d|6|00000000FFE0
50.951071|211|Rx|d|8|8200FFFFA90000D1
50.951071|214|Rx|d|2|0
50.951071|218|Rx|d|1|98
50.951071|4fa|Rx|d|2|800
50.951071|671|Rx|d|2|200
50.961066|1b0|Rx|d|4|FF00FFC4
50.973057|211|Rx|d|8|8200FFFFA90000D1
50.973057|214|Rx|d|2|0
50.981052|4f8|Rx|d|8|94C0000000000000
50.981052|1b0|Rx|d|4|FF00FFC4
50.993045|211|Rx|d|8|8200FFFFA90000D1
50.993045|214|Rx|d|2|0
51.001039|3b7|Rx|d|6|37007FC000C0
51.001039|350|Rx|d|8|C02F3AFA1870A489
51.001039|1b0|Rx|d|4|FF00FFC4
51.001039|4de|Rx|d|3|C00000
51.001039|55d|Rx|d|8|00FD50C091800000
51.018815|211|Rx|d|8|8200FFFFA90000D1
51.018815|214|Rx|d|2|0
51.018815|1b0|Rx|d|4|FF00FFC4
51.018815|5de|Rx|d|8|2
51.033992|5df|Rx|d|3|9500
51.033992|211|Rx|d|8|8200FFFFA90000D1
51.033992|214|Rx|d|2|0
51.054020|1b0|Rx|d|4|FF00FFC4
51.054020|657|Rx|d|2|C0CC
51.054020|4ac|Rx|d|5|83762A0080
51.054020|45c|Rx|d|6|00000000FFE0
51.054020|211|Rx|d|8|8200FFFFA90000D1
51.054020|214|Rx|d|2|0
51.054020|218|Rx|d|1|98
51.054020|4fa|Rx|d|2|800
51.054020|671|Rx|d|2|200
51.071454|1b0|Rx|d|4|FF00FFC4
51.071454|211|Rx|d|8|8200FFFFA90000D1
51.071454|214|Rx|d|2|0
51.092690|4f8|Rx|d|8|94C0000000000000
51.092690|1b0|Rx|d|4|FF00FFC4
51.092690|6fb|Rx|d|8|0F01A454FF0000FF
51.092690|211|Rx|d|8|8200FFFFA90000D1
51.092690|214|Rx|d|2|0
51.108784|3b7|Rx|d|6|37007FC000C0
51.108784|350|Rx|d|8|C02F3AFA1870A489
51.108784|1b0|Rx|d|4|FF00FFC4
51.108784|4de|Rx|d|3|C00000
51.108784|55d|Rx|d|8|00FD50C091800000
51.108784|646|Rx|d|8|000000020000000C
51.124583|211|Rx|d|8|8200FFFFA90000D1
51.124583|214|Rx|d|2|0
51.124583|5ce|Rx|d|3|FEFF00
51.124583|1b0|Rx|d|4|FF00FFC4
51.124583|5de|Rx|d|8|2
51.131303|5df|Rx|d|3|9500
51.133302|211|Rx|d|8|8200FFFFA90000D1
51.133302|214|Rx|d|2|0
51.141301|1b0|Rx|d|4|FF00FFC4
51.141301|657|Rx|d|2|C0CC
51.151295|4ac|Rx|d|5|83752A0080
51.151295|45c|Rx|d|6|00000000FFE0
51.151295|211|Rx|d|8|8200FFFFA90000D1
51.151295|214|Rx|d|2|0
51.151295|218|Rx|d|1|98
51.151295|4fa|Rx|d|2|800
51.151295|671|Rx|d|2|200
51.161285|1b0|Rx|d|4|FF00FFC4
51.173278|211|Rx|d|8|8200FFFFA90000D1
51.173278|214|Rx|d|2|0
51.181272|4f8|Rx|d|8|94C0000000000000
51.181272|1b0|Rx|d|4|FF00FFC4
51.193265|211|Rx|d|8|8200FFFFA90000D1
51.193265|214|Rx|d|2|0
51.201260|3b7|Rx|d|6|37007FC000C0
51.201260|350|Rx|d|8|C02F3AFA1870A489
51.201260|1b0|Rx|d|4|FF00FFC4
51.201260|4de|Rx|d|3|C00000
51.201260|55d|Rx|d|8|00FD50C091800000
51.213254|211|Rx|d|8|8200FFFFA90000D1
51.213254|214|Rx|d|2|0
51.221248|1b0|Rx|d|4|FF00FFC4
51.221248|5de|Rx|d|8|2
51.231241|5df|Rx|d|3|9500
51.231241|211|Rx|d|8|8200FFFFA90000D1
51.231241|214|Rx|d|2|0
51.241237|1b0|Rx|d|4|FF00FFC4
51.241237|657|Rx|d|2|C0CC
51.251229|4ac|Rx|d|5|83752A0080
51.251229|45c|Rx|d|6|00000000FFE0
51.253228|211|Rx|d|8|8200FFFFA90000D1
51.253228|214|Rx|d|2|0
51.253228|218|Rx|d|1|98
51.253228|4fa|Rx|d|2|800
51.253228|671|Rx|d|2|200
51.262227|1b0|Rx|d|4|FF00FFC4
51.277213|211|Rx|d|8|8200FFFFA90000D1
51.277213|214|Rx|d|2|0
51.281211|4f8|Rx|d|8|94C0000000000000
51.281211|1b0|Rx|d|4|FF00FFC4
51.293203|211|Rx|d|8|8200FFFFA90000D1
51.293203|214|Rx|d|2|0
51.301199|3b7|Rx|d|6|37007FC000C0
51.301199|350|Rx|d|8|C02F3AFA1870A489
51.301199|1b0|Rx|d|4|FF00FFC4
51.301199|4de|Rx|d|3|C00000
51.301199|55d|Rx|d|8|00FD50C091800000
51.313192|211|Rx|d|8|8200FFFFA90000D1
51.313192|214|Rx|d|2|0
51.321185|1b0|Rx|d|4|FF00FFC4
51.321185|5de|Rx|d|8|2
51.331180|5df|Rx|d|3|9500
51.331180|211|Rx|d|8|8200FFFFA90000D1
51.331180|214|Rx|d|2|0
51.341174|1b0|Rx|d|4|FF00FFC4
51.341174|657|Rx|d|2|C0CC
51.351168|4ac|Rx|d|5|83752A0080
51.351168|45c|Rx|d|6|00000000FFE0
51.355166|211|Rx|d|8|8200FFFFA90000D1
51.355166|214|Rx|d|2|0
51.355166|218|Rx|d|1|98
51.355166|4fa|Rx|d|2|800
51.355166|671|Rx|d|2|200
51.361161|1b0|Rx|d|4|FF00FFC4
51.373154|211|Rx|d|8|8200FFFFA90000D1
51.373154|214|Rx|d|2|0
51.381149|4f8|Rx|d|8|94C0000000000000
51.381149|1b0|Rx|d|4|FF00FFC4
51.391143|211|Rx|d|8|8200FFFFA90000D1
51.391143|214|Rx|d|2|0
51.401137|3b7|Rx|d|6|37007FC000C0
51.401137|350|Rx|d|8|C02F3AFA1870A489
51.401137|1b0|Rx|d|4|FF00FFC4
51.401137|4de|Rx|d|3|C00000
51.401137|55d|Rx|d|8|00FD50C091800000
51.411130|211|Rx|d|8|8200FFFFA90000D1
51.411130|214|Rx|d|2|0
51.421124|1b0|Rx|d|4|FF00FFC4
51.421124|5de|Rx|d|8|2
51.434119|5df|Rx|d|3|9500
51.434119|211|Rx|d|8|8200FFFFA90000D1
51.434119|214|Rx|d|2|0
51.440113|1b0|Rx|d|4|FF00FFC4
51.440113|657|Rx|d|2|C0CC
51.450106|4ac|Rx|d|5|83752A0080
51.450106|45c|Rx|d|6|00000000FFE0
51.452106|211|Rx|d|8|8200FFFFA90000D1
51.452106|214|Rx|d|2|0
51.452106|218|Rx|d|1|98
51.452106|4fa|Rx|d|2|800
51.452106|671|Rx|d|2|200
51.460101|1b0|Rx|d|4|FF00FFC4
51.473498|211|Rx|d|8|8200FFFFA90000D1
51.473498|214|Rx|d|2|0
51.493655|4f8|Rx|d|8|94C0000000000000
51.493655|1b0|Rx|d|4|FF00FFC4
51.493655|211|Rx|d|8|8200FFFFA90000D1
51.493655|214|Rx|d|2|0
51.514200|3b7|Rx|d|6|37007FC000C0
51.514200|350|Rx|d|8|C02F3AFA1870A489
51.514200|1b0|Rx|d|4|FF00FFC4
51.514200|4de|Rx|d|3|C00000
51.514200|55d|Rx|d|8|00FD50C091800000
51.514200|211|Rx|d|8|8200FFFFA90000D1
51.523782|214|Rx|d|2|0
51.533532|1b0|Rx|d|4|FF00FFC4
51.533532|5de|Rx|d|8|2
51.533532|5df|Rx|d|3|9500
51.533532|211|Rx|d|8|8200FFFFA90000D1
51.533532|214|Rx|d|2|0
51.563356|1b0|Rx|d|4|FF00FFC4
51.563356|657|Rx|d|2|C0CC
51.563356|4ac|Rx|d|5|83752A0080
51.563356|45c|Rx|d|6|00000000FFE0
51.563356|211|Rx|d|8|8200FFFFA90000D1
51.563356|214|Rx|d|2|0
51.563356|218|Rx|d|1|98
51.563356|4fa|Rx|d|2|800
51.563356|671|Rx|d|2|200
51.563356|1b0|Rx|d|4|FF00FFC4
51.573649|211|Rx|d|8|8200FFFFA90000D1
51.573649|214|Rx|d|2|0
51.595342|4f8|Rx|d|8|94C0000000000000
51.595342|1b0|Rx|d|4|FF00FFC4
51.595342|211|Rx|d|8|8200FFFFA90000D1
51.595342|214|Rx|d|2|0
51.613686|3b7|Rx|d|6|37007FC000C0
51.613686|350|Rx|d|8|C02F3AFA1870A489
51.613686|1b0|Rx|d|4|FF00FFC4
51.613686|4de|Rx|d|3|C00000
51.613686|55d|Rx|d|8|00FD50C091800000
51.613686|646|Rx|d|8|000000020000000C
51.613686|211|Rx|d|8|8200FFFFA90000D1
51.613686|214|Rx|d|2|0
51.644129|1b0|Rx|d|4|FF00FFC4
51.644129|5de|Rx|d|8|2
51.644129|5df|Rx|d|3|9500
51.644129|211|Rx|d|8|8200FFFFA90000D1
51.644129|214|Rx|d|2|0
51.644129|1b0|Rx|d|4|FF00FFC4
51.644129|657|Rx|d|2|C0CC
51.671353|4ac|Rx|d|5|83752A0080
51.671353|45c|Rx|d|6|00000000FFE0
51.671353|211|Rx|d|8|8200FFFFA90000D1
51.671353|214|Rx|d|2|0
51.671353|218|Rx|d|1|98
51.671353|4fa|Rx|d|2|800
51.671353|671|Rx|d|2|200
51.671353|1b0|Rx|d|4|FF00FFC4
51.671353|211|Rx|d|8|8200FFFFA90000D1
51.671353|214|Rx|d|2|0
51.694050|1b0|Rx|d|4|FF00FFC4
51.694050|4f8|Rx|d|8|94C0000000000000
51.702859|211|Rx|d|8|8200FFFFA90000D1
51.702859|214|Rx|d|2|0
51.702859|350|Rx|d|8|C02F3AFA1870A489
51.702859|3b7|Rx|d|6|37007FC000C0
51.702859|1b0|Rx|d|4|FF00FFC4
51.702859|4de|Rx|d|3|C00000
51.702859|55d|Rx|d|8|00FD50C091800000
51.719285|211|Rx|d|8|8200FFFFA90000D1
51.719285|214|Rx|d|2|0
51.719285|1b0|Rx|d|4|FF00FFC4
51.719285|5de|Rx|d|8|2
51.729862|5df|Rx|d|3|9500
51.731861|211|Rx|d|8|8200FFFFA90000D1
51.731861|214|Rx|d|2|0
51.741855|1b0|Rx|d|4|FF00FFC4
51.741855|657|Rx|d|2|C0CC
51.741855|69f|Rx|d|4|0650859F
51.749853|4ac|Rx|d|5|83762A0080
51.749853|45c|Rx|d|6|00000000FFE0
51.753848|211|Rx|d|8|8200FFFFA90000D1
51.753848|214|Rx|d|2|0
51.753848|218|Rx|d|1|98
51.753848|4fa|Rx|d|2|800
51.753848|671|Rx|d|2|200
51.759844|1b0|Rx|d|4|FF00FFC4
51.773836|211|Rx|d|8|8200FFFFA90000D1
51.773836|214|Rx|d|2|0
51.779834|4f8|Rx|d|8|94C0000000000000
51.779834|1b0|Rx|d|4|FF00FFC4
51.791825|211|Rx|d|8|8200FFFFA90000D1
51.791825|214|Rx|d|2|0
51.801820|350|Rx|d|8|C02F3AFA1870A489
51.801820|3b7|Rx|d|6|37007FC000C0
51.801820|1b0|Rx|d|4|FF00FFC4
51.801820|4de|Rx|d|3|C00000
51.801820|55d|Rx|d|8|00FD50C091800000
51.813810|211|Rx|d|8|8200FFFFA90000D1
51.813810|214|Rx|d|2|0
51.821806|1b0|Rx|d|4|FF00FFC4
51.821806|5de|Rx|d|8|2
51.829801|5df|Rx|d|3|9500
51.829801|211|Rx|d|8|8200FFFFA90000D1
51.829801|214|Rx|d|2|0
51.843798|1b0|Rx|d|4|FF00FFC4
51.843798|657|Rx|d|2|C0CC
51.868352|4ac|Rx|d|5|83752A0080
51.868352|45c|Rx|d|6|00000000FFE0
51.868352|211|Rx|d|8|8200FFFFA90000D1
51.868352|214|Rx|d|2|0
51.868352|218|Rx|d|1|98
51.868352|4fa|Rx|d|2|800
51.868352|671|Rx|d|2|200
51.871890|1b0|Rx|d|4|FF00FFC4
51.873421|211|Rx|d|8|8200FFFFA90000D1
51.873421|214|Rx|d|2|0
51.893362|1b0|Rx|d|4|FF00FFC4
51.893362|4f8|Rx|d|8|94C0000000000000
51.893362|211|Rx|d|8|8200FFFFA90000D1
51.893362|214|Rx|d|2|0
51.913907|350|Rx|d|8|C02F3AFA1870A489
51.913907|3b7|Rx|d|6|37007FC000C0
51.913907|1b0|Rx|d|4|FF00FFC4
51.913907|4de|Rx|d|3|C00000
51.913907|55d|Rx|d|8|00FD50C091800000
51.913907|211|Rx|d|8|8200FFFFA90000D1
51.913907|214|Rx|d|2|0
51.928454|1b0|Rx|d|4|FF00FFC4
51.928454|5de|Rx|d|8|2
51.928454|5df|Rx|d|3|9500
51.943801|211|Rx|d|8|8200FFFFA90000D1
51.943801|214|Rx|d|2|0
51.943801|1b0|Rx|d|4|FF00FFC4
51.943801|657|Rx|d|2|C0CC
51.953651|4ac|Rx|d|5|83752A0080
51.953651|45c|Rx|d|6|00000000FFE0
51.953651|211|Rx|d|8|8200FFFFA90000D1
51.953651|214|Rx|d|2|0
51.953651|218|Rx|d|1|98
51.953651|4fa|Rx|d|2|800
51.953651|671|Rx|d|2|200
51.965680|1b0|Rx|d|4|FF00FFC4
51.973415|211|Rx|d|8|8200FFFFA90000D1
51.973415|214|Rx|d|2|0
51.988948|1b0|Rx|d|4|FF00FFC4
51.988948|4f8|Rx|d|8|94C0000000000000
52.003753|211|Rx|d|8|8200FFFFA90000D1
52.003753|214|Rx|d|2|0
52.003753|350|Rx|d|8|C02F3AFA1870A489
52.003753|3b7|Rx|d|6|37007FC000C0
52.003753|1b0|Rx|d|4|FF00FFC4
52.003753|4de|Rx|d|3|C00000
52.003753|55d|Rx|d|8|00FD50C091800000
52.024180|211|Rx|d|8|8200FFFFA90000D1
52.024180|214|Rx|d|2|0
52.024180|1b0|Rx|d|4|FF00FFC4
52.024180|5de|Rx|d|8|2
52.038740|5df|Rx|d|3|9500
52.038740|211|Rx|d|8|8200FFFFA90000D1
52.038740|214|Rx|d|2|0
52.043822|1b0|Rx|d|4|FF00FFC4
52.043822|657|Rx|d|2|C0CC
52.053732|4ac|Rx|d|5|83762A0080
52.053732|45c|Rx|d|6|00000000FFE0
52.058634|211|Rx|d|8|8200FFFFA90000D1
52.058634|214|Rx|d|2|0
52.058634|218|Rx|d|1|98
52.058634|4fa|Rx|d|2|800
52.058634|671|Rx|d|2|200
52.058634|1b0|Rx|d|4|FF00FFC4
52.073460|211|Rx|d|8|8200FFFFA90000D1
52.073460|214|Rx|d|2|0
52.091942|1b0|Rx|d|4|FF00FFC4
52.091942|4f8|Rx|d|8|94C0000000000000
52.091942|211|Rx|d|8|8200FFFFA90000D1
52.091942|214|Rx|d|2|0
52.103920|350|Rx|d|8|C02F3AFA1870A489
52.103920|3b7|Rx|d|6|37007FC000C0
52.103920|1b0|Rx|d|4|FF00FFC4
52.103920|4de|Rx|d|3|C00000
52.103920|55d|Rx|d|8|00FD50C091800000
52.123148|646|Rx|d|8|000000020000000C
52.123148|211|Rx|d|8|8200FFFFA90000D1
52.123148|214|Rx|d|2|0
52.133792|1b0|Rx|d|4|FF00FFC4
52.133792|5de|Rx|d|8|2
52.133792|5df|Rx|d|3|9500
52.133792|211|Rx|d|8|8200FFFFA90000D1
52.133792|214|Rx|d|2|0
52.158344|1b0|Rx|d|4|FF00FFC4
52.158344|657|Rx|d|2|C0CC
52.158344|4ac|Rx|d|5|83752A0080
52.158344|45c|Rx|d|6|00000000FFE0
52.158344|211|Rx|d|8|8200FFFFA90000D1
52.158344|214|Rx|d|2|0
52.158344|218|Rx|d|1|98
52.158344|4fa|Rx|d|2|800
52.158344|671|Rx|d|2|200
52.158344|1b0|Rx|d|4|FF00FFC4
52.173637|211|Rx|d|8|8200FFFFA90000D1
52.173637|214|Rx|d|2|0
52.194091|1b0|Rx|d|4|FF00FFC4
52.194091|4f8|Rx|d|8|94C0000000000000
52.194091|211|Rx|d|8|8200FFFFA90000D1
52.194091|214|Rx|d|2|0
52.216085|350|Rx|d|8|C02F3AFA1870A489
52.216085|3b7|Rx|d|6|37007FC000C0
52.216085|1b0|Rx|d|4|FF00FFC4
52.216085|4de|Rx|d|3|C00000
52.216085|55d|Rx|d|8|00FD50C091800000
52.216085|211|Rx|d|8|8200FFFFA90000D1
52.216085|214|Rx|d|2|0
52.243494|1b0|Rx|d|4|FF00FFC4
52.243494|5de|Rx|d|8|2
52.243494|5df|Rx|d|3|9500
52.243494|211|Rx|d|8|8200FFFFA90000D1
52.243494|214|Rx|d|2|0
52.243494|1b0|Rx|d|4|FF00FFC4
52.243494|657|Rx|d|2|C0CC
52.263673|4ac|Rx|d|5|83752A0080
52.263673|45c|Rx|d|6|00000000FFE0
52.263673|211|Rx|d|8|8200FFFFA90000D1
52.263673|214|Rx|d|2|0
52.263673|218|Rx|d|1|98
52.263673|4fa|Rx|d|2|800
52.263673|671|Rx|d|2|200
52.263673|1b0|Rx|d|4|FF00FFC4
52.273553|211|Rx|d|8|8200FFFFA90000D1
52.273553|214|Rx|d|2|0
52.303554|1b0|Rx|d|4|FF00FFC4
52.303554|4f8|Rx|d|8|94C0000000000000
52.303554|211|Rx|d|8|8200FFFFA90000D1
52.303554|214|Rx|d|2|0
52.303554|350|Rx|d|8|C02F3AFA1870A489
52.303554|1b0|Rx|d|4|FF00FFC4
52.303554|3b7|Rx|d|6|37007FC000C0
52.303554|4de|Rx|d|3|C00000
52.303554|55d|Rx|d|8|00FD50C091800000
52.323624|211|Rx|d|8|8200FFFFA90000D1
52.323654|214|Rx|d|2|0
52.323654|1b0|Rx|d|4|FF00FFC4
52.323654|5de|Rx|d|8|2
52.343737|5df|Rx|d|3|9500
52.343737|211|Rx|d|8|8200FFFFA90000D1
52.343737|214|Rx|d|2|0
52.343737|1b0|Rx|d|4|FF00FFC4
52.343737|657|Rx|d|2|C0CC
52.372572|4ac|Rx|d|5|83752A0080
52.372572|45c|Rx|d|6|00000000FFE0
52.372572|211|Rx|d|8|8200FFFFA90000D1
52.372572|214|Rx|d|2|0
52.372572|218|Rx|d|1|98
52.372572|4fa|Rx|d|2|800
52.372572|671|Rx|d|2|200
52.372572|1b0|Rx|d|4|FF00FFC4
52.372572|211|Rx|d|8|8200FFFFA90000D1
52.372572|214|Rx|d|2|0
52.393370|1b0|Rx|d|4|FF00FFC4
52.393370|4f8|Rx|d|8|94C0000000000000
52.393370|211|Rx|d|8|8200FFFFA90000D1
52.393370|214|Rx|d|2|0
52.423330|350|Rx|d|8|C02F3AFA1870A489
52.423330|1b0|Rx|d|4|FF00FFC4
52.423330|3b7|Rx|d|6|37007FC000C0
52.423330|4de|Rx|d|3|C00000
52.423330|55d|Rx|d|8|00FD50C091800000
52.423330|211|Rx|d|8|8200FFFFA90000D1
52.423330|214|Rx|d|2|0
52.423330|1b0|Rx|d|4|FF00FFC4
52.423330|5de|Rx|d|8|2
52.448461|5df|Rx|d|3|9500
52.448461|211|Rx|d|8|8200FFFFA90000D1
52.448461|214|Rx|d|2|0
52.448461|1b0|Rx|d|4|FF00FFC4
52.448461|657|Rx|d|2|C0CC
52.448461|4ac|Rx|d|5|83762A0080
52.448461|45c|Rx|d|6|00000000FFE0
52.468697|211|Rx|d|8|8200FFFFA90000D1
52.468697|214|Rx|d|2|0
52.468697|218|Rx|d|1|98
52.468697|4fa|Rx|d|2|800
52.468697|671|Rx|d|2|200
52.468697|1b0|Rx|d|4|FF00FFC4
52.473677|211|Rx|d|8|8200FFFFA90000D1
52.473677|214|Rx|d|2|0
52.493483|1b0|Rx|d|4|FF00FFC4
52.493483|4f8|Rx|d|8|94C0000000000000
52.493483|211|Rx|d|8|8200FFFFA90000D1
52.493483|214|Rx|d|2|0
52.514070|350|Rx|d|8|C02F3AFA1870A489
52.514070|1b0|Rx|d|4|FF00FFC4
52.514070|3b7|Rx|d|6|37007FC000C0
52.514070|4de|Rx|d|3|C00000
52.514070|55d|Rx|d|8|00FD50C091800000
52.514070|211|Rx|d|8|8200FFFFA90000D1
52.514070|214|Rx|d|2|0
52.533737|1b0|Rx|d|4|FF00FFC4
52.533737|5de|Rx|d|8|2
52.533737|5df|Rx|d|3|9500
52.533737|211|Rx|d|8|8200FFFFA90000D1
52.533737|214|Rx|d|2|0
52.553803|1b0|Rx|d|4|FF00FFC4
52.553803|657|Rx|d|2|C0CC
52.553803|4ac|Rx|d|5|83752A0080
52.553803|45c|Rx|d|6|00000000FFE0
52.553803|211|Rx|d|8|8200FFFFA90000D1
52.553803|214|Rx|d|2|0
52.553803|218|Rx|d|1|98
52.553803|4fa|Rx|d|2|800
52.553803|671|Rx|d|2|200
52.571204|1b0|Rx|d|4|FF00FFC4
52.571204|211|Rx|d|8|8200FFFFA90000D1
52.571204|214|Rx|d|2|0
52.580123|1b0|Rx|d|4|FF00FFC4
52.580123|4f8|Rx|d|8|94C0000000000000
52.592117|211|Rx|d|8|8200FFFFA90000D1
52.592117|214|Rx|d|2|0
52.600111|350|Rx|d|8|C02F3AFA1870A489
52.600111|1b0|Rx|d|4|FF00FFC4
52.600111|3b7|Rx|d|6|37007FC000C0
52.600111|4de|Rx|d|3|C00000
52.600111|55d|Rx|d|8|00FD50C091800000
52.610105|646|Rx|d|8|000000020000000C
52.610105|211|Rx|d|8|8200FFFFA90000D1
52.610105|214|Rx|d|2|0
52.620098|1b0|Rx|d|4|FF00FFC4
52.620098|5de|Rx|d|8|2
52.630092|5df|Rx|d|3|9500
52.630092|211|Rx|d|8|8200FFFFA90000D1
52.630092|214|Rx|d|2|0
52.640086|1b0|Rx|d|4|FF00FFC4
52.640086|657|Rx|d|2|C0CC
52.650080|4ac|Rx|d|5|83762A0080
52.650080|45c|Rx|d|6|00000000FFE0
52.650080|211|Rx|d|8|8200FFFFA90000D1
52.650080|214|Rx|d|2|0
52.650080|218|Rx|d|1|98
52.650080|4fa|Rx|d|2|800
52.650080|671|Rx|d|2|200
52.660075|1b0|Rx|d|4|FF00FFC4
52.672066|211|Rx|d|8|8200FFFFA90000D1
52.672066|214|Rx|d|2|0
52.681575|1b0|Rx|d|4|FF00FFC4
52.681575|4f8|Rx|d|8|94C0000000000000
52.698582|211|Rx|d|8|8200FFFFA90000D1
52.698582|214|Rx|d|2|0
52.698582|350|Rx|d|8|C02F3AFA1870A489
52.698582|1b0|Rx|d|4|FF00FFC4
52.698582|3b7|Rx|d|6|37007FC000C0
52.698582|4de|Rx|d|3|C00000
52.698582|55d|Rx|d|8|00FD50C091800000
52.723978|211|Rx|d|8|8200FFFFA90000D1
52.723978|214|Rx|d|2|0
52.723978|1b0|Rx|d|4|FF00FFC4
52.723978|5de|Rx|d|8|2
52.753824|5df|Rx|d|3|9500
52.753824|211|Rx|d|8|8200FFFFA90000D1
52.753824|214|Rx|d|2|0
52.753824|1b0|Rx|d|4|FF00FFC4
52.753824|657|Rx|d|2|C0CC
52.753824|69f|Rx|d|4|0650859F
52.753824|4ac|Rx|d|5|83752A0080
52.753824|45c|Rx|d|6|00000000FFE0
52.753824|211|Rx|d|8|8200FFFFA90000D1
52.753824|214|Rx|d|2|0
52.753824|218|Rx|d|1|98
52.753824|4fa|Rx|d|2|800
52.753824|671|Rx|d|2|200
52.772169|1b0|Rx|d|4|FF00FFC4
52.772169|211|Rx|d|8|8200FFFFA90000D1
52.772169|214|Rx|d|2|0
52.783852|1b0|Rx|d|4|FF00FFC4
52.783852|4f8|Rx|d|8|94C0000000000000
52.797954|211|Rx|d|8|8200FFFFA90000D1
52.797954|214|Rx|d|2|0
52.799422|350|Rx|d|8|C02F3AFA1870A489
52.799422|1b0|Rx|d|4|FF00FFC4
52.799422|3b7|Rx|d|6|37007FC000C0
52.799422|4de|Rx|d|3|C00000
52.803382|55d|Rx|d|8|00FD50C091800000
52.812357|211|Rx|d|8|8200FFFFA90000D1
52.812357|214|Rx|d|2|0
52.820349|1b0|Rx|d|4|FF00FFC4
52.820349|5de|Rx|d|8|2
52.830342|5df|Rx|d|3|9500
52.830342|211|Rx|d|8|8200FFFFA90000D1
52.830342|214|Rx|d|2|0
52.840336|1b0|Rx|d|4|FF00FFC4
52.840336|657|Rx|d|2|C0CC
52.850331|4ac|Rx|d|5|83762A0080
52.850331|45c|Rx|d|6|00000000FFE0
52.852329|211|Rx|d|8|8200FFFFA90000D1
52.852329|214|Rx|d|2|0
52.852329|218|Rx|d|1|98
52.852329|4fa|Rx|d|2|800
52.852329|671|Rx|d|2|200
52.860324|1b0|Rx|d|4|FF00FFC4
52.872316|211|Rx|d|8|8200FFFFA90000D1
52.872316|214|Rx|d|2|0
52.880666|1b0|Rx|d|4|FF00FFC4
52.880666|4f8|Rx|d|8|94C0000000000000
52.892659|211|Rx|d|8|8200FFFFA90000D1
52.892659|214|Rx|d|2|0
52.900654|350|Rx|d|8|C02F3AFA1870A489
52.900654|1b0|Rx|d|4|FF00FFC4
52.900654|4de|Rx|d|3|C00000
52.900654|3b7|Rx|d|6|37007FC000C0
52.900654|55d|Rx|d|8|00FD50C091800000
52.912647|211|Rx|d|8|8200FFFFA90000D1
52.912647|214|Rx|d|2|0
52.928809|1b0|Rx|d|4|FF00FFC4
52.928809|5de|Rx|d|8|2
52.933935|5df|Rx|d|3|9500
52.933935|211|Rx|d|8|8200FFFFA90000D1
52.933935|214|Rx|d|2|0
52.948714|1b0|Rx|d|4|FF00FFC4
52.948714|657|Rx|d|2|C0CC
52.948714|4ac|Rx|d|5|83762A0080
52.948714|45c|Rx|d|6|00000000FFE0
52.953885|211|Rx|d|8|8200FFFFA90000D1
52.953885|214|Rx|d|2|0
52.958391|218|Rx|d|1|98
52.958391|4fa|Rx|d|2|800
52.958391|671|Rx|d|2|200
52.958391|1b0|Rx|d|4|FF00FFC4
52.972389|211|Rx|d|8|8200FFFFA90000D1
52.972389|214|Rx|d|2|0
52.983501|1b0|Rx|d|4|FF00FFC4
52.983501|4f8|Rx|d|8|94C0000000000000
52.998448|211|Rx|d|8|8200FFFFA90000D1
52.998448|214|Rx|d|2|0
53.003505|350|Rx|d|8|C02F3AFA1870A489
53.003505|1b0|Rx|d|4|FF00FFC4
53.003505|4de|Rx|d|3|C00000
53.003505|3b7|Rx|d|6|37007FC000C0
53.003505|55d|Rx|d|8|00FD50C091800000
53.018794|211|Rx|d|8|8200FFFFA90000D1
53.018794|214|Rx|d|2|0
53.018794|1b0|Rx|d|4|FF00FFC4
53.018794|5de|Rx|d|8|2
53.033497|5df|Rx|d|3|9500
53.033497|211|Rx|d|8|8200FFFFA90000D1
53.033497|214|Rx|d|2|0
53.048404|1b0|Rx|d|4|FF00FFC4
53.048404|657|Rx|d|2|C0CC
53.048404|4ac|Rx|d|5|83752A0080
53.048404|45c|Rx|d|6|00000000FFE0
53.063900|211|Rx|d|8|8200FFFFA90000D1
53.063900|214|Rx|d|2|0
53.063900|218|Rx|d|1|98
53.063900|4fa|Rx|d|2|800
53.063900|671|Rx|d|2|200
53.063900|1b0|Rx|d|4|FF00FFC4
53.078463|211|Rx|d|8|8200FFFFA90000D1
53.078463|214|Rx|d|2|0
53.083540|1b0|Rx|d|4|FF00FFC4
53.083540|4f8|Rx|d|8|94C0000000000000
53.098361|211|Rx|d|8|8200FFFFA90000D1
53.098361|214|Rx|d|2|0
53.103729|350|Rx|d|8|C02F3AFA1870A489
53.103729|1b0|Rx|d|4|FF00FFC4
53.103729|4de|Rx|d|3|C00000
53.103729|3b7|Rx|d|6|37007FC000C0
53.103729|55d|Rx|d|8|00FD50C091800000
53.123857|646|Rx|d|8|000000020000000C
53.123857|211|Rx|d|8|8200FFFFA90000D1
53.123857|214|Rx|d|2|0
53.133044|1b0|Rx|d|4|FF00FFC4
53.133044|5de|Rx|d|8|2
53.133044|5df|Rx|d|3|9500
53.133044|211|Rx|d|8|8200FFFFA90000D1
53.133044|214|Rx|d|2|0
53.151575|1b0|Rx|d|4|FF00FFC4
53.151575|657|Rx|d|2|C0CC
53.151575|4ac|Rx|d|5|83762A0080
53.151575|45c|Rx|d|6|00000000FFE0
53.151575|211|Rx|d|8|8200FFFFA90000D1
53.151575|214|Rx|d|2|0
53.151575|218|Rx|d|1|98
53.151575|4fa|Rx|d|2|800
53.151575|671|Rx|d|2|200
53.172915|1b0|Rx|d|4|FF00FFC4
53.172915|211|Rx|d|8|8200FFFFA90000D1
53.172915|214|Rx|d|2|0
53.198666|1b0|Rx|d|4|FF00FFC4
53.198666|4f8|Rx|d|8|94C0000000000000
53.198666|211|Rx|d|8|8200FFFFA90000D1
53.198666|214|Rx|d|2|0
53.203766|350|Rx|d|8|C02F3AFA1870A489
53.203766|1b0|Rx|d|4|FF00FFC4
53.203766|4de|Rx|d|3|C00000
53.203766|55d|Rx|d|8|00FD50C091800000
53.203766|3b7|Rx|d|6|37007FC000C0
53.223733|211|Rx|d|8|8200FFFFA90000D1
53.223733|214|Rx|d|2|0
53.233607|1b0|Rx|d|4|FF00FFC4
53.233607|5de|Rx|d|8|2
53.233607|5df|Rx|d|3|9500
53.233607|211|Rx|d|8|8200FFFFA90000D1
53.233607|214|Rx|d|2|0
53.253822|1b0|Rx|d|4|FF00FFC4
53.253822|657|Rx|d|2|C0CC
53.253822|4ac|Rx|d|5|83752A0080
53.253822|45c|Rx|d|6|00000000FFE0
53.253822|211|Rx|d|8|8200FFFFA90000D1
53.253822|214|Rx|d|2|0
53.253822|218|Rx|d|1|98
53.253822|4fa|Rx|d|2|800
53.253822|671|Rx|d|2|200
53.272757|1b0|Rx|d|4|FF00FFC4
53.272757|211|Rx|d|8|8200FFFFA90000D1
53.272757|214|Rx|d|2|0
53.302918|1b0|Rx|d|4|FF00FFC4
53.302918|4f8|Rx|d|8|94C0000000000000
53.302918|211|Rx|d|8|8200FFFFA90000D1
53.302918|214|Rx|d|2|0
53.313794|350|Rx|d|8|C02F3AFA1870A489
53.313794|1b0|Rx|d|4|FF00FFC4
53.313794|4de|Rx|d|3|C00000
53.313794|55d|Rx|d|8|00FD50C091800000
53.313794|3b7|Rx|d|6|37007FC000C0
53.313794|211|Rx|d|8|8200FFFFA90000D1
53.313794|214|Rx|d|2|0
53.343527|1b0|Rx|d|4|FF00FFC4
53.343527|5de|Rx|d|8|2
53.343527|5df|Rx|d|3|9500
53.343527|211|Rx|d|8|8200FFFFA90000D1
53.343527|214|Rx|d|2|0
53.343527|1b0|Rx|d|4|FF00FFC4
53.343527|657|Rx|d|2|C0CC
53.368738|4ac|Rx|d|5|83762A0080
53.368738|45c|Rx|d|6|00000000FFE0
53.368738|211|Rx|d|8|8200FFFFA90000D1
53.368738|214|Rx|d|2|0
53.368738|218|Rx|d|1|98
53.368738|4fa|Rx|d|2|800
53.368738|671|Rx|d|2|200
53.368738|1b0|Rx|d|4|FF00FFC4
53.378012|211|Rx|d|8|8200FFFFA90000D1
53.378012|214|Rx|d|2|0
53.379358|1b0|Rx|d|4|FF00FFC4
53.379358|4f8|Rx|d|8|94C0000000000000
53.391966|211|Rx|d|8|8200FFFFA90000D1
53.391966|214|Rx|d|2|0
53.399962|350|Rx|d|8|C02F3AFA1870A489
53.399962|1b0|Rx|d|4|FF00FFC4
53.399962|4de|Rx|d|3|C00000
53.399962|55d|Rx|d|8|00FD50C091800000
53.399962|3b7|Rx|d|6|37007FC000C0
53.411956|211|Rx|d|8|8200FFFFA90000D1
53.411956|214|Rx|d|2|0
53.419949|1b0|Rx|d|4|FF00FFC4
53.419949|5de|Rx|d|8|2
53.429944|5df|Rx|d|3|9500
53.429944|211|Rx|d|8|8200FFFFA90000D1
53.429944|214|Rx|d|2|0
53.439937|1b0|Rx|d|4|FF00FFC4
53.439937|657|Rx|d|2|C0CC
53.449930|4ac|Rx|d|5|83752A0080
53.449930|45c|Rx|d|6|00000000FFE0
53.449930|211|Rx|d|8|8200FFFFA90000D1
53.449930|214|Rx|d|2|0
53.449930|218|Rx|d|1|98
53.449930|4fa|Rx|d|2|800
53.451932|671|Rx|d|2|200
53.459927|1b0|Rx|d|4|FF00FFC4
53.471918|211|Rx|d|8|8200FFFFA90000D1
53.471918|214|Rx|d|2|0
53.479723|1b0|Rx|d|4|FF00FFC4
53.479723|4f8|Rx|d|8|94C0000000000000
53.493716|211|Rx|d|8|8200FFFFA90000D1
53.493716|214|Rx|d|2|0
53.513510|350|Rx|d|8|C02F3AFA1870A489
53.513510|1b0|Rx|d|4|FF00FFC4
53.513510|4de|Rx|d|3|C00000
53.513510|55d|Rx|d|8|00FD50C091800000
53.513510|3b7|Rx|d|6|37007FC000C0
53.523843|211|Rx|d|8|8200FFFFA90000D1
53.523843|214|Rx|d|2|0
53.523843|1b0|Rx|d|4|FF00FFC4
53.523843|5de|Rx|d|8|2
53.548669|5df|Rx|d|3|9500
53.548669|211|Rx|d|8|8200FFFFA90000D1
53.548669|214|Rx|d|2|0
53.548669|1b0|Rx|d|4|FF00FFC4
53.548669|657|Rx|d|2|C0CC
53.554062|4ac|Rx|d|5|83752A0080
53.554062|45c|Rx|d|6|00000000FFE0
53.554062|211|Rx|d|8|8200FFFFA90000D1
53.554062|214|Rx|d|2|0
53.554062|218|Rx|d|1|98
53.554062|4fa|Rx|d|2|800
53.554062|671|Rx|d|2|200
53.583894|1b0|Rx|d|4|FF00FFC4
53.583894|211|Rx|d|8|8200FFFFA90000D1
53.583894|214|Rx|d|2|0
53.593798|1b0|Rx|d|4|FF00FFC4
53.593798|4f8|Rx|d|8|94C0000000000000
53.593798|211|Rx|d|8|8200FFFFA90000D1
53.593798|214|Rx|d|2|0
53.608015|350|Rx|d|8|C02F3AFA1870A489
53.608015|1b0|Rx|d|4|FF00FFC4
53.608015|4de|Rx|d|3|C00000
53.608015|55d|Rx|d|8|00FD50C091800000
53.608015|3b7|Rx|d|6|37007FC000C0
53.608015|646|Rx|d|8|000000020000000C
53.614012|211|Rx|d|8|8200FFFFA90000D1
53.614012|214|Rx|d|2|0
53.623472|1b0|Rx|d|4|FF00FFC4
53.623472|5de|Rx|d|8|2
53.653855|5df|Rx|d|3|9500
53.653855|211|Rx|d|8|8200FFFFA90000D1
53.653855|214|Rx|d|2|0
53.653855|1b0|Rx|d|4|FF00FFC4
53.653855|657|Rx|d|2|C0CC
53.653855|4ac|Rx|d|5|83762A0080
53.653855|45c|Rx|d|6|00000000FFE0
53.653855|211|Rx|d|8|8200FFFFA90000D1
53.653855|214|Rx|d|2|0
53.653855|218|Rx|d|1|98
53.653855|4fa|Rx|d|2|800
53.653855|671|Rx|d|2|200
53.683834|1b0|Rx|d|4|FF00FFC4
53.683834|211|Rx|d|8|8200FFFFA90000D1
53.683834|214|Rx|d|2|0
53.683834|1b0|Rx|d|4|FF00FFC4
53.683834|4f8|Rx|d|8|94C0000000000000
53.713642|211|Rx|d|8|8200FFFFA90000D1
53.713642|214|Rx|d|2|0
53.713642|350|Rx|d|8|C02F3AFA1870A489
53.713642|1b0|Rx|d|4|FF00FFC4
53.713642|4de|Rx|d|3|C00000
53.713642|55d|Rx|d|8|00FD50C091800000
53.713642|3b7|Rx|d|6|37007FC000C0
53.718659|211|Rx|d|8|8200FFFFA90000D1
53.718659|214|Rx|d|2|0
53.718659|1b0|Rx|d|4|FF00FFC4
53.718659|5de|Rx|d|8|2
53.733591|5df|Rx|d|3|9500
53.733591|211|Rx|d|8|8200FFFFA90000D1
53.733591|214|Rx|d|2|0
53.739512|1b0|Rx|d|4|FF00FFC4
53.739512|657|Rx|d|2|C0CC
53.739512|69f|Rx|d|4|0650859F
53.749506|4ac|Rx|d|5|83762A0080
53.749506|45c|Rx|d|6|00000000FFE0
53.751504|211|Rx|d|8|8200FFFFA90000D1
53.751504|214|Rx|d|2|0
53.751504|218|Rx|d|1|98
53.751504|4fa|Rx|d|2|800
53.751504|671|Rx|d|2|200
53.759499|1b0|Rx|d|4|FF00FFC4
53.771492|211|Rx|d|8|8200FFFFA90000D1
53.773490|214|Rx|d|2|0
53.779487|1b0|Rx|d|4|FF00FFC4
53.781485|4f8|Rx|d|8|94C0000000000000
53.791480|211|Rx|d|8|8200FFFFA90000D1
53.793478|214|Rx|d|2|0
53.799474|350|Rx|d|8|C02F3AFA1870A489
53.799474|1b0|Rx|d|4|FF00FFC4
53.799474|4de|Rx|d|3|C00000
53.799474|55d|Rx|d|8|00FD50C091800000
53.799474|3b7|Rx|d|6|37007FC000C0
53.811467|211|Rx|d|8|8200FFFFA90000D1
53.811467|214|Rx|d|2|0
53.819462|1b0|Rx|d|4|FF00FFC4
53.819462|5de|Rx|d|8|2
53.829456|5df|Rx|d|3|9500
53.831455|211|Rx|d|8|8200FFFFA90000D1
53.831455|214|Rx|d|2|0
53.839455|1b0|Rx|d|4|FF00FFC4
53.839455|657|Rx|d|2|C0CC
53.849444|4ac|Rx|d|5|83762A0080
53.849444|45c|Rx|d|6|00000000FFE0
53.853356|211|Rx|d|8|8200FFFFA90000D1
53.853356|214|Rx|d|2|0
53.853356|218|Rx|d|1|98
53.853356|4fa|Rx|d|2|800
53.853356|671|Rx|d|2|200
53.882972|1b0|Rx|d|4|FF00FFC4
53.883109|211|Rx|d|8|8200FFFFA90000D1
53.883109|214|Rx|d|2|0
53.883109|1b0|Rx|d|4|FF00FFC4
53.883109|4f8|Rx|d|8|94C0000000000000
53.903608|211|Rx|d|8|8200FFFFA90000D1
53.903608|214|Rx|d|2|0
53.903608|350|Rx|d|8|C02F3AFA1870A489
53.903608|1b0|Rx|d|4|FF00FFC4
53.903608|4de|Rx|d|3|C00000
53.903608|55d|Rx|d|8|00FD50C091800000
53.903608|3b7|Rx|d|6|37007FC000C0
53.913977|211|Rx|d|8|8200FFFFA90000D1
53.913977|214|Rx|d|2|0
53.923512|1b0|Rx|d|4|FF00FFC4
53.923512|5de|Rx|d|8|2
53.933599|5df|Rx|d|3|9500
53.933599|211|Rx|d|8|8200FFFFA90000D1
53.933599|214|Rx|d|2|0
53.948574|1b0|Rx|d|4|FF00FFC4
53.948574|657|Rx|d|2|C0CC
53.948574|4ac|Rx|d|5|83752A0080
53.948574|45c|Rx|d|6|00000000FFE0
53.963979|211|Rx|d|8|8200FFFFA90000D1
53.963979|214|Rx|d|2|0
53.963979|218|Rx|d|1|98
53.963979|4fa|Rx|d|2|800
53.963979|671|Rx|d|2|200
53.963979|1b0|Rx|d|4|FF00FFC4
53.978821|211|Rx|d|8|8200FFFFA90000D1
53.978821|214|Rx|d|2|0
53.978821|1b0|Rx|d|4|FF00FFC4
53.978821|4f8|Rx|d|8|94C0000000000000
53.998467|211|Rx|d|8|8200FFFFA90000D1
53.998467|214|Rx|d|2|0
53.998467|350|Rx|d|8|C02F3AFA1870A489
53.998467|1b0|Rx|d|4|FF00FFC4
53.998467|4de|Rx|d|3|C00000
53.998467|55d|Rx|d|8|00FD50C091800000
53.998467|3b7|Rx|d|6|37007FC000C0
54.023499|211|Rx|d|8|8200FFFFA90000D1
54.023499|214|Rx|d|2|0
54.023499|1b0|Rx|d|4|FF00FFC4
54.023499|5de|Rx|d|8|2
54.053859|5df|Rx|d|3|9500
54.053859|211|Rx|d|8|8200FFFFA90000D1
54.053859|214|Rx|d|2|0
54.053859|1b0|Rx|d|4|FF00FFC4
54.053859|657|Rx|d|2|C0CC
54.063816|4ac|Rx|d|5|83762A0080
54.063816|45c|Rx|d|6|00000000FFE0
54.063816|211|Rx|d|8|8200FFFFA90000D1
54.063816|214|Rx|d|2|0
54.063816|218|Rx|d|1|98
54.063816|4fa|Rx|d|2|800
54.063816|671|Rx|d|2|200
54.063816|1b0|Rx|d|4|FF00FFC4
54.083269|211|Rx|d|8|8200FFFFA90000D1
54.083269|214|Rx|d|2|0
54.083269|1b0|Rx|d|4|FF00FFC4
54.083269|4f8|Rx|d|8|94C0000000000000
54.091581|6fb|Rx|d|8|0F01A454FF0000FF
54.091581|211|Rx|d|8|8200FFFFA90000D1
54.091581|214|Rx|d|2|0
54.099577|350|Rx|d|8|C02F3AFA1870A489
54.099577|1b0|Rx|d|4|FF00FFC4
54.099577|4de|Rx|d|3|C00000
54.099577|55d|Rx|d|8|00FD50C091800000
54.099577|3b7|Rx|d|6|37007FC000C0
54.109572|646|Rx|d|8|000000020000000C
54.111576|211|Rx|d|8|8200FFFFA90000D1
54.111576|214|Rx|d|2|0
54.119565|1b0|Rx|d|4|FF00FFC4
54.119565|5de|Rx|d|8|2
54.119565|5ce|Rx|d|3|FEFF00
54.129558|5df|Rx|d|3|9500
54.131557|211|Rx|d|8|8200FFFFA90000D1
54.131557|214|Rx|d|2|0
54.139552|1b0|Rx|d|4|FF00FFC4
54.139552|657|Rx|d|2|C0CC
54.149546|4ac|Rx|d|5|83762A0080
54.149546|45c|Rx|d|6|00000000FFE0
54.153543|211|Rx|d|8|8200FFFFA90000D1
54.153543|214|Rx|d|2|0
54.153543|218|Rx|d|1|98
54.153543|4fa|Rx|d|2|800
54.153543|671|Rx|d|2|200
54.159540|1b0|Rx|d|4|FF00FFC4
54.173531|211|Rx|d|8|8200FFFFA90000D1
54.173531|214|Rx|d|2|0
54.179529|1b0|Rx|d|4|FF00FFC4
54.179529|4f8|Rx|d|8|94C0000000000000
54.193520|211|Rx|d|8|8200FFFFA90000D1
54.193520|214|Rx|d|2|0
54.199515|350|Rx|d|8|C02F3AFA1870A489
54.199515|1b0|Rx|d|4|FF00FFC4
54.199515|4de|Rx|d|3|C00000
54.199515|55d|Rx|d|8|00FD50C091800000
54.201516|3b7|Rx|d|6|37007FC000C0
54.218607|211|Rx|d|8|8200FFFFA90000D1
54.218607|214|Rx|d|2|0
54.223667|1b0|Rx|d|4|FF00FFC4
54.223667|5de|Rx|d|8|2
54.243531|5df|Rx|d|3|9500
54.243531|211|Rx|d|8|8200FFFFA90000D1
54.243531|214|Rx|d|2|0
54.243531|1b0|Rx|d|4|FF00FFC4
54.243531|657|Rx|d|2|C0CC
54.273377|4ac|Rx|d|5|83762A0080
54.273377|45c|Rx|d|6|00000000FFE0
54.273377|211|Rx|d|8|8200FFFFA90000D1
54.273377|214|Rx|d|2|0
54.273377|218|Rx|d|1|98
54.273377|4fa|Rx|d|2|800
54.273377|671|Rx|d|2|200
54.273377|1b0|Rx|d|4|FF00FFC4
54.273377|211|Rx|d|8|8200FFFFA90000D1
54.273377|214|Rx|d|2|0
54.293641|1b0|Rx|d|4|FF00FFC4
54.293641|4f8|Rx|d|8|94C0000000000000
54.293641|211|Rx|d|8|8200FFFFA90000D1
54.293641|214|Rx|d|2|0
54.323533|350|Rx|d|8|C02F3AFA1870A489
54.323533|1b0|Rx|d|4|FF00FFC4
54.323533|4de|Rx|d|3|C00000
54.323533|55d|Rx|d|8|00FD50C091800000
54.323533|3b7|Rx|d|6|37007FC000C0
54.323533|211|Rx|d|8|8200FFFFA90000D1
54.323533|214|Rx|d|2|0
54.323533|1b0|Rx|d|4|FF00FFC4
54.323533|5de|Rx|d|8|2
54.343550|5df|Rx|d|3|9500
54.343550|211|Rx|d|8|8200FFFFA90000D1
54.343550|214|Rx|d|2|0
54.343550|1b0|Rx|d|4|FF00FFC4
54.343550|657|Rx|d|2|C0CC
54.371646|4ac|Rx|d|5|83752A0080
54.371646|45c|Rx|d|6|00000000FFE0
54.371646|211|Rx|d|8|8200FFFFA90000D1
54.371646|214|Rx|d|2|0
54.371646|218|Rx|d|1|98
54.371646|4fa|Rx|d|2|800
54.371646|671|Rx|d|2|200
54.371646|1b0|Rx|d|4|FF00FFC4
54.371646|211|Rx|d|8|8200FFFFA90000D1
54.371646|214|Rx|d|2|0
54.394158|1b0|Rx|d|4|FF00FFC4
54.394158|4f8|Rx|d|8|94C0000000000000
54.394158|211|Rx|d|8|8200FFFFA90000D1
54.394158|214|Rx|d|2|0
54.413422|350|Rx|d|8|C02F3AFA1870A489
54.413422|1b0|Rx|d|4|FF00FFC4
54.413422|4de|Rx|d|3|C00000
54.413422|55d|Rx|d|8|00FD50C091800000
54.413422|3b7|Rx|d|6|37007FC000C0
54.418323|211|Rx|d|8|8200FFFFA90000D1
54.418323|214|Rx|d|2|0
54.423737|1b0|Rx|d|4|FF00FFC4
54.423737|5de|Rx|d|8|2
54.433523|5df|Rx|d|3|9500
54.433523|211|Rx|d|8|8200FFFFA90000D1
54.433523|214|Rx|d|2|0
54.453716|1b0|Rx|d|4|FF00FFC4
54.453716|657|Rx|d|2|C0CC
54.455714|4ac|Rx|d|5|83762A0080
54.455714|45c|Rx|d|6|00000000FFE0
54.455714|211|Rx|d|8|8200FFFFA90000D1
54.455714|214|Rx|d|2|0
54.455714|218|Rx|d|1|98
54.455714|4fa|Rx|d|2|800
54.455714|671|Rx|d|2|200
54.459712|1b0|Rx|d|4|FF00FFC4
54.478619|211|Rx|d|8|8200FFFFA90000D1
54.478619|214|Rx|d|2|0
54.478619|1b0|Rx|d|4|FF00FFC4
54.478619|4f8|Rx|d|8|94C0000000000000
54.504066|211|Rx|d|8|8200FFFFA90000D1
54.504066|214|Rx|d|2|0
54.504066|350|Rx|d|8|C02F3AFA1870A489
54.504066|1b0|Rx|d|4|FF00FFC4
54.504066|4de|Rx|d|3|C00000
54.504066|55d|Rx|d|8|00FD50C091800000
54.504066|3b7|Rx|d|6|37007FC000C0
54.528643|211|Rx|d|8|8200FFFFA90000D1
54.528643|214|Rx|d|2|0
54.528643|1b0|Rx|d|4|FF00FFC4
54.528643|5de|Rx|d|8|2
54.528643|5df|Rx|d|3|9500
54.533754|211|Rx|d|8|8200FFFFA90000D1
54.533754|214|Rx|d|2|0
54.548354|1b0|Rx|d|4|FF00FFC4
54.548354|657|Rx|d|2|C0CC
54.548354|4ac|Rx|d|5|83762A0080
54.548354|45c|Rx|d|6|00000000FFE0
54.553426|211|Rx|d|8|8200FFFFA90000D1
54.553426|214|Rx|d|2|0
54.553426|218|Rx|d|1|98
54.553426|4fa|Rx|d|2|800
54.553426|671|Rx|d|2|200
54.573628|1b0|Rx|d|4|FF00FFC4
54.573628|211|Rx|d|8|8200FFFFA90000D1
54.573628|214|Rx|d|2|0
54.583858|1b0|Rx|d|4|FF00FFC4
54.583858|4f8|Rx|d|8|94C0000000000000
54.598594|211|Rx|d|8|8200FFFFA90000D1
54.598594|214|Rx|d|2|0
54.603653|350|Rx|d|8|C02F3AFA1870A489
54.603653|1b0|Rx|d|4|FF00FFC4
54.603653|4de|Rx|d|3|C00000
54.603653|55d|Rx|d|8|00FD50C091800000
54.603653|3b7|Rx|d|6|37007FC000C0
54.618440|646|Rx|d|8|000000020000000C
54.618440|211|Rx|d|8|8200FFFFA90000D1
54.618440|214|Rx|d|2|0
54.623908|1b0|Rx|d|4|FF00FFC4
54.623908|5de|Rx|d|8|2
54.633838|5df|Rx|d|3|9500
54.633838|211|Rx|d|8|8200FFFFA90000D1
54.633838|214|Rx|d|2|0
54.664043|1b0|Rx|d|4|FF00FFC4
54.664043|657|Rx|d|2|C0CC
54.664043|4ac|Rx|d|5|83752A0080
54.664043|45c|Rx|d|6|00000000FFE0
54.664043|211|Rx|d|8|8200FFFFA90000D1
54.664043|214|Rx|d|2|0
54.664043|218|Rx|d|1|98
54.664043|4fa|Rx|d|2|800
54.664043|671|Rx|d|2|200
54.664043|1b0|Rx|d|4|FF00FFC4
54.683661|211|Rx|d|8|8200FFFFA90000D1
54.683661|214|Rx|d|2|0
54.683661|1b0|Rx|d|4|FF00FFC4
54.683661|4f8|Rx|d|8|94C0000000000000
54.703848|211|Rx|d|8|8200FFFFA90000D1
54.703848|214|Rx|d|2|0
54.708355|350|Rx|d|8|C02F3AFA1870A489
54.708355|1b0|Rx|d|4|FF00FFC4
54.708355|4de|Rx|d|3|C00000
54.708355|55d|Rx|d|8|00FD50C091800000
54.708355|3b7|Rx|d|6|37007FC000C0
54.723520|211|Rx|d|8|8200FFFFA90000D1
54.723520|214|Rx|d|2|0
54.733309|1b0|Rx|d|4|FF00FFC4
54.733309|5de|Rx|d|8|2
54.733309|5df|Rx|d|3|9500
54.733309|211|Rx|d|8|8200FFFFA90000D1
54.733309|214|Rx|d|2|0
54.763223|1b0|Rx|d|4|FF00FFC4
54.763223|657|Rx|d|2|C0CC
54.763223|69f|Rx|d|4|0650859F
54.763223|4ac|Rx|d|5|83762A0080
54.763223|45c|Rx|d|6|00000000FFE0
54.763223|211|Rx|d|8|8200FFFFA90000D1
54.763223|214|Rx|d|2|0
54.763223|218|Rx|d|1|98
54.763223|4fa|Rx|d|2|800
54.763223|671|Rx|d|2|200
54.763223|1b0|Rx|d|4|FF00FFC4
54.780079|211|Rx|d|8|8200FFFFA90000D1
54.780079|214|Rx|d|2|0
54.780079|1b0|Rx|d|4|FF00FFC4
54.780079|4f8|Rx|d|8|94C0000000000000
54.803431|211|Rx|d|8|8200FFFFA90000D1
54.803431|214|Rx|d|2|0
54.803431|350|Rx|d|8|C02F3AFA1870A489
54.803431|1b0|Rx|d|4|FF00FFC4
54.803431|4de|Rx|d|3|C00000
54.803431|55d|Rx|d|8|00FD50C091800000
54.803431|3b7|Rx|d|6|37007FC000C0
54.823743|211|Rx|d|8|8200FFFFA90000D1
54.823743|214|Rx|d|2|0
54.823743|1b0|Rx|d|4|FF00FFC4
54.823743|5de|Rx|d|8|2
54.843700|5df|Rx|d|3|9500
54.843700|211|Rx|d|8|8200FFFFA90000D1
54.843700|214|Rx|d|2|0
54.843700|1b0|Rx|d|4|FF00FFC4
54.843700|657|Rx|d|2|C0CC
54.863229|4ac|Rx|d|5|83752A0080
54.863229|45c|Rx|d|6|00000000FFE0
54.863229|211|Rx|d|8|8200FFFFA90000D1
54.863229|214|Rx|d|2|0
54.863229|218|Rx|d|1|98
54.863229|4fa|Rx|d|2|800
54.863229|671|Rx|d|2|200
54.873766|1b0|Rx|d|4|FF00FFC4
54.873766|211|Rx|d|8|8200FFFFA90000D1
54.873766|214|Rx|d|2|0
54.893779|1b0|Rx|d|4|FF00FFC4
54.893779|4f8|Rx|d|8|94C0000000000000
54.893779|211|Rx|d|8|8200FFFFA90000D1
54.893779|214|Rx|d|2|0
54.913431|350|Rx|d|8|C02F3AFA1870A489
54.913431|1b0|Rx|d|4|FF00FFC4
54.913431|4de|Rx|d|3|C00000
54.913431|55d|Rx|d|8|00FD50C091800000
54.913431|3b7|Rx|d|6|37007FC000C0
54.913431|211|Rx|d|8|8200FFFFA90000D1
54.913431|214|Rx|d|2|0
54.923358|1b0|Rx|d|4|FF00FFC4
54.923358|5de|Rx|d|8|2
54.928522|5df|Rx|d|3|9500
54.928522|211|Rx|d|8|8200FFFFA90000D1
54.930521|214|Rx|d|2|0
54.940514|1b0|Rx|d|4|FF00FFC4
54.940514|657|Rx|d|2|C0CC
54.950509|4ac|Rx|d|5|83752A0080
54.950509|45c|Rx|d|6|00000000FFE0
54.950509|211|Rx|d|8|8200FFFFA90000D1
54.952507|214|Rx|d|2|0
54.952507|218|Rx|d|1|98
54.952507|4fa|Rx|d|2|800
54.952507|671|Rx|d|2|200
54.958504|1b0|Rx|d|4|FF00FFC4
54.970496|211|Rx|d|8|8200FFFFA90000D1
54.970496|214|Rx|d|2|0
54.980491|1b0|Rx|d|4|FF00FFC4
54.980491|4f8|Rx|d|8|94C0000000000000
54.992482|211|Rx|d|8|8200FFFFA90000D1
54.992482|214|Rx|d|2|0
55.000480|350|Rx|d|8|C02F3AFA1870A489
55.000480|1b0|Rx|d|4|FF00FFC4
55.000480|4de|Rx|d|3|C00000
55.000480|55d|Rx|d|8|00FD50C091800000
55.000480|3b7|Rx|d|6|37007FC000C0
55.012471|211|Rx|d|8|8200FFFFA90000D1
55.012471|214|Rx|d|2|0
55.020465|1b0|Rx|d|4|FF00FFC4
55.020465|5de|Rx|d|8|2
55.030460|5df|Rx|d|3|9500
55.030460|211|Rx|d|8|8200FFFFA90000D1
55.030460|214|Rx|d|2|0
55.040453|1b0|Rx|d|4|FF00FFC4
55.040453|657|Rx|d|2|C0CC
55.053888|4ac|Rx|d|5|83762A0080
55.053888|45c|Rx|d|6|00000000FFE0
55.063542|211|Rx|d|8|8200FFFFA90000D1
55.063542|214|Rx|d|2|0
55.063542|218|Rx|d|1|98
55.063542|4fa|Rx|d|2|800
55.063542|671|Rx|d|2|200
55.063542|1b0|Rx|d|4|FF00FFC4
55.080361|211|Rx|d|8|8200FFFFA90000D1
55.080361|214|Rx|d|2|0
55.080361|1b0|Rx|d|4|FF00FFC4
55.080361|4f8|Rx|d|8|94C0000000000000
55.103527|211|Rx|d|8|8200FFFFA90000D1
55.103527|214|Rx|d|2|0
55.103527|350|Rx|d|8|C02F3AFA1870A489
55.103527|1b0|Rx|d|4|FF00FFC4
55.103527|4de|Rx|d|3|C00000
55.103527|55d|Rx|d|8|00FD50C091800000
55.103527|3b7|Rx|d|6|37007FC000C0
55.128499|646|Rx|d|8|000000020000000C
55.128499|211|Rx|d|8|8200FFFFA90000D1
55.128499|214|Rx|d|2|0
55.128499|1b0|Rx|d|4|FF00FFC4
55.128499|5de|Rx|d|8|2
55.128499|5df|Rx|d|3|9500
55.128499|211|Rx|d|8|8200FFFFA90000D1
55.128499|214|Rx|d|2|0
55.143868|1b0|Rx|d|4|FF00FFC4
55.143868|657|Rx|d|2|C0CC
55.163674|4ac|Rx|d|5|83762A0080
55.163674|45c|Rx|d|6|00000000FFE0
55.163674|211|Rx|d|8|8200FFFFA90000D1
55.163674|214|Rx|d|2|0
55.163674|218|Rx|d|1|98
55.163674|4fa|Rx|d|2|800
55.163674|671|Rx|d|2|200
55.163674|1b0|Rx|d|4|FF00FFC4
55.178243|211|Rx|d|8|8200FFFFA90000D1
55.178243|214|Rx|d|2|0
55.180437|1b0|Rx|d|4|FF00FFC4
55.180437|4f8|Rx|d|8|94C0000000000000
55.204115|211|Rx|d|8|8200FFFFA90000D1
55.204115|214|Rx|d|2|0
55.204115|350|Rx|d|8|C02F3AFA1870A489
55.204115|1b0|Rx|d|4|FF00FFC4
55.204115|4de|Rx|d|3|C00000
55.204115|55d|Rx|d|8|00FD50C091800000
55.204115|3b7|Rx|d|6|37007FC000C0
55.212111|211|Rx|d|8|8200FFFFA90000D1
55.212111|214|Rx|d|2|0
55.220107|1b0|Rx|d|4|FF00FFC4
55.220107|5de|Rx|d|8|2
55.230099|5df|Rx|d|3|9500
55.230099|211|Rx|d|8|8200FFFFA90000D1
55.230099|214|Rx|d|2|0
55.240097|1b0|Rx|d|4|FF00FFC4
55.240097|657|Rx|d|2|C0CC
55.250087|4ac|Rx|d|5|83752A0080
55.250087|45c|Rx|d|6|00000000FFE0
55.252086|211|Rx|d|8|8200FFFFA90000D1
55.252086|214|Rx|d|2|0
55.252086|218|Rx|d|1|98
55.252086|4fa|Rx|d|2|800
55.252086|671|Rx|d|2|200
55.260081|1b0|Rx|d|4|FF00FFC4
55.272073|211|Rx|d|8|8200FFFFA90000D1
55.272073|214|Rx|d|2|0
55.280068|1b0|Rx|d|4|FF00FFC4
55.280068|4f8|Rx|d|8|94C0000000000000
55.292062|211|Rx|d|8|8200FFFFA90000D1
55.292062|214|Rx|d|2|0
55.300056|350|Rx|d|8|C02F3AFA1870A489
55.300056|1b0|Rx|d|4|FF00FFC4
55.300056|4de|Rx|d|3|C00000
55.300056|55d|Rx|d|8|00FD50C091800000
55.300056|3b7|Rx|d|6|37007FC000C0
55.312048|211|Rx|d|8|8200FFFFA90000D1
55.312048|214|Rx|d|2|0
55.323626|1b0|Rx|d|4|FF00FFC4
55.323626|5de|Rx|d|8|2
55.354172|5df|Rx|d|3|9500
55.354172|211|Rx|d|8|8200FFFFA90000D1
55.354172|214|Rx|d|2|0
55.354172|1b0|Rx|d|4|FF00FFC4
55.354172|657|Rx|d|2|C0CC
55.354172|4ac|Rx|d|5|83752A0080
55.354172|45c|Rx|d|6|00000000FFE0
55.354172|211|Rx|d|8|8200FFFFA90000D1
55.354172|214|Rx|d|2|0
55.354172|218|Rx|d|1|98
55.354172|4fa|Rx|d|2|800
55.354172|671|Rx|d|2|200
55.380034|1b0|Rx|d|4|FF00FFC4
55.380034|211|Rx|d|8|8200FFFFA90000D1
55.380034|214|Rx|d|2|0
55.383659|1b0|Rx|d|4|FF00FFC4
55.383659|4f8|Rx|d|8|94C0000000000000
55.404015|211|Rx|d|8|8200FFFFA90000D1
55.404015|214|Rx|d|2|0
55.404015|350|Rx|d|8|C02F3AFA1870A489
55.404015|1b0|Rx|d|4|FF00FFC4
55.404015|4de|Rx|d|3|C00000
55.404015|55d|Rx|d|8|00FD50C091800000
55.404015|3b7|Rx|d|6|37007FC000C0
55.433833|211|Rx|d|8|8200FFFFA90000D1
55.433833|214|Rx|d|2|0
55.433833|1b0|Rx|d|4|FF00FFC4
55.433833|5de|Rx|d|8|2
55.433833|5df|Rx|d|3|9500
55.433833|211|Rx|d|8|8200FFFFA90000D1
55.433833|214|Rx|d|2|0
55.453748|1b0|Rx|d|4|FF00FFC4
55.453748|657|Rx|d|2|C0CC
55.453748|4ac|Rx|d|5|83752A0080
55.453748|45c|Rx|d|6|00000000FFE0
55.453748|211|Rx|d|8|8200FFFFA90000D1
55.453748|214|Rx|d|2|0
55.453748|218|Rx|d|1|98
55.453748|4fa|Rx|d|2|800
55.453748|671|Rx|d|2|200
55.479941|1b0|Rx|d|4|FF00FFC4
55.479941|211|Rx|d|8|8200FFFFA90000D1
55.479941|214|Rx|d|2|0
55.483479|1b0|Rx|d|4|FF00FFC4
55.483479|4f8|Rx|d|8|94C0000000000000
55.493741|211|Rx|d|8|8200FFFFA90000D1
55.502912|214|Rx|d|2|0
55.502912|350|Rx|d|8|C02F3AFA1870A489
55.502912|1b0|Rx|d|4|FF00FFC4
55.502912|4de|Rx|d|3|C00000
55.502912|55d|Rx|d|8|00FD50C091800000
55.502912|3b7|Rx|d|6|37007FC000C0
55.522770|211|Rx|d|8|8200FFFFA90000D1
55.522770|214|Rx|d|2|0
55.522770|1b0|Rx|d|4|FF00FFC4
55.522770|5de|Rx|d|8|2
55.554074|5df|Rx|d|3|9500
55.554074|211|Rx|d|8|8200FFFFA90000D1
55.554074|214|Rx|d|2|0
55.554074|1b0|Rx|d|4|FF00FFC4
55.554074|657|Rx|d|2|C0CC
55.554074|4ac|Rx|d|5|83752A0080
55.554074|45c|Rx|d|6|00000000FFE0
55.554074|211|Rx|d|8|8200FFFFA90000D1
55.554074|214|Rx|d|2|0
55.554074|218|Rx|d|1|98
55.554074|4fa|Rx|d|2|800
55.554074|671|Rx|d|2|200
55.568463|1b0|Rx|d|4|FF00FFC4
55.568463|211|Rx|d|8|8200FFFFA90000D1
55.573500|214|Rx|d|2|0
55.583569|1b0|Rx|d|4|FF00FFC4
55.583569|4f8|Rx|d|8|94C0000000000000
55.598695|211|Rx|d|8|8200FFFFA90000D1
55.598695|214|Rx|d|2|0
55.603974|350|Rx|d|8|C02F3AFA1870A489
55.603974|1b0|Rx|d|4|FF00FFC4
55.603974|4de|Rx|d|3|C00000
55.603974|55d|Rx|d|8|00FD50C091800000
55.603974|3b7|Rx|d|6|37007FC000C0
55.623723|646|Rx|d|8|000000020000000C
55.623723|211|Rx|d|8|8200FFFFA90000D1
55.623723|214|Rx|d|2|0
55.632498|1b0|Rx|d|4|FF00FFC4
55.632498|5de|Rx|d|8|2
55.632498|5df|Rx|d|3|9500
55.632498|211|Rx|d|8|8200FFFFA90000D1
55.632498|214|Rx|d|2|0
55.653795|1b0|Rx|d|4|FF00FFC4
55.653795|657|Rx|d|2|C0CC
55.653795|4ac|Rx|d|5|83752A0080
55.653795|45c|Rx|d|6|00000000FFE0
55.653795|211|Rx|d|8|8200FFFFA90000D1
55.653795|214|Rx|d|2|0
55.653795|218|Rx|d|1|98
55.653795|4fa|Rx|d|2|800
55.653795|671|Rx|d|2|200
55.673407|1b0|Rx|d|4|FF00FFC4
55.673407|211|Rx|d|8|8200FFFFA90000D1
55.673407|214|Rx|d|2|0
55.686009|1b0|Rx|d|4|FF00FFC4
55.686009|4f8|Rx|d|8|94C0000000000000
55.703801|211|Rx|d|8|8200FFFFA90000D1
55.703801|214|Rx|d|2|0
55.708622|350|Rx|d|8|C02F3AFA1870A489
55.708622|1b0|Rx|d|4|FF00FFC4
55.708622|4de|Rx|d|3|C00000
55.708622|55d|Rx|d|8|00FD50C091800000
55.708622|3b7|Rx|d|6|37007FC000C0
55.708622|211|Rx|d|8|8200FFFFA90000D1
55.708622|214|Rx|d|2|0
55.723745|1b0|Rx|d|4|FF00FFC4
55.723745|5de|Rx|d|8|2
55.733294|5df|Rx|d|3|9500
55.733294|211|Rx|d|8|8200FFFFA90000D1
55.733294|214|Rx|d|2|0
55.748359|1b0|Rx|d|4|FF00FFC4
55.748359|657|Rx|d|2|C0CC
55.748359|69f|Rx|d|4|0650859F
55.748359|4ac|Rx|d|5|83752A0080
55.748359|45c|Rx|d|6|00000000FFE0
55.748359|211|Rx|d|8|8200FFFFA90000D1
55.763111|214|Rx|d|2|0
55.763111|218|Rx|d|1|98
55.763111|4fa|Rx|d|2|800
55.763111|671|Rx|d|2|200
55.763111|1b0|Rx|d|4|FF00FFC4
55.783700|211|Rx|d|8|8200FFFFA90000D1
55.783700|214|Rx|d|2|0
55.783700|1b0|Rx|d|4|FF00FFC4
55.783700|4f8|Rx|d|8|94C0000000000000
55.798434|211|Rx|d|8|8200FFFFA90000D1
55.798434|214|Rx|d|2|0
55.798434|350|Rx|d|8|C02F3AFA1870A489
55.798434|1b0|Rx|d|4|FF00FFC4
55.798434|4de|Rx|d|3|C00000
55.798434|55d|Rx|d|8|00FD50C091800000
55.798434|3b7|Rx|d|6|37007FC000C0
55.813445|211|Rx|d|8|8200FFFFA90000D1
55.813445|214|Rx|d|2|0
55.828549|1b0|Rx|d|4|FF00FFC4
55.828549|5de|Rx|d|8|2
55.833824|5df|Rx|d|3|9500
55.833824|211|Rx|d|8|8200FFFFA90000D1
55.833824|214|Rx|d|2|0
55.853627|1b0|Rx|d|4|FF00FFC4
55.853627|657|Rx|d|2|C0CC
55.863588|4ac|Rx|d|5|83752A0080
55.863588|45c|Rx|d|6|00000000FFE0
55.863588|211|Rx|d|8|8200FFFFA90000D1
55.863588|214|Rx|d|2|0
55.863588|218|Rx|d|1|98
55.863588|4fa|Rx|d|2|800
55.863588|671|Rx|d|2|200
55.863588|1b0|Rx|d|4|FF00FFC4
55.883977|211|Rx|d|8|8200FFFFA90000D1
55.883977|214|Rx|d|2|0
55.883977|1b0|Rx|d|4|FF00FFC4
55.883977|4f8|Rx|d|8|94C0000000000000
55.898304|211|Rx|d|8|8200FFFFA90000D1
55.898304|214|Rx|d|2|0
55.898304|350|Rx|d|8|C02F3AFA1870A489
55.898304|1b0|Rx|d|4|FF00FFC4
55.898304|4de|Rx|d|3|C00000
55.898304|55d|Rx|d|8|00FD50C091800000
55.898304|3b7|Rx|d|6|37007FC000C0
55.923342|211|Rx|d|8|8200FFFFA90000D1
55.923342|214|Rx|d|2|0
55.923342|1b0|Rx|d|4|FF00FFC4
55.923342|5de|Rx|d|8|2
55.938431|5df|Rx|d|3|9500
55.938431|211|Rx|d|8|8200FFFFA90000D1
55.938431|214|Rx|d|2|0
55.938431|1b0|Rx|d|4|FF00FFC4
55.938431|657|Rx|d|2|C0CC
55.953515|4ac|Rx|d|5|83752A0080
55.953515|45c|Rx|d|6|00000000FFE0
55.953515|211|Rx|d|8|8200FFFFA90000D1
55.953515|214|Rx|d|2|0
55.953515|218|Rx|d|1|98
55.953515|4fa|Rx|d|2|800
55.953515|671|Rx|d|2|200
55.968687|1b0|Rx|d|4|FF00FFC4
55.968687|211|Rx|d|8|8200FFFFA90000D1
55.968687|214|Rx|d|2|0
55.983511|1b0|Rx|d|4|FF00FFC4
55.983511|4f8|Rx|d|8|94C0000000000000
55.993315|211|Rx|d|8|8200FFFFA90000D1
55.993315|214|Rx|d|2|0
56.003719|350|Rx|d|8|C02F3AFA1870A489
56.003719|1b0|Rx|d|4|FF00FFC4
56.003719|4de|Rx|d|3|C00000
56.003719|55d|Rx|d|8|00FD50C091800000
56.003719|3b7|Rx|d|6|37007FC000C0
56.018841|211|Rx|d|8|8200FFFFA90000D1
56.018841|214|Rx|d|2|0
56.018841|1b0|Rx|d|4|FF00FFC4
56.018841|5de|Rx|d|8|2
56.033724|5df|Rx|d|3|9500
56.033724|211|Rx|d|8|8200FFFFA90000D1
56.033724|214|Rx|d|2|0
56.048878|1b0|Rx|d|4|FF00FFC4
56.048878|657|Rx|d|2|C0CC
56.048878|4ac|Rx|d|5|83752A0080
56.048878|45c|Rx|d|6|00000000FFE0
56.048878|211|Rx|d|8|8200FFFFA90000D1
56.048878|214|Rx|d|2|0
56.048878|218|Rx|d|1|98
56.048878|4fa|Rx|d|2|800
56.063672|671|Rx|d|2|200
56.063672|1b0|Rx|d|4|FF00FFC4
56.078539|211|Rx|d|8|8200FFFFA90000D1
56.078539|214|Rx|d|2|0
56.082108|1b0|Rx|d|4|FF00FFC4
56.082108|4f8|Rx|d|8|94C0000000000000
56.090384|211|Rx|d|8|8200FFFFA90000D1
56.090384|214|Rx|d|2|0
56.103572|350|Rx|d|8|C02F3AFA1870A489
56.103572|1b0|Rx|d|4|FF00FFC4
56.103572|4de|Rx|d|3|C00000
56.103572|55d|Rx|d|8|00FD50C091800000
56.103572|3b7|Rx|d|6|37007FC000C0
56.110364|646|Rx|d|8|000000020000000C
56.110364|211|Rx|d|8|8200FFFFA90000D1
56.110364|214|Rx|d|2|0
56.122927|1b0|Rx|d|4|FF00FFC4
56.122927|5de|Rx|d|8|2
56.131168|5df|Rx|d|3|9500
56.131168|211|Rx|d|8|8200FFFFA90000D1
56.131168|214|Rx|d|2|0
56.141006|1b0|Rx|d|4|FF00FFC4
56.141006|657|Rx|d|2|C0CC
56.153428|4ac|Rx|d|5|83752A0080
56.153428|45c|Rx|d|6|00000000FFE0
56.153428|211|Rx|d|8|8200FFFFA90000D1
56.153428|214|Rx|d|2|0
56.153428|218|Rx|d|1|98
56.153428|4fa|Rx|d|2|800
56.153428|671|Rx|d|2|200
56.184170|1b0|Rx|d|4|FF00FFC4
56.184170|211|Rx|d|8|8200FFFFA90000D1
56.184170|214|Rx|d|2|0
56.184170|1b0|Rx|d|4|FF00FFC4
56.184170|4f8|Rx|d|8|94C0000000000000
56.198924|211|Rx|d|8|8200FFFFA90000D1
56.198924|214|Rx|d|2|0
56.198924|350|Rx|d|8|C02F3AFA1870A489
56.198924|1b0|Rx|d|4|FF00FFC4
56.198924|4de|Rx|d|3|C00000
56.198924|55d|Rx|d|8|00FD50C091800000
56.198924|3b7|Rx|d|6|37007FC000C0
56.213379|211|Rx|d|8|8200FFFFA90000D1
56.213379|214|Rx|d|2|0
56.233797|1b0|Rx|d|4|FF00FFC4
56.233797|5de|Rx|d|8|2
56.233797|5df|Rx|d|3|9500
56.233797|211|Rx|d|8|8200FFFFA90000D1
56.233797|214|Rx|d|2|0
56.253136|1b0|Rx|d|4|FF00FFC4
56.253136|657|Rx|d|2|C0CC
56.253136|4ac|Rx|d|5|83762A0080
56.253136|45c|Rx|d|6|00000000FFE0
56.253136|211|Rx|d|8|8200FFFFA90000D1
56.253136|214|Rx|d|2|0
56.253136|218|Rx|d|1|98
56.253136|4fa|Rx|d|2|800
56.253136|671|Rx|d|2|200
56.284019|1b0|Rx|d|4|FF00FFC4
56.284019|211|Rx|d|8|8200FFFFA90000D1
56.284019|214|Rx|d|2|0
56.284019|1b0|Rx|d|4|FF00FFC4
56.284019|4f8|Rx|d|8|94C0000000000000
56.308531|211|Rx|d|8|8200FFFFA90000D1
56.308531|214|Rx|d|2|0
56.308531|350|Rx|d|8|C02F3AFA1870A489
56.308531|1b0|Rx|d|4|FF00FFC4
56.308531|4de|Rx|d|3|C00000
56.308531|55d|Rx|d|8|00FD50C091800000
56.308531|3b7|Rx|d|6|37007FC000C0
56.308531|211|Rx|d|8|8200FFFFA90000D1
56.308531|214|Rx|d|2|0
56.333790|1b0|Rx|d|4|FF00FFC4
56.333790|5de|Rx|d|8|2
56.333790|5df|Rx|d|3|9500
56.333790|211|Rx|d|8|8200FFFFA90000D1
56.333790|214|Rx|d|2|0
56.343455|1b0|Rx|d|4|FF00FFC4
56.343455|657|Rx|d|2|C0CC
56.363610|4ac|Rx|d|5|83752A0080
56.363610|45c|Rx|d|6|00000000FFE0
56.363610|211|Rx|d|8|8200FFFFA90000D1
56.363610|214|Rx|d|2|0
56.363610|218|Rx|d|1|98
56.363610|4fa|Rx|d|2|800
56.363610|671|Rx|d|2|200
56.373727|1b0|Rx|d|4|FF00FFC4
56.373727|211|Rx|d|8|8200FFFFA90000D1
56.373727|214|Rx|d|2|0
56.403963|1b0|Rx|d|4|FF00FFC4
56.403963|4f8|Rx|d|8|94C0000000000000
56.403963|211|Rx|d|8|8200FFFFA90000D1
56.403963|214|Rx|d|2|0
56.403963|350|Rx|d|8|C02F3AFA1870A489
56.403963|1b0|Rx|d|4|FF00FFC4
56.403963|4de|Rx|d|3|C00000
56.403963|55d|Rx|d|8|00FD50C091800000
56.403963|3b7|Rx|d|6|37007FC000C0
56.429852|211|Rx|d|8|8200FFFFA90000D1
56.429852|214|Rx|d|2|0
56.429852|1b0|Rx|d|4|FF00FFC4
56.429852|5de|Rx|d|8|2
56.429852|5df|Rx|d|3|9500
56.429852|211|Rx|d|8|8200FFFFA90000D1
56.429852|214|Rx|d|2|0
56.441025|1b0|Rx|d|4|FF00FFC4
56.441025|657|Rx|d|2|C0CC
56.462879|4ac|Rx|d|5|83762A0080
56.462879|45c|Rx|d|6|00000000FFE0
56.462879|211|Rx|d|8|8200FFFFA90000D1
56.462879|214|Rx|d|2|0
56.462879|218|Rx|d|1|98
56.462879|4fa|Rx|d|2|800
56.462879|671|Rx|d|2|200
56.473357|1b0|Rx|d|4|FF00FFC4
56.473357|211|Rx|d|8|8200FFFFA90000D1
56.473357|214|Rx|d|2|0
56.499591|1b0|Rx|d|4|FF00FFC4
56.499591|4f8|Rx|d|8|94C0000000000000
56.499591|211|Rx|d|8|8200FFFFA90000D1
56.499591|214|Rx|d|2|0
56.499591|350|Rx|d|8|C02F3AFA1870A489
56.499591|1b0|Rx|d|4|FF00FFC4
56.499591|4de|Rx|d|3|C00000
56.499591|55d|Rx|d|8|00FD50C091800000
56.499591|3b7|Rx|d|6|37007FC000C0
56.523474|211|Rx|d|8|8200FFFFA90000D1
56.523474|214|Rx|d|2|0
56.523474|1b0|Rx|d|4|FF00FFC4
56.523474|5de|Rx|d|8|2
56.541123|5df|Rx|d|3|9500
56.541123|211|Rx|d|8|8200FFFFA90000D1
56.541123|214|Rx|d|2|0
56.543654|1b0|Rx|d|4|FF00FFC4
56.543654|657|Rx|d|2|C0CC
56.563352|4ac|Rx|d|5|83752A0080
56.563352|45c|Rx|d|6|00000000FFE0
56.563352|211|Rx|d|8|8200FFFFA90000D1
56.563352|214|Rx|d|2|0
56.563352|218|Rx|d|1|98
56.563352|4fa|Rx|d|2|800
56.563352|671|Rx|d|2|200
56.565339|1b0|Rx|d|4|FF00FFC4
56.578794|211|Rx|d|8|8200FFFFA90000D1
56.578794|214|Rx|d|2|0
56.583687|1b0|Rx|d|4|FF00FFC4
56.583687|4f8|Rx|d|8|94C0000000000000
56.603996|211|Rx|d|8|8200FFFFA90000D1
56.603996|214|Rx|d|2|0
56.614207|350|Rx|d|8|C02F3AFA1870A489
56.614207|1b0|Rx|d|4|FF00FFC4
56.614207|4de|Rx|d|3|C00000
56.614207|55d|Rx|d|8|00FD50C091800000
56.614207|3b7|Rx|d|6|37007FC000C0
56.614207|646|Rx|d|8|000000020000000C
56.614207|211|Rx|d|8|8200FFFFA90000D1
56.614207|214|Rx|d|2|0
56.633692|1b0|Rx|d|4|FF00FFC4
56.633692|5de|Rx|d|8|2
56.633692|5df|Rx|d|3|9500
56.633692|211|Rx|d|8|8200FFFFA90000D1
56.633692|214|Rx|d|2|0
56.643429|1b0|Rx|d|4|FF00FFC4
56.643429|657|Rx|d|2|C0CC
56.653941|4ac|Rx|d|5|83752A0080
56.653941|45c|Rx|d|6|00000000FFE0
56.653941|211|Rx|d|8|8200FFFFA90000D1
56.653941|214|Rx|d|2|0
56.653941|218|Rx|d|1|98
56.653941|4fa|Rx|d|2|800
56.653941|671|Rx|d|2|200
56.680751|1b0|Rx|d|4|FF00FFC4
56.680751|211|Rx|d|8|8200FFFFA90000D1
56.680751|214|Rx|d|2|0
56.680751|1b0|Rx|d|4|FF00FFC4
56.680751|4f8|Rx|d|8|94C0000000000000
56.703549|211|Rx|d|8|8200FFFFA90000D1
56.703549|214|Rx|d|2|0
56.703549|350|Rx|d|8|C02F3AFA1870A489
56.703549|1b0|Rx|d|4|FF00FFC4
56.703549|4de|Rx|d|3|C00000
56.703549|55d|Rx|d|8|00FD50C091800000
56.703549|3b7|Rx|d|6|37007FC000C0
56.724178|211|Rx|d|8|8200FFFFA90000D1
56.724178|214|Rx|d|2|0
56.724178|1b0|Rx|d|4|FF00FFC4
56.724178|5de|Rx|d|8|2
56.741372|5df|Rx|d|3|9500
56.741372|211|Rx|d|8|8200FFFFA90000D1
56.741372|214|Rx|d|2|0
56.741372|1b0|Rx|d|4|FF00FFC4
56.741372|657|Rx|d|2|C0CC
56.741372|69f|Rx|d|4|0650859F
56.753712|4ac|Rx|d|5|83762A0080
56.753712|45c|Rx|d|6|00000000FFE0
56.753712|211|Rx|d|8|8200FFFFA90000D1
56.753712|214|Rx|d|2|0
56.753712|218|Rx|d|1|98
56.753712|4fa|Rx|d|2|800
56.753712|671|Rx|d|2|200
56.783442|1b0|Rx|d|4|FF00FFC4
56.783442|211|Rx|d|8|8200FFFFA90000D1
56.783442|214|Rx|d|2|0
56.783442|1b0|Rx|d|4|FF00FFC4
56.783442|4f8|Rx|d|8|94C0000000000000
56.803305|211|Rx|d|8|8200FFFFA90000D1
56.803305|214|Rx|d|2|0
56.803305|350|Rx|d|8|C02F3AFA1870A489
56.803305|1b0|Rx|d|4|FF00FFC4
56.803305|4de|Rx|d|3|C00000
56.803305|55d|Rx|d|8|00FD50C091800000
56.803305|3b7|Rx|d|6|37007FC000C0
56.823811|211|Rx|d|8|8200FFFFA90000D1
56.823811|214|Rx|d|2|0
56.823811|1b0|Rx|d|4|FF00FFC4
56.823811|5de|Rx|d|8|2
56.838358|5df|Rx|d|3|9500
56.838358|211|Rx|d|8|8200FFFFA90000D1
56.838358|214|Rx|d|2|0
56.838358|1b0|Rx|d|4|FF00FFC4
56.838358|657|Rx|d|2|C0CC
56.863816|4ac|Rx|d|5|83752A0080
56.863816|45c|Rx|d|6|00000000FFE0
56.863816|211|Rx|d|8|8200FFFFA90000D1
56.863816|214|Rx|d|2|0
56.863816|218|Rx|d|1|98
56.863816|4fa|Rx|d|2|800
56.863816|671|Rx|d|2|200
56.863816|1b0|Rx|d|4|FF00FFC4
56.893736|211|Rx|d|8|8200FFFFA90000D1
56.893736|214|Rx|d|2|0
56.893736|1b0|Rx|d|4|FF00FFC4
56.893736|4f8|Rx|d|8|94C0000000000000
56.893736|211|Rx|d|8|8200FFFFA90000D1
56.893736|214|Rx|d|2|0
56.913984|350|Rx|d|8|C02F3AFA1870A489
56.913984|1b0|Rx|d|4|FF00FFC4
56.913984|4de|Rx|d|3|C00000
56.913984|55d|Rx|d|8|00FD50C091800000
56.913984|3b7|Rx|d|6|37007FC000C0
56.913984|211|Rx|d|8|8200FFFFA90000D1
56.913984|214|Rx|d|2|0
56.923506|1b0|Rx|d|4|FF00FFC4
56.923506|5de|Rx|d|8|2
56.933524|5df|Rx|d|3|9500
56.933524|211|Rx|d|8|8200FFFFA90000D1
56.933524|214|Rx|d|2|0
56.941622|1b0|Rx|d|4|FF00FFC4
56.941622|657|Rx|d|2|C0CC
56.958783|4ac|Rx|d|5|83752A0080
56.958783|45c|Rx|d|6|00000000FFE0
56.958783|211|Rx|d|8|8200FFFFA90000D1
56.958783|214|Rx|d|2|0
56.958783|218|Rx|d|1|98
56.958783|4fa|Rx|d|2|800
56.958783|671|Rx|d|2|200
56.963425|1b0|Rx|d|4|FF00FFC4
56.973707|211|Rx|d|8|8200FFFFA90000D1
56.973707|214|Rx|d|2|0
56.993878|1b0|Rx|d|4|FF00FFC4
56.993878|4f8|Rx|d|8|94C0000000000000
56.993878|211|Rx|d|8|8200FFFFA90000D1
56.993878|214|Rx|d|2|0
57.023744|350|Rx|d|8|C02F3AFA1870A489
57.023744|1b0|Rx|d|4|FF00FFC4
57.023744|4de|Rx|d|3|C00000
57.023744|55d|Rx|d|8|00FD50C091800000
57.023744|3b7|Rx|d|6|37007FC000C0
57.023744|211|Rx|d|8|8200FFFFA90000D1
57.023744|214|Rx|d|2|0
57.023744|1b0|Rx|d|4|FF00FFC4
57.023744|5de|Rx|d|8|2
57.041700|5df|Rx|d|3|9500
57.041700|211|Rx|d|8|8200FFFFA90000D1
57.041700|214|Rx|d|2|0
57.043377|1b0|Rx|d|4|FF00FFC4
57.043377|657|Rx|d|2|C0CC
57.062610|4ac|Rx|d|5|83752A0080
57.062610|45c|Rx|d|6|00000000FFE0
57.062610|211|Rx|d|8|8200FFFFA90000D1
57.062610|214|Rx|d|2|0
57.062610|218|Rx|d|1|98
57.062610|4fa|Rx|d|2|800
57.062610|671|Rx|d|2|200
57.062610|1b0|Rx|d|4|FF00FFC4
57.083637|211|Rx|d|8|8200FFFFA90000D1
57.083637|214|Rx|d|2|0
57.083637|1b0|Rx|d|4|FF00FFC4
57.083637|4f8|Rx|d|8|94C0000000000000
57.103461|6fb|Rx|d|8|0F01A454FF0000FF
57.103461|211|Rx|d|8|8200FFFFA90000D1
57.103461|214|Rx|d|2|0
57.103461|350|Rx|d|8|C02F3AFA1870A489
57.103461|1b0|Rx|d|4|FF00FFC4
57.103461|4de|Rx|d|3|C00000
57.103461|55d|Rx|d|8|00FD50C091800000
57.103461|3b7|Rx|d|6|37007FC000C0
57.133550|646|Rx|d|8|000000020000000C
57.133550|211|Rx|d|8|8200FFFFA90000D1
57.133550|214|Rx|d|2|0
57.133550|1b0|Rx|d|4|FF00FFC4
57.133550|5de|Rx|d|8|2
57.133550|5ce|Rx|d|3|FEFF00
57.141583|5df|Rx|d|3|9500
57.141583|211|Rx|d|8|8200FFFFA90000D1
57.141583|214|Rx|d|2|0
57.141583|1b0|Rx|d|4|FF00FFC4
57.141583|657|Rx|d|2|C0CC
57.153382|4ac|Rx|d|5|83752A0080
57.153382|45c|Rx|d|6|00000000FFE0
57.163689|211|Rx|d|8|8200FFFFA90000D1
57.163689|214|Rx|d|2|0
57.163689|218|Rx|d|1|98
57.163689|4fa|Rx|d|2|800
57.163689|671|Rx|d|2|200
57.163689|1b0|Rx|d|4|FF00FFC4
57.193178|211|Rx|d|8|8200FFFFA90000D1
57.193178|214|Rx|d|2|0
57.193178|1b0|Rx|d|4|FF00FFC4
57.193178|4f8|Rx|d|8|94C0000000000000
57.193178|211|Rx|d|8|8200FFFFA90000D1
57.193178|214|Rx|d|2|0
57.223747|350|Rx|d|8|C02F3AFA1870A489
57.223747|1b0|Rx|d|4|FF00FFC4
57.223747|4de|Rx|d|3|C00000
57.223747|55d|Rx|d|8|00FD50C091800000
57.223747|3b7|Rx|d|6|37007FC000C0
57.223747|211|Rx|d|8|8200FFFFA90000D1
57.223747|214|Rx|d|2|0
57.223747|1b0|Rx|d|4|FF00FFC4
57.223747|5de|Rx|d|8|2
57.243531|5df|Rx|d|3|9500
57.243531|211|Rx|d|8|8200FFFFA90000D1
57.243531|214|Rx|d|2|0
57.243531|1b0|Rx|d|4|FF00FFC4
57.243531|657|Rx|d|2|C0CC
57.258689|4ac|Rx|d|5|83762A0080
57.258689|45c|Rx|d|6|00000000FFE0
57.258689|211|Rx|d|8|8200FFFFA90000D1
57.258689|214|Rx|d|2|0
57.258689|218|Rx|d|1|98
57.258689|4fa|Rx|d|2|800
57.258689|671|Rx|d|2|200
57.264283|1b0|Rx|d|4|FF00FFC4
57.283514|211|Rx|d|8|8200FFFFA90000D1
57.283514|214|Rx|d|2|0
57.283514|1b0|Rx|d|4|FF00FFC4
57.283514|4f8|Rx|d|8|94C0000000000000
57.313806|211|Rx|d|8|8200FFFFA90000D1
57.313806|214|Rx|d|2|0
57.313806|350|Rx|d|8|C02F3AFA1870A489
57.313806|1b0|Rx|d|4|FF00FFC4
57.313806|4de|Rx|d|3|C00000
57.313806|55d|Rx|d|8|00FD50C091800000
57.313806|3b7|Rx|d|6|37007FC000C0
57.313806|211|Rx|d|8|8200FFFFA90000D1
57.313806|214|Rx|d|2|0
57.341370|1b0|Rx|d|4|FF00FFC4
57.341370|5de|Rx|d|8|2
57.341370|5df|Rx|d|3|9500
57.341370|211|Rx|d|8|8200FFFFA90000D1
57.341370|214|Rx|d|2|0
57.341370|1b0|Rx|d|4|FF00FFC4
57.341370|657|Rx|d|2|C0CC
57.363190|4ac|Rx|d|5|83752A0080
57.363190|45c|Rx|d|6|00000000FFE0
57.363190|211|Rx|d|8|8200FFFFA90000D1
57.363190|214|Rx|d|2|0
57.363190|218|Rx|d|1|98
57.363190|4fa|Rx|d|2|800
57.363190|671|Rx|d|2|200
57.363190|1b0|Rx|d|4|FF00FFC4
57.378643|211|Rx|d|8|8200FFFFA90000D1
57.378643|214|Rx|d|2|0
57.378643|1b0|Rx|d|4|FF00FFC4
57.378643|4f8|Rx|d|8|94C0000000000000
57.403753|211|Rx|d|8|8200FFFFA90000D1
57.403753|214|Rx|d|2|0
57.403753|350|Rx|d|8|C02F3AFA1870A489
57.403753|1b0|Rx|d|4|FF00FFC4
57.403753|4de|Rx|d|3|C00000
57.403753|55d|Rx|d|8|00FD50C091800000
57.403753|3b7|Rx|d|6|37007FC000C0
57.428596|211|Rx|d|8|8200FFFFA90000D1
57.428596|214|Rx|d|2|0
57.428596|1b0|Rx|d|4|FF00FFC4
57.428596|5de|Rx|d|8|2
57.428596|5df|Rx|d|3|9500
57.428596|211|Rx|d|8|8200FFFFA90000D1
57.428596|214|Rx|d|2|0
57.443621|1b0|Rx|d|4|FF00FFC4
57.443621|657|Rx|d|2|C0CC
57.458444|4ac|Rx|d|5|83752A0080
57.458444|45c|Rx|d|6|00000000FFE0
57.458444|211|Rx|d|8|8200FFFFA90000D1
57.458444|214|Rx|d|2|0
57.458444|218|Rx|d|1|98
57.458444|4fa|Rx|d|2|800
57.458444|671|Rx|d|2|200
57.458444|1b0|Rx|d|4|FF00FFC4
57.473651|211|Rx|d|8|8200FFFFA90000D1
57.473651|214|Rx|d|2|0
57.483690|1b0|Rx|d|4|FF00FFC4
57.483690|4f8|Rx|d|8|94C0000000000000
57.498887|211|Rx|d|8|8200FFFFA90000D1
57.498887|214|Rx|d|2|0
57.498887|350|Rx|d|8|C02F3AFA1870A489
57.498887|1b0|Rx|d|4|FF00FFC4
57.498887|4de|Rx|d|3|C00000
57.498887|55d|Rx|d|8|00FD50C091800000
57.498887|3b7|Rx|d|6|37007FC000C0
57.518428|211|Rx|d|8|8200FFFFA90000D1
57.518428|214|Rx|d|2|0
57.518428|1b0|Rx|d|4|FF00FFC4
57.518428|5de|Rx|d|8|2
57.541805|5df|Rx|d|3|9500
57.541805|211|Rx|d|8|8200FFFFA90000D1
57.541805|214|Rx|d|2|0
57.541805|1b0|Rx|d|4|FF00FFC4
57.541805|657|Rx|d|2|C0CC
57.553684|4ac|Rx|d|5|83762A0080
57.553684|45c|Rx|d|6|00000000FFE0
57.553684|211|Rx|d|8|8200FFFFA90000D1
57.553684|214|Rx|d|2|0
57.553684|218|Rx|d|1|98
57.553684|4fa|Rx|d|2|800
57.553684|671|Rx|d|2|200
57.583972|1b0|Rx|d|4|FF00FFC4
57.583972|211|Rx|d|8|8200FFFFA90000D1
57.583972|214|Rx|d|2|0
57.583972|1b0|Rx|d|4|FF00FFC4
57.583972|4f8|Rx|d|8|94C0000000000000
57.603784|211|Rx|d|8|8200FFFFA90000D1
57.603784|214|Rx|d|2|0
57.603784|350|Rx|d|8|C02F3AFA1870A489
57.603784|1b0|Rx|d|4|FF00FFC4
57.603784|4de|Rx|d|3|C00000
57.603784|55d|Rx|d|8|00FD50C091800000
57.603784|3b7|Rx|d|6|37007FC000C0
57.623573|646|Rx|d|8|000000020000000C
57.623573|211|Rx|d|8|8200FFFFA90000D1
57.623573|214|Rx|d|2|0
57.623573|1b0|Rx|d|4|FF00FFC4
57.623573|5de|Rx|d|8|2
57.627687|5df|Rx|d|3|9500
57.631686|211|Rx|d|8|8200FFFFA90000D1
57.631686|214|Rx|d|2|0
57.637681|1b0|Rx|d|4|FF00FFC4
57.637681|657|Rx|d|2|C0CC
57.647676|4ac|Rx|d|5|83752A0080
57.647676|45c|Rx|d|6|00000000FFE0
57.653671|211|Rx|d|8|8200FFFFA90000D1
57.653671|214|Rx|d|2|0
57.653671|218|Rx|d|1|98
57.653671|4fa|Rx|d|2|800
57.653671|671|Rx|d|2|200
57.657670|1b0|Rx|d|4|FF00FFC4
57.671661|211|Rx|d|8|8200FFFFA90000D1
57.671661|214|Rx|d|2|0
57.677657|1b0|Rx|d|4|FF00FFC4
57.677657|4f8|Rx|d|8|94C0000000000000
57.691648|211|Rx|d|8|8200FFFFA90000D1
57.691648|214|Rx|d|2|0
57.697648|350|Rx|d|8|C02F3AFA1870A489
57.697648|1b0|Rx|d|4|FF00FFC4
57.697648|4de|Rx|d|3|C00000
57.697648|55d|Rx|d|8|00FD50C091800000
57.699644|3b7|Rx|d|6|37007FC000C0
57.711637|211|Rx|d|8|8200FFFFA90000D1
57.711637|214|Rx|d|2|0
57.717633|1b0|Rx|d|4|FF00FFC4
57.717633|5de|Rx|d|8|2
57.727626|5df|Rx|d|3|9500
57.733622|211|Rx|d|8|8200FFFFA90000D1
57.733622|214|Rx|d|2|0
57.739618|1b0|Rx|d|4|FF00FFC4
57.739618|657|Rx|d|2|C0CC
57.739618|69f|Rx|d|4|0650859F
57.763358|4ac|Rx|d|5|83752A0080
57.763358|45c|Rx|d|6|00000000FFE0
57.763358|211|Rx|d|8|8200FFFFA90000D1
57.763358|214|Rx|d|2|0
57.763358|218|Rx|d|1|98
57.763358|4fa|Rx|d|2|800
57.763358|671|Rx|d|2|200
57.763358|1b0|Rx|d|4|FF00FFC4
57.783461|211|Rx|d|8|8200FFFFA90000D1
57.783461|214|Rx|d|2|0
57.783461|1b0|Rx|d|4|FF00FFC4
57.783461|4f8|Rx|d|8|94C0000000000000
57.798732|211|Rx|d|8|8200FFFFA90000D1
57.798732|214|Rx|d|2|0
57.803297|350|Rx|d|8|C02F3AFA1870A489
57.803297|1b0|Rx|d|4|FF00FFC4
57.803297|4de|Rx|d|3|C00000
57.803297|55d|Rx|d|8|00FD50C091800000
57.803297|3b7|Rx|d|6|37007FC000C0
57.813531|211|Rx|d|8|8200FFFFA90000D1
57.813531|214|Rx|d|2|0
57.833932|1b0|Rx|d|4|FF00FFC4
57.833932|5de|Rx|d|8|2
57.833932|5df|Rx|d|3|9500
57.833932|211|Rx|d|8|8200FFFFA90000D1
57.833932|214|Rx|d|2|0
57.854054|1b0|Rx|d|4|FF00FFC4
57.854054|657|Rx|d|2|C0CC
57.854054|4ac|Rx|d|5|83752A0080
57.854054|45c|Rx|d|6|00000000FFE0
57.854054|211|Rx|d|8|8200FFFFA90000D1
57.854054|214|Rx|d|2|0
57.854054|218|Rx|d|1|98
57.854054|4fa|Rx|d|2|800
57.854054|671|Rx|d|2|200
57.867448|1b0|Rx|d|4|FF00FFC4
57.872364|211|Rx|d|8|8200FFFFA90000D1
57.872364|214|Rx|d|2|0
57.878361|1b0|Rx|d|4|FF00FFC4
57.878361|4f8|Rx|d|8|94C0000000000000
57.890354|211|Rx|d|8|8200FFFFA90000D1
57.890354|214|Rx|d|2|0
57.898348|350|Rx|d|8|C02F3AFA1870A489
57.898348|1b0|Rx|d|4|FF00FFC4
57.898348|4de|Rx|d|3|C00000
57.898348|55d|Rx|d|8|00FD50C091800000
57.900347|3b7|Rx|d|6|37007FC000C0
57.910341|211|Rx|d|8|8200FFFFA90000D1
57.910341|214|Rx|d|2|0
57.918337|1b0|Rx|d|4|FF00FFC4
57.918337|5de|Rx|d|8|2
57.928331|5df|Rx|d|3|9500
57.928331|211|Rx|d|8|8200FFFFA90000D1
57.928331|214|Rx|d|2|0
57.938324|1b0|Rx|d|4|FF00FFC4
57.938324|657|Rx|d|2|C0CC
57.948318|4ac|Rx|d|5|83752A0080
57.948318|45c|Rx|d|6|00000000FFE0
57.950316|211|Rx|d|8|8200FFFFA90000D1
57.950316|214|Rx|d|2|0
57.950316|218|Rx|d|1|98
57.952316|4fa|Rx|d|2|800
57.952316|671|Rx|d|2|200
57.958312|1b0|Rx|d|4|FF00FFC4
57.972302|211|Rx|d|8|8200FFFFA90000D1
57.972302|214|Rx|d|2|0
57.978299|1b0|Rx|d|4|FF00FFC4
57.978299|4f8|Rx|d|8|94C0000000000000
57.993548|211|Rx|d|8|8200FFFFA90000D1
57.993548|214|Rx|d|2|0
58.008706|350|Rx|d|8|C02F3AFA1870A489
58.008706|1b0|Rx|d|4|FF00FFC4
58.008706|4de|Rx|d|3|C00000
58.008706|55d|Rx|d|8|00FD50C091800000
58.008706|3b7|Rx|d|6|37007FC000C0
58.013824|211|Rx|d|8|8200FFFFA90000D1
58.013824|214|Rx|d|2|0
58.023462|1b0|Rx|d|4|FF00FFC4
58.023462|5de|Rx|d|8|2
58.042315|5df|Rx|d|3|9500
58.042315|211|Rx|d|8|8200FFFFA90000D1
58.042315|214|Rx|d|2|0
58.053883|1b0|Rx|d|4|FF00FFC4
58.053883|657|Rx|d|2|C0CC
58.053883|4ac|Rx|d|5|83752A0080
58.053883|45c|Rx|d|6|00000000FFE0
58.053883|211|Rx|d|8|8200FFFFA90000D1
58.053883|214|Rx|d|2|0
58.053883|218|Rx|d|1|98
58.053883|4fa|Rx|d|2|800
58.053883|671|Rx|d|2|200
58.084005|1b0|Rx|d|4|FF00FFC4
58.084005|211|Rx|d|8|8200FFFFA90000D1
58.084005|214|Rx|d|2|0
58.084005|1b0|Rx|d|4|FF00FFC4
58.084005|4f8|Rx|d|8|94C0000000000000
58.096736|211|Rx|d|8|8200FFFFA90000D1
58.096736|214|Rx|d|2|0
58.096736|350|Rx|d|8|C02F3AFA1870A489
58.096736|1b0|Rx|d|4|FF00FFC4
58.096736|4de|Rx|d|3|C00000
58.096736|55d|Rx|d|8|00FD50C091800000
58.123822|3b7|Rx|d|6|37007FC000C0
58.123822|646|Rx|d|8|000000020000000C
58.123822|211|Rx|d|8|8200FFFFA90000D1
58.123822|214|Rx|d|2|0
58.123822|1b0|Rx|d|4|FF00FFC4
58.123822|5de|Rx|d|8|2
58.138726|5df|Rx|d|3|9500
58.138726|211|Rx|d|8|8200FFFFA90000D1
58.138726|214|Rx|d|2|0
58.138726|1b0|Rx|d|4|FF00FFC4
58.138726|657|Rx|d|2|C0CC
58.164124|4ac|Rx|d|5|83752A0080
58.164124|45c|Rx|d|6|00000000FFE0
58.164124|211|Rx|d|8|8200FFFFA90000D1
58.164124|214|Rx|d|2|0
58.164124|218|Rx|d|1|98
58.164124|4fa|Rx|d|2|800
58.164124|671|Rx|d|2|200
58.164124|1b0|Rx|d|4|FF00FFC4
58.193914|211|Rx|d|8|8200FFFFA90000D1
58.193914|214|Rx|d|2|0
58.193914|1b0|Rx|d|4|FF00FFC4
58.193914|4f8|Rx|d|8|94C0000000000000
58.193914|211|Rx|d|8|8200FFFFA90000D1
58.193914|214|Rx|d|2|0
58.215836|350|Rx|d|8|C02F3AFA1870A489
58.215836|1b0|Rx|d|4|FF00FFC4
58.215836|4de|Rx|d|3|C00000
58.215836|55d|Rx|d|8|00FD50C091800000
58.215836|3b7|Rx|d|6|37007FC000C0
58.215836|211|Rx|d|8|8200FFFFA90000D1
58.215836|214|Rx|d|2|0
58.215836|1b0|Rx|d|4|FF00FFC4
58.215836|5de|Rx|d|8|2
58.242839|5df|Rx|d|3|9500
58.242839|211|Rx|d|8|8200FFFFA90000D1
58.242839|214|Rx|d|2|0
58.242839|1b0|Rx|d|4|FF00FFC4
58.242839|657|Rx|d|2|C0CC
58.273064|4ac|Rx|d|5|83762A0080
58.273064|45c|Rx|d|6|00000000FFE0
58.273064|211|Rx|d|8|8200FFFFA90000D1
58.273064|214|Rx|d|2|0
58.273064|218|Rx|d|1|98
58.273064|4fa|Rx|d|2|800
58.273064|671|Rx|d|2|200
58.273064|1b0|Rx|d|4|FF00FFC4
58.273064|211|Rx|d|8|8200FFFFA90000D1
58.273064|214|Rx|d|2|0
58.293860|1b0|Rx|d|4|FF00FFC4
58.293860|4f8|Rx|d|8|94C0000000000000
58.293860|211|Rx|d|8|8200FFFFA90000D1
58.293860|214|Rx|d|2|0
58.323390|350|Rx|d|8|C02F3AFA1870A489
58.323390|1b0|Rx|d|4|FF00FFC4
58.323390|4de|Rx|d|3|C00000
58.323390|55d|Rx|d|8|00FD50C091800000
58.323390|3b7|Rx|d|6|37007FC000C0
58.323390|211|Rx|d|8|8200FFFFA90000D1
58.323390|214|Rx|d|2|0
58.323390|1b0|Rx|d|4|FF00FFC4
58.323390|5de|Rx|d|8|2
58.332545|5df|Rx|d|3|9500
58.332545|211|Rx|d|8|8200FFFFA90000D1
58.332545|214|Rx|d|2|0
58.339193|1b0|Rx|d|4|FF00FFC4
58.339193|657|Rx|d|2|C0CC
58.348698|4ac|Rx|d|5|83752A0080
58.348698|45c|Rx|d|6|00000000FFE0
58.348698|211|Rx|d|8|8200FFFFA90000D1
58.348698|214|Rx|d|2|0
58.348698|218|Rx|d|1|98
58.348698|4fa|Rx|d|2|800
58.348698|671|Rx|d|2|200
58.358692|1b0|Rx|d|4|FF00FFC4
58.370685|211|Rx|d|8|8200FFFFA90000D1
58.370685|214|Rx|d|2|0
58.378679|1b0|Rx|d|4|FF00FFC4
58.378679|4f8|Rx|d|8|94C0000000000000
58.390672|211|Rx|d|8|8200FFFFA90000D1
58.390672|214|Rx|d|2|0
58.398672|350|Rx|d|8|C02F3AFA1870A489
58.398672|1b0|Rx|d|4|FF00FFC4
58.398672|4de|Rx|d|3|C00000
58.398672|55d|Rx|d|8|00FD50C091800000
58.398672|3b7|Rx|d|6|37007FC000C0
58.410662|211|Rx|d|8|8200FFFFA90000D1
58.410662|214|Rx|d|2|0
58.416656|1b0|Rx|d|4|FF00FFC4
58.418654|5de|Rx|d|8|2
58.428651|5df|Rx|d|3|9500
58.428651|211|Rx|d|8|8200FFFFA90000D1
58.428651|214|Rx|d|2|0
58.438642|1b0|Rx|d|4|FF00FFC4
58.438642|657|Rx|d|2|C0CC
58.448637|4ac|Rx|d|5|83752A0080
58.448637|45c|Rx|d|6|00000000FFE0
58.448637|211|Rx|d|8|8200FFFFA90000D1
58.448637|214|Rx|d|2|0
58.448637|218|Rx|d|1|98
58.448637|4fa|Rx|d|2|800
58.450635|671|Rx|d|2|200
58.463445|1b0|Rx|d|4|FF00FFC4
58.483872|211|Rx|d|8|8200FFFFA90000D1
58.483872|214|Rx|d|2|0
58.483872|1b0|Rx|d|4|FF00FFC4
58.483872|4f8|Rx|d|8|94C0000000000000
58.513644|211|Rx|d|8|8200FFFFA90000D1
58.513644|214|Rx|d|2|0
58.513644|350|Rx|d|8|C02F3AFA1870A489
58.513644|1b0|Rx|d|4|FF00FFC4
58.513644|4de|Rx|d|3|C00000
58.513644|55d|Rx|d|8|00FD50C091800000
58.513644|3b7|Rx|d|6|37007FC000C0
58.513644|211|Rx|d|8|8200FFFFA90000D1
58.513644|214|Rx|d|2|0
58.543162|1b0|Rx|d|4|FF00FFC4
58.543162|5de|Rx|d|8|2
58.543162|5df|Rx|d|3|9500
58.543162|211|Rx|d|8|8200FFFFA90000D1
58.543162|214|Rx|d|2|0
58.543162|1b0|Rx|d|4|FF00FFC4
58.543162|657|Rx|d|2|C0CC
58.563625|4ac|Rx|d|5|83762A0080
58.563625|45c|Rx|d|6|00000000FFE0
58.563625|211|Rx|d|8|8200FFFFA90000D1
58.563625|214|Rx|d|2|0
58.563625|218|Rx|d|1|98
58.563625|4fa|Rx|d|2|800
58.563625|671|Rx|d|2|200
58.563625|1b0|Rx|d|4|FF00FFC4
58.584078|211|Rx|d|8|8200FFFFA90000D1
58.584078|214|Rx|d|2|0
58.584078|1b0|Rx|d|4|FF00FFC4
58.584078|4f8|Rx|d|8|94C0000000000000
58.603753|211|Rx|d|8|8200FFFFA90000D1
58.603753|214|Rx|d|2|0
58.603753|350|Rx|d|8|C02F3AFA1870A489
58.603753|1b0|Rx|d|4|FF00FFC4
58.603753|4de|Rx|d|3|C00000
58.603753|55d|Rx|d|8|00FD50C091800000
58.603753|3b7|Rx|d|6|37007FC000C0
58.618580|646|Rx|d|8|000000020000000C
58.618580|211|Rx|d|8|8200FFFFA90000D1
58.618580|214|Rx|d|2|0
58.623816|1b0|Rx|d|4|FF00FFC4
58.623816|5de|Rx|d|8|2
58.633405|5df|Rx|d|3|9500
58.633405|211|Rx|d|8|8200FFFFA90000D1
58.633405|214|Rx|d|2|0
58.653938|1b0|Rx|d|4|FF00FFC4
58.653938|657|Rx|d|2|C0CC
58.653938|4ac|Rx|d|5|83752A0080
58.653938|45c|Rx|d|6|00000000FFE0
58.653938|211|Rx|d|8|8200FFFFA90000D1
58.653938|214|Rx|d|2|0
58.653938|218|Rx|d|1|98
58.653938|4fa|Rx|d|2|800
58.653938|671|Rx|d|2|200
58.683357|1b0|Rx|d|4|FF00FFC4
58.683357|211|Rx|d|8|8200FFFFA90000D1
58.683357|214|Rx|d|2|0
58.693927|1b0|Rx|d|4|FF00FFC4
58.693927|4f8|Rx|d|8|94C0000000000000
58.693927|211|Rx|d|8|8200FFFFA90000D1
58.693927|214|Rx|d|2|0
58.713662|350|Rx|d|8|C02F3AFA1870A489
58.713662|1b0|Rx|d|4|FF00FFC4
58.713662|4de|Rx|d|3|C00000
58.713662|55d|Rx|d|8|00FD50C091800000
58.713662|3b7|Rx|d|6|37007FC000C0
58.713662|211|Rx|d|8|8200FFFFA90000D1
58.713662|214|Rx|d|2|0
58.723767|1b0|Rx|d|4|FF00FFC4
58.723767|5de|Rx|d|8|2
58.743319|5df|Rx|d|3|9500
58.743319|211|Rx|d|8|8200FFFFA90000D1
58.743319|214|Rx|d|2|0
58.743319|1b0|Rx|d|4|FF00FFC4
58.743319|657|Rx|d|2|C0CC
58.743319|69f|Rx|d|4|0650859F
58.763508|4ac|Rx|d|5|83752A0080
58.763508|45c|Rx|d|6|00000000FFE0
58.763508|211|Rx|d|8|8200FFFFA90000D1
58.763508|214|Rx|d|2|0
58.763508|218|Rx|d|1|98
58.763508|4fa|Rx|d|2|800
58.763508|671|Rx|d|2|200
58.763508|1b0|Rx|d|4|FF00FFC4
58.778589|211|Rx|d|8|8200FFFFA90000D1
58.778589|214|Rx|d|2|0
58.778589|1b0|Rx|d|4|FF00FFC4
58.778589|4f8|Rx|d|8|94C0000000000000
58.796079|211|Rx|d|8|8200FFFFA90000D1
58.796079|214|Rx|d|2|0
58.796079|350|Rx|d|8|C02F3AFA1870A489
58.796079|1b0|Rx|d|4|FF00FFC4
58.796079|4de|Rx|d|3|C00000
58.796079|55d|Rx|d|8|00FD50C091800000
58.813897|3b7|Rx|d|6|37007FC000C0
58.813897|211|Rx|d|8|8200FFFFA90000D1
58.813897|214|Rx|d|2|0
58.843549|1b0|Rx|d|4|FF00FFC4
58.843549|5de|Rx|d|8|2
58.843549|5df|Rx|d|3|9500
58.843549|211|Rx|d|8|8200FFFFA90000D1
58.843549|214|Rx|d|2|0
58.843549|1b0|Rx|d|4|FF00FFC4
58.843549|657|Rx|d|2|C0CC
58.863770|4ac|Rx|d|5|83762A0080
58.863770|45c|Rx|d|6|00000000FFE0
58.863770|211|Rx|d|8|8200FFFFA90000D1
58.863770|214|Rx|d|2|0
58.863770|218|Rx|d|1|98
58.863770|4fa|Rx|d|2|800
58.863770|671|Rx|d|2|200
58.863770|1b0|Rx|d|4|FF00FFC4
58.892792|211|Rx|d|8|8200FFFFA90000D1
58.892792|214|Rx|d|2|0
58.892792|1b0|Rx|d|4|FF00FFC4
58.892792|4f8|Rx|d|8|94C0000000000000
58.892792|211|Rx|d|8|8200FFFFA90000D1
58.892792|214|Rx|d|2|0
58.913406|350|Rx|d|8|C02F3AFA1870A489
58.913406|1b0|Rx|d|4|FF00FFC4
58.913406|4de|Rx|d|3|C00000
58.913406|55d|Rx|d|8|00FD50C091800000
58.913406|3b7|Rx|d|6|37007FC000C0
58.913406|211|Rx|d|8|8200FFFFA90000D1
58.913406|214|Rx|d|2|0
58.923766|1b0|Rx|d|4|FF00FFC4
58.923766|5de|Rx|d|8|2
58.938368|5df|Rx|d|3|9500
58.938368|211|Rx|d|8|8200FFFFA90000D1
58.938368|214|Rx|d|2|0
58.943598|1b0|Rx|d|4|FF00FFC4
58.943598|657|Rx|d|2|C0CC
58.953671|4ac|Rx|d|5|83752A0080
58.953671|45c|Rx|d|6|00000000FFE0
58.953671|211|Rx|d|8|8200FFFFA90000D1
58.953671|214|Rx|d|2|0
58.958338|218|Rx|d|1|98
58.958338|4fa|Rx|d|2|800
58.958338|671|Rx|d|2|200
58.958338|1b0|Rx|d|4|FF00FFC4
58.973940|211|Rx|d|8|8200FFFFA90000D1
58.973940|214|Rx|d|2|0
58.983724|1b0|Rx|d|4|FF00FFC4
58.983724|4f8|Rx|d|8|94C0000000000000
58.993752|211|Rx|d|8|8200FFFFA90000D1
58.993752|214|Rx|d|2|0
59.003588|350|Rx|d|8|C02F3AFA1870A489
59.003588|1b0|Rx|d|4|FF00FFC4
59.003588|4de|Rx|d|3|C00000
59.003588|55d|Rx|d|8|00FD50C091800000
59.003588|3b7|Rx|d|6|37007FC000C0
59.013647|211|Rx|d|8|8200FFFFA90000D1
59.013647|214|Rx|d|2|0
59.023695|1b0|Rx|d|4|FF00FFC4
59.023695|5de|Rx|d|8|2
59.033452|5df|Rx|d|3|9500
59.033452|211|Rx|d|8|8200FFFFA90000D1
59.033452|214|Rx|d|2|0
59.063155|1b0|Rx|d|4|FF00FFC4
59.063155|657|Rx|d|2|C0CC
59.063155|4ac|Rx|d|5|83762A0080
59.063155|45c|Rx|d|6|00000000FFE0
59.063155|211|Rx|d|8|8200FFFFA90000D1
59.063155|214|Rx|d|2|0
59.063155|218|Rx|d|1|98
59.063155|4fa|Rx|d|2|800
59.063155|671|Rx|d|2|200
59.063155|1b0|Rx|d|4|FF00FFC4
59.093534|211|Rx|d|8|8200FFFFA90000D1
59.093534|214|Rx|d|2|0
59.093534|1b0|Rx|d|4|FF00FFC4
59.093534|4f8|Rx|d|8|94C0000000000000
59.103881|211|Rx|d|8|8200FFFFA90000D1
59.103881|214|Rx|d|2|0
59.103881|350|Rx|d|8|C02F3AFA1870A489
59.103881|1b0|Rx|d|4|FF00FFC4
59.103881|4de|Rx|d|3|C00000
59.103881|55d|Rx|d|8|00FD50C091800000
59.103881|3b7|Rx|d|6|37007FC000C0
59.123959|646|Rx|d|8|000000020000000C
59.123959|211|Rx|d|8|8200FFFFA90000D1
59.123959|214|Rx|d|2|0
59.128354|1b0|Rx|d|4|FF00FFC4
59.128354|5de|Rx|d|8|2
59.128354|5df|Rx|d|3|9500
59.128354|211|Rx|d|8|8200FFFFA90000D1
59.128354|214|Rx|d|2|0
59.153897|1b0|Rx|d|4|FF00FFC4
59.153897|657|Rx|d|2|C0CC
59.153897|4ac|Rx|d|5|83752A0080
59.153897|45c|Rx|d|6|00000000FFE0
59.153897|211|Rx|d|8|8200FFFFA90000D1
59.153897|214|Rx|d|2|0
59.153897|218|Rx|d|1|98
59.153897|4fa|Rx|d|2|800
59.153897|671|Rx|d|2|200
59.183927|1b0|Rx|d|4|FF00FFC4
59.183927|211|Rx|d|8|8200FFFFA90000D1
59.183927|214|Rx|d|2|0
59.183927|1b0|Rx|d|4|FF00FFC4
59.183927|4f8|Rx|d|8|94C0000000000000
59.213710|211|Rx|d|8|8200FFFFA90000D1
59.213710|214|Rx|d|2|0
59.213710|350|Rx|d|8|C02F3AFA1870A489
59.213710|1b0|Rx|d|4|FF00FFC4
59.213710|4de|Rx|d|3|C00000
59.213710|55d|Rx|d|8|00FD50C091800000
59.213710|3b7|Rx|d|6|37007FC000C0
59.213710|211|Rx|d|8|8200FFFFA90000D1
59.213710|214|Rx|d|2|0
59.228531|1b0|Rx|d|4|FF00FFC4
59.228531|5de|Rx|d|8|2
59.228531|5df|Rx|d|3|9500
59.228531|211|Rx|d|8|8200FFFFA90000D1
59.228531|214|Rx|d|2|0
59.253761|1b0|Rx|d|4|FF00FFC4
59.253761|657|Rx|d|2|C0CC
59.263492|4ac|Rx|d|5|83762A0080
59.263492|45c|Rx|d|6|00000000FFE0
59.263492|211|Rx|d|8|8200FFFFA90000D1
59.263492|214|Rx|d|2|0
59.263492|218|Rx|d|1|98
59.263492|4fa|Rx|d|2|800
59.263492|671|Rx|d|2|200
59.263492|1b0|Rx|d|4|FF00FFC4
59.284237|211|Rx|d|8|8200FFFFA90000D1
59.284237|214|Rx|d|2|0
59.284237|1b0|Rx|d|4|FF00FFC4
59.284237|4f8|Rx|d|8|94C0000000000000
59.313457|211|Rx|d|8|8200FFFFA90000D1
59.313457|214|Rx|d|2|0
59.313457|350|Rx|d|8|C02F3AFA1870A489
59.313457|1b0|Rx|d|4|FF00FFC4
59.313457|4de|Rx|d|3|C00000
59.313457|55d|Rx|d|8|00FD50C091800000
59.313457|3b7|Rx|d|6|37007FC000C0
59.313457|211|Rx|d|8|8200FFFFA90000D1
59.313457|214|Rx|d|2|0
59.328325|1b0|Rx|d|4|FF00FFC4
59.328325|5de|Rx|d|8|2
59.328325|5df|Rx|d|3|9500
59.328325|211|Rx|d|8|8200FFFFA90000D1
59.328325|214|Rx|d|2|0
59.353448|1b0|Rx|d|4|FF00FFC4
59.353448|657|Rx|d|2|C0CC
59.353448|4ac|Rx|d|5|83752A0080
59.353448|45c|Rx|d|6|00000000FFE0
59.353448|211|Rx|d|8|8200FFFFA90000D1
59.353448|214|Rx|d|2|0
59.353448|218|Rx|d|1|98
59.353448|4fa|Rx|d|2|800
59.353448|671|Rx|d|2|200
59.380499|1b0|Rx|d|4|FF00FFC4
59.380499|211|Rx|d|8|8200FFFFA90000D1
59.380499|214|Rx|d|2|0
59.380499|1b0|Rx|d|4|FF00FFC4
59.380499|4f8|Rx|d|8|94C0000000000000
59.403744|211|Rx|d|8|8200FFFFA90000D1
59.403744|214|Rx|d|2|0
59.403744|350|Rx|d|8|C02F3AFA1870A489
59.403744|1b0|Rx|d|4|FF00FFC4
59.403744|4de|Rx|d|3|C00000
59.403744|55d|Rx|d|8|00FD50C091800000
59.403744|3b7|Rx|d|6|37007FC000C0
59.433329|211|Rx|d|8|8200FFFFA90000D1
59.433329|214|Rx|d|2|0
59.433329|1b0|Rx|d|4|FF00FFC4
59.433329|5de|Rx|d|8|2
59.433329|5df|Rx|d|3|9500
59.433329|211|Rx|d|8|8200FFFFA90000D1
59.433329|214|Rx|d|2|0
59.464140|1b0|Rx|d|4|FF00FFC4
59.464140|657|Rx|d|2|C0CC
59.464140|4ac|Rx|d|5|83752A0080
59.464140|45c|Rx|d|6|00000000FFE0
59.464140|211|Rx|d|8|8200FFFFA90000D1
59.464140|214|Rx|d|2|0
59.464140|218|Rx|d|1|98
59.464140|4fa|Rx|d|2|800
59.464140|671|Rx|d|2|200
59.464140|1b0|Rx|d|4|FF00FFC4
59.493579|211|Rx|d|8|8200FFFFA90000D1
59.493579|214|Rx|d|2|0
59.493579|1b0|Rx|d|4|FF00FFC4
59.493579|4f8|Rx|d|8|94C0000000000000
59.500375|211|Rx|d|8|8200FFFFA90000D1
59.500375|214|Rx|d|2|0
59.503677|350|Rx|d|8|C02F3AFA1870A489
59.503677|1b0|Rx|d|4|FF00FFC4
59.503677|4de|Rx|d|3|C00000
59.503677|55d|Rx|d|8|00FD50C091800000
59.503677|3b7|Rx|d|6|37007FC000C0
59.512137|211|Rx|d|8|8200FFFFA90000D1
59.512137|214|Rx|d|2|0
59.518133|1b0|Rx|d|4|FF00FFC4
59.518133|5de|Rx|d|8|2
59.526127|5df|Rx|d|3|9500
59.532124|211|Rx|d|8|8200FFFFA90000D1
59.532124|214|Rx|d|2|0
59.538120|1b0|Rx|d|4|FF00FFC4
59.538120|657|Rx|d|2|C0CC
59.548114|4ac|Rx|d|5|83752A0080
59.548114|45c|Rx|d|6|00000000FFE0
59.552111|211|Rx|d|8|8200FFFFA90000D1
59.552111|214|Rx|d|2|0
59.552111|218|Rx|d|1|98
59.552111|4fa|Rx|d|2|800
59.552111|671|Rx|d|2|200
59.558108|1b0|Rx|d|4|FF00FFC4
59.572099|211|Rx|d|8|8200FFFFA90000D1
59.572099|214|Rx|d|2|0
59.578096|1b0|Rx|d|4|FF00FFC4
59.578096|4f8|Rx|d|8|94C0000000000000
59.592087|211|Rx|d|8|8200FFFFA90000D1
59.592087|214|Rx|d|2|0
59.598084|350|Rx|d|8|C02F3AFA1870A489
59.598084|1b0|Rx|d|4|FF00FFC4
59.598084|4de|Rx|d|3|C00000
59.598084|55d|Rx|d|8|00FD50C091800000
59.600082|3b7|Rx|d|6|37007FC000C0
59.610076|646|Rx|d|8|000000020000000C
59.612075|211|Rx|d|8|8200FFFFA90000D1
59.612075|214|Rx|d|2|0
59.617273|1b0|Rx|d|4|FF00FFC4
59.617273|5de|Rx|d|8|2
59.643760|5df|Rx|d|3|9500
59.643760|211|Rx|d|8|8200FFFFA90000D1
59.643760|214|Rx|d|2|0
59.643760|1b0|Rx|d|4|FF00FFC4
59.643760|657|Rx|d|2|C0CC
59.673444|4ac|Rx|d|5|83752A0080
59.673444|45c|Rx|d|6|00000000FFE0
59.673444|211|Rx|d|8|8200FFFFA90000D1
59.673444|214|Rx|d|2|0
59.673444|218|Rx|d|1|98
59.673444|4fa|Rx|d|2|800
59.673444|671|Rx|d|2|200
59.673444|1b0|Rx|d|4|FF00FFC4
59.673444|211|Rx|d|8|8200FFFFA90000D1
59.673444|214|Rx|d|2|0
59.702805|1b0|Rx|d|4|FF00FFC4
59.702805|4f8|Rx|d|8|94C0000000000000
59.702805|211|Rx|d|8|8200FFFFA90000D1
59.702805|214|Rx|d|2|0
59.702805|350|Rx|d|8|C02F3AFA1870A489
59.702805|1b0|Rx|d|4|FF00FFC4
59.702805|4de|Rx|d|3|C00000
59.702805|55d|Rx|d|8|00FD50C091800000
59.702805|3b7|Rx|d|6|37007FC000C0
59.718392|211|Rx|d|8|8200FFFFA90000D1
59.718392|214|Rx|d|2|0
59.723701|1b0|Rx|d|4|FF00FFC4
59.723701|5de|Rx|d|8|2
59.736061|5df|Rx|d|3|9500
59.736061|211|Rx|d|8|8200FFFFA90000D1
59.736061|214|Rx|d|2|0
59.738059|1b0|Rx|d|4|FF00FFC4
59.738059|657|Rx|d|2|C0CC
59.738059|69f|Rx|d|4|0650859F
59.758673|4ac|Rx|d|5|83762A0080
59.758673|45c|Rx|d|6|00000000FFE0
59.758673|211|Rx|d|8|8200FFFFA90000D1
59.758673|214|Rx|d|2|0
59.758673|218|Rx|d|1|98
59.758673|4fa|Rx|d|2|800
59.758673|671|Rx|d|2|200
59.763705|1b0|Rx|d|4|FF00FFC4
59.780821|211|Rx|d|8|8200FFFFA90000D1
59.780821|214|Rx|d|2|0
59.780821|1b0|Rx|d|4|FF00FFC4
59.780821|4f8|Rx|d|8|94C0000000000000
59.803537|211|Rx|d|8|8200FFFFA90000D1
59.803537|214|Rx|d|2|0
59.803537|350|Rx|d|8|C02F3AFA1870A489
59.803537|1b0|Rx|d|4|FF00FFC4
59.803537|4de|Rx|d|3|C00000
59.803537|55d|Rx|d|8|00FD50C091800000
59.803537|3b7|Rx|d|6|37007FC000C0
59.813842|211|Rx|d|8|8200FFFFA90000D1
59.813842|214|Rx|d|2|0
59.833657|1b0|Rx|d|4|FF00FFC4
59.833657|5de|Rx|d|8|2
59.833657|5df|Rx|d|3|9500
59.833657|211|Rx|d|8|8200FFFFA90000D1
59.833657|214|Rx|d|2|0
59.863588|1b0|Rx|d|4|FF00FFC4
59.863588|657|Rx|d|2|C0CC
59.863588|4ac|Rx|d|5|83752A0080
59.863588|45c|Rx|d|6|00000000FFE0
59.863588|211|Rx|d|8|8200FFFFA90000D1
59.863588|214|Rx|d|2|0
59.863588|218|Rx|d|1|98
59.863588|4fa|Rx|d|2|800
59.863588|671|Rx|d|2|200
59.863588|1b0|Rx|d|4|FF00FFC4
59.888550|211|Rx|d|8|8200FFFFA90000D1
59.888550|214|Rx|d|2|0
59.888550|1b0|Rx|d|4|FF00FFC4
59.888550|4f8|Rx|d|8|94C0000000000000
59.893613|211|Rx|d|8|8200FFFFA90000D1
59.893613|214|Rx|d|2|0
59.906687|350|Rx|d|8|C02F3AFA1870A489
59.906687|1b0|Rx|d|4|FF00FFC4
59.906687|4de|Rx|d|3|C00000
59.906687|55d|Rx|d|8|00FD50C091800000
59.906687|3b7|Rx|d|6|37007FC000C0
59.918419|211|Rx|d|8|8200FFFFA90000D1
59.918419|214|Rx|d|2|0
59.918419|1b0|Rx|d|4|FF00FFC4
59.918419|5de|Rx|d|8|2
59.933448|5df|Rx|d|3|9500
59.933448|211|Rx|d|8|8200FFFFA90000D1
59.933448|214|Rx|d|2|0
59.943881|1b0|Rx|d|4|FF00FFC4
59.943881|657|Rx|d|2|C0CC
59.953796|4ac|Rx|d|5|83752A0080
59.953796|45c|Rx|d|6|00000000FFE0
59.953796|211|Rx|d|8|8200FFFFA90000D1
59.953796|214|Rx|d|2|0
59.953796|218|Rx|d|1|98
59.953796|4fa|Rx|d|2|800
59.953796|671|Rx|d|2|200
59.968733|1b0|Rx|d|4|FF00FFC4
59.968733|211|Rx|d|8|8200FFFFA90000D1
59.968733|214|Rx|d|2|0
59.985545|1b0|Rx|d|4|FF00FFC4
59.985545|4f8|Rx|d|8|94C0000000000000
59.998478|211|Rx|d|8|8200FFFFA90000D1
59.998478|214|Rx|d|2|0
60.003508|350|Rx|d|8|C02F3AFA1870A489
60.003508|1b0|Rx|d|4|FF00FFC4
60.003508|4de|Rx|d|3|C00000
60.003508|55d|Rx|d|8|00FD50C091800000
60.003508|3b7|Rx|d|6|37007FC000C0
60.013410|211|Rx|d|8|8200FFFFA90000D1
60.013410|214|Rx|d|2|0
60.028646|1b0|Rx|d|4|FF00FFC4
60.028646|5de|Rx|d|8|2
60.028646|5df|Rx|d|3|9500
60.028646|211|Rx|d|8|8200FFFFA90000D1
60.028646|214|Rx|d|2|0
60.043472|1b0|Rx|d|4|FF00FFC4
60.043472|657|Rx|d|2|C0CC
60.047759|4ac|Rx|d|5|83762A0080
60.047759|45c|Rx|d|6|00000000FFE0
60.056124|211|Rx|d|8|8200FFFFA90000D1
60.056124|214|Rx|d|2|0
60.056124|218|Rx|d|1|98
60.056124|4fa|Rx|d|2|800
60.056124|671|Rx|d|2|200
60.056124|1b0|Rx|d|4|FF00FFC4
60.075672|211|Rx|d|8|8200FFFFA90000D1
60.075672|214|Rx|d|2|0
60.075672|1b0|Rx|d|4|FF00FFC4
60.087606|4f8|Rx|d|8|94C0000000000000
60.087606|6fb|Rx|d|8|0F01A454FF0000FF
60.102646|211|Rx|d|8|8200FFFFA90000D1
60.102646|214|Rx|d|2|0
60.102646|350|Rx|d|8|C02F3AFA1870A489
60.102646|1b0|Rx|d|4|FF00FFC4
60.102646|4de|Rx|d|3|C00000
60.102646|55d|Rx|d|8|00FD50C091800000
60.106006|3b7|Rx|d|6|37007FC000C0
60.109741|646|Rx|d|8|000000020000000C
60.111742|211|Rx|d|8|8200FFFFA90000D1
60.111742|214|Rx|d|2|0
60.117737|1b0|Rx|d|4|FF00FFC4
60.117737|5de|Rx|d|8|2
60.117737|5ce|Rx|d|3|FEFF00
60.127731|5df|Rx|d|3|9500
60.133726|211|Rx|d|8|8200FFFFA90000D1
60.133726|214|Rx|d|2|0
60.139723|1b0|Rx|d|4|FF00FFC4
60.139723|657|Rx|d|2|C0CC
60.147718|4ac|Rx|d|5|83762A0080
60.147718|45c|Rx|d|6|00000000FFE0
60.153714|211|Rx|d|8|8200FFFFA90000D1
60.153714|214|Rx|d|2|0
60.153714|218|Rx|d|1|98
60.153714|4fa|Rx|d|2|800
60.153714|671|Rx|d|2|200
60.157712|1b0|Rx|d|4|FF00FFC4
60.171703|211|Rx|d|8|8200FFFFA90000D1
60.171703|214|Rx|d|2|0
60.177699|1b0|Rx|d|4|FF00FFC4
60.177699|4f8|Rx|d|8|94C0000000000000
60.191691|211|Rx|d|8|8200FFFFA90000D1
60.191691|214|Rx|d|2|0
60.197687|350|Rx|d|8|C02F3AFA1870A489
60.197687|1b0|Rx|d|4|FF00FFC4
60.197687|4de|Rx|d|3|C00000
60.197687|55d|Rx|d|8|00FD50C091800000
60.199686|3b7|Rx|d|6|37007FC000C0
60.211679|211|Rx|d|8|8200FFFFA90000D1
60.211679|214|Rx|d|2|0
60.217674|1b0|Rx|d|4|FF00FFC4
60.217674|5de|Rx|d|8|2
60.233945|5df|Rx|d|3|9500
60.233945|211|Rx|d|8|8200FFFFA90000D1
60.233968|214|Rx|d|2|0
60.254073|1b0|Rx|d|4|FF00FFC4
60.254073|657|Rx|d|2|C0CC
60.254073|4ac|Rx|d|5|83762A0080
60.254073|45c|Rx|d|6|00000000FFE0
60.254073|211|Rx|d|8|8200FFFFA90000D1
60.254073|214|Rx|d|2|0
60.254073|218|Rx|d|1|98
60.254112|4fa|Rx|d|2|800
60.254112|671|Rx|d|2|200
60.284037|1b0|Rx|d|4|FF00FFC4
60.284037|211|Rx|d|8|8200FFFFA90000D1
60.284037|214|Rx|d|2|0
60.284037|1b0|Rx|d|4|FF00FFC4
60.284037|4f8|Rx|d|8|94C0000000000000
60.303483|211|Rx|d|8|8200FFFFA90000D1
60.303483|214|Rx|d|2|0
60.303483|350|Rx|d|8|C02F3AFA1870A489
60.303483|1b0|Rx|d|4|FF00FFC4
60.303483|4de|Rx|d|3|C00000
60.303483|55d|Rx|d|8|00FD50C091800000
60.303483|3b7|Rx|d|6|37007FC000C0
60.323507|211|Rx|d|8|8200FFFFA90000D1
60.323507|214|Rx|d|2|0
60.326967|1b0|Rx|d|4|FF00FFC4
60.326967|5de|Rx|d|8|2
60.326967|5df|Rx|d|3|9500
60.343435|211|Rx|d|8|8200FFFFA90000D1
60.343435|214|Rx|d|2|0
60.343435|1b0|Rx|d|4|FF00FFC4
60.343435|657|Rx|d|2|C0CC
60.363395|4ac|Rx|d|5|83752A0080
60.363395|45c|Rx|d|6|00000000FFE0
60.363395|211|Rx|d|8|8200FFFFA90000D1
60.363395|214|Rx|d|2|0
60.363395|218|Rx|d|1|98
60.363395|4fa|Rx|d|2|800
60.363395|671|Rx|d|2|200
60.363395|1b0|Rx|d|4|FF00FFC4
60.391452|211|Rx|d|8|8200FFFFA90000D1
60.391452|214|Rx|d|2|0
60.391452|1b0|Rx|d|4|FF00FFC4
60.391452|4f8|Rx|d|8|94C0000000000000
60.391452|211|Rx|d|8|8200FFFFA90000D1
60.391452|214|Rx|d|2|0
60.413717|350|Rx|d|8|C02F3AFA1870A489
60.413717|1b0|Rx|d|4|FF00FFC4
60.413717|4de|Rx|d|3|C00000
60.413717|55d|Rx|d|8|00FD50C091800000
60.413717|3b7|Rx|d|6|37007FC000C0
60.413717|211|Rx|d|8|8200FFFFA90000D1
60.413717|214|Rx|d|2|0
60.434134|1b0|Rx|d|4|FF00FFC4
60.434134|5de|Rx|d|8|2
60.434134|5df|Rx|d|3|9500
60.434134|211|Rx|d|8|8200FFFFA90000D1
60.434134|214|Rx|d|2|0
60.453440|1b0|Rx|d|4|FF00FFC4
60.453440|657|Rx|d|2|C0CC
60.453440|4ac|Rx|d|5|83762A0080
60.453440|45c|Rx|d|6|00000000FFE0
60.453440|211|Rx|d|8|8200FFFFA90000D1
60.453440|214|Rx|d|2|0
60.453440|218|Rx|d|1|98
60.453440|4fa|Rx|d|2|800
60.453440|671|Rx|d|2|200
60.468703|1b0|Rx|d|4|FF00FFC4
60.468703|211|Rx|d|8|8200FFFFA90000D1
60.468703|214|Rx|d|2|0
60.483323|1b0|Rx|d|4|FF00FFC4
60.483323|4f8|Rx|d|8|94C0000000000000
60.503496|211|Rx|d|8|8200FFFFA90000D1
60.503496|214|Rx|d|2|0
60.513992|350|Rx|d|8|C02F3AFA1870A489
60.513992|1b0|Rx|d|4|FF00FFC4
60.513992|4de|Rx|d|3|C00000
60.513992|55d|Rx|d|8|00FD50C091800000
60.513992|3b7|Rx|d|6|37007FC000C0
60.513992|211|Rx|d|8|8200FFFFA90000D1
60.513992|214|Rx|d|2|0
60.533912|1b0|Rx|d|4|FF00FFC4
60.533912|5de|Rx|d|8|2
60.533912|5df|Rx|d|3|9500
60.533912|211|Rx|d|8|8200FFFFA90000D1
60.533912|214|Rx|d|2|0
60.558732|1b0|Rx|d|4|FF00FFC4
60.558732|657|Rx|d|2|C0CC
60.558732|4ac|Rx|d|5|83762A0080
60.558732|45c|Rx|d|6|00000000FFE0
60.558732|211|Rx|d|8|8200FFFFA90000D1
60.558732|214|Rx|d|2|0
60.558732|218|Rx|d|1|98
60.558732|4fa|Rx|d|2|800
60.558732|671|Rx|d|2|200
60.563336|1b0|Rx|d|4|FF00FFC4
60.572866|211|Rx|d|8|8200FFFFA90000D1
60.572866|214|Rx|d|2|0
60.588719|1b0|Rx|d|4|FF00FFC4
60.588719|4f8|Rx|d|8|94C0000000000000
60.588719|211|Rx|d|8|8200FFFFA90000D1
60.588719|214|Rx|d|2|0
60.608609|350|Rx|d|8|C02F3AFA1870A489
60.608609|1b0|Rx|d|4|FF00FFC4
60.608609|4de|Rx|d|3|C00000
60.608609|55d|Rx|d|8|00FD50C091800000
60.608609|3b7|Rx|d|6|37007FC000C0
60.608609|646|Rx|d|8|000000020000000C
60.608609|211|Rx|d|8|8200FFFFA90000D1
60.608609|214|Rx|d|2|0
60.627009|1b0|Rx|d|4|FF00FFC4
60.627009|5de|Rx|d|8|2
60.627009|5df|Rx|d|3|9500
60.643476|211|Rx|d|8|8200FFFFA90000D1
60.643476|214|Rx|d|2|0
60.643476|1b0|Rx|d|4|FF00FFC4
60.643476|657|Rx|d|2|C0CC
60.663520|4ac|Rx|d|5|83762A0080
60.663520|45c|Rx|d|6|00000000FFE0
60.663520|211|Rx|d|8|8200FFFFA90000D1
60.663520|214|Rx|d|2|0
60.663520|218|Rx|d|1|98
60.663520|4fa|Rx|d|2|800
60.663520|671|Rx|d|2|200
60.673623|1b0|Rx|d|4|FF00FFC4
60.673623|211|Rx|d|8|8200FFFFA90000D1
60.673623|214|Rx|d|2|0
60.688883|1b0|Rx|d|4|FF00FFC4
60.688883|4f8|Rx|d|8|94C0000000000000
60.693694|211|Rx|d|8|8200FFFFA90000D1
60.693694|214|Rx|d|2|0
60.708300|350|Rx|d|8|C02F3AFA1870A489
60.708300|1b0|Rx|d|4|FF00FFC4
60.708300|4de|Rx|d|3|C00000
60.708300|55d|Rx|d|8|00FD50C091800000
60.708300|3b7|Rx|d|6|37007FC000C0
60.713637|211|Rx|d|8|8200FFFFA90000D1
60.713637|214|Rx|d|2|0
60.727322|1b0|Rx|d|4|FF00FFC4
60.727322|5de|Rx|d|8|2
60.727322|5df|Rx|d|3|9500
60.753280|211|Rx|d|8|8200FFFFA90000D1
60.753280|214|Rx|d|2|0
60.753280|1b0|Rx|d|4|FF00FFC4
60.753280|657|Rx|d|2|C0CC
60.753280|69f|Rx|d|4|0650859F
60.753280|4ac|Rx|d|5|83752A0080
60.753280|45c|Rx|d|6|00000000FFE0
60.753280|211|Rx|d|8|8200FFFFA90000D1
60.753280|214|Rx|d|2|0
60.753280|218|Rx|d|1|98
60.753280|4fa|Rx|d|2|800
60.753280|671|Rx|d|2|200
60.783210|1b0|Rx|d|4|FF00FFC4
60.783210|211|Rx|d|8|8200FFFFA90000D1
60.783210|214|Rx|d|2|0
60.793979|1b0|Rx|d|4|FF00FFC4
60.793979|4f8|Rx|d|8|94C0000000000000
60.793979|211|Rx|d|8|8200FFFFA90000D1
60.793979|214|Rx|d|2|0
60.813270|350|Rx|d|8|C02F3AFA1870A489
60.813270|1b0|Rx|d|4|FF00FFC4
60.813270|4de|Rx|d|3|C00000
60.813270|55d|Rx|d|8|00FD50C091800000
60.813270|3b7|Rx|d|6|37007FC000C0
60.813270|211|Rx|d|8|8200FFFFA90000D1
60.813270|214|Rx|d|2|0
60.833331|1b0|Rx|d|4|FF00FFC4
60.833331|5de|Rx|d|8|2
60.833331|5df|Rx|d|3|9500
60.843992|211|Rx|d|8|8200FFFFA90000D1
60.843992|214|Rx|d|2|0
60.853445|1b0|Rx|d|4|FF00FFC4
60.853445|657|Rx|d|2|C0CC
60.853445|4ac|Rx|d|5|83762A0080
60.853445|45c|Rx|d|6|00000000FFE0
60.853445|211|Rx|d|8|8200FFFFA90000D1
60.853445|214|Rx|d|2|0
60.853445|218|Rx|d|1|98
60.853445|4fa|Rx|d|2|800
60.853445|671|Rx|d|2|200
60.883474|1b0|Rx|d|4|FF00FFC4
60.883474|211|Rx|d|8|8200FFFFA90000D1
60.883474|214|Rx|d|2|0
60.883474|1b0|Rx|d|4|FF00FFC4
60.883474|4f8|Rx|d|8|94C0000000000000
60.908388|211|Rx|d|8|8200FFFFA90000D1
60.908388|214|Rx|d|2|0
60.908388|350|Rx|d|8|C02F3AFA1870A489
60.908388|1b0|Rx|d|4|FF00FFC4
60.908388|4de|Rx|d|3|C00000
60.908388|55d|Rx|d|8|00FD50C091800000
60.908388|3b7|Rx|d|6|37007FC000C0
60.908388|211|Rx|d|8|8200FFFFA90000D1
60.908388|214|Rx|d|2|0
60.923752|1b0|Rx|d|4|FF00FFC4
60.923752|5de|Rx|d|8|2
60.933503|5df|Rx|d|3|9500
60.933503|211|Rx|d|8|8200FFFFA90000D1
60.933503|214|Rx|d|2|0
60.948854|1b0|Rx|d|4|FF00FFC4
60.948854|657|Rx|d|2|C0CC
60.948854|4ac|Rx|d|5|83752A0080
60.948854|45c|Rx|d|6|00000000FFE0
60.948854|211|Rx|d|8|8200FFFFA90000D1
60.948854|214|Rx|d|2|0
60.948854|218|Rx|d|1|98
60.948854|4fa|Rx|d|2|800
60.948854|671|Rx|d|2|200
60.963633|1b0|Rx|d|4|FF00FFC4
60.973934|211|Rx|d|8|8200FFFFA90000D1
60.973934|214|Rx|d|2|0
60.983517|1b0|Rx|d|4|FF00FFC4
60.983517|4f8|Rx|d|8|94C0000000000000
60.993504|211|Rx|d|8|8200FFFFA90000D1
60.993504|214|Rx|d|2|0
61.013575|350|Rx|d|8|C02F3AFA1870A489
61.013575|1b0|Rx|d|4|FF00FFC4
61.013575|4de|Rx|d|3|C00000
61.013575|55d|Rx|d|8|00FD50C091800000
61.013575|3b7|Rx|d|6|37007FC000C0
61.023424|211|Rx|d|8|8200FFFFA90000D1
61.023424|214|Rx|d|2|0
61.023424|1b0|Rx|d|4|FF00FFC4
61.023424|5de|Rx|d|8|2
61.039901|5df|Rx|d|3|9500
61.039901|211|Rx|d|8|8200FFFFA90000D1
61.039901|214|Rx|d|2|0
61.039901|1b0|Rx|d|4|FF00FFC4
61.039901|657|Rx|d|2|C0CC
61.058702|4ac|Rx|d|5|83762A0080
61.058702|45c|Rx|d|6|00000000FFE0
61.058702|211|Rx|d|8|8200FFFFA90000D1
61.058702|214|Rx|d|2|0
61.058702|218|Rx|d|1|98
61.058702|4fa|Rx|d|2|800
61.058702|671|Rx|d|2|200
61.058702|1b0|Rx|d|4|FF00FFC4
61.083309|211|Rx|d|8|8200FFFFA90000D1
61.083309|214|Rx|d|2|0
61.083309|1b0|Rx|d|4|FF00FFC4
61.083309|4f8|Rx|d|8|94C0000000000000
61.112931|211|Rx|d|8|8200FFFFA90000D1
61.112931|214|Rx|d|2|0
61.112931|350|Rx|d|8|C02F3AFA1870A489
61.112931|1b0|Rx|d|4|FF00FFC4
61.112931|4de|Rx|d|3|C00000
61.112931|55d|Rx|d|8|00FD50C091800000
61.112931|3b7|Rx|d|6|37007FC000C0
61.112931|646|Rx|d|8|000000020000000C
61.112931|211|Rx|d|8|8200FFFFA90000D1
61.112931|214|Rx|d|2|0
61.127387|1b0|Rx|d|4|FF00FFC4
61.127387|5de|Rx|d|8|2
61.127387|5df|Rx|d|3|9500
61.153322|211|Rx|d|8|8200FFFFA90000D1
61.153322|214|Rx|d|2|0
61.153322|1b0|Rx|d|4|FF00FFC4
61.153322|657|Rx|d|2|C0CC
61.153322|4ac|Rx|d|5|83762A0080
61.153322|45c|Rx|d|6|00000000FFE0
61.153322|211|Rx|d|8|8200FFFFA90000D1
61.153322|214|Rx|d|2|0
61.153322|218|Rx|d|1|98
61.153322|4fa|Rx|d|2|800
61.153322|671|Rx|d|2|200
61.153322|1b0|Rx|d|4|FF00FFC4
61.183275|211|Rx|d|8|8200FFFFA90000D1
61.183275|214|Rx|d|2|0
61.183275|1b0|Rx|d|4|FF00FFC4
61.183275|4f8|Rx|d|8|94C0000000000000
61.212984|211|Rx|d|8|8200FFFFA90000D1
61.212984|214|Rx|d|2|0
61.212984|350|Rx|d|8|C02F3AFA1870A489
61.212984|1b0|Rx|d|4|FF00FFC4
61.212984|4de|Rx|d|3|C00000
61.212984|55d|Rx|d|8|00FD50C091800000
61.212984|3b7|Rx|d|6|37007FC000C0
61.212984|211|Rx|d|8|8200FFFFA90000D1
61.212984|214|Rx|d|2|0
61.233624|1b0|Rx|d|4|FF00FFC4
61.233624|5de|Rx|d|8|2
61.233624|5df|Rx|d|3|9500
61.238511|211|Rx|d|8|8200FFFFA90000D1
61.238511|214|Rx|d|2|0
61.238511|1b0|Rx|d|4|FF00FFC4
61.238511|657|Rx|d|2|C0CC
61.253254|4ac|Rx|d|5|83752A0080
61.262856|45c|Rx|d|6|00000000FFE0
61.262856|211|Rx|d|8|8200FFFFA90000D1
61.262856|214|Rx|d|2|0
61.262856|218|Rx|d|1|98
61.262856|4fa|Rx|d|2|800
61.262856|671|Rx|d|2|200
61.262856|1b0|Rx|d|4|FF00FFC4
61.273715|211|Rx|d|8|8200FFFFA90000D1
61.273715|214|Rx|d|2|0
61.273715|1b0|Rx|d|4|FF00FFC4
61.303711|4f8|Rx|d|8|94C0000000000000
61.303711|211|Rx|d|8|8200FFFFA90000D1
61.303711|214|Rx|d|2|0
61.303711|350|Rx|d|8|C02F3AFA1870A489
61.303711|1b0|Rx|d|4|FF00FFC4
61.304079|4de|Rx|d|3|C00000
61.304079|55d|Rx|d|8|00FD50C091800000
61.304079|3b7|Rx|d|6|37007FC000C0
61.327561|211|Rx|d|8|8200FFFFA90000D1
61.327561|214|Rx|d|2|0
61.327561|1b0|Rx|d|4|FF00FFC4
61.327561|5de|Rx|d|8|2
61.327561|5df|Rx|d|3|9500
61.343466|211|Rx|d|8|8200FFFFA90000D1
61.343466|214|Rx|d|2|0
61.343466|1b0|Rx|d|4|FF00FFC4
61.343466|657|Rx|d|2|C0CC
61.343466|4ac|Rx|d|5|83752A0080
61.343466|45c|Rx|d|6|00000000FFE0
61.363480|211|Rx|d|8|8200FFFFA90000D1
61.363480|214|Rx|d|2|0
61.363480|218|Rx|d|1|98
61.363480|4fa|Rx|d|2|800
61.363480|671|Rx|d|2|200
61.363480|1b0|Rx|d|4|FF00FFC4
61.373470|211|Rx|d|8|8200FFFFA90000D1
61.373470|214|Rx|d|2|0
61.383699|1b0|Rx|d|4|FF00FFC4
61.383699|4f8|Rx|d|8|94C0000000000000
61.403676|211|Rx|d|8|8200FFFFA90000D1
61.403676|214|Rx|d|2|0
61.403676|350|Rx|d|8|C02F3AFA1870A489
61.403676|1b0|Rx|d|4|FF00FFC4
61.403676|4de|Rx|d|3|C00000
61.403676|55d|Rx|d|8|00FD50C091800000
61.403676|3b7|Rx|d|6|37007FC000C0
61.423607|211|Rx|d|8|8200FFFFA90000D1
61.423607|214|Rx|d|2|0
61.423607|1b0|Rx|d|4|FF00FFC4
61.423607|5de|Rx|d|8|2
61.423607|5df|Rx|d|3|9500
61.444074|211|Rx|d|8|8200FFFFA90000D1
61.444074|214|Rx|d|2|0
61.444074|1b0|Rx|d|4|FF00FFC4
61.444074|657|Rx|d|2|C0CC
61.444074|4ac|Rx|d|5|83752A0080
61.444074|45c|Rx|d|6|00000000FFE0
61.463678|211|Rx|d|8|8200FFFFA90000D1
61.463678|214|Rx|d|2|0
61.463678|218|Rx|d|1|98
61.463678|4fa|Rx|d|2|800
61.463678|671|Rx|d|2|200
61.463678|1b0|Rx|d|4|FF00FFC4
61.483921|211|Rx|d|8|8200FFFFA90000D1
61.483921|214|Rx|d|2|0
61.488427|1b0|Rx|d|4|FF00FFC4
61.488427|4f8|Rx|d|8|94C0000000000000
61.488427|211|Rx|d|8|8200FFFFA90000D1
61.488427|214|Rx|d|2|0
61.503246|350|Rx|d|8|C02F3AFA1870A489
61.503246|1b0|Rx|d|4|FF00FFC4
61.503246|4de|Rx|d|3|C00000
61.503246|55d|Rx|d|8|00FD50C091800000
61.503246|3b7|Rx|d|6|37007FC000C0
61.510188|211|Rx|d|8|8200FFFFA90000D1
61.510188|214|Rx|d|2|0
61.516185|1b0|Rx|d|4|FF00FFC4
61.516185|5de|Rx|d|8|2
61.526179|5df|Rx|d|3|9500
61.532175|211|Rx|d|8|8200FFFFA90000D1
61.532175|214|Rx|d|2|0
61.538172|1b0|Rx|d|4|FF00FFC4
61.538172|657|Rx|d|2|C0CC
61.546167|4ac|Rx|d|5|83752A0080
61.546167|45c|Rx|d|6|00000000FFE0
61.552163|211|Rx|d|8|8200FFFFA90000D1
61.552163|214|Rx|d|2|0
61.552163|218|Rx|d|1|98
61.552163|4fa|Rx|d|2|800
61.552163|671|Rx|d|2|200
61.556161|1b0|Rx|d|4|FF00FFC4
61.570152|211|Rx|d|8|8200FFFFA90000D1
61.570152|214|Rx|d|2|0
61.576148|1b0|Rx|d|4|FF00FFC4
61.582144|4f8|Rx|d|8|94C0000000000000
61.590140|211|Rx|d|8|8200FFFFA90000D1
61.590140|214|Rx|d|2|0
61.596136|350|Rx|d|8|C02F3AFA1870A489
61.596136|1b0|Rx|d|4|FF00FFC4
61.596136|4de|Rx|d|3|C00000
61.596136|55d|Rx|d|8|00FD50C091800000
61.600133|3b7|Rx|d|6|37007FC000C0
61.610127|646|Rx|d|8|000000020000000C
61.610127|211|Rx|d|8|8200FFFFA90000D1
61.610127|214|Rx|d|2|0
61.616124|1b0|Rx|d|4|FF00FFC4
61.616124|5de|Rx|d|8|2
61.628743|5df|Rx|d|3|9500
61.628743|211|Rx|d|8|8200FFFFA90000D1
61.628743|214|Rx|d|2|0
61.648531|1b0|Rx|d|4|FF00FFC4
61.648531|657|Rx|d|2|C0CC
61.648531|4ac|Rx|d|5|83752A0080
61.648531|45c|Rx|d|6|00000000FFE0
61.648531|211|Rx|d|8|8200FFFFA90000D1
61.648531|214|Rx|d|2|0
61.648531|218|Rx|d|1|98
61.648531|4fa|Rx|d|2|800
61.648531|671|Rx|d|2|200
61.673565|1b0|Rx|d|4|FF00FFC4
61.683333|211|Rx|d|8|8200FFFFA90000D1
61.683333|214|Rx|d|2|0
61.683333|1b0|Rx|d|4|FF00FFC4
61.683333|4f8|Rx|d|8|94C0000000000000
61.713935|211|Rx|d|8|8200FFFFA90000D1
61.713935|214|Rx|d|2|0
61.713935|350|Rx|d|8|C02F3AFA1870A489
61.713935|1b0|Rx|d|4|FF00FFC4
61.713935|4de|Rx|d|3|C00000
61.713935|55d|Rx|d|8|00FD50C091800000
61.713935|3b7|Rx|d|6|37007FC000C0
61.713935|211|Rx|d|8|8200FFFFA90000D1
61.713935|214|Rx|d|2|0
61.713935|1b0|Rx|d|4|FF00FFC4
61.713935|5de|Rx|d|8|2
61.733871|5df|Rx|d|3|9500
61.733871|211|Rx|d|8|8200FFFFA90000D1
61.733871|214|Rx|d|2|0
61.733871|1b0|Rx|d|4|FF00FFC4
61.733871|657|Rx|d|2|C0CC
61.733871|69f|Rx|d|4|0650859F
61.754037|4ac|Rx|d|5|83752A0080
61.754037|45c|Rx|d|6|00000000FFE0
61.754037|211|Rx|d|8|8200FFFFA90000D1
61.754037|214|Rx|d|2|0
61.754037|218|Rx|d|1|98
61.754037|4fa|Rx|d|2|800
61.754037|671|Rx|d|2|200
61.754037|1b0|Rx|d|4|FF00FFC4
61.780689|211|Rx|d|8|8200FFFFA90000D1
61.780689|214|Rx|d|2|0
61.780689|1b0|Rx|d|4|FF00FFC4
61.780689|4f8|Rx|d|8|94C0000000000000
61.813640|211|Rx|d|8|8200FFFFA90000D1
61.813640|214|Rx|d|2|0
61.813640|350|Rx|d|8|C02F3AFA1870A489
61.813640|1b0|Rx|d|4|FF00FFC4
61.813640|4de|Rx|d|3|C00000
61.813640|55d|Rx|d|8|00FD50C091800000
61.813640|3b7|Rx|d|6|37007FC000C0
61.813640|211|Rx|d|8|8200FFFFA90000D1
61.813640|214|Rx|d|2|0
61.813640|1b0|Rx|d|4|FF00FFC4
61.813640|5de|Rx|d|8|2
61.828644|5df|Rx|d|3|9500
61.833684|211|Rx|d|8|8200FFFFA90000D1
61.833684|214|Rx|d|2|0
61.833684|1b0|Rx|d|4|FF00FFC4
61.833684|657|Rx|d|2|C0CC
61.857498|4ac|Rx|d|5|83762A0080
61.857498|45c|Rx|d|6|00000000FFE0
61.857498|211|Rx|d|8|8200FFFFA90000D1
61.857498|214|Rx|d|2|0
61.857498|218|Rx|d|1|98
61.857498|4fa|Rx|d|2|800
61.857498|671|Rx|d|2|200
61.857498|1b0|Rx|d|4|FF00FFC4
61.883821|211|Rx|d|8|8200FFFFA90000D1
61.883821|214|Rx|d|2|0
61.883821|1b0|Rx|d|4|FF00FFC4
61.883821|4f8|Rx|d|8|94C0000000000000
61.903622|211|Rx|d|8|8200FFFFA90000D1
61.903622|214|Rx|d|2|0
61.903622|350|Rx|d|8|C02F3AFA1870A489
61.903622|1b0|Rx|d|4|FF00FFC4
61.903622|4de|Rx|d|3|C00000
61.908519|55d|Rx|d|8|00FD50C091800000
61.908519|3b7|Rx|d|6|37007FC000C0
61.908519|211|Rx|d|8|8200FFFFA90000D1
61.908519|214|Rx|d|2|0
61.923603|1b0|Rx|d|4|FF00FFC4
61.923603|5de|Rx|d|8|2
61.928633|5df|Rx|d|3|9500
61.933660|211|Rx|d|8|8200FFFFA90000D1
61.933660|214|Rx|d|2|0
61.943290|1b0|Rx|d|4|FF00FFC4
61.943290|657|Rx|d|2|C0CC
61.943290|4ac|Rx|d|5|83752A0080
61.943290|45c|Rx|d|6|00000000FFE0
61.958237|211|Rx|d|8|8200FFFFA90000D1
61.958237|214|Rx|d|2|0
61.958237|218|Rx|d|1|98
61.958237|4fa|Rx|d|2|800
61.958237|671|Rx|d|2|200
61.958237|1b0|Rx|d|4|FF00FFC4
61.973678|211|Rx|d|8|8200FFFFA90000D1
61.973678|214|Rx|d|2|0
61.973678|1b0|Rx|d|4|FF00FFC4
61.988528|4f8|Rx|d|8|94C0000000000000
61.988528|211|Rx|d|8|8200FFFFA90000D1
61.988528|214|Rx|d|2|0
62.003355|350|Rx|d|8|C02F3AFA1870A489
62.003355|1b0|Rx|d|4|FF00FFC4
62.003355|4de|Rx|d|3|C00000
62.003355|55d|Rx|d|8|00FD50C091800000
62.003355|3b7|Rx|d|6|37007FC000C0
62.013647|211|Rx|d|8|8200FFFFA90000D1
62.013647|214|Rx|d|2|0
62.013647|1b0|Rx|d|4|FF00FFC4
62.013647|5de|Rx|d|8|2
62.028610|5df|Rx|d|3|9500
62.033368|211|Rx|d|8|8200FFFFA90000D1
62.033368|214|Rx|d|2|0
62.033368|1b0|Rx|d|4|FF00FFC4
62.033368|657|Rx|d|2|C0CC
62.063786|4ac|Rx|d|5|83752A0080
62.063786|45c|Rx|d|6|00000000FFE0
62.063786|211|Rx|d|8|8200FFFFA90000D1
62.063786|214|Rx|d|2|0
62.063786|218|Rx|d|1|98
62.063786|4fa|Rx|d|2|800
62.063786|671|Rx|d|2|200
62.063786|1b0|Rx|d|4|FF00FFC4
62.083669|211|Rx|d|8|8200FFFFA90000D1
62.083669|214|Rx|d|2|0
62.083669|1b0|Rx|d|4|FF00FFC4
62.083669|4f8|Rx|d|8|94C0000000000000
62.103689|211|Rx|d|8|8200FFFFA90000D1
62.103689|214|Rx|d|2|0
62.113995|350|Rx|d|8|C02F3AFA1870A489
62.113995|1b0|Rx|d|4|FF00FFC4
62.113995|4de|Rx|d|3|C00000
62.113995|55d|Rx|d|8|00FD50C091800000
62.113995|3b7|Rx|d|6|37007FC000C0
62.123884|646|Rx|d|8|000000020000000C
62.123884|211|Rx|d|8|8200FFFFA90000D1
62.123884|214|Rx|d|2|0
62.123884|1b0|Rx|d|4|FF00FFC4
62.123884|5de|Rx|d|8|2
62.123884|5df|Rx|d|3|9500
62.142865|211|Rx|d|8|8200FFFFA90000D1
62.142865|214|Rx|d|2|0
62.142865|1b0|Rx|d|4|FF00FFC4
62.142865|657|Rx|d|2|C0CC
62.163653|4ac|Rx|d|5|83752A0080
62.163653|45c|Rx|d|6|00000000FFE0
62.163653|211|Rx|d|8|8200FFFFA90000D1
62.163653|214|Rx|d|2|0
62.163653|218|Rx|d|1|98
62.163653|4fa|Rx|d|2|800
62.163653|671|Rx|d|2|200
62.163653|1b0|Rx|d|4|FF00FFC4
62.183584|211|Rx|d|8|8200FFFFA90000D1
62.183584|214|Rx|d|2|0
62.183584|1b0|Rx|d|4|FF00FFC4
62.193298|4f8|Rx|d|8|94C0000000000000
62.193298|211|Rx|d|8|8200FFFFA90000D1
62.193298|214|Rx|d|2|0
62.193298|350|Rx|d|8|C02F3AFA1870A489
62.193298|1b0|Rx|d|4|FF00FFC4
62.193298|4de|Rx|d|3|C00000
62.193298|55d|Rx|d|8|00FD50C091800000
62.213268|3b7|Rx|d|6|37007FC000C0
62.213268|211|Rx|d|8|8200FFFFA90000D1
62.213268|214|Rx|d|2|0
62.213268|1b0|Rx|d|4|FF00FFC4
62.213268|5de|Rx|d|8|2
62.225969|5df|Rx|d|3|9500
62.231961|211|Rx|d|8|8200FFFFA90000D1
62.231961|214|Rx|d|2|0
62.237957|1b0|Rx|d|4|FF00FFC4
62.237957|657|Rx|d|2|C0CC
62.245952|4ac|Rx|d|5|83762A0080
62.245952|45c|Rx|d|6|00000000FFE0
62.251948|211|Rx|d|8|8200FFFFA90000D1
62.251948|214|Rx|d|2|0
62.251948|218|Rx|d|1|98
62.251948|4fa|Rx|d|2|800
62.251948|671|Rx|d|2|200
62.255947|1b0|Rx|d|4|FF00FFC4
62.271938|211|Rx|d|8|8200FFFFA90000D1
62.271938|214|Rx|d|2|0
62.277932|1b0|Rx|d|4|FF00FFC4
62.277932|4f8|Rx|d|8|94C0000000000000
62.291923|211|Rx|d|8|8200FFFFA90000D1
62.291923|214|Rx|d|2|0
62.297920|350|Rx|d|8|C02F3AFA1870A489
62.297920|1b0|Rx|d|4|FF00FFC4
62.297920|4de|Rx|d|3|C00000
62.297920|55d|Rx|d|8|00FD50C091800000
62.299918|3b7|Rx|d|6|37007FC000C0
62.311911|211|Rx|d|8|8200FFFFA90000D1
62.311911|214|Rx|d|2|0
62.317907|1b0|Rx|d|4|FF00FFC4
62.317907|5de|Rx|d|8|2
62.325902|5df|Rx|d|3|9500
62.331899|211|Rx|d|8|8200FFFFA90000D1
62.331899|214|Rx|d|2|0
62.343227|1b0|Rx|d|4|FF00FFC4
62.343227|657|Rx|d|2|C0CC
62.353480|4ac|Rx|d|5|83752A0080
62.353480|45c|Rx|d|6|00000000FFE0
62.353480|211|Rx|d|8|8200FFFFA90000D1
62.353480|214|Rx|d|2|0
62.353480|218|Rx|d|1|98
62.353480|4fa|Rx|d|2|800
62.353480|671|Rx|d|2|200
62.353480|1b0|Rx|d|4|FF00FFC4
62.383678|211|Rx|d|8|8200FFFFA90000D1
62.383678|214|Rx|d|2|0
62.383678|1b0|Rx|d|4|FF00FFC4
62.383678|4f8|Rx|d|8|94C0000000000000
62.413350|211|Rx|d|8|8200FFFFA90000D1
62.413350|214|Rx|d|2|0
62.413350|350|Rx|d|8|C02F3AFA1870A489
62.413350|1b0|Rx|d|4|FF00FFC4
62.413350|4de|Rx|d|3|C00000
62.413350|55d|Rx|d|8|00FD50C091800000
62.413350|3b7|Rx|d|6|37007FC000C0
62.413350|211|Rx|d|8|8200FFFFA90000D1
62.413350|214|Rx|d|2|0
62.413350|1b0|Rx|d|4|FF00FFC4
62.413350|5de|Rx|d|8|2
62.428523|5df|Rx|d|3|9500
62.428523|211|Rx|d|8|8200FFFFA90000D1
62.428523|214|Rx|d|2|0
62.452598|1b0|Rx|d|4|FF00FFC4
62.452598|657|Rx|d|2|C0CC
62.452598|4ac|Rx|d|5|83762A0080
62.452598|45c|Rx|d|6|00000000FFE0
62.452598|211|Rx|d|8|8200FFFFA90000D1
62.452598|214|Rx|d|2|0
62.452598|218|Rx|d|1|98
62.452598|4fa|Rx|d|2|800
62.452598|671|Rx|d|2|200
62.463405|1b0|Rx|d|4|FF00FFC4
62.473922|211|Rx|d|8|8200FFFFA90000D1
62.473922|214|Rx|d|2|0
62.473922|1b0|Rx|d|4|FF00FFC4
62.503734|4f8|Rx|d|8|94C0000000000000
62.503734|211|Rx|d|8|8200FFFFA90000D1
62.503734|214|Rx|d|2|0
62.503734|350|Rx|d|8|C02F3AFA1870A489
62.503734|1b0|Rx|d|4|FF00FFC4
62.503734|4de|Rx|d|3|C00000
62.503734|55d|Rx|d|8|00FD50C091800000
62.513939|3b7|Rx|d|6|37007FC000C0
62.513939|211|Rx|d|8|8200FFFFA90000D1
62.513939|214|Rx|d|2|0
62.513939|1b0|Rx|d|4|FF00FFC4
62.513939|5de|Rx|d|8|2
62.529067|5df|Rx|d|3|9500
62.529067|211|Rx|d|8|8200FFFFA90000D1
62.529067|214|Rx|d|2|0
62.553997|1b0|Rx|d|4|FF00FFC4
62.553997|657|Rx|d|2|C0CC
62.553997|4ac|Rx|d|5|83752A0080
62.553997|45c|Rx|d|6|00000000FFE0
62.553997|211|Rx|d|8|8200FFFFA90000D1
62.553997|214|Rx|d|2|0
62.553997|218|Rx|d|1|98
62.553997|4fa|Rx|d|2|800
62.553997|671|Rx|d|2|200
62.553997|1b0|Rx|d|4|FF00FFC4
62.583845|211|Rx|d|8|8200FFFFA90000D1
62.583845|214|Rx|d|2|0
62.583845|1b0|Rx|d|4|FF00FFC4
62.593360|4f8|Rx|d|8|94C0000000000000
62.598541|211|Rx|d|8|8200FFFFA90000D1
62.598541|214|Rx|d|2|0
62.598541|350|Rx|d|8|C02F3AFA1870A489
62.598541|1b0|Rx|d|4|FF00FFC4
62.598541|4de|Rx|d|3|C00000
62.598541|55d|Rx|d|8|00FD50C091800000
62.598541|3b7|Rx|d|6|37007FC000C0
62.613356|646|Rx|d|8|000000020000000C
62.613356|211|Rx|d|8|8200FFFFA90000D1
62.613356|214|Rx|d|2|0
62.613356|1b0|Rx|d|4|FF00FFC4
62.613356|5de|Rx|d|8|2
62.628262|5df|Rx|d|3|9500
62.628262|211|Rx|d|8|8200FFFFA90000D1
62.628262|214|Rx|d|2|0
62.643479|1b0|Rx|d|4|FF00FFC4
62.643479|657|Rx|d|2|C0CC
62.643479|4ac|Rx|d|5|83752A0080
62.643479|45c|Rx|d|6|00000000FFE0
62.673334|211|Rx|d|8|8200FFFFA90000D1
62.673334|214|Rx|d|2|0
62.673334|218|Rx|d|1|98
62.673334|4fa|Rx|d|2|800
62.673334|671|Rx|d|2|200
62.673334|1b0|Rx|d|4|FF00FFC4
62.673334|211|Rx|d|8|8200FFFFA90000D1
62.673334|214|Rx|d|2|0
62.673334|1b0|Rx|d|4|FF00FFC4
62.684321|4f8|Rx|d|8|94C0000000000000
62.690316|211|Rx|d|8|8200FFFFA90000D1
62.690316|214|Rx|d|2|0
62.696805|350|Rx|d|8|C02F3AFA1870A489
62.696805|1b0|Rx|d|4|FF00FFC4
62.696805|4de|Rx|d|3|C00000
62.696805|55d|Rx|d|8|00FD50C091800000
62.701517|3b7|Rx|d|6|37007FC000C0
62.711511|211|Rx|d|8|8200FFFFA90000D1
62.711511|214|Rx|d|2|0
62.717508|1b0|Rx|d|4|FF00FFC4
62.717508|5de|Rx|d|8|2
62.725503|5df|Rx|d|3|9500
62.731499|211|Rx|d|8|8200FFFFA90000D1
62.731499|214|Rx|d|2|0
62.737495|1b0|Rx|d|4|FF00FFC4
62.737495|657|Rx|d|2|C0CC
62.737495|69f|Rx|d|4|0650859F
62.745491|4ac|Rx|d|5|83752A0080
62.745491|45c|Rx|d|6|00000000FFE0
62.751487|211|Rx|d|8|8200FFFFA90000D1
62.751487|214|Rx|d|2|0
62.751487|218|Rx|d|1|98
62.751487|4fa|Rx|d|2|800
62.751487|671|Rx|d|2|200
62.755485|1b0|Rx|d|4|FF00FFC4
62.771475|211|Rx|d|8|8200FFFFA90000D1
62.771475|214|Rx|d|2|0
62.777473|1b0|Rx|d|4|FF00FFC4
62.777473|4f8|Rx|d|8|94C0000000000000
62.791463|211|Rx|d|8|8200FFFFA90000D1
62.791463|214|Rx|d|2|0
62.797459|350|Rx|d|8|C02F3AFA1870A489
62.797459|1b0|Rx|d|4|FF00FFC4
62.797459|4de|Rx|d|3|C00000
62.797459|55d|Rx|d|8|00FD50C091800000
62.797459|3b7|Rx|d|6|37007FC000C0
62.811450|211|Rx|d|8|8200FFFFA90000D1
62.811450|214|Rx|d|2|0
62.817446|1b0|Rx|d|4|FF00FFC4
62.817446|5de|Rx|d|8|2
62.833542|5df|Rx|d|3|9500
62.833542|211|Rx|d|8|8200FFFFA90000D1
62.833542|214|Rx|d|2|0
62.833542|1b0|Rx|d|4|FF00FFC4
62.833542|657|Rx|d|2|C0CC
62.858631|4ac|Rx|d|5|83752A0080
62.858631|45c|Rx|d|6|00000000FFE0
62.858631|211|Rx|d|8|8200FFFFA90000D1
62.858631|214|Rx|d|2|0
62.858631|218|Rx|d|1|98
62.858631|4fa|Rx|d|2|800
62.858631|671|Rx|d|2|200
62.858631|1b0|Rx|d|4|FF00FFC4
62.883603|211|Rx|d|8|8200FFFFA90000D1
62.883603|214|Rx|d|2|0
62.883603|1b0|Rx|d|4|FF00FFC4
62.893828|4f8|Rx|d|8|94C0000000000000
62.893828|211|Rx|d|8|8200FFFFA90000D1
62.893828|214|Rx|d|2|0
62.893828|350|Rx|d|8|C02F3AFA1870A489
62.893828|1b0|Rx|d|4|FF00FFC4
62.893828|4de|Rx|d|3|C00000
62.893828|55d|Rx|d|8|00FD50C091800000
62.913794|3b7|Rx|d|6|37007FC000C0
62.913794|211|Rx|d|8|8200FFFFA90000D1
62.913794|214|Rx|d|2|0
62.913794|1b0|Rx|d|4|FF00FFC4
62.913794|5de|Rx|d|8|2
62.929941|5df|Rx|d|3|9500
62.929941|211|Rx|d|8|8200FFFFA90000D1
62.929941|214|Rx|d|2|0
62.943366|1b0|Rx|d|4|FF00FFC4
62.943366|657|Rx|d|2|C0CC
62.943366|4ac|Rx|d|5|83762A0080
62.943366|45c|Rx|d|6|00000000FFE0
62.958498|211|Rx|d|8|8200FFFFA90000D1
62.958498|214|Rx|d|2|0
62.958498|218|Rx|d|1|98
62.958498|4fa|Rx|d|2|800
62.958498|671|Rx|d|2|200
62.958498|1b0|Rx|d|4|FF00FFC4
62.973328|211|Rx|d|8|8200FFFFA90000D1
62.973328|214|Rx|d|2|0
62.973328|1b0|Rx|d|4|FF00FFC4
62.988888|4f8|Rx|d|8|94C0000000000000
62.988888|211|Rx|d|8|8200FFFFA90000D1
62.988888|214|Rx|d|2|0
63.003636|350|Rx|d|8|C02F3AFA1870A489
63.003636|1b0|Rx|d|4|FF00FFC4
63.003636|4de|Rx|d|3|C00000
63.003636|55d|Rx|d|8|00FD50C091800000
63.003636|3b7|Rx|d|6|37007FC000C0
63.013420|211|Rx|d|8|8200FFFFA90000D1
63.013420|214|Rx|d|2|0
63.018681|1b0|Rx|d|4|FF00FFC4
63.018681|5de|Rx|d|8|2
63.029993|5df|Rx|d|3|9500
63.033258|211|Rx|d|8|8200FFFFA90000D1
63.033258|214|Rx|d|2|0
63.043788|1b0|Rx|d|4|FF00FFC4
63.043788|657|Rx|d|2|C0CC
63.043788|4ac|Rx|d|5|83762A0080
63.043850|45c|Rx|d|6|00000000FFE0
63.064122|211|Rx|d|8|8200FFFFA90000D1
63.064122|214|Rx|d|2|0
63.064122|218|Rx|d|1|98
63.064122|4fa|Rx|d|2|800
63.064122|671|Rx|d|2|200
63.064122|1b0|Rx|d|4|FF00FFC4
63.083264|211|Rx|d|8|8200FFFFA90000D1
63.083264|214|Rx|d|2|0
63.083264|1b0|Rx|d|4|FF00FFC4
63.093800|4f8|Rx|d|8|94C0000000000000
63.093800|6fb|Rx|d|8|0F01A454FF0000FF
63.093800|211|Rx|d|8|8200FFFFA90000D1
63.093800|214|Rx|d|2|0
63.093800|350|Rx|d|8|C02F3AFA1870A489
63.093800|1b0|Rx|d|4|FF00FFC4
63.093800|4de|Rx|d|3|C00000
63.093800|55d|Rx|d|8|00FD50C091800000
63.123678|3b7|Rx|d|6|37007FC000C0
63.123678|646|Rx|d|8|000000020000000C
63.123678|211|Rx|d|8|8200FFFFA90000D1
63.123678|214|Rx|d|2|0
63.123678|1b0|Rx|d|4|FF00FFC4
63.123678|5de|Rx|d|8|2
63.123678|5ce|Rx|d|3|FEFF00
63.123678|5df|Rx|d|3|9500
63.138698|211|Rx|d|8|8200FFFFA90000D1
63.138698|214|Rx|d|2|0
63.138698|1b0|Rx|d|4|FF00FFC4
63.138698|657|Rx|d|2|C0CC
63.148638|4ac|Rx|d|5|83752A0080
63.148638|45c|Rx|d|6|00000000FFE0
63.148638|211|Rx|d|8|8200FFFFA90000D1
63.148638|214|Rx|d|2|0
63.148638|218|Rx|d|1|98
63.148638|4fa|Rx|d|2|800
63.148638|671|Rx|d|2|200
63.173516|1b0|Rx|d|4|FF00FFC4
63.173516|211|Rx|d|8|8200FFFFA90000D1
63.173516|214|Rx|d|2|0
63.173516|1b0|Rx|d|4|FF00FFC4
63.193808|4f8|Rx|d|8|94C0000000000000
63.193808|211|Rx|d|8|8200FFFFA90000D1
63.193808|214|Rx|d|2|0
63.193808|350|Rx|d|8|C02F3AFA1870A489
63.193808|1b0|Rx|d|4|FF00FFC4
63.193808|4de|Rx|d|3|C00000
63.193808|55d|Rx|d|8|00FD50C091800000
63.213590|3b7|Rx|d|6|37007FC000C0
63.213590|211|Rx|d|8|8200FFFFA90000D1
63.213590|214|Rx|d|2|0
63.213590|1b0|Rx|d|4|FF00FFC4
63.213590|5de|Rx|d|8|2
63.229890|5df|Rx|d|3|9500
63.233456|211|Rx|d|8|8200FFFFA90000D1
63.233456|214|Rx|d|2|0
63.238394|1b0|Rx|d|4|FF00FFC4
63.238394|657|Rx|d|2|C0CC
63.248434|4ac|Rx|d|5|83752A0080
63.248434|45c|Rx|d|6|00000000FFE0
63.253528|211|Rx|d|8|8200FFFFA90000D1
63.253528|214|Rx|d|2|0
63.253528|218|Rx|d|1|98
63.253528|4fa|Rx|d|2|800
63.253528|671|Rx|d|2|200
63.253528|1b0|Rx|d|4|FF00FFC4
63.283030|211|Rx|d|8|8200FFFFA90000D1
63.283030|214|Rx|d|2|0
63.283030|1b0|Rx|d|4|FF00FFC4
63.283030|4f8|Rx|d|8|94C0000000000000
63.298636|211|Rx|d|8|8200FFFFA90000D1
63.298636|214|Rx|d|2|0
63.298636|350|Rx|d|8|C02F3AFA1870A489
63.298636|1b0|Rx|d|4|FF00FFC4
63.298636|4de|Rx|d|3|C00000
63.298636|55d|Rx|d|8|00FD50C091800000
63.298636|3b7|Rx|d|6|37007FC000C0
63.313634|211|Rx|d|8|8200FFFFA90000D1
63.313634|214|Rx|d|2|0
63.313634|1b0|Rx|d|4|FF00FFC4
63.313634|5de|Rx|d|8|2
63.333361|5df|Rx|d|3|9500
63.333361|211|Rx|d|8|8200FFFFA90000D1
63.333361|214|Rx|d|2|0
63.333361|1b0|Rx|d|4|FF00FFC4
63.333361|657|Rx|d|2|C0CC
63.353208|4ac|Rx|d|5|83752A0080
63.353208|45c|Rx|d|6|00000000FFE0
63.353208|211|Rx|d|8|8200FFFFA90000D1
63.353208|214|Rx|d|2|0
63.353208|218|Rx|d|1|98
63.353208|4fa|Rx|d|2|800
63.353208|671|Rx|d|2|200
63.353208|1b0|Rx|d|4|FF00FFC4
63.383866|211|Rx|d|8|8200FFFFA90000D1
63.383866|214|Rx|d|2|0
63.383866|1b0|Rx|d|4|FF00FFC4
63.383866|4f8|Rx|d|8|94C0000000000000
63.405315|211|Rx|d|8|8200FFFFA90000D1
63.405315|214|Rx|d|2|0
63.405315|350|Rx|d|8|C02F3AFA1870A489
63.405315|1b0|Rx|d|4|FF00FFC4
63.405315|4de|Rx|d|3|C00000
63.405315|55d|Rx|d|8|00FD50C091800000
63.405315|3b7|Rx|d|6|37007FC000C0
63.423870|211|Rx|d|8|8200FFFFA90000D1
63.423870|214|Rx|d|2|0
63.423870|1b0|Rx|d|4|FF00FFC4
63.423870|5de|Rx|d|8|2
63.429988|5df|Rx|d|3|9500
63.429988|211|Rx|d|8|8200FFFFA90000D1
63.429988|214|Rx|d|2|0
63.452815|1b0|Rx|d|4|FF00FFC4
63.452815|657|Rx|d|2|C0CC
63.463866|4ac|Rx|d|5|83752A0080
63.463866|45c|Rx|d|6|00000000FFE0
63.463866|211|Rx|d|8|8200FFFFA90000D1
63.463866|214|Rx|d|2|0
63.463866|218|Rx|d|1|98
63.463866|4fa|Rx|d|2|800
63.463866|671|Rx|d|2|200
63.463866|1b0|Rx|d|4|FF00FFC4
63.493729|211|Rx|d|8|8200FFFFA90000D1
63.493729|214|Rx|d|2|0
63.493729|1b0|Rx|d|4|FF00FFC4
63.493729|4f8|Rx|d|8|94C0000000000000
63.493729|211|Rx|d|8|8200FFFFA90000D1
63.493729|214|Rx|d|2|0
63.493729|350|Rx|d|8|C02F3AFA1870A489
63.493729|1b0|Rx|d|4|FF00FFC4
63.493729|4de|Rx|d|3|C00000
63.493729|55d|Rx|d|8|00FD50C091800000
63.524044|3b7|Rx|d|6|37007FC000C0
63.524044|211|Rx|d|8|8200FFFFA90000D1
63.524044|214|Rx|d|2|0
63.524044|1b0|Rx|d|4|FF00FFC4
63.524044|5de|Rx|d|8|2
63.524044|5df|Rx|d|3|9500
63.538804|211|Rx|d|8|8200FFFFA90000D1
63.538804|214|Rx|d|2|0
63.538804|1b0|Rx|d|4|FF00FFC4
63.538804|657|Rx|d|2|C0CC
63.553459|4ac|Rx|d|5|83752A0080
63.553459|45c|Rx|d|6|00000000FFE0
63.563358|211|Rx|d|8|8200FFFFA90000D1
63.563358|214|Rx|d|2|0
63.563358|218|Rx|d|1|98
63.563358|4fa|Rx|d|2|800
63.563358|671|Rx|d|2|200
63.563358|1b0|Rx|d|4|FF00FFC4
63.583537|211|Rx|d|8|8200FFFFA90000D1
63.583537|214|Rx|d|2|0
63.583537|1b0|Rx|d|4|FF00FFC4
63.594044|4f8|Rx|d|8|94C0000000000000
63.594044|211|Rx|d|8|8200FFFFA90000D1
63.594044|214|Rx|d|2|0
63.594044|350|Rx|d|8|C02F3AFA1870A489
63.594044|1b0|Rx|d|4|FF00FFC4
63.594044|4de|Rx|d|3|C00000
63.594044|55d|Rx|d|8|00FD50C091800000
63.623669|3b7|Rx|d|6|37007FC000C0
63.623669|646|Rx|d|8|000000020000000C
63.623669|211|Rx|d|8|8200FFFFA90000D1
63.623669|214|Rx|d|2|0
63.623669|1b0|Rx|d|4|FF00FFC4
63.623669|5de|Rx|d|8|2
63.623669|5df|Rx|d|3|9500
63.643465|211|Rx|d|8|8200FFFFA90000D1
63.643465|214|Rx|d|2|0
63.643465|1b0|Rx|d|4|FF00FFC4
63.643465|657|Rx|d|2|C0CC
63.643465|4ac|Rx|d|5|83752A0080
63.643465|45c|Rx|d|6|00000000FFE0
63.663035|211|Rx|d|8|8200FFFFA90000D1
63.663035|214|Rx|d|2|0
63.663035|218|Rx|d|1|98
63.663035|4fa|Rx|d|2|800
63.663035|671|Rx|d|2|200
63.663035|1b0|Rx|d|4|FF00FFC4
63.673580|211|Rx|d|8|8200FFFFA90000D1
63.673580|214|Rx|d|2|0
63.678509|1b0|Rx|d|4|FF00FFC4
63.678509|4f8|Rx|d|8|94C0000000000000
63.703939|211|Rx|d|8|8200FFFFA90000D1
63.703939|214|Rx|d|2|0
63.703939|350|Rx|d|8|C02F3AFA1870A489
63.703939|1b0|Rx|d|4|FF00FFC4
63.703939|4de|Rx|d|3|C00000
63.703939|55d|Rx|d|8|00FD50C091800000
63.703939|3b7|Rx|d|6|37007FC000C0
63.730257|211|Rx|d|8|8200FFFFA90000D1
63.730257|214|Rx|d|2|0
63.730257|1b0|Rx|d|4|FF00FFC4
63.730257|5de|Rx|d|8|2
63.730257|5df|Rx|d|3|9500
63.730257|211|Rx|d|8|8200FFFFA90000D1
63.730257|214|Rx|d|2|0
63.754099|1b0|Rx|d|4|FF00FFC4
63.754099|657|Rx|d|2|C0CC
63.754099|69f|Rx|d|4|0650859F
63.754099|4ac|Rx|d|5|83752A0080
63.754099|45c|Rx|d|6|00000000FFE0
63.754099|211|Rx|d|8|8200FFFFA90000D1
63.754099|214|Rx|d|2|0
63.754099|218|Rx|d|1|98
63.754099|4fa|Rx|d|2|800
63.754099|671|Rx|d|2|200
63.754099|1b0|Rx|d|4|FF00FFC4
63.773669|211|Rx|d|8|8200FFFFA90000D1
63.773669|214|Rx|d|2|0
63.773669|1b0|Rx|d|4|FF00FFC4
63.798409|4f8|Rx|d|8|94C0000000000000
63.798409|211|Rx|d|8|8200FFFFA90000D1
63.798409|214|Rx|d|2|0
63.798409|350|Rx|d|8|C02F3AFA1870A489
63.798409|1b0|Rx|d|4|FF00FFC4
63.798409|4de|Rx|d|3|C00000
63.798409|55d|Rx|d|8|00FD50C091800000
63.798409|3b7|Rx|d|6|37007FC000C0
63.823578|211|Rx|d|8|8200FFFFA90000D1
63.823578|214|Rx|d|2|0
63.823578|1b0|Rx|d|4|FF00FFC4
63.823578|5de|Rx|d|8|2
63.823578|5df|Rx|d|3|9500
63.833473|211|Rx|d|8|8200FFFFA90000D1
63.833473|214|Rx|d|2|0
63.833473|1b0|Rx|d|4|FF00FFC4
63.833473|657|Rx|d|2|C0CC
63.862694|4ac|Rx|d|5|83762A0080
63.862694|45c|Rx|d|6|00000000FFE0
63.862694|211|Rx|d|8|8200FFFFA90000D1
63.862694|214|Rx|d|2|0
63.862694|218|Rx|d|1|98
63.862694|4fa|Rx|d|2|800
63.862694|671|Rx|d|2|200
63.862694|1b0|Rx|d|4|FF00FFC4
63.877399|211|Rx|d|8|8200FFFFA90000D1
63.877399|214|Rx|d|2|0
63.877399|1b0|Rx|d|4|FF00FFC4
63.883265|4f8|Rx|d|8|94C0000000000000
63.893641|211|Rx|d|8|8200FFFFA90000D1
63.893641|214|Rx|d|2|0
63.893641|350|Rx|d|8|C02F3AFA1870A489
63.893641|1b0|Rx|d|4|FF00FFC4
63.893641|4de|Rx|d|3|C00000
63.893641|55d|Rx|d|8|00FD50C091800000
63.913855|3b7|Rx|d|6|37007FC000C0
63.913855|211|Rx|d|8|8200FFFFA90000D1
63.913855|214|Rx|d|2|0
63.913855|1b0|Rx|d|4|FF00FFC4
63.913855|5de|Rx|d|8|2
63.928340|5df|Rx|d|3|9500
63.928340|211|Rx|d|8|8200FFFFA90000D1
63.928340|214|Rx|d|2|0
63.938391|1b0|Rx|d|4|FF00FFC4
63.938391|657|Rx|d|2|C0CC
63.953485|4ac|Rx|d|5|83752A0080
63.953485|45c|Rx|d|6|00000000FFE0
63.958492|211|Rx|d|8|8200FFFFA90000D1
63.958492|214|Rx|d|2|0
63.958492|218|Rx|d|1|98
63.958492|4fa|Rx|d|2|800
63.958492|671|Rx|d|2|200
63.958492|1b0|Rx|d|4|FF00FFC4
63.983620|211|Rx|d|8|8200FFFFA90000D1
63.983620|214|Rx|d|2|0
63.983620|1b0|Rx|d|4|FF00FFC4
63.993670|4f8|Rx|d|8|94C0000000000000
63.993670|211|Rx|d|8|8200FFFFA90000D1
63.993670|214|Rx|d|2|0
63.993670|350|Rx|d|8|C02F3AFA1870A489
63.993670|1b0|Rx|d|4|FF00FFC4
63.993670|4de|Rx|d|3|C00000
63.993670|55d|Rx|d|8|00FD50C091800000
64.003686|3b7|Rx|d|6|37007FC000C0
64.018379|211|Rx|d|8|8200FFFFA90000D1
64.018379|214|Rx|d|2|0
64.018379|1b0|Rx|d|4|FF00FFC4
64.018379|5de|Rx|d|8|2
64.030802|5df|Rx|d|3|9500
64.030802|211|Rx|d|8|8200FFFFA90000D1
64.030802|214|Rx|d|2|0
64.053041|1b0|Rx|d|4|FF00FFC4
64.053041|657|Rx|d|2|C0CC
64.053041|4ac|Rx|d|5|83762A0080
64.053041|45c|Rx|d|6|00000000FFE0
64.063955|211|Rx|d|8|8200FFFFA90000D1
64.063955|214|Rx|d|2|0
64.063955|218|Rx|d|1|98
64.063955|4fa|Rx|d|2|800
64.063955|671|Rx|d|2|200
64.063955|1b0|Rx|d|4|FF00FFC4
64.078605|211|Rx|d|8|8200FFFFA90000D1
64.078605|214|Rx|d|2|0
64.078605|1b0|Rx|d|4|FF00FFC4
64.083962|4f8|Rx|d|8|94C0000000000000
64.103683|211|Rx|d|8|8200FFFFA90000D1
64.103683|214|Rx|d|2|0
64.103683|350|Rx|d|8|C02F3AFA1870A489
64.103683|1b0|Rx|d|4|FF00FFC4
64.103683|4de|Rx|d|3|C00000
64.103683|55d|Rx|d|8|00FD50C091800000
64.103683|3b7|Rx|d|6|37007FC000C0
64.123252|646|Rx|d|8|000000020000000C
64.123252|211|Rx|d|8|8200FFFFA90000D1
64.123252|214|Rx|d|2|0
64.123252|1b0|Rx|d|4|FF00FFC4
64.123252|5de|Rx|d|8|2
64.123252|5df|Rx|d|3|9500
64.143602|211|Rx|d|8|8200FFFFA90000D1
64.143602|214|Rx|d|2|0
64.143602|1b0|Rx|d|4|FF00FFC4
64.143602|657|Rx|d|2|C0CC
64.143602|4ac|Rx|d|5|83752A0080
64.143602|45c|Rx|d|6|00000000FFE0
64.173429|211|Rx|d|8|8200FFFFA90000D1
64.173429|214|Rx|d|2|0
64.173429|218|Rx|d|1|98
64.173429|4fa|Rx|d|2|800
64.173429|671|Rx|d|2|200
64.173429|1b0|Rx|d|4|FF00FFC4
64.173429|211|Rx|d|8|8200FFFFA90000D1
64.173429|214|Rx|d|2|0
64.173429|1b0|Rx|d|4|FF00FFC4
64.198506|4f8|Rx|d|8|94C0000000000000
64.198506|211|Rx|d|8|8200FFFFA90000D1
64.198506|214|Rx|d|2|0
64.198506|350|Rx|d|8|C02F3AFA1870A489
64.198506|1b0|Rx|d|4|FF00FFC4
64.198506|4de|Rx|d|3|C00000
64.198506|55d|Rx|d|8|00FD50C091800000
64.198506|3b7|Rx|d|6|37007FC000C0
64.213968|211|Rx|d|8|8200FFFFA90000D1
64.213968|214|Rx|d|2|0
64.213968|1b0|Rx|d|4|FF00FFC4
64.213968|5de|Rx|d|8|2
64.230926|5df|Rx|d|3|9500
64.230926|211|Rx|d|8|8200FFFFA90000D1
64.230926|214|Rx|d|2|0
64.248262|1b0|Rx|d|4|FF00FFC4
64.248262|657|Rx|d|2|C0CC
64.248262|4ac|Rx|d|5|83752A0080
64.248262|45c|Rx|d|6|00000000FFE0
64.253645|211|Rx|d|8|8200FFFFA90000D1
64.253645|214|Rx|d|2|0
64.253645|218|Rx|d|1|98
64.253645|4fa|Rx|d|2|800
64.253645|671|Rx|d|2|200
64.253645|1b0|Rx|d|4|FF00FFC4
64.278624|211|Rx|d|8|8200FFFFA90000D1
64.278624|214|Rx|d|2|0
64.278624|1b0|Rx|d|4|FF00FFC4
64.278624|4f8|Rx|d|8|94C0000000000000
64.298348|211|Rx|d|8|8200FFFFA90000D1
64.298348|214|Rx|d|2|0
64.298348|350|Rx|d|8|C02F3AFA1870A489
64.298348|1b0|Rx|d|4|FF00FFC4
64.298348|4de|Rx|d|3|C00000
64.298348|55d|Rx|d|8|00FD50C091800000
64.298348|3b7|Rx|d|6|37007FC000C0
64.323750|211|Rx|d|8|8200FFFFA90000D1
64.323750|214|Rx|d|2|0
64.323750|1b0|Rx|d|4|FF00FFC4
64.323750|5de|Rx|d|8|2
64.323750|5df|Rx|d|3|9500
64.343977|211|Rx|d|8|8200FFFFA90000D1
64.343977|214|Rx|d|2|0
64.343977|1b0|Rx|d|4|FF00FFC4
64.343977|657|Rx|d|2|C0CC
64.343977|4ac|Rx|d|5|83752A0080
64.343977|45c|Rx|d|6|00000000FFE0
64.358666|211|Rx|d|8|8200FFFFA90000D1
64.358666|214|Rx|d|2|0
64.358666|218|Rx|d|1|98
64.358666|4fa|Rx|d|2|800
64.358666|671|Rx|d|2|200
64.358666|1b0|Rx|d|4|FF00FFC4
64.383800|211|Rx|d|8|8200FFFFA90000D1
64.383800|214|Rx|d|2|0
64.383800|1b0|Rx|d|4|FF00FFC4
64.393695|4f8|Rx|d|8|94C0000000000000
64.393695|211|Rx|d|8|8200FFFFA90000D1
64.393695|214|Rx|d|2|0
64.393695|350|Rx|d|8|C02F3AFA1870A489
64.393695|1b0|Rx|d|4|FF00FFC4
64.393695|4de|Rx|d|3|C00000
64.393695|55d|Rx|d|8|00FD50C091800000
64.423125|3b7|Rx|d|6|37007FC000C0
64.423125|211|Rx|d|8|8200FFFFA90000D1
64.423125|214|Rx|d|2|0
64.423125|1b0|Rx|d|4|FF00FFC4
64.423125|5de|Rx|d|8|2
64.423125|5df|Rx|d|3|9500
64.438539|211|Rx|d|8|8200FFFFA90000D1
64.438539|214|Rx|d|2|0
64.438539|1b0|Rx|d|4|FF00FFC4
64.438539|657|Rx|d|2|C0CC
64.458721|4ac|Rx|d|5|83752A0080
64.458721|45c|Rx|d|6|00000000FFE0
64.458721|211|Rx|d|8|8200FFFFA90000D1
64.458721|214|Rx|d|2|0
64.458721|218|Rx|d|1|98
64.458721|4fa|Rx|d|2|800
64.458721|671|Rx|d|2|200
64.458721|1b0|Rx|d|4|FF00FFC4
64.470878|211|Rx|d|8|8200FFFFA90000D1
64.470878|214|Rx|d|2|0
64.477313|1b0|Rx|d|4|FF00FFC4
64.479312|4f8|Rx|d|8|94C0000000000000
64.491305|211|Rx|d|8|8200FFFFA90000D1
64.491305|214|Rx|d|2|0
64.497302|350|Rx|d|8|C02F3AFA1870A489
64.497302|1b0|Rx|d|4|FF00FFC4
64.497302|4de|Rx|d|3|C00000
64.497302|55d|Rx|d|8|00FD50C091800000
64.497302|3b7|Rx|d|6|37007FC000C0
64.511292|211|Rx|d|8|8200FFFFA90000D1
64.511292|214|Rx|d|2|0
64.517290|1b0|Rx|d|4|FF00FFC4
64.517290|5de|Rx|d|8|2
64.525284|5df|Rx|d|3|9500
64.531280|211|Rx|d|8|8200FFFFA90000D1
64.531280|214|Rx|d|2|0
64.537276|1b0|Rx|d|4|FF00FFC4
64.537276|657|Rx|d|2|C0CC
64.545272|4ac|Rx|d|5|83762A0080
64.545272|45c|Rx|d|6|00000000FFE0
64.551268|211|Rx|d|8|8200FFFFA90000D1
64.551268|214|Rx|d|2|0
64.551268|218|Rx|d|1|98
64.551268|4fa|Rx|d|2|800
64.551268|671|Rx|d|2|200
64.555266|1b0|Rx|d|4|FF00FFC4
64.571256|211|Rx|d|8|8200FFFFA90000D1
64.571256|214|Rx|d|2|0
64.577251|1b0|Rx|d|4|FF00FFC4
64.577251|4f8|Rx|d|8|94C0000000000000
64.603904|211|Rx|d|8|8200FFFFA90000D1
64.603904|214|Rx|d|2|0
64.603904|350|Rx|d|8|C02F3AFA1870A489
64.603904|1b0|Rx|d|4|FF00FFC4
64.603904|4de|Rx|d|3|C00000
64.603904|55d|Rx|d|8|00FD50C091800000
64.603904|3b7|Rx|d|6|37007FC000C0
64.623363|646|Rx|d|8|000000020000000C
64.623363|211|Rx|d|8|8200FFFFA90000D1
64.623363|214|Rx|d|2|0
64.623363|1b0|Rx|d|4|FF00FFC4
64.623363|5de|Rx|d|8|2
64.623363|5df|Rx|d|3|9500
64.643715|211|Rx|d|8|8200FFFFA90000D1
64.643715|214|Rx|d|2|0
64.643715|1b0|Rx|d|4|FF00FFC4
64.643715|657|Rx|d|2|C0CC
64.643715|4ac|Rx|d|5|83752A0080
64.643715|45c|Rx|d|6|00000000FFE0
64.674026|211|Rx|d|8|8200FFFFA90000D1
64.674026|214|Rx|d|2|0
64.674026|218|Rx|d|1|98
64.674026|4fa|Rx|d|2|800
64.674026|671|Rx|d|2|200
64.674026|1b0|Rx|d|4|FF00FFC4
64.674026|211|Rx|d|8|8200FFFFA90000D1
64.674026|214|Rx|d|2|0
64.674026|1b0|Rx|d|4|FF00FFC4
64.703455|4f8|Rx|d|8|94C0000000000000
64.703455|211|Rx|d|8|8200FFFFA90000D1
64.703455|214|Rx|d|2|0
64.703455|350|Rx|d|8|C02F3AFA1870A489
64.703455|1b0|Rx|d|4|FF00FFC4
64.703455|4de|Rx|d|3|C00000
64.703455|55d|Rx|d|8|00FD50C091800000
64.703455|3b7|Rx|d|6|37007FC000C0
64.723871|211|Rx|d|8|8200FFFFA90000D1
64.723871|214|Rx|d|2|0
64.723871|1b0|Rx|d|4|FF00FFC4
64.723871|5de|Rx|d|8|2
64.723871|5df|Rx|d|3|9500
64.744183|211|Rx|d|8|8200FFFFA90000D1
64.744183|214|Rx|d|2|0
64.744183|1b0|Rx|d|4|FF00FFC4
64.744183|657|Rx|d|2|C0CC
64.744183|69f|Rx|d|4|0650859F
64.744183|4ac|Rx|d|5|83752A0080
64.744183|45c|Rx|d|6|00000000FFE0
64.763789|211|Rx|d|8|8200FFFFA90000D1
64.763947|214|Rx|d|2|0
64.763947|218|Rx|d|1|98
64.763947|4fa|Rx|d|2|800
64.763947|671|Rx|d|2|200
64.763947|1b0|Rx|d|4|FF00FFC4
64.773717|211|Rx|d|8|8200FFFFA90000D1
64.773717|214|Rx|d|2|0
64.783919|1b0|Rx|d|4|FF00FFC4
64.783919|4f8|Rx|d|8|94C0000000000000
64.808657|211|Rx|d|8|8200FFFFA90000D1
64.808657|214|Rx|d|2|0
64.808657|350|Rx|d|8|C02F3AFA1870A489
64.808657|1b0|Rx|d|4|FF00FFC4
64.808657|4de|Rx|d|3|C00000
64.808657|55d|Rx|d|8|00FD50C091800000
64.808657|3b7|Rx|d|6|37007FC000C0
64.808657|211|Rx|d|8|8200FFFFA90000D1
64.808657|214|Rx|d|2|0
64.823372|1b0|Rx|d|4|FF00FFC4
64.823372|5de|Rx|d|8|2
64.823372|5df|Rx|d|3|9500
64.831375|211|Rx|d|8|8200FFFFA90000D1
64.831375|214|Rx|d|2|0
64.837425|1b0|Rx|d|4|FF00FFC4
64.837425|657|Rx|d|2|C0CC
64.845420|4ac|Rx|d|5|83752A0080
64.845420|45c|Rx|d|6|00000000FFE0
64.851417|211|Rx|d|8|8200FFFFA90000D1
64.851417|214|Rx|d|2|0
64.851417|218|Rx|d|1|98
64.851417|4fa|Rx|d|2|800
64.851417|671|Rx|d|2|200
64.855415|1b0|Rx|d|4|FF00FFC4
64.871406|211|Rx|d|8|8200FFFFA90000D1
64.871406|214|Rx|d|2|0
64.877400|1b0|Rx|d|4|FF00FFC4
64.877400|4f8|Rx|d|8|94C0000000000000
64.891391|211|Rx|d|8|8200FFFFA90000D1
64.891391|214|Rx|d|2|0
64.897388|350|Rx|d|8|C02F3AFA1870A489
64.897388|1b0|Rx|d|4|FF00FFC4
64.897388|4de|Rx|d|3|C00000
64.897388|55d|Rx|d|8|00FD50C091800000
64.899387|3b7|Rx|d|6|37007FC000C0
64.911379|211|Rx|d|8|8200FFFFA90000D1
64.911379|214|Rx|d|2|0
64.917375|1b0|Rx|d|4|FF00FFC4
64.917375|5de|Rx|d|8|2
64.925370|5df|Rx|d|3|9500
64.931367|211|Rx|d|8|8200FFFFA90000D1
64.931367|214|Rx|d|2|0
64.937363|1b0|Rx|d|4|FF00FFC4
64.937363|657|Rx|d|2|C0CC
64.948565|4ac|Rx|d|5|83752A0080
64.948565|45c|Rx|d|6|00000000FFE0
64.948565|211|Rx|d|8|8200FFFFA90000D1
64.948565|214|Rx|d|2|0
64.948565|218|Rx|d|1|98
64.948565|4fa|Rx|d|2|800
64.948565|671|Rx|d|2|200
64.963627|1b0|Rx|d|4|FF00FFC4
64.978566|211|Rx|d|8|8200FFFFA90000D1
64.978566|214|Rx|d|2|0
64.978566|1b0|Rx|d|4|FF00FFC4
64.983594|4f8|Rx|d|8|94C0000000000000
65.003887|211|Rx|d|8|8200FFFFA90000D1
65.003887|214|Rx|d|2|0
65.003887|350|Rx|d|8|C02F3AFA1870A489
65.003887|1b0|Rx|d|4|FF00FFC4
65.003887|4de|Rx|d|3|C00000
65.003887|55d|Rx|d|8|00FD50C091800000
65.003887|3b7|Rx|d|6|37007FC000C0
65.032661|211|Rx|d|8|8200FFFFA90000D1
65.032661|214|Rx|d|2|0
65.032661|1b0|Rx|d|4|FF00FFC4
65.032661|5de|Rx|d|8|2
65.032661|5df|Rx|d|3|9500
65.032661|211|Rx|d|8|8200FFFFA90000D1
65.032661|214|Rx|d|2|0
65.032661|1b0|Rx|d|4|FF00FFC4
65.032661|657|Rx|d|2|C0CC
65.055282|4ac|Rx|d|5|83762A0080
65.055282|45c|Rx|d|6|00000000FFE0
65.055282|211|Rx|d|8|8200FFFFA90000D1
65.055282|214|Rx|d|2|0
65.055282|218|Rx|d|1|98
65.055282|4fa|Rx|d|2|800
65.055282|671|Rx|d|2|200
65.055282|1b0|Rx|d|4|FF00FFC4
65.070409|211|Rx|d|8|8200FFFFA90000D1
65.070409|214|Rx|d|2|0
65.076402|1b0|Rx|d|4|FF00FFC4
65.082398|4f8|Rx|d|8|94C0000000000000
65.090394|211|Rx|d|8|8200FFFFA90000D1
65.090394|214|Rx|d|2|0
65.096389|350|Rx|d|8|C02F3AFA1870A489
65.096389|1b0|Rx|d|4|FF00FFC4
65.096389|4de|Rx|d|3|C00000
65.096389|55d|Rx|d|8|00FD50C091800000
65.100387|3b7|Rx|d|6|37007FC000C0
65.110381|646|Rx|d|8|000000020000000C
65.110381|211|Rx|d|8|8200FFFFA90000D1
65.110381|214|Rx|d|2|0
65.114379|1b0|Rx|d|4|FF00FFC4
65.114379|5de|Rx|d|8|2
65.124373|5df|Rx|d|3|9500
65.130368|211|Rx|d|8|8200FFFFA90000D1
65.130368|214|Rx|d|2|0
65.136495|1b0|Rx|d|4|FF00FFC4
65.136495|657|Rx|d|2|C0CC
65.144489|4ac|Rx|d|5|83752A0080
65.144489|45c|Rx|d|6|00000000FFE0
65.150485|211|Rx|d|8|8200FFFFA90000D1
65.150485|214|Rx|d|2|0
65.150485|218|Rx|d|1|98
65.150485|4fa|Rx|d|2|800
65.150485|671|Rx|d|2|200
65.154482|1b0|Rx|d|4|FF00FFC4
65.170473|211|Rx|d|8|8200FFFFA90000D1
65.170473|214|Rx|d|2|0
65.183500|1b0|Rx|d|4|FF00FFC4
65.193522|4f8|Rx|d|8|94C0000000000000
65.193522|211|Rx|d|8|8200FFFFA90000D1
65.193522|214|Rx|d|2|0
65.193522|350|Rx|d|8|C02F3AFA1870A489
65.193522|1b0|Rx|d|4|FF00FFC4
65.193522|4de|Rx|d|3|C00000
65.193522|55d|Rx|d|8|00FD50C091800000
65.224156|3b7|Rx|d|6|37007FC000C0
65.224156|211|Rx|d|8|8200FFFFA90000D1
65.224156|214|Rx|d|2|0
65.224156|1b0|Rx|d|4|FF00FFC4
65.224156|5de|Rx|d|8|2
65.224156|5df|Rx|d|3|9500
65.253686|211|Rx|d|8|8200FFFFA90000D1
65.253686|214|Rx|d|2|0
65.253686|1b0|Rx|d|4|FF00FFC4
65.253686|657|Rx|d|2|C0CC
65.253686|4ac|Rx|d|5|83752A0080
65.253686|45c|Rx|d|6|00000000FFE0
65.262657|211|Rx|d|8|8200FFFFA90000D1
65.262657|214|Rx|d|2|0
65.262657|218|Rx|d|1|98
65.262657|4fa|Rx|d|2|800
65.262657|671|Rx|d|2|200
65.262657|1b0|Rx|d|4|FF00FFC4
65.273749|211|Rx|d|8|8200FFFFA90000D1
65.273749|214|Rx|d|2|0
65.278430|1b0|Rx|d|4|FF00FFC4
65.278430|4f8|Rx|d|8|94C0000000000000
65.295675|211|Rx|d|8|8200FFFFA90000D1
65.295675|214|Rx|d|2|0
65.295675|350|Rx|d|8|C02F3AFA1870A489
65.295675|1b0|Rx|d|4|FF00FFC4
65.295675|4de|Rx|d|3|C00000
65.295675|55d|Rx|d|8|00FD50C091800000
65.313619|3b7|Rx|d|6|37007FC000C0
65.322469|211|Rx|d|8|8200FFFFA90000D1
65.322469|214|Rx|d|2|0
65.322469|1b0|Rx|d|4|FF00FFC4
65.322469|5de|Rx|d|8|2
65.322469|5df|Rx|d|3|9500
65.343269|211|Rx|d|8|8200FFFFA90000D1
65.343269|214|Rx|d|2|0
65.343269|1b0|Rx|d|4|FF00FFC4
65.343269|657|Rx|d|2|C0CC
65.343269|4ac|Rx|d|5|83762A0080
65.343269|45c|Rx|d|6|00000000FFE0
65.362871|211|Rx|d|8|8200FFFFA90000D1
65.362871|214|Rx|d|2|0
65.362871|218|Rx|d|1|98
65.362871|4fa|Rx|d|2|800
65.362871|671|Rx|d|2|200
65.362871|1b0|Rx|d|4|FF00FFC4
65.383955|211|Rx|d|8|8200FFFFA90000D1
65.383955|214|Rx|d|2|0
65.383955|1b0|Rx|d|4|FF00FFC4
65.383955|4f8|Rx|d|8|94C0000000000000
65.412600|211|Rx|d|8|8200FFFFA90000D1
65.412600|214|Rx|d|2|0
65.412600|350|Rx|d|8|C02F3AFA1870A489
65.412600|1b0|Rx|d|4|FF00FFC4
65.412600|4de|Rx|d|3|C00000
65.412600|55d|Rx|d|8|00FD50C091800000
65.412600|3b7|Rx|d|6|37007FC000C0
65.412600|211|Rx|d|8|8200FFFFA90000D1
65.412600|214|Rx|d|2|0
65.412600|1b0|Rx|d|4|FF00FFC4
65.412600|5de|Rx|d|8|2
65.432203|5df|Rx|d|3|9500
65.432203|211|Rx|d|8|8200FFFFA90000D1
65.432203|214|Rx|d|2|0
65.432203|1b0|Rx|d|4|FF00FFC4
65.432203|657|Rx|d|2|C0CC
65.453433|4ac|Rx|d|5|83752A0080
65.453433|45c|Rx|d|6|00000000FFE0
65.453433|211|Rx|d|8|8200FFFFA90000D1
65.453433|214|Rx|d|2|0
65.453433|218|Rx|d|1|98
65.453433|4fa|Rx|d|2|800
65.453433|671|Rx|d|2|200
65.453433|1b0|Rx|d|4|FF00FFC4
65.483613|211|Rx|d|8|8200FFFFA90000D1
65.483613|214|Rx|d|2|0
65.483613|1b0|Rx|d|4|FF00FFC4
65.483613|4f8|Rx|d|8|94C0000000000000
65.498582|211|Rx|d|8|8200FFFFA90000D1
65.498582|214|Rx|d|2|0
65.498582|350|Rx|d|8|C02F3AFA1870A489
65.498582|1b0|Rx|d|4|FF00FFC4
65.498582|4de|Rx|d|3|C00000
65.498582|55d|Rx|d|8|00FD50C091800000
65.498582|3b7|Rx|d|6|37007FC000C0
65.523391|211|Rx|d|8|8200FFFFA90000D1
65.523391|214|Rx|d|2|0
65.523391|1b0|Rx|d|4|FF00FFC4
65.523391|5de|Rx|d|8|2
65.532199|5df|Rx|d|3|9500
65.532199|211|Rx|d|8|8200FFFFA90000D1
65.532199|214|Rx|d|2|0
65.532199|1b0|Rx|d|4|FF00FFC4
65.532199|657|Rx|d|2|C0CC
65.553591|4ac|Rx|d|5|83752A0080
65.553591|45c|Rx|d|6|00000000FFE0
65.553591|211|Rx|d|8|8200FFFFA90000D1
65.553591|214|Rx|d|2|0
65.553591|218|Rx|d|1|98
65.553591|4fa|Rx|d|2|800
65.553591|671|Rx|d|2|200
65.553591|1b0|Rx|d|4|FF00FFC4
65.583557|211|Rx|d|8|8200FFFFA90000D1
65.583557|214|Rx|d|2|0
65.583557|1b0|Rx|d|4|FF00FFC4
65.594046|4f8|Rx|d|8|94C0000000000000
65.594046|211|Rx|d|8|8200FFFFA90000D1
65.594046|214|Rx|d|2|0
65.594046|350|Rx|d|8|C02F3AFA1870A489
65.594046|1b0|Rx|d|4|FF00FFC4
65.594046|4de|Rx|d|3|C00000
65.594046|55d|Rx|d|8|00FD50C091800000
65.624112|3b7|Rx|d|6|37007FC000C0
65.624112|646|Rx|d|8|000000020000000C
65.624112|211|Rx|d|8|8200FFFFA90000D1
65.624112|214|Rx|d|2|0
65.624112|1b0|Rx|d|4|FF00FFC4
65.624112|5de|Rx|d|8|2
65.624112|5df|Rx|d|3|9500
65.643726|211|Rx|d|8|8200FFFFA90000D1
65.643726|214|Rx|d|2|0
65.643726|1b0|Rx|d|4|FF00FFC4
65.643726|657|Rx|d|2|C0CC
65.643726|4ac|Rx|d|5|83752A0080
65.643726|45c|Rx|d|6|00000000FFE0
65.663454|211|Rx|d|8|8200FFFFA90000D1
65.663454|214|Rx|d|2|0
65.663454|218|Rx|d|1|98
65.663454|4fa|Rx|d|2|800
65.663454|671|Rx|d|2|200
65.663454|1b0|Rx|d|4|FF00FFC4
65.674288|211|Rx|d|8|8200FFFFA90000D1
65.674288|214|Rx|d|2|0
65.674288|1b0|Rx|d|4|FF00FFC4
65.683374|4f8|Rx|d|8|94C0000000000000
65.702608|211|Rx|d|8|8200FFFFA90000D1
65.702608|214|Rx|d|2|0
65.702608|350|Rx|d|8|C02F3AFA1870A489
65.702608|1b0|Rx|d|4|FF00FFC4
65.702608|4de|Rx|d|3|C00000
65.702608|55d|Rx|d|8|00FD50C091800000
65.713567|3b7|Rx|d|6|37007FC000C0
65.713567|211|Rx|d|8|8200FFFFA90000D1
65.713567|214|Rx|d|2|0
65.713567|1b0|Rx|d|4|FF00FFC4
65.713567|5de|Rx|d|8|2
65.733704|5df|Rx|d|3|9500
65.733704|211|Rx|d|8|8200FFFFA90000D1
65.733704|214|Rx|d|2|0
65.733704|1b0|Rx|d|4|FF00FFC4
65.733704|657|Rx|d|2|C0CC
65.733704|69f|Rx|d|4|0650859F
65.753941|4ac|Rx|d|5|83752A0080
65.753941|45c|Rx|d|6|00000000FFE0
65.753941|211|Rx|d|8|8200FFFFA90000D1
65.753941|214|Rx|d|2|0
65.753941|218|Rx|d|1|98
65.753941|4fa|Rx|d|2|800
65.753941|671|Rx|d|2|200
65.753941|1b0|Rx|d|4|FF00FFC4
65.773294|211|Rx|d|8|8200FFFFA90000D1
65.773294|214|Rx|d|2|0
65.773294|1b0|Rx|d|4|FF00FFC4
65.780105|4f8|Rx|d|8|94C0000000000000
65.790098|211|Rx|d|8|8200FFFFA90000D1
65.790098|214|Rx|d|2|0
65.796096|350|Rx|d|8|C02F3AFA1870A489
65.796096|1b0|Rx|d|4|FF00FFC4
65.796096|4de|Rx|d|3|C00000
65.796096|55d|Rx|d|8|00FD50C091800000
65.800092|3b7|Rx|d|6|37007FC000C0
65.810086|211|Rx|d|8|8200FFFFA90000D1
65.810086|214|Rx|d|2|0
65.816085|1b0|Rx|d|4|FF00FFC4
65.816085|5de|Rx|d|8|2
65.824080|5df|Rx|d|3|9500
65.830074|211|Rx|d|8|8200FFFFA90000D1
65.830074|214|Rx|d|2|0
65.836070|1b0|Rx|d|4|FF00FFC4
65.836070|657|Rx|d|2|C0CC
65.844066|4ac|Rx|d|5|83752A0080
65.844066|45c|Rx|d|6|00000000FFE0
65.850062|211|Rx|d|8|8200FFFFA90000D1
65.850062|214|Rx|d|2|0
65.850062|218|Rx|d|1|98
65.850062|4fa|Rx|d|2|800
65.850062|671|Rx|d|2|200
65.854059|1b0|Rx|d|4|FF00FFC4
65.870051|211|Rx|d|8|8200FFFFA90000D1
65.870051|214|Rx|d|2|0
65.876046|1b0|Rx|d|4|FF00FFC4
65.882042|4f8|Rx|d|8|94C0000000000000
65.890038|211|Rx|d|8|8200FFFFA90000D1
65.890038|214|Rx|d|2|0
65.906622|350|Rx|d|8|C02F3AFA1870A489
65.906622|1b0|Rx|d|4|FF00FFC4
65.906622|4de|Rx|d|3|C00000
65.906622|55d|Rx|d|8|00FD50C091800000
65.906622|3b7|Rx|d|6|37007FC000C0
65.918399|211|Rx|d|8|8200FFFFA90000D1
65.918399|214|Rx|d|2|0
65.918399|1b0|Rx|d|4|FF00FFC4
65.918399|5de|Rx|d|8|2
65.928516|5df|Rx|d|3|9500
65.928516|211|Rx|d|8|8200FFFFA90000D1
65.928516|214|Rx|d|2|0
65.938414|1b0|Rx|d|4|FF00FFC4
65.938414|657|Rx|d|2|C0CC
65.953857|4ac|Rx|d|5|83762A0080
65.953857|45c|Rx|d|6|00000000FFE0
65.953857|211|Rx|d|8|8200FFFFA90000D1
65.953857|214|Rx|d|2|0
65.953857|218|Rx|d|1|98
65.953857|4fa|Rx|d|2|800
65.953857|671|Rx|d|2|200
65.953857|1b0|Rx|d|4|FF00FFC4
65.973395|211|Rx|d|8|8200FFFFA90000D1
65.973395|214|Rx|d|2|0
65.973395|1b0|Rx|d|4|FF00FFC4
65.988748|4f8|Rx|d|8|94C0000000000000
65.988748|211|Rx|d|8|8200FFFFA90000D1
65.988748|214|Rx|d|2|0
66.003427|350|Rx|d|8|C02F3AFA1870A489
66.003427|1b0|Rx|d|4|FF00FFC4
66.003427|4de|Rx|d|3|C00000
66.003427|55d|Rx|d|8|00FD50C091800000
66.003427|3b7|Rx|d|6|37007FC000C0
66.011022|211|Rx|d|8|8200FFFFA90000D1
66.011022|214|Rx|d|2|0
66.015893|1b0|Rx|d|4|FF00FFC4
66.015893|5de|Rx|d|8|2
66.023889|5df|Rx|d|3|9500
66.029884|211|Rx|d|8|8200FFFFA90000D1
66.029884|214|Rx|d|2|0
66.035924|1b0|Rx|d|4|FF00FFC4
66.035924|657|Rx|d|2|C0CC
66.043920|4ac|Rx|d|5|83762A0080
66.043920|45c|Rx|d|6|00000000FFE0
66.049914|211|Rx|d|8|8200FFFFA90000D1
66.049914|214|Rx|d|2|0
66.049914|218|Rx|d|1|98
66.049914|4fa|Rx|d|2|800
66.051913|671|Rx|d|2|200
66.053912|1b0|Rx|d|4|FF00FFC4
66.069908|211|Rx|d|8|8200FFFFA90000D1
66.069908|214|Rx|d|2|0
66.075899|1b0|Rx|d|4|FF00FFC4
66.081895|4f8|Rx|d|8|94C0000000000000
66.089890|6fb|Rx|d|8|0F01A454FF0000FF
66.089890|211|Rx|d|8|8200FFFFA90000D1
66.089890|214|Rx|d|2|0
66.093887|350|Rx|d|8|C02F3AFA1870A489
66.093887|1b0|Rx|d|4|FF00FFC4
66.093887|4de|Rx|d|3|C00000
66.093887|55d|Rx|d|8|00FD50C091800000
66.099887|3b7|Rx|d|6|37007FC000C0
66.109877|646|Rx|d|8|000000020000000C
66.109877|211|Rx|d|8|8200FFFFA90000D1
66.109877|214|Rx|d|2|0
66.113875|1b0|Rx|d|4|FF00FFC4
66.113875|5de|Rx|d|8|2
66.119872|5ce|Rx|d|3|FEFF00
66.126173|5df|Rx|d|3|9500
66.152250|211|Rx|d|8|8200FFFFA90000D1
66.152250|214|Rx|d|2|0
66.152250|1b0|Rx|d|4|FF00FFC4
66.152250|657|Rx|d|2|C0CC
66.152250|4ac|Rx|d|5|83752A0080
66.152250|45c|Rx|d|6|00000000FFE0
66.152250|211|Rx|d|8|8200FFFFA90000D1
66.152250|214|Rx|d|2|0
66.152250|218|Rx|d|1|98
66.152250|4fa|Rx|d|2|800
66.152250|671|Rx|d|2|200
66.152250|1b0|Rx|d|4|FF00FFC4
66.183064|211|Rx|d|8|8200FFFFA90000D1
66.183064|214|Rx|d|2|0
66.183064|1b0|Rx|d|4|FF00FFC4
66.183064|4f8|Rx|d|8|94C0000000000000
66.213533|211|Rx|d|8|8200FFFFA90000D1
66.213533|214|Rx|d|2|0
66.213533|350|Rx|d|8|C02F3AFA1870A489
66.213533|1b0|Rx|d|4|FF00FFC4
66.213533|4de|Rx|d|3|C00000
66.213533|55d|Rx|d|8|00FD50C091800000
66.213533|3b7|Rx|d|6|37007FC000C0
66.223696|211|Rx|d|8|8200FFFFA90000D1
66.223696|214|Rx|d|2|0
66.223696|1b0|Rx|d|4|FF00FFC4
66.223696|5de|Rx|d|8|2
66.223696|5df|Rx|d|3|9500
66.243118|211|Rx|d|8|8200FFFFA90000D1
66.243118|214|Rx|d|2|0
66.243118|1b0|Rx|d|4|FF00FFC4
66.243118|657|Rx|d|2|C0CC
66.243118|4ac|Rx|d|5|83752A0080
66.243118|45c|Rx|d|6|00000000FFE0
66.253449|211|Rx|d|8|8200FFFFA90000D1
66.253449|214|Rx|d|2|0
66.253449|218|Rx|d|1|98
66.253449|4fa|Rx|d|2|800
66.253449|671|Rx|d|2|200
66.253449|1b0|Rx|d|4|FF00FFC4
66.274594|211|Rx|d|8|8200FFFFA90000D1
66.274594|214|Rx|d|2|0
66.274594|1b0|Rx|d|4|FF00FFC4
66.288423|4f8|Rx|d|8|94C0000000000000
66.288423|211|Rx|d|8|8200FFFFA90000D1
66.288423|214|Rx|d|2|0
66.303803|350|Rx|d|8|C02F3AFA1870A489
66.303803|1b0|Rx|d|4|FF00FFC4
66.303803|4de|Rx|d|3|C00000
66.303803|55d|Rx|d|8|00FD50C091800000
66.303803|3b7|Rx|d|6|37007FC000C0
66.322806|211|Rx|d|8|8200FFFFA90000D1
66.322806|214|Rx|d|2|0
66.322806|1b0|Rx|d|4|FF00FFC4
66.322806|5de|Rx|d|8|2
66.322806|5df|Rx|d|3|9500
66.338254|211|Rx|d|8|8200FFFFA90000D1
66.338254|214|Rx|d|2|0
66.338254|1b0|Rx|d|4|FF00FFC4
66.338254|657|Rx|d|2|C0CC
66.352246|4ac|Rx|d|5|83762A0080
66.352246|45c|Rx|d|6|00000000FFE0
66.353327|211|Rx|d|8|8200FFFFA90000D1
66.353327|214|Rx|d|2|0
66.353327|218|Rx|d|1|98
66.353327|4fa|Rx|d|2|800
66.353327|671|Rx|d|2|200
66.353327|1b0|Rx|d|4|FF00FFC4
66.373668|211|Rx|d|8|8200FFFFA90000D1
66.373668|214|Rx|d|2|0
66.379046|1b0|Rx|d|4|FF00FFC4
66.379046|4f8|Rx|d|8|94C0000000000000
66.404087|211|Rx|d|8|8200FFFFA90000D1
66.404087|214|Rx|d|2|0
66.404087|350|Rx|d|8|C02F3AFA1870A489
66.404087|1b0|Rx|d|4|FF00FFC4
66.404087|4de|Rx|d|3|C00000
66.404087|55d|Rx|d|8|00FD50C091800000
66.404087|3b7|Rx|d|6|37007FC000C0
66.433237|211|Rx|d|8|8200FFFFA90000D1
66.433237|214|Rx|d|2|0
66.433237|1b0|Rx|d|4|FF00FFC4
66.433237|5de|Rx|d|8|2
66.433237|5df|Rx|d|3|9500
66.433237|211|Rx|d|8|8200FFFFA90000D1
66.433237|214|Rx|d|2|0
66.433237|1b0|Rx|d|4|FF00FFC4
66.433237|657|Rx|d|2|C0CC
66.452856|4ac|Rx|d|5|83752A0080
66.452856|45c|Rx|d|6|00000000FFE0
66.452856|211|Rx|d|8|8200FFFFA90000D1
66.452856|214|Rx|d|2|0
66.452856|218|Rx|d|1|98
66.452856|4fa|Rx|d|2|800
66.452856|671|Rx|d|2|200
66.452856|1b0|Rx|d|4|FF00FFC4
66.483716|211|Rx|d|8|8200FFFFA90000D1
66.483716|214|Rx|d|2|0
66.483716|1b0|Rx|d|4|FF00FFC4
66.483716|4f8|Rx|d|8|94C0000000000000
66.503873|211|Rx|d|8|8200FFFFA90000D1
66.503873|214|Rx|d|2|0
66.503873|350|Rx|d|8|C02F3AFA1870A489
66.503873|1b0|Rx|d|4|FF00FFC4
66.503873|4de|Rx|d|3|C00000
66.503873|55d|Rx|d|8|00FD50C091800000
66.503873|3b7|Rx|d|6|37007FC000C0
66.533670|211|Rx|d|8|8200FFFFA90000D1
66.533670|214|Rx|d|2|0
66.533670|1b0|Rx|d|4|FF00FFC4
66.533670|5de|Rx|d|8|2
66.533670|5df|Rx|d|3|9500
66.533670|211|Rx|d|8|8200FFFFA90000D1
66.533670|214|Rx|d|2|0
66.533670|1b0|Rx|d|4|FF00FFC4
66.533670|657|Rx|d|2|C0CC
66.552927|4ac|Rx|d|5|83762A0080
66.552927|45c|Rx|d|6|00000000FFE0
66.552927|211|Rx|d|8|8200FFFFA90000D1
66.552927|214|Rx|d|2|0
66.552927|218|Rx|d|1|98
66.552927|4fa|Rx|d|2|800
66.552927|671|Rx|d|2|200
66.552927|1b0|Rx|d|4|FF00FFC4
66.578585|211|Rx|d|8|8200FFFFA90000D1
66.578585|214|Rx|d|2|0
66.578585|1b0|Rx|d|4|FF00FFC4
66.578585|4f8|Rx|d|8|94C0000000000000
66.598384|211|Rx|d|8|8200FFFFA90000D1
66.598384|214|Rx|d|2|0
66.598384|350|Rx|d|8|C02F3AFA1870A489
66.598384|1b0|Rx|d|4|FF00FFC4
66.598384|4de|Rx|d|3|C00000
66.598384|55d|Rx|d|8|00FD50C091800000
66.598384|3b7|Rx|d|6|37007FC000C0
66.623372|646|Rx|d|8|000000020000000C
66.623372|211|Rx|d|8|8200FFFFA90000D1
66.623372|214|Rx|d|2|0
66.623372|1b0|Rx|d|4|FF00FFC4
66.623372|5de|Rx|d|8|2
66.623372|5df|Rx|d|3|9500
66.653279|211|Rx|d|8|8200FFFFA90000D1
66.653279|214|Rx|d|2|0
66.653279|1b0|Rx|d|4|FF00FFC4
66.653279|657|Rx|d|2|C0CC
66.653279|4ac|Rx|d|5|83762A0080
66.653279|45c|Rx|d|6|00000000FFE0
66.662547|211|Rx|d|8|8200FFFFA90000D1
66.662547|214|Rx|d|2|0
66.662547|218|Rx|d|1|98
66.662547|4fa|Rx|d|2|800
66.662547|671|Rx|d|2|200
66.662547|1b0|Rx|d|4|FF00FFC4
66.683648|211|Rx|d|8|8200FFFFA90000D1
66.683648|214|Rx|d|2|0
66.683648|1b0|Rx|d|4|FF00FFC4
66.693772|4f8|Rx|d|8|94C0000000000000
66.693772|211|Rx|d|8|8200FFFFA90000D1
66.693772|214|Rx|d|2|0
66.693772|350|Rx|d|8|C02F3AFA1870A489
66.693772|1b0|Rx|d|4|FF00FFC4
66.693772|4de|Rx|d|3|C00000
66.693772|55d|Rx|d|8|00FD50C091800000
66.714166|3b7|Rx|d|6|37007FC000C0
66.714166|211|Rx|d|8|8200FFFFA90000D1
66.714166|214|Rx|d|2|0
66.714166|1b0|Rx|d|4|FF00FFC4
66.714166|5de|Rx|d|8|2
66.733735|5df|Rx|d|3|9500
66.733735|211|Rx|d|8|8200FFFFA90000D1
66.733735|214|Rx|d|2|0
66.733735|1b0|Rx|d|4|FF00FFC4
66.733735|657|Rx|d|2|C0CC
66.733735|69f|Rx|d|4|0650859F
66.763503|4ac|Rx|d|5|83752A0080
66.763503|45c|Rx|d|6|00000000FFE0
66.763503|211|Rx|d|8|8200FFFFA90000D1
66.763503|214|Rx|d|2|0
66.763503|218|Rx|d|1|98
66.763503|4fa|Rx|d|2|800
66.763503|671|Rx|d|2|200
66.763503|1b0|Rx|d|4|FF00FFC4
66.773498|211|Rx|d|8|8200FFFFA90000D1
66.773498|214|Rx|d|2|0
66.783728|1b0|Rx|d|4|FF00FFC4
66.783930|4f8|Rx|d|8|94C0000000000000
66.812904|211|Rx|d|8|8200FFFFA90000D1
66.812904|214|Rx|d|2|0
66.812904|350|Rx|d|8|C02F3AFA1870A489
66.812904|1b0|Rx|d|4|FF00FFC4
66.812904|4de|Rx|d|3|C00000
66.812904|55d|Rx|d|8|00FD50C091800000
66.812904|3b7|Rx|d|6|37007FC000C0
66.812904|211|Rx|d|8|8200FFFFA90000D1
66.812904|214|Rx|d|2|0
66.812904|1b0|Rx|d|4|FF00FFC4
66.812904|5de|Rx|d|8|2
66.843580|5df|Rx|d|3|9500
66.843580|211|Rx|d|8|8200FFFFA90000D1
66.843580|214|Rx|d|2|0
66.843613|1b0|Rx|d|4|FF00FFC4
66.843613|657|Rx|d|2|C0CC
66.843613|4ac|Rx|d|5|83752A0080
66.843613|45c|Rx|d|6|00000000FFE0
66.863385|211|Rx|d|8|8200FFFFA90000D1
66.863385|214|Rx|d|2|0
66.863385|218|Rx|d|1|98
66.863385|4fa|Rx|d|2|800
66.863385|671|Rx|d|2|200
66.863385|1b0|Rx|d|4|FF00FFC4
66.873501|211|Rx|d|8|8200FFFFA90000D1
66.873501|214|Rx|d|2|0
66.878447|1b0|Rx|d|4|FF00FFC4
66.878447|4f8|Rx|d|8|94C0000000000000
66.903607|211|Rx|d|8|8200FFFFA90000D1
66.903607|214|Rx|d|2|0
66.903607|350|Rx|d|8|C02F3AFA1870A489
66.903607|1b0|Rx|d|4|FF00FFC4
66.903607|4de|Rx|d|3|C00000
66.903607|55d|Rx|d|8|00FD50C091800000
66.903607|3b7|Rx|d|6|37007FC000C0
66.918381|211|Rx|d|8|8200FFFFA90000D1
66.918381|214|Rx|d|2|0
66.918381|1b0|Rx|d|4|FF00FFC4
66.918381|5de|Rx|d|8|2
66.928240|5df|Rx|d|3|9500
66.933303|211|Rx|d|8|8200FFFFA90000D1
66.933303|214|Rx|d|2|0
66.933303|1b0|Rx|d|4|FF00FFC4
66.933303|657|Rx|d|2|C0CC
66.948678|4ac|Rx|d|5|83752A0080
66.948678|45c|Rx|d|6|00000000FFE0
66.948678|211|Rx|d|8|8200FFFFA90000D1
66.948678|214|Rx|d|2|0
66.948678|218|Rx|d|1|98
66.948678|4fa|Rx|d|2|800
66.948678|671|Rx|d|2|200
66.955617|1b0|Rx|d|4|FF00FFC4
66.973642|211|Rx|d|8|8200FFFFA90000D1
66.973642|214|Rx|d|2|0
66.982699|1b0|Rx|d|4|FF00FFC4
66.982699|4f8|Rx|d|8|94C0000000000000
66.998676|211|Rx|d|8|8200FFFFA90000D1
66.998676|214|Rx|d|2|0
66.998676|350|Rx|d|8|C02F3AFA1870A489
66.998676|1b0|Rx|d|4|FF00FFC4
66.998676|4de|Rx|d|3|C00000
66.998676|55d|Rx|d|8|00FD50C091800000
66.998676|3b7|Rx|d|6|37007FC000C0
67.018528|211|Rx|d|8|8200FFFFA90000D1
67.018528|214|Rx|d|2|0
67.018528|1b0|Rx|d|4|FF00FFC4
67.018528|5de|Rx|d|8|2
67.028452|5df|Rx|d|3|9500
67.033607|211|Rx|d|8|8200FFFFA90000D1
67.033607|214|Rx|d|2|0
67.033607|1b0|Rx|d|4|FF00FFC4
67.033607|657|Rx|d|2|C0CC
67.048383|4ac|Rx|d|5|83752A0080
67.048383|45c|Rx|d|6|00000000FFE0
67.048383|211|Rx|d|8|8200FFFFA90000D1
67.048383|214|Rx|d|2|0
67.048383|218|Rx|d|1|98
67.048383|4fa|Rx|d|2|800
67.048383|671|Rx|d|2|200
67.073188|1b0|Rx|d|4|FF00FFC4
67.073188|211|Rx|d|8|8200FFFFA90000D1
67.073188|214|Rx|d|2|0
67.073188|1b0|Rx|d|4|FF00FFC4
67.093590|4f8|Rx|d|8|94C0000000000000
67.093590|211|Rx|d|8|8200FFFFA90000D1
67.093590|214|Rx|d|2|0
67.093590|350|Rx|d|8|C02F3AFA1870A489
67.093590|1b0|Rx|d|4|FF00FFC4
67.093590|4de|Rx|d|3|C00000
67.093590|55d|Rx|d|8|00FD50C091800000
67.123486|3b7|Rx|d|6|37007FC000C0
67.123486|646|Rx|d|8|000000020000000C
67.123486|211|Rx|d|8|8200FFFFA90000D1
67.123486|214|Rx|d|2|0
67.123486|1b0|Rx|d|4|FF00FFC4
67.123486|5de|Rx|d|8|2
67.123486|5df|Rx|d|3|9500
67.153797|211|Rx|d|8|8200FFFFA90000D1
67.153797|214|Rx|d|2|0
67.153797|1b0|Rx|d|4|FF00FFC4
67.153797|657|Rx|d|2|C0CC
67.153797|4ac|Rx|d|5|83752A0080
67.153797|45c|Rx|d|6|00000000FFE0
67.163183|211|Rx|d|8|8200FFFFA90000D1
67.163183|214|Rx|d|2|0
67.163183|218|Rx|d|1|98
67.163183|4fa|Rx|d|2|800
67.163183|671|Rx|d|2|200
67.163183|1b0|Rx|d|4|FF00FFC4
67.183606|211|Rx|d|8|8200FFFFA90000D1
67.183606|214|Rx|d|2|0
67.183606|1b0|Rx|d|4|FF00FFC4
67.183606|4f8|Rx|d|8|94C0000000000000
67.208450|211|Rx|d|8|8200FFFFA90000D1
67.208450|214|Rx|d|2|0
67.208450|350|Rx|d|8|C02F3AFA1870A489
67.208450|1b0|Rx|d|4|FF00FFC4
67.208450|4de|Rx|d|3|C00000
67.208450|55d|Rx|d|8|00FD50C091800000
67.208450|3b7|Rx|d|6|37007FC000C0
67.208450|211|Rx|d|8|8200FFFFA90000D1
67.208450|214|Rx|d|2|0
67.232875|1b0|Rx|d|4|FF00FFC4
67.232875|5de|Rx|d|8|2
67.232875|5df|Rx|d|3|9500
67.232875|211|Rx|d|8|8200FFFFA90000D1
67.232875|214|Rx|d|2|0
67.232875|1b0|Rx|d|4|FF00FFC4
67.232875|657|Rx|d|2|C0CC
67.252665|4ac|Rx|d|5|83752A0080
67.252665|45c|Rx|d|6|00000000FFE0
67.252665|211|Rx|d|8|8200FFFFA90000D1
67.252665|214|Rx|d|2|0
67.252665|218|Rx|d|1|98
67.252665|4fa|Rx|d|2|800
67.252665|671|Rx|d|2|200
67.252665|1b0|Rx|d|4|FF00FFC4
67.273804|211|Rx|d|8|8200FFFFA90000D1
67.273804|214|Rx|d|2|0
67.273804|1b0|Rx|d|4|FF00FFC4
67.303875|4f8|Rx|d|8|94C0000000000000
67.303875|211|Rx|d|8|8200FFFFA90000D1
67.303875|214|Rx|d|2|0
67.303875|350|Rx|d|8|C02F3AFA1870A489
67.303875|1b0|Rx|d|4|FF00FFC4
67.303875|4de|Rx|d|3|C00000
67.303875|55d|Rx|d|8|00FD50C091800000
67.303875|3b7|Rx|d|6|37007FC000C0
67.318579|211|Rx|d|8|8200FFFFA90000D1
67.318579|214|Rx|d|2|0
67.318579|1b0|Rx|d|4|FF00FFC4
67.318579|5de|Rx|d|8|2
67.333530|5df|Rx|d|3|9500
67.338339|211|Rx|d|8|8200FFFFA90000D1
67.338339|214|Rx|d|2|0
67.338339|1b0|Rx|d|4|FF00FFC4
67.338339|657|Rx|d|2|C0CC
67.353289|4ac|Rx|d|5|83752A0080
67.353289|45c|Rx|d|6|00000000FFE0
67.353289|211|Rx|d|8|8200FFFFA90000D1
67.353289|214|Rx|d|2|0
67.353289|218|Rx|d|1|98
67.353289|4fa|Rx|d|2|800
67.353289|671|Rx|d|2|200
67.353289|1b0|Rx|d|4|FF00FFC4
67.383864|211|Rx|d|8|8200FFFFA90000D1
67.383864|214|Rx|d|2|0
67.383864|1b0|Rx|d|4|FF00FFC4
67.383864|4f8|Rx|d|8|94C0000000000000
67.398315|211|Rx|d|8|8200FFFFA90000D1
67.398315|214|Rx|d|2|0
67.398315|350|Rx|d|8|C02F3AFA1870A489
67.398315|1b0|Rx|d|4|FF00FFC4
67.398315|4de|Rx|d|3|C00000
67.398315|55d|Rx|d|8|00FD50C091800000
67.398315|3b7|Rx|d|6|37007FC000C0
67.418773|211|Rx|d|8|8200FFFFA90000D1
67.418773|214|Rx|d|2|0
67.418773|1b0|Rx|d|4|FF00FFC4
67.418773|5de|Rx|d|8|2
67.433991|5df|Rx|d|3|9500
67.433991|211|Rx|d|8|8200FFFFA90000D1
67.433991|214|Rx|d|2|0
67.433991|1b0|Rx|d|4|FF00FFC4
67.433991|657|Rx|d|2|C0CC
67.463597|4ac|Rx|d|5|83752A0080
67.463597|45c|Rx|d|6|00000000FFE0
67.463597|211|Rx|d|8|8200FFFFA90000D1
67.463597|214|Rx|d|2|0
67.463597|218|Rx|d|1|98
67.463597|4fa|Rx|d|2|800
67.463597|671|Rx|d|2|200
67.463597|1b0|Rx|d|4|FF00FFC4
67.473747|211|Rx|d|8|8200FFFFA90000D1
67.473747|214|Rx|d|2|0
67.473747|1b0|Rx|d|4|FF00FFC4
67.503731|4f8|Rx|d|8|94C0000000000000
67.503731|211|Rx|d|8|8200FFFFA90000D1
67.503731|214|Rx|d|2|0
67.503731|350|Rx|d|8|C02F3AFA1870A489
67.503731|1b0|Rx|d|4|FF00FFC4
67.503731|4de|Rx|d|3|C00000
67.503731|55d|Rx|d|8|00FD50C091800000
67.504009|3b7|Rx|d|6|37007FC000C0
67.524140|211|Rx|d|8|8200FFFFA90000D1
67.524140|214|Rx|d|2|0
67.524140|1b0|Rx|d|4|FF00FFC4
67.524140|5de|Rx|d|8|2
67.524140|5df|Rx|d|3|9500
67.543239|211|Rx|d|8|8200FFFFA90000D1
67.543239|214|Rx|d|2|0
67.543239|1b0|Rx|d|4|FF00FFC4
67.543239|657|Rx|d|2|C0CC
67.543239|4ac|Rx|d|5|83752A0080
67.543239|45c|Rx|d|6|00000000FFE0
67.563406|211|Rx|d|8|8200FFFFA90000D1
67.563406|214|Rx|d|2|0
67.563406|218|Rx|d|1|98
67.563406|4fa|Rx|d|2|800
67.563406|671|Rx|d|2|200
67.563406|1b0|Rx|d|4|FF00FFC4
67.583319|211|Rx|d|8|8200FFFFA90000D1
67.583319|214|Rx|d|2|0
67.583319|1b0|Rx|d|4|FF00FFC4
67.583319|4f8|Rx|d|8|94C0000000000000
67.612772|211|Rx|d|8|8200FFFFA90000D1
67.612772|214|Rx|d|2|0
67.612772|350|Rx|d|8|C02F3AFA1870A489
67.612772|1b0|Rx|d|4|FF00FFC4
67.612772|4de|Rx|d|3|C00000
67.612772|55d|Rx|d|8|00FD50C091800000
67.612772|3b7|Rx|d|6|37007FC000C0
67.612772|211|Rx|d|8|8200FFFFA90000D1
67.612772|646|Rx|d|8|000000020000000C
67.612772|214|Rx|d|2|0
67.612772|1b0|Rx|d|4|FF00FFC4
67.612772|5de|Rx|d|8|2
67.632753|5df|Rx|d|3|9500
67.632753|211|Rx|d|8|8200FFFFA90000D1
67.632753|214|Rx|d|2|0
67.632753|1b0|Rx|d|4|FF00FFC4
67.632753|657|Rx|d|2|C0CC
67.653374|4ac|Rx|d|5|83752A0080
67.653374|45c|Rx|d|6|00000000FFE0
67.653374|211|Rx|d|8|8200FFFFA90000D1
67.653374|214|Rx|d|2|0
67.653374|218|Rx|d|1|98
67.653374|4fa|Rx|d|2|800
67.653374|671|Rx|d|2|200
67.653374|1b0|Rx|d|4|FF00FFC4
67.669711|211|Rx|d|8|8200FFFFA90000D1
67.669711|214|Rx|d|2|0
67.675713|1b0|Rx|d|4|FF00FFC4
67.679705|4f8|Rx|d|8|94C0000000000000
67.689698|211|Rx|d|8|8200FFFFA90000D1
67.689698|214|Rx|d|2|0
67.693697|350|Rx|d|8|C02F3AFA1870A489
67.693697|1b0|Rx|d|4|FF00FFC4
67.693697|4de|Rx|d|3|C00000
67.693697|55d|Rx|d|8|00FD50C091800000
67.699693|3b7|Rx|d|6|37007FC000C0
67.709690|211|Rx|d|8|8200FFFFA90000D1
67.709690|214|Rx|d|2|0
67.713684|1b0|Rx|d|4|FF00FFC4
67.713684|5de|Rx|d|8|2
67.723679|5df|Rx|d|3|9500
67.729675|211|Rx|d|8|8200FFFFA90000D1
67.729675|214|Rx|d|2|0
67.733672|1b0|Rx|d|4|FF00FFC4
67.733672|657|Rx|d|2|C0CC
67.733672|69f|Rx|d|4|0650859F
67.743665|4ac|Rx|d|5|83752A0080
67.743665|45c|Rx|d|6|00000000FFE0
67.749663|211|Rx|d|8|8200FFFFA90000D1
67.749663|214|Rx|d|2|0
67.749663|218|Rx|d|1|98
67.749663|4fa|Rx|d|2|800
67.749663|671|Rx|d|2|200
67.753659|1b0|Rx|d|4|FF00FFC4
67.769650|211|Rx|d|8|8200FFFFA90000D1
67.769650|214|Rx|d|2|0
67.773647|1b0|Rx|d|4|FF00FFC4
67.783268|4f8|Rx|d|8|94C0000000000000
67.803719|211|Rx|d|8|8200FFFFA90000D1
67.803719|214|Rx|d|2|0
67.803719|350|Rx|d|8|C02F3AFA1870A489
67.803719|1b0|Rx|d|4|FF00FFC4
67.803719|4de|Rx|d|3|C00000
67.803719|55d|Rx|d|8|00FD50C091800000
67.803719|3b7|Rx|d|6|37007FC000C0
67.833435|211|Rx|d|8|8200FFFFA90000D1
67.833435|214|Rx|d|2|0
67.833435|1b0|Rx|d|4|FF00FFC4
67.833435|5de|Rx|d|8|2
67.833435|5df|Rx|d|3|9500
67.833435|211|Rx|d|8|8200FFFFA90000D1
67.833435|214|Rx|d|2|0
67.833435|1b0|Rx|d|4|FF00FFC4
67.833435|657|Rx|d|2|C0CC
67.853624|4ac|Rx|d|5|83752A0080
67.853624|45c|Rx|d|6|00000000FFE0
67.853624|211|Rx|d|8|8200FFFFA90000D1
67.853624|214|Rx|d|2|0
67.853624|218|Rx|d|1|98
67.853624|4fa|Rx|d|2|800
67.853624|671|Rx|d|2|200
67.853624|1b0|Rx|d|4|FF00FFC4
67.878512|211|Rx|d|8|8200FFFFA90000D1
67.878512|214|Rx|d|2|0
67.878512|1b0|Rx|d|4|FF00FFC4
67.878512|4f8|Rx|d|8|94C0000000000000
67.903528|211|Rx|d|8|8200FFFFA90000D1
67.903528|214|Rx|d|2|0
67.903528|350|Rx|d|8|C02F3AFA1870A489
67.903528|1b0|Rx|d|4|FF00FFC4
67.903528|4de|Rx|d|3|C00000
67.903528|55d|Rx|d|8|00FD50C091800000
67.908244|3b7|Rx|d|6|37007FC000C0
67.913625|211|Rx|d|8|8200FFFFA90000D1
67.913625|214|Rx|d|2|0
67.913625|1b0|Rx|d|4|FF00FFC4
67.913625|5de|Rx|d|8|2
67.928248|5df|Rx|d|3|9500
67.933588|211|Rx|d|8|8200FFFFA90000D1
67.933588|214|Rx|d|2|0
67.933588|1b0|Rx|d|4|FF00FFC4
67.933588|657|Rx|d|2|C0CC
67.948614|4ac|Rx|d|5|83752A0080
67.948614|45c|Rx|d|6|00000000FFE0
67.948614|211|Rx|d|8|8200FFFFA90000D1
67.948614|214|Rx|d|2|0
67.948614|218|Rx|d|1|98
67.948614|4fa|Rx|d|2|800
67.948614|671|Rx|d|2|200
67.963444|1b0|Rx|d|4|FF00FFC4
67.973575|211|Rx|d|8|8200FFFFA90000D1
67.973575|214|Rx|d|2|0
67.978346|1b0|Rx|d|4|FF00FFC4
67.978346|4f8|Rx|d|8|94C0000000000000
67.998563|211|Rx|d|8|8200FFFFA90000D1
67.998563|214|Rx|d|2|0
67.998563|350|Rx|d|8|C02F3AFA1870A489
67.998563|1b0|Rx|d|4|FF00FFC4
67.998563|4de|Rx|d|3|C00000
67.998563|55d|Rx|d|8|00FD50C091800000
67.998563|3b7|Rx|d|6|37007FC000C0
68.013827|211|Rx|d|8|8200FFFFA90000D1
68.013827|214|Rx|d|2|0
68.013827|1b0|Rx|d|4|FF00FFC4
68.013827|5de|Rx|d|8|2
68.025670|5df|Rx|d|3|9500
68.030648|211|Rx|d|8|8200FFFFA90000D1
68.030648|214|Rx|d|2|0
68.030648|1b0|Rx|d|4|FF00FFC4
68.030648|657|Rx|d|2|C0CC
68.042645|4ac|Rx|d|5|83752A0080
68.042645|45c|Rx|d|6|00000000FFE0
68.050635|211|Rx|d|8|8200FFFFA90000D1
68.050635|214|Rx|d|2|0
68.050635|218|Rx|d|1|98
68.050635|4fa|Rx|d|2|800
68.050635|671|Rx|d|2|200
68.050635|1b0|Rx|d|4|FF00FFC4
68.070622|211|Rx|d|8|8200FFFFA90000D1
68.070622|214|Rx|d|2|0
68.070622|1b0|Rx|d|4|FF00FFC4
68.078621|4f8|Rx|d|8|94C0000000000000
68.090610|211|Rx|d|8|8200FFFFA90000D1
68.090610|214|Rx|d|2|0
68.092609|350|Rx|d|8|C02F3AFA1870A489
68.092609|1b0|Rx|d|4|FF00FFC4
68.092609|4de|Rx|d|3|C00000
68.092609|55d|Rx|d|8|00FD50C091800000
68.098606|3b7|Rx|d|6|37007FC000C0
68.108599|646|Rx|d|8|000000020000000C
68.110598|211|Rx|d|8|8200FFFFA90000D1
68.110598|214|Rx|d|2|0
68.112597|1b0|Rx|d|4|FF00FFC4
68.112597|5de|Rx|d|8|2
68.122591|5df|Rx|d|3|9500
68.130585|211|Rx|d|8|8200FFFFA90000D1
68.130585|214|Rx|d|2|0
68.130585|1b0|Rx|d|4|FF00FFC4
68.130585|657|Rx|d|2|C0CC
68.142579|4ac|Rx|d|5|83752A0080
68.142579|45c|Rx|d|6|00000000FFE0
68.172660|211|Rx|d|8|8200FFFFA90000D1
68.172660|214|Rx|d|2|0
68.172660|218|Rx|d|1|98
68.172660|4fa|Rx|d|2|800
68.172660|671|Rx|d|2|200
68.172660|1b0|Rx|d|4|FF00FFC4
68.183317|211|Rx|d|8|8200FFFFA90000D1
68.183709|214|Rx|d|2|0
68.183709|1b0|Rx|d|4|FF00FFC4
68.183709|4f8|Rx|d|8|94C0000000000000
68.212598|211|Rx|d|8|8200FFFFA90000D1
68.212598|214|Rx|d|2|0
68.212598|350|Rx|d|8|C02F3AFA1870A489
68.212598|1b0|Rx|d|4|FF00FFC4
68.212598|4de|Rx|d|3|C00000
68.212598|55d|Rx|d|8|00FD50C091800000
68.212598|3b7|Rx|d|6|37007FC000C0
68.213625|211|Rx|d|8|8200FFFFA90000D1
68.213625|214|Rx|d|2|0
68.213625|1b0|Rx|d|4|FF00FFC4
68.213625|5de|Rx|d|8|2
68.228519|5df|Rx|d|3|9500
68.233598|211|Rx|d|8|8200FFFFA90000D1
68.233598|214|Rx|d|2|0
68.233598|1b0|Rx|d|4|FF00FFC4
68.233598|657|Rx|d|2|C0CC
68.253741|4ac|Rx|d|5|83752A0080
68.253741|45c|Rx|d|6|00000000FFE0
68.253741|211|Rx|d|8|8200FFFFA90000D1
68.253741|214|Rx|d|2|0
68.253741|218|Rx|d|1|98
68.253741|4fa|Rx|d|2|800
68.253741|671|Rx|d|2|200
68.253741|1b0|Rx|d|4|FF00FFC4
68.273311|211|Rx|d|8|8200FFFFA90000D1
68.273311|214|Rx|d|2|0
68.273311|1b0|Rx|d|4|FF00FFC4
68.293896|4f8|Rx|d|8|94C0000000000000
68.293896|211|Rx|d|8|8200FFFFA90000D1
68.293896|214|Rx|d|2|0
68.293896|350|Rx|d|8|C02F3AFA1870A489
68.293896|1b0|Rx|d|4|FF00FFC4
68.293896|4de|Rx|d|3|C00000
68.293896|55d|Rx|d|8|00FD50C091800000
68.323680|3b7|Rx|d|6|37007FC000C0
68.323680|211|Rx|d|8|8200FFFFA90000D1
68.323680|214|Rx|d|2|0
68.323680|1b0|Rx|d|4|FF00FFC4
68.323680|5de|Rx|d|8|2
68.323680|5df|Rx|d|3|9500
68.343903|211|Rx|d|8|8200FFFFA90000D1
68.343903|214|Rx|d|2|0
68.343903|1b0|Rx|d|4|FF00FFC4
68.343903|657|Rx|d|2|C0CC
68.343903|4ac|Rx|d|5|83752A0080
68.343903|45c|Rx|d|6|00000000FFE0
68.363551|211|Rx|d|8|8200FFFFA90000D1
68.363551|214|Rx|d|2|0
68.363551|218|Rx|d|1|98
68.363551|4fa|Rx|d|2|800
68.363551|671|Rx|d|2|200
68.363551|1b0|Rx|d|4|FF00FFC4
68.383617|211|Rx|d|8|8200FFFFA90000D1
68.383617|214|Rx|d|2|0
68.383617|1b0|Rx|d|4|FF00FFC4
68.388943|4f8|Rx|d|8|94C0000000000000
68.388943|211|Rx|d|8|8200FFFFA90000D1
68.388943|214|Rx|d|2|0
68.413831|350|Rx|d|8|C02F3AFA1870A489
68.413831|1b0|Rx|d|4|FF00FFC4
68.413831|4de|Rx|d|3|C00000
68.413831|55d|Rx|d|8|00FD50C091800000
68.413831|3b7|Rx|d|6|37007FC000C0
68.413831|211|Rx|d|8|8200FFFFA90000D1
68.413831|214|Rx|d|2|0
68.413831|1b0|Rx|d|4|FF00FFC4
68.413831|5de|Rx|d|8|2
68.443678|5df|Rx|d|3|9500
68.443678|211|Rx|d|8|8200FFFFA90000D1
68.443678|214|Rx|d|2|0
68.443678|1b0|Rx|d|4|FF00FFC4
68.443678|657|Rx|d|2|C0CC
68.443709|4ac|Rx|d|5|83752A0080
68.443709|45c|Rx|d|6|00000000FFE0
68.463372|211|Rx|d|8|8200FFFFA90000D1
68.463372|214|Rx|d|2|0
68.463372|218|Rx|d|1|98
68.463372|4fa|Rx|d|2|800
68.463372|671|Rx|d|2|200
68.463372|1b0|Rx|d|4|FF00FFC4
68.473550|211|Rx|d|8|8200FFFFA90000D1
68.473550|214|Rx|d|2|0
68.483939|1b0|Rx|d|4|FF00FFC4
68.483939|4f8|Rx|d|8|94C0000000000000
68.508380|211|Rx|d|8|8200FFFFA90000D1
68.508380|214|Rx|d|2|0
68.508380|350|Rx|d|8|C02F3AFA1870A489
68.508380|1b0|Rx|d|4|FF00FFC4
68.508380|4de|Rx|d|3|C00000
68.508380|55d|Rx|d|8|00FD50C091800000
68.508380|3b7|Rx|d|6|37007FC000C0
68.510238|211|Rx|d|8|8200FFFFA90000D1
68.510238|214|Rx|d|2|0
68.523800|1b0|Rx|d|4|FF00FFC4
68.523800|5de|Rx|d|8|2
68.523800|5df|Rx|d|3|9500
68.548714|211|Rx|d|8|8200FFFFA90000D1
68.548714|214|Rx|d|2|0
68.548714|1b0|Rx|d|4|FF00FFC4
68.548714|657|Rx|d|2|C0CC
68.548714|4ac|Rx|d|5|83762A0080
68.548714|45c|Rx|d|6|00000000FFE0
68.548714|211|Rx|d|8|8200FFFFA90000D1
68.548714|214|Rx|d|2|0
68.548714|218|Rx|d|1|98
68.548714|4fa|Rx|d|2|800
68.548714|671|Rx|d|2|200
68.573857|1b0|Rx|d|4|FF00FFC4
68.573857|211|Rx|d|8|8200FFFFA90000D1
68.573857|214|Rx|d|2|0
68.573857|1b0|Rx|d|4|FF00FFC4
68.603111|4f8|Rx|d|8|94C0000000000000
68.603111|211|Rx|d|8|8200FFFFA90000D1
68.603111|214|Rx|d|2|0
68.603111|350|Rx|d|8|C02F3AFA1870A489
68.603111|1b0|Rx|d|4|FF00FFC4
68.603111|4de|Rx|d|3|C00000
68.603111|55d|Rx|d|8|00FD50C091800000
68.603111|3b7|Rx|d|6|37007FC000C0
68.627529|646|Rx|d|8|000000020000000C
68.627529|211|Rx|d|8|8200FFFFA90000D1
68.627529|214|Rx|d|2|0
68.627529|1b0|Rx|d|4|FF00FFC4
68.627529|5de|Rx|d|8|2
68.627529|5df|Rx|d|3|9500
68.627529|211|Rx|d|8|8200FFFFA90000D1
68.627529|214|Rx|d|2|0
68.643226|1b0|Rx|d|4|FF00FFC4
68.643226|657|Rx|d|2|C0CC
68.643226|4ac|Rx|d|5|83752A0080
68.643226|45c|Rx|d|6|00000000FFE0
68.674319|211|Rx|d|8|8200FFFFA90000D1
68.674319|214|Rx|d|2|0
68.674319|218|Rx|d|1|98
68.674319|4fa|Rx|d|2|800
68.674319|671|Rx|d|2|200
68.674319|1b0|Rx|d|4|FF00FFC4
68.674319|211|Rx|d|8|8200FFFFA90000D1
68.674319|214|Rx|d|2|0
68.674319|1b0|Rx|d|4|FF00FFC4
68.703226|4f8|Rx|d|8|94C0000000000000
68.703226|211|Rx|d|8|8200FFFFA90000D1
68.703226|214|Rx|d|2|0
68.703226|350|Rx|d|8|C02F3AFA1870A489
68.703226|1b0|Rx|d|4|FF00FFC4
68.703226|4de|Rx|d|3|C00000
68.703226|55d|Rx|d|8|00FD50C091800000
68.703226|3b7|Rx|d|6|37007FC000C0
68.733289|211|Rx|d|8|8200FFFFA90000D1
68.733289|214|Rx|d|2|0
68.733289|1b0|Rx|d|4|FF00FFC4
68.733289|5de|Rx|d|8|2
68.733289|5df|Rx|d|3|9500
68.743054|211|Rx|d|8|8200FFFFA90000D1
68.743054|214|Rx|d|2|0
68.743054|1b0|Rx|d|4|FF00FFC4
68.743054|657|Rx|d|2|C0CC
68.743054|69f|Rx|d|4|0650859F
68.744677|4ac|Rx|d|5|83752A0080
68.744677|45c|Rx|d|6|00000000FFE0
68.763097|211|Rx|d|8|8200FFFFA90000D1
68.763097|214|Rx|d|2|0
68.763097|218|Rx|d|1|98
68.763097|4fa|Rx|d|2|800
68.763097|671|Rx|d|2|200
68.763097|1b0|Rx|d|4|FF00FFC4
68.773901|211|Rx|d|8|8200FFFFA90000D1
68.773901|214|Rx|d|2|0
68.783258|1b0|Rx|d|4|FF00FFC4
68.783258|4f8|Rx|d|8|94C0000000000000
68.798146|211|Rx|d|8|8200FFFFA90000D1
68.798146|214|Rx|d|2|0
68.798146|350|Rx|d|8|C02F3AFA1870A489
68.798146|1b0|Rx|d|4|FF00FFC4
68.798146|4de|Rx|d|3|C00000
68.798146|55d|Rx|d|8|00FD50C091800000
68.803206|3b7|Rx|d|6|37007FC000C0
68.813358|211|Rx|d|8|8200FFFFA90000D1
68.813358|214|Rx|d|2|0
68.823587|1b0|Rx|d|4|FF00FFC4
68.823587|5de|Rx|d|8|2
68.823587|5df|Rx|d|3|9500
68.853830|211|Rx|d|8|8200FFFFA90000D1
68.853830|214|Rx|d|2|0
68.853830|1b0|Rx|d|4|FF00FFC4
68.853830|657|Rx|d|2|C0CC
68.853830|4ac|Rx|d|5|83752A0080
68.853830|45c|Rx|d|6|00000000FFE0
68.853830|211|Rx|d|8|8200FFFFA90000D1
68.853830|214|Rx|d|2|0
68.853830|218|Rx|d|1|98
68.853830|4fa|Rx|d|2|800
68.853830|671|Rx|d|2|200
68.853830|1b0|Rx|d|4|FF00FFC4
68.883513|211|Rx|d|8|8200FFFFA90000D1
68.883513|214|Rx|d|2|0
68.883513|1b0|Rx|d|4|FF00FFC4
68.883513|4f8|Rx|d|8|94C0000000000000
68.907053|211|Rx|d|8|8200FFFFA90000D1
68.907053|214|Rx|d|2|0
68.907053|350|Rx|d|8|C02F3AFA1870A489
68.907053|1b0|Rx|d|4|FF00FFC4
68.907053|4de|Rx|d|3|C00000
68.907053|55d|Rx|d|8|00FD50C091800000
68.907053|3b7|Rx|d|6|37007FC000C0
68.907053|211|Rx|d|8|8200FFFFA90000D1
68.907053|214|Rx|d|2|0
68.923643|1b0|Rx|d|4|FF00FFC4
68.923643|5de|Rx|d|8|2
68.923643|5df|Rx|d|3|9500
68.938627|211|Rx|d|8|8200FFFFA90000D1
68.938627|214|Rx|d|2|0
68.938627|1b0|Rx|d|4|FF00FFC4
68.938627|657|Rx|d|2|C0CC
68.948280|4ac|Rx|d|5|83752A0080
68.948280|45c|Rx|d|6|00000000FFE0
68.953676|211|Rx|d|8|8200FFFFA90000D1
68.953676|214|Rx|d|2|0
68.953676|218|Rx|d|1|98
68.953676|4fa|Rx|d|2|800
68.953676|671|Rx|d|2|200
68.953676|1b0|Rx|d|4|FF00FFC4
68.973464|211|Rx|d|8|8200FFFFA90000D1
68.973464|214|Rx|d|2|0
68.982906|1b0|Rx|d|4|FF00FFC4
68.982906|4f8|Rx|d|8|94C0000000000000
69.002641|211|Rx|d|8|8200FFFFA90000D1
69.002641|214|Rx|d|2|0
69.002641|350|Rx|d|8|C02F3AFA1870A489
69.002641|1b0|Rx|d|4|FF00FFC4
69.002641|4de|Rx|d|3|C00000
69.002641|55d|Rx|d|8|00FD50C091800000
69.008579|3b7|Rx|d|6|37007FC000C0
69.013649|211|Rx|d|8|8200FFFFA90000D1
69.013649|214|Rx|d|2|0
69.013649|1b0|Rx|d|4|FF00FFC4
69.013649|5de|Rx|d|8|2
69.028400|5df|Rx|d|3|9500
69.028400|211|Rx|d|8|8200FFFFA90000D1
69.028400|214|Rx|d|2|0
69.043760|1b0|Rx|d|4|FF00FFC4
69.043760|657|Rx|d|2|C0CC
69.043760|4ac|Rx|d|5|83762A0080
69.043760|45c|Rx|d|6|00000000FFE0
69.053402|211|Rx|d|8|8200FFFFA90000D1
69.053402|214|Rx|d|2|0
69.053402|218|Rx|d|1|98
69.053402|4fa|Rx|d|2|800
69.053402|671|Rx|d|2|200
69.053402|1b0|Rx|d|4|FF00FFC4
69.075838|211|Rx|d|8|8200FFFFA90000D1
69.075838|214|Rx|d|2|0
69.075838|1b0|Rx|d|4|FF00FFC4
69.085791|4f8|Rx|d|8|94C0000000000000
69.090428|211|Rx|d|8|8200FFFFA90000D1
69.090428|6fb|Rx|d|8|0F01A454FF0000FF
69.090428|214|Rx|d|2|0
69.092426|350|Rx|d|8|C02F3AFA1870A489
69.092426|1b0|Rx|d|4|FF00FFC4
69.092426|4de|Rx|d|3|C00000
69.092426|55d|Rx|d|8|00FD50C091800000
69.100421|3b7|Rx|d|6|37007FC000C0
69.110327|211|Rx|d|8|8200FFFFA90000D1
69.110327|646|Rx|d|8|000000020000000C
69.110327|214|Rx|d|2|0
69.112326|1b0|Rx|d|4|FF00FFC4
69.112326|5de|Rx|d|8|2
69.120321|5ce|Rx|d|3|FEFF00
69.120321|5df|Rx|d|3|9500
69.130314|211|Rx|d|8|8200FFFFA90000D1
69.130314|214|Rx|d|2|0
69.130314|1b0|Rx|d|4|FF00FFC4
69.130314|657|Rx|d|2|C0CC
69.144307|4ac|Rx|d|5|83762A0080
69.144307|45c|Rx|d|6|00000000FFE0
69.150302|211|Rx|d|8|8200FFFFA90000D1
69.150302|214|Rx|d|2|0
69.150302|218|Rx|d|1|98
69.150302|4fa|Rx|d|2|800
69.150302|671|Rx|d|2|200
69.150302|1b0|Rx|d|4|FF00FFC4
69.170290|211|Rx|d|8|8200FFFFA90000D1
69.170290|214|Rx|d|2|0
69.172289|1b0|Rx|d|4|FF00FFC4
69.180284|4f8|Rx|d|8|94C0000000000000
69.190278|211|Rx|d|8|8200FFFFA90000D1
69.190278|214|Rx|d|2|0
69.194276|350|Rx|d|8|C02F3AFA1870A489
69.194276|1b0|Rx|d|4|FF00FFC4
69.194276|4de|Rx|d|3|C00000
69.194276|55d|Rx|d|8|00FD50C091800000
69.200271|3b7|Rx|d|6|37007FC000C0
69.223352|211|Rx|d|8|8200FFFFA90000D1
69.223352|214|Rx|d|2|0
69.223352|1b0|Rx|d|4|FF00FFC4
69.223352|5de|Rx|d|8|2
69.223352|5df|Rx|d|3|9500
69.253310|211|Rx|d|8|8200FFFFA90000D1
69.253310|214|Rx|d|2|0
69.253310|1b0|Rx|d|4|FF00FFC4
69.253310|657|Rx|d|2|C0CC
69.253310|4ac|Rx|d|5|83752A0080
69.253310|45c|Rx|d|6|00000000FFE0
69.253310|211|Rx|d|8|8200FFFFA90000D1
69.253310|214|Rx|d|2|0
69.253310|218|Rx|d|1|98
69.253310|4fa|Rx|d|2|800
69.253310|671|Rx|d|2|200
69.253310|1b0|Rx|d|4|FF00FFC4
69.283472|211|Rx|d|8|8200FFFFA90000D1
69.283472|214|Rx|d|2|0
69.283472|1b0|Rx|d|4|FF00FFC4
69.283472|4f8|Rx|d|8|94C0000000000000
69.303582|211|Rx|d|8|8200FFFFA90000D1
69.303582|214|Rx|d|2|0
69.303582|350|Rx|d|8|C02F3AFA1870A489
69.303582|1b0|Rx|d|4|FF00FFC4
69.303582|4de|Rx|d|3|C00000
69.303582|55d|Rx|d|8|00FD50C091800000
69.303582|3b7|Rx|d|6|37007FC000C0
69.318459|211|Rx|d|8|8200FFFFA90000D1
69.318459|214|Rx|d|2|0
69.318459|1b0|Rx|d|4|FF00FFC4
69.318459|5de|Rx|d|8|2
69.333728|5df|Rx|d|3|9500
69.343497|211|Rx|d|8|8200FFFFA90000D1
69.343497|214|Rx|d|2|0
69.343497|1b0|Rx|d|4|FF00FFC4
69.343497|657|Rx|d|2|C0CC
69.343497|4ac|Rx|d|5|83752A0080
69.343497|45c|Rx|d|6|00000000FFE0
69.373635|211|Rx|d|8|8200FFFFA90000D1
69.373635|214|Rx|d|2|0
69.373635|218|Rx|d|1|98
69.373635|4fa|Rx|d|2|800
69.373635|671|Rx|d|2|200
69.373635|1b0|Rx|d|4|FF00FFC4
69.373635|211|Rx|d|8|8200FFFFA90000D1
69.373635|214|Rx|d|2|0
69.373635|1b0|Rx|d|4|FF00FFC4
69.403566|4f8|Rx|d|8|94C0000000000000
69.403566|211|Rx|d|8|8200FFFFA90000D1
69.403566|214|Rx|d|2|0
69.403566|350|Rx|d|8|C02F3AFA1870A489
69.403566|1b0|Rx|d|4|FF00FFC4
69.403566|4de|Rx|d|3|C00000
69.403566|55d|Rx|d|8|00FD50C091800000
69.403566|3b7|Rx|d|6|37007FC000C0
69.422669|211|Rx|d|8|8200FFFFA90000D1
69.422669|214|Rx|d|2|0
69.422669|1b0|Rx|d|4|FF00FFC4
69.422669|5de|Rx|d|8|2
69.422669|5df|Rx|d|3|9500
69.440234|211|Rx|d|8|8200FFFFA90000D1
69.440234|214|Rx|d|2|0
69.440234|1b0|Rx|d|4|FF00FFC4
69.440234|657|Rx|d|2|C0CC
69.443186|4ac|Rx|d|5|83752A0080
69.443186|45c|Rx|d|6|00000000FFE0
69.451167|211|Rx|d|8|8200FFFFA90000D1
69.451167|214|Rx|d|2|0
69.451167|218|Rx|d|1|98
69.451167|4fa|Rx|d|2|800
69.451167|671|Rx|d|2|200
69.451167|1b0|Rx|d|4|FF00FFC4
69.471155|211|Rx|d|8|8200FFFFA90000D1
69.471155|214|Rx|d|2|0
69.471155|1b0|Rx|d|4|FF00FFC4
69.481148|4f8|Rx|d|8|94C0000000000000
69.491142|211|Rx|d|8|8200FFFFA90000D1
69.491142|214|Rx|d|2|0
69.491142|350|Rx|d|8|C02F3AFA1870A489
69.491142|1b0|Rx|d|4|FF00FFC4
69.491142|4de|Rx|d|3|C00000
69.491142|55d|Rx|d|8|00FD50C091800000
69.501140|3b7|Rx|d|6|37007FC000C0
69.510643|211|Rx|d|8|8200FFFFA90000D1
69.510643|214|Rx|d|2|0
69.512642|1b0|Rx|d|4|FF00FFC4
69.512642|5de|Rx|d|8|2
69.522636|5df|Rx|d|3|9500
69.530632|211|Rx|d|8|8200FFFFA90000D1
69.530632|214|Rx|d|2|0
69.530632|1b0|Rx|d|4|FF00FFC4
69.530632|657|Rx|d|2|C0CC
69.542624|4ac|Rx|d|5|83752A0080
69.542624|45c|Rx|d|6|00000000FFE0
69.550619|211|Rx|d|8|8200FFFFA90000D1
69.550619|214|Rx|d|2|0
69.550619|218|Rx|d|1|98
69.550619|4fa|Rx|d|2|800
69.550619|671|Rx|d|2|200
69.550619|1b0|Rx|d|4|FF00FFC4
69.582680|211|Rx|d|8|8200FFFFA90000D1
69.582680|214|Rx|d|2|0
69.582680|1b0|Rx|d|4|FF00FFC4
69.582680|4f8|Rx|d|8|94C0000000000000
69.603206|211|Rx|d|8|8200FFFFA90000D1
69.603206|214|Rx|d|2|0
69.603206|350|Rx|d|8|C02F3AFA1870A489
69.603206|1b0|Rx|d|4|FF00FFC4
69.603206|4de|Rx|d|3|C00000
69.603206|55d|Rx|d|8|00FD50C091800000
69.603206|3b7|Rx|d|6|37007FC000C0
69.618264|646|Rx|d|8|000000020000000C
69.618264|211|Rx|d|8|8200FFFFA90000D1
69.618264|214|Rx|d|2|0
69.618264|1b0|Rx|d|4|FF00FFC4
69.618264|5de|Rx|d|8|2
69.633522|5df|Rx|d|3|9500
69.633522|211|Rx|d|8|8200FFFFA90000D1
69.633522|214|Rx|d|2|0
69.633522|1b0|Rx|d|4|FF00FFC4
69.633522|657|Rx|d|2|C0CC
69.663887|4ac|Rx|d|5|83752A0080
69.663887|45c|Rx|d|6|00000000FFE0
69.663887|211|Rx|d|8|8200FFFFA90000D1
69.663887|214|Rx|d|2|0
69.663887|218|Rx|d|1|98
69.663887|4fa|Rx|d|2|800
69.663887|671|Rx|d|2|200
69.663887|1b0|Rx|d|4|FF00FFC4
69.677066|211|Rx|d|8|8200FFFFA90000D1
69.677066|214|Rx|d|2|0
69.677066|1b0|Rx|d|4|FF00FFC4
69.678786|4f8|Rx|d|8|94C0000000000000
69.689749|211|Rx|d|8|8200FFFFA90000D1
69.689749|214|Rx|d|2|0
69.689749|350|Rx|d|8|C02F3AFA1870A489
69.689749|1b0|Rx|d|4|FF00FFC4
69.689749|4de|Rx|d|3|C00000
69.695745|55d|Rx|d|8|00FD50C091800000
69.699742|3b7|Rx|d|6|37007FC000C0
69.709773|211|Rx|d|8|8200FFFFA90000D1
69.709773|214|Rx|d|2|0
69.709773|1b0|Rx|d|4|FF00FFC4
69.709773|5de|Rx|d|8|2
69.721769|5df|Rx|d|3|9500
69.729761|211|Rx|d|8|8200FFFFA90000D1
69.729761|214|Rx|d|2|0
69.729761|1b0|Rx|d|4|FF00FFC4
69.729761|657|Rx|d|2|C0CC
69.729761|69f|Rx|d|4|0650859F
69.741755|4ac|Rx|d|5|83752A0080
69.741755|45c|Rx|d|6|00000000FFE0
69.749749|211|Rx|d|8|8200FFFFA90000D1
69.749749|214|Rx|d|2|0
69.749749|218|Rx|d|1|98
69.749749|4fa|Rx|d|2|800
69.749749|671|Rx|d|2|200
69.749749|1b0|Rx|d|4|FF00FFC4
69.769737|211|Rx|d|8|8200FFFFA90000D1
69.769737|214|Rx|d|2|0
69.771735|1b0|Rx|d|4|FF00FFC4
69.779730|4f8|Rx|d|8|94C0000000000000
69.789724|211|Rx|d|8|8200FFFFA90000D1
69.789724|214|Rx|d|2|0
69.789724|350|Rx|d|8|C02F3AFA1870A489
69.789724|1b0|Rx|d|4|FF00FFC4
69.789724|4de|Rx|d|3|C00000
69.795721|55d|Rx|d|8|00FD50C091800000
69.813599|3b7|Rx|d|6|37007FC000C0
69.818605|211|Rx|d|8|8200FFFFA90000D1
69.818605|214|Rx|d|2|0
69.818605|1b0|Rx|d|4|FF00FFC4
69.818605|5de|Rx|d|8|2
69.833324|5df|Rx|d|3|9500
69.843864|211|Rx|d|8|8200FFFFA90000D1
69.843864|214|Rx|d|2|0
69.843864|1b0|Rx|d|4|FF00FFC4
69.843864|657|Rx|d|2|C0CC
69.843864|4ac|Rx|d|5|83752A0080
69.843864|45c|Rx|d|6|00000000FFE0
69.873527|211|Rx|d|8|8200FFFFA90000D1
69.873527|214|Rx|d|2|0
69.873527|218|Rx|d|1|98
69.873527|4fa|Rx|d|2|800
69.873527|671|Rx|d|2|200
69.873527|1b0|Rx|d|4|FF00FFC4
69.873527|211|Rx|d|8|8200FFFFA90000D1
69.873527|214|Rx|d|2|0
69.873527|1b0|Rx|d|4|FF00FFC4
69.893821|4f8|Rx|d|8|94C0000000000000
69.893821|211|Rx|d|8|8200FFFFA90000D1
69.893821|214|Rx|d|2|0
69.903214|350|Rx|d|8|C02F3AFA1870A489
69.903214|1b0|Rx|d|4|FF00FFC4
69.903214|4de|Rx|d|3|C00000
69.903214|55d|Rx|d|8|00FD50C091800000
69.905087|3b7|Rx|d|6|37007FC000C0
69.912527|211|Rx|d|8|8200FFFFA90000D1
69.912527|214|Rx|d|2|0
69.912527|1b0|Rx|d|4|FF00FFC4
69.912527|5de|Rx|d|8|2
69.922381|5df|Rx|d|3|9500
69.928387|211|Rx|d|8|8200FFFFA90000D1
69.928387|214|Rx|d|2|0
69.934374|1b0|Rx|d|4|FF00FFC4
69.934374|657|Rx|d|2|C0CC
69.942368|4ac|Rx|d|5|83752A0080
69.942368|45c|Rx|d|6|00000000FFE0
69.948365|211|Rx|d|8|8200FFFFA90000D1
69.948365|214|Rx|d|2|0
69.948365|218|Rx|d|1|98
69.948365|4fa|Rx|d|2|800
69.948365|671|Rx|d|2|200
69.954361|1b0|Rx|d|4|FF00FFC4
69.970352|211|Rx|d|8|8200FFFFA90000D1
69.970352|214|Rx|d|2|0
69.970352|1b0|Rx|d|4|FF00FFC4
69.980345|4f8|Rx|d|8|94C0000000000000
69.988340|211|Rx|d|8|8200FFFFA90000D1
69.988340|214|Rx|d|2|0
69.994336|350|Rx|d|8|C02F3AFA1870A489
69.994336|1b0|Rx|d|4|FF00FFC4
69.994336|4de|Rx|d|3|C00000
69.994336|55d|Rx|d|8|00FD50C091800000
69.998335|3b7|Rx|d|6|37007FC000C0
70.008328|211|Rx|d|8|8200FFFFA90000D1
70.008328|214|Rx|d|2|0
70.014324|1b0|Rx|d|4|FF00FFC4
70.014324|5de|Rx|d|8|2
70.022320|5df|Rx|d|3|9500
70.028318|211|Rx|d|8|8200FFFFA90000D1
70.033363|214|Rx|d|2|0
70.033363|1b0|Rx|d|4|FF00FFC4
70.033363|657|Rx|d|2|C0CC
70.053828|4ac|Rx|d|5|83752A0080
70.053828|45c|Rx|d|6|00000000FFE0
70.062646|211|Rx|d|8|8200FFFFA90000D1
70.062646|214|Rx|d|2|0
70.062646|218|Rx|d|1|98
70.062646|4fa|Rx|d|2|800
70.062646|671|Rx|d|2|200
70.062646|1b0|Rx|d|4|FF00FFC4
70.073176|211|Rx|d|8|8200FFFFA90000D1
70.073176|214|Rx|d|2|0
70.073176|1b0|Rx|d|4|FF00FFC4
70.083216|4f8|Rx|d|8|94C0000000000000
70.103549|211|Rx|d|8|8200FFFFA90000D1
70.103549|214|Rx|d|2|0
70.103549|350|Rx|d|8|C02F3AFA1870A489
70.103549|1b0|Rx|d|4|FF00FFC4
70.103549|4de|Rx|d|3|C00000
70.103549|55d|Rx|d|8|00FD50C091800000
70.105574|3b7|Rx|d|6|37007FC000C0
70.123266|211|Rx|d|8|8200FFFFA90000D1
70.123266|646|Rx|d|8|000000020000000C
70.123266|214|Rx|d|2|0
70.123266|1b0|Rx|d|4|FF00FFC4
70.123266|5de|Rx|d|8|2
70.128546|5df|Rx|d|3|9500
70.128546|211|Rx|d|8|8200FFFFA90000D1
70.128546|214|Rx|d|2|0
70.150433|1b0|Rx|d|4|FF00FFC4
70.150433|657|Rx|d|2|C0CC
70.150433|4ac|Rx|d|5|83752A0080
70.150433|45c|Rx|d|6|00000000FFE0
70.150433|211|Rx|d|8|8200FFFFA90000D1
70.150433|214|Rx|d|2|0
70.150433|218|Rx|d|1|98
70.150433|4fa|Rx|d|2|800
70.150433|671|Rx|d|2|200
70.150433|1b0|Rx|d|4|FF00FFC4
70.183797|211|Rx|d|8|8200FFFFA90000D1
70.183797|214|Rx|d|2|0
70.183797|1b0|Rx|d|4|FF00FFC4
70.183797|4f8|Rx|d|8|94C0000000000000
70.205448|211|Rx|d|8|8200FFFFA90000D1
70.205448|214|Rx|d|2|0
70.205448|350|Rx|d|8|C02F3AFA1870A489
70.205448|1b0|Rx|d|4|FF00FFC4
70.205448|4de|Rx|d|3|C00000
70.205448|55d|Rx|d|8|00FD50C091800000
70.205448|3b7|Rx|d|6|37007FC000C0
70.223498|211|Rx|d|8|8200FFFFA90000D1
70.223498|214|Rx|d|2|0
70.223498|1b0|Rx|d|4|FF00FFC4
70.223498|5de|Rx|d|8|2
70.233972|5df|Rx|d|3|9500
70.233972|211|Rx|d|8|8200FFFFA90000D1
70.233972|214|Rx|d|2|0
70.233972|1b0|Rx|d|4|FF00FFC4
70.233972|657|Rx|d|2|C0CC
70.263581|4ac|Rx|d|5|83752A0080
70.263581|45c|Rx|d|6|00000000FFE0
70.263581|211|Rx|d|8|8200FFFFA90000D1
70.263581|214|Rx|d|2|0
70.263581|218|Rx|d|1|98
70.263581|4fa|Rx|d|2|800
70.263581|671|Rx|d|2|200
70.263581|1b0|Rx|d|4|FF00FFC4
70.283934|211|Rx|d|8|8200FFFFA90000D1
70.283934|214|Rx|d|2|0
70.283934|1b0|Rx|d|4|FF00FFC4
70.283934|4f8|Rx|d|8|94C0000000000000
70.305335|211|Rx|d|8|8200FFFFA90000D1
70.305335|214|Rx|d|2|0
70.305335|350|Rx|d|8|C02F3AFA1870A489
70.305335|1b0|Rx|d|4|FF00FFC4
70.305335|4de|Rx|d|3|C00000
70.305335|55d|Rx|d|8|00FD50C091800000
70.305335|3b7|Rx|d|6|37007FC000C0
70.323590|211|Rx|d|8|8200FFFFA90000D1
70.323590|214|Rx|d|2|0
70.323590|1b0|Rx|d|4|FF00FFC4
70.323590|5de|Rx|d|8|2
70.333649|5df|Rx|d|3|9500
70.333649|211|Rx|d|8|8200FFFFA90000D1
70.333649|214|Rx|d|2|0
70.333649|1b0|Rx|d|4|FF00FFC4
70.333649|657|Rx|d|2|C0CC
70.362983|4ac|Rx|d|5|83752A0080
70.362983|45c|Rx|d|6|00000000FFE0
70.362983|211|Rx|d|8|8200FFFFA90000D1
70.362983|214|Rx|d|2|0
70.362983|218|Rx|d|1|98
70.362983|4fa|Rx|d|2|800
70.362983|671|Rx|d|2|200
70.362983|1b0|Rx|d|4|FF00FFC4
70.380606|211|Rx|d|8|8200FFFFA90000D1
70.380606|214|Rx|d|2|0
70.380606|1b0|Rx|d|4|FF00FFC4
70.383264|4f8|Rx|d|8|94C0000000000000
70.389710|211|Rx|d|8|8200FFFFA90000D1
70.389710|214|Rx|d|2|0
70.389710|350|Rx|d|8|C02F3AFA1870A489
70.389710|1b0|Rx|d|4|FF00FFC4
70.389710|4de|Rx|d|3|C00000
70.389710|55d|Rx|d|8|00FD50C091800000
70.399702|3b7|Rx|d|6|37007FC000C0
70.409695|211|Rx|d|8|8200FFFFA90000D1
70.409695|214|Rx|d|2|0
70.411694|1b0|Rx|d|4|FF00FFC4
70.411694|5de|Rx|d|8|2
70.421688|5df|Rx|d|3|9500
70.429683|211|Rx|d|8|8200FFFFA90000D1
70.429683|214|Rx|d|2|0
70.429683|1b0|Rx|d|4|FF00FFC4
70.429683|657|Rx|d|2|C0CC
70.441676|4ac|Rx|d|5|83762A0080
70.441676|45c|Rx|d|6|00000000FFE0
70.449671|211|Rx|d|8|8200FFFFA90000D1
70.449671|214|Rx|d|2|0
70.449671|218|Rx|d|1|98
70.449671|4fa|Rx|d|2|800
70.449671|671|Rx|d|2|200
70.451670|1b0|Rx|d|4|FF00FFC4
70.469658|211|Rx|d|8|8200FFFFA90000D1
70.469658|214|Rx|d|2|0
70.469658|1b0|Rx|d|4|FF00FFC4
70.479652|4f8|Rx|d|8|94C0000000000000
70.489645|211|Rx|d|8|8200FFFFA90000D1
70.489645|214|Rx|d|2|0
70.491645|350|Rx|d|8|C02F3AFA1870A489
70.491645|1b0|Rx|d|4|FF00FFC4
70.491645|4de|Rx|d|3|C00000
70.491645|55d|Rx|d|8|00FD50C091800000
70.505898|3b7|Rx|d|6|37007FC000C0
70.533432|211|Rx|d|8|8200FFFFA90000D1
70.533432|214|Rx|d|2|0
70.533432|1b0|Rx|d|4|FF00FFC4
70.533432|5de|Rx|d|8|2
70.543063|5df|Rx|d|3|9500
70.543063|211|Rx|d|8|8200FFFFA90000D1
70.543063|214|Rx|d|2|0
70.543063|1b0|Rx|d|4|FF00FFC4
70.543063|657|Rx|d|2|C0CC
70.543063|4ac|Rx|d|5|83762A0080
70.543063|45c|Rx|d|6|00000000FFE0
70.573925|211|Rx|d|8|8200FFFFA90000D1
70.573925|214|Rx|d|2|0
70.573925|218|Rx|d|1|98
70.573925|4fa|Rx|d|2|800
70.573925|671|Rx|d|2|200
70.573925|1b0|Rx|d|4|FF00FFC4
70.573925|211|Rx|d|8|8200FFFFA90000D1
70.573925|214|Rx|d|2|0
70.573925|1b0|Rx|d|4|FF00FFC4
70.593756|4f8|Rx|d|8|94C0000000000000
70.593756|211|Rx|d|8|8200FFFFA90000D1
70.593756|214|Rx|d|2|0
70.593756|350|Rx|d|8|C02F3AFA1870A489
70.593756|1b0|Rx|d|4|FF00FFC4
70.593756|4de|Rx|d|3|C00000
70.593756|55d|Rx|d|8|00FD50C091800000
70.606217|3b7|Rx|d|6|37007FC000C0
70.613288|211|Rx|d|8|8200FFFFA90000D1
70.613288|646|Rx|d|8|000000020000000C
70.623485|214|Rx|d|2|0
70.623485|1b0|Rx|d|4|FF00FFC4
70.623485|5de|Rx|d|8|2
70.623485|5df|Rx|d|3|9500
70.643672|211|Rx|d|8|8200FFFFA90000D1
70.643672|214|Rx|d|2|0
70.643672|1b0|Rx|d|4|FF00FFC4
70.643672|657|Rx|d|2|C0CC
70.643672|4ac|Rx|d|5|83752A0080
70.643672|45c|Rx|d|6|00000000FFE0
70.674132|211|Rx|d|8|8200FFFFA90000D1
70.674132|214|Rx|d|2|0
70.674132|218|Rx|d|1|98
70.674132|4fa|Rx|d|2|800
70.674132|671|Rx|d|2|200
70.674132|1b0|Rx|d|4|FF00FFC4
70.674132|211|Rx|d|8|8200FFFFA90000D1
70.674132|214|Rx|d|2|0
70.674132|1b0|Rx|d|4|FF00FFC4
70.703678|4f8|Rx|d|8|94C0000000000000
70.703678|211|Rx|d|8|8200FFFFA90000D1
70.703678|214|Rx|d|2|0
70.703678|350|Rx|d|8|C02F3AFA1870A489
70.703678|1b0|Rx|d|4|FF00FFC4
70.703678|4de|Rx|d|3|C00000
70.703678|55d|Rx|d|8|00FD50C091800000
70.703678|3b7|Rx|d|6|37007FC000C0
70.723498|211|Rx|d|8|8200FFFFA90000D1
70.723498|214|Rx|d|2|0
70.723498|1b0|Rx|d|4|FF00FFC4
70.723498|5de|Rx|d|8|2
70.733824|5df|Rx|d|3|9500
70.733824|211|Rx|d|8|8200FFFFA90000D1
70.733824|214|Rx|d|2|0
70.733824|1b0|Rx|d|4|FF00FFC4
70.733824|657|Rx|d|2|C0CC
70.733824|69f|Rx|d|4|0650859F
70.750617|4ac|Rx|d|5|83752A0080
70.750617|45c|Rx|d|6|00000000FFE0
70.750617|211|Rx|d|8|8200FFFFA90000D1
70.750617|214|Rx|d|2|0
70.750617|218|Rx|d|1|98
70.750617|4fa|Rx|d|2|800
70.750617|671|Rx|d|2|200
70.750617|1b0|Rx|d|4|FF00FFC4
70.769202|211|Rx|d|8|8200FFFFA90000D1
70.769202|214|Rx|d|2|0
70.769202|1b0|Rx|d|4|FF00FFC4
70.781195|4f8|Rx|d|8|94C0000000000000
70.789189|211|Rx|d|8|8200FFFFA90000D1
70.789189|214|Rx|d|2|0
70.793188|350|Rx|d|8|C02F3AFA1870A489
70.793188|1b0|Rx|d|4|FF00FFC4
70.793188|4de|Rx|d|3|C00000
70.793188|55d|Rx|d|8|00FD50C091800000
70.801182|3b7|Rx|d|6|37007FC000C0
70.809177|211|Rx|d|8|8200FFFFA90000D1
70.809177|214|Rx|d|2|0
70.811177|1b0|Rx|d|4|FF00FFC4
70.811177|5de|Rx|d|8|2
70.823168|5df|Rx|d|3|9500
70.829165|211|Rx|d|8|8200FFFFA90000D1
70.829165|214|Rx|d|2|0
70.831164|1b0|Rx|d|4|FF00FFC4
70.831164|657|Rx|d|2|C0CC
70.843157|4ac|Rx|d|5|83752A0080
70.843157|45c|Rx|d|6|00000000FFE0
70.849152|211|Rx|d|8|8200FFFFA90000D1
70.849152|214|Rx|d|2|0
70.849152|218|Rx|d|1|98
70.849152|4fa|Rx|d|2|800
70.849152|671|Rx|d|2|200
70.849152|1b0|Rx|d|4|FF00FFC4
70.869422|211|Rx|d|8|8200FFFFA90000D1
70.869422|214|Rx|d|2|0
70.873472|1b0|Rx|d|4|FF00FFC4
70.903514|4f8|Rx|d|8|94C0000000000000
70.907394|211|Rx|d|8|8200FFFFA90000D1
70.907394|214|Rx|d|2|0
70.907394|350|Rx|d|8|C02F3AFA1870A489
70.907394|1b0|Rx|d|4|FF00FFC4
70.907394|4de|Rx|d|3|C00000
70.907394|55d|Rx|d|8|00FD50C091800000
70.907394|3b7|Rx|d|6|37007FC000C0
70.907394|211|Rx|d|8|8200FFFFA90000D1
70.907394|214|Rx|d|2|0
70.918518|1b0|Rx|d|4|FF00FFC4
70.918518|5de|Rx|d|8|2
70.932303|5df|Rx|d|3|9500
70.932303|211|Rx|d|8|8200FFFFA90000D1
70.932303|214|Rx|d|2|0
70.932303|1b0|Rx|d|4|FF00FFC4
70.932303|657|Rx|d|2|C0CC
70.948224|4ac|Rx|d|5|83752A0080
70.948224|45c|Rx|d|6|00000000FFE0
70.948224|211|Rx|d|8|8200FFFFA90000D1
70.948224|214|Rx|d|2|0
70.948224|218|Rx|d|1|98
70.948224|4fa|Rx|d|2|800
70.948224|671|Rx|d|2|200
70.963203|1b0|Rx|d|4|FF00FFC4
70.974025|211|Rx|d|8|8200FFFFA90000D1
70.974025|214|Rx|d|2|0
70.974025|1b0|Rx|d|4|FF00FFC4
70.993181|4f8|Rx|d|8|94C0000000000000
70.993181|211|Rx|d|8|8200FFFFA90000D1
70.993181|214|Rx|d|2|0
70.993181|350|Rx|d|8|C02F3AFA1870A489
70.993181|1b0|Rx|d|4|FF00FFC4
70.993181|4de|Rx|d|3|C00000
70.993181|55d|Rx|d|8|00FD50C091800000
71.006242|3b7|Rx|d|6|37007FC000C0
71.018359|211|Rx|d|8|8200FFFFA90000D1
71.018359|214|Rx|d|2|0
71.018359|1b0|Rx|d|4|FF00FFC4
71.018359|5de|Rx|d|8|2
71.033748|5df|Rx|d|3|9500
71.033748|211|Rx|d|8|8200FFFFA90000D1
71.033748|214|Rx|d|2|0
71.033748|1b0|Rx|d|4|FF00FFC4
71.033748|657|Rx|d|2|C0CC
71.063845|4ac|Rx|d|5|83762A0080
71.063845|45c|Rx|d|6|00000000FFE0
71.063845|211|Rx|d|8|8200FFFFA90000D1
71.063845|214|Rx|d|2|0
71.063845|218|Rx|d|1|98
71.063845|4fa|Rx|d|2|800
71.063845|671|Rx|d|2|200
71.063845|1b0|Rx|d|4|FF00FFC4
71.083480|211|Rx|d|8|8200FFFFA90000D1
71.083480|214|Rx|d|2|0
71.083480|1b0|Rx|d|4|FF00FFC4
71.083480|4f8|Rx|d|8|94C0000000000000
71.102875|211|Rx|d|8|8200FFFFA90000D1
71.102875|214|Rx|d|2|0
71.102875|350|Rx|d|8|C02F3AFA1870A489
71.102875|1b0|Rx|d|4|FF00FFC4
71.102875|4de|Rx|d|3|C00000
71.102875|55d|Rx|d|8|00FD50C091800000
71.102875|3b7|Rx|d|6|37007FC000C0
71.113357|211|Rx|d|8|8200FFFFA90000D1
71.113357|646|Rx|d|8|000000020000000C
71.113357|214|Rx|d|2|0
71.113357|1b0|Rx|d|4|FF00FFC4
71.113357|5de|Rx|d|8|2
71.133502|5df|Rx|d|3|9500
71.133502|211|Rx|d|8|8200FFFFA90000D1
71.133502|214|Rx|d|2|0
71.138508|1b0|Rx|d|4|FF00FFC4
71.138508|657|Rx|d|2|C0CC
71.152504|4ac|Rx|d|5|83752A0080
71.152504|45c|Rx|d|6|00000000FFE0
71.163593|211|Rx|d|8|8200FFFFA90000D1
71.163593|214|Rx|d|2|0
71.163593|218|Rx|d|1|98
71.163593|4fa|Rx|d|2|800
71.163593|671|Rx|d|2|200
71.163593|1b0|Rx|d|4|FF00FFC4
71.183022|211|Rx|d|8|8200FFFFA90000D1
71.183022|214|Rx|d|2|0
71.183022|1b0|Rx|d|4|FF00FFC4
71.188282|4f8|Rx|d|8|94C0000000000000
71.188282|211|Rx|d|8|8200FFFFA90000D1
71.188282|214|Rx|d|2|0
71.206452|350|Rx|d|8|C02F3AFA1870A489
71.206452|1b0|Rx|d|4|FF00FFC4
71.206452|4de|Rx|d|3|C00000
71.206452|55d|Rx|d|8|00FD50C091800000
71.206452|3b7|Rx|d|6|37007FC000C0
71.206452|211|Rx|d|8|8200FFFFA90000D1
71.206452|214|Rx|d|2|0
71.227702|1b0|Rx|d|4|FF00FFC4
71.227702|5de|Rx|d|8|2
71.227702|5df|Rx|d|3|9500
71.229610|211|Rx|d|8|8200FFFFA90000D1
71.229610|214|Rx|d|2|0
71.229610|1b0|Rx|d|4|FF00FFC4
71.229610|657|Rx|d|2|C0CC
71.242533|4ac|Rx|d|5|83752A0080
71.242533|45c|Rx|d|6|00000000FFE0
71.248528|211|Rx|d|8|8200FFFFA90000D1
71.248528|214|Rx|d|2|0
71.248528|218|Rx|d|1|98
71.248528|4fa|Rx|d|2|800
71.248528|671|Rx|d|2|200
71.254522|1b0|Rx|d|4|FF00FFC4
71.268514|211|Rx|d|8|8200FFFFA90000D1
71.268514|214|Rx|d|2|0
71.272511|1b0|Rx|d|4|FF00FFC4
71.280506|4f8|Rx|d|8|94C0000000000000
71.288505|211|Rx|d|8|8200FFFFA90000D1
71.288505|214|Rx|d|2|0
71.292498|350|Rx|d|8|C02F3AFA1870A489
71.292498|1b0|Rx|d|4|FF00FFC4
71.292498|4de|Rx|d|3|C00000
71.292498|55d|Rx|d|8|00FD50C091800000
71.300494|3b7|Rx|d|6|37007FC000C0
71.308489|211|Rx|d|8|8200FFFFA90000D1
71.308489|214|Rx|d|2|0
71.314486|1b0|Rx|d|4|FF00FFC4
71.314486|5de|Rx|d|8|2
71.322480|5df|Rx|d|3|9500
71.328476|211|Rx|d|8|8200FFFFA90000D1
71.328476|214|Rx|d|2|0
71.334475|1b0|Rx|d|4|FF00FFC4
71.334475|657|Rx|d|2|C0CC
71.342468|4ac|Rx|d|5|83752A0080
71.342468|45c|Rx|d|6|00000000FFE0
71.348469|211|Rx|d|8|8200FFFFA90000D1
71.348469|214|Rx|d|2|0
71.348469|218|Rx|d|1|98
71.348469|4fa|Rx|d|2|800
71.348469|671|Rx|d|2|200
71.358469|1b0|Rx|d|4|FF00FFC4
71.383406|211|Rx|d|8|8200FFFFA90000D1
71.383406|214|Rx|d|2|0
71.383406|1b0|Rx|d|4|FF00FFC4
71.393943|4f8|Rx|d|8|94C0000000000000
71.393943|211|Rx|d|8|8200FFFFA90000D1
71.393943|214|Rx|d|2|0
71.393943|350|Rx|d|8|C02F3AFA1870A489
71.393943|1b0|Rx|d|4|FF00FFC4
71.393943|4de|Rx|d|3|C00000
71.393943|55d|Rx|d|8|00FD50C091800000
71.413797|3b7|Rx|d|6|37007FC000C0
71.413797|211|Rx|d|8|8200FFFFA90000D1
71.413797|214|Rx|d|2|0
71.413797|1b0|Rx|d|4|FF00FFC4
71.413797|5de|Rx|d|8|2
71.438591|5df|Rx|d|3|9500
71.438591|211|Rx|d|8|8200FFFFA90000D1
71.438591|214|Rx|d|2|0
71.438591|1b0|Rx|d|4|FF00FFC4
71.438591|657|Rx|d|2|C0CC
71.453462|4ac|Rx|d|5|83752A0080
71.453462|45c|Rx|d|6|00000000FFE0
71.463540|211|Rx|d|8|8200FFFFA90000D1
71.463540|214|Rx|d|2|0
71.463540|218|Rx|d|1|98
71.463540|4fa|Rx|d|2|800
71.463540|671|Rx|d|2|200
71.463540|1b0|Rx|d|4|FF00FFC4
71.471395|211|Rx|d|8|8200FFFFA90000D1
71.471395|214|Rx|d|2|0
71.471395|1b0|Rx|d|4|FF00FFC4
71.479378|4f8|Rx|d|8|94C0000000000000
71.489372|211|Rx|d|8|8200FFFFA90000D1
71.489372|214|Rx|d|2|0
71.489372|350|Rx|d|8|C02F3AFA1870A489
71.489372|1b0|Rx|d|4|FF00FFC4
71.489372|4de|Rx|d|3|C00000
71.489372|55d|Rx|d|8|00FD50C091800000
71.499365|3b7|Rx|d|6|37007FC000C0
71.509359|211|Rx|d|8|8200FFFFA90000D1
71.509359|214|Rx|d|2|0
71.511358|1b0|Rx|d|4|FF00FFC4
71.511358|5de|Rx|d|8|2
71.521352|5df|Rx|d|3|9500
71.529347|211|Rx|d|8|8200FFFFA90000D1
71.529347|214|Rx|d|2|0
71.529347|1b0|Rx|d|4|FF00FFC4
71.529347|657|Rx|d|2|C0CC
71.541340|4ac|Rx|d|5|83762A0080
71.541340|45c|Rx|d|6|00000000FFE0
71.549335|211|Rx|d|8|8200FFFFA90000D1
71.549335|214|Rx|d|2|0
71.549335|218|Rx|d|1|98
71.549335|4fa|Rx|d|2|800
71.549335|671|Rx|d|2|200
71.551334|1b0|Rx|d|4|FF00FFC4
71.569323|211|Rx|d|8|8200FFFFA90000D1
71.569323|214|Rx|d|2|0
71.571321|1b0|Rx|d|4|FF00FFC4
71.579317|4f8|Rx|d|8|94C0000000000000
71.589310|211|Rx|d|8|8200FFFFA90000D1
71.589310|214|Rx|d|2|0
71.589310|350|Rx|d|8|C02F3AFA1870A489
71.589310|1b0|Rx|d|4|FF00FFC4
71.591309|4de|Rx|d|3|C00000
71.591309|55d|Rx|d|8|00FD50C091800000
71.603597|3b7|Rx|d|6|37007FC000C0
71.623453|211|Rx|d|8|8200FFFFA90000D1
71.623453|646|Rx|d|8|000000020000000C
71.623453|214|Rx|d|2|0
71.623453|1b0|Rx|d|4|FF00FFC4
71.623453|5de|Rx|d|8|2
71.623453|5df|Rx|d|3|9500
71.643783|211|Rx|d|8|8200FFFFA90000D1
71.643783|214|Rx|d|2|0
71.643783|1b0|Rx|d|4|FF00FFC4
71.643783|657|Rx|d|2|C0CC
71.643783|4ac|Rx|d|5|83752A0080
71.643783|45c|Rx|d|6|00000000FFE0
71.663451|211|Rx|d|8|8200FFFFA90000D1
71.663451|214|Rx|d|2|0
71.663451|218|Rx|d|1|98
71.663451|4fa|Rx|d|2|800
71.663451|671|Rx|d|2|200
71.663451|1b0|Rx|d|4|FF00FFC4
71.673448|211|Rx|d|8|8200FFFFA90000D1
71.673448|214|Rx|d|2|0
71.684067|1b0|Rx|d|4|FF00FFC4
71.684067|4f8|Rx|d|8|94C0000000000000
71.703394|211|Rx|d|8|8200FFFFA90000D1
71.703394|214|Rx|d|2|0
71.703394|350|Rx|d|8|C02F3AFA1870A489
71.703394|1b0|Rx|d|4|FF00FFC4
71.703394|4de|Rx|d|3|C00000
71.703394|55d|Rx|d|8|00FD50C091800000
71.703394|3b7|Rx|d|6|37007FC000C0
71.713599|211|Rx|d|8|8200FFFFA90000D1
71.713599|214|Rx|d|2|0
71.713599|1b0|Rx|d|4|FF00FFC4
71.713599|5de|Rx|d|8|2
71.743724|5df|Rx|d|3|9500
71.743724|211|Rx|d|8|8200FFFFA90000D1
71.743724|214|Rx|d|2|0
71.743724|1b0|Rx|d|4|FF00FFC4
71.743724|657|Rx|d|2|C0CC
71.743724|69f|Rx|d|4|0650859F
71.753404|4ac|Rx|d|5|83752A0080
71.753404|45c|Rx|d|6|00000000FFE0
71.753404|211|Rx|d|8|8200FFFFA90000D1
71.753404|214|Rx|d|2|0
71.753404|218|Rx|d|1|98
71.753404|4fa|Rx|d|2|800
71.753404|671|Rx|d|2|200
71.753404|1b0|Rx|d|4|FF00FFC4
71.783186|211|Rx|d|8|8200FFFFA90000D1
71.783186|214|Rx|d|2|0
71.783186|1b0|Rx|d|4|FF00FFC4
71.783186|4f8|Rx|d|8|94C0000000000000
71.798688|211|Rx|d|8|8200FFFFA90000D1
71.798688|214|Rx|d|2|0
71.798688|350|Rx|d|8|C02F3AFA1870A489
71.798688|1b0|Rx|d|4|FF00FFC4
71.798688|4de|Rx|d|3|C00000
71.798688|55d|Rx|d|8|00FD50C091800000
71.798688|3b7|Rx|d|6|37007FC000C0
71.813455|211|Rx|d|8|8200FFFFA90000D1
71.813455|214|Rx|d|2|0
71.823618|1b0|Rx|d|4|FF00FFC4
71.823618|5de|Rx|d|8|2
71.828498|5df|Rx|d|3|9500
71.828498|211|Rx|d|8|8200FFFFA90000D1
71.828498|214|Rx|d|2|0
71.828498|1b0|Rx|d|4|FF00FFC4
71.828498|657|Rx|d|2|C0CC
71.853906|4ac|Rx|d|5|83752A0080
71.853906|45c|Rx|d|6|00000000FFE0
71.853906|211|Rx|d|8|8200FFFFA90000D1
71.853906|214|Rx|d|2|0
71.853906|218|Rx|d|1|98
71.853906|4fa|Rx|d|2|800
71.853906|671|Rx|d|2|200
71.853906|1b0|Rx|d|4|FF00FFC4
71.883579|211|Rx|d|8|8200FFFFA90000D1
71.883579|214|Rx|d|2|0
71.883579|1b0|Rx|d|4|FF00FFC4
71.883579|4f8|Rx|d|8|94C0000000000000
71.903438|211|Rx|d|8|8200FFFFA90000D1
71.903438|214|Rx|d|2|0
71.903438|350|Rx|d|8|C02F3AFA1870A489
71.903438|1b0|Rx|d|4|FF00FFC4
71.903438|4de|Rx|d|3|C00000
71.903438|55d|Rx|d|8|00FD50C091800000
71.903438|3b7|Rx|d|6|37007FC000C0
71.913752|211|Rx|d|8|8200FFFFA90000D1
71.913752|214|Rx|d|2|0
71.918462|1b0|Rx|d|4|FF00FFC4
71.918462|5de|Rx|d|8|2
71.918462|5df|Rx|d|3|9500
71.933540|211|Rx|d|8|8200FFFFA90000D1
71.933800|214|Rx|d|2|0
71.933800|1b0|Rx|d|4|FF00FFC4
71.933800|657|Rx|d|2|C0CC
71.948250|4ac|Rx|d|5|83752A0080
71.948250|45c|Rx|d|6|00000000FFE0
71.951643|211|Rx|d|8|8200FFFFA90000D1
71.951643|214|Rx|d|2|0
71.951643|218|Rx|d|1|98
71.951643|4fa|Rx|d|2|800
71.951643|671|Rx|d|2|200
71.951643|1b0|Rx|d|4|FF00FFC4
71.973376|211|Rx|d|8|8200FFFFA90000D1
71.973376|214|Rx|d|2|0
71.973376|1b0|Rx|d|4|FF00FFC4
71.983676|4f8|Rx|d|8|94C0000000000000
71.993744|211|Rx|d|8|8200FFFFA90000D1
71.993744|214|Rx|d|2|0
71.993744|350|Rx|d|8|C02F3AFA1870A489
71.993744|1b0|Rx|d|4|FF00FFC4
71.993744|4de|Rx|d|3|C00000
71.993744|55d|Rx|d|8|00FD50C091800000
72.010071|3b7|Rx|d|6|37007FC000C0
72.010071|211|Rx|d|8|8200FFFFA90000D1
72.010071|214|Rx|d|2|0
72.013849|1b0|Rx|d|4|FF00FFC4
72.013849|5de|Rx|d|8|2
72.020351|5df|Rx|d|3|9500
72.030071|211|Rx|d|8|8200FFFFA90000D1
72.030071|214|Rx|d|2|0
72.030071|1b0|Rx|d|4|FF00FFC4
72.030071|657|Rx|d|2|C0CC
72.043564|4ac|Rx|d|5|83752A0080
72.043564|45c|Rx|d|6|00000000FFE0
72.049934|211|Rx|d|8|8200FFFFA90000D1
72.049934|214|Rx|d|2|0
72.049934|218|Rx|d|1|98
72.049934|4fa|Rx|d|2|800
72.049934|671|Rx|d|2|200
72.053481|1b0|Rx|d|4|FF00FFC4
72.073168|211|Rx|d|8|8200FFFFA90000D1
72.073168|214|Rx|d|2|0
72.073168|1b0|Rx|d|4|FF00FFC4
72.093885|4f8|Rx|d|8|94C0000000000000
72.093885|211|Rx|d|8|8200FFFFA90000D1
72.093885|214|Rx|d|2|0
72.093885|6fb|Rx|d|8|0F01A454FF0000FF
72.093885|350|Rx|d|8|C02F3AFA1870A489
72.093885|1b0|Rx|d|4|FF00FFC4
72.093885|4de|Rx|d|3|C00000
72.093885|55d|Rx|d|8|00FD50C091800000
72.123848|3b7|Rx|d|6|37007FC000C0
72.123848|211|Rx|d|8|8200FFFFA90000D1
72.123848|214|Rx|d|2|0
72.123848|646|Rx|d|8|000000020000000C
72.123848|1b0|Rx|d|4|FF00FFC4
72.123848|5de|Rx|d|8|2
72.123848|5ce|Rx|d|3|FEFF00
72.123848|5df|Rx|d|3|9500
72.142674|211|Rx|d|8|8200FFFFA90000D1
72.142674|214|Rx|d|2|0
72.142674|1b0|Rx|d|4|FF00FFC4
72.142674|657|Rx|d|2|C0CC
72.142674|4ac|Rx|d|5|83752A0080
72.142674|45c|Rx|d|6|00000000FFE0
72.173731|211|Rx|d|8|8200FFFFA90000D1
72.173731|214|Rx|d|2|0
72.173731|218|Rx|d|1|98
72.173731|4fa|Rx|d|2|800
72.173731|671|Rx|d|2|200
72.173731|1b0|Rx|d|4|FF00FFC4
72.173731|211|Rx|d|8|8200FFFFA90000D1
72.173731|214|Rx|d|2|0
72.173731|1b0|Rx|d|4|FF00FFC4
72.187664|4f8|Rx|d|8|94C0000000000000
72.187664|211|Rx|d|8|8200FFFFA90000D1
72.187664|214|Rx|d|2|0
72.208157|350|Rx|d|8|C02F3AFA1870A489
72.208157|1b0|Rx|d|4|FF00FFC4
72.208157|4de|Rx|d|3|C00000
72.208157|55d|Rx|d|8|00FD50C091800000
72.208157|3b7|Rx|d|6|37007FC000C0
72.208157|211|Rx|d|8|8200FFFFA90000D1
72.208157|214|Rx|d|2|0
72.208157|1b0|Rx|d|4|FF00FFC4
72.213191|5de|Rx|d|8|2
72.233169|5df|Rx|d|3|9500
72.233169|211|Rx|d|8|8200FFFFA90000D1
72.233169|214|Rx|d|2|0
72.233169|1b0|Rx|d|4|FF00FFC4
72.233169|657|Rx|d|2|C0CC
72.253798|4ac|Rx|d|5|83762A0080
72.253798|45c|Rx|d|6|00000000FFE0
72.253798|211|Rx|d|8|8200FFFFA90000D1
72.253798|214|Rx|d|2|0
72.253798|218|Rx|d|1|98
72.253798|4fa|Rx|d|2|800
72.253798|671|Rx|d|2|200
72.253798|1b0|Rx|d|4|FF00FFC4
72.278249|211|Rx|d|8|8200FFFFA90000D1
72.278249|214|Rx|d|2|0
72.278249|1b0|Rx|d|4|FF00FFC4
72.278249|4f8|Rx|d|8|94C0000000000000
72.293544|211|Rx|d|8|8200FFFFA90000D1
72.293544|214|Rx|d|2|0
72.293544|350|Rx|d|8|C02F3AFA1870A489
72.293544|1b0|Rx|d|4|FF00FFC4
72.293544|4de|Rx|d|3|C00000
72.293544|55d|Rx|d|8|00FD50C091800000
72.313824|3b7|Rx|d|6|37007FC000C0
72.313824|211|Rx|d|8|8200FFFFA90000D1
72.313824|214|Rx|d|2|0
72.313824|1b0|Rx|d|4|FF00FFC4
72.313824|5de|Rx|d|8|2
72.343371|5df|Rx|d|3|9500
72.343371|211|Rx|d|8|8200FFFFA90000D1
72.343371|214|Rx|d|2|0
72.343371|1b0|Rx|d|4|FF00FFC4
72.343371|657|Rx|d|2|C0CC
72.343371|4ac|Rx|d|5|83752A0080
72.343371|45c|Rx|d|6|00000000FFE0
72.373454|211|Rx|d|8|8200FFFFA90000D1
72.373454|214|Rx|d|2|0
72.373454|218|Rx|d|1|98
72.373454|4fa|Rx|d|2|800
72.373454|671|Rx|d|2|200
72.373454|1b0|Rx|d|4|FF00FFC4
72.373454|211|Rx|d|8|8200FFFFA90000D1
72.373454|214|Rx|d|2|0
72.373454|1b0|Rx|d|4|FF00FFC4
72.393686|4f8|Rx|d|8|94C0000000000000
72.393686|211|Rx|d|8|8200FFFFA90000D1
72.393686|214|Rx|d|2|0
72.393686|350|Rx|d|8|C02F3AFA1870A489
72.393686|1b0|Rx|d|4|FF00FFC4
72.393686|4de|Rx|d|3|C00000
72.393686|55d|Rx|d|8|00FD50C091800000
72.416894|3b7|Rx|d|6|37007FC000C0
72.416894|211|Rx|d|8|8200FFFFA90000D1
72.416894|214|Rx|d|2|0
72.416894|1b0|Rx|d|4|FF00FFC4
72.416894|5de|Rx|d|8|2
72.420954|5df|Rx|d|3|9500
72.443885|211|Rx|d|8|8200FFFFA90000D1
72.443885|214|Rx|d|2|0
72.443885|1b0|Rx|d|4|FF00FFC4
72.443885|657|Rx|d|2|C0CC
72.443885|4ac|Rx|d|5|83752A0080
72.443885|45c|Rx|d|6|00000000FFE0
72.458462|211|Rx|d|8|8200FFFFA90000D1
72.458462|214|Rx|d|2|0
72.458462|218|Rx|d|1|98
72.458462|4fa|Rx|d|2|800
72.458462|671|Rx|d|2|200
72.458462|1b0|Rx|d|4|FF00FFC4
72.478283|211|Rx|d|8|8200FFFFA90000D1
72.478283|214|Rx|d|2|0
72.478283|1b0|Rx|d|4|FF00FFC4
72.478283|4f8|Rx|d|8|94C0000000000000
72.502635|211|Rx|d|8|8200FFFFA90000D1
72.502635|214|Rx|d|2|0
72.502635|350|Rx|d|8|C02F3AFA1870A489
72.502635|1b0|Rx|d|4|FF00FFC4
72.502635|4de|Rx|d|3|C00000
72.502635|55d|Rx|d|8|00FD50C091800000
72.502635|3b7|Rx|d|6|37007FC000C0
72.533286|211|Rx|d|8|8200FFFFA90000D1
72.533286|214|Rx|d|2|0
72.533286|1b0|Rx|d|4|FF00FFC4
72.533286|5de|Rx|d|8|2
72.533286|5df|Rx|d|3|9500
72.536871|211|Rx|d|8|8200FFFFA90000D1
72.536871|214|Rx|d|2|0
72.536871|1b0|Rx|d|4|FF00FFC4
72.536871|657|Rx|d|2|C0CC
72.553422|4ac|Rx|d|5|83752A0080
72.553422|45c|Rx|d|6|00000000FFE0
72.553422|211|Rx|d|8|8200FFFFA90000D1
72.553422|214|Rx|d|2|0
72.553422|218|Rx|d|1|98
72.553422|4fa|Rx|d|2|800
72.553422|671|Rx|d|2|200
72.553422|1b0|Rx|d|4|FF00FFC4
72.578667|211|Rx|d|8|8200FFFFA90000D1
72.578667|214|Rx|d|2|0
72.578667|1b0|Rx|d|4|FF00FFC4
72.578667|4f8|Rx|d|8|94C0000000000000
72.598489|211|Rx|d|8|8200FFFFA90000D1
72.598489|214|Rx|d|2|0
72.598489|350|Rx|d|8|C02F3AFA1870A489
72.598489|1b0|Rx|d|4|FF00FFC4
72.598489|4de|Rx|d|3|C00000
72.598489|55d|Rx|d|8|00FD50C091800000
72.603558|3b7|Rx|d|6|37007FC000C0
72.623423|211|Rx|d|8|8200FFFFA90000D1
72.623423|646|Rx|d|8|000000020000000C
72.623423|214|Rx|d|2|0
72.623423|1b0|Rx|d|4|FF00FFC4
72.623423|5de|Rx|d|8|2
72.633475|5df|Rx|d|3|9500
72.633475|211|Rx|d|8|8200FFFFA90000D1
72.633475|214|Rx|d|2|0
72.633475|1b0|Rx|d|4|FF00FFC4
72.633475|657|Rx|d|2|C0CC
72.650337|4ac|Rx|d|5|83762A0080
72.650337|45c|Rx|d|6|00000000FFE0
72.650337|211|Rx|d|8|8200FFFFA90000D1
72.650337|214|Rx|d|2|0
72.650337|218|Rx|d|1|98
72.650337|4fa|Rx|d|2|800
72.650337|671|Rx|d|2|200
72.650337|1b0|Rx|d|4|FF00FFC4
72.673601|211|Rx|d|8|8200FFFFA90000D1
72.673601|214|Rx|d|2|0
72.673601|1b0|Rx|d|4|FF00FFC4
72.683618|4f8|Rx|d|8|94C0000000000000
72.693217|211|Rx|d|8|8200FFFFA90000D1
72.693217|214|Rx|d|2|0
72.703491|350|Rx|d|8|C02F3AFA1870A489
72.703491|1b0|Rx|d|4|FF00FFC4
72.703491|4de|Rx|d|3|C00000
72.703491|55d|Rx|d|8|00FD50C091800000
72.703491|3b7|Rx|d|6|37007FC000C0
72.733368|211|Rx|d|8|8200FFFFA90000D1
72.733368|214|Rx|d|2|0
72.733368|1b0|Rx|d|4|FF00FFC4
72.733368|5de|Rx|d|8|2
72.733368|5df|Rx|d|3|9500
72.733368|211|Rx|d|8|8200FFFFA90000D1
72.733368|214|Rx|d|2|0
72.733368|1b0|Rx|d|4|FF00FFC4
72.733368|657|Rx|d|2|C0CC
72.733368|69f|Rx|d|4|0650859F
72.753722|4ac|Rx|d|5|83752A0080
72.753722|45c|Rx|d|6|00000000FFE0
72.753722|211|Rx|d|8|8200FFFFA90000D1
72.753722|214|Rx|d|2|0
72.753722|218|Rx|d|1|98
72.753722|4fa|Rx|d|2|800
72.753722|671|Rx|d|2|200
72.753722|1b0|Rx|d|4|FF00FFC4
72.773500|211|Rx|d|8|8200FFFFA90000D1
72.773500|214|Rx|d|2|0
72.773500|1b0|Rx|d|4|FF00FFC4
72.793849|4f8|Rx|d|8|94C0000000000000
72.793849|211|Rx|d|8|8200FFFFA90000D1
72.793849|214|Rx|d|2|0
72.793849|350|Rx|d|8|C02F3AFA1870A489
72.793849|1b0|Rx|d|4|FF00FFC4
72.793849|4de|Rx|d|3|C00000
72.793849|55d|Rx|d|8|00FD50C091800000
72.822999|3b7|Rx|d|6|37007FC000C0
72.822999|211|Rx|d|8|8200FFFFA90000D1
72.822999|214|Rx|d|2|0
72.822999|1b0|Rx|d|4|FF00FFC4
72.822999|5de|Rx|d|8|2
72.822999|5df|Rx|d|3|9500
72.843867|211|Rx|d|8|8200FFFFA90000D1
72.843867|214|Rx|d|2|0
72.843867|1b0|Rx|d|4|FF00FFC4
72.843867|657|Rx|d|2|C0CC
72.843867|4ac|Rx|d|5|83752A0080
72.843867|45c|Rx|d|6|00000000FFE0
72.863689|211|Rx|d|8|8200FFFFA90000D1
72.863689|214|Rx|d|2|0
72.863689|218|Rx|d|1|98
72.863689|4fa|Rx|d|2|800
72.863689|671|Rx|d|2|200
72.863689|1b0|Rx|d|4|FF00FFC4
72.873497|211|Rx|d|8|8200FFFFA90000D1
72.873497|214|Rx|d|2|0
72.873497|1b0|Rx|d|4|FF00FFC4
72.883350|4f8|Rx|d|8|94C0000000000000
72.893546|211|Rx|d|8|8200FFFFA90000D1
72.893546|214|Rx|d|2|0
72.899618|350|Rx|d|8|C02F3AFA1870A489
72.899618|1b0|Rx|d|4|FF00FFC4
72.899618|4de|Rx|d|3|C00000
72.899618|55d|Rx|d|8|00FD50C091800000
72.899618|3b7|Rx|d|6|37007FC000C0
72.913573|211|Rx|d|8|8200FFFFA90000D1
72.913573|214|Rx|d|2|0
72.913573|1b0|Rx|d|4|FF00FFC4
72.913573|5de|Rx|d|8|2
72.923379|5df|Rx|d|3|9500
72.933636|211|Rx|d|8|8200FFFFA90000D1
72.933636|214|Rx|d|2|0
72.933636|1b0|Rx|d|4|FF00FFC4
72.933636|657|Rx|d|2|C0CC
72.943768|4ac|Rx|d|5|83752A0080
72.943768|45c|Rx|d|6|00000000FFE0
72.953464|211|Rx|d|8|8200FFFFA90000D1
72.953464|214|Rx|d|2|0
72.953464|218|Rx|d|1|98
72.953464|4fa|Rx|d|2|800
72.953464|671|Rx|d|2|200
72.953464|1b0|Rx|d|4|FF00FFC4
72.973168|211|Rx|d|8|8200FFFFA90000D1
72.973168|214|Rx|d|2|0
72.973168|1b0|Rx|d|4|FF00FFC4
72.983561|4f8|Rx|d|8|94C0000000000000
72.998322|211|Rx|d|8|8200FFFFA90000D1
72.998322|214|Rx|d|2|0
72.998322|350|Rx|d|8|C02F3AFA1870A489
72.998322|1b0|Rx|d|4|FF00FFC4
72.998322|4de|Rx|d|3|C00000
72.998322|55d|Rx|d|8|00FD50C091800000
73.003516|3b7|Rx|d|6|37007FC000C0
73.013538|211|Rx|d|8|8200FFFFA90000D1
73.013538|214|Rx|d|2|0
73.018695|1b0|Rx|d|4|FF00FFC4
73.018695|5de|Rx|d|8|2
73.018695|5df|Rx|d|3|9500
73.043069|211|Rx|d|8|8200FFFFA90000D1
73.043069|214|Rx|d|2|0
73.043069|1b0|Rx|d|4|FF00FFC4
73.043069|657|Rx|d|2|C0CC
73.043069|4ac|Rx|d|5|83762A0080
73.043069|45c|Rx|d|6|00000000FFE0
73.073808|211|Rx|d|8|8200FFFFA90000D1
73.073808|214|Rx|d|2|0
73.073808|218|Rx|d|1|98
73.073808|4fa|Rx|d|2|800
73.073808|671|Rx|d|2|200
73.073808|1b0|Rx|d|4|FF00FFC4
73.073808|211|Rx|d|8|8200FFFFA90000D1
73.073808|214|Rx|d|2|0
73.073808|1b0|Rx|d|4|FF00FFC4
73.088324|4f8|Rx|d|8|94C0000000000000
73.088324|211|Rx|d|8|8200FFFFA90000D1
73.088324|214|Rx|d|2|0
73.088324|350|Rx|d|8|C02F3AFA1870A489
73.088324|1b0|Rx|d|4|FF00FFC4
73.088324|4de|Rx|d|3|C00000
73.088324|55d|Rx|d|8|00FD50C091800000
73.103463|3b7|Rx|d|6|37007FC000C0
73.120823|211|Rx|d|8|8200FFFFA90000D1
73.120823|214|Rx|d|2|0
73.120823|646|Rx|d|8|000000020000000C
73.120823|1b0|Rx|d|4|FF00FFC4
73.120823|5de|Rx|d|8|2
73.120823|5df|Rx|d|3|9500
73.143941|211|Rx|d|8|8200FFFFA90000D1
73.143941|214|Rx|d|2|0
73.143941|1b0|Rx|d|4|FF00FFC4
73.143941|657|Rx|d|2|C0CC
73.143941|4ac|Rx|d|5|83752A0080
73.143941|45c|Rx|d|6|00000000FFE0
73.173843|211|Rx|d|8|8200FFFFA90000D1
73.173843|214|Rx|d|2|0
73.173843|218|Rx|d|1|98
73.173843|4fa|Rx|d|2|800
73.173843|671|Rx|d|2|200
73.173843|1b0|Rx|d|4|FF00FFC4
73.173843|211|Rx|d|8|8200FFFFA90000D1
73.173843|214|Rx|d|2|0
73.173843|1b0|Rx|d|4|FF00FFC4
73.188629|4f8|Rx|d|8|94C0000000000000
73.193763|211|Rx|d|8|8200FFFFA90000D1
73.193763|214|Rx|d|2|0
73.193763|350|Rx|d|8|C02F3AFA1870A489
73.193763|1b0|Rx|d|4|FF00FFC4
73.193763|4de|Rx|d|3|C00000
73.193763|55d|Rx|d|8|00FD50C091800000
73.208452|3b7|Rx|d|6|37007FC000C0
73.213557|211|Rx|d|8|8200FFFFA90000D1
73.213557|214|Rx|d|2|0
73.213557|1b0|Rx|d|4|FF00FFC4
73.213557|5de|Rx|d|8|2
73.223479|5df|Rx|d|3|9500
73.243687|211|Rx|d|8|8200FFFFA90000D1
73.243687|214|Rx|d|2|0
73.243687|1b0|Rx|d|4|FF00FFC4
73.243687|657|Rx|d|2|C0CC
73.243687|4ac|Rx|d|5|83752A0080
73.243687|45c|Rx|d|6|00000000FFE0
73.263909|211|Rx|d|8|8200FFFFA90000D1
73.263909|214|Rx|d|2|0
73.263909|218|Rx|d|1|98
73.263909|4fa|Rx|d|2|800
73.263909|671|Rx|d|2|200
73.263909|1b0|Rx|d|4|FF00FFC4
73.273497|211|Rx|d|8|8200FFFFA90000D1
73.273497|214|Rx|d|2|0
73.273497|1b0|Rx|d|4|FF00FFC4
73.283282|4f8|Rx|d|8|94C0000000000000
73.303932|211|Rx|d|8|8200FFFFA90000D1
73.303932|214|Rx|d|2|0
73.303932|350|Rx|d|8|C02F3AFA1870A489
73.303932|1b0|Rx|d|4|FF00FFC4
73.303932|4de|Rx|d|3|C00000
73.303932|55d|Rx|d|8|00FD50C091800000
73.303932|3b7|Rx|d|6|37007FC000C0
73.323243|211|Rx|d|8|8200FFFFA90000D1
73.323243|214|Rx|d|2|0
73.323243|1b0|Rx|d|4|FF00FFC4
73.323243|5de|Rx|d|8|2
73.323243|5df|Rx|d|3|9500
73.353246|211|Rx|d|8|8200FFFFA90000D1
73.353246|214|Rx|d|2|0
73.353246|1b0|Rx|d|4|FF00FFC4
73.353246|657|Rx|d|2|C0CC
73.353246|4ac|Rx|d|5|83752A0080
73.353246|45c|Rx|d|6|00000000FFE0
73.353246|211|Rx|d|8|8200FFFFA90000D1
73.353246|214|Rx|d|2|0
73.353246|218|Rx|d|1|98
73.353246|4fa|Rx|d|2|800
73.353246|671|Rx|d|2|200
73.353742|1b0|Rx|d|4|FF00FFC4
73.379283|211|Rx|d|8|8200FFFFA90000D1
73.379283|214|Rx|d|2|0
73.379283|1b0|Rx|d|4|FF00FFC4
73.379283|4f8|Rx|d|8|94C0000000000000
73.403676|211|Rx|d|8|8200FFFFA90000D1
73.403676|214|Rx|d|2|0
73.403676|350|Rx|d|8|C02F3AFA1870A489
73.403676|1b0|Rx|d|4|FF00FFC4
73.403676|4de|Rx|d|3|C00000
73.403676|55d|Rx|d|8|00FD50C091800000
73.403676|3b7|Rx|d|6|37007FC000C0
73.433877|211|Rx|d|8|8200FFFFA90000D1
73.433877|214|Rx|d|2|0
73.433877|1b0|Rx|d|4|FF00FFC4
73.433877|5de|Rx|d|8|2
73.433877|5df|Rx|d|3|9500
73.433877|211|Rx|d|8|8200FFFFA90000D1
73.433877|214|Rx|d|2|0
73.433877|1b0|Rx|d|4|FF00FFC4
73.433877|657|Rx|d|2|C0CC
73.462707|4ac|Rx|d|5|83762A0080
73.462707|45c|Rx|d|6|00000000FFE0
73.462707|211|Rx|d|8|8200FFFFA90000D1
73.462707|214|Rx|d|2|0
73.462707|218|Rx|d|1|98
73.462707|4fa|Rx|d|2|800
73.462707|671|Rx|d|2|200
73.462707|1b0|Rx|d|4|FF00FFC4
73.478349|211|Rx|d|8|8200FFFFA90000D1
73.478349|214|Rx|d|2|0
73.478349|1b0|Rx|d|4|FF00FFC4
73.483478|4f8|Rx|d|8|94C0000000000000
73.498348|211|Rx|d|8|8200FFFFA90000D1
73.498348|214|Rx|d|2|0
73.498348|350|Rx|d|8|C02F3AFA1870A489
73.498348|1b0|Rx|d|4|FF00FFC4
73.498348|4de|Rx|d|3|C00000
73.498348|55d|Rx|d|8|00FD50C091800000
73.498348|3b7|Rx|d|6|37007FC000C0
73.522803|211|Rx|d|8|8200FFFFA90000D1
73.522803|214|Rx|d|2|0
73.522803|1b0|Rx|d|4|FF00FFC4
73.523143|5de|Rx|d|8|2
73.523143|5df|Rx|d|3|9500
73.542924|211|Rx|d|8|8200FFFFA90000D1
73.542924|214|Rx|d|2|0
73.542924|1b0|Rx|d|4|FF00FFC4
73.542924|657|Rx|d|2|C0CC
73.542924|4ac|Rx|d|5|83752A0080
73.542924|45c|Rx|d|6|00000000FFE0
73.573910|211|Rx|d|8|8200FFFFA90000D1
73.573910|214|Rx|d|2|0
73.573910|218|Rx|d|1|98
73.573910|4fa|Rx|d|2|800
73.573910|671|Rx|d|2|200
73.573910|1b0|Rx|d|4|FF00FFC4
73.573910|211|Rx|d|8|8200FFFFA90000D1
73.573910|214|Rx|d|2|0
73.573910|1b0|Rx|d|4|FF00FFC4
73.583301|4f8|Rx|d|8|94C0000000000000
73.603424|211|Rx|d|8|8200FFFFA90000D1
73.603424|214|Rx|d|2|0
73.603424|350|Rx|d|8|C02F3AFA1870A489
73.603424|1b0|Rx|d|4|FF00FFC4
73.603424|4de|Rx|d|3|C00000
73.603424|55d|Rx|d|8|00FD50C091800000
73.613441|3b7|Rx|d|6|37007FC000C0
73.613441|211|Rx|d|8|8200FFFFA90000D1
73.613441|214|Rx|d|2|0
73.613441|646|Rx|d|8|000000020000000C
73.613441|1b0|Rx|d|4|FF00FFC4
73.613441|5de|Rx|d|8|2
73.643611|5df|Rx|d|3|9500
73.643611|211|Rx|d|8|8200FFFFA90000D1
73.643611|214|Rx|d|2|0
73.643611|1b0|Rx|d|4|FF00FFC4
73.643611|657|Rx|d|2|C0CC
73.653683|4ac|Rx|d|5|83752A0080
73.653683|45c|Rx|d|6|00000000FFE0
73.653683|211|Rx|d|8|8200FFFFA90000D1
73.653683|214|Rx|d|2|0
73.653683|218|Rx|d|1|98
73.653683|4fa|Rx|d|2|800
73.653683|671|Rx|d|2|200
73.653683|1b0|Rx|d|4|FF00FFC4
73.678612|211|Rx|d|8|8200FFFFA90000D1
73.678612|214|Rx|d|2|0
73.678612|1b0|Rx|d|4|FF00FFC4
73.678612|4f8|Rx|d|8|94C0000000000000
73.690461|211|Rx|d|8|8200FFFFA90000D1
73.690461|214|Rx|d|2|0
73.690461|350|Rx|d|8|C02F3AFA1870A489
73.690461|1b0|Rx|d|4|FF00FFC4
73.690461|4de|Rx|d|3|C00000
73.690461|55d|Rx|d|8|00FD50C091800000
73.699276|3b7|Rx|d|6|37007FC000C0
73.709270|211|Rx|d|8|8200FFFFA90000D1
73.709270|214|Rx|d|2|0
73.711268|1b0|Rx|d|4|FF00FFC4
73.711268|5de|Rx|d|8|2
73.721262|5df|Rx|d|3|9500
73.729258|211|Rx|d|8|8200FFFFA90000D1
73.729258|214|Rx|d|2|0
73.729258|1b0|Rx|d|4|FF00FFC4
73.729258|657|Rx|d|2|C0CC
73.729258|69f|Rx|d|4|0650859F
73.741249|4ac|Rx|d|5|83752A0080
73.741249|45c|Rx|d|6|00000000FFE0
73.749245|211|Rx|d|8|8200FFFFA90000D1
73.749245|214|Rx|d|2|0
73.749245|218|Rx|d|1|98
73.749245|4fa|Rx|d|2|800
73.749245|671|Rx|d|2|200
73.749245|1b0|Rx|d|4|FF00FFC4
73.769232|211|Rx|d|8|8200FFFFA90000D1
73.769232|214|Rx|d|2|0
73.769232|1b0|Rx|d|4|FF00FFC4
73.779227|4f8|Rx|d|8|94C0000000000000
73.788222|211|Rx|d|8|8200FFFFA90000D1
73.788222|214|Rx|d|2|0
73.790223|350|Rx|d|8|C02F3AFA1870A489
73.790223|1b0|Rx|d|4|FF00FFC4
73.790223|4de|Rx|d|3|C00000
73.790223|55d|Rx|d|8|00FD50C091800000
73.800213|3b7|Rx|d|6|37007FC000C0
73.807669|211|Rx|d|8|8200FFFFA90000D1
73.807669|214|Rx|d|2|0
73.823503|1b0|Rx|d|4|FF00FFC4
73.823503|5de|Rx|d|8|2
73.823503|5df|Rx|d|3|9500
73.843674|211|Rx|d|8|8200FFFFA90000D1
73.843674|214|Rx|d|2|0
73.843674|1b0|Rx|d|4|FF00FFC4
73.843674|657|Rx|d|2|C0CC
73.843674|4ac|Rx|d|5|83752A0080
73.843674|45c|Rx|d|6|00000000FFE0
73.863698|211|Rx|d|8|8200FFFFA90000D1
73.863698|214|Rx|d|2|0
73.863698|218|Rx|d|1|98
73.863698|4fa|Rx|d|2|800
73.863698|671|Rx|d|2|200
73.863698|1b0|Rx|d|4|FF00FFC4
73.880500|211|Rx|d|8|8200FFFFA90000D1
73.880500|214|Rx|d|2|0
73.880500|1b0|Rx|d|4|FF00FFC4
73.880500|4f8|Rx|d|8|94C0000000000000
73.903649|211|Rx|d|8|8200FFFFA90000D1
73.903649|214|Rx|d|2|0
73.903649|350|Rx|d|8|C02F3AFA1870A489
73.903649|1b0|Rx|d|4|FF00FFC4
73.903649|4de|Rx|d|3|C00000
73.903649|55d|Rx|d|8|00FD50C091800000
73.903649|3b7|Rx|d|6|37007FC000C0
73.918310|211|Rx|d|8|8200FFFFA90000D1
73.918310|214|Rx|d|2|0
73.918310|1b0|Rx|d|4|FF00FFC4
73.918310|5de|Rx|d|8|2
73.918310|5df|Rx|d|3|9500
73.934119|211|Rx|d|8|8200FFFFA90000D1
73.934119|214|Rx|d|2|0
73.934119|1b0|Rx|d|4|FF00FFC4
73.934119|657|Rx|d|2|C0CC
73.948296|4ac|Rx|d|5|83762A0080
73.948296|45c|Rx|d|6|00000000FFE0
73.948296|211|Rx|d|8|8200FFFFA90000D1
73.948296|214|Rx|d|2|0
73.948296|218|Rx|d|1|98
73.948296|4fa|Rx|d|2|800
73.948296|671|Rx|d|2|200
73.948296|1b0|Rx|d|4|FF00FFC4
73.973564|211|Rx|d|8|8200FFFFA90000D1
73.973564|214|Rx|d|2|0
73.973564|1b0|Rx|d|4|FF00FFC4
73.980775|4f8|Rx|d|8|94C0000000000000
73.993638|211|Rx|d|8|8200FFFFA90000D1
73.993638|214|Rx|d|2|0
73.993638|350|Rx|d|8|C02F3AFA1870A489
73.993638|1b0|Rx|d|4|FF00FFC4
73.993638|4de|Rx|d|3|C00000
73.993638|55d|Rx|d|8|00FD50C091800000
74.003432|3b7|Rx|d|6|37007FC000C0
74.023986|211|Rx|d|8|8200FFFFA90000D1
74.023986|214|Rx|d|2|0
74.023986|1b0|Rx|d|4|FF00FFC4
74.023986|5de|Rx|d|8|2
74.023986|5df|Rx|d|3|9500
74.043858|211|Rx|d|8|8200FFFFA90000D1
74.043858|214|Rx|d|2|0
74.043858|1b0|Rx|d|4|FF00FFC4
74.043858|657|Rx|d|2|C0CC
74.043858|4ac|Rx|d|5|83752A0080
74.043858|45c|Rx|d|6|00000000FFE0
74.053652|211|Rx|d|8|8200FFFFA90000D1
74.053652|214|Rx|d|2|0
74.053652|218|Rx|d|1|98
74.053652|4fa|Rx|d|2|800
74.053652|671|Rx|d|2|200
74.053652|1b0|Rx|d|4|FF00FFC4
74.078350|211|Rx|d|8|8200FFFFA90000D1
74.078350|214|Rx|d|2|0
74.078350|1b0|Rx|d|4|FF00FFC4
74.078350|4f8|Rx|d|8|94C0000000000000
74.093349|211|Rx|d|8|8200FFFFA90000D1
74.093349|214|Rx|d|2|0
74.093349|350|Rx|d|8|C02F3AFA1870A489
74.093349|1b0|Rx|d|4|FF00FFC4
74.093349|4de|Rx|d|3|C00000
74.093349|55d|Rx|d|8|00FD50C091800000
74.108581|3b7|Rx|d|6|37007FC000C0
74.113647|211|Rx|d|8|8200FFFFA90000D1
74.113647|646|Rx|d|8|000000020000000C
74.113647|214|Rx|d|2|0
74.113647|1b0|Rx|d|4|FF00FFC4
74.113647|5de|Rx|d|8|2
74.123689|5df|Rx|d|3|9500
74.133254|211|Rx|d|8|8200FFFFA90000D1
74.133254|214|Rx|d|2|0
74.133254|1b0|Rx|d|4|FF00FFC4
74.133254|657|Rx|d|2|C0CC
74.143456|4ac|Rx|d|5|83752A0080
74.143456|45c|Rx|d|6|00000000FFE0
74.153465|211|Rx|d|8|8200FFFFA90000D1
74.153465|214|Rx|d|2|0
74.153465|218|Rx|d|1|98
74.153465|4fa|Rx|d|2|800
74.153465|671|Rx|d|2|200
74.153465|1b0|Rx|d|4|FF00FFC4
74.171291|211|Rx|d|8|8200FFFFA90000D1
74.171291|214|Rx|d|2|0
74.171291|1b0|Rx|d|4|FF00FFC4
74.183558|4f8|Rx|d|8|94C0000000000000
74.202556|211|Rx|d|8|8200FFFFA90000D1
74.202556|214|Rx|d|2|0
74.202556|350|Rx|d|8|C02F3AFA1870A489
74.202556|1b0|Rx|d|4|FF00FFC4
74.202556|4de|Rx|d|3|C00000
74.202556|55d|Rx|d|8|00FD50C091800000
74.203601|3b7|Rx|d|6|37007FC000C0
74.223407|211|Rx|d|8|8200FFFFA90000D1
74.223407|214|Rx|d|2|0
74.223407|1b0|Rx|d|4|FF00FFC4
74.223407|5de|Rx|d|8|2
74.223407|5df|Rx|d|3|9500
74.238239|211|Rx|d|8|8200FFFFA90000D1
74.238239|214|Rx|d|2|0
74.238239|1b0|Rx|d|4|FF00FFC4
74.238239|657|Rx|d|2|C0CC
74.243372|4ac|Rx|d|5|83752A0080
74.243372|45c|Rx|d|6|00000000FFE0
74.253369|211|Rx|d|8|8200FFFFA90000D1
74.253369|214|Rx|d|2|0
74.253369|218|Rx|d|1|98
74.253369|4fa|Rx|d|2|800
74.253369|671|Rx|d|2|200
74.253369|1b0|Rx|d|4|FF00FFC4
74.278440|211|Rx|d|8|8200FFFFA90000D1
74.278440|214|Rx|d|2|0
74.278440|1b0|Rx|d|4|FF00FFC4
74.278440|4f8|Rx|d|8|94C0000000000000
74.293374|211|Rx|d|8|8200FFFFA90000D1
74.293374|214|Rx|d|2|0
74.293374|350|Rx|d|8|C02F3AFA1870A489
74.293374|1b0|Rx|d|4|FF00FFC4
74.293374|4de|Rx|d|3|C00000
74.293374|55d|Rx|d|8|00FD50C091800000
74.313986|3b7|Rx|d|6|37007FC000C0
74.324119|211|Rx|d|8|8200FFFFA90000D1
74.324119|214|Rx|d|2|0
74.324119|1b0|Rx|d|4|FF00FFC4
74.324119|5de|Rx|d|8|2
74.324119|5df|Rx|d|3|9500
74.343756|211|Rx|d|8|8200FFFFA90000D1
74.343756|214|Rx|d|2|0
74.343756|1b0|Rx|d|4|FF00FFC4
74.343756|657|Rx|d|2|C0CC
74.343756|4ac|Rx|d|5|83752A0080
74.343756|45c|Rx|d|6|00000000FFE0
74.362345|211|Rx|d|8|8200FFFFA90000D1
74.362345|214|Rx|d|2|0
74.362345|218|Rx|d|1|98
74.362345|4fa|Rx|d|2|800
74.362345|671|Rx|d|2|200
74.362345|1b0|Rx|d|4|FF00FFC4
74.373536|211|Rx|d|8|8200FFFFA90000D1
74.373536|214|Rx|d|2|0
74.373536|1b0|Rx|d|4|FF00FFC4
74.381243|4f8|Rx|d|8|94C0000000000000
74.393610|211|Rx|d|8|8200FFFFA90000D1
74.393610|214|Rx|d|2|0
74.393610|350|Rx|d|8|C02F3AFA1870A489
74.393610|1b0|Rx|d|4|FF00FFC4
74.393610|4de|Rx|d|3|C00000
74.393610|55d|Rx|d|8|00FD50C091800000
74.403808|3b7|Rx|d|6|37007FC000C0
74.413322|211|Rx|d|8|8200FFFFA90000D1
74.413322|214|Rx|d|2|0
74.413322|1b0|Rx|d|4|FF00FFC4
74.413322|5de|Rx|d|8|2
74.423556|5df|Rx|d|3|9500
74.433432|211|Rx|d|8|8200FFFFA90000D1
74.433432|214|Rx|d|2|0
74.433432|1b0|Rx|d|4|FF00FFC4
74.433432|657|Rx|d|2|C0CC
74.453527|4ac|Rx|d|5|83752A0080
74.453527|45c|Rx|d|6|00000000FFE0
74.463366|211|Rx|d|8|8200FFFFA90000D1
74.463366|214|Rx|d|2|0
74.463366|218|Rx|d|1|98
74.463366|4fa|Rx|d|2|800
74.463366|671|Rx|d|2|200
74.463366|1b0|Rx|d|4|FF00FFC4
74.474096|211|Rx|d|8|8200FFFFA90000D1
74.474096|214|Rx|d|2|0
74.474096|1b0|Rx|d|4|FF00FFC4
74.481267|4f8|Rx|d|8|94C0000000000000
74.493387|211|Rx|d|8|8200FFFFA90000D1
74.493387|214|Rx|d|2|0
74.493387|350|Rx|d|8|C02F3AFA1870A489
74.493387|1b0|Rx|d|4|FF00FFC4
74.493387|4de|Rx|d|3|C00000
74.493387|55d|Rx|d|8|00FD50C091800000
74.501606|3b7|Rx|d|6|37007FC000C0
74.511548|211|Rx|d|8|8200FFFFA90000D1
74.511548|214|Rx|d|2|0
74.511548|1b0|Rx|d|4|FF00FFC4
74.511548|5de|Rx|d|8|2
74.520341|5df|Rx|d|3|9500
74.533269|211|Rx|d|8|8200FFFFA90000D1
74.533269|214|Rx|d|2|0
74.533269|1b0|Rx|d|4|FF00FFC4
74.533269|657|Rx|d|2|C0CC
74.542247|4ac|Rx|d|5|83762A0080
74.542247|45c|Rx|d|6|00000000FFE0
74.553380|211|Rx|d|8|8200FFFFA90000D1
74.553380|214|Rx|d|2|0
74.553380|218|Rx|d|1|98
74.553380|4fa|Rx|d|2|800
74.553380|671|Rx|d|2|200
74.553380|1b0|Rx|d|4|FF00FFC4
74.572341|211|Rx|d|8|8200FFFFA90000D1
74.572341|214|Rx|d|2|0
74.572341|1b0|Rx|d|4|FF00FFC4
74.582076|4f8|Rx|d|8|94C0000000000000
74.593925|211|Rx|d|8|8200FFFFA90000D1
74.593925|214|Rx|d|2|0
74.593925|350|Rx|d|8|C02F3AFA1870A489
74.593947|1b0|Rx|d|4|FF00FFC4
74.593947|4de|Rx|d|3|C00000
74.593947|55d|Rx|d|8|00FD50C091800000
74.602202|3b7|Rx|d|6|37007FC000C0
74.612017|211|Rx|d|8|8200FFFFA90000D1
74.612017|214|Rx|d|2|0
74.612017|646|Rx|d|8|000000020000000C
74.612017|1b0|Rx|d|4|FF00FFC4
74.612017|5de|Rx|d|8|2
74.622309|5df|Rx|d|3|9500
74.632399|211|Rx|d|8|8200FFFFA90000D1
74.632399|214|Rx|d|2|0
74.632399|1b0|Rx|d|4|FF00FFC4
74.632399|657|Rx|d|2|C0CC
74.643680|4ac|Rx|d|5|83752A0080
74.643680|45c|Rx|d|6|00000000FFE0
74.652426|211|Rx|d|8|8200FFFFA90000D1
74.652426|214|Rx|d|2|0
74.652426|218|Rx|d|1|98
74.652426|4fa|Rx|d|2|800
74.652426|671|Rx|d|2|200
74.652426|1b0|Rx|d|4|FF00FFC4
74.672707|211|Rx|d|8|8200FFFFA90000D1
74.672707|214|Rx|d|2|0
74.672707|1b0|Rx|d|4|FF00FFC4
74.682944|4f8|Rx|d|8|94C0000000000000
74.692795|211|Rx|d|8|8200FFFFA90000D1
74.692795|214|Rx|d|2|0
74.692795|350|Rx|d|8|C02F3AFA1870A489
74.692795|1b0|Rx|d|4|FF00FFC4
74.692795|4de|Rx|d|3|C00000
74.692795|55d|Rx|d|8|00FD50C091800000
74.702985|3b7|Rx|d|6|37007FC000C0
74.713141|211|Rx|d|8|8200FFFFA90000D1
74.713141|214|Rx|d|2|0
74.713141|1b0|Rx|d|4|FF00FFC4
74.713428|5de|Rx|d|8|2
74.723065|5df|Rx|d|3|9500
74.734614|211|Rx|d|8|8200FFFFA90000D1
74.734614|214|Rx|d|2|0
74.734614|1b0|Rx|d|4|FF00FFC4
74.734614|657|Rx|d|2|C0CC
74.734614|69f|Rx|d|4|0650859F
74.742690|4ac|Rx|d|5|83752A0080
74.742690|45c|Rx|d|6|00000000FFE0
74.751212|211|Rx|d|8|8200FFFFA90000D1
74.751212|214|Rx|d|2|0
74.751212|218|Rx|d|1|98
74.751212|4fa|Rx|d|2|800
74.751212|671|Rx|d|2|200
74.751212|1b0|Rx|d|4|FF00FFC4
74.769642|211|Rx|d|8|8200FFFFA90000D1
74.769642|214|Rx|d|2|0
74.769642|1b0|Rx|d|4|FF00FFC4
74.779637|4f8|Rx|d|8|94C0000000000000
74.789631|211|Rx|d|8|8200FFFFA90000D1
74.789631|214|Rx|d|2|0
74.789631|350|Rx|d|8|C02F3AFA1870A489
74.789631|1b0|Rx|d|4|FF00FFC4
74.789631|4de|Rx|d|3|C00000
74.789631|55d|Rx|d|8|00FD50C091800000
74.799624|3b7|Rx|d|6|37007FC000C0
74.809619|211|Rx|d|8|8200FFFFA90000D1
74.809619|214|Rx|d|2|0
74.809619|1b0|Rx|d|4|FF00FFC4
74.811618|5de|Rx|d|8|2
74.819612|5df|Rx|d|3|9500
74.829605|211|Rx|d|8|8200FFFFA90000D1
74.829605|214|Rx|d|2|0
74.829605|1b0|Rx|d|4|FF00FFC4
74.829605|657|Rx|d|2|C0CC
74.839599|4ac|Rx|d|5|83752A0080
74.839599|45c|Rx|d|6|00000000FFE0
74.849593|211|Rx|d|8|8200FFFFA90000D1
74.849593|214|Rx|d|2|0
74.849593|218|Rx|d|1|98
74.849593|4fa|Rx|d|2|800
74.849593|671|Rx|d|2|200
74.849593|1b0|Rx|d|4|FF00FFC4
74.872884|211|Rx|d|8|8200FFFFA90000D1
74.872884|214|Rx|d|2|0
74.872884|1b0|Rx|d|4|FF00FFC4
74.882927|4f8|Rx|d|8|94C0000000000000
74.898444|211|Rx|d|8|8200FFFFA90000D1
74.898444|214|Rx|d|2|0
74.898444|350|Rx|d|8|C02F3AFA1870A489
74.898444|1b0|Rx|d|4|FF00FFC4
74.898444|4de|Rx|d|3|C00000
74.898444|55d|Rx|d|8|00FD50C091800000
74.898444|3b7|Rx|d|6|37007FC000C0
74.913119|211|Rx|d|8|8200FFFFA90000D1
74.913119|214|Rx|d|2|0
74.913119|1b0|Rx|d|4|FF00FFC4
74.913119|5de|Rx|d|8|2
74.923238|5df|Rx|d|3|9500
74.933565|211|Rx|d|8|8200FFFFA90000D1
74.933565|214|Rx|d|2|0
74.933565|1b0|Rx|d|4|FF00FFC4
74.933565|657|Rx|d|2|C0CC
74.943562|4ac|Rx|d|5|83762A0080
74.943562|45c|Rx|d|6|00000000FFE0
74.953852|211|Rx|d|8|8200FFFFA90000D1
74.953852|214|Rx|d|2|0
74.953852|218|Rx|d|1|98
74.953852|4fa|Rx|d|2|800
74.953852|671|Rx|d|2|200
74.953852|1b0|Rx|d|4|FF00FFC4
74.973421|211|Rx|d|8|8200FFFFA90000D1
74.973421|214|Rx|d|2|0
74.973421|1b0|Rx|d|4|FF00FFC4
74.983441|4f8|Rx|d|8|94C0000000000000
74.993739|211|Rx|d|8|8200FFFFA90000D1
74.993739|214|Rx|d|2|0
74.993739|350|Rx|d|8|C02F3AFA1870A489
74.993739|1b0|Rx|d|4|FF00FFC4
74.993739|4de|Rx|d|3|C00000
74.993739|55d|Rx|d|8|00FD50C091800000
75.003434|3b7|Rx|d|6|37007FC000C0
75.013781|211|Rx|d|8|8200FFFFA90000D1
75.013781|214|Rx|d|2|0
75.013781|1b0|Rx|d|4|FF00FFC4
75.013781|5de|Rx|d|8|2
75.023161|5df|Rx|d|3|9500
75.033467|211|Rx|d|8|8200FFFFA90000D1
75.033467|214|Rx|d|2|0
75.033467|1b0|Rx|d|4|FF00FFC4
75.033467|657|Rx|d|2|C0CC
75.043782|4ac|Rx|d|5|83752A0080
75.043782|45c|Rx|d|6|00000000FFE0
75.053883|211|Rx|d|8|8200FFFFA90000D1
75.053883|214|Rx|d|2|0
75.053883|218|Rx|d|1|98
75.053883|4fa|Rx|d|2|800
75.053883|671|Rx|d|2|200
75.053883|1b0|Rx|d|4|FF00FFC4
75.074006|211|Rx|d|8|8200FFFFA90000D1
75.074006|214|Rx|d|2|0
75.076565|1b0|Rx|d|4|FF00FFC4
75.083640|4f8|Rx|d|8|94C0000000000000
75.088534|211|Rx|d|8|8200FFFFA90000D1
75.088534|214|Rx|d|2|0
75.088534|6fb|Rx|d|8|0F01A454FF0000FF
75.093822|350|Rx|d|8|C02F3AFA1870A489
75.093822|1b0|Rx|d|4|FF00FFC4
75.093822|4de|Rx|d|3|C00000
75.093822|55d|Rx|d|8|00FD50C091800000
75.103533|3b7|Rx|d|6|37007FC000C0
75.113498|211|Rx|d|8|8200FFFFA90000D1
75.113498|214|Rx|d|2|0
75.113498|646|Rx|d|8|000000020000000C
75.113498|1b0|Rx|d|4|FF00FFC4
75.113498|5de|Rx|d|8|2
75.126875|5ce|Rx|d|3|FEFF00
75.126875|5df|Rx|d|3|9500
75.126875|211|Rx|d|8|8200FFFFA90000D1
75.126875|214|Rx|d|2|0
75.126875|1b0|Rx|d|4|FF00FFC4
75.126875|657|Rx|d|2|C0CC
75.143846|4ac|Rx|d|5|83752A0080
75.143846|45c|Rx|d|6|00000000FFE0
75.157208|211|Rx|d|8|8200FFFFA90000D1
75.157208|214|Rx|d|2|0
75.157208|218|Rx|d|1|98
75.157208|4fa|Rx|d|2|800
75.157208|671|Rx|d|2|200
75.157208|1b0|Rx|d|4|FF00FFC4
75.173836|211|Rx|d|8|8200FFFFA90000D1
75.173836|214|Rx|d|2|0
75.173836|1b0|Rx|d|4|FF00FFC4
75.183988|4f8|Rx|d|8|94C0000000000000
75.193648|211|Rx|d|8|8200FFFFA90000D1
75.193648|214|Rx|d|2|0
75.193648|350|Rx|d|8|C02F3AFA1870A489
75.193648|1b0|Rx|d|4|FF00FFC4
75.193648|4de|Rx|d|3|C00000
75.193648|55d|Rx|d|8|00FD50C091800000
75.203779|3b7|Rx|d|6|37007FC000C0
75.214134|211|Rx|d|8|8200FFFFA90000D1
75.214134|214|Rx|d|2|0
75.214134|1b0|Rx|d|4|FF00FFC4
75.214134|5de|Rx|d|8|2
75.223650|5df|Rx|d|3|9500
75.228511|211|Rx|d|8|8200FFFFA90000D1
75.228511|214|Rx|d|2|0
75.233651|1b0|Rx|d|4|FF00FFC4
75.233651|657|Rx|d|2|C0CC
75.244090|4ac|Rx|d|5|83752A0080
75.244090|45c|Rx|d|6|00000000FFE0
75.252644|211|Rx|d|8|8200FFFFA90000D1
75.252644|214|Rx|d|2|0
75.252644|218|Rx|d|1|98
75.252644|4fa|Rx|d|2|800
75.252644|671|Rx|d|2|200
75.252644|1b0|Rx|d|4|FF00FFC4
75.269080|211|Rx|d|8|8200FFFFA90000D1
75.269080|214|Rx|d|2|0
75.269080|1b0|Rx|d|4|FF00FFC4
75.279383|4f8|Rx|d|8|94C0000000000000
75.289537|211|Rx|d|8|8200FFFFA90000D1
75.289537|214|Rx|d|2|0
75.289537|350|Rx|d|8|C02F3AFA1870A489
75.289537|1b0|Rx|d|4|FF00FFC4
75.289537|4de|Rx|d|3|C00000
75.289537|55d|Rx|d|8|00FD50C091800000
75.299524|3b7|Rx|d|6|37007FC000C0
75.309516|211|Rx|d|8|8200FFFFA90000D1
75.309516|214|Rx|d|2|0
75.309516|1b0|Rx|d|4|FF00FFC4
75.309516|5de|Rx|d|8|2
75.319560|5df|Rx|d|3|9500
75.329768|211|Rx|d|8|8200FFFFA90000D1
75.329768|214|Rx|d|2|0
75.329768|1b0|Rx|d|4|FF00FFC4
75.329768|657|Rx|d|2|C0CC
75.343899|4ac|Rx|d|5|83762A0080
75.343899|45c|Rx|d|6|00000000FFE0
75.353536|211|Rx|d|8|8200FFFFA90000D1
75.353536|214|Rx|d|2|0
75.353885|218|Rx|d|1|98
75.353885|4fa|Rx|d|2|800
75.353885|671|Rx|d|2|200
75.353885|1b0|Rx|d|4|FF00FFC4
75.370030|211|Rx|d|8|8200FFFFA90000D1
75.370030|214|Rx|d|2|0
75.370030|1b0|Rx|d|4|FF00FFC4
75.380382|4f8|Rx|d|8|94C0000000000000
75.390708|211|Rx|d|8|8200FFFFA90000D1
75.390708|214|Rx|d|2|0
75.390708|350|Rx|d|8|C02F3AFA1870A489
75.390708|1b0|Rx|d|4|FF00FFC4
75.390708|4de|Rx|d|3|C00000
75.390708|55d|Rx|d|8|00FD50C091800000
75.400626|3b7|Rx|d|6|37007FC000C0
75.410837|211|Rx|d|8|8200FFFFA90000D1
75.410837|214|Rx|d|2|0
75.410837|1b0|Rx|d|4|FF00FFC4
75.410837|5de|Rx|d|8|2
75.420561|5df|Rx|d|3|9500
75.430669|211|Rx|d|8|8200FFFFA90000D1
75.430669|214|Rx|d|2|0
75.430669|1b0|Rx|d|4|FF00FFC4
75.430669|657|Rx|d|2|C0CC
75.440748|4ac|Rx|d|5|83752A0080
75.440748|45c|Rx|d|6|00000000FFE0
75.450893|211|Rx|d|8|8200FFFFA90000D1
75.450893|214|Rx|d|2|0
75.450893|218|Rx|d|1|98
75.450893|4fa|Rx|d|2|800
75.450893|671|Rx|d|2|200
75.450893|1b0|Rx|d|4|FF00FFC4
75.471008|211|Rx|d|8|8200FFFFA90000D1
75.471008|214|Rx|d|2|0
75.471008|1b0|Rx|d|4|FF00FFC4
75.480877|4f8|Rx|d|8|94C0000000000000
75.490732|211|Rx|d|8|8200FFFFA90000D1
75.490732|214|Rx|d|2|0
75.490732|350|Rx|d|8|C02F3AFA1870A489
75.490732|1b0|Rx|d|4|FF00FFC4
75.490732|4de|Rx|d|3|C00000
75.490732|55d|Rx|d|8|00FD50C091800000
75.500587|3b7|Rx|d|6|37007FC000C0
75.513607|211|Rx|d|8|8200FFFFA90000D1
75.513607|214|Rx|d|2|0
75.513607|1b0|Rx|d|4|FF00FFC4
75.513607|5de|Rx|d|8|2
75.523872|5df|Rx|d|3|9500
75.542617|211|Rx|d|8|8200FFFFA90000D1
75.542617|214|Rx|d|2|0
75.542617|1b0|Rx|d|4|FF00FFC4
75.542617|657|Rx|d|2|C0CC
75.548456|4ac|Rx|d|5|83762A0080
75.548456|45c|Rx|d|6|00000000FFE0
75.553562|211|Rx|d|8|8200FFFFA90000D1
75.553562|214|Rx|d|2|0
75.553562|218|Rx|d|1|98
75.553562|4fa|Rx|d|2|800
75.553562|671|Rx|d|2|200
75.553562|1b0|Rx|d|4|FF00FFC4
75.574258|211|Rx|d|8|8200FFFFA90000D1
75.574258|214|Rx|d|2|0
75.574258|1b0|Rx|d|4|FF00FFC4
75.594076|4f8|Rx|d|8|94C0000000000000
75.603847|211|Rx|d|8|8200FFFFA90000D1
75.603847|214|Rx|d|2|0
75.603847|350|Rx|d|8|C02F3AFA1870A489
75.603847|1b0|Rx|d|4|FF00FFC4
75.603847|4de|Rx|d|3|C00000
75.603847|55d|Rx|d|8|00FD50C091800000
75.603847|3b7|Rx|d|6|37007FC000C0
75.613380|211|Rx|d|8|8200FFFFA90000D1
75.613380|214|Rx|d|2|0
75.613380|646|Rx|d|8|000000020000000C
75.613380|1b0|Rx|d|4|FF00FFC4
75.613380|5de|Rx|d|8|2
75.619826|5df|Rx|d|3|9500
75.629818|211|Rx|d|8|8200FFFFA90000D1
75.629818|214|Rx|d|2|0
75.629818|1b0|Rx|d|4|FF00FFC4
75.629818|657|Rx|d|2|C0CC
75.639812|4ac|Rx|d|5|83752A0080
75.639812|45c|Rx|d|6|00000000FFE0
75.649806|211|Rx|d|8|8200FFFFA90000D1
75.649806|214|Rx|d|2|0
75.649806|218|Rx|d|1|98
75.649806|4fa|Rx|d|2|800
75.649806|1b0|Rx|d|4|FF00FFC4
75.649806|671|Rx|d|2|200
75.669794|211|Rx|d|8|8200FFFFA90000D1
75.669794|214|Rx|d|2|0
75.669794|1b0|Rx|d|4|FF00FFC4
75.679789|4f8|Rx|d|8|94C0000000000000
75.689782|211|Rx|d|8|8200FFFFA90000D1
75.689782|214|Rx|d|2|0
75.689782|350|Rx|d|8|C02F3AFB1870A489
75.689782|1b0|Rx|d|4|FF00FFC4
75.689782|4de|Rx|d|3|C00000
75.689782|55d|Rx|d|8|00FD50C091800000
75.699777|3b7|Rx|d|6|37007FC000C0
75.709769|211|Rx|d|8|8200FFFFA90000D1
75.709769|214|Rx|d|2|0
75.709769|1b0|Rx|d|4|FF00FFC4
75.709769|5de|Rx|d|8|2
75.719763|5df|Rx|d|3|9500
75.743310|211|Rx|d|8|8200FFFFA90000D1
75.743310|214|Rx|d|2|0
75.743310|1b0|Rx|d|4|FF00FFC4
75.743624|657|Rx|d|2|C0CC
75.743624|69f|Rx|d|4|0650859F
75.754178|4ac|Rx|d|5|83752A0080
75.754178|45c|Rx|d|6|00000000FFE0
75.754178|211|Rx|d|8|8200FFFFA90000D1
75.754178|214|Rx|d|2|0
75.754178|218|Rx|d|1|98
75.754178|1b0|Rx|d|4|FF00FFC4
75.754178|4fa|Rx|d|2|800
75.754178|671|Rx|d|2|200
75.783248|211|Rx|d|8|8200FFFFA90000D1
75.783248|214|Rx|d|2|0
75.783248|1b0|Rx|d|4|FF00FFC4
75.783248|4f8|Rx|d|8|94C0000000000000
75.803511|211|Rx|d|8|8200FFFFA90000D1
75.803511|214|Rx|d|2|0
75.803511|350|Rx|d|8|C02F3AFB1870A489
75.803511|1b0|Rx|d|4|FF00FFC4
75.803511|4de|Rx|d|3|C00000
75.803511|55d|Rx|d|8|00FD50C091800000
75.803511|3b7|Rx|d|6|37007FC000C0
75.819086|211|Rx|d|8|8200FFFFA90000D1
75.819086|214|Rx|d|2|0
75.819086|1b0|Rx|d|4|FF00FFC4
75.819086|5de|Rx|d|8|2
75.823700|5df|Rx|d|3|9500
75.833425|211|Rx|d|8|8200FFFFA90000D1
75.833425|214|Rx|d|2|0
75.833425|1b0|Rx|d|4|FF00FFC4
75.833425|657|Rx|d|2|C0CC
75.843681|4ac|Rx|d|5|83752A0080
75.843681|45c|Rx|d|6|00000000FFE0
75.862939|211|Rx|d|8|8200FFFFA90000D1
75.862939|214|Rx|d|2|0
75.862939|218|Rx|d|1|98
75.862992|1b0|Rx|d|4|FF00FFC4
75.862992|4fa|Rx|d|2|800
75.862992|671|Rx|d|2|200
75.878614|211|Rx|d|8|8200FFFFA90000D1
75.878614|214|Rx|d|2|0
75.878614|1b0|Rx|d|4|FF00FFC4
75.878614|4f8|Rx|d|8|94C0000000000000
75.904067|211|Rx|d|8|8200FFFFA90000D1
75.904067|214|Rx|d|2|0
75.904067|350|Rx|d|8|C02F3AFB1870A489
75.904067|1b0|Rx|d|4|FF00FFC4
75.904067|4de|Rx|d|3|C00000
75.904067|55d|Rx|d|8|00FD50C091800000
75.904067|3b7|Rx|d|6|37007FC000C0
75.918509|211|Rx|d|8|8200FFFFA90000D1
75.918509|214|Rx|d|2|0
75.918509|1b0|Rx|d|4|FF00FFC4
75.918509|5de|Rx|d|8|2
75.923598|5df|Rx|d|3|9500
75.933566|211|Rx|d|8|8200FFFFA90000D1
75.933566|214|Rx|d|2|0
75.933566|1b0|Rx|d|4|FF00FFC4
75.933566|657|Rx|d|2|C0CC
75.943615|4ac|Rx|d|5|83752A0080
75.943615|45c|Rx|d|6|00000000FFE0
75.953640|211|Rx|d|8|8200FFFFA90000D1
75.953640|214|Rx|d|2|0
75.953640|218|Rx|d|1|98
75.953640|1b0|Rx|d|4|FF00FFC4
75.953640|4fa|Rx|d|2|800
75.953640|671|Rx|d|2|200
75.973837|211|Rx|d|8|8200FFFFA90000D1
75.973837|214|Rx|d|2|0
75.973837|1b0|Rx|d|4|FF00FFC4
75.983561|4f8|Rx|d|8|94C0000000000000
75.993285|211|Rx|d|8|8200FFFFA90000D1
75.993285|214|Rx|d|2|0
75.993285|350|Rx|d|8|C02F3AFB1870A489
75.993285|1b0|Rx|d|4|FF00FFC4
75.993285|4de|Rx|d|3|C00000
75.993285|55d|Rx|d|8|00FD50C091800000
76.013072|3b7|Rx|d|6|37007FC000C0
76.019438|211|Rx|d|8|8200FFFFA90000D1
76.019438|214|Rx|d|2|0
76.019438|1b0|Rx|d|4|FF00FFC4
76.019438|5de|Rx|d|8|2
76.019438|5df|Rx|d|3|9500
76.043890|211|Rx|d|8|8200FFFFA90000D1
76.043890|214|Rx|d|2|0
76.043890|1b0|Rx|d|4|FF00FFC4
76.043890|657|Rx|d|2|C0CC
76.043890|4ac|Rx|d|5|83752A0080
76.043890|45c|Rx|d|6|00000000FFE0
76.063012|211|Rx|d|8|8200FFFFA90000D1
76.063012|214|Rx|d|2|0
76.063012|218|Rx|d|1|98
76.063012|4fa|Rx|d|2|800
76.063012|1b0|Rx|d|4|FF00FFC4
76.063012|671|Rx|d|2|200
76.073792|211|Rx|d|8|8200FFFFA90000D1
76.073792|214|Rx|d|2|0
76.073792|1b0|Rx|d|4|FF00FFC4
76.080481|4f8|Rx|d|8|94C0000000000000
76.088607|211|Rx|d|8|8200FFFFA90000D1
76.088607|214|Rx|d|2|0
76.088607|350|Rx|d|8|C02F3AFB1870A489
76.088607|1b0|Rx|d|4|FF00FFC4
76.088607|4de|Rx|d|3|C00000
76.088607|55d|Rx|d|8|00FD50C091800000
76.100601|3b7|Rx|d|6|37007FC000C0
76.108595|211|Rx|d|8|8200FFFFA90000D1
76.108595|214|Rx|d|2|0
76.108595|646|Rx|d|8|000000020000000C
76.108595|1b0|Rx|d|4|FF00FFC4
76.110593|5de|Rx|d|8|2
76.120591|5df|Rx|d|3|9500
76.128583|211|Rx|d|8|8200FFFFA90000D1
76.128583|214|Rx|d|2|0
76.130581|1b0|Rx|d|4|FF00FFC4
76.130581|657|Rx|d|2|C0CC
76.140575|4ac|Rx|d|5|83762A0080
76.140575|45c|Rx|d|6|00000000FFE0
76.148571|211|Rx|d|8|8200FFFFA90000D1
76.148571|214|Rx|d|2|0
76.148571|218|Rx|d|1|98
76.148571|4fa|Rx|d|2|800
76.148571|671|Rx|d|2|200
76.148571|1b0|Rx|d|4|FF00FFC4
76.168559|211|Rx|d|8|8200FFFFA90000D1
76.168559|214|Rx|d|2|0
76.168559|1b0|Rx|d|4|FF00FFC4
76.180551|4f8|Rx|d|8|94C0000000000000
76.188546|211|Rx|d|8|8200FFFFA90000D1
76.188546|214|Rx|d|2|0
76.190545|350|Rx|d|8|C02F3AFB1870A489
76.190545|1b0|Rx|d|4|FF00FFC4
76.190545|4de|Rx|d|3|C00000
76.190545|55d|Rx|d|8|00FD50C091800000
76.208701|3b7|Rx|d|6|37007FC000C0
76.213223|211|Rx|d|8|8200FFFFA90000D1
76.213223|214|Rx|d|2|0
76.213223|1b0|Rx|d|4|FF00FFC4
76.213223|5de|Rx|d|8|2
76.223577|5df|Rx|d|3|9500
76.243782|211|Rx|d|8|8200FFFFA90000D1
76.243782|214|Rx|d|2|0
76.243782|1b0|Rx|d|4|FF00FFC4
76.243782|657|Rx|d|2|C0CC
76.243782|4ac|Rx|d|5|83762A0080
76.243782|45c|Rx|d|6|00000000FFE0
76.262825|211|Rx|d|8|8200FFFFA90000D1
76.262825|214|Rx|d|2|0
76.262825|218|Rx|d|1|98
76.262825|4fa|Rx|d|2|800
76.262825|671|Rx|d|2|200
76.262825|1b0|Rx|d|4|FF00FFC4
76.278465|211|Rx|d|8|8200FFFFA90000D1
76.278465|214|Rx|d|2|0
76.278465|1b0|Rx|d|4|FF00FFC4
76.278465|4f8|Rx|d|8|94C0000000000000
76.303947|211|Rx|d|8|8200FFFFA90000D1
76.303947|214|Rx|d|2|0
76.303947|350|Rx|d|8|C02F3AFB1870A489
76.303947|1b0|Rx|d|4|FF00FFC4
76.303947|4de|Rx|d|3|C00000
76.303947|55d|Rx|d|8|00FD50C091800000
76.303947|3b7|Rx|d|6|37007FC000C0
76.319043|211|Rx|d|8|8200FFFFA90000D1
76.319043|214|Rx|d|2|0
76.319043|1b0|Rx|d|4|FF00FFC4
76.319043|5de|Rx|d|8|2
76.319043|5df|Rx|d|3|9500
76.343516|211|Rx|d|8|8200FFFFA90000D1
76.343516|214|Rx|d|2|0
76.343516|1b0|Rx|d|4|FF00FFC4
76.343516|657|Rx|d|2|C0CC
76.343516|4ac|Rx|d|5|83752A0080
76.343516|45c|Rx|d|6|00000000FFE0
76.363713|211|Rx|d|8|8200FFFFA90000D1
76.363713|214|Rx|d|2|0
76.363713|218|Rx|d|1|98
76.363713|4fa|Rx|d|2|800
76.363713|1b0|Rx|d|4|FF00FFC4
76.363713|671|Rx|d|2|200
76.383672|211|Rx|d|8|8200FFFFA90000D1
76.383672|214|Rx|d|2|0
76.383672|1b0|Rx|d|4|FF00FFC4
76.393353|4f8|Rx|d|8|94C0000000000000
76.403351|211|Rx|d|8|8200FFFFA90000D1
76.403351|214|Rx|d|2|0
76.403351|350|Rx|d|8|C02F3AFB1870A489
76.403351|1b0|Rx|d|4|FF00FFC4
76.403351|4de|Rx|d|3|C00000
76.403351|55d|Rx|d|8|00FD50C091800000
76.413375|3b7|Rx|d|6|37007FC000C0
76.413375|211|Rx|d|8|8200FFFFA90000D1
76.413375|214|Rx|d|2|0
76.413375|1b0|Rx|d|4|FF00FFC4
76.413375|5de|Rx|d|8|2
76.432561|5df|Rx|d|3|9500
76.443499|211|Rx|d|8|8200FFFFA90000D1
76.443499|214|Rx|d|2|0
76.443499|1b0|Rx|d|4|FF00FFC4
76.443732|657|Rx|d|2|C0CC
76.443732|4ac|Rx|d|5|83752A0080
76.443732|45c|Rx|d|6|00000000FFE0
76.468585|211|Rx|d|8|8200FFFFA90000D1
76.468585|214|Rx|d|2|0
76.468585|218|Rx|d|1|98
76.468585|4fa|Rx|d|2|800
76.468585|1b0|Rx|d|4|FF00FFC4
76.468585|671|Rx|d|2|200
76.468585|211|Rx|d|8|8200FFFFA90000D1
76.468585|214|Rx|d|2|0
76.468585|1b0|Rx|d|4|FF00FFC4
76.483672|4f8|Rx|d|8|94C0000000000000
76.498141|211|Rx|d|8|8200FFFFA90000D1
76.498141|214|Rx|d|2|0
76.498141|350|Rx|d|8|C02F3AFB1870A489
76.498141|1b0|Rx|d|4|FF00FFC4
76.498141|4de|Rx|d|3|C00000
76.498141|55d|Rx|d|8|00FD50C091800000
76.503451|3b7|Rx|d|6|37007FC000C0
76.513639|211|Rx|d|8|8200FFFFA90000D1
76.513639|214|Rx|d|2|0
76.513639|1b0|Rx|d|4|FF00FFC4
76.513639|5de|Rx|d|8|2
76.523561|5df|Rx|d|3|9500
76.543449|211|Rx|d|8|8200FFFFA90000D1
76.543449|214|Rx|d|2|0
76.543449|1b0|Rx|d|4|FF00FFC4
76.543449|657|Rx|d|2|C0CC
76.544748|4ac|Rx|d|5|83752A0080
76.544748|45c|Rx|d|6|00000000FFE0
76.549471|211|Rx|d|8|8200FFFFA90000D1
76.549471|214|Rx|d|2|0
76.549471|218|Rx|d|1|98
76.549471|1b0|Rx|d|4|FF00FFC4
76.549471|4fa|Rx|d|2|800
76.549471|671|Rx|d|2|200
76.569459|211|Rx|d|8|8200FFFFA90000D1
76.569459|214|Rx|d|2|0
76.569459|1b0|Rx|d|4|FF00FFC4
76.579453|4f8|Rx|d|8|94C0000000000000
76.589446|211|Rx|d|8|8200FFFFA90000D1
76.589446|214|Rx|d|2|0
76.589446|350|Rx|d|8|C02F3AFB1870A489
76.589446|1b0|Rx|d|4|FF00FFC4
76.589446|4de|Rx|d|3|C00000
76.589446|55d|Rx|d|8|00FD50C091800000
76.599440|3b7|Rx|d|6|37007FC000C0
76.609433|211|Rx|d|8|8200FFFFA90000D1
76.609433|214|Rx|d|2|0
76.609433|646|Rx|d|8|000000020000000C
76.609433|1b0|Rx|d|4|FF00FFC4
76.609433|5de|Rx|d|8|2
76.619427|5df|Rx|d|3|9500
76.629421|211|Rx|d|8|8200FFFFA90000D1
76.629421|214|Rx|d|2|0
76.629421|1b0|Rx|d|4|FF00FFC4
76.629421|657|Rx|d|2|C0CC
76.639415|4ac|Rx|d|5|83752A0080
76.639415|45c|Rx|d|6|00000000FFE0
76.649409|211|Rx|d|8|8200FFFFA90000D1
76.649409|214|Rx|d|2|0
76.649409|1b0|Rx|d|4|FF00FFC4
76.649409|218|Rx|d|1|98
76.649409|4fa|Rx|d|2|800
76.649409|671|Rx|d|2|200
76.678154|211|Rx|d|8|8200FFFFA90000D1
76.678154|214|Rx|d|2|0
76.678154|1b0|Rx|d|4|FF00FFC4
76.683586|4f8|Rx|d|8|94C0000000000000
76.703802|211|Rx|d|8|8200FFFFA90000D1
76.703802|214|Rx|d|2|0
76.703802|350|Rx|d|8|C02F3AFB1870A489
76.703802|1b0|Rx|d|4|FF00FFC4
76.703802|4de|Rx|d|3|C00000
76.703802|55d|Rx|d|8|00FD50C091800000
76.703802|3b7|Rx|d|6|37007FC000C0
76.720381|211|Rx|d|8|8200FFFFA90000D1
76.720381|214|Rx|d|2|0
76.720381|1b0|Rx|d|4|FF00FFC4
76.720381|5de|Rx|d|8|2
76.720381|5df|Rx|d|3|9500
76.743205|211|Rx|d|8|8200FFFFA90000D1
76.743205|214|Rx|d|2|0
76.743205|1b0|Rx|d|4|FF00FFC4
76.743205|657|Rx|d|2|C0CC
76.743205|69f|Rx|d|4|0650859F
76.743205|4ac|Rx|d|5|83752A0080
76.743205|45c|Rx|d|6|00000000FFE0
76.758146|211|Rx|d|8|8200FFFFA90000D1
76.758146|214|Rx|d|2|0
76.758146|1b0|Rx|d|4|FF00FFC4
76.758146|218|Rx|d|1|98
76.758146|4fa|Rx|d|2|800
76.758146|671|Rx|d|2|200
76.779742|211|Rx|d|8|8200FFFFA90000D1
76.779742|214|Rx|d|2|0
76.779742|1b0|Rx|d|4|FF00FFC4
76.783242|4f8|Rx|d|8|94C0000000000000
76.789211|211|Rx|d|8|8200FFFFA90000D1
76.789211|214|Rx|d|2|0
76.789211|350|Rx|d|8|C02F3AFB1870A489
76.789211|1b0|Rx|d|4|FF00FFC4
76.789211|4de|Rx|d|3|C00000
76.789211|55d|Rx|d|8|00FD50C091800000
76.799206|3b7|Rx|d|6|37007FC000C0
76.809199|211|Rx|d|8|8200FFFFA90000D1
76.809199|214|Rx|d|2|0
76.809199|1b0|Rx|d|4|FF00FFC4
76.809199|5de|Rx|d|8|2
76.819193|5df|Rx|d|3|9500
76.829187|211|Rx|d|8|8200FFFFA90000D1
76.829187|214|Rx|d|2|0
76.829187|1b0|Rx|d|4|FF00FFC4
76.829187|657|Rx|d|2|C0CC
76.839181|4ac|Rx|d|5|83752A0080
76.839181|45c|Rx|d|6|00000000FFE0
76.849175|211|Rx|d|8|8200FFFFA90000D1
76.849175|214|Rx|d|2|0
76.849175|218|Rx|d|1|98
76.849175|1b0|Rx|d|4|FF00FFC4
76.849175|4fa|Rx|d|2|800
76.849175|671|Rx|d|2|200
76.869162|211|Rx|d|8|8200FFFFA90000D1
76.869162|214|Rx|d|2|0
76.869162|1b0|Rx|d|4|FF00FFC4
76.879156|4f8|Rx|d|8|94C0000000000000
76.889149|211|Rx|d|8|8200FFFFA90000D1
76.889149|214|Rx|d|2|0
76.889149|350|Rx|d|8|C02F3AFB1870A489
76.889149|1b0|Rx|d|4|FF00FFC4
76.889149|4de|Rx|d|3|C00000
76.889149|55d|Rx|d|8|00FD50C091800000
76.903545|3b7|Rx|d|6|37007FC000C0
76.918350|211|Rx|d|8|8200FFFFA90000D1
76.918350|214|Rx|d|2|0
76.918350|1b0|Rx|d|4|FF00FFC4
76.918350|5de|Rx|d|8|2
76.920379|5df|Rx|d|3|9500
76.933316|211|Rx|d|8|8200FFFFA90000D1
76.933316|214|Rx|d|2|0
76.933316|1b0|Rx|d|4|FF00FFC4
76.933316|657|Rx|d|2|C0CC
76.943217|4ac|Rx|d|5|83752A0080
76.943217|45c|Rx|d|6|00000000FFE0
76.953125|211|Rx|d|8|8200FFFFA90000D1
76.953125|214|Rx|d|2|0
76.953125|1b0|Rx|d|4|FF00FFC4
76.953125|218|Rx|d|1|98
76.953125|4fa|Rx|d|2|800
76.953125|671|Rx|d|2|200
76.973178|211|Rx|d|8|8200FFFFA90000D1
76.973178|214|Rx|d|2|0
76.973178|1b0|Rx|d|4|FF00FFC4
76.983480|4f8|Rx|d|8|94C0000000000000
76.993302|211|Rx|d|8|8200FFFFA90000D1
76.993302|214|Rx|d|2|0
76.993302|350|Rx|d|8|C02F3AFB1870A489
76.993302|1b0|Rx|d|4|FF00FFC4
76.993302|4de|Rx|d|3|C00000
76.993302|55d|Rx|d|8|00FD50C091800000
77.008333|3b7|Rx|d|6|37007FC000C0
77.013113|211|Rx|d|8|8200FFFFA90000D1
77.013113|214|Rx|d|2|0
77.013113|1b0|Rx|d|4|FF00FFC4
77.013113|5de|Rx|d|8|2
77.019077|5df|Rx|d|3|9500
77.033116|211|Rx|d|8|8200FFFFA90000D1
77.033116|214|Rx|d|2|0
77.033116|1b0|Rx|d|4|FF00FFC4
77.033116|657|Rx|d|2|C0CC
77.043149|4ac|Rx|d|5|83752A0080
77.043149|45c|Rx|d|6|00000000FFE0
77.053186|211|Rx|d|8|8200FFFFA90000D1
77.053186|214|Rx|d|2|0
77.053186|218|Rx|d|1|98
77.053186|4fa|Rx|d|2|800
77.053186|1b0|Rx|d|4|FF00FFC4
77.053186|671|Rx|d|2|200
77.083439|211|Rx|d|8|8200FFFFA90000D1
77.083439|214|Rx|d|2|0
77.083439|1b0|Rx|d|4|FF00FFC4
77.093627|4f8|Rx|d|8|94C0000000000000
77.093627|211|Rx|d|8|8200FFFFA90000D1
77.093627|214|Rx|d|2|0
77.093627|350|Rx|d|8|C02F3AFB1870A489
77.093627|1b0|Rx|d|4|FF00FFC4
77.093627|4de|Rx|d|3|C00000
77.093627|55d|Rx|d|8|00FD50C091800000
77.118320|3b7|Rx|d|6|37007FC000C0
77.118320|211|Rx|d|8|8200FFFFA90000D1
77.118320|214|Rx|d|2|0
77.118320|1b0|Rx|d|4|FF00FFC4
77.118320|646|Rx|d|8|000000020000000C
77.118320|5de|Rx|d|8|2
77.118320|5df|Rx|d|3|9500
77.139897|211|Rx|d|8|8200FFFFA90000D1
77.139897|214|Rx|d|2|0
77.139897|1b0|Rx|d|4|FF00FFC4
77.139897|657|Rx|d|2|C0CC
77.139897|4ac|Rx|d|5|83762A0080
77.139897|45c|Rx|d|6|00000000FFE0
77.163639|211|Rx|d|8|8200FFFFA90000D1
77.163639|214|Rx|d|2|0
77.163639|1b0|Rx|d|4|FF00FFC4
77.163639|218|Rx|d|1|98
77.163639|4fa|Rx|d|2|800
77.163639|671|Rx|d|2|200
77.183698|211|Rx|d|8|8200FFFFA90000D1
77.183698|214|Rx|d|2|0
77.183698|1b0|Rx|d|4|FF00FFC4
77.183698|4f8|Rx|d|8|94C0000000000000
77.203422|211|Rx|d|8|8200FFFFA90000D1
77.203422|214|Rx|d|2|0
77.203422|350|Rx|d|8|C02F3AFB1870A489
77.203422|1b0|Rx|d|4|FF00FFC4
77.203422|4de|Rx|d|3|C00000
77.203422|55d|Rx|d|8|00FD50C091800000
77.203422|3b7|Rx|d|6|37007FC000C0
77.213430|211|Rx|d|8|8200FFFFA90000D1
77.213430|214|Rx|d|2|0
77.213430|1b0|Rx|d|4|FF00FFC4
77.213430|5de|Rx|d|8|2
77.233338|5df|Rx|d|3|9500
77.233338|211|Rx|d|8|8200FFFFA90000D1
77.233338|214|Rx|d|2|0
77.233338|1b0|Rx|d|4|FF00FFC4
77.233338|657|Rx|d|2|C0CC
77.253685|4ac|Rx|d|5|83762A0080
77.253685|45c|Rx|d|6|00000000FFE0
77.259509|211|Rx|d|8|8200FFFFA90000D1
77.259509|214|Rx|d|2|0
77.259509|1b0|Rx|d|4|FF00FFC4
77.259509|218|Rx|d|1|98
77.259509|4fa|Rx|d|2|800
77.259509|671|Rx|d|2|200
77.273477|211|Rx|d|8|8200FFFFA90000D1
77.273477|214|Rx|d|2|0
77.273477|1b0|Rx|d|4|FF00FFC4
77.288397|4f8|Rx|d|8|94C0000000000000
77.293855|211|Rx|d|8|8200FFFFA90000D1
77.293855|214|Rx|d|2|0
77.293855|350|Rx|d|8|C02F3AFB1870A489
77.293855|1b0|Rx|d|4|FF00FFC4
77.293855|4de|Rx|d|3|C00000
77.293855|55d|Rx|d|8|00FD50C091800000
77.313572|3b7|Rx|d|6|37007FC000C0
77.313572|211|Rx|d|8|8200FFFFA90000D1
77.313572|214|Rx|d|2|0
77.313572|1b0|Rx|d|4|FF00FFC4
77.313572|5de|Rx|d|8|2
77.338100|5df|Rx|d|3|9500
77.338100|211|Rx|d|8|8200FFFFA90000D1
77.338100|214|Rx|d|2|0
77.338100|1b0|Rx|d|4|FF00FFC4
77.338100|657|Rx|d|2|C0CC
77.338100|4ac|Rx|d|5|83752A0080
77.338100|45c|Rx|d|6|00000000FFE0
77.363286|211|Rx|d|8|8200FFFFA90000D1
77.363286|214|Rx|d|2|0
77.363286|1b0|Rx|d|4|FF00FFC4
77.363286|218|Rx|d|1|98
77.363286|4fa|Rx|d|2|800
77.363286|671|Rx|d|2|200
77.378152|211|Rx|d|8|8200FFFFA90000D1
77.378152|214|Rx|d|2|0
77.378152|1b0|Rx|d|4|FF00FFC4
77.383240|4f8|Rx|d|8|94C0000000000000
77.403966|211|Rx|d|8|8200FFFFA90000D1
77.403966|214|Rx|d|2|0
77.403966|350|Rx|d|8|C02F3AFB1870A489
77.403966|1b0|Rx|d|4|FF00FFC4
77.403966|4de|Rx|d|3|C00000
77.403966|55d|Rx|d|8|00FD50C091800000
77.403966|3b7|Rx|d|6|37007FC000C0
77.423282|211|Rx|d|8|8200FFFFA90000D1
77.423282|214|Rx|d|2|0
77.423282|1b0|Rx|d|4|FF00FFC4
77.423282|5de|Rx|d|8|2
77.423282|5df|Rx|d|3|9500
77.438509|211|Rx|d|8|8200FFFFA90000D1
77.438509|214|Rx|d|2|0
77.438509|1b0|Rx|d|4|FF00FFC4
77.438509|657|Rx|d|2|C0CC
77.443090|4ac|Rx|d|5|83762A0080
77.443090|45c|Rx|d|6|00000000FFE0
77.458438|211|Rx|d|8|8200FFFFA90000D1
77.458438|214|Rx|d|2|0
77.458438|1b0|Rx|d|4|FF00FFC4
77.458438|218|Rx|d|1|98
77.458438|4fa|Rx|d|2|800
77.458438|671|Rx|d|2|200
77.473699|211|Rx|d|8|8200FFFFA90000D1
77.473699|214|Rx|d|2|0
77.473699|1b0|Rx|d|4|FF00FFC4
77.488360|4f8|Rx|d|8|94C0000000000000
77.488360|211|Rx|d|8|8200FFFFA90000D1
77.488360|214|Rx|d|2|0
77.488360|350|Rx|d|8|C02F3AFB1870A489
77.488360|1b0|Rx|d|4|FF00FFC4
77.488360|4de|Rx|d|3|C00000
77.488360|55d|Rx|d|8|00FD50C091800000
77.508343|3b7|Rx|d|6|37007FC000C0
77.508343|211|Rx|d|8|8200FFFFA90000D1
77.508343|214|Rx|d|2|0
77.508343|1b0|Rx|d|4|FF00FFC4
77.508343|5de|Rx|d|8|2
77.521952|5df|Rx|d|3|9500
77.533414|211|Rx|d|8|8200FFFFA90000D1
77.533414|214|Rx|d|2|0
77.533414|1b0|Rx|d|4|FF00FFC4
77.533414|657|Rx|d|2|C0CC
77.548188|4ac|Rx|d|5|83752A0080
77.548188|45c|Rx|d|6|00000000FFE0
77.548188|211|Rx|d|8|8200FFFFA90000D1
77.548188|214|Rx|d|2|0
77.548188|1b0|Rx|d|4|FF00FFC4
77.548188|218|Rx|d|1|98
77.548188|4fa|Rx|d|2|800
77.548188|671|Rx|d|2|200
77.573639|211|Rx|d|8|8200FFFFA90000D1
77.573639|214|Rx|d|2|0
77.573639|1b0|Rx|d|4|FF00FFC4
77.593697|4f8|Rx|d|8|94C0000000000000
77.603558|211|Rx|d|8|8200FFFFA90000D1
77.603558|214|Rx|d|2|0
77.603558|350|Rx|d|8|C02F3AFB1870A489
77.603558|1b0|Rx|d|4|FF00FFC4
77.603558|4de|Rx|d|3|C00000
77.603558|55d|Rx|d|8|00FD50C091800000
77.603558|3b7|Rx|d|6|37007FC000C0
77.622309|211|Rx|d|8|8200FFFFA90000D1
77.622309|214|Rx|d|2|0
77.622309|1b0|Rx|d|4|FF00FFC4
77.622309|5de|Rx|d|8|2
77.622309|646|Rx|d|8|000000020000000C
77.622309|5df|Rx|d|3|9500
77.643829|211|Rx|d|8|8200FFFFA90000D1
77.643829|214|Rx|d|2|0
77.643829|1b0|Rx|d|4|FF00FFC4
77.643829|657|Rx|d|2|C0CC
77.643829|4ac|Rx|d|5|83752A0080
77.643829|45c|Rx|d|6|00000000FFE0
77.668552|211|Rx|d|8|8200FFFFA90000D1
77.668552|214|Rx|d|2|0
77.668552|1b0|Rx|d|4|FF00FFC4
77.668552|218|Rx|d|1|98
77.668552|4fa|Rx|d|2|800
77.668552|671|Rx|d|2|200
77.668552|211|Rx|d|8|8200FFFFA90000D1
77.668552|214|Rx|d|2|0
77.668552|1b0|Rx|d|4|FF00FFC4
77.693719|4f8|Rx|d|8|94C0000000000000
77.693719|211|Rx|d|8|8200FFFFA90000D1
77.693719|214|Rx|d|2|0
77.693719|350|Rx|d|8|C02F3AFB1870A489
77.693719|1b0|Rx|d|4|FF00FFC4
77.693719|4de|Rx|d|3|C00000
77.693719|55d|Rx|d|8|00FD50C091800000
77.721873|3b7|Rx|d|6|37007FC000C0
77.721873|211|Rx|d|8|8200FFFFA90000D1
77.721873|1b0|Rx|d|4|FF00FFC4
77.721873|214|Rx|d|2|0
77.721873|5de|Rx|d|8|2
77.721873|5df|Rx|d|3|9500
77.743707|211|Rx|d|8|8200FFFFA90000D1
77.743707|1b0|Rx|d|4|FF00FFC4
77.743707|214|Rx|d|2|0
77.743707|657|Rx|d|2|C0CC
77.743707|69f|Rx|d|4|0650859F
77.743707|4ac|Rx|d|5|83752A0080
77.743707|45c|Rx|d|6|00000000FFE0
77.758566|211|Rx|d|8|8200FFFFA90000D1
77.758566|1b0|Rx|d|4|FF00FFC4
77.758566|214|Rx|d|2|0
77.758566|218|Rx|d|1|98
77.758566|4fa|Rx|d|2|800
77.758566|671|Rx|d|2|200
77.778323|211|Rx|d|8|8200FFFFA90000D1
77.778323|1b0|Rx|d|4|FF00FFC4
77.778323|214|Rx|d|2|0
77.783410|4f8|Rx|d|8|94C0000000000000
77.798363|211|Rx|d|8|8200FFFFA90000D1
77.798363|214|Rx|d|2|0
77.798363|350|Rx|d|8|C02F3AFB1870A489
77.798363|1b0|Rx|d|4|FF00FFC4
77.798363|4de|Rx|d|3|C00000
77.798363|55d|Rx|d|8|00FD50C091800000
77.803487|3b7|Rx|d|6|37007FC000C0
77.818126|211|Rx|d|8|8200FFFFA90000D1
77.818126|214|Rx|d|2|0
77.818126|1b0|Rx|d|4|FF00FFC4
77.818126|5de|Rx|d|8|2
77.822190|5df|Rx|d|3|9500
77.840863|211|Rx|d|8|8200FFFFA90000D1
77.840863|214|Rx|d|2|0
77.840863|1b0|Rx|d|4|FF00FFC4
77.840863|657|Rx|d|2|C0CC
77.843486|4ac|Rx|d|5|83762A0080
77.843486|45c|Rx|d|6|00000000FFE0
77.849733|211|Rx|d|8|8200FFFFA90000D1
77.849733|214|Rx|d|2|0
77.849733|1b0|Rx|d|4|FF00FFC4
77.849733|218|Rx|d|1|98
77.849733|4fa|Rx|d|2|800
77.849733|671|Rx|d|2|200
77.869721|211|Rx|d|8|8200FFFFA90000D1
77.869721|214|Rx|d|2|0
77.869721|1b0|Rx|d|4|FF00FFC4
77.879714|4f8|Rx|d|8|94C0000000000000
77.889712|211|Rx|d|8|8200FFFFA90000D1
77.889712|350|Rx|d|8|C02F3AFB1870A489
77.889712|214|Rx|d|2|0
77.889712|1b0|Rx|d|4|FF00FFC4
77.889712|4de|Rx|d|3|C00000
77.889712|55d|Rx|d|8|00FD50C091800000
77.899702|3b7|Rx|d|6|37007FC000C0
77.909696|211|Rx|d|8|8200FFFFA90000D1
77.909696|1b0|Rx|d|4|FF00FFC4
77.909696|214|Rx|d|2|0
77.909696|5de|Rx|d|8|2
77.917692|5df|Rx|d|3|9500
77.929685|211|Rx|d|8|8200FFFFA90000D1
77.929685|1b0|Rx|d|4|FF00FFC4
77.929685|214|Rx|d|2|0
77.929685|657|Rx|d|2|C0CC
77.939678|4ac|Rx|d|5|83752A0080
77.939678|45c|Rx|d|6|00000000FFE0
77.949673|211|Rx|d|8|8200FFFFA90000D1
77.949673|1b0|Rx|d|4|FF00FFC4
77.949673|214|Rx|d|2|0
77.949673|218|Rx|d|1|98
77.949673|4fa|Rx|d|2|800
77.949673|671|Rx|d|2|200
77.973497|211|Rx|d|8|8200FFFFA90000D1
77.973497|1b0|Rx|d|4|FF00FFC4
77.973497|214|Rx|d|2|0
77.988587|4f8|Rx|d|8|94C0000000000000
77.993139|211|Rx|d|8|8200FFFFA90000D1
77.993139|350|Rx|d|8|C02F3AFB1870A489
77.993139|214|Rx|d|2|0
77.993139|1b0|Rx|d|4|FF00FFC4
77.993139|4de|Rx|d|3|C00000
77.993139|55d|Rx|d|8|00FD50C091800000
78.003608|3b7|Rx|d|6|37007FC000C0
78.013311|211|Rx|d|8|8200FFFFA90000D1
78.013311|1b0|Rx|d|4|FF00FFC4
78.013311|214|Rx|d|2|0
78.013311|5de|Rx|d|8|2
78.033682|5df|Rx|d|3|9500
78.033682|211|Rx|d|8|8200FFFFA90000D1
78.033682|1b0|Rx|d|4|FF00FFC4
78.033682|214|Rx|d|2|0
78.033682|657|Rx|d|2|C0CC
78.063992|4ac|Rx|d|5|83752A0080
78.063992|45c|Rx|d|6|00000000FFE0
78.063992|211|Rx|d|8|8200FFFFA90000D1
78.063992|1b0|Rx|d|4|FF00FFC4
78.063992|214|Rx|d|2|0
78.063992|218|Rx|d|1|98
78.063992|4fa|Rx|d|2|800
78.063992|671|Rx|d|2|200
78.083664|211|Rx|d|8|8200FFFFA90000D1
78.083664|1b0|Rx|d|4|FF00FFC4
78.083664|214|Rx|d|2|0
78.088673|4f8|Rx|d|8|94C0000000000000
78.088673|211|Rx|d|8|8200FFFFA90000D1
78.088673|350|Rx|d|8|C02F3AFB1870A489
78.088673|214|Rx|d|2|0
78.088673|1b0|Rx|d|4|FF00FFC4
78.088673|6fb|Rx|d|8|0F01A454FF0000FF
78.088673|4de|Rx|d|3|C00000
78.088673|55d|Rx|d|8|00FD50C091800000
78.113423|3b7|Rx|d|6|37007FC000C0
78.113423|211|Rx|d|8|8200FFFFA90000D1
78.113423|1b0|Rx|d|4|FF00FFC4
78.113423|214|Rx|d|2|0
78.113423|5de|Rx|d|8|2
78.113423|646|Rx|d|8|000000020000000C
78.141758|5df|Rx|d|3|9500
78.141758|5ce|Rx|d|3|FEFF00
78.141758|211|Rx|d|8|8200FFFFA90000D1
78.141758|1b0|Rx|d|4|FF00FFC4
78.141758|214|Rx|d|2|0
78.141758|657|Rx|d|2|C0CC
78.141758|4ac|Rx|d|5|83752A0080
78.141758|45c|Rx|d|6|00000000FFE0
78.163653|211|Rx|d|8|8200FFFFA90000D1
78.163653|1b0|Rx|d|4|FF00FFC4
78.163653|214|Rx|d|2|0
78.163653|218|Rx|d|1|98
78.163653|4fa|Rx|d|2|800
78.163653|671|Rx|d|2|200
78.178307|211|Rx|d|8|8200FFFFA90000D1
78.178307|1b0|Rx|d|4|FF00FFC4
78.178307|214|Rx|d|2|0
78.183580|4f8|Rx|d|8|94C0000000000000
78.203685|211|Rx|d|8|8200FFFFA90000D1
78.203685|350|Rx|d|8|C02F3AFB1870A489
78.203685|214|Rx|d|2|0
78.203685|1b0|Rx|d|4|FF00FFC4
78.203685|4de|Rx|d|3|C00000
78.203685|55d|Rx|d|8|00FD50C091800000
78.203685|3b7|Rx|d|6|37007FC000C0
78.223360|211|Rx|d|8|8200FFFFA90000D1
78.223360|1b0|Rx|d|4|FF00FFC4
78.223360|214|Rx|d|2|0
78.223360|5de|Rx|d|8|2
78.223360|5df|Rx|d|3|9500
78.253398|211|Rx|d|8|8200FFFFA90000D1
78.253398|1b0|Rx|d|4|FF00FFC4
78.253398|214|Rx|d|2|0
78.253398|657|Rx|d|2|C0CC
78.253398|4ac|Rx|d|5|83752A0080
78.253398|45c|Rx|d|6|00000000FFE0
78.253398|211|Rx|d|8|8200FFFFA90000D1
78.253398|1b0|Rx|d|4|FF00FFC4
78.253398|214|Rx|d|2|0
78.253398|218|Rx|d|1|98
78.253398|4fa|Rx|d|2|800
78.253398|671|Rx|d|2|200
78.283026|211|Rx|d|8|8200FFFFA90000D1
78.283026|214|Rx|d|2|0
78.283026|1b0|Rx|d|4|FF00FFC4
78.283026|4f8|Rx|d|8|94C0000000000000
78.313228|211|Rx|d|8|8200FFFFA90000D1
78.313228|214|Rx|d|2|0
78.313228|350|Rx|d|8|C02F3AFB1870A489
78.313228|1b0|Rx|d|4|FF00FFC4
78.313228|4de|Rx|d|3|C00000
78.313228|55d|Rx|d|8|00FD50C091800000
78.313228|3b7|Rx|d|6|37007FC000C0
78.323651|211|Rx|d|8|8200FFFFA90000D1
78.323651|214|Rx|d|2|0
78.323651|1b0|Rx|d|4|FF00FFC4
78.323651|5de|Rx|d|8|2
78.323651|5df|Rx|d|3|9500
78.343084|211|Rx|d|8|8200FFFFA90000D1
78.343084|214|Rx|d|2|0
78.343084|1b0|Rx|d|4|FF00FFC4
78.343084|657|Rx|d|2|C0CC
78.348516|4ac|Rx|d|5|83752A0080
78.348516|45c|Rx|d|6|00000000FFE0
78.348516|211|Rx|d|8|8200FFFFA90000D1
78.348516|214|Rx|d|2|0
78.348516|1b0|Rx|d|4|FF00FFC4
78.348516|218|Rx|d|1|98
78.348516|4fa|Rx|d|2|800
78.348516|671|Rx|d|2|200
78.383619|211|Rx|d|8|8200FFFFA90000D1
78.383619|214|Rx|d|2|0
78.383619|1b0|Rx|d|4|FF00FFC4
78.383619|4f8|Rx|d|8|94C0000000000000
78.403666|211|Rx|d|8|8200FFFFA90000D1
78.403666|214|Rx|d|2|0
78.403666|350|Rx|d|8|C02F3AFB1870A489
78.403666|1b0|Rx|d|4|FF00FFC4
78.403666|4de|Rx|d|3|C00000
78.403666|55d|Rx|d|8|00FD50C091800000
78.403666|3b7|Rx|d|6|37007FC000C0
78.413720|211|Rx|d|8|8200FFFFA90000D1
78.413720|214|Rx|d|2|0
78.413720|1b0|Rx|d|4|FF00FFC4
78.413720|5de|Rx|d|8|2
78.432695|5df|Rx|d|3|9500
78.432695|211|Rx|d|8|8200FFFFA90000D1
78.432695|214|Rx|d|2|0
78.432695|1b0|Rx|d|4|FF00FFC4
78.432695|657|Rx|d|2|C0CC
78.453170|4ac|Rx|d|5|83752A0080
78.453170|45c|Rx|d|6|00000000FFE0
78.453170|211|Rx|d|8|8200FFFFA90000D1
78.453170|214|Rx|d|2|0
78.453170|1b0|Rx|d|4|FF00FFC4
78.453170|218|Rx|d|1|98
78.453170|4fa|Rx|d|2|800
78.453170|671|Rx|d|2|200
78.483782|211|Rx|d|8|8200FFFFA90000D1
78.483782|214|Rx|d|2|0
78.483782|1b0|Rx|d|4|FF00FFC4
78.483782|4f8|Rx|d|8|94C0000000000000
78.503418|211|Rx|d|8|8200FFFFA90000D1
78.503418|350|Rx|d|8|C02F3AFB1870A489
78.503418|1b0|Rx|d|4|FF00FFC4
78.503418|214|Rx|d|2|0
78.503418|4de|Rx|d|3|C00000
78.503418|55d|Rx|d|8|00FD50C091800000
78.503418|3b7|Rx|d|6|37007FC000C0
78.518585|211|Rx|d|8|8200FFFFA90000D1
78.518585|1b0|Rx|d|4|FF00FFC4
78.518585|5de|Rx|d|8|2
78.518585|214|Rx|d|2|0
78.523203|5df|Rx|d|3|9500
78.543601|211|Rx|d|8|8200FFFFA90000D1
78.543601|1b0|Rx|d|4|FF00FFC4
78.543601|657|Rx|d|2|C0CC
78.543601|214|Rx|d|2|0
78.553660|4ac|Rx|d|5|83752A0080
78.553660|45c|Rx|d|6|00000000FFE0
78.553660|211|Rx|d|8|8200FFFFA90000D1
78.553660|1b0|Rx|d|4|FF00FFC4
78.553660|214|Rx|d|2|0
78.553660|218|Rx|d|1|98
78.553660|4fa|Rx|d|2|800
78.553660|671|Rx|d|2|200
78.582971|211|Rx|d|8|8200FFFFA90000D1
78.582971|1b0|Rx|d|4|FF00FFC4
78.582971|214|Rx|d|2|0
78.582971|4f8|Rx|d|8|94C0000000000000
78.604058|211|Rx|d|8|8200FFFFA90000D1
78.604058|350|Rx|d|8|C02F3AFB1870A489
78.604058|214|Rx|d|2|0
78.604058|1b0|Rx|d|4|FF00FFC4
78.604058|4de|Rx|d|3|C00000
78.604058|55d|Rx|d|8|00FD50C091800000
78.604058|3b7|Rx|d|6|37007FC000C0
78.623742|211|Rx|d|8|8200FFFFA90000D1
78.623742|1b0|Rx|d|4|FF00FFC4
78.623742|214|Rx|d|2|0
78.623742|5de|Rx|d|8|2
78.623742|646|Rx|d|8|000000020000000C
78.623742|5df|Rx|d|3|9500
78.633904|211|Rx|d|8|8200FFFFA90000D1
78.633904|1b0|Rx|d|4|FF00FFC4
78.633904|214|Rx|d|2|0
78.633904|657|Rx|d|2|C0CC
78.653679|4ac|Rx|d|5|83752A0080
78.653679|45c|Rx|d|6|00000000FFE0
78.663139|211|Rx|d|8|8200FFFFA90000D1
78.663139|1b0|Rx|d|4|FF00FFC4
78.663139|214|Rx|d|2|0
78.663139|218|Rx|d|1|98
78.663139|4fa|Rx|d|2|800
78.663139|671|Rx|d|2|200
78.678580|1b0|Rx|d|4|FF00FFC4
78.678580|211|Rx|d|8|8200FFFFA90000D1
78.678580|214|Rx|d|2|0
78.680799|4f8|Rx|d|8|94C0000000000000
78.687958|350|Rx|d|8|C02F3AFB1870A489
78.687958|211|Rx|d|8|8200FFFFA90000D1
78.687958|1b0|Rx|d|4|FF00FFC4
78.687958|214|Rx|d|2|0
78.689955|4de|Rx|d|3|C00000
78.689955|55d|Rx|d|8|00FD50C091800000
78.699950|3b7|Rx|d|6|37007FC000C0
78.707946|1b0|Rx|d|4|FF00FFC4
78.707946|211|Rx|d|8|8200FFFFA90000D1
78.707946|5de|Rx|d|8|2
78.707946|214|Rx|d|2|0
78.717940|5df|Rx|d|3|9500
78.729931|1b0|Rx|d|4|FF00FFC4
78.729931|211|Rx|d|8|8200FFFFA90000D1
78.729931|657|Rx|d|2|C0CC
78.729931|214|Rx|d|2|0
78.729931|69f|Rx|d|4|0650859F
78.737926|4ac|Rx|d|5|83752A0080
78.737926|45c|Rx|d|6|00000000FFE0
78.747921|1b0|Rx|d|4|FF00FFC4
78.747921|211|Rx|d|8|8200FFFFA90000D1
78.747921|214|Rx|d|2|0
78.747921|218|Rx|d|1|98
78.747921|4fa|Rx|d|2|800
78.747921|671|Rx|d|2|200
78.767908|1b0|Rx|d|4|FF00FFC4
78.767908|211|Rx|d|8|8200FFFFA90000D1
78.767908|214|Rx|d|2|0
78.779901|4f8|Rx|d|8|94C0000000000000
78.789895|350|Rx|d|8|C02F3AFB1870A489
78.789895|211|Rx|d|8|8200FFFFA90000D1
78.789895|1b0|Rx|d|4|FF00FFC4
78.789895|214|Rx|d|2|0
78.789895|4de|Rx|d|3|C00000
78.789895|55d|Rx|d|8|00FD50C091800000
78.803402|3b7|Rx|d|6|37007FC000C0
78.823802|1b0|Rx|d|4|FF00FFC4
78.823802|211|Rx|d|8|8200FFFFA90000D1
78.823802|5de|Rx|d|8|2
78.823802|214|Rx|d|2|0
78.833827|5df|Rx|d|3|9500
78.833827|1b0|Rx|d|4|FF00FFC4
78.833857|211|Rx|d|8|8200FFFFA90000D1
78.833857|657|Rx|d|2|C0CC
78.833857|214|Rx|d|2|0
78.863632|4ac|Rx|d|5|83752A0080
78.863632|45c|Rx|d|6|00000000FFE0
78.863632|1b0|Rx|d|4|FF00FFC4
78.863632|211|Rx|d|8|8200FFFFA90000D1
78.863632|214|Rx|d|2|0
78.863632|218|Rx|d|1|98
78.863632|4fa|Rx|d|2|800
78.863632|671|Rx|d|2|200
78.883339|1b0|Rx|d|4|FF00FFC4
78.883339|211|Rx|d|8|8200FFFFA90000D1
78.883339|214|Rx|d|2|0
78.883339|4f8|Rx|d|8|94C0000000000000
78.903256|350|Rx|d|8|C02F3AFB1870A489
78.903256|211|Rx|d|8|8200FFFFA90000D1
78.903256|1b0|Rx|d|4|FF00FFC4
78.903256|214|Rx|d|2|0
78.903256|4de|Rx|d|3|C00000
78.903256|55d|Rx|d|8|00FD50C091800000
78.903256|3b7|Rx|d|6|37007FC000C0
78.915277|1b0|Rx|d|4|FF00FFC4
78.915277|211|Rx|d|8|8200FFFFA90000D1
78.915277|5de|Rx|d|8|2
78.915277|214|Rx|d|2|0
78.920136|5df|Rx|d|3|9500
78.928131|1b0|Rx|d|4|FF00FFC4
78.928131|211|Rx|d|8|8200FFFFA90000D1
78.928131|657|Rx|d|2|C0CC
78.928131|214|Rx|d|2|0
78.938128|4ac|Rx|d|5|83752A0080
78.938128|45c|Rx|d|6|00000000FFE0
78.948117|1b0|Rx|d|4|FF00FFC4
78.948117|211|Rx|d|8|8200FFFFA90000D1
78.948117|214|Rx|d|2|0
78.948117|218|Rx|d|1|98
78.948117|4fa|Rx|d|2|800
78.948117|671|Rx|d|2|200
78.968105|1b0|Rx|d|4|FF00FFC4
78.968105|211|Rx|d|8|8200FFFFA90000D1
78.968105|214|Rx|d|2|0
78.980099|4f8|Rx|d|8|94C0000000000000
78.988100|350|Rx|d|8|C02F3AFB1870A489
78.988100|211|Rx|d|8|8200FFFFA90000D1
78.988100|1b0|Rx|d|4|FF00FFC4
78.988100|214|Rx|d|2|0
78.988100|4de|Rx|d|3|C00000
78.988100|55d|Rx|d|8|00FD50C091800000
79.000086|3b7|Rx|d|6|37007FC000C0
79.008081|1b0|Rx|d|4|FF00FFC4
79.008081|211|Rx|d|8|8200FFFFA90000D1
79.008081|5de|Rx|d|8|2
79.008081|214|Rx|d|2|0
79.018075|5df|Rx|d|3|9500
79.028069|1b0|Rx|d|4|FF00FFC4
79.028069|211|Rx|d|8|8200FFFFA90000D1
79.028069|657|Rx|d|2|C0CC
79.028069|214|Rx|d|2|0
79.038334|4ac|Rx|d|5|83752A0080
79.038334|45c|Rx|d|6|00000000FFE0
79.053563|1b0|Rx|d|4|FF00FFC4
79.053563|211|Rx|d|8|8200FFFFA90000D1
79.053563|214|Rx|d|2|0
79.053563|218|Rx|d|1|98
79.053563|4fa|Rx|d|2|800
79.053563|671|Rx|d|2|200
79.083408|211|Rx|d|8|8200FFFFA90000D1
79.083408|1b0|Rx|d|4|FF00FFC4
79.083408|214|Rx|d|2|0
79.088194|4f8|Rx|d|8|94C0000000000000
79.088194|350|Rx|d|8|C02F3AFB1870A489
79.088194|211|Rx|d|8|8200FFFFA90000D1
79.088194|1b0|Rx|d|4|FF00FFC4
79.088194|4de|Rx|d|3|C00000
79.088194|214|Rx|d|2|0
79.088194|55d|Rx|d|8|00FD50C091800000
79.108377|3b7|Rx|d|6|37007FC000C0
79.108377|211|Rx|d|8|8200FFFFA90000D1
79.108377|1b0|Rx|d|4|FF00FFC4
79.108377|214|Rx|d|2|0
79.108377|5de|Rx|d|8|2
79.108377|646|Rx|d|8|000000020000000C
79.133571|5df|Rx|d|3|9500
79.133571|211|Rx|d|8|8200FFFFA90000D1
79.133571|1b0|Rx|d|4|FF00FFC4
79.133571|214|Rx|d|2|0
79.133571|657|Rx|d|2|C0CC
79.148227|4ac|Rx|d|5|83752A0080
79.148227|45c|Rx|d|6|00000000FFE0
79.148227|211|Rx|d|8|8200FFFFA90000D1
79.148227|1b0|Rx|d|4|FF00FFC4
79.148227|214|Rx|d|2|0
79.148227|218|Rx|d|1|98
79.148227|4fa|Rx|d|2|800
79.148227|671|Rx|d|2|200
79.183580|211|Rx|d|8|8200FFFFA90000D1
79.183580|1b0|Rx|d|4|FF00FFC4
79.183580|214|Rx|d|2|0
79.183580|4f8|Rx|d|8|94C0000000000000
79.213193|211|Rx|d|8|8200FFFFA90000D1
79.213193|350|Rx|d|8|C02F3AFB1870A489
79.213193|214|Rx|d|2|0
79.213193|1b0|Rx|d|4|FF00FFC4
79.213193|4de|Rx|d|3|C00000
79.213193|55d|Rx|d|8|00FD50C091800000
79.213193|3b7|Rx|d|6|37007FC000C0
79.213193|211|Rx|d|8|8200FFFFA90000D1
79.213193|1b0|Rx|d|4|FF00FFC4
79.213193|214|Rx|d|2|0
79.213193|5de|Rx|d|8|2
79.243915|5df|Rx|d|3|9500
79.243915|211|Rx|d|8|8200FFFFA90000D1
79.243915|1b0|Rx|d|4|FF00FFC4
79.243915|214|Rx|d|2|0
79.243915|657|Rx|d|2|C0CC
79.243915|4ac|Rx|d|5|83752A0080
79.243915|45c|Rx|d|6|00000000FFE0
79.265127|211|Rx|d|8|8200FFFFA90000D1
79.265127|1b0|Rx|d|4|FF00FFC4
79.265127|214|Rx|d|2|0
79.265127|218|Rx|d|1|98
79.265127|4fa|Rx|d|2|800
79.265127|671|Rx|d|2|200
79.275502|211|Rx|d|8|8200FFFFA90000D1
79.275502|1b0|Rx|d|4|FF00FFC4
79.275502|214|Rx|d|2|0
79.293445|4f8|Rx|d|8|94C0000000000000
79.302870|211|Rx|d|8|8200FFFFA90000D1
79.302870|350|Rx|d|8|C02F3AFB1870A489
79.302870|1b0|Rx|d|4|FF00FFC4
79.302870|214|Rx|d|2|0
79.302870|4de|Rx|d|3|C00000
79.302870|55d|Rx|d|8|00FD50C091800000
79.302870|3b7|Rx|d|6|37007FC000C0
79.323914|211|Rx|d|8|8200FFFFA90000D1
79.323914|1b0|Rx|d|4|FF00FFC4
79.323914|5de|Rx|d|8|2
79.323914|214|Rx|d|2|0
79.323914|5df|Rx|d|3|9500
79.353193|211|Rx|d|8|8200FFFFA90000D1
79.353193|1b0|Rx|d|4|FF00FFC4
79.353193|214|Rx|d|2|0
79.353193|657|Rx|d|2|C0CC
79.353193|4ac|Rx|d|5|83752A0080
79.353193|45c|Rx|d|6|00000000FFE0
79.353193|211|Rx|d|8|8200FFFFA90000D1
79.353193|1b0|Rx|d|4|FF00FFC4
79.353193|214|Rx|d|2|0
79.353193|218|Rx|d|1|98
79.353193|4fa|Rx|d|2|800
79.353193|671|Rx|d|2|200
79.378410|211|Rx|d|8|8200FFFFA90000D1
79.378410|1b0|Rx|d|4|FF00FFC4
79.378410|214|Rx|d|2|0
79.383487|4f8|Rx|d|8|94C0000000000000
79.396291|211|Rx|d|8|8200FFFFA90000D1
79.396291|350|Rx|d|8|C02F3AFB1870A489
79.396291|214|Rx|d|2|0
79.396291|1b0|Rx|d|4|FF00FFC4
79.396291|4de|Rx|d|3|C00000
79.396291|55d|Rx|d|8|00FD50C091800000
79.413584|3b7|Rx|d|6|37007FC000C0
79.413584|211|Rx|d|8|8200FFFFA90000D1
79.413584|1b0|Rx|d|4|FF00FFC4
79.413584|214|Rx|d|2|0
79.413584|5de|Rx|d|8|2
79.433488|5df|Rx|d|3|9500
79.433488|1b0|Rx|d|4|FF00FFC4
79.433488|211|Rx|d|8|8200FFFFA90000D1
79.433488|657|Rx|d|2|C0CC
79.433488|214|Rx|d|2|0
79.463817|4ac|Rx|d|5|83752A0080
79.463817|45c|Rx|d|6|00000000FFE0
79.463817|1b0|Rx|d|4|FF00FFC4
79.463817|211|Rx|d|8|8200FFFFA90000D1
79.463817|214|Rx|d|2|0
79.463817|218|Rx|d|1|98
79.463817|4fa|Rx|d|2|800
79.463817|671|Rx|d|2|200
79.483574|1b0|Rx|d|4|FF00FFC4
79.483574|211|Rx|d|8|8200FFFFA90000D1
79.483574|214|Rx|d|2|0
79.483574|4f8|Rx|d|8|94C0000000000000
79.513065|350|Rx|d|8|C02F3AFB1870A489
79.513065|211|Rx|d|8|8200FFFFA90000D1
79.513065|1b0|Rx|d|4|FF00FFC4
79.513065|214|Rx|d|2|0
79.513065|4de|Rx|d|3|C00000
79.513065|55d|Rx|d|8|00FD50C091800000
79.513065|3b7|Rx|d|6|37007FC000C0
79.513065|1b0|Rx|d|4|FF00FFC4
79.513065|5de|Rx|d|8|2
79.513065|211|Rx|d|8|8200FFFFA90000D1
79.513065|214|Rx|d|2|0
79.533604|5df|Rx|d|3|9500
79.533604|1b0|Rx|d|4|FF00FFC4
79.533604|657|Rx|d|2|C0CC
79.533604|211|Rx|d|8|8200FFFFA90000D1
79.533604|214|Rx|d|2|0
79.553309|4ac|Rx|d|5|83752A0080
79.553309|45c|Rx|d|6|00000000FFE0
79.553309|1b0|Rx|d|4|FF00FFC4
79.553309|211|Rx|d|8|8200FFFFA90000D1
79.553309|214|Rx|d|2|0
79.553309|218|Rx|d|1|98
79.553309|4fa|Rx|d|2|800
79.553309|671|Rx|d|2|200
79.583076|1b0|Rx|d|4|FF00FFC4
79.583076|211|Rx|d|8|8200FFFFA90000D1
79.583076|214|Rx|d|2|0
79.583076|4f8|Rx|d|8|94C0000000000000
79.613367|350|Rx|d|8|C02F3AFB1870A489
79.613705|1b0|Rx|d|4|FF00FFC4
79.613705|211|Rx|d|8|8200FFFFA90000D1
79.613705|4de|Rx|d|3|C00000
79.613705|214|Rx|d|2|0
79.613705|55d|Rx|d|8|00FD50C091800000
79.613705|3b7|Rx|d|6|37007FC000C0
79.613705|1b0|Rx|d|4|FF00FFC4
79.613705|5de|Rx|d|8|2
79.613705|211|Rx|d|8|8200FFFFA90000D1
79.613705|214|Rx|d|2|0
79.613705|646|Rx|d|8|000000020000000C
79.633586|5df|Rx|d|3|9500
79.633586|1b0|Rx|d|4|FF00FFC4
79.633586|657|Rx|d|2|C0CC
79.633586|211|Rx|d|8|8200FFFFA90000D1
79.633586|214|Rx|d|2|0
79.653475|4ac|Rx|d|5|83752A0080
79.653475|45c|Rx|d|6|00000000FFE0
79.655477|1b0|Rx|d|4|FF00FFC4
79.655477|211|Rx|d|8|8200FFFFA90000D1
79.655477|214|Rx|d|2|0
79.655477|218|Rx|d|1|98
79.655477|4fa|Rx|d|2|800
79.655477|671|Rx|d|2|200
79.669464|1b0|Rx|d|4|FF00FFC4
79.669464|211|Rx|d|8|8200FFFFA90000D1
79.669464|214|Rx|d|2|0
79.679459|4f8|Rx|d|8|94C0000000000000
79.689452|350|Rx|d|8|C02F3AFB1870A489
79.689452|1b0|Rx|d|4|FF00FFC4
79.689452|211|Rx|d|8|8200FFFFA90000D1
79.689452|4de|Rx|d|3|C00000
79.689452|214|Rx|d|2|0
79.689452|55d|Rx|d|8|00FD50C091800000
79.699445|3b7|Rx|d|6|37007FC000C0
79.709442|1b0|Rx|d|4|FF00FFC4
79.709442|5de|Rx|d|8|2
79.709442|211|Rx|d|8|8200FFFFA90000D1
79.709442|214|Rx|d|2|0
79.719434|5df|Rx|d|3|9500
79.729427|1b0|Rx|d|4|FF00FFC4
79.729427|657|Rx|d|2|C0CC
79.729427|211|Rx|d|8|8200FFFFA90000D1
79.729427|69f|Rx|d|4|0650859F
79.729427|214|Rx|d|2|0
79.739421|4ac|Rx|d|5|83762A0080
79.739421|45c|Rx|d|6|00000000FFE0
79.749415|1b0|Rx|d|4|FF00FFC4
79.749415|211|Rx|d|8|8200FFFFA90000D1
79.749415|214|Rx|d|2|0
79.749415|218|Rx|d|1|98
79.749415|4fa|Rx|d|2|800
79.749415|671|Rx|d|2|200
79.769404|1b0|Rx|d|4|FF00FFC4
79.769404|211|Rx|d|8|8200FFFFA90000D1
79.769404|214|Rx|d|2|0
79.783511|4f8|Rx|d|8|94C0000000000000
79.808419|350|Rx|d|8|C02F3AFB1870A489
79.808419|1b0|Rx|d|4|FF00FFC4
79.808419|211|Rx|d|8|8200FFFFA90000D1
79.808419|4de|Rx|d|3|C00000
79.808419|214|Rx|d|2|0
79.808419|55d|Rx|d|8|00FD50C091800000
79.808419|3b7|Rx|d|6|37007FC000C0
79.808419|1b0|Rx|d|4|FF00FFC4
79.808419|5de|Rx|d|8|2
79.808419|211|Rx|d|8|8200FFFFA90000D1
79.808419|214|Rx|d|2|0
79.828646|5df|Rx|d|3|9500
79.828646|1b0|Rx|d|4|FF00FFC4
79.828646|657|Rx|d|2|C0CC
79.828646|211|Rx|d|8|8200FFFFA90000D1
79.828646|214|Rx|d|2|0
79.853753|4ac|Rx|d|5|83752A0080
79.853753|45c|Rx|d|6|00000000FFE0
79.853753|1b0|Rx|d|4|FF00FFC4
79.853753|211|Rx|d|8|8200FFFFA90000D1
79.853753|214|Rx|d|2|0
79.853753|218|Rx|d|1|98
79.853753|4fa|Rx|d|2|800
79.853753|671|Rx|d|2|200
79.873909|1b0|Rx|d|4|FF00FFC4
79.873909|211|Rx|d|8|8200FFFFA90000D1
79.873909|214|Rx|d|2|0
79.903476|4f8|Rx|d|8|94C0000000000000
79.903476|350|Rx|d|8|C02F3AFB1870A489
79.903476|211|Rx|d|8|8200FFFFA90000D1
79.903476|1b0|Rx|d|4|FF00FFC4
79.903476|214|Rx|d|2|0
79.903476|4de|Rx|d|3|C00000
79.903476|55d|Rx|d|8|00FD50C091800000
79.903476|3b7|Rx|d|6|37007FC000C0
79.918658|1b0|Rx|d|4|FF00FFC4
79.918658|211|Rx|d|8|8200FFFFA90000D1
79.918658|5de|Rx|d|8|2
79.918658|214|Rx|d|2|0
79.918658|5df|Rx|d|3|9500
79.933453|1b0|Rx|d|4|FF00FFC4
79.933453|211|Rx|d|8|8200FFFFA90000D1
79.933453|657|Rx|d|2|C0CC
79.933453|214|Rx|d|2|0
79.943414|4ac|Rx|d|5|83752A0080
79.943414|45c|Rx|d|6|00000000FFE0
79.953302|1b0|Rx|d|4|FF00FFC4
79.953302|211|Rx|d|8|8200FFFFA90000D1
79.953302|214|Rx|d|2|0
79.953302|218|Rx|d|1|98
79.953302|4fa|Rx|d|2|800
79.953302|671|Rx|d|2|200
79.973876|1b0|Rx|d|4|FF00FFC4
79.973876|211|Rx|d|8|8200FFFFA90000D1
79.973876|214|Rx|d|2|0
79.983398|4f8|Rx|d|8|94C0000000000000
79.993497|350|Rx|d|8|C02F3AFB1870A489
79.993497|211|Rx|d|8|8200FFFFA90000D1
79.993497|1b0|Rx|d|4|FF00FFC4
79.993497|4de|Rx|d|3|C00000
79.993497|55d|Rx|d|8|00FD50C091800000
79.993497|214|Rx|d|2|0
80.003464|3b7|Rx|d|6|37007FC000C0
80.018399|1b0|Rx|d|4|FF00FFC4
80.018399|211|Rx|d|8|8200FFFFA90000D1
80.018399|5de|Rx|d|8|2
80.018399|214|Rx|d|2|0
80.018399|5df|Rx|d|3|9500
80.031180|1b0|Rx|d|4|FF00FFC4
80.031180|211|Rx|d|8|8200FFFFA90000D1
80.031180|657|Rx|d|2|C0CC
80.031180|214|Rx|d|2|0
80.034457|4ac|Rx|d|5|83752A0080
80.036452|45c|Rx|d|6|00000000FFE0
80.048445|1b0|Rx|d|4|FF00FFC4
80.048445|211|Rx|d|8|8200FFFFA90000D1
80.048445|214|Rx|d|2|0
80.048445|218|Rx|d|1|98
80.048445|4fa|Rx|d|2|800
80.048445|671|Rx|d|2|200
80.066435|1b0|Rx|d|4|FF00FFC4
80.068432|211|Rx|d|8|8200FFFFA90000D1
80.068432|214|Rx|d|2|0
80.080425|4f8|Rx|d|8|94C0000000000000
80.088420|350|Rx|d|8|C02F3AFB1870A489
80.088420|211|Rx|d|8|8200FFFFA90000D1
80.088420|1b0|Rx|d|4|FF00FFC4
80.088420|4de|Rx|d|3|C00000
80.088420|214|Rx|d|2|0
80.088420|55d|Rx|d|8|00FD50C091800000
80.100414|3b7|Rx|d|6|37007FC000C0
80.108407|1b0|Rx|d|4|FF00FFC4
80.108407|211|Rx|d|8|8200FFFFA90000D1
80.108407|5de|Rx|d|8|2
80.108407|214|Rx|d|2|0
80.108407|646|Rx|d|8|000000020000000C
80.118403|5df|Rx|d|3|9500
80.128394|1b0|Rx|d|4|FF00FFC4
80.128394|657|Rx|d|2|C0CC
80.128394|211|Rx|d|8|8200FFFFA90000D1
80.128394|214|Rx|d|2|0
80.138389|4ac|Rx|d|5|83752A0080
80.138389|45c|Rx|d|6|00000000FFE0
80.148382|1b0|Rx|d|4|FF00FFC4
80.148382|211|Rx|d|8|8200FFFFA90000D1
80.148382|214|Rx|d|2|0
80.148382|218|Rx|d|1|98
80.148382|4fa|Rx|d|2|800
80.148382|671|Rx|d|2|200
80.183263|1b0|Rx|d|4|FF00FFC4
80.183263|211|Rx|d|8|8200FFFFA90000D1
80.183263|214|Rx|d|2|0
80.193624|4f8|Rx|d|8|94C0000000000000
80.195429|350|Rx|d|8|C02F3AFB1870A489
80.195429|211|Rx|d|8|8200FFFFA90000D1
80.195429|1b0|Rx|d|4|FF00FFC4
80.195429|214|Rx|d|2|0
80.195429|4de|Rx|d|3|C00000
80.195429|55d|Rx|d|8|00FD50C091800000
80.208340|3b7|Rx|d|6|37007FC000C0
80.208340|1b0|Rx|d|4|FF00FFC4
80.208340|5de|Rx|d|8|2
80.208340|211|Rx|d|8|8200FFFFA90000D1
80.208340|214|Rx|d|2|0
80.223716|5df|Rx|d|3|9500
80.238222|1b0|Rx|d|4|FF00FFC4
80.238222|657|Rx|d|2|C0CC
80.238222|211|Rx|d|8|8200FFFFA90000D1
80.238222|214|Rx|d|2|0
80.243353|4ac|Rx|d|5|83752A0080
80.243353|45c|Rx|d|6|00000000FFE0
80.253639|1b0|Rx|d|4|FF00FFC4
80.253639|211|Rx|d|8|8200FFFFA90000D1
80.253639|214|Rx|d|2|0
80.253639|218|Rx|d|1|98
80.253639|4fa|Rx|d|2|800
80.253639|671|Rx|d|2|200
80.277227|1b0|Rx|d|4|FF00FFC4
80.277227|211|Rx|d|8|8200FFFFA90000D1
80.277227|214|Rx|d|2|0
80.277227|4f8|Rx|d|8|94C0000000000000
80.293185|350|Rx|d|8|C02F3AFB1870A489
80.293185|1b0|Rx|d|4|FF00FFC4
80.293185|4de|Rx|d|3|C00000
80.293185|211|Rx|d|8|8200FFFFA90000D1
80.293185|55d|Rx|d|8|00FD50C091800000
80.293185|214|Rx|d|2|0
80.313153|3b7|Rx|d|6|37007FC000C0
80.318159|1b0|Rx|d|4|FF00FFC4
80.318159|5de|Rx|d|8|2
80.318159|211|Rx|d|8|8200FFFFA90000D1
80.318159|214|Rx|d|2|0
80.318159|5df|Rx|d|3|9500
80.343502|1b0|Rx|d|4|FF00FFC4
80.343502|657|Rx|d|2|C0CC
80.343502|211|Rx|d|8|8200FFFFA90000D1
80.343502|214|Rx|d|2|0
80.348149|4ac|Rx|d|5|83752A0080
80.348149|45c|Rx|d|6|00000000FFE0
80.348149|1b0|Rx|d|4|FF00FFC4
80.348149|211|Rx|d|8|8200FFFFA90000D1
80.348149|214|Rx|d|2|0
80.348149|218|Rx|d|1|98
80.348149|4fa|Rx|d|2|800
80.348149|671|Rx|d|2|200
80.383770|1b0|Rx|d|4|FF00FFC4
80.383770|211|Rx|d|8|8200FFFFA90000D1
80.383770|214|Rx|d|2|0
80.383770|4f8|Rx|d|8|94C0000000000000
80.403337|350|Rx|d|8|C02F3AFB1870A489
80.403337|1b0|Rx|d|4|FF00FFC4
80.403337|4de|Rx|d|3|C00000
80.403337|211|Rx|d|8|8200FFFFA90000D1
80.403337|55d|Rx|d|8|00FD50C091800000
80.403337|214|Rx|d|2|0
80.403337|3b7|Rx|d|6|37007FC000C0
80.433559|1b0|Rx|d|4|FF00FFC4
80.433559|5de|Rx|d|8|2
80.433559|211|Rx|d|8|8200FFFFA90000D1
80.433559|214|Rx|d|2|0
80.433559|5df|Rx|d|3|9500
80.433559|1b0|Rx|d|4|FF00FFC4
80.433559|657|Rx|d|2|C0CC
80.433559|211|Rx|d|8|8200FFFFA90000D1
80.433559|214|Rx|d|2|0
80.463145|4ac|Rx|d|5|83762A0080
80.463145|45c|Rx|d|6|00000000FFE0
80.463145|1b0|Rx|d|4|FF00FFC4
80.463145|211|Rx|d|8|8200FFFFA90000D1
80.463145|214|Rx|d|2|0
80.463145|218|Rx|d|1|98
80.463145|4fa|Rx|d|2|800
80.463145|671|Rx|d|2|200
80.478377|1b0|Rx|d|4|FF00FFC4
80.478377|211|Rx|d|8|8200FFFFA90000D1
80.478377|214|Rx|d|2|0
80.483472|4f8|Rx|d|8|94C0000000000000
80.495880|350|Rx|d|8|C02F3AFB1870A489
80.495880|1b0|Rx|d|4|FF00FFC4
80.495880|4de|Rx|d|3|C00000
80.495880|55d|Rx|d|8|00FD50C091800000
80.495880|211|Rx|d|8|8200FFFFA90000D1
80.495880|214|Rx|d|2|0
80.513993|3b7|Rx|d|6|37007FC000C0
80.513993|1b0|Rx|d|4|FF00FFC4
80.513993|5de|Rx|d|8|2
80.513993|211|Rx|d|8|8200FFFFA90000D1
80.513993|214|Rx|d|2|0
80.523486|5df|Rx|d|3|9500
80.538183|1b0|Rx|d|4|FF00FFC4
80.538183|657|Rx|d|2|C0CC
80.538183|211|Rx|d|8|8200FFFFA90000D1
80.538183|214|Rx|d|2|0
80.543685|4ac|Rx|d|5|83752A0080
80.543685|45c|Rx|d|6|00000000FFE0
80.563476|1b0|Rx|d|4|FF00FFC4
80.563476|211|Rx|d|8|8200FFFFA90000D1
80.563476|214|Rx|d|2|0
80.563476|218|Rx|d|1|98
80.563476|4fa|Rx|d|2|800
80.563476|671|Rx|d|2|200
80.578195|1b0|Rx|d|4|FF00FFC4
80.578195|211|Rx|d|8|8200FFFFA90000D1
80.578195|214|Rx|d|2|0
80.578195|4f8|Rx|d|8|94C0000000000000
80.595962|350|Rx|d|8|C02F3AFB1870A489
80.595962|1b0|Rx|d|4|FF00FFC4
80.595962|4de|Rx|d|3|C00000
80.595962|211|Rx|d|8|8200FFFFA90000D1
80.595962|55d|Rx|d|8|00FD50C091800000
80.595962|214|Rx|d|2|0
80.613787|3b7|Rx|d|6|37007FC000C0
80.613787|1b0|Rx|d|4|FF00FFC4
80.613787|5de|Rx|d|8|2
80.613787|211|Rx|d|8|8200FFFFA90000D1
80.613787|214|Rx|d|2|0
80.613787|646|Rx|d|8|000000020000000C
80.635031|5df|Rx|d|3|9500
80.635031|1b0|Rx|d|4|FF00FFC4
80.635031|657|Rx|d|2|C0CC
80.635031|211|Rx|d|8|8200FFFFA90000D1
80.635031|214|Rx|d|2|0
80.635031|4ac|Rx|d|5|83752A0080
80.635031|45c|Rx|d|6|00000000FFE0
80.653439|1b0|Rx|d|4|FF00FFC4
80.653439|211|Rx|d|8|8200FFFFA90000D1
80.653439|214|Rx|d|2|0
80.653439|218|Rx|d|1|98
80.653439|4fa|Rx|d|2|800
80.653439|671|Rx|d|2|200
80.682899|1b0|Rx|d|4|FF00FFC4
80.682899|211|Rx|d|8|8200FFFFA90000D1
80.682899|214|Rx|d|2|0
80.692837|4f8|Rx|d|8|94C0000000000000
80.692837|350|Rx|d|8|C02F3AFB1870A489
80.692837|1b0|Rx|d|4|FF00FFC4
80.692837|211|Rx|d|8|8200FFFFA90000D1
80.692837|4de|Rx|d|3|C00000
80.692837|214|Rx|d|2|0
80.692837|55d|Rx|d|8|00FD50C091800000
80.713632|3b7|Rx|d|6|37007FC000C0
80.713632|1b0|Rx|d|4|FF00FFC4
80.713632|5de|Rx|d|8|2
80.713632|211|Rx|d|8|8200FFFFA90000D1
80.713632|214|Rx|d|2|0
80.743411|5df|Rx|d|3|9500
80.743411|1b0|Rx|d|4|FF00FFC4
80.743411|657|Rx|d|2|C0CC
80.743411|69f|Rx|d|4|0650859F
80.743411|211|Rx|d|8|8200FFFFA90000D1
80.743411|214|Rx|d|2|0
80.743411|4ac|Rx|d|5|83752A0080
80.743411|45c|Rx|d|6|00000000FFE0
80.753259|1b0|Rx|d|4|FF00FFC4
80.753259|211|Rx|d|8|8200FFFFA90000D1
80.753259|214|Rx|d|2|0
80.753259|218|Rx|d|1|98
80.753259|4fa|Rx|d|2|800
80.753259|671|Rx|d|2|200
80.767979|1b0|Rx|d|4|FF00FFC4
80.767979|211|Rx|d|8|8200FFFFA90000D1
80.767979|214|Rx|d|2|0
80.779971|4f8|Rx|d|8|94C0000000000000
80.787966|350|Rx|d|8|C02F3AFB1870A489
80.787966|1b0|Rx|d|4|FF00FFC4
80.787966|4de|Rx|d|3|C00000
80.787966|211|Rx|d|8|8200FFFFA90000D1
80.787966|55d|Rx|d|8|00FD50C091800000
80.787966|214|Rx|d|2|0
80.799962|3b7|Rx|d|6|37007FC000C0
80.807954|1b0|Rx|d|4|FF00FFC4
80.807954|5de|Rx|d|8|2
80.807954|211|Rx|d|8|8200FFFFA90000D1
80.807954|214|Rx|d|2|0
80.817952|5df|Rx|d|3|9500
80.827941|1b0|Rx|d|4|FF00FFC4
80.827941|657|Rx|d|2|C0CC
80.827941|211|Rx|d|8|8200FFFFA90000D1
80.827941|214|Rx|d|2|0
80.837935|4ac|Rx|d|5|83762A0080
80.837935|45c|Rx|d|6|00000000FFE0
80.847930|1b0|Rx|d|4|FF00FFC4
80.847930|211|Rx|d|8|8200FFFFA90000D1
80.847930|214|Rx|d|2|0
80.847930|218|Rx|d|1|98
80.847930|4fa|Rx|d|2|800
80.847930|671|Rx|d|2|200
80.873386|1b0|Rx|d|4|FF00FFC4
80.873386|211|Rx|d|8|8200FFFFA90000D1
80.873386|214|Rx|d|2|0
80.895894|4f8|Rx|d|8|94C0000000000000
80.895894|350|Rx|d|8|C02F3AFB1870A489
80.895894|1b0|Rx|d|4|FF00FFC4
80.895894|4de|Rx|d|3|C00000
80.895894|211|Rx|d|8|8200FFFFA90000D1
80.895894|55d|Rx|d|8|00FD50C091800000
80.895894|214|Rx|d|2|0
80.908449|3b7|Rx|d|6|37007FC000C0
80.908449|1b0|Rx|d|4|FF00FFC4
80.908449|5de|Rx|d|8|2
80.908449|211|Rx|d|8|8200FFFFA90000D1
80.908449|214|Rx|d|2|0
80.923546|5df|Rx|d|3|9500
80.933550|1b0|Rx|d|4|FF00FFC4
80.933550|657|Rx|d|2|C0CC
80.933550|211|Rx|d|8|8200FFFFA90000D1
80.933550|214|Rx|d|2|0
80.943155|4ac|Rx|d|5|83752A0080
80.943155|45c|Rx|d|6|00000000FFE0
80.953601|1b0|Rx|d|4|FF00FFC4
80.953601|211|Rx|d|8|8200FFFFA90000D1
80.953601|214|Rx|d|2|0
80.953601|218|Rx|d|1|98
80.953601|4fa|Rx|d|2|800
80.953601|671|Rx|d|2|200
80.973560|1b0|Rx|d|4|FF00FFC4
80.973560|211|Rx|d|8|8200FFFFA90000D1
80.973560|214|Rx|d|2|0
80.983045|4f8|Rx|d|8|94C0000000000000
80.993538|350|Rx|d|8|C02F3AFB1870A489
80.993538|1b0|Rx|d|4|FF00FFC4
80.993538|4de|Rx|d|3|C00000
80.993538|55d|Rx|d|8|00FD50C091800000
80.993538|211|Rx|d|8|8200FFFFA90000D1
80.993538|214|Rx|d|2|0
81.008506|3b7|Rx|d|6|37007FC000C0
81.008506|1b0|Rx|d|4|FF00FFC4
81.008506|5de|Rx|d|8|2
81.008506|211|Rx|d|8|8200FFFFA90000D1
81.008506|214|Rx|d|2|0
81.023855|5df|Rx|d|3|9500
81.033439|1b0|Rx|d|4|FF00FFC4
81.033439|657|Rx|d|2|C0CC
81.033439|211|Rx|d|8|8200FFFFA90000D1
81.033439|214|Rx|d|2|0
81.048118|4ac|Rx|d|5|83752A0080
81.048118|45c|Rx|d|6|00000000FFE0
81.053569|1b0|Rx|d|4|FF00FFC4
81.053569|211|Rx|d|8|8200FFFFA90000D1
81.053569|214|Rx|d|2|0
81.053569|218|Rx|d|1|98
81.053569|4fa|Rx|d|2|800
81.053569|671|Rx|d|2|200
81.083939|1b0|Rx|d|4|FF00FFC4
81.083939|211|Rx|d|8|8200FFFFA90000D1
81.083939|214|Rx|d|2|0
81.083939|4f8|Rx|d|8|94C0000000000000
81.101075|350|Rx|d|8|C02F3AFB1870A489
81.101075|1b0|Rx|d|4|FF00FFC4
81.101075|4de|Rx|d|3|C00000
81.101075|55d|Rx|d|8|00FD50C091800000
81.101075|211|Rx|d|8|8200FFFFA90000D1
81.101075|214|Rx|d|2|0
81.101075|6fb|Rx|d|8|0F01A454FF0000FF
81.101075|3b7|Rx|d|6|37007FC000C0
81.113514|1b0|Rx|d|4|FF00FFC4
81.113514|5de|Rx|d|8|2
81.113514|211|Rx|d|8|8200FFFFA90000D1
81.113514|214|Rx|d|2|0
81.113514|646|Rx|d|8|000000020000000C
81.143391|5df|Rx|d|3|9500
81.143391|5ce|Rx|d|3|FEFF00
81.143391|1b0|Rx|d|4|FF00FFC4
81.143391|657|Rx|d|2|C0CC
81.143391|211|Rx|d|8|8200FFFFA90000D1
81.143391|214|Rx|d|2|0
81.143391|4ac|Rx|d|5|83752A0080
81.143391|45c|Rx|d|6|00000000FFE0
81.173569|1b0|Rx|d|4|FF00FFC4
81.173569|211|Rx|d|8|8200FFFFA90000D1
81.173569|214|Rx|d|2|0
81.173569|218|Rx|d|1|98
81.173569|4fa|Rx|d|2|800
81.173569|671|Rx|d|2|200
81.173569|1b0|Rx|d|4|FF00FFC4
81.173569|211|Rx|d|8|8200FFFFA90000D1
81.173569|214|Rx|d|2|0
81.196317|4f8|Rx|d|8|94C0000000000000
81.196317|350|Rx|d|8|C02F3AFB1870A489
81.196317|1b0|Rx|d|4|FF00FFC4
81.196317|4de|Rx|d|3|C00000
81.196317|55d|Rx|d|8|00FD50C091800000
81.196317|211|Rx|d|8|8200FFFFA90000D1
81.196317|214|Rx|d|2|0
81.203575|3b7|Rx|d|6|37007FC000C0
81.216504|1b0|Rx|d|4|FF00FFC4
81.216504|5de|Rx|d|8|2
81.216504|211|Rx|d|8|8200FFFFA90000D1
81.216504|214|Rx|d|2|0
81.216504|5df|Rx|d|3|9500
81.243574|1b0|Rx|d|4|FF00FFC4
81.243574|657|Rx|d|2|C0CC
81.243574|211|Rx|d|8|8200FFFFA90000D1
81.243574|214|Rx|d|2|0
81.243574|4ac|Rx|d|5|83752A0080
81.243574|45c|Rx|d|6|00000000FFE0
81.273643|1b0|Rx|d|4|FF00FFC4
81.273643|211|Rx|d|8|8200FFFFA90000D1
81.273643|214|Rx|d|2|0
81.273643|218|Rx|d|1|98
81.273643|4fa|Rx|d|2|800
81.273643|671|Rx|d|2|200
81.273643|1b0|Rx|d|4|FF00FFC4
81.273643|211|Rx|d|8|8200FFFFA90000D1
81.273643|214|Rx|d|2|0
81.293253|4f8|Rx|d|8|94C0000000000000
81.296626|350|Rx|d|8|C02F3AFB1870A489
81.296626|1b0|Rx|d|4|FF00FFC4
81.296626|4de|Rx|d|3|C00000
81.296626|55d|Rx|d|8|00FD50C091800000
81.296626|211|Rx|d|8|8200FFFFA90000D1
81.296626|214|Rx|d|2|0
81.296626|3b7|Rx|d|6|37007FC000C0
81.313159|1b0|Rx|d|4|FF00FFC4
81.313159|5de|Rx|d|8|2
81.313159|211|Rx|d|8|8200FFFFA90000D1
81.313159|214|Rx|d|2|0
81.323270|5df|Rx|d|3|9500
81.334478|1b0|Rx|d|4|FF00FFC4
81.334478|657|Rx|d|2|C0CC
81.334478|211|Rx|d|8|8200FFFFA90000D1
81.334478|214|Rx|d|2|0
81.337660|4ac|Rx|d|5|83752A0080
81.337660|45c|Rx|d|6|00000000FFE0
81.347652|1b0|Rx|d|4|FF00FFC4
81.347652|211|Rx|d|8|8200FFFFA90000D1
81.347652|214|Rx|d|2|0
81.347652|218|Rx|d|1|98
81.347652|4fa|Rx|d|2|800
81.347652|671|Rx|d|2|200
81.367641|1b0|Rx|d|4|FF00FFC4
81.367641|211|Rx|d|8|8200FFFFA90000D1
81.367641|214|Rx|d|2|0
81.379633|4f8|Rx|d|8|94C0000000000000
81.387628|350|Rx|d|8|C02F3AFB1870A489
81.387628|1b0|Rx|d|4|FF00FFC4
81.387628|4de|Rx|d|3|C00000
81.387628|55d|Rx|d|8|00FD50C091800000
81.387628|211|Rx|d|8|8200FFFFA90000D1
81.387628|214|Rx|d|2|0
81.399620|3b7|Rx|d|6|37007FC000C0
81.407616|1b0|Rx|d|4|FF00FFC4
81.407616|5de|Rx|d|8|2
81.407616|211|Rx|d|8|8200FFFFA90000D1
81.407616|214|Rx|d|2|0
81.417609|5df|Rx|d|3|9500
81.427603|1b0|Rx|d|4|FF00FFC4
81.427603|657|Rx|d|2|C0CC
81.427603|211|Rx|d|8|8200FFFFA90000D1
81.427603|214|Rx|d|2|0
81.437598|4ac|Rx|d|5|83752A0080
81.437598|45c|Rx|d|6|00000000FFE0
81.447591|1b0|Rx|d|4|FF00FFC4
81.447591|211|Rx|d|8|8200FFFFA90000D1
81.447591|214|Rx|d|2|0
81.447591|218|Rx|d|1|98
81.447591|4fa|Rx|d|2|800
81.447591|671|Rx|d|2|200
81.483391|1b0|Rx|d|4|FF00FFC4
81.483391|211|Rx|d|8|8200FFFFA90000D1
81.483391|214|Rx|d|2|0
81.483391|4f8|Rx|d|8|94C0000000000000
81.503457|350|Rx|d|8|C02F3AFB1870A489
81.503790|1b0|Rx|d|4|FF00FFC4
81.503790|4de|Rx|d|3|C00000
81.503790|55d|Rx|d|8|00FD50C091800000
81.503790|211|Rx|d|8|8200FFFFA90000D1
81.503790|214|Rx|d|2|0
81.503790|3b7|Rx|d|6|37007FC000C0
81.523444|1b0|Rx|d|4|FF00FFC4
81.523444|5de|Rx|d|8|2
81.523444|211|Rx|d|8|8200FFFFA90000D1
81.523444|214|Rx|d|2|0
81.523444|5df|Rx|d|3|9500
81.543203|1b0|Rx|d|4|FF00FFC4
81.543203|657|Rx|d|2|C0CC
81.543203|211|Rx|d|8|8200FFFFA90000D1
81.543203|214|Rx|d|2|0
81.543203|4ac|Rx|d|5|83762A0080
81.543203|45c|Rx|d|6|00000000FFE0
81.553653|1b0|Rx|d|4|FF00FFC4
81.553653|211|Rx|d|8|8200FFFFA90000D1
81.553653|214|Rx|d|2|0
81.553653|218|Rx|d|1|98
81.553653|4fa|Rx|d|2|800
81.553653|671|Rx|d|2|200
81.573039|1b0|Rx|d|4|FF00FFC4
81.573039|211|Rx|d|8|8200FFFFA90000D1
81.573039|214|Rx|d|2|0
81.593710|4f8|Rx|d|8|94C0000000000000
81.593710|350|Rx|d|8|C02F3AFB1870A489
81.593710|1b0|Rx|d|4|FF00FFC4
81.593710|4de|Rx|d|3|C00000
81.593710|55d|Rx|d|8|00FD50C091800000
81.593710|211|Rx|d|8|8200FFFFA90000D1
81.593710|214|Rx|d|2|0
81.613776|3b7|Rx|d|6|37007FC000C0
81.613776|1b0|Rx|d|4|FF00FFC4
81.613776|5de|Rx|d|8|2
81.613776|211|Rx|d|8|8200FFFFA90000D1
81.613776|214|Rx|d|2|0
81.613776|646|Rx|d|8|000000020000000C
81.633241|5df|Rx|d|3|9500
81.633241|1b0|Rx|d|4|FF00FFC4
81.633241|657|Rx|d|2|C0CC
81.633241|211|Rx|d|8|8200FFFFA90000D1
81.633241|214|Rx|d|2|0
81.658342|4ac|Rx|d|5|83752A0080
81.658342|45c|Rx|d|6|00000000FFE0
81.658342|1b0|Rx|d|4|FF00FFC4
81.658342|211|Rx|d|8|8200FFFFA90000D1
81.658342|214|Rx|d|2|0
81.658342|218|Rx|d|1|98
81.658342|4fa|Rx|d|2|800
81.658342|671|Rx|d|2|200
81.673467|1b0|Rx|d|4|FF00FFC4
81.673467|211|Rx|d|8|8200FFFFA90000D1
81.673467|214|Rx|d|2|0
81.683106|4f8|Rx|d|8|94C0000000000000
81.693284|350|Rx|d|8|C02F3AFB1870A489
81.693284|1b0|Rx|d|4|FF00FFC4
81.693284|4de|Rx|d|3|C00000
81.693284|55d|Rx|d|8|00FD50C091800000
81.693284|211|Rx|d|8|8200FFFFA90000D1
81.693284|214|Rx|d|2|0
81.703126|3b7|Rx|d|6|37007FC000C0
81.723202|1b0|Rx|d|4|FF00FFC4
81.723202|5de|Rx|d|8|2
81.723202|211|Rx|d|8|8200FFFFA90000D1
81.723202|214|Rx|d|2|0
81.733127|5df|Rx|d|3|9500
81.733127|1b0|Rx|d|4|FF00FFC4
81.733127|657|Rx|d|2|C0CC
81.733127|69f|Rx|d|4|0650859F
81.733127|211|Rx|d|8|8200FFFFA90000D1
81.733127|214|Rx|d|2|0
81.758414|4ac|Rx|d|5|83752A0080
81.758414|45c|Rx|d|6|00000000FFE0
81.758414|1b0|Rx|d|4|FF00FFC4
81.758414|211|Rx|d|8|8200FFFFA90000D1
81.758414|214|Rx|d|2|0
81.758414|218|Rx|d|1|98
81.758414|4fa|Rx|d|2|800
81.758414|671|Rx|d|2|200
81.773363|1b0|Rx|d|4|FF00FFC4
81.773363|211|Rx|d|8|8200FFFFA90000D1
81.773363|214|Rx|d|2|0
81.793677|4f8|Rx|d|8|94C0000000000000
81.793677|350|Rx|d|8|C02F3AFB1870A489
81.793677|1b0|Rx|d|4|FF00FFC4
81.793677|4de|Rx|d|3|C00000
81.793677|55d|Rx|d|8|00FD50C091800000
81.793677|211|Rx|d|8|8200FFFFA90000D1
81.793677|214|Rx|d|2|0
81.808119|3b7|Rx|d|6|37007FC000C0
81.808119|1b0|Rx|d|4|FF00FFC4
81.808119|5de|Rx|d|8|2
81.808119|211|Rx|d|8|8200FFFFA90000D1
81.808119|214|Rx|d|2|0
81.833423|5df|Rx|d|3|9500
81.833423|1b0|Rx|d|4|FF00FFC4
81.833423|657|Rx|d|2|C0CC
81.833423|211|Rx|d|8|8200FFFFA90000D1
81.833423|214|Rx|d|2|0
81.848149|4ac|Rx|d|5|83752A0080
81.848149|45c|Rx|d|6|00000000FFE0
81.848149|1b0|Rx|d|4|FF00FFC4
81.848149|211|Rx|d|8|8200FFFFA90000D1
81.848149|214|Rx|d|2|0
81.848149|218|Rx|d|1|98
81.848149|4fa|Rx|d|2|800
81.848149|671|Rx|d|2|200
81.883227|1b0|Rx|d|4|FF00FFC4
81.883227|211|Rx|d|8|8200FFFFA90000D1
81.883227|214|Rx|d|2|0
81.883227|4f8|Rx|d|8|94C0000000000000
81.903105|350|Rx|d|8|C02F3AFB1870A489
81.903105|1b0|Rx|d|4|FF00FFC4
81.903105|4de|Rx|d|3|C00000
81.903105|55d|Rx|d|8|00FD50C091800000
81.903105|211|Rx|d|8|8200FFFFA90000D1
81.903105|214|Rx|d|2|0
81.903105|3b7|Rx|d|6|37007FC000C0
81.913385|1b0|Rx|d|4|FF00FFC4
81.913385|5de|Rx|d|8|2
81.913385|211|Rx|d|8|8200FFFFA90000D1
81.913385|214|Rx|d|2|0
81.923438|5df|Rx|d|3|9500
81.933184|1b0|Rx|d|4|FF00FFC4
81.933184|657|Rx|d|2|C0CC
81.933184|211|Rx|d|8|8200FFFFA90000D1
81.933184|214|Rx|d|2|0
81.937184|4ac|Rx|d|5|83752A0080
81.937184|45c|Rx|d|6|00000000FFE0
81.953066|1b0|Rx|d|4|FF00FFC4
81.953066|211|Rx|d|8|8200FFFFA90000D1
81.953066|214|Rx|d|2|0
81.953066|218|Rx|d|1|98
81.953066|4fa|Rx|d|2|800
81.953066|671|Rx|d|2|200
81.973314|1b0|Rx|d|4|FF00FFC4
81.973314|211|Rx|d|8|8200FFFFA90000D1
81.973314|214|Rx|d|2|0
81.983093|4f8|Rx|d|8|94C0000000000000
81.997237|350|Rx|d|8|C02F3AFB1870A489
81.997237|1b0|Rx|d|4|FF00FFC4
81.997237|4de|Rx|d|3|C00000
81.997237|55d|Rx|d|8|00FD50C091800000
81.997237|211|Rx|d|8|8200FFFFA90000D1
81.997237|214|Rx|d|2|0
82.003475|3b7|Rx|d|6|37007FC000C0
82.023617|1b0|Rx|d|4|FF00FFC4
82.023617|5de|Rx|d|8|2
82.023617|211|Rx|d|8|8200FFFFA90000D1
82.023617|214|Rx|d|2|0
82.032890|5df|Rx|d|3|9500
82.032890|1b0|Rx|d|4|FF00FFC4
82.032890|657|Rx|d|2|C0CC
82.032890|211|Rx|d|8|8200FFFFA90000D1
82.032890|214|Rx|d|2|0
82.048146|4ac|Rx|d|5|83752A0080
82.048146|45c|Rx|d|6|00000000FFE0
82.048146|1b0|Rx|d|4|FF00FFC4
82.048146|211|Rx|d|8|8200FFFFA90000D1
82.048146|214|Rx|d|2|0
82.048146|218|Rx|d|1|98
82.048146|4fa|Rx|d|2|800
82.048146|671|Rx|d|2|200
82.083591|1b0|Rx|d|4|FF00FFC4
82.083591|211|Rx|d|8|8200FFFFA90000D1
82.083591|214|Rx|d|2|0
82.083591|4f8|Rx|d|8|94C0000000000000
82.103166|350|Rx|d|8|C02F3AFB1870A489
82.103166|1b0|Rx|d|4|FF00FFC4
82.103166|4de|Rx|d|3|C00000
82.103166|55d|Rx|d|8|00FD50C091800000
82.103166|211|Rx|d|8|8200FFFFA90000D1
82.103166|214|Rx|d|2|0
82.103166|3b7|Rx|d|6|37007FC000C0
82.123569|1b0|Rx|d|4|FF00FFC4
82.123569|5de|Rx|d|8|2
82.123569|211|Rx|d|8|8200FFFFA90000D1
82.123569|214|Rx|d|2|0
82.123569|646|Rx|d|8|000000020000000C
82.123569|5df|Rx|d|3|9500
82.153686|1b0|Rx|d|4|FF00FFC4
82.153686|657|Rx|d|2|C0CC
82.153686|211|Rx|d|8|8200FFFFA90000D1
82.153686|214|Rx|d|2|0
82.153686|4ac|Rx|d|5|83752A0080
82.153686|45c|Rx|d|6|00000000FFE0
82.162910|1b0|Rx|d|4|FF00FFC4
82.162910|211|Rx|d|8|8200FFFFA90000D1
82.162910|214|Rx|d|2|0
82.162910|218|Rx|d|1|98
82.162910|4fa|Rx|d|2|800
82.162910|671|Rx|d|2|200
82.175974|1b0|Rx|d|4|FF00FFC4
82.175974|211|Rx|d|8|8200FFFFA90000D1
82.175974|214|Rx|d|2|0
82.193702|4f8|Rx|d|8|94C0000000000000
82.193702|350|Rx|d|8|C02F3AFB1870A489
82.193702|1b0|Rx|d|4|FF00FFC4
82.193702|4de|Rx|d|3|C00000
82.193702|55d|Rx|d|8|00FD50C091800000
82.193702|211|Rx|d|8|8200FFFFA90000D1
82.193702|214|Rx|d|2|0
82.212482|3b7|Rx|d|6|37007FC000C0
82.212482|1b0|Rx|d|4|FF00FFC4
82.212482|5de|Rx|d|8|2
82.212482|211|Rx|d|8|8200FFFFA90000D1
82.212482|214|Rx|d|2|0
82.232974|5df|Rx|d|3|9500
82.232974|1b0|Rx|d|4|FF00FFC4
82.232974|657|Rx|d|2|C0CC
82.232974|211|Rx|d|8|8200FFFFA90000D1
82.232974|214|Rx|d|2|0
82.252882|4ac|Rx|d|5|83752A0080
82.252882|45c|Rx|d|6|00000000FFE0
82.252882|1b0|Rx|d|4|FF00FFC4
82.252882|211|Rx|d|8|8200FFFFA90000D1
82.252882|214|Rx|d|2|0
82.252882|218|Rx|d|1|98
82.252882|4fa|Rx|d|2|800
82.252882|671|Rx|d|2|200
82.273650|1b0|Rx|d|4|FF00FFC4
82.273650|211|Rx|d|8|8200FFFFA90000D1
82.273650|214|Rx|d|2|0
82.283217|4f8|Rx|d|8|94C0000000000000
82.293113|350|Rx|d|8|C02F3AFB1870A489
82.293113|1b0|Rx|d|4|FF00FFC4
82.293113|4de|Rx|d|3|C00000
82.293113|55d|Rx|d|8|00FD50C091800000
82.293113|211|Rx|d|8|8200FFFFA90000D1
82.293113|214|Rx|d|2|0
82.303456|3b7|Rx|d|6|37007FC000C0
82.323449|1b0|Rx|d|4|FF00FFC4
82.323449|5de|Rx|d|8|2
82.323449|211|Rx|d|8|8200FFFFA90000D1
82.323449|214|Rx|d|2|0
82.333186|5df|Rx|d|3|9500
82.333186|1b0|Rx|d|4|FF00FFC4
82.333186|657|Rx|d|2|C0CC
82.333186|211|Rx|d|8|8200FFFFA90000D1
82.333186|214|Rx|d|2|0
82.353939|4ac|Rx|d|5|83752A0080
82.353939|45c|Rx|d|6|00000000FFE0
82.353939|1b0|Rx|d|4|FF00FFC4
82.353939|211|Rx|d|8|8200FFFFA90000D1
82.353939|214|Rx|d|2|0
82.353939|218|Rx|d|1|98
82.353939|4fa|Rx|d|2|800
82.353939|671|Rx|d|2|200
82.373293|1b0|Rx|d|4|FF00FFC4
82.373293|211|Rx|d|8|8200FFFFA90000D1
82.373293|214|Rx|d|2|0
82.383452|4f8|Rx|d|8|94C0000000000000
82.393433|350|Rx|d|8|C02F3AFB1870A489
82.393433|1b0|Rx|d|4|FF00FFC4
82.393433|4de|Rx|d|3|C00000
82.393433|55d|Rx|d|8|00FD50C091800000
82.393433|211|Rx|d|8|8200FFFFA90000D1
82.393433|214|Rx|d|2|0
82.403425|3b7|Rx|d|6|37007FC000C0
82.414406|1b0|Rx|d|4|FF00FFC4
82.414406|5de|Rx|d|8|2
82.414406|211|Rx|d|8|8200FFFFA90000D1
82.414406|214|Rx|d|2|0
82.414406|5df|Rx|d|3|9500
82.443512|1b0|Rx|d|4|FF00FFC4
82.443512|657|Rx|d|2|C0CC
82.443512|211|Rx|d|8|8200FFFFA90000D1
82.443512|214|Rx|d|2|0
82.443512|4ac|Rx|d|5|83752A0080
82.443512|45c|Rx|d|6|00000000FFE0
82.473496|1b0|Rx|d|4|FF00FFC4
82.473496|211|Rx|d|8|8200FFFFA90000D1
82.473496|214|Rx|d|2|0
82.473496|218|Rx|d|1|98
82.473496|4fa|Rx|d|2|800
82.473496|671|Rx|d|2|200
82.473496|1b0|Rx|d|4|FF00FFC4
82.473496|211|Rx|d|8|8200FFFFA90000D1
82.473496|214|Rx|d|2|0
82.497625|4f8|Rx|d|8|94C0000000000000
82.497625|350|Rx|d|8|C02F3AFB1870A489
82.497625|1b0|Rx|d|4|FF00FFC4
82.497625|4de|Rx|d|3|C00000
82.497625|55d|Rx|d|8|00FD50C091800000
82.497625|211|Rx|d|8|8200FFFFA90000D1
82.497625|214|Rx|d|2|0
82.497625|3b7|Rx|d|6|37007FC000C0
82.518467|1b0|Rx|d|4|FF00FFC4
82.518467|5de|Rx|d|8|2
82.518467|211|Rx|d|8|8200FFFFA90000D1
82.518467|214|Rx|d|2|0
82.518467|5df|Rx|d|3|9500
82.533027|1b0|Rx|d|4|FF00FFC4
82.533027|657|Rx|d|2|C0CC
82.533027|211|Rx|d|8|8200FFFFA90000D1
82.533027|214|Rx|d|2|0
82.553520|4ac|Rx|d|5|83752A0080
82.553520|45c|Rx|d|6|00000000FFE0
82.553520|1b0|Rx|d|4|FF00FFC4
82.558245|211|Rx|d|8|8200FFFFA90000D1
82.558245|214|Rx|d|2|0
82.558245|218|Rx|d|1|98
82.558245|4fa|Rx|d|2|800
82.558245|671|Rx|d|2|200
82.568321|1b0|Rx|d|4|FF00FFC4
82.573601|211|Rx|d|8|8200FFFFA90000D1
82.573601|214|Rx|d|2|0
82.593700|4f8|Rx|d|8|94C0000000000000
82.593700|350|Rx|d|8|C02F3AFB1870A489
82.593700|1b0|Rx|d|4|FF00FFC4
82.597754|4de|Rx|d|3|C00000
82.597754|55d|Rx|d|8|00FD50C091800000
82.597754|211|Rx|d|8|8200FFFFA90000D1
82.597754|214|Rx|d|2|0
82.597754|3b7|Rx|d|6|37007FC000C0
82.623416|1b0|Rx|d|4|FF00FFC4
82.623416|5de|Rx|d|8|2
82.623416|211|Rx|d|8|8200FFFFA90000D1
82.623416|214|Rx|d|2|0
82.623416|646|Rx|d|8|000000020000000C
82.623416|5df|Rx|d|3|9500
82.628356|1b0|Rx|d|4|FF00FFC4
82.628356|657|Rx|d|2|C0CC
82.633752|211|Rx|d|8|8200FFFFA90000D1
82.633752|214|Rx|d|2|0
82.633752|4ac|Rx|d|5|83752A0080
82.663546|45c|Rx|d|6|00000000FFE0
82.663546|1b0|Rx|d|4|FF00FFC4
82.663546|211|Rx|d|8|8200FFFFA90000D1
82.663546|214|Rx|d|2|0
82.663546|218|Rx|d|1|98
82.663546|4fa|Rx|d|2|800
82.663546|671|Rx|d|2|200
82.663546|1b0|Rx|d|4|FF00FFC4
82.683773|211|Rx|d|8|8200FFFFA90000D1
82.683773|214|Rx|d|2|0
82.683773|4f8|Rx|d|8|94C0000000000000
82.683773|350|Rx|d|8|C02F3AFB1870A489
82.683773|1b0|Rx|d|4|FF00FFC4
82.697801|4de|Rx|d|3|C00000
82.703562|55d|Rx|d|8|00FD50C091800000
82.703562|211|Rx|d|8|8200FFFFA90000D1
82.703562|214|Rx|d|2|0
82.703562|3b7|Rx|d|6|37007FC000C0
82.713134|1b0|Rx|d|4|FF00FFC4
82.723538|5de|Rx|d|8|2
82.723538|211|Rx|d|8|8200FFFFA90000D1
82.723538|214|Rx|d|2|0
82.733481|5df|Rx|d|3|9500
82.733481|1b0|Rx|d|4|FF00FFC4
82.733481|657|Rx|d|2|C0CC
82.733481|69f|Rx|d|4|0650859F
82.733481|211|Rx|d|8|8200FFFFA90000D1
82.733481|214|Rx|d|2|0
82.742703|4ac|Rx|d|5|83752A0080
82.742703|45c|Rx|d|6|00000000FFE0
82.765542|1b0|Rx|d|4|FF00FFC4
82.765542|211|Rx|d|8|8200FFFFA90000D1
82.765542|214|Rx|d|2|0
82.765542|218|Rx|d|1|98
82.765542|4fa|Rx|d|2|800
82.765542|671|Rx|d|2|200
82.765542|1b0|Rx|d|4|FF00FFC4
82.765542|211|Rx|d|8|8200FFFFA90000D1
82.765542|214|Rx|d|2|0
82.783511|4f8|Rx|d|8|94C0000000000000
82.793623|350|Rx|d|8|C02F3AFB1870A489
82.793623|1b0|Rx|d|4|FF00FFC4
82.793623|4de|Rx|d|3|C00000
82.793623|55d|Rx|d|8|00FD50C091800000
82.793623|211|Rx|d|8|8200FFFFA90000D1
82.793623|214|Rx|d|2|0
82.813980|3b7|Rx|d|6|37007FC000C0
82.813980|1b0|Rx|d|4|FF00FFC4
82.813980|5de|Rx|d|8|2
82.813980|211|Rx|d|8|8200FFFFA90000D1
82.813980|214|Rx|d|2|0
82.813980|5df|Rx|d|3|9500
82.838485|1b0|Rx|d|4|FF00FFC4
82.838485|657|Rx|d|2|C0CC
82.838485|211|Rx|d|8|8200FFFFA90000D1
82.838485|214|Rx|d|2|0
82.838485|4ac|Rx|d|5|83752A0080
82.838485|45c|Rx|d|6|00000000FFE0
82.853637|1b0|Rx|d|4|FF00FFC4
82.853637|211|Rx|d|8|8200FFFFA90000D1
82.853637|214|Rx|d|2|0
82.853637|218|Rx|d|1|98
82.853637|4fa|Rx|d|2|800
82.853637|671|Rx|d|2|200
82.873516|1b0|Rx|d|4|FF00FFC4
82.873516|211|Rx|d|8|8200FFFFA90000D1
82.873516|214|Rx|d|2|0
82.885518|4f8|Rx|d|8|94C0000000000000
82.885518|350|Rx|d|8|C02F3AFB1870A489
82.885518|1b0|Rx|d|4|FF00FFC4
82.885518|4de|Rx|d|3|C00000
82.885518|55d|Rx|d|8|00FD50C091800000
82.885518|211|Rx|d|8|8200FFFFA90000D1
82.885518|214|Rx|d|2|0
82.903072|3b7|Rx|d|6|37007FC000C0
82.913522|1b0|Rx|d|4|FF00FFC4
82.913522|5de|Rx|d|8|2
82.913522|211|Rx|d|8|8200FFFFA90000D1
82.913522|214|Rx|d|2|0
82.913522|5df|Rx|d|3|9500
82.933063|1b0|Rx|d|4|FF00FFC4
82.933063|657|Rx|d|2|C0CC
82.933063|211|Rx|d|8|8200FFFFA90000D1
82.933063|214|Rx|d|2|0
82.943503|4ac|Rx|d|5|83752A0080
82.943503|45c|Rx|d|6|00000000FFE0
82.953281|1b0|Rx|d|4|FF00FFC4
82.953281|211|Rx|d|8|8200FFFFA90000D1
82.953281|214|Rx|d|2|0
82.953281|218|Rx|d|1|98
82.953281|4fa|Rx|d|2|800
82.953281|671|Rx|d|2|200
82.968300|1b0|Rx|d|4|FF00FFC4
82.968300|211|Rx|d|8|8200FFFFA90000D1
82.968300|214|Rx|d|2|0
82.983288|4f8|Rx|d|8|94C0000000000000
82.993410|350|Rx|d|8|C02F3AFB1870A489
82.993410|1b0|Rx|d|4|FF00FFC4
82.997867|4de|Rx|d|3|C00000
82.997867|55d|Rx|d|8|00FD50C091800000
82.997867|211|Rx|d|8|8200FFFFA90000D1
82.997867|214|Rx|d|2|0
82.997867|3b7|Rx|d|6|37007FC000C0
83.013451|1b0|Rx|d|4|FF00FFC4
83.013451|5de|Rx|d|8|2
83.013451|211|Rx|d|8|8200FFFFA90000D1
83.013451|214|Rx|d|2|0
83.013451|5df|Rx|d|3|9500
83.043782|1b0|Rx|d|4|FF00FFC4
83.043782|657|Rx|d|2|C0CC
83.043782|211|Rx|d|8|8200FFFFA90000D1
83.043806|214|Rx|d|2|0
83.043806|4ac|Rx|d|5|83752A0080
83.043806|45c|Rx|d|6|00000000FFE0
83.043806|1b0|Rx|d|4|FF00FFC4
83.073177|211|Rx|d|8|8200FFFFA90000D1
83.073177|214|Rx|d|2|0
83.073177|218|Rx|d|1|98
83.073177|4fa|Rx|d|2|800
83.073177|671|Rx|d|2|200
83.073177|1b0|Rx|d|4|FF00FFC4
83.073177|211|Rx|d|8|8200FFFFA90000D1
83.073177|214|Rx|d|2|0
83.093041|4f8|Rx|d|8|94C0000000000000
83.093041|350|Rx|d|8|C02F3AFB1870A489
83.093041|1b0|Rx|d|4|FF00FFC4
83.093041|4de|Rx|d|3|C00000
83.093041|55d|Rx|d|8|00FD50C091800000
83.093041|211|Rx|d|8|8200FFFFA90000D1
83.093041|214|Rx|d|2|0
83.108378|3b7|Rx|d|6|37007FC000C0
83.108378|1b0|Rx|d|4|FF00FFC4
83.108378|5de|Rx|d|8|2
83.113422|211|Rx|d|8|8200FFFFA90000D1
83.113422|214|Rx|d|2|0
83.113422|646|Rx|d|8|000000020000000C
83.123700|5df|Rx|d|3|9500
83.123700|1b0|Rx|d|4|FF00FFC4
83.123700|657|Rx|d|2|C0CC
83.129417|211|Rx|d|8|8200FFFFA90000D1
83.129417|214|Rx|d|2|0
83.143410|4ac|Rx|d|5|83752A0080
83.143410|45c|Rx|d|6|00000000FFE0
83.145792|1b0|Rx|d|4|FF00FFC4
83.145792|211|Rx|d|8|8200FFFFA90000D1
83.145792|214|Rx|d|2|0
83.145792|218|Rx|d|1|98
83.145792|4fa|Rx|d|2|800
83.145792|671|Rx|d|2|200
83.165780|1b0|Rx|d|4|FF00FFC4
83.165780|211|Rx|d|8|8200FFFFA90000D1
83.165780|214|Rx|d|2|0
83.179770|4f8|Rx|d|8|94C0000000000000
83.185768|350|Rx|d|8|C02F3AFB1870A489
83.185768|1b0|Rx|d|4|FF00FFC4
83.185768|4de|Rx|d|3|C00000
83.185768|55d|Rx|d|8|00FD50C091800000
83.187767|211|Rx|d|8|8200FFFFA90000D1
83.187767|214|Rx|d|2|0
83.199759|3b7|Rx|d|6|37007FC000C0
83.205754|1b0|Rx|d|4|FF00FFC4
83.205754|5de|Rx|d|8|2
83.207754|211|Rx|d|8|8200FFFFA90000D1
83.207754|214|Rx|d|2|0
83.215750|5df|Rx|d|3|9500
83.225742|1b0|Rx|d|4|FF00FFC4
83.225742|657|Rx|d|2|C0CC
83.227742|211|Rx|d|8|8200FFFFA90000D1
83.227742|214|Rx|d|2|0
83.235736|4ac|Rx|d|5|83752A0080
83.235736|45c|Rx|d|6|00000000FFE0
83.245730|1b0|Rx|d|4|FF00FFC4
83.245730|211|Rx|d|8|8200FFFFA90000D1
83.245730|214|Rx|d|2|0
83.245730|218|Rx|d|1|98
83.245730|4fa|Rx|d|2|800
83.245730|671|Rx|d|2|200
83.273561|1b0|Rx|d|4|FF00FFC4
83.273561|211|Rx|d|8|8200FFFFA90000D1
83.273561|214|Rx|d|2|0
83.293806|4f8|Rx|d|8|94C0000000000000
83.293806|350|Rx|d|8|C02F3AFB1870A489
83.293806|1b0|Rx|d|4|FF00FFC4
83.293806|4de|Rx|d|3|C00000
83.293806|55d|Rx|d|8|00FD50C091800000
83.293806|211|Rx|d|8|8200FFFFA90000D1
83.293806|214|Rx|d|2|0
83.313621|3b7|Rx|d|6|37007FC000C0
83.313621|1b0|Rx|d|4|FF00FFC4
83.313621|5de|Rx|d|8|2
83.313621|211|Rx|d|8|8200FFFFA90000D1
83.313621|214|Rx|d|2|0
83.313621|5df|Rx|d|3|9500
83.343581|1b0|Rx|d|4|FF00FFC4
83.343581|657|Rx|d|2|C0CC
83.343581|211|Rx|d|8|8200FFFFA90000D1
83.343581|214|Rx|d|2|0
83.343581|4ac|Rx|d|5|83752A0080
83.343581|45c|Rx|d|6|00000000FFE0
83.343581|1b0|Rx|d|4|FF00FFC4
83.373470|211|Rx|d|8|8200FFFFA90000D1
83.373470|214|Rx|d|2|0
83.373470|218|Rx|d|1|98
83.373470|4fa|Rx|d|2|800
83.373470|671|Rx|d|2|200
83.373470|1b0|Rx|d|4|FF00FFC4
83.373470|211|Rx|d|8|8200FFFFA90000D1
83.373470|214|Rx|d|2|0
83.383253|4f8|Rx|d|8|94C0000000000000
83.401050|350|Rx|d|8|C02F3AFB1870A489
83.401050|1b0|Rx|d|4|FF00FFC4
83.401050|4de|Rx|d|3|C00000
83.403575|55d|Rx|d|8|00FD50C091800000
83.403575|211|Rx|d|8|8200FFFFA90000D1
83.403575|214|Rx|d|2|0
83.403575|3b7|Rx|d|6|37007FC000C0
83.403575|1b0|Rx|d|4|FF00FFC4
83.403575|5de|Rx|d|8|2
83.423571|211|Rx|d|8|8200FFFFA90000D1
83.423571|214|Rx|d|2|0
83.423571|5df|Rx|d|3|9500
83.423571|1b0|Rx|d|4|FF00FFC4
83.423571|657|Rx|d|2|C0CC
83.438612|211|Rx|d|8|8200FFFFA90000D1
83.438612|214|Rx|d|2|0
83.438612|4ac|Rx|d|5|83752A0080
83.438612|45c|Rx|d|6|00000000FFE0
83.448260|1b0|Rx|d|4|FF00FFC4
83.453366|211|Rx|d|8|8200FFFFA90000D1
83.453366|214|Rx|d|2|0
83.453366|218|Rx|d|1|98
83.453366|4fa|Rx|d|2|800
83.453366|671|Rx|d|2|200
83.473303|1b0|Rx|d|4|FF00FFC4
83.483774|211|Rx|d|8|8200FFFFA90000D1
83.483774|214|Rx|d|2|0
83.483774|4f8|Rx|d|8|94C0000000000000
83.483774|350|Rx|d|8|C02F3AFB1870A489
83.483774|1b0|Rx|d|4|FF00FFC4
83.483774|4de|Rx|d|3|C00000
83.494986|55d|Rx|d|8|00FD50C091800000
83.494986|211|Rx|d|8|8200FFFFA90000D1
83.494986|214|Rx|d|2|0
83.513668|3b7|Rx|d|6|37007FC000C0
83.513872|1b0|Rx|d|4|FF00FFC4
83.513872|5de|Rx|d|8|2
83.513872|211|Rx|d|8|8200FFFFA90000D1
83.513872|214|Rx|d|2|0
83.513872|5df|Rx|d|3|9500
83.534125|1b0|Rx|d|4|FF00FFC4
83.534125|657|Rx|d|2|C0CC
83.534125|211|Rx|d|8|8200FFFFA90000D1
83.534125|214|Rx|d|2|0
83.534125|4ac|Rx|d|5|83752A0080
83.534125|45c|Rx|d|6|00000000FFE0
83.563737|1b0|Rx|d|4|FF00FFC4
83.563737|211|Rx|d|8|8200FFFFA90000D1
83.563737|214|Rx|d|2|0
83.563737|218|Rx|d|1|98
83.563737|4fa|Rx|d|2|800
83.563737|671|Rx|d|2|200
83.563737|1b0|Rx|d|4|FF00FFC4
83.588440|211|Rx|d|8|8200FFFFA90000D1
83.588440|214|Rx|d|2|0
83.588440|4f8|Rx|d|8|94C0000000000000
83.588440|350|Rx|d|8|C02F3AFB1870A489
83.588440|1b0|Rx|d|4|FF00FFC4
83.588440|4de|Rx|d|3|C00000
83.588440|55d|Rx|d|8|00FD50C091800000
83.588440|211|Rx|d|8|8200FFFFA90000D1
83.588440|214|Rx|d|2|0
83.603566|3b7|Rx|d|6|37007FC000C0
83.612491|1b0|Rx|d|4|FF00FFC4
83.612491|5de|Rx|d|8|2
83.612491|211|Rx|d|8|8200FFFFA90000D1
83.612491|214|Rx|d|2|0
83.612491|646|Rx|d|8|000000020000000C
83.643478|5df|Rx|d|3|9500
83.643865|1b0|Rx|d|4|FF00FFC4
83.643865|657|Rx|d|2|C0CC
83.643865|211|Rx|d|8|8200FFFFA90000D1
83.643865|214|Rx|d|2|0
83.652886|4ac|Rx|d|5|83752A0080
83.652886|45c|Rx|d|6|00000000FFE0
83.652886|1b0|Rx|d|4|FF00FFC4
83.652886|211|Rx|d|8|8200FFFFA90000D1
83.652886|214|Rx|d|2|0
83.652886|218|Rx|d|1|98
83.652886|4fa|Rx|d|2|800
83.652886|671|Rx|d|2|200
83.673572|1b0|Rx|d|4|FF00FFC4
83.673572|211|Rx|d|8|8200FFFFA90000D1
83.673572|214|Rx|d|2|0
83.688514|4f8|Rx|d|8|94C0000000000000
83.688514|350|Rx|d|8|C02F3AFB1870A489
83.688514|1b0|Rx|d|4|FF00FFC4
83.688514|4de|Rx|d|3|C00000
83.688514|55d|Rx|d|8|00FD50C091800000
83.688514|211|Rx|d|8|8200FFFFA90000D1
83.688514|214|Rx|d|2|0
83.703422|3b7|Rx|d|6|37007FC000C0
83.703422|1b0|Rx|d|4|FF00FFC4
83.703422|5de|Rx|d|8|2
83.726831|211|Rx|d|8|8200FFFFA90000D1
83.726831|214|Rx|d|2|0
83.726831|5df|Rx|d|3|9500
83.733410|1b0|Rx|d|4|FF00FFC4
83.733410|657|Rx|d|2|C0CC
83.733410|69f|Rx|d|4|0650859F
83.733410|211|Rx|d|8|8200FFFFA90000D1
83.733410|214|Rx|d|2|0
83.733410|4ac|Rx|d|5|83752A0080
83.733410|45c|Rx|d|6|00000000FFE0
83.753447|1b0|Rx|d|4|FF00FFC4
83.753447|211|Rx|d|8|8200FFFFA90000D1
83.753447|214|Rx|d|2|0
83.753447|218|Rx|d|1|98
83.753447|4fa|Rx|d|2|800
83.753447|671|Rx|d|2|200
83.773716|1b0|Rx|d|4|FF00FFC4
83.783182|211|Rx|d|8|8200FFFFA90000D1
83.783182|214|Rx|d|2|0
83.783182|4f8|Rx|d|8|94C0000000000000
83.803321|350|Rx|d|8|C02F3AFB1870A489
83.803321|1b0|Rx|d|4|FF00FFC4
83.803321|4de|Rx|d|3|C00000
83.803321|55d|Rx|d|8|00FD50C091800000
83.803321|211|Rx|d|8|8200FFFFA90000D1
83.803321|214|Rx|d|2|0
83.803321|3b7|Rx|d|6|37007FC000C0
83.803321|1b0|Rx|d|4|FF00FFC4
83.803321|5de|Rx|d|8|2
83.822752|211|Rx|d|8|8200FFFFA90000D1
83.822918|214|Rx|d|2|0
83.822918|5df|Rx|d|3|9500
83.843122|1b0|Rx|d|4|FF00FFC4
83.843122|657|Rx|d|2|C0CC
83.843122|211|Rx|d|8|8200FFFFA90000D1
83.843122|214|Rx|d|2|0
83.847188|4ac|Rx|d|5|83752A0080
83.847188|45c|Rx|d|6|00000000FFE0
83.847188|1b0|Rx|d|4|FF00FFC4
83.847188|211|Rx|d|8|8200FFFFA90000D1
83.847188|214|Rx|d|2|0
83.847188|218|Rx|d|1|98
83.847188|4fa|Rx|d|2|800
83.847188|671|Rx|d|2|200
83.873811|1b0|Rx|d|4|FF00FFC4
83.873811|211|Rx|d|8|8200FFFFA90000D1
83.873811|214|Rx|d|2|0
83.893482|4f8|Rx|d|8|94C0000000000000
83.893482|350|Rx|d|8|C02F3AFB1870A489
83.893482|1b0|Rx|d|4|FF00FFC4
83.893482|4de|Rx|d|3|C00000
83.893482|55d|Rx|d|8|00FD50C091800000
83.893482|211|Rx|d|8|8200FFFFA90000D1
83.893482|214|Rx|d|2|0
83.908113|3b7|Rx|d|6|37007FC000C0
83.913192|1b0|Rx|d|4|FF00FFC4
83.913192|5de|Rx|d|8|2
83.913192|211|Rx|d|8|8200FFFFA90000D1
83.913192|214|Rx|d|2|0
83.913192|5df|Rx|d|3|9500
83.938200|1b0|Rx|d|4|FF00FFC4
83.938200|657|Rx|d|2|C0CC
83.938200|211|Rx|d|8|8200FFFFA90000D1
83.938200|214|Rx|d|2|0
83.938200|4ac|Rx|d|5|83762A0080
83.938200|45c|Rx|d|6|00000000FFE0
83.953572|1b0|Rx|d|4|FF00FFC4
83.953572|211|Rx|d|8|8200FFFFA90000D1
83.953572|214|Rx|d|2|0
83.953572|218|Rx|d|1|98
83.953572|4fa|Rx|d|2|800
83.953572|671|Rx|d|2|200
83.967798|1b0|Rx|d|4|FF00FFC4
83.973497|211|Rx|d|8|8200FFFFA90000D1
83.973497|214|Rx|d|2|0
83.983352|4f8|Rx|d|8|94C0000000000000
83.988577|350|Rx|d|8|C02F3AFB1870A489
83.988577|1b0|Rx|d|4|FF00FFC4
83.988577|4de|Rx|d|3|C00000
83.988577|55d|Rx|d|8|00FD50C091800000
83.988577|211|Rx|d|8|8200FFFFA90000D1
83.988577|214|Rx|d|2|0
84.001443|3b7|Rx|d|6|37007FC000C0
84.013469|1b0|Rx|d|4|FF00FFC4
84.013469|5de|Rx|d|8|2
84.013469|211|Rx|d|8|8200FFFFA90000D1
84.013469|214|Rx|d|2|0
84.013469|5df|Rx|d|3|9500
84.028494|1b0|Rx|d|4|FF00FFC4
84.028494|657|Rx|d|2|C0CC
84.028494|211|Rx|d|8|8200FFFFA90000D1
84.028494|214|Rx|d|2|0
84.053455|4ac|Rx|d|5|83752A0080
84.053474|45c|Rx|d|6|00000000FFE0
84.053474|1b0|Rx|d|4|FF00FFC4
84.053474|211|Rx|d|8|8200FFFFA90000D1
84.053474|214|Rx|d|2|0
84.053474|218|Rx|d|1|98
84.053474|4fa|Rx|d|2|800
84.053474|671|Rx|d|2|200
84.084029|1b0|Rx|d|4|FF00FFC4
84.084029|211|Rx|d|8|8200FFFFA90000D1
84.084029|214|Rx|d|2|0
84.084029|4f8|Rx|d|8|94C0000000000000
84.084029|350|Rx|d|8|C02F3AFB1870A489
84.084029|1b0|Rx|d|4|FF00FFC4
84.084029|4de|Rx|d|3|C00000
84.084029|55d|Rx|d|8|00FD50C091800000
84.101929|211|Rx|d|8|8200FFFFA90000D1
84.101929|214|Rx|d|2|0
84.101929|6fb|Rx|d|8|0F01A454FF0000FF
84.101929|3b7|Rx|d|6|37007FC000C0
84.113816|1b0|Rx|d|4|FF00FFC4
84.113816|5de|Rx|d|8|2
84.113816|211|Rx|d|8|8200FFFFA90000D1
84.113816|214|Rx|d|2|0
84.113816|646|Rx|d|8|000000020000000C
84.113816|5df|Rx|d|3|9500
84.143782|5ce|Rx|d|3|FEFF00
84.143782|1b0|Rx|d|4|FF00FFC4
84.143782|657|Rx|d|2|C0CC
84.143782|211|Rx|d|8|8200FFFFA90000D1
84.143782|214|Rx|d|2|0
84.143782|4ac|Rx|d|5|83752A0080
84.143782|45c|Rx|d|6|00000000FFE0
84.143782|1b0|Rx|d|4|FF00FFC4
84.173860|211|Rx|d|8|8200FFFFA90000D1
84.173860|214|Rx|d|2|0
84.173860|218|Rx|d|1|98
84.173860|4fa|Rx|d|2|800
84.173860|671|Rx|d|2|200
84.173860|1b0|Rx|d|4|FF00FFC4
84.173860|211|Rx|d|8|8200FFFFA90000D1
84.173860|214|Rx|d|2|0
84.193455|4f8|Rx|d|8|94C0000000000000
84.193455|350|Rx|d|8|C02F3AFB1870A489
84.193455|1b0|Rx|d|4|FF00FFC4
84.193455|4de|Rx|d|3|C00000
84.193455|55d|Rx|d|8|00FD50C091800000
84.193455|211|Rx|d|8|8200FFFFA90000D1
84.193455|214|Rx|d|2|0
84.206472|3b7|Rx|d|6|37007FC000C0
84.206472|1b0|Rx|d|4|FF00FFC4
84.206472|5de|Rx|d|8|2
84.206472|211|Rx|d|8|8200FFFFA90000D1
84.206472|214|Rx|d|2|0
84.217697|5df|Rx|d|3|9500
84.225693|1b0|Rx|d|4|FF00FFC4
84.225693|657|Rx|d|2|C0CC
84.225693|211|Rx|d|8|8200FFFFA90000D1
84.225693|214|Rx|d|2|0
84.235686|4ac|Rx|d|5|83752A0080
84.235686|45c|Rx|d|6|00000000FFE0
84.245680|1b0|Rx|d|4|FF00FFC4
84.247679|211|Rx|d|8|8200FFFFA90000D1
84.247679|214|Rx|d|2|0
84.247679|218|Rx|d|1|98
84.247679|4fa|Rx|d|2|800
84.247679|671|Rx|d|2|200
84.265667|1b0|Rx|d|4|FF00FFC4
84.267667|211|Rx|d|8|8200FFFFA90000D1
84.267667|214|Rx|d|2|0
84.279659|4f8|Rx|d|8|94C0000000000000
84.285655|350|Rx|d|8|C02F3AFB1870A489
84.285655|1b0|Rx|d|4|FF00FFC4
84.285655|4de|Rx|d|3|C00000
84.285655|55d|Rx|d|8|00FD50C091800000
84.285655|211|Rx|d|8|8200FFFFA90000D1
84.285655|214|Rx|d|2|0
84.299649|3b7|Rx|d|6|37007FC000C0
84.305643|1b0|Rx|d|4|FF00FFC4
84.305643|5de|Rx|d|8|2
84.305643|211|Rx|d|8|8200FFFFA90000D1
84.305643|214|Rx|d|2|0
84.315637|5df|Rx|d|3|9500
84.325631|1b0|Rx|d|4|FF00FFC4
84.325631|657|Rx|d|2|C0CC
84.327629|211|Rx|d|8|8200FFFFA90000D1
84.327629|214|Rx|d|2|0
84.343277|4ac|Rx|d|5|83752A0080
84.343277|45c|Rx|d|6|00000000FFE0
84.348449|1b0|Rx|d|4|FF00FFC4
84.348449|211|Rx|d|8|8200FFFFA90000D1
84.348449|214|Rx|d|2|0
84.348449|218|Rx|d|1|98
84.348449|4fa|Rx|d|2|800
84.348449|671|Rx|d|2|200
84.383331|1b0|Rx|d|4|FF00FFC4
84.383331|211|Rx|d|8|8200FFFFA90000D1
84.383331|214|Rx|d|2|0
84.392836|4f8|Rx|d|8|94C0000000000000
84.392836|350|Rx|d|8|C02F3AFB1870A489
84.392836|1b0|Rx|d|4|FF00FFC4
84.402318|4de|Rx|d|3|C00000
84.402318|55d|Rx|d|8|00FD50C091800000
84.402318|211|Rx|d|8|8200FFFFA90000D1
84.402318|214|Rx|d|2|0
84.402318|3b7|Rx|d|6|37007FC000C0
84.423445|1b0|Rx|d|4|FF00FFC4
84.423445|5de|Rx|d|8|2
84.423445|211|Rx|d|8|8200FFFFA90000D1
84.423445|214|Rx|d|2|0
84.423445|5df|Rx|d|3|9500
84.423445|1b0|Rx|d|4|FF00FFC4
84.423445|657|Rx|d|2|C0CC
84.448653|211|Rx|d|8|8200FFFFA90000D1
84.448653|214|Rx|d|2|0
84.448653|4ac|Rx|d|5|83752A0080
84.448653|45c|Rx|d|6|00000000FFE0
84.450650|1b0|Rx|d|4|FF00FFC4
84.450650|211|Rx|d|8|8200FFFFA90000D1
84.450650|214|Rx|d|2|0
84.450650|218|Rx|d|1|98
84.450650|4fa|Rx|d|2|800
84.450650|671|Rx|d|2|200
84.468333|1b0|Rx|d|4|FF00FFC4
84.473587|211|Rx|d|8|8200FFFFA90000D1
84.473587|214|Rx|d|2|0
84.483708|4f8|Rx|d|8|94C0000000000000
84.483708|350|Rx|d|8|C02F3AFB1870A489
84.483708|1b0|Rx|d|4|FF00FFC4
84.483708|4de|Rx|d|3|C00000
84.483708|55d|Rx|d|8|00FD50C091800000
84.502105|211|Rx|d|8|8200FFFFA90000D1
84.502105|214|Rx|d|2|0
84.502105|3b7|Rx|d|6|37007FC000C0
84.508459|1b0|Rx|d|4|FF00FFC4
84.508459|5de|Rx|d|8|2
84.513982|211|Rx|d|8|8200FFFFA90000D1
84.513982|214|Rx|d|2|0
84.513982|5df|Rx|d|3|9500
84.543552|1b0|Rx|d|4|FF00FFC4
84.543552|657|Rx|d|2|C0CC
84.543552|211|Rx|d|8|8200FFFFA90000D1
84.543552|214|Rx|d|2|0
84.543552|4ac|Rx|d|5|83752A0080
84.543552|45c|Rx|d|6|00000000FFE0
84.543552|1b0|Rx|d|4|FF00FFC4
84.563752|211|Rx|d|8|8200FFFFA90000D1
84.563752|214|Rx|d|2|0
84.563752|218|Rx|d|1|98
84.563752|4fa|Rx|d|2|800
84.563752|671|Rx|d|2|200
84.563752|1b0|Rx|d|4|FF00FFC4
84.582764|211|Rx|d|8|8200FFFFA90000D1
84.582764|214|Rx|d|2|0
84.593616|4f8|Rx|d|8|94C0000000000000
84.601919|350|Rx|d|8|C02F3AFB1870A489
84.601919|1b0|Rx|d|4|FF00FFC4
84.601919|4de|Rx|d|3|C00000
84.601919|55d|Rx|d|8|00FD50C091800000
84.601919|211|Rx|d|8|8200FFFFA90000D1
84.601919|214|Rx|d|2|0
84.601919|3b7|Rx|d|6|37007FC000C0
84.623632|1b0|Rx|d|4|FF00FFC4
84.623632|5de|Rx|d|8|2
84.623632|211|Rx|d|8|8200FFFFA90000D1
84.623632|214|Rx|d|2|0
84.623632|646|Rx|d|8|000000020000000C
84.623632|5df|Rx|d|3|9500
84.623632|1b0|Rx|d|4|FF00FFC4
84.623632|657|Rx|d|2|C0CC
84.653155|211|Rx|d|8|8200FFFFA90000D1
84.653155|214|Rx|d|2|0
84.653155|4ac|Rx|d|5|83752A0080
84.653155|45c|Rx|d|6|00000000FFE0
84.653155|1b0|Rx|d|4|FF00FFC4
84.653155|211|Rx|d|8|8200FFFFA90000D1
84.653155|214|Rx|d|2|0
84.653155|218|Rx|d|1|98
84.653155|4fa|Rx|d|2|800
84.653155|671|Rx|d|2|200
84.681754|1b0|Rx|d|4|FF00FFC4
84.681754|211|Rx|d|8|8200FFFFA90000D1
84.681754|214|Rx|d|2|0
84.683491|4f8|Rx|d|8|94C0000000000000
84.683491|350|Rx|d|8|C02F3AFB1870A489
84.683491|1b0|Rx|d|4|FF00FFC4
84.683491|4de|Rx|d|3|C00000
84.683491|55d|Rx|d|8|00FD50C091800000
84.690114|211|Rx|d|8|8200FFFFA90000D1
84.690114|214|Rx|d|2|0
84.700108|3b7|Rx|d|6|37007FC000C0
84.706103|1b0|Rx|d|4|FF00FFC4
84.706103|5de|Rx|d|8|2
84.706103|211|Rx|d|8|8200FFFFA90000D1
84.706103|214|Rx|d|2|0
84.716098|5df|Rx|d|3|9500
84.726091|1b0|Rx|d|4|FF00FFC4
84.726091|657|Rx|d|2|C0CC
84.726091|69f|Rx|d|4|0650859F
84.726091|211|Rx|d|8|8200FFFFA90000D1
84.728091|214|Rx|d|2|0
84.736085|4ac|Rx|d|5|83752A0080
84.736085|45c|Rx|d|6|00000000FFE0
84.746079|1b0|Rx|d|4|FF00FFC4
84.746079|211|Rx|d|8|8200FFFFA90000D1
84.746079|214|Rx|d|2|0
84.746079|218|Rx|d|1|98
84.746079|4fa|Rx|d|2|800
84.746079|671|Rx|d|2|200
84.766068|1b0|Rx|d|4|FF00FFC4
84.766068|211|Rx|d|8|8200FFFFA90000D1
84.766068|214|Rx|d|2|0
84.780058|4f8|Rx|d|8|94C0000000000000
84.786059|350|Rx|d|8|C02F3AFB1870A489
84.786059|1b0|Rx|d|4|FF00FFC4
84.786059|4de|Rx|d|3|C00000
84.786059|55d|Rx|d|8|00FD50C091800000
84.786059|211|Rx|d|8|8200FFFFA90000D1
84.786059|214|Rx|d|2|0
84.802096|3b7|Rx|d|6|37007FC000C0
84.833024|1b0|Rx|d|4|FF00FFC4
84.833024|5de|Rx|d|8|2
84.833024|211|Rx|d|8|8200FFFFA90000D1
84.833024|214|Rx|d|2|0
84.838482|5df|Rx|d|3|9500
84.838482|1b0|Rx|d|4|FF00FFC4
84.838482|657|Rx|d|2|C0CC
84.838482|211|Rx|d|8|8200FFFFA90000D1
84.838482|214|Rx|d|2|0
84.838482|4ac|Rx|d|5|83752A0080
84.838482|45c|Rx|d|6|00000000FFE0
84.853780|1b0|Rx|d|4|FF00FFC4
84.853780|211|Rx|d|8|8200FFFFA90000D1
84.853780|214|Rx|d|2|0
84.853780|218|Rx|d|1|98
84.853780|4fa|Rx|d|2|800
84.853780|671|Rx|d|2|200
84.873265|1b0|Rx|d|4|FF00FFC4
84.883140|211|Rx|d|8|8200FFFFA90000D1
84.883140|214|Rx|d|2|0
84.883140|4f8|Rx|d|8|94C0000000000000
84.903459|350|Rx|d|8|C02F3AFB1870A489
84.903459|1b0|Rx|d|4|FF00FFC4
84.903459|4de|Rx|d|3|C00000
84.903459|55d|Rx|d|8|00FD50C091800000
84.903459|211|Rx|d|8|8200FFFFA90000D1
84.903459|214|Rx|d|2|0
84.903459|3b7|Rx|d|6|37007FC000C0
84.903459|1b0|Rx|d|4|FF00FFC4
84.903459|5de|Rx|d|8|2
84.915867|211|Rx|d|8|8200FFFFA90000D1
84.915867|214|Rx|d|2|0
84.915867|5df|Rx|d|3|9500
84.928388|1b0|Rx|d|4|FF00FFC4
84.928388|657|Rx|d|2|C0CC
84.933416|211|Rx|d|8|8200FFFFA90000D1
84.933416|214|Rx|d|2|0
84.933416|4ac|Rx|d|5|83752A0080
84.933416|45c|Rx|d|6|00000000FFE0
84.944655|1b0|Rx|d|4|FF00FFC4
84.958147|211|Rx|d|8|8200FFFFA90000D1
84.958147|214|Rx|d|2|0
84.958147|218|Rx|d|1|98
84.958147|4fa|Rx|d|2|800
84.958147|671|Rx|d|2|200
84.968146|1b0|Rx|d|4|FF00FFC4
84.968146|211|Rx|d|8|8200FFFFA90000D1
84.968146|214|Rx|d|2|0
84.983553|4f8|Rx|d|8|94C0000000000000
84.993198|350|Rx|d|8|C02F3AFB1870A489
84.993198|1b0|Rx|d|4|FF00FFC4
84.993198|4de|Rx|d|3|C00000
84.993198|55d|Rx|d|8|00FD50C091800000
85.001943|211|Rx|d|8|8200FFFFA90000D1
85.001943|214|Rx|d|2|0
85.001943|3b7|Rx|d|6|37007FC000C0
85.013456|1b0|Rx|d|4|FF00FFC4
85.013456|5de|Rx|d|8|2
85.013456|211|Rx|d|8|8200FFFFA90000D1
85.013456|214|Rx|d|2|0
85.013456|5df|Rx|d|3|9500
85.028015|1b0|Rx|d|4|FF00FFC4
85.028015|657|Rx|d|2|C0CC
85.028015|211|Rx|d|8|8200FFFFA90000D1
85.028015|214|Rx|d|2|0
